Date,Player,Player_Page,Matchup,Team,Position,Line,Open_Over,Best Odds_Over,Consensus_Over,bet365_Over,DraftKings_Over,BetMGM_Over,FanDuel_Over,theScore Bet_Over,BetRivers_Over,SugarHouse_Over,PartyCasino_Over,Fliff_Over,Caesars_Over,PointsBet_Over,Hard Rock Bet_Over,ESPNBet_Over,Fanatics_Over,Open_Under,Best Odds_Under,Consensus_Under,bet365_Under,DraftKings_Under,BetMGM_Under,FanDuel_Under,theScore Bet_Under,BetRivers_Under,SugarHouse_Under,PartyCasino_Under,Fliff_Under,Caesars_Under,PointsBet_Under,Hard Rock Bet_Under,ESPNBet_Under,Fanatics_Under
2024-04-01,Marcell Ozuna,/mlb/props/marcell-ozuna/,ATL at CWS,PIT,DH,0.5,+330,+360,+340,+350,+340,,,+320,+360,+360,,,+323,,,,,-525,-500,-550,-500,-550,,,-600,-625,-625,,,-529,,,,
2024-04-01,Luis Robert Jr.,/mlb/props/luis-robert/,ATL at CWS,NYM,CF,0.5,+400,+425,+400,+400,+425,,,+350,+420,+420,,,+376,,,,,-700,-600,-700,-600,-700,,,-700,-835,-835,,,-654,,,,
2024-04-01,Matt Olson,/mlb/props/matt-olson/,ATL at CWS,ATL,1B,0.5,+425,+425,+386,+425,+425,,,+360,+350,+350,,,+386,,,,,-700,-625,-679,-650,-750,,,-750,-625,-625,,,-679,,,,
2024-04-01,Andrew Vaughn,/mlb/props/andrew-vaughn-1b/,ATL at CWS,MIL,1B,0.5,+390,+450,+400,+400,+400,,,+350,+450,+450,,,+366,,,,,-650,-600,-700,-600,-700,,,-700,-910,-910,,,-629,,,,
2024-04-01,Andrew Benintendi,/mlb/props/andrew-benintendi/,ATL at CWS,CWS,"LF,DH",0.5,+425,+500,+425,+425,+425,,,+360,+500,+500,,,+376,,,,,-750,-650,-750,-650,-700,,,-750,-1115,-1115,,,-654,,,,
2024-04-01,Ronald Acuna Jr.,/mlb/props/ronald-acuna/,ATL at CWS,ATL,RF,0.5,+235,+260,+250,+250,+250,,,+225,+260,+260,,,+219,,,,,-340,-324,-360,-340,-360,,,-375,-400,-400,,,-324,,,,
2024-04-01,Dominic Fletcher,/mlb/props/dominic-fletcher/,ATL at CWS,PIT,"CF,RF",0.5,+475,+495,+495,+550,+550,,,+450,,,,,+495,,,,,-900,-900,-1004,-900,-1100,,,-1100,,,,,-1004,,,,
2024-04-01,Michael Harris II,/mlb/props/michael-harris/,ATL at CWS,ATL,CF,0.5,+340,+390,+350,+350,+350,,,+320,+390,+390,,,+300,,,,,-525,-479,-550,-500,-550,,,-600,-715,-715,,,-479,,,,
2024-04-01,Paul DeJong,/mlb/props/paul-dejong/,ATL at CWS,FA,"2B,3B,SS",0.5,+550,+464,+550,+550,+550,,,+450,+575,+575,,,+464,,,,,-1100,-900,-1000,-900,-1100,,,-1000,-1430,-1430,,,-904,,,,
2024-04-01,Braden Shewmake,/mlb/props/braden-shewmake/,ATL at CWS,HOU,"2B,3B,SS",0.5,+650,+500,+522,+600,+600,,,+500,,,,,+522,,,,,-1400,-1000,-1104,-1000,-1200,,,-1200,,,,,-1104,,,,
2024-04-01,Yoan Moncada,/mlb/props/yoan-moncada/,ATL at CWS,LAA,3B,0.5,+550,+500,+500,+500,+500,,,+400,+600,+600,,,+431,,,,,-1100,-800,-900,-800,-900,,,-900,-1667,-1667,,,-804,,,,
2024-04-01,Jarred Kelenic,/mlb/props/jarred-kelenic/,ATL at CWS,TEX,"LF,CF,RF",0.5,+500,+500,+448,+500,+500,,,+400,,,,,+448,,,,,-1000,-800,-854,-800,-900,,,-900,,,,,-854,,,,
2024-04-01,Orlando Arcia,/mlb/props/orlando-arcia/,ATL at CWS,MIN,"1B,2B,3B,SS",0.5,+380,+440,+375,+375,+380,,,+320,+440,+440,,,+345,,,,,-600,-550,-650,-550,-600,,,-650,-835,-835,,,-579,,,,
2024-04-01,Gavin Sheets,/mlb/props/gavin-sheets/,ATL at CWS,SD,"1B,LF,RF,DH",0.5,+600,+500,+450,+500,+500,,,+450,,,,,+448,,,,,-1200,-800,-900,-800,-900,,,-1000,,,,,-854,,,,
2024-04-01,Nicky Lopez,/mlb/props/nicky-lopez/,ATL at CWS,TEX,"2B,3B,SS",0.5,+650,+500,+522,+600,+600,,,+500,,,,,+522,,,,,-1600,-1000,-1104,-1000,-1200,,,-1200,,,,,-1104,,,,
2024-04-01,Travis d'Arnaud,/mlb/props/travis-darnaud/,ATL at CWS,LAA,C,0.5,+330,+440,+370,+375,+370,,,+320,+440,+440,,,+334,,,,,-525,-550,-600,-550,-600,,,-650,-835,-835,,,-554,,,,
2024-04-01,Ozzie Albies,/mlb/props/ozhaino-albies/,ATL at CWS,ATL,2B,0.5,+340,+350,+340,+350,+350,,,+320,+340,+340,,,+300,,,,,-550,-479,-550,-500,-550,,,-600,-590,-590,,,-479,,,,
2024-04-01,Martin Maldonado,/mlb/props/martin-maldonado/,ATL at CWS,FA,C,0.5,+800,+550,+700,+750,+700,,,+550,,,,,+594,,,,,-2000,-1400,-1404,-1400,-1600,,,-1600,,,,,-1404,,,,
2024-04-01,Austin Riley,/mlb/props/austin-riley/,ATL at CWS,ATL,3B,0.5,+285,+310,+290,+310,+290,,,+270,,,,,+275,,,,,-425,-425,-429,-425,-425,,,-500,,,,,-429,,,,
2024-04-01,Ian Happ,/mlb/props/ian-happ/,COL at CHC,CHC,LF,0.5,+425,+390,+375,+375,+380,,,+320,+390,+390,,,+345,,,,,-750,-550,-600,-550,-600,,,-650,-715,-715,,,-579,,,,
2024-04-01,Mike Tauchman,/mlb/props/mike-tauchman/,COL at CHC,NYM,"LF,CF,RF",0.5,+550,+464,+464,+550,+550,,,+450,,,,,+464,,,,,-1200,-900,-1000,-900,-1000,,,-1100,,,,,-904,,,,
2024-04-01,Nico Hoerner,/mlb/props/nico-hoerner/,COL at CHC,CHC,"2B,SS",0.5,+400,+450,+414,+450,+450,,,+380,,,,,+414,,,,,-650,-700,-754,-700,-800,,,-800,,,,,-754,,,,
2024-04-01,Charlie Blackmon,/mlb/props/charlie-blackmon/,COL at CHC,FA,"RF,DH",0.5,+475,+475,+431,+475,+475,,,+400,+475,+475,,,+431,,,,,-800,-750,-900,-750,-900,,,-900,-1000,-1000,,,-804,,,,
2024-04-01,Yan Gomes,/mlb/props/yan-gomes/,COL at CHC,FA,C,0.5,+425,+500,+448,+500,+475,,,+400,,,,,+448,,,,,-750,-800,-854,-800,-900,,,-900,,,,,-854,,,,
2024-04-01,Christopher Morel,/mlb/props/christopher-morel/,COL at CHC,MIA,"1B,LF,DH",0.5,+400,+410,+375,+375,+380,,,+320,+410,+410,,,+355,,,,,-700,-550,-650,-550,-600,,,-650,-770,-770,,,-604,,,,
2024-04-01,Nolan Jones,/mlb/props/nolan-jones-3b/,COL at CHC,CWS,"LF,CF,RF",0.5,+600,+500,+525,+650,+650,,,+500,+525,+525,,,+522,,,,,-1200,-1100,-1250,-1100,-1400,,,-1400,-1250,-1250,,,-1104,,,,
2024-04-01,Dansby Swanson,/mlb/props/dansby-swanson/,COL at CHC,CHC,SS,0.5,+360,+390,+345,+375,+390,,,+320,,,,,+345,,,,,-575,-550,-579,-550,-650,,,-650,,,,,-579,,,,
2024-04-01,Ezequiel Tovar,/mlb/props/ezequiel-tovar/,COL at CHC,COL,SS,0.5,+425,+500,+431,+500,+500,,,+400,,,,,+431,,,,,-750,-800,-804,-800,-900,,,-900,,,,,-804,,,,
2024-04-01,Cody Bellinger,/mlb/props/cody-bellinger/,COL at CHC,NYY,"LF,CF,RF",0.5,+390,+375,+350,+375,+370,,,+320,+350,+350,,,+345,,,,,-650,-550,-600,-550,-600,,,-650,-625,-625,,,-579,,,,
2024-04-01,Ryan McMahon,/mlb/props/ryan-mcmahon/,COL at CHC,NYY,3B,0.5,+650,+500,+600,+650,+650,,,+500,+600,+600,,,+548,,,,,-1400,-1100,-1203,-1100,-1400,,,-1400,-1430,-1430,,,-1204,,,,
2024-04-01,Michael Busch,/mlb/props/michael-busch-2b/,COL at CHC,CHC,1B,0.5,+450,+475,+450,+450,+450,,,+360,+475,+475,,,+386,,,,,-800,-679,-750,-700,-800,,,-750,-1000,-1000,,,-679,,,,
2024-04-01,Brendan Rodgers,/mlb/props/brendan-rodgers/,COL at CHC,BOS,2B,0.5,+400,+420,+400,+400,+400,,,+350,+420,+420,,,+366,,,,,-650,-600,-700,-600,-700,,,-700,-770,-770,,,-629,,,,
2024-04-01,Seiya Suzuki,/mlb/props/seiya-suzuki/,COL at CHC,CHC,"LF,RF,DH",0.5,+340,+400,+375,+375,+380,,,+320,+400,+400,,,+345,,,,,-525,-550,-600,-550,-600,,,-650,-770,-770,,,-579,,,,
2024-04-01,Brenton Doyle,/mlb/props/brenton-doyle/,COL at CHC,COL,CF,0.5,+550,+500,+548,+650,+650,,,+500,,,,,+548,,,,,-1100,-1100,-1203,-1100,-1400,,,-1400,,,,,-1204,,,,
2024-04-01,Elias Diaz,/mlb/props/elias-diaz/,COL at CHC,TEX,C,0.5,+425,+500,+475,+475,+475,,,+380,+500,+500,,,+414,,,,,-750,-750,-800,-750,-800,,,-800,-1115,-1115,,,-754,,,,
2024-04-01,Elehuris Montero,/mlb/props/elehuris-montero-3b/,COL at CHC,FA,"1B,3B",0.5,+475,+500,+500,+525,+500,,,+450,,,,,+464,,,,,-900,-850,-904,-850,-900,,,-1000,,,,,-904,,,,
2024-04-01,Kris Bryant,/mlb/props/kris-bryant/,COL at CHC,COL,DH,0.5,+360,+425,+400,+400,+425,,,+350,,,,,+366,,,,,-575,-600,-629,-600,-700,,,-700,,,,,-629,,,,
2024-04-01,Andrew McCutchen,/mlb/props/andrew-mccutchen/,PIT at WSH,FA,"LF,RF,DH",0.5,+400,+450,+440,+450,+450,,,+380,+440,+440,,,+395,,,,,-700,-700,-800,-700,-800,,,-800,-835,-835,,,-704,,,,
2024-04-01,Michael A. Taylor,/mlb/props/michael-taylor/,PIT at WSH,FA,"LF,CF,RF",0.5,+550,+450,+450,+550,+550,,,+450,,,,,+448,,,,,-1100,-854,-900,-900,-1000,,,-1000,,,,,-854,,,,
2024-04-01,Eddie Rosario,/mlb/props/eddie-rosario/,PIT at WSH,FA,"LF,CF,RF,DH",0.5,+475,+475,+414,+475,+475,,,+400,,,,,+414,,,,,-900,-750,-754,-750,-900,,,-900,,,,,-754,,,,
2024-04-01,Connor Joe,/mlb/props/connor-joe/,PIT at WSH,SEA,"LF,RF",0.5,+360,+380,+375,+375,+380,,,+320,+380,+380,,,+323,,,,,-575,-529,-600,-550,-600,,,-650,-715,-715,,,-529,,,,
2024-04-01,Bryan Reynolds,/mlb/props/bryan-reynolds/,PIT at WSH,PIT,"LF,CF,RF,DH",0.5,+330,+350,+320,+320,+320,,,+280,+350,+350,,,+275,,,,,-525,-429,-500,-450,-500,,,-525,-625,-625,,,-429,,,,
2024-04-01,Riley Adams,/mlb/props/riley-adams/,PIT at WSH,WSH,C,0.5,+330,+380,+345,+375,+380,,,+320,,,,,+345,,,,,-525,-550,-600,-550,-600,,,-650,,,,,-579,,,,
2024-04-01,Ildemaro Vargas,/mlb/props/ildemaro-vargas/,PIT at WSH,ARI,"1B,2B",0.5,+340,+350,+320,+350,+320,,,+300,,,,,+300,,,,,-525,-479,-500,-500,-500,,,-550,,,,,-479,,,,
2024-04-01,Henry Davis,/mlb/props/henry-davis/,PIT at WSH,PIT,C,0.5,+390,+425,+400,+400,+400,,,+350,+425,+425,,,+345,,,,,-650,-579,-650,-600,-650,,,-700,-835,-835,,,-579,,,,
2024-04-01,Ke'Bryan Hayes,/mlb/props/kebryan-hayes/,PIT at WSH,CIN,3B,0.5,+350,+370,+350,+350,+350,,,+320,+370,+370,,,+311,,,,,-550,-500,-550,-500,-550,,,-600,-670,-670,,,-504,,,,
2024-04-01,Edward Olivares,/mlb/props/edward-olivares/,PIT at WSH,FA,"LF,RF",0.5,+400,+425,+400,+425,+400,,,+360,,,,,+366,,,,,-700,-629,-700,-650,-700,,,-750,,,,,-629,,,,
2024-04-01,Joey Meneses,/mlb/props/joey-meneses/,PIT at WSH,ATH,1B,0.5,+295,+330,+285,+300,+285,,,+260,+330,+330,,,+262,,,,,-450,-400,-450,-400,-425,,,-450,-560,-560,,,-404,,,,
2024-04-01,Victor Robles,/mlb/props/victor-robles/,PIT at WSH,SEA,"LF,CF,RF",0.5,+500,+500,+475,+500,+475,,,+400,+525,+525,,,+431,,,,,-900,-800,-900,-800,-900,,,-900,-1115,-1115,,,-804,,,,
2024-04-01,CJ Abrams,/mlb/props/cj-abrams/,PIT at WSH,WSH,SS,0.5,+330,+400,+330,+350,+330,,,+300,+400,+400,,,+300,,,,,-525,-479,-550,-500,-525,,,-550,-770,-770,,,-479,,,,
2024-04-01,Oneil Cruz,/mlb/props/oneil-cruz-3b/,PIT at WSH,PIT,"CF,DH",0.5,+475,+500,+450,+500,+475,,,+400,+450,+450,,,+414,,,,,-800,-754,-900,-800,-900,,,-900,-910,-910,,,-754,,,,
2024-04-01,Jared Triolo,/mlb/props/jared-triolo/,PIT at WSH,PIT,"1B,2B,3B,SS",0.5,+450,+450,+395,+450,+450,,,+380,,,,,+395,,,,,-800,-700,-704,-700,-800,,,-800,,,,,-704,,,,
2024-04-01,Alika Williams,/mlb/props/alika-williams/,PIT at WSH,ATH,"2B,3B,SS",0.5,+550,+495,+550,+600,+550,,,,,,,,+495,,,,,-1100,-1000,-1004,-1000,-1100,,,,,,,,-1004,,,,
2024-04-01,Jesse Winker,/mlb/props/jesse-winker/,PIT at WSH,FA,"LF,RF,DH",0.5,+450,+450,+395,+450,+450,,,+380,,,,,+395,,,,,-750,-700,-750,-700,-750,,,-800,,,,,-704,,,,
2024-04-01,Trey Lipscomb,/mlb/props/trey-lipscomb/,PIT at WSH,WSH,3B,0.5,+450,+400,+366,+400,+390,,,+350,,,,,+366,,,,,-800,-600,-650,-600,-650,,,-700,,,,,-629,,,,
2024-04-01,Lane Thomas,/mlb/props/lane-thomas/,PIT at WSH,KC,"LF,CF,RF",0.5,+300,+320,+295,+310,+295,,,+270,+320,+320,,,+275,,,,,-450,-425,-450,-425,-450,,,-500,-530,-530,,,-429,,,,
2024-04-01,Rowdy Tellez,/mlb/props/rowdy-tellez/,PIT at WSH,ATL,1B,0.5,+550,+480,+480,+550,+550,,,+450,,,,,+480,,,,,-1100,-900,-1000,-900,-1000,,,-1100,,,,,-954,,,,
2024-04-01,Keibert Ruiz,/mlb/props/keibert-ruiz/,PIT at WSH,WSH,C,0.5,+300,+370,+310,+320,+310,,,+280,+370,+370,,,+287,,,,,-450,-450,-525,-450,-475,,,-525,-670,-670,,,-454,,,,
2024-04-01,Anthony Santander,/mlb/props/anthony-santander/,KC at BAL,TOR,"LF,RF,DH",0.5,+370,+375,+345,+375,+370,,,+320,,,,,+345,,,,,-600,-550,-600,-550,-600,,,-650,,,,,-579,,,,
2024-04-01,Cedric Mullins II,/mlb/props/cedric-mullins/,KC at BAL,TB,CF,0.5,+550,+500,+500,+525,+500,,,+450,,,,,+464,,,,,-1000,-850,-904,-850,-1000,,,-1000,,,,,-904,,,,
2024-04-01,Vinnie Pasquantino,/mlb/props/vinnie-pasquantino/,KC at BAL,KC,"1B,DH",0.5,+380,+380,+355,+375,+380,,,+320,,,,,+355,,,,,-600,-550,-600,-550,-600,,,-650,,,,,-604,,,,
2024-04-01,Ryan Mountcastle,/mlb/props/ryan-mountcastle/,KC at BAL,BAL,"1B,DH",0.5,+300,+300,+275,+300,+300,,,+270,,,,,+275,,,,,-450,-400,-450,-400,-450,,,-500,,,,,-429,,,,
2024-04-01,Bobby Witt Jr.,/mlb/props/bobby-witt-jr/,KC at BAL,KC,SS,0.5,+300,+310,+300,+310,+300,,,+270,,,,,+275,,,,,-450,-425,-450,-425,-450,,,-500,,,,,-429,,,,
2024-04-01,Kyle Isbel,/mlb/props/kyle-isbel/,KC at BAL,KC,CF,0.5,+550,+480,+480,+550,+550,,,+450,,,,,+480,,,,,-1000,-900,-954,-900,-1000,,,-1000,,,,,-954,,,,
2024-04-01,Hunter Renfroe,/mlb/props/hunter-renfroe/,KC at BAL,FA,RF,0.5,+425,+450,+386,+450,+425,,,+360,,,,,+386,,,,,-750,-679,-700,-700,-750,,,-750,,,,,-679,,,,
2024-04-01,Salvador Perez,/mlb/props/salvador-perez/,KC at BAL,KC,"C,1B,DH",0.5,+370,+375,+345,+375,+370,,,+320,,,,,+345,,,,,-600,-550,-600,-550,-600,,,-650,,,,,-579,,,,
2024-04-01,Adley Rutschman,/mlb/props/adley-rutschman/,KC at BAL,BAL,"C,DH",0.5,+400,+400,+376,+400,+400,,,+350,,,,,+376,,,,,-700,-600,-654,-600,-700,,,-700,,,,,-654,,,,
2024-04-01,MJ Melendez,/mlb/props/mj-melendez/,KC at BAL,NYM,"LF,DH",0.5,+425,+500,+450,+450,+450,,,+360,+500,+500,,,+395,,,,,-750,-700,-800,-700,-800,,,-750,-1115,-1115,,,-704,,,,
2024-04-01,Gunnar Henderson,/mlb/props/gunnar-henderson/,KC at BAL,BAL,"SS,DH",0.5,+370,+380,+355,+375,+380,,,+320,+350,+350,,,+355,,,,,-600,-550,-604,-550,-600,,,-650,-625,-625,,,-604,,,,
2024-04-01,Jordan Westburg,/mlb/props/jordan-westburg/,KC at BAL,BAL,"2B,3B",0.5,+400,+400,+355,+400,+400,,,+350,,,,,+355,,,,,-700,-600,-650,-600,-650,,,-700,,,,,-604,,,,
2024-04-01,Austin Hays,/mlb/props/austin-hays/,KC at BAL,CWS,"LF,DH",0.5,+380,+380,+334,+375,+380,,,+320,,,,,+334,,,,,-650,-550,-600,-550,-600,,,-650,,,,,-554,,,,
2024-04-01,Adam Frazier,/mlb/props/adam-frazier/,KC at BAL,LAA,"2B,LF,RF",0.5,+500,+500,+500,+525,+500,,,+450,,,,,+464,,,,,-1000,-850,-904,-850,-1000,,,-1000,,,,,-904,,,,
2024-04-01,Maikel Garcia,/mlb/props/maikel-garcia/,KC at BAL,KC,"2B,3B,SS,OF",0.5,+380,+380,+334,+375,+380,,,+320,,,,,+334,,,,,-600,-550,-600,-550,-600,,,-650,,,,,-554,,,,
2024-04-01,Ryan O'Hearn,/mlb/props/ryan-ohearn/,KC at BAL,PIT,"1B,LF,RF,DH",0.5,+425,+425,+386,+425,+425,,,+360,,,,,+386,,,,,-750,-650,-679,-650,-750,,,-750,,,,,-679,,,,
2024-04-01,Nelson Velazquez,/mlb/props/nelson-velazquez/,KC at BAL,STL,"LF,RF,DH",0.5,+500,+500,+500,+525,+500,,,+450,+550,+550,,,+431,,,,,-900,-804,-900,-850,-900,,,-1000,-1250,-1250,,,-804,,,,
2024-04-01,Ramon Urias,/mlb/props/ramon-urias/,KC at BAL,STL,"2B,3B",0.5,+450,+450,+395,+450,+450,,,+380,,,,,+395,,,,,-800,-700,-704,-700,-800,,,-800,,,,,-704,,,,
2024-04-01,Aaron Hicks,/mlb/props/aaron-hicks/,LAA at MIA,FA,"LF,CF,RF",0.5,+450,+500,+500,+500,+500,,,+400,+525,+525,,,+448,,,,,-800,-800,-900,-800,-900,,,-900,-1250,-1250,,,-854,,,,
2024-04-01,Jesus Sanchez,/mlb/props/jesus-sanchez/,LAA at MIA,TOR,"LF,CF,RF,DH",0.5,+450,+450,+425,+425,+425,,,+360,+450,+450,,,+376,,,,,-800,-650,-700,-650,-700,,,-750,-910,-910,,,-654,,,,
2024-04-01,Mickey Moniak,/mlb/props/mckenzie-moniak/,LAA at MIA,COL,"LF,CF,RF,DH",0.5,+425,+450,+425,+425,+425,,,+360,+450,+450,,,+386,,,,,-750,-650,-750,-650,-750,,,-750,-910,-910,,,-679,,,,
2024-04-01,Nolan Schanuel,/mlb/props/nolan-schanuel/,LAA at MIA,LAA,1B,0.5,+450,+425,+386,+425,+425,,,+360,+360,+360,,,+386,,,,,-800,-625,-679,-650,-700,,,-750,-625,-625,,,-679,,,,
2024-04-01,Logan O'Hoppe,/mlb/props/logan-ohoppe/,LAA at MIA,LAA,C,0.5,+400,+425,+376,+425,+425,,,+360,,,,,+376,,,,,-700,-650,-700,-650,-700,,,-750,,,,,-654,,,,
2024-04-01,Brandon Drury,/mlb/props/brandon-drury/,LAA at MIA,KC,"1B,2B,3B",0.5,+380,+375,+340,+375,+360,,,+320,+340,+340,,,+334,,,,,-600,-550,-575,-550,-575,,,-650,-590,-590,,,-554,,,,
2024-04-01,Miguel Sano,/mlb/props/miguel-sano/,LAA at MIA,FA,"1B,3B",0.5,+450,+475,+431,+475,+475,,,+380,,,,,+431,,,,,-800,-750,-800,-750,-800,,,-800,,,,,-804,,,,
2024-04-01,Mike Trout,/mlb/props/mike-trout/,LAA at MIA,LAA,"CF,RF,DH",0.5,+370,+375,+325,+375,+370,,,+320,+325,+325,,,+323,,,,,-600,-529,-560,-550,-600,,,-650,-560,-560,,,-529,,,,
2024-04-01,Anthony Rendon,/mlb/props/anthony-rendon/,LAA at MIA,LAA,3B,0.5,+370,+375,+350,+375,+360,,,+320,+350,+350,,,+323,,,,,-600,-529,-575,-550,-575,,,-600,-590,-590,,,-529,,,,
2024-04-01,Zach Neto,/mlb/props/zach-neto/,LAA at MIA,LAA,SS,0.5,+475,+500,+500,+500,+500,,,+400,+500,+500,,,+431,,,,,-900,-800,-900,-800,-900,,,-900,-1115,-1115,,,-804,,,,
2024-04-01,Jazz Chisholm Jr.,/mlb/props/jasrado-chisholm/,LAA at MIA,NYY,"2B,3B",0.5,+400,+400,+390,+400,+400,,,+350,+390,+390,,,+366,,,,,-650,-600,-700,-600,-700,,,-700,-715,-715,,,-629,,,,
2024-04-01,Nick Gordon,/mlb/props/nick-gordon/,LAA at MIA,FA,"2B,LF,CF",0.5,+425,+400,+376,+400,+400,,,+360,,,,,+376,,,,,-700,-600,-654,-600,-700,,,-750,,,,,-654,,,,
2024-04-01,Matt Thaiss,/mlb/props/matt-thaiss/,LAA at MIA,BOS,C,0.5,+500,+500,+450,+500,+500,,,+450,+450,+450,,,+431,,,,,-900,-800,-900,-800,-900,,,-1000,-910,-910,,,-804,,,,
2024-04-01,Christian Bethancourt,/mlb/props/christian-bethancourt/,LAA at MIA,CHC,C,0.5,+500,+500,+480,+500,+500,,,+450,+480,+480,,,+431,,,,,-900,-800,-900,-800,-900,,,-1000,-1000,-1000,,,-804,,,,
2024-04-01,Tim Anderson,/mlb/props/tim-anderson/,LAA at MIA,FA,"2B,SS",0.5,+450,+475,+450,+475,+475,,,+380,+450,+450,,,+414,,,,,-800,-750,-800,-750,-800,,,-800,-910,-910,,,-754,,,,
2024-04-01,Josh Bell,/mlb/props/josh-bell/,LAA at MIA,MIN,"1B,DH",0.5,+380,+350,+350,+350,+350,,,+320,+350,+350,,,+311,,,,,-600,-500,-550,-500,-550,,,-600,-590,-590,,,-504,,,,
2024-04-01,Jake Burger,/mlb/props/jake-burger-3b/,LAA at MIA,TEX,1B,0.5,+380,+380,+345,+375,+380,,,+320,+335,+335,,,+345,,,,,-650,-550,-590,-550,-600,,,-650,-590,-590,,,-579,,,,
2024-04-01,Luis Arraez,/mlb/props/luis-arraez/,LAA at MIA,SF,"1B,2B,DH",0.5,+310,+335,+285,+300,+285,,,+260,+335,+335,,,+262,,,,,-475,-400,-450,-400,-425,,,-450,-560,-560,,,-404,,,,
2024-04-01,Taylor Ward,/mlb/props/taylor-ward/,LAA at MIA,BAL,LF,0.5,+370,+375,+340,+375,+370,,,+320,+340,+340,,,+334,,,,,-600,-550,-590,-550,-600,,,-650,-590,-590,,,-554,,,,
2024-04-01,Bryan De La Cruz,/mlb/props/bryan-de-la-cruz/,LAA at MIA,PHI,LF,0.5,+350,+375,+340,+375,+370,,,+320,+340,+340,,,+334,,,,,-550,-550,-590,-550,-600,,,-650,-590,-590,,,-554,,,,
2024-04-01,Nick Castellanos,/mlb/props/nick-castellanos/,CIN at PHI,FA,"RF,DH",0.5,+360,+500,+380,+375,+380,,,+320,+500,+500,,,+323,,,,,-575,-529,-650,-550,-600,,,-650,-1115,-1115,,,-529,,,,
2024-04-01,Brandon Marsh,/mlb/props/brandon-marsh/,CIN at PHI,PHI,"LF,CF,RF",0.5,+700,+500,+572,+700,+700,,,+500,,,,,+572,,,,,-1600,-1200,-1401,-1200,-1600,,,-1400,,,,,-1304,,,,
2024-04-01,Santiago Espinal,/mlb/props/santiago-espinal/,CIN at PHI,FA,"2B,3B,LF,RF",0.5,+390,+400,+355,+400,+400,,,+350,,,,,+355,,,,,-650,-600,-650,-600,-650,,,-700,,,,,-604,,,,
2024-04-01,Jake Fraley,/mlb/props/jake-fraley/,CIN at PHI,TB,"LF,RF",0.5,+600,+522,+600,+650,+600,,,,,,,,+522,,,,,-1200,-1100,-1104,-1100,-1200,,,,,,,,-1104,,,,
2024-04-01,Spencer Steer,/mlb/props/spencer-steer/,CIN at PHI,CIN,"1B,2B,LF,RF",0.5,+330,+350,+320,+350,+350,,,+320,,,,,+311,,,,,-500,-500,-550,-500,-550,,,-600,,,,,-504,,,,
2024-04-01,Johan Rojas,/mlb/props/johan-rojas/,CIN at PHI,PHI,CF,0.5,+500,+500,+500,+525,+500,,,+450,,,,,+448,,,,,-900,-850,-854,-850,-1000,,,-1000,,,,,-854,,,,
2024-04-01,Elly De La Cruz,/mlb/props/elly-de-la-cruz/,CIN at PHI,CIN,SS,0.5,+450,+450,+425,+450,+425,,,+380,,,,,+376,,,,,-800,-654,-700,-700,-750,,,-800,,,,,-654,,,,
2024-04-01,J.T. Realmuto,/mlb/props/jt-realmuto/,CIN at PHI,PHI,C,0.5,+370,+450,+390,+400,+390,,,+350,+450,+450,,,+334,,,,,-600,-554,-650,-600,-650,,,-700,-910,-910,,,-554,,,,
2024-04-01,Bryson Stott,/mlb/props/bryson-stott-ss/,CIN at PHI,PHI,"2B,SS",0.5,+425,+475,+414,+475,+450,,,+380,,,,,+414,,,,,-750,-750,-754,-750,-800,,,-800,,,,,-754,,,,
2024-04-01,Trea Turner,/mlb/props/trea-turner/,CIN at PHI,PHI,SS,0.5,+310,+410,+330,+350,+330,,,+300,+410,+410,,,+287,,,,,-475,-454,-550,-500,-525,,,-550,-770,-770,,,-454,,,,
2024-04-01,Luke Maile,/mlb/props/luke-maile/,CIN at PHI,KC,C,0.5,+450,+500,+500,+500,+500,,,+400,+575,+575,,,+431,,,,,-800,-800,-900,-800,-900,,,-900,-1430,-1430,,,-804,,,,
2024-04-01,Jonathan India,/mlb/props/jonathan-india/,CIN at PHI,KC,"2B,3B,LF,DH",0.5,+380,+425,+400,+425,+400,,,+360,,,,,+355,,,,,-650,-604,-650,-650,-700,,,-750,,,,,-604,,,,
2024-04-01,Christian Encarnacion-Strand,/mlb/props/christian-encarnacion-strand/,CIN at PHI,BAL,"1B,3B",0.5,+380,+400,+355,+400,+400,,,+350,,,,,+355,,,,,-650,-600,-650,-600,-650,,,-700,,,,,-604,,,,
2024-04-01,Jeimer Candelario,/mlb/props/jeimer-candelario/,CIN at PHI,LAA,"1B,3B",0.5,+370,+400,+355,+400,+400,,,+350,,,,,+355,,,,,-600,-600,-650,-600,-650,,,-700,,,,,-604,,,,
2024-04-01,Whit Merrifield,/mlb/props/whit-merrifield/,CIN at PHI,FA,"2B,3B,LF",0.5,+370,+400,+380,+400,+380,,,+350,,,,,+334,,,,,-600,-554,-600,-600,-600,,,-700,,,,,-554,,,,
2024-04-01,Alec Bohm,/mlb/props/alec-bohm/,CIN at PHI,PHI,"1B,3B",0.5,+310,+450,+320,+320,+320,,,+300,+450,+450,,,+300,,,,,-475,-450,-550,-450,-500,,,-550,-910,-910,,,-479,,,,
2024-04-01,Will Benson,/mlb/props/will-benson/,CIN at PHI,CIN,"LF,CF,RF",0.5,+700,+500,+572,+700,+700,,,+500,,,,,+572,,,,,-1600,-1200,-1401,-1200,-1600,,,-1400,,,,,-1304,,,,
2024-04-01,Stuart Fairchild,/mlb/props/stuart-fairchild/,CIN at PHI,CLE,"LF,CF,RF",0.5,+500,+464,+550,+550,+550,,,+450,+600,+600,,,+464,,,,,-900,-900,-1100,-900,-1100,,,-1100,-1667,-1667,,,-904,,,,
2024-04-01,Kyle Schwarber,/mlb/props/kyle-schwarber/,CIN at PHI,PHI,"LF,DH",0.5,+500,+500,+500,+525,+500,,,+450,+500,+500,,,+448,,,,,-900,-850,-1000,-850,-1000,,,-1000,-1000,-1000,,,-854,,,,
2024-04-01,Bryce Harper,/mlb/props/bryce-harper/,CIN at PHI,PHI,"1B,DH",0.5,+400,+500,+425,+425,+425,,,+360,+500,+500,,,+376,,,,,-650,-650,-750,-650,-700,,,-750,-1115,-1115,,,-654,,,,
2024-04-01,Evan Carter,/mlb/props/evan-carter/,TEX at TB,TEX,"LF,CF,RF",0.5,+450,+450,+450,+450,+450,,,+380,+450,+425,,,+395,,,,,-750,-700,-800,-700,-800,,,-800,-910,-835,,,-704,,,,
2024-04-01,Jonah Heim,/mlb/props/jonah-heim/,TEX at TB,ATH,"C,DH",0.5,+390,+475,+400,+400,+400,,,+350,+475,+475,,,+366,,,,,-650,-600,-700,-600,-700,,,-700,-1000,-1000,,,-629,,,,
2024-04-01,Rene Pinto,/mlb/props/rene-pinto/,TEX at TB,PHI,C,0.5,+550,+495,+550,+600,+550,,,+450,,,,,+495,,,,,-1100,-1000,-1004,-1000,-1100,,,-1100,,,,,-1004,,,,
2024-04-01,Leody Taveras,/mlb/props/leody-taveras-of/,TEX at TB,BAL,"CF,RF",0.5,+450,+450,+386,+450,+450,,,+380,,,,,+386,,,,,-800,-679,-700,-700,-800,,,-800,,,,,-679,,,,
2024-04-01,Randy Arozarena,/mlb/props/randy-arozarena/,TEX at TB,SEA,"LF,CF",0.5,+400,+400,+366,+400,+400,,,+350,+360,+360,,,+366,,,,,-650,-600,-629,-600,-700,,,-700,-625,-625,,,-629,,,,
2024-04-01,Marcus Semien,/mlb/props/marcus-semien/,TEX at TB,NYM,2B,0.5,+320,+380,+310,+310,+320,,,+270,+380,+375,,,+275,,,,,-475,-425,-500,-425,-475,,,-500,-715,-670,,,-429,,,,
2024-04-01,Wyatt Langford,/mlb/props/wyatt-langford/,TEX at TB,TEX,"LF,CF",0.5,+390,+450,+390,+400,+390,,,+350,+450,+440,,,+345,,,,,-650,-579,-650,-600,-650,,,-700,-910,-835,,,-579,,,,
2024-04-01,Brandon Lowe,/mlb/props/brandon-lowe/,TEX at TB,PIT,2B,0.5,+425,+425,+386,+425,+425,,,+360,,,,,+386,,,,,-700,-650,-700,-650,-700,,,-750,,,,,-679,,,,
2024-04-01,Isaac Paredes,/mlb/props/isaac-paredes/,TEX at TB,HOU,"1B,3B,DH",0.5,+390,+420,+390,+400,+390,,,+350,+420,+420,,,+345,,,,,-650,-579,-650,-600,-650,,,-700,-770,-770,,,-579,,,,
2024-04-01,Jose Caballero,/mlb/props/jose-caballero/,TEX at TB,NYY,"2B,3B,SS,LF,RF",0.5,+475,+500,+448,+500,+475,,,+400,,,,,+448,,,,,-900,-800,-854,-800,-900,,,-900,,,,,-854,,,,
2024-04-01,Corey Seager,/mlb/props/corey-seager/,TEX at TB,TEX,SS,0.5,+320,+320,+300,+320,+320,,,+280,+320,+310,,,+300,,,,,-500,-450,-500,-450,-500,,,-525,-530,-530,,,-479,,,,
2024-04-01,Richie Palacios,/mlb/props/richie-palacios/,TEX at TB,TB,"2B,LF",0.5,+450,+440,+425,+425,+425,,,+360,+440,+430,,,+376,,,,,-800,-650,-750,-650,-750,,,-750,-835,-835,,,-654,,,,
2024-04-01,Travis Jankowski,/mlb/props/travis-jankowski/,TEX at TB,FA,"LF,CF,RF",0.5,+550,+480,+480,+550,+550,,,+450,,,,,+480,,,,,-1100,-900,-954,-900,-1100,,,-1100,,,,,-954,,,,
2024-04-01,Amed Rosario,/mlb/props/amed-rosario/,TEX at TB,NYY,"2B,3B,OF",0.5,+380,+380,+345,+375,+380,,,+320,+380,+380,,,+345,,,,,-600,-550,-600,-550,-600,,,-650,-670,-670,,,-579,,,,
2024-04-01,Jose Siri,/mlb/props/jose-siri/,TEX at TB,LAA,"LF,CF",0.5,+475,+500,+460,+500,+475,,,+400,+460,+460,,,+414,,,,,-800,-754,-800,-800,-800,,,-900,-910,-910,,,-754,,,,
2024-04-01,Harold Ramirez,/mlb/props/harold-ramirez-of/,TEX at TB,FA,"LF,RF,DH",0.5,+370,+375,+370,+375,+370,,,+320,,,,,+323,,,,,-600,-529,-550,-550,-600,,,-600,,,,,-529,,,,
2024-04-01,Jared Walsh,/mlb/props/jared-walsh/,TEX at TB,FA,"1B,RF",0.5,+600,+500,+522,+600,+600,,,+500,,,,,+522,,,,,-1200,-1000,-1104,-1000,-1200,,,-1200,,,,,-1104,,,,
2024-04-01,Yandy Diaz,/mlb/props/yandy-diaz/,TEX at TB,TB,"1B,DH",0.5,+350,+350,+350,+350,+350,,,+300,+350,+330,,,+311,,,,,-550,-500,-550,-500,-550,,,-550,-590,-560,,,-504,,,,
2024-04-01,Curtis Mead,/mlb/props/curtis-meade/,TEX at TB,WSH,"1B,2B,3B",0.5,+425,+425,+400,+425,+425,,,,+400,+400,,,+376,,,,,-750,-650,-715,-650,-750,,,,-715,-715,,,-654,,,,
2024-04-01,Adolis Garcia,/mlb/props/jose-adolis-garcia/,TEX at TB,PHI,RF,0.5,+390,+390,+355,+375,+390,,,+320,,,,,+355,,,,,-650,-550,-604,-550,-650,,,-650,,,,,-604,,,,
2024-04-01,Josh Jung,/mlb/props/josh-jung-3b/,TEX at TB,TEX,3B,0.5,+390,+400,+390,+400,+390,,,+350,+400,+400,,,+345,,,,,-650,-579,-650,-600,-650,,,-700,-715,-715,,,-579,,,,
2024-04-01,Austin Shenton,/mlb/props/austin-shenton/,TEX at TB,FA,1B,0.5,+500,+500,+500,+500,+500,,,,,,,,+414,,,,,-900,-754,-800,-800,-900,,,,,,,,-754,,,,
2024-04-01,Starling Marte,/mlb/props/starling-marte/,DET at NYM,KC,"LF,RF,DH",0.5,+450,+475,+460,+475,+475,,,+400,+460,+460,,,+414,,,,,-800,-750,-900,-750,-900,,,-900,-910,-910,,,-754,,,,
2024-04-01,Gio Urshela,/mlb/props/giovanny-urshela/,DET at NYM,FA,3B,0.5,+320,+410,+320,+320,+320,,,+300,+410,+410,,,+287,,,,,-500,-450,-550,-450,-500,,,-550,-770,-770,,,-454,,,,
2024-04-01,Carson Kelly,/mlb/props/carson-kelly/,DET at NYM,CHC,C,0.5,+450,+450,+395,+450,+450,,,+380,,,,,+395,,,,,-750,-700,-750,-700,-750,,,-800,,,,,-704,,,,
2024-04-01,Parker Meadows,/mlb/props/parker-meadows/,DET at NYM,DET,CF,0.5,+600,+500,+572,+700,+650,,,+500,,,,,+572,,,,,-1200,-1200,-1304,-1200,-1400,,,-1400,,,,,-1304,,,,
2024-04-01,Pete Alonso,/mlb/props/peter-alonso/,DET at NYM,BAL,"1B,DH",0.5,+425,+450,+425,+450,+450,,,+380,+425,+425,,,+414,,,,,-700,-700,-754,-700,-800,,,-800,-835,-835,,,-754,,,,
2024-04-01,DJ Stewart,/mlb/props/dj-stewart/,DET at NYM,PIT,"LF,RF",0.5,+500,+500,+500,+525,+500,,,+450,+540,+540,,,+448,,,,,-1000,-850,-1000,-850,-1000,,,-1000,-1250,-1250,,,-854,,,,
2024-04-01,Spencer Torkelson,/mlb/props/spencer-torkelson-if/,DET at NYM,DET,1B,0.5,+330,+400,+340,+350,+340,,,+300,+400,+400,,,+287,,,,,-525,-454,-550,-500,-525,,,-550,-770,-770,,,-454,,,,
2024-04-01,Matt Vierling,/mlb/props/matt-vierling/,DET at NYM,DET,"LF,CF,RF",0.5,+340,+310,+300,+310,+300,,,+270,,,,,+275,,,,,-525,-425,-450,-425,-450,,,-500,,,,,-429,,,,
2024-04-01,Brett Baty,/mlb/props/brett-baty/,DET at NYM,NYM,"1B,2B,3B,RF",0.5,+550,+464,+550,+550,+550,,,+450,+600,+600,,,+464,,,,,-1100,-900,-1100,-900,-1100,,,-1100,-1430,-1430,,,-904,,,,
2024-04-01,Joey Wendle,/mlb/props/joe-wendle/,DET at NYM,FA,"2B,SS",0.5,+500,+500,+448,+500,+500,,,+400,,,,,+448,,,,,-1000,-800,-900,-800,-1000,,,-900,,,,,-854,,,,
2024-04-01,Colt Keith,/mlb/props/colt-keith/,DET at NYM,DET,"1B,2B,3B,DH",0.5,+475,+500,+500,+525,+500,,,+450,+525,+525,,,+448,,,,,-900,-850,-1000,-850,-1000,,,-1000,-1115,-1115,,,-854,,,,
2024-04-01,Andy Ibanez,/mlb/props/andy-ibanez/,DET at NYM,NYM,"2B,3B",0.5,+275,+320,+300,+320,+320,,,+280,,,,,+300,,,,,-400,-450,-479,-450,-500,,,-525,,,,,-479,,,,
2024-04-01,Javier Baez,/mlb/props/javier-baez/,DET at NYM,DET,"2B,3B,SS,CF",0.5,+400,+400,+350,+400,+390,,,+350,,,,,+334,,,,,-650,-554,-600,-600,-650,,,-700,,,,,-554,,,,
2024-04-01,Francisco Alvarez,/mlb/props/francisco-alvarez/,DET at NYM,NYM,"C,DH",0.5,+500,+500,+480,+500,+500,,,+400,+480,+480,,,+448,,,,,-1000,-800,-900,-800,-900,,,-900,-1000,-1000,,,-854,,,,
2024-04-01,Jeff McNeil,/mlb/props/jeff-mcneil/,DET at NYM,ATH,"2B,LF,CF,RF",0.5,+350,+375,+360,+375,+360,,,+320,,,,,+311,,,,,-550,-504,-550,-550,-575,,,-600,,,,,-504,,,,
2024-04-01,Harrison Bader,/mlb/props/harrison-bader/,DET at NYM,SF,"LF,CF,RF",0.5,+550,+464,+525,+525,+550,,,+450,+540,+540,,,+464,,,,,-1000,-850,-1000,-850,-1000,,,-1000,-1250,-1250,,,-904,,,,
2024-04-01,Brandon Nimmo,/mlb/props/brandon-nimmo/,DET at NYM,TEX,"LF,CF,RF,DH",0.5,+340,+380,+345,+375,+380,,,+320,,,,,+345,,,,,-525,-550,-600,-550,-600,,,-650,,,,,-579,,,,
2024-04-01,Francisco Lindor,/mlb/props/francisco-lindor/,DET at NYM,NYM,SS,0.5,+330,+400,+360,+375,+360,,,+320,+400,+400,,,+323,,,,,-500,-529,-600,-550,-575,,,-600,-715,-715,,,-529,,,,
2024-04-01,Mark Canha,/mlb/props/mark-canha/,DET at NYM,FA,"LF,RF",0.5,+350,+360,+350,+350,+360,,,+320,,,,,+311,,,,,-550,-500,-575,-500,-575,,,-600,,,,,-504,,,,
2024-04-01,Riley Greene,/mlb/props/riley-greene-of/,DET at NYM,DET,"LF,CF,RF,DH",0.5,+500,+500,+480,+500,+500,,,+450,+480,+480,,,+448,,,,,-900,-800,-900,-800,-900,,,-1000,-1000,-1000,,,-854,,,,
2024-04-01,Jake Rogers,/mlb/props/jake-rogers/,DET at NYM,DET,C,0.5,+500,+450,+395,+450,+450,,,+380,,,,,+395,,,,,-900,-700,-704,-700,-800,,,-800,,,,,-704,,,,
2024-04-01,Daniel Vogelbach,/mlb/props/dan-vogelbach/,TOR at HOU,FA,DH,0.5,+390,+400,+390,+400,+390,,,+350,,,,,+355,,,,,-650,-600,-650,-600,-650,,,-700,,,,,-604,,,,
2024-04-01,Alejandro Kirk,/mlb/props/alejandro-kirk/,TOR at HOU,TOR,C,0.5,+360,+350,+323,+350,+350,,,+320,,,,,+323,,,,,-575,-500,-550,-500,-550,,,-600,,,,,-529,,,,
2024-04-01,Cavan Biggio,/mlb/props/cavan-biggio/,TOR at HOU,HOU,"1B,2B,RF",0.5,+500,+500,+431,+500,+500,,,+400,,,,,+431,,,,,-900,-800,-804,-800,-900,,,-900,,,,,-804,,,,
2024-04-01,Vladimir Guerrero Jr.,/mlb/props/vladimir-guerrero-jr/,TOR at HOU,TOR,"1B,DH",0.5,+320,+375,+340,+350,+340,,,+300,+375,+375,,,+300,,,,,-500,-479,-550,-500,-525,,,-550,-670,-670,,,-479,,,,
2024-04-01,Yainer Diaz,/mlb/props/yainer-diaz-c/,TOR at HOU,HOU,"C,DH",0.5,+360,+375,+360,+375,+360,,,+320,+370,+370,,,+323,,,,,-575,-529,-575,-550,-575,,,-600,-670,-670,,,-529,,,,
2024-04-01,Yordan Alvarez,/mlb/props/yordan-alvarez/,TOR at HOU,HOU,"LF,DH",0.5,+330,+340,+310,+320,+310,,,+280,+340,+340,,,+287,,,,,-525,-450,-475,-450,-475,,,-525,-590,-590,,,-454,,,,
2024-04-01,Jake Meyers,/mlb/props/jacob-meyers/,TOR at HOU,HOU,CF,0.5,+500,+500,+500,+525,+500,,,+450,,,,,+448,,,,,-1000,-850,-854,-850,-1000,,,-1000,,,,,-854,,,,
2024-04-01,Kevin Kiermaier,/mlb/props/kevin-kiermaier/,TOR at HOU,FA,CF,0.5,+450,+480,+425,+425,+425,,,+360,+480,+480,,,+386,,,,,-750,-650,-750,-650,-700,,,-750,-1000,-1000,,,-679,,,,
2024-04-01,Daulton Varsho,/mlb/props/daulton-varsho/,TOR at HOU,TOR,"LF,CF",0.5,+360,+425,+400,+425,+400,,,+360,+400,+400,,,+366,,,,,-575,-629,-700,-650,-700,,,-750,-770,-770,,,-629,,,,
2024-04-01,Isiah Kiner-Falefa,/mlb/props/isiah-kiner-falefa/,TOR at HOU,BOS,"2B,3B,SS",0.5,+425,+450,+425,+450,+425,,,+380,,,,,+386,,,,,-750,-679,-750,-700,-750,,,-800,,,,,-679,,,,
2024-04-01,George Springer,/mlb/props/george-springer/,TOR at HOU,TOR,"LF,CF,RF,DH",0.5,+310,+360,+320,+320,+330,,,+300,+360,+360,,,+287,,,,,-475,-450,-500,-450,-500,,,-550,-625,-625,,,-454,,,,
2024-04-01,Ernie Clement,/mlb/props/ernie-clement/,TOR at HOU,TOR,"1B,2B,3B,SS",0.5,+425,+425,+386,+425,+425,,,+360,,,,,+386,,,,,-750,-650,-679,-650,-750,,,-750,,,,,-679,,,,
2024-04-01,Bo Bichette,/mlb/props/bo-bichette/,TOR at HOU,NYM,"3B,SS",0.5,+310,+350,+310,+310,+310,,,+270,+350,+350,,,+287,,,,,-475,-425,-500,-425,-475,,,-500,-625,-625,,,-454,,,,
2024-04-01,Alex Bregman,/mlb/props/alex-bregman/,TOR at HOU,CHC,"3B,DH",0.5,+340,+400,+340,+350,+340,,,+300,+400,+400,,,+311,,,,,-550,-500,-550,-500,-550,,,-550,-715,-715,,,-504,,,,
2024-04-01,Jose Altuve,/mlb/props/jose-altuve/,TOR at HOU,HOU,"2B,LF,DH",0.5,+340,+350,+340,+350,+340,,,+300,+340,+340,,,+311,,,,,-525,-500,-525,-500,-525,,,-550,-590,-590,,,-504,,,,
2024-04-01,Justin Turner,/mlb/props/justin-turner/,TOR at HOU,FA,"1B,3B",0.5,+330,+350,+330,+350,+330,,,+300,,,,,+300,,,,,-525,-479,-500,-500,-525,,,-550,,,,,-479,,,,
2024-04-01,Jeremy Pena,/mlb/props/jeremy-pena/,TOR at HOU,HOU,SS,0.5,+400,+450,+425,+425,+425,,,+360,+450,+450,,,+386,,,,,-650,-650,-750,-650,-750,,,-750,-910,-910,,,-679,,,,
2024-04-01,Kyle Tucker,/mlb/props/kyle-tucker/,TOR at HOU,LAD,"RF,DH",0.5,+310,+350,+300,+310,+300,,,+270,+350,+350,,,+287,,,,,-475,-425,-500,-425,-475,,,-500,-625,-625,,,-454,,,,
2024-04-01,Chas McCormick,/mlb/props/chas-mccormick/,TOR at HOU,CHC,"LF,CF,RF",0.5,+500,+500,+475,+500,+500,,,+400,+475,+475,,,+431,,,,,-900,-800,-900,-800,-900,,,-900,-1000,-1000,,,-804,,,,
2024-04-01,Jose Abreu,/mlb/props/jose-dariel-abreu/,TOR at HOU,FA,1B,0.5,+390,+425,+370,+375,+370,,,+320,+425,+425,,,+345,,,,,-650,-550,-650,-550,-600,,,-650,-835,-835,,,-579,,,,
2024-04-01,Josh Rojas,/mlb/props/josh-rojas/,CLE at SEA,KC,"2B,3B",0.5,+550,+480,+550,+600,+550,,,+450,,,,,+480,,,,,-1100,-954,-1000,-1000,-1100,,,-1100,,,,,-954,,,,
2024-04-01,Dominic Canzone,/mlb/props/dominic-canzone/,CLE at SEA,SEA,"LF,RF,DH",0.5,+450,+500,+450,+450,+450,,,+380,+500,+500,,,+395,,,,,-800,-700,-800,-700,-800,,,-800,-1000,-1000,,,-704,,,,
2024-04-01,Josh Naylor,/mlb/props/josh-naylor/,CLE at SEA,SEA,"1B,DH",0.5,+330,+370,+330,+350,+330,,,+300,+370,+370,,,+300,,,,,-525,-479,-550,-500,-525,,,-550,-670,-670,,,-479,,,,
2024-04-01,Mitch Haniger,/mlb/props/mitch-haniger/,CLE at SEA,FA,RF,0.5,+450,+450,+395,+450,+450,,,+380,,,,,+395,,,,,-800,-700,-704,-700,-800,,,-800,,,,,-704,,,,
2024-04-01,Tyler Freeman,/mlb/props/tyler-freeman-ss/,CLE at SEA,COL,"2B,RF,DH",0.5,+475,+475,+431,+475,+475,,,+400,,,,,+431,,,,,-900,-750,-804,-750,-900,,,-900,,,,,-804,,,,
2024-04-01,Jose Ramirez,/mlb/props/jose-ramirez/,CLE at SEA,CLE,"3B,DH",0.5,+320,+340,+320,+320,+320,,,+280,+340,+340,,,+287,,,,,-475,-450,-500,-450,-500,,,-525,-590,-590,,,-454,,,,
2024-04-01,Andres Gimenez,/mlb/props/andres-giminez/,CLE at SEA,TOR,"2B,SS",0.5,+370,+420,+375,+375,+380,,,+320,+420,+420,,,+334,,,,,-600,-550,-600,-550,-600,,,-650,-770,-770,,,-554,,,,
2024-04-01,Jorge Polanco,/mlb/props/jorge-polanco/,CLE at SEA,NYM,"2B,3B,DH",0.5,+450,+475,+450,+475,+450,,,+380,,,,,+395,,,,,-800,-704,-750,-750,-800,,,-800,,,,,-704,,,,
2024-04-01,Ty France,/mlb/props/tyler-france/,CLE at SEA,SD,1B,0.5,+450,+500,+475,+475,+475,,,+400,+500,+500,,,+395,,,,,-800,-704,-900,-750,-900,,,-900,-1115,-1115,,,-704,,,,
2024-04-01,Ramon Laureano,/mlb/props/ramon-laureano/,CLE at SEA,SD,"LF,CF,RF",0.5,+475,+475,+414,+475,+475,,,+400,,,,,+414,,,,,-900,-750,-800,-750,-800,,,-900,,,,,-754,,,,
2024-04-01,Will Brennan,/mlb/props/will-brennan/,CLE at SEA,SF,"LF,CF,RF",0.5,+370,+450,+375,+375,+360,,,+320,+450,+450,,,+334,,,,,-600,-550,-600,-550,-575,,,-600,-910,-910,,,-554,,,,
2024-04-01,Steven Kwan,/mlb/props/steven-kwan/,CLE at SEA,CLE,"LF,CF",0.5,+350,+375,+360,+375,+360,,,+320,,,,,+311,,,,,-550,-504,-575,-550,-575,,,-650,,,,,-504,,,,
2024-04-01,Bo Naylor,/mlb/props/bo-naylor/,CLE at SEA,CLE,C,0.5,+450,+475,+475,+475,+475,,,+380,+525,+525,,,+414,,,,,-800,-750,-800,-750,-800,,,-800,-1115,-1115,,,-754,,,,
2024-04-01,Brayan Rocchio,/mlb/props/brayan-rocchio/,CLE at SEA,CLE,"2B,SS",0.5,+475,+500,+475,+500,+475,,,+400,,,,,+414,,,,,-800,-754,-800,-800,-900,,,-900,,,,,-754,,,,
2024-04-01,Luis Urias,/mlb/props/luis-urias/,CLE at SEA,TOR,"2B,3B",0.5,+550,+464,+464,+550,+550,,,+450,,,,,+464,,,,,-1000,-900,-1000,-900,-1000,,,-1100,,,,,-904,,,,
2024-04-01,Julio Rodriguez,/mlb/props/julio-rodriguez-of/,CLE at SEA,SEA,CF,0.5,+330,+350,+320,+350,+350,,,+320,+320,+320,,,+311,,,,,-500,-500,-530,-500,-550,,,-600,-530,-530,,,-504,,,,
2024-04-01,Luke Raley,/mlb/props/lucas-raley/,CLE at SEA,SEA,"1B,LF,CF,RF",0.5,+550,+495,+550,+600,+550,,,+450,,,,,+495,,,,,-1200,-1000,-1100,-1000,-1200,,,-1100,,,,,-1004,,,,
2024-04-01,J.P. Crawford,/mlb/props/jp-crawford/,CLE at SEA,SEA,"3B,SS",0.5,+450,+450,+450,+450,+450,,,+380,+540,+540,,,+386,,,,,-800,-679,-800,-700,-800,,,-800,-1250,-1250,,,-679,,,,
2024-04-01,Mitch Garver,/mlb/props/mitch-garver/,CLE at SEA,SEA,"C,DH",0.5,+500,+500,+414,+500,+500,,,+400,,,,,+414,,,,,-900,-754,-800,-800,-900,,,-900,,,,,-754,,,,
2024-04-01,Cal Raleigh,/mlb/props/caleb-raleigh/,CLE at SEA,SEA,"C,DH",0.5,+450,+475,+431,+475,+475,,,+400,,,,,+431,,,,,-750,-750,-804,-750,-900,,,-900,,,,,-804,,,,
2024-04-01,Dylan Moore,/mlb/props/dylan-moore/,CLE at SEA,PHI,"1B,2B,3B,LF,RF",0.5,+650,+500,+572,+700,+650,,,+500,,,,,+572,,,,,-1600,-1200,-1401,-1200,-1600,,,-1400,,,,,-1304,,,,
2024-04-01,Brendan Donovan,/mlb/props/brendan-donovan/,STL at SD,SEA,"2B,3B,SS,LF",0.5,+330,+400,+330,+320,+330,,,+280,+400,+400,,,+300,,,,,-525,-450,-525,-450,-525,,,-525,-715,-715,,,-479,,,,
2024-04-01,Alec Burleson,/mlb/props/alec-burleson/,STL at SD,STL,"1B,LF,RF,DH",0.5,+350,+410,+350,+350,+350,,,+300,+410,+410,,,+311,,,,,-550,-500,-550,-500,-550,,,-550,-770,-770,,,-504,,,,
2024-04-01,Willson Contreras,/mlb/props/willson-contreras/,STL at SD,BOS,1B,0.5,+370,+430,+375,+375,+380,,,+320,+430,+430,,,+334,,,,,-600,-550,-650,-550,-650,,,-650,-835,-835,,,-554,,,,
2024-04-01,Luis Campusano,/mlb/props/luis-campusano/,STL at SD,SD,"C,DH",0.5,+425,+425,+376,+425,+425,,,+360,,,,,+376,,,,,-700,-650,-700,-650,-700,,,-750,,,,,-654,,,,
2024-04-01,Paul Goldschmidt,/mlb/props/paul-goldschmidt/,STL at SD,NYY,"1B,DH",0.5,+330,+400,+340,+350,+340,,,+320,+400,+400,,,+311,,,,,-525,-500,-550,-500,-550,,,-600,-770,-770,,,-504,,,,
2024-04-01,Victor Scott,/mlb/props/victor-scott/,STL at SD,STL,CF,0.5,+450,+425,+395,+425,+425,,,+360,,,,,+395,,,,,-800,-650,-704,-650,-750,,,-750,,,,,-704,,,,
2024-04-01,Tyler Wade,/mlb/props/tyler-wade/,STL at SD,FA,"2B,LF,CF",0.5,+600,+500,+600,+650,+600,,,+500,,,,,+522,,,,,-1200,-1100,-1200,-1100,-1400,,,-1200,,,,,-1104,,,,
2024-04-01,Jordan Walker,/mlb/props/jordan-walker/,STL at SD,STL,"LF,RF",0.5,+350,+350,+320,+350,+350,,,+320,,,,,+300,,,,,-550,-479,-550,-500,-550,,,-600,,,,,-479,,,,
2024-04-01,Ha-Seong Kim,/mlb/props/ha-seong-kim/,STL at SD,ATL,"2B,SS",0.5,+475,+500,+500,+525,+500,,,+450,,,,,+431,,,,,-900,-804,-850,-850,-1000,,,-1000,,,,,-804,,,,
2024-04-01,Nolan Arenado,/mlb/props/nolan-arenado/,STL at SD,ARI,3B,0.5,+340,+400,+340,+350,+340,,,+320,+400,+400,,,+311,,,,,-525,-500,-600,-500,-525,,,-600,-770,-770,,,-504,,,,
2024-04-01,Jake Cronenworth,/mlb/props/jacob-cronenworth/,STL at SD,SD,"1B,2B,SS",0.5,+380,+425,+375,+375,+380,,,+320,+425,+425,,,+345,,,,,-600,-550,-650,-550,-600,,,-650,-835,-835,,,-579,,,,
2024-04-01,Fernando Tatis Jr.,/mlb/props/fernando-tatis-jr/,STL at SD,SD,"2B,RF",0.5,+360,+375,+360,+375,+360,,,+320,+370,+370,,,+334,,,,,-575,-550,-575,-550,-575,,,-650,-670,-670,,,-554,,,,
2024-04-01,Matt Carpenter,/mlb/props/matt-carpenter/,STL at SD,FA,"1B,DH",0.5,+475,+500,+450,+450,+475,,,+380,+500,+500,,,+395,,,,,-800,-700,-800,-700,-800,,,-800,-1000,-1000,,,-704,,,,
2024-04-01,Masyn Winn,/mlb/props/masyn-winn-p/,STL at SD,STL,SS,0.5,+475,+475,+431,+475,+475,,,+400,,,,,+431,,,,,-900,-750,-804,-750,-800,,,-900,,,,,-804,,,,
2024-04-01,Nolan Gorman,/mlb/props/nolan-gorman/,STL at SD,STL,"2B,3B,DH",0.5,+380,+410,+375,+375,+380,,,+320,+410,+410,,,+355,,,,,-650,-550,-650,-550,-650,,,-650,-770,-770,,,-604,,,,
2024-04-01,Manny Machado,/mlb/props/manny-machado/,STL at SD,SD,"3B,DH",0.5,+400,+400,+380,+400,+380,,,+350,+390,+390,,,+345,,,,,-650,-579,-650,-600,-650,,,-700,-715,-715,,,-579,,,,
2024-04-01,Xander Bogaerts,/mlb/props/xander-bogaerts/,STL at SD,SD,SS,0.5,+425,+425,+410,+425,+425,,,+360,+410,+410,,,+376,,,,,-700,-650,-700,-650,-700,,,-750,-770,-770,,,-654,,,,
2024-04-01,Graham Pauley,/mlb/props/graham-pauley/,STL at SD,MIA,"1B,3B",0.5,+500,+500,+500,+525,+500,,,+450,+540,+540,,,+464,,,,,-1000,-850,-1000,-850,-1000,,,-1000,-1250,-1250,,,-904,,,,
2024-04-01,Jackson Merrill,/mlb/props/jackson-merrill/,STL at SD,SD,CF,0.5,+500,+500,+500,+500,+500,,,+400,+510,+510,,,+431,,,,,-900,-800,-900,-800,-900,,,-900,-1115,-1115,,,-804,,,,
2024-04-01,Jurickson Profar,/mlb/props/jurickson-profar/,STL at SD,ATL,LF,0.5,+475,+480,+431,+475,+475,,,+380,+480,+480,,,+431,,,,,-800,-750,-804,-750,-800,,,-800,-1000,-1000,,,-804,,,,
2024-04-01,Reese McGuire,/mlb/props/reese-mcguire/,BOS at ATH,FA,C,0.5,+500,+500,+500,+525,+500,,,+450,+550,+550,,,+448,,,,,-1000,-850,-1000,-850,-1000,,,-1000,-1250,-1250,,,-854,,,,
2024-04-01,Connor Wong,/mlb/props/connor-wong/,BOS at ATH,BOS,C,0.5,+475,+475,+450,+450,+475,,,+380,,,,,+395,,,,,-800,-700,-704,-700,-800,,,-800,,,,,-704,,,,
2024-04-01,Ceddanne Rafaela,/mlb/props/ceddanne-rafaela/,BOS at ATH,BOS,"2B,CF",0.5,+390,+400,+370,+375,+370,,,,+400,+400,,,+345,,,,,-650,-550,-600,-550,-600,,,,-715,-715,,,-579,,,,
2024-04-01,Abraham Toro,/mlb/props/abraham-toro/,BOS at ATH,KC,"1B,2B,3B",0.5,+450,+500,+425,+425,+450,,,+360,+500,+500,,,+386,,,,,-750,-650,-750,-650,-750,,,-750,-1000,-1000,,,-679,,,,
2024-04-01,Brent Rooker,/mlb/props/brent-rooker/,BOS at ATH,ATH,"LF,RF,DH",0.5,+450,+475,+420,+475,+450,,,+380,+420,+420,,,+414,,,,,-800,-750,-770,-750,-800,,,-800,-770,-770,,,-754,,,,
2024-04-01,Triston Casas,/mlb/props/triston-casas/,BOS at ATH,BOS,1B,0.5,+450,+450,+395,+450,+450,,,+380,+390,+390,,,+395,,,,,-800,-700,-715,-700,-800,,,-800,-715,-715,,,-704,,,,
2024-04-01,Darell Hernaiz,/mlb/props/darell-hernaiz/,BOS at ATH,ATH,"2B,3B,SS",0.5,+550,+500,+550,+600,+550,,,+500,,,,,+495,,,,,-1200,-1000,-1004,-1000,-1200,,,-1200,,,,,-1004,,,,
2024-04-01,Zack Gelof,/mlb/props/zack-gelof/,BOS at ATH,ATH,"2B,3B,CF",0.5,+400,+400,+390,+400,+390,,,+350,+390,+390,,,+355,,,,,-650,-600,-650,-600,-650,,,-700,-715,-715,,,-604,,,,
2024-04-01,Seth Brown,/mlb/props/seth-brown/,BOS at ATH,FA,"1B,LF,CF,RF",0.5,+380,+375,+360,+375,+360,,,+320,+360,+360,,,+334,,,,,-600,-550,-575,-550,-575,,,-600,-625,-625,,,-554,,,,
2024-04-01,Shea Langeliers,/mlb/props/shea-langeliers/,BOS at ATH,ATH,"C,DH",0.5,+450,+450,+400,+450,+450,,,+380,+400,+400,,,+386,,,,,-800,-679,-770,-700,-800,,,-800,-770,-770,,,-679,,,,
2024-04-01,Masataka Yoshida,/mlb/props/masataka-yoshida/,BOS at ATH,BOS,"LF,DH",0.5,+350,+380,+370,+375,+380,,,+320,+370,+370,,,+334,,,,,-550,-550,-600,-550,-600,,,-650,-670,-670,,,-554,,,,
2024-04-01,Enmanuel Valdez,/mlb/props/enmanuel-valdez/,BOS at ATH,PIT,1B,0.5,+450,+425,+420,+425,+425,,,+360,+420,+420,,,+386,,,,,-750,-650,-700,-650,-700,,,-750,-770,-770,,,-679,,,,
2024-04-01,Rafael Devers,/mlb/props/rafael-devers/,BOS at ATH,SF,"1B,DH",0.5,+300,+320,+287,+320,+300,,,+280,+260,+260,,,+287,,,,,-475,-420,-454,-450,-475,,,-525,-420,-420,,,-454,,,,
2024-04-01,Lawrence Butler,/mlb/props/lawrence-butler/,BOS at ATH,ATH,"CF,RF",0.5,+500,+475,+414,+475,+475,,,+400,,,,,+414,,,,,-900,-750,-754,-750,-900,,,-900,,,,,-754,,,,
2024-04-01,Trevor Story,/mlb/props/trevor-story/,BOS at ATH,BOS,SS,0.5,+350,+360,+350,+350,+350,,,+300,+360,+360,,,+323,,,,,-550,-500,-550,-500,-550,,,-550,-625,-625,,,-529,,,,
2024-04-01,Ryan Noda,/mlb/props/ryan-noda/,BOS at ATH,BAL,1B,0.5,+475,+475,+440,+475,+475,,,+400,+440,+440,,,+414,,,,,-800,-750,-800,-750,-800,,,-900,-835,-835,,,-754,,,,
2024-04-01,Jarren Duran,/mlb/props/jarren-duran/,BOS at ATH,BOS,"LF,CF,DH",0.5,+310,+360,+310,+320,+310,,,+280,+360,+360,,,+275,,,,,-475,-429,-475,-450,-475,,,-525,-625,-625,,,-429,,,,
2024-04-01,Nick Allen,/mlb/props/nick-allen-ss/,BOS at ATH,HOU,"2B,3B,SS",0.5,+650,+500,+650,+700,+650,,,+500,,,,,+548,,,,,-1400,-1200,-1203,-1200,-1400,,,-1400,,,,,-1204,,,,
2024-04-01,Tyler O'Neill,/mlb/props/tyler-oneill/,BOS at ATH,BAL,"LF,RF",0.5,+340,+350,+340,+350,+340,,,+320,+340,+340,,,+311,,,,,-550,-500,-525,-500,-525,,,-600,-590,-590,,,-504,,,,
2024-04-01,J.D. Davis,/mlb/props/jd-davis/,BOS at ATH,FA,"1B,3B",0.5,+475,+500,+450,+525,+500,,,+450,+425,+425,,,+431,,,,,-900,-804,-850,-850,-900,,,-1000,-835,-835,,,-804,,,,
2024-04-01,JJ Bleday,/mlb/props/jj-bleday/,BOS at ATH,CIN,"LF,CF,RF,DH",0.5,+425,+425,+395,+425,+425,,,+360,+390,+390,,,+395,,,,,-750,-650,-715,-650,-750,,,-750,-715,-715,,,-704,,,,
2024-04-01,Corbin Carroll,/mlb/props/corbin-carroll-of/,NYY at ARI,ARI,"CF,RF",0.5,+330,+375,+340,+350,+340,,,+320,+375,+375,,,+300,,,,,-500,-479,-525,-500,-525,,,-600,-670,-670,,,-479,,,,
2024-04-01,Giancarlo Stanton,/mlb/props/giancarlo-stanton/,NYY at ARI,NYY,"LF,RF,DH",0.5,+350,+350,+323,+350,+350,,,+320,,,,,+323,,,,,-575,-500,-529,-500,-575,,,-600,,,,,-529,,,,
2024-04-01,Lourdes Gurriel Jr.,/mlb/props/lourdes-gurriel-jr/,NYY at ARI,ARI,"LF,DH",0.5,+330,+350,+330,+350,+330,,,+300,+350,+350,,,+287,,,,,-525,-454,-525,-500,-525,,,-550,-590,-590,,,-454,,,,
2024-04-01,Geraldo Perdomo,/mlb/props/geraldo-perdomo/,NYY at ARI,ARI,SS,0.5,+550,+495,+550,+600,+550,,,+450,,,,,+495,,,,,-1100,-1000,-1004,-1000,-1100,,,-1100,,,,,-1004,,,,
2024-04-01,Gabriel Moreno,/mlb/props/gabriel-moreno/,NYY at ARI,ARI,C,0.5,+450,+475,+425,+475,+475,,,+400,+425,+425,,,+414,,,,,-800,-750,-835,-750,-900,,,-900,-835,-835,,,-754,,,,
2024-04-01,Juan Soto,/mlb/props/juan-soto/,NYY at ARI,NYM,"LF,RF,DH",0.5,+290,+320,+310,+310,+310,,,+270,+320,+320,,,+275,,,,,-450,-425,-475,-425,-475,,,-500,-530,-530,,,-429,,,,
2024-04-01,Aaron Judge,/mlb/props/aaron-judge/,NYY at ARI,NYY,"LF,CF,RF,DH",0.5,+320,+320,+300,+320,+320,,,+280,,,,,+300,,,,,-500,-450,-479,-450,-500,,,-525,,,,,-479,,,,
2024-04-01,Ketel Marte,/mlb/props/ketel-marte/,NYY at ARI,ARI,"2B,DH",0.5,+300,+320,+310,+320,+310,,,+280,+320,+320,,,+287,,,,,-450,-450,-475,-450,-475,,,-525,-530,-530,,,-454,,,,
2024-04-01,Eugenio Suarez,/mlb/props/eugenio-suarez/,NYY at ARI,CIN,"3B,DH",0.5,+500,+500,+500,+525,+500,,,+450,,,,,+431,,,,,-900,-804,-850,-850,-1000,,,-1000,,,,,-804,,,,
2024-04-01,Joc Pederson,/mlb/props/joc-pederson/,NYY at ARI,TEX,DH,0.5,+400,+410,+370,+375,+370,,,+320,+410,+410,,,+334,,,,,-650,-550,-600,-550,-600,,,-650,-770,-770,,,-554,,,,
2024-04-01,Anthony Rizzo,/mlb/props/anthony-rizzo/,NYY at ARI,FA,1B,0.5,+330,+350,+340,+350,+340,,,+300,+340,+340,,,+311,,,,,-525,-500,-525,-500,-525,,,-550,-590,-590,,,-504,,,,
2024-04-01,Gleyber Torres,/mlb/props/gleyber-torres/,NYY at ARI,DET,2B,0.5,+265,+290,+265,+265,+265,,,+230,+290,+290,,,+236,,,,,-390,-354,-390,-360,-390,,,-400,-480,-480,,,-354,,,,
2024-04-01,Alex Verdugo,/mlb/props/alex-verdugo/,NYY at ARI,FA,"LF,RF",0.5,+330,+370,+340,+350,+340,,,+320,+370,+370,,,+311,,,,,-500,-500,-550,-500,-550,,,-600,-670,-670,,,-504,,,,
2024-04-01,Anthony Volpe,/mlb/props/anthony-volpe/,NYY at ARI,NYY,SS,0.5,+310,+390,+310,+310,+310,,,+270,+390,+390,,,+287,,,,,-475,-425,-500,-425,-475,,,-500,-715,-715,,,-454,,,,
2024-04-01,Oswaldo Cabrera,/mlb/props/oswaldo-cabrera/,NYY at ARI,NYY,3B,0.5,+370,+375,+334,+375,+370,,,+320,,,,,+334,,,,,-600,-550,-600,-550,-600,,,-650,,,,,-554,,,,
2024-04-01,Jake McCarthy,/mlb/props/jake-mccarthy/,NYY at ARI,COL,"LF,CF,RF",0.5,+450,+500,+450,+450,+450,,,+380,+500,+500,,,+395,,,,,-800,-700,-800,-700,-750,,,-800,-1115,-1115,,,-704,,,,
2024-04-01,Christian Walker,/mlb/props/christian-walker/,NYY at ARI,HOU,1B,0.5,+380,+380,+345,+375,+380,,,+320,+380,+380,,,+345,,,,,-650,-550,-650,-550,-650,,,-650,-715,-715,,,-579,,,,
2024-04-01,Austin Wells,/mlb/props/austin-wells/,NYY at ARI,NYY,C,0.5,+330,+350,+330,+350,+330,,,,,,,,+311,,,,,-525,-500,-504,-500,-525,,,,,,,,-504,,,,
2024-04-01,Jorge Soler,/mlb/props/jorge-soler/,SF at LAD,LAA,"RF,DH",0.5,+450,+475,+414,+475,+475,,,+400,,,,,+414,,,,,-800,-750,-754,-750,-900,,,-900,,,,,-754,,,,
2024-04-01,Wilmer Flores,/mlb/props/wilmer-flores/,SF at LAD,FA,"1B,DH",0.5,+425,+425,+376,+425,+425,,,+360,,,,,+376,,,,,-700,-650,-700,-650,-700,,,-750,,,,,-654,,,,
2024-04-01,Jung Hoo Lee,/mlb/props/jung-lee/,SF at LAD,SF,"CF,RF",0.5,+390,+375,+334,+375,+370,,,+320,,,,,+334,,,,,-650,-550,-600,-550,-600,,,-650,,,,,-554,,,,
2024-04-01,Matt Chapman,/mlb/props/matt-chapman/,SF at LAD,SF,3B,0.5,+400,+425,+400,+400,+400,,,+350,+425,+425,,,+366,,,,,-700,-600,-700,-600,-700,,,-700,-835,-835,,,-629,,,,
2024-04-01,Austin Slater,/mlb/props/austin-slater/,SF at LAD,FA,"LF,CF,RF",0.5,+475,+475,+400,+475,+475,,,+400,,,,,+395,,,,,-800,-704,-800,-750,-800,,,-900,,,,,-704,,,,
2024-04-01,Gavin Lux,/mlb/props/gavin-lux/,SF at LAD,TB,"2B,3B,LF,DH",0.5,+500,+500,+500,+525,+500,,,+450,,,,,+448,,,,,-900,-850,-900,-850,-900,,,-1000,,,,,-854,,,,
2024-04-01,Max Muncy,/mlb/props/max-muncy/,SF at LAD,LAD,3B,0.5,+450,+450,+414,+450,+450,,,+380,+380,+380,,,+414,,,,,-800,-700,-754,-700,-800,,,-800,-715,-715,,,-754,,,,
2024-04-01,Jason Heyward,/mlb/props/jason-heyward/,SF at LAD,FA,"LF,RF",0.5,+500,+500,+500,+525,+500,,,+450,,,,,+431,,,,,-1000,-804,-850,-850,-1000,,,-1000,,,,,-804,,,,
2024-04-01,Chris Taylor,/mlb/props/chris-taylor/,SF at LAD,FA,"2B,LF,CF,RF",0.5,+500,+500,+500,+550,+500,,,+450,,,,,+464,,,,,-1000,-900,-904,-900,-1000,,,-1000,,,,,-904,,,,
2024-04-01,Nick Ahmed,/mlb/props/nick-ahmed/,SF at LAD,FA,SS,0.5,+550,+480,+550,+600,+550,,,+450,,,,,+480,,,,,-1100,-954,-1000,-1000,-1100,,,-1100,,,,,-954,,,,
2024-04-01,Thairo Estrada,/mlb/props/thairo-estrada/,SF at LAD,FA,2B,0.5,+425,+475,+450,+475,+450,,,+380,,,,,+395,,,,,-700,-704,-750,-750,-800,,,-800,,,,,-704,,,,
2024-04-01,LaMonte Wade Jr.,/mlb/props/lamonte-wade/,SF at LAD,HOU,"1B,RF",0.5,+550,+480,+480,+550,+550,,,+450,,,,,+480,,,,,-1100,-900,-954,-900,-1100,,,-1100,,,,,-954,,,,
2024-04-01,Luis Matos,/mlb/props/luis-matos/,SF at LAD,MIL,"LF,CF,RF",0.5,+475,+475,+414,+475,+475,,,+400,,,,,+414,,,,,-900,-750,-754,-750,-900,,,-900,,,,,-754,,,,
2024-04-01,James Outman,/mlb/props/james-outman/,SF at LAD,DET,"LF,CF,RF",0.5,+500,+500,+500,+525,+500,,,+450,+510,+510,,,+464,,,,,-1000,-850,-1000,-850,-1000,,,-1000,-1115,-1115,,,-904,,,,
2024-04-01,Tom Murphy,/mlb/props/tom-murphy/,SF at LAD,FA,C,0.5,+425,+425,+376,+425,+425,,,+360,,,,,+376,,,,,-700,-650,-654,-650,-750,,,-750,,,,,-654,,,,
2024-04-01,Teoscar Hernandez,/mlb/props/teoscar-hernandez/,SF at LAD,LAD,"LF,RF",0.5,+450,+450,+440,+450,+450,,,+380,+440,+440,,,+395,,,,,-800,-700,-800,-700,-800,,,-800,-835,-835,,,-704,,,,
2024-04-01,Freddie Freeman,/mlb/props/freddie-freeman/,SF at LAD,LAD,1B,0.5,+320,+340,+320,+320,+330,,,+280,+340,+340,,,+287,,,,,-475,-450,-525,-450,-525,,,-525,-590,-590,,,-454,,,,
2024-04-01,Shohei Ohtani,/mlb/props/shohei-ohtani/,SF at LAD,LAD,"SP,DH",0.5,+360,+350,+340,+350,+340,,,+320,,,,,+311,,,,,-575,-500,-550,-500,-550,,,-600,,,,,-504,,,,
2024-04-01,Will Smith,/mlb/props/will-smith-c/,SF at LAD,LAD,C,0.5,+360,+420,+350,+350,+360,,,+320,+420,+420,,,+323,,,,,-575,-500,-575,-500,-575,,,-600,-770,-770,,,-529,,,,
2024-04-01,Mookie Betts,/mlb/props/mookie-betts/,SF at LAD,LAD,SS,0.5,+330,+360,+350,+350,+350,,,+320,+360,+360,,,+311,,,,,-525,-500,-550,-500,-550,,,-600,-625,-625,,,-504,,,,
2024-04-01,Tyler Fitzgerald,/mlb/props/tyler-fitzgerald/,SF at LAD,FA,2B,0.5,+600,+495,+495,,+600,,,+450,,,,,+495,,,,,-1200,-1004,-1100,,-1200,,,-1100,,,,,-1004,,,,
2024-04-01,Patrick Bailey,/mlb/props/patrick-bailey/,SF at LAD,CLE,C,0.5,+500,+500,+431,+500,+500,,,+400,,,,,+431,,,,,-1000,-800,-900,-800,-1000,,,-900,,,,,-804,,,,
2024-04-01,Michael Conforto,/mlb/props/michael-conforto/,SF at LAD,CHC,"LF,RF,DH",0.5,+500,+500,+500,+525,+500,,,+450,+600,+600,,,+464,,,,,-1000,-850,-1000,-850,-1000,,,-1000,-1430,-1430,,,-904,,,,
2024-04-02,Willy Adames,/mlb/props/willy-adames/,MIN at MIL,SF,SS,0.5,+450,+450,+414,+425,+425,,,+360,+450,+450,,,+414,,,,,-800,-650,-754,-650,-750,,,-750,-910,-910,,,-754,,,,
2024-04-02,Rhys Hoskins,/mlb/props/rhys-hoskins/,MIN at MIL,CLE,"1B,DH",0.5,+475,+475,+414,+475,+475,,,+400,+410,+410,,,+414,,,,,-900,-750,-770,-750,-900,,,-900,-770,-770,,,-754,,,,
2024-04-02,Willi Castro,/mlb/props/willi-castro/,MIN at MIL,COL,"1B,2B,3B,SS,LF,RF",0.5,+475,+450,+395,+450,+450,,,+380,,,,,+395,,,,,-800,-700,-750,-700,-750,,,-800,,,,,-704,,,,
2024-04-02,William Contreras,/mlb/props/william-contreras/,MIN at MIL,MIL,"C,DH",0.5,+400,+400,+390,+400,+390,,,+350,+390,+390,,,+355,,,,,-700,-600,-650,-600,-650,,,-700,-715,-715,,,-604,,,,
2024-04-02,Joey Ortiz,/mlb/props/joey-ortiz/,MIN at MIL,MIL,"3B,SS",0.5,+600,+500,+522,+600,+600,,,+500,,,,,+522,,,,,-1200,-1000,-1104,-1000,-1200,,,-1200,,,,,-1104,,,,
2024-04-02,Ryan Jeffers,/mlb/props/ryan-jeffers/,MIN at MIL,MIN,"C,DH",0.5,+500,+500,+500,+525,+500,,,+450,,,,,+431,,,,,-900,-804,-850,-850,-1000,,,-1000,,,,,-804,,,,
2024-04-02,Brice Turang,/mlb/props/brice-turang/,MIN at MIL,MIL,2B,0.5,+475,+475,+414,+475,+475,,,+400,,,,,+414,,,,,-800,-750,-754,-750,-900,,,-900,,,,,-754,,,,
2024-04-02,Gary Sanchez,/mlb/props/gary-sanchez/,MIN at MIL,MIL,"C,1B,DH",0.5,+500,+500,+500,+525,+500,,,+450,,,,,+448,,,,,-1000,-850,-854,-850,-1000,,,-1000,,,,,-854,,,,
2024-04-02,Christian Yelich,/mlb/props/christian-yelich/,MIN at MIL,MIL,"LF,DH",0.5,+380,+390,+375,+375,+380,,,+320,+390,+390,,,+345,,,,,-650,-550,-650,-550,-650,,,-650,-715,-715,,,-579,,,,
2024-04-02,Alex Kirilloff,/mlb/props/alex-kirilloff/,MIN at MIL,FA,"1B,LF,RF",0.5,+390,+360,+345,+350,+350,,,+320,+360,+360,,,+345,,,,,-650,-500,-579,-500,-550,,,-600,-625,-625,,,-579,,,,
2024-04-02,Jake Bauers,/mlb/props/jake-bauers/,MIN at MIL,MIL,"1B,LF,RF",0.5,+500,+475,+431,+475,+475,,,+400,,,,,+431,,,,,-900,-750,-804,-750,-900,,,-900,,,,,-804,,,,
2024-04-02,Carlos Santana,/mlb/props/carlos-santana/,MIN at MIL,ATL,1B,0.5,+390,+460,+425,+425,+425,,,+360,+460,+460,,,+345,,,,,-650,-579,-700,-650,-700,,,-750,-910,-910,,,-579,,,,
2024-04-02,Carlos Correa,/mlb/props/carlos-correa/,MIN at MIL,HOU,"3B,SS",0.5,+370,+400,+370,+400,+400,,,+350,+370,+370,,,+334,,,,,-600,-554,-650,-600,-650,,,-700,-670,-670,,,-554,,,,
2024-04-02,Max Kepler,/mlb/props/max-kepler/,MIN at MIL,ARI,"LF,RF",0.5,+340,+350,+323,+350,+350,,,+320,,,,,+323,,,,,-525,-500,-550,-500,-550,,,-600,,,,,-529,,,,
2024-04-02,Sal Frelick,/mlb/props/sal-frelick/,MIN at MIL,MIL,"LF,CF,RF",0.5,+425,+425,+400,+425,+400,,,+360,+410,+410,,,+366,,,,,-700,-629,-700,-650,-700,,,-750,-770,-770,,,-629,,,,
2024-04-02,Oliver Dunn,/mlb/props/oliver-dunn/,MIN at MIL,TB,3B,0.5,+550,+500,+500,+525,+500,,,+450,,,,,+464,,,,,-1000,-850,-904,-850,-1000,,,-1000,,,,,-904,,,,
2024-04-02,Christian Vazquez,/mlb/props/christian-vazquez/,MIN at MIL,HOU,C,0.5,+550,+495,+550,+600,+550,,,+450,,,,,+495,,,,,-1100,-1000,-1004,-1000,-1100,,,-1100,,,,,-1004,,,,
2024-04-02,Byron Buxton,/mlb/props/byron-buxton/,MIN at MIL,MIN,"CF,DH",0.5,+425,+450,+400,+450,+450,,,+380,+400,+400,,,+376,,,,,-750,-654,-770,-700,-800,,,-800,-770,-770,,,-654,,,,
2024-04-02,Jackson Chourio,/mlb/props/jackson-chourio/,MIN at MIL,MIL,"LF,CF,RF",0.5,+475,+500,+450,+525,+500,,,+450,,,,,+414,,,,,-800,-754,-850,-850,-1000,,,-1000,,,,,-754,,,,
2024-04-02,Matt Wallner,/mlb/props/matt-wallner/,MIN at MIL,MIN,"LF,RF",0.5,+500,+500,+460,+500,+500,,,+400,+460,+460,,,+431,,,,,-900,-800,-900,-800,-900,,,-900,-910,-910,,,-804,,,,
2024-04-02,Edouard Julien,/mlb/props/edouard-julien/,MIN at MIL,COL,"1B,2B,DH",0.5,+500,+500,+460,+500,+500,,,+400,+460,+460,,,+448,,,,,-1000,-800,-854,-800,-900,,,-900,-910,-910,,,-854,,,,
2024-04-02,Nelson Velazquez,/mlb/props/nelson-velazquez/,KC at BAL,STL,"LF,RF,DH",0.5,+425,+500,+400,+400,+390,,,+350,+500,+500,,,+376,,,,,-750,-600,-700,-600,-650,,,-700,-1115,-1115,,,-654,,,,
2024-04-02,Austin Hays,/mlb/props/austin-hays/,KC at BAL,CWS,"LF,DH",0.5,+425,+475,+425,+425,+425,,,+360,+475,+475,,,+376,,,,,-700,-650,-750,-650,-700,,,-750,-1000,-1000,,,-654,,,,
2024-04-02,Freddy Fermin,/mlb/props/freddy-fermin/,KC at BAL,SD,C,0.5,+390,+425,+400,+400,+425,,,+350,,,,,+334,,,,,-650,-554,-600,-600,-700,,,-700,,,,,-554,,,,
2024-04-02,Adley Rutschman,/mlb/props/adley-rutschman/,KC at BAL,BAL,"C,DH",0.5,+360,+450,+390,+400,+390,,,+350,+450,+450,,,+334,,,,,-575,-554,-650,-600,-650,,,-700,-910,-910,,,-554,,,,
2024-04-02,Nick Loftin,/mlb/props/nick-loftin/,KC at BAL,KC,"2B,3B,LF",0.5,+450,+475,+475,+475,+475,,,,+600,+600,,,+414,,,,,-800,-750,-900,-750,-900,,,,-1430,-1430,,,-754,,,,
2024-04-02,Ryan O'Hearn,/mlb/props/ryan-ohearn/,KC at BAL,PIT,"1B,LF,RF,DH",0.5,+425,+500,+425,+450,+425,,,+380,+500,+500,,,+366,,,,,-750,-629,-750,-700,-750,,,-800,-1000,-1000,,,-629,,,,
2024-04-02,Gunnar Henderson,/mlb/props/gunnar-henderson/,KC at BAL,BAL,"SS,DH",0.5,+370,+400,+375,+375,+380,,,+320,+400,+400,,,+345,,,,,-600,-550,-600,-550,-600,,,-650,-770,-770,,,-579,,,,
2024-04-02,Cedric Mullins II,/mlb/props/cedric-mullins/,KC at BAL,TB,CF,0.5,+450,+475,+475,+475,+475,,,+400,+550,+550,,,+395,,,,,-800,-704,-900,-750,-900,,,-900,-1250,-1250,,,-704,,,,
2024-04-02,Anthony Santander,/mlb/props/anthony-santander/,KC at BAL,TOR,"LF,RF,DH",0.5,+320,+350,+330,+350,+330,,,+300,,,,,+287,,,,,-500,-454,-500,-500,-525,,,-550,,,,,-454,,,,
2024-04-02,Ryan Mountcastle,/mlb/props/ryan-mountcastle/,KC at BAL,BAL,"1B,DH",0.5,+330,+380,+330,+350,+330,,,+300,+380,+380,,,+300,,,,,-500,-479,-550,-500,-525,,,-550,-670,-670,,,-479,,,,
2024-04-02,Vinnie Pasquantino,/mlb/props/vinnie-pasquantino/,KC at BAL,KC,"1B,DH",0.5,+425,+475,+425,+425,+425,,,+360,+475,+475,,,+386,,,,,-750,-650,-750,-650,-750,,,-750,-1000,-1000,,,-679,,,,
2024-04-02,Salvador Perez,/mlb/props/salvador-perez/,KC at BAL,KC,"C,1B,DH",0.5,+360,+430,+360,+375,+360,,,+320,+430,+430,,,+323,,,,,-575,-529,-650,-550,-575,,,-650,-835,-835,,,-529,,,,
2024-04-02,Kyle Isbel,/mlb/props/kyle-isbel/,KC at BAL,KC,CF,0.5,+550,+464,+464,+550,+550,,,+450,,,,,+464,,,,,-1000,-900,-904,-900,-1000,,,-1000,,,,,-904,,,,
2024-04-02,Bobby Witt Jr.,/mlb/props/bobby-witt-jr/,KC at BAL,KC,SS,0.5,+285,+360,+295,+310,+295,,,+270,+360,+360,,,+252,,,,,-425,-384,-450,-425,-450,,,-500,-625,-625,,,-384,,,,
2024-04-02,Tony Kemp,/mlb/props/anthony-kemp/,KC at BAL,FA,"2B,LF",0.5,+650,+500,+548,+650,+650,,,+500,,,,,+548,,,,,-1400,-1100,-1203,-1100,-1400,,,-1400,,,,,-1204,,,,
2024-04-02,Colton Cowser,/mlb/props/colton-cowser/,KC at BAL,BAL,"LF,CF,RF",0.5,+550,+480,+480,+550,+550,,,+450,,,,,+480,,,,,-1100,-900,-954,-900,-1100,,,-1100,,,,,-954,,,,
2024-04-02,Garrett Hampson,/mlb/props/garrett-hampson/,KC at BAL,CIN,"2B,LF,CF",0.5,+475,+475,+414,+475,+475,,,+380,,,,,+414,,,,,-800,-750,-754,-750,-800,,,-800,,,,,-754,,,,
2024-04-02,Maikel Garcia,/mlb/props/maikel-garcia/,KC at BAL,KC,"2B,3B,SS,OF",0.5,+330,+400,+340,+320,+340,,,+300,+400,+400,,,+300,,,,,-525,-450,-525,-450,-525,,,-550,-715,-715,,,-479,,,,
2024-04-02,Ramon Urias,/mlb/props/ramon-urias/,KC at BAL,STL,"2B,3B",0.5,+475,+475,+431,+475,+450,,,+380,,,,,+431,,,,,-900,-750,-800,-750,-800,,,-800,,,,,-804,,,,
2024-04-02,Hunter Renfroe,/mlb/props/hunter-renfroe/,KC at BAL,FA,RF,0.5,+380,+480,+390,+400,+390,,,+350,+480,+480,,,+345,,,,,-600,-579,-700,-600,-650,,,-700,-1000,-1000,,,-579,,,,
2024-04-02,Jordan Westburg,/mlb/props/jordan-westburg/,KC at BAL,BAL,"2B,3B",0.5,+425,+425,+386,+425,+425,,,+360,,,,,+386,,,,,-700,-650,-700,-650,-700,,,-750,,,,,-679,,,,
2024-04-02,Jo Adell,/mlb/props/jo-adell/,LAA at MIA,LAA,"LF,CF,RF",0.5,+500,+500,+500,+550,+500,,,+450,,,,,+448,,,,,-1000,-854,-900,-900,-1000,,,-1000,,,,,-854,,,,
2024-04-02,Mike Trout,/mlb/props/mike-trout/,LAA at MIA,LAA,"CF,RF,DH",0.5,+370,+400,+375,+400,+390,,,+350,+375,+375,,,+334,,,,,-600,-554,-650,-600,-650,,,-700,-670,-670,,,-554,,,,
2024-04-02,Anthony Rendon,/mlb/props/anthony-rendon/,LAA at MIA,LAA,3B,0.5,+330,+380,+350,+350,+350,,,+320,+380,+380,,,+311,,,,,-525,-500,-550,-500,-550,,,-600,-670,-670,,,-504,,,,
2024-04-02,Bryan De La Cruz,/mlb/props/bryan-de-la-cruz/,LAA at MIA,PHI,LF,0.5,+350,+350,+320,+350,+350,,,+320,+320,+320,,,+311,,,,,-550,-500,-550,-500,-550,,,-600,-560,-560,,,-504,,,,
2024-04-02,Nolan Schanuel,/mlb/props/nolan-schanuel/,LAA at MIA,LAA,1B,0.5,+550,+495,+550,+600,+550,,,+450,,,,,+495,,,,,-1200,-1000,-1100,-1000,-1200,,,-1100,,,,,-1004,,,,
2024-04-02,Luis Arraez,/mlb/props/luis-arraez/,LAA at MIA,SF,"1B,2B,DH",0.5,+340,+350,+311,+350,+330,,,+300,+310,+310,,,+311,,,,,-550,-500,-525,-500,-525,,,-550,-530,-530,,,-504,,,,
2024-04-02,Logan O'Hoppe,/mlb/props/logan-ohoppe/,LAA at MIA,LAA,C,0.5,+400,+450,+425,+425,+425,,,+360,+450,+450,,,+355,,,,,-650,-604,-700,-650,-700,,,-750,-910,-910,,,-604,,,,
2024-04-02,Tim Anderson,/mlb/props/tim-anderson/,LAA at MIA,FA,"2B,SS",0.5,+370,+400,+380,+400,+400,,,+350,+380,+380,,,+345,,,,,-600,-579,-700,-600,-700,,,-700,-715,-715,,,-579,,,,
2024-04-02,Avisail Garcia,/mlb/props/avisail-garcia/,LAA at MIA,FA,"LF,RF",0.5,+425,+425,+390,+425,+425,,,+360,+390,+390,,,+386,,,,,-750,-650,-715,-650,-750,,,-750,-715,-715,,,-679,,,,
2024-04-02,Zach Neto,/mlb/props/zach-neto/,LAA at MIA,LAA,SS,0.5,+450,+500,+475,+475,+475,,,+380,+500,+500,,,+366,,,,,-750,-629,-800,-750,-800,,,-800,-1115,-1115,,,-629,,,,
2024-04-02,Miguel Sano,/mlb/props/miguel-sano/,LAA at MIA,FA,"1B,3B",0.5,+450,+475,+414,+475,+475,,,+400,,,,,+414,,,,,-800,-750,-800,-750,-800,,,-900,,,,,-754,,,,
2024-04-02,Jonah Bride,/mlb/props/jonah-bride/,LAA at MIA,TEX,"1B,3B",0.5,+475,+500,+475,+475,+475,,,+400,+500,+500,,,+431,,,,,-900,-750,-900,-750,-900,,,-900,-1000,-1000,,,-804,,,,
2024-04-02,Brandon Drury,/mlb/props/brandon-drury/,LAA at MIA,KC,"1B,2B,3B",0.5,+380,+410,+390,+400,+390,,,+350,+410,+410,,,+334,,,,,-600,-554,-650,-600,-650,,,-700,-770,-770,,,-554,,,,
2024-04-02,Vidal Brujan,/mlb/props/vidal-brujan-2b/,LAA at MIA,NYM,"3B,SS,OF",0.5,+475,+450,+414,+450,+450,,,+380,,,,,+414,,,,,-900,-700,-754,-700,-800,,,-800,,,,,-754,,,,
2024-04-02,Jazz Chisholm Jr.,/mlb/props/jasrado-chisholm/,LAA at MIA,NYY,"2B,3B",0.5,+450,+450,+400,+450,+450,,,+380,+400,+400,,,+386,,,,,-800,-679,-715,-700,-750,,,-800,-715,-715,,,-679,,,,
2024-04-02,Nick Fortes,/mlb/props/nick-fortes/,LAA at MIA,TB,C,0.5,+380,+425,+360,+425,+425,,,+360,,,,,+345,,,,,-650,-579,-650,-650,-750,,,-750,,,,,-579,,,,
2024-04-02,Jake Burger,/mlb/props/jake-burger-3b/,LAA at MIA,TEX,1B,0.5,+310,+320,+290,+320,+310,,,+280,+290,+290,,,+287,,,,,-475,-450,-475,-450,-475,,,-525,-480,-480,,,-454,,,,
2024-04-02,Josh Bell,/mlb/props/josh-bell/,LAA at MIA,MIN,"1B,DH",0.5,+320,+320,+310,+320,+320,,,+280,+310,+310,,,+287,,,,,-500,-450,-475,-450,-475,,,-525,-500,-500,,,-454,,,,
2024-04-02,Aaron Hicks,/mlb/props/aaron-hicks/,LAA at MIA,FA,"LF,CF,RF",0.5,+400,+425,+420,+425,+425,,,+360,+420,+420,,,+355,,,,,-650,-604,-700,-650,-700,,,-750,-770,-770,,,-604,,,,
2024-04-02,Taylor Ward,/mlb/props/taylor-ward/,LAA at MIA,BAL,LF,0.5,+370,+390,+370,+375,+370,,,+320,+390,+390,,,+345,,,,,-600,-550,-600,-550,-600,,,-650,-715,-715,,,-579,,,,
2024-04-02,Will Benson,/mlb/props/will-benson/,CIN at PHI,CIN,"LF,CF,RF",0.5,+425,+425,+386,+425,+425,,,+360,,,,,+386,,,,,-750,-650,-679,-650,-750,,,-750,,,,,-679,,,,
2024-04-02,Tyler Stephenson,/mlb/props/tyler-stephenson/,CIN at PHI,CIN,C,0.5,+550,+495,+550,+600,+550,,,+450,+600,+600,,,+495,,,,,-1100,-1000,-1100,-1000,-1100,,,-1100,-1430,-1430,,,-1004,,,,
2024-04-02,Nick Castellanos,/mlb/props/nick-castellanos/,CIN at PHI,FA,"RF,DH",0.5,+475,+500,+450,+450,+450,,,+380,+500,+500,,,+414,,,,,-900,-700,-800,-700,-800,,,-800,-1115,-1115,,,-754,,,,
2024-04-02,Garrett Stubbs,/mlb/props/garrett-stubbs/,CIN at PHI,PHI,"C,DH",0.5,+600,+495,+495,+600,+600,,,+450,,,,,+495,,,,,-1200,-1000,-1100,-1000,-1200,,,-1100,,,,,-1004,,,,
2024-04-02,J.T. Realmuto,/mlb/props/jt-realmuto/,CIN at PHI,PHI,C,0.5,+380,+440,+390,+400,+390,,,+350,+440,+440,,,+345,,,,,-600,-579,-650,-600,-650,,,-700,-835,-835,,,-579,,,,
2024-04-02,Jake Fraley,/mlb/props/jake-fraley/,CIN at PHI,TB,"LF,RF",0.5,+425,+400,+400,+400,+400,,,+350,+575,+575,,,+395,,,,,-750,-600,-704,-600,-700,,,-700,-1430,-1430,,,-704,,,,
2024-04-02,Bryce Harper,/mlb/props/bryce-harper/,CIN at PHI,PHI,"1B,DH",0.5,+390,+460,+390,+400,+390,,,+350,+460,+460,,,+345,,,,,-650,-579,-650,-600,-650,,,-700,-910,-910,,,-579,,,,
2024-04-02,Brandon Marsh,/mlb/props/brandon-marsh/,CIN at PHI,PHI,"LF,CF,RF",0.5,+475,+475,+431,+475,+450,,,+380,,,,,+431,,,,,-900,-750,-800,-750,-800,,,-800,,,,,-804,,,,
2024-04-02,Elly De La Cruz,/mlb/props/elly-de-la-cruz/,CIN at PHI,CIN,SS,0.5,+450,+425,+425,+425,+425,,,+360,+700,+700,,,+395,,,,,-750,-650,-750,-650,-750,,,-750,-2000,-2000,,,-704,,,,
2024-04-02,Kyle Schwarber,/mlb/props/kyle-schwarber/,CIN at PHI,PHI,"LF,DH",0.5,+450,+460,+425,+425,+450,,,+360,+460,+460,,,+386,,,,,-750,-650,-750,-650,-800,,,-750,-910,-910,,,-679,,,,
2024-04-02,Johan Rojas,/mlb/props/johan-rojas/,CIN at PHI,PHI,CF,0.5,+550,+500,+500,+525,+500,,,+450,,,,,+464,,,,,-1000,-850,-904,-850,-900,,,-1000,,,,,-904,,,,
2024-04-02,Nick Martini,/mlb/props/nick-martini/,CIN at PHI,FA,"LF,RF,DH",0.5,+475,+450,+414,+450,+450,,,+380,,,,,+414,,,,,-900,-700,-750,-700,-750,,,-800,,,,,-754,,,,
2024-04-02,Spencer Steer,/mlb/props/spencer-steer/,CIN at PHI,CIN,"1B,2B,LF,RF",0.5,+450,+475,+450,+475,+450,,,+380,+550,+550,,,+414,,,,,-800,-750,-800,-750,-800,,,-800,-1250,-1250,,,-754,,,,
2024-04-02,Bryson Stott,/mlb/props/bryson-stott-ss/,CIN at PHI,PHI,"2B,SS",0.5,+390,+480,+400,+400,+400,,,+350,+480,+480,,,+345,,,,,-650,-579,-700,-600,-650,,,-700,-1000,-1000,,,-579,,,,
2024-04-02,Christian Encarnacion-Strand,/mlb/props/christian-encarnacion-strand/,CIN at PHI,BAL,"1B,3B",0.5,+450,+500,+450,+450,+450,,,+380,+500,+500,,,+414,,,,,-800,-700,-800,-700,-800,,,-800,-1115,-1115,,,-754,,,,
2024-04-02,Jonathan India,/mlb/props/jonathan-india/,CIN at PHI,KC,"2B,3B,LF,DH",0.5,+450,+450,+425,+425,+450,,,+360,+550,+550,,,+386,,,,,-800,-650,-750,-650,-750,,,-750,-1250,-1250,,,-679,,,,
2024-04-02,Jeimer Candelario,/mlb/props/jeimer-candelario/,CIN at PHI,LAA,"1B,3B",0.5,+400,+390,+390,+375,+390,,,+320,+525,+525,,,+366,,,,,-700,-550,-650,-550,-650,,,-650,-1115,-1115,,,-629,,,,
2024-04-02,Trea Turner,/mlb/props/trea-turner/,CIN at PHI,PHI,SS,0.5,+320,+390,+330,+320,+330,,,+300,+390,+390,,,+300,,,,,-500,-450,-550,-450,-500,,,-550,-715,-715,,,-479,,,,
2024-04-02,Alec Bohm,/mlb/props/alec-bohm/,CIN at PHI,PHI,"1B,3B",0.5,+380,+460,+370,+375,+370,,,+320,+460,+460,,,+334,,,,,-600,-550,-650,-550,-600,,,-650,-910,-910,,,-554,,,,
2024-04-02,Ezequiel Duran,/mlb/props/ezequiel-duran/,TEX at TB,TEX,"1B,2B,3B,SS,LF,RF",0.5,+425,+500,+450,+450,+450,,,+380,+500,+500,,,+376,,,,,-700,-654,-800,-700,-800,,,-800,-1000,-1000,,,-654,,,,
2024-04-02,Rene Pinto,/mlb/props/rene-pinto/,TEX at TB,PHI,C,0.5,+500,+500,+475,+525,+500,,,+450,+475,+475,,,+464,,,,,-1000,-850,-904,-850,-900,,,-1000,-1000,-1000,,,-904,,,,
2024-04-02,Leody Taveras,/mlb/props/leody-taveras-of/,TEX at TB,BAL,"CF,RF",0.5,+400,+425,+360,+425,+425,,,+360,,,,,+355,,,,,-700,-604,-650,-650,-750,,,-750,,,,,-604,,,,
2024-04-02,Yandy Diaz,/mlb/props/yandy-diaz/,TEX at TB,TB,"1B,DH",0.5,+275,+295,+270,+280,+270,,,+240,+295,+295,,,+262,,,,,-400,-380,-425,-380,-400,,,-425,-480,-480,,,-404,,,,
2024-04-02,Corey Seager,/mlb/props/corey-seager/,TEX at TB,TEX,SS,0.5,+320,+320,+300,+320,+310,,,+280,+300,+300,,,+287,,,,,-475,-450,-475,-450,-475,,,-525,-500,-500,,,-454,,,,
2024-04-02,Jared Walsh,/mlb/props/jared-walsh/,TEX at TB,FA,"1B,RF",0.5,+550,+480,+480,+550,+550,,,+450,,,,,+480,,,,,-1100,-900,-954,-900,-1100,,,-1100,,,,,-954,,,,
2024-04-02,Jose Siri,/mlb/props/jose-siri/,TEX at TB,LAA,"LF,CF",0.5,+475,+475,+414,+450,+475,,,+380,+410,+410,,,+414,,,,,-900,-700,-770,-700,-800,,,-800,-770,-770,,,-754,,,,
2024-04-02,Marcus Semien,/mlb/props/marcus-semien/,TEX at TB,NYM,2B,0.5,+320,+375,+320,+320,+330,,,+280,+375,+375,,,+287,,,,,-500,-450,-500,-450,-500,,,-525,-670,-670,,,-454,,,,
2024-04-02,Amed Rosario,/mlb/props/amed-rosario/,TEX at TB,NYY,"2B,3B,OF",0.5,+310,+410,+310,+310,+310,,,+280,+410,+410,,,+287,,,,,-475,-425,-525,-425,-475,,,-525,-770,-770,,,-454,,,,
2024-04-02,Evan Carter,/mlb/props/evan-carter/,TEX at TB,TEX,"LF,CF,RF",0.5,+450,+450,+450,+450,+450,,,+380,+450,+450,,,+386,,,,,-750,-679,-800,-700,-800,,,-800,-910,-910,,,-679,,,,
2024-04-02,Harold Ramirez,/mlb/props/harold-ramirez-of/,TEX at TB,FA,"LF,RF,DH",0.5,+310,+340,+320,+320,+320,,,+280,+340,+340,,,+287,,,,,-475,-450,-500,-450,-500,,,-525,-590,-590,,,-454,,,,
2024-04-02,Jose Caballero,/mlb/props/jose-caballero/,TEX at TB,NYY,"2B,3B,SS,LF,RF",0.5,+425,+450,+450,+450,+450,,,+380,+510,+510,,,+376,,,,,-700,-654,-800,-700,-800,,,-800,-1115,-1115,,,-654,,,,
2024-04-02,Curtis Mead,/mlb/props/curtis-meade/,TEX at TB,WSH,"1B,2B,3B",0.5,+400,+430,+380,+375,+380,,,,+430,+430,,,+366,,,,,-650,-550,-629,-550,-600,,,,-835,-835,,,-629,,,,
2024-04-02,Josh Smith,/mlb/props/josh-smith-ss/,TEX at TB,TEX,"1B,2B,3B,SS,LF,RF",0.5,+500,+475,+448,+475,+475,,,+400,,,,,+448,,,,,-900,-750,-854,-750,-900,,,-900,,,,,-854,,,,
2024-04-02,Jonah Heim,/mlb/props/jonah-heim/,TEX at TB,ATH,"C,DH",0.5,+360,+420,+375,+375,+380,,,+320,+420,+420,,,+323,,,,,-575,-529,-600,-550,-600,,,-650,-770,-770,,,-529,,,,
2024-04-02,Isaac Paredes,/mlb/props/isaac-paredes/,TEX at TB,HOU,"1B,3B,DH",0.5,+340,+400,+340,+350,+340,,,+300,+400,+400,,,+311,,,,,-550,-500,-550,-500,-525,,,-550,-770,-770,,,-504,,,,
2024-04-02,Wyatt Langford,/mlb/props/wyatt-langford/,TEX at TB,TEX,"LF,CF",0.5,+400,+440,+425,+425,+425,,,+360,+440,+440,,,+366,,,,,-650,-629,-700,-650,-700,,,-750,-835,-835,,,-629,,,,
2024-04-02,Randy Arozarena,/mlb/props/randy-arozarena/,TEX at TB,SEA,"LF,CF",0.5,+340,+350,+340,+350,+340,,,+320,+350,+350,,,+311,,,,,-550,-500,-550,-500,-550,,,-600,-625,-625,,,-504,,,,
2024-04-02,Adolis Garcia,/mlb/props/jose-adolis-garcia/,TEX at TB,PHI,RF,0.5,+390,+400,+350,+400,+400,,,+350,+350,+350,,,+334,,,,,-650,-554,-625,-600,-650,,,-700,-625,-625,,,-554,,,,
2024-04-02,Christopher Morel,/mlb/props/christopher-morel/,COL at CHC,MIA,"1B,LF,DH",0.5,+425,+400,+350,+400,+400,,,+350,+340,+340,,,+300,,,,,-700,-479,-590,-600,-650,,,-700,-590,-590,,,-479,,,,
2024-04-02,Yan Gomes,/mlb/props/yan-gomes/,COL at CHC,FA,C,0.5,+400,+375,+334,+375,+370,,,+320,,,,,+334,,,,,-700,-550,-554,-550,-600,,,-600,,,,,-554,,,,
2024-04-02,Michael Toglia,/mlb/props/mike-toglia/,COL at CHC,CIN,1B,0.5,+400,+475,+414,+475,+475,,,+380,,,,,+414,,,,,-900,-750,-754,-750,-800,,,-800,,,,,-754,,,,
2024-04-02,Brenton Doyle,/mlb/props/brenton-doyle/,COL at CHC,COL,CF,0.5,+550,+495,+495,+550,+550,,,+450,,,,,+495,,,,,-1100,-900,-1000,-900,-1000,,,-1100,,,,,-1004,,,,
2024-04-02,Cody Bellinger,/mlb/props/cody-bellinger/,COL at CHC,NYY,"LF,CF,RF",0.5,+425,+400,+350,+400,+400,,,+350,+340,+340,,,+345,,,,,-750,-579,-600,-600,-700,,,-700,-590,-590,,,-579,,,,
2024-04-02,Ezequiel Tovar,/mlb/props/ezequiel-tovar/,COL at CHC,COL,SS,0.5,+475,+450,+414,+450,+450,,,+380,,,,,+414,,,,,-900,-700,-754,-700,-800,,,-800,,,,,-754,,,,
2024-04-02,Kris Bryant,/mlb/props/kris-bryant/,COL at CHC,COL,DH,0.5,+450,+475,+400,+475,+475,,,+400,,,,,+395,,,,,-800,-704,-750,-750,-900,,,-900,,,,,-704,,,,
2024-04-02,Miguel Amaya,/mlb/props/miguel-amaya-c/,COL at CHC,CHC,"C,DH",0.5,+425,+425,+386,+425,+425,,,+360,,,,,+386,,,,,-750,-650,-679,-650,-750,,,-750,,,,,-679,,,,
2024-04-02,Ryan McMahon,/mlb/props/ryan-mcmahon/,COL at CHC,NYY,3B,0.5,+600,+500,+500,+525,+500,,,+450,,,,,+431,,,,,-1400,-804,-850,-850,-1000,,,-1000,,,,,-804,,,,
2024-04-02,Elias Diaz,/mlb/props/elias-diaz/,COL at CHC,TEX,C,0.5,+450,+475,+410,+475,+475,,,+380,+410,+410,,,+386,,,,,-800,-679,-750,-750,-800,,,-800,-770,-770,,,-679,,,,
2024-04-02,Dansby Swanson,/mlb/props/dansby-swanson/,COL at CHC,CHC,SS,0.5,+380,+375,+320,+375,+370,,,+320,+360,+360,,,+275,,,,,-600,-429,-550,-550,-600,,,-650,-625,-625,,,-429,,,,
2024-04-02,Brendan Rodgers,/mlb/props/brendan-rodgers/,COL at CHC,BOS,2B,0.5,+450,+450,+380,+450,+450,,,+380,,,,,+366,,,,,-750,-629,-700,-700,-750,,,-800,,,,,-629,,,,
2024-04-02,Nick Madrigal,/mlb/props/nick-madrigal/,COL at CHC,TB,"2B,3B",0.5,+425,+500,+450,+525,+500,,,+450,,,,,+386,,,,,-750,-679,-850,-850,-1000,,,-1000,,,,,-679,,,,
2024-04-02,Charlie Blackmon,/mlb/props/charlie-blackmon/,COL at CHC,FA,"RF,DH",0.5,+500,+425,+400,+425,+400,,,+360,,,,,+355,,,,,-900,-604,-650,-650,-650,,,-750,,,,,-604,,,,
2024-04-02,Michael Busch,/mlb/props/michael-busch-2b/,COL at CHC,CHC,1B,0.5,+600,+500,+500,+525,+500,,,+450,,,,,+448,,,,,-1400,-850,-854,-850,-1000,,,-1000,,,,,-854,,,,
2024-04-02,Garrett Cooper,/mlb/props/garrett-cooper/,COL at CHC,FA,1B,0.5,+425,+320,+287,+320,+320,,,+280,,,,,+287,,,,,-700,-450,-500,-450,-500,,,-525,,,,,-454,,,,
2024-04-02,Nico Hoerner,/mlb/props/nico-hoerner/,COL at CHC,CHC,"2B,SS",0.5,+330,+320,+280,+320,+320,,,+280,+320,+320,,,+227,,,,,-525,-339,-450,-450,-500,,,-525,-530,-530,,,-339,,,,
2024-04-02,Seiya Suzuki,/mlb/props/seiya-suzuki/,COL at CHC,CHC,"LF,RF,DH",0.5,+330,+320,+295,+320,+320,,,+280,+295,+295,,,+236,,,,,-525,-354,-450,-450,-500,,,-525,-480,-480,,,-354,,,,
2024-04-02,Elehuris Montero,/mlb/props/elehuris-montero-3b/,COL at CHC,FA,"1B,3B",0.5,+500,+500,+475,+475,+500,,,+400,,,,,+414,,,,,-1000,-750,-754,-750,-900,,,-900,,,,,-754,,,,
2024-04-02,Nolan Jones,/mlb/props/nolan-jones-3b/,COL at CHC,CWS,"LF,CF,RF",0.5,+600,+500,+475,+500,+475,,,+400,,,,,+414,,,,,-1200,-754,-800,-800,-900,,,-900,,,,,-754,,,,
2024-04-02,Ian Happ,/mlb/props/ian-happ/,COL at CHC,CHC,LF,0.5,+450,+330,+320,+320,+330,,,+300,,,,,+300,,,,,-800,-450,-500,-450,-500,,,-550,,,,,-479,,,,
2024-04-02,Matt Olson,/mlb/props/matt-olson/,ATL at CWS,ATL,1B,0.5,+400,+425,+390,+425,+425,,,+360,+390,+390,,,+386,,,,,-700,-650,-700,-650,-700,,,-750,-715,-715,,,-679,,,,
2024-04-02,Gavin Sheets,/mlb/props/gavin-sheets/,ATL at CWS,SD,"1B,LF,RF,DH",0.5,+500,+480,+480,+525,+550,,,+450,+440,+440,,,+480,,,,,-900,-850,-954,-850,-1000,,,-1000,-910,-910,,,-954,,,,
2024-04-02,Travis d'Arnaud,/mlb/props/travis-darnaud/,ATL at CWS,LAA,C,0.5,+360,+430,+370,+375,+370,,,+320,+430,+430,,,+334,,,,,-575,-550,-600,-550,-600,,,-650,-835,-835,,,-554,,,,
2024-04-02,Yoan Moncada,/mlb/props/yoan-moncada/,ATL at CWS,LAA,3B,0.5,+450,+475,+440,+475,+475,,,+400,+440,+440,,,+431,,,,,-800,-750,-804,-750,-900,,,-900,-910,-910,,,-804,,,,
2024-04-02,Martin Maldonado,/mlb/props/martin-maldonado/,ATL at CWS,FA,C,0.5,+700,+600,+750,+850,+750,,,+600,,,,,+634,,,,,-1800,-1600,-1605,-1600,-2000,,,-2000,,,,,-1604,,,,
2024-04-02,Andrew Vaughn,/mlb/props/andrew-vaughn-1b/,ATL at CWS,MIL,1B,0.5,+380,+410,+375,+375,+380,,,+320,+410,+410,,,+334,,,,,-600,-550,-600,-550,-600,,,-650,-770,-770,,,-554,,,,
2024-04-02,Nicky Lopez,/mlb/props/nicky-lopez/,ATL at CWS,TEX,"2B,3B,SS",0.5,+550,+500,+550,+600,+600,,,+500,+550,+550,,,+522,,,,,-1100,-1000,-1104,-1000,-1200,,,-1200,-1250,-1250,,,-1104,,,,
2024-04-02,Ronald Acuna Jr.,/mlb/props/ronald-acuna/,ATL at CWS,ATL,RF,0.5,+265,+330,+275,+300,+275,,,+260,+330,+330,,,+236,,,,,-390,-354,-400,-400,-400,,,-450,-560,-560,,,-354,,,,
2024-04-02,Austin Riley,/mlb/props/austin-riley/,ATL at CWS,ATL,3B,0.5,+310,+320,+287,+320,+320,,,+280,,,,,+287,,,,,-475,-450,-500,-450,-500,,,-525,,,,,-454,,,,
2024-04-02,Chadwick Tromp,/mlb/props/chadwick-tromp/,ATL at CWS,BAL,C,0.5,+450,+475,+450,+475,+450,,,+400,,,,,+395,,,,,-800,-704,-800,-750,-800,,,-900,,,,,-704,,,,
2024-04-02,Michael Harris II,/mlb/props/michael-harris/,ATL at CWS,ATL,CF,0.5,+400,+425,+386,+425,+425,,,+360,,,,,+386,,,,,-700,-650,-700,-650,-700,,,-750,,,,,-679,,,,
2024-04-02,Adam Duvall,/mlb/props/adam-duvall/,ATL at CWS,FA,"LF,CF,RF",0.5,+340,+390,+320,+320,+320,,,+280,+390,+390,,,+300,,,,,-525,-450,-525,-450,-500,,,-525,-715,-715,,,-479,,,,
2024-04-02,Dominic Fletcher,/mlb/props/dominic-fletcher/,ATL at CWS,PIT,"CF,RF",0.5,+500,+500,+431,+475,+500,,,+400,,,,,+431,,,,,-1000,-750,-804,-750,-900,,,-900,,,,,-804,,,,
2024-04-02,Marcell Ozuna,/mlb/props/marcell-ozuna/,ATL at CWS,PIT,DH,0.5,+300,+360,+300,+310,+300,,,+270,+360,+360,,,+275,,,,,-475,-425,-500,-425,-450,,,-500,-625,-625,,,-429,,,,
2024-04-02,Paul DeJong,/mlb/props/paul-dejong/,ATL at CWS,FA,"2B,3B,SS",0.5,+550,+480,+550,+550,+550,,,+450,+550,+550,,,+480,,,,,-1100,-900,-1100,-900,-1100,,,-1100,-1250,-1250,,,-954,,,,
2024-04-02,Ozzie Albies,/mlb/props/ozhaino-albies/,ATL at CWS,ATL,2B,0.5,+235,+280,+245,+250,+245,,,+225,+280,+280,,,+227,,,,,-340,-339,-375,-340,-360,,,-375,-455,-455,,,-339,,,,
2024-04-02,Orlando Arcia,/mlb/props/orlando-arcia/,ATL at CWS,MIN,"1B,2B,3B,SS",0.5,+450,+400,+390,+400,+390,,,+350,,,,,+355,,,,,-750,-600,-650,-600,-650,,,-700,,,,,-604,,,,
2024-04-02,Luis Robert Jr.,/mlb/props/luis-robert/,ATL at CWS,NYM,CF,0.5,+400,+400,+355,+400,+400,,,+350,+350,+350,,,+355,,,,,-700,-600,-625,-600,-650,,,-700,-625,-625,,,-604,,,,
2024-04-02,Braden Shewmake,/mlb/props/braden-shewmake/,ATL at CWS,HOU,"2B,3B,SS",0.5,+600,+500,+522,+600,+600,,,+500,,,,,+522,,,,,-1200,-1000,-1104,-1000,-1200,,,-1200,,,,,-1104,,,,
2024-04-02,Andrew Benintendi,/mlb/props/andrew-benintendi/,ATL at CWS,CWS,"LF,DH",0.5,+390,+425,+400,+400,+400,,,+350,+425,+425,,,+366,,,,,-650,-600,-700,-600,-700,,,-700,-835,-835,,,-629,,,,
2024-04-02,Bo Bichette,/mlb/props/bo-bichette/,TOR at HOU,NYM,"3B,SS",0.5,+330,+350,+330,+350,+330,,,+300,+350,+350,,,+287,,,,,-525,-454,-525,-500,-525,,,-550,-625,-625,,,-454,,,,
2024-04-02,Jose Abreu,/mlb/props/jose-dariel-abreu/,TOR at HOU,FA,1B,0.5,+380,+440,+400,+400,+400,,,+350,+440,+440,,,+355,,,,,-650,-600,-650,-600,-650,,,-700,-835,-835,,,-604,,,,
2024-04-02,Chas McCormick,/mlb/props/chas-mccormick/,TOR at HOU,CHC,"LF,CF,RF",0.5,+450,+475,+414,+475,+475,,,+400,,,,,+414,,,,,-800,-750,-754,-750,-900,,,-900,,,,,-754,,,,
2024-04-02,Vladimir Guerrero Jr.,/mlb/props/vladimir-guerrero-jr/,TOR at HOU,TOR,"1B,DH",0.5,+400,+420,+390,+400,+390,,,+350,+420,+420,,,+345,,,,,-650,-579,-650,-600,-650,,,-700,-770,-770,,,-579,,,,
2024-04-02,Alex Bregman,/mlb/props/alex-bregman/,TOR at HOU,CHC,"3B,DH",0.5,+350,+410,+370,+375,+370,,,+320,+410,+410,,,+334,,,,,-550,-550,-600,-550,-600,,,-650,-770,-770,,,-554,,,,
2024-04-02,Kevin Kiermaier,/mlb/props/kevin-kiermaier/,TOR at HOU,FA,CF,0.5,+600,+500,+650,+700,+650,,,+500,,,,,+548,,,,,-1200,-1200,-1203,-1200,-1400,,,-1400,,,,,-1204,,,,
2024-04-02,Yainer Diaz,/mlb/props/yainer-diaz-c/,TOR at HOU,HOU,"C,DH",0.5,+370,+400,+370,+375,+370,,,+320,+400,+400,,,+334,,,,,-600,-550,-600,-550,-600,,,-650,-770,-770,,,-554,,,,
2024-04-02,Yordan Alvarez,/mlb/props/yordan-alvarez/,TOR at HOU,HOU,"LF,DH",0.5,+370,+380,+360,+375,+380,,,+320,+360,+360,,,+323,,,,,-600,-529,-600,-550,-600,,,-650,-625,-625,,,-529,,,,
2024-04-02,Ernie Clement,/mlb/props/ernie-clement/,TOR at HOU,TOR,"1B,2B,3B,SS",0.5,+450,+450,+386,+450,+450,,,+380,,,,,+386,,,,,-800,-679,-700,-700,-800,,,-800,,,,,-679,,,,
2024-04-02,Daulton Varsho,/mlb/props/daulton-varsho/,TOR at HOU,TOR,"LF,CF",0.5,+500,+500,+500,+550,+500,,,+450,+525,+525,,,+464,,,,,-900,-900,-1000,-900,-1000,,,-1000,-1115,-1115,,,-904,,,,
2024-04-02,Kyle Tucker,/mlb/props/kyle-tucker/,TOR at HOU,LAD,"RF,DH",0.5,+360,+400,+350,+350,+360,,,+320,+400,+400,,,+323,,,,,-575,-500,-575,-500,-575,,,-600,-770,-770,,,-529,,,,
2024-04-02,Isiah Kiner-Falefa,/mlb/props/isiah-kiner-falefa/,TOR at HOU,BOS,"2B,3B,SS",0.5,+500,+475,+414,+475,+475,,,+400,,,,,+414,,,,,-1000,-750,-754,-750,-900,,,-900,,,,,-754,,,,
2024-04-02,Jeremy Pena,/mlb/props/jeremy-pena/,TOR at HOU,HOU,SS,0.5,+450,+450,+450,+450,+450,,,+380,+450,+450,,,+395,,,,,-800,-700,-800,-700,-800,,,-800,-910,-910,,,-704,,,,
2024-04-02,Cavan Biggio,/mlb/props/cavan-biggio/,TOR at HOU,HOU,"1B,2B,RF",0.5,+650,+500,+600,+650,+600,,,+500,,,,,+522,,,,,-1600,-1100,-1200,-1100,-1400,,,-1200,,,,,-1104,,,,
2024-04-02,Victor Caratini,/mlb/props/victor-caratini/,TOR at HOU,MIN,"C,1B,DH",0.5,+500,+500,+448,+500,+500,,,+400,,,,,+448,,,,,-1000,-800,-854,-800,-900,,,-900,,,,,-854,,,,
2024-04-02,Davis Schneider,/mlb/props/davis-schneider/,TOR at HOU,TOR,"2B,LF",0.5,+360,+425,+425,+425,+425,,,+360,+480,+480,,,+376,,,,,-750,-650,-750,-650,-700,,,-750,-1000,-1000,,,-654,,,,
2024-04-02,Justin Turner,/mlb/props/justin-turner/,TOR at HOU,FA,"1B,3B",0.5,+340,+390,+320,+320,+340,,,+300,+390,+390,,,+300,,,,,-525,-450,-525,-450,-525,,,-550,-715,-715,,,-479,,,,
2024-04-02,Jake Meyers,/mlb/props/jacob-meyers/,TOR at HOU,HOU,CF,0.5,+550,+480,+480,+550,+550,,,+450,,,,,+480,,,,,-1000,-900,-1000,-900,-1000,,,-1100,,,,,-954,,,,
2024-04-02,Jose Altuve,/mlb/props/jose-altuve/,TOR at HOU,HOU,"2B,LF,DH",0.5,+360,+375,+370,+375,+370,,,+320,+370,+370,,,+323,,,,,-575,-529,-600,-550,-600,,,-600,-670,-670,,,-529,,,,
2024-04-02,George Springer,/mlb/props/george-springer/,TOR at HOU,TOR,"LF,CF,RF,DH",0.5,+370,+420,+350,+350,+360,,,+320,+420,+420,,,+323,,,,,-600,-500,-575,-500,-575,,,-600,-770,-770,,,-529,,,,
2024-04-02,Alejandro Kirk,/mlb/props/alejandro-kirk/,TOR at HOU,TOR,C,0.5,+400,+475,+390,+400,+390,,,+350,+475,+475,,,+355,,,,,-650,-600,-700,-600,-650,,,-700,-1000,-1000,,,-604,,,,
2024-04-02,Josh Naylor,/mlb/props/josh-naylor/,CLE at SEA,SEA,"1B,DH",0.5,+340,+390,+330,+320,+330,,,+300,+390,+390,,,+311,,,,,-525,-450,-525,-450,-525,,,-550,-715,-715,,,-504,,,,
2024-04-02,Cal Raleigh,/mlb/props/caleb-raleigh/,CLE at SEA,SEA,"C,DH",0.5,+475,+475,+431,+475,+475,,,+400,+430,+430,,,+431,,,,,-900,-750,-835,-750,-900,,,-900,-835,-835,,,-804,,,,
2024-04-02,Jorge Polanco,/mlb/props/jorge-polanco/,CLE at SEA,NYM,"2B,3B,DH",0.5,+425,+450,+425,+450,+450,,,+380,+425,+425,,,+395,,,,,-750,-700,-800,-700,-800,,,-800,-835,-835,,,-704,,,,
2024-04-02,Dominic Canzone,/mlb/props/dominic-canzone/,CLE at SEA,SEA,"LF,RF,DH",0.5,+475,+450,+395,+450,+450,,,+380,,,,,+395,,,,,-800,-700,-704,-700,-800,,,-800,,,,,-704,,,,
2024-04-02,Austin Hedges,/mlb/props/austin-hedges/,CLE at SEA,CLE,C,0.5,+600,+600,+750,+850,+750,,,+600,,,,,+634,,,,,-2000,-1600,-1605,-1600,-2000,,,-2000,,,,,-1604,,,,
2024-04-02,Ramon Laureano,/mlb/props/ramon-laureano/,CLE at SEA,SD,"LF,CF,RF",0.5,+550,+480,+550,+550,+550,,,+450,+650,+650,,,+480,,,,,-1000,-900,-1100,-900,-1100,,,-1100,-1667,-1667,,,-954,,,,
2024-04-02,Josh Rojas,/mlb/props/josh-rojas/,CLE at SEA,KC,"2B,3B",0.5,+550,+480,+480,+550,+550,,,+450,,,,,+480,,,,,-1100,-900,-954,-900,-1100,,,-1100,,,,,-954,,,,
2024-04-02,Mitch Haniger,/mlb/props/mitch-haniger/,CLE at SEA,FA,RF,0.5,+475,+475,+430,+475,+475,,,+400,+430,+430,,,+414,,,,,-900,-750,-800,-750,-800,,,-900,-835,-835,,,-754,,,,
2024-04-02,Will Brennan,/mlb/props/will-brennan/,CLE at SEA,SF,"LF,CF,RF",0.5,+350,+450,+350,+350,+350,,,+320,+450,+450,,,+334,,,,,-550,-500,-600,-500,-550,,,-600,-910,-910,,,-554,,,,
2024-04-02,Julio Rodriguez,/mlb/props/julio-rodriguez-of/,CLE at SEA,SEA,CF,0.5,+380,+425,+375,+375,+380,,,+320,+425,+425,,,+345,,,,,-600,-550,-650,-550,-600,,,-650,-835,-835,,,-579,,,,
2024-04-02,Brayan Rocchio,/mlb/props/brayan-rocchio/,CLE at SEA,CLE,"2B,SS",0.5,+475,+475,+431,+475,+475,,,+400,,,,,+431,,,,,-800,-750,-804,-750,-900,,,-900,,,,,-804,,,,
2024-04-02,Steven Kwan,/mlb/props/steven-kwan/,CLE at SEA,CLE,"LF,CF",0.5,+350,+450,+360,+350,+360,,,+320,+450,+450,,,+334,,,,,-550,-500,-600,-500,-575,,,-600,-910,-910,,,-554,,,,
2024-04-02,Andres Gimenez,/mlb/props/andres-giminez/,CLE at SEA,TOR,"2B,SS",0.5,+380,+425,+370,+375,+370,,,+320,+425,+425,,,+345,,,,,-600,-550,-650,-550,-600,,,-650,-835,-835,,,-579,,,,
2024-04-02,J.P. Crawford,/mlb/props/jp-crawford/,CLE at SEA,SEA,"3B,SS",0.5,+425,+480,+450,+450,+450,,,+380,+480,+480,,,+395,,,,,-750,-700,-800,-700,-800,,,-800,-1000,-1000,,,-704,,,,
2024-04-02,Tyler Freeman,/mlb/props/tyler-freeman-ss/,CLE at SEA,COL,"2B,RF,DH",0.5,+500,+500,+448,+500,+500,,,+400,,,,,+448,,,,,-1000,-800,-854,-800,-900,,,-900,,,,,-854,,,,
2024-04-02,Mitch Garver,/mlb/props/mitch-garver/,CLE at SEA,SEA,"C,DH",0.5,+500,+500,+431,+500,+500,,,+400,+430,+430,,,+431,,,,,-900,-800,-835,-800,-900,,,-900,-835,-835,,,-804,,,,
2024-04-02,Ty France,/mlb/props/tyler-france/,CLE at SEA,SD,1B,0.5,+475,+500,+500,+525,+500,,,+450,+510,+510,,,+431,,,,,-900,-804,-1000,-850,-1000,,,-1000,-1115,-1115,,,-804,,,,
2024-04-02,Bo Naylor,/mlb/props/bo-naylor/,CLE at SEA,CLE,C,0.5,+500,+500,+500,+500,+500,,,+400,+600,+600,,,+448,,,,,-900,-800,-900,-800,-900,,,-900,-1667,-1667,,,-854,,,,
2024-04-02,Jose Ramirez,/mlb/props/jose-ramirez/,CLE at SEA,CLE,"3B,DH",0.5,+330,+400,+320,+320,+320,,,+280,+400,+400,,,+287,,,,,-500,-450,-525,-450,-500,,,-525,-770,-770,,,-454,,,,
2024-04-02,J.D. Davis,/mlb/props/jd-davis/,BOS at ATH,FA,"1B,3B",0.5,+475,+475,+414,+475,+475,,,+400,,,,,+414,,,,,-800,-750,-800,-750,-800,,,-900,,,,,-754,,,,
2024-04-02,Ryan Noda,/mlb/props/ryan-noda/,BOS at ATH,BAL,1B,0.5,+400,+425,+400,+400,+425,,,+350,+410,+410,,,+376,,,,,-700,-600,-700,-600,-700,,,-700,-770,-770,,,-654,,,,
2024-04-02,Shea Langeliers,/mlb/props/shea-langeliers/,BOS at ATH,ATH,"C,DH",0.5,+425,+430,+386,+425,+425,,,+360,+430,+430,,,+386,,,,,-750,-650,-700,-650,-700,,,-750,-835,-835,,,-679,,,,
2024-04-02,Nick Allen,/mlb/props/nick-allen-ss/,BOS at ATH,HOU,"2B,3B,SS",0.5,+600,+500,+600,+650,+600,,,+500,,,,,+522,,,,,-1400,-1100,-1104,-1100,-1400,,,-1400,,,,,-1104,,,,
2024-04-02,Rafael Devers,/mlb/props/rafael-devers/,BOS at ATH,SF,"1B,DH",0.5,+350,+350,+320,+350,+350,,,+320,+310,+310,,,+300,,,,,-500,-479,-500,-500,-550,,,-600,-500,-500,,,-479,,,,
2024-04-02,Zack Gelof,/mlb/props/zack-gelof/,BOS at ATH,ATH,"2B,3B,CF",0.5,+400,+400,+360,+400,+400,,,+350,+360,+360,,,+345,,,,,-700,-579,-625,-600,-650,,,-700,-625,-625,,,-579,,,,
2024-04-02,Triston Casas,/mlb/props/triston-casas/,BOS at ATH,BOS,1B,0.5,+475,+500,+480,+500,+500,,,+450,+480,+480,,,+448,,,,,-750,-800,-900,-800,-900,,,-1000,-1000,-1000,,,-854,,,,
2024-04-02,JJ Bleday,/mlb/props/jj-bleday/,BOS at ATH,CIN,"LF,CF,RF,DH",0.5,+390,+400,+400,+400,+400,,,+350,+400,+400,,,+366,,,,,-650,-600,-650,-600,-650,,,-700,-770,-770,,,-629,,,,
2024-04-02,Pablo Reyes,/mlb/props/pablo-reyes/,BOS at ATH,SD,"2B,3B,RF",0.5,+375,+350,+330,+350,+330,,,+300,,,,,+300,,,,,-550,-479,-500,-500,-525,,,-550,,,,,-479,,,,
2024-04-02,Ceddanne Rafaela,/mlb/props/ceddanne-rafaela/,BOS at ATH,BOS,"2B,CF",0.5,+320,+360,+350,+350,+360,,,,+350,+350,,,+323,,,,,-450,-500,-575,-500,-575,,,,-625,-625,,,-529,,,,
2024-04-02,Connor Wong,/mlb/props/connor-wong/,BOS at ATH,BOS,C,0.5,+400,+425,+376,+425,+425,,,+360,,,,,+376,,,,,-600,-650,-654,-650,-750,,,-750,,,,,-654,,,,
2024-04-02,Brent Rooker,/mlb/props/brent-rooker/,BOS at ATH,ATH,"LF,RF,DH",0.5,+450,+475,+430,+475,+450,,,+380,+430,+430,,,+414,,,,,-800,-750,-800,-750,-800,,,-800,-835,-835,,,-754,,,,
2024-04-02,Tyler O'Neill,/mlb/props/tyler-oneill/,BOS at ATH,BAL,"LF,RF",0.5,+300,+300,+275,+300,+295,,,+270,+275,+275,,,+262,,,,,-400,-400,-435,-400,-450,,,-500,-435,-435,,,-404,,,,
2024-04-02,Bobby Dalbec,/mlb/props/robert-dalbec/,BOS at ATH,FA,"1B,3B",0.5,+400,+400,+366,+400,+400,,,+350,,,,,+366,,,,,-600,-600,-629,-600,-700,,,-700,,,,,-629,,,,
2024-04-02,Trevor Story,/mlb/props/trevor-story/,BOS at ATH,BOS,SS,0.5,+290,+310,+290,+300,+290,,,+260,+310,+310,,,+262,,,,,-390,-400,-450,-400,-450,,,-450,-530,-530,,,-404,,,,
2024-04-02,Lawrence Butler,/mlb/props/lawrence-butler/,BOS at ATH,ATH,"CF,RF",0.5,+475,+475,+450,+475,+450,,,+400,,,,,+414,,,,,-900,-750,-800,-750,-800,,,-900,,,,,-754,,,,
2024-04-02,Masataka Yoshida,/mlb/props/masataka-yoshida/,BOS at ATH,BOS,"LF,DH",0.5,+450,+475,+448,+475,+475,,,+400,+440,+440,,,+448,,,,,-700,-750,-835,-750,-900,,,-900,-835,-835,,,-854,,,,
2024-04-02,Jarren Duran,/mlb/props/jarren-duran/,BOS at ATH,BOS,"LF,CF,DH",0.5,+400,+380,+345,+375,+380,,,+320,+380,+380,,,+345,,,,,-600,-550,-650,-550,-650,,,-650,-670,-670,,,-579,,,,
2024-04-02,Seth Brown,/mlb/props/seth-brown/,BOS at ATH,FA,"1B,LF,CF,RF",0.5,+340,+370,+350,+350,+350,,,+300,+370,+370,,,+323,,,,,-550,-500,-550,-500,-550,,,-550,-670,-670,,,-529,,,,
2024-04-02,Darell Hernaiz,/mlb/props/darell-hernaiz/,BOS at ATH,ATH,"2B,3B,SS",0.5,+550,+495,+550,+600,+550,,,+450,,,,,+495,,,,,-1100,-1000,-1100,-1000,-1200,,,-1100,,,,,-1004,,,,
2024-04-02,Nolan Gorman,/mlb/props/nolan-gorman/,STL at SD,STL,"2B,3B,DH",0.5,+500,+500,+448,+500,+500,,,+400,+430,+430,,,+448,,,,,-900,-800,-854,-800,-900,,,-900,-835,-835,,,-854,,,,
2024-04-02,Jake Cronenworth,/mlb/props/jacob-cronenworth/,STL at SD,SD,"1B,2B,SS",0.5,+300,+360,+320,+320,+330,,,+280,+360,+360,,,+300,,,,,-475,-450,-525,-450,-525,,,-525,-625,-625,,,-479,,,,
2024-04-02,Paul Goldschmidt,/mlb/props/paul-goldschmidt/,STL at SD,NYY,"1B,DH",0.5,+380,+410,+350,+350,+350,,,+320,+410,+410,,,+323,,,,,-600,-500,-575,-500,-575,,,-600,-770,-770,,,-529,,,,
2024-04-02,Nolan Arenado,/mlb/props/nolan-arenado/,STL at SD,ARI,3B,0.5,+370,+480,+480,+550,+550,,,+450,+430,+430,,,+480,,,,,-600,-835,-954,-900,-1000,,,-1000,-835,-835,,,-954,,,,
2024-04-02,Fernando Tatis Jr.,/mlb/props/fernando-tatis-jr/,STL at SD,SD,"2B,RF",0.5,+300,+290,+280,+290,+280,,,+260,+285,+285,,,+262,,,,,-450,-390,-425,-390,-425,,,-450,-455,-455,,,-404,,,,
2024-04-02,Xander Bogaerts,/mlb/props/xander-bogaerts/,STL at SD,SD,SS,0.5,+370,+360,+340,+350,+340,,,+320,+360,+360,,,+311,,,,,-600,-500,-550,-500,-550,,,-600,-625,-625,,,-504,,,,
2024-04-02,Luis Campusano,/mlb/props/luis-campusano/,STL at SD,SD,"C,DH",0.5,+370,+410,+350,+350,+350,,,+320,+410,+410,,,+311,,,,,-600,-500,-550,-500,-550,,,-600,-770,-770,,,-504,,,,
2024-04-02,Ha-Seong Kim,/mlb/props/ha-seong-kim/,STL at SD,ATL,"2B,SS",0.5,+450,+425,+366,+425,+425,,,+360,,,,,+366,,,,,-750,-629,-700,-650,-700,,,-750,,,,,-629,,,,
2024-04-02,Michael Siani,/mlb/props/mike-siani/,STL at SD,BAL,CF,0.5,+550,+464,+464,+550,+550,,,+450,,,,,+464,,,,,-1100,-900,-904,-900,-1100,,,-1100,,,,,-904,,,,
2024-04-02,Alec Burleson,/mlb/props/alec-burleson/,STL at SD,STL,"1B,LF,RF,DH",0.5,+390,+425,+375,+375,+380,,,+320,+425,+425,,,+345,,,,,-650,-550,-650,-550,-600,,,-650,-835,-835,,,-579,,,,
2024-04-02,Graham Pauley,/mlb/props/graham-pauley/,STL at SD,MIA,"1B,3B",0.5,+425,+475,+450,+475,+450,,,+380,,,,,+395,,,,,-750,-704,-750,-750,-800,,,-800,,,,,-704,,,,
2024-04-02,Jackson Merrill,/mlb/props/jackson-merrill/,STL at SD,SD,CF,0.5,+425,+425,+386,+425,+425,,,+360,,,,,+386,,,,,-700,-650,-700,-650,-700,,,-750,,,,,-679,,,,
2024-04-02,Willson Contreras,/mlb/props/willson-contreras/,STL at SD,BOS,1B,0.5,+425,+410,+370,+375,+370,,,+320,+410,+410,,,+345,,,,,-700,-550,-600,-550,-600,,,-650,-770,-770,,,-579,,,,
2024-04-02,Jordan Walker,/mlb/props/jordan-walker/,STL at SD,STL,"LF,RF",0.5,+400,+440,+370,+375,+370,,,+320,+440,+440,,,+345,,,,,-700,-550,-650,-550,-600,,,-650,-835,-835,,,-579,,,,
2024-04-02,Masyn Winn,/mlb/props/masyn-winn-p/,STL at SD,STL,SS,0.5,+550,+464,+464,+550,+550,,,+450,,,,,+464,,,,,-1200,-900,-904,-900,-1100,,,-1100,,,,,-904,,,,
2024-04-02,Tyler Wade,/mlb/props/tyler-wade/,STL at SD,FA,"2B,LF,CF",0.5,+500,+500,+500,+525,+500,,,+450,,,,,+464,,,,,-1000,-850,-904,-850,-1000,,,-1000,,,,,-904,,,,
2024-04-02,Brendan Donovan,/mlb/props/brendan-donovan/,STL at SD,SEA,"2B,3B,SS,LF",0.5,+350,+380,+360,+375,+360,,,+320,+380,+380,,,+334,,,,,-550,-550,-575,-550,-575,,,-650,-670,-670,,,-554,,,,
2024-04-02,Jurickson Profar,/mlb/props/jurickson-profar/,STL at SD,ATL,LF,0.5,+400,+480,+425,+425,+425,,,+360,+480,+480,,,+366,,,,,-650,-629,-750,-650,-700,,,-750,-1000,-1000,,,-629,,,,
2024-04-02,Manny Machado,/mlb/props/manny-machado/,STL at SD,SD,"3B,DH",0.5,+340,+330,+320,+320,+330,,,+280,+325,+325,,,+287,,,,,-525,-450,-500,-450,-500,,,-525,-560,-560,,,-454,,,,
2024-04-02,Victor Scott,/mlb/props/victor-scott/,STL at SD,STL,CF,0.5,+500,+500,+431,+500,+500,,,+400,,,,,+431,,,,,-1000,-800,-804,-800,-900,,,-900,,,,,-804,,,,
2024-04-02,Giancarlo Stanton,/mlb/props/giancarlo-stanton/,NYY at ARI,NYY,"LF,RF,DH",0.5,+370,+360,+330,+350,+330,,,+300,+360,+360,,,+300,,,,,-600,-479,-525,-500,-525,,,-550,-625,-625,,,-479,,,,
2024-04-02,Jorge Barrosa,/mlb/props/jorge-barrosa/,NYY at ARI,ARI,"LF,CF,RF",0.5,+275,+310,+275,+310,,,,,,,,,+275,,,,,-429,-425,-425,-425,,,,,,,,,-429,,,,
2024-04-02,Alex Verdugo,/mlb/props/alex-verdugo/,NYY at ARI,FA,"LF,RF",0.5,+350,+400,+330,+320,+330,,,+300,+400,+400,,,+300,,,,,-550,-450,-550,-450,-500,,,-550,-770,-770,,,-479,,,,
2024-04-02,Gleyber Torres,/mlb/props/gleyber-torres/,NYY at ARI,DET,2B,0.5,+295,+300,+250,+250,+250,,,+230,+300,+300,,,+236,,,,,-450,-340,-400,-340,-360,,,-400,-500,-500,,,-354,,,,
2024-04-02,Anthony Volpe,/mlb/props/anthony-volpe/,NYY at ARI,NYY,SS,0.5,+340,+320,+287,+320,+320,,,+280,,,,,+287,,,,,-550,-450,-500,-450,-500,,,-525,,,,,-454,,,,
2024-04-02,Corbin Carroll,/mlb/props/corbin-carroll-of/,NYY at ARI,ARI,"CF,RF",0.5,+400,+400,+400,+400,+400,,,+350,+400,+400,,,+366,,,,,-650,-600,-650,-600,-650,,,-700,-715,-715,,,-629,,,,
2024-04-02,Juan Soto,/mlb/props/juan-soto/,NYY at ARI,NYM,"LF,RF,DH",0.5,+360,+370,+320,+320,+320,,,+280,+370,+370,,,+287,,,,,-575,-450,-500,-450,-500,,,-525,-670,-670,,,-454,,,,
2024-04-02,Geraldo Perdomo,/mlb/props/geraldo-perdomo/,NYY at ARI,ARI,SS,0.5,+475,+400,+390,+400,+390,,,+350,,,,,+355,,,,,-800,-600,-650,-600,-650,,,-700,,,,,-604,,,,
2024-04-02,Anthony Rizzo,/mlb/props/anthony-rizzo/,NYY at ARI,FA,1B,0.5,+380,+380,+360,+375,+360,,,+320,+380,+380,,,+323,,,,,-600,-529,-575,-550,-575,,,-650,-670,-670,,,-529,,,,
2024-04-02,Lourdes Gurriel Jr.,/mlb/props/lourdes-gurriel-jr/,NYY at ARI,ARI,"LF,DH",0.5,+255,+295,+225,+220,+215,,,+225,+295,+295,,,+202,,,,,-370,-290,-325,-290,-310,,,-325,-480,-480,,,-294,,,,
2024-04-02,Jake McCarthy,/mlb/props/jake-mccarthy/,NYY at ARI,COL,"LF,CF,RF",0.5,+500,+450,+390,+400,+390,,,+350,+450,+450,,,+355,,,,,-900,-600,-700,-600,-650,,,-700,-910,-910,,,-604,,,,
2024-04-02,Austin Wells,/mlb/props/austin-wells/,NYY at ARI,NYY,C,0.5,+370,+350,+350,+350,+350,,,,,,,,+323,,,,,-600,-500,-529,-500,-550,,,,,,,,-529,,,,
2024-04-02,Jose Trevino,/mlb/props/jose-trevino/,NYY at ARI,CIN,C,0.5,+425,+425,+376,+425,+425,,,+360,,,,,+376,,,,,-700,-650,-700,-650,-700,,,-750,,,,,-654,,,,
2024-04-02,Eugenio Suarez,/mlb/props/eugenio-suarez/,NYY at ARI,CIN,"3B,DH",0.5,+425,+390,+340,+350,+340,,,+320,+390,+390,,,+311,,,,,-750,-500,-525,-500,-525,,,-600,-715,-715,,,-504,,,,
2024-04-02,Ketel Marte,/mlb/props/ketel-marte/,NYY at ARI,ARI,"2B,DH",0.5,+235,+270,+210,+200,+190,,,+210,+270,+270,,,+178,,,,,-340,-250,-300,-250,-260,,,-300,-435,-435,,,-254,,,,
2024-04-02,Aaron Judge,/mlb/props/aaron-judge/,NYY at ARI,NYY,"LF,CF,RF,DH",0.5,+360,+310,+280,+310,+300,,,+280,+265,+265,,,+275,,,,,-575,-420,-450,-425,-450,,,-525,-420,-420,,,-429,,,,
2024-04-02,Oswaldo Cabrera,/mlb/props/oswaldo-cabrera/,NYY at ARI,NYY,3B,0.5,+450,+400,+355,+400,+400,,,+350,,,,,+355,,,,,-800,-600,-650,-600,-650,,,-700,,,,,-604,,,,
2024-04-02,Gabriel Moreno,/mlb/props/gabriel-moreno/,NYY at ARI,ARI,C,0.5,+330,+300,+290,+300,+290,,,+260,,,,,+262,,,,,-525,-400,-425,-400,-425,,,-450,,,,,-404,,,,
2024-04-02,Christian Walker,/mlb/props/christian-walker/,NYY at ARI,HOU,1B,0.5,+330,+335,+265,+265,+260,,,+240,+335,+335,,,+236,,,,,-500,-354,-425,-360,-380,,,-425,-590,-590,,,-354,,,,
2024-04-02,Blaze Alexander,/mlb/props/blaze-alexander/,NYY at ARI,BAL,"2B,3B,SS,LF,CF",0.5,+380,+265,+265,+265,+265,,,,,,,,+247,,,,,-600,-360,-374,-360,-380,,,,,,,,-374,,,,
2024-04-02,LaMonte Wade Jr.,/mlb/props/lamonte-wade/,SF at LAD,HOU,"1B,RF",0.5,+500,+475,+475,+475,+475,,,+400,+550,+550,,,+414,,,,,-1000,-750,-900,-750,-800,,,-900,-1250,-1250,,,-754,,,,
2024-04-02,Chris Taylor,/mlb/props/chris-taylor/,SF at LAD,FA,"2B,LF,CF,RF",0.5,+500,+464,+464,+550,+550,,,+450,,,,,+464,,,,,-1000,-900,-904,-900,-1000,,,-1000,,,,,-904,,,,
2024-04-02,James Outman,/mlb/props/james-outman/,SF at LAD,DET,"LF,CF,RF",0.5,+550,+464,+464,+550,+550,,,+450,,,,,+464,,,,,-1100,-900,-1000,-900,-1000,,,-1100,,,,,-904,,,,
2024-04-02,Nick Ahmed,/mlb/props/nick-ahmed/,SF at LAD,FA,SS,0.5,+550,+500,+500,+600,+600,,,+500,,,,,+495,,,,,-1000,-1000,-1004,-1000,-1200,,,-1200,,,,,-1004,,,,
2024-04-02,Matt Chapman,/mlb/props/matt-chapman/,SF at LAD,SF,3B,0.5,+350,+400,+380,+400,+390,,,+350,+380,+380,,,+355,,,,,-575,-600,-650,-600,-650,,,-700,-670,-670,,,-604,,,,
2024-04-02,Jung Hoo Lee,/mlb/props/jung-lee/,SF at LAD,SF,"CF,RF",0.5,+370,+400,+390,+400,+390,,,+350,,,,,+345,,,,,-600,-579,-650,-600,-650,,,-700,,,,,-579,,,,
2024-04-02,Gavin Lux,/mlb/props/gavin-lux/,SF at LAD,TB,"2B,3B,LF,DH",0.5,+550,+480,+480,+550,+550,,,+450,,,,,+480,,,,,-1100,-900,-954,-900,-1100,,,-1100,,,,,-954,,,,
2024-04-02,Thairo Estrada,/mlb/props/thairo-estrada/,SF at LAD,FA,2B,0.5,+425,+450,+450,+450,+450,,,+380,+510,+510,,,+395,,,,,-700,-700,-800,-700,-800,,,-800,-1115,-1115,,,-704,,,,
2024-04-02,Enrique Hernandez,/mlb/props/enrique-hernandez/,SF at LAD,LAD,"1B,2B,3B,LF",0.5,+500,+500,+431,+475,+500,,,+400,,,,,+431,,,,,-900,-750,-804,-750,-900,,,-900,,,,,-804,,,,
2024-04-02,Jorge Soler,/mlb/props/jorge-soler/,SF at LAD,LAA,"RF,DH",0.5,+380,+475,+450,+475,+450,,,+380,,,,,+395,,,,,-650,-704,-750,-750,-800,,,-800,,,,,-704,,,,
2024-04-02,Freddie Freeman,/mlb/props/freddie-freeman/,SF at LAD,LAD,1B,0.5,+330,+350,+335,+350,+340,,,+300,+335,+335,,,+311,,,,,-525,-500,-525,-500,-525,,,-550,-590,-590,,,-504,,,,
2024-04-02,Patrick Bailey,/mlb/props/patrick-bailey/,SF at LAD,CLE,C,0.5,+475,+500,+448,+500,+500,,,+400,,,,,+448,,,,,-900,-800,-854,-800,-900,,,-900,,,,,-854,,,,
2024-04-02,Will Smith,/mlb/props/will-smith-c/,SF at LAD,LAD,C,0.5,+370,+410,+370,+375,+370,,,+320,+410,+410,,,+345,,,,,-600,-550,-600,-550,-600,,,-650,-770,-770,,,-579,,,,
2024-04-02,Max Muncy,/mlb/props/max-muncy/,SF at LAD,LAD,3B,0.5,+425,+430,+386,+425,+425,,,+360,+430,+430,,,+386,,,,,-750,-650,-750,-650,-750,,,-750,-835,-835,,,-679,,,,
2024-04-02,Mookie Betts,/mlb/props/mookie-betts/,SF at LAD,LAD,SS,0.5,+340,+350,+330,+350,+330,,,+300,+340,+340,,,+300,,,,,-550,-479,-525,-500,-525,,,-550,-590,-590,,,-479,,,,
2024-04-02,Michael Conforto,/mlb/props/michael-conforto/,SF at LAD,CHC,"LF,RF,DH",0.5,+500,+475,+431,+475,+475,,,+400,+475,+475,,,+431,,,,,-900,-750,-900,-750,-900,,,-900,-1000,-1000,,,-804,,,,
2024-04-02,Tyler Fitzgerald,/mlb/props/tyler-fitzgerald/,SF at LAD,FA,2B,0.5,+500,+500,+500,+525,+500,,,,,,,,,,,,,-1000,-850,-1000,-850,-1000,,,,,,,,,,,,
2024-04-02,Teoscar Hernandez,/mlb/props/teoscar-hernandez/,SF at LAD,LAD,"LF,RF",0.5,+475,+475,+450,+475,+475,,,+380,+450,+450,,,+414,,,,,-800,-750,-800,-750,-800,,,-800,-910,-910,,,-754,,,,
2024-04-02,Shohei Ohtani,/mlb/props/shohei-ohtani/,SF at LAD,LAD,"SP,DH",0.5,+370,+375,+340,+375,+370,,,+320,+340,+340,,,+323,,,,,-600,-529,-590,-550,-600,,,-650,-590,-590,,,-529,,,,
2024-04-02,Wilmer Flores,/mlb/props/wilmer-flores/,SF at LAD,FA,"1B,DH",0.5,+380,+450,+386,+450,+450,,,+380,,,,,+386,,,,,-650,-679,-750,-700,-750,,,-800,,,,,-679,,,,
2024-04-02,Mike Yastrzemski,/mlb/props/michael-yastrzemski/,SF at LAD,ATL,"LF,CF,RF",0.5,+475,+464,+464,+550,+550,,,+450,,,,,+464,,,,,-800,-900,-904,-900,-1000,,,-1000,,,,,-904,,,,
2024-04-03,Cedric Mullins II,/mlb/props/cedric-mullins/,KC at BAL,TB,CF,0.5,+500,+464,+525,+550,+550,,,+450,+525,+525,,,+464,,,,,-900,-900,-1000,-900,-1100,,,-1000,-1250,-1250,,,-904,,,,
2024-04-03,Bobby Witt Jr.,/mlb/props/bobby-witt-jr/,KC at BAL,KC,SS,0.5,+330,+380,+320,+320,+320,,,+280,+380,+380,,,+287,,,,,-525,-450,-525,-450,-500,,,-525,-715,-715,,,-454,,,,
2024-04-03,Jorge Mateo,/mlb/props/jorge-mateo/,KC at BAL,ATL,"2B,SS,CF,DH",0.5,+475,+450,+414,+450,+450,,,+380,,,,,+414,,,,,-900,-700,-754,-700,-800,,,-800,,,,,-754,,,,
2024-04-03,Maikel Garcia,/mlb/props/maikel-garcia/,KC at BAL,KC,"2B,3B,SS,OF",0.5,+390,+420,+370,+375,+370,,,+320,+420,+420,,,+334,,,,,-650,-550,-600,-550,-600,,,-650,-770,-770,,,-554,,,,
2024-04-03,Vinnie Pasquantino,/mlb/props/vinnie-pasquantino/,KC at BAL,KC,"1B,DH",0.5,+450,+450,+450,+450,+450,,,+380,+510,+510,,,+386,,,,,-800,-679,-800,-700,-750,,,-800,-1115,-1115,,,-679,,,,
2024-04-03,Austin Hays,/mlb/props/austin-hays/,KC at BAL,CWS,"LF,DH",0.5,+425,+500,+425,+425,+425,,,+360,+500,+500,,,+395,,,,,-700,-650,-750,-650,-750,,,-750,-1000,-1115,,,-704,,,,
2024-04-03,Adam Frazier,/mlb/props/adam-frazier/,KC at BAL,LAA,"2B,LF,RF",0.5,+600,+500,+600,+600,+600,,,+500,+600,+600,,,+495,,,,,-1200,-1000,-1200,-1000,-1200,,,-1200,-1667,-1667,,,-1004,,,,
2024-04-03,Freddy Fermin,/mlb/props/freddy-fermin/,KC at BAL,SD,C,0.5,+450,+450,+395,+450,+450,,,+380,,,,,+395,,,,,-800,-700,-704,-700,-800,,,-800,,,,,-704,,,,
2024-04-03,Anthony Santander,/mlb/props/anthony-santander/,KC at BAL,TOR,"LF,RF,DH",0.5,+390,+400,+390,+400,+390,,,+350,,,,,+345,,,,,-650,-579,-650,-600,-650,,,-700,,,,,-579,,,,
2024-04-03,Jordan Westburg,/mlb/props/jordan-westburg/,KC at BAL,BAL,"2B,3B",0.5,+425,+475,+475,+475,+475,,,+380,+510,+510,,,+395,,,,,-750,-704,-800,-750,-800,,,-800,-1115,-1115,,,-704,,,,
2024-04-03,Salvador Perez,/mlb/props/salvador-perez/,KC at BAL,KC,"C,1B,DH",0.5,+400,+450,+425,+425,+425,,,+360,+450,+450,,,+376,,,,,-700,-650,-700,-650,-700,,,-750,-910,-910,,,-654,,,,
2024-04-03,Adley Rutschman,/mlb/props/adley-rutschman/,KC at BAL,BAL,"C,DH",0.5,+360,+475,+390,+400,+390,,,+350,+475,+460,,,+345,,,,,-575,-579,-700,-600,-650,,,-700,-1000,-910,,,-579,,,,
2024-04-03,Nelson Velazquez,/mlb/props/nelson-velazquez/,KC at BAL,STL,"LF,RF,DH",0.5,+550,+500,+500,+550,+500,,,+450,,,,,+480,,,,,-1100,-900,-954,-900,-1000,,,-1000,,,,,-954,,,,
2024-04-03,Hunter Renfroe,/mlb/props/hunter-renfroe/,KC at BAL,FA,RF,0.5,+475,+475,+475,+475,+475,,,+400,+550,+540,,,+431,,,,,-900,-750,-900,-750,-900,,,-900,-1250,-1250,,,-804,,,,
2024-04-03,James McCann,/mlb/props/james-mccann/,KC at BAL,ARI,C,0.5,+450,+450,+414,+450,+450,,,+380,,,,,+414,,,,,-800,-700,-754,-700,-800,,,-800,,,,,-754,,,,
2024-04-03,Gunnar Henderson,/mlb/props/gunnar-henderson/,KC at BAL,BAL,"SS,DH",0.5,+425,+450,+440,+450,+450,,,+380,+440,+440,,,+386,,,,,-750,-679,-750,-700,-750,,,-800,-835,-835,,,-679,,,,
2024-04-03,Kyle Isbel,/mlb/props/kyle-isbel/,KC at BAL,KC,CF,0.5,+600,+500,+522,+600,+600,,,+500,,,,,+522,,,,,-1200,-1000,-1104,-1000,-1200,,,-1200,,,,,-1104,,,,
2024-04-03,MJ Melendez,/mlb/props/mj-melendez/,KC at BAL,NYM,"LF,DH",0.5,+475,+475,+475,+475,+475,,,+400,+550,+550,,,+414,,,,,-900,-750,-900,-750,-800,,,-900,-1250,-1250,,,-754,,,,
2024-04-03,Ramon Urias,/mlb/props/ramon-urias/,KC at BAL,STL,"2B,3B",0.5,+425,+475,+414,+475,+475,,,+400,,,,,+414,,,,,-750,-750,-754,-750,-900,,,-900,,,,,-754,,,,
2024-04-03,Ryan Mountcastle,/mlb/props/ryan-mountcastle/,KC at BAL,BAL,"1B,DH",0.5,+350,+440,+360,+375,+360,,,+320,+430,+440,,,+311,,,,,-575,-504,-575,-550,-575,,,-650,-835,-835,,,-504,,,,
2024-04-03,Willi Castro,/mlb/props/willi-castro/,MIN at MIL,COL,"1B,2B,3B,SS,LF,RF",0.5,+450,+480,+400,+400,+400,,,+350,+480,+480,,,+355,,,,,-800,-600,-700,-600,-650,,,-700,-1000,-1000,,,-604,,,,
2024-04-03,Kyle Farmer,/mlb/props/kyle-farmer/,MIN at MIL,ATL,"1B,2B,3B,SS,DH",0.5,+550,+480,+480,+550,+550,,,+450,,,,,+480,,,,,-1100,-900,-954,-900,-1100,,,-1100,,,,,-954,,,,
2024-04-03,Willy Adames,/mlb/props/willy-adames/,MIN at MIL,SF,SS,0.5,+425,+425,+400,+400,+425,,,+350,+400,+400,,,+376,,,,,-700,-600,-700,-600,-700,,,-700,-770,-770,,,-654,,,,
2024-04-03,Edouard Julien,/mlb/props/edouard-julien/,MIN at MIL,COL,"1B,2B,DH",0.5,+500,+480,+431,+475,+475,,,+400,+480,+480,,,+431,,,,,-900,-750,-900,-750,-900,,,-900,-1000,-1000,,,-804,,,,
2024-04-03,Max Kepler,/mlb/props/max-kepler/,MIN at MIL,ARI,"LF,RF",0.5,+330,+380,+320,+320,+320,,,+280,+380,+380,,,+311,,,,,-525,-450,-525,-450,-500,,,-525,-670,-670,,,-504,,,,
2024-04-03,Sal Frelick,/mlb/props/sal-frelick/,MIN at MIL,MIL,"LF,CF,RF",0.5,+400,+475,+430,+450,+475,,,+380,+430,+430,,,+414,,,,,-700,-700,-754,-700,-800,,,-800,-835,-835,,,-754,,,,
2024-04-03,Gary Sanchez,/mlb/props/gary-sanchez/,MIN at MIL,MIL,"C,1B,DH",0.5,+500,+500,+431,+475,+500,,,+400,,,,,+431,,,,,-1000,-750,-804,-750,-900,,,-900,,,,,-804,,,,
2024-04-03,Matt Wallner,/mlb/props/matt-wallner/,MIN at MIL,MIN,"LF,RF",0.5,+500,+500,+450,+525,+500,,,+450,+440,+440,,,+431,,,,,-1000,-804,-850,-850,-1000,,,-1000,-835,-835,,,-804,,,,
2024-04-03,Joey Ortiz,/mlb/props/joey-ortiz/,MIN at MIL,MIL,"3B,SS",0.5,+550,+495,+550,+600,+550,,,+450,,,,,+495,,,,,-1100,-1000,-1004,-1000,-1100,,,-1100,,,,,-1004,,,,
2024-04-03,Jackson Chourio,/mlb/props/jackson-chourio/,MIN at MIL,MIL,"LF,CF,RF",0.5,+500,+400,+400,+400,+400,,,+350,+510,+510,,,+355,,,,,-1000,-600,-700,-600,-650,,,-700,-1115,-1115,,,-604,,,,
2024-04-03,Jake Bauers,/mlb/props/jake-bauers/,MIN at MIL,MIL,"1B,LF,RF",0.5,+475,+475,+475,+475,+475,,,+400,+510,+510,,,+414,,,,,-900,-750,-900,-750,-900,,,-900,-1115,-1115,,,-754,,,,
2024-04-03,Oliver Dunn,/mlb/props/oliver-dunn/,MIN at MIL,TB,3B,0.5,+500,+500,+500,+500,+500,,,+400,+550,+550,,,+431,,,,,-900,-800,-900,-800,-900,,,-900,-1250,-1250,,,-804,,,,
2024-04-03,Carlos Santana,/mlb/props/carlos-santana/,MIN at MIL,ATL,1B,0.5,+400,+425,+375,+375,+380,,,+320,+425,+425,,,+345,,,,,-700,-550,-650,-550,-600,,,-650,-835,-835,,,-579,,,,
2024-04-03,Christian Yelich,/mlb/props/christian-yelich/,MIN at MIL,MIL,"LF,DH",0.5,+400,+380,+345,+375,+380,,,+320,+375,+375,,,+345,,,,,-700,-550,-650,-550,-650,,,-650,-670,-670,,,-579,,,,
2024-04-03,Rhys Hoskins,/mlb/props/rhys-hoskins/,MIN at MIL,CLE,"1B,DH",0.5,+475,+425,+400,+425,+425,,,+360,+400,+400,,,+386,,,,,-800,-650,-715,-650,-750,,,-750,-715,-715,,,-679,,,,
2024-04-03,Brice Turang,/mlb/props/brice-turang/,MIN at MIL,MIL,2B,0.5,+500,+500,+500,+500,+500,,,+400,+575,+575,,,+431,,,,,-900,-800,-900,-800,-900,,,-900,-1430,-1430,,,-804,,,,
2024-04-03,Ryan Jeffers,/mlb/props/ryan-jeffers/,MIN at MIL,MIN,"C,DH",0.5,+500,+475,+414,+475,+475,,,+400,,,,,+414,,,,,-900,-750,-754,-750,-900,,,-900,,,,,-754,,,,
2024-04-03,Byron Buxton,/mlb/props/byron-buxton/,MIN at MIL,MIN,"CF,DH",0.5,+475,+450,+410,+450,+450,,,+380,+410,+410,,,+386,,,,,-800,-679,-770,-700,-800,,,-800,-770,-770,,,-679,,,,
2024-04-03,Carlos Correa,/mlb/props/carlos-correa/,MIN at MIL,HOU,"3B,SS",0.5,+400,+400,+390,+400,+390,,,+350,+400,+400,,,+355,,,,,-700,-600,-650,-600,-650,,,-700,-715,-715,,,-604,,,,
2024-04-03,Alex Kirilloff,/mlb/props/alex-kirilloff/,MIN at MIL,FA,"1B,LF,RF",0.5,+350,+375,+330,+350,+330,,,+300,+375,+375,,,+311,,,,,-550,-500,-550,-500,-525,,,-550,-670,-670,,,-504,,,,
2024-04-03,William Contreras,/mlb/props/william-contreras/,MIN at MIL,MIL,"C,DH",0.5,+400,+400,+360,+400,+390,,,+350,+360,+360,,,+355,,,,,-700,-600,-625,-600,-650,,,-700,-625,-625,,,-604,,,,
2024-04-03,Luis Arraez,/mlb/props/luis-arraez/,LAA at MIA,SF,"1B,2B,DH",0.5,+380,+450,+375,+375,+360,,,+320,+450,+450,,,+334,,,,,-650,-550,-650,-550,-575,,,-650,-910,-910,,,-554,,,,
2024-04-03,Jonah Bride,/mlb/props/jonah-bride/,LAA at MIA,TEX,"1B,3B",0.5,+500,+500,+500,+525,+500,,,+450,,,,,+431,,,,,-900,-804,-850,-850,-1000,,,-1000,,,,,-804,,,,
2024-04-03,Josh Bell,/mlb/props/josh-bell/,LAA at MIA,MIN,"1B,DH",0.5,+350,+375,+370,+375,+370,,,+320,+370,+370,,,+334,,,,,-550,-550,-600,-550,-600,,,-600,-670,-670,,,-554,,,,
2024-04-03,Jazz Chisholm Jr.,/mlb/props/jasrado-chisholm/,LAA at MIA,NYY,"2B,3B",0.5,+500,+500,+448,+500,+500,,,+400,+400,+400,,,+448,,,,,-900,-770,-854,-800,-900,,,-900,-770,-770,,,-854,,,,
2024-04-03,Matt Thaiss,/mlb/props/matt-thaiss/,LAA at MIA,BOS,C,0.5,+600,+495,+550,+600,+550,,,+450,,,,,+495,,,,,-1400,-1000,-1004,-1000,-1100,,,-1100,,,,,-1004,,,,
2024-04-03,Tim Anderson,/mlb/props/tim-anderson/,LAA at MIA,FA,"2B,SS",0.5,+425,+450,+410,+450,+450,,,+380,+410,+410,,,+376,,,,,-750,-654,-750,-700,-750,,,-800,-770,-770,,,-654,,,,
2024-04-03,Jake Burger,/mlb/props/jake-burger-3b/,LAA at MIA,TEX,1B,0.5,+330,+360,+330,+350,+330,,,+300,+360,+360,,,+300,,,,,-525,-479,-525,-500,-525,,,-550,-625,-625,,,-479,,,,
2024-04-03,Zach Neto,/mlb/props/zach-neto/,LAA at MIA,LAA,SS,0.5,+475,+450,+395,+450,+450,,,+380,,,,,+395,,,,,-900,-700,-704,-700,-800,,,-800,,,,,-704,,,,
2024-04-03,Vidal Brujan,/mlb/props/vidal-brujan-2b/,LAA at MIA,NYM,"3B,SS,OF",0.5,+475,+475,+414,+450,+475,,,+380,,,,,+414,,,,,-800,-700,-754,-700,-800,,,-800,,,,,-754,,,,
2024-04-03,Mike Trout,/mlb/props/mike-trout/,LAA at MIA,LAA,"CF,RF,DH",0.5,+390,+410,+390,+400,+390,,,+350,+410,+410,,,+355,,,,,-650,-600,-650,-600,-650,,,-700,-770,-770,,,-604,,,,
2024-04-03,Christian Bethancourt,/mlb/props/christian-bethancourt/,LAA at MIA,CHC,C,0.5,+475,+500,+475,+500,+475,,,+400,,,,,+414,,,,,-900,-754,-800,-800,-900,,,-900,,,,,-754,,,,
2024-04-03,Anthony Rendon,/mlb/props/anthony-rendon/,LAA at MIA,LAA,3B,0.5,+320,+375,+310,+310,+310,,,+270,+375,+375,,,+287,,,,,-500,-425,-500,-425,-475,,,-500,-670,-670,,,-454,,,,
2024-04-03,Aaron Hicks,/mlb/props/aaron-hicks/,LAA at MIA,FA,"LF,CF,RF",0.5,+400,+440,+400,+400,+400,,,+350,+440,+440,,,+355,,,,,-700,-600,-700,-600,-700,,,-700,-835,-835,,,-604,,,,
2024-04-03,Taylor Ward,/mlb/props/taylor-ward/,LAA at MIA,BAL,LF,0.5,+370,+400,+350,+350,+350,,,+320,+400,+400,,,+323,,,,,-600,-500,-550,-500,-550,,,-600,-715,-715,,,-529,,,,
2024-04-03,Nick Fortes,/mlb/props/nick-fortes/,LAA at MIA,TB,C,0.5,+450,+450,+386,+425,+450,,,+360,,,,,+386,,,,,-750,-650,-679,-650,-750,,,-750,,,,,-679,,,,
2024-04-03,Jo Adell,/mlb/props/jo-adell/,LAA at MIA,LAA,"LF,CF,RF",0.5,+475,+475,+414,+475,+475,,,+380,,,,,+414,,,,,-900,-750,-800,-750,-900,,,-800,,,,,-754,,,,
2024-04-03,Logan O'Hoppe,/mlb/props/logan-ohoppe/,LAA at MIA,LAA,C,0.5,+380,+380,+345,+375,+380,,,+320,,,,,+345,,,,,-600,-550,-600,-550,-600,,,-650,,,,,-579,,,,
2024-04-03,Nolan Schanuel,/mlb/props/nolan-schanuel/,LAA at MIA,LAA,1B,0.5,+500,+500,+500,+525,+500,,,+450,+540,+540,,,+448,,,,,-1000,-850,-1000,-850,-900,,,-1000,-1250,-1250,,,-854,,,,
2024-04-03,Bryan De La Cruz,/mlb/props/bryan-de-la-cruz/,LAA at MIA,PHI,LF,0.5,+380,+400,+370,+375,+370,,,+320,+400,+400,,,+345,,,,,-650,-550,-600,-550,-600,,,-650,-770,-770,,,-579,,,,
2024-04-03,Avisail Garcia,/mlb/props/avisail-garcia/,LAA at MIA,FA,"LF,RF",0.5,+475,+475,+460,+475,+475,,,+400,+460,+460,,,+395,,,,,-900,-704,-900,-750,-900,,,-900,-910,-910,,,-704,,,,
2024-04-03,Luis Rengifo,/mlb/props/luis-rengifo/,LAA at MIA,SD,"2B,3B,OF",0.5,+310,+320,+310,+320,+310,,,+280,,,,,+287,,,,,-475,-450,-475,-450,-475,,,-525,,,,,-454,,,,
2024-04-03,Miguel Sano,/mlb/props/miguel-sano/,LAA at MIA,FA,"1B,3B",0.5,+450,+450,+395,+450,+450,,,+360,,,,,+395,,,,,-800,-700,-750,-700,-800,,,-750,,,,,-704,,,,
2024-04-03,Brandon Drury,/mlb/props/brandon-drury/,LAA at MIA,KC,"1B,2B,3B",0.5,+390,+390,+370,+375,+370,,,+320,+390,+390,,,+334,,,,,-650,-550,-600,-550,-600,,,-650,-715,-715,,,-554,,,,
2024-04-03,Evan Carter,/mlb/props/evan-carter/,TEX at TB,TEX,"LF,CF,RF",0.5,+475,+475,+395,+450,+475,,,+360,,,,,+395,,,,,-800,-700,-750,-700,-800,,,-750,,,,,-704,,,,
2024-04-03,Randy Arozarena,/mlb/props/randy-arozarena/,TEX at TB,SEA,"LF,CF",0.5,+400,+400,+400,+400,+400,,,+350,+400,+400,,,+366,,,,,-650,-600,-700,-600,-700,,,-700,-770,-770,,,-629,,,,
2024-04-03,Andrew Knizner,/mlb/props/andrew-knizner/,TEX at TB,BOS,C,0.5,+425,+425,+376,+425,+425,,,+360,,,,,+376,,,,,-750,-650,-654,-650,-750,,,-750,,,,,-654,,,,
2024-04-03,Leody Taveras,/mlb/props/leody-taveras-of/,TEX at TB,BAL,"CF,RF",0.5,+425,+425,+425,+425,+425,,,+360,+525,+525,,,+366,,,,,-700,-629,-750,-650,-700,,,-750,-1115,-1115,,,-629,,,,
2024-04-03,Marcus Semien,/mlb/props/marcus-semien/,TEX at TB,NYM,2B,0.5,+295,+370,+300,+300,+295,,,+270,+370,+370,,,+262,,,,,-450,-400,-450,-400,-450,,,-500,-670,-670,,,-404,,,,
2024-04-03,Brandon Lowe,/mlb/props/brandon-lowe/,TEX at TB,PIT,2B,0.5,+390,+400,+375,+400,+380,,,+350,+375,+375,,,+345,,,,,-650,-579,-650,-600,-650,,,-700,-670,-670,,,-579,,,,
2024-04-03,Harold Ramirez,/mlb/props/harold-ramirez-of/,TEX at TB,FA,"LF,RF,DH",0.5,+360,+380,+370,+375,+370,,,+320,+380,+380,,,+334,,,,,-575,-550,-600,-550,-600,,,-650,-670,-670,,,-554,,,,
2024-04-03,Josh Smith,/mlb/props/josh-smith-ss/,TEX at TB,TEX,"1B,2B,3B,SS,LF,RF",0.5,+500,+475,+414,+475,+450,,,+380,,,,,+414,,,,,-900,-750,-754,-750,-800,,,-800,,,,,-754,,,,
2024-04-03,Jose Caballero,/mlb/props/jose-caballero/,TEX at TB,NYY,"2B,3B,SS,LF,RF",0.5,+475,+475,+475,+475,+475,,,+380,+525,+525,,,+414,,,,,-800,-750,-800,-750,-800,,,-800,-1115,-1115,,,-754,,,,
2024-04-03,Corey Seager,/mlb/props/corey-seager/,TEX at TB,TEX,SS,0.5,+310,+310,+300,+310,+300,,,+270,+310,+310,,,+275,,,,,-475,-425,-450,-425,-450,,,-500,-530,-530,,,-429,,,,
2024-04-03,Jonah Heim,/mlb/props/jonah-heim/,TEX at TB,ATH,"C,DH",0.5,+400,+400,+355,+400,+400,,,+350,,,,,+355,,,,,-650,-600,-650,-600,-650,,,-700,,,,,-604,,,,
2024-04-03,Ben Rortvedt,/mlb/props/benjamin-rortvedt/,TEX at TB,NYM,C,0.5,+550,+500,+500,+525,+500,,,+450,+550,+550,,,+464,,,,,-1100,-850,-1000,-850,-1000,,,-1000,-1250,-1250,,,-904,,,,
2024-04-03,Wyatt Langford,/mlb/props/wyatt-langford/,TEX at TB,TEX,"LF,CF",0.5,+360,+370,+340,+350,+340,,,+300,+370,+370,,,+311,,,,,-575,-500,-550,-500,-525,,,-550,-670,-670,,,-504,,,,
2024-04-03,Jared Walsh,/mlb/props/jared-walsh/,TEX at TB,FA,"1B,RF",0.5,+600,+500,+500,+525,+500,,,+450,+510,+510,,,+464,,,,,-1200,-850,-1000,-850,-1000,,,-1000,-1115,-1115,,,-904,,,,
2024-04-03,Richie Palacios,/mlb/props/richie-palacios/,TEX at TB,TB,"2B,LF",0.5,+450,+440,+390,+400,+390,,,+350,+440,+440,,,+355,,,,,-800,-600,-700,-600,-650,,,-700,-910,-910,,,-604,,,,
2024-04-03,Yandy Diaz,/mlb/props/yandy-diaz/,TEX at TB,TB,"1B,DH",0.5,+330,+360,+330,+350,+330,,,+300,+360,+360,,,+300,,,,,-525,-479,-525,-500,-525,,,-550,-625,-625,,,-479,,,,
2024-04-03,Isaac Paredes,/mlb/props/isaac-paredes/,TEX at TB,HOU,"1B,3B,DH",0.5,+370,+400,+390,+400,+390,,,+350,+390,+390,,,+345,,,,,-600,-579,-650,-600,-650,,,-700,-715,-715,,,-579,,,,
2024-04-03,Ezequiel Duran,/mlb/props/ezequiel-duran/,TEX at TB,TEX,"1B,2B,3B,SS,LF,RF",0.5,+400,+425,+400,+425,+400,,,+360,,,,,+366,,,,,-700,-629,-700,-650,-700,,,-750,,,,,-629,,,,
2024-04-03,Jose Siri,/mlb/props/jose-siri/,TEX at TB,LAA,"LF,CF",0.5,+450,+500,+500,+525,+550,,,+450,+500,+500,,,+464,,,,,-800,-850,-1000,-850,-1000,,,-1000,-1115,-1115,,,-904,,,,
2024-04-03,Adolis Garcia,/mlb/props/jose-adolis-garcia/,TEX at TB,PHI,RF,0.5,+360,+375,+360,+375,+370,,,+320,+360,+360,,,+334,,,,,-575,-550,-600,-550,-600,,,-650,-625,-625,,,-554,,,,
2024-04-03,Enmanuel Valdez,/mlb/props/enmanuel-valdez/,BOS at ATH,PIT,1B,0.5,+425,+425,+410,+425,+425,,,+360,+410,+410,,,+376,,,,,-700,-650,-700,-650,-700,,,-750,-770,-770,,,-654,,,,
2024-04-03,Rafael Devers,/mlb/props/rafael-devers/,BOS at ATH,SF,"1B,DH",0.5,+300,+320,+280,+320,+310,,,+280,+270,+270,,,+275,,,,,-450,-420,-450,-450,-475,,,-525,-420,-420,,,-429,,,,
2024-04-03,Triston Casas,/mlb/props/triston-casas/,BOS at ATH,BOS,1B,0.5,+425,+450,+395,+450,+450,,,+380,+375,+375,,,+395,,,,,-750,-670,-704,-700,-800,,,-800,-670,-670,,,-704,,,,
2024-04-03,Trevor Story,/mlb/props/trevor-story/,BOS at ATH,BOS,SS,0.5,+320,+350,+320,+350,+320,,,+300,+340,+340,,,+287,,,,,-500,-454,-500,-500,-500,,,-550,-590,-590,,,-454,,,,
2024-04-03,Nick Allen,/mlb/props/nick-allen-ss/,BOS at ATH,HOU,"2B,3B,SS",0.5,+600,+500,+650,+700,+650,,,+500,,,,,+522,,,,,-1400,-1104,-1200,-1200,-1400,,,-1400,,,,,-1104,,,,
2024-04-03,Reese McGuire,/mlb/props/reese-mcguire/,BOS at ATH,FA,C,0.5,+500,+475,+414,+475,+450,,,+380,,,,,+414,,,,,-900,-750,-754,-750,-800,,,-800,,,,,-754,,,,
2024-04-03,Kyle McCann,/mlb/props/kyle-mccann/,BOS at ATH,COL,C,0.5,+550,+450,+525,+525,+550,,,+450,,,,,+448,,,,,-1000,-850,-854,-850,-1000,,,-1000,,,,,-854,,,,
2024-04-03,Lawrence Butler,/mlb/props/lawrence-butler/,BOS at ATH,ATH,"CF,RF",0.5,+550,+480,+510,+550,+550,,,+450,+510,+510,,,+480,,,,,-1100,-900,-1100,-900,-1100,,,-1100,-1115,-1115,,,-954,,,,
2024-04-03,Ceddanne Rafaela,/mlb/props/ceddanne-rafaela/,BOS at ATH,BOS,"2B,CF",0.5,+350,+350,+350,+350,+350,,,,,,,,+300,,,,,-550,-479,-500,-500,-550,,,,,,,,-479,,,,
2024-04-03,J.D. Davis,/mlb/props/jd-davis/,BOS at ATH,FA,"1B,3B",0.5,+475,+500,+440,+500,+500,,,+400,+440,+440,,,+414,,,,,-900,-754,-835,-800,-900,,,-900,-835,-835,,,-754,,,,
2024-04-03,Masataka Yoshida,/mlb/props/masataka-yoshida/,BOS at ATH,BOS,"LF,DH",0.5,+380,+400,+380,+400,+390,,,+350,+380,+380,,,+345,,,,,-600,-579,-650,-600,-650,,,-700,-715,-715,,,-579,,,,
2024-04-03,Tyler Nevin,/mlb/props/tyler-nevin/,BOS at ATH,FA,"1B,3B,LF,RF",0.5,+500,+500,+500,+525,+500,,,+450,,,,,+448,,,,,-1000,-850,-854,-850,-1000,,,-1000,,,,,-854,,,,
2024-04-03,Brent Rooker,/mlb/props/brent-rooker/,BOS at ATH,ATH,"LF,RF,DH",0.5,+550,+500,+460,+525,+500,,,+450,+460,+460,,,+448,,,,,-1000,-850,-910,-850,-1000,,,-1000,-910,-910,,,-854,,,,
2024-04-03,Seth Brown,/mlb/props/seth-brown/,BOS at ATH,FA,"1B,LF,CF,RF",0.5,+425,+450,+414,+450,+450,,,+380,+400,+400,,,+414,,,,,-700,-700,-754,-700,-800,,,-800,-715,-715,,,-754,,,,
2024-04-03,Ryan Noda,/mlb/props/ryan-noda/,BOS at ATH,BAL,1B,0.5,+475,+500,+460,+525,+500,,,+450,+460,+460,,,+448,,,,,-900,-850,-910,-850,-1000,,,-1000,-910,-910,,,-854,,,,
2024-04-03,JJ Bleday,/mlb/props/jj-bleday/,BOS at ATH,CIN,"LF,CF,RF,DH",0.5,+450,+475,+425,+450,+475,,,+380,+425,+425,,,+414,,,,,-800,-700,-754,-700,-800,,,-800,-835,-835,,,-754,,,,
2024-04-03,Wilyer Abreu,/mlb/props/wilyer-abreu/,BOS at ATH,BOS,"LF,CF,RF",0.5,+475,+475,+414,+475,+475,,,+400,,,,,+414,,,,,-800,-750,-800,-750,-800,,,-900,,,,,-754,,,,
2024-04-03,Jarren Duran,/mlb/props/jarren-duran/,BOS at ATH,BOS,"LF,CF,DH",0.5,+275,+310,+275,+290,+275,,,+260,+310,+310,,,+247,,,,,-400,-374,-400,-390,-400,,,-450,-500,-500,,,-374,,,,
2024-04-03,Tyler O'Neill,/mlb/props/tyler-oneill/,BOS at ATH,BAL,"LF,RF",0.5,+320,+360,+320,+320,+320,,,+280,+360,+360,,,+300,,,,,-500,-450,-500,-450,-500,,,-525,-625,-625,,,-479,,,,
2024-04-03,Zack Gelof,/mlb/props/zack-gelof/,BOS at ATH,ATH,"2B,3B,CF",0.5,+425,+450,+430,+450,+450,,,+380,+430,+430,,,+376,,,,,-700,-654,-800,-700,-800,,,-800,-835,-835,,,-654,,,,
2024-04-03,Blaze Alexander,/mlb/props/blaze-alexander/,NYY at ARI,BAL,"2B,3B,SS,LF,CF",0.5,+310,+350,+330,+350,+330,,,,,,,,+300,,,,,-475,-479,-500,-500,-525,,,,,,,,-479,,,,
2024-04-03,Alex Verdugo,/mlb/props/alex-verdugo/,NYY at ARI,FA,"LF,RF",0.5,+330,+410,+340,+350,+340,,,+300,+410,+410,,,+300,,,,,-500,-479,-550,-500,-550,,,-550,-770,-770,,,-479,,,,
2024-04-03,Oswaldo Cabrera,/mlb/props/oswaldo-cabrera/,NYY at ARI,NYY,3B,0.5,+400,+375,+334,+375,+370,,,+320,,,,,+334,,,,,-700,-550,-600,-550,-600,,,-650,,,,,-554,,,,
2024-04-03,Anthony Volpe,/mlb/props/anthony-volpe/,NYY at ARI,NYY,SS,0.5,+330,+320,+300,+320,+320,,,+280,,,,,+300,,,,,-525,-450,-479,-450,-500,,,-525,,,,,-479,,,,
2024-04-03,Eugenio Suarez,/mlb/props/eugenio-suarez/,NYY at ARI,CIN,"3B,DH",0.5,+360,+430,+390,+400,+390,,,+350,+430,+430,,,+345,,,,,-575,-579,-650,-600,-650,,,-700,-835,-835,,,-579,,,,
2024-04-03,Juan Soto,/mlb/props/juan-soto/,NYY at ARI,NYM,"LF,RF,DH",0.5,+340,+360,+350,+350,+350,,,+320,+360,+360,,,+311,,,,,-525,-500,-550,-500,-550,,,-600,-625,-625,,,-504,,,,
2024-04-03,Geraldo Perdomo,/mlb/props/geraldo-perdomo/,NYY at ARI,ARI,SS,0.5,+450,+475,+414,+475,+475,,,+400,,,,,+414,,,,,-750,-750,-754,-750,-900,,,-900,,,,,-754,,,,
2024-04-03,Trent Grisham,/mlb/props/trent-grisham/,NYY at ARI,NYY,CF,0.5,+500,+500,+431,+500,+500,,,+400,,,,,+431,,,,,-900,-800,-804,-800,-900,,,-900,,,,,-804,,,,
2024-04-03,Lourdes Gurriel Jr.,/mlb/props/lourdes-gurriel-jr/,NYY at ARI,ARI,"LF,DH",0.5,+215,+300,+235,+230,+235,,,+210,+300,+300,,,+213,,,,,-300,-310,-350,-310,-340,,,-350,-500,-500,,,-314,,,,
2024-04-03,Tucker Barnhart,/mlb/props/tucker-barnhart/,NYY at ARI,FA,C,0.5,+550,+500,+500,+600,+600,,,+500,,,,,+495,,,,,-1100,-1000,-1004,-1000,-1200,,,-1200,,,,,-1004,,,,
2024-04-03,Corbin Carroll,/mlb/props/corbin-carroll-of/,NYY at ARI,ARI,"CF,RF",0.5,+370,+460,+400,+425,+400,,,+360,+460,+460,,,+355,,,,,-600,-604,-700,-650,-700,,,-750,-910,-910,,,-604,,,,
2024-04-03,Aaron Judge,/mlb/props/aaron-judge/,NYY at ARI,NYY,"LF,CF,RF,DH",0.5,+340,+350,+311,+350,+340,,,+300,+295,+295,,,+311,,,,,-550,-480,-504,-500,-525,,,-550,-480,-480,,,-504,,,,
2024-04-03,Jorge Barrosa,/mlb/props/jorge-barrosa/,NYY at ARI,ARI,"LF,CF,RF",0.5,+295,+350,+330,+350,+330,,,,,,,,+300,,,,,-450,-479,-500,-500,-525,,,,,,,,-479,,,,
2024-04-03,Anthony Rizzo,/mlb/props/anthony-rizzo/,NYY at ARI,FA,1B,0.5,+370,+390,+370,+375,+370,,,+320,+390,+390,,,+334,,,,,-600,-550,-600,-550,-600,,,-650,-715,-715,,,-554,,,,
2024-04-03,Christian Walker,/mlb/props/christian-walker/,NYY at ARI,HOU,1B,0.5,+280,+350,+310,+310,+310,,,+270,+350,+350,,,+275,,,,,-425,-425,-475,-425,-475,,,-500,-590,-590,,,-429,,,,
2024-04-03,Ketel Marte,/mlb/props/ketel-marte/,NYY at ARI,ARI,"2B,DH",0.5,+205,+275,+225,+225,+215,,,+200,+275,+275,,,+202,,,,,-290,-294,-300,-300,-300,,,-300,-435,-435,,,-294,,,,
2024-04-03,Giancarlo Stanton,/mlb/props/giancarlo-stanton/,NYY at ARI,NYY,"LF,RF,DH",0.5,+380,+380,+360,+375,+380,,,+320,+360,+360,,,+334,,,,,-600,-550,-600,-550,-600,,,-650,-625,-625,,,-554,,,,
2024-04-03,Gleyber Torres,/mlb/props/gleyber-torres/,NYY at ARI,DET,2B,0.5,+275,+310,+270,+270,+275,,,+240,+310,+310,,,+247,,,,,-400,-370,-425,-370,-400,,,-425,-530,-530,,,-374,,,,
2024-04-03,Austin Wells,/mlb/props/austin-wells/,NYY at ARI,NYY,C,0.5,+360,+390,+375,+375,+390,,,,,,,,+355,,,,,-575,-550,-604,-550,-650,,,,,,,,-604,,,,
2024-04-03,Bryce Harper,/mlb/props/bryce-harper/,CIN at PHI,PHI,"1B,DH",0.5,+425,+450,+420,+450,+425,,,+360,+420,+420,,,+386,,,,,-750,-679,-750,-700,-750,,,-750,-835,-835,,,-679,,,,
2024-04-03,Jake Fraley,/mlb/props/jake-fraley/,CIN at PHI,TB,"LF,RF",0.5,+500,+500,+500,+525,+500,,,+450,+550,+550,,,+431,,,,,-900,-804,-1000,-850,-1000,,,-1000,-1250,-1250,,,-804,,,,
2024-04-03,Luke Maile,/mlb/props/luke-maile/,CIN at PHI,KC,C,0.5,+700,+550,+700,+750,+700,,,+550,,,,,+594,,,,,-1600,-1400,-1600,-1400,-1800,,,-1600,,,,,-1404,,,,
2024-04-03,Christian Encarnacion-Strand,/mlb/props/christian-encarnacion-strand/,CIN at PHI,BAL,"1B,3B",0.5,+550,+464,+525,+550,+550,,,+450,+525,+525,,,+464,,,,,-1000,-900,-1100,-900,-1100,,,-1100,-1250,-1250,,,-904,,,,
2024-04-03,Alec Bohm,/mlb/props/alec-bohm/,CIN at PHI,PHI,"1B,3B",0.5,+390,+475,+400,+400,+400,,,+350,+475,+475,,,+366,,,,,-650,-600,-700,-600,-650,,,-700,-1000,-1000,,,-629,,,,
2024-04-03,Brandon Marsh,/mlb/props/brandon-marsh/,CIN at PHI,PHI,"LF,CF,RF",0.5,+500,+500,+448,+500,+500,,,+400,,,,,+448,,,,,-1000,-800,-854,-800,-900,,,-900,,,,,-854,,,,
2024-04-03,Bryson Stott,/mlb/props/bryson-stott-ss/,CIN at PHI,PHI,"2B,SS",0.5,+425,+425,+425,+425,+425,,,+360,+540,+540,,,+376,,,,,-700,-650,-750,-650,-700,,,-750,-1250,-1250,,,-654,,,,
2024-04-03,J.T. Realmuto,/mlb/props/jt-realmuto/,CIN at PHI,PHI,C,0.5,+380,+440,+375,+375,+380,,,+320,+440,+440,,,+355,,,,,-600,-550,-650,-550,-650,,,-650,-835,-835,,,-604,,,,
2024-04-03,Trea Turner,/mlb/props/trea-turner/,CIN at PHI,PHI,SS,0.5,+330,+390,+330,+350,+330,,,+300,+390,+390,,,+300,,,,,-500,-479,-550,-500,-525,,,-550,-715,-715,,,-479,,,,
2024-04-03,Johan Rojas,/mlb/props/johan-rojas/,CIN at PHI,PHI,CF,0.5,+550,+495,+495,+550,+550,,,+450,,,,,+495,,,,,-1100,-900,-1004,-900,-1100,,,-1100,,,,,-1004,,,,
2024-04-03,Tyler Stephenson,/mlb/props/tyler-stephenson/,CIN at PHI,CIN,C,0.5,+600,+500,+600,+650,+600,,,+500,,,,,,,,,,-1400,-1100,-1200,-1100,-1400,,,-1200,,,,,,,,,
2024-04-03,Jeimer Candelario,/mlb/props/jeimer-candelario/,CIN at PHI,LAA,"1B,3B",0.5,+450,+500,+450,+450,+450,,,+380,+500,+500,,,+414,,,,,-800,-700,-800,-700,-800,,,-800,-1000,-1000,,,-754,,,,
2024-04-03,Kyle Schwarber,/mlb/props/kyle-schwarber/,CIN at PHI,PHI,"LF,DH",0.5,+475,+475,+431,+475,+475,,,+400,+475,+475,,,+431,,,,,-900,-750,-900,-750,-900,,,-900,-1000,-1000,,,-804,,,,
2024-04-03,Jonathan India,/mlb/props/jonathan-india/,CIN at PHI,KC,"2B,3B,LF,DH",0.5,+500,+500,+500,+500,+500,,,+400,+575,+575,,,+448,,,,,-1000,-800,-900,-800,-900,,,-900,-1430,-1430,,,-854,,,,
2024-04-03,Elly De La Cruz,/mlb/props/elly-de-la-cruz/,CIN at PHI,CIN,SS,0.5,+500,+500,+525,+525,+500,,,+450,+650,+650,,,+464,,,,,-1000,-850,-1000,-850,-1000,,,-1000,-1667,-1667,,,-904,,,,
2024-04-03,Nick Martini,/mlb/props/nick-martini/,CIN at PHI,FA,"LF,RF,DH",0.5,+500,+500,+500,+550,+500,,,+450,,,,,+448,,,,,-1000,-854,-900,-900,-1000,,,-1000,,,,,-854,,,,
2024-04-03,Nick Castellanos,/mlb/props/nick-castellanos/,CIN at PHI,FA,"RF,DH",0.5,+450,+425,+425,+425,+425,,,+360,+510,+510,,,+395,,,,,-800,-650,-750,-650,-750,,,-750,-1115,-1115,,,-704,,,,
2024-04-03,Will Benson,/mlb/props/will-benson/,CIN at PHI,CIN,"LF,CF,RF",0.5,+500,+500,+450,+500,+500,,,+450,,,,,+431,,,,,-900,-800,-900,-800,-900,,,-1000,,,,,-804,,,,
2024-04-03,Whit Merrifield,/mlb/props/whit-merrifield/,CIN at PHI,FA,"2B,3B,LF",0.5,+450,+475,+450,+475,+450,,,+380,,,,,,,,,,-800,-750,-800,-750,-800,,,-800,,,,,,,,,
2024-04-03,Spencer Steer,/mlb/props/spencer-steer/,CIN at PHI,CIN,"1B,2B,LF,RF",0.5,+550,+480,+550,+550,+550,,,+450,+575,+575,,,+480,,,,,-1000,-900,-1000,-900,-1000,,,-1000,-1430,-1430,,,-954,,,,
2024-04-03,Steven Kwan,/mlb/props/steven-kwan/,CLE at SEA,CLE,"LF,CF",0.5,+360,+375,+334,+375,+370,,,+320,,,,,+334,,,,,-575,-550,-600,-550,-600,,,-650,,,,,-554,,,,
2024-04-03,Luis Urias,/mlb/props/luis-urias/,CLE at SEA,TOR,"2B,3B",0.5,+500,+464,+464,+550,+550,,,+450,,,,,+464,,,,,-1000,-900,-1000,-900,-1000,,,-1100,,,,,-904,,,,
2024-04-03,Brayan Rocchio,/mlb/props/brayan-rocchio/,CLE at SEA,CLE,"2B,SS",0.5,+500,+500,+500,+525,+500,,,+450,+600,+600,,,+448,,,,,-900,-850,-1000,-850,-1000,,,-1000,-1430,-1430,,,-854,,,,
2024-04-03,Gabriel Arias,/mlb/props/gabriel-arias-ss/,CLE at SEA,CLE,"2B,3B,SS",0.5,+550,+495,+550,+600,+550,,,+450,,,,,+495,,,,,-1200,-1000,-1100,-1000,-1200,,,-1100,,,,,-1004,,,,
2024-04-03,Seby Zavala,/mlb/props/bernardo-zavala/,CLE at SEA,FA,C,0.5,+600,+500,+600,+650,+600,,,+500,,,,,+522,,,,,-1200,-1100,-1200,-1100,-1400,,,-1200,,,,,-1104,,,,
2024-04-03,J.P. Crawford,/mlb/props/jp-crawford/,CLE at SEA,SEA,"3B,SS",0.5,+360,+420,+360,+375,+360,,,+320,+420,+420,,,+334,,,,,-575,-550,-575,-550,-575,,,-650,-770,-770,,,-554,,,,
2024-04-03,Andres Gimenez,/mlb/props/andres-giminez/,CLE at SEA,TOR,"2B,SS",0.5,+370,+460,+370,+375,+370,,,+320,+460,+460,,,+334,,,,,-600,-550,-650,-550,-600,,,-650,-910,-910,,,-554,,,,
2024-04-03,Julio Rodriguez,/mlb/props/julio-rodriguez-of/,CLE at SEA,SEA,CF,0.5,+350,+375,+350,+350,+350,,,+320,+375,+375,,,+311,,,,,-550,-500,-550,-500,-550,,,-600,-670,-670,,,-504,,,,
2024-04-03,Bo Naylor,/mlb/props/bo-naylor/,CLE at SEA,CLE,C,0.5,+475,+450,+450,+450,+450,,,+380,+575,+575,,,+414,,,,,-800,-700,-800,-700,-800,,,-800,-1430,-1430,,,-754,,,,
2024-04-03,Dylan Moore,/mlb/props/dylan-moore/,CLE at SEA,PHI,"1B,2B,3B,LF,RF",0.5,+500,+500,+500,+525,+500,,,+450,+500,+500,,,+431,,,,,-900,-804,-1000,-850,-1000,,,-1000,-1000,-1000,,,-804,,,,
2024-04-03,Tyler Freeman,/mlb/props/tyler-freeman-ss/,CLE at SEA,COL,"2B,RF,DH",0.5,+550,+450,+450,+450,+450,,,+380,+525,+525,,,+395,,,,,-1000,-700,-800,-700,-800,,,-800,-1115,-1115,,,-704,,,,
2024-04-03,Will Brennan,/mlb/props/will-brennan/,CLE at SEA,SF,"LF,CF,RF",0.5,+350,+420,+350,+350,+340,,,+300,+420,+420,,,+323,,,,,-575,-500,-550,-500,-525,,,-550,-770,-770,,,-529,,,,
2024-04-03,Mitch Haniger,/mlb/props/mitch-haniger/,CLE at SEA,FA,RF,0.5,+400,+425,+400,+425,+400,,,+360,,,,,+366,,,,,-700,-629,-700,-650,-700,,,-750,,,,,-629,,,,
2024-04-03,Mitch Garver,/mlb/props/mitch-garver/,CLE at SEA,SEA,"C,DH",0.5,+450,+450,+450,+450,+450,,,+380,+450,+450,,,+395,,,,,-800,-700,-800,-700,-800,,,-800,-910,-910,,,-704,,,,
2024-04-03,Jose Ramirez,/mlb/props/jose-ramirez/,CLE at SEA,CLE,"3B,DH",0.5,+320,+430,+320,+320,+320,,,+280,+430,+430,,,+287,,,,,-500,-450,-525,-450,-475,,,-525,-835,-835,,,-454,,,,
2024-04-03,Ty France,/mlb/props/tyler-france/,CLE at SEA,SD,1B,0.5,+425,+425,+425,+425,+425,,,+360,+425,+425,,,+376,,,,,-700,-650,-700,-650,-700,,,-750,-835,-835,,,-654,,,,
2024-04-03,Estevan Florial,/mlb/props/estevan-florial/,CLE at SEA,FA,"LF,CF,RF",0.5,+500,+500,+450,+500,+500,,,+450,,,,,+448,,,,,-1000,-800,-854,-800,-1000,,,-1000,,,,,-854,,,,
2024-04-03,Josh Naylor,/mlb/props/josh-naylor/,CLE at SEA,SEA,"1B,DH",0.5,+350,+420,+330,+320,+330,,,+300,+420,+420,,,+300,,,,,-550,-450,-525,-450,-525,,,-550,-770,-770,,,-479,,,,
2024-04-03,Jorge Polanco,/mlb/props/jorge-polanco/,CLE at SEA,NYM,"2B,3B,DH",0.5,+350,+400,+360,+375,+360,,,+320,+400,+400,,,+334,,,,,-550,-550,-575,-550,-575,,,-650,-770,-770,,,-554,,,,
2024-04-03,Ramon Laureano,/mlb/props/ramon-laureano/,CLE at SEA,SD,"LF,CF,RF",0.5,+600,+500,+500,+525,+500,,,+450,,,,,+448,,,,,-1200,-850,-854,-850,-1000,,,-1000,,,,,-854,,,,
2024-04-03,Jose Azocar,/mlb/props/jose-azocar/,STL at SD,ATL,"LF,CF,RF",0.5,+390,+400,+390,+400,+390,,,+350,,,,,+345,,,,,-650,-579,-650,-600,-650,,,-700,,,,,-579,,,,
2024-04-03,Paul Goldschmidt,/mlb/props/paul-goldschmidt/,STL at SD,NYY,"1B,DH",0.5,+380,+420,+375,+375,+380,,,+320,+420,+420,,,+345,,,,,-600,-550,-600,-550,-600,,,-650,-770,-770,,,-579,,,,
2024-04-03,Victor Scott,/mlb/props/victor-scott/,STL at SD,STL,CF,0.5,+500,+500,+500,+525,+500,,,+450,+600,+600,,,+448,,,,,-1000,-850,-1000,-850,-1000,,,-1000,-1667,-1667,,,-854,,,,
2024-04-03,Kyle Higashioka,/mlb/props/kyle-higashioka/,STL at SD,TEX,"C,DH",0.5,+425,+425,+386,+425,+425,,,+360,,,,,+386,,,,,-750,-650,-679,-650,-750,,,-750,,,,,-679,,,,
2024-04-03,Masyn Winn,/mlb/props/masyn-winn-p/,STL at SD,STL,SS,0.5,+550,+500,+500,+525,+500,,,+450,,,,,+464,,,,,-1000,-850,-904,-850,-1000,,,-1000,,,,,-904,,,,
2024-04-03,Nolan Arenado,/mlb/props/nolan-arenado/,STL at SD,ARI,3B,0.5,+600,+495,+495,+600,+550,,,+450,+420,+420,,,+495,,,,,-1200,-770,-1000,-1000,-1100,,,-1100,-770,-770,,,-1004,,,,
2024-04-03,Matt Carpenter,/mlb/props/matt-carpenter/,STL at SD,FA,"1B,DH",0.5,+500,+500,+464,+500,+500,,,+450,,,,,+464,,,,,-1000,-800,-904,-800,-1000,,,-1000,,,,,-904,,,,
2024-04-03,Ivan Herrera,/mlb/props/ivan-herrera/,STL at SD,STL,"C,DH",0.5,+450,+450,+395,+450,+450,,,+380,,,,,+395,,,,,-750,-700,-750,-700,-750,,,-800,,,,,-704,,,,
2024-04-03,Fernando Tatis Jr.,/mlb/props/fernando-tatis-jr/,STL at SD,SD,"2B,RF",0.5,+300,+310,+285,+290,+285,,,+260,+310,+310,,,+275,,,,,-450,-390,-429,-390,-425,,,-450,-500,-500,,,-429,,,,
2024-04-03,Brendan Donovan,/mlb/props/brendan-donovan/,STL at SD,SEA,"2B,3B,SS,LF",0.5,+400,+400,+380,+400,+380,,,+350,+400,+400,,,+355,,,,,-650,-600,-604,-600,-600,,,-700,-715,-715,,,-604,,,,
2024-04-03,Jurickson Profar,/mlb/props/jurickson-profar/,STL at SD,ATL,LF,0.5,+340,+440,+350,+350,+340,,,+320,+440,+440,,,+311,,,,,-525,-500,-600,-500,-525,,,-600,-835,-835,,,-504,,,,
2024-04-03,Manny Machado,/mlb/props/manny-machado/,STL at SD,SD,"3B,DH",0.5,+330,+360,+330,+350,+330,,,+300,+360,+360,,,+300,,,,,-525,-479,-525,-500,-525,,,-550,-625,-625,,,-479,,,,
2024-04-03,Nolan Gorman,/mlb/props/nolan-gorman/,STL at SD,STL,"2B,3B,DH",0.5,+500,+475,+430,+475,+475,,,+400,+430,+430,,,+414,,,,,-900,-750,-835,-750,-900,,,-900,-835,-835,,,-754,,,,
2024-04-03,Jake Cronenworth,/mlb/props/jacob-cronenworth/,STL at SD,SD,"1B,2B,SS",0.5,+400,+450,+410,+450,+450,,,+360,+410,+410,,,+395,,,,,-700,-700,-750,-700,-750,,,-750,-770,-770,,,-704,,,,
2024-04-03,Xander Bogaerts,/mlb/props/xander-bogaerts/,STL at SD,SD,SS,0.5,+330,+375,+320,+320,+330,,,+300,+375,+375,,,+300,,,,,-525,-450,-525,-450,-525,,,-550,-670,-670,,,-479,,,,
2024-04-03,Willson Contreras,/mlb/props/willson-contreras/,STL at SD,BOS,1B,0.5,+400,+390,+375,+375,+380,,,+320,+390,+390,,,+345,,,,,-700,-550,-650,-550,-650,,,-650,-715,-715,,,-579,,,,
2024-04-03,Eguy Rosario,/mlb/props/eguy-rosario/,STL at SD,FA,3B,0.5,+390,+450,+375,+375,+390,,,+320,+450,+450,,,+345,,,,,-650,-550,-650,-550,-650,,,-650,-910,-910,,,-579,,,,
2024-04-03,Brandon Crawford,/mlb/props/brandon-crawford/,STL at SD,FA,"3B,SS",0.5,+500,+500,+431,+500,+500,,,+400,,,,,+431,,,,,-900,-800,-804,-800,-900,,,-900,,,,,-804,,,,
2024-04-03,Ha-Seong Kim,/mlb/props/ha-seong-kim/,STL at SD,ATL,"2B,SS",0.5,+380,+375,+345,+375,+360,,,+320,,,,,+345,,,,,-650,-550,-579,-550,-575,,,-650,,,,,-579,,,,
2024-04-03,Jordan Walker,/mlb/props/jordan-walker/,STL at SD,STL,"LF,RF",0.5,+380,+440,+400,+400,+400,,,+350,+440,+440,,,+355,,,,,-650,-600,-650,-600,-650,,,-700,-835,-835,,,-604,,,,
2024-04-03,Michael A. Taylor,/mlb/props/michael-taylor/,PIT at WSH,FA,"LF,CF,RF",0.5,+500,+500,+500,+525,+500,,,+450,,,,,+448,,,,,-1000,-850,-900,-850,-900,,,-1000,,,,,-854,,,,
2024-04-03,Victor Robles,/mlb/props/victor-robles/,PIT at WSH,SEA,"LF,CF,RF",0.5,+450,+480,+480,+550,+550,,,+450,,,,,+480,,,,,-1000,-900,-1000,-900,-1000,,,-1100,,,,,-954,,,,
2024-04-03,Joey Gallo,/mlb/props/joey-gallo/,PIT at WSH,FA,"1B,LF,CF,RF",0.5,+650,+500,+548,+700,+650,,,+500,+460,+460,,,+548,,,,,-1100,-910,-1200,-1200,-1400,,,-1400,-910,-910,,,-1204,,,,
2024-04-03,Jesse Winker,/mlb/props/jesse-winker/,PIT at WSH,FA,"LF,RF,DH",0.5,+525,+500,+480,+525,+500,,,+450,+480,+480,,,+431,,,,,-850,-804,-1000,-850,-1000,,,-1000,-1000,-1000,,,-804,,,,
2024-04-03,Eddie Rosario,/mlb/props/eddie-rosario/,PIT at WSH,FA,"LF,CF,RF,DH",0.5,+550,+500,+431,+500,+500,,,+400,+425,+425,,,+431,,,,,-900,-800,-835,-800,-900,,,-900,-835,-835,,,-804,,,,
2024-04-03,Keibert Ruiz,/mlb/props/keibert-ruiz/,PIT at WSH,WSH,C,0.5,+450,+410,+390,+400,+390,,,+350,+410,+410,,,+355,,,,,-700,-600,-650,-600,-650,,,-700,-770,-770,,,-604,,,,
2024-04-03,Luis Garcia,/mlb/props/luis-garcia-2b/,PIT at WSH,WSH,"1B,2B,DH",0.5,+475,+450,+414,+450,+450,,,+380,,,,,+414,,,,,-750,-700,-754,-700,-800,,,-800,,,,,-754,,,,
2024-04-03,Trey Lipscomb,/mlb/props/trey-lipscomb/,PIT at WSH,WSH,3B,0.5,+550,+500,+450,+500,+500,,,+450,,,,,+448,,,,,-1200,-800,-854,-800,-1000,,,-1000,,,,,-854,,,,
2024-04-03,Henry Davis,/mlb/props/henry-davis/,PIT at WSH,PIT,C,0.5,+370,+390,+350,+375,+350,,,+320,+390,+390,,,+323,,,,,-600,-529,-600,-550,-550,,,-600,-715,-715,,,-529,,,,
2024-04-03,Andrew McCutchen,/mlb/props/andrew-mccutchen/,PIT at WSH,FA,"LF,RF,DH",0.5,+380,+375,+360,+375,+360,,,+320,+375,+375,,,+345,,,,,-600,-550,-600,-550,-575,,,-600,-670,-670,,,-579,,,,
2024-04-03,Jared Triolo,/mlb/props/jared-triolo/,PIT at WSH,PIT,"1B,2B,3B,SS",0.5,+500,+450,+414,+450,+450,,,+380,,,,,+414,,,,,-900,-700,-754,-700,-800,,,-800,,,,,-754,,,,
2024-04-03,Bryan Reynolds,/mlb/props/bryan-reynolds/,PIT at WSH,PIT,"LF,CF,RF,DH",0.5,+340,+350,+310,+320,+310,,,+280,+350,+350,,,+300,,,,,-525,-450,-525,-450,-475,,,-525,-625,-625,,,-479,,,,
2024-04-03,Ke'Bryan Hayes,/mlb/props/kebryan-hayes/,PIT at WSH,CIN,3B,0.5,+310,+325,+310,+310,+310,,,+270,+325,+325,,,+275,,,,,-475,-425,-475,-425,-475,,,-500,-560,-560,,,-429,,,,
2024-04-03,Rowdy Tellez,/mlb/props/rowdy-tellez/,PIT at WSH,ATL,1B,0.5,+500,+475,+425,+450,+475,,,+380,+425,+425,,,+414,,,,,-900,-700,-754,-700,-800,,,-800,-835,-835,,,-754,,,,
2024-04-03,Lane Thomas,/mlb/props/lane-thomas/,PIT at WSH,KC,"LF,CF,RF",0.5,+400,+400,+360,+400,+400,,,+350,+360,+360,,,+345,,,,,-600,-579,-625,-600,-700,,,-700,-625,-625,,,-579,,,,
2024-04-03,Joey Meneses,/mlb/props/joey-meneses/,PIT at WSH,ATH,1B,0.5,+425,+400,+370,+400,+390,,,+350,+370,+370,,,+366,,,,,-650,-600,-650,-600,-650,,,-700,-670,-670,,,-629,,,,
2024-04-03,CJ Abrams,/mlb/props/cj-abrams/,PIT at WSH,WSH,SS,0.5,+400,+400,+380,+400,+390,,,+350,+380,+380,,,+345,,,,,-600,-579,-650,-600,-650,,,-700,-670,-670,,,-579,,,,
2024-04-03,Jack Suwinski,/mlb/props/jack-suwinski/,PIT at WSH,LAD,"LF,CF,RF",0.5,+390,+375,+340,+375,+360,,,+320,+340,+340,,,+323,,,,,-650,-529,-575,-550,-575,,,-650,-590,-590,,,-529,,,,
2024-04-03,Oneil Cruz,/mlb/props/oneil-cruz-3b/,PIT at WSH,PIT,"CF,DH",0.5,+350,+350,+330,+350,+340,,,+300,+330,+330,,,+311,,,,,-550,-500,-550,-500,-550,,,-550,-560,-560,,,-504,,,,
2024-04-03,Seiya Suzuki,/mlb/props/seiya-suzuki/,COL at CHC,CHC,"LF,RF,DH",0.5,+320,+380,+360,+375,+360,,,+320,+380,+380,,,+323,,,,,-500,-529,-600,-550,-575,,,-600,-715,-715,,,-529,,,,
2024-04-03,Miguel Amaya,/mlb/props/miguel-amaya-c/,COL at CHC,CHC,"C,DH",0.5,+550,+495,+495,+600,+600,,,+450,,,,,+495,,,,,-1000,-1000,-1100,-1000,-1200,,,-1100,,,,,-1004,,,,
2024-04-03,Ryan McMahon,/mlb/props/ryan-mcmahon/,COL at CHC,NYY,3B,0.5,+550,+500,+548,+650,+650,,,+500,+480,+480,,,+548,,,,,-1000,-1000,-1203,-1100,-1400,,,-1400,-1000,-1000,,,-1204,,,,
2024-04-03,Cody Bellinger,/mlb/props/cody-bellinger/,COL at CHC,NYY,"LF,CF,RF",0.5,+450,+425,+400,+425,+400,,,+360,+410,+410,,,+366,,,,,-800,-629,-700,-650,-700,,,-750,-770,-770,,,-629,,,,
2024-04-03,Ian Happ,/mlb/props/ian-happ/,COL at CHC,CHC,LF,0.5,+450,+425,+376,+425,+425,,,+360,,,,,+376,,,,,-800,-650,-654,-650,-750,,,-750,,,,,-654,,,,
2024-04-03,Nico Hoerner,/mlb/props/nico-hoerner/,COL at CHC,CHC,"2B,SS",0.5,+390,+410,+400,+400,+400,,,+350,+410,+410,,,+355,,,,,-650,-600,-650,-600,-650,,,-700,-770,-770,,,-604,,,,
2024-04-03,Dansby Swanson,/mlb/props/dansby-swanson/,COL at CHC,CHC,SS,0.5,+360,+420,+400,+400,+400,,,+350,+420,+420,,,+366,,,,,-575,-600,-700,-600,-700,,,-700,-770,-770,,,-629,,,,
2024-04-03,Brendan Rodgers,/mlb/props/brendan-rodgers/,COL at CHC,BOS,2B,0.5,+360,+475,+425,+425,+425,,,+360,+475,+475,,,+355,,,,,-575,-604,-700,-650,-700,,,-750,-910,-910,,,-604,,,,
2024-04-03,Jacob Stallings,/mlb/props/jacob-stallings/,COL at CHC,FA,C,0.5,+650,+550,+700,+750,+700,,,+550,,,,,+594,,,,,-1600,-1400,-1600,-1400,-1800,,,-1600,,,,,-1404,,,,
2024-04-03,Brenton Doyle,/mlb/props/brenton-doyle/,COL at CHC,COL,CF,0.5,+550,+480,+550,+550,+550,,,+450,+650,+650,,,+480,,,,,-1000,-900,-1100,-900,-1100,,,-1100,-1667,-1667,,,-954,,,,
2024-04-03,Kris Bryant,/mlb/props/kris-bryant/,COL at CHC,COL,DH,0.5,+425,+500,+475,+500,+475,,,+400,+575,+575,,,+431,,,,,-700,-800,-900,-800,-900,,,-900,-1430,-1430,,,-804,,,,
2024-04-03,Michael Busch,/mlb/props/michael-busch-2b/,COL at CHC,CHC,1B,0.5,+500,+500,+500,+525,+500,,,+450,,,,,+431,,,,,-900,-804,-850,-850,-1000,,,-1000,,,,,-804,,,,
2024-04-03,Yan Gomes,/mlb/props/yan-gomes/,COL at CHC,FA,C,0.5,+450,+450,+395,+450,+450,,,+380,,,,,+395,,,,,-750,-700,-704,-700,-800,,,-800,,,,,-704,,,,
2024-04-03,Mike Tauchman,/mlb/props/mike-tauchman/,COL at CHC,NYM,"LF,CF,RF",0.5,+600,+500,+650,+700,+650,,,+500,,,,,+548,,,,,-1200,-1200,-1401,-1200,-1600,,,-1400,,,,,-1204,,,,
2024-04-03,Nolan Jones,/mlb/props/nolan-jones-3b/,COL at CHC,CWS,"LF,CF,RF",0.5,+600,+500,+550,+700,+650,,,+500,+550,+550,,,+548,,,,,-1200,-1200,-1250,-1200,-1400,,,-1400,-1250,-1250,,,-1204,,,,
2024-04-03,Elias Diaz,/mlb/props/elias-diaz/,COL at CHC,TEX,C,0.5,+450,+475,+475,+475,+475,,,+400,+525,+510,,,+448,,,,,-800,-750,-900,-750,-900,,,-900,-1115,-1115,,,-854,,,,
2024-04-03,Alan Trejo,/mlb/props/alan-trejo/,COL at CHC,FA,"2B,SS",0.5,+550,+500,+522,+600,+600,,,+500,,,,,+522,,,,,-1100,-1000,-1104,-1000,-1200,,,-1200,,,,,-1104,,,,
2024-04-03,Charlie Blackmon,/mlb/props/charlie-blackmon/,COL at CHC,FA,"RF,DH",0.5,+450,+475,+450,+450,+450,,,+380,+475,+475,,,+395,,,,,-800,-700,-800,-700,-800,,,-800,-1000,-1000,,,-704,,,,
2024-04-03,Michael Toglia,/mlb/props/mike-toglia/,COL at CHC,CIN,1B,0.5,+600,+500,+522,+600,+600,,,+500,,,,,+522,,,,,-1200,-1000,-1104,-1000,-1200,,,-1200,,,,,-1104,,,,
2024-04-03,Ezequiel Tovar,/mlb/props/ezequiel-tovar/,COL at CHC,COL,SS,0.5,+450,+425,+425,+425,+425,,,+360,+525,+525,,,+366,,,,,-800,-629,-750,-650,-750,,,-750,-1115,-1115,,,-629,,,,
2024-04-03,Christopher Morel,/mlb/props/christopher-morel/,COL at CHC,MIA,"1B,LF,DH",0.5,+400,+425,+420,+425,+425,,,+360,+420,+420,,,+366,,,,,-650,-629,-750,-650,-750,,,-750,-770,-770,,,-629,,,,
2024-04-03,Daulton Varsho,/mlb/props/daulton-varsho/,TOR at HOU,TOR,"LF,CF",0.5,+425,+460,+425,+425,+425,,,+360,+460,+460,,,+366,,,,,-700,-629,-750,-650,-750,,,-750,-910,-910,,,-629,,,,
2024-04-03,Jeremy Pena,/mlb/props/jeremy-pena/,TOR at HOU,HOU,SS,0.5,+450,+450,+425,+450,+425,,,+380,,,,,+395,,,,,-800,-700,-750,-700,-750,,,-800,,,,,-704,,,,
2024-04-03,Isiah Kiner-Falefa,/mlb/props/isiah-kiner-falefa/,TOR at HOU,BOS,"2B,3B,SS",0.5,+450,+450,+386,+450,+450,,,+380,,,,,+386,,,,,-800,-679,-750,-700,-750,,,-800,,,,,-679,,,,
2024-04-03,Jake Meyers,/mlb/props/jacob-meyers/,TOR at HOU,HOU,CF,0.5,+550,+500,+450,+500,+500,,,+450,,,,,+431,,,,,-1000,-800,-900,-800,-900,,,-1000,,,,,-804,,,,
2024-04-03,Yordan Alvarez,/mlb/props/yordan-alvarez/,TOR at HOU,HOU,"LF,DH",0.5,+340,+360,+320,+320,+330,,,+280,+360,+360,,,+300,,,,,-550,-450,-525,-450,-525,,,-525,-625,-625,,,-479,,,,
2024-04-03,Mauricio Dubon,/mlb/props/mauricio-dubon/,TOR at HOU,ATL,"2B,3B,SS,LF,CF",0.5,+390,+400,+350,+400,+400,,,+350,,,,,+345,,,,,-650,-579,-600,-600,-700,,,-700,,,,,-579,,,,
2024-04-03,Cavan Biggio,/mlb/props/cavan-biggio/,TOR at HOU,HOU,"1B,2B,RF",0.5,+550,+500,+500,+600,+600,,,+500,,,,,+495,,,,,-1200,-1000,-1004,-1000,-1200,,,-1200,,,,,-1004,,,,
2024-04-03,Kevin Kiermaier,/mlb/props/kevin-kiermaier/,TOR at HOU,FA,CF,0.5,+475,+500,+475,+500,+475,,,+400,+540,+540,,,+414,,,,,-900,-754,-900,-800,-900,,,-900,-1250,-1250,,,-754,,,,
2024-04-03,Kyle Tucker,/mlb/props/kyle-tucker/,TOR at HOU,LAD,"RF,DH",0.5,+330,+350,+320,+320,+330,,,+280,+350,+350,,,+300,,,,,-525,-450,-525,-450,-525,,,-525,-590,-590,,,-479,,,,
2024-04-03,Jose Altuve,/mlb/props/jose-altuve/,TOR at HOU,HOU,"2B,LF,DH",0.5,+360,+350,+320,+350,+350,,,+320,+310,+310,,,+311,,,,,-575,-500,-530,-500,-575,,,-600,-530,-530,,,-504,,,,
2024-04-03,Jose Abreu,/mlb/props/jose-dariel-abreu/,TOR at HOU,FA,1B,0.5,+390,+430,+370,+375,+370,,,+320,+430,+430,,,+355,,,,,-650,-550,-650,-550,-600,,,-650,-835,-835,,,-604,,,,
2024-04-03,Justin Turner,/mlb/props/justin-turner/,TOR at HOU,FA,"1B,3B",0.5,+360,+450,+350,+350,+350,,,+320,+450,+450,,,+311,,,,,-575,-500,-600,-500,-575,,,-600,-910,-910,,,-504,,,,
2024-04-03,Jon Singleton,/mlb/props/jonathan-singleton/,TOR at HOU,FA,"1B,DH",0.5,+400,+425,+400,+425,+400,,,+360,,,,,+366,,,,,-700,-629,-700,-650,-700,,,-750,,,,,-629,,,,
2024-04-03,Alex Bregman,/mlb/props/alex-bregman/,TOR at HOU,CHC,"3B,DH",0.5,+350,+390,+340,+350,+340,,,+320,+390,+390,,,+311,,,,,-550,-500,-525,-500,-525,,,-600,-715,-715,,,-504,,,,
2024-04-03,Chas McCormick,/mlb/props/chas-mccormick/,TOR at HOU,CHC,"LF,CF,RF",0.5,+450,+450,+420,+450,+450,,,+380,+420,+420,,,+414,,,,,-800,-700,-770,-700,-800,,,-800,-770,-770,,,-754,,,,
2024-04-03,Bo Bichette,/mlb/props/bo-bichette/,TOR at HOU,NYM,"3B,SS",0.5,+320,+360,+330,+350,+330,,,+300,+360,+360,,,+287,,,,,-500,-454,-525,-500,-525,,,-550,-625,-625,,,-454,,,,
2024-04-03,George Springer,/mlb/props/george-springer/,TOR at HOU,TOR,"LF,CF,RF,DH",0.5,+320,+375,+330,+350,+330,,,+300,+375,+375,,,+287,,,,,-500,-454,-525,-500,-525,,,-550,-670,-670,,,-454,,,,
2024-04-03,Alejandro Kirk,/mlb/props/alejandro-kirk/,TOR at HOU,TOR,C,0.5,+360,+440,+360,+375,+360,,,+320,+440,+440,,,+334,,,,,-575,-550,-600,-550,-575,,,-600,-835,-835,,,-554,,,,
2024-04-03,Yainer Diaz,/mlb/props/yainer-diaz-c/,TOR at HOU,HOU,"C,DH",0.5,+350,+375,+350,+375,+350,,,+320,+320,+320,,,+323,,,,,-575,-529,-550,-550,-550,,,-600,-530,-530,,,-529,,,,
2024-04-03,Vladimir Guerrero Jr.,/mlb/props/vladimir-guerrero-jr/,TOR at HOU,TOR,"1B,DH",0.5,+350,+390,+340,+350,+340,,,+320,+390,+390,,,+311,,,,,-550,-500,-550,-500,-550,,,-600,-715,-715,,,-504,,,,
2024-04-03,Shohei Ohtani,/mlb/props/shohei-ohtani/,SF at LAD,LAD,"SP,DH",0.5,+340,+350,+320,+350,+350,,,+320,+350,+350,,,+300,,,,,-525,-479,-550,-500,-550,,,-600,-625,-625,,,-479,,,,
2024-04-03,Patrick Bailey,/mlb/props/patrick-bailey/,SF at LAD,CLE,C,0.5,+600,+500,+650,+700,+650,,,+500,,,,,+548,,,,,-1400,-1200,-1203,-1200,-1400,,,-1400,,,,,-1204,,,,
2024-04-03,LaMonte Wade Jr.,/mlb/props/lamonte-wade/,SF at LAD,HOU,"1B,RF",0.5,+550,+500,+500,+550,+550,,,+450,+500,+500,,,+480,,,,,-1000,-900,-1100,-900,-1100,,,-1100,-1115,-1115,,,-954,,,,
2024-04-03,Nick Ahmed,/mlb/props/nick-ahmed/,SF at LAD,FA,SS,0.5,+700,+550,+700,+750,+700,,,+550,,,,,+594,,,,,-1800,-1400,-1600,-1400,-1800,,,-1600,,,,,-1404,,,,
2024-04-03,Thairo Estrada,/mlb/props/thairo-estrada/,SF at LAD,FA,2B,0.5,+475,+475,+475,+475,+475,,,+400,+575,+575,,,+414,,,,,-800,-750,-900,-750,-900,,,-900,-1250,-1250,,,-754,,,,
2024-04-03,Enrique Hernandez,/mlb/props/enrique-hernandez/,SF at LAD,LAD,"1B,2B,3B,LF",0.5,+400,+380,+334,+375,+380,,,+320,,,,,+334,,,,,-650,-550,-554,-550,-650,,,-650,,,,,-554,,,,
2024-04-03,Chris Taylor,/mlb/props/chris-taylor/,SF at LAD,FA,"2B,LF,CF,RF",0.5,+550,+495,+550,+600,+550,,,+450,+650,+650,,,+495,,,,,-1100,-1000,-1100,-1000,-1100,,,-1100,-1667,-1667,,,-1004,,,,
2024-04-03,Michael Conforto,/mlb/props/michael-conforto/,SF at LAD,CHC,"LF,RF,DH",0.5,+600,+450,+540,+600,+600,,,+450,+540,+540,,,+522,,,,,-1200,-1000,-1104,-1000,-1200,,,-1100,-1250,-1250,,,-1104,,,,
2024-04-03,Will Smith,/mlb/props/will-smith-c/,SF at LAD,LAD,C,0.5,+330,+410,+330,+320,+330,,,+300,+410,+410,,,+300,,,,,-525,-450,-525,-450,-525,,,-550,-770,-770,,,-479,,,,
2024-04-03,Teoscar Hernandez,/mlb/props/teoscar-hernandez/,SF at LAD,LAD,"LF,RF",0.5,+400,+425,+400,+425,+400,,,+360,+400,+400,,,+366,,,,,-700,-629,-650,-650,-650,,,-750,-715,-715,,,-629,,,,
2024-04-03,Mike Yastrzemski,/mlb/props/michael-yastrzemski/,SF at LAD,ATL,"LF,CF,RF",0.5,+500,+480,+510,+600,+600,,,+450,+510,+510,,,+480,,,,,-1000,-954,-1100,-1000,-1200,,,-1100,-1115,-1115,,,-954,,,,
2024-04-03,Jung Hoo Lee,/mlb/props/jung-lee/,SF at LAD,SF,"CF,RF",0.5,+475,+475,+475,+525,+475,,,+450,+450,+450,,,+448,,,,,-900,-800,-854,-850,-800,,,-1000,-910,-910,,,-854,,,,
2024-04-03,Mookie Betts,/mlb/props/mookie-betts/,SF at LAD,LAD,SS,0.5,+300,+350,+300,+310,+300,,,+270,+350,+350,,,+275,,,,,-450,-425,-450,-425,-450,,,-500,-590,-590,,,-429,,,,
2024-04-03,Jorge Soler,/mlb/props/jorge-soler/,SF at LAD,LAA,"RF,DH",0.5,+550,+480,+480,+525,+550,,,+450,+480,+480,,,+448,,,,,-1000,-850,-1000,-850,-1000,,,-1000,-1000,-1000,,,-854,,,,
2024-04-03,Miguel Rojas,/mlb/props/miguel-rojas/,SF at LAD,LAD,"2B,3B,SS",0.5,+400,+425,+400,+425,+400,,,+360,,,,,+366,,,,,-700,-629,-700,-650,-700,,,-750,,,,,-629,,,,
2024-04-03,Freddie Freeman,/mlb/props/freddie-freeman/,SF at LAD,LAD,1B,0.5,+285,+325,+275,+280,+275,,,+240,+325,+325,,,+262,,,,,-425,-380,-425,-380,-400,,,-425,-560,-560,,,-404,,,,
2024-04-03,Max Muncy,/mlb/props/max-muncy/,SF at LAD,LAD,3B,0.5,+425,+425,+410,+425,+425,,,+360,+410,+410,,,+386,,,,,-750,-650,-700,-650,-700,,,-750,-770,-770,,,-679,,,,
2024-04-03,Matt Chapman,/mlb/props/matt-chapman/,SF at LAD,SF,3B,0.5,+550,+480,+525,+550,+550,,,+450,+525,+525,,,+480,,,,,-1000,-900,-1100,-900,-1100,,,-1100,-1115,-1115,,,-954,,,,
2024-04-04,Javier Baez,/mlb/props/javier-baez/,DET at NYM,DET,"2B,3B,SS,CF",0.5,+500,+475,+414,+475,+475,,,+400,,,,,+414,,,,,-900,-750,-800,-750,-800,,,-900,,,,,-754,,,,
2024-04-04,Spencer Torkelson,/mlb/props/spencer-torkelson-if/,DET at NYM,DET,1B,0.5,+320,+500,+366,+400,+340,,,+300,+500,+500,,,+366,,,,,-500,-525,-629,-600,-525,,,-550,-1000,-1000,,,-629,,,,
2024-04-04,Colt Keith,/mlb/props/colt-keith/,DET at NYM,DET,"1B,2B,3B,DH",0.5,+425,+425,+400,+400,+425,,,+360,,,,,+376,,,,,-700,-600,-654,-600,-700,,,-750,,,,,-654,,,,
2024-04-04,Kerry Carpenter,/mlb/props/kerry-carpenter/,DET at NYM,DET,"LF,RF,DH",0.5,+370,+425,+390,+350,+390,,,+350,+425,+425,,,,,,,,-600,-500,-650,-500,-650,,,-700,-835,-835,,,,,,,
2024-04-04,Starling Marte,/mlb/props/starling-marte/,DET at NYM,KC,"LF,RF,DH",0.5,+390,+475,+431,+475,+425,,,+360,+460,+460,,,+431,,,,,-650,-700,-804,-750,-700,,,-750,-910,-910,,,-804,,,,
2024-04-04,Pete Alonso,/mlb/props/peter-alonso/,DET at NYM,BAL,"1B,DH",0.5,+350,+425,+380,+425,+380,,,+320,+410,+410,,,,,,,,-575,-650,-650,-650,-650,,,-650,-770,-770,,,,,,,
2024-04-04,Jake Rogers,/mlb/props/jake-rogers/,DET at NYM,DET,C,0.5,+550,+500,+500,+650,+600,,,+500,,,,,+448,,,,,-1000,-854,-1100,-1100,-1400,,,-1200,,,,,-854,,,,
2024-04-04,Brandon Nimmo,/mlb/props/brandon-nimmo/,DET at NYM,TEX,"LF,CF,RF,DH",0.5,+340,+410,+330,+310,+330,,,+300,+410,+410,,,+287,,,,,-525,-425,-525,-425,-525,,,-550,-770,-770,,,-454,,,,
2024-04-04,Tyrone Taylor,/mlb/props/tyrone-taylor/,DET at NYM,NYM,"LF,CF,RF",0.5,+425,+475,+414,+475,+425,,,+360,,,,,+414,,,,,-700,-700,-750,-750,-700,,,-750,,,,,-754,,,,
2024-04-04,Brett Baty,/mlb/props/brett-baty/,DET at NYM,NYM,"1B,2B,3B,RF",0.5,+550,+500,+431,+425,+500,,,+400,+475,+475,,,+431,,,,,-1000,-650,-804,-650,-900,,,-900,-1000,-1000,,,-804,,,,
2024-04-04,Riley Greene,/mlb/props/riley-greene-of/,DET at NYM,DET,"LF,CF,RF,DH",0.5,+425,+460,+375,+375,+425,,,+360,+460,+460,,,+334,,,,,-700,-550,-750,-550,-750,,,-750,-910,-910,,,-554,,,,
2024-04-04,Harrison Bader,/mlb/props/harrison-bader/,DET at NYM,SF,"LF,CF,RF",0.5,+475,+475,+475,+550,+475,,,+400,,,,,+464,,,,,-800,-900,-900,-900,-900,,,-900,,,,,-904,,,,
2024-04-04,Parker Meadows,/mlb/props/parker-meadows/,DET at NYM,DET,CF,0.5,+400,+460,+400,+350,+400,,,+350,+460,+460,,,,,,,,-650,-500,-650,-500,-650,,,-700,-910,-910,,,,,,,
2024-04-04,Francisco Lindor,/mlb/props/francisco-lindor/,DET at NYM,NYM,SS,0.5,+310,+400,+310,+310,+310,,,+280,+400,+400,,,+275,,,,,-475,-425,-475,-425,-475,,,-525,-715,-715,,,-429,,,,
2024-04-04,Francisco Alvarez,/mlb/props/francisco-alvarez/,DET at NYM,NYM,"C,DH",0.5,+425,+500,+448,+500,+450,,,+380,+460,+460,,,+448,,,,,-750,-800,-854,-800,-800,,,-800,-910,-910,,,-854,,,,
2024-04-04,DJ Stewart,/mlb/props/dj-stewart/,DET at NYM,PIT,"LF,RF",0.5,+500,+500,+450,+500,+550,,,+450,,,,,+386,,,,,-1000,-679,-800,-800,-1100,,,-1100,,,,,-679,,,,
2024-04-04,Matt Vierling,/mlb/props/matt-vierling/,DET at NYM,DET,"LF,CF,RF",0.5,+350,+450,+386,+450,+360,,,+320,+540,+540,,,+386,,,,,-550,-575,-700,-700,-575,,,-650,-1250,-1250,,,-679,,,,
2024-04-04,Gio Urshela,/mlb/props/giovanny-urshela/,DET at NYM,FA,3B,0.5,+350,+400,+360,+400,+360,,,+320,,,,,+366,,,,,-575,-575,-600,-600,-575,,,-650,,,,,-629,,,,
2024-04-04,Carson Kelly,/mlb/props/carson-kelly/,DET at NYM,CHC,C,0.5,+400,+475,+425,+475,+425,,,+360,+575,+575,,,+414,,,,,-700,-750,-754,-750,-750,,,-750,-1430,-1430,,,-754,,,,
2024-04-04,Jeff McNeil,/mlb/props/jeff-mcneil/,DET at NYM,ATH,"2B,LF,CF,RF",0.5,+380,+480,+400,+400,+425,,,+360,+480,+480,,,+300,,,,,-600,-479,-700,-600,-700,,,-750,-1000,-1000,,,-479,,,,
2024-04-04,Mark Canha,/mlb/props/mark-canha/,DET at NYM,FA,"LF,RF",0.5,+400,+450,+425,+450,+425,,,+380,,,,,+366,,,,,-700,-629,-700,-700,-750,,,-800,,,,,-629,,,,
2024-04-04,Zach McKinstry,/mlb/props/zach-mckinstry/,DET at NYM,DET,"2B,3B,SS,LF,RF",0.5,+475,+500,+450,+450,+500,,,+450,,,,,+386,,,,,-900,-679,-700,-700,-1000,,,-1000,,,,,-679,,,,
2024-04-04,Trey Lipscomb,/mlb/props/trey-lipscomb/,PIT at WSH,WSH,3B,0.5,+360,+425,+400,+425,+400,,,+360,,,,,+355,,,,,-575,-604,-650,-650,-700,,,-750,,,,,-604,,,,
2024-04-04,Andrew McCutchen,/mlb/props/andrew-mccutchen/,PIT at WSH,FA,"LF,RF,DH",0.5,+390,+425,+400,+425,+400,,,+360,+400,+400,,,+376,,,,,-650,-650,-700,-650,-700,,,-750,-715,-715,,,-654,,,,
2024-04-04,Jesse Winker,/mlb/props/jesse-winker/,PIT at WSH,FA,"LF,RF,DH",0.5,+550,+464,+525,+550,+550,,,+450,+525,+525,,,+464,,,,,-1100,-900,-1100,-900,-1100,,,-1100,-1250,-1250,,,-904,,,,
2024-04-04,Rowdy Tellez,/mlb/props/rowdy-tellez/,PIT at WSH,ATL,1B,0.5,+500,+500,+460,+525,+500,,,+450,+460,+460,,,+448,,,,,-900,-850,-900,-850,-900,,,-1000,-910,-910,,,-854,,,,
2024-04-04,CJ Abrams,/mlb/props/cj-abrams/,PIT at WSH,WSH,SS,0.5,+450,+450,+400,+450,+450,,,+380,+400,+400,,,+395,,,,,-800,-700,-715,-700,-800,,,-800,-715,-715,,,-704,,,,
2024-04-04,Joey Gallo,/mlb/props/joey-gallo/,PIT at WSH,FA,"1B,LF,CF,RF",0.5,+600,+500,+500,+600,+600,,,+500,,,,,+495,,,,,-1200,-1000,-1004,-1000,-1200,,,-1200,,,,,-1004,,,,
2024-04-04,Oneil Cruz,/mlb/props/oneil-cruz-3b/,PIT at WSH,PIT,"CF,DH",0.5,+370,+375,+345,+375,+370,,,+320,+320,+320,,,+345,,,,,-600,-530,-579,-550,-600,,,-650,-530,-530,,,-579,,,,
2024-04-04,Riley Adams,/mlb/props/riley-adams/,PIT at WSH,WSH,C,0.5,+380,+350,+300,+350,+340,,,+300,,,,,+287,,,,,-600,-454,-500,-500,-525,,,-550,,,,,-454,,,,
2024-04-04,Jack Suwinski,/mlb/props/jack-suwinski/,PIT at WSH,LAD,"LF,CF,RF",0.5,+425,+425,+410,+425,+425,,,+360,+410,+410,,,+376,,,,,-700,-650,-750,-650,-750,,,-750,-770,-770,,,-654,,,,
2024-04-04,Joey Meneses,/mlb/props/joey-meneses/,PIT at WSH,ATH,1B,0.5,+295,+360,+310,+320,+310,,,+280,+360,+360,,,+275,,,,,-450,-429,-475,-450,-475,,,-525,-625,-625,,,-429,,,,
2024-04-04,Henry Davis,/mlb/props/henry-davis/,PIT at WSH,PIT,C,0.5,+360,+440,+380,+400,+380,,,+350,+440,+440,,,+355,,,,,-575,-600,-650,-600,-650,,,-700,-835,-835,,,-604,,,,
2024-04-04,Eddie Rosario,/mlb/props/eddie-rosario/,PIT at WSH,FA,"LF,CF,RF,DH",0.5,+600,+500,+600,+650,+600,,,+500,,,,,+522,,,,,-1200,-1100,-1200,-1100,-1400,,,-1200,,,,,-1104,,,,
2024-04-04,Ke'Bryan Hayes,/mlb/props/kebryan-hayes/,PIT at WSH,CIN,3B,0.5,+320,+370,+340,+350,+340,,,+320,+370,+370,,,+311,,,,,-500,-500,-525,-500,-525,,,-600,-670,-670,,,-504,,,,
2024-04-04,Keibert Ruiz,/mlb/props/keibert-ruiz/,PIT at WSH,WSH,C,0.5,+320,+375,+340,+350,+340,,,+300,+375,+375,,,+300,,,,,-500,-479,-550,-500,-525,,,-550,-670,-670,,,-479,,,,
2024-04-04,Jared Triolo,/mlb/props/jared-triolo/,PIT at WSH,PIT,"1B,2B,3B,SS",0.5,+450,+500,+431,+500,+475,,,+400,,,,,+431,,,,,-800,-800,-804,-800,-900,,,-900,,,,,-804,,,,
2024-04-04,Michael A. Taylor,/mlb/props/michael-taylor/,PIT at WSH,FA,"LF,CF,RF",0.5,+550,+495,+550,+600,+550,,,+450,,,,,+495,,,,,-1100,-1000,-1004,-1000,-1100,,,-1100,,,,,-1004,,,,
2024-04-04,Bryan Reynolds,/mlb/props/bryan-reynolds/,PIT at WSH,PIT,"LF,CF,RF,DH",0.5,+340,+375,+370,+375,+370,,,+320,+370,+370,,,+334,,,,,-525,-550,-600,-550,-600,,,-650,-670,-670,,,-554,,,,
2024-04-04,Jacob Young,/mlb/props/jacob-young/,PIT at WSH,WSH,CF,0.5,+475,+475,+475,+500,+475,,,,,,,,+414,,,,,-900,-754,-800,-800,-900,,,,,,,,-754,,,,
2024-04-04,Ildemaro Vargas,/mlb/props/ildemaro-vargas/,PIT at WSH,ARI,"1B,2B",0.5,+350,+420,+375,+375,+380,,,+320,+420,+420,,,+334,,,,,-550,-550,-600,-550,-600,,,-650,-835,-835,,,-554,,,,
2024-04-04,Lane Thomas,/mlb/props/lane-thomas/,PIT at WSH,KC,"LF,CF,RF",0.5,+285,+350,+310,+310,+310,,,+270,+350,+350,,,+262,,,,,-425,-404,-475,-425,-475,,,-500,-590,-590,,,-404,,,,
2024-04-04,Alex Kirilloff,/mlb/props/alex-kirilloff/,CLE at MIN,FA,"1B,LF,RF",0.5,+310,+350,+320,+320,+320,,,+280,+350,+350,,,+275,,,,,-475,-429,-500,-450,-500,,,-525,-590,-590,,,-429,,,,
2024-04-04,Byron Buxton,/mlb/props/byron-buxton/,CLE at MIN,MIN,"CF,DH",0.5,+425,+450,+420,+425,+450,,,+360,+420,+420,,,+376,,,,,-750,-650,-750,-650,-750,,,-750,-770,-770,,,-654,,,,
2024-04-04,Jose Ramirez,/mlb/props/jose-ramirez/,CLE at MIN,CLE,"3B,DH",0.5,+310,+410,+320,+320,+320,,,+280,+410,+410,,,+287,,,,,-475,-450,-525,-450,-500,,,-525,-770,-770,,,-454,,,,
2024-04-04,Ramon Laureano,/mlb/props/ramon-laureano/,CLE at MIN,SD,"LF,CF,RF",0.5,+500,+500,+500,+525,+500,,,+450,,,,,+464,,,,,-1000,-850,-904,-850,-1000,,,-1000,,,,,-904,,,,
2024-04-04,Matt Wallner,/mlb/props/matt-wallner/,CLE at MIN,MIN,"LF,RF",0.5,+425,+500,+431,+500,+500,,,+400,,,,,+431,,,,,-700,-800,-804,-800,-900,,,-900,,,,,-804,,,,
2024-04-04,Josh Naylor,/mlb/props/josh-naylor/,CLE at MIN,SEA,"1B,DH",0.5,+330,+420,+350,+350,+340,,,+320,+420,+420,,,+311,,,,,-525,-500,-600,-500,-525,,,-600,-770,-770,,,-504,,,,
2024-04-04,Tyler Freeman,/mlb/props/tyler-freeman-ss/,CLE at MIN,COL,"2B,RF,DH",0.5,+475,+475,+450,+475,+450,,,+380,+540,+540,,,+431,,,,,-800,-750,-804,-750,-800,,,-800,-1250,-1250,,,-804,,,,
2024-04-04,Steven Kwan,/mlb/props/steven-kwan/,CLE at MIN,CLE,"LF,CF",0.5,+360,+380,+345,+375,+380,,,+320,,,,,+345,,,,,-575,-550,-600,-550,-600,,,-650,,,,,-579,,,,
2024-04-04,Will Brennan,/mlb/props/will-brennan/,CLE at MIN,SF,"LF,CF,RF",0.5,+370,+460,+380,+400,+380,,,+350,+460,+460,,,+355,,,,,-600,-600,-700,-600,-600,,,-700,-910,-910,,,-604,,,,
2024-04-04,Carlos Correa,/mlb/props/carlos-correa/,CLE at MIN,HOU,"3B,SS",0.5,+390,+430,+400,+400,+400,,,+350,+430,+430,,,+355,,,,,-650,-600,-700,-600,-700,,,-700,-835,-835,,,-604,,,,
2024-04-04,Christian Vazquez,/mlb/props/christian-vazquez/,CLE at MIN,HOU,C,0.5,+500,+480,+480,+550,+550,,,+450,,,,,+480,,,,,-1000,-900,-954,-900,-1100,,,-1100,,,,,-954,,,,
2024-04-04,Carlos Santana,/mlb/props/carlos-santana/,CLE at MIN,ATL,1B,0.5,+380,+440,+390,+400,+390,,,+350,+440,+440,,,+334,,,,,-600,-554,-650,-600,-650,,,-700,-835,-835,,,-554,,,,
2024-04-04,Edouard Julien,/mlb/props/edouard-julien/,CLE at MIN,COL,"1B,2B,DH",0.5,+450,+500,+450,+500,+500,,,+450,+440,+440,,,+431,,,,,-800,-800,-835,-800,-900,,,-1000,-835,-835,,,-804,,,,
2024-04-04,Willi Castro,/mlb/props/willi-castro/,CLE at MIN,COL,"1B,2B,3B,SS,LF,RF",0.5,+400,+450,+386,+450,+450,,,+380,,,,,+386,,,,,-650,-679,-700,-700,-800,,,-800,,,,,-679,,,,
2024-04-04,Andres Gimenez,/mlb/props/andres-giminez/,CLE at MIN,TOR,"2B,SS",0.5,+390,+480,+380,+375,+380,,,+320,+480,+480,,,+345,,,,,-650,-550,-650,-550,-600,,,-650,-1000,-1000,,,-579,,,,
2024-04-04,Max Kepler,/mlb/props/max-kepler/,CLE at MIN,ARI,"LF,RF",0.5,+290,+375,+320,+320,+320,,,+280,+375,+375,,,+287,,,,,-425,-450,-500,-450,-500,,,-525,-670,-670,,,-454,,,,
2024-04-04,Brayan Rocchio,/mlb/props/brayan-rocchio/,CLE at MIN,CLE,"2B,SS",0.5,+500,+500,+500,+525,+500,,,+450,,,,,+448,,,,,-1000,-850,-854,-850,-1000,,,-1000,,,,,-854,,,,
2024-04-04,Ryan Jeffers,/mlb/props/ryan-jeffers/,CLE at MIN,MIN,"C,DH",0.5,+500,+464,+464,+550,+550,,,+450,,,,,+464,,,,,-1000,-900,-904,-900,-1000,,,-1000,,,,,-904,,,,
2024-04-04,Bo Naylor,/mlb/props/bo-naylor/,CLE at MIN,CLE,C,0.5,+500,+500,+450,+500,+500,,,+450,,,,,+448,,,,,-1000,-800,-900,-800,-900,,,-1000,,,,,-854,,,,
2024-04-04,Nolan Arenado,/mlb/props/nolan-arenado/,MIA at STL,ARI,3B,0.5,+500,+500,+450,+525,+500,,,+450,+350,+350,,,+448,,,,,-1000,-625,-850,-850,-1000,,,-1000,-625,-625,,,-854,,,,
2024-04-04,Nolan Gorman,/mlb/props/nolan-gorman/,MIA at STL,STL,"2B,3B,DH",0.5,+450,+500,+450,+500,+500,,,+450,+440,+440,,,+431,,,,,-800,-800,-835,-800,-900,,,-1000,-835,-835,,,-804,,,,
2024-04-04,Michael Siani,/mlb/props/mike-siani/,MIA at STL,BAL,CF,0.5,+550,+495,+550,+600,+550,,,+450,,,,,+495,,,,,-1100,-1000,-1004,-1000,-1100,,,-1100,,,,,-1004,,,,
2024-04-04,Ivan Herrera,/mlb/props/ivan-herrera/,MIA at STL,STL,"C,DH",0.5,+475,+440,+425,+425,+425,,,+360,+440,+440,,,+386,,,,,-800,-650,-700,-650,-700,,,-750,-835,-835,,,-679,,,,
2024-04-04,Paul Goldschmidt,/mlb/props/paul-goldschmidt/,MIA at STL,NYY,"1B,DH",0.5,+370,+375,+350,+375,+360,,,+320,+350,+350,,,+323,,,,,-600,-529,-575,-550,-575,,,-600,-625,-625,,,-529,,,,
2024-04-04,Nick Gordon,/mlb/props/nick-gordon/,MIA at STL,FA,"2B,LF,CF",0.5,+380,+440,+380,+400,+380,,,+320,+440,+440,,,+334,,,,,-600,-554,-650,-600,-650,,,-650,-835,-835,,,-554,,,,
2024-04-04,Masyn Winn,/mlb/props/masyn-winn-p/,MIA at STL,STL,SS,0.5,+500,+475,+414,+475,+450,,,+380,,,,,+414,,,,,-900,-750,-754,-750,-800,,,-800,,,,,-754,,,,
2024-04-04,Jake Burger,/mlb/props/jake-burger-3b/,MIA at STL,TEX,1B,0.5,+380,+380,+370,+375,+380,,,+320,+370,+370,,,+334,,,,,-650,-550,-600,-550,-600,,,-650,-670,-670,,,-554,,,,
2024-04-04,Bryan De La Cruz,/mlb/props/bryan-de-la-cruz/,MIA at STL,PHI,LF,0.5,+370,+380,+370,+375,+370,,,+320,+380,+380,,,+323,,,,,-600,-529,-600,-550,-600,,,-650,-715,-715,,,-529,,,,
2024-04-04,Jazz Chisholm Jr.,/mlb/props/jasrado-chisholm/,MIA at STL,NYY,"2B,3B",0.5,+380,+380,+375,+375,+380,,,+320,+380,+380,,,+334,,,,,-600,-550,-600,-550,-600,,,-650,-670,-670,,,-554,,,,
2024-04-04,Jordan Walker,/mlb/props/jordan-walker/,MIA at STL,STL,"LF,RF",0.5,+400,+400,+380,+400,+400,,,+350,+380,+380,,,+366,,,,,-700,-600,-700,-600,-700,,,-700,-715,-715,,,-629,,,,
2024-04-04,Josh Bell,/mlb/props/josh-bell/,MIA at STL,MIN,"1B,DH",0.5,+320,+370,+330,+350,+330,,,+300,+370,+370,,,+287,,,,,-475,-454,-525,-500,-525,,,-550,-670,-670,,,-454,,,,
2024-04-04,Jesus Sanchez,/mlb/props/jesus-sanchez/,MIA at STL,TOR,"LF,CF,RF,DH",0.5,+380,+450,+400,+400,+400,,,+350,+450,+450,,,+355,,,,,-600,-600,-700,-600,-650,,,-700,-910,-910,,,-604,,,,
2024-04-04,Luis Arraez,/mlb/props/luis-arraez/,MIA at STL,SF,"1B,2B,DH",0.5,+280,+300,+285,+300,+285,,,+260,+300,+300,,,+252,,,,,-425,-384,-425,-400,-425,,,-450,-500,-500,,,-384,,,,
2024-04-04,Brendan Donovan,/mlb/props/brendan-donovan/,MIA at STL,SEA,"2B,3B,SS,LF",0.5,+390,+440,+380,+400,+380,,,+320,+440,+440,,,+355,,,,,-650,-600,-650,-600,-650,,,-650,-835,-835,,,-604,,,,
2024-04-04,Victor Scott,/mlb/props/victor-scott/,MIA at STL,STL,CF,0.5,+500,+425,+386,+425,+425,,,+360,,,,,+386,,,,,-1000,-650,-679,-650,-750,,,-750,,,,,-679,,,,
2024-04-04,Alec Burleson,/mlb/props/alec-burleson/,MIA at STL,STL,"1B,LF,RF,DH",0.5,+475,+475,+414,+475,+475,,,+400,,,,,+414,,,,,-900,-750,-754,-750,-900,,,-900,,,,,-754,,,,
2024-04-04,Tim Anderson,/mlb/props/tim-anderson/,MIA at STL,FA,"2B,SS",0.5,+475,+500,+440,+500,+500,,,+400,+440,+440,,,+431,,,,,-800,-800,-835,-800,-900,,,-900,-835,-835,,,-804,,,,
2024-04-04,Willson Contreras,/mlb/props/willson-contreras/,MIA at STL,BOS,1B,0.5,+380,+375,+360,+375,+370,,,+320,+360,+360,,,+323,,,,,-600,-529,-600,-550,-600,,,-650,-625,-625,,,-529,,,,
2024-04-04,Christian Bethancourt,/mlb/props/christian-bethancourt/,MIA at STL,CHC,C,0.5,+500,+500,+500,+525,+500,,,+450,,,,,+448,,,,,-1000,-850,-854,-850,-1000,,,-1000,,,,,-854,,,,
2024-04-04,Francisco Lindor,/mlb/props/francisco-lindor/,DET at NYM,NYM,SS,0.5,+310,+410,+300,+300,+290,,,+260,+410,+410,,,+275,,,,,-425,-400,-450,-400,-450,,,-450,-770,-770,,,-429,,,,
2024-04-04,Harrison Bader,/mlb/props/harrison-bader/,DET at NYM,SF,"LF,CF,RF",0.5,+600,+475,+475,+600,+475,,,+450,+600,+600,,,+448,,,,,-1000,-800,-1000,-1000,-800,,,-1000,-1667,-1667,,,-854,,,,
2024-04-04,Riley Greene,/mlb/props/riley-greene-of/,DET at NYM,DET,"LF,CF,RF,DH",0.5,+450,+460,+395,+375,+450,,,+380,+460,+460,,,+395,,,,,-800,-550,-704,-550,-800,,,-800,-910,-910,,,-704,,,,
2024-04-04,Tyrone Taylor,/mlb/props/tyrone-taylor/,DET at NYM,NYM,"LF,CF,RF",0.5,+400,+475,+400,+475,+400,,,+360,+540,+540,,,+376,,,,,-700,-650,-750,-750,-650,,,-750,-1250,-1250,,,-654,,,,
2024-04-04,Parker Meadows,/mlb/props/parker-meadows/,DET at NYM,DET,CF,0.5,+425,+475,+386,+375,+450,,,+360,+475,+475,,,+386,,,,,-750,-550,-750,-550,-800,,,-750,-1000,-1000,,,-679,,,,
2024-04-04,Kerry Carpenter,/mlb/props/kerry-carpenter/,DET at NYM,DET,"LF,RF,DH",0.5,+400,+425,+366,+320,+400,,,+350,+425,+425,,,+366,,,,,-650,-450,-629,-450,-650,,,-700,-835,-835,,,-629,,,,
2024-04-04,Jeff McNeil,/mlb/props/jeff-mcneil/,DET at NYM,ATH,"2B,LF,CF,RF",0.5,+375,+460,+375,+375,+360,,,+320,+460,+460,,,+334,,,,,-550,-550,-600,-550,-575,,,-600,-910,-910,,,-554,,,,
2024-04-04,Jake Rogers,/mlb/props/jake-rogers/,DET at NYM,DET,C,0.5,+448,+480,+450,,,,,+450,,,,,+480,,,,,-854,-954,-1100,,,,,-1100,,,,,-954,,,,
2024-04-04,Francisco Alvarez,/mlb/props/francisco-alvarez/,DET at NYM,NYM,"C,DH",0.5,+525,+500,+500,+525,+500,,,+450,+500,+500,,,+464,,,,,-850,-850,-1000,-850,-1000,,,-1000,-1115,-1115,,,-904,,,,
2024-04-04,Gio Urshela,/mlb/props/giovanny-urshela/,DET at NYM,FA,3B,0.5,+450,+425,+425,+425,+425,,,+360,+510,+510,,,+395,,,,,-750,-650,-750,-650,-750,,,-750,-1115,-1115,,,-704,,,,
2024-04-04,Colt Keith,/mlb/props/colt-keith/,DET at NYM,DET,"1B,2B,3B,DH",0.5,+450,+475,+414,+400,+475,,,+380,,,,,+414,,,,,-800,-600,-754,-600,-900,,,-800,,,,,-754,,,,
2024-04-04,Omar Narvaez,/mlb/props/omar-narvaez/,DET at NYM,FA,C,0.5,+431,+450,+431,,+450,,,+400,,,,,+431,,,,,-804,-750,-804,,-750,,,-900,,,,,-804,,,,
2024-04-04,Carson Kelly,/mlb/props/carson-kelly/,DET at NYM,CHC,C,0.5,+500,+500,+500,+500,+500,,,+450,+550,+550,,,+448,,,,,-1000,-800,-900,-800,-900,,,-1000,-1250,-1250,,,-854,,,,
2024-04-04,Javier Baez,/mlb/props/javier-baez/,DET at NYM,DET,"2B,3B,SS,CF",0.5,+386,+450,+414,,+450,,,+380,,,,,+414,,,,,-679,-750,-754,,-750,,,-800,,,,,-754,,,,
2024-04-04,Brett Baty,/mlb/props/brett-baty/,DET at NYM,NYM,"1B,2B,3B,RF",0.5,+450,+475,+448,+450,+450,,,+400,+475,+475,,,+448,,,,,-700,-700,-854,-700,-800,,,-900,-1000,-1000,,,-854,,,,
2024-04-04,Zach McKinstry,/mlb/props/zach-mckinstry/,DET at NYM,DET,"2B,3B,SS,LF,RF",0.5,+425,+450,+450,+425,+425,,,+450,+575,+575,,,+448,,,,,-750,-650,-854,-650,-750,,,-1000,-1430,-1430,,,-854,,,,
2024-04-04,Mark Canha,/mlb/props/mark-canha/,DET at NYM,FA,"LF,RF",0.5,+345,+390,+345,,+390,,,+320,,,,,+345,,,,,-579,-579,-650,,-650,,,-650,,,,,-579,,,,
2024-04-04,Starling Marte,/mlb/props/starling-marte/,DET at NYM,KC,"LF,RF,DH",0.5,+500,+480,+425,+475,+425,,,+360,+480,+480,,,+355,,,,,-800,-604,-750,-750,-750,,,-750,-1000,-1000,,,-604,,,,
2024-04-04,Brandon Nimmo,/mlb/props/brandon-nimmo/,DET at NYM,TEX,"LF,CF,RF,DH",0.5,+320,+380,+330,+320,+330,,,+300,+380,+380,,,+300,,,,,-450,-450,-550,-450,-500,,,-550,-715,-715,,,-479,,,,
2024-04-04,Pete Alonso,/mlb/props/peter-alonso/,DET at NYM,BAL,"1B,DH",0.5,+475,+425,+400,+425,+400,,,+350,+425,+425,,,+345,,,,,-750,-579,-650,-650,-650,,,-700,-835,-835,,,-579,,,,
2024-04-04,Spencer Torkelson,/mlb/props/spencer-torkelson-if/,DET at NYM,DET,1B,0.5,+380,+475,+380,+400,+380,,,+320,+475,+475,,,+323,,,,,-650,-529,-650,-600,-650,,,-650,-1000,-1000,,,-529,,,,
2024-04-04,Matt Vierling,/mlb/props/matt-vierling/,DET at NYM,DET,"LF,CF,RF",0.5,+450,+480,+450,+450,+450,,,+380,+480,+480,,,+395,,,,,-800,-700,-800,-700,-800,,,-800,-1000,-1000,,,-704,,,,
2024-04-04,Korey Lee,/mlb/props/korey-lee/,CWS at KC,CWS,C,0.5,+475,+500,+431,+500,+475,,,+400,,,,,+431,,,,,-900,-800,-804,-800,-900,,,-900,,,,,-804,,,,
2024-04-04,Luis Robert Jr.,/mlb/props/luis-robert/,CWS at KC,NYM,CF,0.5,+300,+320,+285,+320,+320,,,+280,+285,+285,,,+275,,,,,-450,-429,-455,-450,-475,,,-525,-455,-455,,,-429,,,,
2024-04-04,Nicky Lopez,/mlb/props/nicky-lopez/,CWS at KC,TEX,"2B,3B,SS",0.5,+550,+495,+550,+600,+550,,,+450,,,,,+495,,,,,-1100,-1000,-1004,-1000,-1100,,,-1100,,,,,-1004,,,,
2024-04-04,Maikel Garcia,/mlb/props/maikel-garcia/,CWS at KC,KC,"2B,3B,SS,OF",0.5,+320,+320,+287,+320,+320,,,+280,+260,+260,,,+287,,,,,-500,-420,-454,-450,-500,,,-525,-420,-420,,,-454,,,,
2024-04-04,Vinnie Pasquantino,/mlb/props/vinnie-pasquantino/,CWS at KC,KC,"1B,DH",0.5,+340,+375,+334,+375,+360,,,+320,+310,+310,,,+334,,,,,-525,-530,-554,-550,-575,,,-600,-530,-530,,,-554,,,,
2024-04-04,Kyle Isbel,/mlb/props/kyle-isbel/,CWS at KC,KC,CF,0.5,+450,+500,+431,+500,+475,,,+400,,,,,+431,,,,,-800,-800,-804,-800,-900,,,-900,,,,,-804,,,,
2024-04-04,Adam Frazier,/mlb/props/adam-frazier/,CWS at KC,LAA,"2B,LF,RF",0.5,+450,+475,+440,+475,+475,,,+400,+440,+440,,,+431,,,,,-800,-750,-835,-750,-900,,,-900,-835,-835,,,-804,,,,
2024-04-04,Hunter Renfroe,/mlb/props/hunter-renfroe/,CWS at KC,FA,RF,0.5,+400,+425,+376,+425,+425,,,+360,+350,+350,,,+376,,,,,-650,-625,-654,-650,-700,,,-750,-625,-625,,,-654,,,,
2024-04-04,Salvador Perez,/mlb/props/salvador-perez/,CWS at KC,KC,"C,1B,DH",0.5,+340,+350,+311,+350,+340,,,+300,+275,+275,,,+311,,,,,-525,-435,-500,-500,-525,,,-550,-435,-435,,,-504,,,,
2024-04-04,Andrew Vaughn,/mlb/props/andrew-vaughn-1b/,CWS at KC,MIL,1B,0.5,+330,+350,+320,+350,+330,,,+300,+320,+320,,,+300,,,,,-525,-479,-525,-500,-525,,,-550,-530,-530,,,-479,,,,
2024-04-04,Nick Loftin,/mlb/props/nick-loftin/,CWS at KC,KC,"2B,3B,LF",0.5,+450,+450,+450,+450,+450,,,,,,,,+414,,,,,-800,-700,-754,-700,-800,,,,,,,,-754,,,,
2024-04-04,Gavin Sheets,/mlb/props/gavin-sheets/,CWS at KC,SD,"1B,LF,RF,DH",0.5,+425,+425,+395,+425,+425,,,+360,+375,+375,,,+395,,,,,-750,-650,-700,-650,-700,,,-750,-670,-670,,,-704,,,,
2024-04-04,MJ Melendez,/mlb/props/mj-melendez/,CWS at KC,NYM,"LF,DH",0.5,+360,+375,+334,+375,+360,,,+320,+320,+320,,,+334,,,,,-575,-530,-575,-550,-575,,,-650,-530,-530,,,-554,,,,
2024-04-04,Dominic Fletcher,/mlb/props/dominic-fletcher/,CWS at KC,PIT,"CF,RF",0.5,+450,+450,+420,+450,+450,,,+380,+420,+420,,,+414,,,,,-800,-700,-770,-700,-800,,,-800,-770,-770,,,-754,,,,
2024-04-04,Andrew Benintendi,/mlb/props/andrew-benintendi/,CWS at KC,CWS,"LF,DH",0.5,+380,+380,+345,+375,+380,,,+320,+340,+340,,,+345,,,,,-650,-550,-590,-550,-600,,,-650,-590,-590,,,-579,,,,
2024-04-04,Nelson Velazquez,/mlb/props/nelson-velazquez/,CWS at KC,STL,"LF,RF,DH",0.5,+475,+450,+386,+450,+450,,,+380,,,,,+386,,,,,-900,-679,-750,-700,-750,,,-800,,,,,-679,,,,
2024-04-04,Martin Maldonado,/mlb/props/martin-maldonado/,CWS at KC,FA,C,0.5,+600,+500,+600,+650,+600,,,+500,,,,,+522,,,,,-1200,-1100,-1200,-1100,-1400,,,-1200,,,,,-1104,,,,
2024-04-04,Yoan Moncada,/mlb/props/yoan-moncada/,CWS at KC,LAA,3B,0.5,+425,+450,+390,+450,+450,,,+380,+390,+390,,,+386,,,,,-750,-679,-715,-700,-750,,,-800,-715,-715,,,-679,,,,
2024-04-04,Bobby Witt Jr.,/mlb/props/bobby-witt-jr/,CWS at KC,KC,SS,0.5,+285,+300,+262,+300,+280,,,+260,+250,+250,,,+262,,,,,-425,-385,-404,-400,-425,,,-450,-385,-385,,,-404,,,,
2024-04-04,Braden Shewmake,/mlb/props/braden-shewmake/,CWS at KC,HOU,"2B,3B,SS",0.5,+500,+500,+448,+500,+500,,,+400,+430,+430,,,+448,,,,,-900,-800,-854,-800,-900,,,-900,-835,-835,,,-854,,,,
2024-04-05,George Springer,/mlb/props/george-springer/,TOR at NYY,TOR,"LF,CF,RF,DH",0.5,+450,+460,+450,+450,+450,,,+380,+460,+460,,,+395,,,,,-800,-700,-800,-700,-800,,,-800,-910,-910,,,-704,,,,
2024-04-05,Isiah Kiner-Falefa,/mlb/props/isiah-kiner-falefa/,TOR at NYY,BOS,"2B,3B,SS",0.5,+600,+500,+600,+650,+600,,,+500,+600,+600,,,+522,,,,,-1400,-1100,-1200,-1100,-1400,,,-1200,-1667,-1667,,,-1104,,,,
2024-04-05,Daulton Varsho,/mlb/props/daulton-varsho/,TOR at NYY,TOR,"LF,CF",0.5,+550,+500,+600,+650,+600,,,+500,+600,+600,,,+522,,,,,-1200,-1100,-1200,-1100,-1200,,,-1200,-1667,-1667,,,-1104,,,,
2024-04-05,Anthony Volpe,/mlb/props/anthony-volpe/,TOR at NYY,NYY,SS,0.5,+400,+400,+400,+400,+390,,,+350,+550,+550,,,+366,,,,,-650,-600,-700,-600,-650,,,-700,-1250,-1250,,,-629,,,,
2024-04-05,Bo Bichette,/mlb/props/bo-bichette/,TOR at NYY,NYM,"3B,SS",0.5,+425,+475,+425,+425,+425,,,+360,+475,+475,,,+386,,,,,-700,-650,-750,-650,-750,,,-750,-1000,-1000,,,-679,,,,
2024-04-05,Aaron Judge,/mlb/props/aaron-judge/,TOR at NYY,NYY,"LF,CF,RF,DH",0.5,+425,+450,+430,+450,+450,,,+380,+430,+430,,,+376,,,,,-750,-654,-800,-700,-800,,,-800,-835,-835,,,-654,,,,
2024-04-05,Kevin Kiermaier,/mlb/props/kevin-kiermaier/,TOR at NYY,FA,CF,0.5,+650,+500,+650,+700,+650,,,+500,+650,+650,,,+572,,,,,-1600,-1200,-1401,-1200,-1600,,,-1400,-1667,-1667,,,-1304,,,,
2024-04-05,Alex Verdugo,/mlb/props/alex-verdugo/,TOR at NYY,FA,"LF,RF",0.5,+550,+495,+550,+550,+550,,,+450,+600,+600,,,+495,,,,,-1100,-900,-1100,-900,-1100,,,-1100,-1667,-1667,,,-1004,,,,
2024-04-05,Alejandro Kirk,/mlb/props/alejandro-kirk/,TOR at NYY,TOR,C,0.5,+500,+500,+500,+525,+500,,,+450,+540,+540,,,+448,,,,,-900,-850,-1000,-850,-1000,,,-1000,-1250,-1250,,,-854,,,,
2024-04-05,Vladimir Guerrero Jr.,/mlb/props/vladimir-guerrero-jr/,TOR at NYY,TOR,"1B,DH",0.5,+450,+475,+450,+450,+450,,,+380,+475,+475,,,+395,,,,,-750,-700,-800,-700,-800,,,-800,-1000,-1000,,,-704,,,,
2024-04-05,Davis Schneider,/mlb/props/davis-schneider/,TOR at NYY,TOR,"2B,LF",0.5,+550,+464,+525,+525,+550,,,+450,,,,,+464,,,,,-1100,-850,-904,-850,-1000,,,-1000,,,,,-904,,,,
2024-04-05,Oswaldo Cabrera,/mlb/props/oswaldo-cabrera/,TOR at NYY,NYY,3B,0.5,+500,+500,+431,+500,+500,,,+400,,,,,+431,,,,,-900,-800,-804,-800,-900,,,-900,,,,,-804,,,,
2024-04-05,Juan Soto,/mlb/props/juan-soto/,TOR at NYY,NYM,"LF,RF,DH",0.5,+475,+500,+500,+500,+500,,,+400,+500,+500,,,+431,,,,,-900,-800,-900,-800,-900,,,-900,-1000,-1000,,,-804,,,,
2024-04-05,Giancarlo Stanton,/mlb/props/giancarlo-stanton/,TOR at NYY,NYY,"LF,RF,DH",0.5,+400,+475,+425,+425,+425,,,+360,+475,+475,,,+366,,,,,-650,-629,-700,-650,-700,,,-750,-910,-910,,,-629,,,,
2024-04-05,Jose Trevino,/mlb/props/jose-trevino/,TOR at NYY,CIN,C,0.5,+500,+500,+500,+525,+500,,,+450,+600,+600,,,+464,,,,,-1000,-850,-1000,-850,-1000,,,-1000,-1430,-1430,,,-904,,,,
2024-04-05,Justin Turner,/mlb/props/justin-turner/,TOR at NYY,FA,"1B,3B",0.5,+450,+480,+450,+475,+450,,,+400,+480,+480,,,+414,,,,,-800,-750,-800,-750,-800,,,-900,-1000,-1000,,,-754,,,,
2024-04-05,Gleyber Torres,/mlb/props/gleyber-torres/,TOR at NYY,DET,2B,0.5,+360,+440,+360,+375,+360,,,+320,+440,+440,,,+323,,,,,-575,-529,-650,-550,-575,,,-650,-835,-835,,,-529,,,,
2024-04-05,Cavan Biggio,/mlb/props/cavan-biggio/,TOR at NYY,HOU,"1B,2B,RF",0.5,+700,+500,+650,+750,+650,,,+500,,,,,+548,,,,,-1800,-1204,-1401,-1400,-1400,,,-1400,,,,,-1204,,,,
2024-04-05,Anthony Rizzo,/mlb/props/anthony-rizzo/,TOR at NYY,FA,1B,0.5,+500,+500,+500,+525,+500,,,+450,+550,+550,,,+448,,,,,-1000,-850,-1000,-850,-1000,,,-1000,-1250,-1250,,,-854,,,,
2024-04-05,Jon Berti,/mlb/props/jon-berti/,TOR at NYY,FA,"2B,3B",0.5,+475,+500,+500,+525,+500,,,+450,+650,+650,,,+431,,,,,-900,-804,-1000,-850,-900,,,-1000,-1667,-1667,,,-804,,,,
2024-04-05,Gio Urshela,/mlb/props/giovanny-urshela/,ATH at DET,FA,3B,0.5,+300,+350,+300,+310,+300,,,+270,+350,+350,,,+262,,,,,-450,-404,-450,-425,-450,,,-500,-625,-625,,,-404,,,,
2024-04-05,Mark Canha,/mlb/props/mark-canha/,ATH at DET,FA,"LF,RF",0.5,+350,+350,+323,+350,+350,,,+320,,,,,+323,,,,,-550,-500,-550,-500,-550,,,-600,,,,,-529,,,,
2024-04-05,Zack Gelof,/mlb/props/zack-gelof/,ATH at DET,ATH,"2B,3B,CF",0.5,+500,+500,+480,+500,+500,,,+400,+480,+480,,,+448,,,,,-1000,-800,-900,-800,-1000,,,-900,-1000,-1000,,,-854,,,,
2024-04-05,Javier Baez,/mlb/props/javier-baez/,ATH at DET,DET,"2B,3B,SS,CF",0.5,+380,+390,+360,+375,+360,,,+320,+390,+390,,,+334,,,,,-600,-550,-575,-550,-575,,,-650,-715,-715,,,-554,,,,
2024-04-05,Parker Meadows,/mlb/props/parker-meadows/,ATH at DET,DET,CF,0.5,+650,+500,+548,+650,+650,,,+500,,,,,+548,,,,,-1400,-1100,-1203,-1100,-1400,,,-1400,,,,,-1204,,,,
2024-04-05,J.D. Davis,/mlb/props/jd-davis/,ATH at DET,FA,"1B,3B",0.5,+500,+500,+475,+500,+500,,,+400,+475,+475,,,+448,,,,,-1000,-800,-900,-800,-900,,,-900,-1000,-1000,,,-854,,,,
2024-04-05,Spencer Torkelson,/mlb/props/spencer-torkelson-if/,ATH at DET,DET,1B,0.5,+330,+340,+320,+320,+330,,,+280,+340,+340,,,+300,,,,,-525,-450,-525,-450,-525,,,-525,-590,-590,,,-479,,,,
2024-04-05,Darell Hernaiz,/mlb/props/darell-hernaiz/,ATH at DET,ATH,"2B,3B,SS",0.5,+550,+500,+500,+600,+500,,,+450,+575,+575,,,+495,,,,,-1100,-1000,-1100,-1000,-1000,,,-1100,-1430,-1430,,,-1004,,,,
2024-04-05,Nick Allen,/mlb/props/nick-allen-ss/,ATH at DET,HOU,"2B,3B,SS",0.5,+600,+500,+600,+650,+600,,,+500,+600,+600,,,+522,,,,,-1200,-1100,-1200,-1100,-1200,,,-1200,-1430,-1430,,,-1104,,,,
2024-04-05,Shea Langeliers,/mlb/props/shea-langeliers/,ATH at DET,ATH,"C,DH",0.5,+500,+475,+460,+475,+475,,,+400,+460,+460,,,+414,,,,,-900,-750,-900,-750,-900,,,-900,-910,-910,,,-754,,,,
2024-04-05,JJ Bleday,/mlb/props/jj-bleday/,ATH at DET,CIN,"LF,CF,RF,DH",0.5,+550,+480,+550,+600,+550,,,+450,+550,+550,,,+480,,,,,-1100,-954,-1100,-1000,-1000,,,-1100,-1250,-1250,,,-954,,,,
2024-04-05,Abraham Toro,/mlb/props/abraham-toro/,ATH at DET,KC,"1B,2B,3B",0.5,+475,+475,+431,+475,+475,,,+400,,,,,+431,,,,,-900,-750,-804,-750,-900,,,-900,,,,,-804,,,,
2024-04-05,Jake Rogers,/mlb/props/jake-rogers/,ATH at DET,DET,C,0.5,+475,+500,+440,+500,+450,,,+400,+440,+440,,,+414,,,,,-900,-754,-800,-800,-800,,,-900,-835,-835,,,-754,,,,
2024-04-05,Andy Ibanez,/mlb/props/andy-ibanez/,ATH at DET,NYM,"2B,3B",0.5,+295,+330,+285,+300,+285,,,+260,+330,+330,,,+275,,,,,-450,-400,-450,-400,-425,,,-450,-560,-560,,,-429,,,,
2024-04-05,Riley Greene,/mlb/props/riley-greene-of/,ATH at DET,DET,"LF,CF,RF,DH",0.5,+500,+475,+414,+475,+475,,,+400,+410,+410,,,+414,,,,,-900,-750,-770,-750,-900,,,-900,-770,-770,,,-754,,,,
2024-04-05,Lawrence Butler,/mlb/props/lawrence-butler/,ATH at DET,ATH,"CF,RF",0.5,+700,+500,+572,+700,+650,,,+500,,,,,+572,,,,,-1800,-1200,-1401,-1200,-1600,,,-1400,,,,,-1304,,,,
2024-04-05,Matt Vierling,/mlb/props/matt-vierling/,ATH at DET,DET,"LF,CF,RF",0.5,+300,+310,+285,+300,+285,,,+260,+310,+310,,,+252,,,,,-450,-384,-425,-400,-425,,,-450,-530,-530,,,-384,,,,
2024-04-05,Brent Rooker,/mlb/props/brent-rooker/,ATH at DET,ATH,"LF,RF,DH",0.5,+550,+480,+480,+550,+550,,,+450,+440,+440,,,+480,,,,,-1100,-835,-954,-900,-1100,,,-1100,-835,-835,,,-954,,,,
2024-04-05,Tyler Nevin,/mlb/props/tyler-nevin/,ATH at DET,FA,"1B,3B,LF,RF",0.5,+475,+475,+475,+475,+475,,,+400,+575,+575,,,+414,,,,,-900,-750,-900,-750,-900,,,-900,-1430,-1430,,,-754,,,,
2024-04-05,Colt Keith,/mlb/props/colt-keith/,ATH at DET,DET,"1B,2B,3B,DH",0.5,+500,+500,+450,+500,+500,,,+450,,,,,+448,,,,,-1000,-800,-900,-800,-900,,,-1000,,,,,-854,,,,
2024-04-05,Michael Busch,/mlb/props/michael-busch-2b/,LAD at CHC,CHC,1B,0.5,+600,+500,+575,+650,+600,,,+500,+575,+600,,,+522,,,,,-1200,-1100,-1200,-1100,-1400,,,-1200,-1430,-1667,,,-1104,,,,
2024-04-05,Nick Madrigal,/mlb/props/nick-madrigal/,LAD at CHC,TB,"2B,3B",0.5,+550,+464,+550,+600,+550,,,+450,,,,,+464,,,,,-1100,-904,-1000,-1000,-1100,,,-1100,,,,,-904,,,,
2024-04-05,Christopher Morel,/mlb/props/christopher-morel/,LAD at CHC,MIA,"1B,LF,DH",0.5,+500,+500,+500,+500,+500,,,+400,+525,+525,,,+448,,,,,-900,-800,-900,-800,-900,,,-900,-1115,-1115,,,-854,,,,
2024-04-05,Freddie Freeman,/mlb/props/freddie-freeman/,LAD at CHC,LAD,1B,0.5,+330,+375,+334,+375,+370,,,+320,+310,+330,,,+334,,,,,-500,-530,-554,-550,-600,,,-650,-530,-560,,,-554,,,,
2024-04-05,Mookie Betts,/mlb/props/mookie-betts/,LAD at CHC,LAD,SS,0.5,+310,+335,+310,+320,+310,,,+280,+330,+335,,,+287,,,,,-475,-450,-475,-450,-475,,,-525,-560,-560,,,-454,,,,
2024-04-05,Nico Hoerner,/mlb/props/nico-hoerner/,LAD at CHC,CHC,"2B,SS",0.5,+450,+475,+475,+475,+475,,,+400,+600,+600,,,+431,,,,,-800,-750,-900,-750,-900,,,-900,-1430,-1430,,,-804,,,,
2024-04-05,Will Smith,/mlb/props/will-smith-c/,LAD at CHC,LAD,C,0.5,+310,+390,+310,+310,+295,,,+270,+390,+390,,,+275,,,,,-475,-425,-500,-425,-450,,,-500,-715,-715,,,-429,,,,
2024-04-05,Dansby Swanson,/mlb/props/dansby-swanson/,LAD at CHC,CHC,SS,0.5,+475,+500,+500,+500,+500,,,+400,+525,+540,,,+431,,,,,-900,-800,-900,-800,-900,,,-900,-1115,-1250,,,-804,,,,
2024-04-05,Seiya Suzuki,/mlb/props/seiya-suzuki/,LAD at CHC,CHC,"LF,RF,DH",0.5,+400,+475,+425,+425,+425,,,+360,+460,+475,,,+366,,,,,-700,-629,-700,-650,-700,,,-750,-910,-1000,,,-629,,,,
2024-04-05,Teoscar Hernandez,/mlb/props/teoscar-hernandez/,LAD at CHC,LAD,"LF,RF",0.5,+400,+410,+400,+400,+400,,,+350,+410,+410,,,+345,,,,,-650,-579,-650,-600,-650,,,-700,-770,-770,,,-579,,,,
2024-04-05,James Outman,/mlb/props/james-outman/,LAD at CHC,DET,"LF,CF,RF",0.5,+550,+500,+522,+650,+600,,,+500,+500,+510,,,+522,,,,,-1000,-1000,-1104,-1100,-1200,,,-1200,-1000,-1115,,,-1104,,,,
2024-04-05,Chris Taylor,/mlb/props/chris-taylor/,LAD at CHC,FA,"2B,LF,CF,RF",0.5,+450,+475,+414,+475,+475,,,+400,,,,,+414,,,,,-800,-750,-754,-750,-900,,,-900,,,,,-754,,,,
2024-04-05,Max Muncy,/mlb/props/max-muncy/,LAD at CHC,LAD,3B,0.5,+450,+500,+450,+525,+500,,,+450,+410,+425,,,+448,,,,,-800,-770,-854,-850,-1000,,,-1000,-770,-835,,,-854,,,,
2024-04-05,Gavin Lux,/mlb/props/gavin-lux/,LAD at CHC,TB,"2B,3B,LF,DH",0.5,+550,+500,+550,+650,+600,,,+500,+550,+575,,,+548,,,,,-1100,-1100,-1203,-1100,-1400,,,-1200,-1250,-1430,,,-1204,,,,
2024-04-05,Enrique Hernandez,/mlb/props/enrique-hernandez/,LAD at CHC,LAD,"1B,2B,3B,LF",0.5,+400,+400,+355,+400,+400,,,+350,,,,,+355,,,,,-650,-600,-650,-600,-650,,,-700,,,,,-604,,,,
2024-04-05,Mike Tauchman,/mlb/props/mike-tauchman/,LAD at CHC,NYM,"LF,CF,RF",0.5,+750,+550,+700,+750,+700,,,+550,,,,,+594,,,,,-2000,-1400,-1600,-1400,-1800,,,-1600,,,,,-1404,,,,
2024-04-05,Yan Gomes,/mlb/props/yan-gomes/,LAD at CHC,FA,C,0.5,+550,+500,+500,+550,+500,,,+450,+575,+550,,,+448,,,,,-1100,-854,-1000,-900,-1000,,,-1000,-1430,-1250,,,-854,,,,
2024-04-05,Cody Bellinger,/mlb/props/cody-bellinger/,LAD at CHC,NYY,"LF,CF,RF",0.5,+500,+500,+500,+525,+500,,,+450,+500,+500,,,+448,,,,,-1000,-850,-1000,-850,-1000,,,-1000,-1115,-1115,,,-854,,,,
2024-04-05,Ian Happ,/mlb/props/ian-happ/,LAD at CHC,CHC,LF,0.5,+550,+500,+522,+600,+600,,,+500,,,,,+522,,,,,-1100,-1000,-1104,-1000,-1200,,,-1200,,,,,-1104,,,,
2024-04-05,Shohei Ohtani,/mlb/props/shohei-ohtani/,LAD at CHC,LAD,"SP,DH",0.5,+400,+450,+395,+450,+450,,,+380,+325,+335,,,+395,,,,,-650,-560,-700,-700,-800,,,-800,-560,-590,,,-704,,,,
2024-04-05,Ezequiel Tovar,/mlb/props/ezequiel-tovar/,TB at COL,COL,SS,0.5,+310,+310,+290,+310,+290,,,+270,+300,+300,,,+262,,,,,-475,-404,-425,-425,-425,,,-500,-500,-500,,,-404,,,,
2024-04-05,Jose Siri,/mlb/props/jose-siri/,TB at COL,LAA,"LF,CF",0.5,+320,+320,+300,+320,+320,,,+300,,,,,+287,,,,,-500,-450,-500,-450,-500,,,-550,,,,,-454,,,,
2024-04-05,Kris Bryant,/mlb/props/kris-bryant/,TB at COL,COL,DH,0.5,+290,+300,+285,+300,+285,,,+260,+290,+290,,,+275,,,,,-425,-400,-429,-400,-425,,,-450,-480,-480,,,-429,,,,
2024-04-05,Harold Ramirez,/mlb/props/harold-ramirez-of/,TB at COL,FA,"LF,RF,DH",0.5,+230,+235,+219,+235,+235,,,+210,+215,+215,,,+219,,,,,-330,-320,-335,-320,-340,,,-350,-335,-335,,,-324,,,,
2024-04-05,Amed Rosario,/mlb/props/amed-rosario/,TB at COL,NYY,"2B,3B,OF",0.5,+215,+230,+210,+220,+210,,,+200,+230,+230,,,+196,,,,,-310,-284,-300,-290,-295,,,-300,-345,-345,,,-284,,,,
2024-04-05,Rene Pinto,/mlb/props/rene-pinto/,TB at COL,PHI,C,0.5,+360,+350,+340,+350,+340,,,+320,,,,,+323,,,,,-575,-500,-529,-500,-525,,,-600,,,,,-529,,,,
2024-04-05,Ryan McMahon,/mlb/props/ryan-mcmahon/,TB at COL,NYY,3B,0.5,+370,+375,+330,+375,+360,,,+320,+330,+330,,,+323,,,,,-600,-529,-575,-550,-575,,,-650,-560,-560,,,-529,,,,
2024-04-05,Nolan Jones,/mlb/props/nolan-jones-3b/,TB at COL,CWS,"LF,CF,RF",0.5,+350,+350,+323,+350,+350,,,+320,+320,+320,,,+323,,,,,-550,-500,-550,-500,-550,,,-600,-530,-530,,,-529,,,,
2024-04-05,Curtis Mead,/mlb/props/curtis-meade/,TB at COL,WSH,"1B,2B,3B",0.5,+275,+310,+280,+280,+270,,,,+310,+310,,,+252,,,,,-400,-380,-400,-380,-400,,,,-500,-500,,,-384,,,,
2024-04-05,Yandy Diaz,/mlb/props/yandy-diaz/,TB at COL,TB,"1B,DH",0.5,+190,+200,+190,+200,+190,,,+180,+195,+195,,,+178,,,,,-265,-250,-265,-250,-265,,,-260,-295,-295,,,-254,,,,
2024-04-05,Brenton Doyle,/mlb/props/brenton-doyle/,TB at COL,COL,CF,0.5,+340,+375,+340,+350,+340,,,+320,+375,+375,,,+300,,,,,-525,-479,-550,-500,-550,,,-600,-670,-670,,,-479,,,,
2024-04-05,Isaac Paredes,/mlb/props/isaac-paredes/,TB at COL,HOU,"1B,3B,DH",0.5,+235,+260,+230,+230,+225,,,+210,+260,+260,,,+219,,,,,-330,-310,-350,-310,-320,,,-350,-400,-400,,,-324,,,,
2024-04-05,Elias Diaz,/mlb/props/elias-diaz/,TB at COL,TEX,C,0.5,+310,+320,+295,+320,+310,,,+280,+295,+295,,,+275,,,,,-475,-429,-475,-450,-475,,,-525,-480,-480,,,-429,,,,
2024-04-05,Jose Caballero,/mlb/props/jose-caballero/,TB at COL,NYY,"2B,3B,SS,LF,RF",0.5,+310,+320,+300,+320,+300,,,+280,,,,,+287,,,,,-475,-450,-454,-450,-450,,,-525,,,,,-454,,,,
2024-04-05,Charlie Blackmon,/mlb/props/charlie-blackmon/,TB at COL,FA,"RF,DH",0.5,+285,+290,+275,+280,+275,,,+240,+290,+290,,,+262,,,,,-425,-380,-425,-380,-400,,,-425,-480,-480,,,-404,,,,
2024-04-05,Brendan Rodgers,/mlb/props/brendan-rodgers/,TB at COL,BOS,2B,0.5,+270,+265,+260,+265,+265,,,+240,+260,+260,,,+236,,,,,-400,-354,-390,-360,-390,,,-425,-420,-420,,,-354,,,,
2024-04-05,Randy Arozarena,/mlb/props/randy-arozarena/,TB at COL,SEA,"LF,CF",0.5,+250,+250,+225,+250,+240,,,+225,+215,+215,,,+219,,,,,-360,-315,-340,-340,-350,,,-375,-315,-315,,,-324,,,,
2024-04-05,Michael Toglia,/mlb/props/mike-toglia/,TB at COL,CIN,1B,0.5,+400,+400,+350,+400,+400,,,+350,,,,,+345,,,,,-650,-579,-650,-600,-650,,,-700,,,,,-579,,,,
2024-04-05,Elehuris Montero,/mlb/props/elehuris-montero-3b/,TB at COL,FA,"1B,3B",0.5,+330,+335,+320,+320,+330,,,+300,+335,+335,,,+287,,,,,-500,-450,-500,-450,-500,,,-550,-590,-590,,,-454,,,,
2024-04-05,Jordan Westburg,/mlb/props/jordan-westburg/,BAL at PIT,BAL,"2B,3B",0.5,+425,+425,+410,+425,+425,,,+360,+410,+410,,,+355,,,,,-750,-604,-700,-650,-700,,,-750,-770,-770,,,-604,,,,
2024-04-05,Anthony Santander,/mlb/props/anthony-santander/,BAL at PIT,TOR,"LF,RF,DH",0.5,+245,+250,+240,+240,+250,,,+225,,,,,+219,,,,,-360,-324,-360,-330,-360,,,-375,,,,,-324,,,,
2024-04-05,Ke'Bryan Hayes,/mlb/props/kebryan-hayes/,BAL at PIT,CIN,3B,0.5,+330,+350,+340,+350,+340,,,+320,+350,+350,,,+323,,,,,-525,-500,-550,-500,-550,,,-600,-590,-590,,,-529,,,,
2024-04-05,Michael A. Taylor,/mlb/props/michael-taylor/,BAL at PIT,FA,"LF,CF,RF",0.5,+600,+500,+522,+600,+600,,,+500,+480,+480,,,+522,,,,,-1200,-1000,-1104,-1000,-1200,,,-1200,-1000,-1000,,,-1104,,,,
2024-04-05,Bryan Reynolds,/mlb/props/bryan-reynolds/,BAL at PIT,PIT,"LF,CF,RF,DH",0.5,+290,+360,+310,+320,+310,,,+280,+360,+360,,,+287,,,,,-425,-450,-475,-450,-475,,,-525,-625,-625,,,-454,,,,
2024-04-05,Adley Rutschman,/mlb/props/adley-rutschman/,BAL at PIT,BAL,"C,DH",0.5,+265,+310,+275,+280,+275,,,+240,+310,+310,,,+236,,,,,-390,-354,-400,-380,-400,,,-425,-530,-530,,,-354,,,,
2024-04-05,Austin Hays,/mlb/props/austin-hays/,BAL at PIT,CWS,"LF,DH",0.5,+400,+425,+376,+425,+425,,,+360,+375,+375,,,+376,,,,,-700,-650,-670,-650,-700,,,-750,-670,-670,,,-654,,,,
2024-04-05,Jack Suwinski,/mlb/props/jack-suwinski/,BAL at PIT,LAD,"LF,CF,RF",0.5,+350,+375,+360,+375,+360,,,+320,+375,+375,,,+323,,,,,-550,-529,-575,-550,-575,,,-600,-670,-670,,,-529,,,,
2024-04-05,Ryan Mountcastle,/mlb/props/ryan-mountcastle/,BAL at PIT,BAL,"1B,DH",0.5,+320,+320,+310,+320,+310,,,+280,+320,+320,,,+275,,,,,-500,-429,-475,-450,-475,,,-525,-530,-530,,,-429,,,,
2024-04-05,Oneil Cruz,/mlb/props/oneil-cruz-3b/,BAL at PIT,PIT,"CF,DH",0.5,+320,+325,+310,+310,+310,,,+270,+325,+325,,,+287,,,,,-500,-425,-475,-425,-475,,,-500,-560,-560,,,-454,,,,
2024-04-05,Gunnar Henderson,/mlb/props/gunnar-henderson/,BAL at PIT,BAL,"SS,DH",0.5,+275,+300,+270,+270,+270,,,+240,+300,+300,,,+247,,,,,-400,-370,-400,-370,-400,,,-425,-500,-500,,,-374,,,,
2024-04-05,Colton Cowser,/mlb/props/colton-cowser/,BAL at PIT,BAL,"LF,CF,RF",0.5,+390,+400,+390,+400,+390,,,+350,+390,+390,,,+345,,,,,-650,-579,-650,-600,-650,,,-700,-715,-715,,,-579,,,,
2024-04-05,Ryan O'Hearn,/mlb/props/ryan-ohearn/,BAL at PIT,PIT,"1B,LF,RF,DH",0.5,+320,+350,+320,+320,+320,,,+280,+350,+350,,,+300,,,,,-475,-450,-525,-450,-475,,,-525,-625,-625,,,-479,,,,
2024-04-05,Ramon Urias,/mlb/props/ramon-urias/,BAL at PIT,STL,"2B,3B",0.5,+450,+475,+414,+450,+475,,,+380,,,,,+414,,,,,-800,-700,-754,-700,-800,,,-800,,,,,-754,,,,
2024-04-05,Rowdy Tellez,/mlb/props/rowdy-tellez/,BAL at PIT,ATL,1B,0.5,+450,+450,+400,+450,+450,,,+380,+400,+400,,,+395,,,,,-800,-700,-715,-700,-750,,,-800,-715,-715,,,-704,,,,
2024-04-05,Henry Davis,/mlb/props/henry-davis/,BAL at PIT,PIT,C,0.5,+390,+430,+425,+425,+425,,,+360,+430,+430,,,+366,,,,,-650,-629,-700,-650,-700,,,-750,-835,-835,,,-629,,,,
2024-04-05,Jared Triolo,/mlb/props/jared-triolo/,BAL at PIT,PIT,"1B,2B,3B,SS",0.5,+500,+500,+431,+500,+500,,,+400,,,,,+431,,,,,-900,-800,-804,-800,-900,,,-900,,,,,-804,,,,
2024-04-05,Andrew McCutchen,/mlb/props/andrew-mccutchen/,BAL at PIT,FA,"LF,RF,DH",0.5,+425,+450,+380,+450,+425,,,+380,+375,+375,,,+376,,,,,-750,-654,-700,-700,-750,,,-800,-670,-670,,,-654,,,,
2024-04-05,Cedric Mullins II,/mlb/props/cedric-mullins/,BAL at PIT,TB,CF,0.5,+360,+420,+350,+350,+350,,,+320,+420,+420,,,+323,,,,,-575,-500,-600,-500,-550,,,-600,-770,-770,,,-529,,,,
2024-04-05,Jackson Merrill,/mlb/props/jackson-merrill/,SD at SF,SD,CF,0.5,+380,+375,+360,+375,+360,,,+320,,,,,+334,,,,,-600,-550,-575,-550,-575,,,-600,,,,,-554,,,,
2024-04-05,Ha-Seong Kim,/mlb/props/ha-seong-kim/,SD at SF,ATL,"2B,SS",0.5,+500,+500,+500,+525,+500,,,+450,,,,,+448,,,,,-1000,-850,-854,-850,-1000,,,-1000,,,,,-854,,,,
2024-04-05,Patrick Bailey,/mlb/props/patrick-bailey/,SD at SF,CLE,C,0.5,+425,+450,+425,+425,+450,,,+360,+450,+450,,,+386,,,,,-700,-650,-750,-650,-750,,,-750,-910,-910,,,-679,,,,
2024-04-05,Matt Chapman,/mlb/props/matt-chapman/,SD at SF,SF,3B,0.5,+425,+450,+395,+450,+450,,,+380,+360,+360,,,+395,,,,,-700,-625,-704,-700,-800,,,-800,-625,-625,,,-704,,,,
2024-04-05,Tyler Wade,/mlb/props/tyler-wade/,SD at SF,FA,"2B,LF,CF",0.5,+500,+475,+475,+525,+475,,,+450,,,,,+431,,,,,-900,-800,-850,-850,-800,,,-1000,,,,,-804,,,,
2024-04-05,Mike Yastrzemski,/mlb/props/michael-yastrzemski/,SD at SF,ATL,"LF,CF,RF",0.5,+425,+440,+400,+400,+400,,,+350,+440,+440,,,+366,,,,,-750,-600,-700,-600,-700,,,-700,-835,-835,,,-629,,,,
2024-04-05,Jurickson Profar,/mlb/props/jurickson-profar/,SD at SF,ATL,LF,0.5,+380,+480,+375,+375,+370,,,+320,+480,+480,,,+334,,,,,-600,-550,-650,-550,-600,,,-650,-1000,-1000,,,-554,,,,
2024-04-05,Jorge Soler,/mlb/props/jorge-soler/,SD at SF,LAA,"RF,DH",0.5,+450,+450,+386,+450,+450,,,+380,+350,+350,,,+386,,,,,-750,-590,-700,-700,-800,,,-800,-590,-590,,,-679,,,,
2024-04-05,Fernando Tatis Jr.,/mlb/props/fernando-tatis-jr/,SD at SF,SD,"2B,RF",0.5,+370,+400,+355,+400,+400,,,+350,+335,+335,,,+355,,,,,-600,-590,-604,-600,-650,,,-700,-590,-590,,,-604,,,,
2024-04-05,Nick Ahmed,/mlb/props/nick-ahmed/,SD at SF,FA,SS,0.5,+550,+480,+480,+600,+550,,,+450,+460,+460,,,+480,,,,,-1100,-910,-1000,-1000,-1100,,,-1100,-910,-910,,,-954,,,,
2024-04-05,Jake Cronenworth,/mlb/props/jacob-cronenworth/,SD at SF,SD,"1B,2B,SS",0.5,+295,+370,+290,+290,+290,,,+260,+370,+370,,,+275,,,,,-450,-390,-450,-390,-425,,,-450,-670,-670,,,-429,,,,
2024-04-05,Jung Hoo Lee,/mlb/props/jung-lee/,SD at SF,SF,"CF,RF",0.5,+350,+350,+320,+320,+330,,,+300,+350,+350,,,+300,,,,,-550,-450,-500,-450,-500,,,-550,-590,-590,,,-479,,,,
2024-04-05,Thairo Estrada,/mlb/props/thairo-estrada/,SD at SF,FA,2B,0.5,+400,+425,+390,+425,+400,,,+360,+390,+390,,,+366,,,,,-700,-629,-700,-650,-700,,,-750,-715,-715,,,-629,,,,
2024-04-05,Michael Conforto,/mlb/props/michael-conforto/,SD at SF,CHC,"LF,RF,DH",0.5,+400,+390,+355,+375,+370,,,+320,+390,+390,,,+355,,,,,-650,-550,-604,-550,-600,,,-650,-715,-715,,,-604,,,,
2024-04-05,LaMonte Wade Jr.,/mlb/props/lamonte-wade/,SD at SF,HOU,"1B,RF",0.5,+370,+390,+340,+350,+340,,,+320,+390,+390,,,+311,,,,,-600,-500,-550,-500,-550,,,-600,-715,-715,,,-504,,,,
2024-04-05,Xander Bogaerts,/mlb/props/xander-bogaerts/,SD at SF,SD,SS,0.5,+475,+475,+431,+475,+475,,,+400,+380,+380,,,+431,,,,,-800,-715,-804,-750,-900,,,-900,-715,-715,,,-804,,,,
2024-04-05,Manny Machado,/mlb/props/manny-machado/,SD at SF,SD,"3B,DH",0.5,+400,+425,+366,+425,+425,,,+360,+340,+340,,,+366,,,,,-650,-590,-650,-650,-700,,,-750,-590,-590,,,-629,,,,
2024-04-05,Luis Campusano,/mlb/props/luis-campusano/,SD at SF,SD,"C,DH",0.5,+475,+475,+431,+475,+475,,,+400,+425,+425,,,+431,,,,,-800,-750,-835,-750,-900,,,-900,-835,-835,,,-804,,,,
2024-04-05,Graham Pauley,/mlb/props/graham-pauley/,SD at SF,MIA,"1B,3B",0.5,+360,+425,+386,+425,+425,,,+360,,,,,+386,,,,,-750,-650,-679,-650,-750,,,-750,,,,,-679,,,,
2024-04-05,Stuart Fairchild,/mlb/props/stuart-fairchild/,NYM at CIN,CLE,"LF,CF,RF",0.5,+550,+500,+414,+500,+500,,,+400,,,,,+414,,,,,-1000,-754,-800,-800,-900,,,-900,,,,,-754,,,,
2024-04-05,Pete Alonso,/mlb/props/peter-alonso/,NYM at CIN,BAL,"1B,DH",0.5,+370,+400,+390,+400,+390,,,+350,+390,+390,,,+345,,,,,-600,-579,-650,-600,-650,,,-700,-715,-715,,,-579,,,,
2024-04-05,Jake Fraley,/mlb/props/jake-fraley/,NYM at CIN,TB,"LF,RF",0.5,+550,+500,+431,+500,+500,,,+400,,,,,+431,,,,,-1000,-800,-804,-800,-900,,,-900,,,,,-804,,,,
2024-04-05,DJ Stewart,/mlb/props/dj-stewart/,NYM at CIN,PIT,"LF,RF",0.5,+700,+550,+634,+750,+750,,,+550,,,,,+634,,,,,-1600,-1400,-1600,-1400,-1800,,,-1600,,,,,-1604,,,,
2024-04-05,Christian Encarnacion-Strand,/mlb/props/christian-encarnacion-strand/,NYM at CIN,BAL,"1B,3B",0.5,+390,+410,+370,+375,+370,,,+320,+410,+410,,,+345,,,,,-650,-550,-600,-550,-600,,,-650,-770,-770,,,-579,,,,
2024-04-05,Brett Baty,/mlb/props/brett-baty/,NYM at CIN,NYM,"1B,2B,3B,RF",0.5,+550,+500,+600,+650,+600,,,+500,,,,,+522,,,,,-1100,-1100,-1104,-1100,-1200,,,-1200,,,,,-1104,,,,
2024-04-05,Starling Marte,/mlb/props/starling-marte/,NYM at CIN,KC,"LF,RF,DH",0.5,+390,+500,+400,+400,+400,,,+350,+500,+500,,,+366,,,,,-650,-600,-700,-600,-700,,,-700,-1115,-1115,,,-629,,,,
2024-04-05,Brandon Nimmo,/mlb/props/brandon-nimmo/,NYM at CIN,TEX,"LF,CF,RF,DH",0.5,+425,+450,+440,+450,+450,,,+380,+440,+440,,,+386,,,,,-700,-679,-800,-700,-800,,,-800,-835,-835,,,-679,,,,
2024-04-05,Francisco Alvarez,/mlb/props/francisco-alvarez/,NYM at CIN,NYM,"C,DH",0.5,+450,+440,+425,+425,+425,,,+360,+440,+440,,,+386,,,,,-800,-650,-750,-650,-750,,,-750,-835,-835,,,-679,,,,
2024-04-05,Jeff McNeil,/mlb/props/jeff-mcneil/,NYM at CIN,ATH,"2B,LF,CF,RF",0.5,+425,+480,+431,+475,+475,,,+400,+480,+480,,,+431,,,,,-750,-750,-900,-750,-900,,,-900,-1000,-1000,,,-804,,,,
2024-04-05,Spencer Steer,/mlb/props/spencer-steer/,NYM at CIN,CIN,"1B,2B,LF,RF",0.5,+340,+380,+330,+320,+330,,,+300,+380,+380,,,+300,,,,,-525,-450,-500,-450,-500,,,-550,-670,-670,,,-479,,,,
2024-04-05,Jonathan India,/mlb/props/jonathan-india/,NYM at CIN,KC,"2B,3B,LF,DH",0.5,+425,+430,+400,+400,+425,,,+350,+430,+430,,,+355,,,,,-700,-600,-700,-600,-700,,,-700,-835,-835,,,-604,,,,
2024-04-05,Luke Maile,/mlb/props/luke-maile/,NYM at CIN,KC,C,0.5,+475,+464,+464,+550,+550,,,+450,,,,,+464,,,,,-800,-900,-904,-900,-1100,,,-1100,,,,,-904,,,,
2024-04-05,Will Benson,/mlb/props/will-benson/,NYM at CIN,CIN,"LF,CF,RF",0.5,+650,+500,+600,+650,+600,,,+500,,,,,+495,,,,,-1600,-1004,-1100,-1100,-1200,,,-1200,,,,,-1004,,,,
2024-04-05,Harrison Bader,/mlb/props/harrison-bader/,NYM at CIN,SF,"LF,CF,RF",0.5,+475,+475,+431,+475,+475,,,+400,,,,,+431,,,,,-900,-750,-804,-750,-900,,,-900,,,,,-804,,,,
2024-04-05,Tyrone Taylor,/mlb/props/tyrone-taylor/,NYM at CIN,NYM,"LF,CF,RF",0.5,+390,+380,+355,+375,+380,,,+320,,,,,+355,,,,,-650,-550,-600,-550,-600,,,-650,,,,,-604,,,,
2024-04-05,Francisco Lindor,/mlb/props/francisco-lindor/,NYM at CIN,NYM,SS,0.5,+400,+450,+390,+450,+450,,,+380,+390,+390,,,+386,,,,,-650,-679,-715,-700,-800,,,-800,-715,-715,,,-679,,,,
2024-04-05,Elly De La Cruz,/mlb/props/elly-de-la-cruz/,NYM at CIN,CIN,SS,0.5,+500,+500,+480,+525,+500,,,+450,+480,+480,,,+464,,,,,-900,-850,-904,-850,-1000,,,-1000,-1000,-1000,,,-904,,,,
2024-04-05,Jeimer Candelario,/mlb/props/jeimer-candelario/,NYM at CIN,LAA,"1B,3B",0.5,+380,+425,+386,+425,+425,,,+360,,,,,+386,,,,,-650,-650,-679,-650,-750,,,-750,,,,,-679,,,,
2024-04-05,Santiago Espinal,/mlb/props/santiago-espinal/,NYM at CIN,FA,"2B,3B,LF,RF",0.5,+380,+425,+360,+425,+425,,,+360,,,,,+355,,,,,-650,-604,-650,-650,-700,,,-750,,,,,-604,,,,
2024-04-05,CJ Abrams,/mlb/props/cj-abrams/,PHI at WSH,WSH,SS,0.5,+425,+450,+386,+450,+450,,,+380,+360,+360,,,+386,,,,,-750,-625,-700,-700,-800,,,-800,-625,-625,,,-679,,,,
2024-04-05,Kyle Schwarber,/mlb/props/kyle-schwarber/,PHI at WSH,PHI,"LF,DH",0.5,+475,+475,+414,+475,+475,,,+380,+370,+370,,,+414,,,,,-800,-670,-750,-750,-800,,,-800,-670,-670,,,-754,,,,
2024-04-05,Trea Turner,/mlb/props/trea-turner/,PHI at WSH,PHI,SS,0.5,+300,+360,+320,+320,+320,,,+280,+360,+360,,,+275,,,,,-450,-429,-500,-450,-500,,,-525,-625,-625,,,-429,,,,
2024-04-05,Johan Rojas,/mlb/props/johan-rojas/,PHI at WSH,PHI,CF,0.5,+450,+475,+414,+475,+475,,,+400,,,,,+414,,,,,-800,-750,-754,-750,-900,,,-900,,,,,-754,,,,
2024-04-05,J.T. Realmuto,/mlb/props/jt-realmuto/,PHI at WSH,PHI,C,0.5,+340,+375,+340,+350,+340,,,+320,+375,+375,,,+311,,,,,-550,-500,-550,-500,-550,,,-600,-670,-670,,,-504,,,,
2024-04-05,Bryson Stott,/mlb/props/bryson-stott-ss/,PHI at WSH,PHI,"2B,SS",0.5,+450,+480,+425,+425,+425,,,+360,+480,+480,,,+376,,,,,-800,-650,-750,-650,-750,,,-750,-1000,-1000,,,-654,,,,
2024-04-05,Keibert Ruiz,/mlb/props/keibert-ruiz/,PHI at WSH,WSH,C,0.5,+500,+500,+475,+525,+500,,,+450,+475,+475,,,+448,,,,,-900,-850,-1000,-850,-1000,,,-1000,-1000,-1000,,,-854,,,,
2024-04-05,Nick Castellanos,/mlb/props/nick-castellanos/,PHI at WSH,FA,"RF,DH",0.5,+330,+375,+350,+375,+360,,,+320,+350,+350,,,+323,,,,,-525,-529,-575,-550,-575,,,-600,-625,-625,,,-529,,,,
2024-04-05,Whit Merrifield,/mlb/props/whit-merrifield/,PHI at WSH,FA,"2B,3B,LF",0.5,+350,+360,+350,+350,+360,,,+320,,,,,+323,,,,,-550,-500,-529,-500,-575,,,-600,,,,,-529,,,,
2024-04-05,Joey Meneses,/mlb/props/joey-meneses/,PHI at WSH,ATH,1B,0.5,+425,+425,+395,+425,+425,,,+360,+420,+420,,,+395,,,,,-750,-650,-704,-650,-750,,,-750,-770,-770,,,-704,,,,
2024-04-05,Jesse Winker,/mlb/props/jesse-winker/,PHI at WSH,FA,"LF,RF,DH",0.5,+550,+500,+600,+600,+600,,,+500,+600,+600,,,+522,,,,,-1100,-1000,-1200,-1000,-1200,,,-1200,-1667,-1667,,,-1104,,,,
2024-04-05,Eddie Rosario,/mlb/props/eddie-rosario/,PHI at WSH,FA,"LF,CF,RF,DH",0.5,+600,+500,+522,+650,+650,,,+500,+500,+500,,,+522,,,,,-1200,-1000,-1104,-1100,-1400,,,-1400,-1000,-1000,,,-1104,,,,
2024-04-05,Lane Thomas,/mlb/props/lane-thomas/,PHI at WSH,KC,"LF,CF,RF",0.5,+400,+440,+425,+425,+425,,,+360,+440,+440,,,+376,,,,,-700,-650,-750,-650,-750,,,-750,-835,-835,,,-654,,,,
2024-04-05,Trey Lipscomb,/mlb/props/trey-lipscomb/,PHI at WSH,WSH,3B,0.5,+600,+500,+600,+650,+600,,,+500,,,,,+522,,,,,-1400,-1100,-1104,-1100,-1200,,,-1200,,,,,-1104,,,,
2024-04-05,Joey Gallo,/mlb/props/joey-gallo/,PHI at WSH,FA,"1B,LF,CF,RF",0.5,+700,+510,+634,+750,+750,,,+550,+510,+510,,,+634,,,,,-1800,-1115,-1401,-1400,-2000,,,-1600,-1115,-1115,,,-1604,,,,
2024-04-05,Brandon Marsh,/mlb/props/brandon-marsh/,PHI at WSH,PHI,"LF,CF,RF",0.5,+550,+480,+480,+550,+550,,,+450,,,,,+480,,,,,-1100,-900,-954,-900,-1100,,,-1100,,,,,-954,,,,
2024-04-05,Alec Bohm,/mlb/props/alec-bohm/,PHI at WSH,PHI,"1B,3B",0.5,+310,+340,+320,+320,+320,,,+280,+340,+340,,,+275,,,,,-475,-429,-500,-450,-500,,,-525,-590,-590,,,-429,,,,
2024-04-05,Bryce Harper,/mlb/props/bryce-harper/,PHI at WSH,PHI,"1B,DH",0.5,+400,+400,+366,+400,+390,,,+350,+350,+350,,,+366,,,,,-700,-600,-629,-600,-650,,,-700,-625,-625,,,-629,,,,
2024-04-05,Luis Garcia,/mlb/props/luis-garcia-2b/,PHI at WSH,WSH,"1B,2B,DH",0.5,+500,+500,+500,+550,+500,,,+450,,,,,+464,,,,,-1000,-900,-904,-900,-1000,,,-1000,,,,,-904,,,,
2024-04-05,Lourdes Gurriel Jr.,/mlb/props/lourdes-gurriel-jr/,ARI at ATL,ARI,"LF,DH",0.5,+390,+430,+375,+375,+380,,,+320,+430,+430,,,+355,,,,,-650,-550,-650,-550,-650,,,-650,-835,-835,,,-604,,,,
2024-04-05,Marcell Ozuna,/mlb/props/marcell-ozuna/,ARI at ATL,PIT,DH,0.5,+330,+330,+310,+320,+330,,,+280,+310,+310,,,+300,,,,,-525,-450,-500,-450,-500,,,-525,-530,-530,,,-479,,,,
2024-04-05,Adam Duvall,/mlb/props/adam-duvall/,ARI at ATL,FA,"LF,CF,RF",0.5,+330,+350,+320,+320,+330,,,+280,+350,+350,,,+300,,,,,-500,-450,-500,-450,-500,,,-525,-625,-625,,,-479,,,,
2024-04-05,Joc Pederson,/mlb/props/joc-pederson/,ARI at ATL,TEX,DH,0.5,+450,+450,+395,+450,+450,,,+380,,,,,+395,,,,,-800,-700,-704,-700,-800,,,-800,,,,,-704,,,,
2024-04-05,Eugenio Suarez,/mlb/props/eugenio-suarez/,ARI at ATL,CIN,"3B,DH",0.5,+600,+500,+525,+600,+600,,,+500,+525,+525,,,+522,,,,,-1400,-1000,-1104,-1000,-1200,,,-1200,-1250,-1250,,,-1104,,,,
2024-04-05,Ronald Acuna Jr.,/mlb/props/ronald-acuna/,ARI at ATL,ATL,RF,0.5,+295,+300,+265,+300,+290,,,+260,+265,+265,,,+262,,,,,-450,-400,-420,-400,-425,,,-450,-420,-420,,,-404,,,,
2024-04-05,Travis d'Arnaud,/mlb/props/travis-darnaud/,ARI at ATL,LAA,C,0.5,+400,+450,+395,+450,+450,,,+380,,,,,+395,,,,,-650,-700,-704,-700,-800,,,-800,,,,,-704,,,,
2024-04-05,Gabriel Moreno,/mlb/props/gabriel-moreno/,ARI at ATL,ARI,C,0.5,+500,+500,+500,+525,+500,,,+450,+575,+575,,,+464,,,,,-1000,-850,-1000,-850,-1000,,,-1000,-1430,-1430,,,-904,,,,
2024-04-05,Matt Olson,/mlb/props/matt-olson/,ARI at ATL,ATL,1B,0.5,+320,+325,+310,+310,+310,,,+270,+325,+325,,,+287,,,,,-500,-425,-475,-425,-475,,,-500,-560,-560,,,-454,,,,
2024-04-05,Ketel Marte,/mlb/props/ketel-marte/,ARI at ATL,ARI,"2B,DH",0.5,+370,+420,+370,+375,+370,,,+320,+420,+420,,,+323,,,,,-600,-529,-600,-550,-600,,,-600,-770,-770,,,-529,,,,
2024-04-05,Ozzie Albies,/mlb/props/ozhaino-albies/,ARI at ATL,ATL,2B,0.5,+245,+265,+255,+260,+255,,,+230,+265,+265,,,+236,,,,,-350,-350,-370,-350,-370,,,-400,-420,-420,,,-354,,,,
2024-04-05,Orlando Arcia,/mlb/props/orlando-arcia/,ARI at ATL,MIN,"1B,2B,3B,SS",0.5,+450,+420,+400,+400,+400,,,+350,+420,+420,,,+376,,,,,-800,-600,-700,-600,-650,,,-700,-835,-835,,,-654,,,,
2024-04-05,Geraldo Perdomo,/mlb/props/geraldo-perdomo/,ARI at ATL,ARI,SS,0.5,+650,+500,+600,+650,+600,,,+500,,,,,+522,,,,,-1400,-1100,-1104,-1100,-1200,,,-1200,,,,,-1104,,,,
2024-04-05,Jake McCarthy,/mlb/props/jake-mccarthy/,ARI at ATL,COL,"LF,CF,RF",0.5,+500,+450,+525,+525,+550,,,+450,,,,,+448,,,,,-1000,-850,-854,-850,-1000,,,-1000,,,,,-854,,,,
2024-04-05,Christian Walker,/mlb/props/christian-walker/,ARI at ATL,HOU,1B,0.5,+450,+450,+440,+450,+450,,,+380,+440,+440,,,+395,,,,,-800,-700,-750,-700,-750,,,-800,-835,-835,,,-704,,,,
2024-04-05,Austin Riley,/mlb/props/austin-riley/,ARI at ATL,ATL,3B,0.5,+320,+330,+310,+320,+330,,,+300,+310,+310,,,+300,,,,,-500,-450,-500,-450,-525,,,-550,-500,-500,,,-479,,,,
2024-04-05,Michael Harris II,/mlb/props/michael-harris/,ARI at ATL,ATL,CF,0.5,+320,+320,+287,+320,+320,,,+280,,,,,+287,,,,,-500,-450,-500,-450,-500,,,-525,,,,,-454,,,,
2024-04-05,Corbin Carroll,/mlb/props/corbin-carroll-of/,ARI at ATL,ARI,"CF,RF",0.5,+390,+400,+375,+375,+380,,,+320,+400,+400,,,+334,,,,,-650,-550,-650,-550,-650,,,-650,-770,-770,,,-554,,,,
2024-04-05,Jace Peterson,/mlb/props/jace-peterson/,ARI at ATL,FA,"2B,3B,SS",0.5,+600,+495,+495,+600,+600,,,+450,,,,,+495,,,,,-1200,-1000,-1100,-1000,-1200,,,-1100,,,,,-1004,,,,
2024-04-05,Robbie Grossman,/mlb/props/robbie-grossman/,CWS at KC,FA,"LF,RF",0.5,+380,+380,+334,+375,+380,,,+320,,,,,+334,,,,,-600,-550,-600,-550,-600,,,-650,,,,,-554,,,,
2024-04-05,Yoan Moncada,/mlb/props/yoan-moncada/,CWS at KC,LAA,3B,0.5,+400,+400,+390,+400,+390,,,+320,+400,+400,,,+345,,,,,-650,-579,-650,-600,-650,,,-650,-770,-770,,,-579,,,,
2024-04-05,Salvador Perez,/mlb/props/salvador-perez/,CWS at KC,KC,"C,1B,DH",0.5,+340,+350,+311,+350,+340,,,+300,+280,+280,,,+311,,,,,-525,-455,-504,-500,-525,,,-550,-455,-455,,,-504,,,,
2024-04-05,MJ Melendez,/mlb/props/mj-melendez/,CWS at KC,NYM,"LF,DH",0.5,+310,+320,+310,+310,+310,,,+270,+320,+320,,,+275,,,,,-475,-425,-475,-425,-475,,,-500,-530,-530,,,-429,,,,
2024-04-05,Gavin Sheets,/mlb/props/gavin-sheets/,CWS at KC,SD,"1B,LF,RF,DH",0.5,+380,+380,+345,+375,+380,,,+320,+380,+380,,,+345,,,,,-650,-550,-650,-550,-650,,,-650,-670,-670,,,-579,,,,
2024-04-05,Braden Shewmake,/mlb/props/braden-shewmake/,CWS at KC,HOU,"2B,3B,SS",0.5,+450,+425,+400,+425,+425,,,+360,+400,+400,,,+376,,,,,-800,-650,-715,-650,-750,,,-750,-715,-715,,,-654,,,,
2024-04-05,Maikel Garcia,/mlb/props/maikel-garcia/,CWS at KC,KC,"2B,3B,SS,OF",0.5,+330,+350,+311,+350,+340,,,+300,+280,+280,,,+311,,,,,-500,-455,-504,-500,-550,,,-550,-455,-455,,,-504,,,,
2024-04-05,Andrew Vaughn,/mlb/props/andrew-vaughn-1b/,CWS at KC,MIL,1B,0.5,+370,+375,+360,+375,+370,,,+320,+360,+360,,,+334,,,,,-600,-550,-600,-550,-600,,,-650,-625,-625,,,-554,,,,
2024-04-05,Nelson Velazquez,/mlb/props/nelson-velazquez/,CWS at KC,STL,"LF,RF,DH",0.5,+450,+425,+395,+425,+425,,,+360,,,,,+395,,,,,-750,-650,-704,-650,-750,,,-750,,,,,-704,,,,
2024-04-05,Paul DeJong,/mlb/props/paul-dejong/,CWS at KC,FA,"2B,3B,SS",0.5,+550,+450,+450,+550,+550,,,+450,,,,,+448,,,,,-1000,-854,-900,-900,-1000,,,-1000,,,,,-854,,,,
2024-04-05,Andrew Benintendi,/mlb/props/andrew-benintendi/,CWS at KC,CWS,"LF,DH",0.5,+350,+350,+335,+350,+340,,,+300,+335,+335,,,+323,,,,,-550,-500,-529,-500,-525,,,-550,-590,-590,,,-529,,,,
2024-04-05,Luis Robert Jr.,/mlb/props/luis-robert/,CWS at KC,NYM,CF,0.5,+360,+375,+325,+375,+360,,,+320,+325,+325,,,+323,,,,,-575,-529,-560,-550,-575,,,-600,-560,-560,,,-529,,,,
2024-04-05,Freddy Fermin,/mlb/props/freddy-fermin/,CWS at KC,SD,C,0.5,+400,+380,+375,+375,+380,,,+320,,,,,+323,,,,,-650,-529,-600,-550,-600,,,-650,,,,,-529,,,,
2024-04-05,Kyle Isbel,/mlb/props/kyle-isbel/,CWS at KC,KC,CF,0.5,+400,+400,+350,+400,+400,,,+350,,,,,+345,,,,,-700,-579,-650,-600,-650,,,-700,,,,,-579,,,,
2024-04-05,Martin Maldonado,/mlb/props/martin-maldonado/,CWS at KC,FA,C,0.5,+650,+550,+572,+700,+700,,,+550,,,,,+572,,,,,-1600,-1200,-1304,-1200,-1600,,,-1600,,,,,-1304,,,,
2024-04-05,Vinnie Pasquantino,/mlb/props/vinnie-pasquantino/,CWS at KC,KC,"1B,DH",0.5,+295,+310,+280,+290,+280,,,+260,+310,+310,,,+262,,,,,-450,-390,-425,-390,-425,,,-450,-530,-530,,,-404,,,,
2024-04-05,Nicky Lopez,/mlb/props/nicky-lopez/,CWS at KC,TEX,"2B,3B,SS",0.5,+550,+464,+464,+550,+550,,,+450,,,,,+464,,,,,-1100,-900,-904,-900,-1000,,,-1000,,,,,-904,,,,
2024-04-05,Adam Frazier,/mlb/props/adam-frazier/,CWS at KC,LAA,"2B,LF,RF",0.5,+390,+420,+390,+400,+390,,,+350,+420,+420,,,+355,,,,,-650,-600,-650,-600,-650,,,-700,-770,-770,,,-604,,,,
2024-04-05,Hunter Renfroe,/mlb/props/hunter-renfroe/,CWS at KC,FA,RF,0.5,+400,+425,+395,+425,+425,,,+360,,,,,+395,,,,,-700,-650,-704,-650,-750,,,-750,,,,,-704,,,,
2024-04-05,Bobby Witt Jr.,/mlb/props/bobby-witt-jr/,CWS at KC,KC,SS,0.5,+270,+280,+262,+280,+275,,,+240,+225,+225,,,+262,,,,,-400,-345,-380,-380,-400,,,-425,-345,-345,,,-404,,,,
2024-04-05,Dominic Fletcher,/mlb/props/dominic-fletcher/,CWS at KC,PIT,"CF,RF",0.5,+400,+400,+400,+400,+400,,,+350,+400,+400,,,+355,,,,,-650,-600,-650,-600,-650,,,-700,-770,-770,,,-604,,,,
2024-04-05,Jose Altuve,/mlb/props/jose-altuve/,HOU at TEX,HOU,"2B,LF,DH",0.5,+300,+300,+260,+270,+260,,,+240,+300,+300,,,+247,,,,,-450,-370,-425,-370,-380,,,-425,-500,-500,,,-374,,,,
2024-04-05,Wyatt Langford,/mlb/props/wyatt-langford/,HOU at TEX,TEX,"LF,CF",0.5,+425,+420,+370,+375,+370,,,+320,+420,+420,,,+345,,,,,-750,-550,-600,-550,-600,,,-650,-770,-770,,,-579,,,,
2024-04-05,Adolis Garcia,/mlb/props/jose-adolis-garcia/,HOU at TEX,PHI,RF,0.5,+425,+375,+350,+375,+360,,,+320,+350,+350,,,+345,,,,,-750,-550,-579,-550,-575,,,-600,-590,-590,,,-579,,,,
2024-04-05,Jake Meyers,/mlb/props/jacob-meyers/,HOU at TEX,HOU,CF,0.5,+500,+475,+414,+475,+475,,,+400,,,,,+414,,,,,-900,-750,-754,-750,-900,,,-900,,,,,-754,,,,
2024-04-05,Yordan Alvarez,/mlb/props/yordan-alvarez/,HOU at TEX,HOU,"LF,DH",0.5,+360,+310,+290,+310,+290,,,+270,+310,+310,,,+262,,,,,-575,-404,-425,-425,-425,,,-500,-500,-500,,,-404,,,,
2024-04-05,Jared Walsh,/mlb/props/jared-walsh/,HOU at TEX,FA,"1B,RF",0.5,+600,+500,+500,+500,+500,,,+400,+540,+540,,,+431,,,,,-1200,-800,-900,-800,-900,,,-900,-1250,-1250,,,-804,,,,
2024-04-05,Yainer Diaz,/mlb/props/yainer-diaz-c/,HOU at TEX,HOU,"C,DH",0.5,+340,+335,+310,+320,+310,,,+270,+335,+335,,,+287,,,,,-550,-450,-475,-450,-475,,,-500,-560,-560,,,-454,,,,
2024-04-05,Corey Seager,/mlb/props/corey-seager/,HOU at TEX,TEX,SS,0.5,+330,+295,+270,+270,+275,,,+240,+295,+295,,,+252,,,,,-500,-370,-400,-370,-400,,,-425,-480,-480,,,-384,,,,
2024-04-05,Evan Carter,/mlb/props/evan-carter/,HOU at TEX,TEX,"LF,CF,RF",0.5,+450,+500,+400,+400,+400,,,+350,+500,+500,,,+355,,,,,-750,-600,-700,-600,-700,,,-700,-1115,-1115,,,-604,,,,
2024-04-05,Leody Taveras,/mlb/props/leody-taveras-of/,HOU at TEX,BAL,"CF,RF",0.5,+450,+480,+390,+400,+390,,,+350,+480,+480,,,+355,,,,,-800,-600,-700,-600,-650,,,-700,-1000,-1000,,,-604,,,,
2024-04-05,Alex Bregman,/mlb/props/alex-bregman/,HOU at TEX,CHC,"3B,DH",0.5,+300,+370,+310,+310,+295,,,+270,+370,+370,,,+275,,,,,-450,-425,-500,-425,-450,,,-500,-670,-670,,,-429,,,,
2024-04-05,Josh Smith,/mlb/props/josh-smith-ss/,HOU at TEX,TEX,"1B,2B,3B,SS,LF,RF",0.5,+475,+500,+400,+425,+400,,,+360,+500,+500,,,+376,,,,,-900,-650,-750,-650,-700,,,-750,-1000,-1000,,,-654,,,,
2024-04-05,Jeremy Pena,/mlb/props/jeremy-pena/,HOU at TEX,HOU,SS,0.5,+380,+350,+330,+350,+330,,,+300,+350,+350,,,+300,,,,,-600,-479,-525,-500,-525,,,-550,-625,-625,,,-479,,,,
2024-04-05,Marcus Semien,/mlb/props/marcus-semien/,HOU at TEX,NYM,2B,0.5,+340,+360,+300,+300,+295,,,+270,+360,+360,,,+275,,,,,-550,-400,-450,-400,-450,,,-500,-625,-625,,,-429,,,,
2024-04-05,Jose Abreu,/mlb/props/jose-dariel-abreu/,HOU at TEX,FA,1B,0.5,+350,+375,+340,+350,+340,,,+300,+375,+375,,,+311,,,,,-550,-500,-550,-500,-525,,,-550,-670,-670,,,-504,,,,
2024-04-05,Jonah Heim,/mlb/props/jonah-heim/,HOU at TEX,ATH,"C,DH",0.5,+400,+440,+350,+375,+350,,,+320,+440,+440,,,+311,,,,,-700,-504,-600,-550,-550,,,-600,-835,-835,,,-504,,,,
2024-04-05,Kyle Tucker,/mlb/props/kyle-tucker/,HOU at TEX,LAD,"RF,DH",0.5,+380,+325,+310,+310,+310,,,+270,+325,+325,,,+275,,,,,-600,-425,-475,-425,-475,,,-500,-560,-560,,,-429,,,,
2024-04-05,Chas McCormick,/mlb/props/chas-mccormick/,HOU at TEX,CHC,"LF,CF,RF",0.5,+425,+375,+350,+375,+370,,,+320,+350,+350,,,+334,,,,,-700,-550,-590,-550,-600,,,-650,-590,-590,,,-554,,,,
2024-04-05,William Contreras,/mlb/props/william-contreras/,SEA at MIL,MIL,"C,DH",0.5,+400,+420,+400,+400,+400,,,+350,+420,+420,,,+366,,,,,-700,-600,-700,-600,-700,,,-700,-835,-835,,,-629,,,,
2024-04-05,Cal Raleigh,/mlb/props/caleb-raleigh/,SEA at MIL,SEA,"C,DH",0.5,+550,+464,+464,+525,+550,,,+450,+430,+430,,,+464,,,,,-1000,-835,-904,-850,-1000,,,-1000,-835,-835,,,-904,,,,
2024-04-05,Rhys Hoskins,/mlb/props/rhys-hoskins/,SEA at MIL,CLE,"1B,DH",0.5,+450,+450,+450,+450,+450,,,+380,+450,+450,,,+395,,,,,-800,-700,-750,-700,-750,,,-800,-910,-910,,,-704,,,,
2024-04-05,Joey Ortiz,/mlb/props/joey-ortiz/,SEA at MIL,MIL,"3B,SS",0.5,+600,+500,+600,+600,+600,,,+500,+700,+700,,,+495,,,,,-1200,-1000,-1200,-1000,-1200,,,-1200,-2000,-2000,,,-1004,,,,
2024-04-05,Christian Yelich,/mlb/props/christian-yelich/,SEA at MIL,MIL,"LF,DH",0.5,+370,+440,+370,+375,+370,,,+320,+440,+440,,,+323,,,,,-600,-529,-600,-550,-600,,,-650,-835,-835,,,-529,,,,
2024-04-05,Sal Frelick,/mlb/props/sal-frelick/,SEA at MIL,MIL,"LF,CF,RF",0.5,+475,+475,+475,+475,+475,,,+380,+525,+525,,,+395,,,,,-800,-704,-800,-750,-800,,,-800,-1115,-1115,,,-704,,,,
2024-04-05,Mitch Haniger,/mlb/props/mitch-haniger/,SEA at MIL,FA,RF,0.5,+550,+464,+464,+550,+550,,,+450,,,,,+464,,,,,-1100,-900,-904,-900,-1000,,,-1000,,,,,-904,,,,
2024-04-05,Julio Rodriguez,/mlb/props/julio-rodriguez-of/,SEA at MIL,SEA,CF,0.5,+450,+450,+425,+425,+450,,,+360,+430,+430,,,+395,,,,,-750,-650,-750,-650,-750,,,-750,-835,-835,,,-704,,,,
2024-04-05,Oliver Dunn,/mlb/props/oliver-dunn/,SEA at MIL,TB,3B,0.5,+475,+475,+414,+475,+475,,,+400,,,,,+414,,,,,-900,-750,-754,-750,-900,,,-900,,,,,-754,,,,
2024-04-05,Josh Rojas,/mlb/props/josh-rojas/,SEA at MIL,KC,"2B,3B",0.5,+650,+500,+650,+700,+650,,,+500,,,,,+548,,,,,-1400,-1200,-1401,-1200,-1600,,,-1400,,,,,-1204,,,,
2024-04-05,Dominic Canzone,/mlb/props/dominic-canzone/,SEA at MIL,SEA,"LF,RF,DH",0.5,+500,+464,+510,+550,+550,,,+450,+510,+510,,,+464,,,,,-1000,-900,-1000,-900,-1000,,,-1100,-1115,-1115,,,-904,,,,
2024-04-05,Ty France,/mlb/props/tyler-france/,SEA at MIL,SD,1B,0.5,+550,+450,+525,+600,+550,,,+450,+525,+525,,,+522,,,,,-1200,-1000,-1100,-1000,-1200,,,-1100,-1115,-1115,,,-1104,,,,
2024-04-05,Jorge Polanco,/mlb/props/jorge-polanco/,SEA at MIL,NYM,"2B,3B,DH",0.5,+475,+475,+450,+475,+475,,,+400,+450,+450,,,+414,,,,,-900,-750,-900,-750,-900,,,-900,-910,-910,,,-754,,,,
2024-04-05,Brice Turang,/mlb/props/brice-turang/,SEA at MIL,MIL,2B,0.5,+500,+500,+475,+500,+475,,,+400,+600,+600,,,+448,,,,,-900,-800,-900,-800,-900,,,-900,-1667,-1667,,,-854,,,,
2024-04-05,Jackson Chourio,/mlb/props/jackson-chourio/,SEA at MIL,MIL,"LF,CF,RF",0.5,+425,+425,+366,+425,+425,,,+360,,,,,+366,,,,,-700,-629,-700,-650,-700,,,-750,,,,,-629,,,,
2024-04-05,Mitch Garver,/mlb/props/mitch-garver/,SEA at MIL,SEA,"C,DH",0.5,+600,+495,+495,+600,+550,,,+450,+475,+475,,,+495,,,,,-1200,-910,-1004,-1000,-1100,,,-1100,-910,-910,,,-1004,,,,
2024-04-05,Luke Raley,/mlb/props/lucas-raley/,SEA at MIL,SEA,"1B,LF,CF,RF",0.5,+600,+495,+540,+600,+550,,,+450,+540,+540,,,+495,,,,,-1200,-1000,-1100,-1000,-1100,,,-1100,-1250,-1250,,,-1004,,,,
2024-04-05,J.P. Crawford,/mlb/props/jp-crawford/,SEA at MIL,SEA,"3B,SS",0.5,+500,+500,+480,+525,+500,,,+450,+480,+480,,,+431,,,,,-900,-804,-1000,-850,-1000,,,-1000,-1000,-1000,,,-804,,,,
2024-04-05,Willy Adames,/mlb/props/willy-adames/,SEA at MIL,SF,SS,0.5,+425,+440,+425,+425,+425,,,+360,+440,+440,,,+386,,,,,-750,-650,-750,-650,-750,,,-750,-835,-835,,,-679,,,,
2024-04-05,Enmanuel Valdez,/mlb/props/enmanuel-valdez/,BOS at LAA,PIT,1B,0.5,+550,+500,+500,+500,+500,,,+450,+525,+525,,,+431,,,,,-1100,-800,-900,-800,-900,,,-1000,-1115,-1115,,,-804,,,,
2024-04-05,Trevor Story,/mlb/props/trevor-story/,BOS at LAA,BOS,SS,0.5,+425,+460,+425,+425,+425,,,+360,+460,+460,,,+376,,,,,-700,-650,-750,-650,-750,,,-750,-910,-910,,,-654,,,,
2024-04-05,Zach Neto,/mlb/props/zach-neto/,BOS at LAA,LAA,SS,0.5,+500,+480,+550,+550,+550,,,+450,+550,+550,,,+480,,,,,-1000,-900,-1000,-900,-1000,,,-1100,-1250,-1250,,,-954,,,,
2024-04-05,Ceddanne Rafaela,/mlb/props/ceddanne-rafaela/,BOS at LAA,BOS,"2B,CF",0.5,+475,+475,+475,+475,+475,,,,+540,+540,,,+431,,,,,-800,-750,-804,-750,-800,,,,-1250,-1250,,,-804,,,,
2024-04-05,Taylor Ward,/mlb/props/taylor-ward/,BOS at LAA,BAL,LF,0.5,+400,+430,+400,+400,+400,,,+350,+430,+430,,,+376,,,,,-700,-600,-700,-600,-650,,,-700,-835,-835,,,-654,,,,
2024-04-05,Miguel Sano,/mlb/props/miguel-sano/,BOS at LAA,FA,"1B,3B",0.5,+550,+500,+500,+525,+500,,,+450,,,,,+464,,,,,-1000,-850,-904,-850,-1000,,,-1000,,,,,-904,,,,
2024-04-05,Brandon Drury,/mlb/props/brandon-drury/,BOS at LAA,KC,"1B,2B,3B",0.5,+425,+440,+425,+425,+425,,,+360,+440,+440,,,+386,,,,,-700,-650,-700,-650,-700,,,-750,-835,-835,,,-679,,,,
2024-04-05,Wilyer Abreu,/mlb/props/wilyer-abreu/,BOS at LAA,BOS,"LF,CF,RF",0.5,+550,+464,+464,+550,+550,,,+450,,,,,+464,,,,,-1000,-900,-1000,-900,-1100,,,-1000,,,,,-904,,,,
2024-04-05,Anthony Rendon,/mlb/props/anthony-rendon/,BOS at LAA,LAA,3B,0.5,+380,+440,+375,+375,+380,,,+320,+440,+440,,,+355,,,,,-600,-550,-650,-550,-600,,,-650,-835,-835,,,-604,,,,
2024-04-05,Aaron Hicks,/mlb/props/aaron-hicks/,BOS at LAA,FA,"LF,CF,RF",0.5,+600,+500,+600,+650,+600,,,+500,+600,+600,,,+522,,,,,-1200,-1100,-1200,-1100,-1200,,,-1200,-1430,-1430,,,-1104,,,,
2024-04-05,Reese McGuire,/mlb/props/reese-mcguire/,BOS at LAA,FA,C,0.5,+600,+500,+600,+650,+650,,,+500,+600,+600,,,+548,,,,,-1400,-1100,-1203,-1100,-1400,,,-1400,-1430,-1430,,,-1204,,,,
2024-04-05,Triston Casas,/mlb/props/triston-casas/,BOS at LAA,BOS,1B,0.5,+600,+495,+495,+600,+550,,,+450,+450,+450,,,+495,,,,,-1200,-910,-1004,-1000,-1100,,,-1100,-910,-910,,,-1004,,,,
2024-04-05,Masataka Yoshida,/mlb/props/masataka-yoshida/,BOS at LAA,BOS,"LF,DH",0.5,+450,+450,+395,+450,+450,,,+380,,,,,+395,,,,,-800,-700,-750,-700,-750,,,-800,,,,,-704,,,,
2024-04-05,Logan O'Hoppe,/mlb/props/logan-ohoppe/,BOS at LAA,LAA,C,0.5,+450,+450,+450,+450,+450,,,+380,+510,+510,,,+395,,,,,-800,-700,-800,-700,-800,,,-800,-1115,-1115,,,-704,,,,
2024-04-05,Mickey Moniak,/mlb/props/mckenzie-moniak/,BOS at LAA,COL,"LF,CF,RF,DH",0.5,+500,+500,+460,+525,+500,,,+450,+460,+460,,,+448,,,,,-1000,-850,-910,-850,-1000,,,-1000,-910,-910,,,-854,,,,
2024-04-05,Connor Wong,/mlb/props/connor-wong/,BOS at LAA,BOS,C,0.5,+600,+500,+522,+600,+600,,,+500,,,,,+522,,,,,-1200,-1000,-1104,-1000,-1200,,,-1200,,,,,-1104,,,,
2024-04-05,Rafael Devers,/mlb/props/rafael-devers/,BOS at LAA,SF,"1B,DH",0.5,+400,+400,+370,+400,+390,,,+350,+370,+370,,,+345,,,,,-700,-579,-650,-600,-650,,,-700,-670,-670,,,-579,,,,
2024-04-05,Tyler O'Neill,/mlb/props/tyler-oneill/,BOS at LAA,BAL,"LF,RF",0.5,+400,+400,+355,+400,+400,,,+350,,,,,+355,,,,,-650,-600,-650,-600,-650,,,-700,,,,,-604,,,,
2024-04-05,Nolan Schanuel,/mlb/props/nolan-schanuel/,BOS at LAA,LAA,1B,0.5,+475,+460,+414,+450,+450,,,+380,+460,+460,,,+414,,,,,-800,-700,-800,-700,-800,,,-800,-910,-910,,,-754,,,,
2024-04-05,Jarren Duran,/mlb/props/jarren-duran/,BOS at LAA,BOS,"LF,CF,DH",0.5,+390,+400,+370,+375,+370,,,+320,+400,+400,,,+345,,,,,-650,-550,-600,-550,-600,,,-650,-715,-715,,,-579,,,,
2024-04-05,Mike Trout,/mlb/props/mike-trout/,BOS at LAA,LAA,"CF,RF,DH",0.5,+450,+430,+386,+425,+425,,,+360,+430,+430,,,+386,,,,,-800,-650,-750,-650,-750,,,-750,-835,-835,,,-679,,,,
2024-04-06,Ryan Noda,/mlb/props/ryan-noda/,ATH at DET,BAL,1B,0.5,+500,+475,+431,+475,+475,,,+400,+390,+390,,,+431,,,,,-1000,-715,-804,-750,-900,,,-900,-715,-715,,,-804,,,,
2024-04-06,Parker Meadows,/mlb/props/parker-meadows/,ATH at DET,DET,CF,0.5,+450,+450,+414,+450,+450,,,+380,+410,+410,,,+414,,,,,-700,-700,-770,-700,-800,,,-800,-770,-770,,,-754,,,,
2024-04-06,Kerry Carpenter,/mlb/props/kerry-carpenter/,ATH at DET,DET,"LF,RF,DH",0.5,+425,+450,+380,+450,+425,,,+380,+360,+360,,,+376,,,,,-650,-625,-700,-700,-750,,,-800,-625,-625,,,-654,,,,
2024-04-06,Shea Langeliers,/mlb/props/shea-langeliers/,ATH at DET,ATH,"C,DH",0.5,+425,+425,+395,+425,+425,,,+360,+350,+350,,,+395,,,,,-750,-590,-704,-650,-750,,,-750,-590,-590,,,-704,,,,
2024-04-06,JJ Bleday,/mlb/props/jj-bleday/,ATH at DET,CIN,"LF,CF,RF,DH",0.5,+450,+475,+414,+475,+450,,,+400,+390,+390,,,+414,,,,,-800,-715,-800,-750,-800,,,-900,-715,-715,,,-754,,,,
2024-04-06,Jake Rogers,/mlb/props/jake-rogers/,ATH at DET,DET,C,0.5,+650,+495,+495,+600,+600,,,+450,,,,,+495,,,,,-1100,-1000,-1100,-1000,-1200,,,-1100,,,,,-1004,,,,
2024-04-06,Colt Keith,/mlb/props/colt-keith/,ATH at DET,DET,"1B,2B,3B,DH",0.5,+475,+475,+431,+475,+475,,,+400,,,,,+431,,,,,-750,-750,-804,-750,-800,,,-900,,,,,-804,,,,
2024-04-06,Zack Gelof,/mlb/props/zack-gelof/,ATH at DET,ATH,"2B,3B,CF",0.5,+400,+400,+375,+400,+400,,,+350,+375,+375,,,+366,,,,,-650,-600,-650,-600,-650,,,-700,-670,-670,,,-629,,,,
2024-04-06,Mark Canha,/mlb/props/mark-canha/,ATH at DET,FA,"LF,RF",0.5,+400,+400,+380,+400,+400,,,+350,+380,+380,,,+366,,,,,-600,-600,-650,-600,-650,,,-700,-670,-670,,,-629,,,,
2024-04-06,Lawrence Butler,/mlb/props/lawrence-butler/,ATH at DET,ATH,"CF,RF",0.5,+550,+495,+550,+600,+550,,,+450,,,,,+495,,,,,-1100,-1000,-1004,-1000,-1100,,,-1100,,,,,-1004,,,,
2024-04-06,Seth Brown,/mlb/props/seth-brown/,ATH at DET,FA,"1B,LF,CF,RF",0.5,+475,+450,+400,+450,+450,,,+380,+400,+400,,,+395,,,,,-800,-700,-715,-700,-800,,,-800,-715,-715,,,-704,,,,
2024-04-06,Javier Baez,/mlb/props/javier-baez/,ATH at DET,DET,"2B,3B,SS,CF",0.5,+475,+475,+431,+475,+475,,,+400,,,,,+431,,,,,-750,-750,-804,-750,-900,,,-900,,,,,-804,,,,
2024-04-06,J.D. Davis,/mlb/props/jd-davis/,ATH at DET,FA,"1B,3B",0.5,+450,+430,+386,+425,+425,,,+360,+430,+430,,,+386,,,,,-800,-650,-750,-650,-750,,,-750,-835,-835,,,-679,,,,
2024-04-06,Spencer Torkelson,/mlb/props/spencer-torkelson-if/,ATH at DET,DET,1B,0.5,+375,+380,+345,+375,+380,,,+320,+330,+330,,,+345,,,,,-550,-550,-579,-550,-650,,,-650,-560,-560,,,-579,,,,
2024-04-06,Carson Kelly,/mlb/props/carson-kelly/,ATH at DET,CHC,C,0.5,+550,+464,+464,+550,+550,,,+450,,,,,+464,,,,,-1000,-900,-1000,-900,-1000,,,-1100,,,,,-904,,,,
2024-04-06,Gio Urshela,/mlb/props/giovanny-urshela/,ATH at DET,FA,3B,0.5,+400,+400,+376,+400,+400,,,+350,,,,,+376,,,,,-600,-600,-650,-600,-650,,,-700,,,,,-654,,,,
2024-04-06,Brent Rooker,/mlb/props/brent-rooker/,ATH at DET,ATH,"LF,RF,DH",0.5,+450,+475,+395,+475,+450,,,+380,+325,+325,,,+395,,,,,-800,-560,-704,-750,-800,,,-800,-560,-560,,,-704,,,,
2024-04-06,Riley Greene,/mlb/props/riley-greene-of/,ATH at DET,DET,"LF,CF,RF,DH",0.5,+475,+500,+450,+525,+500,,,+450,+380,+380,,,+431,,,,,-750,-715,-850,-850,-900,,,-1000,-715,-715,,,-804,,,,
2024-04-06,Nick Allen,/mlb/props/nick-allen-ss/,ATH at DET,HOU,"2B,3B,SS",0.5,+600,+495,+550,+600,+550,,,+450,,,,,+495,,,,,-1200,-1000,-1004,-1000,-1100,,,-1100,,,,,-1004,,,,
2024-04-06,Carlos Correa,/mlb/props/carlos-correa/,CLE at MIN,HOU,"3B,SS",0.5,+330,+350,+320,+320,+320,,,+280,+350,+350,,,+300,,,,,-525,-450,-479,-450,-475,,,-525,-590,-590,,,-479,,,,
2024-04-06,David Fry,/mlb/props/david-fry/,CLE at MIN,CLE,"C,LF,RF,DH",0.5,+500,+500,+500,+525,+500,,,+450,+600,+600,,,+464,,,,,-1000,-850,-1000,-850,-1000,,,-1000,-1430,-1430,,,-904,,,,
2024-04-06,Edouard Julien,/mlb/props/edouard-julien/,CLE at MIN,COL,"1B,2B,DH",0.5,+500,+500,+431,+475,+500,,,+400,+430,+430,,,+431,,,,,-900,-750,-835,-750,-900,,,-900,-835,-835,,,-804,,,,
2024-04-06,Byron Buxton,/mlb/props/byron-buxton/,CLE at MIN,MIN,"CF,DH",0.5,+360,+390,+375,+375,+380,,,+320,+390,+390,,,+345,,,,,-575,-550,-650,-550,-650,,,-650,-715,-715,,,-579,,,,
2024-04-06,Andres Gimenez,/mlb/props/andres-giminez/,CLE at MIN,TOR,"2B,SS",0.5,+370,+440,+370,+375,+370,,,+320,+440,+440,,,+323,,,,,-600,-529,-600,-550,-600,,,-650,-835,-835,,,-529,,,,
2024-04-06,Tyler Freeman,/mlb/props/tyler-freeman-ss/,CLE at MIN,COL,"2B,RF,DH",0.5,+390,+500,+390,+375,+390,,,+320,+500,+500,,,+355,,,,,-650,-550,-650,-550,-650,,,-650,-1115,-1115,,,-604,,,,
2024-04-06,Max Kepler,/mlb/props/max-kepler/,CLE at MIN,ARI,"LF,RF",0.5,+320,+335,+310,+310,+320,,,+280,+335,+335,,,+275,,,,,-500,-425,-475,-425,-475,,,-525,-590,-590,,,-429,,,,
2024-04-06,Ramon Laureano,/mlb/props/ramon-laureano/,CLE at MIN,SD,"LF,CF,RF",0.5,+475,+475,+475,+475,+475,,,+400,+650,+650,,,+414,,,,,-900,-750,-900,-750,-900,,,-900,-2000,-2000,,,-754,,,,
2024-04-06,Josh Naylor,/mlb/props/josh-naylor/,CLE at MIN,SEA,"1B,DH",0.5,+330,+360,+330,+350,+330,,,+300,+360,+360,,,+300,,,,,-500,-479,-550,-500,-500,,,-550,-625,-625,,,-479,,,,
2024-04-06,Alex Kirilloff,/mlb/props/alex-kirilloff/,CLE at MIN,FA,"1B,LF,RF",0.5,+320,+350,+325,+350,+330,,,+300,+325,+325,,,+311,,,,,-500,-500,-525,-500,-525,,,-550,-560,-560,,,-504,,,,
2024-04-06,Jose Ramirez,/mlb/props/jose-ramirez/,CLE at MIN,CLE,"3B,DH",0.5,+310,+375,+310,+320,+310,,,+280,+375,+375,,,+275,,,,,-475,-429,-475,-450,-475,,,-525,-670,-670,,,-429,,,,
2024-04-06,Bo Naylor,/mlb/props/bo-naylor/,CLE at MIN,CLE,C,0.5,+500,+475,+475,+475,+475,,,+400,+510,+510,,,+448,,,,,-1000,-750,-900,-750,-900,,,-900,-1115,-1115,,,-854,,,,
2024-04-06,Ryan Jeffers,/mlb/props/ryan-jeffers/,CLE at MIN,MIN,"C,DH",0.5,+400,+440,+400,+400,+400,,,+350,+440,+440,,,+366,,,,,-700,-600,-700,-600,-700,,,-700,-910,-910,,,-629,,,,
2024-04-06,Willi Castro,/mlb/props/willi-castro/,CLE at MIN,COL,"1B,2B,3B,SS,LF,RF",0.5,+425,+475,+450,+450,+450,,,+380,+475,+475,,,+395,,,,,-700,-700,-800,-700,-800,,,-800,-1000,-1000,,,-704,,,,
2024-04-06,Christian Vazquez,/mlb/props/christian-vazquez/,CLE at MIN,HOU,C,0.5,+450,+450,+386,+450,+450,,,+380,,,,,+386,,,,,-800,-679,-700,-700,-800,,,-800,,,,,-679,,,,
2024-04-06,Matt Wallner,/mlb/props/matt-wallner/,CLE at MIN,MIN,"LF,RF",0.5,+475,+475,+414,+450,+475,,,+380,+380,+380,,,+414,,,,,-900,-670,-754,-700,-800,,,-800,-670,-670,,,-754,,,,
2024-04-06,Will Brennan,/mlb/props/will-brennan/,CLE at MIN,SF,"LF,CF,RF",0.5,+340,+390,+340,+350,+340,,,+320,+390,+390,,,+300,,,,,-525,-479,-525,-500,-525,,,-600,-715,-715,,,-479,,,,
2024-04-06,Carlos Santana,/mlb/props/carlos-santana/,CLE at MIN,ATL,1B,0.5,+370,+410,+350,+350,+360,,,+320,+410,+410,,,+323,,,,,-600,-500,-575,-500,-575,,,-600,-770,-770,,,-529,,,,
2024-04-06,Steven Kwan,/mlb/props/steven-kwan/,CLE at MIN,CLE,"LF,CF",0.5,+350,+390,+350,+350,+360,,,+320,+390,+390,,,+323,,,,,-550,-500,-575,-500,-575,,,-600,-715,-715,,,-529,,,,
2024-04-06,Brayan Rocchio,/mlb/props/brayan-rocchio/,CLE at MIN,CLE,"2B,SS",0.5,+475,+500,+448,+500,+500,,,+400,+500,+500,,,+448,,,,,-800,-800,-900,-800,-900,,,-900,-1000,-1000,,,-854,,,,
2024-04-06,Tim Anderson,/mlb/props/tim-anderson/,MIA at STL,FA,"2B,SS",0.5,+425,+425,+410,+425,+425,,,+360,+410,+410,,,+376,,,,,-750,-650,-700,-650,-700,,,-750,-770,-770,,,-654,,,,
2024-04-06,Jordan Walker,/mlb/props/jordan-walker/,MIA at STL,STL,"LF,RF",0.5,+400,+400,+370,+375,+370,,,+320,+400,+400,,,+345,,,,,-650,-550,-600,-550,-600,,,-650,-715,-715,,,-579,,,,
2024-04-06,Vidal Brujan,/mlb/props/vidal-brujan-2b/,MIA at STL,NYM,"3B,SS,OF",0.5,+425,+450,+425,+450,+425,,,+380,,,,,+386,,,,,-750,-679,-750,-700,-750,,,-800,,,,,-679,,,,
2024-04-06,Jazz Chisholm Jr.,/mlb/props/jasrado-chisholm/,MIA at STL,NYY,"2B,3B",0.5,+600,+500,+548,+650,+600,,,+500,+450,+450,,,+548,,,,,-1400,-910,-1100,-1100,-1400,,,-1200,-910,-910,,,-1204,,,,
2024-04-06,Brendan Donovan,/mlb/props/brendan-donovan/,MIA at STL,SEA,"2B,3B,SS,LF",0.5,+500,+500,+448,+500,+500,,,+400,+430,+430,,,+448,,,,,-900,-800,-854,-800,-900,,,-900,-835,-835,,,-854,,,,
2024-04-06,Nick Fortes,/mlb/props/nick-fortes/,MIA at STL,TB,C,0.5,+425,+425,+366,+425,+425,,,+360,,,,,+366,,,,,-750,-629,-650,-650,-750,,,-750,,,,,-629,,,,
2024-04-06,Avisail Garcia,/mlb/props/avisail-garcia/,MIA at STL,FA,"LF,RF",0.5,+475,+475,+460,+475,+475,,,+400,+460,+460,,,+414,,,,,-900,-750,-900,-750,-900,,,-900,-910,-910,,,-754,,,,
2024-04-06,Paul Goldschmidt,/mlb/props/paul-goldschmidt/,MIA at STL,NYY,"1B,DH",0.5,+330,+350,+330,+350,+330,,,+300,+350,+350,,,+311,,,,,-525,-500,-550,-500,-525,,,-550,-625,-625,,,-504,,,,
2024-04-06,Luis Arraez,/mlb/props/luis-arraez/,MIA at STL,SF,"1B,2B,DH",0.5,+475,+475,+450,+475,+450,,,+400,,,,,+414,,,,,-900,-750,-800,-750,-800,,,-900,,,,,-754,,,,
2024-04-06,Emmanuel Rivera,/mlb/props/emmanuel-rivera/,MIA at STL,FA,"1B,3B",0.5,+400,+400,+366,+400,+400,,,+350,,,,,+366,,,,,-700,-600,-650,-600,-650,,,-700,,,,,-629,,,,
2024-04-06,Willson Contreras,/mlb/props/willson-contreras/,MIA at STL,BOS,1B,0.5,+340,+350,+320,+320,+330,,,+300,+350,+350,,,+300,,,,,-525,-450,-500,-450,-500,,,-550,-625,-625,,,-479,,,,
2024-04-06,Victor Scott,/mlb/props/victor-scott/,MIA at STL,STL,CF,0.5,+650,+500,+650,+700,+650,,,+500,,,,,+548,,,,,-1400,-1200,-1203,-1200,-1400,,,-1400,,,,,-1204,,,,
2024-04-06,Nolan Arenado,/mlb/props/nolan-arenado/,MIA at STL,ARI,3B,0.5,+330,+325,+310,+320,+310,,,+280,+325,+325,,,+287,,,,,-500,-450,-475,-450,-475,,,-525,-560,-560,,,-454,,,,
2024-04-06,Jake Burger,/mlb/props/jake-burger-3b/,MIA at STL,TEX,1B,0.5,+350,+350,+340,+350,+350,,,+320,+340,+340,,,+311,,,,,-550,-500,-550,-500,-550,,,-600,-590,-590,,,-504,,,,
2024-04-06,Josh Bell,/mlb/props/josh-bell/,MIA at STL,MIN,"1B,DH",0.5,+330,+360,+320,+320,+330,,,+300,+360,+360,,,+300,,,,,-525,-450,-525,-450,-525,,,-550,-625,-625,,,-479,,,,
2024-04-06,Nolan Gorman,/mlb/props/nolan-gorman/,MIA at STL,STL,"2B,3B,DH",0.5,+550,+500,+548,+650,+600,,,+500,+440,+440,,,+548,,,,,-1100,-835,-1100,-1100,-1400,,,-1200,-835,-835,,,-1204,,,,
2024-04-06,Bryan De La Cruz,/mlb/props/bryan-de-la-cruz/,MIA at STL,PHI,LF,0.5,+380,+400,+370,+375,+370,,,+320,+400,+400,,,+334,,,,,-650,-550,-600,-550,-600,,,-650,-770,-770,,,-554,,,,
2024-04-06,Alec Burleson,/mlb/props/alec-burleson/,MIA at STL,STL,"1B,LF,RF,DH",0.5,+550,+480,+480,+550,+550,,,+450,,,,,+480,,,,,-1100,-900,-954,-900,-1100,,,-1100,,,,,-954,,,,
2024-04-06,Masyn Winn,/mlb/props/masyn-winn-p/,MIA at STL,STL,SS,0.5,+450,+450,+395,+450,+450,,,+380,,,,,+395,,,,,-800,-700,-704,-700,-800,,,-800,,,,,-704,,,,
2024-04-06,Ivan Herrera,/mlb/props/ivan-herrera/,MIA at STL,STL,"C,DH",0.5,+380,+410,+375,+375,+380,,,+320,+410,+410,,,+355,,,,,-650,-550,-650,-550,-600,,,-650,-770,-770,,,-604,,,,
2024-04-06,Teoscar Hernandez,/mlb/props/teoscar-hernandez/,LAD at CHC,LAD,"LF,RF",0.5,+390,+400,+366,+400,+400,,,+350,+360,+360,,,+366,,,,,-650,-600,-629,-600,-700,,,-700,-625,-625,,,-629,,,,
2024-04-06,Ian Happ,/mlb/props/ian-happ/,LAD at CHC,CHC,LF,0.5,+400,+400,+355,+400,+400,,,+350,,,,,+355,,,,,-700,-600,-604,-600,-700,,,-700,,,,,-604,,,,
2024-04-06,Miguel Amaya,/mlb/props/miguel-amaya-c/,LAD at CHC,CHC,"C,DH",0.5,+700,+500,+572,+700,+650,,,+500,,,,,+572,,,,,-1800,-1200,-1401,-1200,-1600,,,-1400,,,,,-1304,,,,
2024-04-06,Austin Barnes,/mlb/props/austin-barnes/,LAD at CHC,FA,C,0.5,+550,+500,+575,+650,+600,,,+500,+575,+575,,,+522,,,,,-1200,-1100,-1200,-1100,-1400,,,-1200,-1430,-1430,,,-1104,,,,
2024-04-06,Seiya Suzuki,/mlb/props/seiya-suzuki/,LAD at CHC,CHC,"LF,RF,DH",0.5,+450,+450,+420,+450,+450,,,+360,+420,+420,,,+395,,,,,-800,-700,-750,-700,-800,,,-750,-770,-770,,,-704,,,,
2024-04-06,Freddie Freeman,/mlb/props/freddie-freeman/,LAD at CHC,LAD,1B,0.5,+330,+350,+350,+350,+350,,,+320,+350,+350,,,+311,,,,,-500,-500,-550,-500,-550,,,-600,-590,-590,,,-504,,,,
2024-04-06,Miguel Rojas,/mlb/props/miguel-rojas/,LAD at CHC,LAD,"2B,3B,SS",0.5,+475,+475,+450,+450,+450,,,+380,+475,+475,,,+395,,,,,-900,-700,-800,-700,-800,,,-800,-1000,-1000,,,-704,,,,
2024-04-06,Max Muncy,/mlb/props/max-muncy/,LAD at CHC,LAD,3B,0.5,+450,+475,+450,+450,+475,,,+380,+460,+460,,,+395,,,,,-800,-700,-800,-700,-800,,,-800,-910,-910,,,-704,,,,
2024-04-06,Christopher Morel,/mlb/props/christopher-morel/,LAD at CHC,MIA,"1B,LF,DH",0.5,+500,+500,+464,+525,+500,,,+450,+460,+460,,,+464,,,,,-1000,-850,-910,-850,-1000,,,-1000,-910,-910,,,-904,,,,
2024-04-06,Nick Madrigal,/mlb/props/nick-madrigal/,LAD at CHC,TB,"2B,3B",0.5,+550,+500,+525,+600,+600,,,+500,+525,+525,,,+495,,,,,-1100,-1000,-1115,-1000,-1200,,,-1200,-1115,-1115,,,-1004,,,,
2024-04-06,Mike Tauchman,/mlb/props/mike-tauchman/,LAD at CHC,NYM,"LF,CF,RF",0.5,+550,+500,+522,+600,+600,,,+500,,,,,+522,,,,,-1100,-1000,-1104,-1000,-1200,,,-1200,,,,,-1104,,,,
2024-04-06,Yan Gomes,/mlb/props/yan-gomes/,LAD at CHC,FA,C,0.5,+550,+495,+550,+600,+600,,,+450,+550,+550,,,+495,,,,,-1100,-1000,-1100,-1000,-1200,,,-1100,-1250,-1250,,,-1004,,,,
2024-04-06,Chris Taylor,/mlb/props/chris-taylor/,LAD at CHC,FA,"2B,LF,CF,RF",0.5,+550,+464,+525,+550,+550,,,+450,+525,+525,,,+464,,,,,-1000,-900,-1100,-900,-1100,,,-1100,-1250,-1250,,,-904,,,,
2024-04-06,Mookie Betts,/mlb/props/mookie-betts/,LAD at CHC,LAD,SS,0.5,+300,+320,+295,+300,+295,,,+260,+320,+320,,,+262,,,,,-450,-400,-450,-400,-450,,,-450,-530,-530,,,-404,,,,
2024-04-06,Dansby Swanson,/mlb/props/dansby-swanson/,LAD at CHC,CHC,SS,0.5,+500,+480,+431,+475,+475,,,+400,+480,+480,,,+431,,,,,-900,-750,-900,-750,-900,,,-900,-1000,-1000,,,-804,,,,
2024-04-06,Michael Busch,/mlb/props/michael-busch-2b/,LAD at CHC,CHC,1B,0.5,+475,+450,+450,+450,+450,,,+380,+550,+550,,,+395,,,,,-800,-700,-800,-700,-800,,,-800,-1250,-1250,,,-704,,,,
2024-04-06,Enrique Hernandez,/mlb/props/enrique-hernandez/,LAD at CHC,LAD,"1B,2B,3B,LF",0.5,+400,+440,+400,+400,+400,,,+350,+440,+440,,,+355,,,,,-650,-600,-700,-600,-700,,,-700,-835,-835,,,-604,,,,
2024-04-06,Nico Hoerner,/mlb/props/nico-hoerner/,LAD at CHC,CHC,"2B,SS",0.5,+500,+500,+475,+500,+475,,,+400,+575,+575,,,+414,,,,,-1000,-754,-900,-800,-900,,,-900,-1430,-1430,,,-754,,,,
2024-04-06,Shohei Ohtani,/mlb/props/shohei-ohtani/,LAD at CHC,LAD,"SP,DH",0.5,+380,+400,+366,+400,+400,,,+350,+340,+340,,,+366,,,,,-600,-590,-629,-600,-700,,,-700,-590,-590,,,-629,,,,
2024-04-06,Will Smith,/mlb/props/will-smith-c/,LAD at CHC,LAD,C,0.5,+330,+370,+310,+310,+320,,,+280,+370,+370,,,+287,,,,,-525,-425,-500,-425,-500,,,-525,-670,-670,,,-454,,,,
2024-04-06,Cody Bellinger,/mlb/props/cody-bellinger/,LAD at CHC,NYY,"LF,CF,RF",0.5,+390,+450,+390,+400,+390,,,+350,+450,+450,,,+366,,,,,-650,-600,-700,-600,-650,,,-700,-910,-910,,,-629,,,,
2024-04-06,Johan Rojas,/mlb/props/johan-rojas/,PHI at WSH,PHI,CF,0.5,+550,+500,+500,+550,+550,,,+450,+500,+500,,,+480,,,,,-1100,-900,-1000,-900,-1100,,,-1100,-1000,-1000,,,-954,,,,
2024-04-06,Jesse Winker,/mlb/props/jesse-winker/,PHI at WSH,FA,"LF,RF,DH",0.5,+650,+500,+525,+650,+600,,,+500,+525,+525,,,+522,,,,,-1400,-1100,-1200,-1100,-1400,,,-1200,-1115,-1115,,,-1104,,,,
2024-04-06,J.T. Realmuto,/mlb/props/jt-realmuto/,PHI at WSH,PHI,C,0.5,+400,+400,+370,+400,+380,,,+350,+370,+370,,,+345,,,,,-650,-579,-650,-600,-650,,,-700,-670,-670,,,-579,,,,
2024-04-06,Nasim Nunez,/mlb/props/nasim-nunez/,PHI at WSH,WSH,"2B,SS",0.5,+500,+500,+575,+700,+650,,,+500,+575,+575,,,+548,,,,,-1400,-1200,-1401,-1200,-1400,,,-1400,-1430,-1430,,,-1204,,,,
2024-04-06,Lane Thomas,/mlb/props/lane-thomas/,PHI at WSH,KC,"LF,CF,RF",0.5,+360,+400,+350,+350,+350,,,+320,+400,+400,,,+323,,,,,-575,-500,-600,-500,-550,,,-600,-770,-770,,,-529,,,,
2024-04-06,Keibert Ruiz,/mlb/props/keibert-ruiz/,PHI at WSH,WSH,C,0.5,+400,+430,+400,+400,+400,,,+350,+430,+430,,,+355,,,,,-700,-600,-700,-600,-700,,,-700,-835,-835,,,-604,,,,
2024-04-06,Trea Turner,/mlb/props/trea-turner/,PHI at WSH,PHI,SS,0.5,+320,+320,+300,+320,+320,,,+280,+320,+320,,,+300,,,,,-500,-450,-500,-450,-500,,,-525,-530,-530,,,-479,,,,
2024-04-06,Joey Meneses,/mlb/props/joey-meneses/,PHI at WSH,ATH,1B,0.5,+380,+410,+350,+350,+350,,,+320,+410,+410,,,+311,,,,,-600,-500,-550,-500,-550,,,-600,-770,-770,,,-504,,,,
2024-04-06,Nick Castellanos,/mlb/props/nick-castellanos/,PHI at WSH,FA,"RF,DH",0.5,+450,+450,+425,+450,+450,,,+380,+425,+425,,,+414,,,,,-800,-700,-754,-700,-800,,,-800,-835,-835,,,-754,,,,
2024-04-06,Kyle Schwarber,/mlb/props/kyle-schwarber/,PHI at WSH,PHI,"LF,DH",0.5,+450,+425,+386,+425,+425,,,+360,+360,+360,,,+386,,,,,-800,-625,-679,-650,-750,,,-750,-625,-625,,,-679,,,,
2024-04-06,Alec Bohm,/mlb/props/alec-bohm/,PHI at WSH,PHI,"1B,3B",0.5,+380,+475,+375,+375,+380,,,+320,+475,+475,,,+334,,,,,-650,-550,-650,-550,-650,,,-650,-1000,-1000,,,-554,,,,
2024-04-06,CJ Abrams,/mlb/props/cj-abrams/,PHI at WSH,WSH,SS,0.5,+500,+500,+475,+500,+475,,,+400,+475,+475,,,+431,,,,,-1000,-800,-900,-800,-900,,,-900,-1000,-1000,,,-804,,,,
2024-04-06,Joey Gallo,/mlb/props/joey-gallo/,PHI at WSH,FA,"1B,LF,CF,RF",0.5,+600,+450,+522,+600,+600,,,+450,+450,+450,,,+522,,,,,-1200,-910,-1100,-1000,-1200,,,-1100,-910,-910,,,-1104,,,,
2024-04-06,Trey Lipscomb,/mlb/props/trey-lipscomb/,PHI at WSH,WSH,3B,0.5,+500,+500,+431,+500,+500,,,+400,,,,,+431,,,,,-900,-800,-804,-800,-900,,,-900,,,,,-804,,,,
2024-04-06,Brandon Marsh,/mlb/props/brandon-marsh/,PHI at WSH,PHI,"LF,CF,RF",0.5,+450,+460,+450,+450,+450,,,+360,+460,+460,,,+386,,,,,-800,-679,-750,-700,-750,,,-750,-910,-910,,,-679,,,,
2024-04-06,Riley Adams,/mlb/props/riley-adams/,PHI at WSH,WSH,C,0.5,+450,+450,+450,+450,+450,,,+380,+510,+510,,,+414,,,,,-800,-700,-800,-700,-800,,,-800,-1115,-1115,,,-754,,,,
2024-04-06,Jacob Young,/mlb/props/jacob-young/,PHI at WSH,WSH,CF,0.5,+600,+480,+550,+600,+550,,,,+550,+550,,,+480,,,,,-1200,-954,-1100,-1000,-1100,,,,-1250,-1250,,,-954,,,,
2024-04-06,Bryce Harper,/mlb/props/bryce-harper/,PHI at WSH,PHI,"1B,DH",0.5,+370,+375,+334,+375,+360,,,+320,+325,+325,,,+334,,,,,-600,-550,-575,-550,-575,,,-650,-560,-560,,,-554,,,,
2024-04-06,Ildemaro Vargas,/mlb/props/ildemaro-vargas/,PHI at WSH,ARI,"1B,2B",0.5,+425,+440,+425,+425,+425,,,+360,+440,+440,,,+376,,,,,-750,-650,-750,-650,-750,,,-750,-835,-835,,,-654,,,,
2024-04-06,Bryson Stott,/mlb/props/bryson-stott-ss/,PHI at WSH,PHI,"2B,SS",0.5,+370,+440,+375,+375,+380,,,+320,+440,+440,,,+334,,,,,-600,-550,-600,-550,-600,,,-650,-835,-835,,,-554,,,,
2024-04-06,James McCann,/mlb/props/james-mccann/,BAL at PIT,ARI,C,0.5,+350,+360,+330,+350,+330,,,+300,+360,+360,,,+323,,,,,-550,-500,-550,-500,-525,,,-550,-625,-625,,,-529,,,,
2024-04-06,Connor Joe,/mlb/props/connor-joe/,BAL at PIT,SEA,"LF,RF",0.5,+330,+320,+287,+320,+320,,,+280,,,,,+287,,,,,-525,-450,-475,-450,-475,,,-525,,,,,-454,,,,
2024-04-06,Jordan Westburg,/mlb/props/jordan-westburg/,BAL at PIT,BAL,"2B,3B",0.5,+330,+320,+300,+320,+320,,,+300,+320,+320,,,+287,,,,,-525,-450,-500,-450,-500,,,-550,-530,-530,,,-454,,,,
2024-04-06,Edward Olivares,/mlb/props/edward-olivares/,BAL at PIT,FA,"LF,RF",0.5,+350,+350,+350,+350,+350,,,+320,+350,+350,,,+323,,,,,-550,-500,-550,-500,-550,,,-600,-590,-590,,,-529,,,,
2024-04-06,Jack Suwinski,/mlb/props/jack-suwinski/,BAL at PIT,LAD,"LF,CF,RF",0.5,+400,+400,+350,+400,+380,,,+350,+330,+330,,,+334,,,,,-650,-554,-600,-600,-600,,,-700,-560,-560,,,-554,,,,
2024-04-06,Ryan Mountcastle,/mlb/props/ryan-mountcastle/,BAL at PIT,BAL,"1B,DH",0.5,+275,+270,+260,+270,+270,,,+240,+260,+260,,,+262,,,,,-400,-370,-404,-370,-400,,,-425,-420,-420,,,-404,,,,
2024-04-06,Austin Hays,/mlb/props/austin-hays/,BAL at PIT,CWS,"LF,DH",0.5,+340,+350,+310,+350,+330,,,+300,+310,+310,,,+300,,,,,-525,-479,-525,-500,-525,,,-550,-530,-530,,,-479,,,,
2024-04-06,Oneil Cruz,/mlb/props/oneil-cruz-3b/,BAL at PIT,PIT,"CF,DH",0.5,+370,+375,+334,+375,+350,,,+320,+290,+290,,,+334,,,,,-600,-480,-550,-550,-550,,,-600,-480,-480,,,-554,,,,
2024-04-06,Anthony Santander,/mlb/props/anthony-santander/,BAL at PIT,TOR,"LF,RF,DH",0.5,+270,+280,+265,+280,+265,,,+240,,,,,+247,,,,,-400,-374,-390,-380,-390,,,-425,,,,,-374,,,,
2024-04-06,Joey Bart,/mlb/props/joseph-bart/,BAL at PIT,ATL,C,0.5,+475,+500,+450,+525,+500,,,+450,+425,+425,,,+448,,,,,-800,-835,-854,-850,-1000,,,-1000,-835,-835,,,-854,,,,
2024-04-06,Adley Rutschman,/mlb/props/adley-rutschman/,BAL at PIT,BAL,"C,DH",0.5,+255,+280,+250,+250,+250,,,+225,+280,+280,,,+236,,,,,-370,-340,-375,-340,-360,,,-375,-455,-455,,,-354,,,,
2024-04-06,Michael A. Taylor,/mlb/props/michael-taylor/,BAL at PIT,FA,"LF,CF,RF",0.5,+550,+500,+500,+525,+500,,,+450,,,,,+464,,,,,-1100,-850,-904,-850,-1000,,,-1000,,,,,-904,,,,
2024-04-06,Bryan Reynolds,/mlb/props/bryan-reynolds/,BAL at PIT,PIT,"LF,CF,RF,DH",0.5,+330,+350,+330,+350,+330,,,+300,+330,+330,,,+300,,,,,-525,-479,-525,-500,-525,,,-550,-560,-560,,,-479,,,,
2024-04-06,Alika Williams,/mlb/props/alika-williams/,BAL at PIT,ATH,"2B,3B,SS",0.5,+500,+500,+500,+525,+500,,,,+500,+500,,,+448,,,,,-1000,-850,-1000,-850,-1000,,,,-1115,-1115,,,-854,,,,
2024-04-06,Cedric Mullins II,/mlb/props/cedric-mullins/,BAL at PIT,TB,CF,0.5,+390,+400,+370,+400,+380,,,+350,+370,+370,,,+334,,,,,-650,-554,-600,-600,-600,,,-700,-670,-670,,,-554,,,,
2024-04-06,Rowdy Tellez,/mlb/props/rowdy-tellez/,BAL at PIT,ATL,1B,0.5,+500,+475,+414,+475,+475,,,+400,+410,+410,,,+414,,,,,-900,-750,-770,-750,-900,,,-900,-770,-770,,,-754,,,,
2024-04-06,Gunnar Henderson,/mlb/props/gunnar-henderson/,BAL at PIT,BAL,"SS,DH",0.5,+330,+320,+300,+320,+320,,,+300,+280,+280,,,+287,,,,,-500,-435,-454,-450,-500,,,-550,-435,-435,,,-454,,,,
2024-04-06,Jorge Mateo,/mlb/props/jorge-mateo/,BAL at PIT,ATL,"2B,SS,CF,DH",0.5,+390,+375,+334,+375,+370,,,+320,,,,,+334,,,,,-650,-550,-600,-550,-600,,,-650,,,,,-554,,,,
2024-04-06,Ke'Bryan Hayes,/mlb/props/kebryan-hayes/,BAL at PIT,CIN,3B,0.5,+310,+320,+310,+310,+310,,,+280,+320,+320,,,+275,,,,,-475,-425,-475,-425,-475,,,-525,-560,-560,,,-429,,,,
2024-04-06,Jared Triolo,/mlb/props/jared-triolo/,BAL at PIT,PIT,"1B,2B,3B,SS",0.5,+450,+450,+414,+450,+450,,,+380,+400,+400,,,+414,,,,,-800,-700,-754,-700,-800,,,-800,-715,-715,,,-754,,,,
2024-04-06,Omar Narvaez,/mlb/props/omar-narvaez/,NYM at CIN,FA,C,0.5,+600,+500,+522,+600,+600,,,+500,,,,,+522,,,,,-1200,-1000,-1104,-1000,-1200,,,-1200,,,,,-1104,,,,
2024-04-06,Tyler Stephenson,/mlb/props/tyler-stephenson/,NYM at CIN,CIN,C,0.5,+450,+475,+414,+475,+475,,,+380,,,,,+414,,,,,-800,-750,-754,-750,-800,,,-800,,,,,-754,,,,
2024-04-06,Spencer Steer,/mlb/props/spencer-steer/,NYM at CIN,CIN,"1B,2B,LF,RF",0.5,+370,+460,+370,+375,+370,,,+320,+460,+460,,,+323,,,,,-600,-529,-650,-550,-600,,,-650,-910,-910,,,-529,,,,
2024-04-06,Starling Marte,/mlb/props/starling-marte/,NYM at CIN,KC,"LF,RF,DH",0.5,+425,+425,+400,+425,+425,,,+360,+400,+400,,,+376,,,,,-750,-650,-700,-650,-700,,,-750,-715,-715,,,-654,,,,
2024-04-06,Brett Baty,/mlb/props/brett-baty/,NYM at CIN,NYM,"1B,2B,3B,RF",0.5,+500,+500,+450,+525,+500,,,+450,+450,+450,,,+448,,,,,-1000,-850,-910,-850,-1000,,,-1000,-910,-910,,,-854,,,,
2024-04-06,Pete Alonso,/mlb/props/peter-alonso/,NYM at CIN,BAL,"1B,DH",0.5,+390,+400,+350,+375,+350,,,+320,+400,+400,,,+311,,,,,-650,-504,-600,-550,-550,,,-600,-715,-715,,,-504,,,,
2024-04-06,Christian Encarnacion-Strand,/mlb/props/christian-encarnacion-strand/,NYM at CIN,BAL,"1B,3B",0.5,+380,+420,+360,+375,+360,,,+320,+420,+420,,,+323,,,,,-600,-529,-600,-550,-575,,,-600,-770,-770,,,-529,,,,
2024-04-06,Nick Martini,/mlb/props/nick-martini/,NYM at CIN,FA,"LF,RF,DH",0.5,+450,+475,+414,+475,+450,,,+380,,,,,+414,,,,,-800,-750,-754,-750,-800,,,-800,,,,,-754,,,,
2024-04-06,Jonathan India,/mlb/props/jonathan-india/,NYM at CIN,KC,"2B,3B,LF,DH",0.5,+360,+370,+340,+350,+340,,,+300,+370,+370,,,+300,,,,,-575,-479,-550,-500,-525,,,-550,-670,-670,,,-479,,,,
2024-04-06,Francisco Lindor,/mlb/props/francisco-lindor/,NYM at CIN,NYM,SS,0.5,+400,+400,+386,+400,+400,,,+350,+370,+370,,,+386,,,,,-650,-600,-670,-600,-700,,,-700,-670,-670,,,-679,,,,
2024-04-06,Elly De La Cruz,/mlb/props/elly-de-la-cruz/,NYM at CIN,CIN,SS,0.5,+425,+480,+450,+450,+450,,,+380,+480,+480,,,+414,,,,,-750,-700,-800,-700,-750,,,-800,-1000,-1000,,,-754,,,,
2024-04-06,Jeff McNeil,/mlb/props/jeff-mcneil/,NYM at CIN,ATH,"2B,LF,CF,RF",0.5,+450,+480,+450,+450,+450,,,+380,+480,+480,,,+395,,,,,-800,-700,-800,-700,-800,,,-800,-1000,-1000,,,-704,,,,
2024-04-06,Francisco Alvarez,/mlb/props/francisco-alvarez/,NYM at CIN,NYM,"C,DH",0.5,+425,+420,+390,+400,+390,,,+350,+420,+420,,,+345,,,,,-750,-579,-650,-600,-650,,,-700,-835,-835,,,-579,,,,
2024-04-06,Tyrone Taylor,/mlb/props/tyrone-taylor/,NYM at CIN,NYM,"LF,CF,RF",0.5,+320,+430,+390,+400,+390,,,+350,+430,+430,,,+334,,,,,-650,-554,-650,-600,-650,,,-700,-835,-835,,,-554,,,,
2024-04-06,Brandon Nimmo,/mlb/props/brandon-nimmo/,NYM at CIN,TEX,"LF,CF,RF,DH",0.5,+400,+425,+400,+425,+425,,,+360,+400,+400,,,+386,,,,,-650,-650,-750,-650,-750,,,-750,-770,-770,,,-679,,,,
2024-04-06,Jake Fraley,/mlb/props/jake-fraley/,NYM at CIN,TB,"LF,RF",0.5,+425,+460,+425,+425,+425,,,+360,+460,+460,,,+376,,,,,-700,-650,-750,-650,-750,,,-750,-910,-910,,,-654,,,,
2024-04-06,Harrison Bader,/mlb/props/harrison-bader/,NYM at CIN,SF,"LF,CF,RF",0.5,+475,+475,+414,+475,+450,,,+380,,,,,+414,,,,,-900,-750,-754,-750,-800,,,-800,,,,,-754,,,,
2024-04-06,Jeimer Candelario,/mlb/props/jeimer-candelario/,NYM at CIN,LAA,"1B,3B",0.5,+380,+410,+400,+400,+400,,,+350,+410,+410,,,+366,,,,,-600,-600,-700,-600,-700,,,-700,-770,-770,,,-629,,,,
2024-04-06,Will Benson,/mlb/props/will-benson/,NYM at CIN,CIN,"LF,CF,RF",0.5,+425,+450,+395,+450,+450,,,+380,,,,,+395,,,,,-700,-700,-750,-700,-750,,,-800,,,,,-704,,,,
2024-04-06,Jose Abreu,/mlb/props/jose-dariel-abreu/,HOU at TEX,FA,1B,0.5,+425,+450,+390,+450,+450,,,+380,+390,+390,,,+386,,,,,-750,-679,-715,-700,-800,,,-800,-715,-715,,,-679,,,,
2024-04-06,Corey Seager,/mlb/props/corey-seager/,HOU at TEX,TEX,SS,0.5,+290,+310,+300,+310,+300,,,+270,+300,+300,,,+275,,,,,-450,-425,-450,-425,-450,,,-500,-500,-500,,,-429,,,,
2024-04-06,Adolis Garcia,/mlb/props/jose-adolis-garcia/,HOU at TEX,PHI,RF,0.5,+400,+400,+355,+400,+380,,,+350,+310,+310,,,+355,,,,,-650,-500,-604,-600,-650,,,-700,-500,-500,,,-604,,,,
2024-04-06,Marcus Semien,/mlb/props/marcus-semien/,HOU at TEX,NYM,2B,0.5,+330,+350,+320,+350,+330,,,+300,+320,+320,,,+311,,,,,-525,-500,-525,-500,-525,,,-550,-530,-530,,,-504,,,,
2024-04-06,Jeremy Pena,/mlb/props/jeremy-pena/,HOU at TEX,HOU,SS,0.5,+475,+475,+414,+475,+475,,,+400,,,,,+414,,,,,-900,-750,-800,-750,-800,,,-900,,,,,-754,,,,
2024-04-06,Wyatt Langford,/mlb/props/wyatt-langford/,HOU at TEX,TEX,"LF,CF",0.5,+400,+400,+355,+400,+390,,,+350,+350,+350,,,+355,,,,,-650,-600,-625,-600,-650,,,-700,-625,-625,,,-604,,,,
2024-04-06,Alex Bregman,/mlb/props/alex-bregman/,HOU at TEX,CHC,"3B,DH",0.5,+390,+400,+370,+400,+390,,,+350,+370,+370,,,+345,,,,,-650,-579,-650,-600,-650,,,-700,-670,-670,,,-579,,,,
2024-04-06,Jonah Heim,/mlb/props/jonah-heim/,HOU at TEX,ATH,"C,DH",0.5,+400,+440,+400,+400,+400,,,+350,+440,+440,,,+355,,,,,-650,-600,-650,-600,-650,,,-700,-835,-835,,,-604,,,,
2024-04-06,Leody Taveras,/mlb/props/leody-taveras-of/,HOU at TEX,BAL,"CF,RF",0.5,+425,+425,+376,+425,+425,,,+360,,,,,+376,,,,,-750,-650,-654,-650,-750,,,-750,,,,,-654,,,,
2024-04-06,Evan Carter,/mlb/props/evan-carter/,HOU at TEX,TEX,"LF,CF,RF",0.5,+450,+450,+440,+450,+450,,,+380,+440,+440,,,+395,,,,,-750,-700,-800,-700,-800,,,-800,-835,-835,,,-704,,,,
2024-04-06,Chas McCormick,/mlb/props/chas-mccormick/,HOU at TEX,CHC,"LF,CF,RF",0.5,+500,+500,+464,+525,+500,,,+450,+400,+400,,,+464,,,,,-1000,-715,-904,-850,-1000,,,-1000,-715,-715,,,-904,,,,
2024-04-06,Yordan Alvarez,/mlb/props/yordan-alvarez/,HOU at TEX,HOU,"LF,DH",0.5,+340,+375,+334,+375,+350,,,+320,+320,+320,,,+334,,,,,-550,-530,-554,-550,-575,,,-600,-530,-530,,,-554,,,,
2024-04-06,Yainer Diaz,/mlb/props/yainer-diaz-c/,HOU at TEX,HOU,"C,DH",0.5,+390,+400,+366,+400,+400,,,+350,+325,+325,,,+366,,,,,-650,-560,-629,-600,-650,,,-700,-560,-560,,,-629,,,,
2024-04-06,Kyle Tucker,/mlb/props/kyle-tucker/,HOU at TEX,LAD,"RF,DH",0.5,+360,+350,+325,+350,+350,,,+320,+325,+325,,,+323,,,,,-575,-500,-550,-500,-550,,,-600,-560,-560,,,-529,,,,
2024-04-06,Jose Altuve,/mlb/props/jose-altuve/,HOU at TEX,HOU,"2B,LF,DH",0.5,+400,+425,+366,+425,+425,,,+360,+340,+340,,,+366,,,,,-700,-590,-650,-650,-750,,,-750,-590,-590,,,-629,,,,
2024-04-06,Jared Walsh,/mlb/props/jared-walsh/,HOU at TEX,FA,"1B,RF",0.5,+550,+500,+475,+525,+500,,,+450,+475,+475,,,+464,,,,,-1000,-850,-904,-850,-1000,,,-1000,-1000,-1000,,,-904,,,,
2024-04-06,Josh Smith,/mlb/props/josh-smith-ss/,HOU at TEX,TEX,"1B,2B,3B,SS,LF,RF",0.5,+450,+450,+395,+450,+450,,,+380,,,,,+395,,,,,-800,-700,-704,-700,-800,,,-800,,,,,-704,,,,
2024-04-06,Jake Meyers,/mlb/props/jacob-meyers/,HOU at TEX,HOU,CF,0.5,+600,+500,+522,+600,+600,,,+500,,,,,+522,,,,,-1200,-1000,-1104,-1000,-1200,,,-1200,,,,,-1104,,,,
2024-04-06,Bo Bichette,/mlb/props/bo-bichette/,TOR at NYY,NYM,"3B,SS",0.5,+425,+475,+400,+400,+400,,,+350,+475,+475,,,+366,,,,,-700,-600,-700,-600,-700,,,-700,-910,-910,,,-629,,,,
2024-04-06,Aaron Judge,/mlb/props/aaron-judge/,TOR at NYY,NYY,"LF,CF,RF,DH",0.5,+500,+500,+475,+525,+500,,,+450,+475,+475,,,+464,,,,,-1000,-850,-904,-850,-1000,,,-1000,-1000,-1000,,,-904,,,,
2024-04-06,Oswaldo Cabrera,/mlb/props/oswaldo-cabrera/,TOR at NYY,NYY,3B,0.5,+600,+500,+500,+600,+600,,,+500,,,,,+495,,,,,-1200,-1000,-1004,-1000,-1200,,,-1200,,,,,-1004,,,,
2024-04-06,Ernie Clement,/mlb/props/ernie-clement/,TOR at NYY,TOR,"1B,2B,3B,SS",0.5,+550,+464,+550,+550,+550,,,+450,+650,+650,,,+464,,,,,-1000,-900,-1000,-900,-1000,,,-1000,-1667,-1667,,,-904,,,,
2024-04-06,Isiah Kiner-Falefa,/mlb/props/isiah-kiner-falefa/,TOR at NYY,BOS,"2B,3B,SS",0.5,+600,+495,+550,+600,+550,,,+450,,,,,+495,,,,,-1200,-1000,-1100,-1000,-1200,,,-1100,,,,,-1004,,,,
2024-04-06,Alejandro Kirk,/mlb/props/alejandro-kirk/,TOR at NYY,TOR,C,0.5,+450,+475,+475,+475,+475,,,+380,+510,+510,,,+414,,,,,-800,-750,-800,-750,-800,,,-800,-1115,-1115,,,-754,,,,
2024-04-06,Daniel Vogelbach,/mlb/props/dan-vogelbach/,TOR at NYY,FA,DH,0.5,+500,+500,+500,+525,+500,,,+450,+600,+600,,,+448,,,,,-1000,-850,-1000,-850,-1000,,,-1000,-1430,-1430,,,-854,,,,
2024-04-06,Kevin Kiermaier,/mlb/props/kevin-kiermaier/,TOR at NYY,FA,CF,0.5,+600,+500,+522,,+600,,,+500,,,,,+522,,,,,-1200,-1104,-1200,,-1200,,,-1200,,,,,-1104,,,,
2024-04-06,Daulton Varsho,/mlb/props/daulton-varsho/,TOR at NYY,TOR,"LF,CF",0.5,+550,+500,+500,+500,+500,,,+400,+575,+575,,,+431,,,,,-1000,-800,-900,-800,-900,,,-900,-1430,-1430,,,-804,,,,
2024-04-06,Davis Schneider,/mlb/props/davis-schneider/,TOR at NYY,TOR,"2B,LF",0.5,+550,+480,+550,+550,+550,,,+450,+650,+650,,,+480,,,,,-1100,-900,-1000,-900,-1000,,,-1000,-2000,-2000,,,-954,,,,
2024-04-06,Cavan Biggio,/mlb/props/cavan-biggio/,TOR at NYY,HOU,"1B,2B,RF",0.5,+550,+464,+550,+550,+550,,,+450,+850,+850,,,+464,,,,,-1100,-900,-1000,-900,-1000,,,-1000,-5000,-5000,,,-904,,,,
2024-04-06,George Springer,/mlb/props/george-springer/,TOR at NYY,TOR,"LF,CF,RF,DH",0.5,+450,+460,+425,+425,+425,,,+360,+460,+460,,,+386,,,,,-800,-650,-750,-650,-750,,,-750,-910,-910,,,-679,,,,
2024-04-06,Vladimir Guerrero Jr.,/mlb/props/vladimir-guerrero-jr/,TOR at NYY,TOR,"1B,DH",0.5,+450,+500,+450,+450,+450,,,+360,+500,+500,,,+395,,,,,-800,-700,-800,-700,-800,,,-750,-1000,-1000,,,-704,,,,
2024-04-06,Brian Serven,/mlb/props/brian-serven/,TOR at NYY,ATH,C,0.5,+650,+500,+572,+700,+650,,,+500,,,,,+572,,,,,-1600,-1200,-1401,-1200,-1600,,,-1400,,,,,-1304,,,,
2024-04-06,Alex Verdugo,/mlb/props/alex-verdugo/,TOR at NYY,FA,"LF,RF",0.5,+475,+450,+450,+450,+450,,,+380,+540,+540,,,+414,,,,,-900,-700,-800,-700,-800,,,-800,-1250,-1250,,,-754,,,,
2024-04-06,Justin Turner,/mlb/props/justin-turner/,TOR at NYY,FA,"1B,3B",0.5,+450,+425,+425,+425,+425,,,+360,+510,+510,,,+376,,,,,-800,-650,-750,-650,-700,,,-750,-1115,-1115,,,-654,,,,
2024-04-06,Austin Wells,/mlb/props/austin-wells/,TOR at NYY,NYY,C,0.5,+550,+475,+475,+475,+475,,,,,,,,+414,,,,,-1000,-750,-754,-750,-900,,,,,,,,-754,,,,
2024-04-06,Gleyber Torres,/mlb/props/gleyber-torres/,TOR at NYY,DET,2B,0.5,+400,+450,+400,+425,+400,,,+360,+450,+450,,,+366,,,,,-700,-629,-700,-650,-700,,,-750,-910,-910,,,-629,,,,
2024-04-06,Anthony Rizzo,/mlb/props/anthony-rizzo/,TOR at NYY,FA,1B,0.5,+500,+500,+500,+525,+500,,,+450,+650,+650,,,+431,,,,,-1000,-804,-1000,-850,-900,,,-1000,-2000,-2000,,,-804,,,,
2024-04-06,Giancarlo Stanton,/mlb/props/giancarlo-stanton/,TOR at NYY,NYY,"LF,RF,DH",0.5,+550,+495,+575,+600,+600,,,+450,+575,+575,,,+495,,,,,-1200,-1000,-1100,-1000,-1200,,,-1100,-1430,-1430,,,-1004,,,,
2024-04-06,Anthony Volpe,/mlb/props/anthony-volpe/,TOR at NYY,NYY,SS,0.5,+550,+500,+500,+500,+500,,,+450,+650,+650,,,+448,,,,,-1000,-800,-1000,-800,-900,,,-1000,-1667,-1667,,,-854,,,,
2024-04-06,Juan Soto,/mlb/props/juan-soto/,TOR at NYY,NYM,"LF,RF,DH",0.5,+425,+450,+425,+450,+425,,,+380,+525,+525,,,+395,,,,,-750,-700,-800,-700,-750,,,-800,-1250,-1250,,,-704,,,,
2024-04-06,Cal Raleigh,/mlb/props/caleb-raleigh/,SEA at MIL,SEA,"C,DH",0.5,+475,+450,+425,+425,+425,,,+360,+450,+450,,,+395,,,,,-800,-650,-750,-650,-750,,,-750,-910,-910,,,-704,,,,
2024-04-06,Willy Adames,/mlb/props/willy-adames/,SEA at MIL,SF,SS,0.5,+425,+440,+425,+425,+425,,,+360,+440,+440,,,+366,,,,,-750,-629,-750,-650,-750,,,-750,-835,-835,,,-629,,,,
2024-04-06,William Contreras,/mlb/props/william-contreras/,SEA at MIL,MIL,"C,DH",0.5,+425,+425,+400,+400,+425,,,+350,+410,+410,,,+376,,,,,-700,-600,-700,-600,-700,,,-700,-770,-770,,,-654,,,,
2024-04-06,Rhys Hoskins,/mlb/props/rhys-hoskins/,SEA at MIL,CLE,"1B,DH",0.5,+450,+475,+430,+475,+450,,,+380,+430,+430,,,+395,,,,,-750,-704,-800,-750,-800,,,-800,-835,-835,,,-704,,,,
2024-04-06,Brice Turang,/mlb/props/brice-turang/,SEA at MIL,MIL,2B,0.5,+475,+450,+414,+450,+450,,,+380,,,,,+414,,,,,-800,-700,-754,-700,-800,,,-800,,,,,-754,,,,
2024-04-06,Julio Rodriguez,/mlb/props/julio-rodriguez-of/,SEA at MIL,SEA,CF,0.5,+350,+400,+340,+350,+340,,,+300,+400,+400,,,+311,,,,,-550,-500,-550,-500,-525,,,-550,-715,-715,,,-504,,,,
2024-04-06,Jake Bauers,/mlb/props/jake-bauers/,SEA at MIL,MIL,"1B,LF,RF",0.5,+450,+450,+395,+450,+450,,,+380,,,,,+395,,,,,-800,-700,-704,-700,-800,,,-800,,,,,-704,,,,
2024-04-06,Dylan Moore,/mlb/props/dylan-moore/,SEA at MIL,PHI,"1B,2B,3B,LF,RF",0.5,+550,+500,+500,+525,+500,,,+450,,,,,+464,,,,,-1100,-850,-904,-850,-1000,,,-1000,,,,,-904,,,,
2024-04-06,Mitch Garver,/mlb/props/mitch-garver/,SEA at MIL,SEA,"C,DH",0.5,+425,+460,+400,+400,+400,,,+350,+460,+460,,,+376,,,,,-750,-600,-700,-600,-700,,,-700,-910,-910,,,-654,,,,
2024-04-06,Samad Taylor,/mlb/props/samad-taylor/,SEA at MIL,SD,"2B,LF,RF",0.5,+600,+495,+550,+600,+550,,,+450,,,,,+495,,,,,-1200,-1000,-1004,-1000,-1100,,,-1100,,,,,-1004,,,,
2024-04-06,Jackson Chourio,/mlb/props/jackson-chourio/,SEA at MIL,MIL,"LF,CF,RF",0.5,+425,+464,+540,+550,+550,,,+450,+540,+540,,,+464,,,,,-700,-900,-1000,-900,-1000,,,-1000,-1250,-1250,,,-904,,,,
2024-04-06,Jorge Polanco,/mlb/props/jorge-polanco/,SEA at MIL,NYM,"2B,3B,DH",0.5,+390,+430,+370,+375,+370,,,+320,+430,+430,,,+334,,,,,-650,-550,-600,-550,-600,,,-650,-835,-835,,,-554,,,,
2024-04-06,Oliver Dunn,/mlb/props/oliver-dunn/,SEA at MIL,TB,3B,0.5,+450,+460,+450,+450,+450,,,+360,+460,+460,,,+386,,,,,-800,-679,-750,-700,-750,,,-750,-910,-910,,,-679,,,,
2024-04-06,Christian Yelich,/mlb/props/christian-yelich/,SEA at MIL,MIL,"LF,DH",0.5,+360,+375,+340,+350,+340,,,+300,+375,+375,,,+311,,,,,-575,-500,-550,-500,-525,,,-550,-670,-670,,,-504,,,,
2024-04-06,J.P. Crawford,/mlb/props/jp-crawford/,SEA at MIL,SEA,"3B,SS",0.5,+475,+475,+450,+450,+450,,,+380,+475,+475,,,+414,,,,,-900,-700,-800,-700,-800,,,-800,-1000,-1000,,,-754,,,,
2024-04-06,Luis Urias,/mlb/props/luis-urias/,SEA at MIL,TOR,"2B,3B",0.5,+550,+500,+500,+525,+500,,,+450,,,,,+464,,,,,-1100,-850,-904,-850,-1000,,,-1000,,,,,-904,,,,
2024-04-06,Gary Sanchez,/mlb/props/gary-sanchez/,SEA at MIL,MIL,"C,1B,DH",0.5,+500,+500,+450,+500,+500,,,+450,,,,,+448,,,,,-1000,-800,-854,-800,-1000,,,-1000,,,,,-854,,,,
2024-04-06,Sal Frelick,/mlb/props/sal-frelick/,SEA at MIL,MIL,"LF,CF,RF",0.5,+425,+410,+360,+375,+360,,,+320,+410,+410,,,+323,,,,,-750,-529,-575,-550,-575,,,-650,-770,-770,,,-529,,,,
2024-04-06,Mitch Haniger,/mlb/props/mitch-haniger/,SEA at MIL,FA,RF,0.5,+425,+425,+400,+400,+400,,,+350,+425,+425,,,+366,,,,,-750,-600,-700,-600,-700,,,-700,-835,-835,,,-629,,,,
2024-04-06,Joey Ortiz,/mlb/props/joey-ortiz/,SEA at MIL,MIL,"3B,SS",0.5,+550,+480,+550,+600,+550,,,+450,,,,,+480,,,,,-1100,-954,-1000,-1000,-1100,,,-1100,,,,,-954,,,,
2024-04-06,Bobby Witt Jr.,/mlb/props/bobby-witt-jr/,CWS at KC,KC,SS,0.5,+310,+320,+310,+320,+310,,,+280,,,,,+275,,,,,-475,-429,-475,-450,-475,,,-525,,,,,-429,,,,
2024-04-06,Paul DeJong,/mlb/props/paul-dejong/,CWS at KC,FA,"2B,3B,SS",0.5,+500,+500,+450,+525,+500,,,+450,+325,+325,,,+448,,,,,-1000,-560,-850,-850,-1000,,,-1000,-560,-560,,,-854,,,,
2024-04-06,Lenyn Sosa,/mlb/props/lenyn-sosa/,CWS at KC,TOR,"1B,2B,DH",0.5,+400,+400,+366,+400,+400,,,+350,+300,+300,,,+366,,,,,-700,-500,-629,-600,-700,,,-700,-500,-500,,,-629,,,,
2024-04-06,Robbie Grossman,/mlb/props/robbie-grossman/,CWS at KC,FA,"LF,RF",0.5,+425,+425,+386,+425,+425,,,+360,,,,,+386,,,,,-750,-650,-679,-650,-750,,,-750,,,,,-679,,,,
2024-04-06,Vinnie Pasquantino,/mlb/props/vinnie-pasquantino/,CWS at KC,KC,"1B,DH",0.5,+360,+375,+320,+375,+360,,,+320,+310,+310,,,+311,,,,,-575,-504,-550,-550,-575,,,-600,-530,-530,,,-504,,,,
2024-04-06,Dominic Fletcher,/mlb/props/dominic-fletcher/,CWS at KC,PIT,"CF,RF",0.5,+425,+450,+430,+450,+450,,,+380,+430,+430,,,+395,,,,,-750,-700,-750,-700,-750,,,-800,-835,-835,,,-704,,,,
2024-04-06,Kyle Isbel,/mlb/props/kyle-isbel/,CWS at KC,KC,CF,0.5,+475,+500,+414,+500,+500,,,+400,,,,,+414,,,,,-900,-754,-800,-800,-900,,,-900,,,,,-754,,,,
2024-04-06,Nick Loftin,/mlb/props/nick-loftin/,CWS at KC,KC,"2B,3B,LF",0.5,+450,+475,+450,+475,+450,,,,,,,,+395,,,,,-800,-704,-750,-750,-800,,,,,,,,-704,,,,
2024-04-06,Hunter Renfroe,/mlb/props/hunter-renfroe/,CWS at KC,FA,RF,0.5,+450,+450,+395,+450,+450,,,+380,,,,,+395,,,,,-800,-700,-704,-700,-800,,,-800,,,,,-704,,,,
2024-04-06,Garrett Hampson,/mlb/props/garrett-hampson/,CWS at KC,CIN,"2B,LF,CF",0.5,+550,+480,+480,+550,+550,,,+450,,,,,+480,,,,,-1100,-900,-1000,-900,-1100,,,-1000,,,,,-954,,,,
2024-04-06,Luis Robert Jr.,/mlb/props/luis-robert/,CWS at KC,NYM,CF,0.5,+370,+375,+370,+375,+370,,,,,,,,+334,,,,,-600,-550,-554,-550,-600,,,,,,,,-554,,,,
2024-04-06,Maikel Garcia,/mlb/props/maikel-garcia/,CWS at KC,KC,"2B,3B,SS,OF",0.5,+360,+360,+311,+350,+360,,,+320,+225,+225,,,+311,,,,,-575,-345,-500,-500,-575,,,-600,-345,-345,,,-504,,,,
2024-04-06,Yoan Moncada,/mlb/props/yoan-moncada/,CWS at KC,LAA,3B,0.5,+450,+450,+380,+425,+450,,,+360,+380,+380,,,+366,,,,,-750,-629,-670,-650,-750,,,-750,-670,-670,,,-629,,,,
2024-04-06,Andrew Vaughn,/mlb/props/andrew-vaughn-1b/,CWS at KC,MIL,1B,0.5,+380,+350,+320,+350,+340,,,+320,+265,+265,,,+323,,,,,-600,-420,-500,-500,-550,,,-600,-420,-420,,,-529,,,,
2024-04-06,Adam Frazier,/mlb/props/adam-frazier/,CWS at KC,LAA,"2B,LF,RF",0.5,+450,+475,+450,+475,+450,,,+400,,,,,+414,,,,,-800,-750,-800,-750,-800,,,-900,,,,,-754,,,,
2024-04-06,Martin Maldonado,/mlb/props/martin-maldonado/,CWS at KC,FA,C,0.5,+650,+500,+572,+700,+650,,,+500,,,,,+572,,,,,-1600,-1200,-1401,-1200,-1600,,,-1400,,,,,-1304,,,,
2024-04-06,Braden Shewmake,/mlb/props/braden-shewmake/,CWS at KC,HOU,"2B,3B,SS",0.5,+500,+500,+448,+500,+500,,,+400,+400,+400,,,+448,,,,,-900,-715,-854,-800,-900,,,-900,-715,-715,,,-854,,,,
2024-04-06,Nelson Velazquez,/mlb/props/nelson-velazquez/,CWS at KC,STL,"LF,RF,DH",0.5,+500,+475,+400,+475,+400,,,+400,+270,+270,,,+414,,,,,-900,-420,-700,-750,-700,,,-900,-420,-420,,,-754,,,,
2024-04-06,Nicky Lopez,/mlb/props/nicky-lopez/,CWS at KC,TEX,"2B,3B,SS",0.5,+550,+480,+550,+600,+550,,,+450,,,,,+480,,,,,-1100,-954,-1000,-1000,-1100,,,-1100,,,,,-954,,,,
2024-04-06,MJ Melendez,/mlb/props/mj-melendez/,CWS at KC,NYM,"LF,DH",0.5,+390,+390,+345,+375,+390,,,+320,+310,+310,,,+345,,,,,-650,-530,-579,-550,-650,,,-650,-530,-530,,,-579,,,,
2024-04-06,Andrew Benintendi,/mlb/props/andrew-benintendi/,CWS at KC,CWS,"LF,DH",0.5,+360,+375,+350,+375,+370,,,+320,+350,+350,,,+334,,,,,-575,-550,-590,-550,-600,,,-650,-590,-590,,,-554,,,,
2024-04-06,Gavin Sheets,/mlb/props/gavin-sheets/,CWS at KC,SD,"1B,LF,RF,DH",0.5,+400,+425,+370,+425,+425,,,+360,+370,+370,,,+366,,,,,-700,-629,-670,-650,-700,,,-750,-670,-670,,,-629,,,,
2024-04-06,Kevin Pillar,/mlb/props/kevin-pillar/,CWS at KC,FA,"LF,CF,RF",0.5,+380,+380,+345,+375,+380,,,+320,+310,+310,,,+345,,,,,-600,-530,-579,-550,-600,,,-650,-530,-530,,,-579,,,,
2024-04-06,Salvador Perez,/mlb/props/salvador-perez/,CWS at KC,KC,"C,1B,DH",0.5,+370,+400,+334,+400,+390,,,+350,+225,+225,,,+334,,,,,-600,-345,-554,-600,-650,,,-700,-345,-345,,,-554,,,,
2024-04-06,Orlando Arcia,/mlb/props/orlando-arcia/,ARI at ATL,MIN,"1B,2B,3B,SS",0.5,+400,+400,+355,+400,+400,,,+350,,,,,+355,,,,,-650,-600,-650,-600,-650,,,-700,,,,,-604,,,,
2024-04-06,Randal Grichuk,/mlb/props/randal-grichuk/,ARI at ATL,CWS,"LF,RF,DH",0.5,+380,+390,+355,+375,+380,,,+320,+390,+390,,,+355,,,,,-650,-550,-650,-550,-650,,,-650,-715,-715,,,-604,,,,
2024-04-06,Gabriel Moreno,/mlb/props/gabriel-moreno/,ARI at ATL,ARI,C,0.5,+500,+500,+460,+525,+500,,,+450,+460,+460,,,+448,,,,,-1000,-850,-900,-850,-900,,,-1000,-910,-910,,,-854,,,,
2024-04-06,Jarred Kelenic,/mlb/props/jarred-kelenic/,ARI at ATL,TEX,"LF,CF,RF",0.5,+390,+480,+390,+400,+390,,,+350,+480,+480,,,+355,,,,,-650,-600,-700,-600,-650,,,-700,-1000,-1000,,,-604,,,,
2024-04-06,Ozzie Albies,/mlb/props/ozhaino-albies/,ARI at ATL,ATL,2B,0.5,+260,+260,+245,+260,+245,,,+230,,,,,+227,,,,,-380,-339,-360,-350,-360,,,-400,,,,,-339,,,,
2024-04-06,Corbin Carroll,/mlb/props/corbin-carroll-of/,ARI at ATL,ARI,"CF,RF",0.5,+380,+400,+390,+400,+390,,,+350,+400,+400,,,+345,,,,,-600,-579,-650,-600,-650,,,-700,-770,-770,,,-579,,,,
2024-04-06,Blaze Alexander,/mlb/props/blaze-alexander/,ARI at ATL,BAL,"2B,3B,SS,LF,CF",0.5,+500,+480,+540,+550,+550,,,,+540,+540,,,+480,,,,,-1000,-900,-1100,-900,-1100,,,,-1250,-1250,,,-954,,,,
2024-04-06,Eugenio Suarez,/mlb/props/eugenio-suarez/,ARI at ATL,CIN,"3B,DH",0.5,+550,+464,+464,+550,+550,,,+450,+430,+430,,,+464,,,,,-1100,-835,-904,-900,-1000,,,-1000,-835,-835,,,-904,,,,
2024-04-06,Matt Olson,/mlb/props/matt-olson/,ARI at ATL,ATL,1B,0.5,+320,+350,+310,+320,+310,,,+280,+350,+350,,,+287,,,,,-500,-450,-475,-450,-475,,,-525,-625,-625,,,-454,,,,
2024-04-06,Jace Peterson,/mlb/props/jace-peterson/,ARI at ATL,FA,"2B,3B,SS",0.5,+650,+550,+700,+750,+700,,,+550,,,,,+594,,,,,-1400,-1400,-1600,-1400,-1800,,,-1600,,,,,-1404,,,,
2024-04-06,Ketel Marte,/mlb/props/ketel-marte/,ARI at ATL,ARI,"2B,DH",0.5,+340,+330,+310,+320,+330,,,+300,+310,+310,,,+300,,,,,-525,-450,-500,-450,-500,,,-550,-500,-500,,,-479,,,,
2024-04-06,Travis d'Arnaud,/mlb/props/travis-darnaud/,ARI at ATL,LAA,C,0.5,+360,+360,+350,+350,+360,,,+320,,,,,+323,,,,,-575,-500,-529,-500,-575,,,-600,,,,,-529,,,,
2024-04-06,Marcell Ozuna,/mlb/props/marcell-ozuna/,ARI at ATL,PIT,DH,0.5,+350,+350,+350,+350,+350,,,+320,+350,+350,,,+323,,,,,-550,-500,-550,-500,-550,,,-600,-625,-625,,,-529,,,,
2024-04-06,Michael Harris II,/mlb/props/michael-harris/,ARI at ATL,ATL,CF,0.5,+265,+325,+265,+265,+265,,,+240,+325,+325,,,+247,,,,,-390,-360,-425,-360,-390,,,-425,-560,-560,,,-374,,,,
2024-04-06,Ronald Acuna Jr.,/mlb/props/ronald-acuna/,ARI at ATL,ATL,RF,0.5,+260,+260,+247,+260,+260,,,+230,+245,+245,,,+247,,,,,-380,-350,-380,-350,-380,,,-400,-385,-385,,,-374,,,,
2024-04-06,Jake McCarthy,/mlb/props/jake-mccarthy/,ARI at ATL,COL,"LF,CF,RF",0.5,+475,+500,+475,+475,+475,,,+400,+500,+500,,,+431,,,,,-900,-750,-900,-750,-900,,,-900,-1115,-1115,,,-804,,,,
2024-04-06,Christian Walker,/mlb/props/christian-walker/,ARI at ATL,HOU,1B,0.5,+450,+425,+386,+425,+425,,,+360,+380,+380,,,+386,,,,,-750,-650,-715,-650,-750,,,-750,-715,-715,,,-679,,,,
2024-04-06,Lourdes Gurriel Jr.,/mlb/props/lourdes-gurriel-jr/,ARI at ATL,ARI,"LF,DH",0.5,+380,+375,+370,+375,+370,,,+320,+375,+375,,,+334,,,,,-600,-550,-600,-550,-600,,,-650,-670,-670,,,-554,,,,
2024-04-06,Austin Riley,/mlb/props/austin-riley/,ARI at ATL,ATL,3B,0.5,+320,+320,+280,+320,+320,,,+280,,,,,+275,,,,,-475,-429,-475,-450,-475,,,-525,,,,,-429,,,,
2024-04-06,Nolan Jones,/mlb/props/nolan-jones-3b/,TB at COL,CWS,"LF,CF,RF",0.5,+300,+335,+300,+310,+300,,,+270,+335,+335,,,+275,,,,,-479,-425,-450,-425,-450,,,-500,-590,-590,,,-429,,,,
2024-04-06,Kris Bryant,/mlb/props/kris-bryant/,TB at COL,COL,DH,0.5,+208,+310,+220,+220,+220,,,+200,+310,+310,,,+208,,,,,-304,-285,-310,-290,-310,,,-285,-530,-530,,,-304,,,,
2024-04-06,Jose Siri,/mlb/props/jose-siri/,TB at COL,LAA,"LF,CF",0.5,+334,+375,+350,+375,+350,,,+320,,,,,+311,,,,,-554,-504,-550,-550,-550,,,-600,,,,,-504,,,,
2024-04-06,Brandon Lowe,/mlb/props/brandon-lowe/,TB at COL,PIT,2B,0.5,+227,+300,+230,+230,+230,,,+210,+300,+300,,,+213,,,,,-339,-310,-350,-310,-330,,,-350,-500,-500,,,-314,,,,
2024-04-06,Brenton Doyle,/mlb/props/brenton-doyle/,TB at COL,COL,CF,0.5,+323,+410,+340,+350,+340,,,+300,+410,+410,,,+323,,,,,-529,-500,-550,-500,-550,,,-550,-770,-770,,,-529,,,,
2024-04-06,Isaac Paredes,/mlb/props/isaac-paredes/,TB at COL,HOU,"1B,3B,DH",0.5,+236,+335,+265,+265,+260,,,+240,+335,+335,,,+236,,,,,-354,-354,-425,-360,-380,,,-425,-560,-560,,,-354,,,,
2024-04-06,Jose Caballero,/mlb/props/jose-caballero/,TB at COL,NYY,"2B,3B,SS,LF,RF",0.5,+323,+320,+300,+320,+320,,,+280,,,,,+300,,,,,-529,-450,-479,-450,-500,,,-525,,,,,-479,,,,
2024-04-06,Randy Arozarena,/mlb/props/randy-arozarena/,TB at COL,SEA,"LF,CF",0.5,+262,+310,+280,+290,+280,,,+260,+310,+310,,,+262,,,,,-404,-390,-425,-390,-425,,,-450,-500,-500,,,-404,,,,
2024-04-06,Charlie Blackmon,/mlb/props/charlie-blackmon/,TB at COL,FA,"RF,DH",0.5,+208,+310,+220,+220,+220,,,+200,+310,+310,,,+208,,,,,-304,-290,-310,-290,-310,,,-300,-500,-500,,,-304,,,,
2024-04-06,Elias Diaz,/mlb/props/elias-diaz/,TB at COL,TEX,C,0.5,+219,+310,+235,+235,+235,,,+210,+310,+310,,,+219,,,,,-324,-320,-350,-320,-330,,,-350,-500,-500,,,-324,,,,
2024-04-06,Elehuris Montero,/mlb/props/elehuris-montero-3b/,TB at COL,FA,"1B,3B",0.5,+262,+290,+260,+290,+280,,,+260,,,,,+227,,,,,-404,-339,-390,-390,-425,,,-450,,,,,-339,,,,
2024-04-06,Ezequiel Tovar,/mlb/props/ezequiel-tovar/,TB at COL,COL,SS,0.5,+247,+370,+265,+265,+250,,,+230,+370,+370,,,+247,,,,,-374,-360,-400,-360,-360,,,-400,-670,-670,,,-374,,,,
2024-04-06,Richie Palacios,/mlb/props/richie-palacios/,TB at COL,TB,"2B,LF",0.5,+236,+335,+245,+240,+245,,,+225,+335,+335,,,+236,,,,,-354,-330,-375,-330,-350,,,-375,-560,-560,,,-354,,,,
2024-04-06,Ben Rortvedt,/mlb/props/benjamin-rortvedt/,TB at COL,NYM,C,0.5,+311,+320,+287,+320,+320,,,+280,,,,,+287,,,,,-504,-450,-475,-450,-475,,,-525,,,,,-454,,,,
2024-04-06,Amed Rosario,/mlb/props/amed-rosario/,TB at COL,NYY,"2B,3B,OF",0.5,+270,+350,+270,+270,+270,,,+240,+350,+350,,,+247,,,,,-400,-370,-425,-370,-400,,,-425,-590,-590,,,-374,,,,
2024-04-06,Yandy Diaz,/mlb/props/yandy-diaz/,TB at COL,TB,"1B,DH",0.5,+219,+280,+225,+225,+225,,,+200,+280,+280,,,+219,,,,,-324,-300,-324,-300,-320,,,-300,-455,-455,,,-324,,,,
2024-04-06,Brendan Rodgers,/mlb/props/brendan-rodgers/,TB at COL,BOS,2B,0.5,+196,+280,+215,+215,+210,,,+200,+280,+280,,,+196,,,,,-284,-280,-290,-280,-290,,,-285,-455,-455,,,-284,,,,
2024-04-06,Ryan McMahon,/mlb/props/ryan-mcmahon/,TB at COL,NYY,3B,0.5,+262,+350,+300,+300,+285,,,+260,+350,+350,,,+275,,,,,-404,-400,-450,-400,-425,,,-450,-625,-625,,,-429,,,,
2024-04-06,Harold Ramirez,/mlb/props/harold-ramirez-of/,TB at COL,FA,"LF,RF,DH",0.5,+252,+295,+265,+270,+265,,,+240,+295,+295,,,+252,,,,,-384,-370,-390,-370,-390,,,-425,-480,-480,,,-384,,,,
2024-04-06,Thairo Estrada,/mlb/props/thairo-estrada/,SD at SF,FA,2B,0.5,+400,+400,+370,+400,+400,,,+350,+370,+370,,,+355,,,,,-700,-600,-670,-600,-700,,,-700,-670,-670,,,-604,,,,
2024-04-06,Graham Pauley,/mlb/props/graham-pauley/,SD at SF,MIA,"1B,3B",0.5,+360,+375,+370,+375,+370,,,+320,,,,,+323,,,,,-575,-529,-600,-550,-600,,,-650,,,,,-529,,,,
2024-04-06,Xander Bogaerts,/mlb/props/xander-bogaerts/,SD at SF,SD,SS,0.5,+425,+425,+386,+425,+425,,,+360,+350,+350,,,+386,,,,,-750,-590,-679,-650,-700,,,-750,-590,-590,,,-679,,,,
2024-04-06,Jake Cronenworth,/mlb/props/jacob-cronenworth/,SD at SF,SD,"1B,2B,SS",0.5,+250,+340,+270,+265,+270,,,+230,+340,+340,,,+236,,,,,-360,-354,-400,-360,-400,,,-400,-590,-590,,,-354,,,,
2024-04-06,Michael Conforto,/mlb/props/michael-conforto/,SD at SF,CHC,"LF,RF,DH",0.5,+360,+350,+340,+350,+340,,,+320,+340,+340,,,+311,,,,,-575,-500,-550,-500,-550,,,-600,-590,-590,,,-504,,,,
2024-04-06,Mike Yastrzemski,/mlb/props/michael-yastrzemski/,SD at SF,ATL,"LF,CF,RF",0.5,+370,+390,+370,+375,+370,,,+320,+390,+390,,,+334,,,,,-600,-550,-600,-550,-600,,,-650,-715,-715,,,-554,,,,
2024-04-06,Matt Chapman,/mlb/props/matt-chapman/,SD at SF,SF,3B,0.5,+400,+400,+366,+400,+400,,,+350,+340,+340,,,+366,,,,,-650,-590,-629,-600,-650,,,-700,-590,-590,,,-629,,,,
2024-04-06,Jurickson Profar,/mlb/props/jurickson-profar/,SD at SF,ATL,LF,0.5,+320,+390,+320,+320,+330,,,+280,+390,+390,,,+287,,,,,-500,-450,-525,-450,-500,,,-525,-715,-715,,,-454,,,,
2024-04-06,Fernando Tatis Jr.,/mlb/props/fernando-tatis-jr/,SD at SF,SD,"2B,RF",0.5,+330,+350,+320,+350,+330,,,+320,+280,+280,,,+311,,,,,-525,-455,-504,-500,-525,,,-600,-455,-455,,,-504,,,,
2024-04-06,Ha-Seong Kim,/mlb/props/ha-seong-kim/,SD at SF,ATL,"2B,SS",0.5,+500,+500,+450,+525,+500,,,+450,+430,+430,,,+448,,,,,-1000,-835,-900,-850,-900,,,-1000,-835,-835,,,-854,,,,
2024-04-06,Jung Hoo Lee,/mlb/props/jung-lee/,SD at SF,SF,"CF,RF",0.5,+320,+350,+320,+320,+330,,,+280,+350,+350,,,+300,,,,,-500,-450,-500,-450,-500,,,-525,-590,-590,,,-479,,,,
2024-04-06,LaMonte Wade Jr.,/mlb/props/lamonte-wade/,SD at SF,HOU,"1B,RF",0.5,+360,+375,+350,+375,+350,,,+320,+370,+370,,,+323,,,,,-575,-529,-575,-550,-575,,,-600,-670,-670,,,-529,,,,
2024-04-06,Jackson Merrill,/mlb/props/jackson-merrill/,SD at SF,SD,CF,0.5,+370,+360,+334,+350,+360,,,+320,,,,,+334,,,,,-600,-500,-554,-500,-575,,,-600,,,,,-554,,,,
2024-04-06,Patrick Bailey,/mlb/props/patrick-bailey/,SD at SF,CLE,C,0.5,+400,+400,+355,+400,+400,,,+350,,,,,+355,,,,,-650,-600,-604,-600,-700,,,-700,,,,,-604,,,,
2024-04-06,Jorge Soler,/mlb/props/jorge-soler/,SD at SF,LAA,"RF,DH",0.5,+425,+425,+376,+425,+425,,,+360,+295,+295,,,+376,,,,,-700,-480,-650,-650,-700,,,-750,-480,-480,,,-654,,,,
2024-04-06,Nick Ahmed,/mlb/props/nick-ahmed/,SD at SF,FA,SS,0.5,+550,+464,+464,+550,+550,,,+450,,,,,+464,,,,,-1100,-900,-1000,-900,-1000,,,-1100,,,,,-904,,,,
2024-04-06,Luis Campusano,/mlb/props/luis-campusano/,SD at SF,SD,"C,DH",0.5,+425,+425,+386,+425,+425,,,+360,+375,+375,,,+386,,,,,-750,-650,-679,-650,-750,,,-750,-670,-670,,,-679,,,,
2024-04-06,Manny Machado,/mlb/props/manny-machado/,SD at SF,SD,"3B,DH",0.5,+370,+375,+334,+375,+370,,,+320,+310,+310,,,+334,,,,,-600,-530,-554,-550,-600,,,-650,-530,-530,,,-554,,,,
2024-04-06,Connor Wong,/mlb/props/connor-wong/,BOS at LAA,BOS,C,0.5,+500,+500,+475,+500,+475,,,+400,+550,+550,,,+431,,,,,-1000,-800,-900,-800,-900,,,-900,-1250,-1250,,,-804,,,,
2024-04-06,Mike Trout,/mlb/props/mike-trout/,BOS at LAA,LAA,"CF,RF,DH",0.5,+400,+400,+400,+400,+400,,,+350,+400,+400,,,+355,,,,,-650,-600,-650,-600,-650,,,-700,-715,-715,,,-604,,,,
2024-04-06,Taylor Ward,/mlb/props/taylor-ward/,BOS at LAA,BAL,LF,0.5,+380,+450,+370,+375,+370,,,+320,+450,+450,,,+323,,,,,-650,-529,-600,-550,-600,,,-600,-910,-910,,,-529,,,,
2024-04-06,Masataka Yoshida,/mlb/props/masataka-yoshida/,BOS at LAA,BOS,"LF,DH",0.5,+500,+480,+431,+475,+475,,,+400,+480,+475,,,+431,,,,,-900,-750,-900,-750,-900,,,-900,-1000,-1000,,,-804,,,,
2024-04-06,Nolan Schanuel,/mlb/props/nolan-schanuel/,BOS at LAA,LAA,1B,0.5,+475,+475,+475,+475,+475,,,+400,+475,+475,,,+395,,,,,-800,-704,-800,-750,-800,,,-900,-910,-910,,,-704,,,,
2024-04-06,Mickey Moniak,/mlb/props/mckenzie-moniak/,BOS at LAA,COL,"LF,CF,RF,DH",0.5,+500,+500,+500,+525,+500,,,+450,+510,+510,,,+448,,,,,-1000,-850,-1000,-850,-1000,,,-1000,-1115,-1115,,,-854,,,,
2024-04-06,Bobby Dalbec,/mlb/props/robert-dalbec/,BOS at LAA,FA,"1B,3B",0.5,+500,+500,+475,+500,+475,,,+400,+500,+500,,,+431,,,,,-1000,-800,-900,-800,-900,,,-900,-1000,-1000,,,-804,,,,
2024-04-06,Pablo Reyes,/mlb/props/pablo-reyes/,BOS at LAA,SD,"2B,3B,RF",0.5,+400,+460,+360,+350,+360,,,+320,+460,+460,,,+323,,,,,-650,-500,-600,-500,-575,,,-600,-910,-910,,,-529,,,,
2024-04-06,Miguel Sano,/mlb/props/miguel-sano/,BOS at LAA,FA,"1B,3B",0.5,+475,+475,+414,+475,+475,,,+400,,,,,+414,,,,,-800,-750,-754,-750,-900,,,-900,,,,,-754,,,,
2024-04-06,Brandon Drury,/mlb/props/brandon-drury/,BOS at LAA,KC,"1B,2B,3B",0.5,+400,+440,+400,+400,+400,,,+350,+440,+440,,,+366,,,,,-700,-600,-650,-600,-650,,,-700,-835,-835,,,-629,,,,
2024-04-06,Enmanuel Valdez,/mlb/props/enmanuel-valdez/,BOS at LAA,PIT,1B,0.5,+650,+500,+650,+700,+650,,,+500,,,,,+548,,,,,-1400,-1200,-1203,-1200,-1400,,,-1400,,,,,-1204,,,,
2024-04-06,Zach Neto,/mlb/props/zach-neto/,BOS at LAA,LAA,SS,0.5,+500,+500,+431,+500,+500,,,+400,,,,,+431,,,,,-900,-800,-804,-800,-900,,,-900,,,,,-804,,,,
2024-04-06,Rafael Devers,/mlb/props/rafael-devers/,BOS at LAA,SF,"1B,DH",0.5,+425,+425,+390,+400,+425,,,+350,+390,+390,,,+376,,,,,-750,-600,-654,-600,-700,,,-700,-715,-715,,,-654,,,,
2024-04-06,Tyler O'Neill,/mlb/props/tyler-oneill/,BOS at LAA,BAL,"LF,RF",0.5,+330,+400,+350,+350,+350,,,+320,+400,+400,,,+300,,,,,-500,-479,-550,-500,-550,,,-600,-770,-770,,,-479,,,,
2024-04-06,Logan O'Hoppe,/mlb/props/logan-ohoppe/,BOS at LAA,LAA,C,0.5,+425,+460,+450,+450,+450,,,+380,+460,+460,,,+366,,,,,-750,-629,-750,-700,-750,,,-800,-910,-910,,,-629,,,,
2024-04-06,Triston Casas,/mlb/props/triston-casas/,BOS at LAA,BOS,1B,0.5,+550,+500,+500,+550,+550,,,+450,+500,+500,,,+480,,,,,-1100,-900,-1100,-900,-1100,,,-1100,-1115,-1115,,,-954,,,,
2024-04-06,Anthony Rendon,/mlb/props/anthony-rendon/,BOS at LAA,LAA,3B,0.5,+360,+440,+360,+350,+360,,,+320,+440,+440,,,+334,,,,,-575,-500,-600,-500,-575,,,-600,-835,-835,,,-554,,,,
2024-04-06,Ceddanne Rafaela,/mlb/props/ceddanne-rafaela/,BOS at LAA,BOS,"2B,CF",0.5,+425,+425,+425,+425,+425,,,,+525,+525,,,+376,,,,,-700,-650,-750,-650,-750,,,,-1115,-1115,,,-654,,,,
2024-04-06,Jarren Duran,/mlb/props/jarren-duran/,BOS at LAA,BOS,"LF,CF,DH",0.5,+450,+450,+425,+425,+425,,,+360,+450,+450,,,+376,,,,,-800,-650,-700,-650,-700,,,-750,-910,-910,,,-654,,,,
2024-04-07,Bo Bichette,/mlb/props/bo-bichette/,TOR at NYY,NYM,"3B,SS",0.5,+475,+425,+425,+425,+425,,,+360,+525,+525,,,+376,,,,,-800,-650,-750,-650,-750,,,-750,-1115,-1115,,,-654,,,,
2024-04-07,Cavan Biggio,/mlb/props/cavan-biggio/,TOR at NYY,HOU,"1B,2B,RF",0.5,+600,+480,+550,+550,+550,,,+450,+750,+750,,,+480,,,,,-1400,-900,-1100,-900,-1100,,,-1100,-2500,-2500,,,-954,,,,
2024-04-07,Vladimir Guerrero Jr.,/mlb/props/vladimir-guerrero-jr/,TOR at NYY,TOR,"1B,DH",0.5,+500,+500,+500,+500,+500,,,+400,+575,+575,,,+431,,,,,-900,-800,-900,-800,-900,,,-900,-1430,-1430,,,-804,,,,
2024-04-07,Aaron Judge,/mlb/props/aaron-judge/,TOR at NYY,NYY,"LF,CF,RF,DH",0.5,+475,+475,+440,+475,+475,,,+400,+440,+440,,,+414,,,,,-900,-750,-835,-750,-900,,,-900,-835,-835,,,-754,,,,
2024-04-07,Jose Trevino,/mlb/props/jose-trevino/,TOR at NYY,CIN,C,0.5,+600,+500,+522,+600,+600,,,+500,,,,,+522,,,,,-1200,-1000,-1104,-1000,-1200,,,-1200,,,,,-1104,,,,
2024-04-07,Gleyber Torres,/mlb/props/gleyber-torres/,TOR at NYY,DET,2B,0.5,+400,+440,+370,+375,+370,,,+320,+440,+440,,,+334,,,,,-650,-550,-600,-550,-600,,,-650,-835,-835,,,-554,,,,
2024-04-07,Giancarlo Stanton,/mlb/props/giancarlo-stanton/,TOR at NYY,NYY,"LF,RF,DH",0.5,+550,+500,+500,+525,+500,,,+450,+510,+510,,,+464,,,,,-1000,-850,-1000,-850,-1000,,,-1000,-1115,-1115,,,-904,,,,
2024-04-07,Austin Wells,/mlb/props/austin-wells/,TOR at NYY,NYY,C,0.5,+425,+425,+425,+425,+425,,,,,,,,+395,,,,,-750,-650,-704,-650,-750,,,,,,,,-704,,,,
2024-04-07,Davis Schneider,/mlb/props/davis-schneider/,TOR at NYY,TOR,"2B,LF",0.5,+650,+500,+650,+700,+650,,,+500,,,,,+548,,,,,-1400,-1200,-1203,-1200,-1400,,,-1400,,,,,-1204,,,,
2024-04-07,Alejandro Kirk,/mlb/props/alejandro-kirk/,TOR at NYY,TOR,C,0.5,+500,+450,+450,+450,+450,,,+380,+575,+575,,,+414,,,,,-1000,-700,-800,-700,-800,,,-800,-1430,-1430,,,-754,,,,
2024-04-07,Juan Soto,/mlb/props/juan-soto/,TOR at NYY,NYM,"LF,RF,DH",0.5,+380,+475,+380,+375,+380,,,+320,+475,+475,,,+345,,,,,-600,-550,-650,-550,-600,,,-650,-1000,-1000,,,-579,,,,
2024-04-07,Anthony Rizzo,/mlb/props/anthony-rizzo/,TOR at NYY,FA,1B,0.5,+425,+400,+400,+400,+400,,,+350,+550,+550,,,+376,,,,,-700,-600,-700,-600,-700,,,-700,-1250,-1250,,,-654,,,,
2024-04-07,Daulton Varsho,/mlb/props/daulton-varsho/,TOR at NYY,TOR,"LF,CF",0.5,+500,+500,+500,+525,+500,,,+450,+600,+600,,,+448,,,,,-1000,-850,-1000,-850,-1000,,,-1000,-1667,-1667,,,-854,,,,
2024-04-07,Justin Turner,/mlb/props/justin-turner/,TOR at NYY,FA,"1B,3B",0.5,+550,+464,+525,+525,+550,,,+450,+600,+600,,,+464,,,,,-1000,-850,-1000,-850,-1000,,,-1000,-1667,-1667,,,-904,,,,
2024-04-07,Oswaldo Cabrera,/mlb/props/oswaldo-cabrera/,TOR at NYY,NYY,3B,0.5,+500,+500,+500,+525,+500,,,+450,,,,,+431,,,,,-900,-804,-850,-850,-1000,,,-1000,,,,,-804,,,,
2024-04-07,Isiah Kiner-Falefa,/mlb/props/isiah-kiner-falefa/,TOR at NYY,BOS,"2B,3B,SS",0.5,+600,+450,+522,+600,+550,,,+450,,,,,+522,,,,,-1200,-1000,-1100,-1000,-1100,,,-1100,,,,,-1104,,,,
2024-04-07,Alex Verdugo,/mlb/props/alex-verdugo/,TOR at NYY,FA,"LF,RF",0.5,+380,+380,+380,+375,+380,,,+320,+525,+525,,,+355,,,,,-650,-550,-650,-550,-650,,,-650,-1250,-1250,,,-604,,,,
2024-04-07,Anthony Volpe,/mlb/props/anthony-volpe/,TOR at NYY,NYY,SS,0.5,+475,+450,+450,+450,+450,,,+380,+600,+600,,,+395,,,,,-900,-700,-800,-700,-800,,,-800,-1430,-1430,,,-704,,,,
2024-04-07,Kevin Kiermaier,/mlb/props/kevin-kiermaier/,TOR at NYY,FA,CF,0.5,+600,+495,+495,+600,+600,,,+450,,,,,+495,,,,,-1400,-1000,-1100,-1000,-1200,,,-1100,,,,,-1004,,,,
2024-04-07,Ernie Clement,/mlb/props/ernie-clement/,TOR at NYY,TOR,"1B,2B,3B,SS",0.5,+550,+495,+495,+550,+550,,,+450,,,,,+495,,,,,-1100,-900,-1004,-900,-1100,,,-1100,,,,,-1004,,,,
2024-04-07,George Springer,/mlb/props/george-springer/,TOR at NYY,TOR,"LF,CF,RF,DH",0.5,+475,+475,+450,+475,+450,,,+380,+525,+525,,,+431,,,,,-800,-750,-804,-750,-800,,,-800,-1115,-1115,,,-804,,,,
2024-04-07,Cedric Mullins II,/mlb/props/cedric-mullins/,BAL at PIT,TB,CF,0.5,+370,+380,+350,+350,+350,,,+320,+380,+380,,,+334,,,,,-600,-500,-554,-500,-550,,,-600,-670,-670,,,-554,,,,
2024-04-07,Henry Davis,/mlb/props/henry-davis/,BAL at PIT,PIT,C,0.5,+370,+425,+400,+425,+400,,,+360,+420,+420,,,+376,,,,,-600,-650,-700,-650,-700,,,-750,-770,-770,,,-654,,,,
2024-04-07,Austin Hays,/mlb/props/austin-hays/,BAL at PIT,CWS,"LF,DH",0.5,+320,+335,+320,+320,+330,,,+280,+335,+335,,,+300,,,,,-500,-450,-500,-450,-500,,,-525,-590,-590,,,-479,,,,
2024-04-07,Andrew McCutchen,/mlb/props/andrew-mccutchen/,BAL at PIT,FA,"LF,RF,DH",0.5,+380,+380,+345,+375,+380,,,+320,+375,+375,,,+345,,,,,-600,-550,-650,-550,-650,,,-650,-670,-670,,,-579,,,,
2024-04-07,Adley Rutschman,/mlb/props/adley-rutschman/,BAL at PIT,BAL,"C,DH",0.5,+240,+285,+230,+230,+230,,,+210,+285,+285,,,+213,,,,,-340,-310,-350,-310,-330,,,-350,-455,-455,,,-314,,,,
2024-04-07,Ryan Mountcastle,/mlb/props/ryan-mountcastle/,BAL at PIT,BAL,"1B,DH",0.5,+240,+260,+235,+235,+240,,,+225,+260,+260,,,+213,,,,,-340,-314,-340,-320,-340,,,-375,-420,-420,,,-314,,,,
2024-04-07,Ke'Bryan Hayes,/mlb/props/kebryan-hayes/,BAL at PIT,CIN,3B,0.5,+320,+350,+320,+320,+330,,,+300,+350,+350,,,+300,,,,,-500,-450,-525,-450,-525,,,-550,-590,-590,,,-479,,,,
2024-04-07,Jorge Mateo,/mlb/props/jorge-mateo/,BAL at PIT,ATL,"2B,SS,CF,DH",0.5,+330,+360,+334,+350,+360,,,+320,,,,,+334,,,,,-525,-500,-554,-500,-575,,,-600,,,,,-554,,,,
2024-04-07,Anthony Santander,/mlb/props/anthony-santander/,BAL at PIT,TOR,"LF,RF,DH",0.5,+255,+260,+236,+260,+255,,,+230,,,,,+236,,,,,-370,-350,-370,-350,-370,,,-400,,,,,-354,,,,
2024-04-07,Jared Triolo,/mlb/props/jared-triolo/,BAL at PIT,PIT,"1B,2B,3B,SS",0.5,+450,+475,+395,+475,+475,,,+380,,,,,+395,,,,,-800,-704,-750,-750,-800,,,-800,,,,,-704,,,,
2024-04-07,James McCann,/mlb/props/james-mccann/,BAL at PIT,ARI,C,0.5,+310,+310,+287,+310,+300,,,+270,,,,,+287,,,,,-475,-425,-454,-425,-450,,,-500,,,,,-454,,,,
2024-04-07,Jack Suwinski,/mlb/props/jack-suwinski/,BAL at PIT,LAD,"LF,CF,RF",0.5,+360,+375,+360,+375,+360,,,+320,+370,+370,,,+334,,,,,-575,-550,-575,-550,-575,,,-600,-670,-670,,,-554,,,,
2024-04-07,Gunnar Henderson,/mlb/props/gunnar-henderson/,BAL at PIT,BAL,"SS,DH",0.5,+320,+310,+287,+310,+310,,,+270,+275,+275,,,+287,,,,,-475,-425,-454,-425,-475,,,-500,-435,-435,,,-454,,,,
2024-04-07,Edward Olivares,/mlb/props/edward-olivares/,BAL at PIT,FA,"LF,RF",0.5,+320,+375,+360,+375,+360,,,+320,,,,,+334,,,,,-650,-550,-575,-550,-575,,,-600,,,,,-554,,,,
2024-04-07,Ramon Urias,/mlb/props/ramon-urias/,BAL at PIT,STL,"2B,3B",0.5,+340,+350,+330,+350,+330,,,+300,,,,,+311,,,,,-525,-500,-525,-500,-525,,,-550,,,,,-504,,,,
2024-04-07,Connor Joe,/mlb/props/connor-joe/,BAL at PIT,SEA,"LF,RF",0.5,+300,+350,+340,+350,+340,,,+320,,,,,+311,,,,,-550,-500,-550,-500,-550,,,-600,,,,,-504,,,,
2024-04-07,Jordan Westburg,/mlb/props/jordan-westburg/,BAL at PIT,BAL,"2B,3B",0.5,+310,+325,+310,+320,+310,,,+280,+325,+325,,,+275,,,,,-475,-429,-475,-450,-475,,,-525,-560,-560,,,-429,,,,
2024-04-07,Oneil Cruz,/mlb/props/oneil-cruz-3b/,BAL at PIT,PIT,"CF,DH",0.5,+310,+320,+295,+300,+295,,,+270,+320,+320,,,+262,,,,,-475,-400,-450,-400,-450,,,-500,-530,-530,,,-404,,,,
2024-04-07,Bryan Reynolds,/mlb/props/bryan-reynolds/,BAL at PIT,PIT,"LF,CF,RF,DH",0.5,+295,+320,+280,+290,+280,,,+260,+320,+320,,,+252,,,,,-450,-384,-425,-390,-425,,,-450,-530,-530,,,-384,,,,
2024-04-07,Rowdy Tellez,/mlb/props/rowdy-tellez/,BAL at PIT,ATL,1B,0.5,+450,+450,+386,+450,+450,,,+380,+380,+380,,,+386,,,,,-800,-679,-715,-700,-750,,,-800,-715,-715,,,-679,,,,
2024-04-07,Michael A. Taylor,/mlb/props/michael-taylor/,BAL at PIT,FA,"LF,CF,RF",0.5,+500,+464,+464,+550,+550,,,+450,,,,,+464,,,,,-1000,-900,-904,-900,-1000,,,-1000,,,,,-904,,,,
2024-04-07,Orlando Arcia,/mlb/props/orlando-arcia/,ARI at ATL,MIN,"1B,2B,3B,SS",0.5,+290,+400,+310,+310,+310,,,+270,+400,+400,,,+275,,,,,-425,-425,-500,-425,-475,,,-500,-715,-715,,,-429,,,,
2024-04-07,Michael Harris II,/mlb/props/michael-harris/,ARI at ATL,ATL,CF,0.5,+320,+340,+320,+320,+320,,,+280,+340,+340,,,+275,,,,,-500,-429,-500,-450,-500,,,-525,-590,-590,,,-429,,,,
2024-04-07,Tucker Barnhart,/mlb/props/tucker-barnhart/,ARI at ATL,FA,C,0.5,+700,+500,+572,+700,+700,,,+500,,,,,+572,,,,,-1600,-1200,-1401,-1200,-1600,,,-1400,,,,,-1304,,,,
2024-04-07,Christian Walker,/mlb/props/christian-walker/,ARI at ATL,HOU,1B,0.5,+360,+400,+370,+375,+370,,,+320,+400,+400,,,+323,,,,,-575,-529,-600,-550,-600,,,-650,-715,-715,,,-529,,,,
2024-04-07,Gabriel Moreno,/mlb/props/gabriel-moreno/,ARI at ATL,ARI,C,0.5,+400,+450,+400,+400,+400,,,+350,+450,+450,,,+345,,,,,-650,-579,-650,-600,-650,,,-700,-910,-910,,,-579,,,,
2024-04-07,Blaze Alexander,/mlb/props/blaze-alexander/,ARI at ATL,BAL,"2B,3B,SS,LF,CF",0.5,+425,+450,+450,+450,+450,,,,,,,,+395,,,,,-700,-700,-704,-700,-750,,,,,,,,-704,,,,
2024-04-07,Austin Riley,/mlb/props/austin-riley/,ARI at ATL,ATL,3B,0.5,+210,+225,+220,+225,+220,,,+200,,,,,+202,,,,,-295,-294,-300,-300,-310,,,-300,,,,,-294,,,,
2024-04-07,Corbin Carroll,/mlb/props/corbin-carroll-of/,ARI at ATL,ARI,"CF,RF",0.5,+450,+475,+420,+475,+450,,,+380,+420,+420,,,+414,,,,,-800,-750,-800,-750,-800,,,-800,-835,-835,,,-754,,,,
2024-04-07,Eugenio Suarez,/mlb/props/eugenio-suarez/,ARI at ATL,CIN,"3B,DH",0.5,+450,+475,+440,+475,+475,,,+400,+440,+440,,,+414,,,,,-800,-750,-800,-750,-800,,,-900,-835,-835,,,-754,,,,
2024-04-07,Marcell Ozuna,/mlb/props/marcell-ozuna/,ARI at ATL,PIT,DH,0.5,+245,+260,+236,+260,+260,,,+230,,,,,+236,,,,,-350,-350,-380,-350,-380,,,-400,,,,,-354,,,,
2024-04-07,Jake McCarthy,/mlb/props/jake-mccarthy/,ARI at ATL,COL,"LF,CF,RF",0.5,+600,+495,+495,,+600,,,,,,,,+495,,,,,-1200,-1004,-1200,,-1200,,,,,,,,-1004,,,,
2024-04-07,Ketel Marte,/mlb/props/ketel-marte/,ARI at ATL,ARI,"2B,DH",0.5,+285,+310,+290,+300,+290,,,+260,+310,+310,,,+262,,,,,-425,-400,-425,-400,-425,,,-450,-500,-500,,,-404,,,,
2024-04-07,Chadwick Tromp,/mlb/props/chadwick-tromp/,ARI at ATL,BAL,C,0.5,+400,+380,+334,+375,+380,,,+320,,,,,+334,,,,,-650,-550,-554,-550,-650,,,-650,,,,,-554,,,,
2024-04-07,Lourdes Gurriel Jr.,/mlb/props/lourdes-gurriel-jr/,ARI at ATL,ARI,"LF,DH",0.5,+300,+330,+300,+310,+300,,,+270,+330,+330,,,+275,,,,,-450,-425,-450,-425,-450,,,-500,-560,-560,,,-429,,,,
2024-04-07,Geraldo Perdomo,/mlb/props/geraldo-perdomo/,ARI at ATL,ARI,SS,0.5,+600,+500,+600,+650,+600,,,+500,,,,,+522,,,,,-1200,-1100,-1104,-1100,-1200,,,-1200,,,,,-1104,,,,
2024-04-07,Randal Grichuk,/mlb/props/randal-grichuk/,ARI at ATL,CWS,"LF,RF,DH",0.5,+340,+350,+323,+350,+340,,,+300,,,,,+323,,,,,-525,-500,-525,-500,-525,,,-550,,,,,-529,,,,
2024-04-07,Matt Olson,/mlb/props/matt-olson/,ARI at ATL,ATL,1B,0.5,+380,+380,+345,+375,+380,,,+320,+320,+320,,,+345,,,,,-600,-530,-579,-550,-600,,,-650,-530,-530,,,-579,,,,
2024-04-07,Kevin Newman,/mlb/props/kevin-newman/,ARI at ATL,KC,"1B,2B,3B,SS",0.5,+425,+425,+376,+425,+425,,,+360,,,,,+376,,,,,-750,-650,-654,-650,-750,,,-750,,,,,-654,,,,
2024-04-07,Ozzie Albies,/mlb/props/ozhaino-albies/,ARI at ATL,ATL,2B,0.5,+300,+325,+300,+310,+300,,,+270,+325,+325,,,+275,,,,,-475,-425,-450,-425,-450,,,-500,-560,-560,,,-429,,,,
2024-04-07,Travis d'Arnaud,/mlb/props/travis-darnaud/,ARI at ATL,LAA,C,0.5,+255,+300,+280,+300,+280,,,+260,,,,,+262,,,,,-370,-400,-425,-400,-425,,,-450,,,,,-404,,,,
2024-04-07,Jarred Kelenic,/mlb/props/jarred-kelenic/,ARI at ATL,TEX,"LF,CF,RF",0.5,+450,+400,+376,+400,+400,,,+350,,,,,+376,,,,,-800,-600,-654,-600,-700,,,-700,,,,,-654,,,,
2024-04-07,Ronald Acuna Jr.,/mlb/props/ronald-acuna/,ARI at ATL,ATL,RF,0.5,+185,+225,+195,+200,+195,,,+180,+225,+225,,,+178,,,,,-255,-250,-265,-250,-265,,,-260,-345,-345,,,-254,,,,
2024-04-07,Trea Turner,/mlb/props/trea-turner/,PHI at WSH,PHI,SS,0.5,+300,+320,+285,+300,+285,,,+260,+320,+320,,,+262,,,,,-450,-400,-450,-400,-425,,,-450,-530,-530,,,-404,,,,
2024-04-07,Bryce Harper,/mlb/props/bryce-harper/,PHI at WSH,PHI,"1B,DH",0.5,+400,+400,+375,+400,+400,,,+350,+375,+375,,,+355,,,,,-700,-600,-650,-600,-650,,,-700,-670,-670,,,-604,,,,
2024-04-07,Johan Rojas,/mlb/props/johan-rojas/,PHI at WSH,PHI,CF,0.5,+500,+475,+448,+475,+475,,,+400,,,,,+448,,,,,-1000,-750,-854,-750,-900,,,-900,,,,,-854,,,,
2024-04-07,Joey Gallo,/mlb/props/joey-gallo/,PHI at WSH,FA,"1B,LF,CF,RF",0.5,+700,+550,+594,+750,+700,,,+550,+575,+575,,,+594,,,,,-1800,-1400,-1600,-1400,-1800,,,-1600,-1430,-1430,,,-1404,,,,
2024-04-07,Ildemaro Vargas,/mlb/props/ildemaro-vargas/,PHI at WSH,ARI,"1B,2B",0.5,+400,+500,+400,+400,+400,,,+350,+500,+500,,,+366,,,,,-700,-600,-700,-600,-650,,,-700,-1000,-1000,,,-629,,,,
2024-04-07,Riley Adams,/mlb/props/riley-adams/,PHI at WSH,WSH,C,0.5,+350,+460,+400,+400,+400,,,+350,+460,+460,,,+366,,,,,-700,-600,-700,-600,-700,,,-700,-910,-910,,,-629,,,,
2024-04-07,Trey Lipscomb,/mlb/props/trey-lipscomb/,PHI at WSH,WSH,3B,0.5,+500,+500,+500,+500,+500,,,+450,+575,+575,,,+431,,,,,-900,-800,-900,-800,-900,,,-1000,-1430,-1430,,,-804,,,,
2024-04-07,Keibert Ruiz,/mlb/props/keibert-ruiz/,PHI at WSH,WSH,C,0.5,+380,+450,+375,+375,+360,,,+320,+450,+450,,,+334,,,,,-650,-550,-600,-550,-575,,,-600,-910,-910,,,-554,,,,
2024-04-07,Alec Bohm,/mlb/props/alec-bohm/,PHI at WSH,PHI,"1B,3B",0.5,+310,+370,+300,+310,+300,,,+270,+370,+370,,,+275,,,,,-475,-425,-500,-425,-450,,,-500,-670,-670,,,-429,,,,
2024-04-07,Edmundo Sosa,/mlb/props/edmundo-sosa/,PHI at WSH,PHI,"2B,3B,SS,LF",0.5,+390,+400,+350,+400,+400,,,+350,,,,,+345,,,,,-650,-579,-650,-600,-650,,,-700,,,,,-579,,,,
2024-04-07,Bryson Stott,/mlb/props/bryson-stott-ss/,PHI at WSH,PHI,"2B,SS",0.5,+425,+480,+400,+400,+390,,,+350,+480,+480,,,+366,,,,,-750,-600,-700,-600,-650,,,-700,-1000,-1000,,,-629,,,,
2024-04-07,Lane Thomas,/mlb/props/lane-thomas/,PHI at WSH,KC,"LF,CF,RF",0.5,+340,+400,+350,+350,+350,,,+320,+400,+400,,,+300,,,,,-550,-479,-550,-500,-550,,,-600,-715,-715,,,-479,,,,
2024-04-07,Whit Merrifield,/mlb/props/whit-merrifield/,PHI at WSH,FA,"2B,3B,LF",0.5,+360,+350,+340,+350,+340,,,+300,,,,,+300,,,,,-575,-479,-500,-500,-525,,,-550,,,,,-479,,,,
2024-04-07,Nasim Nunez,/mlb/props/nasim-nunez/,PHI at WSH,WSH,"2B,SS",0.5,+600,+500,+600,+650,+600,,,+500,,,,,+522,,,,,-1200,-1100,-1200,-1100,-1400,,,-1200,,,,,-1104,,,,
2024-04-07,Jesse Winker,/mlb/props/jesse-winker/,PHI at WSH,FA,"LF,RF,DH",0.5,+700,+500,+650,+650,+650,,,+500,+650,+650,,,+548,,,,,-1600,-1100,-1401,-1100,-1400,,,-1400,-1667,-1667,,,-1204,,,,
2024-04-07,Cristian Pache,/mlb/props/cristian-pache/,PHI at WSH,NYM,"LF,CF",0.5,+550,+480,+480,+550,+550,,,+450,,,,,+480,,,,,-1100,-900,-954,-900,-1000,,,-1000,,,,,-954,,,,
2024-04-07,Joey Meneses,/mlb/props/joey-meneses/,PHI at WSH,ATH,1B,0.5,+370,+410,+370,+375,+370,,,+320,+410,+410,,,+323,,,,,-600,-529,-600,-550,-600,,,-650,-770,-770,,,-529,,,,
2024-04-07,Nick Castellanos,/mlb/props/nick-castellanos/,PHI at WSH,FA,"RF,DH",0.5,+360,+390,+340,+350,+340,,,+300,+390,+390,,,+300,,,,,-575,-479,-550,-500,-550,,,-550,-715,-715,,,-479,,,,
2024-04-07,Jacob Young,/mlb/props/jacob-young/,PHI at WSH,WSH,CF,0.5,+550,+475,+450,+450,+450,,,,+475,+475,,,+395,,,,,-1100,-700,-800,-700,-800,,,,-1000,-1000,,,-704,,,,
2024-04-07,Luis Garcia,/mlb/props/luis-garcia-2b/,PHI at WSH,WSH,"1B,2B,DH",0.5,+500,+500,+600,+650,+600,,,+500,,,,,+548,,,,,-1400,-1100,-1203,-1100,-1400,,,-1200,,,,,-1204,,,,
2024-04-07,J.T. Realmuto,/mlb/props/jt-realmuto/,PHI at WSH,PHI,C,0.5,+350,+390,+340,+350,+340,,,+300,+390,+390,,,+311,,,,,-550,-500,-550,-500,-525,,,-550,-715,-715,,,-504,,,,
2024-04-07,Kyle Schwarber,/mlb/props/kyle-schwarber/,PHI at WSH,PHI,"LF,DH",0.5,+500,+450,+450,+550,+550,,,+450,+440,+440,,,+448,,,,,-1000,-835,-900,-900,-1000,,,-1000,-835,-835,,,-854,,,,
2024-04-07,Brett Baty,/mlb/props/brett-baty/,NYM at CIN,NYM,"1B,2B,3B,RF",0.5,+500,+500,+500,+525,+500,,,+450,,,,,+464,,,,,-1000,-850,-904,-850,-1000,,,-1000,,,,,-904,,,,
2024-04-07,Tyrone Taylor,/mlb/props/tyrone-taylor/,NYM at CIN,NYM,"LF,CF,RF",0.5,+350,+480,+375,+375,+360,,,+320,+480,+480,,,+323,,,,,-550,-529,-600,-550,-575,,,-600,-1000,-1000,,,-529,,,,
2024-04-07,Bubba Thompson,/mlb/props/bubba-thompson/,NYM at CIN,FA,"LF,CF",0.5,+500,+500,+500,+525,+500,,,+450,,,,,+464,,,,,-1000,-850,-904,-850,-1000,,,-1000,,,,,-904,,,,
2024-04-07,Jeimer Candelario,/mlb/props/jeimer-candelario/,NYM at CIN,LAA,"1B,3B",0.5,+350,+475,+350,+350,+350,,,+320,+475,+475,,,+311,,,,,-550,-500,-600,-500,-550,,,-600,-1000,-1000,,,-504,,,,
2024-04-07,Pete Alonso,/mlb/props/peter-alonso/,NYM at CIN,BAL,"1B,DH",0.5,+370,+420,+360,+375,+360,,,+320,+420,+420,,,+323,,,,,-600,-529,-600,-550,-575,,,-600,-770,-770,,,-529,,,,
2024-04-07,Harrison Bader,/mlb/props/harrison-bader/,NYM at CIN,SF,"LF,CF,RF",0.5,+380,+380,+355,+375,+380,,,+320,,,,,+355,,,,,-600,-550,-600,-550,-600,,,-650,,,,,-604,,,,
2024-04-07,Santiago Espinal,/mlb/props/santiago-espinal/,NYM at CIN,FA,"2B,3B,LF,RF",0.5,+350,+500,+350,+350,+350,,,+320,+500,+500,,,+323,,,,,-550,-500,-600,-500,-550,,,-600,-1000,-1000,,,-529,,,,
2024-04-07,Stuart Fairchild,/mlb/props/stuart-fairchild/,NYM at CIN,CLE,"LF,CF,RF",0.5,+425,+425,+425,+425,+425,,,+360,+650,+650,,,+376,,,,,-700,-650,-750,-650,-700,,,-750,-1667,-1667,,,-654,,,,
2024-04-07,Elly De La Cruz,/mlb/props/elly-de-la-cruz/,NYM at CIN,CIN,SS,0.5,+425,+425,+425,+425,+425,,,+360,+650,+650,,,+376,,,,,-750,-650,-750,-650,-750,,,-750,-1667,-1667,,,-654,,,,
2024-04-07,Zack Short,/mlb/props/zachary-short/,NYM at CIN,NYM,SS,0.5,+500,+500,+500,+525,+500,,,+450,,,,,+448,,,,,-1000,-850,-854,-850,-1000,,,-1000,,,,,-854,,,,
2024-04-07,Brandon Nimmo,/mlb/props/brandon-nimmo/,NYM at CIN,TEX,"LF,CF,RF,DH",0.5,+360,+410,+350,+350,+360,,,+320,+410,+410,,,+334,,,,,-575,-500,-600,-500,-575,,,-600,-770,-770,,,-554,,,,
2024-04-07,Francisco Alvarez,/mlb/props/francisco-alvarez/,NYM at CIN,NYM,"C,DH",0.5,+400,+460,+425,+425,+425,,,+360,+460,+460,,,+355,,,,,-650,-604,-700,-650,-700,,,-750,-910,-910,,,-604,,,,
2024-04-07,Christian Encarnacion-Strand,/mlb/props/christian-encarnacion-strand/,NYM at CIN,BAL,"1B,3B",0.5,+320,+430,+330,+320,+330,,,+300,+430,+430,,,+287,,,,,-500,-450,-550,-450,-500,,,-550,-835,-835,,,-454,,,,
2024-04-07,Spencer Steer,/mlb/props/spencer-steer/,NYM at CIN,CIN,"1B,2B,LF,RF",0.5,+275,+400,+290,+290,+280,,,+260,+400,+400,,,+247,,,,,-400,-374,-450,-390,-425,,,-450,-770,-770,,,-374,,,,
2024-04-07,Francisco Lindor,/mlb/props/francisco-lindor/,NYM at CIN,NYM,SS,0.5,+290,+370,+300,+310,+300,,,+270,+370,+370,,,+262,,,,,-425,-404,-500,-425,-450,,,-500,-670,-670,,,-404,,,,
2024-04-07,Luke Maile,/mlb/props/luke-maile/,NYM at CIN,KC,C,0.5,+450,+425,+400,+425,+400,,,+360,,,,,+366,,,,,-800,-629,-700,-650,-700,,,-750,,,,,-629,,,,
2024-04-07,Will Benson,/mlb/props/will-benson/,NYM at CIN,CIN,"LF,CF,RF",0.5,+650,+500,+600,+650,+600,,,+500,,,,,+522,,,,,-1400,-1100,-1104,-1100,-1200,,,-1200,,,,,-1104,,,,
2024-04-07,Jonathan India,/mlb/props/jonathan-india/,NYM at CIN,KC,"2B,3B,LF,DH",0.5,+350,+460,+350,+350,+340,,,+320,+460,+460,,,+323,,,,,-550,-500,-600,-500,-550,,,-600,-910,-910,,,-529,,,,
2024-04-07,Starling Marte,/mlb/props/starling-marte/,NYM at CIN,KC,"LF,RF,DH",0.5,+425,+475,+400,+400,+400,,,+350,+475,+475,,,+366,,,,,-750,-600,-700,-600,-650,,,-700,-910,-910,,,-629,,,,
2024-04-07,Jeff McNeil,/mlb/props/jeff-mcneil/,NYM at CIN,ATH,"2B,LF,CF,RF",0.5,+450,+475,+450,+475,+450,,,+380,+550,+550,,,+414,,,,,-750,-750,-800,-750,-800,,,-800,-1250,-1250,,,-754,,,,
2024-04-07,Shea Langeliers,/mlb/props/shea-langeliers/,ATH at DET,ATH,"C,DH",0.5,+450,+480,+450,+450,+450,,,+380,+480,+480,,,+395,,,,,-800,-700,-800,-700,-800,,,-800,-1000,-1000,,,-704,,,,
2024-04-07,Gio Urshela,/mlb/props/giovanny-urshela/,ATH at DET,FA,3B,0.5,+360,+360,+350,+350,+350,,,+320,+360,+360,,,+334,,,,,-575,-500,-575,-500,-575,,,-600,-625,-625,,,-554,,,,
2024-04-07,Zach McKinstry,/mlb/props/zach-mckinstry/,ATH at DET,DET,"2B,3B,SS,LF,RF",0.5,+475,+475,+414,+475,+475,,,+400,,,,,+414,,,,,-800,-750,-754,-750,-900,,,-900,,,,,-754,,,,
2024-04-07,JJ Bleday,/mlb/props/jj-bleday/,ATH at DET,CIN,"LF,CF,RF,DH",0.5,+450,+475,+475,+475,+475,,,+380,+475,+475,,,+395,,,,,-800,-704,-800,-750,-800,,,-800,-1000,-1000,,,-704,,,,
2024-04-07,Lawrence Butler,/mlb/props/lawrence-butler/,ATH at DET,ATH,"CF,RF",0.5,+550,+480,+550,+600,+550,,,+450,,,,,+480,,,,,-1100,-954,-1000,-1000,-1100,,,-1100,,,,,-954,,,,
2024-04-07,Mark Canha,/mlb/props/mark-canha/,ATH at DET,FA,"LF,RF",0.5,+360,+380,+370,+375,+380,,,+320,+370,+370,,,+323,,,,,-575,-529,-600,-550,-600,,,-650,-670,-670,,,-529,,,,
2024-04-07,Kerry Carpenter,/mlb/props/kerry-carpenter/,ATH at DET,DET,"LF,RF,DH",0.5,+380,+375,+370,+375,+370,,,+320,+370,+370,,,+334,,,,,-600,-550,-600,-550,-600,,,-650,-670,-670,,,-554,,,,
2024-04-07,Zack Gelof,/mlb/props/zack-gelof/,ATH at DET,ATH,"2B,3B,CF",0.5,+400,+425,+410,+425,+425,,,+360,+410,+410,,,+386,,,,,-700,-650,-750,-650,-750,,,-750,-770,-770,,,-679,,,,
2024-04-07,Spencer Torkelson,/mlb/props/spencer-torkelson-if/,ATH at DET,DET,1B,0.5,+370,+380,+330,+375,+380,,,+320,+330,+330,,,+323,,,,,-600,-529,-560,-550,-600,,,-650,-560,-560,,,-529,,,,
2024-04-07,Abraham Toro,/mlb/props/abraham-toro/,ATH at DET,KC,"1B,2B,3B",0.5,+350,+425,+366,+425,+425,,,+360,,,,,+366,,,,,-700,-629,-700,-650,-700,,,-750,,,,,-629,,,,
2024-04-07,J.D. Davis,/mlb/props/jd-davis/,ATH at DET,FA,"1B,3B",0.5,+450,+475,+475,+475,+475,,,+380,+475,+475,,,+395,,,,,-800,-704,-800,-750,-800,,,-800,-1000,-1000,,,-704,,,,
2024-04-07,Brent Rooker,/mlb/props/brent-rooker/,ATH at DET,ATH,"LF,RF,DH",0.5,+475,+475,+460,+475,+475,,,+400,+460,+460,,,+414,,,,,-900,-750,-900,-750,-900,,,-900,-910,-910,,,-754,,,,
2024-04-07,Nick Allen,/mlb/props/nick-allen-ss/,ATH at DET,HOU,"2B,3B,SS",0.5,+600,+500,+522,+600,+600,,,+500,,,,,+522,,,,,-1200,-1000,-1104,-1000,-1200,,,-1200,,,,,-1104,,,,
2024-04-07,Seth Brown,/mlb/props/seth-brown/,ATH at DET,FA,"1B,LF,CF,RF",0.5,+425,+475,+450,+450,+450,,,+380,+475,+475,,,+395,,,,,-750,-700,-750,-700,-750,,,-800,-910,-910,,,-704,,,,
2024-04-07,Carson Kelly,/mlb/props/carson-kelly/,ATH at DET,CHC,C,0.5,+475,+500,+431,+500,+475,,,+400,,,,,+431,,,,,-900,-800,-804,-800,-900,,,-900,,,,,-804,,,,
2024-04-07,Jake Rogers,/mlb/props/jake-rogers/,ATH at DET,DET,C,0.5,+600,+500,+522,+600,+600,,,+500,,,,,+522,,,,,-1200,-1000,-1104,-1000,-1200,,,-1200,,,,,-1104,,,,
2024-04-07,Colt Keith,/mlb/props/colt-keith/,ATH at DET,DET,"1B,2B,3B,DH",0.5,+425,+400,+390,+400,+400,,,+350,+390,+390,,,+366,,,,,-700,-600,-700,-600,-700,,,-700,-715,-715,,,-629,,,,
2024-04-07,Ryan Noda,/mlb/props/ryan-noda/,ATH at DET,BAL,1B,0.5,+475,+480,+480,+600,+550,,,+450,+460,+460,,,+480,,,,,-900,-910,-1000,-1000,-1100,,,-1100,-910,-910,,,-954,,,,
2024-04-07,Javier Baez,/mlb/props/javier-baez/,ATH at DET,DET,"2B,3B,SS,CF",0.5,+450,+450,+380,+450,+450,,,+380,,,,,+376,,,,,-750,-654,-700,-700,-750,,,-800,,,,,-654,,,,
2024-04-07,Riley Greene,/mlb/props/riley-greene-of/,ATH at DET,DET,"LF,CF,RF,DH",0.5,+450,+400,+360,+400,+400,,,+350,+360,+360,,,+355,,,,,-800,-600,-625,-600,-700,,,-700,-625,-625,,,-604,,,,
2024-04-07,Parker Meadows,/mlb/props/parker-meadows/,ATH at DET,DET,CF,0.5,+400,+425,+380,+425,+425,,,+360,+380,+380,,,+366,,,,,-700,-629,-700,-650,-700,,,-750,-715,-715,,,-629,,,,
2024-04-07,Josh Rojas,/mlb/props/josh-rojas/,SEA at MIL,KC,"2B,3B",0.5,+550,+475,+431,+475,+475,,,+400,,,,,+431,,,,,-1100,-750,-804,-750,-900,,,-900,,,,,-804,,,,
2024-04-07,Mitch Haniger,/mlb/props/mitch-haniger/,SEA at MIL,FA,RF,0.5,+425,+440,+400,+400,+400,,,+360,+440,+440,,,+386,,,,,-700,-600,-700,-600,-700,,,-750,-835,-835,,,-679,,,,
2024-04-07,Brice Turang,/mlb/props/brice-turang/,SEA at MIL,MIL,2B,0.5,+475,+475,+475,+475,+475,,,+400,+540,+540,,,+414,,,,,-900,-750,-900,-750,-900,,,-900,-1250,-1250,,,-754,,,,
2024-04-07,Rhys Hoskins,/mlb/props/rhys-hoskins/,SEA at MIL,CLE,"1B,DH",0.5,+450,+450,+410,+450,+450,,,+380,+410,+410,,,+395,,,,,-750,-700,-750,-700,-750,,,-800,-770,-770,,,-704,,,,
2024-04-07,Seby Zavala,/mlb/props/bernardo-zavala/,SEA at MIL,FA,C,0.5,+700,+550,+700,+750,+700,,,+550,,,,,+594,,,,,-1600,-1400,-1404,-1400,-1600,,,-1600,,,,,-1404,,,,
2024-04-07,William Contreras,/mlb/props/william-contreras/,SEA at MIL,MIL,"C,DH",0.5,+425,+400,+370,+400,+400,,,+350,+370,+370,,,+355,,,,,-700,-600,-650,-600,-650,,,-700,-670,-670,,,-604,,,,
2024-04-07,Mitch Garver,/mlb/props/mitch-garver/,SEA at MIL,SEA,"C,DH",0.5,+475,+475,+410,+475,+450,,,+380,+410,+410,,,+395,,,,,-800,-704,-770,-750,-800,,,-800,-770,-770,,,-704,,,,
2024-04-07,Christian Yelich,/mlb/props/christian-yelich/,SEA at MIL,MIL,"LF,DH",0.5,+350,+375,+360,+375,+360,,,+320,+360,+360,,,+323,,,,,-550,-529,-575,-550,-575,,,-600,-625,-625,,,-529,,,,
2024-04-07,Sal Frelick,/mlb/props/sal-frelick/,SEA at MIL,MIL,"LF,CF,RF",0.5,+475,+450,+450,+450,+450,,,+380,+510,+510,,,+395,,,,,-900,-700,-800,-700,-800,,,-800,-1115,-1115,,,-704,,,,
2024-04-07,J.P. Crawford,/mlb/props/jp-crawford/,SEA at MIL,SEA,"3B,SS",0.5,+425,+440,+400,+400,+400,,,+350,+440,+440,,,+366,,,,,-700,-600,-650,-600,-650,,,-700,-835,-835,,,-629,,,,
2024-04-07,Jorge Polanco,/mlb/props/jorge-polanco/,SEA at MIL,NYM,"2B,3B,DH",0.5,+380,+400,+390,+400,+390,,,+350,+390,+390,,,+345,,,,,-600,-579,-650,-600,-650,,,-700,-715,-715,,,-579,,,,
2024-04-07,Dylan Moore,/mlb/props/dylan-moore/,SEA at MIL,PHI,"1B,2B,3B,LF,RF",0.5,+650,+500,+600,+650,+600,,,+500,,,,,+548,,,,,-1400,-1100,-1203,-1100,-1400,,,-1200,,,,,-1204,,,,
2024-04-07,Julio Rodriguez,/mlb/props/julio-rodriguez-of/,SEA at MIL,SEA,CF,0.5,+360,+380,+345,+375,+380,,,+320,,,,,+345,,,,,-575,-550,-600,-550,-600,,,-650,,,,,-579,,,,
2024-04-07,Oliver Dunn,/mlb/props/oliver-dunn/,SEA at MIL,TB,3B,0.5,+500,+450,+390,+400,+390,,,+350,+450,+450,,,+355,,,,,-900,-600,-700,-600,-650,,,-700,-910,-910,,,-604,,,,
2024-04-07,Luke Raley,/mlb/props/lucas-raley/,SEA at MIL,SEA,"1B,LF,CF,RF",0.5,+500,+450,+430,+450,+450,,,+380,+430,+430,,,+395,,,,,-900,-700,-800,-700,-800,,,-800,-835,-835,,,-704,,,,
2024-04-07,Dominic Canzone,/mlb/props/dominic-canzone/,SEA at MIL,SEA,"LF,RF,DH",0.5,+425,+450,+386,+450,+450,,,+380,,,,,+386,,,,,-700,-679,-750,-700,-750,,,-800,,,,,-679,,,,
2024-04-07,Blake Perkins,/mlb/props/blake-perkins-of/,SEA at MIL,MIL,"LF,CF,RF",0.5,+600,+500,+522,+600,+600,,,+500,,,,,+522,,,,,-1200,-1000,-1104,-1000,-1200,,,-1200,,,,,-1104,,,,
2024-04-07,Jackson Chourio,/mlb/props/jackson-chourio/,SEA at MIL,MIL,"LF,CF,RF",0.5,+390,+475,+414,+475,+475,,,+400,,,,,+414,,,,,-650,-750,-754,-750,-900,,,-900,,,,,-754,,,,
2024-04-07,Cal Raleigh,/mlb/props/caleb-raleigh/,SEA at MIL,SEA,"C,DH",0.5,+425,+425,+400,+425,+425,,,+360,+400,+400,,,+395,,,,,-750,-650,-704,-650,-700,,,-750,-770,-770,,,-704,,,,
2024-04-07,Jake Bauers,/mlb/props/jake-bauers/,SEA at MIL,MIL,"1B,LF,RF",0.5,+450,+400,+366,+400,+400,,,+350,,,,,+366,,,,,-800,-600,-629,-600,-700,,,-700,,,,,-629,,,,
2024-04-07,Willy Adames,/mlb/props/willy-adames/,SEA at MIL,SF,SS,0.5,+400,+380,+355,+375,+380,,,+320,+375,+375,,,+355,,,,,-700,-550,-604,-550,-600,,,-650,-670,-670,,,-604,,,,
2024-04-07,Kevin Pillar,/mlb/props/kevin-pillar/,CWS at KC,FA,"LF,CF,RF",0.5,+400,+400,+366,+400,+390,,,+350,,,,,+366,,,,,-650,-600,-650,-600,-650,,,-700,,,,,-629,,,,
2024-04-07,Freddy Fermin,/mlb/props/freddy-fermin/,CWS at KC,SD,C,0.5,+450,+425,+376,+425,+425,,,+360,,,,,+376,,,,,-800,-650,-654,-650,-750,,,-750,,,,,-654,,,,
2024-04-07,Dominic Fletcher,/mlb/props/dominic-fletcher/,CWS at KC,PIT,"CF,RF",0.5,+340,+350,+335,+350,+340,,,+300,+335,+335,,,+311,,,,,-550,-500,-525,-500,-525,,,-550,-560,-560,,,-504,,,,
2024-04-07,Nicky Lopez,/mlb/props/nicky-lopez/,CWS at KC,TEX,"2B,3B,SS",0.5,+450,+400,+366,+400,+400,,,+360,+350,+350,,,+366,,,,,-800,-590,-629,-600,-700,,,-750,-590,-590,,,-629,,,,
2024-04-07,Bobby Witt Jr.,/mlb/props/bobby-witt-jr/,CWS at KC,KC,SS,0.5,+350,+350,+311,+350,+340,,,+300,+280,+280,,,+311,,,,,-550,-455,-504,-500,-525,,,-550,-455,-455,,,-504,,,,
2024-04-07,MJ Melendez,/mlb/props/mj-melendez/,CWS at KC,NYM,"LF,DH",0.5,+475,+425,+386,+425,+425,,,+360,,,,,+386,,,,,-800,-650,-679,-650,-750,,,-750,,,,,-679,,,,
2024-04-07,Gavin Sheets,/mlb/props/gavin-sheets/,CWS at KC,SD,"1B,LF,RF,DH",0.5,+340,+350,+330,+350,+330,,,+300,+350,+350,,,+300,,,,,-550,-479,-525,-500,-525,,,-550,-625,-625,,,-479,,,,
2024-04-07,Hunter Renfroe,/mlb/props/hunter-renfroe/,CWS at KC,FA,RF,0.5,+450,+450,+414,+450,+450,,,+380,+330,+330,,,+414,,,,,-800,-560,-700,-700,-800,,,-800,-560,-560,,,-754,,,,
2024-04-07,Martin Maldonado,/mlb/props/martin-maldonado/,CWS at KC,FA,C,0.5,+650,+495,+550,+600,+550,,,+450,,,,,+495,,,,,-1400,-1000,-1100,-1000,-1200,,,-1100,,,,,-1004,,,,
2024-04-07,Robbie Grossman,/mlb/props/robbie-grossman/,CWS at KC,FA,"LF,RF",0.5,+300,+310,+275,+310,+310,,,+270,,,,,+275,,,,,-450,-425,-475,-425,-475,,,-500,,,,,-429,,,,
2024-04-07,Yoan Moncada,/mlb/props/yoan-moncada/,CWS at KC,LAA,3B,0.5,+340,+350,+330,+350,+340,,,+300,+330,+330,,,+311,,,,,-525,-500,-525,-500,-525,,,-550,-560,-560,,,-504,,,,
2024-04-07,Garrett Hampson,/mlb/props/garrett-hampson/,CWS at KC,CIN,"2B,LF,CF",0.5,+650,+500,+510,+600,+600,,,+500,+510,+510,,,+495,,,,,-1400,-1000,-1115,-1000,-1200,,,-1200,-1115,-1115,,,-1004,,,,
2024-04-07,Nick Loftin,/mlb/props/nick-loftin/,CWS at KC,KC,"2B,3B,LF",0.5,+500,+475,+475,+475,+475,,,,,,,,+414,,,,,-1000,-750,-754,-750,-800,,,,,,,,-754,,,,
2024-04-07,Maikel Garcia,/mlb/props/maikel-garcia/,CWS at KC,KC,"2B,3B,SS,OF",0.5,+370,+375,+334,+375,+370,,,+320,+250,+250,,,+334,,,,,-600,-385,-550,-550,-600,,,-650,-385,-385,,,-554,,,,
2024-04-07,Vinnie Pasquantino,/mlb/props/vinnie-pasquantino/,CWS at KC,KC,"1B,DH",0.5,+400,+400,+366,+400,+400,,,+350,+320,+320,,,+366,,,,,-650,-530,-629,-600,-700,,,-700,-530,-530,,,-629,,,,
2024-04-07,Paul DeJong,/mlb/props/paul-dejong/,CWS at KC,FA,"2B,3B,SS",0.5,+475,+450,+414,+450,+450,,,+380,+350,+350,,,+414,,,,,-900,-625,-754,-700,-800,,,-800,-625,-625,,,-754,,,,
2024-04-07,Nelson Velazquez,/mlb/props/nelson-velazquez/,CWS at KC,STL,"LF,RF,DH",0.5,+500,+450,+414,+450,+450,,,+380,+320,+320,,,+414,,,,,-900,-530,-700,-700,-800,,,-800,-530,-530,,,-754,,,,
2024-04-07,Andrew Benintendi,/mlb/props/andrew-benintendi/,CWS at KC,CWS,"LF,DH",0.5,+285,+310,+300,+310,+300,,,+270,+310,+310,,,+275,,,,,-425,-425,-475,-425,-475,,,-500,-530,-530,,,-429,,,,
2024-04-07,Andrew Vaughn,/mlb/props/andrew-vaughn-1b/,CWS at KC,MIL,1B,0.5,+295,+320,+280,+320,+310,,,+280,+270,+270,,,+275,,,,,-450,-429,-450,-450,-475,,,-525,-435,-435,,,-429,,,,
2024-04-07,Braden Shewmake,/mlb/props/braden-shewmake/,CWS at KC,HOU,"2B,3B,SS",0.5,+380,+380,+345,+375,+380,,,+320,,,,,+345,,,,,-650,-550,-579,-550,-650,,,-650,,,,,-579,,,,
2024-04-07,Salvador Perez,/mlb/props/salvador-perez/,CWS at KC,KC,"C,1B,DH",0.5,+400,+380,+355,+375,+380,,,+320,+260,+260,,,+355,,,,,-650,-420,-550,-550,-600,,,-650,-420,-420,,,-604,,,,
2024-04-07,Victor Scott,/mlb/props/victor-scott/,MIA at STL,STL,CF,0.5,+370,+425,+425,+425,+425,,,+360,+425,+425,,,+355,,,,,-600,-604,-700,-650,-700,,,-750,-835,-835,,,-604,,,,
2024-04-07,Bryan De La Cruz,/mlb/props/bryan-de-la-cruz/,MIA at STL,PHI,LF,0.5,+390,+380,+375,+375,+380,,,+320,+380,+380,,,+334,,,,,-650,-550,-600,-550,-600,,,-650,-670,-670,,,-554,,,,
2024-04-07,Nolan Gorman,/mlb/props/nolan-gorman/,MIA at STL,STL,"2B,3B,DH",0.5,+400,+400,+355,+400,+400,,,+350,+330,+330,,,+355,,,,,-650,-560,-604,-600,-650,,,-700,-560,-560,,,-604,,,,
2024-04-07,Josh Bell,/mlb/props/josh-bell/,MIA at STL,MIN,"1B,DH",0.5,+300,+310,+287,+310,+300,,,+270,+280,+280,,,+287,,,,,-450,-425,-455,-425,-450,,,-500,-455,-455,,,-454,,,,
2024-04-07,Paul Goldschmidt,/mlb/props/paul-goldschmidt/,MIA at STL,NYY,"1B,DH",0.5,+400,+400,+366,+400,+400,,,+350,+350,+350,,,+366,,,,,-650,-600,-629,-600,-700,,,-700,-625,-625,,,-629,,,,
2024-04-07,Jesus Sanchez,/mlb/props/jesus-sanchez/,MIA at STL,TOR,"LF,CF,RF,DH",0.5,+380,+360,+350,+350,+350,,,+320,+360,+360,,,+323,,,,,-600,-500,-550,-500,-550,,,-600,-625,-625,,,-529,,,,
2024-04-07,Alec Burleson,/mlb/props/alec-burleson/,MIA at STL,STL,"1B,LF,RF,DH",0.5,+360,+320,+310,+320,+310,,,+280,,,,,+287,,,,,-575,-450,-475,-450,-475,,,-525,,,,,-454,,,,
2024-04-07,Nolan Arenado,/mlb/props/nolan-arenado/,MIA at STL,ARI,3B,0.5,+380,+400,+350,+400,+390,,,+350,+325,+325,,,+334,,,,,-600,-554,-600,-600,-650,,,-700,-560,-560,,,-554,,,,
2024-04-07,Luis Arraez,/mlb/props/luis-arraez/,MIA at STL,SF,"1B,2B,DH",0.5,+290,+300,+285,+300,+290,,,+260,+285,+285,,,+262,,,,,-425,-400,-450,-400,-450,,,-450,-455,-455,,,-404,,,,
2024-04-07,Tim Anderson,/mlb/props/tim-anderson/,MIA at STL,FA,"2B,SS",0.5,+475,+500,+431,+500,+500,,,+400,+400,+400,,,+431,,,,,-900,-715,-804,-800,-900,,,-900,-715,-715,,,-804,,,,
2024-04-07,Jazz Chisholm Jr.,/mlb/props/jasrado-chisholm/,MIA at STL,NYY,"2B,3B",0.5,+370,+375,+334,+375,+360,,,+320,+325,+325,,,+334,,,,,-600,-550,-560,-550,-575,,,-600,-560,-560,,,-554,,,,
2024-04-07,Willson Contreras,/mlb/props/willson-contreras/,MIA at STL,BOS,1B,0.5,+425,+425,+366,+425,+425,,,+360,+360,+360,,,+366,,,,,-700,-625,-650,-650,-700,,,-750,-625,-625,,,-629,,,,
2024-04-07,Ivan Herrera,/mlb/props/ivan-herrera/,MIA at STL,STL,"C,DH",0.5,+450,+450,+395,+450,+450,,,+380,,,,,+395,,,,,-800,-700,-704,-700,-800,,,-800,,,,,-704,,,,
2024-04-07,Christian Bethancourt,/mlb/props/christian-bethancourt/,MIA at STL,CHC,C,0.5,+550,+500,+500,+525,+500,,,+450,,,,,+464,,,,,-1000,-850,-904,-850,-1000,,,-1000,,,,,-904,,,,
2024-04-07,Jake Burger,/mlb/props/jake-burger-3b/,MIA at STL,TEX,1B,0.5,+380,+380,+355,+375,+380,,,+320,+350,+350,,,+355,,,,,-650,-550,-600,-550,-600,,,-650,-590,-590,,,-604,,,,
2024-04-07,Brendan Donovan,/mlb/props/brendan-donovan/,MIA at STL,SEA,"2B,3B,SS,LF",0.5,+300,+330,+300,+320,+330,,,+280,+300,+300,,,+287,,,,,-450,-450,-500,-450,-500,,,-525,-500,-500,,,-454,,,,
2024-04-07,Jordan Walker,/mlb/props/jordan-walker/,MIA at STL,STL,"LF,RF",0.5,+400,+425,+360,+425,+425,,,+360,+350,+350,,,+355,,,,,-700,-604,-650,-650,-700,,,-750,-625,-625,,,-604,,,,
2024-04-07,Nick Gordon,/mlb/props/nick-gordon/,MIA at STL,FA,"2B,LF,CF",0.5,+370,+375,+360,+375,+360,,,+320,,,,,+323,,,,,-600,-529,-575,-550,-575,,,-600,,,,,-529,,,,
2024-04-07,Masyn Winn,/mlb/props/masyn-winn-p/,MIA at STL,STL,SS,0.5,+550,+495,+495,+550,+550,,,+450,,,,,+495,,,,,-1100,-900,-1004,-900,-1100,,,-1100,,,,,-1004,,,,
2024-04-07,Enrique Hernandez,/mlb/props/enrique-hernandez/,LAD at CHC,LAD,"1B,2B,3B,LF",0.5,+450,+450,+400,+400,+400,,,+350,+450,+450,,,+355,,,,,-750,-600,-700,-600,-650,,,-700,-910,-910,,,-604,,,,
2024-04-07,Max Muncy,/mlb/props/max-muncy/,LAD at CHC,LAD,3B,0.5,+475,+450,+420,+450,+450,,,+400,+420,+420,,,+395,,,,,-900,-700,-770,-700,-800,,,-900,-770,-770,,,-704,,,,
2024-04-07,Michael Busch,/mlb/props/michael-busch-2b/,LAD at CHC,CHC,1B,0.5,+450,+500,+425,+425,+425,,,+360,+500,+500,,,+386,,,,,-800,-650,-750,-650,-750,,,-750,-1115,-1115,,,-679,,,,
2024-04-07,Shohei Ohtani,/mlb/props/shohei-ohtani/,LAD at CHC,LAD,"SP,DH",0.5,+425,+375,+334,+375,+370,,,+320,+325,+325,,,+334,,,,,-700,-550,-600,-550,-600,,,-650,-560,-560,,,-554,,,,
2024-04-07,Teoscar Hernandez,/mlb/props/teoscar-hernandez/,LAD at CHC,LAD,"LF,RF",0.5,+425,+425,+376,+425,+425,,,+360,+350,+350,,,+376,,,,,-750,-625,-654,-650,-700,,,-750,-625,-625,,,-654,,,,
2024-04-07,Will Smith,/mlb/props/will-smith-c/,LAD at CHC,LAD,C,0.5,+360,+390,+340,+350,+340,,,+300,+390,+390,,,+323,,,,,-575,-500,-550,-500,-525,,,-550,-715,-715,,,-529,,,,
2024-04-07,Miguel Rojas,/mlb/props/miguel-rojas/,LAD at CHC,LAD,"2B,3B,SS",0.5,+475,+450,+395,+450,+450,,,+380,,,,,+395,,,,,-900,-700,-704,-700,-800,,,-800,,,,,-704,,,,
2024-04-07,Mookie Betts,/mlb/props/mookie-betts/,LAD at CHC,LAD,SS,0.5,+320,+325,+300,+310,+300,,,+270,+325,+325,,,+275,,,,,-500,-425,-450,-425,-450,,,-500,-560,-560,,,-429,,,,
2024-04-07,Cody Bellinger,/mlb/props/cody-bellinger/,LAD at CHC,NYY,"LF,CF,RF",0.5,+360,+390,+360,+375,+360,,,+320,+390,+390,,,+323,,,,,-575,-529,-575,-550,-575,,,-650,-715,-715,,,-529,,,,
2024-04-07,Freddie Freeman,/mlb/props/freddie-freeman/,LAD at CHC,LAD,1B,0.5,+370,+360,+320,+320,+320,,,+280,+360,+360,,,+287,,,,,-600,-450,-500,-450,-500,,,-525,-625,-625,,,-454,,,,
2024-04-07,Mike Tauchman,/mlb/props/mike-tauchman/,LAD at CHC,NYM,"LF,CF,RF",0.5,+550,+500,+500,+600,+600,,,+500,,,,,+495,,,,,-1100,-1000,-1004,-1000,-1200,,,-1200,,,,,-1004,,,,
2024-04-07,Christopher Morel,/mlb/props/christopher-morel/,LAD at CHC,MIA,"1B,LF,DH",0.5,+450,+450,+410,+450,+450,,,+380,+410,+410,,,+376,,,,,-800,-654,-770,-700,-800,,,-800,-770,-770,,,-654,,,,
2024-04-07,Ian Happ,/mlb/props/ian-happ/,LAD at CHC,CHC,LF,0.5,+390,+400,+390,+400,+390,,,+350,,,,,+355,,,,,-650,-600,-650,-600,-650,,,-700,,,,,-604,,,,
2024-04-07,Gavin Lux,/mlb/props/gavin-lux/,LAD at CHC,TB,"2B,3B,LF,DH",0.5,+500,+500,+448,+500,+500,,,+400,,,,,+448,,,,,-1000,-800,-854,-800,-900,,,-900,,,,,-854,,,,
2024-04-07,Nico Hoerner,/mlb/props/nico-hoerner/,LAD at CHC,CHC,"2B,SS",0.5,+425,+500,+400,+425,+400,,,+360,+500,+500,,,+376,,,,,-750,-650,-750,-650,-700,,,-750,-1000,-1000,,,-654,,,,
2024-04-07,Miguel Amaya,/mlb/props/miguel-amaya-c/,LAD at CHC,CHC,"C,DH",0.5,+600,+500,+522,+600,+600,,,+500,,,,,+522,,,,,-1200,-1000,-1104,-1000,-1200,,,-1200,,,,,-1104,,,,
2024-04-07,Seiya Suzuki,/mlb/props/seiya-suzuki/,LAD at CHC,CHC,"LF,RF,DH",0.5,+360,+375,+360,+375,+360,,,+320,+375,+375,,,+311,,,,,-575,-504,-575,-550,-575,,,-600,-670,-670,,,-504,,,,
2024-04-07,Dansby Swanson,/mlb/props/dansby-swanson/,LAD at CHC,CHC,SS,0.5,+390,+425,+400,+400,+400,,,+360,+425,+425,,,+355,,,,,-650,-600,-650,-600,-650,,,-750,-835,-835,,,-604,,,,
2024-04-07,Chris Taylor,/mlb/props/chris-taylor/,LAD at CHC,FA,"2B,LF,CF,RF",0.5,+550,+495,+495,+550,+550,,,+450,,,,,+495,,,,,-1200,-900,-1004,-900,-1100,,,-1100,,,,,-1004,,,,
2024-04-07,Ryan McMahon,/mlb/props/ryan-mcmahon/,TB at COL,NYY,3B,0.5,+280,+350,+280,+280,+275,,,+240,+350,+350,,,+262,,,,,-425,-380,-425,-380,-400,,,-425,-625,-625,,,-404,,,,
2024-04-07,Brenton Doyle,/mlb/props/brenton-doyle/,TB at COL,COL,CF,0.5,+340,+410,+330,+350,+330,,,+300,+410,+410,,,+300,,,,,-525,-479,-550,-500,-525,,,-550,-770,-770,,,-479,,,,
2024-04-07,Yandy Diaz,/mlb/props/yandy-diaz/,TB at COL,TB,"1B,DH",0.5,+240,+260,+225,+230,+225,,,+200,+260,+260,,,+213,,,,,-350,-300,-320,-310,-320,,,-300,-420,-420,,,-314,,,,
2024-04-07,Nolan Jones,/mlb/props/nolan-jones-3b/,TB at COL,CWS,"LF,CF,RF",0.5,+295,+370,+300,+300,+285,,,+260,+370,+370,,,+262,,,,,-450,-400,-450,-400,-425,,,-450,-670,-670,,,-404,,,,
2024-04-07,Harold Ramirez,/mlb/props/harold-ramirez-of/,TB at COL,FA,"LF,RF,DH",0.5,+280,+260,+250,+250,+250,,,+225,+260,+260,,,+236,,,,,-425,-340,-360,-340,-360,,,-375,-400,-400,,,-354,,,,
2024-04-07,Austin Shenton,/mlb/props/austin-shenton/,TB at COL,FA,1B,0.5,+260,+265,+247,+265,+260,,,+230,,,,,+247,,,,,-380,-360,-380,-360,-380,,,-400,,,,,-374,,,,
2024-04-07,Kris Bryant,/mlb/props/kris-bryant/,TB at COL,COL,DH,0.5,+300,+380,+310,+310,+300,,,+270,+380,+380,,,+287,,,,,-450,-425,-500,-425,-450,,,-500,-670,-670,,,-454,,,,
2024-04-07,Michael Toglia,/mlb/props/mike-toglia/,TB at COL,CIN,1B,0.5,+280,+375,+300,+300,+285,,,+260,+375,+375,,,+262,,,,,-425,-400,-450,-400,-425,,,-450,-670,-670,,,-404,,,,
2024-04-07,Ezequiel Tovar,/mlb/props/ezequiel-tovar/,TB at COL,COL,SS,0.5,+270,+310,+265,+265,+260,,,+230,+310,+310,,,+252,,,,,-400,-360,-400,-360,-380,,,-400,-530,-530,,,-384,,,,
2024-04-07,Jacob Stallings,/mlb/props/jacob-stallings/,TB at COL,FA,C,0.5,+400,+425,+366,+425,+425,,,+360,,,,,+366,,,,,-700,-629,-700,-650,-700,,,-750,,,,,-629,,,,
2024-04-07,Randy Arozarena,/mlb/props/randy-arozarena/,TB at COL,SEA,"LF,CF",0.5,+290,+310,+295,+310,+295,,,+270,,,,,+262,,,,,-425,-404,-450,-425,-450,,,-500,,,,,-404,,,,
2024-04-07,Ben Rortvedt,/mlb/props/benjamin-rortvedt/,TB at COL,NYM,C,0.5,+300,+420,+310,+310,+300,,,+270,+420,+420,,,+275,,,,,-475,-425,-500,-425,-475,,,-500,-770,-770,,,-429,,,,
2024-04-07,Charlie Blackmon,/mlb/props/charlie-blackmon/,TB at COL,FA,"RF,DH",0.5,+205,+300,+215,+215,+205,,,+215,+300,+300,,,+190,,,,,-285,-274,-320,-280,-290,,,-320,-500,-500,,,-274,,,,
2024-04-07,Alan Trejo,/mlb/props/alan-trejo/,TB at COL,FA,"2B,SS",0.5,+340,+410,+350,+350,+340,,,+320,+410,+410,,,+311,,,,,-550,-500,-550,-500,-550,,,-600,-770,-770,,,-504,,,,
2024-04-07,Jose Caballero,/mlb/props/jose-caballero/,TB at COL,NYY,"2B,3B,SS,LF,RF",0.5,+330,+440,+320,+320,+320,,,+280,+440,+440,,,+300,,,,,-500,-450,-525,-450,-500,,,-525,-910,-910,,,-479,,,,
2024-04-07,Rene Pinto,/mlb/props/rene-pinto/,TB at COL,PHI,C,0.5,+400,+400,+366,+400,+400,,,+350,,,,,+366,,,,,-650,-600,-650,-600,-650,,,-700,,,,,-629,,,,
2024-04-07,Isaac Paredes,/mlb/props/isaac-paredes/,TB at COL,HOU,"1B,3B,DH",0.5,+265,+310,+260,+265,+260,,,+230,+310,+310,,,+247,,,,,-390,-360,-400,-360,-380,,,-400,-500,-500,,,-374,,,,
2024-04-07,Brandon Lowe,/mlb/props/brandon-lowe/,TB at COL,PIT,2B,0.5,+230,+270,+210,+210,+205,,,+190,+270,+270,,,+196,,,,,-330,-270,-285,-270,-285,,,-275,-420,-420,,,-284,,,,
2024-04-07,Richie Palacios,/mlb/props/richie-palacios/,TB at COL,TB,"2B,LF",0.5,+250,+310,+235,+235,+235,,,+210,+310,+310,,,+219,,,,,-370,-320,-350,-320,-340,,,-350,-500,-500,,,-324,,,,
2024-04-07,Jose Siri,/mlb/props/jose-siri/,TB at COL,LAA,"LF,CF",0.5,+320,+350,+320,+320,+320,,,+280,+350,+350,,,+287,,,,,-475,-450,-500,-450,-500,,,-525,-625,-625,,,-454,,,,
2024-04-07,Ha-Seong Kim,/mlb/props/ha-seong-kim/,SD at SF,ATL,"2B,SS",0.5,+500,+500,+500,+525,+500,,,+450,,,,,+448,,,,,-900,-850,-900,-850,-900,,,-1000,,,,,-854,,,,
2024-04-07,Jackson Merrill,/mlb/props/jackson-merrill/,SD at SF,SD,CF,0.5,+380,+330,+300,+320,+330,,,+280,,,,,+300,,,,,-600,-450,-479,-450,-500,,,-525,,,,,-479,,,,
2024-04-07,Matt Chapman,/mlb/props/matt-chapman/,SD at SF,SF,3B,0.5,+320,+350,+320,+350,+350,,,+320,+285,+285,,,+300,,,,,-500,-455,-500,-500,-550,,,-600,-455,-455,,,-479,,,,
2024-04-07,Thairo Estrada,/mlb/props/thairo-estrada/,SD at SF,FA,2B,0.5,+330,+360,+340,+350,+340,,,+320,+360,+360,,,+311,,,,,-525,-500,-550,-500,-550,,,-600,-625,-625,,,-504,,,,
2024-04-07,Luis Campusano,/mlb/props/luis-campusano/,SD at SF,SD,"C,DH",0.5,+450,+475,+414,+475,+475,,,+380,,,,,+414,,,,,-800,-750,-754,-750,-800,,,-800,,,,,-754,,,,
2024-04-07,Mike Yastrzemski,/mlb/props/michael-yastrzemski/,SD at SF,ATL,"LF,CF,RF",0.5,+290,+350,+285,+300,+285,,,+260,+350,+350,,,+262,,,,,-425,-400,-450,-400,-425,,,-450,-625,-625,,,-404,,,,
2024-04-07,Nick Ahmed,/mlb/props/nick-ahmed/,SD at SF,FA,SS,0.5,+450,+475,+414,+475,+475,,,+400,,,,,+414,,,,,-800,-750,-754,-750,-900,,,-900,,,,,-754,,,,
2024-04-07,Kyle Higashioka,/mlb/props/kyle-higashioka/,SD at SF,TEX,"C,DH",0.5,+500,+500,+500,+550,+500,,,+450,,,,,+464,,,,,-1000,-900,-904,-900,-1000,,,-1000,,,,,-904,,,,
2024-04-07,Xander Bogaerts,/mlb/props/xander-bogaerts/,SD at SF,SD,SS,0.5,+450,+450,+395,+450,+450,,,+380,+330,+330,,,+395,,,,,-750,-560,-700,-700,-750,,,-800,-560,-560,,,-704,,,,
2024-04-07,Patrick Bailey,/mlb/props/patrick-bailey/,SD at SF,CLE,C,0.5,+310,+310,+287,+310,+310,,,+270,,,,,+287,,,,,-475,-425,-454,-425,-475,,,-500,,,,,-454,,,,
2024-04-07,Tom Murphy,/mlb/props/tom-murphy/,SD at SF,FA,C,0.5,+390,+400,+390,+400,+390,,,+350,,,,,+355,,,,,-650,-600,-650,-600,-650,,,-700,,,,,-604,,,,
2024-04-07,Jorge Soler,/mlb/props/jorge-soler/,SD at SF,LAA,"RF,DH",0.5,+350,+375,+323,+375,+370,,,+320,+290,+290,,,+323,,,,,-550,-480,-550,-550,-600,,,-650,-480,-480,,,-529,,,,
2024-04-07,Manny Machado,/mlb/props/manny-machado/,SD at SF,SD,"3B,DH",0.5,+400,+425,+366,+425,+400,,,+360,+325,+325,,,+366,,,,,-650,-560,-650,-650,-700,,,-750,-560,-560,,,-629,,,,
2024-04-07,Jake Cronenworth,/mlb/props/jacob-cronenworth/,SD at SF,SD,"1B,2B,SS",0.5,+295,+360,+275,+270,+275,,,+240,+360,+360,,,+262,,,,,-450,-370,-425,-370,-400,,,-425,-625,-625,,,-404,,,,
2024-04-07,Graham Pauley,/mlb/props/graham-pauley/,SD at SF,MIA,"1B,3B",0.5,+400,+460,+390,+400,+390,,,+350,+460,+460,,,+355,,,,,-700,-600,-700,-600,-650,,,-700,-910,-910,,,-604,,,,
2024-04-07,Michael Conforto,/mlb/props/michael-conforto/,SD at SF,CHC,"LF,RF,DH",0.5,+275,+310,+260,+260,+255,,,+230,+310,+310,,,+247,,,,,-400,-350,-400,-350,-370,,,-400,-500,-500,,,-374,,,,
2024-04-07,Jurickson Profar,/mlb/props/jurickson-profar/,SD at SF,ATL,LF,0.5,+360,+480,+350,+350,+340,,,+300,+480,+480,,,+323,,,,,-575,-500,-550,-500,-525,,,-550,-1000,-1000,,,-529,,,,
2024-04-07,LaMonte Wade Jr.,/mlb/props/lamonte-wade/,SD at SF,HOU,"1B,RF",0.5,+245,+320,+236,+235,+230,,,+210,+320,+320,,,+236,,,,,-350,-320,-354,-320,-330,,,-350,-530,-530,,,-354,,,,
2024-04-07,Tyler Wade,/mlb/props/tyler-wade/,SD at SF,FA,"2B,LF,CF",0.5,+450,+450,+395,+425,+450,,,+360,,,,,+395,,,,,-800,-650,-704,-650,-800,,,-750,,,,,-704,,,,
2024-04-07,Fernando Tatis Jr.,/mlb/props/fernando-tatis-jr/,SD at SF,SD,"2B,RF",0.5,+350,+375,+323,+375,+370,,,+320,+270,+270,,,+323,,,,,-550,-435,-550,-550,-600,,,-650,-435,-435,,,-529,,,,
2024-04-07,Jung Hoo Lee,/mlb/props/jung-lee/,SD at SF,SF,"CF,RF",0.5,+240,+295,+225,+225,+225,,,+200,+295,+295,,,+219,,,,,-350,-300,-324,-300,-320,,,-300,-480,-480,,,-324,,,,
2024-04-07,Nolan Schanuel,/mlb/props/nolan-schanuel/,BOS at LAA,LAA,1B,0.5,+450,+500,+450,+475,+450,,,+380,+500,+500,,,+414,,,,,-800,-750,-800,-750,-800,,,-800,-1115,-1115,,,-754,,,,
2024-04-07,Wilyer Abreu,/mlb/props/wilyer-abreu/,BOS at LAA,BOS,"LF,CF,RF",0.5,+500,+500,+500,+500,+500,,,+400,+540,+540,,,+414,,,,,-900,-754,-900,-800,-900,,,-900,-1250,-1250,,,-754,,,,
2024-04-07,Connor Wong,/mlb/props/connor-wong/,BOS at LAA,BOS,C,0.5,+550,+464,+464,+550,+550,,,+450,,,,,+464,,,,,-1100,-900,-904,-900,-1000,,,-1000,,,,,-904,,,,
2024-04-07,David Hamilton,/mlb/props/david-hamilton/,BOS at LAA,MIL,"2B,3B,SS",0.5,+550,+495,+495,+550,+550,,,+450,,,,,+495,,,,,-1100,-900,-1004,-900,-1100,,,-1100,,,,,-1004,,,,
2024-04-07,Bobby Dalbec,/mlb/props/robert-dalbec/,BOS at LAA,FA,"1B,3B",0.5,+550,+480,+480,+550,+550,,,+450,,,,,+480,,,,,-1100,-900,-954,-900,-1100,,,-1100,,,,,-954,,,,
2024-04-07,Miguel Sano,/mlb/props/miguel-sano/,BOS at LAA,FA,"1B,3B",0.5,+500,+500,+500,+525,+500,,,+450,,,,,+448,,,,,-1000,-850,-854,-850,-1000,,,-1000,,,,,-854,,,,
2024-04-07,Triston Casas,/mlb/props/triston-casas/,BOS at LAA,BOS,1B,0.5,+500,+500,+475,+500,+500,,,+400,+475,+475,,,+431,,,,,-900,-800,-900,-800,-900,,,-900,-1000,-1000,,,-804,,,,
2024-04-07,Logan O'Hoppe,/mlb/props/logan-ohoppe/,BOS at LAA,LAA,C,0.5,+450,+450,+395,+450,+450,,,+360,,,,,+395,,,,,-800,-700,-704,-700,-750,,,-750,,,,,-704,,,,
2024-04-07,Taylor Ward,/mlb/props/taylor-ward/,BOS at LAA,BAL,LF,0.5,+425,+460,+425,+425,+425,,,+360,+460,+460,,,+366,,,,,-700,-629,-700,-650,-700,,,-750,-910,-910,,,-629,,,,
2024-04-07,Rafael Devers,/mlb/props/rafael-devers/,BOS at LAA,SF,"1B,DH",0.5,+350,+360,+340,+350,+340,,,+320,+360,+360,,,+311,,,,,-550,-500,-550,-500,-550,,,-600,-625,-625,,,-504,,,,
2024-04-07,Zach Neto,/mlb/props/zach-neto/,BOS at LAA,LAA,SS,0.5,+550,+480,+550,+550,+550,,,+450,+600,+600,,,+480,,,,,-1100,-900,-1000,-900,-1000,,,-1000,-1430,-1430,,,-954,,,,
2024-04-07,Mickey Moniak,/mlb/props/mckenzie-moniak/,BOS at LAA,COL,"LF,CF,RF,DH",0.5,+500,+500,+500,+525,+500,,,+450,,,,,+448,,,,,-900,-850,-854,-850,-1000,,,-1000,,,,,-854,,,,
2024-04-07,Enmanuel Valdez,/mlb/props/enmanuel-valdez/,BOS at LAA,PIT,1B,0.5,+500,+475,+414,+475,+475,,,+380,+475,+475,,,+414,,,,,-1000,-750,-800,-750,-800,,,-800,-1000,-1000,,,-754,,,,
2024-04-07,Anthony Rendon,/mlb/props/anthony-rendon/,BOS at LAA,LAA,3B,0.5,+400,+460,+425,+425,+425,,,+360,+460,+460,,,+376,,,,,-650,-650,-700,-650,-700,,,-750,-910,-910,,,-654,,,,
2024-04-07,Jarren Duran,/mlb/props/jarren-duran/,BOS at LAA,BOS,"LF,CF,DH",0.5,+330,+380,+320,+320,+330,,,+280,+380,+380,,,+300,,,,,-525,-450,-525,-450,-500,,,-525,-670,-670,,,-479,,,,
2024-04-07,Masataka Yoshida,/mlb/props/masataka-yoshida/,BOS at LAA,BOS,"LF,DH",0.5,+400,+425,+420,+425,+425,,,+360,+420,+420,,,+355,,,,,-650,-604,-700,-650,-700,,,-750,-770,-770,,,-604,,,,
2024-04-07,Mike Trout,/mlb/props/mike-trout/,BOS at LAA,LAA,"CF,RF,DH",0.5,+425,+440,+425,+425,+425,,,+360,+440,+440,,,+376,,,,,-750,-650,-750,-650,-750,,,-750,-910,-910,,,-654,,,,
2024-04-07,Brandon Drury,/mlb/props/brandon-drury/,BOS at LAA,KC,"1B,2B,3B",0.5,+450,+475,+450,+450,+450,,,+380,+475,+475,,,+395,,,,,-800,-700,-800,-700,-800,,,-800,-1000,-1000,,,-704,,,,
2024-04-07,Tyler O'Neill,/mlb/props/tyler-oneill/,BOS at LAA,BAL,"LF,RF",0.5,+400,+410,+375,+375,+380,,,+320,+410,+410,,,+334,,,,,-700,-550,-650,-550,-650,,,-650,-770,-770,,,-554,,,,
2024-04-07,Ceddanne Rafaela,/mlb/props/ceddanne-rafaela/,BOS at LAA,BOS,"2B,CF",0.5,+475,+475,+475,+475,+450,,,,+525,+525,,,+414,,,,,-900,-750,-800,-750,-800,,,,-1250,-1250,,,-754,,,,
2024-04-07,Reese McGuire,/mlb/props/reese-mcguire/,BOS at LAA,FA,C,0.5,+550,+464,+464,+550,+550,,,+450,,,,,+464,,,,,-1100,-900,-904,-900,-1100,,,-1100,,,,,-904,,,,
2024-04-07,Yainer Diaz,/mlb/props/yainer-diaz-c/,HOU at TEX,HOU,"C,DH",0.5,+390,+375,+334,+375,+360,,,+320,+330,+330,,,+334,,,,,-650,-550,-575,-550,-575,,,-650,-560,-560,,,-554,,,,
2024-04-07,Leody Taveras,/mlb/props/leody-taveras-of/,HOU at TEX,BAL,"CF,RF",0.5,+400,+400,+345,+400,+390,,,+320,,,,,+345,,,,,-700,-579,-600,-600,-650,,,-650,,,,,-579,,,,
2024-04-07,Travis Jankowski,/mlb/props/travis-jankowski/,HOU at TEX,FA,"LF,CF,RF",0.5,+475,+475,+475,+475,+475,,,+400,+575,+575,,,+414,,,,,-900,-750,-900,-750,-900,,,-900,-1430,-1430,,,-754,,,,
2024-04-07,Jake Meyers,/mlb/props/jacob-meyers/,HOU at TEX,HOU,CF,0.5,+550,+464,+464,+550,+550,,,+450,,,,,+464,,,,,-1100,-900,-1000,-900,-1100,,,-1000,,,,,-904,,,,
2024-04-07,Yordan Alvarez,/mlb/props/yordan-alvarez/,HOU at TEX,HOU,"LF,DH",0.5,+360,+320,+310,+320,+320,,,+280,+310,+310,,,+300,,,,,-575,-450,-500,-450,-500,,,-525,-530,-530,,,-479,,,,
2024-04-07,Jeremy Pena,/mlb/props/jeremy-pena/,HOU at TEX,HOU,SS,0.5,+475,+425,+386,+425,+425,,,+360,+380,+380,,,+386,,,,,-900,-650,-715,-650,-750,,,-750,-715,-715,,,-679,,,,
2024-04-07,Jose Altuve,/mlb/props/jose-altuve/,HOU at TEX,HOU,"2B,LF,DH",0.5,+425,+380,+345,+375,+380,,,+320,+335,+335,,,+345,,,,,-750,-550,-590,-550,-600,,,-650,-590,-590,,,-579,,,,
2024-04-07,Alex Bregman,/mlb/props/alex-bregman/,HOU at TEX,CHC,"3B,DH",0.5,+380,+360,+340,+350,+340,,,+320,+360,+360,,,+311,,,,,-650,-500,-550,-500,-550,,,-600,-625,-625,,,-504,,,,
2024-04-07,Kyle Tucker,/mlb/props/kyle-tucker/,HOU at TEX,LAD,"RF,DH",0.5,+330,+320,+300,+310,+300,,,+270,+320,+320,,,+275,,,,,-525,-425,-450,-425,-450,,,-500,-530,-530,,,-429,,,,
2024-04-07,Wyatt Langford,/mlb/props/wyatt-langford/,HOU at TEX,TEX,"LF,CF",0.5,+425,+375,+370,+375,+370,,,+320,+370,+370,,,+334,,,,,-700,-550,-600,-550,-600,,,-650,-670,-670,,,-554,,,,
2024-04-07,Chas McCormick,/mlb/props/chas-mccormick/,HOU at TEX,CHC,"LF,CF,RF",0.5,+500,+475,+431,+475,+475,,,+400,+400,+400,,,+431,,,,,-900,-715,-800,-750,-800,,,-900,-715,-715,,,-804,,,,
2024-04-07,Jared Walsh,/mlb/props/jared-walsh/,HOU at TEX,FA,"1B,RF",0.5,+475,+475,+450,+475,+450,,,+380,+450,+450,,,+414,,,,,-900,-750,-800,-750,-800,,,-800,-910,-910,,,-754,,,,
2024-04-07,Jose Abreu,/mlb/props/jose-dariel-abreu/,HOU at TEX,FA,1B,0.5,+425,+400,+390,+400,+400,,,+350,+390,+390,,,+366,,,,,-750,-600,-700,-600,-700,,,-700,-715,-715,,,-629,,,,
2024-04-07,Adolis Garcia,/mlb/props/jose-adolis-garcia/,HOU at TEX,PHI,RF,0.5,+400,+375,+334,+375,+370,,,+320,+320,+320,,,+334,,,,,-650,-530,-554,-550,-600,,,-650,-530,-530,,,-554,,,,
2024-04-07,Evan Carter,/mlb/props/evan-carter/,HOU at TEX,TEX,"LF,CF,RF",0.5,+390,+410,+375,+375,+380,,,+320,+410,+410,,,+334,,,,,-650,-550,-600,-550,-600,,,-650,-770,-770,,,-554,,,,
2024-04-07,Corey Seager,/mlb/props/corey-seager/,HOU at TEX,TEX,SS,0.5,+295,+280,+265,+265,+270,,,+240,+280,+280,,,+252,,,,,-450,-360,-400,-360,-400,,,-425,-435,-435,,,-384,,,,
2024-04-07,Jonah Heim,/mlb/props/jonah-heim/,HOU at TEX,ATH,"C,DH",0.5,+360,+390,+340,+350,+340,,,+300,+390,+390,,,+311,,,,,-575,-500,-550,-500,-525,,,-550,-715,-715,,,-504,,,,
2024-04-07,Josh Smith,/mlb/props/josh-smith-ss/,HOU at TEX,TEX,"1B,2B,3B,SS,LF,RF",0.5,+425,+360,+350,+350,+360,,,+320,,,,,+323,,,,,-750,-500,-529,-500,-575,,,-600,,,,,-529,,,,
2024-04-07,Jon Singleton,/mlb/props/jonathan-singleton/,HOU at TEX,FA,"1B,DH",0.5,+400,+400,+366,+400,+400,,,+350,,,,,+366,,,,,-700,-600,-629,-600,-700,,,-700,,,,,-629,,,,
2024-04-07,Marcus Semien,/mlb/props/marcus-semien/,HOU at TEX,NYM,2B,0.5,+330,+320,+300,+310,+300,,,+270,+320,+320,,,+275,,,,,-525,-425,-450,-425,-450,,,-500,-530,-530,,,-429,,,,
2024-04-08,Nicky Lopez,/mlb/props/nicky-lopez/,CWS at CLE,TEX,"2B,3B,SS",0.5,+475,+500,+500,+550,+500,,,+450,,,,,+448,,,,,-750,-854,-900,-900,-1000,,,-1000,,,,,-854,,,,
2024-04-08,Yoan Moncada,/mlb/props/yoan-moncada/,CWS at CLE,LAA,3B,0.5,+400,+425,+420,+425,+425,,,+350,+420,+420,,,+366,,,,,-600,-629,-700,-650,-700,,,-700,-770,-770,,,-629,,,,
2024-04-08,Andrew Benintendi,/mlb/props/andrew-benintendi/,CWS at CLE,CWS,"LF,DH",0.5,+350,+430,+375,+375,+380,,,+320,+430,+430,,,+345,,,,,-500,-550,-650,-550,-600,,,-650,-835,-835,,,-579,,,,
2024-04-08,David Fry,/mlb/props/david-fry/,CWS at CLE,CLE,"C,LF,RF,DH",0.5,+390,+360,+320,+320,+320,,,+280,+360,+360,,,+287,,,,,-650,-450,-475,-450,-475,,,-525,-625,-625,,,-454,,,,
2024-04-08,Dominic Fletcher,/mlb/props/dominic-fletcher/,CWS at CLE,PIT,"CF,RF",0.5,+375,+400,+355,+400,+400,,,+350,,,,,+355,,,,,-550,-600,-650,-600,-650,,,-700,,,,,-604,,,,
2024-04-08,Josh Naylor,/mlb/props/josh-naylor/,CWS at CLE,SEA,"1B,DH",0.5,+330,+320,+300,+320,+310,,,+280,+300,+300,,,+275,,,,,-525,-429,-475,-450,-475,,,-525,-500,-500,,,-429,,,,
2024-04-08,Ramon Laureano,/mlb/props/ramon-laureano/,CWS at CLE,SD,"LF,CF,RF",0.5,+425,+400,+380,+400,+380,,,+350,,,,,+345,,,,,-700,-579,-650,-600,-650,,,-700,,,,,-579,,,,
2024-04-08,Andres Gimenez,/mlb/props/andres-giminez/,CWS at CLE,TOR,"2B,SS",0.5,+400,+410,+360,+375,+360,,,+320,+410,+410,,,+323,,,,,-700,-529,-600,-550,-575,,,-600,-770,-770,,,-529,,,,
2024-04-08,Brayan Rocchio,/mlb/props/brayan-rocchio/,CWS at CLE,CLE,"2B,SS",0.5,+450,+450,+386,+450,+450,,,+380,,,,,+386,,,,,-800,-679,-700,-700,-800,,,-800,,,,,-679,,,,
2024-04-08,Andrew Vaughn,/mlb/props/andrew-vaughn-1b/,CWS at CLE,MIL,1B,0.5,+320,+390,+370,+375,+370,,,+320,+390,+390,,,+334,,,,,-450,-550,-600,-550,-600,,,-650,-715,-715,,,-554,,,,
2024-04-08,Tyler Freeman,/mlb/props/tyler-freeman-ss/,CWS at CLE,COL,"2B,RF,DH",0.5,+390,+370,+330,+350,+330,,,+300,+370,+370,,,+311,,,,,-650,-500,-550,-500,-525,,,-550,-670,-670,,,-504,,,,
2024-04-08,Robbie Grossman,/mlb/props/robbie-grossman/,CWS at CLE,FA,"LF,RF",0.5,+375,+460,+390,+375,+390,,,+350,+460,+460,,,+355,,,,,-550,-550,-650,-550,-650,,,-700,-910,-910,,,-604,,,,
2024-04-08,Korey Lee,/mlb/props/korey-lee/,CWS at CLE,CWS,C,0.5,+500,+475,+431,+475,+475,,,+400,,,,,+431,,,,,-900,-750,-804,-750,-900,,,-900,,,,,-804,,,,
2024-04-08,Steven Kwan,/mlb/props/steven-kwan/,CWS at CLE,CLE,"LF,CF",0.5,+360,+350,+323,+350,+350,,,+320,+285,+285,,,+323,,,,,-575,-455,-529,-500,-550,,,-600,-455,-455,,,-529,,,,
2024-04-08,Braden Shewmake,/mlb/props/braden-shewmake/,CWS at CLE,HOU,"2B,3B,SS",0.5,+450,+475,+414,+475,+475,,,+400,,,,,+414,,,,,-700,-750,-800,-750,-800,,,-900,,,,,-754,,,,
2024-04-08,Austin Hedges,/mlb/props/austin-hedges/,CWS at CLE,CLE,C,0.5,+600,+500,+448,+500,+500,,,+400,,,,,+448,,,,,-1200,-800,-854,-800,-900,,,-900,,,,,-854,,,,
2024-04-08,Martin Maldonado,/mlb/props/martin-maldonado/,CWS at CLE,FA,C,0.5,+700,+594,+700,+750,+700,,,,,,,,+594,,,,,-1200,-1400,-1404,-1400,-1600,,,,,,,,-1404,,,,
2024-04-08,Gavin Sheets,/mlb/props/gavin-sheets/,CWS at CLE,SD,"1B,LF,RF,DH",0.5,+350,+400,+390,+400,+390,,,+350,+400,+400,,,+355,,,,,-500,-600,-650,-600,-650,,,-700,-770,-770,,,-604,,,,
2024-04-08,Jose Ramirez,/mlb/props/jose-ramirez/,CWS at CLE,CLE,"3B,DH",0.5,+295,+280,+255,+260,+255,,,+230,+280,+280,,,+236,,,,,-450,-350,-370,-350,-370,,,-400,-455,-455,,,-354,,,,
2024-04-08,Luis Arraez,/mlb/props/luis-arraez/,MIA at NYY,SF,"1B,2B,DH",0.5,+500,+500,+500,+500,+500,,,+450,+500,+500,,,+431,,,,,-900,-800,-900,-800,-900,,,-1000,-1115,-1115,,,-804,,,,
2024-04-08,Aaron Judge,/mlb/props/aaron-judge/,MIA at NYY,NYY,"LF,CF,RF,DH",0.5,+500,+500,+450,+500,+500,,,+400,+450,+450,,,+431,,,,,-1000,-800,-900,-800,-900,,,-900,-910,-910,,,-804,,,,
2024-04-08,Alex Verdugo,/mlb/props/alex-verdugo/,MIA at NYY,FA,"LF,RF",0.5,+650,+500,+650,+700,+650,,,+500,+650,+650,,,+572,,,,,-1600,-1200,-1401,-1200,-1400,,,-1400,-2000,-2000,,,-1304,,,,
2024-04-08,Jake Burger,/mlb/props/jake-burger-3b/,MIA at NYY,TEX,1B,0.5,+350,+475,+350,+350,+350,,,+320,+475,+475,,,+311,,,,,-550,-500,-600,-500,-550,,,-600,-1000,-1000,,,-504,,,,
2024-04-08,Vidal Brujan,/mlb/props/vidal-brujan-2b/,MIA at NYY,NYM,"3B,SS,OF",0.5,+450,+450,+395,+450,+450,,,+380,,,,,+395,,,,,-800,-700,-704,-700,-800,,,-800,,,,,-704,,,,
2024-04-08,Jose Trevino,/mlb/props/jose-trevino/,MIA at NYY,CIN,C,0.5,+550,+500,+448,+500,+500,,,+400,,,,,+448,,,,,-1000,-800,-854,-800,-900,,,-900,,,,,-854,,,,
2024-04-08,Anthony Rizzo,/mlb/props/anthony-rizzo/,MIA at NYY,FA,1B,0.5,+600,+500,+575,+600,+600,,,+500,+575,+575,,,+522,,,,,-1200,-1000,-1200,-1000,-1200,,,-1200,-1430,-1430,,,-1104,,,,
2024-04-08,Nick Fortes,/mlb/props/nick-fortes/,MIA at NYY,TB,C,0.5,+425,+450,+386,+425,+450,,,+360,,,,,+386,,,,,-750,-650,-750,-650,-800,,,-750,,,,,-679,,,,
2024-04-08,Josh Bell,/mlb/props/josh-bell/,MIA at NYY,MIN,"1B,DH",0.5,+370,+450,+375,+375,+360,,,+320,+450,+450,,,+334,,,,,-600,-550,-650,-550,-575,,,-650,-910,-910,,,-554,,,,
2024-04-08,Avisail Garcia,/mlb/props/avisail-garcia/,MIA at NYY,FA,"LF,RF",0.5,+475,+425,+425,+425,+425,,,+360,+540,+540,,,+386,,,,,-900,-650,-750,-650,-750,,,-750,-1250,-1250,,,-679,,,,
2024-04-08,Giancarlo Stanton,/mlb/props/giancarlo-stanton/,MIA at NYY,NYY,"LF,RF,DH",0.5,+450,+480,+450,+450,+450,,,+380,+480,+480,,,+395,,,,,-750,-700,-800,-700,-800,,,-800,-1000,-1000,,,-704,,,,
2024-04-08,Emmanuel Rivera,/mlb/props/emmanuel-rivera/,MIA at NYY,FA,"1B,3B",0.5,+400,+390,+355,+375,+390,,,+320,,,,,+355,,,,,-650,-550,-604,-550,-650,,,-650,,,,,-604,,,,
2024-04-08,Tim Anderson,/mlb/props/tim-anderson/,MIA at NYY,FA,"2B,SS",0.5,+425,+475,+425,+425,+425,,,+360,+475,+475,,,+376,,,,,-750,-650,-750,-650,-700,,,-750,-1000,-1000,,,-654,,,,
2024-04-08,Juan Soto,/mlb/props/juan-soto/,MIA at NYY,NYM,"LF,RF,DH",0.5,+600,+450,+522,+600,+550,,,+450,+550,+550,,,+522,,,,,-1200,-1000,-1104,-1000,-1200,,,-1100,-1250,-1250,,,-1104,,,,
2024-04-08,Bryan De La Cruz,/mlb/props/bryan-de-la-cruz/,MIA at NYY,PHI,LF,0.5,+370,+460,+370,+375,+370,,,+320,+460,+460,,,+334,,,,,-600,-550,-650,-550,-600,,,-650,-910,-910,,,-554,,,,
2024-04-08,Anthony Volpe,/mlb/props/anthony-volpe/,MIA at NYY,NYY,SS,0.5,+425,+425,+425,+425,+400,,,+360,+525,+525,,,+366,,,,,-700,-629,-750,-650,-700,,,-750,-1115,-1115,,,-629,,,,
2024-04-08,Jon Berti,/mlb/props/jon-berti/,MIA at NYY,FA,"2B,3B",0.5,+500,+464,+464,+550,+550,,,+450,,,,,+464,,,,,-900,-900,-1000,-900,-1000,,,-1100,,,,,-904,,,,
2024-04-08,Jazz Chisholm Jr.,/mlb/props/jasrado-chisholm/,MIA at NYY,NYY,"2B,3B",0.5,+650,+500,+650,+700,+650,,,+500,+650,+650,,,+548,,,,,-1600,-1200,-1401,-1200,-1600,,,-1400,-1667,-1667,,,-1204,,,,
2024-04-08,Gleyber Torres,/mlb/props/gleyber-torres/,MIA at NYY,DET,2B,0.5,+380,+475,+390,+400,+390,,,+350,+475,+475,,,+355,,,,,-600,-600,-700,-600,-650,,,-700,-1000,-1000,,,-604,,,,
2024-04-08,Ke'Bryan Hayes,/mlb/props/kebryan-hayes/,DET at PIT,CIN,3B,0.5,+350,+350,+323,+350,+350,,,+300,+300,+300,,,+323,,,,,-550,-500,-529,-500,-550,,,-550,-500,-500,,,-529,,,,
2024-04-08,Jared Triolo,/mlb/props/jared-triolo/,DET at PIT,PIT,"1B,2B,3B,SS",0.5,+550,+475,+431,+475,+450,,,+380,+460,+460,,,+431,,,,,-1000,-750,-804,-750,-800,,,-800,-910,-910,,,-804,,,,
2024-04-08,Bryan Reynolds,/mlb/props/bryan-reynolds/,DET at PIT,PIT,"LF,CF,RF,DH",0.5,+370,+375,+320,+320,+320,,,+300,+375,+375,,,+300,,,,,-600,-450,-500,-450,-500,,,-550,-670,-670,,,-479,,,,
2024-04-08,Jack Suwinski,/mlb/props/jack-suwinski/,DET at PIT,LAD,"LF,CF,RF",0.5,+450,+425,+390,+400,+390,,,+350,+425,+425,,,+355,,,,,-750,-600,-650,-600,-650,,,-700,-835,-835,,,-604,,,,
2024-04-08,Matt Vierling,/mlb/props/matt-vierling/,DET at PIT,DET,"LF,CF,RF",0.5,+380,+380,+345,+375,+380,,,+320,,,,,+345,,,,,-600,-550,-600,-550,-600,,,-650,,,,,-579,,,,
2024-04-08,Carson Kelly,/mlb/props/carson-kelly/,DET at PIT,CHC,C,0.5,+475,+475,+414,+475,+475,,,+400,,,,,+414,,,,,-900,-750,-754,-750,-900,,,-900,,,,,-754,,,,
2024-04-08,Kerry Carpenter,/mlb/props/kerry-carpenter/,DET at PIT,DET,"LF,RF,DH",0.5,+360,+350,+330,+350,+330,,,+300,+330,+330,,,+311,,,,,-575,-500,-525,-500,-525,,,-550,-560,-560,,,-504,,,,
2024-04-08,Gio Urshela,/mlb/props/giovanny-urshela/,DET at PIT,FA,3B,0.5,+370,+350,+340,+350,+340,,,+320,,,,,+311,,,,,-600,-500,-525,-500,-525,,,-600,,,,,-504,,,,
2024-04-08,Connor Joe,/mlb/props/connor-joe/,DET at PIT,SEA,"LF,RF",0.5,+400,+400,+345,+375,+400,,,+320,,,,,+345,,,,,-700,-550,-579,-550,-650,,,-650,,,,,-579,,,,
2024-04-08,Spencer Torkelson,/mlb/props/spencer-torkelson-if/,DET at PIT,DET,1B,0.5,+370,+375,+320,+375,+350,,,+320,+300,+300,,,+311,,,,,-600,-500,-550,-550,-550,,,-600,-500,-500,,,-504,,,,
2024-04-08,Andrew McCutchen,/mlb/props/andrew-mccutchen/,DET at PIT,FA,"LF,RF,DH",0.5,+450,+425,+390,+425,+425,,,+360,+390,+390,,,+386,,,,,-800,-650,-715,-650,-750,,,-750,-715,-715,,,-679,,,,
2024-04-08,Oneil Cruz,/mlb/props/oneil-cruz-3b/,DET at PIT,PIT,"CF,DH",0.5,+400,+350,+330,+350,+330,,,+300,+340,+340,,,+311,,,,,-650,-500,-525,-500,-525,,,-550,-590,-590,,,-504,,,,
2024-04-08,Henry Davis,/mlb/props/henry-davis/,DET at PIT,PIT,C,0.5,+425,+425,+366,+425,+425,,,+360,,,,,+366,,,,,-750,-629,-700,-650,-700,,,-750,,,,,-629,,,,
2024-04-08,Jake Rogers,/mlb/props/jake-rogers/,DET at PIT,DET,C,0.5,+550,+464,+464,+550,+550,,,+450,,,,,+464,,,,,-1100,-900,-904,-900,-1000,,,-1000,,,,,-904,,,,
2024-04-08,Riley Greene,/mlb/props/riley-greene-of/,DET at PIT,DET,"LF,CF,RF,DH",0.5,+425,+380,+355,+375,+380,,,+320,+350,+350,,,+355,,,,,-700,-550,-604,-550,-600,,,-650,-625,-625,,,-604,,,,
2024-04-08,Colt Keith,/mlb/props/colt-keith/,DET at PIT,DET,"1B,2B,3B,DH",0.5,+390,+380,+350,+350,+350,,,+300,+380,+380,,,+311,,,,,-650,-500,-550,-500,-550,,,-550,-670,-670,,,-504,,,,
2024-04-08,Zach McKinstry,/mlb/props/zach-mckinstry/,DET at PIT,DET,"2B,3B,SS,LF,RF",0.5,+400,+400,+366,+400,+400,,,+350,,,,,+366,,,,,-700,-600,-629,-600,-700,,,-700,,,,,-629,,,,
2024-04-08,Rowdy Tellez,/mlb/props/rowdy-tellez/,DET at PIT,ATL,1B,0.5,+550,+500,+450,+500,+500,,,+400,+450,+450,,,+431,,,,,-1100,-800,-900,-800,-900,,,-900,-910,-910,,,-804,,,,
2024-04-08,Javier Baez,/mlb/props/javier-baez/,DET at PIT,DET,"2B,3B,SS,CF",0.5,+425,+400,+370,+400,+400,,,+350,+370,+370,,,+366,,,,,-750,-600,-670,-600,-700,,,-700,-670,-670,,,-629,,,,
2024-04-08,Mark Canha,/mlb/props/mark-canha/,DET at PIT,FA,"LF,RF",0.5,+380,+380,+375,+375,+380,,,+320,+375,+375,,,+334,,,,,-600,-550,-600,-550,-600,,,-650,-670,-670,,,-554,,,,
2024-04-08,Parker Meadows,/mlb/props/parker-meadows/,DET at PIT,DET,CF,0.5,+360,+390,+360,+375,+360,,,+320,+390,+390,,,+323,,,,,-575,-529,-600,-550,-575,,,-600,-715,-715,,,-529,,,,
2024-04-08,Michael A. Taylor,/mlb/props/michael-taylor/,DET at PIT,FA,"LF,CF,RF",0.5,+600,+495,+550,+600,+550,,,+450,,,,,+495,,,,,-1200,-1000,-1100,-1000,-1200,,,-1100,,,,,-1004,,,,
2024-04-08,Joey Bart,/mlb/props/joseph-bart/,DET at PIT,ATL,C,0.5,+550,+495,+495,+550,+550,,,+450,,,,,+495,,,,,-1100,-900,-1004,-900,-1100,,,-1100,,,,,-1004,,,,
2024-04-08,Jackson Chourio,/mlb/props/jackson-chourio/,MIL at CIN,MIL,"LF,CF,RF",0.5,+380,+425,+395,+425,+425,,,+360,,,,,+395,,,,,-800,-650,-700,-650,-700,,,-750,,,,,-704,,,,
2024-04-08,Will Benson,/mlb/props/will-benson/,MIL at CIN,CIN,"LF,CF,RF",0.5,+650,+500,+600,+700,+600,,,+500,,,,,+522,,,,,-1400,-1104,-1200,-1200,-1200,,,-1200,,,,,-1104,,,,
2024-04-08,Luke Maile,/mlb/props/luke-maile/,MIL at CIN,KC,C,0.5,+550,+450,+522,+600,+550,,,+450,,,,,+522,,,,,-1100,-1000,-1100,-1000,-1200,,,-1100,,,,,-1104,,,,
2024-04-08,Christian Encarnacion-Strand,/mlb/props/christian-encarnacion-strand/,MIL at CIN,BAL,"1B,3B",0.5,+400,+400,+390,+400,+400,,,+350,+390,+390,,,+345,,,,,-700,-579,-650,-600,-650,,,-700,-715,-715,,,-579,,,,
2024-04-08,Oliver Dunn,/mlb/props/oliver-dunn/,MIL at CIN,TB,3B,0.5,+475,+450,+390,+400,+390,,,+350,+450,+450,,,+355,,,,,-800,-600,-700,-600,-650,,,-700,-910,-910,,,-604,,,,
2024-04-08,Tyler Stephenson,/mlb/props/tyler-stephenson/,MIL at CIN,CIN,C,0.5,+475,+450,+395,+450,+425,,,+360,,,,,+395,,,,,-900,-700,-704,-700,-750,,,-750,,,,,-704,,,,
2024-04-08,Jonathan India,/mlb/props/jonathan-india/,MIL at CIN,KC,"2B,3B,LF,DH",0.5,+425,+425,+386,+425,+425,,,+360,+425,+425,,,+386,,,,,-750,-650,-750,-650,-750,,,-750,-835,-835,,,-679,,,,
2024-04-08,William Contreras,/mlb/props/william-contreras/,MIL at CIN,MIL,"C,DH",0.5,+370,+375,+345,+375,+370,,,+320,+325,+325,,,+345,,,,,-600,-550,-579,-550,-600,,,-650,-560,-560,,,-579,,,,
2024-04-08,Santiago Espinal,/mlb/props/santiago-espinal/,MIL at CIN,FA,"2B,3B,LF,RF",0.5,+450,+480,+450,+450,+450,,,+380,+480,+480,,,+395,,,,,-800,-700,-800,-700,-800,,,-800,-1000,-1000,,,-704,,,,
2024-04-08,Joey Ortiz,/mlb/props/joey-ortiz/,MIL at CIN,MIL,"3B,SS",0.5,+500,+495,+495,+550,+550,,,+450,,,,,+495,,,,,-1200,-900,-1004,-900,-1100,,,-1100,,,,,-1004,,,,
2024-04-08,Jake Bauers,/mlb/props/jake-bauers/,MIL at CIN,MIL,"1B,LF,RF",0.5,+450,+475,+425,+425,+425,,,+360,+475,+475,,,+376,,,,,-800,-650,-750,-650,-700,,,-750,-1000,-1000,,,-654,,,,
2024-04-08,Sal Frelick,/mlb/props/sal-frelick/,MIL at CIN,MIL,"LF,CF,RF",0.5,+425,+430,+400,+400,+400,,,+350,+430,+430,,,+366,,,,,-700,-600,-650,-600,-650,,,-700,-835,-835,,,-629,,,,
2024-04-08,Bubba Thompson,/mlb/props/bubba-thompson/,MIL at CIN,FA,"LF,CF",0.5,+600,+500,+522,+650,+650,,,+500,,,,,+522,,,,,-1400,-1100,-1104,-1100,-1400,,,-1400,,,,,-1104,,,,
2024-04-08,Rhys Hoskins,/mlb/props/rhys-hoskins/,MIL at CIN,CLE,"1B,DH",0.5,+450,+425,+400,+425,+425,,,+360,+400,+400,,,+376,,,,,-750,-650,-700,-650,-700,,,-750,-715,-715,,,-654,,,,
2024-04-08,Elly De La Cruz,/mlb/props/elly-de-la-cruz/,MIL at CIN,CIN,SS,0.5,+475,+475,+431,+475,+450,,,+380,+450,+450,,,+431,,,,,-800,-750,-804,-750,-800,,,-800,-910,-910,,,-804,,,,
2024-04-08,Christian Yelich,/mlb/props/christian-yelich/,MIL at CIN,MIL,"LF,DH",0.5,+390,+390,+360,+375,+360,,,+320,+390,+390,,,+334,,,,,-650,-550,-575,-550,-575,,,-650,-715,-715,,,-554,,,,
2024-04-08,Spencer Steer,/mlb/props/spencer-steer/,MIL at CIN,CIN,"1B,2B,LF,RF",0.5,+350,+380,+350,+350,+350,,,+300,+380,+380,,,+311,,,,,-550,-500,-550,-500,-550,,,-550,-715,-715,,,-504,,,,
2024-04-08,Brice Turang,/mlb/props/brice-turang/,MIL at CIN,MIL,2B,0.5,+450,+425,+395,+425,+425,,,+380,,,,,+395,,,,,-750,-650,-704,-650,-750,,,-800,,,,,-704,,,,
2024-04-08,Stuart Fairchild,/mlb/props/stuart-fairchild/,MIL at CIN,CLE,"LF,CF,RF",0.5,+500,+500,+425,+450,+425,,,+360,+500,+500,,,+386,,,,,-1000,-679,-750,-700,-750,,,-750,-1000,-1000,,,-679,,,,
2024-04-08,Willy Adames,/mlb/props/willy-adames/,MIL at CIN,SF,SS,0.5,+380,+380,+375,+375,+380,,,+320,+375,+375,,,+334,,,,,-600,-550,-650,-550,-650,,,-650,-670,-670,,,-554,,,,
2024-04-08,Jeimer Candelario,/mlb/props/jeimer-candelario/,MIL at CIN,LAA,"1B,3B",0.5,+425,+440,+380,+400,+380,,,+320,+440,+440,,,+355,,,,,-700,-600,-650,-600,-600,,,-650,-835,-835,,,-604,,,,
2024-04-08,Cavan Biggio,/mlb/props/cavan-biggio/,SEA at TOR,HOU,"1B,2B,RF",0.5,+390,+500,+400,+400,+400,,,+350,+500,+500,,,+366,,,,,-650,-600,-700,-600,-650,,,-700,-1115,-1115,,,-629,,,,
2024-04-08,Mitch Garver,/mlb/props/mitch-garver/,SEA at TOR,SEA,"C,DH",0.5,+400,+430,+390,+400,+390,,,+350,+430,+430,,,+345,,,,,-650,-579,-650,-600,-650,,,-700,-835,-835,,,-579,,,,
2024-04-08,Kevin Kiermaier,/mlb/props/kevin-kiermaier/,SEA at TOR,FA,CF,0.5,+425,+425,+386,+425,+425,,,+360,,,,,+386,,,,,-750,-650,-679,-650,-750,,,-750,,,,,-679,,,,
2024-04-08,Jorge Polanco,/mlb/props/jorge-polanco/,SEA at TOR,NYM,"2B,3B,DH",0.5,+380,+390,+355,+375,+380,,,+320,+390,+390,,,+355,,,,,-600,-550,-604,-550,-600,,,-650,-715,-715,,,-604,,,,
2024-04-08,George Springer,/mlb/props/george-springer/,SEA at TOR,TOR,"LF,CF,RF,DH",0.5,+350,+380,+340,+350,+340,,,+320,+380,+380,,,+311,,,,,-550,-500,-550,-500,-550,,,-600,-670,-670,,,-504,,,,
2024-04-08,J.P. Crawford,/mlb/props/jp-crawford/,SEA at TOR,SEA,"3B,SS",0.5,+390,+475,+400,+400,+400,,,+350,+475,+475,,,+366,,,,,-650,-600,-700,-600,-700,,,-700,-910,-910,,,-629,,,,
2024-04-08,Luke Raley,/mlb/props/lucas-raley/,SEA at TOR,SEA,"1B,LF,CF,RF",0.5,+450,+450,+425,+450,+450,,,+380,+425,+425,,,+395,,,,,-800,-700,-800,-700,-800,,,-800,-835,-835,,,-704,,,,
2024-04-08,Bo Bichette,/mlb/props/bo-bichette/,SEA at TOR,NYM,"3B,SS",0.5,+330,+360,+330,+350,+330,,,+300,+360,+360,,,+287,,,,,-525,-454,-525,-500,-525,,,-550,-625,-625,,,-454,,,,
2024-04-08,Mitch Haniger,/mlb/props/mitch-haniger/,SEA at TOR,FA,RF,0.5,+360,+350,+323,+350,+350,,,+320,,,,,+323,,,,,-575,-500,-550,-500,-550,,,-600,,,,,-529,,,,
2024-04-08,Justin Turner,/mlb/props/justin-turner/,SEA at TOR,FA,"1B,3B",0.5,+390,+440,+390,+400,+390,,,+350,+440,+440,,,+355,,,,,-650,-600,-650,-600,-650,,,-700,-835,-835,,,-604,,,,
2024-04-08,Isiah Kiner-Falefa,/mlb/props/isiah-kiner-falefa/,SEA at TOR,BOS,"2B,3B,SS",0.5,+450,+475,+395,+475,+475,,,+380,,,,,+395,,,,,-800,-704,-750,-750,-800,,,-800,,,,,-704,,,,
2024-04-08,Julio Rodriguez,/mlb/props/julio-rodriguez-of/,SEA at TOR,SEA,CF,0.5,+320,+360,+310,+310,+310,,,+280,+360,+360,,,+275,,,,,-500,-425,-475,-425,-475,,,-525,-625,-625,,,-429,,,,
2024-04-08,Dominic Canzone,/mlb/props/dominic-canzone/,SEA at TOR,SEA,"LF,RF,DH",0.5,+400,+380,+334,+375,+380,,,+320,,,,,+334,,,,,-700,-550,-600,-550,-600,,,-650,,,,,-554,,,,
2024-04-08,Alejandro Kirk,/mlb/props/alejandro-kirk/,SEA at TOR,TOR,C,0.5,+400,+440,+390,+400,+390,,,+350,+440,+440,,,+366,,,,,-700,-600,-650,-600,-650,,,-700,-835,-835,,,-629,,,,
2024-04-08,Cal Raleigh,/mlb/props/caleb-raleigh/,SEA at TOR,SEA,"C,DH",0.5,+450,+425,+386,+425,+425,,,+360,+425,+425,,,+386,,,,,-800,-650,-700,-650,-700,,,-750,-835,-835,,,-679,,,,
2024-04-08,Ty France,/mlb/props/tyler-france/,SEA at TOR,SD,1B,0.5,+350,+400,+350,+400,+400,,,+350,,,,,+345,,,,,-700,-579,-650,-600,-650,,,-700,,,,,-579,,,,
2024-04-08,Vladimir Guerrero Jr.,/mlb/props/vladimir-guerrero-jr/,SEA at TOR,TOR,"1B,DH",0.5,+350,+390,+350,+350,+360,,,+320,+390,+390,,,+311,,,,,-550,-500,-575,-500,-575,,,-600,-715,-715,,,-504,,,,
2024-04-08,Daulton Varsho,/mlb/props/daulton-varsho/,SEA at TOR,TOR,"LF,CF",0.5,+360,+425,+360,+375,+360,,,+320,+425,+425,,,+323,,,,,-575,-529,-600,-550,-575,,,-600,-835,-835,,,-529,,,,
2024-04-08,Josh Rojas,/mlb/props/josh-rojas/,SEA at TOR,KC,"2B,3B",0.5,+500,+475,+414,+475,+475,,,+400,,,,,+414,,,,,-900,-750,-754,-750,-900,,,-900,,,,,-754,,,,
2024-04-08,Davis Schneider,/mlb/props/davis-schneider/,SEA at TOR,TOR,"2B,LF",0.5,+450,+450,+395,+450,+450,,,+380,,,,,+395,,,,,-800,-700,-704,-700,-800,,,-800,,,,,-704,,,,
2024-04-08,Jarred Kelenic,/mlb/props/jarred-kelenic/,NYM at ATL,TEX,"LF,CF,RF",0.5,+400,+475,+400,+400,+400,,,+350,+475,+475,,,+376,,,,,-700,-600,-700,-600,-700,,,-700,-1000,-1000,,,-654,,,,
2024-04-08,Jeff McNeil,/mlb/props/jeff-mcneil/,NYM at ATL,ATH,"2B,LF,CF,RF",0.5,+425,+475,+400,+400,+400,,,+350,+475,+475,,,+376,,,,,-750,-600,-700,-600,-700,,,-700,-1000,-1000,,,-654,,,,
2024-04-08,Michael Harris II,/mlb/props/michael-harris/,NYM at ATL,ATL,CF,0.5,+300,+310,+290,+300,+290,,,+260,+310,+310,,,+275,,,,,-450,-400,-450,-400,-450,,,-450,-500,-500,,,-429,,,,
2024-04-08,DJ Stewart,/mlb/props/dj-stewart/,NYM at ATL,PIT,"LF,RF",0.5,+600,+464,+464,+550,+550,,,+450,,,,,+464,,,,,-1400,-900,-1000,-900,-1000,,,-1100,,,,,-904,,,,
2024-04-08,Francisco Alvarez,/mlb/props/francisco-alvarez/,NYM at ATL,NYM,"C,DH",0.5,+370,+420,+370,+375,+370,,,+320,+420,+420,,,+334,,,,,-600,-550,-600,-550,-600,,,-650,-835,-835,,,-554,,,,
2024-04-08,Austin Riley,/mlb/props/austin-riley/,NYM at ATL,ATL,3B,0.5,+235,+235,+219,+235,+235,,,+210,,,,,+219,,,,,-330,-320,-330,-320,-330,,,-350,,,,,-324,,,,
2024-04-08,Travis d'Arnaud,/mlb/props/travis-darnaud/,NYM at ATL,LAA,C,0.5,+275,+270,+265,+270,+265,,,+240,,,,,+236,,,,,-400,-354,-390,-370,-390,,,-425,,,,,-354,,,,
2024-04-08,Orlando Arcia,/mlb/props/orlando-arcia/,NYM at ATL,MIN,"1B,2B,3B,SS",0.5,+330,+410,+310,+310,+300,,,+270,+410,+410,,,+287,,,,,-500,-425,-500,-425,-450,,,-500,-770,-770,,,-454,,,,
2024-04-08,Ozzie Albies,/mlb/props/ozhaino-albies/,NYM at ATL,ATL,2B,0.5,+290,+330,+295,+310,+295,,,+270,+330,+330,,,+262,,,,,-450,-404,-450,-425,-450,,,-500,-560,-560,,,-404,,,,
2024-04-08,Brandon Nimmo,/mlb/props/brandon-nimmo/,NYM at ATL,TEX,"LF,CF,RF,DH",0.5,+370,+420,+390,+400,+390,,,+350,+420,+420,,,+345,,,,,-600,-579,-650,-600,-650,,,-700,-770,-770,,,-579,,,,
2024-04-08,Marcell Ozuna,/mlb/props/marcell-ozuna/,NYM at ATL,PIT,DH,0.5,+255,+330,+270,+270,+265,,,+240,+330,+330,,,+236,,,,,-370,-354,-425,-370,-390,,,-425,-560,-560,,,-354,,,,
2024-04-08,Harrison Bader,/mlb/props/harrison-bader/,NYM at ATL,SF,"LF,CF,RF",0.5,+370,+375,+345,+375,+370,,,+320,,,,,+345,,,,,-600,-550,-600,-550,-600,,,-650,,,,,-579,,,,
2024-04-08,Starling Marte,/mlb/props/starling-marte/,NYM at ATL,KC,"LF,RF,DH",0.5,+360,+475,+360,+350,+360,,,+320,+475,+475,,,+323,,,,,-575,-500,-600,-500,-575,,,-600,-1000,-1000,,,-529,,,,
2024-04-08,Matt Olson,/mlb/props/matt-olson/,NYM at ATL,ATL,1B,0.5,+360,+375,+323,+375,+360,,,+320,+310,+310,,,+323,,,,,-575,-529,-550,-550,-575,,,-600,-530,-530,,,-529,,,,
2024-04-08,Joey Wendle,/mlb/props/joe-wendle/,NYM at ATL,FA,"2B,SS",0.5,+500,+500,+500,+525,+500,,,+450,,,,,+448,,,,,-1000,-850,-854,-850,-1000,,,-1000,,,,,-854,,,,
2024-04-08,Ronald Acuna Jr.,/mlb/props/ronald-acuna/,NYM at ATL,ATL,RF,0.5,+195,+225,+195,+210,+195,,,+180,+225,+225,,,+178,,,,,-270,-254,-270,-270,-270,,,-260,-345,-345,,,-254,,,,
2024-04-08,Brett Baty,/mlb/props/brett-baty/,NYM at ATL,NYM,"1B,2B,3B,RF",0.5,+500,+500,+480,+525,+500,,,+450,+480,+480,,,+464,,,,,-1000,-850,-904,-850,-1000,,,-1000,-1000,-1000,,,-904,,,,
2024-04-08,Francisco Lindor,/mlb/props/francisco-lindor/,NYM at ATL,NYM,SS,0.5,+370,+375,+360,+375,+360,,,+320,+360,+360,,,+323,,,,,-600,-529,-575,-550,-575,,,-600,-625,-625,,,-529,,,,
2024-04-08,Pete Alonso,/mlb/props/peter-alonso/,NYM at ATL,BAL,"1B,DH",0.5,+320,+390,+330,+320,+330,,,+300,+390,+390,,,+287,,,,,-500,-450,-525,-450,-525,,,-550,-715,-715,,,-454,,,,
2024-04-08,Max Kepler,/mlb/props/max-kepler/,LAD at MIN,ARI,"LF,RF",0.5,+450,+450,+386,+450,+425,,,+360,,,,,+386,,,,,-750,-679,-700,-700,-750,,,-750,,,,,-679,,,,
2024-04-08,Will Smith,/mlb/props/will-smith-c/,LAD at MIN,LAD,C,0.5,+300,+335,+320,+320,+320,,,+280,+335,+335,,,+275,,,,,-450,-429,-500,-450,-500,,,-525,-560,-560,,,-429,,,,
2024-04-08,Shohei Ohtani,/mlb/props/shohei-ohtani/,LAD at MIN,LAD,"SP,DH",0.5,+310,+320,+280,+320,+310,,,+280,+270,+270,,,+275,,,,,-475,-429,-450,-450,-475,,,-525,-435,-435,,,-429,,,,
2024-04-08,Kyle Farmer,/mlb/props/kyle-farmer/,LAD at MIN,ATL,"1B,2B,3B,SS,DH",0.5,+450,+460,+425,+425,+425,,,+360,+460,+460,,,+386,,,,,-750,-650,-750,-650,-750,,,-750,-910,-910,,,-679,,,,
2024-04-08,Willi Castro,/mlb/props/willi-castro/,LAD at MIN,COL,"1B,2B,3B,SS,LF,RF",0.5,+400,+425,+366,+425,+425,,,+350,,,,,+366,,,,,-700,-629,-650,-650,-700,,,-700,,,,,-629,,,,
2024-04-08,Enrique Hernandez,/mlb/props/enrique-hernandez/,LAD at MIN,LAD,"1B,2B,3B,LF",0.5,+380,+375,+334,+375,+370,,,+320,,,,,+334,,,,,-600,-550,-600,-550,-600,,,-650,,,,,-554,,,,
2024-04-08,Austin Martin,/mlb/props/austin-martin-if/,LAD at MIN,MIN,"2B,LF,CF,RF",0.5,+500,+500,+500,+525,+500,,,+450,+525,+525,,,+464,,,,,-1000,-850,-1000,-850,-1000,,,-1000,-1115,-1115,,,-904,,,,
2024-04-08,Byron Buxton,/mlb/props/byron-buxton/,LAD at MIN,MIN,"CF,DH",0.5,+390,+425,+376,+425,+425,,,+360,+360,+360,,,+376,,,,,-650,-625,-654,-650,-700,,,-750,-625,-625,,,-654,,,,
2024-04-08,Carlos Santana,/mlb/props/carlos-santana/,LAD at MIN,ATL,1B,0.5,+400,+450,+450,+450,+450,,,+380,+450,+450,,,+395,,,,,-700,-700,-800,-700,-800,,,-800,-910,-910,,,-704,,,,
2024-04-08,Christian Vazquez,/mlb/props/christian-vazquez/,LAD at MIN,HOU,C,0.5,+425,+500,+425,+425,+425,,,+360,+500,+500,,,+395,,,,,-700,-650,-750,-650,-750,,,-750,-1000,-1000,,,-704,,,,
2024-04-08,Teoscar Hernandez,/mlb/props/teoscar-hernandez/,LAD at MIN,LAD,"LF,RF",0.5,+425,+400,+390,+400,+390,,,+350,+390,+390,,,+355,,,,,-700,-600,-650,-600,-650,,,-700,-715,-715,,,-604,,,,
2024-04-08,Ryan Jeffers,/mlb/props/ryan-jeffers/,LAD at MIN,MIN,"C,DH",0.5,+425,+425,+410,+425,+425,,,+360,+410,+410,,,+366,,,,,-750,-629,-750,-650,-750,,,-750,-770,-770,,,-629,,,,
2024-04-08,Freddie Freeman,/mlb/props/freddie-freeman/,LAD at MIN,LAD,1B,0.5,+285,+310,+295,+310,+295,,,+270,+310,+310,,,+275,,,,,-425,-425,-450,-425,-450,,,-500,-500,-500,,,-429,,,,
2024-04-08,James Outman,/mlb/props/james-outman/,LAD at MIN,DET,"LF,CF,RF",0.5,+450,+480,+431,+475,+475,,,+400,+480,+480,,,+431,,,,,-800,-750,-900,-750,-900,,,-900,-1000,-1000,,,-804,,,,
2024-04-08,Carlos Correa,/mlb/props/carlos-correa/,LAD at MIN,HOU,"3B,SS",0.5,+340,+350,+330,+350,+330,,,+300,+335,+335,,,+300,,,,,-525,-479,-525,-500,-525,,,-550,-560,-560,,,-479,,,,
2024-04-08,Max Muncy,/mlb/props/max-muncy/,LAD at MIN,LAD,3B,0.5,+400,+400,+360,+400,+380,,,+350,+360,+360,,,+345,,,,,-700,-579,-625,-600,-650,,,-700,-625,-625,,,-579,,,,
2024-04-08,Jose Miranda,/mlb/props/jose-miranda/,LAD at MIN,FA,"1B,3B",0.5,+400,+425,+400,+400,+425,,,+350,+410,+410,,,+355,,,,,-650,-600,-700,-600,-700,,,-700,-770,-770,,,-604,,,,
2024-04-08,Manuel Margot,/mlb/props/manuel-margot/,LAD at MIN,FA,"LF,CF,RF",0.5,+450,+390,+330,+350,+330,,,+300,+390,+390,,,+300,,,,,-800,-479,-550,-500,-525,,,-550,-715,-715,,,-479,,,,
2024-04-08,Gavin Lux,/mlb/props/gavin-lux/,LAD at MIN,TB,"2B,3B,LF,DH",0.5,+475,+400,+376,+400,+400,,,+350,,,,,+376,,,,,-800,-600,-654,-600,-700,,,-700,,,,,-654,,,,
2024-04-08,Taylor Trammell,/mlb/props/taylor-trammell/,LAD at MIN,HOU,"LF,CF",0.5,+600,+500,+600,+650,+600,,,+500,,,,,+548,,,,,-1400,-1100,-1200,-1100,-1200,,,-1200,,,,,-1204,,,,
2024-04-08,Matt Wallner,/mlb/props/matt-wallner/,LAD at MIN,MIN,"LF,RF",0.5,+650,+500,+572,+700,+650,,,+500,,,,,+572,,,,,-1400,-1200,-1304,-1200,-1400,,,-1400,,,,,-1304,,,,
2024-04-08,Mookie Betts,/mlb/props/mookie-betts/,LAD at MIN,LAD,SS,0.5,+320,+320,+310,+310,+310,,,+270,+320,+320,,,+275,,,,,-500,-425,-475,-425,-475,,,-500,-530,-530,,,-429,,,,
2024-04-08,Alec Bohm,/mlb/props/alec-bohm/,PHI at STL,PHI,"1B,3B",0.5,+295,+350,+340,+350,+340,,,+300,+340,+340,,,+300,,,,,-450,-479,-525,-500,-525,,,-550,-590,-590,,,-479,,,,
2024-04-08,Victor Scott,/mlb/props/victor-scott/,PHI at STL,STL,CF,0.5,+450,+500,+475,+475,+475,,,+400,+500,+500,,,+414,,,,,-800,-750,-800,-750,-800,,,-900,-1000,-1000,,,-754,,,,
2024-04-08,Bryson Stott,/mlb/props/bryson-stott-ss/,PHI at STL,PHI,"2B,SS",0.5,+310,+350,+330,+350,+330,,,+300,+350,+350,,,+287,,,,,-475,-454,-525,-500,-525,,,-550,-590,-590,,,-454,,,,
2024-04-08,J.T. Realmuto,/mlb/props/jt-realmuto/,PHI at STL,PHI,C,0.5,+310,+330,+320,+320,+330,,,+300,+325,+325,,,+300,,,,,-475,-450,-525,-450,-525,,,-550,-560,-560,,,-479,,,,
2024-04-08,Ivan Herrera,/mlb/props/ivan-herrera/,PHI at STL,STL,"C,DH",0.5,+380,+460,+425,+425,+450,,,+360,+460,+460,,,+414,,,,,-800,-650,-754,-650,-750,,,-750,-910,-910,,,-754,,,,
2024-04-08,Garrett Stubbs,/mlb/props/garrett-stubbs/,PHI at STL,PHI,"C,DH",0.5,+425,+450,+414,+450,+450,,,+380,,,,,+414,,,,,-750,-700,-754,-700,-800,,,-800,,,,,-754,,,,
2024-04-08,Brendan Donovan,/mlb/props/brendan-donovan/,PHI at STL,SEA,"2B,3B,SS,LF",0.5,+370,+380,+370,+375,+370,,,+320,+380,+380,,,+323,,,,,-600,-529,-600,-550,-600,,,-650,-715,-715,,,-529,,,,
2024-04-08,Willson Contreras,/mlb/props/willson-contreras/,PHI at STL,BOS,1B,0.5,+425,+400,+390,+400,+400,,,+350,+390,+390,,,+376,,,,,-750,-600,-654,-600,-650,,,-700,-715,-715,,,-654,,,,
2024-04-08,Kyle Schwarber,/mlb/props/kyle-schwarber/,PHI at STL,PHI,"LF,DH",0.5,+340,+375,+334,+375,+370,,,+320,+270,+270,,,+334,,,,,-525,-435,-550,-550,-600,,,-650,-435,-435,,,-554,,,,
2024-04-08,Nolan Arenado,/mlb/props/nolan-arenado/,PHI at STL,ARI,3B,0.5,+380,+375,+360,+375,+360,,,+320,+370,+370,,,+345,,,,,-650,-550,-600,-550,-575,,,-600,-670,-670,,,-579,,,,
2024-04-08,Alec Burleson,/mlb/props/alec-burleson/,PHI at STL,STL,"1B,LF,RF,DH",0.5,+360,+410,+390,+400,+390,,,+350,+410,+410,,,+334,,,,,-575,-554,-650,-600,-650,,,-700,-770,-770,,,-554,,,,
2024-04-08,Paul Goldschmidt,/mlb/props/paul-goldschmidt/,PHI at STL,NYY,"1B,DH",0.5,+400,+425,+400,+400,+425,,,+350,+420,+420,,,+386,,,,,-650,-600,-679,-600,-700,,,-700,-770,-770,,,-679,,,,
2024-04-08,Masyn Winn,/mlb/props/masyn-winn-p/,PHI at STL,STL,SS,0.5,+600,+500,+500,+525,+500,,,+450,,,,,+464,,,,,-1200,-850,-904,-850,-1000,,,-1000,,,,,-904,,,,
2024-04-08,Jordan Walker,/mlb/props/jordan-walker/,PHI at STL,STL,"LF,RF",0.5,+390,+440,+400,+400,+400,,,+350,+440,+440,,,+345,,,,,-650,-579,-650,-600,-650,,,-700,-835,-835,,,-579,,,,
2024-04-08,Nolan Gorman,/mlb/props/nolan-gorman/,PHI at STL,STL,"2B,3B,DH",0.5,+425,+425,+376,+425,+425,,,+360,+370,+370,,,+376,,,,,-750,-650,-670,-650,-700,,,-750,-670,-670,,,-654,,,,
2024-04-08,Nick Castellanos,/mlb/props/nick-castellanos/,PHI at STL,FA,"RF,DH",0.5,+350,+400,+390,+400,+390,,,+350,+400,+400,,,+355,,,,,-550,-600,-650,-600,-650,,,-700,-715,-715,,,-604,,,,
2024-04-08,Bryce Harper,/mlb/props/bryce-harper/,PHI at STL,PHI,"1B,DH",0.5,+300,+320,+295,+320,+310,,,+280,+295,+295,,,+287,,,,,-450,-450,-475,-450,-475,,,-525,-480,-480,,,-454,,,,
2024-04-08,Brandon Marsh,/mlb/props/brandon-marsh/,PHI at STL,PHI,"LF,CF,RF",0.5,+350,+400,+375,+375,+380,,,+320,+400,+400,,,+323,,,,,-550,-529,-600,-550,-600,,,-650,-770,-770,,,-529,,,,
2024-04-08,Johan Rojas,/mlb/props/johan-rojas/,PHI at STL,PHI,CF,0.5,+450,+500,+431,+500,+475,,,+400,,,,,+431,,,,,-800,-800,-804,-800,-900,,,-900,,,,,-804,,,,
2024-04-08,Trea Turner,/mlb/props/trea-turner/,PHI at STL,PHI,SS,0.5,+270,+320,+280,+290,+280,,,+260,+320,+320,,,+275,,,,,-390,-390,-450,-390,-425,,,-450,-530,-530,,,-429,,,,
2024-04-08,Yainer Diaz,/mlb/props/yainer-diaz-c/,HOU at TEX,HOU,"C,DH",0.5,+310,+350,+320,+320,+330,,,+300,+350,+350,,,+287,,,,,-475,-450,-525,-450,-525,,,-550,-590,-590,,,-454,,,,
2024-04-08,Mauricio Dubon,/mlb/props/mauricio-dubon/,HOU at TEX,ATL,"2B,3B,SS,LF,CF",0.5,+360,+360,+350,+350,+360,,,+320,,,,,+323,,,,,-575,-500,-529,-500,-575,,,-600,,,,,-529,,,,
2024-04-08,Corey Seager,/mlb/props/corey-seager/,HOU at TEX,TEX,SS,0.5,+400,+310,+285,+310,+295,,,+270,+285,+285,,,+262,,,,,-650,-404,-450,-425,-450,,,-500,-455,-455,,,-404,,,,
2024-04-08,Victor Caratini,/mlb/props/victor-caratini/,HOU at TEX,MIN,"C,1B,DH",0.5,+450,+475,+450,+475,+450,,,+380,,,,,+395,,,,,-800,-704,-750,-750,-800,,,-800,,,,,-704,,,,
2024-04-08,Chas McCormick,/mlb/props/chas-mccormick/,HOU at TEX,CHC,"LF,CF,RF",0.5,+400,+390,+370,+375,+370,,,+320,+390,+390,,,+334,,,,,-650,-550,-600,-550,-600,,,-650,-715,-715,,,-554,,,,
2024-04-08,Josh Smith,/mlb/props/josh-smith-ss/,HOU at TEX,TEX,"1B,2B,3B,SS,LF,RF",0.5,+400,+430,+400,+400,+400,,,+350,+430,+430,,,+366,,,,,-650,-600,-650,-600,-650,,,-700,-835,-835,,,-629,,,,
2024-04-08,Leody Taveras,/mlb/props/leody-taveras-of/,HOU at TEX,BAL,"CF,RF",0.5,+475,+425,+376,+425,+425,,,+360,,,,,+376,,,,,-900,-650,-700,-650,-700,,,-750,,,,,-654,,,,
2024-04-08,Kyle Tucker,/mlb/props/kyle-tucker/,HOU at TEX,LAD,"RF,DH",0.5,+400,+400,+376,+400,+400,,,+350,+350,+350,,,+376,,,,,-700,-590,-650,-600,-650,,,-700,-590,-590,,,-654,,,,
2024-04-08,Marcus Semien,/mlb/props/marcus-semien/,HOU at TEX,NYM,2B,0.5,+295,+320,+300,+320,+320,,,+280,+295,+295,,,+300,,,,,-450,-450,-480,-450,-500,,,-525,-480,-480,,,-479,,,,
2024-04-08,Justin Foscue,/mlb/props/justin-foscue/,HOU at TEX,TEX,"1B,2B,DH",0.5,+448,+500,+448,+500,,,,+400,,,,,+448,,,,,-854,-800,-854,-800,,,,-900,,,,,-854,,,,
2024-04-08,Evan Carter,/mlb/props/evan-carter/,HOU at TEX,TEX,"LF,CF,RF",0.5,+600,+440,+425,+425,+425,,,+360,+440,+440,,,+366,,,,,-1200,-629,-700,-650,-700,,,-750,-910,-910,,,-629,,,,
2024-04-08,Jeremy Pena,/mlb/props/jeremy-pena/,HOU at TEX,HOU,SS,0.5,+370,+375,+350,+375,+370,,,+320,+350,+350,,,+334,,,,,-600,-550,-590,-550,-600,,,-600,-590,-590,,,-554,,,,
2024-04-08,Adolis Garcia,/mlb/props/jose-adolis-garcia/,HOU at TEX,PHI,RF,0.5,+425,+390,+355,+375,+390,,,+320,+310,+310,,,+355,,,,,-700,-530,-604,-550,-650,,,-650,-530,-530,,,-604,,,,
2024-04-08,Ezequiel Duran,/mlb/props/ezequiel-duran/,HOU at TEX,TEX,"1B,2B,3B,SS,LF,RF",0.5,+425,+400,+400,+400,+400,,,+350,+400,+400,,,+366,,,,,-700,-600,-650,-600,-650,,,-700,-770,-770,,,-629,,,,
2024-04-08,Jose Altuve,/mlb/props/jose-altuve/,HOU at TEX,HOU,"2B,LF,DH",0.5,+285,+325,+290,+300,+290,,,+260,+325,+325,,,+262,,,,,-425,-400,-450,-400,-425,,,-450,-560,-560,,,-404,,,,
2024-04-08,Jonah Heim,/mlb/props/jonah-heim/,HOU at TEX,ATH,"C,DH",0.5,+350,+370,+340,+350,+340,,,+320,+370,+370,,,+311,,,,,-550,-500,-550,-500,-550,,,-600,-670,-670,,,-504,,,,
2024-04-08,Jared Walsh,/mlb/props/jared-walsh/,HOU at TEX,FA,"1B,RF",0.5,+500,+500,+464,+525,+500,,,+450,+460,+460,,,+464,,,,,-1000,-850,-910,-850,-1000,,,-1000,-910,-910,,,-904,,,,
2024-04-08,Wyatt Langford,/mlb/props/wyatt-langford/,HOU at TEX,TEX,"LF,CF",0.5,+330,+375,+370,+375,+370,,,+320,+370,+370,,,+334,,,,,-525,-550,-600,-550,-600,,,-650,-670,-670,,,-554,,,,
2024-04-08,Jake Meyers,/mlb/props/jacob-meyers/,HOU at TEX,HOU,CF,0.5,+450,+475,+414,+475,+475,,,+400,,,,,+414,,,,,-800,-750,-800,-750,-800,,,-900,,,,,-754,,,,
2024-04-08,Yordan Alvarez,/mlb/props/yordan-alvarez/,HOU at TEX,HOU,"LF,DH",0.5,+390,+400,+355,+400,+400,,,+350,+340,+340,,,+355,,,,,-650,-590,-604,-600,-650,,,-700,-590,-590,,,-604,,,,
2024-04-08,Jose Abreu,/mlb/props/jose-dariel-abreu/,HOU at TEX,FA,1B,0.5,+360,+400,+360,+375,+360,,,+320,+400,+400,,,+334,,,,,-575,-550,-575,-550,-575,,,-650,-715,-715,,,-554,,,,
2024-04-08,Alex Bregman,/mlb/props/alex-bregman/,HOU at TEX,CHC,"3B,DH",0.5,+310,+370,+310,+320,+310,,,+280,+370,+370,,,+275,,,,,-475,-429,-475,-450,-475,,,-525,-670,-670,,,-429,,,,
2024-04-08,Andrew Knizner,/mlb/props/andrew-knizner/,HOU at TEX,BOS,C,0.5,+475,+500,+414,+500,+500,,,+400,,,,,+414,,,,,-900,-754,-800,-800,-900,,,-900,,,,,-754,,,,
2024-04-08,Ketel Marte,/mlb/props/ketel-marte/,ARI at COL,ARI,"2B,DH",0.5,+180,+195,+180,+190,+180,,,+175,+195,+195,,,+159,,,,,-250,-224,-250,-240,-250,,,-250,-286,-286,,,-224,,,,
2024-04-08,Lourdes Gurriel Jr.,/mlb/props/lourdes-gurriel-jr/,ARI at COL,ARI,"LF,DH",0.5,+215,+245,+205,+210,+205,,,+190,+245,+245,,,+178,,,,,-300,-254,-285,-270,-285,,,-275,-375,-375,,,-254,,,,
2024-04-08,Christian Walker,/mlb/props/christian-walker/,ARI at COL,HOU,1B,0.5,+235,+275,+220,+220,+210,,,+200,+275,+275,,,+190,,,,,-340,-274,-300,-290,-295,,,-300,-435,-435,,,-274,,,,
2024-04-08,Eugenio Suarez,/mlb/props/eugenio-suarez/,ARI at COL,CIN,"3B,DH",0.5,+280,+325,+270,+280,+270,,,+240,+325,+325,,,+247,,,,,-425,-374,-425,-380,-400,,,-425,-560,-560,,,-374,,,,
2024-04-08,Randal Grichuk,/mlb/props/randal-grichuk/,ARI at COL,CWS,"LF,RF,DH",0.5,+220,+220,+200,+220,+210,,,+200,,,,,+190,,,,,-310,-274,-290,-290,-295,,,-300,,,,,-274,,,,
2024-04-08,Charlie Blackmon,/mlb/props/charlie-blackmon/,ARI at COL,FA,"RF,DH",0.5,+270,+350,+285,+300,+285,,,+260,+350,+350,,,+227,,,,,-390,-339,-425,-400,-425,,,-450,-590,-590,,,-339,,,,
2024-04-08,Elias Diaz,/mlb/props/elias-diaz/,ARI at COL,TEX,C,0.5,+300,+350,+290,+310,+290,,,+270,+350,+350,,,+252,,,,,-450,-384,-425,-425,-425,,,-500,-590,-590,,,-384,,,,
2024-04-08,Brendan Rodgers,/mlb/props/brendan-rodgers/,ARI at COL,BOS,2B,0.5,+265,+340,+310,+320,+310,,,+280,+340,+340,,,+275,,,,,-390,-429,-475,-450,-475,,,-525,-590,-590,,,-429,,,,
2024-04-08,Kevin Newman,/mlb/props/kevin-newman/,ARI at COL,KC,"1B,2B,3B,SS",0.5,+310,+310,+295,+310,+295,,,+270,,,,,+262,,,,,-475,-404,-450,-425,-450,,,-500,,,,,-404,,,,
2024-04-08,Gabriel Moreno,/mlb/props/gabriel-moreno/,ARI at COL,ARI,C,0.5,+280,+310,+255,+265,+255,,,+230,+310,+310,,,+227,,,,,-425,-339,-400,-360,-370,,,-400,-530,-530,,,-339,,,,
2024-04-08,Corbin Carroll,/mlb/props/corbin-carroll-of/,ARI at COL,ARI,"CF,RF",0.5,+295,+310,+295,+310,+295,,,+270,+310,+310,,,+252,,,,,-450,-384,-450,-425,-450,,,-500,-500,-500,,,-384,,,,
2024-04-08,Nolan Jones,/mlb/props/nolan-jones-3b/,ARI at COL,CWS,"LF,CF,RF",0.5,+330,+400,+370,+375,+370,,,+320,+400,+400,,,+311,,,,,-525,-504,-600,-550,-600,,,-650,-770,-770,,,-504,,,,
2024-04-08,Ryan McMahon,/mlb/props/ryan-mcmahon/,ARI at COL,NYY,3B,0.5,+360,+420,+350,+350,+350,,,+320,+420,+420,,,+300,,,,,-575,-479,-575,-500,-575,,,-600,-770,-770,,,-479,,,,
2024-04-08,Elehuris Montero,/mlb/props/elehuris-montero-3b/,ARI at COL,FA,"1B,3B",0.5,+330,+350,+300,+350,+330,,,+300,,,,,+275,,,,,-500,-429,-500,-500,-525,,,-550,,,,,-429,,,,
2024-04-08,Brenton Doyle,/mlb/props/brenton-doyle/,ARI at COL,COL,CF,0.5,+360,+375,+360,+375,+360,,,+320,,,,,+323,,,,,-575,-529,-575,-550,-575,,,-650,,,,,-529,,,,
2024-04-08,Ezequiel Tovar,/mlb/props/ezequiel-tovar/,ARI at COL,COL,SS,0.5,+310,+320,+270,+290,+270,,,+260,+320,+320,,,+247,,,,,-475,-374,-400,-390,-400,,,-450,-530,-530,,,-374,,,,
2024-04-08,Kris Bryant,/mlb/props/kris-bryant/,ARI at COL,COL,DH,0.5,+295,+375,+310,+320,+310,,,+280,+375,+375,,,+287,,,,,-450,-450,-525,-450,-475,,,-525,-670,-670,,,-454,,,,
2024-04-08,Blaze Alexander,/mlb/props/blaze-alexander/,ARI at COL,BAL,"2B,3B,SS,LF,CF",0.5,+300,+380,+300,+300,+280,,,+260,+380,+380,,,+262,,,,,-450,-400,-450,-400,-425,,,-450,-670,-670,,,-404,,,,
2024-04-08,Isaac Paredes,/mlb/props/isaac-paredes/,TB at LAA,HOU,"1B,3B,DH",0.5,+390,+425,+380,+400,+380,,,+320,+425,+425,,,+345,,,,,-650,-579,-650,-600,-650,,,-650,-835,-835,,,-579,,,,
2024-04-08,Jose Siri,/mlb/props/jose-siri/,TB at LAA,LAA,"LF,CF",0.5,+500,+500,+448,+500,+475,,,+400,,,,,+448,,,,,-1000,-800,-854,-800,-900,,,-900,,,,,-854,,,,
2024-04-08,Mike Trout,/mlb/props/mike-trout/,TB at LAA,LAA,"CF,RF,DH",0.5,+425,+425,+400,+400,+400,,,+350,+425,+425,,,+355,,,,,-700,-600,-650,-600,-650,,,-700,-835,-835,,,-604,,,,
2024-04-08,Rene Pinto,/mlb/props/rene-pinto/,TB at LAA,PHI,C,0.5,+600,+480,+550,+550,+550,,,+450,+600,+600,,,+480,,,,,-1200,-900,-1100,-900,-1100,,,-1100,-1667,-1667,,,-954,,,,
2024-04-08,Nolan Schanuel,/mlb/props/nolan-schanuel/,TB at LAA,LAA,1B,0.5,+475,+475,+450,+475,+475,,,+400,+450,+450,,,+431,,,,,-900,-750,-804,-750,-900,,,-900,-910,-910,,,-804,,,,
2024-04-08,Zach Neto,/mlb/props/zach-neto/,TB at LAA,LAA,SS,0.5,+550,+475,+414,+475,+475,,,+400,,,,,+414,,,,,-1000,-750,-800,-750,-800,,,-900,,,,,-754,,,,
2024-04-08,Anthony Rendon,/mlb/props/anthony-rendon/,TB at LAA,LAA,3B,0.5,+380,+460,+375,+375,+360,,,+320,+460,+460,,,+334,,,,,-600,-550,-650,-550,-575,,,-650,-910,-910,,,-554,,,,
2024-04-08,Luis Rengifo,/mlb/props/luis-rengifo/,TB at LAA,SD,"2B,3B,OF",0.5,+475,+500,+431,+475,+475,,,+380,+500,+500,,,+431,,,,,-900,-750,-804,-750,-800,,,-800,-1000,-1000,,,-804,,,,
2024-04-08,Jose Caballero,/mlb/props/jose-caballero/,TB at LAA,NYY,"2B,3B,SS,LF,RF",0.5,+500,+475,+475,+475,+475,,,+400,+525,+525,,,+431,,,,,-900,-750,-900,-750,-800,,,-900,-1250,-1250,,,-804,,,,
2024-04-08,Harold Ramirez,/mlb/props/harold-ramirez-of/,TB at LAA,FA,"LF,RF,DH",0.5,+360,+350,+320,+350,+350,,,+300,+320,+320,,,+311,,,,,-575,-500,-530,-500,-550,,,-550,-530,-530,,,-504,,,,
2024-04-08,Curtis Mead,/mlb/props/curtis-meade/,TB at LAA,WSH,"1B,2B,3B",0.5,+425,+425,+420,+425,+425,,,,+420,+420,,,+395,,,,,-750,-650,-704,-650,-750,,,,-770,-770,,,-704,,,,
2024-04-08,Brandon Drury,/mlb/props/brandon-drury/,TB at LAA,KC,"1B,2B,3B",0.5,+425,+480,+425,+425,+425,,,+360,+480,+480,,,+386,,,,,-750,-650,-750,-650,-750,,,-750,-1000,-1000,,,-679,,,,
2024-04-08,Miguel Sano,/mlb/props/miguel-sano/,TB at LAA,FA,"1B,3B",0.5,+475,+450,+395,+450,+450,,,+380,,,,,+395,,,,,-900,-700,-704,-700,-800,,,-800,,,,,-704,,,,
2024-04-08,Yandy Diaz,/mlb/props/yandy-diaz/,TB at LAA,TB,"1B,DH",0.5,+300,+340,+295,+300,+295,,,+270,+340,+340,,,+275,,,,,-450,-400,-450,-400,-450,,,-500,-590,-590,,,-429,,,,
2024-04-08,Logan O'Hoppe,/mlb/props/logan-ohoppe/,TB at LAA,LAA,C,0.5,+425,+500,+425,+450,+425,,,+360,+500,+500,,,+386,,,,,-750,-679,-750,-700,-750,,,-750,-1115,-1115,,,-679,,,,
2024-04-08,Randy Arozarena,/mlb/props/randy-arozarena/,TB at LAA,SEA,"LF,CF",0.5,+390,+400,+375,+375,+390,,,+320,+400,+400,,,+345,,,,,-650,-550,-650,-550,-650,,,-650,-715,-715,,,-579,,,,
2024-04-08,Mickey Moniak,/mlb/props/mckenzie-moniak/,TB at LAA,COL,"LF,CF,RF,DH",0.5,+500,+425,+395,+425,+425,,,+360,,,,,+395,,,,,-1000,-650,-704,-650,-750,,,-750,,,,,-704,,,,
2024-04-08,Taylor Ward,/mlb/props/taylor-ward/,TB at LAA,BAL,LF,0.5,+390,+420,+390,+400,+390,,,+350,+420,+420,,,+345,,,,,-650,-579,-650,-600,-650,,,-700,-770,-770,,,-579,,,,
2024-04-08,Amed Rosario,/mlb/props/amed-rosario/,TB at LAA,NYY,"2B,3B,OF",0.5,+310,+370,+320,+320,+330,,,+300,+370,+370,,,+287,,,,,-475,-450,-525,-450,-525,,,-550,-670,-670,,,-454,,,,
2024-04-08,Jackson Merrill,/mlb/props/jackson-merrill/,CHC at SD,SD,CF,0.5,+450,+450,+425,+425,+425,,,+360,+450,+450,,,+386,,,,,-800,-650,-750,-650,-750,,,-750,-910,-910,,,-679,,,,
2024-04-08,Nico Hoerner,/mlb/props/nico-hoerner/,CHC at SD,CHC,"2B,SS",0.5,+380,+500,+375,+375,+360,,,+320,+500,+500,,,+345,,,,,-600,-550,-650,-550,-575,,,-650,-1115,-1115,,,-579,,,,
2024-04-08,Dansby Swanson,/mlb/props/dansby-swanson/,CHC at SD,CHC,SS,0.5,+370,+450,+360,+350,+360,,,+320,+450,+450,,,+311,,,,,-600,-500,-600,-500,-575,,,-600,-910,-910,,,-504,,,,
2024-04-08,Seiya Suzuki,/mlb/props/seiya-suzuki/,CHC at SD,CHC,"LF,RF,DH",0.5,+340,+400,+340,+350,+340,,,+300,+400,+400,,,+323,,,,,-550,-500,-550,-500,-525,,,-550,-715,-715,,,-529,,,,
2024-04-08,Ian Happ,/mlb/props/ian-happ/,CHC at SD,CHC,LF,0.5,+425,+400,+366,+400,+400,,,+350,,,,,+366,,,,,-700,-600,-650,-600,-650,,,-700,,,,,-629,,,,
2024-04-08,Xander Bogaerts,/mlb/props/xander-bogaerts/,CHC at SD,SD,SS,0.5,+400,+425,+400,+425,+425,,,+360,+400,+400,,,+366,,,,,-700,-629,-700,-650,-700,,,-750,-770,-770,,,-629,,,,
2024-04-08,Luis Campusano,/mlb/props/luis-campusano/,CHC at SD,SD,"C,DH",0.5,+400,+460,+425,+425,+425,,,+360,+460,+460,,,+386,,,,,-650,-650,-750,-650,-700,,,-750,-910,-910,,,-679,,,,
2024-04-08,Christopher Morel,/mlb/props/christopher-morel/,CHC at SD,MIA,"1B,LF,DH",0.5,+400,+440,+425,+425,+425,,,+360,+440,+440,,,+366,,,,,-700,-629,-750,-650,-750,,,-750,-835,-835,,,-629,,,,
2024-04-08,Mike Tauchman,/mlb/props/mike-tauchman/,CHC at SD,NYM,"LF,CF,RF",0.5,+550,+480,+550,+600,+550,,,+450,+600,+600,,,+480,,,,,-1100,-954,-1100,-1000,-1200,,,-1100,-1430,-1430,,,-954,,,,
2024-04-08,Ha-Seong Kim,/mlb/props/ha-seong-kim/,CHC at SD,ATL,"2B,SS",0.5,+475,+500,+431,+500,+475,,,+400,,,,,+431,,,,,-900,-800,-804,-800,-900,,,-900,,,,,-804,,,,
2024-04-08,Jurickson Profar,/mlb/props/jurickson-profar/,CHC at SD,ATL,LF,0.5,+450,+475,+450,+450,+450,,,+380,+475,+475,,,+414,,,,,-800,-700,-800,-700,-800,,,-800,-1000,-1000,,,-754,,,,
2024-04-08,Manny Machado,/mlb/props/manny-machado/,CHC at SD,SD,"3B,DH",0.5,+360,+380,+375,+375,+380,,,+320,+375,+375,,,+334,,,,,-575,-550,-600,-550,-600,,,-650,-670,-670,,,-554,,,,
2024-04-08,Michael Busch,/mlb/props/michael-busch-2b/,CHC at SD,CHC,1B,0.5,+450,+450,+450,+450,+450,,,+380,+510,+510,,,+414,,,,,-800,-700,-800,-700,-800,,,-800,-1115,-1115,,,-754,,,,
2024-04-08,Jake Cronenworth,/mlb/props/jacob-cronenworth/,CHC at SD,SD,"1B,2B,SS",0.5,+350,+410,+370,+375,+370,,,+320,+410,+410,,,+334,,,,,-550,-550,-600,-550,-600,,,-650,-770,-770,,,-554,,,,
2024-04-08,Fernando Tatis Jr.,/mlb/props/fernando-tatis-jr/,CHC at SD,SD,"2B,RF",0.5,+330,+360,+350,+350,+350,,,+320,+360,+360,,,+311,,,,,-525,-500,-550,-500,-550,,,-600,-625,-625,,,-504,,,,
2024-04-08,Tyler Wade,/mlb/props/tyler-wade/,CHC at SD,FA,"2B,LF,CF",0.5,+600,+500,+548,+650,+650,,,+500,,,,,+548,,,,,-1200,-1100,-1203,-1100,-1400,,,-1200,,,,,-1204,,,,
2024-04-08,Miguel Amaya,/mlb/props/miguel-amaya-c/,CHC at SD,CHC,"C,DH",0.5,+600,+500,+500,+600,+600,,,+500,,,,,+495,,,,,-1200,-1000,-1004,-1000,-1200,,,-1200,,,,,-1004,,,,
2024-04-08,Cody Bellinger,/mlb/props/cody-bellinger/,CHC at SD,NYY,"LF,CF,RF",0.5,+390,+430,+400,+400,+400,,,+350,+430,+430,,,+345,,,,,-650,-579,-650,-600,-650,,,-700,-835,-835,,,-579,,,,
2024-04-08,Patrick Bailey,/mlb/props/patrick-bailey/,WSH at SF,CLE,C,0.5,+340,+350,+320,+350,+340,,,+320,,,,,+300,,,,,-550,-479,-525,-500,-525,,,-600,,,,,-479,,,,
2024-04-08,Jorge Soler,/mlb/props/jorge-soler/,WSH at SF,LAA,"RF,DH",0.5,+360,+380,+345,+375,+380,,,+320,+310,+310,,,+345,,,,,-575,-500,-579,-550,-600,,,-650,-500,-500,,,-579,,,,
2024-04-08,Mike Yastrzemski,/mlb/props/michael-yastrzemski/,WSH at SF,ATL,"LF,CF,RF",0.5,+295,+360,+295,+310,+295,,,+270,+360,+360,,,+275,,,,,-450,-425,-500,-425,-450,,,-500,-625,-625,,,-429,,,,
2024-04-08,Michael Conforto,/mlb/props/michael-conforto/,WSH at SF,CHC,"LF,RF,DH",0.5,+290,+330,+290,+300,+290,,,+260,+330,+330,,,+262,,,,,-425,-400,-450,-400,-425,,,-450,-560,-560,,,-404,,,,
2024-04-08,Jacob Young,/mlb/props/jacob-young/,WSH at SF,WSH,CF,0.5,+550,+450,+425,+425,+425,,,,+450,+450,,,+395,,,,,-1100,-650,-750,-650,-750,,,,-910,-910,,,-704,,,,
2024-04-08,Lane Thomas,/mlb/props/lane-thomas/,WSH at SF,KC,"LF,CF,RF",0.5,+360,+400,+370,+375,+370,,,+320,+400,+400,,,+334,,,,,-575,-550,-600,-550,-600,,,-650,-770,-770,,,-554,,,,
2024-04-08,Joey Meneses,/mlb/props/joey-meneses/,WSH at SF,ATH,1B,0.5,+380,+380,+360,+375,+360,,,+320,+380,+380,,,+334,,,,,-650,-550,-575,-550,-575,,,-600,-670,-670,,,-554,,,,
2024-04-08,Joey Gallo,/mlb/props/joey-gallo/,WSH at SF,FA,"1B,LF,CF,RF",0.5,+650,+500,+522,+650,+600,,,+500,+500,+500,,,+522,,,,,-1400,-1100,-1200,-1100,-1400,,,-1200,-1115,-1115,,,-1104,,,,
2024-04-08,Jesse Winker,/mlb/props/jesse-winker/,WSH at SF,FA,"LF,RF,DH",0.5,+600,+500,+525,+525,+500,,,+450,+650,+650,,,+464,,,,,-1200,-850,-1000,-850,-1000,,,-1000,-1667,-1667,,,-904,,,,
2024-04-08,Ildemaro Vargas,/mlb/props/ildemaro-vargas/,WSH at SF,ARI,"1B,2B",0.5,+400,+430,+390,+400,+390,,,+350,+430,+430,,,+355,,,,,-650,-600,-650,-600,-650,,,-700,-835,-835,,,-604,,,,
2024-04-08,CJ Abrams,/mlb/props/cj-abrams/,WSH at SF,WSH,SS,0.5,+425,+425,+390,+425,+425,,,+360,+390,+390,,,+386,,,,,-750,-650,-715,-650,-750,,,-750,-715,-715,,,-679,,,,
2024-04-08,Trey Lipscomb,/mlb/props/trey-lipscomb/,WSH at SF,WSH,3B,0.5,+550,+500,+480,+500,+500,,,+400,+480,+480,,,+431,,,,,-1000,-800,-900,-800,-900,,,-900,-1000,-1000,,,-804,,,,
2024-04-08,Thairo Estrada,/mlb/props/thairo-estrada/,WSH at SF,FA,2B,0.5,+350,+375,+335,+375,+370,,,+320,+335,+335,,,+323,,,,,-575,-529,-590,-550,-600,,,-650,-590,-590,,,-529,,,,
2024-04-08,Matt Chapman,/mlb/props/matt-chapman/,WSH at SF,SF,3B,0.5,+330,+350,+300,+350,+340,,,+300,+295,+295,,,+300,,,,,-525,-479,-500,-500,-525,,,-550,-480,-480,,,-479,,,,
2024-04-08,Wilmer Flores,/mlb/props/wilmer-flores/,WSH at SF,FA,"1B,DH",0.5,+320,+350,+320,+350,+330,,,+300,+320,+320,,,+311,,,,,-600,-500,-525,-500,-525,,,-550,-530,-530,,,-504,,,,
2024-04-08,Luis Garcia,/mlb/props/luis-garcia-2b/,WSH at SF,WSH,"1B,2B,DH",0.5,+360,+425,+425,+425,+425,,,+360,,,,,,,,,,-750,-650,-750,-650,-750,,,-750,,,,,,,,,
2024-04-08,Jung Hoo Lee,/mlb/props/jung-lee/,WSH at SF,SF,"CF,RF",0.5,+270,+300,+270,+280,+270,,,+260,+300,+300,,,+247,,,,,-400,-374,-400,-380,-400,,,-450,-480,-480,,,-374,,,,
2024-04-08,Nick Ahmed,/mlb/props/nick-ahmed/,WSH at SF,FA,SS,0.5,+450,+500,+431,+500,+500,,,+400,,,,,+431,,,,,-800,-800,-804,-800,-900,,,-900,,,,,-804,,,,
2024-04-08,LaMonte Wade Jr.,/mlb/props/lamonte-wade/,WSH at SF,HOU,"1B,RF",0.5,+280,+350,+285,+300,+285,,,+260,+350,+350,,,+252,,,,,-425,-384,-450,-400,-425,,,-450,-590,-590,,,-384,,,,
2024-04-08,Keibert Ruiz,/mlb/props/keibert-ruiz/,WSH at SF,WSH,C,0.5,+370,+380,+360,+375,+360,,,+320,+380,+380,,,+334,,,,,-600,-550,-575,-550,-575,,,-600,-670,-670,,,-554,,,,
