Date,Player,Player_Page,Matchup,Team,Position,Line,Open_Over,Best Odds_Over,Consensus_Over,bet365_Over,DraftKings_Over,BetMGM_Over,FanDuel_Over,theScore Bet_Over,BetRivers_Over,SugarHouse_Over,PartyCasino_Over,Fliff_Over,Caesars_Over,PointsBet_Over,Hard Rock Bet_Over,ESPNBet_Over,Fanatics_Over,Open_Under,Best Odds_Under,Consensus_Under,bet365_Under,DraftKings_Under,BetMGM_Under,FanDuel_Under,theScore Bet_Under,BetRivers_Under,SugarHouse_Under,PartyCasino_Under,Fliff_Under,Caesars_Under,PointsBet_Under,Hard Rock Bet_Under,ESPNBet_Under,Fanatics_Under
2024-04-01,Paul DeJong,/mlb/props/paul-dejong/,ATL at CWS,FA,"2B,3B,SS",0.5,+310,+310,+300,,+310,,,+300,+300,+300,,,+287,,,,,-475,-454,-475,,-475,,,-500,-500,-500,,,-454,,,,
2024-04-01,Michael Harris II,/mlb/props/michael-harris/,ATL at CWS,ATL,CF,0.5,+175,+172,+170,,+170,,,+170,+165,+165,,,+172,,,,,-240,-235,-240,,-235,,,-235,-240,-240,,,-244,,,,
2024-04-01,Travis d'Arnaud,/mlb/props/travis-darnaud/,ATL at CWS,LAA,C,0.5,+165,+175,+160,,+160,,,+160,+175,+175,,,+159,,,,,-230,-215,-224,,-220,,,-215,-250,-250,,,-224,,,,
2024-04-01,Orlando Arcia,/mlb/props/orlando-arcia/,ATL at CWS,MIN,"1B,2B,3B,SS",0.5,+190,+190,+180,,+190,,,+175,+180,+180,,,+178,,,,,-265,-250,-254,,-260,,,-250,-250,-250,,,-254,,,,
2024-04-01,Austin Riley,/mlb/props/austin-riley/,ATL at CWS,ATL,3B,0.5,+125,+118,+115,,+115,,,+115,+105,+105,,,+118,,,,,-165,-143,-150,,-155,,,-150,-143,-143,,,-163,,,,
2024-04-01,Yoan Moncada,/mlb/props/yoan-moncada/,ATL at CWS,LAA,3B,0.5,+370,+330,+300,,+330,,,+300,+300,+300,,,+287,,,,,-600,-454,-500,,-500,,,-500,-500,-500,,,-454,,,,
2024-04-01,Jarred Kelenic,/mlb/props/jarred-kelenic/,ATL at CWS,TEX,"LF,CF,RF",0.5,+250,+225,+220,,+225,,,+220,,,,,+208,,,,,-360,-304,-320,,-320,,,-330,,,,,-304,,,,
2024-04-01,Nicky Lopez,/mlb/props/nicky-lopez/,ATL at CWS,TEX,"2B,3B,SS",0.5,+390,+370,+340,,+370,,,+340,,,,,+323,,,,,-650,-529,-600,,-600,,,-650,,,,,-529,,,,
2024-04-01,Marcell Ozuna,/mlb/props/marcell-ozuna/,ATL at CWS,PIT,DH,0.5,+125,+115,+112,,+115,,,+115,+110,+110,,,+112,,,,,-170,-150,-154,,-155,,,-150,-150,-150,,,-154,,,,
2024-04-01,Martin Maldonado,/mlb/props/martin-maldonado/,ATL at CWS,FA,C,0.5,+425,+360,+340,,+360,,,+340,,,,,+323,,,,,-750,-529,-575,,-575,,,-650,,,,,-529,,,,
2024-04-01,Gavin Sheets,/mlb/props/gavin-sheets/,ATL at CWS,SD,"1B,LF,RF,DH",0.5,+340,+280,+260,,+280,,,+260,,,,,+252,,,,,-550,-384,-425,,-425,,,-425,,,,,-384,,,,
2024-04-01,Matt Olson,/mlb/props/matt-olson/,ATL at CWS,ATL,1B,0.5,+130,+130,+120,,+130,,,+120,+106,+106,,,+123,,,,,-175,-143,-165,,-175,,,-165,-143,-143,,,-169,,,,
2024-04-01,Dominic Fletcher,/mlb/props/dominic-fletcher/,ATL at CWS,PIT,"CF,RF",0.5,+310,+330,+300,,+330,,,+300,,,,,+300,,,,,-475,-479,-525,,-525,,,-550,,,,,-479,,,,
2024-04-01,Luis Robert Jr.,/mlb/props/luis-robert/,ATL at CWS,NYM,CF,0.5,+220,+190,+185,,+190,,,+185,+180,+180,,,+178,,,,,-310,-254,-260,,-265,,,-260,-265,-265,,,-254,,,,
2024-04-01,Andrew Vaughn,/mlb/props/andrew-vaughn-1b/,ATL at CWS,MIL,1B,0.5,+215,+205,+195,,+195,,,+185,+205,+205,,,+190,,,,,-300,-260,-274,,-270,,,-260,-295,-295,,,-274,,,,
2024-04-01,Braden Shewmake,/mlb/props/braden-shewmake/,ATL at CWS,HOU,"2B,3B,SS",0.5,+360,+300,+280,,+300,,,+280,,,,,+275,,,,,-575,-429,-450,,-450,,,-450,,,,,-429,,,,
2024-04-01,Ozzie Albies,/mlb/props/ozhaino-albies/,ATL at CWS,ATL,2B,0.5,+150,+143,+140,,+140,,,+140,+116,+116,,,+143,,,,,-200,-159,-190,,-190,,,-190,-159,-159,,,-199,,,,
2024-04-01,Andrew Benintendi,/mlb/props/andrew-benintendi/,ATL at CWS,CWS,"LF,DH",0.5,+340,+310,+300,,+310,,,+300,+285,+285,,,+287,,,,,-550,-454,-475,,-475,,,-500,-455,-455,,,-454,,,,
2024-04-01,Ronald Acuna Jr.,/mlb/props/ronald-acuna/,ATL at CWS,ATL,RF,0.5,+130,+120,+120,,+120,,,+120,+107,+107,,,+120,,,,,-175,-148,-160,,-160,,,-160,-148,-148,,,-166,,,,
2024-04-01,Brenton Doyle,/mlb/props/brenton-doyle/,COL at CHC,COL,CF,0.5,+330,+340,+323,,+340,,,+320,,,,,+323,,,,,-525,-529,-550,,-550,,,-600,,,,,-529,,,,
2024-04-01,Nolan Jones,/mlb/props/nolan-jones-3b/,COL at CHC,CWS,"LF,CF,RF",0.5,+270,+285,+262,,+280,,,+250,+285,+285,,,+262,,,,,-400,-400,-425,,-425,,,-400,-455,-455,,,-404,,,,
2024-04-01,Yan Gomes,/mlb/props/yan-gomes/,COL at CHC,FA,C,0.5,+175,+180,+178,,+180,,,+170,,,,,+178,,,,,-235,-235,-250,,-250,,,-235,,,,,-254,,,,
2024-04-01,Cody Bellinger,/mlb/props/cody-bellinger/,COL at CHC,NYY,"LF,CF,RF",0.5,+150,+148,+143,,+145,,,+140,+148,+148,,,+143,,,,,-205,-190,-200,,-200,,,-190,-210,-210,,,-199,,,,
2024-04-01,Mike Tauchman,/mlb/props/mike-tauchman/,COL at CHC,NYM,"LF,CF,RF",0.5,+220,+235,+220,,+235,,,+220,,,,,+219,,,,,-310,-324,-330,,-330,,,-330,,,,,-324,,,,
2024-04-01,Ezequiel Tovar,/mlb/props/ezequiel-tovar/,COL at CHC,COL,SS,0.5,+255,+275,+252,,+275,,,+250,,,,,+252,,,,,-370,-384,-400,,-400,,,-400,,,,,-384,,,,
2024-04-01,Brendan Rodgers,/mlb/props/brendan-rodgers/,COL at CHC,BOS,2B,0.5,+195,+295,+265,,+265,,,+250,+295,+295,,,+262,,,,,-270,-390,-404,,-390,,,-400,-455,-455,,,-404,,,,
2024-04-01,Dansby Swanson,/mlb/props/dansby-swanson/,COL at CHC,CHC,SS,0.5,+165,+160,+155,,+160,,,+150,+155,+155,,,+146,,,,,-225,-204,-210,,-220,,,-210,-225,-225,,,-204,,,,
2024-04-01,Nico Hoerner,/mlb/props/nico-hoerner/,COL at CHC,CHC,"2B,SS",0.5,+200,+200,+196,,+200,,,+185,,,,,+196,,,,,-280,-260,-280,,-280,,,-260,,,,,-284,,,,
2024-04-01,Christopher Morel,/mlb/props/christopher-morel/,COL at CHC,MIA,"1B,LF,DH",0.5,+160,+150,+145,,+145,,,+140,+150,+150,,,+136,,,,,-215,-189,-190,,-190,,,-190,-210,-210,,,-189,,,,
2024-04-01,Ryan McMahon,/mlb/props/ryan-mcmahon/,COL at CHC,NYY,3B,0.5,+265,+285,+275,,+275,,,+250,+285,+285,,,+252,,,,,-390,-384,-400,,-400,,,-400,-435,-435,,,-384,,,,
2024-04-01,Ian Happ,/mlb/props/ian-happ/,COL at CHC,CHC,LF,0.5,+185,+190,+175,,+190,,,+175,+190,+190,,,+172,,,,,-255,-244,-260,,-260,,,-250,-278,-278,,,-244,,,,
2024-04-01,Charlie Blackmon,/mlb/props/charlie-blackmon/,COL at CHC,FA,"RF,DH",0.5,+295,+325,+300,,+300,,,+280,+325,+325,,,+275,,,,,-450,-429,-475,,-475,,,-450,-560,-560,,,-429,,,,
2024-04-01,Michael Busch,/mlb/props/michael-busch-2b/,COL at CHC,CHC,1B,0.5,+200,+195,+185,,+195,,,+185,+195,+195,,,+178,,,,,-280,-254,-270,,-270,,,-260,-286,-286,,,-254,,,,
2024-04-01,Kris Bryant,/mlb/props/kris-bryant/,COL at CHC,COL,DH,0.5,+230,+200,+185,,+185,,,+175,+200,+200,,,+184,,,,,-330,-250,-264,,-255,,,-250,-295,-295,,,-264,,,,
2024-04-01,Seiya Suzuki,/mlb/props/seiya-suzuki/,COL at CHC,CHC,"LF,RF,DH",0.5,+180,+195,+175,,+175,,,+165,+195,+195,,,+172,,,,,-245,-225,-244,,-240,,,-225,-286,-286,,,-244,,,,
2024-04-01,Elehuris Montero,/mlb/props/elehuris-montero-3b/,COL at CHC,FA,"1B,3B",0.5,+270,+285,+275,,+285,,,+260,,,,,+275,,,,,-400,-425,-425,,-425,,,-425,,,,,-429,,,,
2024-04-01,Elias Diaz,/mlb/props/elias-diaz/,COL at CHC,TEX,C,0.5,+225,+260,+230,,+230,,,+220,+260,+260,,,+227,,,,,-320,-330,-339,,-330,,,-330,-420,-420,,,-339,,,,
2024-04-01,Bryan Reynolds,/mlb/props/bryan-reynolds/,PIT at WSH,PIT,"LF,CF,RF,DH",0.5,+205,+210,+196,,+210,,,+200,+180,+180,,,+196,,,,,-290,-250,-284,,-295,,,-285,-250,-250,,,-284,,,,
2024-04-01,Keibert Ruiz,/mlb/props/keibert-ruiz/,PIT at WSH,WSH,C,0.5,+150,+175,+160,,+160,,,+165,+175,+175,,,+146,,,,,-205,-204,-225,,-220,,,-225,-245,-245,,,-204,,,,
2024-04-01,Trey Lipscomb,/mlb/props/trey-lipscomb/,PIT at WSH,WSH,3B,0.5,+245,+220,+213,,+220,,,+210,,,,,+213,,,,,-360,-300,-310,,-310,,,-300,,,,,-314,,,,
2024-04-01,Victor Robles,/mlb/props/victor-robles/,PIT at WSH,SEA,"LF,CF,RF",0.5,+275,+285,+265,,+285,,,+260,+265,+265,,,+262,,,,,-400,-404,-420,,-425,,,-425,-420,-420,,,-404,,,,
2024-04-01,Alika Williams,/mlb/props/alika-williams/,PIT at WSH,ATH,"2B,3B,SS",0.5,+330,+330,+300,,+330,,,,,,,,+300,,,,,-525,-479,-525,,-525,,,,,,,,-479,,,,
2024-04-01,Joey Meneses,/mlb/props/joey-meneses/,PIT at WSH,ATH,1B,0.5,+145,+155,+145,,+150,,,+145,+155,+155,,,+139,,,,,-195,-194,-200,,-200,,,-200,-215,-215,,,-194,,,,
2024-04-01,Oneil Cruz,/mlb/props/oneil-cruz-3b/,PIT at WSH,PIT,"CF,DH",0.5,+210,+225,+213,,+225,,,+210,+200,+200,,,+213,,,,,-295,-295,-314,,-320,,,-300,-295,-295,,,-314,,,,
2024-04-01,Ildemaro Vargas,/mlb/props/ildemaro-vargas/,PIT at WSH,ARI,"1B,2B",0.5,+195,+200,+190,,+200,,,+190,,,,,+190,,,,,-270,-274,-275,,-280,,,-275,,,,,-274,,,,
2024-04-01,Connor Joe,/mlb/props/connor-joe/,PIT at WSH,SEA,"LF,RF",0.5,+230,+235,+230,,+235,,,+230,+215,+215,,,+219,,,,,-330,-315,-324,,-340,,,-350,-315,-315,,,-324,,,,
2024-04-01,Riley Adams,/mlb/props/riley-adams/,PIT at WSH,WSH,C,0.5,+165,+200,+190,,+200,,,+190,,,,,+184,,,,,-225,-264,-275,,-280,,,-275,,,,,-264,,,,
2024-04-01,CJ Abrams,/mlb/props/cj-abrams/,PIT at WSH,WSH,SS,0.5,+210,+210,+205,,+210,,,+200,+205,+205,,,+196,,,,,-295,-284,-290,,-290,,,-285,-305,-305,,,-284,,,,
2024-04-01,Eddie Rosario,/mlb/props/eddie-rosario/,PIT at WSH,FA,"LF,CF,RF,DH",0.5,+255,+255,+240,,+255,,,+240,,,,,+236,,,,,-370,-354,-370,,-370,,,-375,,,,,-354,,,,
2024-04-01,Jared Triolo,/mlb/props/jared-triolo/,PIT at WSH,PIT,"1B,2B,3B,SS",0.5,+240,+235,+220,,+235,,,+220,,,,,+219,,,,,-350,-324,-330,,-340,,,-330,,,,,-324,,,,
2024-04-01,Henry Davis,/mlb/props/henry-davis/,PIT at WSH,PIT,C,0.5,+180,+188,+178,,+185,,,+175,+188,+188,,,+178,,,,,-245,-250,-255,,-255,,,-250,-265,-265,,,-254,,,,
2024-04-01,Jesse Winker,/mlb/props/jesse-winker/,PIT at WSH,FA,"LF,RF,DH",0.5,+225,+225,+220,,+225,,,+220,,,,,+208,,,,,-320,-304,-320,,-320,,,-330,,,,,-304,,,,
2024-04-01,Andrew McCutchen,/mlb/props/andrew-mccutchen/,PIT at WSH,FA,"LF,RF,DH",0.5,+180,+180,+175,,+180,,,+175,+175,+175,,,+172,,,,,-245,-244,-245,,-245,,,-250,-250,-250,,,-244,,,,
2024-04-01,Michael A. Taylor,/mlb/props/michael-taylor/,PIT at WSH,FA,"LF,CF,RF",0.5,+265,+250,+230,,+250,,,+230,,,,,+219,,,,,-390,-324,-350,,-360,,,-350,,,,,-324,,,,
2024-04-01,Ke'Bryan Hayes,/mlb/props/kebryan-hayes/,PIT at WSH,CIN,3B,0.5,+165,+175,+170,,+170,,,+170,+175,+175,,,+159,,,,,-230,-224,-235,,-235,,,-235,-245,-245,,,-224,,,,
2024-04-01,Rowdy Tellez,/mlb/props/rowdy-tellez/,PIT at WSH,ATL,1B,0.5,+275,+245,+230,,+245,,,+230,,,,,+227,,,,,-400,-339,-350,,-350,,,-350,,,,,-339,,,,
2024-04-01,Edward Olivares,/mlb/props/edward-olivares/,PIT at WSH,FA,"LF,RF",0.5,+180,+180,+175,,+180,,,+175,,,,,+172,,,,,-245,-244,-245,,-245,,,-250,,,,,-244,,,,
2024-04-01,Lane Thomas,/mlb/props/lane-thomas/,PIT at WSH,KC,"LF,CF,RF",0.5,+160,+165,+159,,+165,,,+165,+145,+145,,,+159,,,,,-220,-200,-224,,-230,,,-225,-200,-200,,,-224,,,,
2024-04-01,Kyle Isbel,/mlb/props/kyle-isbel/,KC at BAL,KC,CF,0.5,+310,+320,+300,,+320,,,+300,,,,,+287,,,,,-475,-454,-500,,-500,,,-500,,,,,-454,,,,
2024-04-01,Adley Rutschman,/mlb/props/adley-rutschman/,KC at BAL,BAL,"C,DH",0.5,+225,+225,+202,,+225,,,+210,+170,+170,,,+202,,,,,-320,-240,-294,,-320,,,-300,-240,-240,,,-294,,,,
2024-04-01,Ramon Urias,/mlb/props/ramon-urias/,KC at BAL,STL,"2B,3B",0.5,+260,+260,+247,,+260,,,+240,,,,,+247,,,,,-380,-374,-375,,-380,,,-375,,,,,-374,,,,
2024-04-01,Austin Hays,/mlb/props/austin-hays/,KC at BAL,CWS,"LF,DH",0.5,+215,+215,+200,,+215,,,+200,+188,+188,,,+190,,,,,-300,-274,-285,,-300,,,-285,-275,-275,,,-274,,,,
2024-04-01,Jordan Westburg,/mlb/props/jordan-westburg/,KC at BAL,BAL,"2B,3B",0.5,+235,+235,+230,,+235,,,+230,+210,+210,,,+208,,,,,-340,-304,-315,,-340,,,-350,-315,-315,,,-304,,,,
2024-04-01,Hunter Renfroe,/mlb/props/hunter-renfroe/,KC at BAL,FA,RF,0.5,+245,+255,+230,,+255,,,+230,+245,+245,,,+219,,,,,-350,-324,-350,,-370,,,-350,-385,-385,,,-324,,,,
2024-04-01,Nelson Velazquez,/mlb/props/nelson-velazquez/,KC at BAL,STL,"LF,RF,DH",0.5,+245,+250,+236,,+245,,,+230,+250,+250,,,+236,,,,,-360,-350,-360,,-360,,,-350,-400,-400,,,-354,,,,
2024-04-01,Bobby Witt Jr.,/mlb/props/bobby-witt-jr/,KC at BAL,KC,SS,0.5,+185,+185,+180,,+185,,,+185,+180,+180,,,+172,,,,,-260,-244,-260,,-260,,,-260,-265,-265,,,-244,,,,
2024-04-01,Adam Frazier,/mlb/props/adam-frazier/,KC at BAL,LAA,"2B,LF,RF",0.5,+320,+320,+300,,+320,,,+300,+310,+310,,,+287,,,,,-475,-454,-500,,-475,,,-500,-530,-530,,,-454,,,,
2024-04-01,Cedric Mullins II,/mlb/props/cedric-mullins/,KC at BAL,TB,CF,0.5,+240,+240,+230,,+240,,,+230,+230,+230,,,+227,,,,,-350,-339,-345,,-350,,,-350,-345,-345,,,-339,,,,
2024-04-01,Anthony Santander,/mlb/props/anthony-santander/,KC at BAL,TOR,"LF,RF,DH",0.5,+165,+165,+160,,+165,,,+160,+138,+138,,,+165,,,,,-230,-195,-215,,-230,,,-215,-195,-195,,,-234,,,,
2024-04-01,Vinnie Pasquantino,/mlb/props/vinnie-pasquantino/,KC at BAL,KC,"1B,DH",0.5,+175,+175,+170,,+175,,,+170,+165,+165,,,+165,,,,,-240,-230,-235,,-240,,,-235,-230,-230,,,-234,,,,
2024-04-01,Ryan O'Hearn,/mlb/props/ryan-ohearn/,KC at BAL,PIT,"1B,LF,RF,DH",0.5,+225,+210,+200,,+200,,,+210,+170,+170,,,+208,,,,,-320,-240,-280,,-280,,,-300,-240,-240,,,-304,,,,
2024-04-01,Maikel Garcia,/mlb/props/maikel-garcia/,KC at BAL,KC,"2B,3B,SS,OF",0.5,+270,+270,+265,,+270,,,+250,+265,+265,,,+252,,,,,-400,-384,-400,,-400,,,-400,-420,-420,,,-384,,,,
2024-04-01,Salvador Perez,/mlb/props/salvador-perez/,KC at BAL,KC,"C,1B,DH",0.5,+160,+160,+155,,+160,,,+160,+155,+155,,,+152,,,,,-215,-214,-215,,-215,,,-215,-225,-225,,,-214,,,,
2024-04-01,Gunnar Henderson,/mlb/props/gunnar-henderson/,KC at BAL,BAL,"SS,DH",0.5,+185,+185,+175,,+185,,,+175,+165,+165,,,+178,,,,,-255,-235,-250,,-255,,,-250,-235,-235,,,-254,,,,
2024-04-01,Ryan Mountcastle,/mlb/props/ryan-mountcastle/,KC at BAL,BAL,"1B,DH",0.5,+170,+170,+163,,+170,,,+160,+163,+163,,,+159,,,,,-230,-215,-224,,-230,,,-215,-230,-230,,,-224,,,,
2024-04-01,MJ Melendez,/mlb/props/mj-melendez/,KC at BAL,NYM,"LF,DH",0.5,+215,+215,+202,,+215,,,+200,+200,+200,,,+202,,,,,-300,-285,-294,,-300,,,-285,-295,-295,,,-294,,,,
2024-04-01,Tim Anderson,/mlb/props/tim-anderson/,LAA at MIA,FA,"2B,SS",0.5,+200,+230,+210,,+210,,,+200,+230,+230,,,+190,,,,,-280,-274,-295,,-295,,,-285,-345,-345,,,-274,,,,
2024-04-01,Matt Thaiss,/mlb/props/matt-thaiss/,LAA at MIA,BOS,C,0.5,+260,+255,+236,,+255,,,+240,+210,+210,,,+236,,,,,-380,-315,-354,,-370,,,-375,-315,-315,,,-354,,,,
2024-04-01,Nolan Schanuel,/mlb/props/nolan-schanuel/,LAA at MIA,LAA,1B,0.5,+205,+255,+240,,+255,,,+240,+215,+215,,,+227,,,,,-290,-315,-339,,-370,,,-375,-315,-315,,,-339,,,,
2024-04-01,Nick Gordon,/mlb/props/nick-gordon/,LAA at MIA,FA,"2B,LF,CF",0.5,+210,+215,+210,,+215,,,+200,+210,+210,,,+196,,,,,-295,-284,-300,,-300,,,-285,-315,-315,,,-284,,,,
2024-04-01,Bryan De La Cruz,/mlb/props/bryan-de-la-cruz/,LAA at MIA,PHI,LF,0.5,+155,+155,+150,,+155,,,+150,+150,+150,,,+146,,,,,-205,-204,-205,,-205,,,-210,-210,-210,,,-204,,,,
2024-04-01,Anthony Rendon,/mlb/props/anthony-rendon/,LAA at MIA,LAA,3B,0.5,+220,+230,+220,,+230,,,+220,+205,+205,,,+208,,,,,-310,-304,-315,,-330,,,-330,-315,-315,,,-304,,,,
2024-04-01,Miguel Sano,/mlb/props/miguel-sano/,LAA at MIA,FA,"1B,3B",0.5,+180,+175,+170,,+175,,,+170,,,,,+165,,,,,-245,-234,-235,,-240,,,-235,,,,,-234,,,,
2024-04-01,Mike Trout,/mlb/props/mike-trout/,LAA at MIA,LAA,"CF,RF,DH",0.5,+135,+145,+136,,+145,,,+145,+120,+120,,,+136,,,,,-185,-165,-189,,-200,,,-200,-165,-165,,,-189,,,,
2024-04-01,Jesus Sanchez,/mlb/props/jesus-sanchez/,LAA at MIA,TOR,"LF,CF,RF,DH",0.5,+220,+220,+210,,+220,,,+210,+210,+210,,,+202,,,,,-310,-294,-300,,-310,,,-300,-315,-315,,,-294,,,,
2024-04-01,Logan O'Hoppe,/mlb/props/logan-ohoppe/,LAA at MIA,LAA,C,0.5,+190,+195,+184,,+195,,,+175,,,,,+184,,,,,-260,-250,-264,,-270,,,-250,,,,,-264,,,,
2024-04-01,Jake Burger,/mlb/props/jake-burger-3b/,LAA at MIA,TEX,1B,0.5,+140,+160,+152,,+160,,,+160,+143,+143,,,+152,,,,,-190,-200,-214,,-215,,,-215,-200,-200,,,-214,,,,
2024-04-01,Jazz Chisholm Jr.,/mlb/props/jasrado-chisholm/,LAA at MIA,NYY,"2B,3B",0.5,+150,+165,+160,,+165,,,+160,+148,+148,,,+146,,,,,-205,-204,-215,,-225,,,-215,-210,-210,,,-204,,,,
2024-04-01,Christian Bethancourt,/mlb/props/christian-bethancourt/,LAA at MIA,CHC,C,0.5,+220,+235,+220,,+235,,,+220,+205,+205,,,+219,,,,,-310,-305,-324,,-340,,,-330,-305,-305,,,-324,,,,
2024-04-01,Mickey Moniak,/mlb/props/mckenzie-moniak/,LAA at MIA,COL,"LF,CF,RF,DH",0.5,+225,+225,+210,,+225,,,+210,+205,+205,,,+196,,,,,-320,-284,-300,,-320,,,-300,-305,-305,,,-284,,,,
2024-04-01,Zach Neto,/mlb/props/zach-neto/,LAA at MIA,LAA,SS,0.5,+250,+270,+252,,+270,,,+250,+240,+240,,,+252,,,,,-360,-375,-384,,-400,,,-400,-375,-375,,,-384,,,,
2024-04-01,Aaron Hicks,/mlb/props/aaron-hicks/,LAA at MIA,FA,"LF,CF,RF",0.5,+250,+235,+220,,+235,,,+220,+235,+235,,,+219,,,,,-360,-324,-340,,-340,,,-330,-360,-360,,,-324,,,,
2024-04-01,Taylor Ward,/mlb/props/taylor-ward/,LAA at MIA,BAL,LF,0.5,+150,+165,+159,,+165,,,+160,+128,+128,,,+159,,,,,-200,-177,-215,,-225,,,-215,-177,-177,,,-224,,,,
2024-04-01,Brandon Drury,/mlb/props/brandon-drury/,LAA at MIA,KC,"1B,2B,3B",0.5,+150,+170,+165,,+170,,,+165,+148,+148,,,+165,,,,,-205,-210,-225,,-230,,,-225,-210,-210,,,-234,,,,
2024-04-01,Luis Arraez,/mlb/props/luis-arraez/,LAA at MIA,SF,"1B,2B,DH",0.5,+195,+205,+190,,+205,,,+190,,,,,+184,,,,,-270,-264,-275,,-285,,,-275,,,,,-264,,,,
2024-04-01,Josh Bell,/mlb/props/josh-bell/,LAA at MIA,MIN,"1B,DH",0.5,+195,+200,+190,,+200,,,+190,+188,+188,,,+184,,,,,-275,-264,-265,,-275,,,-275,-265,-265,,,-264,,,,
2024-04-01,Kyle Schwarber,/mlb/props/kyle-schwarber/,CIN at PHI,PHI,"LF,DH",0.5,+170,+220,+202,,+220,,,+210,+190,+190,,,+202,,,,,-230,-278,-294,,-310,,,-300,-278,-278,,,-294,,,,
2024-04-01,Spencer Steer,/mlb/props/spencer-steer/,CIN at PHI,CIN,"1B,2B,LF,RF",0.5,+215,+230,+219,,+230,,,+220,+180,+180,,,+219,,,,,-300,-265,-324,,-330,,,-330,-265,-265,,,-324,,,,
2024-04-01,J.T. Realmuto,/mlb/props/jt-realmuto/,CIN at PHI,PHI,C,0.5,+165,+175,+165,,+175,,,+170,+140,+140,,,+165,,,,,-230,-195,-234,,-240,,,-235,-195,-195,,,-234,,,,
2024-04-01,Johan Rojas,/mlb/props/johan-rojas/,CIN at PHI,PHI,CF,0.5,+265,+285,+262,,+285,,,+260,,,,,+262,,,,,-390,-404,-425,,-425,,,-425,,,,,-404,,,,
2024-04-01,Luke Maile,/mlb/props/luke-maile/,CIN at PHI,KC,C,0.5,+255,+270,+250,,+270,,,+250,+235,+235,,,+236,,,,,-370,-354,-360,,-400,,,-400,-360,-360,,,-354,,,,
2024-04-01,Will Benson,/mlb/props/will-benson/,CIN at PHI,CIN,"LF,CF,RF",0.5,+340,+370,+340,,+370,,,+340,,,,,+334,,,,,-550,-554,-600,,-600,,,-650,,,,,-554,,,,
2024-04-01,Santiago Espinal,/mlb/props/santiago-espinal/,CIN at PHI,FA,"2B,3B,LF,RF",0.5,+260,+260,+252,,+255,,,+260,+188,+188,,,+252,,,,,-380,-275,-370,,-370,,,-425,-275,-275,,,-384,,,,
2024-04-01,Jake Fraley,/mlb/props/jake-fraley/,CIN at PHI,TB,"LF,RF",0.5,+310,+310,+300,,+310,,,+300,,,,,+287,,,,,-475,-454,-475,,-475,,,-500,,,,,-454,,,,
2024-04-01,Nick Castellanos,/mlb/props/nick-castellanos/,CIN at PHI,FA,"RF,DH",0.5,+185,+195,+190,,+195,,,+185,+190,+190,,,+184,,,,,-255,-260,-265,,-265,,,-260,-278,-278,,,-264,,,,
2024-04-01,Bryson Stott,/mlb/props/bryson-stott-ss/,CIN at PHI,PHI,"2B,SS",0.5,+235,+285,+280,,+285,,,+260,+280,+280,,,+262,,,,,-340,-404,-425,,-425,,,-425,-455,-455,,,-404,,,,
2024-04-01,Jonathan India,/mlb/props/jonathan-india/,CIN at PHI,KC,"2B,3B,LF,DH",0.5,+285,+290,+260,,+290,,,+260,+230,+230,,,+262,,,,,-425,-345,-404,,-425,,,-425,-345,-345,,,-404,,,,
2024-04-01,Alec Bohm,/mlb/props/alec-bohm/,CIN at PHI,PHI,"1B,3B",0.5,+175,+172,+160,,+160,,,+145,+160,+160,,,+172,,,,,-240,-200,-220,,-220,,,-200,-225,-225,,,-244,,,,
2024-04-01,Jeimer Candelario,/mlb/props/jeimer-candelario/,CIN at PHI,LAA,"1B,3B",0.5,+190,+202,+190,,+190,,,+170,+180,+180,,,+202,,,,,-265,-235,-265,,-265,,,-235,-250,-250,,,-294,,,,
2024-04-01,Elly De La Cruz,/mlb/props/elly-de-la-cruz/,CIN at PHI,CIN,SS,0.5,+260,+295,+252,,+295,,,+280,+230,+230,,,+252,,,,,-380,-345,-384,,-450,,,-450,-345,-345,,,-384,,,,
2024-04-01,Whit Merrifield,/mlb/props/whit-merrifield/,CIN at PHI,FA,"2B,3B,LF",0.5,+210,+220,+210,,+220,,,+210,,,,,+208,,,,,-295,-300,-304,,-320,,,-300,,,,,-304,,,,
2024-04-01,Christian Encarnacion-Strand,/mlb/props/christian-encarnacion-strand/,CIN at PHI,BAL,"1B,3B",0.5,+185,+205,+188,,+205,,,+175,+188,+188,,,+184,,,,,-255,-245,-264,,-285,,,-245,-275,-275,,,-264,,,,
2024-04-01,Stuart Fairchild,/mlb/props/stuart-fairchild/,CIN at PHI,CLE,"LF,CF,RF",0.5,+275,+340,+320,,+340,,,+320,,,,,+311,,,,,-400,-504,-550,,-550,,,-600,,,,,-504,,,,
2024-04-01,Brandon Marsh,/mlb/props/brandon-marsh/,CIN at PHI,PHI,"LF,CF,RF",0.5,+340,+340,+311,,+340,,,+300,+340,+340,,,+311,,,,,-525,-504,-550,,-525,,,-550,-590,-590,,,-504,,,,
2024-04-01,Trea Turner,/mlb/props/trea-turner/,CIN at PHI,PHI,SS,0.5,+165,+175,+159,,+175,,,+170,+150,+150,,,+159,,,,,-225,-210,-224,,-240,,,-235,-210,-210,,,-224,,,,
2024-04-01,Bryce Harper,/mlb/props/bryce-harper/,CIN at PHI,PHI,"1B,DH",0.5,+180,+195,+165,,+195,,,+155,+165,+165,,,+190,,,,,-245,-215,-230,,-275,,,-215,-230,-230,,,-274,,,,
2024-04-01,Leody Taveras,/mlb/props/leody-taveras-of/,TEX at TB,BAL,"CF,RF",0.5,+260,+260,+250,,+260,,,+250,,,,,+247,,,,,-380,-374,-380,,-380,,,-400,,,,,-374,,,,
2024-04-01,Jose Caballero,/mlb/props/jose-caballero/,TEX at TB,NYY,"2B,3B,SS,LF,RF",0.5,+240,+260,+240,,+260,,,+240,,,,,+236,,,,,-375,-354,-375,,-380,,,-375,,,,,-354,,,,
2024-04-01,Rene Pinto,/mlb/props/rene-pinto/,TEX at TB,PHI,C,0.5,+230,+280,+260,,+280,,,+260,,,,,+252,,,,,-350,-384,-425,,-425,,,-425,,,,,-384,,,,
2024-04-01,Marcus Semien,/mlb/props/marcus-semien/,TEX at TB,NYM,2B,0.5,+195,+185,+178,,+185,,,+175,+185,+185,,,+178,,,,,-270,-250,-254,,-250,,,-250,-275,-265,,,-254,,,,
2024-04-01,Amed Rosario,/mlb/props/amed-rosario/,TEX at TB,NYY,"2B,3B,OF",0.5,+180,+180,+172,,+180,,,+170,+165,+165,,,+172,,,,,-250,-230,-244,,-250,,,-235,-230,-230,,,-244,,,,
2024-04-01,Randy Arozarena,/mlb/props/randy-arozarena/,TEX at TB,SEA,"LF,CF",0.5,+190,+190,+180,,+180,,,+185,+165,+165,,,+190,,,,,-275,-230,-260,,-245,,,-260,-235,-230,,,-274,,,,
2024-04-01,Harold Ramirez,/mlb/props/harold-ramirez-of/,TEX at TB,FA,"LF,RF,DH",0.5,+150,+152,+150,,+150,,,+145,+145,+145,,,+152,,,,,-210,-200,-205,,-200,,,-200,-205,-205,,,-214,,,,
2024-04-01,Brandon Lowe,/mlb/props/brandon-lowe/,TEX at TB,PIT,2B,0.5,+200,+210,+200,,+210,,,+200,+190,+185,,,+196,,,,,-285,-275,-285,,-295,,,-285,-278,-275,,,-284,,,,
2024-04-01,Yandy Diaz,/mlb/props/yandy-diaz/,TEX at TB,TB,"1B,DH",0.5,+200,+230,+215,,+230,,,+210,+215,+210,,,+208,,,,,-285,-300,-315,,-330,,,-300,-315,-315,,,-304,,,,
2024-04-01,Corey Seager,/mlb/props/corey-seager/,TEX at TB,TEX,SS,0.5,+135,+135,+130,,+135,,,+130,+130,+125,,,+129,,,,,-180,-175,-179,,-180,,,-175,-180,-175,,,-179,,,,
2024-04-01,Adolis Garcia,/mlb/props/jose-adolis-garcia/,TEX at TB,PHI,RF,0.5,+130,+140,+130,,+130,,,+125,+140,+133,,,+126,,,,,-175,-165,-175,,-175,,,-165,-195,-186,,,-174,,,,
2024-04-01,Evan Carter,/mlb/props/evan-carter/,TEX at TB,TEX,"LF,CF,RF",0.5,+230,+219,+210,,+205,,,+205,+210,+200,,,+219,,,,,-330,-285,-305,,-285,,,-305,-305,-295,,,-324,,,,
2024-04-01,Austin Shenton,/mlb/props/austin-shenton/,TEX at TB,FA,1B,0.5,+240,+240,+219,,+240,,,,,,,,+219,,,,,-340,-324,-340,,-340,,,,,,,,-324,,,,
2024-04-01,Jared Walsh,/mlb/props/jared-walsh/,TEX at TB,FA,"1B,RF",0.5,+295,+290,+262,,+290,,,+260,,,,,+262,,,,,-450,-404,-425,,-425,,,-425,,,,,-404,,,,
2024-04-01,Jonah Heim,/mlb/props/jonah-heim/,TEX at TB,ATH,"C,DH",0.5,+195,+225,+210,,+220,,,+210,+225,+225,,,+202,,,,,-270,-294,-310,,-310,,,-300,-345,-345,,,-294,,,,
2024-04-01,Jose Siri,/mlb/props/jose-siri/,TEX at TB,LAA,"LF,CF",0.5,+190,+220,+205,,+220,,,+210,+205,+205,,,+190,,,,,-275,-274,-300,,-310,,,-300,-305,-305,,,-274,,,,
2024-04-01,Richie Palacios,/mlb/props/richie-palacios/,TEX at TB,TB,"2B,LF",0.5,+230,+205,+196,,+205,,,+200,+185,+185,,,+196,,,,,-350,-265,-284,,-290,,,-285,-275,-265,,,-284,,,,
2024-04-01,Wyatt Langford,/mlb/props/wyatt-langford/,TEX at TB,TEX,"LF,CF",0.5,+225,+240,+225,,+225,,,+220,+240,+230,,,+213,,,,,-320,-314,-330,,-320,,,-330,-375,-360,,,-314,,,,
2024-04-01,Travis Jankowski,/mlb/props/travis-jankowski/,TEX at TB,FA,"LF,CF,RF",0.5,+360,+360,+323,,+360,,,+320,,,,,+323,,,,,-575,-529,-575,,-575,,,-600,,,,,-529,,,,
2024-04-01,Isaac Paredes,/mlb/props/isaac-paredes/,TEX at TB,HOU,"1B,3B,DH",0.5,+170,+175,+165,,+175,,,+165,+175,+175,,,+165,,,,,-235,-225,-234,,-240,,,-225,-250,-250,,,-234,,,,
2024-04-01,Josh Jung,/mlb/props/josh-jung-3b/,TEX at TB,TEX,3B,0.5,+175,+188,+175,,+175,,,+170,+188,+180,,,+165,,,,,-240,-234,-240,,-240,,,-235,-275,-265,,,-234,,,,
2024-04-01,Curtis Mead,/mlb/props/curtis-meade/,TEX at TB,WSH,"1B,2B,3B",0.5,+200,+200,+190,,+200,,,,+175,+175,,,+190,,,,,-280,-250,-274,,-280,,,,-250,-250,,,-274,,,,
2024-04-01,Riley Greene,/mlb/props/riley-greene-of/,DET at NYM,DET,"LF,CF,RF,DH",0.5,+230,+230,+208,,+225,,,+200,+230,+230,,,+208,,,,,-350,-285,-320,,-320,,,-285,-345,-345,,,-304,,,,
2024-04-01,Carson Kelly,/mlb/props/carson-kelly/,DET at NYM,CHC,C,0.5,+240,+240,+230,,+240,,,+230,,,,,+227,,,,,-350,-339,-350,,-350,,,-350,,,,,-339,,,,
2024-04-01,Francisco Alvarez,/mlb/props/francisco-alvarez/,DET at NYM,NYM,"C,DH",0.5,+220,+185,+180,,+185,,,+185,+180,+180,,,+178,,,,,-330,-254,-260,,-255,,,-260,-265,-265,,,-254,,,,
2024-04-01,Spencer Torkelson,/mlb/props/spencer-torkelson-if/,DET at NYM,DET,1B,0.5,+170,+175,+155,,+155,,,+150,+175,+175,,,+146,,,,,-235,-204,-210,,-210,,,-210,-245,-245,,,-204,,,,
2024-04-01,Matt Vierling,/mlb/props/matt-vierling/,DET at NYM,DET,"LF,CF,RF",0.5,+190,+230,+215,,+215,,,+210,+230,+230,,,+202,,,,,-275,-294,-310,,-310,,,-300,-360,-360,,,-294,,,,
2024-04-01,Harrison Bader,/mlb/props/harrison-bader/,DET at NYM,SF,"LF,CF,RF",0.5,+260,+260,+250,,+260,,,+240,+250,+250,,,+236,,,,,-425,-354,-375,,-380,,,-375,-385,-385,,,-354,,,,
2024-04-01,DJ Stewart,/mlb/props/dj-stewart/,DET at NYM,PIT,"LF,RF",0.5,+210,+225,+210,,+225,,,+210,+200,+200,,,+196,,,,,-300,-284,-300,,-320,,,-300,-295,-295,,,-284,,,,
2024-04-01,Starling Marte,/mlb/props/starling-marte/,DET at NYM,KC,"LF,RF,DH",0.5,+190,+245,+235,,+245,,,+230,+235,+235,,,+227,,,,,-275,-339,-345,,-350,,,-350,-345,-345,,,-339,,,,
2024-04-01,Brandon Nimmo,/mlb/props/brandon-nimmo/,DET at NYM,TEX,"LF,CF,RF,DH",0.5,+200,+215,+200,,+200,,,+185,+215,+215,,,+190,,,,,-285,-260,-280,,-280,,,-260,-315,-315,,,-274,,,,
2024-04-01,Colt Keith,/mlb/props/colt-keith/,DET at NYM,DET,"1B,2B,3B,DH",0.5,+210,+230,+220,,+220,,,+210,+230,+230,,,+208,,,,,-300,-300,-310,,-310,,,-300,-345,-345,,,-304,,,,
2024-04-01,Parker Meadows,/mlb/props/parker-meadows/,DET at NYM,DET,CF,0.5,+280,+310,+287,,+310,,,+280,,,,,+287,,,,,-450,-450,-454,,-475,,,-450,,,,,-454,,,,
2024-04-01,Andy Ibanez,/mlb/props/andy-ibanez/,DET at NYM,NYM,"2B,3B",0.5,+200,+210,+210,,+210,,,+210,+210,+210,,,+202,,,,,-285,-294,-300,,-300,,,-300,-315,-315,,,-294,,,,
2024-04-01,Pete Alonso,/mlb/props/peter-alonso/,DET at NYM,BAL,"1B,DH",0.5,+175,+172,+165,,+165,,,+170,+155,+155,,,+172,,,,,-250,-215,-225,,-225,,,-235,-215,-215,,,-244,,,,
2024-04-01,Mark Canha,/mlb/props/mark-canha/,DET at NYM,FA,"LF,RF",0.5,+185,+240,+200,,+200,,,+190,+240,+240,,,+196,,,,,-260,-275,-284,,-280,,,-275,-375,-375,,,-284,,,,
2024-04-01,Gio Urshela,/mlb/props/giovanny-urshela/,DET at NYM,FA,3B,0.5,+205,+215,+202,,+205,,,+190,+215,+215,,,+202,,,,,-285,-275,-294,,-285,,,-275,-315,-315,,,-294,,,,
2024-04-01,Brett Baty,/mlb/props/brett-baty/,DET at NYM,NYM,"1B,2B,3B,RF",0.5,+260,+270,+265,,+270,,,+250,+265,+265,,,+247,,,,,-425,-374,-400,,-400,,,-400,-420,-420,,,-374,,,,
2024-04-01,Jake Rogers,/mlb/props/jake-rogers/,DET at NYM,DET,C,0.5,+210,+265,+210,,+210,,,+200,+265,+265,,,+196,,,,,-300,-284,-295,,-295,,,-285,-420,-420,,,-284,,,,
2024-04-01,Francisco Lindor,/mlb/props/francisco-lindor/,DET at NYM,NYM,SS,0.5,+170,+170,+165,,+165,,,+165,+170,+170,,,+159,,,,,-235,-224,-225,,-225,,,-225,-245,-245,,,-224,,,,
2024-04-01,Joey Wendle,/mlb/props/joe-wendle/,DET at NYM,FA,"2B,SS",0.5,+290,+290,+280,,+290,,,+280,,,,,+262,,,,,-450,-404,-450,,-450,,,-450,,,,,-404,,,,
2024-04-01,Jeff McNeil,/mlb/props/jeff-mcneil/,DET at NYM,ATH,"2B,LF,CF,RF",0.5,+175,+205,+185,,+185,,,+175,+205,+205,,,+178,,,,,-250,-250,-255,,-255,,,-250,-295,-295,,,-254,,,,
2024-04-01,Javier Baez,/mlb/props/javier-baez/,DET at NYM,DET,"2B,3B,SS,CF",0.5,+210,+230,+200,,+200,,,+190,+230,+230,,,+190,,,,,-300,-274,-285,,-285,,,-275,-335,-335,,,-274,,,,
2024-04-01,Jeremy Pena,/mlb/props/jeremy-pena/,TOR at HOU,HOU,SS,0.5,+195,+205,+190,,+200,,,+190,+205,+205,,,+184,,,,,-270,-264,-285,,-285,,,-275,-305,-305,,,-264,,,,
2024-04-01,Alex Bregman,/mlb/props/alex-bregman/,TOR at HOU,CHC,"3B,DH",0.5,+160,+160,+150,,+160,,,+150,+135,+135,,,+152,,,,,-215,-190,-210,,-215,,,-210,-190,-190,,,-214,,,,
2024-04-01,Daulton Varsho,/mlb/props/daulton-varsho/,TOR at HOU,TOR,"LF,CF",0.5,+135,+155,+150,,+155,,,+150,+148,+148,,,+146,,,,,-185,-204,-210,,-210,,,-210,-210,-210,,,-204,,,,
2024-04-01,Vladimir Guerrero Jr.,/mlb/props/vladimir-guerrero-jr/,TOR at HOU,TOR,"1B,DH",0.5,+140,+143,+140,,+140,,,+140,+140,+140,,,+143,,,,,-190,-190,-195,,-190,,,-190,-195,-195,,,-199,,,,
2024-04-01,Alejandro Kirk,/mlb/props/alejandro-kirk/,TOR at HOU,TOR,C,0.5,+185,+195,+185,,+195,,,+185,+185,+185,,,+172,,,,,-260,-244,-260,,-270,,,-260,-275,-275,,,-244,,,,
2024-04-01,Ernie Clement,/mlb/props/ernie-clement/,TOR at HOU,TOR,"1B,2B,3B,SS",0.5,+260,+260,+236,,+260,,,+240,+215,+215,,,+236,,,,,-380,-315,-354,,-380,,,-375,-315,-315,,,-354,,,,
2024-04-01,Bo Bichette,/mlb/props/bo-bichette/,TOR at HOU,NYM,"3B,SS",0.5,+170,+170,+165,,+170,,,+165,,,,,+159,,,,,-235,-224,-225,,-235,,,-225,,,,,-224,,,,
2024-04-01,Cavan Biggio,/mlb/props/cavan-biggio/,TOR at HOU,HOU,"1B,2B,RF",0.5,+245,+250,+230,,+245,,,+230,+250,+250,,,+219,,,,,-350,-324,-360,,-360,,,-350,-400,-400,,,-324,,,,
2024-04-01,Kevin Kiermaier,/mlb/props/kevin-kiermaier/,TOR at HOU,FA,CF,0.5,+200,+215,+202,,+215,,,+200,+200,+200,,,+202,,,,,-275,-285,-294,,-300,,,-285,-295,-295,,,-294,,,,
2024-04-01,Jake Meyers,/mlb/props/jacob-meyers/,TOR at HOU,HOU,CF,0.5,+265,+255,+236,,+255,,,+230,+250,+250,,,+236,,,,,-390,-350,-370,,-370,,,-350,-385,-385,,,-354,,,,
2024-04-01,Jose Abreu,/mlb/props/jose-dariel-abreu/,TOR at HOU,FA,1B,0.5,+175,+175,+165,,+165,,,+165,+175,+175,,,+159,,,,,-235,-224,-225,,-225,,,-225,-250,-250,,,-224,,,,
2024-04-01,Justin Turner,/mlb/props/justin-turner/,TOR at HOU,FA,"1B,3B",0.5,+165,+165,+159,,+165,,,+165,+155,+155,,,+159,,,,,-225,-224,-225,,-225,,,-225,-225,-225,,,-224,,,,
2024-04-01,Jose Altuve,/mlb/props/jose-altuve/,TOR at HOU,HOU,"2B,LF,DH",0.5,+180,+180,+172,,+180,,,+170,+180,+180,,,+172,,,,,-250,-235,-250,,-250,,,-235,-265,-265,,,-244,,,,
2024-04-01,George Springer,/mlb/props/george-springer/,TOR at HOU,TOR,"LF,CF,RF,DH",0.5,+170,+175,+170,,+175,,,+170,+175,+175,,,+165,,,,,-230,-234,-240,,-240,,,-235,-250,-250,,,-234,,,,
2024-04-01,Yainer Diaz,/mlb/props/yainer-diaz-c/,TOR at HOU,HOU,"C,DH",0.5,+135,+135,+133,,+135,,,+135,+130,+130,,,+133,,,,,-185,-180,-184,,-185,,,-180,-180,-180,,,-184,,,,
2024-04-01,Kyle Tucker,/mlb/props/kyle-tucker/,TOR at HOU,LAD,"RF,DH",0.5,+145,+145,+139,,+130,,,+145,+135,+135,,,+139,,,,,-195,-175,-190,,-175,,,-200,-190,-190,,,-194,,,,
2024-04-01,Isiah Kiner-Falefa,/mlb/props/isiah-kiner-falefa/,TOR at HOU,BOS,"2B,3B,SS",0.5,+235,+250,+240,,+250,,,+240,,,,,+236,,,,,-340,-354,-360,,-360,,,-375,,,,,-354,,,,
2024-04-01,Chas McCormick,/mlb/props/chas-mccormick/,TOR at HOU,CHC,"LF,CF,RF",0.5,+210,+210,+202,,+205,,,+190,+210,+210,,,+202,,,,,-295,-275,-294,,-285,,,-275,-315,-315,,,-294,,,,
2024-04-01,Daniel Vogelbach,/mlb/props/dan-vogelbach/,TOR at HOU,FA,DH,0.5,+165,+165,+160,,+165,,,+160,,,,,+159,,,,,-225,-215,-224,,-225,,,-215,,,,,-224,,,,
2024-04-01,Yordan Alvarez,/mlb/props/yordan-alvarez/,TOR at HOU,HOU,"LF,DH",0.5,+125,+115,+112,,+115,,,+110,+112,+112,,,+110,,,,,-165,-140,-150,,-150,,,-140,-155,-155,,,-151,,,,
2024-04-01,Julio Rodriguez,/mlb/props/julio-rodriguez-of/,CLE at SEA,SEA,CF,0.5,+125,+135,+126,,+135,,,+135,+120,+120,,,+126,,,,,-170,-165,-174,,-185,,,-180,-165,-165,,,-174,,,,
2024-04-01,Ty France,/mlb/props/tyler-france/,CLE at SEA,SD,1B,0.5,+240,+250,+240,,+250,,,+240,+240,+240,,,+227,,,,,-350,-339,-360,,-360,,,-375,-375,-375,,,-339,,,,
2024-04-01,Josh Rojas,/mlb/props/josh-rojas/,CLE at SEA,KC,"2B,3B",0.5,+340,+340,+323,,+340,,,+300,,,,,+323,,,,,-525,-525,-529,,-525,,,-550,,,,,-529,,,,
2024-04-01,Jose Ramirez,/mlb/props/jose-ramirez/,CLE at SEA,CLE,"3B,DH",0.5,+120,+125,+125,,+125,,,+125,+125,+125,,,+118,,,,,-160,-163,-165,,-165,,,-165,-175,-175,,,-163,,,,
2024-04-01,Ramon Laureano,/mlb/props/ramon-laureano/,CLE at SEA,SD,"LF,CF,RF",0.5,+185,+210,+200,,+210,,,+200,,,,,+190,,,,,-260,-274,-285,,-295,,,-285,,,,,-274,,,,
2024-04-01,Jorge Polanco,/mlb/props/jorge-polanco/,CLE at SEA,NYM,"2B,3B,DH",0.5,+175,+188,+175,,+175,,,+170,+188,+188,,,+165,,,,,-240,-234,-235,,-235,,,-235,-265,-265,,,-234,,,,
2024-04-01,J.P. Crawford,/mlb/props/jp-crawford/,CLE at SEA,SEA,"3B,SS",0.5,+260,+275,+260,,+275,,,+260,+265,+265,,,+247,,,,,-380,-374,-400,,-400,,,-425,-400,-400,,,-374,,,,
2024-04-01,Josh Naylor,/mlb/props/josh-naylor/,CLE at SEA,SEA,"1B,DH",0.5,+120,+133,+125,,+130,,,+125,+133,+133,,,+118,,,,,-160,-163,-170,,-170,,,-165,-186,-186,,,-163,,,,
2024-04-01,Luke Raley,/mlb/props/lucas-raley/,CLE at SEA,SEA,"1B,LF,CF,RF",0.5,+240,+240,+227,,+240,,,+220,,,,,+227,,,,,-350,-330,-339,,-350,,,-330,,,,,-339,,,,
2024-04-01,Brayan Rocchio,/mlb/props/brayan-rocchio/,CLE at SEA,CLE,"2B,SS",0.5,+210,+235,+220,,+235,,,+220,,,,,+208,,,,,-300,-304,-330,,-340,,,-330,,,,,-304,,,,
2024-04-01,Will Brennan,/mlb/props/will-brennan/,CLE at SEA,SF,"LF,CF,RF",0.5,+185,+225,+215,,+215,,,+200,+225,+225,,,+196,,,,,-260,-284,-300,,-300,,,-285,-345,-345,,,-284,,,,
2024-04-01,Mitch Haniger,/mlb/props/mitch-haniger/,CLE at SEA,FA,RF,0.5,+175,+170,+165,,+170,,,+165,,,,,+159,,,,,-235,-224,-225,,-235,,,-225,,,,,-224,,,,
2024-04-01,Andres Gimenez,/mlb/props/andres-giminez/,CLE at SEA,TOR,"2B,SS",0.5,+170,+190,+175,,+190,,,+175,+175,+175,,,+172,,,,,-235,-244,-250,,-260,,,-250,-250,-250,,,-244,,,,
2024-04-01,Luis Urias,/mlb/props/luis-urias/,CLE at SEA,TOR,"2B,3B",0.5,+280,+275,+250,,+275,,,+250,,,,,+247,,,,,-425,-374,-400,,-400,,,-400,,,,,-374,,,,
2024-04-01,Tyler Freeman,/mlb/props/tyler-freeman-ss/,CLE at SEA,COL,"2B,RF,DH",0.5,+240,+240,+230,,+240,,,+230,+210,+210,,,+236,,,,,-375,-315,-350,,-350,,,-350,-315,-315,,,-354,,,,
2024-04-01,Dylan Moore,/mlb/props/dylan-moore/,CLE at SEA,PHI,"1B,2B,3B,LF,RF",0.5,+320,+320,+300,,+320,,,+300,,,,,+300,,,,,-500,-479,-500,,-500,,,-500,,,,,-479,,,,
2024-04-01,Bo Naylor,/mlb/props/bo-naylor/,CLE at SEA,CLE,C,0.5,+175,+210,+185,,+185,,,+175,+210,+210,,,+165,,,,,-250,-234,-255,,-255,,,-250,-315,-315,,,-234,,,,
2024-04-01,Cal Raleigh,/mlb/props/caleb-raleigh/,CLE at SEA,SEA,"C,DH",0.5,+175,+210,+190,,+190,,,+185,+210,+210,,,+178,,,,,-240,-254,-265,,-265,,,-260,-315,-315,,,-254,,,,
2024-04-01,Mitch Garver,/mlb/props/mitch-garver/,CLE at SEA,SEA,"C,DH",0.5,+165,+170,+165,,+170,,,+165,,,,,+159,,,,,-225,-224,-225,,-230,,,-225,,,,,-224,,,,
2024-04-01,Dominic Canzone,/mlb/props/dominic-canzone/,CLE at SEA,SEA,"LF,RF,DH",0.5,+205,+220,+205,,+205,,,+190,+220,+220,,,+184,,,,,-290,-264,-285,,-285,,,-275,-335,-335,,,-264,,,,
2024-04-01,Steven Kwan,/mlb/props/steven-kwan/,CLE at SEA,CLE,"LF,CF",0.5,+210,+250,+230,,+230,,,+220,+250,+250,,,+213,,,,,-300,-314,-330,,-330,,,-330,-375,-375,,,-314,,,,
2024-04-01,Masyn Winn,/mlb/props/masyn-winn-p/,STL at SD,STL,SS,0.5,+220,+235,+220,,+235,,,+220,,,,,+219,,,,,-330,-324,-330,,-330,,,-330,,,,,-324,,,,
2024-04-01,Nolan Arenado,/mlb/props/nolan-arenado/,STL at SD,ARI,3B,0.5,+145,+163,+145,,+145,,,+145,+163,+163,,,+136,,,,,-200,-189,-200,,-200,,,-200,-235,-235,,,-189,,,,
2024-04-01,Jackson Merrill,/mlb/props/jackson-merrill/,STL at SD,SD,CF,0.5,+240,+250,+240,,+250,,,+240,+240,+240,,,+227,,,,,-340,-339,-360,,-360,,,-375,-375,-375,,,-339,,,,
2024-04-01,Graham Pauley,/mlb/props/graham-pauley/,STL at SD,MIA,"1B,3B",0.5,+250,+250,+236,,+250,,,+230,+235,+235,,,+236,,,,,-360,-350,-354,,-360,,,-350,-360,-360,,,-354,,,,
2024-04-01,Matt Carpenter,/mlb/props/matt-carpenter/,STL at SD,FA,"1B,DH",0.5,+195,+235,+195,,+195,,,+185,+235,+235,,,+178,,,,,-270,-254,-270,,-270,,,-260,-345,-345,,,-254,,,,
2024-04-01,Nolan Gorman,/mlb/props/nolan-gorman/,STL at SD,STL,"2B,3B,DH",0.5,+145,+185,+150,,+150,,,+140,+185,+185,,,+146,,,,,-200,-190,-204,,-200,,,-190,-265,-265,,,-204,,,,
2024-04-01,Victor Scott,/mlb/props/victor-scott/,STL at SD,STL,CF,0.5,+220,+255,+225,,+225,,,+210,+255,+255,,,+213,,,,,-330,-300,-320,,-320,,,-300,-400,-400,,,-314,,,,
2024-04-01,Paul Goldschmidt,/mlb/props/paul-goldschmidt/,STL at SD,NYY,"1B,DH",0.5,+170,+200,+175,,+175,,,+170,+200,+200,,,+172,,,,,-235,-235,-244,,-240,,,-235,-295,-295,,,-244,,,,
2024-04-01,Jurickson Profar,/mlb/props/jurickson-profar/,STL at SD,ATL,LF,0.5,+215,+215,+205,,+215,,,+200,+205,+205,,,+202,,,,,-300,-285,-294,,-300,,,-285,-305,-305,,,-294,,,,
2024-04-01,Jordan Walker,/mlb/props/jordan-walker/,STL at SD,STL,"LF,RF",0.5,+190,+200,+190,,+200,,,+190,,,,,+190,,,,,-275,-274,-275,,-280,,,-275,,,,,-274,,,,
2024-04-01,Manny Machado,/mlb/props/manny-machado/,STL at SD,SD,"3B,DH",0.5,+150,+155,+150,,+150,,,+145,+155,+155,,,+143,,,,,-200,-199,-200,,-200,,,-200,-225,-225,,,-199,,,,
2024-04-01,Tyler Wade,/mlb/props/tyler-wade/,STL at SD,FA,"2B,LF,CF",0.5,+285,+285,+280,,+285,,,+280,,,,,+262,,,,,-425,-404,-425,,-425,,,-450,,,,,-404,,,,
2024-04-01,Fernando Tatis Jr.,/mlb/props/fernando-tatis-jr/,STL at SD,SD,"2B,RF",0.5,+180,+170,+165,,+160,,,+170,+170,+170,,,+165,,,,,-245,-220,-234,,-220,,,-235,-240,-240,,,-234,,,,
2024-04-01,Luis Campusano,/mlb/props/luis-campusano/,STL at SD,SD,"C,DH",0.5,+205,+205,+190,,+205,,,+190,,,,,+190,,,,,-290,-274,-275,,-290,,,-275,,,,,-274,,,,
2024-04-01,Ha-Seong Kim,/mlb/props/ha-seong-kim/,STL at SD,ATL,"2B,SS",0.5,+230,+230,+220,,+230,,,+220,+225,+225,,,+213,,,,,-330,-314,-330,,-330,,,-330,-335,-335,,,-314,,,,
2024-04-01,Brendan Donovan,/mlb/props/brendan-donovan/,STL at SD,SEA,"2B,3B,SS,LF",0.5,+170,+205,+180,,+180,,,+170,+205,+205,,,+165,,,,,-235,-234,-245,,-245,,,-235,-295,-295,,,-234,,,,
2024-04-01,Willson Contreras,/mlb/props/willson-contreras/,STL at SD,BOS,1B,0.5,+175,+195,+185,,+195,,,+185,+195,+195,,,+172,,,,,-250,-244,-260,,-270,,,-260,-278,-278,,,-244,,,,
2024-04-01,Alec Burleson,/mlb/props/alec-burleson/,STL at SD,STL,"1B,LF,RF,DH",0.5,+185,+205,+185,,+195,,,+185,+195,+205,,,+184,,,,,-260,-260,-270,,-270,,,-260,-286,-295,,,-264,,,,
2024-04-01,Jake Cronenworth,/mlb/props/jacob-cronenworth/,STL at SD,SD,"1B,2B,SS",0.5,+195,+190,+185,,+190,,,+185,+185,+185,,,+178,,,,,-275,-254,-260,,-260,,,-260,-275,-275,,,-254,,,,
2024-04-01,Xander Bogaerts,/mlb/props/xander-bogaerts/,STL at SD,SD,SS,0.5,+240,+250,+230,,+250,,,+230,+220,+220,,,+219,,,,,-340,-324,-335,,-360,,,-350,-335,-335,,,-324,,,,
2024-04-01,Connor Wong,/mlb/props/connor-wong/,BOS at ATH,BOS,C,0.5,+270,+260,+240,,+260,,,+240,,,,,+236,,,,,-400,-354,-375,,-380,,,-375,,,,,-354,,,,
2024-04-01,Masataka Yoshida,/mlb/props/masataka-yoshida/,BOS at ATH,BOS,"LF,DH",0.5,+195,+205,+190,,+205,,,+190,+170,+170,,,+184,,,,,-275,-245,-264,,-285,,,-275,-245,-245,,,-264,,,,
2024-04-01,Zack Gelof,/mlb/props/zack-gelof/,BOS at ATH,ATH,"2B,3B,CF",0.5,+270,+230,+219,,+230,,,+220,+190,+190,,,+219,,,,,-400,-278,-324,,-330,,,-330,-278,-278,,,-324,,,,
2024-04-01,Enmanuel Valdez,/mlb/props/enmanuel-valdez/,BOS at ATH,PIT,1B,0.5,+230,+215,+200,,+215,,,+200,+188,+188,,,+208,,,,,-330,-275,-285,,-300,,,-285,-275,-275,,,-304,,,,
2024-04-01,Brent Rooker,/mlb/props/brent-rooker/,BOS at ATH,ATH,"LF,RF,DH",0.5,+215,+225,+213,,+225,,,+220,+195,+195,,,+213,,,,,-310,-286,-314,,-320,,,-330,-286,-286,,,-314,,,,
2024-04-01,Nick Allen,/mlb/props/nick-allen-ss/,BOS at ATH,HOU,"2B,3B,SS",0.5,+400,+400,+366,,+400,,,+360,,,,,+366,,,,,-700,-629,-700,,-700,,,-700,,,,,-629,,,,
2024-04-01,Abraham Toro,/mlb/props/abraham-toro/,BOS at ATH,KC,"1B,2B,3B",0.5,+260,+260,+240,,+260,,,+240,+260,+260,,,+236,,,,,-380,-354,-375,,-380,,,-375,-400,-400,,,-354,,,,
2024-04-01,J.D. Davis,/mlb/props/jd-davis/,BOS at ATH,FA,"1B,3B",0.5,+280,+270,+260,,+270,,,+260,+245,+240,,,+262,,,,,-425,-375,-404,,-390,,,-425,-375,-375,,,-404,,,,
2024-04-01,Trevor Story,/mlb/props/trevor-story/,BOS at ATH,BOS,SS,0.5,+195,+185,+178,,+185,,,+175,+170,+170,,,+178,,,,,-270,-240,-250,,-255,,,-250,-240,-240,,,-254,,,,
2024-04-01,Tyler O'Neill,/mlb/props/tyler-oneill/,BOS at ATH,BAL,"LF,RF",0.5,+185,+175,+165,,+175,,,+170,+143,+143,,,+165,,,,,-255,-200,-234,,-240,,,-235,-200,-200,,,-234,,,,
2024-04-01,Darell Hernaiz,/mlb/props/darell-hernaiz/,BOS at ATH,ATH,"2B,3B,SS",0.5,+390,+390,+360,,+390,,,+360,,,,,+345,,,,,-650,-579,-650,,-650,,,-700,,,,,-579,,,,
2024-04-01,Triston Casas,/mlb/props/triston-casas/,BOS at ATH,BOS,1B,0.5,+195,+190,+175,,+175,,,+165,+163,+163,,,+190,,,,,-270,-225,-240,,-240,,,-225,-235,-235,,,-274,,,,
2024-04-01,Jarren Duran,/mlb/props/jarren-duran/,BOS at ATH,BOS,"LF,CF,DH",0.5,+205,+205,+200,,+205,,,+190,+200,+200,,,+202,,,,,-290,-275,-290,,-290,,,-275,-295,-295,,,-294,,,,
2024-04-01,JJ Bleday,/mlb/props/jj-bleday/,BOS at ATH,CIN,"LF,CF,RF,DH",0.5,+225,+275,+252,,+275,,,+250,+230,+230,,,+252,,,,,-320,-335,-384,,-400,,,-400,-335,-335,,,-384,,,,
2024-04-01,Shea Langeliers,/mlb/props/shea-langeliers/,BOS at ATH,ATH,"C,DH",0.5,+230,+230,+220,,+230,,,+220,+230,+230,,,+213,,,,,-330,-314,-330,,-330,,,-330,-335,-335,,,-314,,,,
2024-04-01,Seth Brown,/mlb/props/seth-brown/,BOS at ATH,FA,"1B,LF,CF,RF",0.5,+200,+170,+165,,+170,,,+165,+148,+148,,,+165,,,,,-275,-210,-225,,-230,,,-225,-210,-210,,,-234,,,,
2024-04-01,Reese McGuire,/mlb/props/reese-mcguire/,BOS at ATH,FA,C,0.5,+280,+285,+280,,+280,,,+260,+285,+285,,,+262,,,,,-425,-404,-425,,-425,,,-425,-455,-455,,,-404,,,,
2024-04-01,Rafael Devers,/mlb/props/rafael-devers/,BOS at ATH,SF,"1B,DH",0.5,+135,+135,+133,,+135,,,+135,+120,+120,,,+133,,,,,-180,-167,-180,,-180,,,-180,-167,-167,,,-184,,,,
2024-04-01,Ceddanne Rafaela,/mlb/props/ceddanne-rafaela/,BOS at ATH,BOS,"2B,CF",0.5,+215,+210,+200,,+210,,,,+200,+200,,,+190,,,,,-300,-274,-295,,-295,,,,-295,-295,,,-274,,,,
2024-04-01,Lawrence Butler,/mlb/props/lawrence-butler/,BOS at ATH,ATH,"CF,RF",0.5,+285,+300,+275,,+285,,,+260,+300,+300,,,+275,,,,,-425,-425,-429,,-425,,,-425,-500,-500,,,-429,,,,
2024-04-01,Ryan Noda,/mlb/props/ryan-noda/,BOS at ATH,BAL,1B,0.5,+320,+320,+300,,+320,,,+300,+280,+280,,,+275,,,,,-500,-429,-455,,-500,,,-500,-455,-455,,,-429,,,,
2024-04-01,Austin Wells,/mlb/props/austin-wells/,NYY at ARI,NYY,C,0.5,+175,+165,+165,,+165,,,,,,,,+165,,,,,-240,-225,-225,,-225,,,,,,,,-234,,,,
2024-04-01,Jake McCarthy,/mlb/props/jake-mccarthy/,NYY at ARI,COL,"LF,CF,RF",0.5,+265,+255,+240,,+255,,,+240,+230,+230,,,+236,,,,,-390,-354,-360,,-370,,,-375,-360,-360,,,-354,,,,
2024-04-01,Gabriel Moreno,/mlb/props/gabriel-moreno/,NYY at ARI,ARI,C,0.5,+245,+250,+240,,+250,,,+240,,,,,+236,,,,,-350,-354,-360,,-360,,,-375,,,,,-354,,,,
2024-04-01,Anthony Volpe,/mlb/props/anthony-volpe/,NYY at ARI,NYY,SS,0.5,+175,+175,+165,,+175,,,+165,+175,+175,,,+165,,,,,-235,-225,-235,,-235,,,-225,-250,-250,,,-234,,,,
2024-04-01,Juan Soto,/mlb/props/juan-soto/,NYY at ARI,NYM,"LF,RF,DH",0.5,+155,+155,+145,,+135,,,+145,+155,+155,,,+146,,,,,-210,-180,-200,,-180,,,-200,-225,-225,,,-204,,,,
2024-04-01,Lourdes Gurriel Jr.,/mlb/props/lourdes-gurriel-jr/,NYY at ARI,ARI,"LF,DH",0.5,+150,+140,+140,,+140,,,+140,+140,+140,,,+139,,,,,-200,-190,-194,,-190,,,-190,-195,-195,,,-194,,,,
2024-04-01,Alex Verdugo,/mlb/props/alex-verdugo/,NYY at ARI,FA,"LF,RF",0.5,+195,+195,+185,,+195,,,+185,+180,+180,,,+184,,,,,-275,-250,-260,,-275,,,-260,-250,-250,,,-264,,,,
2024-04-01,Giancarlo Stanton,/mlb/props/giancarlo-stanton/,NYY at ARI,NYY,"LF,RF,DH",0.5,+125,+135,+125,,+120,,,+125,+135,+135,,,+118,,,,,-170,-160,-165,,-160,,,-165,-190,-190,,,-163,,,,
2024-04-01,Gleyber Torres,/mlb/props/gleyber-torres/,NYY at ARI,DET,2B,0.5,+150,+150,+145,,+145,,,+140,+150,+150,,,+146,,,,,-205,-190,-204,,-195,,,-190,-210,-210,,,-204,,,,
2024-04-01,Geraldo Perdomo,/mlb/props/geraldo-perdomo/,NYY at ARI,ARI,SS,0.5,+275,+275,+262,,+275,,,+260,,,,,+262,,,,,-400,-400,-404,,-400,,,-425,,,,,-404,,,,
2024-04-01,Oswaldo Cabrera,/mlb/props/oswaldo-cabrera/,NYY at ARI,NYY,3B,0.5,+205,+235,+205,,+205,,,+190,+235,+235,,,+196,,,,,-290,-275,-290,,-290,,,-275,-345,-345,,,-284,,,,
2024-04-01,Aaron Judge,/mlb/props/aaron-judge/,NYY at ARI,NYY,"LF,CF,RF,DH",0.5,-110,-107,-115,,-115,,,-115,-107,-107,,,-119,,,,,-120,-115,-115,,-115,,,-115,-127,-127,,,-115,,,,
2024-04-01,Joc Pederson,/mlb/props/joc-pederson/,NYY at ARI,TEX,DH,0.5,+175,+165,+160,,+160,,,+160,+165,+165,,,+159,,,,,-240,-215,-224,,-220,,,-215,-240,-240,,,-224,,,,
2024-04-01,Corbin Carroll,/mlb/props/corbin-carroll-of/,NYY at ARI,ARI,"CF,RF",0.5,+175,+190,+172,,+190,,,+185,+165,+165,,,+172,,,,,-245,-235,-244,,-260,,,-260,-235,-235,,,-244,,,,
2024-04-01,Ketel Marte,/mlb/props/ketel-marte/,NYY at ARI,ARI,"2B,DH",0.5,+135,+160,+155,,+155,,,+160,+148,+148,,,+146,,,,,-185,-204,-210,,-210,,,-215,-210,-210,,,-204,,,,
2024-04-01,Anthony Rizzo,/mlb/props/anthony-rizzo/,NYY at ARI,FA,1B,0.5,+135,+135,+130,,+135,,,+130,+128,+128,,,+126,,,,,-180,-174,-177,,-180,,,-175,-177,-177,,,-174,,,,
2024-04-01,Eugenio Suarez,/mlb/props/eugenio-suarez/,NYY at ARI,CIN,"3B,DH",0.5,+230,+225,+213,,+225,,,+210,+210,+210,,,+213,,,,,-330,-300,-314,,-320,,,-300,-315,-315,,,-314,,,,
2024-04-01,Christian Walker,/mlb/props/christian-walker/,NYY at ARI,HOU,1B,0.5,+165,+160,+152,,+160,,,+145,+148,+148,,,+152,,,,,-225,-195,-205,,-215,,,-195,-205,-205,,,-214,,,,
2024-04-01,Jason Heyward,/mlb/props/jason-heyward/,SF at LAD,FA,"LF,RF",0.5,+230,+245,+230,,+245,,,+230,,,,,+227,,,,,-350,-339,-350,,-360,,,-350,,,,,-339,,,,
2024-04-01,Wilmer Flores,/mlb/props/wilmer-flores/,SF at LAD,FA,"1B,DH",0.5,+225,+225,+220,,+225,,,+220,,,,,+213,,,,,-320,-314,-320,,-320,,,-330,,,,,-314,,,,
2024-04-01,Freddie Freeman,/mlb/props/freddie-freeman/,SF at LAD,LAD,1B,0.5,+140,+140,+136,,+140,,,+140,+130,+130,,,+136,,,,,-190,-180,-189,,-190,,,-190,-180,-180,,,-189,,,,
2024-04-01,Austin Slater,/mlb/props/austin-slater/,SF at LAD,FA,"LF,CF,RF",0.5,+340,+340,+320,,+340,,,+320,+310,+310,,,+311,,,,,-550,-504,-550,,-550,,,-600,-530,-530,,,-504,,,,
2024-04-01,Gavin Lux,/mlb/props/gavin-lux/,SF at LAD,TB,"2B,3B,LF,DH",0.5,+250,+235,+230,,+235,,,+230,,,,,+219,,,,,-400,-324,-340,,-340,,,-350,,,,,-324,,,,
2024-04-01,Jorge Soler,/mlb/props/jorge-soler/,SF at LAD,LAA,"RF,DH",0.5,+190,+175,+165,,+175,,,+165,,,,,+165,,,,,-265,-225,-234,,-240,,,-225,,,,,-234,,,,
2024-04-01,Chris Taylor,/mlb/props/chris-taylor/,SF at LAD,FA,"2B,LF,CF,RF",0.5,+245,+245,+230,,+245,,,+230,,,,,+227,,,,,-350,-339,-350,,-350,,,-350,,,,,-339,,,,
2024-04-01,Matt Chapman,/mlb/props/matt-chapman/,SF at LAD,SF,3B,0.5,+170,+175,+165,,+170,,,+165,+175,+175,,,+159,,,,,-235,-224,-235,,-235,,,-225,-245,-245,,,-224,,,,
2024-04-01,Teoscar Hernandez,/mlb/props/teoscar-hernandez/,SF at LAD,LAD,"LF,RF",0.5,+170,+180,+175,,+180,,,+170,+175,+175,,,+178,,,,,-235,-235,-245,,-245,,,-235,-245,-245,,,-254,,,,
2024-04-01,Will Smith,/mlb/props/will-smith-c/,SF at LAD,LAD,C,0.5,+145,+140,+138,,+140,,,+135,+138,+138,,,+136,,,,,-200,-180,-185,,-185,,,-180,-190,-190,,,-189,,,,
2024-04-01,Jung Hoo Lee,/mlb/props/jung-lee/,SF at LAD,SF,"CF,RF",0.5,+270,+255,+240,,+255,,,+240,,,,,+236,,,,,-400,-354,-370,,-370,,,-375,,,,,-354,,,,
2024-04-01,Mookie Betts,/mlb/props/mookie-betts/,SF at LAD,LAD,SS,0.5,+190,+180,+175,,+180,,,+175,+170,+170,,,+178,,,,,-275,-240,-245,,-245,,,-250,-240,-240,,,-254,,,,
2024-04-01,Nick Ahmed,/mlb/props/nick-ahmed/,SF at LAD,FA,SS,0.5,+350,+310,+300,,+310,,,+300,,,,,+287,,,,,-550,-454,-475,,-475,,,-500,,,,,-454,,,,
2024-04-01,James Outman,/mlb/props/james-outman/,SF at LAD,DET,"LF,CF,RF",0.5,+230,+230,+220,,+230,,,+220,+225,+225,,,+213,,,,,-350,-314,-330,,-330,,,-330,-345,-345,,,-314,,,,
2024-04-01,Shohei Ohtani,/mlb/props/shohei-ohtani/,SF at LAD,LAD,"SP,DH",0.5,+130,+125,+118,,+125,,,+125,+114,+114,,,+118,,,,,-175,-157,-163,,-165,,,-165,-157,-157,,,-163,,,,
2024-04-01,Patrick Bailey,/mlb/props/patrick-bailey/,SF at LAD,CLE,C,0.5,+285,+275,+262,,+275,,,+250,,,,,+262,,,,,-425,-400,-400,,-400,,,-400,,,,,-404,,,,
2024-04-01,Thairo Estrada,/mlb/props/thairo-estrada/,SF at LAD,FA,2B,0.5,+265,+270,+265,,+270,,,+250,+265,+265,,,+247,,,,,-390,-374,-400,,-400,,,-400,-420,-420,,,-374,,,,
2024-04-01,Tyler Fitzgerald,/mlb/props/tyler-fitzgerald/,SF at LAD,FA,2B,0.5,+320,+320,+300,,+320,,,+300,,,,,+287,,,,,-500,-454,-500,,-500,,,-500,,,,,-454,,,,
2024-04-01,Max Muncy,/mlb/props/max-muncy/,SF at LAD,LAD,3B,0.5,+145,+140,+136,,+140,,,+140,+128,+128,,,+136,,,,,-200,-177,-189,,-190,,,-190,-177,-177,,,-189,,,,
2024-04-01,Tom Murphy,/mlb/props/tom-murphy/,SF at LAD,FA,C,0.5,+225,+250,+235,,+235,,,+220,+250,+250,,,+213,,,,,-320,-314,-340,,-340,,,-330,-400,-400,,,-314,,,,
2024-04-01,Luis Matos,/mlb/props/luis-matos/,SF at LAD,MIL,"LF,CF,RF",0.5,+295,+295,+280,,+295,,,+280,,,,,+275,,,,,-450,-429,-450,,-450,,,-450,,,,,-429,,,,
2024-04-01,LaMonte Wade Jr.,/mlb/props/lamonte-wade/,SF at LAD,HOU,"1B,RF",0.5,+330,+330,+300,,+330,,,+300,,,,,+300,,,,,-500,-479,-500,,-500,,,-500,,,,,-479,,,,
2024-04-01,Michael Conforto,/mlb/props/michael-conforto/,SF at LAD,CHC,"LF,RF,DH",0.5,+265,+275,+270,,+275,,,+260,+270,+270,,,+262,,,,,-390,-400,-425,,-400,,,-425,-435,-435,,,-404,,,,
2024-04-02,Alex Kirilloff,/mlb/props/alex-kirilloff/,MIN at MIL,FA,"1B,LF,RF",0.5,+195,+185,+180,,+180,,,+170,+185,+185,,,+184,,,,,-270,-235,-250,,-250,,,-235,-275,-275,,,-264,,,,
2024-04-02,Jake Bauers,/mlb/props/jake-bauers/,MIN at MIL,MIL,"1B,LF,RF",0.5,+185,+180,+175,,+180,,,+175,,,,,+172,,,,,-255,-244,-250,,-250,,,-250,,,,,-244,,,,
2024-04-02,Matt Wallner,/mlb/props/matt-wallner/,MIN at MIL,MIN,"LF,RF",0.5,+170,+180,+170,,+170,,,+165,+180,+180,,,+165,,,,,-230,-225,-234,,-230,,,-225,-250,-250,,,-234,,,,
2024-04-02,Brice Turang,/mlb/props/brice-turang/,MIN at MIL,MIL,2B,0.5,+280,+270,+262,,+270,,,+250,,,,,+262,,,,,-400,-400,-400,,-400,,,-400,,,,,-404,,,,
2024-04-02,Byron Buxton,/mlb/props/byron-buxton/,MIN at MIL,MIN,"CF,DH",0.5,+150,+155,+145,,+145,,,+145,+155,+155,,,+143,,,,,-200,-195,-200,,-195,,,-200,-215,-215,,,-199,,,,
2024-04-02,Ryan Jeffers,/mlb/props/ryan-jeffers/,MIN at MIL,MIN,"C,DH",0.5,+205,+202,+200,,+200,,,+190,,,,,+202,,,,,-290,-275,-275,,-275,,,-275,,,,,-294,,,,
2024-04-02,William Contreras,/mlb/props/william-contreras/,MIN at MIL,MIL,"C,DH",0.5,+190,+175,+172,,+175,,,+170,+170,+170,,,+172,,,,,-260,-235,-240,,-240,,,-235,-240,-240,,,-244,,,,
2024-04-02,Willy Adames,/mlb/props/willy-adames/,MIN at MIL,SF,SS,0.5,+170,+165,+152,,+145,,,+145,+165,+165,,,+152,,,,,-235,-195,-214,,-195,,,-200,-235,-235,,,-214,,,,
2024-04-02,Jackson Chourio,/mlb/props/jackson-chourio/,MIN at MIL,MIL,"LF,CF,RF",0.5,+270,+247,+235,,+235,,,+220,,,,,+247,,,,,-400,-330,-340,,-340,,,-330,,,,,-374,,,,
2024-04-02,Joey Ortiz,/mlb/props/joey-ortiz/,MIN at MIL,MIL,"3B,SS",0.5,+300,+295,+280,,+295,,,+280,,,,,+262,,,,,-450,-404,-450,,-450,,,-450,,,,,-404,,,,
2024-04-02,Rhys Hoskins,/mlb/props/rhys-hoskins/,MIN at MIL,CLE,"1B,DH",0.5,+135,+165,+150,,+165,,,+165,+150,+150,,,+133,,,,,-185,-184,-210,,-230,,,-225,-210,-210,,,-184,,,,
2024-04-02,Christian Vazquez,/mlb/props/christian-vazquez/,MIN at MIL,HOU,C,0.5,+250,+250,+240,,+250,,,+240,,,,,+227,,,,,-360,-339,-360,,-360,,,-375,,,,,-339,,,,
2024-04-02,Carlos Correa,/mlb/props/carlos-correa/,MIN at MIL,HOU,"3B,SS",0.5,+165,+165,+165,,+165,,,+165,+163,+163,,,+165,,,,,-225,-225,-234,,-225,,,-225,-235,-235,,,-234,,,,
2024-04-02,Oliver Dunn,/mlb/props/oliver-dunn/,MIN at MIL,TB,3B,0.5,+245,+245,+230,,+245,,,+230,,,,,+227,,,,,-360,-339,-350,,-350,,,-350,,,,,-339,,,,
2024-04-02,Max Kepler,/mlb/props/max-kepler/,MIN at MIL,ARI,"LF,RF",0.5,+140,+139,+125,,+125,,,+125,,,,,+139,,,,,-190,-165,-170,,-170,,,-165,,,,,-194,,,,
2024-04-02,Edouard Julien,/mlb/props/edouard-julien/,MIN at MIL,COL,"1B,2B,DH",0.5,+230,+255,+230,,+230,,,+220,+255,+255,,,+219,,,,,-330,-324,-330,,-330,,,-330,-400,-400,,,-324,,,,
2024-04-02,Sal Frelick,/mlb/props/sal-frelick/,MIN at MIL,MIL,"LF,CF,RF",0.5,+245,+245,+230,,+245,,,+230,+230,+230,,,+227,,,,,-360,-335,-339,,-350,,,-350,-335,-335,,,-339,,,,
2024-04-02,Willi Castro,/mlb/props/willi-castro/,MIN at MIL,COL,"1B,2B,3B,SS,LF,RF",0.5,+215,+208,+205,,+205,,,+190,,,,,+208,,,,,-300,-275,-285,,-285,,,-275,,,,,-304,,,,
2024-04-02,Christian Yelich,/mlb/props/christian-yelich/,MIN at MIL,MIL,"LF,DH",0.5,+170,+175,+165,,+175,,,+170,+165,+165,,,+152,,,,,-235,-214,-230,,-240,,,-235,-230,-230,,,-214,,,,
2024-04-02,Carlos Santana,/mlb/props/carlos-santana/,MIN at MIL,ATL,1B,0.5,+165,+195,+175,,+185,,,+175,+195,+195,,,+152,,,,,-225,-214,-250,,-255,,,-250,-286,-286,,,-214,,,,
2024-04-02,Gary Sanchez,/mlb/props/gary-sanchez/,MIN at MIL,MIL,"C,1B,DH",0.5,+200,+195,+190,,+195,,,+185,,,,,+190,,,,,-275,-260,-270,,-270,,,-260,,,,,-274,,,,
2024-04-02,Garrett Hampson,/mlb/props/garrett-hampson/,KC at BAL,CIN,"2B,LF,CF",0.5,+295,+295,+280,,+295,,,+280,,,,,+275,,,,,-450,-429,-450,,-450,,,-450,,,,,-429,,,,
2024-04-02,Cedric Mullins II,/mlb/props/cedric-mullins/,KC at BAL,TB,CF,0.5,+215,+210,+202,,+210,,,+200,+195,+195,,,+202,,,,,-310,-285,-286,,-295,,,-285,-286,-286,,,-294,,,,
2024-04-02,Salvador Perez,/mlb/props/salvador-perez/,KC at BAL,KC,"C,1B,DH",0.5,+155,+165,+155,,+165,,,+165,+155,+155,,,+146,,,,,-210,-204,-220,,-225,,,-225,-220,-220,,,-204,,,,
2024-04-02,Ryan Mountcastle,/mlb/props/ryan-mountcastle/,KC at BAL,BAL,"1B,DH",0.5,+150,+150,+145,,+150,,,+145,+143,+143,,,+139,,,,,-200,-194,-200,,-205,,,-200,-200,-200,,,-194,,,,
2024-04-02,Austin Hays,/mlb/props/austin-hays/,KC at BAL,CWS,"LF,DH",0.5,+185,+195,+185,,+195,,,+185,+188,+188,,,+172,,,,,-255,-244,-260,,-270,,,-260,-265,-265,,,-244,,,,
2024-04-02,Bobby Witt Jr.,/mlb/props/bobby-witt-jr/,KC at BAL,KC,SS,0.5,+170,+190,+165,,+165,,,+165,+190,+190,,,+152,,,,,-230,-214,-225,,-225,,,-225,-278,-278,,,-214,,,,
2024-04-02,Maikel Garcia,/mlb/props/maikel-garcia/,KC at BAL,KC,"2B,3B,SS,OF",0.5,+225,+250,+230,,+240,,,+230,+250,+250,,,+196,,,,,-320,-284,-350,,-350,,,-350,-385,-385,,,-284,,,,
2024-04-02,Anthony Santander,/mlb/props/anthony-santander/,KC at BAL,TOR,"LF,RF,DH",0.5,+140,+145,+140,,+145,,,+140,+140,+140,,,+139,,,,,-190,-190,-195,,-200,,,-190,-195,-195,,,-194,,,,
2024-04-02,Nick Loftin,/mlb/props/nick-loftin/,KC at BAL,KC,"2B,3B,LF",0.5,+270,+280,+275,,+280,,,,+275,+275,,,+247,,,,,-400,-374,-420,,-425,,,,-420,-420,,,-374,,,,
2024-04-02,Tony Kemp,/mlb/props/anthony-kemp/,KC at BAL,FA,"2B,LF",0.5,+320,+320,+300,,+320,,,+300,,,,,+287,,,,,-475,-454,-475,,-475,,,-500,,,,,-454,,,,
2024-04-02,Vinnie Pasquantino,/mlb/props/vinnie-pasquantino/,KC at BAL,KC,"1B,DH",0.5,+205,+185,+175,,+185,,,+175,+170,+170,,,+184,,,,,-285,-240,-250,,-255,,,-250,-240,-240,,,-264,,,,
2024-04-02,Ramon Urias,/mlb/props/ramon-urias/,KC at BAL,STL,"2B,3B",0.5,+230,+225,+220,,+225,,,+220,,,,,+208,,,,,-320,-304,-320,,-320,,,-330,,,,,-304,,,,
2024-04-02,Adley Rutschman,/mlb/props/adley-rutschman/,KC at BAL,BAL,"C,DH",0.5,+190,+200,+178,,+200,,,+190,+165,+165,,,+178,,,,,-265,-235,-254,,-280,,,-275,-235,-235,,,-254,,,,
2024-04-02,Kyle Isbel,/mlb/props/kyle-isbel/,KC at BAL,KC,CF,0.5,+300,+300,+280,,+300,,,+280,,,,,+262,,,,,-450,-404,-450,,-450,,,-450,,,,,-404,,,,
2024-04-02,Jordan Westburg,/mlb/props/jordan-westburg/,KC at BAL,BAL,"2B,3B",0.5,+210,+215,+200,,+215,,,+200,,,,,+190,,,,,-295,-274,-285,,-300,,,-285,,,,,-274,,,,
2024-04-02,Freddy Fermin,/mlb/props/freddy-fermin/,KC at BAL,SD,C,0.5,+230,+220,+202,,+220,,,+200,,,,,+202,,,,,-330,-285,-294,,-310,,,-285,,,,,-294,,,,
2024-04-02,Gunnar Henderson,/mlb/props/gunnar-henderson/,KC at BAL,BAL,"SS,DH",0.5,+175,+185,+175,,+185,,,+175,+170,+170,,,+172,,,,,-240,-240,-250,,-255,,,-250,-240,-240,,,-244,,,,
2024-04-02,Nelson Velazquez,/mlb/props/nelson-velazquez/,KC at BAL,STL,"LF,RF,DH",0.5,+235,+215,+210,,+215,,,+200,+210,+210,,,+213,,,,,-340,-285,-310,,-310,,,-285,-315,-315,,,-314,,,,
2024-04-02,Colton Cowser,/mlb/props/colton-cowser/,KC at BAL,BAL,"LF,CF,RF",0.5,+265,+265,+250,,+265,,,+250,,,,,+247,,,,,-390,-374,-390,,-390,,,-400,,,,,-374,,,,
2024-04-02,Hunter Renfroe,/mlb/props/hunter-renfroe/,KC at BAL,FA,RF,0.5,+225,+225,+220,,+225,,,+220,+225,+225,,,+208,,,,,-320,-304,-320,,-320,,,-330,-335,-335,,,-304,,,,
2024-04-02,Ryan O'Hearn,/mlb/props/ryan-ohearn/,KC at BAL,PIT,"1B,LF,RF,DH",0.5,+185,+195,+185,,+195,,,+185,+170,+170,,,+172,,,,,-255,-244,-260,,-270,,,-260,-245,-245,,,-244,,,,
2024-04-02,Anthony Rendon,/mlb/props/anthony-rendon/,LAA at MIA,LAA,3B,0.5,+220,+210,+202,,+210,,,+190,+210,+210,,,+202,,,,,-320,-275,-294,,-290,,,-275,-315,-315,,,-294,,,,
2024-04-02,Jake Burger,/mlb/props/jake-burger-3b/,LAA at MIA,TEX,1B,0.5,+125,+120,+120,,+120,,,+120,+110,+110,,,+120,,,,,-165,-150,-160,,-160,,,-160,-150,-150,,,-166,,,,
2024-04-02,Aaron Hicks,/mlb/props/aaron-hicks/,LAA at MIA,FA,"LF,CF,RF",0.5,+235,+225,+210,,+225,,,+210,+225,+225,,,+208,,,,,-340,-300,-320,,-320,,,-300,-345,-345,,,-304,,,,
2024-04-02,Zach Neto,/mlb/props/zach-neto/,LAA at MIA,LAA,SS,0.5,+225,+250,+225,,+250,,,+240,+225,+225,,,+208,,,,,-320,-304,-335,,-370,,,-375,-335,-335,,,-304,,,,
2024-04-02,Avisail Garcia,/mlb/props/avisail-garcia/,LAA at MIA,FA,"LF,RF",0.5,+175,+175,+170,,+175,,,+170,+175,+175,,,+165,,,,,-240,-234,-245,,-245,,,-235,-250,-250,,,-234,,,,
2024-04-02,Bryan De La Cruz,/mlb/props/bryan-de-la-cruz/,LAA at MIA,PHI,LF,0.5,+165,+159,+150,,+155,,,+150,+133,+133,,,+159,,,,,-225,-182,-210,,-210,,,-210,-182,-182,,,-224,,,,
2024-04-02,Josh Bell,/mlb/props/josh-bell/,LAA at MIA,MIN,"1B,DH",0.5,+165,+165,+160,,+165,,,+160,+155,+155,,,+159,,,,,-225,-215,-224,,-225,,,-215,-215,-215,,,-224,,,,
2024-04-02,Jo Adell,/mlb/props/jo-adell/,LAA at MIA,LAA,"LF,CF,RF",0.5,+280,+265,+250,,+265,,,+250,,,,,+247,,,,,-425,-374,-390,,-390,,,-400,,,,,-374,,,,
2024-04-02,Mike Trout,/mlb/props/mike-trout/,LAA at MIA,LAA,"CF,RF,DH",0.5,+185,+172,+163,,+155,,,+170,+163,+163,,,+172,,,,,-255,-210,-230,,-210,,,-235,-230,-230,,,-244,,,,
2024-04-02,Nick Fortes,/mlb/props/nick-fortes/,LAA at MIA,TB,C,0.5,+210,+220,+200,,+220,,,+200,,,,,+196,,,,,-295,-284,-285,,-310,,,-285,,,,,-284,,,,
2024-04-02,Tim Anderson,/mlb/props/tim-anderson/,LAA at MIA,FA,"2B,SS",0.5,+185,+190,+180,,+190,,,+175,+180,+180,,,+178,,,,,-260,-250,-254,,-265,,,-250,-265,-265,,,-254,,,,
2024-04-02,Jonah Bride,/mlb/props/jonah-bride/,LAA at MIA,TEX,"1B,3B",0.5,+285,+285,+262,,+285,,,+260,+245,+245,,,+262,,,,,-425,-385,-404,,-425,,,-425,-385,-385,,,-404,,,,
2024-04-02,Taylor Ward,/mlb/props/taylor-ward/,LAA at MIA,BAL,LF,0.5,+175,+175,+165,,+175,,,+170,+155,+155,,,+165,,,,,-240,-215,-234,,-235,,,-235,-215,-215,,,-234,,,,
2024-04-02,Jazz Chisholm Jr.,/mlb/props/jasrado-chisholm/,LAA at MIA,NYY,"2B,3B",0.5,+200,+185,+175,,+185,,,+175,+165,+165,,,+184,,,,,-280,-235,-250,,-260,,,-250,-235,-235,,,-264,,,,
2024-04-02,Miguel Sano,/mlb/props/miguel-sano/,LAA at MIA,FA,"1B,3B",0.5,+185,+188,+175,,+175,,,+170,+188,+188,,,+172,,,,,-255,-235,-244,,-240,,,-235,-275,-275,,,-244,,,,
2024-04-02,Brandon Drury,/mlb/props/brandon-drury/,LAA at MIA,KC,"1B,2B,3B",0.5,+165,+170,+165,,+170,,,+165,+165,+165,,,+152,,,,,-225,-214,-225,,-235,,,-225,-235,-235,,,-214,,,,
2024-04-02,Vidal Brujan,/mlb/props/vidal-brujan-2b/,LAA at MIA,NYM,"3B,SS,OF",0.5,+270,+260,+240,,+260,,,+240,,,,,+236,,,,,-390,-354,-375,,-380,,,-375,,,,,-354,,,,
2024-04-02,Luis Arraez,/mlb/props/luis-arraez/,LAA at MIA,SF,"1B,2B,DH",0.5,+215,+215,+200,,+215,,,+200,,,,,+196,,,,,-300,-284,-285,,-310,,,-285,,,,,-284,,,,
2024-04-02,Logan O'Hoppe,/mlb/props/logan-ohoppe/,LAA at MIA,LAA,C,0.5,+220,+220,+210,,+220,,,+210,+210,+210,,,+196,,,,,-310,-284,-300,,-310,,,-300,-305,-305,,,-284,,,,
2024-04-02,Nolan Schanuel,/mlb/props/nolan-schanuel/,LAA at MIA,LAA,1B,0.5,+320,+320,+287,,+320,,,+300,+255,+255,,,+287,,,,,-500,-400,-454,,-500,,,-500,-400,-400,,,-454,,,,
2024-04-02,Will Benson,/mlb/props/will-benson/,CIN at PHI,CIN,"LF,CF,RF",0.5,+245,+235,+220,,+235,,,+220,,,,,+219,,,,,-350,-324,-330,,-340,,,-330,,,,,-324,,,,
2024-04-02,Jonathan India,/mlb/props/jonathan-india/,CIN at PHI,KC,"2B,3B,LF,DH",0.5,+260,+260,+240,,+260,,,+240,+235,+235,,,+236,,,,,-380,-345,-354,,-380,,,-375,-345,-345,,,-354,,,,
2024-04-02,Nick Martini,/mlb/props/nick-martini/,CIN at PHI,FA,"LF,RF,DH",0.5,+240,+235,+220,,+235,,,+220,+215,+215,,,+213,,,,,-350,-314,-330,,-340,,,-330,-315,-315,,,-314,,,,
2024-04-02,Jake Fraley,/mlb/props/jake-fraley/,CIN at PHI,TB,"LF,RF",0.5,+240,+245,+230,,+245,,,+230,+220,+220,,,+219,,,,,-350,-324,-335,,-360,,,-350,-335,-335,,,-324,,,,
2024-04-02,Garrett Stubbs,/mlb/props/garrett-stubbs/,CIN at PHI,PHI,"C,DH",0.5,+285,+290,+285,,+285,,,+260,+290,+290,,,+262,,,,,-425,-404,-425,,-425,,,-425,-480,-480,,,-404,,,,
2024-04-02,Alec Bohm,/mlb/props/alec-bohm/,CIN at PHI,PHI,"1B,3B",0.5,+160,+152,+145,,+145,,,+145,+140,+140,,,+152,,,,,-220,-195,-200,,-200,,,-200,-195,-195,,,-214,,,,
2024-04-02,Spencer Steer,/mlb/props/spencer-steer/,CIN at PHI,CIN,"1B,2B,LF,RF",0.5,+220,+205,+196,,+205,,,+200,+188,+188,,,+196,,,,,-310,-275,-284,,-290,,,-285,-275,-275,,,-284,,,,
2024-04-02,Tyler Stephenson,/mlb/props/tyler-stephenson/,CIN at PHI,CIN,C,0.5,+265,+265,+240,,+265,,,+240,+230,+230,,,+236,,,,,-390,-345,-375,,-390,,,-375,-345,-345,,,-354,,,,
2024-04-02,Nick Castellanos,/mlb/props/nick-castellanos/,CIN at PHI,FA,"RF,DH",0.5,+185,+178,+175,,+170,,,+170,+175,+175,,,+178,,,,,-255,-235,-250,,-235,,,-235,-250,-250,,,-254,,,,
2024-04-02,Jeimer Candelario,/mlb/props/jeimer-candelario/,CIN at PHI,LAA,"1B,3B",0.5,+190,+195,+185,,+195,,,+185,+195,+195,,,+172,,,,,-260,-244,-260,,-275,,,-260,-286,-286,,,-244,,,,
2024-04-02,Kyle Schwarber,/mlb/props/kyle-schwarber/,CIN at PHI,PHI,"LF,DH",0.5,+175,+185,+175,,+185,,,+175,+175,+175,,,+172,,,,,-240,-244,-250,,-255,,,-250,-250,-250,,,-244,,,,
2024-04-02,J.T. Realmuto,/mlb/props/jt-realmuto/,CIN at PHI,PHI,C,0.5,+130,+135,+130,,+135,,,+135,+130,+130,,,+126,,,,,-175,-174,-180,,-185,,,-180,-180,-180,,,-174,,,,
2024-04-02,Bryce Harper,/mlb/props/bryce-harper/,CIN at PHI,PHI,"1B,DH",0.5,+170,+170,+155,,+170,,,+140,+155,+155,,,+159,,,,,-230,-195,-215,,-230,,,-195,-215,-215,,,-224,,,,
2024-04-02,Elly De La Cruz,/mlb/props/elly-de-la-cruz/,CIN at PHI,CIN,SS,0.5,+260,+255,+236,,+255,,,+230,+225,+225,,,+236,,,,,-380,-335,-350,,-370,,,-350,-335,-335,,,-354,,,,
2024-04-02,Bryson Stott,/mlb/props/bryson-stott-ss/,CIN at PHI,PHI,"2B,SS",0.5,+185,+195,+185,,+195,,,+185,+175,+175,,,+178,,,,,-255,-250,-260,,-270,,,-260,-250,-250,,,-254,,,,
2024-04-02,Christian Encarnacion-Strand,/mlb/props/christian-encarnacion-strand/,CIN at PHI,BAL,"1B,3B",0.5,+190,+190,+178,,+190,,,+175,+188,+188,,,+178,,,,,-260,-250,-260,,-260,,,-250,-265,-265,,,-254,,,,
2024-04-02,Trea Turner,/mlb/props/trea-turner/,CIN at PHI,PHI,SS,0.5,+155,+160,+152,,+160,,,+160,+150,+150,,,+152,,,,,-205,-210,-214,,-215,,,-215,-210,-210,,,-214,,,,
2024-04-02,Brandon Marsh,/mlb/props/brandon-marsh/,CIN at PHI,PHI,"LF,CF,RF",0.5,+250,+236,+230,,+235,,,+220,+230,+230,,,+236,,,,,-360,-330,-340,,-340,,,-330,-360,-360,,,-354,,,,
2024-04-02,Johan Rojas,/mlb/props/johan-rojas/,CIN at PHI,PHI,CF,0.5,+250,+236,+235,,+235,,,+230,,,,,+236,,,,,-360,-340,-350,,-340,,,-350,,,,,-354,,,,
2024-04-02,Corey Seager,/mlb/props/corey-seager/,TEX at TB,TEX,SS,0.5,+130,+140,+135,,+140,,,+135,+135,+135,,,+129,,,,,-175,-179,-180,,-185,,,-180,-186,-186,,,-179,,,,
2024-04-02,Rene Pinto,/mlb/props/rene-pinto/,TEX at TB,PHI,C,0.5,+260,+240,+230,,+240,,,+230,+200,+200,,,+236,,,,,-380,-295,-340,,-340,,,-350,-295,-295,,,-354,,,,
2024-04-02,Josh Smith,/mlb/props/josh-smith-ss/,TEX at TB,TEX,"1B,2B,3B,SS,LF,RF",0.5,+260,+320,+300,,+320,,,+300,,,,,+252,,,,,-380,-384,-500,,-500,,,-500,,,,,-384,,,,
2024-04-02,Ezequiel Duran,/mlb/props/ezequiel-duran/,TEX at TB,TEX,"1B,2B,3B,SS,LF,RF",0.5,+280,+280,+265,,+280,,,+260,+265,+265,,,+262,,,,,-425,-404,-420,,-425,,,-425,-420,-420,,,-404,,,,
2024-04-02,Jose Siri,/mlb/props/jose-siri/,TEX at TB,LAA,"LF,CF",0.5,+230,+210,+200,,+210,,,+200,+175,+175,,,+208,,,,,-330,-250,-285,,-295,,,-285,-250,-250,,,-304,,,,
2024-04-02,Isaac Paredes,/mlb/props/isaac-paredes/,TEX at TB,HOU,"1B,3B,DH",0.5,+145,+145,+140,,+145,,,+140,+135,+135,,,+133,,,,,-190,-184,-190,,-195,,,-190,-186,-186,,,-184,,,,
2024-04-02,Curtis Mead,/mlb/props/curtis-meade/,TEX at TB,WSH,"1B,2B,3B",0.5,+205,+200,+190,,+200,,,,+190,+190,,,+190,,,,,-285,-274,-278,,-280,,,,-278,-278,,,-274,,,,
2024-04-02,Evan Carter,/mlb/props/evan-carter/,TEX at TB,TEX,"LF,CF,RF",0.5,+220,+230,+220,,+230,,,+220,+230,+230,,,+213,,,,,-310,-314,-330,,-330,,,-330,-335,-335,,,-314,,,,
2024-04-02,Jose Caballero,/mlb/props/jose-caballero/,TEX at TB,NYY,"2B,3B,SS,LF,RF",0.5,+235,+275,+250,,+275,,,+250,+230,+230,,,+219,,,,,-340,-324,-345,,-400,,,-400,-345,-345,,,-324,,,,
2024-04-02,Amed Rosario,/mlb/props/amed-rosario/,TEX at TB,NYY,"2B,3B,OF",0.5,+180,+175,+170,,+175,,,+170,+170,+170,,,+165,,,,,-245,-234,-240,,-240,,,-235,-245,-245,,,-234,,,,
2024-04-02,Jonah Heim,/mlb/props/jonah-heim/,TEX at TB,ATH,"C,DH",0.5,+180,+225,+210,,+225,,,+220,+210,+210,,,+165,,,,,-250,-234,-305,,-320,,,-330,-305,-305,,,-234,,,,
2024-04-02,Adolis Garcia,/mlb/props/jose-adolis-garcia/,TEX at TB,PHI,RF,0.5,+125,+145,+140,,+145,,,+140,+143,+143,,,+123,,,,,-170,-169,-190,,-195,,,-190,-200,-200,,,-169,,,,
2024-04-02,Jared Walsh,/mlb/props/jared-walsh/,TEX at TB,FA,"1B,RF",0.5,+280,+280,+262,,+280,,,+260,,,,,+262,,,,,-425,-404,-425,,-425,,,-425,,,,,-404,,,,
2024-04-02,Marcus Semien,/mlb/props/marcus-semien/,TEX at TB,NYM,2B,0.5,+195,+200,+190,,+200,,,+185,+200,+200,,,+190,,,,,-275,-260,-275,,-275,,,-260,-295,-295,,,-274,,,,
2024-04-02,Harold Ramirez,/mlb/props/harold-ramirez-of/,TEX at TB,FA,"LF,RF,DH",0.5,+210,+205,+190,,+205,,,+190,+205,+205,,,+190,,,,,-295,-274,-290,,-290,,,-275,-315,-315,,,-274,,,,
2024-04-02,Yandy Diaz,/mlb/props/yandy-diaz/,TEX at TB,TB,"1B,DH",0.5,+195,+185,+178,,+185,,,+175,+175,+175,,,+178,,,,,-270,-245,-250,,-255,,,-250,-245,-245,,,-254,,,,
2024-04-02,Leody Taveras,/mlb/props/leody-taveras-of/,TEX at TB,BAL,"CF,RF",0.5,+220,+275,+250,,+275,,,+250,,,,,+213,,,,,-310,-314,-400,,-400,,,-400,,,,,-314,,,,
2024-04-02,Wyatt Langford,/mlb/props/wyatt-langford/,TEX at TB,TEX,"LF,CF",0.5,+220,+230,+220,,+220,,,+210,+230,+230,,,+208,,,,,-310,-300,-310,,-310,,,-300,-345,-345,,,-304,,,,
2024-04-02,Randy Arozarena,/mlb/props/randy-arozarena/,TEX at TB,SEA,"LF,CF",0.5,+150,+150,+145,,+150,,,+145,+148,+148,,,+143,,,,,-200,-199,-200,,-200,,,-200,-210,-210,,,-199,,,,
2024-04-02,Kris Bryant,/mlb/props/kris-bryant/,COL at CHC,COL,DH,0.5,+220,+180,+165,,+180,,,+175,+165,+165,,,+159,,,,,-310,-224,-240,,-250,,,-250,-240,-240,,,-224,,,,
2024-04-02,Michael Busch,/mlb/props/michael-busch-2b/,COL at CHC,CHC,1B,0.5,+205,+205,+196,,+205,,,+190,,,,,+196,,,,,-290,-275,-284,,-285,,,-275,,,,,-284,,,,
2024-04-02,Nolan Jones,/mlb/props/nolan-jones-3b/,COL at CHC,CWS,"LF,CF,RF",0.5,+185,+200,+190,,+200,,,+190,+175,+175,,,+172,,,,,-255,-244,-250,,-275,,,-275,-250,-250,,,-244,,,,
2024-04-02,Ezequiel Tovar,/mlb/props/ezequiel-tovar/,COL at CHC,COL,SS,0.5,+230,+215,+210,,+215,,,+210,,,,,+202,,,,,-330,-294,-300,,-300,,,-300,,,,,-294,,,,
2024-04-02,Elehuris Montero,/mlb/props/elehuris-montero-3b/,COL at CHC,FA,"1B,3B",0.5,+220,+220,+210,,+220,,,+210,,,,,+202,,,,,-310,-294,-300,,-310,,,-300,,,,,-294,,,,
2024-04-02,Yan Gomes,/mlb/props/yan-gomes/,COL at CHC,FA,C,0.5,+160,+165,+160,,+165,,,+160,,,,,+152,,,,,-220,-214,-215,,-225,,,-215,,,,,-214,,,,
2024-04-02,Charlie Blackmon,/mlb/props/charlie-blackmon/,COL at CHC,FA,"RF,DH",0.5,+215,+215,+200,,+215,,,+200,,,,,+196,,,,,-300,-284,-285,,-300,,,-285,,,,,-284,,,,
2024-04-02,Christopher Morel,/mlb/props/christopher-morel/,COL at CHC,MIA,"1B,LF,DH",0.5,+115,+135,+120,,+120,,,+135,+108,+108,,,+102,,,,,-150,-139,-160,,-160,,,-180,-148,-148,,,-139,,,,
2024-04-02,Nico Hoerner,/mlb/props/nico-hoerner/,COL at CHC,CHC,"2B,SS",0.5,+215,+210,+200,,+210,,,+200,+200,+200,,,+152,,,,,-300,-214,-285,,-295,,,-285,-295,-295,,,-214,,,,
2024-04-02,Cody Bellinger,/mlb/props/cody-bellinger/,COL at CHC,NYY,"LF,CF,RF",0.5,+125,+140,+115,,+140,,,+140,+115,+115,,,+108,,,,,-170,-148,-157,,-190,,,-190,-157,-157,,,-148,,,,
2024-04-02,Dansby Swanson,/mlb/props/dansby-swanson/,COL at CHC,CHC,SS,0.5,+150,+155,+143,,+155,,,+150,+143,+143,,,+118,,,,,-205,-163,-200,,-210,,,-210,-200,-200,,,-163,,,,
2024-04-02,Brendan Rodgers,/mlb/props/brendan-rodgers/,COL at CHC,BOS,2B,0.5,+170,+225,+210,,+225,,,+210,+210,+210,,,+202,,,,,-235,-294,-300,,-320,,,-300,-315,-315,,,-294,,,,
2024-04-02,Garrett Cooper,/mlb/props/garrett-cooper/,COL at CHC,FA,1B,0.5,+155,+130,+130,,+130,,,+130,,,,,+126,,,,,-215,-174,-175,,-175,,,-175,,,,,-174,,,,
2024-04-02,Elias Diaz,/mlb/props/elias-diaz/,COL at CHC,TEX,C,0.5,+195,+195,+190,,+195,,,+190,+188,+188,,,+184,,,,,-275,-264,-275,,-275,,,-275,-275,-275,,,-264,,,,
2024-04-02,Brenton Doyle,/mlb/props/brenton-doyle/,COL at CHC,COL,CF,0.5,+295,+275,+252,,+275,,,+250,,,,,+252,,,,,-450,-384,-400,,-400,,,-400,,,,,-384,,,,
2024-04-02,Miguel Amaya,/mlb/props/miguel-amaya-c/,COL at CHC,CHC,"C,DH",0.5,+190,+190,+185,,+190,,,+185,,,,,+184,,,,,-265,-260,-264,,-265,,,-260,,,,,-264,,,,
2024-04-02,Ian Happ,/mlb/props/ian-happ/,COL at CHC,CHC,LF,0.5,+165,+163,+145,,+145,,,+145,+163,+163,,,+143,,,,,-225,-199,-200,,-200,,,-200,-235,-235,,,-199,,,,
2024-04-02,Ryan McMahon,/mlb/props/ryan-mcmahon/,COL at CHC,NYY,3B,0.5,+165,+175,+170,,+175,,,+170,+175,+175,,,+159,,,,,-225,-224,-235,,-240,,,-235,-245,-245,,,-224,,,,
2024-04-02,Nick Madrigal,/mlb/props/nick-madrigal/,COL at CHC,TB,"2B,3B",0.5,+185,+220,+210,,+220,,,+210,,,,,+172,,,,,-255,-244,-300,,-310,,,-300,,,,,-244,,,,
2024-04-02,Seiya Suzuki,/mlb/props/seiya-suzuki/,COL at CHC,CHC,"LF,RF,DH",0.5,+150,+170,+145,,+170,,,+130,+145,+145,,,+114,,,,,-205,-157,-175,,-230,,,-175,-205,-205,,,-157,,,,
2024-04-02,Michael Toglia,/mlb/props/mike-toglia/,COL at CHC,CIN,1B,0.5,+185,+195,+185,,+195,,,+185,,,,,+184,,,,,-260,-260,-264,,-270,,,-260,,,,,-264,,,,
2024-04-02,Andrew Benintendi,/mlb/props/andrew-benintendi/,ATL at CWS,CWS,"LF,DH",0.5,+240,+250,+245,,+250,,,+240,+245,+245,,,+247,,,,,-375,-370,-375,,-370,,,-375,-385,-385,,,-374,,,,
2024-04-02,Andrew Vaughn,/mlb/props/andrew-vaughn-1b/,ATL at CWS,MIL,1B,0.5,+160,+185,+170,,+170,,,+165,+185,+185,,,+152,,,,,-215,-214,-235,,-235,,,-225,-275,-275,,,-214,,,,
2024-04-02,Matt Olson,/mlb/props/matt-olson/,ATL at CWS,ATL,1B,0.5,+110,+125,+115,,+120,,,+115,+125,+125,,,+110,,,,,-145,-150,-155,,-155,,,-150,-175,-175,,,-151,,,,
2024-04-02,Travis d'Arnaud,/mlb/props/travis-darnaud/,ATL at CWS,LAA,C,0.5,+175,+175,+160,,+160,,,+160,+175,+175,,,+152,,,,,-245,-214,-215,,-215,,,-215,-245,-245,,,-214,,,,
2024-04-02,Gavin Sheets,/mlb/props/gavin-sheets/,ATL at CWS,SD,"1B,LF,RF,DH",0.5,+185,+190,+185,,+190,,,+185,+170,+170,,,+190,,,,,-260,-245,-260,,-260,,,-260,-245,-245,,,-274,,,,
2024-04-02,Paul DeJong,/mlb/props/paul-dejong/,ATL at CWS,FA,"2B,3B,SS",0.5,+280,+265,+250,,+250,,,+230,+265,+265,,,+236,,,,,-450,-350,-360,,-360,,,-350,-420,-420,,,-354,,,,
2024-04-02,Marcell Ozuna,/mlb/props/marcell-ozuna/,ATL at CWS,PIT,DH,0.5,+125,+120,+115,,+115,,,+115,+120,+120,,,+106,,,,,-165,-145,-155,,-155,,,-150,-162,-162,,,-145,,,,
2024-04-02,Braden Shewmake,/mlb/props/braden-shewmake/,ATL at CWS,HOU,"2B,3B,SS",0.5,+230,+230,+220,,+230,,,+220,,,,,+213,,,,,-330,-314,-330,,-330,,,-330,,,,,-314,,,,
2024-04-02,Adam Duvall,/mlb/props/adam-duvall/,ATL at CWS,FA,"LF,CF,RF",0.5,+140,+138,+125,,+125,,,+125,+138,+138,,,+118,,,,,-185,-163,-165,,-165,,,-165,-190,-190,,,-163,,,,
2024-04-02,Ozzie Albies,/mlb/props/ozhaino-albies/,ATL at CWS,ATL,2B,0.5,+115,+120,+110,,+115,,,+105,+120,+120,,,+110,,,,,-150,-140,-151,,-150,,,-140,-167,-167,,,-151,,,,
2024-04-02,Luis Robert Jr.,/mlb/props/luis-robert/,ATL at CWS,NYM,CF,0.5,+150,+150,+145,,+150,,,+145,,,,,+136,,,,,-210,-189,-200,,-200,,,-200,,,,,-189,,,,
2024-04-02,Martin Maldonado,/mlb/props/martin-maldonado/,ATL at CWS,FA,C,0.5,+300,+300,+280,,+300,,,+280,,,,,+262,,,,,-500,-404,-450,,-450,,,-450,,,,,-404,,,,
2024-04-02,Orlando Arcia,/mlb/props/orlando-arcia/,ATL at CWS,MIN,"1B,2B,3B,SS",0.5,+210,+175,+170,,+175,,,+170,,,,,+165,,,,,-290,-234,-235,,-240,,,-235,,,,,-234,,,,
2024-04-02,Ronald Acuna Jr.,/mlb/props/ronald-acuna/,ATL at CWS,ATL,RF,0.5,+140,+150,+130,,+130,,,+130,+150,+150,,,+118,,,,,-185,-163,-175,,-175,,,-175,-210,-210,,,-163,,,,
2024-04-02,Austin Riley,/mlb/props/austin-riley/,ATL at CWS,ATL,3B,0.5,+115,+110,+105,,+105,,,+110,+104,+104,,,+102,,,,,-155,-139,-140,,-140,,,-140,-141,-141,,,-139,,,,
2024-04-02,Dominic Fletcher,/mlb/props/dominic-fletcher/,ATL at CWS,PIT,"CF,RF",0.5,+230,+230,+213,,+230,,,+210,,,,,+213,,,,,-350,-300,-314,,-330,,,-300,,,,,-314,,,,
2024-04-02,Nicky Lopez,/mlb/props/nicky-lopez/,ATL at CWS,TEX,"2B,3B,SS",0.5,+300,+295,+275,,+295,,,+260,+275,+275,,,+275,,,,,-550,-425,-435,,-450,,,-425,-435,-435,,,-429,,,,
2024-04-02,Chadwick Tromp,/mlb/props/chadwick-tromp/,ATL at CWS,BAL,C,0.5,+220,+220,+210,,+220,,,+210,,,,,+208,,,,,-310,-300,-304,,-310,,,-300,,,,,-304,,,,
2024-04-02,Yoan Moncada,/mlb/props/yoan-moncada/,ATL at CWS,LAA,3B,0.5,+210,+230,+220,,+230,,,+220,,,,,+219,,,,,-300,-324,-330,,-330,,,-330,,,,,-324,,,,
2024-04-02,Michael Harris II,/mlb/props/michael-harris/,ATL at CWS,ATL,CF,0.5,+175,+185,+175,,+185,,,+175,,,,,+172,,,,,-240,-244,-250,,-255,,,-250,,,,,-244,,,,
2024-04-02,Yordan Alvarez,/mlb/props/yordan-alvarez/,TOR at HOU,HOU,"LF,DH",0.5,+135,+136,+135,,+135,,,+135,+125,+125,,,+136,,,,,-185,-175,-180,,-185,,,-180,-175,-175,,,-189,,,,
2024-04-02,Ernie Clement,/mlb/props/ernie-clement/,TOR at HOU,TOR,"1B,2B,3B,SS",0.5,+245,+235,+227,,+235,,,+220,,,,,+227,,,,,-350,-330,-339,,-340,,,-330,,,,,-339,,,,
2024-04-02,Kyle Tucker,/mlb/props/kyle-tucker/,TOR at HOU,LAD,"RF,DH",0.5,+160,+160,+155,,+160,,,+160,+155,+155,,,+152,,,,,-215,-214,-215,,-215,,,-215,-220,-220,,,-214,,,,
2024-04-02,Justin Turner,/mlb/props/justin-turner/,TOR at HOU,FA,"1B,3B",0.5,+175,+163,+145,,+145,,,+145,+163,+163,,,+139,,,,,-235,-194,-200,,-195,,,-200,-230,-230,,,-194,,,,
2024-04-02,Chas McCormick,/mlb/props/chas-mccormick/,TOR at HOU,CHC,"LF,CF,RF",0.5,+225,+225,+219,,+225,,,+210,,,,,+219,,,,,-320,-300,-320,,-320,,,-300,,,,,-324,,,,
2024-04-02,Jose Abreu,/mlb/props/jose-dariel-abreu/,TOR at HOU,FA,1B,0.5,+190,+205,+195,,+195,,,+185,+205,+205,,,+184,,,,,-265,-260,-275,,-275,,,-260,-295,-295,,,-264,,,,
2024-04-02,Victor Caratini,/mlb/props/victor-caratini/,TOR at HOU,MIN,"C,1B,DH",0.5,+215,+215,+202,,+215,,,+200,,,,,+202,,,,,-300,-285,-294,,-300,,,-285,,,,,-294,,,,
2024-04-02,Yainer Diaz,/mlb/props/yainer-diaz-c/,TOR at HOU,HOU,"C,DH",0.5,+150,+165,+150,,+150,,,+145,+165,+165,,,+139,,,,,-205,-194,-205,,-205,,,-200,-230,-230,,,-194,,,,
2024-04-02,Kevin Kiermaier,/mlb/props/kevin-kiermaier/,TOR at HOU,FA,CF,0.5,+320,+270,+250,,+270,,,+250,,,,,+247,,,,,-500,-374,-390,,-390,,,-400,,,,,-374,,,,
2024-04-02,Bo Bichette,/mlb/props/bo-bichette/,TOR at HOU,NYM,"3B,SS",0.5,+180,+185,+180,,+180,,,+175,+185,+185,,,+178,,,,,-250,-250,-254,,-250,,,-250,-265,-265,,,-254,,,,
2024-04-02,Daulton Varsho,/mlb/props/daulton-varsho/,TOR at HOU,TOR,"LF,CF",0.5,+215,+220,+210,,+220,,,+210,+210,+210,,,+196,,,,,-300,-284,-300,,-310,,,-300,-315,-315,,,-284,,,,
2024-04-02,George Springer,/mlb/props/george-springer/,TOR at HOU,TOR,"LF,CF,RF,DH",0.5,+220,+210,+196,,+205,,,+190,+210,+210,,,+196,,,,,-310,-275,-285,,-285,,,-275,-315,-315,,,-284,,,,
2024-04-02,Alex Bregman,/mlb/props/alex-bregman/,TOR at HOU,CHC,"3B,DH",0.5,+160,+170,+155,,+170,,,+145,+155,+155,,,+152,,,,,-220,-190,-214,,-230,,,-190,-220,-220,,,-214,,,,
2024-04-02,Davis Schneider,/mlb/props/davis-schneider/,TOR at HOU,TOR,"2B,LF",0.5,+185,+195,+195,,+195,,,+185,+205,+205,,,+184,,,,,-260,-260,-270,,-270,,,-260,-305,-305,,,-264,,,,
2024-04-02,Alejandro Kirk,/mlb/props/alejandro-kirk/,TOR at HOU,TOR,C,0.5,+195,+215,+195,,+195,,,+190,+215,+215,,,+184,,,,,-270,-264,-275,,-270,,,-275,-315,-315,,,-264,,,,
2024-04-02,Vladimir Guerrero Jr.,/mlb/props/vladimir-guerrero-jr/,TOR at HOU,TOR,"1B,DH",0.5,+200,+195,+185,,+195,,,+185,+188,+188,,,+172,,,,,-280,-244,-260,,-270,,,-260,-265,-265,,,-244,,,,
2024-04-02,Jake Meyers,/mlb/props/jacob-meyers/,TOR at HOU,HOU,CF,0.5,+260,+260,+240,,+260,,,+240,,,,,+236,,,,,-380,-354,-375,,-380,,,-375,,,,,-354,,,,
2024-04-02,Jose Altuve,/mlb/props/jose-altuve/,TOR at HOU,HOU,"2B,LF,DH",0.5,+185,+200,+190,,+200,,,+190,+188,+188,,,+184,,,,,-260,-264,-275,,-275,,,-275,-275,-275,,,-264,,,,
2024-04-02,Isiah Kiner-Falefa,/mlb/props/isiah-kiner-falefa/,TOR at HOU,BOS,"2B,3B,SS",0.5,+295,+255,+240,,+255,,,+240,,,,,+236,,,,,-450,-354,-370,,-370,,,-375,,,,,-354,,,,
2024-04-02,Cavan Biggio,/mlb/props/cavan-biggio/,TOR at HOU,HOU,"1B,2B,RF",0.5,+330,+300,+280,,+300,,,+280,,,,,+275,,,,,-525,-429,-450,,-450,,,-450,,,,,-429,,,,
2024-04-02,Jeremy Pena,/mlb/props/jeremy-pena/,TOR at HOU,HOU,SS,0.5,+215,+220,+210,,+220,,,+210,+210,+210,,,+196,,,,,-310,-284,-300,,-310,,,-300,-315,-315,,,-284,,,,
2024-04-02,Jose Ramirez,/mlb/props/jose-ramirez/,CLE at SEA,CLE,"3B,DH",0.5,+150,+170,+159,,+155,,,+150,+170,+170,,,+159,,,,,-200,-210,-224,,-215,,,-210,-245,-245,,,-224,,,,
2024-04-02,Julio Rodriguez,/mlb/props/julio-rodriguez-of/,CLE at SEA,SEA,CF,0.5,+155,+165,+160,,+160,,,+160,+165,+165,,,+152,,,,,-210,-214,-215,,-215,,,-215,-240,-240,,,-214,,,,
2024-04-02,Cal Raleigh,/mlb/props/caleb-raleigh/,CLE at SEA,SEA,"C,DH",0.5,+200,+210,+190,,+205,,,+190,+210,+210,,,+178,,,,,-275,-254,-275,,-285,,,-275,-305,-305,,,-254,,,,
2024-04-02,Andres Gimenez,/mlb/props/andres-giminez/,CLE at SEA,TOR,"2B,SS",0.5,+205,+215,+208,,+215,,,+200,+205,+205,,,+208,,,,,-290,-285,-300,,-300,,,-285,-305,-305,,,-304,,,,
2024-04-02,Austin Hedges,/mlb/props/austin-hedges/,CLE at SEA,CLE,C,0.5,+360,+400,+376,,+400,,,+360,,,,,+376,,,,,-700,-650,-654,,-650,,,-700,,,,,-654,,,,
2024-04-02,Mitch Haniger,/mlb/props/mitch-haniger/,CLE at SEA,FA,RF,0.5,+190,+185,+178,,+185,,,+175,+185,+185,,,+178,,,,,-265,-250,-260,,-260,,,-250,-265,-265,,,-254,,,,
2024-04-02,J.P. Crawford,/mlb/props/jp-crawford/,CLE at SEA,SEA,"3B,SS",0.5,+270,+270,+250,,+270,,,+250,+250,+250,,,+236,,,,,-400,-354,-385,,-400,,,-400,-385,-385,,,-354,,,,
2024-04-02,Will Brennan,/mlb/props/will-brennan/,CLE at SEA,SF,"LF,CF,RF",0.5,+215,+230,+215,,+215,,,+200,+230,+230,,,+202,,,,,-300,-285,-300,,-300,,,-285,-345,-345,,,-294,,,,
2024-04-02,Dominic Canzone,/mlb/props/dominic-canzone/,CLE at SEA,SEA,"LF,RF,DH",0.5,+225,+215,+200,,+215,,,+200,,,,,+196,,,,,-320,-284,-285,,-300,,,-285,,,,,-284,,,,
2024-04-02,Mitch Garver,/mlb/props/mitch-garver/,CLE at SEA,SEA,"C,DH",0.5,+190,+200,+195,,+195,,,+185,+200,+200,,,+184,,,,,-265,-260,-270,,-270,,,-260,-295,-295,,,-264,,,,
2024-04-02,Ty France,/mlb/props/tyler-france/,CLE at SEA,SD,1B,0.5,+270,+275,+252,,+275,,,+250,+250,+250,,,+252,,,,,-400,-384,-385,,-400,,,-400,-385,-385,,,-384,,,,
2024-04-02,Bo Naylor,/mlb/props/bo-naylor/,CLE at SEA,CLE,C,0.5,+225,+250,+205,,+205,,,+190,+250,+250,,,+196,,,,,-320,-275,-290,,-290,,,-275,-400,-400,,,-284,,,,
2024-04-02,Brayan Rocchio,/mlb/props/brayan-rocchio/,CLE at SEA,CLE,"2B,SS",0.5,+260,+285,+262,,+285,,,+260,,,,,+262,,,,,-380,-404,-425,,-425,,,-425,,,,,-404,,,,
2024-04-02,Josh Naylor,/mlb/props/josh-naylor/,CLE at SEA,SEA,"1B,DH",0.5,+135,+148,+140,,+140,,,+135,+148,+148,,,+133,,,,,-180,-180,-185,,-185,,,-180,-205,-205,,,-184,,,,
2024-04-02,Ramon Laureano,/mlb/props/ramon-laureano/,CLE at SEA,SD,"LF,CF,RF",0.5,+250,+285,+270,,+270,,,+250,+285,+285,,,+262,,,,,-360,-400,-404,,-400,,,-400,-480,-480,,,-404,,,,
2024-04-02,Jorge Polanco,/mlb/props/jorge-polanco/,CLE at SEA,NYM,"2B,3B,DH",0.5,+180,+185,+175,,+185,,,+175,+165,+165,,,+178,,,,,-245,-230,-250,,-255,,,-250,-230,-230,,,-254,,,,
2024-04-02,Steven Kwan,/mlb/props/steven-kwan/,CLE at SEA,CLE,"LF,CF",0.5,+250,+285,+275,,+285,,,+260,+260,+260,,,+275,,,,,-360,-420,-425,,-425,,,-425,-420,-420,,,-429,,,,
2024-04-02,Tyler Freeman,/mlb/props/tyler-freeman-ss/,CLE at SEA,COL,"2B,RF,DH",0.5,+285,+260,+240,,+260,,,+240,,,,,+236,,,,,-425,-354,-375,,-380,,,-375,,,,,-354,,,,
2024-04-02,Josh Rojas,/mlb/props/josh-rojas/,CLE at SEA,KC,"2B,3B",0.5,+330,+340,+300,,+340,,,+300,,,,,+300,,,,,-500,-479,-525,,-525,,,-550,,,,,-479,,,,
2024-04-02,Seth Brown,/mlb/props/seth-brown/,BOS at ATH,FA,"1B,LF,CF,RF",0.5,+170,+190,+185,,+190,,,+185,+175,+175,,,+178,,,,,-230,-250,-260,,-265,,,-260,-250,-250,,,-254,,,,
2024-04-02,Brent Rooker,/mlb/props/brent-rooker/,BOS at ATH,ATH,"LF,RF,DH",0.5,+230,+240,+230,,+240,,,+230,+230,+230,,,+227,,,,,-330,-335,-339,,-350,,,-350,-335,-335,,,-339,,,,
2024-04-02,Nick Allen,/mlb/props/nick-allen-ss/,BOS at ATH,HOU,"2B,3B,SS",0.5,+380,+380,+360,,+380,,,+360,,,,,+345,,,,,-600,-579,-600,,-600,,,-700,,,,,-579,,,,
2024-04-02,Bobby Dalbec,/mlb/props/robert-dalbec/,BOS at ATH,FA,"1B,3B",0.5,+190,+205,+190,,+205,,,+190,,,,,+190,,,,,-275,-274,-275,,-285,,,-275,,,,,-274,,,,
2024-04-02,Ryan Noda,/mlb/props/ryan-noda/,BOS at ATH,BAL,1B,0.5,+290,+285,+280,,+285,,,+260,+280,+280,,,+262,,,,,-425,-404,-425,,-425,,,-425,-455,-455,,,-404,,,,
2024-04-02,Tyler O'Neill,/mlb/props/tyler-oneill/,BOS at ATH,BAL,"LF,RF",0.5,+130,+150,+143,,+150,,,+145,+135,+135,,,+143,,,,,-175,-190,-199,,-200,,,-200,-190,-190,,,-199,,,,
2024-04-02,Triston Casas,/mlb/props/triston-casas/,BOS at ATH,BOS,1B,0.5,+200,+235,+220,,+230,,,+220,+235,+235,,,+213,,,,,-285,-314,-330,,-330,,,-330,-345,-345,,,-314,,,,
2024-04-02,Rafael Devers,/mlb/props/rafael-devers/,BOS at ATH,SF,"1B,DH",0.5,+165,+155,+150,,+155,,,+150,+145,+145,,,+152,,,,,-225,-205,-210,,-215,,,-210,-205,-205,,,-214,,,,
2024-04-02,Lawrence Butler,/mlb/props/lawrence-butler/,BOS at ATH,ATH,"CF,RF",0.5,+285,+260,+250,,+260,,,+250,,,,,+247,,,,,-425,-374,-380,,-380,,,-400,,,,,-374,,,,
2024-04-02,Ceddanne Rafaela,/mlb/props/ceddanne-rafaela/,BOS at ATH,BOS,"2B,CF",0.5,+195,+205,+190,,+205,,,,+175,+175,,,+190,,,,,-275,-250,-274,,-285,,,,-250,-250,,,-274,,,,
2024-04-02,Trevor Story,/mlb/props/trevor-story/,BOS at ATH,BOS,SS,0.5,+150,+146,+145,,+145,,,+140,+145,+145,,,+146,,,,,-210,-190,-195,,-195,,,-190,-200,-200,,,-204,,,,
2024-04-02,JJ Bleday,/mlb/props/jj-bleday/,BOS at ATH,CIN,"LF,CF,RF,DH",0.5,+250,+205,+196,,+205,,,+190,+190,+190,,,+196,,,,,-360,-275,-284,,-290,,,-275,-278,-278,,,-284,,,,
2024-04-02,Jarren Duran,/mlb/props/jarren-duran/,BOS at ATH,BOS,"LF,CF,DH",0.5,+250,+275,+260,,+275,,,+260,+230,+230,,,+262,,,,,-400,-335,-400,,-400,,,-425,-335,-335,,,-404,,,,
2024-04-02,Zack Gelof,/mlb/props/zack-gelof/,BOS at ATH,ATH,"2B,3B,CF",0.5,+240,+265,+247,,+265,,,+250,+210,+210,,,+247,,,,,-350,-305,-374,,-390,,,-400,-305,-305,,,-374,,,,
2024-04-02,Masataka Yoshida,/mlb/props/masataka-yoshida/,BOS at ATH,BOS,"LF,DH",0.5,+240,+255,+236,,+255,,,+240,+210,+210,,,+236,,,,,-375,-315,-354,,-370,,,-375,-315,-315,,,-354,,,,
2024-04-02,J.D. Davis,/mlb/props/jd-davis/,BOS at ATH,FA,"1B,3B",0.5,+275,+220,+210,,+220,,,+210,,,,,+208,,,,,-400,-300,-304,,-310,,,-300,,,,,-304,,,,
2024-04-02,Connor Wong,/mlb/props/connor-wong/,BOS at ATH,BOS,C,0.5,+220,+270,+250,,+270,,,+250,,,,,+247,,,,,-330,-374,-390,,-390,,,-400,,,,,-374,,,,
2024-04-02,Darell Hernaiz,/mlb/props/darell-hernaiz/,BOS at ATH,ATH,"2B,3B,SS",0.5,+370,+370,+340,,+370,,,+340,,,,,+334,,,,,-600,-554,-600,,-600,,,-650,,,,,-554,,,,
2024-04-02,Pablo Reyes,/mlb/props/pablo-reyes/,BOS at ATH,SD,"2B,3B,RF",0.5,+200,+190,+185,,+190,,,+185,,,,,+178,,,,,-285,-254,-260,,-265,,,-260,,,,,-254,,,,
2024-04-02,Shea Langeliers,/mlb/props/shea-langeliers/,BOS at ATH,ATH,"C,DH",0.5,+245,+220,+215,,+220,,,+210,+215,+215,,,+208,,,,,-360,-300,-310,,-310,,,-300,-315,-315,,,-304,,,,
2024-04-02,Jake Cronenworth,/mlb/props/jacob-cronenworth/,STL at SD,SD,"1B,2B,SS",0.5,+160,+165,+160,,+160,,,+160,+165,+165,,,+159,,,,,-215,-215,-224,,-220,,,-215,-230,-230,,,-224,,,,
2024-04-02,Masyn Winn,/mlb/props/masyn-winn-p/,STL at SD,STL,SS,0.5,+295,+295,+280,,+295,,,+280,,,,,+252,,,,,-450,-384,-450,,-450,,,-450,,,,,-384,,,,
2024-04-02,Ha-Seong Kim,/mlb/props/ha-seong-kim/,STL at SD,ATL,"2B,SS",0.5,+210,+225,+210,,+200,,,+210,+225,+225,,,+208,,,,,-300,-280,-304,,-280,,,-300,-335,-335,,,-304,,,,
2024-04-02,Paul Goldschmidt,/mlb/props/paul-goldschmidt/,STL at SD,NYY,"1B,DH",0.5,+215,+215,+210,,+215,,,+210,+205,+205,,,+208,,,,,-300,-300,-304,,-300,,,-300,-305,-305,,,-304,,,,
2024-04-02,Alec Burleson,/mlb/props/alec-burleson/,STL at SD,STL,"1B,LF,RF,DH",0.5,+240,+235,+219,,+235,,,+220,+190,+190,,,+219,,,,,-340,-278,-324,,-340,,,-330,-278,-278,,,-324,,,,
2024-04-02,Brendan Donovan,/mlb/props/brendan-donovan/,STL at SD,SEA,"2B,3B,SS,LF",0.5,+220,+230,+220,,+230,,,+220,+215,+215,,,+208,,,,,-310,-304,-315,,-330,,,-330,-315,-315,,,-304,,,,
2024-04-02,Xander Bogaerts,/mlb/props/xander-bogaerts/,STL at SD,SD,SS,0.5,+210,+210,+196,,+210,,,+190,+210,+210,,,+196,,,,,-300,-275,-290,,-290,,,-275,-305,-305,,,-284,,,,
2024-04-02,Michael Siani,/mlb/props/mike-siani/,STL at SD,BAL,CF,0.5,+260,+260,+240,,+260,,,+240,,,,,+227,,,,,-380,-339,-375,,-380,,,-375,,,,,-339,,,,
2024-04-02,Nolan Gorman,/mlb/props/nolan-gorman/,STL at SD,STL,"2B,3B,DH",0.5,+205,+196,+185,,+185,,,+185,+180,+180,,,+196,,,,,-285,-255,-265,,-255,,,-260,-265,-265,,,-284,,,,
2024-04-02,Tyler Wade,/mlb/props/tyler-wade/,STL at SD,FA,"2B,LF,CF",0.5,+260,+260,+247,,+260,,,+240,,,,,+247,,,,,-380,-374,-375,,-380,,,-375,,,,,-374,,,,
2024-04-02,Fernando Tatis Jr.,/mlb/props/fernando-tatis-jr/,STL at SD,SD,"2B,RF",0.5,+150,+150,+146,,+150,,,+145,+150,+150,,,+146,,,,,-210,-200,-205,,-205,,,-200,-210,-210,,,-204,,,,
2024-04-02,Jackson Merrill,/mlb/props/jackson-merrill/,STL at SD,SD,CF,0.5,+210,+200,+190,,+200,,,+190,,,,,+184,,,,,-300,-264,-275,,-275,,,-275,,,,,-264,,,,
2024-04-02,Victor Scott,/mlb/props/victor-scott/,STL at SD,STL,CF,0.5,+290,+280,+262,,+280,,,+260,,,,,+262,,,,,-425,-404,-425,,-425,,,-425,,,,,-404,,,,
2024-04-02,Willson Contreras,/mlb/props/willson-contreras/,STL at SD,BOS,1B,0.5,+235,+200,+190,,+200,,,+190,+188,+188,,,+184,,,,,-340,-264,-275,,-280,,,-275,-265,-265,,,-264,,,,
2024-04-02,Jordan Walker,/mlb/props/jordan-walker/,STL at SD,STL,"LF,RF",0.5,+230,+240,+230,,+240,,,+230,+230,+230,,,+213,,,,,-330,-314,-335,,-340,,,-350,-335,-335,,,-314,,,,
2024-04-02,Nolan Arenado,/mlb/props/nolan-arenado/,STL at SD,ARI,3B,0.5,+180,+185,+178,,+185,,,+185,+165,+165,,,+178,,,,,-245,-240,-254,,-260,,,-260,-240,-240,,,-254,,,,
2024-04-02,Manny Machado,/mlb/props/manny-machado/,STL at SD,SD,"3B,DH",0.5,+120,+125,+115,,+115,,,+115,+125,+125,,,+114,,,,,-160,-150,-157,,-155,,,-150,-175,-175,,,-157,,,,
2024-04-02,Graham Pauley,/mlb/props/graham-pauley/,STL at SD,MIA,"1B,3B",0.5,+210,+225,+210,,+225,,,+210,,,,,+208,,,,,-300,-300,-304,,-320,,,-300,,,,,-304,,,,
2024-04-02,Luis Campusano,/mlb/props/luis-campusano/,STL at SD,SD,"C,DH",0.5,+175,+190,+188,,+190,,,+185,+188,+188,,,+184,,,,,-250,-260,-264,,-260,,,-260,-275,-275,,,-264,,,,
2024-04-02,Jurickson Profar,/mlb/props/jurickson-profar/,STL at SD,ATL,LF,0.5,+190,+210,+196,,+210,,,+190,+210,+210,,,+196,,,,,-275,-275,-295,,-295,,,-275,-315,-315,,,-284,,,,
2024-04-02,Corbin Carroll,/mlb/props/corbin-carroll-of/,NYY at ARI,ARI,"CF,RF",0.5,+215,+220,+210,,+220,,,+210,+200,+200,,,+208,,,,,-310,-286,-300,,-310,,,-300,-286,-286,,,-304,,,,
2024-04-02,Alex Verdugo,/mlb/props/alex-verdugo/,NYY at ARI,FA,"LF,RF",0.5,+210,+195,+185,,+190,,,+185,+195,+195,,,+178,,,,,-290,-254,-265,,-265,,,-260,-286,-286,,,-254,,,,
2024-04-02,Gleyber Torres,/mlb/props/gleyber-torres/,NYY at ARI,DET,2B,0.5,+165,+188,+165,,+165,,,+160,+188,+188,,,+152,,,,,-225,-214,-220,,-220,,,-215,-275,-275,,,-214,,,,
2024-04-02,Lourdes Gurriel Jr.,/mlb/props/lourdes-gurriel-jr/,NYY at ARI,ARI,"LF,DH",0.5,+135,+145,+133,,+130,,,+130,+145,+145,,,+133,,,,,-180,-175,-184,,-175,,,-175,-205,-205,,,-184,,,,
2024-04-02,Gabriel Moreno,/mlb/props/gabriel-moreno/,NYY at ARI,ARI,C,0.5,+180,+220,+195,,+195,,,+190,+220,+220,,,+184,,,,,-250,-264,-275,,-275,,,-275,-335,-335,,,-264,,,,
2024-04-02,Ketel Marte,/mlb/props/ketel-marte/,NYY at ARI,ARI,"2B,DH",0.5,+135,+132,+130,,+130,,,+130,+132,+132,,,+126,,,,,-180,-174,-175,,-175,,,-175,-182,-182,,,-174,,,,
2024-04-02,Anthony Rizzo,/mlb/props/anthony-rizzo/,NYY at ARI,FA,1B,0.5,+155,+155,+146,,+145,,,+145,+155,+155,,,+146,,,,,-205,-195,-204,,-195,,,-200,-215,-215,,,-204,,,,
2024-04-02,Anthony Volpe,/mlb/props/anthony-volpe/,NYY at ARI,NYY,SS,0.5,+200,+205,+190,,+190,,,+185,+205,+205,,,+184,,,,,-280,-260,-265,,-265,,,-260,-305,-305,,,-264,,,,
2024-04-02,Jorge Barrosa,/mlb/props/jorge-barrosa/,NYY at ARI,ARI,"LF,CF,RF",0.5,+178,+178,+178,,,,,,,,,,+178,,,,,-254,-254,-254,,,,,,,,,,-254,,,,
2024-04-02,Oswaldo Cabrera,/mlb/props/oswaldo-cabrera/,NYY at ARI,NYY,3B,0.5,+240,+215,+208,,+215,,,+200,,,,,+208,,,,,-350,-285,-300,,-300,,,-285,,,,,-304,,,,
2024-04-02,Giancarlo Stanton,/mlb/props/giancarlo-stanton/,NYY at ARI,NYY,"LF,RF,DH",0.5,+145,+155,+140,,+140,,,+135,+155,+155,,,+129,,,,,-195,-179,-185,,-185,,,-180,-215,-215,,,-179,,,,
2024-04-02,Aaron Judge,/mlb/props/aaron-judge/,NYY at ARI,NYY,"LF,CF,RF,DH",0.5,+100,+100,+100,,-105,,,+100,+100,+100,,,+100,,,,,-135,-125,-130,,-125,,,-130,-136,-136,,,-137,,,,
2024-04-02,Geraldo Perdomo,/mlb/props/geraldo-perdomo/,NYY at ARI,ARI,SS,0.5,+270,+230,+220,,+230,,,+220,,,,,+213,,,,,-400,-314,-330,,-330,,,-330,,,,,-314,,,,
2024-04-02,Jose Trevino,/mlb/props/jose-trevino/,NYY at ARI,CIN,C,0.5,+230,+230,+220,,+230,,,+220,,,,,+213,,,,,-330,-314,-330,,-330,,,-330,,,,,-314,,,,
2024-04-02,Eugenio Suarez,/mlb/props/eugenio-suarez/,NYY at ARI,CIN,"3B,DH",0.5,+180,+185,+165,,+165,,,+165,+185,+185,,,+159,,,,,-245,-224,-225,,-225,,,-225,-265,-265,,,-224,,,,
2024-04-02,Juan Soto,/mlb/props/juan-soto/,NYY at ARI,NYM,"LF,RF,DH",0.5,+190,+190,+185,,+185,,,+175,+190,+190,,,+172,,,,,-260,-244,-250,,-250,,,-250,-278,-278,,,-244,,,,
2024-04-02,Blaze Alexander,/mlb/props/blaze-alexander/,NYY at ARI,BAL,"2B,3B,SS,LF,CF",0.5,+215,+200,+185,,+185,,,,+200,+200,,,+172,,,,,-310,-244,-255,,-255,,,,-295,-295,,,-244,,,,
2024-04-02,Austin Wells,/mlb/props/austin-wells/,NYY at ARI,NYY,C,0.5,+185,+165,+159,,+165,,,,,,,,+159,,,,,-255,-224,-225,,-225,,,,,,,,-224,,,,
2024-04-02,Jake McCarthy,/mlb/props/jake-mccarthy/,NYY at ARI,COL,"LF,CF,RF",0.5,+255,+215,+205,,+205,,,+200,+215,+215,,,+196,,,,,-370,-284,-290,,-290,,,-285,-315,-315,,,-284,,,,
2024-04-02,Christian Walker,/mlb/props/christian-walker/,NYY at ARI,HOU,1B,0.5,+130,+140,+135,,+135,,,+130,+140,+140,,,+126,,,,,-175,-174,-175,,-175,,,-175,-195,-195,,,-174,,,,
2024-04-02,Mookie Betts,/mlb/props/mookie-betts/,SF at LAD,LAD,SS,0.5,+210,+210,+196,,+210,,,+210,+195,+195,,,+196,,,,,-295,-284,-295,,-295,,,-300,-286,-286,,,-284,,,,
2024-04-02,Matt Chapman,/mlb/props/matt-chapman/,SF at LAD,SF,3B,0.5,+145,+200,+184,,+200,,,+190,+170,+170,,,+184,,,,,-200,-245,-264,,-275,,,-275,-245,-245,,,-264,,,,
2024-04-02,Mike Yastrzemski,/mlb/props/michael-yastrzemski/,SF at LAD,ATL,"LF,CF,RF",0.5,+240,+265,+250,,+265,,,+250,,,,,+247,,,,,-340,-374,-390,,-390,,,-400,,,,,-374,,,,
2024-04-02,Jorge Soler,/mlb/props/jorge-soler/,SF at LAD,LAA,"RF,DH",0.5,+150,+185,+175,,+185,,,+175,+165,+165,,,+178,,,,,-205,-230,-250,,-260,,,-250,-230,-230,,,-254,,,,
2024-04-02,Michael Conforto,/mlb/props/michael-conforto/,SF at LAD,CHC,"LF,RF,DH",0.5,+245,+230,+227,,+220,,,+230,,,,,+227,,,,,-360,-310,-339,,-310,,,-350,,,,,-339,,,,
2024-04-02,Enrique Hernandez,/mlb/props/enrique-hernandez/,SF at LAD,LAD,"1B,2B,3B,LF",0.5,+260,+260,+240,,+260,,,+240,,,,,+236,,,,,-380,-354,-375,,-380,,,-375,,,,,-354,,,,
2024-04-02,Thairo Estrada,/mlb/props/thairo-estrada/,SF at LAD,FA,2B,0.5,+255,+275,+252,,+275,,,+250,+230,+230,,,+252,,,,,-370,-360,-384,,-400,,,-400,-360,-360,,,-384,,,,
2024-04-02,Tyler Fitzgerald,/mlb/props/tyler-fitzgerald/,SF at LAD,FA,2B,0.5,+265,+265,+250,,+265,,,+250,,,,,,,,,,-390,-390,-400,,-390,,,-400,,,,,,,,,
2024-04-02,Will Smith,/mlb/props/will-smith-c/,SF at LAD,LAD,C,0.5,+145,+155,+140,,+140,,,+140,+155,+155,,,+133,,,,,-190,-184,-190,,-190,,,-190,-215,-215,,,-184,,,,
2024-04-02,Teoscar Hernandez,/mlb/props/teoscar-hernandez/,SF at LAD,LAD,"LF,RF",0.5,+185,+190,+178,,+190,,,+175,+188,+188,,,+178,,,,,-255,-250,-260,,-260,,,-250,-275,-275,,,-254,,,,
2024-04-02,James Outman,/mlb/props/james-outman/,SF at LAD,DET,"LF,CF,RF",0.5,+245,+245,+230,,+245,,,+230,,,,,+219,,,,,-350,-324,-350,,-350,,,-350,,,,,-324,,,,
2024-04-02,Nick Ahmed,/mlb/props/nick-ahmed/,SF at LAD,FA,SS,0.5,+310,+340,+320,,+340,,,+320,,,,,+300,,,,,-475,-479,-550,,-550,,,-600,,,,,-479,,,,
2024-04-02,Jung Hoo Lee,/mlb/props/jung-lee/,SF at LAD,SF,"CF,RF",0.5,+235,+275,+252,,+275,,,+250,,,,,+252,,,,,-340,-384,-400,,-400,,,-400,,,,,-384,,,,
2024-04-02,Gavin Lux,/mlb/props/gavin-lux/,SF at LAD,TB,"2B,3B,LF,DH",0.5,+270,+250,+236,,+250,,,+230,,,,,+236,,,,,-390,-350,-354,,-370,,,-350,,,,,-354,,,,
2024-04-02,Max Muncy,/mlb/props/max-muncy/,SF at LAD,LAD,3B,0.5,+155,+160,+150,,+160,,,+150,+145,+145,,,+143,,,,,-210,-199,-205,,-215,,,-210,-205,-205,,,-199,,,,
2024-04-02,Freddie Freeman,/mlb/props/freddie-freeman/,SF at LAD,LAD,1B,0.5,+150,+155,+145,,+155,,,+145,+145,+145,,,+139,,,,,-205,-194,-200,,-210,,,-200,-205,-205,,,-194,,,,
2024-04-02,Shohei Ohtani,/mlb/props/shohei-ohtani/,SF at LAD,LAD,"SP,DH",0.5,+145,+150,+140,,+150,,,+140,+140,+140,,,+136,,,,,-195,-189,-195,,-200,,,-190,-195,-195,,,-189,,,,
2024-04-02,Patrick Bailey,/mlb/props/patrick-bailey/,SF at LAD,CLE,C,0.5,+255,+285,+260,,+285,,,+260,,,,,+252,,,,,-370,-384,-425,,-425,,,-425,,,,,-384,,,,
2024-04-02,Wilmer Flores,/mlb/props/wilmer-flores/,SF at LAD,FA,"1B,DH",0.5,+210,+235,+220,,+235,,,+220,,,,,+219,,,,,-300,-324,-330,,-340,,,-330,,,,,-324,,,,
2024-04-02,Chris Taylor,/mlb/props/chris-taylor/,SF at LAD,FA,"2B,LF,CF,RF",0.5,+260,+260,+240,,+260,,,+240,,,,,+236,,,,,-380,-354,-375,,-380,,,-375,,,,,-354,,,,
2024-04-02,LaMonte Wade Jr.,/mlb/props/lamonte-wade/,SF at LAD,HOU,"1B,RF",0.5,+295,+270,+250,,+270,,,+250,,,,,+247,,,,,-450,-374,-390,,-390,,,-400,,,,,-374,,,,
2024-04-03,Austin Hays,/mlb/props/austin-hays/,KC at BAL,CWS,"LF,DH",0.5,+180,+210,+190,,+205,,,+190,+205,+210,,,+184,,,,,-250,-264,-285,,-285,,,-275,-315,-315,,,-264,,,,
2024-04-03,MJ Melendez,/mlb/props/mj-melendez/,KC at BAL,NYM,"LF,DH",0.5,+260,+245,+235,,+245,,,+230,+235,+230,,,+227,,,,,-380,-339,-350,,-350,,,-350,-360,-360,,,-339,,,,
2024-04-03,Nelson Velazquez,/mlb/props/nelson-velazquez/,KC at BAL,STL,"LF,RF,DH",0.5,+280,+280,+252,,+280,,,+250,,,,,+252,,,,,-425,-384,-400,,-425,,,-400,,,,,-384,,,,
2024-04-03,Freddy Fermin,/mlb/props/freddy-fermin/,KC at BAL,SD,C,0.5,+255,+240,+236,,+240,,,+230,,,,,+236,,,,,-370,-350,-350,,-350,,,-350,,,,,-354,,,,
2024-04-03,Gunnar Henderson,/mlb/props/gunnar-henderson/,KC at BAL,BAL,"SS,DH",0.5,+185,+215,+210,,+210,,,+200,+215,+210,,,+202,,,,,-260,-285,-300,,-300,,,-285,-315,-315,,,-294,,,,
2024-04-03,Adley Rutschman,/mlb/props/adley-rutschman/,KC at BAL,BAL,"C,DH",0.5,+200,+235,+220,,+235,,,+220,+210,+205,,,+227,,,,,-280,-305,-330,,-340,,,-330,-315,-305,,,-339,,,,
2024-04-03,Bobby Witt Jr.,/mlb/props/bobby-witt-jr/,KC at BAL,KC,SS,0.5,+175,+230,+160,,+160,,,+160,+230,+225,,,+152,,,,,-245,-214,-220,,-220,,,-215,-335,-335,,,-214,,,,
2024-04-03,Ramon Urias,/mlb/props/ramon-urias/,KC at BAL,STL,"2B,3B",0.5,+215,+260,+240,,+260,,,+240,,,,,+236,,,,,-300,-354,-375,,-380,,,-375,,,,,-354,,,,
2024-04-03,Anthony Santander,/mlb/props/anthony-santander/,KC at BAL,TOR,"LF,RF,DH",0.5,+145,+170,+165,,+170,,,+165,+155,+155,,,+152,,,,,-195,-214,-220,,-230,,,-225,-220,-220,,,-214,,,,
2024-04-03,Maikel Garcia,/mlb/props/maikel-garcia/,KC at BAL,KC,"2B,3B,SS,OF",0.5,+280,+295,+245,,+245,,,+230,+295,+290,,,+236,,,,,-425,-350,-354,,-350,,,-350,-480,-480,,,-354,,,,
2024-04-03,James McCann,/mlb/props/james-mccann/,KC at BAL,ARI,C,0.5,+225,+220,+210,,+220,,,+210,,,,,+208,,,,,-320,-300,-304,,-310,,,-300,,,,,-304,,,,
2024-04-03,Kyle Isbel,/mlb/props/kyle-isbel/,KC at BAL,KC,CF,0.5,+360,+330,+311,,+330,,,+300,,,,,+311,,,,,-575,-504,-525,,-525,,,-550,,,,,-504,,,,
2024-04-03,Hunter Renfroe,/mlb/props/hunter-renfroe/,KC at BAL,FA,RF,0.5,+265,+250,+236,,+250,,,+230,+250,+250,,,+236,,,,,-390,-350,-360,,-360,,,-350,-400,-385,,,-354,,,,
2024-04-03,Jordan Westburg,/mlb/props/jordan-westburg/,KC at BAL,BAL,"2B,3B",0.5,+205,+215,+202,,+215,,,+200,+190,+188,,,+202,,,,,-290,-275,-285,,-300,,,-285,-278,-275,,,-294,,,,
2024-04-03,Vinnie Pasquantino,/mlb/props/vinnie-pasquantino/,KC at BAL,KC,"1B,DH",0.5,+195,+185,+170,,+180,,,+170,+185,+185,,,+165,,,,,-270,-234,-245,,-245,,,-235,-265,-265,,,-234,,,,
2024-04-03,Ryan Mountcastle,/mlb/props/ryan-mountcastle/,KC at BAL,BAL,"1B,DH",0.5,+160,+180,+175,,+180,,,+175,+165,+170,,,+178,,,,,-215,-240,-250,,-250,,,-250,-240,-245,,,-254,,,,
2024-04-03,Adam Frazier,/mlb/props/adam-frazier/,KC at BAL,LAA,"2B,LF,RF",0.5,+380,+330,+300,,+330,,,+300,+300,+310,,,+300,,,,,-600,-479,-500,,-525,,,-550,-500,-530,,,-479,,,,
2024-04-03,Jorge Mateo,/mlb/props/jorge-mateo/,KC at BAL,ATL,"2B,SS,CF,DH",0.5,+255,+250,+240,,+250,,,+240,,,,,+227,,,,,-370,-339,-370,,-370,,,-375,,,,,-339,,,,
2024-04-03,Cedric Mullins II,/mlb/props/cedric-mullins/,KC at BAL,TB,CF,0.5,+205,+240,+230,,+240,,,+230,+215,+215,,,+236,,,,,-285,-315,-350,,-350,,,-350,-315,-315,,,-354,,,,
2024-04-03,Salvador Perez,/mlb/props/salvador-perez/,KC at BAL,KC,"C,1B,DH",0.5,+170,+170,+160,,+160,,,+160,+170,+170,,,+152,,,,,-235,-214,-220,,-220,,,-215,-245,-245,,,-214,,,,
2024-04-03,Willy Adames,/mlb/props/willy-adames/,MIN at MIL,SF,SS,0.5,+135,+135,+125,,+125,,,+125,+135,+135,,,+123,,,,,-180,-165,-170,,-170,,,-165,-190,-190,,,-169,,,,
2024-04-03,Byron Buxton,/mlb/props/byron-buxton/,MIN at MIL,MIN,"CF,DH",0.5,+150,+155,+150,,+150,,,+140,+155,+155,,,+143,,,,,-200,-190,-200,,-200,,,-190,-220,-220,,,-199,,,,
2024-04-03,William Contreras,/mlb/props/william-contreras/,MIN at MIL,MIL,"C,DH",0.5,+170,+170,+155,,+155,,,+150,+170,+170,,,+146,,,,,-235,-204,-210,,-210,,,-210,-245,-245,,,-204,,,,
2024-04-03,Brice Turang,/mlb/props/brice-turang/,MIN at MIL,MIL,2B,0.5,+290,+275,+270,,+275,,,+250,+270,+270,,,+252,,,,,-425,-384,-400,,-400,,,-400,-435,-435,,,-384,,,,
2024-04-03,Matt Wallner,/mlb/props/matt-wallner/,MIN at MIL,MIN,"LF,RF",0.5,+170,+175,+170,,+170,,,+170,+175,+175,,,+159,,,,,-235,-224,-235,,-235,,,-235,-245,-245,,,-224,,,,
2024-04-03,Alex Kirilloff,/mlb/props/alex-kirilloff/,MIN at MIL,FA,"1B,LF,RF",0.5,+175,+195,+175,,+175,,,+165,+195,+195,,,+172,,,,,-245,-225,-245,,-245,,,-225,-286,-286,,,-244,,,,
2024-04-03,Oliver Dunn,/mlb/props/oliver-dunn/,MIN at MIL,TB,3B,0.5,+250,+240,+227,,+240,,,+220,+225,+225,,,+227,,,,,-360,-330,-335,,-340,,,-330,-335,-335,,,-339,,,,
2024-04-03,Gary Sanchez,/mlb/props/gary-sanchez/,MIN at MIL,MIL,"C,1B,DH",0.5,+175,+165,+160,,+165,,,+160,,,,,+159,,,,,-240,-215,-224,,-225,,,-215,,,,,-224,,,,
2024-04-03,Sal Frelick,/mlb/props/sal-frelick/,MIN at MIL,MIL,"LF,CF,RF",0.5,+250,+240,+230,,+240,,,+230,+240,+240,,,+219,,,,,-360,-324,-350,,-340,,,-350,-375,-375,,,-324,,,,
2024-04-03,Carlos Correa,/mlb/props/carlos-correa/,MIN at MIL,HOU,"3B,SS",0.5,+160,+165,+165,,+160,,,+165,+165,+165,,,+165,,,,,-220,-220,-225,,-220,,,-225,-235,-235,,,-234,,,,
2024-04-03,Joey Ortiz,/mlb/props/joey-ortiz/,MIN at MIL,MIL,"3B,SS",0.5,+270,+270,+252,,+270,,,+250,,,,,+252,,,,,-400,-384,-400,,-400,,,-400,,,,,-384,,,,
2024-04-03,Jackson Chourio,/mlb/props/jackson-chourio/,MIN at MIL,MIL,"LF,CF,RF",0.5,+235,+230,+180,,+180,,,+170,+230,+230,,,+172,,,,,-340,-235,-245,,-245,,,-235,-335,-335,,,-244,,,,
2024-04-03,Rhys Hoskins,/mlb/props/rhys-hoskins/,MIN at MIL,CLE,"1B,DH",0.5,+155,+135,+125,,+130,,,+125,+135,+135,,,+120,,,,,-205,-165,-175,,-175,,,-165,-190,-190,,,-166,,,,
2024-04-03,Willi Castro,/mlb/props/willi-castro/,MIN at MIL,COL,"1B,2B,3B,SS,LF,RF",0.5,+225,+200,+190,,+200,,,+185,+200,+200,,,+190,,,,,-320,-260,-274,,-280,,,-260,-295,-295,,,-274,,,,
2024-04-03,Jake Bauers,/mlb/props/jake-bauers/,MIN at MIL,MIL,"1B,LF,RF",0.5,+185,+190,+185,,+185,,,+175,+190,+190,,,+172,,,,,-250,-244,-250,,-250,,,-250,-278,-278,,,-244,,,,
2024-04-03,Christian Yelich,/mlb/props/christian-yelich/,MIN at MIL,MIL,"LF,DH",0.5,+175,+170,+165,,+165,,,+165,+170,+170,,,+159,,,,,-240,-224,-225,,-225,,,-225,-240,-240,,,-224,,,,
2024-04-03,Max Kepler,/mlb/props/max-kepler/,MIN at MIL,ARI,"LF,RF",0.5,+150,+140,+125,,+125,,,+120,+140,+140,,,+120,,,,,-200,-160,-166,,-165,,,-160,-195,-195,,,-166,,,,
2024-04-03,Ryan Jeffers,/mlb/props/ryan-jeffers/,MIN at MIL,MIN,"C,DH",0.5,+205,+190,+178,,+190,,,+175,,,,,+178,,,,,-290,-250,-254,,-265,,,-250,,,,,-254,,,,
2024-04-03,Carlos Santana,/mlb/props/carlos-santana/,MIN at MIL,ATL,1B,0.5,+190,+175,+172,,+175,,,+165,+163,+163,,,+172,,,,,-260,-225,-235,,-240,,,-225,-235,-235,,,-244,,,,
2024-04-03,Edouard Julien,/mlb/props/edouard-julien/,MIN at MIL,COL,"1B,2B,DH",0.5,+245,+255,+245,,+245,,,+230,+255,+255,,,+227,,,,,-350,-339,-350,,-350,,,-350,-400,-400,,,-339,,,,
2024-04-03,Kyle Farmer,/mlb/props/kyle-farmer/,MIN at MIL,ATL,"1B,2B,3B,SS,DH",0.5,+240,+240,+230,,+240,,,+230,,,,,+227,,,,,-350,-339,-350,,-350,,,-350,,,,,-339,,,,
2024-04-03,Jazz Chisholm Jr.,/mlb/props/jasrado-chisholm/,LAA at MIA,NYY,"2B,3B",0.5,+200,+200,+190,,+200,,,+190,+165,+165,,,+190,,,,,-280,-230,-274,,-280,,,-275,-230,-230,,,-274,,,,
2024-04-03,Bryan De La Cruz,/mlb/props/bryan-de-la-cruz/,LAA at MIA,PHI,LF,0.5,+170,+170,+165,,+170,,,+165,+155,+155,,,+159,,,,,-230,-224,-225,,-230,,,-225,-225,-225,,,-224,,,,
2024-04-03,Zach Neto,/mlb/props/zach-neto/,LAA at MIA,LAA,SS,0.5,+240,+225,+210,,+225,,,+210,,,,,+208,,,,,-340,-300,-304,,-320,,,-300,,,,,-304,,,,
2024-04-03,Logan O'Hoppe,/mlb/props/logan-ohoppe/,LAA at MIA,LAA,C,0.5,+185,+185,+184,,+185,,,+175,,,,,+184,,,,,-260,-250,-260,,-260,,,-250,,,,,-264,,,,
2024-04-03,Tim Anderson,/mlb/props/tim-anderson/,LAA at MIA,FA,"2B,SS",0.5,+200,+205,+195,,+205,,,+190,+195,+195,,,+184,,,,,-275,-264,-275,,-290,,,-275,-286,-286,,,-264,,,,
2024-04-03,Christian Bethancourt,/mlb/props/christian-bethancourt/,LAA at MIA,CHC,C,0.5,+225,+235,+220,,+235,,,+220,,,,,+213,,,,,-320,-314,-330,,-340,,,-330,,,,,-314,,,,
2024-04-03,Brandon Drury,/mlb/props/brandon-drury/,LAA at MIA,KC,"1B,2B,3B",0.5,+160,+155,+145,,+145,,,+145,+155,+155,,,+143,,,,,-215,-195,-200,,-195,,,-200,-215,-215,,,-199,,,,
2024-04-03,Matt Thaiss,/mlb/props/matt-thaiss/,LAA at MIA,BOS,C,0.5,+310,+295,+275,,+295,,,+260,,,,,+275,,,,,-475,-425,-429,,-450,,,-425,,,,,-429,,,,
2024-04-03,Josh Bell,/mlb/props/josh-bell/,LAA at MIA,MIN,"1B,DH",0.5,+205,+215,+200,,+215,,,+200,+205,+205,,,+190,,,,,-285,-274,-285,,-300,,,-285,-295,-295,,,-274,,,,
2024-04-03,Vidal Brujan,/mlb/props/vidal-brujan-2b/,LAA at MIA,NYM,"3B,SS,OF",0.5,+250,+250,+240,,+250,,,+240,,,,,+236,,,,,-370,-354,-370,,-370,,,-375,,,,,-354,,,,
2024-04-03,Jake Burger,/mlb/props/jake-burger-3b/,LAA at MIA,TEX,1B,0.5,+145,+145,+143,,+140,,,+145,+145,+145,,,+143,,,,,-200,-185,-199,,-185,,,-200,-200,-200,,,-199,,,,
2024-04-03,Anthony Rendon,/mlb/props/anthony-rendon/,LAA at MIA,LAA,3B,0.5,+190,+200,+190,,+190,,,+175,+200,+200,,,+178,,,,,-265,-250,-265,,-265,,,-250,-295,-295,,,-254,,,,
2024-04-03,Luis Arraez,/mlb/props/luis-arraez/,LAA at MIA,SF,"1B,2B,DH",0.5,+230,+280,+215,,+215,,,+200,+280,+280,,,+208,,,,,-330,-285,-304,,-300,,,-285,-455,-455,,,-304,,,,
2024-04-03,Mike Trout,/mlb/props/mike-trout/,LAA at MIA,LAA,"CF,RF,DH",0.5,+175,+175,+165,,+150,,,+165,+175,+175,,,+165,,,,,-240,-205,-225,,-205,,,-225,-245,-245,,,-234,,,,
2024-04-03,Nick Fortes,/mlb/props/nick-fortes/,LAA at MIA,TB,C,0.5,+235,+235,+220,,+235,,,+220,,,,,+219,,,,,-340,-324,-330,,-340,,,-330,,,,,-324,,,,
2024-04-03,Avisail Garcia,/mlb/props/avisail-garcia/,LAA at MIA,FA,"LF,RF",0.5,+215,+215,+205,,+215,,,+200,+205,+205,,,+196,,,,,-300,-284,-300,,-300,,,-285,-305,-305,,,-284,,,,
2024-04-03,Jo Adell,/mlb/props/jo-adell/,LAA at MIA,LAA,"LF,CF,RF",0.5,+235,+235,+220,,+235,,,+220,,,,,+219,,,,,-340,-324,-330,,-340,,,-330,,,,,-324,,,,
2024-04-03,Aaron Hicks,/mlb/props/aaron-hicks/,LAA at MIA,FA,"LF,CF,RF",0.5,+220,+230,+220,,+220,,,+210,+230,+230,,,+208,,,,,-320,-300,-310,,-310,,,-300,-345,-345,,,-304,,,,
2024-04-03,Jonah Bride,/mlb/props/jonah-bride/,LAA at MIA,TEX,"1B,3B",0.5,+295,+310,+280,,+310,,,+280,,,,,+275,,,,,-450,-429,-450,,-475,,,-450,,,,,-429,,,,
2024-04-03,Taylor Ward,/mlb/props/taylor-ward/,LAA at MIA,BAL,LF,0.5,+165,+165,+155,,+165,,,+150,+155,+155,,,+152,,,,,-225,-210,-220,,-225,,,-210,-220,-220,,,-214,,,,
2024-04-03,Nolan Schanuel,/mlb/props/nolan-schanuel/,LAA at MIA,LAA,1B,0.5,+285,+285,+265,,+285,,,+250,+265,+265,,,+252,,,,,-425,-384,-400,,-425,,,-400,-400,-400,,,-384,,,,
2024-04-03,Miguel Sano,/mlb/props/miguel-sano/,LAA at MIA,FA,"1B,3B",0.5,+175,+180,+165,,+180,,,+165,+163,+163,,,+165,,,,,-235,-225,-235,,-245,,,-225,-235,-235,,,-234,,,,
2024-04-03,Luis Rengifo,/mlb/props/luis-rengifo/,LAA at MIA,SD,"2B,3B,OF",0.5,+205,+205,+190,,+205,,,+190,,,,,+190,,,,,-285,-274,-275,,-285,,,-275,,,,,-274,,,,
2024-04-03,Andrew Knizner,/mlb/props/andrew-knizner/,TEX at TB,BOS,C,0.5,+230,+230,+210,,+230,,,+210,,,,,+202,,,,,-330,-294,-300,,-330,,,-300,,,,,-294,,,,
2024-04-03,Isaac Paredes,/mlb/props/isaac-paredes/,TEX at TB,HOU,"1B,3B,DH",0.5,+170,+165,+159,,+165,,,+165,+155,+155,,,+159,,,,,-235,-220,-224,,-225,,,-225,-220,-220,,,-224,,,,
2024-04-03,Harold Ramirez,/mlb/props/harold-ramirez-of/,TEX at TB,FA,"LF,RF,DH",0.5,+155,+200,+175,,+175,,,+175,+200,+200,,,+165,,,,,-210,-234,-250,,-240,,,-250,-295,-295,,,-234,,,,
2024-04-03,Randy Arozarena,/mlb/props/randy-arozarena/,TEX at TB,SEA,"LF,CF",0.5,+200,+210,+200,,+210,,,+200,+190,+190,,,+184,,,,,-280,-264,-278,,-290,,,-285,-278,-278,,,-264,,,,
2024-04-03,Adolis Garcia,/mlb/props/jose-adolis-garcia/,TEX at TB,PHI,RF,0.5,+120,+135,+115,,+115,,,+115,+135,+135,,,+110,,,,,-160,-150,-151,,-150,,,-150,-186,-186,,,-151,,,,
2024-04-03,Leody Taveras,/mlb/props/leody-taveras-of/,TEX at TB,BAL,"CF,RF",0.5,+265,+280,+235,,+235,,,+230,+280,+280,,,+219,,,,,-390,-324,-350,,-340,,,-350,-455,-455,,,-324,,,,
2024-04-03,Richie Palacios,/mlb/props/richie-palacios/,TEX at TB,TB,"2B,LF",0.5,+230,+210,+200,,+205,,,+200,+210,+210,,,+190,,,,,-330,-274,-285,,-285,,,-285,-315,-315,,,-274,,,,
2024-04-03,Jose Siri,/mlb/props/jose-siri/,TEX at TB,LAA,"LF,CF",0.5,+205,+235,+220,,+235,,,+220,+225,+225,,,+208,,,,,-285,-304,-330,,-330,,,-330,-345,-345,,,-304,,,,
2024-04-03,Evan Carter,/mlb/props/evan-carter/,TEX at TB,TEX,"LF,CF,RF",0.5,+225,+225,+213,,+225,,,+210,,,,,+213,,,,,-320,-300,-314,,-320,,,-300,,,,,-314,,,,
2024-04-03,Corey Seager,/mlb/props/corey-seager/,TEX at TB,TEX,SS,0.5,+125,+143,+125,,+125,,,+125,+143,+143,,,+116,,,,,-165,-160,-165,,-165,,,-165,-200,-200,,,-160,,,,
2024-04-03,Marcus Semien,/mlb/props/marcus-semien/,TEX at TB,NYM,2B,0.5,+175,+195,+175,,+175,,,+170,+195,+195,,,+159,,,,,-240,-224,-240,,-240,,,-235,-286,-286,,,-224,,,,
2024-04-03,Jose Caballero,/mlb/props/jose-caballero/,TEX at TB,NYY,"2B,3B,SS,LF,RF",0.5,+275,+275,+260,,+275,,,+260,+245,+245,,,+262,,,,,-400,-385,-404,,-400,,,-425,-385,-385,,,-404,,,,
2024-04-03,Ezequiel Duran,/mlb/props/ezequiel-duran/,TEX at TB,TEX,"1B,2B,3B,SS,LF,RF",0.5,+255,+255,+236,,+255,,,+230,,,,,+236,,,,,-370,-350,-354,,-370,,,-350,,,,,-354,,,,
2024-04-03,Josh Smith,/mlb/props/josh-smith-ss/,TEX at TB,TEX,"1B,2B,3B,SS,LF,RF",0.5,+310,+265,+250,,+265,,,+250,,,,,+247,,,,,-475,-374,-390,,-390,,,-400,,,,,-374,,,,
2024-04-03,Jared Walsh,/mlb/props/jared-walsh/,TEX at TB,FA,"1B,RF",0.5,+270,+255,+236,,+250,,,+230,+255,+255,,,+236,,,,,-400,-350,-360,,-360,,,-350,-400,-400,,,-354,,,,
2024-04-03,Jonah Heim,/mlb/props/jonah-heim/,TEX at TB,ATH,"C,DH",0.5,+200,+200,+190,,+200,,,+190,,,,,+190,,,,,-280,-274,-275,,-280,,,-275,,,,,-274,,,,
2024-04-03,Brandon Lowe,/mlb/props/brandon-lowe/,TEX at TB,PIT,2B,0.5,+190,+200,+190,,+200,,,+190,+195,+195,,,+184,,,,,-265,-264,-275,,-280,,,-275,-286,-286,,,-264,,,,
2024-04-03,Yandy Diaz,/mlb/props/yandy-diaz/,TEX at TB,TB,"1B,DH",0.5,+195,+205,+196,,+205,,,+190,+205,+205,,,+196,,,,,-270,-275,-290,,-290,,,-275,-305,-305,,,-284,,,,
2024-04-03,Ben Rortvedt,/mlb/props/benjamin-rortvedt/,TEX at TB,NYM,C,0.5,+255,+250,+240,,+240,,,+230,+250,+250,,,+236,,,,,-370,-350,-354,,-350,,,-350,-385,-385,,,-354,,,,
2024-04-03,Wyatt Langford,/mlb/props/wyatt-langford/,TEX at TB,TEX,"LF,CF",0.5,+190,+185,+178,,+185,,,+175,+185,+185,,,+178,,,,,-265,-250,-254,,-250,,,-250,-265,-265,,,-254,,,,
2024-04-03,Nick Allen,/mlb/props/nick-allen-ss/,BOS at ATH,HOU,"2B,3B,SS",0.5,+450,+425,+380,,+425,,,+380,,,,,+376,,,,,-800,-654,-700,,-700,,,-750,,,,,-654,,,,
2024-04-03,Masataka Yoshida,/mlb/props/masataka-yoshida/,BOS at ATH,BOS,"LF,DH",0.5,+210,+215,+196,,+215,,,+200,+175,+175,,,+196,,,,,-295,-250,-284,,-300,,,-285,-250,-250,,,-284,,,,
2024-04-03,Ceddanne Rafaela,/mlb/props/ceddanne-rafaela/,BOS at ATH,BOS,"2B,CF",0.5,+205,+210,+196,,+210,,,,,,,,+196,,,,,-290,-284,-300,,-300,,,,,,,,-284,,,,
2024-04-03,JJ Bleday,/mlb/props/jj-bleday/,BOS at ATH,CIN,"LF,CF,RF,DH",0.5,+230,+250,+227,,+250,,,+230,+205,+205,,,+227,,,,,-330,-305,-339,,-360,,,-350,-305,-305,,,-339,,,,
2024-04-03,Tyler O'Neill,/mlb/props/tyler-oneill/,BOS at ATH,BAL,"LF,RF",0.5,+175,+170,+165,,+170,,,+165,+165,+165,,,+165,,,,,-245,-225,-234,,-230,,,-225,-240,-240,,,-234,,,,
2024-04-03,Lawrence Butler,/mlb/props/lawrence-butler/,BOS at ATH,ATH,"CF,RF",0.5,+320,+320,+300,,+320,,,+300,+275,+275,,,+300,,,,,-500,-435,-479,,-500,,,-500,-435,-435,,,-479,,,,
2024-04-03,Trevor Story,/mlb/props/trevor-story/,BOS at ATH,BOS,SS,0.5,+180,+190,+175,,+190,,,+175,+170,+170,,,+172,,,,,-245,-240,-250,,-260,,,-250,-240,-240,,,-244,,,,
2024-04-03,J.D. Davis,/mlb/props/jd-davis/,BOS at ATH,FA,"1B,3B",0.5,+240,+240,+227,,+240,,,+230,+200,+200,,,+227,,,,,-340,-295,-339,,-340,,,-350,-295,-295,,,-339,,,,
2024-04-03,Kyle McCann,/mlb/props/kyle-mccann/,BOS at ATH,COL,C,0.5,+295,+320,+300,,+320,,,+300,,,,,+287,,,,,-450,-454,-500,,-500,,,-500,,,,,-454,,,,
2024-04-03,Jarren Duran,/mlb/props/jarren-duran/,BOS at ATH,BOS,"LF,CF,DH",0.5,+190,+200,+184,,+200,,,+200,+170,+170,,,+184,,,,,-265,-240,-264,,-280,,,-285,-240,-240,,,-264,,,,
2024-04-03,Wilyer Abreu,/mlb/props/wilyer-abreu/,BOS at ATH,BOS,"LF,CF,RF",0.5,+240,+240,+240,,+240,,,+240,,,,,+227,,,,,-350,-339,-350,,-350,,,-375,,,,,-339,,,,
2024-04-03,Zack Gelof,/mlb/props/zack-gelof/,BOS at ATH,ATH,"2B,3B,CF",0.5,+280,+270,+252,,+270,,,+250,+250,+250,,,+252,,,,,-425,-384,-385,,-400,,,-400,-385,-385,,,-384,,,,
2024-04-03,Brent Rooker,/mlb/props/brent-rooker/,BOS at ATH,ATH,"LF,RF,DH",0.5,+265,+255,+247,,+255,,,+240,+245,+245,,,+247,,,,,-390,-370,-375,,-370,,,-375,-385,-385,,,-374,,,,
2024-04-03,Seth Brown,/mlb/props/seth-brown/,BOS at ATH,FA,"1B,LF,CF,RF",0.5,+225,+250,+236,,+250,,,+240,+200,+200,,,+236,,,,,-320,-295,-354,,-360,,,-375,-295,-295,,,-354,,,,
2024-04-03,Rafael Devers,/mlb/props/rafael-devers/,BOS at ATH,SF,"1B,DH",0.5,+125,+130,+118,,+130,,,+130,+108,+108,,,+118,,,,,-165,-148,-163,,-175,,,-175,-148,-148,,,-163,,,,
2024-04-03,Reese McGuire,/mlb/props/reese-mcguire/,BOS at ATH,FA,C,0.5,+275,+270,+250,,+270,,,+250,,,,,+236,,,,,-400,-354,-400,,-400,,,-400,,,,,-354,,,,
2024-04-03,Enmanuel Valdez,/mlb/props/enmanuel-valdez/,BOS at ATH,PIT,1B,0.5,+205,+220,+208,,+220,,,+210,+190,+190,,,+208,,,,,-290,-278,-300,,-310,,,-300,-278,-278,,,-304,,,,
2024-04-03,Tyler Nevin,/mlb/props/tyler-nevin/,BOS at ATH,FA,"1B,3B,LF,RF",0.5,+330,+330,+300,,+330,,,+300,,,,,+300,,,,,-525,-479,-525,,-525,,,-550,,,,,-479,,,,
2024-04-03,Triston Casas,/mlb/props/triston-casas/,BOS at ATH,BOS,1B,0.5,+185,+190,+184,,+190,,,+185,+155,+155,,,+184,,,,,-255,-225,-260,,-265,,,-260,-225,-225,,,-264,,,,
2024-04-03,Ryan Noda,/mlb/props/ryan-noda/,BOS at ATH,BAL,1B,0.5,+320,+330,+300,,+330,,,+300,+290,+290,,,+275,,,,,-475,-429,-480,,-500,,,-500,-480,-480,,,-429,,,,
2024-04-03,Blaze Alexander,/mlb/props/blaze-alexander/,NYY at ARI,BAL,"2B,3B,SS,LF,CF",0.5,+215,+225,+208,,+225,,,,,,,,+208,,,,,-300,-304,-320,,-320,,,,,,,,-304,,,,
2024-04-03,Geraldo Perdomo,/mlb/props/geraldo-perdomo/,NYY at ARI,ARI,SS,0.5,+265,+275,+262,,+275,,,+260,,,,,+262,,,,,-390,-400,-404,,-400,,,-425,,,,,-404,,,,
2024-04-03,Jorge Barrosa,/mlb/props/jorge-barrosa/,NYY at ARI,ARI,"LF,CF,RF",0.5,+205,+220,+208,,+220,,,,,,,,+208,,,,,-285,-304,-304,,-310,,,,,,,,-304,,,,
2024-04-03,Oswaldo Cabrera,/mlb/props/oswaldo-cabrera/,NYY at ARI,NYY,3B,0.5,+230,+200,+190,,+200,,,+190,,,,,+190,,,,,-330,-274,-275,,-280,,,-275,,,,,-274,,,,
2024-04-03,Anthony Rizzo,/mlb/props/anthony-rizzo/,NYY at ARI,FA,1B,0.5,+160,+160,+152,,+160,,,+160,+148,+148,,,+152,,,,,-215,-210,-214,,-215,,,-215,-210,-210,,,-214,,,,
2024-04-03,Anthony Volpe,/mlb/props/anthony-volpe/,NYY at ARI,NYY,SS,0.5,+205,+170,+165,,+170,,,+165,,,,,+159,,,,,-285,-224,-225,,-230,,,-225,,,,,-224,,,,
2024-04-03,Trent Grisham,/mlb/props/trent-grisham/,NYY at ARI,NYY,CF,0.5,+240,+240,+230,,+240,,,+230,,,,,+219,,,,,-340,-324,-340,,-340,,,-350,,,,,-324,,,,
2024-04-03,Aaron Judge,/mlb/props/aaron-judge/,NYY at ARI,NYY,"LF,CF,RF,DH",0.5,+105,+110,+105,,+105,,,+105,+110,+110,,,-103,,,,,-140,-133,-140,,-140,,,-135,-150,-150,,,-133,,,,
2024-04-03,Gleyber Torres,/mlb/props/gleyber-torres/,NYY at ARI,DET,2B,0.5,+160,+185,+160,,+160,,,+160,+185,+185,,,+152,,,,,-220,-214,-220,,-220,,,-215,-265,-265,,,-214,,,,
2024-04-03,Eugenio Suarez,/mlb/props/eugenio-suarez/,NYY at ARI,CIN,"3B,DH",0.5,+170,+205,+175,,+175,,,+170,+205,+205,,,+165,,,,,-230,-234,-235,,-235,,,-235,-305,-305,,,-234,,,,
2024-04-03,Alex Verdugo,/mlb/props/alex-verdugo/,NYY at ARI,FA,"LF,RF",0.5,+205,+190,+185,,+190,,,+185,+188,+188,,,+178,,,,,-285,-254,-265,,-265,,,-260,-275,-275,,,-254,,,,
2024-04-03,Corbin Carroll,/mlb/props/corbin-carroll-of/,NYY at ARI,ARI,"CF,RF",0.5,+205,+215,+200,,+215,,,+200,+195,+195,,,+196,,,,,-290,-284,-286,,-310,,,-285,-286,-286,,,-284,,,,
2024-04-03,Juan Soto,/mlb/props/juan-soto/,NYY at ARI,NYM,"LF,RF,DH",0.5,+180,+175,+170,,+170,,,+165,+175,+175,,,+165,,,,,-245,-225,-235,,-235,,,-225,-250,-250,,,-234,,,,
2024-04-03,Tucker Barnhart,/mlb/props/tucker-barnhart/,NYY at ARI,FA,C,0.5,+320,+330,+311,,+330,,,+300,,,,,+311,,,,,-475,-504,-525,,-525,,,-550,,,,,-504,,,,
2024-04-03,Austin Wells,/mlb/props/austin-wells/,NYY at ARI,NYY,C,0.5,+185,+185,+172,,+185,,,,,,,,+172,,,,,-250,-244,-250,,-250,,,,,,,,-244,,,,
2024-04-03,Lourdes Gurriel Jr.,/mlb/props/lourdes-gurriel-jr/,NYY at ARI,ARI,"LF,DH",0.5,+115,+132,+120,,+120,,,+115,+132,+132,,,+120,,,,,-155,-150,-166,,-160,,,-150,-182,-182,,,-166,,,,
2024-04-03,Christian Walker,/mlb/props/christian-walker/,NYY at ARI,HOU,1B,0.5,+125,+135,+130,,+130,,,+130,+135,+135,,,+129,,,,,-170,-175,-179,,-175,,,-175,-190,-190,,,-179,,,,
2024-04-03,Giancarlo Stanton,/mlb/props/giancarlo-stanton/,NYY at ARI,NYY,"LF,RF,DH",0.5,+160,+160,+155,,+160,,,+160,+155,+155,,,+152,,,,,-215,-214,-215,,-215,,,-215,-220,-220,,,-214,,,,
2024-04-03,Ketel Marte,/mlb/props/ketel-marte/,NYY at ARI,ARI,"2B,DH",0.5,+140,+148,+140,,+140,,,+140,+148,+148,,,+133,,,,,-185,-184,-190,,-185,,,-190,-210,-210,,,-184,,,,
2024-04-03,Nick Castellanos,/mlb/props/nick-castellanos/,CIN at PHI,FA,"RF,DH",0.5,+190,+188,+175,,+175,,,+165,+188,+188,,,+184,,,,,-260,-225,-240,,-240,,,-225,-265,-265,,,-264,,,,
2024-04-03,Elly De La Cruz,/mlb/props/elly-de-la-cruz/,CIN at PHI,CIN,SS,0.5,+290,+300,+280,,+300,,,+280,+240,+240,,,+252,,,,,-425,-375,-384,,-450,,,-450,-375,-375,,,-384,,,,
2024-04-03,Johan Rojas,/mlb/props/johan-rojas/,CIN at PHI,PHI,CF,0.5,+275,+262,+260,,+260,,,+240,,,,,+262,,,,,-400,-375,-380,,-380,,,-375,,,,,-404,,,,
2024-04-03,Trea Turner,/mlb/props/trea-turner/,CIN at PHI,PHI,SS,0.5,+150,+155,+146,,+140,,,+145,+155,+155,,,+146,,,,,-200,-190,-200,,-190,,,-200,-215,-215,,,-204,,,,
2024-04-03,Nick Martini,/mlb/props/nick-martini/,CIN at PHI,FA,"LF,RF,DH",0.5,+310,+300,+280,,+300,,,+280,,,,,+275,,,,,-475,-429,-450,,-450,,,-450,,,,,-429,,,,
2024-04-03,Whit Merrifield,/mlb/props/whit-merrifield/,CIN at PHI,FA,"2B,3B,LF",0.5,+215,+215,+210,,+215,,,+210,,,,,,,,,,-310,-300,-300,,-310,,,-300,,,,,,,,,
2024-04-03,Luke Maile,/mlb/props/luke-maile/,CIN at PHI,KC,C,0.5,+380,+390,+360,,+390,,,+360,,,,,+355,,,,,-600,-604,-650,,-650,,,-700,,,,,-604,,,,
2024-04-03,Will Benson,/mlb/props/will-benson/,CIN at PHI,CIN,"LF,CF,RF",0.5,+295,+290,+275,,+290,,,+260,,,,,+275,,,,,-450,-425,-429,,-450,,,-425,,,,,-429,,,,
2024-04-03,Bryce Harper,/mlb/props/bryce-harper/,CIN at PHI,PHI,"1B,DH",0.5,+155,+155,+152,,+155,,,+150,+148,+148,,,+152,,,,,-210,-205,-210,,-205,,,-210,-205,-205,,,-214,,,,
2024-04-03,Tyler Stephenson,/mlb/props/tyler-stephenson/,CIN at PHI,CIN,C,0.5,+330,+330,+300,,+330,,,+300,,,,,,,,,,-525,-525,-525,,-525,,,-550,,,,,,,,,
2024-04-03,Alec Bohm,/mlb/props/alec-bohm/,CIN at PHI,PHI,"1B,3B",0.5,+175,+185,+175,,+175,,,+170,+185,+185,,,+172,,,,,-245,-235,-244,,-235,,,-235,-265,-265,,,-244,,,,
2024-04-03,Bryson Stott,/mlb/props/bryson-stott-ss/,CIN at PHI,PHI,"2B,SS",0.5,+195,+200,+195,,+200,,,+190,+195,+195,,,+190,,,,,-270,-274,-280,,-280,,,-275,-286,-286,,,-274,,,,
2024-04-03,Christian Encarnacion-Strand,/mlb/props/christian-encarnacion-strand/,CIN at PHI,BAL,"1B,3B",0.5,+245,+255,+230,,+255,,,+230,+210,+210,,,+219,,,,,-350,-315,-350,,-370,,,-350,-315,-315,,,-324,,,,
2024-04-03,Spencer Steer,/mlb/props/spencer-steer/,CIN at PHI,CIN,"1B,2B,LF,RF",0.5,+275,+275,+250,,+275,,,+250,+220,+220,,,+252,,,,,-400,-335,-384,,-400,,,-400,-335,-335,,,-384,,,,
2024-04-03,Kyle Schwarber,/mlb/props/kyle-schwarber/,CIN at PHI,PHI,"LF,DH",0.5,+155,+175,+152,,+150,,,+145,+175,+175,,,+152,,,,,-205,-200,-214,,-205,,,-200,-250,-250,,,-214,,,,
2024-04-03,Jeimer Candelario,/mlb/props/jeimer-candelario/,CIN at PHI,LAA,"1B,3B",0.5,+240,+236,+220,,+235,,,+220,+200,+200,,,+236,,,,,-350,-295,-330,,-340,,,-330,-295,-295,,,-354,,,,
2024-04-03,Brandon Marsh,/mlb/props/brandon-marsh/,CIN at PHI,PHI,"LF,CF,RF",0.5,+260,+245,+236,,+245,,,+230,,,,,+236,,,,,-380,-350,-350,,-350,,,-350,,,,,-354,,,,
2024-04-03,Jake Fraley,/mlb/props/jake-fraley/,CIN at PHI,TB,"LF,RF",0.5,+310,+300,+280,,+300,,,+280,+260,+260,,,+275,,,,,-475,-400,-429,,-450,,,-450,-400,-400,,,-429,,,,
2024-04-03,Jonathan India,/mlb/props/jonathan-india/,CIN at PHI,KC,"2B,3B,LF,DH",0.5,+310,+310,+280,,+310,,,+280,+235,+235,,,+287,,,,,-475,-360,-450,,-475,,,-450,-360,-360,,,-454,,,,
2024-04-03,J.T. Realmuto,/mlb/props/jt-realmuto/,CIN at PHI,PHI,C,0.5,+135,+135,+130,,+135,,,+130,+130,+130,,,+129,,,,,-180,-175,-179,,-175,,,-175,-180,-180,,,-179,,,,
2024-04-03,Andres Gimenez,/mlb/props/andres-giminez/,CLE at SEA,TOR,"2B,SS",0.5,+210,+260,+247,,+260,,,+240,+240,+240,,,+247,,,,,-300,-374,-375,,-380,,,-375,-375,-375,,,-374,,,,
2024-04-03,Tyler Freeman,/mlb/props/tyler-freeman-ss/,CLE at SEA,COL,"2B,RF,DH",0.5,+240,+275,+252,,+275,,,+250,+245,+245,,,+252,,,,,-375,-384,-385,,-400,,,-400,-385,-385,,,-384,,,,
2024-04-03,Dylan Moore,/mlb/props/dylan-moore/,CLE at SEA,PHI,"1B,2B,3B,LF,RF",0.5,+225,+235,+220,,+235,,,+220,+215,+215,,,+213,,,,,-320,-314,-315,,-330,,,-330,-315,-315,,,-314,,,,
2024-04-03,Mitch Haniger,/mlb/props/mitch-haniger/,CLE at SEA,FA,RF,0.5,+160,+160,+160,,+160,,,+160,,,,,+152,,,,,-220,-214,-215,,-220,,,-215,,,,,-214,,,,
2024-04-03,Gabriel Arias,/mlb/props/gabriel-arias-ss/,CLE at SEA,CLE,"2B,3B,SS",0.5,+225,+225,+213,,+225,,,+210,,,,,+213,,,,,-320,-300,-314,,-320,,,-300,,,,,-314,,,,
2024-04-03,J.P. Crawford,/mlb/props/jp-crawford/,CLE at SEA,SEA,"3B,SS",0.5,+250,+260,+250,,+260,,,+250,+230,+230,,,+236,,,,,-370,-335,-354,,-380,,,-400,-335,-335,,,-354,,,,
2024-04-03,Steven Kwan,/mlb/props/steven-kwan/,CLE at SEA,CLE,"LF,CF",0.5,+250,+285,+262,,+285,,,+260,,,,,+262,,,,,-400,-404,-425,,-425,,,-425,,,,,-404,,,,
2024-04-03,Ty France,/mlb/props/tyler-france/,CLE at SEA,SD,1B,0.5,+215,+210,+200,,+210,,,+200,+205,+205,,,+190,,,,,-300,-274,-285,,-295,,,-285,-305,-305,,,-274,,,,
2024-04-03,Seby Zavala,/mlb/props/bernardo-zavala/,CLE at SEA,FA,C,0.5,+265,+275,+252,,+275,,,+250,,,,,+252,,,,,-390,-384,-400,,-400,,,-400,,,,,-384,,,,
2024-04-03,Josh Naylor,/mlb/props/josh-naylor/,CLE at SEA,SEA,"1B,DH",0.5,+140,+163,+160,,+160,,,+160,+163,+163,,,+146,,,,,-190,-204,-215,,-220,,,-215,-230,-230,,,-204,,,,
2024-04-03,Jose Ramirez,/mlb/props/jose-ramirez/,CLE at SEA,CLE,"3B,DH",0.5,+140,+180,+165,,+165,,,+160,+180,+180,,,+146,,,,,-190,-204,-220,,-220,,,-215,-265,-265,,,-204,,,,
2024-04-03,Will Brennan,/mlb/props/will-brennan/,CLE at SEA,SF,"LF,CF,RF",0.5,+200,+230,+219,,+230,,,+220,+205,+205,,,+219,,,,,-285,-305,-324,,-330,,,-330,-305,-305,,,-324,,,,
2024-04-03,Mitch Garver,/mlb/props/mitch-garver/,CLE at SEA,SEA,"C,DH",0.5,+170,+175,+170,,+170,,,+165,+175,+175,,,+165,,,,,-230,-225,-235,,-235,,,-225,-250,-250,,,-234,,,,
2024-04-03,Ramon Laureano,/mlb/props/ramon-laureano/,CLE at SEA,SD,"LF,CF,RF",0.5,+190,+230,+220,,+230,,,+220,,,,,+219,,,,,-275,-324,-330,,-330,,,-330,,,,,-324,,,,
2024-04-03,Brayan Rocchio,/mlb/props/brayan-rocchio/,CLE at SEA,CLE,"2B,SS",0.5,+250,+310,+300,,+310,,,+300,+280,+280,,,+275,,,,,-400,-429,-455,,-475,,,-500,-455,-455,,,-429,,,,
2024-04-03,Luis Urias,/mlb/props/luis-urias/,CLE at SEA,TOR,"2B,3B",0.5,+235,+235,+220,,+235,,,+220,,,,,+219,,,,,-330,-324,-330,,-330,,,-330,,,,,-324,,,,
2024-04-03,Estevan Florial,/mlb/props/estevan-florial/,CLE at SEA,FA,"LF,CF,RF",0.5,+330,+330,+300,,+330,,,+300,,,,,+300,,,,,-500,-479,-500,,-500,,,-500,,,,,-479,,,,
2024-04-03,Jorge Polanco,/mlb/props/jorge-polanco/,CLE at SEA,NYM,"2B,3B,DH",0.5,+175,+185,+175,,+185,,,+175,+155,+155,,,+178,,,,,-240,-225,-250,,-255,,,-250,-225,-225,,,-254,,,,
2024-04-03,Julio Rodriguez,/mlb/props/julio-rodriguez-of/,CLE at SEA,SEA,CF,0.5,+175,+185,+172,,+185,,,+175,+160,+160,,,+172,,,,,-245,-225,-244,,-255,,,-250,-225,-225,,,-244,,,,
2024-04-03,Bo Naylor,/mlb/props/bo-naylor/,CLE at SEA,CLE,C,0.5,+185,+260,+215,,+215,,,+200,+260,+260,,,+202,,,,,-260,-285,-300,,-300,,,-285,-420,-420,,,-294,,,,
2024-04-03,Ivan Herrera,/mlb/props/ivan-herrera/,STL at SD,STL,"C,DH",0.5,+290,+290,+262,,+290,,,+260,,,,,+262,,,,,-425,-404,-425,,-425,,,-425,,,,,-404,,,,
2024-04-03,Fernando Tatis Jr.,/mlb/props/fernando-tatis-jr/,STL at SD,SD,"2B,RF",0.5,+150,+150,+146,,+145,,,+145,+150,+150,,,+146,,,,,-205,-195,-204,,-195,,,-200,-210,-210,,,-204,,,,
2024-04-03,Jose Azocar,/mlb/props/jose-azocar/,STL at SD,ATL,"LF,CF,RF",0.5,+235,+225,+213,,+225,,,+210,,,,,+213,,,,,-340,-300,-314,,-320,,,-300,,,,,-314,,,,
2024-04-03,Kyle Higashioka,/mlb/props/kyle-higashioka/,STL at SD,TEX,"C,DH",0.5,+190,+180,+170,,+180,,,+170,,,,,+165,,,,,-260,-234,-235,,-250,,,-235,,,,,-234,,,,
2024-04-03,Jordan Walker,/mlb/props/jordan-walker/,STL at SD,STL,"LF,RF",0.5,+245,+250,+236,,+250,,,+240,+225,+225,,,+236,,,,,-360,-335,-354,,-370,,,-375,-335,-335,,,-354,,,,
2024-04-03,Willson Contreras,/mlb/props/willson-contreras/,STL at SD,BOS,1B,0.5,+240,+190,+185,,+190,,,+185,+188,+188,,,+178,,,,,-350,-254,-260,,-265,,,-260,-265,-265,,,-254,,,,
2024-04-03,Brendan Donovan,/mlb/props/brendan-donovan/,STL at SD,SEA,"2B,3B,SS,LF",0.5,+230,+220,+210,,+220,,,+210,+210,+210,,,+208,,,,,-330,-300,-310,,-310,,,-300,-315,-315,,,-304,,,,
2024-04-03,Victor Scott,/mlb/props/victor-scott/,STL at SD,STL,CF,0.5,+300,+310,+280,,+310,,,+280,+255,+255,,,+287,,,,,-450,-400,-450,,-475,,,-450,-400,-400,,,-454,,,,
2024-04-03,Nolan Gorman,/mlb/props/nolan-gorman/,STL at SD,STL,"2B,3B,DH",0.5,+215,+220,+202,,+220,,,+210,+190,+190,,,+202,,,,,-300,-278,-294,,-310,,,-300,-278,-278,,,-294,,,,
2024-04-03,Brandon Crawford,/mlb/props/brandon-crawford/,STL at SD,FA,"3B,SS",0.5,+295,+295,+280,,+295,,,+280,,,,,+262,,,,,-450,-404,-450,,-450,,,-450,,,,,-404,,,,
2024-04-03,Matt Carpenter,/mlb/props/matt-carpenter/,STL at SD,FA,"1B,DH",0.5,+280,+255,+240,,+255,,,+240,,,,,+236,,,,,-425,-354,-370,,-370,,,-375,,,,,-354,,,,
2024-04-03,Nolan Arenado,/mlb/props/nolan-arenado/,STL at SD,ARI,3B,0.5,+230,+190,+185,,+190,,,+185,+175,+175,,,+178,,,,,-320,-245,-254,,-265,,,-260,-245,-245,,,-254,,,,
2024-04-03,Xander Bogaerts,/mlb/props/xander-bogaerts/,STL at SD,SD,SS,0.5,+205,+225,+205,,+205,,,+190,+225,+225,,,+196,,,,,-290,-275,-290,,-290,,,-275,-335,-335,,,-284,,,,
2024-04-03,Eguy Rosario,/mlb/props/eguy-rosario/,STL at SD,FA,3B,0.5,+190,+190,+178,,+190,,,+175,+170,+170,,,+178,,,,,-265,-240,-250,,-265,,,-250,-240,-240,,,-254,,,,
2024-04-03,Jake Cronenworth,/mlb/props/jacob-cronenworth/,STL at SD,SD,"1B,2B,SS",0.5,+190,+190,+178,,+190,,,+175,+170,+170,,,+178,,,,,-260,-245,-254,,-260,,,-250,-245,-245,,,-254,,,,
2024-04-03,Ha-Seong Kim,/mlb/props/ha-seong-kim/,STL at SD,ATL,"2B,SS",0.5,+180,+175,+172,,+165,,,+165,+175,+175,,,+172,,,,,-245,-225,-230,,-230,,,-225,-245,-245,,,-244,,,,
2024-04-03,Manny Machado,/mlb/props/manny-machado/,STL at SD,SD,"3B,DH",0.5,+135,+140,+135,,+140,,,+135,+125,+125,,,+129,,,,,-180,-175,-180,,-185,,,-180,-175,-175,,,-179,,,,
2024-04-03,Masyn Winn,/mlb/props/masyn-winn-p/,STL at SD,STL,SS,0.5,+300,+295,+280,,+295,,,+280,,,,,+262,,,,,-475,-404,-450,,-450,,,-450,,,,,-404,,,,
2024-04-03,Jurickson Profar,/mlb/props/jurickson-profar/,STL at SD,ATL,LF,0.5,+175,+175,+165,,+175,,,+165,+175,+175,,,+165,,,,,-240,-225,-234,,-240,,,-225,-250,-250,,,-234,,,,
2024-04-03,Paul Goldschmidt,/mlb/props/paul-goldschmidt/,STL at SD,NYY,"1B,DH",0.5,+220,+205,+200,,+200,,,+190,+205,+205,,,+190,,,,,-320,-274,-280,,-280,,,-275,-305,-305,,,-274,,,,
2024-04-03,Jared Triolo,/mlb/props/jared-triolo/,PIT at WSH,PIT,"1B,2B,3B,SS",0.5,+220,+220,+210,,+220,,,+210,,,,,+208,,,,,-310,-300,-304,,-310,,,-300,,,,,-304,,,,
2024-04-03,Michael A. Taylor,/mlb/props/michael-taylor/,PIT at WSH,FA,"LF,CF,RF",0.5,+210,+215,+200,,+215,,,+200,,,,,+196,,,,,-295,-284,-285,,-300,,,-285,,,,,-284,,,,
2024-04-03,CJ Abrams,/mlb/props/cj-abrams/,PIT at WSH,WSH,SS,0.5,+200,+205,+200,,+205,,,+200,+190,+190,,,+190,,,,,-285,-274,-278,,-285,,,-285,-278,-278,,,-274,,,,
2024-04-03,Victor Robles,/mlb/props/victor-robles/,PIT at WSH,SEA,"LF,CF,RF",0.5,+260,+285,+280,,+285,,,+280,,,,,+275,,,,,-425,-425,-429,,-425,,,-450,,,,,-429,,,,
2024-04-03,Joey Gallo,/mlb/props/joey-gallo/,PIT at WSH,FA,"1B,LF,CF,RF",0.5,+170,+170,+163,,+170,,,+170,+163,+163,,,+159,,,,,-235,-224,-230,,-230,,,-235,-235,-235,,,-224,,,,
2024-04-03,Jack Suwinski,/mlb/props/jack-suwinski/,PIT at WSH,LAD,"LF,CF,RF",0.5,+125,+148,+125,,+125,,,+125,+148,+148,,,+116,,,,,-165,-160,-165,,-165,,,-165,-210,-210,,,-160,,,,
2024-04-03,Trey Lipscomb,/mlb/props/trey-lipscomb/,PIT at WSH,WSH,3B,0.5,+280,+290,+262,,+290,,,+260,,,,,+262,,,,,-450,-404,-425,,-450,,,-425,,,,,-404,,,,
2024-04-03,Oneil Cruz,/mlb/props/oneil-cruz-3b/,PIT at WSH,PIT,"CF,DH",0.5,+145,+163,+150,,+150,,,+140,+163,+163,,,+136,,,,,-190,-189,-200,,-200,,,-190,-235,-235,,,-189,,,,
2024-04-03,Lane Thomas,/mlb/props/lane-thomas/,PIT at WSH,KC,"LF,CF,RF",0.5,+185,+190,+185,,+190,,,+185,+188,+188,,,+178,,,,,-260,-254,-260,,-265,,,-260,-265,-265,,,-254,,,,
2024-04-03,Rowdy Tellez,/mlb/props/rowdy-tellez/,PIT at WSH,ATL,1B,0.5,+160,+175,+165,,+160,,,+160,+175,+175,,,+165,,,,,-220,-215,-234,,-220,,,-215,-250,-250,,,-234,,,,
2024-04-03,Ke'Bryan Hayes,/mlb/props/kebryan-hayes/,PIT at WSH,CIN,3B,0.5,+130,+145,+135,,+135,,,+140,+145,+145,,,+129,,,,,-175,-179,-190,,-185,,,-190,-205,-205,,,-179,,,,
2024-04-03,Henry Davis,/mlb/props/henry-davis/,PIT at WSH,PIT,C,0.5,+165,+188,+165,,+165,,,+165,+188,+188,,,+152,,,,,-230,-214,-230,,-230,,,-225,-265,-265,,,-214,,,,
2024-04-03,Andrew McCutchen,/mlb/props/andrew-mccutchen/,PIT at WSH,FA,"LF,RF,DH",0.5,+145,+165,+145,,+145,,,+140,+165,+165,,,+139,,,,,-195,-190,-195,,-195,,,-190,-235,-235,,,-194,,,,
2024-04-03,Jesse Winker,/mlb/props/jesse-winker/,PIT at WSH,FA,"LF,RF,DH",0.5,+220,+235,+219,,+235,,,+220,+190,+190,,,+219,,,,,-330,-278,-324,,-330,,,-330,-278,-278,,,-324,,,,
2024-04-03,Eddie Rosario,/mlb/props/eddie-rosario/,PIT at WSH,FA,"LF,CF,RF,DH",0.5,+240,+265,+247,,+265,,,+250,+230,+230,,,+247,,,,,-375,-335,-374,,-390,,,-400,-335,-335,,,-374,,,,
2024-04-03,Keibert Ruiz,/mlb/props/keibert-ruiz/,PIT at WSH,WSH,C,0.5,+230,+225,+210,,+225,,,+210,+210,+210,,,+202,,,,,-350,-294,-300,,-320,,,-300,-315,-315,,,-294,,,,
2024-04-03,Luis Garcia,/mlb/props/luis-garcia-2b/,PIT at WSH,WSH,"1B,2B,DH",0.5,+250,+260,+250,,+260,,,+250,,,,,+236,,,,,-400,-354,-380,,-380,,,-400,,,,,-354,,,,
2024-04-03,Joey Meneses,/mlb/props/joey-meneses/,PIT at WSH,ATH,1B,0.5,+185,+190,+185,,+190,,,+185,+175,+175,,,+172,,,,,-260,-244,-250,,-260,,,-260,-250,-250,,,-244,,,,
2024-04-03,Bryan Reynolds,/mlb/props/bryan-reynolds/,PIT at WSH,PIT,"LF,CF,RF,DH",0.5,+150,+155,+150,,+155,,,+150,+148,+148,,,+146,,,,,-200,-204,-210,,-210,,,-210,-210,-210,,,-204,,,,
2024-04-03,Ian Happ,/mlb/props/ian-happ/,COL at CHC,CHC,LF,0.5,+200,+200,+185,,+190,,,+185,+200,+200,,,+172,,,,,-280,-244,-260,,-260,,,-260,-295,-295,,,-244,,,,
2024-04-03,Kris Bryant,/mlb/props/kris-bryant/,COL at CHC,COL,DH,0.5,+185,+240,+230,,+240,,,+230,+230,+230,,,+219,,,,,-250,-324,-335,,-340,,,-350,-335,-335,,,-324,,,,
2024-04-03,Brenton Doyle,/mlb/props/brenton-doyle/,COL at CHC,COL,CF,0.5,+320,+285,+260,,+280,,,+260,+285,+285,,,+247,,,,,-500,-374,-425,,-425,,,-425,-480,-480,,,-374,,,,
2024-04-03,Ryan McMahon,/mlb/props/ryan-mcmahon/,COL at CHC,NYY,3B,0.5,+180,+240,+220,,+230,,,+220,+240,+240,,,+208,,,,,-250,-304,-330,,-330,,,-330,-375,-375,,,-304,,,,
2024-04-03,Dansby Swanson,/mlb/props/dansby-swanson/,COL at CHC,CHC,SS,0.5,+165,+170,+160,,+160,,,+160,+170,+170,,,+152,,,,,-230,-214,-220,,-220,,,-215,-240,-240,,,-214,,,,
2024-04-03,Christopher Morel,/mlb/props/christopher-morel/,COL at CHC,MIA,"1B,LF,DH",0.5,+150,+143,+135,,+135,,,+140,+143,+143,,,+129,,,,,-200,-179,-190,,-180,,,-190,-200,-200,,,-179,,,,
2024-04-03,Michael Busch,/mlb/props/michael-busch-2b/,COL at CHC,CHC,1B,0.5,+200,+195,+185,,+195,,,+185,,,,,+178,,,,,-280,-254,-260,,-270,,,-260,,,,,-254,,,,
2024-04-03,Nico Hoerner,/mlb/props/nico-hoerner/,COL at CHC,CHC,"2B,SS",0.5,+215,+220,+208,,+220,,,+210,+190,+190,,,+208,,,,,-300,-278,-300,,-310,,,-300,-278,-278,,,-304,,,,
2024-04-03,Nolan Jones,/mlb/props/nolan-jones-3b/,COL at CHC,CWS,"LF,CF,RF",0.5,+185,+240,+230,,+240,,,+230,+240,+240,,,+227,,,,,-260,-339,-350,,-340,,,-350,-375,-375,,,-339,,,,
2024-04-03,Charlie Blackmon,/mlb/props/charlie-blackmon/,COL at CHC,FA,"RF,DH",0.5,+240,+275,+260,,+260,,,+250,+275,+275,,,+236,,,,,-350,-354,-400,,-380,,,-400,-435,-435,,,-354,,,,
2024-04-03,Seiya Suzuki,/mlb/props/seiya-suzuki/,COL at CHC,CHC,"LF,RF,DH",0.5,+170,+165,+160,,+160,,,+160,+165,+165,,,+146,,,,,-235,-204,-215,,-215,,,-215,-240,-240,,,-204,,,,
2024-04-03,Elias Diaz,/mlb/props/elias-diaz/,COL at CHC,TEX,C,0.5,+220,+250,+235,,+250,,,+230,+235,+235,,,+227,,,,,-310,-339,-350,,-370,,,-350,-360,-360,,,-339,,,,
2024-04-03,Brendan Rodgers,/mlb/props/brendan-rodgers/,COL at CHC,BOS,2B,0.5,+220,+255,+240,,+255,,,+240,+255,+255,,,+236,,,,,-330,-354,-375,,-370,,,-375,-400,-400,,,-354,,,,
2024-04-03,Michael Toglia,/mlb/props/mike-toglia/,COL at CHC,CIN,1B,0.5,+245,+220,+213,,+220,,,+210,,,,,+213,,,,,-360,-300,-310,,-310,,,-300,,,,,-314,,,,
2024-04-03,Jacob Stallings,/mlb/props/jacob-stallings/,COL at CHC,FA,C,0.5,+390,+380,+340,,+380,,,+340,,,,,+334,,,,,-650,-554,-650,,-650,,,-650,,,,,-554,,,,
2024-04-03,Mike Tauchman,/mlb/props/mike-tauchman/,COL at CHC,NYM,"LF,CF,RF",0.5,+235,+230,+220,,+230,,,+220,,,,,+213,,,,,-330,-314,-330,,-330,,,-330,,,,,-314,,,,
2024-04-03,Alan Trejo,/mlb/props/alan-trejo/,COL at CHC,FA,"2B,SS",0.5,+310,+300,+300,,+300,,,+300,,,,,+287,,,,,-475,-450,-454,,-450,,,-500,,,,,-454,,,,
2024-04-03,Miguel Amaya,/mlb/props/miguel-amaya-c/,COL at CHC,CHC,"C,DH",0.5,+220,+220,+210,,+220,,,+210,,,,,+208,,,,,-320,-300,-304,,-320,,,-300,,,,,-304,,,,
2024-04-03,Cody Bellinger,/mlb/props/cody-bellinger/,COL at CHC,NYY,"LF,CF,RF",0.5,+155,+143,+139,,+135,,,+140,+143,+143,,,+139,,,,,-210,-185,-194,,-185,,,-190,-200,-200,,,-194,,,,
2024-04-03,Yan Gomes,/mlb/props/yan-gomes/,COL at CHC,FA,C,0.5,+190,+185,+175,,+185,,,+175,,,,,+172,,,,,-265,-244,-250,,-255,,,-250,,,,,-244,,,,
2024-04-03,Ezequiel Tovar,/mlb/props/ezequiel-tovar/,COL at CHC,COL,SS,0.5,+220,+270,+255,,+270,,,+250,+255,+255,,,+247,,,,,-330,-374,-390,,-390,,,-400,-400,-400,,,-374,,,,
2024-04-03,Mauricio Dubon,/mlb/props/mauricio-dubon/,TOR at HOU,ATL,"2B,3B,SS,LF,CF",0.5,+170,+195,+185,,+195,,,+185,,,,,+184,,,,,-235,-260,-264,,-270,,,-260,,,,,-264,,,,
2024-04-03,Jon Singleton,/mlb/props/jonathan-singleton/,TOR at HOU,FA,"1B,DH",0.5,+190,+205,+200,,+205,,,+200,,,,,+196,,,,,-265,-284,-285,,-290,,,-285,,,,,-284,,,,
2024-04-03,Yainer Diaz,/mlb/props/yainer-diaz-c/,TOR at HOU,HOU,"C,DH",0.5,+145,+145,+139,,+145,,,+140,+133,+133,,,+139,,,,,-195,-186,-190,,-195,,,-190,-186,-186,,,-194,,,,
2024-04-03,George Springer,/mlb/props/george-springer/,TOR at HOU,TOR,"LF,CF,RF,DH",0.5,+160,+185,+170,,+170,,,+165,+185,+185,,,+152,,,,,-220,-214,-235,,-235,,,-225,-275,-275,,,-214,,,,
2024-04-03,Alex Bregman,/mlb/props/alex-bregman/,TOR at HOU,CHC,"3B,DH",0.5,+160,+155,+148,,+155,,,+150,+148,+148,,,+139,,,,,-220,-194,-210,,-215,,,-210,-210,-210,,,-194,,,,
2024-04-03,Kevin Kiermaier,/mlb/props/kevin-kiermaier/,TOR at HOU,FA,CF,0.5,+235,+240,+230,,+240,,,+230,+235,+235,,,+219,,,,,-340,-324,-340,,-340,,,-350,-345,-345,,,-324,,,,
2024-04-03,Bo Bichette,/mlb/props/bo-bichette/,TOR at HOU,NYM,"3B,SS",0.5,+170,+175,+170,,+175,,,+170,+170,+170,,,+165,,,,,-230,-234,-235,,-240,,,-235,-240,-240,,,-234,,,,
2024-04-03,Daulton Varsho,/mlb/props/daulton-varsho/,TOR at HOU,TOR,"LF,CF",0.5,+175,+190,+180,,+180,,,+175,+190,+190,,,+172,,,,,-245,-244,-250,,-250,,,-250,-278,-278,,,-244,,,,
2024-04-03,Jake Meyers,/mlb/props/jacob-meyers/,TOR at HOU,HOU,CF,0.5,+255,+235,+220,,+235,,,+220,,,,,+219,,,,,-370,-324,-330,,-330,,,-330,,,,,-324,,,,
2024-04-03,Justin Turner,/mlb/props/justin-turner/,TOR at HOU,FA,"1B,3B",0.5,+160,+175,+160,,+160,,,+160,+175,+175,,,+152,,,,,-220,-214,-220,,-220,,,-215,-250,-250,,,-214,,,,
2024-04-03,Jose Altuve,/mlb/props/jose-altuve/,TOR at HOU,HOU,"2B,LF,DH",0.5,+190,+195,+185,,+195,,,+185,+175,+175,,,+184,,,,,-260,-245,-260,,-270,,,-260,-245,-245,,,-264,,,,
2024-04-03,Isiah Kiner-Falefa,/mlb/props/isiah-kiner-falefa/,TOR at HOU,BOS,"2B,3B,SS",0.5,+230,+240,+230,,+240,,,+230,,,,,+219,,,,,-330,-324,-340,,-340,,,-350,,,,,-324,,,,
2024-04-03,Kyle Tucker,/mlb/props/kyle-tucker/,TOR at HOU,LAD,"RF,DH",0.5,+165,+160,+145,,+160,,,+160,+145,+145,,,+139,,,,,-225,-194,-200,,-215,,,-215,-200,-200,,,-194,,,,
2024-04-03,Jeremy Pena,/mlb/props/jeremy-pena/,TOR at HOU,HOU,SS,0.5,+205,+205,+190,,+205,,,+190,,,,,+184,,,,,-285,-264,-275,,-285,,,-275,,,,,-264,,,,
2024-04-03,Vladimir Guerrero Jr.,/mlb/props/vladimir-guerrero-jr/,TOR at HOU,TOR,"1B,DH",0.5,+135,+148,+135,,+135,,,+135,+148,+148,,,+129,,,,,-180,-179,-180,,-180,,,-180,-210,-210,,,-179,,,,
2024-04-03,Alejandro Kirk,/mlb/props/alejandro-kirk/,TOR at HOU,TOR,C,0.5,+205,+205,+196,,+205,,,+190,+205,+205,,,+196,,,,,-290,-275,-290,,-290,,,-275,-305,-305,,,-284,,,,
2024-04-03,Jose Abreu,/mlb/props/jose-dariel-abreu/,TOR at HOU,FA,1B,0.5,+195,+205,+170,,+170,,,+165,+205,+205,,,+165,,,,,-275,-225,-234,,-230,,,-225,-295,-295,,,-234,,,,
2024-04-03,Chas McCormick,/mlb/props/chas-mccormick/,TOR at HOU,CHC,"LF,CF,RF",0.5,+220,+235,+219,,+235,,,+220,+180,+180,,,+219,,,,,-310,-265,-324,,-340,,,-330,-265,-265,,,-324,,,,
2024-04-03,Yordan Alvarez,/mlb/props/yordan-alvarez/,TOR at HOU,HOU,"LF,DH",0.5,+135,+135,+129,,+135,,,+135,+125,+125,,,+129,,,,,-180,-175,-179,,-180,,,-180,-175,-175,,,-179,,,,
2024-04-03,Cavan Biggio,/mlb/props/cavan-biggio/,TOR at HOU,HOU,"1B,2B,RF",0.5,+275,+255,+252,,+255,,,+240,,,,,+252,,,,,-400,-370,-375,,-370,,,-375,,,,,-384,,,,
2024-04-03,Jung Hoo Lee,/mlb/props/jung-lee/,SF at LAD,SF,"CF,RF",0.5,+330,+340,+300,,+340,,,+320,+270,+270,,,+300,,,,,-525,-435,-525,,-525,,,-600,-435,-435,,,-479,,,,
2024-04-03,Patrick Bailey,/mlb/props/patrick-bailey/,SF at LAD,CLE,C,0.5,+340,+320,+311,,+320,,,+300,,,,,+311,,,,,-525,-500,-500,,-500,,,-500,,,,,-504,,,,
2024-04-03,Jorge Soler,/mlb/props/jorge-soler/,SF at LAD,LAA,"RF,DH",0.5,+245,+240,+220,,+240,,,+220,+205,+205,,,+227,,,,,-350,-305,-330,,-340,,,-330,-305,-305,,,-339,,,,
2024-04-03,Michael Conforto,/mlb/props/michael-conforto/,SF at LAD,CHC,"LF,RF,DH",0.5,+295,+275,+250,,+275,,,+250,+230,+230,,,+262,,,,,-450,-360,-400,,-400,,,-400,-360,-360,,,-404,,,,
2024-04-03,Teoscar Hernandez,/mlb/props/teoscar-hernandez/,SF at LAD,LAD,"LF,RF",0.5,+150,+150,+145,,+150,,,+145,+135,+135,,,+139,,,,,-200,-186,-194,,-200,,,-200,-186,-186,,,-194,,,,
2024-04-03,Max Muncy,/mlb/props/max-muncy/,SF at LAD,LAD,3B,0.5,+160,+160,+155,,+160,,,+160,+155,+155,,,+152,,,,,-220,-214,-215,,-220,,,-215,-220,-220,,,-214,,,,
2024-04-03,Shohei Ohtani,/mlb/props/shohei-ohtani/,SF at LAD,LAD,"SP,DH",0.5,+145,+145,+140,,+140,,,+140,+145,+145,,,+139,,,,,-195,-185,-194,,-185,,,-190,-200,-200,,,-194,,,,
2024-04-03,Thairo Estrada,/mlb/props/thairo-estrada/,SF at LAD,FA,2B,0.5,+300,+310,+285,,+310,,,+300,+285,+285,,,+275,,,,,-450,-429,-475,,-475,,,-500,-435,-435,,,-429,,,,
2024-04-03,Miguel Rojas,/mlb/props/miguel-rojas/,SF at LAD,LAD,"2B,3B,SS",0.5,+260,+260,+250,,+260,,,+250,,,,,+247,,,,,-380,-374,-380,,-380,,,-400,,,,,-374,,,,
2024-04-03,Nick Ahmed,/mlb/props/nick-ahmed/,SF at LAD,FA,SS,0.5,+450,+425,+380,,+425,,,+380,,,,,+376,,,,,-800,-654,-750,,-750,,,-750,,,,,-654,,,,
2024-04-03,Mike Yastrzemski,/mlb/props/michael-yastrzemski/,SF at LAD,ATL,"LF,CF,RF",0.5,+260,+265,+247,,+265,,,+250,+220,+220,,,+247,,,,,-380,-335,-374,,-390,,,-400,-335,-335,,,-374,,,,
2024-04-03,Chris Taylor,/mlb/props/chris-taylor/,SF at LAD,FA,"2B,LF,CF,RF",0.5,+285,+295,+260,,+295,,,+260,+240,+240,,,+275,,,,,-425,-375,-425,,-450,,,-425,-375,-375,,,-429,,,,
2024-04-03,Matt Chapman,/mlb/props/matt-chapman/,SF at LAD,SF,3B,0.5,+240,+240,+230,,+240,,,+230,+225,+225,,,+227,,,,,-340,-339,-345,,-350,,,-350,-345,-345,,,-339,,,,
2024-04-03,Freddie Freeman,/mlb/props/freddie-freeman/,SF at LAD,LAD,1B,0.5,+135,+135,+130,,+135,,,+135,+130,+130,,,+129,,,,,-180,-179,-180,,-185,,,-180,-180,-180,,,-179,,,,
2024-04-03,Will Smith,/mlb/props/will-smith-c/,SF at LAD,LAD,C,0.5,+145,+140,+136,,+140,,,+140,+135,+135,,,+136,,,,,-195,-186,-189,,-190,,,-190,-186,-186,,,-189,,,,
2024-04-03,Mookie Betts,/mlb/props/mookie-betts/,SF at LAD,LAD,SS,0.5,+150,+140,+139,,+140,,,+140,+128,+128,,,+139,,,,,-200,-177,-190,,-190,,,-190,-177,-177,,,-194,,,,
2024-04-03,Enrique Hernandez,/mlb/props/enrique-hernandez/,SF at LAD,LAD,"1B,2B,3B,LF",0.5,+250,+220,+210,,+220,,,+210,,,,,+208,,,,,-360,-300,-304,,-310,,,-300,,,,,-304,,,,
2024-04-03,LaMonte Wade Jr.,/mlb/props/lamonte-wade/,SF at LAD,HOU,"1B,RF",0.5,+300,+330,+300,,+330,,,+300,+265,+265,,,+287,,,,,-475,-400,-454,,-500,,,-550,-400,-400,,,-454,,,,
2024-04-04,Jake Rogers,/mlb/props/jake-rogers/,DET at NYM,DET,C,0.5,+245,+300,+280,,+300,,,+280,,,,,+275,,,,,-350,-429,-450,,-450,,,-450,,,,,-429,,,,
2024-04-04,Riley Greene,/mlb/props/riley-greene-of/,DET at NYM,DET,"LF,CF,RF,DH",0.5,+170,+190,+170,,+170,,,+165,+190,+190,,,,,,,,-235,-225,-235,,-235,,,-225,-278,-278,,,,,,,
2024-04-04,Pete Alonso,/mlb/props/peter-alonso/,DET at NYM,BAL,"1B,DH",0.5,+140,+159,+148,,+140,,,+140,+148,+148,,,+159,,,,,-185,-185,-205,,-185,,,-190,-205,-205,,,-224,,,,
2024-04-04,Francisco Alvarez,/mlb/props/francisco-alvarez/,DET at NYM,NYM,"C,DH",0.5,+150,+170,+155,,+155,,,+150,+170,+170,,,,,,,,-205,-210,-210,,-210,,,-210,-240,-240,,,,,,,
2024-04-04,Javier Baez,/mlb/props/javier-baez/,DET at NYM,DET,"2B,3B,SS,CF",0.5,+255,+225,+210,,+225,,,+210,,,,,,,,,,-370,-300,-320,,-320,,,-300,,,,,,,,,
2024-04-04,Kerry Carpenter,/mlb/props/kerry-carpenter/,DET at NYM,DET,"LF,RF,DH",0.5,+165,+180,+165,,+140,,,+150,+180,+180,,,+165,,,,,-225,-190,-210,,-190,,,-210,-265,-265,,,-234,,,,
2024-04-04,Harrison Bader,/mlb/props/harrison-bader/,DET at NYM,SF,"LF,CF,RF",0.5,+240,+240,+230,,+240,,,+230,,,,,+227,,,,,-350,-339,-350,,-350,,,-350,,,,,-339,,,,
2024-04-04,Colt Keith,/mlb/props/colt-keith/,DET at NYM,DET,"1B,2B,3B,DH",0.5,+185,+220,+190,,+185,,,+185,+220,+220,,,+190,,,,,-260,-260,-274,,-260,,,-260,-335,-335,,,-274,,,,
2024-04-04,Tyrone Taylor,/mlb/props/tyrone-taylor/,DET at NYM,NYM,"LF,CF,RF",0.5,+175,+178,+175,,+175,,,+170,,,,,+178,,,,,-245,-235,-245,,-245,,,-235,,,,,-254,,,,
2024-04-04,Gio Urshela,/mlb/props/giovanny-urshela/,DET at NYM,FA,3B,0.5,+195,+219,+205,,+205,,,+190,,,,,+219,,,,,-270,-275,-290,,-290,,,-275,,,,,-324,,,,
2024-04-04,Francisco Lindor,/mlb/props/francisco-lindor/,DET at NYM,NYM,SS,0.5,+140,+170,+143,,+140,,,+140,+170,+170,,,+143,,,,,-185,-190,-199,,-190,,,-190,-240,-240,,,-199,,,,
2024-04-04,Starling Marte,/mlb/props/starling-marte/,DET at NYM,KC,"LF,RF,DH",0.5,+190,+220,+208,,+200,,,+190,+220,+220,,,+208,,,,,-265,-275,-304,,-275,,,-275,-335,-335,,,-304,,,,
2024-04-04,Mark Canha,/mlb/props/mark-canha/,DET at NYM,FA,"LF,RF",0.5,+210,+220,+210,,+220,,,+210,,,,,+202,,,,,-295,-294,-300,,-310,,,-300,,,,,-294,,,,
2024-04-04,Carson Kelly,/mlb/props/carson-kelly/,DET at NYM,CHC,C,0.5,+200,+235,+219,,+200,,,+200,+235,+235,,,+219,,,,,-280,-280,-324,,-280,,,-285,-360,-360,,,-324,,,,
2024-04-04,Zach McKinstry,/mlb/props/zach-mckinstry/,DET at NYM,DET,"2B,3B,SS,LF,RF",0.5,+245,+265,+250,,+265,,,+250,,,,,+247,,,,,-350,-374,-390,,-390,,,-400,,,,,-374,,,,
2024-04-04,Brett Baty,/mlb/props/brett-baty/,DET at NYM,NYM,"1B,2B,3B,RF",0.5,+225,+230,+213,,+205,,,+190,+230,+230,,,+213,,,,,-320,-275,-314,,-285,,,-275,-335,-335,,,-314,,,,
2024-04-04,Parker Meadows,/mlb/props/parker-meadows/,DET at NYM,DET,CF,0.5,+205,+245,+208,,+205,,,+200,+245,+245,,,+208,,,,,-290,-285,-304,,-290,,,-285,-385,-385,,,-304,,,,
2024-04-04,Brandon Nimmo,/mlb/props/brandon-nimmo/,DET at NYM,TEX,"LF,CF,RF,DH",0.5,+175,+230,+184,,+175,,,+170,+230,+230,,,+184,,,,,-235,-235,-264,,-240,,,-235,-360,-360,,,-264,,,,
2024-04-04,DJ Stewart,/mlb/props/dj-stewart/,DET at NYM,PIT,"LF,RF",0.5,+185,+220,+210,,+220,,,+210,,,,,+190,,,,,-250,-274,-300,,-310,,,-300,,,,,-274,,,,
2024-04-04,Jeff McNeil,/mlb/props/jeff-mcneil/,DET at NYM,ATH,"2B,LF,CF,RF",0.5,+175,+230,+180,,+180,,,+175,+230,+230,,,,,,,,-235,-250,-250,,-250,,,-250,-335,-335,,,,,,,
2024-04-04,Spencer Torkelson,/mlb/props/spencer-torkelson-if/,DET at NYM,DET,1B,0.5,+145,+225,+159,,+150,,,+145,+225,+225,,,+159,,,,,-195,-200,-224,,-200,,,-200,-335,-335,,,-224,,,,
2024-04-04,Matt Vierling,/mlb/props/matt-vierling/,DET at NYM,DET,"LF,CF,RF",0.5,+180,+235,+190,,+160,,,+175,+235,+235,,,+190,,,,,-245,-215,-274,,-215,,,-250,-360,-360,,,-274,,,,
2024-04-04,Riley Adams,/mlb/props/riley-adams/,PIT at WSH,WSH,C,0.5,+210,+175,+175,,+175,,,+175,,,,,+165,,,,,-295,-234,-240,,-240,,,-250,,,,,-234,,,,
2024-04-04,Ildemaro Vargas,/mlb/props/ildemaro-vargas/,PIT at WSH,ARI,"1B,2B",0.5,+175,+200,+195,,+195,,,+190,+200,+200,,,+190,,,,,-240,-270,-275,,-270,,,-275,-286,-286,,,-274,,,,
2024-04-04,Rowdy Tellez,/mlb/props/rowdy-tellez/,PIT at WSH,ATL,1B,0.5,+175,+200,+190,,+190,,,+175,+200,+200,,,+178,,,,,-240,-250,-260,,-260,,,-250,-295,-295,,,-254,,,,
2024-04-04,Lane Thomas,/mlb/props/lane-thomas/,PIT at WSH,KC,"LF,CF,RF",0.5,+150,+185,+146,,+145,,,+140,+185,+185,,,+146,,,,,-200,-190,-204,,-195,,,-190,-275,-275,,,-204,,,,
2024-04-04,Jacob Young,/mlb/props/jacob-young/,PIT at WSH,WSH,CF,0.5,+250,+250,+227,,+250,,,,,,,,+227,,,,,-360,-339,-360,,-360,,,,,,,,-339,,,,
2024-04-04,Jesse Winker,/mlb/props/jesse-winker/,PIT at WSH,FA,"LF,RF,DH",0.5,+240,+252,+235,,+235,,,+225,+235,+235,,,+252,,,,,-340,-330,-360,,-330,,,-350,-360,-360,,,-384,,,,
2024-04-04,Eddie Rosario,/mlb/props/eddie-rosario/,PIT at WSH,FA,"LF,CF,RF,DH",0.5,+255,+275,+252,,+275,,,+250,,,,,+252,,,,,-370,-384,-400,,-400,,,-400,,,,,-384,,,,
2024-04-04,Jack Suwinski,/mlb/props/jack-suwinski/,PIT at WSH,LAD,"LF,CF,RF",0.5,+130,+155,+140,,+140,,,+140,+155,+155,,,+139,,,,,-175,-190,-194,,-190,,,-190,-220,-220,,,-194,,,,
2024-04-04,Bryan Reynolds,/mlb/props/bryan-reynolds/,PIT at WSH,PIT,"LF,CF,RF,DH",0.5,+160,+170,+165,,+170,,,+165,+170,+170,,,+165,,,,,-215,-225,-234,,-230,,,-225,-245,-245,,,-234,,,,
2024-04-04,Joey Gallo,/mlb/props/joey-gallo/,PIT at WSH,FA,"1B,LF,CF,RF",0.5,+195,+195,+185,,+195,,,+185,,,,,+184,,,,,-270,-260,-264,,-270,,,-260,,,,,-264,,,,
2024-04-04,Jared Triolo,/mlb/props/jared-triolo/,PIT at WSH,PIT,"1B,2B,3B,SS",0.5,+245,+235,+210,,+235,,,+210,,,,,+208,,,,,-350,-300,-304,,-330,,,-300,,,,,-304,,,,
2024-04-04,Henry Davis,/mlb/props/henry-davis/,PIT at WSH,PIT,C,0.5,+185,+200,+180,,+180,,,+170,+200,+200,,,+172,,,,,-255,-235,-250,,-250,,,-235,-295,-295,,,-244,,,,
2024-04-04,Joey Meneses,/mlb/props/joey-meneses/,PIT at WSH,ATH,1B,0.5,+130,+165,+135,,+135,,,+135,+165,+165,,,+126,,,,,-175,-174,-180,,-180,,,-180,-235,-235,,,-174,,,,
2024-04-04,CJ Abrams,/mlb/props/cj-abrams/,PIT at WSH,WSH,SS,0.5,+245,+235,+215,,+215,,,+200,+235,+235,,,+196,,,,,-360,-284,-300,,-300,,,-285,-360,-360,,,-284,,,,
2024-04-04,Andrew McCutchen,/mlb/props/andrew-mccutchen/,PIT at WSH,FA,"LF,RF,DH",0.5,+160,+170,+165,,+170,,,+165,+170,+170,,,+152,,,,,-220,-214,-225,,-230,,,-225,-240,-240,,,-214,,,,
2024-04-04,Trey Lipscomb,/mlb/props/trey-lipscomb/,PIT at WSH,WSH,3B,0.5,+195,+210,+200,,+210,,,+200,,,,,+196,,,,,-275,-284,-285,,-295,,,-285,,,,,-284,,,,
2024-04-04,Ke'Bryan Hayes,/mlb/props/kebryan-hayes/,PIT at WSH,CIN,3B,0.5,+150,+175,+165,,+165,,,+160,+175,+175,,,+152,,,,,-205,-214,-225,,-225,,,-215,-245,-245,,,-214,,,,
2024-04-04,Keibert Ruiz,/mlb/props/keibert-ruiz/,PIT at WSH,WSH,C,0.5,+155,+170,+165,,+165,,,+165,+170,+170,,,+152,,,,,-210,-214,-225,,-225,,,-225,-240,-240,,,-214,,,,
2024-04-04,Michael A. Taylor,/mlb/props/michael-taylor/,PIT at WSH,FA,"LF,CF,RF",0.5,+240,+225,+213,,+225,,,+210,,,,,+213,,,,,-340,-300,-314,,-320,,,-300,,,,,-314,,,,
2024-04-04,Oneil Cruz,/mlb/props/oneil-cruz-3b/,PIT at WSH,PIT,"CF,DH",0.5,+145,+165,+150,,+150,,,+145,+165,+165,,,+143,,,,,-195,-199,-205,,-205,,,-200,-230,-230,,,-199,,,,
2024-04-04,Josh Naylor,/mlb/props/josh-naylor/,CLE at MIN,SEA,"1B,DH",0.5,+155,+188,+165,,+165,,,+150,+188,+188,,,+152,,,,,-210,-210,-220,,-220,,,-210,-265,-265,,,-214,,,,
2024-04-04,Carlos Correa,/mlb/props/carlos-correa/,CLE at MIN,HOU,"3B,SS",0.5,+195,+190,+185,,+190,,,+185,+188,+188,,,+178,,,,,-270,-254,-260,,-265,,,-260,-265,-265,,,-254,,,,
2024-04-04,Ryan Jeffers,/mlb/props/ryan-jeffers/,CLE at MIN,MIN,"C,DH",0.5,+235,+240,+230,,+240,,,+230,,,,,+219,,,,,-340,-324,-340,,-340,,,-350,,,,,-324,,,,
2024-04-04,Alex Kirilloff,/mlb/props/alex-kirilloff/,CLE at MIN,FA,"1B,LF,RF",0.5,+190,+205,+195,,+195,,,+185,+205,+205,,,+178,,,,,-260,-254,-275,,-275,,,-260,-305,-305,,,-254,,,,
2024-04-04,Christian Vazquez,/mlb/props/christian-vazquez/,CLE at MIN,HOU,C,0.5,+250,+275,+250,,+275,,,+250,,,,,+247,,,,,-360,-374,-400,,-400,,,-400,,,,,-374,,,,
2024-04-04,Steven Kwan,/mlb/props/steven-kwan/,CLE at MIN,CLE,"LF,CF",0.5,+285,+290,+262,,+290,,,+260,+255,+255,,,+262,,,,,-425,-400,-425,,-450,,,-425,-400,-400,,,-404,,,,
2024-04-04,Max Kepler,/mlb/props/max-kepler/,CLE at MIN,ARI,"LF,RF",0.5,+140,+150,+145,,+145,,,+140,+150,+150,,,+139,,,,,-190,-190,-195,,-195,,,-190,-210,-210,,,-194,,,,
2024-04-04,Ramon Laureano,/mlb/props/ramon-laureano/,CLE at MIN,SD,"LF,CF,RF",0.5,+290,+285,+262,,+285,,,+260,,,,,+262,,,,,-425,-404,-425,,-425,,,-425,,,,,-404,,,,
2024-04-04,Will Brennan,/mlb/props/will-brennan/,CLE at MIN,SF,"LF,CF,RF",0.5,+245,+295,+255,,+255,,,+230,+295,+295,,,+247,,,,,-350,-350,-374,,-370,,,-350,-455,-455,,,-374,,,,
2024-04-04,Bo Naylor,/mlb/props/bo-naylor/,CLE at MIN,CLE,C,0.5,+245,+265,+252,,+265,,,+240,,,,,+252,,,,,-350,-375,-384,,-390,,,-375,,,,,-384,,,,
2024-04-04,Willi Castro,/mlb/props/willi-castro/,CLE at MIN,COL,"1B,2B,3B,SS,LF,RF",0.5,+225,+240,+220,,+240,,,+220,,,,,+219,,,,,-320,-324,-330,,-350,,,-330,,,,,-324,,,,
2024-04-04,Tyler Freeman,/mlb/props/tyler-freeman-ss/,CLE at MIN,COL,"2B,RF,DH",0.5,+260,+260,+250,,+260,,,+240,+250,+250,,,+247,,,,,-380,-374,-380,,-380,,,-375,-385,-385,,,-374,,,,
2024-04-04,Matt Wallner,/mlb/props/matt-wallner/,CLE at MIN,MIN,"LF,RF",0.5,+185,+195,+185,,+195,,,+185,,,,,+184,,,,,-260,-260,-264,,-270,,,-260,,,,,-264,,,,
2024-04-04,Andres Gimenez,/mlb/props/andres-giminez/,CLE at MIN,TOR,"2B,SS",0.5,+250,+245,+230,,+245,,,+230,+245,+245,,,+227,,,,,-360,-339,-360,,-360,,,-350,-385,-385,,,-339,,,,
2024-04-04,Carlos Santana,/mlb/props/carlos-santana/,CLE at MIN,ATL,1B,0.5,+205,+210,+200,,+210,,,+200,+200,+200,,,+196,,,,,-290,-284,-285,,-295,,,-285,-295,-295,,,-284,,,,
2024-04-04,Byron Buxton,/mlb/props/byron-buxton/,CLE at MIN,MIN,"CF,DH",0.5,+180,+190,+184,,+185,,,+175,+190,+190,,,+184,,,,,-250,-250,-264,,-255,,,-250,-278,-278,,,-264,,,,
2024-04-04,Edouard Julien,/mlb/props/edouard-julien/,CLE at MIN,COL,"1B,2B,DH",0.5,+265,+285,+262,,+275,,,+250,+285,+285,,,+262,,,,,-380,-400,-404,,-400,,,-400,-435,-435,,,-404,,,,
2024-04-04,Jose Ramirez,/mlb/props/jose-ramirez/,CLE at MIN,CLE,"3B,DH",0.5,+165,+195,+165,,+165,,,+160,+195,+195,,,+152,,,,,-225,-214,-225,,-225,,,-215,-278,-278,,,-214,,,,
2024-04-04,Brayan Rocchio,/mlb/props/brayan-rocchio/,CLE at MIN,CLE,"2B,SS",0.5,+300,+320,+287,,+320,,,+280,,,,,+287,,,,,-450,-450,-454,,-475,,,-450,,,,,-454,,,,
2024-04-04,Nick Gordon,/mlb/props/nick-gordon/,MIA at STL,FA,"2B,LF,CF",0.5,+250,+250,+230,,+250,,,+240,+230,+230,,,+219,,,,,-360,-324,-360,,-360,,,-375,-335,-335,,,-324,,,,
2024-04-04,Willson Contreras,/mlb/props/willson-contreras/,MIA at STL,BOS,1B,0.5,+175,+175,+165,,+175,,,+170,+135,+135,,,+165,,,,,-240,-190,-234,,-240,,,-235,-190,-190,,,-234,,,,
2024-04-04,Bryan De La Cruz,/mlb/props/bryan-de-la-cruz/,MIA at STL,PHI,LF,0.5,+170,+180,+170,,+175,,,+170,+180,+180,,,+165,,,,,-235,-234,-240,,-240,,,-235,-265,-265,,,-234,,,,
2024-04-04,Tim Anderson,/mlb/props/tim-anderson/,MIA at STL,FA,"2B,SS",0.5,+250,+245,+235,,+245,,,+230,+235,+235,,,+227,,,,,-370,-339,-350,,-360,,,-350,-360,-360,,,-339,,,,
2024-04-04,Jake Burger,/mlb/props/jake-burger-3b/,MIA at STL,TEX,1B,0.5,+165,+170,+165,,+170,,,+165,+165,+165,,,+152,,,,,-225,-214,-225,,-230,,,-225,-240,-240,,,-214,,,,
2024-04-04,Victor Scott,/mlb/props/victor-scott/,MIA at STL,STL,CF,0.5,+265,+265,+250,,+265,,,+250,,,,,+247,,,,,-390,-374,-390,,-390,,,-400,,,,,-374,,,,
2024-04-04,Michael Siani,/mlb/props/mike-siani/,MIA at STL,BAL,CF,0.5,+300,+295,+280,,+295,,,+280,,,,,+275,,,,,-450,-429,-450,,-450,,,-450,,,,,-429,,,,
2024-04-04,Brendan Donovan,/mlb/props/brendan-donovan/,MIA at STL,SEA,"2B,3B,SS,LF",0.5,+225,+220,+210,,+220,,,+210,+188,+188,,,+213,,,,,-320,-275,-300,,-310,,,-300,-275,-275,,,-314,,,,
2024-04-04,Jesus Sanchez,/mlb/props/jesus-sanchez/,MIA at STL,TOR,"LF,CF,RF,DH",0.5,+250,+250,+240,,+250,,,+240,+235,+235,,,+227,,,,,-360,-339,-360,,-370,,,-375,-360,-360,,,-339,,,,
2024-04-04,Paul Goldschmidt,/mlb/props/paul-goldschmidt/,MIA at STL,NYY,"1B,DH",0.5,+170,+160,+159,,+155,,,+160,+160,+160,,,+159,,,,,-235,-210,-215,,-210,,,-215,-225,-225,,,-224,,,,
2024-04-04,Jazz Chisholm Jr.,/mlb/props/jasrado-chisholm/,MIA at STL,NYY,"2B,3B",0.5,+195,+178,+170,,+165,,,+175,+170,+170,,,+178,,,,,-265,-230,-240,,-230,,,-250,-240,-240,,,-254,,,,
2024-04-04,Jordan Walker,/mlb/props/jordan-walker/,MIA at STL,STL,"LF,RF",0.5,+195,+205,+190,,+205,,,+190,+185,+185,,,+184,,,,,-275,-264,-275,,-285,,,-275,-265,-265,,,-264,,,,
2024-04-04,Ivan Herrera,/mlb/props/ivan-herrera/,MIA at STL,STL,"C,DH",0.5,+220,+185,+178,,+185,,,+175,+185,+185,,,+178,,,,,-310,-250,-255,,-255,,,-250,-265,-265,,,-254,,,,
2024-04-04,Christian Bethancourt,/mlb/props/christian-bethancourt/,MIA at STL,CHC,C,0.5,+290,+275,+260,,+275,,,+260,,,,,+252,,,,,-425,-384,-400,,-400,,,-425,,,,,-384,,,,
2024-04-04,Nolan Gorman,/mlb/props/nolan-gorman/,MIA at STL,STL,"2B,3B,DH",0.5,+210,+215,+208,,+215,,,+210,+200,+200,,,+208,,,,,-295,-286,-300,,-300,,,-300,-286,-286,,,-304,,,,
2024-04-04,Alec Burleson,/mlb/props/alec-burleson/,MIA at STL,STL,"1B,LF,RF,DH",0.5,+265,+265,+240,,+265,,,+240,,,,,+236,,,,,-390,-354,-375,,-390,,,-375,,,,,-354,,,,
2024-04-04,Nolan Arenado,/mlb/props/nolan-arenado/,MIA at STL,ARI,3B,0.5,+150,+155,+146,,+155,,,+150,+135,+135,,,+146,,,,,-205,-190,-204,,-210,,,-210,-190,-190,,,-204,,,,
2024-04-04,Masyn Winn,/mlb/props/masyn-winn-p/,MIA at STL,STL,SS,0.5,+240,+250,+230,,+250,,,+230,,,,,+219,,,,,-340,-324,-350,,-360,,,-350,,,,,-324,,,,
2024-04-04,Josh Bell,/mlb/props/josh-bell/,MIA at STL,MIN,"1B,DH",0.5,+220,+220,+205,,+220,,,+200,+205,+205,,,+202,,,,,-310,-285,-294,,-310,,,-285,-305,-305,,,-294,,,,
2024-04-04,Luis Arraez,/mlb/props/luis-arraez/,MIA at STL,SF,"1B,2B,DH",0.5,+240,+235,+227,,+235,,,+230,+210,+210,,,+227,,,,,-350,-315,-339,,-340,,,-350,-315,-315,,,-339,,,,
2024-04-04,Jake Rogers,/mlb/props/jake-rogers/,DET at NYM,DET,C,0.5,+202,+202,+200,,,,,+200,,,,,+202,,,,,-294,-285,-294,,,,,-285,,,,,-294,,,,
2024-04-04,Francisco Lindor,/mlb/props/francisco-lindor/,DET at NYM,NYM,SS,0.5,+160,+165,+152,,+145,,,+160,+165,+165,,,+152,,,,,-215,-200,-215,,-200,,,-215,-235,-235,,,-214,,,,
2024-04-04,Kerry Carpenter,/mlb/props/kerry-carpenter/,DET at NYM,DET,"LF,RF,DH",0.5,+170,+185,+170,,+170,,,+165,+185,+185,,,+159,,,,,-230,-224,-230,,-230,,,-225,-275,-275,,,-224,,,,
2024-04-04,Spencer Torkelson,/mlb/props/spencer-torkelson-if/,DET at NYM,DET,1B,0.5,+135,+230,+135,,+135,,,+135,+230,+230,,,+129,,,,,-180,-179,-180,,-180,,,-180,-335,-335,,,-179,,,,
2024-04-04,Zach McKinstry,/mlb/props/zach-mckinstry/,DET at NYM,DET,"2B,3B,SS,LF,RF",0.5,+270,+260,+250,,+260,,,+250,+260,+260,,,+247,,,,,-390,-374,-380,,-380,,,-400,-400,-400,,,-374,,,,
2024-04-04,Harrison Bader,/mlb/props/harrison-bader/,DET at NYM,SF,"LF,CF,RF",0.5,+240,+270,+250,,+250,,,+240,+270,+270,,,+236,,,,,-375,-354,-375,,-360,,,-375,-435,-435,,,-354,,,,
2024-04-04,Pete Alonso,/mlb/props/peter-alonso/,DET at NYM,BAL,"1B,DH",0.5,+130,+155,+130,,+130,,,+130,+155,+155,,,+129,,,,,-175,-175,-179,,-175,,,-175,-220,-220,,,-179,,,,
2024-04-04,Jeff McNeil,/mlb/props/jeff-mcneil/,DET at NYM,ATH,"2B,LF,CF,RF",0.5,+160,+205,+165,,+160,,,+160,+205,+205,,,+165,,,,,-215,-215,-234,,-220,,,-215,-305,-305,,,-234,,,,
2024-04-04,Javier Baez,/mlb/props/javier-baez/,DET at NYM,DET,"2B,3B,SS,CF",0.5,+184,+200,+195,,+195,,,+200,,,,,+184,,,,,-264,-264,-270,,-270,,,-285,,,,,-264,,,,
2024-04-04,Brett Baty,/mlb/props/brett-baty/,DET at NYM,NYM,"1B,2B,3B,RF",0.5,+210,+225,+210,,+190,,,+210,+225,+225,,,+213,,,,,-300,-265,-300,,-265,,,-300,-345,-345,,,-314,,,,
2024-04-04,Omar Narvaez,/mlb/props/omar-narvaez/,DET at NYM,FA,C,0.5,+247,+260,+250,,+260,,,+250,,,,,+247,,,,,-374,-374,-380,,-380,,,-400,,,,,-374,,,,
2024-04-04,Francisco Alvarez,/mlb/props/francisco-alvarez/,DET at NYM,NYM,"C,DH",0.5,+175,+195,+178,,+175,,,+170,+195,+195,,,+178,,,,,-250,-235,-254,,-240,,,-235,-286,-286,,,-254,,,,
2024-04-04,Mark Canha,/mlb/props/mark-canha/,DET at NYM,FA,"LF,RF",0.5,+178,+180,+178,,+180,,,+175,,,,,+178,,,,,-254,-250,-250,,-250,,,-250,,,,,-254,,,,
2024-04-04,Carson Kelly,/mlb/props/carson-kelly/,DET at NYM,CHC,C,0.5,+245,+250,+230,,+230,,,+220,+250,+250,,,+227,,,,,-350,-330,-339,,-330,,,-330,-385,-385,,,-339,,,,
2024-04-04,Gio Urshela,/mlb/props/giovanny-urshela/,DET at NYM,FA,3B,0.5,+240,+240,+230,,+240,,,+220,+230,+230,,,+219,,,,,-340,-324,-340,,-340,,,-330,-360,-360,,,-324,,,,
2024-04-04,Brandon Nimmo,/mlb/props/brandon-nimmo/,DET at NYM,TEX,"LF,CF,RF,DH",0.5,+210,+202,+200,,+190,,,+200,+200,+200,,,+202,,,,,-300,-265,-285,,-265,,,-285,-295,-295,,,-294,,,,
2024-04-04,Tyrone Taylor,/mlb/props/tyrone-taylor/,DET at NYM,NYM,"LF,CF,RF",0.5,+165,+210,+175,,+175,,,+170,+210,+210,,,+165,,,,,-225,-234,-240,,-240,,,-235,-315,-315,,,-234,,,,
2024-04-04,Starling Marte,/mlb/props/starling-marte/,DET at NYM,KC,"LF,RF,DH",0.5,+165,+220,+184,,+165,,,+165,+220,+220,,,+184,,,,,-225,-225,-264,,-225,,,-225,-335,-335,,,-264,,,,
2024-04-04,Matt Vierling,/mlb/props/matt-vierling/,DET at NYM,DET,"LF,CF,RF",0.5,+210,+235,+210,,+210,,,+200,+235,+235,,,+196,,,,,-295,-284,-295,,-295,,,-285,-345,-345,,,-284,,,,
2024-04-04,Colt Keith,/mlb/props/colt-keith/,DET at NYM,DET,"1B,2B,3B,DH",0.5,+185,+185,+175,,+185,,,+175,,,,,+172,,,,,-255,-244,-250,,-255,,,-250,,,,,-244,,,,
2024-04-04,Parker Meadows,/mlb/props/parker-meadows/,DET at NYM,DET,CF,0.5,+230,+245,+235,,+245,,,+220,+235,+235,,,+213,,,,,-330,-314,-330,,-360,,,-330,-345,-345,,,-314,,,,
2024-04-04,Riley Greene,/mlb/props/riley-greene-of/,DET at NYM,DET,"LF,CF,RF,DH",0.5,+190,+190,+185,,+190,,,+185,+185,+185,,,+178,,,,,-260,-254,-260,,-260,,,-260,-275,-275,,,-254,,,,
2024-04-04,Yoan Moncada,/mlb/props/yoan-moncada/,CWS at KC,LAA,3B,0.5,+270,+240,+230,,+230,,,+240,+220,+220,,,+236,,,,,-400,-330,-354,,-330,,,-375,-335,-335,,,-354,,,,
2024-04-04,MJ Melendez,/mlb/props/mj-melendez/,CWS at KC,NYM,"LF,DH",0.5,+165,+170,+165,,+165,,,+165,+170,+170,,,+159,,,,,-230,-224,-225,,-225,,,-225,-245,-245,,,-224,,,,
2024-04-04,Martin Maldonado,/mlb/props/martin-maldonado/,CWS at KC,FA,C,0.5,+330,+340,+311,,+340,,,+300,,,,,+311,,,,,-525,-504,-525,,-525,,,-550,,,,,-504,,,,
2024-04-04,Korey Lee,/mlb/props/korey-lee/,CWS at KC,CWS,C,0.5,+260,+260,+247,,+260,,,+240,,,,,+247,,,,,-380,-374,-375,,-380,,,-375,,,,,-374,,,,
2024-04-04,Nick Loftin,/mlb/props/nick-loftin/,CWS at KC,KC,"2B,3B,LF",0.5,+225,+225,+213,,+225,,,,,,,,+213,,,,,-320,-314,-320,,-320,,,,,,,,-314,,,,
2024-04-04,Nicky Lopez,/mlb/props/nicky-lopez/,CWS at KC,TEX,"2B,3B,SS",0.5,+275,+275,+252,,+275,,,+250,,,,,+252,,,,,-400,-384,-400,,-400,,,-400,,,,,-384,,,,
2024-04-04,Andrew Vaughn,/mlb/props/andrew-vaughn-1b/,CWS at KC,MIL,1B,0.5,+195,+190,+185,,+185,,,+185,+190,+190,,,+178,,,,,-275,-250,-260,,-250,,,-260,-278,-278,,,-254,,,,
2024-04-04,Vinnie Pasquantino,/mlb/props/vinnie-pasquantino/,CWS at KC,KC,"1B,DH",0.5,+135,+145,+140,,+140,,,+140,+145,+145,,,+133,,,,,-185,-184,-190,,-190,,,-190,-200,-200,,,-184,,,,
2024-04-04,Salvador Perez,/mlb/props/salvador-perez/,CWS at KC,KC,"C,1B,DH",0.5,+115,+123,+115,,+115,,,+115,+123,+123,,,+106,,,,,-155,-145,-150,,-150,,,-150,-167,-167,,,-145,,,,
2024-04-04,Andrew Benintendi,/mlb/props/andrew-benintendi/,CWS at KC,CWS,"LF,DH",0.5,+285,+250,+236,,+250,,,+230,+230,+230,,,+236,,,,,-425,-350,-354,,-360,,,-350,-360,-360,,,-354,,,,
2024-04-04,Hunter Renfroe,/mlb/props/hunter-renfroe/,CWS at KC,FA,RF,0.5,+195,+195,+185,,+195,,,+190,+185,+185,,,+178,,,,,-275,-254,-265,,-275,,,-275,-265,-265,,,-254,,,,
2024-04-04,Kyle Isbel,/mlb/props/kyle-isbel/,CWS at KC,KC,CF,0.5,+240,+245,+230,,+245,,,+230,,,,,+227,,,,,-340,-339,-350,,-360,,,-350,,,,,-339,,,,
2024-04-04,Dominic Fletcher,/mlb/props/dominic-fletcher/,CWS at KC,PIT,"CF,RF",0.5,+250,+250,+230,,+230,,,+220,+250,+250,,,+219,,,,,-360,-320,-330,,-320,,,-330,-385,-385,,,-324,,,,
2024-04-04,Gavin Sheets,/mlb/props/gavin-sheets/,CWS at KC,SD,"1B,LF,RF,DH",0.5,+225,+200,+190,,+185,,,+200,+185,+185,,,+190,,,,,-320,-255,-274,,-255,,,-285,-275,-275,,,-274,,,,
2024-04-04,Adam Frazier,/mlb/props/adam-frazier/,CWS at KC,LAA,"2B,LF,RF",0.5,+240,+240,+230,,+240,,,+230,+230,+230,,,+227,,,,,-340,-339,-350,,-350,,,-350,-360,-360,,,-339,,,,
2024-04-04,Maikel Garcia,/mlb/props/maikel-garcia/,CWS at KC,KC,"2B,3B,SS,OF",0.5,+200,+195,+190,,+195,,,+185,+190,+190,,,+184,,,,,-280,-260,-264,,-275,,,-260,-278,-278,,,-264,,,,
2024-04-04,Luis Robert Jr.,/mlb/props/luis-robert/,CWS at KC,NYM,CF,0.5,+175,+160,+155,,+150,,,+160,+155,+155,,,+159,,,,,-235,-200,-215,,-200,,,-215,-215,-215,,,-224,,,,
2024-04-04,Bobby Witt Jr.,/mlb/props/bobby-witt-jr/,CWS at KC,KC,SS,0.5,+135,+135,+135,,+135,,,+135,+135,+135,,,+133,,,,,-180,-180,-184,,-180,,,-180,-186,-186,,,-184,,,,
2024-04-04,Nelson Velazquez,/mlb/props/nelson-velazquez/,CWS at KC,STL,"LF,RF,DH",0.5,+205,+180,+175,,+180,,,+175,,,,,+172,,,,,-285,-244,-250,,-250,,,-250,,,,,-244,,,,
2024-04-04,Braden Shewmake,/mlb/props/braden-shewmake/,CWS at KC,HOU,"2B,3B,SS",0.5,+260,+250,+245,,+245,,,+230,+250,+250,,,+227,,,,,-380,-339,-360,,-360,,,-350,-385,-385,,,-339,,,,
2024-04-05,Jose Trevino,/mlb/props/jose-trevino/,TOR at NYY,CIN,C,0.5,+255,+245,+220,,+245,,,+220,+210,+210,,,+219,,,,,-380,-315,-330,,-350,,,-330,-315,-315,,,-324,,,,
2024-04-05,George Springer,/mlb/props/george-springer/,TOR at NYY,TOR,"LF,CF,RF,DH",0.5,+235,+220,+215,,+220,,,+200,+215,+215,,,+202,,,,,-340,-285,-294,,-310,,,-285,-315,-315,,,-294,,,,
2024-04-05,Justin Turner,/mlb/props/justin-turner/,TOR at NYY,FA,"1B,3B",0.5,+190,+190,+185,,+190,,,+185,+175,+175,,,+178,,,,,-265,-250,-260,,-265,,,-260,-250,-250,,,-254,,,,
2024-04-05,Juan Soto,/mlb/props/juan-soto/,TOR at NYY,NYM,"LF,RF,DH",0.5,+210,+210,+196,,+210,,,+190,+195,+195,,,+196,,,,,-295,-275,-284,,-295,,,-275,-286,-286,,,-284,,,,
2024-04-05,Cavan Biggio,/mlb/props/cavan-biggio/,TOR at NYY,HOU,"1B,2B,RF",0.5,+330,+275,+252,,+275,,,+250,,,,,+252,,,,,-525,-384,-400,,-400,,,-400,,,,,-384,,,,
2024-04-05,Bo Bichette,/mlb/props/bo-bichette/,TOR at NYY,NYM,"3B,SS",0.5,+210,+210,+196,,+210,,,+190,+205,+205,,,+196,,,,,-295,-275,-284,,-295,,,-275,-295,-295,,,-284,,,,
2024-04-05,Anthony Rizzo,/mlb/props/anthony-rizzo/,TOR at NYY,FA,1B,0.5,+210,+200,+190,,+200,,,+190,+188,+188,,,+190,,,,,-300,-265,-274,,-280,,,-275,-265,-265,,,-274,,,,
2024-04-05,Anthony Volpe,/mlb/props/anthony-volpe/,TOR at NYY,NYY,SS,0.5,+235,+235,+219,,+235,,,+210,+195,+195,,,+219,,,,,-330,-286,-300,,-330,,,-300,-286,-286,,,-324,,,,
2024-04-05,Daulton Varsho,/mlb/props/daulton-varsho/,TOR at NYY,TOR,"LF,CF",0.5,+200,+230,+220,,+230,,,+220,+205,+205,,,+213,,,,,-275,-305,-314,,-330,,,-330,-305,-305,,,-314,,,,
2024-04-05,Isiah Kiner-Falefa,/mlb/props/isiah-kiner-falefa/,TOR at NYY,BOS,"2B,3B,SS",0.5,+330,+310,+275,,+310,,,+280,+235,+235,,,+275,,,,,-525,-360,-429,,-475,,,-450,-360,-360,,,-429,,,,
2024-04-05,Kevin Kiermaier,/mlb/props/kevin-kiermaier/,TOR at NYY,FA,CF,0.5,+285,+270,+250,,+270,,,+250,+240,+240,,,+247,,,,,-425,-374,-375,,-400,,,-400,-375,-375,,,-374,,,,
2024-04-05,Vladimir Guerrero Jr.,/mlb/props/vladimir-guerrero-jr/,TOR at NYY,TOR,"1B,DH",0.5,+200,+200,+190,,+200,,,+190,+200,+200,,,+190,,,,,-280,-274,-280,,-280,,,-275,-286,-286,,,-274,,,,
2024-04-05,Alex Verdugo,/mlb/props/alex-verdugo/,TOR at NYY,FA,"LF,RF",0.5,+255,+255,+240,,+255,,,+240,+235,+235,,,+236,,,,,-370,-345,-354,,-370,,,-375,-345,-345,,,-354,,,,
2024-04-05,Alejandro Kirk,/mlb/props/alejandro-kirk/,TOR at NYY,TOR,C,0.5,+240,+250,+227,,+250,,,+230,+190,+190,,,+227,,,,,-340,-278,-339,,-360,,,-350,-278,-278,,,-339,,,,
2024-04-05,Aaron Judge,/mlb/props/aaron-judge/,TOR at NYY,NYY,"LF,CF,RF,DH",0.5,+120,+120,+115,,+120,,,+115,+115,+115,,,+114,,,,,-160,-150,-157,,-160,,,-150,-157,-157,,,-157,,,,
2024-04-05,Davis Schneider,/mlb/props/davis-schneider/,TOR at NYY,TOR,"2B,LF",0.5,+300,+245,+230,,+245,,,+230,,,,,+227,,,,,-450,-339,-350,,-350,,,-350,,,,,-339,,,,
2024-04-05,Giancarlo Stanton,/mlb/props/giancarlo-stanton/,TOR at NYY,NYY,"LF,RF,DH",0.5,+140,+140,+135,,+140,,,+135,+123,+123,,,+136,,,,,-185,-167,-180,,-185,,,-180,-167,-167,,,-189,,,,
2024-04-05,Gleyber Torres,/mlb/props/gleyber-torres/,TOR at NYY,DET,2B,0.5,+185,+185,+175,,+175,,,+170,+185,+185,,,+172,,,,,-260,-235,-244,,-240,,,-235,-265,-265,,,-244,,,,
2024-04-05,Oswaldo Cabrera,/mlb/props/oswaldo-cabrera/,TOR at NYY,NYY,3B,0.5,+245,+245,+230,,+245,,,+230,,,,,+227,,,,,-350,-339,-350,,-350,,,-350,,,,,-339,,,,
2024-04-05,Jon Berti,/mlb/props/jon-berti/,TOR at NYY,FA,"2B,3B",0.5,+255,+255,+245,,+255,,,+240,+245,+245,,,+236,,,,,-370,-354,-370,,-370,,,-375,-385,-385,,,-354,,,,
2024-04-05,Tyler Nevin,/mlb/props/tyler-nevin/,ATH at DET,FA,"1B,3B,LF,RF",0.5,+330,+330,+300,,+330,,,+300,+295,+295,,,+300,,,,,-525,-479,-500,,-525,,,-550,-500,-500,,,-479,,,,
2024-04-05,Riley Greene,/mlb/props/riley-greene-of/,ATH at DET,DET,"LF,CF,RF,DH",0.5,+210,+210,+190,,+210,,,+190,+190,+190,,,+184,,,,,-295,-264,-278,,-295,,,-275,-278,-278,,,-264,,,,
2024-04-05,Shea Langeliers,/mlb/props/shea-langeliers/,ATH at DET,ATH,"C,DH",0.5,+280,+295,+262,,+295,,,+250,+250,+250,,,+262,,,,,-450,-385,-404,,-450,,,-400,-385,-385,,,-404,,,,
2024-04-05,Nick Allen,/mlb/props/nick-allen-ss/,ATH at DET,HOU,"2B,3B,SS",0.5,+340,+370,+345,,+370,,,+360,+310,+310,,,+345,,,,,-650,-530,-600,,-600,,,-700,-530,-530,,,-579,,,,
2024-04-05,Jake Rogers,/mlb/props/jake-rogers/,ATH at DET,DET,C,0.5,+195,+195,+185,,+185,,,+175,+195,+195,,,+184,,,,,-270,-250,-264,,-260,,,-250,-286,-286,,,-264,,,,
2024-04-05,Abraham Toro,/mlb/props/abraham-toro/,ATH at DET,KC,"1B,2B,3B",0.5,+300,+330,+310,,+330,,,+300,+310,+310,,,+300,,,,,-550,-479,-500,,-500,,,-550,-530,-530,,,-479,,,,
2024-04-05,Colt Keith,/mlb/props/colt-keith/,ATH at DET,DET,"1B,2B,3B,DH",0.5,+230,+205,+196,,+205,,,+190,,,,,+196,,,,,-320,-275,-284,,-290,,,-275,,,,,-284,,,,
2024-04-05,Javier Baez,/mlb/props/javier-baez/,ATH at DET,DET,"2B,3B,SS,CF",0.5,+200,+195,+185,,+195,,,+185,+190,+190,,,+178,,,,,-280,-254,-270,,-270,,,-260,-278,-278,,,-254,,,,
2024-04-05,Mark Canha,/mlb/props/mark-canha/,ATH at DET,FA,"LF,RF",0.5,+195,+195,+184,,+195,,,+175,+190,+190,,,+184,,,,,-270,-250,-264,,-270,,,-250,-278,-278,,,-264,,,,
2024-04-05,Parker Meadows,/mlb/props/parker-meadows/,ATH at DET,DET,CF,0.5,+290,+290,+275,,+290,,,+260,,,,,+275,,,,,-450,-425,-429,,-450,,,-425,,,,,-429,,,,
2024-04-05,J.D. Davis,/mlb/props/jd-davis/,ATH at DET,FA,"1B,3B",0.5,+300,+310,+280,,+310,,,+280,+280,+280,,,+275,,,,,-500,-429,-450,,-475,,,-450,-455,-455,,,-429,,,,
2024-04-05,Andy Ibanez,/mlb/props/andy-ibanez/,ATH at DET,NYM,"2B,3B",0.5,+170,+170,+165,,+170,,,+165,+155,+155,,,+159,,,,,-230,-220,-225,,-230,,,-225,-220,-220,,,-224,,,,
2024-04-05,Spencer Torkelson,/mlb/props/spencer-torkelson-if/,ATH at DET,DET,1B,0.5,+135,+135,+130,,+135,,,+130,+130,+130,,,+129,,,,,-180,-175,-179,,-180,,,-175,-182,-182,,,-179,,,,
2024-04-05,Darell Hernaiz,/mlb/props/darell-hernaiz/,ATH at DET,ATH,"2B,3B,SS",0.5,+320,+360,+323,,+360,,,+340,+300,+300,,,+323,,,,,-600,-500,-575,,-575,,,-650,-500,-500,,,-529,,,,
2024-04-05,Zack Gelof,/mlb/props/zack-gelof/,ATH at DET,ATH,"2B,3B,CF",0.5,+300,+340,+300,,+340,,,+300,+290,+290,,,+287,,,,,-550,-454,-480,,-525,,,-500,-480,-480,,,-454,,,,
2024-04-05,JJ Bleday,/mlb/props/jj-bleday/,ATH at DET,CIN,"LF,CF,RF,DH",0.5,+340,+360,+310,,+360,,,+300,+310,+310,,,+300,,,,,-650,-479,-530,,-575,,,-550,-530,-530,,,-479,,,,
2024-04-05,Gio Urshela,/mlb/props/giovanny-urshela/,ATH at DET,FA,3B,0.5,+160,+188,+160,,+160,,,+160,+188,+188,,,+152,,,,,-220,-214,-220,,-220,,,-215,-265,-265,,,-214,,,,
2024-04-05,Matt Vierling,/mlb/props/matt-vierling/,ATH at DET,DET,"LF,CF,RF",0.5,+200,+200,+190,,+200,,,+190,+185,+185,,,+190,,,,,-280,-274,-275,,-280,,,-275,-275,-275,,,-274,,,,
2024-04-05,Lawrence Butler,/mlb/props/lawrence-butler/,ATH at DET,ATH,"CF,RF",0.5,+360,+390,+360,,+390,,,+360,,,,,+345,,,,,-700,-579,-650,,-650,,,-700,,,,,-579,,,,
2024-04-05,Brent Rooker,/mlb/props/brent-rooker/,ATH at DET,ATH,"LF,RF,DH",0.5,+250,+270,+240,,+270,,,+240,+240,+240,,,+236,,,,,-400,-354,-375,,-390,,,-375,-375,-375,,,-354,,,,
2024-04-05,Mookie Betts,/mlb/props/mookie-betts/,LAD at CHC,LAD,SS,0.5,+180,+175,+165,,+165,,,+165,+170,+175,,,+152,,,,,-250,-214,-225,,-220,,,-225,-245,-250,,,-214,,,,
2024-04-05,Mike Tauchman,/mlb/props/mike-tauchman/,LAD at CHC,NYM,"LF,CF,RF",0.5,+310,+310,+280,,+310,,,+280,,,,,+275,,,,,-475,-429,-450,,-475,,,-450,,,,,-429,,,,
2024-04-05,Max Muncy,/mlb/props/max-muncy/,LAD at CHC,LAD,3B,0.5,+150,+165,+150,,+150,,,+145,+165,+165,,,+139,,,,,-200,-194,-200,,-200,,,-200,-230,-235,,,-194,,,,
2024-04-05,Dansby Swanson,/mlb/props/dansby-swanson/,LAD at CHC,CHC,SS,0.5,+230,+260,+230,,+240,,,+230,+250,+260,,,+219,,,,,-330,-324,-350,,-350,,,-350,-385,-400,,,-324,,,,
2024-04-05,Nick Madrigal,/mlb/props/nick-madrigal/,LAD at CHC,TB,"2B,3B",0.5,+270,+270,+250,,+270,,,+250,,,,,+236,,,,,-400,-354,-400,,-400,,,-400,,,,,-354,,,,
2024-04-05,Chris Taylor,/mlb/props/chris-taylor/,LAD at CHC,FA,"2B,LF,CF,RF",0.5,+235,+235,+220,,+235,,,+220,,,,,+219,,,,,-340,-324,-330,,-340,,,-330,,,,,-324,,,,
2024-04-05,Freddie Freeman,/mlb/props/freddie-freeman/,LAD at CHC,LAD,1B,0.5,+140,+145,+140,,+140,,,+145,+140,+143,,,+133,,,,,-190,-184,-190,,-190,,,-200,-195,-200,,,-184,,,,
2024-04-05,Seiya Suzuki,/mlb/props/seiya-suzuki/,LAD at CHC,CHC,"LF,RF,DH",0.5,+230,+265,+240,,+240,,,+230,+265,+265,,,+213,,,,,-330,-314,-350,,-340,,,-350,-420,-420,,,-314,,,,
2024-04-05,Gavin Lux,/mlb/props/gavin-lux/,LAD at CHC,TB,"2B,3B,LF,DH",0.5,+265,+250,+245,,+250,,,+240,+245,+250,,,+236,,,,,-380,-354,-360,,-360,,,-375,-375,-385,,,-354,,,,
2024-04-05,Nico Hoerner,/mlb/props/nico-hoerner/,LAD at CHC,CHC,"2B,SS",0.5,+270,+290,+260,,+280,,,+260,+285,+290,,,+252,,,,,-400,-384,-425,,-425,,,-425,-455,-480,,,-384,,,,
2024-04-05,Ian Happ,/mlb/props/ian-happ/,LAD at CHC,CHC,LF,0.5,+240,+300,+250,,+250,,,+240,+295,+300,,,+227,,,,,-350,-339,-375,,-370,,,-375,-500,-500,,,-339,,,,
2024-04-05,James Outman,/mlb/props/james-outman/,LAD at CHC,DET,"LF,CF,RF",0.5,+215,+230,+215,,+215,,,+210,+230,+225,,,+202,,,,,-310,-294,-310,,-310,,,-300,-345,-345,,,-294,,,,
2024-04-05,Teoscar Hernandez,/mlb/props/teoscar-hernandez/,LAD at CHC,LAD,"LF,RF",0.5,+175,+188,+170,,+175,,,+170,+175,+188,,,+165,,,,,-240,-234,-240,,-240,,,-235,-250,-265,,,-234,,,,
2024-04-05,Cody Bellinger,/mlb/props/cody-bellinger/,LAD at CHC,NYY,"LF,CF,RF",0.5,+205,+235,+200,,+200,,,+190,+235,+230,,,+190,,,,,-285,-274,-280,,-280,,,-275,-360,-360,,,-274,,,,
2024-04-05,Shohei Ohtani,/mlb/props/shohei-ohtani/,LAD at CHC,LAD,"SP,DH",0.5,+140,+145,+135,,+135,,,+140,+138,+145,,,+129,,,,,-185,-179,-190,,-180,,,-190,-195,-200,,,-179,,,,
2024-04-05,Yan Gomes,/mlb/props/yan-gomes/,LAD at CHC,FA,C,0.5,+240,+275,+230,,+240,,,+230,+250,+275,,,+219,,,,,-350,-324,-350,,-350,,,-350,-385,-420,,,-324,,,,
2024-04-05,Enrique Hernandez,/mlb/props/enrique-hernandez/,LAD at CHC,LAD,"1B,2B,3B,LF",0.5,+215,+215,+200,,+215,,,+200,,,,,+190,,,,,-300,-274,-285,,-300,,,-285,,,,,-274,,,,
2024-04-05,Will Smith,/mlb/props/will-smith-c/,LAD at CHC,LAD,C,0.5,+135,+145,+135,,+135,,,+135,+138,+145,,,+133,,,,,-180,-180,-184,,-180,,,-180,-195,-200,,,-184,,,,
2024-04-05,Christopher Morel,/mlb/props/christopher-morel/,LAD at CHC,MIA,"1B,LF,DH",0.5,+205,+230,+205,,+205,,,+200,+225,+230,,,+196,,,,,-290,-284,-290,,-290,,,-285,-345,-345,,,-284,,,,
2024-04-05,Michael Busch,/mlb/props/michael-busch-2b/,LAD at CHC,CHC,1B,0.5,+260,+330,+250,,+270,,,+250,+275,+330,,,+236,,,,,-380,-354,-400,,-400,,,-400,-435,-530,,,-354,,,,
2024-04-05,Randy Arozarena,/mlb/props/randy-arozarena/,TB at COL,SEA,"LF,CF",0.5,-115,-115,-120,,-120,,,-120,-124,-124,,,-115,,,,,-115,-110,-110,,-110,,,-110,-110,-110,,,-119,,,,
2024-04-05,Curtis Mead,/mlb/props/curtis-meade/,TB at COL,WSH,"1B,2B,3B",0.5,+125,+123,+123,,+120,,,,+123,+123,,,+123,,,,,-170,-160,-167,,-160,,,,-167,-167,,,-169,,,,
2024-04-05,Ezequiel Tovar,/mlb/props/ezequiel-tovar/,TB at COL,COL,SS,0.5,+155,+148,+145,,+145,,,+140,+148,+148,,,+146,,,,,-210,-190,-204,,-195,,,-190,-210,-210,,,-204,,,,
2024-04-05,Jose Caballero,/mlb/props/jose-caballero/,TB at COL,NYY,"2B,3B,SS,LF,RF",0.5,+145,+150,+150,,+150,,,+150,,,,,+139,,,,,-195,-194,-205,,-205,,,-210,,,,,-194,,,,
2024-04-05,Charlie Blackmon,/mlb/props/charlie-blackmon/,TB at COL,FA,"RF,DH",0.5,+145,+155,+140,,+140,,,+140,+155,+155,,,+133,,,,,-195,-184,-190,,-190,,,-190,-225,-225,,,-184,,,,
2024-04-05,Nolan Jones,/mlb/props/nolan-jones-3b/,TB at COL,CWS,"LF,CF,RF",0.5,+125,+120,+120,,+120,,,+120,+120,+120,,,+120,,,,,-170,-160,-162,,-160,,,-160,-162,-162,,,-166,,,,
2024-04-05,Harold Ramirez,/mlb/props/harold-ramirez-of/,TB at COL,FA,"LF,RF,DH",0.5,+125,+130,+123,,+130,,,+130,+120,+120,,,+123,,,,,-170,-162,-169,,-170,,,-175,-162,-162,,,-169,,,,
2024-04-05,Elehuris Montero,/mlb/props/elehuris-montero-3b/,TB at COL,FA,"1B,3B",0.5,+140,+140,+135,,+140,,,+135,+140,+140,,,+133,,,,,-190,-180,-185,,-185,,,-180,-195,-195,,,-184,,,,
2024-04-05,Kris Bryant,/mlb/props/kris-bryant/,TB at COL,COL,DH,0.5,+115,+110,+108,,+110,,,+110,+107,+107,,,+108,,,,,-150,-140,-143,,-150,,,-140,-143,-143,,,-148,,,,
2024-04-05,Elias Diaz,/mlb/props/elias-diaz/,TB at COL,TEX,C,0.5,+140,+136,+135,,+135,,,+135,+130,+130,,,+136,,,,,-185,-180,-185,,-185,,,-180,-180,-180,,,-189,,,,
2024-04-05,Rene Pinto,/mlb/props/rene-pinto/,TB at COL,PHI,C,0.5,+160,+150,+146,,+150,,,+145,,,,,+146,,,,,-220,-200,-204,,-205,,,-200,,,,,-204,,,,
2024-04-05,Brendan Rodgers,/mlb/props/brendan-rodgers/,TB at COL,BOS,2B,0.5,+145,+155,+145,,+145,,,+140,+155,+155,,,+139,,,,,-195,-190,-195,,-195,,,-190,-215,-215,,,-194,,,,
2024-04-05,Brenton Doyle,/mlb/props/brenton-doyle/,TB at COL,COL,CF,0.5,+175,+175,+165,,+165,,,+165,+175,+175,,,+159,,,,,-240,-224,-225,,-225,,,-225,-250,-250,,,-224,,,,
2024-04-05,Michael Toglia,/mlb/props/mike-toglia/,TB at COL,CIN,1B,0.5,+145,+145,+140,,+145,,,+140,,,,,+139,,,,,-195,-190,-194,,-195,,,-190,,,,,-194,,,,
2024-04-05,Isaac Paredes,/mlb/props/isaac-paredes/,TB at COL,HOU,"1B,3B,DH",0.5,-110,-109,-110,,-110,,,-110,-125,-125,,,-109,,,,,-120,-109,-120,,-120,,,-120,-109,-109,,,-125,,,,
2024-04-05,Yandy Diaz,/mlb/props/yandy-diaz/,TB at COL,TB,"1B,DH",0.5,+125,+125,+118,,+125,,,+125,+105,+105,,,+118,,,,,-170,-143,-163,,-165,,,-165,-143,-143,,,-163,,,,
2024-04-05,Jose Siri,/mlb/props/jose-siri/,TB at COL,LAA,"LF,CF",0.5,+130,+125,+125,,+125,,,+125,,,,,+118,,,,,-170,-163,-165,,-165,,,-165,,,,,-163,,,,
2024-04-05,Ryan McMahon,/mlb/props/ryan-mcmahon/,TB at COL,NYY,3B,0.5,+125,+125,+123,,+125,,,+125,+123,+123,,,+123,,,,,-170,-165,-167,,-170,,,-165,-167,-167,,,-169,,,,
2024-04-05,Amed Rosario,/mlb/props/amed-rosario/,TB at COL,NYY,"2B,3B,OF",0.5,+105,+106,+105,,+105,,,+105,+102,+102,,,+106,,,,,-140,-135,-140,,-140,,,-135,-139,-139,,,-145,,,,
2024-04-05,Jordan Westburg,/mlb/props/jordan-westburg/,BAL at PIT,BAL,"2B,3B",0.5,+235,+230,+213,,+230,,,+210,+210,+210,,,+213,,,,,-340,-300,-314,,-320,,,-300,-315,-315,,,-314,,,,
2024-04-05,Jack Suwinski,/mlb/props/jack-suwinski/,BAL at PIT,LAD,"LF,CF,RF",0.5,+205,+210,+196,,+210,,,+190,+190,+190,,,+196,,,,,-290,-275,-284,,-295,,,-275,-278,-278,,,-284,,,,
2024-04-05,Bryan Reynolds,/mlb/props/bryan-reynolds/,BAL at PIT,PIT,"LF,CF,RF,DH",0.5,+240,+240,+227,,+240,,,+230,+215,+215,,,+227,,,,,-340,-315,-339,,-340,,,-350,-315,-315,,,-339,,,,
2024-04-05,Cedric Mullins II,/mlb/props/cedric-mullins/,BAL at PIT,TB,CF,0.5,+230,+220,+205,,+205,,,+190,+220,+220,,,+190,,,,,-330,-274,-285,,-285,,,-275,-335,-335,,,-274,,,,
2024-04-05,Adley Rutschman,/mlb/props/adley-rutschman/,BAL at PIT,BAL,"C,DH",0.5,+195,+195,+185,,+195,,,+185,+170,+170,,,+190,,,,,-270,-245,-260,,-270,,,-260,-245,-245,,,-274,,,,
2024-04-05,Michael A. Taylor,/mlb/props/michael-taylor/,BAL at PIT,FA,"LF,CF,RF",0.5,+300,+310,+300,,+310,,,+300,+285,+285,,,+287,,,,,-475,-435,-475,,-475,,,-500,-435,-435,,,-454,,,,
2024-04-05,Rowdy Tellez,/mlb/props/rowdy-tellez/,BAL at PIT,ATL,1B,0.5,+265,+270,+250,,+270,,,+250,+225,+225,,,+252,,,,,-390,-335,-384,,-390,,,-400,-335,-335,,,-384,,,,
2024-04-05,Henry Davis,/mlb/props/henry-davis/,BAL at PIT,PIT,C,0.5,+240,+245,+230,,+245,,,+230,+235,+235,,,+213,,,,,-340,-314,-350,,-350,,,-350,-360,-360,,,-314,,,,
2024-04-05,Gunnar Henderson,/mlb/props/gunnar-henderson/,BAL at PIT,BAL,"SS,DH",0.5,+195,+195,+180,,+180,,,+170,+195,+195,,,+172,,,,,-265,-235,-250,,-250,,,-235,-286,-286,,,-244,,,,
2024-04-05,Ryan O'Hearn,/mlb/props/ryan-ohearn/,BAL at PIT,PIT,"1B,LF,RF,DH",0.5,+195,+200,+190,,+200,,,+190,+180,+180,,,+184,,,,,-270,-250,-264,,-280,,,-275,-250,-250,,,-264,,,,
2024-04-05,Ke'Bryan Hayes,/mlb/props/kebryan-hayes/,BAL at PIT,CIN,3B,0.5,+200,+210,+205,,+210,,,+190,+205,+205,,,+190,,,,,-280,-274,-275,,-295,,,-275,-295,-295,,,-274,,,,
2024-04-05,Anthony Santander,/mlb/props/anthony-santander/,BAL at PIT,TOR,"LF,RF,DH",0.5,+135,+145,+143,,+145,,,+135,+143,+143,,,+136,,,,,-185,-180,-189,,-190,,,-180,-200,-200,,,-189,,,,
2024-04-05,Ramon Urias,/mlb/props/ramon-urias/,BAL at PIT,STL,"2B,3B",0.5,+265,+255,+240,,+255,,,+240,,,,,+236,,,,,-390,-354,-370,,-370,,,-375,,,,,-354,,,,
2024-04-05,Andrew McCutchen,/mlb/props/andrew-mccutchen/,BAL at PIT,FA,"LF,RF,DH",0.5,+210,+215,+210,,+215,,,+200,+210,+210,,,+202,,,,,-300,-285,-294,,-300,,,-285,-305,-305,,,-294,,,,
2024-04-05,Jared Triolo,/mlb/props/jared-triolo/,BAL at PIT,PIT,"1B,2B,3B,SS",0.5,+275,+285,+262,,+280,,,+250,+285,+285,,,+262,,,,,-400,-400,-425,,-425,,,-400,-435,-435,,,-404,,,,
2024-04-05,Ryan Mountcastle,/mlb/props/ryan-mountcastle/,BAL at PIT,BAL,"1B,DH",0.5,+155,+150,+146,,+150,,,+145,+145,+145,,,+146,,,,,-210,-200,-204,,-205,,,-200,-205,-205,,,-204,,,,
2024-04-05,Austin Hays,/mlb/props/austin-hays/,BAL at PIT,CWS,"LF,DH",0.5,+205,+205,+200,,+205,,,+200,+205,+205,,,+190,,,,,-285,-274,-285,,-285,,,-285,-295,-295,,,-274,,,,
2024-04-05,Colton Cowser,/mlb/props/colton-cowser/,BAL at PIT,BAL,"LF,CF,RF",0.5,+265,+270,+250,,+270,,,+250,+230,+230,,,+247,,,,,-390,-335,-374,,-400,,,-400,-335,-335,,,-374,,,,
2024-04-05,Oneil Cruz,/mlb/props/oneil-cruz-3b/,BAL at PIT,PIT,"CF,DH",0.5,+235,+245,+230,,+245,,,+230,+215,+215,,,+219,,,,,-340,-315,-324,,-350,,,-350,-315,-315,,,-324,,,,
2024-04-05,Matt Chapman,/mlb/props/matt-chapman/,SD at SF,SF,3B,0.5,+185,+195,+185,,+195,,,+185,+185,+185,,,+184,,,,,-260,-260,-265,,-270,,,-260,-265,-265,,,-264,,,,
2024-04-05,Ha-Seong Kim,/mlb/props/ha-seong-kim/,SD at SF,ATL,"2B,SS",0.5,+200,+235,+220,,+220,,,+210,+235,+235,,,+196,,,,,-285,-284,-310,,-310,,,-300,-360,-360,,,-284,,,,
2024-04-05,Jake Cronenworth,/mlb/props/jacob-cronenworth/,SD at SF,SD,"1B,2B,SS",0.5,+170,+180,+172,,+180,,,+170,+180,+180,,,+172,,,,,-235,-235,-244,,-250,,,-235,-250,-250,,,-244,,,,
2024-04-05,Jurickson Profar,/mlb/props/jurickson-profar/,SD at SF,ATL,LF,0.5,+190,+230,+200,,+200,,,+190,+230,+230,,,+178,,,,,-275,-254,-280,,-280,,,-275,-335,-335,,,-254,,,,
2024-04-05,Jorge Soler,/mlb/props/jorge-soler/,SD at SF,LAA,"RF,DH",0.5,+175,+185,+178,,+185,,,+175,+185,+185,,,+178,,,,,-250,-250,-254,,-250,,,-250,-265,-265,,,-254,,,,
2024-04-05,Michael Conforto,/mlb/props/michael-conforto/,SD at SF,CHC,"LF,RF,DH",0.5,+200,+215,+202,,+215,,,+200,+195,+195,,,+202,,,,,-285,-278,-285,,-300,,,-285,-278,-278,,,-294,,,,
2024-04-05,Nick Ahmed,/mlb/props/nick-ahmed/,SD at SF,FA,SS,0.5,+280,+295,+280,,+295,,,+280,+280,+280,,,+262,,,,,-450,-404,-450,,-450,,,-450,-455,-455,,,-404,,,,
2024-04-05,Jackson Merrill,/mlb/props/jackson-merrill/,SD at SF,SD,CF,0.5,+200,+225,+220,,+225,,,+220,,,,,+213,,,,,-285,-314,-320,,-320,,,-330,,,,,-314,,,,
2024-04-05,Mike Yastrzemski,/mlb/props/michael-yastrzemski/,SD at SF,ATL,"LF,CF,RF",0.5,+210,+235,+215,,+215,,,+210,+235,+235,,,+213,,,,,-300,-300,-314,,-310,,,-300,-360,-360,,,-314,,,,
2024-04-05,Luis Campusano,/mlb/props/luis-campusano/,SD at SF,SD,"C,DH",0.5,+185,+195,+190,,+190,,,+190,+195,+195,,,+184,,,,,-260,-264,-275,,-265,,,-275,-286,-286,,,-264,,,,
2024-04-05,LaMonte Wade Jr.,/mlb/props/lamonte-wade/,SD at SF,HOU,"1B,RF",0.5,+230,+260,+247,,+260,,,+240,+245,+245,,,+247,,,,,-350,-374,-380,,-380,,,-375,-385,-385,,,-374,,,,
2024-04-05,Tyler Wade,/mlb/props/tyler-wade/,SD at SF,FA,"2B,LF,CF",0.5,+280,+300,+280,,+300,,,+280,,,,,+275,,,,,-450,-429,-450,,-450,,,-450,,,,,-429,,,,
2024-04-05,Manny Machado,/mlb/props/manny-machado/,SD at SF,SD,"3B,DH",0.5,+140,+163,+150,,+150,,,+145,+163,+163,,,+136,,,,,-190,-189,-200,,-200,,,-200,-235,-235,,,-189,,,,
2024-04-05,Thairo Estrada,/mlb/props/thairo-estrada/,SD at SF,FA,2B,0.5,+210,+225,+220,,+225,,,+220,+210,+210,,,+213,,,,,-300,-314,-320,,-320,,,-330,-315,-315,,,-314,,,,
2024-04-05,Graham Pauley,/mlb/props/graham-pauley/,SD at SF,MIA,"1B,3B",0.5,+240,+255,+236,,+255,,,+250,+230,+230,,,+236,,,,,-375,-354,-380,,-380,,,-400,-360,-360,,,-354,,,,
2024-04-05,Patrick Bailey,/mlb/props/patrick-bailey/,SD at SF,CLE,C,0.5,+240,+265,+250,,+265,,,+250,+265,+265,,,+236,,,,,-375,-354,-390,,-390,,,-400,-400,-400,,,-354,,,,
2024-04-05,Jung Hoo Lee,/mlb/props/jung-lee/,SD at SF,SF,"CF,RF",0.5,+240,+250,+245,,+250,,,+240,+245,+245,,,+236,,,,,-375,-354,-375,,-360,,,-375,-385,-385,,,-354,,,,
2024-04-05,Xander Bogaerts,/mlb/props/xander-bogaerts/,SD at SF,SD,SS,0.5,+220,+245,+230,,+245,,,+230,+225,+225,,,+219,,,,,-330,-324,-345,,-350,,,-350,-345,-345,,,-324,,,,
2024-04-05,Fernando Tatis Jr.,/mlb/props/fernando-tatis-jr/,SD at SF,SD,"2B,RF",0.5,+170,+185,+175,,+180,,,+175,+185,+185,,,+165,,,,,-235,-234,-250,,-245,,,-250,-275,-275,,,-234,,,,
2024-04-05,DJ Stewart,/mlb/props/dj-stewart/,NYM at CIN,PIT,"LF,RF",0.5,+265,+260,+240,,+260,,,+240,,,,,+236,,,,,-390,-354,-375,,-380,,,-375,,,,,-354,,,,
2024-04-05,Brett Baty,/mlb/props/brett-baty/,NYM at CIN,NYM,"1B,2B,3B,RF",0.5,+265,+250,+240,,+250,,,+240,,,,,+236,,,,,-390,-354,-360,,-360,,,-375,,,,,-354,,,,
2024-04-05,Tyrone Taylor,/mlb/props/tyrone-taylor/,NYM at CIN,NYM,"LF,CF,RF",0.5,+210,+195,+190,,+195,,,+190,,,,,+190,,,,,-295,-270,-274,,-270,,,-275,,,,,-274,,,,
2024-04-05,Francisco Lindor,/mlb/props/francisco-lindor/,NYM at CIN,NYM,SS,0.5,+175,+175,+170,,+175,,,+170,+163,+163,,,+159,,,,,-240,-224,-230,,-240,,,-235,-230,-230,,,-224,,,,
2024-04-05,Jeimer Candelario,/mlb/props/jeimer-candelario/,NYM at CIN,LAA,"1B,3B",0.5,+165,+170,+165,,+170,,,+165,,,,,+159,,,,,-225,-224,-225,,-235,,,-225,,,,,-224,,,,
2024-04-05,Spencer Steer,/mlb/props/spencer-steer/,NYM at CIN,CIN,"1B,2B,LF,RF",0.5,+200,+185,+172,,+185,,,+185,+165,+165,,,+172,,,,,-280,-240,-255,,-255,,,-260,-240,-240,,,-244,,,,
2024-04-05,Jeff McNeil,/mlb/props/jeff-mcneil/,NYM at CIN,ATH,"2B,LF,CF,RF",0.5,+210,+225,+215,,+225,,,+200,+215,+215,,,+202,,,,,-295,-285,-294,,-320,,,-285,-315,-315,,,-294,,,,
2024-04-05,Stuart Fairchild,/mlb/props/stuart-fairchild/,NYM at CIN,CLE,"LF,CF,RF",0.5,+285,+255,+247,,+255,,,+240,,,,,+247,,,,,-425,-370,-374,,-370,,,-375,,,,,-374,,,,
2024-04-05,Pete Alonso,/mlb/props/peter-alonso/,NYM at CIN,BAL,"1B,DH",0.5,+170,+180,+172,,+180,,,+175,+148,+148,,,+172,,,,,-230,-205,-244,,-250,,,-250,-205,-205,,,-244,,,,
2024-04-05,Starling Marte,/mlb/props/starling-marte/,NYM at CIN,KC,"LF,RF,DH",0.5,+230,+225,+208,,+225,,,+210,+170,+170,,,+208,,,,,-330,-245,-300,,-320,,,-300,-245,-245,,,-304,,,,
2024-04-05,Elly De La Cruz,/mlb/props/elly-de-la-cruz/,NYM at CIN,CIN,SS,0.5,+235,+235,+230,,+235,,,+230,+215,+215,,,+219,,,,,-330,-315,-324,,-340,,,-350,-315,-315,,,-324,,,,
2024-04-05,Will Benson,/mlb/props/will-benson/,NYM at CIN,CIN,"LF,CF,RF",0.5,+320,+270,+250,,+270,,,+250,,,,,+247,,,,,-500,-374,-400,,-400,,,-400,,,,,-374,,,,
2024-04-05,Harrison Bader,/mlb/props/harrison-bader/,NYM at CIN,SF,"LF,CF,RF",0.5,+270,+270,+250,,+270,,,+250,,,,,+236,,,,,-400,-354,-400,,-400,,,-400,,,,,-354,,,,
2024-04-05,Francisco Alvarez,/mlb/props/francisco-alvarez/,NYM at CIN,NYM,"C,DH",0.5,+175,+200,+190,,+200,,,+190,+190,+190,,,+190,,,,,-245,-274,-278,,-280,,,-275,-278,-278,,,-274,,,,
2024-04-05,Jake Fraley,/mlb/props/jake-fraley/,NYM at CIN,TB,"LF,RF",0.5,+270,+250,+236,,+250,,,+230,,,,,+236,,,,,-400,-350,-354,,-360,,,-350,,,,,-354,,,,
2024-04-05,Brandon Nimmo,/mlb/props/brandon-nimmo/,NYM at CIN,TEX,"LF,CF,RF,DH",0.5,+210,+200,+190,,+200,,,+190,+200,+200,,,+190,,,,,-300,-274,-280,,-280,,,-275,-295,-295,,,-274,,,,
2024-04-05,Jonathan India,/mlb/props/jonathan-india/,NYM at CIN,KC,"2B,3B,LF,DH",0.5,+255,+245,+236,,+245,,,+230,+225,+225,,,+236,,,,,-370,-335,-350,,-350,,,-350,-335,-335,,,-354,,,,
2024-04-05,Luke Maile,/mlb/props/luke-maile/,NYM at CIN,KC,C,0.5,+255,+260,+240,,+260,,,+240,,,,,+227,,,,,-370,-339,-375,,-380,,,-375,,,,,-339,,,,
2024-04-05,Santiago Espinal,/mlb/props/santiago-espinal/,NYM at CIN,FA,"2B,3B,LF,RF",0.5,+190,+210,+200,,+210,,,+200,,,,,+196,,,,,-265,-284,-285,,-295,,,-285,,,,,-284,,,,
2024-04-05,Christian Encarnacion-Strand,/mlb/props/christian-encarnacion-strand/,NYM at CIN,BAL,"1B,3B",0.5,+185,+170,+165,,+170,,,+165,+165,+165,,,+165,,,,,-260,-225,-230,,-230,,,-225,-230,-230,,,-234,,,,
2024-04-05,Joey Meneses,/mlb/props/joey-meneses/,PHI at WSH,ATH,1B,0.5,+225,+225,+210,,+225,,,+210,+200,+200,,,+208,,,,,-320,-295,-304,,-320,,,-300,-295,-295,,,-304,,,,
2024-04-05,Nick Castellanos,/mlb/props/nick-castellanos/,PHI at WSH,FA,"RF,DH",0.5,+160,+145,+140,,+145,,,+140,+145,+145,,,+139,,,,,-220,-190,-195,,-195,,,-190,-205,-205,,,-194,,,,
2024-04-05,Keibert Ruiz,/mlb/props/keibert-ruiz/,PHI at WSH,WSH,C,0.5,+295,+295,+262,,+295,,,+280,+245,+245,,,+262,,,,,-450,-385,-404,,-450,,,-450,-385,-385,,,-404,,,,
2024-04-05,Alec Bohm,/mlb/props/alec-bohm/,PHI at WSH,PHI,"1B,3B",0.5,+140,+140,+136,,+140,,,+135,+132,+132,,,+136,,,,,-185,-180,-185,,-185,,,-180,-180,-180,,,-189,,,,
2024-04-05,Kyle Schwarber,/mlb/props/kyle-schwarber/,PHI at WSH,PHI,"LF,DH",0.5,+170,+185,+165,,+165,,,+165,+185,+185,,,+152,,,,,-230,-214,-225,,-220,,,-225,-265,-265,,,-214,,,,
2024-04-05,Eddie Rosario,/mlb/props/eddie-rosario/,PHI at WSH,FA,"LF,CF,RF,DH",0.5,+330,+320,+287,,+320,,,+300,+245,+245,,,+287,,,,,-500,-385,-454,,-475,,,-500,-385,-385,,,-454,,,,
2024-04-05,Bryce Harper,/mlb/props/bryce-harper/,PHI at WSH,PHI,"1B,DH",0.5,+160,+152,+145,,+150,,,+145,+132,+132,,,+152,,,,,-215,-180,-200,,-205,,,-200,-180,-180,,,-214,,,,
2024-04-05,Brandon Marsh,/mlb/props/brandon-marsh/,PHI at WSH,PHI,"LF,CF,RF",0.5,+230,+230,+220,,+230,,,+220,,,,,+219,,,,,-320,-320,-324,,-320,,,-330,,,,,-324,,,,
2024-04-05,Luis Garcia,/mlb/props/luis-garcia-2b/,PHI at WSH,WSH,"1B,2B,DH",0.5,+330,+330,+300,,+330,,,+300,,,,,+287,,,,,-525,-454,-525,,-525,,,-550,,,,,-454,,,,
2024-04-05,Whit Merrifield,/mlb/props/whit-merrifield/,PHI at WSH,FA,"2B,3B,LF",0.5,+160,+155,+152,,+155,,,+150,,,,,+152,,,,,-220,-210,-210,,-210,,,-210,,,,,-214,,,,
2024-04-05,Lane Thomas,/mlb/props/lane-thomas/,PHI at WSH,KC,"LF,CF,RF",0.5,+225,+225,+220,,+225,,,+220,+220,+220,,,+202,,,,,-320,-294,-320,,-320,,,-330,-335,-335,,,-294,,,,
2024-04-05,Trea Turner,/mlb/props/trea-turner/,PHI at WSH,PHI,SS,0.5,+150,+145,+133,,+145,,,+145,+132,+132,,,+133,,,,,-200,-182,-195,,-195,,,-200,-182,-182,,,-184,,,,
2024-04-05,Johan Rojas,/mlb/props/johan-rojas/,PHI at WSH,PHI,CF,0.5,+225,+230,+220,,+230,,,+220,,,,,+202,,,,,-320,-294,-330,,-330,,,-330,,,,,-294,,,,
2024-04-05,Bryson Stott,/mlb/props/bryson-stott-ss/,PHI at WSH,PHI,"2B,SS",0.5,+215,+200,+190,,+200,,,+190,+188,+188,,,+190,,,,,-300,-274,-275,,-275,,,-275,-275,-275,,,-274,,,,
2024-04-05,Joey Gallo,/mlb/props/joey-gallo/,PHI at WSH,FA,"1B,LF,CF,RF",0.5,+230,+240,+230,,+230,,,+220,+240,+240,,,+213,,,,,-330,-314,-330,,-330,,,-330,-375,-375,,,-314,,,,
2024-04-05,Jesse Winker,/mlb/props/jesse-winker/,PHI at WSH,FA,"LF,RF,DH",0.5,+275,+275,+255,,+275,,,+250,+255,+255,,,+247,,,,,-400,-374,-400,,-400,,,-400,-400,-400,,,-374,,,,
2024-04-05,J.T. Realmuto,/mlb/props/jt-realmuto/,PHI at WSH,PHI,C,0.5,+135,+130,+129,,+130,,,+130,+117,+117,,,+129,,,,,-180,-159,-175,,-175,,,-175,-159,-159,,,-179,,,,
2024-04-05,CJ Abrams,/mlb/props/cj-abrams/,PHI at WSH,WSH,SS,0.5,+260,+247,+245,,+245,,,+230,+230,+230,,,+247,,,,,-380,-350,-360,,-360,,,-350,-360,-360,,,-374,,,,
2024-04-05,Trey Lipscomb,/mlb/props/trey-lipscomb/,PHI at WSH,WSH,3B,0.5,+350,+350,+323,,+350,,,+320,,,,,+323,,,,,-575,-529,-575,,-575,,,-600,,,,,-529,,,,
2024-04-05,Jake McCarthy,/mlb/props/jake-mccarthy/,ARI at ATL,COL,"LF,CF,RF",0.5,+360,+340,+320,,+340,,,+320,,,,,+311,,,,,-575,-504,-525,,-525,,,-600,,,,,-504,,,,
2024-04-05,Michael Harris II,/mlb/props/michael-harris/,ARI at ATL,ATL,CF,0.5,+190,+195,+185,,+195,,,+185,+188,+188,,,+178,,,,,-265,-254,-260,,-270,,,-260,-275,-275,,,-254,,,,
2024-04-05,Matt Olson,/mlb/props/matt-olson/,ARI at ATL,ATL,1B,0.5,+125,+126,+125,,+125,,,+125,+114,+114,,,+126,,,,,-165,-157,-165,,-170,,,-165,-157,-157,,,-174,,,,
2024-04-05,Ketel Marte,/mlb/props/ketel-marte/,ARI at ATL,ARI,"2B,DH",0.5,+200,+215,+200,,+200,,,+190,+215,+215,,,+184,,,,,-280,-264,-280,,-280,,,-275,-315,-315,,,-264,,,,
2024-04-05,Marcell Ozuna,/mlb/props/marcell-ozuna/,ARI at ATL,PIT,DH,0.5,+120,+120,+116,,+120,,,+120,+104,+104,,,+116,,,,,-160,-141,-160,,-160,,,-160,-141,-141,,,-160,,,,
2024-04-05,Eugenio Suarez,/mlb/props/eugenio-suarez/,ARI at ATL,CIN,"3B,DH",0.5,+295,+285,+280,,+285,,,+260,+280,+280,,,+262,,,,,-450,-404,-425,,-425,,,-425,-455,-455,,,-404,,,,
2024-04-05,Adam Duvall,/mlb/props/adam-duvall/,ARI at ATL,FA,"LF,CF,RF",0.5,+135,+136,+135,,+135,,,+135,+120,+120,,,+136,,,,,-180,-165,-180,,-180,,,-180,-165,-165,,,-189,,,,
2024-04-05,Ozzie Albies,/mlb/props/ozhaino-albies/,ARI at ATL,ATL,2B,0.5,+130,+135,+129,,+135,,,+135,+117,+117,,,+129,,,,,-175,-159,-179,,-180,,,-180,-159,-159,,,-179,,,,
2024-04-05,Austin Riley,/mlb/props/austin-riley/,ARI at ATL,ATL,3B,0.5,+115,+120,+112,,+120,,,+120,+107,+107,,,+112,,,,,-155,-143,-154,,-160,,,-160,-143,-143,,,-154,,,,
2024-04-05,Gabriel Moreno,/mlb/props/gabriel-moreno/,ARI at ATL,ARI,C,0.5,+340,+340,+310,,+340,,,+300,+310,+310,,,+300,,,,,-525,-479,-525,,-525,,,-550,-530,-530,,,-479,,,,
2024-04-05,Ronald Acuna Jr.,/mlb/props/ronald-acuna/,ARI at ATL,ATL,RF,0.5,+150,+155,+143,,+155,,,+150,+125,+125,,,+143,,,,,-200,-175,-199,,-210,,,-210,-175,-175,,,-199,,,,
2024-04-05,Travis d'Arnaud,/mlb/props/travis-darnaud/,ARI at ATL,LAA,C,0.5,+185,+200,+190,,+200,,,+190,,,,,+184,,,,,-260,-264,-275,,-280,,,-275,,,,,-264,,,,
2024-04-05,Jace Peterson,/mlb/props/jace-peterson/,ARI at ATL,FA,"2B,3B,SS",0.5,+425,+425,+380,,+425,,,+380,,,,,+376,,,,,-700,-654,-700,,-700,,,-750,,,,,-654,,,,
2024-04-05,Joc Pederson,/mlb/props/joc-pederson/,ARI at ATL,TEX,DH,0.5,+245,+250,+236,,+250,,,+230,+250,+250,,,+236,,,,,-350,-350,-360,,-360,,,-350,-375,-375,,,-354,,,,
2024-04-05,Christian Walker,/mlb/props/christian-walker/,ARI at ATL,HOU,1B,0.5,+205,+205,+200,,+200,,,+185,+205,+205,,,+184,,,,,-285,-260,-280,,-280,,,-260,-305,-305,,,-264,,,,
2024-04-05,Orlando Arcia,/mlb/props/orlando-arcia/,ARI at ATL,MIN,"1B,2B,3B,SS",0.5,+215,+195,+190,,+190,,,+175,+195,+195,,,+178,,,,,-300,-250,-260,,-260,,,-250,-278,-278,,,-254,,,,
2024-04-05,Lourdes Gurriel Jr.,/mlb/props/lourdes-gurriel-jr/,ARI at ATL,ARI,"LF,DH",0.5,+175,+185,+170,,+170,,,+165,+185,+185,,,+165,,,,,-240,-225,-234,,-230,,,-225,-275,-275,,,-234,,,,
2024-04-05,Corbin Carroll,/mlb/props/corbin-carroll-of/,ARI at ATL,ARI,"CF,RF",0.5,+250,+240,+230,,+240,,,+220,+230,+230,,,+227,,,,,-360,-330,-339,,-350,,,-330,-345,-345,,,-339,,,,
2024-04-05,Geraldo Perdomo,/mlb/props/geraldo-perdomo/,ARI at ATL,ARI,SS,0.5,+360,+370,+340,,+370,,,+340,,,,,+323,,,,,-575,-529,-600,,-600,,,-650,,,,,-529,,,,
2024-04-05,Luis Robert Jr.,/mlb/props/luis-robert/,CWS at KC,NYM,CF,0.5,+180,+180,+172,,+180,,,+170,+165,+165,,,+172,,,,,-245,-235,-240,,-245,,,-235,-240,-240,,,-244,,,,
2024-04-05,Gavin Sheets,/mlb/props/gavin-sheets/,CWS at KC,SD,"1B,LF,RF,DH",0.5,+195,+195,+185,,+195,,,+185,+185,+185,,,+184,,,,,-265,-260,-270,,-270,,,-260,-275,-275,,,-264,,,,
2024-04-05,Maikel Garcia,/mlb/props/maikel-garcia/,CWS at KC,KC,"2B,3B,SS,OF",0.5,+185,+205,+190,,+190,,,+185,+205,+205,,,+178,,,,,-260,-254,-265,,-265,,,-260,-315,-315,,,-254,,,,
2024-04-05,Vinnie Pasquantino,/mlb/props/vinnie-pasquantino/,CWS at KC,KC,"1B,DH",0.5,+115,+128,+116,,+115,,,+115,+128,+128,,,+116,,,,,-155,-150,-160,,-155,,,-150,-175,-175,,,-160,,,,
2024-04-05,Bobby Witt Jr.,/mlb/props/bobby-witt-jr/,CWS at KC,KC,SS,0.5,+125,+150,+130,,+130,,,+130,+150,+150,,,+123,,,,,-170,-169,-175,,-175,,,-175,-210,-210,,,-169,,,,
2024-04-05,Adam Frazier,/mlb/props/adam-frazier/,CWS at KC,LAA,"2B,LF,RF",0.5,+240,+230,+220,,+230,,,+220,+215,+215,,,+219,,,,,-340,-315,-324,,-330,,,-330,-315,-315,,,-324,,,,
2024-04-05,Robbie Grossman,/mlb/props/robbie-grossman/,CWS at KC,FA,"LF,RF",0.5,+220,+220,+210,,+220,,,+210,,,,,+208,,,,,-310,-300,-304,,-310,,,-300,,,,,-304,,,,
2024-04-05,Braden Shewmake,/mlb/props/braden-shewmake/,CWS at KC,HOU,"2B,3B,SS",0.5,+235,+240,+230,,+240,,,+230,+240,+240,,,+219,,,,,-340,-324,-350,,-350,,,-350,-375,-375,,,-324,,,,
2024-04-05,Andrew Benintendi,/mlb/props/andrew-benintendi/,CWS at KC,CWS,"LF,DH",0.5,+255,+265,+250,,+265,,,+250,+245,+245,,,+236,,,,,-370,-354,-385,,-390,,,-400,-385,-385,,,-354,,,,
2024-04-05,Nicky Lopez,/mlb/props/nicky-lopez/,CWS at KC,TEX,"2B,3B,SS",0.5,+250,+260,+240,,+260,,,+240,,,,,+236,,,,,-360,-354,-375,,-380,,,-375,,,,,-354,,,,
2024-04-05,Kyle Isbel,/mlb/props/kyle-isbel/,CWS at KC,KC,CF,0.5,+225,+220,+210,,+220,,,+210,,,,,+208,,,,,-320,-300,-304,,-310,,,-300,,,,,-304,,,,
2024-04-05,Freddy Fermin,/mlb/props/freddy-fermin/,CWS at KC,SD,C,0.5,+180,+175,+170,,+175,,,+170,,,,,+159,,,,,-250,-224,-235,,-235,,,-235,,,,,-224,,,,
2024-04-05,Andrew Vaughn,/mlb/props/andrew-vaughn-1b/,CWS at KC,MIL,1B,0.5,+185,+210,+190,,+190,,,+175,+210,+210,,,+165,,,,,-255,-234,-260,,-260,,,-250,-315,-315,,,-234,,,,
2024-04-05,Salvador Perez,/mlb/props/salvador-perez/,CWS at KC,KC,"C,1B,DH",0.5,+110,+120,+110,,+110,,,+110,+120,+120,,,+110,,,,,-145,-140,-150,,-150,,,-140,-162,-162,,,-151,,,,
2024-04-05,Paul DeJong,/mlb/props/paul-dejong/,CWS at KC,FA,"2B,3B,SS",0.5,+265,+265,+250,,+265,,,+250,,,,,+247,,,,,-390,-374,-390,,-390,,,-400,,,,,-374,,,,
2024-04-05,Hunter Renfroe,/mlb/props/hunter-renfroe/,CWS at KC,FA,RF,0.5,+185,+190,+185,,+190,,,+185,,,,,+172,,,,,-250,-244,-260,,-260,,,-260,,,,,-244,,,,
2024-04-05,Dominic Fletcher,/mlb/props/dominic-fletcher/,CWS at KC,PIT,"CF,RF",0.5,+215,+250,+215,,+215,,,+210,+250,+250,,,+202,,,,,-300,-294,-310,,-310,,,-300,-385,-385,,,-294,,,,
2024-04-05,MJ Melendez,/mlb/props/mj-melendez/,CWS at KC,NYM,"LF,DH",0.5,+155,+165,+155,,+155,,,+150,+165,+165,,,+152,,,,,-215,-210,-214,,-210,,,-210,-230,-230,,,-214,,,,
2024-04-05,Martin Maldonado,/mlb/props/martin-maldonado/,CWS at KC,FA,C,0.5,+320,+340,+320,,+340,,,+320,,,,,+311,,,,,-500,-504,-550,,-550,,,-600,,,,,-504,,,,
2024-04-05,Yoan Moncada,/mlb/props/yoan-moncada/,CWS at KC,LAA,3B,0.5,+240,+245,+230,,+245,,,+230,+235,+235,,,+213,,,,,-340,-314,-350,,-350,,,-350,-360,-360,,,-314,,,,
2024-04-05,Nelson Velazquez,/mlb/props/nelson-velazquez/,CWS at KC,STL,"LF,RF,DH",0.5,+175,+180,+172,,+180,,,+170,,,,,+172,,,,,-240,-235,-244,,-245,,,-235,,,,,-244,,,,
2024-04-05,Evan Carter,/mlb/props/evan-carter/,HOU at TEX,TEX,"LF,CF,RF",0.5,+200,+185,+175,,+175,,,+165,+185,+185,,,+165,,,,,-280,-225,-240,,-240,,,-225,-275,-275,,,-234,,,,
2024-04-05,Alex Bregman,/mlb/props/alex-bregman/,HOU at TEX,CHC,"3B,DH",0.5,+165,+133,+130,,+130,,,+130,+133,+133,,,+126,,,,,-220,-174,-175,,-175,,,-175,-186,-186,,,-174,,,,
2024-04-05,Yainer Diaz,/mlb/props/yainer-diaz-c/,HOU at TEX,HOU,"C,DH",0.5,+155,+136,+132,,+130,,,+130,+132,+132,,,+136,,,,,-210,-175,-182,,-175,,,-175,-182,-182,,,-189,,,,
2024-04-05,Jose Abreu,/mlb/props/jose-dariel-abreu/,HOU at TEX,FA,1B,0.5,+145,+155,+140,,+140,,,+140,+155,+155,,,+136,,,,,-195,-189,-190,,-190,,,-190,-215,-215,,,-189,,,,
2024-04-05,Leody Taveras,/mlb/props/leody-taveras-of/,HOU at TEX,BAL,"CF,RF",0.5,+215,+215,+180,,+180,,,+170,+215,+215,,,+178,,,,,-310,-235,-254,,-245,,,-235,-315,-315,,,-254,,,,
2024-04-05,Yordan Alvarez,/mlb/props/yordan-alvarez/,HOU at TEX,HOU,"LF,DH",0.5,+120,+120,+116,,+110,,,+110,+120,+120,,,+116,,,,,-160,-140,-150,,-150,,,-140,-165,-165,,,-160,,,,
2024-04-05,Wyatt Langford,/mlb/props/wyatt-langford/,HOU at TEX,TEX,"LF,CF",0.5,+175,+185,+145,,+145,,,+145,+185,+185,,,+143,,,,,-245,-199,-200,,-200,,,-200,-265,-265,,,-199,,,,
2024-04-05,Jonah Heim,/mlb/props/jonah-heim/,HOU at TEX,ATH,"C,DH",0.5,+200,+200,+165,,+165,,,+160,+200,+200,,,+152,,,,,-280,-214,-225,,-225,,,-215,-286,-286,,,-214,,,,
2024-04-05,Jeremy Pena,/mlb/props/jeremy-pena/,HOU at TEX,HOU,SS,0.5,+180,+175,+170,,+175,,,+170,+163,+163,,,+159,,,,,-250,-224,-235,,-240,,,-235,-235,-235,,,-224,,,,
2024-04-05,Kyle Tucker,/mlb/props/kyle-tucker/,HOU at TEX,LAD,"RF,DH",0.5,+145,+132,+125,,+125,,,+125,+132,+132,,,+123,,,,,-195,-165,-170,,-170,,,-165,-182,-182,,,-169,,,,
2024-04-05,Marcus Semien,/mlb/props/marcus-semien/,HOU at TEX,NYM,2B,0.5,+155,+165,+135,,+135,,,+135,+165,+165,,,+133,,,,,-210,-180,-185,,-185,,,-180,-235,-235,,,-184,,,,
2024-04-05,Jake Meyers,/mlb/props/jacob-meyers/,HOU at TEX,HOU,CF,0.5,+245,+225,+210,,+225,,,+210,,,,,+202,,,,,-350,-294,-300,,-320,,,-300,,,,,-294,,,,
2024-04-05,Jose Altuve,/mlb/props/jose-altuve/,HOU at TEX,HOU,"2B,LF,DH",0.5,+160,+150,+145,,+145,,,+140,+150,+150,,,+139,,,,,-220,-190,-195,,-195,,,-190,-210,-210,,,-194,,,,
2024-04-05,Jared Walsh,/mlb/props/jared-walsh/,HOU at TEX,FA,"1B,RF",0.5,+240,+230,+185,,+185,,,+175,+230,+230,,,+184,,,,,-340,-250,-264,,-260,,,-250,-335,-335,,,-264,,,,
2024-04-05,Chas McCormick,/mlb/props/chas-mccormick/,HOU at TEX,CHC,"LF,CF,RF",0.5,+180,+155,+152,,+155,,,+150,+155,+155,,,+152,,,,,-245,-210,-214,,-210,,,-210,-220,-220,,,-214,,,,
2024-04-05,Josh Smith,/mlb/props/josh-smith-ss/,HOU at TEX,TEX,"1B,2B,3B,SS,LF,RF",0.5,+265,+245,+220,,+220,,,+210,+245,+245,,,+213,,,,,-390,-300,-314,,-310,,,-300,-375,-375,,,-314,,,,
2024-04-05,Corey Seager,/mlb/props/corey-seager/,HOU at TEX,TEX,SS,0.5,+120,+116,-105,,-105,,,-105,+116,+116,,,-106,,,,,-160,-125,-130,,-130,,,-125,-159,-159,,,-129,,,,
2024-04-05,Adolis Garcia,/mlb/props/jose-adolis-garcia/,HOU at TEX,PHI,RF,0.5,+110,+108,-105,,-105,,,-105,+108,+108,,,-108,,,,,-145,-125,-127,,-125,,,-125,-148,-148,,,-127,,,,
2024-04-05,Josh Rojas,/mlb/props/josh-rojas/,SEA at MIL,KC,"2B,3B",0.5,+400,+400,+366,,+400,,,+360,+350,+350,,,+366,,,,,-700,-625,-629,,-700,,,-700,-625,-625,,,-629,,,,
2024-04-05,Jackson Chourio,/mlb/props/jackson-chourio/,SEA at MIL,MIL,"LF,CF,RF",0.5,+215,+215,+208,,+215,,,+200,,,,,+208,,,,,-300,-285,-300,,-300,,,-285,,,,,-304,,,,
2024-04-05,Oliver Dunn,/mlb/props/oliver-dunn/,SEA at MIL,TB,3B,0.5,+230,+200,+190,,+200,,,+190,,,,,+190,,,,,-330,-274,-275,,-280,,,-275,,,,,-274,,,,
2024-04-05,Sal Frelick,/mlb/props/sal-frelick/,SEA at MIL,MIL,"LF,CF,RF",0.5,+270,+270,+252,,+270,,,+250,+250,+250,,,+252,,,,,-400,-375,-384,,-400,,,-400,-375,-375,,,-384,,,,
2024-04-05,Joey Ortiz,/mlb/props/joey-ortiz/,SEA at MIL,MIL,"3B,SS",0.5,+310,+295,+275,,+295,,,+280,+250,+250,,,+275,,,,,-475,-385,-429,,-450,,,-450,-385,-385,,,-429,,,,
2024-04-05,Christian Yelich,/mlb/props/christian-yelich/,SEA at MIL,MIL,"LF,DH",0.5,+185,+190,+185,,+185,,,+175,+190,+190,,,+172,,,,,-255,-244,-255,,-255,,,-250,-278,-278,,,-244,,,,
2024-04-05,William Contreras,/mlb/props/william-contreras/,SEA at MIL,MIL,"C,DH",0.5,+185,+200,+185,,+185,,,+175,+200,+200,,,+172,,,,,-260,-244,-260,,-260,,,-250,-295,-295,,,-244,,,,
2024-04-05,Rhys Hoskins,/mlb/props/rhys-hoskins/,SEA at MIL,CLE,"1B,DH",0.5,+155,+180,+172,,+180,,,+175,+165,+165,,,+172,,,,,-210,-235,-244,,-250,,,-250,-235,-235,,,-244,,,,
2024-04-05,Brice Turang,/mlb/props/brice-turang/,SEA at MIL,MIL,2B,0.5,+295,+295,+275,,+295,,,+260,+265,+265,,,+275,,,,,-450,-420,-429,,-450,,,-425,-420,-420,,,-429,,,,
2024-04-05,Ty France,/mlb/props/tyler-france/,SEA at MIL,SD,1B,0.5,+320,+320,+300,,+320,,,+300,+250,+250,,,+300,,,,,-500,-375,-479,,-500,,,-500,-375,-375,,,-479,,,,
2024-04-05,Mitch Garver,/mlb/props/mitch-garver/,SEA at MIL,SEA,"C,DH",0.5,+245,+245,+227,,+245,,,+230,+210,+210,,,+227,,,,,-350,-305,-339,,-350,,,-350,-305,-305,,,-339,,,,
2024-04-05,Mitch Haniger,/mlb/props/mitch-haniger/,SEA at MIL,FA,RF,0.5,+240,+240,+236,,+240,,,+230,,,,,+236,,,,,-350,-350,-350,,-350,,,-350,,,,,-354,,,,
2024-04-05,Luke Raley,/mlb/props/lucas-raley/,SEA at MIL,SEA,"1B,LF,CF,RF",0.5,+295,+295,+275,,+295,,,+260,+250,+250,,,+275,,,,,-450,-375,-425,,-450,,,-425,-375,-375,,,-429,,,,
2024-04-05,J.P. Crawford,/mlb/props/jp-crawford/,SEA at MIL,SEA,"3B,SS",0.5,+300,+300,+275,,+300,,,+280,+245,+245,,,+275,,,,,-450,-385,-429,,-450,,,-450,-385,-385,,,-429,,,,
2024-04-05,Jorge Polanco,/mlb/props/jorge-polanco/,SEA at MIL,NYM,"2B,3B,DH",0.5,+205,+205,+200,,+205,,,+200,+185,+185,,,+202,,,,,-290,-265,-285,,-290,,,-285,-265,-265,,,-294,,,,
2024-04-05,Dominic Canzone,/mlb/props/dominic-canzone/,SEA at MIL,SEA,"LF,RF,DH",0.5,+260,+250,+247,,+250,,,+240,+240,+240,,,+247,,,,,-380,-360,-374,,-360,,,-375,-375,-375,,,-374,,,,
2024-04-05,Willy Adames,/mlb/props/willy-adames/,SEA at MIL,SF,SS,0.5,+160,+175,+160,,+160,,,+160,+175,+175,,,+152,,,,,-215,-214,-215,,-215,,,-215,-245,-245,,,-214,,,,
2024-04-05,Julio Rodriguez,/mlb/props/julio-rodriguez-of/,SEA at MIL,SEA,CF,0.5,+220,+220,+219,,+220,,,+220,+200,+200,,,+219,,,,,-310,-286,-310,,-310,,,-330,-286,-286,,,-324,,,,
2024-04-05,Cal Raleigh,/mlb/props/caleb-raleigh/,SEA at MIL,SEA,"C,DH",0.5,+230,+230,+208,,+230,,,+210,+165,+165,,,+208,,,,,-330,-235,-300,,-330,,,-300,-235,-235,,,-304,,,,
2024-04-05,Wilyer Abreu,/mlb/props/wilyer-abreu/,BOS at LAA,BOS,"LF,CF,RF",0.5,+230,+245,+230,,+245,,,+230,,,,,+219,,,,,-330,-324,-350,,-360,,,-350,,,,,-324,,,,
2024-04-05,Rafael Devers,/mlb/props/rafael-devers/,BOS at LAA,SF,"1B,DH",0.5,+145,+150,+139,,+150,,,+145,+133,+133,,,+139,,,,,-190,-186,-194,,-200,,,-200,-186,-186,,,-194,,,,
2024-04-05,Nolan Schanuel,/mlb/props/nolan-schanuel/,BOS at LAA,LAA,1B,0.5,+250,+260,+240,,+260,,,+240,+240,+240,,,+236,,,,,-360,-354,-375,,-380,,,-375,-375,-375,,,-354,,,,
2024-04-05,Aaron Hicks,/mlb/props/aaron-hicks/,BOS at LAA,FA,"LF,CF,RF",0.5,+270,+275,+252,,+275,,,+250,+240,+240,,,+252,,,,,-400,-375,-384,,-400,,,-400,-375,-375,,,-384,,,,
2024-04-05,Trevor Story,/mlb/props/trevor-story/,BOS at LAA,BOS,SS,0.5,+225,+210,+200,,+210,,,+200,+200,+200,,,+190,,,,,-320,-274,-285,,-290,,,-285,-295,-295,,,-274,,,,
2024-04-05,Triston Casas,/mlb/props/triston-casas/,BOS at LAA,BOS,1B,0.5,+210,+220,+210,,+220,,,+210,+188,+188,,,+196,,,,,-290,-265,-284,,-310,,,-300,-265,-265,,,-284,,,,
2024-04-05,Tyler O'Neill,/mlb/props/tyler-oneill/,BOS at LAA,BAL,"LF,RF",0.5,+195,+195,+185,,+195,,,+185,,,,,+178,,,,,-265,-254,-260,,-270,,,-260,,,,,-254,,,,
2024-04-05,Mickey Moniak,/mlb/props/mckenzie-moniak/,BOS at LAA,COL,"LF,CF,RF,DH",0.5,+215,+215,+210,,+215,,,+210,+200,+200,,,+202,,,,,-310,-294,-300,,-310,,,-300,-295,-295,,,-294,,,,
2024-04-05,Enmanuel Valdez,/mlb/props/enmanuel-valdez/,BOS at LAA,PIT,1B,0.5,+245,+225,+210,,+225,,,+210,+200,+200,,,+208,,,,,-360,-295,-304,,-320,,,-300,-295,-295,,,-304,,,,
2024-04-05,Miguel Sano,/mlb/props/miguel-sano/,BOS at LAA,FA,"1B,3B",0.5,+200,+210,+185,,+185,,,+175,+210,+210,,,+172,,,,,-280,-244,-255,,-255,,,-250,-315,-315,,,-244,,,,
2024-04-05,Anthony Rendon,/mlb/props/anthony-rendon/,BOS at LAA,LAA,3B,0.5,+260,+260,+240,,+260,,,+240,+240,+240,,,+227,,,,,-380,-339,-375,,-380,,,-375,-375,-375,,,-339,,,,
2024-04-05,Zach Neto,/mlb/props/zach-neto/,BOS at LAA,LAA,SS,0.5,+280,+290,+270,,+290,,,+260,+270,+270,,,+262,,,,,-425,-404,-425,,-425,,,-425,-435,-435,,,-404,,,,
2024-04-05,Masataka Yoshida,/mlb/props/masataka-yoshida/,BOS at LAA,BOS,"LF,DH",0.5,+220,+210,+200,,+210,,,+200,,,,,+190,,,,,-320,-274,-285,,-295,,,-285,,,,,-274,,,,
2024-04-05,Logan O'Hoppe,/mlb/props/logan-ohoppe/,BOS at LAA,LAA,C,0.5,+215,+220,+210,,+220,,,+210,+215,+215,,,+202,,,,,-310,-294,-300,,-310,,,-300,-315,-315,,,-294,,,,
2024-04-05,Ceddanne Rafaela,/mlb/props/ceddanne-rafaela/,BOS at LAA,BOS,"2B,CF",0.5,+250,+265,+227,,+265,,,,+225,+225,,,+227,,,,,-360,-339,-345,,-380,,,,-345,-345,,,-339,,,,
2024-04-05,Taylor Ward,/mlb/props/taylor-ward/,BOS at LAA,BAL,LF,0.5,+160,+148,+145,,+145,,,+145,+148,+148,,,+139,,,,,-215,-194,-200,,-195,,,-200,-205,-205,,,-194,,,,
2024-04-05,Connor Wong,/mlb/props/connor-wong/,BOS at LAA,BOS,C,0.5,+330,+320,+300,,+320,,,+300,,,,,+287,,,,,-500,-454,-500,,-500,,,-500,,,,,-454,,,,
2024-04-05,Mike Trout,/mlb/props/mike-trout/,BOS at LAA,LAA,"CF,RF,DH",0.5,+150,+150,+143,,+150,,,+145,+135,+135,,,+143,,,,,-205,-190,-199,,-205,,,-200,-190,-190,,,-199,,,,
2024-04-05,Jarren Duran,/mlb/props/jarren-duran/,BOS at LAA,BOS,"LF,CF,DH",0.5,+235,+220,+208,,+220,,,+210,+190,+190,,,+208,,,,,-340,-278,-300,,-310,,,-300,-278,-278,,,-304,,,,
2024-04-05,Brandon Drury,/mlb/props/brandon-drury/,BOS at LAA,KC,"1B,2B,3B",0.5,+185,+175,+170,,+175,,,+170,+165,+165,,,+172,,,,,-255,-235,-240,,-240,,,-235,-235,-235,,,-244,,,,
2024-04-05,Reese McGuire,/mlb/props/reese-mcguire/,BOS at LAA,FA,C,0.5,+330,+330,+300,,+330,,,+300,,,,,+300,,,,,-525,-479,-525,,-525,,,-550,,,,,-479,,,,
2024-04-06,Mark Canha,/mlb/props/mark-canha/,ATH at DET,FA,"LF,RF",0.5,+185,+188,+185,,+185,,,+185,+188,+188,,,+184,,,,,-260,-255,-260,,-255,,,-260,-265,-265,,,-264,,,,
2024-04-06,Zack Gelof,/mlb/props/zack-gelof/,ATH at DET,ATH,"2B,3B,CF",0.5,+235,+230,+219,,+230,,,+220,+205,+205,,,+219,,,,,-330,-305,-320,,-320,,,-330,-305,-305,,,-324,,,,
2024-04-06,Kerry Carpenter,/mlb/props/kerry-carpenter/,ATH at DET,DET,"LF,RF,DH",0.5,+170,+190,+185,,+190,,,+185,+175,+175,,,+178,,,,,-235,-250,-254,,-260,,,-260,-250,-250,,,-254,,,,
2024-04-06,Jake Rogers,/mlb/props/jake-rogers/,ATH at DET,DET,C,0.5,+230,+245,+230,,+245,,,+230,,,,,+227,,,,,-350,-339,-350,,-360,,,-350,,,,,-339,,,,
2024-04-06,Spencer Torkelson,/mlb/props/spencer-torkelson-if/,ATH at DET,DET,1B,0.5,+140,+160,+152,,+160,,,+160,+150,+150,,,+152,,,,,-190,-210,-215,,-220,,,-215,-210,-210,,,-214,,,,
2024-04-06,J.D. Davis,/mlb/props/jd-davis/,ATH at DET,FA,"1B,3B",0.5,+240,+235,+230,,+235,,,+220,+230,+230,,,+219,,,,,-340,-324,-340,,-340,,,-330,-360,-360,,,-324,,,,
2024-04-06,Lawrence Butler,/mlb/props/lawrence-butler/,ATH at DET,ATH,"CF,RF",0.5,+300,+300,+280,,+300,,,+280,,,,,+275,,,,,-450,-429,-450,,-450,,,-450,,,,,-429,,,,
2024-04-06,Shea Langeliers,/mlb/props/shea-langeliers/,ATH at DET,ATH,"C,DH",0.5,+195,+185,+175,,+185,,,+175,+155,+155,,,+184,,,,,-270,-225,-250,,-255,,,-250,-225,-225,,,-264,,,,
2024-04-06,Seth Brown,/mlb/props/seth-brown/,ATH at DET,FA,"1B,LF,CF,RF",0.5,+225,+210,+200,,+210,,,+200,+185,+185,,,+202,,,,,-320,-275,-285,,-295,,,-285,-275,-275,,,-294,,,,
2024-04-06,Carson Kelly,/mlb/props/carson-kelly/,ATH at DET,CHC,C,0.5,+230,+240,+230,,+240,,,+230,,,,,+213,,,,,-330,-314,-340,,-340,,,-350,,,,,-314,,,,
2024-04-06,Brent Rooker,/mlb/props/brent-rooker/,ATH at DET,ATH,"LF,RF,DH",0.5,+170,+165,+160,,+165,,,+160,+133,+133,,,+165,,,,,-235,-182,-215,,-225,,,-215,-182,-182,,,-234,,,,
2024-04-06,Nick Allen,/mlb/props/nick-allen-ss/,ATH at DET,HOU,"2B,3B,SS",0.5,+360,+360,+334,,+360,,,+320,,,,,+334,,,,,-575,-554,-575,,-575,,,-600,,,,,-554,,,,
2024-04-06,Parker Meadows,/mlb/props/parker-meadows/,ATH at DET,DET,CF,0.5,+240,+250,+240,,+250,,,+240,+230,+230,,,+227,,,,,-375,-339,-360,,-360,,,-375,-345,-345,,,-339,,,,
2024-04-06,JJ Bleday,/mlb/props/jj-bleday/,ATH at DET,CIN,"LF,CF,RF,DH",0.5,+210,+210,+196,,+210,,,+200,+175,+175,,,+196,,,,,-295,-245,-284,,-290,,,-285,-245,-245,,,-284,,,,
2024-04-06,Colt Keith,/mlb/props/colt-keith/,ATH at DET,DET,"1B,2B,3B,DH",0.5,+190,+205,+196,,+205,,,+190,,,,,+196,,,,,-275,-275,-284,,-285,,,-275,,,,,-284,,,,
2024-04-06,Gio Urshela,/mlb/props/giovanny-urshela/,ATH at DET,FA,3B,0.5,+170,+175,+172,,+175,,,+170,,,,,+172,,,,,-235,-235,-244,,-245,,,-235,,,,,-244,,,,
2024-04-06,Javier Baez,/mlb/props/javier-baez/,ATH at DET,DET,"2B,3B,SS,CF",0.5,+190,+200,+190,,+200,,,+190,,,,,+184,,,,,-275,-264,-275,,-275,,,-275,,,,,-264,,,,
2024-04-06,Ryan Noda,/mlb/props/ryan-noda/,ATH at DET,BAL,1B,0.5,+285,+265,+250,,+265,,,+250,+245,+245,,,+247,,,,,-425,-374,-385,,-390,,,-400,-385,-385,,,-374,,,,
2024-04-06,Riley Greene,/mlb/props/riley-greene-of/,ATH at DET,DET,"LF,CF,RF,DH",0.5,+190,+185,+180,,+180,,,+185,+175,+175,,,+184,,,,,-275,-245,-250,,-245,,,-260,-250,-250,,,-264,,,,
2024-04-06,Ryan Jeffers,/mlb/props/ryan-jeffers/,CLE at MIN,MIN,"C,DH",0.5,+205,+195,+190,,+190,,,+185,+195,+195,,,+184,,,,,-285,-260,-265,,-265,,,-260,-286,-286,,,-264,,,,
2024-04-06,Alex Kirilloff,/mlb/props/alex-kirilloff/,CLE at MIN,FA,"1B,LF,RF",0.5,+165,+165,+150,,+150,,,+145,+165,+165,,,+146,,,,,-225,-200,-204,,-200,,,-200,-230,-230,,,-204,,,,
2024-04-06,Max Kepler,/mlb/props/max-kepler/,CLE at MIN,ARI,"LF,RF",0.5,+115,+135,+120,,+120,,,+120,+135,+135,,,+112,,,,,-155,-154,-160,,-160,,,-160,-190,-190,,,-154,,,,
2024-04-06,Christian Vazquez,/mlb/props/christian-vazquez/,CLE at MIN,HOU,C,0.5,+195,+195,+185,,+195,,,+185,,,,,+184,,,,,-275,-260,-264,,-275,,,-260,,,,,-264,,,,
2024-04-06,Brayan Rocchio,/mlb/props/brayan-rocchio/,CLE at MIN,CLE,"2B,SS",0.5,+280,+280,+260,,+280,,,+260,+275,+275,,,+252,,,,,-425,-384,-420,,-425,,,-425,-420,-420,,,-384,,,,
2024-04-06,Steven Kwan,/mlb/props/steven-kwan/,CLE at MIN,CLE,"LF,CF",0.5,+260,+270,+252,,+270,,,+250,+250,+250,,,+252,,,,,-380,-384,-385,,-400,,,-400,-385,-385,,,-384,,,,
2024-04-06,Jose Ramirez,/mlb/props/jose-ramirez/,CLE at MIN,CLE,"3B,DH",0.5,+160,+170,+155,,+155,,,+150,+170,+170,,,+152,,,,,-220,-205,-214,,-205,,,-210,-245,-245,,,-214,,,,
2024-04-06,Carlos Santana,/mlb/props/carlos-santana/,CLE at MIN,ATL,1B,0.5,+170,+180,+160,,+160,,,+150,+180,+180,,,+152,,,,,-235,-210,-215,,-215,,,-210,-265,-265,,,-214,,,,
2024-04-06,Willi Castro,/mlb/props/willi-castro/,CLE at MIN,COL,"1B,2B,3B,SS,LF,RF",0.5,+190,+230,+205,,+205,,,+200,+230,+230,,,+190,,,,,-260,-274,-285,,-285,,,-285,-335,-335,,,-274,,,,
2024-04-06,Byron Buxton,/mlb/props/byron-buxton/,CLE at MIN,MIN,"CF,DH",0.5,+165,+165,+150,,+150,,,+145,+165,+165,,,+146,,,,,-220,-200,-205,,-205,,,-200,-235,-235,,,-204,,,,
2024-04-06,Josh Naylor,/mlb/props/josh-naylor/,CLE at MIN,SEA,"1B,DH",0.5,+135,+155,+135,,+135,,,+135,+155,+155,,,+126,,,,,-180,-174,-180,,-180,,,-180,-220,-220,,,-174,,,,
2024-04-06,Andres Gimenez,/mlb/props/andres-giminez/,CLE at MIN,TOR,"2B,SS",0.5,+220,+235,+220,,+220,,,+210,+235,+235,,,+202,,,,,-310,-294,-310,,-310,,,-300,-345,-345,,,-294,,,,
2024-04-06,Matt Wallner,/mlb/props/matt-wallner/,CLE at MIN,MIN,"LF,RF",0.5,+175,+175,+172,,+175,,,+165,+163,+163,,,+172,,,,,-245,-225,-235,,-245,,,-225,-235,-235,,,-244,,,,
2024-04-06,Ramon Laureano,/mlb/props/ramon-laureano/,CLE at MIN,SD,"LF,CF,RF",0.5,+250,+325,+250,,+250,,,+230,+325,+325,,,+236,,,,,-360,-350,-360,,-360,,,-350,-560,-560,,,-354,,,,
2024-04-06,Carlos Correa,/mlb/props/carlos-correa/,CLE at MIN,HOU,"3B,SS",0.5,+155,+195,+160,,+160,,,+160,+195,+195,,,+159,,,,,-210,-215,-224,,-220,,,-215,-278,-278,,,-224,,,,
2024-04-06,Edouard Julien,/mlb/props/edouard-julien/,CLE at MIN,COL,"1B,2B,DH",0.5,+235,+245,+210,,+210,,,+200,+245,+245,,,+196,,,,,-340,-284,-295,,-295,,,-285,-385,-385,,,-284,,,,
2024-04-06,Tyler Freeman,/mlb/props/tyler-freeman-ss/,CLE at MIN,COL,"2B,RF,DH",0.5,+255,+245,+236,,+240,,,+230,+245,+245,,,+236,,,,,-370,-350,-354,,-350,,,-350,-385,-385,,,-354,,,,
2024-04-06,Bo Naylor,/mlb/props/bo-naylor/,CLE at MIN,CLE,C,0.5,+230,+235,+205,,+205,,,+200,+235,+235,,,+196,,,,,-330,-284,-290,,-290,,,-285,-360,-360,,,-284,,,,
2024-04-06,David Fry,/mlb/props/david-fry/,CLE at MIN,CLE,"C,LF,RF,DH",0.5,+280,+285,+260,,+280,,,+260,+285,+285,,,+252,,,,,-425,-384,-425,,-425,,,-425,-435,-435,,,-384,,,,
2024-04-06,Will Brennan,/mlb/props/will-brennan/,CLE at MIN,SF,"LF,CF,RF",0.5,+215,+220,+210,,+215,,,+210,+220,+220,,,+196,,,,,-300,-284,-300,,-300,,,-300,-335,-335,,,-284,,,,
2024-04-06,Tim Anderson,/mlb/props/tim-anderson/,MIA at STL,FA,"2B,SS",0.5,+225,+225,+219,,+225,,,+220,+210,+210,,,+219,,,,,-320,-315,-324,,-320,,,-330,-315,-315,,,-324,,,,
2024-04-06,Brendan Donovan,/mlb/props/brendan-donovan/,MIA at STL,SEA,"2B,3B,SS,LF",0.5,+260,+255,+236,,+255,,,+240,+205,+205,,,+236,,,,,-380,-305,-354,,-380,,,-375,-305,-305,,,-354,,,,
2024-04-06,Jake Burger,/mlb/props/jake-burger-3b/,MIA at STL,TEX,1B,0.5,+170,+165,+165,,+155,,,+165,+165,+165,,,+165,,,,,-235,-210,-225,,-210,,,-225,-230,-230,,,-234,,,,
2024-04-06,Jazz Chisholm Jr.,/mlb/props/jasrado-chisholm/,MIA at STL,NYY,"2B,3B",0.5,+245,+240,+230,,+240,,,+230,+215,+215,,,+219,,,,,-350,-315,-324,,-340,,,-350,-315,-315,,,-324,,,,
2024-04-06,Emmanuel Rivera,/mlb/props/emmanuel-rivera/,MIA at STL,FA,"1B,3B",0.5,+250,+255,+240,,+255,,,+240,,,,,+236,,,,,-360,-354,-370,,-370,,,-375,,,,,-354,,,,
2024-04-06,Bryan De La Cruz,/mlb/props/bryan-de-la-cruz/,MIA at STL,PHI,LF,0.5,+195,+190,+185,,+190,,,+185,+180,+180,,,+184,,,,,-270,-260,-264,,-265,,,-260,-265,-265,,,-264,,,,
2024-04-06,Nolan Gorman,/mlb/props/nolan-gorman/,MIA at STL,STL,"2B,3B,DH",0.5,+245,+240,+230,,+240,,,+230,+225,+225,,,+227,,,,,-350,-335,-339,,-350,,,-350,-335,-335,,,-339,,,,
2024-04-06,Alec Burleson,/mlb/props/alec-burleson/,MIA at STL,STL,"1B,LF,RF,DH",0.5,+280,+280,+262,,+280,,,+260,,,,,+262,,,,,-425,-404,-425,,-425,,,-425,,,,,-404,,,,
2024-04-06,Jordan Walker,/mlb/props/jordan-walker/,MIA at STL,STL,"LF,RF",0.5,+205,+230,+220,,+230,,,+220,+205,+205,,,+213,,,,,-290,-295,-314,,-330,,,-330,-295,-295,,,-314,,,,
2024-04-06,Paul Goldschmidt,/mlb/props/paul-goldschmidt/,MIA at STL,NYY,"1B,DH",0.5,+210,+200,+190,,+200,,,+190,+188,+188,,,+184,,,,,-290,-264,-275,,-280,,,-275,-265,-265,,,-264,,,,
2024-04-06,Willson Contreras,/mlb/props/willson-contreras/,MIA at STL,BOS,1B,0.5,+180,+175,+172,,+175,,,+170,+170,+170,,,+172,,,,,-250,-235,-240,,-240,,,-235,-245,-245,,,-244,,,,
2024-04-06,Ivan Herrera,/mlb/props/ivan-herrera/,MIA at STL,STL,"C,DH",0.5,+230,+185,+178,,+185,,,+175,+185,+185,,,+178,,,,,-330,-250,-255,,-255,,,-250,-275,-275,,,-254,,,,
2024-04-06,Avisail Garcia,/mlb/props/avisail-garcia/,MIA at STL,FA,"LF,RF",0.5,+240,+235,+227,,+235,,,+220,+225,+225,,,+227,,,,,-350,-330,-339,,-330,,,-330,-345,-345,,,-339,,,,
2024-04-06,Masyn Winn,/mlb/props/masyn-winn-p/,MIA at STL,STL,SS,0.5,+240,+255,+240,,+255,,,+240,,,,,+227,,,,,-340,-339,-370,,-370,,,-375,,,,,-339,,,,
2024-04-06,Luis Arraez,/mlb/props/luis-arraez/,MIA at STL,SF,"1B,2B,DH",0.5,+255,+260,+240,,+260,,,+240,,,,,+236,,,,,-370,-354,-375,,-380,,,-375,,,,,-354,,,,
2024-04-06,Nick Fortes,/mlb/props/nick-fortes/,MIA at STL,TB,C,0.5,+255,+250,+240,,+250,,,+240,,,,,+236,,,,,-370,-354,-360,,-360,,,-375,,,,,-354,,,,
2024-04-06,Vidal Brujan,/mlb/props/vidal-brujan-2b/,MIA at STL,NYM,"3B,SS,OF",0.5,+280,+280,+262,,+280,,,+260,,,,,+262,,,,,-425,-404,-425,,-425,,,-425,,,,,-404,,,,
2024-04-06,Victor Scott,/mlb/props/victor-scott/,MIA at STL,STL,CF,0.5,+300,+330,+300,,+330,,,+300,,,,,+300,,,,,-475,-479,-525,,-525,,,-550,,,,,-479,,,,
2024-04-06,Josh Bell,/mlb/props/josh-bell/,MIA at STL,MIN,"1B,DH",0.5,+230,+220,+210,,+220,,,+210,+205,+205,,,+208,,,,,-330,-300,-305,,-310,,,-300,-305,-305,,,-304,,,,
2024-04-06,Nolan Arenado,/mlb/props/nolan-arenado/,MIA at STL,ARI,3B,0.5,+150,+148,+145,,+145,,,+145,+148,+148,,,+139,,,,,-200,-194,-200,,-195,,,-200,-205,-205,,,-194,,,,
2024-04-06,Cody Bellinger,/mlb/props/cody-bellinger/,LAD at CHC,NYY,"LF,CF,RF",0.5,+175,+200,+185,,+190,,,+185,+200,+200,,,+172,,,,,-250,-244,-265,,-265,,,-260,-295,-295,,,-244,,,,
2024-04-06,Christopher Morel,/mlb/props/christopher-morel/,LAD at CHC,MIA,"1B,LF,DH",0.5,+175,+190,+170,,+185,,,+170,+190,+190,,,+165,,,,,-250,-234,-255,,-255,,,-235,-278,-278,,,-234,,,,
2024-04-06,Mike Tauchman,/mlb/props/mike-tauchman/,LAD at CHC,NYM,"LF,CF,RF",0.5,+260,+280,+260,,+280,,,+260,,,,,+252,,,,,-425,-384,-425,,-425,,,-425,,,,,-384,,,,
2024-04-06,Michael Busch,/mlb/props/michael-busch-2b/,LAD at CHC,CHC,1B,0.5,+240,+275,+255,,+255,,,+240,+275,+275,,,+227,,,,,-375,-339,-380,,-380,,,-375,-435,-435,,,-339,,,,
2024-04-06,Will Smith,/mlb/props/will-smith-c/,LAD at CHC,LAD,C,0.5,+115,+133,+115,,+115,,,+110,+133,+133,,,+112,,,,,-150,-140,-155,,-155,,,-140,-182,-182,,,-154,,,,
2024-04-06,Ian Happ,/mlb/props/ian-happ/,LAD at CHC,CHC,LF,0.5,+230,+265,+240,,+240,,,+220,+265,+265,,,+213,,,,,-350,-314,-340,,-340,,,-330,-420,-420,,,-314,,,,
2024-04-06,Mookie Betts,/mlb/props/mookie-betts/,LAD at CHC,LAD,SS,0.5,+150,+170,+160,,+170,,,+160,+165,+165,,,+152,,,,,-210,-214,-215,,-230,,,-215,-230,-230,,,-214,,,,
2024-04-06,Nick Madrigal,/mlb/props/nick-madrigal/,LAD at CHC,TB,"2B,3B",0.5,+240,+240,+230,,+240,,,+220,+230,+230,,,+219,,,,,-350,-324,-330,,-350,,,-330,-345,-345,,,-324,,,,
2024-04-06,Enrique Hernandez,/mlb/props/enrique-hernandez/,LAD at CHC,LAD,"1B,2B,3B,LF",0.5,+185,+195,+185,,+195,,,+185,+195,+195,,,+184,,,,,-260,-260,-275,,-275,,,-260,-286,-286,,,-264,,,,
2024-04-06,Shohei Ohtani,/mlb/props/shohei-ohtani/,LAD at CHC,LAD,"SP,DH",0.5,+160,+170,+165,,+170,,,+170,+155,+155,,,+165,,,,,-215,-225,-234,,-235,,,-235,-225,-225,,,-234,,,,
2024-04-06,Max Muncy,/mlb/props/max-muncy/,LAD at CHC,LAD,3B,0.5,+170,+180,+170,,+180,,,+170,+180,+180,,,+159,,,,,-235,-224,-250,,-250,,,-235,-265,-265,,,-224,,,,
2024-04-06,Chris Taylor,/mlb/props/chris-taylor/,LAD at CHC,FA,"2B,LF,CF,RF",0.5,+230,+250,+236,,+250,,,+230,+230,+230,,,+236,,,,,-350,-350,-360,,-370,,,-350,-360,-360,,,-354,,,,
2024-04-06,Nico Hoerner,/mlb/props/nico-hoerner/,LAD at CHC,CHC,"2B,SS",0.5,+240,+265,+235,,+235,,,+230,+265,+265,,,+219,,,,,-375,-324,-350,,-340,,,-350,-420,-420,,,-324,,,,
2024-04-06,Austin Barnes,/mlb/props/austin-barnes/,LAD at CHC,FA,C,0.5,+255,+270,+265,,+270,,,+250,+265,+265,,,+252,,,,,-370,-384,-400,,-400,,,-400,-420,-420,,,-384,,,,
2024-04-06,Miguel Rojas,/mlb/props/miguel-rojas/,LAD at CHC,LAD,"2B,3B,SS",0.5,+210,+220,+210,,+220,,,+210,+200,+200,,,+202,,,,,-300,-294,-300,,-310,,,-300,-295,-295,,,-294,,,,
2024-04-06,Miguel Amaya,/mlb/props/miguel-amaya-c/,LAD at CHC,CHC,"C,DH",0.5,+260,+290,+262,,+290,,,+260,,,,,+262,,,,,-425,-404,-425,,-425,,,-425,,,,,-404,,,,
2024-04-06,Seiya Suzuki,/mlb/props/seiya-suzuki/,LAD at CHC,CHC,"LF,RF,DH",0.5,+200,+225,+210,,+210,,,+200,+225,+225,,,+190,,,,,-285,-274,-295,,-295,,,-285,-335,-335,,,-274,,,,
2024-04-06,Freddie Freeman,/mlb/props/freddie-freeman/,LAD at CHC,LAD,1B,0.5,+135,+145,+140,,+140,,,+140,+145,+145,,,+136,,,,,-180,-189,-190,,-190,,,-190,-200,-200,,,-189,,,,
2024-04-06,Teoscar Hernandez,/mlb/props/teoscar-hernandez/,LAD at CHC,LAD,"LF,RF",0.5,+130,+130,+125,,+130,,,+125,+125,+125,,,+118,,,,,-175,-163,-165,,-175,,,-165,-175,-175,,,-163,,,,
2024-04-06,Yan Gomes,/mlb/props/yan-gomes/,LAD at CHC,FA,C,0.5,+225,+245,+225,,+225,,,+210,+245,+245,,,+208,,,,,-320,-300,-320,,-320,,,-300,-385,-385,,,-304,,,,
2024-04-06,Dansby Swanson,/mlb/props/dansby-swanson/,LAD at CHC,CHC,SS,0.5,+200,+235,+215,,+215,,,+200,+235,+235,,,+196,,,,,-285,-284,-300,,-300,,,-285,-345,-345,,,-284,,,,
2024-04-06,Jesse Winker,/mlb/props/jesse-winker/,PHI at WSH,FA,"LF,RF,DH",0.5,+295,+285,+262,,+285,,,+260,+245,+245,,,+262,,,,,-450,-385,-404,,-425,,,-425,-385,-385,,,-404,,,,
2024-04-06,Brandon Marsh,/mlb/props/brandon-marsh/,PHI at WSH,PHI,"LF,CF,RF",0.5,+210,+205,+190,,+200,,,+185,+205,+205,,,+190,,,,,-295,-260,-285,,-285,,,-260,-305,-305,,,-274,,,,
2024-04-06,Jacob Young,/mlb/props/jacob-young/,PHI at WSH,WSH,CF,0.5,+320,+295,+280,,+280,,,,+295,+295,,,+252,,,,,-500,-384,-425,,-425,,,,-455,-455,,,-384,,,,
2024-04-06,Joey Gallo,/mlb/props/joey-gallo/,PHI at WSH,FA,"1B,LF,CF,RF",0.5,+235,+230,+220,,+230,,,+220,+230,+230,,,+219,,,,,-340,-324,-330,,-330,,,-330,-345,-345,,,-324,,,,
2024-04-06,Johan Rojas,/mlb/props/johan-rojas/,PHI at WSH,PHI,CF,0.5,+250,+240,+230,,+240,,,+220,+230,+230,,,+227,,,,,-360,-330,-340,,-340,,,-330,-360,-360,,,-339,,,,
2024-04-06,Keibert Ruiz,/mlb/props/keibert-ruiz/,PHI at WSH,WSH,C,0.5,+215,+215,+210,,+215,,,+200,+210,+210,,,+202,,,,,-310,-285,-294,,-300,,,-285,-305,-305,,,-294,,,,
2024-04-06,Trey Lipscomb,/mlb/props/trey-lipscomb/,PHI at WSH,WSH,3B,0.5,+285,+260,+250,,+260,,,+250,,,,,+247,,,,,-425,-374,-380,,-380,,,-400,,,,,-374,,,,
2024-04-06,Trea Turner,/mlb/props/trea-turner/,PHI at WSH,PHI,SS,0.5,+155,+145,+140,,+145,,,+140,+138,+138,,,+139,,,,,-210,-190,-194,,-195,,,-190,-195,-195,,,-194,,,,
2024-04-06,Bryce Harper,/mlb/props/bryce-harper/,PHI at WSH,PHI,"1B,DH",0.5,+135,+129,+125,,+125,,,+125,+118,+118,,,+129,,,,,-180,-159,-170,,-170,,,-165,-159,-159,,,-179,,,,
2024-04-06,Ildemaro Vargas,/mlb/props/ildemaro-vargas/,PHI at WSH,ARI,"1B,2B",0.5,+245,+245,+219,,+245,,,+230,+200,+200,,,+219,,,,,-360,-295,-324,,-350,,,-350,-295,-295,,,-324,,,,
2024-04-06,Alec Bohm,/mlb/props/alec-bohm/,PHI at WSH,PHI,"1B,3B",0.5,+155,+170,+140,,+140,,,+135,+170,+170,,,+136,,,,,-210,-180,-190,,-190,,,-180,-245,-245,,,-189,,,,
2024-04-06,J.T. Realmuto,/mlb/props/jt-realmuto/,PHI at WSH,PHI,C,0.5,+130,+130,+126,,+130,,,+130,+125,+125,,,+126,,,,,-175,-174,-175,,-175,,,-175,-175,-175,,,-174,,,,
2024-04-06,Nick Castellanos,/mlb/props/nick-castellanos/,PHI at WSH,FA,"RF,DH",0.5,+175,+175,+165,,+170,,,+165,+175,+175,,,+159,,,,,-240,-224,-230,,-230,,,-225,-250,-250,,,-224,,,,
2024-04-06,CJ Abrams,/mlb/props/cj-abrams/,PHI at WSH,WSH,SS,0.5,+270,+270,+265,,+270,,,+250,+265,+265,,,+252,,,,,-400,-384,-400,,-400,,,-400,-420,-420,,,-384,,,,
2024-04-06,Lane Thomas,/mlb/props/lane-thomas/,PHI at WSH,KC,"LF,CF,RF",0.5,+195,+230,+210,,+210,,,+200,+230,+230,,,+196,,,,,-275,-284,-295,,-295,,,-285,-360,-360,,,-284,,,,
2024-04-06,Kyle Schwarber,/mlb/props/kyle-schwarber/,PHI at WSH,PHI,"LF,DH",0.5,+120,+140,+115,,+115,,,+115,+140,+140,,,+112,,,,,-160,-150,-154,,-150,,,-150,-195,-195,,,-154,,,,
2024-04-06,Joey Meneses,/mlb/props/joey-meneses/,PHI at WSH,ATH,1B,0.5,+175,+230,+195,,+195,,,+190,+230,+230,,,+184,,,,,-240,-264,-275,,-275,,,-275,-335,-335,,,-264,,,,
2024-04-06,Riley Adams,/mlb/props/riley-adams/,PHI at WSH,WSH,C,0.5,+245,+250,+230,,+230,,,+220,+250,+250,,,+208,,,,,-360,-304,-330,,-330,,,-330,-400,-400,,,-304,,,,
2024-04-06,Nasim Nunez,/mlb/props/nasim-nunez/,PHI at WSH,WSH,"2B,SS",0.5,+280,+300,+290,,+300,,,+280,+290,+290,,,+275,,,,,-450,-429,-450,,-450,,,-450,-480,-480,,,-429,,,,
2024-04-06,Bryson Stott,/mlb/props/bryson-stott-ss/,PHI at WSH,PHI,"2B,SS",0.5,+165,+188,+178,,+185,,,+170,+188,+188,,,+178,,,,,-225,-235,-254,,-255,,,-235,-275,-275,,,-254,,,,
2024-04-06,James McCann,/mlb/props/james-mccann/,BAL at PIT,ARI,C,0.5,+205,+205,+190,,+205,,,+190,+185,+185,,,+202,,,,,-290,-265,-275,,-290,,,-275,-265,-265,,,-294,,,,
2024-04-06,Oneil Cruz,/mlb/props/oneil-cruz-3b/,BAL at PIT,PIT,"CF,DH",0.5,+230,+245,+220,,+245,,,+220,+195,+195,,,+227,,,,,-330,-286,-330,,-360,,,-330,-286,-286,,,-339,,,,
2024-04-06,Anthony Santander,/mlb/props/anthony-santander/,BAL at PIT,TOR,"LF,RF,DH",0.5,+130,+130,+123,,+130,,,+125,+115,+115,,,+123,,,,,-175,-157,-165,,-170,,,-165,-157,-157,,,-169,,,,
2024-04-06,Jack Suwinski,/mlb/props/jack-suwinski/,BAL at PIT,LAD,"LF,CF,RF",0.5,+200,+200,+190,,+200,,,+190,+180,+180,,,+196,,,,,-280,-250,-275,,-280,,,-275,-250,-250,,,-284,,,,
2024-04-06,Cedric Mullins II,/mlb/props/cedric-mullins/,BAL at PIT,TB,CF,0.5,+210,+215,+200,,+215,,,+200,+190,+190,,,+196,,,,,-300,-278,-285,,-300,,,-285,-278,-278,,,-284,,,,
2024-04-06,Jared Triolo,/mlb/props/jared-triolo/,BAL at PIT,PIT,"1B,2B,3B,SS",0.5,+280,+260,+240,,+260,,,+240,+235,+235,,,+236,,,,,-425,-354,-360,,-380,,,-375,-360,-360,,,-354,,,,
2024-04-06,Rowdy Tellez,/mlb/props/rowdy-tellez/,BAL at PIT,ATL,1B,0.5,+255,+275,+250,,+275,,,+250,+220,+220,,,+252,,,,,-370,-335,-384,,-400,,,-400,-335,-335,,,-384,,,,
2024-04-06,Alika Williams,/mlb/props/alika-williams/,BAL at PIT,ATH,"2B,3B,SS",0.5,+340,+340,+311,,+340,,,,+280,+280,,,+311,,,,,-525,-455,-504,,-525,,,,-455,-455,,,-504,,,,
2024-04-06,Gunnar Henderson,/mlb/props/gunnar-henderson/,BAL at PIT,BAL,"SS,DH",0.5,+190,+190,+175,,+190,,,+175,+163,+163,,,+178,,,,,-260,-235,-250,,-260,,,-250,-235,-235,,,-254,,,,
2024-04-06,Jordan Westburg,/mlb/props/jordan-westburg/,BAL at PIT,BAL,"2B,3B",0.5,+190,+185,+172,,+185,,,+175,+155,+155,,,+172,,,,,-265,-220,-244,,-255,,,-250,-220,-220,,,-244,,,,
2024-04-06,Connor Joe,/mlb/props/connor-joe/,BAL at PIT,SEA,"LF,RF",0.5,+200,+205,+190,,+205,,,+190,,,,,+190,,,,,-275,-274,-275,,-290,,,-275,,,,,-274,,,,
2024-04-06,Austin Hays,/mlb/props/austin-hays/,BAL at PIT,CWS,"LF,DH",0.5,+195,+185,+175,,+185,,,+175,+165,+165,,,+178,,,,,-270,-235,-250,,-255,,,-250,-235,-235,,,-254,,,,
2024-04-06,Jorge Mateo,/mlb/props/jorge-mateo/,BAL at PIT,ATL,"2B,SS,CF,DH",0.5,+255,+250,+230,,+250,,,+230,,,,,+227,,,,,-370,-339,-350,,-370,,,-350,,,,,-339,,,,
2024-04-06,Bryan Reynolds,/mlb/props/bryan-reynolds/,BAL at PIT,PIT,"LF,CF,RF,DH",0.5,+230,+245,+230,,+245,,,+230,+210,+210,,,+219,,,,,-330,-305,-324,,-350,,,-350,-305,-305,,,-324,,,,
2024-04-06,Joey Bart,/mlb/props/joseph-bart/,BAL at PIT,ATL,C,0.5,+270,+280,+260,,+280,,,+260,+240,+240,,,+252,,,,,-400,-375,-384,,-425,,,-425,-375,-375,,,-384,,,,
2024-04-06,Edward Olivares,/mlb/props/edward-olivares/,BAL at PIT,FA,"LF,RF",0.5,+190,+190,+185,,+190,,,+185,+185,+185,,,+178,,,,,-265,-254,-260,,-265,,,-260,-265,-265,,,-254,,,,
2024-04-06,Michael A. Taylor,/mlb/props/michael-taylor/,BAL at PIT,FA,"LF,CF,RF",0.5,+280,+280,+262,,+280,,,+260,,,,,+262,,,,,-425,-404,-425,,-425,,,-425,,,,,-404,,,,
2024-04-06,Adley Rutschman,/mlb/props/adley-rutschman/,BAL at PIT,BAL,"C,DH",0.5,+185,+180,+170,,+180,,,+170,+175,+175,,,+165,,,,,-255,-234,-245,,-250,,,-235,-245,-245,,,-234,,,,
2024-04-06,Ryan Mountcastle,/mlb/props/ryan-mountcastle/,BAL at PIT,BAL,"1B,DH",0.5,+145,+140,+136,,+140,,,+140,+132,+132,,,+136,,,,,-200,-182,-189,,-190,,,-190,-182,-182,,,-189,,,,
2024-04-06,Ke'Bryan Hayes,/mlb/props/kebryan-hayes/,BAL at PIT,CIN,3B,0.5,+175,+188,+175,,+175,,,+170,+188,+188,,,+172,,,,,-240,-235,-244,,-240,,,-235,-265,-265,,,-244,,,,
2024-04-06,Christian Encarnacion-Strand,/mlb/props/christian-encarnacion-strand/,NYM at CIN,BAL,"1B,3B",0.5,+160,+155,+152,,+155,,,+145,+155,+155,,,+152,,,,,-215,-200,-205,,-205,,,-200,-215,-215,,,-214,,,,
2024-04-06,Brett Baty,/mlb/props/brett-baty/,NYM at CIN,NYM,"1B,2B,3B,RF",0.5,+235,+195,+184,,+195,,,+190,+163,+163,,,+184,,,,,-340,-235,-264,,-270,,,-275,-235,-235,,,-264,,,,
2024-04-06,Brandon Nimmo,/mlb/props/brandon-nimmo/,NYM at CIN,TEX,"LF,CF,RF,DH",0.5,+195,+185,+172,,+185,,,+185,+155,+155,,,+172,,,,,-270,-220,-244,,-255,,,-260,-220,-220,,,-244,,,,
2024-04-06,Elly De La Cruz,/mlb/props/elly-de-la-cruz/,NYM at CIN,CIN,SS,0.5,+190,+180,+165,,+180,,,+170,+155,+155,,,+165,,,,,-265,-225,-235,,-245,,,-235,-225,-225,,,-234,,,,
2024-04-06,Jonathan India,/mlb/props/jonathan-india/,NYM at CIN,KC,"2B,3B,LF,DH",0.5,+215,+205,+184,,+205,,,+190,+160,+160,,,+184,,,,,-300,-225,-264,,-285,,,-275,-225,-225,,,-264,,,,
2024-04-06,Spencer Steer,/mlb/props/spencer-steer/,NYM at CIN,CIN,"1B,2B,LF,RF",0.5,+185,+159,+155,,+155,,,+150,+155,+155,,,+159,,,,,-255,-210,-215,,-215,,,-210,-220,-220,,,-224,,,,
2024-04-06,Jeimer Candelario,/mlb/props/jeimer-candelario/,NYM at CIN,LAA,"1B,3B",0.5,+150,+145,+143,,+145,,,+140,+145,+145,,,+143,,,,,-200,-190,-199,,-190,,,-190,-200,-200,,,-199,,,,
2024-04-06,Jake Fraley,/mlb/props/jake-fraley/,NYM at CIN,TB,"LF,RF",0.5,+180,+180,+175,,+175,,,+170,+180,+180,,,+172,,,,,-250,-235,-244,,-235,,,-235,-250,-250,,,-244,,,,
2024-04-06,Starling Marte,/mlb/props/starling-marte/,NYM at CIN,KC,"LF,RF,DH",0.5,+230,+190,+178,,+190,,,+175,+170,+170,,,+178,,,,,-330,-240,-250,,-265,,,-250,-240,-240,,,-254,,,,
2024-04-06,Nick Martini,/mlb/props/nick-martini/,NYM at CIN,FA,"LF,RF,DH",0.5,+215,+185,+178,,+185,,,+175,,,,,+178,,,,,-310,-250,-254,,-260,,,-250,,,,,-254,,,,
2024-04-06,Omar Narvaez,/mlb/props/omar-narvaez/,NYM at CIN,FA,C,0.5,+285,+275,+250,,+275,,,+250,,,,,+247,,,,,-425,-374,-400,,-400,,,-400,,,,,-374,,,,
2024-04-06,Francisco Alvarez,/mlb/props/francisco-alvarez/,NYM at CIN,NYM,"C,DH",0.5,+175,+175,+165,,+175,,,+165,+155,+155,,,+159,,,,,-235,-220,-225,,-235,,,-225,-220,-220,,,-224,,,,
2024-04-06,Harrison Bader,/mlb/props/harrison-bader/,NYM at CIN,SF,"LF,CF,RF",0.5,+225,+235,+220,,+235,,,+220,,,,,+213,,,,,-320,-314,-330,,-340,,,-330,,,,,-314,,,,
2024-04-06,Jeff McNeil,/mlb/props/jeff-mcneil/,NYM at CIN,ATH,"2B,LF,CF,RF",0.5,+210,+210,+200,,+200,,,+190,+210,+210,,,+196,,,,,-295,-275,-285,,-285,,,-275,-315,-315,,,-284,,,,
2024-04-06,Francisco Lindor,/mlb/props/francisco-lindor/,NYM at CIN,NYM,SS,0.5,+170,+160,+152,,+155,,,+160,+145,+145,,,+152,,,,,-230,-200,-210,,-210,,,-215,-200,-200,,,-214,,,,
2024-04-06,Tyler Stephenson,/mlb/props/tyler-stephenson/,NYM at CIN,CIN,C,0.5,+235,+220,+210,,+220,,,+210,,,,,+202,,,,,-340,-294,-300,,-310,,,-300,,,,,-294,,,,
2024-04-06,Pete Alonso,/mlb/props/peter-alonso/,NYM at CIN,BAL,"1B,DH",0.5,+150,+145,+140,,+145,,,+140,+135,+135,,,+143,,,,,-200,-190,-195,,-195,,,-190,-190,-190,,,-199,,,,
2024-04-06,Tyrone Taylor,/mlb/props/tyrone-taylor/,NYM at CIN,NYM,"LF,CF,RF",0.5,+170,+175,+170,,+175,,,+170,+163,+163,,,+165,,,,,-235,-234,-235,,-240,,,-235,-235,-235,,,-234,,,,
2024-04-06,Will Benson,/mlb/props/will-benson/,NYM at CIN,CIN,"LF,CF,RF",0.5,+200,+180,+175,,+180,,,+175,,,,,+172,,,,,-275,-244,-245,,-245,,,-250,,,,,-244,,,,
2024-04-06,Josh Smith,/mlb/props/josh-smith-ss/,HOU at TEX,TEX,"1B,2B,3B,SS,LF,RF",0.5,+240,+245,+230,,+245,,,+230,,,,,+219,,,,,-350,-324,-350,,-350,,,-350,,,,,-324,,,,
2024-04-06,Corey Seager,/mlb/props/corey-seager/,HOU at TEX,TEX,SS,0.5,+125,+135,+125,,+125,,,+120,+135,+135,,,+120,,,,,-170,-160,-170,,-170,,,-160,-186,-186,,,-166,,,,
2024-04-06,Jake Meyers,/mlb/props/jacob-meyers/,HOU at TEX,HOU,CF,0.5,+255,+260,+250,,+260,,,+250,,,,,+247,,,,,-370,-374,-380,,-380,,,-400,,,,,-374,,,,
2024-04-06,Yordan Alvarez,/mlb/props/yordan-alvarez/,HOU at TEX,HOU,"LF,DH",0.5,+120,+125,+118,,+125,,,+125,+114,+114,,,+118,,,,,-165,-157,-163,,-165,,,-165,-157,-157,,,-163,,,,
2024-04-06,Kyle Tucker,/mlb/props/kyle-tucker/,HOU at TEX,LAD,"RF,DH",0.5,+155,+155,+145,,+155,,,+145,+138,+138,,,+143,,,,,-205,-195,-200,,-205,,,-200,-195,-195,,,-199,,,,
2024-04-06,Leody Taveras,/mlb/props/leody-taveras-of/,HOU at TEX,BAL,"CF,RF",0.5,+220,+225,+210,,+225,,,+210,,,,,+202,,,,,-310,-294,-300,,-320,,,-300,,,,,-294,,,,
2024-04-06,Marcus Semien,/mlb/props/marcus-semien/,HOU at TEX,NYM,2B,0.5,+140,+135,+130,,+135,,,+130,+135,+135,,,+129,,,,,-185,-175,-180,,-180,,,-175,-190,-190,,,-179,,,,
2024-04-06,Jonah Heim,/mlb/props/jonah-heim/,HOU at TEX,ATH,"C,DH",0.5,+185,+205,+190,,+190,,,+175,+205,+205,,,+172,,,,,-255,-244,-260,,-260,,,-250,-305,-305,,,-244,,,,
2024-04-06,Wyatt Langford,/mlb/props/wyatt-langford/,HOU at TEX,TEX,"LF,CF",0.5,+155,+155,+150,,+150,,,+145,+155,+155,,,+143,,,,,-210,-199,-205,,-205,,,-200,-215,-215,,,-199,,,,
2024-04-06,Chas McCormick,/mlb/props/chas-mccormick/,HOU at TEX,CHC,"LF,CF,RF",0.5,+215,+205,+190,,+205,,,+190,+188,+188,,,+190,,,,,-300,-265,-275,,-285,,,-275,-265,-265,,,-274,,,,
2024-04-06,Jose Abreu,/mlb/props/jose-dariel-abreu/,HOU at TEX,FA,1B,0.5,+180,+185,+175,,+185,,,+175,+165,+165,,,+172,,,,,-245,-240,-250,,-260,,,-250,-240,-240,,,-244,,,,
2024-04-06,Adolis Garcia,/mlb/props/jose-adolis-garcia/,HOU at TEX,PHI,RF,0.5,-120,-114,-125,,-125,,,-125,-114,-114,,,-125,,,,,-110,-105,-109,,-105,,,-105,-118,-118,,,-109,,,,
2024-04-06,Yainer Diaz,/mlb/props/yainer-diaz-c/,HOU at TEX,HOU,"C,DH",0.5,+140,+136,+130,,+135,,,+130,+128,+128,,,+136,,,,,-190,-175,-180,,-180,,,-175,-177,-177,,,-189,,,,
2024-04-06,Jeremy Pena,/mlb/props/jeremy-pena/,HOU at TEX,HOU,SS,0.5,+210,+205,+202,,+205,,,+190,,,,,+202,,,,,-290,-275,-290,,-290,,,-275,,,,,-294,,,,
2024-04-06,Jared Walsh,/mlb/props/jared-walsh/,HOU at TEX,FA,"1B,RF",0.5,+210,+215,+210,,+215,,,+210,+210,+210,,,+202,,,,,-300,-294,-300,,-300,,,-300,-315,-315,,,-294,,,,
2024-04-06,Evan Carter,/mlb/props/evan-carter/,HOU at TEX,TEX,"LF,CF,RF",0.5,+210,+210,+200,,+210,,,+200,+190,+190,,,+196,,,,,-295,-278,-285,,-300,,,-285,-278,-278,,,-284,,,,
2024-04-06,Jose Altuve,/mlb/props/jose-altuve/,HOU at TEX,HOU,"2B,LF,DH",0.5,+190,+195,+185,,+195,,,+185,+185,+185,,,+178,,,,,-260,-254,-260,,-270,,,-260,-265,-265,,,-254,,,,
2024-04-06,Alex Bregman,/mlb/props/alex-bregman/,HOU at TEX,CHC,"3B,DH",0.5,+160,+160,+159,,+160,,,+160,+143,+143,,,+159,,,,,-220,-200,-215,,-220,,,-215,-200,-200,,,-224,,,,
2024-04-06,George Springer,/mlb/props/george-springer/,TOR at NYY,TOR,"LF,CF,RF,DH",0.5,+245,+260,+245,,+260,,,+240,+245,+245,,,+236,,,,,-350,-354,-375,,-380,,,-375,-385,-385,,,-354,,,,
2024-04-06,Alex Verdugo,/mlb/props/alex-verdugo/,TOR at NYY,FA,"LF,RF",0.5,+260,+250,+230,,+250,,,+230,+250,+250,,,+227,,,,,-380,-339,-360,,-360,,,-350,-375,-375,,,-339,,,,
2024-04-06,Anthony Volpe,/mlb/props/anthony-volpe/,TOR at NYY,NYY,SS,0.5,+285,+280,+265,,+280,,,+260,+265,+265,,,+262,,,,,-425,-404,-420,,-425,,,-425,-420,-420,,,-404,,,,
2024-04-06,Davis Schneider,/mlb/props/davis-schneider/,TOR at NYY,TOR,"2B,LF",0.5,+255,+260,+235,,+235,,,+220,+260,+260,,,+219,,,,,-370,-324,-340,,-340,,,-330,-420,-420,,,-324,,,,
2024-04-06,Daniel Vogelbach,/mlb/props/dan-vogelbach/,TOR at NYY,FA,DH,0.5,+225,+230,+225,,+225,,,+210,+230,+230,,,+208,,,,,-320,-300,-320,,-320,,,-300,-335,-335,,,-304,,,,
2024-04-06,Anthony Rizzo,/mlb/props/anthony-rizzo/,TOR at NYY,FA,1B,0.5,+190,+230,+190,,+190,,,+185,+230,+230,,,+184,,,,,-265,-260,-265,,-265,,,-260,-360,-360,,,-264,,,,
2024-04-06,Gleyber Torres,/mlb/props/gleyber-torres/,TOR at NYY,DET,2B,0.5,+225,+230,+220,,+220,,,+210,+230,+230,,,+208,,,,,-320,-300,-310,,-310,,,-300,-335,-335,,,-304,,,,
2024-04-06,Bo Bichette,/mlb/props/bo-bichette/,TOR at NYY,NYM,"3B,SS",0.5,+205,+200,+195,,+195,,,+190,+200,+200,,,+190,,,,,-285,-270,-275,,-270,,,-275,-295,-295,,,-274,,,,
2024-04-06,Giancarlo Stanton,/mlb/props/giancarlo-stanton/,TOR at NYY,NYY,"LF,RF,DH",0.5,+215,+210,+205,,+205,,,+190,+210,+210,,,+190,,,,,-300,-274,-290,,-290,,,-275,-315,-315,,,-274,,,,
2024-04-06,Isiah Kiner-Falefa,/mlb/props/isiah-kiner-falefa/,TOR at NYY,BOS,"2B,3B,SS",0.5,+310,+295,+275,,+295,,,+260,,,,,+275,,,,,-475,-425,-429,,-450,,,-425,,,,,-429,,,,
2024-04-06,Brian Serven,/mlb/props/brian-serven/,TOR at NYY,ATH,C,0.5,+350,+350,+323,,+350,,,+320,,,,,+323,,,,,-550,-529,-550,,-550,,,-600,,,,,-529,,,,
2024-04-06,Vladimir Guerrero Jr.,/mlb/props/vladimir-guerrero-jr/,TOR at NYY,TOR,"1B,DH",0.5,+195,+205,+190,,+205,,,+190,+200,+200,,,+184,,,,,-270,-264,-275,,-290,,,-275,-295,-295,,,-264,,,,
2024-04-06,Juan Soto,/mlb/props/juan-soto/,TOR at NYY,NYM,"LF,RF,DH",0.5,+220,+225,+215,,+215,,,+200,+225,+225,,,+208,,,,,-310,-285,-304,,-300,,,-285,-345,-345,,,-304,,,,
2024-04-06,Austin Wells,/mlb/props/austin-wells/,TOR at NYY,NYY,C,0.5,+250,+230,+219,,+230,,,,,,,,+219,,,,,-360,-324,-330,,-330,,,,,,,,-324,,,,
2024-04-06,Oswaldo Cabrera,/mlb/props/oswaldo-cabrera/,TOR at NYY,NYY,3B,0.5,+330,+285,+262,,+285,,,+260,,,,,+262,,,,,-500,-404,-425,,-425,,,-425,,,,,-404,,,,
2024-04-06,Aaron Judge,/mlb/props/aaron-judge/,TOR at NYY,NYY,"LF,CF,RF,DH",0.5,+145,+155,+140,,+140,,,+140,+155,+155,,,+139,,,,,-190,-190,-194,,-190,,,-190,-225,-225,,,-194,,,,
2024-04-06,Daulton Varsho,/mlb/props/daulton-varsho/,TOR at NYY,TOR,"LF,CF",0.5,+235,+230,+220,,+230,,,+220,+215,+215,,,+219,,,,,-340,-315,-324,,-330,,,-330,-315,-315,,,-324,,,,
2024-04-06,Cavan Biggio,/mlb/props/cavan-biggio/,TOR at NYY,HOU,"1B,2B,RF",0.5,+295,+300,+280,,+280,,,+260,+300,+300,,,+262,,,,,-450,-404,-425,,-425,,,-425,-500,-500,,,-404,,,,
2024-04-06,Alejandro Kirk,/mlb/props/alejandro-kirk/,TOR at NYY,TOR,C,0.5,+250,+240,+220,,+240,,,+220,+205,+205,,,+219,,,,,-360,-305,-324,,-350,,,-330,-305,-305,,,-324,,,,
2024-04-06,Justin Turner,/mlb/props/justin-turner/,TOR at NYY,FA,"1B,3B",0.5,+195,+190,+180,,+190,,,+175,+180,+180,,,+172,,,,,-275,-244,-250,,-260,,,-250,-265,-265,,,-244,,,,
2024-04-06,Kevin Kiermaier,/mlb/props/kevin-kiermaier/,TOR at NYY,FA,CF,0.5,+330,+330,+300,,+330,,,+300,,,,,+300,,,,,-525,-479,-525,,-525,,,-550,,,,,-479,,,,
2024-04-06,Ernie Clement,/mlb/props/ernie-clement/,TOR at NYY,TOR,"1B,2B,3B,SS",0.5,+295,+295,+275,,+295,,,+280,+240,+240,,,+275,,,,,-450,-375,-429,,-450,,,-450,-375,-375,,,-429,,,,
2024-04-06,Jorge Polanco,/mlb/props/jorge-polanco/,SEA at MIL,NYM,"2B,3B,DH",0.5,+190,+175,+170,,+175,,,+170,+155,+155,,,+159,,,,,-260,-220,-235,,-240,,,-235,-220,-220,,,-224,,,,
2024-04-06,Sal Frelick,/mlb/props/sal-frelick/,SEA at MIL,MIL,"LF,CF,RF",0.5,+255,+255,+240,,+255,,,+240,+220,+220,,,+227,,,,,-370,-335,-370,,-370,,,-375,-335,-335,,,-339,,,,
2024-04-06,Mitch Garver,/mlb/props/mitch-garver/,SEA at MIL,SEA,"C,DH",0.5,+180,+200,+180,,+180,,,+170,+200,+200,,,+172,,,,,-250,-235,-250,,-250,,,-235,-295,-295,,,-244,,,,
2024-04-06,Joey Ortiz,/mlb/props/joey-ortiz/,SEA at MIL,MIL,"3B,SS",0.5,+300,+290,+275,,+290,,,+260,,,,,+275,,,,,-450,-425,-425,,-425,,,-425,,,,,-429,,,,
2024-04-06,Christian Yelich,/mlb/props/christian-yelich/,SEA at MIL,MIL,"LF,DH",0.5,+170,+172,+170,,+170,,,+155,+155,+155,,,+172,,,,,-235,-210,-220,,-235,,,-210,-220,-220,,,-244,,,,
2024-04-06,Dylan Moore,/mlb/props/dylan-moore/,SEA at MIL,PHI,"1B,2B,3B,LF,RF",0.5,+300,+285,+275,,+285,,,+260,,,,,+275,,,,,-450,-425,-425,,-425,,,-425,,,,,-429,,,,
2024-04-06,Gary Sanchez,/mlb/props/gary-sanchez/,SEA at MIL,MIL,"C,1B,DH",0.5,+195,+195,+190,,+195,,,+190,,,,,+184,,,,,-275,-264,-275,,-275,,,-275,,,,,-264,,,,
2024-04-06,Rhys Hoskins,/mlb/props/rhys-hoskins/,SEA at MIL,CLE,"1B,DH",0.5,+160,+165,+160,,+160,,,+160,+165,+165,,,+146,,,,,-215,-204,-215,,-215,,,-215,-230,-230,,,-204,,,,
2024-04-06,Samad Taylor,/mlb/props/samad-taylor/,SEA at MIL,SD,"2B,LF,RF",0.5,+330,+300,+300,,+300,,,+300,,,,,+275,,,,,-525,-429,-475,,-475,,,-500,,,,,-429,,,,
2024-04-06,Mitch Haniger,/mlb/props/mitch-haniger/,SEA at MIL,FA,RF,0.5,+175,+160,+152,,+160,,,+150,+160,+160,,,+152,,,,,-240,-210,-215,,-215,,,-210,-225,-225,,,-214,,,,
2024-04-06,J.P. Crawford,/mlb/props/jp-crawford/,SEA at MIL,SEA,"3B,SS",0.5,+245,+240,+213,,+240,,,+230,+185,+180,,,+213,,,,,-350,-265,-314,,-350,,,-350,-265,-265,,,-314,,,,
2024-04-06,Jackson Chourio,/mlb/props/jackson-chourio/,SEA at MIL,MIL,"LF,CF,RF",0.5,+210,+240,+230,,+240,,,+230,+230,+230,,,+227,,,,,-295,-335,-339,,-350,,,-350,-335,-335,,,-339,,,,
2024-04-06,William Contreras,/mlb/props/william-contreras/,SEA at MIL,MIL,"C,DH",0.5,+190,+188,+180,,+180,,,+175,+188,+188,,,+172,,,,,-260,-244,-250,,-250,,,-250,-275,-275,,,-244,,,,
2024-04-06,Luis Urias,/mlb/props/luis-urias/,SEA at MIL,TOR,"2B,3B",0.5,+270,+250,+236,,+250,,,+230,,,,,+236,,,,,-400,-350,-354,,-360,,,-350,,,,,-354,,,,
2024-04-06,Cal Raleigh,/mlb/props/caleb-raleigh/,SEA at MIL,SEA,"C,DH",0.5,+195,+195,+175,,+175,,,+170,+195,+195,,,+165,,,,,-270,-234,-235,,-235,,,-235,-278,-278,,,-234,,,,
2024-04-06,Jake Bauers,/mlb/props/jake-bauers/,SEA at MIL,MIL,"1B,LF,RF",0.5,+185,+185,+184,,+185,,,+175,,,,,+184,,,,,-255,-250,-255,,-255,,,-250,,,,,-264,,,,
2024-04-06,Brice Turang,/mlb/props/brice-turang/,SEA at MIL,MIL,2B,0.5,+265,+290,+262,,+290,,,+260,,,,,+262,,,,,-390,-404,-425,,-425,,,-425,,,,,-404,,,,
2024-04-06,Willy Adames,/mlb/props/willy-adames/,SEA at MIL,SF,SS,0.5,+155,+160,+155,,+155,,,+150,+160,+160,,,+146,,,,,-210,-204,-210,,-210,,,-210,-225,-225,,,-204,,,,
2024-04-06,Julio Rodriguez,/mlb/props/julio-rodriguez-of/,SEA at MIL,SEA,CF,0.5,+195,+185,+150,,+185,,,+150,+143,+145,,,+178,,,,,-270,-200,-210,,-255,,,-210,-200,-200,,,-254,,,,
2024-04-06,Oliver Dunn,/mlb/props/oliver-dunn/,SEA at MIL,TB,3B,0.5,+205,+175,+170,,+175,,,+170,+165,+165,,,+165,,,,,-290,-234,-235,,-240,,,-235,-240,-240,,,-234,,,,
2024-04-06,Hunter Renfroe,/mlb/props/hunter-renfroe/,CWS at KC,FA,RF,0.5,+150,+150,+145,,+150,,,+145,,,,,+136,,,,,-200,-189,-200,,-200,,,-200,,,,,-189,,,,
2024-04-06,Kevin Pillar,/mlb/props/kevin-pillar/,CWS at KC,FA,"LF,CF,RF",0.5,+190,+190,+185,,+190,,,+185,+175,+175,,,+178,,,,,-265,-245,-254,,-265,,,-260,-245,-245,,,-254,,,,
2024-04-06,Nicky Lopez,/mlb/props/nicky-lopez/,CWS at KC,TEX,"2B,3B,SS",0.5,+300,+320,+300,,+320,,,+300,,,,,+300,,,,,-450,-479,-500,,-500,,,-500,,,,,-479,,,,
2024-04-06,Salvador Perez,/mlb/props/salvador-perez/,CWS at KC,KC,"C,1B,DH",0.5,-125,-112,-123,,-125,,,-125,-112,-112,,,-123,,,,,-105,-105,-111,,-105,,,-105,-122,-122,,,-111,,,,
2024-04-06,Luis Robert Jr.,/mlb/props/luis-robert/,CWS at KC,NYM,CF,0.5,+130,+130,+125,,+130,,,+125,,,,,+118,,,,,-170,-163,-165,,-170,,,-165,,,,,-163,,,,
2024-04-06,Gavin Sheets,/mlb/props/gavin-sheets/,CWS at KC,SD,"1B,LF,RF,DH",0.5,+230,+230,+213,,+230,,,+220,+195,+195,,,+213,,,,,-330,-278,-314,,-330,,,-330,-278,-278,,,-314,,,,
2024-04-06,Garrett Hampson,/mlb/props/garrett-hampson/,CWS at KC,CIN,"2B,LF,CF",0.5,+230,+230,+220,,+230,,,+220,,,,,+213,,,,,-330,-314,-330,,-330,,,-330,,,,,-314,,,,
2024-04-06,Andrew Vaughn,/mlb/props/andrew-vaughn-1b/,CWS at KC,MIL,1B,0.5,+145,+155,+140,,+140,,,+140,+155,+155,,,+139,,,,,-200,-190,-194,,-190,,,-190,-220,-220,,,-194,,,,
2024-04-06,Andrew Benintendi,/mlb/props/andrew-benintendi/,CWS at KC,CWS,"LF,DH",0.5,+285,+300,+275,,+300,,,+280,+245,+245,,,+275,,,,,-425,-385,-429,,-450,,,-450,-385,-385,,,-429,,,,
2024-04-06,Vinnie Pasquantino,/mlb/props/vinnie-pasquantino/,CWS at KC,KC,"1B,DH",0.5,+155,+160,+152,,+160,,,+150,+148,+148,,,+152,,,,,-205,-210,-214,,-215,,,-210,-210,-210,,,-214,,,,
2024-04-06,MJ Melendez,/mlb/props/mj-melendez/,CWS at KC,NYM,"LF,DH",0.5,+185,+185,+175,,+185,,,+175,+155,+155,,,+178,,,,,-255,-220,-250,,-255,,,-250,-220,-220,,,-254,,,,
2024-04-06,Paul DeJong,/mlb/props/paul-dejong/,CWS at KC,FA,"2B,3B,SS",0.5,+215,+215,+202,,+215,,,+200,+195,+195,,,+202,,,,,-300,-285,-294,,-300,,,-285,-286,-286,,,-294,,,,
2024-04-06,Maikel Garcia,/mlb/props/maikel-garcia/,CWS at KC,KC,"2B,3B,SS,OF",0.5,+160,+160,+152,,+160,,,+150,+148,+148,,,+152,,,,,-215,-205,-210,,-215,,,-210,-205,-205,,,-214,,,,
2024-04-06,Braden Shewmake,/mlb/props/braden-shewmake/,CWS at KC,HOU,"2B,3B,SS",0.5,+255,+255,+240,,+255,,,+240,+225,+225,,,+236,,,,,-370,-335,-354,,-370,,,-375,-335,-335,,,-354,,,,
2024-04-06,Lenyn Sosa,/mlb/props/lenyn-sosa/,CWS at KC,TOR,"1B,2B,DH",0.5,+195,+195,+185,,+195,,,+185,+185,+185,,,+184,,,,,-270,-260,-270,,-270,,,-260,-275,-275,,,-264,,,,
2024-04-06,Dominic Fletcher,/mlb/props/dominic-fletcher/,CWS at KC,PIT,"CF,RF",0.5,+270,+280,+260,,+280,,,+260,+275,+275,,,+247,,,,,-390,-374,-420,,-425,,,-425,-420,-420,,,-374,,,,
2024-04-06,Adam Frazier,/mlb/props/adam-frazier/,CWS at KC,LAA,"2B,LF,RF",0.5,+285,+285,+280,,+285,,,+280,,,,,+252,,,,,-425,-384,-425,,-425,,,-450,,,,,-384,,,,
2024-04-06,Martin Maldonado,/mlb/props/martin-maldonado/,CWS at KC,FA,C,0.5,+270,+280,+260,,+280,,,+260,,,,,+252,,,,,-400,-384,-425,,-425,,,-425,,,,,-384,,,,
2024-04-06,Nick Loftin,/mlb/props/nick-loftin/,CWS at KC,KC,"2B,3B,LF",0.5,+185,+185,+172,,+185,,,,,,,,+172,,,,,-255,-244,-255,,-255,,,,,,,,-244,,,,
2024-04-06,Kyle Isbel,/mlb/props/kyle-isbel/,CWS at KC,KC,CF,0.5,+260,+250,+230,,+250,,,+230,,,,,+227,,,,,-380,-339,-350,,-360,,,-350,,,,,-339,,,,
2024-04-06,Bobby Witt Jr.,/mlb/props/bobby-witt-jr/,CWS at KC,KC,SS,0.5,+100,+102,+100,,+100,,,+100,+102,+102,,,-106,,,,,-130,-129,-130,,-130,,,-130,-139,-139,,,-129,,,,
2024-04-06,Yoan Moncada,/mlb/props/yoan-moncada/,CWS at KC,LAA,3B,0.5,+280,+280,+260,,+280,,,+260,+235,+235,,,+262,,,,,-425,-360,-404,,-425,,,-425,-360,-360,,,-404,,,,
2024-04-06,Nelson Velazquez,/mlb/props/nelson-velazquez/,CWS at KC,STL,"LF,RF,DH",0.5,+125,+130,+120,,+120,,,+120,+130,+130,,,+120,,,,,-170,-160,-166,,-160,,,-160,-180,-180,,,-166,,,,
2024-04-06,Robbie Grossman,/mlb/props/robbie-grossman/,CWS at KC,FA,"LF,RF",0.5,+265,+250,+247,,+250,,,+230,,,,,+247,,,,,-390,-350,-360,,-360,,,-350,,,,,-374,,,,
2024-04-06,Travis d'Arnaud,/mlb/props/travis-darnaud/,ARI at ATL,LAA,C,0.5,+175,+180,+175,,+175,,,+170,+180,+180,,,+172,,,,,-240,-235,-244,,-240,,,-235,-250,-250,,,-244,,,,
2024-04-06,Lourdes Gurriel Jr.,/mlb/props/lourdes-gurriel-jr/,ARI at ATL,ARI,"LF,DH",0.5,+170,+170,+165,,+170,,,+165,+170,+170,,,+165,,,,,-235,-225,-235,,-235,,,-225,-245,-245,,,-234,,,,
2024-04-06,Michael Harris II,/mlb/props/michael-harris/,ARI at ATL,ATL,CF,0.5,+180,+172,+170,,+170,,,+165,+165,+165,,,+172,,,,,-245,-225,-230,,-230,,,-225,-240,-240,,,-244,,,,
2024-04-06,Orlando Arcia,/mlb/props/orlando-arcia/,ARI at ATL,MIN,"1B,2B,3B,SS",0.5,+185,+185,+178,,+185,,,+175,+185,+185,,,+178,,,,,-260,-250,-260,,-260,,,-250,-265,-265,,,-254,,,,
2024-04-06,Jace Peterson,/mlb/props/jace-peterson/,ARI at ATL,FA,"2B,3B,SS",0.5,+425,+425,+380,,+425,,,+380,,,,,+376,,,,,-750,-654,-750,,-750,,,-750,,,,,-654,,,,
2024-04-06,Jake McCarthy,/mlb/props/jake-mccarthy/,ARI at ATL,COL,"LF,CF,RF",0.5,+290,+290,+260,,+290,,,+260,+245,+245,,,+275,,,,,-425,-385,-425,,-425,,,-425,-385,-385,,,-429,,,,
2024-04-06,Matt Olson,/mlb/props/matt-olson/,ARI at ATL,ATL,1B,0.5,+140,+140,+139,,+140,,,+140,+132,+132,,,+139,,,,,-190,-182,-190,,-190,,,-190,-182,-182,,,-194,,,,
2024-04-06,Jarred Kelenic,/mlb/props/jarred-kelenic/,ARI at ATL,TEX,"LF,CF,RF",0.5,+260,+250,+240,,+250,,,+240,+240,+240,,,+227,,,,,-380,-339,-360,,-360,,,-375,-375,-375,,,-339,,,,
2024-04-06,Eugenio Suarez,/mlb/props/eugenio-suarez/,ARI at ATL,CIN,"3B,DH",0.5,+230,+220,+213,,+220,,,+210,+205,+205,,,+213,,,,,-330,-300,-305,,-310,,,-300,-305,-305,,,-314,,,,
2024-04-06,Christian Walker,/mlb/props/christian-walker/,ARI at ATL,HOU,1B,0.5,+185,+175,+160,,+175,,,+155,+160,+160,,,+172,,,,,-255,-215,-225,,-240,,,-215,-225,-225,,,-244,,,,
2024-04-06,Ronald Acuna Jr.,/mlb/props/ronald-acuna/,ARI at ATL,ATL,RF,0.5,+135,+135,+126,,+135,,,+130,+116,+116,,,+126,,,,,-180,-157,-174,,-180,,,-175,-157,-157,,,-174,,,,
2024-04-06,Austin Riley,/mlb/props/austin-riley/,ARI at ATL,ATL,3B,0.5,+135,+135,+126,,+135,,,+130,+120,+120,,,+126,,,,,-185,-167,-175,,-185,,,-175,-167,-167,,,-174,,,,
2024-04-06,Ketel Marte,/mlb/props/ketel-marte/,ARI at ATL,ARI,"2B,DH",0.5,+205,+195,+184,,+195,,,+185,+170,+170,,,+184,,,,,-290,-245,-260,,-275,,,-260,-245,-245,,,-264,,,,
2024-04-06,Gabriel Moreno,/mlb/props/gabriel-moreno/,ARI at ATL,ARI,C,0.5,+285,+250,+245,,+250,,,+240,+245,+245,,,+236,,,,,-425,-354,-370,,-370,,,-375,-385,-385,,,-354,,,,
2024-04-06,Blaze Alexander,/mlb/props/blaze-alexander/,ARI at ATL,BAL,"2B,3B,SS,LF,CF",0.5,+300,+270,+255,,+270,,,,+255,+255,,,+252,,,,,-475,-384,-400,,-400,,,,-400,-400,,,-384,,,,
2024-04-06,Ozzie Albies,/mlb/props/ozhaino-albies/,ARI at ATL,ATL,2B,0.5,+155,+155,+146,,+155,,,+150,+125,+125,,,+146,,,,,-210,-175,-204,,-210,,,-210,-175,-175,,,-204,,,,
2024-04-06,Randal Grichuk,/mlb/props/randal-grichuk/,ARI at ATL,CWS,"LF,RF,DH",0.5,+200,+205,+190,,+190,,,+185,+205,+205,,,+178,,,,,-280,-254,-265,,-265,,,-260,-305,-305,,,-254,,,,
2024-04-06,Marcell Ozuna,/mlb/props/marcell-ozuna/,ARI at ATL,PIT,DH,0.5,+135,+135,+133,,+135,,,+135,+132,+132,,,+133,,,,,-180,-180,-180,,-180,,,-180,-180,-180,,,-184,,,,
2024-04-06,Corbin Carroll,/mlb/props/corbin-carroll-of/,ARI at ATL,ARI,"CF,RF",0.5,+255,+255,+240,,+255,,,+240,+235,+235,,,+236,,,,,-370,-345,-354,,-370,,,-375,-345,-345,,,-354,,,,
2024-04-06,Brendan Rodgers,/mlb/props/brendan-rodgers/,TB at COL,BOS,2B,0.5,+146,+150,+145,,+145,,,+140,+150,+150,,,+139,,,,,-204,-190,-195,,-195,,,-190,-210,-210,,,-194,,,,
2024-04-06,Amed Rosario,/mlb/props/amed-rosario/,TB at COL,NYY,"2B,3B,OF",0.5,+140,+160,+140,,+140,,,+135,+160,+160,,,+133,,,,,-185,-180,-185,,-185,,,-180,-225,-225,,,-184,,,,
2024-04-06,Ryan McMahon,/mlb/props/ryan-mcmahon/,TB at COL,NYY,3B,0.5,+143,+145,+143,,+145,,,+145,+143,+143,,,+143,,,,,-199,-199,-200,,-200,,,-200,-200,-200,,,-199,,,,
2024-04-06,Yandy Diaz,/mlb/props/yandy-diaz/,TB at COL,TB,"1B,DH",0.5,+159,+150,+140,,+150,,,+140,+133,+133,,,+146,,,,,-224,-186,-190,,-200,,,-190,-186,-186,,,-204,,,,
2024-04-06,Jose Siri,/mlb/props/jose-siri/,TB at COL,LAA,"LF,CF",0.5,+165,+165,+159,,+165,,,+150,,,,,+159,,,,,-234,-210,-220,,-220,,,-210,,,,,-224,,,,
2024-04-06,Ezequiel Tovar,/mlb/props/ezequiel-tovar/,TB at COL,COL,SS,0.5,+146,+170,+160,,+155,,,+160,+170,+170,,,+146,,,,,-204,-204,-215,,-215,,,-215,-240,-240,,,-204,,,,
2024-04-06,Isaac Paredes,/mlb/props/isaac-paredes/,TB at COL,HOU,"1B,3B,DH",0.5,+116,+115,+108,,+115,,,+115,+107,+107,,,+108,,,,,-160,-143,-148,,-155,,,-150,-143,-143,,,-148,,,,
2024-04-06,Ben Rortvedt,/mlb/props/benjamin-rortvedt/,TB at COL,NYM,C,0.5,+152,+155,+152,,+155,,,+150,,,,,+152,,,,,-214,-205,-210,,-205,,,-210,,,,,-214,,,,
2024-04-06,Brenton Doyle,/mlb/props/brenton-doyle/,TB at COL,COL,CF,0.5,+172,+190,+185,,+190,,,+175,+185,+185,,,+172,,,,,-244,-244,-260,,-260,,,-250,-275,-275,,,-244,,,,
2024-04-06,Richie Palacios,/mlb/props/richie-palacios/,TB at COL,TB,"2B,LF",0.5,+133,+130,+125,,+130,,,+125,+120,+120,,,+123,,,,,-184,-165,-169,,-175,,,-165,-165,-165,,,-169,,,,
2024-04-06,Kris Bryant,/mlb/props/kris-bryant/,TB at COL,COL,DH,0.5,+108,+107,+100,,+100,,,+100,+107,+107,,,-101,,,,,-148,-130,-135,,-135,,,-130,-143,-143,,,-135,,,,
2024-04-06,Brandon Lowe,/mlb/props/brandon-lowe/,TB at COL,PIT,2B,0.5,+120,+115,+114,,+115,,,+115,+114,+114,,,+112,,,,,-166,-150,-154,,-155,,,-150,-155,-155,,,-154,,,,
2024-04-06,Elehuris Montero,/mlb/props/elehuris-montero-3b/,TB at COL,FA,"1B,3B",0.5,+152,+145,+140,,+145,,,+140,,,,,+139,,,,,-214,-190,-194,,-200,,,-190,,,,,-194,,,,
2024-04-06,Jose Caballero,/mlb/props/jose-caballero/,TB at COL,NYY,"2B,3B,SS,LF,RF",0.5,+184,+180,+172,,+180,,,+170,,,,,+172,,,,,-264,-235,-244,,-245,,,-235,,,,,-244,,,,
2024-04-06,Harold Ramirez,/mlb/props/harold-ramirez-of/,TB at COL,FA,"LF,RF,DH",0.5,+123,+128,+123,,+120,,,+120,+128,+128,,,+123,,,,,-169,-160,-169,,-160,,,-160,-175,-175,,,-169,,,,
2024-04-06,Nolan Jones,/mlb/props/nolan-jones-3b/,TB at COL,CWS,"LF,CF,RF",0.5,+146,+145,+140,,+145,,,+140,+145,+145,,,+126,,,,,-204,-174,-190,,-195,,,-190,-200,-200,,,-174,,,,
2024-04-06,Randy Arozarena,/mlb/props/randy-arozarena/,TB at COL,SEA,"LF,CF",0.5,+146,+140,+136,,+140,,,+140,+130,+130,,,+136,,,,,-204,-180,-189,,-190,,,-190,-180,-180,,,-189,,,,
2024-04-06,Charlie Blackmon,/mlb/props/charlie-blackmon/,TB at COL,FA,"RF,DH",0.5,+159,+188,+170,,+170,,,+165,+188,+188,,,+159,,,,,-224,-224,-230,,-230,,,-225,-265,-265,,,-224,,,,
2024-04-06,Elias Diaz,/mlb/props/elias-diaz/,TB at COL,TEX,C,0.5,+126,+120,+110,,+120,,,+120,+110,+110,,,+102,,,,,-174,-139,-150,,-160,,,-160,-150,-150,,,-139,,,,
2024-04-06,Graham Pauley,/mlb/props/graham-pauley/,SD at SF,MIA,"1B,3B",0.5,+255,+240,+230,,+240,,,+230,,,,,+227,,,,,-370,-339,-350,,-350,,,-350,,,,,-339,,,,
2024-04-06,Fernando Tatis Jr.,/mlb/props/fernando-tatis-jr/,SD at SF,SD,"2B,RF",0.5,+195,+180,+172,,+180,,,+175,+165,+165,,,+172,,,,,-270,-230,-244,,-245,,,-250,-230,-230,,,-244,,,,
2024-04-06,Manny Machado,/mlb/props/manny-machado/,SD at SF,SD,"3B,DH",0.5,+150,+155,+145,,+145,,,+140,+155,+155,,,+143,,,,,-200,-190,-199,,-195,,,-190,-215,-215,,,-199,,,,
2024-04-06,Michael Conforto,/mlb/props/michael-conforto/,SD at SF,CHC,"LF,RF,DH",0.5,+190,+180,+170,,+180,,,+170,+175,+175,,,+165,,,,,-260,-234,-245,,-245,,,-235,-250,-250,,,-234,,,,
2024-04-06,Jorge Soler,/mlb/props/jorge-soler/,SD at SF,LAA,"RF,DH",0.5,+165,+160,+159,,+160,,,+160,+155,+155,,,+159,,,,,-225,-215,-220,,-220,,,-215,-220,-220,,,-224,,,,
2024-04-06,Jurickson Profar,/mlb/props/jurickson-profar/,SD at SF,ATL,LF,0.5,+200,+205,+200,,+200,,,+190,+205,+205,,,+190,,,,,-280,-274,-275,,-275,,,-275,-305,-305,,,-274,,,,
2024-04-06,Xander Bogaerts,/mlb/props/xander-bogaerts/,SD at SF,SD,SS,0.5,+245,+230,+220,,+220,,,+210,+230,+230,,,+208,,,,,-360,-300,-310,,-310,,,-300,-335,-335,,,-304,,,,
2024-04-06,LaMonte Wade Jr.,/mlb/props/lamonte-wade/,SD at SF,HOU,"1B,RF",0.5,+245,+235,+230,,+235,,,+230,+230,+230,,,+227,,,,,-350,-339,-350,,-340,,,-350,-360,-360,,,-339,,,,
2024-04-06,Matt Chapman,/mlb/props/matt-chapman/,SD at SF,SF,3B,0.5,+160,+175,+160,,+160,,,+160,+175,+175,,,+152,,,,,-220,-214,-220,,-220,,,-215,-245,-245,,,-214,,,,
2024-04-06,Mike Yastrzemski,/mlb/props/michael-yastrzemski/,SD at SF,ATL,"LF,CF,RF",0.5,+225,+215,+208,,+215,,,+210,+200,+200,,,+208,,,,,-320,-295,-304,,-310,,,-300,-295,-295,,,-304,,,,
2024-04-06,Luis Campusano,/mlb/props/luis-campusano/,SD at SF,SD,"C,DH",0.5,+195,+195,+185,,+185,,,+175,+195,+195,,,+172,,,,,-270,-244,-260,,-260,,,-250,-278,-278,,,-244,,,,
2024-04-06,Nick Ahmed,/mlb/props/nick-ahmed/,SD at SF,FA,SS,0.5,+265,+265,+250,,+265,,,+250,,,,,+247,,,,,-390,-374,-390,,-390,,,-400,,,,,-374,,,,
2024-04-06,Jackson Merrill,/mlb/props/jackson-merrill/,SD at SF,SD,CF,0.5,+240,+220,+210,,+220,,,+210,,,,,+202,,,,,-350,-294,-300,,-310,,,-300,,,,,-294,,,,
2024-04-06,Ha-Seong Kim,/mlb/props/ha-seong-kim/,SD at SF,ATL,"2B,SS",0.5,+230,+230,+219,,+225,,,+210,+230,+230,,,+219,,,,,-330,-300,-320,,-320,,,-300,-335,-335,,,-324,,,,
2024-04-06,Thairo Estrada,/mlb/props/thairo-estrada/,SD at SF,FA,2B,0.5,+195,+200,+195,,+195,,,+190,+200,+200,,,+190,,,,,-275,-274,-275,,-275,,,-275,-295,-295,,,-274,,,,
2024-04-06,Jake Cronenworth,/mlb/props/jacob-cronenworth/,SD at SF,SD,"1B,2B,SS",0.5,+175,+175,+172,,+175,,,+170,+170,+170,,,+172,,,,,-240,-235,-240,,-240,,,-235,-240,-240,,,-244,,,,
2024-04-06,Jung Hoo Lee,/mlb/props/jung-lee/,SD at SF,SF,"CF,RF",0.5,+235,+250,+230,,+230,,,+220,+250,+250,,,+213,,,,,-340,-314,-330,,-330,,,-330,-375,-375,,,-314,,,,
2024-04-06,Patrick Bailey,/mlb/props/patrick-bailey/,SD at SF,CLE,C,0.5,+230,+230,+220,,+230,,,+220,,,,,+219,,,,,-330,-324,-330,,-330,,,-330,,,,,-324,,,,
2024-04-06,Zach Neto,/mlb/props/zach-neto/,BOS at LAA,LAA,SS,0.5,+260,+280,+252,,+280,,,+250,,,,,+252,,,,,-380,-384,-400,,-425,,,-400,,,,,-384,,,,
2024-04-06,Masataka Yoshida,/mlb/props/masataka-yoshida/,BOS at LAA,BOS,"LF,DH",0.5,+195,+230,+195,,+195,,,+185,+220,+230,,,+184,,,,,-270,-260,-270,,-270,,,-260,-335,-335,,,-264,,,,
2024-04-06,Taylor Ward,/mlb/props/taylor-ward/,BOS at LAA,BAL,LF,0.5,+160,+163,+160,,+160,,,+150,+163,+163,,,+152,,,,,-215,-210,-215,,-215,,,-210,-230,-230,,,-214,,,,
2024-04-06,Logan O'Hoppe,/mlb/props/logan-ohoppe/,BOS at LAA,LAA,C,0.5,+215,+210,+180,,+210,,,+200,+180,+180,,,+165,,,,,-310,-234,-265,,-295,,,-285,-265,-265,,,-234,,,,
2024-04-06,Tyler O'Neill,/mlb/props/tyler-oneill/,BOS at LAA,BAL,"LF,RF",0.5,+165,+165,+145,,+145,,,+140,+165,+165,,,+139,,,,,-225,-190,-195,,-195,,,-190,-230,-230,,,-194,,,,
2024-04-06,Mickey Moniak,/mlb/props/mckenzie-moniak/,BOS at LAA,COL,"LF,CF,RF,DH",0.5,+230,+230,+220,,+230,,,+220,+215,+215,,,+208,,,,,-330,-304,-315,,-330,,,-330,-315,-315,,,-304,,,,
2024-04-06,Anthony Rendon,/mlb/props/anthony-rendon/,BOS at LAA,LAA,3B,0.5,+240,+265,+255,,+255,,,+230,+265,+265,,,+227,,,,,-340,-339,-370,,-370,,,-350,-420,-420,,,-339,,,,
2024-04-06,Enmanuel Valdez,/mlb/props/enmanuel-valdez/,BOS at LAA,PIT,1B,0.5,+295,+295,+280,,+295,,,+280,,,,,+275,,,,,-450,-429,-450,,-450,,,-450,,,,,-429,,,,
2024-04-06,Pablo Reyes,/mlb/props/pablo-reyes/,BOS at LAA,SD,"2B,3B,RF",0.5,+235,+215,+210,,+215,,,+210,+215,+215,,,+202,,,,,-340,-294,-300,,-300,,,-300,-315,-315,,,-294,,,,
2024-04-06,Nolan Schanuel,/mlb/props/nolan-schanuel/,BOS at LAA,LAA,1B,0.5,+225,+255,+245,,+245,,,+230,+255,+255,,,+227,,,,,-320,-339,-360,,-360,,,-350,-400,-400,,,-339,,,,
2024-04-06,Miguel Sano,/mlb/props/miguel-sano/,BOS at LAA,FA,"1B,3B",0.5,+180,+200,+175,,+175,,,+170,+200,+200,,,+172,,,,,-250,-235,-244,,-240,,,-235,-295,-295,,,-244,,,,
2024-04-06,Jarren Duran,/mlb/props/jarren-duran/,BOS at LAA,BOS,"LF,CF,DH",0.5,+280,+275,+262,,+275,,,+250,+255,+255,,,+262,,,,,-425,-400,-400,,-400,,,-400,-400,-400,,,-404,,,,
2024-04-06,Ceddanne Rafaela,/mlb/props/ceddanne-rafaela/,BOS at LAA,BOS,"2B,CF",0.5,+220,+235,+235,,+235,,,,+235,+235,,,+219,,,,,-310,-324,-330,,-330,,,,-345,-345,,,-324,,,,
2024-04-06,Bobby Dalbec,/mlb/props/robert-dalbec/,BOS at LAA,FA,"1B,3B",0.5,+240,+230,+205,,+205,,,+190,+230,+230,,,+190,,,,,-350,-274,-285,,-285,,,-275,-335,-335,,,-274,,,,
2024-04-06,Brandon Drury,/mlb/props/brandon-drury/,BOS at LAA,KC,"1B,2B,3B",0.5,+160,+175,+165,,+165,,,+165,+175,+175,,,+159,,,,,-220,-224,-230,,-230,,,-225,-250,-250,,,-224,,,,
2024-04-06,Connor Wong,/mlb/props/connor-wong/,BOS at LAA,BOS,C,0.5,+310,+270,+250,,+270,,,+250,+230,+230,,,+247,,,,,-475,-335,-374,,-400,,,-400,-335,-335,,,-374,,,,
2024-04-06,Mike Trout,/mlb/props/mike-trout/,BOS at LAA,LAA,"CF,RF,DH",0.5,+160,+155,+152,,+155,,,+150,+155,+155,,,+152,,,,,-220,-210,-214,,-210,,,-210,-215,-215,,,-214,,,,
2024-04-06,Rafael Devers,/mlb/props/rafael-devers/,BOS at LAA,SF,"1B,DH",0.5,+145,+150,+145,,+145,,,+140,+150,+150,,,+139,,,,,-195,-190,-195,,-195,,,-190,-210,-210,,,-194,,,,
2024-04-06,Triston Casas,/mlb/props/triston-casas/,BOS at LAA,BOS,1B,0.5,+220,+230,+225,,+225,,,+210,+230,+230,,,+208,,,,,-310,-300,-320,,-320,,,-300,-335,-335,,,-304,,,,
2024-04-07,Anthony Rizzo,/mlb/props/anthony-rizzo/,TOR at NYY,FA,1B,0.5,+155,+163,+152,,+150,,,+145,+163,+163,,,+152,,,,,-210,-200,-214,,-205,,,-200,-235,-235,,,-214,,,,
2024-04-07,Jose Trevino,/mlb/props/jose-trevino/,TOR at NYY,CIN,C,0.5,+280,+275,+262,,+275,,,+250,,,,,+262,,,,,-425,-400,-400,,-400,,,-400,,,,,-404,,,,
2024-04-07,Justin Turner,/mlb/props/justin-turner/,TOR at NYY,FA,"1B,3B",0.5,+230,+210,+205,,+210,,,+200,+205,+205,,,+196,,,,,-330,-284,-300,,-300,,,-285,-305,-305,,,-284,,,,
2024-04-07,Ernie Clement,/mlb/props/ernie-clement/,TOR at NYY,TOR,"1B,2B,3B,SS",0.5,+250,+240,+230,,+240,,,+230,,,,,+227,,,,,-360,-339,-340,,-340,,,-350,,,,,-339,,,,
2024-04-07,Cavan Biggio,/mlb/props/cavan-biggio/,TOR at NYY,HOU,"1B,2B,RF",0.5,+340,+265,+235,,+235,,,+210,+265,+265,,,+227,,,,,-525,-320,-340,,-340,,,-320,-420,-420,,,-339,,,,
2024-04-07,Juan Soto,/mlb/props/juan-soto/,TOR at NYY,NYM,"LF,RF,DH",0.5,+175,+188,+175,,+170,,,+175,+188,+188,,,+172,,,,,-240,-235,-250,,-235,,,-250,-265,-265,,,-244,,,,
2024-04-07,Aaron Judge,/mlb/props/aaron-judge/,TOR at NYY,NYY,"LF,CF,RF,DH",0.5,+120,+130,+115,,+115,,,+115,+130,+130,,,+110,,,,,-155,-150,-151,,-150,,,-150,-180,-180,,,-151,,,,
2024-04-07,Gleyber Torres,/mlb/props/gleyber-torres/,TOR at NYY,DET,2B,0.5,+195,+230,+200,,+200,,,+190,+230,+230,,,+184,,,,,-270,-264,-275,,-275,,,-275,-335,-335,,,-264,,,,
2024-04-07,Giancarlo Stanton,/mlb/props/giancarlo-stanton/,TOR at NYY,NYY,"LF,RF,DH",0.5,+170,+170,+165,,+170,,,+165,+160,+160,,,+159,,,,,-230,-224,-225,,-230,,,-225,-225,-225,,,-224,,,,
2024-04-07,Alejandro Kirk,/mlb/props/alejandro-kirk/,TOR at NYY,TOR,C,0.5,+270,+200,+175,,+175,,,+170,+200,+200,,,+165,,,,,-400,-234,-240,,-240,,,-235,-295,-295,,,-234,,,,
2024-04-07,Isiah Kiner-Falefa,/mlb/props/isiah-kiner-falefa/,TOR at NYY,BOS,"2B,3B,SS",0.5,+300,+295,+280,,+295,,,+280,,,,,+262,,,,,-450,-404,-450,,-450,,,-450,,,,,-404,,,,
2024-04-07,Vladimir Guerrero Jr.,/mlb/props/vladimir-guerrero-jr/,TOR at NYY,TOR,"1B,DH",0.5,+215,+195,+190,,+195,,,+175,+195,+195,,,+190,,,,,-300,-250,-274,,-275,,,-250,-286,-286,,,-274,,,,
2024-04-07,Bo Bichette,/mlb/props/bo-bichette/,TOR at NYY,NYM,"3B,SS",0.5,+230,+205,+196,,+195,,,+190,+205,+205,,,+196,,,,,-330,-275,-284,,-275,,,-275,-305,-305,,,-284,,,,
2024-04-07,Anthony Volpe,/mlb/props/anthony-volpe/,TOR at NYY,NYY,SS,0.5,+240,+230,+220,,+230,,,+220,+210,+210,,,+213,,,,,-350,-314,-315,,-330,,,-330,-315,-315,,,-314,,,,
2024-04-07,Kevin Kiermaier,/mlb/props/kevin-kiermaier/,TOR at NYY,FA,CF,0.5,+295,+275,+262,,+275,,,+260,,,,,+262,,,,,-450,-400,-404,,-400,,,-425,,,,,-404,,,,
2024-04-07,George Springer,/mlb/props/george-springer/,TOR at NYY,TOR,"LF,CF,RF,DH",0.5,+250,+230,+220,,+220,,,+210,+230,+230,,,+213,,,,,-360,-300,-314,,-320,,,-300,-335,-335,,,-314,,,,
2024-04-07,Oswaldo Cabrera,/mlb/props/oswaldo-cabrera/,TOR at NYY,NYY,3B,0.5,+250,+255,+240,,+255,,,+240,,,,,+227,,,,,-360,-339,-375,,-380,,,-375,,,,,-339,,,,
2024-04-07,Davis Schneider,/mlb/props/davis-schneider/,TOR at NYY,TOR,"2B,LF",0.5,+295,+275,+250,,+275,,,+250,,,,,+247,,,,,-450,-374,-400,,-400,,,-400,,,,,-374,,,,
2024-04-07,Austin Wells,/mlb/props/austin-wells/,TOR at NYY,NYY,C,0.5,+195,+190,+184,,+190,,,,,,,,+184,,,,,-270,-264,-265,,-265,,,,,,,,-264,,,,
2024-04-07,Alex Verdugo,/mlb/props/alex-verdugo/,TOR at NYY,FA,"LF,RF",0.5,+210,+215,+208,,+215,,,+200,+195,+195,,,+208,,,,,-295,-285,-300,,-300,,,-285,-286,-286,,,-304,,,,
2024-04-07,Daulton Varsho,/mlb/props/daulton-varsho/,TOR at NYY,TOR,"LF,CF",0.5,+250,+230,+220,,+220,,,+210,+230,+230,,,+208,,,,,-370,-300,-310,,-310,,,-300,-335,-335,,,-304,,,,
2024-04-07,Oneil Cruz,/mlb/props/oneil-cruz-3b/,BAL at PIT,PIT,"CF,DH",0.5,+205,+205,+195,,+195,,,+185,+205,+205,,,+184,,,,,-290,-260,-270,,-270,,,-260,-305,-305,,,-264,,,,
2024-04-07,Michael A. Taylor,/mlb/props/michael-taylor/,BAL at PIT,FA,"LF,CF,RF",0.5,+300,+290,+280,,+290,,,+280,,,,,+275,,,,,-450,-425,-429,,-425,,,-450,,,,,-429,,,,
2024-04-07,Austin Hays,/mlb/props/austin-hays/,BAL at PIT,CWS,"LF,DH",0.5,+190,+185,+178,,+185,,,+175,+185,+185,,,+178,,,,,-260,-250,-255,,-255,,,-250,-265,-265,,,-254,,,,
2024-04-07,Edward Olivares,/mlb/props/edward-olivares/,BAL at PIT,FA,"LF,RF",0.5,+220,+230,+220,,+230,,,+220,,,,,+213,,,,,-330,-314,-330,,-330,,,-330,,,,,-314,,,,
2024-04-07,Adley Rutschman,/mlb/props/adley-rutschman/,BAL at PIT,BAL,"C,DH",0.5,+190,+175,+170,,+175,,,+170,+170,+170,,,+165,,,,,-265,-234,-235,,-235,,,-235,-240,-240,,,-234,,,,
2024-04-07,Rowdy Tellez,/mlb/props/rowdy-tellez/,BAL at PIT,ATL,1B,0.5,+240,+230,+213,,+230,,,+220,+200,+200,,,+213,,,,,-350,-295,-314,,-330,,,-330,-295,-295,,,-314,,,,
2024-04-07,Ryan Mountcastle,/mlb/props/ryan-mountcastle/,BAL at PIT,BAL,"1B,DH",0.5,+135,+145,+133,,+130,,,+130,+145,+145,,,+133,,,,,-185,-175,-184,,-175,,,-175,-200,-200,,,-184,,,,
2024-04-07,Ke'Bryan Hayes,/mlb/props/kebryan-hayes/,BAL at PIT,CIN,3B,0.5,+190,+175,+172,,+175,,,+155,+175,+175,,,+172,,,,,-265,-210,-240,,-240,,,-210,-245,-245,,,-244,,,,
2024-04-07,Anthony Santander,/mlb/props/anthony-santander/,BAL at PIT,TOR,"LF,RF,DH",0.5,+120,+120,+116,,+120,,,+115,+120,+120,,,+116,,,,,-160,-150,-155,,-155,,,-150,-165,-165,,,-160,,,,
2024-04-07,Jack Suwinski,/mlb/props/jack-suwinski/,BAL at PIT,LAD,"LF,CF,RF",0.5,+185,+180,+170,,+180,,,+170,+165,+165,,,+178,,,,,-260,-230,-235,,-250,,,-235,-230,-230,,,-254,,,,
2024-04-07,Jared Triolo,/mlb/props/jared-triolo/,BAL at PIT,PIT,"1B,2B,3B,SS",0.5,+270,+265,+250,,+265,,,+250,,,,,+247,,,,,-400,-374,-390,,-390,,,-400,,,,,-374,,,,
2024-04-07,Ramon Urias,/mlb/props/ramon-urias/,BAL at PIT,STL,"2B,3B",0.5,+195,+195,+185,,+195,,,+185,,,,,+184,,,,,-270,-260,-264,,-270,,,-260,,,,,-264,,,,
2024-04-07,James McCann,/mlb/props/james-mccann/,BAL at PIT,ARI,C,0.5,+200,+195,+185,,+195,,,+185,,,,,+184,,,,,-275,-260,-264,,-270,,,-260,,,,,-264,,,,
2024-04-07,Jordan Westburg,/mlb/props/jordan-westburg/,BAL at PIT,BAL,"2B,3B",0.5,+175,+165,+165,,+165,,,+160,+165,+165,,,+165,,,,,-235,-215,-225,,-225,,,-215,-230,-230,,,-234,,,,
2024-04-07,Connor Joe,/mlb/props/connor-joe/,BAL at PIT,SEA,"LF,RF",0.5,+185,+195,+185,,+195,,,+185,,,,,+184,,,,,-260,-260,-264,,-270,,,-260,,,,,-264,,,,
2024-04-07,Cedric Mullins II,/mlb/props/cedric-mullins/,BAL at PIT,TB,CF,0.5,+205,+200,+190,,+200,,,+190,+190,+190,,,+190,,,,,-285,-274,-278,,-280,,,-275,-278,-278,,,-274,,,,
2024-04-07,Andrew McCutchen,/mlb/props/andrew-mccutchen/,BAL at PIT,FA,"LF,RF,DH",0.5,+195,+195,+185,,+195,,,+185,+188,+188,,,+178,,,,,-270,-254,-260,,-270,,,-260,-275,-275,,,-254,,,,
2024-04-07,Henry Davis,/mlb/props/henry-davis/,BAL at PIT,PIT,C,0.5,+230,+240,+235,,+240,,,+230,+235,+235,,,+227,,,,,-320,-339,-345,,-350,,,-350,-345,-345,,,-339,,,,
2024-04-07,Jorge Mateo,/mlb/props/jorge-mateo/,BAL at PIT,ATL,"2B,SS,CF,DH",0.5,+225,+240,+230,,+240,,,+230,,,,,+227,,,,,-320,-339,-350,,-350,,,-350,,,,,-339,,,,
2024-04-07,Bryan Reynolds,/mlb/props/bryan-reynolds/,BAL at PIT,PIT,"LF,CF,RF,DH",0.5,+210,+196,+185,,+195,,,+185,+165,+165,,,+196,,,,,-295,-240,-260,,-270,,,-260,-240,-240,,,-284,,,,
2024-04-07,Gunnar Henderson,/mlb/props/gunnar-henderson/,BAL at PIT,BAL,"SS,DH",0.5,+180,+172,+170,,+170,,,+165,+170,+170,,,+172,,,,,-245,-225,-235,,-235,,,-225,-245,-245,,,-244,,,,
2024-04-07,Orlando Arcia,/mlb/props/orlando-arcia/,ARI at ATL,MIN,"1B,2B,3B,SS",0.5,+165,+175,+170,,+175,,,+170,+175,+175,,,+165,,,,,-230,-234,-245,,-245,,,-235,-250,-250,,,-234,,,,
2024-04-07,Randal Grichuk,/mlb/props/randal-grichuk/,ARI at ATL,CWS,"LF,RF,DH",0.5,+185,+215,+185,,+185,,,+175,+215,+215,,,+178,,,,,-260,-250,-255,,-255,,,-250,-315,-315,,,-254,,,,
2024-04-07,Geraldo Perdomo,/mlb/props/geraldo-perdomo/,ARI at ATL,ARI,SS,0.5,+310,+310,+300,,+310,,,+300,,,,,+287,,,,,-475,-454,-475,,-475,,,-500,,,,,-454,,,,
2024-04-07,Austin Riley,/mlb/props/austin-riley/,ARI at ATL,ATL,3B,0.5,+110,+120,+115,,+120,,,+115,+112,+112,,,+108,,,,,-150,-148,-152,,-155,,,-150,-152,-152,,,-148,,,,
2024-04-07,Chadwick Tromp,/mlb/props/chadwick-tromp/,ARI at ATL,BAL,C,0.5,+230,+225,+213,,+225,,,+210,,,,,+213,,,,,-330,-300,-314,,-320,,,-300,,,,,-314,,,,
2024-04-07,Ozzie Albies,/mlb/props/ozhaino-albies/,ARI at ATL,ATL,2B,0.5,+125,+130,+129,,+130,,,+130,+117,+117,,,+129,,,,,-165,-159,-175,,-175,,,-175,-159,-159,,,-179,,,,
2024-04-07,Jake McCarthy,/mlb/props/jake-mccarthy/,ARI at ATL,COL,"LF,CF,RF",0.5,+290,+290,+262,,+290,,,,,,,,+262,,,,,-425,-404,-425,,-425,,,,,,,,-404,,,,
2024-04-07,Travis d'Arnaud,/mlb/props/travis-darnaud/,ARI at ATL,LAA,C,0.5,+155,+160,+155,,+155,,,+160,,,,,+152,,,,,-210,-210,-214,,-210,,,-215,,,,,-214,,,,
2024-04-07,Blaze Alexander,/mlb/props/blaze-alexander/,ARI at ATL,BAL,"2B,3B,SS,LF,CF",0.5,+260,+280,+252,,+280,,,,,,,,+252,,,,,-380,-384,-425,,-425,,,,,,,,-384,,,,
2024-04-07,Marcell Ozuna,/mlb/props/marcell-ozuna/,ARI at ATL,PIT,DH,0.5,+115,+123,+115,,+115,,,+115,+123,+123,,,+110,,,,,-150,-150,-155,,-155,,,-150,-167,-167,,,-151,,,,
2024-04-07,Michael Harris II,/mlb/props/michael-harris/,ARI at ATL,ATL,CF,0.5,+150,+160,+150,,+150,,,+145,+160,+160,,,+139,,,,,-200,-194,-200,,-200,,,-200,-225,-225,,,-194,,,,
2024-04-07,Lourdes Gurriel Jr.,/mlb/props/lourdes-gurriel-jr/,ARI at ATL,ARI,"LF,DH",0.5,+155,+165,+160,,+165,,,+160,+165,+165,,,+159,,,,,-210,-215,-224,,-225,,,-215,-230,-230,,,-224,,,,
2024-04-07,Jarred Kelenic,/mlb/props/jarred-kelenic/,ARI at ATL,TEX,"LF,CF,RF",0.5,+195,+190,+178,,+190,,,+175,,,,,+178,,,,,-270,-250,-254,,-260,,,-250,,,,,-254,,,,
2024-04-07,Gabriel Moreno,/mlb/props/gabriel-moreno/,ARI at ATL,ARI,C,0.5,+225,+250,+225,,+225,,,+220,+250,+250,,,+208,,,,,-320,-304,-330,,-320,,,-330,-385,-385,,,-304,,,,
2024-04-07,Eugenio Suarez,/mlb/props/eugenio-suarez/,ARI at ATL,CIN,"3B,DH",0.5,+205,+215,+205,,+215,,,+210,+205,+205,,,+196,,,,,-290,-284,-300,,-310,,,-300,-305,-305,,,-284,,,,
2024-04-07,Tucker Barnhart,/mlb/props/tucker-barnhart/,ARI at ATL,FA,C,0.5,+380,+380,+340,,+380,,,+340,,,,,+334,,,,,-650,-554,-650,,-650,,,-650,,,,,-554,,,,
2024-04-07,Corbin Carroll,/mlb/props/corbin-carroll-of/,ARI at ATL,ARI,"CF,RF",0.5,+245,+260,+247,,+260,,,+240,+230,+230,,,+247,,,,,-350,-360,-374,,-380,,,-375,-360,-360,,,-374,,,,
2024-04-07,Ronald Acuna Jr.,/mlb/props/ronald-acuna/,ARI at ATL,ATL,RF,0.5,+120,+125,+120,,+125,,,+125,+116,+116,,,+120,,,,,-160,-159,-165,,-165,,,-165,-159,-159,,,-166,,,,
2024-04-07,Matt Olson,/mlb/props/matt-olson/,ARI at ATL,ATL,1B,0.5,+105,+110,+108,,+110,,,+110,+108,+108,,,+102,,,,,-140,-139,-145,,-145,,,-140,-148,-148,,,-139,,,,
2024-04-07,Kevin Newman,/mlb/props/kevin-newman/,ARI at ATL,KC,"1B,2B,3B,SS",0.5,+300,+300,+280,,+300,,,+280,,,,,+275,,,,,-450,-429,-450,,-450,,,-450,,,,,-429,,,,
2024-04-07,Ketel Marte,/mlb/props/ketel-marte/,ARI at ATL,ARI,"2B,DH",0.5,+165,+175,+170,,+175,,,+170,+175,+175,,,+165,,,,,-225,-234,-235,,-245,,,-235,-245,-245,,,-234,,,,
2024-04-07,Christian Walker,/mlb/props/christian-walker/,ARI at ATL,HOU,1B,0.5,+165,+175,+170,,+175,,,+170,+160,+160,,,+159,,,,,-220,-224,-235,,-240,,,-235,-225,-225,,,-224,,,,
2024-04-07,Johan Rojas,/mlb/props/johan-rojas/,PHI at WSH,PHI,CF,0.5,+240,+245,+230,,+245,,,+230,,,,,+227,,,,,-375,-339,-350,,-350,,,-350,,,,,-339,,,,
2024-04-07,Lane Thomas,/mlb/props/lane-thomas/,PHI at WSH,KC,"LF,CF,RF",0.5,+200,+195,+180,,+180,,,+175,+195,+195,,,+172,,,,,-285,-244,-250,,-250,,,-250,-286,-286,,,-244,,,,
2024-04-07,J.T. Realmuto,/mlb/props/jt-realmuto/,PHI at WSH,PHI,C,0.5,+145,+140,+138,,+140,,,+135,+138,+138,,,+136,,,,,-200,-180,-189,,-185,,,-180,-195,-195,,,-189,,,,
2024-04-07,Alec Bohm,/mlb/props/alec-bohm/,PHI at WSH,PHI,"1B,3B",0.5,+145,+155,+135,,+135,,,+135,+155,+155,,,+129,,,,,-200,-179,-180,,-180,,,-180,-220,-220,,,-179,,,,
2024-04-07,Trea Turner,/mlb/props/trea-turner/,PHI at WSH,PHI,SS,0.5,+150,+150,+145,,+150,,,+145,+148,+148,,,+136,,,,,-210,-189,-200,,-200,,,-200,-205,-205,,,-189,,,,
2024-04-07,Bryce Harper,/mlb/props/bryce-harper/,PHI at WSH,PHI,"1B,DH",0.5,+165,+160,+155,,+160,,,+160,+155,+155,,,+146,,,,,-225,-204,-215,,-215,,,-215,-225,-225,,,-204,,,,
2024-04-07,Joey Gallo,/mlb/props/joey-gallo/,PHI at WSH,FA,"1B,LF,CF,RF",0.5,+260,+240,+235,,+240,,,+230,+235,+235,,,+227,,,,,-425,-339,-350,,-350,,,-350,-360,-360,,,-339,,,,
2024-04-07,Bryson Stott,/mlb/props/bryson-stott-ss/,PHI at WSH,PHI,"2B,SS",0.5,+210,+215,+205,,+205,,,+190,+215,+215,,,+196,,,,,-300,-275,-290,,-290,,,-275,-315,-315,,,-284,,,,
2024-04-07,Whit Merrifield,/mlb/props/whit-merrifield/,PHI at WSH,FA,"2B,3B,LF",0.5,+175,+185,+175,,+185,,,+175,,,,,+172,,,,,-250,-244,-250,,-255,,,-250,,,,,-244,,,,
2024-04-07,Luis Garcia,/mlb/props/luis-garcia-2b/,PHI at WSH,WSH,"1B,2B,DH",0.5,+260,+280,+262,,+280,,,+260,,,,,+262,,,,,-425,-404,-425,,-425,,,-425,,,,,-404,,,,
2024-04-07,Nick Castellanos,/mlb/props/nick-castellanos/,PHI at WSH,FA,"RF,DH",0.5,+150,+170,+155,,+155,,,+150,+170,+170,,,+136,,,,,-210,-189,-210,,-205,,,-210,-245,-245,,,-189,,,,
2024-04-07,Jacob Young,/mlb/props/jacob-young/,PHI at WSH,WSH,CF,0.5,+300,+310,+300,,+310,,,,+300,+300,,,+275,,,,,-450,-429,-475,,-475,,,,-500,-500,,,-429,,,,
2024-04-07,Keibert Ruiz,/mlb/props/keibert-ruiz/,PHI at WSH,WSH,C,0.5,+210,+220,+202,,+220,,,+200,+200,+200,,,+202,,,,,-300,-285,-295,,-310,,,-285,-295,-295,,,-294,,,,
2024-04-07,Cristian Pache,/mlb/props/cristian-pache/,PHI at WSH,NYM,"LF,CF",0.5,+285,+290,+262,,+290,,,+260,,,,,+262,,,,,-425,-404,-425,,-425,,,-425,,,,,-404,,,,
2024-04-07,Joey Meneses,/mlb/props/joey-meneses/,PHI at WSH,ATH,1B,0.5,+185,+195,+185,,+195,,,+185,+185,+185,,,+178,,,,,-260,-254,-260,,-270,,,-260,-265,-265,,,-254,,,,
2024-04-07,Edmundo Sosa,/mlb/props/edmundo-sosa/,PHI at WSH,PHI,"2B,3B,SS,LF",0.5,+205,+210,+200,,+210,,,+200,,,,,+196,,,,,-290,-284,-285,,-295,,,-285,,,,,-284,,,,
2024-04-07,Nasim Nunez,/mlb/props/nasim-nunez/,PHI at WSH,WSH,"2B,SS",0.5,+280,+300,+280,,+300,,,+280,,,,,+275,,,,,-450,-429,-450,,-450,,,-450,,,,,-429,,,,
2024-04-07,Trey Lipscomb,/mlb/props/trey-lipscomb/,PHI at WSH,WSH,3B,0.5,+260,+280,+275,,+280,,,+260,+275,+275,,,+262,,,,,-425,-404,-425,,-425,,,-425,-435,-435,,,-404,,,,
2024-04-07,Ildemaro Vargas,/mlb/props/ildemaro-vargas/,PHI at WSH,ARI,"1B,2B",0.5,+230,+255,+240,,+255,,,+240,+230,+230,,,+236,,,,,-350,-345,-354,,-370,,,-375,-345,-345,,,-354,,,,
2024-04-07,Kyle Schwarber,/mlb/props/kyle-schwarber/,PHI at WSH,PHI,"LF,DH",0.5,+185,+230,+185,,+185,,,+175,+230,+230,,,+178,,,,,-260,-250,-255,,-255,,,-250,-335,-335,,,-254,,,,
2024-04-07,Jesse Winker,/mlb/props/jesse-winker/,PHI at WSH,FA,"LF,RF,DH",0.5,+300,+330,+310,,+310,,,+280,+330,+330,,,+287,,,,,-550,-450,-475,,-475,,,-450,-530,-530,,,-454,,,,
2024-04-07,Riley Adams,/mlb/props/riley-adams/,PHI at WSH,WSH,C,0.5,+230,+240,+230,,+240,,,+230,+230,+230,,,+227,,,,,-350,-339,-350,,-350,,,-350,-360,-360,,,-339,,,,
2024-04-07,Harrison Bader,/mlb/props/harrison-bader/,NYM at CIN,SF,"LF,CF,RF",0.5,+215,+205,+202,,+205,,,+200,,,,,+202,,,,,-310,-285,-290,,-290,,,-285,,,,,-294,,,,
2024-04-07,Starling Marte,/mlb/props/starling-marte/,NYM at CIN,KC,"LF,RF,DH",0.5,+190,+235,+220,,+235,,,+220,+190,+190,,,+227,,,,,-265,-278,-330,,-340,,,-330,-278,-278,,,-339,,,,
2024-04-07,Stuart Fairchild,/mlb/props/stuart-fairchild/,NYM at CIN,CLE,"LF,CF,RF",0.5,+260,+255,+247,,+255,,,+220,+250,+250,,,+247,,,,,-380,-340,-370,,-370,,,-340,-375,-375,,,-374,,,,
2024-04-07,Pete Alonso,/mlb/props/peter-alonso/,NYM at CIN,BAL,"1B,DH",0.5,+160,+155,+150,,+155,,,+150,+148,+148,,,+146,,,,,-215,-204,-205,,-210,,,-210,-205,-205,,,-204,,,,
2024-04-07,Elly De La Cruz,/mlb/props/elly-de-la-cruz/,NYM at CIN,CIN,SS,0.5,+230,+230,+220,,+220,,,+210,+230,+230,,,+208,,,,,-330,-300,-310,,-310,,,-300,-335,-335,,,-304,,,,
2024-04-07,Brandon Nimmo,/mlb/props/brandon-nimmo/,NYM at CIN,TEX,"LF,CF,RF,DH",0.5,+195,+195,+190,,+195,,,+190,+188,+188,,,+184,,,,,-270,-264,-265,,-275,,,-275,-265,-265,,,-264,,,,
2024-04-07,Luke Maile,/mlb/props/luke-maile/,NYM at CIN,KC,C,0.5,+250,+210,+200,,+210,,,+200,,,,,+196,,,,,-360,-284,-285,,-295,,,-285,,,,,-284,,,,
2024-04-07,Francisco Lindor,/mlb/props/francisco-lindor/,NYM at CIN,NYM,SS,0.5,+145,+140,+139,,+140,,,+135,+135,+135,,,+139,,,,,-195,-180,-185,,-185,,,-180,-190,-190,,,-194,,,,
2024-04-07,Jonathan India,/mlb/props/jonathan-india/,NYM at CIN,KC,"2B,3B,LF,DH",0.5,+220,+230,+210,,+210,,,+200,+230,+230,,,+202,,,,,-310,-285,-300,,-300,,,-285,-335,-335,,,-294,,,,
2024-04-07,Santiago Espinal,/mlb/props/santiago-espinal/,NYM at CIN,FA,"2B,3B,LF,RF",0.5,+195,+195,+185,,+195,,,+185,+195,+195,,,+184,,,,,-270,-260,-264,,-275,,,-260,-278,-278,,,-264,,,,
2024-04-07,Spencer Steer,/mlb/props/spencer-steer/,NYM at CIN,CIN,"1B,2B,LF,RF",0.5,+165,+175,+155,,+155,,,+150,+175,+175,,,+146,,,,,-225,-204,-210,,-210,,,-210,-245,-245,,,-204,,,,
2024-04-07,Jeimer Candelario,/mlb/props/jeimer-candelario/,NYM at CIN,LAA,"1B,3B",0.5,+165,+175,+160,,+160,,,+160,+175,+175,,,+159,,,,,-220,-215,-224,,-220,,,-215,-250,-250,,,-224,,,,
2024-04-07,Zack Short,/mlb/props/zachary-short/,NYM at CIN,NYM,SS,0.5,+260,+260,+250,,+260,,,+250,,,,,+236,,,,,-380,-354,-380,,-380,,,-400,,,,,-354,,,,
2024-04-07,Bubba Thompson,/mlb/props/bubba-thompson/,NYM at CIN,FA,"LF,CF",0.5,+310,+310,+300,,+310,,,+300,,,,,+287,,,,,-475,-454,-475,,-475,,,-500,,,,,-454,,,,
2024-04-07,Francisco Alvarez,/mlb/props/francisco-alvarez/,NYM at CIN,NYM,"C,DH",0.5,+165,+165,+160,,+160,,,+160,+165,+165,,,+159,,,,,-225,-215,-224,,-220,,,-215,-230,-230,,,-224,,,,
2024-04-07,Brett Baty,/mlb/props/brett-baty/,NYM at CIN,NYM,"1B,2B,3B,RF",0.5,+225,+220,+213,,+220,,,+210,,,,,+213,,,,,-320,-300,-310,,-310,,,-300,,,,,-314,,,,
2024-04-07,Christian Encarnacion-Strand,/mlb/props/christian-encarnacion-strand/,NYM at CIN,BAL,"1B,3B",0.5,+155,+163,+150,,+150,,,+145,+163,+163,,,+146,,,,,-205,-200,-204,,-200,,,-200,-235,-235,,,-204,,,,
2024-04-07,Will Benson,/mlb/props/will-benson/,NYM at CIN,CIN,"LF,CF,RF",0.5,+275,+280,+260,,+280,,,+260,,,,,+252,,,,,-400,-384,-425,,-425,,,-425,,,,,-384,,,,
2024-04-07,Jeff McNeil,/mlb/props/jeff-mcneil/,NYM at CIN,ATH,"2B,LF,CF,RF",0.5,+215,+240,+225,,+225,,,+210,+240,+240,,,+202,,,,,-300,-294,-320,,-320,,,-300,-375,-375,,,-294,,,,
2024-04-07,Tyrone Taylor,/mlb/props/tyrone-taylor/,NYM at CIN,NYM,"LF,CF,RF",0.5,+180,+185,+175,,+185,,,+175,+175,+175,,,+165,,,,,-245,-234,-250,,-255,,,-250,-250,-250,,,-234,,,,
2024-04-07,Javier Baez,/mlb/props/javier-baez/,ATH at DET,DET,"2B,3B,SS,CF",0.5,+170,+175,+170,,+175,,,+170,,,,,+159,,,,,-230,-224,-235,,-240,,,-235,,,,,-224,,,,
2024-04-07,Brent Rooker,/mlb/props/brent-rooker/,ATH at DET,ATH,"LF,RF,DH",0.5,+200,+210,+200,,+200,,,+190,+210,+210,,,+190,,,,,-280,-274,-280,,-280,,,-275,-315,-315,,,-274,,,,
2024-04-07,Mark Canha,/mlb/props/mark-canha/,ATH at DET,FA,"LF,RF",0.5,+175,+185,+175,,+185,,,+175,+175,+175,,,+165,,,,,-235,-234,-250,,-255,,,-250,-250,-250,,,-234,,,,
2024-04-07,Shea Langeliers,/mlb/props/shea-langeliers/,ATH at DET,ATH,"C,DH",0.5,+205,+230,+205,,+205,,,+190,+230,+230,,,+196,,,,,-290,-275,-285,,-285,,,-275,-345,-345,,,-284,,,,
2024-04-07,Abraham Toro,/mlb/props/abraham-toro/,ATH at DET,KC,"1B,2B,3B",0.5,+230,+245,+230,,+245,,,+230,,,,,+227,,,,,-350,-339,-350,,-360,,,-350,,,,,-339,,,,
2024-04-07,Ryan Noda,/mlb/props/ryan-noda/,ATH at DET,BAL,1B,0.5,+295,+290,+275,,+285,,,+260,+290,+290,,,+275,,,,,-450,-425,-429,,-425,,,-425,-480,-480,,,-429,,,,
2024-04-07,Kerry Carpenter,/mlb/props/kerry-carpenter/,ATH at DET,DET,"LF,RF,DH",0.5,+165,+163,+155,,+155,,,+150,+163,+163,,,+146,,,,,-230,-204,-215,,-215,,,-210,-230,-230,,,-204,,,,
2024-04-07,J.D. Davis,/mlb/props/jd-davis/,ATH at DET,FA,"1B,3B",0.5,+250,+260,+255,,+255,,,+240,+260,+260,,,+236,,,,,-360,-354,-375,,-370,,,-375,-400,-400,,,-354,,,,
2024-04-07,Gio Urshela,/mlb/props/giovanny-urshela/,ATH at DET,FA,3B,0.5,+145,+175,+150,,+150,,,+145,+175,+175,,,+139,,,,,-195,-194,-200,,-200,,,-200,-250,-250,,,-194,,,,
2024-04-07,Jake Rogers,/mlb/props/jake-rogers/,ATH at DET,DET,C,0.5,+240,+240,+230,,+240,,,+230,,,,,+227,,,,,-350,-339,-340,,-340,,,-350,,,,,-339,,,,
2024-04-07,Zach McKinstry,/mlb/props/zach-mckinstry/,ATH at DET,DET,"2B,3B,SS,LF,RF",0.5,+215,+220,+210,,+220,,,+210,,,,,+202,,,,,-310,-294,-300,,-310,,,-300,,,,,-294,,,,
2024-04-07,Seth Brown,/mlb/props/seth-brown/,ATH at DET,FA,"1B,LF,CF,RF",0.5,+225,+240,+225,,+225,,,+210,+240,+240,,,+213,,,,,-320,-300,-320,,-320,,,-300,-375,-375,,,-314,,,,
2024-04-07,Riley Greene,/mlb/props/riley-greene-of/,ATH at DET,DET,"LF,CF,RF,DH",0.5,+175,+185,+175,,+185,,,+175,+185,+185,,,+165,,,,,-240,-234,-250,,-255,,,-250,-265,-265,,,-234,,,,
2024-04-07,Lawrence Butler,/mlb/props/lawrence-butler/,ATH at DET,ATH,"CF,RF",0.5,+295,+295,+280,,+295,,,+280,,,,,+275,,,,,-450,-429,-450,,-450,,,-450,,,,,-429,,,,
2024-04-07,Colt Keith,/mlb/props/colt-keith/,ATH at DET,DET,"1B,2B,3B,DH",0.5,+170,+185,+175,,+175,,,+170,+185,+185,,,+165,,,,,-235,-234,-240,,-240,,,-235,-275,-275,,,-234,,,,
2024-04-07,Nick Allen,/mlb/props/nick-allen-ss/,ATH at DET,HOU,"2B,3B,SS",0.5,+330,+340,+311,,+340,,,+300,,,,,+311,,,,,-500,-504,-525,,-525,,,-550,,,,,-504,,,,
2024-04-07,Zack Gelof,/mlb/props/zack-gelof/,ATH at DET,ATH,"2B,3B,CF",0.5,+235,+255,+240,,+255,,,+240,+230,+230,,,+236,,,,,-330,-354,-360,,-370,,,-375,-360,-360,,,-354,,,,
2024-04-07,Parker Meadows,/mlb/props/parker-meadows/,ATH at DET,DET,CF,0.5,+245,+225,+208,,+225,,,+210,+188,+188,,,+208,,,,,-360,-275,-300,,-320,,,-300,-275,-275,,,-304,,,,
2024-04-07,Carson Kelly,/mlb/props/carson-kelly/,ATH at DET,CHC,C,0.5,+195,+195,+185,,+195,,,+185,,,,,+184,,,,,-275,-260,-264,,-275,,,-260,,,,,-264,,,,
2024-04-07,Spencer Torkelson,/mlb/props/spencer-torkelson-if/,ATH at DET,DET,1B,0.5,+155,+135,+135,,+135,,,+135,+135,+135,,,+129,,,,,-210,-179,-185,,-185,,,-180,-190,-190,,,-179,,,,
2024-04-07,JJ Bleday,/mlb/props/jj-bleday/,ATH at DET,CIN,"LF,CF,RF,DH",0.5,+210,+235,+215,,+215,,,+200,+235,+235,,,+196,,,,,-295,-284,-300,,-300,,,-285,-360,-360,,,-284,,,,
2024-04-07,Jorge Polanco,/mlb/props/jorge-polanco/,SEA at MIL,NYM,"2B,3B,DH",0.5,+140,+140,+135,,+140,,,+135,+133,+133,,,+139,,,,,-190,-180,-186,,-185,,,-180,-186,-186,,,-194,,,,
2024-04-07,Rhys Hoskins,/mlb/props/rhys-hoskins/,SEA at MIL,CLE,"1B,DH",0.5,+150,+150,+145,,+150,,,+145,+140,+140,,,+139,,,,,-210,-194,-195,,-200,,,-200,-195,-195,,,-194,,,,
2024-04-07,Sal Frelick,/mlb/props/sal-frelick/,SEA at MIL,MIL,"LF,CF,RF",0.5,+240,+250,+236,,+250,,,+240,+220,+220,,,+236,,,,,-375,-335,-354,,-360,,,-375,-335,-335,,,-354,,,,
2024-04-07,Blake Perkins,/mlb/props/blake-perkins-of/,SEA at MIL,MIL,"LF,CF,RF",0.5,+260,+265,+250,,+265,,,+250,,,,,+236,,,,,-380,-354,-390,,-390,,,-400,,,,,-354,,,,
2024-04-07,Julio Rodriguez,/mlb/props/julio-rodriguez-of/,SEA at MIL,SEA,CF,0.5,+165,+200,+190,,+200,,,+160,+155,+155,,,+190,,,,,-225,-225,-274,,-280,,,-225,-225,-225,,,-274,,,,
2024-04-07,Christian Yelich,/mlb/props/christian-yelich/,SEA at MIL,MIL,"LF,DH",0.5,+160,+165,+159,,+165,,,+160,+145,+145,,,+159,,,,,-215,-205,-215,,-220,,,-215,-205,-205,,,-224,,,,
2024-04-07,Oliver Dunn,/mlb/props/oliver-dunn/,SEA at MIL,TB,3B,0.5,+190,+190,+185,,+185,,,+175,+190,+190,,,+172,,,,,-275,-244,-255,,-255,,,-250,-278,-278,,,-244,,,,
2024-04-07,Jake Bauers,/mlb/props/jake-bauers/,SEA at MIL,MIL,"1B,LF,RF",0.5,+160,+160,+160,,+160,,,+160,,,,,+152,,,,,-215,-214,-215,,-215,,,-215,,,,,-214,,,,
2024-04-07,Mitch Garver,/mlb/props/mitch-garver/,SEA at MIL,SEA,"C,DH",0.5,+185,+165,+160,,+165,,,+160,+160,+160,,,+152,,,,,-255,-214,-215,,-225,,,-215,-225,-225,,,-214,,,,
2024-04-07,Cal Raleigh,/mlb/props/caleb-raleigh/,SEA at MIL,SEA,"C,DH",0.5,+170,+165,+165,,+165,,,+165,+165,+165,,,+159,,,,,-230,-224,-230,,-230,,,-225,-235,-235,,,-224,,,,
2024-04-07,Willy Adames,/mlb/props/willy-adames/,SEA at MIL,SF,SS,0.5,+130,+165,+152,,+165,,,+160,+145,+145,,,+152,,,,,-175,-205,-215,,-225,,,-215,-205,-205,,,-214,,,,
2024-04-07,Dominic Canzone,/mlb/props/dominic-canzone/,SEA at MIL,SEA,"LF,RF,DH",0.5,+185,+180,+178,,+180,,,+170,,,,,+178,,,,,-260,-235,-245,,-245,,,-235,,,,,-254,,,,
2024-04-07,Dylan Moore,/mlb/props/dylan-moore/,SEA at MIL,PHI,"1B,2B,3B,LF,RF",0.5,+310,+310,+287,,+310,,,+280,,,,,+287,,,,,-475,-450,-454,,-475,,,-450,,,,,-454,,,,
2024-04-07,Seby Zavala,/mlb/props/bernardo-zavala/,SEA at MIL,FA,C,0.5,+360,+370,+340,,+370,,,+340,,,,,+323,,,,,-575,-529,-600,,-600,,,-650,,,,,-529,,,,
2024-04-07,Brice Turang,/mlb/props/brice-turang/,SEA at MIL,MIL,2B,0.5,+230,+235,+230,,+235,,,+220,+230,+230,,,+219,,,,,-350,-324,-330,,-340,,,-330,-335,-335,,,-324,,,,
2024-04-07,William Contreras,/mlb/props/william-contreras/,SEA at MIL,MIL,"C,DH",0.5,+175,+180,+175,,+180,,,+175,+175,+175,,,+172,,,,,-250,-244,-250,,-250,,,-250,-250,-250,,,-244,,,,
2024-04-07,J.P. Crawford,/mlb/props/jp-crawford/,SEA at MIL,SEA,"3B,SS",0.5,+220,+250,+240,,+250,,,+240,+225,+225,,,+227,,,,,-330,-339,-345,,-370,,,-375,-345,-345,,,-339,,,,
2024-04-07,Mitch Haniger,/mlb/props/mitch-haniger/,SEA at MIL,FA,RF,0.5,+165,+175,+165,,+165,,,+165,+175,+175,,,+152,,,,,-225,-214,-230,,-230,,,-225,-245,-245,,,-214,,,,
2024-04-07,Luke Raley,/mlb/props/lucas-raley/,SEA at MIL,SEA,"1B,LF,CF,RF",0.5,+210,+188,+180,,+180,,,+175,+188,+188,,,+172,,,,,-295,-244,-250,,-250,,,-250,-275,-275,,,-244,,,,
2024-04-07,Jackson Chourio,/mlb/props/jackson-chourio/,SEA at MIL,MIL,"LF,CF,RF",0.5,+175,+210,+208,,+210,,,+200,,,,,+208,,,,,-250,-285,-300,,-300,,,-285,,,,,-304,,,,
2024-04-07,Josh Rojas,/mlb/props/josh-rojas/,SEA at MIL,KC,"2B,3B",0.5,+320,+245,+230,,+245,,,+230,,,,,+227,,,,,-500,-339,-350,,-350,,,-350,,,,,-339,,,,
2024-04-07,Kevin Pillar,/mlb/props/kevin-pillar/,CWS at KC,FA,"LF,CF,RF",0.5,+165,+170,+165,,+170,,,+160,,,,,+165,,,,,-225,-215,-230,,-230,,,-215,,,,,-234,,,,
2024-04-07,Robbie Grossman,/mlb/props/robbie-grossman/,CWS at KC,FA,"LF,RF",0.5,+155,+160,+160,,+160,,,+160,,,,,+152,,,,,-210,-214,-215,,-215,,,-215,,,,,-214,,,,
2024-04-07,Salvador Perez,/mlb/props/salvador-perez/,CWS at KC,KC,"C,1B,DH",0.5,+115,+120,+110,,+110,,,+110,+120,+120,,,+110,,,,,-150,-140,-151,,-145,,,-140,-167,-167,,,-151,,,,
2024-04-07,Nelson Velazquez,/mlb/props/nelson-velazquez/,CWS at KC,STL,"LF,RF,DH",0.5,+175,+188,+150,,+150,,,+145,+188,+188,,,+146,,,,,-240,-200,-205,,-205,,,-200,-265,-265,,,-204,,,,
2024-04-07,Gavin Sheets,/mlb/props/gavin-sheets/,CWS at KC,SD,"1B,LF,RF,DH",0.5,+150,+175,+155,,+155,,,+150,+175,+175,,,+143,,,,,-205,-199,-215,,-215,,,-210,-245,-245,,,-199,,,,
2024-04-07,Martin Maldonado,/mlb/props/martin-maldonado/,CWS at KC,FA,C,0.5,+275,+220,+210,,+220,,,+210,,,,,+208,,,,,-400,-300,-304,,-320,,,-300,,,,,-304,,,,
2024-04-07,Hunter Renfroe,/mlb/props/hunter-renfroe/,CWS at KC,FA,RF,0.5,+155,+160,+155,,+160,,,+160,+155,+155,,,+143,,,,,-210,-199,-215,,-220,,,-215,-220,-220,,,-199,,,,
2024-04-07,Dominic Fletcher,/mlb/props/dominic-fletcher/,CWS at KC,PIT,"CF,RF",0.5,+180,+163,+145,,+145,,,+140,+163,+163,,,+139,,,,,-250,-190,-195,,-195,,,-190,-235,-235,,,-194,,,,
2024-04-07,Nicky Lopez,/mlb/props/nicky-lopez/,CWS at KC,TEX,"2B,3B,SS",0.5,+200,+190,+160,,+160,,,+150,+190,+190,,,+152,,,,,-285,-210,-215,,-215,,,-210,-278,-278,,,-214,,,,
2024-04-07,Vinnie Pasquantino,/mlb/props/vinnie-pasquantino/,CWS at KC,KC,"1B,DH",0.5,+155,+150,+145,,+150,,,+145,+138,+138,,,+139,,,,,-210,-194,-200,,-205,,,-200,-195,-195,,,-194,,,,
2024-04-07,Braden Shewmake,/mlb/props/braden-shewmake/,CWS at KC,HOU,"2B,3B,SS",0.5,+145,+145,+140,,+145,,,+140,,,,,+139,,,,,-195,-190,-194,,-195,,,-190,,,,,-194,,,,
2024-04-07,Garrett Hampson,/mlb/props/garrett-hampson/,CWS at KC,CIN,"2B,LF,CF",0.5,+280,+275,+260,,+275,,,+250,+260,+260,,,+247,,,,,-425,-374,-400,,-400,,,-400,-420,-420,,,-374,,,,
2024-04-07,Bobby Witt Jr.,/mlb/props/bobby-witt-jr/,CWS at KC,KC,SS,0.5,+125,+120,+120,,+120,,,+120,+120,+120,,,+120,,,,,-170,-160,-162,,-160,,,-160,-162,-162,,,-166,,,,
2024-04-07,Andrew Vaughn,/mlb/props/andrew-vaughn-1b/,CWS at KC,MIL,1B,0.5,+130,+138,+123,,+120,,,+120,+138,+138,,,+123,,,,,-170,-160,-169,,-160,,,-160,-195,-195,,,-169,,,,
2024-04-07,Freddy Fermin,/mlb/props/freddy-fermin/,CWS at KC,SD,C,0.5,+185,+170,+165,,+170,,,+165,,,,,+165,,,,,-255,-225,-234,,-235,,,-225,,,,,-234,,,,
2024-04-07,Andrew Benintendi,/mlb/props/andrew-benintendi/,CWS at KC,CWS,"LF,DH",0.5,+170,+175,+135,,+135,,,+135,+175,+175,,,+133,,,,,-235,-180,-185,,-185,,,-180,-245,-245,,,-184,,,,
2024-04-07,Maikel Garcia,/mlb/props/maikel-garcia/,CWS at KC,KC,"2B,3B,SS,OF",0.5,+195,+172,+170,,+170,,,+165,+170,+170,,,+172,,,,,-270,-225,-235,,-235,,,-225,-245,-245,,,-244,,,,
2024-04-07,Paul DeJong,/mlb/props/paul-dejong/,CWS at KC,FA,"2B,3B,SS",0.5,+215,+215,+200,,+215,,,+200,+185,+185,,,+196,,,,,-300,-265,-284,,-300,,,-285,-265,-265,,,-284,,,,
2024-04-07,MJ Melendez,/mlb/props/mj-melendez/,CWS at KC,NYM,"LF,DH",0.5,+195,+195,+185,,+195,,,+185,,,,,+184,,,,,-275,-260,-264,,-270,,,-260,,,,,-264,,,,
2024-04-07,Yoan Moncada,/mlb/props/yoan-moncada/,CWS at KC,LAA,3B,0.5,+175,+180,+165,,+165,,,+160,+180,+180,,,+159,,,,,-240,-215,-224,,-220,,,-215,-250,-250,,,-224,,,,
2024-04-07,Nick Loftin,/mlb/props/nick-loftin/,CWS at KC,KC,"2B,3B,LF",0.5,+230,+155,+152,,+155,,,,,,,,+152,,,,,-330,-210,-214,,-210,,,,,,,,-214,,,,
2024-04-07,Jazz Chisholm Jr.,/mlb/props/jasrado-chisholm/,MIA at STL,NYY,"2B,3B",0.5,+115,+120,+110,,+110,,,+110,+120,+120,,,+110,,,,,-155,-140,-151,,-145,,,-140,-165,-165,,,-151,,,,
2024-04-07,Jake Burger,/mlb/props/jake-burger-3b/,MIA at STL,TEX,1B,0.5,+135,+143,+135,,+135,,,+130,+143,+143,,,+133,,,,,-180,-175,-184,,-180,,,-175,-200,-200,,,-184,,,,
2024-04-07,Ivan Herrera,/mlb/props/ivan-herrera/,MIA at STL,STL,"C,DH",0.5,+195,+160,+160,,+160,,,+160,,,,,+159,,,,,-270,-215,-220,,-220,,,-215,,,,,-224,,,,
2024-04-07,Josh Bell,/mlb/props/josh-bell/,MIA at STL,MIN,"1B,DH",0.5,+150,+175,+140,,+140,,,+140,+175,+175,,,+133,,,,,-200,-184,-190,,-190,,,-190,-245,-245,,,-184,,,,
2024-04-07,Tim Anderson,/mlb/props/tim-anderson/,MIA at STL,FA,"2B,SS",0.5,+215,+210,+195,,+195,,,+185,+210,+210,,,+190,,,,,-300,-260,-274,,-270,,,-260,-315,-315,,,-274,,,,
2024-04-07,Christian Bethancourt,/mlb/props/christian-bethancourt/,MIA at STL,CHC,C,0.5,+225,+225,+210,,+225,,,+210,,,,,+208,,,,,-320,-300,-304,,-320,,,-300,,,,,-304,,,,
2024-04-07,Jordan Walker,/mlb/props/jordan-walker/,MIA at STL,STL,"LF,RF",0.5,+185,+175,+170,,+175,,,+170,+165,+165,,,+172,,,,,-255,-235,-240,,-240,,,-235,-235,-235,,,-244,,,,
2024-04-07,Nolan Gorman,/mlb/props/nolan-gorman/,MIA at STL,STL,"2B,3B,DH",0.5,+120,+135,+130,,+130,,,+130,+135,+135,,,+126,,,,,-160,-174,-175,,-175,,,-175,-186,-186,,,-174,,,,
2024-04-07,Brendan Donovan,/mlb/props/brendan-donovan/,MIA at STL,SEA,"2B,3B,SS,LF",0.5,+150,+155,+145,,+145,,,+145,+155,+155,,,+139,,,,,-205,-194,-200,,-200,,,-200,-225,-225,,,-194,,,,
2024-04-07,Nolan Arenado,/mlb/props/nolan-arenado/,MIA at STL,ARI,3B,0.5,+115,+128,+125,,+125,,,+125,+128,+128,,,+120,,,,,-155,-165,-166,,-165,,,-165,-177,-177,,,-166,,,,
2024-04-07,Alec Burleson,/mlb/props/alec-burleson/,MIA at STL,STL,"1B,LF,RF,DH",0.5,+175,+155,+150,,+155,,,+150,,,,,+146,,,,,-245,-204,-205,,-205,,,-210,,,,,-204,,,,
2024-04-07,Victor Scott,/mlb/props/victor-scott/,MIA at STL,STL,CF,0.5,+190,+190,+185,,+190,,,+185,+190,+190,,,+184,,,,,-260,-260,-264,,-260,,,-260,-278,-278,,,-264,,,,
2024-04-07,Paul Goldschmidt,/mlb/props/paul-goldschmidt/,MIA at STL,NYY,"1B,DH",0.5,+155,+160,+146,,+145,,,+145,+160,+160,,,+146,,,,,-210,-195,-204,,-195,,,-200,-225,-225,,,-204,,,,
2024-04-07,Masyn Winn,/mlb/props/masyn-winn-p/,MIA at STL,STL,SS,0.5,+230,+235,+220,,+235,,,+220,,,,,+219,,,,,-330,-324,-330,,-330,,,-330,,,,,-324,,,,
2024-04-07,Bryan De La Cruz,/mlb/props/bryan-de-la-cruz/,MIA at STL,PHI,LF,0.5,+140,+180,+150,,+150,,,+145,+180,+180,,,+143,,,,,-185,-199,-205,,-205,,,-200,-265,-265,,,-199,,,,
2024-04-07,Nick Gordon,/mlb/props/nick-gordon/,MIA at STL,FA,"2B,LF,CF",0.5,+170,+160,+160,,+160,,,+160,,,,,+152,,,,,-230,-214,-215,,-220,,,-215,,,,,-214,,,,
2024-04-07,Luis Arraez,/mlb/props/luis-arraez/,MIA at STL,SF,"1B,2B,DH",0.5,+175,+250,+185,,+185,,,+175,+250,+250,,,+172,,,,,-240,-244,-255,,-255,,,-250,-375,-375,,,-244,,,,
2024-04-07,Jesus Sanchez,/mlb/props/jesus-sanchez/,MIA at STL,TOR,"LF,CF,RF,DH",0.5,+175,+163,+135,,+135,,,+135,+163,+163,,,+133,,,,,-240,-180,-185,,-185,,,-180,-235,-235,,,-184,,,,
2024-04-07,Willson Contreras,/mlb/props/willson-contreras/,MIA at STL,BOS,1B,0.5,+140,+155,+145,,+145,,,+140,+155,+155,,,+136,,,,,-190,-189,-195,,-195,,,-190,-215,-215,,,-189,,,,
2024-04-07,Ian Happ,/mlb/props/ian-happ/,LAD at CHC,CHC,LF,0.5,+205,+205,+200,,+205,,,+200,+205,+205,,,+190,,,,,-285,-274,-290,,-290,,,-285,-305,-305,,,-274,,,,
2024-04-07,Miguel Rojas,/mlb/props/miguel-rojas/,LAD at CHC,LAD,"2B,3B,SS",0.5,+295,+285,+275,,+285,,,+260,,,,,+275,,,,,-450,-425,-425,,-425,,,-425,,,,,-429,,,,
2024-04-07,Teoscar Hernandez,/mlb/props/teoscar-hernandez/,LAD at CHC,LAD,"LF,RF",0.5,+160,+150,+145,,+150,,,+145,+140,+140,,,+143,,,,,-215,-195,-200,,-205,,,-200,-195,-195,,,-199,,,,
2024-04-07,Dansby Swanson,/mlb/props/dansby-swanson/,LAD at CHC,CHC,SS,0.5,+185,+188,+185,,+185,,,+170,+188,+188,,,+172,,,,,-255,-235,-244,,-255,,,-235,-265,-265,,,-244,,,,
2024-04-07,Michael Busch,/mlb/props/michael-busch-2b/,LAD at CHC,CHC,1B,0.5,+240,+230,+225,,+230,,,+220,+225,+225,,,+219,,,,,-350,-324,-330,,-330,,,-330,-335,-335,,,-324,,,,
2024-04-07,Chris Taylor,/mlb/props/chris-taylor/,LAD at CHC,FA,"2B,LF,CF,RF",0.5,+285,+260,+236,,+260,,,+230,,,,,+236,,,,,-425,-354,-360,,-380,,,-360,,,,,-354,,,,
2024-04-07,Cody Bellinger,/mlb/props/cody-bellinger/,LAD at CHC,NYY,"LF,CF,RF",0.5,+175,+165,+160,,+165,,,+165,+160,+160,,,+159,,,,,-240,-224,-225,,-225,,,-225,-225,-225,,,-224,,,,
2024-04-07,Miguel Amaya,/mlb/props/miguel-amaya-c/,LAD at CHC,CHC,"C,DH",0.5,+265,+265,+240,,+265,,,+240,,,,,+236,,,,,-390,-354,-375,,-390,,,-375,,,,,-354,,,,
2024-04-07,Christopher Morel,/mlb/props/christopher-morel/,LAD at CHC,MIA,"1B,LF,DH",0.5,+155,+155,+150,,+155,,,+150,+155,+155,,,+146,,,,,-205,-204,-210,,-205,,,-210,-215,-215,,,-204,,,,
2024-04-07,Freddie Freeman,/mlb/props/freddie-freeman/,LAD at CHC,LAD,1B,0.5,+175,+160,+152,,+160,,,+160,+148,+148,,,+152,,,,,-240,-205,-214,,-220,,,-215,-205,-205,,,-214,,,,
2024-04-07,Max Muncy,/mlb/props/max-muncy/,LAD at CHC,LAD,3B,0.5,+205,+195,+185,,+195,,,+185,+185,+185,,,+184,,,,,-285,-260,-265,,-270,,,-260,-265,-265,,,-264,,,,
2024-04-07,Enrique Hernandez,/mlb/props/enrique-hernandez/,LAD at CHC,LAD,"1B,2B,3B,LF",0.5,+270,+235,+230,,+235,,,+220,+230,+230,,,+219,,,,,-400,-324,-330,,-330,,,-330,-335,-335,,,-324,,,,
2024-04-07,Gavin Lux,/mlb/props/gavin-lux/,LAD at CHC,TB,"2B,3B,LF,DH",0.5,+310,+300,+280,,+300,,,+280,,,,,+275,,,,,-475,-429,-450,,-450,,,-450,,,,,-429,,,,
2024-04-07,Mookie Betts,/mlb/props/mookie-betts/,LAD at CHC,LAD,SS,0.5,+155,+160,+150,,+160,,,+150,+140,+140,,,+152,,,,,-210,-195,-210,,-220,,,-210,-195,-195,,,-214,,,,
2024-04-07,Shohei Ohtani,/mlb/props/shohei-ohtani/,LAD at CHC,LAD,"SP,DH",0.5,+190,+165,+159,,+165,,,+160,+148,+148,,,+159,,,,,-260,-210,-224,,-225,,,-225,-210,-210,,,-224,,,,
2024-04-07,Mike Tauchman,/mlb/props/mike-tauchman/,LAD at CHC,NYM,"LF,CF,RF",0.5,+280,+285,+260,,+285,,,+260,,,,,+252,,,,,-425,-384,-425,,-425,,,-425,,,,,-384,,,,
2024-04-07,Will Smith,/mlb/props/will-smith-c/,LAD at CHC,LAD,C,0.5,+165,+150,+146,,+150,,,+145,+145,+145,,,+146,,,,,-225,-200,-204,,-205,,,-200,-200,-200,,,-204,,,,
2024-04-07,Nico Hoerner,/mlb/props/nico-hoerner/,LAD at CHC,CHC,"2B,SS",0.5,+235,+235,+230,,+235,,,+220,+230,+230,,,+219,,,,,-340,-324,-330,,-330,,,-330,-345,-345,,,-324,,,,
2024-04-07,Seiya Suzuki,/mlb/props/seiya-suzuki/,LAD at CHC,CHC,"LF,RF,DH",0.5,+195,+190,+175,,+190,,,+175,+175,+175,,,+172,,,,,-270,-244,-250,,-260,,,-250,-245,-245,,,-244,,,,
2024-04-07,Yandy Diaz,/mlb/props/yandy-diaz/,TB at COL,TB,"1B,DH",0.5,+160,+140,+138,,+140,,,+140,+138,+138,,,+136,,,,,-215,-189,-190,,-190,,,-190,-190,-190,,,-189,,,,
2024-04-07,Jose Siri,/mlb/props/jose-siri/,TB at COL,LAA,"LF,CF",0.5,+145,+160,+152,,+160,,,+160,+132,+132,,,+152,,,,,-195,-182,-214,,-215,,,-215,-182,-182,,,-214,,,,
2024-04-07,Kris Bryant,/mlb/props/kris-bryant/,TB at COL,COL,DH,0.5,+140,+145,+140,,+140,,,+140,+145,+145,,,+136,,,,,-190,-189,-190,,-190,,,-190,-200,-200,,,-189,,,,
2024-04-07,Ben Rortvedt,/mlb/props/benjamin-rortvedt/,TB at COL,NYM,C,0.5,+175,+175,+170,,+175,,,+170,+165,+165,,,+165,,,,,-240,-230,-235,,-240,,,-235,-230,-230,,,-234,,,,
2024-04-07,Randy Arozarena,/mlb/props/randy-arozarena/,TB at COL,SEA,"LF,CF",0.5,+150,+145,+145,,+145,,,+145,,,,,+139,,,,,-200,-194,-200,,-200,,,-200,,,,,-194,,,,
2024-04-07,Rene Pinto,/mlb/props/rene-pinto/,TB at COL,PHI,C,0.5,+175,+180,+175,,+180,,,+175,,,,,+172,,,,,-240,-244,-250,,-250,,,-250,,,,,-244,,,,
2024-04-07,Jacob Stallings,/mlb/props/jacob-stallings/,TB at COL,FA,C,0.5,+245,+245,+230,,+245,,,+230,,,,,+227,,,,,-360,-339,-350,,-350,,,-350,,,,,-339,,,,
2024-04-07,Alan Trejo,/mlb/props/alan-trejo/,TB at COL,FA,"2B,SS",0.5,+180,+180,+175,,+180,,,+170,+175,+175,,,+172,,,,,-245,-235,-244,,-245,,,-235,-250,-250,,,-244,,,,
2024-04-07,Harold Ramirez,/mlb/props/harold-ramirez-of/,TB at COL,FA,"LF,RF,DH",0.5,+130,+126,+125,,+125,,,+125,+112,+112,,,+126,,,,,-170,-152,-165,,-170,,,-165,-152,-152,,,-174,,,,
2024-04-07,Michael Toglia,/mlb/props/mike-toglia/,TB at COL,CIN,1B,0.5,+135,+140,+135,,+140,,,+135,+138,+138,,,+129,,,,,-180,-179,-185,,-185,,,-180,-195,-195,,,-179,,,,
2024-04-07,Ryan McMahon,/mlb/props/ryan-mcmahon/,TB at COL,NYY,3B,0.5,+145,+145,+140,,+140,,,+135,+145,+145,,,+139,,,,,-195,-180,-194,,-185,,,-180,-200,-200,,,-194,,,,
2024-04-07,Charlie Blackmon,/mlb/props/charlie-blackmon/,TB at COL,FA,"RF,DH",0.5,+165,+165,+160,,+165,,,+160,+155,+155,,,+159,,,,,-225,-215,-224,,-225,,,-215,-215,-215,,,-224,,,,
2024-04-07,Austin Shenton,/mlb/props/austin-shenton/,TB at COL,FA,1B,0.5,+125,+125,+125,,+125,,,+125,,,,,+114,,,,,-165,-157,-165,,-165,,,-165,,,,,-157,,,,
2024-04-07,Brandon Lowe,/mlb/props/brandon-lowe/,TB at COL,PIT,2B,0.5,+125,+116,+115,,+115,,,+115,+116,+116,,,+112,,,,,-170,-150,-154,,-150,,,-150,-159,-159,,,-154,,,,
2024-04-07,Jose Caballero,/mlb/props/jose-caballero/,TB at COL,NYY,"2B,3B,SS,LF,RF",0.5,+200,+175,+165,,+175,,,+170,+150,+150,,,+165,,,,,-280,-210,-234,,-240,,,-235,-210,-210,,,-234,,,,
2024-04-07,Ezequiel Tovar,/mlb/props/ezequiel-tovar/,TB at COL,COL,SS,0.5,+170,+175,+165,,+165,,,+160,+175,+175,,,+159,,,,,-230,-215,-225,,-225,,,-215,-245,-245,,,-224,,,,
2024-04-07,Brenton Doyle,/mlb/props/brenton-doyle/,TB at COL,COL,CF,0.5,+185,+180,+172,,+180,,,+170,+170,+170,,,+172,,,,,-255,-235,-240,,-245,,,-235,-240,-240,,,-244,,,,
2024-04-07,Nolan Jones,/mlb/props/nolan-jones-3b/,TB at COL,CWS,"LF,CF,RF",0.5,+155,+150,+145,,+150,,,+145,+138,+138,,,+146,,,,,-210,-190,-200,,-205,,,-200,-190,-190,,,-204,,,,
2024-04-07,Richie Palacios,/mlb/props/richie-palacios/,TB at COL,TB,"2B,LF",0.5,+135,+140,+133,,+140,,,+135,+120,+120,,,+133,,,,,-180,-162,-180,,-185,,,-180,-162,-162,,,-184,,,,
2024-04-07,Isaac Paredes,/mlb/props/isaac-paredes/,TB at COL,HOU,"1B,3B,DH",0.5,+115,+120,+110,,+120,,,+120,-104,-104,,,+110,,,,,-150,-132,-151,,-160,,,-160,-132,-132,,,-151,,,,
2024-04-07,Xander Bogaerts,/mlb/props/xander-bogaerts/,SD at SF,SD,SS,0.5,+240,+280,+250,,+270,,,+250,+280,+280,,,+236,,,,,-350,-354,-400,,-400,,,-400,-455,-455,,,-354,,,,
2024-04-07,Matt Chapman,/mlb/props/matt-chapman/,SD at SF,SF,3B,0.5,+135,+140,+135,,+135,,,+135,+140,+140,,,+129,,,,,-180,-179,-180,,-180,,,-180,-195,-195,,,-179,,,,
2024-04-07,Luis Campusano,/mlb/props/luis-campusano/,SD at SF,SD,"C,DH",0.5,+195,+195,+185,,+195,,,+185,,,,,+178,,,,,-270,-254,-260,,-275,,,-260,,,,,-254,,,,
2024-04-07,Thairo Estrada,/mlb/props/thairo-estrada/,SD at SF,FA,2B,0.5,+175,+195,+185,,+185,,,+185,+195,+195,,,+172,,,,,-240,-244,-260,,-260,,,-260,-286,-286,,,-244,,,,
2024-04-07,Jurickson Profar,/mlb/props/jurickson-profar/,SD at SF,ATL,LF,0.5,+205,+250,+205,,+205,,,+200,+250,+250,,,+196,,,,,-290,-284,-290,,-290,,,-285,-375,-375,,,-284,,,,
2024-04-07,Jackson Merrill,/mlb/props/jackson-merrill/,SD at SF,SD,CF,0.5,+255,+200,+190,,+200,,,+185,,,,,+190,,,,,-380,-260,-274,,-280,,,-260,,,,,-274,,,,
2024-04-07,LaMonte Wade Jr.,/mlb/props/lamonte-wade/,SD at SF,HOU,"1B,RF",0.5,+180,+205,+185,,+185,,,+185,+205,+205,,,+178,,,,,-245,-254,-260,,-255,,,-260,-305,-305,,,-254,,,,
2024-04-07,Jung Hoo Lee,/mlb/props/jung-lee/,SD at SF,SF,"CF,RF",0.5,+200,+225,+200,,+200,,,+190,+225,+225,,,+190,,,,,-280,-274,-280,,-280,,,-275,-345,-345,,,-274,,,,
2024-04-07,Patrick Bailey,/mlb/props/patrick-bailey/,SD at SF,CLE,C,0.5,+205,+205,+200,,+205,,,+200,,,,,+190,,,,,-285,-274,-285,,-285,,,-285,,,,,-274,,,,
2024-04-07,Nick Ahmed,/mlb/props/nick-ahmed/,SD at SF,FA,SS,0.5,+245,+240,+230,,+240,,,+230,,,,,+227,,,,,-360,-339,-340,,-340,,,-350,,,,,-339,,,,
2024-04-07,Michael Conforto,/mlb/props/michael-conforto/,SD at SF,CHC,"LF,RF,DH",0.5,+155,+160,+150,,+160,,,+150,+148,+148,,,+146,,,,,-210,-204,-210,,-215,,,-210,-205,-205,,,-204,,,,
2024-04-07,Tom Murphy,/mlb/props/tom-murphy/,SD at SF,FA,C,0.5,+175,+180,+178,,+180,,,+170,,,,,+178,,,,,-240,-235,-245,,-245,,,-235,,,,,-254,,,,
2024-04-07,Mike Yastrzemski,/mlb/props/michael-yastrzemski/,SD at SF,ATL,"LF,CF,RF",0.5,+155,+175,+170,,+170,,,+170,+175,+175,,,+159,,,,,-205,-224,-235,,-235,,,-235,-245,-245,,,-224,,,,
2024-04-07,Ha-Seong Kim,/mlb/props/ha-seong-kim/,SD at SF,ATL,"2B,SS",0.5,+215,+225,+210,,+225,,,+210,+220,+220,,,+202,,,,,-300,-294,-320,,-320,,,-300,-335,-335,,,-294,,,,
2024-04-07,Graham Pauley,/mlb/props/graham-pauley/,SD at SF,MIA,"1B,3B",0.5,+255,+265,+240,,+260,,,+240,+265,+265,,,+227,,,,,-370,-339,-375,,-380,,,-375,-420,-420,,,-339,,,,
2024-04-07,Tyler Wade,/mlb/props/tyler-wade/,SD at SF,FA,"2B,LF,CF",0.5,+260,+260,+240,,+260,,,+240,,,,,+236,,,,,-380,-354,-375,,-380,,,-375,,,,,-354,,,,
2024-04-07,Kyle Higashioka,/mlb/props/kyle-higashioka/,SD at SF,TEX,"C,DH",0.5,+260,+260,+240,,+260,,,+240,,,,,+236,,,,,-380,-354,-375,,-380,,,-375,,,,,-354,,,,
2024-04-07,Jake Cronenworth,/mlb/props/jacob-cronenworth/,SD at SF,SD,"1B,2B,SS",0.5,+180,+195,+185,,+195,,,+185,+175,+175,,,+172,,,,,-245,-244,-260,,-270,,,-260,-250,-250,,,-244,,,,
2024-04-07,Fernando Tatis Jr.,/mlb/props/fernando-tatis-jr/,SD at SF,SD,"2B,RF",0.5,+180,+205,+190,,+205,,,+190,+190,+190,,,+178,,,,,-245,-254,-275,,-285,,,-275,-278,-278,,,-254,,,,
2024-04-07,Jorge Soler,/mlb/props/jorge-soler/,SD at SF,LAA,"RF,DH",0.5,+135,+148,+135,,+140,,,+135,+148,+148,,,+126,,,,,-180,-174,-185,,-185,,,-180,-205,-205,,,-174,,,,
2024-04-07,Manny Machado,/mlb/props/manny-machado/,SD at SF,SD,"3B,DH",0.5,+145,+165,+150,,+150,,,+145,+165,+165,,,+139,,,,,-195,-194,-200,,-200,,,-200,-230,-230,,,-194,,,,
2024-04-07,Rafael Devers,/mlb/props/rafael-devers/,BOS at LAA,SF,"1B,DH",0.5,+125,+128,+120,,+120,,,+120,+128,+128,,,+118,,,,,-165,-155,-163,,-155,,,-160,-177,-177,,,-163,,,,
2024-04-07,Connor Wong,/mlb/props/connor-wong/,BOS at LAA,BOS,C,0.5,+260,+255,+240,,+255,,,+240,,,,,+236,,,,,-380,-354,-370,,-370,,,-375,,,,,-354,,,,
2024-04-07,Zach Neto,/mlb/props/zach-neto/,BOS at LAA,LAA,SS,0.5,+265,+280,+260,,+270,,,+260,+280,+280,,,+247,,,,,-390,-374,-400,,-400,,,-425,-455,-455,,,-374,,,,
2024-04-07,Miguel Sano,/mlb/props/miguel-sano/,BOS at LAA,FA,"1B,3B",0.5,+170,+190,+175,,+175,,,+170,+190,+190,,,+165,,,,,-235,-234,-240,,-240,,,-235,-278,-278,,,-234,,,,
2024-04-07,Anthony Rendon,/mlb/props/anthony-rendon/,BOS at LAA,LAA,3B,0.5,+255,+265,+260,,+260,,,+240,+265,+265,,,+236,,,,,-370,-354,-380,,-380,,,-375,-420,-420,,,-354,,,,
2024-04-07,Jarren Duran,/mlb/props/jarren-duran/,BOS at LAA,BOS,"LF,CF,DH",0.5,+180,+185,+175,,+185,,,+175,+185,+185,,,+165,,,,,-250,-234,-250,,-260,,,-250,-275,-275,,,-234,,,,
2024-04-07,Wilyer Abreu,/mlb/props/wilyer-abreu/,BOS at LAA,BOS,"LF,CF,RF",0.5,+210,+210,+190,,+210,,,+190,+188,+188,,,+190,,,,,-290,-274,-275,,-290,,,-275,-275,-275,,,-274,,,,
2024-04-07,Reese McGuire,/mlb/props/reese-mcguire/,BOS at LAA,FA,C,0.5,+260,+260,+240,,+260,,,+240,,,,,+236,,,,,-380,-354,-375,,-380,,,-375,,,,,-354,,,,
2024-04-07,Triston Casas,/mlb/props/triston-casas/,BOS at LAA,BOS,1B,0.5,+175,+185,+175,,+175,,,+170,+185,+185,,,+165,,,,,-235,-234,-235,,-235,,,-235,-265,-265,,,-234,,,,
2024-04-07,Taylor Ward,/mlb/props/taylor-ward/,BOS at LAA,BAL,LF,0.5,+160,+170,+160,,+155,,,+160,+170,+170,,,+152,,,,,-215,-210,-215,,-210,,,-215,-240,-240,,,-214,,,,
2024-04-07,Enmanuel Valdez,/mlb/props/enmanuel-valdez/,BOS at LAA,PIT,1B,0.5,+235,+185,+175,,+185,,,+175,+175,+175,,,+165,,,,,-330,-234,-250,,-255,,,-250,-250,-250,,,-234,,,,
2024-04-07,Mickey Moniak,/mlb/props/mckenzie-moniak/,BOS at LAA,COL,"LF,CF,RF,DH",0.5,+215,+215,+210,,+215,,,+210,,,,,+202,,,,,-310,-294,-300,,-310,,,-300,,,,,-294,,,,
2024-04-07,Masataka Yoshida,/mlb/props/masataka-yoshida/,BOS at LAA,BOS,"LF,DH",0.5,+180,+180,+175,,+180,,,+170,+175,+175,,,+172,,,,,-250,-235,-244,,-250,,,-235,-250,-250,,,-244,,,,
2024-04-07,David Hamilton,/mlb/props/david-hamilton/,BOS at LAA,MIL,"2B,3B,SS",0.5,+270,+270,+250,,+270,,,+250,,,,,+247,,,,,-400,-374,-400,,-400,,,-400,,,,,-374,,,,
2024-04-07,Tyler O'Neill,/mlb/props/tyler-oneill/,BOS at LAA,BAL,"LF,RF",0.5,+165,+170,+165,,+170,,,+165,+155,+155,,,+159,,,,,-225,-224,-225,,-230,,,-225,-225,-225,,,-224,,,,
2024-04-07,Logan O'Hoppe,/mlb/props/logan-ohoppe/,BOS at LAA,LAA,C,0.5,+200,+200,+190,,+200,,,+190,,,,,+184,,,,,-275,-264,-275,,-280,,,-275,,,,,-264,,,,
2024-04-07,Mike Trout,/mlb/props/mike-trout/,BOS at LAA,LAA,"CF,RF,DH",0.5,+160,+160,+159,,+160,,,+160,+155,+155,,,+159,,,,,-215,-215,-220,,-220,,,-215,-215,-215,,,-224,,,,
2024-04-07,Bobby Dalbec,/mlb/props/robert-dalbec/,BOS at LAA,FA,"1B,3B",0.5,+260,+245,+230,,+245,,,+230,,,,,+227,,,,,-380,-339,-350,,-360,,,-350,,,,,-339,,,,
2024-04-07,Brandon Drury,/mlb/props/brandon-drury/,BOS at LAA,KC,"1B,2B,3B",0.5,+175,+175,+172,,+175,,,+170,+175,+175,,,+172,,,,,-240,-235,-244,,-245,,,-235,-250,-250,,,-244,,,,
2024-04-07,Ceddanne Rafaela,/mlb/props/ceddanne-rafaela/,BOS at LAA,BOS,"2B,CF",0.5,+240,+245,+230,,+245,,,,+230,+230,,,+227,,,,,-350,-335,-339,,-350,,,,-335,-335,,,-339,,,,
2024-04-07,Nolan Schanuel,/mlb/props/nolan-schanuel/,BOS at LAA,LAA,1B,0.5,+255,+255,+245,,+245,,,+230,+255,+255,,,+227,,,,,-380,-339,-350,,-350,,,-350,-400,-400,,,-339,,,,
2024-04-07,Marcus Semien,/mlb/props/marcus-semien/,HOU at TEX,NYM,2B,0.5,+135,+125,+125,,+125,,,+125,+125,+125,,,+123,,,,,-180,-165,-170,,-170,,,-165,-175,-175,,,-169,,,,
2024-04-07,Yordan Alvarez,/mlb/props/yordan-alvarez/,HOU at TEX,HOU,"LF,DH",0.5,+120,+114,+110,,+110,,,+110,+114,+114,,,+110,,,,,-160,-140,-145,,-145,,,-140,-155,-155,,,-151,,,,
2024-04-07,Jeremy Pena,/mlb/props/jeremy-pena/,HOU at TEX,HOU,SS,0.5,+190,+195,+185,,+195,,,+185,,,,,+178,,,,,-275,-254,-260,,-270,,,-260,,,,,-254,,,,
2024-04-07,Jose Abreu,/mlb/props/jose-dariel-abreu/,HOU at TEX,FA,1B,0.5,+175,+170,+160,,+165,,,+160,+170,+170,,,+152,,,,,-250,-214,-220,,-220,,,-215,-240,-240,,,-214,,,,
2024-04-07,Wyatt Langford,/mlb/props/wyatt-langford/,HOU at TEX,TEX,"LF,CF",0.5,+170,+160,+155,,+155,,,+160,+160,+160,,,+152,,,,,-235,-214,-215,,-215,,,-215,-225,-225,,,-214,,,,
2024-04-07,Alex Bregman,/mlb/props/alex-bregman/,HOU at TEX,CHC,"3B,DH",0.5,+145,+140,+135,,+140,,,+135,+132,+132,,,+133,,,,,-200,-180,-182,,-185,,,-180,-182,-182,,,-184,,,,
2024-04-07,Travis Jankowski,/mlb/props/travis-jankowski/,HOU at TEX,FA,"LF,CF,RF",0.5,+240,+240,+230,,+240,,,+230,+240,+240,,,+219,,,,,-340,-324,-350,,-340,,,-350,-375,-375,,,-324,,,,
2024-04-07,Kyle Tucker,/mlb/props/kyle-tucker/,HOU at TEX,LAD,"RF,DH",0.5,+150,+140,+135,,+140,,,+135,+132,+132,,,+133,,,,,-210,-180,-184,,-190,,,-180,-182,-182,,,-184,,,,
2024-04-07,Evan Carter,/mlb/props/evan-carter/,HOU at TEX,TEX,"LF,CF,RF",0.5,+185,+188,+180,,+180,,,+170,+188,+188,,,+172,,,,,-260,-235,-250,,-250,,,-235,-265,-265,,,-244,,,,
2024-04-07,Corey Seager,/mlb/props/corey-seager/,HOU at TEX,TEX,SS,0.5,+105,-105,-105,,-105,,,-105,-108,-108,,,-108,,,,,-135,-125,-125,,-125,,,-125,-127,-127,,,-127,,,,
2024-04-07,Leody Taveras,/mlb/props/leody-taveras-of/,HOU at TEX,BAL,"CF,RF",0.5,+190,+185,+175,,+185,,,+175,,,,,+172,,,,,-275,-244,-250,,-255,,,-250,,,,,-244,,,,
2024-04-07,Jose Altuve,/mlb/props/jose-altuve/,HOU at TEX,HOU,"2B,LF,DH",0.5,+185,+175,+170,,+175,,,+170,+175,+175,,,+165,,,,,-260,-234,-240,,-240,,,-235,-250,-250,,,-234,,,,
2024-04-07,Jared Walsh,/mlb/props/jared-walsh/,HOU at TEX,FA,"1B,RF",0.5,+190,+205,+185,,+185,,,+175,+205,+205,,,+172,,,,,-275,-244,-255,,-255,,,-250,-305,-305,,,-244,,,,
2024-04-07,Adolis Garcia,/mlb/props/jose-adolis-garcia/,HOU at TEX,PHI,RF,0.5,-110,-105,-113,,-115,,,-115,-105,-105,,,-113,,,,,-120,-115,-121,,-115,,,-115,-130,-130,,,-121,,,,
2024-04-07,Jon Singleton,/mlb/props/jonathan-singleton/,HOU at TEX,FA,"1B,DH",0.5,+180,+180,+172,,+180,,,+170,,,,,+172,,,,,-245,-235,-244,,-245,,,-235,,,,,-244,,,,
2024-04-07,Chas McCormick,/mlb/props/chas-mccormick/,HOU at TEX,CHC,"LF,CF,RF",0.5,+190,+210,+190,,+210,,,+200,+165,+165,,,+190,,,,,-275,-235,-274,,-295,,,-285,-235,-235,,,-274,,,,
2024-04-07,Josh Smith,/mlb/props/josh-smith-ss/,HOU at TEX,TEX,"1B,2B,3B,SS,LF,RF",0.5,+210,+200,+190,,+200,,,+185,,,,,+190,,,,,-300,-260,-274,,-280,,,-260,,,,,-274,,,,
2024-04-07,Jake Meyers,/mlb/props/jacob-meyers/,HOU at TEX,HOU,CF,0.5,+250,+230,+230,,+230,,,+230,,,,,+227,,,,,-400,-330,-339,,-330,,,-350,,,,,-339,,,,
2024-04-07,Yainer Diaz,/mlb/props/yainer-diaz-c/,HOU at TEX,HOU,"C,DH",0.5,+140,+130,+130,,+130,,,+130,+130,+130,,,+126,,,,,-190,-174,-175,,-175,,,-175,-180,-180,,,-174,,,,
2024-04-07,Jonah Heim,/mlb/props/jonah-heim/,HOU at TEX,ATH,"C,DH",0.5,+165,+185,+160,,+160,,,+160,+185,+185,,,+159,,,,,-225,-215,-224,,-220,,,-215,-265,-265,,,-224,,,,
2024-04-08,Tyler Freeman,/mlb/props/tyler-freeman-ss/,CWS at CLE,COL,"2B,RF,DH",0.5,+185,+175,+165,,+165,,,+165,+175,+175,,,+152,,,,,-260,-214,-225,,-225,,,-225,-250,-250,,,-214,,,,
2024-04-08,Jose Ramirez,/mlb/props/jose-ramirez/,CWS at CLE,CLE,"3B,DH",0.5,+130,+135,+130,,+130,,,+135,+132,+132,,,+123,,,,,-175,-169,-175,,-175,,,-180,-180,-180,,,-169,,,,
2024-04-08,Ramon Laureano,/mlb/props/ramon-laureano/,CWS at CLE,SD,"LF,CF,RF",0.5,+175,+170,+165,,+170,,,+165,,,,,+152,,,,,-250,-214,-225,,-235,,,-225,,,,,-214,,,,
2024-04-08,Robbie Grossman,/mlb/props/robbie-grossman/,CWS at CLE,FA,"LF,RF",0.5,+220,+255,+245,,+245,,,+230,+255,+255,,,+227,,,,,-330,-339,-350,,-350,,,-350,-400,-400,,,-339,,,,
2024-04-08,Korey Lee,/mlb/props/korey-lee/,CWS at CLE,CWS,C,0.5,+275,+270,+252,,+270,,,+250,,,,,+252,,,,,-400,-384,-400,,-400,,,-400,,,,,-384,,,,
2024-04-08,Nicky Lopez,/mlb/props/nicky-lopez/,CWS at CLE,TEX,"2B,3B,SS",0.5,+250,+350,+320,,+350,,,+320,,,,,+311,,,,,-400,-504,-550,,-550,,,-600,,,,,-504,,,,
2024-04-08,Yoan Moncada,/mlb/props/yoan-moncada/,CWS at CLE,LAA,3B,0.5,+230,+250,+240,,+240,,,+230,+250,+250,,,+227,,,,,-350,-339,-350,,-350,,,-350,-375,-375,,,-339,,,,
2024-04-08,Andrew Benintendi,/mlb/props/andrew-benintendi/,CWS at CLE,CWS,"LF,DH",0.5,+210,+260,+240,,+260,,,+240,+235,+235,,,+227,,,,,-300,-339,-360,,-380,,,-375,-360,-360,,,-339,,,,
2024-04-08,Will Brennan,/mlb/props/will-brennan/,CWS at CLE,SF,"LF,CF,RF",0.5,+175,+175,+175,,,,,+175,,,,,,,,,,-250,-250,-250,,,,,-250,,,,,,,,,
2024-04-08,Josh Naylor,/mlb/props/josh-naylor/,CWS at CLE,SEA,"1B,DH",0.5,+120,+123,+115,,+115,,,+120,+123,+123,,,+110,,,,,-160,-151,-160,,-155,,,-160,-167,-167,,,-151,,,,
2024-04-08,Andrew Vaughn,/mlb/props/andrew-vaughn-1b/,CWS at CLE,MIL,1B,0.5,+160,+190,+185,,+190,,,+185,+188,+188,,,+172,,,,,-215,-244,-260,,-260,,,-260,-265,-265,,,-244,,,,
2024-04-08,Dominic Fletcher,/mlb/props/dominic-fletcher/,CWS at CLE,PIT,"CF,RF",0.5,+210,+255,+240,,+255,,,+240,,,,,+227,,,,,-300,-339,-370,,-370,,,-375,,,,,-339,,,,
2024-04-08,Gavin Sheets,/mlb/props/gavin-sheets/,CWS at CLE,SD,"1B,LF,RF,DH",0.5,+190,+220,+210,,+220,,,+210,+200,+200,,,+202,,,,,-275,-294,-300,,-310,,,-300,-295,-295,,,-294,,,,
2024-04-08,Steven Kwan,/mlb/props/steven-kwan/,CWS at CLE,CLE,"LF,CF",0.5,+200,+215,+196,,+215,,,+200,+170,+170,,,+196,,,,,-285,-240,-284,,-300,,,-285,-240,-240,,,-284,,,,
2024-04-08,Bo Naylor,/mlb/props/bo-naylor/,CWS at CLE,CLE,C,0.5,+175,+175,+175,,,,,+175,,,,,,,,,,-250,-250,-250,,,,,-250,,,,,,,,,
2024-04-08,Brayan Rocchio,/mlb/props/brayan-rocchio/,CWS at CLE,CLE,"2B,SS",0.5,+190,+205,+202,,+205,,,+200,,,,,+202,,,,,-275,-285,-285,,-285,,,-285,,,,,-294,,,,
2024-04-08,Austin Hedges,/mlb/props/austin-hedges/,CWS at CLE,CLE,C,0.5,+265,+215,+202,,+215,,,+200,,,,,+202,,,,,-390,-285,-294,,-300,,,-285,,,,,-294,,,,
2024-04-08,Braden Shewmake,/mlb/props/braden-shewmake/,CWS at CLE,HOU,"2B,3B,SS",0.5,+210,+245,+230,,+245,,,+230,,,,,+227,,,,,-300,-339,-350,,-350,,,-350,,,,,-339,,,,
2024-04-08,Andres Gimenez,/mlb/props/andres-giminez/,CWS at CLE,TOR,"2B,SS",0.5,+175,+205,+175,,+175,,,+170,+205,+205,,,+159,,,,,-250,-224,-240,,-240,,,-235,-305,-305,,,-224,,,,
2024-04-08,Martin Maldonado,/mlb/props/martin-maldonado/,CWS at CLE,FA,C,0.5,+300,+350,+334,,+350,,,+320,,,,,+334,,,,,-550,-550,-554,,-550,,,-600,,,,,-554,,,,
2024-04-08,David Fry,/mlb/props/david-fry/,CWS at CLE,CLE,"C,LF,RF,DH",0.5,+175,+145,+139,,+145,,,+145,+130,+130,,,+139,,,,,-240,-180,-194,,-200,,,-200,-180,-180,,,-194,,,,
2024-04-08,Gleyber Torres,/mlb/props/gleyber-torres/,MIA at NYY,DET,2B,0.5,+180,+190,+180,,+180,,,+170,+190,+190,,,+178,,,,,-245,-235,-254,,-245,,,-235,-278,-278,,,-254,,,,
2024-04-08,Emmanuel Rivera,/mlb/props/emmanuel-rivera/,MIA at NYY,FA,"1B,3B",0.5,+250,+225,+213,,+225,,,+210,,,,,+213,,,,,-360,-300,-314,,-320,,,-300,,,,,-314,,,,
2024-04-08,Giancarlo Stanton,/mlb/props/giancarlo-stanton/,MIA at NYY,NYY,"LF,RF,DH",0.5,+140,+140,+140,,+140,,,+140,+140,+140,,,+133,,,,,-190,-184,-190,,-185,,,-190,-195,-195,,,-184,,,,
2024-04-08,Juan Soto,/mlb/props/juan-soto/,MIA at NYY,NYM,"LF,RF,DH",0.5,+235,+230,+219,,+230,,,+210,+205,+205,,,+219,,,,,-330,-300,-324,,-330,,,-300,-305,-305,,,-324,,,,
2024-04-08,Jon Berti,/mlb/props/jon-berti/,MIA at NYY,FA,"2B,3B",0.5,+245,+270,+252,,+270,,,+250,,,,,+252,,,,,-350,-384,-400,,-400,,,-400,,,,,-384,,,,
2024-04-08,Anthony Rizzo,/mlb/props/anthony-rizzo/,MIA at NYY,FA,1B,0.5,+230,+225,+208,,+225,,,+210,+188,+188,,,+208,,,,,-330,-275,-300,,-320,,,-300,-275,-275,,,-304,,,,
2024-04-08,Jose Trevino,/mlb/props/jose-trevino/,MIA at NYY,CIN,C,0.5,+250,+240,+220,,+240,,,+220,,,,,+219,,,,,-360,-324,-330,,-340,,,-330,,,,,-324,,,,
2024-04-08,Bryan De La Cruz,/mlb/props/bryan-de-la-cruz/,MIA at NYY,PHI,LF,0.5,+180,+210,+200,,+200,,,+190,+210,+210,,,+190,,,,,-250,-274,-280,,-280,,,-275,-315,-315,,,-274,,,,
2024-04-08,Josh Bell,/mlb/props/josh-bell/,MIA at NYY,MIN,"1B,DH",0.5,+210,+195,+185,,+195,,,+185,+185,+185,,,+184,,,,,-290,-260,-265,,-270,,,-260,-265,-265,,,-264,,,,
2024-04-08,Anthony Volpe,/mlb/props/anthony-volpe/,MIA at NYY,NYY,SS,0.5,+230,+225,+208,,+225,,,+210,+190,+190,,,+208,,,,,-330,-278,-300,,-320,,,-300,-278,-278,,,-304,,,,
2024-04-08,Nick Fortes,/mlb/props/nick-fortes/,MIA at NYY,TB,C,0.5,+270,+255,+236,,+255,,,+230,,,,,+236,,,,,-400,-350,-354,,-370,,,-350,,,,,-354,,,,
2024-04-08,Vidal Brujan,/mlb/props/vidal-brujan-2b/,MIA at NYY,NYM,"3B,SS,OF",0.5,+265,+265,+247,,+265,,,+240,,,,,+247,,,,,-390,-374,-375,,-390,,,-375,,,,,-374,,,,
2024-04-08,Jazz Chisholm Jr.,/mlb/props/jasrado-chisholm/,MIA at NYY,NYY,"2B,3B",0.5,+270,+265,+247,,+265,,,+240,+245,+245,,,+247,,,,,-400,-374,-375,,-390,,,-375,-375,-375,,,-374,,,,
2024-04-08,Jake Burger,/mlb/props/jake-burger-3b/,MIA at NYY,TEX,1B,0.5,+150,+145,+130,,+130,,,+130,+145,+145,,,+126,,,,,-200,-174,-175,,-175,,,-175,-200,-200,,,-174,,,,
2024-04-08,Avisail Garcia,/mlb/props/avisail-garcia/,MIA at NYY,FA,"LF,RF",0.5,+225,+210,+202,,+210,,,+200,+200,+200,,,+202,,,,,-320,-285,-294,,-300,,,-285,-295,-295,,,-294,,,,
2024-04-08,Alex Verdugo,/mlb/props/alex-verdugo/,MIA at NYY,FA,"LF,RF",0.5,+270,+275,+252,,+275,,,+250,+230,+230,,,+252,,,,,-400,-360,-384,,-400,,,-400,-360,-360,,,-384,,,,
2024-04-08,Tim Anderson,/mlb/props/tim-anderson/,MIA at NYY,FA,"2B,SS",0.5,+260,+225,+210,,+225,,,+210,+205,+205,,,+208,,,,,-380,-300,-315,,-320,,,-300,-315,-315,,,-304,,,,
2024-04-08,Aaron Judge,/mlb/props/aaron-judge/,MIA at NYY,NYY,"LF,CF,RF,DH",0.5,+125,+117,+115,,+115,,,+115,+117,+117,,,+114,,,,,-170,-150,-155,,-155,,,-150,-159,-159,,,-157,,,,
2024-04-08,Luis Arraez,/mlb/props/luis-arraez/,MIA at NYY,SF,"1B,2B,DH",0.5,+270,+265,+255,,+255,,,+240,+265,+265,,,+236,,,,,-400,-354,-375,,-370,,,-375,-420,-420,,,-354,,,,
2024-04-08,Spencer Torkelson,/mlb/props/spencer-torkelson-if/,DET at PIT,DET,1B,0.5,+190,+165,+165,,+165,,,+165,+165,+165,,,+159,,,,,-260,-224,-225,,-225,,,-225,-230,-230,,,-224,,,,
2024-04-08,Carson Kelly,/mlb/props/carson-kelly/,DET at PIT,CHC,C,0.5,+250,+240,+230,,+240,,,+230,,,,,+227,,,,,-360,-339,-340,,-340,,,-350,,,,,-339,,,,
2024-04-08,Michael A. Taylor,/mlb/props/michael-taylor/,DET at PIT,FA,"LF,CF,RF",0.5,+260,+260,+240,,+260,,,+240,,,,,+236,,,,,-380,-354,-375,,-380,,,-375,,,,,-354,,,,
2024-04-08,Rowdy Tellez,/mlb/props/rowdy-tellez/,DET at PIT,ATL,1B,0.5,+240,+230,+219,,+225,,,+180,+230,+230,,,+219,,,,,-340,-270,-320,,-320,,,-270,-335,-335,,,-324,,,,
2024-04-08,Matt Vierling,/mlb/props/matt-vierling/,DET at PIT,DET,"LF,CF,RF",0.5,+220,+220,+208,,+220,,,+200,,,,,+208,,,,,-320,-285,-304,,-320,,,-285,,,,,-304,,,,
2024-04-08,Ke'Bryan Hayes,/mlb/props/kebryan-hayes/,DET at PIT,CIN,3B,0.5,+165,+175,+165,,+175,,,+165,+160,+160,,,+165,,,,,-225,-225,-234,,-235,,,-225,-225,-225,,,-234,,,,
2024-04-08,Jared Triolo,/mlb/props/jared-triolo/,DET at PIT,PIT,"1B,2B,3B,SS",0.5,+250,+250,+236,,+250,,,+230,+230,+230,,,+236,,,,,-370,-350,-360,,-370,,,-350,-360,-360,,,-354,,,,
2024-04-08,Gio Urshela,/mlb/props/giovanny-urshela/,DET at PIT,FA,3B,0.5,+190,+180,+175,,+180,,,+175,,,,,+172,,,,,-260,-244,-245,,-245,,,-250,,,,,-244,,,,
2024-04-08,Bryan Reynolds,/mlb/props/bryan-reynolds/,DET at PIT,PIT,"LF,CF,RF,DH",0.5,+215,+195,+185,,+195,,,+185,+195,+195,,,+184,,,,,-300,-260,-270,,-270,,,-260,-286,-286,,,-264,,,,
2024-04-08,Oneil Cruz,/mlb/props/oneil-cruz-3b/,DET at PIT,PIT,"CF,DH",0.5,+210,+230,+185,,+185,,,+175,+230,+230,,,+184,,,,,-290,-250,-264,,-255,,,-250,-335,-335,,,-264,,,,
2024-04-08,Colt Keith,/mlb/props/colt-keith/,DET at PIT,DET,"1B,2B,3B,DH",0.5,+205,+230,+195,,+195,,,+185,+230,+230,,,+184,,,,,-285,-260,-275,,-275,,,-260,-335,-335,,,-264,,,,
2024-04-08,Javier Baez,/mlb/props/javier-baez/,DET at PIT,DET,"2B,3B,SS,CF",0.5,+220,+205,+195,,+195,,,+185,+205,+205,,,+190,,,,,-310,-260,-274,,-270,,,-260,-305,-305,,,-274,,,,
2024-04-08,Zach McKinstry,/mlb/props/zach-mckinstry/,DET at PIT,DET,"2B,3B,SS,LF,RF",0.5,+230,+230,+220,,+230,,,+220,,,,,+213,,,,,-330,-314,-330,,-330,,,-330,,,,,-314,,,,
2024-04-08,Jack Suwinski,/mlb/props/jack-suwinski/,DET at PIT,LAD,"LF,CF,RF",0.5,+180,+175,+160,,+160,,,+150,+175,+175,,,+152,,,,,-250,-210,-215,,-215,,,-210,-250,-250,,,-214,,,,
2024-04-08,Andrew McCutchen,/mlb/props/andrew-mccutchen/,DET at PIT,FA,"LF,RF,DH",0.5,+180,+175,+170,,+170,,,+170,+175,+175,,,+165,,,,,-250,-234,-235,,-235,,,-235,-245,-245,,,-234,,,,
2024-04-08,Kerry Carpenter,/mlb/props/kerry-carpenter/,DET at PIT,DET,"LF,RF,DH",0.5,+185,+170,+165,,+170,,,+165,+165,+165,,,+165,,,,,-260,-225,-234,,-230,,,-225,-240,-240,,,-234,,,,
2024-04-08,Jake Rogers,/mlb/props/jake-rogers/,DET at PIT,DET,C,0.5,+245,+245,+240,,+245,,,+240,,,,,+236,,,,,-360,-354,-360,,-360,,,-375,,,,,-354,,,,
2024-04-08,Riley Greene,/mlb/props/riley-greene-of/,DET at PIT,DET,"LF,CF,RF,DH",0.5,+205,+205,+196,,+205,,,+170,+205,+205,,,+196,,,,,-285,-240,-284,,-285,,,-240,-305,-305,,,-284,,,,
2024-04-08,Joey Bart,/mlb/props/joseph-bart/,DET at PIT,ATL,C,0.5,+270,+255,+236,,+255,,,+230,,,,,+236,,,,,-400,-350,-354,,-370,,,-350,,,,,-354,,,,
2024-04-08,Mark Canha,/mlb/props/mark-canha/,DET at PIT,FA,"LF,RF",0.5,+210,+220,+210,,+220,,,+210,+215,+215,,,+202,,,,,-295,-294,-300,,-310,,,-300,-315,-315,,,-294,,,,
2024-04-08,Parker Meadows,/mlb/props/parker-meadows/,DET at PIT,DET,CF,0.5,+250,+250,+245,,+250,,,+240,+245,+245,,,+236,,,,,-360,-354,-375,,-360,,,-375,-385,-385,,,-354,,,,
2024-04-08,Henry Davis,/mlb/props/henry-davis/,DET at PIT,PIT,C,0.5,+205,+205,+200,,+205,,,+200,,,,,+196,,,,,-285,-284,-285,,-290,,,-285,,,,,-284,,,,
2024-04-08,Connor Joe,/mlb/props/connor-joe/,DET at PIT,SEA,"LF,RF",0.5,+215,+205,+202,,+205,,,+190,,,,,+202,,,,,-300,-275,-285,,-285,,,-275,,,,,-294,,,,
2024-04-08,Christian Encarnacion-Strand,/mlb/props/christian-encarnacion-strand/,MIL at CIN,BAL,"1B,3B",0.5,+155,+155,+148,,+155,,,+135,+148,+148,,,+139,,,,,-210,-190,-194,,-210,,,-190,-210,-210,,,-194,,,,
2024-04-08,Joey Ortiz,/mlb/props/joey-ortiz/,MIL at CIN,MIL,"3B,SS",0.5,+240,+230,+220,,+230,,,+220,,,,,+213,,,,,-375,-314,-330,,-330,,,-330,,,,,-314,,,,
2024-04-08,Luke Maile,/mlb/props/luke-maile/,MIL at CIN,KC,C,0.5,+260,+260,+240,,+260,,,+240,,,,,+227,,,,,-380,-339,-375,,-380,,,-375,,,,,-339,,,,
2024-04-08,Bubba Thompson,/mlb/props/bubba-thompson/,MIL at CIN,FA,"LF,CF",0.5,+310,+310,+280,,+310,,,+280,,,,,+275,,,,,-475,-429,-450,,-475,,,-450,,,,,-429,,,,
2024-04-08,Jake Bauers,/mlb/props/jake-bauers/,MIL at CIN,MIL,"1B,LF,RF",0.5,+190,+185,+175,,+185,,,+175,+163,+163,,,+172,,,,,-265,-235,-244,,-255,,,-250,-235,-235,,,-244,,,,
2024-04-08,Christian Yelich,/mlb/props/christian-yelich/,MIL at CIN,MIL,"LF,DH",0.5,+200,+175,+170,,+175,,,+170,+170,+170,,,+165,,,,,-280,-234,-240,,-240,,,-235,-245,-245,,,-234,,,,
2024-04-08,Elly De La Cruz,/mlb/props/elly-de-la-cruz/,MIL at CIN,CIN,SS,0.5,+235,+220,+210,,+220,,,+210,+180,+180,,,+213,,,,,-340,-265,-300,,-310,,,-300,-265,-265,,,-314,,,,
2024-04-08,William Contreras,/mlb/props/william-contreras/,MIL at CIN,MIL,"C,DH",0.5,+155,+145,+140,,+145,,,+140,+145,+145,,,+136,,,,,-205,-189,-195,,-195,,,-190,-205,-205,,,-189,,,,
2024-04-08,Jeimer Candelario,/mlb/props/jeimer-candelario/,MIL at CIN,LAA,"1B,3B",0.5,+160,+170,+165,,+170,,,+165,+160,+160,,,+159,,,,,-220,-224,-225,,-230,,,-225,-225,-225,,,-224,,,,
2024-04-08,Sal Frelick,/mlb/props/sal-frelick/,MIL at CIN,MIL,"LF,CF,RF",0.5,+240,+205,+190,,+205,,,+190,+165,+165,,,+190,,,,,-350,-240,-274,,-285,,,-275,-240,-240,,,-274,,,,
2024-04-08,Brice Turang,/mlb/props/brice-turang/,MIL at CIN,MIL,2B,0.5,+260,+235,+220,,+235,,,+220,,,,,+219,,,,,-380,-324,-330,,-340,,,-330,,,,,-324,,,,
2024-04-08,Santiago Espinal,/mlb/props/santiago-espinal/,MIL at CIN,FA,"2B,3B,LF,RF",0.5,+205,+200,+190,,+200,,,+190,+163,+163,,,+196,,,,,-290,-235,-275,,-275,,,-275,-235,-235,,,-284,,,,
2024-04-08,Spencer Steer,/mlb/props/spencer-steer/,MIL at CIN,CIN,"1B,2B,LF,RF",0.5,+180,+175,+165,,+165,,,+165,+175,+175,,,+159,,,,,-245,-224,-225,,-225,,,-225,-250,-250,,,-224,,,,
2024-04-08,Oliver Dunn,/mlb/props/oliver-dunn/,MIL at CIN,TB,3B,0.5,+245,+205,+202,,+205,,,+200,+205,+205,,,+202,,,,,-360,-285,-294,,-290,,,-285,-305,-305,,,-294,,,,
2024-04-08,Will Benson,/mlb/props/will-benson/,MIL at CIN,CIN,"LF,CF,RF",0.5,+280,+260,+250,,+260,,,+250,,,,,+247,,,,,-425,-374,-380,,-380,,,-400,,,,,-374,,,,
2024-04-08,Jackson Chourio,/mlb/props/jackson-chourio/,MIL at CIN,MIL,"LF,CF,RF",0.5,+190,+190,+185,,+190,,,+185,,,,,+172,,,,,-275,-244,-260,,-265,,,-260,,,,,-244,,,,
2024-04-08,Willy Adames,/mlb/props/willy-adames/,MIL at CIN,SF,SS,0.5,+130,+125,+123,,+120,,,+125,+120,+120,,,+123,,,,,-175,-160,-165,,-160,,,-165,-165,-165,,,-169,,,,
2024-04-08,Jonathan India,/mlb/props/jonathan-india/,MIL at CIN,KC,"2B,3B,LF,DH",0.5,+225,+215,+202,,+215,,,+200,+200,+200,,,+202,,,,,-320,-285,-295,,-310,,,-285,-295,-295,,,-294,,,,
2024-04-08,Tyler Stephenson,/mlb/props/tyler-stephenson/,MIL at CIN,CIN,C,0.5,+175,+190,+185,,+190,,,+185,,,,,+184,,,,,-240,-260,-264,,-265,,,-260,,,,,-264,,,,
2024-04-08,Rhys Hoskins,/mlb/props/rhys-hoskins/,MIL at CIN,CLE,"1B,DH",0.5,+140,+130,+129,,+130,,,+130,+116,+116,,,+129,,,,,-185,-159,-175,,-175,,,-175,-159,-159,,,-179,,,,
2024-04-08,Stuart Fairchild,/mlb/props/stuart-fairchild/,MIL at CIN,CLE,"LF,CF,RF",0.5,+255,+275,+252,,+275,,,+220,+235,+235,,,+252,,,,,-370,-340,-360,,-400,,,-340,-360,-360,,,-384,,,,
2024-04-08,Cal Raleigh,/mlb/props/caleb-raleigh/,SEA at TOR,SEA,"C,DH",0.5,+190,+190,+184,,+185,,,+175,+190,+190,,,+184,,,,,-260,-250,-264,,-255,,,-250,-278,-278,,,-264,,,,
2024-04-08,Josh Rojas,/mlb/props/josh-rojas/,SEA at TOR,KC,"2B,3B",0.5,+340,+310,+287,,+310,,,+280,,,,,+287,,,,,-525,-450,-454,,-475,,,-450,,,,,-454,,,,
2024-04-08,Daulton Varsho,/mlb/props/daulton-varsho/,SEA at TOR,TOR,"LF,CF",0.5,+160,+170,+160,,+165,,,+160,+170,+170,,,+152,,,,,-215,-214,-225,,-225,,,-215,-240,-240,,,-214,,,,
2024-04-08,Justin Turner,/mlb/props/justin-turner/,SEA at TOR,FA,"1B,3B",0.5,+170,+175,+172,,+175,,,+170,+175,+175,,,+172,,,,,-235,-235,-244,,-240,,,-235,-250,-250,,,-244,,,,
2024-04-08,Vladimir Guerrero Jr.,/mlb/props/vladimir-guerrero-jr/,SEA at TOR,TOR,"1B,DH",0.5,+175,+185,+170,,+175,,,+170,+185,+185,,,+159,,,,,-240,-224,-240,,-240,,,-235,-265,-265,,,-224,,,,
2024-04-08,Julio Rodriguez,/mlb/props/julio-rodriguez-of/,SEA at TOR,SEA,CF,0.5,+195,+195,+184,,+195,,,+170,+170,+170,,,+184,,,,,-270,-240,-245,,-270,,,-240,-245,-245,,,-264,,,,
2024-04-08,Alejandro Kirk,/mlb/props/alejandro-kirk/,SEA at TOR,TOR,C,0.5,+210,+220,+202,,+220,,,+210,+190,+190,,,+202,,,,,-295,-278,-294,,-310,,,-300,-278,-278,,,-294,,,,
2024-04-08,Ty France,/mlb/props/tyler-france/,SEA at TOR,SD,1B,0.5,+250,+270,+250,,+270,,,+250,,,,,+236,,,,,-400,-354,-400,,-400,,,-400,,,,,-354,,,,
2024-04-08,Kevin Kiermaier,/mlb/props/kevin-kiermaier/,SEA at TOR,FA,CF,0.5,+225,+235,+220,,+235,,,+220,,,,,+208,,,,,-320,-304,-330,,-340,,,-330,,,,,-304,,,,
2024-04-08,J.P. Crawford,/mlb/props/jp-crawford/,SEA at TOR,SEA,"3B,SS",0.5,+270,+250,+240,,+250,,,+240,+230,+230,,,+236,,,,,-400,-354,-360,,-370,,,-375,-360,-360,,,-354,,,,
2024-04-08,Bo Bichette,/mlb/props/bo-bichette/,SEA at TOR,NYM,"3B,SS",0.5,+200,+195,+185,,+195,,,+185,+180,+180,,,+178,,,,,-275,-254,-260,,-270,,,-260,-265,-265,,,-254,,,,
2024-04-08,Jorge Polanco,/mlb/props/jorge-polanco/,SEA at TOR,NYM,"2B,3B,DH",0.5,+165,+160,+159,,+160,,,+160,+155,+155,,,+159,,,,,-225,-215,-220,,-220,,,-215,-225,-225,,,-224,,,,
2024-04-08,Cavan Biggio,/mlb/props/cavan-biggio/,SEA at TOR,HOU,"1B,2B,RF",0.5,+205,+245,+230,,+245,,,+230,+230,+230,,,+227,,,,,-290,-339,-350,,-350,,,-350,-360,-360,,,-339,,,,
2024-04-08,George Springer,/mlb/props/george-springer/,SEA at TOR,TOR,"LF,CF,RF,DH",0.5,+190,+205,+190,,+190,,,+185,+205,+205,,,+178,,,,,-260,-254,-265,,-265,,,-260,-305,-305,,,-254,,,,
2024-04-08,Mitch Haniger,/mlb/props/mitch-haniger/,SEA at TOR,FA,RF,0.5,+185,+180,+175,,+180,,,+175,,,,,+172,,,,,-255,-244,-250,,-250,,,-250,,,,,-244,,,,
2024-04-08,Isiah Kiner-Falefa,/mlb/props/isiah-kiner-falefa/,SEA at TOR,BOS,"2B,3B,SS",0.5,+260,+250,+236,,+250,,,+230,,,,,+236,,,,,-380,-350,-354,,-360,,,-350,,,,,-354,,,,
2024-04-08,Mitch Garver,/mlb/props/mitch-garver/,SEA at TOR,SEA,"C,DH",0.5,+200,+230,+195,,+195,,,+185,+230,+230,,,+190,,,,,-275,-260,-275,,-275,,,-260,-335,-335,,,-274,,,,
2024-04-08,Luke Raley,/mlb/props/lucas-raley/,SEA at TOR,SEA,"1B,LF,CF,RF",0.5,+225,+225,+213,,+225,,,+210,+205,+205,,,+213,,,,,-320,-295,-314,,-320,,,-300,-295,-295,,,-314,,,,
2024-04-08,Dominic Canzone,/mlb/props/dominic-canzone/,SEA at TOR,SEA,"LF,RF,DH",0.5,+215,+195,+185,,+195,,,+185,,,,,+184,,,,,-300,-260,-264,,-270,,,-260,,,,,-264,,,,
2024-04-08,Davis Schneider,/mlb/props/davis-schneider/,SEA at TOR,TOR,"2B,LF",0.5,+220,+225,+210,,+225,,,+210,,,,,+208,,,,,-310,-300,-304,,-320,,,-300,,,,,-304,,,,
2024-04-08,Jeff McNeil,/mlb/props/jeff-mcneil/,NYM at ATL,ATH,"2B,LF,CF,RF",0.5,+215,+215,+200,,+215,,,+200,+200,+200,,,+196,,,,,-310,-284,-295,,-300,,,-285,-295,-295,,,-284,,,,
2024-04-08,Brandon Nimmo,/mlb/props/brandon-nimmo/,NYM at ATL,TEX,"LF,CF,RF,DH",0.5,+220,+230,+210,,+210,,,+200,+230,+230,,,+208,,,,,-310,-285,-304,,-295,,,-285,-345,-345,,,-304,,,,
2024-04-08,Matt Olson,/mlb/props/matt-olson/,NYM at ATL,ATL,1B,0.5,+120,+120,+115,,+120,,,+115,+106,+106,,,+110,,,,,-160,-143,-151,,-160,,,-150,-143,-143,,,-151,,,,
2024-04-08,Orlando Arcia,/mlb/props/orlando-arcia/,NYM at ATL,MIN,"1B,2B,3B,SS",0.5,+180,+170,+165,,+170,,,+170,+165,+165,,,+159,,,,,-245,-224,-230,,-230,,,-235,-230,-230,,,-224,,,,
2024-04-08,Pete Alonso,/mlb/props/peter-alonso/,NYM at ATL,BAL,"1B,DH",0.5,+165,+165,+163,,+165,,,+165,+163,+163,,,+159,,,,,-225,-224,-225,,-225,,,-225,-230,-230,,,-224,,,,
2024-04-08,Austin Riley,/mlb/props/austin-riley/,NYM at ATL,ATL,3B,0.5,+120,+120,+116,,+120,,,+120,+107,+107,,,+116,,,,,-155,-148,-155,,-155,,,-160,-148,-148,,,-160,,,,
2024-04-08,Francisco Lindor,/mlb/props/francisco-lindor/,NYM at ATL,NYM,SS,0.5,+195,+185,+175,,+185,,,+175,+165,+165,,,+172,,,,,-270,-240,-250,,-255,,,-250,-240,-240,,,-244,,,,
2024-04-08,DJ Stewart,/mlb/props/dj-stewart/,NYM at ATL,PIT,"LF,RF",0.5,+285,+250,+240,,+250,,,+240,,,,,+236,,,,,-425,-354,-360,,-360,,,-375,,,,,-354,,,,
2024-04-08,Jarred Kelenic,/mlb/props/jarred-kelenic/,NYM at ATL,TEX,"LF,CF,RF",0.5,+205,+205,+195,,+205,,,+190,+195,+195,,,+184,,,,,-290,-264,-275,,-290,,,-275,-278,-278,,,-264,,,,
2024-04-08,Ozzie Albies,/mlb/props/ozhaino-albies/,NYM at ATL,ATL,2B,0.5,+120,+125,+120,,+120,,,+125,+116,+116,,,+118,,,,,-165,-159,-163,,-165,,,-165,-159,-159,,,-163,,,,
2024-04-08,Brett Baty,/mlb/props/brett-baty/,NYM at ATL,NYM,"1B,2B,3B,RF",0.5,+245,+245,+230,,+245,,,+230,+230,+230,,,+219,,,,,-350,-324,-345,,-350,,,-350,-345,-345,,,-324,,,,
2024-04-08,Harrison Bader,/mlb/props/harrison-bader/,NYM at ATL,SF,"LF,CF,RF",0.5,+230,+215,+202,,+215,,,+200,,,,,+202,,,,,-330,-285,-294,,-310,,,-285,,,,,-294,,,,
2024-04-08,Starling Marte,/mlb/props/starling-marte/,NYM at ATL,KC,"LF,RF,DH",0.5,+225,+225,+210,,+225,,,+210,+195,+195,,,+213,,,,,-320,-286,-300,,-320,,,-300,-286,-286,,,-314,,,,
2024-04-08,Francisco Alvarez,/mlb/props/francisco-alvarez/,NYM at ATL,NYM,"C,DH",0.5,+175,+185,+175,,+175,,,+170,+185,+185,,,+165,,,,,-240,-234,-240,,-240,,,-235,-265,-265,,,-234,,,,
2024-04-08,Michael Harris II,/mlb/props/michael-harris/,NYM at ATL,ATL,CF,0.5,+150,+140,+138,,+140,,,+135,+138,+138,,,+136,,,,,-205,-180,-189,,-190,,,-180,-190,-190,,,-189,,,,
2024-04-08,Travis d'Arnaud,/mlb/props/travis-darnaud/,NYM at ATL,LAA,C,0.5,+160,+150,+150,,+150,,,+150,,,,,+146,,,,,-215,-204,-205,,-205,,,-210,,,,,-204,,,,
2024-04-08,Ronald Acuna Jr.,/mlb/props/ronald-acuna/,NYM at ATL,ATL,RF,0.5,+135,+135,+133,,+135,,,+135,+125,+125,,,+133,,,,,-185,-167,-180,,-185,,,-180,-167,-167,,,-184,,,,
2024-04-08,Marcell Ozuna,/mlb/props/marcell-ozuna/,NYM at ATL,PIT,DH,0.5,+130,+130,+126,,+130,,,+130,+120,+120,,,+126,,,,,-175,-167,-174,,-175,,,-175,-167,-167,,,-174,,,,
2024-04-08,Joey Wendle,/mlb/props/joe-wendle/,NYM at ATL,FA,"2B,SS",0.5,+320,+320,+300,,+320,,,+300,,,,,+287,,,,,-475,-454,-475,,-475,,,-500,,,,,-454,,,,
2024-04-08,Byron Buxton,/mlb/props/byron-buxton/,LAD at MIN,MIN,"CF,DH",0.5,+185,+165,+155,,+165,,,+165,+155,+155,,,+152,,,,,-260,-214,-220,,-225,,,-225,-220,-220,,,-214,,,,
2024-04-08,Mookie Betts,/mlb/props/mookie-betts/,LAD at MIN,LAD,SS,0.5,+170,+165,+160,,+165,,,+165,+160,+160,,,+159,,,,,-230,-224,-225,,-225,,,-225,-225,-225,,,-224,,,,
2024-04-08,Shohei Ohtani,/mlb/props/shohei-ohtani/,LAD at MIN,LAD,"SP,DH",0.5,+130,+140,+129,,+135,,,+140,+114,+114,,,+129,,,,,-170,-155,-179,,-185,,,-190,-155,-155,,,-179,,,,
2024-04-08,Max Kepler,/mlb/props/max-kepler/,LAD at MIN,ARI,"LF,RF",0.5,+175,+180,+175,,+180,,,+175,,,,,+165,,,,,-240,-234,-250,,-250,,,-250,,,,,-234,,,,
2024-04-08,Manuel Margot,/mlb/props/manuel-margot/,LAD at MIN,FA,"LF,CF,RF",0.5,+245,+220,+210,,+220,,,+210,+195,+195,,,+213,,,,,-350,-286,-300,,-310,,,-300,-286,-286,,,-314,,,,
2024-04-08,James Outman,/mlb/props/james-outman/,LAD at MIN,DET,"LF,CF,RF",0.5,+230,+245,+230,,+245,,,+230,+230,+230,,,+213,,,,,-330,-314,-350,,-350,,,-350,-360,-360,,,-314,,,,
2024-04-08,Ryan Jeffers,/mlb/props/ryan-jeffers/,LAD at MIN,MIN,"C,DH",0.5,+215,+195,+185,,+195,,,+185,+188,+188,,,+178,,,,,-300,-254,-260,,-270,,,-260,-275,-275,,,-254,,,,
2024-04-08,Carlos Correa,/mlb/props/carlos-correa/,LAD at MIN,HOU,"3B,SS",0.5,+185,+180,+175,,+180,,,+175,+175,+175,,,+165,,,,,-255,-234,-245,,-245,,,-250,-245,-245,,,-234,,,,
2024-04-08,Enrique Hernandez,/mlb/props/enrique-hernandez/,LAD at MIN,LAD,"1B,2B,3B,LF",0.5,+210,+215,+202,,+215,,,+200,,,,,+202,,,,,-295,-285,-294,,-300,,,-285,,,,,-294,,,,
2024-04-08,Max Muncy,/mlb/props/max-muncy/,LAD at MIN,LAD,3B,0.5,+145,+155,+150,,+150,,,+150,+155,+155,,,+139,,,,,-200,-194,-205,,-205,,,-210,-215,-215,,,-194,,,,
2024-04-08,Austin Martin,/mlb/props/austin-martin-if/,LAD at MIN,MIN,"2B,LF,CF,RF",0.5,+295,+300,+280,,+300,,,+280,+245,+245,,,+262,,,,,-450,-385,-404,,-450,,,-450,-385,-385,,,-404,,,,
2024-04-08,Matt Wallner,/mlb/props/matt-wallner/,LAD at MIN,MIN,"LF,RF",0.5,+265,+265,+250,,+265,,,+250,,,,,+236,,,,,-390,-354,-390,,-390,,,-400,,,,,-354,,,,
2024-04-08,Taylor Trammell,/mlb/props/taylor-trammell/,LAD at MIN,HOU,"LF,CF",0.5,+310,+320,+300,,+320,,,+300,,,,,+287,,,,,-475,-454,-500,,-500,,,-500,,,,,-454,,,,
2024-04-08,Carlos Santana,/mlb/props/carlos-santana/,LAD at MIN,ATL,1B,0.5,+185,+245,+225,,+225,,,+220,+245,+245,,,+208,,,,,-255,-304,-330,,-320,,,-330,-375,-375,,,-304,,,,
2024-04-08,Teoscar Hernandez,/mlb/props/teoscar-hernandez/,LAD at MIN,LAD,"LF,RF",0.5,+170,+185,+175,,+175,,,+175,+185,+185,,,+165,,,,,-235,-234,-250,,-245,,,-250,-265,-265,,,-234,,,,
2024-04-08,Christian Vazquez,/mlb/props/christian-vazquez/,LAD at MIN,HOU,C,0.5,+240,+265,+240,,+240,,,+230,+265,+265,,,+219,,,,,-340,-324,-350,,-350,,,-350,-420,-420,,,-324,,,,
2024-04-08,Freddie Freeman,/mlb/props/freddie-freeman/,LAD at MIN,LAD,1B,0.5,+145,+165,+159,,+165,,,+135,+138,+138,,,+159,,,,,-200,-185,-195,,-225,,,-185,-195,-195,,,-224,,,,
2024-04-08,Willi Castro,/mlb/props/willi-castro/,LAD at MIN,COL,"1B,2B,3B,SS,LF,RF",0.5,+215,+220,+210,,+220,,,+210,,,,,+196,,,,,-300,-284,-300,,-310,,,-300,,,,,-284,,,,
2024-04-08,Kyle Farmer,/mlb/props/kyle-farmer/,LAD at MIN,ATL,"1B,2B,3B,SS,DH",0.5,+230,+245,+240,,+245,,,+230,+240,+240,,,+227,,,,,-330,-339,-360,,-360,,,-350,-375,-375,,,-339,,,,
2024-04-08,Gavin Lux,/mlb/props/gavin-lux/,LAD at MIN,TB,"2B,3B,LF,DH",0.5,+270,+255,+240,,+255,,,+240,+245,+245,,,+227,,,,,-400,-339,-370,,-370,,,-375,-385,-385,,,-339,,,,
2024-04-08,Jose Miranda,/mlb/props/jose-miranda/,LAD at MIN,FA,"1B,3B",0.5,+185,+190,+185,,+190,,,+175,+185,+185,,,+178,,,,,-255,-250,-260,,-260,,,-250,-265,-265,,,-254,,,,
2024-04-08,Will Smith,/mlb/props/will-smith-c/,LAD at MIN,LAD,C,0.5,+135,+140,+135,,+140,,,+140,+135,+135,,,+129,,,,,-185,-179,-185,,-185,,,-190,-190,-190,,,-179,,,,
2024-04-08,Victor Scott,/mlb/props/victor-scott/,PHI at STL,STL,CF,0.5,+220,+220,+210,,+220,,,+220,+210,+210,,,+208,,,,,-310,-304,-315,,-310,,,-330,-315,-315,,,-304,,,,
2024-04-08,Jordan Walker,/mlb/props/jordan-walker/,PHI at STL,STL,"LF,RF",0.5,+200,+210,+195,,+195,,,+185,+210,+210,,,+172,,,,,-280,-244,-270,,-270,,,-260,-315,-315,,,-244,,,,
2024-04-08,Masyn Winn,/mlb/props/masyn-winn-p/,PHI at STL,STL,SS,0.5,+265,+270,+250,,+270,,,+250,,,,,+236,,,,,-390,-354,-400,,-400,,,-400,,,,,-354,,,,
2024-04-08,Paul Goldschmidt,/mlb/props/paul-goldschmidt/,PHI at STL,NYY,"1B,DH",0.5,+200,+195,+190,,+195,,,+190,+190,+190,,,+178,,,,,-280,-254,-270,,-270,,,-275,-278,-278,,,-254,,,,
2024-04-08,Garrett Stubbs,/mlb/props/garrett-stubbs/,PHI at STL,PHI,"C,DH",0.5,+230,+230,+220,,+230,,,+220,,,,,+219,,,,,-330,-324,-330,,-330,,,-330,,,,,-324,,,,
2024-04-08,Ivan Herrera,/mlb/props/ivan-herrera/,PHI at STL,STL,"C,DH",0.5,+200,+215,+210,,+215,,,+200,+210,+210,,,+202,,,,,-285,-285,-300,,-300,,,-285,-315,-315,,,-294,,,,
2024-04-08,Willson Contreras,/mlb/props/willson-contreras/,PHI at STL,BOS,1B,0.5,+185,+175,+170,,+170,,,+165,+175,+175,,,+165,,,,,-260,-225,-234,,-230,,,-225,-250,-250,,,-234,,,,
2024-04-08,Alec Burleson,/mlb/props/alec-burleson/,PHI at STL,STL,"1B,LF,RF,DH",0.5,+185,+200,+185,,+185,,,+185,+200,+200,,,+172,,,,,-255,-244,-260,,-260,,,-260,-295,-295,,,-244,,,,
2024-04-08,Nolan Arenado,/mlb/props/nolan-arenado/,PHI at STL,ARI,3B,0.5,+160,+160,+150,,+155,,,+150,+160,+160,,,+139,,,,,-215,-194,-210,,-210,,,-210,-225,-225,,,-194,,,,
2024-04-08,Nolan Gorman,/mlb/props/nolan-gorman/,PHI at STL,STL,"2B,3B,DH",0.5,+150,+170,+145,,+145,,,+145,+170,+170,,,+143,,,,,-205,-195,-200,,-195,,,-200,-240,-240,,,-199,,,,
2024-04-08,Alec Bohm,/mlb/props/alec-bohm/,PHI at STL,PHI,"1B,3B",0.5,+145,+160,+155,,+160,,,+160,+155,+155,,,+152,,,,,-195,-214,-215,,-215,,,-215,-225,-225,,,-214,,,,
2024-04-08,Brendan Donovan,/mlb/props/brendan-donovan/,PHI at STL,SEA,"2B,3B,SS,LF",0.5,+200,+190,+175,,+180,,,+175,+190,+190,,,+165,,,,,-280,-234,-250,,-245,,,-250,-275,-275,,,-234,,,,
2024-04-08,Kyle Schwarber,/mlb/props/kyle-schwarber/,PHI at STL,PHI,"LF,DH",0.5,-115,+120,+117,,+105,,,+105,+117,+117,,,+120,,,,,-115,-135,-159,,-135,,,-135,-159,-159,,,-166,,,,
2024-04-08,Brandon Marsh,/mlb/props/brandon-marsh/,PHI at STL,PHI,"LF,CF,RF",0.5,+150,+205,+180,,+180,,,+175,+205,+205,,,+165,,,,,-205,-234,-250,,-245,,,-250,-305,-305,,,-234,,,,
2024-04-08,Bryce Harper,/mlb/props/bryce-harper/,PHI at STL,PHI,"1B,DH",0.5,+100,+128,+115,,+115,,,+115,+128,+128,,,+110,,,,,-135,-150,-151,,-150,,,-150,-177,-177,,,-151,,,,
2024-04-08,Bryson Stott,/mlb/props/bryson-stott-ss/,PHI at STL,PHI,"2B,SS",0.5,+165,+175,+170,,+170,,,+170,+175,+175,,,+159,,,,,-225,-224,-235,,-230,,,-235,-250,-250,,,-224,,,,
2024-04-08,Trea Turner,/mlb/props/trea-turner/,PHI at STL,PHI,SS,0.5,+130,+165,+145,,+145,,,+140,+165,+165,,,+133,,,,,-175,-184,-195,,-195,,,-190,-240,-240,,,-184,,,,
2024-04-08,J.T. Realmuto,/mlb/props/jt-realmuto/,PHI at STL,PHI,C,0.5,+120,+140,+135,,+135,,,+135,+140,+140,,,+126,,,,,-160,-174,-180,,-180,,,-180,-195,-195,,,-174,,,,
2024-04-08,Johan Rojas,/mlb/props/johan-rojas/,PHI at STL,PHI,CF,0.5,+230,+275,+260,,+275,,,+260,,,,,+252,,,,,-330,-384,-400,,-400,,,-425,,,,,-384,,,,
2024-04-08,Nick Castellanos,/mlb/props/nick-castellanos/,PHI at STL,FA,"RF,DH",0.5,+140,+180,+160,,+160,,,+160,+180,+180,,,+159,,,,,-190,-215,-224,,-220,,,-215,-250,-250,,,-224,,,,
2024-04-08,Jose Altuve,/mlb/props/jose-altuve/,HOU at TEX,HOU,"2B,LF,DH",0.5,+160,+175,+160,,+160,,,+160,+175,+175,,,+152,,,,,-220,-214,-220,,-220,,,-215,-245,-245,,,-214,,,,
2024-04-08,Jake Meyers,/mlb/props/jacob-meyers/,HOU at TEX,HOU,CF,0.5,+235,+225,+213,,+225,,,+210,,,,,+213,,,,,-340,-300,-314,,-320,,,-300,,,,,-314,,,,
2024-04-08,Josh Smith,/mlb/props/josh-smith-ss/,HOU at TEX,TEX,"1B,2B,3B,SS,LF,RF",0.5,+165,+185,+165,,+165,,,+160,+185,+185,,,+159,,,,,-225,-215,-225,,-225,,,-215,-275,-275,,,-224,,,,
2024-04-08,Justin Foscue,/mlb/props/justin-foscue/,HOU at TEX,TEX,"1B,2B,DH",0.5,+219,+220,+219,,,,,+220,,,,,+219,,,,,-324,-324,-330,,,,,-330,,,,,-324,,,,
2024-04-08,Jeremy Pena,/mlb/props/jeremy-pena/,HOU at TEX,HOU,SS,0.5,+170,+165,+160,,+165,,,+160,+155,+155,,,+159,,,,,-235,-215,-224,,-225,,,-215,-215,-215,,,-224,,,,
2024-04-08,Adolis Garcia,/mlb/props/jose-adolis-garcia/,HOU at TEX,PHI,RF,0.5,+135,-109,-110,,-110,,,-110,-113,-113,,,-109,,,,,-185,-120,-121,,-120,,,-120,-121,-121,,,-125,,,,
2024-04-08,Yainer Diaz,/mlb/props/yainer-diaz-c/,HOU at TEX,HOU,"C,DH",0.5,+135,+135,+130,,+135,,,+130,+135,+135,,,+129,,,,,-175,-175,-180,,-180,,,-175,-190,-190,,,-179,,,,
2024-04-08,Victor Caratini,/mlb/props/victor-caratini/,HOU at TEX,MIN,"C,1B,DH",0.5,+215,+215,+210,,+215,,,+210,,,,,+202,,,,,-300,-294,-300,,-300,,,-300,,,,,-294,,,,
2024-04-08,Jonah Heim,/mlb/props/jonah-heim/,HOU at TEX,ATH,"C,DH",0.5,+155,+163,+150,,+150,,,+145,+163,+163,,,+143,,,,,-210,-199,-205,,-205,,,-200,-235,-235,,,-199,,,,
2024-04-08,Jared Walsh,/mlb/props/jared-walsh/,HOU at TEX,FA,"1B,RF",0.5,+195,+195,+185,,+195,,,+185,+188,+188,,,+178,,,,,-270,-254,-260,,-270,,,-260,-275,-275,,,-254,,,,
2024-04-08,Mauricio Dubon,/mlb/props/mauricio-dubon/,HOU at TEX,ATL,"2B,3B,SS,LF,CF",0.5,+170,+170,+165,,+170,,,+165,,,,,+159,,,,,-230,-224,-225,,-230,,,-225,,,,,-224,,,,
2024-04-08,Kyle Tucker,/mlb/props/kyle-tucker/,HOU at TEX,LAD,"RF,DH",0.5,+145,+150,+145,,+150,,,+145,+143,+143,,,+139,,,,,-195,-194,-200,,-200,,,-200,-200,-200,,,-194,,,,
2024-04-08,Corey Seager,/mlb/props/corey-seager/,HOU at TEX,TEX,SS,0.5,+150,+120,+112,,+110,,,+110,+120,+120,,,+112,,,,,-200,-140,-154,,-145,,,-140,-162,-162,,,-154,,,,
2024-04-08,Yordan Alvarez,/mlb/props/yordan-alvarez/,HOU at TEX,HOU,"LF,DH",0.5,+135,+145,+135,,+135,,,+135,+145,+145,,,+129,,,,,-180,-179,-180,,-180,,,-180,-200,-200,,,-179,,,,
2024-04-08,Leody Taveras,/mlb/props/leody-taveras-of/,HOU at TEX,BAL,"CF,RF",0.5,+245,+200,+190,,+200,,,+190,,,,,+190,,,,,-360,-274,-275,,-275,,,-275,,,,,-274,,,,
2024-04-08,Alex Bregman,/mlb/props/alex-bregman/,HOU at TEX,CHC,"3B,DH",0.5,+140,+143,+135,,+135,,,+135,+143,+143,,,+133,,,,,-190,-180,-184,,-180,,,-180,-200,-200,,,-184,,,,
2024-04-08,Evan Carter,/mlb/props/evan-carter/,HOU at TEX,TEX,"LF,CF,RF",0.5,+285,+180,+165,,+165,,,+155,+180,+180,,,+165,,,,,-425,-210,-225,,-225,,,-210,-250,-250,,,-234,,,,
2024-04-08,Jose Abreu,/mlb/props/jose-dariel-abreu/,HOU at TEX,FA,1B,0.5,+145,+155,+140,,+140,,,+140,+155,+155,,,+139,,,,,-195,-185,-194,,-185,,,-190,-215,-215,,,-194,,,,
2024-04-08,Chas McCormick,/mlb/props/chas-mccormick/,HOU at TEX,CHC,"LF,CF,RF",0.5,+165,+155,+150,,+155,,,+150,+155,+155,,,+146,,,,,-225,-204,-210,,-210,,,-210,-220,-220,,,-204,,,,
2024-04-08,Wyatt Langford,/mlb/props/wyatt-langford/,HOU at TEX,TEX,"LF,CF",0.5,+165,+163,+152,,+150,,,+145,+163,+163,,,+152,,,,,-225,-200,-214,,-205,,,-200,-230,-230,,,-214,,,,
2024-04-08,Marcus Semien,/mlb/props/marcus-semien/,HOU at TEX,NYM,2B,0.5,+170,+150,+140,,+140,,,+135,+150,+150,,,+129,,,,,-235,-179,-185,,-185,,,-180,-215,-215,,,-179,,,,
2024-04-08,Ezequiel Duran,/mlb/props/ezequiel-duran/,HOU at TEX,TEX,"1B,2B,3B,SS,LF,RF",0.5,+200,+195,+190,,+195,,,+185,+195,+195,,,+190,,,,,-280,-260,-274,,-275,,,-260,-286,-286,,,-274,,,,
2024-04-08,Andrew Knizner,/mlb/props/andrew-knizner/,HOU at TEX,BOS,C,0.5,+180,+180,+175,,+180,,,+175,,,,,+172,,,,,-250,-244,-250,,-250,,,-250,,,,,-244,,,,
2024-04-08,Ryan McMahon,/mlb/props/ryan-mcmahon/,ARI at COL,NYY,3B,0.5,+155,+200,+165,,+160,,,+165,+200,+200,,,+159,,,,,-205,-220,-225,,-220,,,-225,-295,-295,,,-224,,,,
2024-04-08,Nolan Jones,/mlb/props/nolan-jones-3b/,ARI at COL,CWS,"LF,CF,RF",0.5,+165,+190,+175,,+175,,,+175,+190,+190,,,+165,,,,,-225,-234,-250,,-245,,,-250,-275,-275,,,-234,,,,
2024-04-08,Brendan Rodgers,/mlb/props/brendan-rodgers/,ARI at COL,BOS,2B,0.5,+160,+160,+135,,+135,,,+135,+160,+160,,,+133,,,,,-215,-180,-184,,-180,,,-180,-225,-225,,,-184,,,,
2024-04-08,Brenton Doyle,/mlb/props/brenton-doyle/,ARI at COL,COL,CF,0.5,+200,+195,+185,,+195,,,+185,,,,,+178,,,,,-280,-254,-260,,-270,,,-260,,,,,-254,,,,
2024-04-08,Gabriel Moreno,/mlb/props/gabriel-moreno/,ARI at COL,ARI,C,0.5,+145,+145,+143,,+145,,,+140,+145,+145,,,+143,,,,,-200,-190,-195,,-195,,,-190,-200,-200,,,-199,,,,
2024-04-08,Charlie Blackmon,/mlb/props/charlie-blackmon/,ARI at COL,FA,"RF,DH",0.5,+185,+205,+170,,+170,,,+165,+205,+205,,,+165,,,,,-255,-225,-234,,-230,,,-225,-305,-305,,,-234,,,,
2024-04-08,Blaze Alexander,/mlb/props/blaze-alexander/,ARI at COL,BAL,"2B,3B,SS,LF,CF",0.5,+165,+163,+145,,+145,,,+145,+163,+163,,,+143,,,,,-225,-199,-200,,-200,,,-200,-235,-235,,,-199,,,,
2024-04-08,Kris Bryant,/mlb/props/kris-bryant/,ARI at COL,COL,DH,0.5,+125,+170,+150,,+150,,,+150,+170,+170,,,+143,,,,,-170,-199,-210,,-200,,,-210,-240,-240,,,-199,,,,
2024-04-08,Eugenio Suarez,/mlb/props/eugenio-suarez/,ARI at COL,CIN,"3B,DH",0.5,+115,+120,+110,,+110,,,+110,+120,+120,,,+108,,,,,-150,-140,-148,,-145,,,-140,-165,-165,,,-148,,,,
2024-04-08,Randal Grichuk,/mlb/props/randal-grichuk/,ARI at COL,CWS,"LF,RF,DH",0.5,+115,+112,+110,,+110,,,+110,,,,,+112,,,,,-155,-140,-150,,-150,,,-140,,,,,-154,,,,
2024-04-08,Corbin Carroll,/mlb/props/corbin-carroll-of/,ARI at COL,ARI,"CF,RF",0.5,+135,+148,+135,,+130,,,+135,+148,+148,,,+129,,,,,-185,-175,-180,,-175,,,-180,-205,-205,,,-179,,,,
2024-04-08,Lourdes Gurriel Jr.,/mlb/props/lourdes-gurriel-jr/,ARI at COL,ARI,"LF,DH",0.5,-110,-106,-110,,-115,,,-110,-106,-106,,,-113,,,,,-120,-115,-121,,-115,,,-120,-129,-129,,,-121,,,,
2024-04-08,Ketel Marte,/mlb/props/ketel-marte/,ARI at COL,ARI,"2B,DH",0.5,-105,+112,-108,,-110,,,-110,+112,+112,,,-108,,,,,-125,-120,-127,,-120,,,-120,-152,-152,,,-127,,,,
2024-04-08,Elehuris Montero,/mlb/props/elehuris-montero-3b/,ARI at COL,FA,"1B,3B",0.5,+165,+150,+145,,+150,,,+145,,,,,+136,,,,,-220,-189,-200,,-200,,,-200,,,,,-189,,,,
2024-04-08,Elias Diaz,/mlb/props/elias-diaz/,ARI at COL,TEX,C,0.5,+145,+155,+130,,+130,,,+130,+155,+155,,,+123,,,,,-200,-169,-175,,-175,,,-175,-225,-225,,,-169,,,,
2024-04-08,Christian Walker,/mlb/props/christian-walker/,ARI at COL,HOU,1B,0.5,-110,-110,-114,,-115,,,-110,-114,-114,,,-117,,,,,-120,-115,-117,,-115,,,-120,-120,-120,,,-117,,,,
2024-04-08,Kevin Newman,/mlb/props/kevin-newman/,ARI at COL,KC,"1B,2B,3B,SS",0.5,+175,+160,+160,,+160,,,+160,,,,,+159,,,,,-240,-215,-220,,-220,,,-215,,,,,-224,,,,
2024-04-08,Ezequiel Tovar,/mlb/props/ezequiel-tovar/,ARI at COL,COL,SS,0.5,+165,+175,+160,,+155,,,+160,+175,+175,,,+146,,,,,-220,-204,-215,,-210,,,-215,-250,-250,,,-204,,,,
2024-04-08,Rene Pinto,/mlb/props/rene-pinto/,TB at LAA,PHI,C,0.5,+280,+255,+252,,+255,,,+240,+255,+255,,,+252,,,,,-425,-370,-384,,-370,,,-375,-400,-400,,,-384,,,,
2024-04-08,Luis Rengifo,/mlb/props/luis-rengifo/,TB at LAA,SD,"2B,3B,OF",0.5,+215,+225,+210,,+225,,,+210,+225,+225,,,+202,,,,,-300,-294,-320,,-320,,,-300,-345,-345,,,-294,,,,
2024-04-08,Amed Rosario,/mlb/props/amed-rosario/,TB at LAA,NYY,"2B,3B,OF",0.5,+185,+178,+170,,+175,,,+170,+148,+148,,,+178,,,,,-260,-210,-235,,-240,,,-235,-210,-210,,,-254,,,,
2024-04-08,Taylor Ward,/mlb/props/taylor-ward/,TB at LAA,BAL,LF,0.5,+195,+185,+185,,+185,,,+185,+185,+185,,,+165,,,,,-275,-234,-255,,-255,,,-260,-265,-265,,,-234,,,,
2024-04-08,Miguel Sano,/mlb/props/miguel-sano/,TB at LAA,FA,"1B,3B",0.5,+210,+190,+185,,+190,,,+185,+185,+185,,,+184,,,,,-295,-260,-265,,-265,,,-260,-275,-275,,,-264,,,,
2024-04-08,Curtis Mead,/mlb/props/curtis-meade/,TB at LAA,WSH,"1B,2B,3B",0.5,+230,+220,+219,,+220,,,,+163,+163,,,+219,,,,,-330,-235,-310,,-310,,,,-235,-235,,,-324,,,,
2024-04-08,Harold Ramirez,/mlb/props/harold-ramirez-of/,TB at LAA,FA,"LF,RF,DH",0.5,+235,+219,+210,,+210,,,+200,+195,+195,,,+219,,,,,-340,-285,-295,,-295,,,-285,-286,-286,,,-324,,,,
2024-04-08,Mike Trout,/mlb/props/mike-trout/,TB at LAA,LAA,"CF,RF,DH",0.5,+165,+175,+160,,+165,,,+160,+175,+175,,,+146,,,,,-225,-204,-225,,-225,,,-215,-250,-250,,,-204,,,,
2024-04-08,Anthony Rendon,/mlb/props/anthony-rendon/,TB at LAA,LAA,3B,0.5,+275,+260,+255,,+255,,,+230,+260,+260,,,+227,,,,,-400,-339,-370,,-370,,,-350,-420,-420,,,-339,,,,
2024-04-08,Isaac Paredes,/mlb/props/isaac-paredes/,TB at LAA,HOU,"1B,3B,DH",0.5,+170,+155,+150,,+155,,,+150,+132,+132,,,+152,,,,,-230,-182,-210,,-210,,,-210,-182,-182,,,-214,,,,
2024-04-08,Logan O'Hoppe,/mlb/props/logan-ohoppe/,TB at LAA,LAA,C,0.5,+220,+220,+210,,+220,,,+210,+210,+210,,,+202,,,,,-310,-294,-300,,-310,,,-300,-315,-315,,,-294,,,,
2024-04-08,Nolan Schanuel,/mlb/props/nolan-schanuel/,TB at LAA,LAA,1B,0.5,+295,+280,+265,,+280,,,+260,+265,+265,,,+262,,,,,-450,-404,-420,,-425,,,-425,-420,-420,,,-404,,,,
2024-04-08,Randy Arozarena,/mlb/props/randy-arozarena/,TB at LAA,SEA,"LF,CF",0.5,+165,+160,+155,,+160,,,+160,+155,+155,,,+152,,,,,-225,-214,-215,,-220,,,-215,-215,-215,,,-214,,,,
2024-04-08,Jose Caballero,/mlb/props/jose-caballero/,TB at LAA,NYY,"2B,3B,SS,LF,RF",0.5,+280,+280,+260,,+280,,,+260,+200,+200,,,+275,,,,,-425,-295,-425,,-425,,,-425,-295,-295,,,-429,,,,
2024-04-08,Brandon Drury,/mlb/props/brandon-drury/,TB at LAA,KC,"1B,2B,3B",0.5,+210,+230,+220,,+230,,,+220,+230,+230,,,+213,,,,,-295,-314,-330,,-330,,,-330,-335,-335,,,-314,,,,
2024-04-08,Zach Neto,/mlb/props/zach-neto/,TB at LAA,LAA,SS,0.5,+310,+275,+262,,+275,,,+250,,,,,+262,,,,,-475,-400,-400,,-400,,,-400,,,,,-404,,,,
2024-04-08,Yandy Diaz,/mlb/props/yandy-diaz/,TB at LAA,TB,"1B,DH",0.5,+210,+196,+185,,+195,,,+185,+175,+175,,,+196,,,,,-295,-250,-270,,-270,,,-260,-250,-250,,,-284,,,,
2024-04-08,Mickey Moniak,/mlb/props/mckenzie-moniak/,TB at LAA,COL,"LF,CF,RF,DH",0.5,+225,+185,+185,,+185,,,+185,,,,,+178,,,,,-320,-254,-260,,-260,,,-260,,,,,-254,,,,
2024-04-08,Jose Siri,/mlb/props/jose-siri/,TB at LAA,LAA,"LF,CF",0.5,+235,+220,+213,,+220,,,+190,,,,,+213,,,,,-340,-275,-310,,-310,,,-275,,,,,-314,,,,
2024-04-08,Cody Bellinger,/mlb/props/cody-bellinger/,CHC at SD,NYY,"LF,CF,RF",0.5,+175,+185,+175,,+175,,,+170,+185,+185,,,+165,,,,,-245,-234,-240,,-240,,,-235,-265,-265,,,-234,,,,
2024-04-08,Mike Tauchman,/mlb/props/mike-tauchman/,CHC at SD,NYM,"LF,CF,RF",0.5,+275,+275,+265,,+275,,,+250,+265,+265,,,+252,,,,,-400,-384,-400,,-400,,,-400,-420,-420,,,-384,,,,
2024-04-08,Ian Happ,/mlb/props/ian-happ/,CHC at SD,CHC,LF,0.5,+220,+220,+210,,+220,,,+210,+215,+215,,,+202,,,,,-310,-294,-300,,-310,,,-300,-315,-315,,,-294,,,,
2024-04-08,Xander Bogaerts,/mlb/props/xander-bogaerts/,CHC at SD,SD,SS,0.5,+215,+220,+210,,+220,,,+210,+220,+220,,,+208,,,,,-310,-300,-310,,-310,,,-300,-335,-335,,,-304,,,,
2024-04-08,Luis Campusano,/mlb/props/luis-campusano/,CHC at SD,SD,"C,DH",0.5,+200,+200,+190,,+200,,,+190,+180,+180,,,+190,,,,,-280,-265,-274,,-275,,,-275,-265,-265,,,-274,,,,
2024-04-08,Dansby Swanson,/mlb/props/dansby-swanson/,CHC at SD,CHC,SS,0.5,+210,+215,+184,,+180,,,+175,+215,+215,,,+184,,,,,-295,-250,-264,,-250,,,-250,-315,-315,,,-264,,,,
2024-04-08,Tyler Wade,/mlb/props/tyler-wade/,CHC at SD,FA,"2B,LF,CF",0.5,+285,+310,+287,,+310,,,+280,,,,,+287,,,,,-425,-450,-454,,-475,,,-450,,,,,-454,,,,
2024-04-08,Jake Cronenworth,/mlb/props/jacob-cronenworth/,CHC at SD,SD,"1B,2B,SS",0.5,+170,+175,+165,,+165,,,+165,+175,+175,,,+165,,,,,-230,-225,-234,,-225,,,-225,-245,-245,,,-234,,,,
2024-04-08,Christopher Morel,/mlb/props/christopher-morel/,CHC at SD,MIA,"1B,LF,DH",0.5,+175,+175,+172,,+175,,,+170,+175,+175,,,+172,,,,,-245,-235,-244,,-240,,,-235,-250,-250,,,-244,,,,
2024-04-08,Jurickson Profar,/mlb/props/jurickson-profar/,CHC at SD,ATL,LF,0.5,+195,+210,+195,,+195,,,+190,+210,+210,,,+184,,,,,-275,-264,-275,,-275,,,-275,-315,-315,,,-264,,,,
2024-04-08,Manny Machado,/mlb/props/manny-machado/,CHC at SD,SD,"3B,DH",0.5,+140,+145,+140,,+145,,,+140,+145,+145,,,+136,,,,,-190,-189,-195,,-195,,,-190,-205,-205,,,-189,,,,
2024-04-08,Miguel Amaya,/mlb/props/miguel-amaya-c/,CHC at SD,CHC,"C,DH",0.5,+295,+300,+280,,+300,,,+280,,,,,+262,,,,,-450,-404,-450,,-475,,,-450,,,,,-404,,,,
2024-04-08,Nico Hoerner,/mlb/props/nico-hoerner/,CHC at SD,CHC,"2B,SS",0.5,+245,+235,+227,,+235,,,+220,+235,+235,,,+227,,,,,-360,-330,-340,,-340,,,-330,-360,-360,,,-339,,,,
2024-04-08,Michael Busch,/mlb/props/michael-busch-2b/,CHC at SD,CHC,1B,0.5,+240,+245,+230,,+230,,,+220,+245,+245,,,+227,,,,,-350,-330,-339,,-330,,,-330,-385,-385,,,-339,,,,
2024-04-08,Fernando Tatis Jr.,/mlb/props/fernando-tatis-jr/,CHC at SD,SD,"2B,RF",0.5,+160,+165,+160,,+165,,,+160,+165,+165,,,+152,,,,,-215,-214,-220,,-220,,,-215,-230,-230,,,-214,,,,
2024-04-08,Ha-Seong Kim,/mlb/props/ha-seong-kim/,CHC at SD,ATL,"2B,SS",0.5,+245,+255,+250,,+255,,,+240,+250,+250,,,+236,,,,,-350,-354,-370,,-370,,,-375,-385,-385,,,-354,,,,
2024-04-08,Jackson Merrill,/mlb/props/jackson-merrill/,CHC at SD,SD,CF,0.5,+195,+200,+190,,+200,,,+190,+200,+200,,,+190,,,,,-275,-274,-280,,-280,,,-275,-295,-295,,,-274,,,,
2024-04-08,Seiya Suzuki,/mlb/props/seiya-suzuki/,CHC at SD,CHC,"LF,RF,DH",0.5,+205,+200,+190,,+200,,,+190,+190,+190,,,+190,,,,,-290,-274,-278,,-280,,,-275,-278,-278,,,-274,,,,
2024-04-08,Joey Meneses,/mlb/props/joey-meneses/,WSH at SF,ATH,1B,0.5,+205,+225,+220,,+225,,,+220,+220,+220,,,+213,,,,,-290,-314,-320,,-320,,,-330,-335,-335,,,-314,,,,
2024-04-08,Luis Garcia,/mlb/props/luis-garcia-2b/,WSH at SF,WSH,"1B,2B,DH",0.5,+250,+265,+250,,+265,,,+250,,,,,,,,,,-400,-390,-400,,-390,,,-400,,,,,,,,,
2024-04-08,Lane Thomas,/mlb/props/lane-thomas/,WSH at SF,KC,"LF,CF,RF",0.5,+205,+190,+180,,+180,,,+170,+190,+190,,,+165,,,,,-285,-234,-245,,-245,,,-235,-278,-278,,,-234,,,,
2024-04-08,CJ Abrams,/mlb/props/cj-abrams/,WSH at SF,WSH,SS,0.5,+245,+280,+235,,+235,,,+230,+280,+280,,,+219,,,,,-360,-324,-350,,-340,,,-350,-455,-455,,,-324,,,,
2024-04-08,Wilmer Flores,/mlb/props/wilmer-flores/,WSH at SF,FA,"1B,DH",0.5,+165,+195,+175,,+175,,,+165,+195,+195,,,+165,,,,,-225,-225,-235,,-235,,,-225,-286,-286,,,-234,,,,
2024-04-08,Nick Ahmed,/mlb/props/nick-ahmed/,WSH at SF,FA,SS,0.5,+235,+210,+200,,+210,,,+200,,,,,+196,,,,,-330,-284,-285,,-295,,,-285,,,,,-284,,,,
2024-04-08,Patrick Bailey,/mlb/props/patrick-bailey/,WSH at SF,CLE,C,0.5,+195,+200,+190,,+200,,,+185,+200,+200,,,+190,,,,,-275,-260,-275,,-275,,,-260,-295,-295,,,-274,,,,
2024-04-08,Michael Conforto,/mlb/props/michael-conforto/,WSH at SF,CHC,"LF,RF,DH",0.5,+150,+165,+150,,+150,,,+150,+165,+165,,,+143,,,,,-205,-199,-210,,-205,,,-210,-230,-230,,,-199,,,,
2024-04-08,Jung Hoo Lee,/mlb/props/jung-lee/,WSH at SF,SF,"CF,RF",0.5,+200,+210,+200,,+210,,,+200,+210,+210,,,+196,,,,,-280,-284,-295,,-295,,,-285,-315,-315,,,-284,,,,
2024-04-08,Thairo Estrada,/mlb/props/thairo-estrada/,WSH at SF,FA,2B,0.5,+170,+185,+175,,+180,,,+175,+185,+185,,,+165,,,,,-235,-234,-250,,-250,,,-250,-275,-275,,,-234,,,,
2024-04-08,Joey Gallo,/mlb/props/joey-gallo/,WSH at SF,FA,"1B,LF,CF,RF",0.5,+310,+285,+262,,+285,,,+260,+255,+255,,,+262,,,,,-475,-400,-404,,-425,,,-425,-400,-400,,,-404,,,,
2024-04-08,Mike Yastrzemski,/mlb/props/michael-yastrzemski/,WSH at SF,ATL,"LF,CF,RF",0.5,+170,+175,+165,,+165,,,+165,+175,+175,,,+165,,,,,-230,-225,-234,,-225,,,-225,-250,-250,,,-234,,,,
2024-04-08,Trey Lipscomb,/mlb/props/trey-lipscomb/,WSH at SF,WSH,3B,0.5,+310,+300,+285,,+300,,,+280,+285,+285,,,+275,,,,,-475,-429,-450,,-450,,,-450,-480,-480,,,-429,,,,
2024-04-08,LaMonte Wade Jr.,/mlb/props/lamonte-wade/,WSH at SF,HOU,"1B,RF",0.5,+185,+180,+170,,+175,,,+170,+180,+180,,,+165,,,,,-250,-234,-235,,-235,,,-235,-265,-265,,,-234,,,,
2024-04-08,Ildemaro Vargas,/mlb/props/ildemaro-vargas/,WSH at SF,ARI,"1B,2B",0.5,+265,+260,+250,,+260,,,+240,+250,+250,,,+236,,,,,-390,-354,-375,,-380,,,-375,-385,-385,,,-354,,,,
2024-04-08,Keibert Ruiz,/mlb/props/keibert-ruiz/,WSH at SF,WSH,C,0.5,+280,+265,+250,,+265,,,+250,+240,+240,,,+247,,,,,-425,-374,-390,,-390,,,-400,-375,-375,,,-374,,,,
2024-04-08,Matt Chapman,/mlb/props/matt-chapman/,WSH at SF,SF,3B,0.5,+130,+143,+130,,+135,,,+130,+143,+143,,,+120,,,,,-175,-166,-180,,-180,,,-175,-200,-200,,,-166,,,,
2024-04-08,Jacob Young,/mlb/props/jacob-young/,WSH at SF,WSH,CF,0.5,+330,+300,+290,,+300,,,,+290,+290,,,+287,,,,,-525,-450,-454,,-450,,,,-480,-480,,,-454,,,,
2024-04-08,Jorge Soler,/mlb/props/jorge-soler/,WSH at SF,LAA,"RF,DH",0.5,+135,+135,+129,,+125,,,+125,+135,+135,,,+129,,,,,-180,-165,-179,,-170,,,-165,-190,-190,,,-179,,,,
2024-04-08,Jesse Winker,/mlb/props/jesse-winker/,WSH at SF,FA,"LF,RF,DH",0.5,+390,+290,+270,,+270,,,+250,+290,+290,,,+252,,,,,-650,-384,-400,,-400,,,-400,-480,-480,,,-384,,,,
