Date,Player,Player_Page,Matchup,Team,Position,Line,Open_Over,Best Odds_Over,Consensus_Over,bet365_Over,DraftKings_Over,BetMGM_Over,FanDuel_Over,theScore Bet_Over,BetRivers_Over,SugarHouse_Over,PartyCasino_Over,Fliff_Over,Caesars_Over,PointsBet_Over,Hard Rock Bet_Over,ESPNBet_Over,Fanatics_Over,Open_Under,Best Odds_Under,Consensus_Under,bet365_Under,DraftKings_Under,BetMGM_Under,FanDuel_Under,theScore Bet_Under,BetRivers_Under,SugarHouse_Under,PartyCasino_Under,Fliff_Under,Caesars_Under,PointsBet_Under,Hard Rock Bet_Under,ESPNBet_Under,Fanatics_Under
2024-04-01,Matt Olson,/mlb/props/matt-olson/,ATL at CWS,ATL,1B,0.5,+165,+155,+145,+155,+145,,,+140,,,,,+139,,,,,-225,-190,-195,-190,-195,,,-200,,,,,-194,,,,
2024-04-01,Gavin Sheets,/mlb/props/gavin-sheets/,ATL at CWS,SD,"1B,LF,RF,DH",0.5,+230,+190,+180,+190,+180,,,+175,,,,,+172,,,,,-330,-240,-244,-240,-250,,,-250,,,,,-244,,,,
2024-04-01,Ozzie Albies,/mlb/props/ozhaino-albies/,ATL at CWS,ATL,2B,0.5,+115,+115,+110,+115,+110,,,+105,,,,,+112,,,,,-155,-145,-150,-145,-145,,,-150,,,,,-154,,,,
2024-04-01,Paul DeJong,/mlb/props/paul-dejong/,ATL at CWS,FA,"2B,3B,SS",0.5,+175,+180,+175,+180,+175,,,+165,,,,,+165,,,,,-240,-230,-234,-230,-240,,,-240,,,,,-234,,,,
2024-04-01,Orlando Arcia,/mlb/props/orlando-arcia/,ATL at CWS,MIN,"1B,2B,3B,SS",0.5,+105,+106,+105,+100,+105,,,+100,,,,,+106,,,,,-140,-130,-135,-130,-140,,,-135,,,,,-145,,,,
2024-04-01,Nicky Lopez,/mlb/props/nicky-lopez/,ATL at CWS,TEX,"2B,3B,SS",0.5,+120,+100,-104,+100,+100,,,-105,,,,,-104,,,,,-165,-130,-130,-130,-130,,,-130,,,,,-131,,,,
2024-04-01,Andrew Benintendi,/mlb/props/andrew-benintendi/,ATL at CWS,CWS,"LF,DH",0.5,+100,-115,-115,-115,-115,,,-115,,,,,-117,,,,,-135,-115,-115,-115,-115,,,-115,,,,,-117,,,,
2024-04-01,Dominic Fletcher,/mlb/props/dominic-fletcher/,ATL at CWS,PIT,"CF,RF",0.5,+155,+165,+160,+165,+160,,,+150,,,,,+152,,,,,-210,-210,-214,-210,-220,,,-220,,,,,-214,,,,
2024-04-01,Yoan Moncada,/mlb/props/yoan-moncada/,ATL at CWS,LAA,3B,0.5,+195,+170,+160,+170,+170,,,+160,,,,,+159,,,,,-270,-220,-225,-220,-230,,,-225,,,,,-224,,,,
2024-04-01,Braden Shewmake,/mlb/props/braden-shewmake/,ATL at CWS,HOU,"2B,3B,SS",0.5,+220,+210,+200,+210,+200,,,+190,,,,,+184,,,,,-310,-264,-270,-270,-275,,,-275,,,,,-264,,,,
2024-04-01,Andrew Vaughn,/mlb/props/andrew-vaughn-1b/,ATL at CWS,MIL,1B,0.5,+115,+104,+100,+100,+100,,,+100,,,,,+104,,,,,-155,-130,-135,-130,-135,,,-135,,,,,-142,,,,
2024-04-01,Jarred Kelenic,/mlb/props/jarred-kelenic/,ATL at CWS,TEX,"LF,CF,RF",0.5,+155,+160,+150,+160,+150,,,+140,,,,,+143,,,,,-210,-199,-200,-200,-200,,,-200,,,,,-199,,,,
2024-04-01,Marcell Ozuna,/mlb/props/marcell-ozuna/,ATL at CWS,PIT,DH,0.5,+135,+140,+135,+140,+135,,,+130,,,,,+129,,,,,-180,-170,-179,-170,-180,,,-180,,,,,-179,,,,
2024-04-01,Ronald Acuna Jr.,/mlb/props/ronald-acuna/,ATL at CWS,ATL,RF,0.5,-145,-142,-145,-145,-145,,,-150,,,,,-142,,,,,+110,+115,+110,+115,+110,,,+105,,,,,+104,,,,
2024-04-01,Austin Riley,/mlb/props/austin-riley/,ATL at CWS,ATL,3B,0.5,+110,+108,+105,+105,+105,,,+105,+105,+105,,,+108,,,,,-145,-135,-140,-135,-140,,,-140,-143,-143,,,-148,,,,
2024-04-01,Martin Maldonado,/mlb/props/martin-maldonado/,ATL at CWS,FA,C,0.5,+300,+260,+247,+260,+255,,,+230,,,,,+247,,,,,-475,-350,-374,-350,-370,,,-400,,,,,-374,,,,
2024-04-01,Travis d'Arnaud,/mlb/props/travis-darnaud/,ATL at CWS,LAA,C,0.5,+130,+125,+120,+125,+120,,,+115,,,,,+116,,,,,-170,-155,-160,-155,-160,,,-160,,,,,-160,,,,
2024-04-01,Michael Harris II,/mlb/props/michael-harris/,ATL at CWS,ATL,CF,0.5,-105,-110,-111,-115,-110,,,-115,,,,,-111,,,,,-125,-115,-120,-115,-120,,,-120,,,,,-123,,,,
2024-04-01,Luis Robert Jr.,/mlb/props/luis-robert/,ATL at CWS,NYM,CF,0.5,+160,+150,+140,+150,+140,,,+135,,,,,+133,,,,,-220,-184,-185,-185,-190,,,-190,,,,,-184,,,,
2024-04-01,Nico Hoerner,/mlb/props/nico-hoerner/,COL at CHC,CHC,"2B,SS",0.5,-145,-125,-130,-125,-130,,,-130,,,,,-137,,,,,+110,+100,+100,-105,+100,,,-105,,,,,+100,,,,
2024-04-01,Brendan Rodgers,/mlb/props/brendan-rodgers/,COL at CHC,BOS,2B,0.5,-130,-130,-131,-130,-130,,,-135,,,,,-131,,,,,+100,+100,+100,+100,+100,,,+100,,,,,-104,,,,
2024-04-01,Brenton Doyle,/mlb/props/brenton-doyle/,COL at CHC,COL,CF,0.5,+160,+170,+165,+170,+165,,,+160,,,,,+159,,,,,-215,-220,-224,-220,-225,,,-225,,,,,-224,,,,
2024-04-01,Ryan McMahon,/mlb/props/ryan-mcmahon/,COL at CHC,NYY,3B,0.5,+125,+140,+130,+140,+130,,,+125,,,,,+123,,,,,-170,-169,-170,-170,-175,,,-175,,,,,-169,,,,
2024-04-01,Seiya Suzuki,/mlb/props/seiya-suzuki/,COL at CHC,CHC,"LF,RF,DH",0.5,-135,-140,-145,-140,-145,,,-150,,,,,-148,,,,,+100,+110,+108,+110,+110,,,+105,,,,,+108,,,,
2024-04-01,Kris Bryant,/mlb/props/kris-bryant/,COL at CHC,COL,DH,0.5,+105,+125,+120,+125,+120,,,+115,,,,,+116,,,,,-135,-155,-160,-155,-160,,,-160,,,,,-160,,,,
2024-04-01,Charlie Blackmon,/mlb/props/charlie-blackmon/,COL at CHC,FA,"RF,DH",0.5,-120,-115,-120,-115,-120,,,-120,,,,,-123,,,,,-110,-110,-111,-115,-110,,,-115,,,,,-111,,,,
2024-04-01,Cody Bellinger,/mlb/props/cody-bellinger/,COL at CHC,NYY,"LF,CF,RF",0.5,-140,-140,-142,-140,-150,,,-140,,,,,-142,,,,,+105,+110,+105,+110,+110,,,+105,,,,,+104,,,,
2024-04-01,Mike Tauchman,/mlb/props/mike-tauchman/,COL at CHC,NYM,"LF,CF,RF",0.5,+100,+100,+100,-105,+100,,,-105,,,,,+100,,,,,-135,-125,-130,-125,-130,,,-130,,,,,-137,,,,
2024-04-01,Ian Happ,/mlb/props/ian-happ/,COL at CHC,CHC,LF,0.5,-115,-125,-129,-125,-130,,,-130,,,,,-129,,,,,-115,-105,-105,-105,-105,,,-105,,,,,-106,,,,
2024-04-01,Dansby Swanson,/mlb/props/dansby-swanson/,COL at CHC,CHC,SS,0.5,-110,-115,-115,-115,-115,,,-115,,,,,-119,,,,,-120,-115,-115,-115,-115,,,-115,,,,,-115,,,,
2024-04-01,Nolan Jones,/mlb/props/nolan-jones-3b/,COL at CHC,CWS,"LF,CF,RF",0.5,+135,+135,+130,+135,+130,,,+125,,,,,+129,,,,,-180,-165,-170,-165,-170,,,-175,,,,,-179,,,,
2024-04-01,Elehuris Montero,/mlb/props/elehuris-montero-3b/,COL at CHC,FA,"1B,3B",0.5,+140,+155,+150,+155,+150,,,+140,,,,,+139,,,,,-190,-190,-200,-190,-205,,,-200,,,,,-194,,,,
2024-04-01,Ezequiel Tovar,/mlb/props/ezequiel-tovar/,COL at CHC,COL,SS,0.5,+105,+115,+112,+115,+115,,,+110,,,,,+112,,,,,-140,-145,-150,-145,-150,,,-155,,,,,-154,,,,
2024-04-01,Elias Diaz,/mlb/props/elias-diaz/,COL at CHC,TEX,C,0.5,+105,+110,+105,+110,+110,,,+105,,,,,+102,,,,,-135,-139,-140,-140,-150,,,-150,,,,,-139,,,,
2024-04-01,Yan Gomes,/mlb/props/yan-gomes/,COL at CHC,FA,C,0.5,-105,-105,-110,-110,-105,,,-110,,,,,-111,,,,,-125,-120,-123,-120,-125,,,-125,,,,,-123,,,,
2024-04-01,Christopher Morel,/mlb/props/christopher-morel/,COL at CHC,MIA,"1B,LF,DH",0.5,+105,+105,+105,+105,+105,,,+105,,,,,-103,,,,,-140,-133,-135,-135,-140,,,-140,,,,,-133,,,,
2024-04-01,Michael Busch,/mlb/props/michael-busch-2b/,COL at CHC,CHC,1B,0.5,+110,+100,+100,+100,+100,,,+100,,,,,-103,,,,,-145,-130,-133,-130,-135,,,-135,,,,,-133,,,,
2024-04-01,Victor Robles,/mlb/props/victor-robles/,PIT at WSH,SEA,"LF,CF,RF",0.5,+120,+130,+120,+130,+120,,,+120,,,,,+118,,,,,-165,-160,-163,-160,-160,,,-165,,,,,-163,,,,
2024-04-01,Oneil Cruz,/mlb/props/oneil-cruz-3b/,PIT at WSH,PIT,"CF,DH",0.5,+150,+165,+150,+165,+160,,,+150,,,,,+143,,,,,-205,-199,-210,-210,-215,,,-220,,,,,-199,,,,
2024-04-01,Andrew McCutchen,/mlb/props/andrew-mccutchen/,PIT at WSH,FA,"LF,RF,DH",0.5,+140,+150,+140,+150,+140,,,+135,,,,,+136,,,,,-190,-185,-189,-185,-190,,,-190,,,,,-189,,,,
2024-04-01,CJ Abrams,/mlb/props/cj-abrams/,PIT at WSH,WSH,SS,0.5,-135,-135,-140,-135,-140,,,-140,,,,,-148,,,,,+100,+108,+105,+105,+105,,,+105,,,,,+108,,,,
2024-04-01,Alika Williams,/mlb/props/alika-williams/,PIT at WSH,ATH,"2B,3B,SS",0.5,+150,+165,+160,+165,+160,,,,,,,,+146,,,,,-205,-204,-210,-210,-215,,,,,,,,-204,,,,
2024-04-01,Michael A. Taylor,/mlb/props/michael-taylor/,PIT at WSH,FA,"LF,CF,RF",0.5,+180,+170,+160,+170,+165,,,+160,,,,,+152,,,,,-245,-214,-220,-220,-225,,,-225,,,,,-214,,,,
2024-04-01,Keibert Ruiz,/mlb/props/keibert-ruiz/,PIT at WSH,WSH,C,0.5,-130,-120,-125,-120,-125,,,-125,,,,,-131,,,,,+100,-104,-105,-110,-105,,,-110,,,,,-104,,,,
2024-04-01,Jesse Winker,/mlb/props/jesse-winker/,PIT at WSH,FA,"LF,RF,DH",0.5,+115,+120,+115,+120,+115,,,+110,,,,,+114,,,,,-155,-150,-155,-150,-155,,,-155,,,,,-157,,,,
2024-04-01,Ildemaro Vargas,/mlb/props/ildemaro-vargas/,PIT at WSH,ARI,"1B,2B",0.5,-110,+100,+100,+100,+100,,,+100,,,,,-103,,,,,-120,-130,-133,-130,-130,,,-135,,,,,-133,,,,
2024-04-01,Joey Meneses,/mlb/props/joey-meneses/,PIT at WSH,ATH,1B,0.5,-115,-115,-115,-115,-115,,,-115,,,,,-117,,,,,-115,-115,-115,-115,-115,,,-115,,,,,-117,,,,
2024-04-01,Henry Davis,/mlb/props/henry-davis/,PIT at WSH,PIT,C,0.5,+120,+140,+135,+140,+135,,,+125,,,,,+126,,,,,-165,-170,-175,-170,-180,,,-175,,,,,-174,,,,
2024-04-01,Trey Lipscomb,/mlb/props/trey-lipscomb/,PIT at WSH,WSH,3B,0.5,+120,+100,+100,+100,+100,,,+100,,,,,-101,,,,,-160,-130,-135,-130,-135,,,-135,,,,,-135,,,,
2024-04-01,Jared Triolo,/mlb/props/jared-triolo/,PIT at WSH,PIT,"1B,2B,3B,SS",0.5,+125,+120,+115,+120,+115,,,+110,,,,,+116,,,,,-165,-150,-155,-150,-155,,,-155,,,,,-160,,,,
2024-04-01,Connor Joe,/mlb/props/connor-joe/,PIT at WSH,SEA,"LF,RF",0.5,+110,+115,+110,+115,+110,,,+110,,,,,+106,,,,,-145,-145,-145,-145,-145,,,-155,,,,,-145,,,,
2024-04-01,Riley Adams,/mlb/props/riley-adams/,PIT at WSH,WSH,C,0.5,+120,+135,+130,+135,+130,,,+125,,,,,+126,,,,,-160,-165,-174,-165,-175,,,-175,,,,,-174,,,,
2024-04-01,Rowdy Tellez,/mlb/props/rowdy-tellez/,PIT at WSH,ATL,1B,0.5,+175,+170,+165,+170,+165,,,+160,,,,,+165,,,,,-240,-220,-225,-220,-220,,,-225,,,,,-234,,,,
2024-04-01,Edward Olivares,/mlb/props/edward-olivares/,PIT at WSH,FA,"LF,RF",0.5,+105,+110,+105,+110,+105,,,+105,,,,,+104,,,,,-140,-140,-142,-140,-140,,,-150,,,,,-142,,,,
2024-04-01,Bryan Reynolds,/mlb/props/bryan-reynolds/,PIT at WSH,PIT,"LF,CF,RF,DH",0.5,-110,-105,-105,-105,-105,,,-105,,,,,-108,,,,,-120,-125,-127,-125,-125,,,-130,,,,,-127,,,,
2024-04-01,Ke'Bryan Hayes,/mlb/props/kebryan-hayes/,PIT at WSH,CIN,3B,0.5,-130,-120,-125,-120,-125,,,-125,,,,,-131,,,,,-105,-104,-105,-110,-105,,,-110,,,,,-104,,,,
2024-04-01,Eddie Rosario,/mlb/props/eddie-rosario/,PIT at WSH,FA,"LF,CF,RF,DH",0.5,+120,+120,+115,+120,+115,,,+110,,,,,+106,,,,,-160,-145,-150,-150,-155,,,-155,,,,,-145,,,,
2024-04-01,Lane Thomas,/mlb/props/lane-thomas/,PIT at WSH,KC,"LF,CF,RF",0.5,-105,-110,-110,-110,-110,,,-110,,,,,-111,,,,,-125,-120,-123,-120,-120,,,-125,,,,,-123,,,,
2024-04-01,Ryan Mountcastle,/mlb/props/ryan-mountcastle/,KC at BAL,BAL,"1B,DH",0.5,-155,-148,-150,-150,-155,,,-155,,,,,-148,,,,,+115,+120,+115,+120,+115,,,+110,,,,,+108,,,,
2024-04-01,Ryan O'Hearn,/mlb/props/ryan-ohearn/,KC at BAL,PIT,"1B,LF,RF,DH",0.5,+110,+110,+105,+110,+110,,,+105,,,,,+104,,,,,-150,-140,-142,-140,-150,,,-150,,,,,-142,,,,
2024-04-01,MJ Melendez,/mlb/props/mj-melendez/,KC at BAL,NYM,"LF,DH",0.5,+140,+155,+143,+155,+150,,,+135,,,,,+143,,,,,-190,-190,-199,-190,-200,,,-190,,,,,-199,,,,
2024-04-01,Ramon Urias,/mlb/props/ramon-urias/,KC at BAL,STL,"2B,3B",0.5,+105,+105,+104,+105,+105,,,+100,,,,,+104,,,,,-140,-135,-140,-135,-140,,,-135,,,,,-142,,,,
2024-04-01,Gunnar Henderson,/mlb/props/gunnar-henderson/,KC at BAL,BAL,"SS,DH",0.5,-105,-105,-110,-110,-105,,,-110,,,,,-111,,,,,-125,-120,-123,-120,-125,,,-125,,,,,-123,,,,
2024-04-01,Vinnie Pasquantino,/mlb/props/vinnie-pasquantino/,KC at BAL,KC,"1B,DH",0.5,-105,+100,-105,-105,+100,,,-105,,,,,-108,,,,,-125,-125,-130,-125,-135,,,-130,,,,,-127,,,,
2024-04-01,Adam Frazier,/mlb/props/adam-frazier/,KC at BAL,LAA,"2B,LF,RF",0.5,+120,+125,+120,+125,+120,,,+115,,,,,+114,,,,,-160,-155,-157,-155,-160,,,-160,,,,,-157,,,,
2024-04-01,Salvador Perez,/mlb/props/salvador-perez/,KC at BAL,KC,"C,1B,DH",0.5,-110,-110,-115,-115,-110,,,-115,,,,,-115,,,,,-120,-115,-119,-115,-120,,,-120,,,,,-119,,,,
2024-04-01,Adley Rutschman,/mlb/props/adley-rutschman/,KC at BAL,BAL,"C,DH",0.5,-105,-103,-105,-105,-105,,,-105,,,,,-103,,,,,-125,-125,-130,-125,-125,,,-130,,,,,-133,,,,
2024-04-01,Hunter Renfroe,/mlb/props/hunter-renfroe/,KC at BAL,FA,RF,0.5,+115,+115,+114,+115,+115,,,+110,,,,,+114,,,,,-150,-145,-150,-145,-150,,,-155,,,,,-157,,,,
2024-04-01,Kyle Isbel,/mlb/props/kyle-isbel/,KC at BAL,KC,CF,0.5,+140,+145,+140,+145,+140,,,+135,,,,,+136,,,,,-185,-180,-185,-180,-185,,,-190,,,,,-189,,,,
2024-04-01,Maikel Garcia,/mlb/props/maikel-garcia/,KC at BAL,KC,"2B,3B,SS,OF",0.5,-170,-160,-165,-160,-170,,,-165,,,,,-166,,,,,+125,+130,+125,+130,+125,,,+120,,,,,+120,,,,
2024-04-01,Anthony Santander,/mlb/props/anthony-santander/,KC at BAL,TOR,"LF,RF,DH",0.5,+135,+145,+135,+145,+135,,,+130,,,,,+129,,,,,-185,-179,-180,-180,-185,,,-180,,,,,-179,,,,
2024-04-01,Bobby Witt Jr.,/mlb/props/bobby-witt-jr/,KC at BAL,KC,SS,0.5,-145,-140,-145,-140,-145,,,-150,,,,,-145,,,,,+110,+110,+106,+110,+110,,,+105,,,,,+106,,,,
2024-04-01,Nelson Velazquez,/mlb/props/nelson-velazquez/,KC at BAL,STL,"LF,RF,DH",0.5,+135,+140,+133,+140,+135,,,+125,,,,,+133,,,,,-180,-170,-175,-170,-180,,,-175,,,,,-184,,,,
2024-04-01,Cedric Mullins II,/mlb/props/cedric-mullins/,KC at BAL,TB,CF,0.5,+150,+155,+150,+155,+150,,,+140,,,,,+143,,,,,-200,-190,-199,-190,-200,,,-200,,,,,-199,,,,
2024-04-01,Austin Hays,/mlb/props/austin-hays/,KC at BAL,CWS,"LF,DH",0.5,-110,-110,-113,-115,-110,,,-115,,,,,-113,,,,,-120,-115,-120,-115,-120,,,-115,,,,,-121,,,,
2024-04-01,Jordan Westburg,/mlb/props/jordan-westburg/,KC at BAL,BAL,"2B,3B",0.5,+120,+120,+118,+120,+120,,,+115,,,,,+118,,,,,-160,-150,-160,-150,-160,,,-160,,,,,-163,,,,
2024-04-01,Taylor Ward,/mlb/props/taylor-ward/,LAA at MIA,BAL,LF,0.5,-120,+110,+108,+110,+110,,,+105,,,,,+108,,,,,-110,-140,-145,-140,-145,,,-150,,,,,-148,,,,
2024-04-01,Luis Arraez,/mlb/props/luis-arraez/,LAA at MIA,SF,"1B,2B,DH",0.5,-270,-225,-234,-225,-235,,,-225,,,,,-234,,,,,+195,+175,+165,+175,+170,,,+160,,,,,+165,,,,
2024-04-01,Bryan De La Cruz,/mlb/props/bryan-de-la-cruz/,LAA at MIA,PHI,LF,0.5,-150,-110,-115,-115,-110,,,-115,,,,,-115,,,,,+115,-115,-119,-115,-120,,,-120,,,,,-119,,,,
2024-04-01,Brandon Drury,/mlb/props/brandon-drury/,LAA at MIA,KC,"1B,2B,3B",0.5,-120,+105,+105,+105,+105,,,+105,,,,,+104,,,,,-110,-135,-140,-135,-140,,,-140,,,,,-142,,,,
2024-04-01,Jake Burger,/mlb/props/jake-burger-3b/,LAA at MIA,TEX,1B,0.5,-115,+100,-103,-105,+100,,,-105,,,,,-103,,,,,-115,-125,-130,-125,-130,,,-130,,,,,-133,,,,
2024-04-01,Aaron Hicks,/mlb/props/aaron-hicks/,LAA at MIA,FA,"LF,CF,RF",0.5,+120,+155,+145,+155,+145,,,+140,,,,,+139,,,,,-160,-190,-194,-190,-200,,,-200,,,,,-194,,,,
2024-04-01,Nolan Schanuel,/mlb/props/nolan-schanuel/,LAA at MIA,LAA,1B,0.5,-110,-120,-125,-120,-125,,,-125,,,,,-127,,,,,-120,-105,-108,-110,-105,,,-110,,,,,-108,,,,
2024-04-01,Christian Bethancourt,/mlb/props/christian-bethancourt/,LAA at MIA,CHC,C,0.5,+110,+140,+135,+140,+135,,,+130,,,,,+129,,,,,-145,-170,-179,-170,-180,,,-180,,,,,-179,,,,
2024-04-01,Josh Bell,/mlb/props/josh-bell/,LAA at MIA,MIN,"1B,DH",0.5,-110,+100,+100,+100,+100,,,+100,,,,,-101,,,,,-120,-130,-135,-130,-135,,,-135,,,,,-135,,,,
2024-04-01,Zach Neto,/mlb/props/zach-neto/,LAA at MIA,LAA,SS,0.5,+125,+160,+150,+160,+150,,,+145,,,,,+146,,,,,-165,-200,-205,-200,-205,,,-215,,,,,-204,,,,
2024-04-01,Tim Anderson,/mlb/props/tim-anderson/,LAA at MIA,FA,"2B,SS",0.5,-195,-150,-154,-150,-155,,,-155,,,,,-154,,,,,+145,+120,+115,+120,+115,,,+110,,,,,+112,,,,
2024-04-01,Anthony Rendon,/mlb/props/anthony-rendon/,LAA at MIA,LAA,3B,0.5,-125,+100,+100,+100,+100,,,+100,,,,,+100,,,,,-105,-130,-135,-130,-135,,,-135,,,,,-137,,,,
2024-04-01,Matt Thaiss,/mlb/props/matt-thaiss/,LAA at MIA,BOS,C,0.5,+150,+155,+150,+155,+150,,,+140,,,,,+143,,,,,-200,-190,-199,-190,-200,,,-200,,,,,-199,,,,
2024-04-01,Mickey Moniak,/mlb/props/mckenzie-moniak/,LAA at MIA,COL,"LF,CF,RF,DH",0.5,+165,+170,+165,+170,+165,,,+160,,,,,+159,,,,,-225,-220,-224,-220,-225,,,-225,,,,,-224,,,,
2024-04-01,Mike Trout,/mlb/props/mike-trout/,LAA at MIA,LAA,"CF,RF,DH",0.5,+115,+145,+136,+145,+135,,,+130,,,,,+136,,,,,-150,-180,-185,-180,-185,,,-180,,,,,-189,,,,
2024-04-01,Jesus Sanchez,/mlb/props/jesus-sanchez/,LAA at MIA,TOR,"LF,CF,RF,DH",0.5,+115,+135,+130,+135,+130,,,+125,,,,,+123,,,,,-155,-165,-169,-165,-175,,,-175,,,,,-169,,,,
2024-04-01,Jazz Chisholm Jr.,/mlb/props/jasrado-chisholm/,LAA at MIA,NYY,"2B,3B",0.5,+115,+145,+135,+145,+135,,,+130,,,,,+133,,,,,-150,-180,-184,-180,-185,,,-180,,,,,-184,,,,
2024-04-01,Miguel Sano,/mlb/props/miguel-sano/,LAA at MIA,FA,"1B,3B",0.5,+175,+170,+165,+170,+170,,,+160,,,,,+165,,,,,-240,-220,-225,-220,-235,,,-225,,,,,-234,,,,
2024-04-01,Nick Gordon,/mlb/props/nick-gordon/,LAA at MIA,FA,"2B,LF,CF",0.5,+105,+125,+120,+125,+120,,,+115,,,,,+114,,,,,-140,-155,-157,-155,-160,,,-160,,,,,-157,,,,
2024-04-01,Logan O'Hoppe,/mlb/props/logan-ohoppe/,LAA at MIA,LAA,C,0.5,+110,+110,+108,+110,+110,,,+105,,,,,+108,,,,,-145,-140,-145,-140,-145,,,-150,,,,,-148,,,,
2024-04-01,Jonathan India,/mlb/props/jonathan-india/,CIN at PHI,KC,"2B,3B,LF,DH",0.5,+100,+115,+110,+115,+115,,,+110,,,,,+106,,,,,-130,-145,-150,-145,-150,,,-155,,,,,-145,,,,
2024-04-01,Whit Merrifield,/mlb/props/whit-merrifield/,CIN at PHI,FA,"2B,3B,LF",0.5,+105,+120,+110,+120,+120,,,+110,,,,,+108,,,,,-140,-148,-150,-150,-155,,,-155,,,,,-148,,,,
2024-04-01,Kyle Schwarber,/mlb/props/kyle-schwarber/,CIN at PHI,PHI,"LF,DH",0.5,+200,+210,+200,+210,+200,,,+190,,,,,+190,,,,,-280,-270,-274,-270,-275,,,-275,,,,,-274,,,,
2024-04-01,Stuart Fairchild,/mlb/props/stuart-fairchild/,CIN at PHI,CLE,"LF,CF,RF",0.5,+145,+165,+160,+165,+160,,,+150,,,,,+152,,,,,-200,-210,-214,-210,-220,,,-220,,,,,-214,,,,
2024-04-01,J.T. Realmuto,/mlb/props/jt-realmuto/,CIN at PHI,PHI,C,0.5,+145,+165,+160,+165,+160,,,+150,,,,,+152,,,,,-195,-210,-215,-210,-215,,,-220,,,,,-214,,,,
2024-04-01,Alec Bohm,/mlb/props/alec-bohm/,CIN at PHI,PHI,"1B,3B",0.5,-105,+105,+105,+105,+105,,,+105,,,,,-103,,,,,-125,-133,-135,-135,-140,,,-140,,,,,-133,,,,
2024-04-01,Elly De La Cruz,/mlb/props/elly-de-la-cruz/,CIN at PHI,CIN,SS,0.5,+120,+140,+130,+140,+135,,,+130,,,,,+120,,,,,-160,-166,-170,-170,-180,,,-180,,,,,-166,,,,
2024-04-01,Santiago Espinal,/mlb/props/santiago-espinal/,CIN at PHI,FA,"2B,3B,LF,RF",0.5,-125,-115,-115,-115,-115,,,-115,,,,,-117,,,,,-105,-115,-115,-115,-115,,,-115,,,,,-117,,,,
2024-04-01,Jeimer Candelario,/mlb/props/jeimer-candelario/,CIN at PHI,LAA,"1B,3B",0.5,+110,+125,+120,+125,+120,,,+115,,,,,+114,,,,,-145,-155,-157,-155,-160,,,-160,,,,,-157,,,,
2024-04-01,Johan Rojas,/mlb/props/johan-rojas/,CIN at PHI,PHI,CF,0.5,+140,+160,+152,+160,+155,,,+145,,,,,+152,,,,,-185,-200,-214,-200,-215,,,-215,,,,,-214,,,,
2024-04-01,Jake Fraley,/mlb/props/jake-fraley/,CIN at PHI,TB,"LF,RF",0.5,+125,+125,+125,+125,+125,,,,,,,,+123,,,,,-170,-155,-169,-155,-170,,,,,,,,-169,,,,
2024-04-01,Bryce Harper,/mlb/props/bryce-harper/,CIN at PHI,PHI,"1B,DH",0.5,+115,+120,+114,+120,+120,,,+110,,,,,+114,,,,,-150,-150,-155,-150,-155,,,-155,,,,,-157,,,,
2024-04-01,Nick Castellanos,/mlb/props/nick-castellanos/,CIN at PHI,FA,"RF,DH",0.5,+125,+145,+135,+145,+140,,,+135,,,,,+126,,,,,-165,-174,-180,-180,-185,,,-190,,,,,-174,,,,
2024-04-01,Bryson Stott,/mlb/props/bryson-stott-ss/,CIN at PHI,PHI,"2B,SS",0.5,+100,+110,+106,+110,+110,,,+105,,,,,+106,,,,,-135,-140,-145,-140,-145,,,-150,,,,,-145,,,,
2024-04-01,Will Benson,/mlb/props/will-benson/,CIN at PHI,CIN,"LF,CF,RF",0.5,+170,+190,+175,+190,+175,,,+175,,,,,+172,,,,,-230,-240,-245,-240,-245,,,-250,,,,,-244,,,,
2024-04-01,Brandon Marsh,/mlb/props/brandon-marsh/,CIN at PHI,PHI,"LF,CF,RF",0.5,+215,+220,+200,+220,+215,,,+200,,,,,+190,,,,,-300,-274,-285,-290,-300,,,-285,,,,,-274,,,,
2024-04-01,Trea Turner,/mlb/props/trea-turner/,CIN at PHI,PHI,SS,0.5,+125,+145,+135,+145,+135,,,+130,,,,,+126,,,,,-165,-174,-180,-180,-185,,,-180,,,,,-174,,,,
2024-04-01,Spencer Steer,/mlb/props/spencer-steer/,CIN at PHI,CIN,"1B,2B,LF,RF",0.5,-115,-105,-105,-105,-105,,,-105,,,,,-109,,,,,-115,-125,-125,-125,-130,,,-130,,,,,-125,,,,
2024-04-01,Christian Encarnacion-Strand,/mlb/props/christian-encarnacion-strand/,CIN at PHI,BAL,"1B,3B",0.5,+105,+110,+108,+110,+110,,,+105,,,,,+108,,,,,-140,-140,-145,-140,-145,,,-150,,,,,-148,,,,
2024-04-01,Luke Maile,/mlb/props/luke-maile/,CIN at PHI,KC,C,0.5,+120,+140,+135,+140,+135,,,+130,,,,,+129,,,,,-160,-170,-179,-170,-180,,,-180,,,,,-179,,,,
2024-04-01,Isaac Paredes,/mlb/props/isaac-paredes/,TEX at TB,HOU,"1B,3B,DH",0.5,+125,+125,+118,+125,+125,,,+115,,,,,+118,,,,,-165,-155,-160,-155,-165,,,-160,,,,,-163,,,,
2024-04-01,Curtis Mead,/mlb/props/curtis-meade/,TEX at TB,WSH,"1B,2B,3B",0.5,-110,-110,-115,-115,-110,,,,,,,,-115,,,,,-120,-115,-119,-115,-120,,,,,,,,-119,,,,
2024-04-01,Josh Jung,/mlb/props/josh-jung-3b/,TEX at TB,TEX,3B,0.5,+110,+120,+115,+120,+115,,,+110,,,,,+108,,,,,-145,-148,-150,-150,-155,,,-155,,,,,-148,,,,
2024-04-01,Adolis Garcia,/mlb/props/jose-adolis-garcia/,TEX at TB,PHI,RF,0.5,+150,+160,+150,+160,+150,,,+145,,,,,+143,,,,,-205,-199,-205,-200,-205,,,-215,,,,,-199,,,,
2024-04-01,Rene Pinto,/mlb/props/rene-pinto/,TEX at TB,PHI,C,0.5,+145,+155,+145,+155,+145,,,+140,,,,,+139,,,,,-195,-190,-195,-190,-195,,,-200,,,,,-194,,,,
2024-04-01,Austin Shenton,/mlb/props/austin-shenton/,TEX at TB,FA,1B,0.5,+155,+160,+155,+160,+155,,,,,,,,+146,,,,,-210,-200,-204,-200,-210,,,,,,,,-204,,,,
2024-04-01,Travis Jankowski,/mlb/props/travis-jankowski/,TEX at TB,FA,"LF,CF,RF",0.5,+110,+115,+110,+115,+110,,,+105,,,,,+110,,,,,-150,-145,-150,-145,-150,,,-150,,,,,-151,,,,
2024-04-01,Jonah Heim,/mlb/props/jonah-heim/,TEX at TB,ATH,"C,DH",0.5,+120,+135,+125,+135,+130,,,+125,,,,,+116,,,,,-160,-160,-165,-165,-170,,,-175,,,,,-160,,,,
2024-04-01,Harold Ramirez,/mlb/props/harold-ramirez-of/,TEX at TB,FA,"LF,RF,DH",0.5,-165,-155,-160,-155,-165,,,-160,,,,,-157,,,,,+125,+125,+115,+125,+125,,,+115,,,,,+114,,,,
2024-04-01,Amed Rosario,/mlb/props/amed-rosario/,TEX at TB,NYY,"2B,3B,OF",0.5,-150,-145,-150,-145,-150,,,-150,,,,,-154,,,,,+115,+115,+112,+115,+115,,,+105,,,,,+112,,,,
2024-04-01,Corey Seager,/mlb/props/corey-seager/,TEX at TB,TEX,SS,0.5,+100,+100,-105,-105,+100,,,-105,,,,,-108,,,,,-130,-125,-127,-125,-130,,,-130,,,,,-127,,,,
2024-04-01,Yandy Diaz,/mlb/props/yandy-diaz/,TEX at TB,TB,"1B,DH",0.5,-160,-151,-160,-160,-160,,,-160,,,,,-151,,,,,+120,+130,+120,+130,+120,,,+115,,,,,+110,,,,
2024-04-01,Jared Walsh,/mlb/props/jared-walsh/,TEX at TB,FA,"1B,RF",0.5,+195,+200,+190,+200,+190,,,+180,,,,,+184,,,,,-275,-250,-260,-250,-265,,,-260,,,,,-264,,,,
2024-04-01,Marcus Semien,/mlb/props/marcus-semien/,TEX at TB,NYM,2B,0.5,-105,-105,-105,-105,-105,,,-105,,,,,-108,,,,,-125,-125,-127,-125,-125,,,-130,,,,,-127,,,,
2024-04-01,Randy Arozarena,/mlb/props/randy-arozarena/,TEX at TB,SEA,"LF,CF",0.5,+105,+102,+100,+100,+100,,,+100,,,,,+102,,,,,-135,-130,-135,-130,-135,,,-135,,,,,-139,,,,
2024-04-01,Jose Caballero,/mlb/props/jose-caballero/,TEX at TB,NYY,"2B,3B,SS,LF,RF",0.5,+135,+140,+133,+140,+130,,,+125,,,,,+133,,,,,-180,-170,-175,-170,-175,,,-175,,,,,-184,,,,
2024-04-01,Richie Palacios,/mlb/props/richie-palacios/,TEX at TB,TB,"2B,LF",0.5,+105,+106,+105,+105,+105,,,+105,,,,,+106,,,,,-140,-135,-140,-135,-140,,,-140,,,,,-145,,,,
2024-04-01,Wyatt Langford,/mlb/props/wyatt-langford/,TEX at TB,TEX,"LF,CF",0.5,+120,+125,+115,+125,+120,,,+115,,,,,+110,,,,,-160,-151,-155,-155,-160,,,-160,,,,,-151,,,,
2024-04-01,Evan Carter,/mlb/props/evan-carter/,TEX at TB,TEX,"LF,CF,RF",0.5,+120,+130,+125,+130,+125,,,+120,,,,,+116,,,,,-155,-160,-165,-160,-165,,,-165,,,,,-160,,,,
2024-04-01,Jose Siri,/mlb/props/jose-siri/,TEX at TB,LAA,"LF,CF",0.5,+135,+140,+130,+140,+130,,,+125,,,,,+129,,,,,-180,-170,-175,-170,-170,,,-175,,,,,-179,,,,
2024-04-01,Leody Taveras,/mlb/props/leody-taveras-of/,TEX at TB,BAL,"CF,RF",0.5,+115,+120,+115,+120,+115,,,+110,,,,,+112,,,,,-155,-150,-154,-150,-155,,,-155,,,,,-154,,,,
2024-04-01,Brandon Lowe,/mlb/props/brandon-lowe/,TEX at TB,PIT,2B,0.5,+120,+125,+120,+125,+120,,,+115,,,,,+123,,,,,-160,-155,-160,-155,-160,,,-160,,,,,-169,,,,
2024-04-01,Jeff McNeil,/mlb/props/jeff-mcneil/,DET at NYM,ATH,"2B,LF,CF,RF",0.5,-125,-120,-123,-120,-125,,,-125,,,,,-123,,,,,-105,-105,-110,-110,-105,,,-110,,,,,-111,,,,
2024-04-01,Carson Kelly,/mlb/props/carson-kelly/,DET at NYM,CHC,C,0.5,+145,+155,+145,+155,+145,,,+135,,,,,+139,,,,,-195,-190,-194,-190,-195,,,-190,,,,,-194,,,,
2024-04-01,Mark Canha,/mlb/props/mark-canha/,DET at NYM,FA,"LF,RF",0.5,+100,+100,+100,+100,+100,,,+100,,,,,-101,,,,,-135,-130,-135,-130,-135,,,-135,,,,,-135,,,,
2024-04-01,Matt Vierling,/mlb/props/matt-vierling/,DET at NYM,DET,"LF,CF,RF",0.5,-125,-140,-145,-140,-145,,,-140,,,,,-148,,,,,-110,+110,+108,+110,+110,,,+105,,,,,+108,,,,
2024-04-01,Francisco Alvarez,/mlb/props/francisco-alvarez/,DET at NYM,NYM,"C,DH",0.5,+140,+130,+125,+130,+125,,,+120,,,,,+126,,,,,-185,-160,-165,-160,-170,,,-165,,,,,-174,,,,
2024-04-01,Riley Greene,/mlb/props/riley-greene-of/,DET at NYM,DET,"LF,CF,RF,DH",0.5,-110,+100,-103,-110,+100,,,-110,,,,,-103,,,,,-120,-120,-125,-120,-130,,,-125,,,,,-133,,,,
2024-04-01,Javier Baez,/mlb/props/javier-baez/,DET at NYM,DET,"2B,3B,SS,CF",0.5,+105,+100,+100,-105,+100,,,-105,,,,,+100,,,,,-135,-125,-130,-125,-135,,,-130,,,,,-137,,,,
2024-04-01,Andy Ibanez,/mlb/props/andy-ibanez/,DET at NYM,NYM,"2B,3B",0.5,-125,-115,-120,-115,-120,,,-115,,,,,-125,,,,,-110,-109,-110,-115,-110,,,-115,,,,,-109,,,,
2024-04-01,Brandon Nimmo,/mlb/props/brandon-nimmo/,DET at NYM,TEX,"LF,CF,RF,DH",0.5,+105,+110,+105,+105,+110,,,+105,,,,,+100,,,,,-140,-135,-140,-135,-145,,,-140,,,,,-137,,,,
2024-04-01,Jake Rogers,/mlb/props/jake-rogers/,DET at NYM,DET,C,0.5,+155,+155,+145,+155,+145,,,+140,,,,,+139,,,,,-210,-190,-195,-190,-195,,,-200,,,,,-194,,,,
2024-04-01,DJ Stewart,/mlb/props/dj-stewart/,DET at NYM,PIT,"LF,RF",0.5,+195,+200,+190,+200,+195,,,+180,,,,,+190,,,,,-275,-250,-260,-250,-270,,,-260,,,,,-274,,,,
2024-04-01,Gio Urshela,/mlb/props/giovanny-urshela/,DET at NYM,FA,3B,0.5,-155,-150,-154,-150,-155,,,-155,,,,,-154,,,,,+115,+120,+115,+120,+115,,,+110,,,,,+112,,,,
2024-04-01,Parker Meadows,/mlb/props/parker-meadows/,DET at NYM,DET,CF,0.5,+155,+165,+159,+165,+165,,,+150,,,,,+159,,,,,-215,-210,-220,-210,-220,,,-220,,,,,-224,,,,
2024-04-01,Spencer Torkelson,/mlb/props/spencer-torkelson-if/,DET at NYM,DET,1B,0.5,+115,+115,+110,+115,+115,,,+110,,,,,+106,,,,,-150,-145,-145,-145,-155,,,-155,,,,,-145,,,,
2024-04-01,Colt Keith,/mlb/props/colt-keith/,DET at NYM,DET,"1B,2B,3B,DH",0.5,+105,+110,+105,+110,+110,,,+105,,,,,+102,,,,,-140,-139,-140,-140,-145,,,-140,,,,,-139,,,,
2024-04-01,Francisco Lindor,/mlb/props/francisco-lindor/,DET at NYM,NYM,SS,0.5,+130,+140,+135,+140,+135,,,+125,,,,,+129,,,,,-175,-170,-175,-170,-180,,,-175,,,,,-179,,,,
2024-04-01,Brett Baty,/mlb/props/brett-baty/,DET at NYM,NYM,"1B,2B,3B,RF",0.5,+140,+150,+143,+150,+145,,,+135,,,,,+143,,,,,-185,-185,-190,-185,-195,,,-190,,,,,-199,,,,
2024-04-01,Harrison Bader,/mlb/props/harrison-bader/,DET at NYM,SF,"LF,CF,RF",0.5,+120,+125,+120,+125,+120,,,+115,,,,,+116,,,,,-165,-155,-160,-155,-160,,,-160,,,,,-160,,,,
2024-04-01,Pete Alonso,/mlb/props/peter-alonso/,DET at NYM,BAL,"1B,DH",0.5,+120,+125,+120,+125,+125,,,+115,,,,,+120,,,,,-160,-155,-160,-155,-165,,,-160,,,,,-166,,,,
2024-04-01,Starling Marte,/mlb/props/starling-marte/,DET at NYM,KC,"LF,RF,DH",0.5,-140,-120,-125,-120,-120,,,-125,,,,,-129,,,,,+105,-106,-110,-110,-110,,,-110,,,,,-106,,,,
2024-04-01,Joey Wendle,/mlb/props/joe-wendle/,DET at NYM,FA,"2B,SS",0.5,+110,+110,+106,+110,+110,,,+105,,,,,+106,,,,,-145,-140,-145,-140,-145,,,-150,,,,,-145,,,,
2024-04-01,Yainer Diaz,/mlb/props/yainer-diaz-c/,TOR at HOU,HOU,"C,DH",0.5,-105,-105,-109,-110,-105,,,-110,,,,,-109,,,,,-125,-120,-125,-120,-125,,,-125,,,,,-125,,,,
2024-04-01,Daniel Vogelbach,/mlb/props/dan-vogelbach/,TOR at HOU,FA,DH,0.5,+150,+155,+150,+155,+150,,,+140,,,,,+143,,,,,-205,-190,-199,-190,-205,,,-200,,,,,-199,,,,
2024-04-01,Justin Turner,/mlb/props/justin-turner/,TOR at HOU,FA,"1B,3B",0.5,+105,+106,+105,+105,+105,,,+105,,,,,+106,,,,,-140,-135,-140,-135,-140,,,-140,,,,,-145,,,,
2024-04-01,Bo Bichette,/mlb/props/bo-bichette/,TOR at HOU,NYM,"3B,SS",0.5,-150,-150,-151,-150,-150,,,-155,,,,,-151,,,,,+110,+120,+110,+120,+110,,,+110,,,,,+110,,,,
2024-04-01,Jose Abreu,/mlb/props/jose-dariel-abreu/,TOR at HOU,FA,1B,0.5,+100,+100,+100,+100,+100,,,+100,,,,,-103,,,,,-135,-130,-133,-130,-135,,,-135,,,,,-133,,,,
2024-04-01,Kevin Kiermaier,/mlb/props/kevin-kiermaier/,TOR at HOU,FA,CF,0.5,+110,+115,+110,+115,+110,,,+105,,,,,+106,,,,,-145,-145,-145,-145,-145,,,-150,,,,,-145,,,,
2024-04-01,George Springer,/mlb/props/george-springer/,TOR at HOU,TOR,"LF,CF,RF,DH",0.5,-125,-115,-120,-115,-120,,,-120,,,,,-125,,,,,-105,-109,-110,-115,-110,,,-115,,,,,-109,,,,
2024-04-01,Alejandro Kirk,/mlb/props/alejandro-kirk/,TOR at HOU,TOR,C,0.5,-120,-120,-121,-120,-125,,,-125,,,,,-121,,,,,-110,-105,-110,-110,-105,,,-110,,,,,-113,,,,
2024-04-01,Yordan Alvarez,/mlb/props/yordan-alvarez/,TOR at HOU,HOU,"LF,DH",0.5,+150,+145,+135,+145,+135,,,+130,,,,,+126,,,,,-200,-174,-180,-180,-185,,,-180,,,,,-174,,,,
2024-04-01,Jose Altuve,/mlb/props/jose-altuve/,TOR at HOU,HOU,"2B,LF,DH",0.5,-125,-115,-120,-115,-120,,,-115,,,,,-127,,,,,-105,-108,-110,-115,-110,,,-115,,,,,-108,,,,
2024-04-01,Chas McCormick,/mlb/props/chas-mccormick/,TOR at HOU,CHC,"LF,CF,RF",0.5,+125,+125,+120,+125,+120,,,+115,,,,,+120,,,,,-165,-155,-160,-155,-160,,,-160,,,,,-166,,,,
2024-04-01,Alex Bregman,/mlb/props/alex-bregman/,TOR at HOU,CHC,"3B,DH",0.5,+100,+110,+105,+110,+105,,,+105,,,,,-101,,,,,-135,-135,-140,-140,-140,,,-150,,,,,-135,,,,
2024-04-01,Isiah Kiner-Falefa,/mlb/props/isiah-kiner-falefa/,TOR at HOU,BOS,"2B,3B,SS",0.5,-105,+105,+100,+100,+105,,,+100,,,,,+100,,,,,-130,-130,-135,-130,-135,,,-135,,,,,-137,,,,
2024-04-01,Jake Meyers,/mlb/props/jacob-meyers/,TOR at HOU,HOU,CF,0.5,+150,+165,+155,+165,+155,,,+150,,,,,+143,,,,,-205,-199,-210,-210,-210,,,-220,,,,,-199,,,,
2024-04-01,Vladimir Guerrero Jr.,/mlb/props/vladimir-guerrero-jr/,TOR at HOU,TOR,"1B,DH",0.5,+100,+100,+100,+100,+100,,,+100,,,,,-103,,,,,-135,-130,-133,-130,-135,,,-135,,,,,-133,,,,
2024-04-01,Jeremy Pena,/mlb/props/jeremy-pena/,TOR at HOU,HOU,SS,0.5,-110,+100,-101,-105,+100,,,-105,,,,,-101,,,,,-120,-125,-130,-125,-135,,,-130,,,,,-135,,,,
2024-04-01,Cavan Biggio,/mlb/props/cavan-biggio/,TOR at HOU,HOU,"1B,2B,RF",0.5,+175,+175,+170,+170,+175,,,+160,,,,,+159,,,,,-235,-220,-225,-220,-235,,,-225,,,,,-224,,,,
2024-04-01,Kyle Tucker,/mlb/props/kyle-tucker/,TOR at HOU,LAD,"RF,DH",0.5,+120,+110,+105,+105,+110,,,+105,,,,,+104,,,,,-155,-135,-140,-135,-145,,,-140,,,,,-142,,,,
2024-04-01,Ernie Clement,/mlb/props/ernie-clement/,TOR at HOU,TOR,"1B,2B,3B,SS",0.5,+100,+100,+100,+100,+100,,,+100,,,,,-101,,,,,-135,-130,-135,-130,-135,,,-135,,,,,-135,,,,
2024-04-01,Daulton Varsho,/mlb/props/daulton-varsho/,TOR at HOU,TOR,"LF,CF",0.5,+150,+160,+155,+160,+155,,,+145,,,,,+143,,,,,-205,-199,-210,-200,-210,,,-215,,,,,-199,,,,
2024-04-01,Brayan Rocchio,/mlb/props/brayan-rocchio/,CLE at SEA,CLE,"2B,SS",0.5,+100,+105,+100,+105,+105,,,+100,,,,,+100,,,,,-135,-135,-135,-135,-135,,,-135,,,,,-137,,,,
2024-04-01,Andres Gimenez,/mlb/props/andres-giminez/,CLE at SEA,TOR,"2B,SS",0.5,-120,-115,-120,-115,-120,,,-120,,,,,-121,,,,,-110,-110,-113,-115,-110,,,-115,,,,,-113,,,,
2024-04-01,J.P. Crawford,/mlb/props/jp-crawford/,CLE at SEA,SEA,"3B,SS",0.5,+140,+145,+136,+145,+140,,,+130,,,,,+136,,,,,-190,-180,-185,-180,-185,,,-180,,,,,-189,,,,
2024-04-01,Josh Rojas,/mlb/props/josh-rojas/,CLE at SEA,KC,"2B,3B",0.5,+150,+155,+146,+155,+150,,,+140,,,,,+146,,,,,-205,-190,-200,-190,-205,,,-200,,,,,-204,,,,
2024-04-01,Will Brennan,/mlb/props/will-brennan/,CLE at SEA,SF,"LF,CF,RF",0.5,-155,-130,-135,-130,-135,,,-135,,,,,-139,,,,,+115,+105,+102,+100,+105,,,+100,,,,,+102,,,,
2024-04-01,Cal Raleigh,/mlb/props/caleb-raleigh/,CLE at SEA,SEA,"C,DH",0.5,+190,+215,+200,+215,+210,,,+200,,,,,+190,,,,,-265,-274,-285,-280,-295,,,-285,,,,,-274,,,,
2024-04-01,Steven Kwan,/mlb/props/steven-kwan/,CLE at SEA,CLE,"LF,CF",0.5,-185,-179,-180,-180,-180,,,-180,,,,,-179,,,,,+140,+145,+135,+145,+135,,,+130,,,,,+129,,,,
2024-04-01,Dominic Canzone,/mlb/props/dominic-canzone/,CLE at SEA,SEA,"LF,RF,DH",0.5,+165,+170,+165,+170,+165,,,+160,,,,,+159,,,,,-225,-220,-224,-220,-225,,,-225,,,,,-224,,,,
2024-04-01,Bo Naylor,/mlb/props/bo-naylor/,CLE at SEA,CLE,C,0.5,+135,+160,+150,+160,+150,,,+145,,,,,+136,,,,,-180,-189,-200,-200,-205,,,-215,,,,,-189,,,,
2024-04-01,Tyler Freeman,/mlb/props/tyler-freeman-ss/,CLE at SEA,COL,"2B,RF,DH",0.5,-110,-113,-115,-115,-120,,,-120,,,,,-113,,,,,-120,-110,-115,-115,-110,,,-115,,,,,-121,,,,
2024-04-01,Ty France,/mlb/props/tyler-france/,CLE at SEA,SD,1B,0.5,+125,+135,+130,+135,+130,,,+120,,,,,+123,,,,,-165,-165,-169,-165,-170,,,-165,,,,,-169,,,,
2024-04-01,Julio Rodriguez,/mlb/props/julio-rodriguez-of/,CLE at SEA,SEA,CF,0.5,+115,+120,+115,+120,+115,,,+110,,,,,+114,,,,,-150,-150,-155,-150,-155,,,-155,,,,,-157,,,,
2024-04-01,Josh Naylor,/mlb/props/josh-naylor/,CLE at SEA,SEA,"1B,DH",0.5,-130,-125,-127,-125,-130,,,-130,,,,,-127,,,,,+100,-105,-105,-105,-105,,,-105,,,,,-108,,,,
2024-04-01,Mitch Garver,/mlb/props/mitch-garver/,CLE at SEA,SEA,"C,DH",0.5,+165,+180,+165,+180,+175,,,+165,,,,,+159,,,,,-225,-224,-230,-230,-240,,,-240,,,,,-224,,,,
2024-04-01,Luis Urias,/mlb/props/luis-urias/,CLE at SEA,TOR,"2B,3B",0.5,+190,+200,+190,+200,+190,,,+180,,,,,+178,,,,,-260,-250,-260,-250,-265,,,-260,,,,,-254,,,,
2024-04-01,Ramon Laureano,/mlb/props/ramon-laureano/,CLE at SEA,SD,"LF,CF,RF",0.5,+120,+130,+125,+130,+125,,,+120,,,,,+118,,,,,-165,-160,-163,-160,-165,,,-165,,,,,-163,,,,
2024-04-01,Mitch Haniger,/mlb/props/mitch-haniger/,CLE at SEA,FA,RF,0.5,+165,+170,+165,+170,+165,,,+160,,,,,+159,,,,,-225,-220,-224,-220,-225,,,-225,,,,,-224,,,,
2024-04-01,Luke Raley,/mlb/props/lucas-raley/,CLE at SEA,SEA,"1B,LF,CF,RF",0.5,+240,+225,+213,+225,+225,,,+200,,,,,+213,,,,,-350,-300,-314,-300,-320,,,-300,,,,,-314,,,,
2024-04-01,Jose Ramirez,/mlb/props/jose-ramirez/,CLE at SEA,CLE,"3B,DH",0.5,-115,-115,-115,-115,-115,,,-115,,,,,-125,,,,,-115,-109,-115,-115,-115,,,-115,,,,,-109,,,,
2024-04-01,Jorge Polanco,/mlb/props/jorge-polanco/,CLE at SEA,NYM,"2B,3B,DH",0.5,+205,+200,+190,+200,+195,,,+180,,,,,+190,,,,,-285,-250,-260,-250,-270,,,-260,,,,,-274,,,,
2024-04-01,Dylan Moore,/mlb/props/dylan-moore/,CLE at SEA,PHI,"1B,2B,3B,LF,RF",0.5,+280,+280,+262,+280,+280,,,+240,,,,,+262,,,,,-425,-380,-404,-380,-425,,,-425,,,,,-404,,,,
2024-04-01,Ha-Seong Kim,/mlb/props/ha-seong-kim/,STL at SD,ATL,"2B,SS",0.5,+100,+105,+102,+105,+105,,,+100,,,,,+102,,,,,-130,-135,-139,-135,-140,,,-135,,,,,-139,,,,
2024-04-01,Fernando Tatis Jr.,/mlb/props/fernando-tatis-jr/,STL at SD,SD,"2B,RF",0.5,-120,-115,-120,-115,-120,,,-115,,,,,-125,,,,,-110,-109,-110,-115,-110,,,-115,,,,,-109,,,,
2024-04-01,Tyler Wade,/mlb/props/tyler-wade/,STL at SD,FA,"2B,LF,CF",0.5,-105,+100,-105,-105,+100,,,-105,,,,,-111,,,,,-125,-123,-125,-125,-130,,,-130,,,,,-123,,,,
2024-04-01,Luis Campusano,/mlb/props/luis-campusano/,STL at SD,SD,"C,DH",0.5,-120,-115,-120,-115,-120,,,-120,,,,,-125,,,,,-110,-109,-110,-115,-110,,,-115,,,,,-109,,,,
2024-04-01,Xander Bogaerts,/mlb/props/xander-bogaerts/,STL at SD,SD,SS,0.5,-135,-125,-130,-125,-135,,,-130,,,,,-135,,,,,+100,+100,-101,-105,+100,,,-105,,,,,-101,,,,
2024-04-01,Graham Pauley,/mlb/props/graham-pauley/,STL at SD,MIA,"1B,3B",0.5,+105,+105,+105,+105,+105,,,+105,,,,,+102,,,,,-140,-135,-139,-135,-140,,,-140,,,,,-139,,,,
2024-04-01,Jurickson Profar,/mlb/props/jurickson-profar/,STL at SD,ATL,LF,0.5,-120,-115,-115,-115,-115,,,-115,,,,,-121,,,,,-110,-113,-115,-115,-115,,,-115,,,,,-113,,,,
2024-04-01,Jackson Merrill,/mlb/props/jackson-merrill/,STL at SD,SD,CF,0.5,+100,+100,+100,+100,+100,,,+100,,,,,-101,,,,,-130,-130,-130,-130,-130,,,-135,,,,,-135,,,,
2024-04-01,Matt Carpenter,/mlb/props/matt-carpenter/,STL at SD,FA,"1B,DH",0.5,+170,+175,+170,+175,+170,,,+165,,,,,+165,,,,,-230,-225,-234,-225,-230,,,-240,,,,,-234,,,,
2024-04-01,Willson Contreras,/mlb/props/willson-contreras/,STL at SD,BOS,1B,0.5,+100,+100,+100,+100,+100,,,+100,,,,,-103,,,,,-135,-130,-133,-130,-135,,,-135,,,,,-133,,,,
2024-04-01,Alec Burleson,/mlb/props/alec-burleson/,STL at SD,STL,"1B,LF,RF,DH",0.5,-115,-115,-117,-115,-115,,,-120,,,,,-117,,,,,-115,-115,-115,-115,-115,,,-115,,,,,-117,,,,
2024-04-01,Jake Cronenworth,/mlb/props/jacob-cronenworth/,STL at SD,SD,"1B,2B,SS",0.5,-135,-130,-135,-130,-135,,,-135,,,,,-137,,,,,+105,+105,+100,+100,+105,,,+100,,,,,+100,,,,
2024-04-01,Manny Machado,/mlb/props/manny-machado/,STL at SD,SD,"3B,DH",0.5,-115,-115,-115,-115,-115,,,-115,,,,,-117,,,,,-115,-115,-117,-115,-115,,,-120,,,,,-117,,,,
2024-04-01,Nolan Gorman,/mlb/props/nolan-gorman/,STL at SD,STL,"2B,3B,DH",0.5,+145,+155,+145,+155,+145,,,+140,,,,,+143,,,,,-195,-190,-195,-190,-195,,,-200,,,,,-199,,,,
2024-04-01,Nolan Arenado,/mlb/props/nolan-arenado/,STL at SD,ARI,3B,0.5,-110,-110,-115,-115,-110,,,-115,,,,,-115,,,,,-120,-115,-119,-115,-120,,,-120,,,,,-119,,,,
2024-04-01,Jordan Walker,/mlb/props/jordan-walker/,STL at SD,STL,"LF,RF",0.5,-110,-110,-113,-115,-110,,,-115,,,,,-113,,,,,-120,-115,-120,-115,-120,,,-115,,,,,-121,,,,
2024-04-01,Victor Scott,/mlb/props/victor-scott/,STL at SD,STL,CF,0.5,+105,+102,+100,+100,+100,,,+100,,,,,+102,,,,,-140,-130,-135,-130,-135,,,-135,,,,,-139,,,,
2024-04-01,Paul Goldschmidt,/mlb/props/paul-goldschmidt/,STL at SD,NYY,"1B,DH",0.5,-120,-115,-120,-115,-115,,,-120,,,,,-123,,,,,-110,-111,-115,-115,-115,,,-115,,,,,-111,,,,
2024-04-01,Brendan Donovan,/mlb/props/brendan-donovan/,STL at SD,SEA,"2B,3B,SS,LF",0.5,-160,-150,-155,-150,-160,,,-155,,,,,-157,,,,,+120,+120,+114,+120,+120,,,+110,,,,,+114,,,,
2024-04-01,Masyn Winn,/mlb/props/masyn-winn-p/,STL at SD,STL,SS,0.5,+110,+120,+115,+120,+115,,,+110,,,,,+108,,,,,-145,-148,-150,-150,-155,,,-155,,,,,-148,,,,
2024-04-01,Shea Langeliers,/mlb/props/shea-langeliers/,BOS at ATH,ATH,"C,DH",0.5,+180,+180,+165,+180,+180,,,+165,,,,,+165,,,,,-245,-230,-240,-230,-245,,,-240,,,,,-234,,,,
2024-04-01,Triston Casas,/mlb/props/triston-casas/,BOS at ATH,BOS,1B,0.5,+145,+145,+135,+145,+135,,,+130,,,,,+129,,,,,-195,-179,-180,-180,-180,,,-180,,,,,-179,,,,
2024-04-01,Masataka Yoshida,/mlb/props/masataka-yoshida/,BOS at ATH,BOS,"LF,DH",0.5,-115,-115,-115,-115,-115,,,-115,,,,,-115,,,,,-115,-115,-115,-115,-115,,,-115,,,,,-119,,,,
2024-04-01,Tyler O'Neill,/mlb/props/tyler-oneill/,BOS at ATH,BAL,"LF,RF",0.5,+120,+118,+115,+115,+115,,,+110,,,,,+118,,,,,-160,-145,-155,-145,-150,,,-155,,,,,-163,,,,
2024-04-01,Nick Allen,/mlb/props/nick-allen-ss/,BOS at ATH,HOU,"2B,3B,SS",0.5,+110,+110,+105,+110,+110,,,+105,,,,,+102,,,,,-145,-139,-145,-140,-145,,,-150,,,,,-139,,,,
2024-04-01,Darell Hernaiz,/mlb/props/darell-hernaiz/,BOS at ATH,ATH,"2B,3B,SS",0.5,+140,+145,+136,+145,+140,,,+130,,,,,+136,,,,,-190,-180,-189,-180,-190,,,-180,,,,,-189,,,,
2024-04-01,Enmanuel Valdez,/mlb/props/enmanuel-valdez/,BOS at ATH,PIT,1B,0.5,+155,+150,+145,+150,+145,,,+135,,,,,+146,,,,,-210,-185,-195,-185,-195,,,-190,,,,,-204,,,,
2024-04-01,Seth Brown,/mlb/props/seth-brown/,BOS at ATH,FA,"1B,LF,CF,RF",0.5,+140,+140,+135,+140,+135,,,+130,,,,,+129,,,,,-190,-170,-179,-170,-180,,,-180,,,,,-179,,,,
2024-04-01,Jarren Duran,/mlb/props/jarren-duran/,BOS at ATH,BOS,"LF,CF,DH",0.5,-105,-105,-108,-110,-105,,,-110,,,,,-108,,,,,-125,-120,-125,-120,-125,,,-125,,,,,-127,,,,
2024-04-01,Connor Wong,/mlb/props/connor-wong/,BOS at ATH,BOS,C,0.5,+155,+160,+152,+160,+155,,,+145,,,,,+152,,,,,-210,-200,-210,-200,-210,,,-215,,,,,-214,,,,
2024-04-01,Brent Rooker,/mlb/props/brent-rooker/,BOS at ATH,ATH,"LF,RF,DH",0.5,+150,+160,+155,+160,+155,,,+145,,,,,+146,,,,,-205,-200,-205,-200,-205,,,-215,,,,,-204,,,,
2024-04-01,Ceddanne Rafaela,/mlb/props/ceddanne-rafaela/,BOS at ATH,BOS,"2B,CF",0.5,+120,+130,+120,+130,+120,,,,,,,,+118,,,,,-155,-160,-163,-160,-165,,,,,,,,-163,,,,
2024-04-01,J.D. Davis,/mlb/props/jd-davis/,BOS at ATH,FA,"1B,3B",0.5,+115,+115,+110,+115,+110,,,+105,,,,,+112,,,,,-155,-145,-150,-145,-145,,,-150,,,,,-154,,,,
2024-04-01,Reese McGuire,/mlb/props/reese-mcguire/,BOS at ATH,FA,C,0.5,+120,+125,+120,+125,+120,,,+115,,,,,+116,,,,,-160,-155,-160,-155,-160,,,-160,,,,,-160,,,,
2024-04-01,JJ Bleday,/mlb/props/jj-bleday/,BOS at ATH,CIN,"LF,CF,RF,DH",0.5,+155,+160,+150,+160,+150,,,+140,,,,,+146,,,,,-210,-200,-204,-200,-205,,,-200,,,,,-204,,,,
2024-04-01,Rafael Devers,/mlb/props/rafael-devers/,BOS at ATH,SF,"1B,DH",0.5,+100,-105,-108,-105,-105,,,-110,,,,,-108,,,,,-135,-125,-125,-125,-125,,,-125,,,,,-127,,,,
2024-04-01,Ryan Noda,/mlb/props/ryan-noda/,BOS at ATH,BAL,1B,0.5,+170,+170,+165,+170,+170,,,+160,,,,,+165,,,,,-235,-220,-225,-220,-235,,,-225,,,,,-234,,,,
2024-04-01,Zack Gelof,/mlb/props/zack-gelof/,BOS at ATH,ATH,"2B,3B,CF",0.5,+105,+110,+106,+110,+110,,,+105,,,,,+106,,,,,-140,-140,-145,-140,-145,,,-150,,,,,-145,,,,
2024-04-01,Abraham Toro,/mlb/props/abraham-toro/,BOS at ATH,KC,"1B,2B,3B",0.5,+145,+155,+145,+155,+145,,,+140,,,,,+136,,,,,-190,-189,-190,-190,-190,,,-200,,,,,-189,,,,
2024-04-01,Lawrence Butler,/mlb/props/lawrence-butler/,BOS at ATH,ATH,"CF,RF",0.5,+170,+170,+160,+170,+170,,,+160,,,,,+159,,,,,-235,-220,-225,-220,-235,,,-225,,,,,-224,,,,
2024-04-01,Trevor Story,/mlb/props/trevor-story/,BOS at ATH,BOS,SS,0.5,+110,+110,+110,+110,+110,,,+105,,,,,+110,,,,,-150,-140,-150,-140,-150,,,-150,,,,,-151,,,,
2024-04-01,Austin Wells,/mlb/props/austin-wells/,NYY at ARI,NYY,C,0.5,+115,+115,+115,+115,+115,,,,,,,,+110,,,,,-150,-145,-150,-145,-150,,,,,,,,-151,,,,
2024-04-01,Christian Walker,/mlb/props/christian-walker/,NYY at ARI,HOU,1B,0.5,+140,+150,+135,+150,+145,,,+135,,,,,+129,,,,,-185,-179,-185,-185,-195,,,-190,,,,,-179,,,,
2024-04-01,Gleyber Torres,/mlb/props/gleyber-torres/,NYY at ARI,DET,2B,0.5,-130,-125,-130,-125,-130,,,-130,,,,,-133,,,,,+100,+100,-103,-105,+100,,,-105,,,,,-103,,,,
2024-04-01,Joc Pederson,/mlb/props/joc-pederson/,NYY at ARI,TEX,DH,0.5,+145,+150,+145,+150,+145,,,+135,,,,,+139,,,,,-195,-185,-190,-185,-195,,,-190,,,,,-194,,,,
2024-04-01,Ketel Marte,/mlb/props/ketel-marte/,NYY at ARI,ARI,"2B,DH",0.5,-115,-110,-115,-115,-110,,,-115,,,,,-115,,,,,-115,-115,-119,-115,-120,,,-120,,,,,-119,,,,
2024-04-01,Geraldo Perdomo,/mlb/props/geraldo-perdomo/,NYY at ARI,ARI,SS,0.5,+130,+155,+145,+155,+145,,,+140,,,,,+139,,,,,-175,-190,-195,-190,-195,,,-200,,,,,-194,,,,
2024-04-01,Alex Verdugo,/mlb/props/alex-verdugo/,NYY at ARI,FA,"LF,RF",0.5,-115,-115,-120,-115,-115,,,-120,,,,,-121,,,,,-115,-113,-115,-115,-115,,,-115,,,,,-113,,,,
2024-04-01,Eugenio Suarez,/mlb/props/eugenio-suarez/,NYY at ARI,CIN,"3B,DH",0.5,+185,+190,+180,+190,+180,,,+175,,,,,+172,,,,,-260,-240,-245,-240,-245,,,-250,,,,,-244,,,,
2024-04-01,Corbin Carroll,/mlb/props/corbin-carroll-of/,NYY at ARI,ARI,"CF,RF",0.5,-110,+105,+105,+105,+105,,,+105,,,,,+100,,,,,-120,-135,-137,-135,-140,,,-140,,,,,-137,,,,
2024-04-01,Lourdes Gurriel Jr.,/mlb/props/lourdes-gurriel-jr/,NYY at ARI,ARI,"LF,DH",0.5,-110,-104,-105,-105,-105,,,-105,,,,,-104,,,,,-120,-125,-130,-125,-130,,,-130,,,,,-131,,,,
2024-04-01,Anthony Volpe,/mlb/props/anthony-volpe/,NYY at ARI,NYY,SS,0.5,+110,+110,+100,+100,+110,,,+100,,,,,+100,,,,,-145,-130,-137,-130,-145,,,-135,,,,,-137,,,,
2024-04-01,Oswaldo Cabrera,/mlb/props/oswaldo-cabrera/,NYY at ARI,NYY,3B,0.5,+110,+110,+108,+110,+110,,,+105,,,,,+108,,,,,-145,-140,-145,-140,-145,,,-150,,,,,-148,,,,
2024-04-01,Aaron Judge,/mlb/props/aaron-judge/,NYY at ARI,NYY,"LF,CF,RF,DH",0.5,+150,+150,+145,+150,+145,,,+135,,,,,+136,,,,,-200,-185,-189,-185,-190,,,-190,,,,,-189,,,,
2024-04-01,Gabriel Moreno,/mlb/props/gabriel-moreno/,NYY at ARI,ARI,C,0.5,-105,-105,-105,-105,-105,,,-105,,,,,-111,,,,,-125,-123,-125,-125,-125,,,-130,,,,,-123,,,,
2024-04-01,Jake McCarthy,/mlb/props/jake-mccarthy/,NYY at ARI,COL,"LF,CF,RF",0.5,-105,-105,-105,-105,-105,,,-105,,,,,-109,,,,,-125,-125,-125,-125,-125,,,-130,,,,,-125,,,,
2024-04-01,Anthony Rizzo,/mlb/props/anthony-rizzo/,NYY at ARI,FA,1B,0.5,+110,+106,+105,+105,+105,,,+105,,,,,+106,,,,,-145,-135,-140,-135,-140,,,-140,,,,,-145,,,,
2024-04-01,Giancarlo Stanton,/mlb/props/giancarlo-stanton/,NYY at ARI,NYY,"LF,RF,DH",0.5,+125,+125,+116,+125,+115,,,+115,,,,,+116,,,,,-165,-155,-160,-155,-155,,,-160,,,,,-160,,,,
2024-04-01,Juan Soto,/mlb/props/juan-soto/,NYY at ARI,NYM,"LF,RF,DH",0.5,+100,+100,-103,-110,+100,,,-110,,,,,-103,,,,,-130,-120,-125,-120,-130,,,-125,,,,,-133,,,,
2024-04-01,Wilmer Flores,/mlb/props/wilmer-flores/,SF at LAD,FA,"1B,DH",0.5,+140,+145,+140,+145,+140,,,+135,,,,,+136,,,,,-190,-180,-189,-180,-190,,,-190,,,,,-189,,,,
2024-04-01,Matt Chapman,/mlb/props/matt-chapman/,SF at LAD,SF,3B,0.5,+160,+160,+152,+160,+150,,,+145,,,,,+152,,,,,-220,-200,-205,-200,-205,,,-215,,,,,-214,,,,
2024-04-01,Max Muncy,/mlb/props/max-muncy/,SF at LAD,LAD,3B,0.5,+165,+165,+152,+165,+165,,,+150,,,,,+152,,,,,-220,-210,-214,-210,-220,,,-220,,,,,-214,,,,
2024-04-01,Will Smith,/mlb/props/will-smith-c/,SF at LAD,LAD,C,0.5,-125,-120,-121,-120,-125,,,-125,,,,,-121,,,,,-105,-105,-110,-110,-105,,,-110,,,,,-113,,,,
2024-04-01,Luis Matos,/mlb/props/luis-matos/,SF at LAD,MIL,"LF,CF,RF",0.5,+110,+110,+108,+110,+110,,,+105,,,,,+108,,,,,-145,-140,-145,-140,-145,,,-140,,,,,-148,,,,
2024-04-01,Jorge Soler,/mlb/props/jorge-soler/,SF at LAD,LAA,"RF,DH",0.5,+160,+170,+165,+170,+165,,,+160,,,,,+159,,,,,-215,-220,-225,-220,-230,,,-225,,,,,-224,,,,
2024-04-01,Jason Heyward,/mlb/props/jason-heyward/,SF at LAD,FA,"LF,RF",0.5,+130,+125,+120,+125,+120,,,+115,,,,,+123,,,,,-170,-155,-160,-155,-160,,,-160,,,,,-169,,,,
2024-04-01,Tyler Fitzgerald,/mlb/props/tyler-fitzgerald/,SF at LAD,FA,2B,0.5,+180,+180,+172,,+180,,,+165,,,,,+172,,,,,-245,-240,-244,,-245,,,-240,,,,,-244,,,,
2024-04-01,Chris Taylor,/mlb/props/chris-taylor/,SF at LAD,FA,"2B,LF,CF,RF",0.5,+140,+150,+140,+150,+140,,,+135,,,,,+136,,,,,-190,-185,-189,-185,-190,,,-190,,,,,-189,,,,
2024-04-01,Patrick Bailey,/mlb/props/patrick-bailey/,SF at LAD,CLE,C,0.5,+135,+130,+125,+130,+125,,,+120,,,,,+129,,,,,-180,-160,-165,-160,-165,,,-165,,,,,-179,,,,
2024-04-01,Nick Ahmed,/mlb/props/nick-ahmed/,SF at LAD,FA,SS,0.5,+160,+160,+155,+160,+155,,,+145,,,,,+143,,,,,-215,-199,-210,-200,-210,,,-215,,,,,-199,,,,
2024-04-01,Tom Murphy,/mlb/props/tom-murphy/,SF at LAD,FA,C,0.5,+145,+155,+145,+155,+145,,,+140,,,,,+139,,,,,-195,-190,-194,-190,-200,,,-200,,,,,-194,,,,
2024-04-01,Shohei Ohtani,/mlb/props/shohei-ohtani/,SF at LAD,LAD,"SP,DH",0.5,+100,-105,-109,-115,-105,,,-115,,,,,-109,,,,,-130,-115,-120,-115,-125,,,-120,,,,,-125,,,,
2024-04-01,Michael Conforto,/mlb/props/michael-conforto/,SF at LAD,CHC,"LF,RF,DH",0.5,+125,+120,+115,+120,+115,,,+110,,,,,+120,,,,,-170,-150,-155,-150,-155,,,-155,,,,,-166,,,,
2024-04-01,Mookie Betts,/mlb/props/mookie-betts/,SF at LAD,LAD,SS,0.5,-120,-125,-129,-125,-130,,,-130,,,,,-129,,,,,-110,-105,-105,-105,-105,,,-105,,,,,-106,,,,
2024-04-01,Thairo Estrada,/mlb/props/thairo-estrada/,SF at LAD,FA,2B,0.5,+105,+110,+105,+110,+110,,,+105,,,,,+100,,,,,-140,-137,-140,-140,-145,,,-140,,,,,-137,,,,
2024-04-01,Jung Hoo Lee,/mlb/props/jung-lee/,SF at LAD,SF,"CF,RF",0.5,-160,-157,-160,-160,-160,,,-165,,,,,-157,,,,,+120,+130,+120,+130,+120,,,+120,,,,,+114,,,,
2024-04-01,Teoscar Hernandez,/mlb/props/teoscar-hernandez/,SF at LAD,LAD,"LF,RF",0.5,+125,+120,+115,+120,+115,,,+110,,,,,+112,,,,,-165,-150,-154,-150,-150,,,-155,,,,,-154,,,,
2024-04-01,LaMonte Wade Jr.,/mlb/props/lamonte-wade/,SF at LAD,HOU,"1B,RF",0.5,+125,+120,+120,+120,+120,,,+115,,,,,+120,,,,,-165,-150,-160,-150,-155,,,-160,,,,,-166,,,,
2024-04-01,James Outman,/mlb/props/james-outman/,SF at LAD,DET,"LF,CF,RF",0.5,+165,+155,+146,+155,+150,,,+140,,,,,+146,,,,,-225,-190,-200,-190,-205,,,-200,,,,,-204,,,,
2024-04-01,Gavin Lux,/mlb/props/gavin-lux/,SF at LAD,TB,"2B,3B,LF,DH",0.5,+115,+110,+108,+110,+110,,,+105,,,,,+108,,,,,-155,-140,-148,-140,-150,,,-140,,,,,-148,,,,
2024-04-01,Austin Slater,/mlb/props/austin-slater/,SF at LAD,FA,"LF,CF,RF",0.5,+130,+140,+130,+140,+130,,,+125,,,,,+123,,,,,-170,-169,-170,-170,-170,,,-175,,,,,-169,,,,
2024-04-01,Freddie Freeman,/mlb/props/freddie-freeman/,SF at LAD,LAD,1B,0.5,-140,-140,-145,-140,-145,,,-150,,,,,-145,,,,,+105,+110,+106,+110,+110,,,+105,,,,,+106,,,,
2024-04-02,Ryan Jeffers,/mlb/props/ryan-jeffers/,MIN at MIL,MIN,"C,DH",0.5,+125,+135,+130,+135,+130,,,+120,,,,,+123,,,,,-170,-165,-169,-165,-175,,,-165,,,,,-169,,,,
2024-04-02,Gary Sanchez,/mlb/props/gary-sanchez/,MIN at MIL,MIL,"C,1B,DH",0.5,+165,+165,+152,+165,+165,,,+150,,,,,+152,,,,,-225,-210,-220,-210,-225,,,-220,,,,,-214,,,,
2024-04-02,Edouard Julien,/mlb/props/edouard-julien/,MIN at MIL,COL,"1B,2B,DH",0.5,+110,+115,+110,+115,+110,,,+105,,,,,+112,,,,,-145,-145,-150,-145,-150,,,-150,,,,,-154,,,,
2024-04-02,Christian Yelich,/mlb/props/christian-yelich/,MIN at MIL,MIL,"LF,DH",0.5,+100,-105,-106,-110,-105,,,-110,,,,,-106,,,,,-130,-120,-125,-120,-125,,,-125,,,,,-129,,,,
2024-04-02,Max Kepler,/mlb/props/max-kepler/,MIN at MIL,ARI,"LF,RF",0.5,+105,+108,+105,+105,+105,,,+105,,,,,+108,,,,,-140,-135,-140,-135,-140,,,-140,,,,,-148,,,,
2024-04-02,Jackson Chourio,/mlb/props/jackson-chourio/,MIN at MIL,MIL,"LF,CF,RF",0.5,+120,+135,+125,+135,+130,,,+125,,,,,+108,,,,,-160,-148,-165,-165,-175,,,-175,,,,,-148,,,,
2024-04-02,Brice Turang,/mlb/props/brice-turang/,MIN at MIL,MIL,2B,0.5,+130,+130,+125,+130,+125,,,+120,,,,,+120,,,,,-175,-160,-165,-160,-165,,,-165,,,,,-166,,,,
2024-04-02,Jake Bauers,/mlb/props/jake-bauers/,MIN at MIL,MIL,"1B,LF,RF",0.5,+205,+210,+200,+210,+200,,,+190,,,,,+196,,,,,-290,-270,-275,-270,-275,,,-275,,,,,-284,,,,
2024-04-02,Willi Castro,/mlb/props/willi-castro/,MIN at MIL,COL,"1B,2B,3B,SS,LF,RF",0.5,+130,+130,+125,+130,+125,,,+120,,,,,+123,,,,,-170,-160,-165,-160,-165,,,-165,,,,,-169,,,,
2024-04-02,Willy Adames,/mlb/props/willy-adames/,MIN at MIL,SF,SS,0.5,+140,+145,+135,+145,+135,,,+130,,,,,+133,,,,,-190,-180,-184,-180,-185,,,-180,,,,,-184,,,,
2024-04-02,Matt Wallner,/mlb/props/matt-wallner/,MIN at MIL,MIN,"LF,RF",0.5,+190,+195,+190,+195,+190,,,+175,,,,,+178,,,,,-265,-245,-254,-245,-260,,,-250,,,,,-254,,,,
2024-04-02,Carlos Santana,/mlb/props/carlos-santana/,MIN at MIL,ATL,1B,0.5,+110,+130,+120,+130,+125,,,+120,,,,,+112,,,,,-150,-154,-160,-160,-165,,,-165,,,,,-154,,,,
2024-04-02,Joey Ortiz,/mlb/props/joey-ortiz/,MIN at MIL,MIL,"3B,SS",0.5,+150,+155,+150,+155,+150,,,+140,,,,,+143,,,,,-200,-190,-199,-190,-200,,,-200,,,,,-199,,,,
2024-04-02,Rhys Hoskins,/mlb/props/rhys-hoskins/,MIN at MIL,CLE,"1B,DH",0.5,+140,+155,+150,+155,+150,,,+140,,,,,+136,,,,,-190,-189,-190,-190,-200,,,-200,,,,,-189,,,,
2024-04-02,Christian Vazquez,/mlb/props/christian-vazquez/,MIN at MIL,HOU,C,0.5,-105,+100,-104,-105,+100,,,-105,,,,,-104,,,,,-130,-125,-130,-125,-130,,,-130,,,,,-131,,,,
2024-04-02,William Contreras,/mlb/props/william-contreras/,MIN at MIL,MIL,"C,DH",0.5,-110,-105,-109,-110,-105,,,-110,,,,,-109,,,,,-120,-120,-125,-120,-125,,,-125,,,,,-125,,,,
2024-04-02,Sal Frelick,/mlb/props/sal-frelick/,MIN at MIL,MIL,"LF,CF,RF",0.5,-150,-120,-125,-120,-125,,,-125,,,,,-148,,,,,+110,+108,-105,-110,-105,,,-110,,,,,+108,,,,
2024-04-02,Byron Buxton,/mlb/props/byron-buxton/,MIN at MIL,MIN,"CF,DH",0.5,+145,+170,+160,+170,+165,,,+160,,,,,+139,,,,,-200,-194,-220,-220,-220,,,-225,,,,,-194,,,,
2024-04-02,Alex Kirilloff,/mlb/props/alex-kirilloff/,MIN at MIL,FA,"1B,LF,RF",0.5,-120,-119,-135,-135,-140,,,-135,,,,,-119,,,,,-110,+105,+100,+105,+105,,,+100,,,,,-115,,,,
2024-04-02,Oliver Dunn,/mlb/props/oliver-dunn/,MIN at MIL,TB,3B,0.5,+175,+190,+175,+190,+180,,,+175,,,,,+165,,,,,-240,-234,-240,-240,-245,,,-250,,,,,-234,,,,
2024-04-02,Carlos Correa,/mlb/props/carlos-correa/,MIN at MIL,HOU,"3B,SS",0.5,-115,-105,-105,-105,-105,,,-105,,,,,-111,,,,,-115,-123,-125,-125,-130,,,-130,,,,,-123,,,,
2024-04-02,Ryan O'Hearn,/mlb/props/ryan-ohearn/,KC at BAL,PIT,"1B,LF,RF,DH",0.5,+110,+120,+115,+120,+115,,,+110,,,,,+108,,,,,-145,-148,-150,-150,-155,,,-155,,,,,-148,,,,
2024-04-02,Kyle Isbel,/mlb/props/kyle-isbel/,KC at BAL,KC,CF,0.5,+115,+115,+110,+115,+115,,,+110,,,,,+104,,,,,-150,-142,-150,-145,-150,,,-155,,,,,-142,,,,
2024-04-02,Bobby Witt Jr.,/mlb/props/bobby-witt-jr/,KC at BAL,KC,SS,0.5,-130,-130,-135,-130,-130,,,-135,,,,,-137,,,,,+100,+100,+100,+100,+100,,,+100,,,,,+100,,,,
2024-04-02,Anthony Santander,/mlb/props/anthony-santander/,KC at BAL,TOR,"LF,RF,DH",0.5,+125,+135,+125,+135,+125,,,+125,,,,,+118,,,,,-165,-163,-170,-165,-170,,,-175,,,,,-163,,,,
2024-04-02,Adley Rutschman,/mlb/props/adley-rutschman/,KC at BAL,BAL,"C,DH",0.5,-105,-105,-105,-105,-105,,,-105,,,,,-111,,,,,-125,-123,-125,-125,-125,,,-130,,,,,-123,,,,
2024-04-02,Cedric Mullins II,/mlb/props/cedric-mullins/,KC at BAL,TB,CF,0.5,+140,+145,+140,+145,+140,,,+135,,,,,+143,,,,,-190,-180,-190,-180,-190,,,-190,,,,,-199,,,,
2024-04-02,Ramon Urias,/mlb/props/ramon-urias/,KC at BAL,STL,"2B,3B",0.5,-105,+105,+100,+100,+105,,,+100,,,,,-101,,,,,-130,-130,-135,-130,-135,,,-135,,,,,-135,,,,
2024-04-02,Jordan Westburg,/mlb/props/jordan-westburg/,KC at BAL,BAL,"2B,3B",0.5,+115,+115,+110,+115,+115,,,+110,,,,,+108,,,,,-150,-145,-148,-145,-155,,,-155,,,,,-148,,,,
2024-04-02,Garrett Hampson,/mlb/props/garrett-hampson/,KC at BAL,CIN,"2B,LF,CF",0.5,+100,+100,-104,-105,+100,,,-105,,,,,-104,,,,,-130,-125,-130,-125,-130,,,-130,,,,,-131,,,,
2024-04-02,Maikel Garcia,/mlb/props/maikel-garcia/,KC at BAL,KC,"2B,3B,SS,OF",0.5,-165,-155,-160,-155,-160,,,-160,,,,,-174,,,,,+120,+126,+120,+125,+120,,,+115,,,,,+126,,,,
2024-04-02,Ryan Mountcastle,/mlb/props/ryan-mountcastle/,KC at BAL,BAL,"1B,DH",0.5,-165,-155,-160,-155,-165,,,-160,,,,,-169,,,,,+120,+125,+120,+125,+120,,,+115,,,,,+123,,,,
2024-04-02,Gunnar Henderson,/mlb/props/gunnar-henderson/,KC at BAL,BAL,"SS,DH",0.5,-105,-105,-109,-110,-105,,,-110,,,,,-109,,,,,-125,-120,-125,-120,-125,,,-125,,,,,-125,,,,
2024-04-02,Nick Loftin,/mlb/props/nick-loftin/,KC at BAL,KC,"2B,3B,LF",0.5,+120,+130,+130,+130,+130,,,,,,,,+112,,,,,-160,-154,-160,-160,-170,,,,,,,,-154,,,,
2024-04-02,Freddy Fermin,/mlb/props/freddy-fermin/,KC at BAL,SD,C,0.5,-105,-105,-105,-105,-105,,,-105,,,,,-109,,,,,-130,-125,-125,-125,-125,,,-130,,,,,-125,,,,
2024-04-02,Tony Kemp,/mlb/props/anthony-kemp/,KC at BAL,FA,"2B,LF",0.5,+135,+145,+135,+145,+135,,,+130,,,,,+133,,,,,-185,-180,-184,-180,-185,,,-180,,,,,-184,,,,
2024-04-02,Hunter Renfroe,/mlb/props/hunter-renfroe/,KC at BAL,FA,RF,0.5,+110,+115,+110,+110,+115,,,+105,,,,,+104,,,,,-145,-140,-142,-140,-150,,,-150,,,,,-142,,,,
2024-04-02,Nelson Velazquez,/mlb/props/nelson-velazquez/,KC at BAL,STL,"LF,RF,DH",0.5,+130,+126,+125,+125,+125,,,+115,,,,,+126,,,,,-175,-155,-165,-155,-165,,,-160,,,,,-174,,,,
2024-04-02,Vinnie Pasquantino,/mlb/props/vinnie-pasquantino/,KC at BAL,KC,"1B,DH",0.5,-110,-115,-115,-115,-115,,,-115,,,,,-115,,,,,-120,-115,-115,-115,-115,,,-115,,,,,-119,,,,
2024-04-02,Colton Cowser,/mlb/props/colton-cowser/,KC at BAL,BAL,"LF,CF,RF",0.5,+155,+160,+155,+160,+155,,,+145,,,,,+146,,,,,-205,-200,-205,-200,-205,,,-215,,,,,-204,,,,
2024-04-02,Austin Hays,/mlb/props/austin-hays/,KC at BAL,CWS,"LF,DH",0.5,-115,-115,-115,-115,-120,,,-115,,,,,-115,,,,,-115,-110,-115,-115,-110,,,-115,,,,,-119,,,,
2024-04-02,Salvador Perez,/mlb/props/salvador-perez/,KC at BAL,KC,"C,1B,DH",0.5,-105,+100,-105,-105,+100,,,-105,,,,,-109,,,,,-125,-125,-125,-125,-130,,,-130,,,,,-125,,,,
2024-04-02,Taylor Ward,/mlb/props/taylor-ward/,LAA at MIA,BAL,LF,0.5,-105,+105,+100,+100,+105,,,+100,,,,,-104,,,,,-130,-130,-131,-130,-135,,,-135,,,,,-131,,,,
2024-04-02,Jo Adell,/mlb/props/jo-adell/,LAA at MIA,LAA,"LF,CF,RF",0.5,+175,+175,+165,+175,+175,,,+165,,,,,+165,,,,,-240,-225,-234,-225,-240,,,-240,,,,,-234,,,,
2024-04-02,Zach Neto,/mlb/props/zach-neto/,LAA at MIA,LAA,SS,0.5,+120,+145,+135,+145,+140,,,+135,,,,,+114,,,,,-160,-157,-180,-180,-185,,,-190,,,,,-157,,,,
2024-04-02,Vidal Brujan,/mlb/props/vidal-brujan-2b/,LAA at MIA,NYM,"3B,SS,OF",0.5,+130,+140,+130,+140,+130,,,+125,,,,,+123,,,,,-175,-169,-170,-170,-175,,,-175,,,,,-169,,,,
2024-04-02,Brandon Drury,/mlb/props/brandon-drury/,LAA at MIA,KC,"1B,2B,3B",0.5,+115,+125,+115,+125,+120,,,+115,,,,,+104,,,,,-150,-142,-155,-155,-160,,,-160,,,,,-142,,,,
2024-04-02,Anthony Rendon,/mlb/props/anthony-rendon/,LAA at MIA,LAA,3B,0.5,+100,+110,+105,+110,+110,,,+105,,,,,-101,,,,,-135,-135,-140,-140,-145,,,-150,,,,,-135,,,,
2024-04-02,Jake Burger,/mlb/props/jake-burger-3b/,LAA at MIA,TEX,1B,0.5,+105,+115,+105,+115,+115,,,+105,,,,,+102,,,,,-140,-139,-145,-145,-150,,,-150,,,,,-139,,,,
2024-04-02,Logan O'Hoppe,/mlb/props/logan-ohoppe/,LAA at MIA,LAA,C,0.5,+125,+140,+130,+140,+135,,,+130,,,,,+123,,,,,-170,-169,-170,-170,-180,,,-180,,,,,-169,,,,
2024-04-02,Nick Fortes,/mlb/props/nick-fortes/,LAA at MIA,TB,C,0.5,+115,+130,+120,+130,+125,,,+120,,,,,+110,,,,,-150,-151,-160,-160,-170,,,-165,,,,,-151,,,,
2024-04-02,Miguel Sano,/mlb/props/miguel-sano/,LAA at MIA,FA,"1B,3B",0.5,+165,+190,+175,+190,+180,,,+175,,,,,+152,,,,,-225,-214,-240,-240,-245,,,-250,,,,,-214,,,,
2024-04-02,Tim Anderson,/mlb/props/tim-anderson/,LAA at MIA,FA,"2B,SS",0.5,-165,-150,-160,-150,-155,,,-160,,,,,-166,,,,,+125,+120,+120,+120,+120,,,+115,,,,,+120,,,,
2024-04-02,Nolan Schanuel,/mlb/props/nolan-schanuel/,LAA at MIA,LAA,1B,0.5,+105,+105,+105,+105,+105,,,+105,,,,,-104,,,,,-140,-131,-135,-135,-140,,,-140,,,,,-131,,,,
2024-04-02,Aaron Hicks,/mlb/props/aaron-hicks/,LAA at MIA,FA,"LF,CF,RF",0.5,+110,+120,+115,+120,+115,,,+110,,,,,+108,,,,,-150,-148,-150,-150,-150,,,-155,,,,,-148,,,,
2024-04-02,Jazz Chisholm Jr.,/mlb/props/jasrado-chisholm/,LAA at MIA,NYY,"2B,3B",0.5,+115,+120,+114,+120,+120,,,+110,,,,,+114,,,,,-150,-150,-155,-150,-155,,,-155,,,,,-157,,,,
2024-04-02,Josh Bell,/mlb/props/josh-bell/,LAA at MIA,MIN,"1B,DH",0.5,-120,-110,-115,-115,-110,,,-115,,,,,-115,,,,,-110,-115,-119,-115,-120,,,-120,,,,,-119,,,,
2024-04-02,Luis Arraez,/mlb/props/luis-arraez/,LAA at MIA,SF,"1B,2B,DH",0.5,-235,-210,-220,-210,-220,,,-220,,,,,-234,,,,,+170,+165,+160,+165,+160,,,+150,,,,,+165,,,,
2024-04-02,Mike Trout,/mlb/props/mike-trout/,LAA at MIA,LAA,"CF,RF,DH",0.5,+120,+140,+125,+140,+130,,,+125,,,,,+110,,,,,-160,-151,-170,-170,-175,,,-175,,,,,-151,,,,
2024-04-02,Jonah Bride,/mlb/props/jonah-bride/,LAA at MIA,TEX,"1B,3B",0.5,+135,+140,+135,+140,+135,,,+125,,,,,+129,,,,,-180,-170,-175,-170,-180,,,-175,,,,,-179,,,,
2024-04-02,Bryan De La Cruz,/mlb/props/bryan-de-la-cruz/,LAA at MIA,PHI,LF,0.5,-125,-115,-115,-115,-115,,,-115,,,,,-117,,,,,-105,-115,-115,-115,-115,,,-115,,,,,-117,,,,
2024-04-02,Avisail Garcia,/mlb/props/avisail-garcia/,LAA at MIA,FA,"LF,RF",0.5,+110,+120,+110,+120,+120,,,+110,,,,,+110,,,,,-150,-150,-151,-150,-155,,,-155,,,,,-151,,,,
2024-04-02,Tyler Stephenson,/mlb/props/tyler-stephenson/,CIN at PHI,CIN,C,0.5,+140,+140,+135,+140,+135,,,+125,,,,,+129,,,,,-185,-170,-175,-170,-180,,,-175,,,,,-179,,,,
2024-04-02,Bryson Stott,/mlb/props/bryson-stott-ss/,CIN at PHI,PHI,"2B,SS",0.5,-130,-120,-125,-120,-125,,,-125,,,,,-127,,,,,-105,-105,-108,-110,-105,,,-110,,,,,-108,,,,
2024-04-02,Trea Turner,/mlb/props/trea-turner/,CIN at PHI,PHI,SS,0.5,-130,-125,-130,-125,-130,,,-130,,,,,-133,,,,,-105,+100,-103,-105,+100,,,-105,,,,,-103,,,,
2024-04-02,J.T. Realmuto,/mlb/props/jt-realmuto/,CIN at PHI,PHI,C,0.5,+100,+105,+105,+105,+105,,,+105,,,,,-101,,,,,-135,-135,-140,-135,-140,,,-140,,,,,-135,,,,
2024-04-02,Garrett Stubbs,/mlb/props/garrett-stubbs/,CIN at PHI,PHI,"C,DH",0.5,+165,+170,+165,+170,+165,,,+160,,,,,+159,,,,,-225,-220,-224,-220,-225,,,-225,,,,,-224,,,,
2024-04-02,Christian Encarnacion-Strand,/mlb/props/christian-encarnacion-strand/,CIN at PHI,BAL,"1B,3B",0.5,+120,+120,+120,+120,+120,,,+115,,,,,+120,,,,,-155,-150,-160,-150,-160,,,-160,,,,,-166,,,,
2024-04-02,Nick Castellanos,/mlb/props/nick-castellanos/,CIN at PHI,FA,"RF,DH",0.5,+110,+110,+106,+110,+110,,,+105,,,,,+106,,,,,-145,-140,-145,-140,-145,,,-150,,,,,-145,,,,
2024-04-02,Johan Rojas,/mlb/props/johan-rojas/,CIN at PHI,PHI,CF,0.5,-105,-109,-110,-115,-110,,,-115,,,,,-109,,,,,-125,-115,-120,-115,-120,,,-120,,,,,-125,,,,
2024-04-02,Spencer Steer,/mlb/props/spencer-steer/,CIN at PHI,CIN,"1B,2B,LF,RF",0.5,+135,+140,+135,+140,+135,,,+125,,,,,+126,,,,,-180,-170,-175,-170,-180,,,-175,,,,,-174,,,,
2024-04-02,Elly De La Cruz,/mlb/props/elly-de-la-cruz/,CIN at PHI,CIN,SS,0.5,+125,+135,+130,+135,+130,,,+120,,,,,+120,,,,,-165,-165,-166,-165,-170,,,-165,,,,,-166,,,,
2024-04-02,Alec Bohm,/mlb/props/alec-bohm/,CIN at PHI,PHI,"1B,3B",0.5,-150,-148,-155,-155,-160,,,-160,,,,,-148,,,,,+110,+125,+115,+125,+120,,,+115,,,,,+108,,,,
2024-04-02,Kyle Schwarber,/mlb/props/kyle-schwarber/,CIN at PHI,PHI,"LF,DH",0.5,+165,+170,+159,+170,+165,,,+150,,,,,+159,,,,,-220,-220,-224,-220,-225,,,-220,,,,,-224,,,,
2024-04-02,Jake Fraley,/mlb/props/jake-fraley/,CIN at PHI,TB,"LF,RF",0.5,+115,+115,+110,+115,+115,,,+110,,,,,+108,,,,,-150,-145,-150,-145,-150,,,-155,,,,,-148,,,,
2024-04-02,Bryce Harper,/mlb/props/bryce-harper/,CIN at PHI,PHI,"1B,DH",0.5,+105,+106,+105,+100,+105,,,+100,,,,,+106,,,,,-140,-130,-135,-130,-140,,,-135,,,,,-145,,,,
2024-04-02,Jeimer Candelario,/mlb/props/jeimer-candelario/,CIN at PHI,LAA,"1B,3B",0.5,+105,+110,+105,+105,+110,,,+105,,,,,+102,,,,,-140,-135,-140,-135,-145,,,-140,,,,,-139,,,,
2024-04-02,Nick Martini,/mlb/props/nick-martini/,CIN at PHI,FA,"LF,RF,DH",0.5,+125,+130,+125,+130,+125,,,+120,,,,,+118,,,,,-165,-160,-163,-160,-165,,,-165,,,,,-163,,,,
2024-04-02,Brandon Marsh,/mlb/props/brandon-marsh/,CIN at PHI,PHI,"LF,CF,RF",0.5,+140,+140,+130,+140,+130,,,+125,,,,,+136,,,,,-185,-170,-175,-170,-175,,,-175,,,,,-189,,,,
2024-04-02,Will Benson,/mlb/props/will-benson/,CIN at PHI,CIN,"LF,CF,RF",0.5,+125,+125,+120,+125,+120,,,+115,,,,,+116,,,,,-165,-155,-160,-155,-165,,,-160,,,,,-160,,,,
2024-04-02,Jonathan India,/mlb/props/jonathan-india/,CIN at PHI,KC,"2B,3B,LF,DH",0.5,+105,+105,+102,+100,+105,,,+100,,,,,+102,,,,,-140,-130,-135,-130,-140,,,-135,,,,,-139,,,,
2024-04-02,Leody Taveras,/mlb/props/leody-taveras-of/,TEX at TB,BAL,"CF,RF",0.5,-105,+105,+105,+105,+105,,,+105,,,,,-106,,,,,-125,-129,-135,-135,-140,,,-140,,,,,-129,,,,
2024-04-02,Jose Caballero,/mlb/props/jose-caballero/,TEX at TB,NYY,"2B,3B,SS,LF,RF",0.5,+145,+160,+155,+160,+155,,,+145,,,,,+146,,,,,-200,-200,-204,-200,-215,,,-215,,,,,-204,,,,
2024-04-02,Rene Pinto,/mlb/props/rene-pinto/,TEX at TB,PHI,C,0.5,+170,+190,+175,+190,+175,,,+165,,,,,+165,,,,,-235,-234,-240,-240,-240,,,-240,,,,,-234,,,,
2024-04-02,Jose Siri,/mlb/props/jose-siri/,TEX at TB,LAA,"LF,CF",0.5,+180,+172,+165,+170,+165,,,+160,,,,,+172,,,,,-250,-220,-225,-220,-225,,,-225,,,,,-244,,,,
2024-04-02,Amed Rosario,/mlb/props/amed-rosario/,TEX at TB,NYY,"2B,3B,OF",0.5,-125,-120,-123,-120,-120,,,-125,,,,,-123,,,,,-110,-110,-110,-110,-110,,,-110,,,,,-111,,,,
2024-04-02,Yandy Diaz,/mlb/props/yandy-diaz/,TEX at TB,TB,"1B,DH",0.5,-130,-125,-130,-125,-130,,,-130,,,,,-133,,,,,+100,-103,-105,-105,-105,,,-105,,,,,-103,,,,
2024-04-02,Randy Arozarena,/mlb/props/randy-arozarena/,TEX at TB,SEA,"LF,CF",0.5,+125,+130,+125,+130,+125,,,+120,,,,,+120,,,,,-170,-160,-165,-160,-170,,,-165,,,,,-166,,,,
2024-04-02,Isaac Paredes,/mlb/props/isaac-paredes/,TEX at TB,HOU,"1B,3B,DH",0.5,+135,+140,+135,+140,+135,,,+130,,,,,+126,,,,,-180,-170,-180,-170,-185,,,-180,,,,,-174,,,,
2024-04-02,Wyatt Langford,/mlb/props/wyatt-langford/,TEX at TB,TEX,"LF,CF",0.5,+105,+110,+105,+110,+110,,,+105,,,,,+102,,,,,-135,-139,-140,-140,-145,,,-140,,,,,-139,,,,
2024-04-02,Adolis Garcia,/mlb/props/jose-adolis-garcia/,TEX at TB,PHI,RF,0.5,+135,+145,+130,+145,+140,,,+130,,,,,+120,,,,,-180,-166,-180,-180,-185,,,-180,,,,,-166,,,,
2024-04-02,Evan Carter,/mlb/props/evan-carter/,TEX at TB,TEX,"LF,CF,RF",0.5,+100,+115,+105,+115,+110,,,+105,,,,,-106,,,,,-135,-129,-145,-145,-145,,,-150,,,,,-129,,,,
2024-04-02,Curtis Mead,/mlb/props/curtis-meade/,TEX at TB,WSH,"1B,2B,3B",0.5,+105,+110,+105,+110,+105,,,,,,,,+104,,,,,-140,-140,-140,-140,-140,,,,,,,,-142,,,,
2024-04-02,Jared Walsh,/mlb/props/jared-walsh/,TEX at TB,FA,"1B,RF",0.5,+175,+180,+175,+180,+175,,,+165,,,,,+165,,,,,-240,-230,-234,-230,-240,,,-240,,,,,-234,,,,
2024-04-02,Josh Smith,/mlb/props/josh-smith-ss/,TEX at TB,TEX,"1B,2B,3B,SS,LF,RF",0.5,+140,+145,+135,+145,+140,,,+135,,,,,+129,,,,,-190,-179,-180,-180,-190,,,-190,,,,,-179,,,,
2024-04-02,Corey Seager,/mlb/props/corey-seager/,TEX at TB,TEX,SS,0.5,-120,-115,-115,-115,-115,,,-115,,,,,-129,,,,,-110,-106,-115,-115,-115,,,-115,,,,,-106,,,,
2024-04-02,Ezequiel Duran,/mlb/props/ezequiel-duran/,TEX at TB,TEX,"1B,2B,3B,SS,LF,RF",0.5,+125,+135,+125,+135,+130,,,+125,,,,,+116,,,,,-170,-160,-165,-165,-170,,,-175,,,,,-160,,,,
2024-04-02,Harold Ramirez,/mlb/props/harold-ramirez-of/,TEX at TB,FA,"LF,RF,DH",0.5,-155,-155,-157,-155,-160,,,-160,,,,,-157,,,,,+115,+125,+120,+125,+120,,,+115,,,,,+114,,,,
2024-04-02,Marcus Semien,/mlb/props/marcus-semien/,TEX at TB,NYM,2B,0.5,-125,-115,-115,-115,-115,,,-115,,,,,-131,,,,,-105,-104,-115,-115,-115,,,-115,,,,,-104,,,,
2024-04-02,Jonah Heim,/mlb/props/jonah-heim/,TEX at TB,ATH,"C,DH",0.5,+100,+115,+105,+115,+110,,,+105,,,,,-108,,,,,-135,-127,-145,-145,-150,,,-150,,,,,-127,,,,
2024-04-02,Seiya Suzuki,/mlb/props/seiya-suzuki/,COL at CHC,CHC,"LF,RF,DH",0.5,-135,-125,-130,-125,-130,,,-130,,,,,-133,,,,,+100,-103,-105,-105,-105,,,-105,,,,,-103,,,,
2024-04-02,Elias Diaz,/mlb/props/elias-diaz/,COL at CHC,TEX,C,0.5,-105,-105,-106,-110,-105,,,-110,,,,,-106,,,,,-125,-120,-125,-120,-125,,,-125,,,,,-129,,,,
2024-04-02,Kris Bryant,/mlb/props/kris-bryant/,COL at CHC,COL,DH,0.5,+110,+120,+115,+120,+115,,,+110,,,,,+110,,,,,-145,-150,-151,-150,-155,,,-155,,,,,-151,,,,
2024-04-02,Nico Hoerner,/mlb/props/nico-hoerner/,COL at CHC,CHC,"2B,SS",0.5,-180,-165,-170,-165,-170,,,-165,,,,,-199,,,,,+135,+143,+135,+135,+125,,,+120,,,,,+143,,,,
2024-04-02,Elehuris Montero,/mlb/props/elehuris-montero-3b/,COL at CHC,FA,"1B,3B",0.5,+135,+140,+135,+140,+135,,,+130,,,,,+129,,,,,-180,-170,-179,-170,-185,,,-180,,,,,-179,,,,
2024-04-02,Miguel Amaya,/mlb/props/miguel-amaya-c/,COL at CHC,CHC,"C,DH",0.5,+125,+130,+125,+130,+125,,,+120,,,,,+120,,,,,-165,-160,-165,-160,-165,,,-165,,,,,-166,,,,
2024-04-02,Brenton Doyle,/mlb/props/brenton-doyle/,COL at CHC,COL,CF,0.5,+130,+135,+125,+135,+125,,,+125,,,,,+123,,,,,-175,-165,-170,-165,-170,,,-175,,,,,-169,,,,
2024-04-02,Michael Toglia,/mlb/props/mike-toglia/,COL at CHC,CIN,1B,0.5,+130,+155,+145,+155,+145,,,+135,,,,,+129,,,,,-180,-179,-190,-190,-195,,,-190,,,,,-179,,,,
2024-04-02,Garrett Cooper,/mlb/props/garrett-cooper/,COL at CHC,FA,1B,0.5,-110,-115,-120,-115,-120,,,-120,,,,,-115,,,,,-120,-110,-115,-115,-110,,,-115,,,,,-119,,,,
2024-04-02,Dansby Swanson,/mlb/props/dansby-swanson/,COL at CHC,CHC,SS,0.5,-105,+100,-105,-105,+100,,,-105,,,,,-108,,,,,-125,-125,-127,-125,-130,,,-130,,,,,-127,,,,
2024-04-02,Michael Busch,/mlb/props/michael-busch-2b/,COL at CHC,CHC,1B,0.5,+130,+140,+130,+140,+130,,,+125,,,,,+126,,,,,-175,-170,-174,-170,-175,,,-175,,,,,-174,,,,
2024-04-02,Yan Gomes,/mlb/props/yan-gomes/,COL at CHC,FA,C,0.5,-110,-115,-115,-115,-115,,,-115,,,,,-117,,,,,-120,-115,-115,-115,-115,,,-115,,,,,-117,,,,
2024-04-02,Nolan Jones,/mlb/props/nolan-jones-3b/,COL at CHC,CWS,"LF,CF,RF",0.5,+105,+120,+115,+120,+115,,,+110,,,,,+112,,,,,-140,-150,-154,-150,-155,,,-155,,,,,-154,,,,
2024-04-02,Ryan McMahon,/mlb/props/ryan-mcmahon/,COL at CHC,NYY,3B,0.5,+100,+110,+108,+110,+110,,,+105,,,,,+108,,,,,-135,-140,-145,-140,-145,,,-140,,,,,-148,,,,
2024-04-02,Cody Bellinger,/mlb/props/cody-bellinger/,COL at CHC,NYY,"LF,CF,RF",0.5,-130,-120,-125,-120,-125,,,-125,,,,,-129,,,,,+100,-105,-106,-110,-105,,,-110,,,,,-106,,,,
2024-04-02,Ezequiel Tovar,/mlb/props/ezequiel-tovar/,COL at CHC,COL,SS,0.5,-105,-115,-115,-115,-115,,,-115,,,,,-117,,,,,-125,-115,-115,-115,-115,,,-115,,,,,-117,,,,
2024-04-02,Ian Happ,/mlb/props/ian-happ/,COL at CHC,CHC,LF,0.5,-115,-110,-115,-115,-110,,,-115,,,,,-117,,,,,-115,-115,-117,-115,-120,,,-120,,,,,-117,,,,
2024-04-02,Christopher Morel,/mlb/props/christopher-morel/,COL at CHC,MIA,"1B,LF,DH",0.5,+115,+120,+115,+120,+120,,,+115,,,,,+110,,,,,-150,-150,-155,-150,-155,,,-160,,,,,-151,,,,
2024-04-02,Brendan Rodgers,/mlb/props/brendan-rodgers/,COL at CHC,BOS,2B,0.5,-135,-145,-150,-145,-155,,,-150,,,,,-157,,,,,+100,+115,+114,+115,+115,,,+105,,,,,+114,,,,
2024-04-02,Nick Madrigal,/mlb/props/nick-madrigal/,COL at CHC,TB,"2B,3B",0.5,-165,-140,-145,-140,-145,,,-140,,,,,-166,,,,,+125,+120,+110,+110,+110,,,+105,,,,,+120,,,,
2024-04-02,Charlie Blackmon,/mlb/props/charlie-blackmon/,COL at CHC,FA,"RF,DH",0.5,-140,-121,-125,-125,-130,,,-130,,,,,-121,,,,,+105,+100,-105,-105,+100,,,-105,,,,,-113,,,,
2024-04-02,Matt Olson,/mlb/props/matt-olson/,ATL at CWS,ATL,1B,0.5,+120,+120,+116,+120,+120,,,+115,,,,,+116,,,,,-160,-150,-160,-150,-160,,,-160,,,,,-160,,,,
2024-04-02,Austin Riley,/mlb/props/austin-riley/,ATL at CWS,ATL,3B,0.5,+120,+115,+102,+100,+100,,,+100,+115,+115,,,+102,,,,,-155,-130,-139,-130,-135,,,-135,-157,-157,,,-139,,,,
2024-04-02,Gavin Sheets,/mlb/props/gavin-sheets/,ATL at CWS,SD,"1B,LF,RF,DH",0.5,+160,+165,+159,+165,+160,,,+150,,,,,+159,,,,,-220,-210,-215,-210,-215,,,-220,,,,,-224,,,,
2024-04-02,Orlando Arcia,/mlb/props/orlando-arcia/,ATL at CWS,MIN,"1B,2B,3B,SS",0.5,+125,+110,+105,+105,+105,,,+105,,,,,+110,,,,,-170,-135,-140,-135,-140,,,-140,,,,,-151,,,,
2024-04-02,Andrew Benintendi,/mlb/props/andrew-benintendi/,ATL at CWS,CWS,"LF,DH",0.5,-135,-125,-129,-125,-125,,,-130,,,,,-129,,,,,+100,-105,-105,-105,-105,,,-105,,,,,-106,,,,
2024-04-02,Nicky Lopez,/mlb/props/nicky-lopez/,ATL at CWS,TEX,"2B,3B,SS",0.5,-120,-110,-113,-115,-110,,,-115,,,,,-113,,,,,-110,-115,-120,-115,-120,,,-115,,,,,-121,,,,
2024-04-02,Ozzie Albies,/mlb/props/ozhaino-albies/,ATL at CWS,ATL,2B,0.5,-150,-165,-170,-165,-170,,,-175,,,,,-169,,,,,+115,+135,+130,+135,+130,,,+125,,,,,+123,,,,
2024-04-02,Adam Duvall,/mlb/props/adam-duvall/,ATL at CWS,FA,"LF,CF,RF",0.5,+175,+160,+152,+160,+155,,,+145,,,,,+152,,,,,-240,-200,-214,-200,-215,,,-215,,,,,-214,,,,
2024-04-02,Andrew Vaughn,/mlb/props/andrew-vaughn-1b/,ATL at CWS,MIL,1B,0.5,-105,+100,-105,-105,+100,,,-105,,,,,-111,,,,,-130,-123,-125,-125,-130,,,-130,,,,,-123,,,,
2024-04-02,Paul DeJong,/mlb/props/paul-dejong/,ATL at CWS,FA,"2B,3B,SS",0.5,+175,+175,+170,+175,+170,,,+160,,,,,+159,,,,,-240,-224,-225,-225,-235,,,-225,,,,,-224,,,,
2024-04-02,Ronald Acuna Jr.,/mlb/props/ronald-acuna/,ATL at CWS,ATL,RF,0.5,-135,-150,-154,-150,-155,,,-155,,,,,-154,,,,,+105,+120,+115,+120,+115,,,+110,,,,,+112,,,,
2024-04-02,Yoan Moncada,/mlb/props/yoan-moncada/,ATL at CWS,LAA,3B,0.5,+130,+135,+125,+135,+130,,,+125,,,,,+116,,,,,-175,-160,-165,-165,-170,,,-175,,,,,-160,,,,
2024-04-02,Travis d'Arnaud,/mlb/props/travis-darnaud/,ATL at CWS,LAA,C,0.5,+105,-103,-105,-110,-105,,,-110,,,,,-103,,,,,-140,-120,-125,-120,-125,,,-125,,,,,-133,,,,
2024-04-02,Dominic Fletcher,/mlb/props/dominic-fletcher/,ATL at CWS,PIT,"CF,RF",0.5,+135,+130,+125,+130,+125,,,+120,,,,,+118,,,,,-185,-160,-165,-160,-170,,,-165,,,,,-163,,,,
2024-04-02,Luis Robert Jr.,/mlb/props/luis-robert/,ATL at CWS,NYM,CF,0.5,+135,+140,+125,+140,+125,,,+125,,,,,+120,,,,,-180,-166,-170,-170,-170,,,-175,,,,,-166,,,,
2024-04-02,Marcell Ozuna,/mlb/props/marcell-ozuna/,ATL at CWS,PIT,DH,0.5,+115,+105,+102,+100,+105,,,+100,,,,,+102,,,,,-150,-130,-135,-130,-140,,,-135,,,,,-139,,,,
2024-04-02,Michael Harris II,/mlb/props/michael-harris/,ATL at CWS,ATL,CF,0.5,-120,-120,-123,-120,-125,,,-125,,,,,-123,,,,,-110,-105,-110,-110,-105,,,-110,,,,,-111,,,,
2024-04-02,Martin Maldonado,/mlb/props/martin-maldonado/,ATL at CWS,FA,C,0.5,+235,+240,+225,+240,+235,,,+225,,,,,+219,,,,,-330,-324,-330,-330,-330,,,-375,,,,,-324,,,,
2024-04-02,Braden Shewmake,/mlb/props/braden-shewmake/,ATL at CWS,HOU,"2B,3B,SS",0.5,+160,+165,+160,+165,+160,,,+150,,,,,+152,,,,,-220,-210,-214,-210,-220,,,-220,,,,,-214,,,,
2024-04-02,Chadwick Tromp,/mlb/props/chadwick-tromp/,ATL at CWS,BAL,C,0.5,+140,+145,+140,+145,+140,,,+130,,,,,+133,,,,,-185,-180,-184,-180,-185,,,-180,,,,,-184,,,,
2024-04-02,Jose Abreu,/mlb/props/jose-dariel-abreu/,TOR at HOU,FA,1B,0.5,-120,-119,-120,-120,-120,,,-125,,,,,-119,,,,,-110,-110,-110,-110,-110,,,-110,,,,,-115,,,,
2024-04-02,Yordan Alvarez,/mlb/props/yordan-alvarez/,TOR at HOU,HOU,"LF,DH",0.5,+140,+160,+150,+160,+150,,,+145,,,,,+136,,,,,-190,-189,-200,-200,-205,,,-215,,,,,-189,,,,
2024-04-02,Alejandro Kirk,/mlb/props/alejandro-kirk/,TOR at HOU,TOR,C,0.5,-110,-115,-117,-115,-115,,,-120,,,,,-117,,,,,-120,-115,-115,-115,-115,,,-115,,,,,-117,,,,
2024-04-02,Justin Turner,/mlb/props/justin-turner/,TOR at HOU,FA,"1B,3B",0.5,-105,-105,-109,-110,-105,,,-110,,,,,-109,,,,,-125,-120,-125,-120,-125,,,-125,,,,,-125,,,,
2024-04-02,Jeremy Pena,/mlb/props/jeremy-pena/,TOR at HOU,HOU,SS,0.5,-120,-120,-120,-120,-120,,,-120,,,,,-123,,,,,-110,-110,-111,-110,-110,,,-115,,,,,-111,,,,
2024-04-02,Daulton Varsho,/mlb/props/daulton-varsho/,TOR at HOU,TOR,"LF,CF",0.5,+125,+140,+130,+140,+130,,,+125,,,,,+120,,,,,-165,-166,-170,-170,-175,,,-175,,,,,-166,,,,
2024-04-02,Chas McCormick,/mlb/props/chas-mccormick/,TOR at HOU,CHC,"LF,CF,RF",0.5,+100,+100,-104,-105,+100,,,-105,,,,,-104,,,,,-130,-125,-130,-125,-130,,,-130,,,,,-131,,,,
2024-04-02,Kevin Kiermaier,/mlb/props/kevin-kiermaier/,TOR at HOU,FA,CF,0.5,+130,+135,+130,+135,+130,,,+120,,,,,+123,,,,,-175,-165,-169,-165,-170,,,-165,,,,,-169,,,,
2024-04-02,Jake Meyers,/mlb/props/jacob-meyers/,TOR at HOU,HOU,CF,0.5,+130,+135,+130,+135,+130,,,+125,,,,,+129,,,,,-175,-165,-170,-165,-170,,,-175,,,,,-179,,,,
2024-04-02,Alex Bregman,/mlb/props/alex-bregman/,TOR at HOU,CHC,"3B,DH",0.5,-120,-115,-120,-115,-120,,,-120,,,,,-121,,,,,-110,-110,-113,-115,-110,,,-115,,,,,-113,,,,
2024-04-02,George Springer,/mlb/props/george-springer/,TOR at HOU,TOR,"LF,CF,RF,DH",0.5,-110,-110,-115,-115,-110,,,-115,,,,,-115,,,,,-120,-115,-119,-115,-120,,,-120,,,,,-119,,,,
2024-04-02,Bo Bichette,/mlb/props/bo-bichette/,TOR at HOU,NYM,"3B,SS",0.5,-170,-160,-165,-160,-170,,,-165,,,,,-163,,,,,+130,+130,+120,+130,+130,,,+120,,,,,+118,,,,
2024-04-02,Yainer Diaz,/mlb/props/yainer-diaz-c/,TOR at HOU,HOU,"C,DH",0.5,-130,-129,-130,-130,-130,,,-135,,,,,-129,,,,,+100,+100,+100,+100,+100,,,+100,,,,,-106,,,,
2024-04-02,Victor Caratini,/mlb/props/victor-caratini/,TOR at HOU,MIN,"C,1B,DH",0.5,+135,+140,+135,+140,+135,,,+130,,,,,+129,,,,,-180,-170,-179,-170,-180,,,-180,,,,,-179,,,,
2024-04-02,Davis Schneider,/mlb/props/davis-schneider/,TOR at HOU,TOR,"2B,LF",0.5,+140,+145,+145,+155,+145,,,+140,,,,,+139,,,,,-200,-190,-195,-190,-195,,,-200,,,,,-194,,,,
2024-04-02,Ernie Clement,/mlb/props/ernie-clement/,TOR at HOU,TOR,"1B,2B,3B,SS",0.5,-120,-115,-120,-115,-120,,,-120,,,,,-123,,,,,-110,-110,-111,-115,-110,,,-115,,,,,-111,,,,
2024-04-02,Vladimir Guerrero Jr.,/mlb/props/vladimir-guerrero-jr/,TOR at HOU,TOR,"1B,DH",0.5,-110,-115,-117,-115,-120,,,-120,,,,,-117,,,,,-120,-110,-115,-115,-110,,,-115,,,,,-117,,,,
2024-04-02,Kyle Tucker,/mlb/props/kyle-tucker/,TOR at HOU,LAD,"RF,DH",0.5,+115,+115,+110,+115,+115,,,+110,,,,,+110,,,,,-150,-145,-150,-145,-150,,,-155,,,,,-151,,,,
2024-04-02,Jose Altuve,/mlb/props/jose-altuve/,TOR at HOU,HOU,"2B,LF,DH",0.5,-145,-145,-150,-145,-150,,,-150,,,,,-145,,,,,+110,+115,+110,+115,+110,,,+105,,,,,+106,,,,
2024-04-02,Isiah Kiner-Falefa,/mlb/props/isiah-kiner-falefa/,TOR at HOU,BOS,"2B,3B,SS",0.5,+105,+100,-105,-105,-105,,,-105,,,,,+100,,,,,-135,-125,-130,-125,-125,,,-130,,,,,-137,,,,
2024-04-02,Cavan Biggio,/mlb/props/cavan-biggio/,TOR at HOU,HOU,"1B,2B,RF",0.5,+170,+175,+170,+175,+170,,,+165,,,,,+165,,,,,-235,-225,-234,-225,-235,,,-240,,,,,-234,,,,
2024-04-02,Bo Naylor,/mlb/props/bo-naylor/,CLE at SEA,CLE,C,0.5,+185,+175,+170,+175,+170,,,+160,,,,,+172,,,,,-255,-225,-235,-225,-235,,,-225,,,,,-244,,,,
2024-04-02,Jorge Polanco,/mlb/props/jorge-polanco/,CLE at SEA,NYM,"2B,3B,DH",0.5,+150,+150,+145,+150,+145,,,+135,,,,,+136,,,,,-200,-185,-190,-185,-195,,,-190,,,,,-189,,,,
2024-04-02,Steven Kwan,/mlb/props/steven-kwan/,CLE at SEA,CLE,"LF,CF",0.5,-165,-148,-150,-150,-155,,,-155,,,,,-148,,,,,+125,+120,+115,+120,+115,,,+110,,,,,+108,,,,
2024-04-02,Mitch Haniger,/mlb/props/mitch-haniger/,CLE at SEA,FA,RF,0.5,+140,+145,+135,+145,+135,,,+130,,,,,+133,,,,,-190,-180,-184,-180,-185,,,-180,,,,,-184,,,,
2024-04-02,Jose Ramirez,/mlb/props/jose-ramirez/,CLE at SEA,CLE,"3B,DH",0.5,-110,-105,-108,-110,-105,,,-110,,,,,-108,,,,,-120,-120,-125,-120,-125,,,-125,,,,,-127,,,,
2024-04-02,Ty France,/mlb/props/tyler-france/,CLE at SEA,SD,1B,0.5,+115,+110,+108,+110,+110,,,+105,,,,,+108,,,,,-150,-140,-145,-140,-145,,,-150,,,,,-148,,,,
2024-04-02,Will Brennan,/mlb/props/will-brennan/,CLE at SEA,SF,"LF,CF,RF",0.5,-140,-137,-140,-140,-145,,,-140,,,,,-137,,,,,+105,+110,+105,+110,+110,,,+105,,,,,+100,,,,
2024-04-02,Tyler Freeman,/mlb/props/tyler-freeman-ss/,CLE at SEA,COL,"2B,RF,DH",0.5,-110,-113,-115,-115,-115,,,-115,,,,,-113,,,,,-120,-115,-115,-115,-115,,,-115,,,,,-121,,,,
2024-04-02,Josh Rojas,/mlb/props/josh-rojas/,CLE at SEA,KC,"2B,3B",0.5,+120,+130,+125,+130,+125,,,+120,,,,,+123,,,,,-165,-160,-165,-160,-170,,,-165,,,,,-169,,,,
2024-04-02,Ramon Laureano,/mlb/props/ramon-laureano/,CLE at SEA,SD,"LF,CF,RF",0.5,+140,+155,+146,+155,+150,,,+140,,,,,+146,,,,,-190,-190,-200,-190,-200,,,-200,,,,,-204,,,,
2024-04-02,Julio Rodriguez,/mlb/props/julio-rodriguez-of/,CLE at SEA,SEA,CF,0.5,-105,-105,-105,-105,-105,,,-105,,,,,-106,,,,,-125,-125,-129,-125,-130,,,-130,,,,,-129,,,,
2024-04-02,Mitch Garver,/mlb/props/mitch-garver/,CLE at SEA,SEA,"C,DH",0.5,+145,+155,+145,+155,+145,,,+140,,,,,+136,,,,,-190,-189,-190,-190,-200,,,-200,,,,,-189,,,,
2024-04-02,Josh Naylor,/mlb/props/josh-naylor/,CLE at SEA,SEA,"1B,DH",0.5,-115,-109,-115,-115,-115,,,-115,,,,,-109,,,,,-115,-115,-115,-115,-115,,,-115,,,,,-125,,,,
2024-04-02,Austin Hedges,/mlb/props/austin-hedges/,CLE at SEA,CLE,C,0.5,+150,+165,+160,+165,+160,,,+150,,,,,+152,,,,,-220,-210,-214,-210,-220,,,-220,,,,,-214,,,,
2024-04-02,Cal Raleigh,/mlb/props/caleb-raleigh/,CLE at SEA,SEA,"C,DH",0.5,+150,+160,+150,+160,+150,,,+140,,,,,+143,,,,,-205,-199,-200,-200,-205,,,-200,,,,,-199,,,,
2024-04-02,Dominic Canzone,/mlb/props/dominic-canzone/,CLE at SEA,SEA,"LF,RF,DH",0.5,+145,+150,+145,+150,+145,,,+135,,,,,+133,,,,,-195,-184,-190,-185,-195,,,-190,,,,,-184,,,,
2024-04-02,Brayan Rocchio,/mlb/props/brayan-rocchio/,CLE at SEA,CLE,"2B,SS",0.5,+120,+120,+115,+120,+115,,,+110,,,,,+116,,,,,-155,-150,-155,-150,-155,,,-155,,,,,-160,,,,
2024-04-02,Andres Gimenez,/mlb/props/andres-giminez/,CLE at SEA,TOR,"2B,SS",0.5,+100,+106,+100,+100,+100,,,+100,,,,,+106,,,,,-130,-130,-135,-130,-135,,,-135,,,,,-145,,,,
2024-04-02,J.P. Crawford,/mlb/props/jp-crawford/,CLE at SEA,SEA,"3B,SS",0.5,+105,+110,+108,+110,+110,,,+105,,,,,+108,,,,,-140,-140,-145,-140,-145,,,-150,,,,,-148,,,,
2024-04-02,Ryan Noda,/mlb/props/ryan-noda/,BOS at ATH,BAL,1B,0.5,+140,+140,+135,+140,+135,,,+130,,,,,+129,,,,,-190,-170,-179,-170,-180,,,-180,,,,,-179,,,,
2024-04-02,Tyler O'Neill,/mlb/props/tyler-oneill/,BOS at ATH,BAL,"LF,RF",0.5,+115,-104,-105,-105,-105,,,-105,,,,,-104,,,,,-145,-125,-130,-125,-130,,,-130,,,,,-131,,,,
2024-04-02,JJ Bleday,/mlb/props/jj-bleday/,BOS at ATH,CIN,"LF,CF,RF,DH",0.5,+130,+125,+120,+125,+120,,,+115,,,,,+114,,,,,-170,-155,-160,-155,-165,,,-160,,,,,-157,,,,
2024-04-02,Connor Wong,/mlb/props/connor-wong/,BOS at ATH,BOS,C,0.5,+160,+160,+155,+160,+155,,,+145,,,,,+143,,,,,-200,-199,-205,-200,-205,,,-215,,,,,-199,,,,
2024-04-02,Brent Rooker,/mlb/props/brent-rooker/,BOS at ATH,ATH,"LF,RF,DH",0.5,+155,+160,+150,+160,+150,,,+145,,,,,+146,,,,,-210,-200,-205,-200,-205,,,-215,,,,,-204,,,,
2024-04-02,J.D. Davis,/mlb/props/jd-davis/,BOS at ATH,FA,"1B,3B",0.5,+110,-103,-105,-110,-105,,,-110,,,,,-103,,,,,-145,-120,-125,-120,-125,,,-125,,,,,-133,,,,
2024-04-02,Masataka Yoshida,/mlb/props/masataka-yoshida/,BOS at ATH,BOS,"LF,DH",0.5,-110,-110,-115,-115,-110,,,-115,,,,,-117,,,,,-120,-115,-117,-115,-120,,,-120,,,,,-117,,,,
2024-04-02,Triston Casas,/mlb/props/triston-casas/,BOS at ATH,BOS,1B,0.5,+135,+150,+145,+150,+145,,,+135,,,,,+139,,,,,-165,-185,-190,-185,-195,,,-190,,,,,-194,,,,
2024-04-02,Seth Brown,/mlb/props/seth-brown/,BOS at ATH,FA,"1B,LF,CF,RF",0.5,+120,+120,+120,+120,+120,,,+115,,,,,+120,,,,,-165,-150,-160,-150,-155,,,-160,,,,,-166,,,,
2024-04-02,Shea Langeliers,/mlb/props/shea-langeliers/,BOS at ATH,ATH,"C,DH",0.5,+165,+165,+159,+165,+160,,,+150,,,,,+159,,,,,-220,-210,-215,-210,-215,,,-220,,,,,-224,,,,
2024-04-02,Pablo Reyes,/mlb/props/pablo-reyes/,BOS at ATH,SD,"2B,3B,RF",0.5,+105,-110,-111,-110,-110,,,-115,,,,,-111,,,,,-135,-120,-120,-120,-120,,,-120,,,,,-123,,,,
2024-04-02,Zack Gelof,/mlb/props/zack-gelof/,BOS at ATH,ATH,"2B,3B,CF",0.5,+105,+100,-105,-105,+100,,,-105,,,,,-106,,,,,-140,-125,-130,-125,-135,,,-130,,,,,-129,,,,
2024-04-02,Bobby Dalbec,/mlb/props/robert-dalbec/,BOS at ATH,FA,"1B,3B",0.5,+170,+170,+160,+170,+170,,,+160,,,,,+159,,,,,-220,-220,-225,-220,-230,,,-225,,,,,-224,,,,
2024-04-02,Nick Allen,/mlb/props/nick-allen-ss/,BOS at ATH,HOU,"2B,3B,SS",0.5,+100,+100,+100,+100,+100,,,+100,,,,,-101,,,,,-135,-130,-135,-130,-135,,,-135,,,,,-135,,,,
2024-04-02,Trevor Story,/mlb/props/trevor-story/,BOS at ATH,BOS,SS,0.5,+105,+108,+105,+105,+105,,,+105,,,,,+108,,,,,-135,-135,-140,-135,-140,,,-140,,,,,-148,,,,
2024-04-02,Ceddanne Rafaela,/mlb/props/ceddanne-rafaela/,BOS at ATH,BOS,"2B,CF",0.5,+115,+120,+115,+120,+115,,,,,,,,+110,,,,,-145,-150,-151,-150,-155,,,,,,,,-151,,,,
2024-04-02,Darell Hernaiz,/mlb/props/darell-hernaiz/,BOS at ATH,ATH,"2B,3B,SS",0.5,+130,+140,+130,+140,+130,,,+125,,,,,+129,,,,,-170,-170,-175,-170,-175,,,-175,,,,,-179,,,,
2024-04-02,Jarren Duran,/mlb/props/jarren-duran/,BOS at ATH,BOS,"LF,CF,DH",0.5,-115,-115,-115,-115,-115,,,-120,,,,,-115,,,,,-115,-115,-115,-115,-115,,,-115,,,,,-119,,,,
2024-04-02,Rafael Devers,/mlb/props/rafael-devers/,BOS at ATH,SF,"1B,DH",0.5,-115,-110,-111,-110,-110,,,-115,,,,,-111,,,,,-115,-120,-120,-120,-120,,,-120,,,,,-123,,,,
2024-04-02,Lawrence Butler,/mlb/props/lawrence-butler/,BOS at ATH,ATH,"CF,RF",0.5,+145,+155,+145,+155,+145,,,+140,,,,,+143,,,,,-195,-190,-195,-190,-195,,,-200,,,,,-199,,,,
2024-04-02,Nolan Gorman,/mlb/props/nolan-gorman/,STL at SD,STL,"2B,3B,DH",0.5,+175,+170,+159,+170,+170,,,+150,,,,,+159,,,,,-240,-220,-224,-220,-230,,,-220,,,,,-224,,,,
2024-04-02,Jordan Walker,/mlb/props/jordan-walker/,STL at SD,STL,"LF,RF",0.5,+100,-105,-106,-110,-105,,,-110,,,,,-106,,,,,-135,-120,-125,-120,-125,,,-125,,,,,-129,,,,
2024-04-02,Jake Cronenworth,/mlb/props/jacob-cronenworth/,STL at SD,SD,"1B,2B,SS",0.5,-150,-142,-150,-145,-150,,,-155,,,,,-142,,,,,+110,+115,+110,+115,+115,,,+110,,,,,+104,,,,
2024-04-02,Ha-Seong Kim,/mlb/props/ha-seong-kim/,STL at SD,ATL,"2B,SS",0.5,-105,-105,-109,-105,-105,,,-110,,,,,-109,,,,,-125,-125,-125,-125,-125,,,-125,,,,,-125,,,,
2024-04-02,Luis Campusano,/mlb/props/luis-campusano/,STL at SD,SD,"C,DH",0.5,-130,-130,-131,-130,-135,,,-135,,,,,-131,,,,,+100,+100,+100,+100,+100,,,+100,,,,,-104,,,,
2024-04-02,Fernando Tatis Jr.,/mlb/props/fernando-tatis-jr/,STL at SD,SD,"2B,RF",0.5,-130,-125,-130,-130,-135,,,-130,,,,,-125,,,,,+100,+100,-105,+100,+100,,,-105,,,,,-109,,,,
2024-04-02,Alec Burleson,/mlb/props/alec-burleson/,STL at SD,STL,"1B,LF,RF,DH",0.5,-105,-115,-115,-115,-115,,,-115,,,,,-119,,,,,-125,-115,-115,-115,-115,,,-115,,,,,-115,,,,
2024-04-02,Brendan Donovan,/mlb/props/brendan-donovan/,STL at SD,SEA,"2B,3B,SS,LF",0.5,-140,-139,-145,-140,-145,,,-150,,,,,-139,,,,,+105,+110,+105,+110,+110,,,+105,,,,,+102,,,,
2024-04-02,Manny Machado,/mlb/props/manny-machado/,STL at SD,SD,"3B,DH",0.5,-125,-121,-125,-125,-125,,,-130,,,,,-121,,,,,-105,-105,-105,-105,-105,,,-105,,,,,-113,,,,
2024-04-02,Paul Goldschmidt,/mlb/props/paul-goldschmidt/,STL at SD,NYY,"1B,DH",0.5,+100,+100,+100,+100,+100,,,+100,,,,,-101,,,,,-135,-130,-130,-130,-130,,,-135,,,,,-135,,,,
2024-04-02,Graham Pauley,/mlb/props/graham-pauley/,STL at SD,MIA,"1B,3B",0.5,-110,-110,-113,-115,-110,,,-115,,,,,-113,,,,,-120,-115,-120,-115,-120,,,-120,,,,,-121,,,,
2024-04-02,Jackson Merrill,/mlb/props/jackson-merrill/,STL at SD,SD,CF,0.5,-105,-115,-115,-115,-115,,,-115,,,,,-115,,,,,-125,-115,-115,-115,-115,,,-115,,,,,-119,,,,
2024-04-02,Masyn Winn,/mlb/props/masyn-winn-p/,STL at SD,STL,SS,0.5,+125,+135,+130,+135,+130,,,+120,,,,,+116,,,,,-170,-160,-165,-165,-170,,,-165,,,,,-160,,,,
2024-04-02,Victor Scott,/mlb/props/victor-scott/,STL at SD,STL,CF,0.5,+115,+115,+110,+115,+110,,,+105,,,,,+112,,,,,-155,-145,-150,-145,-150,,,-150,,,,,-154,,,,
2024-04-02,Willson Contreras,/mlb/props/willson-contreras/,STL at SD,BOS,1B,0.5,+110,+104,+100,+100,+100,,,+100,,,,,+104,,,,,-150,-130,-135,-130,-135,,,-135,,,,,-142,,,,
2024-04-02,Xander Bogaerts,/mlb/props/xander-bogaerts/,STL at SD,SD,SS,0.5,-150,-150,-155,-150,-155,,,-155,,,,,-157,,,,,+110,+120,+115,+120,+115,,,+110,,,,,+114,,,,
2024-04-02,Jurickson Profar,/mlb/props/jurickson-profar/,STL at SD,ATL,LF,0.5,-130,-123,-125,-125,-125,,,-130,,,,,-123,,,,,-105,-105,-105,-105,-105,,,-105,,,,,-111,,,,
2024-04-02,Tyler Wade,/mlb/props/tyler-wade/,STL at SD,FA,"2B,LF,CF",0.5,-125,-120,-123,-120,-125,,,-125,,,,,-123,,,,,-105,-105,-110,-110,-105,,,-110,,,,,-111,,,,
2024-04-02,Nolan Arenado,/mlb/props/nolan-arenado/,STL at SD,ARI,3B,0.5,+105,+100,-104,+100,+100,,,-105,,,,,-104,,,,,-135,-130,-130,-130,-130,,,-130,,,,,-131,,,,
2024-04-02,Michael Siani,/mlb/props/mike-siani/,STL at SD,BAL,CF,0.5,+130,+135,+130,+135,+130,,,+120,,,,,+120,,,,,-170,-165,-166,-165,-170,,,-165,,,,,-166,,,,
2024-04-02,Corbin Carroll,/mlb/props/corbin-carroll-of/,NYY at ARI,ARI,"CF,RF",0.5,-120,-120,-125,-120,-120,,,-125,,,,,-127,,,,,-110,-108,-110,-110,-110,,,-110,,,,,-108,,,,
2024-04-02,Anthony Volpe,/mlb/props/anthony-volpe/,NYY at ARI,NYY,SS,0.5,+110,+110,+108,+105,+110,,,+105,,,,,+108,,,,,-145,-135,-140,-135,-145,,,-140,,,,,-148,,,,
2024-04-02,Lourdes Gurriel Jr.,/mlb/props/lourdes-gurriel-jr/,NYY at ARI,ARI,"LF,DH",0.5,-140,-120,-125,-120,-125,,,-125,,,,,-125,,,,,+105,-105,-109,-110,-105,,,-110,,,,,-109,,,,
2024-04-02,Jose Trevino,/mlb/props/jose-trevino/,NYY at ARI,CIN,C,0.5,+105,+105,+105,+105,+105,,,+105,,,,,+100,,,,,-140,-135,-137,-135,-140,,,-140,,,,,-137,,,,
2024-04-02,Gabriel Moreno,/mlb/props/gabriel-moreno/,NYY at ARI,ARI,C,0.5,-120,-105,-106,-105,-105,,,-110,,,,,-106,,,,,-110,-125,-125,-125,-125,,,-125,,,,,-129,,,,
2024-04-02,Gleyber Torres,/mlb/props/gleyber-torres/,NYY at ARI,DET,2B,0.5,-130,-125,-130,-125,-130,,,-125,,,,,-135,,,,,+100,+100,-105,-105,+100,,,-110,,,,,-101,,,,
2024-04-02,Blaze Alexander,/mlb/props/blaze-alexander/,NYY at ARI,BAL,"2B,3B,SS,LF,CF",0.5,+125,+120,+115,+120,+115,,,,,,,,+112,,,,,-170,-150,-154,-150,-155,,,,,,,,-154,,,,
2024-04-02,Aaron Judge,/mlb/props/aaron-judge/,NYY at ARI,NYY,"LF,CF,RF,DH",0.5,+150,+160,+150,+160,+150,,,+145,,,,,+146,,,,,-205,-200,-204,-200,-200,,,-215,,,,,-204,,,,
2024-04-02,Geraldo Perdomo,/mlb/props/geraldo-perdomo/,NYY at ARI,ARI,SS,0.5,+110,+125,+115,+125,+120,,,+115,,,,,+110,,,,,-150,-151,-155,-155,-160,,,-160,,,,,-151,,,,
2024-04-02,Giancarlo Stanton,/mlb/props/giancarlo-stanton/,NYY at ARI,NYY,"LF,RF,DH",0.5,+135,+140,+130,+140,+130,,,+125,,,,,+126,,,,,-185,-170,-174,-170,-175,,,-175,,,,,-174,,,,
2024-04-02,Juan Soto,/mlb/props/juan-soto/,NYY at ARI,NYM,"LF,RF,DH",0.5,+100,+105,+105,+105,+105,,,+105,,,,,+104,,,,,-130,-135,-140,-135,-140,,,-140,,,,,-142,,,,
2024-04-02,Ketel Marte,/mlb/props/ketel-marte/,NYY at ARI,ARI,"2B,DH",0.5,-115,-105,-110,-110,-105,,,-110,,,,,-113,,,,,-115,-120,-121,-120,-125,,,-125,,,,,-121,,,,
2024-04-02,Austin Wells,/mlb/props/austin-wells/,NYY at ARI,NYY,C,0.5,+105,+105,+105,+105,+105,,,,,,,,+104,,,,,-140,-135,-140,-135,-140,,,,,,,,-142,,,,
2024-04-02,Oswaldo Cabrera,/mlb/props/oswaldo-cabrera/,NYY at ARI,NYY,3B,0.5,+105,+105,+100,+100,+105,,,+100,,,,,+100,,,,,-140,-130,-135,-130,-135,,,-135,,,,,-137,,,,
2024-04-02,Christian Walker,/mlb/props/christian-walker/,NYY at ARI,HOU,1B,0.5,+125,+140,+130,+140,+130,,,+130,,,,,+123,,,,,-170,-169,-175,-170,-175,,,-180,,,,,-169,,,,
2024-04-02,Jorge Barrosa,/mlb/props/jorge-barrosa/,NYY at ARI,ARI,"LF,CF,RF",0.5,+123,+135,+123,+135,,,,,,,,,+123,,,,,-169,-165,-169,-165,,,,,,,,,-169,,,,
2024-04-02,Jake McCarthy,/mlb/props/jake-mccarthy/,NYY at ARI,COL,"LF,CF,RF",0.5,+110,+125,+115,+125,+115,,,+115,,,,,+114,,,,,-150,-155,-157,-155,-155,,,-160,,,,,-157,,,,
2024-04-02,Eugenio Suarez,/mlb/props/eugenio-suarez/,NYY at ARI,CIN,"3B,DH",0.5,+180,+180,+172,+180,+175,,,+165,,,,,+172,,,,,-245,-230,-240,-230,-240,,,-240,,,,,-244,,,,
2024-04-02,Anthony Rizzo,/mlb/props/anthony-rizzo/,NYY at ARI,FA,1B,0.5,+105,+110,+105,+110,+110,,,+105,,,,,-101,,,,,-140,-135,-140,-140,-145,,,-150,,,,,-135,,,,
2024-04-02,Alex Verdugo,/mlb/props/alex-verdugo/,NYY at ARI,FA,"LF,RF",0.5,-120,-115,-120,-115,-115,,,-120,,,,,-121,,,,,-110,-113,-115,-115,-115,,,-115,,,,,-113,,,,
2024-04-02,Gavin Lux,/mlb/props/gavin-lux/,SF at LAD,TB,"2B,3B,LF,DH",0.5,+105,-105,-108,-110,-105,,,-110,,,,,-108,,,,,-140,-120,-125,-120,-125,,,-125,,,,,-127,,,,
2024-04-02,Michael Conforto,/mlb/props/michael-conforto/,SF at LAD,CHC,"LF,RF,DH",0.5,+135,+130,+125,+130,+125,,,+120,,,,,+120,,,,,-180,-160,-165,-160,-165,,,-165,,,,,-166,,,,
2024-04-02,Jorge Soler,/mlb/props/jorge-soler/,SF at LAD,LAA,"RF,DH",0.5,+135,+145,+140,+145,+140,,,+130,,,,,+133,,,,,-180,-180,-184,-180,-185,,,-180,,,,,-184,,,,
2024-04-02,Max Muncy,/mlb/props/max-muncy/,SF at LAD,LAD,3B,0.5,+130,+140,+135,+140,+135,,,+125,,,,,+126,,,,,-175,-170,-175,-170,-180,,,-175,,,,,-174,,,,
2024-04-02,Enrique Hernandez,/mlb/props/enrique-hernandez/,SF at LAD,LAD,"1B,2B,3B,LF",0.5,-105,-105,-106,-105,-105,,,-110,,,,,-106,,,,,-130,-125,-129,-125,-130,,,-125,,,,,-129,,,,
2024-04-02,Freddie Freeman,/mlb/props/freddie-freeman/,SF at LAD,LAD,1B,0.5,-165,-160,-165,-160,-170,,,-165,,,,,-169,,,,,+125,+130,+125,+130,+125,,,+120,,,,,+123,,,,
2024-04-02,Jung Hoo Lee,/mlb/props/jung-lee/,SF at LAD,SF,"CF,RF",0.5,-145,-145,-148,-145,-150,,,-150,,,,,-148,,,,,+110,+115,+108,+115,+115,,,+105,,,,,+108,,,,
2024-04-02,Mookie Betts,/mlb/props/mookie-betts/,SF at LAD,LAD,SS,0.5,-170,-160,-165,-160,-165,,,-160,,,,,-169,,,,,+125,+130,+123,+130,+125,,,+115,,,,,+123,,,,
2024-04-02,LaMonte Wade Jr.,/mlb/props/lamonte-wade/,SF at LAD,HOU,"1B,RF",0.5,+130,+140,+130,+140,+135,,,+130,,,,,+123,,,,,-170,-169,-170,-170,-180,,,-180,,,,,-169,,,,
2024-04-02,Wilmer Flores,/mlb/props/wilmer-flores/,SF at LAD,FA,"1B,DH",0.5,+120,+125,+120,+125,+120,,,+115,,,,,+118,,,,,-160,-155,-160,-155,-160,,,-160,,,,,-163,,,,
2024-04-02,Matt Chapman,/mlb/props/matt-chapman/,SF at LAD,SF,3B,0.5,+135,+140,+133,+140,+135,,,+125,,,,,+133,,,,,-180,-170,-175,-170,-180,,,-175,,,,,-184,,,,
2024-04-02,Thairo Estrada,/mlb/props/thairo-estrada/,SF at LAD,FA,2B,0.5,+100,+100,-103,-105,+100,,,-105,,,,,-103,,,,,-135,-125,-130,-125,-130,,,-130,,,,,-133,,,,
2024-04-02,James Outman,/mlb/props/james-outman/,SF at LAD,DET,"LF,CF,RF",0.5,+130,+135,+130,+135,+130,,,+125,,,,,+123,,,,,-170,-165,-169,-165,-175,,,-175,,,,,-169,,,,
2024-04-02,Nick Ahmed,/mlb/props/nick-ahmed/,SF at LAD,FA,SS,0.5,+145,+155,+150,+155,+150,,,+140,,,,,+139,,,,,-195,-190,-200,-190,-205,,,-200,,,,,-194,,,,
2024-04-02,Tyler Fitzgerald,/mlb/props/tyler-fitzgerald/,SF at LAD,FA,2B,0.5,+160,+165,+160,+165,+160,,,,,,,,,,,,,-215,-210,-215,-210,-215,,,,,,,,,,,,
2024-04-02,Patrick Bailey,/mlb/props/patrick-bailey/,SF at LAD,CLE,C,0.5,+125,+135,+125,+135,+135,,,+125,,,,,+123,,,,,-170,-165,-175,-165,-180,,,-175,,,,,-169,,,,
2024-04-02,Mike Yastrzemski,/mlb/props/michael-yastrzemski/,SF at LAD,ATL,"LF,CF,RF",0.5,+170,+210,+195,+210,+195,,,+190,,,,,+184,,,,,-230,-264,-270,-270,-275,,,-275,,,,,-264,,,,
2024-04-02,Shohei Ohtani,/mlb/props/shohei-ohtani/,SF at LAD,LAD,"SP,DH",0.5,-125,-125,-127,-125,-130,,,-130,,,,,-127,,,,,-105,-105,-105,-105,-105,,,-105,,,,,-108,,,,
2024-04-02,Teoscar Hernandez,/mlb/props/teoscar-hernandez/,SF at LAD,LAD,"LF,RF",0.5,-105,-105,-105,-105,-105,,,-105,,,,,-106,,,,,-125,-125,-129,-125,-130,,,-130,,,,,-129,,,,
2024-04-02,Will Smith,/mlb/props/will-smith-c/,SF at LAD,LAD,C,0.5,-160,-155,-160,-155,-160,,,-160,,,,,-166,,,,,+120,+125,+120,+125,+120,,,+115,,,,,+120,,,,
2024-04-02,Chris Taylor,/mlb/props/chris-taylor/,SF at LAD,FA,"2B,LF,CF,RF",0.5,+115,+115,+110,+115,+115,,,+110,,,,,+110,,,,,-155,-145,-150,-145,-150,,,-155,,,,,-151,,,,
2024-04-03,Kyle Isbel,/mlb/props/kyle-isbel/,KC at BAL,KC,CF,0.5,+135,+145,+140,+145,+140,,,+130,,,,,+129,,,,,-180,-179,-180,-180,-185,,,-180,,,,,-179,,,,
2024-04-03,Anthony Santander,/mlb/props/anthony-santander/,KC at BAL,TOR,"LF,RF,DH",0.5,+130,+145,+135,+145,+135,,,+130,,,,,+126,,,,,-170,-174,-180,-180,-180,,,-180,,,,,-174,,,,
2024-04-03,Austin Hays,/mlb/props/austin-hays/,KC at BAL,CWS,"LF,DH",0.5,+100,+105,+102,+105,+105,,,+100,,,,,+102,,,,,-130,-135,-139,-135,-140,,,-135,,,,,-139,,,,
2024-04-03,Salvador Perez,/mlb/props/salvador-perez/,KC at BAL,KC,"C,1B,DH",0.5,-105,-109,-110,-110,-110,,,-115,,,,,-109,,,,,-125,-120,-120,-120,-120,,,-120,,,,,-125,,,,
2024-04-03,Ryan Mountcastle,/mlb/props/ryan-mountcastle/,KC at BAL,BAL,"1B,DH",0.5,-125,-120,-120,-120,-120,,,-120,,,,,-125,,,,,-105,-109,-110,-110,-110,,,-115,,,,,-109,,,,
2024-04-03,Vinnie Pasquantino,/mlb/props/vinnie-pasquantino/,KC at BAL,KC,"1B,DH",0.5,-110,-105,-110,-110,-105,,,-110,,,,,-117,,,,,-120,-117,-120,-120,-125,,,-125,,,,,-117,,,,
2024-04-03,Ramon Urias,/mlb/props/ramon-urias/,KC at BAL,STL,"2B,3B",0.5,+110,+125,+120,+125,+120,,,+115,,,,,+118,,,,,-145,-155,-160,-155,-160,,,-160,,,,,-163,,,,
2024-04-03,MJ Melendez,/mlb/props/mj-melendez/,KC at BAL,NYM,"LF,DH",0.5,+140,+145,+140,+145,+140,,,+135,,,,,+136,,,,,-185,-180,-185,-180,-185,,,-190,,,,,-189,,,,
2024-04-03,Jordan Westburg,/mlb/props/jordan-westburg/,KC at BAL,BAL,"2B,3B",0.5,+140,+145,+140,+145,+140,,,+135,,,,,+136,,,,,-185,-180,-189,-180,-190,,,-190,,,,,-189,,,,
2024-04-03,Freddy Fermin,/mlb/props/freddy-fermin/,KC at BAL,SD,C,0.5,-110,-110,-111,-115,-110,,,-115,,,,,-111,,,,,-120,-115,-120,-115,-120,,,-120,,,,,-123,,,,
2024-04-03,Nelson Velazquez,/mlb/props/nelson-velazquez/,KC at BAL,STL,"LF,RF,DH",0.5,+150,+150,+140,+150,+140,,,+135,,,,,+136,,,,,-200,-185,-189,-185,-190,,,-190,,,,,-189,,,,
2024-04-03,Adley Rutschman,/mlb/props/adley-rutschman/,KC at BAL,BAL,"C,DH",0.5,-110,-108,-110,-115,-110,,,-115,,,,,-108,,,,,-120,-115,-120,-115,-120,,,-120,,,,,-127,,,,
2024-04-03,James McCann,/mlb/props/james-mccann/,KC at BAL,ARI,C,0.5,+125,+130,+125,+130,+125,,,+120,,,,,+123,,,,,-170,-160,-165,-160,-170,,,-165,,,,,-169,,,,
2024-04-03,Jorge Mateo,/mlb/props/jorge-mateo/,KC at BAL,ATL,"2B,SS,CF,DH",0.5,+120,+110,+106,+110,+110,,,+105,,,,,+106,,,,,-160,-140,-145,-140,-145,,,-140,,,,,-145,,,,
2024-04-03,Cedric Mullins II,/mlb/props/cedric-mullins/,KC at BAL,TB,CF,0.5,+115,+130,+120,+130,+120,,,+120,,,,,+114,,,,,-155,-157,-160,-160,-165,,,-165,,,,,-157,,,,
2024-04-03,Adam Frazier,/mlb/props/adam-frazier/,KC at BAL,LAA,"2B,LF,RF",0.5,+110,+110,+105,+110,+110,,,+105,,,,,+104,,,,,-145,-140,-145,-140,-145,,,-150,,,,,-142,,,,
2024-04-03,Gunnar Henderson,/mlb/props/gunnar-henderson/,KC at BAL,BAL,"SS,DH",0.5,-120,-110,-115,-115,-110,,,-115,,,,,-117,,,,,-110,-115,-117,-115,-120,,,-120,,,,,-117,,,,
2024-04-03,Hunter Renfroe,/mlb/props/hunter-renfroe/,KC at BAL,FA,RF,0.5,+120,+120,+115,+120,+115,,,+110,,,,,+114,,,,,-160,-150,-155,-150,-155,,,-155,,,,,-157,,,,
2024-04-03,Maikel Garcia,/mlb/props/maikel-garcia/,KC at BAL,KC,"2B,3B,SS,OF",0.5,-170,-170,-175,-170,-180,,,-175,,,,,-174,,,,,+130,+140,+135,+140,+135,,,+125,,,,,+126,,,,
2024-04-03,Bobby Witt Jr.,/mlb/props/bobby-witt-jr/,KC at BAL,KC,SS,0.5,-145,-140,-145,-140,-145,,,-150,,,,,-148,,,,,+110,+110,+108,+110,+110,,,+105,,,,,+108,,,,
2024-04-03,Oliver Dunn,/mlb/props/oliver-dunn/,MIN at MIL,TB,3B,0.5,+165,+165,+152,+165,+165,,,+150,,,,,+152,,,,,-220,-210,-214,-210,-220,,,-220,,,,,-214,,,,
2024-04-03,Gary Sanchez,/mlb/props/gary-sanchez/,MIN at MIL,MIL,"C,1B,DH",0.5,+150,+155,+146,+155,+150,,,+135,,,,,+146,,,,,-200,-190,-200,-190,-200,,,-190,,,,,-204,,,,
2024-04-03,Christian Yelich,/mlb/props/christian-yelich/,MIN at MIL,MIL,"LF,DH",0.5,-115,-115,-115,-115,-115,,,-115,,,,,-115,,,,,-115,-115,-115,-115,-115,,,-115,,,,,-119,,,,
2024-04-03,Jake Bauers,/mlb/props/jake-bauers/,MIN at MIL,MIL,"1B,LF,RF",0.5,+190,+195,+190,+195,+190,,,+175,,,,,+178,,,,,-260,-245,-254,-245,-260,,,-250,,,,,-254,,,,
2024-04-03,Sal Frelick,/mlb/props/sal-frelick/,MIN at MIL,MIL,"LF,CF,RF",0.5,-125,-115,-120,-115,-120,,,-120,,,,,-121,,,,,-105,-110,-113,-115,-110,,,-115,,,,,-113,,,,
2024-04-03,Edouard Julien,/mlb/props/edouard-julien/,MIN at MIL,COL,"1B,2B,DH",0.5,+120,+120,+112,+120,+120,,,+110,,,,,+112,,,,,-155,-150,-154,-150,-155,,,-155,,,,,-154,,,,
2024-04-03,Willy Adames,/mlb/props/willy-adames/,MIN at MIL,SF,SS,0.5,+120,+116,+115,+115,+115,,,+105,,,,,+116,,,,,-160,-145,-150,-145,-155,,,-150,,,,,-160,,,,
2024-04-03,Brice Turang,/mlb/props/brice-turang/,MIN at MIL,MIL,2B,0.5,+125,+120,+116,+120,+120,,,+110,,,,,+116,,,,,-165,-150,-155,-150,-160,,,-155,,,,,-160,,,,
2024-04-03,Kyle Farmer,/mlb/props/kyle-farmer/,MIN at MIL,ATL,"1B,2B,3B,SS,DH",0.5,-110,-110,-111,-115,-110,,,-115,,,,,-111,,,,,-120,-115,-120,-115,-120,,,-120,,,,,-123,,,,
2024-04-03,Matt Wallner,/mlb/props/matt-wallner/,MIN at MIL,MIN,"LF,RF",0.5,+200,+210,+190,+210,+200,,,+180,,,,,+190,,,,,-275,-260,-270,-270,-275,,,-260,,,,,-274,,,,
2024-04-03,Alex Kirilloff,/mlb/props/alex-kirilloff/,MIN at MIL,FA,"1B,LF,RF",0.5,-135,-130,-135,-130,-135,,,-135,,,,,-135,,,,,+105,+105,+100,+100,+105,,,+100,,,,,-101,,,,
2024-04-03,Willi Castro,/mlb/props/willi-castro/,MIN at MIL,COL,"1B,2B,3B,SS,LF,RF",0.5,+130,+115,+110,+115,+110,,,+110,,,,,+110,,,,,-170,-145,-150,-145,-150,,,-155,,,,,-151,,,,
2024-04-03,Carlos Correa,/mlb/props/carlos-correa/,MIN at MIL,HOU,"3B,SS",0.5,-125,-110,-115,-115,-110,,,-115,,,,,-117,,,,,-105,-115,-117,-115,-120,,,-120,,,,,-117,,,,
2024-04-03,Rhys Hoskins,/mlb/props/rhys-hoskins/,MIN at MIL,CLE,"1B,DH",0.5,+140,+126,+120,+125,+120,,,+115,,,,,+126,,,,,-190,-155,-165,-155,-165,,,-160,,,,,-174,,,,
2024-04-03,Jackson Chourio,/mlb/props/jackson-chourio/,MIN at MIL,MIL,"LF,CF,RF",0.5,+120,-105,-123,-125,-125,,,-105,,,,,-123,,,,,-155,-105,-111,-105,-105,,,-130,,,,,-111,,,,
2024-04-03,Max Kepler,/mlb/props/max-kepler/,MIN at MIL,ARI,"LF,RF",0.5,+110,+100,-101,-105,+100,,,-105,,,,,-101,,,,,-145,-125,-130,-125,-135,,,-130,,,,,-135,,,,
2024-04-03,Joey Ortiz,/mlb/props/joey-ortiz/,MIN at MIL,MIL,"3B,SS",0.5,+125,+115,+112,+115,+115,,,+110,,,,,+112,,,,,-165,-145,-150,-145,-150,,,-155,,,,,-154,,,,
2024-04-03,Byron Buxton,/mlb/props/byron-buxton/,MIN at MIL,MIN,"CF,DH",0.5,+140,+130,+125,+130,+125,,,+120,,,,,+123,,,,,-185,-160,-165,-160,-170,,,-165,,,,,-169,,,,
2024-04-03,William Contreras,/mlb/props/william-contreras/,MIN at MIL,MIL,"C,DH",0.5,-120,-121,-125,-125,-125,,,-130,,,,,-121,,,,,-110,-105,-105,-105,-105,,,-105,,,,,-113,,,,
2024-04-03,Ryan Jeffers,/mlb/props/ryan-jeffers/,MIN at MIL,MIN,"C,DH",0.5,+120,+120,+114,+120,+120,,,+110,,,,,+114,,,,,-160,-150,-155,-150,-155,,,-155,,,,,-157,,,,
2024-04-03,Carlos Santana,/mlb/props/carlos-santana/,MIN at MIL,ATL,1B,0.5,+115,+115,+110,+115,+110,,,+105,,,,,+114,,,,,-155,-145,-150,-145,-150,,,-150,,,,,-157,,,,
2024-04-03,Logan O'Hoppe,/mlb/props/logan-ohoppe/,LAA at MIA,LAA,C,0.5,+125,+135,+125,+135,+125,,,+120,,,,,+123,,,,,-170,-165,-169,-165,-170,,,-165,,,,,-169,,,,
2024-04-03,Brandon Drury,/mlb/props/brandon-drury/,LAA at MIA,KC,"1B,2B,3B",0.5,+115,+105,+105,+105,+105,,,+105,,,,,+102,,,,,-150,-135,-139,-135,-140,,,-140,,,,,-139,,,,
2024-04-03,Christian Bethancourt,/mlb/props/christian-bethancourt/,LAA at MIA,CHC,C,0.5,+135,+145,+135,+145,+135,,,+130,,,,,+129,,,,,-180,-179,-180,-180,-180,,,-180,,,,,-179,,,,
2024-04-03,Jonah Bride,/mlb/props/jonah-bride/,LAA at MIA,TEX,"1B,3B",0.5,+125,+135,+130,+135,+130,,,+125,,,,,+123,,,,,-170,-165,-169,-165,-175,,,-175,,,,,-169,,,,
2024-04-03,Anthony Rendon,/mlb/props/anthony-rendon/,LAA at MIA,LAA,3B,0.5,+105,+105,+100,+100,+105,,,-105,,,,,+104,,,,,-140,-130,-140,-130,-140,,,-130,,,,,-142,,,,
2024-04-03,Zach Neto,/mlb/props/zach-neto/,LAA at MIA,LAA,SS,0.5,+140,+135,+130,+135,+130,,,+125,,,,,+133,,,,,-190,-165,-175,-165,-175,,,-175,,,,,-184,,,,
2024-04-03,Luis Rengifo,/mlb/props/luis-rengifo/,LAA at MIA,SD,"2B,3B,OF",0.5,-130,-125,-130,-125,-130,,,-130,,,,,-131,,,,,-105,-104,-105,-105,-105,,,-105,,,,,-104,,,,
2024-04-03,Josh Bell,/mlb/props/josh-bell/,LAA at MIA,MIN,"1B,DH",0.5,-110,-110,-111,-115,-110,,,-115,,,,,-111,,,,,-120,-115,-120,-115,-120,,,-120,,,,,-123,,,,
2024-04-03,Mike Trout,/mlb/props/mike-trout/,LAA at MIA,LAA,"CF,RF,DH",0.5,+125,+115,+112,+115,+115,,,+110,,,,,+112,,,,,-170,-145,-150,-145,-150,,,-155,,,,,-154,,,,
2024-04-03,Matt Thaiss,/mlb/props/matt-thaiss/,LAA at MIA,BOS,C,0.5,+145,+145,+140,+145,+140,,,+135,,,,,+139,,,,,-200,-180,-190,-180,-190,,,-190,,,,,-194,,,,
2024-04-03,Nolan Schanuel,/mlb/props/nolan-schanuel/,LAA at MIA,LAA,1B,0.5,+105,+123,+110,-105,+110,,,+120,,,,,+123,,,,,-140,-125,-145,-125,-145,,,-150,,,,,-169,,,,
2024-04-03,Avisail Garcia,/mlb/props/avisail-garcia/,LAA at MIA,FA,"LF,RF",0.5,+115,+125,+120,+125,+125,,,+115,,,,,+120,,,,,-155,-155,-160,-155,-165,,,-160,,,,,-166,,,,
2024-04-03,Jazz Chisholm Jr.,/mlb/props/jasrado-chisholm/,LAA at MIA,NYY,"2B,3B",0.5,+115,+118,+115,+115,+115,,,+110,,,,,+118,,,,,-150,-145,-155,-145,-150,,,-155,,,,,-163,,,,
2024-04-03,Miguel Sano,/mlb/props/miguel-sano/,LAA at MIA,FA,"1B,3B",0.5,+180,+175,+165,+175,+170,,,+160,,,,,+165,,,,,-245,-225,-234,-225,-235,,,-225,,,,,-234,,,,
2024-04-03,Jake Burger,/mlb/props/jake-burger-3b/,LAA at MIA,TEX,1B,0.5,+105,+105,+105,+105,+105,,,+105,,,,,+104,,,,,-140,-135,-140,-135,-140,,,-140,,,,,-142,,,,
2024-04-03,Tim Anderson,/mlb/props/tim-anderson/,LAA at MIA,FA,"2B,SS",0.5,-160,-150,-155,-150,-150,,,-155,,,,,-160,,,,,+120,+120,+115,+120,+115,,,+110,,,,,+116,,,,
2024-04-03,Jo Adell,/mlb/props/jo-adell/,LAA at MIA,LAA,"LF,CF,RF",0.5,+160,+165,+159,+165,+160,,,+150,,,,,+159,,,,,-215,-210,-215,-210,-215,,,-220,,,,,-224,,,,
2024-04-03,Aaron Hicks,/mlb/props/aaron-hicks/,LAA at MIA,FA,"LF,CF,RF",0.5,+110,+108,+105,+105,+105,,,+105,,,,,+108,,,,,-145,-135,-140,-135,-140,,,-140,,,,,-148,,,,
2024-04-03,Taylor Ward,/mlb/props/taylor-ward/,LAA at MIA,BAL,LF,0.5,+100,-105,-106,-110,-105,,,-110,,,,,-106,,,,,-135,-120,-125,-120,-125,,,-125,,,,,-129,,,,
2024-04-03,Nick Fortes,/mlb/props/nick-fortes/,LAA at MIA,TB,C,0.5,+120,+120,+115,+120,+120,,,+115,,,,,+114,,,,,-155,-150,-155,-150,-155,,,-160,,,,,-157,,,,
2024-04-03,Luis Arraez,/mlb/props/luis-arraez/,LAA at MIA,SF,"1B,2B,DH",0.5,-230,-224,-225,-225,-240,,,-225,,,,,-224,,,,,+165,+175,+160,+175,+175,,,+160,,,,,+159,,,,
2024-04-03,Bryan De La Cruz,/mlb/props/bryan-de-la-cruz/,LAA at MIA,PHI,LF,0.5,-115,-113,-115,-115,-115,,,-120,,,,,-113,,,,,-115,-115,-115,-115,-115,,,-115,,,,,-121,,,,
2024-04-03,Vidal Brujan,/mlb/props/vidal-brujan-2b/,LAA at MIA,NYM,"3B,SS,OF",0.5,+125,+130,+125,+130,+125,,,+120,,,,,+120,,,,,-165,-160,-165,-160,-165,,,-165,,,,,-166,,,,
2024-04-03,Jose Caballero,/mlb/props/jose-caballero/,TEX at TB,NYY,"2B,3B,SS,LF,RF",0.5,+145,+150,+140,+150,+140,,,+135,,,,,+139,,,,,-195,-185,-190,-185,-190,,,-190,,,,,-194,,,,
2024-04-03,Randy Arozarena,/mlb/props/randy-arozarena/,TEX at TB,SEA,"LF,CF",0.5,+105,+110,+105,+110,+105,,,+105,,,,,+104,,,,,-140,-140,-142,-140,-140,,,-150,,,,,-142,,,,
2024-04-03,Wyatt Langford,/mlb/props/wyatt-langford/,TEX at TB,TEX,"LF,CF",0.5,+105,-110,-113,-115,-110,,,-115,,,,,-113,,,,,-140,-115,-120,-115,-120,,,-120,,,,,-121,,,,
2024-04-03,Jose Siri,/mlb/props/jose-siri/,TEX at TB,LAA,"LF,CF",0.5,+140,+170,+159,+170,+165,,,+150,,,,,+159,,,,,-190,-220,-224,-220,-225,,,-220,,,,,-224,,,,
2024-04-03,Ezequiel Duran,/mlb/props/ezequiel-duran/,TEX at TB,TEX,"1B,2B,3B,SS,LF,RF",0.5,+125,+130,+125,+130,+125,,,+120,,,,,+120,,,,,-165,-160,-165,-160,-165,,,-165,,,,,-166,,,,
2024-04-03,Adolis Garcia,/mlb/props/jose-adolis-garcia/,TEX at TB,PHI,RF,0.5,+140,+140,+135,+140,+135,,,+125,,,,,+129,,,,,-190,-170,-175,-170,-180,,,-175,,,,,-179,,,,
2024-04-03,Leody Taveras,/mlb/props/leody-taveras-of/,TEX at TB,BAL,"CF,RF",0.5,+115,+110,+106,+110,+110,,,+105,,,,,+106,,,,,-150,-140,-145,-140,-145,,,-140,,,,,-145,,,,
2024-04-03,Josh Smith,/mlb/props/josh-smith-ss/,TEX at TB,TEX,"1B,2B,3B,SS,LF,RF",0.5,+145,+140,+135,+140,+135,,,+125,,,,,+129,,,,,-200,-170,-175,-170,-180,,,-175,,,,,-179,,,,
2024-04-03,Jonah Heim,/mlb/props/jonah-heim/,TEX at TB,ATH,"C,DH",0.5,+120,+125,+120,+125,+120,,,+115,,,,,+116,,,,,-160,-155,-160,-155,-160,,,-160,,,,,-160,,,,
2024-04-03,Isaac Paredes,/mlb/props/isaac-paredes/,TEX at TB,HOU,"1B,3B,DH",0.5,+135,+135,+126,+135,+125,,,+120,,,,,+126,,,,,-180,-165,-170,-165,-170,,,-165,,,,,-174,,,,
2024-04-03,Ben Rortvedt,/mlb/props/benjamin-rortvedt/,TEX at TB,NYM,C,0.5,+140,+140,+135,+140,+135,,,+125,,,,,+136,,,,,-190,-170,-180,-170,-180,,,-175,,,,,-189,,,,
2024-04-03,Jared Walsh,/mlb/props/jared-walsh/,TEX at TB,FA,"1B,RF",0.5,+190,+190,+178,+190,+180,,,+165,,,,,+178,,,,,-260,-240,-245,-240,-245,,,-240,,,,,-254,,,,
2024-04-03,Marcus Semien,/mlb/props/marcus-semien/,TEX at TB,NYM,2B,0.5,-115,-115,-120,-115,-115,,,-120,,,,,-123,,,,,-115,-111,-115,-115,-115,,,-115,,,,,-111,,,,
2024-04-03,Andrew Knizner,/mlb/props/andrew-knizner/,TEX at TB,BOS,C,0.5,+125,+125,+115,+125,+125,,,+115,,,,,+114,,,,,-165,-155,-160,-155,-165,,,-160,,,,,-157,,,,
2024-04-03,Richie Palacios,/mlb/props/richie-palacios/,TEX at TB,TB,"2B,LF",0.5,-105,-110,-115,-115,-110,,,-115,,,,,-119,,,,,-125,-115,-120,-115,-120,,,-120,,,,,-115,,,,
2024-04-03,Corey Seager,/mlb/props/corey-seager/,TEX at TB,TEX,SS,0.5,-105,-105,-111,-115,-105,,,-115,,,,,-111,,,,,-125,-115,-120,-115,-125,,,-120,,,,,-123,,,,
2024-04-03,Yandy Diaz,/mlb/props/yandy-diaz/,TEX at TB,TB,"1B,DH",0.5,-150,-135,-140,-135,-140,,,-140,,,,,-148,,,,,+110,+108,+105,+105,+105,,,+105,,,,,+108,,,,
2024-04-03,Evan Carter,/mlb/props/evan-carter/,TEX at TB,TEX,"LF,CF,RF",0.5,+120,+120,+110,+120,+120,,,+110,,,,,+110,,,,,-160,-150,-155,-150,-160,,,-155,,,,,-151,,,,
2024-04-03,Harold Ramirez,/mlb/props/harold-ramirez-of/,TEX at TB,FA,"LF,RF,DH",0.5,-140,-130,-135,-130,-135,,,-130,,,,,-137,,,,,+105,+100,+100,+100,+100,,,-105,,,,,+100,,,,
2024-04-03,Brandon Lowe,/mlb/props/brandon-lowe/,TEX at TB,PIT,2B,0.5,+110,+120,+115,+120,+115,,,+110,,,,,+108,,,,,-145,-148,-150,-150,-150,,,-155,,,,,-148,,,,
2024-04-03,Masataka Yoshida,/mlb/props/masataka-yoshida/,BOS at ATH,BOS,"LF,DH",0.5,-120,-115,-120,-115,-120,,,-120,,,,,-123,,,,,-110,-110,-111,-115,-110,,,-115,,,,,-111,,,,
2024-04-03,Tyler Nevin,/mlb/props/tyler-nevin/,BOS at ATH,FA,"1B,3B,LF,RF",0.5,+150,+155,+150,+155,+150,,,+140,,,,,+143,,,,,-200,-190,-199,-190,-200,,,-200,,,,,-199,,,,
2024-04-03,Jarren Duran,/mlb/props/jarren-duran/,BOS at ATH,BOS,"LF,CF,DH",0.5,-125,-115,-115,-115,-115,,,-115,,,,,-125,,,,,-105,-109,-115,-115,-115,,,-115,,,,,-109,,,,
2024-04-03,Reese McGuire,/mlb/props/reese-mcguire/,BOS at ATH,FA,C,0.5,+105,+105,+105,+105,+105,,,+105,,,,,+102,,,,,-140,-135,-139,-135,-140,,,-140,,,,,-139,,,,
2024-04-03,Wilyer Abreu,/mlb/props/wilyer-abreu/,BOS at ATH,BOS,"LF,CF,RF",0.5,+150,+160,+150,+160,+150,,,+145,,,,,+146,,,,,-205,-200,-205,-200,-205,,,-215,,,,,-204,,,,
2024-04-03,Lawrence Butler,/mlb/props/lawrence-butler/,BOS at ATH,ATH,"CF,RF",0.5,+185,+190,+175,+190,+175,,,+175,,,,,+159,,,,,-255,-224,-240,-240,-245,,,-250,,,,,-224,,,,
2024-04-03,Zack Gelof,/mlb/props/zack-gelof/,BOS at ATH,ATH,"2B,3B,CF",0.5,+130,+140,+130,+140,+130,,,+125,,,,,+129,,,,,-175,-170,-175,-170,-175,,,-175,,,,,-179,,,,
2024-04-03,Triston Casas,/mlb/props/triston-casas/,BOS at ATH,BOS,1B,0.5,+125,+135,+130,+135,+130,,,+120,,,,,+118,,,,,-170,-163,-165,-165,-170,,,-165,,,,,-163,,,,
2024-04-03,J.D. Davis,/mlb/props/jd-davis/,BOS at ATH,FA,"1B,3B",0.5,+125,+125,+120,+125,+120,,,+115,,,,,+114,,,,,-165,-155,-157,-155,-155,,,-160,,,,,-157,,,,
2024-04-03,JJ Bleday,/mlb/props/jj-bleday/,BOS at ATH,CIN,"LF,CF,RF,DH",0.5,+160,+160,+150,+160,+150,,,+145,,,,,+146,,,,,-215,-200,-205,-200,-205,,,-215,,,,,-204,,,,
2024-04-03,Brent Rooker,/mlb/props/brent-rooker/,BOS at ATH,ATH,"LF,RF,DH",0.5,+215,+215,+205,+215,+205,,,+200,,,,,+196,,,,,-300,-280,-285,-280,-290,,,-285,,,,,-284,,,,
2024-04-03,Tyler O'Neill,/mlb/props/tyler-oneill/,BOS at ATH,BAL,"LF,RF",0.5,-115,-115,-115,-115,-115,,,-115,,,,,-117,,,,,-115,-115,-115,-115,-115,,,-115,,,,,-117,,,,
2024-04-03,Nick Allen,/mlb/props/nick-allen-ss/,BOS at ATH,HOU,"2B,3B,SS",0.5,+115,+120,+115,+120,+115,,,+110,,,,,+116,,,,,-150,-150,-155,-150,-150,,,-155,,,,,-160,,,,
2024-04-03,Ceddanne Rafaela,/mlb/props/ceddanne-rafaela/,BOS at ATH,BOS,"2B,CF",0.5,-105,-109,-115,-115,-115,,,,,,,,-109,,,,,-125,-115,-115,-115,-115,,,,,,,,-125,,,,
2024-04-03,Kyle McCann,/mlb/props/kyle-mccann/,BOS at ATH,COL,C,0.5,+170,+190,+180,+190,+180,,,+165,,,,,+172,,,,,-235,-240,-244,-240,-245,,,-240,,,,,-244,,,,
2024-04-03,Enmanuel Valdez,/mlb/props/enmanuel-valdez/,BOS at ATH,PIT,1B,0.5,+135,+145,+130,+145,+125,,,+130,,,,,+126,,,,,-180,-170,-174,-180,-170,,,-180,,,,,-174,,,,
2024-04-03,Ryan Noda,/mlb/props/ryan-noda/,BOS at ATH,BAL,1B,0.5,+180,+200,+190,+200,+190,,,+175,,,,,+178,,,,,-245,-250,-254,-250,-260,,,-250,,,,,-254,,,,
2024-04-03,Trevor Story,/mlb/props/trevor-story/,BOS at ATH,BOS,SS,0.5,-125,-120,-125,-120,-125,,,-125,,,,,-127,,,,,-105,-105,-108,-110,-105,,,-110,,,,,-108,,,,
2024-04-03,Seth Brown,/mlb/props/seth-brown/,BOS at ATH,FA,"1B,LF,CF,RF",0.5,+150,+170,+160,+170,+170,,,+160,,,,,+159,,,,,-205,-220,-225,-220,-230,,,-225,,,,,-224,,,,
2024-04-03,Rafael Devers,/mlb/props/rafael-devers/,BOS at ATH,SF,"1B,DH",0.5,-110,-105,-110,-105,-105,,,-110,,,,,-111,,,,,-120,-123,-125,-125,-125,,,-125,,,,,-123,,,,
2024-04-03,Blaze Alexander,/mlb/props/blaze-alexander/,NYY at ARI,BAL,"2B,3B,SS,LF,CF",0.5,+125,+130,+125,+130,+125,,,,,,,,+120,,,,,-170,-160,-166,-160,-170,,,,,,,,-166,,,,
2024-04-03,Jorge Barrosa,/mlb/props/jorge-barrosa/,NYY at ARI,ARI,"LF,CF,RF",0.5,+120,+125,+120,+125,+120,,,,,,,,+116,,,,,-155,-155,-160,-155,-160,,,,,,,,-160,,,,
2024-04-03,Oswaldo Cabrera,/mlb/props/oswaldo-cabrera/,NYY at ARI,NYY,3B,0.5,+120,+105,+105,+105,+105,,,+105,,,,,+102,,,,,-160,-135,-139,-135,-140,,,-140,,,,,-139,,,,
2024-04-03,Alex Verdugo,/mlb/props/alex-verdugo/,NYY at ARI,FA,"LF,RF",0.5,-105,-105,-110,-110,-105,,,-115,,,,,-108,,,,,-125,-120,-125,-120,-125,,,-120,,,,,-127,,,,
2024-04-03,Giancarlo Stanton,/mlb/props/giancarlo-stanton/,NYY at ARI,NYY,"LF,RF,DH",0.5,+145,+145,+139,+145,+145,,,+135,,,,,+139,,,,,-195,-180,-190,-180,-195,,,-190,,,,,-194,,,,
2024-04-03,Eugenio Suarez,/mlb/props/eugenio-suarez/,NYY at ARI,CIN,"3B,DH",0.5,+170,+175,+165,+175,+175,,,+165,,,,,+165,,,,,-235,-225,-234,-225,-240,,,-240,,,,,-234,,,,
2024-04-03,Christian Walker,/mlb/props/christian-walker/,NYY at ARI,HOU,1B,0.5,+135,+130,+126,+130,+130,,,+120,,,,,+126,,,,,-180,-160,-165,-160,-175,,,-165,,,,,-174,,,,
2024-04-03,Corbin Carroll,/mlb/props/corbin-carroll-of/,NYY at ARI,ARI,"CF,RF",0.5,-115,-106,-110,-115,-110,,,-115,,,,,-106,,,,,-115,-115,-120,-115,-120,,,-120,,,,,-129,,,,
2024-04-03,Juan Soto,/mlb/props/juan-soto/,NYY at ARI,NYM,"LF,RF,DH",0.5,+110,+110,+105,+105,+110,,,+105,,,,,+104,,,,,-145,-135,-140,-135,-145,,,-140,,,,,-142,,,,
2024-04-03,Lourdes Gurriel Jr.,/mlb/props/lourdes-gurriel-jr/,NYY at ARI,ARI,"LF,DH",0.5,-125,-120,-121,-120,-130,,,-130,,,,,-121,,,,,-105,-105,-110,-110,-105,,,-105,,,,,-113,,,,
2024-04-03,Aaron Judge,/mlb/props/aaron-judge/,NYY at ARI,NYY,"LF,CF,RF,DH",0.5,+165,+165,+159,+165,+160,,,+150,,,,,+159,,,,,-225,-210,-215,-210,-215,,,-220,,,,,-224,,,,
2024-04-03,Gleyber Torres,/mlb/props/gleyber-torres/,NYY at ARI,DET,2B,0.5,-125,-125,-125,-125,-125,,,-125,,,,,-131,,,,,-110,-104,-105,-105,-110,,,-110,,,,,-104,,,,
2024-04-03,Austin Wells,/mlb/props/austin-wells/,NYY at ARI,NYY,C,0.5,+115,+110,+110,+110,+110,,,,,,,,+110,,,,,-150,-140,-145,-140,-145,,,,,,,,-151,,,,
2024-04-03,Geraldo Perdomo,/mlb/props/geraldo-perdomo/,NYY at ARI,ARI,SS,0.5,+115,+115,+110,+115,+110,,,+105,,,,,+110,,,,,-150,-145,-150,-145,-145,,,-150,,,,,-151,,,,
2024-04-03,Trent Grisham,/mlb/props/trent-grisham/,NYY at ARI,NYY,CF,0.5,+180,+190,+180,+190,+180,,,+175,,,,,+172,,,,,-250,-240,-244,-240,-250,,,-250,,,,,-244,,,,
2024-04-03,Tucker Barnhart,/mlb/props/tucker-barnhart/,NYY at ARI,FA,C,0.5,+160,+160,+146,+160,+160,,,+145,,,,,+146,,,,,-215,-200,-204,-200,-215,,,-215,,,,,-204,,,,
2024-04-03,Anthony Rizzo,/mlb/props/anthony-rizzo/,NYY at ARI,FA,1B,0.5,+120,+120,+112,+120,+120,,,+110,,,,,+112,,,,,-160,-150,-155,-150,-160,,,-155,,,,,-154,,,,
2024-04-03,Anthony Volpe,/mlb/props/anthony-volpe/,NYY at ARI,NYY,SS,0.5,+115,+110,+108,+110,+110,,,+105,,,,,+108,,,,,-155,-140,-145,-140,-145,,,-150,,,,,-148,,,,
2024-04-03,Ketel Marte,/mlb/props/ketel-marte/,NYY at ARI,ARI,"2B,DH",0.5,-110,-110,-113,-110,-110,,,-115,,,,,-113,,,,,-120,-120,-121,-120,-125,,,-120,,,,,-121,,,,
2024-04-03,Jeimer Candelario,/mlb/props/jeimer-candelario/,CIN at PHI,LAA,"1B,3B",0.5,+120,+125,+120,+125,+120,,,+115,,,,,+114,,,,,-160,-155,-157,-155,-160,,,-160,,,,,-157,,,,
2024-04-03,Jake Fraley,/mlb/props/jake-fraley/,CIN at PHI,TB,"LF,RF",0.5,+125,+135,+125,+135,+125,,,+125,,,,,+120,,,,,-170,-165,-170,-165,-170,,,-175,,,,,-166,,,,
2024-04-03,Whit Merrifield,/mlb/props/whit-merrifield/,CIN at PHI,FA,"2B,3B,LF",0.5,-115,-115,-115,-115,-115,,,-120,,,,,,,,,,-115,-115,-115,-115,-115,,,-115,,,,,,,,,
2024-04-03,Spencer Steer,/mlb/props/spencer-steer/,CIN at PHI,CIN,"1B,2B,LF,RF",0.5,+155,+160,+155,+160,+155,,,+145,,,,,+146,,,,,-210,-200,-210,-200,-210,,,-215,,,,,-204,,,,
2024-04-03,Bryce Harper,/mlb/props/bryce-harper/,CIN at PHI,PHI,"1B,DH",0.5,+115,+120,+115,+120,+120,,,+115,,,,,+114,,,,,-150,-150,-155,-150,-155,,,-160,,,,,-157,,,,
2024-04-03,J.T. Realmuto,/mlb/props/jt-realmuto/,CIN at PHI,PHI,C,0.5,+115,+116,+115,+115,+115,,,+110,,,,,+116,,,,,-155,-145,-155,-145,-155,,,-155,,,,,-160,,,,
2024-04-03,Will Benson,/mlb/props/will-benson/,CIN at PHI,CIN,"LF,CF,RF",0.5,+150,+160,+155,+160,+155,,,+145,,,,,+143,,,,,-205,-199,-210,-200,-210,,,-215,,,,,-199,,,,
2024-04-03,Luke Maile,/mlb/props/luke-maile/,CIN at PHI,KC,C,0.5,+185,+195,+185,+195,+185,,,+175,,,,,+178,,,,,-255,-245,-250,-245,-255,,,-250,,,,,-254,,,,
2024-04-03,Alec Bohm,/mlb/props/alec-bohm/,CIN at PHI,PHI,"1B,3B",0.5,-135,-135,-140,-135,-140,,,-140,,,,,-142,,,,,+105,+105,+105,+105,+105,,,+105,,,,,+104,,,,
2024-04-03,Tyler Stephenson,/mlb/props/tyler-stephenson/,CIN at PHI,CIN,C,0.5,+165,+170,+165,+170,+165,,,+160,,,,,,,,,,-225,-220,-225,-220,-225,,,-225,,,,,,,,,
2024-04-03,Nick Martini,/mlb/props/nick-martini/,CIN at PHI,FA,"LF,RF,DH",0.5,+140,+155,+145,+155,+145,,,+140,,,,,+136,,,,,-185,-189,-190,-190,-200,,,-200,,,,,-189,,,,
2024-04-03,Christian Encarnacion-Strand,/mlb/props/christian-encarnacion-strand/,CIN at PHI,BAL,"1B,3B",0.5,+160,+165,+159,+165,+160,,,+150,,,,,+159,,,,,-220,-210,-215,-210,-215,,,-220,,,,,-224,,,,
2024-04-03,Nick Castellanos,/mlb/props/nick-castellanos/,CIN at PHI,FA,"RF,DH",0.5,+125,+126,+120,+120,+115,,,+110,,,,,+126,,,,,-165,-150,-155,-150,-155,,,-155,,,,,-174,,,,
2024-04-03,Trea Turner,/mlb/props/trea-turner/,CIN at PHI,PHI,SS,0.5,-115,-115,-115,-115,-115,,,-115,,,,,-115,,,,,-115,-115,-115,-115,-115,,,-115,,,,,-119,,,,
2024-04-03,Jonathan India,/mlb/props/jonathan-india/,CIN at PHI,KC,"2B,3B,LF,DH",0.5,+125,+125,+120,+125,+120,,,+115,,,,,+120,,,,,-165,-155,-160,-155,-160,,,-160,,,,,-166,,,,
2024-04-03,Brandon Marsh,/mlb/props/brandon-marsh/,CIN at PHI,PHI,"LF,CF,RF",0.5,+155,+155,+146,+155,+145,,,+140,,,,,+146,,,,,-210,-190,-195,-190,-195,,,-200,,,,,-204,,,,
2024-04-03,Johan Rojas,/mlb/props/johan-rojas/,CIN at PHI,PHI,CF,0.5,+110,+110,+105,+110,+110,,,+105,,,,,+104,,,,,-145,-140,-145,-140,-145,,,-150,,,,,-142,,,,
2024-04-03,Elly De La Cruz,/mlb/props/elly-de-la-cruz/,CIN at PHI,CIN,SS,0.5,+140,+150,+140,+150,+140,,,+135,,,,,+133,,,,,-185,-184,-185,-185,-185,,,-190,,,,,-184,,,,
2024-04-03,Kyle Schwarber,/mlb/props/kyle-schwarber/,CIN at PHI,PHI,"LF,DH",0.5,+200,+215,+200,+215,+200,,,+200,,,,,+190,,,,,-280,-274,-280,-280,-280,,,-285,,,,,-274,,,,
2024-04-03,Bryson Stott,/mlb/props/bryson-stott-ss/,CIN at PHI,PHI,"2B,SS",0.5,-120,-115,-115,-115,-115,,,-115,,,,,-117,,,,,-110,-115,-117,-115,-115,,,-120,,,,,-117,,,,
2024-04-03,Luis Urias,/mlb/props/luis-urias/,CLE at SEA,TOR,"2B,3B",0.5,+155,+165,+160,+165,+160,,,+150,,,,,+146,,,,,-210,-204,-210,-210,-215,,,-220,,,,,-204,,,,
2024-04-03,Andres Gimenez,/mlb/props/andres-giminez/,CLE at SEA,TOR,"2B,SS",0.5,-110,+100,-101,-105,+100,,,-105,,,,,-101,,,,,-120,-125,-130,-125,-130,,,-130,,,,,-135,,,,
2024-04-03,Ty France,/mlb/props/tyler-france/,CLE at SEA,SD,1B,0.5,-105,-105,-105,-105,-105,,,-105,,,,,-108,,,,,-125,-125,-127,-125,-130,,,-130,,,,,-127,,,,
2024-04-03,Will Brennan,/mlb/props/will-brennan/,CLE at SEA,SF,"LF,CF,RF",0.5,-135,-130,-135,-130,-135,,,-135,,,,,-139,,,,,+105,+102,+100,+100,+100,,,+100,,,,,+102,,,,
2024-04-03,Estevan Florial,/mlb/props/estevan-florial/,CLE at SEA,FA,"LF,CF,RF",0.5,+175,+190,+175,+190,+175,,,+175,,,,,+172,,,,,-240,-240,-244,-240,-240,,,-250,,,,,-244,,,,
2024-04-03,Ramon Laureano,/mlb/props/ramon-laureano/,CLE at SEA,SD,"LF,CF,RF",0.5,+135,+145,+140,+145,+140,,,+135,,,,,+136,,,,,-180,-180,-185,-180,-185,,,-190,,,,,-189,,,,
2024-04-03,Jorge Polanco,/mlb/props/jorge-polanco/,CLE at SEA,NYM,"2B,3B,DH",0.5,+110,+110,+108,+110,+110,,,+105,,,,,+108,,,,,-150,-140,-145,-140,-145,,,-150,,,,,-148,,,,
2024-04-03,Seby Zavala,/mlb/props/bernardo-zavala/,CLE at SEA,FA,C,0.5,+185,+200,+190,+200,+190,,,+180,,,,,+172,,,,,-255,-244,-250,-250,-265,,,-260,,,,,-244,,,,
2024-04-03,Tyler Freeman,/mlb/props/tyler-freeman-ss/,CLE at SEA,COL,"2B,RF,DH",0.5,-115,-110,-115,-115,-110,,,-115,,,,,-117,,,,,-115,-115,-117,-115,-120,,,-120,,,,,-117,,,,
2024-04-03,Dylan Moore,/mlb/props/dylan-moore/,CLE at SEA,PHI,"1B,2B,3B,LF,RF",0.5,+190,+200,+195,+200,+195,,,+180,,,,,+184,,,,,-260,-250,-260,-250,-270,,,-260,,,,,-264,,,,
2024-04-03,J.P. Crawford,/mlb/props/jp-crawford/,CLE at SEA,SEA,"3B,SS",0.5,-105,-105,-108,-105,-105,,,-110,,,,,-108,,,,,-125,-125,-125,-125,-125,,,-125,,,,,-127,,,,
2024-04-03,Mitch Haniger,/mlb/props/mitch-haniger/,CLE at SEA,FA,RF,0.5,+125,+125,+120,+125,+120,,,+115,,,,,+118,,,,,-165,-155,-160,-155,-160,,,-160,,,,,-163,,,,
2024-04-03,Steven Kwan,/mlb/props/steven-kwan/,CLE at SEA,CLE,"LF,CF",0.5,-165,-155,-160,-155,-160,,,-160,,,,,-166,,,,,+125,+125,+120,+125,+120,,,+115,,,,,+120,,,,
2024-04-03,Mitch Garver,/mlb/props/mitch-garver/,CLE at SEA,SEA,"C,DH",0.5,+135,+150,+140,+150,+140,,,+135,,,,,+136,,,,,-180,-185,-189,-185,-190,,,-190,,,,,-189,,,,
2024-04-03,Jose Ramirez,/mlb/props/jose-ramirez/,CLE at SEA,CLE,"3B,DH",0.5,-115,-110,-115,-115,-110,,,-115,,,,,-117,,,,,-115,-115,-117,-115,-120,,,-120,,,,,-117,,,,
2024-04-03,Gabriel Arias,/mlb/props/gabriel-arias-ss/,CLE at SEA,CLE,"2B,3B,SS",0.5,+115,+115,+110,+115,+115,,,+110,,,,,+110,,,,,-150,-145,-150,-145,-150,,,-155,,,,,-151,,,,
2024-04-03,Brayan Rocchio,/mlb/props/brayan-rocchio/,CLE at SEA,CLE,"2B,SS",0.5,+115,+120,+115,+120,+115,,,+110,,,,,+114,,,,,-155,-150,-155,-150,-155,,,-155,,,,,-157,,,,
2024-04-03,Julio Rodriguez,/mlb/props/julio-rodriguez-of/,CLE at SEA,SEA,CF,0.5,-120,-110,-115,-115,-110,,,-115,,,,,-117,,,,,-110,-115,-117,-115,-120,,,-120,,,,,-117,,,,
2024-04-03,Josh Naylor,/mlb/props/josh-naylor/,CLE at SEA,SEA,"1B,DH",0.5,-115,-110,-115,-115,-110,,,-115,,,,,-115,,,,,-115,-115,-119,-115,-120,,,-120,,,,,-119,,,,
2024-04-03,Bo Naylor,/mlb/props/bo-naylor/,CLE at SEA,CLE,C,0.5,+160,+165,+159,+165,+160,,,+150,,,,,+159,,,,,-215,-210,-215,-210,-215,,,-220,,,,,-224,,,,
2024-04-03,Nolan Arenado,/mlb/props/nolan-arenado/,STL at SD,ARI,3B,0.5,-105,-115,-119,-115,-115,,,-120,,,,,-119,,,,,-125,-115,-115,-115,-115,,,-115,,,,,-115,,,,
2024-04-03,Jake Cronenworth,/mlb/props/jacob-cronenworth/,STL at SD,SD,"1B,2B,SS",0.5,-130,-129,-130,-130,-130,,,-135,,,,,-129,,,,,+100,+100,+100,+100,+100,,,+100,,,,,-106,,,,
2024-04-03,Jordan Walker,/mlb/props/jordan-walker/,STL at SD,STL,"LF,RF",0.5,+100,-105,-110,-110,-105,,,-110,,,,,-111,,,,,-130,-120,-123,-120,-125,,,-125,,,,,-123,,,,
2024-04-03,Victor Scott,/mlb/props/victor-scott/,STL at SD,STL,CF,0.5,+125,+130,+125,+130,+125,,,+120,,,,,+120,,,,,-165,-160,-165,-160,-170,,,-165,,,,,-166,,,,
2024-04-03,Ha-Seong Kim,/mlb/props/ha-seong-kim/,STL at SD,ATL,"2B,SS",0.5,-105,-105,-108,-110,-105,,,-110,,,,,-108,,,,,-125,-120,-125,-120,-125,,,-125,,,,,-127,,,,
2024-04-03,Masyn Winn,/mlb/props/masyn-winn-p/,STL at SD,STL,SS,0.5,+125,+120,+114,+120,+120,,,+110,,,,,+114,,,,,-170,-150,-155,-150,-160,,,-155,,,,,-157,,,,
2024-04-03,Nolan Gorman,/mlb/props/nolan-gorman/,STL at SD,STL,"2B,3B,DH",0.5,+170,+180,+175,+180,+175,,,+165,,,,,+165,,,,,-235,-230,-234,-230,-240,,,-240,,,,,-234,,,,
2024-04-03,Willson Contreras,/mlb/props/willson-contreras/,STL at SD,BOS,1B,0.5,+105,-110,-113,-115,-110,,,-115,,,,,-113,,,,,-140,-115,-120,-115,-120,,,-120,,,,,-121,,,,
2024-04-03,Ivan Herrera,/mlb/props/ivan-herrera/,STL at SD,STL,"C,DH",0.5,+110,+115,+110,+115,+110,,,+105,,,,,+108,,,,,-150,-145,-148,-145,-150,,,-150,,,,,-148,,,,
2024-04-03,Matt Carpenter,/mlb/props/matt-carpenter/,STL at SD,FA,"1B,DH",0.5,+195,+190,+184,+190,+185,,,+175,,,,,+184,,,,,-270,-240,-250,-240,-255,,,-250,,,,,-264,,,,
2024-04-03,Xander Bogaerts,/mlb/props/xander-bogaerts/,STL at SD,SD,SS,0.5,-140,-135,-139,-135,-140,,,-140,,,,,-139,,,,,+105,+105,+105,+105,+105,,,+105,,,,,+102,,,,
2024-04-03,Paul Goldschmidt,/mlb/props/paul-goldschmidt/,STL at SD,NYY,"1B,DH",0.5,+100,-105,-113,-115,-105,,,-115,,,,,-113,,,,,-130,-115,-120,-115,-125,,,-120,,,,,-121,,,,
2024-04-03,Fernando Tatis Jr.,/mlb/props/fernando-tatis-jr/,STL at SD,SD,"2B,RF",0.5,-120,-115,-120,-115,-120,,,-120,,,,,-121,,,,,-110,-110,-113,-115,-110,,,-115,,,,,-113,,,,
2024-04-03,Eguy Rosario,/mlb/props/eguy-rosario/,STL at SD,FA,3B,0.5,+120,+120,+115,+120,+115,,,+110,,,,,+118,,,,,-160,-150,-155,-150,-155,,,-155,,,,,-163,,,,
2024-04-03,Jurickson Profar,/mlb/props/jurickson-profar/,STL at SD,ATL,LF,0.5,-105,-105,-108,-110,-105,,,-110,,,,,-108,,,,,-125,-120,-125,-120,-125,,,-125,,,,,-127,,,,
2024-04-03,Kyle Higashioka,/mlb/props/kyle-higashioka/,STL at SD,TEX,"C,DH",0.5,+155,+155,+146,+155,+145,,,+140,,,,,+146,,,,,-210,-190,-195,-190,-195,,,-200,,,,,-204,,,,
2024-04-03,Manny Machado,/mlb/props/manny-machado/,STL at SD,SD,"3B,DH",0.5,+100,+100,+100,+100,+100,,,+100,,,,,-101,,,,,-135,-130,-135,-130,-135,,,-135,,,,,-135,,,,
2024-04-03,Brendan Donovan,/mlb/props/brendan-donovan/,STL at SD,SEA,"2B,3B,SS,LF",0.5,-130,-130,-133,-130,-135,,,-130,,,,,-133,,,,,+100,+105,+100,+100,+105,,,-105,,,,,-103,,,,
2024-04-03,Jose Azocar,/mlb/props/jose-azocar/,STL at SD,ATL,"LF,CF,RF",0.5,-110,-120,-123,-120,-125,,,-125,,,,,-123,,,,,-120,-105,-110,-110,-105,,,-110,,,,,-111,,,,
2024-04-03,Brandon Crawford,/mlb/props/brandon-crawford/,STL at SD,FA,"3B,SS",0.5,+135,+140,+135,+140,+135,,,+130,,,,,+129,,,,,-180,-170,-179,-170,-180,,,-180,,,,,-179,,,,
2024-04-03,Ke'Bryan Hayes,/mlb/props/kebryan-hayes/,PIT at WSH,CIN,3B,0.5,-155,-135,-139,-135,-135,,,-140,,,,,-139,,,,,+115,+105,+105,+105,+105,,,+105,,,,,+102,,,,
2024-04-03,Joey Gallo,/mlb/props/joey-gallo/,PIT at WSH,FA,"1B,LF,CF,RF",0.5,+320,+310,+287,+310,+310,,,+270,,,,,+287,,,,,-450,-425,-454,-425,-475,,,-500,,,,,-454,,,,
2024-04-03,Rowdy Tellez,/mlb/props/rowdy-tellez/,PIT at WSH,ATL,1B,0.5,+140,+145,+135,+145,+135,,,+130,,,,,+133,,,,,-185,-180,-184,-180,-185,,,-180,,,,,-184,,,,
2024-04-03,Eddie Rosario,/mlb/props/eddie-rosario/,PIT at WSH,FA,"LF,CF,RF,DH",0.5,+145,+135,+130,+135,+130,,,+125,,,,,+129,,,,,-180,-165,-170,-165,-170,,,-175,,,,,-179,,,,
2024-04-03,Joey Meneses,/mlb/props/joey-meneses/,PIT at WSH,ATH,1B,0.5,-150,-145,-148,-145,-155,,,-155,,,,,-148,,,,,+120,+115,+110,+115,+115,,,+110,,,,,+108,,,,
2024-04-03,Andrew McCutchen,/mlb/props/andrew-mccutchen/,PIT at WSH,FA,"LF,RF,DH",0.5,+100,+105,+105,+105,+105,,,+105,,,,,-103,,,,,-130,-133,-135,-135,-140,,,-140,,,,,-133,,,,
2024-04-03,Trey Lipscomb,/mlb/props/trey-lipscomb/,PIT at WSH,WSH,3B,0.5,-110,-110,-115,-115,-110,,,-115,,,,,-119,,,,,-120,-115,-120,-115,-120,,,-120,,,,,-115,,,,
2024-04-03,Victor Robles,/mlb/props/victor-robles/,PIT at WSH,SEA,"LF,CF,RF",0.5,-110,-108,-110,-110,-110,,,-110,,,,,-108,,,,,-125,-120,-125,-120,-125,,,-125,,,,,-127,,,,
2024-04-03,Henry Davis,/mlb/props/henry-davis/,PIT at WSH,PIT,C,0.5,+100,+105,+105,+105,+105,,,+105,,,,,+100,,,,,-130,-135,-137,-135,-140,,,-140,,,,,-137,,,,
2024-04-03,Lane Thomas,/mlb/props/lane-thomas/,PIT at WSH,KC,"LF,CF,RF",0.5,-135,-120,-125,-120,-125,,,-125,,,,,-129,,,,,+105,-105,-106,-110,-105,,,-110,,,,,-106,,,,
2024-04-03,Jesse Winker,/mlb/props/jesse-winker/,PIT at WSH,FA,"LF,RF,DH",0.5,+145,+140,+130,+140,+130,,,+130,,,,,+126,,,,,-180,-170,-175,-170,-175,,,-180,,,,,-174,,,,
2024-04-03,Michael A. Taylor,/mlb/props/michael-taylor/,PIT at WSH,FA,"LF,CF,RF",0.5,+125,+145,+135,+145,+135,,,+130,,,,,+123,,,,,-165,-169,-180,-180,-180,,,-180,,,,,-169,,,,
2024-04-03,CJ Abrams,/mlb/props/cj-abrams/,PIT at WSH,WSH,SS,0.5,-105,-103,-105,-105,-105,,,-110,,,,,-103,,,,,-125,-125,-125,-125,-125,,,-125,,,,,-133,,,,
2024-04-03,Bryan Reynolds,/mlb/props/bryan-reynolds/,PIT at WSH,PIT,"LF,CF,RF,DH",0.5,-110,-109,-115,-115,-115,,,-115,,,,,-109,,,,,-120,-115,-115,-115,-115,,,-115,,,,,-125,,,,
2024-04-03,Jack Suwinski,/mlb/props/jack-suwinski/,PIT at WSH,LAD,"LF,CF,RF",0.5,+130,+135,+130,+135,+130,,,+125,,,,,+126,,,,,-170,-165,-170,-165,-170,,,-175,,,,,-174,,,,
2024-04-03,Luis Garcia,/mlb/props/luis-garcia-2b/,PIT at WSH,WSH,"1B,2B,DH",0.5,-115,-115,-115,-115,-115,,,-115,,,,,-117,,,,,-115,-115,-117,-115,-115,,,-120,,,,,-117,,,,
2024-04-03,Keibert Ruiz,/mlb/props/keibert-ruiz/,PIT at WSH,WSH,C,0.5,+100,-105,-105,-105,-105,,,-105,,,,,-106,,,,,-130,-125,-129,-125,-130,,,-130,,,,,-129,,,,
2024-04-03,Jared Triolo,/mlb/props/jared-triolo/,PIT at WSH,PIT,"1B,2B,3B,SS",0.5,-120,-115,-119,-115,-120,,,-120,,,,,-119,,,,,-110,-110,-115,-115,-110,,,-115,,,,,-115,,,,
2024-04-03,Oneil Cruz,/mlb/props/oneil-cruz-3b/,PIT at WSH,PIT,"CF,DH",0.5,-115,-115,-115,-115,-115,,,-115,,,,,-115,,,,,-115,-115,-115,-115,-115,,,-115,,,,,-119,,,,
2024-04-03,Brenton Doyle,/mlb/props/brenton-doyle/,COL at CHC,COL,CF,0.5,+140,+150,+145,+150,+145,,,+135,,,,,+136,,,,,-190,-185,-189,-185,-190,,,-190,,,,,-189,,,,
2024-04-03,Dansby Swanson,/mlb/props/dansby-swanson/,COL at CHC,CHC,SS,0.5,-110,-108,-110,-110,-110,,,-110,,,,,-108,,,,,-120,-120,-125,-120,-120,,,-125,,,,,-127,,,,
2024-04-03,Michael Toglia,/mlb/props/mike-toglia/,COL at CHC,CIN,1B,0.5,+155,+165,+159,+165,+160,,,+145,,,,,+159,,,,,-210,-210,-215,-210,-215,,,-215,,,,,-224,,,,
2024-04-03,Ian Happ,/mlb/props/ian-happ/,COL at CHC,CHC,LF,0.5,-110,-115,-120,-115,-115,,,-120,,,,,-121,,,,,-120,-113,-115,-115,-115,,,-115,,,,,-113,,,,
2024-04-03,Brendan Rodgers,/mlb/props/brendan-rodgers/,COL at CHC,BOS,2B,0.5,-140,-125,-130,-125,-130,,,-130,,,,,-139,,,,,+110,+102,-105,-105,-105,,,-105,,,,,+102,,,,
2024-04-03,Christopher Morel,/mlb/props/christopher-morel/,COL at CHC,MIA,"1B,LF,DH",0.5,+100,+100,+100,+100,+100,,,+100,,,,,+100,,,,,-130,-130,-135,-130,-135,,,-135,,,,,-137,,,,
2024-04-03,Alan Trejo,/mlb/props/alan-trejo/,COL at CHC,FA,"2B,SS",0.5,+135,+145,+140,+145,+140,,,+130,,,,,+129,,,,,-180,-179,-180,-180,-190,,,-180,,,,,-179,,,,
2024-04-03,Jacob Stallings,/mlb/props/jacob-stallings/,COL at CHC,FA,C,0.5,+165,+165,+159,+165,+160,,,+150,,,,,+159,,,,,-225,-210,-220,-210,-220,,,-220,,,,,-224,,,,
2024-04-03,Ryan McMahon,/mlb/props/ryan-mcmahon/,COL at CHC,NYY,3B,0.5,+115,+120,+115,+120,+115,,,+110,,,,,+114,,,,,-155,-150,-155,-150,-155,,,-155,,,,,-157,,,,
2024-04-03,Charlie Blackmon,/mlb/props/charlie-blackmon/,COL at CHC,FA,"RF,DH",0.5,-120,-111,-115,-115,-115,,,-115,,,,,-111,,,,,-110,-115,-115,-115,-115,,,-115,,,,,-123,,,,
2024-04-03,Nolan Jones,/mlb/props/nolan-jones-3b/,COL at CHC,CWS,"LF,CF,RF",0.5,+120,+150,+143,+150,+150,,,+135,,,,,+143,,,,,-160,-185,-190,-185,-200,,,-190,,,,,-199,,,,
2024-04-03,Cody Bellinger,/mlb/props/cody-bellinger/,COL at CHC,NYY,"LF,CF,RF",0.5,-115,-125,-130,-125,-125,,,-130,,,,,-131,,,,,-115,-104,-105,-105,-105,,,-105,,,,,-104,,,,
2024-04-03,Yan Gomes,/mlb/props/yan-gomes/,COL at CHC,FA,C,0.5,+100,-105,-106,-110,-105,,,-110,,,,,-106,,,,,-130,-120,-125,-120,-125,,,-125,,,,,-129,,,,
2024-04-03,Nico Hoerner,/mlb/props/nico-hoerner/,COL at CHC,CHC,"2B,SS",0.5,-140,-135,-140,-135,-140,,,-140,,,,,-142,,,,,+105,+105,+105,+105,+105,,,+105,,,,,+104,,,,
2024-04-03,Miguel Amaya,/mlb/props/miguel-amaya-c/,COL at CHC,CHC,"C,DH",0.5,+130,+140,+130,+140,+130,,,+130,,,,,+126,,,,,-175,-170,-175,-170,-175,,,-180,,,,,-174,,,,
2024-04-03,Seiya Suzuki,/mlb/props/seiya-suzuki/,COL at CHC,CHC,"LF,RF,DH",0.5,-145,-140,-148,-140,-140,,,-150,,,,,-148,,,,,+110,+110,+108,+110,+105,,,+105,,,,,+108,,,,
2024-04-03,Mike Tauchman,/mlb/props/mike-tauchman/,COL at CHC,NYM,"LF,CF,RF",0.5,+110,+105,+100,+100,+105,,,+100,,,,,-101,,,,,-145,-130,-135,-130,-140,,,-135,,,,,-135,,,,
2024-04-03,Kris Bryant,/mlb/props/kris-bryant/,COL at CHC,COL,DH,0.5,+130,+150,+140,+150,+140,,,+135,,,,,+136,,,,,-170,-185,-189,-185,-190,,,-190,,,,,-189,,,,
2024-04-03,Ezequiel Tovar,/mlb/props/ezequiel-tovar/,COL at CHC,COL,SS,0.5,-105,-105,-109,-110,-105,,,-110,,,,,-109,,,,,-130,-120,-125,-120,-125,,,-125,,,,,-125,,,,
2024-04-03,Elias Diaz,/mlb/props/elias-diaz/,COL at CHC,TEX,C,0.5,+100,+115,+110,+115,+115,,,+110,,,,,+104,,,,,-135,-142,-150,-145,-150,,,-155,,,,,-142,,,,
2024-04-03,Michael Busch,/mlb/props/michael-busch-2b/,COL at CHC,CHC,1B,0.5,+110,+105,+100,+105,+105,,,+100,,,,,+100,,,,,-145,-135,-135,-135,-135,,,-135,,,,,-137,,,,
2024-04-03,Bo Bichette,/mlb/props/bo-bichette/,TOR at HOU,NYM,"3B,SS",0.5,-130,-120,-125,-120,-125,,,-125,,,,,-127,,,,,-105,-105,-108,-110,-105,,,-110,,,,,-108,,,,
2024-04-03,Isiah Kiner-Falefa,/mlb/props/isiah-kiner-falefa/,TOR at HOU,BOS,"2B,3B,SS",0.5,+110,+115,+110,+115,+115,,,+110,,,,,+110,,,,,-150,-145,-150,-145,-150,,,-155,,,,,-151,,,,
2024-04-03,Mauricio Dubon,/mlb/props/mauricio-dubon/,TOR at HOU,ATL,"2B,3B,SS,LF,CF",0.5,-165,-135,-140,-135,-140,,,-140,,,,,-142,,,,,+120,+105,+105,+105,+105,,,+105,,,,,+104,,,,
2024-04-03,Alejandro Kirk,/mlb/props/alejandro-kirk/,TOR at HOU,TOR,C,0.5,-110,-105,-108,-110,-105,,,-110,,,,,-108,,,,,-120,-120,-125,-120,-125,,,-125,,,,,-127,,,,
2024-04-03,Chas McCormick,/mlb/props/chas-mccormick/,TOR at HOU,CHC,"LF,CF,RF",0.5,-110,+105,-103,-105,+105,,,-105,,,,,-103,,,,,-125,-125,-133,-125,-145,,,-130,,,,,-133,,,,
2024-04-03,Jon Singleton,/mlb/props/jonathan-singleton/,TOR at HOU,FA,"1B,DH",0.5,+135,+145,+135,+145,+140,,,+135,,,,,+129,,,,,-180,-179,-180,-180,-190,,,-190,,,,,-179,,,,
2024-04-03,Yainer Diaz,/mlb/props/yainer-diaz-c/,TOR at HOU,HOU,"C,DH",0.5,-145,-135,-140,-135,-140,,,-140,,,,,-142,,,,,+110,+105,+105,+105,+105,,,+105,,,,,+104,,,,
2024-04-03,Kevin Kiermaier,/mlb/props/kevin-kiermaier/,TOR at HOU,FA,CF,0.5,+120,+125,+120,+125,+120,,,+115,,,,,+118,,,,,-165,-155,-160,-155,-160,,,-160,,,,,-163,,,,
2024-04-03,Alex Bregman,/mlb/props/alex-bregman/,TOR at HOU,CHC,"3B,DH",0.5,-115,-115,-115,-115,-115,,,-115,,,,,-119,,,,,-115,-115,-115,-115,-115,,,-115,,,,,-115,,,,
2024-04-03,Jose Abreu,/mlb/props/jose-dariel-abreu/,TOR at HOU,FA,1B,0.5,-130,-130,-140,-130,-140,,,-135,,,,,-157,,,,,+100,+114,+105,+100,+105,,,+100,,,,,+114,,,,
2024-04-03,Vladimir Guerrero Jr.,/mlb/props/vladimir-guerrero-jr/,TOR at HOU,TOR,"1B,DH",0.5,+120,+130,+125,+130,+125,,,+120,,,,,+120,,,,,-160,-160,-165,-160,-170,,,-165,,,,,-166,,,,
2024-04-03,Jake Meyers,/mlb/props/jacob-meyers/,TOR at HOU,HOU,CF,0.5,+115,+100,-101,-105,+100,,,-105,,,,,-101,,,,,-155,-125,-130,-125,-130,,,-130,,,,,-135,,,,
2024-04-03,Jose Altuve,/mlb/props/jose-altuve/,TOR at HOU,HOU,"2B,LF,DH",0.5,-155,-140,-145,-140,-145,,,-150,,,,,-148,,,,,+115,+110,+108,+110,+110,,,+105,,,,,+108,,,,
2024-04-03,George Springer,/mlb/props/george-springer/,TOR at HOU,TOR,"LF,CF,RF,DH",0.5,-105,-105,-106,-105,-105,,,-110,,,,,-106,,,,,-125,-125,-125,-125,-125,,,-125,,,,,-129,,,,
2024-04-03,Yordan Alvarez,/mlb/props/yordan-alvarez/,TOR at HOU,HOU,"LF,DH",0.5,+135,+140,+135,+140,+135,,,+125,,,,,+129,,,,,-180,-170,-175,-170,-180,,,-175,,,,,-179,,,,
2024-04-03,Justin Turner,/mlb/props/justin-turner/,TOR at HOU,FA,"1B,3B",0.5,+130,+140,+135,+140,+135,,,+130,,,,,+129,,,,,-175,-170,-179,-170,-180,,,-180,,,,,-179,,,,
2024-04-03,Kyle Tucker,/mlb/props/kyle-tucker/,TOR at HOU,LAD,"RF,DH",0.5,+110,+110,+106,+110,+110,,,+105,,,,,+106,,,,,-145,-140,-145,-140,-145,,,-150,,,,,-145,,,,
2024-04-03,Daulton Varsho,/mlb/props/daulton-varsho/,TOR at HOU,TOR,"LF,CF",0.5,+170,+180,+175,+180,+175,,,+165,,,,,+165,,,,,-235,-230,-234,-230,-240,,,-240,,,,,-234,,,,
2024-04-03,Jeremy Pena,/mlb/props/jeremy-pena/,TOR at HOU,HOU,SS,0.5,-130,-120,-125,-125,-120,,,-130,,,,,-133,,,,,+100,-103,-105,-105,-110,,,-105,,,,,-103,,,,
2024-04-03,Cavan Biggio,/mlb/props/cavan-biggio/,TOR at HOU,HOU,"1B,2B,RF",0.5,+195,+184,+180,+180,+180,,,+165,,,,,+184,,,,,-270,-230,-245,-230,-245,,,-240,,,,,-264,,,,
2024-04-03,Jorge Soler,/mlb/props/jorge-soler/,SF at LAD,LAA,"RF,DH",0.5,+160,+160,+152,+160,+155,,,+145,,,,,+152,,,,,-220,-200,-214,-200,-215,,,-215,,,,,-214,,,,
2024-04-03,Teoscar Hernandez,/mlb/props/teoscar-hernandez/,SF at LAD,LAD,"LF,RF",0.5,+150,+155,+145,+155,+145,,,+140,,,,,+139,,,,,-205,-190,-195,-190,-195,,,-200,,,,,-194,,,,
2024-04-03,Miguel Rojas,/mlb/props/miguel-rojas/,SF at LAD,LAD,"2B,3B,SS",0.5,+100,+100,-103,-105,+100,,,-105,,,,,-103,,,,,-135,-125,-130,-125,-130,,,-130,,,,,-133,,,,
2024-04-03,LaMonte Wade Jr.,/mlb/props/lamonte-wade/,SF at LAD,HOU,"1B,RF",0.5,+145,+140,+135,+140,+135,,,+130,,,,,+129,,,,,-195,-170,-179,-170,-180,,,-180,,,,,-179,,,,
2024-04-03,Jung Hoo Lee,/mlb/props/jung-lee/,SF at LAD,SF,"CF,RF",0.5,-125,-115,-120,-115,-120,,,-120,,,,,-127,,,,,-105,-108,-110,-115,-110,,,-115,,,,,-108,,,,
2024-04-03,Thairo Estrada,/mlb/props/thairo-estrada/,SF at LAD,FA,2B,0.5,+110,+105,+104,+100,+105,,,+100,,,,,+104,,,,,-145,-130,-135,-130,-135,,,-135,,,,,-142,,,,
2024-04-03,Mookie Betts,/mlb/props/mookie-betts/,SF at LAD,LAD,SS,0.5,+125,+120,+112,+120,+110,,,+110,,,,,+112,,,,,-165,-150,-154,-150,-150,,,-155,,,,,-154,,,,
2024-04-03,Max Muncy,/mlb/props/max-muncy/,SF at LAD,LAD,3B,0.5,+175,+175,+165,+175,+170,,,+160,,,,,+165,,,,,-245,-225,-234,-225,-235,,,-225,,,,,-234,,,,
2024-04-03,Matt Chapman,/mlb/props/matt-chapman/,SF at LAD,SF,3B,0.5,+170,+180,+165,+180,+180,,,+165,,,,,+165,,,,,-230,-230,-240,-230,-245,,,-240,,,,,-234,,,,
2024-04-03,Freddie Freeman,/mlb/props/freddie-freeman/,SF at LAD,LAD,1B,0.5,-125,-125,-129,-125,-130,,,-130,,,,,-129,,,,,-105,-105,-105,-105,-105,,,-105,,,,,-106,,,,
2024-04-03,Michael Conforto,/mlb/props/michael-conforto/,SF at LAD,CHC,"LF,RF,DH",0.5,+140,+130,+125,+130,+125,,,+120,,,,,+126,,,,,-190,-160,-165,-160,-170,,,-165,,,,,-174,,,,
2024-04-03,Shohei Ohtani,/mlb/props/shohei-ohtani/,SF at LAD,LAD,"SP,DH",0.5,+100,-105,-110,-110,-105,,,-110,,,,,-111,,,,,-130,-120,-123,-120,-125,,,-125,,,,,-123,,,,
2024-04-03,Mike Yastrzemski,/mlb/props/michael-yastrzemski/,SF at LAD,ATL,"LF,CF,RF",0.5,+190,+200,+190,+200,+190,,,+180,,,,,+184,,,,,-260,-250,-260,-250,-265,,,-260,,,,,-264,,,,
2024-04-03,Chris Taylor,/mlb/props/chris-taylor/,SF at LAD,FA,"2B,LF,CF,RF",0.5,+205,+210,+202,+210,+210,,,+190,,,,,+202,,,,,-290,-270,-275,-270,-290,,,-275,,,,,-294,,,,
2024-04-03,Will Smith,/mlb/props/will-smith-c/,SF at LAD,LAD,C,0.5,+110,+110,+105,+110,+105,,,+105,,,,,+110,,,,,-145,-140,-140,-140,-140,,,-140,,,,,-151,,,,
2024-04-03,Nick Ahmed,/mlb/props/nick-ahmed/,SF at LAD,FA,SS,0.5,+175,+165,+159,+165,+165,,,+150,,,,,+159,,,,,-235,-210,-220,-210,-225,,,-220,,,,,-224,,,,
2024-04-03,Patrick Bailey,/mlb/props/patrick-bailey/,SF at LAD,CLE,C,0.5,+150,+160,+150,+160,+150,,,+140,,,,,+146,,,,,-200,-200,-204,-200,-205,,,-200,,,,,-204,,,,
2024-04-03,Enrique Hernandez,/mlb/props/enrique-hernandez/,SF at LAD,LAD,"1B,2B,3B,LF",0.5,+125,+115,+105,+115,+110,,,+105,,,,,-103,,,,,-170,-133,-145,-145,-145,,,-150,,,,,-133,,,,
2024-04-04,Brett Baty,/mlb/props/brett-baty/,DET at NYM,NYM,"1B,2B,3B,RF",0.5,+100,+114,+100,+100,-110,,,-115,,,,,+114,,,,,-130,-120,-130,-130,-120,,,-120,,,,,-157,,,,
2024-04-04,Mark Canha,/mlb/props/mark-canha/,DET at NYM,FA,"LF,RF",0.5,+100,+100,+100,+100,+100,,,+100,,,,,-103,,,,,-135,-130,-133,-130,-135,,,-135,,,,,-133,,,,
2024-04-04,Harrison Bader,/mlb/props/harrison-bader/,DET at NYM,SF,"LF,CF,RF",0.5,+110,+135,+123,+135,+115,,,+105,,,,,+123,,,,,-150,-150,-165,-165,-150,,,-150,,,,,-169,,,,
2024-04-04,DJ Stewart,/mlb/props/dj-stewart/,DET at NYM,PIT,"LF,RF",0.5,+145,+165,+160,+160,+165,,,+160,,,,,+146,,,,,-195,-200,-204,-200,-225,,,-225,,,,,-204,,,,
2024-04-04,Francisco Lindor,/mlb/props/francisco-lindor/,DET at NYM,NYM,SS,0.5,-110,+100,-110,+100,-110,,,-115,,,,,,,,,,-120,-120,-120,-130,-120,,,-120,,,,,,,,,
2024-04-04,Spencer Torkelson,/mlb/props/spencer-torkelson-if/,DET at NYM,DET,1B,0.5,-105,+115,+110,+115,-105,,,-105,,,,,+110,,,,,-125,-130,-145,-145,-130,,,-130,,,,,-151,,,,
2024-04-04,Matt Vierling,/mlb/props/matt-vierling/,DET at NYM,DET,"LF,CF,RF",0.5,-135,-115,-119,-115,-135,,,-130,,,,,-119,,,,,+100,+100,-105,-115,+100,,,-105,,,,,-115,,,,
2024-04-04,Zach McKinstry,/mlb/props/zach-mckinstry/,DET at NYM,DET,"2B,3B,SS,LF,RF",0.5,+110,+125,+120,+125,+110,,,+110,,,,,+120,,,,,-145,-150,-155,-155,-150,,,-155,,,,,-166,,,,
2024-04-04,Jake Rogers,/mlb/props/jake-rogers/,DET at NYM,DET,C,0.5,+135,+165,+160,+165,+160,,,+150,,,,,,,,,,-180,-210,-220,-210,-220,,,-220,,,,,,,,,
2024-04-04,Francisco Alvarez,/mlb/props/francisco-alvarez/,DET at NYM,NYM,"C,DH",0.5,+105,+120,+110,+120,+110,,,+105,,,,,+116,,,,,-140,-145,-150,-150,-145,,,-150,,,,,-160,,,,
2024-04-04,Riley Greene,/mlb/props/riley-greene-of/,DET at NYM,DET,"LF,CF,RF,DH",0.5,-115,-105,-106,-105,-115,,,-115,,,,,-106,,,,,-115,-115,-120,-125,-115,,,-120,,,,,-129,,,,
2024-04-04,Carson Kelly,/mlb/props/carson-kelly/,DET at NYM,CHC,C,0.5,+105,+120,+112,+120,+105,,,+105,,,,,+112,,,,,-135,-135,-140,-150,-135,,,-140,,,,,-154,,,,
2024-04-04,Colt Keith,/mlb/props/colt-keith/,DET at NYM,DET,"1B,2B,3B,DH",0.5,-110,+106,+100,+100,-110,,,-110,,,,,+106,,,,,-120,-125,-130,-130,-125,,,-125,,,,,-145,,,,
2024-04-04,Pete Alonso,/mlb/props/peter-alonso/,DET at NYM,BAL,"1B,DH",0.5,+100,+115,+108,+115,+100,,,+100,,,,,+108,,,,,-130,-135,-145,-145,-135,,,-135,,,,,-148,,,,
2024-04-04,Kerry Carpenter,/mlb/props/kerry-carpenter/,DET at NYM,DET,"LF,RF,DH",0.5,-125,-104,-115,-115,-125,,,-125,,,,,-104,,,,,-105,-105,-115,-115,-105,,,-110,,,,,-131,,,,
2024-04-04,Gio Urshela,/mlb/props/giovanny-urshela/,DET at NYM,FA,3B,0.5,-155,-135,-145,-135,-155,,,-160,,,,,-145,,,,,+120,+115,+106,+105,+115,,,+115,,,,,+106,,,,
2024-04-04,Parker Meadows,/mlb/props/parker-meadows/,DET at NYM,DET,CF,0.5,-105,+110,+100,+110,+100,,,-105,,,,,+108,,,,,-130,-130,-140,-140,-130,,,-130,,,,,-148,,,,
2024-04-04,Tyrone Taylor,/mlb/props/tyrone-taylor/,DET at NYM,NYM,"LF,CF,RF",0.5,+125,+135,+125,+135,+125,,,+115,,,,,+120,,,,,-165,-160,-165,-165,-165,,,-160,,,,,-166,,,,
2024-04-04,Javier Baez,/mlb/props/javier-baez/,DET at NYM,DET,"2B,3B,SS,CF",0.5,+110,+108,+105,+100,+105,,,+100,,,,,+108,,,,,-145,-130,-135,-130,-135,,,-135,,,,,-148,,,,
2024-04-04,Brandon Nimmo,/mlb/props/brandon-nimmo/,DET at NYM,TEX,"LF,CF,RF,DH",0.5,-140,-120,-123,-120,-135,,,-135,,,,,-123,,,,,+105,+100,-110,-110,+100,,,+100,,,,,-111,,,,
2024-04-04,Jeff McNeil,/mlb/props/jeff-mcneil/,DET at NYM,ATH,"2B,LF,CF,RF",0.5,-170,0,-155,-130,-150,,,-155,,,,,0,,,,,+130,+115,+100,+100,+115,,,+110,,,,,0,,,,
2024-04-04,Starling Marte,/mlb/props/starling-marte/,DET at NYM,KC,"LF,RF,DH",0.5,-145,-115,-140,-115,-140,,,-140,,,,,,,,,,+110,+105,+105,-115,+105,,,+105,,,,,,,,,
2024-04-04,Andrew McCutchen,/mlb/props/andrew-mccutchen/,PIT at WSH,FA,"LF,RF,DH",0.5,+125,+120,+115,+120,+115,,,+110,,,,,+112,,,,,-165,-150,-154,-150,-155,,,-155,,,,,-154,,,,
2024-04-04,Ildemaro Vargas,/mlb/props/ildemaro-vargas/,PIT at WSH,ARI,"1B,2B",0.5,-130,-115,-119,-115,-120,,,-115,,,,,-119,,,,,+100,-110,-115,-115,-110,,,-115,,,,,-115,,,,
2024-04-04,Bryan Reynolds,/mlb/props/bryan-reynolds/,PIT at WSH,PIT,"LF,CF,RF,DH",0.5,+105,+110,+108,+110,+110,,,+105,,,,,+108,,,,,-140,-140,-145,-140,-145,,,-150,,,,,-148,,,,
2024-04-04,Joey Gallo,/mlb/props/joey-gallo/,PIT at WSH,FA,"1B,LF,CF,RF",0.5,+195,+195,+190,+200,+195,,,+180,,,,,+190,,,,,-270,-250,-260,-250,-270,,,-260,,,,,-274,,,,
2024-04-04,Jared Triolo,/mlb/props/jared-triolo/,PIT at WSH,PIT,"1B,2B,3B,SS",0.5,+100,-105,-109,-115,-105,,,-115,,,,,-109,,,,,-130,-115,-120,-115,-125,,,-120,,,,,-125,,,,
2024-04-04,Lane Thomas,/mlb/props/lane-thomas/,PIT at WSH,KC,"LF,CF,RF",0.5,-135,-130,-131,-130,-135,,,-130,,,,,-131,,,,,+100,+100,-104,+100,+100,,,-105,,,,,-104,,,,
2024-04-04,CJ Abrams,/mlb/props/cj-abrams/,PIT at WSH,WSH,SS,0.5,-135,-130,-133,-130,-135,,,-135,,,,,-133,,,,,+100,+100,+100,+100,+100,,,+100,,,,,-103,,,,
2024-04-04,Rowdy Tellez,/mlb/props/rowdy-tellez/,PIT at WSH,ATL,1B,0.5,+150,+170,+160,+170,+165,,,+160,,,,,+152,,,,,-205,-214,-220,-220,-220,,,-225,,,,,-214,,,,
2024-04-04,Riley Adams,/mlb/props/riley-adams/,PIT at WSH,WSH,C,0.5,+120,-104,-105,-105,-105,,,-105,,,,,-104,,,,,-160,-125,-130,-125,-130,,,-130,,,,,-131,,,,
2024-04-04,Jesse Winker,/mlb/props/jesse-winker/,PIT at WSH,FA,"LF,RF,DH",0.5,+110,+115,+110,+115,+115,,,+110,,,,,+110,,,,,-145,-145,-150,-145,-150,,,-155,,,,,-151,,,,
2024-04-04,Jack Suwinski,/mlb/props/jack-suwinski/,PIT at WSH,LAD,"LF,CF,RF",0.5,+160,+165,+152,+165,+165,,,+150,,,,,+152,,,,,-220,-210,-220,-210,-225,,,-220,,,,,-214,,,,
2024-04-04,Eddie Rosario,/mlb/props/eddie-rosario/,PIT at WSH,FA,"LF,CF,RF,DH",0.5,+115,+115,+112,+115,+115,,,+110,,,,,+112,,,,,-155,-145,-154,-145,-155,,,-155,,,,,-154,,,,
2024-04-04,Joey Meneses,/mlb/props/joey-meneses/,PIT at WSH,ATH,1B,0.5,-145,-140,-148,-140,-150,,,-150,,,,,-148,,,,,+110,+115,+110,+110,+115,,,+105,,,,,+108,,,,
2024-04-04,Michael A. Taylor,/mlb/props/michael-taylor/,PIT at WSH,FA,"LF,CF,RF",0.5,+155,+150,+145,+150,+145,,,+135,,,,,+146,,,,,-205,-185,-195,-185,-195,,,-190,,,,,-204,,,,
2024-04-04,Keibert Ruiz,/mlb/props/keibert-ruiz/,PIT at WSH,WSH,C,0.5,-160,-145,-155,-145,-155,,,-155,,,,,-160,,,,,+120,+116,+115,+115,+115,,,+110,,,,,+116,,,,
2024-04-04,Jacob Young,/mlb/props/jacob-young/,PIT at WSH,WSH,CF,0.5,-115,-115,-115,-115,-115,,,,,,,,-117,,,,,-115,-115,-115,-115,-115,,,,,,,,-117,,,,
2024-04-04,Henry Davis,/mlb/props/henry-davis/,PIT at WSH,PIT,C,0.5,+120,+115,+108,+115,+115,,,+105,,,,,+108,,,,,-160,-145,-150,-145,-155,,,-150,,,,,-148,,,,
2024-04-04,Trey Lipscomb,/mlb/props/trey-lipscomb/,PIT at WSH,WSH,3B,0.5,-115,-111,-115,-115,-115,,,-115,,,,,-111,,,,,-115,-115,-120,-115,-115,,,-120,,,,,-123,,,,
2024-04-04,Oneil Cruz,/mlb/props/oneil-cruz-3b/,PIT at WSH,PIT,"CF,DH",0.5,+110,+120,+115,+120,+115,,,+110,,,,,+112,,,,,-145,-150,-154,-150,-150,,,-155,,,,,-154,,,,
2024-04-04,Ke'Bryan Hayes,/mlb/props/kebryan-hayes/,PIT at WSH,CIN,3B,0.5,-120,-121,-125,-125,-125,,,-130,,,,,-121,,,,,-110,-105,-105,-105,-105,,,-105,,,,,-113,,,,
2024-04-04,Bo Naylor,/mlb/props/bo-naylor/,CLE at MIN,CLE,C,0.5,+165,+180,+172,+180,+180,,,+165,,,,,+172,,,,,-225,-230,-240,-230,-245,,,-240,,,,,-244,,,,
2024-04-04,Matt Wallner,/mlb/props/matt-wallner/,CLE at MIN,MIN,"LF,RF",0.5,+205,+220,+200,+220,+220,,,+200,,,,,+196,,,,,-285,-284,-290,-290,-310,,,-285,,,,,-284,,,,
2024-04-04,Ramon Laureano,/mlb/props/ramon-laureano/,CLE at MIN,SD,"LF,CF,RF",0.5,+170,+175,+160,+175,+175,,,+160,,,,,+159,,,,,-235,-224,-225,-225,-240,,,-225,,,,,-224,,,,
2024-04-04,Max Kepler,/mlb/props/max-kepler/,CLE at MIN,ARI,"LF,RF",0.5,+115,+120,+116,+120,+120,,,+115,,,,,+116,,,,,-150,-150,-160,-150,-160,,,-160,,,,,-160,,,,
2024-04-04,Willi Castro,/mlb/props/willi-castro/,CLE at MIN,COL,"1B,2B,3B,SS,LF,RF",0.5,+145,+150,+145,+150,+145,,,+135,,,,,+139,,,,,-190,-185,-190,-185,-195,,,-190,,,,,-194,,,,
2024-04-04,Alex Kirilloff,/mlb/props/alex-kirilloff/,CLE at MIN,FA,"1B,LF,RF",0.5,-135,-120,-125,-120,-120,,,-125,,,,,-125,,,,,+100,-109,-110,-110,-110,,,-110,,,,,-109,,,,
2024-04-04,Christian Vazquez,/mlb/props/christian-vazquez/,CLE at MIN,HOU,C,0.5,+115,+130,+125,+130,+125,,,+120,,,,,+116,,,,,-155,-160,-165,-160,-170,,,-165,,,,,-160,,,,
2024-04-04,Andres Gimenez,/mlb/props/andres-giminez/,CLE at MIN,TOR,"2B,SS",0.5,+100,-110,-113,-115,-110,,,-115,,,,,-113,,,,,-135,-115,-120,-115,-120,,,-120,,,,,-121,,,,
2024-04-04,Edouard Julien,/mlb/props/edouard-julien/,CLE at MIN,COL,"1B,2B,DH",0.5,+125,+135,+130,+135,+130,,,+125,,,,,+123,,,,,-165,-165,-170,-165,-170,,,-175,,,,,-169,,,,
2024-04-04,Brayan Rocchio,/mlb/props/brayan-rocchio/,CLE at MIN,CLE,"2B,SS",0.5,+120,+125,+120,+125,+120,,,+115,,,,,+116,,,,,-155,-155,-160,-155,-160,,,-160,,,,,-160,,,,
2024-04-04,Will Brennan,/mlb/props/will-brennan/,CLE at MIN,SF,"LF,CF,RF",0.5,-130,-120,-125,-120,-120,,,-125,,,,,-129,,,,,+100,-106,-110,-110,-110,,,-110,,,,,-106,,,,
2024-04-04,Tyler Freeman,/mlb/props/tyler-freeman-ss/,CLE at MIN,COL,"2B,RF,DH",0.5,-105,+100,-105,-105,+100,,,-105,,,,,-108,,,,,-125,-125,-127,-125,-130,,,-130,,,,,-127,,,,
2024-04-04,Byron Buxton,/mlb/props/byron-buxton/,CLE at MIN,MIN,"CF,DH",0.5,+190,+210,+190,+210,+205,,,+190,,,,,+178,,,,,-265,-254,-270,-270,-285,,,-275,,,,,-254,,,,
2024-04-04,Steven Kwan,/mlb/props/steven-kwan/,CLE at MIN,CLE,"LF,CF",0.5,-165,-165,-165,-165,-165,,,-165,,,,,-174,,,,,+125,+135,+126,+135,+125,,,+120,,,,,+126,,,,
2024-04-04,Jose Ramirez,/mlb/props/jose-ramirez/,CLE at MIN,CLE,"3B,DH",0.5,-115,-110,-110,-110,-110,,,-110,,,,,-113,,,,,-115,-120,-121,-120,-120,,,-125,,,,,-121,,,,
2024-04-04,Carlos Santana,/mlb/props/carlos-santana/,CLE at MIN,ATL,1B,0.5,+140,+145,+140,+145,+140,,,+130,,,,,+133,,,,,-190,-180,-184,-180,-190,,,-180,,,,,-184,,,,
2024-04-04,Carlos Correa,/mlb/props/carlos-correa/,CLE at MIN,HOU,"3B,SS",0.5,+125,+140,+135,+140,+135,,,+130,,,,,+126,,,,,-165,-170,-180,-170,-185,,,-180,,,,,-174,,,,
2024-04-04,Ryan Jeffers,/mlb/props/ryan-jeffers/,CLE at MIN,MIN,"C,DH",0.5,+165,+180,+165,+180,+180,,,+165,,,,,+159,,,,,-230,-224,-230,-230,-245,,,-240,,,,,-224,,,,
2024-04-04,Josh Naylor,/mlb/props/josh-naylor/,CLE at MIN,SEA,"1B,DH",0.5,-120,-115,-115,-115,-115,,,-115,,,,,-123,,,,,-110,-111,-115,-115,-115,,,-115,,,,,-111,,,,
2024-04-04,Luis Arraez,/mlb/props/luis-arraez/,MIA at STL,SF,"1B,2B,DH",0.5,-220,-210,-220,-210,-225,,,-220,,,,,-214,,,,,+160,+165,+152,+165,+165,,,+150,,,,,+152,,,,
2024-04-04,Jesus Sanchez,/mlb/props/jesus-sanchez/,MIA at STL,TOR,"LF,CF,RF,DH",0.5,+120,+125,+120,+125,+120,,,+115,,,,,+116,,,,,-160,-155,-160,-155,-160,,,-160,,,,,-160,,,,
2024-04-04,Ivan Herrera,/mlb/props/ivan-herrera/,MIA at STL,STL,"C,DH",0.5,+140,+115,+110,+110,+115,,,+105,,,,,+112,,,,,-185,-140,-150,-140,-150,,,-150,,,,,-154,,,,
2024-04-04,Masyn Winn,/mlb/props/masyn-winn-p/,MIA at STL,STL,SS,0.5,+145,+135,+126,+135,+130,,,+120,,,,,+126,,,,,-195,-165,-170,-165,-170,,,-165,,,,,-174,,,,
2024-04-04,Jazz Chisholm Jr.,/mlb/props/jasrado-chisholm/,MIA at STL,NYY,"2B,3B",0.5,+130,+140,+130,+140,+135,,,+130,,,,,+123,,,,,-175,-169,-170,-170,-180,,,-180,,,,,-169,,,,
2024-04-04,Christian Bethancourt,/mlb/props/christian-bethancourt/,MIA at STL,CHC,C,0.5,+160,+165,+159,+165,+160,,,+150,,,,,+159,,,,,-220,-210,-215,-210,-215,,,-220,,,,,-224,,,,
2024-04-04,Alec Burleson,/mlb/props/alec-burleson/,MIA at STL,STL,"1B,LF,RF,DH",0.5,+120,+120,+120,+120,+120,,,+110,,,,,+120,,,,,-160,-150,-160,-150,-160,,,-155,,,,,-166,,,,
2024-04-04,Brendan Donovan,/mlb/props/brendan-donovan/,MIA at STL,SEA,"2B,3B,SS,LF",0.5,-125,-120,-125,-120,-125,,,-125,,,,,-125,,,,,-105,-105,-109,-110,-105,,,-110,,,,,-109,,,,
2024-04-04,Bryan De La Cruz,/mlb/props/bryan-de-la-cruz/,MIA at STL,PHI,LF,0.5,+105,+100,-101,+100,+100,,,-105,,,,,-101,,,,,-135,-130,-130,-130,-135,,,-130,,,,,-135,,,,
2024-04-04,Jordan Walker,/mlb/props/jordan-walker/,MIA at STL,STL,"LF,RF",0.5,+100,+100,-101,+100,+100,,,-105,,,,,-101,,,,,-135,-130,-130,-130,-135,,,-130,,,,,-135,,,,
2024-04-04,Tim Anderson,/mlb/props/tim-anderson/,MIA at STL,FA,"2B,SS",0.5,-120,-125,-125,-125,-125,,,-125,,,,,-127,,,,,-110,-105,-108,-105,-105,,,-110,,,,,-108,,,,
2024-04-04,Paul Goldschmidt,/mlb/props/paul-goldschmidt/,MIA at STL,NYY,"1B,DH",0.5,+110,+105,+105,+105,+105,,,+105,,,,,+104,,,,,-145,-135,-140,-135,-140,,,-140,,,,,-142,,,,
2024-04-04,Willson Contreras,/mlb/props/willson-contreras/,MIA at STL,BOS,1B,0.5,+130,+135,+130,+135,+130,,,+125,,,,,+126,,,,,-175,-165,-174,-165,-175,,,-175,,,,,-174,,,,
2024-04-04,Michael Siani,/mlb/props/mike-siani/,MIA at STL,BAL,CF,0.5,+165,+165,+159,+165,+165,,,+150,,,,,+159,,,,,-225,-210,-220,-210,-220,,,-220,,,,,-224,,,,
2024-04-04,Josh Bell,/mlb/props/josh-bell/,MIA at STL,MIN,"1B,DH",0.5,-110,-110,-111,-115,-110,,,-115,,,,,-111,,,,,-125,-115,-120,-115,-120,,,-120,,,,,-123,,,,
2024-04-04,Jake Burger,/mlb/props/jake-burger-3b/,MIA at STL,TEX,1B,0.5,+115,+114,+110,+110,+110,,,+105,,,,,+114,,,,,-150,-140,-150,-140,-150,,,-150,,,,,-157,,,,
2024-04-04,Nick Gordon,/mlb/props/nick-gordon/,MIA at STL,FA,"2B,LF,CF",0.5,+115,+115,+110,+115,+115,,,+110,,,,,+108,,,,,-155,-145,-150,-145,-150,,,-155,,,,,-148,,,,
2024-04-04,Victor Scott,/mlb/props/victor-scott/,MIA at STL,STL,CF,0.5,+130,+100,+100,+100,+100,,,+100,,,,,-103,,,,,-170,-130,-133,-130,-135,,,-135,,,,,-133,,,,
2024-04-04,Nolan Gorman,/mlb/props/nolan-gorman/,MIA at STL,STL,"2B,3B,DH",0.5,+170,+195,+175,+195,+185,,,+175,,,,,+165,,,,,-230,-234,-245,-245,-255,,,-250,,,,,-234,,,,
2024-04-04,Nolan Arenado,/mlb/props/nolan-arenado/,MIA at STL,ARI,3B,0.5,+110,+106,+100,+100,-105,,,+100,,,,,+106,,,,,-145,-125,-135,-130,-125,,,-135,,,,,-145,,,,
2024-04-04,Mark Canha,/mlb/props/mark-canha/,DET at NYM,FA,"LF,RF",0.5,+112,+115,+112,,+115,,,+110,,,,,+112,,,,,-154,-154,-155,,-155,,,-155,,,,,-154,,,,
2024-04-04,Harrison Bader,/mlb/props/harrison-bader/,DET at NYM,SF,"LF,CF,RF",0.5,+130,+140,+135,+130,+135,,,+140,,,,,+133,,,,,-160,-160,-184,-160,-185,,,-200,,,,,-184,,,,
2024-04-04,Brandon Nimmo,/mlb/props/brandon-nimmo/,DET at NYM,TEX,"LF,CF,RF,DH",0.5,-120,-125,-130,-125,-130,,,-130,,,,,-137,,,,,-110,+100,+100,-105,+100,,,-105,,,,,+100,,,,
2024-04-04,Jeff McNeil,/mlb/props/jeff-mcneil/,DET at NYM,ATH,"2B,LF,CF,RF",0.5,-135,-135,-165,-135,-170,,,-165,,,,,-166,,,,,+105,+125,+120,+105,+125,,,+120,,,,,+120,,,,
2024-04-04,Francisco Lindor,/mlb/props/francisco-lindor/,DET at NYM,NYM,SS,0.5,+105,+100,-104,+100,-110,,,-110,,,,,-104,,,,,-135,-125,-130,-130,-125,,,-125,,,,,-131,,,,
2024-04-04,Carson Kelly,/mlb/props/carson-kelly/,DET at NYM,CHC,C,0.5,+115,+120,+112,+115,+120,,,+105,,,,,+112,,,,,-155,-145,-150,-145,-155,,,-150,,,,,-154,,,,
2024-04-04,Starling Marte,/mlb/props/starling-marte/,DET at NYM,KC,"LF,RF,DH",0.5,-125,-120,-120,-120,-120,,,-120,,,,,-123,,,,,-105,-110,-111,-110,-110,,,-115,,,,,-111,,,,
2024-04-04,Matt Vierling,/mlb/props/matt-vierling/,DET at NYM,DET,"LF,CF,RF",0.5,-120,-120,-123,-120,-125,,,-125,,,,,-123,,,,,-110,-105,-110,-110,-105,,,-110,,,,,-111,,,,
2024-04-04,Jake Rogers,/mlb/props/jake-rogers/,DET at NYM,DET,C,0.5,+172,+172,+165,,,,,+165,,,,,+172,,,,,-244,-240,-240,,,,,-240,,,,,-244,,,,
2024-04-04,Gio Urshela,/mlb/props/giovanny-urshela/,DET at NYM,FA,3B,0.5,-140,-135,-137,-135,-140,,,-140,,,,,-137,,,,,+105,+105,+105,+105,+105,,,+105,,,,,+100,,,,
2024-04-04,Zach McKinstry,/mlb/props/zach-mckinstry/,DET at NYM,DET,"2B,3B,SS,LF,RF",0.5,+125,+130,+125,+130,+125,,,+120,,,,,+118,,,,,-165,-160,-163,-160,-165,,,-165,,,,,-163,,,,
2024-04-04,Tyrone Taylor,/mlb/props/tyrone-taylor/,DET at NYM,NYM,"LF,CF,RF",0.5,+150,+145,+143,+140,+145,,,+140,,,,,+143,,,,,-205,-170,-199,-170,-200,,,-200,,,,,-199,,,,
2024-04-04,Javier Baez,/mlb/props/javier-baez/,DET at NYM,DET,"2B,3B,SS,CF",0.5,+116,+125,+120,,+125,,,+120,,,,,+116,,,,,-160,-160,-165,,-170,,,-165,,,,,-160,,,,
2024-04-04,Colt Keith,/mlb/props/colt-keith/,DET at NYM,DET,"1B,2B,3B,DH",0.5,+105,+105,+100,-105,+105,,,+100,,,,,+100,,,,,-135,-125,-135,-125,-135,,,-135,,,,,-137,,,,
2024-04-04,Riley Greene,/mlb/props/riley-greene-of/,DET at NYM,DET,"LF,CF,RF,DH",0.5,+100,+100,-103,-105,+100,,,-105,,,,,-103,,,,,-130,-125,-130,-125,-130,,,-130,,,,,-133,,,,
2024-04-04,Kerry Carpenter,/mlb/props/kerry-carpenter/,DET at NYM,DET,"LF,RF,DH",0.5,-105,-105,-110,-115,-105,,,-110,,,,,-113,,,,,-125,-115,-121,-115,-125,,,-125,,,,,-121,,,,
2024-04-04,Parker Meadows,/mlb/props/parker-meadows/,DET at NYM,DET,CF,0.5,+110,+115,+105,+105,+115,,,+105,,,,,+104,,,,,-145,-135,-142,-135,-155,,,-150,,,,,-142,,,,
2024-04-04,Omar Narvaez,/mlb/props/omar-narvaez/,DET at NYM,FA,C,0.5,+102,+105,+105,,+105,,,+105,,,,,+102,,,,,-139,-135,-139,,-135,,,-140,,,,,-139,,,,
2024-04-04,Pete Alonso,/mlb/props/peter-alonso/,DET at NYM,BAL,"1B,DH",0.5,+115,+140,+129,+115,+140,,,+135,,,,,+129,,,,,-145,-145,-179,-145,-190,,,-190,,,,,-179,,,,
2024-04-04,Francisco Alvarez,/mlb/props/francisco-alvarez/,DET at NYM,NYM,"C,DH",0.5,+125,+130,+120,+130,+120,,,+120,,,,,+116,,,,,-155,-160,-165,-160,-165,,,-165,,,,,-160,,,,
2024-04-04,Brett Baty,/mlb/props/brett-baty/,DET at NYM,NYM,"1B,2B,3B,RF",0.5,-105,-105,-110,-110,-115,,,-105,,,,,-108,,,,,-125,-115,-120,-120,-115,,,-130,,,,,-127,,,,
2024-04-04,Spencer Torkelson,/mlb/props/spencer-torkelson-if/,DET at NYM,DET,1B,0.5,+150,+150,+136,+110,+150,,,+140,,,,,+136,,,,,-205,-140,-189,-140,-205,,,-200,,,,,-189,,,,
2024-04-04,MJ Melendez,/mlb/props/mj-melendez/,CWS at KC,NYM,"LF,DH",0.5,+125,+125,+120,+125,+120,,,+115,,,,,+123,,,,,-165,-155,-160,-155,-160,,,-160,,,,,-169,,,,
2024-04-04,Adam Frazier,/mlb/props/adam-frazier/,CWS at KC,LAA,"2B,LF,RF",0.5,-105,-103,-105,-105,-105,,,-105,,,,,-103,,,,,-130,-125,-130,-125,-125,,,-130,,,,,-133,,,,
2024-04-04,Nelson Velazquez,/mlb/props/nelson-velazquez/,CWS at KC,STL,"LF,RF,DH",0.5,+140,+150,+140,+150,+140,,,+135,,,,,+133,,,,,-185,-184,-185,-185,-190,,,-190,,,,,-184,,,,
2024-04-04,Yoan Moncada,/mlb/props/yoan-moncada/,CWS at KC,LAA,3B,0.5,+110,+110,+108,+110,+110,,,+105,,,,,+108,,,,,-145,-140,-148,-140,-150,,,-150,,,,,-148,,,,
2024-04-04,Bobby Witt Jr.,/mlb/props/bobby-witt-jr/,CWS at KC,KC,SS,0.5,-140,-125,-130,-125,-130,,,-130,,,,,-131,,,,,+105,+100,-104,-105,+100,,,-105,,,,,-104,,,,
2024-04-04,Korey Lee,/mlb/props/korey-lee/,CWS at KC,CWS,C,0.5,+120,+135,+125,+135,+125,,,+120,,,,,+118,,,,,-160,-163,-165,-165,-170,,,-165,,,,,-163,,,,
2024-04-04,Martin Maldonado,/mlb/props/martin-maldonado/,CWS at KC,FA,C,0.5,+185,+200,+195,+200,+195,,,+180,,,,,+178,,,,,-260,-250,-260,-250,-275,,,-260,,,,,-254,,,,
2024-04-04,Kyle Isbel,/mlb/props/kyle-isbel/,CWS at KC,KC,CF,0.5,+125,+125,+120,+125,+120,,,+115,,,,,+118,,,,,-165,-155,-160,-155,-165,,,-160,,,,,-163,,,,
2024-04-04,Dominic Fletcher,/mlb/props/dominic-fletcher/,CWS at KC,PIT,"CF,RF",0.5,+100,-105,-106,-110,-105,,,-110,,,,,-106,,,,,-135,-120,-125,-120,-125,,,-125,,,,,-129,,,,
2024-04-04,Luis Robert Jr.,/mlb/props/luis-robert/,CWS at KC,NYM,CF,0.5,+105,+110,+105,+110,+110,,,+105,,,,,-101,,,,,-135,-135,-140,-140,-145,,,-150,,,,,-135,,,,
2024-04-04,Nicky Lopez,/mlb/props/nicky-lopez/,CWS at KC,TEX,"2B,3B,SS",0.5,-125,-125,-127,-125,-130,,,-130,,,,,-127,,,,,-105,+100,-105,-105,+100,,,-105,,,,,-108,,,,
2024-04-04,Gavin Sheets,/mlb/props/gavin-sheets/,CWS at KC,SD,"1B,LF,RF,DH",0.5,+125,+120,+112,+120,+120,,,+110,,,,,+112,,,,,-170,-150,-155,-150,-160,,,-155,,,,,-154,,,,
2024-04-04,Vinnie Pasquantino,/mlb/props/vinnie-pasquantino/,CWS at KC,KC,"1B,DH",0.5,-120,-115,-120,-115,-120,,,-120,,,,,-121,,,,,-110,-110,-113,-115,-110,,,-115,,,,,-113,,,,
2024-04-04,Braden Shewmake,/mlb/props/braden-shewmake/,CWS at KC,HOU,"2B,3B,SS",0.5,+135,+135,+130,+135,+130,,,+125,,,,,+129,,,,,-180,-165,-175,-165,-175,,,-175,,,,,-179,,,,
2024-04-04,Hunter Renfroe,/mlb/props/hunter-renfroe/,CWS at KC,FA,RF,0.5,+125,+140,+135,+140,+135,,,+130,,,,,+129,,,,,-165,-170,-179,-170,-180,,,-180,,,,,-179,,,,
2024-04-04,Nick Loftin,/mlb/props/nick-loftin/,CWS at KC,KC,"2B,3B,LF",0.5,+120,+125,+120,+125,+120,,,,,,,,+112,,,,,-155,-154,-155,-155,-155,,,,,,,,-154,,,,
2024-04-04,Andrew Benintendi,/mlb/props/andrew-benintendi/,CWS at KC,CWS,"LF,DH",0.5,-155,-165,-165,-165,-165,,,-165,,,,,-169,,,,,+115,+135,+125,+135,+125,,,+120,,,,,+123,,,,
2024-04-04,Andrew Vaughn,/mlb/props/andrew-vaughn-1b/,CWS at KC,MIL,1B,0.5,-130,-115,-120,-115,-120,,,-120,,,,,-131,,,,,+100,-104,-110,-115,-110,,,-115,,,,,-104,,,,
2024-04-04,Salvador Perez,/mlb/props/salvador-perez/,CWS at KC,KC,"C,1B,DH",0.5,-110,-113,-115,-115,-115,,,-115,,,,,-113,,,,,-120,-115,-120,-115,-115,,,-120,,,,,-121,,,,
2024-04-04,Maikel Garcia,/mlb/props/maikel-garcia/,CWS at KC,KC,"2B,3B,SS,OF",0.5,-165,-145,-150,-145,-150,,,-155,,,,,-154,,,,,+125,+115,+112,+115,+115,,,+110,,,,,+112,,,,
2024-04-05,Davis Schneider,/mlb/props/davis-schneider/,TOR at NYY,TOR,"2B,LF",0.5,+155,+140,+135,+140,+135,,,+125,,,,,+129,,,,,-210,-170,-175,-170,-180,,,-175,,,,,-179,,,,
2024-04-05,Alex Verdugo,/mlb/props/alex-verdugo/,TOR at NYY,FA,"LF,RF",0.5,+115,+120,+115,+120,+115,,,+110,,,,,+112,,,,,-155,-150,-154,-150,-155,,,-155,,,,,-154,,,,
2024-04-05,Anthony Volpe,/mlb/props/anthony-volpe/,TOR at NYY,NYY,SS,0.5,+115,+115,+114,+115,+115,,,+105,,,,,+114,,,,,-150,-145,-150,-145,-150,,,-150,,,,,-157,,,,
2024-04-05,Gleyber Torres,/mlb/props/gleyber-torres/,TOR at NYY,DET,2B,0.5,-105,-111,-115,-115,-115,,,-115,,,,,-111,,,,,-125,-115,-115,-115,-115,,,-115,,,,,-123,,,,
2024-04-05,Bo Bichette,/mlb/props/bo-bichette/,TOR at NYY,NYM,"3B,SS",0.5,-160,-160,-165,-160,-160,,,-165,,,,,-169,,,,,+120,+130,+123,+130,+120,,,+120,,,,,+123,,,,
2024-04-05,Anthony Rizzo,/mlb/props/anthony-rizzo/,TOR at NYY,FA,1B,0.5,+125,+125,+116,+125,+125,,,+115,,,,,+116,,,,,-165,-155,-160,-155,-165,,,-160,,,,,-160,,,,
2024-04-05,George Springer,/mlb/props/george-springer/,TOR at NYY,TOR,"LF,CF,RF,DH",0.5,-140,-140,-145,-140,-140,,,-150,,,,,-145,,,,,+105,+110,+106,+110,+105,,,+105,,,,,+106,,,,
2024-04-05,Isiah Kiner-Falefa,/mlb/props/isiah-kiner-falefa/,TOR at NYY,BOS,"2B,3B,SS",0.5,+100,+100,-105,-105,+100,,,-110,,,,,-103,,,,,-130,-125,-130,-125,-130,,,-125,,,,,-133,,,,
2024-04-05,Justin Turner,/mlb/props/justin-turner/,TOR at NYY,FA,"1B,3B",0.5,-105,-105,-106,-115,-105,,,-115,,,,,-106,,,,,-125,-115,-120,-115,-125,,,-120,,,,,-129,,,,
2024-04-05,Oswaldo Cabrera,/mlb/props/oswaldo-cabrera/,TOR at NYY,NYY,3B,0.5,+130,+140,+130,+140,+130,,,+125,,,,,+129,,,,,-175,-170,-175,-170,-175,,,-175,,,,,-179,,,,
2024-04-05,Aaron Judge,/mlb/props/aaron-judge/,TOR at NYY,NYY,"LF,CF,RF,DH",0.5,+160,+160,+146,+160,+160,,,+145,,,,,+146,,,,,-215,-200,-204,-200,-215,,,-215,,,,,-204,,,,
2024-04-05,Daulton Varsho,/mlb/props/daulton-varsho/,TOR at NYY,TOR,"LF,CF",0.5,+140,+175,+170,+175,+170,,,+160,,,,,+159,,,,,-185,-224,-225,-225,-230,,,-225,,,,,-224,,,,
2024-04-05,Giancarlo Stanton,/mlb/props/giancarlo-stanton/,TOR at NYY,NYY,"LF,RF,DH",0.5,+135,+135,+130,+135,+130,,,+125,,,,,+126,,,,,-185,-165,-174,-165,-175,,,-175,,,,,-174,,,,
2024-04-05,Alejandro Kirk,/mlb/props/alejandro-kirk/,TOR at NYY,TOR,C,0.5,-130,-120,-125,-120,-120,,,-125,,,,,-127,,,,,-105,-108,-110,-110,-110,,,-110,,,,,-108,,,,
2024-04-05,Cavan Biggio,/mlb/props/cavan-biggio/,TOR at NYY,HOU,"1B,2B,RF",0.5,+165,+175,+145,+175,+145,,,+135,,,,,+139,,,,,-230,-190,-195,-225,-195,,,-190,,,,,-194,,,,
2024-04-05,Juan Soto,/mlb/props/juan-soto/,TOR at NYY,NYM,"LF,RF,DH",0.5,+125,+135,+125,+135,+125,,,+125,,,,,+123,,,,,-170,-165,-170,-165,-170,,,-175,,,,,-169,,,,
2024-04-05,Jose Trevino,/mlb/props/jose-trevino/,TOR at NYY,CIN,C,0.5,+110,+110,+108,+110,+110,,,+105,,,,,+108,,,,,-150,-140,-148,-140,-150,,,-140,,,,,-148,,,,
2024-04-05,Jon Berti,/mlb/props/jon-berti/,TOR at NYY,FA,"2B,3B",0.5,-115,-105,-109,-115,-105,,,-115,,,,,-109,,,,,-115,-115,-120,-115,-125,,,-120,,,,,-125,,,,
2024-04-05,Vladimir Guerrero Jr.,/mlb/props/vladimir-guerrero-jr/,TOR at NYY,TOR,"1B,DH",0.5,-110,-110,-111,-115,-110,,,-115,,,,,-111,,,,,-120,-115,-120,-115,-120,,,-115,,,,,-123,,,,
2024-04-05,Kevin Kiermaier,/mlb/props/kevin-kiermaier/,TOR at NYY,FA,CF,0.5,+125,+120,+115,+120,+115,,,+110,,,,,+118,,,,,-170,-150,-155,-150,-155,,,-155,,,,,-163,,,,
2024-04-05,Mark Canha,/mlb/props/mark-canha/,ATH at DET,FA,"LF,RF",0.5,+125,+135,+126,+135,+125,,,+125,,,,,+126,,,,,-165,-165,-174,-165,-165,,,-175,,,,,-174,,,,
2024-04-05,Brent Rooker,/mlb/props/brent-rooker/,ATH at DET,ATH,"LF,RF,DH",0.5,+180,+190,+180,+190,+180,,,+175,,,,,+172,,,,,-250,-240,-244,-240,-250,,,-250,,,,,-244,,,,
2024-04-05,Javier Baez,/mlb/props/javier-baez/,ATH at DET,DET,"2B,3B,SS,CF",0.5,+115,+120,+115,+120,+115,,,+110,,,,,+114,,,,,-155,-150,-155,-150,-155,,,-155,,,,,-157,,,,
2024-04-05,Abraham Toro,/mlb/props/abraham-toro/,ATH at DET,KC,"1B,2B,3B",0.5,+140,+145,+135,+145,+145,,,+135,,,,,+133,,,,,-190,-180,-190,-180,-200,,,-190,,,,,-184,,,,
2024-04-05,Zack Gelof,/mlb/props/zack-gelof/,ATH at DET,ATH,"2B,3B,CF",0.5,+155,+165,+160,+165,+160,,,+145,,,,,+146,,,,,-210,-204,-210,-210,-215,,,-215,,,,,-204,,,,
2024-04-05,Andy Ibanez,/mlb/props/andy-ibanez/,ATH at DET,NYM,"2B,3B",0.5,+100,+105,+100,+105,+100,,,+105,,,,,+100,,,,,-135,-135,-137,-135,-135,,,-140,,,,,-137,,,,
2024-04-05,Lawrence Butler,/mlb/props/lawrence-butler/,ATH at DET,ATH,"CF,RF",0.5,+165,+165,+160,+165,+160,,,+150,,,,,+152,,,,,-225,-210,-215,-210,-215,,,-220,,,,,-214,,,,
2024-04-05,Jake Rogers,/mlb/props/jake-rogers/,ATH at DET,DET,C,0.5,+190,+200,+190,+200,+190,,,+180,,,,,+178,,,,,-265,-250,-260,-250,-265,,,-260,,,,,-254,,,,
2024-04-05,Nick Allen,/mlb/props/nick-allen-ss/,ATH at DET,HOU,"2B,3B,SS",0.5,+110,+130,+120,+130,+115,,,+120,,,,,+120,,,,,-150,-155,-160,-160,-155,,,-165,,,,,-166,,,,
2024-04-05,Tyler Nevin,/mlb/props/tyler-nevin/,ATH at DET,FA,"1B,3B,LF,RF",0.5,+150,+155,+150,+155,+150,,,+140,,,,,+143,,,,,-200,-190,-199,-190,-200,,,-200,,,,,-199,,,,
2024-04-05,Darell Hernaiz,/mlb/props/darell-hernaiz/,ATH at DET,ATH,"2B,3B,SS",0.5,+145,+170,+159,+170,+145,,,+160,,,,,+159,,,,,-200,-200,-220,-220,-200,,,-225,,,,,-224,,,,
2024-04-05,Riley Greene,/mlb/props/riley-greene-of/,ATH at DET,DET,"LF,CF,RF,DH",0.5,+115,+115,+112,+115,+115,,,+105,,,,,+112,,,,,-155,-145,-150,-145,-155,,,-150,,,,,-154,,,,
2024-04-05,JJ Bleday,/mlb/props/jj-bleday/,ATH at DET,CIN,"LF,CF,RF,DH",0.5,+140,+145,+140,+145,+140,,,+135,,,,,+133,,,,,-185,-180,-185,-180,-185,,,-190,,,,,-184,,,,
2024-04-05,Parker Meadows,/mlb/props/parker-meadows/,ATH at DET,DET,CF,0.5,+180,+190,+175,+190,+180,,,+175,,,,,+165,,,,,-250,-234,-240,-240,-250,,,-250,,,,,-234,,,,
2024-04-05,Matt Vierling,/mlb/props/matt-vierling/,ATH at DET,DET,"LF,CF,RF",0.5,-115,-110,-115,-115,-110,,,-115,,,,,-117,,,,,-115,-115,-117,-115,-120,,,-115,,,,,-117,,,,
2024-04-05,Spencer Torkelson,/mlb/props/spencer-torkelson-if/,ATH at DET,DET,1B,0.5,+150,+155,+150,+155,+150,,,+140,,,,,+143,,,,,-200,-190,-199,-190,-200,,,-200,,,,,-199,,,,
2024-04-05,Shea Langeliers,/mlb/props/shea-langeliers/,ATH at DET,ATH,"C,DH",0.5,+165,+180,+165,+180,+165,,,+165,,,,,+165,,,,,-225,-225,-234,-230,-225,,,-240,,,,,-234,,,,
2024-04-05,Gio Urshela,/mlb/props/giovanny-urshela/,ATH at DET,FA,3B,0.5,-125,-119,-120,-120,-125,,,-125,,,,,-119,,,,,-105,-105,-110,-110,-105,,,-110,,,,,-115,,,,
2024-04-05,J.D. Davis,/mlb/props/jd-davis/,ATH at DET,FA,"1B,3B",0.5,+140,+145,+140,+145,+140,,,+135,,,,,+136,,,,,-190,-180,-189,-180,-190,,,-190,,,,,-189,,,,
2024-04-05,Colt Keith,/mlb/props/colt-keith/,ATH at DET,DET,"1B,2B,3B,DH",0.5,+125,+125,+118,+120,+125,,,+110,,,,,+118,,,,,-165,-150,-155,-150,-165,,,-155,,,,,-163,,,,
2024-04-05,Max Muncy,/mlb/props/max-muncy/,LAD at CHC,LAD,3B,0.5,+150,+160,+150,+160,+150,,,+140,,,,,+146,,,,,-205,-200,-204,-200,-205,,,-200,,,,,-204,,,,
2024-04-05,Nick Madrigal,/mlb/props/nick-madrigal/,LAD at CHC,TB,"2B,3B",0.5,-140,-135,-140,-135,-140,,,-140,,,,,-142,,,,,+105,+105,+105,+105,+105,,,+105,,,,,+104,,,,
2024-04-05,Michael Busch,/mlb/props/michael-busch-2b/,LAD at CHC,CHC,1B,0.5,+120,+130,+125,+130,+125,,,+120,,,,,+120,,,,,-160,-160,-165,-160,-165,,,-165,,,,,-166,,,,
2024-04-05,Mookie Betts,/mlb/props/mookie-betts/,LAD at CHC,LAD,SS,0.5,-135,-125,-130,-125,-130,,,-130,,,,,-135,,,,,+100,+100,-101,-105,+100,,,-105,,,,,-101,,,,
2024-04-05,Will Smith,/mlb/props/will-smith-c/,LAD at CHC,LAD,C,0.5,-145,-135,-140,-135,-145,,,-140,,,,,-142,,,,,+110,+110,+105,+105,+110,,,+105,,,,,+104,,,,
2024-04-05,Shohei Ohtani,/mlb/props/shohei-ohtani/,LAD at CHC,LAD,"SP,DH",0.5,-115,-115,-115,-115,-115,,,-115,,,,,-117,,,,,-115,-115,-115,-115,-115,,,-115,,,,,-117,,,,
2024-04-05,Ian Happ,/mlb/props/ian-happ/,LAD at CHC,CHC,LF,0.5,+105,+105,+105,+105,+105,,,+105,,,,,+104,,,,,-140,-135,-140,-135,-140,,,-140,,,,,-142,,,,
2024-04-05,Teoscar Hernandez,/mlb/props/teoscar-hernandez/,LAD at CHC,LAD,"LF,RF",0.5,+100,+100,+100,+100,+100,,,+100,,,,,-103,,,,,-135,-130,-133,-130,-135,,,-135,,,,,-133,,,,
2024-04-05,Freddie Freeman,/mlb/props/freddie-freeman/,LAD at CHC,LAD,1B,0.5,-155,-157,-165,-160,-170,,,-165,,,,,-157,,,,,+120,+130,+120,+130,+130,,,+120,,,,,+114,,,,
2024-04-05,Seiya Suzuki,/mlb/props/seiya-suzuki/,LAD at CHC,CHC,"LF,RF,DH",0.5,-115,-115,-115,-115,-115,,,-115,,,,,-119,,,,,-115,-115,-115,-115,-115,,,-115,,,,,-115,,,,
2024-04-05,Chris Taylor,/mlb/props/chris-taylor/,LAD at CHC,FA,"2B,LF,CF,RF",0.5,+130,+140,+130,+140,+130,,,+125,,,,,+126,,,,,-175,-170,-174,-170,-175,,,-175,,,,,-174,,,,
2024-04-05,James Outman,/mlb/props/james-outman/,LAD at CHC,DET,"LF,CF,RF",0.5,+140,+140,+133,+140,+135,,,+125,,,,,+133,,,,,-185,-170,-175,-170,-180,,,-175,,,,,-184,,,,
2024-04-05,Cody Bellinger,/mlb/props/cody-bellinger/,LAD at CHC,NYY,"LF,CF,RF",0.5,-105,-115,-115,-115,-115,,,-115,,,,,-119,,,,,-125,-115,-115,-115,-115,,,-115,,,,,-115,,,,
2024-04-05,Enrique Hernandez,/mlb/props/enrique-hernandez/,LAD at CHC,LAD,"1B,2B,3B,LF",0.5,+100,+100,-106,-110,+100,,,-110,,,,,-106,,,,,-130,-120,-125,-120,-130,,,-125,,,,,-129,,,,
2024-04-05,Gavin Lux,/mlb/props/gavin-lux/,LAD at CHC,TB,"2B,3B,LF,DH",0.5,+105,+105,+105,+105,+105,,,+105,,,,,+102,,,,,-140,-135,-139,-135,-140,,,-140,,,,,-139,,,,
2024-04-05,Yan Gomes,/mlb/props/yan-gomes/,LAD at CHC,FA,C,0.5,+115,+125,+115,+125,+115,,,+115,,,,,+112,,,,,-150,-154,-155,-155,-155,,,-160,,,,,-154,,,,
2024-04-05,Mike Tauchman,/mlb/props/mike-tauchman/,LAD at CHC,NYM,"LF,CF,RF",0.5,+125,+130,+125,+130,+125,,,+120,,,,,+123,,,,,-165,-160,-165,-160,-165,,,-165,,,,,-169,,,,
2024-04-05,Dansby Swanson,/mlb/props/dansby-swanson/,LAD at CHC,CHC,SS,0.5,+110,+115,+110,+115,+110,,,+105,,,,,+106,,,,,-150,-145,-150,-145,-150,,,-150,,,,,-145,,,,
2024-04-05,Christopher Morel,/mlb/props/christopher-morel/,LAD at CHC,MIA,"1B,LF,DH",0.5,+125,+140,+126,+140,+125,,,+125,,,,,+126,,,,,-170,-170,-174,-170,-170,,,-175,,,,,-174,,,,
2024-04-05,Nico Hoerner,/mlb/props/nico-hoerner/,LAD at CHC,CHC,"2B,SS",0.5,-125,-115,-120,-115,-125,,,-120,,,,,-121,,,,,-105,-105,-113,-115,-105,,,-115,,,,,-113,,,,
2024-04-05,Kris Bryant,/mlb/props/kris-bryant/,TB at COL,COL,DH,0.5,-115,-115,-115,-115,-115,,,-115,,,,,-119,,,,,-115,-115,-115,-115,-115,,,-115,,,,,-115,,,,
2024-04-05,Nolan Jones,/mlb/props/nolan-jones-3b/,TB at COL,CWS,"LF,CF,RF",0.5,+120,+115,+110,+110,+115,,,+105,,,,,+112,,,,,-155,-140,-150,-140,-155,,,-150,,,,,-154,,,,
2024-04-05,Charlie Blackmon,/mlb/props/charlie-blackmon/,TB at COL,FA,"RF,DH",0.5,-130,-125,-130,-125,-125,,,-130,,,,,-137,,,,,+100,+100,-105,-105,-105,,,-105,,,,,+100,,,,
2024-04-05,Isaac Paredes,/mlb/props/isaac-paredes/,TB at COL,HOU,"1B,3B,DH",0.5,-110,-105,-109,-110,-105,,,-110,,,,,-109,,,,,-125,-120,-125,-120,-125,,,-125,,,,,-125,,,,
2024-04-05,Elehuris Montero,/mlb/props/elehuris-montero-3b/,TB at COL,FA,"1B,3B",0.5,+105,+110,+105,+110,+110,,,+105,,,,,+104,,,,,-140,-140,-145,-140,-145,,,-150,,,,,-142,,,,
2024-04-05,Harold Ramirez,/mlb/props/harold-ramirez-of/,TB at COL,FA,"LF,RF,DH",0.5,-240,-230,-234,-230,-240,,,-240,,,,,-234,,,,,+175,+180,+175,+180,+175,,,+165,,,,,+165,,,,
2024-04-05,Brendan Rodgers,/mlb/props/brendan-rodgers/,TB at COL,BOS,2B,0.5,-190,-189,-195,-190,-195,,,-200,,,,,-189,,,,,+140,+155,+145,+155,+145,,,+140,,,,,+136,,,,
2024-04-05,Amed Rosario,/mlb/props/amed-rosario/,TB at COL,NYY,"2B,3B,OF",0.5,-185,-174,-180,-180,-180,,,-180,,,,,-174,,,,,+135,+145,+135,+145,+135,,,+130,,,,,+126,,,,
2024-04-05,Yandy Diaz,/mlb/props/yandy-diaz/,TB at COL,TB,"1B,DH",0.5,-185,-179,-185,-185,-190,,,-190,,,,,-179,,,,,+140,+150,+140,+150,+140,,,+135,,,,,+129,,,,
2024-04-05,Jose Caballero,/mlb/props/jose-caballero/,TB at COL,NYY,"2B,3B,SS,LF,RF",0.5,+105,+110,+105,+110,+110,,,+105,,,,,+104,,,,,-140,-140,-142,-140,-145,,,-140,,,,,-142,,,,
2024-04-05,Brenton Doyle,/mlb/props/brenton-doyle/,TB at COL,COL,CF,0.5,+100,+105,+100,+100,+105,,,+100,,,,,-101,,,,,-130,-130,-135,-130,-135,,,-135,,,,,-135,,,,
2024-04-05,Jose Siri,/mlb/props/jose-siri/,TB at COL,LAA,"LF,CF",0.5,+120,+125,+120,+125,+120,,,+115,,,,,+114,,,,,-160,-155,-157,-155,-160,,,-160,,,,,-157,,,,
2024-04-05,Randy Arozarena,/mlb/props/randy-arozarena/,TB at COL,SEA,"LF,CF",0.5,-120,-120,-125,-120,-125,,,-125,,,,,-125,,,,,-110,-105,-109,-110,-105,,,-110,,,,,-109,,,,
2024-04-05,Curtis Mead,/mlb/props/curtis-meade/,TB at COL,WSH,"1B,2B,3B",0.5,-135,-135,-137,-135,-140,,,,,,,,-137,,,,,+105,+105,+105,+105,+105,,,,,,,,+100,,,,
2024-04-05,Rene Pinto,/mlb/props/rene-pinto/,TB at COL,PHI,C,0.5,+115,+125,+120,+125,+120,,,+115,,,,,+118,,,,,-155,-155,-160,-155,-160,,,-160,,,,,-163,,,,
2024-04-05,Michael Toglia,/mlb/props/mike-toglia/,TB at COL,CIN,1B,0.5,+145,+145,+136,+145,+145,,,+135,,,,,+136,,,,,-195,-180,-189,-180,-195,,,-190,,,,,-189,,,,
2024-04-05,Ryan McMahon,/mlb/props/ryan-mcmahon/,TB at COL,NYY,3B,0.5,+105,+106,+105,+105,+105,,,+100,,,,,+106,,,,,-140,-135,-140,-135,-140,,,-135,,,,,-145,,,,
2024-04-05,Elias Diaz,/mlb/props/elias-diaz/,TB at COL,TEX,C,0.5,-130,-130,-135,-130,-135,,,-135,,,,,-135,,,,,+100,+100,+100,+100,+100,,,+100,,,,,-101,,,,
2024-04-05,Ezequiel Tovar,/mlb/props/ezequiel-tovar/,TB at COL,COL,SS,0.5,-130,-125,-130,-125,-130,,,-130,,,,,-133,,,,,+100,+100,-103,-105,+100,,,-105,,,,,-103,,,,
2024-04-05,Adley Rutschman,/mlb/props/adley-rutschman/,BAL at PIT,BAL,"C,DH",0.5,-110,-109,-110,-115,-110,,,-115,,,,,-109,,,,,-120,-115,-120,-115,-120,,,-120,,,,,-125,,,,
2024-04-05,Rowdy Tellez,/mlb/props/rowdy-tellez/,BAL at PIT,ATL,1B,0.5,+165,+170,+160,+170,+170,,,+160,,,,,+159,,,,,-225,-220,-225,-220,-235,,,-225,,,,,-224,,,,
2024-04-05,Jack Suwinski,/mlb/props/jack-suwinski/,BAL at PIT,LAD,"LF,CF,RF",0.5,+175,+170,+165,+170,+170,,,+160,,,,,+165,,,,,-240,-220,-225,-220,-235,,,-225,,,,,-234,,,,
2024-04-05,Colton Cowser,/mlb/props/colton-cowser/,BAL at PIT,BAL,"LF,CF,RF",0.5,+150,+155,+146,+155,+150,,,+140,,,,,+146,,,,,-205,-190,-200,-190,-205,,,-200,,,,,-204,,,,
2024-04-05,Ke'Bryan Hayes,/mlb/props/kebryan-hayes/,BAL at PIT,CIN,3B,0.5,-110,-105,-111,-115,-105,,,-115,,,,,-111,,,,,-120,-115,-120,-115,-125,,,-120,,,,,-123,,,,
2024-04-05,Henry Davis,/mlb/props/henry-davis/,BAL at PIT,PIT,C,0.5,+140,+150,+145,+150,+145,,,+135,,,,,+139,,,,,-185,-185,-190,-185,-195,,,-190,,,,,-194,,,,
2024-04-05,Cedric Mullins II,/mlb/props/cedric-mullins/,BAL at PIT,TB,CF,0.5,+140,+145,+139,+145,+140,,,+130,,,,,+139,,,,,-190,-180,-185,-180,-185,,,-180,,,,,-194,,,,
2024-04-05,Jared Triolo,/mlb/props/jared-triolo/,BAL at PIT,PIT,"1B,2B,3B,SS",0.5,+110,+110,+105,+110,+110,,,+105,,,,,+104,,,,,-150,-140,-145,-140,-145,,,-150,,,,,-142,,,,
2024-04-05,Ramon Urias,/mlb/props/ramon-urias/,BAL at PIT,STL,"2B,3B",0.5,+130,+130,+125,+130,+125,,,+115,,,,,+126,,,,,-170,-160,-165,-160,-165,,,-160,,,,,-174,,,,
2024-04-05,Jordan Westburg,/mlb/props/jordan-westburg/,BAL at PIT,BAL,"2B,3B",0.5,+155,+145,+136,+145,+140,,,+130,,,,,+136,,,,,-210,-180,-185,-180,-185,,,-180,,,,,-189,,,,
2024-04-05,Bryan Reynolds,/mlb/props/bryan-reynolds/,BAL at PIT,PIT,"LF,CF,RF,DH",0.5,+120,+130,+120,+130,+125,,,+120,,,,,+114,,,,,-160,-157,-160,-160,-165,,,-165,,,,,-157,,,,
2024-04-05,Austin Hays,/mlb/props/austin-hays/,BAL at PIT,CWS,"LF,DH",0.5,+115,+115,+110,+115,+110,,,+105,,,,,+114,,,,,-155,-145,-150,-145,-150,,,-150,,,,,-157,,,,
2024-04-05,Andrew McCutchen,/mlb/props/andrew-mccutchen/,BAL at PIT,FA,"LF,RF,DH",0.5,+140,+140,+130,+140,+140,,,+130,,,,,+129,,,,,-185,-170,-179,-170,-185,,,-180,,,,,-179,,,,
2024-04-05,Gunnar Henderson,/mlb/props/gunnar-henderson/,BAL at PIT,BAL,"SS,DH",0.5,-105,+100,-105,-105,+100,,,-105,,,,,-109,,,,,-125,-125,-125,-125,-130,,,-130,,,,,-125,,,,
2024-04-05,Ryan Mountcastle,/mlb/props/ryan-mountcastle/,BAL at PIT,BAL,"1B,DH",0.5,-120,-119,-120,-120,-120,,,-125,,,,,-119,,,,,-110,-110,-110,-110,-110,,,-110,,,,,-115,,,,
2024-04-05,Ryan O'Hearn,/mlb/props/ryan-ohearn/,BAL at PIT,PIT,"1B,LF,RF,DH",0.5,+110,+110,+105,+110,+110,,,+105,,,,,+104,,,,,-145,-140,-145,-140,-145,,,-150,,,,,-142,,,,
2024-04-05,Anthony Santander,/mlb/props/anthony-santander/,BAL at PIT,TOR,"LF,RF,DH",0.5,+120,+130,+120,+130,+120,,,+115,,,,,+114,,,,,-160,-157,-160,-160,-165,,,-160,,,,,-157,,,,
2024-04-05,Oneil Cruz,/mlb/props/oneil-cruz-3b/,BAL at PIT,PIT,"CF,DH",0.5,+125,+135,+126,+135,+130,,,+120,,,,,+126,,,,,-170,-165,-170,-165,-170,,,-165,,,,,-174,,,,
2024-04-05,Michael A. Taylor,/mlb/props/michael-taylor/,BAL at PIT,FA,"LF,CF,RF",0.5,+180,+190,+185,+190,+185,,,+165,,,,,+165,,,,,-250,-234,-240,-240,-250,,,-240,,,,,-234,,,,
2024-04-05,Jurickson Profar,/mlb/props/jurickson-profar/,SD at SF,ATL,LF,0.5,-105,-105,-106,-110,-105,,,-110,,,,,-106,,,,,-125,-120,-125,-120,-125,,,-125,,,,,-129,,,,
2024-04-05,LaMonte Wade Jr.,/mlb/props/lamonte-wade/,SD at SF,HOU,"1B,RF",0.5,+135,+145,+135,+145,+135,,,+130,,,,,+133,,,,,-185,-180,-184,-180,-185,,,-180,,,,,-184,,,,
2024-04-05,Tyler Wade,/mlb/props/tyler-wade/,SD at SF,FA,"2B,LF,CF",0.5,+115,+115,+110,+115,+115,,,+105,,,,,+110,,,,,-150,-145,-150,-145,-150,,,-150,,,,,-151,,,,
2024-04-05,Jung Hoo Lee,/mlb/props/jung-lee/,SD at SF,SF,"CF,RF",0.5,-135,-130,-131,-130,-130,,,-135,,,,,-131,,,,,+100,+100,+100,+100,+100,,,+100,,,,,-104,,,,
2024-04-05,Xander Bogaerts,/mlb/props/xander-bogaerts/,SD at SF,SD,SS,0.5,-155,-150,-160,-150,-160,,,-155,,,,,-166,,,,,+120,+120,+120,+120,+120,,,+110,,,,,+120,,,,
2024-04-05,Mike Yastrzemski,/mlb/props/michael-yastrzemski/,SD at SF,ATL,"LF,CF,RF",0.5,+210,+200,+195,+200,+195,,,+180,,,,,+184,,,,,-295,-250,-260,-250,-275,,,-260,,,,,-264,,,,
2024-04-05,Nick Ahmed,/mlb/props/nick-ahmed/,SD at SF,FA,SS,0.5,+130,+140,+130,+140,+130,,,+125,,,,,+118,,,,,-175,-163,-170,-170,-175,,,-175,,,,,-163,,,,
2024-04-05,Graham Pauley,/mlb/props/graham-pauley/,SD at SF,MIA,"1B,3B",0.5,+110,+115,+112,+115,+115,,,+110,,,,,+112,,,,,-155,-145,-154,-145,-155,,,-155,,,,,-154,,,,
2024-04-05,Manny Machado,/mlb/props/manny-machado/,SD at SF,SD,"3B,DH",0.5,-150,-140,-150,-140,-150,,,-150,,,,,-154,,,,,+110,+112,+110,+110,+110,,,+105,,,,,+112,,,,
2024-04-05,Jake Cronenworth,/mlb/props/jacob-cronenworth/,SD at SF,SD,"1B,2B,SS",0.5,-125,-125,-125,-125,-125,,,-125,,,,,-127,,,,,-105,-105,-108,-105,-105,,,-110,,,,,-108,,,,
2024-04-05,Jackson Merrill,/mlb/props/jackson-merrill/,SD at SF,SD,CF,0.5,+105,+105,+105,+105,+105,,,+105,,,,,+102,,,,,-140,-135,-139,-135,-140,,,-140,,,,,-139,,,,
2024-04-05,Thairo Estrada,/mlb/props/thairo-estrada/,SD at SF,FA,2B,0.5,-120,-115,-115,-115,-115,,,-115,,,,,-121,,,,,-110,-113,-115,-115,-115,,,-115,,,,,-113,,,,
2024-04-05,Ha-Seong Kim,/mlb/props/ha-seong-kim/,SD at SF,ATL,"2B,SS",0.5,-115,-115,-115,-115,-115,,,-115,,,,,-115,,,,,-115,-115,-119,-115,-115,,,-120,,,,,-119,,,,
2024-04-05,Matt Chapman,/mlb/props/matt-chapman/,SD at SF,SF,3B,0.5,+150,+160,+150,+160,+150,,,+145,,,,,+143,,,,,-205,-199,-205,-200,-205,,,-215,,,,,-199,,,,
2024-04-05,Jorge Soler,/mlb/props/jorge-soler/,SD at SF,LAA,"RF,DH",0.5,+140,+150,+140,+150,+140,,,+135,,,,,+136,,,,,-190,-185,-189,-185,-190,,,-190,,,,,-189,,,,
2024-04-05,Michael Conforto,/mlb/props/michael-conforto/,SD at SF,CHC,"LF,RF,DH",0.5,+120,+125,+120,+125,+120,,,+115,,,,,+120,,,,,-165,-155,-160,-155,-165,,,-160,,,,,-166,,,,
2024-04-05,Fernando Tatis Jr.,/mlb/props/fernando-tatis-jr/,SD at SF,SD,"2B,RF",0.5,-150,-140,-148,-140,-150,,,-150,,,,,-148,,,,,+115,+115,+110,+110,+115,,,+105,,,,,+108,,,,
2024-04-05,Patrick Bailey,/mlb/props/patrick-bailey/,SD at SF,CLE,C,0.5,+130,+140,+130,+140,+140,,,+130,,,,,+123,,,,,-175,-169,-180,-170,-185,,,-180,,,,,-169,,,,
2024-04-05,Luis Campusano,/mlb/props/luis-campusano/,SD at SF,SD,"C,DH",0.5,-150,-140,-145,-140,-145,,,-150,,,,,-145,,,,,+115,+110,+106,+110,+110,,,+105,,,,,+106,,,,
2024-04-05,Brandon Nimmo,/mlb/props/brandon-nimmo/,NYM at CIN,TEX,"LF,CF,RF,DH",0.5,+130,+135,+130,+135,+130,,,+125,,,,,+126,,,,,-170,-165,-170,-165,-170,,,-175,,,,,-174,,,,
2024-04-05,Tyrone Taylor,/mlb/props/tyrone-taylor/,NYM at CIN,NYM,"LF,CF,RF",0.5,+160,+155,+145,+155,+145,,,+140,,,,,+139,,,,,-220,-190,-195,-190,-195,,,-200,,,,,-194,,,,
2024-04-05,Jeimer Candelario,/mlb/props/jeimer-candelario/,NYM at CIN,LAA,"1B,3B",0.5,+100,+105,+100,+105,+100,,,+105,,,,,-101,,,,,-135,-135,-135,-135,-135,,,-140,,,,,-135,,,,
2024-04-05,Harrison Bader,/mlb/props/harrison-bader/,NYM at CIN,SF,"LF,CF,RF",0.5,+140,+145,+140,+145,+140,,,+130,,,,,+129,,,,,-185,-179,-180,-180,-185,,,-180,,,,,-179,,,,
2024-04-05,Elly De La Cruz,/mlb/props/elly-de-la-cruz/,NYM at CIN,CIN,SS,0.5,+125,+120,+115,+120,+115,,,+110,,,,,+106,,,,,-165,-145,-150,-150,-155,,,-155,,,,,-145,,,,
2024-04-05,DJ Stewart,/mlb/props/dj-stewart/,NYM at CIN,PIT,"LF,RF",0.5,+280,+300,+290,+300,+290,,,+260,,,,,+262,,,,,-425,-400,-404,-400,-450,,,-450,,,,,-404,,,,
2024-04-05,Luke Maile,/mlb/props/luke-maile/,NYM at CIN,KC,C,0.5,+120,+125,+115,+125,+125,,,+115,,,,,+110,,,,,-160,-151,-160,-155,-165,,,-160,,,,,-151,,,,
2024-04-05,Jonathan India,/mlb/props/jonathan-india/,NYM at CIN,KC,"2B,3B,LF,DH",0.5,+105,-105,-109,-110,-105,,,-110,,,,,-109,,,,,-135,-120,-125,-120,-125,,,-125,,,,,-125,,,,
2024-04-05,Jeff McNeil,/mlb/props/jeff-mcneil/,NYM at CIN,ATH,"2B,LF,CF,RF",0.5,+100,+100,+100,+100,+100,,,+100,,,,,+100,,,,,-135,-130,-135,-130,-135,,,-135,,,,,-137,,,,
2024-04-05,Francisco Alvarez,/mlb/props/francisco-alvarez/,NYM at CIN,NYM,"C,DH",0.5,+140,+140,+135,+140,+135,,,+130,,,,,+136,,,,,-185,-170,-180,-170,-180,,,-180,,,,,-189,,,,
2024-04-05,Stuart Fairchild,/mlb/props/stuart-fairchild/,NYM at CIN,CLE,"LF,CF,RF",0.5,+145,+140,+130,+140,+130,,,+125,,,,,+126,,,,,-195,-170,-174,-170,-175,,,-175,,,,,-174,,,,
2024-04-05,Pete Alonso,/mlb/props/peter-alonso/,NYM at CIN,BAL,"1B,DH",0.5,+135,+145,+135,+145,+140,,,+135,,,,,+129,,,,,-180,-179,-185,-180,-185,,,-190,,,,,-179,,,,
2024-04-05,Christian Encarnacion-Strand,/mlb/props/christian-encarnacion-strand/,NYM at CIN,BAL,"1B,3B",0.5,+105,-103,-105,-105,-105,,,-105,,,,,-103,,,,,-135,-125,-130,-125,-130,,,-130,,,,,-133,,,,
2024-04-05,Spencer Steer,/mlb/props/spencer-steer/,NYM at CIN,CIN,"1B,2B,LF,RF",0.5,-110,-115,-115,-115,-115,,,-115,,,,,-119,,,,,-120,-115,-115,-115,-115,,,-115,,,,,-115,,,,
2024-04-05,Jake Fraley,/mlb/props/jake-fraley/,NYM at CIN,TB,"LF,RF",0.5,+130,+120,+116,+120,+120,,,+110,,,,,+116,,,,,-175,-150,-155,-150,-160,,,-155,,,,,-160,,,,
2024-04-05,Starling Marte,/mlb/props/starling-marte/,NYM at CIN,KC,"LF,RF,DH",0.5,-115,-115,-120,-115,-120,,,-120,,,,,-121,,,,,-115,-110,-113,-115,-110,,,-115,,,,,-113,,,,
2024-04-05,Santiago Espinal,/mlb/props/santiago-espinal/,NYM at CIN,FA,"2B,3B,LF,RF",0.5,-145,-120,-125,-120,-125,,,-125,,,,,-129,,,,,+110,-105,-106,-110,-105,,,-110,,,,,-106,,,,
2024-04-05,Brett Baty,/mlb/props/brett-baty/,NYM at CIN,NYM,"1B,2B,3B,RF",0.5,+155,+160,+152,+160,+150,,,+145,,,,,+152,,,,,-210,-200,-205,-200,-205,,,-215,,,,,-214,,,,
2024-04-05,Will Benson,/mlb/props/will-benson/,NYM at CIN,CIN,"LF,CF,RF",0.5,+205,+190,+172,+190,+185,,,+165,,,,,+172,,,,,-285,-240,-244,-240,-255,,,-240,,,,,-244,,,,
2024-04-05,Francisco Lindor,/mlb/props/francisco-lindor/,NYM at CIN,NYM,SS,0.5,+155,+160,+152,+160,+155,,,+145,,,,,+152,,,,,-210,-200,-210,-200,-210,,,-215,,,,,-214,,,,
2024-04-05,Johan Rojas,/mlb/props/johan-rojas/,PHI at WSH,PHI,CF,0.5,+100,-105,-108,-110,-105,,,-110,,,,,-108,,,,,-135,-120,-125,-120,-125,,,-125,,,,,-127,,,,
2024-04-05,Trey Lipscomb,/mlb/props/trey-lipscomb/,PHI at WSH,WSH,3B,0.5,+120,+115,+114,+115,+115,,,+110,,,,,+114,,,,,-165,-145,-155,-145,-155,,,-155,,,,,-157,,,,
2024-04-05,Luis Garcia,/mlb/props/luis-garcia-2b/,PHI at WSH,WSH,"1B,2B,DH",0.5,-105,-104,-105,-105,-105,,,-105,,,,,-104,,,,,-130,-125,-130,-125,-125,,,-130,,,,,-131,,,,
2024-04-05,Bryce Harper,/mlb/props/bryce-harper/,PHI at WSH,PHI,"1B,DH",0.5,-125,-120,-125,-120,-125,,,-125,,,,,-127,,,,,-105,-105,-108,-110,-105,,,-110,,,,,-108,,,,
2024-04-05,Joey Gallo,/mlb/props/joey-gallo/,PHI at WSH,FA,"1B,LF,CF,RF",0.5,+340,+350,+340,+350,+340,,,+320,,,,,+311,,,,,-525,-500,-525,-500,-525,,,-600,,,,,-504,,,,
2024-04-05,Lane Thomas,/mlb/props/lane-thomas/,PHI at WSH,KC,"LF,CF,RF",0.5,-105,-109,-110,-115,-110,,,-115,,,,,-109,,,,,-125,-115,-120,-115,-120,,,-120,,,,,-125,,,,
2024-04-05,Brandon Marsh,/mlb/props/brandon-marsh/,PHI at WSH,PHI,"LF,CF,RF",0.5,+115,+120,+115,+120,+115,,,+110,,,,,+118,,,,,-155,-150,-155,-150,-155,,,-155,,,,,-163,,,,
2024-04-05,Bryson Stott,/mlb/props/bryson-stott-ss/,PHI at WSH,PHI,"2B,SS",0.5,-130,-150,-155,-150,-155,,,-155,,,,,-157,,,,,+100,+120,+114,+120,+120,,,+110,,,,,+114,,,,
2024-04-05,Keibert Ruiz,/mlb/props/keibert-ruiz/,PHI at WSH,WSH,C,0.5,+110,+115,+110,+115,+110,,,+110,,,,,+108,,,,,-150,-145,-150,-145,-150,,,-155,,,,,-148,,,,
2024-04-05,Joey Meneses,/mlb/props/joey-meneses/,PHI at WSH,ATH,1B,0.5,-130,-125,-130,-125,-130,,,-130,,,,,-139,,,,,+100,+102,+100,-105,+100,,,-105,,,,,+102,,,,
2024-04-05,Nick Castellanos,/mlb/props/nick-castellanos/,PHI at WSH,FA,"RF,DH",0.5,-115,+100,-104,-105,+100,,,-105,,,,,-104,,,,,-115,-125,-130,-125,-130,,,-130,,,,,-131,,,,
2024-04-05,Kyle Schwarber,/mlb/props/kyle-schwarber/,PHI at WSH,PHI,"LF,DH",0.5,+130,+135,+130,+135,+130,,,+125,,,,,+126,,,,,-175,-165,-170,-165,-170,,,-175,,,,,-174,,,,
2024-04-05,Eddie Rosario,/mlb/props/eddie-rosario/,PHI at WSH,FA,"LF,CF,RF,DH",0.5,+150,+160,+150,+160,+150,,,+145,,,,,+143,,,,,-205,-199,-200,-200,-200,,,-215,,,,,-199,,,,
2024-04-05,CJ Abrams,/mlb/props/cj-abrams/,PHI at WSH,WSH,SS,0.5,+100,+105,+100,+105,+105,,,+100,,,,,-103,,,,,-130,-133,-135,-135,-140,,,-135,,,,,-133,,,,
2024-04-05,Alec Bohm,/mlb/props/alec-bohm/,PHI at WSH,PHI,"1B,3B",0.5,-150,-145,-150,-150,-150,,,-155,,,,,-145,,,,,+110,+120,+110,+120,+110,,,+110,,,,,+106,,,,
2024-04-05,Whit Merrifield,/mlb/props/whit-merrifield/,PHI at WSH,FA,"2B,3B,LF",0.5,-135,-133,-135,-135,-140,,,-140,,,,,-133,,,,,+100,+105,+105,+105,+105,,,+105,,,,,-103,,,,
2024-04-05,J.T. Realmuto,/mlb/props/jt-realmuto/,PHI at WSH,PHI,C,0.5,+100,+100,+100,-105,+100,,,-105,,,,,+100,,,,,-135,-125,-130,-125,-135,,,-130,,,,,-137,,,,
2024-04-05,Trea Turner,/mlb/props/trea-turner/,PHI at WSH,PHI,SS,0.5,-120,-120,-125,-120,-125,,,-125,,,,,-125,,,,,-110,-105,-109,-110,-105,,,-110,,,,,-109,,,,
2024-04-05,Jesse Winker,/mlb/props/jesse-winker/,PHI at WSH,FA,"LF,RF,DH",0.5,+145,+150,+143,+150,+145,,,+135,,,,,+143,,,,,-195,-185,-190,-185,-190,,,-190,,,,,-199,,,,
2024-04-05,Geraldo Perdomo,/mlb/props/geraldo-perdomo/,ARI at ATL,ARI,SS,0.5,+160,+170,+160,+170,+165,,,+160,,,,,+152,,,,,-220,-214,-220,-220,-230,,,-225,,,,,-214,,,,
2024-04-05,Ronald Acuna Jr.,/mlb/props/ronald-acuna/,ARI at ATL,ATL,RF,0.5,-145,-137,-140,-140,-140,,,-140,,,,,-137,,,,,+110,+110,+105,+110,+105,,,+105,,,,,+100,,,,
2024-04-05,Joc Pederson,/mlb/props/joc-pederson/,ARI at ATL,TEX,DH,0.5,+190,+195,+185,+195,+185,,,+175,,,,,+184,,,,,-260,-245,-255,-245,-255,,,-250,,,,,-264,,,,
2024-04-05,Eugenio Suarez,/mlb/props/eugenio-suarez/,ARI at ATL,CIN,"3B,DH",0.5,+220,+225,+202,+225,+225,,,+200,,,,,+202,,,,,-310,-294,-300,-300,-320,,,-300,,,,,-294,,,,
2024-04-05,Corbin Carroll,/mlb/props/corbin-carroll-of/,ARI at ATL,ARI,"CF,RF",0.5,+125,+130,+125,+130,+125,,,+120,,,,,+126,,,,,-165,-160,-165,-160,-170,,,-165,,,,,-174,,,,
2024-04-05,Jace Peterson,/mlb/props/jace-peterson/,ARI at ATL,FA,"2B,3B,SS",0.5,+185,+190,+185,+190,+185,,,+175,,,,,+172,,,,,-255,-240,-250,-240,-255,,,-250,,,,,-244,,,,
2024-04-05,Marcell Ozuna,/mlb/props/marcell-ozuna/,ARI at ATL,PIT,DH,0.5,+105,+110,+106,+105,+110,,,+105,,,,,+106,,,,,-140,-135,-140,-135,-145,,,-140,,,,,-145,,,,
2024-04-05,Travis d'Arnaud,/mlb/props/travis-darnaud/,ARI at ATL,LAA,C,0.5,+100,+120,+115,+120,+115,,,+110,,,,,+114,,,,,-130,-150,-155,-150,-155,,,-155,,,,,-157,,,,
2024-04-05,Jake McCarthy,/mlb/props/jake-mccarthy/,ARI at ATL,COL,"LF,CF,RF",0.5,+125,+140,+135,+140,+135,,,+130,,,,,+129,,,,,-165,-170,-179,-170,-180,,,-180,,,,,-179,,,,
2024-04-05,Austin Riley,/mlb/props/austin-riley/,ARI at ATL,ATL,3B,0.5,+105,+110,+105,+105,+110,,,+105,,,,,+104,,,,,-140,-135,-140,-135,-145,,,-140,,,,,-142,,,,
2024-04-05,Gabriel Moreno,/mlb/props/gabriel-moreno/,ARI at ATL,ARI,C,0.5,+115,+115,+110,+115,+115,,,+105,,,,,+110,,,,,-150,-145,-150,-145,-150,,,-150,,,,,-151,,,,
2024-04-05,Christian Walker,/mlb/props/christian-walker/,ARI at ATL,HOU,1B,0.5,+170,+170,+160,+170,+170,,,+160,,,,,+152,,,,,-230,-214,-225,-220,-235,,,-225,,,,,-214,,,,
2024-04-05,Matt Olson,/mlb/props/matt-olson/,ARI at ATL,ATL,1B,0.5,+125,+125,+120,+125,+120,,,+115,,,,,+120,,,,,-165,-155,-160,-155,-165,,,-160,,,,,-166,,,,
2024-04-05,Ozzie Albies,/mlb/props/ozhaino-albies/,ARI at ATL,ATL,2B,0.5,-140,-135,-140,-135,-140,,,-140,,,,,-142,,,,,+105,+105,+105,+105,+105,,,+105,,,,,+104,,,,
2024-04-05,Adam Duvall,/mlb/props/adam-duvall/,ARI at ATL,FA,"LF,CF,RF",0.5,+160,+160,+155,+160,+155,,,+145,,,,,+146,,,,,-220,-200,-210,-200,-210,,,-215,,,,,-204,,,,
2024-04-05,Ketel Marte,/mlb/props/ketel-marte/,ARI at ATL,ARI,"2B,DH",0.5,+105,+110,+105,+105,+110,,,+105,,,,,+102,,,,,-140,-135,-140,-135,-145,,,-140,,,,,-139,,,,
2024-04-05,Lourdes Gurriel Jr.,/mlb/props/lourdes-gurriel-jr/,ARI at ATL,ARI,"LF,DH",0.5,+110,+110,+106,+110,+110,,,+105,,,,,+106,,,,,-145,-140,-145,-140,-150,,,-150,,,,,-145,,,,
2024-04-05,Orlando Arcia,/mlb/props/orlando-arcia/,ARI at ATL,MIN,"1B,2B,3B,SS",0.5,+120,+110,+108,+110,+110,,,+105,,,,,+108,,,,,-160,-140,-145,-140,-145,,,-140,,,,,-148,,,,
2024-04-05,Michael Harris II,/mlb/props/michael-harris/,ARI at ATL,ATL,CF,0.5,-110,-115,-115,-115,-115,,,-115,,,,,-119,,,,,-125,-115,-115,-115,-115,,,-115,,,,,-115,,,,
2024-04-05,MJ Melendez,/mlb/props/mj-melendez/,CWS at KC,NYM,"LF,DH",0.5,+125,+130,+120,+130,+125,,,+115,,,,,+120,,,,,-165,-160,-165,-160,-165,,,-160,,,,,-166,,,,
2024-04-05,Gavin Sheets,/mlb/props/gavin-sheets/,CWS at KC,SD,"1B,LF,RF,DH",0.5,+105,+110,+105,+110,+110,,,+105,,,,,+104,,,,,-140,-140,-145,-140,-145,,,-150,,,,,-142,,,,
2024-04-05,Vinnie Pasquantino,/mlb/props/vinnie-pasquantino/,CWS at KC,KC,"1B,DH",0.5,-125,-115,-120,-115,-120,,,-120,,,,,-121,,,,,-105,-110,-113,-115,-110,,,-115,,,,,-113,,,,
2024-04-05,Braden Shewmake,/mlb/props/braden-shewmake/,CWS at KC,HOU,"2B,3B,SS",0.5,+120,+125,+120,+125,+120,,,+115,,,,,+116,,,,,-160,-155,-160,-155,-155,,,-160,,,,,-160,,,,
2024-04-05,Kyle Isbel,/mlb/props/kyle-isbel/,CWS at KC,KC,CF,0.5,+120,+130,+125,+130,+125,,,+120,,,,,+118,,,,,-165,-160,-163,-160,-165,,,-165,,,,,-163,,,,
2024-04-05,Paul DeJong,/mlb/props/paul-dejong/,CWS at KC,FA,"2B,3B,SS",0.5,+125,+130,+120,+130,+125,,,+120,,,,,+114,,,,,-165,-157,-160,-160,-165,,,-165,,,,,-157,,,,
2024-04-05,Yoan Moncada,/mlb/props/yoan-moncada/,CWS at KC,LAA,3B,0.5,+100,-105,-110,-110,-105,,,-110,,,,,-111,,,,,-130,-120,-123,-120,-125,,,-125,,,,,-123,,,,
2024-04-05,Maikel Garcia,/mlb/props/maikel-garcia/,CWS at KC,KC,"2B,3B,SS,OF",0.5,-190,-185,-190,-185,-195,,,-190,,,,,-189,,,,,+145,+150,+145,+150,+145,,,+135,,,,,+136,,,,
2024-04-05,Dominic Fletcher,/mlb/props/dominic-fletcher/,CWS at KC,PIT,"CF,RF",0.5,-110,-110,-111,-115,-110,,,-115,,,,,-111,,,,,-120,-115,-120,-115,-120,,,-120,,,,,-123,,,,
2024-04-05,Hunter Renfroe,/mlb/props/hunter-renfroe/,CWS at KC,FA,RF,0.5,+105,+115,+108,+115,+115,,,+105,,,,,+108,,,,,-135,-145,-148,-145,-150,,,-150,,,,,-148,,,,
2024-04-05,Freddy Fermin,/mlb/props/freddy-fermin/,CWS at KC,SD,C,0.5,-115,-120,-125,-120,-120,,,-125,,,,,-129,,,,,-115,-106,-110,-110,-110,,,-110,,,,,-106,,,,
2024-04-05,Andrew Vaughn,/mlb/props/andrew-vaughn-1b/,CWS at KC,MIL,1B,0.5,-140,-140,-145,-140,-145,,,-150,,,,,-142,,,,,+105,+110,+105,+110,+110,,,+105,,,,,+104,,,,
2024-04-05,Robbie Grossman,/mlb/props/robbie-grossman/,CWS at KC,FA,"LF,RF",0.5,+125,+130,+125,+130,+125,,,+120,,,,,+120,,,,,-165,-160,-165,-160,-165,,,-165,,,,,-166,,,,
2024-04-05,Nelson Velazquez,/mlb/props/nelson-velazquez/,CWS at KC,STL,"LF,RF,DH",0.5,+120,+130,+120,+130,+125,,,+120,,,,,+114,,,,,-165,-157,-160,-160,-165,,,-165,,,,,-157,,,,
2024-04-05,Salvador Perez,/mlb/props/salvador-perez/,CWS at KC,KC,"C,1B,DH",0.5,-135,-130,-135,-130,-135,,,-135,,,,,-139,,,,,+105,+102,+100,+100,+100,,,+100,,,,,+102,,,,
2024-04-05,Luis Robert Jr.,/mlb/props/luis-robert/,CWS at KC,NYM,CF,0.5,-115,-115,-115,-115,-115,,,-115,,,,,-115,,,,,-115,-115,-115,-115,-115,,,-115,,,,,-119,,,,
2024-04-05,Nicky Lopez,/mlb/props/nicky-lopez/,CWS at KC,TEX,"2B,3B,SS",0.5,-140,-135,-140,-135,-140,,,-140,,,,,-148,,,,,+105,+108,+105,+105,+105,,,+105,,,,,+108,,,,
2024-04-05,Andrew Benintendi,/mlb/props/andrew-benintendi/,CWS at KC,CWS,"LF,DH",0.5,-185,-180,-185,-180,-185,,,-180,,,,,-194,,,,,+140,+145,+139,+145,+135,,,+130,,,,,+139,,,,
2024-04-05,Adam Frazier,/mlb/props/adam-frazier/,CWS at KC,LAA,"2B,LF,RF",0.5,-105,-104,-105,-105,-105,,,-105,,,,,-104,,,,,-130,-125,-130,-125,-130,,,-130,,,,,-131,,,,
2024-04-05,Martin Maldonado,/mlb/props/martin-maldonado/,CWS at KC,FA,C,0.5,+180,+190,+180,+190,+180,,,+175,,,,,+172,,,,,-245,-240,-244,-240,-250,,,-250,,,,,-244,,,,
2024-04-05,Bobby Witt Jr.,/mlb/props/bobby-witt-jr/,CWS at KC,KC,SS,0.5,-165,-160,-163,-160,-165,,,-165,,,,,-163,,,,,+125,+130,+125,+130,+125,,,+120,,,,,+118,,,,
2024-04-05,Kyle Tucker,/mlb/props/kyle-tucker/,HOU at TEX,LAD,"RF,DH",0.5,+100,-110,-113,-115,-110,,,-115,,,,,-113,,,,,-130,-115,-120,-115,-120,,,-120,,,,,-121,,,,
2024-04-05,Evan Carter,/mlb/props/evan-carter/,HOU at TEX,TEX,"LF,CF,RF",0.5,+100,+110,+108,+110,+110,,,+105,,,,,+108,,,,,-135,-140,-145,-140,-145,,,-150,,,,,-148,,,,
2024-04-05,Alex Bregman,/mlb/props/alex-bregman/,HOU at TEX,CHC,"3B,DH",0.5,+100,-105,-106,-105,-105,,,-110,,,,,-106,,,,,-135,-125,-125,-125,-125,,,-125,,,,,-129,,,,
2024-04-05,Jose Altuve,/mlb/props/jose-altuve/,HOU at TEX,HOU,"2B,LF,DH",0.5,-110,-115,-120,-115,-120,,,-120,,,,,-121,,,,,-120,-110,-113,-115,-110,,,-115,,,,,-113,,,,
2024-04-05,Jake Meyers,/mlb/props/jacob-meyers/,HOU at TEX,HOU,CF,0.5,+145,+135,+130,+135,+130,,,+125,,,,,+126,,,,,-195,-165,-174,-165,-175,,,-175,,,,,-174,,,,
2024-04-05,Leody Taveras,/mlb/props/leody-taveras-of/,HOU at TEX,BAL,"CF,RF",0.5,+105,-105,-110,-110,-105,,,-115,,,,,-109,,,,,-140,-120,-125,-120,-125,,,-120,,,,,-125,,,,
2024-04-05,Wyatt Langford,/mlb/props/wyatt-langford/,HOU at TEX,TEX,"LF,CF",0.5,-110,-145,-150,-145,-150,,,-150,,,,,-151,,,,,-125,+115,+110,+115,+115,,,+105,,,,,+110,,,,
2024-04-05,Adolis Garcia,/mlb/props/jose-adolis-garcia/,HOU at TEX,PHI,RF,0.5,+125,+104,+100,+100,+100,,,+100,,,,,+104,,,,,-165,-130,-135,-130,-135,,,-135,,,,,-142,,,,
2024-04-05,Yordan Alvarez,/mlb/props/yordan-alvarez/,HOU at TEX,HOU,"LF,DH",0.5,-105,-115,-115,-115,-115,,,-115,,,,,-115,,,,,-125,-115,-115,-115,-115,,,-115,,,,,-119,,,,
2024-04-05,Chas McCormick,/mlb/props/chas-mccormick/,HOU at TEX,CHC,"LF,CF,RF",0.5,+115,+105,+102,+100,+105,,,+100,,,,,+102,,,,,-150,-130,-135,-130,-140,,,-135,,,,,-139,,,,
2024-04-05,Yainer Diaz,/mlb/props/yainer-diaz-c/,HOU at TEX,HOU,"C,DH",0.5,-110,-125,-129,-125,-130,,,-130,,,,,-129,,,,,-125,-105,-105,-105,-105,,,-105,,,,,-106,,,,
2024-04-05,Jeremy Pena,/mlb/props/jeremy-pena/,HOU at TEX,HOU,SS,0.5,-115,-125,-130,-125,-130,,,-130,,,,,-135,,,,,-115,-101,-105,-105,-105,,,-105,,,,,-101,,,,
2024-04-05,Josh Smith,/mlb/props/josh-smith-ss/,HOU at TEX,TEX,"1B,2B,3B,SS,LF,RF",0.5,+125,+120,+115,+120,+120,,,+115,,,,,+114,,,,,-170,-150,-157,-150,-160,,,-160,,,,,-157,,,,
2024-04-05,Jonah Heim,/mlb/props/jonah-heim/,HOU at TEX,ATH,"C,DH",0.5,+105,+102,+100,+100,+100,,,-105,,,,,+102,,,,,-135,-130,-135,-130,-135,,,-130,,,,,-139,,,,
2024-04-05,Jared Walsh,/mlb/props/jared-walsh/,HOU at TEX,FA,"1B,RF",0.5,+155,+155,+150,+155,+150,,,+140,,,,,+152,,,,,-215,-190,-200,-190,-205,,,-200,,,,,-214,,,,
2024-04-05,Corey Seager,/mlb/props/corey-seager/,HOU at TEX,TEX,SS,0.5,-120,-123,-125,-125,-130,,,-130,,,,,-123,,,,,-110,-105,-105,-105,-105,,,-105,,,,,-111,,,,
2024-04-05,Marcus Semien,/mlb/props/marcus-semien/,HOU at TEX,NYM,2B,0.5,-145,-163,-165,-165,-170,,,-165,,,,,-163,,,,,+110,+135,+125,+135,+125,,,+120,,,,,+118,,,,
2024-04-05,Jose Abreu,/mlb/props/jose-dariel-abreu/,HOU at TEX,FA,1B,0.5,+105,+105,+105,+105,+105,,,+105,,,,,+102,,,,,-140,-135,-139,-135,-140,,,-140,,,,,-139,,,,
2024-04-05,Luke Raley,/mlb/props/lucas-raley/,SEA at MIL,SEA,"1B,LF,CF,RF",0.5,+215,+215,+202,+215,+215,,,+200,,,,,+202,,,,,-310,-280,-294,-280,-310,,,-285,,,,,-294,,,,
2024-04-05,Julio Rodriguez,/mlb/props/julio-rodriguez-of/,SEA at MIL,SEA,CF,0.5,+120,+120,+115,+120,+115,,,+110,,,,,+120,,,,,-165,-150,-155,-150,-155,,,-155,,,,,-166,,,,
2024-04-05,Mitch Garver,/mlb/props/mitch-garver/,SEA at MIL,SEA,"C,DH",0.5,+180,+195,+180,+195,+180,,,+175,,,,,+172,,,,,-245,-244,-245,-245,-245,,,-250,,,,,-244,,,,
2024-04-05,Mitch Haniger,/mlb/props/mitch-haniger/,SEA at MIL,FA,RF,0.5,+170,+170,+160,+170,+170,,,+160,,,,,+159,,,,,-235,-220,-225,-220,-235,,,-225,,,,,-224,,,,
2024-04-05,Sal Frelick,/mlb/props/sal-frelick/,SEA at MIL,MIL,"LF,CF,RF",0.5,-115,-115,-115,-115,-115,,,-115,,,,,-115,,,,,-115,-115,-115,-115,-115,,,-115,,,,,-119,,,,
2024-04-05,Dominic Canzone,/mlb/props/dominic-canzone/,SEA at MIL,SEA,"LF,RF,DH",0.5,+175,+175,+165,+175,+175,,,+160,,,,,+165,,,,,-235,-225,-234,-225,-235,,,-225,,,,,-234,,,,
2024-04-05,Jorge Polanco,/mlb/props/jorge-polanco/,SEA at MIL,NYM,"2B,3B,DH",0.5,+170,+180,+170,+180,+170,,,+165,,,,,+159,,,,,-230,-224,-230,-230,-230,,,-240,,,,,-224,,,,
2024-04-05,Josh Rojas,/mlb/props/josh-rojas/,SEA at MIL,KC,"2B,3B",0.5,+155,+165,+155,+165,+155,,,+150,,,,,+146,,,,,-215,-204,-210,-210,-215,,,-220,,,,,-204,,,,
2024-04-05,Oliver Dunn,/mlb/props/oliver-dunn/,SEA at MIL,TB,3B,0.5,+155,+150,+143,+150,+140,,,+135,,,,,+143,,,,,-210,-185,-190,-185,-190,,,-190,,,,,-199,,,,
2024-04-05,Rhys Hoskins,/mlb/props/rhys-hoskins/,SEA at MIL,CLE,"1B,DH",0.5,+130,+135,+125,+135,+130,,,+125,,,,,+116,,,,,-170,-160,-165,-165,-170,,,-175,,,,,-160,,,,
2024-04-05,Cal Raleigh,/mlb/props/caleb-raleigh/,SEA at MIL,SEA,"C,DH",0.5,+185,+185,+172,+180,+185,,,+165,,,,,+172,,,,,-250,-230,-240,-230,-250,,,-240,,,,,-244,,,,
2024-04-05,Willy Adames,/mlb/props/willy-adames/,SEA at MIL,SF,SS,0.5,+120,+115,+114,+115,+115,,,+110,,,,,+114,,,,,-160,-145,-150,-145,-150,,,-155,,,,,-157,,,,
2024-04-05,Christian Yelich,/mlb/props/christian-yelich/,SEA at MIL,MIL,"LF,DH",0.5,-105,-105,-115,-115,-105,,,-115,,,,,-117,,,,,-125,-115,-120,-115,-125,,,-120,,,,,-117,,,,
2024-04-05,Brice Turang,/mlb/props/brice-turang/,SEA at MIL,MIL,2B,0.5,+120,+120,+116,+120,+120,,,+110,,,,,+116,,,,,-160,-150,-155,-150,-160,,,-155,,,,,-160,,,,
2024-04-05,Joey Ortiz,/mlb/props/joey-ortiz/,SEA at MIL,MIL,"3B,SS",0.5,+130,+135,+130,+135,+130,,,+125,,,,,+123,,,,,-175,-165,-169,-165,-175,,,-175,,,,,-169,,,,
2024-04-05,Jackson Chourio,/mlb/props/jackson-chourio/,SEA at MIL,MIL,"LF,CF,RF",0.5,-120,-120,-120,-120,-120,,,-120,,,,,-127,,,,,-110,-108,-110,-110,-110,,,-115,,,,,-108,,,,
2024-04-05,J.P. Crawford,/mlb/props/jp-crawford/,SEA at MIL,SEA,"3B,SS",0.5,+130,+125,+120,+125,+120,,,+115,,,,,+123,,,,,-170,-155,-160,-155,-160,,,-160,,,,,-169,,,,
2024-04-05,William Contreras,/mlb/props/william-contreras/,SEA at MIL,MIL,"C,DH",0.5,-120,-115,-119,-115,-120,,,-120,,,,,-119,,,,,-110,-110,-115,-115,-110,,,-115,,,,,-115,,,,
2024-04-05,Ty France,/mlb/props/tyler-france/,SEA at MIL,SD,1B,0.5,+135,+140,+135,+140,+135,,,+125,,,,,+126,,,,,-180,-170,-175,-170,-180,,,-175,,,,,-174,,,,
2024-04-05,Enmanuel Valdez,/mlb/props/enmanuel-valdez/,BOS at LAA,PIT,1B,0.5,+155,+145,+140,+145,+140,,,+135,,,,,+133,,,,,-205,-180,-184,-180,-190,,,-190,,,,,-184,,,,
2024-04-05,Miguel Sano,/mlb/props/miguel-sano/,BOS at LAA,FA,"1B,3B",0.5,+240,+220,+215,+220,+215,,,+200,,,,,+202,,,,,-350,-290,-300,-290,-310,,,-300,,,,,-294,,,,
2024-04-05,Wilyer Abreu,/mlb/props/wilyer-abreu/,BOS at LAA,BOS,"LF,CF,RF",0.5,+140,+150,+140,+150,+140,,,+135,,,,,+133,,,,,-190,-184,-185,-185,-190,,,-190,,,,,-184,,,,
2024-04-05,Tyler O'Neill,/mlb/props/tyler-oneill/,BOS at LAA,BAL,"LF,RF",0.5,+120,+120,+115,+120,+115,,,+110,,,,,+112,,,,,-155,-150,-154,-150,-155,,,-155,,,,,-154,,,,
2024-04-05,Connor Wong,/mlb/props/connor-wong/,BOS at LAA,BOS,C,0.5,+165,+165,+159,+165,+160,,,+150,,,,,+159,,,,,-225,-210,-220,-210,-220,,,-220,,,,,-224,,,,
2024-04-05,Taylor Ward,/mlb/props/taylor-ward/,BOS at LAA,BAL,LF,0.5,+110,+105,+105,+105,+105,,,+105,,,,,+102,,,,,-145,-135,-139,-135,-140,,,-140,,,,,-139,,,,
2024-04-05,Anthony Rendon,/mlb/props/anthony-rendon/,BOS at LAA,LAA,3B,0.5,+105,+100,-103,-105,+100,,,-105,,,,,-103,,,,,-135,-125,-130,-125,-130,,,-130,,,,,-133,,,,
2024-04-05,Zach Neto,/mlb/props/zach-neto/,BOS at LAA,LAA,SS,0.5,+155,+155,+146,+155,+145,,,+140,,,,,+146,,,,,-210,-190,-200,-190,-200,,,-200,,,,,-204,,,,
2024-04-05,Brandon Drury,/mlb/props/brandon-drury/,BOS at LAA,KC,"1B,2B,3B",0.5,+125,+120,+115,+120,+115,,,+110,,,,,+110,,,,,-165,-150,-151,-150,-155,,,-155,,,,,-151,,,,
2024-04-05,Triston Casas,/mlb/props/triston-casas/,BOS at LAA,BOS,1B,0.5,+135,+150,+140,+150,+140,,,+135,,,,,+126,,,,,-180,-174,-185,-185,-190,,,-190,,,,,-174,,,,
2024-04-05,Reese McGuire,/mlb/props/reese-mcguire/,BOS at LAA,FA,C,0.5,+115,+120,+115,+120,+115,,,+110,,,,,+110,,,,,-155,-150,-151,-150,-155,,,-155,,,,,-151,,,,
2024-04-05,Mickey Moniak,/mlb/props/mckenzie-moniak/,BOS at LAA,COL,"LF,CF,RF,DH",0.5,+200,+210,+200,+210,+200,,,+190,,,,,+190,,,,,-280,-270,-275,-270,-280,,,-275,,,,,-274,,,,
2024-04-05,Jarren Duran,/mlb/props/jarren-duran/,BOS at LAA,BOS,"LF,CF,DH",0.5,-120,-115,-115,-115,-115,,,-115,,,,,-123,,,,,-110,-111,-115,-115,-115,,,-115,,,,,-111,,,,
2024-04-05,Trevor Story,/mlb/props/trevor-story/,BOS at LAA,BOS,SS,0.5,+115,+115,+110,+115,+110,,,+105,,,,,+112,,,,,-155,-145,-150,-145,-150,,,-150,,,,,-154,,,,
2024-04-05,Masataka Yoshida,/mlb/props/masataka-yoshida/,BOS at LAA,BOS,"LF,DH",0.5,-120,-120,-125,-120,-125,,,-125,,,,,-129,,,,,-110,-105,-106,-110,-105,,,-110,,,,,-106,,,,
2024-04-05,Aaron Hicks,/mlb/props/aaron-hicks/,BOS at LAA,FA,"LF,CF,RF",0.5,+185,+190,+180,+190,+180,,,+175,,,,,+172,,,,,-260,-240,-244,-240,-250,,,-250,,,,,-244,,,,
2024-04-05,Ceddanne Rafaela,/mlb/props/ceddanne-rafaela/,BOS at LAA,BOS,"2B,CF",0.5,+120,+135,+130,+135,+130,,,,,,,,+126,,,,,-160,-165,-174,-165,-175,,,,,,,,-174,,,,
2024-04-05,Mike Trout,/mlb/props/mike-trout/,BOS at LAA,LAA,"CF,RF,DH",0.5,+165,+165,+160,+165,+160,,,+145,,,,,+146,,,,,-225,-204,-210,-210,-215,,,-215,,,,,-204,,,,
2024-04-05,Rafael Devers,/mlb/props/rafael-devers/,BOS at LAA,SF,"1B,DH",0.5,+100,+100,-103,-105,+100,,,-105,,,,,-103,,,,,-135,-125,-130,-125,-130,,,-130,,,,,-133,,,,
2024-04-05,Nolan Schanuel,/mlb/props/nolan-schanuel/,BOS at LAA,LAA,1B,0.5,-110,-109,-110,-115,-110,,,-115,,,,,-109,,,,,-125,-115,-120,-115,-120,,,-120,,,,,-125,,,,
2024-04-05,Logan O'Hoppe,/mlb/props/logan-ohoppe/,BOS at LAA,LAA,C,0.5,+150,+145,+136,+145,+140,,,+130,,,,,+136,,,,,-200,-180,-185,-180,-185,,,-180,,,,,-189,,,,
2024-04-06,Javier Baez,/mlb/props/javier-baez/,ATH at DET,DET,"2B,3B,SS,CF",0.5,-110,-110,-110,-110,-110,,,-110,,,,,-111,,,,,-120,-120,-123,-120,-125,,,-125,,,,,-123,,,,
2024-04-06,JJ Bleday,/mlb/props/jj-bleday/,ATH at DET,CIN,"LF,CF,RF,DH",0.5,+130,+130,+125,+130,+125,,,+120,,,,,+126,,,,,-170,-160,-165,-160,-165,,,-165,,,,,-174,,,,
2024-04-06,Shea Langeliers,/mlb/props/shea-langeliers/,ATH at DET,ATH,"C,DH",0.5,+165,+165,+159,+165,+165,,,+150,,,,,+159,,,,,-225,-210,-220,-210,-225,,,-220,,,,,-224,,,,
2024-04-06,Ryan Noda,/mlb/props/ryan-noda/,ATH at DET,BAL,1B,0.5,+145,+145,+139,+145,+140,,,+130,,,,,+139,,,,,-195,-180,-185,-180,-185,,,-180,,,,,-194,,,,
2024-04-06,J.D. Davis,/mlb/props/jd-davis/,ATH at DET,FA,"1B,3B",0.5,+105,+105,+100,+105,+105,,,+100,,,,,+100,,,,,-135,-135,-135,-135,-135,,,-135,,,,,-137,,,,
2024-04-06,Spencer Torkelson,/mlb/props/spencer-torkelson-if/,ATH at DET,DET,1B,0.5,+110,+110,+105,+110,+105,,,+105,,,,,+102,,,,,-140,-139,-140,-140,-140,,,-140,,,,,-139,,,,
2024-04-06,Riley Greene,/mlb/props/riley-greene-of/,ATH at DET,DET,"LF,CF,RF,DH",0.5,-105,+105,+105,+105,+105,,,+105,,,,,-104,,,,,-125,-131,-135,-135,-140,,,-140,,,,,-131,,,,
2024-04-06,Zack Gelof,/mlb/props/zack-gelof/,ATH at DET,ATH,"2B,3B,CF",0.5,+105,+105,+105,+105,+105,,,+105,,,,,+104,,,,,-135,-135,-140,-135,-140,,,-140,,,,,-142,,,,
2024-04-06,Seth Brown,/mlb/props/seth-brown/,ATH at DET,FA,"1B,LF,CF,RF",0.5,+145,+145,+140,+145,+140,,,+130,,,,,+133,,,,,-195,-180,-184,-180,-190,,,-180,,,,,-184,,,,
2024-04-06,Nick Allen,/mlb/props/nick-allen-ss/,ATH at DET,HOU,"2B,3B,SS",0.5,-105,-105,-106,-110,-105,,,-110,,,,,-106,,,,,-130,-120,-125,-120,-125,,,-125,,,,,-129,,,,
2024-04-06,Parker Meadows,/mlb/props/parker-meadows/,ATH at DET,DET,CF,0.5,+125,+130,+120,+130,+120,,,+120,,,,,+114,,,,,-155,-157,-160,-160,-160,,,-165,,,,,-157,,,,
2024-04-06,Kerry Carpenter,/mlb/props/kerry-carpenter/,ATH at DET,DET,"LF,RF,DH",0.5,+100,+105,+105,+105,+105,,,+105,,,,,-104,,,,,-130,-131,-135,-135,-135,,,-140,,,,,-131,,,,
2024-04-06,Brent Rooker,/mlb/props/brent-rooker/,ATH at DET,ATH,"LF,RF,DH",0.5,+155,+160,+155,+160,+155,,,+145,,,,,+146,,,,,-210,-200,-204,-200,-215,,,-215,,,,,-204,,,,
2024-04-06,Carson Kelly,/mlb/props/carson-kelly/,ATH at DET,CHC,C,0.5,+130,+135,+125,+135,+125,,,+120,,,,,+123,,,,,-170,-165,-169,-165,-170,,,-165,,,,,-169,,,,
2024-04-06,Gio Urshela,/mlb/props/giovanny-urshela/,ATH at DET,FA,3B,0.5,-150,-150,-155,-150,-160,,,-155,,,,,-154,,,,,+120,+120,+112,+120,+120,,,+110,,,,,+112,,,,
2024-04-06,Lawrence Butler,/mlb/props/lawrence-butler/,ATH at DET,ATH,"CF,RF",0.5,+165,+165,+152,+165,+165,,,+150,,,,,+152,,,,,-220,-210,-220,-210,-225,,,-220,,,,,-214,,,,
2024-04-06,Colt Keith,/mlb/props/colt-keith/,ATH at DET,DET,"1B,2B,3B,DH",0.5,+100,+105,+105,+105,+105,,,+105,,,,,+100,,,,,-130,-135,-137,-135,-135,,,-140,,,,,-137,,,,
2024-04-06,Mark Canha,/mlb/props/mark-canha/,ATH at DET,FA,"LF,RF",0.5,-110,-105,-105,-105,-105,,,-105,,,,,-108,,,,,-120,-125,-127,-125,-125,,,-130,,,,,-127,,,,
2024-04-06,Jake Rogers,/mlb/props/jake-rogers/,ATH at DET,DET,C,0.5,+160,+160,+150,+160,+150,,,+140,,,,,+146,,,,,-200,-200,-204,-200,-205,,,-200,,,,,-204,,,,
2024-04-06,Brayan Rocchio,/mlb/props/brayan-rocchio/,CLE at MIN,CLE,"2B,SS",0.5,+120,+125,+120,+125,+120,,,+115,,,,,+116,,,,,-160,-155,-160,-155,-160,,,-160,,,,,-160,,,,
2024-04-06,Willi Castro,/mlb/props/willi-castro/,CLE at MIN,COL,"1B,2B,3B,SS,LF,RF",0.5,+125,+140,+130,+140,+130,,,+125,,,,,+123,,,,,-165,-169,-170,-170,-175,,,-175,,,,,-169,,,,
2024-04-06,Alex Kirilloff,/mlb/props/alex-kirilloff/,CLE at MIN,FA,"1B,LF,RF",0.5,-145,-133,-135,-135,-140,,,-140,,,,,-133,,,,,+110,+105,+105,+105,+105,,,+105,,,,,-103,,,,
2024-04-06,Andres Gimenez,/mlb/props/andres-giminez/,CLE at MIN,TOR,"2B,SS",0.5,-105,-105,-105,-105,-105,,,-105,,,,,-106,,,,,-130,-125,-129,-125,-130,,,-130,,,,,-129,,,,
2024-04-06,Ryan Jeffers,/mlb/props/ryan-jeffers/,CLE at MIN,MIN,"C,DH",0.5,+125,+135,+125,+135,+125,,,+120,,,,,+123,,,,,-170,-165,-169,-165,-170,,,-165,,,,,-169,,,,
2024-04-06,Byron Buxton,/mlb/props/byron-buxton/,CLE at MIN,MIN,"CF,DH",0.5,+150,+165,+160,+165,+160,,,+150,,,,,+152,,,,,-200,-210,-214,-210,-220,,,-220,,,,,-214,,,,
2024-04-06,Matt Wallner,/mlb/props/matt-wallner/,CLE at MIN,MIN,"LF,RF",0.5,+195,+200,+195,+200,+195,,,+180,,,,,+178,,,,,-275,-250,-260,-250,-275,,,-260,,,,,-254,,,,
2024-04-06,Carlos Santana,/mlb/props/carlos-santana/,CLE at MIN,ATL,1B,0.5,+120,+120,+120,+120,+120,,,+110,,,,,+120,,,,,-160,-150,-160,-150,-160,,,-155,,,,,-166,,,,
2024-04-06,Steven Kwan,/mlb/props/steven-kwan/,CLE at MIN,CLE,"LF,CF",0.5,-175,-165,-174,-165,-175,,,-165,,,,,-174,,,,,+130,+135,+126,+135,+130,,,+120,,,,,+126,,,,
2024-04-06,Ramon Laureano,/mlb/props/ramon-laureano/,CLE at MIN,SD,"LF,CF,RF",0.5,+175,+175,+165,+170,+175,,,+160,,,,,+165,,,,,-240,-220,-234,-220,-240,,,-225,,,,,-234,,,,
2024-04-06,Edouard Julien,/mlb/props/edouard-julien/,CLE at MIN,COL,"1B,2B,DH",0.5,+115,+110,+108,+110,+105,,,+105,,,,,+108,,,,,-150,-140,-140,-140,-140,,,-140,,,,,-148,,,,
2024-04-06,Tyler Freeman,/mlb/props/tyler-freeman-ss/,CLE at MIN,COL,"2B,RF,DH",0.5,-105,-105,-109,-110,-105,,,-110,,,,,-109,,,,,-125,-120,-125,-120,-125,,,-125,,,,,-125,,,,
2024-04-06,Josh Naylor,/mlb/props/josh-naylor/,CLE at MIN,SEA,"1B,DH",0.5,-120,-119,-120,-120,-125,,,-120,,,,,-119,,,,,-110,-105,-110,-110,-105,,,-115,,,,,-115,,,,
2024-04-06,Max Kepler,/mlb/props/max-kepler/,CLE at MIN,ARI,"LF,RF",0.5,+105,+105,+100,+105,+105,,,+100,,,,,+100,,,,,-140,-135,-135,-135,-135,,,-135,,,,,-137,,,,
2024-04-06,Christian Vazquez,/mlb/props/christian-vazquez/,CLE at MIN,HOU,C,0.5,-110,-110,-111,-115,-110,,,-115,,,,,-111,,,,,-120,-115,-120,-115,-120,,,-120,,,,,-123,,,,
2024-04-06,Jose Ramirez,/mlb/props/jose-ramirez/,CLE at MIN,CLE,"3B,DH",0.5,-105,-105,-109,-115,-105,,,-115,,,,,-109,,,,,-125,-115,-120,-115,-125,,,-120,,,,,-125,,,,
2024-04-06,David Fry,/mlb/props/david-fry/,CLE at MIN,CLE,"C,LF,RF,DH",0.5,+180,+195,+180,+195,+180,,,+175,,,,,+172,,,,,-250,-244,-245,-245,-250,,,-250,,,,,-244,,,,
2024-04-06,Will Brennan,/mlb/props/will-brennan/,CLE at MIN,SF,"LF,CF,RF",0.5,-140,-135,-140,-135,-140,,,-135,,,,,-142,,,,,+105,+105,+104,+105,+105,,,+100,,,,,+104,,,,
2024-04-06,Carlos Correa,/mlb/props/carlos-correa/,CLE at MIN,HOU,"3B,SS",0.5,-105,-115,-115,-115,-115,,,-115,,,,,-119,,,,,-125,-115,-115,-115,-115,,,-115,,,,,-115,,,,
2024-04-06,Bo Naylor,/mlb/props/bo-naylor/,CLE at MIN,CLE,C,0.5,+200,+200,+185,+200,+185,,,+175,,,,,+178,,,,,-280,-250,-254,-250,-255,,,-250,,,,,-254,,,,
2024-04-06,Victor Scott,/mlb/props/victor-scott/,MIA at STL,STL,CF,0.5,+135,+145,+135,+145,+135,,,+130,,,,,+129,,,,,-180,-179,-180,-180,-180,,,-180,,,,,-179,,,,
2024-04-06,Masyn Winn,/mlb/props/masyn-winn-p/,MIA at STL,STL,SS,0.5,+120,+120,+115,+120,+115,,,+110,,,,,+114,,,,,-155,-150,-155,-150,-155,,,-155,,,,,-157,,,,
2024-04-06,Emmanuel Rivera,/mlb/props/emmanuel-rivera/,MIA at STL,FA,"1B,3B",0.5,+105,+110,+105,+110,+105,,,+105,,,,,+104,,,,,-140,-140,-140,-140,-140,,,-140,,,,,-142,,,,
2024-04-06,Jake Burger,/mlb/props/jake-burger-3b/,MIA at STL,TEX,1B,0.5,+105,+110,+105,+105,+110,,,+105,,,,,+110,,,,,-140,-135,-145,-135,-145,,,-140,,,,,-151,,,,
2024-04-06,Luis Arraez,/mlb/props/luis-arraez/,MIA at STL,SF,"1B,2B,DH",0.5,-230,-214,-225,-225,-235,,,-225,,,,,-214,,,,,+170,+175,+160,+175,+170,,,+160,,,,,+152,,,,
2024-04-06,Jazz Chisholm Jr.,/mlb/props/jasrado-chisholm/,MIA at STL,NYY,"2B,3B",0.5,+105,+106,+105,+105,+105,,,+105,,,,,+106,,,,,-135,-135,-140,-135,-140,,,-140,,,,,-145,,,,
2024-04-06,Nolan Gorman,/mlb/props/nolan-gorman/,MIA at STL,STL,"2B,3B,DH",0.5,+155,+175,+165,+175,+170,,,+160,,,,,+165,,,,,-210,-225,-234,-225,-235,,,-225,,,,,-234,,,,
2024-04-06,Willson Contreras,/mlb/props/willson-contreras/,MIA at STL,BOS,1B,0.5,+110,+105,+105,+105,+105,,,+105,,,,,+102,,,,,-150,-135,-139,-135,-140,,,-140,,,,,-139,,,,
2024-04-06,Nick Fortes,/mlb/props/nick-fortes/,MIA at STL,TB,C,0.5,+120,+120,+115,+120,+115,,,+110,,,,,+116,,,,,-160,-150,-155,-150,-155,,,-155,,,,,-160,,,,
2024-04-06,Vidal Brujan,/mlb/props/vidal-brujan-2b/,MIA at STL,NYM,"3B,SS,OF",0.5,+120,+120,+116,+120,+120,,,+110,,,,,+116,,,,,-160,-150,-155,-150,-160,,,-155,,,,,-160,,,,
2024-04-06,Paul Goldschmidt,/mlb/props/paul-goldschmidt/,MIA at STL,NYY,"1B,DH",0.5,-105,-105,-108,-110,-105,,,-110,,,,,-108,,,,,-130,-120,-125,-120,-125,,,-125,,,,,-127,,,,
2024-04-06,Brendan Donovan,/mlb/props/brendan-donovan/,MIA at STL,SEA,"2B,3B,SS,LF",0.5,-130,-130,-133,-130,-135,,,-130,,,,,-133,,,,,+100,+100,-103,+100,+100,,,-105,,,,,-103,,,,
2024-04-06,Alec Burleson,/mlb/props/alec-burleson/,MIA at STL,STL,"1B,LF,RF,DH",0.5,+115,+115,+110,+115,+115,,,+110,,,,,+110,,,,,-150,-145,-150,-145,-150,,,-155,,,,,-151,,,,
2024-04-06,Nolan Arenado,/mlb/props/nolan-arenado/,MIA at STL,ARI,3B,0.5,+100,+100,-104,-105,+100,,,-105,,,,,-104,,,,,-135,-125,-130,-125,-130,,,-130,,,,,-131,,,,
2024-04-06,Josh Bell,/mlb/props/josh-bell/,MIA at STL,MIN,"1B,DH",0.5,-125,-120,-121,-120,-125,,,-125,,,,,-121,,,,,-105,-105,-110,-110,-105,,,-110,,,,,-113,,,,
2024-04-06,Jordan Walker,/mlb/props/jordan-walker/,MIA at STL,STL,"LF,RF",0.5,-105,-108,-110,-115,-110,,,-115,,,,,-108,,,,,-125,-115,-120,-115,-120,,,-120,,,,,-127,,,,
2024-04-06,Avisail Garcia,/mlb/props/avisail-garcia/,MIA at STL,FA,"LF,RF",0.5,+125,+125,+120,+125,+120,,,+115,,,,,+120,,,,,-165,-155,-160,-155,-160,,,-160,,,,,-166,,,,
2024-04-06,Bryan De La Cruz,/mlb/props/bryan-de-la-cruz/,MIA at STL,PHI,LF,0.5,-115,-115,-120,-115,-115,,,-120,,,,,-121,,,,,-115,-113,-115,-115,-115,,,-115,,,,,-113,,,,
2024-04-06,Ivan Herrera,/mlb/props/ivan-herrera/,MIA at STL,STL,"C,DH",0.5,+120,+105,+105,+105,+105,,,+105,,,,,+102,,,,,-160,-135,-139,-135,-140,,,-140,,,,,-139,,,,
2024-04-06,Tim Anderson,/mlb/props/tim-anderson/,MIA at STL,FA,"2B,SS",0.5,-150,-150,-155,-150,-160,,,-155,,,,,-157,,,,,+115,+120,+114,+120,+120,,,+110,,,,,+114,,,,
2024-04-06,Dansby Swanson,/mlb/props/dansby-swanson/,LAD at CHC,CHC,SS,0.5,+110,+115,+110,+115,+110,,,+105,,,,,+108,,,,,-145,-145,-148,-145,-145,,,-150,,,,,-148,,,,
2024-04-06,Enrique Hernandez,/mlb/props/enrique-hernandez/,LAD at CHC,LAD,"1B,2B,3B,LF",0.5,-115,-115,-115,-115,-115,,,-115,,,,,-115,,,,,-115,-115,-115,-115,-115,,,-115,,,,,-119,,,,
2024-04-06,Cody Bellinger,/mlb/props/cody-bellinger/,LAD at CHC,NYY,"LF,CF,RF",0.5,+100,+100,+100,+100,+100,,,+100,,,,,-101,,,,,-130,-130,-135,-130,-135,,,-135,,,,,-135,,,,
2024-04-06,Teoscar Hernandez,/mlb/props/teoscar-hernandez/,LAD at CHC,LAD,"LF,RF",0.5,+100,+105,+100,+100,+105,,,+100,,,,,-104,,,,,-135,-130,-135,-130,-140,,,-135,,,,,-131,,,,
2024-04-06,Seiya Suzuki,/mlb/props/seiya-suzuki/,LAD at CHC,CHC,"LF,RF,DH",0.5,-120,-115,-115,-115,-115,,,-115,,,,,-119,,,,,-110,-115,-115,-115,-115,,,-120,,,,,-115,,,,
2024-04-06,Chris Taylor,/mlb/props/chris-taylor/,LAD at CHC,FA,"2B,LF,CF,RF",0.5,+150,+160,+152,+160,+155,,,+145,,,,,+152,,,,,-200,-200,-214,-200,-215,,,-215,,,,,-214,,,,
2024-04-06,Michael Busch,/mlb/props/michael-busch-2b/,LAD at CHC,CHC,1B,0.5,+135,+145,+135,+145,+140,,,+135,,,,,+129,,,,,-180,-179,-180,-180,-190,,,-190,,,,,-179,,,,
2024-04-06,Christopher Morel,/mlb/props/christopher-morel/,LAD at CHC,MIA,"1B,LF,DH",0.5,+130,+120,+118,+120,+120,,,+115,,,,,+118,,,,,-170,-150,-160,-150,-160,,,-160,,,,,-163,,,,
2024-04-06,Nico Hoerner,/mlb/props/nico-hoerner/,LAD at CHC,CHC,"2B,SS",0.5,-125,-125,-129,-125,-130,,,-130,,,,,-129,,,,,-105,-105,-105,-105,-105,,,-105,,,,,-106,,,,
2024-04-06,Nick Madrigal,/mlb/props/nick-madrigal/,LAD at CHC,TB,"2B,3B",0.5,-145,-140,-145,-140,-145,,,-150,,,,,-145,,,,,+110,+110,+106,+110,+110,,,+105,,,,,+106,,,,
2024-04-06,Miguel Rojas,/mlb/props/miguel-rojas/,LAD at CHC,LAD,"2B,3B,SS",0.5,-120,-110,-115,-115,-110,,,-115,,,,,-119,,,,,-110,-115,-120,-115,-120,,,-120,,,,,-115,,,,
2024-04-06,Mookie Betts,/mlb/props/mookie-betts/,LAD at CHC,LAD,SS,0.5,-110,-105,-105,-105,-105,,,-105,,,,,-106,,,,,-120,-125,-129,-125,-125,,,-130,,,,,-129,,,,
2024-04-06,Max Muncy,/mlb/props/max-muncy/,LAD at CHC,LAD,3B,0.5,+160,+165,+155,+165,+155,,,+150,,,,,+152,,,,,-220,-210,-215,-210,-215,,,-220,,,,,-214,,,,
2024-04-06,Ian Happ,/mlb/props/ian-happ/,LAD at CHC,CHC,LF,0.5,+110,+115,+110,+115,+115,,,+110,,,,,+106,,,,,-145,-145,-145,-145,-155,,,-155,,,,,-145,,,,
2024-04-06,Shohei Ohtani,/mlb/props/shohei-ohtani/,LAD at CHC,LAD,"SP,DH",0.5,-125,-115,-115,-115,-115,,,-115,,,,,-121,,,,,-105,-113,-115,-115,-115,,,-120,,,,,-113,,,,
2024-04-06,Freddie Freeman,/mlb/props/freddie-freeman/,LAD at CHC,LAD,1B,0.5,-155,-130,-135,-130,-135,,,-135,,,,,-142,,,,,+115,+105,+104,+100,+105,,,+100,,,,,+104,,,,
2024-04-06,Mike Tauchman,/mlb/props/mike-tauchman/,LAD at CHC,NYM,"LF,CF,RF",0.5,+145,+145,+140,+145,+140,,,+135,,,,,+133,,,,,-195,-180,-185,-180,-185,,,-190,,,,,-184,,,,
2024-04-06,Austin Barnes,/mlb/props/austin-barnes/,LAD at CHC,FA,C,0.5,+115,+120,+115,+120,+120,,,+115,,,,,+114,,,,,-150,-150,-157,-150,-160,,,-160,,,,,-157,,,,
2024-04-06,Miguel Amaya,/mlb/props/miguel-amaya-c/,LAD at CHC,CHC,"C,DH",0.5,+150,+155,+146,+155,+145,,,+140,,,,,+146,,,,,-200,-190,-200,-190,-200,,,-200,,,,,-204,,,,
2024-04-06,Yan Gomes,/mlb/props/yan-gomes/,LAD at CHC,FA,C,0.5,+105,+105,+105,+105,+105,,,+105,,,,,+104,,,,,-140,-135,-140,-135,-140,,,-140,,,,,-142,,,,
2024-04-06,Will Smith,/mlb/props/will-smith-c/,LAD at CHC,LAD,C,0.5,-135,-135,-140,-140,-140,,,-150,,,,,-135,,,,,+100,+110,+105,+110,+105,,,+105,,,,,-101,,,,
2024-04-06,CJ Abrams,/mlb/props/cj-abrams/,PHI at WSH,WSH,SS,0.5,-130,-125,-129,-125,-130,,,-130,,,,,-129,,,,,-105,+100,-105,-105,+100,,,-105,,,,,-106,,,,
2024-04-06,Lane Thomas,/mlb/props/lane-thomas/,PHI at WSH,KC,"LF,CF,RF",0.5,-110,-115,-120,-115,-120,,,-120,,,,,-121,,,,,-120,-110,-113,-115,-110,,,-115,,,,,-113,,,,
2024-04-06,Jacob Young,/mlb/props/jacob-young/,PHI at WSH,WSH,CF,0.5,+100,+102,-105,-105,-105,,,,,,,,+102,,,,,-135,-125,-130,-125,-130,,,,,,,,-139,,,,
2024-04-06,Joey Meneses,/mlb/props/joey-meneses/,PHI at WSH,ATH,1B,0.5,-130,-130,-131,-130,-135,,,-135,,,,,-131,,,,,+100,+100,+100,+100,+100,,,+100,,,,,-104,,,,
2024-04-06,Alec Bohm,/mlb/props/alec-bohm/,PHI at WSH,PHI,"1B,3B",0.5,-185,-200,-204,-200,-215,,,-215,,,,,-204,,,,,+140,+160,+155,+160,+155,,,+145,,,,,+146,,,,
2024-04-06,Joey Gallo,/mlb/props/joey-gallo/,PHI at WSH,FA,"1B,LF,CF,RF",0.5,+170,+165,+159,+165,+165,,,+150,,,,,+159,,,,,-230,-210,-220,-210,-220,,,-220,,,,,-224,,,,
2024-04-06,Trea Turner,/mlb/props/trea-turner/,PHI at WSH,PHI,SS,0.5,-150,-160,-165,-165,-165,,,-165,,,,,-160,,,,,+110,+135,+125,+135,+125,,,+120,,,,,+116,,,,
2024-04-06,Bryce Harper,/mlb/props/bryce-harper/,PHI at WSH,PHI,"1B,DH",0.5,+110,+100,+100,+100,+100,,,+100,,,,,-106,,,,,-145,-129,-130,-130,-130,,,-135,,,,,-129,,,,
2024-04-06,Riley Adams,/mlb/props/riley-adams/,PHI at WSH,WSH,C,0.5,+130,+130,+125,+130,+125,,,+120,,,,,+118,,,,,-175,-160,-165,-160,-170,,,-165,,,,,-163,,,,
2024-04-06,Nasim Nunez,/mlb/props/nasim-nunez/,PHI at WSH,WSH,"2B,SS",0.5,+110,+115,+110,+115,+115,,,+110,,,,,+110,,,,,-155,-145,-150,-145,-150,,,-155,,,,,-151,,,,
2024-04-06,Trey Lipscomb,/mlb/props/trey-lipscomb/,PHI at WSH,WSH,3B,0.5,+100,+100,+100,+100,+100,,,+100,,,,,-101,,,,,-135,-130,-135,-130,-135,,,-135,,,,,-135,,,,
2024-04-06,J.T. Realmuto,/mlb/props/jt-realmuto/,PHI at WSH,PHI,C,0.5,-115,-115,-120,-115,-120,,,-120,,,,,-123,,,,,-115,-110,-111,-115,-110,,,-115,,,,,-111,,,,
2024-04-06,Brandon Marsh,/mlb/props/brandon-marsh/,PHI at WSH,PHI,"LF,CF,RF",0.5,+130,+125,+120,+125,+120,,,+115,,,,,+120,,,,,-175,-155,-160,-155,-160,,,-160,,,,,-166,,,,
2024-04-06,Kyle Schwarber,/mlb/props/kyle-schwarber/,PHI at WSH,PHI,"LF,DH",0.5,+180,+170,+165,+170,+165,,,+160,,,,,+165,,,,,-245,-220,-225,-220,-225,,,-225,,,,,-234,,,,
2024-04-06,Keibert Ruiz,/mlb/props/keibert-ruiz/,PHI at WSH,WSH,C,0.5,-135,-135,-139,-135,-140,,,-135,,,,,-139,,,,,+105,+105,+102,+105,+105,,,+100,,,,,+102,,,,
2024-04-06,Jesse Winker,/mlb/props/jesse-winker/,PHI at WSH,FA,"LF,RF,DH",0.5,+110,+104,+100,+100,+100,,,+100,,,,,+104,,,,,-145,-130,-135,-130,-135,,,-135,,,,,-142,,,,
2024-04-06,Bryson Stott,/mlb/props/bryson-stott-ss/,PHI at WSH,PHI,"2B,SS",0.5,-125,-125,-130,-125,-130,,,-130,,,,,-142,,,,,-105,+104,+100,-105,+100,,,-105,,,,,+104,,,,
2024-04-06,Ildemaro Vargas,/mlb/props/ildemaro-vargas/,PHI at WSH,ARI,"1B,2B",0.5,-105,-110,-113,-115,-110,,,-115,,,,,-113,,,,,-125,-115,-120,-115,-120,,,-120,,,,,-121,,,,
2024-04-06,Nick Castellanos,/mlb/props/nick-castellanos/,PHI at WSH,FA,"RF,DH",0.5,-105,-105,-111,-115,-105,,,-115,,,,,-111,,,,,-130,-115,-120,-115,-125,,,-120,,,,,-123,,,,
2024-04-06,Johan Rojas,/mlb/props/johan-rojas/,PHI at WSH,PHI,CF,0.5,-120,-125,-127,-125,-130,,,-130,,,,,-127,,,,,-110,-105,-105,-105,-105,,,-105,,,,,-108,,,,
2024-04-06,Rowdy Tellez,/mlb/props/rowdy-tellez/,BAL at PIT,ATL,1B,0.5,+175,+200,+185,+200,+185,,,+175,,,,,+172,,,,,-240,-244,-250,-250,-255,,,-250,,,,,-244,,,,
2024-04-06,Adley Rutschman,/mlb/props/adley-rutschman/,BAL at PIT,BAL,"C,DH",0.5,-135,-135,-137,-135,-140,,,-140,,,,,-137,,,,,+100,+105,+105,+105,+105,,,+105,,,,,+100,,,,
2024-04-06,Cedric Mullins II,/mlb/props/cedric-mullins/,BAL at PIT,TB,CF,0.5,+125,+125,+120,+125,+120,,,+115,,,,,+118,,,,,-170,-155,-160,-155,-160,,,-160,,,,,-163,,,,
2024-04-06,Austin Hays,/mlb/props/austin-hays/,BAL at PIT,CWS,"LF,DH",0.5,-110,-105,-108,-110,-105,,,-110,,,,,-108,,,,,-120,-120,-125,-120,-125,,,-125,,,,,-127,,,,
2024-04-06,Bryan Reynolds,/mlb/props/bryan-reynolds/,BAL at PIT,PIT,"LF,CF,RF,DH",0.5,+125,+125,+120,+125,+120,,,+115,,,,,+123,,,,,-165,-155,-160,-155,-160,,,-160,,,,,-169,,,,
2024-04-06,Anthony Santander,/mlb/props/anthony-santander/,BAL at PIT,TOR,"LF,RF,DH",0.5,+105,+106,+105,+105,+105,,,+105,,,,,+106,,,,,-140,-135,-140,-135,-140,,,-140,,,,,-145,,,,
2024-04-06,Jordan Westburg,/mlb/props/jordan-westburg/,BAL at PIT,BAL,"2B,3B",0.5,+125,+120,+120,+120,+120,,,+110,,,,,+120,,,,,-165,-150,-155,-150,-155,,,-155,,,,,-166,,,,
2024-04-06,Joey Bart,/mlb/props/joseph-bart/,BAL at PIT,ATL,C,0.5,+180,+210,+200,+210,+200,,,+190,,,,,+190,,,,,-250,-270,-275,-270,-280,,,-275,,,,,-274,,,,
2024-04-06,Jared Triolo,/mlb/props/jared-triolo/,BAL at PIT,PIT,"1B,2B,3B,SS",0.5,+125,+120,+116,+120,+120,,,+115,,,,,+116,,,,,-165,-150,-160,-150,-160,,,-160,,,,,-160,,,,
2024-04-06,Ryan Mountcastle,/mlb/props/ryan-mountcastle/,BAL at PIT,BAL,"1B,DH",0.5,-135,-135,-140,-140,-140,,,-140,,,,,-135,,,,,+100,+110,+105,+110,+105,,,+105,,,,,-101,,,,
2024-04-06,Alika Williams,/mlb/props/alika-williams/,BAL at PIT,ATH,"2B,3B,SS",0.5,+170,+180,+175,+180,+175,,,,,,,,+165,,,,,-235,-230,-234,-230,-235,,,,,,,,-234,,,,
2024-04-06,Ke'Bryan Hayes,/mlb/props/kebryan-hayes/,BAL at PIT,CIN,3B,0.5,+105,+105,+100,+100,+105,,,+100,,,,,+100,,,,,-140,-130,-135,-130,-140,,,-135,,,,,-137,,,,
2024-04-06,Edward Olivares,/mlb/props/edward-olivares/,BAL at PIT,FA,"LF,RF",0.5,+115,+120,+115,+120,+115,,,+110,,,,,+110,,,,,-150,-150,-151,-150,-155,,,-155,,,,,-151,,,,
2024-04-06,Michael A. Taylor,/mlb/props/michael-taylor/,BAL at PIT,FA,"LF,CF,RF",0.5,+200,+200,+190,+200,+190,,,+180,,,,,+184,,,,,-280,-250,-260,-250,-260,,,-260,,,,,-264,,,,
2024-04-06,Connor Joe,/mlb/props/connor-joe/,BAL at PIT,SEA,"LF,RF",0.5,+130,+125,+120,+125,+120,,,+115,,,,,+116,,,,,-175,-155,-160,-155,-160,,,-160,,,,,-160,,,,
2024-04-06,Gunnar Henderson,/mlb/props/gunnar-henderson/,BAL at PIT,BAL,"SS,DH",0.5,-115,-115,-120,-115,-120,,,-120,,,,,-123,,,,,-115,-110,-111,-115,-110,,,-115,,,,,-111,,,,
2024-04-06,Jorge Mateo,/mlb/props/jorge-mateo/,BAL at PIT,ATL,"2B,SS,CF,DH",0.5,+110,+110,+106,+110,+110,,,+105,,,,,+106,,,,,-145,-140,-145,-140,-145,,,-150,,,,,-145,,,,
2024-04-06,Jack Suwinski,/mlb/props/jack-suwinski/,BAL at PIT,LAD,"LF,CF,RF",0.5,+180,+190,+180,+190,+180,,,+165,,,,,+165,,,,,-250,-234,-240,-240,-245,,,-240,,,,,-234,,,,
2024-04-06,Oneil Cruz,/mlb/props/oneil-cruz-3b/,BAL at PIT,PIT,"CF,DH",0.5,+125,+135,+130,+135,+130,,,+120,,,,,+120,,,,,-170,-165,-166,-165,-170,,,-165,,,,,-166,,,,
2024-04-06,James McCann,/mlb/props/james-mccann/,BAL at PIT,ARI,C,0.5,+115,+115,+110,+115,+115,,,+105,,,,,+110,,,,,-155,-145,-150,-145,-150,,,-150,,,,,-151,,,,
2024-04-06,Will Benson,/mlb/props/will-benson/,NYM at CIN,CIN,"LF,CF,RF",0.5,+130,+126,+125,+125,+125,,,+115,,,,,+126,,,,,-175,-155,-165,-155,-165,,,-160,,,,,-174,,,,
2024-04-06,Jonathan India,/mlb/props/jonathan-india/,NYM at CIN,KC,"2B,3B,LF,DH",0.5,-115,-115,-119,-115,-120,,,-120,,,,,-119,,,,,-115,-110,-115,-115,-110,,,-115,,,,,-115,,,,
2024-04-06,Elly De La Cruz,/mlb/props/elly-de-la-cruz/,NYM at CIN,CIN,SS,0.5,+120,+120,+118,+120,+120,,,+110,,,,,+118,,,,,-160,-150,-155,-150,-160,,,-155,,,,,-163,,,,
2024-04-06,Tyrone Taylor,/mlb/props/tyrone-taylor/,NYM at CIN,NYM,"LF,CF,RF",0.5,+115,+115,+114,+115,+115,,,+105,,,,,+114,,,,,-160,-145,-150,-145,-150,,,-150,,,,,-157,,,,
2024-04-06,Jeimer Candelario,/mlb/props/jeimer-candelario/,NYM at CIN,LAA,"1B,3B",0.5,+105,+104,+100,-105,+100,,,-105,,,,,+104,,,,,-140,-125,-135,-125,-135,,,-130,,,,,-142,,,,
2024-04-06,Christian Encarnacion-Strand,/mlb/props/christian-encarnacion-strand/,NYM at CIN,BAL,"1B,3B",0.5,+110,+104,+100,-105,+100,,,-105,,,,,+104,,,,,-145,-125,-130,-125,-130,,,-130,,,,,-142,,,,
2024-04-06,Brandon Nimmo,/mlb/props/brandon-nimmo/,NYM at CIN,TEX,"LF,CF,RF,DH",0.5,+115,+115,+110,+115,+110,,,+105,,,,,+110,,,,,-150,-145,-150,-145,-150,,,-150,,,,,-151,,,,
2024-04-06,Francisco Alvarez,/mlb/props/francisco-alvarez/,NYM at CIN,NYM,"C,DH",0.5,+110,+140,+135,+140,+135,,,+125,,,,,+129,,,,,-145,-170,-175,-170,-180,,,-175,,,,,-179,,,,
2024-04-06,Spencer Steer,/mlb/props/spencer-steer/,NYM at CIN,CIN,"1B,2B,LF,RF",0.5,+115,+110,+105,+105,+105,,,+105,,,,,+110,,,,,-155,-135,-140,-135,-140,,,-140,,,,,-151,,,,
2024-04-06,Brett Baty,/mlb/props/brett-baty/,NYM at CIN,NYM,"1B,2B,3B,RF",0.5,+130,+130,+125,+130,+125,,,+120,,,,,+123,,,,,-175,-160,-165,-160,-165,,,-165,,,,,-169,,,,
2024-04-06,Harrison Bader,/mlb/props/harrison-bader/,NYM at CIN,SF,"LF,CF,RF",0.5,+110,+110,+105,+105,+105,,,+105,,,,,+110,,,,,-145,-135,-140,-135,-140,,,-140,,,,,-151,,,,
2024-04-06,Nick Martini,/mlb/props/nick-martini/,NYM at CIN,FA,"LF,RF,DH",0.5,+130,+118,+115,+115,+115,,,+110,,,,,+118,,,,,-175,-145,-155,-145,-150,,,-155,,,,,-163,,,,
2024-04-06,Starling Marte,/mlb/props/starling-marte/,NYM at CIN,KC,"LF,RF,DH",0.5,-125,-135,-135,-135,-135,,,-140,,,,,-135,,,,,-110,+105,+100,+105,+100,,,+105,,,,,-101,,,,
2024-04-06,Jake Fraley,/mlb/props/jake-fraley/,NYM at CIN,TB,"LF,RF",0.5,+110,+105,+105,+105,+105,,,+105,,,,,+104,,,,,-150,-135,-140,-135,-140,,,-140,,,,,-142,,,,
2024-04-06,Omar Narvaez,/mlb/props/omar-narvaez/,NYM at CIN,FA,C,0.5,+170,+165,+155,+165,+155,,,+150,,,,,+152,,,,,-230,-210,-215,-210,-215,,,-220,,,,,-214,,,,
2024-04-06,Tyler Stephenson,/mlb/props/tyler-stephenson/,NYM at CIN,CIN,C,0.5,+115,+112,+110,+110,+110,,,+105,,,,,+112,,,,,-150,-140,-145,-140,-145,,,-150,,,,,-154,,,,
2024-04-06,Jeff McNeil,/mlb/props/jeff-mcneil/,NYM at CIN,ATH,"2B,LF,CF,RF",0.5,-105,-105,-110,-110,-105,,,-110,,,,,-111,,,,,-125,-120,-123,-120,-125,,,-125,,,,,-123,,,,
2024-04-06,Francisco Lindor,/mlb/props/francisco-lindor/,NYM at CIN,NYM,SS,0.5,+135,+140,+135,+140,+135,,,+130,,,,,+126,,,,,-180,-170,-174,-170,-180,,,-180,,,,,-174,,,,
2024-04-06,Pete Alonso,/mlb/props/peter-alonso/,NYM at CIN,BAL,"1B,DH",0.5,+110,+110,+108,+110,+110,,,+105,,,,,+108,,,,,-145,-140,-145,-140,-145,,,-140,,,,,-148,,,,
2024-04-06,Leody Taveras,/mlb/props/leody-taveras-of/,HOU at TEX,BAL,"CF,RF",0.5,-110,-105,-109,-115,-105,,,-115,,,,,-109,,,,,-120,-115,-120,-115,-125,,,-120,,,,,-125,,,,
2024-04-06,Jeremy Pena,/mlb/props/jeremy-pena/,HOU at TEX,HOU,SS,0.5,-130,-120,-125,-120,-125,,,-125,,,,,-125,,,,,-105,-105,-109,-110,-105,,,-110,,,,,-109,,,,
2024-04-06,Chas McCormick,/mlb/props/chas-mccormick/,HOU at TEX,CHC,"LF,CF,RF",0.5,-105,-104,-105,-110,-105,,,-110,,,,,-104,,,,,-130,-120,-125,-120,-125,,,-125,,,,,-131,,,,
2024-04-06,Jake Meyers,/mlb/props/jacob-meyers/,HOU at TEX,HOU,CF,0.5,+125,+130,+125,+130,+125,,,+120,,,,,+126,,,,,-170,-160,-165,-160,-170,,,-165,,,,,-174,,,,
2024-04-06,Jose Altuve,/mlb/props/jose-altuve/,HOU at TEX,HOU,"2B,LF,DH",0.5,-135,-131,-135,-135,-135,,,-140,,,,,-131,,,,,+100,+105,+105,+105,+105,,,+105,,,,,-104,,,,
2024-04-06,Alex Bregman,/mlb/props/alex-bregman/,HOU at TEX,CHC,"3B,DH",0.5,-115,-111,-115,-115,-115,,,-115,,,,,-111,,,,,-115,-115,-115,-115,-115,,,-115,,,,,-123,,,,
2024-04-06,Jared Walsh,/mlb/props/jared-walsh/,HOU at TEX,FA,"1B,RF",0.5,+145,+145,+139,+145,+140,,,+130,,,,,+139,,,,,-195,-180,-190,-180,-190,,,-180,,,,,-194,,,,
2024-04-06,Jonah Heim,/mlb/props/jonah-heim/,HOU at TEX,ATH,"C,DH",0.5,+105,+105,+100,+100,+105,,,+100,,,,,+100,,,,,-135,-130,-135,-130,-140,,,-135,,,,,-137,,,,
2024-04-06,Corey Seager,/mlb/props/corey-seager/,HOU at TEX,TEX,SS,0.5,-125,-120,-125,-120,-125,,,-125,,,,,-125,,,,,-105,-105,-109,-110,-105,,,-110,,,,,-109,,,,
2024-04-06,Yordan Alvarez,/mlb/props/yordan-alvarez/,HOU at TEX,HOU,"LF,DH",0.5,+115,+120,+112,+120,+120,,,+110,,,,,+112,,,,,-155,-150,-155,-150,-160,,,-155,,,,,-154,,,,
2024-04-06,Josh Smith,/mlb/props/josh-smith-ss/,HOU at TEX,TEX,"1B,2B,3B,SS,LF,RF",0.5,+120,+120,+116,+120,+115,,,+115,,,,,+116,,,,,-160,-150,-155,-150,-155,,,-160,,,,,-160,,,,
2024-04-06,Jose Abreu,/mlb/props/jose-dariel-abreu/,HOU at TEX,FA,1B,0.5,-120,-115,-119,-115,-120,,,-120,,,,,-119,,,,,-110,-110,-115,-115,-110,,,-115,,,,,-115,,,,
2024-04-06,Marcus Semien,/mlb/props/marcus-semien/,HOU at TEX,NYM,2B,0.5,-125,-120,-125,-120,-125,,,-125,,,,,-129,,,,,-105,-106,-110,-110,-110,,,-110,,,,,-106,,,,
2024-04-06,Evan Carter,/mlb/props/evan-carter/,HOU at TEX,TEX,"LF,CF,RF",0.5,+100,+100,+100,+100,+100,,,+100,,,,,-101,,,,,-130,-130,-135,-130,-135,,,-135,,,,,-135,,,,
2024-04-06,Wyatt Langford,/mlb/props/wyatt-langford/,HOU at TEX,TEX,"LF,CF",0.5,-130,-125,-129,-125,-125,,,-130,,,,,-129,,,,,+100,-105,-105,-105,-105,,,-105,,,,,-106,,,,
2024-04-06,Kyle Tucker,/mlb/props/kyle-tucker/,HOU at TEX,LAD,"RF,DH",0.5,-105,-103,-105,-110,-105,,,-110,,,,,-103,,,,,-130,-120,-125,-120,-125,,,-125,,,,,-133,,,,
2024-04-06,Yainer Diaz,/mlb/props/yainer-diaz-c/,HOU at TEX,HOU,"C,DH",0.5,-130,-129,-130,-130,-135,,,-135,,,,,-129,,,,,+100,+100,+100,+100,+100,,,+100,,,,,-106,,,,
2024-04-06,Adolis Garcia,/mlb/props/jose-adolis-garcia/,HOU at TEX,PHI,RF,0.5,+120,+125,+118,+125,+125,,,+115,,,,,+118,,,,,-160,-155,-160,-155,-165,,,-160,,,,,-163,,,,
2024-04-06,Kevin Kiermaier,/mlb/props/kevin-kiermaier/,TOR at NYY,FA,CF,0.5,+140,+140,+133,,+140,,,+130,,,,,+133,,,,,-185,-180,-184,,-185,,,-180,,,,,-184,,,,
2024-04-06,Alejandro Kirk,/mlb/props/alejandro-kirk/,TOR at NYY,TOR,C,0.5,-130,-135,-140,-135,-135,,,-140,,,,,-142,,,,,+100,+105,+105,+105,+105,,,+105,,,,,+104,,,,
2024-04-06,Cavan Biggio,/mlb/props/cavan-biggio/,TOR at NYY,HOU,"1B,2B,RF",0.5,+150,+155,+146,+155,+150,,,+140,,,,,+146,,,,,-205,-190,-200,-190,-205,,,-200,,,,,-204,,,,
2024-04-06,Bo Bichette,/mlb/props/bo-bichette/,TOR at NYY,NYM,"3B,SS",0.5,-165,-170,-175,-170,-175,,,-175,,,,,-179,,,,,+125,+140,+130,+140,+130,,,+125,,,,,+129,,,,
2024-04-06,Vladimir Guerrero Jr.,/mlb/props/vladimir-guerrero-jr/,TOR at NYY,TOR,"1B,DH",0.5,-105,-110,-115,-115,-110,,,-115,,,,,-115,,,,,-125,-115,-119,-115,-120,,,-120,,,,,-119,,,,
2024-04-06,Gleyber Torres,/mlb/props/gleyber-torres/,TOR at NYY,DET,2B,0.5,-120,-115,-115,-115,-115,,,-115,,,,,-115,,,,,-110,-115,-115,-115,-115,,,-115,,,,,-119,,,,
2024-04-06,Davis Schneider,/mlb/props/davis-schneider/,TOR at NYY,TOR,"2B,LF",0.5,+145,+140,+135,+140,+135,,,+130,,,,,+133,,,,,-195,-170,-180,-170,-180,,,-180,,,,,-184,,,,
2024-04-06,George Springer,/mlb/props/george-springer/,TOR at NYY,TOR,"LF,CF,RF,DH",0.5,-140,-140,-145,-140,-145,,,-140,,,,,-151,,,,,+105,+110,+110,+110,+110,,,+105,,,,,+110,,,,
2024-04-06,Giancarlo Stanton,/mlb/props/giancarlo-stanton/,TOR at NYY,NYY,"LF,RF,DH",0.5,+160,+165,+155,+165,+155,,,+150,,,,,+152,,,,,-220,-210,-215,-210,-215,,,-220,,,,,-214,,,,
2024-04-06,Anthony Volpe,/mlb/props/anthony-volpe/,TOR at NYY,NYY,SS,0.5,+130,+135,+125,+135,+125,,,+125,,,,,+120,,,,,-175,-165,-166,-165,-165,,,-175,,,,,-166,,,,
2024-04-06,Juan Soto,/mlb/props/juan-soto/,TOR at NYY,NYM,"LF,RF,DH",0.5,+135,+140,+135,+140,+135,,,+125,,,,,+126,,,,,-180,-170,-175,-170,-185,,,-175,,,,,-174,,,,
2024-04-06,Ernie Clement,/mlb/props/ernie-clement/,TOR at NYY,TOR,"1B,2B,3B,SS",0.5,-105,-105,-109,-110,-105,,,-110,,,,,-109,,,,,-125,-120,-125,-120,-125,,,-125,,,,,-125,,,,
2024-04-06,Austin Wells,/mlb/props/austin-wells/,TOR at NYY,NYY,C,0.5,+160,+150,+140,+150,+140,,,,,,,,+139,,,,,-220,-185,-185,-185,-185,,,,,,,,-194,,,,
2024-04-06,Oswaldo Cabrera,/mlb/props/oswaldo-cabrera/,TOR at NYY,NYY,3B,0.5,+155,+155,+140,+155,+140,,,+135,,,,,+129,,,,,-215,-179,-190,-190,-190,,,-190,,,,,-179,,,,
2024-04-06,Isiah Kiner-Falefa,/mlb/props/isiah-kiner-falefa/,TOR at NYY,BOS,"2B,3B,SS",0.5,+100,-110,-113,-115,-110,,,-115,,,,,-113,,,,,-130,-115,-120,-115,-120,,,-120,,,,,-121,,,,
2024-04-06,Alex Verdugo,/mlb/props/alex-verdugo/,TOR at NYY,FA,"LF,RF",0.5,+115,+115,+110,+115,+110,,,+110,,,,,+110,,,,,-155,-145,-150,-145,-150,,,-155,,,,,-151,,,,
2024-04-06,Justin Turner,/mlb/props/justin-turner/,TOR at NYY,FA,"1B,3B",0.5,+100,+100,-101,+100,+100,,,-105,,,,,-101,,,,,-135,-130,-130,-130,-135,,,-130,,,,,-135,,,,
2024-04-06,Brian Serven,/mlb/props/brian-serven/,TOR at NYY,ATH,C,0.5,+145,+150,+145,+150,+145,,,+135,,,,,+139,,,,,-195,-185,-190,-185,-195,,,-190,,,,,-194,,,,
2024-04-06,Daulton Varsho,/mlb/props/daulton-varsho/,TOR at NYY,TOR,"LF,CF",0.5,+170,+170,+160,+170,+165,,,+160,,,,,+152,,,,,-235,-214,-220,-220,-225,,,-225,,,,,-214,,,,
2024-04-06,Anthony Rizzo,/mlb/props/anthony-rizzo/,TOR at NYY,FA,1B,0.5,+150,+150,+139,+150,+150,,,+135,,,,,+139,,,,,-200,-185,-194,-185,-200,,,-190,,,,,-194,,,,
2024-04-06,Daniel Vogelbach,/mlb/props/dan-vogelbach/,TOR at NYY,FA,DH,0.5,+160,+165,+160,+165,+160,,,+150,,,,,+152,,,,,-220,-210,-214,-210,-220,,,-220,,,,,-214,,,,
2024-04-06,Aaron Judge,/mlb/props/aaron-judge/,TOR at NYY,NYY,"LF,CF,RF,DH",0.5,+175,+180,+165,+180,+180,,,+165,,,,,+165,,,,,-245,-230,-240,-230,-245,,,-240,,,,,-234,,,,
2024-04-06,Cal Raleigh,/mlb/props/caleb-raleigh/,SEA at MIL,SEA,"C,DH",0.5,+165,+160,+155,+160,+155,,,+145,,,,,+146,,,,,-220,-200,-210,-200,-210,,,-215,,,,,-204,,,,
2024-04-06,Rhys Hoskins,/mlb/props/rhys-hoskins/,SEA at MIL,CLE,"1B,DH",0.5,+140,+145,+140,+145,+140,,,+130,,,,,+129,,,,,-185,-179,-180,-180,-185,,,-180,,,,,-179,,,,
2024-04-06,Dylan Moore,/mlb/props/dylan-moore/,SEA at MIL,PHI,"1B,2B,3B,LF,RF",0.5,+220,+210,+196,+210,+205,,,+190,,,,,+196,,,,,-310,-270,-284,-270,-290,,,-275,,,,,-284,,,,
2024-04-06,Luis Urias,/mlb/props/luis-urias/,SEA at MIL,TOR,"2B,3B",0.5,+155,+155,+152,+155,+155,,,+140,,,,,+152,,,,,-205,-190,-200,-190,-205,,,-200,,,,,-214,,,,
2024-04-06,Brice Turang,/mlb/props/brice-turang/,SEA at MIL,MIL,2B,0.5,+130,+125,+120,+125,+120,,,+115,,,,,+116,,,,,-175,-155,-160,-155,-160,,,-160,,,,,-160,,,,
2024-04-06,Julio Rodriguez,/mlb/props/julio-rodriguez-of/,SEA at MIL,SEA,CF,0.5,-110,-120,-123,-120,-120,,,-125,,,,,-123,,,,,-120,-110,-110,-110,-110,,,-110,,,,,-111,,,,
2024-04-06,Oliver Dunn,/mlb/props/oliver-dunn/,SEA at MIL,TB,3B,0.5,+165,+160,+152,+160,+150,,,+145,,,,,+152,,,,,-225,-200,-205,-200,-205,,,-215,,,,,-214,,,,
2024-04-06,Gary Sanchez,/mlb/props/gary-sanchez/,SEA at MIL,MIL,"C,1B,DH",0.5,+150,+160,+150,+160,+150,,,+145,,,,,+146,,,,,-205,-200,-205,-200,-205,,,-215,,,,,-204,,,,
2024-04-06,Christian Yelich,/mlb/props/christian-yelich/,SEA at MIL,MIL,"LF,DH",0.5,-105,-105,-105,-105,-105,,,-105,,,,,-111,,,,,-130,-123,-125,-125,-130,,,-130,,,,,-123,,,,
2024-04-06,Jorge Polanco,/mlb/props/jorge-polanco/,SEA at MIL,NYM,"2B,3B,DH",0.5,+115,+112,+110,+110,+110,,,+105,,,,,+112,,,,,-155,-140,-145,-140,-145,,,-150,,,,,-154,,,,
2024-04-06,Mitch Haniger,/mlb/props/mitch-haniger/,SEA at MIL,FA,RF,0.5,+125,+115,+114,+115,+115,,,+110,,,,,+114,,,,,-165,-145,-150,-145,-150,,,-155,,,,,-157,,,,
2024-04-06,Willy Adames,/mlb/props/willy-adames/,SEA at MIL,SF,SS,0.5,+120,+125,+120,+125,+120,,,+115,,,,,+120,,,,,-160,-155,-160,-155,-160,,,-160,,,,,-166,,,,
2024-04-06,Jackson Chourio,/mlb/props/jackson-chourio/,SEA at MIL,MIL,"LF,CF,RF",0.5,-115,+125,+120,+125,+120,,,+115,,,,,+116,,,,,-115,-155,-160,-155,-160,,,-160,,,,,-160,,,,
2024-04-06,Joey Ortiz,/mlb/props/joey-ortiz/,SEA at MIL,MIL,"3B,SS",0.5,+135,+140,+133,+140,+135,,,+125,,,,,+133,,,,,-180,-170,-175,-170,-180,,,-175,,,,,-184,,,,
2024-04-06,Sal Frelick,/mlb/props/sal-frelick/,SEA at MIL,MIL,"LF,CF,RF",0.5,-110,-130,-130,-130,-135,,,-130,,,,,-135,,,,,-120,+100,-101,+100,+100,,,-105,,,,,-101,,,,
2024-04-06,Samad Taylor,/mlb/props/samad-taylor/,SEA at MIL,SD,"2B,LF,RF",0.5,+175,+160,+152,+160,+160,,,+145,,,,,+152,,,,,-240,-200,-214,-200,-215,,,-215,,,,,-214,,,,
2024-04-06,William Contreras,/mlb/props/william-contreras/,SEA at MIL,MIL,"C,DH",0.5,-115,-115,-115,-115,-115,,,-115,,,,,-117,,,,,-115,-115,-115,-115,-115,,,-115,,,,,-117,,,,
2024-04-06,J.P. Crawford,/mlb/props/jp-crawford/,SEA at MIL,SEA,"3B,SS",0.5,-110,-115,-117,-115,-115,,,-120,,,,,-117,,,,,-120,-115,-115,-115,-115,,,-115,,,,,-117,,,,
2024-04-06,Jake Bauers,/mlb/props/jake-bauers/,SEA at MIL,MIL,"1B,LF,RF",0.5,+195,+200,+190,+200,+195,,,+180,,,,,+190,,,,,-270,-250,-260,-250,-270,,,-260,,,,,-274,,,,
2024-04-06,Mitch Garver,/mlb/props/mitch-garver/,SEA at MIL,SEA,"C,DH",0.5,+140,+140,+135,+140,+135,,,+130,,,,,+133,,,,,-185,-170,-180,-170,-180,,,-180,,,,,-184,,,,
2024-04-06,Andrew Vaughn,/mlb/props/andrew-vaughn-1b/,CWS at KC,MIL,1B,0.5,-140,-145,-150,-145,-150,,,-155,,,,,-151,,,,,+105,+115,+110,+115,+115,,,+110,,,,,+110,,,,
2024-04-06,Lenyn Sosa,/mlb/props/lenyn-sosa/,CWS at KC,TOR,"1B,2B,DH",0.5,-135,-130,-135,-130,-135,,,-135,,,,,-135,,,,,+100,+100,+100,+100,+100,,,+100,,,,,-101,,,,
2024-04-06,Robbie Grossman,/mlb/props/robbie-grossman/,CWS at KC,FA,"LF,RF",0.5,+170,+165,+152,+165,+165,,,+150,,,,,+152,,,,,-235,-210,-220,-210,-225,,,-220,,,,,-214,,,,
2024-04-06,Nick Loftin,/mlb/props/nick-loftin/,CWS at KC,KC,"2B,3B,LF",0.5,-110,-110,-113,-115,-110,,,,,,,,-113,,,,,-120,-115,-120,-115,-120,,,,,,,,-121,,,,
2024-04-06,Maikel Garcia,/mlb/props/maikel-garcia/,CWS at KC,KC,"2B,3B,SS,OF",0.5,-200,-190,-194,-190,-200,,,-200,,,,,-194,,,,,+150,+155,+150,+155,+150,,,+140,,,,,+139,,,,
2024-04-06,Yoan Moncada,/mlb/props/yoan-moncada/,CWS at KC,LAA,3B,0.5,+130,+140,+135,+140,+135,,,+125,,,,,+126,,,,,-170,-170,-175,-170,-180,,,-175,,,,,-174,,,,
2024-04-06,Andrew Benintendi,/mlb/props/andrew-benintendi/,CWS at KC,CWS,"LF,DH",0.5,-135,-130,-133,-130,-135,,,-135,,,,,-133,,,,,+100,+100,+100,+100,+100,,,+100,,,,,-103,,,,
2024-04-06,Martin Maldonado,/mlb/props/martin-maldonado/,CWS at KC,FA,C,0.5,+195,+195,+185,+195,+185,,,+175,,,,,+184,,,,,-270,-245,-255,-245,-255,,,-250,,,,,-264,,,,
2024-04-06,Salvador Perez,/mlb/props/salvador-perez/,CWS at KC,KC,"C,1B,DH",0.5,-120,-115,-119,-115,-120,,,-120,,,,,-119,,,,,-110,-110,-115,-115,-110,,,-115,,,,,-115,,,,
2024-04-06,Vinnie Pasquantino,/mlb/props/vinnie-pasquantino/,CWS at KC,KC,"1B,DH",0.5,+115,+115,+112,+115,+115,,,+105,,,,,+112,,,,,-150,-145,-150,-145,-150,,,-150,,,,,-154,,,,
2024-04-06,Hunter Renfroe,/mlb/props/hunter-renfroe/,CWS at KC,FA,RF,0.5,+105,+105,+105,+105,+105,,,+105,,,,,+104,,,,,-140,-135,-140,-135,-140,,,-140,,,,,-142,,,,
2024-04-06,Bobby Witt Jr.,/mlb/props/bobby-witt-jr/,CWS at KC,KC,SS,0.5,-160,-150,-154,-150,-155,,,-155,,,,,-154,,,,,+120,+120,+115,+120,+115,,,+110,,,,,+112,,,,
2024-04-06,Gavin Sheets,/mlb/props/gavin-sheets/,CWS at KC,SD,"1B,LF,RF,DH",0.5,+155,+165,+160,+165,+160,,,+150,,,,,+146,,,,,-210,-204,-210,-210,-215,,,-220,,,,,-204,,,,
2024-04-06,Garrett Hampson,/mlb/props/garrett-hampson/,CWS at KC,CIN,"2B,LF,CF",0.5,-105,-105,-108,-110,-105,,,-110,,,,,-108,,,,,-125,-120,-125,-120,-125,,,-125,,,,,-127,,,,
2024-04-06,Nelson Velazquez,/mlb/props/nelson-velazquez/,CWS at KC,STL,"LF,RF,DH",0.5,+130,+125,+120,+125,+120,,,+115,,,,,+112,,,,,-175,-154,-155,-155,-155,,,-160,,,,,-154,,,,
2024-04-06,Kevin Pillar,/mlb/props/kevin-pillar/,CWS at KC,FA,"LF,CF,RF",0.5,-105,-105,-105,-105,-105,,,-105,,,,,-106,,,,,-130,-125,-129,-125,-130,,,-130,,,,,-129,,,,
2024-04-06,Adam Frazier,/mlb/props/adam-frazier/,CWS at KC,LAA,"2B,LF,RF",0.5,+125,+135,+126,+135,+125,,,+120,,,,,+126,,,,,-165,-165,-165,-165,-165,,,-165,,,,,-174,,,,
2024-04-06,Luis Robert Jr.,/mlb/props/luis-robert/,CWS at KC,NYM,CF,0.5,+105,+102,+100,-105,+100,,,,,,,,+102,,,,,-135,-125,-130,-125,-130,,,,,,,,-139,,,,
2024-04-06,Nicky Lopez,/mlb/props/nicky-lopez/,CWS at KC,TEX,"2B,3B,SS",0.5,-110,-110,-110,-110,-110,,,-110,,,,,-111,,,,,-125,-120,-123,-120,-125,,,-125,,,,,-123,,,,
2024-04-06,Braden Shewmake,/mlb/props/braden-shewmake/,CWS at KC,HOU,"2B,3B,SS",0.5,+165,+165,+152,+165,+165,,,+150,,,,,+152,,,,,-220,-210,-214,-210,-220,,,-220,,,,,-214,,,,
2024-04-06,Paul DeJong,/mlb/props/paul-dejong/,CWS at KC,FA,"2B,3B,SS",0.5,+135,+140,+135,+140,+135,,,+130,,,,,+133,,,,,-180,-170,-180,-170,-180,,,-180,,,,,-184,,,,
2024-04-06,Dominic Fletcher,/mlb/props/dominic-fletcher/,CWS at KC,PIT,"CF,RF",0.5,+120,+135,+125,+135,+130,,,+125,,,,,+116,,,,,-160,-160,-165,-165,-175,,,-175,,,,,-160,,,,
2024-04-06,Kyle Isbel,/mlb/props/kyle-isbel/,CWS at KC,KC,CF,0.5,+155,+160,+150,+160,+150,,,+140,,,,,+152,,,,,-215,-200,-205,-200,-205,,,-200,,,,,-214,,,,
2024-04-06,MJ Melendez,/mlb/props/mj-melendez/,CWS at KC,NYM,"LF,DH",0.5,+155,+155,+146,+155,+155,,,+140,,,,,+146,,,,,-205,-190,-200,-190,-205,,,-200,,,,,-204,,,,
2024-04-06,Matt Olson,/mlb/props/matt-olson/,ARI at ATL,ATL,1B,0.5,+145,+155,+145,+155,+145,,,+140,,,,,+139,,,,,-195,-190,-195,-190,-195,,,-200,,,,,-194,,,,
2024-04-06,Marcell Ozuna,/mlb/props/marcell-ozuna/,ARI at ATL,PIT,DH,0.5,+145,+150,+145,+150,+145,,,+135,,,,,+139,,,,,-200,-185,-194,-185,-200,,,-190,,,,,-194,,,,
2024-04-06,Ketel Marte,/mlb/props/ketel-marte/,ARI at ATL,ARI,"2B,DH",0.5,-125,-125,-130,-125,-130,,,-130,,,,,-131,,,,,-105,+100,-104,-105,+100,,,-105,,,,,-104,,,,
2024-04-06,Lourdes Gurriel Jr.,/mlb/props/lourdes-gurriel-jr/,ARI at ATL,ARI,"LF,DH",0.5,-150,-148,-150,-150,-160,,,-160,,,,,-148,,,,,+115,+120,+115,+120,+120,,,+115,,,,,+108,,,,
2024-04-06,Ozzie Albies,/mlb/props/ozhaino-albies/,ARI at ATL,ATL,2B,0.5,+110,+110,+106,+110,+110,,,+105,,,,,+106,,,,,-145,-140,-145,-140,-145,,,-140,,,,,-145,,,,
2024-04-06,Corbin Carroll,/mlb/props/corbin-carroll-of/,ARI at ATL,ARI,"CF,RF",0.5,-135,-135,-135,-135,-135,,,-135,,,,,-137,,,,,+105,+105,+100,+105,+105,,,+100,,,,,+100,,,,
2024-04-06,Randal Grichuk,/mlb/props/randal-grichuk/,ARI at ATL,CWS,"LF,RF,DH",0.5,-105,-104,-105,-110,-105,,,-110,,,,,-104,,,,,-130,-120,-125,-120,-125,,,-125,,,,,-131,,,,
2024-04-06,Eugenio Suarez,/mlb/props/eugenio-suarez/,ARI at ATL,CIN,"3B,DH",0.5,+155,+160,+150,+160,+150,,,+140,,,,,+152,,,,,-215,-200,-200,-200,-200,,,-200,,,,,-214,,,,
2024-04-06,Blaze Alexander,/mlb/props/blaze-alexander/,ARI at ATL,BAL,"2B,3B,SS,LF,CF",0.5,+120,+130,+125,+130,+125,,,,,,,,+116,,,,,-160,-160,-160,-160,-165,,,,,,,,-160,,,,
2024-04-06,Austin Riley,/mlb/props/austin-riley/,ARI at ATL,ATL,3B,0.5,+125,+125,+120,+125,+120,,,+115,+115,+115,,,+114,,,,,-165,-155,-157,-155,-160,,,-160,-157,-157,,,-157,,,,
2024-04-06,Gabriel Moreno,/mlb/props/gabriel-moreno/,ARI at ATL,ARI,C,0.5,-110,-115,-115,-115,-115,,,-115,,,,,-117,,,,,-125,-115,-115,-115,-115,,,-115,,,,,-117,,,,
2024-04-06,Travis d'Arnaud,/mlb/props/travis-darnaud/,ARI at ATL,LAA,C,0.5,+130,+135,+125,+135,+125,,,+120,,,,,+120,,,,,-175,-165,-165,-165,-165,,,-165,,,,,-166,,,,
2024-04-06,Orlando Arcia,/mlb/props/orlando-arcia/,ARI at ATL,MIN,"1B,2B,3B,SS",0.5,+115,+110,+106,+110,+110,,,+105,,,,,+106,,,,,-150,-140,-145,-140,-145,,,-150,,,,,-145,,,,
2024-04-06,Christian Walker,/mlb/props/christian-walker/,ARI at ATL,HOU,1B,0.5,+125,+120,+116,+120,+120,,,+110,,,,,+116,,,,,-165,-150,-155,-150,-155,,,-155,,,,,-160,,,,
2024-04-06,Jake McCarthy,/mlb/props/jake-mccarthy/,ARI at ATL,COL,"LF,CF,RF",0.5,+110,+115,+110,+115,+110,,,+105,,,,,+108,,,,,-150,-145,-148,-145,-150,,,-150,,,,,-148,,,,
2024-04-06,Jace Peterson,/mlb/props/jace-peterson/,ARI at ATL,FA,"2B,3B,SS",0.5,+155,+160,+155,+160,+155,,,+145,,,,,+146,,,,,-210,-200,-210,-200,-210,,,-215,,,,,-204,,,,
2024-04-06,Michael Harris II,/mlb/props/michael-harris/,ARI at ATL,ATL,CF,0.5,-115,-115,-115,-115,-115,,,-115,,,,,-117,,,,,-115,-115,-115,-115,-115,,,-115,,,,,-117,,,,
2024-04-06,Jarred Kelenic,/mlb/props/jarred-kelenic/,ARI at ATL,TEX,"LF,CF,RF",0.5,+150,+155,+145,+155,+145,,,+140,,,,,+136,,,,,-205,-189,-190,-190,-190,,,-200,,,,,-189,,,,
2024-04-06,Ronald Acuna Jr.,/mlb/props/ronald-acuna/,ARI at ATL,ATL,RF,0.5,-140,-135,-135,-135,-135,,,-135,,,,,-139,,,,,+105,+105,+102,+105,+100,,,+100,,,,,+102,,,,
2024-04-06,Isaac Paredes,/mlb/props/isaac-paredes/,TB at COL,HOU,"1B,3B,DH",0.5,+106,-103,-105,-110,-105,,,-110,,,,,-103,,,,,-145,-120,-125,-120,-125,,,-125,,,,,-133,,,,
2024-04-06,Richie Palacios,/mlb/props/richie-palacios/,TB at COL,TB,"2B,LF",0.5,-108,-110,-115,-115,-110,,,-115,,,,,-117,,,,,-127,-115,-117,-115,-120,,,-115,,,,,-117,,,,
2024-04-06,Elehuris Montero,/mlb/props/elehuris-montero-3b/,TB at COL,FA,"1B,3B",0.5,+126,+135,+125,+135,+125,,,+120,,,,,+112,,,,,-174,-154,-165,-165,-170,,,-165,,,,,-154,,,,
2024-04-06,Ezequiel Tovar,/mlb/props/ezequiel-tovar/,TB at COL,COL,SS,0.5,-101,+100,+100,+100,+100,,,+100,,,,,-101,,,,,-135,-130,-135,-130,-135,,,-135,,,,,-135,,,,
2024-04-06,Harold Ramirez,/mlb/props/harold-ramirez-of/,TB at COL,FA,"LF,RF,DH",0.5,-179,-179,-190,-190,-190,,,-200,,,,,-179,,,,,+129,+155,+140,+155,+140,,,+140,,,,,+129,,,,
2024-04-06,Elias Diaz,/mlb/props/elias-diaz/,TB at COL,TEX,C,0.5,-111,-110,-110,-110,-110,,,-110,,,,,-111,,,,,-123,-120,-123,-120,-120,,,-125,,,,,-123,,,,
2024-04-06,Brenton Doyle,/mlb/props/brenton-doyle/,TB at COL,COL,CF,0.5,+129,+150,+145,+150,+145,,,+135,,,,,+139,,,,,-179,-185,-190,-185,-195,,,-190,,,,,-194,,,,
2024-04-06,Amed Rosario,/mlb/props/amed-rosario/,TB at COL,NYY,"2B,3B,OF",0.5,-190,-185,-189,-185,-190,,,-190,,,,,-189,,,,,+140,+150,+140,+150,+140,,,+135,,,,,+136,,,,
2024-04-06,Ben Rortvedt,/mlb/props/benjamin-rortvedt/,TB at COL,NYM,C,0.5,+126,+120,+115,+120,+120,,,+115,,,,,+114,,,,,-174,-150,-155,-150,-155,,,-160,,,,,-157,,,,
2024-04-06,Brendan Rodgers,/mlb/props/brendan-rodgers/,TB at COL,BOS,2B,0.5,-160,-155,-160,-155,-165,,,-160,,,,,-160,,,,,+116,+125,+116,+125,+125,,,+115,,,,,+116,,,,
2024-04-06,Yandy Diaz,/mlb/props/yandy-diaz/,TB at COL,TB,"1B,DH",0.5,-189,-200,-210,-200,-210,,,-215,,,,,-204,,,,,+136,+160,+155,+160,+155,,,+145,,,,,+146,,,,
2024-04-06,Jose Siri,/mlb/props/jose-siri/,TB at COL,LAA,"LF,CF",0.5,+123,+114,+110,+110,+110,,,+105,,,,,+114,,,,,-169,-140,-150,-140,-145,,,-150,,,,,-157,,,,
2024-04-06,Kris Bryant,/mlb/props/kris-bryant/,TB at COL,COL,DH,0.5,-104,+100,+100,+100,+100,,,+100,,,,,-104,,,,,-131,-130,-131,-130,-135,,,-135,,,,,-131,,,,
2024-04-06,Randy Arozarena,/mlb/props/randy-arozarena/,TB at COL,SEA,"LF,CF",0.5,-119,-125,-129,-125,-130,,,-130,,,,,-129,,,,,-115,+100,-105,-105,+100,,,-105,,,,,-106,,,,
2024-04-06,Jose Caballero,/mlb/props/jose-caballero/,TB at COL,NYY,"2B,3B,SS,LF,RF",0.5,+118,+110,+105,+105,+105,,,+105,,,,,+110,,,,,-163,-135,-140,-135,-140,,,-140,,,,,-151,,,,
2024-04-06,Brandon Lowe,/mlb/props/brandon-lowe/,TB at COL,PIT,2B,0.5,+106,+106,+105,+105,+105,,,+105,,,,,+106,,,,,-145,-135,-140,-135,-140,,,-140,,,,,-145,,,,
2024-04-06,Ryan McMahon,/mlb/props/ryan-mcmahon/,TB at COL,NYY,3B,0.5,+100,+100,-105,-105,-105,,,-105,,,,,+100,,,,,-137,-125,-130,-125,-130,,,-130,,,,,-137,,,,
2024-04-06,Charlie Blackmon,/mlb/props/charlie-blackmon/,TB at COL,FA,"RF,DH",0.5,-142,-140,-140,-140,-140,,,-140,,,,,-142,,,,,+104,+110,+105,+110,+105,,,+105,,,,,+104,,,,
2024-04-06,Nolan Jones,/mlb/props/nolan-jones-3b/,TB at COL,CWS,"LF,CF,RF",0.5,+112,+120,+112,+120,+120,,,+110,,,,,+112,,,,,-154,-150,-154,-150,-155,,,-155,,,,,-154,,,,
2024-04-06,Fernando Tatis Jr.,/mlb/props/fernando-tatis-jr/,SD at SF,SD,"2B,RF",0.5,-140,-137,-140,-140,-145,,,-140,,,,,-137,,,,,+105,+110,+105,+110,+110,,,+105,,,,,+100,,,,
2024-04-06,Luis Campusano,/mlb/props/luis-campusano/,SD at SF,SD,"C,DH",0.5,-140,-140,-142,-140,-150,,,-150,,,,,-142,,,,,+105,+110,+105,+110,+110,,,+105,,,,,+104,,,,
2024-04-06,Manny Machado,/mlb/props/manny-machado/,SD at SF,SD,"3B,DH",0.5,-135,-135,-135,-135,-135,,,-135,,,,,-135,,,,,+100,+105,+100,+105,+105,,,+100,,,,,-101,,,,
2024-04-06,Ha-Seong Kim,/mlb/props/ha-seong-kim/,SD at SF,ATL,"2B,SS",0.5,-120,-115,-117,-115,-120,,,-120,,,,,-117,,,,,-110,-110,-115,-115,-110,,,-115,,,,,-117,,,,
2024-04-06,Jackson Merrill,/mlb/props/jackson-merrill/,SD at SF,SD,CF,0.5,+105,+105,+100,+100,+105,,,+100,,,,,+100,,,,,-140,-130,-135,-130,-140,,,-135,,,,,-137,,,,
2024-04-06,Xander Bogaerts,/mlb/props/xander-bogaerts/,SD at SF,SD,SS,0.5,-150,-155,-157,-155,-160,,,-160,,,,,-157,,,,,+115,+125,+120,+125,+120,,,+115,,,,,+114,,,,
2024-04-06,Thairo Estrada,/mlb/props/thairo-estrada/,SD at SF,FA,2B,0.5,-145,-135,-140,-135,-140,,,-140,,,,,-145,,,,,+110,+106,+105,+105,+105,,,+105,,,,,+106,,,,
2024-04-06,Jake Cronenworth,/mlb/props/jacob-cronenworth/,SD at SF,SD,"1B,2B,SS",0.5,-125,-130,-130,-130,-130,,,-130,,,,,-131,,,,,-105,+100,-104,+100,-105,,,-105,,,,,-104,,,,
2024-04-06,Jorge Soler,/mlb/props/jorge-soler/,SD at SF,LAA,"RF,DH",0.5,+105,+105,+100,+100,+105,,,+100,,,,,-101,,,,,-140,-130,-135,-130,-140,,,-135,,,,,-135,,,,
2024-04-06,Nick Ahmed,/mlb/props/nick-ahmed/,SD at SF,FA,SS,0.5,+110,+110,+105,+110,+110,,,+105,,,,,+102,,,,,-145,-139,-140,-140,-145,,,-140,,,,,-139,,,,
2024-04-06,Jung Hoo Lee,/mlb/props/jung-lee/,SD at SF,SF,"CF,RF",0.5,-135,-130,-135,-130,-135,,,-135,,,,,-142,,,,,+100,+104,+100,+100,+100,,,+100,,,,,+104,,,,
2024-04-06,Graham Pauley,/mlb/props/graham-pauley/,SD at SF,MIA,"1B,3B",0.5,+110,+112,+110,+110,+110,,,+105,,,,,+112,,,,,-150,-140,-150,-140,-150,,,-150,,,,,-154,,,,
2024-04-06,Michael Conforto,/mlb/props/michael-conforto/,SD at SF,CHC,"LF,RF,DH",0.5,+105,+105,+105,+105,+105,,,+105,,,,,+102,,,,,-140,-135,-139,-135,-140,,,-140,,,,,-139,,,,
2024-04-06,Mike Yastrzemski,/mlb/props/michael-yastrzemski/,SD at SF,ATL,"LF,CF,RF",0.5,+185,+190,+185,+190,+185,,,+175,,,,,+172,,,,,-255,-240,-250,-240,-260,,,-250,,,,,-244,,,,
2024-04-06,Jurickson Profar,/mlb/props/jurickson-profar/,SD at SF,ATL,LF,0.5,-105,-105,-109,-110,-105,,,-110,,,,,-109,,,,,-125,-120,-125,-120,-125,,,-125,,,,,-125,,,,
2024-04-06,LaMonte Wade Jr.,/mlb/props/lamonte-wade/,SD at SF,HOU,"1B,RF",0.5,+135,+140,+135,+140,+135,,,+130,,,,,+129,,,,,-185,-170,-179,-170,-180,,,-180,,,,,-179,,,,
2024-04-06,Matt Chapman,/mlb/props/matt-chapman/,SD at SF,SF,3B,0.5,+115,+110,+106,+110,+110,,,+105,,,,,+106,,,,,-150,-140,-145,-140,-150,,,-150,,,,,-145,,,,
2024-04-06,Patrick Bailey,/mlb/props/patrick-bailey/,SD at SF,CLE,C,0.5,+125,+130,+125,+130,+125,,,+120,,,,,+123,,,,,-170,-160,-165,-160,-165,,,-165,,,,,-169,,,,
2024-04-06,Ceddanne Rafaela,/mlb/props/ceddanne-rafaela/,BOS at LAA,BOS,"2B,CF",0.5,+130,+135,+126,+135,+125,,,,,,,,+126,,,,,-175,-165,-170,-165,-170,,,,,,,,-174,,,,
2024-04-06,Masataka Yoshida,/mlb/props/masataka-yoshida/,BOS at LAA,BOS,"LF,DH",0.5,-125,-115,-120,-115,-120,,,-120,,,,,-129,,,,,-105,-106,-110,-115,-110,,,-115,,,,,-106,,,,
2024-04-06,Logan O'Hoppe,/mlb/props/logan-ohoppe/,BOS at LAA,LAA,C,0.5,+120,+125,+115,+125,+120,,,+115,,,,,+106,,,,,-165,-145,-155,-155,-160,,,-160,,,,,-145,,,,
2024-04-06,Mike Trout,/mlb/props/mike-trout/,BOS at LAA,LAA,"CF,RF,DH",0.5,+125,+130,+120,+130,+125,,,+120,,,,,+114,,,,,-165,-157,-160,-160,-165,,,-165,,,,,-157,,,,
2024-04-06,Connor Wong,/mlb/props/connor-wong/,BOS at LAA,BOS,C,0.5,+175,+165,+165,+165,+165,,,+150,,,,,+165,,,,,-240,-210,-220,-210,-225,,,-220,,,,,-234,,,,
2024-04-06,Enmanuel Valdez,/mlb/props/enmanuel-valdez/,BOS at LAA,PIT,1B,0.5,+170,+170,+165,+170,+170,,,+160,,,,,+165,,,,,-230,-220,-225,-220,-230,,,-225,,,,,-234,,,,
2024-04-06,Nolan Schanuel,/mlb/props/nolan-schanuel/,BOS at LAA,LAA,1B,0.5,-130,-120,-125,-120,-125,,,-125,,,,,-127,,,,,-105,-105,-108,-110,-105,,,-110,,,,,-108,,,,
2024-04-06,Brandon Drury,/mlb/props/brandon-drury/,BOS at LAA,KC,"1B,2B,3B",0.5,-110,-105,-108,-110,-105,,,-110,,,,,-108,,,,,-120,-120,-125,-120,-125,,,-125,,,,,-127,,,,
2024-04-06,Zach Neto,/mlb/props/zach-neto/,BOS at LAA,LAA,SS,0.5,+125,+140,+130,+140,+130,,,+125,,,,,+126,,,,,-170,-170,-174,-170,-175,,,-175,,,,,-174,,,,
2024-04-06,Anthony Rendon,/mlb/props/anthony-rendon/,BOS at LAA,LAA,3B,0.5,-125,-120,-125,-120,-130,,,-125,,,,,-129,,,,,-105,-105,-106,-110,-105,,,-110,,,,,-106,,,,
2024-04-06,Pablo Reyes,/mlb/props/pablo-reyes/,BOS at LAA,SD,"2B,3B,RF",0.5,+105,-110,-115,-115,-110,,,-115,,,,,-115,,,,,-140,-115,-119,-115,-120,,,-115,,,,,-119,,,,
2024-04-06,Miguel Sano,/mlb/props/miguel-sano/,BOS at LAA,FA,"1B,3B",0.5,+185,+190,+180,+190,+180,,,+175,,,,,+172,,,,,-255,-240,-244,-240,-250,,,-250,,,,,-244,,,,
2024-04-06,Bobby Dalbec,/mlb/props/robert-dalbec/,BOS at LAA,FA,"1B,3B",0.5,+205,+200,+185,+200,+185,,,+180,,,,,+178,,,,,-290,-250,-255,-250,-255,,,-260,,,,,-254,,,,
2024-04-06,Rafael Devers,/mlb/props/rafael-devers/,BOS at LAA,SF,"1B,DH",0.5,-105,+100,-104,-105,+100,,,-105,,,,,-104,,,,,-125,-125,-130,-125,-130,,,-130,,,,,-131,,,,
2024-04-06,Jarren Duran,/mlb/props/jarren-duran/,BOS at LAA,BOS,"LF,CF,DH",0.5,-115,-115,-115,-115,-115,,,-120,,,,,-115,,,,,-115,-115,-115,-115,-115,,,-115,,,,,-119,,,,
2024-04-06,Tyler O'Neill,/mlb/props/tyler-oneill/,BOS at LAA,BAL,"LF,RF",0.5,+105,+120,+115,+120,+115,,,+110,,,,,+112,,,,,-140,-150,-154,-150,-155,,,-155,,,,,-154,,,,
2024-04-06,Triston Casas,/mlb/props/triston-casas/,BOS at LAA,BOS,1B,0.5,+145,+155,+145,+155,+145,,,+140,,,,,+136,,,,,-190,-189,-195,-190,-195,,,-200,,,,,-189,,,,
2024-04-06,Taylor Ward,/mlb/props/taylor-ward/,BOS at LAA,BAL,LF,0.5,-110,-115,-115,-115,-115,,,-115,,,,,-121,,,,,-120,-113,-115,-115,-115,,,-115,,,,,-113,,,,
2024-04-06,Mickey Moniak,/mlb/props/mckenzie-moniak/,BOS at LAA,COL,"LF,CF,RF,DH",0.5,+185,+195,+185,+195,+185,,,+175,,,,,+172,,,,,-255,-244,-250,-245,-255,,,-250,,,,,-244,,,,
2024-04-07,Giancarlo Stanton,/mlb/props/giancarlo-stanton/,TOR at NYY,NYY,"LF,RF,DH",0.5,+150,+145,+140,+145,+140,,,+135,,,,,+136,,,,,-205,-180,-189,-180,-190,,,-190,,,,,-189,,,,
2024-04-07,Davis Schneider,/mlb/props/davis-schneider/,TOR at NYY,TOR,"2B,LF",0.5,+190,+190,+180,+190,+180,,,+175,,,,,+172,,,,,-265,-240,-244,-240,-250,,,-250,,,,,-244,,,,
2024-04-07,Aaron Judge,/mlb/props/aaron-judge/,TOR at NYY,NYY,"LF,CF,RF,DH",0.5,+185,+180,+175,+180,+175,,,+165,,,,,+165,,,,,-260,-230,-240,-230,-245,,,-240,,,,,-234,,,,
2024-04-07,Juan Soto,/mlb/props/juan-soto/,TOR at NYY,NYM,"LF,RF,DH",0.5,+130,+135,+130,+135,+130,,,+120,,,,,+116,,,,,-175,-160,-165,-165,-170,,,-165,,,,,-160,,,,
2024-04-07,Ernie Clement,/mlb/props/ernie-clement/,TOR at NYY,TOR,"1B,2B,3B,SS",0.5,-110,-108,-110,-115,-110,,,-115,,,,,-108,,,,,-120,-115,-120,-115,-120,,,-120,,,,,-127,,,,
2024-04-07,Austin Wells,/mlb/props/austin-wells/,TOR at NYY,NYY,C,0.5,+135,+150,+140,+150,+140,,,,,,,,+133,,,,,-185,-184,-185,-185,-190,,,,,,,,-184,,,,
2024-04-07,Oswaldo Cabrera,/mlb/props/oswaldo-cabrera/,TOR at NYY,NYY,3B,0.5,+135,+150,+145,+150,+145,,,+135,,,,,+133,,,,,-180,-184,-190,-185,-195,,,-190,,,,,-184,,,,
2024-04-07,Bo Bichette,/mlb/props/bo-bichette/,TOR at NYY,NYM,"3B,SS",0.5,-130,-139,-145,-145,-150,,,-150,,,,,-139,,,,,+100,+115,+105,+115,+115,,,+105,,,,,+102,,,,
2024-04-07,Anthony Volpe,/mlb/props/anthony-volpe/,TOR at NYY,NYY,SS,0.5,+120,+115,+110,+115,+110,,,+105,,,,,+110,,,,,-155,-145,-150,-145,-150,,,-150,,,,,-151,,,,
2024-04-07,Justin Turner,/mlb/props/justin-turner/,TOR at NYY,FA,"1B,3B",0.5,+125,+125,+120,+125,+120,,,+115,,,,,+116,,,,,-170,-155,-160,-155,-160,,,-160,,,,,-160,,,,
2024-04-07,Cavan Biggio,/mlb/props/cavan-biggio/,TOR at NYY,HOU,"1B,2B,RF",0.5,+185,+165,+159,+165,+160,,,+150,,,,,+159,,,,,-255,-210,-220,-210,-220,,,-220,,,,,-224,,,,
2024-04-07,Anthony Rizzo,/mlb/props/anthony-rizzo/,TOR at NYY,FA,1B,0.5,+135,+150,+145,+150,+145,,,+135,,,,,+133,,,,,-180,-184,-190,-185,-195,,,-190,,,,,-184,,,,
2024-04-07,Gleyber Torres,/mlb/props/gleyber-torres/,TOR at NYY,DET,2B,0.5,-125,-120,-123,-120,-125,,,-125,,,,,-123,,,,,-110,-105,-110,-110,-105,,,-110,,,,,-111,,,,
2024-04-07,Isiah Kiner-Falefa,/mlb/props/isiah-kiner-falefa/,TOR at NYY,BOS,"2B,3B,SS",0.5,+100,-101,-105,-105,-105,,,-105,,,,,-101,,,,,-130,-125,-130,-125,-130,,,-130,,,,,-135,,,,
2024-04-07,Alex Verdugo,/mlb/props/alex-verdugo/,TOR at NYY,FA,"LF,RF",0.5,+110,+115,+105,+115,-105,,,+105,,,,,+106,,,,,-150,-130,-145,-145,-130,,,-150,,,,,-145,,,,
2024-04-07,George Springer,/mlb/props/george-springer/,TOR at NYY,TOR,"LF,CF,RF,DH",0.5,-110,-120,-121,-120,-125,,,-125,,,,,-121,,,,,-120,-105,-110,-110,-105,,,-110,,,,,-113,,,,
2024-04-07,Alejandro Kirk,/mlb/props/alejandro-kirk/,TOR at NYY,TOR,C,0.5,-110,-139,-145,-145,-150,,,-150,,,,,-139,,,,,-120,+115,+110,+115,+110,,,+105,,,,,+102,,,,
2024-04-07,Jose Trevino,/mlb/props/jose-trevino/,TOR at NYY,CIN,C,0.5,+110,+100,-103,+100,+100,,,-105,,,,,-103,,,,,-145,-130,-133,-130,-135,,,-130,,,,,-133,,,,
2024-04-07,Vladimir Guerrero Jr.,/mlb/props/vladimir-guerrero-jr/,TOR at NYY,TOR,"1B,DH",0.5,+120,+105,+105,+105,+105,,,+105,,,,,+104,,,,,-155,-135,-140,-135,-140,,,-140,,,,,-142,,,,
2024-04-07,Daulton Varsho,/mlb/props/daulton-varsho/,TOR at NYY,TOR,"LF,CF",0.5,+185,+195,+185,+195,+185,,,+175,,,,,+178,,,,,-255,-245,-250,-245,-255,,,-250,,,,,-254,,,,
2024-04-07,Kevin Kiermaier,/mlb/props/kevin-kiermaier/,TOR at NYY,FA,CF,0.5,+155,+155,+145,+155,+145,,,+135,,,,,+129,,,,,-205,-179,-190,-190,-195,,,-190,,,,,-179,,,,
2024-04-07,Bryan Reynolds,/mlb/props/bryan-reynolds/,BAL at PIT,PIT,"LF,CF,RF,DH",0.5,+120,+118,+115,+115,+115,,,+105,,,,,+118,,,,,-155,-145,-150,-145,-150,,,-150,,,,,-163,,,,
2024-04-07,Jorge Mateo,/mlb/props/jorge-mateo/,BAL at PIT,ATL,"2B,SS,CF,DH",0.5,+100,+115,+112,+115,+115,,,+105,,,,,+112,,,,,-130,-145,-150,-145,-150,,,-150,,,,,-154,,,,
2024-04-07,Ryan Mountcastle,/mlb/props/ryan-mountcastle/,BAL at PIT,BAL,"1B,DH",0.5,-155,-145,-150,-150,-155,,,-155,,,,,-145,,,,,+115,+120,+115,+120,+115,,,+110,,,,,+106,,,,
2024-04-07,Andrew McCutchen,/mlb/props/andrew-mccutchen/,BAL at PIT,FA,"LF,RF,DH",0.5,+135,+130,+125,+130,+125,,,+120,,,,,+126,,,,,-180,-160,-165,-160,-165,,,-165,,,,,-174,,,,
2024-04-07,Rowdy Tellez,/mlb/props/rowdy-tellez/,BAL at PIT,ATL,1B,0.5,+165,+160,+152,+160,+155,,,+145,,,,,+152,,,,,-230,-200,-210,-200,-210,,,-215,,,,,-214,,,,
2024-04-07,Michael A. Taylor,/mlb/props/michael-taylor/,BAL at PIT,FA,"LF,CF,RF",0.5,+165,+165,+159,+165,+160,,,+150,,,,,+159,,,,,-225,-210,-220,-210,-220,,,-220,,,,,-224,,,,
2024-04-07,Adley Rutschman,/mlb/props/adley-rutschman/,BAL at PIT,BAL,"C,DH",0.5,-140,-130,-135,-130,-135,,,-135,,,,,-135,,,,,+105,+100,+100,+100,+100,,,+100,,,,,-101,,,,
2024-04-07,Henry Davis,/mlb/props/henry-davis/,BAL at PIT,PIT,C,0.5,+130,+155,+145,+155,+145,,,+140,,,,,+136,,,,,-175,-189,-195,-190,-195,,,-200,,,,,-189,,,,
2024-04-07,Ramon Urias,/mlb/props/ramon-urias/,BAL at PIT,STL,"2B,3B",0.5,+100,+106,+105,+100,+105,,,+100,,,,,+106,,,,,-135,-130,-135,-130,-135,,,-135,,,,,-145,,,,
2024-04-07,Jack Suwinski,/mlb/props/jack-suwinski/,BAL at PIT,LAD,"LF,CF,RF",0.5,+175,+170,+160,+170,+170,,,+160,,,,,+159,,,,,-240,-220,-225,-220,-230,,,-225,,,,,-224,,,,
2024-04-07,Ke'Bryan Hayes,/mlb/props/kebryan-hayes/,BAL at PIT,CIN,3B,0.5,-110,-115,-120,-115,-115,,,-120,,,,,-123,,,,,-120,-111,-115,-115,-115,,,-115,,,,,-111,,,,
2024-04-07,Cedric Mullins II,/mlb/props/cedric-mullins/,BAL at PIT,TB,CF,0.5,+110,+112,+110,+110,+110,,,+105,,,,,+112,,,,,-150,-140,-145,-140,-145,,,-140,,,,,-154,,,,
2024-04-07,Gunnar Henderson,/mlb/props/gunnar-henderson/,BAL at PIT,BAL,"SS,DH",0.5,-135,-135,-140,-135,-140,,,-140,,,,,-135,,,,,+100,+105,+105,+105,+105,,,+105,,,,,-101,,,,
2024-04-07,Austin Hays,/mlb/props/austin-hays/,BAL at PIT,CWS,"LF,DH",0.5,-110,-105,-106,-110,-105,,,-110,,,,,-106,,,,,-120,-120,-125,-120,-125,,,-125,,,,,-129,,,,
2024-04-07,Anthony Santander,/mlb/props/anthony-santander/,BAL at PIT,TOR,"LF,RF,DH",0.5,+105,+110,+105,+110,+110,,,+105,,,,,+100,,,,,-140,-137,-140,-140,-145,,,-140,,,,,-137,,,,
2024-04-07,James McCann,/mlb/props/james-mccann/,BAL at PIT,ARI,C,0.5,+110,+110,+106,+110,+110,,,+105,,,,,+106,,,,,-145,-140,-145,-140,-145,,,-150,,,,,-145,,,,
2024-04-07,Jordan Westburg,/mlb/props/jordan-westburg/,BAL at PIT,BAL,"2B,3B",0.5,+110,+115,+110,+115,+110,,,+105,,,,,+108,,,,,-145,-145,-148,-145,-150,,,-150,,,,,-148,,,,
2024-04-07,Oneil Cruz,/mlb/props/oneil-cruz-3b/,BAL at PIT,PIT,"CF,DH",0.5,+125,+114,+110,+110,+110,,,+105,,,,,+114,,,,,-165,-140,-150,-140,-145,,,-150,,,,,-157,,,,
2024-04-07,Edward Olivares,/mlb/props/edward-olivares/,BAL at PIT,FA,"LF,RF",0.5,+100,+100,+100,+100,+100,,,+100,,,,,-101,,,,,-135,-130,-135,-130,-135,,,-135,,,,,-135,,,,
2024-04-07,Connor Joe,/mlb/props/connor-joe/,BAL at PIT,SEA,"LF,RF",0.5,+100,+105,+105,+105,+105,,,+105,,,,,+100,,,,,-135,-135,-137,-135,-140,,,-140,,,,,-137,,,,
2024-04-07,Jared Triolo,/mlb/props/jared-triolo/,BAL at PIT,PIT,"1B,2B,3B,SS",0.5,+105,+100,+100,+100,+100,,,+100,,,,,-103,,,,,-140,-130,-133,-130,-135,,,-135,,,,,-133,,,,
2024-04-07,Lourdes Gurriel Jr.,/mlb/props/lourdes-gurriel-jr/,ARI at ATL,ARI,"LF,DH",0.5,-150,-130,-135,-130,-135,,,-135,,,,,-145,,,,,+115,+106,+105,+100,+105,,,+100,,,,,+106,,,,
2024-04-07,Orlando Arcia,/mlb/props/orlando-arcia/,ARI at ATL,MIN,"1B,2B,3B,SS",0.5,+100,+105,+104,+100,+105,,,+100,,,,,+104,,,,,-135,-130,-135,-130,-135,,,-135,,,,,-142,,,,
2024-04-07,Austin Riley,/mlb/props/austin-riley/,ARI at ATL,ATL,3B,0.5,+110,+108,+105,+105,+105,,,+105,,,,,+108,,,,,-145,-135,-140,-135,-140,,,-140,,,,,-148,,,,
2024-04-07,Randal Grichuk,/mlb/props/randal-grichuk/,ARI at ATL,CWS,"LF,RF,DH",0.5,+110,+105,+105,+105,+105,,,+105,,,,,+102,,,,,-150,-135,-139,-135,-140,,,-140,,,,,-139,,,,
2024-04-07,Chadwick Tromp,/mlb/props/chadwick-tromp/,ARI at ATL,BAL,C,0.5,+165,+170,+159,+170,+165,,,+150,,,,,+159,,,,,-225,-220,-224,-220,-225,,,-220,,,,,-224,,,,
2024-04-07,Corbin Carroll,/mlb/props/corbin-carroll-of/,ARI at ATL,ARI,"CF,RF",0.5,-125,-115,-115,-115,-115,,,-115,,,,,-117,,,,,-105,-115,-115,-115,-115,,,-115,,,,,-117,,,,
2024-04-07,Christian Walker,/mlb/props/christian-walker/,ARI at ATL,HOU,1B,0.5,+130,+150,+140,+150,+140,,,+135,,,,,+129,,,,,-175,-179,-185,-185,-190,,,-190,,,,,-179,,,,
2024-04-07,Eugenio Suarez,/mlb/props/eugenio-suarez/,ARI at ATL,CIN,"3B,DH",0.5,+170,+180,+165,+180,+180,,,+165,,,,,+165,,,,,-230,-230,-240,-230,-245,,,-240,,,,,-234,,,,
2024-04-07,Gabriel Moreno,/mlb/props/gabriel-moreno/,ARI at ATL,ARI,C,0.5,-115,-115,-115,-115,-115,,,-115,,,,,-121,,,,,-115,-113,-115,-115,-115,,,-120,,,,,-113,,,,
2024-04-07,Michael Harris II,/mlb/props/michael-harris/,ARI at ATL,ATL,CF,0.5,-110,-110,-113,-115,-110,,,-115,,,,,-113,,,,,-120,-115,-120,-115,-120,,,-120,,,,,-121,,,,
2024-04-07,Ketel Marte,/mlb/props/ketel-marte/,ARI at ATL,ARI,"2B,DH",0.5,-120,-105,-110,-110,-105,,,-110,,,,,-115,,,,,-110,-119,-120,-120,-125,,,-125,,,,,-119,,,,
2024-04-07,Jarred Kelenic,/mlb/props/jarred-kelenic/,ARI at ATL,TEX,"LF,CF,RF",0.5,+145,+145,+136,+145,+140,,,+130,,,,,+136,,,,,-195,-180,-185,-180,-185,,,-180,,,,,-189,,,,
2024-04-07,Marcell Ozuna,/mlb/props/marcell-ozuna/,ARI at ATL,PIT,DH,0.5,+135,+135,+130,+135,+130,,,+125,,,,,+129,,,,,-180,-165,-175,-165,-175,,,-175,,,,,-179,,,,
2024-04-07,Kevin Newman,/mlb/props/kevin-newman/,ARI at ATL,KC,"1B,2B,3B,SS",0.5,+115,+120,+115,+120,+115,,,+110,,,,,+112,,,,,-155,-150,-154,-150,-155,,,-155,,,,,-154,,,,
2024-04-07,Ozzie Albies,/mlb/props/ozhaino-albies/,ARI at ATL,ATL,2B,0.5,+110,+110,+106,+110,+110,,,+105,,,,,+106,,,,,-145,-140,-145,-140,-145,,,-150,,,,,-145,,,,
2024-04-07,Geraldo Perdomo,/mlb/props/geraldo-perdomo/,ARI at ATL,ARI,SS,0.5,+105,+115,+106,+115,+115,,,+105,,,,,+106,,,,,-140,-145,-150,-145,-150,,,-150,,,,,-145,,,,
2024-04-07,Matt Olson,/mlb/props/matt-olson/,ARI at ATL,ATL,1B,0.5,+155,+160,+150,+160,+150,,,+145,,,,,+146,,,,,-210,-200,-205,-200,-205,,,-215,,,,,-204,,,,
2024-04-07,Tucker Barnhart,/mlb/props/tucker-barnhart/,ARI at ATL,FA,C,0.5,+155,+160,+155,+160,+155,,,+145,,,,,+146,,,,,-210,-200,-210,-200,-210,,,-215,,,,,-204,,,,
2024-04-07,Blaze Alexander,/mlb/props/blaze-alexander/,ARI at ATL,BAL,"2B,3B,SS,LF,CF",0.5,+130,+140,+130,+140,+130,,,,,,,,+129,,,,,-170,-170,-175,-170,-175,,,,,,,,-179,,,,
2024-04-07,Jake McCarthy,/mlb/props/jake-mccarthy/,ARI at ATL,COL,"LF,CF,RF",0.5,+120,+120,+118,,+120,,,,,,,,+118,,,,,-165,-163,-163,,-165,,,,,,,,-163,,,,
2024-04-07,Ronald Acuna Jr.,/mlb/props/ronald-acuna/,ARI at ATL,ATL,RF,0.5,-140,-135,-140,-135,-140,,,-140,,,,,-145,,,,,+105,+106,+105,+105,+105,,,+105,,,,,+106,,,,
2024-04-07,Travis d'Arnaud,/mlb/props/travis-darnaud/,ARI at ATL,LAA,C,0.5,+125,+115,+110,+115,+115,,,+105,,,,,+110,,,,,-165,-145,-150,-145,-150,,,-150,,,,,-151,,,,
2024-04-07,Edmundo Sosa,/mlb/props/edmundo-sosa/,PHI at WSH,PHI,"2B,3B,SS,LF",0.5,+130,+135,+126,+135,+125,,,+120,,,,,+126,,,,,-175,-165,-170,-165,-170,,,-165,,,,,-174,,,,
2024-04-07,Ildemaro Vargas,/mlb/props/ildemaro-vargas/,PHI at WSH,ARI,"1B,2B",0.5,-110,-110,-113,-115,-110,,,-115,,,,,-113,,,,,-125,-115,-120,-115,-120,,,-120,,,,,-121,,,,
2024-04-07,Jacob Young,/mlb/props/jacob-young/,PHI at WSH,WSH,CF,0.5,+100,-140,-145,-140,-145,,,,,,,,-145,,,,,-130,+110,+110,+110,+110,,,,,,,,+106,,,,
2024-04-07,J.T. Realmuto,/mlb/props/jt-realmuto/,PHI at WSH,PHI,C,0.5,+115,+110,+105,+110,+110,,,+105,,,,,+104,,,,,-155,-140,-145,-140,-145,,,-150,,,,,-142,,,,
2024-04-07,Trey Lipscomb,/mlb/props/trey-lipscomb/,PHI at WSH,WSH,3B,0.5,+100,+105,+105,+105,+105,,,+105,,,,,+102,,,,,-130,-135,-139,-135,-140,,,-140,,,,,-139,,,,
2024-04-07,Lane Thomas,/mlb/props/lane-thomas/,PHI at WSH,KC,"LF,CF,RF",0.5,-120,-115,-115,-115,-115,,,-115,,,,,-121,,,,,-110,-113,-115,-115,-115,,,-115,,,,,-113,,,,
2024-04-07,Trea Turner,/mlb/props/trea-turner/,PHI at WSH,PHI,SS,0.5,-110,-115,-115,-115,-115,,,-115,,,,,-119,,,,,-120,-115,-115,-115,-115,,,-115,,,,,-115,,,,
2024-04-07,Kyle Schwarber,/mlb/props/kyle-schwarber/,PHI at WSH,PHI,"LF,DH",0.5,+175,+165,+159,+165,+165,,,+150,,,,,+159,,,,,-240,-210,-220,-210,-225,,,-220,,,,,-224,,,,
2024-04-07,Luis Garcia,/mlb/props/luis-garcia-2b/,PHI at WSH,WSH,"1B,2B,DH",0.5,-120,-115,-115,-115,-115,,,-115,,,,,-119,,,,,-115,-115,-115,-115,-115,,,-115,,,,,-115,,,,
2024-04-07,Joey Gallo,/mlb/props/joey-gallo/,PHI at WSH,FA,"1B,LF,CF,RF",0.5,+215,+220,+208,+220,+215,,,+200,,,,,+208,,,,,-300,-285,-290,-290,-300,,,-285,,,,,-304,,,,
2024-04-07,Joey Meneses,/mlb/props/joey-meneses/,PHI at WSH,ATH,1B,0.5,-135,-115,-115,-115,-115,,,-115,,,,,-117,,,,,+100,-115,-115,-115,-115,,,-115,,,,,-117,,,,
2024-04-07,Cristian Pache,/mlb/props/cristian-pache/,PHI at WSH,NYM,"LF,CF",0.5,+150,+160,+155,+160,+155,,,+145,,,,,+146,,,,,-205,-200,-210,-200,-210,,,-215,,,,,-204,,,,
2024-04-07,Keibert Ruiz,/mlb/props/keibert-ruiz/,PHI at WSH,WSH,C,0.5,-140,-135,-140,-135,-140,,,-140,,,,,-135,,,,,+105,+105,+105,+105,+105,,,+105,,,,,-101,,,,
2024-04-07,Jesse Winker,/mlb/props/jesse-winker/,PHI at WSH,FA,"LF,RF,DH",0.5,+115,+108,+105,+105,+105,,,+100,,,,,+108,,,,,-155,-135,-140,-135,-140,,,-135,,,,,-148,,,,
2024-04-07,Whit Merrifield,/mlb/props/whit-merrifield/,PHI at WSH,FA,"2B,3B,LF",0.5,-125,-135,-140,-135,-140,,,-140,,,,,-142,,,,,-105,+105,+105,+105,+105,,,+105,,,,,+104,,,,
2024-04-07,Bryce Harper,/mlb/props/bryce-harper/,PHI at WSH,PHI,"1B,DH",0.5,-105,-113,-115,-115,-115,,,-115,,,,,-113,,,,,-130,-115,-115,-115,-115,,,-115,,,,,-121,,,,
2024-04-07,Riley Adams,/mlb/props/riley-adams/,PHI at WSH,WSH,C,0.5,+105,+110,+106,+110,+110,,,+105,,,,,+106,,,,,-140,-140,-145,-140,-145,,,-140,,,,,-145,,,,
2024-04-07,Alec Bohm,/mlb/props/alec-bohm/,PHI at WSH,PHI,"1B,3B",0.5,-135,-137,-145,-140,-145,,,-150,,,,,-137,,,,,+105,+110,+105,+110,+110,,,+105,,,,,+100,,,,
2024-04-07,Nick Castellanos,/mlb/props/nick-castellanos/,PHI at WSH,FA,"RF,DH",0.5,+115,+106,+100,+100,+100,,,+100,,,,,+106,,,,,-150,-130,-135,-130,-135,,,-135,,,,,-145,,,,
2024-04-07,Nasim Nunez,/mlb/props/nasim-nunez/,PHI at WSH,WSH,"2B,SS",0.5,+110,+110,+108,+110,+110,,,+105,,,,,+108,,,,,-150,-140,-145,-140,-145,,,-150,,,,,-148,,,,
2024-04-07,Bryson Stott,/mlb/props/bryson-stott-ss/,PHI at WSH,PHI,"2B,SS",0.5,-130,-131,-135,-135,-140,,,-140,,,,,-131,,,,,+100,+105,+105,+105,+105,,,+105,,,,,-104,,,,
2024-04-07,Johan Rojas,/mlb/props/johan-rojas/,PHI at WSH,PHI,CF,0.5,+115,+115,+112,+115,+115,,,+110,,,,,+112,,,,,-150,-145,-150,-145,-150,,,-155,,,,,-154,,,,
2024-04-07,Jeimer Candelario,/mlb/props/jeimer-candelario/,NYM at CIN,LAA,"1B,3B",0.5,+120,+120,+115,+120,+115,,,+110,,,,,+114,,,,,-160,-150,-155,-150,-155,,,-155,,,,,-157,,,,
2024-04-07,Tyrone Taylor,/mlb/props/tyrone-taylor/,NYM at CIN,NYM,"LF,CF,RF",0.5,+130,+140,+135,+140,+135,,,+130,,,,,+129,,,,,-175,-170,-179,-170,-180,,,-180,,,,,-179,,,,
2024-04-07,Francisco Lindor,/mlb/props/francisco-lindor/,NYM at CIN,NYM,SS,0.5,+120,+120,+115,+120,+115,,,+110,,,,,+114,,,,,-160,-150,-155,-150,-155,,,-155,,,,,-157,,,,
2024-04-07,Santiago Espinal,/mlb/props/santiago-espinal/,NYM at CIN,FA,"2B,3B,LF,RF",0.5,-130,-129,-130,-130,-135,,,-130,,,,,-129,,,,,-105,+100,-105,+100,+100,,,-105,,,,,-106,,,,
2024-04-07,Brett Baty,/mlb/props/brett-baty/,NYM at CIN,NYM,"1B,2B,3B,RF",0.5,+135,+140,+133,+140,+130,,,+125,,,,,+133,,,,,-185,-170,-175,-170,-175,,,-175,,,,,-184,,,,
2024-04-07,Luke Maile,/mlb/props/luke-maile/,NYM at CIN,KC,C,0.5,+140,+120,+115,+120,+115,,,+110,,,,,+112,,,,,-185,-150,-154,-150,-155,,,-155,,,,,-154,,,,
2024-04-07,Christian Encarnacion-Strand,/mlb/props/christian-encarnacion-strand/,NYM at CIN,BAL,"1B,3B",0.5,+110,+106,+105,+105,+105,,,+105,,,,,+106,,,,,-145,-135,-140,-135,-140,,,-140,,,,,-145,,,,
2024-04-07,Zack Short,/mlb/props/zachary-short/,NYM at CIN,NYM,SS,0.5,+205,+210,+205,+210,+205,,,+190,,,,,+190,,,,,-290,-270,-275,-270,-290,,,-275,,,,,-274,,,,
2024-04-07,Spencer Steer,/mlb/props/spencer-steer/,NYM at CIN,CIN,"1B,2B,LF,RF",0.5,-105,-104,-105,-110,-105,,,-110,,,,,-104,,,,,-125,-120,-125,-120,-125,,,-125,,,,,-131,,,,
2024-04-07,Pete Alonso,/mlb/props/peter-alonso/,NYM at CIN,BAL,"1B,DH",0.5,+140,+145,+140,+145,+140,,,+135,,,,,+139,,,,,-190,-180,-190,-180,-190,,,-190,,,,,-194,,,,
2024-04-07,Will Benson,/mlb/props/will-benson/,NYM at CIN,CIN,"LF,CF,RF",0.5,+195,+200,+195,+200,+195,,,+180,,,,,+178,,,,,-270,-250,-260,-250,-270,,,-260,,,,,-254,,,,
2024-04-07,Harrison Bader,/mlb/props/harrison-bader/,NYM at CIN,SF,"LF,CF,RF",0.5,+140,+155,+150,+155,+150,,,+140,,,,,+136,,,,,-190,-189,-190,-190,-200,,,-200,,,,,-189,,,,
2024-04-07,Bubba Thompson,/mlb/props/bubba-thompson/,NYM at CIN,FA,"LF,CF",0.5,+150,+155,+146,+155,+150,,,+140,,,,,+146,,,,,-205,-190,-200,-190,-205,,,-200,,,,,-204,,,,
2024-04-07,Jeff McNeil,/mlb/props/jeff-mcneil/,NYM at CIN,ATH,"2B,LF,CF,RF",0.5,-125,-115,-120,-115,-120,,,-120,,,,,-125,,,,,-105,-109,-110,-115,-110,,,-115,,,,,-109,,,,
2024-04-07,Brandon Nimmo,/mlb/props/brandon-nimmo/,NYM at CIN,TEX,"LF,CF,RF,DH",0.5,-115,-115,-115,-115,-115,,,-115,,,,,-115,,,,,-115,-115,-115,-115,-115,,,-115,,,,,-119,,,,
2024-04-07,Francisco Alvarez,/mlb/props/francisco-alvarez/,NYM at CIN,NYM,"C,DH",0.5,+155,+155,+150,+155,+150,,,+140,,,,,+143,,,,,-210,-190,-199,-190,-200,,,-200,,,,,-199,,,,
2024-04-07,Jonathan India,/mlb/props/jonathan-india/,NYM at CIN,KC,"2B,3B,LF,DH",0.5,+100,+100,-105,-105,-105,,,-105,,,,,+100,,,,,-130,-125,-130,-125,-130,,,-130,,,,,-137,,,,
2024-04-07,Starling Marte,/mlb/props/starling-marte/,NYM at CIN,KC,"LF,RF,DH",0.5,-115,-105,-108,-110,-105,,,-110,,,,,-108,,,,,-115,-120,-125,-120,-125,,,-125,,,,,-127,,,,
2024-04-07,Elly De La Cruz,/mlb/props/elly-de-la-cruz/,NYM at CIN,CIN,SS,0.5,+135,+140,+130,+140,+130,,,+125,,,,,+129,,,,,-180,-170,-175,-170,-175,,,-175,,,,,-179,,,,
2024-04-07,Stuart Fairchild,/mlb/props/stuart-fairchild/,NYM at CIN,CLE,"LF,CF,RF",0.5,+145,+145,+140,+145,+140,,,+130,,,,,+133,,,,,-200,-180,-184,-180,-185,,,-180,,,,,-184,,,,
2024-04-07,J.D. Davis,/mlb/props/jd-davis/,ATH at DET,FA,"1B,3B",0.5,+100,+100,+100,+100,+100,,,+100,,,,,-101,,,,,-130,-130,-135,-130,-135,,,-135,,,,,-135,,,,
2024-04-07,Parker Meadows,/mlb/props/parker-meadows/,ATH at DET,DET,CF,0.5,+115,+125,+120,+125,+120,,,+115,,,,,+112,,,,,-155,-154,-155,-155,-160,,,-160,,,,,-154,,,,
2024-04-07,Brent Rooker,/mlb/props/brent-rooker/,ATH at DET,ATH,"LF,RF,DH",0.5,+150,+160,+150,+160,+150,,,+145,,,,,+146,,,,,-205,-200,-205,-200,-205,,,-215,,,,,-204,,,,
2024-04-07,Kerry Carpenter,/mlb/props/kerry-carpenter/,ATH at DET,DET,"LF,RF,DH",0.5,-105,+100,-103,-105,+100,,,-105,,,,,-103,,,,,-125,-125,-130,-125,-130,,,-130,,,,,-133,,,,
2024-04-07,Javier Baez,/mlb/props/javier-baez/,ATH at DET,DET,"2B,3B,SS,CF",0.5,-115,-111,-115,-115,-115,,,-115,,,,,-111,,,,,-115,-115,-120,-115,-115,,,-120,,,,,-123,,,,
2024-04-07,Seth Brown,/mlb/props/seth-brown/,ATH at DET,FA,"1B,LF,CF,RF",0.5,+120,+125,+120,+125,+120,,,+115,,,,,+116,,,,,-160,-155,-160,-155,-165,,,-160,,,,,-160,,,,
2024-04-07,Abraham Toro,/mlb/props/abraham-toro/,ATH at DET,KC,"1B,2B,3B",0.5,-110,-105,-109,-110,-105,,,-110,,,,,-109,,,,,-125,-120,-125,-120,-125,,,-125,,,,,-125,,,,
2024-04-07,JJ Bleday,/mlb/props/jj-bleday/,ATH at DET,CIN,"LF,CF,RF,DH",0.5,+120,+125,+120,+125,+120,,,+115,,,,,+123,,,,,-160,-155,-160,-155,-160,,,-160,,,,,-169,,,,
2024-04-07,Zack Gelof,/mlb/props/zack-gelof/,ATH at DET,ATH,"2B,3B,CF",0.5,+100,+105,+100,+100,+105,,,+100,,,,,+100,,,,,-130,-130,-135,-130,-135,,,-135,,,,,-137,,,,
2024-04-07,Riley Greene,/mlb/props/riley-greene-of/,ATH at DET,DET,"LF,CF,RF,DH",0.5,+105,-105,-110,-105,-105,,,-110,,,,,-111,,,,,-135,-123,-125,-125,-125,,,-125,,,,,-123,,,,
2024-04-07,Zach McKinstry,/mlb/props/zach-mckinstry/,ATH at DET,DET,"2B,3B,SS,LF,RF",0.5,+125,+130,+125,+130,+125,,,+120,,,,,+118,,,,,-165,-160,-163,-160,-165,,,-165,,,,,-163,,,,
2024-04-07,Mark Canha,/mlb/props/mark-canha/,ATH at DET,FA,"LF,RF",0.5,-115,-105,-110,-110,-105,,,-110,,,,,-115,,,,,-115,-119,-120,-120,-125,,,-125,,,,,-119,,,,
2024-04-07,Carson Kelly,/mlb/props/carson-kelly/,ATH at DET,CHC,C,0.5,+115,+125,+120,+125,+120,,,+115,,,,,+114,,,,,-155,-155,-157,-155,-160,,,-160,,,,,-157,,,,
2024-04-07,Nick Allen,/mlb/props/nick-allen-ss/,ATH at DET,HOU,"2B,3B,SS",0.5,-110,-109,-110,-115,-110,,,-115,,,,,-109,,,,,-125,-115,-120,-115,-120,,,-120,,,,,-125,,,,
2024-04-07,Gio Urshela,/mlb/props/giovanny-urshela/,ATH at DET,FA,3B,0.5,-175,-170,-174,-170,-175,,,-175,,,,,-174,,,,,+130,+140,+130,+140,+130,,,+125,,,,,+126,,,,
2024-04-07,Jake Rogers,/mlb/props/jake-rogers/,ATH at DET,DET,C,0.5,+150,+160,+150,+160,+150,,,+145,,,,,+143,,,,,-200,-199,-200,-200,-200,,,-215,,,,,-199,,,,
2024-04-07,Lawrence Butler,/mlb/props/lawrence-butler/,ATH at DET,ATH,"CF,RF",0.5,+155,+155,+140,+155,+155,,,+140,,,,,+139,,,,,-210,-190,-200,-190,-210,,,-200,,,,,-194,,,,
2024-04-07,Ryan Noda,/mlb/props/ryan-noda/,ATH at DET,BAL,1B,0.5,+135,+170,+165,+170,+165,,,+160,,,,,+159,,,,,-185,-220,-225,-220,-230,,,-225,,,,,-224,,,,
2024-04-07,Spencer Torkelson,/mlb/props/spencer-torkelson-if/,ATH at DET,DET,1B,0.5,+105,+110,+108,+110,+110,,,+105,,,,,+108,,,,,-140,-140,-145,-140,-145,,,-140,,,,,-148,,,,
2024-04-07,Shea Langeliers,/mlb/props/shea-langeliers/,ATH at DET,ATH,"C,DH",0.5,+155,+165,+152,+165,+165,,,+150,,,,,+152,,,,,-210,-210,-214,-210,-220,,,-220,,,,,-214,,,,
2024-04-07,Colt Keith,/mlb/props/colt-keith/,ATH at DET,DET,"1B,2B,3B,DH",0.5,+105,-105,-110,-110,-105,,,-110,,,,,-111,,,,,-140,-120,-123,-120,-125,,,-125,,,,,-123,,,,
2024-04-07,Dylan Moore,/mlb/props/dylan-moore/,SEA at MIL,PHI,"1B,2B,3B,LF,RF",0.5,+195,+210,+200,+210,+200,,,+190,,,,,+184,,,,,-275,-264,-270,-270,-275,,,-275,,,,,-264,,,,
2024-04-07,Cal Raleigh,/mlb/props/caleb-raleigh/,SEA at MIL,SEA,"C,DH",0.5,+150,+160,+155,+160,+155,,,+145,,,,,+143,,,,,-200,-199,-210,-200,-210,,,-215,,,,,-199,,,,
2024-04-07,Mitch Garver,/mlb/props/mitch-garver/,SEA at MIL,SEA,"C,DH",0.5,+130,+125,+120,+125,+120,,,+115,,,,,+116,,,,,-175,-155,-160,-155,-160,,,-160,,,,,-160,,,,
2024-04-07,Rhys Hoskins,/mlb/props/rhys-hoskins/,SEA at MIL,CLE,"1B,DH",0.5,+125,+125,+120,+125,+120,,,+115,,,,,+112,,,,,-165,-154,-155,-155,-160,,,-160,,,,,-154,,,,
2024-04-07,Jorge Polanco,/mlb/props/jorge-polanco/,SEA at MIL,NYM,"2B,3B,DH",0.5,+130,+140,+130,+140,+130,,,+125,,,,,+129,,,,,-175,-170,-175,-170,-175,,,-175,,,,,-179,,,,
2024-04-07,Luke Raley,/mlb/props/lucas-raley/,SEA at MIL,SEA,"1B,LF,CF,RF",0.5,+175,+160,+155,+160,+155,,,+145,,,,,+146,,,,,-235,-200,-204,-200,-215,,,-215,,,,,-204,,,,
2024-04-07,Sal Frelick,/mlb/props/sal-frelick/,SEA at MIL,MIL,"LF,CF,RF",0.5,-120,-120,-125,-120,-125,,,-125,,,,,-125,,,,,-110,-109,-110,-110,-110,,,-110,,,,,-109,,,,
2024-04-07,Christian Yelich,/mlb/props/christian-yelich/,SEA at MIL,MIL,"LF,DH",0.5,-120,-120,-123,-120,-120,,,-125,,,,,-123,,,,,-110,-110,-110,-110,-110,,,-110,,,,,-111,,,,
2024-04-07,Josh Rojas,/mlb/props/josh-rojas/,SEA at MIL,KC,"2B,3B",0.5,+125,+115,+110,+115,+110,,,+105,,,,,+110,,,,,-170,-145,-150,-145,-150,,,-150,,,,,-151,,,,
2024-04-07,Dominic Canzone,/mlb/props/dominic-canzone/,SEA at MIL,SEA,"LF,RF,DH",0.5,+145,+155,+145,+155,+145,,,+140,,,,,+139,,,,,-195,-190,-194,-190,-200,,,-200,,,,,-194,,,,
2024-04-07,Willy Adames,/mlb/props/willy-adames/,SEA at MIL,SF,SS,0.5,+105,+110,+105,+110,+110,,,+105,,,,,+104,,,,,-140,-140,-142,-140,-145,,,-140,,,,,-142,,,,
2024-04-07,Oliver Dunn,/mlb/props/oliver-dunn/,SEA at MIL,TB,3B,0.5,+145,+110,+106,+110,+110,,,+105,,,,,+106,,,,,-195,-140,-145,-140,-145,,,-150,,,,,-145,,,,
2024-04-07,J.P. Crawford,/mlb/props/jp-crawford/,SEA at MIL,SEA,"3B,SS",0.5,+100,-101,-105,-105,-105,,,-105,,,,,-101,,,,,-130,-125,-130,-125,-130,,,-130,,,,,-135,,,,
2024-04-07,Julio Rodriguez,/mlb/props/julio-rodriguez-of/,SEA at MIL,SEA,CF,0.5,-115,-115,-115,-115,-115,,,-115,,,,,-115,,,,,-115,-115,-115,-115,-115,,,-115,,,,,-119,,,,
2024-04-07,Brice Turang,/mlb/props/brice-turang/,SEA at MIL,MIL,2B,0.5,+105,+105,+105,+105,+105,,,+105,,,,,+102,,,,,-140,-135,-139,-135,-140,,,-140,,,,,-139,,,,
2024-04-07,Mitch Haniger,/mlb/props/mitch-haniger/,SEA at MIL,FA,RF,0.5,+110,+115,+110,+115,+110,,,+105,,,,,+110,,,,,-145,-145,-150,-145,-150,,,-150,,,,,-151,,,,
2024-04-07,Blake Perkins,/mlb/props/blake-perkins-of/,SEA at MIL,MIL,"LF,CF,RF",0.5,+145,+150,+145,+150,+145,,,+135,,,,,+139,,,,,-195,-185,-190,-185,-190,,,-190,,,,,-194,,,,
2024-04-07,Jackson Chourio,/mlb/props/jackson-chourio/,SEA at MIL,MIL,"LF,CF,RF",0.5,-125,+105,+105,+105,+105,,,+105,,,,,+100,,,,,-105,-135,-137,-135,-140,,,-140,,,,,-137,,,,
2024-04-07,Jake Bauers,/mlb/props/jake-bauers/,SEA at MIL,MIL,"1B,LF,RF",0.5,+155,+160,+150,+160,+150,,,+140,,,,,+146,,,,,-210,-200,-204,-200,-205,,,-200,,,,,-204,,,,
2024-04-07,Seby Zavala,/mlb/props/bernardo-zavala/,SEA at MIL,FA,C,0.5,+180,+190,+180,+190,+180,,,+175,,,,,+172,,,,,-250,-240,-244,-240,-250,,,-250,,,,,-244,,,,
2024-04-07,William Contreras,/mlb/props/william-contreras/,SEA at MIL,MIL,"C,DH",0.5,-125,-120,-123,-120,-125,,,-125,,,,,-123,,,,,-105,-105,-110,-110,-105,,,-110,,,,,-111,,,,
2024-04-07,Nick Loftin,/mlb/props/nick-loftin/,CWS at KC,KC,"2B,3B,LF",0.5,+125,-110,-113,-115,-110,,,,,,,,-113,,,,,-165,-115,-120,-115,-120,,,,,,,,-121,,,,
2024-04-07,Nelson Velazquez,/mlb/props/nelson-velazquez/,CWS at KC,STL,"LF,RF,DH",0.5,+140,+140,+130,+140,+130,,,+125,,,,,+126,,,,,-190,-170,-174,-170,-175,,,-175,,,,,-174,,,,
2024-04-07,Bobby Witt Jr.,/mlb/props/bobby-witt-jr/,CWS at KC,KC,SS,0.5,-125,-135,-135,-135,-135,,,-135,,,,,-139,,,,,-105,+105,+102,+105,+105,,,+100,,,,,+102,,,,
2024-04-07,Robbie Grossman,/mlb/props/robbie-grossman/,CWS at KC,FA,"LF,RF",0.5,-105,-109,-110,-110,-110,,,-110,,,,,-109,,,,,-125,-120,-125,-120,-125,,,-125,,,,,-125,,,,
2024-04-07,MJ Melendez,/mlb/props/mj-melendez/,CWS at KC,NYM,"LF,DH",0.5,+115,+115,+110,+115,+115,,,+105,,,,,+110,,,,,-155,-145,-150,-145,-150,,,-150,,,,,-151,,,,
2024-04-07,Yoan Moncada,/mlb/props/yoan-moncada/,CWS at KC,LAA,3B,0.5,-105,-115,-120,-115,-120,,,-120,,,,,-121,,,,,-125,-110,-113,-115,-110,,,-115,,,,,-113,,,,
2024-04-07,Braden Shewmake,/mlb/props/braden-shewmake/,CWS at KC,HOU,"2B,3B,SS",0.5,+115,+115,+110,+115,+115,,,+110,,,,,+110,,,,,-150,-145,-150,-145,-150,,,-155,,,,,-151,,,,
2024-04-07,Nicky Lopez,/mlb/props/nicky-lopez/,CWS at KC,TEX,"2B,3B,SS",0.5,-165,-166,-170,-170,-175,,,-175,,,,,-166,,,,,+125,+140,+130,+140,+130,,,+125,,,,,+120,,,,
2024-04-07,Andrew Benintendi,/mlb/props/andrew-benintendi/,CWS at KC,CWS,"LF,DH",0.5,-225,-190,-194,-190,-200,,,-200,,,,,-194,,,,,+165,+155,+145,+155,+145,,,+140,,,,,+139,,,,
2024-04-07,Gavin Sheets,/mlb/props/gavin-sheets/,CWS at KC,SD,"1B,LF,RF,DH",0.5,+115,+100,-103,-105,+100,,,-105,,,,,-103,,,,,-150,-125,-130,-125,-130,,,-130,,,,,-133,,,,
2024-04-07,Andrew Vaughn,/mlb/props/andrew-vaughn-1b/,CWS at KC,MIL,1B,0.5,-155,-140,-145,-140,-145,,,-150,,,,,-151,,,,,+115,+110,+110,+110,+110,,,+105,,,,,+110,,,,
2024-04-07,Vinnie Pasquantino,/mlb/props/vinnie-pasquantino/,CWS at KC,KC,"1B,DH",0.5,-115,-115,-115,-115,-115,,,-115,,,,,-119,,,,,-115,-115,-115,-115,-115,,,-115,,,,,-115,,,,
2024-04-07,Maikel Garcia,/mlb/props/maikel-garcia/,CWS at KC,KC,"2B,3B,SS,OF",0.5,-170,-184,-185,-185,-190,,,-190,,,,,-184,,,,,+130,+150,+140,+150,+140,,,+135,,,,,+133,,,,
2024-04-07,Freddy Fermin,/mlb/props/freddy-fermin/,CWS at KC,SD,C,0.5,+100,-105,-109,-110,-105,,,-110,,,,,-109,,,,,-130,-120,-125,-120,-125,,,-125,,,,,-125,,,,
2024-04-07,Martin Maldonado,/mlb/props/martin-maldonado/,CWS at KC,FA,C,0.5,+200,+190,+180,+190,+180,,,+165,,,,,+172,,,,,-280,-240,-244,-240,-245,,,-240,,,,,-244,,,,
2024-04-07,Dominic Fletcher,/mlb/props/dominic-fletcher/,CWS at KC,PIT,"CF,RF",0.5,-120,-125,-130,-125,-130,,,-130,,,,,-133,,,,,-110,+100,-103,-105,+100,,,-105,,,,,-103,,,,
2024-04-07,Paul DeJong,/mlb/props/paul-dejong/,CWS at KC,FA,"2B,3B,SS",0.5,+140,+140,+130,+140,+130,,,+125,,,,,+129,,,,,-185,-170,-175,-170,-175,,,-175,,,,,-179,,,,
2024-04-07,Garrett Hampson,/mlb/props/garrett-hampson/,CWS at KC,CIN,"2B,LF,CF",0.5,+115,+108,+105,+105,+105,,,+105,,,,,+108,,,,,-155,-135,-140,-135,-140,,,-140,,,,,-148,,,,
2024-04-07,Hunter Renfroe,/mlb/props/hunter-renfroe/,CWS at KC,FA,RF,0.5,+115,+125,+120,+125,+120,,,+115,,,,,+118,,,,,-150,-155,-160,-155,-160,,,-160,,,,,-163,,,,
2024-04-07,Kevin Pillar,/mlb/props/kevin-pillar/,CWS at KC,FA,"LF,CF,RF",0.5,-105,+100,+100,+100,+100,,,+100,,,,,-103,,,,,-125,-130,-133,-130,-130,,,-135,,,,,-133,,,,
2024-04-07,Salvador Perez,/mlb/props/salvador-perez/,CWS at KC,KC,"C,1B,DH",0.5,-115,-115,-115,-115,-115,,,-115,,,,,-119,,,,,-115,-115,-115,-115,-115,,,-115,,,,,-115,,,,
2024-04-07,Paul Goldschmidt,/mlb/props/paul-goldschmidt/,MIA at STL,NYY,"1B,DH",0.5,-105,-104,-105,-110,-105,,,-110,,,,,-104,,,,,-125,-120,-125,-120,-125,,,-125,,,,,-131,,,,
2024-04-07,Jake Burger,/mlb/props/jake-burger-3b/,MIA at STL,TEX,1B,0.5,-105,-110,-115,-115,-110,,,-115,,,,,-115,,,,,-125,-115,-119,-115,-120,,,-120,,,,,-119,,,,
2024-04-07,Jordan Walker,/mlb/props/jordan-walker/,MIA at STL,STL,"LF,RF",0.5,-105,-110,-111,-115,-110,,,-115,,,,,-111,,,,,-125,-115,-120,-115,-120,,,-120,,,,,-123,,,,
2024-04-07,Jesus Sanchez,/mlb/props/jesus-sanchez/,MIA at STL,TOR,"LF,CF,RF,DH",0.5,-120,-130,-135,-130,-135,,,-135,,,,,-135,,,,,-110,+100,+100,+100,+100,,,+100,,,,,-101,,,,
2024-04-07,Alec Burleson,/mlb/props/alec-burleson/,MIA at STL,STL,"1B,LF,RF,DH",0.5,-115,-125,-130,-125,-130,,,-130,,,,,-131,,,,,-115,-104,-105,-105,-105,,,-105,,,,,-104,,,,
2024-04-07,Nick Gordon,/mlb/props/nick-gordon/,MIA at STL,FA,"2B,LF,CF",0.5,-125,-120,-123,-120,-125,,,-125,,,,,-123,,,,,-105,-105,-110,-110,-105,,,-110,,,,,-111,,,,
2024-04-07,Tim Anderson,/mlb/props/tim-anderson/,MIA at STL,FA,"2B,SS",0.5,-150,-157,-165,-165,-170,,,-165,,,,,-157,,,,,+115,+135,+125,+135,+125,,,+120,,,,,+114,,,,
2024-04-07,Willson Contreras,/mlb/props/willson-contreras/,MIA at STL,BOS,1B,0.5,+105,+106,+105,+105,+105,,,+100,,,,,+106,,,,,-140,-135,-135,-135,-135,,,-135,,,,,-145,,,,
2024-04-07,Christian Bethancourt,/mlb/props/christian-bethancourt/,MIA at STL,CHC,C,0.5,+130,+135,+130,+135,+130,,,+120,,,,,+118,,,,,-175,-163,-165,-165,-170,,,-165,,,,,-163,,,,
2024-04-07,Jazz Chisholm Jr.,/mlb/props/jasrado-chisholm/,MIA at STL,NYY,"2B,3B",0.5,-110,-115,-120,-115,-120,,,-120,,,,,-121,,,,,-120,-110,-113,-115,-110,,,-115,,,,,-113,,,,
2024-04-07,Josh Bell,/mlb/props/josh-bell/,MIA at STL,MIN,"1B,DH",0.5,-150,-150,-155,-150,-155,,,-155,,,,,-157,,,,,+115,+120,+114,+120,+120,,,+110,,,,,+114,,,,
2024-04-07,Masyn Winn,/mlb/props/masyn-winn-p/,MIA at STL,STL,SS,0.5,+125,+116,+115,+115,+115,,,+105,,,,,+116,,,,,-165,-145,-150,-145,-150,,,-150,,,,,-160,,,,
2024-04-07,Victor Scott,/mlb/props/victor-scott/,MIA at STL,STL,CF,0.5,-105,+100,+100,+100,+100,,,+100,,,,,-103,,,,,-125,-130,-133,-130,-135,,,-135,,,,,-133,,,,
2024-04-07,Nolan Gorman,/mlb/props/nolan-gorman/,MIA at STL,STL,"2B,3B,DH",0.5,+155,+155,+145,+155,+145,,,+135,,,,,+139,,,,,-210,-190,-194,-190,-195,,,-190,,,,,-194,,,,
2024-04-07,Nolan Arenado,/mlb/props/nolan-arenado/,MIA at STL,ARI,3B,0.5,-110,-110,-113,-115,-110,,,-115,,,,,-113,,,,,-125,-115,-120,-115,-120,,,-120,,,,,-121,,,,
2024-04-07,Luis Arraez,/mlb/props/luis-arraez/,MIA at STL,SF,"1B,2B,DH",1.5,+175,+170,+165,+170,+165,,,+160,,,,,+165,,,,,-240,-220,-225,-220,-225,,,-225,,,,,-234,,,,
2024-04-07,Brendan Donovan,/mlb/props/brendan-donovan/,MIA at STL,SEA,"2B,3B,SS,LF",0.5,-160,-150,-151,-150,-160,,,-160,,,,,-151,,,,,+120,+120,+115,+120,+120,,,+115,,,,,+110,,,,
2024-04-07,Ivan Herrera,/mlb/props/ivan-herrera/,MIA at STL,STL,"C,DH",0.5,+120,+106,+100,+100,+100,,,+100,,,,,+106,,,,,-165,-130,-135,-130,-135,,,-135,,,,,-145,,,,
2024-04-07,Bryan De La Cruz,/mlb/props/bryan-de-la-cruz/,MIA at STL,PHI,LF,0.5,-125,-115,-120,-115,-120,,,-120,,,,,-121,,,,,-105,-110,-113,-115,-110,,,-115,,,,,-113,,,,
2024-04-07,Cody Bellinger,/mlb/props/cody-bellinger/,LAD at CHC,NYY,"LF,CF,RF",0.5,+100,+100,-105,-105,+100,,,-110,,,,,-103,,,,,-130,-125,-130,-125,-130,,,-125,,,,,-133,,,,
2024-04-07,Nico Hoerner,/mlb/props/nico-hoerner/,LAD at CHC,CHC,"2B,SS",0.5,-120,-115,-119,-115,-120,,,-120,,,,,-119,,,,,-110,-110,-115,-115,-110,,,-115,,,,,-115,,,,
2024-04-07,Ian Happ,/mlb/props/ian-happ/,LAD at CHC,CHC,LF,0.5,+105,+110,+105,+110,+110,,,+105,,,,,+104,,,,,-140,-140,-145,-140,-145,,,-150,,,,,-142,,,,
2024-04-07,Seiya Suzuki,/mlb/props/seiya-suzuki/,LAD at CHC,CHC,"LF,RF,DH",0.5,-115,-115,-119,-115,-115,,,-120,,,,,-119,,,,,-115,-115,-115,-115,-115,,,-115,,,,,-115,,,,
2024-04-07,Will Smith,/mlb/props/will-smith-c/,LAD at CHC,LAD,C,0.5,+110,+110,+105,+105,+110,,,+105,,,,,+104,,,,,-145,-135,-140,-135,-145,,,-140,,,,,-142,,,,
2024-04-07,Mike Tauchman,/mlb/props/mike-tauchman/,LAD at CHC,NYM,"LF,CF,RF",0.5,+135,+145,+135,+145,+135,,,+130,,,,,+126,,,,,-180,-174,-180,-180,-180,,,-180,,,,,-174,,,,
2024-04-07,Freddie Freeman,/mlb/props/freddie-freeman/,LAD at CHC,LAD,1B,0.5,+100,+100,-104,+100,+100,,,-105,,,,,-104,,,,,-130,-130,-130,-130,-130,,,-130,,,,,-131,,,,
2024-04-07,Shohei Ohtani,/mlb/props/shohei-ohtani/,LAD at CHC,LAD,"SP,DH",0.5,+125,+125,+120,+125,+120,,,+115,,,,,+118,,,,,-165,-155,-160,-155,-160,,,-160,,,,,-163,,,,
2024-04-07,Michael Busch,/mlb/props/michael-busch-2b/,LAD at CHC,CHC,1B,0.5,+130,+140,+135,+140,+135,,,+130,,,,,+129,,,,,-175,-170,-179,-170,-180,,,-180,,,,,-179,,,,
2024-04-07,Enrique Hernandez,/mlb/props/enrique-hernandez/,LAD at CHC,LAD,"1B,2B,3B,LF",0.5,+125,+120,+118,+120,+120,,,+110,,,,,+118,,,,,-170,-150,-155,-150,-155,,,-155,,,,,-163,,,,
2024-04-07,Miguel Amaya,/mlb/props/miguel-amaya-c/,LAD at CHC,CHC,"C,DH",0.5,+150,+160,+150,+160,+150,,,+145,,,,,+139,,,,,-200,-194,-205,-200,-205,,,-215,,,,,-194,,,,
2024-04-07,Teoscar Hernandez,/mlb/props/teoscar-hernandez/,LAD at CHC,LAD,"LF,RF",0.5,+150,+150,+143,+150,+145,,,+135,,,,,+143,,,,,-200,-185,-190,-185,-200,,,-190,,,,,-199,,,,
2024-04-07,Dansby Swanson,/mlb/props/dansby-swanson/,LAD at CHC,CHC,SS,0.5,+105,+110,+110,+110,+110,,,+105,,,,,+110,,,,,-140,-140,-145,-140,-145,,,-140,,,,,-151,,,,
2024-04-07,Chris Taylor,/mlb/props/chris-taylor/,LAD at CHC,FA,"2B,LF,CF,RF",0.5,+215,+210,+205,+210,+205,,,+190,,,,,+190,,,,,-310,-270,-275,-270,-285,,,-275,,,,,-274,,,,
2024-04-07,Gavin Lux,/mlb/props/gavin-lux/,LAD at CHC,TB,"2B,3B,LF,DH",0.5,+130,+135,+126,+135,+130,,,+120,,,,,+126,,,,,-175,-165,-170,-165,-170,,,-165,,,,,-174,,,,
2024-04-07,Miguel Rojas,/mlb/props/miguel-rojas/,LAD at CHC,LAD,"2B,3B,SS",0.5,+110,+106,+105,+105,+105,,,+105,,,,,+106,,,,,-145,-135,-140,-135,-140,,,-140,,,,,-145,,,,
2024-04-07,Mookie Betts,/mlb/props/mookie-betts/,LAD at CHC,LAD,SS,0.5,+130,+135,+130,+135,+130,,,+120,,,,,+123,,,,,-175,-165,-169,-165,-175,,,-165,,,,,-169,,,,
2024-04-07,Max Muncy,/mlb/props/max-muncy/,LAD at CHC,LAD,3B,0.5,+205,+210,+205,+210,+205,,,+190,,,,,+190,,,,,-290,-270,-275,-270,-290,,,-275,,,,,-274,,,,
2024-04-07,Christopher Morel,/mlb/props/christopher-morel/,LAD at CHC,MIA,"1B,LF,DH",0.5,+120,+120,+115,+120,+115,,,+110,,,,,+120,,,,,-160,-150,-155,-150,-155,,,-155,,,,,-166,,,,
2024-04-07,Brenton Doyle,/mlb/props/brenton-doyle/,TB at COL,COL,CF,0.5,+115,+115,+112,+115,+115,,,+110,,,,,+112,,,,,-155,-145,-150,-145,-150,,,-155,,,,,-154,,,,
2024-04-07,Isaac Paredes,/mlb/props/isaac-paredes/,TB at COL,HOU,"1B,3B,DH",0.5,+105,+100,-103,-105,+100,,,-105,,,,,-103,,,,,-135,-125,-130,-125,-130,,,-130,,,,,-133,,,,
2024-04-07,Alan Trejo,/mlb/props/alan-trejo/,TB at COL,FA,"2B,SS",0.5,+100,+100,+100,-105,+100,,,-105,,,,,+100,,,,,-135,-125,-130,-125,-130,,,-130,,,,,-137,,,,
2024-04-07,Yandy Diaz,/mlb/props/yandy-diaz/,TB at COL,TB,"1B,DH",0.5,-190,-189,-190,-190,-200,,,-200,,,,,-189,,,,,+140,+155,+150,+155,+150,,,+140,,,,,+136,,,,
2024-04-07,Nolan Jones,/mlb/props/nolan-jones-3b/,TB at COL,CWS,"LF,CF,RF",0.5,+150,+160,+150,+160,+150,,,+140,,,,,+139,,,,,-200,-194,-200,-200,-205,,,-200,,,,,-194,,,,
2024-04-07,Ben Rortvedt,/mlb/props/benjamin-rortvedt/,TB at COL,NYM,C,0.5,+115,+120,+115,+120,+115,,,+110,,,,,+112,,,,,-155,-150,-154,-150,-155,,,-155,,,,,-154,,,,
2024-04-07,Jacob Stallings,/mlb/props/jacob-stallings/,TB at COL,FA,C,0.5,+130,+130,+125,+130,+125,,,+120,,,,,+123,,,,,-170,-160,-165,-160,-165,,,-165,,,,,-169,,,,
2024-04-07,Brandon Lowe,/mlb/props/brandon-lowe/,TB at COL,PIT,2B,0.5,-105,-110,-115,-115,-110,,,-115,,,,,-115,,,,,-125,-115,-119,-115,-120,,,-120,,,,,-119,,,,
2024-04-07,Jose Caballero,/mlb/props/jose-caballero/,TB at COL,NYY,"2B,3B,SS,LF,RF",0.5,+115,+105,+100,+100,+105,,,+100,,,,,+100,,,,,-150,-130,-135,-130,-135,,,-135,,,,,-137,,,,
2024-04-07,Jose Siri,/mlb/props/jose-siri/,TB at COL,LAA,"LF,CF",0.5,+100,+110,+106,+110,+110,,,+105,,,,,+106,,,,,-130,-140,-145,-140,-145,,,-140,,,,,-145,,,,
2024-04-07,Kris Bryant,/mlb/props/kris-bryant/,TB at COL,COL,DH,0.5,+115,+115,+114,+115,+115,,,+110,,,,,+114,,,,,-155,-145,-150,-145,-150,,,-155,,,,,-157,,,,
2024-04-07,Michael Toglia,/mlb/props/mike-toglia/,TB at COL,CIN,1B,0.5,+155,+160,+152,+160,+155,,,+145,,,,,+152,,,,,-210,-200,-210,-200,-210,,,-215,,,,,-214,,,,
2024-04-07,Randy Arozarena,/mlb/props/randy-arozarena/,TB at COL,SEA,"LF,CF",0.5,-120,-115,-120,-115,-120,,,-120,,,,,-121,,,,,-110,-110,-113,-115,-110,,,-115,,,,,-113,,,,
2024-04-07,Austin Shenton,/mlb/props/austin-shenton/,TB at COL,FA,1B,0.5,+105,+105,+105,+105,+105,,,+105,,,,,-101,,,,,-140,-135,-140,-135,-140,,,-140,,,,,-135,,,,
2024-04-07,Harold Ramirez,/mlb/props/harold-ramirez-of/,TB at COL,FA,"LF,RF,DH",0.5,-180,-210,-215,-210,-215,,,-220,,,,,-214,,,,,+135,+165,+160,+165,+160,,,+150,,,,,+152,,,,
2024-04-07,Ryan McMahon,/mlb/props/ryan-mcmahon/,TB at COL,NYY,3B,0.5,+130,+126,+120,+125,+120,,,+115,,,,,+126,,,,,-170,-155,-165,-155,-165,,,-160,,,,,-174,,,,
2024-04-07,Charlie Blackmon,/mlb/props/charlie-blackmon/,TB at COL,FA,"RF,DH",0.5,-105,-103,-105,-110,-105,,,-110,,,,,-103,,,,,-125,-120,-125,-120,-125,,,-125,,,,,-133,,,,
2024-04-07,Rene Pinto,/mlb/props/rene-pinto/,TB at COL,PHI,C,0.5,+110,+110,+110,+110,+110,,,+105,,,,,+110,,,,,-145,-140,-145,-140,-145,,,-150,,,,,-151,,,,
2024-04-07,Richie Palacios,/mlb/props/richie-palacios/,TB at COL,TB,"2B,LF",0.5,-125,-120,-125,-120,-125,,,-125,,,,,-127,,,,,-105,-108,-110,-110,-110,,,-110,,,,,-108,,,,
2024-04-07,Ezequiel Tovar,/mlb/props/ezequiel-tovar/,TB at COL,COL,SS,0.5,-125,-125,-129,-125,-130,,,-130,,,,,-129,,,,,-105,-105,-105,-105,-105,,,-105,,,,,-106,,,,
2024-04-07,Patrick Bailey,/mlb/props/patrick-bailey/,SD at SF,CLE,C,0.5,+110,+110,+106,+105,+110,,,+105,,,,,+106,,,,,-145,-135,-140,-135,-145,,,-140,,,,,-145,,,,
2024-04-07,Tom Murphy,/mlb/props/tom-murphy/,SD at SF,FA,C,0.5,-110,-105,-110,-110,-105,,,-110,,,,,-111,,,,,-120,-120,-123,-120,-125,,,-125,,,,,-123,,,,
2024-04-07,Tyler Wade,/mlb/props/tyler-wade/,SD at SF,FA,"2B,LF,CF",0.5,-115,-115,-115,-115,-115,,,-115,,,,,-117,,,,,-115,-115,-115,-115,-115,,,-115,,,,,-117,,,,
2024-04-07,LaMonte Wade Jr.,/mlb/props/lamonte-wade/,SD at SF,HOU,"1B,RF",0.5,+110,+110,+105,+105,+110,,,+105,,,,,+104,,,,,-145,-135,-140,-135,-145,,,-140,,,,,-142,,,,
2024-04-07,Michael Conforto,/mlb/props/michael-conforto/,SD at SF,CHC,"LF,RF,DH",0.5,-105,-105,-108,-115,-105,,,-115,,,,,-108,,,,,-125,-115,-120,-115,-125,,,-120,,,,,-127,,,,
2024-04-07,Xander Bogaerts,/mlb/props/xander-bogaerts/,SD at SF,SD,SS,0.5,-190,-170,-180,-170,-180,,,-180,,,,,-189,,,,,+140,+140,+135,+140,+135,,,+130,,,,,+136,,,,
2024-04-07,Mike Yastrzemski,/mlb/props/michael-yastrzemski/,SD at SF,ATL,"LF,CF,RF",0.5,+155,+165,+160,+165,+160,,,+150,,,,,+152,,,,,-215,-210,-215,-210,-215,,,-220,,,,,-214,,,,
2024-04-07,Fernando Tatis Jr.,/mlb/props/fernando-tatis-jr/,SD at SF,SD,"2B,RF",0.5,-170,-165,-174,-165,-180,,,-175,,,,,-174,,,,,+130,+135,+126,+135,+135,,,+125,,,,,+126,,,,
2024-04-07,Jorge Soler,/mlb/props/jorge-soler/,SD at SF,LAA,"RF,DH",0.5,-110,-105,-105,-105,-105,,,-105,,,,,-106,,,,,-120,-125,-129,-125,-130,,,-130,,,,,-129,,,,
2024-04-07,Jackson Merrill,/mlb/props/jackson-merrill/,SD at SF,SD,CF,0.5,-110,-115,-115,-115,-115,,,-115,,,,,-115,,,,,-120,-115,-115,-115,-115,,,-115,,,,,-119,,,,
2024-04-07,Nick Ahmed,/mlb/props/nick-ahmed/,SD at SF,FA,SS,0.5,+100,+100,+100,+100,+100,,,+100,,,,,-103,,,,,-130,-130,-133,-130,-130,,,-135,,,,,-133,,,,
2024-04-07,Luis Campusano,/mlb/props/luis-campusano/,SD at SF,SD,"C,DH",0.5,-165,-160,-165,-160,-165,,,-165,,,,,-169,,,,,+125,+130,+125,+130,+125,,,+120,,,,,+123,,,,
2024-04-07,Kyle Higashioka,/mlb/props/kyle-higashioka/,SD at SF,TEX,"C,DH",0.5,+115,+115,+110,+115,+115,,,+110,,,,,+110,,,,,-150,-145,-150,-145,-150,,,-155,,,,,-151,,,,
2024-04-07,Thairo Estrada,/mlb/props/thairo-estrada/,SD at SF,FA,2B,0.5,-145,-135,-140,-135,-140,,,-140,,,,,-145,,,,,+110,+106,+105,+105,+105,,,+105,,,,,+106,,,,
2024-04-07,Ha-Seong Kim,/mlb/props/ha-seong-kim/,SD at SF,ATL,"2B,SS",0.5,-145,-135,-139,-135,-135,,,-140,,,,,-139,,,,,+110,+105,+105,+105,+105,,,+105,,,,,+102,,,,
2024-04-07,Jake Cronenworth,/mlb/props/jacob-cronenworth/,SD at SF,SD,"1B,2B,SS",0.5,-150,-145,-155,-145,-145,,,-155,,,,,-157,,,,,+115,+115,+114,+115,+110,,,+110,,,,,+114,,,,
2024-04-07,Jung Hoo Lee,/mlb/props/jung-lee/,SD at SF,SF,"CF,RF",0.5,-160,-160,-163,-160,-165,,,-165,,,,,-163,,,,,+120,+130,+125,+130,+125,,,+120,,,,,+118,,,,
2024-04-07,Jurickson Profar,/mlb/props/jurickson-profar/,SD at SF,ATL,LF,0.5,-120,-115,-115,-115,-115,,,-115,,,,,-125,,,,,-110,-109,-115,-115,-115,,,-115,,,,,-109,,,,
2024-04-07,Graham Pauley,/mlb/props/graham-pauley/,SD at SF,MIA,"1B,3B",0.5,-105,+100,-104,-105,+100,,,-105,,,,,-104,,,,,-125,-125,-130,-125,-130,,,-130,,,,,-131,,,,
2024-04-07,Manny Machado,/mlb/props/manny-machado/,SD at SF,SD,"3B,DH",0.5,-165,-155,-160,-155,-165,,,-160,,,,,-166,,,,,+125,+125,+120,+125,+120,,,+115,,,,,+120,,,,
2024-04-07,Matt Chapman,/mlb/props/matt-chapman/,SD at SF,SF,3B,0.5,+100,+100,+100,+100,+100,,,+100,,,,,-103,,,,,-130,-130,-133,-130,-135,,,-135,,,,,-133,,,,
2024-04-07,Wilyer Abreu,/mlb/props/wilyer-abreu/,BOS at LAA,BOS,"LF,CF,RF",0.5,+150,+155,+150,+155,+150,,,+140,,,,,+139,,,,,-200,-190,-194,-190,-200,,,-200,,,,,-194,,,,
2024-04-07,Mickey Moniak,/mlb/props/mckenzie-moniak/,BOS at LAA,COL,"LF,CF,RF,DH",0.5,+165,+170,+159,+170,+165,,,+150,,,,,+159,,,,,-225,-220,-224,-220,-225,,,-220,,,,,-224,,,,
2024-04-07,Enmanuel Valdez,/mlb/props/enmanuel-valdez/,BOS at LAA,PIT,1B,0.5,+150,+130,+125,+130,+125,,,+120,,,,,+118,,,,,-205,-160,-163,-160,-165,,,-165,,,,,-163,,,,
2024-04-07,Nolan Schanuel,/mlb/props/nolan-schanuel/,BOS at LAA,LAA,1B,0.5,-130,-120,-125,-120,-125,,,-125,,,,,-127,,,,,+100,-105,-108,-110,-105,,,-110,,,,,-108,,,,
2024-04-07,David Hamilton,/mlb/props/david-hamilton/,BOS at LAA,MIL,"2B,3B,SS",0.5,+175,+180,+175,+180,+175,,,+165,,,,,+165,,,,,-240,-230,-234,-230,-240,,,-240,,,,,-234,,,,
2024-04-07,Reese McGuire,/mlb/props/reese-mcguire/,BOS at LAA,FA,C,0.5,+115,+115,+108,+115,+115,,,+105,,,,,+108,,,,,-150,-145,-148,-145,-150,,,-150,,,,,-148,,,,
2024-04-07,Logan O'Hoppe,/mlb/props/logan-ohoppe/,BOS at LAA,LAA,C,0.5,+115,+120,+115,+120,+120,,,+115,,,,,+114,,,,,-155,-150,-157,-150,-160,,,-160,,,,,-157,,,,
2024-04-07,Miguel Sano,/mlb/props/miguel-sano/,BOS at LAA,FA,"1B,3B",0.5,+190,+195,+185,+195,+185,,,+175,,,,,+184,,,,,-265,-245,-255,-245,-255,,,-250,,,,,-264,,,,
2024-04-07,Masataka Yoshida,/mlb/props/masataka-yoshida/,BOS at LAA,BOS,"LF,DH",0.5,-135,-120,-125,-120,-125,,,-125,,,,,-127,,,,,+100,-108,-110,-110,-110,,,-110,,,,,-108,,,,
2024-04-07,Rafael Devers,/mlb/props/rafael-devers/,BOS at LAA,SF,"1B,DH",0.5,+100,+105,+100,+100,+105,,,+100,,,,,+100,,,,,-135,-130,-135,-130,-135,,,-135,,,,,-137,,,,
2024-04-07,Bobby Dalbec,/mlb/props/robert-dalbec/,BOS at LAA,FA,"1B,3B",0.5,+175,+170,+165,+170,+170,,,+160,,,,,+165,,,,,-240,-220,-225,-220,-230,,,-225,,,,,-234,,,,
2024-04-07,Connor Wong,/mlb/props/connor-wong/,BOS at LAA,BOS,C,0.5,+140,+145,+139,+145,+135,,,+130,,,,,+139,,,,,-190,-180,-185,-180,-185,,,-180,,,,,-194,,,,
2024-04-07,Zach Neto,/mlb/props/zach-neto/,BOS at LAA,LAA,SS,0.5,+135,+140,+130,+140,+130,,,+125,,,,,+129,,,,,-180,-170,-175,-170,-175,,,-175,,,,,-179,,,,
2024-04-07,Triston Casas,/mlb/props/triston-casas/,BOS at LAA,BOS,1B,0.5,+135,+145,+140,+145,+140,,,+130,,,,,+133,,,,,-180,-180,-184,-180,-185,,,-180,,,,,-184,,,,
2024-04-07,Mike Trout,/mlb/props/mike-trout/,BOS at LAA,LAA,"CF,RF,DH",0.5,+125,+130,+125,+130,+125,,,+120,,,,,+126,,,,,-165,-160,-165,-160,-170,,,-165,,,,,-174,,,,
2024-04-07,Jarren Duran,/mlb/props/jarren-duran/,BOS at LAA,BOS,"LF,CF,DH",0.5,-115,-110,-115,-115,-110,,,-115,,,,,-121,,,,,-115,-113,-115,-115,-120,,,-120,,,,,-113,,,,
2024-04-07,Ceddanne Rafaela,/mlb/props/ceddanne-rafaela/,BOS at LAA,BOS,"2B,CF",0.5,+115,+115,+110,+115,+110,,,,,,,,+110,,,,,-150,-145,-150,-145,-150,,,,,,,,-151,,,,
2024-04-07,Taylor Ward,/mlb/props/taylor-ward/,BOS at LAA,BAL,LF,0.5,-110,-108,-110,-115,-110,,,-115,,,,,-108,,,,,-120,-115,-120,-115,-120,,,-120,,,,,-127,,,,
2024-04-07,Brandon Drury,/mlb/props/brandon-drury/,BOS at LAA,KC,"1B,2B,3B",0.5,+100,+104,+100,-105,+100,,,-105,,,,,+104,,,,,-135,-125,-130,-125,-130,,,-130,,,,,-142,,,,
2024-04-07,Tyler O'Neill,/mlb/props/tyler-oneill/,BOS at LAA,BAL,"LF,RF",0.5,+105,+100,+100,+100,+100,,,+100,,,,,-106,,,,,-140,-129,-130,-130,-135,,,-135,,,,,-129,,,,
2024-04-07,Anthony Rendon,/mlb/props/anthony-rendon/,BOS at LAA,LAA,3B,0.5,-120,-115,-119,-115,-120,,,-120,,,,,-119,,,,,-110,-110,-115,-115,-110,,,-115,,,,,-115,,,,
2024-04-07,Jared Walsh,/mlb/props/jared-walsh/,HOU at TEX,FA,"1B,RF",0.5,+165,+165,+159,+165,+160,,,+150,,,,,+159,,,,,-225,-210,-215,-210,-215,,,-220,,,,,-224,,,,
2024-04-07,Corey Seager,/mlb/props/corey-seager/,HOU at TEX,TEX,SS,0.5,-110,-109,-110,-110,-110,,,-115,,,,,-109,,,,,-120,-120,-120,-120,-120,,,-120,,,,,-125,,,,
2024-04-07,Travis Jankowski,/mlb/props/travis-jankowski/,HOU at TEX,FA,"LF,CF,RF",0.5,+100,+105,+100,+105,+100,,,+100,,,,,-103,,,,,-130,-130,-133,-135,-130,,,-135,,,,,-133,,,,
2024-04-07,Alex Bregman,/mlb/props/alex-bregman/,HOU at TEX,CHC,"3B,DH",0.5,-115,-119,-120,-120,-120,,,-125,,,,,-119,,,,,-115,-110,-110,-110,-110,,,-110,,,,,-115,,,,
2024-04-07,Jose Abreu,/mlb/props/jose-dariel-abreu/,HOU at TEX,FA,1B,0.5,-115,-117,-120,-120,-125,,,-120,,,,,-117,,,,,-115,-110,-115,-110,-110,,,-115,,,,,-117,,,,
2024-04-07,Marcus Semien,/mlb/props/marcus-semien/,HOU at TEX,NYM,2B,0.5,-105,-115,-115,-115,-115,,,-115,,,,,-119,,,,,-125,-115,-115,-115,-115,,,-115,,,,,-115,,,,
2024-04-07,Leody Taveras,/mlb/props/leody-taveras-of/,HOU at TEX,BAL,"CF,RF",0.5,+110,+108,+105,+105,+105,,,+105,,,,,+108,,,,,-150,-135,-140,-135,-140,,,-140,,,,,-148,,,,
2024-04-07,Jose Altuve,/mlb/props/jose-altuve/,HOU at TEX,HOU,"2B,LF,DH",0.5,-135,-135,-140,-140,-145,,,-150,,,,,-135,,,,,+105,+110,+105,+110,+110,,,+105,,,,,-101,,,,
2024-04-07,Jon Singleton,/mlb/props/jonathan-singleton/,HOU at TEX,FA,"1B,DH",0.5,+125,+130,+125,+130,+125,,,+120,,,,,+120,,,,,-165,-160,-165,-160,-165,,,-165,,,,,-166,,,,
2024-04-07,Yainer Diaz,/mlb/props/yainer-diaz-c/,HOU at TEX,HOU,"C,DH",0.5,-135,-140,-145,-140,-145,,,-150,,,,,-148,,,,,+100,+110,+108,+110,+110,,,+105,,,,,+108,,,,
2024-04-07,Jake Meyers,/mlb/props/jacob-meyers/,HOU at TEX,HOU,CF,0.5,+125,+120,+115,+120,+120,,,+115,,,,,+114,,,,,-165,-150,-155,-150,-155,,,-160,,,,,-157,,,,
2024-04-07,Josh Smith,/mlb/props/josh-smith-ss/,HOU at TEX,TEX,"1B,2B,3B,SS,LF,RF",0.5,+135,+145,+135,+145,+135,,,+130,,,,,+133,,,,,-180,-180,-180,-180,-180,,,-180,,,,,-184,,,,
2024-04-07,Chas McCormick,/mlb/props/chas-mccormick/,HOU at TEX,CHC,"LF,CF,RF",0.5,-105,+100,-105,-105,+100,,,-105,,,,,-111,,,,,-125,-123,-125,-125,-130,,,-130,,,,,-123,,,,
2024-04-07,Jonah Heim,/mlb/props/jonah-heim/,HOU at TEX,ATH,"C,DH",0.5,+115,+115,+114,+115,+115,,,+110,,,,,+114,,,,,-155,-145,-150,-145,-150,,,-155,,,,,-157,,,,
2024-04-07,Adolis Garcia,/mlb/props/jose-adolis-garcia/,HOU at TEX,PHI,RF,0.5,+150,+145,+140,+145,+140,,,+130,,,,,+133,,,,,-205,-180,-184,-180,-185,,,-180,,,,,-184,,,,
2024-04-07,Evan Carter,/mlb/props/evan-carter/,HOU at TEX,TEX,"LF,CF,RF",0.5,+125,+120,+118,+120,+120,,,+115,,,,,+118,,,,,-165,-150,-160,-150,-160,,,-160,,,,,-163,,,,
2024-04-07,Yordan Alvarez,/mlb/props/yordan-alvarez/,HOU at TEX,HOU,"LF,DH",0.5,+110,+110,+105,+105,+110,,,+105,,,,,+110,,,,,-145,-135,-145,-135,-145,,,-140,,,,,-151,,,,
2024-04-07,Jeremy Pena,/mlb/props/jeremy-pena/,HOU at TEX,HOU,SS,0.5,-130,-130,-135,-130,-140,,,-135,,,,,-139,,,,,+100,+105,+102,+100,+105,,,+100,,,,,+102,,,,
2024-04-07,Wyatt Langford,/mlb/props/wyatt-langford/,HOU at TEX,TEX,"LF,CF",0.5,-110,-115,-115,-115,-115,,,-115,,,,,-117,,,,,-120,-115,-115,-115,-115,,,-115,,,,,-117,,,,
2024-04-07,Kyle Tucker,/mlb/props/kyle-tucker/,HOU at TEX,LAD,"RF,DH",0.5,-105,-108,-110,-115,-110,,,-115,,,,,-108,,,,,-125,-115,-120,-115,-120,,,-120,,,,,-127,,,,
2024-04-08,Brayan Rocchio,/mlb/props/brayan-rocchio/,CWS at CLE,CLE,"2B,SS",0.5,+115,+110,+105,+105,+110,,,+105,,,,,+102,,,,,-150,-135,-140,-135,-145,,,-140,,,,,-139,,,,
2024-04-08,Braden Shewmake,/mlb/props/braden-shewmake/,CWS at CLE,HOU,"2B,3B,SS",0.5,+160,+175,+165,+175,+170,,,+160,,,,,+165,,,,,-200,-225,-230,-225,-230,,,-225,,,,,-234,,,,
2024-04-08,Ramon Laureano,/mlb/props/ramon-laureano/,CWS at CLE,SD,"LF,CF,RF",0.5,+135,+115,+112,+115,+115,,,+110,,,,,+112,,,,,-180,-145,-154,-145,-155,,,-155,,,,,-154,,,,
2024-04-08,Austin Hedges,/mlb/props/austin-hedges/,CWS at CLE,CLE,C,0.5,+150,+135,+130,+135,+130,,,+120,,,,,+123,,,,,-200,-165,-169,-165,-170,,,-165,,,,,-169,,,,
2024-04-08,Martin Maldonado,/mlb/props/martin-maldonado/,CWS at CLE,FA,C,0.5,+265,+300,+285,+300,+285,,,,,,,,+262,,,,,-360,-400,-404,-400,-425,,,,,,,,-404,,,,
2024-04-08,Jose Ramirez,/mlb/props/jose-ramirez/,CWS at CLE,CLE,"3B,DH",0.5,-115,-115,-115,-115,-120,,,-115,,,,,-115,,,,,-115,-110,-115,-115,-110,,,-115,,,,,-119,,,,
2024-04-08,Tyler Freeman,/mlb/props/tyler-freeman-ss/,CWS at CLE,COL,"2B,RF,DH",0.5,-120,-129,-135,-130,-140,,,-135,,,,,-129,,,,,-110,+105,+100,+100,+105,,,+100,,,,,-106,,,,
2024-04-08,Josh Naylor,/mlb/props/josh-naylor/,CWS at CLE,SEA,"1B,DH",0.5,-130,-145,-154,-145,-155,,,-155,,,,,-154,,,,,-105,+115,+112,+115,+115,,,+110,,,,,+112,,,,
2024-04-08,Steven Kwan,/mlb/props/steven-kwan/,CWS at CLE,CLE,"LF,CF",0.5,-180,-225,-235,-225,-235,,,-225,,,,,-244,,,,,+135,+175,+170,+175,+170,,,+160,,,,,+172,,,,
2024-04-08,Andrew Vaughn,/mlb/props/andrew-vaughn-1b/,CWS at CLE,MIL,1B,0.5,-105,+110,+106,+110,+110,,,+105,,,,,+106,,,,,-125,-140,-145,-140,-145,,,-150,,,,,-145,,,,
2024-04-08,Gavin Sheets,/mlb/props/gavin-sheets/,CWS at CLE,SD,"1B,LF,RF,DH",0.5,+140,+150,+145,+150,+145,,,+135,,,,,+139,,,,,-170,-185,-190,-185,-195,,,-190,,,,,-194,,,,
2024-04-08,Dominic Fletcher,/mlb/props/dominic-fletcher/,CWS at CLE,PIT,"CF,RF",0.5,+110,+115,+110,+115,+110,,,+105,,,,,+110,,,,,-140,-145,-150,-145,-150,,,-150,,,,,-151,,,,
2024-04-08,Yoan Moncada,/mlb/props/yoan-moncada/,CWS at CLE,LAA,3B,0.5,+135,+145,+140,+145,+140,,,+130,,,,,+129,,,,,-165,-179,-180,-180,-185,,,-180,,,,,-179,,,,
2024-04-08,Robbie Grossman,/mlb/props/robbie-grossman/,CWS at CLE,FA,"LF,RF",0.5,+145,+155,+146,+155,+145,,,+140,,,,,+146,,,,,-180,-190,-195,-190,-195,,,-200,,,,,-204,,,,
2024-04-08,David Fry,/mlb/props/david-fry/,CWS at CLE,CLE,"C,LF,RF,DH",0.5,+120,+105,+102,+105,+105,,,+100,,,,,+102,,,,,-165,-135,-139,-135,-140,,,-135,,,,,-139,,,,
2024-04-08,Andrew Benintendi,/mlb/props/andrew-benintendi/,CWS at CLE,CWS,"LF,DH",0.5,-125,-115,-115,-115,-115,,,-115,,,,,-119,,,,,-105,-115,-115,-115,-115,,,-115,,,,,-115,,,,
2024-04-08,Korey Lee,/mlb/props/korey-lee/,CWS at CLE,CWS,C,0.5,+165,+165,+159,+165,+160,,,+150,,,,,+159,,,,,-230,-210,-215,-210,-215,,,-220,,,,,-224,,,,
2024-04-08,Nicky Lopez,/mlb/props/nicky-lopez/,CWS at CLE,TEX,"2B,3B,SS",0.5,-120,-105,-108,-110,-105,,,-110,,,,,-108,,,,,-110,-120,-125,-120,-125,,,-125,,,,,-127,,,,
2024-04-08,Andres Gimenez,/mlb/props/andres-giminez/,CWS at CLE,TOR,"2B,SS",0.5,+110,-105,-110,-110,-105,,,-110,,,,,-113,,,,,-145,-120,-121,-120,-125,,,-125,,,,,-121,,,,
2024-04-08,Alex Verdugo,/mlb/props/alex-verdugo/,MIA at NYY,FA,"LF,RF",0.5,+110,+110,+106,+110,+110,,,+105,,,,,+106,,,,,-145,-140,-145,-140,-145,,,-150,,,,,-145,,,,
2024-04-08,Avisail Garcia,/mlb/props/avisail-garcia/,MIA at NYY,FA,"LF,RF",0.5,+135,+140,+133,+140,+135,,,+125,,,,,+133,,,,,-180,-170,-175,-170,-180,,,-175,,,,,-184,,,,
2024-04-08,Luis Arraez,/mlb/props/luis-arraez/,MIA at NYY,SF,"1B,2B,DH",0.5,-160,-160,-165,-160,-165,,,-165,,,,,-169,,,,,+120,+130,+125,+130,+125,,,+120,,,,,+123,,,,
2024-04-08,Emmanuel Rivera,/mlb/props/emmanuel-rivera/,MIA at NYY,FA,"1B,3B",0.5,+125,+120,+115,+115,+120,,,+110,,,,,+112,,,,,-170,-145,-154,-145,-155,,,-155,,,,,-154,,,,
2024-04-08,Juan Soto,/mlb/props/juan-soto/,MIA at NYY,NYM,"LF,RF,DH",0.5,+120,+125,+120,+125,+125,,,+115,,,,,+120,,,,,-160,-155,-160,-155,-165,,,-160,,,,,-166,,,,
2024-04-08,Vidal Brujan,/mlb/props/vidal-brujan-2b/,MIA at NYY,NYM,"3B,SS,OF",0.5,+140,+145,+136,+145,+140,,,+130,,,,,+136,,,,,-190,-180,-189,-180,-190,,,-180,,,,,-189,,,,
2024-04-08,Josh Bell,/mlb/props/josh-bell/,MIA at NYY,MIN,"1B,DH",0.5,+100,+102,+100,+100,+100,,,-105,,,,,+102,,,,,-130,-130,-135,-130,-135,,,-130,,,,,-139,,,,
2024-04-08,Bryan De La Cruz,/mlb/props/bryan-de-la-cruz/,MIA at NYY,PHI,LF,0.5,+105,-109,-110,-110,-110,,,-110,,,,,-109,,,,,-140,-120,-125,-120,-125,,,-125,,,,,-125,,,,
2024-04-08,Nick Fortes,/mlb/props/nick-fortes/,MIA at NYY,TB,C,0.5,+150,+145,+140,+145,+140,,,+135,,,,,+133,,,,,-205,-180,-185,-180,-185,,,-190,,,,,-184,,,,
2024-04-08,Jake Burger,/mlb/props/jake-burger-3b/,MIA at NYY,TEX,1B,0.5,+130,+135,+129,+135,+130,,,+120,,,,,+129,,,,,-170,-165,-175,-165,-175,,,-165,,,,,-179,,,,
2024-04-08,Anthony Volpe,/mlb/props/anthony-volpe/,MIA at NYY,NYY,SS,0.5,+120,+120,+115,+120,+120,,,+115,,,,,+114,,,,,-160,-150,-157,-150,-160,,,-160,,,,,-157,,,,
2024-04-08,Giancarlo Stanton,/mlb/props/giancarlo-stanton/,MIA at NYY,NYY,"LF,RF,DH",0.5,+140,+150,+140,+150,+140,,,+135,,,,,+139,,,,,-190,-185,-190,-185,-190,,,-190,,,,,-194,,,,
2024-04-08,Gleyber Torres,/mlb/props/gleyber-torres/,MIA at NYY,DET,2B,0.5,+105,+105,+104,+100,+105,,,+100,,,,,+104,,,,,-140,-130,-135,-130,-135,,,-135,,,,,-142,,,,
2024-04-08,Jon Berti,/mlb/props/jon-berti/,MIA at NYY,FA,"2B,3B",0.5,+100,+102,+100,+100,+100,,,+100,,,,,+102,,,,,-135,-130,-135,-130,-135,,,-135,,,,,-139,,,,
2024-04-08,Aaron Judge,/mlb/props/aaron-judge/,MIA at NYY,NYY,"LF,CF,RF,DH",0.5,+185,+190,+172,+190,+185,,,+165,,,,,+172,,,,,-250,-240,-244,-240,-250,,,-240,,,,,-244,,,,
2024-04-08,Jose Trevino,/mlb/props/jose-trevino/,MIA at NYY,CIN,C,0.5,+125,+115,+112,+115,+115,,,+105,,,,,+112,,,,,-165,-145,-150,-145,-155,,,-150,,,,,-154,,,,
2024-04-08,Tim Anderson,/mlb/props/tim-anderson/,MIA at NYY,FA,"2B,SS",0.5,-130,-135,-140,-135,-140,,,-140,,,,,-135,,,,,+100,+105,+105,+105,+105,,,+105,,,,,-101,,,,
2024-04-08,Jazz Chisholm Jr.,/mlb/props/jasrado-chisholm/,MIA at NYY,NYY,"2B,3B",0.5,+165,+160,+152,+160,+155,,,+145,,,,,+152,,,,,-225,-200,-210,-200,-210,,,-215,,,,,-214,,,,
2024-04-08,Anthony Rizzo,/mlb/props/anthony-rizzo/,MIA at NYY,FA,1B,0.5,+120,+125,+116,+125,+125,,,+115,,,,,+116,,,,,-160,-155,-160,-155,-165,,,-160,,,,,-160,,,,
2024-04-08,Michael A. Taylor,/mlb/props/michael-taylor/,DET at PIT,FA,"LF,CF,RF",0.5,+145,+160,+150,+160,+150,,,+145,,,,,+143,,,,,-195,-199,-205,-200,-205,,,-215,,,,,-199,,,,
2024-04-08,Henry Davis,/mlb/props/henry-davis/,DET at PIT,PIT,C,0.5,+120,+130,+120,+130,+120,,,+115,,,,,+116,,,,,-155,-155,-160,-160,-155,,,-160,,,,,-160,,,,
2024-04-08,Kerry Carpenter,/mlb/props/kerry-carpenter/,DET at PIT,DET,"LF,RF,DH",0.5,+100,-105,-105,-105,-105,,,-105,,,,,-106,,,,,-130,-125,-129,-125,-130,,,-130,,,,,-129,,,,
2024-04-08,Connor Joe,/mlb/props/connor-joe/,DET at PIT,SEA,"LF,RF",0.5,+105,+105,+105,+105,+105,,,+105,,,,,+104,,,,,-140,-135,-140,-135,-140,,,-140,,,,,-142,,,,
2024-04-08,Carson Kelly,/mlb/props/carson-kelly/,DET at PIT,CHC,C,0.5,+115,+130,+125,+130,+125,,,+120,,,,,+116,,,,,-155,-160,-165,-160,-165,,,-165,,,,,-160,,,,
2024-04-08,Jared Triolo,/mlb/props/jared-triolo/,DET at PIT,PIT,"1B,2B,3B,SS",0.5,-105,-105,-110,-110,-105,,,-110,,,,,-115,,,,,-125,-119,-120,-120,-125,,,-125,,,,,-119,,,,
2024-04-08,Ke'Bryan Hayes,/mlb/props/kebryan-hayes/,DET at PIT,CIN,3B,0.5,-135,-133,-135,-135,-140,,,-135,,,,,-133,,,,,+105,+105,+100,+105,+105,,,+100,,,,,-103,,,,
2024-04-08,Matt Vierling,/mlb/props/matt-vierling/,DET at PIT,DET,"LF,CF,RF",0.5,-120,-120,-123,-120,-120,,,-125,,,,,-123,,,,,-110,-110,-110,-110,-110,,,-110,,,,,-111,,,,
2024-04-08,Riley Greene,/mlb/props/riley-greene-of/,DET at PIT,DET,"LF,CF,RF,DH",0.5,+105,-105,-106,-110,-105,,,-110,,,,,-106,,,,,-140,-120,-125,-120,-125,,,-125,,,,,-129,,,,
2024-04-08,Spencer Torkelson,/mlb/props/spencer-torkelson-if/,DET at PIT,DET,1B,0.5,+100,+106,+105,+100,+105,,,+100,,,,,+106,,,,,-130,-130,-135,-130,-135,,,-135,,,,,-145,,,,
2024-04-08,Oneil Cruz,/mlb/props/oneil-cruz-3b/,DET at PIT,PIT,"CF,DH",0.5,+100,+102,+100,-105,+100,,,-105,,,,,+102,,,,,-135,-125,-130,-125,-135,,,-130,,,,,-139,,,,
2024-04-08,Zach McKinstry,/mlb/props/zach-mckinstry/,DET at PIT,DET,"2B,3B,SS,LF,RF",0.5,+115,+115,+114,+115,+115,,,+110,,,,,+114,,,,,-155,-145,-155,-145,-155,,,-155,,,,,-157,,,,
2024-04-08,Joey Bart,/mlb/props/joseph-bart/,DET at PIT,ATL,C,0.5,+160,+160,+152,+160,+150,,,+145,,,,,+152,,,,,-215,-200,-205,-200,-205,,,-215,,,,,-214,,,,
2024-04-08,Javier Baez,/mlb/props/javier-baez/,DET at PIT,DET,"2B,3B,SS,CF",0.5,-110,-115,-120,-115,-115,,,-120,,,,,-121,,,,,-120,-113,-115,-115,-115,,,-115,,,,,-113,,,,
2024-04-08,Parker Meadows,/mlb/props/parker-meadows/,DET at PIT,DET,CF,0.5,+120,+125,+120,+125,+120,,,+115,,,,,+114,,,,,-155,-155,-157,-155,-160,,,-160,,,,,-157,,,,
2024-04-08,Andrew McCutchen,/mlb/props/andrew-mccutchen/,DET at PIT,FA,"LF,RF,DH",0.5,+115,+116,+115,+115,+115,,,+110,,,,,+116,,,,,-155,-145,-155,-145,-155,,,-155,,,,,-160,,,,
2024-04-08,Bryan Reynolds,/mlb/props/bryan-reynolds/,DET at PIT,PIT,"LF,CF,RF,DH",0.5,+110,+104,+100,+100,+100,,,+100,,,,,+104,,,,,-145,-130,-135,-130,-135,,,-135,,,,,-142,,,,
2024-04-08,Rowdy Tellez,/mlb/props/rowdy-tellez/,DET at PIT,ATL,1B,0.5,+160,+155,+146,+155,+150,,,+140,,,,,+146,,,,,-215,-190,-200,-190,-205,,,-200,,,,,-204,,,,
2024-04-08,Jake Rogers,/mlb/props/jake-rogers/,DET at PIT,DET,C,0.5,+150,+155,+150,+155,+150,,,+140,,,,,+152,,,,,-205,-190,-200,-190,-205,,,-200,,,,,-214,,,,
2024-04-08,Mark Canha,/mlb/props/mark-canha/,DET at PIT,FA,"LF,RF",0.5,-115,-105,-110,-110,-105,,,-110,,,,,-111,,,,,-115,-120,-123,-120,-125,,,-125,,,,,-123,,,,
2024-04-08,Colt Keith,/mlb/props/colt-keith/,DET at PIT,DET,"1B,2B,3B,DH",0.5,+100,-105,-109,-110,-105,,,-110,,,,,-109,,,,,-135,-120,-125,-120,-125,,,-125,,,,,-125,,,,
2024-04-08,Jack Suwinski,/mlb/props/jack-suwinski/,DET at PIT,LAD,"LF,CF,RF",0.5,+155,+160,+150,+160,+150,,,+140,,,,,+152,,,,,-215,-200,-200,-200,-200,,,-200,,,,,-214,,,,
2024-04-08,Gio Urshela,/mlb/props/giovanny-urshela/,DET at PIT,FA,3B,0.5,-175,-160,-165,-160,-165,,,-165,,,,,-174,,,,,+130,+130,+125,+130,+125,,,+120,,,,,+126,,,,
2024-04-08,Jeimer Candelario,/mlb/props/jeimer-candelario/,MIL at CIN,LAA,"1B,3B",0.5,+110,+105,+105,+105,+105,,,+105,,,,,+102,,,,,-145,-135,-139,-135,-140,,,-140,,,,,-139,,,,
2024-04-08,Spencer Steer,/mlb/props/spencer-steer/,MIL at CIN,CIN,"1B,2B,LF,RF",0.5,-110,-111,-115,-115,-115,,,-115,,,,,-111,,,,,-120,-115,-115,-115,-115,,,-115,,,,,-123,,,,
2024-04-08,Jonathan India,/mlb/props/jonathan-india/,MIL at CIN,KC,"2B,3B,LF,DH",0.5,+100,-103,-105,-110,-105,,,-110,,,,,-103,,,,,-130,-120,-125,-120,-125,,,-125,,,,,-133,,,,
2024-04-08,William Contreras,/mlb/props/william-contreras/,MIL at CIN,MIL,"C,DH",0.5,-140,-140,-145,-140,-145,,,-150,,,,,-145,,,,,+105,+110,+106,+110,+110,,,+105,,,,,+106,,,,
2024-04-08,Elly De La Cruz,/mlb/props/elly-de-la-cruz/,MIL at CIN,CIN,SS,0.5,+125,+135,+125,+135,+125,,,+120,,,,,+116,,,,,-170,-160,-165,-165,-165,,,-165,,,,,-160,,,,
2024-04-08,Joey Ortiz,/mlb/props/joey-ortiz/,MIL at CIN,MIL,"3B,SS",0.5,+115,+130,+125,+130,+125,,,+120,,,,,+116,,,,,-160,-160,-165,-160,-165,,,-165,,,,,-160,,,,
2024-04-08,Jake Bauers,/mlb/props/jake-bauers/,MIL at CIN,MIL,"1B,LF,RF",0.5,+145,+145,+135,+145,+135,,,+130,,,,,+129,,,,,-195,-179,-180,-180,-185,,,-180,,,,,-179,,,,
2024-04-08,Santiago Espinal,/mlb/props/santiago-espinal/,MIL at CIN,FA,"2B,3B,LF,RF",0.5,-120,-115,-119,-115,-120,,,-120,,,,,-119,,,,,-110,-110,-115,-115,-110,,,-115,,,,,-115,,,,
2024-04-08,Rhys Hoskins,/mlb/props/rhys-hoskins/,MIL at CIN,CLE,"1B,DH",0.5,+110,+115,+110,+115,+110,,,+110,,,,,+106,,,,,-145,-145,-145,-145,-145,,,-155,,,,,-145,,,,
2024-04-08,Will Benson,/mlb/props/will-benson/,MIL at CIN,CIN,"LF,CF,RF",0.5,+190,+195,+185,+195,+185,,,+175,,,,,+178,,,,,-265,-245,-250,-245,-255,,,-250,,,,,-254,,,,
2024-04-08,Christian Yelich,/mlb/props/christian-yelich/,MIL at CIN,MIL,"LF,DH",0.5,-125,-125,-127,-125,-130,,,-130,,,,,-127,,,,,-105,+100,-105,-105,+100,,,-105,,,,,-108,,,,
2024-04-08,Stuart Fairchild,/mlb/props/stuart-fairchild/,MIL at CIN,CLE,"LF,CF,RF",0.5,+140,+125,+116,+125,+120,,,+110,,,,,+116,,,,,-190,-155,-160,-155,-160,,,-155,,,,,-160,,,,
2024-04-08,Christian Encarnacion-Strand,/mlb/props/christian-encarnacion-strand/,MIL at CIN,BAL,"1B,3B",0.5,+100,+100,-105,+100,+100,,,-105,,,,,-106,,,,,-135,-129,-130,-130,-130,,,-130,,,,,-129,,,,
2024-04-08,Bubba Thompson,/mlb/props/bubba-thompson/,MIL at CIN,FA,"LF,CF",0.5,+135,+145,+135,+145,+135,,,+125,,,,,+133,,,,,-185,-175,-180,-180,-185,,,-175,,,,,-184,,,,
2024-04-08,Luke Maile,/mlb/props/luke-maile/,MIL at CIN,KC,C,0.5,+125,+120,+112,+120,+120,,,+110,,,,,+112,,,,,-165,-150,-155,-150,-160,,,-155,,,,,-154,,,,
2024-04-08,Sal Frelick,/mlb/props/sal-frelick/,MIL at CIN,MIL,"LF,CF,RF",0.5,-160,-139,-140,-140,-140,,,-140,,,,,-139,,,,,+120,+110,+105,+110,+105,,,+105,,,,,+102,,,,
2024-04-08,Tyler Stephenson,/mlb/props/tyler-stephenson/,MIL at CIN,CIN,C,0.5,+100,-104,-110,-110,-110,,,-115,,,,,-104,,,,,-130,-120,-120,-120,-120,,,-120,,,,,-131,,,,
2024-04-08,Jackson Chourio,/mlb/props/jackson-chourio/,MIL at CIN,MIL,"LF,CF,RF",0.5,-115,-110,-113,-115,-110,,,-115,,,,,-113,,,,,-120,-115,-120,-115,-120,,,-120,,,,,-121,,,,
2024-04-08,Oliver Dunn,/mlb/props/oliver-dunn/,MIL at CIN,TB,3B,0.5,+135,+100,-103,-105,+100,,,-105,,,,,-103,,,,,-185,-125,-130,-125,-130,,,-130,,,,,-133,,,,
2024-04-08,Willy Adames,/mlb/props/willy-adames/,MIL at CIN,SF,SS,0.5,-105,-106,-110,-110,-110,,,-110,,,,,-106,,,,,-130,-120,-125,-120,-120,,,-125,,,,,-129,,,,
2024-04-08,Brice Turang,/mlb/props/brice-turang/,MIL at CIN,MIL,2B,0.5,+100,+100,-105,-110,+100,,,-105,,,,,-106,,,,,-135,-120,-129,-120,-130,,,-130,,,,,-129,,,,
2024-04-08,Dominic Canzone,/mlb/props/dominic-canzone/,SEA at TOR,SEA,"LF,RF,DH",0.5,+155,+155,+145,+155,+145,,,+140,,,,,+139,,,,,-210,-190,-195,-190,-195,,,-200,,,,,-194,,,,
2024-04-08,Mitch Haniger,/mlb/props/mitch-haniger/,SEA at TOR,FA,RF,0.5,+120,+125,+120,+125,+120,,,+115,,,,,+114,,,,,-160,-155,-157,-155,-160,,,-160,,,,,-157,,,,
2024-04-08,Justin Turner,/mlb/props/justin-turner/,SEA at TOR,FA,"1B,3B",0.5,-105,-105,-108,-110,-105,,,-110,,,,,-108,,,,,-125,-120,-125,-120,-125,,,-125,,,,,-127,,,,
2024-04-08,Bo Bichette,/mlb/props/bo-bichette/,SEA at TOR,NYM,"3B,SS",0.5,-170,-160,-165,-160,-165,,,-165,,,,,-174,,,,,+125,+130,+125,+130,+125,,,+120,,,,,+126,,,,
2024-04-08,J.P. Crawford,/mlb/props/jp-crawford/,SEA at TOR,SEA,"3B,SS",0.5,+110,+110,+110,+110,+110,,,+105,,,,,+110,,,,,-145,-140,-145,-140,-145,,,-150,,,,,-151,,,,
2024-04-08,Jorge Polanco,/mlb/props/jorge-polanco/,SEA at TOR,NYM,"2B,3B,DH",0.5,+155,+160,+152,+160,+155,,,+145,,,,,+152,,,,,-210,-200,-210,-200,-210,,,-215,,,,,-214,,,,
2024-04-08,Josh Rojas,/mlb/props/josh-rojas/,SEA at TOR,KC,"2B,3B",0.5,+135,+130,+125,+130,+125,,,+120,,,,,+126,,,,,-180,-160,-165,-160,-165,,,-165,,,,,-174,,,,
2024-04-08,George Springer,/mlb/props/george-springer/,SEA at TOR,TOR,"LF,CF,RF,DH",0.5,-145,-145,-148,-145,-150,,,-150,,,,,-148,,,,,+110,+115,+110,+115,+110,,,+105,,,,,+108,,,,
2024-04-08,Davis Schneider,/mlb/props/davis-schneider/,SEA at TOR,TOR,"2B,LF",0.5,+135,+140,+135,+140,+135,,,+130,,,,,+129,,,,,-180,-170,-179,-170,-180,,,-180,,,,,-179,,,,
2024-04-08,Isiah Kiner-Falefa,/mlb/props/isiah-kiner-falefa/,SEA at TOR,BOS,"2B,3B,SS",0.5,-110,-105,-110,-110,-105,,,-110,,,,,-115,,,,,-120,-119,-120,-120,-125,,,-125,,,,,-119,,,,
2024-04-08,Mitch Garver,/mlb/props/mitch-garver/,SEA at TOR,SEA,"C,DH",0.5,+135,+135,+130,+135,+130,,,+125,,,,,+126,,,,,-180,-165,-174,-165,-175,,,-175,,,,,-174,,,,
2024-04-08,Julio Rodriguez,/mlb/props/julio-rodriguez-of/,SEA at TOR,SEA,CF,0.5,-115,-115,-115,-115,-115,,,-115,,,,,-117,,,,,-115,-115,-115,-115,-115,,,-115,,,,,-117,,,,
2024-04-08,Ty France,/mlb/props/tyler-france/,SEA at TOR,SD,1B,0.5,+100,+100,+100,+100,+100,,,+100,,,,,-106,,,,,-135,-129,-130,-130,-135,,,-135,,,,,-129,,,,
2024-04-08,Daulton Varsho,/mlb/props/daulton-varsho/,SEA at TOR,TOR,"LF,CF",0.5,+155,+165,+155,+165,+155,,,+150,,,,,+146,,,,,-215,-204,-210,-210,-215,,,-220,,,,,-204,,,,
2024-04-08,Luke Raley,/mlb/props/lucas-raley/,SEA at TOR,SEA,"1B,LF,CF,RF",0.5,+195,+200,+195,+200,+195,,,+175,,,,,+178,,,,,-270,-250,-254,-250,-270,,,-250,,,,,-254,,,,
2024-04-08,Alejandro Kirk,/mlb/props/alejandro-kirk/,SEA at TOR,TOR,C,0.5,-145,-125,-130,-125,-130,,,-130,,,,,-131,,,,,+110,-104,-105,-105,-105,,,-105,,,,,-104,,,,
2024-04-08,Vladimir Guerrero Jr.,/mlb/props/vladimir-guerrero-jr/,SEA at TOR,TOR,"1B,DH",0.5,-110,-110,-113,-115,-110,,,-115,,,,,-113,,,,,-120,-115,-120,-115,-120,,,-120,,,,,-121,,,,
2024-04-08,Cavan Biggio,/mlb/props/cavan-biggio/,SEA at TOR,HOU,"1B,2B,RF",0.5,+125,+140,+130,+140,+135,,,+130,,,,,+123,,,,,-170,-169,-170,-170,-180,,,-180,,,,,-169,,,,
2024-04-08,Cal Raleigh,/mlb/props/caleb-raleigh/,SEA at TOR,SEA,"C,DH",0.5,+180,+190,+175,+190,+185,,,+175,,,,,+165,,,,,-250,-234,-240,-240,-255,,,-250,,,,,-234,,,,
2024-04-08,Kevin Kiermaier,/mlb/props/kevin-kiermaier/,SEA at TOR,FA,CF,0.5,+115,+120,+115,+120,+115,,,+110,,,,,+114,,,,,-155,-150,-155,-150,-155,,,-155,,,,,-157,,,,
2024-04-08,Joey Wendle,/mlb/props/joe-wendle/,NYM at ATL,FA,"2B,SS",0.5,+120,+125,+120,+125,+120,,,+115,,,,,+118,,,,,-160,-155,-160,-155,-160,,,-160,,,,,-163,,,,
2024-04-08,Jarred Kelenic,/mlb/props/jarred-kelenic/,NYM at ATL,TEX,"LF,CF,RF",0.5,+150,+145,+140,+145,+140,,,+135,,,,,+136,,,,,-200,-180,-189,-180,-190,,,-190,,,,,-189,,,,
2024-04-08,Ronald Acuna Jr.,/mlb/props/ronald-acuna/,NYM at ATL,ATL,RF,0.5,-160,-150,-155,-150,-150,,,-155,,,,,-157,,,,,+120,+120,+115,+120,+115,,,+110,,,,,+114,,,,
2024-04-08,Brandon Nimmo,/mlb/props/brandon-nimmo/,NYM at ATL,TEX,"LF,CF,RF,DH",0.5,+125,+123,+120,+120,+120,,,+110,,,,,+123,,,,,-165,-150,-155,-150,-155,,,-155,,,,,-169,,,,
2024-04-08,Francisco Alvarez,/mlb/props/francisco-alvarez/,NYM at ATL,NYM,"C,DH",0.5,+145,+145,+140,+145,+140,,,+135,,,,,+139,,,,,-195,-180,-185,-180,-185,,,-190,,,,,-194,,,,
2024-04-08,Francisco Lindor,/mlb/props/francisco-lindor/,NYM at ATL,NYM,SS,0.5,+140,+140,+135,+140,+135,,,+130,,,,,+133,,,,,-190,-170,-180,-170,-180,,,-180,,,,,-184,,,,
2024-04-08,Marcell Ozuna,/mlb/props/marcell-ozuna/,NYM at ATL,PIT,DH,0.5,+125,+120,+118,+120,+120,,,+110,,,,,+118,,,,,-165,-150,-155,-150,-160,,,-155,,,,,-163,,,,
2024-04-08,Michael Harris II,/mlb/props/michael-harris/,NYM at ATL,ATL,CF,0.5,-115,-115,-115,-115,-115,,,-115,,,,,-119,,,,,-115,-115,-115,-115,-115,,,-115,,,,,-115,,,,
2024-04-08,Starling Marte,/mlb/props/starling-marte/,NYM at ATL,KC,"LF,RF,DH",0.5,-105,-105,-108,-110,-105,,,-110,,,,,-108,,,,,-125,-120,-125,-120,-125,,,-125,,,,,-127,,,,
2024-04-08,Pete Alonso,/mlb/props/peter-alonso/,NYM at ATL,BAL,"1B,DH",0.5,+135,+140,+135,+140,+135,,,+125,,,,,+129,,,,,-185,-170,-179,-170,-185,,,-175,,,,,-179,,,,
2024-04-08,Travis d'Arnaud,/mlb/props/travis-darnaud/,NYM at ATL,LAA,C,0.5,+110,+110,+110,+110,+110,,,+105,,,,,+110,,,,,-150,-140,-150,-140,-150,,,-150,,,,,-151,,,,
2024-04-08,Jeff McNeil,/mlb/props/jeff-mcneil/,NYM at ATL,ATH,"2B,LF,CF,RF",0.5,+105,+105,+100,+100,+105,,,+100,,,,,-104,,,,,-135,-130,-131,-130,-135,,,-135,,,,,-131,,,,
2024-04-08,Harrison Bader,/mlb/props/harrison-bader/,NYM at ATL,SF,"LF,CF,RF",0.5,+130,+130,+120,+130,+120,,,+120,,,,,+114,,,,,-175,-157,-160,-160,-165,,,-165,,,,,-157,,,,
2024-04-08,Ozzie Albies,/mlb/props/ozhaino-albies/,NYM at ATL,ATL,2B,0.5,+110,+110,+106,+110,+110,,,+105,,,,,+106,,,,,-145,-140,-145,-140,-145,,,-150,,,,,-145,,,,
2024-04-08,Brett Baty,/mlb/props/brett-baty/,NYM at ATL,NYM,"1B,2B,3B,RF",0.5,+140,+135,+130,+135,+130,,,+125,,,,,+126,,,,,-185,-165,-174,-165,-175,,,-175,,,,,-174,,,,
2024-04-08,Austin Riley,/mlb/props/austin-riley/,NYM at ATL,ATL,3B,0.5,-105,+100,-108,-105,+100,,,-105,-129,-129,,,-108,,,,,-125,-106,-125,-125,-130,,,-130,-106,-106,,,-127,,,,
2024-04-08,DJ Stewart,/mlb/props/dj-stewart/,NYM at ATL,PIT,"LF,RF",0.5,+260,+225,+208,+225,+225,,,+200,,,,,+208,,,,,-380,-300,-304,-300,-320,,,-300,,,,,-304,,,,
2024-04-08,Orlando Arcia,/mlb/props/orlando-arcia/,NYM at ATL,MIN,"1B,2B,3B,SS",0.5,+105,+105,+104,+100,+105,,,+100,,,,,+104,,,,,-135,-130,-135,-130,-135,,,-135,,,,,-142,,,,
2024-04-08,Matt Olson,/mlb/props/matt-olson/,NYM at ATL,ATL,1B,0.5,+155,+160,+150,+160,+150,,,+140,,,,,+143,,,,,-210,-199,-200,-200,-200,,,-200,,,,,-199,,,,
2024-04-08,Christian Vazquez,/mlb/props/christian-vazquez/,LAD at MIN,HOU,C,0.5,+100,+105,+105,+105,+105,,,+105,,,,,-104,,,,,-130,-131,-135,-135,-140,,,-140,,,,,-131,,,,
2024-04-08,Willi Castro,/mlb/props/willi-castro/,LAD at MIN,COL,"1B,2B,3B,SS,LF,RF",0.5,-105,+105,+100,+105,+100,,,+100,,,,,-103,,,,,-125,-130,-133,-135,-130,,,-135,,,,,-133,,,,
2024-04-08,Shohei Ohtani,/mlb/props/shohei-ohtani/,LAD at MIN,LAD,"SP,DH",0.5,-105,+100,+100,+100,+100,,,+100,,,,,-108,,,,,-125,-127,-130,-130,-130,,,-135,,,,,-127,,,,
2024-04-08,Enrique Hernandez,/mlb/props/enrique-hernandez/,LAD at MIN,LAD,"1B,2B,3B,LF",0.5,+115,+116,+115,+115,+115,,,+110,,,,,+116,,,,,-150,-145,-155,-145,-155,,,-155,,,,,-160,,,,
2024-04-08,Kyle Farmer,/mlb/props/kyle-farmer/,LAD at MIN,ATL,"1B,2B,3B,SS,DH",0.5,+105,+105,+105,+105,+105,,,+105,,,,,-104,,,,,-140,-131,-135,-135,-140,,,-140,,,,,-131,,,,
2024-04-08,Gavin Lux,/mlb/props/gavin-lux/,LAD at MIN,TB,"2B,3B,LF,DH",0.5,+105,+104,+100,+100,+100,,,+100,,,,,+104,,,,,-140,-130,-135,-130,-130,,,-135,,,,,-142,,,,
2024-04-08,Teoscar Hernandez,/mlb/props/teoscar-hernandez/,LAD at MIN,LAD,"LF,RF",0.5,+145,+150,+143,+150,+145,,,+135,,,,,+143,,,,,-195,-185,-190,-185,-195,,,-190,,,,,-199,,,,
2024-04-08,James Outman,/mlb/props/james-outman/,LAD at MIN,DET,"LF,CF,RF",0.5,+150,+170,+165,+170,+165,,,+150,,,,,+146,,,,,-205,-204,-220,-220,-225,,,-220,,,,,-204,,,,
2024-04-08,Jose Miranda,/mlb/props/jose-miranda/,LAD at MIN,FA,"1B,3B",0.5,+105,+110,+105,+110,+110,,,+105,,,,,+104,,,,,-140,-140,-145,-140,-145,,,-150,,,,,-142,,,,
2024-04-08,Max Kepler,/mlb/props/max-kepler/,LAD at MIN,ARI,"LF,RF",0.5,-105,-109,-110,-115,-110,,,-110,,,,,-109,,,,,-125,-115,-120,-115,-120,,,-125,,,,,-125,,,,
2024-04-08,Matt Wallner,/mlb/props/matt-wallner/,LAD at MIN,MIN,"LF,RF",0.5,+175,+180,+172,+180,+180,,,+165,,,,,+172,,,,,-240,-230,-240,-230,-245,,,-240,,,,,-244,,,,
2024-04-08,Austin Martin,/mlb/props/austin-martin-if/,LAD at MIN,MIN,"2B,LF,CF,RF",0.5,+125,+140,+125,+140,+135,,,+125,,,,,+120,,,,,-165,-166,-175,-170,-180,,,-175,,,,,-166,,,,
2024-04-08,Carlos Correa,/mlb/props/carlos-correa/,LAD at MIN,HOU,"3B,SS",0.5,-110,-105,-106,-110,-105,,,-110,,,,,-106,,,,,-120,-120,-125,-120,-125,,,-125,,,,,-129,,,,
2024-04-08,Taylor Trammell,/mlb/props/taylor-trammell/,LAD at MIN,HOU,"LF,CF",0.5,+230,+240,+225,+235,+240,,,+225,,,,,+219,,,,,-330,-320,-340,-320,-340,,,-375,,,,,-324,,,,
2024-04-08,Will Smith,/mlb/props/will-smith-c/,LAD at MIN,LAD,C,0.5,-115,-115,-115,-115,-115,,,-115,,,,,-117,,,,,-115,-115,-115,-115,-115,,,-115,,,,,-117,,,,
2024-04-08,Ryan Jeffers,/mlb/props/ryan-jeffers/,LAD at MIN,MIN,"C,DH",0.5,+125,+140,+130,+140,+130,,,+125,,,,,+123,,,,,-165,-169,-170,-170,-175,,,-175,,,,,-169,,,,
2024-04-08,Byron Buxton,/mlb/props/byron-buxton/,LAD at MIN,MIN,"CF,DH",0.5,+145,+180,+175,+180,+175,,,+165,,,,,+165,,,,,-195,-230,-234,-230,-240,,,-240,,,,,-234,,,,
2024-04-08,Mookie Betts,/mlb/props/mookie-betts/,LAD at MIN,LAD,SS,0.5,+105,+105,+100,+105,+105,,,+100,,,,,-101,,,,,-140,-135,-135,-135,-135,,,-135,,,,,-135,,,,
2024-04-08,Freddie Freeman,/mlb/props/freddie-freeman/,LAD at MIN,LAD,1B,0.5,-140,-120,-125,-120,-130,,,-125,,,,,-125,,,,,+105,-105,-109,-110,-105,,,-110,,,,,-109,,,,
2024-04-08,Max Muncy,/mlb/props/max-muncy/,LAD at MIN,LAD,3B,0.5,+170,+190,+175,+190,+175,,,+165,,,,,+159,,,,,-230,-224,-240,-240,-240,,,-240,,,,,-224,,,,
2024-04-08,Carlos Santana,/mlb/props/carlos-santana/,LAD at MIN,ATL,1B,0.5,-105,+130,+116,+100,+130,,,+125,,,,,+116,,,,,-125,-130,-160,-130,-175,,,-175,,,,,-160,,,,
2024-04-08,Manuel Margot,/mlb/props/manuel-margot/,LAD at MIN,FA,"LF,CF,RF",0.5,-105,-125,-130,-125,-130,,,-130,,,,,-131,,,,,-125,+100,-104,-105,+100,,,-105,,,,,-104,,,,
2024-04-08,Masyn Winn,/mlb/props/masyn-winn-p/,PHI at STL,STL,SS,0.5,+120,+120,+110,+120,+120,,,+110,,,,,+110,,,,,-160,-150,-155,-150,-160,,,-155,,,,,-151,,,,
2024-04-08,Bryson Stott,/mlb/props/bryson-stott-ss/,PHI at STL,PHI,"2B,SS",0.5,-175,-145,-150,-145,-155,,,-150,,,,,-157,,,,,+130,+115,+114,+115,+115,,,+105,,,,,+114,,,,
2024-04-08,Brendan Donovan,/mlb/props/brendan-donovan/,PHI at STL,SEA,"2B,3B,SS,LF",0.5,-155,-145,-150,-145,-150,,,-150,,,,,-160,,,,,+115,+116,+115,+115,+115,,,+105,,,,,+116,,,,
2024-04-08,Brandon Marsh,/mlb/props/brandon-marsh/,PHI at STL,PHI,"LF,CF,RF",0.5,-120,+100,+100,+100,+100,,,+100,,,,,-101,,,,,-110,-130,-135,-130,-135,,,-135,,,,,-135,,,,
2024-04-08,Willson Contreras,/mlb/props/willson-contreras/,PHI at STL,BOS,1B,0.5,+115,+110,+105,+110,+105,,,+105,,,,,+102,,,,,-155,-139,-140,-140,-140,,,-140,,,,,-139,,,,
2024-04-08,Nolan Gorman,/mlb/props/nolan-gorman/,PHI at STL,STL,"2B,3B,DH",0.5,+130,+140,+133,+140,+130,,,+130,,,,,+133,,,,,-175,-170,-175,-170,-175,,,-180,,,,,-184,,,,
2024-04-08,Jordan Walker,/mlb/props/jordan-walker/,PHI at STL,STL,"LF,RF",0.5,-110,-105,-108,-110,-105,,,-110,,,,,-108,,,,,-120,-120,-125,-120,-125,,,-125,,,,,-127,,,,
2024-04-08,Johan Rojas,/mlb/props/johan-rojas/,PHI at STL,PHI,CF,0.5,-110,+105,+102,+100,+105,,,+100,,,,,+102,,,,,-120,-130,-135,-130,-140,,,-135,,,,,-139,,,,
2024-04-08,Alec Burleson,/mlb/props/alec-burleson/,PHI at STL,STL,"1B,LF,RF,DH",0.5,-125,-120,-125,-120,-125,,,-125,,,,,-129,,,,,-105,-105,-106,-110,-105,,,-110,,,,,-106,,,,
2024-04-08,Victor Scott,/mlb/props/victor-scott/,PHI at STL,STL,CF,0.5,+100,+110,+105,+110,+110,,,+105,,,,,-103,,,,,-135,-133,-140,-140,-145,,,-150,,,,,-133,,,,
2024-04-08,Alec Bohm,/mlb/props/alec-bohm/,PHI at STL,PHI,"1B,3B",0.5,-165,-145,-150,-145,-150,,,-155,,,,,-145,,,,,+125,+115,+110,+115,+115,,,+110,,,,,+106,,,,
2024-04-08,Nick Castellanos,/mlb/props/nick-castellanos/,PHI at STL,FA,"RF,DH",0.5,+100,+110,+108,+105,+110,,,+105,,,,,+108,,,,,-130,-135,-140,-135,-145,,,-140,,,,,-148,,,,
2024-04-08,Kyle Schwarber,/mlb/props/kyle-schwarber/,PHI at STL,PHI,"LF,DH",0.5,+120,+160,+145,+160,+155,,,+145,,,,,+139,,,,,-165,-194,-200,-200,-210,,,-215,,,,,-194,,,,
2024-04-08,Paul Goldschmidt,/mlb/props/paul-goldschmidt/,PHI at STL,NYY,"1B,DH",0.5,+100,+100,+100,+100,+100,,,+100,,,,,-106,,,,,-130,-129,-130,-130,-135,,,-135,,,,,-129,,,,
2024-04-08,Ivan Herrera,/mlb/props/ivan-herrera/,PHI at STL,STL,"C,DH",0.5,+105,+110,+108,+110,+110,,,+105,,,,,+108,,,,,-150,-140,-148,-140,-150,,,-150,,,,,-148,,,,
2024-04-08,J.T. Realmuto,/mlb/props/jt-realmuto/,PHI at STL,PHI,C,0.5,-115,+105,+105,+105,+105,,,+105,,,,,+100,,,,,-115,-135,-137,-135,-140,,,-140,,,,,-137,,,,
2024-04-08,Bryce Harper,/mlb/props/bryce-harper/,PHI at STL,PHI,"1B,DH",0.5,-140,-120,-123,-120,-125,,,-125,,,,,-123,,,,,+105,-105,-110,-110,-105,,,-110,,,,,-111,,,,
2024-04-08,Garrett Stubbs,/mlb/props/garrett-stubbs/,PHI at STL,PHI,"C,DH",0.5,+120,+130,+120,+130,+120,,,+120,,,,,+118,,,,,-160,-160,-163,-160,-160,,,-165,,,,,-163,,,,
2024-04-08,Trea Turner,/mlb/props/trea-turner/,PHI at STL,PHI,SS,0.5,-135,-115,-119,-115,-115,,,-120,,,,,-119,,,,,+100,-115,-115,-115,-115,,,-115,,,,,-115,,,,
2024-04-08,Nolan Arenado,/mlb/props/nolan-arenado/,PHI at STL,ARI,3B,0.5,-110,-109,-110,-110,-110,,,-110,,,,,-109,,,,,-120,-120,-125,-120,-125,,,-125,,,,,-125,,,,
2024-04-08,Kyle Tucker,/mlb/props/kyle-tucker/,HOU at TEX,LAD,"RF,DH",0.5,-105,-105,-108,-110,-105,,,-110,,,,,-108,,,,,-125,-120,-125,-120,-125,,,-125,,,,,-127,,,,
2024-04-08,Mauricio Dubon,/mlb/props/mauricio-dubon/,HOU at TEX,ATL,"2B,3B,SS,LF,CF",0.5,-140,-130,-135,-130,-140,,,-135,,,,,-139,,,,,+105,+105,+102,+100,+105,,,+100,,,,,+102,,,,
2024-04-08,Andrew Knizner,/mlb/props/andrew-knizner/,HOU at TEX,BOS,C,0.5,+105,+115,+110,+115,+110,,,+105,,,,,+108,,,,,-140,-145,-148,-145,-150,,,-150,,,,,-148,,,,
2024-04-08,Jared Walsh,/mlb/props/jared-walsh/,HOU at TEX,FA,"1B,RF",0.5,+160,+160,+145,+160,+160,,,+145,,,,,+143,,,,,-215,-199,-200,-200,-215,,,-215,,,,,-199,,,,
2024-04-08,Jonah Heim,/mlb/props/jonah-heim/,HOU at TEX,ATH,"C,DH",0.5,-120,-115,-115,-115,-115,,,-115,,,,,-119,,,,,-110,-115,-115,-115,-115,,,-115,,,,,-115,,,,
2024-04-08,Wyatt Langford,/mlb/props/wyatt-langford/,HOU at TEX,TEX,"LF,CF",0.5,-135,-120,-121,-120,-125,,,-120,,,,,-121,,,,,+100,-105,-110,-110,-105,,,-115,,,,,-113,,,,
2024-04-08,Yainer Diaz,/mlb/props/yainer-diaz-c/,HOU at TEX,HOU,"C,DH",0.5,-125,-115,-120,-115,-120,,,-120,,,,,-125,,,,,-105,-109,-110,-115,-110,,,-115,,,,,-109,,,,
2024-04-08,Evan Carter,/mlb/props/evan-carter/,HOU at TEX,TEX,"LF,CF,RF",0.5,+125,+110,+110,+110,+110,,,+105,,,,,+110,,,,,-165,-140,-145,-140,-145,,,-150,,,,,-151,,,,
2024-04-08,Chas McCormick,/mlb/props/chas-mccormick/,HOU at TEX,CHC,"LF,CF,RF",0.5,+110,+108,+105,+105,+105,,,+105,,,,,+108,,,,,-145,-135,-140,-135,-140,,,-140,,,,,-148,,,,
2024-04-08,Corey Seager,/mlb/props/corey-seager/,HOU at TEX,TEX,SS,0.5,-115,-115,-120,-120,-120,,,-125,,,,,-115,,,,,-115,-110,-110,-110,-110,,,-110,,,,,-119,,,,
2024-04-08,Justin Foscue,/mlb/props/justin-foscue/,HOU at TEX,TEX,"1B,2B,DH",0.5,+126,+140,+126,+140,,,,+125,,,,,+126,,,,,-174,-170,-174,-170,,,,-175,,,,,-174,,,,
2024-04-08,Jake Meyers,/mlb/props/jacob-meyers/,HOU at TEX,HOU,CF,0.5,+130,+140,+130,+140,+130,,,+125,,,,,+129,,,,,-170,-170,-175,-170,-175,,,-175,,,,,-179,,,,
2024-04-08,Jose Altuve,/mlb/props/jose-altuve/,HOU at TEX,HOU,"2B,LF,DH",0.5,-120,-117,-120,-120,-120,,,-125,,,,,-117,,,,,-110,-110,-110,-110,-110,,,-110,,,,,-117,,,,
2024-04-08,Ezequiel Duran,/mlb/props/ezequiel-duran/,HOU at TEX,TEX,"1B,2B,3B,SS,LF,RF",0.5,+110,+110,+108,+110,+110,,,+105,,,,,+108,,,,,-145,-140,-145,-140,-145,,,-140,,,,,-148,,,,
2024-04-08,Leody Taveras,/mlb/props/leody-taveras-of/,HOU at TEX,BAL,"CF,RF",0.5,+105,-104,-105,-105,-105,,,-105,,,,,-104,,,,,-135,-125,-130,-125,-125,,,-130,,,,,-131,,,,
2024-04-08,Alex Bregman,/mlb/props/alex-bregman/,HOU at TEX,CHC,"3B,DH",0.5,-105,+100,+100,+100,+100,,,+100,,,,,-106,,,,,-125,-129,-130,-130,-135,,,-135,,,,,-129,,,,
2024-04-08,Adolis Garcia,/mlb/props/jose-adolis-garcia/,HOU at TEX,PHI,RF,0.5,+125,+125,+115,+125,+115,,,+115,,,,,+114,,,,,-165,-155,-157,-155,-155,,,-160,,,,,-157,,,,
2024-04-08,Victor Caratini,/mlb/props/victor-caratini/,HOU at TEX,MIN,"C,1B,DH",0.5,+110,+110,+106,+110,+110,,,+105,,,,,+106,,,,,-145,-140,-145,-140,-145,,,-150,,,,,-145,,,,
2024-04-08,Jeremy Pena,/mlb/props/jeremy-pena/,HOU at TEX,HOU,SS,0.5,-130,-135,-140,-135,-140,,,-135,,,,,-142,,,,,-105,+105,+104,+105,+105,,,+100,,,,,+104,,,,
2024-04-08,Marcus Semien,/mlb/props/marcus-semien/,HOU at TEX,NYM,2B,0.5,-125,-125,-129,-125,-130,,,-130,,,,,-129,,,,,-105,-105,-105,-105,-105,,,-105,,,,,-106,,,,
2024-04-08,Jose Abreu,/mlb/props/jose-dariel-abreu/,HOU at TEX,FA,1B,0.5,+105,+110,+108,+110,+110,,,+105,,,,,+108,,,,,-140,-140,-145,-140,-145,,,-140,,,,,-148,,,,
2024-04-08,Yordan Alvarez,/mlb/props/yordan-alvarez/,HOU at TEX,HOU,"LF,DH",0.5,+100,+100,-105,-105,+100,,,-105,,,,,-108,,,,,-130,-125,-127,-125,-130,,,-130,,,,,-127,,,,
2024-04-08,Josh Smith,/mlb/props/josh-smith-ss/,HOU at TEX,TEX,"1B,2B,3B,SS,LF,RF",0.5,+110,+110,+108,+105,+110,,,+105,,,,,+108,,,,,-145,-135,-140,-135,-145,,,-140,,,,,-148,,,,
2024-04-08,Ryan McMahon,/mlb/props/ryan-mcmahon/,ARI at COL,NYY,3B,0.5,-105,-111,-115,-115,-115,,,-115,,,,,-111,,,,,-125,-115,-115,-115,-115,,,-115,,,,,-123,,,,
2024-04-08,Corbin Carroll,/mlb/props/corbin-carroll-of/,ARI at COL,ARI,"CF,RF",0.5,-185,-179,-185,-180,-185,,,-190,,,,,-179,,,,,+135,+145,+135,+145,+140,,,+135,,,,,+129,,,,
2024-04-08,Elehuris Montero,/mlb/props/elehuris-montero-3b/,ARI at COL,FA,"1B,3B",0.5,+110,+106,+105,+105,+105,,,+105,,,,,+106,,,,,-145,-135,-140,-135,-140,,,-140,,,,,-145,,,,
2024-04-08,Nolan Jones,/mlb/props/nolan-jones-3b/,ARI at COL,CWS,"LF,CF,RF",0.5,+105,+110,+106,+110,+110,,,+105,,,,,+106,,,,,-140,-140,-145,-140,-145,,,-150,,,,,-145,,,,
2024-04-08,Kevin Newman,/mlb/props/kevin-newman/,ARI at COL,KC,"1B,2B,3B,SS",0.5,-130,-135,-135,-135,-135,,,-140,,,,,-135,,,,,+100,+105,+105,+105,+105,,,+105,,,,,-101,,,,
2024-04-08,Randal Grichuk,/mlb/props/randal-grichuk/,ARI at COL,CWS,"LF,RF,DH",0.5,-140,-135,-140,-135,-140,,,-140,,,,,-142,,,,,+105,+105,+105,+105,+105,,,+105,,,,,+104,,,,
2024-04-08,Charlie Blackmon,/mlb/props/charlie-blackmon/,ARI at COL,FA,"RF,DH",0.5,-135,-139,-140,-140,-145,,,-140,,,,,-139,,,,,+105,+110,+105,+110,+110,,,+105,,,,,+102,,,,
2024-04-08,Ketel Marte,/mlb/props/ketel-marte/,ARI at COL,ARI,"2B,DH",0.5,-170,-165,-166,-165,-170,,,-165,,,,,-166,,,,,+125,+135,+130,+135,+130,,,+120,,,,,+120,,,,
2024-04-08,Eugenio Suarez,/mlb/props/eugenio-suarez/,ARI at COL,CIN,"3B,DH",0.5,+100,+100,-101,-105,+100,,,-105,,,,,-101,,,,,-135,-125,-130,-125,-130,,,-130,,,,,-135,,,,
2024-04-08,Blaze Alexander,/mlb/props/blaze-alexander/,ARI at COL,BAL,"2B,3B,SS,LF,CF",0.5,-115,-119,-120,-120,-125,,,-125,,,,,-119,,,,,-115,-110,-110,-110,-110,,,-110,,,,,-115,,,,
2024-04-08,Kris Bryant,/mlb/props/kris-bryant/,ARI at COL,COL,DH,0.5,-105,+102,+100,+100,+100,,,+100,,,,,+102,,,,,-130,-130,-135,-130,-130,,,-135,,,,,-139,,,,
2024-04-08,Lourdes Gurriel Jr.,/mlb/props/lourdes-gurriel-jr/,ARI at COL,ARI,"LF,DH",0.5,-200,-199,-210,-200,-210,,,-215,,,,,-199,,,,,+150,+160,+155,+160,+155,,,+145,,,,,+143,,,,
2024-04-08,Brendan Rodgers,/mlb/props/brendan-rodgers/,ARI at COL,BOS,2B,0.5,-190,-150,-151,-150,-160,,,-160,,,,,-151,,,,,+140,+120,+115,+120,+120,,,+115,,,,,+110,,,,
2024-04-08,Elias Diaz,/mlb/props/elias-diaz/,ARI at COL,TEX,C,0.5,-130,-135,-140,-135,-145,,,-140,,,,,-139,,,,,+100,+110,+105,+105,+110,,,+105,,,,,+102,,,,
2024-04-08,Christian Walker,/mlb/props/christian-walker/,ARI at COL,HOU,1B,0.5,-120,-125,-130,-125,-130,,,-130,,,,,-131,,,,,-110,+100,-104,-105,+100,,,-105,,,,,-104,,,,
2024-04-08,Ezequiel Tovar,/mlb/props/ezequiel-tovar/,ARI at COL,COL,SS,0.5,-130,-145,-148,-145,-155,,,-155,,,,,-148,,,,,-105,+115,+110,+115,+115,,,+110,,,,,+108,,,,
2024-04-08,Gabriel Moreno,/mlb/props/gabriel-moreno/,ARI at COL,ARI,C,0.5,-175,-170,-175,-170,-180,,,-175,,,,,-174,,,,,+130,+140,+135,+140,+135,,,+125,,,,,+126,,,,
2024-04-08,Brenton Doyle,/mlb/props/brenton-doyle/,ARI at COL,COL,CF,0.5,+110,+108,+105,+105,+105,,,+105,,,,,+108,,,,,-145,-135,-140,-135,-140,,,-140,,,,,-148,,,,
2024-04-08,Zach Neto,/mlb/props/zach-neto/,TB at LAA,LAA,SS,0.5,+150,+155,+145,+155,+145,,,+140,,,,,+139,,,,,-200,-190,-195,-190,-195,,,-200,,,,,-194,,,,
2024-04-08,Harold Ramirez,/mlb/props/harold-ramirez-of/,TB at LAA,FA,"LF,RF,DH",0.5,-180,-170,-179,-170,-180,,,-180,,,,,-179,,,,,+135,+140,+135,+140,+135,,,+130,,,,,+129,,,,
2024-04-08,Rene Pinto,/mlb/props/rene-pinto/,TB at LAA,PHI,C,0.5,+175,+180,+172,+180,+175,,,+165,,,,,+172,,,,,-245,-230,-240,-230,-240,,,-240,,,,,-244,,,,
2024-04-08,Logan O'Hoppe,/mlb/props/logan-ohoppe/,TB at LAA,LAA,C,0.5,+140,+145,+135,+145,+140,,,+135,,,,,+129,,,,,-185,-179,-185,-180,-185,,,-190,,,,,-179,,,,
2024-04-08,Yandy Diaz,/mlb/props/yandy-diaz/,TB at LAA,TB,"1B,DH",0.5,-130,-127,-130,-130,-135,,,-135,,,,,-127,,,,,+100,+100,+100,+100,+100,,,+100,,,,,-108,,,,
2024-04-08,Brandon Drury,/mlb/props/brandon-drury/,TB at LAA,KC,"1B,2B,3B",0.5,+120,+120,+115,+120,+115,,,+110,,,,,+112,,,,,-155,-150,-154,-150,-155,,,-155,,,,,-154,,,,
2024-04-08,Curtis Mead,/mlb/props/curtis-meade/,TB at LAA,WSH,"1B,2B,3B",0.5,+100,+102,+100,+100,+100,,,,,,,,+102,,,,,-130,-130,-135,-130,-135,,,,,,,,-139,,,,
2024-04-08,Miguel Sano,/mlb/props/miguel-sano/,TB at LAA,FA,"1B,3B",0.5,+205,+200,+190,+200,+190,,,+180,,,,,+172,,,,,-285,-244,-250,-250,-265,,,-260,,,,,-244,,,,
2024-04-08,Mike Trout,/mlb/props/mike-trout/,TB at LAA,LAA,"CF,RF,DH",0.5,+140,+140,+135,+140,+135,,,+130,,,,,+133,,,,,-190,-170,-180,-170,-180,,,-180,,,,,-184,,,,
2024-04-08,Jose Caballero,/mlb/props/jose-caballero/,TB at LAA,NYY,"2B,3B,SS,LF,RF",0.5,+155,+160,+150,+160,+150,,,+140,,,,,+152,,,,,-210,-200,-205,-200,-205,,,-200,,,,,-214,,,,
2024-04-08,Mickey Moniak,/mlb/props/mckenzie-moniak/,TB at LAA,COL,"LF,CF,RF,DH",0.5,+175,+145,+135,+145,+135,,,+130,,,,,+133,,,,,-235,-180,-180,-180,-180,,,-180,,,,,-184,,,,
2024-04-08,Nolan Schanuel,/mlb/props/nolan-schanuel/,TB at LAA,LAA,1B,0.5,-125,-120,-125,-120,-130,,,-125,,,,,-135,,,,,-105,-101,-105,-110,-105,,,-110,,,,,-101,,,,
2024-04-08,Jose Siri,/mlb/props/jose-siri/,TB at LAA,LAA,"LF,CF",0.5,+175,+170,+165,+170,+165,,,+160,,,,,+159,,,,,-245,-220,-224,-220,-225,,,-225,,,,,-224,,,,
2024-04-08,Amed Rosario,/mlb/props/amed-rosario/,TB at LAA,NYY,"2B,3B,OF",0.5,-135,-135,-135,-135,-140,,,-135,,,,,-135,,,,,+100,+105,+100,+105,+105,,,+100,,,,,-101,,,,
2024-04-08,Luis Rengifo,/mlb/props/luis-rengifo/,TB at LAA,SD,"2B,3B,OF",0.5,-110,-110,-110,-110,-110,,,-110,,,,,-111,,,,,-120,-120,-123,-120,-120,,,-125,,,,,-123,,,,
2024-04-08,Taylor Ward,/mlb/props/taylor-ward/,TB at LAA,BAL,LF,0.5,+105,+100,+100,+100,+100,,,+100,,,,,-103,,,,,-140,-130,-133,-130,-130,,,-135,,,,,-133,,,,
2024-04-08,Isaac Paredes,/mlb/props/isaac-paredes/,TB at LAA,HOU,"1B,3B,DH",0.5,+135,+140,+135,+140,+135,,,+125,,,,,+129,,,,,-180,-170,-175,-170,-180,,,-175,,,,,-179,,,,
2024-04-08,Randy Arozarena,/mlb/props/randy-arozarena/,TB at LAA,SEA,"LF,CF",0.5,+120,+125,+120,+125,+120,,,+115,,,,,+116,,,,,-160,-155,-160,-155,-160,,,-160,,,,,-160,,,,
2024-04-08,Anthony Rendon,/mlb/props/anthony-rendon/,TB at LAA,LAA,3B,0.5,-110,-110,-113,-115,-110,,,-115,,,,,-113,,,,,-120,-115,-120,-115,-120,,,-120,,,,,-121,,,,
2024-04-08,Luis Campusano,/mlb/props/luis-campusano/,CHC at SD,SD,"C,DH",0.5,-120,-120,-123,-120,-120,,,-125,,,,,-123,,,,,-110,-110,-110,-110,-110,,,-110,,,,,-111,,,,
2024-04-08,Michael Busch,/mlb/props/michael-busch-2b/,CHC at SD,CHC,1B,0.5,+125,+135,+125,+135,+125,,,+125,,,,,+120,,,,,-165,-165,-170,-165,-170,,,-175,,,,,-166,,,,
2024-04-08,Jake Cronenworth,/mlb/props/jacob-cronenworth/,CHC at SD,SD,"1B,2B,SS",0.5,-135,-120,-125,-120,-130,,,-125,,,,,-133,,,,,+100,-103,-105,-110,-105,,,-110,,,,,-103,,,,
2024-04-08,Jurickson Profar,/mlb/props/jurickson-profar/,CHC at SD,ATL,LF,0.5,-105,-110,-111,-115,-110,,,-115,,,,,-111,,,,,-125,-115,-120,-115,-120,,,-120,,,,,-123,,,,
2024-04-08,Fernando Tatis Jr.,/mlb/props/fernando-tatis-jr/,CHC at SD,SD,"2B,RF",0.5,-125,-120,-123,-120,-125,,,-125,,,,,-123,,,,,-105,-105,-110,-110,-105,,,-110,,,,,-111,,,,
2024-04-08,Ha-Seong Kim,/mlb/props/ha-seong-kim/,CHC at SD,ATL,"2B,SS",0.5,+110,+115,+105,+115,+115,,,+105,,,,,+104,,,,,-145,-142,-145,-145,-150,,,-150,,,,,-142,,,,
2024-04-08,Jackson Merrill,/mlb/props/jackson-merrill/,CHC at SD,SD,CF,0.5,+100,-115,-115,-115,-115,,,-115,,,,,-115,,,,,-135,-115,-119,-115,-115,,,-120,,,,,-119,,,,
2024-04-08,Tyler Wade,/mlb/props/tyler-wade/,CHC at SD,FA,"2B,LF,CF",0.5,-105,+110,+105,+110,+105,,,+105,,,,,+102,,,,,-125,-139,-140,-140,-140,,,-140,,,,,-139,,,,
2024-04-08,Nico Hoerner,/mlb/props/nico-hoerner/,CHC at SD,CHC,"2B,SS",0.5,-125,-125,-127,-125,-130,,,-130,,,,,-127,,,,,-105,-105,-105,-105,-105,,,-105,,,,,-108,,,,
2024-04-08,Manny Machado,/mlb/props/manny-machado/,CHC at SD,SD,"3B,DH",0.5,-110,-110,-115,-115,-110,,,-115,,,,,-115,,,,,-120,-115,-119,-115,-120,,,-120,,,,,-119,,,,
2024-04-08,Miguel Amaya,/mlb/props/miguel-amaya-c/,CHC at SD,CHC,"C,DH",0.5,+155,+165,+160,+165,+160,,,+150,,,,,+152,,,,,-205,-210,-214,-210,-220,,,-220,,,,,-214,,,,
2024-04-08,Christopher Morel,/mlb/props/christopher-morel/,CHC at SD,MIA,"1B,LF,DH",0.5,+130,+130,+125,+130,+125,,,+120,,,,,+123,,,,,-170,-160,-165,-160,-170,,,-165,,,,,-169,,,,
2024-04-08,Mike Tauchman,/mlb/props/mike-tauchman/,CHC at SD,NYM,"LF,CF,RF",0.5,+120,+130,+120,+130,+120,,,+120,,,,,+114,,,,,-160,-157,-160,-160,-160,,,-165,,,,,-157,,,,
2024-04-08,Dansby Swanson,/mlb/props/dansby-swanson/,CHC at SD,CHC,SS,0.5,+115,+100,+100,+100,+100,,,+100,,,,,-104,,,,,-150,-130,-131,-130,-130,,,-135,,,,,-131,,,,
2024-04-08,Cody Bellinger,/mlb/props/cody-bellinger/,CHC at SD,NYY,"LF,CF,RF",0.5,-110,-105,-110,-110,-105,,,-110,,,,,-113,,,,,-120,-120,-121,-120,-125,,,-125,,,,,-121,,,,
2024-04-08,Seiya Suzuki,/mlb/props/seiya-suzuki/,CHC at SD,CHC,"LF,RF,DH",0.5,-120,-115,-120,-115,-125,,,-120,,,,,-121,,,,,-110,-110,-113,-115,-110,,,-115,,,,,-113,,,,
2024-04-08,Ian Happ,/mlb/props/ian-happ/,CHC at SD,CHC,LF,0.5,+100,+105,+100,+100,+105,,,+100,,,,,+100,,,,,-135,-130,-135,-130,-135,,,-135,,,,,-137,,,,
2024-04-08,Xander Bogaerts,/mlb/props/xander-bogaerts/,CHC at SD,SD,SS,0.5,-130,-130,-130,-130,-130,,,-130,,,,,-133,,,,,+100,+100,-103,+100,+100,,,-105,,,,,-103,,,,
2024-04-08,CJ Abrams,/mlb/props/cj-abrams/,WSH at SF,WSH,SS,0.5,+110,+105,+100,+100,+105,,,+105,,,,,+100,,,,,-145,-130,-135,-130,-135,,,-140,,,,,-137,,,,
2024-04-08,Trey Lipscomb,/mlb/props/trey-lipscomb/,WSH at SF,WSH,3B,0.5,+130,+130,+125,+130,+125,,,+120,,,,,+116,,,,,-170,-160,-165,-160,-165,,,-165,,,,,-160,,,,
2024-04-08,Joey Meneses,/mlb/props/joey-meneses/,WSH at SF,ATH,1B,0.5,-110,-110,-111,-115,-110,,,-115,,,,,-111,,,,,-120,-115,-120,-115,-120,,,-120,,,,,-123,,,,
2024-04-08,Jesse Winker,/mlb/props/jesse-winker/,WSH at SF,FA,"LF,RF,DH",0.5,+160,+150,+145,+150,+145,,,+135,,,,,+139,,,,,-220,-185,-190,-185,-195,,,-190,,,,,-194,,,,
2024-04-08,Ildemaro Vargas,/mlb/props/ildemaro-vargas/,WSH at SF,ARI,"1B,2B",0.5,+100,-106,-110,-110,-110,,,-110,,,,,-106,,,,,-130,-120,-125,-120,-125,,,-125,,,,,-129,,,,
2024-04-08,Thairo Estrada,/mlb/props/thairo-estrada/,WSH at SF,FA,2B,0.5,-155,-135,-140,-135,-145,,,-140,,,,,-148,,,,,+115,+110,+108,+105,+110,,,+105,,,,,+108,,,,
2024-04-08,Luis Garcia,/mlb/props/luis-garcia-2b/,WSH at SF,WSH,"1B,2B,DH",0.5,-105,-105,-105,-105,-105,,,-105,,,,,,,,,,-130,-125,-130,-125,-130,,,-130,,,,,,,,,
2024-04-08,Joey Gallo,/mlb/props/joey-gallo/,WSH at SF,FA,"1B,LF,CF,RF",0.5,+330,+320,+280,+320,+320,,,+280,,,,,+275,,,,,-500,-429,-450,-450,-500,,,-525,,,,,-429,,,,
2024-04-08,Lane Thomas,/mlb/props/lane-thomas/,WSH at SF,KC,"LF,CF,RF",0.5,+100,-105,-105,-105,-105,,,-105,,,,,-106,,,,,-135,-125,-129,-125,-130,,,-130,,,,,-129,,,,
2024-04-08,Matt Chapman,/mlb/props/matt-chapman/,WSH at SF,SF,3B,0.5,+105,+105,+102,+105,+105,,,+100,,,,,+102,,,,,-140,-135,-139,-135,-140,,,-135,,,,,-139,,,,
2024-04-08,Patrick Bailey,/mlb/props/patrick-bailey/,WSH at SF,CLE,C,0.5,+105,+105,+104,+100,+105,,,+100,,,,,+104,,,,,-140,-130,-135,-130,-140,,,-135,,,,,-142,,,,
2024-04-08,Jung Hoo Lee,/mlb/props/jung-lee/,WSH at SF,SF,"CF,RF",0.5,-160,-160,-170,-170,-175,,,-175,,,,,-160,,,,,+120,+140,+130,+140,+130,,,+125,,,,,+116,,,,
2024-04-08,Wilmer Flores,/mlb/props/wilmer-flores/,WSH at SF,FA,"1B,DH",0.5,-125,-115,-115,-115,-115,,,-115,,,,,-125,,,,,-110,-109,-115,-115,-115,,,-115,,,,,-109,,,,
2024-04-08,Michael Conforto,/mlb/props/michael-conforto/,WSH at SF,CHC,"LF,RF,DH",0.5,-105,-105,-108,-110,-105,,,-110,,,,,-108,,,,,-125,-120,-125,-120,-125,,,-125,,,,,-127,,,,
2024-04-08,LaMonte Wade Jr.,/mlb/props/lamonte-wade/,WSH at SF,HOU,"1B,RF",0.5,+105,+106,+105,+100,+105,,,+100,,,,,+106,,,,,-140,-130,-135,-130,-135,,,-135,,,,,-145,,,,
2024-04-08,Nick Ahmed,/mlb/props/nick-ahmed/,WSH at SF,FA,SS,0.5,+100,+100,-103,+100,+100,,,-105,,,,,-103,,,,,-130,-130,-130,-130,-130,,,-130,,,,,-133,,,,
2024-04-08,Keibert Ruiz,/mlb/props/keibert-ruiz/,WSH at SF,WSH,C,0.5,-115,-115,-120,-115,-120,,,-120,,,,,-125,,,,,-115,-109,-110,-115,-110,,,-115,,,,,-109,,,,
2024-04-08,Jacob Young,/mlb/props/jacob-young/,WSH at SF,WSH,CF,0.5,+120,-120,-125,-120,-125,,,,,,,,-127,,,,,-160,-105,-108,-110,-105,,,,,,,,-108,,,,
2024-04-08,Mike Yastrzemski,/mlb/props/michael-yastrzemski/,WSH at SF,ATL,"LF,CF,RF",0.5,+145,+145,+140,+145,+140,,,+135,,,,,+139,,,,,-195,-180,-190,-180,-190,,,-190,,,,,-194,,,,
2024-04-08,Jorge Soler,/mlb/props/jorge-soler/,WSH at SF,LAA,"RF,DH",0.5,+100,+110,+105,+110,+105,,,+105,,,,,-103,,,,,-135,-133,-140,-140,-140,,,-150,,,,,-133,,,,
