Date,Player,Player_Page,Matchup,Team,Position,Line,Open_Over,Best Odds_Over,Consensus_Over,bet365_Over,DraftKings_Over,BetMGM_Over,FanDuel_Over,theScore Bet_Over,BetRivers_Over,SugarHouse_Over,PartyCasino_Over,Fliff_Over,Caesars_Over,PointsBet_Over,Hard Rock Bet_Over,ESPNBet_Over,Fanatics_Over,Open_Under,Best Odds_Under,Consensus_Under,bet365_Under,DraftKings_Under,BetMGM_Under,FanDuel_Under,theScore Bet_Under,BetRivers_Under,SugarHouse_Under,PartyCasino_Under,Fliff_Under,Caesars_Under,PointsBet_Under,Hard Rock Bet_Under,ESPNBet_Under,Fanatics_Under
2024-04-01,Dominic Fletcher,/mlb/props/dominic-fletcher/,ATL at CWS,PIT,"CF,RF",0.5,-120,-110,-111,-115,-110,,,-110,,,,,-111,,,,,-110,-115,-120,-115,-120,,,-120,,,,,-123,,,,
2024-04-01,Jarred Kelenic,/mlb/props/jarred-kelenic/,ATL at CWS,TEX,"LF,CF,RF",0.5,-130,-135,-140,-135,-140,,,-135,,,,,-142,,,,,-105,+105,+105,+105,+105,,,+105,,,,,+104,,,,
2024-04-01,Ronald Acuna Jr.,/mlb/props/ronald-acuna/,ATL at CWS,ATL,RF,1.5,-155,-155,-160,-155,-170,,,-160,-177,-177,,,-160,,,,,+120,+125,+120,+125,+125,,,+120,+125,+125,,,+116,,,,
2024-04-01,Travis d'Arnaud,/mlb/props/travis-darnaud/,ATL at CWS,LAA,C,1.5,+130,+140,+130,+140,+130,,,+130,+138,+138,,,+120,,,,,-175,-166,-175,-170,-175,,,-175,-195,-195,,,-166,,,,
2024-04-01,Marcell Ozuna,/mlb/props/marcell-ozuna/,ATL at CWS,PIT,DH,1.5,+105,+100,-105,-105,-105,,,+100,-110,-110,,,-106,,,,,-135,-125,-129,-125,-130,,,-130,-125,-125,,,-129,,,,
2024-04-01,Matt Olson,/mlb/props/matt-olson/,ATL at CWS,ATL,1B,1.5,+125,+120,+120,+120,+120,,,+120,-112,-112,,,+120,,,,,-165,-125,-150,-150,-155,,,-160,-125,-125,,,-166,,,,
2024-04-01,Orlando Arcia,/mlb/props/orlando-arcia/,ATL at CWS,MIN,"1B,2B,3B,SS",1.5,-200,-190,-190,-190,-200,,,-200,+150,+150,,,-199,,,,,+145,-220,+143,+155,+150,,,+145,-220,-220,,,+143,,,,
2024-04-01,Austin Riley,/mlb/props/austin-riley/,ATL at CWS,ATL,3B,1.5,-110,-110,-111,-115,-110,,,-110,-118,-118,,,-111,,,,,-120,-115,-120,-115,-120,,,-120,-118,-118,,,-123,,,,
2024-04-01,Nicky Lopez,/mlb/props/nicky-lopez/,ATL at CWS,TEX,"2B,3B,SS",0.5,-120,-140,-148,-140,-150,,,-140,,,,,-148,,,,,-110,+110,+110,+110,+110,,,+110,,,,,+108,,,,
2024-04-01,Paul DeJong,/mlb/props/paul-dejong/,ATL at CWS,FA,"2B,3B,SS",1.5,-110,-105,-105,-110,-110,,,-105,+230,+230,,,-111,,,,,-120,-345,-125,-120,-120,,,-125,-345,-345,,,-123,,,,
2024-04-01,Andrew Benintendi,/mlb/props/andrew-benintendi/,ATL at CWS,CWS,"LF,DH",1.5,-170,-190,-190,-190,-195,,,-200,+175,+175,,,-194,,,,,+125,-250,+139,+155,+145,,,+145,-250,-250,,,+139,,,,
2024-04-01,Gavin Sheets,/mlb/props/gavin-sheets/,ATL at CWS,SD,"1B,LF,RF,DH",0.5,+120,-110,-113,-115,-110,,,-110,,,,,-113,,,,,-155,-115,-120,-115,-120,,,-120,,,,,-121,,,,
2024-04-01,Luis Robert Jr.,/mlb/props/luis-robert/,ATL at CWS,NYM,CF,1.5,-150,-165,-165,-165,-175,,,-175,+135,+135,,,-174,,,,,+110,-195,+126,+135,+130,,,+130,-195,-195,,,+126,,,,
2024-04-01,Braden Shewmake,/mlb/props/braden-shewmake/,ATL at CWS,HOU,"2B,3B,SS",0.5,+115,+105,+100,+100,+105,,,+105,,,,,-101,,,,,-155,-130,-135,-130,-135,,,-135,,,,,-135,,,,
2024-04-01,Ozzie Albies,/mlb/props/ozhaino-albies/,ATL at CWS,ATL,2B,1.5,+120,+115,+108,+115,+115,,,+110,-108,-108,,,+108,,,,,-155,-129,-140,-145,-150,,,-140,-129,-129,,,-148,,,,
2024-04-01,Martin Maldonado,/mlb/props/martin-maldonado/,ATL at CWS,FA,C,0.5,+175,+150,+140,+150,+140,,,+140,,,,,+136,,,,,-235,-185,-189,-185,-190,,,-190,,,,,-189,,,,
2024-04-01,Yoan Moncada,/mlb/props/yoan-moncada/,ATL at CWS,LAA,3B,1.5,+105,-110,-110,-115,-110,,,-115,+245,+245,,,-119,,,,,-135,-385,-120,-115,-120,,,-115,-385,-385,,,-115,,,,
2024-04-01,Andrew Vaughn,/mlb/props/andrew-vaughn-1b/,ATL at CWS,MIL,1B,1.5,-175,-199,-199,-200,-200,,,-200,+155,+155,,,-199,,,,,+130,-225,+143,+160,+150,,,+145,-225,-225,,,+143,,,,
2024-04-01,Michael Harris II,/mlb/props/michael-harris/,ATL at CWS,ATL,CF,1.5,+125,+125,+120,+125,+120,,,+120,+115,+115,,,+116,,,,,-165,-155,-160,-155,-160,,,-160,-162,-162,,,-160,,,,
2024-04-01,Brenton Doyle,/mlb/props/brenton-doyle/,COL at CHC,COL,CF,0.5,-110,+100,-103,-105,+100,,,+100,,,,,-103,,,,,-120,-125,-130,-125,-130,,,-130,,,,,-133,,,,
2024-04-01,Ezequiel Tovar,/mlb/props/ezequiel-tovar/,COL at CHC,COL,SS,0.5,-165,-140,-145,-145,-145,,,-140,,,,,-148,,,,,+125,+115,+110,+115,+110,,,+110,,,,,+108,,,,
2024-04-01,Mike Tauchman,/mlb/props/mike-tauchman/,COL at CHC,NYM,"LF,CF,RF",0.5,-150,-148,-150,-150,-155,,,-150,,,,,-148,,,,,+110,+120,+115,+120,+115,,,+115,,,,,+108,,,,
2024-04-01,Yan Gomes,/mlb/props/yan-gomes/,COL at CHC,FA,C,0.5,-175,-165,-170,-165,-170,,,-175,,,,,-179,,,,,+130,+135,+130,+135,+125,,,+130,,,,,+129,,,,
2024-04-01,Michael Busch,/mlb/props/michael-busch-2b/,COL at CHC,CHC,1B,1.5,-170,-169,-169,-170,-180,,,-180,+175,+175,,,-169,,,,,+125,-250,+123,+140,+135,,,+135,-250,-250,,,+123,,,,
2024-04-01,Ian Happ,/mlb/props/ian-happ/,COL at CHC,CHC,LF,1.5,+145,+145,+136,+145,+140,,,+135,+130,+130,,,+136,,,,,-200,-180,-182,-180,-190,,,-180,-182,-182,,,-189,,,,
2024-04-01,Elias Diaz,/mlb/props/elias-diaz/,COL at CHC,TEX,C,1.5,-180,-154,-154,-155,-165,,,-160,+190,+190,,,-154,,,,,+135,-286,+112,+125,+120,,,+120,-286,-286,,,+112,,,,
2024-04-01,Dansby Swanson,/mlb/props/dansby-swanson/,COL at CHC,CHC,SS,1.5,+150,+160,+146,+160,+155,,,+145,+133,+133,,,+146,,,,,-200,-190,-200,-200,-210,,,-200,-190,-190,,,-204,,,,
2024-04-01,Elehuris Montero,/mlb/props/elehuris-montero-3b/,COL at CHC,FA,"1B,3B",0.5,-135,-120,-121,-120,-120,,,-125,,,,,-121,,,,,+100,-105,-110,-110,-110,,,-105,,,,,-113,,,,
2024-04-01,Ryan McMahon,/mlb/props/ryan-mcmahon/,COL at CHC,NYY,3B,1.5,-125,-115,-115,-115,-115,,,-115,+250,+250,,,-123,,,,,-105,-385,-115,-115,-115,,,-115,-385,-385,,,-111,,,,
2024-04-01,Nico Hoerner,/mlb/props/nico-hoerner/,COL at CHC,CHC,"2B,SS",0.5,-225,-199,-200,-200,-205,,,-200,,,,,-199,,,,,+165,+160,+150,+160,+150,,,+145,,,,,+143,,,,
2024-04-01,Cody Bellinger,/mlb/props/cody-bellinger/,COL at CHC,NYY,"LF,CF,RF",1.5,+140,+135,+125,+135,+125,,,+125,+115,+115,,,+126,,,,,-185,-159,-165,-165,-170,,,-165,-159,-159,,,-174,,,,
2024-04-01,Nolan Jones,/mlb/props/nolan-jones-3b/,COL at CHC,CWS,"LF,CF,RF",1.5,-130,-120,-120,-120,-125,,,-125,+210,+210,,,-133,,,,,+100,-315,-110,-110,-105,,,-105,-315,-315,,,-103,,,,
2024-04-01,Kris Bryant,/mlb/props/kris-bryant/,COL at CHC,COL,DH,1.5,-190,-165,-165,-165,-165,,,-165,+160,+160,,,-166,,,,,+140,-235,+120,+135,+125,,,+125,-235,-235,,,+120,,,,
2024-04-01,Christopher Morel,/mlb/props/christopher-morel/,COL at CHC,MIA,"1B,LF,DH",1.5,-185,-185,-185,-185,-185,,,-190,+145,+145,,,-199,,,,,+135,-205,+140,+150,+140,,,+140,-205,-205,,,+143,,,,
2024-04-01,Seiya Suzuki,/mlb/props/seiya-suzuki/,COL at CHC,CHC,"LF,RF,DH",1.5,+135,+140,+133,+140,+130,,,+130,+133,+133,,,+126,,,,,-180,-170,-175,-170,-175,,,-175,-190,-190,,,-174,,,,
2024-04-01,Brendan Rodgers,/mlb/props/brendan-rodgers/,COL at CHC,BOS,2B,1.5,+155,+160,+152,+160,+155,,,+150,+143,+143,,,+152,,,,,-210,-200,-210,-200,-215,,,-210,-200,-200,,,-214,,,,
2024-04-01,Charlie Blackmon,/mlb/props/charlie-blackmon/,COL at CHC,FA,"RF,DH",1.5,-195,-185,-185,-185,-190,,,-190,+175,+175,,,-199,,,,,+145,-250,+140,+150,+140,,,+140,-250,-250,,,+143,,,,
2024-04-01,Joey Meneses,/mlb/props/joey-meneses/,PIT at WSH,ATH,1B,1.5,+105,+110,+108,+110,+105,,,+110,+108,+108,,,+104,,,,,-140,-140,-142,-140,-140,,,-140,-150,-150,,,-142,,,,
2024-04-01,Rowdy Tellez,/mlb/props/rowdy-tellez/,PIT at WSH,ATL,1B,0.5,-105,-110,-115,-115,-110,,,-110,,,,,-117,,,,,-125,-115,-117,-115,-120,,,-120,,,,,-117,,,,
2024-04-01,Jesse Winker,/mlb/props/jesse-winker/,PIT at WSH,FA,"LF,RF,DH",0.5,-170,-155,-160,-155,-170,,,-160,,,,,-157,,,,,+125,+125,+120,+125,+125,,,+120,,,,,+114,,,,
2024-04-01,Trey Lipscomb,/mlb/props/trey-lipscomb/,PIT at WSH,WSH,3B,0.5,-155,-180,-189,-180,-190,,,-180,,,,,-189,,,,,+120,+145,+140,+145,+140,,,+135,,,,,+136,,,,
2024-04-01,Lane Thomas,/mlb/props/lane-thomas/,PIT at WSH,KC,"LF,CF,RF",1.5,+110,+115,+108,+115,+110,,,+115,-106,-106,,,+108,,,,,-145,-132,-145,-145,-145,,,-150,-132,-132,,,-148,,,,
2024-04-01,Connor Joe,/mlb/props/connor-joe/,PIT at WSH,SEA,"LF,RF",1.5,+140,-170,-170,-170,+130,,,-180,+138,+138,,,-184,,,,,-190,-175,+133,+140,-175,,,+135,-195,-195,,,+133,,,,
2024-04-01,Alika Williams,/mlb/props/alika-williams/,PIT at WSH,ATH,"2B,3B,SS",0.5,-110,-110,-110,-110,-110,,,,,,,,-111,,,,,-120,-120,-120,-120,-120,,,,,,,,-123,,,,
2024-04-01,Henry Davis,/mlb/props/henry-davis/,PIT at WSH,PIT,C,1.5,-175,-155,-155,-155,-160,,,-160,+155,+155,,,-169,,,,,+130,-230,+120,+125,+120,,,+120,-230,-230,,,+123,,,,
2024-04-01,Riley Adams,/mlb/props/riley-adams/,PIT at WSH,WSH,C,0.5,-170,-160,-165,-160,-170,,,-165,,,,,-169,,,,,+125,+130,+125,+130,+125,,,+125,,,,,+123,,,,
2024-04-01,Oneil Cruz,/mlb/props/oneil-cruz-3b/,PIT at WSH,PIT,"CF,DH",1.5,-140,-120,-120,-120,-130,,,-125,+175,+175,,,-127,,,,,+105,-250,-110,-110,-105,,,-105,-250,-250,,,-108,,,,
2024-04-01,Edward Olivares,/mlb/props/edward-olivares/,PIT at WSH,FA,"LF,RF",0.5,-185,-180,-184,-180,-185,,,-180,,,,,-184,,,,,+140,+145,+140,+145,+140,,,+135,,,,,+133,,,,
2024-04-01,Victor Robles,/mlb/props/victor-robles/,PIT at WSH,SEA,"LF,CF,RF",1.5,-140,-135,-135,-135,-140,,,-135,+210,+210,,,-142,,,,,+105,-315,+104,+105,+105,,,+105,-315,-315,,,+104,,,,
2024-04-01,Ke'Bryan Hayes,/mlb/props/kebryan-hayes/,PIT at WSH,CIN,3B,1.5,+120,+130,+125,+130,+125,,,+125,+118,+118,,,+116,,,,,-160,-160,-165,-160,-170,,,-165,-167,-167,,,-160,,,,
2024-04-01,Keibert Ruiz,/mlb/props/keibert-ruiz/,PIT at WSH,WSH,C,1.5,+125,+140,+135,+140,+135,,,+135,+128,+128,,,+120,,,,,-165,-166,-180,-170,-180,,,-180,-180,-180,,,-166,,,,
2024-04-01,Michael A. Taylor,/mlb/props/michael-taylor/,PIT at WSH,FA,"LF,CF,RF",0.5,-110,-115,-120,-115,-120,,,-120,,,,,-123,,,,,-120,-110,-111,-115,-110,,,-110,,,,,-111,,,,
2024-04-01,Andrew McCutchen,/mlb/props/andrew-mccutchen/,PIT at WSH,FA,"LF,RF,DH",1.5,-160,-145,-145,-145,-155,,,-150,+163,+163,,,-154,,,,,+120,-235,+112,+115,+115,,,+115,-235,-235,,,+112,,,,
2024-04-01,Eddie Rosario,/mlb/props/eddie-rosario/,PIT at WSH,FA,"LF,CF,RF,DH",0.5,-150,-150,-154,-150,-155,,,-150,,,,,-154,,,,,+115,+120,+115,+120,+115,,,+115,,,,,+112,,,,
2024-04-01,CJ Abrams,/mlb/props/cj-abrams/,PIT at WSH,WSH,SS,1.5,+115,+120,+115,+120,+110,,,+115,+110,+110,,,+108,,,,,-155,-148,-150,-150,-150,,,-150,-155,-155,,,-148,,,,
2024-04-01,Ildemaro Vargas,/mlb/props/ildemaro-vargas/,PIT at WSH,ARI,"1B,2B",1.5,+135,+155,+145,+155,+155,,,+145,,,,,+136,,,,,-185,-189,-200,-190,-210,,,-200,,,,,-189,,,,
2024-04-01,Bryan Reynolds,/mlb/props/bryan-reynolds/,PIT at WSH,PIT,"LF,CF,RF,DH",1.5,+125,+130,+120,+130,+120,,,+125,+114,+114,,,+114,,,,,-165,-157,-160,-160,-160,,,-165,-159,-159,,,-157,,,,
2024-04-01,Jared Triolo,/mlb/props/jared-triolo/,PIT at WSH,PIT,"1B,2B,3B,SS",0.5,-145,-145,-148,-145,-150,,,-150,,,,,-148,,,,,+110,+115,+115,+115,+115,,,+115,,,,,+108,,,,
2024-04-01,Maikel Garcia,/mlb/props/maikel-garcia/,KC at BAL,KC,"2B,3B,SS,OF",1.5,+130,+140,+130,+140,+130,,,+130,+125,+125,,,+126,,,,,-175,-170,-174,-170,-175,,,-175,-177,-177,,,-174,,,,
2024-04-01,MJ Melendez,/mlb/props/mj-melendez/,KC at BAL,NYM,"LF,DH",1.5,-150,-140,-140,-140,-145,,,-140,+160,+160,,,-145,,,,,+115,-230,+106,+110,+110,,,+110,-230,-230,,,+106,,,,
2024-04-01,Anthony Santander,/mlb/props/anthony-santander/,KC at BAL,TOR,"LF,RF,DH",1.5,-180,-170,-170,-170,-180,,,-180,+110,+110,,,-174,,,,,+135,-155,+126,+140,+135,,,+135,-155,-155,,,+126,,,,
2024-04-01,Jordan Westburg,/mlb/props/jordan-westburg/,KC at BAL,BAL,"2B,3B",1.5,-165,-160,-160,-160,-165,,,-165,+175,+175,,,-166,,,,,+125,-250,+120,+130,+125,,,+125,-250,-250,,,+120,,,,
2024-04-01,Ryan Mountcastle,/mlb/props/ryan-mountcastle/,KC at BAL,BAL,"1B,DH",1.5,+110,+110,+108,+105,+110,,,+110,+102,+102,,,+108,,,,,-145,-135,-143,-135,-145,,,-145,-143,-143,,,-148,,,,
2024-04-01,Adley Rutschman,/mlb/props/adley-rutschman/,KC at BAL,BAL,"C,DH",1.5,-200,-199,-199,-200,-200,,,-200,+110,+110,,,-199,,,,,+150,-155,+143,+160,+150,,,+145,-155,-155,,,+143,,,,
2024-04-01,Salvador Perez,/mlb/props/salvador-perez/,KC at BAL,KC,"C,1B,DH",1.5,+140,+145,+136,+145,+140,,,+135,+128,+128,,,+136,,,,,-190,-180,-180,-180,-190,,,-180,-180,-180,,,-189,,,,
2024-04-01,Kyle Isbel,/mlb/props/kyle-isbel/,KC at BAL,KC,CF,0.5,-120,-115,-117,-115,-120,,,-120,,,,,-117,,,,,-110,-110,-115,-115,-110,,,-110,,,,,-117,,,,
2024-04-01,Austin Hays,/mlb/props/austin-hays/,KC at BAL,CWS,"LF,DH",1.5,+155,-210,+133,+160,+155,,,-210,+133,+133,,,+146,,,,,-210,-190,-190,-200,-205,,,+150,-190,-190,,,-204,,,,
2024-04-01,Ryan O'Hearn,/mlb/props/ryan-ohearn/,KC at BAL,PIT,"1B,LF,RF,DH",1.5,-170,-165,-165,-165,-170,,,-175,+138,+138,,,-174,,,,,+125,-195,+125,+135,+125,,,+130,-195,-195,,,+126,,,,
2024-04-01,Hunter Renfroe,/mlb/props/hunter-renfroe/,KC at BAL,FA,RF,1.5,-160,-150,-150,-150,-160,,,-150,+188,+188,,,-154,,,,,+120,-278,+112,+120,+120,,,+115,-278,-278,,,+112,,,,
2024-04-01,Cedric Mullins II,/mlb/props/cedric-mullins/,KC at BAL,TB,CF,1.5,-130,-125,-125,-125,-130,,,-130,+205,+205,,,-125,,,,,-105,-315,-109,-105,-105,,,+100,-315,-315,,,-109,,,,
2024-04-01,Vinnie Pasquantino,/mlb/props/vinnie-pasquantino/,KC at BAL,KC,"1B,DH",1.5,-200,-189,-189,-190,-190,,,-200,+150,+150,,,-189,,,,,+145,-220,+136,+155,+140,,,+145,-220,-220,,,+136,,,,
2024-04-01,Adam Frazier,/mlb/props/adam-frazier/,KC at BAL,LAA,"2B,LF,RF",1.5,-135,-127,-127,-130,-135,,,-130,+285,+285,,,-127,,,,,+100,-455,-108,+100,+100,,,+100,-455,-455,,,-108,,,,
2024-04-01,Bobby Witt Jr.,/mlb/props/bobby-witt-jr/,KC at BAL,KC,SS,1.5,+110,+110,+105,+110,+110,,,+105,-108,-108,,,-101,,,,,-145,-129,-135,-140,-145,,,-135,-129,-129,,,-135,,,,
2024-04-01,Ramon Urias,/mlb/props/ramon-urias/,KC at BAL,STL,"2B,3B",0.5,-165,-160,-163,-160,-165,,,-165,,,,,-163,,,,,+125,+130,+125,+130,+125,,,+125,,,,,+118,,,,
2024-04-01,Nelson Velazquez,/mlb/props/nelson-velazquez/,KC at BAL,STL,"LF,RF,DH",1.5,-140,-135,-135,-135,-140,,,-135,+200,+200,,,-137,,,,,+105,-295,+100,+105,+105,,,+105,-295,-295,,,+100,,,,
2024-04-01,Gunnar Henderson,/mlb/props/gunnar-henderson/,KC at BAL,BAL,"SS,DH",1.5,+125,+130,+115,+130,+115,,,+125,-106,-106,,,+126,,,,,-165,-132,-155,-160,-155,,,-165,-132,-132,,,-174,,,,
2024-04-01,Mickey Moniak,/mlb/props/mckenzie-moniak/,LAA at MIA,COL,"LF,CF,RF,DH",1.5,-135,-130,-130,-130,-135,,,-145,+163,+163,,,-137,,,,,+105,-235,+100,+100,+100,,,+110,-235,-235,,,+100,,,,
2024-04-01,Logan O'Hoppe,/mlb/props/logan-ohoppe/,LAA at MIA,LAA,C,0.5,-190,-180,-185,-180,-185,,,-190,,,,,-189,,,,,+140,+145,+140,+145,+140,,,+140,,,,,+136,,,,
2024-04-01,Nick Gordon,/mlb/props/nick-gordon/,LAA at MIA,FA,"2B,LF,CF",1.5,-175,-160,-160,-160,-165,,,-165,+180,+180,,,-166,,,,,+135,-265,+120,+130,+125,,,+125,-265,-265,,,+120,,,,
2024-04-01,Tim Anderson,/mlb/props/tim-anderson/,LAA at MIA,FA,"2B,SS",1.5,+145,+165,+160,+165,+160,,,+160,+155,+155,,,+152,,,,,-195,-210,-215,-210,-220,,,-215,-225,-225,,,-214,,,,
2024-04-01,Jesus Sanchez,/mlb/props/jesus-sanchez/,LAA at MIA,TOR,"LF,CF,RF,DH",1.5,-160,-150,-150,-150,-155,,,-150,+170,+170,,,-157,,,,,+120,-250,+114,+120,+115,,,+115,-250,-250,,,+114,,,,
2024-04-01,Nolan Schanuel,/mlb/props/nolan-schanuel/,LAA at MIA,LAA,1B,1.5,-190,-200,-200,-200,-215,,,-210,+120,+120,,,-214,,,,,+140,-167,+150,+160,+155,,,+150,-167,-167,,,+152,,,,
2024-04-01,Taylor Ward,/mlb/props/taylor-ward/,LAA at MIA,BAL,LF,1.5,+125,+145,+135,+145,+140,,,+135,+105,+105,,,+136,,,,,-170,-148,-180,-180,-185,,,-180,-148,-148,,,-189,,,,
2024-04-01,Mike Trout,/mlb/props/mike-trout/,LAA at MIA,LAA,"CF,RF,DH",1.5,+115,+115,+112,+115,+115,,,+115,-109,-109,,,+112,,,,,-150,-127,-145,-145,-150,,,-150,-127,-127,,,-154,,,,
2024-04-01,Bryan De La Cruz,/mlb/props/bryan-de-la-cruz/,LAA at MIA,PHI,LF,1.5,+115,+140,+133,+140,+135,,,+135,+114,+114,,,+133,,,,,-150,-159,-170,-170,-180,,,-180,-159,-159,,,-184,,,,
2024-04-01,Matt Thaiss,/mlb/props/matt-thaiss/,LAA at MIA,BOS,C,1.5,-125,-120,-120,-120,-125,,,-125,+180,+180,,,-129,,,,,-105,-265,-110,-110,-105,,,-105,-265,-265,,,-106,,,,
2024-04-01,Josh Bell,/mlb/props/josh-bell/,LAA at MIA,MIN,"1B,DH",1.5,+140,+140,+129,+140,+135,,,+135,+112,+112,,,+129,,,,,-185,-157,-170,-170,-180,,,-180,-157,-157,,,-179,,,,
2024-04-01,Aaron Hicks,/mlb/props/aaron-hicks/,LAA at MIA,FA,"LF,CF,RF",1.5,-150,-120,-120,-120,-125,,,-125,+195,+195,,,-125,,,,,+115,-295,-110,-110,-105,,,-105,-295,-295,,,-109,,,,
2024-04-01,Brandon Drury,/mlb/props/brandon-drury/,LAA at MIA,KC,"1B,2B,3B",1.5,+130,+155,+139,+155,+145,,,+140,+112,+112,,,+139,,,,,-175,-157,-190,-190,-195,,,-190,-157,-157,,,-194,,,,
2024-04-01,Jazz Chisholm Jr.,/mlb/props/jasrado-chisholm/,LAA at MIA,NYY,"2B,3B",1.5,-195,-165,-165,-165,-170,,,-165,+117,+117,,,-169,,,,,+145,-165,+123,+135,+125,,,+125,-165,-165,,,+123,,,,
2024-04-01,Anthony Rendon,/mlb/props/anthony-rendon/,LAA at MIA,LAA,3B,1.5,+135,-190,+114,-190,+135,,,+145,+114,+114,,,-194,,,,,-185,-159,-159,+155,-180,,,-200,-159,-159,,,+139,,,,
2024-04-01,Luis Arraez,/mlb/props/luis-arraez/,LAA at MIA,SF,"1B,2B,DH",1.5,-115,-105,-110,-110,-105,,,-105,-121,-121,,,-115,,,,,-115,-115,-120,-120,-125,,,-125,-115,-115,,,-119,,,,
2024-04-01,Jake Burger,/mlb/props/jake-burger-3b/,LAA at MIA,TEX,1B,1.5,+130,+135,+125,+135,+125,,,+125,+102,+102,,,+126,,,,,-175,-141,-165,-165,-170,,,-165,-141,-141,,,-174,,,,
2024-04-01,Christian Bethancourt,/mlb/props/christian-bethancourt/,LAA at MIA,CHC,C,1.5,-160,-135,-135,-135,-140,,,-135,+185,+185,,,-139,,,,,+120,-275,+102,+105,+105,,,+105,-275,-275,,,+102,,,,
2024-04-01,Miguel Sano,/mlb/props/miguel-sano/,LAA at MIA,FA,"1B,3B",0.5,-140,-140,-145,-140,-145,,,-140,,,,,-151,,,,,+105,+110,+110,+110,+110,,,+110,,,,,+110,,,,
2024-04-01,Zach Neto,/mlb/props/zach-neto/,LAA at MIA,LAA,SS,1.5,-145,-120,-120,-120,-125,,,-125,+188,+188,,,-125,,,,,+110,-278,-110,-110,-105,,,-105,-278,-278,,,-109,,,,
2024-04-01,Santiago Espinal,/mlb/props/santiago-espinal/,CIN at PHI,FA,"2B,3B,LF,RF",1.5,-215,-185,-185,-185,-195,,,-190,+150,+150,,,-194,,,,,+155,-220,+139,+150,+145,,,+140,-220,-220,,,+139,,,,
2024-04-01,Johan Rojas,/mlb/props/johan-rojas/,CIN at PHI,PHI,CF,0.5,-130,-115,-115,-115,-115,,,-115,,,,,-115,,,,,+100,-115,-115,-115,-115,,,-115,,,,,-119,,,,
2024-04-01,Kyle Schwarber,/mlb/props/kyle-schwarber/,CIN at PHI,PHI,"LF,DH",1.5,-140,-120,-120,-120,-125,,,-125,+150,+150,,,-125,,,,,+105,-220,-110,-110,-110,,,-105,-220,-220,,,-109,,,,
2024-04-01,Spencer Steer,/mlb/props/spencer-steer/,CIN at PHI,CIN,"1B,2B,LF,RF",1.5,+130,+145,+140,+145,+140,,,+140,+123,+123,,,+129,,,,,-175,-175,-180,-180,-190,,,-190,-175,-175,,,-179,,,,
2024-04-01,J.T. Realmuto,/mlb/props/jt-realmuto/,CIN at PHI,PHI,C,1.5,-175,-150,-150,-150,-155,,,-150,+143,+143,,,-160,,,,,+130,-200,+115,+120,+115,,,+115,-200,-200,,,+116,,,,
2024-04-01,Elly De La Cruz,/mlb/props/elly-de-la-cruz/,CIN at PHI,CIN,SS,1.5,-150,-130,-130,-130,-135,,,-135,+190,+190,,,-139,,,,,+115,-278,+100,+100,+105,,,+105,-278,-278,,,+102,,,,
2024-04-01,Jake Fraley,/mlb/props/jake-fraley/,CIN at PHI,TB,"LF,RF",0.5,-120,-120,-121,-120,-125,,,,,,,,-121,,,,,-110,-105,-110,-110,-105,,,,,,,,-113,,,,
2024-04-01,Bryce Harper,/mlb/props/bryce-harper/,CIN at PHI,PHI,"1B,DH",1.5,-185,-170,-170,-170,-180,,,-180,+150,+150,,,-179,,,,,+140,-215,+129,+140,+135,,,+135,-215,-215,,,+129,,,,
2024-04-01,Will Benson,/mlb/props/will-benson/,CIN at PHI,CIN,"LF,CF,RF",0.5,+105,+115,+115,+115,+115,,,+115,,,,,+106,,,,,-135,-145,-150,-145,-150,,,-150,,,,,-145,,,,
2024-04-01,Jonathan India,/mlb/props/jonathan-india/,CIN at PHI,KC,"2B,3B,LF,DH",1.5,-190,-150,-150,-150,-160,,,-160,+148,+148,,,-157,,,,,+140,-210,+114,+120,+120,,,+120,-210,-210,,,+114,,,,
2024-04-01,Trea Turner,/mlb/props/trea-turner/,CIN at PHI,PHI,SS,1.5,+110,+120,+112,+120,+120,,,+120,+112,+112,,,+108,,,,,-145,-148,-155,-150,-155,,,-160,-155,-155,,,-148,,,,
2024-04-01,Christian Encarnacion-Strand,/mlb/props/christian-encarnacion-strand/,CIN at PHI,BAL,"1B,3B",1.5,-200,-179,-179,-180,-185,,,-180,+143,+143,,,-179,,,,,+145,-205,+129,+145,+135,,,+135,-205,-205,,,+129,,,,
2024-04-01,Stuart Fairchild,/mlb/props/stuart-fairchild/,CIN at PHI,CLE,"LF,CF,RF",1.5,-125,-105,-105,-110,-105,,,-120,+225,+225,,,-115,,,,,-105,-345,-125,-120,-125,,,-110,-345,-345,,,-119,,,,
2024-04-01,Jeimer Candelario,/mlb/props/jeimer-candelario/,CIN at PHI,LAA,"1B,3B",1.5,-180,-155,-155,-155,-165,,,-160,+148,+148,,,-163,,,,,+135,-220,+118,+125,+120,,,+120,-220,-220,,,+118,,,,
2024-04-01,Brandon Marsh,/mlb/props/brandon-marsh/,CIN at PHI,PHI,"LF,CF,RF",1.5,+125,+130,+130,+130,+125,,,+125,+360,+360,,,+120,,,,,-165,-160,-166,-160,-165,,,-165,-715,-715,,,-166,,,,
2024-04-01,Whit Merrifield,/mlb/props/whit-merrifield/,CIN at PHI,FA,"2B,3B,LF",0.5,-185,-160,-165,-160,-165,,,-160,,,,,-174,,,,,+135,+130,+125,+130,+125,,,+120,,,,,+126,,,,
2024-04-01,Nick Castellanos,/mlb/props/nick-castellanos/,CIN at PHI,FA,"RF,DH",1.5,-190,-165,-165,-165,-170,,,-165,+148,+148,,,-174,,,,,+140,-215,+125,+135,+125,,,+125,-215,-215,,,+126,,,,
2024-04-01,Alec Bohm,/mlb/props/alec-bohm/,CIN at PHI,PHI,"1B,3B",1.5,+125,+140,+135,+140,+135,,,+135,+128,+128,,,+129,,,,,-165,-170,-179,-170,-180,,,-180,-180,-180,,,-179,,,,
2024-04-01,Bryson Stott,/mlb/props/bryson-stott-ss/,CIN at PHI,PHI,"2B,SS",1.5,-175,-150,-150,-150,-155,,,-150,+215,+215,,,-154,,,,,+130,-335,+112,+120,+115,,,+115,-335,-335,,,+112,,,,
2024-04-01,Luke Maile,/mlb/props/luke-maile/,CIN at PHI,KC,C,1.5,-150,-125,-125,-125,-130,,,-130,+205,+205,,,-133,,,,,+115,-305,-105,-105,+100,,,+100,-305,-305,,,-103,,,,
2024-04-01,Leody Taveras,/mlb/props/leody-taveras-of/,TEX at TB,BAL,"CF,RF",0.5,-165,-160,-165,-160,-165,,,-165,,,,,-166,,,,,+125,+130,+125,+130,+125,,,+125,,,,,+120,,,,
2024-04-01,Yandy Diaz,/mlb/props/yandy-diaz/,TEX at TB,TB,"1B,DH",1.5,+115,+115,+112,+115,+115,,,+115,+108,+104,,,+112,,,,,-150,-143,-150,-145,-150,,,-150,-150,-143,,,-154,,,,
2024-04-01,Austin Shenton,/mlb/props/austin-shenton/,TEX at TB,FA,1B,0.5,-130,-125,-130,-125,-130,,,,,,,,-133,,,,,+100,+100,-103,-105,+100,,,,,,,,-103,,,,
2024-04-01,Jared Walsh,/mlb/props/jared-walsh/,TEX at TB,FA,"1B,RF",0.5,+100,+100,-101,-105,+100,,,+100,,,,,-101,,,,,-135,-125,-130,-125,-130,,,-130,,,,,-135,,,,
2024-04-01,Rene Pinto,/mlb/props/rene-pinto/,TEX at TB,PHI,C,0.5,-125,-110,-120,-120,-125,,,-110,,,,,-121,,,,,-105,-105,-113,-110,-105,,,-120,,,,,-113,,,,
2024-04-01,Richie Palacios,/mlb/props/richie-palacios/,TEX at TB,TB,"2B,LF",1.5,-175,-169,-169,-170,-180,,,-175,+165,+155,,,-169,,,,,+130,-225,+123,+140,+135,,,+130,-240,-225,,,+123,,,,
2024-04-01,Randy Arozarena,/mlb/props/randy-arozarena/,TEX at TB,SEA,"LF,CF",1.5,-200,-190,-190,-190,-205,,,+145,+115,+112,,,-204,,,,,+145,-157,+146,+155,+150,,,-200,-162,-157,,,+146,,,,
2024-04-01,Amed Rosario,/mlb/props/amed-rosario/,TEX at TB,NYY,"2B,3B,OF",1.5,+145,+145,+140,+145,+145,,,+140,+125,+125,,,+136,,,,,-195,-177,-189,-180,-195,,,-190,-177,-177,,,-189,,,,
2024-04-01,Corey Seager,/mlb/props/corey-seager/,TEX at TB,TEX,SS,1.5,-110,-110,-110,-110,-110,,,-110,-112,-118,,,-113,,,,,-120,-118,-121,-120,-120,,,-120,-124,-118,,,-121,,,,
2024-04-01,Jose Caballero,/mlb/props/jose-caballero/,TEX at TB,NYY,"2B,3B,SS,LF,RF",0.5,-135,-135,-139,-135,-140,,,-135,,,,,-139,,,,,+100,+105,+105,+105,+105,,,+105,,,,,+102,,,,
2024-04-01,Josh Jung,/mlb/props/josh-jung-3b/,TEX at TB,TEX,3B,1.5,+135,+145,+135,+145,+135,,,+135,+138,+135,,,+126,,,,,-185,-174,-185,-180,-185,,,-180,-195,-195,,,-174,,,,
2024-04-01,Evan Carter,/mlb/props/evan-carter/,TEX at TB,TEX,"LF,CF,RF",1.5,-165,-155,-155,-155,-165,,,-160,+165,+160,,,-166,,,,,+125,-230,+120,+125,+125,,,+120,-240,-230,,,+120,,,,
2024-04-01,Jose Siri,/mlb/props/jose-siri/,TEX at TB,LAA,"LF,CF",1.5,-145,-140,-140,-145,-155,,,-140,+165,+165,,,-154,,,,,+110,-240,+110,+115,+115,,,+110,-240,-240,,,+112,,,,
2024-04-01,Isaac Paredes,/mlb/props/isaac-paredes/,TEX at TB,HOU,"1B,3B,DH",1.5,-170,-170,-170,-170,-175,,,-175,+148,+148,,,-174,,,,,+125,-210,+126,+140,+130,,,+130,-210,-210,,,+126,,,,
2024-04-01,Curtis Mead,/mlb/props/curtis-meade/,TEX at TB,WSH,"1B,2B,3B",1.5,-195,-190,-190,-190,-195,,,,+140,+140,,,-194,,,,,+145,-200,+139,+155,+145,,,,-200,-200,,,+139,,,,
2024-04-01,Marcus Semien,/mlb/props/marcus-semien/,TEX at TB,NYM,2B,1.5,+115,+125,+115,+110,+115,,,+110,+125,+125,,,+106,,,,,-150,-140,-150,-140,-150,,,-140,-177,-177,,,-145,,,,
2024-04-01,Jonah Heim,/mlb/props/jonah-heim/,TEX at TB,ATH,"C,DH",1.5,-185,-145,-145,-160,-155,,,-145,+180,+180,,,-169,,,,,+140,-265,+110,+130,+115,,,+110,-265,-265,,,+123,,,,
2024-04-01,Brandon Lowe,/mlb/props/brandon-lowe/,TEX at TB,PIT,2B,1.5,-185,-179,-179,-180,-185,,,-180,+125,+123,,,-179,,,,,+140,-175,+129,+145,+140,,,+135,-177,-175,,,+129,,,,
2024-04-01,Adolis Garcia,/mlb/props/jose-adolis-garcia/,TEX at TB,PHI,RF,1.5,+115,+120,+110,+110,+110,,,+110,+120,+112,,,+110,,,,,-155,-140,-151,-140,-145,,,-140,-167,-157,,,-151,,,,
2024-04-01,Wyatt Langford,/mlb/props/wyatt-langford/,TEX at TB,TEX,"LF,CF",1.5,-175,-170,-170,-170,-175,,,-175,+175,+170,,,-174,,,,,+130,-245,+126,+140,+130,,,+130,-250,-245,,,+126,,,,
2024-04-01,Travis Jankowski,/mlb/props/travis-jankowski/,TEX at TB,FA,"LF,CF,RF",0.5,-135,-130,-135,-130,-135,,,-135,,,,,-139,,,,,+105,+105,+102,+100,+105,,,+105,,,,,+102,,,,
2024-04-01,Harold Ramirez,/mlb/props/harold-ramirez-of/,TEX at TB,FA,"LF,RF,DH",1.5,+120,+120,+115,+120,+120,,,+115,+105,+105,,,+120,,,,,-160,-148,-150,-150,-160,,,-150,-148,-148,,,-166,,,,
2024-04-01,Matt Vierling,/mlb/props/matt-vierling/,DET at NYM,DET,"LF,CF,RF",1.5,+135,+128,+115,+115,+110,,,+110,+128,+128,,,+108,,,,,-180,-140,-150,-145,-150,,,-140,-182,-182,,,-148,,,,
2024-04-01,Colt Keith,/mlb/props/colt-keith/,DET at NYM,DET,"1B,2B,3B,DH",1.5,-160,-150,-150,-150,-150,,,-150,+195,+195,,,-151,,,,,+120,-286,+110,+120,+115,,,+115,-286,-286,,,+110,,,,
2024-04-01,Carson Kelly,/mlb/props/carson-kelly/,DET at NYM,CHC,C,0.5,-130,-130,-130,-130,-130,,,-130,,,,,-133,,,,,+100,+100,+100,+100,+100,,,+100,,,,,-103,,,,
2024-04-01,Spencer Torkelson,/mlb/props/spencer-torkelson-if/,DET at NYM,DET,1B,1.5,+115,+128,+120,+125,+125,,,+120,+128,+128,,,+112,,,,,-155,-154,-160,-155,-165,,,-160,-180,-180,,,-154,,,,
2024-04-01,Parker Meadows,/mlb/props/parker-meadows/,DET at NYM,DET,CF,0.5,-105,+100,-105,-105,+100,,,+100,,,,,-108,,,,,-125,-125,-130,-125,-135,,,-130,,,,,-127,,,,
2024-04-01,Brett Baty,/mlb/props/brett-baty/,DET at NYM,NYM,"1B,2B,3B,RF",1.5,-125,-119,-119,-120,-120,,,-125,+230,+230,,,-119,,,,,-105,-345,-115,-110,-110,,,-105,-345,-345,,,-115,,,,
2024-04-01,DJ Stewart,/mlb/props/dj-stewart/,DET at NYM,PIT,"LF,RF",1.5,-115,-115,-115,-115,-115,,,-115,+175,+175,,,-115,,,,,-115,-250,-119,-115,-115,,,-115,-250,-250,,,-119,,,,
2024-04-01,Javier Baez,/mlb/props/javier-baez/,DET at NYM,DET,"2B,3B,SS,CF",1.5,-190,-189,-189,-190,-200,,,-200,+170,+170,,,-189,,,,,+140,-250,+136,+155,+150,,,+145,-250,-250,,,+136,,,,
2024-04-01,Jeff McNeil,/mlb/props/jeff-mcneil/,DET at NYM,ATH,"2B,LF,CF,RF",1.5,+140,+155,+145,+155,+145,,,+145,+155,+155,,,+133,,,,,-190,-184,-200,-190,-195,,,-200,-225,-225,,,-184,,,,
2024-04-01,Harrison Bader,/mlb/props/harrison-bader/,DET at NYM,SF,"LF,CF,RF",1.5,-135,-135,-135,-135,-140,,,-135,+200,+200,,,-139,,,,,+105,-295,+102,+105,+105,,,+105,-295,-295,,,+102,,,,
2024-04-01,Starling Marte,/mlb/props/starling-marte/,DET at NYM,KC,"LF,RF,DH",1.5,-215,-200,-200,-200,-205,,,-210,+140,+140,,,-214,,,,,+160,-200,+150,+160,+150,,,+150,-200,-200,,,+152,,,,
2024-04-01,Gio Urshela,/mlb/props/giovanny-urshela/,DET at NYM,FA,3B,1.5,+125,+130,+129,+130,+125,,,+125,+130,+130,,,+129,,,,,-165,-160,-165,-160,-165,,,-165,-182,-182,,,-179,,,,
2024-04-01,Jake Rogers,/mlb/props/jake-rogers/,DET at NYM,DET,C,1.5,-130,-135,-135,-140,-145,,,-135,+210,+210,,,-148,,,,,+100,-335,+105,+110,+110,,,+105,-335,-335,,,+108,,,,
2024-04-01,Riley Greene,/mlb/props/riley-greene-of/,DET at NYM,DET,"LF,CF,RF,DH",1.5,-185,-174,-174,-180,-185,,,-180,+170,+170,,,-174,,,,,+140,-245,+126,+145,+135,,,+135,-245,-245,,,+126,,,,
2024-04-01,Pete Alonso,/mlb/props/peter-alonso/,DET at NYM,BAL,"1B,DH",1.5,-185,-179,-179,-180,-180,,,-180,+125,+125,,,-179,,,,,+135,-177,+129,+145,+135,,,+135,-177,-177,,,+129,,,,
2024-04-01,Brandon Nimmo,/mlb/props/brandon-nimmo/,DET at NYM,TEX,"LF,CF,RF,DH",1.5,+130,+140,+135,+140,+140,,,+135,+138,+138,,,+129,,,,,-175,-170,-180,-170,-185,,,-180,-195,-195,,,-179,,,,
2024-04-01,Francisco Alvarez,/mlb/props/francisco-alvarez/,DET at NYM,NYM,"C,DH",1.5,-140,-154,-154,-155,-155,,,-160,+165,+165,,,-154,,,,,+105,-240,+112,+125,+115,,,+120,-240,-240,,,+112,,,,
2024-04-01,Francisco Lindor,/mlb/props/francisco-lindor/,DET at NYM,NYM,SS,1.5,+125,+130,+125,+130,+125,,,+125,+118,+118,,,+116,,,,,-165,-160,-165,-160,-165,,,-165,-167,-167,,,-160,,,,
2024-04-01,Joey Wendle,/mlb/props/joe-wendle/,DET at NYM,FA,"2B,SS",0.5,-150,-145,-150,-145,-150,,,-150,,,,,-151,,,,,+115,+115,+115,+115,+115,,,+115,,,,,+110,,,,
2024-04-01,Mark Canha,/mlb/props/mark-canha/,DET at NYM,FA,"LF,RF",1.5,+150,-185,-185,-185,+145,,,-190,+180,+180,,,-194,,,,,-200,-200,+139,+150,-200,,,+140,-265,-265,,,+139,,,,
2024-04-01,Andy Ibanez,/mlb/props/andy-ibanez/,DET at NYM,NYM,"2B,3B",1.5,+110,+140,+130,+140,+130,,,+130,+140,+140,,,+126,,,,,-145,-170,-175,-170,-170,,,-175,-200,-200,,,-174,,,,
2024-04-01,George Springer,/mlb/props/george-springer/,TOR at HOU,TOR,"LF,CF,RF,DH",1.5,+115,+120,+115,+120,+115,,,+115,+108,+108,,,+110,,,,,-150,-150,-150,-150,-150,,,-150,-150,-150,,,-151,,,,
2024-04-01,Daniel Vogelbach,/mlb/props/dan-vogelbach/,TOR at HOU,FA,DH,0.5,-155,-155,-157,-155,-155,,,-160,,,,,-157,,,,,+115,+125,+120,+125,+115,,,+120,,,,,+114,,,,
2024-04-01,Jose Altuve,/mlb/props/jose-altuve/,TOR at HOU,HOU,"2B,LF,DH",1.5,+115,+116,+115,+115,+115,,,+115,+102,+102,,,+116,,,,,-155,-141,-150,-145,-155,,,-150,-141,-141,,,-160,,,,
2024-04-01,Justin Turner,/mlb/props/justin-turner/,TOR at HOU,FA,"1B,3B",1.5,+125,+135,+126,+135,+125,,,+125,+132,+132,,,+126,,,,,-170,-165,-170,-165,-170,,,-165,-186,-186,,,-174,,,,
2024-04-01,Jose Abreu,/mlb/props/jose-dariel-abreu/,TOR at HOU,FA,1B,1.5,+140,+145,+138,+145,+140,,,+135,+138,+138,,,+133,,,,,-185,-180,-185,-180,-185,,,-180,-195,-195,,,-184,,,,
2024-04-01,Yordan Alvarez,/mlb/props/yordan-alvarez/,TOR at HOU,HOU,"LF,DH",1.5,-110,-125,-127,-125,-125,,,-130,-127,-127,,,-125,,,,,-125,+100,-105,-105,-105,,,+100,-109,-109,,,-109,,,,
2024-04-01,Ernie Clement,/mlb/props/ernie-clement/,TOR at HOU,TOR,"1B,2B,3B,SS",1.5,-170,-165,-165,-165,-170,,,-165,+195,+195,,,-169,,,,,+130,-295,+123,+135,+130,,,+125,-295,-295,,,+123,,,,
2024-04-01,Cavan Biggio,/mlb/props/cavan-biggio/,TOR at HOU,HOU,"1B,2B,RF",1.5,-115,-115,-115,-115,-115,,,-120,+265,+265,,,-119,,,,,-115,-420,-115,-115,-115,,,-110,-420,-420,,,-115,,,,
2024-04-01,Kevin Kiermaier,/mlb/props/kevin-kiermaier/,TOR at HOU,FA,CF,1.5,-180,-170,-170,-170,-180,,,-180,+170,+170,,,-179,,,,,+135,-250,+129,+140,+135,,,+135,-250,-250,,,+129,,,,
2024-04-01,Isiah Kiner-Falefa,/mlb/props/isiah-kiner-falefa/,TOR at HOU,BOS,"2B,3B,SS",0.5,-180,-160,-165,-160,-165,,,-165,,,,,-169,,,,,+135,+130,+125,+130,+125,,,+125,,,,,+123,,,,
2024-04-01,Alex Bregman,/mlb/props/alex-bregman/,TOR at HOU,CHC,"3B,DH",1.5,+135,+135,+129,+135,+130,,,+130,+123,+123,,,+129,,,,,-180,-165,-175,-165,-175,,,-175,-175,-175,,,-179,,,,
2024-04-01,Jake Meyers,/mlb/props/jacob-meyers/,TOR at HOU,HOU,CF,1.5,-125,-115,-115,-115,-125,,,-120,+225,+225,,,-129,,,,,-105,-345,-115,-115,-105,,,-110,-345,-345,,,-106,,,,
2024-04-01,Vladimir Guerrero Jr.,/mlb/props/vladimir-guerrero-jr/,TOR at HOU,TOR,"1B,DH",1.5,+105,+105,+105,+105,+105,,,+105,+105,+105,,,+102,,,,,-135,-135,-139,-135,-140,,,-135,-148,-148,,,-139,,,,
2024-04-01,Alejandro Kirk,/mlb/props/alejandro-kirk/,TOR at HOU,TOR,C,1.5,+145,+155,+140,+140,+135,,,+130,+155,+155,,,+136,,,,,-195,-170,-189,-170,-180,,,-175,-225,-225,,,-189,,,,
2024-04-01,Kyle Tucker,/mlb/props/kyle-tucker/,TOR at HOU,LAD,"RF,DH",1.5,+105,+105,+100,+100,+100,,,+105,-105,-105,,,-101,,,,,-140,-130,-134,-130,-135,,,-135,-134,-134,,,-135,,,,
2024-04-01,Yainer Diaz,/mlb/props/yainer-diaz-c/,TOR at HOU,HOU,"C,DH",1.5,+115,+110,+110,+110,+110,,,+110,+106,+106,,,+110,,,,,-150,-140,-145,-140,-145,,,-140,-148,-148,,,-151,,,,
2024-04-01,Jeremy Pena,/mlb/props/jeremy-pena/,TOR at HOU,HOU,SS,1.5,-190,-189,-189,-190,-190,,,-200,+160,+160,,,-189,,,,,+140,-230,+136,+155,+140,,,+145,-230,-230,,,+136,,,,
2024-04-01,Bo Bichette,/mlb/props/bo-bichette/,TOR at HOU,NYM,"3B,SS",1.5,+105,+106,+102,+100,+105,,,+100,+106,+106,,,+102,,,,,-140,-130,-139,-130,-140,,,-130,-148,-148,,,-139,,,,
2024-04-01,Chas McCormick,/mlb/props/chas-mccormick/,TOR at HOU,CHC,"LF,CF,RF",1.5,-155,-157,-157,-160,-170,,,-165,+160,+160,,,-157,,,,,+120,-235,+114,+130,+125,,,+125,-235,-235,,,+114,,,,
2024-04-01,Daulton Varsho,/mlb/props/daulton-varsho/,TOR at HOU,TOR,"LF,CF",1.5,+120,-160,-160,-160,+120,,,-165,+123,+123,,,-169,,,,,-165,-165,+123,+130,-165,,,+125,-175,-175,,,+123,,,,
2024-04-01,Dominic Canzone,/mlb/props/dominic-canzone/,CLE at SEA,SEA,"LF,RF,DH",1.5,-155,-145,-145,-145,-155,,,-150,+180,+180,,,-157,,,,,+115,-265,+114,+115,+115,,,+115,-265,-265,,,+114,,,,
2024-04-01,Will Brennan,/mlb/props/will-brennan/,CLE at SEA,SF,"LF,CF,RF",1.5,+130,+155,+140,+145,+140,,,+140,+155,+155,,,+126,,,,,-175,-174,-190,-180,-190,,,-190,-225,-225,,,-174,,,,
2024-04-01,Jorge Polanco,/mlb/props/jorge-polanco/,CLE at SEA,NYM,"2B,3B,DH",1.5,-145,-140,-140,-140,-145,,,-140,+160,+160,,,-151,,,,,+110,-230,+110,+110,+110,,,+110,-230,-230,,,+110,,,,
2024-04-01,Ramon Laureano,/mlb/props/ramon-laureano/,CLE at SEA,SD,"LF,CF,RF",0.5,-160,-150,-155,-150,-155,,,-150,,,,,-160,,,,,+120,+120,+116,+120,+115,,,+115,,,,,+116,,,,
2024-04-01,Cal Raleigh,/mlb/props/caleb-raleigh/,CLE at SEA,SEA,"C,DH",1.5,-150,-130,-130,-130,-135,,,-135,+163,+163,,,-142,,,,,+110,-235,+100,+100,+100,,,+105,-235,-235,,,+104,,,,
2024-04-01,Andres Gimenez,/mlb/props/andres-giminez/,CLE at SEA,TOR,"2B,SS",1.5,+125,+135,+130,+135,+130,,,+130,+130,+130,,,+120,,,,,-170,-165,-170,-165,-170,,,-175,-182,-182,,,-166,,,,
2024-04-01,Josh Rojas,/mlb/props/josh-rojas/,CLE at SEA,KC,"2B,3B",0.5,-115,-115,-115,-115,-115,,,-115,,,,,-117,,,,,-115,-115,-115,-115,-115,,,-115,,,,,-117,,,,
2024-04-01,Julio Rodriguez,/mlb/props/julio-rodriguez-of/,CLE at SEA,SEA,CF,1.5,-115,-110,-115,-115,-110,,,-110,-125,-125,,,-115,,,,,-115,-110,-115,-115,-120,,,-120,-110,-110,,,-119,,,,
2024-04-01,Josh Naylor,/mlb/props/josh-naylor/,CLE at SEA,SEA,"1B,DH",1.5,+110,+116,+115,+115,+115,,,+115,+116,+116,,,+108,,,,,-145,-145,-150,-145,-150,,,-150,-162,-162,,,-148,,,,
2024-04-01,Tyler Freeman,/mlb/props/tyler-freeman-ss/,CLE at SEA,COL,"2B,RF,DH",1.5,-185,-184,-184,-185,-190,,,-190,+190,+190,,,-184,,,,,+140,-278,+133,+150,+145,,,+140,-278,-278,,,+133,,,,
2024-04-01,Mitch Haniger,/mlb/props/mitch-haniger/,CLE at SEA,FA,RF,0.5,-160,-150,-155,-150,-155,,,-150,,,,,-160,,,,,+120,+120,+116,+120,+115,,,+115,,,,,+116,,,,
2024-04-01,Luis Urias,/mlb/props/luis-urias/,CLE at SEA,TOR,"2B,3B",0.5,-115,-115,-115,-115,-115,,,-115,,,,,-121,,,,,-115,-113,-115,-115,-115,,,-115,,,,,-113,,,,
2024-04-01,Jose Ramirez,/mlb/props/jose-ramirez/,CLE at SEA,CLE,"3B,DH",1.5,+110,+110,+108,+110,+110,,,+105,+102,+102,,,+108,,,,,-145,-135,-141,-140,-145,,,-135,-141,-141,,,-148,,,,
2024-04-01,Dylan Moore,/mlb/props/dylan-moore/,CLE at SEA,PHI,"1B,2B,3B,LF,RF",0.5,+125,+130,+125,+130,+125,,,+125,,,,,+123,,,,,-170,-160,-165,-160,-170,,,-165,,,,,-169,,,,
2024-04-01,Ty France,/mlb/props/tyler-france/,CLE at SEA,SD,1B,1.5,-170,-155,-155,-155,-160,,,-160,+180,+180,,,-157,,,,,+125,-265,+114,+125,+120,,,+120,-265,-265,,,+114,,,,
2024-04-01,Steven Kwan,/mlb/props/steven-kwan/,CLE at SEA,CLE,"LF,CF",1.5,+115,+125,+120,+125,+120,,,+120,+123,+123,,,+114,,,,,-155,-155,-160,-155,-160,,,-160,-175,-175,,,-157,,,,
2024-04-01,Mitch Garver,/mlb/props/mitch-garver/,CLE at SEA,SEA,"C,DH",0.5,-160,-150,-160,-150,-160,,,-160,,,,,-166,,,,,+120,+120,+120,+120,+120,,,+120,,,,,+120,,,,
2024-04-01,Bo Naylor,/mlb/props/bo-naylor/,CLE at SEA,CLE,C,1.5,-160,-140,-140,-140,-145,,,-140,+180,+180,,,-148,,,,,+120,-265,+108,+110,+110,,,+110,-265,-265,,,+108,,,,
2024-04-01,Brayan Rocchio,/mlb/props/brayan-rocchio/,CLE at SEA,CLE,"2B,SS",0.5,-175,-160,-165,-160,-170,,,-165,,,,,-174,,,,,+130,+130,+126,+130,+125,,,+125,,,,,+126,,,,
2024-04-01,J.P. Crawford,/mlb/props/jp-crawford/,CLE at SEA,SEA,"3B,SS",1.5,-145,-140,-140,-140,-145,,,-140,+188,+188,,,-148,,,,,+110,-278,+108,+110,+110,,,+110,-278,-278,,,+108,,,,
2024-04-01,Luke Raley,/mlb/props/lucas-raley/,CLE at SEA,SEA,"1B,LF,CF,RF",0.5,-105,-106,-110,-115,-110,,,-110,,,,,-106,,,,,-125,-115,-120,-115,-120,,,-120,,,,,-129,,,,
2024-04-01,Alec Burleson,/mlb/props/alec-burleson/,STL at SD,STL,"1B,LF,RF,DH",1.5,+140,+140,+140,+140,+140,,,+135,+140,+140,,,+133,,,,,-185,-170,-184,-170,-185,,,-180,-200,-200,,,-184,,,,
2024-04-01,Tyler Wade,/mlb/props/tyler-wade/,STL at SD,FA,"2B,LF,CF",0.5,-160,-150,-160,-150,-160,,,-150,,,,,-163,,,,,+120,+120,+118,+120,+120,,,+115,,,,,+118,,,,
2024-04-01,Victor Scott,/mlb/props/victor-scott/,STL at SD,STL,CF,1.5,-165,-169,-169,-170,-170,,,-175,+200,+200,,,-169,,,,,+125,-305,+123,+140,+130,,,+130,-305,-305,,,+123,,,,
2024-04-01,Willson Contreras,/mlb/props/willson-contreras/,STL at SD,BOS,1B,1.5,+140,+155,+145,+155,+145,,,+145,+150,+150,,,+136,,,,,-185,-189,-200,-190,-195,,,-200,-220,-220,,,-189,,,,
2024-04-01,Ha-Seong Kim,/mlb/props/ha-seong-kim/,STL at SD,ATL,"2B,SS",1.5,-160,-150,-150,-150,-155,,,-150,+195,+195,,,-166,,,,,+120,-286,+115,+120,+115,,,+115,-286,-286,,,+120,,,,
2024-04-01,Jordan Walker,/mlb/props/jordan-walker/,STL at SD,STL,"LF,RF",1.5,+140,+145,+136,+145,+135,,,+135,,,,,+136,,,,,-190,-180,-180,-180,-180,,,-180,,,,,-189,,,,
2024-04-01,Xander Bogaerts,/mlb/props/xander-bogaerts/,STL at SD,SD,SS,1.5,+155,+160,+152,+160,+155,,,+150,+143,+143,,,+152,,,,,-210,-200,-210,-200,-210,,,-210,-200,-200,,,-214,,,,
2024-04-01,Graham Pauley,/mlb/props/graham-pauley/,STL at SD,MIA,"1B,3B",1.5,-155,-150,-150,-150,-155,,,-150,+205,+205,,,-157,,,,,+120,-315,+114,+120,+120,,,+115,-315,-315,,,+114,,,,
2024-04-01,Masyn Winn,/mlb/props/masyn-winn-p/,STL at SD,STL,SS,0.5,-145,-135,-145,-135,-145,,,-135,,,,,-151,,,,,+110,+110,+105,+105,+110,,,+105,,,,,+110,,,,
2024-04-01,Fernando Tatis Jr.,/mlb/props/fernando-tatis-jr/,STL at SD,SD,"2B,RF",1.5,+115,+120,+112,+120,+105,,,+115,+112,+112,,,+112,,,,,-155,-140,-150,-150,-140,,,-150,-157,-157,,,-154,,,,
2024-04-01,Brendan Donovan,/mlb/props/brendan-donovan/,STL at SD,SEA,"2B,3B,SS,LF",1.5,+115,+132,+115,+110,+115,,,+110,+132,+132,,,+106,,,,,-150,-140,-150,-140,-150,,,-140,-186,-186,,,-145,,,,
2024-04-01,Jake Cronenworth,/mlb/props/jacob-cronenworth/,STL at SD,SD,"1B,2B,SS",1.5,+140,+145,+140,+145,+140,,,+135,+143,+143,,,+133,,,,,-190,-180,-190,-180,-190,,,-180,-205,-205,,,-184,,,,
2024-04-01,Luis Campusano,/mlb/props/luis-campusano/,STL at SD,SD,"C,DH",0.5,-205,-200,-204,-200,-205,,,-200,,,,,-204,,,,,+155,+160,+155,+160,+155,,,+145,,,,,+146,,,,
2024-04-01,Nolan Arenado,/mlb/props/nolan-arenado/,STL at SD,ARI,3B,1.5,+120,+135,+125,+130,+120,,,+125,+135,+135,,,+110,,,,,-160,-151,-165,-160,-160,,,-165,-195,-195,,,-151,,,,
2024-04-01,Nolan Gorman,/mlb/props/nolan-gorman/,STL at SD,STL,"2B,3B,DH",1.5,+125,+145,+126,+125,+125,,,+120,+145,+145,,,+126,,,,,-165,-155,-174,-155,-165,,,-160,-205,-205,,,-174,,,,
2024-04-01,Paul Goldschmidt,/mlb/props/paul-goldschmidt/,STL at SD,NYY,"1B,DH",1.5,+120,+138,+125,+130,+120,,,+125,+138,+138,,,+112,,,,,-160,-154,-165,-160,-160,,,-165,-195,-195,,,-154,,,,
2024-04-01,Manny Machado,/mlb/props/manny-machado/,STL at SD,SD,"3B,DH",1.5,+135,+140,+135,+140,+135,,,+135,+133,+133,,,+133,,,,,-180,-170,-180,-170,-180,,,-180,-190,-190,,,-184,,,,
2024-04-01,Jackson Merrill,/mlb/props/jackson-merrill/,STL at SD,SD,CF,1.5,-175,-165,-165,-165,-175,,,-165,+185,+185,,,-169,,,,,+130,-275,+123,+135,+130,,,+125,-275,-275,,,+123,,,,
2024-04-01,Jurickson Profar,/mlb/props/jurickson-profar/,STL at SD,ATL,LF,1.5,-195,-175,-175,-185,-175,,,-190,+175,+175,,,-194,,,,,+145,-250,+130,+150,+130,,,+140,-250,-250,,,+139,,,,
2024-04-01,Matt Carpenter,/mlb/props/matt-carpenter/,STL at SD,FA,"1B,DH",1.5,-140,-135,-135,-135,-140,,,-135,+188,+188,,,-139,,,,,+105,-278,+102,+105,+105,,,+105,-278,-278,,,+102,,,,
2024-04-01,Reese McGuire,/mlb/props/reese-mcguire/,BOS at ATH,FA,C,1.5,-135,-130,-130,-130,-135,,,-130,+230,+230,,,-135,,,,,+100,-375,-101,+100,+100,,,+100,-375,-375,,,-101,,,,
2024-04-01,Nick Allen,/mlb/props/nick-allen-ss/,BOS at ATH,HOU,"2B,3B,SS",0.5,-130,-125,-130,-125,-130,,,-125,,,,,-135,,,,,-105,-101,-105,-105,-105,,,-105,,,,,-101,,,,
2024-04-01,Seth Brown,/mlb/props/seth-brown/,BOS at ATH,FA,"1B,LF,CF,RF",1.5,-165,-170,-170,-170,-170,,,-175,+130,+130,,,-179,,,,,+125,-182,+129,+140,+130,,,+130,-182,-182,,,+129,,,,
2024-04-01,Shea Langeliers,/mlb/props/shea-langeliers/,BOS at ATH,ATH,"C,DH",1.5,-125,-120,-120,-120,-125,,,-125,+165,+165,,,-131,,,,,-105,-240,-110,-110,-105,,,-105,-240,-240,,,-104,,,,
2024-04-01,Triston Casas,/mlb/props/triston-casas/,BOS at ATH,BOS,1B,1.5,-145,-140,-140,-140,-145,,,-160,+145,+145,,,-142,,,,,+110,-205,+104,+110,+110,,,+120,-205,-205,,,+104,,,,
2024-04-01,JJ Bleday,/mlb/props/jj-bleday/,BOS at ATH,CIN,"LF,CF,RF,DH",1.5,-135,-135,-135,-135,-140,,,-135,+155,+155,,,-148,,,,,+105,-230,+105,+105,+105,,,+105,-230,-230,,,+108,,,,
2024-04-01,Rafael Devers,/mlb/props/rafael-devers/,BOS at ATH,SF,"1B,DH",1.5,+100,+100,-105,-105,-105,,,+100,-129,-129,,,-101,,,,,-135,-108,-125,-125,-130,,,-130,-108,-108,,,-135,,,,
2024-04-01,Ryan Noda,/mlb/props/ryan-noda/,BOS at ATH,BAL,1B,1.5,-120,-120,-120,-120,-120,,,-125,+185,+185,,,-121,,,,,-110,-275,-113,-110,-110,,,-105,-275,-275,,,-113,,,,
2024-04-01,Zack Gelof,/mlb/props/zack-gelof/,BOS at ATH,ATH,"2B,3B,CF",1.5,-180,-170,-170,-170,-175,,,-175,+143,+143,,,-179,,,,,+135,-200,+129,+140,+130,,,+130,-200,-200,,,+129,,,,
2024-04-01,Lawrence Butler,/mlb/props/lawrence-butler/,BOS at ATH,ATH,"CF,RF",1.5,-115,-113,-113,-115,-115,,,-115,+255,+255,,,-113,,,,,-115,-400,-121,-115,-115,,,-115,-400,-400,,,-121,,,,
2024-04-01,Enmanuel Valdez,/mlb/props/enmanuel-valdez/,BOS at ATH,PIT,1B,1.5,-130,-125,-125,-140,-145,,,-125,+170,+170,,,-137,,,,,+100,-245,-105,+110,+110,,,-105,-245,-245,,,+100,,,,
2024-04-01,J.D. Davis,/mlb/props/jd-davis/,BOS at ATH,FA,"1B,3B",1.5,-145,-140,-140,-140,-145,,,-140,+170,+170,,,-145,,,,,+110,-245,+106,+110,+110,,,+110,-245,-245,,,+106,,,,
2024-04-01,Darell Hernaiz,/mlb/props/darell-hernaiz/,BOS at ATH,ATH,"2B,3B,SS",0.5,-110,-110,-113,-115,-110,,,-115,,,,,-113,,,,,-120,-115,-120,-115,-120,,,-115,,,,,-121,,,,
2024-04-01,Connor Wong,/mlb/props/connor-wong/,BOS at ATH,BOS,C,0.5,-120,-120,-123,-120,-120,,,-125,,,,,-123,,,,,-110,-105,-110,-110,-110,,,-105,,,,,-111,,,,
2024-04-01,Tyler O'Neill,/mlb/props/tyler-oneill/,BOS at ATH,BAL,"LF,RF",1.5,-185,-185,+114,+150,-185,,,-190,+114,+114,,,+136,,,,,+140,-159,-159,-185,+140,,,+140,-159,-159,,,-189,,,,
2024-04-01,Jarren Duran,/mlb/props/jarren-duran/,BOS at ATH,BOS,"LF,CF,DH",1.5,+110,+115,+108,+115,+110,,,+110,+102,+102,,,+108,,,,,-145,-140,-145,-145,-145,,,-140,-143,-143,,,-148,,,,
2024-04-01,Trevor Story,/mlb/props/trevor-story/,BOS at ATH,BOS,SS,1.5,-190,-190,+128,+150,-190,,,+140,+128,+128,,,+139,,,,,+140,-180,-180,-185,+140,,,-190,-180,-180,,,-194,,,,
2024-04-01,Masataka Yoshida,/mlb/props/masataka-yoshida/,BOS at ATH,BOS,"LF,DH",1.5,+145,+160,+145,+160,+150,,,+145,+130,+130,,,+143,,,,,-200,-186,-199,-200,-205,,,-200,-186,-186,,,-199,,,,
2024-04-01,Brent Rooker,/mlb/props/brent-rooker/,BOS at ATH,ATH,"LF,RF,DH",1.5,-135,-125,-125,-125,-135,,,-130,+170,+170,,,-137,,,,,+100,-250,-105,-105,+100,,,+100,-250,-250,,,+100,,,,
2024-04-01,Ceddanne Rafaela,/mlb/props/ceddanne-rafaela/,BOS at ATH,BOS,"2B,CF",1.5,-165,-155,-155,-155,-160,,,,+150,+150,,,-160,,,,,+125,-220,+116,+125,+120,,,,-220,-220,,,+116,,,,
2024-04-01,Abraham Toro,/mlb/props/abraham-toro/,BOS at ATH,KC,"1B,2B,3B",1.5,-135,-130,-130,-130,-135,,,-135,+205,+205,,,-137,,,,,+105,-315,+100,+100,+105,,,+105,-315,-315,,,+100,,,,
2024-04-01,Alex Verdugo,/mlb/props/alex-verdugo/,NYY at ARI,FA,"LF,RF",1.5,+130,+140,+130,+140,+135,,,+130,+128,+128,,,+120,,,,,-170,-166,-175,-170,-180,,,-175,-180,-180,,,-166,,,,
2024-04-01,Juan Soto,/mlb/props/juan-soto/,NYY at ARI,NYM,"LF,RF,DH",1.5,+100,+102,-105,-105,-105,,,-115,+102,+102,,,-131,,,,,-135,-104,-125,-125,-125,,,-115,-143,-143,,,-104,,,,
2024-04-01,Austin Wells,/mlb/props/austin-wells/,NYY at ARI,NYY,C,1.5,+130,+135,+129,+135,+125,,,,,,,,+129,,,,,-175,-165,-170,-165,-170,,,,,,,,-179,,,,
2024-04-01,Aaron Judge,/mlb/props/aaron-judge/,NYY at ARI,NYY,"LF,CF,RF,DH",1.5,-135,-130,-135,-130,-135,,,-135,-143,-143,,,-142,,,,,+100,+105,+104,+100,+100,,,+105,+104,+104,,,+104,,,,
2024-04-01,Oswaldo Cabrera,/mlb/props/oswaldo-cabrera/,NYY at ARI,NYY,3B,1.5,-185,-180,-180,-180,-185,,,-190,+190,+190,,,-184,,,,,+140,-286,+133,+145,+140,,,+140,-286,-286,,,+133,,,,
2024-04-01,Giancarlo Stanton,/mlb/props/giancarlo-stanton/,NYY at ARI,NYY,"LF,RF,DH",1.5,+110,+123,+110,+115,+110,,,+110,+123,+123,,,+104,,,,,-145,-140,-145,-145,-145,,,-140,-175,-175,,,-142,,,,
2024-04-01,Ketel Marte,/mlb/props/ketel-marte/,NYY at ARI,ARI,"2B,DH",1.5,+105,+106,+105,+105,+105,,,+105,+100,+100,,,+106,,,,,-140,-135,-140,-135,-140,,,-135,-141,-141,,,-145,,,,
2024-04-01,Gleyber Torres,/mlb/props/gleyber-torres/,NYY at ARI,DET,2B,1.5,-115,-115,-120,-115,-120,,,-120,-115,-115,,,-123,,,,,-115,-110,-115,-115,-110,,,-110,-121,-121,,,-111,,,,
2024-04-01,Anthony Volpe,/mlb/props/anthony-volpe/,NYY at ARI,NYY,SS,1.5,+120,+130,+120,+120,+115,,,+115,+130,+130,,,+116,,,,,-160,-150,-160,-150,-150,,,-150,-182,-182,,,-160,,,,
2024-04-01,Corbin Carroll,/mlb/props/corbin-carroll-of/,NYY at ARI,ARI,"CF,RF",1.5,+105,+130,+120,+130,+120,,,+125,+117,+117,,,+118,,,,,-140,-160,-163,-160,-160,,,-165,-165,-165,,,-163,,,,
2024-04-01,Geraldo Perdomo,/mlb/props/geraldo-perdomo/,NYY at ARI,ARI,SS,0.5,-125,-110,-115,-115,-115,,,-110,,,,,-123,,,,,-105,-111,-115,-115,-115,,,-120,,,,,-111,,,,
2024-04-01,Jake McCarthy,/mlb/props/jake-mccarthy/,NYY at ARI,COL,"LF,CF,RF",1.5,-190,-180,-180,-180,-190,,,-180,+190,+190,,,-194,,,,,+140,-278,+135,+145,+140,,,+135,-278,-278,,,+139,,,,
2024-04-01,Christian Walker,/mlb/props/christian-walker/,NYY at ARI,HOU,1B,1.5,-170,-165,-165,-165,-170,,,-165,+135,+135,,,-174,,,,,+125,-190,+125,+135,+125,,,+125,-190,-190,,,+126,,,,
2024-04-01,Gabriel Moreno,/mlb/props/gabriel-moreno/,NYY at ARI,ARI,C,1.5,-180,-170,-170,-170,-180,,,-175,+160,+160,,,-184,,,,,+135,-235,+130,+140,+135,,,+130,-235,-235,,,+133,,,,
2024-04-01,Joc Pederson,/mlb/props/joc-pederson/,NYY at ARI,TEX,DH,1.5,-170,-175,+129,+140,-175,,,-175,+143,+143,,,+129,,,,,+130,-170,-170,-170,+130,,,+130,-200,-200,,,-179,,,,
2024-04-01,Anthony Rizzo,/mlb/props/anthony-rizzo/,NYY at ARI,FA,1B,1.5,+125,+135,+125,+135,+125,,,+125,+118,+118,,,+123,,,,,-170,-165,-165,-165,-170,,,-165,-165,-165,,,-169,,,,
2024-04-01,Eugenio Suarez,/mlb/props/eugenio-suarez/,NYY at ARI,CIN,"3B,DH",0.5,-115,-115,-120,-115,-120,,,-120,,,,,-121,,,,,-115,-110,-113,-115,-110,,,-110,,,,,-113,,,,
2024-04-01,Lourdes Gurriel Jr.,/mlb/props/lourdes-gurriel-jr/,NYY at ARI,ARI,"LF,DH",1.5,+125,+135,+125,+135,+125,,,+125,+120,+120,,,+116,,,,,-170,-160,-165,-165,-170,,,-165,-167,-167,,,-160,,,,
2024-04-01,Luis Matos,/mlb/props/luis-matos/,SF at LAD,MIL,"LF,CF,RF",0.5,-150,-150,-150,-150,-150,,,-150,,,,,-154,,,,,+115,+120,+115,+120,+115,,,+115,,,,,+112,,,,
2024-04-01,Shohei Ohtani,/mlb/props/shohei-ohtani/,SF at LAD,LAD,"SP,DH",1.5,+100,-110,-115,-115,-110,,,-110,-127,-127,,,-113,,,,,-130,-109,-115,-115,-120,,,-120,-109,-109,,,-121,,,,
2024-04-01,Thairo Estrada,/mlb/props/thairo-estrada/,SF at LAD,FA,2B,1.5,-165,-155,-155,-155,-160,,,-160,+205,+205,,,-169,,,,,+125,-315,+120,+125,+120,,,+120,-315,-315,,,+123,,,,
2024-04-01,James Outman,/mlb/props/james-outman/,SF at LAD,DET,"LF,CF,RF",1.5,-125,-130,-130,-130,-135,,,-130,+188,+188,,,-135,,,,,-105,-278,-101,+100,+100,,,+100,-278,-278,,,-101,,,,
2024-04-01,Wilmer Flores,/mlb/props/wilmer-flores/,SF at LAD,FA,"1B,DH",0.5,-145,-135,-140,-140,-145,,,-135,,,,,-145,,,,,+110,+110,+106,+110,+110,,,+105,,,,,+106,,,,
2024-04-01,Matt Chapman,/mlb/props/matt-chapman/,SF at LAD,SF,3B,1.5,-160,-155,-155,-155,-160,,,-160,+140,+140,,,-157,,,,,+120,-200,+114,+125,+120,,,+120,-200,-200,,,+114,,,,
2024-04-01,Chris Taylor,/mlb/props/chris-taylor/,SF at LAD,FA,"2B,LF,CF,RF",0.5,-130,-125,-130,-125,-130,,,-130,,,,,-131,,,,,+100,+100,-104,-105,+100,,,+100,,,,,-104,,,,
2024-04-01,Tom Murphy,/mlb/props/tom-murphy/,SF at LAD,FA,C,1.5,-145,-140,-140,-140,-145,,,-140,+205,+205,,,-145,,,,,+110,-305,+106,+110,+110,,,+110,-305,-305,,,+106,,,,
2024-04-01,Mookie Betts,/mlb/props/mookie-betts/,SF at LAD,LAD,SS,1.5,+115,+115,+110,+115,+115,,,+115,+107,+107,,,+110,,,,,-150,-145,-150,-145,-150,,,-150,-150,-150,,,-151,,,,
2024-04-01,LaMonte Wade Jr.,/mlb/props/lamonte-wade/,SF at LAD,HOU,"1B,RF",0.5,-130,-129,-130,-130,-135,,,-135,,,,,-129,,,,,+100,+105,+100,+100,+105,,,+105,,,,,-106,,,,
2024-04-01,Freddie Freeman,/mlb/props/freddie-freeman/,SF at LAD,LAD,1B,1.5,+105,+105,+104,+105,+100,,,+105,-103,-103,,,+104,,,,,-140,-130,-135,-135,-130,,,-135,-137,-137,,,-142,,,,
2024-04-01,Will Smith,/mlb/props/will-smith-c/,SF at LAD,LAD,C,1.5,+140,+140,+135,+140,+135,,,+130,+130,+130,,,+129,,,,,-185,-170,-179,-170,-180,,,-175,-182,-182,,,-179,,,,
2024-04-01,Patrick Bailey,/mlb/props/patrick-bailey/,SF at LAD,CLE,C,0.5,-130,-135,-135,-135,-135,,,-135,,,,,-135,,,,,+100,+105,+105,+105,+105,,,+105,,,,,-101,,,,
2024-04-01,Michael Conforto,/mlb/props/michael-conforto/,SF at LAD,CHC,"LF,RF,DH",1.5,-135,-135,-135,-140,-150,,,-135,+235,+235,,,-139,,,,,+100,-360,+102,+110,+110,,,+105,-360,-360,,,+102,,,,
2024-04-01,Tyler Fitzgerald,/mlb/props/tyler-fitzgerald/,SF at LAD,FA,2B,0.5,-105,-105,-106,,-105,,,-115,,,,,-106,,,,,-130,-115,-129,,-130,,,-115,,,,,-129,,,,
2024-04-01,Nick Ahmed,/mlb/props/nick-ahmed/,SF at LAD,FA,SS,0.5,-110,-110,-113,-115,-110,,,-110,,,,,-113,,,,,-120,-115,-120,-115,-120,,,-120,,,,,-121,,,,
2024-04-01,Jorge Soler,/mlb/props/jorge-soler/,SF at LAD,LAA,"RF,DH",1.5,-165,-150,-150,-150,-155,,,-150,+133,+133,,,-163,,,,,+125,-190,+115,+120,+115,,,+115,-190,-190,,,+118,,,,
2024-04-01,Teoscar Hernandez,/mlb/props/teoscar-hernandez/,SF at LAD,LAD,"LF,RF",1.5,-175,-174,-174,-180,-180,,,-180,+138,+138,,,-174,,,,,+130,-195,+126,+145,+135,,,+135,-195,-195,,,+126,,,,
2024-04-01,Jason Heyward,/mlb/props/jason-heyward/,SF at LAD,FA,"LF,RF",0.5,-140,-140,-142,-140,-145,,,-140,,,,,-142,,,,,+105,+110,+110,+110,+110,,,+110,,,,,+104,,,,
2024-04-01,Gavin Lux,/mlb/props/gavin-lux/,SF at LAD,TB,"2B,3B,LF,DH",0.5,-150,-155,-157,-155,-155,,,-160,,,,,-157,,,,,+110,+125,+120,+125,+115,,,+120,,,,,+114,,,,
2024-04-01,Jung Hoo Lee,/mlb/props/jung-lee/,SF at LAD,SF,"CF,RF",1.5,+135,+135,+126,+135,+125,,,+125,,,,,+126,,,,,-180,-165,-170,-165,-170,,,-165,,,,,-174,,,,
2024-04-01,Austin Slater,/mlb/props/austin-slater/,SF at LAD,FA,"LF,CF,RF",1.5,-140,-135,-135,-135,-140,,,-135,+230,+230,,,-142,,,,,+105,-375,+104,+105,+105,,,+105,-375,-375,,,+104,,,,
2024-04-01,Max Muncy,/mlb/props/max-muncy/,SF at LAD,LAD,3B,1.5,-155,-150,-150,-150,-155,,,-160,+114,+114,,,-154,,,,,+115,-159,+112,+120,+115,,,+120,-159,-159,,,+112,,,,
2024-04-02,Christian Yelich,/mlb/props/christian-yelich/,MIN at MIL,MIL,"LF,DH",1.5,+120,+125,+120,+125,+120,,,+120,+115,+115,,,+116,,,,,-160,-155,-160,-155,-160,,,-160,-162,-162,,,-160,,,,
2024-04-02,Oliver Dunn,/mlb/props/oliver-dunn/,MIN at MIL,TB,3B,0.5,-130,-120,-125,-120,-125,,,-125,,,,,-129,,,,,-105,-105,-106,-110,-105,,,-105,,,,,-106,,,,
2024-04-02,Matt Wallner,/mlb/props/matt-wallner/,MIN at MIL,MIN,"LF,RF",1.5,-150,-148,-148,-155,-160,,,-160,+145,+145,,,-148,,,,,+115,-210,+108,+125,+120,,,+120,-210,-210,,,+108,,,,
2024-04-02,Carlos Santana,/mlb/props/carlos-santana/,MIN at MIL,ATL,1B,1.5,+135,-180,+126,-180,+135,,,-180,+148,+148,,,+126,,,,,-180,-174,-174,+145,-180,,,+135,-220,-220,,,-174,,,,
2024-04-02,Sal Frelick,/mlb/props/sal-frelick/,MIN at MIL,MIL,"LF,CF,RF",1.5,+135,+145,+140,+145,+140,,,+140,+130,+130,,,+123,,,,,-180,-169,-180,-180,-185,,,-190,-182,-182,,,-169,,,,
2024-04-02,Jackson Chourio,/mlb/props/jackson-chourio/,MIN at MIL,MIL,"LF,CF,RF",0.5,-160,-140,-150,-145,-150,,,-140,,,,,-169,,,,,+120,+123,+115,+115,+110,,,+110,,,,,+123,,,,
2024-04-02,Jake Bauers,/mlb/props/jake-bauers/,MIN at MIL,MIL,"1B,LF,RF",0.5,-135,-135,-135,-135,-140,,,-135,,,,,-135,,,,,+100,+105,+105,+105,+105,,,+105,,,,,-101,,,,
2024-04-02,Ryan Jeffers,/mlb/props/ryan-jeffers/,MIN at MIL,MIN,"C,DH",0.5,-160,-155,-160,-155,-155,,,-160,,,,,-163,,,,,+120,+125,+120,+125,+120,,,+120,,,,,+118,,,,
2024-04-02,Alex Kirilloff,/mlb/props/alex-kirilloff/,MIN at MIL,FA,"1B,LF,RF",1.5,+130,+123,+107,+105,+105,,,+105,+107,+107,,,+123,,,,,-170,-135,-140,-135,-140,,,-135,-150,-150,,,-169,,,,
2024-04-02,Willy Adames,/mlb/props/willy-adames/,MIN at MIL,SF,SS,1.5,-170,-174,-174,-180,-185,,,-180,+148,+148,,,-174,,,,,+125,-220,+126,+145,+135,,,+135,-220,-220,,,+126,,,,
2024-04-02,Rhys Hoskins,/mlb/props/rhys-hoskins/,MIN at MIL,CLE,"1B,DH",1.5,+135,-170,+123,-170,+130,,,+135,+123,+123,,,+129,,,,,-180,-170,-170,+140,-170,,,-180,-175,-175,,,-179,,,,
2024-04-02,William Contreras,/mlb/props/william-contreras/,MIN at MIL,MIL,"C,DH",1.5,+125,+125,+120,+125,+120,,,+120,+120,+120,,,+116,,,,,-165,-155,-160,-155,-160,,,-160,-167,-167,,,-160,,,,
2024-04-02,Christian Vazquez,/mlb/props/christian-vazquez/,MIN at MIL,HOU,C,0.5,-160,-155,-160,-155,-160,,,-160,,,,,-160,,,,,+120,+125,+120,+125,+120,,,+120,,,,,+116,,,,
2024-04-02,Max Kepler,/mlb/props/max-kepler/,MIN at MIL,ARI,"LF,RF",1.5,+100,+102,+100,+100,+100,,,+100,,,,,+102,,,,,-135,-130,-135,-130,-135,,,-130,,,,,-139,,,,
2024-04-02,Willi Castro,/mlb/props/willi-castro/,MIN at MIL,COL,"1B,2B,3B,SS,LF,RF",0.5,-160,-160,-165,-165,-175,,,-175,,,,,-160,,,,,+120,+135,+130,+135,+130,,,+130,,,,,+116,,,,
2024-04-02,Gary Sanchez,/mlb/props/gary-sanchez/,MIN at MIL,MIL,"C,1B,DH",0.5,-150,-140,-145,-145,-150,,,-140,,,,,-148,,,,,+110,+115,+110,+115,+115,,,+110,,,,,+108,,,,
2024-04-02,Carlos Correa,/mlb/props/carlos-correa/,MIN at MIL,HOU,"3B,SS",1.5,+115,+135,+130,+135,+130,,,+130,+112,+112,,,+112,,,,,-155,-154,-165,-165,-170,,,-175,-157,-157,,,-154,,,,
2024-04-02,Edouard Julien,/mlb/props/edouard-julien/,MIN at MIL,COL,"1B,2B,DH",1.5,-175,-169,-169,-170,-180,,,-180,+170,+170,,,-169,,,,,+130,-245,+123,+140,+135,,,+135,-245,-245,,,+123,,,,
2024-04-02,Brice Turang,/mlb/props/brice-turang/,MIN at MIL,MIL,2B,0.5,-155,-155,-160,-155,-160,,,-160,,,,,-160,,,,,+115,+125,+120,+125,+120,,,+120,,,,,+116,,,,
2024-04-02,Joey Ortiz,/mlb/props/joey-ortiz/,MIN at MIL,MIL,"3B,SS",0.5,-115,-115,-115,-115,-115,,,-115,,,,,-127,,,,,-115,-108,-115,-115,-115,,,-115,,,,,-108,,,,
2024-04-02,Byron Buxton,/mlb/props/byron-buxton/,MIN at MIL,MIN,"CF,DH",1.5,+120,+130,+125,+130,+125,,,+125,+120,+120,,,+116,,,,,-160,-160,-165,-160,-165,,,-165,-167,-167,,,-160,,,,
2024-04-02,Nelson Velazquez,/mlb/props/nelson-velazquez/,KC at BAL,STL,"LF,RF,DH",1.5,-160,-165,-165,-165,-175,,,-165,+160,+160,,,-174,,,,,+120,-235,+125,+135,+130,,,+125,-235,-235,,,+126,,,,
2024-04-02,Ramon Urias,/mlb/props/ramon-urias/,KC at BAL,STL,"2B,3B",0.5,-170,-160,-165,-160,-165,,,-165,,,,,-166,,,,,+130,+130,+125,+130,+125,,,+125,,,,,+120,,,,
2024-04-02,Ryan O'Hearn,/mlb/props/ryan-ohearn/,KC at BAL,PIT,"1B,LF,RF,DH",1.5,-175,-155,-155,-155,-165,,,-160,+170,+170,,,-179,,,,,+130,-245,+120,+125,+125,,,+120,-245,-245,,,+129,,,,
2024-04-02,Colton Cowser,/mlb/props/colton-cowser/,KC at BAL,BAL,"LF,CF,RF",0.5,-115,-115,-115,-115,-115,,,-115,,,,,-115,,,,,-115,-115,-115,-115,-115,,,-115,,,,,-119,,,,
2024-04-02,Cedric Mullins II,/mlb/props/cedric-mullins/,KC at BAL,TB,CF,1.5,-140,-130,-130,-130,-135,,,-135,+188,+188,,,-145,,,,,+105,-278,+100,+100,+100,,,+105,-278,-278,,,+106,,,,
2024-04-02,Austin Hays,/mlb/props/austin-hays/,KC at BAL,CWS,"LF,DH",1.5,-205,-190,-190,-190,-210,,,-200,+148,+148,,,-204,,,,,+150,-220,+145,+155,+155,,,+145,-220,-220,,,+146,,,,
2024-04-02,Nick Loftin,/mlb/props/nick-loftin/,KC at BAL,KC,"2B,3B,LF",1.5,-145,-135,-135,-135,-140,,,,+225,+225,,,-151,,,,,+110,-345,+105,+105,+105,,,,-345,-345,,,+110,,,,
2024-04-02,Tony Kemp,/mlb/props/anthony-kemp/,KC at BAL,FA,"2B,LF",0.5,-110,-110,-111,-115,-110,,,-110,,,,,-111,,,,,-120,-115,-120,-115,-120,,,-120,,,,,-123,,,,
2024-04-02,Hunter Renfroe,/mlb/props/hunter-renfroe/,KC at BAL,FA,RF,1.5,-180,-165,-165,-165,-175,,,-175,+155,+155,,,-194,,,,,+135,-230,+130,+135,+130,,,+130,-230,-230,,,+139,,,,
2024-04-02,Gunnar Henderson,/mlb/props/gunnar-henderson/,KC at BAL,BAL,"SS,DH",1.5,+120,+140,+130,+140,+130,,,+130,+120,+120,,,+120,,,,,-160,-166,-170,-170,-175,,,-175,-167,-167,,,-166,,,,
2024-04-02,Ryan Mountcastle,/mlb/props/ryan-mountcastle/,KC at BAL,BAL,"1B,DH",1.5,+115,+120,+115,+120,+115,,,+120,+112,+112,,,+108,,,,,-150,-148,-150,-150,-150,,,-160,-157,-157,,,-148,,,,
2024-04-02,Vinnie Pasquantino,/mlb/props/vinnie-pasquantino/,KC at BAL,KC,"1B,DH",1.5,-190,-189,-189,-190,-195,,,-200,+155,+155,,,-189,,,,,+140,-225,+136,+155,+145,,,+145,-225,-225,,,+136,,,,
2024-04-02,Salvador Perez,/mlb/props/salvador-perez/,KC at BAL,KC,"C,1B,DH",1.5,+135,+145,+135,+145,+135,,,+135,+133,+133,,,+126,,,,,-175,-174,-180,-180,-185,,,-180,-186,-186,,,-174,,,,
2024-04-02,Maikel Garcia,/mlb/props/maikel-garcia/,KC at BAL,KC,"2B,3B,SS,OF",1.5,+120,+120,+115,+120,+120,,,+115,+112,+112,,,+110,,,,,-155,-150,-151,-150,-160,,,-150,-157,-157,,,-151,,,,
2024-04-02,Adley Rutschman,/mlb/props/adley-rutschman/,KC at BAL,BAL,"C,DH",1.5,+135,-190,+135,-190,+135,,,-200,+143,+143,,,+139,,,,,-185,-185,-185,+155,-185,,,+145,-200,-200,,,-194,,,,
2024-04-02,Jordan Westburg,/mlb/props/jordan-westburg/,KC at BAL,BAL,"2B,3B",0.5,-170,-165,-169,-165,-170,,,-165,,,,,-169,,,,,+130,+135,+125,+135,+125,,,+125,,,,,+123,,,,
2024-04-02,Garrett Hampson,/mlb/props/garrett-hampson/,KC at BAL,CIN,"2B,LF,CF",0.5,-160,-160,-163,-160,-160,,,-165,,,,,-163,,,,,+120,+130,+125,+130,+120,,,+125,,,,,+118,,,,
2024-04-02,Anthony Santander,/mlb/props/anthony-santander/,KC at BAL,TOR,"LF,RF,DH",1.5,+125,+135,+130,+135,+130,,,+130,+135,+135,,,+116,,,,,-165,-160,-175,-165,-175,,,-175,-190,-190,,,-160,,,,
2024-04-02,Bobby Witt Jr.,/mlb/props/bobby-witt-jr/,KC at BAL,KC,SS,1.5,+105,+105,+100,+105,+105,,,+100,-103,-103,,,+100,,,,,-135,-130,-135,-135,-140,,,-130,-137,-137,,,-137,,,,
2024-04-02,Freddy Fermin,/mlb/props/freddy-fermin/,KC at BAL,SD,C,0.5,-190,-180,-190,-180,-190,,,-190,,,,,-199,,,,,+140,+145,+143,+145,+140,,,+140,,,,,+143,,,,
2024-04-02,Kyle Isbel,/mlb/props/kyle-isbel/,KC at BAL,KC,CF,0.5,-140,-130,-135,-130,-135,,,-135,,,,,-148,,,,,+105,+108,+105,+100,+105,,,+105,,,,,+108,,,,
2024-04-02,Logan O'Hoppe,/mlb/props/logan-ohoppe/,LAA at MIA,LAA,C,1.5,-160,-150,-150,-150,-155,,,-150,+170,+170,,,-160,,,,,+120,-245,+115,+120,+115,,,+115,-245,-245,,,+116,,,,
2024-04-02,Luis Arraez,/mlb/props/luis-arraez/,LAA at MIA,SF,"1B,2B,DH",1.5,+100,+100,-104,-105,+100,,,+100,-110,-110,,,-104,,,,,-130,-125,-130,-125,-135,,,-130,-127,-127,,,-131,,,,
2024-04-02,Vidal Brujan,/mlb/props/vidal-brujan-2b/,LAA at MIA,NYM,"3B,SS,OF",0.5,-140,-140,-140,-140,-140,,,-140,,,,,-148,,,,,+105,+110,+108,+110,+105,,,+110,,,,,+108,,,,
2024-04-02,Jazz Chisholm Jr.,/mlb/props/jasrado-chisholm/,LAA at MIA,NYY,"2B,3B",1.5,-180,-170,-170,-170,-175,,,-175,+125,+125,,,-179,,,,,+135,-177,+129,+140,+130,,,+130,-177,-177,,,+129,,,,
2024-04-02,Brandon Drury,/mlb/props/brandon-drury/,LAA at MIA,KC,"1B,2B,3B",1.5,+135,-180,+133,-180,+135,,,-180,+143,+143,,,+133,,,,,-185,-184,-184,+145,-185,,,+135,-205,-205,,,-184,,,,
2024-04-02,Anthony Rendon,/mlb/props/anthony-rendon/,LAA at MIA,LAA,3B,1.5,+135,+145,+135,+145,+135,,,+135,+132,+132,,,+129,,,,,-180,-179,-180,-180,-185,,,-180,-186,-186,,,-179,,,,
2024-04-02,Miguel Sano,/mlb/props/miguel-sano/,LAA at MIA,FA,"1B,3B",1.5,-150,-135,-135,-140,-145,,,-135,+140,+140,,,-157,,,,,+110,-200,+105,+110,+110,,,+105,-200,-200,,,+114,,,,
2024-04-02,Tim Anderson,/mlb/props/tim-anderson/,LAA at MIA,FA,"2B,SS",1.5,+125,+140,+132,+140,+135,,,+130,+132,+132,,,+120,,,,,-165,-166,-175,-170,-180,,,-175,-186,-186,,,-166,,,,
2024-04-02,Jake Burger,/mlb/props/jake-burger-3b/,LAA at MIA,TEX,1B,1.5,-105,-105,-110,-110,-105,,,-105,-129,-129,,,-108,,,,,-125,-109,-120,-120,-125,,,-125,-109,-109,,,-127,,,,
2024-04-02,Zach Neto,/mlb/props/zach-neto/,LAA at MIA,LAA,SS,1.5,-165,-130,-130,-130,-140,,,-135,+190,+190,,,-166,,,,,+120,-286,+100,+100,+105,,,+105,-286,-286,,,+120,,,,
2024-04-02,Jonah Bride,/mlb/props/jonah-bride/,LAA at MIA,TEX,"1B,3B",1.5,-130,-130,-130,-130,-130,,,-130,+195,+195,,,-133,,,,,+100,-286,-103,+100,+100,,,+100,-286,-286,,,-103,,,,
2024-04-02,Bryan De La Cruz,/mlb/props/bryan-de-la-cruz/,LAA at MIA,PHI,LF,1.5,+125,+125,+120,+125,+120,,,+120,+102,+102,,,+123,,,,,-170,-141,-155,-155,-165,,,-160,-141,-141,,,-169,,,,
2024-04-02,Aaron Hicks,/mlb/props/aaron-hicks/,LAA at MIA,FA,"LF,CF,RF",1.5,-180,-165,-165,-165,-170,,,-175,+148,+148,,,-179,,,,,+135,-210,+129,+135,+130,,,+130,-210,-210,,,+129,,,,
2024-04-02,Taylor Ward,/mlb/props/taylor-ward/,LAA at MIA,BAL,LF,1.5,+145,+150,+140,+150,+140,,,+140,+133,+133,,,+139,,,,,-190,-185,-190,-185,-190,,,-190,-190,-190,,,-194,,,,
2024-04-02,Avisail Garcia,/mlb/props/avisail-garcia/,LAA at MIA,FA,"LF,RF",1.5,-180,-169,-169,-170,-175,,,-175,+135,+135,,,-169,,,,,+135,-190,+123,+140,+130,,,+130,-190,-190,,,+123,,,,
2024-04-02,Nick Fortes,/mlb/props/nick-fortes/,LAA at MIA,TB,C,0.5,-180,-155,-160,-155,-160,,,-160,,,,,-179,,,,,+135,+129,+125,+125,+120,,,+120,,,,,+129,,,,
2024-04-02,Josh Bell,/mlb/props/josh-bell/,LAA at MIA,MIN,"1B,DH",1.5,+110,+115,+110,+115,+115,,,+110,-108,-108,,,+112,,,,,-150,-129,-145,-145,-150,,,-140,-129,-129,,,-154,,,,
2024-04-02,Jo Adell,/mlb/props/jo-adell/,LAA at MIA,LAA,"LF,CF,RF",0.5,-110,-110,-115,-115,-110,,,-110,,,,,-119,,,,,-120,-115,-120,-115,-120,,,-120,,,,,-115,,,,
2024-04-02,Mike Trout,/mlb/props/mike-trout/,LAA at MIA,LAA,"CF,RF,DH",1.5,+135,-170,+120,-170,+135,,,-180,+120,+120,,,+129,,,,,-180,-167,-167,+140,-180,,,+135,-167,-167,,,-179,,,,
2024-04-02,Nolan Schanuel,/mlb/props/nolan-schanuel/,LAA at MIA,LAA,1B,1.5,-145,-140,-140,-140,-145,,,-140,+200,+200,,,-145,,,,,+110,-295,+106,+110,+110,,,+110,-295,-295,,,+106,,,,
2024-04-02,Tyler Stephenson,/mlb/props/tyler-stephenson/,CIN at PHI,CIN,C,1.5,-120,-125,-125,-125,-125,,,-130,+220,+220,,,-125,,,,,-110,-335,-109,-105,-105,,,+100,-335,-335,,,-109,,,,
2024-04-02,Nick Martini,/mlb/props/nick-martini/,CIN at PHI,FA,"LF,RF,DH",1.5,-140,-135,-135,-135,-140,,,-135,+215,+215,,,-145,,,,,+105,-335,+105,+105,+105,,,+105,-335,-335,,,+106,,,,
2024-04-02,Christian Encarnacion-Strand,/mlb/props/christian-encarnacion-strand/,CIN at PHI,BAL,"1B,3B",1.5,-170,-165,-165,-165,-165,,,-165,+165,+165,,,-166,,,,,+125,-240,+120,+135,+125,,,+125,-240,-240,,,+120,,,,
2024-04-02,Nick Castellanos,/mlb/props/nick-castellanos/,CIN at PHI,FA,"RF,DH",1.5,-185,-184,-184,-185,-190,,,-190,+163,+163,,,-184,,,,,+135,-235,+133,+150,+140,,,+140,-235,-235,,,+133,,,,
2024-04-02,Will Benson,/mlb/props/will-benson/,CIN at PHI,CIN,"LF,CF,RF",0.5,-160,-155,-160,-155,-160,,,-160,,,,,-166,,,,,+120,+125,+120,+125,+120,,,+120,,,,,+120,,,,
2024-04-02,Brandon Marsh,/mlb/props/brandon-marsh/,CIN at PHI,PHI,"LF,CF,RF",1.5,-140,-133,-133,-140,-145,,,-140,+205,+205,,,-133,,,,,+105,-315,-103,+110,+110,,,+110,-315,-315,,,-103,,,,
2024-04-02,J.T. Realmuto,/mlb/props/jt-realmuto/,CIN at PHI,PHI,C,1.5,+125,+135,+130,+135,+130,,,+125,+132,+132,,,+123,,,,,-165,-165,-170,-165,-170,,,-165,-186,-186,,,-169,,,,
2024-04-02,Alec Bohm,/mlb/props/alec-bohm/,CIN at PHI,PHI,"1B,3B",1.5,+130,+143,+125,+125,+120,,,+120,+143,+143,,,+123,,,,,-175,-155,-169,-155,-160,,,-160,-205,-205,,,-169,,,,
2024-04-02,Trea Turner,/mlb/props/trea-turner/,CIN at PHI,PHI,SS,1.5,-105,-101,-103,-105,-105,,,-105,-103,-103,,,-101,,,,,-130,-125,-125,-125,-125,,,-125,-137,-137,,,-135,,,,
2024-04-02,Spencer Steer,/mlb/props/spencer-steer/,CIN at PHI,CIN,"1B,2B,LF,RF",1.5,-135,-135,-135,-135,-135,,,-135,+195,+195,,,-139,,,,,+105,-295,+102,+105,+105,,,+105,-295,-295,,,+102,,,,
2024-04-02,Garrett Stubbs,/mlb/props/garrett-stubbs/,CIN at PHI,PHI,"C,DH",1.5,-105,-105,-105,-105,-105,,,-105,+285,+285,,,-106,,,,,-130,-455,-130,-125,-130,,,-125,-455,-455,,,-129,,,,
2024-04-02,Kyle Schwarber,/mlb/props/kyle-schwarber/,CIN at PHI,PHI,"LF,DH",1.5,-160,-150,-150,-150,-155,,,-160,+143,+143,,,-157,,,,,+120,-200,+114,+120,+120,,,+120,-200,-200,,,+114,,,,
2024-04-02,Bryce Harper,/mlb/props/bryce-harper/,CIN at PHI,PHI,"1B,DH",1.5,+140,+150,+140,+150,+140,,,+140,+138,+138,,,+136,,,,,-185,-185,-190,-185,-190,,,-190,-195,-195,,,-189,,,,
2024-04-02,Bryson Stott,/mlb/props/bryson-stott-ss/,CIN at PHI,PHI,"2B,SS",1.5,+150,+165,+160,+165,+160,,,+160,+150,+150,,,+146,,,,,-205,-204,-215,-210,-215,,,-215,-220,-220,,,-204,,,,
2024-04-02,Elly De La Cruz,/mlb/props/elly-de-la-cruz/,CIN at PHI,CIN,SS,1.5,-155,-150,-150,-150,-150,,,-165,+205,+205,,,-157,,,,,+115,-305,+114,+120,+115,,,+125,-305,-305,,,+114,,,,
2024-04-02,Jake Fraley,/mlb/props/jake-fraley/,CIN at PHI,TB,"LF,RF",1.5,-160,-160,-160,-160,-165,,,-165,+195,+195,,,-169,,,,,+120,-295,+123,+130,+125,,,+125,-295,-295,,,+123,,,,
2024-04-02,Jeimer Candelario,/mlb/props/jeimer-candelario/,CIN at PHI,LAA,"1B,3B",1.5,-180,-170,-170,-170,-175,,,-180,+180,+180,,,-184,,,,,+135,-265,+130,+140,+130,,,+135,-265,-265,,,+133,,,,
2024-04-02,Johan Rojas,/mlb/props/johan-rojas/,CIN at PHI,PHI,CF,1.5,-175,-160,-160,-170,-185,,,-160,+220,+220,,,-169,,,,,+130,-335,+120,+140,+135,,,+120,-335,-335,,,+123,,,,
2024-04-02,Jonathan India,/mlb/props/jonathan-india/,CIN at PHI,KC,"2B,3B,LF,DH",1.5,-175,-170,-170,-170,-170,,,-175,+175,+175,,,-174,,,,,+130,-250,+126,+140,+130,,,+130,-250,-250,,,+126,,,,
2024-04-02,Marcus Semien,/mlb/props/marcus-semien/,TEX at TB,NYM,2B,1.5,+110,+123,+115,+115,+115,,,+110,+123,+123,,,+112,,,,,-150,-140,-154,-145,-155,,,-140,-175,-175,,,-154,,,,
2024-04-02,Yandy Diaz,/mlb/props/yandy-diaz/,TEX at TB,TB,"1B,DH",1.5,-105,-105,-106,-110,-105,,,-105,-114,-114,,,-106,,,,,-125,-120,-125,-120,-125,,,-125,-122,-122,,,-129,,,,
2024-04-02,Jose Siri,/mlb/props/jose-siri/,TEX at TB,LAA,"LF,CF",1.5,-120,-123,-123,-130,-135,,,-130,+145,+145,,,-123,,,,,-110,-205,-111,+100,+100,,,+100,-205,-205,,,-111,,,,
2024-04-02,Corey Seager,/mlb/props/corey-seager/,TEX at TB,TEX,SS,1.5,-120,-110,-115,-115,-110,,,-110,-122,-122,,,-117,,,,,-110,-114,-117,-115,-120,,,-120,-114,-114,,,-117,,,,
2024-04-02,Leody Taveras,/mlb/props/leody-taveras-of/,TEX at TB,BAL,"CF,RF",0.5,-205,-155,-170,-170,-175,,,-155,,,,,-194,,,,,+150,+140,+130,+140,+130,,,+115,,,,,+139,,,,
2024-04-02,Jonah Heim,/mlb/props/jonah-heim/,TEX at TB,ATH,"C,DH",1.5,-190,-180,-180,-180,-190,,,-190,+148,+148,,,+133,,,,,+140,-184,+140,+145,+140,,,+140,-215,-215,,,-184,,,,
2024-04-02,Rene Pinto,/mlb/props/rene-pinto/,TEX at TB,PHI,C,1.5,-120,-115,-115,-115,-120,,,-120,+170,+170,,,-121,,,,,-110,-245,-115,-115,-110,,,-110,-245,-245,,,-113,,,,
2024-04-02,Adolis Garcia,/mlb/props/jose-adolis-garcia/,TEX at TB,PHI,RF,1.5,+110,+125,+120,+125,+120,,,+120,+112,+112,,,+106,,,,,-145,-145,-155,-155,-160,,,-160,-157,-157,,,-145,,,,
2024-04-02,Amed Rosario,/mlb/props/amed-rosario/,TEX at TB,NYY,"2B,3B,OF",1.5,+125,+140,+125,+125,+120,,,+120,+140,+140,,,+123,,,,,-170,-155,-169,-155,-160,,,-160,-200,-200,,,-169,,,,
2024-04-02,Curtis Mead,/mlb/props/curtis-meade/,TEX at TB,WSH,"1B,2B,3B",1.5,-180,-179,-179,-180,-190,,,,+155,+155,,,-179,,,,,+135,-225,+129,+145,+140,,,,-225,-225,,,+129,,,,
2024-04-02,Isaac Paredes,/mlb/props/isaac-paredes/,TEX at TB,HOU,"1B,3B,DH",1.5,+135,+140,+135,+140,+135,,,+135,+135,+135,,,+129,,,,,-180,-170,-180,-170,-180,,,-180,-190,-190,,,-179,,,,
2024-04-02,Wyatt Langford,/mlb/props/wyatt-langford/,TEX at TB,TEX,"LF,CF",1.5,-190,-170,-170,-170,-180,,,-180,+160,+160,,,-199,,,,,+140,-235,+135,+140,+135,,,+135,-235,-235,,,+143,,,,
2024-04-02,Harold Ramirez,/mlb/props/harold-ramirez-of/,TEX at TB,FA,"LF,RF,DH",1.5,+105,+110,+105,+100,+105,,,+105,+110,+110,,,+108,,,,,-140,-130,-140,-130,-140,,,-140,-155,-155,,,-148,,,,
2024-04-02,Jared Walsh,/mlb/props/jared-walsh/,TEX at TB,FA,"1B,RF",0.5,-115,-115,-115,-115,-115,,,-115,,,,,-115,,,,,-115,-115,-115,-115,-115,,,-115,,,,,-119,,,,
2024-04-02,Josh Smith,/mlb/props/josh-smith-ss/,TEX at TB,TEX,"1B,2B,3B,SS,LF,RF",0.5,-130,-130,-131,-130,-135,,,-130,,,,,-131,,,,,+100,+100,+100,+100,+100,,,+100,,,,,-104,,,,
2024-04-02,Jose Caballero,/mlb/props/jose-caballero/,TEX at TB,NYY,"2B,3B,SS,LF,RF",1.5,-135,-125,-125,-125,-125,,,-130,+195,+195,,,-142,,,,,+105,-286,-105,-105,-105,,,+100,-286,-286,,,+104,,,,
2024-04-02,Ezequiel Duran,/mlb/props/ezequiel-duran/,TEX at TB,TEX,"1B,2B,3B,SS,LF,RF",1.5,-150,-140,-140,-140,-145,,,-140,+190,+190,,,-160,,,,,+115,-286,+110,+110,+110,,,+110,-286,-286,,,+116,,,,
2024-04-02,Randy Arozarena,/mlb/props/randy-arozarena/,TEX at TB,SEA,"LF,CF",1.5,+120,+125,+120,+125,+120,,,+120,+116,+116,,,+116,,,,,-160,-155,-160,-155,-160,,,-160,-162,-162,,,-160,,,,
2024-04-02,Evan Carter,/mlb/props/evan-carter/,TEX at TB,TEX,"LF,CF,RF",1.5,-190,-165,-165,-165,-175,,,-175,+163,+163,,,-184,,,,,+140,-240,+130,+135,+130,,,+130,-240,-240,,,+133,,,,
2024-04-02,Yan Gomes,/mlb/props/yan-gomes/,COL at CHC,FA,C,1.5,+135,+140,+135,+140,+135,,,+130,,,,,+129,,,,,-180,-170,-175,-170,-180,,,-175,,,,,-179,,,,
2024-04-02,Elehuris Montero,/mlb/props/elehuris-montero-3b/,COL at CHC,FA,"1B,3B",0.5,-150,-140,-145,-145,-150,,,-140,,,,,-151,,,,,+115,+115,+110,+115,+115,,,+110,,,,,+110,,,,
2024-04-02,Nolan Jones,/mlb/props/nolan-jones-3b/,COL at CHC,CWS,"LF,CF,RF",1.5,-195,-180,-180,-180,-185,,,-180,+128,+128,,,+136,,,,,+145,-180,+135,+145,+135,,,+135,-180,-180,,,-189,,,,
2024-04-02,Garrett Cooper,/mlb/props/garrett-cooper/,COL at CHC,FA,1B,1.5,+125,+110,+100,+100,+100,,,+110,,,,,-103,,,,,-165,-130,-133,-130,-130,,,-145,,,,,-133,,,,
2024-04-02,Seiya Suzuki,/mlb/props/seiya-suzuki/,COL at CHC,CHC,"LF,RF,DH",1.5,-105,+110,+105,+110,+110,,,+105,-114,-114,,,-129,,,,,-125,-106,-122,-140,-145,,,-135,-122,-122,,,-106,,,,
2024-04-02,Ian Happ,/mlb/props/ian-happ/,COL at CHC,CHC,LF,1.5,+130,+125,+115,+120,+115,,,+115,+125,+125,,,+112,,,,,-175,-150,-155,-150,-155,,,-150,-180,-180,,,-154,,,,
2024-04-02,Michael Busch,/mlb/props/michael-busch-2b/,COL at CHC,CHC,1B,0.5,-145,-145,-150,-145,-150,,,-150,,,,,-145,,,,,+110,+115,+115,+115,+115,,,+115,,,,,+106,,,,
2024-04-02,Cody Bellinger,/mlb/props/cody-bellinger/,COL at CHC,NYY,"LF,CF,RF",1.5,+115,+125,+120,+125,+120,,,+120,-106,-106,,,+100,,,,,-150,-132,-155,-155,-165,,,-160,-132,-132,,,-137,,,,
2024-04-02,Brenton Doyle,/mlb/props/brenton-doyle/,COL at CHC,COL,CF,0.5,-135,-135,-135,-135,-135,,,-135,,,,,-139,,,,,+100,+105,+105,+105,+105,,,+105,,,,,+102,,,,
2024-04-02,Ryan McMahon,/mlb/props/ryan-mcmahon/,COL at CHC,NYY,3B,1.5,-185,-170,-170,-170,-180,,,-175,+145,+145,,,-189,,,,,+140,-205,+130,+140,+135,,,+130,-205,-205,,,+136,,,,
2024-04-02,Kris Bryant,/mlb/props/kris-bryant/,COL at CHC,COL,DH,1.5,-180,-155,-155,-155,-165,,,-160,+150,+150,,,-179,,,,,+135,-220,+120,+125,+120,,,+120,-220,-220,,,+129,,,,
2024-04-02,Brendan Rodgers,/mlb/props/brendan-rodgers/,COL at CHC,BOS,2B,1.5,+145,+150,+140,+150,+145,,,+140,+123,+123,,,+118,,,,,-200,-163,-185,-185,-195,,,-190,-175,-175,,,-163,,,,
2024-04-02,Michael Toglia,/mlb/props/mike-toglia/,COL at CHC,CIN,1B,0.5,-160,-150,-155,-150,-155,,,-150,,,,,-160,,,,,+120,+120,+116,+120,+115,,,+115,,,,,+116,,,,
2024-04-02,Charlie Blackmon,/mlb/props/charlie-blackmon/,COL at CHC,FA,"RF,DH",1.5,+130,+145,+135,+145,+135,,,+135,+130,+130,,,+123,,,,,-175,-169,-180,-180,-180,,,-180,-182,-182,,,-169,,,,
2024-04-02,Dansby Swanson,/mlb/props/dansby-swanson/,COL at CHC,CHC,SS,1.5,+120,+135,+115,+135,+130,,,+125,+115,+115,,,-106,,,,,-160,-129,-159,-165,-170,,,-165,-159,-159,,,-129,,,,
2024-04-02,Nick Madrigal,/mlb/props/nick-madrigal/,COL at CHC,TB,"2B,3B",0.5,+140,-210,+136,-210,+140,,,-215,,,,,+136,,,,,-190,-189,+160,+165,-190,,,+160,,,,,-189,,,,
2024-04-02,Ezequiel Tovar,/mlb/props/ezequiel-tovar/,COL at CHC,COL,SS,0.5,-180,-205,+146,+160,-205,,,-210,,,,,+146,,,,,+135,-200,-200,-200,+150,,,+150,,,,,-204,,,,
2024-04-02,Nico Hoerner,/mlb/props/nico-hoerner/,COL at CHC,CHC,"2B,SS",1.5,+100,+105,-108,+105,+105,,,+105,-108,-108,,,-135,,,,,-130,-101,-130,-135,-140,,,-135,-130,-130,,,-101,,,,
2024-04-02,Miguel Amaya,/mlb/props/miguel-amaya-c/,COL at CHC,CHC,"C,DH",0.5,-160,-155,-160,-155,-160,,,-160,,,,,-163,,,,,+120,+125,+120,+125,+120,,,+120,,,,,+118,,,,
2024-04-02,Christopher Morel,/mlb/props/christopher-morel/,COL at CHC,MIA,"1B,LF,DH",1.5,+105,+125,+120,+125,+120,,,+120,+102,+102,,,-113,,,,,-140,-121,-141,-155,-160,,,-160,-141,-141,,,-121,,,,
2024-04-02,Elias Diaz,/mlb/props/elias-diaz/,COL at CHC,TEX,C,1.5,-200,-190,-190,-190,-195,,,-190,+145,+145,,,+139,,,,,+145,-194,+140,+155,+145,,,+140,-205,-205,,,-194,,,,
2024-04-02,Adam Duvall,/mlb/props/adam-duvall/,ATL at CWS,FA,"LF,CF,RF",1.5,+110,+105,+100,-105,+105,,,+100,,,,,-106,,,,,-145,-125,-130,-125,-140,,,-130,,,,,-129,,,,
2024-04-02,Braden Shewmake,/mlb/props/braden-shewmake/,ATL at CWS,HOU,"2B,3B,SS",0.5,-130,-130,-130,-130,-130,,,-130,,,,,-131,,,,,+100,+100,+100,+100,+100,,,+100,,,,,-104,,,,
2024-04-02,Gavin Sheets,/mlb/props/gavin-sheets/,ATL at CWS,SD,"1B,LF,RF,DH",1.5,-150,-135,-135,-135,-140,,,-135,+150,+150,,,-142,,,,,+115,-215,+104,+105,+105,,,+105,-215,-215,,,+104,,,,
2024-04-02,Orlando Arcia,/mlb/props/orlando-arcia/,ATL at CWS,MIN,"1B,2B,3B,SS",0.5,-160,-180,+136,+155,-180,,,-200,,,,,+136,,,,,+120,-189,+135,-190,+135,,,+145,,,,,-189,,,,
2024-04-02,Michael Harris II,/mlb/props/michael-harris/,ATL at CWS,ATL,CF,1.5,+125,+140,+135,+140,+135,,,+130,,,,,+133,,,,,-165,-170,-175,-170,-180,,,-175,,,,,-184,,,,
2024-04-02,Ronald Acuna Jr.,/mlb/props/ronald-acuna/,ATL at CWS,ATL,RF,1.5,-130,-127,-135,-130,-135,,,-130,-127,-127,,,-148,,,,,-105,+108,+100,+100,+100,,,+100,-110,-110,,,+108,,,,
2024-04-02,Andrew Benintendi,/mlb/props/andrew-benintendi/,ATL at CWS,CWS,"LF,DH",1.5,+135,+155,+146,+155,+145,,,+145,+143,+143,,,+146,,,,,-180,-190,-200,-190,-195,,,-200,-205,-205,,,-204,,,,
2024-04-02,Luis Robert Jr.,/mlb/props/luis-robert/,ATL at CWS,NYM,CF,1.5,+130,+120,+110,+120,+120,,,+120,+100,+100,,,+110,,,,,-170,-139,-151,-150,-155,,,-160,-139,-139,,,-151,,,,
2024-04-02,Yoan Moncada,/mlb/props/yoan-moncada/,ATL at CWS,LAA,3B,1.5,-160,-155,-155,-155,-160,,,-160,+160,+160,,,-166,,,,,+120,-230,+120,+125,+120,,,+120,-230,-230,,,+120,,,,
2024-04-02,Marcell Ozuna,/mlb/props/marcell-ozuna/,ATL at CWS,PIT,DH,1.5,-105,-104,-115,-115,-120,,,-115,-104,-104,,,-123,,,,,-125,-110,-115,-115,-110,,,-115,-136,-136,,,-111,,,,
2024-04-02,Austin Riley,/mlb/props/austin-riley/,ATL at CWS,ATL,3B,1.5,-105,-107,-115,-115,-120,,,-115,-107,-107,,,-121,,,,,-130,-110,-115,-115,-110,,,-115,-130,-130,,,-113,,,,
2024-04-02,Paul DeJong,/mlb/props/paul-dejong/,ATL at CWS,FA,"2B,3B,SS",1.5,-110,-120,-120,-120,-120,,,-120,+210,+210,,,-125,,,,,-120,-315,-110,-110,-110,,,-110,-315,-315,,,-109,,,,
2024-04-02,Matt Olson,/mlb/props/matt-olson/,ATL at CWS,ATL,1B,1.5,+105,+120,+115,+120,+115,,,+115,+120,+120,,,+114,,,,,-140,-150,-157,-150,-155,,,-150,-175,-175,,,-157,,,,
2024-04-02,Martin Maldonado,/mlb/props/martin-maldonado/,ATL at CWS,FA,C,0.5,+125,+140,+130,+140,+130,,,+130,,,,,+118,,,,,-170,-163,-170,-170,-175,,,-175,,,,,-163,,,,
2024-04-02,Dominic Fletcher,/mlb/props/dominic-fletcher/,ATL at CWS,PIT,"CF,RF",0.5,-145,-148,-155,-155,-155,,,-160,,,,,-148,,,,,+110,+125,+120,+125,+120,,,+120,,,,,+108,,,,
2024-04-02,Chadwick Tromp,/mlb/props/chadwick-tromp/,ATL at CWS,BAL,C,0.5,-140,-135,-140,-135,-140,,,-135,,,,,-142,,,,,+105,+105,+105,+105,+105,,,+105,,,,,+104,,,,
2024-04-02,Nicky Lopez,/mlb/props/nicky-lopez/,ATL at CWS,TEX,"2B,3B,SS",1.5,-185,-160,-160,-160,-160,,,-165,+205,+205,,,-160,,,,,+140,-315,+116,+130,+120,,,+125,-315,-315,,,+116,,,,
2024-04-02,Andrew Vaughn,/mlb/props/andrew-vaughn-1b/,ATL at CWS,MIL,1B,1.5,+130,+135,+130,+135,+130,,,+130,+130,+130,,,+116,,,,,-175,-160,-170,-165,-170,,,-175,-182,-182,,,-160,,,,
2024-04-02,Ozzie Albies,/mlb/props/ozhaino-albies/,ATL at CWS,ATL,2B,1.5,-140,-134,-140,-145,-145,,,-140,-134,-134,,,-145,,,,,+105,+115,+106,+115,+110,,,+110,-105,-105,,,+106,,,,
2024-04-02,Travis d'Arnaud,/mlb/props/travis-darnaud/,ATL at CWS,LAA,C,1.5,+125,+135,+120,+120,+120,,,+115,+135,+135,,,+114,,,,,-170,-150,-160,-150,-160,,,-150,-190,-190,,,-157,,,,
2024-04-02,George Springer,/mlb/props/george-springer/,TOR at HOU,TOR,"LF,CF,RF,DH",1.5,+150,+145,+136,+145,+135,,,+135,+135,+135,,,+136,,,,,-200,-180,-180,-180,-180,,,-180,-190,-190,,,-189,,,,
2024-04-02,Yainer Diaz,/mlb/props/yainer-diaz-c/,TOR at HOU,HOU,"C,DH",1.5,+115,+123,+115,+120,+115,,,+115,+123,+123,,,+110,,,,,-155,-150,-155,-150,-155,,,-150,-175,-175,,,-151,,,,
2024-04-02,Jake Meyers,/mlb/props/jacob-meyers/,TOR at HOU,HOU,CF,0.5,-135,-130,-131,-130,-135,,,-130,,,,,-131,,,,,+100,+105,+100,+100,+105,,,+100,,,,,-104,,,,
2024-04-02,Vladimir Guerrero Jr.,/mlb/props/vladimir-guerrero-jr/,TOR at HOU,TOR,"1B,DH",1.5,+140,+140,+133,+140,+130,,,+130,+133,+133,,,+126,,,,,-190,-170,-175,-170,-175,,,-175,-190,-190,,,-174,,,,
2024-04-02,Jose Altuve,/mlb/props/jose-altuve/,TOR at HOU,HOU,"2B,LF,DH",1.5,+120,+125,+120,+125,+115,,,+120,+114,+114,,,+114,,,,,-155,-155,-157,-155,-155,,,-160,-159,-159,,,-157,,,,
2024-04-02,Justin Turner,/mlb/props/justin-turner/,TOR at HOU,FA,"1B,3B",1.5,+130,+135,+128,+135,+125,,,+125,+128,+128,,,+120,,,,,-170,-165,-166,-165,-165,,,-165,-180,-180,,,-166,,,,
2024-04-02,Jose Abreu,/mlb/props/jose-dariel-abreu/,TOR at HOU,FA,1B,1.5,+140,+155,+145,+155,+150,,,+145,+143,+143,,,+139,,,,,-190,-190,-200,-190,-205,,,-200,-200,-200,,,-194,,,,
2024-04-02,Bo Bichette,/mlb/props/bo-bichette/,TOR at HOU,NYM,"3B,SS",1.5,+110,+115,+110,+115,+110,,,+110,+108,+108,,,+108,,,,,-145,-140,-145,-145,-145,,,-140,-152,-152,,,-148,,,,
2024-04-02,Cavan Biggio,/mlb/props/cavan-biggio/,TOR at HOU,HOU,"1B,2B,RF",0.5,+110,+106,+105,+105,+105,,,+105,,,,,+106,,,,,-145,-135,-140,-135,-140,,,-135,,,,,-145,,,,
2024-04-02,Ernie Clement,/mlb/props/ernie-clement/,TOR at HOU,TOR,"1B,2B,3B,SS",0.5,-190,-185,-190,-185,-195,,,-190,,,,,-189,,,,,+145,+150,+145,+150,+145,,,+140,,,,,+136,,,,
2024-04-02,Alex Bregman,/mlb/props/alex-bregman/,TOR at HOU,CHC,"3B,DH",1.5,+135,+145,+140,+145,+140,,,+140,+130,+130,,,+126,,,,,-180,-174,-182,-180,-185,,,-190,-182,-182,,,-174,,,,
2024-04-02,Alejandro Kirk,/mlb/props/alejandro-kirk/,TOR at HOU,TOR,C,1.5,-195,-200,-200,-200,-200,,,-210,+170,+170,,,-204,,,,,+145,-245,+146,+160,+150,,,+150,-245,-245,,,+146,,,,
2024-04-02,Yordan Alvarez,/mlb/props/yordan-alvarez/,TOR at HOU,HOU,"LF,DH",1.5,+105,+105,+104,+105,+105,,,+105,-110,-110,,,+104,,,,,-140,-127,-135,-135,-135,,,-135,-127,-127,,,-142,,,,
2024-04-02,Daulton Varsho,/mlb/props/daulton-varsho/,TOR at HOU,TOR,"LF,CF",1.5,-145,-130,-130,-130,-140,,,-135,+188,+188,,,-145,,,,,+110,-278,+100,+100,+105,,,+105,-278,-278,,,+106,,,,
2024-04-02,Davis Schneider,/mlb/props/davis-schneider/,TOR at HOU,TOR,"2B,LF",1.5,-135,-145,-135,-140,-145,,,-135,+175,+175,,,-145,,,,,+105,-250,+105,+110,+110,,,+105,-250,-250,,,+106,,,,
2024-04-02,Kyle Tucker,/mlb/props/kyle-tucker/,TOR at HOU,LAD,"RF,DH",1.5,+130,+130,+120,+130,+120,,,+125,+114,+114,,,+118,,,,,-170,-159,-163,-160,-165,,,-165,-159,-159,,,-163,,,,
2024-04-02,Chas McCormick,/mlb/props/chas-mccormick/,TOR at HOU,CHC,"LF,CF,RF",0.5,-190,-180,-184,-180,-190,,,-180,,,,,-184,,,,,+140,+145,+140,+145,+140,,,+135,,,,,+133,,,,
2024-04-02,Jeremy Pena,/mlb/props/jeremy-pena/,TOR at HOU,HOU,SS,1.5,-210,-200,-200,-200,-210,,,-210,+155,+155,,,-204,,,,,+155,-225,+146,+160,+155,,,+150,-225,-225,,,+146,,,,
2024-04-02,Kevin Kiermaier,/mlb/props/kevin-kiermaier/,TOR at HOU,FA,CF,0.5,-120,-115,-120,-115,-120,,,-120,,,,,-129,,,,,-110,-106,-110,-115,-110,,,-110,,,,,-106,,,,
2024-04-02,Victor Caratini,/mlb/props/victor-caratini/,TOR at HOU,MIN,"C,1B,DH",0.5,-145,-140,-145,-140,-145,,,-140,,,,,-145,,,,,+110,+110,+110,+110,+110,,,+110,,,,,+106,,,,
2024-04-02,Isiah Kiner-Falefa,/mlb/props/isiah-kiner-falefa/,TOR at HOU,BOS,"2B,3B,SS",0.5,-150,-160,-165,-160,-170,,,-165,,,,,-166,,,,,+115,+130,+125,+130,+125,,,+125,,,,,+120,,,,
2024-04-02,Will Brennan,/mlb/props/will-brennan/,CLE at SEA,SF,"LF,CF,RF",1.5,+135,+150,+140,+140,+135,,,+130,+150,+150,,,+136,,,,,-180,-170,-189,-170,-180,,,-175,-220,-220,,,-189,,,,
2024-04-02,Austin Hedges,/mlb/props/austin-hedges/,CLE at SEA,CLE,C,0.5,+110,+115,+110,+115,+110,,,+110,,,,,+110,,,,,-140,-140,-145,-145,-150,,,-140,,,,,-151,,,,
2024-04-02,Josh Naylor,/mlb/props/josh-naylor/,CLE at SEA,SEA,"1B,DH",1.5,+110,+120,+115,+115,+115,,,+110,+120,+120,,,+114,,,,,-150,-140,-150,-145,-150,,,-140,-167,-167,,,-157,,,,
2024-04-02,Josh Rojas,/mlb/props/josh-rojas/,CLE at SEA,KC,"2B,3B",0.5,-135,-115,-125,-125,-115,,,-130,,,,,-129,,,,,+100,+100,-106,-105,-115,,,+100,,,,,-106,,,,
2024-04-02,Mitch Garver,/mlb/props/mitch-garver/,CLE at SEA,SEA,"C,DH",1.5,-160,-150,-150,-150,-155,,,-150,+143,+143,,,-154,,,,,+120,-200,+112,+120,+115,,,+115,-200,-200,,,+112,,,,
2024-04-02,Jose Ramirez,/mlb/props/jose-ramirez/,CLE at SEA,CLE,"3B,DH",1.5,+115,+128,+120,+120,+115,,,+115,+128,+128,,,+118,,,,,-155,-150,-155,-150,-155,,,-150,-180,-180,,,-163,,,,
2024-04-02,Steven Kwan,/mlb/props/steven-kwan/,CLE at SEA,CLE,"LF,CF",1.5,+125,+150,+136,+140,+130,,,+130,+150,+150,,,+136,,,,,-165,-170,-189,-170,-175,,,-175,-220,-220,,,-189,,,,
2024-04-02,Brayan Rocchio,/mlb/props/brayan-rocchio/,CLE at SEA,CLE,"2B,SS",0.5,-155,-145,-148,-145,-150,,,-150,,,,,-148,,,,,+115,+115,+115,+115,+115,,,+115,,,,,+108,,,,
2024-04-02,Mitch Haniger,/mlb/props/mitch-haniger/,CLE at SEA,FA,RF,1.5,-155,-155,-155,-155,-160,,,-160,+145,+145,,,-166,,,,,+115,-210,+120,+125,+120,,,+120,-210,-210,,,+120,,,,
2024-04-02,Tyler Freeman,/mlb/props/tyler-freeman-ss/,CLE at SEA,COL,"2B,RF,DH",0.5,-175,-180,-184,-180,-185,,,-180,,,,,-184,,,,,+130,+145,+140,+145,+140,,,+135,,,,,+133,,,,
2024-04-02,Jorge Polanco,/mlb/props/jorge-polanco/,CLE at SEA,NYM,"2B,3B,DH",1.5,-165,-155,-155,-155,-165,,,-160,+140,+140,,,-169,,,,,+125,-200,+120,+125,+120,,,+120,-200,-200,,,+123,,,,
2024-04-02,Cal Raleigh,/mlb/props/caleb-raleigh/,CLE at SEA,SEA,"C,DH",1.5,-155,-150,-150,-150,-155,,,-150,+145,+145,,,-166,,,,,+115,-210,+115,+120,+120,,,+115,-210,-210,,,+120,,,,
2024-04-02,Andres Gimenez,/mlb/props/andres-giminez/,CLE at SEA,TOR,"2B,SS",1.5,+135,+148,+140,+145,+140,,,+140,+148,+148,,,+136,,,,,-180,-180,-190,-180,-190,,,-190,-215,-215,,,-189,,,,
2024-04-02,Ty France,/mlb/props/tyler-france/,CLE at SEA,SD,1B,1.5,-160,-155,-155,-155,-160,,,-160,+185,+185,,,-166,,,,,+120,-275,+120,+125,+120,,,+120,-275,-275,,,+120,,,,
2024-04-02,Ramon Laureano,/mlb/props/ramon-laureano/,CLE at SEA,SD,"LF,CF,RF",1.5,-130,-115,-115,-115,-120,,,-120,+230,+230,,,-119,,,,,+100,-375,-115,-115,-110,,,-110,-375,-375,,,-115,,,,
2024-04-02,Julio Rodriguez,/mlb/props/julio-rodriguez-of/,CLE at SEA,SEA,CF,1.5,+110,+110,+110,+110,+110,,,+110,+104,+104,,,+102,,,,,-145,-139,-140,-140,-145,,,-140,-143,-143,,,-139,,,,
2024-04-02,J.P. Crawford,/mlb/props/jp-crawford/,CLE at SEA,SEA,"3B,SS",1.5,-175,-165,-165,-165,-170,,,-165,+165,+165,,,-179,,,,,+130,-240,+125,+135,+125,,,+125,-240,-240,,,+129,,,,
2024-04-02,Dominic Canzone,/mlb/props/dominic-canzone/,CLE at SEA,SEA,"LF,RF,DH",0.5,-155,-135,-154,-155,-135,,,-160,,,,,-154,,,,,+115,+125,+112,+125,+105,,,+120,,,,,+112,,,,
2024-04-02,Bo Naylor,/mlb/props/bo-naylor/,CLE at SEA,CLE,C,1.5,-120,-123,-123,-125,-130,,,-130,+220,+220,,,-123,,,,,-110,-335,-111,-105,-105,,,+100,-335,-335,,,-111,,,,
2024-04-02,JJ Bleday,/mlb/props/jj-bleday/,BOS at ATH,CIN,"LF,CF,RF,DH",1.5,-165,-165,-165,-165,-175,,,-165,+150,+150,,,-166,,,,,+125,-220,+120,+135,+130,,,+125,-220,-220,,,+120,,,,
2024-04-02,Pablo Reyes,/mlb/props/pablo-reyes/,BOS at ATH,SD,"2B,3B,RF",1.5,-170,-175,+145,+160,-175,,,+145,,,,,+146,,,,,+140,-200,-200,-200,+130,,,-200,,,,,-204,,,,
2024-04-02,Connor Wong,/mlb/props/connor-wong/,BOS at ATH,BOS,C,0.5,-135,-125,-130,-125,-135,,,-130,,,,,-139,,,,,+105,+102,+100,-105,+100,,,+100,,,,,+102,,,,
2024-04-02,Triston Casas,/mlb/props/triston-casas/,BOS at ATH,BOS,1B,1.5,-135,-125,-125,-125,-130,,,-130,+210,+210,,,-131,,,,,+105,-315,-105,-105,+100,,,+100,-315,-315,,,-104,,,,
2024-04-02,Darell Hernaiz,/mlb/props/darell-hernaiz/,BOS at ATH,ATH,"2B,3B,SS",0.5,-125,-115,-115,-115,-115,,,-115,,,,,-121,,,,,-110,-113,-115,-115,-115,,,-115,,,,,-113,,,,
2024-04-02,Lawrence Butler,/mlb/props/lawrence-butler/,BOS at ATH,ATH,"CF,RF",0.5,-130,-125,-130,-125,-135,,,-130,,,,,-131,,,,,+100,+100,-104,-105,+100,,,+100,,,,,-104,,,,
2024-04-02,J.D. Davis,/mlb/props/jd-davis/,BOS at ATH,FA,"1B,3B",0.5,-155,-170,-175,-170,-175,,,-175,,,,,-179,,,,,+115,+140,+135,+140,+135,,,+130,,,,,+129,,,,
2024-04-02,Ceddanne Rafaela,/mlb/props/ceddanne-rafaela/,BOS at ATH,BOS,"2B,CF",1.5,-185,-180,-180,-180,-185,,,,+130,+130,,,-194,,,,,+150,-182,+135,+145,+135,,,,-182,-182,,,+139,,,,
2024-04-02,Masataka Yoshida,/mlb/props/masataka-yoshida/,BOS at ATH,BOS,"LF,DH",1.5,-170,-169,-169,-170,-175,,,-175,+170,+170,,,-169,,,,,+140,-245,+123,+140,+130,,,+130,-245,-245,,,+123,,,,
2024-04-02,Bobby Dalbec,/mlb/props/robert-dalbec/,BOS at ATH,FA,"1B,3B",0.5,-140,-135,-140,-140,-145,,,-135,,,,,-145,,,,,+110,+110,+106,+110,+110,,,+105,,,,,+106,,,,
2024-04-02,Tyler O'Neill,/mlb/props/tyler-oneill/,BOS at ATH,BAL,"LF,RF",1.5,+105,+100,+100,+100,+100,,,+100,-121,-121,,,+100,,,,,-135,-114,-130,-130,-135,,,-130,-114,-114,,,-137,,,,
2024-04-02,Rafael Devers,/mlb/props/rafael-devers/,BOS at ATH,SF,"1B,DH",1.5,+125,+130,+118,+130,+125,,,+125,+104,+104,,,+118,,,,,-155,-143,-160,-160,-170,,,-165,-143,-143,,,-163,,,,
2024-04-02,Seth Brown,/mlb/props/seth-brown/,BOS at ATH,FA,"1B,LF,CF,RF",1.5,+140,+145,+140,+145,+140,,,+140,+135,+135,,,+136,,,,,-190,-180,-189,-180,-190,,,-190,-195,-195,,,-189,,,,
2024-04-02,Shea Langeliers,/mlb/props/shea-langeliers/,BOS at ATH,ATH,"C,DH",1.5,-135,-133,-133,-135,-140,,,-135,+170,+170,,,-133,,,,,+100,-245,-103,+105,+105,,,+105,-245,-245,,,-103,,,,
2024-04-02,Trevor Story,/mlb/props/trevor-story/,BOS at ATH,BOS,SS,1.5,+105,+115,+115,+115,+115,,,+115,+102,+102,,,+106,,,,,-135,-141,-145,-145,-150,,,-150,-141,-141,,,-145,,,,
2024-04-02,Zack Gelof,/mlb/props/zack-gelof/,BOS at ATH,ATH,"2B,3B,CF",1.5,-175,-179,-179,-185,-195,,,-190,+128,+128,,,-179,,,,,+130,-182,+129,+150,+145,,,+140,-182,-182,,,+129,,,,
2024-04-02,Nick Allen,/mlb/props/nick-allen-ss/,BOS at ATH,HOU,"2B,3B,SS",0.5,-135,-135,-135,-135,-135,,,-135,,,,,-137,,,,,+105,+105,+105,+105,+105,,,+105,,,,,+100,,,,
2024-04-02,Ryan Noda,/mlb/props/ryan-noda/,BOS at ATH,BAL,1B,1.5,-150,-148,-148,-155,-160,,,-160,+170,+170,,,-148,,,,,+115,-245,+108,+125,+120,,,+120,-245,-245,,,+108,,,,
2024-04-02,Jarren Duran,/mlb/props/jarren-duran/,BOS at ATH,BOS,"LF,CF,DH",1.5,+150,+155,+143,+155,+150,,,+140,+128,+128,,,+143,,,,,-185,-180,-190,-190,-200,,,-190,-180,-180,,,-199,,,,
2024-04-02,Brent Rooker,/mlb/props/brent-rooker/,BOS at ATH,ATH,"LF,RF,DH",1.5,-130,-125,-125,-125,-130,,,-130,+175,+175,,,-135,,,,,+100,-250,-105,-105,+100,,,+100,-250,-250,,,-101,,,,
2024-04-02,Willson Contreras,/mlb/props/willson-contreras/,STL at SD,BOS,1B,1.5,-175,-185,+136,+155,-185,,,-200,+140,+140,,,+136,,,,,+130,-189,-189,-190,+140,,,+145,-200,-200,,,-189,,,,
2024-04-02,Nolan Arenado,/mlb/props/nolan-arenado/,STL at SD,ARI,3B,1.5,+140,-169,-169,-170,+135,,,-175,+150,+150,,,-169,,,,,-185,-180,+123,+140,-180,,,+130,-215,-215,,,+123,,,,
2024-04-02,Masyn Winn,/mlb/props/masyn-winn-p/,STL at SD,STL,SS,0.5,-125,-120,-121,-120,-125,,,-125,,,,,-121,,,,,-105,-105,-110,-110,-105,,,-105,,,,,-113,,,,
2024-04-02,Ha-Seong Kim,/mlb/props/ha-seong-kim/,STL at SD,ATL,"2B,SS",1.5,-180,-170,-170,-170,-185,,,-180,+180,+180,,,-174,,,,,+135,-265,+126,+140,+140,,,+135,-265,-265,,,+126,,,,
2024-04-02,Brendan Donovan,/mlb/props/brendan-donovan/,STL at SD,SEA,"2B,3B,SS,LF",1.5,+130,+140,+130,+140,+130,,,+130,+123,+123,,,+123,,,,,-170,-169,-175,-170,-175,,,-175,-175,-175,,,-169,,,,
2024-04-02,Nolan Gorman,/mlb/props/nolan-gorman/,STL at SD,STL,"2B,3B,DH",1.5,-130,-130,-130,-130,-135,,,-135,+150,+150,,,-137,,,,,+100,-220,+100,+100,+100,,,+105,-220,-220,,,+100,,,,
2024-04-02,Fernando Tatis Jr.,/mlb/props/fernando-tatis-jr/,STL at SD,SD,"2B,RF",1.5,-110,-106,-110,-115,-110,,,-110,-122,-122,,,-106,,,,,-120,-114,-120,-115,-120,,,-120,-114,-114,,,-129,,,,
2024-04-02,Tyler Wade,/mlb/props/tyler-wade/,STL at SD,FA,"2B,LF,CF",0.5,-195,-185,-190,-185,-195,,,-190,,,,,-189,,,,,+145,+150,+145,+150,+145,,,+140,,,,,+136,,,,
2024-04-02,Luis Campusano,/mlb/props/luis-campusano/,STL at SD,SD,"C,DH",1.5,+145,+145,+140,+145,+140,,,+135,+143,+143,,,+133,,,,,-195,-180,-184,-180,-190,,,-180,-200,-200,,,-184,,,,
2024-04-02,Victor Scott,/mlb/props/victor-scott/,STL at SD,STL,CF,0.5,-145,-148,-150,-150,-155,,,-150,,,,,-148,,,,,+110,+120,+115,+120,+115,,,+115,,,,,+108,,,,
2024-04-02,Jake Cronenworth,/mlb/props/jacob-cronenworth/,STL at SD,SD,"1B,2B,SS",1.5,+110,+117,+110,+110,+110,,,+110,+117,+117,,,+104,,,,,-145,-140,-145,-140,-145,,,-140,-165,-165,,,-142,,,,
2024-04-02,Jordan Walker,/mlb/props/jordan-walker/,STL at SD,STL,"LF,RF",1.5,-185,-190,-190,-190,-200,,,-200,+160,+160,,,-199,,,,,+135,-230,+143,+155,+150,,,+145,-230,-230,,,+143,,,,
2024-04-02,Jackson Merrill,/mlb/props/jackson-merrill/,STL at SD,SD,CF,0.5,+155,-210,-210,-210,+155,,,-215,,,,,-214,,,,,-210,-210,+152,+165,-210,,,+160,,,,,+152,,,,
2024-04-02,Jurickson Profar,/mlb/props/jurickson-profar/,STL at SD,ATL,LF,1.5,+155,+180,+155,+155,+150,,,+145,+180,+180,,,+143,,,,,-215,-190,-200,-190,-200,,,-200,-265,-265,,,-199,,,,
2024-04-02,Graham Pauley,/mlb/props/graham-pauley/,STL at SD,MIA,"1B,3B",0.5,-195,-185,-190,-185,-195,,,-190,,,,,-194,,,,,+145,+150,+145,+150,+145,,,+140,,,,,+139,,,,
2024-04-02,Alec Burleson,/mlb/props/alec-burleson/,STL at SD,STL,"1B,LF,RF,DH",1.5,-195,-200,+146,+160,-200,,,+150,+150,+150,,,+146,,,,,+145,-200,-200,-200,+150,,,-210,-220,-220,,,-204,,,,
2024-04-02,Paul Goldschmidt,/mlb/props/paul-goldschmidt/,STL at SD,NYY,"1B,DH",1.5,+145,+145,+140,+145,+140,,,+140,+145,+145,,,+139,,,,,-190,-180,-190,-180,-190,,,-190,-205,-205,,,-194,,,,
2024-04-02,Manny Machado,/mlb/props/manny-machado/,STL at SD,SD,"3B,DH",1.5,+105,+105,+100,+100,+100,,,+105,-104,-104,,,+100,,,,,-140,-130,-135,-130,-135,,,-135,-136,-136,,,-137,,,,
2024-04-02,Xander Bogaerts,/mlb/props/xander-bogaerts/,STL at SD,SD,SS,1.5,+125,+130,+125,+130,+125,,,+125,+115,+115,,,+118,,,,,-170,-160,-163,-160,-165,,,-165,-162,-162,,,-163,,,,
2024-04-02,Michael Siani,/mlb/props/mike-siani/,STL at SD,BAL,CF,0.5,-135,-130,-135,-130,-135,,,-130,,,,,-139,,,,,+100,+102,+100,+100,+100,,,+100,,,,,+102,,,,
2024-04-02,Juan Soto,/mlb/props/juan-soto/,NYY at ARI,NYM,"LF,RF,DH",1.5,+125,+125,+123,+125,+120,,,+120,+125,+125,,,+123,,,,,-165,-155,-160,-155,-160,,,-160,-177,-177,,,-169,,,,
2024-04-02,Anthony Rizzo,/mlb/props/anthony-rizzo/,NYY at ARI,FA,1B,1.5,+140,-190,+133,+145,+140,,,-190,+140,+140,,,+133,,,,,-185,-180,-180,-180,-185,,,+140,-200,-200,,,-184,,,,
2024-04-02,Ketel Marte,/mlb/props/ketel-marte/,NYY at ARI,ARI,"2B,DH",1.5,-130,-127,-135,-135,-145,,,-135,-127,-127,,,-145,,,,,+100,+110,+105,+105,+110,,,+105,-109,-109,,,+106,,,,
2024-04-02,Gleyber Torres,/mlb/props/gleyber-torres/,NYY at ARI,DET,2B,1.5,+100,-108,-115,-115,-115,,,-110,-108,-108,,,-117,,,,,-130,-115,-120,-115,-115,,,-120,-130,-130,,,-117,,,,
2024-04-02,Austin Wells,/mlb/props/austin-wells/,NYY at ARI,NYY,C,1.5,+145,+135,+130,+135,+130,,,,,,,,+123,,,,,-195,-165,-169,-165,-170,,,,,,,,-169,,,,
2024-04-02,Gabriel Moreno,/mlb/props/gabriel-moreno/,NYY at ARI,ARI,C,1.5,+135,+148,+140,+140,+130,,,+130,+148,+148,,,+129,,,,,-180,-170,-179,-170,-175,,,-175,-215,-215,,,-179,,,,
2024-04-02,Christian Walker,/mlb/props/christian-walker/,NYY at ARI,HOU,1B,1.5,+115,+110,+105,+105,+105,,,+105,+110,+110,,,+102,,,,,-155,-135,-140,-135,-140,,,-135,-152,-152,,,-139,,,,
2024-04-02,Anthony Volpe,/mlb/props/anthony-volpe/,NYY at ARI,NYY,SS,1.5,+140,+145,+135,+135,+130,,,+130,+145,+145,,,+123,,,,,-185,-165,-175,-165,-170,,,-175,-205,-205,,,-169,,,,
2024-04-02,Giancarlo Stanton,/mlb/props/giancarlo-stanton/,NYY at ARI,NYY,"LF,RF,DH",1.5,+130,+130,+120,+120,+115,,,+115,+130,+130,,,+112,,,,,-170,-150,-155,-150,-155,,,-150,-182,-182,,,-154,,,,
2024-04-02,Geraldo Perdomo,/mlb/props/geraldo-perdomo/,NYY at ARI,ARI,SS,0.5,-150,-140,-145,-145,-150,,,-140,,,,,-142,,,,,+115,+115,+110,+115,+115,,,+110,,,,,+104,,,,
2024-04-02,Corbin Carroll,/mlb/props/corbin-carroll-of/,NYY at ARI,ARI,"CF,RF",1.5,+135,+145,+140,+145,+140,,,+140,+133,+133,,,+136,,,,,-185,-180,-185,-180,-185,,,-190,-190,-190,,,-189,,,,
2024-04-02,Eugenio Suarez,/mlb/props/eugenio-suarez/,NYY at ARI,CIN,"3B,DH",1.5,-140,-150,-150,-150,-155,,,-150,+145,+145,,,-154,,,,,+105,-210,+112,+120,+115,,,+115,-210,-210,,,+112,,,,
2024-04-02,Blaze Alexander,/mlb/props/blaze-alexander/,NYY at ARI,BAL,"2B,3B,SS,LF,CF",1.5,+115,+140,+120,+120,+115,,,,+140,+140,,,+114,,,,,-155,-150,-157,-150,-155,,,,-200,-200,,,-157,,,,
2024-04-02,Jake McCarthy,/mlb/props/jake-mccarthy/,NYY at ARI,COL,"LF,CF,RF",1.5,-160,-165,-165,-165,-175,,,-165,+165,+165,,,-174,,,,,+120,-240,+125,+135,+130,,,+125,-240,-240,,,+126,,,,
2024-04-02,Jorge Barrosa,/mlb/props/jorge-barrosa/,NYY at ARI,ARI,"LF,CF,RF",1.5,+133,+145,+133,+145,,,,,,,,,+133,,,,,-184,-180,-184,-180,,,,,,,,,-184,,,,
2024-04-02,Jose Trevino,/mlb/props/jose-trevino/,NYY at ARI,CIN,C,0.5,-160,-155,-160,-155,-160,,,-160,,,,,-160,,,,,+120,+125,+120,+125,+120,,,+120,,,,,+116,,,,
2024-04-02,Alex Verdugo,/mlb/props/alex-verdugo/,NYY at ARI,FA,"LF,RF",1.5,+140,+145,+135,+135,+130,,,+130,+145,+145,,,+126,,,,,-190,-165,-175,-165,-175,,,-175,-210,-210,,,-174,,,,
2024-04-02,Lourdes Gurriel Jr.,/mlb/props/lourdes-gurriel-jr/,NYY at ARI,ARI,"LF,DH",1.5,-105,-104,-110,-115,-110,,,-110,-106,-106,,,-104,,,,,-125,-115,-120,-115,-120,,,-120,-132,-132,,,-131,,,,
2024-04-02,Oswaldo Cabrera,/mlb/props/oswaldo-cabrera/,NYY at ARI,NYY,3B,0.5,-170,-179,-180,-180,-190,,,-190,,,,,-179,,,,,+130,+145,+140,+145,+140,,,+140,,,,,+129,,,,
2024-04-02,Aaron Judge,/mlb/props/aaron-judge/,NYY at ARI,NYY,"LF,CF,RF,DH",1.5,-110,-115,-125,-115,-125,,,-120,-139,-139,,,-125,,,,,-120,+100,-109,-115,-105,,,-110,+100,+100,,,-109,,,,
2024-04-02,Will Smith,/mlb/props/will-smith-c/,SF at LAD,LAD,C,1.5,+130,+130,+125,+130,+125,,,+125,+128,+128,,,+120,,,,,-175,-160,-166,-160,-170,,,-165,-180,-180,,,-166,,,,
2024-04-02,Patrick Bailey,/mlb/props/patrick-bailey/,SF at LAD,CLE,C,0.5,-145,-130,-135,-130,-135,,,-135,,,,,-145,,,,,+110,+106,+105,+100,+100,,,+105,,,,,+106,,,,
2024-04-02,Mike Yastrzemski,/mlb/props/michael-yastrzemski/,SF at LAD,ATL,"LF,CF,RF",0.5,-125,-110,-110,-110,-110,,,-110,,,,,-111,,,,,-105,-120,-120,-120,-120,,,-120,,,,,-123,,,,
2024-04-02,Thairo Estrada,/mlb/props/thairo-estrada/,SF at LAD,FA,2B,1.5,-180,-170,-170,-170,-180,,,-175,+170,+170,,,-179,,,,,+135,-250,+129,+140,+135,,,+130,-250,-250,,,+129,,,,
2024-04-02,Shohei Ohtani,/mlb/props/shohei-ohtani/,SF at LAD,LAD,"SP,DH",1.5,+105,+105,+100,+100,+105,,,+105,-113,-113,,,-103,,,,,-135,-124,-130,-130,-135,,,-135,-124,-124,,,-133,,,,
2024-04-02,James Outman,/mlb/props/james-outman/,SF at LAD,DET,"LF,CF,RF",0.5,-140,-135,-142,-135,-145,,,-145,,,,,-142,,,,,+105,+110,+105,+105,+110,,,+110,,,,,+104,,,,
2024-04-02,Nick Ahmed,/mlb/props/nick-ahmed/,SF at LAD,FA,SS,0.5,-125,-110,-113,-115,-110,,,-115,,,,,-113,,,,,-110,-115,-120,-115,-120,,,-115,,,,,-121,,,,
2024-04-02,Max Muncy,/mlb/props/max-muncy/,SF at LAD,LAD,3B,1.5,-175,-170,-170,-170,-180,,,-175,+130,+130,,,-174,,,,,+130,-182,+126,+140,+135,,,+130,-182,-182,,,+126,,,,
2024-04-02,Wilmer Flores,/mlb/props/wilmer-flores/,SF at LAD,FA,"1B,DH",0.5,-180,-150,-157,-150,-160,,,-160,,,,,-157,,,,,+135,+120,+120,+120,+120,,,+120,,,,,+114,,,,
2024-04-02,Mookie Betts,/mlb/props/mookie-betts/,SF at LAD,LAD,SS,1.5,+115,+115,+102,+115,+100,,,+100,+102,+102,,,+108,,,,,-150,-130,-143,-145,-135,,,-130,-143,-143,,,-148,,,,
2024-04-02,Chris Taylor,/mlb/props/chris-taylor/,SF at LAD,FA,"2B,LF,CF,RF",0.5,-145,-140,-145,-140,-145,,,-140,,,,,-148,,,,,+110,+110,+110,+110,+110,,,+110,,,,,+108,,,,
2024-04-02,Michael Conforto,/mlb/props/michael-conforto/,SF at LAD,CHC,"LF,RF,DH",1.5,-140,-142,-142,-150,-155,,,-150,+170,+170,,,-142,,,,,+105,-245,+104,+120,+115,,,+115,-245,-245,,,+104,,,,
2024-04-02,Matt Chapman,/mlb/props/matt-chapman/,SF at LAD,SF,3B,1.5,+115,+145,+133,+145,+135,,,+135,+118,+118,,,+133,,,,,-150,-167,-180,-180,-185,,,-180,-167,-167,,,-184,,,,
2024-04-02,Jorge Soler,/mlb/props/jorge-soler/,SF at LAD,LAA,"RF,DH",1.5,+110,-165,-165,-165,+110,,,-165,+123,+123,,,-174,,,,,-145,-145,+125,+135,-145,,,+125,-175,-175,,,+126,,,,
2024-04-02,Jung Hoo Lee,/mlb/props/jung-lee/,SF at LAD,SF,"CF,RF",1.5,+125,+140,+135,+140,+135,,,+130,,,,,+129,,,,,-165,-170,-175,-170,-180,,,-175,,,,,-179,,,,
2024-04-02,Enrique Hernandez,/mlb/props/enrique-hernandez/,SF at LAD,LAD,"1B,2B,3B,LF",0.5,-165,-165,-165,-165,-165,,,-165,,,,,-166,,,,,+125,+135,+125,+135,+125,,,+125,,,,,+120,,,,
2024-04-02,Gavin Lux,/mlb/props/gavin-lux/,SF at LAD,TB,"2B,3B,LF,DH",0.5,-150,-157,-160,-160,-165,,,-165,,,,,-157,,,,,+110,+130,+125,+130,+125,,,+125,,,,,+114,,,,
2024-04-02,Teoscar Hernandez,/mlb/props/teoscar-hernandez/,SF at LAD,LAD,"LF,RF",1.5,-200,-190,-190,-190,-195,,,-190,+150,+150,,,-199,,,,,+145,-220,+140,+155,+145,,,+140,-220,-220,,,+143,,,,
2024-04-02,Freddie Freeman,/mlb/props/freddie-freeman/,SF at LAD,LAD,1B,1.5,+110,+115,+110,+115,+110,,,+110,+100,+100,,,+102,,,,,-145,-139,-141,-145,-150,,,-140,-141,-141,,,-139,,,,
2024-04-02,Tyler Fitzgerald,/mlb/props/tyler-fitzgerald/,SF at LAD,FA,2B,0.5,-120,-115,-120,-115,-120,,,,,,,,,,,,,-110,-110,-110,-115,-110,,,,,,,,,,,,
2024-04-02,LaMonte Wade Jr.,/mlb/props/lamonte-wade/,SF at LAD,HOU,"1B,RF",1.5,-135,-135,-135,-135,-140,,,-135,+215,+215,,,-135,,,,,+100,-335,-101,+105,+105,,,+105,-335,-335,,,-101,,,,
2024-04-03,Salvador Perez,/mlb/props/salvador-perez/,KC at BAL,KC,"C,1B,DH",1.5,+145,+155,+148,+155,+145,,,+145,+148,+148,,,+143,,,,,-195,-190,-200,-190,-200,,,-200,-215,-210,,,-199,,,,
2024-04-03,Anthony Santander,/mlb/props/anthony-santander/,KC at BAL,TOR,"LF,RF,DH",1.5,-170,-160,-160,-160,-165,,,-165,+145,+150,,,-174,,,,,+125,-205,+125,+130,+125,,,+125,-205,-215,,,+126,,,,
2024-04-03,Jordan Westburg,/mlb/props/jordan-westburg/,KC at BAL,BAL,"2B,3B",1.5,-150,-135,-135,-135,-140,,,-135,+165,+165,,,-145,,,,,+115,-240,+105,+105,+105,,,+105,-240,-240,,,+106,,,,
2024-04-03,Maikel Garcia,/mlb/props/maikel-garcia/,KC at BAL,KC,"2B,3B,SS,OF",1.5,+125,+125,+120,+125,+120,,,+120,+123,+123,,,+116,,,,,-170,-155,-160,-155,-160,,,-160,-175,-175,,,-160,,,,
2024-04-03,Kyle Isbel,/mlb/props/kyle-isbel/,KC at BAL,KC,CF,0.5,-115,-110,-111,-115,-110,,,-110,,,,,-111,,,,,-115,-115,-120,-115,-120,,,-120,,,,,-123,,,,
2024-04-03,Ramon Urias,/mlb/props/ramon-urias/,KC at BAL,STL,"2B,3B",0.5,-175,-135,-140,-140,-145,,,-135,,,,,-142,,,,,+130,+110,+105,+110,+110,,,+105,,,,,+104,,,,
2024-04-03,Freddy Fermin,/mlb/props/freddy-fermin/,KC at BAL,SD,C,0.5,-185,-180,-184,-180,-185,,,-180,,,,,-184,,,,,+140,+145,+140,+145,+140,,,+135,,,,,+133,,,,
2024-04-03,Bobby Witt Jr.,/mlb/props/bobby-witt-jr/,KC at BAL,KC,SS,1.5,+110,+112,+105,+105,+105,,,+105,+112,+110,,,+104,,,,,-145,-135,-142,-135,-140,,,-135,-155,-155,,,-142,,,,
2024-04-03,Cedric Mullins II,/mlb/props/cedric-mullins/,KC at BAL,TB,CF,1.5,-160,-135,-135,-135,-140,,,-135,+175,+175,,,-151,,,,,+120,-250,+105,+105,+105,,,+105,-250,-250,,,+110,,,,
2024-04-03,Hunter Renfroe,/mlb/props/hunter-renfroe/,KC at BAL,FA,RF,1.5,-150,-145,-145,-150,-155,,,-150,+195,+190,,,-145,,,,,+115,-278,+106,+120,+120,,,+115,-286,-278,,,+106,,,,
2024-04-03,MJ Melendez,/mlb/props/mj-melendez/,KC at BAL,NYM,"LF,DH",1.5,-135,-135,-135,-135,-140,,,-135,+195,+190,,,-139,,,,,+100,-278,+102,+105,+105,,,+105,-286,-278,,,+102,,,,
2024-04-03,James McCann,/mlb/props/james-mccann/,KC at BAL,ARI,C,0.5,-145,-140,-145,-140,-145,,,-140,,,,,-145,,,,,+110,+110,+110,+110,+110,,,+110,,,,,+106,,,,
2024-04-03,Gunnar Henderson,/mlb/props/gunnar-henderson/,KC at BAL,BAL,"SS,DH",1.5,+135,+155,+146,+155,+145,,,+145,+138,+135,,,+146,,,,,-180,-190,-200,-190,-200,,,-200,-195,-195,,,-204,,,,
2024-04-03,Adley Rutschman,/mlb/props/adley-rutschman/,KC at BAL,BAL,"C,DH",1.5,+145,-200,-200,-200,+145,,,-210,+150,+150,,,-204,,,,,-195,-195,+146,+160,-195,,,+150,-220,-220,,,+146,,,,
2024-04-03,Nelson Velazquez,/mlb/props/nelson-velazquez/,KC at BAL,STL,"LF,RF,DH",0.5,-125,-123,-125,-125,-130,,,-130,,,,,-123,,,,,-105,+100,-105,-105,-105,,,+100,,,,,-111,,,,
2024-04-03,Vinnie Pasquantino,/mlb/props/vinnie-pasquantino/,KC at BAL,KC,"1B,DH",1.5,-190,-180,-180,-180,-185,,,-190,+170,+175,,,-184,,,,,+140,-250,+133,+145,+140,,,+140,-250,-250,,,+133,,,,
2024-04-03,Jorge Mateo,/mlb/props/jorge-mateo/,KC at BAL,ATL,"2B,SS,CF,DH",0.5,-150,-145,-160,-160,-145,,,-165,,,,,-163,,,,,+115,+130,+118,+130,+110,,,+125,,,,,+118,,,,
2024-04-03,Austin Hays,/mlb/props/austin-hays/,KC at BAL,CWS,"LF,DH",1.5,-195,-170,-170,-170,-180,,,-175,+165,+170,,,-179,,,,,+145,-240,+129,+140,+135,,,+130,-240,-245,,,+129,,,,
2024-04-03,Ryan Mountcastle,/mlb/props/ryan-mountcastle/,KC at BAL,BAL,"1B,DH",1.5,+120,+140,+133,+140,+135,,,+135,+133,+135,,,+126,,,,,-160,-170,-180,-170,-180,,,-180,-190,-195,,,-174,,,,
2024-04-03,Adam Frazier,/mlb/props/adam-frazier/,KC at BAL,LAA,"2B,LF,RF",1.5,-135,-129,-129,-130,-135,,,-130,+235,+240,,,-129,,,,,+100,-360,-106,+100,+100,,,+100,-360,-375,,,-106,,,,
2024-04-03,Oliver Dunn,/mlb/props/oliver-dunn/,MIN at MIL,TB,3B,1.5,-140,-135,-135,-135,-140,,,-135,+185,+185,,,-139,,,,,+105,-275,+102,+105,+105,,,+105,-275,-275,,,+102,,,,
2024-04-03,Edouard Julien,/mlb/props/edouard-julien/,MIN at MIL,COL,"1B,2B,DH",1.5,-165,-165,-165,-165,-170,,,-175,+170,+170,,,-169,,,,,+125,-245,+123,+135,+130,,,+130,-245,-245,,,+123,,,,
2024-04-03,Jake Bauers,/mlb/props/jake-bauers/,MIN at MIL,MIL,"1B,LF,RF",1.5,-145,-140,-140,-140,-145,,,-140,+160,+160,,,-142,,,,,+110,-230,+104,+110,+110,,,+110,-230,-230,,,+104,,,,
2024-04-03,William Contreras,/mlb/props/william-contreras/,MIN at MIL,MIL,"C,DH",1.5,+120,+105,+104,+105,+105,,,+105,+102,+102,,,+104,,,,,-160,-135,-140,-135,-140,,,-135,-141,-141,,,-142,,,,
2024-04-03,Christian Yelich,/mlb/props/christian-yelich/,MIN at MIL,MIL,"LF,DH",1.5,+120,+110,+110,+110,+110,,,+110,+110,+110,,,+108,,,,,-160,-140,-145,-140,-145,,,-140,-152,-152,,,-148,,,,
2024-04-03,Ryan Jeffers,/mlb/props/ryan-jeffers/,MIN at MIL,MIN,"C,DH",0.5,-170,-170,-174,-170,-170,,,-175,,,,,-174,,,,,+125,+140,+130,+140,+130,,,+130,,,,,+126,,,,
2024-04-03,Jackson Chourio,/mlb/props/jackson-chourio/,MIN at MIL,MIL,"LF,CF,RF",1.5,+115,-160,+115,+115,+110,,,-160,+180,+180,,,+114,,,,,-155,-145,-145,-145,-150,,,+120,-265,-265,,,-157,,,,
2024-04-03,Alex Kirilloff,/mlb/props/alex-kirilloff/,MIN at MIL,FA,"1B,LF,RF",1.5,+110,+120,+105,+100,+105,,,+100,+120,+120,,,+102,,,,,-145,-130,-139,-130,-135,,,-130,-167,-167,,,-139,,,,
2024-04-03,Rhys Hoskins,/mlb/props/rhys-hoskins/,MIN at MIL,CLE,"1B,DH",1.5,+125,+116,+115,+115,+115,,,+110,+107,+107,,,+116,,,,,-165,-140,-150,-145,-150,,,-140,-150,-150,,,-160,,,,
2024-04-03,Gary Sanchez,/mlb/props/gary-sanchez/,MIN at MIL,MIL,"C,1B,DH",0.5,-160,-169,-170,-170,-170,,,-175,,,,,-169,,,,,+120,+140,+130,+140,+130,,,+130,,,,,+123,,,,
2024-04-03,Willy Adames,/mlb/props/willy-adames/,MIN at MIL,SF,SS,1.5,+125,+120,+115,+120,+115,,,+115,+112,+112,,,+118,,,,,-170,-150,-155,-150,-155,,,-150,-157,-157,,,-163,,,,
2024-04-03,Matt Wallner,/mlb/props/matt-wallner/,MIN at MIL,MIN,"LF,RF",1.5,-145,-135,-135,-140,-145,,,-135,+143,+143,,,-142,,,,,+110,-200,+104,+110,+110,,,+105,-200,-200,,,+104,,,,
2024-04-03,Carlos Correa,/mlb/props/carlos-correa/,MIN at MIL,HOU,"3B,SS",1.5,+125,+135,+130,+135,+130,,,+125,+125,+125,,,+126,,,,,-165,-165,-174,-165,-175,,,-165,-177,-177,,,-174,,,,
2024-04-03,Kyle Farmer,/mlb/props/kyle-farmer/,MIN at MIL,ATL,"1B,2B,3B,SS,DH",0.5,-175,-170,-175,-170,-175,,,-180,,,,,-174,,,,,+130,+140,+135,+140,+130,,,+135,,,,,+126,,,,
2024-04-03,Byron Buxton,/mlb/props/byron-buxton/,MIN at MIL,MIN,"CF,DH",1.5,+130,+125,+120,+125,+120,,,+120,+123,+123,,,+116,,,,,-175,-155,-160,-155,-160,,,-160,-175,-175,,,-160,,,,
2024-04-03,Joey Ortiz,/mlb/props/joey-ortiz/,MIN at MIL,MIL,"3B,SS",0.5,-145,-148,-150,-150,-155,,,-150,,,,,-148,,,,,+110,+120,+115,+120,+115,,,+115,,,,,+108,,,,
2024-04-03,Max Kepler,/mlb/props/max-kepler/,MIN at MIL,ARI,"LF,RF",1.5,+100,+112,-101,-110,-105,,,-105,+112,+112,,,-101,,,,,-135,-120,-135,-120,-125,,,-125,-155,-155,,,-135,,,,
2024-04-03,Brice Turang,/mlb/props/brice-turang/,MIN at MIL,MIL,2B,1.5,-150,-157,-157,-160,-165,,,-165,+200,+200,,,-157,,,,,+115,-305,+114,+130,+125,,,+125,-305,-305,,,+114,,,,
2024-04-03,Carlos Santana,/mlb/props/carlos-santana/,MIN at MIL,ATL,1B,1.5,+145,+140,+132,+140,+135,,,+130,+132,+132,,,+129,,,,,-190,-170,-179,-170,-180,,,-175,-186,-186,,,-179,,,,
2024-04-03,Sal Frelick,/mlb/props/sal-frelick/,MIN at MIL,MIL,"LF,CF,RF",1.5,+135,-199,+135,-210,+135,,,+160,+143,+143,,,-199,,,,,-185,-185,-185,+165,-185,,,-215,-200,-200,,,+143,,,,
2024-04-03,Willi Castro,/mlb/props/willi-castro/,MIN at MIL,COL,"1B,2B,3B,SS,LF,RF",1.5,-160,-160,+136,+150,-160,,,+140,+165,+165,,,+136,,,,,+120,-185,-185,-185,+120,,,-190,-245,-245,,,-189,,,,
2024-04-03,Bryan De La Cruz,/mlb/props/bryan-de-la-cruz/,LAA at MIA,PHI,LF,1.5,+140,+145,+135,+145,+135,,,+135,+143,+143,,,+129,,,,,-190,-179,-180,-180,-180,,,-180,-200,-200,,,-179,,,,
2024-04-03,Tim Anderson,/mlb/props/tim-anderson/,LAA at MIA,FA,"2B,SS",1.5,+150,+160,+145,+160,+150,,,+145,+143,+143,,,+139,,,,,-200,-194,-200,-200,-200,,,-200,-200,-200,,,-194,,,,
2024-04-03,Josh Bell,/mlb/props/josh-bell/,LAA at MIA,MIN,"1B,DH",1.5,+135,+145,+140,+145,+140,,,+140,+130,+130,,,+129,,,,,-180,-179,-182,-180,-190,,,-190,-182,-182,,,-179,,,,
2024-04-03,Luis Arraez,/mlb/props/luis-arraez/,LAA at MIA,SF,"1B,2B,DH",1.5,+115,+120,+115,+110,+115,,,+110,+120,+120,,,+108,,,,,-150,-140,-150,-140,-150,,,-140,-175,-175,,,-148,,,,
2024-04-03,Logan O'Hoppe,/mlb/props/logan-ohoppe/,LAA at MIA,LAA,C,0.5,-180,-179,-180,-180,-180,,,-180,,,,,-179,,,,,+135,+145,+135,+145,+135,,,+135,,,,,+129,,,,
2024-04-03,Nolan Schanuel,/mlb/props/nolan-schanuel/,LAA at MIA,LAA,1B,1.5,-155,-155,-155,-155,-160,,,-160,+205,+205,,,-160,,,,,+115,-315,+116,+125,+120,,,+120,-315,-315,,,+116,,,,
2024-04-03,Taylor Ward,/mlb/props/taylor-ward/,LAA at MIA,BAL,LF,1.5,+145,+145,+138,+145,+140,,,+135,+138,+138,,,+129,,,,,-195,-179,-180,-180,-190,,,-180,-195,-195,,,-179,,,,
2024-04-03,Christian Bethancourt,/mlb/props/christian-bethancourt/,LAA at MIA,CHC,C,0.5,-145,-135,-140,-140,-145,,,-135,,,,,-145,,,,,+110,+110,+106,+110,+110,,,+105,,,,,+106,,,,
2024-04-03,Brandon Drury,/mlb/props/brandon-drury/,LAA at MIA,KC,"1B,2B,3B",1.5,+140,+135,+130,+135,+130,,,+130,+132,+132,,,+126,,,,,-190,-165,-175,-165,-175,,,-175,-186,-186,,,-174,,,,
2024-04-03,Mike Trout,/mlb/props/mike-trout/,LAA at MIA,LAA,"CF,RF,DH",1.5,+135,+140,+129,+140,+120,,,+120,+135,+135,,,+129,,,,,-185,-160,-170,-170,-160,,,-165,-195,-195,,,-179,,,,
2024-04-03,Jake Burger,/mlb/props/jake-burger-3b/,LAA at MIA,TEX,1B,1.5,+110,+120,+115,+120,+115,,,+115,+108,+108,,,+106,,,,,-145,-145,-150,-150,-155,,,-150,-150,-150,,,-145,,,,
2024-04-03,Nick Fortes,/mlb/props/nick-fortes/,LAA at MIA,TB,C,0.5,-155,-150,-154,-150,-155,,,-150,,,,,-154,,,,,+115,+120,+115,+120,+115,,,+115,,,,,+112,,,,
2024-04-03,Avisail Garcia,/mlb/props/avisail-garcia/,LAA at MIA,FA,"LF,RF",1.5,-165,-150,-150,-150,-155,,,-150,+175,+175,,,-157,,,,,+120,-250,+114,+120,+115,,,+115,-250,-250,,,+114,,,,
2024-04-03,Zach Neto,/mlb/props/zach-neto/,LAA at MIA,LAA,SS,0.5,-140,-142,-145,-145,-145,,,-150,,,,,-142,,,,,+105,+115,+110,+115,+110,,,+115,,,,,+104,,,,
2024-04-03,Aaron Hicks,/mlb/props/aaron-hicks/,LAA at MIA,FA,"LF,CF,RF",1.5,-180,-179,-179,-180,-180,,,-180,+150,+150,,,-179,,,,,+135,-220,+129,+145,+135,,,+135,-220,-220,,,+129,,,,
2024-04-03,Jo Adell,/mlb/props/jo-adell/,LAA at MIA,LAA,"LF,CF,RF",0.5,-130,-125,-127,-125,-130,,,-130,,,,,-127,,,,,+100,+100,-105,-105,+100,,,+100,,,,,-108,,,,
2024-04-03,Jazz Chisholm Jr.,/mlb/props/jasrado-chisholm/,LAA at MIA,NYY,"2B,3B",1.5,-165,-165,-165,-165,-165,,,-165,+140,+140,,,-166,,,,,+125,-200,+120,+135,+125,,,+125,-200,-200,,,+120,,,,
2024-04-03,Anthony Rendon,/mlb/props/anthony-rendon/,LAA at MIA,LAA,3B,1.5,+125,+128,+123,+125,+120,,,+120,+128,+128,,,+123,,,,,-170,-155,-160,-155,-160,,,-160,-180,-180,,,-169,,,,
2024-04-03,Luis Rengifo,/mlb/props/luis-rengifo/,LAA at MIA,SD,"2B,3B,OF",1.5,+115,+115,+114,+115,+115,,,+110,,,,,+114,,,,,-150,-140,-150,-145,-150,,,-140,,,,,-157,,,,
2024-04-03,Jonah Bride,/mlb/props/jonah-bride/,LAA at MIA,TEX,"1B,3B",0.5,-135,-125,-125,-125,-125,,,-125,,,,,-131,,,,,+100,-104,-105,-105,-105,,,-105,,,,,-104,,,,
2024-04-03,Vidal Brujan,/mlb/props/vidal-brujan-2b/,LAA at MIA,NYM,"3B,SS,OF",0.5,-145,-140,-145,-145,-145,,,-140,,,,,-145,,,,,+110,+115,+110,+115,+110,,,+110,,,,,+106,,,,
2024-04-03,Matt Thaiss,/mlb/props/matt-thaiss/,LAA at MIA,BOS,C,0.5,-110,-115,-115,-115,-115,,,-120,,,,,-115,,,,,-120,-110,-115,-115,-115,,,-110,,,,,-119,,,,
2024-04-03,Miguel Sano,/mlb/props/miguel-sano/,LAA at MIA,FA,"1B,3B",0.5,-145,-140,-142,-145,-145,,,-140,,,,,-142,,,,,+110,+115,+110,+115,+110,,,+110,,,,,+104,,,,
2024-04-03,Jonah Heim,/mlb/props/jonah-heim/,TEX at TB,ATH,"C,DH",0.5,-185,-170,-180,-180,-170,,,-180,,,,,-184,,,,,+140,+145,+135,+145,+125,,,+135,,,,,+133,,,,
2024-04-03,Brandon Lowe,/mlb/props/brandon-lowe/,TEX at TB,PIT,2B,1.5,+130,+140,+130,+140,+130,,,+130,+125,+125,,,+126,,,,,-170,-170,-174,-170,-175,,,-175,-177,-177,,,-174,,,,
2024-04-03,Adolis Garcia,/mlb/props/jose-adolis-garcia/,TEX at TB,PHI,RF,1.5,-105,+104,-104,-110,-105,,,-105,+104,+104,,,-104,,,,,-125,-120,-131,-120,-125,,,-125,-148,-148,,,-131,,,,
2024-04-03,Evan Carter,/mlb/props/evan-carter/,TEX at TB,TEX,"LF,CF,RF",0.5,-170,-169,-170,-170,-170,,,-175,,,,,-169,,,,,+130,+140,+130,+140,+130,,,+130,,,,,+123,,,,
2024-04-03,Richie Palacios,/mlb/props/richie-palacios/,TEX at TB,TB,"2B,LF",1.5,-190,-190,-190,-190,-200,,,-200,+170,+170,,,-204,,,,,+140,-245,+145,+155,+150,,,+145,-245,-245,,,+146,,,,
2024-04-03,Isaac Paredes,/mlb/props/isaac-paredes/,TEX at TB,HOU,"1B,3B,DH",1.5,-175,-165,-165,-165,-180,,,-165,+132,+132,,,-179,,,,,+130,-186,+125,+135,+135,,,+125,-186,-186,,,+129,,,,
2024-04-03,Randy Arozarena,/mlb/props/randy-arozarena/,TEX at TB,SEA,"LF,CF",1.5,-195,-185,-185,-185,-195,,,-190,+132,+132,,,-199,,,,,+145,-186,+140,+150,+145,,,+140,-186,-186,,,+143,,,,
2024-04-03,Leody Taveras,/mlb/props/leody-taveras-of/,TEX at TB,BAL,"CF,RF",1.5,-175,-170,-170,-170,-180,,,-180,+195,+195,,,-184,,,,,+130,-295,+133,+140,+135,,,+135,-295,-295,,,+133,,,,
2024-04-03,Wyatt Langford,/mlb/props/wyatt-langford/,TEX at TB,TEX,"LF,CF",1.5,+130,+130,+125,+125,+120,,,+130,+128,+128,,,+116,,,,,-175,-155,-160,-155,-160,,,-185,-180,-180,,,-160,,,,
2024-04-03,Andrew Knizner,/mlb/props/andrew-knizner/,TEX at TB,BOS,C,0.5,-165,-165,-166,-165,-165,,,-175,,,,,-166,,,,,+125,+135,+125,+135,+125,,,+130,,,,,+120,,,,
2024-04-03,Jose Caballero,/mlb/props/jose-caballero/,TEX at TB,NYY,"2B,3B,SS,LF,RF",1.5,-125,-120,-120,-120,-130,,,-125,+200,+200,,,-127,,,,,-105,-295,-110,-110,-105,,,-105,-295,-295,,,-108,,,,
2024-04-03,Yandy Diaz,/mlb/props/yandy-diaz/,TEX at TB,TB,"1B,DH",1.5,+110,+115,+110,+115,+110,,,+110,+114,+114,,,+106,,,,,-145,-140,-145,-145,-145,,,-140,-159,-159,,,-145,,,,
2024-04-03,Josh Smith,/mlb/props/josh-smith-ss/,TEX at TB,TEX,"1B,2B,3B,SS,LF,RF",0.5,-130,-145,-150,-145,-150,,,-150,,,,,-151,,,,,-105,+115,+115,+115,+115,,,+115,,,,,+110,,,,
2024-04-03,Corey Seager,/mlb/props/corey-seager/,TEX at TB,TEX,SS,1.5,-120,-114,-119,-120,-120,,,-125,-114,-114,,,-119,,,,,-110,-105,-110,-110,-110,,,-105,-122,-122,,,-115,,,,
2024-04-03,Marcus Semien,/mlb/props/marcus-semien/,TEX at TB,NYM,2B,1.5,+100,+120,+100,-110,+100,,,-105,+120,+120,,,-108,,,,,-130,-120,-130,-120,-130,,,-125,-167,-167,,,-127,,,,
2024-04-03,Ben Rortvedt,/mlb/props/benjamin-rortvedt/,TEX at TB,NYM,C,1.5,-130,-130,-130,-130,-135,,,-135,+225,+225,,,-131,,,,,-105,-345,-104,+100,+105,,,+105,-345,-345,,,-104,,,,
2024-04-03,Jose Siri,/mlb/props/jose-siri/,TEX at TB,LAA,"LF,CF",1.5,-150,-120,-120,-120,-130,,,-125,+180,+180,,,-131,,,,,+115,-265,-110,-110,-105,,,-105,-265,-265,,,-104,,,,
2024-04-03,Harold Ramirez,/mlb/props/harold-ramirez-of/,TEX at TB,FA,"LF,RF,DH",1.5,+120,+140,+130,+140,+130,,,+130,+133,+133,,,+120,,,,,-160,-166,-175,-170,-175,,,-175,-190,-190,,,-166,,,,
2024-04-03,Jared Walsh,/mlb/props/jared-walsh/,TEX at TB,FA,"1B,RF",1.5,-105,-115,-115,-115,-115,,,-115,+210,+210,,,-117,,,,,-125,-315,-117,-115,-115,,,-115,-315,-315,,,-117,,,,
2024-04-03,Ezequiel Duran,/mlb/props/ezequiel-duran/,TEX at TB,TEX,"1B,2B,3B,SS,LF,RF",0.5,-170,-160,-165,-160,-170,,,-165,,,,,-169,,,,,+125,+130,+125,+130,+125,,,+125,,,,,+123,,,,
2024-04-03,Ceddanne Rafaela,/mlb/props/ceddanne-rafaela/,BOS at ATH,BOS,"2B,CF",1.5,+150,+150,+140,+150,+140,,,,,,,,+136,,,,,-205,-185,-189,-185,-190,,,,,,,,-189,,,,
2024-04-03,JJ Bleday,/mlb/props/jj-bleday/,BOS at ATH,CIN,"LF,CF,RF,DH",1.5,-135,-130,-130,-130,-135,,,-130,+175,+175,,,-142,,,,,+105,-250,+100,+100,+100,,,+100,-250,-250,,,+104,,,,
2024-04-03,J.D. Davis,/mlb/props/jd-davis/,BOS at ATH,FA,"1B,3B",1.5,-150,-150,-150,-150,-160,,,-150,+180,+180,,,-160,,,,,+115,-265,+115,+120,+120,,,+115,-265,-265,,,+116,,,,
2024-04-03,Masataka Yoshida,/mlb/props/masataka-yoshida/,BOS at ATH,BOS,"LF,DH",1.5,+150,+160,+150,+160,+155,,,+150,+138,+138,,,+143,,,,,-200,-195,-200,-200,-210,,,-210,-195,-195,,,-199,,,,
2024-04-03,Rafael Devers,/mlb/props/rafael-devers/,BOS at ATH,SF,"1B,DH",1.5,-110,+100,-111,-105,-105,,,+100,-127,-127,,,-111,,,,,-120,-109,-123,-125,-130,,,-130,-109,-109,,,-123,,,,
2024-04-03,Tyler O'Neill,/mlb/props/tyler-oneill/,BOS at ATH,BAL,"LF,RF",1.5,+125,+130,+126,+130,+125,,,+125,+123,+123,,,+126,,,,,-170,-160,-170,-160,-170,,,-165,-175,-175,,,-174,,,,
2024-04-03,Jarren Duran,/mlb/props/jarren-duran/,BOS at ATH,BOS,"LF,CF,DH",1.5,-110,+100,-101,+100,+100,,,+100,-110,-110,,,-101,,,,,-120,-127,-130,-130,-135,,,-130,-127,-127,,,-135,,,,
2024-04-03,Tyler Nevin,/mlb/props/tyler-nevin/,BOS at ATH,FA,"1B,3B,LF,RF",0.5,-120,-115,-120,-115,-120,,,-120,,,,,-121,,,,,-110,-110,-113,-115,-110,,,-110,,,,,-113,,,,
2024-04-03,Reese McGuire,/mlb/props/reese-mcguire/,BOS at ATH,FA,C,0.5,-155,-150,-160,-150,-155,,,-160,,,,,-169,,,,,+115,+123,+120,+120,+120,,,+120,,,,,+123,,,,
2024-04-03,Triston Casas,/mlb/props/triston-casas/,BOS at ATH,BOS,1B,1.5,-165,-155,-155,-155,-160,,,-160,+140,+140,,,-163,,,,,+125,-200,+118,+125,+120,,,+120,-200,-200,,,+118,,,,
2024-04-03,Nick Allen,/mlb/props/nick-allen-ss/,BOS at ATH,HOU,"2B,3B,SS",0.5,-125,-119,-120,-120,-125,,,-125,,,,,-119,,,,,-105,-105,-110,-110,-105,,,-105,,,,,-115,,,,
2024-04-03,Seth Brown,/mlb/props/seth-brown/,BOS at ATH,FA,"1B,LF,CF,RF",1.5,-155,-130,-130,-130,-135,,,-130,+160,+160,,,-135,,,,,+115,-230,-101,+100,+100,,,+100,-230,-230,,,-101,,,,
2024-04-03,Brent Rooker,/mlb/props/brent-rooker/,BOS at ATH,ATH,"LF,RF,DH",1.5,-105,-105,-105,-110,-110,,,-105,+200,+200,,,-111,,,,,-130,-295,-125,-120,-120,,,-125,-295,-295,,,-123,,,,
2024-04-03,Kyle McCann,/mlb/props/kyle-mccann/,BOS at ATH,COL,C,0.5,-115,-105,-109,-110,-105,,,-105,,,,,-109,,,,,-115,-120,-125,-120,-125,,,-125,,,,,-125,,,,
2024-04-03,Trevor Story,/mlb/props/trevor-story/,BOS at ATH,BOS,SS,1.5,+125,+130,+125,+130,+125,,,+125,+123,+123,,,+123,,,,,-170,-160,-169,-160,-170,,,-165,-175,-175,,,-169,,,,
2024-04-03,Ryan Noda,/mlb/props/ryan-noda/,BOS at ATH,BAL,1B,1.5,-115,-110,-110,-115,-110,,,-110,+200,+200,,,-111,,,,,-115,-295,-123,-115,-120,,,-120,-295,-295,,,-123,,,,
2024-04-03,Zack Gelof,/mlb/props/zack-gelof/,BOS at ATH,ATH,"2B,3B,CF",1.5,-160,-150,-150,-150,-160,,,-150,+170,+170,,,-157,,,,,+120,-245,+114,+120,+120,,,+115,-245,-245,,,+114,,,,
2024-04-03,Enmanuel Valdez,/mlb/props/enmanuel-valdez/,BOS at ATH,PIT,1B,1.5,-155,-145,-145,-145,-155,,,-150,+170,+170,,,-154,,,,,+115,-245,+112,+115,+115,,,+115,-245,-245,,,+112,,,,
2024-04-03,Lawrence Butler,/mlb/props/lawrence-butler/,BOS at ATH,ATH,"CF,RF",1.5,-105,-105,-105,-110,-105,,,-105,+230,+230,,,-113,,,,,-125,-345,-125,-120,-125,,,-125,-345,-345,,,-121,,,,
2024-04-03,Wilyer Abreu,/mlb/props/wilyer-abreu/,BOS at ATH,BOS,"LF,CF,RF",0.5,-135,-120,-125,-120,-125,,,-125,,,,,-135,,,,,+100,-101,-105,-110,-105,,,-105,,,,,-101,,,,
2024-04-03,Lourdes Gurriel Jr.,/mlb/props/lourdes-gurriel-jr/,NYY at ARI,ARI,"LF,DH",1.5,-120,+102,-110,-115,-110,,,-115,+102,+102,,,-115,,,,,-110,-115,-120,-115,-120,,,-115,-141,-141,,,-119,,,,
2024-04-03,Gleyber Torres,/mlb/props/gleyber-torres/,NYY at ARI,DET,2B,1.5,+100,+100,-103,-105,+100,,,+100,-103,-103,,,-109,,,,,-130,-125,-130,-125,-130,,,-130,-137,-137,,,-125,,,,
2024-04-03,Ketel Marte,/mlb/props/ketel-marte/,NYY at ARI,ARI,"2B,DH",1.5,-140,-120,-130,-130,-135,,,-130,-120,-120,,,-131,,,,,+105,+100,-104,+100,+100,,,+100,-117,-117,,,-104,,,,
2024-04-03,Alex Verdugo,/mlb/props/alex-verdugo/,NYY at ARI,FA,"LF,RF",1.5,+130,+155,+140,+145,+140,,,+135,+155,+155,,,+133,,,,,-175,-180,-185,-180,-185,,,-180,-225,-225,,,-184,,,,
2024-04-03,Oswaldo Cabrera,/mlb/props/oswaldo-cabrera/,NYY at ARI,NYY,3B,0.5,-160,-185,-189,-185,-190,,,-190,,,,,-189,,,,,+120,+150,+140,+150,+140,,,+140,,,,,+136,,,,
2024-04-03,Giancarlo Stanton,/mlb/props/giancarlo-stanton/,NYY at ARI,NYY,"LF,RF,DH",1.5,-170,-170,-170,-170,-170,,,-175,+138,+138,,,-179,,,,,+130,-195,+129,+140,+130,,,+130,-195,-195,,,+129,,,,
2024-04-03,Austin Wells,/mlb/props/austin-wells/,NYY at ARI,NYY,C,0.5,-190,-185,-189,-185,-190,,,,,,,,-189,,,,,+140,+150,+140,+150,+140,,,,,,,,+136,,,,
2024-04-03,Anthony Rizzo,/mlb/props/anthony-rizzo/,NYY at ARI,FA,1B,1.5,-185,-180,-180,-180,-185,,,-180,+145,+145,,,-184,,,,,+140,-210,+133,+145,+140,,,+135,-210,-210,,,+133,,,,
2024-04-03,Anthony Volpe,/mlb/props/anthony-volpe/,NYY at ARI,NYY,SS,1.5,+145,+140,+135,+140,+135,,,+130,,,,,+129,,,,,-190,-170,-175,-170,-180,,,-175,,,,,-179,,,,
2024-04-03,Corbin Carroll,/mlb/props/corbin-carroll-of/,NYY at ARI,ARI,"CF,RF",1.5,+135,+150,+140,+150,+145,,,+140,+140,+140,,,+129,,,,,-180,-179,-190,-185,-195,,,-190,-200,-200,,,-179,,,,
2024-04-03,Eugenio Suarez,/mlb/props/eugenio-suarez/,NYY at ARI,CIN,"3B,DH",1.5,-160,-140,-140,-145,-155,,,-140,+175,+175,,,-145,,,,,+120,-250,+106,+115,+115,,,+110,-250,-250,,,+106,,,,
2024-04-03,Tucker Barnhart,/mlb/props/tucker-barnhart/,NYY at ARI,FA,C,0.5,-105,+100,-105,-105,-105,,,+100,,,,,-106,,,,,-125,-125,-129,-125,-130,,,-130,,,,,-129,,,,
2024-04-03,Trent Grisham,/mlb/props/trent-grisham/,NYY at ARI,NYY,CF,0.5,-115,-115,-115,-115,-115,,,-115,,,,,-119,,,,,-115,-115,-115,-115,-115,,,-115,,,,,-115,,,,
2024-04-03,Geraldo Perdomo,/mlb/props/geraldo-perdomo/,NYY at ARI,ARI,SS,0.5,-150,-140,-142,-140,-150,,,-140,,,,,-142,,,,,+115,+115,+110,+110,+115,,,+110,,,,,+104,,,,
2024-04-03,Christian Walker,/mlb/props/christian-walker/,NYY at ARI,HOU,1B,1.5,+110,+118,+115,+115,+115,,,+110,+118,+118,,,+112,,,,,-145,-140,-154,-145,-155,,,-140,-165,-165,,,-154,,,,
2024-04-03,Jorge Barrosa,/mlb/props/jorge-barrosa/,NYY at ARI,ARI,"LF,CF,RF",0.5,+135,-180,-180,-180,+135,,,,,,,,-184,,,,,-185,-185,+133,+145,-185,,,,,,,,+133,,,,
2024-04-03,Blaze Alexander,/mlb/props/blaze-alexander/,NYY at ARI,BAL,"2B,3B,SS,LF,CF",0.5,-180,-169,-170,-170,-175,,,,,,,,-169,,,,,+135,+140,+130,+140,+130,,,,,,,,+123,,,,
2024-04-03,Aaron Judge,/mlb/props/aaron-judge/,NYY at ARI,NYY,"LF,CF,RF,DH",1.5,-110,-110,-113,-115,-110,,,-115,-114,-114,,,-113,,,,,-120,-115,-120,-115,-120,,,-115,-122,-122,,,-121,,,,
2024-04-03,Juan Soto,/mlb/props/juan-soto/,NYY at ARI,NYM,"LF,RF,DH",1.5,+120,+125,+123,+125,+125,,,+120,+123,+123,,,+118,,,,,-160,-155,-163,-155,-165,,,-160,-175,-175,,,-163,,,,
2024-04-03,Jonathan India,/mlb/props/jonathan-india/,CIN at PHI,KC,"2B,3B,LF,DH",1.5,-150,-140,-140,-145,-150,,,-140,+185,+185,,,-148,,,,,+110,-275,+108,+115,+115,,,+110,-275,-275,,,+108,,,,
2024-04-03,Bryson Stott,/mlb/props/bryson-stott-ss/,CIN at PHI,PHI,"2B,SS",1.5,-210,-190,-190,-190,-205,,,-200,+170,+170,,,-204,,,,,+155,-245,+145,+155,+150,,,+145,-245,-245,,,+146,,,,
2024-04-03,Trea Turner,/mlb/props/trea-turner/,CIN at PHI,PHI,SS,1.5,-105,-104,-105,-105,-105,,,-105,-107,-107,,,-104,,,,,-125,-125,-125,-125,-125,,,-125,-132,-132,,,-131,,,,
2024-04-03,Alec Bohm,/mlb/props/alec-bohm/,CIN at PHI,PHI,"1B,3B",1.5,+135,+148,+135,+140,+135,,,+130,+148,+148,,,+129,,,,,-180,-170,-180,-170,-180,,,-175,-215,-215,,,-179,,,,
2024-04-03,Bryce Harper,/mlb/props/bryce-harper/,CIN at PHI,PHI,"1B,DH",1.5,+130,+140,+130,+140,+130,,,+130,+123,+123,,,+126,,,,,-175,-170,-174,-170,-170,,,-175,-175,-175,,,-174,,,,
2024-04-03,Jeimer Candelario,/mlb/props/jeimer-candelario/,CIN at PHI,LAA,"1B,3B",1.5,-165,-160,-160,-160,-170,,,-165,+160,+160,,,-163,,,,,+125,-230,+118,+130,+125,,,+125,-230,-230,,,+118,,,,
2024-04-03,Jake Fraley,/mlb/props/jake-fraley/,CIN at PHI,TB,"LF,RF",1.5,-145,-135,-135,-140,-145,,,-135,+190,+190,,,-148,,,,,+110,-278,+105,+110,+110,,,+105,-278,-278,,,+108,,,,
2024-04-03,J.T. Realmuto,/mlb/props/jt-realmuto/,CIN at PHI,PHI,C,1.5,+120,+123,+120,+120,+115,,,+115,+123,+123,,,+120,,,,,-160,-150,-155,-150,-155,,,-150,-175,-175,,,-166,,,,
2024-04-03,Christian Encarnacion-Strand,/mlb/props/christian-encarnacion-strand/,CIN at PHI,BAL,"1B,3B",1.5,-130,-120,-120,-120,-130,,,-125,+185,+185,,,-127,,,,,-105,-275,-110,-110,+100,,,-105,-275,-275,,,-108,,,,
2024-04-03,Tyler Stephenson,/mlb/props/tyler-stephenson/,CIN at PHI,CIN,C,0.5,-105,+100,-105,-105,-105,,,+100,,,,,,,,,,-130,-125,-130,-125,-130,,,-130,,,,,,,,,
2024-04-03,Elly De La Cruz,/mlb/props/elly-de-la-cruz/,CIN at PHI,CIN,SS,1.5,-135,-130,-130,-130,-140,,,-135,+185,+185,,,-142,,,,,+105,-275,+100,+100,+105,,,+105,-275,-275,,,+104,,,,
2024-04-03,Luke Maile,/mlb/props/luke-maile/,CIN at PHI,KC,C,0.5,+115,+115,+112,+115,+110,,,+115,,,,,+112,,,,,-150,-145,-150,-145,-150,,,-150,,,,,-154,,,,
2024-04-03,Johan Rojas,/mlb/props/johan-rojas/,CIN at PHI,PHI,CF,0.5,-150,-145,-150,-145,-155,,,-150,,,,,-148,,,,,+115,+115,+115,+115,+115,,,+115,,,,,+108,,,,
2024-04-03,Spencer Steer,/mlb/props/spencer-steer/,CIN at PHI,CIN,"1B,2B,LF,RF",1.5,-120,-115,-115,-115,-120,,,-120,+210,+210,,,-125,,,,,-110,-315,-115,-115,-110,,,-110,-315,-315,,,-109,,,,
2024-04-03,Nick Martini,/mlb/props/nick-martini/,CIN at PHI,FA,"LF,RF,DH",0.5,-130,-115,-120,-115,-120,,,-120,,,,,-129,,,,,-105,-106,-110,-115,-110,,,-110,,,,,-106,,,,
2024-04-03,Brandon Marsh,/mlb/props/brandon-marsh/,CIN at PHI,PHI,"LF,CF,RF",0.5,-130,-129,-130,-130,-135,,,-130,,,,,-129,,,,,-105,+100,+100,+100,+100,,,+100,,,,,-106,,,,
2024-04-03,Will Benson,/mlb/props/will-benson/,CIN at PHI,CIN,"LF,CF,RF",0.5,-140,-130,-140,-130,-140,,,-130,,,,,-142,,,,,+105,+105,+104,+100,+105,,,+100,,,,,+104,,,,
2024-04-03,Kyle Schwarber,/mlb/props/kyle-schwarber/,CIN at PHI,PHI,"LF,DH",1.5,-155,-150,-150,-150,-155,,,-150,+132,+132,,,-154,,,,,+115,-186,+112,+120,+120,,,+115,-186,-186,,,+112,,,,
2024-04-03,Nick Castellanos,/mlb/props/nick-castellanos/,CIN at PHI,FA,"RF,DH",1.5,-175,-163,-163,-185,-185,,,-190,+155,+155,,,-163,,,,,+130,-225,+118,+150,+140,,,+140,-225,-225,,,+118,,,,
2024-04-03,Whit Merrifield,/mlb/props/whit-merrifield/,CIN at PHI,FA,"2B,3B,LF",0.5,-200,-190,-200,-190,-200,,,-200,,,,,,,,,,+150,+155,+150,+155,+150,,,+145,,,,,,,,,
2024-04-03,Will Brennan,/mlb/props/will-brennan/,CLE at SEA,SF,"LF,CF,RF",1.5,+145,+150,+140,+150,+140,,,+140,+143,+143,,,+133,,,,,-195,-184,-190,-185,-190,,,-190,-200,-200,,,-184,,,,
2024-04-03,Mitch Garver,/mlb/props/mitch-garver/,CLE at SEA,SEA,"C,DH",1.5,-180,-165,-165,-165,-170,,,-165,+135,+135,,,-179,,,,,+135,-195,+125,+135,+125,,,+125,-195,-195,,,+129,,,,
2024-04-03,Mitch Haniger,/mlb/props/mitch-haniger/,CLE at SEA,FA,RF,1.5,+140,+145,+140,+145,+140,,,+135,,,,,+133,,,,,-185,-180,-184,-180,-185,,,-180,,,,,-184,,,,
2024-04-03,Estevan Florial,/mlb/props/estevan-florial/,CLE at SEA,FA,"LF,CF,RF",0.5,-110,-105,-110,-110,-110,,,-105,,,,,-115,,,,,-125,-119,-120,-120,-125,,,-125,,,,,-119,,,,
2024-04-03,Andres Gimenez,/mlb/props/andres-giminez/,CLE at SEA,TOR,"2B,SS",1.5,-195,-190,-190,-190,-190,,,-190,+148,+148,,,-194,,,,,+145,-215,+139,+155,+140,,,+140,-215,-215,,,+139,,,,
2024-04-03,Dylan Moore,/mlb/props/dylan-moore/,CLE at SEA,PHI,"1B,2B,3B,LF,RF",1.5,-125,-115,-115,-115,-125,,,-120,+170,+170,,,-125,,,,,-105,-245,-115,-115,-105,,,-110,-245,-245,,,-109,,,,
2024-04-03,Jorge Polanco,/mlb/props/jorge-polanco/,CLE at SEA,NYM,"2B,3B,DH",1.5,+135,+150,+140,+150,+145,,,+140,+128,+128,,,+133,,,,,-180,-182,-185,-185,-195,,,-190,-182,-182,,,-184,,,,
2024-04-03,Gabriel Arias,/mlb/props/gabriel-arias-ss/,CLE at SEA,CLE,"2B,3B,SS",0.5,-155,-150,-154,-150,-155,,,-150,,,,,-154,,,,,+115,+120,+115,+120,+115,,,+115,,,,,+112,,,,
2024-04-03,Bo Naylor,/mlb/props/bo-naylor/,CLE at SEA,CLE,C,1.5,-130,-125,-125,-125,-135,,,-130,+210,+210,,,-129,,,,,-105,-315,-106,-105,+100,,,+100,-315,-315,,,-106,,,,
2024-04-03,Ramon Laureano,/mlb/props/ramon-laureano/,CLE at SEA,SD,"LF,CF,RF",0.5,-135,-125,-127,-125,-130,,,-130,,,,,-127,,,,,+100,+100,-105,-105,+100,,,+100,,,,,-108,,,,
2024-04-03,Steven Kwan,/mlb/props/steven-kwan/,CLE at SEA,CLE,"LF,CF",1.5,+130,+140,+135,+140,+135,,,+130,,,,,+129,,,,,-175,-170,-175,-170,-180,,,-175,,,,,-179,,,,
2024-04-03,Josh Naylor,/mlb/props/josh-naylor/,CLE at SEA,SEA,"1B,DH",1.5,+130,+138,+130,+135,+130,,,+125,+138,+138,,,+123,,,,,-170,-165,-170,-165,-170,,,-165,-195,-195,,,-169,,,,
2024-04-03,J.P. Crawford,/mlb/props/jp-crawford/,CLE at SEA,SEA,"3B,SS",1.5,+145,+155,+145,+155,+145,,,+145,+140,+140,,,+139,,,,,-195,-190,-195,-190,-195,,,-200,-200,-200,,,-194,,,,
2024-04-03,Seby Zavala,/mlb/props/bernardo-zavala/,CLE at SEA,FA,C,0.5,-105,+100,-105,-105,+100,,,+100,,,,,-111,,,,,-125,-123,-125,-125,-130,,,-130,,,,,-123,,,,
2024-04-03,Ty France,/mlb/props/tyler-france/,CLE at SEA,SD,1B,1.5,-200,-185,-185,-185,-200,,,-190,+148,+148,,,-199,,,,,+145,-210,+140,+150,+145,,,+140,-210,-210,,,+143,,,,
2024-04-03,Jose Ramirez,/mlb/props/jose-ramirez/,CLE at SEA,CLE,"3B,DH",1.5,+125,+135,+130,+135,+125,,,+130,+135,+135,,,+120,,,,,-165,-165,-175,-165,-170,,,-175,-190,-190,,,-166,,,,
2024-04-03,Luis Urias,/mlb/props/luis-urias/,CLE at SEA,TOR,"2B,3B",0.5,-125,-120,-125,-120,-125,,,-125,,,,,-129,,,,,-105,-105,-106,-110,-105,,,-105,,,,,-106,,,,
2024-04-03,Tyler Freeman,/mlb/props/tyler-freeman-ss/,CLE at SEA,COL,"2B,RF,DH",1.5,-180,-170,-170,-170,-180,,,-180,+195,+195,,,-179,,,,,+135,-286,+129,+140,+135,,,+135,-286,-286,,,+129,,,,
2024-04-03,Brayan Rocchio,/mlb/props/brayan-rocchio/,CLE at SEA,CLE,"2B,SS",1.5,-140,-135,-135,-135,-145,,,-135,+225,+225,,,-142,,,,,+105,-345,+104,+105,+110,,,+105,-345,-345,,,+104,,,,
2024-04-03,Julio Rodriguez,/mlb/props/julio-rodriguez-of/,CLE at SEA,SEA,CF,1.5,+105,+115,+110,+115,+110,,,+110,+106,+106,,,+106,,,,,-140,-140,-145,-145,-145,,,-140,-148,-148,,,-145,,,,
2024-04-03,Nolan Gorman,/mlb/props/nolan-gorman/,STL at SD,STL,"2B,3B,DH",1.5,-130,-130,-130,-130,-135,,,-130,+155,+155,,,-135,,,,,+100,-225,-101,+100,+100,,,+100,-225,-225,,,-101,,,,
2024-04-03,Nolan Arenado,/mlb/props/nolan-arenado/,STL at SD,ARI,3B,1.5,-180,-190,-190,-190,-195,,,-200,+148,+148,,,-194,,,,,+135,-210,+139,+155,+145,,,+145,-210,-210,,,+139,,,,
2024-04-03,Jurickson Profar,/mlb/props/jurickson-profar/,STL at SD,ATL,LF,1.5,+150,+160,+150,+160,+150,,,+145,+155,+155,,,+143,,,,,-205,-199,-205,-200,-205,,,-200,-225,-225,,,-199,,,,
2024-04-03,Fernando Tatis Jr.,/mlb/props/fernando-tatis-jr/,STL at SD,SD,"2B,RF",1.5,-105,-105,-110,-115,-105,,,-110,-114,-114,,,-109,,,,,-125,-115,-121,-115,-125,,,-120,-121,-121,,,-125,,,,
2024-04-03,Brendan Donovan,/mlb/props/brendan-donovan/,STL at SD,SEA,"2B,3B,SS,LF",1.5,+145,+150,+140,+150,+145,,,+140,+135,+135,,,+139,,,,,-195,-185,-190,-185,-195,,,-190,-195,-195,,,-194,,,,
2024-04-03,Jose Azocar,/mlb/props/jose-azocar/,STL at SD,ATL,"LF,CF,RF",0.5,-200,-210,+152,+165,-210,,,-215,,,,,+152,,,,,+150,-210,+155,-210,+155,,,+160,,,,,-214,,,,
2024-04-03,Xander Bogaerts,/mlb/props/xander-bogaerts/,STL at SD,SD,SS,1.5,+120,+120,+116,+120,+120,,,+115,+116,+116,,,+116,,,,,-160,-150,-160,-150,-160,,,-150,-162,-162,,,-160,,,,
2024-04-03,Willson Contreras,/mlb/props/willson-contreras/,STL at SD,BOS,1B,1.5,+150,+140,+135,+140,+135,,,+135,+132,+132,,,+129,,,,,-200,-170,-179,-170,-180,,,-180,-186,-186,,,-179,,,,
2024-04-03,Ha-Seong Kim,/mlb/props/ha-seong-kim/,STL at SD,ATL,"2B,SS",1.5,+145,+155,+145,+155,+145,,,+145,+143,+143,,,+139,,,,,-195,-190,-195,-190,-195,,,-200,-205,-205,,,-194,,,,
2024-04-03,Matt Carpenter,/mlb/props/matt-carpenter/,STL at SD,FA,"1B,DH",0.5,-110,-115,-119,-115,-115,,,-120,,,,,-119,,,,,-125,-110,-115,-115,-115,,,-110,,,,,-115,,,,
2024-04-03,Victor Scott,/mlb/props/victor-scott/,STL at SD,STL,CF,1.5,-135,-130,-130,-130,-135,,,-130,+195,+195,,,-135,,,,,+100,-286,-101,+100,+100,,,+100,-286,-286,,,-101,,,,
2024-04-03,Eguy Rosario,/mlb/props/eguy-rosario/,STL at SD,FA,3B,1.5,-175,-170,-170,-170,-180,,,-180,+160,+160,,,-174,,,,,+130,-235,+126,+140,+135,,,+135,-235,-235,,,+126,,,,
2024-04-03,Brandon Crawford,/mlb/props/brandon-crawford/,STL at SD,FA,"3B,SS",0.5,-135,-130,-135,-130,-135,,,-135,,,,,-137,,,,,+100,+105,+100,+100,+100,,,+105,,,,,+100,,,,
2024-04-03,Ivan Herrera,/mlb/props/ivan-herrera/,STL at SD,STL,"C,DH",0.5,-160,-155,-160,-155,-160,,,-160,,,,,-163,,,,,+120,+125,+120,+125,+120,,,+120,,,,,+118,,,,
2024-04-03,Kyle Higashioka,/mlb/props/kyle-higashioka/,STL at SD,TEX,"C,DH",0.5,-150,-150,-151,-150,-155,,,-150,,,,,-151,,,,,+110,+120,+115,+120,+115,,,+115,,,,,+110,,,,
2024-04-03,Manny Machado,/mlb/props/manny-machado/,STL at SD,SD,"3B,DH",1.5,+120,+130,+125,+130,+125,,,+125,+115,+115,,,+118,,,,,-160,-160,-163,-160,-170,,,-165,-162,-162,,,-163,,,,
2024-04-03,Paul Goldschmidt,/mlb/props/paul-goldschmidt/,STL at SD,NYY,"1B,DH",1.5,+150,+145,+140,+145,+140,,,+135,+140,+140,,,+129,,,,,-200,-179,-185,-180,-185,,,-180,-200,-200,,,-179,,,,
2024-04-03,Masyn Winn,/mlb/props/masyn-winn-p/,STL at SD,STL,SS,0.5,-125,-129,-130,-130,-135,,,-135,,,,,-129,,,,,-105,+105,+100,+100,+100,,,+105,,,,,-106,,,,
2024-04-03,Jake Cronenworth,/mlb/props/jacob-cronenworth/,STL at SD,SD,"1B,2B,SS",1.5,+155,+165,+160,+165,+160,,,+160,+143,+143,,,+146,,,,,-205,-200,-210,-210,-215,,,-215,-200,-200,,,-204,,,,
2024-04-03,Jordan Walker,/mlb/props/jordan-walker/,STL at SD,STL,"LF,RF",1.5,-190,-199,-199,-200,-200,,,-200,+155,+155,,,-199,,,,,+145,-225,+143,+160,+145,,,+145,-225,-225,,,+143,,,,
2024-04-03,Jared Triolo,/mlb/props/jared-triolo/,PIT at WSH,PIT,"1B,2B,3B,SS",0.5,-200,-194,-200,-200,-200,,,-210,,,,,-194,,,,,+150,+160,+150,+160,+150,,,+150,,,,,+139,,,,
2024-04-03,Lane Thomas,/mlb/props/lane-thomas/,PIT at WSH,KC,"LF,CF,RF",1.5,+135,+145,+135,+145,+135,,,+135,+120,+120,,,+129,,,,,-165,-167,-179,-180,-180,,,-180,-167,-167,,,-179,,,,
2024-04-03,Victor Robles,/mlb/props/victor-robles/,PIT at WSH,SEA,"LF,CF,RF",0.5,-165,-160,-165,-160,-165,,,-160,,,,,-174,,,,,+125,+130,+125,+130,+125,,,+120,,,,,+126,,,,
2024-04-03,Andrew McCutchen,/mlb/props/andrew-mccutchen/,PIT at WSH,FA,"LF,RF,DH",1.5,+125,+130,+125,+130,+125,,,+125,+130,+130,,,+123,,,,,-165,-160,-169,-160,-165,,,-165,-182,-182,,,-169,,,,
2024-04-03,Keibert Ruiz,/mlb/props/keibert-ruiz/,PIT at WSH,WSH,C,1.5,-170,-189,-189,-190,-200,,,-190,+150,+150,,,-189,,,,,+140,-220,+136,+155,+150,,,+140,-220,-220,,,+136,,,,
2024-04-03,Joey Gallo,/mlb/props/joey-gallo/,PIT at WSH,FA,"1B,LF,CF,RF",1.5,-110,-110,-110,-110,-110,,,-110,+140,+140,,,-111,,,,,-120,-200,-123,-120,-120,,,-120,-200,-200,,,-123,,,,
2024-04-03,Bryan Reynolds,/mlb/props/bryan-reynolds/,PIT at WSH,PIT,"LF,CF,RF,DH",1.5,+110,+110,+105,+105,+110,,,+105,+110,+110,,,+104,,,,,-145,-135,-142,-135,-145,,,-135,-155,-155,,,-142,,,,
2024-04-03,Joey Meneses,/mlb/props/joey-meneses/,PIT at WSH,ATH,1B,1.5,+145,+140,+133,+140,+130,,,+135,+128,+128,,,+133,,,,,-180,-170,-180,-170,-175,,,-180,-180,-180,,,-184,,,,
2024-04-03,Trey Lipscomb,/mlb/props/trey-lipscomb/,PIT at WSH,WSH,3B,0.5,-170,-180,-189,-180,-190,,,-180,,,,,-189,,,,,+125,+145,+140,+145,+140,,,+135,,,,,+136,,,,
2024-04-03,Michael A. Taylor,/mlb/props/michael-taylor/,PIT at WSH,FA,"LF,CF,RF",0.5,-155,-135,-145,-135,-145,,,-135,,,,,-145,,,,,+115,+110,+106,+105,+110,,,+105,,,,,+106,,,,
2024-04-03,Henry Davis,/mlb/props/henry-davis/,PIT at WSH,PIT,C,1.5,+130,+140,+130,+140,+130,,,+130,+140,+140,,,+123,,,,,-170,-169,-175,-170,-170,,,-175,-200,-200,,,-169,,,,
2024-04-03,Ke'Bryan Hayes,/mlb/props/kebryan-hayes/,PIT at WSH,CIN,3B,1.5,-105,+100,+100,+100,+100,,,+100,+100,+100,,,-106,,,,,-125,-129,-130,-130,-130,,,-130,-139,-139,,,-129,,,,
2024-04-03,Rowdy Tellez,/mlb/props/rowdy-tellez/,PIT at WSH,ATL,1B,1.5,-160,-157,-157,-160,-160,,,-165,+160,+160,,,-157,,,,,+120,-230,+114,+130,+120,,,+125,-230,-230,,,+114,,,,
2024-04-03,Eddie Rosario,/mlb/props/eddie-rosario/,PIT at WSH,FA,"LF,CF,RF,DH",1.5,-130,-140,-140,-140,-150,,,-140,+160,+160,,,-145,,,,,+100,-230,+106,+110,+110,,,+110,-230,-230,,,+106,,,,
2024-04-03,CJ Abrams,/mlb/props/cj-abrams/,PIT at WSH,WSH,SS,1.5,+145,+145,+135,+145,+140,,,+135,+118,+118,,,+133,,,,,-180,-165,-180,-180,-190,,,-180,-165,-165,,,-184,,,,
2024-04-03,Luis Garcia,/mlb/props/luis-garcia-2b/,PIT at WSH,WSH,"1B,2B,DH",0.5,-180,-180,-189,-180,-190,,,-180,,,,,-189,,,,,+145,+145,+140,+145,+140,,,+135,,,,,+136,,,,
2024-04-03,Jack Suwinski,/mlb/props/jack-suwinski/,PIT at WSH,LAD,"LF,CF,RF",1.5,+115,+116,+114,+115,+115,,,+110,+116,+116,,,+114,,,,,-155,-140,-155,-145,-155,,,-140,-162,-162,,,-157,,,,
2024-04-03,Jesse Winker,/mlb/props/jesse-winker/,PIT at WSH,FA,"LF,RF,DH",1.5,-130,-130,-130,-130,-140,,,-135,+175,+175,,,-139,,,,,+100,-250,+100,+100,+105,,,+105,-250,-250,,,+102,,,,
2024-04-03,Oneil Cruz,/mlb/props/oneil-cruz-3b/,PIT at WSH,PIT,"CF,DH",1.5,+100,+100,-105,-105,-105,,,+100,-109,-109,,,-106,,,,,-130,-125,-129,-125,-130,,,-130,-129,-129,,,-129,,,,
2024-04-03,Brenton Doyle,/mlb/props/brenton-doyle/,COL at CHC,COL,CF,1.5,-120,-115,-115,-115,-120,,,-120,+275,+275,,,-121,,,,,-110,-435,-115,-115,-110,,,-110,-435,-435,,,-113,,,,
2024-04-03,Cody Bellinger,/mlb/props/cody-bellinger/,COL at CHC,NYY,"LF,CF,RF",1.5,+145,+135,+128,+135,+125,,,+130,+128,+128,,,+120,,,,,-200,-165,-170,-165,-170,,,-175,-182,-182,,,-166,,,,
2024-04-03,Miguel Amaya,/mlb/props/miguel-amaya-c/,COL at CHC,CHC,"C,DH",0.5,-130,-115,-120,-115,-120,,,-120,,,,,-123,,,,,+100,-110,-111,-115,-110,,,-110,,,,,-111,,,,
2024-04-03,Brendan Rodgers,/mlb/props/brendan-rodgers/,COL at CHC,BOS,2B,1.5,-215,-210,-210,-210,-215,,,+160,+170,+170,,,-214,,,,,+160,-215,+152,+165,+160,,,-215,-250,-250,,,+152,,,,
2024-04-03,Kris Bryant,/mlb/props/kris-bryant/,COL at CHC,COL,DH,1.5,-150,-125,-125,-125,-130,,,-130,+235,+235,,,-135,,,,,+115,-360,-105,-105,+100,,,+100,-360,-360,,,-101,,,,
2024-04-03,Ezequiel Tovar,/mlb/props/ezequiel-tovar/,COL at CHC,COL,SS,1.5,-175,-180,-180,-180,-185,,,-180,+210,+210,,,-189,,,,,+130,-315,+135,+145,+135,,,+135,-315,-315,,,+136,,,,
2024-04-03,Michael Toglia,/mlb/props/mike-toglia/,COL at CHC,CIN,1B,0.5,-125,-115,-115,-115,-115,,,-115,,,,,-117,,,,,-110,-115,-115,-115,-115,,,-115,,,,,-117,,,,
2024-04-03,Charlie Blackmon,/mlb/props/charlie-blackmon/,COL at CHC,FA,"RF,DH",1.5,+155,-200,+150,-200,+150,,,+150,+175,+175,,,-204,,,,,-210,-205,-205,+160,-205,,,-210,-250,-250,,,+146,,,,
2024-04-03,Christopher Morel,/mlb/props/christopher-morel/,COL at CHC,MIA,"1B,LF,DH",1.5,+150,+148,+140,+145,+140,,,+140,+148,+148,,,+133,,,,,-200,-180,-190,-180,-190,,,-190,-210,-210,,,-184,,,,
2024-04-03,Elias Diaz,/mlb/props/elias-diaz/,COL at CHC,TEX,C,1.5,-170,-140,-140,-145,-145,,,-140,+210,+205,,,-145,,,,,+130,-305,+106,+115,+110,,,+110,-315,-305,,,+106,,,,
2024-04-03,Nolan Jones,/mlb/props/nolan-jones-3b/,COL at CHC,CWS,"LF,CF,RF",1.5,-170,-120,-120,-125,-120,,,-125,+220,+220,,,-133,,,,,+125,-335,-110,-105,-110,,,-105,-335,-335,,,-103,,,,
2024-04-03,Yan Gomes,/mlb/props/yan-gomes/,COL at CHC,FA,C,0.5,-175,-169,-175,-170,-180,,,-175,,,,,-169,,,,,+130,+140,+130,+140,+135,,,+130,,,,,+123,,,,
2024-04-03,Ian Happ,/mlb/props/ian-happ/,COL at CHC,CHC,LF,1.5,+155,+155,+145,+155,+145,,,+145,+143,+143,,,+139,,,,,-210,-190,-195,-190,-195,,,-200,-200,-200,,,-194,,,,
2024-04-03,Seiya Suzuki,/mlb/props/seiya-suzuki/,COL at CHC,CHC,"LF,RF,DH",1.5,+115,+123,+115,+120,+115,,,+115,+123,+123,,,+112,,,,,-150,-150,-155,-150,-155,,,-150,-175,-175,,,-154,,,,
2024-04-03,Dansby Swanson,/mlb/props/dansby-swanson/,COL at CHC,CHC,SS,1.5,+140,+150,+145,+150,+145,,,+140,+145,+145,,,+136,,,,,-190,-185,-190,-185,-190,,,-190,-210,-210,,,-189,,,,
2024-04-03,Alan Trejo,/mlb/props/alan-trejo/,COL at CHC,FA,"2B,SS",0.5,-120,-115,-120,-115,-120,,,-115,,,,,-123,,,,,-110,-110,-111,-115,-110,,,-115,,,,,-111,,,,
2024-04-03,Jacob Stallings,/mlb/props/jacob-stallings/,COL at CHC,FA,C,0.5,+110,+110,+110,+110,+110,,,+110,,,,,+106,,,,,-145,-140,-145,-140,-145,,,-140,,,,,-145,,,,
2024-04-03,Mike Tauchman,/mlb/props/mike-tauchman/,COL at CHC,NYM,"LF,CF,RF",0.5,-140,-140,-145,-140,-145,,,-140,,,,,-154,,,,,+105,+112,+110,+110,+110,,,+110,,,,,+112,,,,
2024-04-03,Ryan McMahon,/mlb/props/ryan-mcmahon/,COL at CHC,NYY,3B,1.5,-145,-140,-140,-140,-150,,,-140,+190,+190,,,-142,,,,,+110,-278,+104,+110,+110,,,+110,-278,-278,,,+104,,,,
2024-04-03,Michael Busch,/mlb/props/michael-busch-2b/,COL at CHC,CHC,1B,0.5,-170,-170,-174,-170,-175,,,-175,,,,,-174,,,,,+125,+140,+130,+140,+130,,,+130,,,,,+126,,,,
2024-04-03,Nico Hoerner,/mlb/props/nico-hoerner/,COL at CHC,CHC,"2B,SS",1.5,+150,+160,+152,+160,+155,,,+150,+140,+140,,,+152,,,,,-200,-200,-210,-200,-210,,,-210,-200,-200,,,-214,,,,
2024-04-03,Chas McCormick,/mlb/props/chas-mccormick/,TOR at HOU,CHC,"LF,CF,RF",1.5,-195,-170,-170,-170,-180,,,-180,+135,+135,,,-179,,,,,+145,-195,+129,+140,+135,,,+135,-195,-195,,,+129,,,,
2024-04-03,Jeremy Pena,/mlb/props/jeremy-pena/,TOR at HOU,HOU,SS,1.5,+160,+160,+150,+160,+155,,,+150,,,,,+139,,,,,-215,-194,-200,-200,-210,,,-210,,,,,-194,,,,
2024-04-03,Cavan Biggio,/mlb/props/cavan-biggio/,TOR at HOU,HOU,"1B,2B,RF",0.5,+105,+102,+100,-105,+100,,,+100,,,,,+102,,,,,-140,-125,-130,-125,-130,,,-130,,,,,-139,,,,
2024-04-03,Vladimir Guerrero Jr.,/mlb/props/vladimir-guerrero-jr/,TOR at HOU,TOR,"1B,DH",1.5,+105,+112,+105,+105,+100,,,+105,+112,+112,,,-103,,,,,-140,-133,-135,-135,-135,,,-135,-157,-157,,,-133,,,,
2024-04-03,Daulton Varsho,/mlb/props/daulton-varsho/,TOR at HOU,TOR,"LF,CF",1.5,-150,-140,-140,-140,-145,,,-140,+160,+160,,,-148,,,,,+115,-230,+108,+110,+110,,,+110,-230,-230,,,+108,,,,
2024-04-03,Justin Turner,/mlb/props/justin-turner/,TOR at HOU,FA,"1B,3B",1.5,-185,-170,-170,-170,-175,,,-175,+155,+155,,,-174,,,,,+135,-225,+126,+140,+130,,,+130,-225,-225,,,+126,,,,
2024-04-03,Jose Abreu,/mlb/props/jose-dariel-abreu/,TOR at HOU,FA,1B,1.5,+145,+145,+135,+135,+125,,,+125,+145,+145,,,+123,,,,,-190,-165,-170,-165,-170,,,-165,-205,-205,,,-169,,,,
2024-04-03,Jake Meyers,/mlb/props/jacob-meyers/,TOR at HOU,HOU,CF,0.5,-145,-165,-169,-165,-175,,,-175,,,,,-169,,,,,+110,+135,+130,+135,+130,,,+130,,,,,+123,,,,
2024-04-03,Jon Singleton,/mlb/props/jonathan-singleton/,TOR at HOU,FA,"1B,DH",0.5,-170,-150,-155,-150,-155,,,-150,,,,,-157,,,,,+125,+120,+115,+120,+115,,,+115,,,,,+114,,,,
2024-04-03,Alex Bregman,/mlb/props/alex-bregman/,TOR at HOU,CHC,"3B,DH",1.5,+140,+140,+135,+140,+135,,,+135,+128,+128,,,+129,,,,,-185,-170,-179,-170,-180,,,-180,-180,-180,,,-179,,,,
2024-04-03,Yordan Alvarez,/mlb/props/yordan-alvarez/,TOR at HOU,HOU,"LF,DH",1.5,+100,-105,-110,-105,-115,,,-120,-110,-110,,,-108,,,,,-135,-110,-125,-125,-115,,,-110,-127,-127,,,-127,,,,
2024-04-03,Mauricio Dubon,/mlb/props/mauricio-dubon/,TOR at HOU,ATL,"2B,3B,SS,LF,CF",1.5,+130,+160,+146,+160,+155,,,+135,,,,,+146,,,,,-175,-190,-200,-200,-210,,,-190,,,,,-204,,,,
2024-04-03,Yainer Diaz,/mlb/props/yainer-diaz-c/,TOR at HOU,HOU,"C,DH",1.5,+110,+110,+106,+110,+110,,,+110,-106,-106,,,+106,,,,,-145,-132,-140,-140,-145,,,-140,-132,-132,,,-145,,,,
2024-04-03,Bo Bichette,/mlb/props/bo-bichette/,TOR at HOU,NYM,"3B,SS",1.5,+110,+110,+110,+110,+110,,,+110,+110,+110,,,+102,,,,,-145,-139,-140,-140,-150,,,-140,-155,-155,,,-139,,,,
2024-04-03,Isiah Kiner-Falefa,/mlb/props/isiah-kiner-falefa/,TOR at HOU,BOS,"2B,3B,SS",0.5,-165,-155,-160,-155,-160,,,-160,,,,,-160,,,,,+125,+125,+120,+125,+120,,,+120,,,,,+116,,,,
2024-04-03,Kevin Kiermaier,/mlb/props/kevin-kiermaier/,TOR at HOU,FA,CF,1.5,-155,-150,-150,-150,-155,,,-150,+195,+195,,,-154,,,,,+115,-286,+112,+120,+115,,,+115,-286,-286,,,+112,,,,
2024-04-03,George Springer,/mlb/props/george-springer/,TOR at HOU,TOR,"LF,CF,RF,DH",1.5,+110,+120,+115,+120,+115,,,+115,+114,+114,,,+112,,,,,-145,-150,-154,-150,-155,,,-150,-159,-159,,,-154,,,,
2024-04-03,Jose Altuve,/mlb/props/jose-altuve/,TOR at HOU,HOU,"2B,LF,DH",1.5,+115,+115,+110,+115,+115,,,+110,-113,-113,,,+110,,,,,-150,-124,-140,-145,-150,,,-140,-124,-124,,,-151,,,,
2024-04-03,Alejandro Kirk,/mlb/props/alejandro-kirk/,TOR at HOU,TOR,C,1.5,+145,+150,+145,+150,+145,,,+140,+148,+148,,,+133,,,,,-195,-184,-190,-185,-195,,,-190,-210,-210,,,-184,,,,
2024-04-03,Kyle Tucker,/mlb/props/kyle-tucker/,TOR at HOU,LAD,"RF,DH",1.5,+120,+120,+114,+120,+115,,,+115,-103,-103,,,+114,,,,,-160,-137,-150,-150,-155,,,-150,-137,-137,,,-157,,,,
2024-04-03,Will Smith,/mlb/props/will-smith-c/,SF at LAD,LAD,C,1.5,+130,+135,+130,+135,+130,,,+125,+132,+132,,,+129,,,,,-175,-165,-175,-165,-175,,,-165,-186,-186,,,-179,,,,
2024-04-03,Miguel Rojas,/mlb/props/miguel-rojas/,SF at LAD,LAD,"2B,3B,SS",0.5,-175,-170,-179,-170,-180,,,-180,,,,,-179,,,,,+130,+140,+135,+140,+135,,,+135,,,,,+129,,,,
2024-04-03,Shohei Ohtani,/mlb/props/shohei-ohtani/,SF at LAD,LAD,"SP,DH",1.5,+100,-103,-115,-125,-115,,,-125,-108,-108,,,-103,,,,,-130,-105,-110,-105,-110,,,-105,-130,-130,,,-133,,,,
2024-04-03,Mookie Betts,/mlb/props/mookie-betts/,SF at LAD,LAD,SS,1.5,-105,-108,-115,-125,-115,,,-115,-115,-115,,,-108,,,,,-125,-105,-115,-105,-115,,,-120,-121,-121,,,-127,,,,
2024-04-03,Teoscar Hernandez,/mlb/props/teoscar-hernandez/,SF at LAD,LAD,"LF,RF",1.5,-175,-165,-165,-165,-175,,,-175,+125,+125,,,-174,,,,,+130,-177,+126,+135,+130,,,+130,-177,-177,,,+126,,,,
2024-04-03,Nick Ahmed,/mlb/props/nick-ahmed/,SF at LAD,FA,SS,0.5,+110,+110,+106,+105,+110,,,+105,,,,,+106,,,,,-145,-135,-145,-135,-145,,,-135,,,,,-145,,,,
2024-04-03,Mike Yastrzemski,/mlb/props/michael-yastrzemski/,SF at LAD,ATL,"LF,CF,RF",1.5,-115,-105,-105,-110,-110,,,-105,+190,+190,,,-113,,,,,-115,-278,-125,-120,-125,,,-125,-278,-278,,,-121,,,,
2024-04-03,Patrick Bailey,/mlb/props/patrick-bailey/,SF at LAD,CLE,C,0.5,-110,-105,-109,-110,-105,,,-105,,,,,-109,,,,,-125,-120,-125,-120,-125,,,-125,,,,,-125,,,,
2024-04-03,Enrique Hernandez,/mlb/props/enrique-hernandez/,SF at LAD,LAD,"1B,2B,3B,LF",0.5,-155,-170,-175,-170,-180,,,-175,,,,,-179,,,,,+120,+140,+135,+140,+135,,,+130,,,,,+129,,,,
2024-04-03,Freddie Freeman,/mlb/props/freddie-freeman/,SF at LAD,LAD,1B,1.5,-105,-109,-110,-110,-120,,,-120,-109,-109,,,-109,,,,,-130,-110,-120,-120,-110,,,-110,-129,-129,,,-125,,,,
2024-04-03,Max Muncy,/mlb/props/max-muncy/,SF at LAD,LAD,3B,1.5,-155,-155,-155,-155,-160,,,-160,+128,+128,,,-163,,,,,+120,-182,+118,+125,+120,,,+120,-182,-182,,,+118,,,,
2024-04-03,Thairo Estrada,/mlb/props/thairo-estrada/,SF at LAD,FA,2B,1.5,-155,-155,-155,-155,-155,,,-160,+195,+195,,,-160,,,,,+115,-295,+115,+125,+115,,,+120,-295,-295,,,+116,,,,
2024-04-03,Michael Conforto,/mlb/props/michael-conforto/,SF at LAD,CHC,"LF,RF,DH",1.5,-125,-130,-130,-130,-135,,,-135,+200,+200,,,-135,,,,,-110,-305,-101,+100,+105,,,+105,-305,-305,,,-101,,,,
2024-04-03,Chris Taylor,/mlb/props/chris-taylor/,SF at LAD,FA,"2B,LF,CF,RF",1.5,+100,+105,+105,+100,+105,,,+100,+230,+230,,,+104,,,,,-135,-345,-142,-130,-135,,,-130,-345,-345,,,-142,,,,
2024-04-03,LaMonte Wade Jr.,/mlb/props/lamonte-wade/,SF at LAD,HOU,"1B,RF",1.5,-125,-125,-125,-125,-130,,,-130,+190,+190,,,-125,,,,,-105,-278,-109,-105,+100,,,+100,-278,-278,,,-109,,,,
2024-04-03,Jorge Soler,/mlb/props/jorge-soler/,SF at LAD,LAA,"RF,DH",1.5,-135,-130,-130,-130,-130,,,-130,+170,+170,,,-137,,,,,+100,-245,+100,+100,+100,,,+100,-245,-245,,,+100,,,,
2024-04-03,Jung Hoo Lee,/mlb/props/jung-lee/,SF at LAD,SF,"CF,RF",1.5,-195,-180,-180,-180,-185,,,-180,+148,+148,,,-194,,,,,+145,-210,+135,+145,+140,,,+135,-210,-210,,,+139,,,,
2024-04-03,Matt Chapman,/mlb/props/matt-chapman/,SF at LAD,SF,3B,1.5,-125,-115,-115,-115,-115,,,-120,+195,+195,,,-119,,,,,-105,-286,-115,-115,-115,,,-110,-286,-286,,,-115,,,,
2024-04-04,Harrison Bader,/mlb/props/harrison-bader/,DET at NYM,SF,"LF,CF,RF",0.5,-160,-130,-137,-130,-155,,,-150,,,,,-137,,,,,+120,+120,+115,+100,+120,,,+115,,,,,+100,,,,
2024-04-04,Colt Keith,/mlb/props/colt-keith/,DET at NYM,DET,"1B,2B,3B,DH",1.5,-210,-179,-179,-180,-205,,,-200,+180,+180,,,-179,,,,,+155,-265,+129,+145,+150,,,+145,-265,-265,,,+129,,,,
2024-04-04,Riley Greene,/mlb/props/riley-greene-of/,DET at NYM,DET,"LF,CF,RF,DH",1.5,+140,+150,+140,+150,+140,,,+140,+148,+148,,,+133,,,,,-185,-184,-190,-185,-185,,,-190,-220,-220,,,-184,,,,
2024-04-04,Matt Vierling,/mlb/props/matt-vierling/,DET at NYM,DET,"LF,CF,RF",1.5,+135,-190,+135,-190,+135,,,+135,+195,+195,,,-199,,,,,-180,-180,-180,+155,-180,,,-180,-286,-286,,,+143,,,,
2024-04-04,Brandon Nimmo,/mlb/props/brandon-nimmo/,DET at NYM,TEX,"LF,CF,RF,DH",1.5,+100,+125,+105,+110,+105,,,+105,+125,+125,,,0,,,,,-135,0,-177,-140,-135,,,-135,-177,-177,,,0,,,,
2024-04-04,DJ Stewart,/mlb/props/dj-stewart/,DET at NYM,PIT,"LF,RF",0.5,-150,-125,-135,-135,-125,,,-125,,,,,-135,,,,,+110,+105,-101,+105,-105,,,-105,,,,,-101,,,,
2024-04-04,Starling Marte,/mlb/props/starling-marte/,DET at NYM,KC,"LF,RF,DH",1.5,+130,-200,+130,-200,+130,,,+135,+148,+148,,,-214,,,,,-175,-175,-175,+160,-175,,,-180,-210,-210,,,+152,,,,
2024-04-04,Zach McKinstry,/mlb/props/zach-mckinstry/,DET at NYM,DET,"2B,3B,SS,LF,RF",0.5,-160,-140,-145,-145,-150,,,-140,,,,,-148,,,,,+120,+115,+110,+115,+115,,,+110,,,,,+108,,,,
2024-04-04,Mark Canha,/mlb/props/mark-canha/,DET at NYM,FA,"LF,RF",0.5,-180,-170,-175,-170,-175,,,-175,,,,,-184,,,,,+135,+140,+133,+140,+130,,,+130,,,,,+133,,,,
2024-04-04,Gio Urshela,/mlb/props/giovanny-urshela/,DET at NYM,FA,3B,1.5,+130,+165,+152,+165,+135,,,+135,,,,,+152,,,,,-175,-180,-210,-210,-180,,,-180,,,,,-214,,,,
2024-04-04,Kerry Carpenter,/mlb/props/kerry-carpenter/,DET at NYM,DET,"LF,RF,DH",1.5,+120,+140,+125,+125,+120,,,+120,+140,+140,,,+116,,,,,-160,-155,-160,-155,-160,,,-160,-200,-200,,,-160,,,,
2024-04-04,Jake Rogers,/mlb/props/jake-rogers/,DET at NYM,DET,C,0.5,-130,-105,-110,-110,-105,,,-105,,,,,-137,,,,,+100,+100,-120,-120,-125,,,-125,,,,,+100,,,,
2024-04-04,Francisco Lindor,/mlb/props/francisco-lindor/,DET at NYM,NYM,SS,1.5,-110,+110,+100,+100,-110,,,-105,+110,+110,,,-104,,,,,-120,-125,-131,-130,-125,,,-125,-152,-152,,,-131,,,,
2024-04-04,Parker Meadows,/mlb/props/parker-meadows/,DET at NYM,DET,CF,1.5,-195,-189,-189,-190,-195,,,+145,+163,+163,,,-189,,,,,+145,-200,+136,+155,+145,,,-200,-235,-235,,,+136,,,,
2024-04-04,Brett Baty,/mlb/props/brett-baty/,DET at NYM,NYM,"1B,2B,3B,RF",1.5,-175,-174,-174,-180,-205,,,-200,+170,+170,,,-174,,,,,+130,-245,+126,+145,+150,,,+145,-245,-245,,,+126,,,,
2024-04-04,Carson Kelly,/mlb/props/carson-kelly/,DET at NYM,CHC,C,1.5,-185,-140,-140,-140,-170,,,-175,+205,+205,,,-148,,,,,+140,-315,+108,+110,+125,,,+130,-315,-315,,,+108,,,,
2024-04-04,Javier Baez,/mlb/props/javier-baez/,DET at NYM,DET,"2B,3B,SS,CF",0.5,-155,-165,-170,-165,-170,,,-165,,,,,-174,,,,,+115,+135,+126,+135,+125,,,+125,,,,,+126,,,,
2024-04-04,Spencer Torkelson,/mlb/props/spencer-torkelson-if/,DET at NYM,DET,1B,1.5,+110,+180,+136,+150,+110,,,+110,+180,+180,,,+136,,,,,-145,-140,-185,-185,-145,,,-140,-265,-265,,,-189,,,,
2024-04-04,Pete Alonso,/mlb/props/peter-alonso/,DET at NYM,BAL,"1B,DH",1.5,+110,-185,+110,-185,+110,,,+115,+123,+123,,,-189,,,,,-145,-150,-150,+150,-150,,,-150,-175,-175,,,+136,,,,
2024-04-04,Jeff McNeil,/mlb/props/jeff-mcneil/,DET at NYM,ATH,"2B,LF,CF,RF",1.5,+125,+170,+146,+160,+140,,,+140,+170,+170,,,+146,,,,,-165,-190,-204,-200,-190,,,-190,-245,-245,,,-204,,,,
2024-04-04,Tyrone Taylor,/mlb/props/tyrone-taylor/,DET at NYM,NYM,"LF,CF,RF",0.5,-180,-150,-157,-150,-180,,,-180,,,,,-157,,,,,+135,+135,+120,+120,+135,,,+135,,,,,+114,,,,
2024-04-04,Francisco Alvarez,/mlb/props/francisco-alvarez/,DET at NYM,NYM,"C,DH",1.5,+140,-160,-160,-160,+140,,,-190,+148,+148,,,-166,,,,,-185,-190,+120,+130,-190,,,+140,-215,-215,,,+120,,,,
2024-04-04,Jared Triolo,/mlb/props/jared-triolo/,PIT at WSH,PIT,"1B,2B,3B,SS",0.5,-175,-169,-180,-180,-180,,,-180,,,,,-169,,,,,+130,+145,+135,+145,+135,,,+135,,,,,+123,,,,
2024-04-04,Trey Lipscomb,/mlb/props/trey-lipscomb/,PIT at WSH,WSH,3B,0.5,+140,-200,-200,-200,+150,,,-200,,,,,-204,,,,,-190,-205,+145,+160,-205,,,+145,,,,,+146,,,,
2024-04-04,Jack Suwinski,/mlb/props/jack-suwinski/,PIT at WSH,LAD,"LF,CF,RF",1.5,-165,-165,-165,-165,-170,,,-165,+133,+133,,,-169,,,,,+125,-190,+123,+135,+130,,,+125,-190,-190,,,+123,,,,
2024-04-04,Jesse Winker,/mlb/props/jesse-winker/,PIT at WSH,FA,"LF,RF,DH",1.5,-150,-135,-135,-135,-140,,,-135,+210,+210,,,-148,,,,,+110,-315,+105,+105,+105,,,+105,-315,-315,,,+108,,,,
2024-04-04,Rowdy Tellez,/mlb/props/rowdy-tellez/,PIT at WSH,ATL,1B,1.5,-145,-130,-130,-130,-135,,,-130,+185,+185,,,-133,,,,,+110,-275,-103,+100,+105,,,+100,-275,-275,,,-103,,,,
2024-04-04,Eddie Rosario,/mlb/props/eddie-rosario/,PIT at WSH,FA,"LF,CF,RF,DH",0.5,-135,-130,-135,-130,-135,,,-130,,,,,-137,,,,,+105,+105,+100,+100,+105,,,+100,,,,,+100,,,,
2024-04-04,Ke'Bryan Hayes,/mlb/props/kebryan-hayes/,PIT at WSH,CIN,3B,1.5,+110,+125,+115,+115,+115,,,+110,+125,+125,,,+110,,,,,-145,-140,-151,-145,-155,,,-140,-177,-177,,,-151,,,,
2024-04-04,Riley Adams,/mlb/props/riley-adams/,PIT at WSH,WSH,C,0.5,-180,-170,+123,+140,-170,,,-175,,,,,+123,,,,,+135,-169,-169,-170,+130,,,+130,,,,,-169,,,,
2024-04-04,Ildemaro Vargas,/mlb/props/ildemaro-vargas/,PIT at WSH,ARI,"1B,2B",1.5,+130,+160,+150,+160,+150,,,+150,+155,+155,,,+146,,,,,-175,-200,-210,-200,-205,,,-210,-225,-225,,,-204,,,,
2024-04-04,CJ Abrams,/mlb/props/cj-abrams/,PIT at WSH,WSH,SS,1.5,+150,+155,+143,+155,+150,,,+145,+125,+125,,,+143,,,,,-200,-180,-190,-190,-200,,,-200,-180,-180,,,-199,,,,
2024-04-04,Joey Meneses,/mlb/props/joey-meneses/,PIT at WSH,ATH,1B,1.5,+100,+118,+110,+110,+110,,,+110,+118,+118,,,+106,,,,,-130,-140,-145,-140,-145,,,-140,-167,-167,,,-145,,,,
2024-04-04,Lane Thomas,/mlb/props/lane-thomas/,PIT at WSH,KC,"LF,CF,RF",1.5,+100,+114,+105,+105,+100,,,+100,+114,+114,,,-101,,,,,-135,-130,-135,-135,-135,,,-130,-159,-159,,,-135,,,,
2024-04-04,Andrew McCutchen,/mlb/props/andrew-mccutchen/,PIT at WSH,FA,"LF,RF,DH",1.5,-185,-180,-180,-180,-185,,,-190,+140,+140,,,-184,,,,,+140,-200,+133,+145,+140,,,+140,-200,-200,,,+133,,,,
2024-04-04,Bryan Reynolds,/mlb/props/bryan-reynolds/,PIT at WSH,PIT,"LF,CF,RF,DH",1.5,+110,+130,+125,+130,+125,,,+125,+123,+123,,,+123,,,,,-150,-160,-169,-160,-170,,,-165,-175,-175,,,-169,,,,
2024-04-04,Keibert Ruiz,/mlb/props/keibert-ruiz/,PIT at WSH,WSH,C,1.5,+120,+140,+130,+140,+130,,,+130,+130,+130,,,+129,,,,,-160,-170,-175,-170,-175,,,-175,-182,-182,,,-179,,,,
2024-04-04,Oneil Cruz,/mlb/props/oneil-cruz-3b/,PIT at WSH,PIT,"CF,DH",1.5,+105,+114,+110,+110,+110,,,+110,+105,+105,,,+114,,,,,-140,-140,-148,-140,-145,,,-150,-148,-148,,,-157,,,,
2024-04-04,Henry Davis,/mlb/props/henry-davis/,PIT at WSH,PIT,C,1.5,-185,-184,-184,-185,-190,,,-190,+163,+163,,,-184,,,,,+140,-240,+133,+150,+140,,,+140,-240,-240,,,+133,,,,
2024-04-04,Michael A. Taylor,/mlb/props/michael-taylor/,PIT at WSH,FA,"LF,CF,RF",0.5,-120,-125,-127,-125,-130,,,-130,,,,,-127,,,,,-110,+100,-105,-105,-105,,,+100,,,,,-108,,,,
2024-04-04,Jacob Young,/mlb/props/jacob-young/,PIT at WSH,WSH,CF,0.5,-180,-180,-179,-170,-180,,,,,,,,-179,,,,,+135,+140,+135,+140,+135,,,,,,,,+129,,,,
2024-04-04,Joey Gallo,/mlb/props/joey-gallo/,PIT at WSH,FA,"1B,LF,CF,RF",0.5,-120,-120,-120,-115,-120,,,-120,,,,,-121,,,,,-110,-110,-113,-115,-110,,,-110,,,,,-113,,,,
2024-04-04,Steven Kwan,/mlb/props/steven-kwan/,CLE at MIN,CLE,"LF,CF",1.5,+130,+145,+135,+140,+135,,,+130,+145,+145,,,+123,,,,,-175,-169,-180,-170,-180,,,-175,-205,-205,,,-169,,,,
2024-04-04,Josh Naylor,/mlb/props/josh-naylor/,CLE at MIN,SEA,"1B,DH",1.5,+135,+148,+135,+140,+135,,,+130,+148,+148,,,+126,,,,,-180,-170,-185,-170,-185,,,-175,-220,-220,,,-174,,,,
2024-04-04,Andres Gimenez,/mlb/props/andres-giminez/,CLE at MIN,TOR,"2B,SS",1.5,-185,-200,+146,+160,-200,,,-210,+185,+185,,,+146,,,,,+135,-200,-200,-200,+150,,,+150,-275,-275,,,-204,,,,
2024-04-04,Willi Castro,/mlb/props/willi-castro/,CLE at MIN,COL,"1B,2B,3B,SS,LF,RF",0.5,-155,-140,-145,-145,-145,,,-140,,,,,-145,,,,,+115,+115,+110,+115,+110,,,+110,,,,,+106,,,,
2024-04-04,Matt Wallner,/mlb/props/matt-wallner/,CLE at MIN,MIN,"LF,RF",0.5,-140,-120,-125,-120,-125,,,-125,,,,,-125,,,,,+105,-105,-109,-110,-105,,,-105,,,,,-109,,,,
2024-04-04,Christian Vazquez,/mlb/props/christian-vazquez/,CLE at MIN,HOU,C,0.5,-135,-125,-130,-125,-125,,,-130,,,,,-135,,,,,+105,+100,-101,-105,-105,,,+100,,,,,-101,,,,
2024-04-04,Byron Buxton,/mlb/props/byron-buxton/,CLE at MIN,MIN,"CF,DH",1.5,-130,-129,-129,-130,-130,,,-130,+160,+160,,,-129,,,,,+100,-230,-106,+100,-105,,,+100,-230,-230,,,-106,,,,
2024-04-04,Ramon Laureano,/mlb/props/ramon-laureano/,CLE at MIN,SD,"LF,CF,RF",0.5,-105,+100,-104,-105,+100,,,+100,,,,,-104,,,,,-125,-125,-130,-125,-130,,,-130,,,,,-131,,,,
2024-04-04,Edouard Julien,/mlb/props/edouard-julien/,CLE at MIN,COL,"1B,2B,DH",1.5,-155,-135,-135,-140,-145,,,-135,+175,+175,,,-145,,,,,+115,-250,+105,+110,+110,,,+105,-250,-250,,,+106,,,,
2024-04-04,Jose Ramirez,/mlb/props/jose-ramirez/,CLE at MIN,CLE,"3B,DH",1.5,+130,+145,+135,+140,+135,,,+130,+145,+145,,,+126,,,,,-170,-170,-180,-170,-180,,,-175,-210,-210,,,-174,,,,
2024-04-04,Max Kepler,/mlb/props/max-kepler/,CLE at MIN,ARI,"LF,RF",1.5,+110,+125,+116,+115,+125,,,+115,+123,+123,,,+116,,,,,-145,-145,-160,-145,-165,,,-150,-175,-175,,,-160,,,,
2024-04-04,Carlos Correa,/mlb/props/carlos-correa/,CLE at MIN,HOU,"3B,SS",1.5,-165,-155,-155,-155,-155,,,-160,+160,+160,,,-160,,,,,+125,-230,+115,+125,+115,,,+120,-230,-230,,,+116,,,,
2024-04-04,Tyler Freeman,/mlb/props/tyler-freeman-ss/,CLE at MIN,COL,"2B,RF,DH",1.5,-170,-160,-160,-160,-160,,,-165,+205,+205,,,-166,,,,,+125,-315,+120,+130,+120,,,+125,-315,-315,,,+120,,,,
2024-04-04,Brayan Rocchio,/mlb/props/brayan-rocchio/,CLE at MIN,CLE,"2B,SS",0.5,-135,-130,-135,-130,-135,,,-135,,,,,-139,,,,,+105,+105,+102,+100,+100,,,+105,,,,,+102,,,,
2024-04-04,Alex Kirilloff,/mlb/props/alex-kirilloff/,CLE at MIN,FA,"1B,LF,RF",1.5,+115,+117,+115,+115,+115,,,+110,+117,+117,,,+108,,,,,-150,-140,-148,-145,-155,,,-140,-165,-165,,,-148,,,,
2024-04-04,Carlos Santana,/mlb/props/carlos-santana/,CLE at MIN,ATL,1B,1.5,-160,-154,-154,-155,-155,,,-160,+170,+170,,,-154,,,,,+120,-245,+112,+125,+115,,,+120,-245,-245,,,+112,,,,
2024-04-04,Will Brennan,/mlb/props/will-brennan/,CLE at MIN,SF,"LF,CF,RF",1.5,-210,-210,+150,+160,-210,,,+150,+180,+180,,,+152,,,,,+155,-200,-200,-200,+155,,,-210,-265,-265,,,-214,,,,
2024-04-04,Ryan Jeffers,/mlb/props/ryan-jeffers/,CLE at MIN,MIN,"C,DH",0.5,-115,-110,-115,-115,-115,,,-110,,,,,-117,,,,,-115,-115,-117,-115,-115,,,-120,,,,,-117,,,,
2024-04-04,Bo Naylor,/mlb/props/bo-naylor/,CLE at MIN,CLE,C,0.5,-115,-110,-111,-115,-110,,,-110,,,,,-111,,,,,-115,-115,-120,-115,-120,,,-120,,,,,-123,,,,
2024-04-04,Alec Burleson,/mlb/props/alec-burleson/,MIA at STL,STL,"1B,LF,RF,DH",0.5,-145,-139,-140,-140,-145,,,-140,,,,,-139,,,,,+110,+110,+110,+110,+110,,,+110,,,,,+102,,,,
2024-04-04,Luis Arraez,/mlb/props/luis-arraez/,MIA at STL,SF,"1B,2B,DH",1.5,-105,+100,+100,+100,+100,,,+100,-109,-109,,,-106,,,,,-130,-127,-130,-130,-135,,,-130,-127,-127,,,-129,,,,
2024-04-04,Tim Anderson,/mlb/props/tim-anderson/,MIA at STL,FA,"2B,SS",1.5,-190,-190,-190,-190,-195,,,-200,+165,+165,,,-194,,,,,+140,-240,+139,+155,+145,,,+145,-240,-240,,,+139,,,,
2024-04-04,Brendan Donovan,/mlb/props/brendan-donovan/,MIA at STL,SEA,"2B,3B,SS,LF",1.5,+155,+160,+150,+155,+150,,,+145,+160,+160,,,+146,,,,,-210,-190,-204,-190,-200,,,-200,-230,-230,,,-204,,,,
2024-04-04,Ivan Herrera,/mlb/props/ivan-herrera/,MIA at STL,STL,"C,DH",1.5,-140,-170,-170,-170,-180,,,-180,+170,+170,,,-174,,,,,+105,-245,+126,+140,+135,,,+135,-245,-245,,,+126,,,,
2024-04-04,Josh Bell,/mlb/props/josh-bell/,MIA at STL,MIN,"1B,DH",1.5,+130,+140,+130,+140,+130,,,+130,+132,+132,,,+123,,,,,-175,-169,-175,-170,-175,,,-175,-186,-186,,,-169,,,,
2024-04-04,Jordan Walker,/mlb/props/jordan-walker/,MIA at STL,STL,"LF,RF",1.5,-200,-190,-190,-190,-195,,,-200,+138,+138,,,-194,,,,,+145,-195,+139,+155,+145,,,+145,-195,-195,,,+139,,,,
2024-04-04,Jazz Chisholm Jr.,/mlb/props/jasrado-chisholm/,MIA at STL,NYY,"2B,3B",1.5,-170,-165,-165,-165,-170,,,-165,+140,+140,,,-174,,,,,+125,-200,+125,+135,+125,,,+125,-200,-200,,,+126,,,,
2024-04-04,Willson Contreras,/mlb/props/willson-contreras/,MIA at STL,BOS,1B,1.5,+135,-180,+123,+145,+135,,,-180,+123,+123,,,+133,,,,,-185,-175,-175,-180,-185,,,+135,-175,-175,,,-184,,,,
2024-04-04,Nolan Gorman,/mlb/props/nolan-gorman/,MIA at STL,STL,"2B,3B,DH",1.5,-130,-115,-115,-115,-120,,,-115,+175,+175,,,-121,,,,,-105,-250,-115,-115,-110,,,-115,-250,-250,,,-113,,,,
2024-04-04,Bryan De La Cruz,/mlb/props/bryan-de-la-cruz/,MIA at STL,PHI,LF,1.5,+140,+145,+140,+145,+140,,,+135,+140,+140,,,+129,,,,,-185,-179,-185,-180,-185,,,-180,-200,-200,,,-179,,,,
2024-04-04,Jake Burger,/mlb/props/jake-burger-3b/,MIA at STL,TEX,1B,1.5,+135,+140,+130,+140,+135,,,+130,+123,+123,,,+126,,,,,-185,-170,-175,-170,-180,,,-175,-175,-175,,,-174,,,,
2024-04-04,Michael Siani,/mlb/props/mike-siani/,MIA at STL,BAL,CF,0.5,-105,-105,-108,-110,-105,,,-105,,,,,-108,,,,,-125,-120,-125,-120,-125,,,-125,,,,,-127,,,,
2024-04-04,Jesus Sanchez,/mlb/props/jesus-sanchez/,MIA at STL,TOR,"LF,CF,RF,DH",1.5,-160,-150,-150,-150,-160,,,-160,+175,+175,,,-160,,,,,+120,-250,+116,+120,+120,,,+120,-250,-250,,,+116,,,,
2024-04-04,Nolan Arenado,/mlb/props/nolan-arenado/,MIA at STL,ARI,3B,1.5,+145,+150,+139,+150,+145,,,+140,+117,+117,,,+139,,,,,-195,-165,-185,-185,-195,,,-190,-165,-165,,,-194,,,,
2024-04-04,Christian Bethancourt,/mlb/props/christian-bethancourt/,MIA at STL,CHC,C,0.5,-115,-113,-115,-115,-115,,,-115,,,,,-113,,,,,-115,-115,-115,-115,-115,,,-115,,,,,-121,,,,
2024-04-04,Victor Scott,/mlb/props/victor-scott/,MIA at STL,STL,CF,0.5,-135,-170,-179,-170,-180,,,-180,,,,,-179,,,,,+100,+140,+135,+140,+135,,,+135,,,,,+129,,,,
2024-04-04,Masyn Winn,/mlb/props/masyn-winn-p/,MIA at STL,STL,SS,0.5,-125,-135,-139,-140,-140,,,-135,,,,,-139,,,,,-105,+110,+105,+110,+105,,,+105,,,,,+102,,,,
2024-04-04,Paul Goldschmidt,/mlb/props/paul-goldschmidt/,MIA at STL,NYY,"1B,DH",1.5,+130,+135,+130,+135,+130,,,+130,+123,+123,,,+120,,,,,-175,-165,-175,-165,-175,,,-175,-175,-175,,,-166,,,,
2024-04-04,Nick Gordon,/mlb/props/nick-gordon/,MIA at STL,FA,"2B,LF,CF",1.5,-170,-160,-160,-160,-170,,,-165,+170,+170,,,-174,,,,,+125,-245,+125,+130,+125,,,+125,-245,-245,,,+126,,,,
2024-04-04,Colt Keith,/mlb/props/colt-keith/,DET at NYM,DET,"1B,2B,3B,DH",0.5,-180,-179,-180,-190,-180,,,-180,,,,,-179,,,,,+135,+155,+135,+155,+135,,,+135,,,,,+129,,,,
2024-04-04,Pete Alonso,/mlb/props/peter-alonso/,DET at NYM,BAL,"1B,DH",1.5,+150,+145,+110,+145,+110,,,+110,+130,+130,,,+104,,,,,-185,-140,-145,-180,-145,,,-140,-182,-182,,,-142,,,,
2024-04-04,Zach McKinstry,/mlb/props/zach-mckinstry/,DET at NYM,DET,"2B,3B,SS,LF,RF",1.5,-150,-133,-133,-150,-150,,,-135,+210,+210,,,-133,,,,,+115,-335,-103,+120,+115,,,+105,-335,-335,,,-103,,,,
2024-04-04,Francisco Alvarez,/mlb/props/francisco-alvarez/,DET at NYM,NYM,"C,DH",1.5,-155,-155,-155,-155,-160,,,-160,+188,+188,,,-160,,,,,+125,-278,+116,+125,+120,,,+120,-278,-278,,,+116,,,,
2024-04-04,Starling Marte,/mlb/props/starling-marte/,DET at NYM,KC,"LF,RF,DH",1.5,+165,-210,+129,-210,+130,,,+130,+150,+150,,,+129,,,,,-210,-170,-170,+165,-170,,,-175,-215,-215,,,-179,,,,
2024-04-04,Parker Meadows,/mlb/props/parker-meadows/,DET at NYM,DET,CF,1.5,-180,-170,-170,+145,-170,,,-175,+160,+160,,,-174,,,,,+135,-180,+125,-180,+125,,,+130,-230,-230,,,+126,,,,
2024-04-04,Omar Narvaez,/mlb/props/omar-narvaez/,DET at NYM,FA,C,0.5,-160,-160,-160,,-165,,,-160,,,,,-160,,,,,+116,+125,+120,,+125,,,+120,,,,,+116,,,,
2024-04-04,Harrison Bader,/mlb/props/harrison-bader/,DET at NYM,SF,"LF,CF,RF",1.5,-130,-130,-130,-135,-145,,,-130,+230,+230,,,-133,,,,,+100,-360,-103,+105,+110,,,+100,-360,-360,,,-103,,,,
2024-04-04,Mark Canha,/mlb/props/mark-canha/,DET at NYM,FA,"LF,RF",0.5,-184,-180,-180,,-180,,,-180,,,,,-184,,,,,+133,+135,+135,,+135,,,+135,,,,,+133,,,,
2024-04-04,Matt Vierling,/mlb/props/matt-vierling/,DET at NYM,DET,"LF,CF,RF",1.5,-205,-199,-199,-200,-205,,,-210,+175,+175,,,-199,,,,,+150,-250,+143,+160,+150,,,+150,-250,-250,,,+143,,,,
2024-04-04,Kerry Carpenter,/mlb/props/kerry-carpenter/,DET at NYM,DET,"LF,RF,DH",1.5,+130,+135,+123,+110,+130,,,+130,+135,+135,,,+123,,,,,-170,-140,-169,-140,-170,,,-175,-195,-195,,,-169,,,,
2024-04-04,Jeff McNeil,/mlb/props/jeff-mcneil/,DET at NYM,ATH,"2B,LF,CF,RF",1.5,+155,+160,+123,+150,+120,,,+120,+160,+160,,,+123,,,,,-190,-160,-185,-185,-165,,,-160,-230,-230,,,-169,,,,
2024-04-04,Tyrone Taylor,/mlb/props/tyrone-taylor/,DET at NYM,NYM,"LF,CF,RF",1.5,-165,-155,-155,-155,-170,,,-165,+190,+190,,,-169,,,,,+125,-286,+123,+125,+125,,,+125,-286,-286,,,+123,,,,
2024-04-04,Brandon Nimmo,/mlb/props/brandon-nimmo/,DET at NYM,TEX,"LF,CF,RF,DH",1.5,+105,+117,+110,+100,+110,,,+110,+117,+117,,,+106,,,,,-135,-130,-145,-130,-145,,,-140,-165,-165,,,-145,,,,
2024-04-04,Jake Rogers,/mlb/props/jake-rogers/,DET at NYM,DET,C,0.5,-121,-120,-121,,,,,-120,,,,,-121,,,,,-113,-110,-113,,,,,-110,,,,,-113,,,,
2024-04-04,Riley Greene,/mlb/props/riley-greene-of/,DET at NYM,DET,"LF,CF,RF,DH",1.5,+140,-200,+126,+145,+140,,,-200,+150,+150,,,+126,,,,,-190,-174,-174,-180,-185,,,+145,-220,-220,,,-174,,,,
2024-04-04,Javier Baez,/mlb/props/javier-baez/,DET at NYM,DET,"2B,3B,SS,CF",0.5,-179,-160,-160,,-160,,,-160,,,,,-166,,,,,+129,+120,+120,,+120,,,+120,,,,,+120,,,,
2024-04-04,Carson Kelly,/mlb/props/carson-kelly/,DET at NYM,CHC,C,1.5,-145,-145,-145,-145,-155,,,-150,+205,+205,,,-148,,,,,+110,-315,+108,+115,+115,,,+115,-315,-315,,,+108,,,,
2024-04-04,Gio Urshela,/mlb/props/giovanny-urshela/,DET at NYM,FA,3B,1.5,+165,+180,+165,+165,+165,,,+160,+180,+180,,,+159,,,,,-225,-210,-225,-210,-225,,,-215,-265,-265,,,-224,,,,
2024-04-04,Spencer Torkelson,/mlb/props/spencer-torkelson-if/,DET at NYM,DET,1B,1.5,+120,+170,+145,+145,+120,,,+120,+170,+170,,,+112,,,,,-155,-154,-180,-180,-155,,,-160,-250,-250,,,-154,,,,
2024-04-04,Brett Baty,/mlb/props/brett-baty/,DET at NYM,NYM,"1B,2B,3B,RF",1.5,-185,-175,-175,-190,-205,,,-175,+165,+165,,,-189,,,,,+150,-245,+130,+155,+150,,,+130,-245,-245,,,+136,,,,
2024-04-04,Francisco Lindor,/mlb/props/francisco-lindor/,DET at NYM,NYM,SS,1.5,-105,+114,+100,-105,-105,,,+100,+114,+114,,,-101,,,,,-125,-125,-135,-125,-130,,,-130,-159,-159,,,-135,,,,
2024-04-04,Adam Frazier,/mlb/props/adam-frazier/,CWS at KC,LAA,"2B,LF,RF",1.5,-170,-165,-165,-165,-170,,,-165,+188,+188,,,-169,,,,,+125,-278,+123,+135,+125,,,+125,-278,-278,,,+123,,,,
2024-04-04,Kyle Isbel,/mlb/props/kyle-isbel/,CWS at KC,KC,CF,0.5,-145,-135,-140,-140,-145,,,-135,,,,,-148,,,,,+110,+110,+108,+110,+110,,,+105,,,,,+108,,,,
2024-04-04,Andrew Vaughn,/mlb/props/andrew-vaughn-1b/,CWS at KC,MIL,1B,1.5,+130,+135,+130,+135,+130,,,+130,+120,+120,,,+123,,,,,-170,-165,-169,-165,-175,,,-175,-167,-167,,,-169,,,,
2024-04-04,Braden Shewmake,/mlb/props/braden-shewmake/,CWS at KC,HOU,"2B,3B,SS",1.5,-140,-139,-139,-140,-140,,,-140,+190,+190,,,-139,,,,,+105,-278,+102,+110,+105,,,+110,-278,-278,,,+102,,,,
2024-04-04,Nicky Lopez,/mlb/props/nicky-lopez/,CWS at KC,TEX,"2B,3B,SS",0.5,-185,-179,-185,-185,-190,,,-190,,,,,-179,,,,,+135,+150,+140,+150,+140,,,+140,,,,,+129,,,,
2024-04-04,Luis Robert Jr.,/mlb/props/luis-robert/,CWS at KC,NYM,CF,1.5,+115,+115,+108,+115,+115,,,+115,+100,+100,,,+108,,,,,-150,-139,-145,-145,-150,,,-150,-139,-139,,,-148,,,,
2024-04-04,Bobby Witt Jr.,/mlb/props/bobby-witt-jr/,CWS at KC,KC,SS,1.5,-110,-113,-121,-125,-125,,,-120,-121,-121,,,-113,,,,,-120,-105,-110,-105,-105,,,-110,-115,-115,,,-121,,,,
2024-04-04,Vinnie Pasquantino,/mlb/props/vinnie-pasquantino/,CWS at KC,KC,"1B,DH",1.5,+135,+145,+140,+145,+140,,,+140,+125,+125,,,+129,,,,,-180,-177,-180,-180,-190,,,-190,-177,-177,,,-179,,,,
2024-04-04,MJ Melendez,/mlb/props/mj-melendez/,CWS at KC,NYM,"LF,DH",1.5,-185,-190,+120,+150,-190,,,-190,+120,+120,,,+136,,,,,+140,-175,-175,-185,+140,,,+140,-175,-175,,,-189,,,,
2024-04-04,Dominic Fletcher,/mlb/props/dominic-fletcher/,CWS at KC,PIT,"CF,RF",1.5,-170,-179,-179,-180,-185,,,-180,+180,+180,,,-179,,,,,+130,-265,+129,+145,+140,,,+135,-265,-265,,,+129,,,,
2024-04-04,Hunter Renfroe,/mlb/props/hunter-renfroe/,CWS at KC,FA,RF,1.5,-160,-140,-140,-145,-150,,,-140,+145,+145,,,-163,,,,,+120,-205,+110,+115,+115,,,+110,-205,-205,,,+118,,,,
2024-04-04,Nick Loftin,/mlb/props/nick-loftin/,CWS at KC,KC,"2B,3B,LF",0.5,-155,-145,-155,-145,-155,,,,,,,,-157,,,,,+115,+115,+115,+115,+115,,,,,,,,+114,,,,
2024-04-04,Maikel Garcia,/mlb/props/maikel-garcia/,CWS at KC,KC,"2B,3B,SS,OF",1.5,+110,+115,+106,+115,+110,,,+110,-110,-110,,,+106,,,,,-145,-127,-140,-145,-150,,,-140,-127,-127,,,-145,,,,
2024-04-04,Salvador Perez,/mlb/props/salvador-perez/,CWS at KC,KC,"C,1B,DH",1.5,+115,+115,+110,+115,+110,,,+115,-104,-104,,,+114,,,,,-155,-134,-145,-145,-145,,,-150,-134,-134,,,-157,,,,
2024-04-04,Martin Maldonado,/mlb/props/martin-maldonado/,CWS at KC,FA,C,0.5,+110,+115,+115,+115,+115,,,+115,,,,,+110,,,,,-145,-145,-150,-145,-155,,,-150,,,,,-151,,,,
2024-04-04,Korey Lee,/mlb/props/korey-lee/,CWS at KC,CWS,C,0.5,-150,-135,-140,-135,-140,,,-135,,,,,-145,,,,,+110,+106,+105,+105,+105,,,+105,,,,,+106,,,,
2024-04-04,Yoan Moncada,/mlb/props/yoan-moncada/,CWS at KC,LAA,3B,1.5,-165,-155,-155,-155,-160,,,-160,+165,+165,,,-163,,,,,+125,-245,+118,+125,+120,,,+120,-245,-245,,,+118,,,,
2024-04-04,Nelson Velazquez,/mlb/props/nelson-velazquez/,CWS at KC,STL,"LF,RF,DH",0.5,-145,-150,-155,-150,-155,,,-150,,,,,-166,,,,,+110,+120,+115,+120,+115,,,+115,,,,,+120,,,,
2024-04-04,Andrew Benintendi,/mlb/props/andrew-benintendi/,CWS at KC,CWS,"LF,DH",1.5,+145,+145,+136,+145,+140,,,+135,+123,+123,,,+136,,,,,-195,-175,-180,-180,-185,,,-180,-175,-175,,,-189,,,,
2024-04-04,Gavin Sheets,/mlb/props/gavin-sheets/,CWS at KC,SD,"1B,LF,RF,DH",1.5,-155,-160,-160,-160,-165,,,-165,+160,+160,,,-169,,,,,+115,-230,+123,+130,+125,,,+125,-230,-230,,,+123,,,,
2024-04-05,Daulton Varsho,/mlb/props/daulton-varsho/,TOR at NYY,TOR,"LF,CF",1.5,-145,-115,-115,-115,-125,,,-120,+205,+205,,,-125,,,,,+110,-305,-115,-115,-110,,,-110,-305,-305,,,-109,,,,
2024-04-05,George Springer,/mlb/props/george-springer/,TOR at NYY,TOR,"LF,CF,RF,DH",1.5,+150,+155,+145,+155,+150,,,+145,+135,+135,,,+143,,,,,-200,-190,-199,-190,-200,,,-200,-190,-190,,,-199,,,,
2024-04-05,Juan Soto,/mlb/props/juan-soto/,TOR at NYY,NYM,"LF,RF,DH",1.5,-170,-160,-160,-160,-170,,,-165,+145,+145,,,-166,,,,,+125,-205,+120,+130,+125,,,+125,-205,-205,,,+120,,,,
2024-04-05,Jose Trevino,/mlb/props/jose-trevino/,TOR at NYY,CIN,C,1.5,-150,-150,-150,-150,-150,,,-150,+205,+205,,,-151,,,,,+115,-315,+110,+120,+115,,,+115,-315,-315,,,+110,,,,
2024-04-05,Anthony Volpe,/mlb/props/anthony-volpe/,TOR at NYY,NYY,SS,1.5,-180,-170,-170,-170,-180,,,-180,+160,+160,,,-174,,,,,+135,-230,+126,+140,+135,,,+135,-230,-230,,,+126,,,,
2024-04-05,Davis Schneider,/mlb/props/davis-schneider/,TOR at NYY,TOR,"2B,LF",0.5,-115,-130,-130,-130,-135,,,-130,,,,,-135,,,,,-115,+100,+100,+100,+100,,,+100,,,,,-101,,,,
2024-04-05,Aaron Judge,/mlb/props/aaron-judge/,TOR at NYY,NYY,"LF,CF,RF,DH",1.5,+100,+105,+100,+100,+100,,,+105,-108,-108,,,+100,,,,,-135,-129,-135,-130,-135,,,-135,-129,-129,,,-137,,,,
2024-04-05,Anthony Rizzo,/mlb/props/anthony-rizzo/,TOR at NYY,FA,1B,1.5,-150,-150,-150,-150,-150,,,-150,+180,+180,,,-157,,,,,+115,-265,+114,+120,+115,,,+115,-265,-265,,,+114,,,,
2024-04-05,Vladimir Guerrero Jr.,/mlb/props/vladimir-guerrero-jr/,TOR at NYY,TOR,"1B,DH",1.5,+150,-199,+140,-200,+150,,,+150,+140,+140,,,-199,,,,,-200,-200,-200,+160,-200,,,-210,-200,-200,,,+143,,,,
2024-04-05,Giancarlo Stanton,/mlb/props/giancarlo-stanton/,TOR at NYY,NYY,"LF,RF,DH",1.5,+130,+130,+120,+120,+130,,,+130,+114,+114,,,+120,,,,,-175,-150,-166,-150,-175,,,-175,-159,-159,,,-166,,,,
2024-04-05,Cavan Biggio,/mlb/props/cavan-biggio/,TOR at NYY,HOU,"1B,2B,RF",0.5,+105,+110,-115,+110,-115,,,-115,,,,,-117,,,,,-140,-115,-117,-140,-115,,,-115,,,,,-117,,,,
2024-04-05,Justin Turner,/mlb/props/justin-turner/,TOR at NYY,FA,"1B,3B",1.5,-185,-180,-180,-180,-185,,,-180,+150,+150,,,-189,,,,,+140,-215,+135,+145,+140,,,+135,-215,-215,,,+136,,,,
2024-04-05,Isiah Kiner-Falefa,/mlb/props/isiah-kiner-falefa/,TOR at NYY,BOS,"2B,3B,SS",1.5,-145,-140,-140,-145,-145,,,-140,+210,+210,,,-145,,,,,+110,-315,+106,+115,+110,,,+110,-315,-315,,,+106,,,,
2024-04-05,Kevin Kiermaier,/mlb/props/kevin-kiermaier/,TOR at NYY,FA,CF,1.5,-125,-130,-130,-130,-135,,,-135,+210,+210,,,-139,,,,,-105,-335,+100,+100,+105,,,+105,-335,-335,,,+102,,,,
2024-04-05,Bo Bichette,/mlb/props/bo-bichette/,TOR at NYY,NYM,"3B,SS",1.5,+140,+145,+140,+145,+140,,,+135,+135,+135,,,+133,,,,,-185,-180,-185,-180,-185,,,-180,-195,-195,,,-184,,,,
2024-04-05,Jon Berti,/mlb/props/jon-berti/,TOR at NYY,FA,"2B,3B",1.5,-185,-170,-170,-170,-175,,,-180,+215,+215,,,-174,,,,,+140,-335,+126,+140,+130,,,+135,-335,-335,,,+126,,,,
2024-04-05,Alex Verdugo,/mlb/props/alex-verdugo/,TOR at NYY,FA,"LF,RF",1.5,-140,-135,-135,-135,-140,,,-135,+215,+215,,,-142,,,,,+105,-335,+104,+105,+105,,,+105,-335,-335,,,+104,,,,
2024-04-05,Alejandro Kirk,/mlb/props/alejandro-kirk/,TOR at NYY,TOR,C,1.5,-200,-185,-185,-185,-190,,,-190,+170,+170,,,-189,,,,,+145,-245,+136,+150,+140,,,+140,-245,-245,,,+136,,,,
2024-04-05,Gleyber Torres,/mlb/props/gleyber-torres/,TOR at NYY,DET,2B,1.5,+120,+125,+118,+125,+120,,,+110,+118,+118,,,+110,,,,,-160,-145,-155,-155,-160,,,-145,-165,-165,,,-151,,,,
2024-04-05,Oswaldo Cabrera,/mlb/props/oswaldo-cabrera/,TOR at NYY,NYY,3B,0.5,-140,-135,-140,-135,-140,,,-135,,,,,-142,,,,,+105,+105,+105,+105,+105,,,+105,,,,,+104,,,,
2024-04-05,JJ Bleday,/mlb/props/jj-bleday/,ATH at DET,CIN,"LF,CF,RF,DH",1.5,-125,-120,-120,-120,-130,,,-125,+240,+240,,,-123,,,,,-110,-375,-111,-110,-105,,,-105,-375,-375,,,-111,,,,
2024-04-05,Zack Gelof,/mlb/props/zack-gelof/,ATH at DET,ATH,"2B,3B,CF",1.5,-125,-117,-117,-120,-125,,,-120,+195,+195,,,-117,,,,,-110,-286,-117,-110,-110,,,-110,-286,-286,,,-117,,,,
2024-04-05,Shea Langeliers,/mlb/props/shea-langeliers/,ATH at DET,ATH,"C,DH",1.5,-125,-120,-120,-120,-125,,,-125,+190,+190,,,-123,,,,,-105,-278,-111,-110,-105,,,-105,-278,-278,,,-111,,,,
2024-04-05,Tyler Nevin,/mlb/props/tyler-nevin/,ATH at DET,FA,"1B,3B,LF,RF",1.5,-130,-125,-125,-125,-130,,,-130,+210,+210,,,-131,,,,,+100,-335,-105,-105,+100,,,+100,-335,-335,,,-104,,,,
2024-04-05,Parker Meadows,/mlb/props/parker-meadows/,ATH at DET,DET,CF,0.5,-105,+100,+100,-105,-105,,,+100,,,,,+100,,,,,-130,-125,-130,-125,-130,,,-130,,,,,-137,,,,
2024-04-05,Nick Allen,/mlb/props/nick-allen-ss/,ATH at DET,HOU,"2B,3B,SS",1.5,-135,-115,-115,-115,-135,,,-120,+265,+265,,,-131,,,,,+105,-420,-115,-115,+105,,,-110,-420,-420,,,-104,,,,
2024-04-05,Colt Keith,/mlb/props/colt-keith/,ATH at DET,DET,"1B,2B,3B,DH",0.5,-145,-155,-157,-155,-155,,,-160,,,,,-157,,,,,+110,+125,+120,+125,+115,,,+120,,,,,+114,,,,
2024-04-05,J.D. Davis,/mlb/props/jd-davis/,ATH at DET,FA,"1B,3B",1.5,-135,-130,-130,-130,-135,,,-130,+200,+200,,,-137,,,,,+100,-295,+100,+100,+100,,,+100,-295,-295,,,+100,,,,
2024-04-05,Spencer Torkelson,/mlb/props/spencer-torkelson-if/,ATH at DET,DET,1B,1.5,+105,+105,+105,+105,+105,,,+105,-103,-103,,,-101,,,,,-140,-135,-137,-135,-140,,,-135,-137,-137,,,-135,,,,
2024-04-05,Brent Rooker,/mlb/props/brent-rooker/,ATH at DET,ATH,"LF,RF,DH",1.5,-115,-115,-115,-120,-115,,,-120,+180,+180,,,-115,,,,,-115,-265,-119,-110,-115,,,-110,-265,-265,,,-119,,,,
2024-04-05,Javier Baez,/mlb/props/javier-baez/,ATH at DET,DET,"2B,3B,SS,CF",1.5,-190,-185,-185,-185,-190,,,+140,+138,+138,,,-194,,,,,+140,-190,+139,+150,+140,,,-190,-195,-195,,,+139,,,,
2024-04-05,Riley Greene,/mlb/props/riley-greene-of/,ATH at DET,DET,"LF,CF,RF,DH",1.5,-160,-170,-170,-170,-170,,,-175,+150,+150,,,-179,,,,,+120,-215,+129,+140,+130,,,+130,-215,-215,,,+129,,,,
2024-04-05,Matt Vierling,/mlb/props/matt-vierling/,ATH at DET,DET,"LF,CF,RF",1.5,+110,+110,+106,+110,+110,,,+105,+104,+104,,,+106,,,,,-145,-135,-143,-140,-145,,,-135,-143,-143,,,-145,,,,
2024-04-05,Jake Rogers,/mlb/props/jake-rogers/,ATH at DET,DET,C,1.5,-130,-125,-125,-125,-130,,,-130,+165,+165,,,-133,,,,,+100,-240,-105,-105,+100,,,+100,-240,-240,,,-103,,,,
2024-04-05,Abraham Toro,/mlb/props/abraham-toro/,ATH at DET,KC,"1B,2B,3B",1.5,-125,-125,-125,-125,-125,,,-130,+230,+230,,,-133,,,,,-105,-360,-105,-105,-105,,,+100,-360,-360,,,-103,,,,
2024-04-05,Andy Ibanez,/mlb/props/andy-ibanez/,ATH at DET,NYM,"2B,3B",1.5,+110,+110,+110,+110,+110,,,+110,+107,+107,,,+106,,,,,-145,-140,-145,-140,-145,,,-140,-150,-150,,,-145,,,,
2024-04-05,Darell Hernaiz,/mlb/props/darell-hernaiz/,ATH at DET,ATH,"2B,3B,SS",1.5,-115,+100,+100,-105,-115,,,+100,+255,+255,,,-104,,,,,-115,-400,-131,-125,-115,,,-130,-400,-400,,,-131,,,,
2024-04-05,Mark Canha,/mlb/props/mark-canha/,ATH at DET,FA,"LF,RF",1.5,-180,-165,-165,-165,-180,,,-175,+148,+148,,,-179,,,,,+135,-220,+129,+135,+135,,,+130,-220,-220,,,+129,,,,
2024-04-05,Gio Urshela,/mlb/props/giovanny-urshela/,ATH at DET,FA,3B,1.5,+115,+125,+120,+125,+115,,,+120,+120,+120,,,+112,,,,,-155,-154,-160,-155,-155,,,-160,-167,-167,,,-154,,,,
2024-04-05,Lawrence Butler,/mlb/props/lawrence-butler/,ATH at DET,ATH,"CF,RF",0.5,+105,+100,-104,-105,+100,,,+100,,,,,-104,,,,,-140,-125,-130,-125,-130,,,-130,,,,,-131,,,,
2024-04-05,James Outman,/mlb/props/james-outman/,LAD at CHC,DET,"LF,CF,RF",1.5,-145,-135,-135,-135,-140,,,-135,+180,+185,,,-148,,,,,+110,-265,+105,+105,+105,,,+105,-265,-275,,,+108,,,,
2024-04-05,Teoscar Hernandez,/mlb/props/teoscar-hernandez/,LAD at CHC,LAD,"LF,RF",1.5,+150,+155,+145,+155,+145,,,+145,+138,+140,,,+139,,,,,-200,-190,-195,-190,-195,,,-200,-195,-200,,,-194,,,,
2024-04-05,Shohei Ohtani,/mlb/props/shohei-ohtani/,LAD at CHC,LAD,"SP,DH",1.5,+105,+105,+100,+100,+105,,,+105,-107,-104,,,+100,,,,,-140,-130,-135,-130,-135,,,-135,-130,-134,,,-137,,,,
2024-04-05,Max Muncy,/mlb/props/max-muncy/,LAD at CHC,LAD,3B,1.5,-155,-150,-150,-150,-155,,,-150,+150,+150,,,-157,,,,,+115,-215,+114,+120,+115,,,+115,-215,-220,,,+114,,,,
2024-04-05,Christopher Morel,/mlb/props/christopher-morel/,LAD at CHC,MIA,"1B,LF,DH",1.5,-145,-135,-135,-140,-145,,,-135,+210,+215,,,-139,,,,,+110,-315,+102,+110,+110,,,+105,-315,-335,,,+102,,,,
2024-04-05,Gavin Lux,/mlb/props/gavin-lux/,LAD at CHC,TB,"2B,3B,LF,DH",1.5,-150,-145,-145,-145,-150,,,-150,+220,+220,,,-154,,,,,+115,-335,+112,+115,+115,,,+115,-335,-335,,,+112,,,,
2024-04-05,Chris Taylor,/mlb/props/chris-taylor/,LAD at CHC,FA,"2B,LF,CF,RF",0.5,-140,-135,-140,-135,-140,,,-135,,,,,-142,,,,,+105,+105,+105,+105,+105,,,+105,,,,,+104,,,,
2024-04-05,Will Smith,/mlb/props/will-smith-c/,LAD at CHC,LAD,C,1.5,+125,+128,+120,+120,+120,,,+115,+128,+128,,,+116,,,,,-165,-150,-160,-150,-155,,,-150,-180,-182,,,-160,,,,
2024-04-05,Yan Gomes,/mlb/props/yan-gomes/,LAD at CHC,FA,C,1.5,-140,-130,-130,-130,-140,,,-130,+235,+235,,,-139,,,,,+105,-360,+100,+100,+105,,,+100,-360,-360,,,+102,,,,
2024-04-05,Mookie Betts,/mlb/props/mookie-betts/,LAD at CHC,LAD,SS,1.5,+105,+105,+104,+105,+100,,,+105,-103,+102,,,+104,,,,,-140,-130,-135,-135,-130,,,-135,-137,-141,,,-142,,,,
2024-04-05,Michael Busch,/mlb/props/michael-busch-2b/,LAD at CHC,CHC,1B,1.5,-140,-130,-130,-130,-135,,,-130,+230,+265,,,-139,,,,,+105,-345,+100,+100,+100,,,+100,-345,-420,,,+102,,,,
2024-04-05,Dansby Swanson,/mlb/props/dansby-swanson/,LAD at CHC,CHC,SS,1.5,-160,-150,-150,-150,-160,,,-150,+200,+215,,,-157,,,,,+120,-295,+114,+120,+120,,,+115,-295,-335,,,+114,,,,
2024-04-05,Enrique Hernandez,/mlb/props/enrique-hernandez/,LAD at CHC,LAD,"1B,2B,3B,LF",0.5,-180,-180,-180,-180,-180,,,-180,,,,,-184,,,,,+135,+145,+135,+145,+135,,,+135,,,,,+133,,,,
2024-04-05,Mike Tauchman,/mlb/props/mike-tauchman/,LAD at CHC,NYM,"LF,CF,RF",0.5,-115,-115,-115,-115,-115,,,-115,,,,,-115,,,,,-115,-115,-115,-115,-115,,,-115,,,,,-119,,,,
2024-04-05,Freddie Freeman,/mlb/props/freddie-freeman/,LAD at CHC,LAD,1B,1.5,+105,+115,+110,+115,+115,,,+110,-103,+102,,,+106,,,,,-140,-137,-145,-145,-150,,,-140,-137,-143,,,-145,,,,
2024-04-05,Seiya Suzuki,/mlb/props/seiya-suzuki/,LAD at CHC,CHC,"LF,RF,DH",1.5,+155,-200,-200,-200,+155,,,-200,+170,+175,,,-214,,,,,-210,-210,+145,+160,-210,,,+145,-250,-250,,,+152,,,,
2024-04-05,Ian Happ,/mlb/props/ian-happ/,LAD at CHC,CHC,LF,1.5,-160,-150,-150,-150,-160,,,-150,+205,+210,,,-163,,,,,+120,-305,+115,+120,+120,,,+115,-305,-315,,,+118,,,,
2024-04-05,Cody Bellinger,/mlb/props/cody-bellinger/,LAD at CHC,NYY,"LF,CF,RF",1.5,-185,-200,-200,-200,-205,,,-210,+175,+180,,,-204,,,,,+135,-250,+146,+160,+155,,,+150,-250,-265,,,+146,,,,
2024-04-05,Nico Hoerner,/mlb/props/nico-hoerner/,LAD at CHC,CHC,"2B,SS",1.5,-195,-180,-180,-180,-195,,,-190,+210,+205,,,-189,,,,,+145,-305,+136,+145,+145,,,+140,-315,-305,,,+136,,,,
2024-04-05,Nick Madrigal,/mlb/props/nick-madrigal/,LAD at CHC,TB,"2B,3B",0.5,-195,-185,-190,-185,-195,,,-190,,,,,-194,,,,,+145,+150,+145,+150,+145,,,+140,,,,,+139,,,,
2024-04-05,Harold Ramirez,/mlb/props/harold-ramirez-of/,TB at COL,FA,"LF,RF,DH",1.5,-170,-170,-175,-170,-175,,,-175,-182,-182,,,-174,,,,,+130,+140,+130,+140,+130,,,+130,+130,+130,,,+126,,,,
2024-04-05,Isaac Paredes,/mlb/props/isaac-paredes/,TB at COL,HOU,"1B,3B,DH",1.5,-130,-125,-130,-125,-130,,,-130,-152,-152,,,-129,,,,,+100,+108,+100,-105,+100,,,+100,+108,+108,,,-106,,,,
2024-04-05,Brendan Rodgers,/mlb/props/brendan-rodgers/,TB at COL,BOS,2B,1.5,-135,-130,-135,-130,-135,,,-135,-136,-136,,,-137,,,,,+100,+105,+100,+100,+100,,,+105,-104,-104,,,+100,,,,
2024-04-05,Jose Siri,/mlb/props/jose-siri/,TB at COL,LAA,"LF,CF",1.5,+105,+105,+105,+105,+105,,,+105,,,,,+102,,,,,-140,-135,-139,-135,-140,,,-135,,,,,-139,,,,
2024-04-05,Michael Toglia,/mlb/props/mike-toglia/,TB at COL,CIN,1B,1.5,+120,+120,+115,+120,+120,,,+115,,,,,+114,,,,,-160,-150,-157,-150,-160,,,-150,,,,,-157,,,,
2024-04-05,Yandy Diaz,/mlb/props/yandy-diaz/,TB at COL,TB,"1B,DH",1.5,+120,-215,+112,+120,+115,,,+115,-215,-215,,,+112,,,,,-155,-150,-150,-150,-150,,,-150,+150,+150,,,-154,,,,
2024-04-05,Jose Caballero,/mlb/props/jose-caballero/,TB at COL,NYY,"2B,3B,SS,LF,RF",1.5,+120,+125,+120,+125,+120,,,+120,,,,,+114,,,,,-160,-155,-157,-155,-160,,,-160,,,,,-157,,,,
2024-04-05,Rene Pinto,/mlb/props/rene-pinto/,TB at COL,PHI,C,1.5,+120,+120,+116,+120,+115,,,+115,,,,,+116,,,,,-160,-150,-155,-150,-155,,,-150,,,,,-160,,,,
2024-04-05,Nolan Jones,/mlb/props/nolan-jones-3b/,TB at COL,CWS,"LF,CF,RF",1.5,-110,-110,-115,-115,-110,,,-110,-121,-121,,,-111,,,,,-125,-115,-120,-115,-120,,,-120,-115,-115,,,-123,,,,
2024-04-05,Charlie Blackmon,/mlb/props/charlie-blackmon/,TB at COL,FA,"RF,DH",1.5,-115,-120,-121,-120,-120,,,-125,-120,-120,,,-121,,,,,-115,-105,-110,-110,-110,,,-105,-117,-117,,,-113,,,,
2024-04-05,Brenton Doyle,/mlb/props/brenton-doyle/,TB at COL,COL,CF,1.5,+110,+123,+115,+115,+115,,,+110,+123,+123,,,+106,,,,,-145,-140,-150,-145,-150,,,-140,-175,-175,,,-145,,,,
2024-04-05,Ryan McMahon,/mlb/props/ryan-mcmahon/,TB at COL,NYY,3B,1.5,+110,+105,+102,+105,+105,,,+105,-104,-104,,,+102,,,,,-145,-135,-136,-135,-140,,,-135,-136,-136,,,-139,,,,
2024-04-05,Elehuris Montero,/mlb/props/elehuris-montero-3b/,TB at COL,FA,"1B,3B",1.5,+105,+105,+105,+105,+105,,,+105,-103,-103,,,-103,,,,,-140,-133,-135,-135,-140,,,-135,-137,-137,,,-133,,,,
2024-04-05,Elias Diaz,/mlb/props/elias-diaz/,TB at COL,TEX,C,1.5,-105,-105,-110,-110,-110,,,-105,-114,-114,,,-109,,,,,-125,-120,-122,-120,-125,,,-125,-122,-122,,,-125,,,,
2024-04-05,Ezequiel Tovar,/mlb/props/ezequiel-tovar/,TB at COL,COL,SS,1.5,-110,-107,-110,-115,-110,,,-115,-107,-107,,,-115,,,,,-125,-115,-120,-115,-120,,,-115,-130,-130,,,-119,,,,
2024-04-05,Randy Arozarena,/mlb/props/randy-arozarena/,TB at COL,SEA,"LF,CF",1.5,-150,-150,-160,-150,-160,,,-150,-200,-200,,,-160,,,,,+115,+140,+120,+120,+120,,,+115,+140,+140,,,+116,,,,
2024-04-05,Curtis Mead,/mlb/props/curtis-meade/,TB at COL,WSH,"1B,2B,3B",1.5,-105,-108,-109,-110,-110,,,,-109,-109,,,-108,,,,,-125,-120,-127,-120,-120,,,,-127,-127,,,-127,,,,
2024-04-05,Amed Rosario,/mlb/props/amed-rosario/,TB at COL,NYY,"2B,3B,OF",1.5,-150,-140,-145,-140,-150,,,-140,-159,-159,,,-145,,,,,+110,+115,+110,+110,+115,,,+110,+114,+114,,,+106,,,,
2024-04-05,Kris Bryant,/mlb/props/kris-bryant/,TB at COL,COL,DH,1.5,-115,-115,-120,-115,-115,,,-120,-122,-122,,,-121,,,,,-115,-110,-113,-115,-115,,,-110,-114,-114,,,-113,,,,
2024-04-05,Rowdy Tellez,/mlb/props/rowdy-tellez/,BAL at PIT,ATL,1B,1.5,-115,-115,-115,-115,-115,,,-115,+180,+180,,,-119,,,,,-115,-265,-115,-115,-115,,,-115,-265,-265,,,-115,,,,
2024-04-05,Cedric Mullins II,/mlb/props/cedric-mullins/,BAL at PIT,TB,CF,1.5,-155,-155,-155,-155,-160,,,-160,+180,+180,,,-160,,,,,+115,-265,+116,+125,+120,,,+120,-265,-265,,,+116,,,,
2024-04-05,Jordan Westburg,/mlb/props/jordan-westburg/,BAL at PIT,BAL,"2B,3B",1.5,-135,-140,-140,-140,-145,,,-140,+175,+175,,,-145,,,,,+100,-250,+106,+110,+110,,,+110,-250,-250,,,+106,,,,
2024-04-05,Jared Triolo,/mlb/props/jared-triolo/,BAL at PIT,PIT,"1B,2B,3B,SS",1.5,-150,-150,-150,-150,-150,,,-150,+220,+220,,,-154,,,,,+115,-335,+112,+120,+115,,,+115,-335,-335,,,+112,,,,
2024-04-05,Austin Hays,/mlb/props/austin-hays/,BAL at PIT,CWS,"LF,DH",1.5,-170,-165,-165,-165,-175,,,-175,+150,+150,,,-166,,,,,+130,-220,+120,+135,+130,,,+130,-220,-220,,,+120,,,,
2024-04-05,Henry Davis,/mlb/props/henry-davis/,BAL at PIT,PIT,C,1.5,-145,-135,-135,-135,-140,,,-135,+180,+180,,,-137,,,,,+110,-275,+100,+105,+105,,,+105,-275,-275,,,+100,,,,
2024-04-05,Ryan Mountcastle,/mlb/props/ryan-mountcastle/,BAL at PIT,BAL,"1B,DH",1.5,+120,+125,+123,+125,+120,,,+120,+123,+123,,,+120,,,,,-160,-155,-160,-155,-160,,,-160,-175,-175,,,-166,,,,
2024-04-05,Adley Rutschman,/mlb/props/adley-rutschman/,BAL at PIT,BAL,"C,DH",1.5,+115,+120,+115,+120,+115,,,+115,+112,+112,,,+118,,,,,-155,-150,-155,-150,-155,,,-150,-157,-157,,,-163,,,,
2024-04-05,Ramon Urias,/mlb/props/ramon-urias/,BAL at PIT,STL,"2B,3B",0.5,-140,-135,-135,-135,-140,,,-135,,,,,-135,,,,,+105,+105,+105,+105,+105,,,+105,,,,,-101,,,,
2024-04-05,Bryan Reynolds,/mlb/props/bryan-reynolds/,BAL at PIT,PIT,"LF,CF,RF,DH",1.5,-185,-170,-170,-170,-180,,,-175,+140,+140,,,-184,,,,,+140,-200,+130,+140,+135,,,+130,-200,-200,,,+133,,,,
2024-04-05,Ke'Bryan Hayes,/mlb/props/kebryan-hayes/,BAL at PIT,CIN,3B,1.5,+140,+150,+145,+150,+145,,,+140,+140,+140,,,+139,,,,,-190,-185,-194,-185,-195,,,-190,-200,-200,,,-194,,,,
2024-04-05,Oneil Cruz,/mlb/props/oneil-cruz-3b/,BAL at PIT,PIT,"CF,DH",1.5,-185,-180,+128,+140,-180,,,+135,+128,+128,,,+133,,,,,+140,-170,-170,-170,+135,,,-180,-180,-180,,,-184,,,,
2024-04-05,Andrew McCutchen,/mlb/props/andrew-mccutchen/,BAL at PIT,FA,"LF,RF,DH",1.5,-145,-140,-140,-145,-145,,,-140,+163,+163,,,-154,,,,,+110,-235,+110,+115,+110,,,+110,-235,-235,,,+112,,,,
2024-04-05,Jack Suwinski,/mlb/props/jack-suwinski/,BAL at PIT,LAD,"LF,CF,RF",1.5,-140,-135,-135,-140,-140,,,-135,+148,+148,,,-145,,,,,+105,-210,+105,+110,+105,,,+105,-210,-210,,,+106,,,,
2024-04-05,Michael A. Taylor,/mlb/props/michael-taylor/,BAL at PIT,FA,"LF,CF,RF",1.5,+100,+105,+105,+100,+105,,,+100,+225,+225,,,-104,,,,,-135,-345,-140,-130,-140,,,-130,-345,-345,,,-131,,,,
2024-04-05,Gunnar Henderson,/mlb/props/gunnar-henderson/,BAL at PIT,BAL,"SS,DH",1.5,+105,+110,+108,+105,+105,,,+105,+110,+110,,,+108,,,,,-140,-135,-140,-135,-140,,,-135,-152,-152,,,-148,,,,
2024-04-05,Ryan O'Hearn,/mlb/props/ryan-ohearn/,BAL at PIT,PIT,"1B,LF,RF,DH",1.5,+140,+145,+140,+145,+140,,,+140,+140,+140,,,+136,,,,,-190,-180,-190,-180,-190,,,-190,-200,-200,,,-189,,,,
2024-04-05,Colton Cowser,/mlb/props/colton-cowser/,BAL at PIT,BAL,"LF,CF,RF",1.5,-130,-125,-125,-125,-130,,,-130,+165,+165,,,-131,,,,,+100,-240,-105,-105,-105,,,+100,-240,-240,,,-104,,,,
2024-04-05,Anthony Santander,/mlb/props/anthony-santander/,BAL at PIT,TOR,"LF,RF,DH",1.5,+100,+115,+105,+100,+105,,,+105,+115,+115,,,+100,,,,,-135,-130,-140,-130,-140,,,-135,-162,-162,,,-137,,,,
2024-04-05,Patrick Bailey,/mlb/props/patrick-bailey/,SD at SF,CLE,C,1.5,-140,-130,-130,-130,-130,,,-130,+205,+205,,,-133,,,,,+105,-315,-103,+100,+100,,,+100,-315,-315,,,-103,,,,
2024-04-05,Luis Campusano,/mlb/props/luis-campusano/,SD at SF,SD,"C,DH",1.5,+165,-210,-210,-210,+165,,,-215,+170,+170,,,-224,,,,,-225,-225,+159,+165,-225,,,+160,-250,-250,,,+159,,,,
2024-04-05,Jung Hoo Lee,/mlb/props/jung-lee/,SD at SF,SF,"CF,RF",1.5,+130,+132,+125,+130,+125,,,+125,+132,+132,,,+118,,,,,-175,-160,-170,-160,-170,,,-165,-186,-186,,,-163,,,,
2024-04-05,Nick Ahmed,/mlb/props/nick-ahmed/,SD at SF,FA,SS,1.5,-130,-120,-120,-120,-130,,,-125,+215,+215,,,-135,,,,,-105,-335,-110,-110,-105,,,-105,-335,-335,,,-101,,,,
2024-04-05,Jackson Merrill,/mlb/props/jackson-merrill/,SD at SF,SD,CF,0.5,-180,-174,-180,-180,-180,,,-180,,,,,-174,,,,,+135,+145,+135,+145,+135,,,+135,,,,,+126,,,,
2024-04-05,LaMonte Wade Jr.,/mlb/props/lamonte-wade/,SD at SF,HOU,"1B,RF",1.5,-155,-150,-150,-150,-160,,,-150,+180,+180,,,-154,,,,,+115,-265,+112,+120,+120,,,+115,-265,-265,,,+112,,,,
2024-04-05,Graham Pauley,/mlb/props/graham-pauley/,SD at SF,MIA,"1B,3B",1.5,-150,-145,-145,-145,-150,,,-150,+235,+235,,,-154,,,,,+115,-360,+112,+115,+115,,,+115,-360,-360,,,+112,,,,
2024-04-05,Manny Machado,/mlb/props/manny-machado/,SD at SF,SD,"3B,DH",1.5,+135,+150,+140,+150,+140,,,+140,+140,+140,,,+133,,,,,-180,-184,-190,-185,-190,,,-190,-200,-200,,,-184,,,,
2024-04-05,Thairo Estrada,/mlb/props/thairo-estrada/,SD at SF,FA,2B,1.5,-210,-200,-200,-200,-215,,,-200,+155,+155,,,-214,,,,,+155,-225,+145,+160,+160,,,+145,-225,-225,,,+152,,,,
2024-04-05,Ha-Seong Kim,/mlb/props/ha-seong-kim/,SD at SF,ATL,"2B,SS",1.5,-170,-160,-160,-160,-170,,,-165,+235,+235,,,-169,,,,,+130,-360,+123,+130,+130,,,+125,-360,-360,,,+123,,,,
2024-04-05,Xander Bogaerts,/mlb/props/xander-bogaerts/,SD at SF,SD,SS,1.5,+160,+170,+160,+170,+160,,,+160,+150,+150,,,+152,,,,,-220,-214,-220,-220,-220,,,-215,-220,-220,,,-214,,,,
2024-04-05,Tyler Wade,/mlb/props/tyler-wade/,SD at SF,FA,"2B,LF,CF",0.5,-140,-135,-145,-135,-150,,,-135,,,,,-145,,,,,+105,+110,+106,+105,+110,,,+105,,,,,+106,,,,
2024-04-05,Michael Conforto,/mlb/props/michael-conforto/,SD at SF,CHC,"LF,RF,DH",1.5,-165,-160,-160,-160,-165,,,-165,+170,+170,,,-163,,,,,+125,-245,+118,+130,+125,,,+125,-245,-245,,,+118,,,,
2024-04-05,Matt Chapman,/mlb/props/matt-chapman/,SD at SF,SF,3B,1.5,-150,-140,-140,-145,-150,,,-140,+155,+155,,,-151,,,,,+115,-225,+110,+115,+115,,,+110,-225,-225,,,+110,,,,
2024-04-05,Mike Yastrzemski,/mlb/props/michael-yastrzemski/,SD at SF,ATL,"LF,CF,RF",1.5,-115,-120,-120,-120,-125,,,-125,+210,+210,,,-127,,,,,-115,-315,-110,-110,-105,,,-105,-315,-315,,,-108,,,,
2024-04-05,Jurickson Profar,/mlb/props/jurickson-profar/,SD at SF,ATL,LF,1.5,-190,-165,-165,-165,-185,,,-170,+200,+200,,,-184,,,,,+140,-295,+125,+135,+135,,,+125,-295,-295,,,+133,,,,
2024-04-05,Jake Cronenworth,/mlb/props/jacob-cronenworth/,SD at SF,SD,"1B,2B,SS",1.5,+125,+140,+130,+130,+125,,,+125,+140,+140,,,+126,,,,,-170,-160,-174,-160,-170,,,-165,-200,-200,,,-174,,,,
2024-04-05,Jorge Soler,/mlb/props/jorge-soler/,SD at SF,LAA,"RF,DH",1.5,-160,-150,-150,-150,-160,,,-150,+150,+150,,,-157,,,,,+120,-220,+114,+120,+120,,,+115,-220,-220,,,+114,,,,
2024-04-05,Fernando Tatis Jr.,/mlb/props/fernando-tatis-jr/,SD at SF,SD,"2B,RF",1.5,+115,+135,+125,+135,+120,,,+125,+125,+125,,,+114,,,,,-155,-157,-165,-165,-165,,,-165,-177,-177,,,-157,,,,
2024-04-05,Luke Maile,/mlb/props/luke-maile/,NYM at CIN,KC,C,0.5,-145,-135,-139,-135,-140,,,-135,,,,,-139,,,,,+110,+105,+105,+105,+105,,,+105,,,,,+102,,,,
2024-04-05,Brett Baty,/mlb/props/brett-baty/,NYM at CIN,NYM,"1B,2B,3B,RF",0.5,-120,-120,-121,-120,-125,,,-125,,,,,-121,,,,,-110,-105,-110,-110,-105,,,-105,,,,,-113,,,,
2024-04-05,Will Benson,/mlb/props/will-benson/,NYM at CIN,CIN,"LF,CF,RF",0.5,+110,+100,-105,-110,+100,,,-105,,,,,+100,,,,,-150,-120,-130,-120,-130,,,-125,,,,,-137,,,,
2024-04-05,Jonathan India,/mlb/props/jonathan-india/,NYM at CIN,KC,"2B,3B,LF,DH",1.5,-185,-190,-190,-190,-200,,,+120,+135,+135,,,-199,,,,,+135,-160,+143,+155,+150,,,-160,-190,-190,,,+143,,,,
2024-04-05,Starling Marte,/mlb/props/starling-marte/,NYM at CIN,KC,"LF,RF,DH",1.5,+145,+155,+145,+155,+150,,,+145,+132,+132,,,+143,,,,,-200,-186,-199,-190,-200,,,-200,-186,-186,,,-199,,,,
2024-04-05,Francisco Lindor,/mlb/props/francisco-lindor/,NYM at CIN,NYM,SS,1.5,-170,-160,-160,-160,-170,,,-165,+118,+118,,,-169,,,,,+130,-165,+123,+130,+125,,,+125,-165,-165,,,+123,,,,
2024-04-05,Brandon Nimmo,/mlb/props/brandon-nimmo/,NYM at CIN,TEX,"LF,CF,RF,DH",1.5,-180,-170,-170,-170,-175,,,-175,+138,+138,,,-184,,,,,+135,-195,+130,+140,+135,,,+130,-195,-195,,,+133,,,,
2024-04-05,DJ Stewart,/mlb/props/dj-stewart/,NYM at CIN,PIT,"LF,RF",0.5,+125,+130,+125,+130,+120,,,+125,,,,,+118,,,,,-165,-160,-163,-160,-160,,,-165,,,,,-163,,,,
2024-04-05,Jeff McNeil,/mlb/props/jeff-mcneil/,NYM at CIN,ATH,"2B,LF,CF,RF",1.5,-180,-165,-165,-165,-170,,,-175,+160,+160,,,-179,,,,,+135,-230,+129,+135,+130,,,+130,-230,-230,,,+129,,,,
2024-04-05,Elly De La Cruz,/mlb/props/elly-de-la-cruz/,NYM at CIN,CIN,SS,1.5,-150,-150,-150,-150,-155,,,-160,+160,+160,,,-160,,,,,+115,-230,+116,+120,+120,,,+120,-230,-230,,,+116,,,,
2024-04-05,Christian Encarnacion-Strand,/mlb/props/christian-encarnacion-strand/,NYM at CIN,BAL,"1B,3B",1.5,+145,+145,+135,+145,+140,,,+135,+123,+123,,,+129,,,,,-200,-175,-180,-180,-190,,,-180,-175,-175,,,-179,,,,
2024-04-05,Harrison Bader,/mlb/props/harrison-bader/,NYM at CIN,SF,"LF,CF,RF",0.5,-130,-130,-130,-130,-130,,,-130,,,,,-133,,,,,+100,+100,+100,+100,+100,,,+100,,,,,-103,,,,
2024-04-05,Spencer Steer,/mlb/props/spencer-steer/,NYM at CIN,CIN,"1B,2B,LF,RF",1.5,+130,+125,+120,+125,+120,,,+120,+108,+108,,,+114,,,,,-175,-152,-155,-155,-155,,,-160,-152,-152,,,-157,,,,
2024-04-05,Jeimer Candelario,/mlb/props/jeimer-candelario/,NYM at CIN,LAA,"1B,3B",0.5,+145,-185,-185,-185,+145,,,-190,,,,,-189,,,,,-190,-190,+136,+150,-190,,,+140,,,,,+136,,,,
2024-04-05,Stuart Fairchild,/mlb/props/stuart-fairchild/,NYM at CIN,CLE,"LF,CF,RF",0.5,-120,-135,-139,-135,-140,,,-135,,,,,-139,,,,,-110,+105,+105,+105,+105,,,+105,,,,,+102,,,,
2024-04-05,Jake Fraley,/mlb/props/jake-fraley/,NYM at CIN,TB,"LF,RF",0.5,-130,-140,-145,-140,-140,,,-150,,,,,-145,,,,,-105,+115,+110,+110,+105,,,+115,,,,,+106,,,,
2024-04-05,Tyrone Taylor,/mlb/props/tyrone-taylor/,NYM at CIN,NYM,"LF,CF,RF",0.5,-140,-148,-150,-150,-160,,,-160,,,,,-148,,,,,+105,+120,+120,+120,+120,,,+120,,,,,+108,,,,
2024-04-05,Santiago Espinal,/mlb/props/santiago-espinal/,NYM at CIN,FA,"2B,3B,LF,RF",0.5,+155,-190,-190,-190,+145,,,-200,,,,,-199,,,,,-210,-195,+143,+155,-195,,,+145,,,,,+143,,,,
2024-04-05,Francisco Alvarez,/mlb/props/francisco-alvarez/,NYM at CIN,NYM,"C,DH",1.5,-160,-155,-155,-155,-165,,,-160,+145,+145,,,-166,,,,,+120,-205,+120,+125,+125,,,+120,-205,-205,,,+120,,,,
2024-04-05,Pete Alonso,/mlb/props/peter-alonso/,NYM at CIN,BAL,"1B,DH",1.5,+130,+130,+125,+130,+125,,,+125,+107,+107,,,+116,,,,,-175,-150,-160,-160,-170,,,-165,-150,-150,,,-160,,,,
2024-04-05,J.T. Realmuto,/mlb/props/jt-realmuto/,PHI at WSH,PHI,C,1.5,+130,+130,+125,+130,+125,,,+125,+115,+115,,,+116,,,,,-170,-160,-162,-160,-165,,,-165,-162,-162,,,-160,,,,
2024-04-05,Kyle Schwarber,/mlb/props/kyle-schwarber/,PHI at WSH,PHI,"LF,DH",1.5,-170,-169,-169,-170,-175,,,-175,+133,+133,,,-169,,,,,+125,-190,+123,+140,+130,,,+130,-190,-190,,,+123,,,,
2024-04-05,Alec Bohm,/mlb/props/alec-bohm/,PHI at WSH,PHI,"1B,3B",1.5,+110,+110,+108,+105,+110,,,+105,+110,+110,,,+108,,,,,-145,-135,-145,-135,-145,,,-135,-152,-152,,,-148,,,,
2024-04-05,Jesse Winker,/mlb/props/jesse-winker/,PHI at WSH,FA,"LF,RF,DH",1.5,-120,-115,-115,-115,-120,,,-120,+240,+240,,,-121,,,,,-110,-375,-115,-115,-110,,,-110,-375,-375,,,-113,,,,
2024-04-05,Joey Meneses,/mlb/props/joey-meneses/,PHI at WSH,ATH,1B,1.5,+160,+160,+152,+160,+160,,,+150,+150,+150,,,+152,,,,,-220,-200,-214,-200,-220,,,-210,-220,-220,,,-214,,,,
2024-04-05,Johan Rojas,/mlb/props/johan-rojas/,PHI at WSH,PHI,CF,0.5,-165,-165,-170,-165,-170,,,-175,,,,,-174,,,,,+120,+135,+130,+135,+130,,,+130,,,,,+126,,,,
2024-04-05,Luis Garcia,/mlb/props/luis-garcia-2b/,PHI at WSH,WSH,"1B,2B,DH",0.5,-165,-160,-165,-160,-160,,,-165,,,,,-166,,,,,+125,+130,+125,+130,+120,,,+125,,,,,+120,,,,
2024-04-05,Keibert Ruiz,/mlb/props/keibert-ruiz/,PHI at WSH,WSH,C,1.5,-150,-140,-140,-145,-150,,,-140,+185,+185,,,-154,,,,,+115,-275,+110,+115,+115,,,+110,-275,-275,,,+112,,,,
2024-04-05,Trey Lipscomb,/mlb/props/trey-lipscomb/,PHI at WSH,WSH,3B,0.5,-130,-130,-130,-130,-135,,,-130,,,,,-135,,,,,-105,+100,+100,+100,+100,,,+100,,,,,-101,,,,
2024-04-05,CJ Abrams,/mlb/props/cj-abrams/,PHI at WSH,WSH,SS,1.5,-195,-180,-180,-180,-190,,,-190,+123,+123,,,-189,,,,,+145,-175,+136,+145,+140,,,+140,-175,-175,,,+136,,,,
2024-04-05,Joey Gallo,/mlb/props/joey-gallo/,PHI at WSH,FA,"1B,LF,CF,RF",1.5,+120,+120,+120,+120,+120,,,+115,+195,+195,,,+116,,,,,-160,-286,-160,-150,-160,,,-150,-286,-286,,,-160,,,,
2024-04-05,Eddie Rosario,/mlb/props/eddie-rosario/,PHI at WSH,FA,"LF,CF,RF,DH",1.5,-115,-110,-110,-115,-115,,,-110,+195,+195,,,-121,,,,,-115,-286,-120,-115,-115,,,-120,-286,-286,,,-113,,,,
2024-04-05,Whit Merrifield,/mlb/props/whit-merrifield/,PHI at WSH,FA,"2B,3B,LF",1.5,+145,+145,+140,+145,+140,,,+140,,,,,+129,,,,,-195,-179,-180,-180,-190,,,-190,,,,,-179,,,,
2024-04-05,Bryce Harper,/mlb/props/bryce-harper/,PHI at WSH,PHI,"1B,DH",1.5,+130,+125,+120,+125,+120,,,+120,+112,+112,,,+123,,,,,-170,-155,-160,-155,-160,,,-160,-157,-157,,,-169,,,,
2024-04-05,Brandon Marsh,/mlb/props/brandon-marsh/,PHI at WSH,PHI,"LF,CF,RF",0.5,-145,-135,-137,-135,-145,,,-135,,,,,-137,,,,,+105,+105,+105,+105,+105,,,+105,,,,,+100,,,,
2024-04-05,Lane Thomas,/mlb/props/lane-thomas/,PHI at WSH,KC,"LF,CF,RF",1.5,-205,-199,-199,-200,-205,,,-210,+148,+148,,,-199,,,,,+150,-210,+143,+160,+150,,,+150,-210,-210,,,+143,,,,
2024-04-05,Trea Turner,/mlb/props/trea-turner/,PHI at WSH,PHI,SS,1.5,-105,+100,-105,-105,+100,,,+100,-113,-113,,,-106,,,,,-130,-124,-129,-125,-130,,,-130,-124,-124,,,-129,,,,
2024-04-05,Bryson Stott,/mlb/props/bryson-stott-ss/,PHI at WSH,PHI,"2B,SS",1.5,+150,+155,+145,+155,+150,,,+145,+143,+143,,,+143,,,,,-200,-190,-199,-190,-200,,,-200,-205,-205,,,-199,,,,
2024-04-05,Nick Castellanos,/mlb/props/nick-castellanos/,PHI at WSH,FA,"RF,DH",1.5,+120,+140,+126,+140,+130,,,+130,+112,+112,,,+126,,,,,-155,-157,-170,-170,-175,,,-175,-157,-157,,,-174,,,,
2024-04-05,Austin Riley,/mlb/props/austin-riley/,ARI at ATL,ATL,3B,1.5,+100,+105,+100,+100,+105,,,+100,-110,-110,,,+104,,,,,-135,-127,-135,-130,-135,,,-130,-127,-127,,,-142,,,,
2024-04-05,Eugenio Suarez,/mlb/props/eugenio-suarez/,ARI at ATL,CIN,"3B,DH",1.5,+110,+110,+110,+110,+110,,,+105,+220,+220,,,+104,,,,,-145,-335,-145,-140,-145,,,-135,-335,-335,,,-142,,,,
2024-04-05,Gabriel Moreno,/mlb/props/gabriel-moreno/,ARI at ATL,ARI,C,1.5,-145,-135,-135,-140,-145,,,-135,+230,+230,,,-145,,,,,+110,-345,+105,+110,+110,,,+105,-345,-345,,,+106,,,,
2024-04-05,Lourdes Gurriel Jr.,/mlb/props/lourdes-gurriel-jr/,ARI at ATL,ARI,"LF,DH",1.5,-180,-179,-179,-180,-180,,,-180,+155,+155,,,-179,,,,,+135,-230,+129,+145,+135,,,+135,-230,-230,,,+129,,,,
2024-04-05,Jace Peterson,/mlb/props/jace-peterson/,ARI at ATL,FA,"2B,3B,SS",0.5,+110,+110,+106,+105,+110,,,+105,,,,,+106,,,,,-145,-135,-145,-135,-145,,,-135,,,,,-145,,,,
2024-04-05,Orlando Arcia,/mlb/props/orlando-arcia/,ARI at ATL,MIN,"1B,2B,3B,SS",1.5,-160,-179,-179,-180,-185,,,-180,+155,+155,,,-179,,,,,+120,-225,+129,+145,+135,,,+135,-225,-225,,,+129,,,,
2024-04-05,Adam Duvall,/mlb/props/adam-duvall/,ARI at ATL,FA,"LF,CF,RF",1.5,+105,+105,+104,+105,+105,,,+105,-104,-104,,,+104,,,,,-135,-134,-135,-135,-140,,,-135,-134,-134,,,-142,,,,
2024-04-05,Ozzie Albies,/mlb/props/ozhaino-albies/,ARI at ATL,ATL,2B,1.5,-115,-109,-115,-115,-110,,,-110,-127,-127,,,-109,,,,,-115,-109,-120,-115,-120,,,-120,-109,-109,,,-125,,,,
2024-04-05,Marcell Ozuna,/mlb/props/marcell-ozuna/,ARI at ATL,PIT,DH,1.5,+100,+100,-106,-105,-105,,,+100,-118,-118,,,-106,,,,,-130,-118,-125,-125,-130,,,-130,-118,-118,,,-129,,,,
2024-04-05,Jake McCarthy,/mlb/props/jake-mccarthy/,ARI at ATL,COL,"LF,CF,RF",0.5,-135,-120,-120,-120,-120,,,-120,,,,,-125,,,,,+100,-109,-110,-110,-110,,,-110,,,,,-109,,,,
2024-04-05,Geraldo Perdomo,/mlb/props/geraldo-perdomo/,ARI at ATL,ARI,SS,0.5,+105,+110,+105,+110,+105,,,+105,,,,,+102,,,,,-140,-135,-139,-140,-135,,,-135,,,,,-139,,,,
2024-04-05,Joc Pederson,/mlb/props/joc-pederson/,ARI at ATL,TEX,DH,1.5,-125,-120,-120,-120,-125,,,-120,+188,+188,,,-125,,,,,-110,-278,-110,-110,-105,,,-110,-278,-278,,,-109,,,,
2024-04-05,Ronald Acuna Jr.,/mlb/props/ronald-acuna/,ARI at ATL,ATL,RF,1.5,-115,-113,-120,-115,-120,,,-120,-159,-159,,,-113,,,,,-115,+114,-110,-115,-110,,,-110,+114,+114,,,-121,,,,
2024-04-05,Travis d'Arnaud,/mlb/props/travis-darnaud/,ARI at ATL,LAA,C,0.5,-170,-165,-170,-165,-170,,,-175,,,,,-169,,,,,+130,+135,+130,+135,+130,,,+130,,,,,+123,,,,
2024-04-05,Corbin Carroll,/mlb/props/corbin-carroll-of/,ARI at ATL,ARI,"CF,RF",1.5,-165,-160,-160,-160,-160,,,-165,+145,+145,,,-163,,,,,+125,-205,+118,+130,+120,,,+125,-205,-205,,,+118,,,,
2024-04-05,Matt Olson,/mlb/props/matt-olson/,ARI at ATL,ATL,1B,1.5,+115,+112,+110,+110,+110,,,+110,+100,+100,,,+112,,,,,-150,-139,-140,-140,-150,,,-140,-139,-139,,,-154,,,,
2024-04-05,Michael Harris II,/mlb/props/michael-harris/,ARI at ATL,ATL,CF,1.5,+130,+130,+125,+130,+125,,,+125,+130,+130,,,+118,,,,,-175,-160,-165,-160,-165,,,-165,-182,-182,,,-163,,,,
2024-04-05,Christian Walker,/mlb/props/christian-walker/,ARI at ATL,HOU,1B,1.5,-130,-125,-125,-125,-130,,,-130,+175,+175,,,-129,,,,,+100,-250,-106,-105,+100,,,+100,-250,-250,,,-106,,,,
2024-04-05,Ketel Marte,/mlb/props/ketel-marte/,ARI at ATL,ARI,"2B,DH",1.5,+140,+145,+140,+145,+140,,,+140,+145,+145,,,+136,,,,,-190,-180,-190,-180,-190,,,-190,-210,-210,,,-189,,,,
2024-04-05,Andrew Vaughn,/mlb/props/andrew-vaughn-1b/,CWS at KC,MIL,1B,1.5,+130,+145,+130,+140,+130,,,+130,+145,+145,,,+118,,,,,-175,-163,-175,-170,-175,,,-175,-210,-210,,,-163,,,,
2024-04-05,Freddy Fermin,/mlb/props/freddy-fermin/,CWS at KC,SD,C,1.5,+155,+155,+145,+155,+145,,,+145,,,,,+136,,,,,-215,-189,-195,-190,-195,,,-200,,,,,-189,,,,
2024-04-05,Nicky Lopez,/mlb/props/nicky-lopez/,CWS at KC,TEX,"2B,3B,SS",0.5,-205,-199,-205,-200,-205,,,-210,,,,,-199,,,,,+150,+160,+150,+160,+155,,,+150,,,,,+143,,,,
2024-04-05,Adam Frazier,/mlb/props/adam-frazier/,CWS at KC,LAA,"2B,LF,RF",1.5,-185,-180,-180,-180,-185,,,-180,+170,+170,,,-184,,,,,+140,-250,+133,+145,+140,,,+135,-250,-250,,,+133,,,,
2024-04-05,Braden Shewmake,/mlb/props/braden-shewmake/,CWS at KC,HOU,"2B,3B,SS",1.5,-160,-155,-155,-155,-165,,,-160,+175,+175,,,-160,,,,,+120,-250,+116,+125,+125,,,+120,-250,-250,,,+116,,,,
2024-04-05,Luis Robert Jr.,/mlb/props/luis-robert/,CWS at KC,NYM,CF,1.5,+125,+135,+125,+135,+125,,,+125,+117,+117,,,+118,,,,,-165,-163,-165,-165,-170,,,-165,-165,-165,,,-163,,,,
2024-04-05,Andrew Benintendi,/mlb/props/andrew-benintendi/,CWS at KC,CWS,"LF,DH",1.5,+120,+120,+115,+120,+115,,,+115,+117,+117,,,+108,,,,,-160,-148,-155,-150,-155,,,-150,-165,-165,,,-148,,,,
2024-04-05,Bobby Witt Jr.,/mlb/props/bobby-witt-jr/,CWS at KC,KC,SS,1.5,-120,-115,-123,-115,-120,,,-120,-137,-137,,,-123,,,,,-110,-103,-110,-115,-110,,,-110,-103,-103,,,-111,,,,
2024-04-05,Maikel Garcia,/mlb/props/maikel-garcia/,CWS at KC,KC,"2B,3B,SS,OF",1.5,+100,+105,-101,+105,+105,,,+105,-105,-105,,,-101,,,,,-135,-134,-135,-135,-140,,,-135,-134,-134,,,-135,,,,
2024-04-05,Martin Maldonado,/mlb/props/martin-maldonado/,CWS at KC,FA,C,0.5,+115,+120,+115,+120,+115,,,+115,,,,,+110,,,,,-150,-150,-151,-150,-155,,,-150,,,,,-151,,,,
2024-04-05,Dominic Fletcher,/mlb/props/dominic-fletcher/,CWS at KC,PIT,"CF,RF",1.5,-200,-190,-190,-190,-200,,,-200,+170,+170,,,-194,,,,,+145,-245,+139,+155,+150,,,+145,-245,-245,,,+139,,,,
2024-04-05,Robbie Grossman,/mlb/props/robbie-grossman/,CWS at KC,FA,"LF,RF",0.5,-165,-160,-165,-160,-165,,,-165,,,,,-166,,,,,+125,+130,+125,+130,+125,,,+125,,,,,+120,,,,
2024-04-05,MJ Melendez,/mlb/props/mj-melendez/,CWS at KC,NYM,"LF,DH",1.5,+125,+120,+118,+120,+115,,,+115,+118,+118,,,+118,,,,,-165,-150,-155,-150,-155,,,-150,-167,-167,,,-163,,,,
2024-04-05,Vinnie Pasquantino,/mlb/props/vinnie-pasquantino/,CWS at KC,KC,"1B,DH",1.5,+115,+115,+110,+110,+110,,,+110,+115,+115,,,+110,,,,,-150,-140,-145,-140,-145,,,-140,-162,-162,,,-151,,,,
2024-04-05,Paul DeJong,/mlb/props/paul-dejong/,CWS at KC,FA,"2B,3B,SS",0.5,-135,-130,-135,-130,-135,,,-135,,,,,-137,,,,,+105,+105,+100,+100,+105,,,+105,,,,,+100,,,,
2024-04-05,Salvador Perez,/mlb/props/salvador-perez/,CWS at KC,KC,"C,1B,DH",1.5,+105,+105,+104,+105,+105,,,+105,+102,+102,,,+104,,,,,-140,-135,-140,-135,-140,,,-135,-141,-141,,,-142,,,,
2024-04-05,Nelson Velazquez,/mlb/props/nelson-velazquez/,CWS at KC,STL,"LF,RF,DH",0.5,-180,-165,-175,-165,-175,,,-175,,,,,-184,,,,,+135,+135,+133,+135,+130,,,+130,,,,,+133,,,,
2024-04-05,Kyle Isbel,/mlb/props/kyle-isbel/,CWS at KC,KC,CF,0.5,-155,-150,-155,-150,-155,,,-150,,,,,-157,,,,,+120,+120,+115,+120,+115,,,+115,,,,,+114,,,,
2024-04-05,Yoan Moncada,/mlb/props/yoan-moncada/,CWS at KC,LAA,3B,1.5,-180,-179,-179,-185,-190,,,-190,+175,+175,,,-179,,,,,+135,-250,+129,+150,+140,,,+140,-250,-250,,,+129,,,,
2024-04-05,Gavin Sheets,/mlb/props/gavin-sheets/,CWS at KC,SD,"1B,LF,RF,DH",1.5,-185,-180,-180,-180,-185,,,-180,+163,+163,,,-184,,,,,+140,-235,+133,+145,+135,,,+135,-235,-235,,,+133,,,,
2024-04-05,Hunter Renfroe,/mlb/props/hunter-renfroe/,CWS at KC,FA,RF,0.5,-190,-165,-170,-165,-170,,,-175,,,,,-169,,,,,+140,+135,+130,+135,+130,,,+130,,,,,+123,,,,
2024-04-05,Kyle Tucker,/mlb/props/kyle-tucker/,HOU at TEX,LAD,"RF,DH",1.5,+115,-109,-111,-115,-110,,,-110,-109,-109,,,-111,,,,,-155,-115,-120,-115,-120,,,-120,-129,-129,,,-123,,,,
2024-04-05,Jake Meyers,/mlb/props/jacob-meyers/,HOU at TEX,HOU,CF,0.5,-140,-150,-155,-150,-155,,,-150,,,,,-157,,,,,+105,+120,+115,+120,+120,,,+115,,,,,+114,,,,
2024-04-05,Jose Abreu,/mlb/props/jose-dariel-abreu/,HOU at TEX,FA,1B,1.5,+115,+117,+110,+110,+110,,,+105,+117,+117,,,-101,,,,,-150,-135,-145,-140,-145,,,-135,-165,-165,,,-135,,,,
2024-04-05,Adolis Garcia,/mlb/props/jose-adolis-garcia/,HOU at TEX,PHI,RF,1.5,+105,-104,-113,-115,-115,,,-115,-104,-104,,,-113,,,,,-140,-115,-121,-115,-115,,,-115,-136,-136,,,-121,,,,
2024-04-05,Leody Taveras,/mlb/props/leody-taveras-of/,HOU at TEX,BAL,"CF,RF",1.5,-180,-190,+136,+145,-190,,,+140,+175,+175,,,+136,,,,,+135,-180,-180,-180,+140,,,-190,-250,-250,,,-189,,,,
2024-04-05,Chas McCormick,/mlb/props/chas-mccormick/,HOU at TEX,CHC,"LF,CF,RF",1.5,+140,+120,+115,+120,+120,,,+115,+108,+108,,,+118,,,,,-190,-150,-152,-150,-160,,,-150,-152,-152,,,-163,,,,
2024-04-05,Jeremy Pena,/mlb/props/jeremy-pena/,HOU at TEX,HOU,SS,1.5,+125,+110,+110,+110,+110,,,+110,+110,+110,,,+108,,,,,-170,-140,-148,-140,-150,,,-140,-152,-152,,,-148,,,,
2024-04-05,Corey Seager,/mlb/props/corey-seager/,HOU at TEX,TEX,SS,1.5,-110,-124,-135,-135,-140,,,-135,-124,-124,,,-139,,,,,-120,+105,+102,+105,+105,,,+105,-113,-113,,,+102,,,,
2024-04-05,Jose Altuve,/mlb/props/jose-altuve/,HOU at TEX,HOU,"2B,LF,DH",1.5,+100,-115,-120,-115,-120,,,-120,-121,-121,,,-121,,,,,-130,-110,-113,-115,-110,,,-110,-115,-115,,,-113,,,,
2024-04-05,Yordan Alvarez,/mlb/props/yordan-alvarez/,HOU at TEX,HOU,"LF,DH",1.5,-115,-127,-135,-130,-135,,,-135,-127,-127,,,-137,,,,,-115,+105,+100,+100,+100,,,+105,-110,-110,,,+100,,,,
2024-04-05,Alex Bregman,/mlb/props/alex-bregman/,HOU at TEX,CHC,"3B,DH",1.5,+105,+117,+104,+100,+100,,,+100,+117,+117,,,+104,,,,,-140,-130,-142,-130,-130,,,-130,-165,-165,,,-142,,,,
2024-04-05,Yainer Diaz,/mlb/props/yainer-diaz-c/,HOU at TEX,HOU,"C,DH",1.5,+110,+100,-105,-105,-105,,,-105,+100,+100,,,-101,,,,,-150,-125,-125,-125,-125,,,-125,-139,-139,,,-135,,,,
2024-04-05,Wyatt Langford,/mlb/props/wyatt-langford/,HOU at TEX,TEX,"LF,CF",1.5,+150,+148,+115,+115,+115,,,+115,+148,+148,,,+110,,,,,-205,-145,-151,-145,-150,,,-150,-210,-210,,,-151,,,,
2024-04-05,Jared Walsh,/mlb/props/jared-walsh/,HOU at TEX,FA,"1B,RF",1.5,-120,-135,-135,-135,-140,,,-135,+210,+210,,,-139,,,,,-110,-335,+102,+105,+105,,,+105,-335,-335,,,+102,,,,
2024-04-05,Jonah Heim,/mlb/props/jonah-heim/,HOU at TEX,ATH,"C,DH",1.5,+130,+150,+135,+135,+130,,,+125,+150,+150,,,+126,,,,,-175,-165,-175,-165,-175,,,-165,-220,-220,,,-174,,,,
2024-04-05,Marcus Semien,/mlb/props/marcus-semien/,HOU at TEX,NYM,2B,1.5,+100,+112,-115,-115,-120,,,-120,+112,+112,,,-121,,,,,-135,-110,-115,-115,-110,,,-110,-157,-157,,,-113,,,,
2024-04-05,Josh Smith,/mlb/props/josh-smith-ss/,HOU at TEX,TEX,"1B,2B,3B,SS,LF,RF",1.5,-150,-170,-170,-170,-170,,,-175,+180,+180,,,-174,,,,,+110,-265,+126,+140,+130,,,+130,-265,-265,,,+126,,,,
2024-04-05,Evan Carter,/mlb/props/evan-carter/,HOU at TEX,TEX,"LF,CF,RF",1.5,-190,-189,-189,-190,-190,,,-200,+188,+188,,,-189,,,,,+140,-278,+136,+155,+140,,,+145,-278,-278,,,+136,,,,
2024-04-05,Dominic Canzone,/mlb/props/dominic-canzone/,SEA at MIL,SEA,"LF,RF,DH",1.5,-125,-120,-120,-120,-125,,,-125,+185,+185,,,-125,,,,,-105,-275,-110,-110,-105,,,-105,-275,-275,,,-109,,,,
2024-04-05,Sal Frelick,/mlb/props/sal-frelick/,SEA at MIL,MIL,"LF,CF,RF",1.5,-195,-190,-190,-190,-195,,,-200,+190,+190,,,-199,,,,,+145,-286,+143,+155,+145,,,+145,-286,-286,,,+143,,,,
2024-04-05,Christian Yelich,/mlb/props/christian-yelich/,SEA at MIL,MIL,"LF,DH",1.5,+130,+130,+125,+130,+125,,,+125,+128,+128,,,+123,,,,,-175,-160,-169,-160,-170,,,-165,-180,-180,,,-169,,,,
2024-04-05,Oliver Dunn,/mlb/props/oliver-dunn/,SEA at MIL,TB,3B,0.5,-135,-139,-145,-145,-150,,,-140,,,,,-139,,,,,+100,+115,+110,+115,+110,,,+110,,,,,+102,,,,
2024-04-05,Luke Raley,/mlb/props/lucas-raley/,SEA at MIL,SEA,"1B,LF,CF,RF",1.5,+100,+100,+100,-105,+100,,,+100,+200,+200,,,-103,,,,,-130,-305,-133,-125,-130,,,-130,-305,-305,,,-133,,,,
2024-04-05,Julio Rodriguez,/mlb/props/julio-rodriguez-of/,SEA at MIL,SEA,CF,1.5,-175,-174,-174,-180,-175,,,-180,+125,+125,,,-174,,,,,+130,-177,+126,+145,+130,,,+135,-177,-177,,,+126,,,,
2024-04-05,J.P. Crawford,/mlb/props/jp-crawford/,SEA at MIL,SEA,"3B,SS",1.5,-145,-140,-140,-145,-150,,,-140,+163,+163,,,-151,,,,,+110,-235,+110,+115,+115,,,+110,-235,-235,,,+110,,,,
2024-04-05,Josh Rojas,/mlb/props/josh-rojas/,SEA at MIL,KC,"2B,3B",1.5,+100,+100,+100,+100,+100,,,+100,+260,+260,,,-104,,,,,-130,-435,-131,-130,-130,,,-130,-435,-435,,,-131,,,,
2024-04-05,Cal Raleigh,/mlb/props/caleb-raleigh/,SEA at MIL,SEA,"C,DH",1.5,-130,-130,-130,-130,-130,,,-130,+128,+128,,,-135,,,,,+100,-180,-101,+100,+100,,,+100,-180,-180,,,-101,,,,
2024-04-05,Ty France,/mlb/props/tyler-france/,SEA at MIL,SD,1B,1.5,-125,-125,-125,-125,-125,,,-130,+180,+180,,,-129,,,,,-105,-275,-106,-105,-105,,,+100,-275,-275,,,-106,,,,
2024-04-05,Joey Ortiz,/mlb/props/joey-ortiz/,SEA at MIL,MIL,"3B,SS",1.5,-125,-120,-120,-120,-125,,,-125,+265,+265,,,-131,,,,,-105,-420,-110,-110,-105,,,-105,-420,-420,,,-104,,,,
2024-04-05,Mitch Garver,/mlb/props/mitch-garver/,SEA at MIL,SEA,"C,DH",1.5,-115,-115,-115,-115,-115,,,-115,+163,+163,,,-115,,,,,-115,-240,-119,-115,-115,,,-115,-240,-240,,,-119,,,,
2024-04-05,Mitch Haniger,/mlb/props/mitch-haniger/,SEA at MIL,FA,RF,0.5,-120,-115,-120,-115,-120,,,-120,,,,,-121,,,,,-110,-110,-113,-115,-110,,,-110,,,,,-113,,,,
2024-04-05,Rhys Hoskins,/mlb/props/rhys-hoskins/,SEA at MIL,CLE,"1B,DH",1.5,-185,-170,-170,-170,-180,,,-175,+135,+135,,,-189,,,,,+140,-195,+130,+140,+135,,,+130,-195,-195,,,+136,,,,
2024-04-05,Willy Adames,/mlb/props/willy-adames/,SEA at MIL,SF,SS,1.5,-185,-180,-180,-180,-185,,,-180,+145,+145,,,-184,,,,,+135,-210,+133,+145,+135,,,+135,-210,-210,,,+133,,,,
2024-04-05,Jorge Polanco,/mlb/props/jorge-polanco/,SEA at MIL,NYM,"2B,3B,DH",1.5,-140,-130,-130,-130,-140,,,-130,+155,+155,,,-135,,,,,+105,-225,-101,+100,+105,,,+100,-225,-225,,,-101,,,,
2024-04-05,William Contreras,/mlb/props/william-contreras/,SEA at MIL,MIL,"C,DH",1.5,+130,+133,+125,+130,+125,,,+125,+133,+133,,,+120,,,,,-175,-160,-166,-160,-165,,,-165,-190,-190,,,-166,,,,
2024-04-05,Brice Turang,/mlb/props/brice-turang/,SEA at MIL,MIL,2B,1.5,-150,-145,-145,-145,-150,,,-150,+210,+210,,,-148,,,,,+110,-335,+108,+115,+110,,,+115,-335,-335,,,+108,,,,
2024-04-05,Jackson Chourio,/mlb/props/jackson-chourio/,SEA at MIL,MIL,"LF,CF,RF",1.5,+140,+145,+140,+145,+140,,,+140,,,,,+129,,,,,-190,-179,-180,-180,-190,,,-190,,,,,-179,,,,
2024-04-05,Zach Neto,/mlb/props/zach-neto/,BOS at LAA,LAA,SS,1.5,-125,-125,-125,-125,-130,,,-130,+200,+200,,,-131,,,,,-105,-295,-105,-105,-105,,,+100,-295,-295,,,-104,,,,
2024-04-05,Connor Wong,/mlb/props/connor-wong/,BOS at LAA,BOS,C,0.5,-105,-108,-110,-115,-110,,,-110,,,,,-108,,,,,-125,-115,-120,-115,-120,,,-120,,,,,-127,,,,
2024-04-05,Rafael Devers,/mlb/props/rafael-devers/,BOS at LAA,SF,"1B,DH",1.5,+110,+110,+105,+110,+110,,,+105,-108,-108,,,+102,,,,,-145,-129,-139,-140,-145,,,-135,-129,-129,,,-139,,,,
2024-04-05,Jarren Duran,/mlb/props/jarren-duran/,BOS at LAA,BOS,"LF,CF,DH",1.5,+125,+125,+120,+125,+120,,,+120,+112,+112,,,+114,,,,,-170,-155,-157,-155,-160,,,-160,-157,-157,,,-157,,,,
2024-04-05,Enmanuel Valdez,/mlb/props/enmanuel-valdez/,BOS at LAA,PIT,1B,1.5,-130,-135,-135,-135,-140,,,-135,+180,+180,,,-145,,,,,+100,-265,+105,+105,+105,,,+105,-265,-265,,,+106,,,,
2024-04-05,Masataka Yoshida,/mlb/props/masataka-yoshida/,BOS at LAA,BOS,"LF,DH",0.5,-200,-200,+152,+165,-200,,,-215,,,,,+152,,,,,+150,-210,+145,-210,+145,,,+160,,,,,-214,,,,
2024-04-05,Miguel Sano,/mlb/props/miguel-sano/,BOS at LAA,FA,"1B,3B",0.5,-115,-125,-130,-125,-130,,,-130,,,,,-131,,,,,-115,+100,-104,-105,+100,,,+100,,,,,-104,,,,
2024-04-05,Mike Trout,/mlb/props/mike-trout/,BOS at LAA,LAA,"CF,RF,DH",1.5,+125,+135,+123,+135,+130,,,+130,+114,+114,,,+123,,,,,-170,-159,-169,-165,-170,,,-175,-159,-159,,,-169,,,,
2024-04-05,Reese McGuire,/mlb/props/reese-mcguire/,BOS at LAA,FA,C,1.5,-130,-125,-125,-125,-130,,,-130,+230,+230,,,-133,,,,,+100,-345,-105,-105,+100,,,+100,-345,-345,,,-103,,,,
2024-04-05,Wilyer Abreu,/mlb/props/wilyer-abreu/,BOS at LAA,BOS,"LF,CF,RF",0.5,-140,-135,-135,-135,-135,,,-135,,,,,-137,,,,,+105,+105,+100,+105,+100,,,+105,,,,,+100,,,,
2024-04-05,Aaron Hicks,/mlb/props/aaron-hicks/,BOS at LAA,FA,"LF,CF,RF",1.5,-105,-105,-105,-110,-105,,,-105,+205,+205,,,-115,,,,,-125,-315,-125,-120,-125,,,-125,-315,-315,,,-119,,,,
2024-04-05,Anthony Rendon,/mlb/props/anthony-rendon/,BOS at LAA,LAA,3B,1.5,-195,-200,+143,+155,-200,,,+145,+145,+145,,,+143,,,,,+145,-190,-190,-190,+145,,,-200,-205,-205,,,-199,,,,
2024-04-05,Taylor Ward,/mlb/props/taylor-ward/,BOS at LAA,BAL,LF,1.5,+135,+135,+130,+135,+130,,,+130,+125,+125,,,+123,,,,,-185,-165,-175,-165,-175,,,-175,-177,-177,,,-169,,,,
2024-04-05,Nolan Schanuel,/mlb/props/nolan-schanuel/,BOS at LAA,LAA,1B,1.5,-195,-190,-190,-190,-200,,,-200,+155,+155,,,-204,,,,,+145,-225,+145,+155,+150,,,+145,-225,-225,,,+146,,,,
2024-04-05,Triston Casas,/mlb/props/triston-casas/,BOS at LAA,BOS,1B,1.5,-145,-135,-135,-135,-140,,,-135,+150,+150,,,-142,,,,,+110,-220,+104,+105,+105,,,+105,-220,-220,,,+104,,,,
2024-04-05,Brandon Drury,/mlb/props/brandon-drury/,BOS at LAA,KC,"1B,2B,3B",1.5,-180,-185,-185,-185,-190,,,-190,+135,+135,,,-189,,,,,+135,-195,+136,+150,+140,,,+140,-195,-195,,,+136,,,,
2024-04-05,Tyler O'Neill,/mlb/props/tyler-oneill/,BOS at LAA,BAL,"LF,RF",0.5,-180,-180,-180,-180,-180,,,-180,,,,,-184,,,,,+135,+145,+135,+145,+135,,,+135,,,,,+133,,,,
2024-04-05,Trevor Story,/mlb/props/trevor-story/,BOS at LAA,BOS,SS,1.5,-165,-169,-169,-170,-175,,,-175,+148,+148,,,-169,,,,,+125,-215,+123,+140,+130,,,+130,-215,-215,,,+123,,,,
2024-04-05,Ceddanne Rafaela,/mlb/props/ceddanne-rafaela/,BOS at LAA,BOS,"2B,CF",1.5,-150,-140,-140,-140,-145,,,,+180,+180,,,-148,,,,,+115,-265,+108,+110,+110,,,,-265,-265,,,+108,,,,
2024-04-05,Mickey Moniak,/mlb/props/mckenzie-moniak/,BOS at LAA,COL,"LF,CF,RF,DH",1.5,-130,-125,-125,-125,-130,,,-130,+150,+150,,,-129,,,,,-105,-220,-106,-105,-105,,,+100,-220,-220,,,-106,,,,
2024-04-05,Logan O'Hoppe,/mlb/props/logan-ohoppe/,BOS at LAA,LAA,C,1.5,-155,-155,-155,-155,-160,,,-170,+160,+160,,,-166,,,,,+115,-230,+120,+125,+120,,,+125,-230,-230,,,+120,,,,
2024-04-06,Seth Brown,/mlb/props/seth-brown/,ATH at DET,FA,"1B,LF,CF,RF",1.5,-150,-150,-150,-150,-155,,,-160,+148,+148,,,-154,,,,,+115,-210,+112,+120,+120,,,+120,-210,-210,,,+112,,,,
2024-04-06,Gio Urshela,/mlb/props/giovanny-urshela/,ATH at DET,FA,3B,1.5,+145,+150,+140,+150,+135,,,+140,,,,,+139,,,,,-180,-185,-190,-185,-185,,,-190,,,,,-194,,,,
2024-04-06,Zack Gelof,/mlb/props/zack-gelof/,ATH at DET,ATH,"2B,3B,CF",1.5,+145,+150,+136,+150,+140,,,+140,+116,+116,,,+136,,,,,-195,-162,-185,-185,-190,,,-190,-162,-162,,,-189,,,,
2024-04-06,Nick Allen,/mlb/props/nick-allen-ss/,ATH at DET,HOU,"2B,3B,SS",0.5,-150,-150,-154,-150,-160,,,-150,,,,,-154,,,,,+115,+120,+115,+120,+120,,,+115,,,,,+112,,,,
2024-04-06,Kerry Carpenter,/mlb/props/kerry-carpenter/,ATH at DET,DET,"LF,RF,DH",1.5,+150,-190,+125,-190,+145,,,+145,+125,+125,,,-194,,,,,-185,-177,-177,+155,-195,,,-200,-177,-177,,,+139,,,,
2024-04-06,Lawrence Butler,/mlb/props/lawrence-butler/,ATH at DET,ATH,"CF,RF",0.5,-115,-115,-115,-115,-115,,,-115,,,,,-117,,,,,-115,-115,-115,-115,-115,,,-115,,,,,-117,,,,
2024-04-06,Mark Canha,/mlb/props/mark-canha/,ATH at DET,FA,"LF,RF",1.5,-200,-190,-190,-190,-205,,,-200,+133,+133,,,-204,,,,,+160,-190,+145,+155,+150,,,+145,-190,-190,,,+146,,,,
2024-04-06,Spencer Torkelson,/mlb/props/spencer-torkelson-if/,ATH at DET,DET,1B,1.5,+130,+130,+120,+130,+120,,,+125,+102,+102,,,+120,,,,,-160,-143,-160,-160,-160,,,-165,-143,-143,,,-166,,,,
2024-04-06,Riley Greene,/mlb/props/riley-greene-of/,ATH at DET,DET,"LF,CF,RF,DH",1.5,+155,-180,-180,-180,-185,,,-180,+132,+132,,,-184,,,,,-190,-186,+133,+145,+140,,,+135,-186,-186,,,+133,,,,
2024-04-06,Javier Baez,/mlb/props/javier-baez/,ATH at DET,DET,"2B,3B,SS,CF",0.5,-185,-185,-190,-185,-195,,,-190,,,,,-194,,,,,+150,+150,+145,+150,+145,,,+140,,,,,+139,,,,
2024-04-06,Brent Rooker,/mlb/props/brent-rooker/,ATH at DET,ATH,"LF,RF,DH",1.5,-155,-155,-155,-155,-160,,,-160,+108,+108,,,-157,,,,,+120,-152,+114,+125,+120,,,+120,-152,-152,,,+114,,,,
2024-04-06,Jake Rogers,/mlb/props/jake-rogers/,ATH at DET,DET,C,0.5,-115,-120,-120,-120,-120,,,-120,,,,,-121,,,,,-115,-110,-110,-110,-110,,,-110,,,,,-113,,,,
2024-04-06,Carson Kelly,/mlb/props/carson-kelly/,ATH at DET,CHC,C,0.5,-135,-130,-139,-130,-140,,,-130,,,,,-139,,,,,+105,+105,+102,+100,+105,,,+100,,,,,+102,,,,
2024-04-06,Parker Meadows,/mlb/props/parker-meadows/,ATH at DET,DET,CF,1.5,-160,-150,-150,-150,-165,,,-150,+155,+155,,,-166,,,,,+130,-225,+115,+120,+120,,,+115,-225,-225,,,+120,,,,
2024-04-06,Shea Langeliers,/mlb/props/shea-langeliers/,ATH at DET,ATH,"C,DH",1.5,-150,-150,-150,-150,-155,,,-160,+116,+116,,,-151,,,,,+115,-162,+110,+120,+120,,,+120,-162,-162,,,+110,,,,
2024-04-06,Ryan Noda,/mlb/props/ryan-noda/,ATH at DET,BAL,1B,1.5,-140,-145,-145,-145,-150,,,-150,+150,+150,,,-151,,,,,+105,-215,+110,+115,+115,,,+115,-215,-215,,,+110,,,,
2024-04-06,Colt Keith,/mlb/props/colt-keith/,ATH at DET,DET,"1B,2B,3B,DH",0.5,-170,-170,-175,-170,-180,,,-175,,,,,-174,,,,,+140,+140,+135,+140,+135,,,+130,,,,,+126,,,,
2024-04-06,J.D. Davis,/mlb/props/jd-davis/,ATH at DET,FA,"1B,3B",1.5,-180,-179,-179,-180,-180,,,-180,+165,+165,,,-179,,,,,+135,-240,+129,+145,+135,,,+135,-240,-240,,,+129,,,,
2024-04-06,JJ Bleday,/mlb/props/jj-bleday/,ATH at DET,CIN,"LF,CF,RF,DH",1.5,-165,-160,-160,-160,-170,,,-165,+140,+140,,,-166,,,,,+120,-200,+120,+130,+130,,,+125,-200,-200,,,+120,,,,
2024-04-06,Willi Castro,/mlb/props/willi-castro/,CLE at MIN,COL,"1B,2B,3B,SS,LF,RF",1.5,-170,-150,-150,-150,-155,,,-150,+180,+180,,,-157,,,,,+130,-265,+114,+120,+120,,,+115,-265,-265,,,+114,,,,
2024-04-06,Carlos Correa,/mlb/props/carlos-correa/,CLE at MIN,HOU,"3B,SS",1.5,+130,+120,+120,+120,+120,,,+115,+120,+120,,,+120,,,,,-175,-150,-160,-150,-160,,,-150,-167,-167,,,-166,,,,
2024-04-06,Andres Gimenez,/mlb/props/andres-giminez/,CLE at MIN,TOR,"2B,SS",1.5,+145,+155,+140,+145,+140,,,+135,+155,+155,,,+136,,,,,-195,-180,-189,-180,-185,,,-180,-230,-230,,,-189,,,,
2024-04-06,Byron Buxton,/mlb/props/byron-buxton/,CLE at MIN,MIN,"CF,DH",1.5,-175,-165,-165,-165,-165,,,-165,+150,+150,,,-174,,,,,+130,-215,+125,+135,+125,,,+125,-215,-215,,,+126,,,,
2024-04-06,Will Brennan,/mlb/props/will-brennan/,CLE at MIN,SF,"LF,CF,RF",1.5,+130,+140,+130,+140,+130,,,+130,+140,+140,,,+126,,,,,-175,-170,-175,-170,-175,,,-175,-200,-200,,,-174,,,,
2024-04-06,Steven Kwan,/mlb/props/steven-kwan/,CLE at MIN,CLE,"LF,CF",1.5,+120,+130,+125,+130,+125,,,+120,+130,+130,,,+114,,,,,-160,-157,-170,-160,-170,,,-160,-186,-186,,,-157,,,,
2024-04-06,Tyler Freeman,/mlb/props/tyler-freeman-ss/,CLE at MIN,COL,"2B,RF,DH",1.5,-185,-185,-185,-185,-185,,,-190,+190,+190,,,-194,,,,,+140,-286,+139,+150,+140,,,+140,-286,-286,,,+139,,,,
2024-04-06,Bo Naylor,/mlb/props/bo-naylor/,CLE at MIN,CLE,C,1.5,-110,-115,-115,-115,-120,,,-120,+190,+190,,,-119,,,,,-120,-286,-115,-115,-110,,,-110,-286,-286,,,-115,,,,
2024-04-06,Ryan Jeffers,/mlb/props/ryan-jeffers/,CLE at MIN,MIN,"C,DH",1.5,-165,-160,-160,-160,-165,,,-165,+163,+163,,,-163,,,,,+125,-235,+118,+130,+125,,,+125,-235,-235,,,+118,,,,
2024-04-06,Brayan Rocchio,/mlb/props/brayan-rocchio/,CLE at MIN,CLE,"2B,SS",1.5,-145,-135,-135,-135,-145,,,-135,+200,+200,,,-151,,,,,+110,-295,+105,+105,+110,,,+105,-295,-295,,,+110,,,,
2024-04-06,Alex Kirilloff,/mlb/props/alex-kirilloff/,CLE at MIN,FA,"1B,LF,RF",1.5,+105,+110,+105,+105,+110,,,+105,+108,+108,,,+100,,,,,-135,-135,-137,-135,-145,,,-135,-152,-152,,,-137,,,,
2024-04-06,Jose Ramirez,/mlb/props/jose-ramirez/,CLE at MIN,CLE,"3B,DH",1.5,+120,+128,+120,+120,+120,,,+115,+128,+128,,,+110,,,,,-160,-150,-160,-150,-160,,,-150,-180,-180,,,-151,,,,
2024-04-06,Christian Vazquez,/mlb/props/christian-vazquez/,CLE at MIN,HOU,C,0.5,-180,-170,-175,-170,-180,,,-175,,,,,-179,,,,,+135,+140,+135,+140,+135,,,+130,,,,,+129,,,,
2024-04-06,Carlos Santana,/mlb/props/carlos-santana/,CLE at MIN,ATL,1B,1.5,-185,-185,+133,+140,-185,,,+135,+145,+145,,,+133,,,,,+140,-170,-170,-170,+140,,,-180,-210,-210,,,-184,,,,
2024-04-06,Josh Naylor,/mlb/props/josh-naylor/,CLE at MIN,SEA,"1B,DH",1.5,+110,+125,+110,+115,+110,,,+110,+125,+125,,,+102,,,,,-150,-139,-150,-145,-150,,,-140,-177,-177,,,-139,,,,
2024-04-06,David Fry,/mlb/props/david-fry/,CLE at MIN,CLE,"C,LF,RF,DH",1.5,-105,-105,-105,-110,-105,,,-105,+240,+240,,,-109,,,,,-125,-375,-125,-120,-125,,,-125,-375,-375,,,-125,,,,
2024-04-06,Edouard Julien,/mlb/props/edouard-julien/,CLE at MIN,COL,"1B,2B,DH",1.5,-165,-166,-166,-170,-175,,,-175,+165,+165,,,-166,,,,,+125,-240,+120,+140,+130,,,+130,-240,-240,,,+120,,,,
2024-04-06,Max Kepler,/mlb/props/max-kepler/,CLE at MIN,ARI,"LF,RF",1.5,+105,+105,+100,+100,+105,,,+100,+105,+105,,,-104,,,,,-140,-130,-140,-130,-140,,,-130,-148,-148,,,-131,,,,
2024-04-06,Matt Wallner,/mlb/props/matt-wallner/,CLE at MIN,MIN,"LF,RF",1.5,-140,-140,-140,-140,-145,,,-140,+133,+133,,,-142,,,,,+105,-190,+104,+110,+110,,,+110,-190,-190,,,+104,,,,
2024-04-06,Ramon Laureano,/mlb/props/ramon-laureano/,CLE at MIN,SD,"LF,CF,RF",1.5,-110,-110,-110,-115,-110,,,-115,+290,+290,,,-117,,,,,-120,-480,-120,-115,-120,,,-115,-480,-480,,,-117,,,,
2024-04-06,Masyn Winn,/mlb/props/masyn-winn-p/,MIA at STL,STL,SS,0.5,-150,-145,-150,-145,-155,,,-150,,,,,-154,,,,,+115,+115,+115,+115,+115,,,+115,,,,,+112,,,,
2024-04-06,Alec Burleson,/mlb/props/alec-burleson/,MIA at STL,STL,"1B,LF,RF,DH",0.5,-140,-130,-135,-130,-140,,,-135,,,,,-139,,,,,+105,+105,+102,+100,+105,,,+105,,,,,+102,,,,
2024-04-06,Willson Contreras,/mlb/props/willson-contreras/,MIA at STL,BOS,1B,1.5,+140,+135,+126,+135,+125,,,+125,+125,+125,,,+126,,,,,-185,-165,-170,-165,-170,,,-165,-177,-177,,,-174,,,,
2024-04-06,Luis Arraez,/mlb/props/luis-arraez/,MIA at STL,SF,"1B,2B,DH",1.5,+130,+140,+130,+140,+130,,,+130,,,,,+123,,,,,-170,-169,-170,-170,-175,,,-175,,,,,-169,,,,
2024-04-06,Nolan Arenado,/mlb/props/nolan-arenado/,MIA at STL,ARI,3B,1.5,+120,+110,+110,+110,+110,,,+110,+107,+107,,,+110,,,,,-155,-140,-145,-140,-145,,,-140,-150,-150,,,-151,,,,
2024-04-06,Josh Bell,/mlb/props/josh-bell/,MIA at STL,MIN,"1B,DH",1.5,+130,+130,+123,+130,+125,,,+125,+123,+123,,,+116,,,,,-170,-160,-165,-160,-165,,,-165,-175,-175,,,-160,,,,
2024-04-06,Ivan Herrera,/mlb/props/ivan-herrera/,MIA at STL,STL,"C,DH",1.5,-165,-174,-174,-180,-190,,,-190,+160,+160,,,-174,,,,,+125,-230,+126,+145,+140,,,+140,-230,-230,,,+126,,,,
2024-04-06,Jake Burger,/mlb/props/jake-burger-3b/,MIA at STL,TEX,1B,1.5,+120,+130,+123,+130,+120,,,+125,+112,+112,,,+123,,,,,-165,-157,-160,-160,-160,,,-165,-157,-157,,,-169,,,,
2024-04-06,Tim Anderson,/mlb/props/tim-anderson/,MIA at STL,FA,"2B,SS",1.5,+155,+155,+146,+155,+145,,,+145,+143,+143,,,+146,,,,,-205,-190,-200,-190,-195,,,-200,-205,-205,,,-204,,,,
2024-04-06,Paul Goldschmidt,/mlb/props/paul-goldschmidt/,MIA at STL,NYY,"1B,DH",1.5,+125,+130,+125,+130,+125,,,+125,+123,+123,,,+123,,,,,-170,-160,-165,-160,-165,,,-165,-175,-175,,,-169,,,,
2024-04-06,Jordan Walker,/mlb/props/jordan-walker/,MIA at STL,STL,"LF,RF",1.5,-205,-205,+143,+160,-205,,,+145,+143,+143,,,+146,,,,,+150,-200,-200,-200,+150,,,-200,-205,-205,,,-204,,,,
2024-04-06,Brendan Donovan,/mlb/props/brendan-donovan/,MIA at STL,SEA,"2B,3B,SS,LF",1.5,-195,-194,-194,-200,-205,,,-210,+163,+163,,,-194,,,,,+145,-235,+139,+160,+150,,,+150,-235,-235,,,+139,,,,
2024-04-06,Vidal Brujan,/mlb/props/vidal-brujan-2b/,MIA at STL,NYM,"3B,SS,OF",0.5,-150,-150,-150,-150,-150,,,-150,,,,,-151,,,,,+115,+120,+115,+120,+115,,,+115,,,,,+110,,,,
2024-04-06,Nick Fortes,/mlb/props/nick-fortes/,MIA at STL,TB,C,0.5,-150,-148,-150,-150,-155,,,-150,,,,,-148,,,,,+115,+120,+115,+120,+120,,,+115,,,,,+108,,,,
2024-04-06,Jazz Chisholm Jr.,/mlb/props/jasrado-chisholm/,MIA at STL,NYY,"2B,3B",1.5,-155,-140,-140,-145,-150,,,-140,+165,+165,,,-145,,,,,+115,-240,+106,+115,+115,,,+110,-240,-240,,,+106,,,,
2024-04-06,Victor Scott,/mlb/props/victor-scott/,MIA at STL,STL,CF,0.5,-110,-110,-113,-115,-110,,,-110,,,,,-113,,,,,-120,-115,-120,-115,-120,,,-120,,,,,-121,,,,
2024-04-06,Nolan Gorman,/mlb/props/nolan-gorman/,MIA at STL,STL,"2B,3B,DH",1.5,-120,-110,-110,-110,-110,,,-110,+185,+185,,,-115,,,,,-110,-275,-125,-120,-125,,,-120,-275,-275,,,-119,,,,
2024-04-06,Bryan De La Cruz,/mlb/props/bryan-de-la-cruz/,MIA at STL,PHI,LF,1.5,+145,+155,+146,+155,+145,,,+140,+143,+143,,,+146,,,,,-195,-190,-190,-190,-190,,,-190,-205,-205,,,-204,,,,
2024-04-06,Emmanuel Rivera,/mlb/props/emmanuel-rivera/,MIA at STL,FA,"1B,3B",0.5,-175,-165,-174,-165,-175,,,-165,,,,,-174,,,,,+130,+135,+130,+135,+130,,,+125,,,,,+126,,,,
2024-04-06,Avisail Garcia,/mlb/props/avisail-garcia/,MIA at STL,FA,"LF,RF",1.5,-145,-145,-145,-145,-150,,,-150,+180,+180,,,-145,,,,,+110,-265,+106,+115,+110,,,+115,-265,-265,,,+106,,,,
2024-04-06,Ian Happ,/mlb/props/ian-happ/,LAD at CHC,CHC,LF,1.5,-175,-163,-163,-165,-175,,,-175,+170,+170,,,-163,,,,,+130,-245,+118,+135,+130,,,+130,-245,-245,,,+118,,,,
2024-04-06,Mookie Betts,/mlb/props/mookie-betts/,LAD at CHC,LAD,SS,1.5,+110,+105,+100,+100,+100,,,+105,-106,-106,,,-103,,,,,-145,-130,-132,-130,-130,,,-135,-132,-132,,,-133,,,,
2024-04-06,Seiya Suzuki,/mlb/props/seiya-suzuki/,LAD at CHC,CHC,"LF,RF,DH",1.5,+150,+160,+150,+160,+155,,,+150,+150,+150,,,+146,,,,,-205,-200,-205,-200,-205,,,-210,-215,-215,,,-204,,,,
2024-04-06,Teoscar Hernandez,/mlb/props/teoscar-hernandez/,LAD at CHC,LAD,"LF,RF",1.5,+135,+135,+126,+135,+130,,,+125,+115,+115,,,+126,,,,,-180,-159,-165,-165,-175,,,-165,-159,-159,,,-174,,,,
2024-04-06,Yan Gomes,/mlb/props/yan-gomes/,LAD at CHC,FA,C,1.5,-150,-140,-140,-140,-150,,,-140,+230,+230,,,-154,,,,,+110,-345,+110,+110,+110,,,+110,-345,-345,,,+112,,,,
2024-04-06,Cody Bellinger,/mlb/props/cody-bellinger/,LAD at CHC,NYY,"LF,CF,RF",1.5,-200,-184,-184,-185,-190,,,-190,+160,+160,,,-184,,,,,+145,-230,+133,+150,+140,,,+140,-230,-230,,,+133,,,,
2024-04-06,Mike Tauchman,/mlb/props/mike-tauchman/,LAD at CHC,NYM,"LF,CF,RF",0.5,-115,-115,-115,-115,-115,,,-115,,,,,-117,,,,,-115,-115,-115,-115,-115,,,-115,,,,,-117,,,,
2024-04-06,Chris Taylor,/mlb/props/chris-taylor/,LAD at CHC,FA,"2B,LF,CF,RF",1.5,-125,-115,-115,-115,-115,,,-120,+205,+205,,,-117,,,,,-105,-305,-117,-115,-115,,,-110,-305,-305,,,-117,,,,
2024-04-06,Miguel Rojas,/mlb/props/miguel-rojas/,LAD at CHC,LAD,"2B,3B,SS",1.5,-185,-165,-165,-165,-180,,,-175,+175,+175,,,-179,,,,,+140,-250,+129,+135,+135,,,+130,-250,-250,,,+129,,,,
2024-04-06,Enrique Hernandez,/mlb/props/enrique-hernandez/,LAD at CHC,LAD,"1B,2B,3B,LF",1.5,-200,-175,-175,-190,-175,,,-200,+148,+148,,,-194,,,,,+150,-210,+130,+155,+130,,,+145,-210,-210,,,+139,,,,
2024-04-06,Max Muncy,/mlb/props/max-muncy/,LAD at CHC,LAD,3B,1.5,-130,-125,-125,-125,-130,,,-130,+175,+175,,,-129,,,,,+100,-265,-106,-105,-105,,,+100,-265,-265,,,-106,,,,
2024-04-06,Miguel Amaya,/mlb/props/miguel-amaya-c/,LAD at CHC,CHC,"C,DH",0.5,-105,+100,-103,-105,+100,,,+100,,,,,-103,,,,,-130,-125,-130,-125,-130,,,-130,,,,,-133,,,,
2024-04-06,Shohei Ohtani,/mlb/props/shohei-ohtani/,LAD at CHC,LAD,"SP,DH",1.5,+125,+140,+130,+140,+135,,,+130,+106,+106,,,+123,,,,,-170,-148,-169,-170,-185,,,-175,-148,-148,,,-169,,,,
2024-04-06,Austin Barnes,/mlb/props/austin-barnes/,LAD at CHC,FA,C,1.5,-135,-120,-120,-120,-125,,,-125,+225,+225,,,-127,,,,,+100,-345,-110,-110,-105,,,-105,-345,-345,,,-108,,,,
2024-04-06,Michael Busch,/mlb/props/michael-busch-2b/,LAD at CHC,CHC,1B,1.5,-140,-135,-135,-135,-140,,,-135,+220,+220,,,-139,,,,,+105,-335,+102,+105,+105,,,+105,-335,-335,,,+102,,,,
2024-04-06,Will Smith,/mlb/props/will-smith-c/,LAD at CHC,LAD,C,1.5,+120,+120,+118,+115,+115,,,+115,+120,+120,,,+118,,,,,-160,-145,-155,-145,-155,,,-150,-167,-167,,,-163,,,,
2024-04-06,Freddie Freeman,/mlb/props/freddie-freeman/,LAD at CHC,LAD,1B,1.5,+110,+130,+123,+130,+125,,,+125,+108,+108,,,+123,,,,,-150,-152,-165,-160,-170,,,-165,-152,-152,,,-169,,,,
2024-04-06,Nick Madrigal,/mlb/props/nick-madrigal/,LAD at CHC,TB,"2B,3B",1.5,-200,-190,-190,-190,-200,,,-200,+195,+195,,,-199,,,,,+150,-286,+143,+155,+150,,,+145,-286,-286,,,+143,,,,
2024-04-06,Christopher Morel,/mlb/props/christopher-morel/,LAD at CHC,MIA,"1B,LF,DH",1.5,-150,-155,-155,-155,-160,,,-160,+175,+175,,,-157,,,,,+110,-250,+114,+125,+120,,,+120,-250,-250,,,+114,,,,
2024-04-06,Nico Hoerner,/mlb/props/nico-hoerner/,LAD at CHC,CHC,"2B,SS",1.5,-195,-190,-190,-190,-205,,,-200,+200,+200,,,-199,,,,,+145,-305,+143,+155,+150,,,+145,-305,-305,,,+143,,,,
2024-04-06,Dansby Swanson,/mlb/props/dansby-swanson/,LAD at CHC,CHC,SS,1.5,-165,-160,-160,-160,-165,,,-165,+175,+175,,,-166,,,,,+125,-250,+120,+130,+125,,,+125,-250,-250,,,+120,,,,
2024-04-06,Trey Lipscomb,/mlb/props/trey-lipscomb/,PHI at WSH,WSH,3B,0.5,-160,-155,-160,-155,-165,,,-160,,,,,-166,,,,,+120,+125,+120,+125,+125,,,+120,,,,,+120,,,,
2024-04-06,Joey Meneses,/mlb/props/joey-meneses/,PHI at WSH,ATH,1B,1.5,+140,+143,+130,+140,+130,,,+130,+143,+143,,,+129,,,,,-185,-170,-179,-170,-175,,,-175,-205,-205,,,-179,,,,
2024-04-06,Kyle Schwarber,/mlb/props/kyle-schwarber/,PHI at WSH,PHI,"LF,DH",1.5,+105,+108,+100,+100,+105,,,+100,+108,+108,,,-101,,,,,-140,-130,-135,-130,-140,,,-130,-152,-152,,,-135,,,,
2024-04-06,Trea Turner,/mlb/props/trea-turner/,PHI at WSH,PHI,SS,1.5,-105,-112,-115,-115,-115,,,-115,-112,-112,,,-117,,,,,-125,-115,-117,-115,-115,,,-115,-124,-124,,,-117,,,,
2024-04-06,Alec Bohm,/mlb/props/alec-bohm/,PHI at WSH,PHI,"1B,3B",1.5,+120,+132,+110,+110,+110,,,+110,+132,+132,,,+106,,,,,-160,-140,-145,-140,-145,,,-140,-186,-186,,,-145,,,,
2024-04-06,Brandon Marsh,/mlb/props/brandon-marsh/,PHI at WSH,PHI,"LF,CF,RF",1.5,-155,-163,-163,-165,-170,,,-165,+175,+175,,,-163,,,,,+115,-250,+118,+135,+130,,,+125,-250,-250,,,+118,,,,
2024-04-06,Lane Thomas,/mlb/props/lane-thomas/,PHI at WSH,KC,"LF,CF,RF",1.5,+140,+140,+133,+140,+130,,,+130,+138,+138,,,+133,,,,,-185,-170,-175,-170,-175,,,-175,-195,-195,,,-184,,,,
2024-04-06,Keibert Ruiz,/mlb/props/keibert-ruiz/,PHI at WSH,WSH,C,1.5,+160,+165,+160,+165,+160,,,+160,+160,+160,,,+152,,,,,-215,-210,-215,-210,-215,,,-215,-230,-230,,,-214,,,,
2024-04-06,CJ Abrams,/mlb/props/cj-abrams/,PHI at WSH,WSH,SS,1.5,-205,-200,-200,-200,-215,,,-210,+160,+160,,,-214,,,,,+150,-230,+150,+160,+160,,,+150,-230,-230,,,+152,,,,
2024-04-06,Johan Rojas,/mlb/props/johan-rojas/,PHI at WSH,PHI,CF,1.5,-185,-179,-179,-185,-185,,,-190,+180,+180,,,-179,,,,,+135,-265,+129,+150,+140,,,+140,-265,-265,,,+129,,,,
2024-04-06,Riley Adams,/mlb/props/riley-adams/,PHI at WSH,WSH,C,1.5,-140,-140,-140,-145,-150,,,-140,+200,+200,,,-157,,,,,+105,-295,+110,+115,+115,,,+110,-295,-295,,,+114,,,,
2024-04-06,Ildemaro Vargas,/mlb/props/ildemaro-vargas/,PHI at WSH,ARI,"1B,2B",1.5,-180,-179,-179,-180,-190,,,-190,+163,+163,,,-179,,,,,+135,-240,+129,+145,+140,,,+140,-240,-240,,,+129,,,,
2024-04-06,J.T. Realmuto,/mlb/props/jt-realmuto/,PHI at WSH,PHI,C,1.5,+130,+130,+125,+130,+125,,,+125,+123,+123,,,+120,,,,,-175,-160,-166,-160,-165,,,-165,-175,-175,,,-166,,,,
2024-04-06,Bryson Stott,/mlb/props/bryson-stott-ss/,PHI at WSH,PHI,"2B,SS",1.5,+140,+150,+145,+145,+140,,,+140,+150,+150,,,+139,,,,,-190,-180,-194,-180,-190,,,-190,-215,-215,,,-194,,,,
2024-04-06,Bryce Harper,/mlb/props/bryce-harper/,PHI at WSH,PHI,"1B,DH",1.5,+110,+108,+105,+105,+105,,,+105,+105,+105,,,+108,,,,,-150,-135,-140,-135,-140,,,-135,-148,-148,,,-148,,,,
2024-04-06,Nick Castellanos,/mlb/props/nick-castellanos/,PHI at WSH,FA,"RF,DH",1.5,-195,-199,-199,-200,-205,,,-210,+160,+160,,,-199,,,,,+145,-230,+143,+160,+150,,,+150,-230,-230,,,+143,,,,
2024-04-06,Jacob Young,/mlb/props/jacob-young/,PHI at WSH,WSH,CF,1.5,-145,-150,-150,-150,-155,,,,+230,+230,,,-157,,,,,+110,-360,+114,+120,+115,,,,-360,-360,,,+114,,,,
2024-04-06,Jesse Winker,/mlb/props/jesse-winker/,PHI at WSH,FA,"LF,RF,DH",1.5,-135,-139,-139,-145,-145,,,-140,+205,+205,,,-139,,,,,+100,-315,+102,+115,+110,,,+110,-315,-315,,,+102,,,,
2024-04-06,Nasim Nunez,/mlb/props/nasim-nunez/,PHI at WSH,WSH,"2B,SS",1.5,-125,-120,-120,-120,-125,,,-125,+255,+255,,,-129,,,,,-105,-400,-110,-110,-105,,,-105,-400,-400,,,-106,,,,
2024-04-06,Joey Gallo,/mlb/props/joey-gallo/,PHI at WSH,FA,"1B,LF,CF,RF",1.5,-120,-120,-120,-120,-125,,,-125,+175,+175,,,-121,,,,,-110,-265,-113,-110,-105,,,-105,-265,-265,,,-113,,,,
2024-04-06,Bryan Reynolds,/mlb/props/bryan-reynolds/,BAL at PIT,PIT,"LF,CF,RF,DH",1.5,-185,-170,-170,-170,-185,,,-175,+125,+125,,,-179,,,,,+135,-177,+129,+140,+135,,,+130,-177,-177,,,+129,,,,
2024-04-06,Michael A. Taylor,/mlb/props/michael-taylor/,BAL at PIT,FA,"LF,CF,RF",0.5,+100,+100,-105,-105,+100,,,-105,,,,,-106,,,,,-130,-125,-129,-125,-130,,,-125,,,,,-129,,,,
2024-04-06,Connor Joe,/mlb/props/connor-joe/,BAL at PIT,SEA,"LF,RF",0.5,-175,-184,-185,-185,-185,,,-190,,,,,-184,,,,,+130,+150,+140,+150,+140,,,+140,,,,,+133,,,,
2024-04-06,Ryan Mountcastle,/mlb/props/ryan-mountcastle/,BAL at PIT,BAL,"1B,DH",1.5,-105,-105,-110,-110,-105,,,-105,-114,-114,,,-111,,,,,-130,-120,-123,-120,-130,,,-125,-122,-122,,,-123,,,,
2024-04-06,Gunnar Henderson,/mlb/props/gunnar-henderson/,BAL at PIT,BAL,"SS,DH",1.5,+120,+120,+110,+120,+120,,,+120,-103,-103,,,+110,,,,,-155,-136,-150,-150,-155,,,-160,-136,-136,,,-151,,,,
2024-04-06,Oneil Cruz,/mlb/props/oneil-cruz-3b/,BAL at PIT,PIT,"CF,DH",1.5,-180,-180,-180,-180,-180,,,-180,+107,+107,,,-184,,,,,+135,-150,+133,+145,+135,,,+135,-150,-150,,,+133,,,,
2024-04-06,Jorge Mateo,/mlb/props/jorge-mateo/,BAL at PIT,ATL,"2B,SS,CF,DH",0.5,-170,-169,-170,-170,-175,,,-175,,,,,-169,,,,,+125,+140,+130,+140,+130,,,+130,,,,,+123,,,,
2024-04-06,Rowdy Tellez,/mlb/props/rowdy-tellez/,BAL at PIT,ATL,1B,1.5,-115,-105,-105,-110,-110,,,-105,+185,+185,,,-111,,,,,-115,-275,-125,-120,-120,,,-125,-275,-275,,,-123,,,,
2024-04-06,Joey Bart,/mlb/props/joseph-bart/,BAL at PIT,ATL,C,1.5,-115,+100,+100,-105,-105,,,+100,+190,+190,,,-111,,,,,-115,-278,-130,-125,-130,,,-130,-278,-278,,,-123,,,,
2024-04-06,Adley Rutschman,/mlb/props/adley-rutschman/,BAL at PIT,BAL,"C,DH",1.5,+100,+100,-101,+100,+100,,,+100,-103,-103,,,-101,,,,,-135,-130,-135,-130,-135,,,-130,-137,-137,,,-135,,,,
2024-04-06,Edward Olivares,/mlb/props/edward-olivares/,BAL at PIT,FA,"LF,RF",1.5,-190,-180,-180,-180,-190,,,-190,+133,+133,,,-189,,,,,+145,-190,+136,+145,+140,,,+140,-190,-190,,,+136,,,,
2024-04-06,Jack Suwinski,/mlb/props/jack-suwinski/,BAL at PIT,LAD,"LF,CF,RF",1.5,-135,-135,-135,-135,-140,,,-135,+133,+133,,,-142,,,,,+105,-190,+104,+105,+105,,,+105,-190,-190,,,+104,,,,
2024-04-06,Austin Hays,/mlb/props/austin-hays/,BAL at PIT,CWS,"LF,DH",1.5,+140,+145,+129,+145,+135,,,+135,+115,+115,,,+129,,,,,-185,-162,-179,-180,-185,,,-180,-162,-162,,,-179,,,,
2024-04-06,Ke'Bryan Hayes,/mlb/props/kebryan-hayes/,BAL at PIT,CIN,3B,1.5,+120,+125,+120,+125,+120,,,+120,+123,+123,,,+118,,,,,-160,-155,-163,-155,-160,,,-160,-175,-175,,,-163,,,,
2024-04-06,Anthony Santander,/mlb/props/anthony-santander/,BAL at PIT,TOR,"LF,RF,DH",1.5,+100,+100,+100,+100,+100,,,+100,-113,-113,,,+100,,,,,-135,-122,-130,-130,-135,,,-130,-122,-122,,,-137,,,,
2024-04-06,James McCann,/mlb/props/james-mccann/,BAL at PIT,ARI,C,1.5,-180,-174,-174,-180,-180,,,-180,+140,+140,,,-174,,,,,+135,-200,+126,+145,+135,,,+135,-200,-200,,,+126,,,,
2024-04-06,Cedric Mullins II,/mlb/props/cedric-mullins/,BAL at PIT,TB,CF,1.5,-160,-160,-160,-160,-170,,,-165,+145,+145,,,-163,,,,,+120,-205,+118,+130,+125,,,+125,-205,-205,,,+118,,,,
2024-04-06,Jordan Westburg,/mlb/props/jordan-westburg/,BAL at PIT,BAL,"2B,3B",1.5,+140,+145,+135,+145,+135,,,+135,+123,+123,,,+133,,,,,-185,-175,-180,-180,-180,,,-180,-175,-175,,,-184,,,,
2024-04-06,Jared Triolo,/mlb/props/jared-triolo/,BAL at PIT,PIT,"1B,2B,3B,SS",1.5,-145,-150,-150,-150,-155,,,-150,+170,+170,,,-157,,,,,+110,-250,+114,+120,+115,,,+115,-250,-250,,,+114,,,,
2024-04-06,Alika Williams,/mlb/props/alika-williams/,BAL at PIT,ATH,"2B,3B,SS",1.5,-105,-105,-105,-110,-105,,,,+225,+225,,,-108,,,,,-125,-345,-127,-120,-125,,,,-345,-345,,,-127,,,,
2024-04-06,Pete Alonso,/mlb/props/peter-alonso/,NYM at CIN,BAL,"1B,DH",1.5,+120,+112,+110,+110,+110,,,+110,+112,+112,,,+110,,,,,-160,-140,-150,-140,-150,,,-140,-157,-157,,,-151,,,,
2024-04-06,Harrison Bader,/mlb/props/harrison-bader/,NYM at CIN,SF,"LF,CF,RF",0.5,-165,-160,-165,-160,-160,,,-165,,,,,-166,,,,,+120,+130,+125,+130,+120,,,+125,,,,,+120,,,,
2024-04-06,Francisco Alvarez,/mlb/props/francisco-alvarez/,NYM at CIN,NYM,"C,DH",1.5,-190,-170,-170,-170,-175,,,-175,+123,+123,,,-174,,,,,+145,-175,+126,+140,+130,,,+130,-175,-175,,,+126,,,,
2024-04-06,Brandon Nimmo,/mlb/props/brandon-nimmo/,NYM at CIN,TEX,"LF,CF,RF,DH",1.5,+135,+140,+129,+140,+135,,,+135,+114,+114,,,+129,,,,,-180,-159,-170,-170,-180,,,-180,-159,-159,,,-179,,,,
2024-04-06,Starling Marte,/mlb/props/starling-marte/,NYM at CIN,KC,"LF,RF,DH",1.5,+140,+140,+130,+140,+135,,,+130,+118,+118,,,+129,,,,,-190,-167,-175,-170,-180,,,-175,-167,-167,,,-179,,,,
2024-04-06,Elly De La Cruz,/mlb/props/elly-de-la-cruz/,NYM at CIN,CIN,SS,1.5,+140,+140,+133,+140,+140,,,+130,+118,+118,,,+133,,,,,-185,-167,-175,-170,-185,,,-175,-167,-167,,,-184,,,,
2024-04-06,Jeff McNeil,/mlb/props/jeff-mcneil/,NYM at CIN,ATH,"2B,LF,CF,RF",1.5,-185,-185,-185,-185,-195,,,-190,+165,+165,,,-189,,,,,+135,-240,+136,+150,+145,,,+140,-240,-240,,,+136,,,,
2024-04-06,Brett Baty,/mlb/props/brett-baty/,NYM at CIN,NYM,"1B,2B,3B,RF",1.5,-155,-150,-150,-150,-160,,,-160,+140,+140,,,-160,,,,,+115,-200,+116,+120,+120,,,+120,-200,-200,,,+116,,,,
2024-04-06,Francisco Lindor,/mlb/props/francisco-lindor/,NYM at CIN,NYM,SS,1.5,+130,+135,+123,+135,+130,,,+125,+105,+105,,,+123,,,,,-170,-148,-165,-165,-170,,,-165,-148,-148,,,-169,,,,
2024-04-06,Tyler Stephenson,/mlb/props/tyler-stephenson/,NYM at CIN,CIN,C,0.5,-160,-160,-163,-160,-165,,,-165,,,,,-163,,,,,+120,+130,+125,+130,+125,,,+125,,,,,+118,,,,
2024-04-06,Nick Martini,/mlb/props/nick-martini/,NYM at CIN,FA,"LF,RF,DH",0.5,-145,-163,-165,-165,-170,,,-165,,,,,-163,,,,,+110,+135,+125,+135,+130,,,+125,,,,,+118,,,,
2024-04-06,Jeimer Candelario,/mlb/props/jeimer-candelario/,NYM at CIN,LAA,"1B,3B",1.5,+135,+130,+125,+130,+130,,,+125,+118,+118,,,+129,,,,,-180,-160,-167,-160,-170,,,-165,-167,-167,,,-179,,,,
2024-04-06,Spencer Steer,/mlb/props/spencer-steer/,NYM at CIN,CIN,"1B,2B,LF,RF",1.5,-175,-185,-185,-185,-190,,,-190,+148,+148,,,-194,,,,,+130,-210,+139,+150,+140,,,+140,-210,-210,,,+139,,,,
2024-04-06,Omar Narvaez,/mlb/props/omar-narvaez/,NYM at CIN,FA,C,0.5,+100,-105,-110,-110,-110,,,-105,,,,,-111,,,,,-130,-120,-123,-120,-120,,,-125,,,,,-123,,,,
2024-04-06,Jonathan India,/mlb/props/jonathan-india/,NYM at CIN,KC,"2B,3B,LF,DH",1.5,+130,+125,+120,+125,+120,,,+120,+100,+100,,,+123,,,,,-175,-139,-155,-155,-160,,,-160,-139,-139,,,-169,,,,
2024-04-06,Christian Encarnacion-Strand,/mlb/props/christian-encarnacion-strand/,NYM at CIN,BAL,"1B,3B",1.5,+135,+130,+125,+130,+125,,,+125,+128,+128,,,+120,,,,,-180,-160,-166,-160,-165,,,-165,-180,-180,,,-166,,,,
2024-04-06,Tyrone Taylor,/mlb/props/tyrone-taylor/,NYM at CIN,NYM,"LF,CF,RF",1.5,+135,+145,+135,+145,+135,,,+135,+130,+130,,,+129,,,,,-180,-179,-180,-180,-180,,,-180,-182,-182,,,-179,,,,
2024-04-06,Jake Fraley,/mlb/props/jake-fraley/,NYM at CIN,TB,"LF,RF",1.5,+145,+145,+139,+145,+140,,,+135,+133,+133,,,+139,,,,,-195,-180,-185,-180,-185,,,-180,-190,-190,,,-194,,,,
2024-04-06,Will Benson,/mlb/props/will-benson/,NYM at CIN,CIN,"LF,CF,RF",1.5,-180,-180,+129,+140,-180,,,+135,,,,,+129,,,,,+135,-170,-170,-170,+135,,,-180,,,,,-179,,,,
2024-04-06,Jared Walsh,/mlb/props/jared-walsh/,HOU at TEX,FA,"1B,RF",1.5,-135,-135,-135,-135,-140,,,-135,+175,+175,,,-137,,,,,+105,-250,+100,+105,+105,,,+105,-250,-250,,,+100,,,,
2024-04-06,Jonah Heim,/mlb/props/jonah-heim/,HOU at TEX,ATH,"C,DH",1.5,+145,+163,+145,+150,+145,,,+140,+163,+163,,,+139,,,,,-195,-185,-195,-185,-195,,,-190,-235,-235,,,-194,,,,
2024-04-06,Evan Carter,/mlb/props/evan-carter/,HOU at TEX,TEX,"LF,CF,RF",1.5,-195,-185,-185,-185,-195,,,-190,+145,+145,,,-194,,,,,+145,-210,+139,+150,+145,,,+140,-210,-210,,,+139,,,,
2024-04-06,Jose Abreu,/mlb/props/jose-dariel-abreu/,HOU at TEX,FA,1B,1.5,+135,+155,+145,+155,+145,,,+145,+130,+130,,,+136,,,,,-185,-182,-190,-190,-195,,,-200,-182,-182,,,-189,,,,
2024-04-06,Jose Altuve,/mlb/props/jose-altuve/,HOU at TEX,HOU,"2B,LF,DH",1.5,+120,+125,+120,+125,+125,,,+120,+106,+106,,,+123,,,,,-160,-148,-160,-155,-165,,,-160,-148,-148,,,-169,,,,
2024-04-06,Alex Bregman,/mlb/props/alex-bregman/,HOU at TEX,CHC,"3B,DH",1.5,+135,+140,+135,+140,+135,,,+135,+120,+120,,,+136,,,,,-180,-167,-180,-170,-180,,,-180,-167,-167,,,-189,,,,
2024-04-06,Marcus Semien,/mlb/props/marcus-semien/,HOU at TEX,NYM,2B,1.5,-110,-110,-113,-115,-110,,,-110,-113,-113,,,-113,,,,,-120,-115,-120,-115,-120,,,-120,-124,-124,,,-121,,,,
2024-04-06,Chas McCormick,/mlb/props/chas-mccormick/,HOU at TEX,CHC,"LF,CF,RF",1.5,-185,-179,-179,-190,-195,,,-190,+130,+130,,,-179,,,,,+140,-186,+129,+155,+145,,,+140,-186,-186,,,+129,,,,
2024-04-06,Yordan Alvarez,/mlb/props/yordan-alvarez/,HOU at TEX,HOU,"LF,DH",1.5,-115,-108,-115,-115,-110,,,-110,-125,-125,,,-108,,,,,-115,-112,-120,-115,-120,,,-120,-112,-112,,,-127,,,,
2024-04-06,Leody Taveras,/mlb/props/leody-taveras-of/,HOU at TEX,BAL,"CF,RF",0.5,-205,-200,-205,-200,-205,,,-210,,,,,-204,,,,,+155,+160,+150,+160,+150,,,+150,,,,,+146,,,,
2024-04-06,Jake Meyers,/mlb/props/jacob-meyers/,HOU at TEX,HOU,CF,0.5,-135,-130,-131,-130,-135,,,-135,,,,,-131,,,,,+100,+105,+100,+100,+105,,,+105,,,,,-104,,,,
2024-04-06,Josh Smith,/mlb/props/josh-smith-ss/,HOU at TEX,TEX,"1B,2B,3B,SS,LF,RF",0.5,-160,-160,-163,-160,-160,,,-165,,,,,-163,,,,,+120,+130,+125,+130,+120,,,+125,,,,,+118,,,,
2024-04-06,Adolis Garcia,/mlb/props/jose-adolis-garcia/,HOU at TEX,PHI,RF,1.5,-140,-135,-140,-140,-145,,,-135,-143,-143,,,-142,,,,,+105,+110,+105,+110,+110,,,+105,+102,+102,,,+104,,,,
2024-04-06,Jeremy Pena,/mlb/props/jeremy-pena/,HOU at TEX,HOU,SS,1.5,+160,+160,+155,+160,+155,,,+150,,,,,+152,,,,,-215,-200,-210,-200,-215,,,-210,,,,,-214,,,,
2024-04-06,Kyle Tucker,/mlb/props/kyle-tucker/,HOU at TEX,LAD,"RF,DH",1.5,+110,+116,+110,+115,+115,,,+110,-107,-107,,,+116,,,,,-150,-130,-145,-145,-150,,,-140,-130,-130,,,-160,,,,
2024-04-06,Wyatt Langford,/mlb/props/wyatt-langford/,HOU at TEX,TEX,"LF,CF",1.5,+115,+115,+110,+115,+110,,,+110,+110,+110,,,+110,,,,,-150,-140,-150,-145,-150,,,-140,-152,-152,,,-151,,,,
2024-04-06,Corey Seager,/mlb/props/corey-seager/,HOU at TEX,TEX,SS,1.5,-120,-118,-120,-120,-120,,,-125,-118,-118,,,-123,,,,,-110,-105,-111,-110,-110,,,-105,-118,-118,,,-111,,,,
2024-04-06,Yainer Diaz,/mlb/props/yainer-diaz-c/,HOU at TEX,HOU,"C,DH",1.5,+110,+110,+105,+105,+110,,,+105,-103,-103,,,+106,,,,,-150,-135,-136,-135,-145,,,-135,-136,-136,,,-145,,,,
2024-04-06,Ernie Clement,/mlb/props/ernie-clement/,TOR at NYY,TOR,"1B,2B,3B,SS",1.5,-165,-160,-160,-160,-165,,,-160,+205,+205,,,-163,,,,,+125,-315,+118,+130,+125,,,+120,-315,-315,,,+118,,,,
2024-04-06,Daulton Varsho,/mlb/props/daulton-varsho/,TOR at NYY,TOR,"LF,CF",1.5,-115,-125,-125,-125,-130,,,-130,+195,+195,,,-127,,,,,-115,-286,-108,-105,-105,,,+100,-286,-286,,,-108,,,,
2024-04-06,George Springer,/mlb/props/george-springer/,TOR at NYY,TOR,"LF,CF,RF,DH",1.5,+150,+145,+138,+145,+145,,,+135,+138,+138,,,+136,,,,,-200,-180,-189,-180,-190,,,-180,-195,-195,,,-189,,,,
2024-04-06,Davis Schneider,/mlb/props/davis-schneider/,TOR at NYY,TOR,"2B,LF",1.5,-120,-125,-125,-125,-130,,,-130,+245,+245,,,-133,,,,,-110,-385,-105,-105,+100,,,+100,-385,-385,,,-103,,,,
2024-04-06,Aaron Judge,/mlb/props/aaron-judge/,TOR at NYY,NYY,"LF,CF,RF,DH",1.5,-160,-155,-155,-155,-155,,,-160,+128,+128,,,-160,,,,,+120,-182,+115,+125,+115,,,+120,-182,-182,,,+116,,,,
2024-04-06,Alejandro Kirk,/mlb/props/alejandro-kirk/,TOR at NYY,TOR,C,1.5,-210,-204,-204,-220,-220,,,-215,+160,+160,,,-204,,,,,+155,-235,+146,+170,+165,,,+160,-235,-235,,,+146,,,,
2024-04-06,Alex Verdugo,/mlb/props/alex-verdugo/,TOR at NYY,FA,"LF,RF",1.5,-160,-150,-150,-150,-160,,,-160,+175,+175,,,-160,,,,,+120,-250,+116,+120,+120,,,+120,-250,-250,,,+116,,,,
2024-04-06,Austin Wells,/mlb/props/austin-wells/,TOR at NYY,NYY,C,0.5,-120,-135,-137,-135,-140,,,,,,,,-137,,,,,-110,+105,+105,+105,+105,,,,,,,,+100,,,,
2024-04-06,Cavan Biggio,/mlb/props/cavan-biggio/,TOR at NYY,HOU,"1B,2B,RF",1.5,-110,-111,-111,-115,-115,,,-115,+320,+320,,,-111,,,,,-120,-115,-123,-115,-115,,,-115,-560,-560,,,-123,,,,
2024-04-06,Vladimir Guerrero Jr.,/mlb/props/vladimir-guerrero-jr/,TOR at NYY,TOR,"1B,DH",1.5,-200,-200,+143,+160,-200,,,+145,+150,+150,,,+143,,,,,+150,-199,-199,-200,+150,,,-200,-215,-215,,,-199,,,,
2024-04-06,Isiah Kiner-Falefa,/mlb/props/isiah-kiner-falefa/,TOR at NYY,BOS,"2B,3B,SS",0.5,-150,-148,-155,-155,-160,,,-160,,,,,-148,,,,,+110,+125,+120,+125,+120,,,+120,,,,,+108,,,,
2024-04-06,Bo Bichette,/mlb/props/bo-bichette/,TOR at NYY,NYM,"3B,SS",1.5,+135,+135,+130,+135,+130,,,+130,+135,+135,,,+123,,,,,-185,-165,-175,-165,-175,,,-175,-190,-190,,,-169,,,,
2024-04-06,Anthony Volpe,/mlb/props/anthony-volpe/,TOR at NYY,NYY,SS,1.5,-135,-135,-135,-135,-140,,,-135,+205,+205,,,-137,,,,,+105,-305,+100,+105,+105,,,+105,-305,-305,,,+100,,,,
2024-04-06,Justin Turner,/mlb/props/justin-turner/,TOR at NYY,FA,"1B,3B",1.5,-175,-180,-180,-180,-185,,,-180,+165,+165,,,-189,,,,,+130,-240,+135,+145,+135,,,+135,-240,-240,,,+136,,,,
2024-04-06,Gleyber Torres,/mlb/props/gleyber-torres/,TOR at NYY,DET,2B,1.5,+135,+145,+140,+145,+140,,,+140,+125,+125,,,+133,,,,,-185,-177,-184,-180,-190,,,-190,-177,-177,,,-184,,,,
2024-04-06,Anthony Rizzo,/mlb/props/anthony-rizzo/,TOR at NYY,FA,1B,1.5,-135,-130,-130,-130,-140,,,-130,+240,+240,,,-133,,,,,+100,-375,-103,+100,+105,,,+100,-375,-375,,,-103,,,,
2024-04-06,Brian Serven,/mlb/props/brian-serven/,TOR at NYY,ATH,C,0.5,-105,-105,-108,-110,-105,,,-105,,,,,-108,,,,,-125,-120,-125,-120,-125,,,-125,,,,,-127,,,,
2024-04-06,Giancarlo Stanton,/mlb/props/giancarlo-stanton/,TOR at NYY,NYY,"LF,RF,DH",1.5,-130,-120,-120,-120,-130,,,-125,+180,+180,,,-127,,,,,-105,-275,-110,-110,+100,,,-105,-275,-275,,,-108,,,,
2024-04-06,Oswaldo Cabrera,/mlb/props/oswaldo-cabrera/,TOR at NYY,NYY,3B,0.5,-105,-115,-120,-115,-120,,,-115,,,,,-125,,,,,-125,-109,-110,-115,-110,,,-115,,,,,-109,,,,
2024-04-06,Juan Soto,/mlb/props/juan-soto/,TOR at NYY,NYM,"LF,RF,DH",1.5,-170,-160,-160,-160,-165,,,-165,+170,+170,,,-166,,,,,+125,-250,+120,+130,+125,,,+125,-250,-250,,,+120,,,,
2024-04-06,Kevin Kiermaier,/mlb/props/kevin-kiermaier/,TOR at NYY,FA,CF,0.5,-120,-120,-120,,-120,,,-120,,,,,-121,,,,,-110,-110,-110,,-110,,,-110,,,,,-113,,,,
2024-04-06,Daniel Vogelbach,/mlb/props/dan-vogelbach/,TOR at NYY,FA,DH,1.5,-120,-115,-115,-115,-120,,,-120,+210,+210,,,-123,,,,,-110,-315,-115,-115,-110,,,-110,-315,-315,,,-111,,,,
2024-04-06,Sal Frelick,/mlb/props/sal-frelick/,SEA at MIL,MIL,"LF,CF,RF",1.5,+135,+145,+135,+145,+135,,,+135,+130,+130,,,+133,,,,,-185,-180,-182,-180,-185,,,-180,-182,-182,,,-184,,,,
2024-04-06,J.P. Crawford,/mlb/props/jp-crawford/,SEA at MIL,SEA,"3B,SS",1.5,-185,-199,-199,-200,-210,,,-210,+155,+155,,,-199,,,,,+140,-225,+143,+160,+155,,,+150,-225,-225,,,+143,,,,
2024-04-06,Gary Sanchez,/mlb/props/gary-sanchez/,SEA at MIL,MIL,"C,1B,DH",0.5,-145,-140,-142,-140,-145,,,-140,,,,,-142,,,,,+110,+110,+110,+110,+110,,,+110,,,,,+104,,,,
2024-04-06,Jorge Polanco,/mlb/props/jorge-polanco/,SEA at MIL,NYM,"2B,3B,DH",1.5,+140,+140,+130,+140,+130,,,+130,+140,+140,,,+123,,,,,-185,-169,-175,-170,-175,,,-175,-200,-200,,,-169,,,,
2024-04-06,Brice Turang,/mlb/props/brice-turang/,SEA at MIL,MIL,2B,0.5,-150,-150,-151,-150,-160,,,-160,,,,,-151,,,,,+115,+120,+120,+120,+120,,,+120,,,,,+110,,,,
2024-04-06,Mitch Haniger,/mlb/props/mitch-haniger/,SEA at MIL,FA,RF,1.5,+140,+140,+135,+140,+140,,,+135,+135,+135,,,+133,,,,,-185,-170,-180,-170,-185,,,-180,-190,-190,,,-184,,,,
2024-04-06,William Contreras,/mlb/props/william-contreras/,SEA at MIL,MIL,"C,DH",1.5,+130,+135,+130,+135,+130,,,+125,+132,+132,,,+129,,,,,-170,-165,-170,-165,-170,,,-165,-186,-186,,,-179,,,,
2024-04-06,Mitch Garver,/mlb/props/mitch-garver/,SEA at MIL,SEA,"C,DH",1.5,-160,-169,-169,-170,-175,,,-175,+160,+160,,,-169,,,,,+120,-235,+123,+140,+130,,,+130,-235,-235,,,+123,,,,
2024-04-06,Christian Yelich,/mlb/props/christian-yelich/,SEA at MIL,MIL,"LF,DH",1.5,+115,+115,+110,+115,+115,,,+110,+107,+107,,,+106,,,,,-150,-140,-145,-145,-150,,,-140,-150,-150,,,-145,,,,
2024-04-06,Jackson Chourio,/mlb/props/jackson-chourio/,SEA at MIL,MIL,"LF,CF,RF",1.5,-150,-140,-140,-145,-150,,,-140,+195,+195,,,-151,,,,,+110,-286,+110,+115,+110,,,+110,-286,-286,,,+110,,,,
2024-04-06,Samad Taylor,/mlb/props/samad-taylor/,SEA at MIL,SD,"2B,LF,RF",0.5,-105,-111,-115,-115,-115,,,-115,,,,,-111,,,,,-130,-115,-115,-115,-115,,,-115,,,,,-123,,,,
2024-04-06,Julio Rodriguez,/mlb/props/julio-rodriguez-of/,SEA at MIL,SEA,CF,1.5,+120,+112,+110,+110,+110,,,+105,+112,+112,,,+110,,,,,-160,-135,-145,-140,-145,,,-135,-155,-155,,,-151,,,,
2024-04-06,Willy Adames,/mlb/props/willy-adames/,SEA at MIL,SF,SS,1.5,-185,-179,-179,-185,-185,,,-190,+145,+145,,,-179,,,,,+140,-205,+129,+150,+140,,,+140,-205,-205,,,+129,,,,
2024-04-06,Oliver Dunn,/mlb/props/oliver-dunn/,SEA at MIL,TB,3B,1.5,-145,-155,-155,-155,-160,,,-160,+143,+143,,,-160,,,,,+110,-205,+116,+125,+120,,,+120,-205,-205,,,+116,,,,
2024-04-06,Cal Raleigh,/mlb/props/caleb-raleigh/,SEA at MIL,SEA,"C,DH",1.5,-145,-154,-154,-155,-160,,,-160,+155,+155,,,-154,,,,,+110,-225,+112,+125,+120,,,+120,-225,-225,,,+112,,,,
2024-04-06,Dylan Moore,/mlb/props/dylan-moore/,SEA at MIL,PHI,"1B,2B,3B,LF,RF",0.5,+100,-104,-105,-110,-105,,,-105,,,,,-104,,,,,-135,-120,-125,-120,-125,,,-125,,,,,-131,,,,
2024-04-06,Luis Urias,/mlb/props/luis-urias/,SEA at MIL,TOR,"2B,3B",0.5,-120,-125,-129,-125,-125,,,-130,,,,,-129,,,,,-110,+100,-105,-105,-105,,,+100,,,,,-106,,,,
2024-04-06,Jake Bauers,/mlb/props/jake-bauers/,SEA at MIL,MIL,"1B,LF,RF",0.5,-140,-133,-135,-135,-140,,,-135,,,,,-133,,,,,+105,+105,+105,+105,+105,,,+105,,,,,-103,,,,
2024-04-06,Joey Ortiz,/mlb/props/joey-ortiz/,SEA at MIL,MIL,"3B,SS",0.5,-130,-125,-127,-125,-130,,,-130,,,,,-127,,,,,-105,+100,-105,-105,-105,,,+100,,,,,-108,,,,
2024-04-06,Rhys Hoskins,/mlb/props/rhys-hoskins/,SEA at MIL,CLE,"1B,DH",1.5,-175,-170,-170,-170,-175,,,-175,+132,+132,,,-179,,,,,+135,-186,+129,+140,+135,,,+130,-186,-186,,,+129,,,,
2024-04-06,Maikel Garcia,/mlb/props/maikel-garcia/,CWS at KC,KC,"2B,3B,SS,OF",1.5,-120,-115,-121,-115,-120,,,-120,-137,-137,,,-121,,,,,-110,+100,-110,-115,-110,,,-110,+100,+100,,,-113,,,,
2024-04-06,Adam Frazier,/mlb/props/adam-frazier/,CWS at KC,LAA,"2B,LF,RF",0.5,-140,-135,-139,-135,-140,,,-135,,,,,-139,,,,,+105,+105,+105,+105,+105,,,+105,,,,,+102,,,,
2024-04-06,Luis Robert Jr.,/mlb/props/luis-robert/,CWS at KC,NYM,CF,1.5,-110,-110,-115,-115,-110,,,,,,,,-117,,,,,-120,-115,-117,-115,-120,,,,,,,,-117,,,,
2024-04-06,Nicky Lopez,/mlb/props/nicky-lopez/,CWS at KC,TEX,"2B,3B,SS",0.5,-165,-150,-154,-150,-155,,,-150,,,,,-154,,,,,+120,+120,+115,+120,+115,,,+115,,,,,+112,,,,
2024-04-06,MJ Melendez,/mlb/props/mj-melendez/,CWS at KC,NYM,"LF,DH",1.5,-170,-165,-165,-165,-170,,,-165,+117,+117,,,-174,,,,,+130,-165,+125,+135,+130,,,+125,-165,-165,,,+126,,,,
2024-04-06,Andrew Vaughn,/mlb/props/andrew-vaughn-1b/,CWS at KC,MIL,1B,1.5,+100,-108,-110,-115,-110,,,-110,-108,-108,,,-113,,,,,-130,-115,-121,-115,-120,,,-120,-130,-130,,,-121,,,,
2024-04-06,Martin Maldonado,/mlb/props/martin-maldonado/,CWS at KC,FA,C,0.5,+100,+105,-105,-105,-105,,,+105,,,,,-106,,,,,-135,-125,-130,-125,-130,,,-140,,,,,-129,,,,
2024-04-06,Yoan Moncada,/mlb/props/yoan-moncada/,CWS at KC,LAA,3B,1.5,-150,-145,-145,-160,-150,,,-150,+170,+170,,,-145,,,,,+115,-245,+106,+130,+115,,,+115,-245,-245,,,+106,,,,
2024-04-06,Robbie Grossman,/mlb/props/robbie-grossman/,CWS at KC,FA,"LF,RF",0.5,-125,-130,-130,-130,-130,,,-130,,,,,-135,,,,,-105,+100,-101,+100,-105,,,+100,,,,,-101,,,,
2024-04-06,Dominic Fletcher,/mlb/props/dominic-fletcher/,CWS at KC,PIT,"CF,RF",1.5,-155,-140,-140,-140,-145,,,-140,+190,+190,,,-145,,,,,+120,-278,+106,+110,+110,,,+110,-278,-278,,,+106,,,,
2024-04-06,Kevin Pillar,/mlb/props/kevin-pillar/,CWS at KC,FA,"LF,CF,RF",1.5,+135,+140,+130,+140,+135,,,+130,+114,+114,,,+129,,,,,-180,-159,-170,-170,-180,,,-175,-159,-159,,,-179,,,,
2024-04-06,Lenyn Sosa,/mlb/props/lenyn-sosa/,CWS at KC,TOR,"1B,2B,DH",1.5,+125,+130,+125,+130,+125,,,+125,+114,+114,,,+120,,,,,-170,-159,-165,-160,-170,,,-165,-159,-159,,,-166,,,,
2024-04-06,Braden Shewmake,/mlb/props/braden-shewmake/,CWS at KC,HOU,"2B,3B,SS",1.5,-125,-120,-120,-120,-125,,,-125,+170,+170,,,-125,,,,,-105,-250,-110,-110,-105,,,-105,-250,-250,,,-109,,,,
2024-04-06,Vinnie Pasquantino,/mlb/props/vinnie-pasquantino/,CWS at KC,KC,"1B,DH",1.5,-190,-185,-185,-185,-190,,,-190,+123,+123,,,-189,,,,,+140,-175,+136,+150,+140,,,+140,-175,-175,,,+136,,,,
2024-04-06,Andrew Benintendi,/mlb/props/andrew-benintendi/,CWS at KC,CWS,"LF,DH",1.5,+145,+155,+145,+155,+145,,,+140,+132,+132,,,+146,,,,,-200,-186,-195,-190,-195,,,-190,-186,-186,,,-204,,,,
2024-04-06,Hunter Renfroe,/mlb/props/hunter-renfroe/,CWS at KC,FA,RF,1.5,+125,+125,+120,+125,+125,,,+120,,,,,+112,,,,,-165,-154,-160,-155,-165,,,-160,,,,,-154,,,,
2024-04-06,Bobby Witt Jr.,/mlb/props/bobby-witt-jr/,CWS at KC,KC,SS,1.5,-155,-145,-155,-145,-155,,,-150,-175,-175,,,-154,,,,,+115,+123,+115,+115,+115,,,+115,+123,+123,,,+112,,,,
2024-04-06,Garrett Hampson,/mlb/props/garrett-hampson/,CWS at KC,CIN,"2B,LF,CF",0.5,-180,-179,-180,-180,-180,,,-180,,,,,-179,,,,,+135,+145,+135,+145,+135,,,+135,,,,,+129,,,,
2024-04-06,Nelson Velazquez,/mlb/props/nelson-velazquez/,CWS at KC,STL,"LF,RF,DH",1.5,+110,+105,+100,+100,+105,,,+100,-114,-114,,,+104,,,,,-150,-122,-130,-130,-140,,,-130,-122,-122,,,-142,,,,
2024-04-06,Nick Loftin,/mlb/props/nick-loftin/,CWS at KC,KC,"2B,3B,LF",1.5,+135,+145,+135,+145,+135,,,,,,,,+129,,,,,-180,-179,-180,-180,-180,,,,,,,,-179,,,,
2024-04-06,Kyle Isbel,/mlb/props/kyle-isbel/,CWS at KC,KC,CF,0.5,-125,-125,-130,-125,-125,,,-130,,,,,-135,,,,,-105,+100,-101,-105,-105,,,+100,,,,,-101,,,,
2024-04-06,Salvador Perez,/mlb/props/salvador-perez/,CWS at KC,KC,"C,1B,DH",1.5,-140,-130,-142,-130,-135,,,-130,-159,-159,,,-142,,,,,+105,+114,+104,+100,+100,,,+100,+114,+114,,,+104,,,,
2024-04-06,Paul DeJong,/mlb/props/paul-dejong/,CWS at KC,FA,"2B,3B,SS",1.5,-160,-140,-140,-155,-160,,,-140,+138,+138,,,-148,,,,,+120,-195,+105,+125,+120,,,+105,-195,-195,,,+108,,,,
2024-04-06,Gavin Sheets,/mlb/props/gavin-sheets/,CWS at KC,SD,"1B,LF,RF,DH",1.5,-140,-130,-130,-130,-135,,,-135,+163,+163,,,-145,,,,,+105,-235,+100,+100,+105,,,+105,-235,-235,,,+106,,,,
2024-04-06,Corbin Carroll,/mlb/props/corbin-carroll-of/,ARI at ATL,ARI,"CF,RF",1.5,+150,+160,+143,+160,+150,,,+150,+128,+128,,,+143,,,,,-200,-180,-199,-200,-200,,,-210,-180,-180,,,-199,,,,
2024-04-06,Ozzie Albies,/mlb/props/ozhaino-albies/,ARI at ATL,ATL,2B,1.5,+105,+104,+100,+100,+100,,,+100,-113,-113,,,+104,,,,,-140,-124,-130,-130,-135,,,-130,-124,-124,,,-142,,,,
2024-04-06,Austin Riley,/mlb/props/austin-riley/,ARI at ATL,ATL,3B,1.5,+110,+110,+104,+105,+110,,,+105,-103,-103,,,+104,,,,,-145,-135,-137,-135,-145,,,-135,-137,-137,,,-142,,,,
2024-04-06,Marcell Ozuna,/mlb/props/marcell-ozuna/,ARI at ATL,PIT,DH,1.5,+115,+115,+114,+115,+115,,,+115,+104,+104,,,+114,,,,,-155,-143,-150,-145,-155,,,-150,-143,-143,,,-157,,,,
2024-04-06,Ronald Acuna Jr.,/mlb/props/ronald-acuna/,ARI at ATL,ATL,RF,1.5,-140,-135,-145,-135,-140,,,-145,-167,-167,,,-139,,,,,+105,+118,+110,+105,+105,,,+110,+118,+118,,,+102,,,,
2024-04-06,Matt Olson,/mlb/props/matt-olson/,ARI at ATL,ATL,1B,1.5,+120,+120,+115,+120,+115,,,+115,+108,+108,,,+116,,,,,-160,-150,-155,-150,-155,,,-150,-150,-150,,,-160,,,,
2024-04-06,Randal Grichuk,/mlb/props/randal-grichuk/,ARI at ATL,CWS,"LF,RF,DH",1.5,+145,+155,+143,+155,+145,,,+140,+135,+135,,,+143,,,,,-200,-190,-190,-190,-200,,,-190,-190,-190,,,-199,,,,
2024-04-06,Gabriel Moreno,/mlb/props/gabriel-moreno/,ARI at ATL,ARI,C,1.5,-170,-170,-170,-170,-180,,,-180,+175,+175,,,-179,,,,,+125,-250,+129,+140,+135,,,+135,-250,-250,,,+129,,,,
2024-04-06,Blaze Alexander,/mlb/props/blaze-alexander/,ARI at ATL,BAL,"2B,3B,SS,LF,CF",1.5,-135,-125,-125,-125,-130,,,,+215,+215,,,-137,,,,,+105,-335,-105,-105,+100,,,,-335,-335,,,+100,,,,
2024-04-06,Christian Walker,/mlb/props/christian-walker/,ARI at ATL,HOU,1B,1.5,-165,-166,-166,-170,-175,,,-175,+135,+135,,,-166,,,,,+125,-190,+120,+140,+130,,,+130,-190,-190,,,+120,,,,
2024-04-06,Ketel Marte,/mlb/props/ketel-marte/,ARI at ATL,ARI,"2B,DH",1.5,+120,+115,+110,+115,+115,,,+110,-106,-106,,,+112,,,,,-160,-132,-145,-145,-150,,,-140,-132,-132,,,-154,,,,
2024-04-06,Orlando Arcia,/mlb/props/orlando-arcia/,ARI at ATL,MIN,"1B,2B,3B,SS",1.5,-175,-179,-179,-180,-190,,,-180,+150,+150,,,-179,,,,,+130,-215,+129,+145,+140,,,+135,-215,-215,,,+129,,,,
2024-04-06,Travis d'Arnaud,/mlb/props/travis-darnaud/,ARI at ATL,LAA,C,1.5,-185,-180,-180,-180,-185,,,-180,+138,+138,,,-184,,,,,+135,-195,+133,+145,+135,,,+135,-195,-195,,,+133,,,,
2024-04-06,Lourdes Gurriel Jr.,/mlb/props/lourdes-gurriel-jr/,ARI at ATL,ARI,"LF,DH",1.5,+135,+135,+130,+135,+130,,,+125,+125,+125,,,+123,,,,,-180,-165,-169,-165,-170,,,-165,-177,-177,,,-169,,,,
2024-04-06,Jarred Kelenic,/mlb/props/jarred-kelenic/,ARI at ATL,TEX,"LF,CF,RF",1.5,-140,-135,-135,-135,-145,,,-135,+185,+185,,,-137,,,,,+105,-275,+100,+105,+110,,,+105,-275,-275,,,+100,,,,
2024-04-06,Jace Peterson,/mlb/props/jace-peterson/,ARI at ATL,FA,"2B,3B,SS",0.5,+105,+110,+105,+110,+105,,,+110,,,,,+102,,,,,-140,-139,-140,-140,-140,,,-140,,,,,-139,,,,
2024-04-06,Michael Harris II,/mlb/props/michael-harris/,ARI at ATL,ATL,CF,1.5,+105,+108,+105,+105,+105,,,+105,+105,+105,,,+108,,,,,-140,-135,-140,-135,-140,,,-135,-148,-148,,,-148,,,,
2024-04-06,Jake McCarthy,/mlb/props/jake-mccarthy/,ARI at ATL,COL,"LF,CF,RF",1.5,-150,-140,-140,-145,-150,,,-140,+180,+180,,,-151,,,,,+110,-275,+110,+115,+110,,,+110,-275,-275,,,+110,,,,
2024-04-06,Eugenio Suarez,/mlb/props/eugenio-suarez/,ARI at ATL,CIN,"3B,DH",1.5,-125,-123,-123,-125,-130,,,-130,+163,+163,,,-123,,,,,-105,-235,-111,-105,-105,,,+100,-235,-235,,,-111,,,,
2024-04-06,Jose Siri,/mlb/props/jose-siri/,TB at COL,LAA,"LF,CF",1.5,-179,-180,+133,+150,-180,,,+140,,,,,+133,,,,,+129,-184,-184,-185,+135,,,-190,,,,,-184,,,,
2024-04-06,Ryan McMahon,/mlb/props/ryan-mcmahon/,TB at COL,NYY,3B,1.5,+116,+118,+110,+115,+110,,,+110,+108,+108,,,+118,,,,,-160,-140,-150,-145,-150,,,-140,-152,-152,,,-163,,,,
2024-04-06,Harold Ramirez,/mlb/props/harold-ramirez-of/,TB at COL,FA,"LF,RF,DH",1.5,-113,-117,-120,-120,-120,,,-125,-117,-117,,,-123,,,,,-121,-105,-111,-110,-110,,,-105,-120,-120,,,-111,,,,
2024-04-06,Isaac Paredes,/mlb/props/isaac-paredes/,TB at COL,HOU,"1B,3B,DH",1.5,+110,+105,+104,+100,+105,,,+105,+104,+104,,,+102,,,,,-151,-130,-139,-130,-140,,,-135,-143,-143,,,-139,,,,
2024-04-06,Randy Arozarena,/mlb/props/randy-arozarena/,TB at COL,SEA,"LF,CF",1.5,+110,+105,+100,+100,+105,,,+105,-115,-115,,,+102,,,,,-151,-121,-135,-130,-140,,,-135,-121,-121,,,-139,,,,
2024-04-06,Kris Bryant,/mlb/props/kris-bryant/,TB at COL,COL,DH,1.5,-127,-122,-130,-130,-135,,,-130,-122,-122,,,-127,,,,,-108,+100,-108,+100,+100,,,+100,-114,-114,,,-108,,,,
2024-04-06,Jose Caballero,/mlb/props/jose-caballero/,TB at COL,NYY,"2B,3B,SS,LF,RF",1.5,-169,-195,+136,+145,-195,,,+140,,,,,+136,,,,,+123,-180,-180,-180,+145,,,-190,,,,,-189,,,,
2024-04-06,Ezequiel Tovar,/mlb/props/ezequiel-tovar/,TB at COL,COL,SS,1.5,-101,+116,+100,-105,-105,,,+100,+116,+116,,,-101,,,,,-135,-125,-135,-125,-130,,,-130,-162,-162,,,-135,,,,
2024-04-06,Yandy Diaz,/mlb/props/yandy-diaz/,TB at COL,TB,"1B,DH",1.5,-123,-130,-134,-130,-135,,,-130,-134,-134,,,-137,,,,,-111,+100,+100,+100,+100,,,+100,-105,-105,,,+100,,,,
2024-04-06,Elehuris Montero,/mlb/props/elehuris-montero-3b/,TB at COL,FA,"1B,3B",1.5,+104,+110,+110,+110,+110,,,+110,,,,,-109,,,,,-142,-125,-140,-140,-145,,,-140,,,,,-125,,,,
2024-04-06,Brenton Doyle,/mlb/props/brenton-doyle/,TB at COL,COL,CF,1.5,+123,+133,+125,+130,+125,,,+125,+133,+133,,,+123,,,,,-169,-160,-169,-160,-165,,,-165,-190,-190,,,-169,,,,
2024-04-06,Nolan Jones,/mlb/props/nolan-jones-3b/,TB at COL,CWS,"LF,CF,RF",1.5,+110,+105,+105,+105,+105,,,+105,-106,-106,,,-103,,,,,-151,-132,-135,-135,-140,,,-135,-132,-132,,,-133,,,,
2024-04-06,Amed Rosario,/mlb/props/amed-rosario/,TB at COL,NYY,"2B,3B,OF",1.5,-105,+102,-105,-110,-105,,,-105,+102,+102,,,-108,,,,,-125,-120,-127,-120,-125,,,-125,-141,-141,,,-127,,,,
2024-04-06,Ben Rortvedt,/mlb/props/benjamin-rortvedt/,TB at COL,NYM,C,0.5,-169,-180,+133,+140,-180,,,-200,,,,,+133,,,,,+123,-170,+135,-170,+135,,,+145,,,,,-184,,,,
2024-04-06,Brendan Rodgers,/mlb/props/brendan-rodgers/,TB at COL,BOS,2B,1.5,-133,-129,-133,-130,-140,,,-135,-129,-129,,,-133,,,,,-103,+105,+100,+100,+105,,,+105,-109,-109,,,-103,,,,
2024-04-06,Brandon Lowe,/mlb/props/brandon-lowe/,TB at COL,PIT,2B,1.5,-123,-123,-125,-125,-130,,,-130,-125,-125,,,-123,,,,,-111,+100,-105,-105,+100,,,+100,-112,-112,,,-111,,,,
2024-04-06,Richie Palacios,/mlb/props/richie-palacios/,TB at COL,TB,"2B,LF",1.5,+104,+104,-104,-110,+100,,,-105,+104,+104,,,-104,,,,,-142,-120,-130,-120,-130,,,-125,-143,-143,,,-131,,,,
2024-04-06,Charlie Blackmon,/mlb/props/charlie-blackmon/,TB at COL,FA,"RF,DH",1.5,-127,-112,-125,-125,-125,,,-130,-112,-112,,,-127,,,,,-108,+100,-108,-105,-105,,,+100,-124,-124,,,-108,,,,
2024-04-06,Elias Diaz,/mlb/props/elias-diaz/,TB at COL,TEX,C,1.5,-117,-115,-115,-115,-115,,,-115,-117,-117,,,-117,,,,,-117,-115,-117,-115,-115,,,-115,-120,-120,,,-117,,,,
2024-04-06,Jurickson Profar,/mlb/props/jurickson-profar/,SD at SF,ATL,LF,1.5,-205,-200,-200,-200,-205,,,-210,+160,+160,,,-204,,,,,+150,-230,+146,+160,+155,,,+150,-230,-230,,,+146,,,,
2024-04-06,Jorge Soler,/mlb/props/jorge-soler/,SD at SF,LAA,"RF,DH",1.5,+145,+155,+139,+155,+145,,,+145,+110,+110,,,+139,,,,,-200,-155,-190,-190,-195,,,-200,-155,-155,,,-194,,,,
2024-04-06,Thairo Estrada,/mlb/props/thairo-estrada/,SD at SF,FA,2B,1.5,+160,+160,+152,+160,+155,,,+150,+140,+140,,,+152,,,,,-215,-200,-210,-200,-210,,,-210,-200,-200,,,-214,,,,
2024-04-06,Mike Yastrzemski,/mlb/props/michael-yastrzemski/,SD at SF,ATL,"LF,CF,RF",1.5,-130,-125,-125,-125,-130,,,-130,+180,+180,,,-131,,,,,+100,-265,-105,-105,-105,,,+100,-265,-265,,,-104,,,,
2024-04-06,Patrick Bailey,/mlb/props/patrick-bailey/,SD at SF,CLE,C,0.5,-145,-140,-142,-140,-150,,,-140,,,,,-142,,,,,+110,+110,+110,+110,+110,,,+110,,,,,+104,,,,
2024-04-06,Jung Hoo Lee,/mlb/props/jung-lee/,SD at SF,SF,"CF,RF",1.5,+125,+130,+125,+130,+125,,,+125,+130,+130,,,+123,,,,,-165,-160,-169,-160,-165,,,-165,-182,-182,,,-169,,,,
2024-04-06,Fernando Tatis Jr.,/mlb/props/fernando-tatis-jr/,SD at SF,SD,"2B,RF",1.5,+120,+115,+110,+115,+110,,,+110,-108,-108,,,+114,,,,,-160,-129,-145,-145,-145,,,-140,-129,-129,,,-157,,,,
2024-04-06,Jake Cronenworth,/mlb/props/jacob-cronenworth/,SD at SF,SD,"1B,2B,SS",1.5,+115,+128,+120,+120,+115,,,+115,+128,+128,,,+114,,,,,-150,-150,-157,-150,-150,,,-150,-180,-180,,,-157,,,,
2024-04-06,Matt Chapman,/mlb/props/matt-chapman/,SD at SF,SF,3B,1.5,-185,-184,-184,-185,-190,,,-190,+138,+138,,,-184,,,,,+140,-195,+133,+150,+140,,,+140,-195,-195,,,+133,,,,
2024-04-06,Ha-Seong Kim,/mlb/props/ha-seong-kim/,SD at SF,ATL,"2B,SS",1.5,-175,-174,-174,-180,-190,,,-180,+175,+175,,,-174,,,,,+130,-250,+126,+145,+140,,,+135,-250,-250,,,+126,,,,
2024-04-06,Graham Pauley,/mlb/props/graham-pauley/,SD at SF,MIA,"1B,3B",0.5,-170,-165,-166,-165,-170,,,-165,,,,,-166,,,,,+125,+135,+125,+135,+125,,,+125,,,,,+120,,,,
2024-04-06,Nick Ahmed,/mlb/props/nick-ahmed/,SD at SF,FA,SS,0.5,-145,-140,-145,-145,-150,,,-140,,,,,-154,,,,,+110,+115,+112,+115,+110,,,+110,,,,,+112,,,,
2024-04-06,Luis Campusano,/mlb/props/luis-campusano/,SD at SF,SD,"C,DH",1.5,+160,+160,+150,+160,+155,,,+150,+150,+150,,,+146,,,,,-220,-200,-210,-200,-210,,,-210,-220,-220,,,-204,,,,
2024-04-06,Michael Conforto,/mlb/props/michael-conforto/,SD at SF,CHC,"LF,RF,DH",1.5,-185,-184,-184,-185,-195,,,-190,+140,+140,,,-184,,,,,+135,-200,+133,+150,+145,,,+140,-200,-200,,,+133,,,,
2024-04-06,Manny Machado,/mlb/props/manny-machado/,SD at SF,SD,"3B,DH",1.5,+135,+140,+130,+140,+130,,,+130,+120,+120,,,+129,,,,,-180,-167,-175,-170,-175,,,-175,-167,-167,,,-179,,,,
2024-04-06,Xander Bogaerts,/mlb/props/xander-bogaerts/,SD at SF,SD,SS,1.5,+155,+150,+140,+150,+140,,,+140,+130,+130,,,+139,,,,,-210,-182,-190,-185,-190,,,-190,-182,-182,,,-194,,,,
2024-04-06,Jackson Merrill,/mlb/props/jackson-merrill/,SD at SF,SD,CF,0.5,-180,-185,-189,-185,-185,,,-190,,,,,-189,,,,,+135,+150,+140,+150,+135,,,+140,,,,,+136,,,,
2024-04-06,LaMonte Wade Jr.,/mlb/props/lamonte-wade/,SD at SF,HOU,"1B,RF",1.5,-150,-145,-145,-145,-155,,,-150,+160,+160,,,-151,,,,,+115,-235,+110,+115,+115,,,+115,-235,-235,,,+110,,,,
2024-04-06,Jarren Duran,/mlb/props/jarren-duran/,BOS at LAA,BOS,"LF,CF,DH",1.5,-200,-200,+135,+155,-200,,,+145,+135,+135,,,+143,,,,,+150,-190,-190,-190,+150,,,-200,-190,-190,,,-199,,,,
2024-04-06,Triston Casas,/mlb/props/triston-casas/,BOS at LAA,BOS,1B,1.5,-135,-130,-130,-130,-130,,,-130,+175,+175,,,-142,,,,,+100,-250,+100,+100,+100,,,+100,-250,-250,,,+104,,,,
2024-04-06,Taylor Ward,/mlb/props/taylor-ward/,BOS at LAA,BAL,LF,1.5,+135,+138,+130,+135,+130,,,+130,+138,+138,,,+129,,,,,-180,-165,-179,-165,-175,,,-175,-195,-195,,,-179,,,,
2024-04-06,Rafael Devers,/mlb/props/rafael-devers/,BOS at LAA,SF,"1B,DH",1.5,+125,+130,+120,+130,+125,,,+120,+112,+112,,,+120,,,,,-165,-157,-160,-160,-165,,,-160,-157,-157,,,-166,,,,
2024-04-06,Nolan Schanuel,/mlb/props/nolan-schanuel/,BOS at LAA,LAA,1B,1.5,-215,-200,-200,-200,-210,,,-210,+155,+155,,,-214,,,,,+155,-230,+150,+160,+155,,,+150,-230,-230,,,+152,,,,
2024-04-06,Pablo Reyes,/mlb/props/pablo-reyes/,BOS at LAA,SD,"2B,3B,RF",1.5,-175,-175,+136,+150,-175,,,+140,+160,+160,,,+136,,,,,+130,-185,-185,-185,+130,,,-190,-235,-235,,,-189,,,,
2024-04-06,Bobby Dalbec,/mlb/props/robert-dalbec/,BOS at LAA,FA,"1B,3B",1.5,-105,-120,-120,-120,-125,,,-125,+175,+175,,,-127,,,,,-125,-250,-110,-110,-105,,,-105,-250,-250,,,-108,,,,
2024-04-06,Tyler O'Neill,/mlb/props/tyler-oneill/,BOS at LAA,BAL,"LF,RF",1.5,+110,+125,+118,+120,+115,,,+125,+118,+118,,,+108,,,,,-150,-148,-155,-150,-155,,,-165,-165,-165,,,-148,,,,
2024-04-06,Mickey Moniak,/mlb/props/mckenzie-moniak/,BOS at LAA,COL,"LF,CF,RF,DH",0.5,-125,-119,-120,-120,-125,,,-125,,,,,-119,,,,,-105,-105,-110,-110,-105,,,-105,,,,,-115,,,,
2024-04-06,Zach Neto,/mlb/props/zach-neto/,BOS at LAA,LAA,SS,0.5,-145,-135,-139,-135,-140,,,-135,,,,,-139,,,,,+110,+105,+105,+105,+105,,,+105,,,,,+102,,,,
2024-04-06,Mike Trout,/mlb/props/mike-trout/,BOS at LAA,LAA,"CF,RF,DH",1.5,+130,+140,+130,+140,+130,,,+130,+110,+110,,,+123,,,,,-170,-152,-169,-170,-175,,,-175,-152,-152,,,-169,,,,
2024-04-06,Ceddanne Rafaela,/mlb/props/ceddanne-rafaela/,BOS at LAA,BOS,"2B,CF",1.5,-150,-145,-145,-145,-155,,,,+175,+175,,,-154,,,,,+115,-250,+112,+115,+115,,,,-250,-250,,,+112,,,,
2024-04-06,Logan O'Hoppe,/mlb/props/logan-ohoppe/,BOS at LAA,LAA,C,1.5,-170,-165,-165,-165,-170,,,-175,+150,+150,,,-189,,,,,+130,-220,+130,+135,+130,,,+130,-220,-220,,,+136,,,,
2024-04-06,Enmanuel Valdez,/mlb/props/enmanuel-valdez/,BOS at LAA,PIT,1B,0.5,-105,-105,-106,-110,-105,,,-105,,,,,-106,,,,,-125,-120,-125,-120,-125,,,-125,,,,,-129,,,,
2024-04-06,Anthony Rendon,/mlb/props/anthony-rendon/,BOS at LAA,LAA,3B,1.5,+145,+145,+136,+145,+135,,,+135,+143,+143,,,+136,,,,,-190,-180,-189,-180,-180,,,-180,-205,-205,,,-189,,,,
2024-04-06,Connor Wong,/mlb/props/connor-wong/,BOS at LAA,BOS,C,1.5,-110,-115,-115,-115,-120,,,-120,+190,+190,,,-115,,,,,-120,-278,-119,-115,-110,,,-110,-278,-278,,,-119,,,,
2024-04-06,Masataka Yoshida,/mlb/props/masataka-yoshida/,BOS at LAA,BOS,"LF,DH",1.5,-205,-189,-189,-200,-205,,,-200,+163,+163,,,-189,,,,,+150,-235,+136,+160,+150,,,+145,-235,-235,,,+136,,,,
2024-04-06,Brandon Drury,/mlb/props/brandon-drury/,BOS at LAA,KC,"1B,2B,3B",1.5,+145,+160,+150,+160,+150,,,+150,+143,+143,,,+139,,,,,-200,-194,-205,-200,-205,,,-210,-205,-205,,,-194,,,,
2024-04-06,Miguel Sano,/mlb/props/miguel-sano/,BOS at LAA,FA,"1B,3B",0.5,-135,-135,-137,-135,-140,,,-135,,,,,-137,,,,,+105,+105,+105,+105,+105,,,+105,,,,,+100,,,,
2024-04-07,Bo Bichette,/mlb/props/bo-bichette/,TOR at NYY,NYM,"3B,SS",1.5,+160,+155,+146,+150,+145,,,+140,+155,+155,,,+146,,,,,-220,-185,-204,-185,-190,,,-190,-225,-225,,,-204,,,,
2024-04-07,Justin Turner,/mlb/props/justin-turner/,TOR at NYY,FA,"1B,3B",1.5,-135,-135,-135,-140,-145,,,-135,+205,+205,,,-145,,,,,+100,-315,+105,+110,+110,,,+105,-315,-315,,,+106,,,,
2024-04-07,Oswaldo Cabrera,/mlb/props/oswaldo-cabrera/,TOR at NYY,NYY,3B,0.5,-135,-125,-130,-125,-130,,,-130,,,,,-137,,,,,+105,+100,+100,-105,-105,,,+100,,,,,+100,,,,
2024-04-07,Ernie Clement,/mlb/props/ernie-clement/,TOR at NYY,TOR,"1B,2B,3B,SS",0.5,-160,-154,-160,-160,-165,,,-165,,,,,-154,,,,,+120,+130,+125,+130,+125,,,+125,,,,,+112,,,,
2024-04-07,Alex Verdugo,/mlb/props/alex-verdugo/,TOR at NYY,FA,"LF,RF",1.5,-185,-180,-180,-180,-185,,,-180,+170,+170,,,-184,,,,,+140,-245,+133,+145,+135,,,+135,-245,-245,,,+133,,,,
2024-04-07,Gleyber Torres,/mlb/props/gleyber-torres/,TOR at NYY,DET,2B,1.5,+125,+130,+125,+130,+125,,,+125,+125,+125,,,+112,,,,,-165,-154,-165,-160,-165,,,-165,-177,-177,,,-154,,,,
2024-04-07,Alejandro Kirk,/mlb/props/alejandro-kirk/,TOR at NYY,TOR,C,1.5,+165,+195,+160,+160,+155,,,+150,+195,+195,,,+152,,,,,-220,-200,-214,-200,-210,,,-210,-286,-286,,,-214,,,,
2024-04-07,Anthony Rizzo,/mlb/props/anthony-rizzo/,TOR at NYY,FA,1B,1.5,-160,-160,-160,-180,-165,,,-165,+170,+170,,,-160,,,,,+120,-245,+116,+145,+125,,,+125,-245,-245,,,+116,,,,
2024-04-07,George Springer,/mlb/props/george-springer/,TOR at NYY,TOR,"LF,CF,RF,DH",1.5,-185,-199,-199,-200,-210,,,-210,+165,+165,,,-199,,,,,+140,-240,+143,+160,+155,,,+150,-240,-240,,,+143,,,,
2024-04-07,Aaron Judge,/mlb/props/aaron-judge/,TOR at NYY,NYY,"LF,CF,RF,DH",1.5,+115,+112,+110,+100,+110,,,+110,+110,+110,,,+112,,,,,-155,-130,-145,-130,-145,,,-140,-152,-152,,,-154,,,,
2024-04-07,Juan Soto,/mlb/props/juan-soto/,TOR at NYY,NYM,"LF,RF,DH",1.5,+125,+135,+130,+135,+125,,,+125,+130,+130,,,+123,,,,,-165,-165,-170,-165,-170,,,-165,-182,-182,,,-169,,,,
2024-04-07,Giancarlo Stanton,/mlb/props/giancarlo-stanton/,TOR at NYY,NYY,"LF,RF,DH",1.5,-150,-155,-155,-155,-160,,,-160,+148,+148,,,-166,,,,,+115,-220,+120,+125,+120,,,+120,-220,-220,,,+120,,,,
2024-04-07,Kevin Kiermaier,/mlb/props/kevin-kiermaier/,TOR at NYY,FA,CF,0.5,-110,-115,-115,-115,-115,,,-115,,,,,-125,,,,,-120,-109,-115,-115,-115,,,-115,,,,,-109,,,,
2024-04-07,Jose Trevino,/mlb/props/jose-trevino/,TOR at NYY,CIN,C,0.5,-140,-145,-150,-145,-155,,,-150,,,,,-145,,,,,+105,+115,+115,+115,+115,,,+115,,,,,+106,,,,
2024-04-07,Anthony Volpe,/mlb/props/anthony-volpe/,TOR at NYY,NYY,SS,1.5,-160,-165,-165,-165,-175,,,-175,+175,+175,,,-174,,,,,+120,-265,+126,+135,+130,,,+130,-265,-265,,,+126,,,,
2024-04-07,Davis Schneider,/mlb/props/davis-schneider/,TOR at NYY,TOR,"2B,LF",0.5,+110,+105,+105,+105,+105,,,+105,,,,,+102,,,,,-150,-135,-139,-135,-140,,,-135,,,,,-139,,,,
2024-04-07,Cavan Biggio,/mlb/props/cavan-biggio/,TOR at NYY,HOU,"1B,2B,RF",1.5,+110,-110,-110,-110,-110,,,-110,+285,+285,,,-111,,,,,-145,-500,-123,-120,-120,,,-120,-500,-500,,,-123,,,,
2024-04-07,Isiah Kiner-Falefa,/mlb/props/isiah-kiner-falefa/,TOR at NYY,BOS,"2B,3B,SS",0.5,-145,-145,-150,-145,-155,,,-150,,,,,-145,,,,,+110,+115,+115,+115,+115,,,+115,,,,,+106,,,,
2024-04-07,Austin Wells,/mlb/props/austin-wells/,TOR at NYY,NYY,C,0.5,-160,-155,-160,-155,-160,,,,,,,,-163,,,,,+120,+125,+120,+125,+120,,,,,,,,+118,,,,
2024-04-07,Daulton Varsho,/mlb/props/daulton-varsho/,TOR at NYY,TOR,"LF,CF",1.5,-115,-115,-115,-115,-115,,,-115,+205,+205,,,-115,,,,,-115,-315,-119,-115,-115,,,-115,-315,-315,,,-119,,,,
2024-04-07,Vladimir Guerrero Jr.,/mlb/props/vladimir-guerrero-jr/,TOR at NYY,TOR,"1B,DH",1.5,-160,-170,-170,-170,-180,,,-175,+170,+170,,,-174,,,,,+120,-250,+126,+140,+135,,,+130,-250,-250,,,+126,,,,
2024-04-07,Austin Hays,/mlb/props/austin-hays/,BAL at PIT,CWS,"LF,DH",1.5,+130,+140,+130,+140,+130,,,+130,+135,+135,,,+123,,,,,-175,-169,-175,-170,-175,,,-175,-190,-190,,,-169,,,,
2024-04-07,Gunnar Henderson,/mlb/props/gunnar-henderson/,BAL at PIT,BAL,"SS,DH",1.5,+110,+108,+105,+105,+105,,,+105,-103,-103,,,+108,,,,,-145,-135,-140,-135,-140,,,-135,-136,-136,,,-148,,,,
2024-04-07,Andrew McCutchen,/mlb/props/andrew-mccutchen/,BAL at PIT,FA,"LF,RF,DH",1.5,-155,-160,-160,-165,-160,,,-160,+155,+155,,,-174,,,,,+120,-225,+120,+135,+120,,,+120,-225,-225,,,+126,,,,
2024-04-07,Ramon Urias,/mlb/props/ramon-urias/,BAL at PIT,STL,"2B,3B",0.5,-195,-184,-190,-185,-195,,,-190,,,,,-184,,,,,+145,+150,+140,+150,+145,,,+140,,,,,+133,,,,
2024-04-07,Jared Triolo,/mlb/props/jared-triolo/,BAL at PIT,PIT,"1B,2B,3B,SS",0.5,-160,-160,-165,-160,-165,,,-165,,,,,-169,,,,,+120,+130,+125,+130,+125,,,+125,,,,,+123,,,,
2024-04-07,Michael A. Taylor,/mlb/props/michael-taylor/,BAL at PIT,FA,"LF,CF,RF",0.5,-110,-110,-111,-115,-110,,,-110,,,,,-111,,,,,-120,-115,-120,-115,-120,,,-120,,,,,-123,,,,
2024-04-07,Ryan Mountcastle,/mlb/props/ryan-mountcastle/,BAL at PIT,BAL,"1B,DH",1.5,-115,-112,-119,-115,-115,,,-130,-112,-112,,,-119,,,,,-115,+100,-115,-115,-115,,,+100,-125,-125,,,-115,,,,
2024-04-07,Bryan Reynolds,/mlb/props/bryan-reynolds/,BAL at PIT,PIT,"LF,CF,RF,DH",1.5,+125,+130,+125,+130,+125,,,+125,+118,+118,,,+118,,,,,-170,-160,-163,-160,-165,,,-165,-165,-165,,,-163,,,,
2024-04-07,Jack Suwinski,/mlb/props/jack-suwinski/,BAL at PIT,LAD,"LF,CF,RF",1.5,-145,-145,-145,-145,-150,,,-150,+143,+143,,,-154,,,,,+110,-200,+112,+115,+115,,,+115,-200,-200,,,+112,,,,
2024-04-07,Henry Davis,/mlb/props/henry-davis/,BAL at PIT,PIT,C,1.5,-160,-125,-125,-125,-130,,,-130,+180,+180,,,-137,,,,,+120,-265,-105,-105,+100,,,+100,-265,-265,,,+100,,,,
2024-04-07,Oneil Cruz,/mlb/props/oneil-cruz-3b/,BAL at PIT,PIT,"CF,DH",1.5,+120,+115,+110,+115,+110,,,+110,+115,+115,,,+108,,,,,-155,-140,-148,-145,-150,,,-140,-162,-162,,,-148,,,,
2024-04-07,Ke'Bryan Hayes,/mlb/props/kebryan-hayes/,BAL at PIT,CIN,3B,1.5,+135,+140,+135,+140,+135,,,+135,+133,+133,,,+129,,,,,-180,-170,-180,-170,-180,,,-180,-190,-190,,,-179,,,,
2024-04-07,Cedric Mullins II,/mlb/props/cedric-mullins/,BAL at PIT,TB,CF,1.5,-185,-185,-185,-185,-195,,,-190,+143,+143,,,-189,,,,,+140,-205,+136,+150,+145,,,+140,-205,-205,,,+136,,,,
2024-04-07,Anthony Santander,/mlb/props/anthony-santander/,BAL at PIT,TOR,"LF,RF,DH",1.5,-105,+102,-104,-110,-110,,,-110,+102,+102,,,-104,,,,,-125,-120,-131,-120,-120,,,-120,-141,-141,,,-131,,,,
2024-04-07,Rowdy Tellez,/mlb/props/rowdy-tellez/,BAL at PIT,ATL,1B,1.5,-120,-125,-125,-125,-130,,,-130,+170,+170,,,-129,,,,,-110,-245,-106,-105,-105,,,+100,-245,-245,,,-106,,,,
2024-04-07,James McCann,/mlb/props/james-mccann/,BAL at PIT,ARI,C,1.5,+145,+150,+145,+150,+145,,,+140,,,,,+139,,,,,-195,-185,-190,-185,-190,,,-190,,,,,-194,,,,
2024-04-07,Jordan Westburg,/mlb/props/jordan-westburg/,BAL at PIT,BAL,"2B,3B",1.5,+135,+135,+125,+135,+125,,,+125,+125,+125,,,+123,,,,,-175,-165,-169,-165,-170,,,-165,-177,-177,,,-169,,,,
2024-04-07,Edward Olivares,/mlb/props/edward-olivares/,BAL at PIT,FA,"LF,RF",0.5,-190,-180,-189,-180,-190,,,-190,,,,,-189,,,,,+140,+145,+140,+145,+140,,,+140,,,,,+136,,,,
2024-04-07,Adley Rutschman,/mlb/props/adley-rutschman/,BAL at PIT,BAL,"C,DH",1.5,+100,+100,-105,-110,-105,,,-105,+100,+100,,,-108,,,,,-135,-120,-127,-120,-125,,,-125,-139,-139,,,-127,,,,
2024-04-07,Connor Joe,/mlb/props/connor-joe/,BAL at PIT,SEA,"LF,RF",0.5,-190,-180,-185,-180,-185,,,-180,,,,,-194,,,,,+140,+145,+140,+145,+140,,,+135,,,,,+139,,,,
2024-04-07,Jorge Mateo,/mlb/props/jorge-mateo/,BAL at PIT,ATL,"2B,SS,CF,DH",0.5,-200,-169,-175,-170,-180,,,-175,,,,,-169,,,,,+150,+140,+130,+140,+135,,,+130,,,,,+123,,,,
2024-04-07,Ronald Acuna Jr.,/mlb/props/ronald-acuna/,ARI at ATL,ATL,RF,1.5,+115,-160,-160,-160,+125,,,+125,-180,-180,,,-166,,,,,-155,-165,+120,+130,-165,,,-165,+125,+125,,,+120,,,,
2024-04-07,Marcell Ozuna,/mlb/props/marcell-ozuna/,ARI at ATL,PIT,DH,1.5,-115,-105,-110,-115,-110,,,-110,-105,-105,,,-117,,,,,-115,-115,-120,-115,-120,,,-120,-134,-134,,,-117,,,,
2024-04-07,Jake McCarthy,/mlb/props/jake-mccarthy/,ARI at ATL,COL,"LF,CF,RF",0.5,-130,-130,-131,,-130,,,,,,,,-131,,,,,+100,+100,-104,,+100,,,,,,,,-104,,,,
2024-04-07,Travis d'Arnaud,/mlb/props/travis-darnaud/,ARI at ATL,LAA,C,1.5,+110,+125,+120,+125,+115,,,+120,,,,,+116,,,,,-150,-155,-160,-155,-155,,,-160,,,,,-160,,,,
2024-04-07,Corbin Carroll,/mlb/props/corbin-carroll-of/,ARI at ATL,ARI,"CF,RF",1.5,-210,-190,-190,-190,-200,,,-200,+138,+138,,,-199,,,,,+155,-195,+143,+155,+145,,,+145,-195,-195,,,+143,,,,
2024-04-07,Geraldo Perdomo,/mlb/props/geraldo-perdomo/,ARI at ATL,ARI,SS,0.5,-135,-125,-130,-125,-130,,,-130,,,,,-137,,,,,+100,+100,+100,-105,-105,,,+100,,,,,+100,,,,
2024-04-07,Tucker Barnhart,/mlb/props/tucker-barnhart/,ARI at ATL,FA,C,0.5,+105,+105,+105,+105,+105,,,+105,,,,,+104,,,,,-140,-135,-140,-135,-140,,,-135,,,,,-142,,,,
2024-04-07,Christian Walker,/mlb/props/christian-walker/,ARI at ATL,HOU,1B,1.5,-180,-160,-160,-160,-165,,,-165,+140,+140,,,-163,,,,,+135,-200,+118,+130,+125,,,+125,-200,-200,,,+118,,,,
2024-04-07,Ketel Marte,/mlb/props/ketel-marte/,ARI at ATL,ARI,"2B,DH",1.5,+100,+105,-103,+105,+105,,,+105,-109,-109,,,-103,,,,,-135,-129,-135,-135,-140,,,-135,-129,-129,,,-133,,,,
2024-04-07,Michael Harris II,/mlb/props/michael-harris/,ARI at ATL,ATL,CF,1.5,+110,+110,+108,+110,+110,,,+110,+108,+108,,,+100,,,,,-145,-137,-140,-140,-150,,,-140,-152,-152,,,-137,,,,
2024-04-07,Blaze Alexander,/mlb/props/blaze-alexander/,ARI at ATL,BAL,"2B,3B,SS,LF,CF",0.5,-145,-130,-135,-130,-135,,,,,,,,-142,,,,,+110,+105,+104,+100,+105,,,,,,,,+104,,,,
2024-04-07,Lourdes Gurriel Jr.,/mlb/props/lourdes-gurriel-jr/,ARI at ATL,ARI,"LF,DH",1.5,+110,+115,+110,+115,+115,,,+115,+110,+110,,,+104,,,,,-145,-142,-150,-145,-155,,,-150,-152,-152,,,-142,,,,
2024-04-07,Chadwick Tromp,/mlb/props/chadwick-tromp/,ARI at ATL,BAL,C,0.5,-130,-130,-130,-130,-130,,,-130,,,,,-133,,,,,+100,+100,+100,+100,+100,,,+100,,,,,-103,,,,
2024-04-07,Randal Grichuk,/mlb/props/randal-grichuk/,ARI at ATL,CWS,"LF,RF,DH",1.5,+145,+150,+140,+140,+135,,,+135,+150,+150,,,+129,,,,,-195,-170,-180,-170,-180,,,-180,-215,-215,,,-179,,,,
2024-04-07,Austin Riley,/mlb/props/austin-riley/,ARI at ATL,ATL,3B,1.5,-130,-115,-120,-115,-120,,,-120,-118,-118,,,-127,,,,,-105,-108,-110,-115,-110,,,-110,-118,-118,,,-108,,,,
2024-04-07,Matt Olson,/mlb/props/matt-olson/,ARI at ATL,ATL,1B,1.5,+105,+105,-101,+105,+105,,,+105,-108,-108,,,-101,,,,,-140,-129,-135,-135,-140,,,-135,-129,-129,,,-135,,,,
2024-04-07,Ozzie Albies,/mlb/props/ozhaino-albies/,ARI at ATL,ATL,2B,1.5,+100,+102,+100,+100,+100,,,+100,-108,-108,,,+102,,,,,-135,-130,-135,-130,-135,,,-130,-130,-130,,,-139,,,,
2024-04-07,Orlando Arcia,/mlb/props/orlando-arcia/,ARI at ATL,MIN,"1B,2B,3B,SS",1.5,+125,+140,+135,+140,+135,,,+135,+138,+138,,,+129,,,,,-165,-170,-180,-170,-180,,,-180,-195,-195,,,-179,,,,
2024-04-07,Eugenio Suarez,/mlb/props/eugenio-suarez/,ARI at ATL,CIN,"3B,DH",1.5,-130,-115,-115,-115,-120,,,-120,+170,+170,,,-127,,,,,-105,-250,-115,-115,-110,,,-110,-250,-250,,,-108,,,,
2024-04-07,Gabriel Moreno,/mlb/props/gabriel-moreno/,ARI at ATL,ARI,C,1.5,-200,-185,-185,-185,-195,,,-190,+170,+170,,,-204,,,,,+145,-245,+140,+150,+145,,,+140,-245,-245,,,+146,,,,
2024-04-07,Jarred Kelenic,/mlb/props/jarred-kelenic/,ARI at ATL,TEX,"LF,CF,RF",0.5,-150,-157,-165,-165,-170,,,-165,,,,,-157,,,,,+110,+135,+125,+135,+125,,,+125,,,,,+114,,,,
2024-04-07,Kevin Newman,/mlb/props/kevin-newman/,ARI at ATL,KC,"1B,2B,3B,SS",0.5,-150,-140,-145,-145,-150,,,-140,,,,,-151,,,,,+115,+115,+110,+115,+115,,,+110,,,,,+110,,,,
2024-04-07,Alec Bohm,/mlb/props/alec-bohm/,PHI at WSH,PHI,"1B,3B",1.5,+115,+123,+105,+100,+105,,,+105,+123,+123,,,+102,,,,,-150,-130,-139,-130,-135,,,-135,-175,-175,,,-139,,,,
2024-04-07,Trey Lipscomb,/mlb/props/trey-lipscomb/,PHI at WSH,WSH,3B,1.5,-165,-150,-150,-150,-155,,,-150,+230,+230,,,-154,,,,,+125,-345,+112,+120,+115,,,+115,-345,-345,,,+112,,,,
2024-04-07,Cristian Pache,/mlb/props/cristian-pache/,PHI at WSH,NYM,"LF,CF",0.5,-115,-110,-110,-115,-110,,,-110,,,,,-115,,,,,-115,-115,-119,-115,-120,,,-120,,,,,-119,,,,
2024-04-07,Bryson Stott,/mlb/props/bryson-stott-ss/,PHI at WSH,PHI,"2B,SS",1.5,-210,-210,+150,+160,-210,,,+150,+165,+165,,,+152,,,,,+155,-200,-200,-200,+155,,,-210,-240,-240,,,-214,,,,
2024-04-07,Riley Adams,/mlb/props/riley-adams/,PHI at WSH,WSH,C,1.5,-180,-170,-170,-170,-180,,,-180,+175,+175,,,-179,,,,,+135,-250,+129,+140,+135,,,+135,-250,-250,,,+129,,,,
2024-04-07,Nasim Nunez,/mlb/props/nasim-nunez/,PHI at WSH,WSH,"2B,SS",0.5,-130,-130,-130,-130,-130,,,-130,,,,,-135,,,,,+100,+100,+100,+100,+100,,,+100,,,,,-101,,,,
2024-04-07,Jesse Winker,/mlb/props/jesse-winker/,PHI at WSH,FA,"LF,RF,DH",1.5,-120,-133,-133,-135,-140,,,-135,+255,+255,,,-133,,,,,-110,-400,-103,+105,+105,,,+105,-400,-400,,,-103,,,,
2024-04-07,J.T. Realmuto,/mlb/props/jt-realmuto/,PHI at WSH,PHI,C,1.5,+135,+140,+130,+130,+125,,,+120,+140,+140,,,+126,,,,,-185,-160,-174,-160,-165,,,-160,-200,-200,,,-174,,,,
2024-04-07,Lane Thomas,/mlb/props/lane-thomas/,PHI at WSH,KC,"LF,CF,RF",1.5,+135,+138,+130,+135,+130,,,+130,+138,+138,,,+126,,,,,-175,-165,-175,-165,-175,,,-175,-195,-195,,,-174,,,,
2024-04-07,Bryce Harper,/mlb/props/bryce-harper/,PHI at WSH,PHI,"1B,DH",1.5,+135,+135,+130,+135,+130,,,+130,+133,+133,,,+118,,,,,-180,-163,-175,-165,-175,,,-175,-190,-190,,,-163,,,,
2024-04-07,Trea Turner,/mlb/props/trea-turner/,PHI at WSH,PHI,SS,1.5,+105,-103,-105,-110,-105,,,-105,-103,-103,,,-109,,,,,-140,-120,-125,-120,-125,,,-125,-136,-136,,,-125,,,,
2024-04-07,Joey Gallo,/mlb/props/joey-gallo/,PHI at WSH,FA,"1B,LF,CF,RF",1.5,+115,+110,+110,+110,+110,,,+110,+240,+240,,,+102,,,,,-150,-375,-145,-140,-145,,,-140,-375,-375,,,-139,,,,
2024-04-07,Edmundo Sosa,/mlb/props/edmundo-sosa/,PHI at WSH,PHI,"2B,3B,SS,LF",0.5,-160,-155,-160,-155,-160,,,-160,,,,,-160,,,,,+120,+125,+120,+125,+120,,,+120,,,,,+116,,,,
2024-04-07,Kyle Schwarber,/mlb/props/kyle-schwarber/,PHI at WSH,PHI,"LF,DH",1.5,-135,-140,-140,-140,-145,,,-140,+163,+163,,,-142,,,,,+100,-235,+104,+110,+110,,,+110,-235,-235,,,+104,,,,
2024-04-07,Ildemaro Vargas,/mlb/props/ildemaro-vargas/,PHI at WSH,ARI,"1B,2B",1.5,-190,-190,-190,-190,-200,,,-200,+190,+190,,,-194,,,,,+140,-278,+139,+155,+145,,,+145,-278,-278,,,+139,,,,
2024-04-07,Johan Rojas,/mlb/props/johan-rojas/,PHI at WSH,PHI,CF,0.5,-145,-140,-148,-145,-155,,,-140,,,,,-148,,,,,+110,+115,+110,+115,+115,,,+110,,,,,+108,,,,
2024-04-07,Whit Merrifield,/mlb/props/whit-merrifield/,PHI at WSH,FA,"2B,3B,LF",1.5,+150,+140,+130,+140,+130,,,+130,,,,,+126,,,,,-200,-170,-174,-170,-175,,,-175,,,,,-174,,,,
2024-04-07,Joey Meneses,/mlb/props/joey-meneses/,PHI at WSH,ATH,1B,1.5,+135,+150,+140,+145,+140,,,+140,+150,+150,,,+133,,,,,-180,-180,-190,-180,-190,,,-190,-215,-215,,,-184,,,,
2024-04-07,Keibert Ruiz,/mlb/props/keibert-ruiz/,PHI at WSH,WSH,C,1.5,+160,+160,+150,+150,+145,,,+140,+160,+160,,,+146,,,,,-215,-185,-204,-185,-195,,,-190,-230,-230,,,-204,,,,
2024-04-07,Luis Garcia,/mlb/props/luis-garcia-2b/,PHI at WSH,WSH,"1B,2B,DH",0.5,-165,-160,-165,-160,-165,,,-165,,,,,-166,,,,,+125,+130,+125,+130,+125,,,+125,,,,,+120,,,,
2024-04-07,Nick Castellanos,/mlb/props/nick-castellanos/,PHI at WSH,FA,"RF,DH",1.5,+140,+133,+120,+125,+120,,,+120,+133,+133,,,+112,,,,,-185,-154,-160,-155,-160,,,-160,-190,-190,,,-154,,,,
2024-04-07,Jacob Young,/mlb/props/jacob-young/,PHI at WSH,WSH,CF,1.5,-150,-160,+159,+170,-160,,,,+175,+175,,,+159,,,,,+115,-220,-220,-220,+120,,,,-250,-250,,,-224,,,,
2024-04-07,Bubba Thompson,/mlb/props/bubba-thompson/,NYM at CIN,FA,"LF,CF",0.5,-115,-115,-119,-115,-120,,,-120,,,,,-119,,,,,-115,-110,-110,-115,-110,,,-110,,,,,-115,,,,
2024-04-07,Brandon Nimmo,/mlb/props/brandon-nimmo/,NYM at CIN,TEX,"LF,CF,RF,DH",1.5,+120,+130,+125,+130,+125,,,+125,+125,+125,,,+123,,,,,-160,-160,-169,-160,-165,,,-165,-177,-177,,,-169,,,,
2024-04-07,Stuart Fairchild,/mlb/props/stuart-fairchild/,NYM at CIN,CLE,"LF,CF,RF",1.5,-140,-137,-137,-140,-145,,,-140,+225,+225,,,-137,,,,,+105,-345,+100,+110,+110,,,+110,-345,-345,,,+100,,,,
2024-04-07,Jonathan India,/mlb/props/jonathan-india/,NYM at CIN,KC,"2B,3B,LF,DH",1.5,+140,+150,+139,+145,+135,,,+135,+150,+150,,,+139,,,,,-190,-180,-194,-180,-185,,,-180,-220,-220,,,-194,,,,
2024-04-07,Santiago Espinal,/mlb/props/santiago-espinal/,NYM at CIN,FA,"2B,3B,LF,RF",1.5,+145,+163,+145,+150,+145,,,+140,+163,+163,,,+139,,,,,-195,-185,-195,-185,-195,,,-190,-240,-240,,,-194,,,,
2024-04-07,Will Benson,/mlb/props/will-benson/,NYM at CIN,CIN,"LF,CF,RF",0.5,+100,+100,+100,+100,+100,,,+100,,,,,-104,,,,,-135,-130,-131,-130,-135,,,-130,,,,,-131,,,,
2024-04-07,Zack Short,/mlb/props/zachary-short/,NYM at CIN,NYM,SS,0.5,+100,+100,-105,-105,+100,,,+100,,,,,-109,,,,,-130,-125,-125,-125,-130,,,-130,,,,,-125,,,,
2024-04-07,Brett Baty,/mlb/props/brett-baty/,NYM at CIN,NYM,"1B,2B,3B,RF",0.5,-140,-135,-140,-140,-145,,,-135,,,,,-139,,,,,+105,+110,+105,+110,+110,,,+105,,,,,+102,,,,
2024-04-07,Pete Alonso,/mlb/props/peter-alonso/,NYM at CIN,BAL,"1B,DH",1.5,+130,+133,+125,+130,+125,,,+115,+133,+133,,,+123,,,,,-175,-150,-165,-160,-165,,,-150,-190,-190,,,-169,,,,
2024-04-07,Tyrone Taylor,/mlb/props/tyrone-taylor/,NYM at CIN,NYM,"LF,CF,RF",1.5,+135,-179,+135,-180,+135,,,+135,+160,+160,,,-179,,,,,-180,-180,-180,+145,-180,,,-180,-230,-230,,,+129,,,,
2024-04-07,Francisco Lindor,/mlb/props/francisco-lindor/,NYM at CIN,NYM,SS,1.5,-105,+102,+100,-105,+100,,,+100,+102,+102,,,-104,,,,,-125,-125,-131,-125,-130,,,-130,-143,-143,,,-131,,,,
2024-04-07,Jeimer Candelario,/mlb/props/jeimer-candelario/,NYM at CIN,LAA,"1B,3B",1.5,+135,+155,+140,+140,+135,,,+135,+155,+155,,,+133,,,,,-185,-170,-184,-170,-180,,,-180,-225,-225,,,-184,,,,
2024-04-07,Spencer Steer,/mlb/props/spencer-steer/,NYM at CIN,CIN,"1B,2B,LF,RF",1.5,+100,+120,+100,+100,+100,,,+100,+120,+120,,,-103,,,,,-130,-130,-135,-130,-135,,,-130,-167,-167,,,-133,,,,
2024-04-07,Harrison Bader,/mlb/props/harrison-bader/,NYM at CIN,SF,"LF,CF,RF",0.5,-160,-150,-155,-150,-155,,,-150,,,,,-160,,,,,+120,+120,+116,+120,+115,,,+115,,,,,+116,,,,
2024-04-07,Starling Marte,/mlb/props/starling-marte/,NYM at CIN,KC,"LF,RF,DH",1.5,+150,-199,+138,-200,+150,,,+145,+138,+138,,,-199,,,,,-205,-195,-195,+160,-205,,,-200,-195,-195,,,+143,,,,
2024-04-07,Francisco Alvarez,/mlb/props/francisco-alvarez/,NYM at CIN,NYM,"C,DH",1.5,-160,-155,-155,-155,-165,,,-160,+150,+150,,,-160,,,,,+120,-220,+116,+125,+125,,,+120,-220,-220,,,+116,,,,
2024-04-07,Jeff McNeil,/mlb/props/jeff-mcneil/,NYM at CIN,ATH,"2B,LF,CF,RF",1.5,-210,-185,-185,-185,-195,,,-190,+195,+195,,,-189,,,,,+155,-286,+136,+150,+145,,,+140,-286,-286,,,+136,,,,
2024-04-07,Christian Encarnacion-Strand,/mlb/props/christian-encarnacion-strand/,NYM at CIN,BAL,"1B,3B",1.5,+120,+130,+120,+120,+120,,,+120,+130,+130,,,+112,,,,,-155,-150,-160,-150,-155,,,-160,-182,-182,,,-154,,,,
2024-04-07,Luke Maile,/mlb/props/luke-maile/,NYM at CIN,KC,C,0.5,-140,-160,-165,-160,-170,,,-165,,,,,-169,,,,,+105,+130,+125,+130,+125,,,+125,,,,,+123,,,,
2024-04-07,Elly De La Cruz,/mlb/props/elly-de-la-cruz/,NYM at CIN,CIN,SS,1.5,-155,-150,-150,-150,-160,,,-160,+185,+185,,,-154,,,,,+115,-275,+112,+120,+120,,,+120,-275,-275,,,+112,,,,
2024-04-07,Abraham Toro,/mlb/props/abraham-toro/,ATH at DET,KC,"1B,2B,3B",0.5,-200,-190,-199,-190,-200,,,-200,,,,,-199,,,,,+145,+155,+150,+155,+150,,,+145,,,,,+143,,,,
2024-04-07,Zach McKinstry,/mlb/props/zach-mckinstry/,ATH at DET,DET,"2B,3B,SS,LF,RF",0.5,-155,-140,-145,-145,-150,,,-140,,,,,-154,,,,,+115,+115,+112,+115,+110,,,+110,,,,,+112,,,,
2024-04-07,Ryan Noda,/mlb/props/ryan-noda/,ATH at DET,BAL,1B,1.5,-145,-110,-110,-115,-110,,,-110,+190,+190,,,-115,,,,,+110,-278,-120,-115,-120,,,-120,-278,-278,,,-119,,,,
2024-04-07,Shea Langeliers,/mlb/props/shea-langeliers/,ATH at DET,ATH,"C,DH",1.5,-145,-135,-135,-135,-140,,,-135,+200,+200,,,-139,,,,,+110,-305,+102,+105,+105,,,+105,-305,-305,,,+102,,,,
2024-04-07,Seth Brown,/mlb/props/seth-brown/,ATH at DET,FA,"1B,LF,CF,RF",1.5,-175,-160,-160,-160,-170,,,-165,+195,+195,,,-174,,,,,+130,-286,+125,+130,+125,,,+125,-286,-286,,,+126,,,,
2024-04-07,Carson Kelly,/mlb/props/carson-kelly/,ATH at DET,CHC,C,0.5,-150,-140,-145,-145,-150,,,-140,,,,,-151,,,,,+115,+115,+110,+115,+110,,,+110,,,,,+110,,,,
2024-04-07,Lawrence Butler,/mlb/props/lawrence-butler/,ATH at DET,ATH,"CF,RF",0.5,-115,-115,-115,-115,-115,,,-120,,,,,-115,,,,,-115,-110,-115,-115,-115,,,-110,,,,,-119,,,,
2024-04-07,Brent Rooker,/mlb/props/brent-rooker/,ATH at DET,ATH,"LF,RF,DH",1.5,-140,-130,-130,-130,-135,,,-135,+188,+188,,,-135,,,,,+105,-278,-101,+100,+105,,,+105,-278,-278,,,-101,,,,
2024-04-07,Riley Greene,/mlb/props/riley-greene-of/,ATH at DET,DET,"LF,CF,RF,DH",1.5,+135,+145,+135,+145,+135,,,+135,+123,+123,,,+129,,,,,-180,-175,-180,-180,-185,,,-180,-175,-175,,,-179,,,,
2024-04-07,Jake Rogers,/mlb/props/jake-rogers/,ATH at DET,DET,C,0.5,-125,-115,-120,-115,-125,,,-120,,,,,-117,,,,,-105,-105,-110,-115,-105,,,-110,,,,,-117,,,,
2024-04-07,Mark Canha,/mlb/props/mark-canha/,ATH at DET,FA,"LF,RF",1.5,+145,+155,+145,+155,+150,,,+145,+130,+130,,,+146,,,,,-195,-182,-190,-190,-200,,,-200,-182,-182,,,-204,,,,
2024-04-07,Zack Gelof,/mlb/props/zack-gelof/,ATH at DET,ATH,"2B,3B,CF",1.5,-200,-180,-180,-180,-185,,,-180,+155,+155,,,-184,,,,,+150,-225,+133,+145,+135,,,+135,-225,-225,,,+133,,,,
2024-04-07,J.D. Davis,/mlb/props/jd-davis/,ATH at DET,FA,"1B,3B",1.5,-180,-165,-165,-165,-170,,,-165,+190,+190,,,-169,,,,,+135,-278,+123,+135,+125,,,+125,-278,-278,,,+123,,,,
2024-04-07,Colt Keith,/mlb/props/colt-keith/,ATH at DET,DET,"1B,2B,3B,DH",1.5,-195,-195,+138,+155,-195,,,+145,+138,+138,,,+139,,,,,+145,-190,-190,-190,+145,,,-200,-195,-195,,,-194,,,,
2024-04-07,Parker Meadows,/mlb/props/parker-meadows/,ATH at DET,DET,CF,1.5,-180,-165,-165,-165,-170,,,-175,+138,+138,,,-179,,,,,+135,-195,+129,+135,+130,,,+130,-195,-195,,,+129,,,,
2024-04-07,Gio Urshela,/mlb/props/giovanny-urshela/,ATH at DET,FA,3B,1.5,+120,+120,+120,+120,+120,,,+115,+120,+120,,,+116,,,,,-160,-150,-160,-150,-155,,,-150,-175,-175,,,-160,,,,
2024-04-07,Javier Baez,/mlb/props/javier-baez/,ATH at DET,DET,"2B,3B,SS,CF",0.5,+150,-200,-200,-200,+150,,,-210,,,,,-204,,,,,-200,-200,+146,+160,-200,,,+150,,,,,+146,,,,
2024-04-07,Kerry Carpenter,/mlb/props/kerry-carpenter/,ATH at DET,DET,"LF,RF,DH",1.5,+125,+135,+128,+135,+130,,,+130,+128,+128,,,+120,,,,,-165,-165,-175,-165,-175,,,-175,-180,-180,,,-166,,,,
2024-04-07,Spencer Torkelson,/mlb/props/spencer-torkelson-if/,ATH at DET,DET,1B,1.5,+120,+130,+120,+130,+125,,,+125,+100,+100,,,+120,,,,,-160,-139,-160,-160,-165,,,-165,-139,-139,,,-166,,,,
2024-04-07,JJ Bleday,/mlb/props/jj-bleday/,ATH at DET,CIN,"LF,CF,RF,DH",1.5,-165,-155,-155,-155,-160,,,-160,+200,+200,,,-157,,,,,+125,-295,+114,+125,+120,,,+120,-295,-295,,,+114,,,,
2024-04-07,Nick Allen,/mlb/props/nick-allen-ss/,ATH at DET,HOU,"2B,3B,SS",0.5,-155,-155,-157,-155,-160,,,-160,,,,,-157,,,,,+120,+125,+120,+125,+120,,,+120,,,,,+114,,,,
2024-04-07,Blake Perkins,/mlb/props/blake-perkins-of/,SEA at MIL,MIL,"LF,CF,RF",0.5,-125,-120,-125,-120,-125,,,-125,,,,,-125,,,,,-110,-105,-109,-110,-110,,,-105,,,,,-109,,,,
2024-04-07,Mitch Haniger,/mlb/props/mitch-haniger/,SEA at MIL,FA,RF,1.5,+145,+150,+143,+150,+145,,,+140,+143,+143,,,+136,,,,,-195,-185,-190,-185,-195,,,-190,-200,-200,,,-189,,,,
2024-04-07,Josh Rojas,/mlb/props/josh-rojas/,SEA at MIL,KC,"2B,3B",0.5,-135,-150,-154,-150,-155,,,-150,,,,,-154,,,,,+100,+120,+115,+120,+120,,,+115,,,,,+112,,,,
2024-04-07,Cal Raleigh,/mlb/props/caleb-raleigh/,SEA at MIL,SEA,"C,DH",1.5,+130,+135,+130,+135,+130,,,+130,+125,+125,,,+126,,,,,-170,-165,-174,-165,-175,,,-175,-177,-177,,,-174,,,,
2024-04-07,Oliver Dunn,/mlb/props/oliver-dunn/,SEA at MIL,TB,3B,1.5,+130,+140,+130,+135,+130,,,+130,+140,+140,,,+123,,,,,-170,-165,-175,-165,-170,,,-175,-200,-200,,,-169,,,,
2024-04-07,Brice Turang,/mlb/props/brice-turang/,SEA at MIL,MIL,2B,1.5,-170,-165,-165,-165,-170,,,-165,+180,+180,,,-174,,,,,+130,-265,+125,+135,+130,,,+125,-265,-265,,,+126,,,,
2024-04-07,Sal Frelick,/mlb/props/sal-frelick/,SEA at MIL,MIL,"LF,CF,RF",1.5,+135,-200,-200,-200,+135,,,-210,+175,+175,,,-204,,,,,-180,-180,+146,+160,-180,,,+150,-250,-250,,,+146,,,,
2024-04-07,Luke Raley,/mlb/props/lucas-raley/,SEA at MIL,SEA,"1B,LF,CF,RF",1.5,-145,-155,-155,-155,-165,,,-160,+145,+145,,,-166,,,,,+110,-205,+120,+125,+120,,,+120,-205,-205,,,+120,,,,
2024-04-07,Mitch Garver,/mlb/props/mitch-garver/,SEA at MIL,SEA,"C,DH",1.5,-165,-180,-180,-190,-185,,,-180,+135,+135,,,-184,,,,,+125,-190,+133,+155,+140,,,+135,-190,-190,,,+133,,,,
2024-04-07,J.P. Crawford,/mlb/props/jp-crawford/,SEA at MIL,SEA,"3B,SS",1.5,+145,-200,+139,+155,+145,,,-200,+143,+143,,,+139,,,,,-195,-190,-190,-190,-195,,,+145,-200,-200,,,-194,,,,
2024-04-07,Jackson Chourio,/mlb/props/jackson-chourio/,SEA at MIL,MIL,"LF,CF,RF",0.5,+130,-170,-170,-170,+130,,,-175,,,,,-179,,,,,-175,-175,+129,+140,-175,,,+130,,,,,+129,,,,
2024-04-07,Willy Adames,/mlb/props/willy-adames/,SEA at MIL,SF,SS,1.5,+130,+130,+120,+120,+130,,,+130,+108,+108,,,+126,,,,,-170,-150,-174,-150,-175,,,-175,-150,-150,,,-174,,,,
2024-04-07,Seby Zavala,/mlb/props/bernardo-zavala/,SEA at MIL,FA,C,0.5,+110,+110,+106,+110,+110,,,+105,,,,,+106,,,,,-145,-135,-140,-140,-145,,,-135,,,,,-145,,,,
2024-04-07,Rhys Hoskins,/mlb/props/rhys-hoskins/,SEA at MIL,CLE,"1B,DH",1.5,+135,+140,+133,+140,+135,,,+135,+118,+118,,,+133,,,,,-180,-165,-180,-170,-180,,,-180,-165,-165,,,-184,,,,
2024-04-07,Dominic Canzone,/mlb/props/dominic-canzone/,SEA at MIL,SEA,"LF,RF,DH",0.5,-165,-160,-165,-160,-165,,,-165,,,,,-174,,,,,+125,+130,+126,+130,+125,,,+125,,,,,+126,,,,
2024-04-07,Jorge Polanco,/mlb/props/jorge-polanco/,SEA at MIL,NYM,"2B,3B,DH",1.5,+115,+115,+112,+115,+115,,,+110,+115,+115,,,+112,,,,,-150,-140,-150,-145,-150,,,-140,-162,-162,,,-154,,,,
2024-04-07,Jake Bauers,/mlb/props/jake-bauers/,SEA at MIL,MIL,"1B,LF,RF",0.5,-160,-160,-165,-165,-175,,,-175,,,,,-160,,,,,+120,+135,+130,+135,+130,,,+130,,,,,+116,,,,
2024-04-07,Dylan Moore,/mlb/props/dylan-moore/,SEA at MIL,PHI,"1B,2B,3B,LF,RF",0.5,+105,+105,+102,+100,+105,,,+105,,,,,+102,,,,,-135,-130,-135,-130,-135,,,-135,,,,,-139,,,,
2024-04-07,Christian Yelich,/mlb/props/christian-yelich/,SEA at MIL,MIL,"LF,DH",1.5,+110,+110,+102,+110,+110,,,+110,-103,-103,,,+102,,,,,-145,-136,-140,-140,-145,,,-140,-136,-136,,,-139,,,,
2024-04-07,William Contreras,/mlb/props/william-contreras/,SEA at MIL,MIL,"C,DH",1.5,+120,+130,+123,+130,+125,,,+120,+110,+110,,,+123,,,,,-165,-155,-160,-160,-165,,,-160,-155,-155,,,-169,,,,
2024-04-07,Julio Rodriguez,/mlb/props/julio-rodriguez-of/,SEA at MIL,SEA,CF,1.5,+110,+115,+110,+115,+110,,,+110,+104,+104,,,+104,,,,,-150,-140,-143,-145,-150,,,-140,-143,-143,,,-142,,,,
2024-04-07,Salvador Perez,/mlb/props/salvador-perez/,CWS at KC,KC,"C,1B,DH",1.5,+100,-105,-108,-110,-105,,,-105,-113,-113,,,-108,,,,,-135,-120,-125,-120,-125,,,-125,-122,-122,,,-127,,,,
2024-04-07,MJ Melendez,/mlb/props/mj-melendez/,CWS at KC,NYM,"LF,DH",1.5,-185,-185,+139,+150,-185,,,+140,,,,,+139,,,,,+140,-185,-185,-185,+140,,,-190,,,,,-194,,,,
2024-04-07,Kevin Pillar,/mlb/props/kevin-pillar/,CWS at KC,FA,"LF,CF,RF",0.5,-200,-185,-189,-185,-190,,,-190,,,,,-189,,,,,+150,+150,+140,+150,+140,,,+140,,,,,+136,,,,
2024-04-07,Paul DeJong,/mlb/props/paul-dejong/,CWS at KC,FA,"2B,3B,SS",1.5,-150,-150,-150,-150,-155,,,-150,+155,+155,,,-151,,,,,+110,-225,+110,+120,+115,,,+115,-225,-225,,,+110,,,,
2024-04-07,Gavin Sheets,/mlb/props/gavin-sheets/,CWS at KC,SD,"1B,LF,RF,DH",1.5,+135,+143,+125,+125,+120,,,+120,+143,+143,,,+118,,,,,-180,-155,-163,-155,-160,,,-160,-200,-200,,,-163,,,,
2024-04-07,Bobby Witt Jr.,/mlb/props/bobby-witt-jr/,CWS at KC,KC,SS,1.5,-115,-120,-125,-120,-125,,,-125,-136,-136,,,-121,,,,,-115,-104,-105,-110,-105,,,-105,-104,-104,,,-113,,,,
2024-04-07,Martin Maldonado,/mlb/props/martin-maldonado/,CWS at KC,FA,C,0.5,+110,+100,-104,-105,+100,,,+100,,,,,-104,,,,,-150,-125,-130,-125,-130,,,-130,,,,,-131,,,,
2024-04-07,Nicky Lopez,/mlb/props/nicky-lopez/,CWS at KC,TEX,"2B,3B,SS",1.5,+140,+130,+125,+130,+125,,,+120,+120,+120,,,+118,,,,,-185,-160,-163,-160,-165,,,-160,-167,-167,,,-163,,,,
2024-04-07,Yoan Moncada,/mlb/props/yoan-moncada/,CWS at KC,LAA,3B,1.5,+120,+130,+120,+120,+115,,,+115,+130,+130,,,+114,,,,,-155,-150,-157,-150,-155,,,-150,-186,-186,,,-157,,,,
2024-04-07,Maikel Garcia,/mlb/props/maikel-garcia/,CWS at KC,KC,"2B,3B,SS,OF",1.5,+105,-103,-110,-110,-105,,,-105,-118,-118,,,-103,,,,,-135,-118,-125,-120,-125,,,-125,-118,-118,,,-133,,,,
2024-04-07,Andrew Vaughn,/mlb/props/andrew-vaughn-1b/,CWS at KC,MIL,1B,1.5,-105,-103,-105,-110,-105,,,-105,-103,-103,,,-103,,,,,-125,-120,-125,-120,-125,,,-125,-136,-136,,,-133,,,,
2024-04-07,Braden Shewmake,/mlb/props/braden-shewmake/,CWS at KC,HOU,"2B,3B,SS",1.5,+135,+140,+135,+140,+135,,,+135,,,,,+129,,,,,-180,-170,-179,-170,-180,,,-180,,,,,-179,,,,
2024-04-07,Freddy Fermin,/mlb/props/freddy-fermin/,CWS at KC,SD,C,1.5,+140,+145,+140,+145,+140,,,+135,,,,,+136,,,,,-185,-180,-185,-180,-185,,,-180,,,,,-189,,,,
2024-04-07,Andrew Benintendi,/mlb/props/andrew-benintendi/,CWS at KC,CWS,"LF,DH",1.5,-120,+112,-105,-110,-105,,,-105,+112,+112,,,-109,,,,,-110,-120,-125,-120,-125,,,-125,-155,-155,,,-125,,,,
2024-04-07,Nelson Velazquez,/mlb/props/nelson-velazquez/,CWS at KC,STL,"LF,RF,DH",1.5,+135,+135,+130,+135,+130,,,+130,+128,+128,,,+129,,,,,-180,-165,-175,-165,-175,,,-175,-180,-180,,,-179,,,,
2024-04-07,Hunter Renfroe,/mlb/props/hunter-renfroe/,CWS at KC,FA,RF,1.5,+125,+145,+135,+145,+135,,,+135,+120,+120,,,+136,,,,,-170,-167,-180,-180,-180,,,-180,-167,-167,,,-189,,,,
2024-04-07,Nick Loftin,/mlb/props/nick-loftin/,CWS at KC,KC,"2B,3B,LF",1.5,-155,-155,+136,+150,-155,,,,,,,,+136,,,,,+120,-185,-185,-185,+115,,,,,,,,-189,,,,
2024-04-07,Robbie Grossman,/mlb/props/robbie-grossman/,CWS at KC,FA,"LF,RF",1.5,-105,+100,-105,-105,+100,,,+100,,,,,-106,,,,,-130,-125,-129,-125,-130,,,-130,,,,,-129,,,,
2024-04-07,Vinnie Pasquantino,/mlb/props/vinnie-pasquantino/,CWS at KC,KC,"1B,DH",1.5,+135,+140,+135,+140,+140,,,+135,+125,+125,,,+133,,,,,-185,-170,-180,-170,-185,,,-180,-177,-177,,,-184,,,,
2024-04-07,Garrett Hampson,/mlb/props/garrett-hampson/,CWS at KC,CIN,"2B,LF,CF",1.5,-140,-142,-142,-145,-150,,,-150,+235,+235,,,-142,,,,,+105,-360,+104,+115,+115,,,+115,-360,-360,,,+104,,,,
2024-04-07,Dominic Fletcher,/mlb/props/dominic-fletcher/,CWS at KC,PIT,"CF,RF",1.5,+120,+128,+115,+115,+110,,,+110,+128,+128,,,+108,,,,,-160,-140,-150,-145,-150,,,-140,-182,-182,,,-148,,,,
2024-04-07,Masyn Winn,/mlb/props/masyn-winn-p/,MIA at STL,STL,SS,0.5,-135,-140,-145,-145,-150,,,-140,,,,,-145,,,,,+105,+115,+110,+115,+115,,,+110,,,,,+106,,,,
2024-04-07,Christian Bethancourt,/mlb/props/christian-bethancourt/,MIA at STL,CHC,C,0.5,-140,-135,-140,-140,-145,,,-135,,,,,-139,,,,,+105,+110,+105,+110,+110,,,+105,,,,,+102,,,,
2024-04-07,Brendan Donovan,/mlb/props/brendan-donovan/,MIA at STL,SEA,"2B,3B,SS,LF",1.5,-115,-105,-110,-115,-110,,,-110,-105,-105,,,-113,,,,,-115,-115,-121,-115,-120,,,-120,-134,-134,,,-121,,,,
2024-04-07,Jordan Walker,/mlb/props/jordan-walker/,MIA at STL,STL,"LF,RF",1.5,+135,+140,+130,+140,+130,,,+130,+116,+116,,,+123,,,,,-180,-162,-170,-170,-175,,,-175,-162,-162,,,-169,,,,
2024-04-07,Nolan Arenado,/mlb/props/nolan-arenado/,MIA at STL,ARI,3B,1.5,+110,+110,+106,+110,+110,,,+110,-104,-104,,,+106,,,,,-145,-136,-140,-140,-145,,,-140,-136,-136,,,-145,,,,
2024-04-07,Bryan De La Cruz,/mlb/props/bryan-de-la-cruz/,MIA at STL,PHI,LF,1.5,+120,+132,+125,+125,+120,,,+120,+132,+132,,,+116,,,,,-160,-155,-160,-155,-160,,,-160,-186,-186,,,-160,,,,
2024-04-07,Nolan Gorman,/mlb/props/nolan-gorman/,MIA at STL,STL,"2B,3B,DH",1.5,+105,+115,+110,+115,+110,,,+110,+105,+105,,,+108,,,,,-140,-140,-145,-145,-150,,,-140,-148,-148,,,-148,,,,
2024-04-07,Victor Scott,/mlb/props/victor-scott/,MIA at STL,STL,CF,1.5,+140,-199,+143,-200,+145,,,+145,+143,+143,,,-199,,,,,-185,-200,-200,+160,-200,,,-200,-200,-200,,,+143,,,,
2024-04-07,Luis Arraez,/mlb/props/luis-arraez/,MIA at STL,SF,"1B,2B,DH",1.5,-140,-129,-140,-140,-145,,,-140,-129,-129,,,-145,,,,,+105,+110,+106,+110,+110,,,+110,-109,-109,,,+106,,,,
2024-04-07,Alec Burleson,/mlb/props/alec-burleson/,MIA at STL,STL,"1B,LF,RF,DH",1.5,+130,+115,+105,+105,+105,,,+115,,,,,+104,,,,,-175,-135,-142,-135,-140,,,-150,,,,,-142,,,,
2024-04-07,Jake Burger,/mlb/props/jake-burger-3b/,MIA at STL,TEX,1B,1.5,+110,+108,+105,+105,+105,,,+105,+108,+108,,,+108,,,,,-145,-135,-140,-135,-140,,,-135,-150,-150,,,-148,,,,
2024-04-07,Nick Gordon,/mlb/props/nick-gordon/,MIA at STL,FA,"2B,LF,CF",1.5,+125,+120,+115,+120,+115,,,+115,,,,,+114,,,,,-165,-150,-155,-150,-155,,,-150,,,,,-157,,,,
2024-04-07,Josh Bell,/mlb/props/josh-bell/,MIA at STL,MIN,"1B,DH",1.5,-115,-115,-120,-120,-125,,,-125,-115,-115,,,-125,,,,,-115,-105,-110,-110,-105,,,-105,-121,-121,,,-109,,,,
2024-04-07,Tim Anderson,/mlb/props/tim-anderson/,MIA at STL,FA,"2B,SS",1.5,+155,+155,+146,+155,+150,,,+145,+143,+143,,,+146,,,,,-210,-190,-200,-190,-200,,,-200,-200,-200,,,-204,,,,
2024-04-07,Paul Goldschmidt,/mlb/props/paul-goldschmidt/,MIA at STL,NYY,"1B,DH",1.5,+130,+130,+125,+130,+125,,,+125,+116,+116,,,+120,,,,,-175,-160,-165,-160,-165,,,-165,-162,-162,,,-166,,,,
2024-04-07,Jazz Chisholm Jr.,/mlb/props/jasrado-chisholm/,MIA at STL,NYY,"2B,3B",1.5,-105,-110,-112,-115,-110,,,-110,-112,-112,,,-113,,,,,-125,-115,-120,-115,-120,,,-120,-124,-124,,,-121,,,,
2024-04-07,Jesus Sanchez,/mlb/props/jesus-sanchez/,MIA at STL,TOR,"LF,CF,RF,DH",1.5,+125,+123,+110,+110,+110,,,+105,+123,+123,,,+106,,,,,-165,-135,-145,-140,-145,,,-135,-175,-175,,,-145,,,,
2024-04-07,Willson Contreras,/mlb/props/willson-contreras/,MIA at STL,BOS,1B,1.5,+120,+135,+125,+135,+125,,,+125,+116,+116,,,+120,,,,,-160,-162,-165,-165,-165,,,-165,-162,-162,,,-166,,,,
2024-04-07,Ivan Herrera,/mlb/props/ivan-herrera/,MIA at STL,STL,"C,DH",0.5,-175,-195,+139,+155,-195,,,-200,,,,,+139,,,,,+130,-190,-190,-190,+145,,,+145,,,,,-194,,,,
2024-04-07,Enrique Hernandez,/mlb/props/enrique-hernandez/,LAD at CHC,LAD,"1B,2B,3B,LF",1.5,-150,-169,-169,-170,-170,,,-175,+165,+165,,,-169,,,,,+115,-240,+123,+140,+125,,,+130,-240,-240,,,+123,,,,
2024-04-07,Teoscar Hernandez,/mlb/props/teoscar-hernandez/,LAD at CHC,LAD,"LF,RF",1.5,-175,-180,+112,+135,-180,,,+130,+112,+112,,,+129,,,,,+130,-157,-157,-165,+135,,,-175,-157,-157,,,-179,,,,
2024-04-07,Ian Happ,/mlb/props/ian-happ/,LAD at CHC,CHC,LF,1.5,-195,-179,-179,-180,-190,,,-180,+148,+148,,,-179,,,,,+145,-215,+129,+145,+140,,,+135,-215,-215,,,+129,,,,
2024-04-07,Christopher Morel,/mlb/props/christopher-morel/,LAD at CHC,MIA,"1B,LF,DH",1.5,-185,-179,-179,-185,-185,,,-190,+143,+143,,,-179,,,,,+140,-200,+129,+150,+140,,,+140,-200,-200,,,+129,,,,
2024-04-07,Dansby Swanson,/mlb/props/dansby-swanson/,LAD at CHC,CHC,SS,1.5,-200,-185,-185,-185,-190,,,-190,+145,+145,,,-194,,,,,+145,-205,+139,+150,+140,,,+140,-205,-205,,,+139,,,,
2024-04-07,Will Smith,/mlb/props/will-smith-c/,LAD at CHC,LAD,C,1.5,+135,+130,+126,+130,+125,,,+125,+130,+130,,,+126,,,,,-180,-160,-165,-160,-165,,,-165,-182,-182,,,-174,,,,
2024-04-07,Shohei Ohtani,/mlb/props/shohei-ohtani/,LAD at CHC,LAD,"SP,DH",1.5,+140,+125,+118,+125,+120,,,+120,+102,+102,,,+118,,,,,-185,-141,-155,-155,-165,,,-160,-141,-141,,,-163,,,,
2024-04-07,Miguel Rojas,/mlb/props/miguel-rojas/,LAD at CHC,LAD,"2B,3B,SS",0.5,-155,-155,-160,-155,-160,,,-160,,,,,-160,,,,,+115,+125,+120,+125,+120,,,+120,,,,,+116,,,,
2024-04-07,Chris Taylor,/mlb/props/chris-taylor/,LAD at CHC,FA,"2B,LF,CF,RF",0.5,+105,-103,-105,-110,-105,,,-105,,,,,-103,,,,,-135,-120,-125,-120,-130,,,-125,,,,,-133,,,,
2024-04-07,Michael Busch,/mlb/props/michael-busch-2b/,LAD at CHC,CHC,1B,1.5,-150,-150,-150,-150,-155,,,-150,+195,+195,,,-151,,,,,+115,-286,+110,+120,+115,,,+115,-286,-286,,,+110,,,,
2024-04-07,Miguel Amaya,/mlb/props/miguel-amaya-c/,LAD at CHC,CHC,"C,DH",0.5,-110,-110,-113,-115,-110,,,-110,,,,,-113,,,,,-120,-115,-120,-115,-120,,,-120,,,,,-121,,,,
2024-04-07,Freddie Freeman,/mlb/props/freddie-freeman/,LAD at CHC,LAD,1B,1.5,+135,+125,+120,+125,+120,,,+120,+112,+112,,,+120,,,,,-180,-155,-160,-155,-165,,,-160,-157,-157,,,-166,,,,
2024-04-07,Nico Hoerner,/mlb/props/nico-hoerner/,LAD at CHC,CHC,"2B,SS",1.5,-205,-199,-199,-200,-210,,,-210,+175,+175,,,-199,,,,,+155,-250,+143,+160,+155,,,+150,-250,-250,,,+143,,,,
2024-04-07,Gavin Lux,/mlb/props/gavin-lux/,LAD at CHC,TB,"2B,3B,LF,DH",0.5,-130,-130,-133,-130,-135,,,-135,,,,,-133,,,,,+100,+105,+100,+100,+100,,,+105,,,,,-103,,,,
2024-04-07,Mike Tauchman,/mlb/props/mike-tauchman/,LAD at CHC,NYM,"LF,CF,RF",0.5,-125,-115,-120,-115,-125,,,-120,,,,,-127,,,,,-105,-108,-110,-115,-110,,,-110,,,,,-108,,,,
2024-04-07,Max Muncy,/mlb/props/max-muncy/,LAD at CHC,LAD,3B,1.5,-120,-125,-125,-125,-130,,,-130,+148,+148,,,-129,,,,,-110,-210,-106,-105,+100,,,+100,-210,-210,,,-106,,,,
2024-04-07,Seiya Suzuki,/mlb/props/seiya-suzuki/,LAD at CHC,CHC,"LF,RF,DH",1.5,+130,+135,+130,+135,+130,,,+130,+128,+128,,,+126,,,,,-175,-165,-174,-165,-170,,,-175,-180,-180,,,-174,,,,
2024-04-07,Mookie Betts,/mlb/props/mookie-betts/,LAD at CHC,LAD,SS,1.5,+105,+104,+100,-105,+100,,,+100,-109,-109,,,+104,,,,,-140,-125,-130,-125,-135,,,-130,-127,-127,,,-142,,,,
2024-04-07,Cody Bellinger,/mlb/props/cody-bellinger/,LAD at CHC,NYY,"LF,CF,RF",1.5,+140,+145,+135,+145,+130,,,+135,+130,+130,,,+133,,,,,-190,-175,-180,-180,-175,,,-180,-186,-186,,,-184,,,,
2024-04-07,Brenton Doyle,/mlb/props/brenton-doyle/,TB at COL,COL,CF,1.5,+135,+143,+135,+135,+130,,,+130,+143,+143,,,+129,,,,,-180,-165,-179,-165,-175,,,-175,-200,-200,,,-179,,,,
2024-04-07,Ezequiel Tovar,/mlb/props/ezequiel-tovar/,TB at COL,COL,SS,1.5,-105,-105,-108,-110,-105,,,-105,-108,-108,,,-108,,,,,-125,-120,-125,-120,-125,,,-125,-130,-130,,,-127,,,,
2024-04-07,Michael Toglia,/mlb/props/mike-toglia/,TB at COL,CIN,1B,1.5,+115,+123,+115,+115,+115,,,+115,+123,+123,,,+110,,,,,-150,-145,-151,-145,-150,,,-150,-175,-175,,,-151,,,,
2024-04-07,Harold Ramirez,/mlb/props/harold-ramirez-of/,TB at COL,FA,"LF,RF,DH",1.5,-105,-125,-130,-125,-130,,,-130,-148,-148,,,-129,,,,,-125,+105,+100,-105,-105,,,+100,+105,+105,,,-106,,,,
2024-04-07,Randy Arozarena,/mlb/props/randy-arozarena/,TB at COL,SEA,"LF,CF",1.5,+110,+115,+110,+115,+110,,,+110,,,,,+104,,,,,-145,-140,-145,-145,-150,,,-140,,,,,-142,,,,
2024-04-07,Isaac Paredes,/mlb/props/isaac-paredes/,TB at COL,HOU,"1B,3B,DH",1.5,+110,+105,+104,+105,+105,,,+105,-114,-114,,,+104,,,,,-145,-122,-135,-135,-140,,,-135,-122,-122,,,-142,,,,
2024-04-07,Richie Palacios,/mlb/props/richie-palacios/,TB at COL,TB,"2B,LF",1.5,+105,+100,-104,+100,+100,,,+100,-107,-107,,,-104,,,,,-140,-130,-131,-130,-135,,,-130,-130,-130,,,-131,,,,
2024-04-07,Charlie Blackmon,/mlb/props/charlie-blackmon/,TB at COL,FA,"RF,DH",1.5,-120,-110,-120,-120,-110,,,-125,-117,-117,,,-125,,,,,-110,-105,-110,-110,-120,,,-105,-120,-120,,,-109,,,,
2024-04-07,Jose Caballero,/mlb/props/jose-caballero/,TB at COL,NYY,"2B,3B,SS,LF,RF",1.5,-175,-190,-190,-190,-200,,,-200,+150,+150,,,-194,,,,,+130,-215,+139,+155,+145,,,+145,-215,-215,,,+139,,,,
2024-04-07,Jacob Stallings,/mlb/props/jacob-stallings/,TB at COL,FA,C,0.5,-145,-145,-148,-145,-150,,,-150,,,,,-148,,,,,+110,+115,+115,+115,+115,,,+115,,,,,+108,,,,
2024-04-07,Ben Rortvedt,/mlb/props/benjamin-rortvedt/,TB at COL,NYM,C,1.5,+135,+148,+135,+145,+135,,,+135,+148,+148,,,+133,,,,,-185,-180,-185,-180,-185,,,-180,-215,-215,,,-184,,,,
2024-04-07,Jose Siri,/mlb/props/jose-siri/,TB at COL,LAA,"LF,CF",1.5,+120,+135,+126,+135,+130,,,+130,+112,+112,,,+126,,,,,-160,-157,-165,-165,-175,,,-175,-157,-157,,,-174,,,,
2024-04-07,Kris Bryant,/mlb/props/kris-bryant/,TB at COL,COL,DH,1.5,+120,+125,+120,+125,+120,,,+120,+125,+125,,,+112,,,,,-160,-154,-160,-155,-160,,,-160,-177,-177,,,-154,,,,
2024-04-07,Nolan Jones,/mlb/props/nolan-jones-3b/,TB at COL,CWS,"LF,CF,RF",1.5,+110,+114,+108,+105,+105,,,+105,+114,+114,,,+108,,,,,-150,-135,-140,-135,-140,,,-135,-159,-159,,,-148,,,,
2024-04-07,Rene Pinto,/mlb/props/rene-pinto/,TB at COL,PHI,C,0.5,-180,-165,-169,-165,-175,,,-175,,,,,-169,,,,,+135,+135,+130,+135,+130,,,+130,,,,,+123,,,,
2024-04-07,Austin Shenton,/mlb/props/austin-shenton/,TB at COL,FA,1B,1.5,+110,+110,+105,+110,+110,,,+105,,,,,-101,,,,,-145,-135,-140,-140,-145,,,-135,,,,,-135,,,,
2024-04-07,Ryan McMahon,/mlb/props/ryan-mcmahon/,TB at COL,NYY,3B,1.5,+110,+108,+106,+105,+105,,,+105,+108,+108,,,+106,,,,,-145,-135,-140,-135,-140,,,-135,-152,-152,,,-145,,,,
2024-04-07,Alan Trejo,/mlb/props/alan-trejo/,TB at COL,FA,"2B,SS",1.5,+150,+160,+150,+160,+150,,,+145,+143,+143,,,+143,,,,,-200,-199,-200,-200,-205,,,-200,-205,-205,,,-199,,,,
2024-04-07,Yandy Diaz,/mlb/props/yandy-diaz/,TB at COL,TB,"1B,DH",1.5,-125,-135,-139,-135,-140,,,-135,-143,-143,,,-139,,,,,-105,+105,+105,+105,+105,,,+105,+102,+102,,,+102,,,,
2024-04-07,Brandon Lowe,/mlb/props/brandon-lowe/,TB at COL,PIT,2B,1.5,-125,-125,-133,-135,-125,,,-135,-137,-137,,,-133,,,,,-105,+105,+100,+105,-105,,,+105,+100,+100,,,-103,,,,
2024-04-07,Jung Hoo Lee,/mlb/props/jung-lee/,SD at SF,SF,"CF,RF",1.5,-110,+107,-113,-115,-115,,,-115,+107,+107,,,-113,,,,,-120,-115,-121,-115,-115,,,-115,-150,-150,,,-121,,,,
2024-04-07,Thairo Estrada,/mlb/props/thairo-estrada/,SD at SF,FA,2B,1.5,+130,+145,+135,+145,+135,,,+135,+140,+140,,,+126,,,,,-175,-174,-180,-180,-180,,,-180,-200,-200,,,-174,,,,
2024-04-07,Graham Pauley,/mlb/props/graham-pauley/,SD at SF,MIA,"1B,3B",1.5,-180,-170,-170,-170,-175,,,-175,+210,+210,,,-179,,,,,+135,-315,+129,+140,+135,,,+130,-315,-315,,,+129,,,,
2024-04-07,Jurickson Profar,/mlb/props/jurickson-profar/,SD at SF,ATL,LF,1.5,-210,-185,-185,+165,-210,,,-185,+195,+195,,,-214,,,,,+155,-210,+135,-210,+155,,,+135,-286,-286,,,+152,,,,
2024-04-07,Jake Cronenworth,/mlb/props/jacob-cronenworth/,SD at SF,SD,"1B,2B,SS",1.5,+120,+138,+123,+115,+115,,,+115,+138,+138,,,+123,,,,,-160,-145,-155,-145,-155,,,-150,-195,-195,,,-169,,,,
2024-04-07,Tyler Wade,/mlb/props/tyler-wade/,SD at SF,FA,"2B,LF,CF",0.5,-185,-170,-180,-180,-170,,,-180,,,,,-184,,,,,+135,+145,+135,+145,+130,,,+135,,,,,+133,,,,
2024-04-07,Mike Yastrzemski,/mlb/props/michael-yastrzemski/,SD at SF,ATL,"LF,CF,RF",1.5,+130,-165,-165,-165,+130,,,-175,+145,+145,,,-169,,,,,-175,-175,+123,+135,-175,,,+130,-210,-210,,,+123,,,,
2024-04-07,LaMonte Wade Jr.,/mlb/props/lamonte-wade/,SD at SF,HOU,"1B,RF",1.5,+115,+128,+110,+110,+110,,,+110,+128,+128,,,+108,,,,,-150,-140,-148,-140,-145,,,-140,-180,-180,,,-148,,,,
2024-04-07,Michael Conforto,/mlb/props/michael-conforto/,SD at SF,CHC,"LF,RF,DH",1.5,+115,+120,+115,+115,+120,,,+115,+120,+120,,,+114,,,,,-155,-145,-157,-145,-160,,,-150,-167,-167,,,-157,,,,
2024-04-07,Luis Campusano,/mlb/props/luis-campusano/,SD at SF,SD,"C,DH",1.5,+150,+165,+150,+165,+160,,,+150,,,,,+143,,,,,-205,-199,-210,-210,-215,,,-210,,,,,-199,,,,
2024-04-07,Manny Machado,/mlb/props/manny-machado/,SD at SF,SD,"3B,DH",1.5,+130,+140,+130,+140,+135,,,+130,+128,+128,,,+123,,,,,-175,-169,-175,-170,-180,,,-175,-180,-180,,,-169,,,,
2024-04-07,Patrick Bailey,/mlb/props/patrick-bailey/,SD at SF,CLE,C,0.5,-195,-190,-195,-190,-195,,,-200,,,,,-194,,,,,+145,+155,+145,+155,+145,,,+145,,,,,+139,,,,
2024-04-07,Xander Bogaerts,/mlb/props/xander-bogaerts/,SD at SF,SD,SS,1.5,+140,+160,+145,+160,+150,,,+145,+117,+117,,,+136,,,,,-190,-165,-189,-200,-205,,,-200,-165,-165,,,-189,,,,
2024-04-07,Jackson Merrill,/mlb/props/jackson-merrill/,SD at SF,SD,CF,1.5,-200,-195,+145,+155,-195,,,+145,,,,,+146,,,,,+150,-190,-190,-190,+145,,,-200,,,,,-204,,,,
2024-04-07,Tom Murphy,/mlb/props/tom-murphy/,SD at SF,FA,C,0.5,-205,-199,-200,-200,-205,,,-200,,,,,-199,,,,,+150,+160,+150,+160,+150,,,+145,,,,,+143,,,,
2024-04-07,Matt Chapman,/mlb/props/matt-chapman/,SD at SF,SF,3B,1.5,+110,+115,+110,+115,+110,,,+115,+105,+105,,,+108,,,,,-145,-145,-148,-145,-145,,,-150,-148,-148,,,-148,,,,
2024-04-07,Nick Ahmed,/mlb/props/nick-ahmed/,SD at SF,FA,SS,0.5,-170,-160,-165,-160,-170,,,-165,,,,,-169,,,,,+125,+130,+125,+130,+130,,,+125,,,,,+123,,,,
2024-04-07,Kyle Higashioka,/mlb/props/kyle-higashioka/,SD at SF,TEX,"C,DH",0.5,-140,-135,-140,-135,-140,,,-135,,,,,-142,,,,,+105,+105,+105,+105,+105,,,+105,,,,,+104,,,,
2024-04-07,Fernando Tatis Jr.,/mlb/props/fernando-tatis-jr/,SD at SF,SD,"2B,RF",1.5,+105,+115,+106,+115,+115,,,+115,-113,-113,,,+106,,,,,-140,-124,-145,-145,-155,,,-150,-124,-124,,,-145,,,,
2024-04-07,Ha-Seong Kim,/mlb/props/ha-seong-kim/,SD at SF,ATL,"2B,SS",1.5,-215,-200,-200,-200,-205,,,-210,+175,+175,,,-204,,,,,+155,-250,+146,+160,+155,,,+150,-250,-250,,,+146,,,,
2024-04-07,Jorge Soler,/mlb/props/jorge-soler/,SD at SF,LAA,"RF,DH",1.5,+115,+120,+120,+120,+120,,,+120,+110,+110,,,+110,,,,,-150,-150,-155,-150,-155,,,-160,-152,-152,,,-151,,,,
2024-04-07,Masataka Yoshida,/mlb/props/masataka-yoshida/,BOS at LAA,BOS,"LF,DH",1.5,+135,+155,+145,+155,+145,,,+145,+133,+133,,,+133,,,,,-180,-184,-190,-190,-200,,,-200,-190,-190,,,-184,,,,
2024-04-07,Tyler O'Neill,/mlb/props/tyler-oneill/,BOS at LAA,BAL,"LF,RF",1.5,+140,+140,+135,+140,+135,,,+135,+120,+120,,,+126,,,,,-190,-167,-174,-170,-180,,,-180,-167,-167,,,-174,,,,
2024-04-07,Jarren Duran,/mlb/props/jarren-duran/,BOS at LAA,BOS,"LF,CF,DH",1.5,+100,+105,+102,+100,+105,,,+105,+102,+102,,,-101,,,,,-130,-130,-135,-130,-135,,,-135,-143,-143,,,-135,,,,
2024-04-07,David Hamilton,/mlb/props/david-hamilton/,BOS at LAA,MIL,"2B,3B,SS",0.5,-110,-105,-110,-110,-110,,,-105,,,,,-111,,,,,-120,-120,-123,-120,-120,,,-125,,,,,-123,,,,
2024-04-07,Reese McGuire,/mlb/props/reese-mcguire/,BOS at LAA,FA,C,0.5,-145,-135,-140,-140,-145,,,-135,,,,,-148,,,,,+110,+110,+108,+110,+110,,,+105,,,,,+108,,,,
2024-04-07,Zach Neto,/mlb/props/zach-neto/,BOS at LAA,LAA,SS,1.5,-130,-129,-129,-130,-135,,,-130,+215,+215,,,-129,,,,,+100,-335,-106,+100,+105,,,+100,-335,-335,,,-106,,,,
2024-04-07,Taylor Ward,/mlb/props/taylor-ward/,BOS at LAA,BAL,LF,1.5,+145,+155,+140,+150,+140,,,+140,+155,+155,,,+136,,,,,-195,-185,-190,-185,-190,,,-190,-225,-225,,,-189,,,,
2024-04-07,Anthony Rendon,/mlb/props/anthony-rendon/,BOS at LAA,LAA,3B,1.5,+150,-200,+150,-200,+155,,,+150,+155,+155,,,+152,,,,,-205,-210,-210,+160,-210,,,-210,-225,-225,,,-214,,,,
2024-04-07,Rafael Devers,/mlb/props/rafael-devers/,BOS at LAA,SF,"1B,DH",1.5,-105,-105,-110,-110,-110,,,-105,-107,-107,,,-111,,,,,-125,-120,-123,-120,-120,,,-125,-130,-130,,,-123,,,,
2024-04-07,Triston Casas,/mlb/props/triston-casas/,BOS at LAA,BOS,1B,1.5,-155,-150,-150,-150,-155,,,-150,+163,+163,,,-157,,,,,+115,-235,+114,+120,+115,,,+115,-235,-235,,,+114,,,,
2024-04-07,Miguel Sano,/mlb/props/miguel-sano/,BOS at LAA,FA,"1B,3B",0.5,-140,-135,-137,-135,-140,,,-135,,,,,-137,,,,,+105,+105,+105,+105,+105,,,+105,,,,,+100,,,,
2024-04-07,Brandon Drury,/mlb/props/brandon-drury/,BOS at LAA,KC,"1B,2B,3B",1.5,-190,-184,-184,-185,-195,,,-190,+155,+155,,,-184,,,,,+140,-225,+133,+150,+145,,,+140,-225,-225,,,+133,,,,
2024-04-07,Connor Wong,/mlb/props/connor-wong/,BOS at LAA,BOS,C,0.5,-125,-125,-130,-125,-130,,,-130,,,,,-133,,,,,-105,+100,-103,-105,+100,,,+100,,,,,-103,,,,
2024-04-07,Ceddanne Rafaela,/mlb/props/ceddanne-rafaela/,BOS at LAA,BOS,"2B,CF",1.5,-160,-155,-155,-155,-165,,,,+175,+175,,,-163,,,,,+120,-250,+118,+125,+120,,,,-250,-250,,,+118,,,,
2024-04-07,Bobby Dalbec,/mlb/props/robert-dalbec/,BOS at LAA,FA,"1B,3B",0.5,-115,-115,-115,-115,-115,,,-115,,,,,-115,,,,,-115,-115,-115,-115,-115,,,-115,,,,,-119,,,,
2024-04-07,Logan O'Hoppe,/mlb/props/logan-ohoppe/,BOS at LAA,LAA,C,0.5,-180,-170,-174,-170,-180,,,-180,,,,,-174,,,,,+135,+140,+135,+140,+135,,,+135,,,,,+126,,,,
2024-04-07,Nolan Schanuel,/mlb/props/nolan-schanuel/,BOS at LAA,LAA,1B,1.5,-210,-200,-200,-200,-210,,,-210,+170,+170,,,-204,,,,,+155,-250,+146,+160,+155,,,+150,-250,-250,,,+146,,,,
2024-04-07,Mickey Moniak,/mlb/props/mckenzie-moniak/,BOS at LAA,COL,"LF,CF,RF,DH",0.5,-140,-130,-135,-130,-140,,,-135,,,,,-139,,,,,+105,+105,+102,+100,+105,,,+105,,,,,+102,,,,
2024-04-07,Wilyer Abreu,/mlb/props/wilyer-abreu/,BOS at LAA,BOS,"LF,CF,RF",1.5,-140,-135,-135,-135,-140,,,-135,+175,+175,,,-148,,,,,+105,-265,+105,+105,+105,,,+105,-265,-265,,,+108,,,,
2024-04-07,Mike Trout,/mlb/props/mike-trout/,BOS at LAA,LAA,"CF,RF,DH",1.5,+130,+145,+135,+145,+135,,,+135,+130,+130,,,+129,,,,,-175,-179,-180,-180,-180,,,-180,-182,-182,,,-179,,,,
2024-04-07,Enmanuel Valdez,/mlb/props/enmanuel-valdez/,BOS at LAA,PIT,1B,1.5,-135,-165,-165,-165,-170,,,-165,+148,+148,,,-174,,,,,+100,-220,+125,+135,+130,,,+125,-220,-220,,,+126,,,,
2024-04-07,Yordan Alvarez,/mlb/props/yordan-alvarez/,HOU at TEX,HOU,"LF,DH",1.5,-110,-120,-125,-120,-125,,,-125,-125,-125,,,-127,,,,,-120,-105,-108,-110,-105,,,-105,-110,-110,,,-108,,,,
2024-04-07,Yainer Diaz,/mlb/props/yainer-diaz-c/,HOU at TEX,HOU,"C,DH",1.5,+115,+105,+105,+105,+105,,,+105,+102,+102,,,+102,,,,,-155,-135,-139,-135,-140,,,-135,-143,-143,,,-139,,,,
2024-04-07,Jose Abreu,/mlb/props/jose-dariel-abreu/,HOU at TEX,FA,1B,1.5,+155,+145,+135,+145,+140,,,+135,+125,+125,,,+133,,,,,-210,-177,-180,-180,-185,,,-180,-177,-177,,,-184,,,,
2024-04-07,Josh Smith,/mlb/props/josh-smith-ss/,HOU at TEX,TEX,"1B,2B,3B,SS,LF,RF",0.5,-165,-170,-174,-170,-170,,,-175,,,,,-174,,,,,+125,+140,+130,+140,+130,,,+130,,,,,+126,,,,
2024-04-07,Jose Altuve,/mlb/props/jose-altuve/,HOU at TEX,HOU,"2B,LF,DH",1.5,+130,+120,+114,+120,+115,,,+105,+104,+104,,,+114,,,,,-175,-143,-150,-150,-155,,,-145,-143,-143,,,-157,,,,
2024-04-07,Kyle Tucker,/mlb/props/kyle-tucker/,HOU at TEX,LAD,"RF,DH",1.5,+115,+100,-103,-105,+100,,,+100,-110,-110,,,-103,,,,,-150,-125,-130,-125,-130,,,-130,-125,-125,,,-133,,,,
2024-04-07,Chas McCormick,/mlb/props/chas-mccormick/,HOU at TEX,CHC,"LF,CF,RF",1.5,-185,-180,-180,-180,-185,,,-180,+132,+132,,,-184,,,,,+140,-186,+133,+145,+135,,,+135,-186,-186,,,+133,,,,
2024-04-07,Jonah Heim,/mlb/props/jonah-heim/,HOU at TEX,ATH,"C,DH",1.5,+125,+130,+125,+130,+120,,,+125,+130,+130,,,+123,,,,,-170,-160,-165,-160,-160,,,-165,-182,-182,,,-169,,,,
2024-04-07,Jon Singleton,/mlb/props/jonathan-singleton/,HOU at TEX,FA,"1B,DH",0.5,-175,-170,-175,-170,-175,,,-180,,,,,-179,,,,,+130,+140,+135,+140,+130,,,+135,,,,,+129,,,,
2024-04-07,Alex Bregman,/mlb/props/alex-bregman/,HOU at TEX,CHC,"3B,DH",1.5,+135,+135,+125,+135,+125,,,+125,+117,+117,,,+120,,,,,-180,-165,-165,-165,-165,,,-165,-165,-165,,,-166,,,,
2024-04-07,Evan Carter,/mlb/props/evan-carter/,HOU at TEX,TEX,"LF,CF,RF",1.5,+140,+135,+130,+135,+130,,,+130,+135,+135,,,+126,,,,,-190,-165,-175,-165,-170,,,-175,-195,-195,,,-174,,,,
2024-04-07,Jared Walsh,/mlb/props/jared-walsh/,HOU at TEX,FA,"1B,RF",1.5,-135,-140,-140,-140,-145,,,-160,+170,+170,,,-148,,,,,+100,-250,+108,+110,+110,,,+120,-250,-250,,,+108,,,,
2024-04-07,Adolis Garcia,/mlb/props/jose-adolis-garcia/,HOU at TEX,PHI,RF,1.5,-120,-121,-125,-125,-125,,,-130,-127,-127,,,-121,,,,,-110,+100,-105,-105,-105,,,+100,-109,-109,,,-113,,,,
2024-04-07,Jeremy Pena,/mlb/props/jeremy-pena/,HOU at TEX,HOU,SS,1.5,+155,+150,+140,+150,+140,,,+140,+125,+125,,,+136,,,,,-215,-177,-185,-185,-190,,,-190,-177,-177,,,-189,,,,
2024-04-07,Leody Taveras,/mlb/props/leody-taveras-of/,HOU at TEX,BAL,"CF,RF",1.5,+140,+145,+140,+145,+140,,,+135,,,,,+139,,,,,-185,-180,-185,-180,-185,,,-180,,,,,-194,,,,
2024-04-07,Corey Seager,/mlb/props/corey-seager/,HOU at TEX,TEX,SS,1.5,-140,-150,-150,-150,-155,,,-150,-150,-150,,,-154,,,,,+105,+120,+115,+120,+115,,,+115,+107,+107,,,+112,,,,
2024-04-07,Jake Meyers,/mlb/props/jacob-meyers/,HOU at TEX,HOU,CF,0.5,-140,-140,-150,-140,-150,,,-140,,,,,-151,,,,,+105,+110,+110,+110,+110,,,+110,,,,,+110,,,,
2024-04-07,Marcus Semien,/mlb/props/marcus-semien/,HOU at TEX,NYM,2B,1.5,+100,-110,-110,-115,-110,,,-110,-110,-110,,,-117,,,,,-135,-115,-120,-115,-120,,,-120,-127,-127,,,-117,,,,
2024-04-07,Wyatt Langford,/mlb/props/wyatt-langford/,HOU at TEX,TEX,"LF,CF",1.5,+130,+123,+115,+115,+115,,,+115,+123,+123,,,+114,,,,,-175,-145,-155,-145,-155,,,-150,-175,-175,,,-157,,,,
2024-04-07,Travis Jankowski,/mlb/props/travis-jankowski/,HOU at TEX,FA,"LF,CF,RF",1.5,-175,-155,-155,-155,-165,,,-160,+200,+200,,,-174,,,,,+130,-295,+120,+125,+125,,,+120,-295,-295,,,+126,,,,
2024-04-08,Austin Hedges,/mlb/props/austin-hedges/,CWS at CLE,CLE,C,0.5,-110,-125,-130,-125,-130,,,-130,,,,,-135,,,,,-125,+100,-101,-105,-105,,,+100,,,,,-101,,,,
2024-04-08,Brayan Rocchio,/mlb/props/brayan-rocchio/,CWS at CLE,CLE,"2B,SS",0.5,-165,-163,-165,-165,-165,,,-165,,,,,-163,,,,,+125,+135,+125,+135,+125,,,+125,,,,,+118,,,,
2024-04-08,Gavin Sheets,/mlb/props/gavin-sheets/,CWS at CLE,SD,"1B,LF,RF,DH",1.5,-180,-150,-150,-150,-160,,,-160,+145,+145,,,-157,,,,,+145,-205,+114,+120,+120,,,+120,-205,-205,,,+114,,,,
2024-04-08,Jose Ramirez,/mlb/props/jose-ramirez/,CWS at CLE,CLE,"3B,DH",1.5,+105,-110,-115,-115,-115,,,-110,-118,-118,,,-121,,,,,-140,-113,-115,-115,-115,,,-120,-118,-118,,,-113,,,,
2024-04-08,Dominic Fletcher,/mlb/props/dominic-fletcher/,CWS at CLE,PIT,"CF,RF",0.5,-180,-160,-165,-160,-170,,,-165,,,,,-169,,,,,+145,+130,+125,+130,+130,,,+125,,,,,+123,,,,
2024-04-08,Martin Maldonado,/mlb/props/martin-maldonado/,CWS at CLE,FA,C,0.5,+145,+155,+150,+155,+150,,,,,,,,+136,,,,,-180,-189,-190,-190,-200,,,,,,,,-189,,,,
2024-04-08,Tyler Freeman,/mlb/props/tyler-freeman-ss/,CWS at CLE,COL,"2B,RF,DH",1.5,+155,+140,+130,+140,+130,,,+130,+125,+125,,,+120,,,,,-210,-166,-175,-170,-175,,,-175,-177,-177,,,-166,,,,
2024-04-08,Yoan Moncada,/mlb/props/yoan-moncada/,CWS at CLE,LAA,3B,1.5,-160,-150,-150,-150,-155,,,-150,+160,+160,,,-154,,,,,+130,-235,+112,+120,+115,,,+115,-235,-235,,,+112,,,,
2024-04-08,Andrew Benintendi,/mlb/props/andrew-benintendi/,CWS at CLE,CWS,"LF,DH",1.5,+150,-190,-190,-190,-200,,,-200,+155,+155,,,-214,,,,,-185,-225,+145,+155,+150,,,+145,-225,-225,,,+152,,,,
2024-04-08,Andrew Vaughn,/mlb/props/andrew-vaughn-1b/,CWS at CLE,MIL,1B,1.5,+125,+145,+135,+145,+140,,,+135,+135,+135,,,+129,,,,,-155,-179,-180,-180,-190,,,-180,-195,-195,,,-179,,,,
2024-04-08,Bo Naylor,/mlb/props/bo-naylor/,CWS at CLE,CLE,C,0.5,-137,-137,-137,,,,,,,,,,,,,,,-137,-137,-137,,,,,,,,,,,,,,
2024-04-08,Nicky Lopez,/mlb/props/nicky-lopez/,CWS at CLE,TEX,"2B,3B,SS",0.5,-190,-155,-160,-155,-165,,,-160,,,,,-163,,,,,+155,+125,+120,+125,+125,,,+120,,,,,+118,,,,
2024-04-08,Josh Naylor,/mlb/props/josh-naylor/,CWS at CLE,SEA,"1B,DH",1.5,+120,+110,+104,+110,+105,,,+105,-104,-104,,,+104,,,,,-160,-135,-140,-140,-140,,,-135,-136,-136,,,-142,,,,
2024-04-08,Robbie Grossman,/mlb/props/robbie-grossman/,CWS at CLE,FA,"LF,RF",1.5,-165,-140,-140,-145,-155,,,-140,+163,+163,,,-151,,,,,+135,-235,+110,+115,+115,,,+110,-235,-235,,,+110,,,,
2024-04-08,David Fry,/mlb/props/david-fry/,CWS at CLE,CLE,"C,LF,RF,DH",1.5,+140,+135,+125,+135,+125,,,+125,+118,+118,,,+116,,,,,-185,-160,-165,-165,-165,,,-165,-167,-167,,,-160,,,,
2024-04-08,Steven Kwan,/mlb/props/steven-kwan/,CWS at CLE,CLE,"LF,CF",1.5,+120,+110,+100,+100,+100,,,+110,-112,-112,,,-104,,,,,-160,-125,-131,-130,-130,,,-145,-125,-125,,,-131,,,,
2024-04-08,Korey Lee,/mlb/props/korey-lee/,CWS at CLE,CWS,C,0.5,-115,-115,-120,-115,-120,,,-120,,,,,-123,,,,,-115,-110,-111,-115,-110,,,-110,,,,,-111,,,,
2024-04-08,Andres Gimenez,/mlb/props/andres-giminez/,CWS at CLE,TOR,"2B,SS",1.5,-180,-195,+139,+160,-195,,,+145,+140,+140,,,+139,,,,,+135,-194,-194,-200,+145,,,-200,-200,-200,,,-194,,,,
2024-04-08,Ramon Laureano,/mlb/props/ramon-laureano/,CWS at CLE,SD,"LF,CF,RF",0.5,-155,-180,-184,-180,-185,,,-180,,,,,-184,,,,,+120,+145,+135,+145,+135,,,+135,,,,,+133,,,,
2024-04-08,Braden Shewmake,/mlb/props/braden-shewmake/,CWS at CLE,HOU,"2B,3B,SS",0.5,-135,-120,-125,-120,-125,,,-125,,,,,-127,,,,,+105,-105,-108,-110,-105,,,-105,,,,,-108,,,,
2024-04-08,Aaron Judge,/mlb/props/aaron-judge/,MIA at NYY,NYY,"LF,CF,RF,DH",1.5,+115,+115,+110,+115,+110,,,+110,+108,+108,,,+110,,,,,-155,-140,-145,-145,-145,,,-140,-150,-150,,,-151,,,,
2024-04-08,Juan Soto,/mlb/props/juan-soto/,MIA at NYY,NYM,"LF,RF,DH",1.5,-155,-145,-145,-145,-155,,,-150,+185,+185,,,-151,,,,,+115,-275,+110,+115,+115,,,+115,-275,-275,,,+110,,,,
2024-04-08,Alex Verdugo,/mlb/props/alex-verdugo/,MIA at NYY,FA,"LF,RF",1.5,-135,-130,-130,-130,-135,,,-135,+240,+240,,,-137,,,,,+100,-375,+100,+100,+100,,,+105,-375,-375,,,+100,,,,
2024-04-08,Jazz Chisholm Jr.,/mlb/props/jasrado-chisholm/,MIA at NYY,NYY,"2B,3B",1.5,-110,-115,-115,-115,-115,,,-115,+205,+205,,,-121,,,,,-120,-315,-115,-115,-115,,,-115,-315,-315,,,-113,,,,
2024-04-08,Jose Trevino,/mlb/props/jose-trevino/,MIA at NYY,CIN,C,0.5,-140,-145,-150,-145,-150,,,-150,,,,,-151,,,,,+105,+115,+110,+115,+110,,,+115,,,,,+110,,,,
2024-04-08,Gleyber Torres,/mlb/props/gleyber-torres/,MIA at NYY,DET,2B,1.5,+125,+140,+130,+140,+130,,,+130,+135,+135,,,+126,,,,,-170,-170,-175,-170,-170,,,-175,-190,-190,,,-174,,,,
2024-04-08,Bryan De La Cruz,/mlb/props/bryan-de-la-cruz/,MIA at NYY,PHI,LF,1.5,+145,+140,+130,+140,+130,,,+130,+135,+135,,,+123,,,,,-195,-169,-175,-170,-175,,,-175,-195,-195,,,-169,,,,
2024-04-08,Emmanuel Rivera,/mlb/props/emmanuel-rivera/,MIA at NYY,FA,"1B,3B",0.5,-160,-170,-175,-170,-175,,,-175,,,,,-179,,,,,+120,+140,+130,+140,+130,,,+130,,,,,+129,,,,
2024-04-08,Avisail Garcia,/mlb/props/avisail-garcia/,MIA at NYY,FA,"LF,RF",1.5,-150,-155,-155,-155,-165,,,-160,+163,+163,,,-166,,,,,+115,-235,+120,+125,+125,,,+120,-235,-235,,,+120,,,,
2024-04-08,Anthony Rizzo,/mlb/props/anthony-rizzo/,MIA at NYY,FA,1B,1.5,-140,-130,-130,-130,-135,,,-135,+195,+195,,,-142,,,,,+105,-295,+100,+100,+105,,,+105,-295,-295,,,+104,,,,
2024-04-08,Jake Burger,/mlb/props/jake-burger-3b/,MIA at NYY,TEX,1B,1.5,+105,+116,+105,+105,+105,,,+105,+116,+116,,,+104,,,,,-140,-135,-142,-135,-140,,,-135,-162,-162,,,-142,,,,
2024-04-08,Jon Berti,/mlb/props/jon-berti/,MIA at NYY,FA,"2B,3B",0.5,-165,-150,-155,-150,-155,,,-150,,,,,-166,,,,,+125,+120,+115,+120,+115,,,+115,,,,,+120,,,,
2024-04-08,Josh Bell,/mlb/props/josh-bell/,MIA at NYY,MIN,"1B,DH",1.5,+130,+135,+128,+135,+130,,,+130,+128,+128,,,+120,,,,,-170,-165,-175,-165,-175,,,-175,-180,-180,,,-166,,,,
2024-04-08,Giancarlo Stanton,/mlb/props/giancarlo-stanton/,MIA at NYY,NYY,"LF,RF,DH",1.5,-180,-170,-170,-170,-175,,,-175,+135,+135,,,-174,,,,,+135,-195,+126,+140,+130,,,+130,-195,-195,,,+126,,,,
2024-04-08,Nick Fortes,/mlb/props/nick-fortes/,MIA at NYY,TB,C,0.5,-135,-135,-139,-140,-140,,,-135,,,,,-139,,,,,+105,+110,+105,+110,+105,,,+105,,,,,+102,,,,
2024-04-08,Vidal Brujan,/mlb/props/vidal-brujan-2b/,MIA at NYY,NYM,"3B,SS,OF",0.5,-135,-135,-135,-135,-135,,,-135,,,,,-137,,,,,+105,+105,+105,+105,+105,,,+105,,,,,+100,,,,
2024-04-08,Anthony Volpe,/mlb/props/anthony-volpe/,MIA at NYY,NYY,SS,1.5,-165,-163,-163,-165,-170,,,-165,+155,+155,,,-163,,,,,+125,-225,+118,+135,+125,,,+125,-225,-225,,,+118,,,,
2024-04-08,Luis Arraez,/mlb/props/luis-arraez/,MIA at NYY,SF,"1B,2B,DH",1.5,+160,+160,+152,+160,+155,,,+150,+148,+148,,,+152,,,,,-215,-200,-210,-200,-210,,,-210,-210,-210,,,-214,,,,
2024-04-08,Tim Anderson,/mlb/props/tim-anderson/,MIA at NYY,FA,"2B,SS",1.5,+155,+145,+140,+145,+140,,,+140,+145,+145,,,+136,,,,,-210,-180,-190,-180,-190,,,-190,-205,-205,,,-189,,,,
2024-04-08,Parker Meadows,/mlb/props/parker-meadows/,DET at PIT,DET,CF,1.5,-175,-170,-170,-170,-175,,,-175,+165,+165,,,-179,,,,,+130,-240,+129,+140,+130,,,+130,-240,-240,,,+129,,,,
2024-04-08,Jake Rogers,/mlb/props/jake-rogers/,DET at PIT,DET,C,0.5,-120,-115,-120,-115,-120,,,-120,,,,,-121,,,,,-110,-110,-113,-115,-110,,,-110,,,,,-113,,,,
2024-04-08,Carson Kelly,/mlb/props/carson-kelly/,DET at PIT,CHC,C,0.5,-150,-135,-140,-135,-140,,,-135,,,,,-145,,,,,+110,+106,+105,+105,+105,,,+105,,,,,+106,,,,
2024-04-08,Gio Urshela,/mlb/props/giovanny-urshela/,DET at PIT,FA,3B,1.5,+130,+135,+126,+135,+125,,,+125,,,,,+126,,,,,-175,-165,-165,-165,-165,,,-165,,,,,-174,,,,
2024-04-08,Bryan Reynolds,/mlb/props/bryan-reynolds/,DET at PIT,PIT,"LF,CF,RF,DH",1.5,+140,+148,+130,+130,+125,,,+125,+148,+148,,,+126,,,,,-190,-160,-174,-160,-165,,,-165,-210,-210,,,-174,,,,
2024-04-08,Mark Canha,/mlb/props/mark-canha/,DET at PIT,FA,"LF,RF",1.5,-205,-190,-190,-190,-205,,,-200,+148,+148,,,-199,,,,,+150,-215,+143,+155,+150,,,+145,-215,-215,,,+143,,,,
2024-04-08,Connor Joe,/mlb/props/connor-joe/,DET at PIT,SEA,"LF,RF",0.5,-175,-170,-175,-170,-175,,,-180,,,,,-174,,,,,+130,+140,+135,+140,+130,,,+135,,,,,+126,,,,
2024-04-08,Michael A. Taylor,/mlb/props/michael-taylor/,DET at PIT,FA,"LF,CF,RF",0.5,-120,-115,-120,-115,-120,,,-120,,,,,-121,,,,,-110,-110,-113,-115,-110,,,-110,,,,,-113,,,,
2024-04-08,Oneil Cruz,/mlb/props/oneil-cruz-3b/,DET at PIT,PIT,"CF,DH",1.5,+140,+130,+120,+115,+120,,,+115,+130,+130,,,+112,,,,,-185,-145,-155,-145,-155,,,-150,-182,-182,,,-154,,,,
2024-04-08,Javier Baez,/mlb/props/javier-baez/,DET at PIT,DET,"2B,3B,SS,CF",1.5,+155,+155,+148,+155,+150,,,+145,+148,+148,,,+143,,,,,-210,-190,-200,-190,-200,,,-200,-210,-210,,,-199,,,,
2024-04-08,Jack Suwinski,/mlb/props/jack-suwinski/,DET at PIT,LAD,"LF,CF,RF",1.5,-145,-155,-155,-155,-165,,,-160,+175,+175,,,-157,,,,,+110,-265,+114,+125,+120,,,+120,-265,-265,,,+114,,,,
2024-04-08,Colt Keith,/mlb/props/colt-keith/,DET at PIT,DET,"1B,2B,3B,DH",1.5,+150,+160,+140,+145,+130,,,+140,+160,+160,,,+133,,,,,-205,-175,-190,-180,-175,,,-190,-230,-230,,,-184,,,,
2024-04-08,Zach McKinstry,/mlb/props/zach-mckinstry/,DET at PIT,DET,"2B,3B,SS,LF,RF",0.5,-160,-155,-160,-155,-160,,,-160,,,,,-160,,,,,+120,+125,+120,+125,+120,,,+120,,,,,+116,,,,
2024-04-08,Joey Bart,/mlb/props/joseph-bart/,DET at PIT,ATL,C,0.5,-110,-113,-115,-115,-115,,,-115,,,,,-113,,,,,-120,-115,-115,-115,-115,,,-115,,,,,-121,,,,
2024-04-08,Spencer Torkelson,/mlb/props/spencer-torkelson-if/,DET at PIT,DET,1B,1.5,+130,+135,+125,+135,+130,,,+125,+112,+112,,,+129,,,,,-175,-157,-165,-165,-170,,,-165,-157,-157,,,-179,,,,
2024-04-08,Henry Davis,/mlb/props/henry-davis/,DET at PIT,PIT,C,0.5,-170,-160,-165,-160,-170,,,-165,,,,,-169,,,,,+130,+130,+125,+130,+130,,,+125,,,,,+123,,,,
2024-04-08,Rowdy Tellez,/mlb/props/rowdy-tellez/,DET at PIT,ATL,1B,1.5,-115,-125,-125,-125,-130,,,-130,+205,+205,,,-129,,,,,-115,-315,-106,-105,-105,,,+100,-315,-315,,,-106,,,,
2024-04-08,Ke'Bryan Hayes,/mlb/props/kebryan-hayes/,DET at PIT,CIN,3B,1.5,+125,+125,+120,+125,+125,,,+120,+110,+110,,,+118,,,,,-170,-155,-160,-155,-170,,,-160,-155,-155,,,-163,,,,
2024-04-08,Kerry Carpenter,/mlb/props/kerry-carpenter/,DET at PIT,DET,"LF,RF,DH",1.5,+135,+130,+125,+130,+125,,,+125,+128,+128,,,+123,,,,,-180,-160,-169,-160,-165,,,-165,-182,-182,,,-169,,,,
2024-04-08,Andrew McCutchen,/mlb/props/andrew-mccutchen/,DET at PIT,FA,"LF,RF,DH",1.5,-170,-170,-170,-170,-170,,,-175,+160,+160,,,-179,,,,,+130,-230,+129,+140,+130,,,+130,-230,-230,,,+129,,,,
2024-04-08,Jared Triolo,/mlb/props/jared-triolo/,DET at PIT,PIT,"1B,2B,3B,SS",1.5,-170,-169,-169,-170,-175,,,-180,+195,+195,,,-169,,,,,+130,-286,+123,+140,+130,,,+135,-286,-286,,,+123,,,,
2024-04-08,Matt Vierling,/mlb/props/matt-vierling/,DET at PIT,DET,"LF,CF,RF",1.5,+150,+155,+150,+155,+150,,,+145,,,,,+146,,,,,-205,-190,-200,-190,-205,,,-200,,,,,-204,,,,
2024-04-08,Riley Greene,/mlb/props/riley-greene-of/,DET at PIT,DET,"LF,CF,RF,DH",1.5,+145,+145,+135,+145,+135,,,+135,+143,+143,,,+129,,,,,-195,-179,-180,-180,-180,,,-180,-205,-205,,,-179,,,,
2024-04-08,Elly De La Cruz,/mlb/props/elly-de-la-cruz/,MIL at CIN,CIN,SS,1.5,-150,-145,-145,-145,-160,,,-160,+148,+148,,,-148,,,,,+115,-215,+108,+115,+120,,,+120,-215,-215,,,+108,,,,
2024-04-08,Jake Bauers,/mlb/props/jake-bauers/,MIL at CIN,MIL,"1B,LF,RF",1.5,-150,-155,-155,-155,-160,,,-160,+148,+148,,,-160,,,,,+110,-210,+116,+125,+120,,,+120,-210,-210,,,+116,,,,
2024-04-08,Stuart Fairchild,/mlb/props/stuart-fairchild/,MIL at CIN,CLE,"LF,CF,RF",1.5,-125,-150,-150,-150,-155,,,-160,+165,+165,,,-157,,,,,-105,-245,+114,+120,+115,,,+120,-245,-245,,,+114,,,,
2024-04-08,Willy Adames,/mlb/props/willy-adames/,MIL at CIN,SF,SS,1.5,+115,+110,+110,+110,+110,,,+110,+102,+102,,,+110,,,,,-155,-140,-143,-140,-145,,,-140,-143,-143,,,-151,,,,
2024-04-08,Oliver Dunn,/mlb/props/oliver-dunn/,MIL at CIN,TB,3B,1.5,-140,-155,+139,+145,-155,,,+140,+150,+150,,,+139,,,,,+105,-180,-180,-180,+115,,,-190,-215,-215,,,-194,,,,
2024-04-08,Bubba Thompson,/mlb/props/bubba-thompson/,MIL at CIN,FA,"LF,CF",0.5,-120,-115,-120,-115,-120,,,-120,,,,,-121,,,,,-110,-110,-113,-115,-110,,,-110,,,,,-113,,,,
2024-04-08,William Contreras,/mlb/props/william-contreras/,MIL at CIN,MIL,"C,DH",1.5,+105,+100,-106,-110,+100,,,+100,-117,-117,,,-106,,,,,-140,-120,-129,-120,-130,,,-130,-120,-120,,,-129,,,,
2024-04-08,Spencer Steer,/mlb/props/spencer-steer/,MIL at CIN,CIN,"1B,2B,LF,RF",1.5,+125,+125,+120,+125,+125,,,+120,+114,+114,,,+116,,,,,-170,-155,-160,-155,-165,,,-160,-159,-159,,,-160,,,,
2024-04-08,Luke Maile,/mlb/props/luke-maile/,MIL at CIN,KC,C,0.5,-140,-140,-148,-140,-150,,,-140,,,,,-148,,,,,+105,+110,+110,+110,+110,,,+110,,,,,+108,,,,
2024-04-08,Jonathan India,/mlb/props/jonathan-india/,MIL at CIN,KC,"2B,3B,LF,DH",1.5,-195,-189,-189,-190,-200,,,-200,+135,+135,,,-189,,,,,+145,-190,+136,+155,+150,,,+145,-190,-190,,,+136,,,,
2024-04-08,Will Benson,/mlb/props/will-benson/,MIL at CIN,CIN,"LF,CF,RF",0.5,+110,+100,+100,+100,+100,,,+100,,,,,+100,,,,,-145,-130,-135,-130,-135,,,-130,,,,,-137,,,,
2024-04-08,Christian Yelich,/mlb/props/christian-yelich/,MIL at CIN,MIL,"LF,DH",1.5,+135,+125,+120,+125,+120,,,+120,+116,+116,,,+116,,,,,-180,-155,-160,-155,-160,,,-160,-162,-162,,,-160,,,,
2024-04-08,Tyler Stephenson,/mlb/props/tyler-stephenson/,MIL at CIN,CIN,C,1.5,-185,-185,+145,+160,-185,,,+145,,,,,+146,,,,,+140,-200,-200,-200,+140,,,-200,,,,,-204,,,,
2024-04-08,Jeimer Candelario,/mlb/props/jeimer-candelario/,MIL at CIN,LAA,"1B,3B",1.5,-185,-190,-190,-190,-195,,,-200,+143,+143,,,-194,,,,,+140,-200,+139,+155,+145,,,+145,-200,-200,,,+139,,,,
2024-04-08,Santiago Espinal,/mlb/props/santiago-espinal/,MIL at CIN,FA,"2B,3B,LF,RF",1.5,-200,-185,-185,-185,-190,,,-200,+160,+160,,,-194,,,,,+145,-230,+139,+150,+145,,,+145,-230,-230,,,+139,,,,
2024-04-08,Rhys Hoskins,/mlb/props/rhys-hoskins/,MIL at CIN,CLE,"1B,DH",1.5,+120,+120,+115,+115,+115,,,+120,+104,+104,,,+116,,,,,-160,-143,-155,-145,-155,,,-160,-143,-143,,,-160,,,,
2024-04-08,Christian Encarnacion-Strand,/mlb/props/christian-encarnacion-strand/,MIL at CIN,BAL,"1B,3B",1.5,+140,+145,+135,+145,+135,,,+135,+118,+118,,,+136,,,,,-190,-167,-180,-180,-180,,,-180,-167,-167,,,-189,,,,
2024-04-08,Joey Ortiz,/mlb/props/joey-ortiz/,MIL at CIN,MIL,"3B,SS",0.5,-135,-135,-139,-135,-140,,,-135,,,,,-139,,,,,+105,+105,+105,+105,+105,,,+105,,,,,+102,,,,
2024-04-08,Jackson Chourio,/mlb/props/jackson-chourio/,MIL at CIN,MIL,"LF,CF,RF",1.5,+150,+145,+140,+145,+140,,,+140,,,,,+136,,,,,-210,-180,-189,-180,-190,,,-190,,,,,-189,,,,
2024-04-08,Sal Frelick,/mlb/props/sal-frelick/,MIL at CIN,MIL,"LF,CF,RF",1.5,+145,+160,+150,+160,+155,,,+150,+132,+132,,,+152,,,,,-195,-186,-200,-200,-210,,,-210,-186,-186,,,-214,,,,
2024-04-08,Brice Turang,/mlb/props/brice-turang/,MIL at CIN,MIL,2B,0.5,-170,-179,-180,-180,-185,,,-180,,,,,-179,,,,,+130,+145,+135,+145,+140,,,+135,,,,,+129,,,,
2024-04-08,Alejandro Kirk,/mlb/props/alejandro-kirk/,SEA at TOR,TOR,C,1.5,+155,+165,+155,+165,+160,,,+160,+155,+155,,,+146,,,,,-205,-204,-215,-210,-215,,,-215,-225,-225,,,-204,,,,
2024-04-08,Dominic Canzone,/mlb/props/dominic-canzone/,SEA at TOR,SEA,"LF,RF,DH",0.5,-155,-165,-170,-165,-170,,,-175,,,,,-166,,,,,+120,+135,+130,+135,+130,,,+130,,,,,+120,,,,
2024-04-08,Julio Rodriguez,/mlb/props/julio-rodriguez-of/,SEA at TOR,SEA,CF,1.5,+110,+110,+105,+110,+110,,,+105,+102,+102,,,+102,,,,,-150,-135,-140,-140,-145,,,-135,-141,-141,,,-139,,,,
2024-04-08,Isiah Kiner-Falefa,/mlb/props/isiah-kiner-falefa/,SEA at TOR,BOS,"2B,3B,SS",0.5,-180,-165,-175,-165,-175,,,-175,,,,,-179,,,,,+135,+135,+130,+135,+130,,,+130,,,,,+129,,,,
2024-04-08,Jorge Polanco,/mlb/props/jorge-polanco/,SEA at TOR,NYM,"2B,3B,DH",1.5,-170,-165,-165,-165,-170,,,-165,+138,+138,,,-174,,,,,+125,-195,+125,+135,+130,,,+125,-195,-195,,,+126,,,,
2024-04-08,Cal Raleigh,/mlb/props/caleb-raleigh/,SEA at TOR,SEA,"C,DH",1.5,-145,-145,-145,-145,-150,,,-150,+145,+145,,,-148,,,,,+110,-205,+108,+115,+115,,,+115,-205,-205,,,+108,,,,
2024-04-08,Luke Raley,/mlb/props/lucas-raley/,SEA at TOR,SEA,"1B,LF,CF,RF",1.5,-130,-130,-130,-130,-130,,,-130,+150,+150,,,-135,,,,,+100,-215,-101,+100,+100,,,+100,-215,-215,,,-101,,,,
2024-04-08,Ty France,/mlb/props/tyler-france/,SEA at TOR,SD,1B,0.5,-175,-170,-175,-170,-175,,,-175,,,,,-184,,,,,+130,+140,+135,+140,+135,,,+130,,,,,+133,,,,
2024-04-08,Vladimir Guerrero Jr.,/mlb/props/vladimir-guerrero-jr/,SEA at TOR,TOR,"1B,DH",1.5,+130,+135,+130,+135,+130,,,+130,+125,+125,,,+120,,,,,-170,-165,-175,-165,-175,,,-175,-177,-177,,,-166,,,,
2024-04-08,Bo Bichette,/mlb/props/bo-bichette/,SEA at TOR,NYM,"3B,SS",1.5,+115,+120,+116,+120,+120,,,+115,+116,+116,,,+114,,,,,-155,-150,-155,-150,-155,,,-150,-162,-162,,,-157,,,,
2024-04-08,Mitch Garver,/mlb/props/mitch-garver/,SEA at TOR,SEA,"C,DH",1.5,-165,-165,-165,-165,-170,,,-165,+148,+148,,,-174,,,,,+125,-220,+125,+135,+125,,,+125,-220,-220,,,+126,,,,
2024-04-08,J.P. Crawford,/mlb/props/jp-crawford/,SEA at TOR,SEA,"3B,SS",1.5,-175,-170,-170,-170,-180,,,-175,+160,+160,,,-174,,,,,+130,-230,+126,+140,+135,,,+130,-230,-230,,,+126,,,,
2024-04-08,Justin Turner,/mlb/props/justin-turner/,SEA at TOR,FA,"1B,3B",1.5,-205,-199,-199,-200,-205,,,-210,+155,+155,,,-199,,,,,+150,-225,+143,+160,+155,,,+150,-225,-225,,,+143,,,,
2024-04-08,Josh Rojas,/mlb/props/josh-rojas/,SEA at TOR,KC,"2B,3B",0.5,-125,-135,-135,-135,-140,,,-135,,,,,-135,,,,,-105,+105,+105,+105,+105,,,+105,,,,,-101,,,,
2024-04-08,George Springer,/mlb/props/george-springer/,SEA at TOR,TOR,"LF,CF,RF,DH",1.5,+120,+125,+120,+125,+120,,,+120,+120,+120,,,+116,,,,,-160,-155,-160,-155,-160,,,-160,-167,-167,,,-160,,,,
2024-04-08,Cavan Biggio,/mlb/props/cavan-biggio/,SEA at TOR,HOU,"1B,2B,RF",1.5,-165,-140,-140,-145,-150,,,-140,+190,+190,,,-154,,,,,+125,-286,+105,+115,+115,,,+105,-286,-286,,,+112,,,,
2024-04-08,Daulton Varsho,/mlb/props/daulton-varsho/,SEA at TOR,TOR,"LF,CF",1.5,-175,-165,-165,-165,-175,,,-175,+135,+135,,,-174,,,,,+130,-195,+126,+135,+130,,,+130,-195,-195,,,+126,,,,
2024-04-08,Davis Schneider,/mlb/props/davis-schneider/,SEA at TOR,TOR,"2B,LF",0.5,-145,-140,-145,-140,-145,,,-140,,,,,-148,,,,,+110,+110,+110,+110,+110,,,+110,,,,,+108,,,,
2024-04-08,Kevin Kiermaier,/mlb/props/kevin-kiermaier/,SEA at TOR,FA,CF,0.5,-165,-140,-151,-155,-160,,,-140,,,,,-151,,,,,+120,+125,+110,+125,+120,,,+105,,,,,+110,,,,
2024-04-08,Mitch Haniger,/mlb/props/mitch-haniger/,SEA at TOR,FA,RF,0.5,-190,-190,+136,+145,-190,,,-190,,,,,+136,,,,,+140,-180,-180,-180,+140,,,+140,,,,,-189,,,,
2024-04-08,Michael Harris II,/mlb/props/michael-harris/,NYM at ATL,ATL,CF,1.5,+105,+100,-101,-105,+100,,,+100,-107,-107,,,-101,,,,,-140,-125,-130,-125,-130,,,-130,-130,-130,,,-135,,,,
2024-04-08,DJ Stewart,/mlb/props/dj-stewart/,NYM at ATL,PIT,"LF,RF",0.5,+125,+105,+105,+105,+105,,,+105,,,,,+104,,,,,-170,-135,-140,-135,-140,,,-135,,,,,-142,,,,
2024-04-08,Pete Alonso,/mlb/props/peter-alonso/,NYM at ATL,BAL,"1B,DH",1.5,+130,+140,+132,+140,+130,,,+135,+132,+132,,,+123,,,,,-175,-169,-175,-170,-175,,,-180,-186,-186,,,-169,,,,
2024-04-08,Travis d'Arnaud,/mlb/props/travis-darnaud/,NYM at ATL,LAA,C,1.5,+120,+120,+116,+120,+115,,,+120,,,,,+116,,,,,-160,-150,-155,-150,-155,,,-160,,,,,-160,,,,
2024-04-08,Francisco Lindor,/mlb/props/francisco-lindor/,NYM at ATL,NYM,SS,1.5,-165,-165,-165,-165,-175,,,-165,+123,+123,,,-169,,,,,+125,-175,+123,+135,+130,,,+125,-175,-175,,,+123,,,,
2024-04-08,Joey Wendle,/mlb/props/joe-wendle/,NYM at ATL,FA,"2B,SS",0.5,-130,-125,-130,-125,-130,,,-130,,,,,-131,,,,,+100,+100,-104,-105,+100,,,+100,,,,,-104,,,,
2024-04-08,Ronald Acuna Jr.,/mlb/props/ronald-acuna/,NYM at ATL,ATL,RF,1.5,-155,-150,-160,-150,-155,,,-160,-175,-175,,,-160,,,,,+120,+123,+120,+120,+120,,,+120,+123,+123,,,+116,,,,
2024-04-08,Jarred Kelenic,/mlb/props/jarred-kelenic/,NYM at ATL,TEX,"LF,CF,RF",1.5,-150,-150,-150,-150,-155,,,-150,+170,+170,,,-154,,,,,+110,-250,+112,+120,+120,,,+115,-250,-250,,,+112,,,,
2024-04-08,Matt Olson,/mlb/props/matt-olson/,NYM at ATL,ATL,1B,1.5,+115,+110,+104,+105,+110,,,+105,-107,-107,,,+104,,,,,-150,-132,-135,-135,-145,,,-135,-132,-132,,,-142,,,,
2024-04-08,Brandon Nimmo,/mlb/props/brandon-nimmo/,NYM at ATL,TEX,"LF,CF,RF,DH",1.5,-175,-170,-170,-170,-175,,,-175,+160,+160,,,-174,,,,,+130,-235,+126,+140,+130,,,+130,-235,-235,,,+126,,,,
2024-04-08,Ozzie Albies,/mlb/props/ozhaino-albies/,NYM at ATL,ATL,2B,1.5,+105,+105,+102,+105,+105,,,+105,+102,+102,,,+100,,,,,-140,-135,-137,-135,-140,,,-135,-141,-141,,,-137,,,,
2024-04-08,Starling Marte,/mlb/props/starling-marte/,NYM at ATL,KC,"LF,RF,DH",1.5,-200,-190,-190,-190,-200,,,+145,+140,+140,,,-199,,,,,+150,-200,+143,+155,+150,,,-200,-200,-200,,,+143,,,,
2024-04-08,Brett Baty,/mlb/props/brett-baty/,NYM at ATL,NYM,"1B,2B,3B,RF",1.5,-130,-130,-130,-130,-135,,,-140,+205,+205,,,-135,,,,,-105,-305,-101,+100,+100,,,+105,-305,-305,,,-101,,,,
2024-04-08,Harrison Bader,/mlb/props/harrison-bader/,NYM at ATL,SF,"LF,CF,RF",0.5,-150,-155,-160,-155,-160,,,-160,,,,,-166,,,,,+115,+125,+120,+125,+120,,,+120,,,,,+120,,,,
2024-04-08,Marcell Ozuna,/mlb/props/marcell-ozuna/,NYM at ATL,PIT,DH,1.5,+100,+100,+100,+100,+100,,,+100,+100,+100,,,-121,,,,,-130,-113,-130,-130,-130,,,-130,-137,-137,,,-113,,,,
2024-04-08,Orlando Arcia,/mlb/props/orlando-arcia/,NYM at ATL,MIN,"1B,2B,3B,SS",1.5,+145,+150,+140,+150,+135,,,+140,+143,+143,,,+136,,,,,-195,-185,-190,-185,-185,,,-190,-200,-200,,,-189,,,,
2024-04-08,Francisco Alvarez,/mlb/props/francisco-alvarez/,NYM at ATL,NYM,"C,DH",1.5,-155,-155,-155,-155,-155,,,-160,+165,+165,,,-157,,,,,+120,-240,+114,+125,+120,,,+120,-240,-240,,,+114,,,,
2024-04-08,Jeff McNeil,/mlb/props/jeff-mcneil/,NYM at ATL,ATH,"2B,LF,CF,RF",1.5,-170,-169,-169,-170,-175,,,-175,+180,+180,,,-169,,,,,+125,-265,+123,+140,+130,,,+130,-265,-265,,,+123,,,,
2024-04-08,Austin Riley,/mlb/props/austin-riley/,NYM at ATL,ATL,3B,1.5,-110,-110,-115,-115,-115,,,-110,-110,-110,,,-117,,,,,-120,-115,-120,-115,-115,,,-120,-127,-127,,,-117,,,,
2024-04-08,Willi Castro,/mlb/props/willi-castro/,LAD at MIN,COL,"1B,2B,3B,SS,LF,RF",0.5,-195,-180,-184,-180,-190,,,-190,,,,,-184,,,,,+145,+145,+140,+145,+140,,,+140,,,,,+133,,,,
2024-04-08,Teoscar Hernandez,/mlb/props/teoscar-hernandez/,LAD at MIN,LAD,"LF,RF",1.5,-170,-170,-170,-170,-170,,,-175,+140,+140,,,-179,,,,,+130,-200,+125,+140,+125,,,+130,-200,-200,,,+129,,,,
2024-04-08,Ryan Jeffers,/mlb/props/ryan-jeffers/,LAD at MIN,MIN,"C,DH",1.5,-170,-160,-160,-160,-165,,,-165,+150,+150,,,-174,,,,,+130,-215,+125,+130,+125,,,+125,-215,-215,,,+126,,,,
2024-04-08,Byron Buxton,/mlb/props/byron-buxton/,LAD at MIN,MIN,"CF,DH",1.5,-175,-140,-140,-145,-155,,,-140,+125,+125,,,-154,,,,,+130,-180,+110,+115,+115,,,+110,-180,-180,,,+112,,,,
2024-04-08,Christian Vazquez,/mlb/props/christian-vazquez/,LAD at MIN,HOU,C,1.5,-180,-165,-165,-165,-170,,,-165,+200,+200,,,-179,,,,,+135,-295,+125,+135,+130,,,+125,-295,-295,,,+129,,,,
2024-04-08,Will Smith,/mlb/props/will-smith-c/,LAD at MIN,LAD,C,1.5,+110,+115,+110,+115,+115,,,+110,+114,+114,,,+106,,,,,-150,-140,-145,-145,-155,,,-140,-159,-159,,,-145,,,,
2024-04-08,Carlos Correa,/mlb/props/carlos-correa/,LAD at MIN,HOU,"3B,SS",1.5,+125,+130,+123,+130,+125,,,+125,+110,+110,,,+123,,,,,-165,-155,-165,-160,-165,,,-165,-155,-155,,,-169,,,,
2024-04-08,Taylor Trammell,/mlb/props/taylor-trammell/,LAD at MIN,HOU,"LF,CF",0.5,+115,+125,+120,+125,+120,,,+120,,,,,+110,,,,,-150,-151,-155,-155,-160,,,-160,,,,,-151,,,,
2024-04-08,Max Kepler,/mlb/props/max-kepler/,LAD at MIN,ARI,"LF,RF",0.5,-205,-199,-205,-200,-205,,,-210,,,,,-199,,,,,+150,+160,+150,+160,+150,,,+150,,,,,+143,,,,
2024-04-08,Manuel Margot,/mlb/props/manuel-margot/,LAD at MIN,FA,"LF,CF,RF",1.5,+120,+138,+125,+130,+125,,,+125,+138,+138,,,+118,,,,,-160,-160,-165,-160,-165,,,-165,-195,-195,,,-163,,,,
2024-04-08,Carlos Santana,/mlb/props/carlos-santana/,LAD at MIN,ATL,1B,1.5,-200,-140,-140,-145,-155,,,-140,+185,+185,,,-157,,,,,+150,-275,+110,+115,+115,,,+110,-275,-275,,,+114,,,,
2024-04-08,Freddie Freeman,/mlb/props/freddie-freeman/,LAD at MIN,LAD,1B,1.5,+100,+110,+106,+110,+110,,,+110,-105,-105,,,+106,,,,,-130,-134,-140,-140,-145,,,-140,-134,-134,,,-145,,,,
2024-04-08,James Outman,/mlb/props/james-outman/,LAD at MIN,DET,"LF,CF,RF",1.5,-145,-125,-125,-125,-130,,,-130,+185,+185,,,-142,,,,,+110,-275,-105,-105,+100,,,+100,-275,-275,,,+104,,,,
2024-04-08,Matt Wallner,/mlb/props/matt-wallner/,LAD at MIN,MIN,"LF,RF",0.5,-105,+100,-105,-105,-105,,,+100,,,,,-106,,,,,-130,-125,-129,-125,-130,,,-130,,,,,-129,,,,
2024-04-08,Kyle Farmer,/mlb/props/kyle-farmer/,LAD at MIN,ATL,"1B,2B,3B,SS,DH",1.5,-165,-170,-170,-170,-175,,,-175,+180,+180,,,-174,,,,,+125,-265,+126,+140,+130,,,+130,-265,-265,,,+126,,,,
2024-04-08,Shohei Ohtani,/mlb/props/shohei-ohtani/,LAD at MIN,LAD,"SP,DH",1.5,-115,-115,-125,-115,-120,,,-125,-143,-143,,,-115,,,,,-115,+104,-110,-115,-110,,,-105,+104,+104,,,-119,,,,
2024-04-08,Gavin Lux,/mlb/props/gavin-lux/,LAD at MIN,TB,"2B,3B,LF,DH",1.5,-165,-170,-170,-170,-185,,,-175,+185,+185,,,-184,,,,,+125,-275,+130,+140,+135,,,+130,-275,-275,,,+133,,,,
2024-04-08,Jose Miranda,/mlb/props/jose-miranda/,LAD at MIN,FA,"1B,3B",1.5,-195,-185,-185,-185,-190,,,-190,+145,+145,,,-189,,,,,+145,-205,+136,+150,+140,,,+140,-205,-205,,,+136,,,,
2024-04-08,Austin Martin,/mlb/props/austin-martin-if/,LAD at MIN,MIN,"2B,LF,CF,RF",1.5,-135,-120,-120,-120,-125,,,-125,+200,+200,,,-133,,,,,+100,-295,-110,-110,-105,,,-105,-295,-295,,,-103,,,,
2024-04-08,Enrique Hernandez,/mlb/props/enrique-hernandez/,LAD at MIN,LAD,"1B,2B,3B,LF",0.5,-180,-169,-180,-180,-185,,,-180,,,,,-169,,,,,+135,+145,+135,+145,+140,,,+135,,,,,+123,,,,
2024-04-08,Max Muncy,/mlb/props/max-muncy/,LAD at MIN,LAD,3B,1.5,-160,-150,-150,-150,-155,,,-150,+125,+125,,,-157,,,,,+120,-180,+114,+120,+115,,,+115,-180,-180,,,+114,,,,
2024-04-08,Mookie Betts,/mlb/props/mookie-betts/,LAD at MIN,LAD,SS,1.5,+105,+105,+100,+105,+100,,,+105,+100,+100,,,-103,,,,,-140,-133,-135,-135,-135,,,-135,-137,-137,,,-133,,,,
2024-04-08,Johan Rojas,/mlb/props/johan-rojas/,PHI at STL,PHI,CF,0.5,-190,-160,-165,-160,-170,,,-165,,,,,-163,,,,,+145,+130,+125,+130,+125,,,+125,,,,,+118,,,,
2024-04-08,Alec Bohm,/mlb/props/alec-bohm/,PHI at STL,PHI,"1B,3B",1.5,+100,+120,+115,+120,+115,,,+115,+116,+116,,,+108,,,,,-135,-148,-155,-150,-155,,,-150,-162,-162,,,-148,,,,
2024-04-08,Jordan Walker,/mlb/props/jordan-walker/,PHI at STL,STL,"LF,RF",1.5,+150,+165,+145,+155,+145,,,+145,+165,+165,,,+136,,,,,-200,-189,-200,-190,-195,,,-200,-240,-240,,,-189,,,,
2024-04-08,Brendan Donovan,/mlb/props/brendan-donovan/,PHI at STL,SEA,"2B,3B,SS,LF",1.5,+120,+130,+115,+120,+115,,,+115,+130,+130,,,+106,,,,,-155,-145,-150,-150,-150,,,-150,-182,-182,,,-145,,,,
2024-04-08,Alec Burleson,/mlb/props/alec-burleson/,PHI at STL,STL,"1B,LF,RF,DH",1.5,+135,+150,+140,+145,+140,,,+135,+150,+150,,,+126,,,,,-180,-174,-185,-180,-185,,,-180,-220,-220,,,-174,,,,
2024-04-08,J.T. Realmuto,/mlb/props/jt-realmuto/,PHI at STL,PHI,C,1.5,-105,+110,+107,+110,+110,,,+105,+107,+107,,,+102,,,,,-125,-135,-140,-140,-145,,,-135,-150,-150,,,-139,,,,
2024-04-08,Willson Contreras,/mlb/props/willson-contreras/,PHI at STL,BOS,1B,1.5,-180,-180,+133,+145,-180,,,+135,+143,+143,,,+133,,,,,+135,-180,-180,-180,+135,,,-180,-200,-200,,,-184,,,,
2024-04-08,Brandon Marsh,/mlb/props/brandon-marsh/,PHI at STL,PHI,"LF,CF,RF",1.5,+115,+148,+135,+140,+130,,,+135,+148,+148,,,+120,,,,,-150,-166,-180,-170,-175,,,-180,-215,-215,,,-166,,,,
2024-04-08,Nick Castellanos,/mlb/props/nick-castellanos/,PHI at STL,FA,"RF,DH",1.5,+120,+145,+135,+145,+135,,,+135,+143,+143,,,+129,,,,,-160,-179,-180,-180,-180,,,-180,-200,-200,,,-179,,,,
2024-04-08,Trea Turner,/mlb/props/trea-turner/,PHI at STL,PHI,SS,1.5,-135,-108,-119,-120,-120,,,-125,-108,-108,,,-119,,,,,+100,-105,-115,-110,-110,,,-105,-129,-129,,,-115,,,,
2024-04-08,Ivan Herrera,/mlb/props/ivan-herrera/,PHI at STL,STL,"C,DH",1.5,-165,-169,-169,-170,-170,,,-175,+175,+175,,,-169,,,,,+125,-265,+123,+140,+125,,,+130,-265,-265,,,+123,,,,
2024-04-08,Kyle Schwarber,/mlb/props/kyle-schwarber/,PHI at STL,PHI,"LF,DH",1.5,-135,-115,-125,-120,-125,,,-125,-136,-136,,,-115,,,,,+100,-104,-110,-110,-110,,,-105,-104,-104,,,-119,,,,
2024-04-08,Nolan Gorman,/mlb/props/nolan-gorman/,PHI at STL,STL,"2B,3B,DH",1.5,+125,+135,+125,+135,+125,,,+125,+135,+135,,,+116,,,,,-165,-160,-170,-165,-170,,,-165,-190,-190,,,-160,,,,
2024-04-08,Paul Goldschmidt,/mlb/props/paul-goldschmidt/,PHI at STL,NYY,"1B,DH",1.5,+150,-200,+143,+155,+145,,,-200,+155,+155,,,+143,,,,,-200,-190,-190,-190,-200,,,+145,-225,-225,,,-199,,,,
2024-04-08,Masyn Winn,/mlb/props/masyn-winn-p/,PHI at STL,STL,SS,0.5,-130,-135,-140,-140,-140,,,-135,,,,,-145,,,,,+100,+110,+106,+110,+105,,,+105,,,,,+106,,,,
2024-04-08,Victor Scott,/mlb/props/victor-scott/,PHI at STL,STL,CF,1.5,-185,-160,-160,-160,-170,,,-165,+180,+180,,,-179,,,,,+140,-265,+125,+130,+125,,,+125,-265,-265,,,+129,,,,
2024-04-08,Nolan Arenado,/mlb/props/nolan-arenado/,PHI at STL,ARI,3B,1.5,+135,+140,+132,+140,+130,,,+130,+132,+132,,,+129,,,,,-180,-170,-175,-170,-175,,,-175,-186,-186,,,-179,,,,
2024-04-08,Bryson Stott,/mlb/props/bryson-stott-ss/,PHI at STL,PHI,"2B,SS",1.5,+100,+120,+115,+120,+115,,,+115,+114,+114,,,+110,,,,,-130,-150,-151,-150,-155,,,-150,-159,-159,,,-151,,,,
2024-04-08,Bryce Harper,/mlb/props/bryce-harper/,PHI at STL,PHI,"1B,DH",1.5,-150,-120,-125,-120,-130,,,-125,-122,-122,,,-135,,,,,+110,-101,-105,-110,-105,,,-105,-114,-114,,,-101,,,,
2024-04-08,Garrett Stubbs,/mlb/props/garrett-stubbs/,PHI at STL,PHI,"C,DH",0.5,-155,-150,-155,-150,-155,,,-150,,,,,-157,,,,,+120,+120,+115,+120,+120,,,+115,,,,,+114,,,,
2024-04-08,Justin Foscue,/mlb/props/justin-foscue/,HOU at TEX,TEX,"1B,2B,DH",0.5,-139,-135,-135,-135,,,,-135,,,,,-139,,,,,+102,+105,+105,+105,,,,+105,,,,,+102,,,,
2024-04-08,Jared Walsh,/mlb/props/jared-walsh/,HOU at TEX,FA,"1B,RF",1.5,-130,-125,-125,-125,-130,,,-130,+175,+175,,,-129,,,,,+100,-250,-106,-105,+100,,,+100,-250,-250,,,-106,,,,
2024-04-08,Evan Carter,/mlb/props/evan-carter/,HOU at TEX,TEX,"LF,CF,RF",1.5,-130,-190,+139,+150,-190,,,-190,+145,+145,,,+139,,,,,+100,-185,-185,-185,+145,,,+140,-210,-210,,,-194,,,,
2024-04-08,Wyatt Langford,/mlb/props/wyatt-langford/,HOU at TEX,TEX,"LF,CF",1.5,+115,+118,+110,+115,+110,,,+110,+118,+118,,,+108,,,,,-155,-140,-148,-145,-145,,,-140,-165,-165,,,-148,,,,
2024-04-08,Josh Smith,/mlb/props/josh-smith-ss/,HOU at TEX,TEX,"1B,2B,3B,SS,LF,RF",1.5,+145,+155,+145,+155,+145,,,+145,+155,+155,,,+139,,,,,-195,-190,-200,-190,-195,,,-200,-225,-225,,,-194,,,,
2024-04-08,Kyle Tucker,/mlb/props/kyle-tucker/,HOU at TEX,LAD,"RF,DH",1.5,+120,+120,+112,+120,+115,,,+115,+105,+105,,,+112,,,,,-160,-148,-150,-150,-155,,,-150,-148,-148,,,-154,,,,
2024-04-08,Adolis Garcia,/mlb/props/jose-adolis-garcia/,HOU at TEX,PHI,RF,1.5,+125,-120,-130,-120,-130,,,-125,-141,-141,,,-125,,,,,-165,+102,-105,-110,-105,,,-105,+102,+102,,,-109,,,,
2024-04-08,Corey Seager,/mlb/props/corey-seager/,HOU at TEX,TEX,SS,1.5,+115,-125,-131,-125,-135,,,-130,-141,-141,,,-131,,,,,-150,+102,+100,-105,+100,,,+100,+102,+102,,,-104,,,,
2024-04-08,Victor Caratini,/mlb/props/victor-caratini/,HOU at TEX,MIN,"C,1B,DH",0.5,-175,-165,-174,-165,-175,,,-165,,,,,-174,,,,,+130,+135,+130,+135,+130,,,+125,,,,,+126,,,,
2024-04-08,Alex Bregman,/mlb/props/alex-bregman/,HOU at TEX,CHC,"3B,DH",1.5,+110,+128,+110,+110,+110,,,+110,+128,+128,,,+110,,,,,-145,-140,-151,-140,-145,,,-140,-180,-180,,,-151,,,,
2024-04-08,Jeremy Pena,/mlb/props/jeremy-pena/,HOU at TEX,HOU,SS,1.5,+120,+116,+110,+115,+110,,,+110,+108,+108,,,+116,,,,,-160,-140,-150,-145,-150,,,-140,-152,-152,,,-160,,,,
2024-04-08,Mauricio Dubon,/mlb/props/mauricio-dubon/,HOU at TEX,ATL,"2B,3B,SS,LF,CF",1.5,+120,+125,+120,+125,+120,,,+120,,,,,+118,,,,,-160,-155,-160,-155,-160,,,-160,,,,,-163,,,,
2024-04-08,Chas McCormick,/mlb/props/chas-mccormick/,HOU at TEX,CHC,"LF,CF,RF",1.5,+135,+130,+125,+130,+125,,,+125,+125,+125,,,+118,,,,,-180,-160,-165,-160,-165,,,-165,-177,-177,,,-163,,,,
2024-04-08,Yainer Diaz,/mlb/props/yainer-diaz-c/,HOU at TEX,HOU,"C,DH",1.5,+100,+104,+100,+100,+100,,,+100,+104,+104,,,+104,,,,,-130,-130,-135,-130,-135,,,-130,-148,-148,,,-142,,,,
2024-04-08,Andrew Knizner,/mlb/props/andrew-knizner/,HOU at TEX,BOS,C,0.5,-185,-170,-175,-170,-175,,,-175,,,,,-184,,,,,+140,+140,+133,+140,+130,,,+130,,,,,+133,,,,
2024-04-08,Leody Taveras,/mlb/props/leody-taveras-of/,HOU at TEX,BAL,"CF,RF",1.5,-165,-170,+140,+150,-170,,,+140,,,,,+143,,,,,+125,-185,-185,-185,+125,,,-190,,,,,-199,,,,
2024-04-08,Jose Altuve,/mlb/props/jose-altuve/,HOU at TEX,HOU,"2B,LF,DH",1.5,-105,-104,-105,-115,-105,,,-110,-104,-104,,,-104,,,,,-125,-115,-125,-115,-125,,,-120,-136,-136,,,-131,,,,
2024-04-08,Yordan Alvarez,/mlb/props/yordan-alvarez/,HOU at TEX,HOU,"LF,DH",1.5,+100,+105,+102,+105,+100,,,+100,+100,+100,,,+102,,,,,-130,-130,-135,-135,-135,,,-130,-139,-139,,,-139,,,,
2024-04-08,Jonah Heim,/mlb/props/jonah-heim/,HOU at TEX,ATH,"C,DH",1.5,+125,+130,+123,+130,+125,,,+120,+118,+118,,,+123,,,,,-165,-160,-165,-160,-165,,,-160,-167,-167,,,-169,,,,
2024-04-08,Jake Meyers,/mlb/props/jacob-meyers/,HOU at TEX,HOU,CF,0.5,-155,-140,-148,-150,-155,,,-140,,,,,-148,,,,,+115,+120,+115,+120,+115,,,+105,,,,,+108,,,,
2024-04-08,Marcus Semien,/mlb/props/marcus-semien/,HOU at TEX,NYM,2B,1.5,+100,-115,-120,-115,-120,,,-120,-122,-122,,,-121,,,,,-130,-110,-113,-115,-110,,,-110,-114,-114,,,-113,,,,
2024-04-08,Jose Abreu,/mlb/props/jose-dariel-abreu/,HOU at TEX,FA,1B,1.5,+115,+130,+115,+115,+115,,,+115,+130,+130,,,+110,,,,,-155,-145,-155,-145,-155,,,-150,-182,-182,,,-151,,,,
2024-04-08,Ezequiel Duran,/mlb/props/ezequiel-duran/,HOU at TEX,TEX,"1B,2B,3B,SS,LF,RF",1.5,-190,-185,-185,-185,-195,,,-190,+135,+135,,,-189,,,,,+140,-195,+136,+150,+145,,,+140,-195,-195,,,+136,,,,
2024-04-08,Ryan McMahon,/mlb/props/ryan-mcmahon/,ARI at COL,NYY,3B,1.5,+135,+145,+130,+130,+120,,,+125,+145,+145,,,+120,,,,,-185,-160,-166,-160,-160,,,-165,-210,-210,,,-166,,,,
2024-04-08,Christian Walker,/mlb/props/christian-walker/,ARI at COL,HOU,1B,1.5,-140,-132,-140,-140,-145,,,-135,-132,-132,,,-145,,,,,+105,+110,+105,+110,+110,,,+105,-106,-106,,,+106,,,,
2024-04-08,Corbin Carroll,/mlb/props/corbin-carroll-of/,ARI at COL,ARI,"CF,RF",1.5,-120,-120,-121,-120,-125,,,-125,-121,-121,,,-121,,,,,-110,-105,-110,-110,-105,,,-105,-115,-115,,,-113,,,,
2024-04-08,Ketel Marte,/mlb/props/ketel-marte/,ARI at COL,ARI,"2B,DH",1.5,+105,-215,+104,+105,+105,,,+105,-215,-215,,,+104,,,,,-140,-135,-135,-135,-140,,,-140,+150,+150,,,-142,,,,
2024-04-08,Charlie Blackmon,/mlb/props/charlie-blackmon/,ARI at COL,FA,"RF,DH",1.5,-105,+108,-110,-115,-115,,,-110,+108,+108,,,-111,,,,,-125,-115,-123,-115,-115,,,-120,-150,-150,,,-123,,,,
2024-04-08,Brendan Rodgers,/mlb/props/brendan-rodgers/,ARI at COL,BOS,2B,1.5,-115,+112,+105,+105,+105,,,+105,+112,+112,,,+104,,,,,-115,-135,-142,-135,-135,,,-135,-157,-157,,,-142,,,,
2024-04-08,Blaze Alexander,/mlb/props/blaze-alexander/,ARI at COL,BAL,"2B,3B,SS,LF,CF",1.5,+115,+125,+115,+115,+110,,,+115,+125,+125,,,+108,,,,,-155,-145,-150,-145,-145,,,-150,-177,-177,,,-148,,,,
2024-04-08,Randal Grichuk,/mlb/props/randal-grichuk/,ARI at COL,CWS,"LF,RF,DH",1.5,-130,-135,-135,-135,-140,,,-135,,,,,-135,,,,,+100,+105,+105,+105,+105,,,+105,,,,,-101,,,,
2024-04-08,Elias Diaz,/mlb/props/elias-diaz/,ARI at COL,TEX,C,1.5,+110,+110,+100,+100,-105,,,+100,+110,+110,,,+100,,,,,-145,-130,-137,-130,-130,,,-130,-155,-155,,,-137,,,,
2024-04-08,Nolan Jones,/mlb/props/nolan-jones-3b/,ARI at COL,CWS,"LF,CF,RF",1.5,+115,+138,+126,+135,+125,,,+125,+138,+138,,,+126,,,,,-155,-165,-174,-165,-170,,,-165,-195,-195,,,-174,,,,
2024-04-08,Kris Bryant,/mlb/props/kris-bryant/,ARI at COL,COL,DH,1.5,+110,+123,+115,+120,+115,,,+115,+123,+123,,,+114,,,,,-145,-150,-157,-150,-150,,,-150,-175,-175,,,-157,,,,
2024-04-08,Ezequiel Tovar,/mlb/props/ezequiel-tovar/,ARI at COL,COL,SS,1.5,+105,-105,-110,-115,-115,,,-110,-105,-105,,,-115,,,,,-140,-115,-120,-115,-115,,,-120,-132,-132,,,-119,,,,
2024-04-08,Eugenio Suarez,/mlb/props/eugenio-suarez/,ARI at COL,CIN,"3B,DH",1.5,-110,+100,-110,-115,-110,,,-110,+100,+100,,,-113,,,,,-120,-115,-121,-115,-120,,,-120,-139,-139,,,-121,,,,
2024-04-08,Kevin Newman,/mlb/props/kevin-newman/,ARI at COL,KC,"1B,2B,3B,SS",1.5,+125,+120,+115,+120,+115,,,+115,,,,,+108,,,,,-165,-148,-150,-150,-155,,,-150,,,,,-148,,,,
2024-04-08,Elehuris Montero,/mlb/props/elehuris-montero-3b/,ARI at COL,FA,"1B,3B",1.5,+125,+130,+125,+130,+125,,,+125,,,,,+123,,,,,-170,-160,-165,-160,-165,,,-165,,,,,-169,,,,
2024-04-08,Lourdes Gurriel Jr.,/mlb/props/lourdes-gurriel-jr/,ARI at COL,ARI,"LF,DH",1.5,-155,-155,-160,-155,-170,,,-160,-155,-155,,,-160,,,,,+115,+125,+120,+125,+125,,,+120,+110,+110,,,+116,,,,
2024-04-08,Brenton Doyle,/mlb/props/brenton-doyle/,ARI at COL,COL,CF,1.5,+140,+155,+145,+155,+145,,,+140,,,,,+136,,,,,-190,-189,-190,-190,-190,,,-190,,,,,-189,,,,
2024-04-08,Gabriel Moreno,/mlb/props/gabriel-moreno/,ARI at COL,ARI,C,1.5,-105,-106,-110,-115,-110,,,-110,-106,-106,,,-106,,,,,-125,-115,-120,-115,-120,,,-120,-132,-132,,,-129,,,,
2024-04-08,Luis Rengifo,/mlb/props/luis-rengifo/,TB at LAA,SD,"2B,3B,OF",1.5,-205,-190,-190,-190,-200,,,-200,+170,+170,,,-204,,,,,+150,-245,+145,+155,+145,,,+145,-245,-245,,,+146,,,,
2024-04-08,Yandy Diaz,/mlb/props/yandy-diaz/,TB at LAA,TB,"1B,DH",1.5,+105,+100,+100,+100,+100,,,+100,-109,-109,,,+100,,,,,-135,-129,-130,-130,-130,,,-130,-129,-129,,,-137,,,,
2024-04-08,Logan O'Hoppe,/mlb/props/logan-ohoppe/,TB at LAA,LAA,C,1.5,-160,-150,-150,-150,-160,,,-150,+163,+163,,,-157,,,,,+120,-235,+114,+120,+120,,,+115,-235,-235,,,+114,,,,
2024-04-08,Harold Ramirez,/mlb/props/harold-ramirez-of/,TB at LAA,FA,"LF,RF,DH",1.5,+110,+108,+100,+100,+105,,,+105,-112,-112,,,+108,,,,,-145,-125,-135,-130,-140,,,-135,-125,-125,,,-148,,,,
2024-04-08,Isaac Paredes,/mlb/props/isaac-paredes/,TB at LAA,HOU,"1B,3B,DH",1.5,-170,-170,-170,-170,-170,,,-175,+132,+132,,,-174,,,,,+130,-186,+126,+140,+130,,,+130,-186,-186,,,+126,,,,
2024-04-08,Brandon Drury,/mlb/props/brandon-drury/,TB at LAA,KC,"1B,2B,3B",1.5,-175,-170,-170,-170,-175,,,-175,+163,+163,,,-179,,,,,+130,-235,+129,+140,+130,,,+130,-235,-235,,,+129,,,,
2024-04-08,Zach Neto,/mlb/props/zach-neto/,TB at LAA,LAA,SS,0.5,-125,-130,-135,-130,-135,,,-130,,,,,-142,,,,,-105,+104,+100,+100,+100,,,+100,,,,,+104,,,,
2024-04-08,Mickey Moniak,/mlb/props/mckenzie-moniak/,TB at LAA,COL,"LF,CF,RF,DH",0.5,-135,-145,-145,+140,-145,,,-175,,,,,+129,,,,,+105,-170,+110,-170,+110,,,+130,,,,,-179,,,,
2024-04-08,Rene Pinto,/mlb/props/rene-pinto/,TB at LAA,PHI,C,1.5,-105,-104,-104,-115,-115,,,-115,+245,+245,,,-104,,,,,-125,-385,-131,-115,-115,,,-115,-385,-385,,,-131,,,,
2024-04-08,Curtis Mead,/mlb/props/curtis-meade/,TB at LAA,WSH,"1B,2B,3B",1.5,-185,-174,-174,-180,-180,,,,+132,+132,,,-174,,,,,+135,-186,+126,+145,+135,,,,-186,-186,,,+126,,,,
2024-04-08,Taylor Ward,/mlb/props/taylor-ward/,TB at LAA,BAL,LF,1.5,+145,+145,+135,+145,+135,,,+135,+132,+132,,,+129,,,,,-200,-179,-180,-180,-185,,,-180,-186,-186,,,-179,,,,
2024-04-08,Miguel Sano,/mlb/props/miguel-sano/,TB at LAA,FA,"1B,3B",0.5,-125,-135,-140,-135,-140,,,-135,,,,,-142,,,,,-105,+105,+105,+105,+105,,,+105,,,,,+104,,,,
2024-04-08,Jose Caballero,/mlb/props/jose-caballero/,TB at LAA,NYY,"2B,3B,SS,LF,RF",1.5,-120,-120,-120,-120,-125,,,-125,+180,+180,,,-123,,,,,-110,-265,-111,-110,-105,,,-105,-265,-265,,,-111,,,,
2024-04-08,Jose Siri,/mlb/props/jose-siri/,TB at LAA,LAA,"LF,CF",0.5,-115,-117,-120,-120,-125,,,-125,,,,,-117,,,,,-115,-105,-110,-110,-105,,,-105,,,,,-117,,,,
2024-04-08,Randy Arozarena,/mlb/props/randy-arozarena/,TB at LAA,SEA,"LF,CF",1.5,+135,+135,+125,+135,+130,,,+125,+110,+110,,,+123,,,,,-175,-155,-165,-165,-170,,,-165,-155,-155,,,-169,,,,
2024-04-08,Amed Rosario,/mlb/props/amed-rosario/,TB at LAA,NYY,"2B,3B,OF",1.5,+125,+125,+120,+125,+125,,,+120,+112,+112,,,+120,,,,,-165,-155,-160,-155,-165,,,-160,-157,-157,,,-166,,,,
2024-04-08,Nolan Schanuel,/mlb/props/nolan-schanuel/,TB at LAA,LAA,1B,1.5,-210,-200,-200,-200,-205,,,-210,+150,+150,,,-214,,,,,+155,-215,+150,+160,+150,,,+150,-215,-215,,,+152,,,,
2024-04-08,Anthony Rendon,/mlb/props/anthony-rendon/,TB at LAA,LAA,3B,1.5,+150,+155,+145,+150,+145,,,+140,+155,+155,,,+139,,,,,-200,-185,-195,-185,-195,,,-190,-225,-225,,,-194,,,,
2024-04-08,Mike Trout,/mlb/props/mike-trout/,TB at LAA,LAA,"CF,RF,DH",1.5,+130,+120,+118,+120,+120,,,+120,+118,+118,,,+116,,,,,-175,-150,-160,-150,-160,,,-160,-165,-165,,,-160,,,,
2024-04-08,Christopher Morel,/mlb/props/christopher-morel/,CHC at SD,MIA,"1B,LF,DH",1.5,-170,-170,-170,-170,-175,,,-175,+160,+160,,,-174,,,,,+130,-230,+126,+140,+130,,,+130,-230,-230,,,+126,,,,
2024-04-08,Miguel Amaya,/mlb/props/miguel-amaya-c/,CHC at SD,CHC,"C,DH",0.5,-105,+100,-105,-105,-105,,,+100,,,,,-111,,,,,-125,-123,-125,-125,-130,,,-130,,,,,-123,,,,
2024-04-08,Nico Hoerner,/mlb/props/nico-hoerner/,CHC at SD,CHC,"2B,SS",1.5,+155,+175,+155,+160,+155,,,+150,+175,+175,,,+146,,,,,-210,-200,-215,-200,-215,,,-210,-250,-250,,,-204,,,,
2024-04-08,Jake Cronenworth,/mlb/props/jacob-cronenworth/,CHC at SD,SD,"1B,2B,SS",1.5,+135,+145,+135,+145,+135,,,+135,+138,+138,,,+129,,,,,-175,-179,-180,-180,-180,,,-180,-195,-195,,,-179,,,,
2024-04-08,Manny Machado,/mlb/props/manny-machado/,CHC at SD,SD,"3B,DH",1.5,+130,+140,+135,+140,+135,,,+135,+125,+125,,,+126,,,,,-175,-170,-177,-170,-180,,,-180,-177,-177,,,-174,,,,
2024-04-08,Fernando Tatis Jr.,/mlb/props/fernando-tatis-jr/,CHC at SD,SD,"2B,RF",1.5,+110,+115,+110,+115,+110,,,+110,+102,+102,,,+106,,,,,-145,-140,-145,-145,-145,,,-140,-141,-141,,,-145,,,,
2024-04-08,Mike Tauchman,/mlb/props/mike-tauchman/,CHC at SD,NYM,"LF,CF,RF",1.5,-135,-125,-125,-125,-130,,,-130,+240,+240,,,-137,,,,,+100,-375,-105,-105,+100,,,+100,-375,-375,,,+100,,,,
2024-04-08,Jurickson Profar,/mlb/props/jurickson-profar/,CHC at SD,ATL,LF,1.5,-190,-160,-160,-185,-180,,,-160,+175,+175,,,-169,,,,,+140,-250,+120,+150,+135,,,+120,-250,-250,,,+123,,,,
2024-04-08,Ian Happ,/mlb/props/ian-happ/,CHC at SD,CHC,LF,1.5,-190,-180,-180,-180,-190,,,-190,+145,+145,,,-189,,,,,+140,-210,+136,+145,+140,,,+140,-210,-210,,,+136,,,,
2024-04-08,Seiya Suzuki,/mlb/props/seiya-suzuki/,CHC at SD,CHC,"LF,RF,DH",1.5,+130,+135,+130,+135,+130,,,+130,+133,+133,,,+126,,,,,-175,-165,-175,-165,-175,,,-175,-190,-190,,,-174,,,,
2024-04-08,Cody Bellinger,/mlb/props/cody-bellinger/,CHC at SD,NYY,"LF,CF,RF",1.5,+140,+150,+140,+150,+135,,,+140,+143,+143,,,+133,,,,,-190,-184,-190,-185,-185,,,-190,-200,-200,,,-184,,,,
2024-04-08,Dansby Swanson,/mlb/props/dansby-swanson/,CHC at SD,CHC,SS,1.5,+130,+165,+140,+140,+130,,,+130,+165,+165,,,+126,,,,,-175,-170,-175,-170,-175,,,-175,-240,-240,,,-174,,,,
2024-04-08,Ha-Seong Kim,/mlb/props/ha-seong-kim/,CHC at SD,ATL,"2B,SS",1.5,-155,-140,-140,-140,-145,,,-140,+220,+220,,,-157,,,,,+115,-335,+110,+110,+110,,,+110,-335,-335,,,+114,,,,
2024-04-08,Michael Busch,/mlb/props/michael-busch-2b/,CHC at SD,CHC,1B,1.5,-150,-140,-140,-145,-150,,,-140,+195,+195,,,-154,,,,,+115,-295,+110,+115,+115,,,+110,-295,-295,,,+112,,,,
2024-04-08,Tyler Wade,/mlb/props/tyler-wade/,CHC at SD,FA,"2B,LF,CF",0.5,-160,-133,-135,-135,-140,,,-135,,,,,-133,,,,,+120,+105,+105,+105,+105,,,+105,,,,,-103,,,,
2024-04-08,Xander Bogaerts,/mlb/props/xander-bogaerts/,CHC at SD,SD,SS,1.5,+150,+165,+160,+165,+160,,,+160,+140,+140,,,+146,,,,,-205,-200,-210,-210,-215,,,-215,-200,-200,,,-204,,,,
2024-04-08,Jackson Merrill,/mlb/props/jackson-merrill/,CHC at SD,SD,CF,0.5,-180,-200,-204,-200,-210,,,-210,,,,,-204,,,,,+135,+160,+155,+160,+155,,,+150,,,,,+146,,,,
2024-04-08,Luis Campusano,/mlb/props/luis-campusano/,CHC at SD,SD,"C,DH",1.5,-215,-200,-200,-200,-215,,,-210,+160,+160,,,-214,,,,,+160,-230,+150,+160,+160,,,+150,-230,-230,,,+152,,,,
2024-04-08,Nick Ahmed,/mlb/props/nick-ahmed/,WSH at SF,FA,SS,0.5,-175,-165,-170,-165,-170,,,-175,,,,,-174,,,,,+130,+135,+130,+135,+130,,,+130,,,,,+126,,,,
2024-04-08,Luis Garcia,/mlb/props/luis-garcia-2b/,WSH at SF,WSH,"1B,2B,DH",0.5,-175,-160,-165,-160,-170,,,-165,,,,,,,,,,+130,+130,+130,+130,+130,,,+125,,,,,,,,,
2024-04-08,Jung Hoo Lee,/mlb/props/jung-lee/,WSH at SF,SF,"CF,RF",1.5,+100,+104,+100,-105,-105,,,+100,+104,+104,,,-104,,,,,-130,-125,-131,-125,-130,,,-130,-143,-143,,,-131,,,,
2024-04-08,CJ Abrams,/mlb/props/cj-abrams/,WSH at SF,WSH,SS,1.5,-165,-165,-165,-170,-165,,,-165,+155,+155,,,-174,,,,,+125,-225,+125,+140,+125,,,+125,-225,-225,,,+126,,,,
2024-04-08,Keibert Ruiz,/mlb/props/keibert-ruiz/,WSH at SF,WSH,C,1.5,-200,-200,-200,-200,-205,,,-200,+150,+150,,,-204,,,,,+150,-220,+145,+160,+150,,,+145,-220,-220,,,+146,,,,
2024-04-08,Lane Thomas,/mlb/props/lane-thomas/,WSH at SF,KC,"LF,CF,RF",1.5,-195,-190,-190,-190,-200,,,-200,+133,+133,,,-199,,,,,+145,-190,+143,+155,+145,,,+145,-190,-190,,,+143,,,,
2024-04-08,Jorge Soler,/mlb/props/jorge-soler/,WSH at SF,LAA,"RF,DH",1.5,+120,+123,+120,+120,+120,,,+115,+115,+115,,,+123,,,,,-160,-150,-159,-150,-160,,,-150,-159,-159,,,-169,,,,
2024-04-08,Wilmer Flores,/mlb/props/wilmer-flores/,WSH at SF,FA,"1B,DH",1.5,+130,+135,+130,+135,+130,,,+130,+123,+123,,,+126,,,,,-175,-165,-174,-165,-175,,,-175,-175,-175,,,-174,,,,
2024-04-08,Mike Yastrzemski,/mlb/props/michael-yastrzemski/,WSH at SF,ATL,"LF,CF,RF",1.5,+130,+145,+130,+140,+125,,,+130,+145,+145,,,+120,,,,,-175,-166,-175,-170,-170,,,-175,-210,-210,,,-166,,,,
2024-04-08,Ildemaro Vargas,/mlb/props/ildemaro-vargas/,WSH at SF,ARI,"1B,2B",1.5,-180,-179,-179,-180,-190,,,-190,+185,+185,,,-179,,,,,+135,-275,+129,+145,+140,,,+140,-275,-275,,,+129,,,,
2024-04-08,Joey Gallo,/mlb/props/joey-gallo/,WSH at SF,FA,"1B,LF,CF,RF",1.5,+145,+145,+145,+145,+140,,,+140,+240,+240,,,+129,,,,,-190,-375,-190,-180,-190,,,-190,-375,-375,,,-179,,,,
2024-04-08,Trey Lipscomb,/mlb/props/trey-lipscomb/,WSH at SF,WSH,3B,1.5,-125,-123,-123,-125,-130,,,-130,+230,+230,,,-123,,,,,-105,-360,-111,-105,+100,,,+100,-360,-360,,,-111,,,,
2024-04-08,Jesse Winker,/mlb/props/jesse-winker/,WSH at SF,FA,"LF,RF,DH",1.5,+100,-115,-115,-115,-115,,,-115,+300,+300,,,-117,,,,,-130,-500,-117,-115,-115,,,-115,-500,-500,,,-117,,,,
2024-04-08,Joey Meneses,/mlb/props/joey-meneses/,WSH at SF,ATH,1B,1.5,-200,-200,-200,-200,-200,,,-200,+160,+160,,,-204,,,,,+145,-235,+145,+160,+150,,,+145,-235,-235,,,+146,,,,
2024-04-08,Jacob Young,/mlb/props/jacob-young/,WSH at SF,WSH,CF,1.5,-130,-194,-194,-200,-205,,,,+170,+170,,,-194,,,,,-105,-245,+139,+160,+150,,,,-245,-245,,,+139,,,,
2024-04-08,Michael Conforto,/mlb/props/michael-conforto/,WSH at SF,CHC,"LF,RF,DH",1.5,+125,+135,+125,+130,+125,,,+125,+135,+135,,,+118,,,,,-165,-160,-165,-160,-165,,,-165,-195,-195,,,-163,,,,
2024-04-08,Matt Chapman,/mlb/props/matt-chapman/,WSH at SF,SF,3B,1.5,+115,+115,+112,+115,+115,,,+115,+112,+112,,,+110,,,,,-150,-145,-151,-145,-155,,,-150,-157,-157,,,-151,,,,
2024-04-08,Thairo Estrada,/mlb/props/thairo-estrada/,WSH at SF,FA,2B,1.5,+125,+145,+135,+145,+135,,,+135,+132,+132,,,+126,,,,,-165,-174,-180,-180,-180,,,-180,-186,-186,,,-174,,,,
2024-04-08,LaMonte Wade Jr.,/mlb/props/lamonte-wade/,WSH at SF,HOU,"1B,RF",1.5,+125,+140,+130,+135,+125,,,+130,+140,+140,,,+120,,,,,-165,-165,-175,-165,-170,,,-175,-200,-200,,,-166,,,,
2024-04-08,Patrick Bailey,/mlb/props/patrick-bailey/,WSH at SF,CLE,C,1.5,-185,-185,-185,-185,-190,,,-190,+185,+185,,,-189,,,,,+140,-275,+136,+150,+140,,,+140,-275,-275,,,+136,,,,
