game_key,p_yrfi,yrfi,game_date,model_yrfi_raw
2021-04-01_MIN@MIL,0.5369261477045908,0,2021-04-01,0.5049036436057852
2021-04-01_HOU@OAK,0.5369261477045908,0,2021-04-01,0.5045611926863816
2021-04-01_TOR@NYY,0.5369261477045908,0,2021-04-01,0.5047936824847172
2021-04-01_LAD@COL,0.5369261477045908,0,2021-04-01,0.5044531702942309
2021-04-01_PIT@CHC,0.5369261477045908,1,2021-04-01,0.5050634129231842
2021-04-01_SF@SEA,0.5369261477045908,0,2021-04-01,0.5049520073951762
2021-04-01_AZ@SD,0.5369261477045908,1,2021-04-01,0.5050290383401527
2021-04-01_ATL@PHI,0.5369261477045908,1,2021-04-01,0.5045330784871861
2021-04-01_STL@CIN,0.5369261477045908,1,2021-04-01,0.5045330784871861
2021-04-01_CLE@DET,0.5369261477045908,1,2021-04-01,0.5051116395039446
2021-04-01_CWS@LAA,0.5369261477045908,0,2021-04-01,0.504146491245084
2021-04-01_TB@MIA,0.5369261477045908,0,2021-04-01,0.5049520073951762
2021-04-01_TEX@KC,0.5369261477045908,1,2021-04-01,0.5045611926863816
2021-04-02_HOU@OAK,0.5369261477045908,0,2021-04-02,0.5047708195246592
2021-04-02_TB@MIA,0.5369261477045908,0,2021-04-02,0.5049520073951762
2021-04-02_SF@SEA,0.5369261477045908,0,2021-04-02,0.5049520073951762
2021-04-02_BAL@BOS,0.5369261477045908,0,2021-04-02,0.5047936824847172
2021-04-02_AZ@SD,0.5369261477045908,0,2021-04-02,0.504819290969142
2021-04-02_LAD@COL,0.5369261477045908,1,2021-04-02,0.5044531702942309
2021-04-02_CWS@LAA,0.5369261477045908,1,2021-04-02,0.5043575825015534
2021-04-03_CLE@DET,0.5369261477045908,1,2021-04-03,0.5051116395039446
2021-04-03_MIN@MIL,0.5369261477045908,0,2021-04-03,0.5049036436057852
2021-04-03_BAL@BOS,0.5369261477045908,0,2021-04-03,0.5047708195246592
2021-04-03_ATL@PHI,0.5369261477045908,0,2021-04-03,0.5045101110536591
2021-04-03_PIT@CHC,0.5369261477045908,1,2021-04-03,0.5050634129231842
2021-04-03_TOR@NYY,0.5369261477045908,0,2021-04-03,0.5047708195246592
2021-04-03_STL@CIN,0.5369261477045908,0,2021-04-03,0.5048725635481529
2021-04-03_SF@SEA,0.5369261477045908,0,2021-04-03,0.5049520073951762
2021-04-03_LAD@COL,0.5369261477045908,0,2021-04-03,0.5042424148448412
2021-04-03_CWS@LAA,0.5369261477045908,0,2021-04-03,0.5045101110536591
2021-04-03_TB@MIA,0.5369261477045908,1,2021-04-03,0.5049520073951762
2021-04-03_HOU@OAK,0.5369261477045908,1,2021-04-03,0.5047708195246592
2021-04-03_AZ@SD,0.5369261477045908,1,2021-04-03,0.504819290969142
2021-04-03_TEX@KC,0.5369261477045908,1,2021-04-03,0.5051316529908496
2021-04-04_BAL@BOS,0.5369261477045908,1,2021-04-04,0.5047708195246592
2021-04-04_TEX@KC,0.5369261477045908,0,2021-04-04,0.5049807398665229
2021-04-04_MIN@MIL,0.5369261477045908,1,2021-04-04,0.5049036436057852
2021-04-04_TOR@NYY,0.5369261477045908,0,2021-04-04,0.5045611926863816
2021-04-04_STL@CIN,0.5369261477045908,0,2021-04-04,0.5042995578073474
2021-04-04_CLE@DET,0.5369261477045908,1,2021-04-04,0.5045611926863816
2021-04-04_HOU@OAK,0.5369261477045908,1,2021-04-04,0.5047708195246592
2021-04-04_PIT@CHC,0.5369261477045908,1,2021-04-04,0.5047708195246592
2021-04-04_AZ@SD,0.5369261477045908,1,2021-04-04,0.504819290969142
2021-04-04_ATL@PHI,0.5369261477045908,0,2021-04-04,0.5045101110536591
2021-04-04_CWS@LAA,0.5369261477045908,1,2021-04-04,0.5045101110536591
2021-04-04_LAD@COL,0.5369261477045908,1,2021-04-04,0.5044937144433477
2021-04-05_NYM@PHI,0.5369261477045908,0,2021-04-05,0.5045101110536591
2021-04-05_KC@CLE,0.5369261477045908,0,2021-04-05,0.5048421410048445
2021-04-05_TB@BOS,0.5369261477045908,0,2021-04-05,0.5051316529908496
2021-04-05_LAD@OAK,0.5369261477045908,0,2021-04-05,0.5047708195246592
2021-04-05_BAL@NYY,0.5369261477045908,0,2021-04-05,0.5047936824847172
2021-04-05_TOR@TEX,0.5369261477045908,1,2021-04-05,0.5049036436057852
2021-04-05_MIN@DET,0.5369261477045908,1,2021-04-05,0.504819290969142
2021-04-05_SF@SD,0.5369261477045908,0,2021-04-05,0.504819290969142
2021-04-05_CWS@SEA,0.5369261477045908,0,2021-04-05,0.5049520073951762
2021-04-05_MIL@CHC,0.5369261477045908,0,2021-04-05,0.5047708195246592
2021-04-05_HOU@LAA,0.5369261477045908,1,2021-04-05,0.5045101110536591
2021-04-05_PIT@CIN,0.5369261477045908,1,2021-04-05,0.5045101110536591
2021-04-05_STL@MIA,0.5369261477045908,1,2021-04-05,0.5049520073951762
2021-04-06_MIN@DET,0.5369261477045908,0,2021-04-06,0.504819290969142
2021-04-06_TB@BOS,0.5331491712707183,1,2021-04-06,0.5006836891554851
2021-04-06_NYM@PHI,0.5369261477045908,0,2021-04-06,0.5045101110536591
2021-04-06_HOU@LAA,0.6553191489361702,1,2021-04-06,0.5547386234653691
2021-04-06_AZ@COL,0.5511811023622046,0,2021-04-06,0.5161229821184083
2021-04-06_SF@SD,0.5331491712707183,0,2021-04-06,0.5018408960523693
2021-04-06_ATL@WSH,0.5369261477045908,1,2021-04-06,0.505032434411741
2021-04-06_LAD@OAK,0.5511811023622046,1,2021-04-06,0.5120322980792689
2021-04-06_CWS@SEA,0.5331491712707183,0,2021-04-06,0.4986272922518834
2021-04-06_PIT@CIN,0.5369261477045908,1,2021-04-06,0.5043575825015534
2021-04-06_TOR@TEX,0.5369261477045908,1,2021-04-06,0.5049036436057852
2021-04-06_BAL@NYY,0.5369261477045908,0,2021-04-06,0.5043721312902569
2021-04-06_STL@MIA,0.6827586206896552,1,2021-04-06,0.576624527048885
2021-04-06_MIL@CHC,0.5369261477045908,1,2021-04-06,0.5046418880081747
2021-04-07_SF@SD,0.5331491712707183,0,2021-04-07,0.49820516780337176
2021-04-07_STL@MIA,0.45825049701789267,0,2021-04-07,0.47752831529548834
2021-04-07_BAL@NYY,0.5511811023622046,0,2021-04-07,0.512899278458606
2021-04-07_AZ@COL,0.4822834645669291,1,2021-04-07,0.48692665924115364
2021-04-07_TOR@TEX,0.4253521126760563,0,2021-04-07,0.4605829596605209
2021-04-07_PIT@CIN,0.4253521126760563,1,2021-04-07,0.4510410234300042
2021-04-07_TB@BOS,0.49743589743589745,0,2021-04-07,0.49409673721560443
2021-04-07_MIL@CHC,0.7407407407407407,0,2021-04-07,0.675043921957499
2021-04-07_ATL@WSH,0.5369261477045908,0,2021-04-07,0.5047708195246592
2021-04-07_ATL@WSH,0.45825049701789267,1,2021-04-07,0.4754083424490314
2021-04-07_NYM@PHI,0.45825049701789267,1,2021-04-07,0.47741468291432476
2021-04-07_LAD@OAK,0.6211656441717791,1,2021-04-07,0.5341793512462605
2021-04-07_MIN@DET,0.4822834645669291,0,2021-04-07,0.4866240504846754
2021-04-07_KC@CLE,0.7407407407407407,0,2021-04-07,0.6905910379551423
2021-04-07_CWS@SEA,0.5331491712707183,0,2021-04-07,0.5009372702284511
2021-04-08_LAA@TOR,0.5511811023622046,1,2021-04-08,0.5205532124133054
2021-04-08_BOS@BAL,0.5511811023622046,1,2021-04-08,0.5158424219596719
2021-04-08_MIA@NYM,0.5369261477045908,0,2021-04-08,0.5045611926863816
2021-04-08_OAK@HOU,0.6553191489361702,0,2021-04-08,0.560512799776224
2021-04-08_SEA@MIN,0.45825049701789267,0,2021-04-08,0.4745773557863905
2021-04-08_MIL@STL,0.4253521126760563,0,2021-04-08,0.44568559296954025
2021-04-08_KC@CWS,0.5511811023622046,1,2021-04-08,0.5125364335761706
2021-04-08_CHC@PIT,0.5369261477045908,1,2021-04-08,0.5047441903484451
2021-04-08_AZ@COL,0.5331491712707183,1,2021-04-08,0.498035035134509
2021-04-09_SD@TEX,0.4253521126760563,0,2021-04-09,0.45278801650382805
2021-04-09_COL@SF,0.3881656804733728,0,2021-04-09,0.43364226770976677
2021-04-09_PHI@ATL,0.45825049701789267,0,2021-04-09,0.47405564643310916
2021-04-09_DET@CLE,0.4253521126760563,1,2021-04-09,0.4678641894153518
2021-04-09_LAA@TOR,0.5331491712707183,0,2021-04-09,0.49823330354551687
2021-04-09_CIN@AZ,0.5331491712707183,0,2021-04-09,0.49786354600383953
2021-04-09_OAK@HOU,0.29896907216494845,0,2021-04-09,0.41492535434501043
2021-04-09_WSH@LAD,0.5369261477045908,0,2021-04-09,0.5034758865482561
2021-04-09_NYY@TB,0.49743589743589745,0,2021-04-09,0.49564109618153096
2021-04-10_BOS@BAL,0.5511811023622046,1,2021-04-10,0.5109558123694549
2021-04-10_CIN@AZ,0.5369261477045908,0,2021-04-10,0.5059130126631801
2021-04-10_PHI@ATL,0.6211656441717791,1,2021-04-10,0.5377737353030585
2021-04-10_COL@SF,0.5511811023622046,0,2021-04-10,0.5254115692593038
2021-04-10_MIL@STL,0.3466666666666667,1,2021-04-10,0.42287519390204154
2021-04-10_WSH@LAD,0.5369261477045908,1,2021-04-10,0.5041740649926051
2021-04-10_NYY@TB,0.5369261477045908,1,2021-04-10,0.506042999345146
2021-04-10_DET@CLE,0.45825049701789267,0,2021-04-10,0.4749057037272413
2021-04-10_MIA@NYM,0.5511811023622046,0,2021-04-10,0.5129952384362833
2021-04-10_LAA@TOR,0.4253521126760563,0,2021-04-10,0.443055738369568
2021-04-10_CHC@PIT,0.4253521126760563,1,2021-04-10,0.4581284164795284
2021-04-10_OAK@HOU,0.6211656441717791,0,2021-04-10,0.5484849475797844
2021-04-10_SEA@MIN,0.45825049701789267,0,2021-04-10,0.47026312837796946
2021-04-10_SD@TEX,0.4253521126760563,0,2021-04-10,0.4678477249066888
2021-04-11_CIN@AZ,0.4822834645669291,0,2021-04-11,0.489831734243085
2021-04-11_BOS@BAL,0.6211656441717791,0,2021-04-11,0.5336109945492438
2021-04-11_WSH@LAD,0.5511811023622046,0,2021-04-11,0.5203614542454791
2021-04-11_SEA@MIN,0.4253521126760563,1,2021-04-11,0.44551407328455295
2021-04-11_SD@TEX,0.4822834645669291,0,2021-04-11,0.48934524847339667
2021-04-11_PHI@ATL,0.5331491712707183,1,2021-04-11,0.49770486652811263
2021-04-11_KC@CWS,0.4253521126760563,0,2021-04-11,0.4664659731787426
2021-04-11_MIA@NYM,0.45825049701789267,0,2021-04-11,0.47191931558905464
2021-04-11_COL@SF,0.5511811023622046,1,2021-04-11,0.5156091439120658
2021-04-11_CHC@PIT,0.5511811023622046,0,2021-04-11,0.5117455908498356
2021-04-11_DET@CLE,0.5331491712707183,1,2021-04-11,0.5001363900168462
2021-04-11_MIL@STL,0.4822834645669291,1,2021-04-11,0.49003852576817764
2021-04-11_NYY@TB,0.5331491712707183,0,2021-04-11,0.4982144028811084
2021-04-12_WSH@STL,0.45825049701789267,1,2021-04-12,0.4709468012329773
2021-04-12_NYY@TOR,0.6211656441717791,1,2021-04-12,0.5394664740493189
2021-04-12_OAK@AZ,0.4253521126760563,1,2021-04-12,0.4502865510802557
2021-04-12_TEX@TB,0.6211656441717791,0,2021-04-12,0.5349811007241863
2021-04-12_MIA@ATL,0.7407407407407407,1,2021-04-12,0.6514794790923775
2021-04-12_DET@HOU,0.3881656804733728,0,2021-04-12,0.4312713820232613
2021-04-12_CHC@MIL,0.45825049701789267,0,2021-04-12,0.47919655457492405
2021-04-12_LAA@KC,0.4253521126760563,0,2021-04-12,0.4486656254821991
2021-04-12_SD@PIT,0.45825049701789267,1,2021-04-12,0.47755470250748433
2021-04-12_CLE@CWS,0.49743589743589745,0,2021-04-12,0.4957651584422813
2021-04-12_CIN@SF,0.45825049701789267,0,2021-04-12,0.47230087496446094
2021-04-13_CLE@CWS,0.6553191489361702,0,2021-04-13,0.5618045484664775
2021-04-13_WSH@STL,0.45825049701789267,1,2021-04-13,0.4788059798998192
2021-04-13_CIN@SF,0.49743589743589745,1,2021-04-13,0.4960542960851686
2021-04-13_CHC@MIL,0.6827586206896552,0,2021-04-13,0.596192409669825
2021-04-13_SD@PIT,0.6553191489361702,1,2021-04-13,0.5569835468876909
2021-04-13_BOS@MIN,0.4822834645669291,1,2021-04-13,0.48784992912730163
2021-04-13_TEX@TB,0.4822834645669291,1,2021-04-13,0.48520635491268094
2021-04-13_OAK@AZ,0.45825049701789267,0,2021-04-13,0.47769596398893666
2021-04-13_DET@HOU,0.49743589743589745,0,2021-04-13,0.49615410138184557
2021-04-13_PHI@NYM,0.45825049701789267,0,2021-04-13,0.47929690004425174
2021-04-13_SEA@BAL,0.5369261477045908,0,2021-04-13,0.5071606602447379
2021-04-13_SEA@BAL,0.5331491712707183,1,2021-04-13,0.4987850767515787
2021-04-13_COL@LAD,0.6553191489361702,1,2021-04-13,0.5628361369955712
2021-04-13_MIA@ATL,0.4253521126760563,1,2021-04-13,0.4449047793569224
2021-04-13_NYY@TOR,0.45825049701789267,0,2021-04-13,0.47473028782362336
2021-04-13_PHI@NYM,0.45825049701789267,1,2021-04-13,0.48019581223648655
2021-04-13_LAA@KC,0.34210526315789475,1,2021-04-13,0.4205497133249685
2021-04-14_WSH@STL,0.7407407407407407,0,2021-04-14,0.6287443369930631
2021-04-14_NYY@TOR,0.4822834645669291,1,2021-04-14,0.4884951485964101
2021-04-14_SD@PIT,0.49743589743589745,0,2021-04-14,0.49572033156388595
2021-04-14_CIN@SF,0.4253521126760563,0,2021-04-14,0.45795458870608385
2021-04-14_MIA@ATL,0.5331491712707183,0,2021-04-14,0.5023367660334577
2021-04-14_PHI@NYM,0.4253521126760563,1,2021-04-14,0.4446931522242351
2021-04-14_CHC@MIL,0.4253521126760563,1,2021-04-14,0.44519488203414503
2021-04-14_BOS@MIN,0.4253521126760563,0,2021-04-14,0.46355059994228354
2021-04-14_BOS@MIN,0.4822834645669291,1,2021-04-14,0.48529335282682684
2021-04-14_COL@LAD,0.29896907216494845,1,2021-04-14,0.4158498468812869
2021-04-14_TEX@TB,0.45825049701789267,0,2021-04-14,0.4750131045637649
2021-04-14_DET@HOU,0.4253521126760563,0,2021-04-14,0.46144193712386283
2021-04-14_LAA@KC,0.6211656441717791,0,2021-04-14,0.5322187606405826
2021-04-14_CLE@CWS,0.5511811023622046,1,2021-04-14,0.520543203536428
2021-04-15_TOR@KC,0.45825049701789267,1,2021-04-15,0.476966838911571
2021-04-15_SEA@BAL,0.49743589743589745,0,2021-04-15,0.4937751497416336
2021-04-15_CLE@CWS,0.4822834645669291,1,2021-04-15,0.4929382265013105
2021-04-15_AZ@WSH,0.7407407407407407,1,2021-04-15,0.6167021357594167
2021-04-15_SD@PIT,0.45825049701789267,1,2021-04-15,0.47049245016055175
2021-04-15_COL@LAD,0.45825049701789267,1,2021-04-15,0.48084987474625007
2021-04-15_DET@OAK,0.45825049701789267,0,2021-04-15,0.4711867529924625
2021-04-15_TEX@TB,0.4253521126760563,0,2021-04-15,0.46569730937875153
2021-04-15_BOS@MIN,0.5369261477045908,0,2021-04-15,0.5086024851148057
2021-04-15_SEA@BAL,0.45825049701789267,1,2021-04-15,0.4799013377930188
2021-04-15_MIA@ATL,0.45825049701789267,0,2021-04-15,0.47314971024739905
2021-04-16_SF@MIA,0.4253521126760563,0,2021-04-16,0.4613175375939985
2021-04-16_STL@PHI,0.1888111888111888,0,2021-04-16,0.3808270345297652
2021-04-16_AZ@WSH,0.45825049701789267,0,2021-04-16,0.47891282254418266
2021-04-16_LAD@SD,0.5331491712707183,0,2021-04-16,0.4985262912772065
2021-04-16_ATL@CHC,0.45825049701789267,0,2021-04-16,0.4769612766702809
2021-04-16_TB@NYY,0.4253521126760563,1,2021-04-16,0.46470067781262137
2021-04-16_BAL@TEX,0.3881656804733728,0,2021-04-16,0.4279777725638444
2021-04-16_MIN@LAA,0.49743589743589745,0,2021-04-16,0.4965910823909626
2021-04-16_PIT@MIL,0.3881656804733728,0,2021-04-16,0.4344374608911724
2021-04-16_DET@OAK,0.3881656804733728,0,2021-04-16,0.4270351828836435
2021-04-16_CLE@CIN,0.5511811023622046,0,2021-04-16,0.5210960678232455
2021-04-16_HOU@SEA,0.45825049701789267,0,2021-04-16,0.4696589329308689
2021-04-17_TOR@KC,0.265993265993266,1,2021-04-17,0.40348858730995396
2021-04-17_NYM@COL,0.45825049701789267,1,2021-04-17,0.47462238140723045
2021-04-17_PIT@MIL,0.4253521126760563,1,2021-04-17,0.45263615518359046
2021-04-17_NYM@COL,0.4822834645669291,0,2021-04-17,0.49123964117585794
2021-04-17_STL@PHI,0.5511811023622046,1,2021-04-17,0.5165750590114236
2021-04-17_DET@OAK,0.7407407407407407,1,2021-04-17,0.6659629541540821
2021-04-17_BAL@TEX,0.4253521126760563,0,2021-04-17,0.4479444427398227
2021-04-17_CWS@BOS,0.49743589743589745,1,2021-04-17,0.4961635528061532
2021-04-17_HOU@SEA,0.4253521126760563,0,2021-04-17,0.4656736388209458
2021-04-17_TB@NYY,0.3881656804733728,0,2021-04-17,0.4362326168770919
2021-04-17_LAD@SD,0.45825049701789267,0,2021-04-17,0.48198036233450314
2021-04-17_SF@MIA,0.4253521126760563,1,2021-04-17,0.46829372509895506
2021-04-17_AZ@WSH,0.4253521126760563,0,2021-04-17,0.4521174683768312
2021-04-17_ATL@CHC,0.4253521126760563,1,2021-04-17,0.45608134300611824
2021-04-17_CLE@CIN,0.5331491712707183,0,2021-04-17,0.49835832381158784
2021-04-17_TOR@KC,0.5369261477045908,0,2021-04-17,0.5052918163408829
2021-04-18_SF@MIA,0.45825049701789267,0,2021-04-18,0.4735715228883238
2021-04-18_NYM@COL,0.4253521126760563,0,2021-04-18,0.4450434645850869
2021-04-18_TB@NYY,0.4253521126760563,0,2021-04-18,0.46499249062585524
2021-04-18_TOR@KC,0.4253521126760563,0,2021-04-18,0.44854918870942395
2021-04-18_PIT@MIL,0.4253521126760563,1,2021-04-18,0.4525597791326066
2021-04-18_LAD@SD,0.4822834645669291,0,2021-04-18,0.49129564806289816
2021-04-18_BAL@TEX,0.4822834645669291,0,2021-04-18,0.4913841045864332
2021-04-18_CLE@CIN,0.6827586206896552,1,2021-04-18,0.5689899343538039
2021-04-18_AZ@WSH,0.5331491712707183,1,2021-04-18,0.5020238540101665
2021-04-18_DET@OAK,0.4253521126760563,0,2021-04-18,0.46662971156234634
2021-04-18_STL@PHI,0.45825049701789267,1,2021-04-18,0.47681406264885207
2021-04-18_HOU@SEA,0.4253521126760563,1,2021-04-18,0.4473392888675035
2021-04-18_CWS@BOS,0.5511811023622046,1,2021-04-18,0.5169485572161516
2021-04-18_CWS@BOS,0.6211656441717791,1,2021-04-18,0.5402156763528425
2021-04-18_ATL@CHC,0.4822834645669291,1,2021-04-18,0.48941700438883984
2021-04-19_TEX@LAA,0.4253521126760563,0,2021-04-19,0.44095993377068243
2021-04-19_LAD@SEA,0.6211656441717791,1,2021-04-19,0.5436032992828117
2021-04-19_MIL@SD,0.5331491712707183,1,2021-04-19,0.49689343708433176
2021-04-19_SF@PHI,0.4253521126760563,0,2021-04-19,0.45175464371677054
2021-04-19_CWS@BOS,0.5331491712707183,1,2021-04-19,0.4993091866277254
2021-04-19_STL@WSH,0.268041237113402,0,2021-04-19,0.4111549329382588
2021-04-19_TB@KC,0.4253521126760563,0,2021-04-19,0.45160393646571884
2021-04-20_TEX@LAA,0.3881656804733728,0,2021-04-20,0.43413264647774785
2021-04-20_MIL@SD,0.265993265993266,0,2021-04-20,0.40227535787543345
2021-04-20_BAL@MIA,0.45825049701789267,1,2021-04-20,0.47034773438202027
2021-04-20_SF@PHI,0.4253521126760563,0,2021-04-20,0.45640807314288123
2021-04-20_ATL@NYY,0.5331491712707183,0,2021-04-20,0.4980925294404197
2021-04-20_CWS@CLE,0.4822834645669291,0,2021-04-20,0.4877364270131257
2021-04-20_STL@WSH,0.6211656441717791,0,2021-04-20,0.5507736219719486
2021-04-20_MIN@OAK,0.268041237113402,0,2021-04-20,0.41217113960852503
2021-04-20_LAD@SEA,0.5369261477045908,0,2021-04-20,0.5076618158649265
2021-04-20_NYM@CHC,0.4253521126760563,0,2021-04-20,0.45648745479675257
2021-04-20_TOR@BOS,0.5369261477045908,0,2021-04-20,0.509055246223862
2021-04-20_AZ@CIN,0.3881656804733728,1,2021-04-20,0.4322134137514425
2021-04-20_TB@KC,0.4822834645669291,1,2021-04-20,0.4885172651669466
2021-04-20_MIN@OAK,0.4822834645669291,0,2021-04-20,0.48773821813193474
2021-04-20_HOU@COL,0.3881656804733728,0,2021-04-20,0.4401979093820495
2021-04-21_PIT@DET,0.5369261477045908,1,2021-04-21,0.504214510829382
2021-04-21_SF@PHI,0.265993265993266,0,2021-04-21,0.4039979009221679
2021-04-21_HOU@COL,0.45825049701789267,1,2021-04-21,0.4827563180376304
2021-04-21_STL@WSH,0.4822834645669291,0,2021-04-21,0.49058534159883604
2021-04-21_TEX@LAA,0.7407407407407407,1,2021-04-21,0.6692163179704345
2021-04-21_PIT@DET,0.45825049701789267,0,2021-04-21,0.48092421638688054
2021-04-21_MIL@SD,0.3881656804733728,0,2021-04-21,0.4283017836424212
2021-04-21_BAL@MIA,0.7407407407407407,0,2021-04-21,0.6623317717637041
2021-04-21_ATL@NYY,0.4822834645669291,0,2021-04-21,0.49083736323919125
2021-04-21_AZ@CIN,0.30434782608695654,0,2021-04-21,0.41887274049685597
2021-04-21_TB@KC,0.4253521126760563,1,2021-04-21,0.46536111274020153
2021-04-21_MIN@OAK,0.5369261477045908,1,2021-04-21,0.5045832917958091
2021-04-21_TOR@BOS,0.7407407407407407,1,2021-04-21,0.6567784470479054
2021-04-21_NYM@CHC,0.3881656804733728,1,2021-04-21,0.424069909771451
2021-04-22_PIT@DET,0.6827586206896552,1,2021-04-22,0.5706727658187095
2021-04-22_SEA@BOS,0.3881656804733728,0,2021-04-22,0.42762871365294153
2021-04-22_NYM@CHC,0.45825049701789267,0,2021-04-22,0.47607173233963174
2021-04-22_SD@LAD,0.4253521126760563,0,2021-04-22,0.45046246295492876
2021-04-22_AZ@CIN,0.7407407407407407,1,2021-04-22,0.6871251003534002
2021-04-22_LAA@HOU,0.5511811023622046,0,2021-04-22,0.5158839052076146
2021-04-22_NYY@CLE,0.7407407407407407,1,2021-04-22,0.6426988451134397
2021-04-22_MIA@SF,0.4253521126760563,1,2021-04-22,0.46805147075633535
2021-04-23_MIL@CHC,0.4253521126760563,1,2021-04-23,0.46843899168566683
2021-04-23_NYY@CLE,0.4822834645669291,1,2021-04-23,0.49342730659575706
2021-04-23_TEX@CWS,0.7157894736842105,0,2021-04-23,0.6086907840858589
2021-04-23_LAA@HOU,0.7407407407407407,0,2021-04-23,0.6146453498686943
2021-04-23_SD@LAD,0.5369261477045908,1,2021-04-23,0.5047216158124129
2021-04-23_PIT@MIN,0.3881656804733728,0,2021-04-23,0.44040628549289984
2021-04-23_KC@DET,0.4253521126760563,0,2021-04-23,0.4614798438015604
2021-04-23_TOR@TB,0.4253521126760563,1,2021-04-23,0.4448023743817645
2021-04-23_PHI@COL,0.4253521126760563,0,2021-04-23,0.4510098367919264
2021-04-23_AZ@ATL,0.4253521126760563,0,2021-04-23,0.4500091980855968
2021-04-23_OAK@BAL,0.7407407407407407,0,2021-04-23,0.6881530687428129
2021-04-23_SEA@BOS,0.5369261477045908,1,2021-04-23,0.5048507359354313
2021-04-23_WSH@NYM,0.268041237113402,0,2021-04-23,0.4090377379524831
2021-04-23_CIN@STL,0.49743589743589745,0,2021-04-23,0.49652789089283755
2021-04-23_MIA@SF,0.4822834645669291,1,2021-04-23,0.4919174393644766
2021-04-24_SEA@BOS,0.7407407407407407,1,2021-04-24,0.6239019312935736
2021-04-24_CIN@STL,0.6211656441717791,1,2021-04-24,0.5435993908012893
2021-04-24_KC@DET,0.3881656804733728,0,2021-04-24,0.4314016457710993
2021-04-24_NYY@CLE,0.3881656804733728,0,2021-04-24,0.4236931358147479
2021-04-24_TEX@CWS,0.45825049701789267,0,2021-04-24,0.4745228275018264
2021-04-24_LAA@HOU,0.6827586206896552,1,2021-04-24,0.588077737833866
2021-04-24_MIL@CHC,0.5511811023622046,0,2021-04-24,0.5214447317337262
2021-04-24_PHI@COL,0.3881656804733728,1,2021-04-24,0.4306625499850244
2021-04-24_MIA@SF,0.4253521126760563,0,2021-04-24,0.44996140313053057
2021-04-24_SD@LAD,0.4822834645669291,1,2021-04-24,0.49350873122300076
2021-04-24_WSH@NYM,0.4253521126760563,1,2021-04-24,0.440877245120893
2021-04-24_TOR@TB,0.4822834645669291,1,2021-04-24,0.49106014167047574
2021-04-24_OAK@BAL,0.49743589743589745,1,2021-04-24,0.4962726448043786
2021-04-24_PIT@MIN,0.268041237113402,0,2021-04-24,0.4103688069600523
2021-04-25_AZ@ATL,0.5331491712707183,1,2021-04-25,0.5008424231673423
2021-04-25_WSH@NYM,0.6827586206896552,1,2021-04-25,0.5694412044910444
2021-04-25_NYY@CLE,0.3466666666666667,0,2021-04-25,0.4228345527942844
2021-04-25_SEA@BOS,0.5511811023622046,1,2021-04-25,0.5203923197324973
2021-04-25_TOR@TB,0.45825049701789267,0,2021-04-25,0.4742811303089184
2021-04-25_MIA@SF,0.7407407407407407,0,2021-04-25,0.6146662357889784
2021-04-25_PIT@MIN,0.5511811023622046,1,2021-04-25,0.5176942457936575
2021-04-25_SD@LAD,0.35234070637671666,0,2021-04-25,0.4231035607635978
2021-04-25_LAA@HOU,0.6211656441717791,0,2021-04-25,0.5506976041424734
2021-04-25_KC@DET,0.4253521126760563,0,2021-04-25,0.4608458937699389
2021-04-25_PHI@COL,0.45825049701789267,1,2021-04-25,0.4691188293760812
2021-04-25_CIN@STL,0.6827586206896552,1,2021-04-25,0.5866638970595149
2021-04-25_TEX@CWS,0.6211656441717791,1,2021-04-25,0.530397986264192
2021-04-25_OAK@BAL,0.4253521126760563,0,2021-04-25,0.46772396832228613
2021-04-25_AZ@ATL,0.5511811023622046,0,2021-04-25,0.5238092923139701
2021-04-25_MIL@CHC,0.4253521126760563,1,2021-04-25,0.4647315320297313
2021-04-26_NYY@BAL,0.45825049701789267,1,2021-04-26,0.48304459888150675
2021-04-26_KC@DET,0.4253521126760563,0,2021-04-26,0.4654976482350548
2021-04-26_CIN@LAD,0.6827586206896552,0,2021-04-26,0.5725944278943607
2021-04-26_MIA@MIL,0.45825049701789267,0,2021-04-26,0.4819739908369851
2021-04-26_PHI@STL,0.3881656804733728,0,2021-04-26,0.42399866501102157
2021-04-26_COL@SF,0.4253521126760563,1,2021-04-26,0.44219025975161574
2021-04-26_MIN@CLE,0.4253521126760563,0,2021-04-26,0.45859991977374137
2021-04-26_LAA@TEX,0.3881656804733728,1,2021-04-26,0.4299231930575895
2021-04-26_OAK@TB,0.5511811023622046,1,2021-04-26,0.5234857651737672
2021-04-26_SEA@HOU,0.4822834645669291,1,2021-04-26,0.4855253869942108
2021-04-26_CHC@ATL,0.4822834645669291,1,2021-04-26,0.48728954826106774
2021-04-27_KC@PIT,0.6211656441717791,1,2021-04-27,0.5339260687256917
2021-04-27_CHC@ATL,0.4253521126760563,0,2021-04-27,0.4545628590461176
2021-04-27_SEA@HOU,0.45825049701789267,0,2021-04-27,0.47940169381612785
2021-04-27_DET@CWS,0.7727272727272727,1,2021-04-27,0.7080740797215153
2021-04-27_COL@SF,0.5511811023622046,1,2021-04-27,0.5170044563799834
2021-04-27_MIN@CLE,0.7157894736842105,1,2021-04-27,0.6029848200647288
2021-04-27_WSH@TOR,0.4253521126760563,1,2021-04-27,0.44793894619929653
2021-04-27_NYY@BAL,0.3881656804733728,1,2021-04-27,0.4300376881147233
2021-04-27_MIA@MIL,0.4253521126760563,1,2021-04-27,0.4412638488101681
2021-04-27_PHI@STL,0.7407407407407407,1,2021-04-27,0.6646572843188769
2021-04-27_BOS@NYM,0.45825049701789267,0,2021-04-27,0.48278362305195244
2021-04-27_OAK@TB,0.45825049701789267,1,2021-04-27,0.47982896453890744
2021-04-27_CIN@LAD,0.7407407407407407,1,2021-04-27,0.6417204755661512
2021-04-27_LAA@TEX,0.7407407407407407,1,2021-04-27,0.6325455366111304
2021-04-27_SD@AZ,0.5511811023622046,0,2021-04-27,0.5258703385340717
2021-04-28_SD@AZ,0.45825049701789267,0,2021-04-28,0.47115318852080845
2021-04-28_KC@PIT,0.4253521126760563,1,2021-04-28,0.44094145373104676
2021-04-28_PHI@STL,0.45825049701789267,0,2021-04-28,0.48079671852846606
2021-04-28_BOS@NYM,0.3881656804733728,0,2021-04-28,0.43676091693305796
2021-04-28_COL@SF,0.4253521126760563,0,2021-04-28,0.46134330412249347
2021-04-28_OAK@TB,0.6827586206896552,0,2021-04-28,0.569752455509531
2021-04-28_MIA@MIL,0.4253521126760563,0,2021-04-28,0.4430926685135739
2021-04-28_WSH@TOR,0.6827586206896552,0,2021-04-28,0.5728457721839801
2021-04-28_MIN@CLE,0.49743589743589745,1,2021-04-28,0.49510960491198086
2021-04-28_CHC@ATL,0.6211656441717791,1,2021-04-28,0.5307557885663705
2021-04-28_LAA@TEX,0.5511811023622046,1,2021-04-28,0.528291013332005
2021-04-28_CIN@LAD,0.3466666666666667,0,2021-04-28,0.422705699598232
2021-04-28_NYY@BAL,0.29896907216494845,0,2021-04-28,0.4161835223762489
2021-04-28_SEA@HOU,0.4253521126760563,0,2021-04-28,0.4629404979196162
2021-04-29_CHC@ATL,0.45825049701789267,1,2021-04-29,0.483538582920072
2021-04-29_BOS@TEX,0.49743589743589745,0,2021-04-29,0.4966368557927243
2021-04-29_OAK@TB,0.49743589743589745,1,2021-04-29,0.4941562181990604
2021-04-29_LAD@MIL,0.3881656804733728,0,2021-04-29,0.44014379117956026
2021-04-29_NYY@BAL,0.4253521126760563,1,2021-04-29,0.4473752710786697
2021-04-29_DET@CWS,0.6553191489361702,0,2021-04-29,0.5552694539871486
2021-04-29_COL@AZ,0.4253521126760563,0,2021-04-29,0.4535077985467175
2021-04-29_DET@CWS,0.4822834645669291,0,2021-04-29,0.4904225683638762
2021-04-29_SEA@HOU,0.3881656804733728,0,2021-04-29,0.43840548417879444
2021-04-29_PHI@STL,0.3881656804733728,0,2021-04-29,0.4292443240815452
2021-04-30_LAD@MIL,0.6211656441717791,0,2021-04-30,0.5502387392483818
2021-04-30_BAL@OAK,0.49743589743589745,0,2021-04-30,0.49567605288104344
2021-04-30_KC@MIN,0.4822834645669291,0,2021-04-30,0.4862139648200541
2021-04-30_BOS@TEX,0.6211656441717791,1,2021-04-30,0.531572698453983
2021-04-30_CLE@CWS,0.4253521126760563,0,2021-04-30,0.467990324997678
2021-04-30_LAA@SEA,0.5511811023622046,1,2021-04-30,0.518522743246793
2021-04-30_NYM@PHI,0.1888111888111888,0,2021-04-30,0.3868260817977194
2021-04-30_CHC@CIN,0.45825049701789267,1,2021-04-30,0.47608618896511434
2021-04-30_ATL@TOR,0.4253521126760563,0,2021-04-30,0.4514202090620826
2021-04-30_HOU@TB,0.6553191489361702,1,2021-04-30,0.5556960995543818
2021-04-30_MIA@WSH,0.6553191489361702,0,2021-04-30,0.5652482327037557
2021-04-30_STL@PIT,0.7407407407407407,1,2021-04-30,0.6493059005059462
2021-04-30_DET@NYY,0.4253521126760563,1,2021-04-30,0.4679369432689092
2021-04-30_COL@AZ,0.4253521126760563,1,2021-04-30,0.4567806563996556
2021-04-30_SF@SD,0.45825049701789267,1,2021-04-30,0.4783125555909934
2021-05-01_STL@PIT,0.4253521126760563,1,2021-05-01,0.4659835178277322
2021-05-01_COL@AZ,0.45825049701789267,1,2021-05-01,0.4837727583233895
2021-05-01_CHC@CIN,0.45825049701789267,1,2021-05-01,0.47479797901480303
2021-05-01_LAA@SEA,0.5511811023622046,1,2021-05-01,0.5106986308130552
2021-05-01_BOS@TEX,0.49743589743589745,0,2021-05-01,0.49467963758037636
2021-05-01_DET@NYY,0.5511811023622046,0,2021-05-01,0.5274598320972721
2021-05-01_LAD@MIL,0.5511811023622046,1,2021-05-01,0.5279639594053888
2021-05-01_NYM@PHI,0.6211656441717791,1,2021-05-01,0.5303646700483997
2021-05-01_KC@MIN,0.6827586206896552,1,2021-05-01,0.5902010048094962
2021-05-01_MIA@WSH,0.4822834645669291,1,2021-05-01,0.4881892294135025
2021-05-01_CLE@CWS,0.45825049701789267,0,2021-05-01,0.4722676385284479
2021-05-01_SF@SD,0.6211656441717791,1,2021-05-01,0.5294778516093247
2021-05-01_HOU@TB,0.6553191489361702,1,2021-05-01,0.5566042435850915
2021-05-01_ATL@TOR,0.5331491712707183,0,2021-05-01,0.49853304810480603
2021-05-01_BAL@OAK,0.7407407407407407,0,2021-05-01,0.6319698400751725
2021-05-02_HOU@TB,0.4253521126760563,0,2021-05-02,0.45065138009604755
2021-05-02_LAD@MIL,0.4253521126760563,1,2021-05-02,0.46091421465085247
2021-05-02_BOS@TEX,0.45825049701789267,0,2021-05-02,0.46890362451235434
2021-05-02_STL@PIT,0.4253521126760563,0,2021-05-02,0.45931840481105934
2021-05-02_MIA@WSH,0.6211656441717791,0,2021-05-02,0.5291129901976469
2021-05-02_CLE@CWS,0.29896907216494845,0,2021-05-02,0.41510851372540536
2021-05-02_NYM@PHI,0.4253521126760563,1,2021-05-02,0.4483394123967157
2021-05-02_ATL@TOR,0.3881656804733728,0,2021-05-02,0.4338865950509515
2021-05-02_KC@MIN,0.4253521126760563,0,2021-05-02,0.4682623345011113
2021-05-02_LAA@SEA,0.6827586206896552,0,2021-05-02,0.5816919290046128
2021-05-02_CHC@CIN,0.5511811023622046,1,2021-05-02,0.5141468939635072
2021-05-02_COL@AZ,0.4822834645669291,0,2021-05-02,0.48932445380814427
2021-05-02_BAL@OAK,0.30434782608695654,1,2021-05-02,0.41757812916359205
2021-05-02_SF@SD,0.5511811023622046,1,2021-05-02,0.5158627693017128
2021-05-02_DET@NYY,0.45825049701789267,0,2021-05-02,0.47901181452148867
2021-05-03_MIL@PHI,0.4253521126760563,1,2021-05-03,0.4661293646622823
2021-05-03_PIT@SD,0.3881656804733728,0,2021-05-03,0.42988669971389404
2021-05-03_BAL@SEA,0.6827586206896552,0,2021-05-03,0.5732846353144914
2021-05-03_CLE@KC,0.6211656441717791,0,2021-05-03,0.5516176546232461
2021-05-03_TB@LAA,0.29896907216494845,0,2021-05-03,0.4157823429283738
2021-05-03_TOR@OAK,0.29896907216494845,0,2021-05-03,0.4155355896032915
2021-05-03_NYM@STL,0.4253521126760563,1,2021-05-03,0.46283157333207126
2021-05-03_TEX@MIN,0.265993265993266,0,2021-05-03,0.40206494272699356
2021-05-04_TOR@OAK,0.4253521126760563,0,2021-05-04,0.46223886799900116
2021-05-04_SF@COL,0.4822834645669291,1,2021-05-04,0.48671359308494155
2021-05-04_AZ@MIA,0.268041237113402,1,2021-05-04,0.4094984975126714
2021-05-04_SF@COL,0.45825049701789267,1,2021-05-04,0.4827656508306355
2021-05-04_PIT@SD,0.45825049701789267,0,2021-05-04,0.47372422478112275
2021-05-04_CLE@KC,0.4253521126760563,0,2021-05-04,0.457036744617519
2021-05-04_LAD@CHC,0.5511811023622046,1,2021-05-04,0.5182594162737665
2021-05-04_BAL@SEA,0.265993265993266,0,2021-05-04,0.3976632336789594
2021-05-04_DET@BOS,0.49743589743589745,1,2021-05-04,0.49568088906158847
2021-05-04_TB@LAA,0.6827586206896552,1,2021-05-04,0.5935356978014106
2021-05-04_HOU@NYY,0.6211656441717791,1,2021-05-04,0.5313151814129243
2021-05-04_MIL@PHI,0.4253521126760563,1,2021-05-04,0.45333568320710393
2021-05-04_CWS@CIN,0.3881656804733728,0,2021-05-04,0.43952273594582736
2021-05-04_LAD@CHC,0.49743589743589745,0,2021-05-04,0.4946402768056479
2021-05-04_TEX@MIN,0.5331491712707183,1,2021-05-04,0.4992113266703354
2021-05-04_ATL@WSH,0.265993265993266,0,2021-05-04,0.3954574056382011
2021-05-05_PIT@SD,0.5511811023622046,0,2021-05-05,0.5233375427996261
2021-05-05_HOU@NYY,0.4253521126760563,0,2021-05-05,0.46243375549545407
2021-05-05_LAD@CHC,0.5511811023622046,0,2021-05-05,0.5161104966463856
2021-05-05_BAL@SEA,0.4253521126760563,0,2021-05-05,0.45502290867111994
2021-05-05_CLE@KC,0.4253521126760563,0,2021-05-05,0.4574243136428201
2021-05-05_DET@BOS,0.4253521126760563,0,2021-05-05,0.4610010017200964
2021-05-05_SF@COL,0.4253521126760563,0,2021-05-05,0.4429819268068562
2021-05-05_NYM@STL,0.45825049701789267,0,2021-05-05,0.4774981827690038
2021-05-05_TOR@OAK,0.45825049701789267,1,2021-05-05,0.47294041780606033
2021-05-05_NYM@STL,0.7157894736842105,1,2021-05-05,0.6109515657949539
2021-05-05_MIL@PHI,0.6211656441717791,1,2021-05-05,0.535699315460759
2021-05-05_TB@LAA,0.4253521126760563,0,2021-05-05,0.4571677257017932
2021-05-05_CWS@CIN,0.4253521126760563,0,2021-05-05,0.4476169549309398
2021-05-05_AZ@MIA,0.4253521126760563,1,2021-05-05,0.4414232187914361
2021-05-05_ATL@WSH,0.30434782608695654,0,2021-05-05,0.4170813644653293
2021-05-05_TEX@MIN,0.5369261477045908,0,2021-05-05,0.5041622357913755
2021-05-06_TB@LAA,0.6553191489361702,0,2021-05-06,0.5543549993420743
2021-05-06_MIL@PHI,0.7407407407407407,0,2021-05-06,0.6810826022015262
2021-05-06_NYM@STL,0.34210526315789475,0,2021-05-06,0.42047340360945107
2021-05-06_TOR@OAK,0.45825049701789267,1,2021-05-06,0.48045356799436023
2021-05-06_ATL@WSH,0.4253521126760563,0,2021-05-06,0.4592640780724342
2021-05-06_AZ@MIA,0.3881656804733728,1,2021-05-06,0.4323226900119257
2021-05-06_CLE@KC,0.3466666666666667,0,2021-05-06,0.4227318529543931
2021-05-06_DET@BOS,0.45825049701789267,1,2021-05-06,0.47699850642444885
2021-05-06_TEX@MIN,0.3881656804733728,1,2021-05-06,0.4375808145872606
2021-05-06_HOU@NYY,0.45825049701789267,0,2021-05-06,0.47071198465032016
2021-05-07_PIT@CHC,0.4253521126760563,1,2021-05-07,0.465772320885782
2021-05-07_COL@STL,0.4822834645669291,0,2021-05-07,0.489727572950869
2021-05-07_TOR@HOU,0.6211656441717791,1,2021-05-07,0.5288912018443275
2021-05-07_MIL@MIA,0.4253521126760563,1,2021-05-07,0.4493899142435417
2021-05-07_PHI@ATL,0.7407407407407407,1,2021-05-07,0.6729063365189842
2021-05-07_CIN@CLE,0.45825049701789267,0,2021-05-07,0.472850314044555
2021-05-07_LAD@LAA,0.6827586206896552,0,2021-05-07,0.5917843522667441
2021-05-07_TB@OAK,0.265993265993266,0,2021-05-07,0.4018532143956085
2021-05-07_AZ@NYM,0.4253521126760563,0,2021-05-07,0.46840619671143036
2021-05-07_BOS@BAL,0.5331491712707183,0,2021-05-07,0.5015364637272604
2021-05-07_SEA@TEX,0.4253521126760563,1,2021-05-07,0.44875015744398694
2021-05-07_WSH@NYY,0.3881656804733728,1,2021-05-07,0.43210066476262077
2021-05-07_CWS@KC,0.6211656441717791,0,2021-05-07,0.5415746222680395
2021-05-07_SD@SF,0.4253521126760563,0,2021-05-07,0.45363076569525196
2021-05-07_MIN@DET,0.4253521126760563,1,2021-05-07,0.46751047146095925
2021-05-08_AZ@NYM,0.4253521126760563,0,2021-05-08,0.45312013393585016
2021-05-08_TOR@HOU,0.4253521126760563,0,2021-05-08,0.4674010094631812
2021-05-08_BOS@BAL,0.7407407407407407,1,2021-05-08,0.6672508331838367
2021-05-08_CWS@KC,0.4253521126760563,1,2021-05-08,0.44938356103617916
2021-05-08_PHI@ATL,0.4253521126760563,1,2021-05-08,0.45279309722751926
2021-05-08_CIN@CLE,0.5369261477045908,1,2021-05-08,0.5052512126867802
2021-05-08_SEA@TEX,0.4822834645669291,1,2021-05-08,0.4924975213718632
2021-05-08_COL@STL,0.4253521126760563,1,2021-05-08,0.46691195183931533
2021-05-08_SD@SF,0.49743589743589745,0,2021-05-08,0.49526016138535245
2021-05-08_WSH@NYY,0.3881656804733728,0,2021-05-08,0.4338358073911327
2021-05-08_LAD@LAA,0.4253521126760563,0,2021-05-08,0.44324863571957973
2021-05-08_PIT@CHC,0.6827586206896552,1,2021-05-08,0.580023078692864
2021-05-08_MIN@DET,0.45825049701789267,1,2021-05-08,0.48256399411395745
2021-05-08_MIL@MIA,0.4253521126760563,1,2021-05-08,0.45045177224632316
2021-05-08_TB@OAK,0.6211656441717791,1,2021-05-08,0.5487925868402744
2021-05-09_PHI@ATL,0.6211656441717791,1,2021-05-09,0.5347415389927241
2021-05-09_BOS@BAL,0.5511811023622046,1,2021-05-09,0.5257111472619544
2021-05-09_PIT@CHC,0.6553191489361702,1,2021-05-09,0.5539523929269163
2021-05-09_SEA@TEX,0.5369261477045908,0,2021-05-09,0.5074504007516089
2021-05-09_AZ@NYM,0.1888111888111888,0,2021-05-09,0.37577353132235436
2021-05-09_SD@SF,0.6211656441717791,0,2021-05-09,0.5363521277191862
2021-05-09_MIL@MIA,0.4822834645669291,0,2021-05-09,0.48895367146581703
2021-05-09_TOR@HOU,0.4253521126760563,0,2021-05-09,0.46161061667314895
2021-05-09_CWS@KC,0.7157894736842105,1,2021-05-09,0.6067422194472688
2021-05-09_COL@STL,0.4822834645669291,0,2021-05-09,0.48615013101851035
2021-05-09_LAD@LAA,0.4822834645669291,0,2021-05-09,0.49208938184413853
2021-05-09_WSH@NYY,0.45825049701789267,0,2021-05-09,0.4813024864243294
2021-05-09_TB@OAK,0.6827586206896552,0,2021-05-09,0.5683557890170611
2021-05-10_CIN@PIT,0.4253521126760563,0,2021-05-10,0.4654501309653155
2021-05-10_TEX@SF,0.4253521126760563,0,2021-05-10,0.440934180157624
2021-05-10_LAA@HOU,0.4253521126760563,1,2021-05-10,0.4596708710059414
2021-05-10_BOS@BAL,0.5511811023622046,0,2021-05-10,0.5115307507014983
2021-05-10_MIA@AZ,0.4253521126760563,1,2021-05-10,0.46181819938138
2021-05-11_STL@MIL,0.6827586206896552,0,2021-05-11,0.5681081460454958
2021-05-11_SD@COL,0.6211656441717791,1,2021-05-11,0.5374499479852712
2021-05-11_TOR@ATL,0.4253521126760563,1,2021-05-11,0.447378418352238
2021-05-11_TEX@SF,0.5369261477045908,1,2021-05-11,0.5041713360301474
2021-05-11_MIN@CWS,0.268041237113402,0,2021-05-11,0.4114745974711048
2021-05-11_PHI@WSH,0.6211656441717791,1,2021-05-11,0.5380486261905517
2021-05-11_SEA@LAD,0.49743589743589745,1,2021-05-11,0.49485974895026663
2021-05-11_NYY@TB,0.4822834645669291,1,2021-05-11,0.48650579436375907
2021-05-11_BAL@NYM,0.7407407407407407,0,2021-05-11,0.6593183158912841
2021-05-11_LAA@HOU,0.5511811023622046,0,2021-05-11,0.521234100573468
2021-05-11_CIN@PIT,0.7407407407407407,1,2021-05-11,0.6324314667186626
2021-05-11_KC@DET,0.45825049701789267,0,2021-05-11,0.47666720179988165
2021-05-11_MIA@AZ,0.3881656804733728,0,2021-05-11,0.43968014059330385
2021-05-11_OAK@BOS,0.3881656804733728,1,2021-05-11,0.4390817588576139
2021-05-11_CHC@CLE,0.125,0,2021-05-11,0.3666843021987177
2021-05-12_LAA@HOU,0.7407407407407407,1,2021-05-12,0.6617250980594399
2021-05-12_CIN@PIT,0.49743589743589745,0,2021-05-12,0.49627638972421617
2021-05-12_SEA@LAD,0.1888111888111888,0,2021-05-12,0.37930404066427514
2021-05-12_SD@COL,0.5511811023622046,1,2021-05-12,0.516710341335159
2021-05-12_NYY@TB,0.45825049701789267,0,2021-05-12,0.47729164060659446
2021-05-12_STL@MIL,0.45825049701789267,0,2021-05-12,0.4821586279238349
2021-05-12_TOR@ATL,0.3881656804733728,0,2021-05-12,0.439577643705219
2021-05-12_PHI@WSH,0.5369261477045908,0,2021-05-12,0.5052295358547376
2021-05-12_OAK@BOS,0.5511811023622046,1,2021-05-12,0.5166455657555749
2021-05-12_BAL@NYM,0.30434782608695654,0,2021-05-12,0.4188192889590463
2021-05-12_KC@DET,0.4253521126760563,1,2021-05-12,0.44904604539509374
2021-05-12_MIN@CWS,0.4253521126760563,1,2021-05-12,0.4496192014206397
2021-05-12_CHC@CLE,0.5511811023622046,0,2021-05-12,0.5149104651707368
2021-05-12_MIA@AZ,0.5369261477045908,1,2021-05-12,0.5043922151643778
2021-05-12_SD@COL,0.45825049701789267,0,2021-05-12,0.4743582961823988
2021-05-13_CIN@COL,0.6211656441717791,1,2021-05-13,0.5342761256280435
2021-05-13_NYY@TB,0.5511811023622046,1,2021-05-13,0.5212600194060848
2021-05-13_MIN@CWS,0.4253521126760563,1,2021-05-13,0.4491673612431155
2021-05-13_CLE@SEA,0.7407407407407407,0,2021-05-13,0.6549696571816341
2021-05-13_MIA@AZ,0.5511811023622046,0,2021-05-13,0.5271300787051678
2021-05-13_TEX@HOU,0.6827586206896552,1,2021-05-13,0.5899162752976999
2021-05-13_OAK@BOS,0.5511811023622046,1,2021-05-13,0.5108859078822592
2021-05-13_KC@DET,0.4253521126760563,0,2021-05-13,0.4671346264365964
2021-05-13_SF@PIT,0.4822834645669291,0,2021-05-13,0.4870746682362811
2021-05-13_TOR@ATL,0.6827586206896552,1,2021-05-13,0.5739652848255492
2021-05-13_STL@MIL,0.45825049701789267,1,2021-05-13,0.4763839846992005
2021-05-13_PHI@WSH,1.0,1,2021-05-13,0.7565473373993962
2021-05-14_ATL@MIL,0.4253521126760563,0,2021-05-14,0.46359350075778705
2021-05-14_SF@PIT,0.5511811023622046,0,2021-05-14,0.5122839047529955
2021-05-14_CIN@COL,0.4822834645669291,1,2021-05-14,0.48827657514696143
2021-05-14_TEX@HOU,0.4253521126760563,0,2021-05-14,0.4657716070738127
2021-05-14_NYM@TB,0.4253521126760563,0,2021-05-14,0.4421751387504099
2021-05-14_CLE@SEA,0.6553191489361702,1,2021-05-14,0.5635315436429948
2021-05-14_PHI@TOR,0.5511811023622046,0,2021-05-14,0.511293696564183
2021-05-14_CHC@DET,0.45825049701789267,0,2021-05-14,0.48425218385009494
2021-05-14_OAK@MIN,0.5511811023622046,0,2021-05-14,0.5110589257641494
2021-05-14_KC@CWS,0.6827586206896552,1,2021-05-14,0.5771734023872372
2021-05-14_KC@CWS,0.6553191489361702,0,2021-05-14,0.5619012223536692
2021-05-14_NYY@BAL,0.5511811023622046,1,2021-05-14,0.5111479295509828
2021-05-14_MIA@LAD,0.6211656441717791,0,2021-05-14,0.5419200360966009
2021-05-14_WSH@AZ,0.3881656804733728,1,2021-05-14,0.4311374526680217
2021-05-14_LAA@BOS,0.4253521126760563,0,2021-05-14,0.4673173621084352
2021-05-14_STL@SD,0.6553191489361702,1,2021-05-14,0.5623549677385922
2021-05-15_PHI@TOR,0.49743589743589745,1,2021-05-15,0.49429709364402385
2021-05-15_CIN@COL,0.6827586206896552,1,2021-05-15,0.5744301613187894
2021-05-15_TEX@HOU,0.3881656804733728,1,2021-05-15,0.4381484062773241
2021-05-15_CHC@DET,0.6827586206896552,1,2021-05-15,0.5862251391774809
2021-05-15_KC@CWS,0.4253521126760563,1,2021-05-15,0.4478036792652512
2021-05-15_NYM@TB,0.5369261477045908,1,2021-05-15,0.5099605108457264
2021-05-15_NYY@BAL,0.4253521126760563,1,2021-05-15,0.4540314557888254
2021-05-15_WSH@AZ,0.45825049701789267,1,2021-05-15,0.47399295272585684
2021-05-15_MIA@LAD,0.5511811023622046,0,2021-05-15,0.5165540887381408
2021-05-15_LAA@BOS,0.45825049701789267,1,2021-05-15,0.47632288399161926
2021-05-15_CLE@SEA,0.4253521126760563,1,2021-05-15,0.4527525921293398
2021-05-15_SF@PIT,0.6211656441717791,1,2021-05-15,0.5433567073168817
2021-05-15_STL@SD,0.6211656441717791,1,2021-05-15,0.5310192871467828
2021-05-15_OAK@MIN,0.6827586206896552,1,2021-05-15,0.59496710794874
2021-05-15_ATL@MIL,0.4253521126760563,1,2021-05-15,0.4548840043426863
2021-05-16_NYY@BAL,0.49743589743589745,1,2021-05-16,0.49427454345136
2021-05-16_CHC@DET,0.4253521126760563,0,2021-05-16,0.4442481836490112
2021-05-16_STL@SD,0.4253521126760563,1,2021-05-16,0.4671079925112094
2021-05-16_SF@PIT,0.6553191489361702,1,2021-05-16,0.5611555607214007
2021-05-16_CIN@COL,0.7407407407407407,0,2021-05-16,0.6429947975732437
2021-05-16_LAA@BOS,0.34210526315789475,0,2021-05-16,0.4211559731450343
2021-05-16_PHI@TOR,0.5331491712707183,1,2021-05-16,0.4991741608708351
2021-05-16_NYM@TB,0.4253521126760563,0,2021-05-16,0.4657414106476394
2021-05-16_MIA@LAD,0.5369261477045908,0,2021-05-16,0.5065268110602308
2021-05-16_KC@CWS,0.8,1,2021-05-16,0.7177343530145492
2021-05-16_WSH@AZ,0.1888111888111888,0,2021-05-16,0.38417653589799294
2021-05-16_ATL@MIL,0.4253521126760563,0,2021-05-16,0.44665341488796495
2021-05-16_TEX@HOU,0.4253521126760563,1,2021-05-16,0.46667786646715204
2021-05-16_CLE@SEA,0.4822834645669291,1,2021-05-16,0.49073180853635123
2021-05-16_OAK@MIN,0.3881656804733728,0,2021-05-16,0.43287721111725563
2021-05-17_CWS@MIN,0.4253521126760563,1,2021-05-17,0.45530470235053
2021-05-17_CLE@LAA,0.4822834645669291,1,2021-05-17,0.492858736370395
2021-05-17_AZ@LAD,0.45825049701789267,0,2021-05-17,0.47106527601485526
2021-05-17_SF@CIN,0.6211656441717791,1,2021-05-17,0.551136338404953
2021-05-17_NYY@TEX,0.265993265993266,1,2021-05-17,0.4023721789909426
2021-05-17_NYM@ATL,0.4253521126760563,0,2021-05-17,0.4431219507231984
2021-05-17_DET@SEA,0.5369261477045908,0,2021-05-17,0.5053133648776653
2021-05-17_COL@SD,0.6827586206896552,1,2021-05-17,0.5676972764169423
2021-05-17_WSH@CHC,0.45825049701789267,1,2021-05-17,0.47816705505904766
2021-05-18_SF@CIN,0.5369261477045908,1,2021-05-18,0.5078394544118613
2021-05-18_COL@SD,0.4822834645669291,0,2021-05-18,0.4860919766531696
2021-05-18_MIL@KC,0.4253521126760563,0,2021-05-18,0.4642847525778282
2021-05-18_WSH@CHC,0.6211656441717791,0,2021-05-18,0.5316392756591098
2021-05-18_AZ@LAD,0.4253521126760563,1,2021-05-18,0.46013300806105173
2021-05-18_MIA@PHI,0.4253521126760563,0,2021-05-18,0.46635907430626744
2021-05-18_NYY@TEX,0.265993265993266,0,2021-05-18,0.3921736695944066
2021-05-18_HOU@OAK,0.49743589743589745,1,2021-05-18,0.4946450845573189
2021-05-18_BOS@TOR,0.45825049701789267,0,2021-05-18,0.48337964105673625
2021-05-18_TB@BAL,0.49743589743589745,0,2021-05-18,0.4962945530869052
2021-05-18_CLE@LAA,0.7157894736842105,1,2021-05-18,0.6103022175689772
2021-05-18_CWS@MIN,0.4822834645669291,1,2021-05-18,0.48766471917925236
2021-05-18_NYM@ATL,0.4253521126760563,0,2021-05-18,0.45577788129152363
2021-05-18_PIT@STL,0.6211656441717791,1,2021-05-18,0.5506386387063353
2021-05-18_DET@SEA,0.5369261477045908,1,2021-05-18,0.5037259851033338
2021-05-19_DET@SEA,0.45825049701789267,1,2021-05-19,0.47496037125565993
2021-05-19_CWS@MIN,0.5511811023622046,0,2021-05-19,0.5158691295887493
2021-05-19_COL@SD,0.4253521126760563,0,2021-05-19,0.466272976978232
2021-05-19_WSH@CHC,0.4253521126760563,0,2021-05-19,0.4595841200657348
2021-05-19_MIA@PHI,0.6827586206896552,0,2021-05-19,0.5712864196227516
2021-05-19_TB@BAL,0.6211656441717791,1,2021-05-19,0.5316177451438213
2021-05-19_BOS@TOR,0.6211656441717791,1,2021-05-19,0.5472605353082529
2021-05-19_NYM@ATL,0.34210526315789475,0,2021-05-19,0.4207645165226862
2021-05-19_CLE@LAA,0.4253521126760563,1,2021-05-19,0.4518070407363032
2021-05-19_SF@CIN,0.4253521126760563,0,2021-05-19,0.4516870752834645
2021-05-19_MIL@KC,0.4253521126760563,1,2021-05-19,0.46634487291856175
2021-05-19_HOU@OAK,0.4822834645669291,1,2021-05-19,0.4924954014737223
2021-05-19_PIT@STL,0.7407407407407407,1,2021-05-19,0.6550868122666642
2021-05-19_NYY@TEX,0.45825049701789267,0,2021-05-19,0.47091471317743083
2021-05-19_AZ@LAD,0.6211656441717791,0,2021-05-19,0.5388821654357131
2021-05-20_MIA@PHI,0.6211656441717791,0,2021-05-20,0.5368583135565969
2021-05-20_HOU@OAK,0.45825049701789267,1,2021-05-20,0.47133363615192814
2021-05-20_SF@CIN,0.6211656441717791,1,2021-05-20,0.5348469327455583
2021-05-20_PIT@ATL,0.6211656441717791,1,2021-05-20,0.5345026131522238
2021-05-20_BOS@TOR,0.4253521126760563,1,2021-05-20,0.45637030619488295
2021-05-20_WSH@CHC,0.4253521126760563,1,2021-05-20,0.4509092311023867
2021-05-20_MIN@LAA,0.5511811023622046,1,2021-05-20,0.5234460469770351
2021-05-20_MIN@LAA,0.5511811023622046,1,2021-05-20,0.5145775915942004
2021-05-20_TB@BAL,0.3881656804733728,0,2021-05-20,0.42605070902984277
2021-05-20_AZ@LAD,0.45825049701789267,0,2021-05-20,0.46899309664706246
2021-05-20_NYY@TEX,0.3466666666666667,0,2021-05-20,0.4228889882328609
2021-05-21_OAK@LAA,0.7407407407407407,0,2021-05-21,0.6733583514226854
2021-05-21_CWS@NYY,0.49743589743589745,0,2021-05-21,0.4962789288347016
2021-05-21_LAD@SF,0.3881656804733728,0,2021-05-21,0.4288230657810598
2021-05-21_NYM@MIA,0.45825049701789267,1,2021-05-21,0.47374456457841596
2021-05-21_BAL@WSH,0.4253521126760563,0,2021-05-21,0.4456450196798549
2021-05-21_MIN@CLE,0.4253521126760563,0,2021-05-21,0.46438741175562226
2021-05-21_MIL@CIN,0.5331491712707183,1,2021-05-21,0.5007443661182007
2021-05-21_AZ@COL,0.6211656441717791,1,2021-05-21,0.537847199286033
2021-05-21_SEA@SD,0.6827586206896552,1,2021-05-21,0.5885699196724714
2021-05-21_CHC@STL,0.6827586206896552,1,2021-05-21,0.5698259660167926
2021-05-21_HOU@TEX,0.4253521126760563,0,2021-05-21,0.46785516420663975
2021-05-21_BOS@PHI,0.6211656441717791,1,2021-05-21,0.5313470196338057
2021-05-21_DET@KC,0.34210526315789475,0,2021-05-21,0.42061876771463136
2021-05-21_PIT@ATL,0.7407407407407407,1,2021-05-21,0.6407060255373094
2021-05-21_TB@TOR,0.4253521126760563,1,2021-05-21,0.46287514015493547
2021-05-22_MIL@CIN,0.4253521126760563,0,2021-05-22,0.45679761977067646
2021-05-22_DET@KC,0.3881656804733728,1,2021-05-22,0.42426588175092106
2021-05-22_BOS@PHI,0.7407407407407407,0,2021-05-22,0.6332398226487925
2021-05-22_LAD@SF,0.45825049701789267,1,2021-05-22,0.4760485321035237
2021-05-22_AZ@COL,0.45825049701789267,0,2021-05-22,0.4838204838401887
2021-05-22_NYM@MIA,0.4822834645669291,0,2021-05-22,0.48674627523044744
2021-05-22_OAK@LAA,0.6553191489361702,1,2021-05-22,0.5657316149723332
2021-05-22_TB@TOR,0.4253521126760563,1,2021-05-22,0.4684029085257029
2021-05-22_SEA@SD,0.45825049701789267,0,2021-05-22,0.47965842236471345
2021-05-22_HOU@TEX,0.9090909090909091,1,2021-05-22,0.731014022048003
2021-05-22_CHC@STL,0.4253521126760563,1,2021-05-22,0.45232595907758966
2021-05-22_CWS@NYY,0.45825049701789267,0,2021-05-22,0.47593098469935824
2021-05-22_MIN@CLE,0.5511811023622046,1,2021-05-22,0.5197132564180919
2021-05-22_PIT@ATL,0.4822834645669291,1,2021-05-22,0.49214023877999324
2021-05-22_BAL@WSH,0.4253521126760563,1,2021-05-22,0.44903917577947683
2021-05-23_BAL@WSH,0.6211656441717791,1,2021-05-23,0.5314723282469336
2021-05-23_CHC@STL,0.5331491712707183,0,2021-05-23,0.4977186957873351
2021-05-23_PIT@ATL,0.45825049701789267,1,2021-05-23,0.4823665272293558
2021-05-23_AZ@COL,0.45825049701789267,0,2021-05-23,0.47684105682762945
2021-05-23_SEA@SD,0.3466666666666667,0,2021-05-23,0.42183045292668186
2021-05-23_NYM@MIA,0.4253521126760563,0,2021-05-23,0.4521334601876519
2021-05-23_OAK@LAA,0.45825049701789267,0,2021-05-23,0.4806125644487761
2021-05-23_MIL@CIN,0.5511811023622046,1,2021-05-23,0.5108358678882414
2021-05-23_DET@KC,0.4253521126760563,1,2021-05-23,0.4601075519344964
2021-05-23_TB@TOR,0.4822834645669291,1,2021-05-23,0.4924843118994018
2021-05-23_MIN@CLE,0.4253521126760563,1,2021-05-23,0.4465931277213978
2021-05-23_CWS@NYY,0.6827586206896552,1,2021-05-23,0.5778804127484654
2021-05-23_HOU@TEX,0.4253521126760563,0,2021-05-23,0.4523171998283373
2021-05-23_LAD@SF,0.34210526315789475,0,2021-05-23,0.4209828270520629
2021-05-23_BOS@PHI,0.6211656441717791,1,2021-05-23,0.5386122850539891
2021-05-24_SEA@OAK,0.45825049701789267,1,2021-05-24,0.4843897622437129
2021-05-24_COL@NYM,0.4822834645669291,0,2021-05-24,0.49303076694095826
2021-05-24_BAL@MIN,0.4253521126760563,1,2021-05-24,0.4664836428599981
2021-05-24_PHI@MIA,0.5331491712707183,0,2021-05-24,0.5014899536910942
2021-05-24_CLE@DET,0.4253521126760563,0,2021-05-24,0.45253325476696016
2021-05-24_STL@CWS,0.268041237113402,0,2021-05-24,0.40937577398394276
2021-05-24_TB@TOR,0.4253521126760563,1,2021-05-24,0.45123493720160934
2021-05-24_SD@MIL,0.4253521126760563,0,2021-05-24,0.46729826111961115
2021-05-25_TEX@LAA,0.45825049701789267,1,2021-05-25,0.4822325025309806
2021-05-25_COL@NYM,0.4253521126760563,1,2021-05-25,0.4569341301688774
2021-05-25_PHI@MIA,0.4253521126760563,0,2021-05-25,0.45284822897325083
2021-05-25_ATL@BOS,0.5369261477045908,1,2021-05-25,0.505506896207649
2021-05-25_TOR@NYY,0.4253521126760563,0,2021-05-25,0.44548102068083995
2021-05-25_LAD@HOU,0.1888111888111888,0,2021-05-25,0.3851029189034285
2021-05-25_STL@CWS,0.268041237113402,1,2021-05-25,0.41387055608060175
2021-05-25_SEA@OAK,0.7407407407407407,1,2021-05-25,0.6194363650669266
2021-05-25_CHC@PIT,0.49743589743589745,1,2021-05-25,0.49431998147951195
2021-05-25_CLE@DET,0.3881656804733728,1,2021-05-25,0.4395343307550126
2021-05-25_SD@MIL,0.3881656804733728,0,2021-05-25,0.43854410203767
2021-05-25_CIN@WSH,0.4253521126760563,0,2021-05-25,0.4656985285365066
2021-05-25_SF@AZ,0.5369261477045908,1,2021-05-25,0.5057506926611643
2021-05-25_BAL@MIN,0.45825049701789267,0,2021-05-25,0.48301250158484055
2021-05-25_KC@TB,0.4253521126760563,0,2021-05-25,0.44141294381610774
2021-05-26_TEX@LAA,0.49743589743589745,1,2021-05-26,0.49593375100038173
2021-05-26_SF@AZ,0.3881656804733728,1,2021-05-26,0.43095278427966677
2021-05-26_CIN@WSH,0.5369261477045908,1,2021-05-26,0.5073242451191795
2021-05-26_BAL@MIN,0.4253521126760563,1,2021-05-26,0.4578883527307269
2021-05-26_SD@MIL,0.5331491712707183,1,2021-05-26,0.5022432128950269
2021-05-26_ATL@BOS,0.4253521126760563,1,2021-05-26,0.4516496859360961
2021-05-26_LAD@HOU,0.3881656804733728,1,2021-05-26,0.4296547889873905
2021-05-26_SEA@OAK,0.4253521126760563,1,2021-05-26,0.4416317483242961
2021-05-26_CHC@PIT,0.6211656441717791,0,2021-05-26,0.5430916678543314
2021-05-26_PHI@MIA,0.3881656804733728,0,2021-05-26,0.43116445430025874
2021-05-26_KC@TB,0.3881656804733728,0,2021-05-26,0.4299861156106646
2021-05-26_STL@CWS,0.7407407407407407,0,2021-05-26,0.6375936072475966
2021-05-26_CLE@DET,0.3881656804733728,0,2021-05-26,0.4231472752154273
2021-05-27_BAL@CWS,0.45825049701789267,0,2021-05-27,0.4700226999605722
2021-05-27_SF@LAD,0.29896907216494845,0,2021-05-27,0.41462249528293127
2021-05-27_TOR@NYY,0.4822834645669291,1,2021-05-27,0.4900591974249786
2021-05-27_TEX@SEA,0.5369261477045908,0,2021-05-27,0.5099026335480852
2021-05-27_SD@MIL,0.5511811023622046,0,2021-05-27,0.5106500176821716
2021-05-27_KC@TB,0.4253521126760563,1,2021-05-27,0.4431190947548168
2021-05-27_STL@AZ,0.3881656804733728,0,2021-05-27,0.42746036743184035
2021-05-27_CHC@PIT,0.4253521126760563,1,2021-05-27,0.4631332159615883
2021-05-27_COL@NYM,0.4253521126760563,0,2021-05-27,0.44704204323081254
2021-05-27_CLE@DET,0.4253521126760563,1,2021-05-27,0.45751870679693163
2021-05-27_COL@NYM,0.4822834645669291,1,2021-05-27,0.4931576079993455
2021-05-27_PHI@MIA,0.45825049701789267,0,2021-05-27,0.4818330751565921
2021-05-27_CIN@WSH,0.4253521126760563,1,2021-05-27,0.4640777599009702
2021-05-27_LAA@OAK,0.45825049701789267,0,2021-05-27,0.47998576973013585
2021-05-27_TOR@NYY,0.45825049701789267,0,2021-05-27,0.4786571631767531
2021-05-28_NYY@DET,0.5331491712707183,0,2021-05-28,0.4981064223246352
2021-05-28_SD@HOU,0.45825049701789267,0,2021-05-28,0.47137049355638005
2021-05-28_KC@MIN,0.45825049701789267,0,2021-05-28,0.4803681757687328
2021-05-28_MIA@BOS,0.3881656804733728,0,2021-05-28,0.42857520227533874
2021-05-28_STL@AZ,0.4253521126760563,1,2021-05-28,0.458738026888449
2021-05-28_SF@LAD,0.4253521126760563,0,2021-05-28,0.4424161033828369
2021-05-28_LAA@OAK,0.4253521126760563,0,2021-05-28,0.4480833739917639
2021-05-28_CIN@CHC,0.4822834645669291,0,2021-05-28,0.4850874990349707
2021-05-28_TOR@CLE,0.5369261477045908,1,2021-05-28,0.5099280404677631
2021-05-28_TEX@SEA,0.265993265993266,0,2021-05-28,0.4032254023856797
2021-05-29_KC@MIN,0.45825049701789267,1,2021-05-29,0.4804577664914904
2021-05-29_SD@HOU,0.7157894736842105,0,2021-05-29,0.6050004359001743
2021-05-29_MIA@BOS,0.4253521126760563,0,2021-05-29,0.4639801658916922
2021-05-29_STL@AZ,0.45825049701789267,1,2021-05-29,0.4782569014009771
2021-05-29_PHI@TB,0.4253521126760563,1,2021-05-29,0.4495265430554475
2021-05-29_ATL@NYM,0.45825049701789267,1,2021-05-29,0.4787437790829997
2021-05-29_BAL@CWS,0.6827586206896552,1,2021-05-29,0.5717615504281779
2021-05-29_NYY@DET,0.265993265993266,0,2021-05-29,0.39453054074985805
2021-05-29_COL@PIT,0.3881656804733728,1,2021-05-29,0.43902041987976537
2021-05-29_SF@LAD,0.5511811023622046,1,2021-05-29,0.5206108292955836
2021-05-29_COL@PIT,0.4253521126760563,0,2021-05-29,0.4510535239780604
2021-05-29_CIN@CHC,0.6553191489361702,0,2021-05-29,0.560688312362227
2021-05-29_MIL@WSH,0.5369261477045908,0,2021-05-29,0.5050729629091916
2021-05-29_BAL@CWS,0.265993265993266,0,2021-05-29,0.394472004405525
2021-05-29_TEX@SEA,0.4253521126760563,0,2021-05-29,0.45096233627356086
2021-05-29_LAA@OAK,0.3881656804733728,0,2021-05-29,0.4289072775971693
2021-05-29_MIL@WSH,0.3881656804733728,1,2021-05-29,0.43897649621377
2021-05-30_NYY@DET,0.45825049701789267,1,2021-05-30,0.48215249554597894
2021-05-30_KC@MIN,0.6827586206896552,1,2021-05-30,0.5794442697608088
2021-05-30_BAL@CWS,0.45825049701789267,0,2021-05-30,0.4794390424371706
2021-05-30_LAA@OAK,0.4822834645669291,0,2021-05-30,0.4889180084094329
2021-05-30_PHI@TB,0.4253521126760563,0,2021-05-30,0.4584577401592018
2021-05-30_SF@LAD,0.6827586206896552,1,2021-05-30,0.6010977066256602
2021-05-30_TEX@SEA,0.45825049701789267,1,2021-05-30,0.47597209325280976
2021-05-30_COL@PIT,0.5369261477045908,0,2021-05-30,0.5085992182693864
2021-05-30_TOR@CLE,0.4253521126760563,0,2021-05-30,0.4442386588867252
2021-05-30_CIN@CHC,0.3881656804733728,1,2021-05-30,0.4275661895594117
2021-05-30_MIL@WSH,0.268041237113402,1,2021-05-30,0.4112266363646482
2021-05-30_TOR@CLE,0.4253521126760563,0,2021-05-30,0.46660202574408394
2021-05-30_SD@HOU,0.3881656804733728,1,2021-05-30,0.42840601001223155
2021-05-30_STL@AZ,0.5511811023622046,1,2021-05-30,0.5203238447904545
2021-05-31_OAK@SEA,0.45825049701789267,0,2021-05-31,0.47915668413116863
2021-05-31_STL@LAD,0.5511811023622046,0,2021-05-31,0.524280217198269
2021-05-31_PHI@CIN,0.4253521126760563,0,2021-05-31,0.4440957622622601
2021-05-31_WSH@ATL,0.45825049701789267,1,2021-05-31,0.4832822339900331
2021-05-31_SD@CHC,0.3881656804733728,0,2021-05-31,0.42474777238826134
2021-05-31_DET@MIL,0.4253521126760563,0,2021-05-31,0.4623717388796419
2021-05-31_CWS@CLE,0.4253521126760563,1,2021-05-31,0.4528986819672546
2021-05-31_MIN@BAL,0.5511811023622046,0,2021-05-31,0.5185114899486881
2021-05-31_CWS@CLE,0.5369261477045908,0,2021-05-31,0.5042558083443353
2021-05-31_PIT@KC,0.6211656441717791,1,2021-05-31,0.5315612530443634
2021-05-31_TB@NYY,0.268041237113402,0,2021-05-31,0.410097380093179
2021-05-31_NYM@AZ,0.3881656804733728,0,2021-05-31,0.4286183181126322
2021-05-31_LAA@SF,0.29896907216494845,0,2021-05-31,0.4143202367241756
2021-05-31_BOS@HOU,0.4253521126760563,0,2021-05-31,0.4528718209702173
2021-06-01_NYM@AZ,0.4253521126760563,0,2021-06-01,0.44112581827039443
2021-06-01_MIN@BAL,0.265993265993266,1,2021-06-01,0.40627944020446105
2021-06-01_MIA@TOR,0.5369261477045908,0,2021-06-01,0.5070022026441369
2021-06-01_TB@NYY,0.3881656804733728,1,2021-06-01,0.4336230778067708
2021-06-01_WSH@ATL,0.7407407407407407,1,2021-06-01,0.6217948490382488
2021-06-01_PHI@CIN,0.3881656804733728,0,2021-06-01,0.43299162243081024
2021-06-01_OAK@SEA,0.45825049701789267,0,2021-06-01,0.4788982129039392
2021-06-01_LAA@SF,0.4253521126760563,0,2021-06-01,0.4491621939153143
2021-06-01_BOS@HOU,0.5511811023622046,1,2021-06-01,0.5249632128618678
2021-06-01_PIT@KC,0.45825049701789267,1,2021-06-01,0.47634788999690547
2021-06-01_SD@CHC,0.4253521126760563,0,2021-06-01,0.44934008676194126
2021-06-01_TEX@COL,0.6827586206896552,1,2021-06-01,0.5749058846400537
2021-06-01_DET@MIL,0.5369261477045908,1,2021-06-01,0.5046053405233139
2021-06-01_CWS@CLE,0.3881656804733728,1,2021-06-01,0.43528666124718274
2021-06-01_STL@LAD,0.265993265993266,1,2021-06-01,0.39261612785170363
2021-06-02_TB@NYY,0.6211656441717791,1,2021-06-02,0.5366213507922879
2021-06-02_BOS@HOU,0.6827586206896552,1,2021-06-02,0.5745384290981583
2021-06-02_TEX@COL,0.6827586206896552,0,2021-06-02,0.5762635162843843
2021-06-02_WSH@ATL,0.4253521126760563,0,2021-06-02,0.45159281133838247
2021-06-02_STL@LAD,0.6211656441717791,1,2021-06-02,0.5396623545251042
2021-06-02_MIN@BAL,0.4253521126760563,0,2021-06-02,0.44607999241447116
2021-06-02_SD@CHC,0.45825049701789267,0,2021-06-02,0.4710993931194636
2021-06-02_MIA@TOR,0.45825049701789267,0,2021-06-02,0.4834965080625052
2021-06-02_OAK@SEA,0.4253521126760563,0,2021-06-02,0.4571002698565839
2021-06-02_NYM@AZ,0.6827586206896552,1,2021-06-02,0.5750540400913712
2021-06-03_SEA@LAA,0.4822834645669291,0,2021-06-03,0.48959636204042567
2021-06-03_CIN@STL,0.45825049701789267,1,2021-06-03,0.47880189107747706
2021-06-03_WSH@ATL,0.5369261477045908,0,2021-06-03,0.5035407840844268
2021-06-03_NYM@SD,0.6827586206896552,0,2021-06-03,0.5693173131956677
2021-06-03_CHC@SF,0.5331491712707183,0,2021-06-03,0.4984248050771075
2021-06-03_BOS@HOU,0.5511811023622046,0,2021-06-03,0.5115503236874132
2021-06-03_MIN@KC,0.4253521126760563,1,2021-06-03,0.461629246138623
2021-06-03_MIA@PIT,0.4253521126760563,0,2021-06-03,0.4456814773502932
2021-06-03_TEX@COL,0.45825049701789267,0,2021-06-03,0.47831209666103913
2021-06-03_AZ@MIL,0.3466666666666667,0,2021-06-03,0.422452777259691
2021-06-03_TB@NYY,0.45825049701789267,0,2021-06-03,0.48091519566740715
2021-06-03_DET@CWS,0.6211656441717791,1,2021-06-03,0.5298324467693006
2021-06-04_BOS@NYY,0.5331491712707183,1,2021-06-04,0.5001234616983277
2021-06-04_CIN@STL,0.5369261477045908,0,2021-06-04,0.5053833707948323
2021-06-04_CLE@BAL,0.5369261477045908,0,2021-06-04,0.5032943242318476
2021-06-04_CHC@SF,0.45825049701789267,1,2021-06-04,0.48165105262130237
2021-06-04_NYM@SD,0.5331491712707183,1,2021-06-04,0.4989493286034673
2021-06-04_HOU@TOR,0.4253521126760563,0,2021-06-04,0.45714220785538073
2021-06-04_TB@TEX,0.4822834645669291,0,2021-06-04,0.48864567579878404
2021-06-04_AZ@MIL,0.6827586206896552,1,2021-06-04,0.5721912952311612
2021-06-04_OAK@COL,0.6827586206896552,1,2021-06-04,0.599765819905267
2021-06-04_WSH@PHI,0.3466666666666667,0,2021-06-04,0.42206773578543977
2021-06-04_SEA@LAA,0.4822834645669291,1,2021-06-04,0.49234905522476846
2021-06-04_MIN@KC,0.5511811023622046,1,2021-06-04,0.512374333255167
2021-06-04_MIA@PIT,0.6211656441717791,1,2021-06-04,0.5306064525823766
2021-06-04_DET@CWS,0.4253521126760563,0,2021-06-04,0.4447724458121717
2021-06-04_LAD@ATL,0.6211656441717791,1,2021-06-04,0.5374139730355314
2021-06-05_HOU@TOR,0.3881656804733728,0,2021-06-05,0.4306644297594384
2021-06-05_MIA@PIT,0.6553191489361702,0,2021-06-05,0.5557748128223303
2021-06-05_CIN@STL,0.7944454182786804,1,2021-06-05,0.7148542164577585
2021-06-05_MIN@KC,0.5331491712707183,0,2021-06-05,0.5027128493274426
2021-06-05_WSH@PHI,0.45825049701789267,0,2021-06-05,0.4745081566639989
2021-06-05_CLE@BAL,0.5511811023622046,1,2021-06-05,0.5163738526894349
2021-06-05_BOS@NYY,0.45825049701789267,0,2021-06-05,0.47039634365176297
2021-06-05_DET@CWS,0.45825049701789267,1,2021-06-05,0.475159119042729
2021-06-05_AZ@MIL,0.3881656804733728,1,2021-06-05,0.43585842182691326
2021-06-05_LAD@ATL,0.6827586206896552,1,2021-06-05,0.5681907054599463
2021-06-05_NYM@SD,0.3881656804733728,0,2021-06-05,0.4336198691720756
2021-06-05_OAK@COL,0.5369261477045908,1,2021-06-05,0.5097126940467289
2021-06-05_TB@TEX,0.4253521126760563,1,2021-06-05,0.45508818750184543
2021-06-05_SEA@LAA,0.45825049701789267,1,2021-06-05,0.47775625784544795
2021-06-05_CHC@SF,0.4253521126760563,0,2021-06-05,0.46497451862041317
2021-06-06_HOU@TOR,0.29896907216494845,1,2021-06-06,0.4167072410305305
2021-06-06_DET@CWS,0.7407407407407407,0,2021-06-06,0.6286468946834998
2021-06-06_MIA@PIT,0.3881656804733728,1,2021-06-06,0.4342111451358103
2021-06-06_CHC@SF,0.6827586206896552,1,2021-06-06,0.5711559800923232
2021-06-06_AZ@MIL,0.4822834645669291,0,2021-06-06,0.48497750261429085
2021-06-06_OAK@COL,0.49743589743589745,0,2021-06-06,0.4939075735623918
2021-06-06_TB@TEX,0.49743589743589745,1,2021-06-06,0.49412282646952
2021-06-06_WSH@PHI,0.45825049701789267,0,2021-06-06,0.48288668698019577
2021-06-06_MIN@KC,0.4253521126760563,0,2021-06-06,0.44465155751369523
2021-06-06_NYM@SD,0.49743589743589745,0,2021-06-06,0.49534485433270325
2021-06-06_SEA@LAA,0.5511811023622046,1,2021-06-06,0.5260586770163818
2021-06-06_CIN@STL,0.4253521126760563,1,2021-06-06,0.45243355291238707
2021-06-06_LAD@ATL,0.45825049701789267,0,2021-06-06,0.4739124181380755
2021-06-06_BOS@NYY,0.3881656804733728,1,2021-06-06,0.43182178718958375
2021-06-06_CLE@BAL,0.30434782608695654,1,2021-06-06,0.4188132663992683
2021-06-07_MIA@BOS,0.6827586206896552,1,2021-06-07,0.5873169337672649
2021-06-07_KC@LAA,0.45825049701789267,1,2021-06-07,0.4691856910227097
2021-06-07_CHC@SD,0.45825049701789267,1,2021-06-07,0.47305240102332635
2021-06-08_CLE@STL,0.3881656804733728,1,2021-06-08,0.4355160125071077
2021-06-08_SF@TEX,0.3881656804733728,0,2021-06-08,0.43404763348667164
2021-06-08_NYM@BAL,0.4822834645669291,1,2021-06-08,0.485186599704892
2021-06-08_AZ@OAK,0.4253521126760563,0,2021-06-08,0.44637249772612386
2021-06-08_LAD@PIT,0.3881656804733728,0,2021-06-08,0.437581321162697
2021-06-08_CHC@SD,0.45825049701789267,0,2021-06-08,0.47631189065091195
2021-06-08_WSH@TB,0.5511811023622046,1,2021-06-08,0.520724562637582
2021-06-08_SEA@DET,0.6827586206896552,1,2021-06-08,0.5761111009244995
2021-06-08_MIL@CIN,0.6211656441717791,0,2021-06-08,0.5501401970333077
2021-06-08_ATL@PHI,0.6827586206896552,1,2021-06-08,0.5794316884977058
2021-06-08_COL@MIA,0.6553191489361702,1,2021-06-08,0.5566270777539004
2021-06-08_TOR@CWS,0.4822834645669291,0,2021-06-08,0.48639172324667035
2021-06-08_NYY@MIN,0.4822834645669291,1,2021-06-08,0.48580161067136796
2021-06-08_KC@LAA,0.4253521126760563,1,2021-06-08,0.4680323143296399
2021-06-08_HOU@BOS,0.4253521126760563,1,2021-06-08,0.46502709230752104
2021-06-09_ATL@PHI,0.6553191489361702,0,2021-06-09,0.5624062839542777
2021-06-09_HOU@BOS,0.6553191489361702,1,2021-06-09,0.5623635200092287
2021-06-09_WSH@TB,0.4253521126760563,1,2021-06-09,0.45592436632450073
2021-06-09_LAD@PIT,0.6827586206896552,1,2021-06-09,0.5928743377764701
2021-06-09_NYM@BAL,0.4822834645669291,1,2021-06-09,0.4856166088453857
2021-06-09_AZ@OAK,0.45825049701789267,0,2021-06-09,0.47880828496551486
2021-06-09_NYY@MIN,0.45825049701789267,1,2021-06-09,0.4778446505597137
2021-06-09_CLE@STL,0.3881656804733728,1,2021-06-09,0.43889484804988
2021-06-09_KC@LAA,0.6827586206896552,0,2021-06-09,0.5780262027807089
2021-06-09_MIL@CIN,0.45825049701789267,1,2021-06-09,0.47426808964739553
2021-06-09_CHC@SD,0.45825049701789267,0,2021-06-09,0.47081604374847696
2021-06-09_COL@MIA,0.6827586206896552,1,2021-06-09,0.5766091367023869
2021-06-09_TOR@CWS,0.45825049701789267,1,2021-06-09,0.4720232791510801
2021-06-09_SEA@DET,0.45825049701789267,0,2021-06-09,0.4714388841936099
2021-06-09_SF@TEX,0.45825049701789267,0,2021-06-09,0.4746649993536598
2021-06-10_COL@MIA,0.6211656441717791,0,2021-06-10,0.5417388661936273
2021-06-10_LAD@PIT,0.6211656441717791,1,2021-06-10,0.5326605357619936
2021-06-10_TOR@CWS,0.3881656804733728,1,2021-06-10,0.4401332958856703
2021-06-10_SEA@DET,0.5511811023622046,1,2021-06-10,0.5224107682032916
2021-06-10_MIL@CIN,0.6553191489361702,1,2021-06-10,0.5657315097252813
2021-06-10_HOU@BOS,0.45825049701789267,0,2021-06-10,0.47962355137936197
2021-06-10_ATL@PHI,0.45825049701789267,0,2021-06-10,0.48274505862297157
2021-06-10_KC@OAK,0.49743589743589745,0,2021-06-10,0.49538866034352935
2021-06-10_NYY@MIN,0.6211656441717791,1,2021-06-10,0.5320022521248421
2021-06-11_LAA@AZ,0.30434782608695654,0,2021-06-11,0.4172739157006703
2021-06-11_ATL@MIA,0.7407407407407407,1,2021-06-11,0.6566002445006471
2021-06-11_TOR@BOS,0.6211656441717791,1,2021-06-11,0.5347313884338546
2021-06-11_HOU@MIN,0.6827586206896552,1,2021-06-11,0.5856259328736695
2021-06-11_BAL@TB,0.4822834645669291,0,2021-06-11,0.4871188763027475
2021-06-11_CWS@DET,0.5331491712707183,0,2021-06-11,0.49985396083321676
2021-06-11_KC@OAK,0.4253521126760563,0,2021-06-11,0.45998121083073573
2021-06-11_COL@CIN,0.6211656441717791,1,2021-06-11,0.5474698302580006
2021-06-11_STL@CHC,0.3881656804733728,0,2021-06-11,0.4231334753016678
2021-06-11_SEA@CLE,0.3881656804733728,1,2021-06-11,0.42672318449047286
2021-06-11_SD@NYM,0.30434782608695654,0,2021-06-11,0.4176218022505085
2021-06-11_SF@WSH,0.4253521126760563,0,2021-06-11,0.4667417769504594
2021-06-11_PIT@MIL,0.3881656804733728,0,2021-06-11,0.43539143279697556
2021-06-11_TEX@LAD,0.6827586206896552,1,2021-06-11,0.5966226464250282
2021-06-12_ATL@MIA,0.6827586206896552,1,2021-06-12,0.5675537381223184
2021-06-12_KC@OAK,0.45825049701789267,1,2021-06-12,0.4739560576174763
2021-06-12_BAL@TB,0.4253521126760563,1,2021-06-12,0.4503015094125439
2021-06-12_SF@WSH,0.5369261477045908,0,2021-06-12,0.5049646238907957
2021-06-12_CWS@DET,0.5511811023622046,1,2021-06-12,0.5271402816744488
2021-06-12_TEX@LAD,0.4253521126760563,0,2021-06-12,0.4590301880908543
2021-06-12_SEA@CLE,0.45825049701789267,1,2021-06-12,0.48211022508487955
2021-06-12_PIT@MIL,0.45825049701789267,1,2021-06-12,0.4722276932845515
2021-06-12_LAA@AZ,0.30434782608695654,0,2021-06-12,0.4186049208169125
2021-06-12_TOR@BOS,0.5511811023622046,1,2021-06-12,0.5124265854052538
2021-06-12_NYY@PHI,0.3881656804733728,1,2021-06-12,0.4285283594856196
2021-06-12_COL@CIN,0.6211656441717791,1,2021-06-12,0.5395974493819946
2021-06-12_SD@NYM,0.4253521126760563,1,2021-06-12,0.46013695733241267
2021-06-12_HOU@MIN,0.5511811023622046,0,2021-06-12,0.5183498822328894
2021-06-12_STL@CHC,0.4822834645669291,0,2021-06-12,0.4901862449328921
2021-06-12_SF@WSH,0.4253521126760563,1,2021-06-12,0.4594432812433876
2021-06-13_KC@OAK,0.6211656441717791,1,2021-06-13,0.5319710188384648
2021-06-13_CWS@DET,0.4822834645669291,0,2021-06-13,0.4901803832730498
2021-06-13_HOU@MIN,0.6827586206896552,1,2021-06-13,0.5737638655362836
2021-06-13_SF@WSH,0.4822834645669291,1,2021-06-13,0.49287558747842264
2021-06-13_COL@CIN,0.3881656804733728,1,2021-06-13,0.43997617009145185
2021-06-13_PIT@MIL,0.6827586206896552,1,2021-06-13,0.5864759252215004
2021-06-13_SEA@CLE,0.45825049701789267,0,2021-06-13,0.471955415314004
2021-06-13_NYY@PHI,0.7407407407407407,1,2021-06-13,0.631288527669664
2021-06-13_STL@CHC,0.4253521126760563,0,2021-06-13,0.4516959690647241
2021-06-13_BAL@TB,0.45825049701789267,0,2021-06-13,0.4725351296078817
2021-06-13_TEX@LAD,0.7407407407407407,1,2021-06-13,0.6270744334049092
2021-06-13_LAA@AZ,0.6827586206896552,1,2021-06-13,0.5774061150473051
2021-06-13_SD@NYM,0.5331491712707183,1,2021-06-13,0.4999239831497371
2021-06-13_TOR@BOS,0.5331491712707183,1,2021-06-13,0.5005516400260666
2021-06-13_ATL@MIA,0.5511811023622046,1,2021-06-13,0.5111349481498619
2021-06-14_PIT@WSH,0.4822834645669291,0,2021-06-14,0.4893017507146892
2021-06-14_MIA@STL,0.4253521126760563,0,2021-06-14,0.44500097392731
2021-06-14_TB@CWS,0.3881656804733728,1,2021-06-14,0.43160867690331506
2021-06-14_DET@KC,0.45825049701789267,1,2021-06-14,0.4780555777942399
2021-06-14_CIN@MIL,0.4253521126760563,1,2021-06-14,0.4540596984604558
2021-06-14_CHC@NYM,0.3881656804733728,0,2021-06-14,0.43206091072002006
2021-06-14_PHI@LAD,0.3881656804733728,1,2021-06-14,0.42376794534108986
2021-06-14_AZ@SF,0.4253521126760563,0,2021-06-14,0.468660274771019
2021-06-14_MIN@SEA,0.45825049701789267,1,2021-06-14,0.47013708509692975
2021-06-14_SD@COL,0.6211656441717791,0,2021-06-14,0.5427112261584783
2021-06-14_LAA@OAK,0.3881656804733728,0,2021-06-14,0.4312682582498596
2021-06-14_BAL@CLE,0.3881656804733728,1,2021-06-14,0.4358037757532397
2021-06-14_TOR@BOS,0.3881656804733728,0,2021-06-14,0.4299706216646635
2021-06-15_NYY@TOR,0.4822834645669291,1,2021-06-15,0.4870013821786484
2021-06-15_BOS@ATL,0.6211656441717791,1,2021-06-15,0.5520334077713865
2021-06-15_PHI@LAD,0.7407407407407407,1,2021-06-15,0.6769463745785139
2021-06-15_TB@CWS,0.45825049701789267,0,2021-06-15,0.4820476481331398
2021-06-15_CIN@MIL,0.5511811023622046,0,2021-06-15,0.5152633262779027
2021-06-15_AZ@SF,0.5369261477045908,1,2021-06-15,0.5047479967902758
2021-06-15_CHC@NYM,0.5331491712707183,0,2021-06-15,0.5023463767548149
2021-06-15_SD@COL,0.7157894736842105,1,2021-06-15,0.6042469759870219
2021-06-15_PIT@WSH,0.6211656441717791,1,2021-06-15,0.5501929718370908
2021-06-15_MIN@SEA,0.4253521126760563,1,2021-06-15,0.46117477784177974
2021-06-15_MIA@STL,0.6827586206896552,0,2021-06-15,0.5707003647717837
2021-06-15_DET@KC,0.265993265993266,1,2021-06-15,0.4031935247280707
2021-06-15_TEX@HOU,0.5511811023622046,0,2021-06-15,0.5191298411350764
2021-06-15_BAL@CLE,0.268041237113402,1,2021-06-15,0.41196863609955436
2021-06-15_LAA@OAK,0.4253521126760563,0,2021-06-15,0.45874661219905377
2021-06-16_CHC@NYM,0.4253521126760563,0,2021-06-16,0.4607822925515688
2021-06-16_TEX@HOU,0.6211656441717791,1,2021-06-16,0.5319999672549299
2021-06-16_LAA@OAK,0.6211656441717791,1,2021-06-16,0.5364987266403878
2021-06-16_DET@KC,0.4253521126760563,0,2021-06-16,0.44353601780822216
2021-06-16_TB@CWS,0.4822834645669291,0,2021-06-16,0.49169626939939415
2021-06-16_AZ@SF,0.4253521126760563,1,2021-06-16,0.46212508256553053
2021-06-16_PIT@WSH,0.4253521126760563,0,2021-06-16,0.4457293764608776
2021-06-16_NYY@TOR,0.4253521126760563,1,2021-06-16,0.46765535673107805
2021-06-16_MIN@SEA,0.45825049701789267,1,2021-06-16,0.48304702254534837
2021-06-16_BAL@CLE,0.6211656441717791,1,2021-06-16,0.5311544756947078
2021-06-16_SD@COL,0.49743589743589745,1,2021-06-16,0.49450175735024815
2021-06-16_CIN@MIL,0.6211656441717791,0,2021-06-16,0.5387248550285916
2021-06-16_BOS@ATL,0.6827586206896552,1,2021-06-16,0.5893663216921602
2021-06-16_PHI@LAD,0.6827586206896552,1,2021-06-16,0.6023782288221597
2021-06-16_MIA@STL,0.29896907216494845,0,2021-06-16,0.4146181853517681
2021-06-17_TB@SEA,0.265993265993266,0,2021-06-17,0.4015978306952177
2021-06-17_CHC@NYM,0.6211656441717791,1,2021-06-17,0.5504692625797158
2021-06-17_STL@ATL,0.4253521126760563,0,2021-06-17,0.45924141206054137
2021-06-17_CIN@SD,0.4253521126760563,0,2021-06-17,0.448992166938749
2021-06-17_MIL@COL,0.49743589743589745,1,2021-06-17,0.4954263073442374
2021-06-17_DET@LAA,0.4822834645669291,0,2021-06-17,0.49343431705310126
2021-06-17_AZ@SF,0.4253521126760563,0,2021-06-17,0.4522002848916963
2021-06-17_NYY@TOR,0.45825049701789267,0,2021-06-17,0.4835898490798757
2021-06-17_BAL@CLE,0.4253521126760563,1,2021-06-17,0.46518913236317605
2021-06-17_CWS@HOU,0.265993265993266,1,2021-06-17,0.3946521450578899
2021-06-18_BOS@KC,0.7157894736842105,0,2021-06-18,0.6110196077113689
2021-06-18_TOR@BAL,0.4822834645669291,1,2021-06-18,0.487169111234401
2021-06-18_CIN@SD,0.7407407407407407,1,2021-06-18,0.6493784884088385
2021-06-18_MIN@TEX,0.7407407407407407,1,2021-06-18,0.6524745712873171
2021-06-18_PHI@SF,0.5511811023622046,1,2021-06-18,0.5155677847802713
2021-06-18_DET@LAA,0.6827586206896552,0,2021-06-18,0.5880005166587849
2021-06-18_LAD@AZ,0.45825049701789267,0,2021-06-18,0.47369867424854273
2021-06-18_STL@ATL,0.6211656441717791,1,2021-06-18,0.5287032011230898
2021-06-18_OAK@NYY,0.6211656441717791,1,2021-06-18,0.5288925616583553
2021-06-18_CWS@HOU,0.45825049701789267,1,2021-06-18,0.4712512131748515
2021-06-18_TB@SEA,0.3881656804733728,1,2021-06-18,0.4351618487424236
2021-06-18_MIL@COL,0.265993265993266,0,2021-06-18,0.3986987826039652
2021-06-18_MIA@CHC,0.7407407407407407,1,2021-06-18,0.6192449408918297
2021-06-18_NYM@WSH,0.45825049701789267,0,2021-06-18,0.4718463939843276
2021-06-18_CLE@PIT,0.4822834645669291,1,2021-06-18,0.49070182044792743
2021-06-19_TOR@BAL,0.4253521126760563,1,2021-06-19,0.44511264426925345
2021-06-19_MIL@COL,0.45825049701789267,1,2021-06-19,0.48312987449589195
2021-06-19_TB@SEA,0.30434782608695654,0,2021-06-19,0.41780504219480785
2021-06-19_DET@LAA,0.4822834645669291,0,2021-06-19,0.4862368278010273
2021-06-19_NYM@WSH,0.5331491712707183,1,2021-06-19,0.5016928396737776
2021-06-19_NYM@WSH,0.49743589743589745,1,2021-06-19,0.4953348139768122
2021-06-19_CWS@HOU,0.7407407407407407,1,2021-06-19,0.6192322559485308
2021-06-19_PHI@SF,0.4253521126760563,1,2021-06-19,0.4428520171626211
2021-06-19_CLE@PIT,0.3881656804733728,0,2021-06-19,0.43595733556268157
2021-06-19_MIN@TEX,0.5331491712707183,0,2021-06-19,0.49768713735776027
2021-06-19_CIN@SD,0.7407407407407407,1,2021-06-19,0.6329210836206474
2021-06-19_LAD@AZ,0.265993265993266,1,2021-06-19,0.39752223147023225
2021-06-19_OAK@NYY,0.4253521126760563,1,2021-06-19,0.44450140726266196
2021-06-19_BOS@KC,0.4822834645669291,1,2021-06-19,0.4849492833872363
2021-06-19_MIA@CHC,0.45825049701789267,1,2021-06-19,0.4722534123254417
2021-06-20_MIA@CHC,0.3881656804733728,0,2021-06-20,0.4235528696734556
2021-06-20_TOR@BAL,0.45825049701789267,1,2021-06-20,0.474362763639655
2021-06-20_CLE@PIT,0.45825049701789267,0,2021-06-20,0.47186506545917406
2021-06-20_TB@SEA,0.4253521126760563,0,2021-06-20,0.4673813208679233
2021-06-20_NYM@WSH,0.45825049701789267,1,2021-06-20,0.4705222842962966
2021-06-20_BOS@KC,0.1888111888111888,0,2021-06-20,0.378930089279101
2021-06-20_MIL@COL,0.5511811023622046,1,2021-06-20,0.5105528348130978
2021-06-20_STL@ATL,0.268041237113402,0,2021-06-20,0.4127658608336737
2021-06-20_PHI@SF,0.4822834645669291,1,2021-06-20,0.48822570531366505
2021-06-20_MIN@TEX,0.6211656441717791,1,2021-06-20,0.5531865852671407
2021-06-20_OAK@NYY,0.4822834645669291,1,2021-06-20,0.4883259579653906
2021-06-20_STL@ATL,0.6211656441717791,1,2021-06-20,0.536062693060996
2021-06-20_LAD@AZ,0.45825049701789267,0,2021-06-20,0.48144225749264336
2021-06-20_DET@LAA,0.3881656804733728,0,2021-06-20,0.44001259780918955
2021-06-20_CWS@HOU,0.3881656804733728,1,2021-06-20,0.43676402658486657
2021-06-20_CIN@SD,0.45825049701789267,0,2021-06-20,0.4834863070489752
2021-06-21_CIN@MIN,0.4253521126760563,0,2021-06-21,0.4551768855010778
2021-06-21_OAK@TEX,0.6211656441717791,1,2021-06-21,0.5410495517152429
2021-06-21_CLE@CHC,0.3881656804733728,0,2021-06-21,0.42521664219600175
2021-06-21_LAD@SD,0.5511811023622046,1,2021-06-21,0.5189849331439567
2021-06-21_HOU@BAL,0.4253521126760563,0,2021-06-21,0.45653175231380483
2021-06-21_MIL@AZ,0.5331491712707183,1,2021-06-21,0.4990158387613147
2021-06-21_ATL@NYM,0.4253521126760563,1,2021-06-21,0.4607645077217474
2021-06-21_ATL@NYM,0.4253521126760563,0,2021-06-21,0.4606071702257166
2021-06-22_CWS@PIT,0.268041237113402,0,2021-06-22,0.4128637947875844
2021-06-22_MIL@AZ,0.29896907216494845,1,2021-06-22,0.41590315351040463
2021-06-22_KC@NYY,0.6211656441717791,1,2021-06-22,0.5434468789637799
2021-06-22_CIN@MIN,0.5369261477045908,0,2021-06-22,0.5075802497381525
2021-06-22_LAD@SD,0.6827586206896552,1,2021-06-22,0.5777136394538664
2021-06-22_TOR@MIA,0.45825049701789267,0,2021-06-22,0.46986653516704757
2021-06-22_CLE@CHC,0.45825049701789267,0,2021-06-22,0.4831345847040104
2021-06-22_SF@LAA,0.7157894736842105,1,2021-06-22,0.6140634149501423
2021-06-22_HOU@BAL,0.45825049701789267,0,2021-06-22,0.48364952270593475
2021-06-22_BOS@TB,0.5511811023622046,1,2021-06-22,0.5247470577099236
2021-06-22_OAK@TEX,0.4253521126760563,1,2021-06-22,0.45638297874898415
2021-06-22_COL@SEA,0.45825049701789267,0,2021-06-22,0.4731525025483577
2021-06-22_STL@DET,0.45825049701789267,0,2021-06-22,0.4839628373851357
2021-06-22_ATL@NYM,0.265993265993266,0,2021-06-22,0.39451408278017575
2021-06-22_WSH@PHI,0.5331491712707183,1,2021-06-22,0.5011614853689026
2021-06-23_TOR@MIA,0.4253521126760563,1,2021-06-23,0.44541547026342243
2021-06-23_STL@DET,0.45825049701789267,0,2021-06-23,0.4704303773478996
2021-06-23_BOS@TB,0.7407407407407407,1,2021-06-23,0.6210033679561077
2021-06-23_WSH@PHI,0.5369261477045908,0,2021-06-23,0.5055682361280713
2021-06-23_HOU@BAL,0.6211656441717791,1,2021-06-23,0.5424333278369949
2021-06-23_CWS@PIT,0.45825049701789267,0,2021-06-23,0.4753471143631858
2021-06-23_LAD@SD,0.6827586206896552,1,2021-06-23,0.5836342316562098
2021-06-23_KC@NYY,0.6827586206896552,1,2021-06-23,0.5921111196165565
2021-06-23_COL@SEA,0.4253521126760563,0,2021-06-23,0.4507767803574486
2021-06-23_SF@LAA,0.3881656804733728,0,2021-06-23,0.4355993315055223
2021-06-23_ATL@NYM,0.49743589743589745,1,2021-06-23,0.49537247778538407
2021-06-23_OAK@TEX,0.45825049701789267,0,2021-06-23,0.4834672103265969
2021-06-23_MIL@AZ,0.4253521126760563,0,2021-06-23,0.46146990003098765
2021-06-24_BOS@TB,0.45825049701789267,0,2021-06-24,0.47185324169591825
2021-06-24_BAL@TOR,0.5369261477045908,1,2021-06-24,0.5062463329770857
2021-06-24_CLE@MIN,0.45825049701789267,1,2021-06-24,0.48396717535468303
2021-06-24_PIT@STL,0.4253521126760563,1,2021-06-24,0.45526154722501755
2021-06-24_ATL@CIN,0.7407407407407407,1,2021-06-24,0.6582127295263205
2021-06-24_HOU@DET,0.4253521126760563,0,2021-06-24,0.460425593905222
2021-06-24_CHC@LAD,0.6211656441717791,1,2021-06-24,0.5386375835969218
2021-06-24_WSH@MIA,0.5331491712707183,1,2021-06-24,0.49922070852508393
2021-06-24_OAK@TEX,0.6211656441717791,1,2021-06-24,0.5352822164546035
2021-06-24_KC@NYY,0.6211656441717791,1,2021-06-24,0.5496068281764217
2021-06-25_OAK@SF,0.5511811023622046,0,2021-06-25,0.5130545191332332
2021-06-25_ATL@CIN,0.7407407407407407,0,2021-06-25,0.6424458803553009
2021-06-25_PIT@STL,0.29896907216494845,0,2021-06-25,0.41419791516801663
2021-06-25_WSH@MIA,0.5511811023622046,1,2021-06-25,0.5217699168052066
2021-06-25_CHC@LAD,0.45825049701789267,1,2021-06-25,0.46989755786846377
2021-06-25_COL@MIL,0.4822834645669291,0,2021-06-25,0.48593552710550403
2021-06-25_KC@TEX,0.3466666666666667,0,2021-06-25,0.42249981207160014
2021-06-25_AZ@SD,0.6553191489361702,1,2021-06-25,0.5562203334786887
2021-06-25_CLE@MIN,0.6827586206896552,1,2021-06-25,0.5810502045409536
2021-06-25_NYY@BOS,0.4253521126760563,1,2021-06-25,0.46821438068834664
2021-06-25_PHI@NYM,0.4253521126760563,0,2021-06-25,0.46665105202995294
2021-06-25_SEA@CWS,0.3881656804733728,0,2021-06-25,0.4385257966997843
2021-06-25_PHI@NYM,0.4253521126760563,0,2021-06-25,0.44849181353622225
2021-06-25_BAL@TOR,0.3881656804733728,0,2021-06-25,0.43816643506746333
2021-06-25_LAA@TB,0.5331491712707183,1,2021-06-25,0.4979450290269213
2021-06-26_OAK@SF,0.4253521126760563,0,2021-06-26,0.4429956245966239
2021-06-26_SEA@CWS,0.4253521126760563,0,2021-06-26,0.4424307778678531
2021-06-26_PIT@STL,0.1888111888111888,1,2021-06-26,0.3862876862653035
2021-06-26_HOU@DET,0.6211656441717791,1,2021-06-26,0.546911831626561
2021-06-26_ATL@CIN,0.45825049701789267,1,2021-06-26,0.4828827230411237
2021-06-26_AZ@SD,0.265993265993266,1,2021-06-26,0.4027375732425347
2021-06-26_HOU@DET,0.45825049701789267,0,2021-06-26,0.47802488565577894
2021-06-26_WSH@MIA,0.45825049701789267,1,2021-06-26,0.4794018451361377
2021-06-26_COL@MIL,0.4822834645669291,1,2021-06-26,0.4864267649079699
2021-06-26_BAL@TOR,0.4253521126760563,0,2021-06-26,0.4617528727275887
2021-06-26_PHI@NYM,0.265993265993266,0,2021-06-26,0.4015296133206805
2021-06-26_LAA@TB,0.4253521126760563,0,2021-06-26,0.4677335362563252
2021-06-26_CHC@LAD,0.6211656441717791,1,2021-06-26,0.5503323991100452
2021-06-26_KC@TEX,0.4253521126760563,0,2021-06-26,0.45206291082447647
2021-06-26_NYY@BOS,0.4253521126760563,0,2021-06-26,0.4634788472127802
2021-06-27_COL@MIL,0.5,0,2021-06-27,0.49674336911442807
2021-06-27_BAL@TOR,0.5331491712707183,1,2021-06-27,0.5008002748901879
2021-06-27_WSH@MIA,0.45825049701789267,1,2021-06-27,0.473312264744557
2021-06-27_CLE@MIN,0.45825049701789267,1,2021-06-27,0.4810190651127525
2021-06-27_ATL@CIN,0.45825049701789267,0,2021-06-27,0.48331718754951747
2021-06-27_HOU@DET,0.3466666666666667,0,2021-06-27,0.42185051562829357
2021-06-27_CHC@LAD,0.1888111888111888,0,2021-06-27,0.3868104583726517
2021-06-27_KC@TEX,0.7407407407407407,1,2021-06-27,0.6450533873960849
2021-06-27_NYY@BOS,0.4253521126760563,1,2021-06-27,0.46577913167991114
2021-06-27_SEA@CWS,0.5511811023622046,1,2021-06-27,0.5280140606829986
2021-06-27_OAK@SF,0.45825049701789267,1,2021-06-27,0.47445293679506007
2021-06-27_PHI@NYM,0.6827586206896552,0,2021-06-27,0.5957564430682409
2021-06-27_LAA@TB,0.4253521126760563,0,2021-06-27,0.4465769742195461
2021-06-27_AZ@SD,0.4253521126760563,1,2021-06-27,0.45811439647574503
2021-06-27_PIT@STL,0.6211656441717791,1,2021-06-27,0.5433891183024827
2021-06-28_PIT@COL,0.5511811023622046,0,2021-06-28,0.5210497474301321
2021-06-28_KC@BOS,0.5369261477045908,1,2021-06-28,0.5049064887740384
2021-06-28_SF@LAD,0.7157894736842105,1,2021-06-28,0.6098080022449979
2021-06-28_CHC@MIL,0.6211656441717791,1,2021-06-28,0.5441141934001414
2021-06-28_DET@CLE,0.3881656804733728,1,2021-06-28,0.4364593522089183
2021-06-28_LAA@NYY,0.5331491712707183,1,2021-06-28,0.5024452752757655
2021-06-28_NYM@WSH,0.6211656441717791,1,2021-06-28,0.5461072487791417
2021-06-28_PHI@CIN,0.5511811023622046,0,2021-06-28,0.5140491878556127
2021-06-28_AZ@STL,0.5511811023622046,0,2021-06-28,0.5160653184643091
2021-06-28_BAL@HOU,0.5369261477045908,0,2021-06-28,0.504053696008117
2021-06-29_TB@WSH,0.1888111888111888,1,2021-06-29,0.38414931548372255
2021-06-29_LAA@NYY,0.6211656441717791,1,2021-06-29,0.5425395391103336
2021-06-29_CHC@MIL,0.265993265993266,1,2021-06-29,0.3931282386150098
2021-06-29_BAL@HOU,0.5369261477045908,1,2021-06-29,0.5042981035579321
2021-06-29_NYM@ATL,0.4253521126760563,0,2021-06-29,0.44448836799169
2021-06-29_SD@CIN,0.7157894736842105,1,2021-06-29,0.6096067991471621
2021-06-29_PIT@COL,0.3881656804733728,0,2021-06-29,0.4348247875130353
2021-06-29_AZ@STL,0.3881656804733728,0,2021-06-29,0.4321392834213489
2021-06-29_SEA@TOR,0.3881656804733728,0,2021-06-29,0.4388737316878727
2021-06-29_KC@BOS,0.6211656441717791,1,2021-06-29,0.5503083352916864
2021-06-29_MIN@CWS,0.49743589743589745,1,2021-06-29,0.4941957811663851
2021-06-29_SF@LAD,0.45825049701789267,1,2021-06-29,0.4765845919531585
2021-06-29_MIA@PHI,0.6211656441717791,1,2021-06-29,0.5290614413104007
2021-06-29_TEX@OAK,0.45825049701789267,1,2021-06-29,0.4723357974688861
2021-06-30_MIA@PHI,0.45825049701789267,0,2021-06-30,0.4732613116378399
2021-06-30_AZ@STL,0.3881656804733728,0,2021-06-30,0.42529833805376027
2021-06-30_TB@WSH,0.6827586206896552,1,2021-06-30,0.6026780332122847
2021-06-30_DET@CLE,0.29896907216494845,1,2021-06-30,0.41621553535710054
2021-06-30_SD@CIN,0.4822834645669291,1,2021-06-30,0.4866517306180256
2021-06-30_NYM@ATL,0.4253521126760563,1,2021-06-30,0.4461374483352989
2021-06-30_MIN@CWS,0.3881656804733728,1,2021-06-30,0.4326999811730152
2021-06-30_SEA@TOR,0.268041237113402,0,2021-06-30,0.41052882463979223
2021-06-30_KC@BOS,0.3881656804733728,0,2021-06-30,0.44042477121878765
2021-06-30_LAA@NYY,0.6827586206896552,1,2021-06-30,0.6006266059319288
2021-06-30_CHC@MIL,0.6553191489361702,1,2021-06-30,0.5567467449815017
2021-06-30_PIT@COL,0.5511811023622046,1,2021-06-30,0.5222171470628028
2021-06-30_DET@CLE,0.5369261477045908,0,2021-06-30,0.5082875681212062
2021-06-30_TEX@OAK,0.4253521126760563,0,2021-06-30,0.45736218723318456
2021-06-30_BAL@HOU,0.4253521126760563,1,2021-06-30,0.45728509180917276
2021-07-01_SEA@TOR,0.5331491712707183,1,2021-07-01,0.5001210515469187
2021-07-01_SD@CIN,0.7407407407407407,0,2021-07-01,0.6802140577106
2021-07-01_SF@AZ,0.29896907216494845,1,2021-07-01,0.4166863562191303
2021-07-01_KC@BOS,0.9090909090909091,1,2021-07-01,0.7382003565799371
2021-07-01_STL@COL,0.4253521126760563,0,2021-07-01,0.46756088162337117
2021-07-01_MIL@PIT,0.4253521126760563,0,2021-07-01,0.4511186694521532
2021-07-01_MIN@CWS,0.6211656441717791,0,2021-07-01,0.544022415889966
2021-07-01_NYM@ATL,0.4822834645669291,1,2021-07-01,0.486662531862597
2021-07-01_LAD@WSH,0.5331491712707183,1,2021-07-01,0.5026197676741001
2021-07-01_HOU@CLE,0.45825049701789267,0,2021-07-01,0.4835185244860718
2021-07-01_TEX@OAK,0.4822834645669291,1,2021-07-01,0.4888497340535103
2021-07-02_TEX@SEA,0.4253521126760563,0,2021-07-02,0.452231838148636
2021-07-02_SF@AZ,0.45825049701789267,0,2021-07-02,0.47089429901982705
2021-07-02_CWS@DET,0.4822834645669291,1,2021-07-02,0.4860345538888795
2021-07-02_MIA@ATL,0.6211656441717791,1,2021-07-02,0.536531325166637
2021-07-02_TB@TOR,0.3881656804733728,1,2021-07-02,0.4251410414077432
2021-07-02_CHC@CIN,0.3881656804733728,0,2021-07-02,0.43778540762955853
2021-07-02_SD@PHI,0.7407407407407407,1,2021-07-02,0.6257450795350692
2021-07-02_MIL@PIT,0.6553191489361702,1,2021-07-02,0.5584715755137469
2021-07-02_STL@COL,0.3881656804733728,0,2021-07-02,0.4315175569334514
2021-07-02_MIN@KC,0.45825049701789267,1,2021-07-02,0.4707228460868804
2021-07-02_BAL@LAA,0.6211656441717791,1,2021-07-02,0.5469431118332042
2021-07-02_HOU@CLE,0.29896907216494845,0,2021-07-02,0.4149609971247792
2021-07-02_BOS@OAK,0.5331491712707183,0,2021-07-02,0.4976695698775776
2021-07-02_LAD@WSH,0.6827586206896552,0,2021-07-02,0.5788474639937184
2021-07-03_MIA@ATL,0.6211656441717791,0,2021-07-03,0.5474783960645799
2021-07-03_MIL@PIT,0.5369261477045908,1,2021-07-03,0.507930500378172
2021-07-03_STL@COL,0.4253521126760563,0,2021-07-03,0.4501560838862452
2021-07-03_SD@PHI,0.6553191489361702,1,2021-07-03,0.562259143103457
2021-07-03_LAD@WSH,0.4253521126760563,0,2021-07-03,0.45474226862032197
2021-07-03_CHC@CIN,0.5369261477045908,0,2021-07-03,0.5062518400542195
2021-07-03_HOU@CLE,0.3881656804733728,1,2021-07-03,0.43719013950537433
2021-07-03_NYM@NYY,0.4253521126760563,0,2021-07-03,0.46623061345891637
2021-07-03_SF@AZ,0.6827586206896552,0,2021-07-03,0.5833257594754299
2021-07-03_CWS@DET,0.6211656441717791,1,2021-07-03,0.5325774276487645
2021-07-03_TB@TOR,0.4253521126760563,0,2021-07-03,0.4489410039797985
2021-07-03_BOS@OAK,0.49743589743589745,0,2021-07-03,0.49456416767679945
2021-07-03_TEX@SEA,0.5369261477045908,0,2021-07-03,0.5039366155846439
2021-07-03_BAL@LAA,0.265993265993266,1,2021-07-03,0.4015382341967193
2021-07-03_MIN@KC,0.45825049701789267,0,2021-07-03,0.4712006538751078
2021-07-04_SF@AZ,0.34210526315789475,1,2021-07-04,0.42129593384640684
2021-07-04_STL@COL,0.6553191489361702,1,2021-07-04,0.5659574608878135
2021-07-04_MIN@KC,0.45825049701789267,0,2021-07-04,0.48407410697891584
2021-07-04_TEX@SEA,0.4253521126760563,0,2021-07-04,0.45567275863179646
2021-07-04_SD@PHI,0.5511811023622046,1,2021-07-04,0.5211412299647764
2021-07-04_NYM@NYY,0.4253521126760563,1,2021-07-04,0.45968677092132926
2021-07-04_MIA@ATL,0.3881656804733728,0,2021-07-04,0.4240435231480604
2021-07-04_MIL@PIT,0.3881656804733728,1,2021-07-04,0.42677195536820756
2021-07-04_LAD@WSH,0.45825049701789267,0,2021-07-04,0.48355774374328353
2021-07-04_BOS@OAK,0.5511811023622046,0,2021-07-04,0.5172395862904885
2021-07-04_BAL@LAA,0.30434782608695654,1,2021-07-04,0.41727600319575364
2021-07-04_NYM@NYY,0.5511811023622046,0,2021-07-04,0.5206145255558334
2021-07-04_HOU@CLE,0.6211656441717791,0,2021-07-04,0.5434424879477469
2021-07-04_CHC@CIN,0.6211656441717791,1,2021-07-04,0.5339339090675951
2021-07-04_CWS@DET,0.7157894736842105,1,2021-07-04,0.6129063528453955
2021-07-04_TB@TOR,0.4253521126760563,0,2021-07-04,0.4487876268039578
2021-07-05_BOS@LAA,0.5331491712707183,0,2021-07-05,0.49891076987321026
2021-07-05_WSH@SD,0.5511811023622046,1,2021-07-05,0.511895723247156
2021-07-05_DET@TEX,0.4822834645669291,0,2021-07-05,0.4860096952801187
2021-07-05_CWS@MIN,0.3881656804733728,0,2021-07-05,0.4236372524019435
2021-07-05_STL@SF,0.4253521126760563,0,2021-07-05,0.459101505565473
2021-07-05_ATL@PIT,0.4253521126760563,1,2021-07-05,0.45831103546023744
2021-07-05_LAD@MIA,0.268041237113402,0,2021-07-05,0.4075269436494686
2021-07-05_PHI@CHC,0.45825049701789267,0,2021-07-05,0.4754677214126606
2021-07-05_CIN@KC,0.4822834645669291,0,2021-07-05,0.49127417256523986
2021-07-05_CLE@TB,0.4253521126760563,0,2021-07-05,0.46308094963444757
2021-07-05_MIL@NYM,0.3881656804733728,0,2021-07-05,0.43430763890146684
2021-07-06_CIN@KC,0.6211656441717791,0,2021-07-06,0.5337189666521927
2021-07-06_STL@SF,0.4822834645669291,1,2021-07-06,0.4877075427904002
2021-07-06_DET@TEX,0.45825049701789267,0,2021-07-06,0.47552119160995887
2021-07-06_BOS@LAA,0.3881656804733728,1,2021-07-06,0.4372989310040294
2021-07-06_WSH@SD,0.45825049701789267,0,2021-07-06,0.47752131494869665
2021-07-06_LAD@MIA,0.5511811023622046,0,2021-07-06,0.5152567363311045
2021-07-06_PHI@CHC,0.4253521126760563,1,2021-07-06,0.44615404363219346
2021-07-06_OAK@HOU,0.6553191489361702,1,2021-07-06,0.5583531275933047
2021-07-06_TOR@BAL,0.4253521126760563,1,2021-07-06,0.4561036023006426
2021-07-06_ATL@PIT,0.5511811023622046,0,2021-07-06,0.5108993572425107
2021-07-06_NYY@SEA,0.6211656441717791,1,2021-07-06,0.5532776285900205
2021-07-06_CWS@MIN,0.268041237113402,0,2021-07-06,0.41286387118767565
2021-07-06_COL@AZ,0.3881656804733728,1,2021-07-06,0.4354593731827435
2021-07-07_MIL@NYM,0.45825049701789267,0,2021-07-07,0.48364545211031185
2021-07-07_CWS@MIN,0.4822834645669291,0,2021-07-07,0.4932472970864161
2021-07-07_STL@SF,0.3881656804733728,1,2021-07-07,0.42764849957924933
2021-07-07_LAD@MIA,0.45825049701789267,1,2021-07-07,0.4720739485013107
2021-07-07_TOR@BAL,0.45825049701789267,1,2021-07-07,0.47783132499681336
2021-07-07_DET@TEX,0.6211656441717791,1,2021-07-07,0.5397154301082938
2021-07-07_ATL@PIT,0.7407407407407407,1,2021-07-07,0.6162661349739366
2021-07-07_MIL@NYM,0.45825049701789267,1,2021-07-07,0.4793611119914831
2021-07-07_NYY@SEA,0.5331491712707183,1,2021-07-07,0.4996931338248247
2021-07-07_COL@AZ,0.4822834645669291,0,2021-07-07,0.49259893595015214
2021-07-07_BOS@LAA,0.29896907216494845,1,2021-07-07,0.4167866737704581
2021-07-07_CIN@KC,0.6211656441717791,0,2021-07-07,0.5370465570653324
2021-07-07_OAK@HOU,0.5511811023622046,1,2021-07-07,0.5268392006042182
2021-07-07_CLE@TB,0.45825049701789267,0,2021-07-07,0.47264124325821566
2021-07-07_WSH@SD,0.4253521126760563,1,2021-07-07,0.46595829554814894
2021-07-07_CLE@TB,0.30434782608695654,1,2021-07-07,0.4201105279605494
2021-07-07_PHI@CHC,0.4253521126760563,1,2021-07-07,0.4471250962401645
2021-07-08_KC@CLE,0.4253521126760563,0,2021-07-08,0.4483226580412054
2021-07-08_CIN@MIL,0.6827586206896552,1,2021-07-08,0.6016920970709383
2021-07-08_COL@AZ,0.4253521126760563,0,2021-07-08,0.4434390746971397
2021-07-08_NYY@SEA,0.6211656441717791,1,2021-07-08,0.5382028789918023
2021-07-08_LAD@MIA,0.4253521126760563,1,2021-07-08,0.44158021207442777
2021-07-08_PHI@CHC,0.4253521126760563,0,2021-07-08,0.4552962186131635
2021-07-08_WSH@SD,0.3881656804733728,1,2021-07-08,0.4289733050165381
2021-07-08_OAK@HOU,0.3881656804733728,1,2021-07-08,0.4271828100056627
2021-07-08_DET@MIN,0.45825049701789267,0,2021-07-08,0.4749578375835972
2021-07-09_TOR@TB,0.28924483897301057,0,2021-07-09,0.4140920837769827
2021-07-09_WSH@SF,0.5511811023622046,1,2021-07-09,0.512461498828259
2021-07-09_KC@CLE,0.4253521126760563,0,2021-07-09,0.45122570733976686
2021-07-09_ATL@MIA,0.4253521126760563,1,2021-07-09,0.45898654308165066
2021-07-09_PIT@NYM,0.265993265993266,0,2021-07-09,0.393909867470994
2021-07-09_AZ@LAD,0.45825049701789267,0,2021-07-09,0.48270827904475966
2021-07-09_LAA@SEA,0.5511811023622046,1,2021-07-09,0.5273154508791205
2021-07-09_STL@CHC,0.45825049701789267,1,2021-07-09,0.47548993647770244
2021-07-09_OAK@TEX,0.3881656804733728,0,2021-07-09,0.4399325262323015
2021-07-09_CWS@BAL,0.4253521126760563,0,2021-07-09,0.446777579012282
2021-07-09_CIN@MIL,0.6211656441717791,0,2021-07-09,0.5512150746753233
2021-07-09_NYY@HOU,0.1888111888111888,0,2021-07-09,0.38993622085578505
2021-07-09_DET@MIN,0.4253521126760563,0,2021-07-09,0.462347015891059
2021-07-09_PHI@BOS,0.5511811023622046,1,2021-07-09,0.5225822013698795
2021-07-09_COL@SD,0.3881656804733728,0,2021-07-09,0.43549615379528195
2021-07-10_CIN@MIL,0.45825049701789267,1,2021-07-10,0.47800258050391853
2021-07-10_ATL@MIA,0.45825049701789267,0,2021-07-10,0.47864487611560325
2021-07-10_COL@SD,0.45825049701789267,0,2021-07-10,0.47385663619015617
2021-07-10_OAK@TEX,0.265993265993266,1,2021-07-10,0.40352218602179657
2021-07-10_PIT@NYM,0.3881656804733728,1,2021-07-10,0.4398696309132991
2021-07-10_WSH@SF,0.5331491712707183,1,2021-07-10,0.49975397789403453
2021-07-10_TOR@TB,0.5331491712707183,1,2021-07-10,0.496965681478604
2021-07-10_DET@MIN,0.6553191489361702,0,2021-07-10,0.5647545570739252
2021-07-10_LAA@SEA,0.5511811023622046,0,2021-07-10,0.5219353408645638
2021-07-10_AZ@LAD,0.4253521126760563,1,2021-07-10,0.45529457947307883
2021-07-10_KC@CLE,0.3881656804733728,0,2021-07-10,0.42682980959816297
2021-07-10_NYY@HOU,0.265993265993266,0,2021-07-10,0.4043534316073274
2021-07-10_STL@CHC,0.29896907216494845,1,2021-07-10,0.4149994222001969
2021-07-10_PHI@BOS,0.45825049701789267,1,2021-07-10,0.47814594568655855
2021-07-10_PIT@NYM,0.3881656804733728,1,2021-07-10,0.4389265075285824
2021-07-10_CWS@BAL,0.45825049701789267,0,2021-07-10,0.47972682119235954
2021-07-11_ATL@MIA,0.45825049701789267,1,2021-07-11,0.47971195139881406
2021-07-11_OAK@TEX,0.29896907216494845,0,2021-07-11,0.41623619407159496
2021-07-11_AZ@LAD,0.5331491712707183,1,2021-07-11,0.49728108150934414
2021-07-11_CWS@BAL,0.5511811023622046,1,2021-07-11,0.5183810712071506
2021-07-11_NYY@HOU,0.45825049701789267,0,2021-07-11,0.47015145852500895
2021-07-11_WSH@SF,0.4253521126760563,0,2021-07-11,0.4640151052359752
2021-07-11_DET@MIN,0.4822834645669291,0,2021-07-11,0.4906010735509614
2021-07-11_CIN@MIL,0.7407407407407407,1,2021-07-11,0.6730763101633878
2021-07-11_TOR@TB,0.49743589743589745,0,2021-07-11,0.4940248663466966
2021-07-11_PHI@BOS,0.4822834645669291,0,2021-07-11,0.49177212068157294
2021-07-11_PIT@NYM,0.4822834645669291,1,2021-07-11,0.4862571642552692
2021-07-11_COL@SD,0.45825049701789267,0,2021-07-11,0.4829013103554708
2021-07-11_LAA@SEA,0.5331491712707183,1,2021-07-11,0.5023712957436408
2021-07-16_TB@ATL,0.3881656804733728,0,2021-07-16,0.43134732959514477
2021-07-16_TEX@TOR,0.4253521126760563,1,2021-07-16,0.45786782753787947
2021-07-16_CLE@OAK,0.45825049701789267,0,2021-07-16,0.4793765671465079
2021-07-16_MIA@PHI,0.5369261477045908,1,2021-07-16,0.5052553190611244
2021-07-16_SF@STL,0.29896907216494845,0,2021-07-16,0.41622845291342436
2021-07-16_MIL@CIN,0.5369261477045908,1,2021-07-16,0.5066735618718621
2021-07-16_NYM@PIT,0.3881656804733728,0,2021-07-16,0.43323194514900076
2021-07-16_SEA@LAA,0.3881656804733728,1,2021-07-16,0.4403643868332009
2021-07-16_HOU@CWS,0.9090909090909091,1,2021-07-16,0.7245327576315479
2021-07-16_CHC@AZ,0.4253521126760563,0,2021-07-16,0.45208355976336057
2021-07-16_MIA@PHI,0.6211656441717791,1,2021-07-16,0.5521710401486034
2021-07-16_BAL@KC,0.4253521126760563,1,2021-07-16,0.4526843652930266
2021-07-16_LAD@COL,0.6211656441717791,1,2021-07-16,0.5509426577480159
2021-07-16_BOS@NYY,0.265993265993266,0,2021-07-16,0.40386861690137954
2021-07-16_SD@WSH,0.6827586206896552,1,2021-07-16,0.5969669927371161
2021-07-17_MIN@DET,0.45825049701789267,1,2021-07-17,0.4759785781658352
2021-07-17_LAD@COL,0.4253521126760563,1,2021-07-17,0.44444481771740474
2021-07-17_HOU@CWS,0.5511811023622046,0,2021-07-17,0.5105079755010238
2021-07-17_SD@WSH,0.5511811023622046,1,2021-07-17,0.5259512014090806
2021-07-17_CLE@OAK,0.7407407407407407,1,2021-07-17,0.6836394800169618
2021-07-17_CHC@AZ,0.30434782608695654,0,2021-07-17,0.41897259619131755
2021-07-17_MIN@DET,0.6827586206896552,1,2021-07-17,0.5971243919135607
2021-07-17_SF@STL,0.3881656804733728,0,2021-07-17,0.42565297920102974
2021-07-17_TB@ATL,0.4253521126760563,0,2021-07-17,0.4495895874898532
2021-07-17_MIA@PHI,0.3881656804733728,1,2021-07-17,0.43039704248248345
2021-07-17_SEA@LAA,0.6211656441717791,0,2021-07-17,0.5430627420466168
2021-07-17_BOS@NYY,0.6211656441717791,0,2021-07-17,0.5450207512868129
2021-07-17_NYM@PIT,0.45825049701789267,0,2021-07-17,0.4745994713666277
2021-07-17_BAL@KC,0.4253521126760563,0,2021-07-17,0.46263445050524
2021-07-17_MIL@CIN,0.3881656804733728,0,2021-07-17,0.4241671610605037
2021-07-18_SF@STL,0.4253521126760563,0,2021-07-18,0.4491901372195968
2021-07-18_TB@ATL,0.7407407407407407,1,2021-07-18,0.6145922860558144
2021-07-18_CLE@OAK,0.5369261477045908,1,2021-07-18,0.5035323070075306
2021-07-18_NYM@PIT,0.3881656804733728,1,2021-07-18,0.43545449936529235
2021-07-18_MIA@PHI,0.4253521126760563,0,2021-07-18,0.45787096429304863
2021-07-18_LAD@COL,0.3881656804733728,1,2021-07-18,0.43871671152371794
2021-07-18_SD@WSH,0.6827586206896552,0,2021-07-18,0.566686918699503
2021-07-18_TEX@TOR,0.3881656804733728,1,2021-07-18,0.42874706895453063
2021-07-18_BAL@KC,0.45825049701789267,0,2021-07-18,0.4843707676152812
2021-07-18_BOS@NYY,0.4822834645669291,0,2021-07-18,0.4919816855133562
2021-07-18_MIL@CIN,0.45825049701789267,1,2021-07-18,0.48080712591474994
2021-07-18_HOU@CWS,0.3881656804733728,0,2021-07-18,0.43317665449115117
2021-07-18_SEA@LAA,0.4253521126760563,1,2021-07-18,0.44471491318044754
2021-07-18_MIN@DET,0.49743589743589745,0,2021-07-18,0.4965485108881309
2021-07-18_TEX@TOR,0.268041237113402,0,2021-07-18,0.41273389350395717
2021-07-18_CHC@AZ,0.30434782608695654,0,2021-07-18,0.41890968924882
2021-07-19_BOS@TOR,0.29896907216494845,1,2021-07-19,0.4162798402380231
2021-07-19_NYM@CIN,0.6827586206896552,1,2021-07-19,0.5863015126515243
2021-07-19_MIN@CWS,0.5511811023622046,0,2021-07-19,0.5210098866227817
2021-07-19_CLE@HOU,0.7407407407407407,1,2021-07-19,0.6182481349091677
2021-07-19_CHC@STL,0.4253521126760563,0,2021-07-19,0.44893598698792436
2021-07-19_TEX@DET,0.4253521126760563,0,2021-07-19,0.46008940200120396
2021-07-19_SF@LAD,0.5511811023622046,1,2021-07-19,0.5243960303674104
2021-07-19_PIT@AZ,0.3881656804733728,0,2021-07-19,0.42640360585144255
2021-07-19_BAL@TB,0.4253521126760563,1,2021-07-19,0.45190879293498754
2021-07-19_MIA@WSH,0.6211656441717791,1,2021-07-19,0.5418161141819751
2021-07-19_LAA@OAK,0.5511811023622046,0,2021-07-19,0.5228004637351551
2021-07-19_MIN@CWS,0.45825049701789267,1,2021-07-19,0.47357596617478226
2021-07-20_LAA@OAK,0.4822834645669291,0,2021-07-20,0.48592050258354413
2021-07-20_CLE@HOU,0.5511811023622046,1,2021-07-20,0.5139962474903329
2021-07-20_SF@LAD,0.6211656441717791,1,2021-07-20,0.5508603102141083
2021-07-20_TEX@DET,0.6827586206896552,1,2021-07-20,0.570255882506792
2021-07-20_SD@ATL,0.4253521126760563,0,2021-07-20,0.46435280191726547
2021-07-20_PIT@AZ,0.4822834645669291,0,2021-07-20,0.48572352981039313
2021-07-20_SEA@COL,0.6553191489361702,0,2021-07-20,0.5552739800313335
2021-07-20_PHI@NYY,0.4253521126760563,0,2021-07-20,0.45465408413638797
2021-07-20_BAL@TB,0.268041237113402,1,2021-07-20,0.4138822711439909
2021-07-20_CHC@STL,0.2679621193435071,0,2021-07-20,0.40711236547984664
2021-07-20_MIA@WSH,0.5369261477045908,0,2021-07-20,0.5093771816897259
2021-07-20_NYM@CIN,0.6827586206896552,1,2021-07-20,0.5775146746679162
2021-07-20_KC@MIL,0.3881656804733728,1,2021-07-20,0.43156318877377187
2021-07-20_MIN@CWS,0.5331491712707183,1,2021-07-20,0.5009399549773015
2021-07-21_NYM@CIN,0.268041237113402,0,2021-07-21,0.40717363445315424
2021-07-21_TEX@DET,0.5369261477045908,1,2021-07-21,0.5050120481824685
2021-07-21_MIA@WSH,0.5331491712707183,0,2021-07-21,0.5004398098852942
2021-07-21_CHC@STL,0.5511811023622046,0,2021-07-21,0.5131375263915503
2021-07-21_PIT@AZ,0.45825049701789267,0,2021-07-21,0.47669385208996995
2021-07-21_SEA@COL,0.4253521126760563,1,2021-07-21,0.4682803808407301
2021-07-21_KC@MIL,0.45825049701789267,0,2021-07-21,0.4837605043373334
2021-07-21_PHI@NYY,0.3881656804733728,1,2021-07-21,0.4402743178995945
2021-07-21_SD@ATL,0.4822834645669291,1,2021-07-21,0.49280367848756257
2021-07-21_SF@LAD,0.45825049701789267,1,2021-07-21,0.47806653094077134
2021-07-21_SD@ATL,0.45825049701789267,0,2021-07-21,0.478939950217399
2021-07-21_BOS@TOR,0.45825049701789267,0,2021-07-21,0.46945274547484495
2021-07-21_CLE@HOU,0.4822834645669291,0,2021-07-21,0.4896011136548105
2021-07-21_BAL@TB,0.45825049701789267,1,2021-07-21,0.4707624160227477
2021-07-21_MIN@CWS,0.4253521126760563,0,2021-07-21,0.467563340842443
2021-07-22_CHC@STL,0.4253521126760563,1,2021-07-22,0.46498099005970395
2021-07-22_TB@CLE,0.4253521126760563,0,2021-07-22,0.45131047446635897
2021-07-22_LAA@MIN,0.4253521126760563,0,2021-07-22,0.45000470535306625
2021-07-22_SD@MIA,0.4253521126760563,0,2021-07-22,0.4628060562671531
2021-07-22_OAK@SEA,0.6553191489361702,0,2021-07-22,0.5642613337200955
2021-07-22_TEX@DET,0.45825049701789267,1,2021-07-22,0.48392881791728426
2021-07-22_SF@LAD,0.7407407407407407,1,2021-07-22,0.6646683533391634
2021-07-22_ATL@PHI,0.6827586206896552,1,2021-07-22,0.5917290903289072
2021-07-22_NYY@BOS,0.1888111888111888,0,2021-07-22,0.38073347716658856
2021-07-23_WSH@BAL,0.5369261477045908,0,2021-07-23,0.5032860043062878
2021-07-23_COL@LAD,0.4822834645669291,1,2021-07-23,0.4868645484525721
2021-07-23_AZ@CHC,0.4822834645669291,1,2021-07-23,0.49228896086037377
2021-07-23_NYY@BOS,0.5369261477045908,0,2021-07-23,0.5028493247596062
2021-07-23_SD@MIA,0.45825049701789267,1,2021-07-23,0.4828716518669439
2021-07-23_CWS@MIL,0.4822834645669291,0,2021-07-23,0.49200949469301636
2021-07-23_LAA@MIN,0.4253521126760563,1,2021-07-23,0.4626628106757591
2021-07-23_STL@CIN,0.4253521126760563,1,2021-07-23,0.446501174173347
2021-07-23_PIT@SF,0.6211656441717791,0,2021-07-23,0.5302933139643025
2021-07-23_OAK@SEA,0.45825049701789267,0,2021-07-23,0.47933499461712226
2021-07-23_TOR@NYM,0.4253521126760563,1,2021-07-23,0.45514321196995433
2021-07-23_TB@CLE,0.3881656804733728,0,2021-07-23,0.43730018642083435
2021-07-23_DET@KC,0.268041237113402,0,2021-07-23,0.40937339549178187
2021-07-23_TEX@HOU,0.268041237113402,0,2021-07-23,0.4078752008090476
2021-07-23_ATL@PHI,0.45825049701789267,1,2021-07-23,0.47837010624709075
2021-07-24_SD@MIA,0.45825049701789267,1,2021-07-24,0.47340908824372274
2021-07-24_LAA@MIN,0.6211656441717791,1,2021-07-24,0.5405710342972986
2021-07-24_STL@CIN,0.5511811023622046,0,2021-07-24,0.5190802609405778
2021-07-24_NYY@BOS,0.6211656441717791,1,2021-07-24,0.5341788484972758
2021-07-24_CWS@MIL,0.6827586206896552,1,2021-07-24,0.5997512185110674
2021-07-24_PIT@SF,0.4253521126760563,1,2021-07-24,0.4520877801594776
2021-07-24_DET@KC,0.6211656441717791,0,2021-07-24,0.5355525837697349
2021-07-24_OAK@SEA,0.6553191489361702,1,2021-07-24,0.5558144792887197
2021-07-24_TOR@NYM,0.7407407407407407,0,2021-07-24,0.6439626106666101
2021-07-24_TB@CLE,0.4822834645669291,1,2021-07-24,0.4875170009875984
2021-07-24_AZ@CHC,0.5331491712707183,0,2021-07-24,0.4991760315812608
2021-07-24_TEX@HOU,0.45825049701789267,1,2021-07-24,0.4798194092158774
2021-07-24_COL@LAD,0.5369261477045908,0,2021-07-24,0.504465090390593
2021-07-24_WSH@BAL,0.3881656804733728,1,2021-07-24,0.43035156459905666
2021-07-24_ATL@PHI,0.6553191489361702,1,2021-07-24,0.5567736953058771
2021-07-25_CWS@MIL,0.3881656804733728,0,2021-07-25,0.43027360479404597
2021-07-25_SD@MIA,0.3881656804733728,0,2021-07-25,0.4394159516550621
2021-07-25_WSH@BAL,0.6553191489361702,1,2021-07-25,0.5540509063355179
2021-07-25_ATL@PHI,0.268041237113402,0,2021-07-25,0.4084444989896513
2021-07-25_TEX@HOU,0.6211656441717791,0,2021-07-25,0.5521566315284645
2021-07-25_TB@CLE,0.7407407407407407,1,2021-07-25,0.6503927621127885
2021-07-25_OAK@SEA,0.6827586206896552,0,2021-07-25,0.5865644789704527
2021-07-25_NYY@BOS,0.5511811023622046,0,2021-07-25,0.524243944987547
2021-07-25_DET@KC,0.5511811023622046,1,2021-07-25,0.5112988129797444
2021-07-25_LAA@MIN,0.6827586206896552,1,2021-07-25,0.5966426758950181
2021-07-25_STL@CIN,0.5511811023622046,1,2021-07-25,0.5275376404335117
2021-07-25_AZ@CHC,0.3881656804733728,1,2021-07-25,0.4237985986296483
2021-07-25_COL@LAD,0.7407407407407407,1,2021-07-25,0.6225223840159001
2021-07-25_PIT@SF,0.7407407407407407,1,2021-07-25,0.6740452090865405
2021-07-25_TOR@NYM,0.4822834645669291,0,2021-07-25,0.48833439203704565
2021-07-26_DET@MIN,0.6211656441717791,0,2021-07-26,0.549576526020995
2021-07-26_COL@LAA,0.6827586206896552,1,2021-07-26,0.5735699794588485
2021-07-26_HOU@SEA,0.5331491712707183,1,2021-07-26,0.5007082126350342
2021-07-26_ATL@NYM,0.4253521126760563,0,2021-07-26,0.45419063380365665
2021-07-26_ATL@NYM,0.5511811023622046,0,2021-07-26,0.5113442194190316
2021-07-26_CIN@CHC,0.45825049701789267,1,2021-07-26,0.47063039752579605
2021-07-26_CWS@KC,0.4253521126760563,0,2021-07-26,0.45698960908355457
2021-07-26_TOR@BOS,0.45825049701789267,0,2021-07-26,0.4814030887465882
2021-07-26_WSH@PHI,0.3881656804733728,0,2021-07-26,0.4398865606176504
2021-07-27_DET@MIN,0.6211656441717791,1,2021-07-27,0.5351262063859026
2021-07-27_COL@LAA,0.7407407407407407,1,2021-07-27,0.6357252577335358
2021-07-27_NYY@TB,0.5331491712707183,0,2021-07-27,0.5019626624343212
2021-07-27_ATL@NYM,0.4253521126760563,1,2021-07-27,0.45543029686701364
2021-07-27_HOU@SEA,0.7407407407407407,1,2021-07-27,0.6366503447210732
2021-07-27_LAD@SF,0.265993265993266,0,2021-07-27,0.4059258553627769
2021-07-27_AZ@TEX,0.7407407407407407,0,2021-07-27,0.6487601500200286
2021-07-27_CWS@KC,0.45825049701789267,0,2021-07-27,0.4794459358191313
2021-07-27_WSH@PHI,0.3881656804733728,1,2021-07-27,0.43645448315212665
2021-07-27_MIA@BAL,0.3881656804733728,0,2021-07-27,0.437737322719182
2021-07-27_OAK@SD,0.5511811023622046,0,2021-07-27,0.5165523103461441
2021-07-27_MIL@PIT,0.4822834645669291,1,2021-07-27,0.48780813213411356
2021-07-27_CIN@CHC,0.7407407407407407,1,2021-07-27,0.6692868207618605
2021-07-27_STL@CLE,0.30434782608695654,0,2021-07-27,0.4201955548371419
2021-07-28_OAK@SD,0.4822834645669291,1,2021-07-28,0.4872935962968906
2021-07-28_CWS@KC,0.29896907216494845,0,2021-07-28,0.4154808387677953
2021-07-28_MIL@PIT,0.5331491712707183,1,2021-07-28,0.4983098527559786
2021-07-28_ATL@NYM,0.4253521126760563,0,2021-07-28,0.45766824235123815
2021-07-28_TOR@BOS,0.49743589743589745,1,2021-07-28,0.4957527885752102
2021-07-28_TOR@BOS,0.4253521126760563,1,2021-07-28,0.44861798568955036
2021-07-28_MIA@BAL,0.3881656804733728,1,2021-07-28,0.4303396779341161
2021-07-28_CIN@CHC,0.5369261477045908,0,2021-07-28,0.5062178766335257
2021-07-28_AZ@TEX,0.4253521126760563,0,2021-07-28,0.455285601701759
2021-07-28_HOU@SEA,0.4253521126760563,0,2021-07-28,0.4684857705871678
2021-07-28_NYY@TB,0.3881656804733728,0,2021-07-28,0.43152814115751625
2021-07-28_DET@MIN,0.45825049701789267,0,2021-07-28,0.4825792600410552
2021-07-28_LAD@SF,0.4253521126760563,0,2021-07-28,0.4448097140898609
2021-07-28_COL@LAA,0.6827586206896552,1,2021-07-28,0.5812726695143455
2021-07-28_STL@CLE,0.4253521126760563,1,2021-07-28,0.4583835806258266
2021-07-29_CIN@CHC,0.5331491712707183,1,2021-07-29,0.5021543423279707
2021-07-29_CWS@KC,0.5511811023622046,1,2021-07-29,0.5117226664474933
2021-07-29_LAD@SF,0.6211656441717791,1,2021-07-29,0.5320508910613935
2021-07-29_WSH@PHI,0.4822834645669291,1,2021-07-29,0.49315058629479
2021-07-29_OAK@LAA,0.45825049701789267,1,2021-07-29,0.48039518474267984
2021-07-29_COL@SD,0.45825049701789267,1,2021-07-29,0.4784057356704433
2021-07-29_NYY@TB,0.3881656804733728,1,2021-07-29,0.42331251094881606
2021-07-29_TOR@BOS,0.6211656441717791,1,2021-07-29,0.5399384743579587
2021-07-29_BAL@DET,0.4822834645669291,1,2021-07-29,0.4870209218332675
2021-07-29_MIL@PIT,0.3881656804733728,0,2021-07-29,0.4348377235754065
2021-07-29_ATL@NYM,0.7407407407407407,0,2021-07-29,0.6787479998881536
2021-07-29_WSH@PHI,0.6211656441717791,0,2021-07-29,0.5355311405517498
2021-07-30_CHC@WSH,0.4822834645669291,0,2021-07-30,0.4863047099611949
2021-07-30_KC@TOR,0.45825049701789267,0,2021-07-30,0.47602878488628764
2021-07-30_CIN@NYM,0.4253521126760563,1,2021-07-30,0.4668479983419941
2021-07-30_NYY@MIA,0.6211656441717791,0,2021-07-30,0.5467950044536967
2021-07-30_LAD@AZ,0.6827586206896552,0,2021-07-30,0.5752051525265048
2021-07-30_HOU@SF,0.45825049701789267,1,2021-07-30,0.4804870082520498
2021-07-30_BOS@TB,0.6827586206896552,1,2021-07-30,0.5812742655377314
2021-07-30_BAL@DET,0.4253521126760563,0,2021-07-30,0.4639868289629534
2021-07-30_CLE@CWS,0.6211656441717791,1,2021-07-30,0.5417645611905214
2021-07-30_PHI@PIT,0.6211656441717791,1,2021-07-30,0.5531691326281809
2021-07-30_COL@SD,0.5369261477045908,1,2021-07-30,0.5069453846303126
2021-07-30_SEA@TEX,0.7407407407407407,0,2021-07-30,0.6738869876709259
2021-07-30_MIL@ATL,0.6211656441717791,1,2021-07-30,0.528681047194707
2021-07-30_MIN@STL,0.6827586206896552,0,2021-07-30,0.5874449723826654
2021-07-30_OAK@LAA,0.4253521126760563,0,2021-07-30,0.4422377534470948
2021-07-31_OAK@LAA,0.4253521126760563,0,2021-07-31,0.4612261195687549
2021-07-31_SEA@TEX,0.7407407407407407,1,2021-07-31,0.6270180418555833
2021-07-31_CIN@NYM,0.4253521126760563,0,2021-07-31,0.45660467758632806
2021-07-31_MIN@STL,0.3881656804733728,1,2021-07-31,0.4302938500920639
2021-07-31_CLE@CWS,0.4822834645669291,0,2021-07-31,0.48785504872637797
2021-07-31_BAL@DET,0.4253521126760563,0,2021-07-31,0.443293520111821
2021-07-31_COL@SD,0.265993265993266,0,2021-07-31,0.40270908472731815
2021-07-31_CHC@WSH,0.7407407407407407,1,2021-07-31,0.6504828140384209
2021-07-31_PHI@PIT,0.4253521126760563,0,2021-07-31,0.4489020890819706
2021-07-31_HOU@SF,0.5369261477045908,0,2021-07-31,0.5051627456746913
2021-07-31_LAD@AZ,0.4822834645669291,0,2021-07-31,0.48505501004054796
2021-07-31_MIL@ATL,0.4253521126760563,0,2021-07-31,0.44959011685328987
2021-07-31_NYY@MIA,0.3881656804733728,0,2021-07-31,0.42533577104166265
2021-07-31_BOS@TB,0.45825049701789267,1,2021-07-31,0.47907223519622244
2021-07-31_KC@TOR,0.6211656441717791,1,2021-07-31,0.540263928566691
2021-08-01_COL@SD,0.34210526315789475,1,2021-08-01,0.4210124174709401
2021-08-01_BAL@DET,0.4253521126760563,1,2021-08-01,0.4572682295832524
2021-08-01_CHC@WSH,0.6211656441717791,1,2021-08-01,0.5314720164013003
2021-08-01_LAD@AZ,0.3881656804733728,0,2021-08-01,0.43376646966280896
2021-08-01_MIL@ATL,0.45825049701789267,1,2021-08-01,0.48343489758232894
2021-08-01_KC@TOR,0.7407407407407407,0,2021-08-01,0.6271615216073465
2021-08-01_MIN@STL,0.3881656804733728,0,2021-08-01,0.42535926521980183
2021-08-01_NYY@MIA,0.6211656441717791,1,2021-08-01,0.5455979235573507
2021-08-01_OAK@LAA,0.5369261477045908,1,2021-08-01,0.5035606979385864
2021-08-01_CIN@NYM,0.3881656804733728,0,2021-08-01,0.4306002422933244
2021-08-01_BOS@TB,0.4253521126760563,0,2021-08-01,0.4587459724323313
2021-08-01_SEA@TEX,0.4253521126760563,0,2021-08-01,0.4557491187048919
2021-08-01_CLE@CWS,0.29896907216494845,0,2021-08-01,0.41454120341647327
2021-08-01_HOU@SF,0.5369261477045908,1,2021-08-01,0.5041707809889604
2021-08-01_PHI@PIT,0.4253521126760563,1,2021-08-01,0.46692187295017396
2021-08-02_PIT@MIL,0.4253521126760563,0,2021-08-02,0.46701020008787875
2021-08-02_SF@AZ,0.3881656804733728,0,2021-08-02,0.43645335659121676
2021-08-02_BAL@NYY,0.6553191489361702,0,2021-08-02,0.5639049705435852
2021-08-02_SEA@TB,0.45825049701789267,0,2021-08-02,0.481024417323182
2021-08-02_NYM@MIA,0.268041237113402,1,2021-08-02,0.41074222659229787
2021-08-02_PHI@WSH,0.4822834645669291,0,2021-08-02,0.48882779770314655
2021-08-02_CLE@TOR,0.45825049701789267,0,2021-08-02,0.47141616157928123
2021-08-02_LAA@TEX,0.4822834645669291,0,2021-08-02,0.4923491165413887
2021-08-03_BAL@NYY,0.268041237113402,0,2021-08-03,0.4124505205898532
2021-08-03_MIN@CIN,0.4253521126760563,0,2021-08-03,0.4526497695587405
2021-08-03_CLE@TOR,0.5369261477045908,1,2021-08-03,0.5048751360676101
2021-08-03_SD@OAK,0.4253521126760563,1,2021-08-03,0.45107208198866056
2021-08-03_ATL@STL,0.3881656804733728,1,2021-08-03,0.43205989947860224
2021-08-03_KC@CWS,0.45825049701789267,0,2021-08-03,0.4736617963513565
2021-08-03_CHC@COL,0.30434782608695654,0,2021-08-03,0.41965486944716146
2021-08-03_SF@AZ,0.4822834645669291,0,2021-08-03,0.4918370657089437
2021-08-03_LAA@TEX,0.4253521126760563,0,2021-08-03,0.44335175699305407
2021-08-03_SEA@TB,0.45825049701789267,1,2021-08-03,0.4734109359193843
2021-08-03_BOS@DET,0.5331491712707183,1,2021-08-03,0.49845229618366116
2021-08-03_PIT@MIL,0.6553191489361702,1,2021-08-03,0.5650622944090438
2021-08-03_PHI@WSH,0.45825049701789267,1,2021-08-03,0.4741759990769605
2021-08-03_NYM@MIA,0.4822834645669291,0,2021-08-03,0.4857322072462755
2021-08-03_HOU@LAD,0.7407407407407407,0,2021-08-03,0.6474022380543887
2021-08-04_SF@AZ,0.6211656441717791,0,2021-08-04,0.5395285912085217
2021-08-04_SD@OAK,0.45825049701789267,0,2021-08-04,0.4731212118638025
2021-08-04_CLE@TOR,0.45825049701789267,1,2021-08-04,0.4709072708576417
2021-08-04_BAL@NYY,0.3881656804733728,1,2021-08-04,0.4312421441285046
2021-08-04_HOU@LAD,0.5511811023622046,1,2021-08-04,0.5175674791209331
2021-08-04_NYM@MIA,0.45825049701789267,0,2021-08-04,0.47893289348199597
2021-08-04_MIN@CIN,0.6211656441717791,1,2021-08-04,0.5497473142781205
2021-08-04_PIT@MIL,0.4253521126760563,0,2021-08-04,0.4588931295038814
2021-08-04_SEA@TB,0.3881656804733728,0,2021-08-04,0.4339122439683333
2021-08-04_BOS@DET,0.7157894736842105,0,2021-08-04,0.6085778420069261
2021-08-04_KC@CWS,0.6211656441717791,1,2021-08-04,0.5337075853090888
2021-08-04_CHC@COL,0.7407407407407407,1,2021-08-04,0.6626369659552307
2021-08-04_ATL@STL,0.5511811023622046,1,2021-08-04,0.5184787471561192
2021-08-04_LAA@TEX,0.6211656441717791,0,2021-08-04,0.5332280011537527
2021-08-04_PHI@WSH,0.6553191489361702,1,2021-08-04,0.56563602224231
2021-08-05_KC@CWS,0.45825049701789267,1,2021-08-05,0.47450743090669256
2021-08-05_LAA@TEX,0.6553191489361702,0,2021-08-05,0.5588390494486235
2021-08-05_ATL@STL,0.49743589743589745,0,2021-08-05,0.4955963458812195
2021-08-05_SF@AZ,0.6211656441717791,1,2021-08-05,0.5315979139835267
2021-08-05_MIN@HOU,0.5369261477045908,0,2021-08-05,0.5049562399758967
2021-08-05_BOS@DET,0.45825049701789267,1,2021-08-05,0.48066529158075344
2021-08-05_PIT@CIN,0.6553191489361702,1,2021-08-05,0.5544544851217625
2021-08-05_CHC@COL,0.6827586206896552,1,2021-08-05,0.5717618428086992
2021-08-05_PHI@WSH,0.4253521126760563,0,2021-08-05,0.4518489658725041
2021-08-05_NYM@MIA,0.265993265993266,0,2021-08-05,0.3997675767209894
2021-08-05_CLE@TOR,0.6211656441717791,0,2021-08-05,0.54086559525845
2021-08-05_SEA@NYY,0.4253521126760563,0,2021-08-05,0.45734077989763444
2021-08-06_BOS@TOR,0.30434782608695654,0,2021-08-06,0.4175817081637211
2021-08-06_DET@CLE,0.5511811023622046,0,2021-08-06,0.5223998700703242
2021-08-06_CWS@CHC,0.5511811023622046,0,2021-08-06,0.5233208962513987
2021-08-06_KC@STL,0.3881656804733728,1,2021-08-06,0.43349605372784206
2021-08-06_PIT@CIN,0.45825049701789267,1,2021-08-06,0.4697145391262597
2021-08-06_TB@BAL,0.5331491712707183,1,2021-08-06,0.5017749365227941
2021-08-06_MIN@HOU,0.6827586206896552,0,2021-08-06,0.5856078136425695
2021-08-06_AZ@SD,0.3881656804733728,0,2021-08-06,0.4298901919333088
2021-08-06_NYM@PHI,0.4253521126760563,0,2021-08-06,0.46167634902706367
2021-08-06_MIA@COL,0.4253521126760563,0,2021-08-06,0.44896921909228105
2021-08-06_TEX@OAK,0.6827586206896552,0,2021-08-06,0.5716763982234541
2021-08-06_WSH@ATL,0.7407407407407407,1,2021-08-06,0.6882757585543922
2021-08-06_SF@MIL,0.4253521126760563,0,2021-08-06,0.4535532562005148
2021-08-06_LAA@LAD,0.6827586206896552,1,2021-08-06,0.6011373819108727
2021-08-06_SEA@NYY,0.4253521126760563,0,2021-08-06,0.45746966672826694
2021-08-07_NYM@PHI,0.45825049701789267,0,2021-08-07,0.4777097011941349
2021-08-07_SF@MIL,0.5511811023622046,0,2021-08-07,0.5198778508842887
2021-08-07_TEX@OAK,0.4253521126760563,1,2021-08-07,0.46071853601771984
2021-08-07_LAA@LAD,0.29896907216494845,1,2021-08-07,0.4159652584043716
2021-08-07_AZ@SD,0.45825049701789267,1,2021-08-07,0.48378785337076313
2021-08-07_KC@STL,0.3881656804733728,1,2021-08-07,0.4403504968465404
2021-08-07_DET@CLE,0.4253521126760563,0,2021-08-07,0.45364627195688545
2021-08-07_SEA@NYY,0.6211656441717791,1,2021-08-07,0.545499386747752
2021-08-07_MIN@HOU,0.4253521126760563,0,2021-08-07,0.4604420839447273
2021-08-07_BOS@TOR,0.49743589743589745,0,2021-08-07,0.49652973245686827
2021-08-07_CWS@CHC,0.4253521126760563,1,2021-08-07,0.45978932724134103
2021-08-07_PIT@CIN,0.4253521126760563,0,2021-08-07,0.44088390578571934
2021-08-07_TB@BAL,0.45825049701789267,0,2021-08-07,0.4797039087691547
2021-08-07_BOS@TOR,0.45825049701789267,0,2021-08-07,0.47227861724876186
2021-08-07_WSH@ATL,0.5511811023622046,1,2021-08-07,0.5157371604433272
2021-08-07_MIA@COL,0.3881656804733728,0,2021-08-07,0.4296705006748066
2021-08-08_AZ@SD,0.7407407407407407,1,2021-08-08,0.6295515952117159
2021-08-08_WSH@ATL,0.4822834645669291,0,2021-08-08,0.48556091346195807
2021-08-08_TB@BAL,0.5511811023622046,1,2021-08-08,0.5121681643059809
2021-08-08_CWS@CHC,0.5369261477045908,1,2021-08-08,0.502866916237074
2021-08-08_LAA@LAD,0.4253521126760563,1,2021-08-08,0.45721399282499786
2021-08-08_NYM@PHI,0.4253521126760563,1,2021-08-08,0.45476599272704765
2021-08-08_MIN@HOU,0.7407407407407407,1,2021-08-08,0.6739378426709288
2021-08-08_SEA@NYY,0.4253521126760563,0,2021-08-08,0.44686699291818155
2021-08-08_SF@MIL,0.45825049701789267,1,2021-08-08,0.46986014827744504
2021-08-08_TEX@OAK,0.5511811023622046,1,2021-08-08,0.5228544563500377
2021-08-08_KC@STL,0.4822834645669291,1,2021-08-08,0.4865760809585644
2021-08-08_DET@CLE,0.7407407407407407,1,2021-08-08,0.6564316476475374
2021-08-08_BOS@TOR,0.45825049701789267,1,2021-08-08,0.4758278811891534
2021-08-08_PIT@CIN,0.6553191489361702,0,2021-08-08,0.5557547251494199
2021-08-08_MIA@COL,0.45825049701789267,1,2021-08-08,0.48182182384127925
2021-08-09_NYY@KC,0.5511811023622046,0,2021-08-09,0.5150079959567945
2021-08-09_MIA@SD,0.4253521126760563,0,2021-08-09,0.46089156564507405
2021-08-09_CIN@CLE,0.4253521126760563,1,2021-08-09,0.4507729601298437
2021-08-09_CWS@MIN,0.45825049701789267,1,2021-08-09,0.47555784393557443
2021-08-10_STL@PIT,0.4822834645669291,1,2021-08-10,0.49261100139420955
2021-08-10_TOR@LAA,0.45825049701789267,1,2021-08-10,0.47148358298476933
2021-08-10_TEX@SEA,0.4253521126760563,0,2021-08-10,0.46642565612067166
2021-08-10_CWS@MIN,0.4253521126760563,1,2021-08-10,0.450876973955308
2021-08-10_AZ@SF,0.3881656804733728,1,2021-08-10,0.4375828302239134
2021-08-10_DET@BAL,0.4253521126760563,0,2021-08-10,0.45337709691963723
2021-08-10_MIL@CHC,0.6827586206896552,0,2021-08-10,0.5697918781719757
2021-08-10_COL@HOU,0.5331491712707183,0,2021-08-10,0.4977326065752381
2021-08-10_LAD@PHI,0.4253521126760563,0,2021-08-10,0.4675543512702999
2021-08-10_TB@BOS,0.3881656804733728,0,2021-08-10,0.4290926969394493
2021-08-10_OAK@CLE,0.265993265993266,1,2021-08-10,0.3973149974802298
2021-08-10_MIA@SD,0.6211656441717791,1,2021-08-10,0.5420579003699999
2021-08-10_CIN@ATL,0.5511811023622046,0,2021-08-10,0.5259271946799455
2021-08-10_NYY@KC,0.5331491712707183,1,2021-08-10,0.5002547510923427
2021-08-10_WSH@NYM,0.6211656441717791,1,2021-08-10,0.5533777222591936
2021-08-10_LAA@TOR,0.4253521126760563,0,2021-08-10,0.46668302073242907
2021-08-10_MIL@CHC,0.29896907216494845,0,2021-08-10,0.415206787503102
2021-08-11_CWS@MIN,0.29896907216494845,0,2021-08-11,0.4155295679913543
2021-08-11_STL@PIT,0.3881656804733728,0,2021-08-11,0.43749314899581015
2021-08-11_DET@BAL,0.45825049701789267,0,2021-08-11,0.4815832366954522
2021-08-11_LAD@PHI,0.6827586206896552,0,2021-08-11,0.6020982952208125
2021-08-11_TB@BOS,0.4253521126760563,1,2021-08-11,0.46071834992208216
2021-08-11_NYY@KC,0.5511811023622046,1,2021-08-11,0.5187196915118735
2021-08-11_OAK@CLE,0.6211656441717791,1,2021-08-11,0.5315114599473281
2021-08-11_CIN@ATL,0.4822834645669291,1,2021-08-11,0.49066835701757805
2021-08-11_MIA@SD,0.5369261477045908,1,2021-08-11,0.5085568718686131
2021-08-11_COL@HOU,0.5511811023622046,1,2021-08-11,0.5175652576625145
2021-08-11_TOR@LAA,0.3881656804733728,0,2021-08-11,0.43713090978491187
2021-08-11_MIL@CHC,0.4253521126760563,1,2021-08-11,0.45767299462526645
2021-08-11_TEX@SEA,0.5369261477045908,0,2021-08-11,0.507042447193865
2021-08-11_AZ@SF,0.5511811023622046,1,2021-08-11,0.5230445549174805
2021-08-12_TB@BOS,0.268041237113402,0,2021-08-12,0.41313648458345076
2021-08-12_SD@AZ,0.4253521126760563,1,2021-08-12,0.4498364706263438
2021-08-12_WSH@NYM,0.29896907216494845,0,2021-08-12,0.4154739048275511
2021-08-12_NYY@CWS,0.5511811023622046,1,2021-08-12,0.5103788520368915
2021-08-12_CIN@ATL,0.45825049701789267,1,2021-08-12,0.47994288493736015
2021-08-12_LAD@PHI,0.49743589743589745,1,2021-08-12,0.4945511291601081
2021-08-12_TOR@LAA,0.30434782608695654,0,2021-08-12,0.4178241939094751
2021-08-12_TEX@SEA,0.5369261477045908,0,2021-08-12,0.5031813968102923
2021-08-12_MIL@CHC,0.5369261477045908,0,2021-08-12,0.5101249395409373
2021-08-12_OAK@CLE,0.3881656804733728,0,2021-08-12,0.42576674694348593
2021-08-12_STL@PIT,0.6211656441717791,1,2021-08-12,0.5469171952993974
2021-08-12_DET@BAL,0.4253521126760563,1,2021-08-12,0.45848649602142577
2021-08-12_COL@SF,0.29896907216494845,0,2021-08-12,0.4145963943386606
2021-08-12_WSH@NYM,0.6553191489361702,0,2021-08-12,0.5583190667941867
2021-08-13_CIN@PHI,0.45825049701789267,0,2021-08-13,0.47978364274280916
2021-08-13_COL@SF,0.7407407407407407,1,2021-08-13,0.6282625974340331
2021-08-13_LAD@NYM,0.45825049701789267,1,2021-08-13,0.4699120581536278
2021-08-13_BAL@BOS,0.6211656441717791,0,2021-08-13,0.5353395046018888
2021-08-13_STL@KC,0.3881656804733728,0,2021-08-13,0.436023689119337
2021-08-13_SD@AZ,0.45825049701789267,0,2021-08-13,0.47354518267704415
2021-08-13_CLE@DET,0.4253521126760563,0,2021-08-13,0.4662154978033197
2021-08-13_ATL@WSH,0.6211656441717791,1,2021-08-13,0.5321141346596909
2021-08-13_TOR@SEA,0.45825049701789267,0,2021-08-13,0.4707560916676109
2021-08-13_HOU@LAA,0.268041237113402,0,2021-08-13,0.4073136652572832
2021-08-13_TB@MIN,0.4822834645669291,1,2021-08-13,0.4911194481730705
2021-08-13_OAK@TEX,0.45825049701789267,1,2021-08-13,0.4821248011970577
2021-08-13_CHC@MIA,0.4253521126760563,1,2021-08-13,0.4548405210579146
2021-08-14_MIL@PIT,0.5369261477045908,1,2021-08-14,0.5100650032013468
2021-08-14_COL@SF,0.4253521126760563,0,2021-08-14,0.4471217120334937
2021-08-14_SD@AZ,0.49743589743589745,1,2021-08-14,0.4963894607211754
2021-08-14_CLE@DET,0.4822834645669291,1,2021-08-14,0.4861165324748301
2021-08-14_OAK@TEX,0.7407407407407407,1,2021-08-14,0.6795345965171609
2021-08-14_STL@KC,0.5511811023622046,0,2021-08-14,0.5214019976056237
2021-08-14_MIL@PIT,0.5511811023622046,0,2021-08-14,0.519578589364602
2021-08-14_NYY@CWS,0.7407407407407407,1,2021-08-14,0.6804521670731262
2021-08-14_ATL@WSH,0.45825049701789267,0,2021-08-14,0.478028556449432
2021-08-14_CHC@MIA,0.45825049701789267,0,2021-08-14,0.47014987496432026
2021-08-14_BAL@BOS,0.6211656441717791,1,2021-08-14,0.5353234469343846
2021-08-14_HOU@LAA,0.6827586206896552,1,2021-08-14,0.5675596427383514
2021-08-14_TOR@SEA,0.7407407407407407,1,2021-08-14,0.6639521839639332
2021-08-14_LAD@NYM,0.3881656804733728,0,2021-08-14,0.43270061276718874
2021-08-14_TB@MIN,0.5511811023622046,1,2021-08-14,0.5131038987728211
2021-08-14_CIN@PHI,0.45825049701789267,0,2021-08-14,0.47487514816723797
2021-08-15_STL@KC,0.6827586206896552,1,2021-08-15,0.5771849577361374
2021-08-15_TOR@SEA,0.6211656441717791,1,2021-08-15,0.5292550903166253
2021-08-15_COL@SF,0.45825049701789267,0,2021-08-15,0.4726251843499194
2021-08-15_CHC@MIA,0.4822834645669291,0,2021-08-15,0.49201553722098645
2021-08-15_MIL@PIT,0.4253521126760563,1,2021-08-15,0.4580773114030632
2021-08-15_ATL@WSH,0.7407407407407407,0,2021-08-15,0.6676738679636101
2021-08-15_BAL@BOS,0.5511811023622046,1,2021-08-15,0.5274520477300955
2021-08-15_HOU@LAA,0.4822834645669291,0,2021-08-15,0.48493201747125514
2021-08-15_SD@AZ,0.6827586206896552,0,2021-08-15,0.5746072125066187
2021-08-15_CIN@PHI,0.5511811023622046,1,2021-08-15,0.5159033097501087
2021-08-15_CLE@DET,0.4253521126760563,0,2021-08-15,0.44580744464899813
2021-08-15_TB@MIN,0.6211656441717791,1,2021-08-15,0.5365071538618412
2021-08-15_NYY@CWS,0.7157894736842105,0,2021-08-15,0.6137388551379834
2021-08-15_LAD@NYM,0.3881656804733728,1,2021-08-15,0.4344613761599623
2021-08-15_OAK@TEX,0.268041237113402,1,2021-08-15,0.40853419275166425
2021-08-16_HOU@KC,0.6827586206896552,1,2021-08-16,0.5679984952595394
2021-08-16_SD@COL,0.5331491712707183,1,2021-08-16,0.4993449828397327
2021-08-16_ATL@MIA,0.6827586206896552,1,2021-08-16,0.5927763629213856
2021-08-16_CLE@MIN,0.4253521126760563,1,2021-08-16,0.45586370755320804
2021-08-16_OAK@CWS,0.3881656804733728,0,2021-08-16,0.43981914497248387
2021-08-16_LAA@NYY,0.5331491712707183,1,2021-08-16,0.5021721096763985
2021-08-16_BAL@TB,0.4253521126760563,0,2021-08-16,0.44085613538379553
2021-08-16_CHC@CIN,0.4253521126760563,0,2021-08-16,0.46661504728368475
2021-08-16_NYM@SF,0.4822834645669291,0,2021-08-16,0.4915270546762136
2021-08-16_PIT@LAD,0.5511811023622046,0,2021-08-16,0.5119114021893203
2021-08-17_TOR@WSH,0.3881656804733728,0,2021-08-17,0.4362674034898486
2021-08-17_SD@COL,0.4253521126760563,1,2021-08-17,0.4686632074729067
2021-08-17_SEA@TEX,0.4253521126760563,0,2021-08-17,0.4615268776309228
2021-08-17_BAL@TB,0.34210526315789475,0,2021-08-17,0.42135403296381546
2021-08-17_PHI@AZ,0.4253521126760563,0,2021-08-17,0.4677628345435184
2021-08-17_LAA@DET,0.6211656441717791,1,2021-08-17,0.5443162957344527
2021-08-17_BOS@NYY,0.5369261477045908,0,2021-08-17,0.5029795774811467
2021-08-17_NYM@SF,0.3881656804733728,1,2021-08-17,0.4316482923416626
2021-08-17_PIT@LAD,0.6827586206896552,0,2021-08-17,0.5744791413511561
2021-08-17_OAK@CWS,0.265993265993266,0,2021-08-17,0.40228182142920144
2021-08-17_CHC@CIN,0.6827586206896552,0,2021-08-17,0.570951215894751
2021-08-17_ATL@MIA,0.30434782608695654,0,2021-08-17,0.4199568067264572
2021-08-17_BOS@NYY,0.6211656441717791,0,2021-08-17,0.5387988233981138
2021-08-17_HOU@KC,0.5331491712707183,0,2021-08-17,0.5001077342591334
2021-08-17_CLE@MIN,0.4253521126760563,0,2021-08-17,0.46424908660450137
2021-08-17_MIL@STL,0.3881656804733728,0,2021-08-17,0.43949205650715595
2021-08-18_PIT@LAD,0.4822834645669291,1,2021-08-18,0.49097875092767274
2021-08-18_ATL@MIA,0.3881656804733728,0,2021-08-18,0.4284229456156039
2021-08-18_CHC@CIN,0.6211656441717791,1,2021-08-18,0.5307080987758271
2021-08-18_MIL@STL,0.4253521126760563,1,2021-08-18,0.44462799741633885
2021-08-18_CLE@MIN,0.6827586206896552,1,2021-08-18,0.5691593156101218
2021-08-18_BAL@TB,0.4822834645669291,1,2021-08-18,0.48565354317797893
2021-08-18_LAA@DET,0.6211656441717791,1,2021-08-18,0.5464738929912575
2021-08-18_SEA@TEX,0.3881656804733728,1,2021-08-18,0.4379566314367208
2021-08-18_SD@COL,0.3881656804733728,1,2021-08-18,0.43911561923036724
2021-08-18_OAK@CWS,0.6211656441717791,1,2021-08-18,0.5486432877646976
2021-08-18_PHI@AZ,0.6211656441717791,1,2021-08-18,0.5373804879682362
2021-08-18_HOU@KC,0.4822834645669291,0,2021-08-18,0.4875474908345848
2021-08-18_BOS@NYY,0.6211656441717791,1,2021-08-18,0.5317761541911609
2021-08-18_TOR@WSH,0.6553191489361702,1,2021-08-18,0.5577563451998064
2021-08-18_NYM@SF,0.5369261477045908,0,2021-08-18,0.5053419069302877
2021-08-19_OAK@CWS,0.45825049701789267,1,2021-08-19,0.4778391919038507
2021-08-19_LAA@DET,0.5511811023622046,1,2021-08-19,0.5122175893886572
2021-08-19_MIL@STL,0.49743589743589745,1,2021-08-19,0.4960339240975171
2021-08-19_MIA@CIN,0.3881656804733728,0,2021-08-19,0.44012033591215327
2021-08-19_MIN@NYY,0.5511811023622046,0,2021-08-19,0.5223050370374291
2021-08-19_HOU@KC,0.5511811023622046,1,2021-08-19,0.5175336192124915
2021-08-19_SEA@TEX,0.4253521126760563,1,2021-08-19,0.4677682784382956
2021-08-19_BAL@TB,0.4253521126760563,1,2021-08-19,0.45126148640012576
2021-08-19_PHI@AZ,0.4253521126760563,0,2021-08-19,0.4446236449869847
2021-08-19_NYM@LAD,0.4253521126760563,0,2021-08-19,0.450410564356013
2021-08-20_ATL@BAL,0.4253521126760563,0,2021-08-20,0.46370272634175025
2021-08-20_PHI@SD,0.3881656804733728,0,2021-08-20,0.4331005457760798
2021-08-20_WSH@MIL,0.4822834645669291,0,2021-08-20,0.49274482959444643
2021-08-20_SF@OAK,0.3466666666666667,0,2021-08-20,0.42300470942811463
2021-08-20_NYM@LAD,0.7157894736842105,1,2021-08-20,0.6091685081578591
2021-08-20_PIT@STL,0.4253521126760563,0,2021-08-20,0.4586106137519076
2021-08-20_TEX@BOS,0.6211656441717791,1,2021-08-20,0.528746705563905
2021-08-20_KC@CHC,0.4822834645669291,0,2021-08-20,0.4916161246683267
2021-08-20_MIN@NYY,0.5511811023622046,1,2021-08-20,0.5139494286617505
2021-08-20_AZ@COL,0.4253521126760563,0,2021-08-20,0.4549522668960658
2021-08-20_MIA@CIN,0.45825049701789267,1,2021-08-20,0.48116567636534846
2021-08-20_CWS@TB,0.4253521126760563,1,2021-08-20,0.4569891571809218
2021-08-20_LAA@CLE,0.5369261477045908,1,2021-08-20,0.5092119161039914
2021-08-20_SEA@HOU,0.5369261477045908,1,2021-08-20,0.5073012470023833
2021-08-20_DET@TOR,0.4253521126760563,0,2021-08-20,0.459970773911461
2021-08-21_DET@TOR,0.5369261477045908,0,2021-08-21,0.5033870920827686
2021-08-21_LAA@CLE,0.265993265993266,0,2021-08-21,0.4062665061877595
2021-08-21_TEX@BOS,0.4253521126760563,0,2021-08-21,0.46738570020158277
2021-08-21_AZ@COL,0.4253521126760563,0,2021-08-21,0.4477517800959975
2021-08-21_NYM@LAD,0.7407407407407407,1,2021-08-21,0.6710375085743647
2021-08-21_MIN@NYY,0.3881656804733728,0,2021-08-21,0.43791237376241077
2021-08-21_CWS@TB,0.6211656441717791,1,2021-08-21,0.5408331312346264
2021-08-21_PHI@SD,0.5331491712707183,1,2021-08-21,0.4978023833845878
2021-08-21_PIT@STL,0.45825049701789267,0,2021-08-21,0.4844506583050333
2021-08-21_KC@CHC,0.5511811023622046,1,2021-08-21,0.5261996626791723
2021-08-21_WSH@MIL,0.265993265993266,1,2021-08-21,0.39982116520637767
2021-08-21_SEA@HOU,0.5511811023622046,1,2021-08-21,0.5180550428677839
2021-08-21_SF@OAK,0.6211656441717791,1,2021-08-21,0.5322018056985275
2021-08-21_MIA@CIN,0.4253521126760563,1,2021-08-21,0.4459001469260754
2021-08-21_ATL@BAL,0.6211656441717791,1,2021-08-21,0.5510410343239502
2021-08-22_KC@CHC,0.6553191489361702,0,2021-08-22,0.558295997709338
2021-08-22_PIT@STL,0.45825049701789267,1,2021-08-22,0.4821769808407862
2021-08-22_ATL@BAL,0.265993265993266,0,2021-08-22,0.3947876268748842
2021-08-22_SEA@HOU,0.29896907216494845,0,2021-08-22,0.41416240959494677
2021-08-22_NYM@LAD,0.4253521126760563,1,2021-08-22,0.4661965165240629
2021-08-22_PHI@SD,0.7157894736842105,1,2021-08-22,0.6048228551046102
2021-08-22_DET@TOR,0.45825049701789267,0,2021-08-22,0.4794462137808613
2021-08-22_LAA@CLE,0.7407407407407407,1,2021-08-22,0.702179469425062
2021-08-22_MIA@CIN,0.6211656441717791,1,2021-08-22,0.5452512126026541
2021-08-22_CWS@TB,0.4253521126760563,1,2021-08-22,0.45640757622272243
2021-08-22_SF@OAK,0.3881656804733728,0,2021-08-22,0.43022059716490224
2021-08-22_AZ@COL,0.3881656804733728,1,2021-08-22,0.43886725822685047
2021-08-22_WSH@MIL,0.7407407407407407,1,2021-08-22,0.6267402097715971
2021-08-23_SEA@OAK,0.45825049701789267,1,2021-08-23,0.47314624030570185
2021-08-23_AZ@PIT,0.45825049701789267,0,2021-08-23,0.469101802076222
2021-08-23_CWS@TOR,0.30434782608695654,0,2021-08-23,0.4182644771381011
2021-08-23_COL@CHC,0.6827586206896552,1,2021-08-23,0.5768901978786254
2021-08-23_NYY@ATL,0.6827586206896552,0,2021-08-23,0.5845612268436514
2021-08-23_KC@HOU,0.45825049701789267,0,2021-08-23,0.47913373421913874
2021-08-23_TEX@BOS,0.268041237113402,0,2021-08-23,0.41302042308587084
2021-08-24_WSH@MIA,0.5511811023622046,0,2021-08-24,0.5224308238348616
2021-08-24_AZ@PIT,0.4253521126760563,0,2021-08-24,0.45037967247168387
2021-08-24_MIN@BOS,0.3881656804733728,1,2021-08-24,0.4357738749771113
2021-08-24_TEX@CLE,0.4253521126760563,1,2021-08-24,0.4433489592654415
2021-08-24_CWS@TOR,0.45825049701789267,1,2021-08-24,0.47350633656467267
2021-08-24_CIN@MIL,0.6211656441717791,1,2021-08-24,0.5334512299725731
2021-08-24_LAD@SD,0.45825049701789267,0,2021-08-24,0.4699655489389296
2021-08-24_SEA@OAK,0.49743589743589745,1,2021-08-24,0.4958810680130942
2021-08-24_TB@PHI,0.4822834645669291,0,2021-08-24,0.48799972284572324
2021-08-24_SF@NYM,0.268041237113402,1,2021-08-24,0.4076682162015467
2021-08-24_NYY@ATL,0.6211656441717791,1,2021-08-24,0.5299901298800662
2021-08-24_LAA@BAL,0.45825049701789267,1,2021-08-24,0.48383586705903403
2021-08-24_KC@HOU,0.4253521126760563,1,2021-08-24,0.4450461897804977
2021-08-24_DET@STL,0.6211656441717791,0,2021-08-24,0.544478644771371
2021-08-25_WSH@MIA,0.45825049701789267,0,2021-08-25,0.48083603993538737
2021-08-25_TB@PHI,0.4253521126760563,0,2021-08-25,0.4566056477775029
2021-08-25_COL@CHC,0.34210526315789475,0,2021-08-25,0.4205444379462162
2021-08-25_KC@HOU,0.6211656441717791,0,2021-08-25,0.537697576487837
2021-08-25_MIN@BOS,0.4253521126760563,0,2021-08-25,0.45049369866051514
2021-08-25_COL@CHC,0.5369261477045908,1,2021-08-25,0.5048056348803354
2021-08-25_SF@NYM,0.4253521126760563,0,2021-08-25,0.46228108985316396
2021-08-25_LAD@SD,0.3881656804733728,0,2021-08-25,0.4305175937440713
2021-08-25_TEX@CLE,0.7407407407407407,0,2021-08-25,0.6312621140769618
2021-08-25_CIN@MIL,0.4253521126760563,0,2021-08-25,0.46466957910254714
2021-08-25_CWS@TOR,0.4253521126760563,0,2021-08-25,0.46031203544723187
2021-08-25_AZ@PIT,0.45825049701789267,0,2021-08-25,0.48087095301329164
2021-08-25_LAA@BAL,0.4822834645669291,1,2021-08-25,0.490123470761317
2021-08-25_DET@STL,0.45825049701789267,1,2021-08-25,0.4840770935669063
2021-08-26_CWS@TOR,0.5331491712707183,1,2021-08-26,0.5004921901610639
2021-08-26_CIN@MIL,0.4253521126760563,1,2021-08-26,0.46237109149065314
2021-08-26_KC@SEA,0.4253521126760563,1,2021-08-26,0.4553558263093651
2021-08-26_MIN@BOS,0.5369261477045908,0,2021-08-26,0.5068174594948227
2021-08-26_STL@PIT,0.6827586206896552,1,2021-08-26,0.5810428474730445
2021-08-26_LAD@SD,0.265993265993266,0,2021-08-26,0.4037839660773973
2021-08-26_WSH@MIA,0.5511811023622046,1,2021-08-26,0.5241860933056104
2021-08-26_SF@NYM,0.7407407407407407,1,2021-08-26,0.6253804259246967
2021-08-26_AZ@PHI,0.45825049701789267,0,2021-08-26,0.48062714015989705
2021-08-26_NYY@OAK,0.5369261477045908,0,2021-08-26,0.5041465632753037
2021-08-26_TEX@CLE,0.6211656441717791,1,2021-08-26,0.5533592043684261
2021-08-26_LAA@BAL,0.6211656441717791,1,2021-08-26,0.5301751179462744
2021-08-27_NYY@OAK,0.49743589743589745,0,2021-08-27,0.49558099610162976
2021-08-27_TB@BAL,0.4253521126760563,1,2021-08-27,0.46149327842131005
2021-08-27_CHC@CWS,0.6827586206896552,1,2021-08-27,0.5978539175334272
2021-08-27_SD@LAA,0.6211656441717791,0,2021-08-27,0.5355065496991968
2021-08-27_TOR@DET,0.45825049701789267,0,2021-08-27,0.47748909650840676
2021-08-27_CIN@MIA,0.4253521126760563,1,2021-08-27,0.45804606760292266
2021-08-27_MIL@MIN,0.4253521126760563,1,2021-08-27,0.4633942530607128
2021-08-27_AZ@PHI,0.45825049701789267,0,2021-08-27,0.4709396413131389
2021-08-27_HOU@TEX,0.4253521126760563,0,2021-08-27,0.46190751506765426
2021-08-27_BOS@CLE,0.45825049701789267,0,2021-08-27,0.4719461664358038
2021-08-27_COL@LAD,0.45825049701789267,1,2021-08-27,0.4809486621378597
2021-08-27_WSH@NYM,0.5511811023622046,0,2021-08-27,0.5109781244460265
2021-08-27_STL@PIT,0.4822834645669291,0,2021-08-27,0.4891070393351654
2021-08-27_KC@SEA,0.45825049701789267,1,2021-08-27,0.4783533286941981
2021-08-27_SF@ATL,0.3881656804733728,1,2021-08-27,0.4405203548586799
2021-08-28_SD@LAA,0.4253521126760563,0,2021-08-28,0.4544218163996854
2021-08-28_HOU@TEX,0.34210526315789475,0,2021-08-28,0.420742456385361
2021-08-28_NYY@OAK,0.3881656804733728,0,2021-08-28,0.4363648579637316
2021-08-28_COL@LAD,0.3881656804733728,0,2021-08-28,0.426494745448765
2021-08-28_AZ@PHI,0.3881656804733728,1,2021-08-28,0.42906162626059074
2021-08-28_KC@SEA,0.6827586206896552,1,2021-08-28,0.5900585665425193
2021-08-28_SF@ATL,0.6827586206896552,1,2021-08-28,0.5702077191631929
2021-08-28_WSH@NYM,0.4253521126760563,0,2021-08-28,0.44467650429810046
2021-08-28_CIN@MIA,0.6211656441717791,1,2021-08-28,0.5429539387804719
2021-08-28_TOR@DET,0.3881656804733728,0,2021-08-28,0.4386072100211472
2021-08-28_TB@BAL,0.4253521126760563,0,2021-08-28,0.44072109639307644
2021-08-28_CHC@CWS,0.45825049701789267,0,2021-08-28,0.47727422760449745
2021-08-28_STL@PIT,0.45825049701789267,0,2021-08-28,0.48328484995532217
2021-08-28_MIL@MIN,0.4253521126760563,0,2021-08-28,0.4676509115431132
2021-08-28_BOS@CLE,0.4253521126760563,1,2021-08-28,0.45900937853706125
2021-08-29_AZ@PHI,0.3881656804733728,1,2021-08-29,0.42561772081821536
2021-08-29_KC@SEA,0.6553191489361702,1,2021-08-29,0.5604520187882878
2021-08-29_HOU@TEX,0.5511811023622046,1,2021-08-29,0.5270713837592651
2021-08-29_TB@BAL,0.4253521126760563,1,2021-08-29,0.45674090594270167
2021-08-29_STL@PIT,0.3881656804733728,0,2021-08-29,0.4241031422797086
2021-08-29_CIN@MIA,0.6553191489361702,1,2021-08-29,0.5653599119838759
2021-08-29_NYY@OAK,0.4822834645669291,0,2021-08-29,0.4864661035158965
2021-08-29_SF@ATL,0.4253521126760563,0,2021-08-29,0.46023735700394086
2021-08-29_BOS@CLE,0.5331491712707183,1,2021-08-29,0.5020103216863554
2021-08-29_MIL@MIN,0.4253521126760563,0,2021-08-29,0.4622852257671014
2021-08-29_CHC@CWS,0.4253521126760563,1,2021-08-29,0.46220546669382434
2021-08-29_TOR@DET,0.4253521126760563,1,2021-08-29,0.4470677661657888
2021-08-29_WSH@NYM,0.49743589743589745,1,2021-08-29,0.4941664240147088
2021-08-29_COL@LAD,0.3881656804733728,1,2021-08-29,0.42544273892409634
2021-08-30_ATL@LAD,0.5511811023622046,1,2021-08-30,0.5146176011820566
2021-08-30_BAL@TOR,0.45825049701789267,1,2021-08-30,0.48227826511843463
2021-08-30_BOS@TB,0.4822834645669291,1,2021-08-30,0.48573808530889473
2021-08-30_MIL@SF,0.45825049701789267,1,2021-08-30,0.46964034369063923
2021-08-30_COL@TEX,0.4253521126760563,0,2021-08-30,0.45182692809472946
2021-08-30_NYY@LAA,0.5511811023622046,1,2021-08-30,0.5205888023867138
2021-08-30_HOU@SEA,0.6553191489361702,1,2021-08-30,0.5563533524827315
2021-08-30_MIN@DET,0.4253521126760563,0,2021-08-30,0.4519083587039112
2021-08-30_STL@CIN,0.6553191489361702,1,2021-08-30,0.5585691464542186
2021-08-30_PHI@WSH,0.5511811023622046,1,2021-08-30,0.5141648920322229
2021-08-30_SD@AZ,0.268041237113402,1,2021-08-30,0.4110987860613091
2021-08-31_HOU@SEA,0.4253521126760563,0,2021-08-31,0.45650647238992137
2021-08-31_BOS@TB,0.7407407407407407,1,2021-08-31,0.6363511086915874
2021-08-31_ATL@LAD,0.3881656804733728,0,2021-08-31,0.4362041686126267
2021-08-31_SD@AZ,0.4253521126760563,0,2021-08-31,0.4457620954857807
2021-08-31_BAL@TOR,0.4822834645669291,0,2021-08-31,0.48788448805507745
2021-08-31_NYY@LAA,0.5331491712707183,0,2021-08-31,0.5002620805253355
2021-08-31_CLE@KC,0.4253521126760563,1,2021-08-31,0.4516574118568091
2021-08-31_PHI@WSH,0.45825049701789267,0,2021-08-31,0.4754108527447978
2021-08-31_COL@TEX,0.4253521126760563,0,2021-08-31,0.4415864015356784
2021-08-31_MIL@SF,0.4253521126760563,1,2021-08-31,0.4520536572978564
2021-08-31_PIT@CWS,0.3881656804733728,0,2021-08-31,0.4326404711476902
2021-08-31_CHC@MIN,0.5511811023622046,1,2021-08-31,0.513189272426299
2021-08-31_OAK@DET,0.4253521126760563,1,2021-08-31,0.4591629726818275
2021-08-31_MIA@NYM,0.4253521126760563,0,2021-08-31,0.44079956960057687
2021-09-01_MIL@SF,0.4253521126760563,0,2021-09-01,0.46685982993929986
2021-09-01_BOS@TB,0.45825049701789267,0,2021-09-01,0.47980746285290665
2021-09-01_NYY@LAA,0.5511811023622046,0,2021-09-01,0.5188439453180966
2021-09-01_CLE@KC,0.4253521126760563,1,2021-09-01,0.460725961350952
2021-09-01_ATL@LAD,0.45825049701789267,1,2021-09-01,0.47237722634198465
2021-09-01_COL@TEX,0.30434782608695654,0,2021-09-01,0.4185231212012629
2021-09-01_BAL@TOR,0.4253521126760563,1,2021-09-01,0.4545840679514215
2021-09-01_HOU@SEA,0.4253521126760563,0,2021-09-01,0.4567217458517878
2021-09-01_PIT@CWS,0.3881656804733728,0,2021-09-01,0.43506248923610613
2021-09-01_SD@AZ,0.268041237113402,0,2021-09-01,0.41139802635307887
2021-09-01_CHC@MIN,0.5331491712707183,0,2021-09-01,0.5014653117130377
2021-09-01_STL@CIN,0.6211656441717791,1,2021-09-01,0.5312574691319317
2021-09-01_STL@CIN,0.4822834645669291,1,2021-09-01,0.48661698332754966
2021-09-01_OAK@DET,0.49743589743589745,1,2021-09-01,0.4960495160113447
2021-09-02_PHI@WSH,0.4253521126760563,0,2021-09-02,0.4627193069473676
2021-09-02_MIL@SF,0.3881656804733728,1,2021-09-02,0.43974118995211575
2021-09-02_OAK@DET,0.5511811023622046,1,2021-09-02,0.5179718673294933
2021-09-02_PIT@CHC,0.7407407407407407,1,2021-09-02,0.6464821046199671
2021-09-02_ATL@COL,0.6553191489361702,1,2021-09-02,0.5591910047312108
2021-09-02_CLE@KC,0.5369261477045908,0,2021-09-02,0.5043758969644507
2021-09-02_BOS@TB,0.3881656804733728,1,2021-09-02,0.43790528713609134
2021-09-02_MIA@NYM,0.7407407407407407,1,2021-09-02,0.6306899335989146
2021-09-03_CLE@BOS,0.3881656804733728,1,2021-09-03,0.43637130444797834
2021-09-03_MIN@TB,0.45825049701789267,1,2021-09-03,0.47124211536112515
2021-09-03_TEX@LAA,0.6827586206896552,1,2021-09-03,0.5953411999603967
2021-09-03_OAK@TOR,0.6211656441717791,1,2021-09-03,0.5343145747176341
2021-09-03_PHI@MIA,0.4253521126760563,1,2021-09-03,0.44436997692090563
2021-09-03_NYM@WSH,0.265993265993266,0,2021-09-03,0.3963389925435855
2021-09-03_CWS@KC,0.3881656804733728,0,2021-09-03,0.4244180592545074
2021-09-03_BAL@NYY,0.45825049701789267,0,2021-09-03,0.4692971890568586
2021-09-03_STL@MIL,0.7407407407407407,1,2021-09-03,0.6250000707504437
2021-09-03_ATL@COL,0.6211656441717791,1,2021-09-03,0.5393051092670362
2021-09-03_LAD@SF,0.6827586206896552,0,2021-09-03,0.5933816985678991
2021-09-03_PIT@CHC,0.4253521126760563,0,2021-09-03,0.44800558260478485
2021-09-03_HOU@SD,0.3881656804733728,0,2021-09-03,0.43212233543269374
2021-09-03_SEA@AZ,0.5511811023622046,1,2021-09-03,0.5212451155352236
2021-09-03_DET@CIN,0.4253521126760563,0,2021-09-03,0.45381178418751966
2021-09-04_PHI@MIA,0.9090909090909091,0,2021-09-04,0.7408006786805089
2021-09-04_ATL@COL,0.3881656804733728,1,2021-09-04,0.425116238959496
2021-09-04_OAK@TOR,0.268041237113402,0,2021-09-04,0.4074744821105033
2021-09-04_STL@MIL,0.6827586206896552,1,2021-09-04,0.5985552763764432
2021-09-04_BAL@NYY,0.3881656804733728,0,2021-09-04,0.43522769966654296
2021-09-04_SEA@AZ,0.4253521126760563,1,2021-09-04,0.44341994528816686
2021-09-04_PIT@CHC,0.6827586206896552,1,2021-09-04,0.5731869645907142
2021-09-04_TEX@LAA,0.265993265993266,0,2021-09-04,0.3938647534373245
2021-09-04_NYM@WSH,0.4253521126760563,1,2021-09-04,0.4567416045964938
2021-09-04_NYM@WSH,0.7157894736842105,1,2021-09-04,0.6135977157137154
2021-09-04_CWS@KC,0.49743589743589745,1,2021-09-04,0.4953604921875109
2021-09-04_DET@CIN,0.5511811023622046,0,2021-09-04,0.5161750060989169
2021-09-04_CLE@BOS,0.4253521126760563,0,2021-09-04,0.4614081783810897
2021-09-04_LAD@SF,0.6211656441717791,1,2021-09-04,0.546923129512086
2021-09-04_HOU@SD,0.4253521126760563,1,2021-09-04,0.4633160182830749
2021-09-04_MIN@TB,0.6553191489361702,1,2021-09-04,0.5622003991214617
2021-09-05_LAD@SF,0.45825049701789267,1,2021-09-05,0.47178883673885197
2021-09-05_BAL@NYY,0.3881656804733728,0,2021-09-05,0.4369107320436947
2021-09-05_SEA@AZ,0.4253521126760563,0,2021-09-05,0.4580506123163357
2021-09-05_PHI@MIA,0.4822834645669291,0,2021-09-05,0.48707366535870766
2021-09-05_MIN@TB,0.4253521126760563,0,2021-09-05,0.4629979821479715
2021-09-05_NYM@WSH,0.5369261477045908,1,2021-09-05,0.5039103302352335
2021-09-05_ATL@COL,0.4253521126760563,1,2021-09-05,0.46242716581565124
2021-09-05_OAK@TOR,0.4253521126760563,0,2021-09-05,0.46186560626838935
2021-09-05_CLE@BOS,0.7407407407407407,1,2021-09-05,0.6225439031612497
2021-09-05_TEX@LAA,0.6211656441717791,0,2021-09-05,0.5397904769169903
2021-09-05_STL@MIL,0.5511811023622046,0,2021-09-05,0.5270054417326051
2021-09-05_PIT@CHC,0.5511811023622046,1,2021-09-05,0.523019449462778
2021-09-05_CWS@KC,0.3881656804733728,1,2021-09-05,0.43577201698949963
2021-09-05_DET@CIN,0.4253521126760563,0,2021-09-05,0.44499729019237244
2021-09-05_HOU@SD,0.7407407407407407,1,2021-09-05,0.6225473138356201
2021-09-06_MIN@CLE,0.5331491712707183,1,2021-09-06,0.49769804262842565
2021-09-06_SEA@HOU,0.3881656804733728,0,2021-09-06,0.43379710903531854
2021-09-06_CIN@CHC,0.6827586206896552,1,2021-09-06,0.5688495783839833
2021-09-06_KC@BAL,0.45825049701789267,0,2021-09-06,0.46923083739965277
2021-09-06_DET@PIT,0.5331491712707183,1,2021-09-06,0.4979450097056901
2021-09-06_TEX@LAA,0.49743589743589745,1,2021-09-06,0.49388981023386613
2021-09-06_PHI@MIL,0.6553191489361702,1,2021-09-06,0.5601549865080908
2021-09-06_TB@BOS,0.6827586206896552,1,2021-09-06,0.5692701601413653
2021-09-06_NYM@WSH,0.5511811023622046,1,2021-09-06,0.5128196375172085
2021-09-06_SF@COL,0.4822834645669291,1,2021-09-06,0.4888641770933816
2021-09-06_LAD@STL,0.7407407407407407,1,2021-09-06,0.648630600915822
2021-09-06_TOR@NYY,0.3881656804733728,1,2021-09-06,0.4378990112649316
2021-09-07_CWS@OAK,0.7407407407407407,1,2021-09-07,0.6676246991752903
2021-09-07_LAA@SD,0.45825049701789267,0,2021-09-07,0.4698830782664615
2021-09-07_TOR@NYY,0.3881656804733728,0,2021-09-07,0.4388191819106808
2021-09-07_WSH@ATL,0.4253521126760563,1,2021-09-07,0.4632865721939847
2021-09-07_MIN@CLE,0.6211656441717791,0,2021-09-07,0.5488334961644797
2021-09-07_LAD@STL,0.7407407407407407,1,2021-09-07,0.6383584649824041
2021-09-07_TB@BOS,0.265993265993266,0,2021-09-07,0.3926781684556926
2021-09-07_DET@PIT,0.45825049701789267,1,2021-09-07,0.4808723784928003
2021-09-07_SEA@HOU,0.5331491712707183,0,2021-09-07,0.5015418750207414
2021-09-07_KC@BAL,0.7407407407407407,1,2021-09-07,0.6525489413547474
2021-09-07_TEX@AZ,0.265993265993266,0,2021-09-07,0.4043859242463679
2021-09-07_CIN@CHC,0.4253521126760563,1,2021-09-07,0.4679792607667448
2021-09-07_PHI@MIL,0.3881656804733728,0,2021-09-07,0.43859244898095373
2021-09-07_SF@COL,0.45825049701789267,1,2021-09-07,0.47436038876552167
2021-09-07_NYM@MIA,0.6211656441717791,1,2021-09-07,0.546026185570832
2021-09-08_CWS@OAK,0.3881656804733728,0,2021-09-08,0.42878203279665716
2021-09-08_PHI@MIL,0.5369261477045908,1,2021-09-08,0.5080889526895318
2021-09-08_WSH@ATL,0.6827586206896552,1,2021-09-08,0.5968569912528727
2021-09-08_CIN@CHC,0.5369261477045908,1,2021-09-08,0.5057685537434999
2021-09-08_TOR@NYY,0.5511811023622046,0,2021-09-08,0.5158942279097488
2021-09-08_SEA@HOU,0.4822834645669291,1,2021-09-08,0.48530725974499733
2021-09-08_SF@COL,0.3881656804733728,0,2021-09-08,0.4343146374796659
2021-09-08_LAA@SD,0.45825049701789267,0,2021-09-08,0.4808129525377919
2021-09-08_NYM@MIA,0.3881656804733728,0,2021-09-08,0.4284043466471821
2021-09-08_LAD@STL,0.6553191489361702,1,2021-09-08,0.56282712453568
2021-09-08_TB@BOS,0.4253521126760563,0,2021-09-08,0.4511780649188608
2021-09-08_KC@BAL,0.4253521126760563,1,2021-09-08,0.4444904289289865
2021-09-08_MIN@CLE,0.4253521126760563,0,2021-09-08,0.44061928647635196
2021-09-08_DET@PIT,0.5369261477045908,1,2021-09-08,0.5081648333914597
2021-09-08_TEX@AZ,0.265993265993266,0,2021-09-08,0.39600822143086944
2021-09-09_KC@BAL,0.5369261477045908,1,2021-09-09,0.5080032364380247
2021-09-09_NYM@MIA,0.3881656804733728,1,2021-09-09,0.4377835818364534
2021-09-09_COL@PHI,0.5369261477045908,1,2021-09-09,0.5043068376456077
2021-09-09_MIN@CLE,0.4253521126760563,0,2021-09-09,0.45567494800462205
2021-09-09_CWS@OAK,0.5331491712707183,0,2021-09-09,0.49726725517676107
2021-09-09_LAD@STL,0.4822834645669291,0,2021-09-09,0.4862918809753929
2021-09-09_WSH@ATL,0.45825049701789267,1,2021-09-09,0.4808894804460081
2021-09-09_TOR@NYY,0.5369261477045908,1,2021-09-09,0.5088360082160004
2021-09-10_AZ@SEA,0.5511811023622046,1,2021-09-10,0.5274719774297398
2021-09-10_COL@PHI,0.6827586206896552,0,2021-09-10,0.5825260396162587
2021-09-10_KC@MIN,0.6827586206896552,1,2021-09-10,0.6024563064855945
2021-09-10_SD@LAD,0.7407407407407407,0,2021-09-10,0.6309123032814785
2021-09-10_TB@DET,0.49743589743589745,0,2021-09-10,0.495823647821114
2021-09-10_TEX@OAK,0.7407407407407407,1,2021-09-10,0.6246865472022657
2021-09-10_MIA@ATL,0.6211656441717791,1,2021-09-10,0.5473745896034017
2021-09-10_CIN@STL,0.45825049701789267,0,2021-09-10,0.4741270602772192
2021-09-10_LAA@HOU,0.7407407407407407,1,2021-09-10,0.6258687723354297
2021-09-10_SF@CHC,0.5369261477045908,0,2021-09-10,0.5065320321654232
2021-09-10_NYY@NYM,0.4253521126760563,1,2021-09-10,0.4674761860314419
2021-09-10_TOR@BAL,0.45825049701789267,1,2021-09-10,0.47342194858824516
2021-09-10_WSH@PIT,0.5369261477045908,0,2021-09-10,0.5049629624958494
2021-09-10_MIL@CLE,0.5511811023622046,1,2021-09-10,0.5205985145923442
2021-09-10_BOS@CWS,0.3881656804733728,0,2021-09-10,0.43480300806116645
2021-09-11_TB@DET,0.3881656804733728,0,2021-09-11,0.43220788476021854
2021-09-11_SF@CHC,0.7157894736842105,1,2021-09-11,0.6072109186411745
2021-09-11_CIN@STL,0.6211656441717791,0,2021-09-11,0.5447219073831692
2021-09-11_KC@MIN,0.5511811023622046,1,2021-09-11,0.5280359564643673
2021-09-11_LAA@HOU,0.4253521126760563,1,2021-09-11,0.46713943748998865
2021-09-11_SD@LAD,0.265993265993266,0,2021-09-11,0.40566621181812657
2021-09-11_BOS@CWS,0.6827586206896552,0,2021-09-11,0.5716003753023073
2021-09-11_TOR@BAL,0.4253521126760563,0,2021-09-11,0.4680987812026527
2021-09-11_MIL@CLE,0.4253521126760563,1,2021-09-11,0.4497927511252082
2021-09-11_TEX@OAK,0.6211656441717791,1,2021-09-11,0.5472619983633125
2021-09-11_MIA@ATL,0.6211656441717791,1,2021-09-11,0.5380320272898553
2021-09-11_TOR@BAL,0.4822834645669291,1,2021-09-11,0.49187436665108497
2021-09-11_COL@PHI,0.4253521126760563,0,2021-09-11,0.44263054461230533
2021-09-11_WSH@PIT,0.4253521126760563,0,2021-09-11,0.44564250418675544
2021-09-11_NYY@NYM,0.5511811023622046,0,2021-09-11,0.5167054223880854
2021-09-11_AZ@SEA,0.45825049701789267,1,2021-09-11,0.4817627600183898
2021-09-12_SF@CHC,0.4253521126760563,0,2021-09-12,0.4651742925465181
2021-09-12_MIL@CLE,0.29896907216494845,1,2021-09-12,0.41522248054041333
2021-09-12_TB@DET,0.4253521126760563,0,2021-09-12,0.464464677962073
2021-09-12_BOS@CWS,0.4253521126760563,0,2021-09-12,0.4525503440254396
2021-09-12_COL@PHI,0.3881656804733728,1,2021-09-12,0.4363988223811779
2021-09-12_TOR@BAL,0.4253521126760563,1,2021-09-12,0.4533336150051064
2021-09-12_CIN@STL,0.6827586206896552,1,2021-09-12,0.5726486145456271
2021-09-12_SD@LAD,0.5369261477045908,0,2021-09-12,0.5036148032693752
2021-09-12_KC@MIN,0.49743589743589745,1,2021-09-12,0.49538381073814497
2021-09-12_TEX@OAK,0.49743589743589745,0,2021-09-12,0.49483727811108424
2021-09-12_WSH@PIT,0.4822834645669291,0,2021-09-12,0.4880156199014408
2021-09-12_AZ@SEA,0.29896907216494845,0,2021-09-12,0.4157016777011314
2021-09-12_LAA@HOU,0.5369261477045908,1,2021-09-12,0.5056738602645127
2021-09-12_MIA@ATL,0.4253521126760563,0,2021-09-12,0.46785357168990893
2021-09-12_NYY@NYM,0.4822834645669291,1,2021-09-12,0.48622600787218817
2021-09-13_AZ@LAD,0.7157894736842105,1,2021-09-13,0.6083871923883354
2021-09-13_BOS@SEA,0.6211656441717791,1,2021-09-13,0.5457873472367036
2021-09-13_MIA@WSH,0.6553191489361702,1,2021-09-13,0.5537022158095892
2021-09-13_TB@TOR,0.4253521126760563,0,2021-09-13,0.4467061900915875
2021-09-13_STL@NYM,0.268041237113402,0,2021-09-13,0.4104519109969582
2021-09-13_HOU@TEX,0.6211656441717791,1,2021-09-13,0.5369221056006952
2021-09-13_SD@SF,0.4822834645669291,1,2021-09-13,0.48782547535923204
2021-09-13_MIN@NYY,0.6827586206896552,1,2021-09-13,0.5879374962510117
2021-09-14_SD@SF,0.45825049701789267,1,2021-09-14,0.47726000310311956
2021-09-14_STL@NYM,0.4822834645669291,1,2021-09-14,0.48718962931729515
2021-09-14_CLE@MIN,0.4822834645669291,0,2021-09-14,0.49022365849887073
2021-09-14_HOU@TEX,0.6827586206896552,1,2021-09-14,0.5663682048796821
2021-09-14_CHC@PHI,0.5511811023622046,1,2021-09-14,0.5157618413829007
2021-09-14_CLE@MIN,0.4253521126760563,0,2021-09-14,0.46299985185516845
2021-09-14_TB@TOR,0.4253521126760563,0,2021-09-14,0.45618652149257655
2021-09-14_MIL@DET,0.3881656804733728,0,2021-09-14,0.4371816761198767
2021-09-14_NYY@BAL,0.4253521126760563,1,2021-09-14,0.458719280878931
2021-09-14_CIN@PIT,0.4253521126760563,1,2021-09-14,0.4430510283713329
2021-09-14_COL@ATL,0.3881656804733728,1,2021-09-14,0.42822687365001644
2021-09-14_AZ@LAD,0.265993265993266,1,2021-09-14,0.40314462674898033
2021-09-14_LAA@CWS,0.5511811023622046,1,2021-09-14,0.523434886302562
2021-09-14_OAK@KC,0.7407407407407407,1,2021-09-14,0.6236023101186703
2021-09-14_MIA@WSH,0.6553191489361702,0,2021-09-14,0.5631033032490274
2021-09-14_BOS@SEA,0.45825049701789267,0,2021-09-14,0.48356055492762495
2021-09-15_CLE@MIN,0.4253521126760563,0,2021-09-15,0.46799894967522515
2021-09-15_SD@SF,0.6211656441717791,1,2021-09-15,0.5524370991986041
2021-09-15_COL@ATL,0.4253521126760563,0,2021-09-15,0.44110167364440045
2021-09-15_OAK@KC,0.6553191489361702,1,2021-09-15,0.558609868280985
2021-09-15_MIA@WSH,0.6211656441717791,0,2021-09-15,0.5467670546670507
2021-09-15_TB@TOR,0.45825049701789267,1,2021-09-15,0.47525485713326987
2021-09-15_BOS@SEA,0.4253521126760563,1,2021-09-15,0.44180965168014597
2021-09-15_LAA@CWS,0.7157894736842105,0,2021-09-15,0.6028294286110206
2021-09-15_CIN@PIT,0.5369261477045908,1,2021-09-15,0.5074310224228853
2021-09-15_CHC@PHI,0.4253521126760563,0,2021-09-15,0.44220922193345047
2021-09-15_NYY@BAL,0.29896907216494845,0,2021-09-15,0.4143582026804794
2021-09-15_STL@NYM,0.4253521126760563,1,2021-09-15,0.44926861746623004
2021-09-15_HOU@TEX,0.29896907216494845,0,2021-09-15,0.4151665790454454
2021-09-15_MIL@DET,0.1888111888111888,0,2021-09-15,0.3869829359905518
2021-09-15_AZ@LAD,0.3881656804733728,0,2021-09-15,0.4380909230168959
2021-09-16_OAK@KC,0.6211656441717791,1,2021-09-16,0.5395986706478837
2021-09-16_SD@SF,0.4253521126760563,0,2021-09-16,0.4475011235508797
2021-09-16_DET@TB,0.6211656441717791,1,2021-09-16,0.5313386076727347
2021-09-16_CHC@PHI,0.5369261477045908,0,2021-09-16,0.5030298598805936
2021-09-16_LAA@CWS,0.6211656441717791,0,2021-09-16,0.5458150628189915
2021-09-16_CIN@PIT,0.4822834645669291,0,2021-09-16,0.49196287826060014
2021-09-16_NYY@BAL,0.4253521126760563,0,2021-09-16,0.4625234858934667
2021-09-16_HOU@TEX,0.268041237113402,0,2021-09-16,0.4104326166044395
2021-09-17_SD@STL,0.3881656804733728,1,2021-09-17,0.4322806794292573
2021-09-17_SEA@KC,0.4253521126760563,0,2021-09-17,0.4491155634524665
2021-09-17_COL@WSH,0.45825049701789267,1,2021-09-17,0.48389663955584805
2021-09-17_ATL@SF,0.7407407407407407,1,2021-09-17,0.6317183606519352
2021-09-17_BAL@BOS,0.4822834645669291,0,2021-09-17,0.4863584989574524
2021-09-17_MIN@TOR,0.4253521126760563,0,2021-09-17,0.46060656661538824
2021-09-17_CHC@MIL,0.45825049701789267,0,2021-09-17,0.477240401539457
2021-09-17_CWS@TEX,0.6827586206896552,1,2021-09-17,0.5820542756492858
2021-09-17_PIT@MIA,0.4822834645669291,1,2021-09-17,0.4856337749483075
2021-09-17_OAK@LAA,0.4822834645669291,0,2021-09-17,0.4852500719981284
2021-09-17_PHI@NYM,0.30434782608695654,0,2021-09-17,0.4173560367417458
2021-09-17_AZ@HOU,0.45825049701789267,0,2021-09-17,0.4819056948564694
2021-09-17_LAD@CIN,0.5511811023622046,0,2021-09-17,0.5163905775079887
2021-09-17_CLE@NYY,0.45825049701789267,0,2021-09-17,0.47508884567792664
2021-09-17_DET@TB,0.4253521126760563,1,2021-09-17,0.46654933655339703
2021-09-18_CHC@MIL,0.4822834645669291,0,2021-09-18,0.48657189332652306
2021-09-18_COL@WSH,0.4253521126760563,1,2021-09-18,0.4593262904856046
2021-09-18_DET@TB,0.45825049701789267,1,2021-09-18,0.4717497501328245
2021-09-18_MIN@TOR,0.3881656804733728,1,2021-09-18,0.4245507870511189
2021-09-18_CWS@TEX,0.6827586206896552,0,2021-09-18,0.5750847013430957
2021-09-18_ATL@SF,0.265993265993266,0,2021-09-18,0.4063164916266947
2021-09-18_SEA@KC,0.49743589743589745,1,2021-09-18,0.4937506623241317
2021-09-18_CLE@NYY,0.4253521126760563,0,2021-09-18,0.44788293110258237
2021-09-18_PIT@MIA,0.5511811023622046,1,2021-09-18,0.5155533495429818
2021-09-18_PHI@NYM,0.6827586206896552,1,2021-09-18,0.5712419002835262
2021-09-18_LAD@CIN,0.268041237113402,0,2021-09-18,0.40910946656472524
2021-09-18_SD@STL,0.4253521126760563,0,2021-09-18,0.4672052087604335
2021-09-18_AZ@HOU,0.6553191489361702,1,2021-09-18,0.560821483821905
2021-09-18_OAK@LAA,0.45825049701789267,1,2021-09-18,0.4777586002920402
2021-09-18_BAL@BOS,0.6827586206896552,1,2021-09-18,0.5909502278339249
2021-09-19_AZ@HOU,0.265993265993266,1,2021-09-19,0.3957775695511574
2021-09-19_BAL@BOS,0.4253521126760563,1,2021-09-19,0.4594969005457986
2021-09-19_CHC@MIL,0.4253521126760563,0,2021-09-19,0.4418609129809571
2021-09-19_PIT@MIA,0.6211656441717791,0,2021-09-19,0.5359471732220096
2021-09-19_OAK@LAA,0.5369261477045908,0,2021-09-19,0.5030072292141372
2021-09-19_PHI@NYM,0.45825049701789267,1,2021-09-19,0.4702453540065987
2021-09-19_CLE@NYY,0.45825049701789267,1,2021-09-19,0.47176225660602045
2021-09-19_SEA@KC,0.34210526315789475,1,2021-09-19,0.4213060078769313
2021-09-19_DET@TB,0.3881656804733728,0,2021-09-19,0.42979130182871095
2021-09-19_SD@STL,0.45825049701789267,1,2021-09-19,0.4727712962641404
2021-09-19_MIN@TOR,0.6211656441717791,1,2021-09-19,0.5386783640343122
2021-09-19_LAD@CIN,0.4253521126760563,0,2021-09-19,0.45383641534457075
2021-09-19_ATL@SF,0.4253521126760563,0,2021-09-19,0.46846591853477004
2021-09-19_CWS@TEX,0.45825049701789267,0,2021-09-19,0.4833701231931702
2021-09-19_COL@WSH,0.5511811023622046,1,2021-09-19,0.5232156935750661
2021-09-20_CWS@DET,0.4253521126760563,0,2021-09-20,0.4676425299353968
2021-09-20_TOR@TB,0.4822834645669291,0,2021-09-20,0.4919665878706415
2021-09-20_WSH@MIA,0.4253521126760563,1,2021-09-20,0.4475538646067453
2021-09-20_SEA@OAK,0.4253521126760563,0,2021-09-20,0.45658949206629085
2021-09-20_HOU@LAA,0.6827586206896552,1,2021-09-20,0.5997891825412835
2021-09-20_KC@CLE,0.5511811023622046,0,2021-09-20,0.5108915820131503
2021-09-20_STL@MIL,0.3881656804733728,1,2021-09-20,0.4316008723435537
2021-09-20_PIT@CIN,0.268041237113402,1,2021-09-20,0.4123308315182892
2021-09-20_BAL@PHI,0.6211656441717791,1,2021-09-20,0.5526063778894612
2021-09-20_KC@CLE,0.5369261477045908,1,2021-09-20,0.5040072193707961
2021-09-20_ATL@AZ,0.45825049701789267,0,2021-09-20,0.47635089213036597
2021-09-20_TEX@NYY,0.45825049701789267,0,2021-09-20,0.47723800016717244
2021-09-21_SF@SD,0.7407407407407407,1,2021-09-21,0.6397999060427799
2021-09-21_WSH@MIA,0.6827586206896552,0,2021-09-21,0.5734069270157595
2021-09-21_KC@CLE,0.5511811023622046,1,2021-09-21,0.5124022596315831
2021-09-21_TOR@TB,0.4253521126760563,0,2021-09-21,0.4506967436025876
2021-09-21_STL@MIL,0.5511811023622046,1,2021-09-21,0.5155270137145285
2021-09-21_LAD@COL,0.3881656804733728,0,2021-09-21,0.43023313619520953
2021-09-21_TEX@NYY,0.7157894736842105,1,2021-09-21,0.6040734630813274
2021-09-21_SEA@OAK,0.5511811023622046,1,2021-09-21,0.518022655986429
2021-09-21_HOU@LAA,0.6211656441717791,0,2021-09-21,0.5437955514759945
2021-09-21_NYM@BOS,0.4253521126760563,0,2021-09-21,0.4565861832697704
2021-09-21_MIN@CHC,0.6553191489361702,1,2021-09-21,0.5633723936935237
2021-09-21_ATL@AZ,0.6827586206896552,1,2021-09-21,0.5901320454499315
2021-09-21_CWS@DET,0.4253521126760563,0,2021-09-21,0.46149991800391066
2021-09-21_BAL@PHI,0.5369261477045908,0,2021-09-21,0.5042954756493816
2021-09-21_PIT@CIN,0.6211656441717791,0,2021-09-21,0.529839106342042
2021-09-22_HOU@LAA,0.4822834645669291,1,2021-09-22,0.4900894846991021
2021-09-22_MIN@CHC,0.6827586206896552,1,2021-09-22,0.5853426885309975
2021-09-22_LAD@COL,0.6211656441717791,0,2021-09-22,0.5336791261974834
2021-09-22_TEX@NYY,0.5331491712707183,0,2021-09-22,0.4970790160477858
2021-09-22_BAL@PHI,0.6827586206896552,0,2021-09-22,0.5906578594221972
2021-09-22_SEA@OAK,0.5369261477045908,0,2021-09-22,0.5043833847295343
2021-09-22_SF@SD,0.4253521126760563,1,2021-09-22,0.44684305308622707
2021-09-22_TOR@TB,0.45825049701789267,0,2021-09-22,0.4760644143232997
2021-09-22_STL@MIL,0.4253521126760563,1,2021-09-22,0.44580644245590706
2021-09-22_ATL@AZ,0.45825049701789267,1,2021-09-22,0.48362912219418586
2021-09-22_NYM@BOS,0.5511811023622046,1,2021-09-22,0.5170701183248101
2021-09-22_WSH@MIA,0.7407407407407407,0,2021-09-22,0.6483179631135967
2021-09-23_PIT@PHI,0.3881656804733728,0,2021-09-23,0.4326503947316518
2021-09-23_STL@MIL,0.7407407407407407,1,2021-09-23,0.6203641846374651
2021-09-23_SEA@OAK,0.45825049701789267,0,2021-09-23,0.47169254724519694
2021-09-23_CWS@CLE,0.5511811023622046,1,2021-09-23,0.5241568238293244
2021-09-23_SF@SD,0.4253521126760563,1,2021-09-23,0.45297652775980435
2021-09-23_HOU@LAA,0.4253521126760563,0,2021-09-23,0.44484490594350923
2021-09-23_CWS@CLE,0.265993265993266,0,2021-09-23,0.3964553949217581
2021-09-23_ATL@AZ,0.30434782608695654,0,2021-09-23,0.4175432989669726
2021-09-23_TOR@MIN,0.4253521126760563,0,2021-09-23,0.46316670505618285
2021-09-23_LAD@COL,0.5511811023622046,0,2021-09-23,0.5218388014232679
2021-09-23_TEX@BAL,0.4253521126760563,0,2021-09-23,0.44071733364948606
2021-09-23_WSH@CIN,0.5511811023622046,0,2021-09-23,0.5123506453646051
2021-09-24_ATL@SD,0.7407407407407407,1,2021-09-24,0.6363715688575619
2021-09-24_STL@CHC,0.4253521126760563,0,2021-09-24,0.45082104307981785
2021-09-24_SEA@LAA,0.5511811023622046,1,2021-09-24,0.5268258662479378
2021-09-24_STL@CHC,0.5511811023622046,1,2021-09-24,0.5175173945147704
2021-09-24_TOR@MIN,0.6553191489361702,0,2021-09-24,0.5613792358491159
2021-09-24_MIA@TB,0.4822834645669291,1,2021-09-24,0.4876891903141476
2021-09-24_LAD@AZ,0.5369261477045908,0,2021-09-24,0.5030867747196808
2021-09-24_PIT@PHI,0.45825049701789267,0,2021-09-24,0.4827838898899547
2021-09-24_HOU@OAK,0.6211656441717791,1,2021-09-24,0.5441952226797816
2021-09-24_SF@COL,0.7407407407407407,1,2021-09-24,0.668461785643536
2021-09-24_NYY@BOS,0.3881656804733728,1,2021-09-24,0.43408504691712924
2021-09-24_TEX@BAL,0.4253521126760563,1,2021-09-24,0.4598395390199157
2021-09-24_KC@DET,0.4253521126760563,0,2021-09-24,0.4440108413495111
2021-09-24_CWS@CLE,0.4253521126760563,0,2021-09-24,0.4469057810112044
2021-09-24_WSH@CIN,0.5511811023622046,1,2021-09-24,0.5214451886406486
2021-09-24_NYM@MIL,0.4253521126760563,1,2021-09-24,0.4557945423947398
2021-09-25_TEX@BAL,0.45825049701789267,0,2021-09-25,0.4760681603489052
2021-09-25_WSH@CIN,0.4253521126760563,1,2021-09-25,0.44425591326624536
2021-09-25_PIT@PHI,0.5369261477045908,0,2021-09-25,0.5079351356303488
2021-09-25_HOU@OAK,0.3881656804733728,0,2021-09-25,0.43437885751494354
2021-09-25_ATL@SD,0.6211656441717791,1,2021-09-25,0.5354753606282749
2021-09-25_SEA@LAA,0.7407407407407407,1,2021-09-25,0.6646081355990292
2021-09-25_NYM@MIL,0.30434782608695654,0,2021-09-25,0.4183025372707654
2021-09-25_MIA@TB,0.6827586206896552,0,2021-09-25,0.5827768882033965
2021-09-25_SF@COL,0.4253521126760563,1,2021-09-25,0.4655124570500504
2021-09-25_TOR@MIN,0.5511811023622046,1,2021-09-25,0.5150291389463421
2021-09-25_STL@CHC,0.3881656804733728,0,2021-09-25,0.43529258611285393
2021-09-25_LAD@AZ,0.6211656441717791,1,2021-09-25,0.549185273641907
2021-09-25_NYY@BOS,0.4253521126760563,0,2021-09-25,0.4424279004265942
2021-09-25_KC@DET,0.30434782608695654,0,2021-09-25,0.4175434469225837
2021-09-25_CWS@CLE,0.6211656441717791,1,2021-09-25,0.5376822048873524
2021-09-26_SEA@LAA,0.6553191489361702,0,2021-09-26,0.5544375114822124
2021-09-26_KC@DET,0.265993265993266,1,2021-09-26,0.40300821537539644
2021-09-26_MIA@TB,0.45825049701789267,1,2021-09-26,0.4809394664316816
2021-09-26_HOU@OAK,0.4253521126760563,0,2021-09-26,0.44115311476056096
2021-09-26_NYM@MIL,0.6211656441717791,1,2021-09-26,0.5449260497793678
2021-09-26_ATL@SD,0.45825049701789267,0,2021-09-26,0.4745754554908732
2021-09-26_PIT@PHI,0.5511811023622046,1,2021-09-26,0.5186788404787019
2021-09-26_TOR@MIN,0.45825049701789267,0,2021-09-26,0.4803290724396241
2021-09-26_SF@COL,0.3881656804733728,0,2021-09-26,0.42648324299037155
2021-09-26_NYY@BOS,0.5331491712707183,0,2021-09-26,0.5017439985921447
2021-09-26_STL@CHC,0.7407407407407407,0,2021-09-26,0.6237628421200443
2021-09-26_WSH@CIN,0.45825049701789267,0,2021-09-26,0.472655522087416
2021-09-26_TEX@BAL,0.5369261477045908,0,2021-09-26,0.5038841462444444
2021-09-26_LAD@AZ,0.6553191489361702,1,2021-09-26,0.5544518404821991
2021-09-26_CWS@CLE,0.6553191489361702,1,2021-09-26,0.5634141943314621
2021-09-27_WSH@COL,0.6827586206896552,0,2021-09-27,0.5701698209506068
2021-09-27_CWS@DET,0.6211656441717791,0,2021-09-27,0.536822990941024
2021-09-27_KC@CLE,0.7157894736842105,1,2021-09-27,0.6141681476684682
2021-09-27_PIT@CIN,0.7407407407407407,1,2021-09-27,0.6274623578106332
2021-09-27_OAK@SEA,0.6211656441717791,1,2021-09-27,0.5420900472520718
2021-09-28_MIA@NYM,0.45825049701789267,1,2021-09-28,0.48079014045295054
2021-09-28_NYY@TOR,0.6827586206896552,1,2021-09-28,0.5953373947083018
2021-09-28_DET@MIN,0.4253521126760563,0,2021-09-28,0.45303237097645876
2021-09-28_AZ@SF,0.4253521126760563,1,2021-09-28,0.45702205106717164
2021-09-28_LAA@TEX,0.5511811023622046,0,2021-09-28,0.5128119960285876
2021-09-28_OAK@SEA,0.4253521126760563,0,2021-09-28,0.465495505977746
2021-09-28_CIN@CWS,0.4253521126760563,1,2021-09-28,0.4494345065561439
2021-09-28_MIL@STL,0.265993265993266,0,2021-09-28,0.3996444785341894
2021-09-28_PHI@ATL,0.4253521126760563,0,2021-09-28,0.4522682883449627
2021-09-28_SD@LAD,0.7407407407407407,1,2021-09-28,0.6216286714815947
2021-09-28_BOS@BAL,0.45825049701789267,0,2021-09-28,0.47693010971246574
2021-09-28_WSH@COL,0.45825049701789267,0,2021-09-28,0.4787695487997595
2021-09-28_MIA@NYM,0.45825049701789267,0,2021-09-28,0.4691319966010735
2021-09-28_CHC@PIT,0.5511811023622046,1,2021-09-28,0.5260077900205982
2021-09-28_CLE@KC,0.5511811023622046,1,2021-09-28,0.5194619134010716
2021-09-28_TB@HOU,0.5369261477045908,1,2021-09-28,0.5100492851102272
2021-09-29_CIN@CWS,0.4253521126760563,0,2021-09-29,0.45361106871784485
2021-09-29_CHC@PIT,0.5369261477045908,0,2021-09-29,0.5076199863445459
2021-09-29_WSH@COL,0.4822834645669291,1,2021-09-29,0.4909960386859279
2021-09-29_BOS@BAL,0.3881656804733728,0,2021-09-29,0.43709412935629466
2021-09-29_TB@HOU,0.30434782608695654,0,2021-09-29,0.4192105582601898
2021-09-29_LAA@TEX,0.4253521126760563,1,2021-09-29,0.4674850923470931
2021-09-29_PHI@ATL,0.5331491712707183,1,2021-09-29,0.502592840609497
2021-09-29_SD@LAD,0.5369261477045908,1,2021-09-29,0.5097527498555594
2021-09-29_OAK@SEA,0.4822834645669291,0,2021-09-29,0.48997170917016475
2021-09-29_DET@MIN,0.6827586206896552,1,2021-09-29,0.5671356284080817
2021-09-29_MIL@STL,0.4253521126760563,1,2021-09-29,0.4487473707236358
2021-09-29_CLE@KC,0.6211656441717791,1,2021-09-29,0.5435169507992625
2021-09-29_MIA@NYM,0.265993265993266,0,2021-09-29,0.3966786760318908
2021-09-29_NYY@TOR,0.4253521126760563,1,2021-09-29,0.4578301501588389
2021-09-29_AZ@SF,0.6211656441717791,0,2021-09-29,0.5509555264988393
2021-09-30_MIL@STL,0.45825049701789267,0,2021-09-30,0.475123830815644
2021-09-30_LAA@TEX,0.6553191489361702,1,2021-09-30,0.5591372560174781
2021-09-30_AZ@SF,0.6827586206896552,1,2021-09-30,0.588333037048425
2021-09-30_NYY@TOR,0.4253521126760563,1,2021-09-30,0.45338557598395635
2021-09-30_SD@LAD,0.4253521126760563,1,2021-09-30,0.4422069434299336
2021-09-30_CLE@KC,0.4253521126760563,0,2021-09-30,0.46003174270231684
2021-09-30_DET@MIN,0.6211656441717791,1,2021-09-30,0.5339541302652628
2021-09-30_CHC@PIT,0.5369261477045908,1,2021-09-30,0.5068471506494976
2021-09-30_TB@HOU,0.4253521126760563,0,2021-09-30,0.4446898068993971
2021-09-30_PHI@ATL,0.4253521126760563,1,2021-09-30,0.4643554528229066
2021-09-30_BOS@BAL,0.4253521126760563,1,2021-09-30,0.44885222335528596
2021-09-30_MIA@NYM,0.29896907216494845,0,2021-09-30,0.4158398364583654
2021-10-01_CLE@TEX,0.4253521126760563,0,2021-10-01,0.45153312876771023
2021-10-01_SD@SF,0.4822834645669291,1,2021-10-01,0.48901472432123283
2021-10-01_CIN@PIT,0.5511811023622046,1,2021-10-01,0.5110335178755161
2021-10-01_BOS@WSH,0.6827586206896552,0,2021-10-01,0.5820101373179996
2021-10-01_CHC@STL,0.5369261477045908,1,2021-10-01,0.5031648354596465
2021-10-01_BAL@TOR,0.3881656804733728,0,2021-10-01,0.4264700812603628
2021-10-01_COL@AZ,0.4822834645669291,0,2021-10-01,0.49318783756178086
2021-10-01_LAA@SEA,0.4253521126760563,0,2021-10-01,0.45953387964012105
2021-10-01_PHI@MIA,0.7157894736842105,0,2021-10-01,0.611846978454867
2021-10-01_MIN@KC,0.45825049701789267,1,2021-10-01,0.47180098970337225
2021-10-01_MIL@LAD,0.5331491712707183,1,2021-10-01,0.501494832795319
2021-10-01_TB@NYY,0.7407407407407407,1,2021-10-01,0.6191508890741881
2021-10-01_OAK@HOU,0.4253521126760563,1,2021-10-01,0.44530368422086797
2021-10-01_DET@CWS,0.5331491712707183,0,2021-10-01,0.4979459406275649
2021-10-01_NYM@ATL,0.3881656804733728,0,2021-10-01,0.43257906924534384
2021-10-02_BOS@WSH,0.45825049701789267,0,2021-10-02,0.4827573060184197
2021-10-02_BAL@TOR,0.49743589743589745,1,2021-10-02,0.4944845354367673
2021-10-02_OAK@HOU,0.5511811023622046,1,2021-10-02,0.5200959045951639
2021-10-02_CLE@TEX,0.7407407407407407,1,2021-10-02,0.6639973395798631
2021-10-02_COL@AZ,0.3881656804733728,1,2021-10-02,0.43103883335717674
2021-10-02_LAA@SEA,0.5511811023622046,0,2021-10-02,0.5142286487508361
2021-10-02_CHC@STL,0.4822834645669291,1,2021-10-02,0.49264110254073723
2021-10-02_CIN@PIT,0.45825049701789267,1,2021-10-02,0.47812069793324286
2021-10-02_TB@NYY,0.6211656441717791,1,2021-10-02,0.5367874167653378
2021-10-02_MIL@LAD,0.7407407407407407,1,2021-10-02,0.635828710236967
2021-10-02_NYM@ATL,0.5511811023622046,0,2021-10-02,0.5113140603386837
2021-10-02_PHI@MIA,0.4253521126760563,0,2021-10-02,0.45717809639808804
2021-10-02_MIN@KC,0.4253521126760563,1,2021-10-02,0.4422602892487222
2021-10-02_DET@CWS,0.4253521126760563,0,2021-10-02,0.46542449581208234
2021-10-02_SD@SF,0.4253521126760563,0,2021-10-02,0.44074152095954
2021-10-03_BOS@WSH,0.4822834645669291,0,2021-10-03,0.4926083235857833
2021-10-03_BAL@TOR,0.4253521126760563,1,2021-10-03,0.4477916802393084
2021-10-03_CLE@TEX,0.4253521126760563,1,2021-10-03,0.46123134700424606
2021-10-03_CHC@STL,0.6827586206896552,1,2021-10-03,0.5930720737562041
2021-10-03_TB@NYY,0.4822834645669291,0,2021-10-03,0.4880551850187659
2021-10-03_CIN@PIT,0.6211656441717791,1,2021-10-03,0.5338865708324664
2021-10-03_LAA@SEA,0.6827586206896552,1,2021-10-03,0.573095145219819
2021-10-03_MIL@LAD,0.4253521126760563,0,2021-10-03,0.45608855094009404
2021-10-03_MIN@KC,0.6211656441717791,1,2021-10-03,0.5318656413832098
2021-10-03_OAK@HOU,0.45825049701789267,0,2021-10-03,0.4810918319595666
2021-10-03_PHI@MIA,0.5331491712707183,1,2021-10-03,0.5024549039455855
2021-10-03_DET@CWS,0.4253521126760563,1,2021-10-03,0.46702122277734837
2021-10-03_COL@AZ,0.6211656441717791,0,2021-10-03,0.535685969082695
2021-10-03_NYM@ATL,0.3881656804733728,1,2021-10-03,0.43844523407033753
2021-10-03_SD@SF,0.3881656804733728,0,2021-10-03,0.4256650738810387
2022-04-07_CLE@KC,0.5369261477045908,0,2022-04-07,0.5060444562867599
2022-04-07_HOU@LAA,0.5369261477045908,0,2022-04-07,0.5048511379225518
2022-04-07_SD@AZ,0.5369261477045908,0,2022-04-07,0.5059436729131513
2022-04-07_NYM@WSH,0.5369261477045908,0,2022-04-07,0.5056479422268001
2022-04-07_CIN@ATL,0.5369261477045908,0,2022-04-07,0.5054780618580235
2022-04-07_MIL@CHC,0.5369261477045908,0,2022-04-07,0.5062709407760412
2022-04-07_PIT@STL,0.5369261477045908,1,2022-04-07,0.5055799784699002
2022-04-08_CWS@DET,0.5369261477045908,1,2022-04-08,0.5054666805223221
2022-04-08_BAL@TB,0.5369261477045908,0,2022-04-08,0.5057664492097218
2022-04-08_SEA@MIN,0.5369261477045908,1,2022-04-08,0.5061604501200114
2022-04-08_SD@AZ,0.5369261477045908,0,2022-04-08,0.505394333595093
2022-04-08_CIN@ATL,0.5369261477045908,0,2022-04-08,0.5059244536080314
2022-04-08_BOS@NYY,0.5369261477045908,1,2022-04-08,0.5058609521697703
2022-04-08_OAK@PHI,0.5369261477045908,1,2022-04-08,0.5060439139538394
2022-04-08_LAD@COL,0.5369261477045908,0,2022-04-08,0.5047903909961082
2022-04-08_TEX@TOR,0.5369261477045908,1,2022-04-08,0.5052470673847469
2022-04-08_NYM@WSH,0.5369261477045908,0,2022-04-08,0.5055139531899162
2022-04-08_HOU@LAA,0.5331491712707183,1,2022-04-08,0.5026006472197762
2022-04-08_MIA@SF,0.5369261477045908,0,2022-04-08,0.5062103989487003
2022-04-09_PIT@STL,0.5369261477045908,1,2022-04-09,0.5054565490694153
2022-04-09_LAD@COL,0.5369261477045908,1,2022-04-09,0.5042937528790468
2022-04-09_SEA@MIN,0.5369261477045908,1,2022-04-09,0.5066385551574523
2022-04-09_CWS@DET,0.5369261477045908,1,2022-04-09,0.5058726308274373
2022-04-09_MIA@SF,0.5369261477045908,0,2022-04-09,0.5061541463214554
2022-04-09_HOU@LAA,0.5331491712707183,0,2022-04-09,0.5021816298014476
2022-04-09_TEX@TOR,0.5369261477045908,1,2022-04-09,0.5053479823784791
2022-04-09_SD@AZ,0.5369261477045908,1,2022-04-09,0.505214208332111
2022-04-09_NYM@WSH,0.5369261477045908,0,2022-04-09,0.5049109226213928
2022-04-09_CIN@ATL,0.5369261477045908,1,2022-04-09,0.5054025610798294
2022-04-09_OAK@PHI,0.5369261477045908,1,2022-04-09,0.504992706264096
2022-04-09_BAL@TB,0.5369261477045908,0,2022-04-09,0.5060837705752917
2022-04-09_BOS@NYY,0.5369261477045908,0,2022-04-09,0.5056733437239946
2022-04-09_MIL@CHC,0.5369261477045908,1,2022-04-09,0.5055232881991853
2022-04-09_CLE@KC,0.5369261477045908,0,2022-04-09,0.5058010482174797
2022-04-10_CIN@ATL,0.5369261477045908,0,2022-04-10,0.5038500027258122
2022-04-10_SD@AZ,0.5369261477045908,0,2022-04-10,0.5044115711331056
2022-04-10_NYM@WSH,0.5369261477045908,1,2022-04-10,0.5052039085279143
2022-04-10_LAD@COL,0.5369261477045908,1,2022-04-10,0.5033401242510398
2022-04-10_BOS@NYY,0.5369261477045908,1,2022-04-10,0.506160670904032
2022-04-10_MIL@CHC,0.5369261477045908,1,2022-04-10,0.5059819869593436
2022-04-10_MIA@SF,0.5369261477045908,0,2022-04-10,0.5059970664903868
2022-04-10_SEA@MIN,0.5369261477045908,1,2022-04-10,0.5047190934386052
2022-04-10_CWS@DET,0.5369261477045908,1,2022-04-10,0.5048967134416369
2022-04-10_OAK@PHI,0.5369261477045908,0,2022-04-10,0.5041133033831946
2022-04-10_PIT@STL,0.5369261477045908,1,2022-04-10,0.5050856859278936
2022-04-10_BAL@TB,0.5369261477045908,0,2022-04-10,0.5058350651414931
2022-04-10_HOU@LAA,0.5369261477045908,0,2022-04-10,0.5054368303289664
2022-04-10_CLE@KC,0.5369261477045908,1,2022-04-10,0.50568919752245
2022-04-10_TEX@TOR,0.5369261477045908,1,2022-04-10,0.5050403706403008
2022-04-11_TOR@NYY,0.5369261477045908,0,2022-04-11,0.506252549725706
2022-04-11_WSH@ATL,0.5369261477045908,1,2022-04-11,0.5057874172914112
2022-04-11_CLE@KC,0.5369261477045908,1,2022-04-11,0.505206845274262
2022-04-11_COL@TEX,0.5369261477045908,1,2022-04-11,0.5054419891539979
2022-04-11_OAK@TB,0.5369261477045908,1,2022-04-11,0.5051812756241656
2022-04-11_NYM@PHI,0.5369261477045908,1,2022-04-11,0.505261176124248
2022-04-11_BOS@DET,0.5369261477045908,1,2022-04-11,0.5052831597061173
2022-04-11_MIA@LAA,0.5369261477045908,1,2022-04-11,0.5042437934278643
2022-04-11_MIL@BAL,0.5369261477045908,0,2022-04-11,0.5055987608298675
2022-04-11_SEA@MIN,0.5369261477045908,1,2022-04-11,0.5053670340428461
2022-04-11_SD@SF,0.5369261477045908,0,2022-04-11,0.5059102110583379
2022-04-12_CHC@PIT,0.5369261477045908,0,2022-04-12,0.5054744572370127
2022-04-12_MIL@BAL,0.5369261477045908,1,2022-04-12,0.5053766157453552
2022-04-12_KC@STL,0.5369261477045908,1,2022-04-12,0.5049675281333026
2022-04-12_TOR@NYY,0.5369261477045908,0,2022-04-12,0.5053958467887876
2022-04-12_BOS@DET,0.5369261477045908,0,2022-04-12,0.5050135656356214
2022-04-12_COL@TEX,0.5369261477045908,0,2022-04-12,0.506070491957729
2022-04-12_SD@SF,0.4822834645669291,1,2022-04-12,0.48745832970624536
2022-04-12_CLE@CIN,0.6211656441717791,0,2022-04-12,0.5327956414552893
2022-04-12_SEA@CWS,0.5369261477045908,0,2022-04-12,0.5052648389133686
2022-04-12_NYM@PHI,0.45825049701789267,0,2022-04-12,0.47605470925946225
2022-04-12_LAD@MIN,0.5369261477045908,0,2022-04-12,0.5055854270856033
2022-04-12_OAK@TB,0.5369261477045908,1,2022-04-12,0.5051125702828805
2022-04-12_WSH@ATL,0.5369261477045908,1,2022-04-12,0.5081704883937102
2022-04-12_HOU@AZ,0.5369261477045908,0,2022-04-12,0.5037068172423806
2022-04-12_MIA@LAA,0.5369261477045908,0,2022-04-12,0.505870336400071
2022-04-13_LAD@MIN,0.5369261477045908,1,2022-04-13,0.5057756333411024
2022-04-13_CLE@CIN,0.5369261477045908,0,2022-04-13,0.5050326750780183
2022-04-13_BOS@DET,0.5331491712707183,1,2022-04-13,0.4971306116111618
2022-04-13_HOU@AZ,0.5511811023622046,0,2022-04-13,0.5145296036870873
2022-04-13_TOR@NYY,0.6211656441717791,1,2022-04-13,0.5469152046300602
2022-04-13_MIL@BAL,0.6827586206896552,0,2022-04-13,0.5708990710026494
2022-04-13_SEA@CWS,0.4822834645669291,1,2022-04-13,0.4929654835752155
2022-04-13_WSH@ATL,0.45825049701789267,1,2022-04-13,0.47407056985181517
2022-04-13_NYM@PHI,0.4253521126760563,0,2022-04-13,0.4450627017243508
2022-04-13_SD@SF,0.5331491712707183,1,2022-04-13,0.4976406317981388
2022-04-13_CHC@PIT,0.45825049701789267,1,2022-04-13,0.47520767215221105
2022-04-13_OAK@TB,0.4253521126760563,0,2022-04-13,0.4545070810675771
2022-04-14_SEA@CWS,0.45825049701789267,0,2022-04-14,0.4827570378077428
2022-04-14_CIN@LAD,0.49743589743589745,1,2022-04-14,0.49665893050137266
2022-04-14_TOR@NYY,0.4253521126760563,0,2022-04-14,0.4625655854698183
2022-04-14_OAK@TB,0.3466666666666667,0,2022-04-14,0.42153559432395094
2022-04-14_CHC@COL,0.5369261477045908,1,2022-04-14,0.5037551687557918
2022-04-14_STL@MIL,0.34210526315789475,1,2022-04-14,0.42076345808457105
2022-04-14_LAA@TEX,0.5511811023622046,1,2022-04-14,0.5178523775787978
2022-04-14_WSH@PIT,0.4253521126760563,1,2022-04-14,0.4496698499470395
2022-04-14_DET@KC,0.6211656441717791,0,2022-04-14,0.5404097677500473
2022-04-14_ATL@SD,0.4822834645669291,1,2022-04-14,0.4886403353172183
2022-04-14_PHI@MIA,0.3466666666666667,1,2022-04-14,0.42224874673372814
2022-04-15_STL@MIL,0.5331491712707183,1,2022-04-15,0.5021968437065056
2022-04-15_AZ@NYM,0.4253521126760563,1,2022-04-15,0.45203525162971303
2022-04-15_MIN@BOS,0.6211656441717791,1,2022-04-15,0.5356774418989927
2022-04-15_HOU@SEA,0.4822834645669291,1,2022-04-15,0.4914123773663086
2022-04-15_OAK@TOR,0.45825049701789267,1,2022-04-15,0.47505785185390004
2022-04-15_SF@CLE,0.5331491712707183,0,2022-04-15,0.4977825785757354
2022-04-15_CHC@COL,0.6211656441717791,0,2022-04-15,0.5336576751402287
2022-04-15_CIN@LAD,0.4822834645669291,0,2022-04-15,0.48772255136694254
2022-04-15_ATL@SD,0.5331491712707183,0,2022-04-15,0.4982821955707333
2022-04-15_TB@CWS,0.4822834645669291,0,2022-04-15,0.4848063326087242
2022-04-15_LAA@TEX,0.49743589743589745,1,2022-04-15,0.4966248496971537
2022-04-15_WSH@PIT,0.5511811023622046,1,2022-04-15,0.5182496113049271
2022-04-15_DET@KC,0.5369261477045908,0,2022-04-15,0.5044216187400348
2022-04-15_PHI@MIA,0.6827586206896552,1,2022-04-15,0.5889918887356915
2022-04-15_NYY@BAL,0.4253521126760563,0,2022-04-15,0.4617418746769789
2022-04-16_PHI@MIA,0.45825049701789267,1,2022-04-16,0.4706316389191857
2022-04-16_DET@KC,0.5331491712707183,1,2022-04-16,0.5024344709975199
2022-04-16_OAK@TOR,0.45825049701789267,1,2022-04-16,0.4738771443303872
2022-04-16_ATL@SD,0.5369261477045908,1,2022-04-16,0.5048649852820699
2022-04-16_SF@CLE,0.5511811023622046,1,2022-04-16,0.5121383315870145
2022-04-16_MIN@BOS,0.45825049701789267,0,2022-04-16,0.46922105869436426
2022-04-16_CIN@LAD,0.4822834645669291,0,2022-04-16,0.49329913034233164
2022-04-16_AZ@NYM,0.4822834645669291,0,2022-04-16,0.48689240782729626
2022-04-16_TB@CWS,0.4253521126760563,1,2022-04-16,0.4674024769970778
2022-04-16_LAA@TEX,0.4253521126760563,0,2022-04-16,0.4437739213323054
2022-04-16_CHC@COL,0.5369261477045908,0,2022-04-16,0.5072753872857144
2022-04-16_WSH@PIT,0.49743589743589745,0,2022-04-16,0.49432072662123616
2022-04-16_NYY@BAL,0.45825049701789267,0,2022-04-16,0.47179274484809364
2022-04-16_HOU@SEA,0.7407407407407407,0,2022-04-16,0.6282741984950109
2022-04-16_STL@MIL,0.4253521126760563,0,2022-04-16,0.45227270986351076
2022-04-17_ATL@SD,0.6211656441717791,0,2022-04-17,0.5522662900373844
2022-04-17_WSH@PIT,0.4822834645669291,0,2022-04-17,0.4850259543146326
2022-04-17_HOU@SEA,0.45825049701789267,1,2022-04-17,0.4734048267028338
2022-04-17_STL@MIL,0.5331491712707183,1,2022-04-17,0.4988561403629871
2022-04-17_SF@CLE,0.5511811023622046,0,2022-04-17,0.5107357398398122
2022-04-17_MIN@BOS,0.6827586206896552,0,2022-04-17,0.5944446277061053
2022-04-17_CIN@LAD,0.4253521126760563,0,2022-04-17,0.4484619412105548
2022-04-17_OAK@TOR,0.4253521126760563,1,2022-04-17,0.44120679575741995
2022-04-17_AZ@NYM,0.5369261477045908,0,2022-04-17,0.5054631090894631
2022-04-17_NYY@BAL,0.49743589743589745,0,2022-04-17,0.49518117113415716
2022-04-17_CHC@COL,0.45825049701789267,1,2022-04-17,0.4804520172758989
2022-04-17_TB@CWS,0.4253521126760563,1,2022-04-17,0.4680248028094981
2022-04-17_PHI@MIA,0.7407407407407407,0,2022-04-17,0.6303143816351604
2022-04-17_LAA@TEX,0.5369261477045908,1,2022-04-17,0.5051207916698812
2022-04-18_PIT@MIL,0.6553191489361702,1,2022-04-18,0.5624780411882058
2022-04-18_TB@CHC,0.4253521126760563,0,2022-04-18,0.4665567481432382
2022-04-18_MIN@BOS,0.45825049701789267,1,2022-04-18,0.4741516962865714
2022-04-18_ATL@LAD,0.5369261477045908,1,2022-04-18,0.503595633517226
2022-04-18_LAA@HOU,0.45825049701789267,1,2022-04-18,0.48074990756840885
2022-04-18_BAL@OAK,0.7407407407407407,1,2022-04-18,0.6870078711183725
2022-04-18_CIN@SD,0.5511811023622046,1,2022-04-18,0.5120925898888129
2022-04-18_PHI@COL,0.4253521126760563,0,2022-04-18,0.4553098763014177
2022-04-19_ATL@LAD,0.4822834645669291,0,2022-04-19,0.49285206836000073
2022-04-19_LAA@HOU,0.5369261477045908,0,2022-04-19,0.5033563934599192
2022-04-19_TEX@SEA,0.4822834645669291,1,2022-04-19,0.4901964352141277
2022-04-19_CIN@SD,0.45825049701789267,1,2022-04-19,0.47177297483615743
2022-04-19_SF@NYM,0.4253521126760563,0,2022-04-19,0.45503350623050576
2022-04-19_AZ@WSH,0.3881656804733728,0,2022-04-19,0.4251487735894368
2022-04-19_MIN@KC,0.4822834645669291,0,2022-04-19,0.493118253402019
2022-04-19_AZ@WSH,0.4253521126760563,0,2022-04-19,0.4672703673801245
2022-04-19_PIT@MIL,0.45825049701789267,0,2022-04-19,0.47985228122228885
2022-04-19_STL@MIA,0.7407407407407407,0,2022-04-19,0.6494901088655907
2022-04-19_TB@CHC,0.5511811023622046,0,2022-04-19,0.5218878615531517
2022-04-19_NYY@DET,0.5369261477045908,1,2022-04-19,0.5030086206198658
2022-04-19_TOR@BOS,0.3881656804733728,0,2022-04-19,0.4234994253551927
2022-04-19_PHI@COL,0.45825049701789267,1,2022-04-19,0.46904821252066453
2022-04-19_BAL@OAK,0.4822834645669291,1,2022-04-19,0.4852097987753443
2022-04-19_SF@NYM,0.5511811023622046,1,2022-04-19,0.5193225757273798
2022-04-20_TOR@BOS,0.3881656804733728,1,2022-04-20,0.43470774704240667
2022-04-20_CIN@SD,0.4822834645669291,0,2022-04-20,0.48486158531794266
2022-04-20_CWS@CLE,0.4253521126760563,1,2022-04-20,0.4483258304787514
2022-04-20_ATL@LAD,0.4253521126760563,1,2022-04-20,0.4521586518171721
2022-04-20_CWS@CLE,0.5331491712707183,1,2022-04-20,0.4999432274789063
2022-04-20_BAL@OAK,0.6211656441717791,0,2022-04-20,0.5315663325141398
2022-04-20_SF@NYM,0.5331491712707183,1,2022-04-20,0.4986606421158819
2022-04-20_MIN@KC,0.6211656441717791,1,2022-04-20,0.5479593361899802
2022-04-20_NYY@DET,0.45825049701789267,0,2022-04-20,0.48392026997516147
2022-04-20_LAA@HOU,0.4253521126760563,1,2022-04-20,0.45361406314716934
2022-04-20_TEX@SEA,0.6211656441717791,0,2022-04-20,0.5391888917670096
2022-04-20_STL@MIA,0.6827586206896552,0,2022-04-20,0.6015440083509991
2022-04-20_TB@CHC,0.4253521126760563,1,2022-04-20,0.4527705829552584
2022-04-20_AZ@WSH,0.45825049701789267,0,2022-04-20,0.46974619150839725
2022-04-20_PHI@COL,0.6211656441717791,1,2022-04-20,0.5446871761759515
2022-04-20_PIT@MIL,0.30434782608695654,0,2022-04-20,0.41743467523602473
2022-04-21_TEX@SEA,0.3881656804733728,1,2022-04-21,0.429621173583979
2022-04-21_SF@NYM,0.268041237113402,1,2022-04-21,0.41203353837825907
2022-04-21_CWS@CLE,0.3881656804733728,0,2022-04-21,0.4287735804170002
2022-04-21_NYY@DET,0.45825049701789267,0,2022-04-21,0.484327854455293
2022-04-21_PIT@CHC,0.6211656441717791,1,2022-04-21,0.5368262009051757
2022-04-21_BAL@OAK,0.6211656441717791,0,2022-04-21,0.5432938306151438
2022-04-21_MIN@KC,0.3881656804733728,0,2022-04-21,0.4312341257478054
2022-04-21_TOR@BOS,0.3466666666666667,0,2022-04-21,0.42217436106855233
2022-04-21_STL@MIA,0.6553191489361702,0,2022-04-21,0.5570606946736716
2022-04-21_AZ@WSH,0.5511811023622046,1,2022-04-21,0.5185206537352434
2022-04-22_LAD@SD,0.7407407407407407,0,2022-04-22,0.6163670569502768
2022-04-22_MIA@ATL,0.4822834645669291,1,2022-04-22,0.4853579109660222
2022-04-22_NYM@AZ,0.45825049701789267,0,2022-04-22,0.471331740610642
2022-04-22_STL@CIN,0.5511811023622046,1,2022-04-22,0.5104099061334462
2022-04-22_PIT@CHC,0.5331491712707183,0,2022-04-22,0.49920330623817044
2022-04-22_CWS@MIN,0.45825049701789267,0,2022-04-22,0.47338802380976697
2022-04-22_BAL@LAA,0.3881656804733728,0,2022-04-22,0.43959338378235246
2022-04-22_CLE@NYY,0.5331491712707183,0,2022-04-22,0.5001994553889018
2022-04-22_KC@SEA,0.5369261477045908,0,2022-04-22,0.5071019004896176
2022-04-22_SF@WSH,0.49743589743589745,0,2022-04-22,0.4945125088759492
2022-04-22_BOS@TB,0.6827586206896552,1,2022-04-22,0.5899654017670262
2022-04-22_TEX@OAK,0.4822834645669291,0,2022-04-22,0.4858715043262941
2022-04-22_MIL@PHI,0.4253521126760563,1,2022-04-22,0.4510456225830596
2022-04-22_TOR@HOU,0.4822834645669291,0,2022-04-22,0.4932902555120874
2022-04-23_TOR@HOU,0.45825049701789267,1,2022-04-23,0.4763982900874971
2022-04-23_BAL@LAA,0.5511811023622046,1,2022-04-23,0.5126126058585848
2022-04-23_NYM@AZ,0.6827586206896552,1,2022-04-23,0.5779822910858752
2022-04-23_KC@SEA,0.49743589743589745,1,2022-04-23,0.4941705855780605
2022-04-23_COL@DET,0.5369261477045908,1,2022-04-23,0.5057314923225416
2022-04-23_COL@DET,0.4253521126760563,1,2022-04-23,0.44760630375713184
2022-04-23_CLE@NYY,0.5511811023622046,0,2022-04-23,0.5144482435596339
2022-04-23_CWS@MIN,0.5511811023622046,1,2022-04-23,0.5273502589601731
2022-04-23_STL@CIN,0.4253521126760563,0,2022-04-23,0.4667353329847719
2022-04-23_LAD@SD,0.6211656441717791,0,2022-04-23,0.5327040861972574
2022-04-23_BOS@TB,0.5369261477045908,0,2022-04-23,0.50424676514108
2022-04-23_MIA@ATL,0.7407407407407407,1,2022-04-23,0.6424842050230366
2022-04-23_MIL@PHI,0.6211656441717791,1,2022-04-23,0.5288332118638406
2022-04-23_SF@WSH,0.45825049701789267,1,2022-04-23,0.4839521869490194
2022-04-23_TEX@OAK,0.4253521126760563,0,2022-04-23,0.4439401702003095
2022-04-23_PIT@CHC,0.6211656441717791,1,2022-04-23,0.5411136225091655
2022-04-24_CWS@MIN,0.7407407407407407,1,2022-04-24,0.6442997204804828
2022-04-24_KC@SEA,0.4822834645669291,1,2022-04-24,0.4855119213366057
2022-04-24_TEX@OAK,0.4822834645669291,0,2022-04-24,0.4859623988553313
2022-04-24_MIA@ATL,0.4253521126760563,0,2022-04-24,0.45386587951545476
2022-04-24_BAL@LAA,0.5369261477045908,1,2022-04-24,0.5066337305359487
2022-04-24_CLE@NYY,0.3881656804733728,1,2022-04-24,0.43668211710161375
2022-04-24_BOS@TB,0.4822834645669291,1,2022-04-24,0.4923351948454855
2022-04-24_TOR@HOU,0.45825049701789267,0,2022-04-24,0.47845235464080593
2022-04-24_NYM@AZ,0.265993265993266,1,2022-04-24,0.39973658183958904
2022-04-24_LAD@SD,0.45825049701789267,1,2022-04-24,0.4753595633380723
2022-04-24_PIT@CHC,0.5331491712707183,1,2022-04-24,0.4998733732641092
2022-04-24_COL@DET,0.45825049701789267,1,2022-04-24,0.4844237637863281
2022-04-24_MIL@PHI,0.5511811023622046,0,2022-04-24,0.5182682594537316
2022-04-24_SF@WSH,0.4253521126760563,1,2022-04-24,0.4603092135205581
2022-04-24_STL@CIN,0.6211656441717791,1,2022-04-24,0.5349113103188852
2022-04-25_HOU@TEX,0.4253521126760563,0,2022-04-25,0.45346415925761063
2022-04-25_LAD@AZ,0.6211656441717791,1,2022-04-25,0.5528422453004738
2022-04-25_CLE@LAA,0.4253521126760563,0,2022-04-25,0.46180212215630845
2022-04-25_COL@PHI,0.5511811023622046,1,2022-04-25,0.5258698276967806
2022-04-25_BOS@TOR,0.265993265993266,0,2022-04-25,0.40373310160137843
2022-04-25_NYM@STL,0.4253521126760563,0,2022-04-25,0.4593354477224467
2022-04-25_SF@MIL,0.4253521126760563,0,2022-04-25,0.45045873017231697
2022-04-26_HOU@TEX,0.45825049701789267,0,2022-04-26,0.471325062720792
2022-04-26_MIL@PIT,0.45825049701789267,1,2022-04-26,0.47603968466873525
2022-04-26_SEA@TB,0.4253521126760563,0,2022-04-26,0.44347992956156823
2022-04-26_KC@CWS,0.5511811023622046,0,2022-04-26,0.5106116860774911
2022-04-26_DET@MIN,0.7407407407407407,0,2022-04-26,0.631642510414063
2022-04-26_LAD@AZ,0.7407407407407407,1,2022-04-26,0.6193441968575423
2022-04-26_MIA@WSH,0.3881656804733728,0,2022-04-26,0.4244721995995704
2022-04-26_CHC@ATL,0.3881656804733728,0,2022-04-26,0.43779689631272534
2022-04-26_SD@CIN,0.45825049701789267,0,2022-04-26,0.4781932293900465
2022-04-26_BOS@TOR,0.29896907216494845,0,2022-04-26,0.41483134574983416
2022-04-26_OAK@SF,0.45825049701789267,0,2022-04-26,0.46962781254180674
2022-04-26_CLE@LAA,0.4253521126760563,0,2022-04-26,0.44977458346611676
2022-04-26_COL@PHI,0.45825049701789267,0,2022-04-26,0.4787932111297102
2022-04-26_NYM@STL,0.7407407407407407,0,2022-04-26,0.6192458863007356
2022-04-26_BAL@NYY,0.30434782608695654,0,2022-04-26,0.4187976503541734
2022-04-27_DET@MIN,0.5511811023622046,0,2022-04-27,0.5251159269374581
2022-04-27_BAL@NYY,0.3881656804733728,1,2022-04-27,0.43308770610327785
2022-04-27_CHC@ATL,0.6553191489361702,0,2022-04-27,0.5600927097699784
2022-04-27_SD@CIN,0.45825049701789267,0,2022-04-27,0.4724685192099476
2022-04-27_BOS@TOR,0.7407407407407407,1,2022-04-27,0.6215402050668948
2022-04-27_MIA@WSH,0.4253521126760563,0,2022-04-27,0.4475284852483621
2022-04-27_MIL@PIT,0.5331491712707183,0,2022-04-27,0.5022329343758055
2022-04-27_LAD@AZ,0.4253521126760563,0,2022-04-27,0.4485167888982461
2022-04-27_CLE@LAA,0.5511811023622046,1,2022-04-27,0.5189067893009156
2022-04-27_SEA@TB,0.6553191489361702,1,2022-04-27,0.5568927981936044
2022-04-27_NYM@STL,0.45825049701789267,1,2022-04-27,0.4810559666197166
2022-04-27_OAK@SF,0.5369261477045908,1,2022-04-27,0.5045872022889912
2022-04-27_COL@PHI,0.5369261477045908,1,2022-04-27,0.5033159285224623
2022-04-27_HOU@TEX,0.5369261477045908,1,2022-04-27,0.504151442666453
2022-04-27_KC@CWS,0.6211656441717791,0,2022-04-27,0.5337299817542327
2022-04-28_MIA@WSH,0.4822834645669291,1,2022-04-28,0.485553778669216
2022-04-28_BOS@TOR,0.5511811023622046,0,2022-04-28,0.5261196995415096
2022-04-28_SD@CIN,0.265993265993266,1,2022-04-28,0.39682089637030393
2022-04-28_HOU@TEX,0.45825049701789267,0,2022-04-28,0.46986396510516404
2022-04-28_DET@MIN,0.6553191489361702,0,2022-04-28,0.5640422052610452
2022-04-28_MIL@PIT,0.45825049701789267,1,2022-04-28,0.47625840575582523
2022-04-28_SEA@TB,0.5369261477045908,1,2022-04-28,0.507488098787495
2022-04-28_KC@CWS,0.6211656441717791,1,2022-04-28,0.5325932010946655
2022-04-28_AZ@STL,0.6211656441717791,1,2022-04-28,0.552799394733697
2022-04-28_BAL@NYY,0.5511811023622046,0,2022-04-28,0.5116132575132301
2022-04-28_CHC@ATL,0.5511811023622046,1,2022-04-28,0.5254342000283871
2022-04-28_COL@PHI,0.4253521126760563,0,2022-04-28,0.4408027143279992
2022-04-28_CLE@LAA,0.5369261477045908,0,2022-04-28,0.5089320618652228
2022-04-29_CIN@COL,0.7407407407407407,0,2022-04-29,0.6919765835893652
2022-04-29_CLE@OAK,0.7407407407407407,1,2022-04-29,0.6884525666778324
2022-04-29_WSH@SF,0.45825049701789267,1,2022-04-29,0.4820809205279729
2022-04-29_NYY@KC,0.5369261477045908,1,2022-04-29,0.5049381647852453
2022-04-29_AZ@STL,0.4253521126760563,1,2022-04-29,0.4658690735669294
2022-04-29_MIN@TB,0.45825049701789267,1,2022-04-29,0.4705448885109683
2022-04-29_HOU@TOR,0.5511811023622046,1,2022-04-29,0.5269369996774169
2022-04-29_LAA@CWS,0.5511811023622046,1,2022-04-29,0.5213358422663152
2022-04-29_ATL@TEX,0.6211656441717791,1,2022-04-29,0.5357433141875683
2022-04-29_SD@PIT,0.49743589743589745,1,2022-04-29,0.49583203168372625
2022-04-29_SEA@MIA,0.7407407407407407,1,2022-04-29,0.6458318380117019
2022-04-29_PHI@NYM,0.45825049701789267,0,2022-04-29,0.48211194987573525
2022-04-29_BOS@BAL,0.5331491712707183,0,2022-04-29,0.50254172574013
2022-04-29_DET@LAD,0.7407407407407407,1,2022-04-29,0.6483144970224204
2022-04-29_CHC@MIL,0.6553191489361702,0,2022-04-29,0.5545326502858887
2022-04-30_WSH@SF,0.6553191489361702,0,2022-04-30,0.5571299299083385
2022-04-30_CLE@OAK,0.45825049701789267,0,2022-04-30,0.4696859120917426
2022-04-30_ATL@TEX,0.6211656441717791,1,2022-04-30,0.5397607799111291
2022-04-30_CIN@COL,0.5369261477045908,1,2022-04-30,0.5043995575022211
2022-04-30_NYY@KC,0.4253521126760563,0,2022-04-30,0.45862282595657444
2022-04-30_MIN@TB,0.45825049701789267,1,2022-04-30,0.4746986271032375
2022-04-30_AZ@STL,0.3881656804733728,0,2022-04-30,0.4353954531841716
2022-04-30_PHI@NYM,0.5369261477045908,0,2022-04-30,0.502930769317977
2022-04-30_DET@LAD,0.6211656441717791,1,2022-04-30,0.5291386114385122
2022-04-30_LAA@CWS,0.5511811023622046,1,2022-04-30,0.5234248787304151
2022-04-30_BOS@BAL,0.4253521126760563,1,2022-04-30,0.4546991902919887
2022-04-30_SEA@MIA,0.45825049701789267,0,2022-04-30,0.47887265972559623
2022-04-30_CHC@MIL,0.5331491712707183,1,2022-04-30,0.4979033657516022
2022-04-30_SD@PIT,0.5511811023622046,1,2022-04-30,0.5225007415761452
2022-04-30_HOU@TOR,0.265993265993266,1,2022-04-30,0.39755282399556024
2022-05-01_BOS@BAL,0.7157894736842105,0,2022-05-01,0.6073997300057291
2022-05-01_SEA@MIA,0.4822834645669291,0,2022-05-01,0.491072372370831
2022-05-01_DET@LAD,0.5369261477045908,1,2022-05-01,0.5060104985707501
2022-05-01_AZ@STL,0.5511811023622046,1,2022-05-01,0.5117817503040473
2022-05-01_NYY@KC,0.5511811023622046,1,2022-05-01,0.5105409977790333
2022-05-01_WSH@SF,0.4253521126760563,1,2022-05-01,0.442860112680326
2022-05-01_ATL@TEX,0.5331491712707183,1,2022-05-01,0.5008084869474085
2022-05-01_LAA@CWS,0.45825049701789267,1,2022-05-01,0.4797868903833178
2022-05-01_MIN@TB,0.5511811023622046,1,2022-05-01,0.5157812858083966
2022-05-01_CHC@MIL,0.4253521126760563,0,2022-05-01,0.455675128354079
2022-05-01_HOU@TOR,0.4253521126760563,0,2022-05-01,0.447025085185086
2022-05-01_CLE@OAK,0.6211656441717791,0,2022-05-01,0.5359148626893817
2022-05-01_PHI@NYM,0.4253521126760563,0,2022-05-01,0.44681536499509067
2022-05-01_CIN@COL,0.4253521126760563,1,2022-05-01,0.44818243348166475
2022-05-01_SD@PIT,0.49743589743589745,0,2022-05-01,0.4942292275132397
2022-05-02_LAA@CWS,0.5511811023622046,1,2022-05-02,0.5283303074786043
2022-05-02_KC@STL,0.4253521126760563,1,2022-05-02,0.45096124618416167
2022-05-02_NYY@TOR,0.3466666666666667,0,2022-05-02,0.42238566550786916
2022-05-02_TB@OAK,0.45825049701789267,1,2022-05-02,0.47598778017655397
2022-05-02_MIN@BAL,0.33774887028529227,0,2022-05-02,0.4203734902166064
2022-05-02_ATL@NYM,0.4253521126760563,0,2022-05-02,0.4436366237932442
2022-05-02_SEA@HOU,0.6827586206896552,0,2022-05-02,0.5729119971061243
2022-05-02_AZ@MIA,0.4253521126760563,1,2022-05-02,0.45899566118680624
2022-05-03_CIN@MIL,0.5511811023622046,0,2022-05-03,0.5151759685488086
2022-05-03_MIN@BAL,0.7407407407407407,0,2022-05-03,0.6656590610383637
2022-05-03_LAA@BOS,0.29896907216494845,0,2022-05-03,0.41496549492802315
2022-05-03_ATL@NYM,0.3881656804733728,1,2022-05-03,0.4362436569483741
2022-05-03_WSH@COL,0.5511811023622046,0,2022-05-03,0.511308089033248
2022-05-03_TB@OAK,0.6827586206896552,1,2022-05-03,0.5924606692189105
2022-05-03_STL@KC,0.265993265993266,0,2022-05-03,0.4006424806635749
2022-05-03_NYY@TOR,0.7407407407407407,0,2022-05-03,0.6465562428098794
2022-05-03_ATL@NYM,0.4822834645669291,1,2022-05-03,0.4910205063243944
2022-05-03_SF@LAD,0.4822834645669291,0,2022-05-03,0.490764510908423
2022-05-03_TEX@PHI,0.6827586206896552,1,2022-05-03,0.5691390854279308
2022-05-03_CWS@CHC,0.6827586206896552,0,2022-05-03,0.5778510142406469
2022-05-03_SEA@HOU,0.3881656804733728,0,2022-05-03,0.43033100556920056
2022-05-03_AZ@MIA,0.3881656804733728,0,2022-05-03,0.4308364174416628
2022-05-04_WSH@COL,0.4253521126760563,0,2022-05-04,0.444438762996333
2022-05-04_SD@CLE,0.4253521126760563,1,2022-05-04,0.46746527592774856
2022-05-04_PIT@DET,0.4253521126760563,0,2022-05-04,0.4556558740942621
2022-05-04_MIN@BAL,0.6553191489361702,0,2022-05-04,0.5583243503796738
2022-05-04_TB@OAK,0.4253521126760563,0,2022-05-04,0.4460985088002627
2022-05-04_SD@CLE,0.4822834645669291,1,2022-05-04,0.4917616064478636
2022-05-04_LAA@BOS,0.3881656804733728,0,2022-05-04,0.43678552382188707
2022-05-04_CIN@MIL,0.6553191489361702,1,2022-05-04,0.5578872023577026
2022-05-04_CWS@CHC,0.45825049701789267,1,2022-05-04,0.474909057529182
2022-05-04_TEX@PHI,0.6211656441717791,0,2022-05-04,0.5348127405028831
2022-05-04_SEA@HOU,0.5369261477045908,1,2022-05-04,0.5057103455795147
2022-05-04_STL@KC,0.4253521126760563,1,2022-05-04,0.45881234336928045
2022-05-04_ATL@NYM,0.3881656804733728,0,2022-05-04,0.42448738923526463
2022-05-04_AZ@MIA,0.4822834645669291,1,2022-05-04,0.48950938626412877
2022-05-04_PIT@DET,0.4822834645669291,0,2022-05-04,0.48713506610036506
2022-05-04_NYY@TOR,0.268041237113402,0,2022-05-04,0.4073629849897714
2022-05-04_SF@LAD,0.4253521126760563,0,2022-05-04,0.44525305210253596
2022-05-05_TB@SEA,0.29896907216494845,0,2022-05-05,0.4158178228431676
2022-05-05_CIN@MIL,0.7407407407407407,1,2022-05-05,0.6718713309826884
2022-05-05_MIA@SD,0.45825049701789267,1,2022-05-05,0.47345304693762447
2022-05-05_DET@HOU,0.45825049701789267,1,2022-05-05,0.4715533609964645
2022-05-05_NYM@PHI,0.5369261477045908,1,2022-05-05,0.5077729400954811
2022-05-05_TOR@CLE,0.4253521126760563,1,2022-05-05,0.46487355101748873
2022-05-05_MIN@BAL,0.6211656441717791,0,2022-05-05,0.5328203524153359
2022-05-05_WSH@COL,0.4253521126760563,1,2022-05-05,0.4659360183663831
2022-05-05_STL@SF,0.45825049701789267,0,2022-05-05,0.474517292958082
2022-05-05_LAA@BOS,0.6211656441717791,0,2022-05-05,0.5311010975290733
2022-05-06_CWS@BOS,0.45825049701789267,0,2022-05-06,0.48277060758212464
2022-05-06_TB@SEA,0.7407407407407407,1,2022-05-06,0.6178204211342564
2022-05-06_DET@HOU,0.6211656441717791,0,2022-05-06,0.5390587491754831
2022-05-06_COL@AZ,0.4822834645669291,1,2022-05-06,0.48737805178926785
2022-05-06_MIL@ATL,0.45825049701789267,1,2022-05-06,0.48358105033322096
2022-05-06_MIA@SD,0.4253521126760563,1,2022-05-06,0.4486385862400716
2022-05-06_STL@SF,0.4822834645669291,0,2022-05-06,0.4863687119334341
2022-05-06_WSH@LAA,0.7407407407407407,1,2022-05-06,0.6633267448537611
2022-05-06_OAK@MIN,0.5369261477045908,0,2022-05-06,0.5042535163527869
2022-05-07_MIA@SD,0.5331491712707183,0,2022-05-07,0.49919847023012787
2022-05-07_PIT@CIN,0.5511811023622046,1,2022-05-07,0.520184704435469
2022-05-07_CWS@BOS,0.7407407407407407,0,2022-05-07,0.673900083345403
2022-05-07_WSH@LAA,0.30434782608695654,1,2022-05-07,0.4184169613102793
2022-05-07_STL@SF,0.45825049701789267,1,2022-05-07,0.4832759759894777
2022-05-07_PIT@CIN,0.6211656441717791,1,2022-05-07,0.5368266865177626
2022-05-07_TOR@CLE,0.6211656441717791,0,2022-05-07,0.5535950988941791
2022-05-07_DET@HOU,0.45825049701789267,0,2022-05-07,0.476152031465667
2022-05-07_MIL@ATL,0.4253521126760563,0,2022-05-07,0.4432572062880368
2022-05-07_OAK@MIN,0.6211656441717791,0,2022-05-07,0.5365974074532214
2022-05-07_TOR@CLE,0.6211656441717791,1,2022-05-07,0.5341047167454221
2022-05-07_LAD@CHC,0.4822834645669291,1,2022-05-07,0.49177228764829817
2022-05-07_LAD@CHC,0.5331491712707183,1,2022-05-07,0.4988194945797091
2022-05-07_COL@AZ,0.3881656804733728,0,2022-05-07,0.42827858397108454
2022-05-07_TB@SEA,0.4253521126760563,0,2022-05-07,0.45235053907363976
2022-05-08_OAK@MIN,0.45825049701789267,1,2022-05-08,0.4825540850540453
2022-05-08_KC@BAL,0.5369261477045908,0,2022-05-08,0.5041923831573886
2022-05-08_MIA@SD,0.7157894736842105,0,2022-05-08,0.6071022522367451
2022-05-08_STL@SF,0.3881656804733728,0,2022-05-08,0.43641528856756373
2022-05-08_DET@HOU,0.5369261477045908,0,2022-05-08,0.5037526880454752
2022-05-08_LAD@CHC,0.45825049701789267,1,2022-05-08,0.4713563454924349
2022-05-08_PIT@CIN,0.3881656804733728,0,2022-05-08,0.4387440224154314
2022-05-08_MIL@ATL,0.45825049701789267,0,2022-05-08,0.47681629718668983
2022-05-08_KC@BAL,0.5511811023622046,1,2022-05-08,0.5109018400132435
2022-05-08_TOR@CLE,0.6211656441717791,1,2022-05-08,0.5369705641927252
2022-05-08_WSH@LAA,0.3881656804733728,0,2022-05-08,0.43523094757872227
2022-05-08_CWS@BOS,0.4253521126760563,0,2022-05-08,0.4495536877846058
2022-05-08_COL@AZ,0.45825049701789267,0,2022-05-08,0.4804168048366194
2022-05-08_TB@SEA,0.5511811023622046,0,2022-05-08,0.5197977201047637
2022-05-08_NYM@PHI,0.30434782608695654,1,2022-05-08,0.4188717562910713
2022-05-08_NYM@PHI,0.6553191489361702,1,2022-05-08,0.5654612315319827
2022-05-08_TEX@NYY,0.5331491712707183,0,2022-05-08,0.5024964149921327
2022-05-08_TEX@NYY,0.5511811023622046,0,2022-05-08,0.5217720894010018
2022-05-09_CHC@SD,0.45825049701789267,1,2022-05-09,0.4815755793494825
2022-05-09_MIA@AZ,0.30434782608695654,1,2022-05-09,0.41736700640031743
2022-05-09_OAK@DET,0.45825049701789267,0,2022-05-09,0.46988572097514403
2022-05-09_TB@LAA,0.4253521126760563,0,2022-05-09,0.4597103728634857
2022-05-09_KC@BAL,0.6827586206896552,1,2022-05-09,0.597460015286549
2022-05-09_TEX@NYY,0.3881656804733728,0,2022-05-09,0.42622103581654025
2022-05-09_COL@SF,0.6553191489361702,1,2022-05-09,0.556514176767956
2022-05-09_PHI@SEA,0.4253521126760563,0,2022-05-09,0.4623267278848239
2022-05-09_MIL@CIN,0.4253521126760563,0,2022-05-09,0.45346445493099086
2022-05-09_LAD@PIT,0.45825049701789267,0,2022-05-09,0.4783727912063882
2022-05-09_CLE@CWS,0.7157894736842105,1,2022-05-09,0.6099768821092659
2022-05-10_LAD@PIT,0.45825049701789267,1,2022-05-10,0.47877298912042043
2022-05-10_PHI@SEA,0.45825049701789267,1,2022-05-10,0.4694098839522022
2022-05-10_BAL@STL,0.4253521126760563,0,2022-05-10,0.4469460220358249
2022-05-10_CLE@CWS,0.4822834645669291,0,2022-05-10,0.49221738395360237
2022-05-10_DET@OAK,0.3881656804733728,0,2022-05-10,0.43749681173095933
2022-05-10_KC@TEX,0.4253521126760563,1,2022-05-10,0.4666539299562088
2022-05-10_NYM@WSH,0.4253521126760563,0,2022-05-10,0.45967995054102206
2022-05-10_MIA@AZ,0.7407407407407407,1,2022-05-10,0.6291106195977083
2022-05-10_TOR@NYY,0.4253521126760563,1,2022-05-10,0.4632948870281467
2022-05-10_MIL@CIN,0.45825049701789267,0,2022-05-10,0.4804701130773269
2022-05-10_TB@LAA,0.3881656804733728,1,2022-05-10,0.43624180525198697
2022-05-10_HOU@MIN,0.5331491712707183,0,2022-05-10,0.49757910566569385
2022-05-10_CHC@SD,0.45825049701789267,1,2022-05-10,0.47685915207735763
2022-05-10_BOS@ATL,0.7407407407407407,0,2022-05-10,0.6539185458893053
2022-05-10_OAK@DET,0.5331491712707183,0,2022-05-10,0.5016570917527392
2022-05-10_COL@SF,0.4253521126760563,0,2022-05-10,0.4595765672609109
2022-05-11_OAK@DET,0.5369261477045908,1,2022-05-11,0.5082172959947433
2022-05-11_BOS@ATL,0.1888111888111888,0,2022-05-11,0.39061922067431265
2022-05-11_TB@LAA,0.4253521126760563,0,2022-05-11,0.44282369976259905
2022-05-11_KC@TEX,0.4253521126760563,0,2022-05-11,0.4682323477151611
2022-05-11_TOR@NYY,0.3881656804733728,1,2022-05-11,0.4243354900875983
2022-05-11_LAD@PIT,0.5331491712707183,0,2022-05-11,0.500602452598105
2022-05-11_COL@SF,0.268041237113402,0,2022-05-11,0.40885037412340663
2022-05-11_NYM@WSH,0.5331491712707183,1,2022-05-11,0.5027168788102383
2022-05-11_PHI@SEA,0.47619047619047616,0,2022-05-11,0.48450498051093216
2022-05-11_MIA@AZ,0.29896907216494845,1,2022-05-11,0.4147478767099406
2022-05-11_CHC@SD,0.6211656441717791,1,2022-05-11,0.5520488174549332
2022-05-11_BAL@STL,0.265993265993266,0,2022-05-11,0.40158487709168855
2022-05-11_MIL@CIN,0.5511811023622046,1,2022-05-11,0.5225881975478227
2022-05-11_HOU@MIN,0.7407407407407407,1,2022-05-11,0.6240557846654013
2022-05-12_BAL@STL,0.4253521126760563,0,2022-05-12,0.46713704627282027
2022-05-12_OAK@DET,0.4822834645669291,1,2022-05-12,0.4855503920520786
2022-05-12_NYY@CWS,0.5369261477045908,1,2022-05-12,0.502954274220591
2022-05-12_CIN@PIT,0.3881656804733728,0,2022-05-12,0.4258996010280629
2022-05-12_KC@TEX,0.4253521126760563,1,2022-05-12,0.45951954259451533
2022-05-12_NYM@WSH,0.6211656441717791,1,2022-05-12,0.5387303881052203
2022-05-12_HOU@MIN,0.5331491712707183,0,2022-05-12,0.502725571792639
2022-05-12_PHI@LAD,0.3881656804733728,1,2022-05-12,0.4262215007186305
2022-05-13_KC@COL,0.7157894736842105,1,2022-05-13,0.6039570017816567
2022-05-13_CLE@MIN,0.6211656441717791,1,2022-05-13,0.5325470961848506
2022-05-13_CIN@PIT,0.265993265993266,1,2022-05-13,0.39818814383396683
2022-05-13_SD@ATL,0.45825049701789267,0,2022-05-13,0.4786006652650815
2022-05-13_PHI@LAD,0.4822834645669291,0,2022-05-13,0.48687554354978724
2022-05-13_CHC@AZ,0.6211656441717791,0,2022-05-13,0.5346623564340878
2022-05-13_TOR@TB,0.1888111888111888,0,2022-05-13,0.37715040709796455
2022-05-13_BOS@TEX,0.4253521126760563,0,2022-05-13,0.44875001387970925
2022-05-13_SEA@NYM,0.4822834645669291,1,2022-05-13,0.49254473706705093
2022-05-13_HOU@WSH,0.45825049701789267,1,2022-05-13,0.4802722270727602
2022-05-13_MIL@MIA,0.45825049701789267,1,2022-05-13,0.47005490446945863
2022-05-13_BAL@DET,0.4253521126760563,0,2022-05-13,0.45523659764403224
2022-05-13_SF@STL,0.5369261477045908,1,2022-05-13,0.5082621969671002
2022-05-13_NYY@CWS,0.1888111888111888,1,2022-05-13,0.3908144326562082
2022-05-13_LAA@OAK,0.4253521126760563,0,2022-05-13,0.4503916325660373
2022-05-14_HOU@WSH,0.4253521126760563,1,2022-05-14,0.4516485543361394
2022-05-14_SD@ATL,0.3881656804733728,1,2022-05-14,0.4262331280100614
2022-05-14_BAL@DET,0.45825049701789267,0,2022-05-14,0.4696964058670269
2022-05-14_CHC@AZ,0.268041237113402,0,2022-05-14,0.4071833210959206
2022-05-14_MIL@MIA,0.4253521126760563,1,2022-05-14,0.4622620270196077
2022-05-14_LAA@OAK,0.4253521126760563,1,2022-05-14,0.44414652538077315
2022-05-14_SEA@NYM,0.4253521126760563,1,2022-05-14,0.46218057650130207
2022-05-14_BOS@TEX,0.45825049701789267,1,2022-05-14,0.47041859483435333
2022-05-14_PHI@LAD,0.45825049701789267,1,2022-05-14,0.475452015176295
2022-05-14_LAA@OAK,0.4822834645669291,1,2022-05-14,0.4884800964285121
2022-05-14_SF@STL,0.4253521126760563,0,2022-05-14,0.4422652521475412
2022-05-14_KC@COL,0.4253521126760563,1,2022-05-14,0.4496257306478253
2022-05-14_TOR@TB,0.5511811023622046,1,2022-05-14,0.5137413326842722
2022-05-14_CLE@MIN,0.5511811023622046,0,2022-05-14,0.5191951311364612
2022-05-14_CIN@PIT,0.4253521126760563,0,2022-05-14,0.4422910657584175
2022-05-14_NYY@CWS,0.45825049701789267,1,2022-05-14,0.4747196903290334
2022-05-15_PHI@LAD,0.4253521126760563,0,2022-05-15,0.4563552506803924
2022-05-15_MIL@MIA,0.5369261477045908,1,2022-05-15,0.5056998678542797
2022-05-15_SF@STL,0.4822834645669291,1,2022-05-15,0.4907400593712299
2022-05-15_SD@ATL,0.265993265993266,0,2022-05-15,0.39849991974450993
2022-05-15_TOR@TB,0.4253521126760563,0,2022-05-15,0.44378593666098554
2022-05-15_BAL@DET,0.3881656804733728,0,2022-05-15,0.4271522698865863
2022-05-15_LAA@OAK,0.6553191489361702,1,2022-05-15,0.5626787316916879
2022-05-15_HOU@WSH,0.4253521126760563,0,2022-05-15,0.4665219692595629
2022-05-15_BOS@TEX,0.5331491712707183,0,2022-05-15,0.5025072812120283
2022-05-15_CHC@AZ,0.5369261477045908,1,2022-05-15,0.505678493956732
2022-05-15_SEA@NYM,0.3881656804733728,1,2022-05-15,0.4352227440995008
2022-05-15_KC@COL,0.47760645183335976,0,2022-05-15,0.4846576222424037
2022-05-15_CIN@PIT,0.45825049701789267,0,2022-05-15,0.47275720438234514
2022-05-15_CLE@MIN,0.45825049701789267,1,2022-05-15,0.48423675648810893
2022-05-15_NYY@CWS,0.4253521126760563,0,2022-05-15,0.4599194939431638
2022-05-16_PIT@CHC,0.49743589743589745,1,2022-05-16,0.4935734522440436
2022-05-16_AZ@LAD,0.07692307692307693,0,2022-05-16,0.35962124347973035
2022-05-16_LAA@TEX,0.7157894736842105,1,2022-05-16,0.6030287666183028
2022-05-16_HOU@BOS,0.7407407407407407,0,2022-05-16,0.6181091856007297
2022-05-16_MIN@OAK,0.5369261477045908,0,2022-05-16,0.5096845149589517
2022-05-16_ATL@MIL,0.45825049701789267,0,2022-05-16,0.4837614876174422
2022-05-16_WSH@MIA,0.265993265993266,1,2022-05-16,0.4035819472197445
2022-05-16_SEA@TOR,0.5511811023622046,1,2022-05-16,0.5229890534264345
2022-05-16_CWS@KC,0.4253521126760563,0,2022-05-16,0.4600149439717093
2022-05-16_DET@TB,0.45825049701789267,0,2022-05-16,0.47032230248878815
2022-05-16_NYY@BAL,0.45825049701789267,0,2022-05-16,0.47406723754603275
2022-05-16_SF@COL,0.45825049701789267,1,2022-05-16,0.4718945393392775
2022-05-17_CIN@CLE,0.45825049701789267,0,2022-05-17,0.46923670510732796
2022-05-17_CWS@KC,0.5369261477045908,0,2022-05-17,0.5046891705642111
2022-05-17_HOU@BOS,0.7157894736842105,1,2022-05-17,0.6045902979233836
2022-05-17_SD@PHI,0.30434782608695654,0,2022-05-17,0.4177891171017871
2022-05-17_MIN@OAK,0.3881656804733728,0,2022-05-17,0.4359585168247586
2022-05-17_AZ@LAD,0.6827586206896552,1,2022-05-17,0.5712396279212901
2022-05-17_SF@COL,0.3881656804733728,1,2022-05-17,0.43574139049232996
2022-05-17_AZ@LAD,0.4253521126760563,0,2022-05-17,0.4557583238084455
2022-05-17_ATL@MIL,0.7157894736842105,0,2022-05-17,0.6084539471179982
2022-05-17_SEA@TOR,0.34210526315789475,0,2022-05-17,0.42043489618702223
2022-05-17_STL@NYM,0.4253521126760563,0,2022-05-17,0.4528401939248816
2022-05-17_LAA@TEX,0.5369261477045908,1,2022-05-17,0.5090308948399475
2022-05-17_NYY@BAL,0.5511811023622046,1,2022-05-17,0.5148618946803274
2022-05-17_WSH@MIA,0.4822834645669291,0,2022-05-17,0.4882501864567804
2022-05-17_STL@NYM,0.4253521126760563,1,2022-05-17,0.4563110355206529
2022-05-17_PIT@CHC,0.4253521126760563,0,2022-05-17,0.4450405851017284
2022-05-17_DET@TB,0.7407407407407407,1,2022-05-17,0.650933643168513
2022-05-17_CWS@KC,0.5369261477045908,0,2022-05-17,0.5061942341379796
2022-05-18_DET@TB,0.4253521126760563,1,2022-05-18,0.45642226438658196
2022-05-18_SEA@TOR,0.6211656441717791,1,2022-05-18,0.5310736320345277
2022-05-18_NYY@BAL,0.7727272727272727,1,2022-05-18,0.7116119195133213
2022-05-18_HOU@BOS,0.7407407407407407,1,2022-05-18,0.6507651095360971
2022-05-18_WSH@MIA,0.4253521126760563,1,2022-05-18,0.45496181880994113
2022-05-18_SD@PHI,0.4253521126760563,1,2022-05-18,0.45162312025675266
2022-05-18_AZ@LAD,0.7407407407407407,1,2022-05-18,0.6243793226844991
2022-05-18_CWS@KC,0.5511811023622046,0,2022-05-18,0.5106626949617772
2022-05-18_MIN@OAK,0.7407407407407407,1,2022-05-18,0.6231052779199187
2022-05-18_SF@COL,0.45825049701789267,1,2022-05-18,0.4818820133820306
2022-05-18_PIT@CHC,0.6211656441717791,1,2022-05-18,0.5313107982449403
2022-05-18_STL@NYM,0.45825049701789267,1,2022-05-18,0.47093550425888975
2022-05-18_LAA@TEX,0.4253521126760563,0,2022-05-18,0.44593553241270845
2022-05-18_ATL@MIL,0.45825049701789267,0,2022-05-18,0.4774688562450957
2022-05-19_SEA@BOS,0.4253521126760563,0,2022-05-19,0.46233719427838416
2022-05-19_TEX@HOU,0.49743589743589745,1,2022-05-19,0.49563329017619473
2022-05-19_CIN@CLE,0.4253521126760563,0,2022-05-19,0.4526718815595855
2022-05-19_SD@PHI,0.4253521126760563,0,2022-05-19,0.45816096591846456
2022-05-19_STL@NYM,0.5511811023622046,1,2022-05-19,0.5192295309949514
2022-05-19_NYY@BAL,0.45825049701789267,1,2022-05-19,0.47174144317546574
2022-05-19_CWS@KC,0.7407407407407407,1,2022-05-19,0.6634812950193107
2022-05-19_AZ@CHC,0.265993265993266,0,2022-05-19,0.3958878583644889
2022-05-20_TB@BAL,0.5511811023622046,0,2022-05-20,0.520068374496579
2022-05-20_TEX@HOU,0.45825049701789267,0,2022-05-20,0.46958198455680045
2022-05-20_STL@PIT,0.5331491712707183,1,2022-05-20,0.49827761199930054
2022-05-20_CIN@TOR,0.4822834645669291,0,2022-05-20,0.4926279355558587
2022-05-20_WSH@MIL,0.4253521126760563,0,2022-05-20,0.46276478459017845
2022-05-20_LAD@PHI,0.5511811023622046,1,2022-05-20,0.5197561389243444
2022-05-20_AZ@CHC,0.3881656804733728,1,2022-05-20,0.4320614602394858
2022-05-20_OAK@LAA,0.5369261477045908,1,2022-05-20,0.5043298358101309
2022-05-20_DET@CLE,0.4253521126760563,0,2022-05-20,0.44799208440444094
2022-05-20_SD@SF,0.3881656804733728,0,2022-05-20,0.43153639583570724
2022-05-20_MIN@KC,0.5506449372427924,1,2022-05-20,0.5103674037285686
2022-05-20_SEA@BOS,0.45825049701789267,0,2022-05-20,0.47526263711392347
2022-05-20_ATL@MIA,0.4253521126760563,1,2022-05-20,0.46735668216381965
2022-05-21_TB@BAL,0.6827586206896552,1,2022-05-21,0.5921309901807876
2022-05-21_AZ@CHC,0.3881656804733728,0,2022-05-21,0.4318760100864474
2022-05-21_LAD@PHI,0.4253521126760563,0,2022-05-21,0.44849523547332504
2022-05-21_TEX@HOU,0.5511811023622046,1,2022-05-21,0.524979577757515
2022-05-21_OAK@LAA,0.6211656441717791,0,2022-05-21,0.5393643938379384
2022-05-21_CWS@NYY,0.4822834645669291,0,2022-05-21,0.486663032243008
2022-05-21_SD@SF,0.5369261477045908,0,2022-05-21,0.5063560189100181
2022-05-21_WSH@MIL,0.4253521126760563,1,2022-05-21,0.44654237436179156
2022-05-21_NYM@COL,0.7407407407407407,1,2022-05-21,0.6402771426396496
2022-05-21_ATL@MIA,0.4253521126760563,0,2022-05-21,0.46580779061052946
2022-05-21_NYM@COL,0.7407407407407407,1,2022-05-21,0.6910931757644306
2022-05-21_MIN@KC,0.4822834645669291,0,2022-05-21,0.48963604512601266
2022-05-21_SEA@BOS,0.4253521126760563,1,2022-05-21,0.44325337284484634
2022-05-21_STL@PIT,0.5331491712707183,0,2022-05-21,0.4971071220242598
2022-05-21_CIN@TOR,0.268041237113402,0,2022-05-21,0.4079760055844176
2022-05-22_NYM@COL,0.4253521126760563,0,2022-05-22,0.4524960954751902
2022-05-22_ATL@MIA,0.4253521126760563,1,2022-05-22,0.46588236757163537
2022-05-22_AZ@CHC,0.6211656441717791,0,2022-05-22,0.5318082773367392
2022-05-22_CIN@TOR,0.4822834645669291,1,2022-05-22,0.49183738233282215
2022-05-22_TEX@HOU,0.7407407407407407,1,2022-05-22,0.6554589897234824
2022-05-22_MIN@KC,0.5511811023622046,0,2022-05-22,0.5180597558889029
2022-05-22_STL@PIT,0.6211656441717791,1,2022-05-22,0.5365122784631173
2022-05-22_DET@CLE,0.7407407407407407,1,2022-05-22,0.6324860338198006
2022-05-22_CWS@NYY,0.268041237113402,0,2022-05-22,0.4136413280662463
2022-05-22_OAK@LAA,0.5369261477045908,1,2022-05-22,0.5095247230865252
2022-05-22_CWS@NYY,0.45825049701789267,0,2022-05-22,0.47177154563268
2022-05-22_SEA@BOS,0.265993265993266,0,2022-05-22,0.40147530213920446
2022-05-22_SD@SF,0.3881656804733728,1,2022-05-22,0.43810819352431196
2022-05-22_WSH@MIL,0.45825049701789267,0,2022-05-22,0.48081709578499754
2022-05-22_TB@BAL,0.49743589743589745,1,2022-05-22,0.4946956082980116
2022-05-22_LAD@PHI,0.4253521126760563,0,2022-05-22,0.4406996131496733
2022-05-23_TOR@STL,0.268041237113402,0,2022-05-23,0.4097330241718885
2022-05-23_NYM@SF,0.4253521126760563,0,2022-05-23,0.459031057625641
2022-05-23_CHC@CIN,0.6211656441717791,0,2022-05-23,0.5523112482028218
2022-05-23_COL@PIT,0.4253521126760563,1,2022-05-23,0.4606242488518021
2022-05-23_DET@MIN,0.6827586206896552,1,2022-05-23,0.5698819312842109
2022-05-23_LAD@WSH,0.5331491712707183,1,2022-05-23,0.5002184058923261
2022-05-23_OAK@SEA,0.4822834645669291,0,2022-05-23,0.48746027980134143
2022-05-23_MIL@SD,0.4253521126760563,0,2022-05-23,0.45968659720739447
2022-05-23_CLE@HOU,0.265993265993266,0,2022-05-23,0.40595264734969927
2022-05-23_BAL@NYY,0.4253521126760563,1,2022-05-23,0.4467448398642351
2022-05-23_PHI@ATL,0.6211656441717791,0,2022-05-23,0.5303395564541316
2022-05-23_KC@AZ,0.45825049701789267,1,2022-05-23,0.4801300080033989
2022-05-24_PHI@ATL,0.3881656804733728,0,2022-05-24,0.42936161554650043
2022-05-24_MIL@SD,0.5511811023622046,1,2022-05-24,0.513447859605771
2022-05-24_DET@MIN,0.1888111888111888,0,2022-05-24,0.3808452118894473
2022-05-24_TOR@STL,0.7407407407407407,1,2022-05-24,0.6212934546878559
2022-05-24_COL@PIT,0.45825049701789267,0,2022-05-24,0.47825614448486353
2022-05-24_NYM@SF,0.6211656441717791,1,2022-05-24,0.5318747936649476
2022-05-24_BOS@CWS,0.4253521126760563,1,2022-05-24,0.44343955820584136
2022-05-24_TEX@LAA,0.4822834645669291,0,2022-05-24,0.4880240254904078
2022-05-24_MIA@TB,0.3881656804733728,1,2022-05-24,0.42781493677328297
2022-05-24_CLE@HOU,0.4253521126760563,1,2022-05-24,0.45100699972997615
2022-05-24_OAK@SEA,0.5511811023622046,1,2022-05-24,0.5139659054057832
2022-05-24_BAL@NYY,0.4253521126760563,1,2022-05-24,0.44991215123508355
2022-05-24_CHC@CIN,0.6827586206896552,1,2022-05-24,0.5948101567859174
2022-05-24_KC@AZ,0.3881656804733728,1,2022-05-24,0.4370012233456535
2022-05-24_LAD@WSH,0.6553191489361702,1,2022-05-24,0.5620481900029926
2022-05-25_DET@MIN,0.4253521126760563,0,2022-05-25,0.4619864482610203
2022-05-25_CLE@HOU,0.265993265993266,0,2022-05-25,0.39956896030708333
2022-05-25_NYM@SF,0.4253521126760563,1,2022-05-25,0.4681566809329364
2022-05-25_TEX@LAA,0.6211656441717791,1,2022-05-25,0.5422067608740342
2022-05-25_OAK@SEA,0.5331491712707183,0,2022-05-25,0.4974407826106998
2022-05-25_PHI@ATL,0.4253521126760563,0,2022-05-25,0.4573766346804332
2022-05-25_MIA@TB,0.4253521126760563,1,2022-05-25,0.44166471430924836
2022-05-25_MIL@SD,0.5369261477045908,0,2022-05-25,0.502925913847073
2022-05-25_BOS@CWS,0.4253521126760563,1,2022-05-25,0.44318519793968425
2022-05-25_BAL@NYY,0.4822834645669291,0,2022-05-25,0.49240207005752534
2022-05-25_COL@PIT,0.3881656804733728,0,2022-05-25,0.4254953553629559
2022-05-25_LAD@WSH,0.5369261477045908,0,2022-05-25,0.5097393984661727
2022-05-25_CHC@CIN,0.1888111888111888,1,2022-05-25,0.3847100591720318
2022-05-26_NYY@TB,0.5331491712707183,0,2022-05-26,0.502224565541475
2022-05-26_BOS@CWS,0.4822834645669291,1,2022-05-26,0.48739263185839776
2022-05-26_MIL@STL,0.5369261477045908,1,2022-05-26,0.5036290198899318
2022-05-26_PHI@ATL,0.3881656804733728,0,2022-05-26,0.4301542284026816
2022-05-26_KC@MIN,0.45825049701789267,0,2022-05-26,0.48145215942163533
2022-05-26_TOR@LAA,0.4822834645669291,1,2022-05-26,0.4912606782019039
2022-05-26_CHC@CIN,0.5331491712707183,1,2022-05-26,0.5005820973795668
2022-05-26_TEX@OAK,0.3881656804733728,0,2022-05-26,0.4391267230002768
2022-05-26_COL@WSH,0.7407407407407407,1,2022-05-26,0.653854918239573
2022-05-26_LAD@AZ,0.4253521126760563,1,2022-05-26,0.4643842096910483
2022-05-26_CLE@DET,0.4253521126760563,1,2022-05-26,0.4637694363762134
2022-05-27_KC@MIN,0.4253521126760563,1,2022-05-27,0.4679752393573916
2022-05-27_TEX@OAK,0.7407407407407407,1,2022-05-27,0.6581094313179054
2022-05-27_HOU@SEA,0.6827586206896552,1,2022-05-27,0.5766329757847375
2022-05-27_BAL@BOS,0.265993265993266,1,2022-05-27,0.406438049227422
2022-05-27_PHI@NYM,0.4253521126760563,1,2022-05-27,0.45916358886121045
2022-05-27_PIT@SD,0.4822834645669291,1,2022-05-27,0.48601891606482084
2022-05-27_MIA@ATL,0.45825049701789267,0,2022-05-27,0.4737853092531382
2022-05-27_NYY@TB,0.3881656804733728,0,2022-05-27,0.43943313697937103
2022-05-27_TOR@LAA,0.268041237113402,0,2022-05-27,0.4087171287014879
2022-05-27_MIL@STL,0.3881656804733728,0,2022-05-27,0.4318532112103618
2022-05-27_SF@CIN,0.4822834645669291,0,2022-05-27,0.48674779273850566
2022-05-27_LAD@AZ,0.4253521126760563,0,2022-05-27,0.4566785959479107
2022-05-28_KC@MIN,0.6827586206896552,1,2022-05-28,0.5811894875817376
2022-05-28_HOU@SEA,0.7157894736842105,1,2022-05-28,0.6058046244517159
2022-05-28_COL@WSH,0.3881656804733728,1,2022-05-28,0.4389647628735285
2022-05-28_CHC@CWS,0.45825049701789267,1,2022-05-28,0.4735442347618771
2022-05-28_SF@CIN,0.5511811023622046,1,2022-05-28,0.5270882937480504
2022-05-28_COL@WSH,0.5511811023622046,1,2022-05-28,0.5230998422149236
2022-05-28_TOR@LAA,0.6211656441717791,1,2022-05-28,0.5492259675503133
2022-05-28_PHI@NYM,0.5511811023622046,0,2022-05-28,0.5263137603609187
2022-05-28_BAL@BOS,0.6553191489361702,1,2022-05-28,0.5605277380224659
2022-05-28_TEX@OAK,0.6211656441717791,0,2022-05-28,0.5327530456111644
2022-05-28_NYY@TB,0.5511811023622046,1,2022-05-28,0.5156915972610915
2022-05-28_LAD@AZ,0.4253521126760563,1,2022-05-28,0.4569328677951998
2022-05-28_MIL@STL,0.6211656441717791,1,2022-05-28,0.552576132939846
2022-05-28_PIT@SD,0.4822834645669291,0,2022-05-28,0.48921220247721753
2022-05-28_BAL@BOS,0.5369261477045908,0,2022-05-28,0.5046409540590198
2022-05-28_CLE@DET,0.4253521126760563,0,2022-05-28,0.4538465787877223
2022-05-28_MIA@ATL,0.45825049701789267,0,2022-05-28,0.4765541120098483
2022-05-29_CLE@DET,0.4253521126760563,0,2022-05-29,0.4498389729515201
2022-05-29_TEX@OAK,0.45825049701789267,1,2022-05-29,0.48210351655683414
2022-05-29_HOU@SEA,0.45825049701789267,0,2022-05-29,0.48046516226111136
2022-05-29_LAD@AZ,0.268041237113402,0,2022-05-29,0.4120882836569184
2022-05-29_CHC@CWS,0.1888111888111888,0,2022-05-29,0.390436144387012
2022-05-29_MIA@ATL,0.6211656441717791,1,2022-05-29,0.5475357049400886
2022-05-29_MIL@STL,0.4253521126760563,0,2022-05-29,0.46586888762669554
2022-05-29_SF@CIN,0.6211656441717791,0,2022-05-29,0.53108177981063
2022-05-29_COL@WSH,0.7407407407407407,1,2022-05-29,0.6643540437166093
2022-05-29_TOR@LAA,0.6827586206896552,1,2022-05-29,0.5832003680602589
2022-05-29_BAL@BOS,0.45825049701789267,0,2022-05-29,0.4805838999670946
2022-05-29_NYY@TB,0.3881656804733728,0,2022-05-29,0.4256708228056213
2022-05-29_PHI@NYM,0.4253521126760563,1,2022-05-29,0.4621244610863924
2022-05-29_KC@MIN,0.6827586206896552,0,2022-05-29,0.5930641512133469
2022-05-29_PIT@SD,0.4822834645669291,0,2022-05-29,0.4895210463915921
2022-05-30_ATL@AZ,0.4822834645669291,1,2022-05-30,0.4862995974356945
2022-05-30_MIN@DET,0.4253521126760563,0,2022-05-30,0.44531761438599704
2022-05-30_BAL@BOS,0.45825049701789267,1,2022-05-30,0.4714237195093316
2022-05-30_HOU@OAK,0.5369261477045908,0,2022-05-30,0.5089968777500553
2022-05-30_WSH@NYM,0.4822834645669291,1,2022-05-30,0.49305399389869586
2022-05-30_MIL@CHC,0.5331491712707183,0,2022-05-30,0.49814973761817893
2022-05-30_SF@PHI,0.3881656804733728,0,2022-05-30,0.4386217652209695
2022-05-30_TB@TEX,0.4253521126760563,1,2022-05-30,0.44264771258257396
2022-05-30_MIL@CHC,0.5369261477045908,0,2022-05-30,0.5046296533004571
2022-05-30_SD@STL,0.4822834645669291,0,2022-05-30,0.48739432392519244
2022-05-30_PIT@LAD,0.4253521126760563,0,2022-05-30,0.4555766333153788
2022-05-30_KC@CLE,0.7407407407407407,1,2022-05-30,0.6657692075288384
2022-05-30_MIA@COL,0.7157894736842105,0,2022-05-30,0.6034988245501023
2022-05-31_ATL@AZ,0.3466666666666667,1,2022-05-31,0.42180445225792706
2022-05-31_SD@STL,0.4253521126760563,0,2022-05-31,0.4618868224790915
2022-05-31_SF@PHI,0.4253521126760563,0,2022-05-31,0.46425291407000646
2022-05-31_CWS@TOR,0.7407407407407407,1,2022-05-31,0.6367909093637898
2022-05-31_KC@CLE,0.4253521126760563,1,2022-05-31,0.4633777472879218
2022-05-31_SEA@BAL,0.5331491712707183,1,2022-05-31,0.4979208269267087
2022-05-31_HOU@OAK,0.4253521126760563,0,2022-05-31,0.455290507356222
2022-05-31_TB@TEX,0.49743589743589745,0,2022-05-31,0.4938901472430116
2022-05-31_PIT@LAD,0.4253521126760563,1,2022-05-31,0.45801687470880825
2022-05-31_CIN@BOS,0.4822834645669291,0,2022-05-31,0.4892172036211284
2022-05-31_MIN@DET,0.49743589743589745,1,2022-05-31,0.494211940668553
2022-05-31_MIN@DET,0.3881656804733728,1,2022-05-31,0.4369644739327744
2022-05-31_MIL@CHC,0.4253521126760563,1,2022-05-31,0.4663805319513995
2022-05-31_WSH@NYM,0.268041237113402,1,2022-05-31,0.41116893391836973
2022-05-31_LAA@NYY,0.4822834645669291,1,2022-05-31,0.48551430849839805
2022-06-01_ATL@AZ,0.6211656441717791,1,2022-06-01,0.5321869451647899
2022-06-01_WSH@NYM,0.4253521126760563,0,2022-06-01,0.4650652563949428
2022-06-01_MIL@CHC,0.45825049701789267,1,2022-06-01,0.4739561994015826
2022-06-01_SEA@BAL,0.4253521126760563,0,2022-06-01,0.46258490326094237
2022-06-01_MIA@COL,0.4253521126760563,0,2022-06-01,0.4435112920555586
2022-06-01_CWS@TOR,0.4253521126760563,1,2022-06-01,0.46243882144832427
2022-06-01_SF@PHI,0.4253521126760563,0,2022-06-01,0.46778662925146397
2022-06-01_SD@STL,0.6827586206896552,1,2022-06-01,0.5771842483511582
2022-06-01_KC@CLE,0.4822834645669291,0,2022-06-01,0.49049509842208383
2022-06-01_CIN@BOS,0.4253521126760563,0,2022-06-01,0.4470799784914422
2022-06-01_TB@TEX,0.6211656441717791,0,2022-06-01,0.5313872391640947
2022-06-01_PIT@LAD,0.4822834645669291,1,2022-06-01,0.492913598207542
2022-06-01_MIA@COL,0.7407407407407407,0,2022-06-01,0.6922234334856724
2022-06-01_HOU@OAK,0.4253521126760563,0,2022-06-01,0.4527275045110075
2022-06-01_MIN@DET,0.7407407407407407,1,2022-06-01,0.6336910621431102
2022-06-02_TB@TEX,0.4253521126760563,0,2022-06-02,0.465744818557149
2022-06-02_LAA@NYY,0.3881656804733728,0,2022-06-02,0.42741453524997786
2022-06-02_STL@CHC,0.3881656804733728,1,2022-06-02,0.43775946022981416
2022-06-02_NYM@LAD,0.6827586206896552,0,2022-06-02,0.5707955223925893
2022-06-02_LAA@NYY,0.7407407407407407,1,2022-06-02,0.6208924680746581
2022-06-02_SEA@BAL,0.6553191489361702,1,2022-06-02,0.563435818077999
2022-06-02_ATL@COL,0.3881656804733728,1,2022-06-02,0.4347654327931756
2022-06-02_SF@MIA,0.5369261477045908,0,2022-06-02,0.5060133572948136
2022-06-02_SD@MIL,0.265993265993266,0,2022-06-02,0.3963789432808259
2022-06-02_CWS@TOR,0.4253521126760563,0,2022-06-02,0.4545522650427851
2022-06-02_WSH@CIN,0.265993265993266,1,2022-06-02,0.4066068459507729
2022-06-02_MIN@DET,0.6701389117339629,1,2022-06-02,0.5661730287187796
2022-06-03_ATL@COL,0.4253521126760563,0,2022-06-03,0.4637139798958463
2022-06-03_LAA@PHI,0.5369261477045908,1,2022-06-03,0.5088104686086716
2022-06-03_BOS@OAK,0.3881656804733728,0,2022-06-03,0.4378425572372098
2022-06-03_STL@CHC,0.4253521126760563,1,2022-06-03,0.45618981476364595
2022-06-03_DET@NYY,0.34210526315789475,0,2022-06-03,0.42130820969796556
2022-06-03_AZ@PIT,0.45825049701789267,1,2022-06-03,0.4741129237825795
2022-06-03_SF@MIA,0.5369261477045908,1,2022-06-03,0.5048905270231159
2022-06-03_SD@MIL,0.4253521126760563,1,2022-06-03,0.44848559335132143
2022-06-03_SEA@TEX,0.4253521126760563,0,2022-06-03,0.4537244419121894
2022-06-03_HOU@KC,0.3881656804733728,0,2022-06-03,0.43816671045563205
2022-06-03_CWS@TB,0.6827586206896552,1,2022-06-03,0.59353193834685
2022-06-03_MIN@TOR,0.4822834645669291,1,2022-06-03,0.4891835037991954
2022-06-03_CLE@BAL,0.45825049701789267,1,2022-06-03,0.47604937169414296
2022-06-03_WSH@CIN,0.5511811023622046,1,2022-06-03,0.5241095683496906
2022-06-03_NYM@LAD,0.4253521126760563,0,2022-06-03,0.44396205399580324
2022-06-04_SEA@TEX,0.3881656804733728,0,2022-06-04,0.4389318935668852
2022-06-04_HOU@KC,0.7407407407407407,0,2022-06-04,0.6153585363742222
2022-06-04_NYM@LAD,0.5511811023622046,1,2022-06-04,0.512512752045007
2022-06-04_CWS@TB,0.45825049701789267,0,2022-06-04,0.47481886850326394
2022-06-04_AZ@PIT,0.3881656804733728,0,2022-06-04,0.4303690368977694
2022-06-04_BOS@OAK,0.4253521126760563,0,2022-06-04,0.4490779321178775
2022-06-04_SD@MIL,0.4822834645669291,0,2022-06-04,0.4884342618684453
2022-06-04_ATL@COL,0.49743589743589745,0,2022-06-04,0.4942159882018645
2022-06-04_MIN@TOR,0.5331491712707183,1,2022-06-04,0.49988736675847967
2022-06-04_WSH@CIN,0.4822834645669291,1,2022-06-04,0.4924279944774187
2022-06-04_DET@NYY,0.45825049701789267,1,2022-06-04,0.4842496306476797
2022-06-04_LAA@PHI,0.6553191489361702,1,2022-06-04,0.5633988172752529
2022-06-04_STL@CHC,0.45825049701789267,0,2022-06-04,0.4773203910767122
2022-06-04_STL@CHC,0.5369261477045908,1,2022-06-04,0.5041303770393208
2022-06-04_CLE@BAL,0.5511811023622046,1,2022-06-04,0.5108083497568371
2022-06-04_SF@MIA,0.4253521126760563,0,2022-06-04,0.4619454254631983
2022-06-05_SEA@TEX,0.4253521126760563,0,2022-06-05,0.44187472217822865
2022-06-05_BOS@OAK,0.4822834645669291,1,2022-06-05,0.4905501199991661
2022-06-05_CWS@TB,0.45825049701789267,1,2022-06-05,0.47295033490099636
2022-06-05_SD@MIL,0.45825049701789267,1,2022-06-05,0.4824971487599018
2022-06-05_LAA@PHI,0.4253521126760563,0,2022-06-05,0.4485768378406215
2022-06-05_ATL@COL,0.4253521126760563,1,2022-06-05,0.4568684600216044
2022-06-05_MIN@TOR,0.6211656441717791,1,2022-06-05,0.5320433951018483
2022-06-05_WSH@CIN,0.3881656804733728,1,2022-06-05,0.43367220183177724
2022-06-05_NYM@LAD,0.5331491712707183,1,2022-06-05,0.49698697082090604
2022-06-05_SF@MIA,0.4822834645669291,0,2022-06-05,0.49060207628692876
2022-06-05_CLE@BAL,0.4253521126760563,1,2022-06-05,0.46812346917383163
2022-06-05_DET@NYY,0.265993265993266,0,2022-06-05,0.40071561625455154
2022-06-05_STL@CHC,0.3881656804733728,1,2022-06-05,0.42611980275882544
2022-06-05_HOU@KC,0.5511811023622046,0,2022-06-05,0.5157176802192909
2022-06-05_AZ@PIT,0.6211656441717791,0,2022-06-05,0.5389636736700115
2022-06-06_TOR@KC,0.4822834645669291,0,2022-06-06,0.48978266403146953
2022-06-06_SEA@HOU,0.9090909090909091,1,2022-06-06,0.7340264162771251
2022-06-06_NYM@SD,0.5369261477045908,1,2022-06-06,0.5051985884260092
2022-06-06_BOS@LAA,0.5511811023622046,0,2022-06-06,0.5148369733435209
2022-06-06_AZ@CIN,0.4253521126760563,1,2022-06-06,0.4634766779733206
2022-06-07_WSH@MIA,0.4822834645669291,0,2022-06-07,0.4924356459399192
2022-06-07_NYM@SD,0.5511811023622046,1,2022-06-07,0.5162598419721246
2022-06-07_CHC@BAL,0.7407407407407407,1,2022-06-07,0.623050720211191
2022-06-07_SEA@HOU,0.5331491712707183,0,2022-06-07,0.4996209610502438
2022-06-07_PHI@MIL,0.5369261477045908,1,2022-06-07,0.5048948888404896
2022-06-07_DET@PIT,0.4253521126760563,0,2022-06-07,0.4480229342844021
2022-06-07_NYY@MIN,0.49743589743589745,1,2022-06-07,0.4937921125059441
2022-06-07_TOR@KC,0.4253521126760563,0,2022-06-07,0.4549503079092986
2022-06-07_BOS@LAA,0.5369261477045908,1,2022-06-07,0.5050031786899442
2022-06-07_TEX@CLE,0.45825049701789267,0,2022-06-07,0.4742463173623108
2022-06-07_TEX@CLE,0.6553191489361702,1,2022-06-07,0.5626736255690803
2022-06-07_STL@TB,0.6211656441717791,0,2022-06-07,0.5292402789655231
2022-06-07_LAD@CWS,0.34210526315789475,0,2022-06-07,0.4208972861153123
2022-06-07_COL@SF,0.45825049701789267,1,2022-06-07,0.48086575913106344
2022-06-07_AZ@CIN,0.3881656804733728,1,2022-06-07,0.4233271097881647
2022-06-07_OAK@ATL,0.5511811023622046,1,2022-06-07,0.5181210451019009
2022-06-08_AZ@CIN,0.4822834645669291,0,2022-06-08,0.48560860481146895
2022-06-08_BOS@LAA,0.5369261477045908,0,2022-06-08,0.5050993105921326
2022-06-08_NYM@SD,0.4822834645669291,1,2022-06-08,0.48611537029369356
2022-06-08_TEX@CLE,0.45825049701789267,0,2022-06-08,0.4711410562214776
2022-06-08_WSH@MIA,0.4822834645669291,0,2022-06-08,0.48933255216466354
2022-06-08_TOR@KC,0.45825049701789267,1,2022-06-08,0.4739734091490506
2022-06-08_PHI@MIL,0.4253521126760563,0,2022-06-08,0.45453306034965435
2022-06-08_SEA@HOU,0.6211656441717791,1,2022-06-08,0.5414604257159201
2022-06-08_NYY@MIN,0.45825049701789267,0,2022-06-08,0.47357586053531286
2022-06-08_COL@SF,0.3881656804733728,0,2022-06-08,0.4263761693527772
2022-06-08_LAD@CWS,0.6211656441717791,1,2022-06-08,0.5504438433206824
2022-06-08_OAK@ATL,0.4253521126760563,0,2022-06-08,0.46612405760436837
2022-06-08_STL@TB,0.45825049701789267,1,2022-06-08,0.48220329986979493
2022-06-08_DET@PIT,0.6827586206896552,0,2022-06-08,0.5709129524860037
2022-06-09_WSH@MIA,0.5369261477045908,1,2022-06-09,0.5042354539843443
2022-06-09_AZ@CIN,0.4253521126760563,1,2022-06-09,0.44217697917378707
2022-06-09_PHI@MIL,0.6553191489361702,1,2022-06-09,0.5657499113345956
2022-06-09_OAK@CLE,0.45825049701789267,0,2022-06-09,0.4815757792632589
2022-06-09_BAL@KC,0.6827586206896552,0,2022-06-09,0.588823633230463
2022-06-09_PIT@ATL,0.4253521126760563,0,2022-06-09,0.456183788569379
2022-06-09_LAD@CWS,0.45825049701789267,0,2022-06-09,0.47154678503891856
2022-06-09_NYY@MIN,0.5331491712707183,1,2022-06-09,0.5003680064074172
2022-06-09_STL@TB,0.268041237113402,0,2022-06-09,0.4135532886662864
2022-06-09_COL@SF,0.6553191489361702,0,2022-06-09,0.5545785269952107
2022-06-09_BOS@LAA,0.4253521126760563,0,2022-06-09,0.4669991741845575
2022-06-10_CHC@NYY,0.49743589743589745,0,2022-06-10,0.49435237217368344
2022-06-10_TOR@DET,0.4253521126760563,1,2022-06-10,0.46096717496478246
2022-06-10_AZ@PHI,0.4253521126760563,1,2022-06-10,0.4470954612928102
2022-06-10_TEX@CWS,0.45825049701789267,0,2022-06-10,0.4719662414774266
2022-06-10_BOS@SEA,0.29896907216494845,1,2022-06-10,0.41458871405256414
2022-06-10_PIT@ATL,0.6211656441717791,0,2022-06-10,0.5467850076848025
2022-06-10_MIA@HOU,0.5511811023622046,1,2022-06-10,0.5139569760363012
2022-06-10_CIN@STL,0.6211656441717791,1,2022-06-10,0.5290662614629711
2022-06-10_TB@MIN,0.3881656804733728,1,2022-06-10,0.4368112737769124
2022-06-10_NYM@LAA,0.4253521126760563,0,2022-06-10,0.44528895578829286
2022-06-10_BAL@KC,0.5511811023622046,1,2022-06-10,0.5190639590118507
2022-06-10_MIL@WSH,0.4253521126760563,1,2022-06-10,0.46743251021661647
2022-06-10_COL@SD,0.6827586206896552,0,2022-06-10,0.5854308648463636
2022-06-10_LAD@SF,0.6827586206896552,0,2022-06-10,0.5839113920239503
2022-06-10_OAK@CLE,0.6827586206896552,1,2022-06-10,0.5997203935538169
2022-06-11_AZ@PHI,0.7407407407407407,1,2022-06-11,0.6461844953487186
2022-06-11_BOS@SEA,0.6827586206896552,1,2022-06-11,0.573798720831729
2022-06-11_TEX@CWS,0.5331491712707183,0,2022-06-11,0.49835284383308787
2022-06-11_NYM@LAA,0.6827586206896552,1,2022-06-11,0.5739072903275619
2022-06-11_TB@MIN,0.6211656441717791,1,2022-06-11,0.5520562346159484
2022-06-11_LAD@SF,0.4822834645669291,0,2022-06-11,0.48831224265434914
2022-06-11_MIA@HOU,0.6211656441717791,0,2022-06-11,0.5395649886250804
2022-06-11_COL@SD,0.45825049701789267,0,2022-06-11,0.48277367216796185
2022-06-11_CIN@STL,0.4253521126760563,0,2022-06-11,0.45160344079387393
2022-06-11_OAK@CLE,0.7407407407407407,1,2022-06-11,0.6518396269943199
2022-06-11_MIL@WSH,0.4253521126760563,1,2022-06-11,0.4615237233272903
2022-06-11_TOR@DET,0.4253521126760563,1,2022-06-11,0.4644223208937234
2022-06-11_COL@SD,0.4253521126760563,0,2022-06-11,0.444858630357961
2022-06-11_PIT@ATL,0.6827586206896552,1,2022-06-11,0.5918083295510319
2022-06-11_BAL@KC,0.6827586206896552,1,2022-06-11,0.5709963466123669
2022-06-11_CHC@NYY,0.6211656441717791,1,2022-06-11,0.5414279130359876
2022-06-12_TOR@DET,0.4253521126760563,0,2022-06-12,0.4409189902978554
2022-06-12_TEX@CWS,0.3881656804733728,1,2022-06-12,0.4237087866462361
2022-06-12_COL@SD,0.4253521126760563,0,2022-06-12,0.461071513166612
2022-06-12_LAD@SF,0.45825049701789267,1,2022-06-12,0.4816144078052126
2022-06-12_OAK@CLE,0.6827586206896552,1,2022-06-12,0.5750261040747194
2022-06-12_NYM@LAA,0.45825049701789267,1,2022-06-12,0.4827921381198653
2022-06-12_MIA@HOU,0.4253521126760563,1,2022-06-12,0.4611599112454924
2022-06-12_PIT@ATL,0.4253521126760563,0,2022-06-12,0.4632499877454569
2022-06-12_TB@MIN,0.268041237113402,0,2022-06-12,0.41375296769095715
2022-06-12_BAL@KC,0.4822834645669291,1,2022-06-12,0.49128512312184425
2022-06-12_AZ@PHI,0.5511811023622046,1,2022-06-12,0.5177933895669471
2022-06-12_CHC@NYY,0.7407407407407407,1,2022-06-12,0.6507374212601762
2022-06-12_BOS@SEA,0.4253521126760563,0,2022-06-12,0.46530128158272954
2022-06-12_MIL@WSH,0.49743589743589745,0,2022-06-12,0.49615942884567654
2022-06-12_CIN@STL,0.4253521126760563,1,2022-06-12,0.45065596402071306
2022-06-13_SD@CHC,0.4253521126760563,0,2022-06-13,0.4488887943375345
2022-06-13_MIN@SEA,0.45825049701789267,1,2022-06-13,0.47979874471809636
2022-06-13_ATL@WSH,0.4253521126760563,0,2022-06-13,0.46802625841709034
2022-06-13_CWS@DET,0.4253521126760563,1,2022-06-13,0.4576718120996598
2022-06-13_PIT@STL,0.49743589743589745,0,2022-06-13,0.4946428852758187
2022-06-13_BAL@TOR,0.6827586206896552,1,2022-06-13,0.5770047228112836
2022-06-13_MIA@PHI,0.45825049701789267,0,2022-06-13,0.472441862837489
2022-06-13_HOU@TEX,0.6827586206896552,1,2022-06-13,0.5742755793814877
2022-06-13_KC@SF,0.3881656804733728,0,2022-06-13,0.4247029268758987
2022-06-13_CIN@AZ,0.7407407407407407,0,2022-06-13,0.6438518306094142
2022-06-14_KC@SF,0.5511811023622046,0,2022-06-14,0.5140919208321626
2022-06-14_MIA@PHI,0.6827586206896552,1,2022-06-14,0.5805941882171088
2022-06-14_BAL@TOR,0.4822834645669291,0,2022-06-14,0.48642482026271683
2022-06-14_ATL@WSH,0.45825049701789267,1,2022-06-14,0.4735479577419117
2022-06-14_LAA@LAD,0.30434782608695654,0,2022-06-14,0.419051927956295
2022-06-14_PIT@STL,0.5369261477045908,0,2022-06-14,0.5076370456662056
2022-06-14_PIT@STL,0.45825049701789267,1,2022-06-14,0.47708424819349105
2022-06-14_OAK@BOS,0.4253521126760563,1,2022-06-14,0.45503643290446416
2022-06-14_TB@NYY,0.3881656804733728,0,2022-06-14,0.42554635423815557
2022-06-14_MIN@SEA,0.4253521126760563,0,2022-06-14,0.46697772606006405
2022-06-14_MIL@NYM,0.4253521126760563,1,2022-06-14,0.45231869634649513
2022-06-14_HOU@TEX,0.3881656804733728,0,2022-06-14,0.42938508598664016
2022-06-14_CWS@DET,0.4253521126760563,1,2022-06-14,0.4458082728592949
2022-06-14_CLE@COL,0.3881656804733728,0,2022-06-14,0.42595311090317334
2022-06-14_CIN@AZ,0.265993265993266,0,2022-06-14,0.39985368544650557
2022-06-14_SD@CHC,0.4253521126760563,1,2022-06-14,0.46623870113078103
2022-06-15_OAK@BOS,0.6211656441717791,1,2022-06-15,0.5288915307927236
2022-06-15_CLE@COL,0.4253521126760563,0,2022-06-15,0.4511040947559968
2022-06-15_SD@CHC,0.45825049701789267,1,2022-06-15,0.4759839459833184
2022-06-15_MIA@PHI,0.4253521126760563,0,2022-06-15,0.46609974480556526
2022-06-15_CIN@AZ,0.6827586206896552,0,2022-06-15,0.5908564057744161
2022-06-15_MIN@SEA,0.265993265993266,0,2022-06-15,0.3942835102398542
2022-06-15_HOU@TEX,0.6211656441717791,1,2022-06-15,0.5319960362995426
2022-06-15_LAA@LAD,0.45825049701789267,1,2022-06-15,0.47936109630745793
2022-06-15_TB@NYY,0.5511811023622046,1,2022-06-15,0.512172897229686
2022-06-15_ATL@WSH,0.3881656804733728,0,2022-06-15,0.43560452080987133
2022-06-15_PIT@STL,0.6827586206896552,1,2022-06-15,0.5737408603994152
2022-06-15_BAL@TOR,0.4253521126760563,1,2022-06-15,0.4442173952031525
2022-06-15_CWS@DET,0.4253521126760563,1,2022-06-15,0.4537319318764257
2022-06-15_MIL@NYM,0.5331491712707183,1,2022-06-15,0.49809817815205126
2022-06-15_KC@SF,0.45825049701789267,1,2022-06-15,0.47242875984096866
2022-06-16_PHI@WSH,0.4253521126760563,0,2022-06-16,0.44117302461447405
2022-06-16_CLE@COL,0.6211656441717791,0,2022-06-16,0.5328550815578901
2022-06-16_TEX@DET,0.4253521126760563,0,2022-06-16,0.45174319955555087
2022-06-16_MIL@NYM,0.4253521126760563,1,2022-06-16,0.46653848500384987
2022-06-16_SD@CHC,0.7407407407407407,1,2022-06-16,0.6357204074512037
2022-06-16_OAK@BOS,0.4253521126760563,0,2022-06-16,0.44712508815114305
2022-06-16_TB@NYY,0.5331491712707183,0,2022-06-16,0.4989473404673249
2022-06-16_BAL@TOR,0.4253521126760563,1,2022-06-16,0.4579166645556222
2022-06-16_LAA@SEA,0.6211656441717791,0,2022-06-16,0.5324899696968042
2022-06-17_PHI@WSH,0.3881656804733728,0,2022-06-17,0.43187322671694617
2022-06-17_CWS@HOU,0.45825049701789267,1,2022-06-17,0.4806321564638656
2022-06-17_LAA@SEA,0.7407407407407407,1,2022-06-17,0.6538791694755262
2022-06-17_KC@OAK,0.7407407407407407,1,2022-06-17,0.6688642946150282
2022-06-17_TB@BAL,0.5511811023622046,0,2022-06-17,0.5209211631515542
2022-06-17_STL@BOS,0.5511811023622046,1,2022-06-17,0.5261530605596825
2022-06-17_CLE@LAD,0.6827586206896552,0,2022-06-17,0.5820275742117442
2022-06-17_SD@COL,0.5331491712707183,1,2022-06-17,0.5012750122142424
2022-06-17_SF@PIT,0.4253521126760563,1,2022-06-17,0.45205503861803176
2022-06-17_TEX@DET,0.4253521126760563,1,2022-06-17,0.4545568283814705
2022-06-17_MIN@AZ,0.7727272727272727,1,2022-06-17,0.7070132809962534
2022-06-17_NYY@TOR,0.30434782608695654,0,2022-06-17,0.41805941500939037
2022-06-17_PHI@WSH,0.3881656804733728,1,2022-06-17,0.4277129882450246
2022-06-17_ATL@CHC,0.45825049701789267,0,2022-06-17,0.4761950664043487
2022-06-17_MIA@NYM,0.5511811023622046,1,2022-06-17,0.5257370447307704
2022-06-17_MIL@CIN,0.5369261477045908,0,2022-06-17,0.5076895310693974
2022-06-18_PHI@WSH,0.49743589743589745,0,2022-06-18,0.4939688638703408
2022-06-18_TEX@DET,0.6827586206896552,1,2022-06-18,0.5999576038430824
2022-06-18_MIN@AZ,0.3881656804733728,0,2022-06-18,0.44002126900915717
2022-06-18_CLE@LAD,0.6211656441717791,1,2022-06-18,0.5508390233935555
2022-06-18_KC@OAK,0.5511811023622046,0,2022-06-18,0.5166373340471647
2022-06-18_NYY@TOR,0.6827586206896552,0,2022-06-18,0.5730893585939091
2022-06-18_LAA@SEA,0.5331491712707183,0,2022-06-18,0.5022643958696238
2022-06-18_SF@PIT,0.7157894736842105,1,2022-06-18,0.6032551868090115
2022-06-18_MIA@NYM,0.4253521126760563,0,2022-06-18,0.46686649115710455
2022-06-18_ATL@CHC,0.45825049701789267,1,2022-06-18,0.4826532644115479
2022-06-18_LAA@SEA,0.29896907216494845,0,2022-06-18,0.4141431621539724
2022-06-18_MIL@CIN,0.5511811023622046,1,2022-06-18,0.5113534520138991
2022-06-18_TB@BAL,0.4822834645669291,0,2022-06-18,0.49118383775939034
2022-06-18_CWS@HOU,0.29896907216494845,0,2022-06-18,0.4149845238040498
2022-06-18_SD@COL,0.4253521126760563,1,2022-06-18,0.4612124802649683
2022-06-18_STL@BOS,0.49743589743589745,1,2022-06-18,0.49607718576305393
2022-06-19_NYY@TOR,0.4253521126760563,1,2022-06-19,0.4663086276118754
2022-06-19_PHI@WSH,0.5331491712707183,0,2022-06-19,0.49754909952431625
2022-06-19_KC@OAK,0.6211656441717791,1,2022-06-19,0.5437947053213307
2022-06-19_CLE@LAD,0.6211656441717791,0,2022-06-19,0.5310891141694813
2022-06-19_MIA@NYM,0.4253521126760563,0,2022-06-19,0.44867043094218295
2022-06-19_SD@COL,0.4253521126760563,0,2022-06-19,0.45389557234109934
2022-06-19_LAA@SEA,0.4253521126760563,0,2022-06-19,0.4682852736421622
2022-06-19_TB@BAL,0.6211656441717791,1,2022-06-19,0.5297010568958043
2022-06-19_TEX@DET,0.6211656441717791,1,2022-06-19,0.5371504840636923
2022-06-19_STL@BOS,0.45825049701789267,0,2022-06-19,0.4805968108252908
2022-06-19_MIL@CIN,0.4253521126760563,0,2022-06-19,0.45864739841253255
2022-06-19_MIN@AZ,0.6211656441717791,1,2022-06-19,0.5335229017340444
2022-06-19_SF@PIT,0.5369261477045908,1,2022-06-19,0.5079885078463717
2022-06-19_CWS@HOU,0.6211656441717791,1,2022-06-19,0.531656846920157
2022-06-19_ATL@CHC,0.4822834645669291,1,2022-06-19,0.49080411236383004
2022-06-20_KC@LAA,1.0,1,2022-06-20,0.7784379992067509
2022-06-20_TOR@CWS,0.3881656804733728,1,2022-06-20,0.4295053865968004
2022-06-20_AZ@SD,0.45825049701789267,1,2022-06-20,0.48114965540092325
2022-06-20_CHC@PIT,0.4253521126760563,0,2022-06-20,0.4644296161305618
2022-06-20_DET@BOS,0.45825049701789267,1,2022-06-20,0.47704272923958424
2022-06-20_STL@MIL,0.34210526315789475,0,2022-06-20,0.42093906375534773
2022-06-20_NYY@TB,0.4253521126760563,1,2022-06-20,0.4575070253028146
2022-06-20_MIA@NYM,0.4253521126760563,1,2022-06-20,0.4680864337962689
2022-06-20_SF@ATL,0.3881656804733728,0,2022-06-20,0.4254764150543666
2022-06-21_STL@MIL,0.7157894736842105,1,2022-06-21,0.6083274979321049
2022-06-21_LAD@CIN,0.6211656441717791,1,2022-06-21,0.5375483672658004
2022-06-21_KC@LAA,0.7407407407407407,1,2022-06-21,0.6220448237650928
2022-06-21_TOR@CWS,0.4253521126760563,0,2022-06-21,0.4583444985790137
2022-06-21_AZ@SD,0.265993265993266,0,2022-06-21,0.40047101411838426
2022-06-21_NYY@TB,0.5369261477045908,1,2022-06-21,0.5085222999326668
2022-06-21_COL@MIA,0.265993265993266,0,2022-06-21,0.40583948511263757
2022-06-21_SF@ATL,0.265993265993266,0,2022-06-21,0.3940261803672216
2022-06-21_PHI@TEX,0.34210526315789475,0,2022-06-21,0.42105351454135864
2022-06-21_CHC@PIT,0.6827586206896552,1,2022-06-21,0.5914973322742794
2022-06-21_WSH@BAL,0.45825049701789267,1,2022-06-21,0.4843443407938809
2022-06-21_DET@BOS,0.6211656441717791,1,2022-06-21,0.5508538857089025
2022-06-21_SEA@OAK,0.3881656804733728,0,2022-06-21,0.4302043105742802
2022-06-21_CLE@MIN,0.6553191489361702,1,2022-06-21,0.5568143631231042
2022-06-21_NYM@HOU,0.4253521126760563,0,2022-06-21,0.4652522337880032
2022-06-22_STL@MIL,0.5511811023622046,1,2022-06-22,0.5247732386041
2022-06-22_KC@LAA,0.7407407407407407,0,2022-06-22,0.6184288533425986
2022-06-22_PHI@TEX,0.6827586206896552,0,2022-06-22,0.5908315799195417
2022-06-22_CHC@PIT,0.45825049701789267,0,2022-06-22,0.4841412779212483
2022-06-22_NYY@TB,0.6211656441717791,0,2022-06-22,0.5435622462345242
2022-06-22_CLE@MIN,0.45825049701789267,1,2022-06-22,0.47433073584972774
2022-06-22_AZ@SD,0.268041237113402,1,2022-06-22,0.4126102775226448
2022-06-22_LAD@CIN,0.45825049701789267,0,2022-06-22,0.4693343165887588
2022-06-22_NYM@HOU,0.6553191489361702,1,2022-06-22,0.5588917394964572
2022-06-22_SF@ATL,0.5369261477045908,1,2022-06-22,0.5032381607239054
2022-06-22_COL@MIA,0.7407407407407407,1,2022-06-22,0.6185163902944266
2022-06-22_TOR@CWS,0.4253521126760563,1,2022-06-22,0.45058112461196687
2022-06-22_DET@BOS,0.3881656804733728,1,2022-06-22,0.43543526455903303
2022-06-22_WSH@BAL,0.4253521126760563,1,2022-06-22,0.4583868393477072
2022-06-22_SEA@OAK,0.5511811023622046,1,2022-06-22,0.5172197867560548
2022-06-23_BAL@CWS,0.3881656804733728,0,2022-06-23,0.4316938326698755
2022-06-23_CLE@MIN,0.6827586206896552,0,2022-06-23,0.567348833893882
2022-06-23_CHC@PIT,0.4822834645669291,1,2022-06-23,0.4875031891328675
2022-06-23_STL@MIL,0.7407407407407407,1,2022-06-23,0.638006847588339
2022-06-23_COL@MIA,0.4253521126760563,0,2022-06-23,0.45820012621638395
2022-06-23_SF@ATL,0.7407407407407407,1,2022-06-23,0.6276067067525195
2022-06-23_SEA@OAK,0.3881656804733728,1,2022-06-23,0.4298549470430474
2022-06-23_LAD@CIN,0.4253521126760563,0,2022-06-23,0.44092296876231074
2022-06-23_HOU@NYY,0.5511811023622046,1,2022-06-23,0.5116995530830928
2022-06-23_PHI@SD,0.4253521126760563,0,2022-06-23,0.46411278869830364
2022-06-24_PIT@TB,0.5511811023622046,0,2022-06-24,0.5157564212715728
2022-06-24_OAK@KC,0.3881656804733728,0,2022-06-24,0.4317341905090454
2022-06-24_NYM@MIA,0.6553191489361702,1,2022-06-24,0.5544634715068144
2022-06-24_HOU@NYY,0.4253521126760563,0,2022-06-24,0.4432548974083773
2022-06-24_PHI@SD,0.3881656804733728,0,2022-06-24,0.4310070965517079
2022-06-24_SEA@LAA,0.4822834645669291,1,2022-06-24,0.4933693913019679
2022-06-24_LAD@ATL,0.6827586206896552,1,2022-06-24,0.5921231035442578
2022-06-24_BOS@CLE,0.45825049701789267,0,2022-06-24,0.48077716782272006
2022-06-24_COL@MIN,0.45825049701789267,0,2022-06-24,0.4797139402879006
2022-06-24_CHC@STL,0.4253521126760563,0,2022-06-24,0.4606950013362504
2022-06-24_DET@AZ,0.4253521126760563,0,2022-06-24,0.45708760341233323
2022-06-24_TOR@MIL,0.4253521126760563,0,2022-06-24,0.46203836873663406
2022-06-24_CIN@SF,0.3466666666666667,0,2022-06-24,0.4219075292928527
2022-06-24_WSH@TEX,0.6211656441717791,0,2022-06-24,0.5305818060391065
2022-06-24_BAL@CWS,0.7407407407407407,1,2022-06-24,0.6630718685537602
2022-06-25_LAD@ATL,0.29896907216494845,0,2022-06-25,0.41627224173082955
2022-06-25_COL@MIN,0.6827586206896552,1,2022-06-25,0.5723172136938683
2022-06-25_NYM@MIA,0.4253521126760563,0,2022-06-25,0.44371852763844
2022-06-25_SEA@LAA,0.6211656441717791,1,2022-06-25,0.5402984705964862
2022-06-25_DET@AZ,0.5511811023622046,0,2022-06-25,0.5218987187613717
2022-06-25_WSH@TEX,0.4253521126760563,0,2022-06-25,0.4620821072209208
2022-06-25_HOU@NYY,0.4822834645669291,0,2022-06-25,0.4866679531817941
2022-06-25_PIT@TB,0.4253521126760563,1,2022-06-25,0.45662587420207457
2022-06-25_BAL@CWS,0.268041237113402,0,2022-06-25,0.40962551086063037
2022-06-25_BOS@CLE,0.4253521126760563,0,2022-06-25,0.46203956513741484
2022-06-25_PHI@SD,0.3881656804733728,0,2022-06-25,0.437346176948919
2022-06-25_TOR@MIL,0.5369261477045908,1,2022-06-25,0.5075055001804532
2022-06-25_CIN@SF,0.4253521126760563,0,2022-06-25,0.44156605906609736
2022-06-25_CHC@STL,0.5331491712707183,1,2022-06-25,0.500905213980702
2022-06-25_OAK@KC,0.4253521126760563,1,2022-06-25,0.4605105447101677
2022-06-26_BAL@CWS,0.3881656804733728,0,2022-06-26,0.4365950344239359
2022-06-26_SEA@LAA,0.7407407407407407,0,2022-06-26,0.678233812032199
2022-06-26_TOR@MIL,0.6211656441717791,1,2022-06-26,0.5294796572366622
2022-06-26_OAK@KC,0.5369261477045908,0,2022-06-26,0.5031626086914498
2022-06-26_CIN@SF,0.3881656804733728,0,2022-06-26,0.42740689932250797
2022-06-26_COL@MIN,0.6211656441717791,1,2022-06-26,0.5444699134511662
2022-06-26_CHC@STL,0.6211656441717791,1,2022-06-26,0.5408954526767091
2022-06-26_NYM@MIA,0.5369261477045908,1,2022-06-26,0.5057553554569345
2022-06-26_LAD@ATL,0.3881656804733728,0,2022-06-26,0.4334548081967926
2022-06-26_WSH@TEX,0.6827586206896552,1,2022-06-26,0.5817879412395479
2022-06-26_PIT@TB,0.265993265993266,0,2022-06-26,0.39979979639824714
2022-06-26_DET@AZ,0.3881656804733728,0,2022-06-26,0.42584923382701056
2022-06-26_BOS@CLE,0.6211656441717791,0,2022-06-26,0.5322257025625509
2022-06-26_HOU@NYY,0.4253521126760563,1,2022-06-26,0.4514664619999337
2022-06-26_PHI@SD,0.6553191489361702,1,2022-06-26,0.564603427085466
2022-06-27_MIA@STL,0.5511811023622046,1,2022-06-27,0.5126309486033148
2022-06-27_PIT@WSH,0.4253521126760563,0,2022-06-27,0.46247735255292377
2022-06-27_TEX@KC,0.4253521126760563,1,2022-06-27,0.44276714321357413
2022-06-27_CWS@LAA,0.4253521126760563,0,2022-06-27,0.4481946740264797
2022-06-27_OAK@NYY,0.3881656804733728,1,2022-06-27,0.42555054847380935
2022-06-27_BOS@TOR,0.45825049701789267,1,2022-06-27,0.4823331813464238
2022-06-27_MIN@CLE,0.3881656804733728,0,2022-06-27,0.42838569928878323
2022-06-27_BAL@SEA,0.5369261477045908,1,2022-06-27,0.5085914320764247
2022-06-27_LAD@COL,0.3881656804733728,1,2022-06-27,0.4270131614455046
2022-06-28_CWS@LAA,0.45825049701789267,0,2022-06-28,0.4763352936118991
2022-06-28_MIL@TB,0.45825049701789267,0,2022-06-28,0.4844100109757252
2022-06-28_BAL@SEA,0.4253521126760563,0,2022-06-28,0.4493801989665156
2022-06-28_SD@AZ,0.3881656804733728,0,2022-06-28,0.4333650103655341
2022-06-28_MIN@CLE,0.5331491712707183,1,2022-06-28,0.49708545619181643
2022-06-28_MIA@STL,0.30434782608695654,0,2022-06-28,0.4200686501292875
2022-06-28_MIN@CLE,0.45825049701789267,0,2022-06-28,0.483437474237696
2022-06-28_LAD@COL,0.6827586206896552,1,2022-06-28,0.5969139022401886
2022-06-28_HOU@NYM,0.4253521126760563,1,2022-06-28,0.4537510080535677
2022-06-28_OAK@NYY,0.6211656441717791,1,2022-06-28,0.5458661036398114
2022-06-28_DET@SF,0.4253521126760563,1,2022-06-28,0.44795773116196835
2022-06-28_CIN@CHC,0.6211656441717791,0,2022-06-28,0.5313087606269645
2022-06-28_BOS@TOR,0.4253521126760563,1,2022-06-28,0.46335322552528313
2022-06-28_TEX@KC,0.4822834645669291,1,2022-06-28,0.4902913411445796
2022-06-28_PIT@WSH,0.6827586206896552,1,2022-06-28,0.5812788237220763
2022-06-28_ATL@PHI,0.6553191489361702,1,2022-06-28,0.5572768909897806
2022-06-29_SD@AZ,0.07692307692307693,0,2022-06-29,0.3600833304126406
2022-06-29_OAK@NYY,0.6553191489361702,1,2022-06-29,0.5602170031046991
2022-06-29_DET@SF,0.6553191489361702,1,2022-06-29,0.5620828394599318
2022-06-29_MIA@STL,0.3881656804733728,0,2022-06-29,0.4319172599962161
2022-06-29_BOS@TOR,0.4253521126760563,0,2022-06-29,0.44935738863734676
2022-06-29_ATL@PHI,0.30434782608695654,0,2022-06-29,0.41719394154421063
2022-06-29_MIL@TB,0.4822834645669291,0,2022-06-29,0.49113669548939465
2022-06-29_CWS@LAA,0.7407407407407407,1,2022-06-29,0.6829222317457946
2022-06-29_BAL@SEA,0.5511811023622046,0,2022-06-29,0.5162483590025922
2022-06-29_PIT@WSH,0.4253521126760563,1,2022-06-29,0.44307000235922456
2022-06-29_LAD@COL,0.5511811023622046,1,2022-06-29,0.5167070471975985
2022-06-29_MIN@CLE,0.4253521126760563,1,2022-06-29,0.46632792075358953
2022-06-29_CIN@CHC,0.6827586206896552,1,2022-06-29,0.5990408514104637
2022-06-29_TEX@KC,0.6211656441717791,1,2022-06-29,0.5398314597295164
2022-06-29_HOU@NYM,0.4253521126760563,0,2022-06-29,0.4656505640247276
2022-06-30_CIN@CHC,0.1888111888111888,1,2022-06-30,0.38392407086204394
2022-06-30_MIL@PIT,0.268041237113402,0,2022-06-30,0.412437369080344
2022-06-30_SD@LAD,0.268041237113402,1,2022-06-30,0.41183029531842197
2022-06-30_ATL@PHI,0.4822834645669291,0,2022-06-30,0.4929120326560137
2022-06-30_OAK@SEA,0.3881656804733728,1,2022-06-30,0.43088423303493695
2022-06-30_MIN@CLE,0.5511811023622046,0,2022-06-30,0.5265494039198606
2022-06-30_NYY@HOU,0.3881656804733728,0,2022-06-30,0.4296732002994299
2022-06-30_TB@TOR,0.4253521126760563,0,2022-06-30,0.462558394680216
2022-07-01_ATL@CIN,0.3881656804733728,1,2022-07-01,0.43637648193654066
2022-07-01_MIA@WSH,0.3881656804733728,0,2022-07-01,0.4348875299592415
2022-07-01_STL@PHI,0.5369261477045908,1,2022-07-01,0.5078799401826444
2022-07-01_AZ@COL,0.3881656804733728,1,2022-07-01,0.42724177808989505
2022-07-01_CWS@SF,0.4253521126760563,0,2022-07-01,0.45066955130470654
2022-07-01_BAL@MIN,0.45825049701789267,1,2022-07-01,0.4816493962646977
2022-07-01_TEX@NYM,0.4822834645669291,0,2022-07-01,0.48860112902421104
2022-07-01_KC@DET,0.6211656441717791,0,2022-07-01,0.5302885572375726
2022-07-01_SD@LAD,0.268041237113402,0,2022-07-01,0.41242985843815594
2022-07-01_BOS@CHC,0.6211656441717791,1,2022-07-01,0.5369848521294897
2022-07-01_MIL@PIT,0.3881656804733728,0,2022-07-01,0.43625459222667273
2022-07-01_LAA@HOU,0.6211656441717791,1,2022-07-01,0.531765669603436
2022-07-01_OAK@SEA,0.3881656804733728,0,2022-07-01,0.4239811575831367
2022-07-01_TB@TOR,0.5511811023622046,0,2022-07-01,0.5110553268829732
2022-07-02_TB@TOR,0.45825049701789267,1,2022-07-02,0.47048399506889504
2022-07-02_ATL@CIN,0.29896907216494845,0,2022-07-02,0.4163673440536927
2022-07-02_OAK@SEA,0.7407407407407407,1,2022-07-02,0.6312169824715786
2022-07-02_CWS@SF,0.30434782608695654,1,2022-07-02,0.4185671876789605
2022-07-02_STL@PHI,0.45825049701789267,1,2022-07-02,0.4744440804805776
2022-07-02_MIL@PIT,0.5511811023622046,1,2022-07-02,0.5163088924904482
2022-07-02_MIA@WSH,0.4253521126760563,1,2022-07-02,0.4406498471801755
2022-07-02_NYY@CLE,0.45825049701789267,1,2022-07-02,0.4818893354349699
2022-07-02_TB@TOR,0.30434782608695654,1,2022-07-02,0.4195061945204063
2022-07-02_AZ@COL,0.4253521126760563,1,2022-07-02,0.46722922870472816
2022-07-02_LAA@HOU,0.5511811023622046,1,2022-07-02,0.5183097646428283
2022-07-02_KC@DET,0.7407407407407407,1,2022-07-02,0.6156604099454739
2022-07-02_SD@LAD,0.4822834645669291,1,2022-07-02,0.48718344973875327
2022-07-02_NYY@CLE,0.5369261477045908,0,2022-07-02,0.5073423666734038
2022-07-02_BOS@CHC,0.5331491712707183,0,2022-07-02,0.501293176932389
2022-07-02_TEX@NYM,0.49743589743589745,1,2022-07-02,0.4959393728706948
2022-07-02_BAL@MIN,0.4253521126760563,0,2022-07-02,0.4683508844776225
2022-07-03_MIL@PIT,0.4253521126760563,0,2022-07-03,0.4523551426096528
2022-07-03_BAL@MIN,0.5511811023622046,0,2022-07-03,0.524519223982574
2022-07-03_AZ@COL,0.265993265993266,0,2022-07-03,0.39702847444516065
2022-07-03_MIA@WSH,0.4253521126760563,0,2022-07-03,0.45914979263363265
2022-07-03_KC@DET,0.1888111888111888,0,2022-07-03,0.392076188354505
2022-07-03_LAA@HOU,0.5331491712707183,0,2022-07-03,0.5010839615922531
2022-07-03_TB@TOR,0.30434782608695654,1,2022-07-03,0.4179815684902033
2022-07-03_SD@LAD,0.4253521126760563,1,2022-07-03,0.4561971832562125
2022-07-03_TEX@NYM,0.6211656441717791,1,2022-07-03,0.5342440617406323
2022-07-03_ATL@CIN,0.3881656804733728,0,2022-07-03,0.4367537525566154
2022-07-03_STL@PHI,0.45825049701789267,0,2022-07-03,0.47236049689543447
2022-07-03_NYY@CLE,0.265993265993266,0,2022-07-03,0.40501094063598087
2022-07-03_OAK@SEA,0.6211656441717791,1,2022-07-03,0.5515970498580445
2022-07-03_CWS@SF,0.45825049701789267,0,2022-07-03,0.47255730339721325
2022-07-03_BOS@CHC,0.5331491712707183,1,2022-07-03,0.4977338276791139
2022-07-04_CHC@MIL,0.5331491712707183,0,2022-07-04,0.5010726896859553
2022-07-04_MIN@CWS,0.45825049701789267,0,2022-07-04,0.47189127991122193
2022-07-04_SEA@SD,0.4822834645669291,1,2022-07-04,0.4866574972405022
2022-07-04_TB@BOS,0.5331491712707183,0,2022-07-04,0.4969370686121418
2022-07-04_CLE@DET,0.4253521126760563,1,2022-07-04,0.46198078612717786
2022-07-04_CLE@DET,0.4253521126760563,0,2022-07-04,0.4656339251474326
2022-07-04_TOR@OAK,0.5511811023622046,1,2022-07-04,0.5187367325236389
2022-07-04_STL@ATL,0.4253521126760563,1,2022-07-04,0.4636632378304705
2022-07-04_MIA@WSH,0.3881656804733728,0,2022-07-04,0.43647865418930387
2022-07-04_TEX@BAL,0.4822834645669291,0,2022-07-04,0.4866434316820474
2022-07-04_KC@HOU,0.6827586206896552,1,2022-07-04,0.5830169898829207
2022-07-04_SF@AZ,0.5369261477045908,1,2022-07-04,0.5101187067579926
2022-07-04_NYM@CIN,0.45825049701789267,0,2022-07-04,0.4807824246150817
2022-07-04_COL@LAD,0.45825049701789267,0,2022-07-04,0.48055419681233913
2022-07-05_KC@HOU,0.6827586206896552,1,2022-07-05,0.5944503510099362
2022-07-05_WSH@PHI,0.6211656441717791,1,2022-07-05,0.5321435215830298
2022-07-05_NYM@CIN,0.4253521126760563,0,2022-07-05,0.4683319510983093
2022-07-05_LAA@MIA,0.7407407407407407,0,2022-07-05,0.6599646656383991
2022-07-05_CLE@DET,0.4822834645669291,1,2022-07-05,0.4873005305742021
2022-07-05_TEX@BAL,0.5369261477045908,0,2022-07-05,0.5060098740365785
2022-07-05_TOR@OAK,0.4253521126760563,1,2022-07-05,0.4611804035868212
2022-07-05_TB@BOS,0.5369261477045908,1,2022-07-05,0.505580494792439
2022-07-05_NYY@PIT,0.45825049701789267,0,2022-07-05,0.4741535423028185
2022-07-05_SEA@SD,0.3881656804733728,0,2022-07-05,0.4330654437637066
2022-07-05_COL@LAD,0.45825049701789267,0,2022-07-05,0.47165286560998554
2022-07-05_MIN@CWS,0.3881656804733728,0,2022-07-05,0.4325646580881136
2022-07-05_CHC@MIL,0.5511811023622046,1,2022-07-05,0.5259052031142419
2022-07-05_SF@AZ,0.4253521126760563,0,2022-07-05,0.46803442592816547
2022-07-05_STL@ATL,0.5331491712707183,1,2022-07-05,0.5002503471697057
2022-07-06_TOR@OAK,0.45825049701789267,0,2022-07-06,0.47052622928327403
2022-07-06_CHC@MIL,0.45825049701789267,0,2022-07-06,0.4698564868443218
2022-07-06_WSH@PHI,0.268041237113402,0,2022-07-06,0.4136265150416195
2022-07-06_CLE@DET,0.45825049701789267,0,2022-07-06,0.4695471507756216
2022-07-06_SF@AZ,0.4253521126760563,1,2022-07-06,0.44475730540138947
2022-07-06_LAA@MIA,0.4822834645669291,1,2022-07-06,0.48572125586006487
2022-07-06_KC@HOU,0.6211656441717791,1,2022-07-06,0.5289989195425817
2022-07-06_MIN@CWS,0.6553191489361702,1,2022-07-06,0.560812365556816
2022-07-06_NYM@CIN,0.4253521126760563,1,2022-07-06,0.46779905100055474
2022-07-06_TB@BOS,0.4253521126760563,1,2022-07-06,0.45905503618570054
2022-07-06_COL@LAD,0.4253521126760563,0,2022-07-06,0.4479686207933352
2022-07-06_NYY@PIT,0.4253521126760563,0,2022-07-06,0.46151497355680926
2022-07-06_TEX@BAL,0.4253521126760563,0,2022-07-06,0.44273102766127004
2022-07-06_STL@ATL,0.268041237113402,0,2022-07-06,0.40936816622667993
2022-07-07_PIT@CIN,0.45825049701789267,0,2022-07-07,0.4766176488598075
2022-07-07_DET@CWS,0.29896907216494845,0,2022-07-07,0.4142541263977816
2022-07-07_COL@AZ,0.4253521126760563,1,2022-07-07,0.44587776405937773
2022-07-07_NYY@BOS,0.5369261477045908,0,2022-07-07,0.504724203912956
2022-07-07_CHC@LAD,0.7727272727272727,1,2022-07-07,0.7142617806124157
2022-07-07_LAA@BAL,0.6211656441717791,0,2022-07-07,0.5322356303980986
2022-07-07_SF@SD,0.45825049701789267,0,2022-07-07,0.48110395694325037
2022-07-07_KC@HOU,0.3881656804733728,0,2022-07-07,0.43091105177869826
2022-07-07_MIA@NYM,0.45825049701789267,0,2022-07-07,0.47875109007089833
2022-07-07_STL@ATL,0.6211656441717791,0,2022-07-07,0.5372496089711379
2022-07-07_WSH@PHI,0.7422014424871951,1,2022-07-07,0.7024493166568417
2022-07-07_PIT@CIN,0.45825049701789267,0,2022-07-07,0.48001271671655266
2022-07-07_TOR@SEA,0.4253521126760563,1,2022-07-07,0.4529481021582138
2022-07-08_NYY@BOS,0.4253521126760563,1,2022-07-08,0.46280637708702765
2022-07-08_COL@AZ,0.29896907216494845,1,2022-07-08,0.4155538434635069
2022-07-08_MIN@TEX,0.4253521126760563,1,2022-07-08,0.4651949559804931
2022-07-08_CHC@LAD,0.3881656804733728,0,2022-07-08,0.42927234179979235
2022-07-08_CLE@KC,0.3881656804733728,0,2022-07-08,0.4247731833659626
2022-07-08_TB@CIN,0.6211656441717791,0,2022-07-08,0.5414725317826288
2022-07-08_MIA@NYM,0.6211656441717791,0,2022-07-08,0.5335662017100664
2022-07-08_PIT@MIL,0.45825049701789267,0,2022-07-08,0.48015987963268014
2022-07-08_PHI@STL,0.7157894736842105,0,2022-07-08,0.6064100527250451
2022-07-08_SF@SD,0.45825049701789267,1,2022-07-08,0.48422785442609106
2022-07-08_LAA@BAL,0.4253521126760563,0,2022-07-08,0.46160094984808897
2022-07-08_TOR@SEA,0.4253521126760563,0,2022-07-08,0.4637586158142982
2022-07-08_WSH@ATL,0.268041237113402,1,2022-07-08,0.41167356554892676
2022-07-08_HOU@OAK,0.3881656804733728,0,2022-07-08,0.43153550143725705
2022-07-08_DET@CWS,0.3881656804733728,1,2022-07-08,0.4348573641554966
2022-07-09_TOR@SEA,0.3466666666666667,0,2022-07-09,0.42216059307167797
2022-07-09_DET@CWS,0.4253521126760563,1,2022-07-09,0.46685241557518997
2022-07-09_MIN@TEX,0.4253521126760563,0,2022-07-09,0.44673970764963833
2022-07-09_NYY@BOS,0.4253521126760563,0,2022-07-09,0.46348372057219767
2022-07-09_PHI@STL,0.4253521126760563,0,2022-07-09,0.4534867531175536
2022-07-09_SF@SD,0.6211656441717791,0,2022-07-09,0.5288758123278048
2022-07-09_MIA@NYM,0.5511811023622046,0,2022-07-09,0.5223146089423962
2022-07-09_CHC@LAD,0.4253521126760563,0,2022-07-09,0.4533796156688873
2022-07-09_PIT@MIL,0.5511811023622046,0,2022-07-09,0.5138885380316474
2022-07-09_TB@CIN,0.45825049701789267,0,2022-07-09,0.478286081142713
2022-07-09_WSH@ATL,0.45825049701789267,1,2022-07-09,0.4688130217348745
2022-07-09_COL@AZ,0.45825049701789267,1,2022-07-09,0.48289959423644024
2022-07-09_LAA@BAL,0.4253521126760563,0,2022-07-09,0.4484537823588448
2022-07-09_HOU@OAK,0.49743589743589745,0,2022-07-09,0.49654406932672757
2022-07-09_CLE@KC,0.3881656804733728,1,2022-07-09,0.4313295975825858
2022-07-10_CLE@KC,0.4253521126760563,0,2022-07-10,0.46801551854311507
2022-07-10_PHI@STL,0.5331491712707183,1,2022-07-10,0.4982551047605692
2022-07-10_TOR@SEA,0.4253521126760563,1,2022-07-10,0.46343194739184723
2022-07-10_WSH@ATL,0.4822834645669291,0,2022-07-10,0.4850793196589084
2022-07-10_MIN@TEX,0.6827586206896552,1,2022-07-10,0.5821746427214243
2022-07-10_HOU@OAK,0.5369261477045908,1,2022-07-10,0.5098487424647092
2022-07-10_LAA@BAL,0.4253521126760563,0,2022-07-10,0.45851484253359776
2022-07-10_TB@CIN,0.4253521126760563,0,2022-07-10,0.4613637592188421
2022-07-10_PIT@MIL,0.45825049701789267,0,2022-07-10,0.4825742113506889
2022-07-10_MIA@NYM,0.3881656804733728,0,2022-07-10,0.4333279105303439
2022-07-10_SF@SD,0.5511811023622046,0,2022-07-10,0.5263202845640127
2022-07-10_COL@AZ,0.4822834645669291,1,2022-07-10,0.4862457760515707
2022-07-10_DET@CWS,0.6827586206896552,1,2022-07-10,0.5696654044789384
2022-07-10_CHC@LAD,0.5511811023622046,1,2022-07-10,0.5111750993061808
2022-07-10_NYY@BOS,0.265993265993266,1,2022-07-10,0.4048406964318745
2022-07-11_PHI@STL,0.45825049701789267,1,2022-07-11,0.4794627711220657
2022-07-11_CWS@CLE,0.4253521126760563,1,2022-07-11,0.4523498098355645
2022-07-11_NYM@ATL,0.265993265993266,0,2022-07-11,0.3979794631415804
2022-07-11_BOS@TB,0.268041237113402,1,2022-07-11,0.41132269286253953
2022-07-11_DET@KC,0.5511811023622046,1,2022-07-11,0.5172217065174438
2022-07-11_DET@KC,0.5511811023622046,0,2022-07-11,0.5199338720800055
2022-07-11_PIT@MIA,0.4253521126760563,1,2022-07-11,0.4444048981763632
2022-07-11_AZ@SF,0.4253521126760563,0,2022-07-11,0.4551431985512391
2022-07-11_OAK@TEX,0.4253521126760563,0,2022-07-11,0.44799375861248547
2022-07-11_SD@COL,0.5511811023622046,1,2022-07-11,0.515980662476365
2022-07-12_BAL@CHC,0.6827586206896552,1,2022-07-12,0.5786364989385546
2022-07-12_OAK@TEX,0.6211656441717791,1,2022-07-12,0.5379503066599303
2022-07-12_LAD@STL,0.4822834645669291,0,2022-07-12,0.48560828221624885
2022-07-12_CIN@NYY,0.49743589743589745,1,2022-07-12,0.4960166562771765
2022-07-12_BOS@TB,0.45825049701789267,0,2022-07-12,0.47464122468897196
2022-07-12_AZ@SF,0.3881656804733728,1,2022-07-12,0.44007976210945143
2022-07-12_CWS@CLE,0.3881656804733728,1,2022-07-12,0.42993036353239567
2022-07-12_DET@KC,0.6211656441717791,1,2022-07-12,0.5420587351000148
2022-07-12_MIL@MIN,0.6211656441717791,1,2022-07-12,0.5299899089275897
2022-07-12_CWS@CLE,0.3881656804733728,0,2022-07-12,0.43365938412287786
2022-07-12_NYM@ATL,0.4822834645669291,0,2022-07-12,0.4929223499695431
2022-07-12_SD@COL,0.6827586206896552,0,2022-07-12,0.5674384985633182
2022-07-12_HOU@LAA,0.6827586206896552,1,2022-07-12,0.5771497491023364
2022-07-12_PHI@TOR,0.4253521126760563,1,2022-07-12,0.4439809139975732
2022-07-12_PIT@MIA,0.4253521126760563,0,2022-07-12,0.4609642118337476
2022-07-13_NYM@ATL,0.29896907216494845,0,2022-07-13,0.41483775852752514
2022-07-13_OAK@TEX,0.4253521126760563,1,2022-07-13,0.4572289691639039
2022-07-13_CIN@NYY,0.3881656804733728,1,2022-07-13,0.42729299075528393
2022-07-13_AZ@SF,0.4253521126760563,0,2022-07-13,0.4617347395664452
2022-07-13_SEA@WSH,0.3881656804733728,1,2022-07-13,0.4358504514711785
2022-07-13_DET@KC,0.6553191489361702,1,2022-07-13,0.5547590614625291
2022-07-13_LAD@STL,0.6211656441717791,0,2022-07-13,0.5317398696528475
2022-07-13_BOS@TB,0.3881656804733728,0,2022-07-13,0.4238888648103831
2022-07-13_HOU@LAA,0.4253521126760563,0,2022-07-13,0.4477754341912976
2022-07-13_MIL@MIN,0.5331491712707183,0,2022-07-13,0.49783524020973324
2022-07-13_BAL@CHC,0.6211656441717791,1,2022-07-13,0.5402904145021665
2022-07-13_SD@COL,0.4253521126760563,1,2022-07-13,0.4450365371478172
2022-07-13_PHI@TOR,0.265993265993266,0,2022-07-13,0.4036751679096763
2022-07-13_PIT@MIA,0.45825049701789267,0,2022-07-13,0.47792711350911143
2022-07-13_SEA@WSH,0.45825049701789267,0,2022-07-13,0.4774548302813185
2022-07-13_CWS@CLE,0.45825049701789267,0,2022-07-13,0.48349848376754345
2022-07-14_DET@CLE,0.45825049701789267,0,2022-07-14,0.474488214502752
2022-07-14_ATL@WSH,0.4822834645669291,1,2022-07-14,0.4891179710555871
2022-07-14_HOU@LAA,0.4253521126760563,1,2022-07-14,0.45515175163067245
2022-07-14_PIT@MIA,0.3881656804733728,0,2022-07-14,0.4299681309370811
2022-07-14_KC@TOR,0.45825049701789267,0,2022-07-14,0.4831088529031342
2022-07-14_MIL@SF,0.45825049701789267,0,2022-07-14,0.4817081086510494
2022-07-14_NYM@CHC,0.5511811023622046,1,2022-07-14,0.5151914710984704
2022-07-14_CWS@MIN,0.4253521126760563,1,2022-07-14,0.45535637875229606
2022-07-14_SEA@TEX,0.7407407407407407,1,2022-07-14,0.6526900339951045
2022-07-14_BOS@TB,0.4253521126760563,0,2022-07-14,0.4671593987886363
2022-07-14_LAD@STL,0.4253521126760563,0,2022-07-14,0.4463962588102045
2022-07-14_SD@COL,0.3881656804733728,0,2022-07-14,0.44008452961598077
2022-07-14_CIN@NYY,0.6827586206896552,0,2022-07-14,0.5825718234648521
2022-07-15_BOS@NYY,0.4253521126760563,1,2022-07-15,0.458079743766976
2022-07-15_CWS@MIN,0.5369261477045908,1,2022-07-15,0.5051165298370934
2022-07-15_CIN@STL,0.5331491712707183,1,2022-07-15,0.49734553391785596
2022-07-15_PIT@COL,0.49743589743589745,1,2022-07-15,0.49444625086841953
2022-07-15_OAK@HOU,0.5511811023622046,0,2022-07-15,0.51493234582572
2022-07-15_SEA@TEX,0.3881656804733728,0,2022-07-15,0.43523843834627085
2022-07-15_LAD@LAA,0.5511811023622046,1,2022-07-15,0.5141940870920743
2022-07-15_ATL@WSH,0.5331491712707183,1,2022-07-15,0.5004401358494055
2022-07-15_BAL@TB,0.3881656804733728,0,2022-07-15,0.4344510066718721
2022-07-15_KC@TOR,0.3881656804733728,0,2022-07-15,0.4330705488810478
2022-07-15_MIL@SF,0.6553191489361702,0,2022-07-15,0.5589605856955773
2022-07-15_PHI@MIA,0.30434782608695654,0,2022-07-15,0.4196792431356122
2022-07-15_AZ@SD,0.4253521126760563,1,2022-07-15,0.4441370256965882
2022-07-15_DET@CLE,0.4253521126760563,1,2022-07-15,0.4480737823105362
2022-07-16_KC@TOR,0.5511811023622046,0,2022-07-16,0.5153886979416542
2022-07-16_AZ@SD,0.4253521126760563,0,2022-07-16,0.4566193540949972
2022-07-16_OAK@HOU,0.4253521126760563,0,2022-07-16,0.45621910947725286
2022-07-16_PIT@COL,0.4253521126760563,0,2022-07-16,0.4627218903498579
2022-07-16_CIN@STL,0.6553191489361702,1,2022-07-16,0.5610043757822228
2022-07-16_NYM@CHC,0.5511811023622046,0,2022-07-16,0.524793622829594
2022-07-16_PHI@MIA,0.4253521126760563,0,2022-07-16,0.4577322393261203
2022-07-16_CWS@MIN,0.5511811023622046,1,2022-07-16,0.5116274616244997
2022-07-16_BOS@NYY,0.6211656441717791,1,2022-07-16,0.5381385253846044
2022-07-16_MIL@SF,0.4822834645669291,0,2022-07-16,0.49256911962330685
2022-07-16_SEA@TEX,0.6211656441717791,0,2022-07-16,0.5404120602865286
2022-07-16_DET@CLE,0.4253521126760563,1,2022-07-16,0.44780531708596805
2022-07-16_ATL@WSH,0.30434782608695654,0,2022-07-16,0.4192420771701827
2022-07-16_NYM@CHC,0.6211656441717791,0,2022-07-16,0.5302010920662474
2022-07-16_LAD@LAA,0.4822834645669291,1,2022-07-16,0.48621554332207273
2022-07-16_BAL@TB,0.5331491712707183,1,2022-07-16,0.5003274044025463
2022-07-17_OAK@HOU,0.3466666666666667,1,2022-07-17,0.4218785220539828
2022-07-17_MIL@SF,0.6827586206896552,1,2022-07-17,0.584232040506278
2022-07-17_ATL@WSH,0.45825049701789267,0,2022-07-17,0.47961217005943657
2022-07-17_BAL@TB,0.7407407407407407,1,2022-07-17,0.6391105174966755
2022-07-17_CWS@MIN,0.3881656804733728,0,2022-07-17,0.4288007109336216
2022-07-17_NYM@CHC,0.6211656441717791,1,2022-07-17,0.5287231794019347
2022-07-17_PIT@COL,0.4253521126760563,1,2022-07-17,0.4560693473050569
2022-07-17_SEA@TEX,0.45825049701789267,0,2022-07-17,0.4738106606838355
2022-07-17_PHI@MIA,0.34210526315789475,0,2022-07-17,0.4209507151581545
2022-07-17_AZ@SD,0.3466666666666667,0,2022-07-17,0.42196678353474226
2022-07-17_BOS@NYY,0.45825049701789267,1,2022-07-17,0.4738968794857714
2022-07-17_KC@TOR,0.6553191489361702,1,2022-07-17,0.5632493390345488
2022-07-21_NYY@HOU,0.45825049701789267,1,2022-07-21,0.4756415699329757
2022-07-21_TEX@MIA,0.4253521126760563,0,2022-07-21,0.45972174257863796
2022-07-21_NYY@HOU,0.7157894736842105,1,2022-07-21,0.6102549244456481
2022-07-21_SF@LAD,0.4253521126760563,1,2022-07-21,0.46435278270819913
2022-07-21_DET@OAK,0.4253521126760563,0,2022-07-21,0.4471684371252469
2022-07-21_DET@OAK,0.265993265993266,0,2022-07-21,0.3946054019136155
2022-07-22_MIA@PIT,0.45825049701789267,0,2022-07-22,0.46946885629242674
2022-07-22_LAA@ATL,0.29896907216494845,0,2022-07-22,0.41577334348441375
2022-07-22_COL@MIL,0.4822834645669291,0,2022-07-22,0.4903931277283077
2022-07-22_NYY@BAL,0.3881656804733728,0,2022-07-22,0.4327927093333631
2022-07-22_SD@NYM,0.5369261477045908,0,2022-07-22,0.5085573514118984
2022-07-22_STL@CIN,0.6827586206896552,0,2022-07-22,0.56976581168655
2022-07-22_TB@KC,0.7407407407407407,0,2022-07-22,0.6348995028074573
2022-07-22_TOR@BOS,0.5511811023622046,1,2022-07-22,0.5262674130923174
2022-07-22_TEX@OAK,0.7157894736842105,0,2022-07-22,0.6072793054282473
2022-07-22_CLE@CWS,0.6211656441717791,1,2022-07-22,0.5498618819979688
2022-07-22_HOU@SEA,0.4253521126760563,1,2022-07-22,0.4437293475088241
2022-07-22_SF@LAD,0.45825049701789267,1,2022-07-22,0.4703901071644462
2022-07-22_WSH@AZ,0.265993265993266,0,2022-07-22,0.405052914195387
2022-07-22_CHC@PHI,0.5511811023622046,1,2022-07-22,0.5145993061888032
2022-07-23_CLE@CWS,0.45825049701789267,0,2022-07-23,0.4743150022286172
2022-07-23_TEX@OAK,0.4253521126760563,0,2022-07-23,0.45423349252526213
2022-07-23_SD@NYM,0.3881656804733728,0,2022-07-23,0.42368544395412977
2022-07-23_CLE@CWS,0.4253521126760563,0,2022-07-23,0.45070997132186064
2022-07-23_HOU@SEA,0.3881656804733728,0,2022-07-23,0.4363535788479592
2022-07-23_NYY@BAL,0.4253521126760563,1,2022-07-23,0.4466313568119562
2022-07-23_STL@CIN,0.4253521126760563,0,2022-07-23,0.4538344810757369
2022-07-23_MIN@DET,0.45825049701789267,1,2022-07-23,0.4748465817944125
2022-07-23_LAA@ATL,0.5331491712707183,1,2022-07-23,0.5021885097591186
2022-07-23_TB@KC,0.6553191489361702,0,2022-07-23,0.5643257359451874
2022-07-23_WSH@AZ,0.3881656804733728,1,2022-07-23,0.43189827099170486
2022-07-23_COL@MIL,0.6211656441717791,1,2022-07-23,0.531194302289983
2022-07-23_CHC@PHI,0.13043478260869565,0,2022-07-23,0.3742633571252957
2022-07-23_TOR@BOS,0.45825049701789267,0,2022-07-23,0.4791103425723766
2022-07-23_MIA@PIT,0.4822834645669291,0,2022-07-23,0.4922313670912616
2022-07-23_SF@LAD,0.6211656441717791,0,2022-07-23,0.5403040762954903
2022-07-24_SD@NYM,0.45825049701789267,0,2022-07-24,0.48093898680573477
2022-07-24_CHC@PHI,0.4253521126760563,0,2022-07-24,0.4535528558679349
2022-07-24_TEX@OAK,0.4253521126760563,1,2022-07-24,0.45271839810751624
2022-07-24_LAA@ATL,0.4253521126760563,1,2022-07-24,0.45352468195106843
2022-07-24_WSH@AZ,0.4253521126760563,1,2022-07-24,0.4451253585830105
2022-07-24_STL@CIN,0.268041237113402,0,2022-07-24,0.4107482278345216
2022-07-24_TB@KC,0.7157894736842105,1,2022-07-24,0.602881219553713
2022-07-24_COL@MIL,0.6553191489361702,1,2022-07-24,0.5554360938018599
2022-07-24_TOR@BOS,0.5369261477045908,1,2022-07-24,0.5078366907287125
2022-07-24_CLE@CWS,0.4253521126760563,0,2022-07-24,0.44762692242560653
2022-07-24_SF@LAD,0.5511811023622046,1,2022-07-24,0.5111246747015484
2022-07-24_MIN@DET,0.4253521126760563,1,2022-07-24,0.46743527985792455
2022-07-24_HOU@SEA,0.4253521126760563,1,2022-07-24,0.4517032718510653
2022-07-24_MIA@PIT,0.268041237113402,0,2022-07-24,0.40776742156965096
2022-07-24_NYY@BAL,0.268041237113402,0,2022-07-24,0.4137805902813687
2022-07-25_TB@BAL,0.4822834645669291,0,2022-07-25,0.4874378049763708
2022-07-25_PIT@CHC,0.3881656804733728,0,2022-07-25,0.42860388053620513
2022-07-25_WSH@LAD,0.3881656804733728,0,2022-07-25,0.4310525476431507
2022-07-25_HOU@OAK,0.3881656804733728,1,2022-07-25,0.440398721019429
2022-07-25_LAA@KC,0.5511811023622046,0,2022-07-25,0.5204244721082336
2022-07-25_ATL@PHI,0.265993265993266,0,2022-07-25,0.4065056699976838
2022-07-25_MIA@CIN,0.45825049701789267,1,2022-07-25,0.4700856867312059
2022-07-25_COL@MIL,0.1888111888111888,0,2022-07-25,0.3886470148921788
2022-07-25_SF@AZ,0.1888111888111888,0,2022-07-25,0.39121543027290917
2022-07-25_SD@DET,0.5369261477045908,0,2022-07-25,0.5028544738104841
2022-07-25_TEX@SEA,0.4253521126760563,0,2022-07-25,0.4583021448081934
2022-07-25_CLE@BOS,0.4822834645669291,0,2022-07-25,0.488663474383483
2022-07-26_TB@BAL,0.6211656441717791,1,2022-07-26,0.529366326594803
2022-07-26_SD@DET,0.4253521126760563,0,2022-07-26,0.46534366201049937
2022-07-26_WSH@LAD,0.4253521126760563,1,2022-07-26,0.45499574705132484
2022-07-26_STL@TOR,0.5511811023622046,1,2022-07-26,0.5138794387569703
2022-07-26_TEX@SEA,0.6553191489361702,1,2022-07-26,0.561149067824578
2022-07-26_LAA@KC,0.5511811023622046,0,2022-07-26,0.520665251653939
2022-07-26_PIT@CHC,0.45825049701789267,1,2022-07-26,0.4714988546984282
2022-07-26_MIA@CIN,0.4253521126760563,0,2022-07-26,0.460065123062234
2022-07-26_NYY@NYM,0.7407407407407407,1,2022-07-26,0.6433548399217124
2022-07-26_CLE@BOS,0.4822834645669291,1,2022-07-26,0.4884919240927049
2022-07-26_SF@AZ,0.45825049701789267,0,2022-07-26,0.48198963997282485
2022-07-26_MIN@MIL,0.45825049701789267,1,2022-07-26,0.47004371340678797
2022-07-26_HOU@OAK,0.4253521126760563,0,2022-07-26,0.4620434403439375
2022-07-26_ATL@PHI,0.3466666666666667,1,2022-07-26,0.4217825094920742
2022-07-26_CWS@COL,0.4253521126760563,0,2022-07-26,0.44992016331451856
2022-07-27_CLE@BOS,0.4253521126760563,0,2022-07-27,0.46429483467036226
2022-07-27_ATL@PHI,0.6211656441717791,0,2022-07-27,0.5532770222844581
2022-07-27_WSH@LAD,0.6211656441717791,1,2022-07-27,0.5319391915850253
2022-07-27_STL@TOR,0.45825049701789267,0,2022-07-27,0.47386831934720186
2022-07-27_MIA@CIN,0.4253521126760563,1,2022-07-27,0.44715458838257727
2022-07-27_TB@BAL,0.6211656441717791,1,2022-07-27,0.5335975488101367
2022-07-27_LAA@KC,0.4822834645669291,0,2022-07-27,0.4889969213025117
2022-07-27_MIN@MIL,0.6553191489361702,1,2022-07-27,0.5618124612849567
2022-07-27_SD@DET,0.5331491712707183,1,2022-07-27,0.4990379787422665
2022-07-27_HOU@OAK,0.6827586206896552,0,2022-07-27,0.5840718131891337
2022-07-27_TEX@SEA,0.4822834645669291,0,2022-07-27,0.4926799705289314
2022-07-27_NYY@NYM,0.4253521126760563,0,2022-07-27,0.44649640943926827
2022-07-27_CWS@COL,0.4253521126760563,1,2022-07-27,0.442468245969422
2022-07-27_SF@AZ,0.3881656804733728,1,2022-07-27,0.4356016921936161
2022-07-28_SEA@HOU,0.49743589743589745,1,2022-07-28,0.49385614996462945
2022-07-28_CHC@SF,0.5511811023622046,0,2022-07-28,0.5250884620108671
2022-07-28_PHI@PIT,0.45825049701789267,1,2022-07-28,0.4830011271660998
2022-07-28_CLE@BOS,0.4253521126760563,0,2022-07-28,0.44350007367562594
2022-07-28_LAD@COL,0.45825049701789267,1,2022-07-28,0.4722009184313649
2022-07-28_KC@NYY,0.5511811023622046,0,2022-07-28,0.5146685097164696
2022-07-28_TEX@LAA,0.34210526315789475,0,2022-07-28,0.4209303516937176
2022-07-28_MIA@CIN,0.5331491712707183,1,2022-07-28,0.5024887828868491
2022-07-28_DET@TOR,0.4822834645669291,0,2022-07-28,0.49101315212674934
2022-07-28_TB@BAL,0.4253521126760563,0,2022-07-28,0.44268848148014384
2022-07-29_LAD@COL,0.6827586206896552,1,2022-07-29,0.5812535568942886
2022-07-29_MIL@BOS,0.6211656441717791,0,2022-07-29,0.5337419450929228
2022-07-29_NYM@MIA,0.4822834645669291,1,2022-07-29,0.486959982477585
2022-07-29_TEX@LAA,0.268041237113402,0,2022-07-29,0.41358662115956224
2022-07-29_OAK@CWS,0.6553191489361702,1,2022-07-29,0.5659528238585635
2022-07-29_PHI@PIT,0.45825049701789267,0,2022-07-29,0.46985658001464137
2022-07-29_MIN@SD,0.5369261477045908,1,2022-07-29,0.5052741382328632
2022-07-29_AZ@ATL,0.4253521126760563,1,2022-07-29,0.4508175231831095
2022-07-29_DET@TOR,0.4253521126760563,0,2022-07-29,0.46476713901035016
2022-07-29_CLE@TB,0.6553191489361702,1,2022-07-29,0.5610980467944147
2022-07-29_SEA@HOU,0.29896907216494845,0,2022-07-29,0.4166635423988806
2022-07-29_KC@NYY,0.5511811023622046,1,2022-07-29,0.5160616842681507
2022-07-29_BAL@CIN,0.45825049701789267,1,2022-07-29,0.4705705487830174
2022-07-29_STL@WSH,0.5511811023622046,0,2022-07-29,0.5151446618563873
2022-07-29_CHC@SF,0.268041237113402,0,2022-07-29,0.4090877303229785
2022-07-30_LAD@COL,0.3881656804733728,1,2022-07-30,0.4401576686913402
2022-07-30_PHI@PIT,0.3881656804733728,0,2022-07-30,0.42315064191042273
2022-07-30_BAL@CIN,0.6211656441717791,1,2022-07-30,0.528634927313456
2022-07-30_TEX@LAA,0.3881656804733728,0,2022-07-30,0.4314976622121883
2022-07-30_STL@WSH,0.3881656804733728,0,2022-07-30,0.4288243111172352
2022-07-30_AZ@ATL,0.45825049701789267,1,2022-07-30,0.4710820066320264
2022-07-30_CLE@TB,0.5331491712707183,1,2022-07-30,0.5000520701401558
2022-07-30_KC@NYY,0.7407407407407407,1,2022-07-30,0.6203836158089184
2022-07-30_MIN@SD,0.5511811023622046,0,2022-07-30,0.5105883423982507
2022-07-30_SEA@HOU,0.7157894736842105,1,2022-07-30,0.6069037038584236
2022-07-30_CHC@SF,0.4253521126760563,0,2022-07-30,0.4479623658137226
2022-07-30_MIL@BOS,0.49743589743589745,1,2022-07-30,0.4964961353677194
2022-07-30_DET@TOR,0.4253521126760563,1,2022-07-30,0.4655789954509224
2022-07-30_OAK@CWS,0.6553191489361702,1,2022-07-30,0.5588463240233505
2022-07-30_NYM@MIA,0.5511811023622046,0,2022-07-30,0.5126978271012314
2022-07-31_KC@NYY,0.265993265993266,0,2022-07-31,0.40537212776652365
2022-07-31_TEX@LAA,0.4253521126760563,1,2022-07-31,0.45138633603855216
2022-07-31_MIL@BOS,0.4822834645669291,0,2022-07-31,0.48540694083872893
2022-07-31_LAD@COL,0.3881656804733728,0,2022-07-31,0.43285732248589437
2022-07-31_DET@TOR,0.4253521126760563,0,2022-07-31,0.4612412865635296
2022-07-31_STL@WSH,0.45825049701789267,0,2022-07-31,0.4700891873475913
2022-07-31_CLE@TB,0.7407407407407407,0,2022-07-31,0.6629766366478589
2022-07-31_PHI@PIT,0.6211656441717791,1,2022-07-31,0.5396569194243276
2022-07-31_BAL@CIN,0.3881656804733728,0,2022-07-31,0.4256021023101251
2022-07-31_CHC@SF,0.4253521126760563,0,2022-07-31,0.4684303434045405
2022-07-31_AZ@ATL,0.13043478260869565,0,2022-07-31,0.37211885161034863
2022-07-31_MIN@SD,0.5369261477045908,0,2022-07-31,0.5051150004636952
2022-07-31_OAK@CWS,0.265993265993266,0,2022-07-31,0.40557555281558555
2022-07-31_SEA@HOU,0.268041237113402,1,2022-07-31,0.40873835191963015
2022-07-31_NYM@MIA,0.4253521126760563,1,2022-07-31,0.4429657549900926
2022-08-01_SEA@NYY,0.4253521126760563,1,2022-08-01,0.4639032967867669
2022-08-01_BOS@HOU,0.4253521126760563,0,2022-08-01,0.44119750086937415
2022-08-01_KC@CWS,0.45825049701789267,0,2022-08-01,0.4739527607593973
2022-08-01_AZ@CLE,0.3881656804733728,0,2022-08-01,0.4239691417831103
2022-08-01_COL@SD,0.4253521126760563,1,2022-08-01,0.46738177115537805
2022-08-01_BAL@TEX,0.45825049701789267,1,2022-08-01,0.47465904230554723
2022-08-01_NYM@WSH,0.265993265993266,1,2022-08-01,0.40002204985708356
2022-08-01_CIN@MIA,0.45825049701789267,0,2022-08-01,0.478743324651299
2022-08-01_DET@MIN,0.265993265993266,0,2022-08-01,0.3948753620369916
2022-08-01_LAD@SF,0.4253521126760563,1,2022-08-01,0.46649132144624117
2022-08-02_OAK@LAA,0.5511811023622046,1,2022-08-02,0.5275665057718049
2022-08-02_TOR@TB,0.7407407407407407,1,2022-08-02,0.6312587518121914
2022-08-02_BOS@HOU,0.3881656804733728,1,2022-08-02,0.42838144275106316
2022-08-02_CHC@STL,0.6211656441717791,0,2022-08-02,0.5451472783580584
2022-08-02_LAD@SF,0.5511811023622046,0,2022-08-02,0.5148264279536812
2022-08-02_BAL@TEX,0.3881656804733728,0,2022-08-02,0.4385980926720253
2022-08-02_COL@SD,0.632184840606792,1,2022-08-02,0.5536071286629589
2022-08-02_PHI@ATL,0.3881656804733728,0,2022-08-02,0.43663933572491376
2022-08-02_SEA@NYY,0.45825049701789267,1,2022-08-02,0.4800144829208647
2022-08-02_COL@SD,0.6553191489361702,0,2022-08-02,0.5642765605819275
2022-08-02_AZ@CLE,0.3881656804733728,1,2022-08-02,0.425367994412967
2022-08-02_CIN@MIA,0.5331491712707183,1,2022-08-02,0.4978907332283432
2022-08-02_DET@MIN,0.6827586206896552,0,2022-08-02,0.5818560973543335
2022-08-02_KC@CWS,0.5511811023622046,1,2022-08-02,0.5183352335438483
2022-08-02_MIL@PIT,0.6211656441717791,0,2022-08-02,0.5338610559694907
2022-08-02_NYM@WSH,0.5369261477045908,0,2022-08-02,0.5064229371863938
2022-08-03_KC@CWS,0.30434782608695654,1,2022-08-03,0.4189635412521714
2022-08-03_LAD@SF,0.5369261477045908,0,2022-08-03,0.5049409551557855
2022-08-03_PHI@ATL,0.3466666666666667,0,2022-08-03,0.4216399136176181
2022-08-03_BOS@HOU,0.6827586206896552,1,2022-08-03,0.5979560825309873
2022-08-03_COL@SD,0.30434782608695654,1,2022-08-03,0.41971239396868165
2022-08-03_AZ@CLE,0.4253521126760563,0,2022-08-03,0.4490622284510968
2022-08-03_TOR@TB,0.45825049701789267,1,2022-08-03,0.47270294180909034
2022-08-03_CIN@MIA,0.5369261477045908,0,2022-08-03,0.5061742201190813
2022-08-03_OAK@LAA,0.4822834645669291,0,2022-08-03,0.4851236621897749
2022-08-03_MIL@PIT,0.6553191489361702,1,2022-08-03,0.5616014877138011
2022-08-03_BAL@TEX,0.4253521126760563,1,2022-08-03,0.45080857058954826
2022-08-03_SEA@NYY,0.5369261477045908,1,2022-08-03,0.5029444416838442
2022-08-03_NYM@WSH,0.6553191489361702,0,2022-08-03,0.5621648930023639
2022-08-03_DET@MIN,0.4253521126760563,0,2022-08-03,0.4589885437723955
2022-08-04_WSH@PHI,0.3881656804733728,1,2022-08-04,0.42446023064676774
2022-08-04_CHC@STL,0.4822834645669291,1,2022-08-04,0.48978018256123146
2022-08-04_LAD@SF,0.4253521126760563,0,2022-08-04,0.4583085659075614
2022-08-04_CHC@STL,0.49743589743589745,1,2022-08-04,0.4950203838701498
2022-08-04_CWS@TEX,0.6211656441717791,0,2022-08-04,0.5360933999766688
2022-08-04_MIL@PIT,0.3881656804733728,0,2022-08-04,0.4360419084657987
2022-08-04_BOS@KC,0.6211656441717791,1,2022-08-04,0.5515666043356604
2022-08-04_OAK@LAA,0.5369261477045908,1,2022-08-04,0.5060635679509833
2022-08-04_TOR@MIN,0.3881656804733728,0,2022-08-04,0.43841696466943003
2022-08-04_HOU@CLE,0.3881656804733728,0,2022-08-04,0.43940144916287693
2022-08-04_ATL@NYM,0.45825049701789267,1,2022-08-04,0.4783619461146943
2022-08-04_TB@DET,0.5369261477045908,0,2022-08-04,0.5070230407688014
2022-08-04_COL@SD,0.49743589743589745,0,2022-08-04,0.4936036405711256
2022-08-05_CIN@MIL,0.45825049701789267,1,2022-08-05,0.4841636495444388
2022-08-05_COL@AZ,0.3881656804733728,1,2022-08-05,0.43275575312348824
2022-08-05_NYY@STL,0.3466666666666667,1,2022-08-05,0.4220224882553655
2022-08-05_BOS@KC,0.4253521126760563,0,2022-08-05,0.46023368485567284
2022-08-05_TB@DET,0.4253521126760563,1,2022-08-05,0.4542530575090461
2022-08-05_CWS@TEX,0.4253521126760563,1,2022-08-05,0.4456406164163531
2022-08-05_LAA@SEA,0.7407407407407407,1,2022-08-05,0.6386443431940236
2022-08-05_HOU@CLE,0.4822834645669291,1,2022-08-05,0.488624899444731
2022-08-05_ATL@NYM,0.5511811023622046,1,2022-08-05,0.5162201130207786
2022-08-05_SD@LAD,0.5511811023622046,1,2022-08-05,0.5124855211281645
2022-08-05_WSH@PHI,0.4253521126760563,1,2022-08-05,0.46063325089320417
2022-08-05_PIT@BAL,0.4253521126760563,0,2022-08-05,0.4423617938878206
2022-08-05_MIA@CHC,0.5369261477045908,0,2022-08-05,0.5078819543021289
2022-08-05_TOR@MIN,0.29896907216494845,0,2022-08-05,0.415488673825399
2022-08-06_CIN@MIL,0.4822834645669291,0,2022-08-06,0.4896715292003677
2022-08-06_BOS@KC,0.45825049701789267,1,2022-08-06,0.47523312096911463
2022-08-06_COL@AZ,0.265993265993266,1,2022-08-06,0.4003838542846794
2022-08-06_ATL@NYM,0.4253521126760563,0,2022-08-06,0.4498839804054767
2022-08-06_SD@LAD,0.3881656804733728,0,2022-08-06,0.4383696762311049
2022-08-06_NYY@STL,0.7407407407407407,1,2022-08-06,0.6632821606068873
2022-08-06_CWS@TEX,0.4253521126760563,0,2022-08-06,0.4581703222635156
2022-08-06_TB@DET,0.4253521126760563,0,2022-08-06,0.44480394357581177
2022-08-06_LAA@SEA,0.45825049701789267,0,2022-08-06,0.4827258169215285
2022-08-06_LAA@SEA,0.4822834645669291,0,2022-08-06,0.4894965248072364
2022-08-06_MIA@CHC,0.6827586206896552,0,2022-08-06,0.5917507520895611
2022-08-06_PIT@BAL,0.4253521126760563,1,2022-08-06,0.46110424249593507
2022-08-06_HOU@CLE,0.4253521126760563,1,2022-08-06,0.4579807930434435
2022-08-06_TOR@MIN,0.49743589743589745,0,2022-08-06,0.49619529707982746
2022-08-06_WSH@PHI,0.3881656804733728,1,2022-08-06,0.440403361681619
2022-08-06_SF@OAK,0.4253521126760563,1,2022-08-06,0.4632651436081707
2022-08-06_ATL@NYM,0.4253521126760563,1,2022-08-06,0.46598584373522456
2022-08-07_HOU@CLE,0.4253521126760563,0,2022-08-07,0.44653905587450615
2022-08-07_CIN@MIL,0.45825049701789267,0,2022-08-07,0.47452714100371407
2022-08-07_CWS@TEX,0.45825049701789267,0,2022-08-07,0.4774592285527067
2022-08-07_TB@DET,0.6553191489361702,0,2022-08-07,0.5607072407854794
2022-08-07_WSH@PHI,0.3881656804733728,0,2022-08-07,0.4315850684919097
2022-08-07_NYY@STL,0.6553191489361702,1,2022-08-07,0.5569652771897025
2022-08-07_TOR@MIN,0.4253521126760563,0,2022-08-07,0.4618724502419186
2022-08-07_COL@AZ,0.45825049701789267,1,2022-08-07,0.4692918998727895
2022-08-07_ATL@NYM,0.4253521126760563,0,2022-08-07,0.4604082397375786
2022-08-07_SF@OAK,0.5511811023622046,0,2022-08-07,0.5213392372117187
2022-08-07_PIT@BAL,0.30434782608695654,0,2022-08-07,0.4181034036651534
2022-08-07_LAA@SEA,0.265993265993266,1,2022-08-07,0.39292083021850965
2022-08-07_MIA@CHC,0.4822834645669291,0,2022-08-07,0.4872003482491244
2022-08-07_SD@LAD,0.3881656804733728,0,2022-08-07,0.42773183622971467
2022-08-07_BOS@KC,0.3881656804733728,0,2022-08-07,0.42765486651764073
2022-08-08_PIT@AZ,0.265993265993266,0,2022-08-08,0.40347720087895045
2022-08-08_NYY@SEA,0.5511811023622046,1,2022-08-08,0.5135686725146658
2022-08-08_CIN@NYM,0.5511811023622046,1,2022-08-08,0.5133884248949874
2022-08-08_WSH@CHC,0.4253521126760563,0,2022-08-08,0.4624625745353579
2022-08-08_LAA@OAK,0.6211656441717791,1,2022-08-08,0.5324786652726436
2022-08-08_TOR@BAL,0.4253521126760563,1,2022-08-08,0.4518810906274604
2022-08-08_SF@SD,0.45825049701789267,0,2022-08-08,0.48297924502558776
2022-08-09_CIN@NYM,0.3881656804733728,0,2022-08-09,0.42974805176474984
2022-08-09_TOR@BAL,0.268041237113402,1,2022-08-09,0.40901104196713534
2022-08-09_STL@COL,0.49743589743589745,1,2022-08-09,0.49525776880589545
2022-08-09_MIA@PHI,0.4253521126760563,1,2022-08-09,0.44795166166543054
2022-08-09_CWS@KC,0.5369261477045908,0,2022-08-09,0.50954445635875
2022-08-09_TEX@HOU,0.3881656804733728,1,2022-08-09,0.44008011180242146
2022-08-09_TB@MIL,0.5511811023622046,1,2022-08-09,0.5226363713394897
2022-08-09_NYY@SEA,0.3881656804733728,0,2022-08-09,0.4301534943935885
2022-08-09_MIN@LAD,0.7407407407407407,1,2022-08-09,0.664761762406475
2022-08-09_CLE@DET,0.4253521126760563,0,2022-08-09,0.4422423309662934
2022-08-09_SF@SD,0.268041237113402,1,2022-08-09,0.41390533131640705
2022-08-09_WSH@CHC,0.45825049701789267,0,2022-08-09,0.47337275518292954
2022-08-09_CWS@KC,0.5331491712707183,0,2022-08-09,0.502025562301742
2022-08-09_ATL@BOS,0.6553191489361702,1,2022-08-09,0.5542291724428294
2022-08-09_LAA@OAK,0.4253521126760563,0,2022-08-09,0.44471493814189333
2022-08-09_PIT@AZ,0.45825049701789267,1,2022-08-09,0.46977412281232955
2022-08-10_ATL@BOS,0.6211656441717791,0,2022-08-10,0.5372571576945661
2022-08-10_TEX@HOU,0.30434782608695654,0,2022-08-10,0.4180822795536544
2022-08-10_SF@SD,0.4253521126760563,0,2022-08-10,0.46652865133734933
2022-08-10_NYY@SEA,0.3881656804733728,0,2022-08-10,0.4251395469922056
2022-08-10_TB@MIL,0.45825049701789267,1,2022-08-10,0.4740163590245918
2022-08-10_MIA@PHI,0.268041237113402,0,2022-08-10,0.4120306908398814
2022-08-10_LAA@OAK,0.49743589743589745,0,2022-08-10,0.49607591232618586
2022-08-10_STL@COL,0.4253521126760563,1,2022-08-10,0.4552940039461679
2022-08-10_PIT@AZ,0.265993265993266,0,2022-08-10,0.39916320974429076
2022-08-10_WSH@CHC,0.5511811023622046,0,2022-08-10,0.519865307311326
2022-08-10_CIN@NYM,0.45825049701789267,1,2022-08-10,0.4732725926278901
2022-08-10_CWS@KC,0.4822834645669291,0,2022-08-10,0.4920593766795205
2022-08-10_MIN@LAD,0.268041237113402,0,2022-08-10,0.4123066879434495
2022-08-10_CLE@DET,0.45825049701789267,1,2022-08-10,0.4749773641929118
2022-08-11_STL@COL,0.6827586206896552,0,2022-08-11,0.5995799846006332
2022-08-11_TEX@HOU,0.5331491712707183,0,2022-08-11,0.5008305190983615
2022-08-11_CLE@DET,0.49743589743589745,0,2022-08-11,0.4955640039888203
2022-08-11_PIT@AZ,0.4253521126760563,0,2022-08-11,0.44988767456026113
2022-08-11_CHC@CIN,0.4253521126760563,1,2022-08-11,0.4623860987512358
2022-08-11_MIA@PHI,0.7407407407407407,0,2022-08-11,0.6534348646862262
2022-08-11_BAL@BOS,0.6827586206896552,1,2022-08-11,0.5662695394367855
2022-08-11_CWS@KC,0.4253521126760563,0,2022-08-11,0.45108728562339606
2022-08-12_OAK@HOU,0.5369261477045908,0,2022-08-12,0.5050997165857504
2022-08-12_PIT@SF,0.5331491712707183,0,2022-08-12,0.4981966953736705
2022-08-12_SD@WSH,0.7407407407407407,0,2022-08-12,0.7015589465771264
2022-08-12_BAL@TB,0.4253521126760563,1,2022-08-12,0.44846743841785297
2022-08-12_MIN@LAA,0.49743589743589745,0,2022-08-12,0.4944494637731164
2022-08-12_LAD@KC,0.45825049701789267,0,2022-08-12,0.46904704976946543
2022-08-12_SEA@TEX,0.3881656804733728,0,2022-08-12,0.4353465311930116
2022-08-12_CLE@TOR,0.265993265993266,0,2022-08-12,0.3973213684250443
2022-08-12_ATL@MIA,0.6211656441717791,0,2022-08-12,0.5299778486800186
2022-08-12_MIL@STL,0.4253521126760563,1,2022-08-12,0.4616216272342212
2022-08-12_AZ@COL,0.125,0,2022-08-12,0.366596657623255
2022-08-12_NYY@BOS,0.6211656441717791,1,2022-08-12,0.5327800500508049
2022-08-12_PHI@NYM,0.4253521126760563,1,2022-08-12,0.4633846058399712
2022-08-12_DET@CWS,0.45825049701789267,0,2022-08-12,0.48200324206715994
2022-08-13_SEA@TEX,0.4253521126760563,1,2022-08-13,0.44177698664879506
2022-08-13_NYY@BOS,0.268041237113402,0,2022-08-13,0.4120092120732425
2022-08-13_MIN@LAA,0.3881656804733728,1,2022-08-13,0.4347384887819906
2022-08-13_ATL@MIA,0.4253521126760563,0,2022-08-13,0.4473005696041903
2022-08-13_SD@WSH,0.4253521126760563,0,2022-08-13,0.4528249400934381
2022-08-13_CLE@TOR,0.4253521126760563,1,2022-08-13,0.4514924955694244
2022-08-13_CHC@CIN,0.4253521126760563,1,2022-08-13,0.45467471121819225
2022-08-13_AZ@COL,0.6211656441717791,1,2022-08-13,0.5353541513301892
2022-08-13_PHI@NYM,0.5369261477045908,1,2022-08-13,0.5065579211839244
2022-08-13_OAK@HOU,0.7407407407407407,1,2022-08-13,0.6627425538552689
2022-08-13_DET@CWS,0.7407407407407407,1,2022-08-13,0.6878188174603456
2022-08-13_PIT@SF,0.4253521126760563,1,2022-08-13,0.4592119805452508
2022-08-13_ATL@MIA,0.6827586206896552,1,2022-08-13,0.5889682767587217
2022-08-13_MIL@STL,0.5511811023622046,0,2022-08-13,0.5170583806175333
2022-08-13_LAD@KC,0.4253521126760563,1,2022-08-13,0.46044471624533423
2022-08-13_BAL@TB,0.4253521126760563,1,2022-08-13,0.45162145308848367
2022-08-14_BAL@TB,0.268041237113402,0,2022-08-14,0.4077065132456106
2022-08-14_NYY@BOS,0.5331491712707183,1,2022-08-14,0.5011320573896527
2022-08-14_OAK@HOU,0.6827586206896552,1,2022-08-14,0.5832878696236171
2022-08-14_PHI@NYM,0.5369261477045908,1,2022-08-14,0.508312099667593
2022-08-14_SEA@TEX,0.4253521126760563,0,2022-08-14,0.45527186281049725
2022-08-14_MIN@LAA,0.4253521126760563,1,2022-08-14,0.4625229734680927
2022-08-14_DET@CWS,0.3881656804733728,0,2022-08-14,0.43214190925990514
2022-08-14_AZ@COL,0.5331491712707183,1,2022-08-14,0.502409939899973
2022-08-14_ATL@MIA,0.6211656441717791,0,2022-08-14,0.5435081535366975
2022-08-14_CHC@CIN,0.6211656441717791,0,2022-08-14,0.5377089466499719
2022-08-14_CLE@TOR,0.45825049701789267,1,2022-08-14,0.4761207679226035
2022-08-14_PIT@SF,0.6211656441717791,0,2022-08-14,0.5346882848642984
2022-08-14_SD@WSH,0.45825049701789267,0,2022-08-14,0.47890462166353476
2022-08-14_LAD@KC,0.5511811023622046,1,2022-08-14,0.5229782796513482
2022-08-14_MIL@STL,0.5331491712707183,0,2022-08-14,0.5011652364450092
2022-08-15_NYM@ATL,0.4253521126760563,0,2022-08-15,0.46610607220113265
2022-08-15_SEA@LAA,0.7407407407407407,1,2022-08-15,0.6540964527282154
2022-08-15_LAD@MIL,0.6211656441717791,1,2022-08-15,0.5521753662847684
2022-08-15_KC@MIN,0.5369261477045908,1,2022-08-15,0.5096336219555028
2022-08-15_TB@NYY,0.265993265993266,0,2022-08-15,0.398590512690851
2022-08-15_PHI@CIN,0.6827586206896552,0,2022-08-15,0.5675456114809033
2022-08-15_OAK@TEX,0.4253521126760563,0,2022-08-15,0.46705482482940475
2022-08-15_HOU@CWS,0.45825049701789267,1,2022-08-15,0.4805888375734434
2022-08-15_DET@CLE,0.45825049701789267,0,2022-08-15,0.4797738887226237
2022-08-15_SD@MIA,0.4253521126760563,0,2022-08-15,0.4411635573738891
2022-08-15_CHC@WSH,0.6827586206896552,1,2022-08-15,0.5791865805742298
2022-08-15_BAL@TOR,0.45825049701789267,1,2022-08-15,0.4722783581711435
2022-08-15_DET@CLE,0.5331491712707183,1,2022-08-15,0.5018306728415689
2022-08-15_AZ@SF,0.3881656804733728,0,2022-08-15,0.42806843755807944
2022-08-16_LAD@MIL,0.9090909090909091,1,2022-08-16,0.7398446440876838
2022-08-16_OAK@TEX,0.4822834645669291,1,2022-08-16,0.4848980967697549
2022-08-16_KC@MIN,0.6211656441717791,0,2022-08-16,0.5344072352889058
2022-08-16_DET@CLE,0.6211656441717791,1,2022-08-16,0.5365368552136498
2022-08-16_BAL@TOR,0.4253521126760563,1,2022-08-16,0.4431423006680023
2022-08-16_NYM@ATL,0.4253521126760563,0,2022-08-16,0.4469553949529991
2022-08-16_TB@NYY,0.3881656804733728,1,2022-08-16,0.43460272480242723
2022-08-16_HOU@CWS,0.3881656804733728,0,2022-08-16,0.4396307221888278
2022-08-16_COL@STL,0.3881656804733728,0,2022-08-16,0.43805221155184315
2022-08-16_PHI@CIN,0.4253521126760563,0,2022-08-16,0.44567279271748783
2022-08-16_BOS@PIT,0.6211656441717791,1,2022-08-16,0.5383993104288893
2022-08-16_SEA@LAA,0.30434782608695654,1,2022-08-16,0.41727110877909734
2022-08-16_AZ@SF,0.4822834645669291,0,2022-08-16,0.4891459534462539
2022-08-16_CHC@WSH,0.45825049701789267,0,2022-08-16,0.470350128475026
2022-08-16_SD@MIA,0.265993265993266,0,2022-08-16,0.40497336627205793
2022-08-17_DET@CLE,0.4253521126760563,0,2022-08-17,0.4654978438395275
2022-08-17_LAD@MIL,0.4253521126760563,0,2022-08-17,0.45469246495898286
2022-08-17_TB@NYY,0.6211656441717791,0,2022-08-17,0.5288501964119037
2022-08-17_COL@STL,0.4253521126760563,1,2022-08-17,0.4494828863271312
2022-08-17_BAL@TOR,0.4253521126760563,0,2022-08-17,0.46575317242817105
2022-08-17_OAK@TEX,0.5511811023622046,1,2022-08-17,0.5218309301970107
2022-08-17_SEA@LAA,0.5511811023622046,0,2022-08-17,0.5174751642773467
2022-08-17_NYM@ATL,0.3881656804733728,1,2022-08-17,0.43764163949700086
2022-08-17_SD@MIA,0.7727272727272727,1,2022-08-17,0.7103538492480905
2022-08-17_HOU@CWS,0.4822834645669291,1,2022-08-17,0.4873256954848776
2022-08-17_BOS@PIT,0.6827586206896552,1,2022-08-17,0.578082430658303
2022-08-17_KC@MIN,0.5369261477045908,1,2022-08-17,0.5061303038746778
2022-08-17_CHC@WSH,0.5331491712707183,0,2022-08-17,0.4973228498593011
2022-08-17_AZ@SF,0.4253521126760563,0,2022-08-17,0.466068131137361
2022-08-17_PHI@CIN,0.45825049701789267,0,2022-08-17,0.4726825555304984
2022-08-18_COL@STL,0.4822834645669291,1,2022-08-18,0.4924396220077296
2022-08-18_BOS@PIT,0.1888111888111888,1,2022-08-18,0.39125250603981176
2022-08-18_CHC@BAL,0.4253521126760563,0,2022-08-18,0.44246809160095646
2022-08-18_HOU@CWS,0.4253521126760563,0,2022-08-18,0.4633692353289278
2022-08-18_KC@TB,0.6553191489361702,1,2022-08-18,0.5597180727585759
2022-08-18_OAK@TEX,0.4253521126760563,0,2022-08-18,0.45585364782461923
2022-08-18_NYM@ATL,0.268041237113402,0,2022-08-18,0.4072726432243987
2022-08-18_WSH@SD,0.45825049701789267,0,2022-08-18,0.4718932750120902
2022-08-18_AZ@SF,0.45825049701789267,0,2022-08-18,0.4794103260499084
2022-08-18_TOR@NYY,0.4822834645669291,0,2022-08-18,0.4891005405900313
2022-08-18_LAD@MIL,0.4253521126760563,1,2022-08-18,0.45676145232526233
2022-08-19_SF@COL,0.30434782608695654,0,2022-08-19,0.41928334771261433
2022-08-19_BOS@BAL,0.5511811023622046,0,2022-08-19,0.5256970954660267
2022-08-19_CIN@PIT,0.45825049701789267,0,2022-08-19,0.47142322574483764
2022-08-19_WSH@SD,0.45825049701789267,0,2022-08-19,0.47464812006876433
2022-08-19_MIL@CHC,0.7407407407407407,1,2022-08-19,0.6225164237590012
2022-08-19_TOR@NYY,0.5511811023622046,0,2022-08-19,0.5209386884903764
2022-08-19_KC@TB,0.4253521126760563,0,2022-08-19,0.44753545317488486
2022-08-19_MIA@LAD,0.3881656804733728,0,2022-08-19,0.4241238796065159
2022-08-19_NYM@PHI,0.4253521126760563,1,2022-08-19,0.4641463475251175
2022-08-19_SEA@OAK,0.6553191489361702,1,2022-08-19,0.5567759072460756
2022-08-19_LAA@DET,0.3881656804733728,0,2022-08-19,0.4369933267304372
2022-08-19_CWS@CLE,0.3881656804733728,1,2022-08-19,0.4327757446945584
2022-08-19_STL@AZ,0.4822834645669291,1,2022-08-19,0.4882443842218376
2022-08-19_HOU@ATL,0.4253521126760563,0,2022-08-19,0.4559317795208029
2022-08-19_TEX@MIN,0.45825049701789267,1,2022-08-19,0.4829996284518979
2022-08-20_KC@TB,0.45825049701789267,0,2022-08-20,0.48002625214332084
2022-08-20_SEA@OAK,0.4253521126760563,1,2022-08-20,0.4536908891286342
2022-08-20_CIN@PIT,0.6827586206896552,0,2022-08-20,0.5847693211871832
2022-08-20_WSH@SD,0.4822834645669291,0,2022-08-20,0.48827521109311334
2022-08-20_SF@COL,0.4253521126760563,0,2022-08-20,0.4444374191871081
2022-08-20_NYM@PHI,0.7407407407407407,0,2022-08-20,0.6554962792718702
2022-08-20_HOU@ATL,0.3881656804733728,0,2022-08-20,0.43065417946938356
2022-08-20_TOR@NYY,0.6211656441717791,0,2022-08-20,0.5331328669995818
2022-08-20_STL@AZ,0.5511811023622046,1,2022-08-20,0.5181259041145081
2022-08-20_CWS@CLE,0.4253521126760563,0,2022-08-20,0.45137268460035096
2022-08-20_LAA@DET,0.4253521126760563,1,2022-08-20,0.44499853448328563
2022-08-20_BOS@BAL,0.45825049701789267,0,2022-08-20,0.4735997620186052
2022-08-20_NYM@PHI,0.4253521126760563,1,2022-08-20,0.4463889363975624
2022-08-20_TEX@MIN,0.5511811023622046,1,2022-08-20,0.5148710095372577
2022-08-20_MIA@LAD,0.5369261477045908,1,2022-08-20,0.5045095955329679
2022-08-20_MIL@CHC,0.45825049701789267,1,2022-08-20,0.483549487639494
2022-08-21_NYM@PHI,0.5511811023622046,1,2022-08-21,0.513019097065438
2022-08-21_SF@COL,0.4822834645669291,0,2022-08-21,0.48754198507385427
2022-08-21_MIA@LAD,0.7407407407407407,1,2022-08-21,0.6860295285972855
2022-08-21_WSH@SD,0.265993265993266,0,2022-08-21,0.4063838829048596
2022-08-21_MIL@CHC,0.3881656804733728,1,2022-08-21,0.43923827767389245
2022-08-21_SEA@OAK,0.4253521126760563,1,2022-08-21,0.44831969962842755
2022-08-21_STL@AZ,0.6211656441717791,1,2022-08-21,0.5367248803455538
2022-08-21_TOR@NYY,0.7407407407407407,1,2022-08-21,0.6864691948753933
2022-08-21_CIN@PIT,0.6827586206896552,1,2022-08-21,0.5808980081029964
2022-08-21_BOS@BAL,0.5331491712707183,1,2022-08-21,0.49887769039149854
2022-08-21_LAA@DET,0.4253521126760563,1,2022-08-21,0.46138902004446913
2022-08-21_HOU@ATL,0.3881656804733728,1,2022-08-21,0.43865991491443357
2022-08-21_TEX@MIN,0.49743589743589745,0,2022-08-21,0.4958228008131417
2022-08-21_KC@TB,0.6211656441717791,1,2022-08-21,0.5364552035931358
2022-08-22_STL@CHC,0.3881656804733728,0,2022-08-22,0.43718963701444
2022-08-22_CIN@PHI,0.4253521126760563,0,2022-08-22,0.4661267784310441
2022-08-22_TEX@MIN,0.4822834645669291,0,2022-08-22,0.4882465623501788
2022-08-22_CWS@KC,0.45825049701789267,1,2022-08-22,0.4731695217306383
2022-08-22_ATL@PIT,0.4253521126760563,0,2022-08-22,0.45589368120257645
2022-08-22_NYM@NYY,0.6827586206896552,1,2022-08-22,0.5868842264418981
2022-08-22_LAA@TB,0.45825049701789267,0,2022-08-22,0.4771116988272518
2022-08-22_MIA@OAK,0.7407407407407407,0,2022-08-22,0.6593458340867175
2022-08-22_MIL@LAD,0.4253521126760563,0,2022-08-22,0.447598862792702
2022-08-23_WSH@SEA,0.1888111888111888,0,2022-08-23,0.3879462780678742
2022-08-23_MIL@LAD,0.4253521126760563,1,2022-08-23,0.45078622949281977
2022-08-23_STL@CHC,0.6211656441717791,0,2022-08-23,0.5490723375999293
2022-08-23_CWS@BAL,0.4253521126760563,1,2022-08-23,0.44946092065319965
2022-08-23_NYM@NYY,0.4253521126760563,0,2022-08-23,0.4621811030261338
2022-08-23_MIA@OAK,0.45825049701789267,0,2022-08-23,0.4825361759895106
2022-08-23_CLE@SD,0.45825049701789267,0,2022-08-23,0.47973013547264143
2022-08-23_LAA@TB,0.6211656441717791,0,2022-08-23,0.535998811856796
2022-08-23_MIN@HOU,0.265993265993266,0,2022-08-23,0.3931139959864478
2022-08-23_AZ@KC,0.5331491712707183,0,2022-08-23,0.5009356116757907
2022-08-23_ATL@PIT,0.45825049701789267,0,2022-08-23,0.4688371134151965
2022-08-23_CIN@PHI,0.4253521126760563,0,2022-08-23,0.4501292667727371
2022-08-23_TEX@COL,0.45825049701789267,1,2022-08-23,0.48217582893047783
2022-08-23_SF@DET,0.5331491712707183,1,2022-08-23,0.49849342946834774
2022-08-23_TOR@BOS,0.5331491712707183,0,2022-08-23,0.4982790112201708
2022-08-23_STL@CHC,0.4253521126760563,0,2022-08-23,0.4559322034759108
2022-08-24_TEX@COL,0.45825049701789267,1,2022-08-24,0.47959715083297727
2022-08-24_TOR@BOS,0.5331491712707183,0,2022-08-24,0.5004242319072763
2022-08-24_MIN@HOU,0.6827586206896552,1,2022-08-24,0.5748215011628022
2022-08-24_AZ@KC,0.3881656804733728,0,2022-08-24,0.4351874924193695
2022-08-24_LAA@TB,0.4253521126760563,0,2022-08-24,0.46684438422251495
2022-08-24_CLE@SD,0.4253521126760563,1,2022-08-24,0.45359362681053417
2022-08-24_MIA@OAK,0.45825049701789267,0,2022-08-24,0.47825480830372746
2022-08-24_CWS@BAL,0.3881656804733728,1,2022-08-24,0.4355712546549204
2022-08-24_STL@CHC,0.3881656804733728,0,2022-08-24,0.43141069582693137
2022-08-24_MIL@LAD,0.6827586206896552,1,2022-08-24,0.5824125895987526
2022-08-24_CIN@PHI,0.6827586206896552,0,2022-08-24,0.5764664189691115
2022-08-24_SF@DET,0.45825049701789267,0,2022-08-24,0.47059885349507724
2022-08-24_WSH@SEA,0.5369261477045908,1,2022-08-24,0.5084826842721473
2022-08-24_ATL@PIT,0.4253521126760563,0,2022-08-24,0.4600376738751508
2022-08-25_NYY@OAK,0.45825049701789267,0,2022-08-25,0.4735907098147507
2022-08-25_TOR@BOS,0.5511811023622046,1,2022-08-25,0.5264794271903388
2022-08-25_CWS@BAL,0.4253521126760563,1,2022-08-25,0.44707762657258565
2022-08-25_CLE@SEA,0.7407407407407407,1,2022-08-25,0.6246631090839903
2022-08-25_STL@CHC,0.4253521126760563,1,2022-08-25,0.44398045939116126
2022-08-25_COL@NYM,0.4253521126760563,0,2022-08-25,0.44930275771581607
2022-08-25_MIN@HOU,0.5511811023622046,1,2022-08-25,0.5149977408949687
2022-08-25_LAA@TB,0.3881656804733728,0,2022-08-25,0.4358405973058884
2022-08-25_CIN@PHI,0.6211656441717791,0,2022-08-25,0.5532994028005621
2022-08-26_CIN@WSH,0.45825049701789267,1,2022-08-26,0.47288355954650185
2022-08-26_TB@BOS,0.5511811023622046,1,2022-08-26,0.5229045923068376
2022-08-26_AZ@CWS,0.4822834645669291,0,2022-08-26,0.489186552717792
2022-08-26_LAA@TOR,0.3881656804733728,0,2022-08-26,0.42452848420774836
2022-08-26_SF@MIN,0.5511811023622046,1,2022-08-26,0.51346505544809
2022-08-26_LAD@MIA,0.6211656441717791,0,2022-08-26,0.5453123940706841
2022-08-26_CHC@MIL,0.45825049701789267,0,2022-08-26,0.4745369254974029
2022-08-26_BAL@HOU,0.265993265993266,0,2022-08-26,0.4060169827635949
2022-08-26_PIT@PHI,0.3881656804733728,1,2022-08-26,0.4305723761050746
2022-08-26_CLE@SEA,0.30434782608695654,0,2022-08-26,0.419857299506746
2022-08-26_DET@TEX,0.6211656441717791,1,2022-08-26,0.5288303608086182
2022-08-26_SD@KC,0.49743589743589745,1,2022-08-26,0.49631696176341167
2022-08-26_ATL@STL,0.4253521126760563,0,2022-08-26,0.4533924775038728
2022-08-26_COL@NYM,0.5511811023622046,0,2022-08-26,0.5171631011447391
2022-08-26_NYY@OAK,0.3881656804733728,0,2022-08-26,0.43740839457476965
2022-08-27_CLE@SEA,0.265993265993266,0,2022-08-27,0.4030353393129905
2022-08-27_PIT@PHI,0.7407407407407407,1,2022-08-27,0.6216184501340705
2022-08-27_DET@TEX,0.4822834645669291,1,2022-08-27,0.485448496572666
2022-08-27_ATL@STL,0.4822834645669291,0,2022-08-27,0.4854064995306707
2022-08-27_SD@KC,0.5369261477045908,1,2022-08-27,0.5079448242101989
2022-08-27_NYY@OAK,0.4253521126760563,0,2022-08-27,0.45649677318472515
2022-08-27_CHC@MIL,0.5331491712707183,0,2022-08-27,0.49949264770488866
2022-08-27_TB@BOS,0.4253521126760563,1,2022-08-27,0.4428672416730467
2022-08-27_LAA@TOR,0.6827586206896552,0,2022-08-27,0.5708459442745086
2022-08-27_LAD@MIA,0.265993265993266,0,2022-08-27,0.40068873091694823
2022-08-27_CIN@WSH,0.6211656441717791,1,2022-08-27,0.5435829784062317
2022-08-27_SF@MIN,0.4253521126760563,0,2022-08-27,0.46226095679718393
2022-08-27_BAL@HOU,0.5331491712707183,0,2022-08-27,0.49686191501796695
2022-08-27_AZ@CWS,0.5511811023622046,1,2022-08-27,0.5150556691362261
2022-08-27_COL@NYM,0.3881656804733728,1,2022-08-27,0.4378621020075214
2022-08-28_LAD@MIA,0.45825049701789267,1,2022-08-28,0.4810647705070029
2022-08-28_SF@MIN,0.4253521126760563,0,2022-08-28,0.46689489676583606
2022-08-28_BAL@HOU,0.4253521126760563,0,2022-08-28,0.4592141826403392
2022-08-28_LAA@TOR,0.4253521126760563,0,2022-08-28,0.4519953141760248
2022-08-28_CLE@SEA,0.265993265993266,0,2022-08-28,0.39515161383987807
2022-08-28_CIN@WSH,0.5331491712707183,1,2022-08-28,0.49849737097921043
2022-08-28_COL@NYM,0.6211656441717791,0,2022-08-28,0.5523410296763582
2022-08-28_CHC@MIL,0.5331491712707183,1,2022-08-28,0.4990810500229491
2022-08-28_NYY@OAK,0.4253521126760563,1,2022-08-28,0.4567871130460629
2022-08-28_AZ@CWS,0.265993265993266,0,2022-08-28,0.4003787988485472
2022-08-28_DET@TEX,0.5511811023622046,0,2022-08-28,0.5228348484941945
2022-08-28_TB@BOS,0.3881656804733728,0,2022-08-28,0.4335336689253514
2022-08-28_SD@KC,0.6211656441717791,1,2022-08-28,0.5478728087228993
2022-08-28_PIT@PHI,0.6211656441717791,1,2022-08-28,0.535316784245671
2022-08-28_ATL@STL,0.4253521126760563,0,2022-08-28,0.4615566907438843
2022-08-29_SD@SF,0.4253521126760563,1,2022-08-29,0.4516484194138204
2022-08-29_LAD@MIA,0.6827586206896552,1,2022-08-29,0.567575042617672
2022-08-29_STL@CIN,0.3881656804733728,0,2022-08-29,0.42378387887334834
2022-08-29_PHI@AZ,0.6553191489361702,1,2022-08-29,0.5657936997958324
2022-08-29_NYY@LAA,0.268041237113402,0,2022-08-29,0.414040225467171
2022-08-29_CHC@TOR,0.6211656441717791,0,2022-08-29,0.5470759667176293
2022-08-29_PIT@MIL,0.45825049701789267,0,2022-08-29,0.47925240049182816
2022-08-29_BOS@MIN,0.5511811023622046,0,2022-08-29,0.5121027174405668
2022-08-30_OAK@WSH,0.4253521126760563,1,2022-08-30,0.4555991290689215
2022-08-30_PHI@AZ,0.4253521126760563,0,2022-08-30,0.445720905754991
2022-08-30_COL@ATL,0.6553191489361702,0,2022-08-30,0.5639226344355589
2022-08-30_NYY@LAA,0.3881656804733728,1,2022-08-30,0.43840174818417077
2022-08-30_PIT@MIL,0.7407407407407407,0,2022-08-30,0.6282931607760261
2022-08-30_SD@SF,0.4253521126760563,0,2022-08-30,0.4608656108864616
2022-08-30_HOU@TEX,0.45825049701789267,1,2022-08-30,0.47841351346186156
2022-08-30_BOS@MIN,0.6211656441717791,1,2022-08-30,0.5456437609205719
2022-08-30_LAD@NYM,0.7407407407407407,1,2022-08-30,0.6166636550682101
2022-08-30_KC@CWS,0.45825049701789267,0,2022-08-30,0.4781755283405418
2022-08-30_TB@MIA,0.45825049701789267,0,2022-08-30,0.4821195726798221
2022-08-30_CHC@TOR,0.4253521126760563,0,2022-08-30,0.4664350301739112
2022-08-30_STL@CIN,0.4822834645669291,0,2022-08-30,0.48908913359935746
2022-08-30_SEA@DET,0.3881656804733728,0,2022-08-30,0.4368506930842764
2022-08-30_BAL@CLE,0.3881656804733728,0,2022-08-30,0.439874099182355
2022-08-31_BOS@MIN,0.6827586206896552,0,2022-08-31,0.5917985555807985
2022-08-31_STL@CIN,0.45825049701789267,0,2022-08-31,0.47443225903639685
2022-08-31_CHC@TOR,0.4822834645669291,1,2022-08-31,0.4883710204696248
2022-08-31_HOU@TEX,0.4822834645669291,1,2022-08-31,0.488970085091044
2022-08-31_SEA@DET,0.7407407407407407,1,2022-08-31,0.6524834146921872
2022-08-31_PHI@AZ,0.3881656804733728,1,2022-08-31,0.4286654647306368
2022-08-31_BAL@CLE,0.45825049701789267,0,2022-08-31,0.4705332428788799
2022-08-31_NYY@LAA,0.5369261477045908,0,2022-08-31,0.5075197312432673
2022-08-31_SD@SF,0.34210526315789475,0,2022-08-31,0.420973021234614
2022-08-31_KC@CWS,0.49743589743589745,0,2022-08-31,0.49478457616128035
2022-08-31_PIT@MIL,0.6211656441717791,0,2022-08-31,0.5414020337698171
2022-08-31_TB@MIA,0.4253521126760563,0,2022-08-31,0.45017483570126793
2022-08-31_COL@ATL,0.4253521126760563,1,2022-08-31,0.462260538589094
2022-08-31_LAD@NYM,0.45825049701789267,0,2022-08-31,0.48269411477501933
2022-08-31_OAK@WSH,0.3881656804733728,0,2022-08-31,0.4368447494258576
2022-09-01_LAD@NYM,0.4253521126760563,1,2022-09-01,0.4546896756236861
2022-09-01_COL@ATL,0.4253521126760563,0,2022-09-01,0.46825850142571146
2022-09-01_OAK@WSH,0.5331491712707183,1,2022-09-01,0.5009395252708511
2022-09-01_KC@CWS,0.4253521126760563,0,2022-09-01,0.4630672081228847
2022-09-01_TEX@BOS,0.6211656441717791,0,2022-09-01,0.5477359048581201
2022-09-01_MIL@AZ,0.5511811023622046,1,2022-09-01,0.5137451286303862
2022-09-01_SEA@DET,0.5331491712707183,1,2022-09-01,0.5003106712908568
2022-09-01_BAL@CLE,0.4253521126760563,1,2022-09-01,0.4504561033981309
2022-09-02_MIN@CWS,0.45825049701789267,1,2022-09-02,0.47732198053199804
2022-09-02_PHI@SF,0.5331491712707183,1,2022-09-02,0.5015295149237172
2022-09-02_TEX@BOS,0.7407407407407407,1,2022-09-02,0.6783296033881666
2022-09-02_MIL@AZ,0.45825049701789267,0,2022-09-02,0.48295719009362603
2022-09-02_MIA@ATL,0.3881656804733728,0,2022-09-02,0.4272179569397777
2022-09-02_WSH@NYM,0.5369261477045908,0,2022-09-02,0.507333687362318
2022-09-02_COL@CIN,0.3881656804733728,0,2022-09-02,0.42755745875517115
2022-09-02_TOR@PIT,0.3881656804733728,0,2022-09-02,0.423294226712407
2022-09-02_HOU@LAA,0.7157894736842105,0,2022-09-02,0.6131658857804032
2022-09-02_CHC@STL,0.45825049701789267,1,2022-09-02,0.4776735591589598
2022-09-02_NYY@TB,0.45825049701789267,0,2022-09-02,0.4754286634887225
2022-09-02_OAK@BAL,0.45825049701789267,0,2022-09-02,0.47593644084055964
2022-09-02_KC@DET,0.4822834645669291,0,2022-09-02,0.4913300287910468
2022-09-02_SEA@CLE,0.45825049701789267,1,2022-09-02,0.4746100525142819
2022-09-02_SD@LAD,0.3881656804733728,0,2022-09-02,0.43942803357986704
2022-09-03_CHC@STL,0.5369261477045908,1,2022-09-03,0.5088307467131603
2022-09-03_KC@DET,0.5331491712707183,1,2022-09-03,0.4982583434532206
2022-09-03_TEX@BOS,0.49743589743589745,1,2022-09-03,0.4935941364634535
2022-09-03_NYY@TB,0.3881656804733728,0,2022-09-03,0.42319634642808257
2022-09-03_OAK@BAL,0.5369261477045908,1,2022-09-03,0.5060234974091293
2022-09-03_MIA@ATL,0.5331491712707183,0,2022-09-03,0.496920143927725
2022-09-03_WSH@NYM,0.3881656804733728,1,2022-09-03,0.43651705652530315
2022-09-03_PHI@SF,0.6211656441717791,1,2022-09-03,0.552517902860671
2022-09-03_SEA@CLE,0.4253521126760563,1,2022-09-03,0.44461996458872155
2022-09-03_SD@LAD,0.5511811023622046,1,2022-09-03,0.5136435365944289
2022-09-03_MIL@AZ,0.4253521126760563,1,2022-09-03,0.4565087130562234
2022-09-03_HOU@LAA,0.4253521126760563,0,2022-09-03,0.468649995559571
2022-09-03_MIN@CWS,0.4253521126760563,1,2022-09-03,0.45486785595748547
2022-09-03_TOR@PIT,0.4253521126760563,0,2022-09-03,0.46496414454611124
2022-09-04_SD@LAD,0.45825049701789267,0,2022-09-04,0.47865897567106064
2022-09-04_TOR@PIT,0.4253521126760563,0,2022-09-04,0.4547018599751721
2022-09-04_SEA@CLE,0.4253521126760563,1,2022-09-04,0.4633918339037687
2022-09-04_MIN@CWS,0.3881656804733728,0,2022-09-04,0.4340185295388588
2022-09-04_MIA@ATL,0.4822834645669291,0,2022-09-04,0.48528877704564743
2022-09-04_KC@DET,0.6553191489361702,0,2022-09-04,0.5551387518626013
2022-09-04_COL@CIN,0.6211656441717791,0,2022-09-04,0.5466332391218445
2022-09-04_COL@CIN,0.5511811023622046,0,2022-09-04,0.5267913133254534
2022-09-04_HOU@LAA,0.3881656804733728,0,2022-09-04,0.4331211869806094
2022-09-04_CHC@STL,0.5511811023622046,0,2022-09-04,0.5166122405051294
2022-09-04_OAK@BAL,0.265993265993266,0,2022-09-04,0.40693985407155686
2022-09-04_WSH@NYM,0.4253521126760563,1,2022-09-04,0.46064513136746876
2022-09-04_MIL@AZ,0.5369261477045908,0,2022-09-04,0.5076969449991034
2022-09-04_NYY@TB,0.4822834645669291,1,2022-09-04,0.4850997257730568
2022-09-04_TEX@BOS,0.6211656441717791,1,2022-09-04,0.5318522654743459
2022-09-04_PHI@SF,0.3881656804733728,0,2022-09-04,0.43948653950458805
2022-09-05_MIN@NYY,0.3881656804733728,1,2022-09-05,0.43514669741883016
2022-09-05_DET@LAA,0.4822834645669291,1,2022-09-05,0.48651427872421316
2022-09-05_CWS@SEA,0.45825049701789267,0,2022-09-05,0.47456645959908395
2022-09-05_CLE@KC,0.3881656804733728,0,2022-09-05,0.4272683214809787
2022-09-05_TOR@BAL,0.6211656441717791,1,2022-09-05,0.5325392574191452
2022-09-05_BOS@TB,0.6827586206896552,1,2022-09-05,0.596133485917642
2022-09-05_TOR@BAL,0.3881656804733728,0,2022-09-05,0.4237389901081652
2022-09-05_WSH@STL,0.4253521126760563,0,2022-09-05,0.450046191498213
2022-09-05_AZ@SD,0.4253521126760563,0,2022-09-05,0.4672011069294457
2022-09-05_SF@LAD,0.5511811023622046,1,2022-09-05,0.5176896509495875
2022-09-05_TEX@HOU,0.4253521126760563,0,2022-09-05,0.4588381349969536
2022-09-05_MIL@COL,0.4253521126760563,1,2022-09-05,0.4667269144534918
2022-09-06_MIL@COL,0.5331491712707183,1,2022-09-06,0.5012045161760805
2022-09-06_NYM@PIT,0.4253521126760563,0,2022-09-06,0.45323862681572646
2022-09-06_AZ@SD,0.45825049701789267,1,2022-09-06,0.4733531703023808
2022-09-06_SF@LAD,0.4253521126760563,1,2022-09-06,0.4633123020799985
2022-09-06_MIA@PHI,0.4253521126760563,0,2022-09-06,0.44116878064505727
2022-09-06_DET@LAA,0.6211656441717791,1,2022-09-06,0.535211989709351
2022-09-06_TEX@HOU,0.4822834645669291,0,2022-09-06,0.4889290294774479
2022-09-06_TOR@BAL,0.4253521126760563,0,2022-09-06,0.4424437532184633
2022-09-06_CIN@CHC,0.4253521126760563,1,2022-09-06,0.4447593702051197
2022-09-06_BOS@TB,0.5511811023622046,1,2022-09-06,0.5135824344113474
2022-09-06_WSH@STL,0.5369261477045908,0,2022-09-06,0.5037055411190434
2022-09-06_CLE@KC,0.265993265993266,0,2022-09-06,0.4060568186720136
2022-09-06_ATL@OAK,0.5511811023622046,1,2022-09-06,0.5193464424976639
2022-09-06_CWS@SEA,0.3881656804733728,0,2022-09-06,0.4231440438566483
2022-09-07_MIL@COL,0.29896907216494845,0,2022-09-07,0.41569940840327324
2022-09-07_NYM@PIT,0.3466666666666667,0,2022-09-07,0.4220937589139746
2022-09-07_MIA@PHI,0.4253521126760563,1,2022-09-07,0.4525049204064383
2022-09-07_MIN@NYY,0.7407407407407407,0,2022-09-07,0.658662585424209
2022-09-07_CLE@KC,0.4253521126760563,0,2022-09-07,0.4643485749673113
2022-09-07_TEX@HOU,0.30434782608695654,1,2022-09-07,0.4199941480848164
2022-09-07_MIN@NYY,0.45825049701789267,1,2022-09-07,0.47329975718500905
2022-09-07_TOR@BAL,0.265993265993266,1,2022-09-07,0.39857184023263603
2022-09-07_WSH@STL,0.30434782608695654,0,2022-09-07,0.41722945832209757
2022-09-07_BOS@TB,0.6827586206896552,0,2022-09-07,0.5795479501477186
2022-09-07_CWS@SEA,0.4253521126760563,0,2022-09-07,0.4515775559070244
2022-09-07_CIN@CHC,0.265993265993266,0,2022-09-07,0.4057264385321038
2022-09-07_AZ@SD,0.3881656804733728,0,2022-09-07,0.4380361121785695
2022-09-07_DET@LAA,0.6211656441717791,0,2022-09-07,0.5356194975936301
2022-09-07_SF@LAD,0.4822834645669291,0,2022-09-07,0.4897394583637489
2022-09-07_NYM@PIT,0.4253521126760563,1,2022-09-07,0.45320095661763293
2022-09-07_ATL@OAK,0.4822834645669291,1,2022-09-07,0.49022545505557436
2022-09-08_WSH@STL,0.45825049701789267,1,2022-09-08,0.47076163293309226
2022-09-08_SF@MIL,0.5511811023622046,1,2022-09-08,0.5257629717654277
2022-09-08_CWS@OAK,0.45825049701789267,1,2022-09-08,0.4758284384934154
2022-09-08_SF@MIL,0.5331491712707183,0,2022-09-08,0.4985198145903187
2022-09-08_MIN@NYY,0.45825049701789267,0,2022-09-08,0.472982675482721
2022-09-08_CIN@CHC,0.4253521126760563,0,2022-09-08,0.44293650182066413
2022-09-08_MIA@PHI,0.265993265993266,0,2022-09-08,0.40624632318282694
2022-09-09_BOS@BAL,0.3881656804733728,0,2022-09-09,0.4246726190358645
2022-09-09_CIN@MIL,0.45825049701789267,1,2022-09-09,0.4715618825431509
2022-09-09_DET@KC,0.4822834645669291,0,2022-09-09,0.48987766947327316
2022-09-09_TOR@TEX,0.4253521126760563,1,2022-09-09,0.4469372262209743
2022-09-09_ATL@SEA,0.3881656804733728,1,2022-09-09,0.43981989645967645
2022-09-09_NYM@MIA,0.3881656804733728,1,2022-09-09,0.4304298474851199
2022-09-09_CWS@OAK,0.6211656441717791,1,2022-09-09,0.5339810782456841
2022-09-09_AZ@COL,0.4253521126760563,1,2022-09-09,0.4413694088939554
2022-09-09_SF@CHC,0.4253521126760563,0,2022-09-09,0.46705539166002097
2022-09-09_TB@NYY,0.3881656804733728,1,2022-09-09,0.434006098516853
2022-09-09_CLE@MIN,0.5511811023622046,1,2022-09-09,0.5204693221268315
2022-09-09_WSH@PHI,0.3881656804733728,0,2022-09-09,0.43058257094500496
2022-09-09_STL@PIT,0.4253521126760563,0,2022-09-09,0.461663672373537
2022-09-09_LAA@HOU,0.265993265993266,0,2022-09-09,0.40189233284963566
2022-09-09_LAD@SD,0.3881656804733728,1,2022-09-09,0.4274734666515764
2022-09-10_LAA@HOU,0.7407407407407407,1,2022-09-10,0.663583673594145
2022-09-10_CIN@MIL,0.6211656441717791,1,2022-09-10,0.5474019808181619
2022-09-10_CLE@MIN,0.4253521126760563,1,2022-09-10,0.4680731079300444
2022-09-10_NYM@MIA,0.4253521126760563,1,2022-09-10,0.4562333033737356
2022-09-10_WSH@PHI,0.4253521126760563,0,2022-09-10,0.44283937731478906
2022-09-10_STL@PIT,0.49743589743589745,1,2022-09-10,0.4955233777868373
2022-09-10_TB@NYY,0.45825049701789267,1,2022-09-10,0.47118750688724353
2022-09-10_DET@KC,0.7407407407407407,1,2022-09-10,0.6616526726642391
2022-09-10_ATL@SEA,0.4822834645669291,0,2022-09-10,0.4907979069392986
2022-09-10_LAD@SD,0.4822834645669291,0,2022-09-10,0.49024499266280575
2022-09-10_SF@CHC,0.4253521126760563,1,2022-09-10,0.45414471130719236
2022-09-10_TOR@TEX,0.6211656441717791,1,2022-09-10,0.5334780763695213
2022-09-10_AZ@COL,0.3881656804733728,0,2022-09-10,0.43618324651912965
2022-09-10_CWS@OAK,0.6827586206896552,0,2022-09-10,0.5752963810998821
2022-09-10_BOS@BAL,0.45825049701789267,1,2022-09-10,0.48251135225230857
2022-09-11_LAA@HOU,0.4253521126760563,1,2022-09-11,0.44755596187179636
2022-09-11_WSH@PHI,0.4253521126760563,1,2022-09-11,0.4647128604145897
2022-09-11_AZ@COL,0.1888111888111888,0,2022-09-11,0.3860133458928917
2022-09-11_CWS@OAK,0.5369261477045908,1,2022-09-11,0.5039571567191087
2022-09-11_BOS@BAL,0.6211656441717791,1,2022-09-11,0.5305984705181357
2022-09-11_ATL@SEA,0.6553191489361702,1,2022-09-11,0.5641340621093829
2022-09-11_TOR@TEX,0.45825049701789267,1,2022-09-11,0.4703668740206782
2022-09-11_SF@CHC,0.1888111888111888,0,2022-09-11,0.3909272479759921
2022-09-11_STL@PIT,0.3881656804733728,0,2022-09-11,0.42751204731687176
2022-09-11_CIN@MIL,0.4253521126760563,1,2022-09-11,0.4679407685387471
2022-09-11_TB@NYY,0.6211656441717791,1,2022-09-11,0.5295693832970094
2022-09-11_NYM@MIA,0.45825049701789267,0,2022-09-11,0.47669304148038816
2022-09-11_LAD@SD,0.3466666666666667,0,2022-09-11,0.4229513794107682
2022-09-11_CLE@MIN,0.5369261477045908,0,2022-09-11,0.5078552371732172
2022-09-11_DET@KC,0.6211656441717791,1,2022-09-11,0.5341117149505499
2022-09-12_LAA@CLE,0.4253521126760563,0,2022-09-12,0.4585816882879047
2022-09-12_ATL@SF,0.3881656804733728,0,2022-09-12,0.43826206295097025
2022-09-12_CHC@NYM,0.4253521126760563,0,2022-09-12,0.46120837087452105
2022-09-12_TEX@MIA,0.4822834645669291,0,2022-09-12,0.4873010070163325
2022-09-12_TEX@MIA,0.4253521126760563,1,2022-09-12,0.45633773833848834
2022-09-12_TB@TOR,0.4253521126760563,0,2022-09-12,0.4514378440595592
2022-09-12_PIT@CIN,0.5331491712707183,1,2022-09-12,0.4999341209144603
2022-09-12_HOU@DET,0.45825049701789267,1,2022-09-12,0.4728050456462851
2022-09-12_LAD@AZ,0.4822834645669291,0,2022-09-12,0.49310585162913734
2022-09-13_NYY@BOS,0.265993265993266,0,2022-09-13,0.40398796513658997
2022-09-13_PIT@CIN,0.1888111888111888,0,2022-09-13,0.3799149761699385
2022-09-13_TB@TOR,0.45825049701789267,1,2022-09-13,0.47527283933692954
2022-09-13_PIT@CIN,0.5369261477045908,0,2022-09-13,0.5041433130836357
2022-09-13_MIL@STL,0.45825049701789267,1,2022-09-13,0.47142743555988376
2022-09-13_KC@MIN,0.7407407407407407,0,2022-09-13,0.6738219229935958
2022-09-13_SD@SEA,0.4253521126760563,0,2022-09-13,0.45417084895231197
2022-09-13_CHC@NYM,0.4253521126760563,0,2022-09-13,0.45175000548025235
2022-09-13_COL@CWS,0.4253521126760563,1,2022-09-13,0.4410057430281432
2022-09-13_HOU@DET,0.4253521126760563,1,2022-09-13,0.4461111282042275
2022-09-13_TB@TOR,0.6211656441717791,0,2022-09-13,0.54263775881657
2022-09-13_PHI@MIA,0.4822834645669291,0,2022-09-13,0.49040487731439864
2022-09-13_ATL@SF,0.4253521126760563,1,2022-09-13,0.4452957700722786
2022-09-13_OAK@TEX,0.5511811023622046,1,2022-09-13,0.5129837206079692
2022-09-13_LAD@AZ,0.3881656804733728,0,2022-09-13,0.4360671827372493
2022-09-13_LAA@CLE,0.4822834645669291,0,2022-09-13,0.4888201124088182
2022-09-13_BAL@WSH,0.45825049701789267,1,2022-09-13,0.4776507204096173
2022-09-14_OAK@TEX,0.5511811023622046,0,2022-09-14,0.5128040958894173
2022-09-14_ATL@SF,0.4253521126760563,0,2022-09-14,0.44893427719449874
2022-09-14_KC@MIN,0.5511811023622046,1,2022-09-14,0.5273762147488449
2022-09-14_SD@SEA,0.5511811023622046,1,2022-09-14,0.5149809694430252
2022-09-14_PIT@CIN,0.3881656804733728,0,2022-09-14,0.4373696549765229
2022-09-14_PHI@MIA,0.45825049701789267,1,2022-09-14,0.47622226264234446
2022-09-14_CHC@NYM,0.6211656441717791,1,2022-09-14,0.5367442767266147
2022-09-14_LAD@AZ,0.4253521126760563,1,2022-09-14,0.45706817960835533
2022-09-14_TB@TOR,0.45825049701789267,1,2022-09-14,0.4805437845302669
2022-09-14_NYY@BOS,0.3881656804733728,0,2022-09-14,0.4231983028767773
2022-09-14_LAA@CLE,0.3881656804733728,0,2022-09-14,0.4309348247913055
2022-09-14_COL@CWS,0.30434782608695654,0,2022-09-14,0.4186039635789893
2022-09-14_HOU@DET,0.45825049701789267,0,2022-09-14,0.47100314752604566
2022-09-14_BAL@WSH,0.4253521126760563,0,2022-09-14,0.4450614291766717
2022-09-14_MIL@STL,0.6553191489361702,0,2022-09-14,0.5563165894061155
2022-09-15_CIN@STL,0.6827586206896552,0,2022-09-15,0.5777839816139937
2022-09-15_SD@AZ,0.45825049701789267,0,2022-09-15,0.47355671845884273
2022-09-15_CWS@CLE,0.5511811023622046,0,2022-09-15,0.5114044469413261
2022-09-15_OAK@HOU,0.4822834645669291,0,2022-09-15,0.49316620763328367
2022-09-15_PHI@MIA,0.45825049701789267,0,2022-09-15,0.47513280687777826
2022-09-15_KC@MIN,0.4253521126760563,1,2022-09-15,0.46529172427549026
2022-09-15_PIT@NYM,0.3881656804733728,1,2022-09-15,0.43798972613557974
2022-09-15_TB@TOR,0.4253521126760563,0,2022-09-15,0.445147601857648
2022-09-16_KC@BOS,0.5511811023622046,0,2022-09-16,0.5152781888153004
2022-09-16_PHI@ATL,0.30434782608695654,0,2022-09-16,0.4178302085593305
2022-09-16_OAK@HOU,0.4253521126760563,1,2022-09-16,0.44400497216306767
2022-09-16_CWS@DET,0.5369261477045908,1,2022-09-16,0.5034764024349287
2022-09-16_MIA@WSH,0.4253521126760563,0,2022-09-16,0.4633581374195911
2022-09-16_NYY@MIL,0.5511811023622046,1,2022-09-16,0.5271103445880052
2022-09-16_SEA@LAA,0.3333333333333333,1,2022-09-16,0.4203314395841141
2022-09-16_COL@CHC,0.45825049701789267,1,2022-09-16,0.4743171344558923
2022-09-16_PIT@NYM,0.07692307692307693,0,2022-09-16,0.35827670345715246
2022-09-16_BAL@TOR,0.29896907216494845,0,2022-09-16,0.4143494439798625
2022-09-16_SD@AZ,0.4253521126760563,1,2022-09-16,0.4406197892905691
2022-09-16_MIN@CLE,0.4253521126760563,0,2022-09-16,0.456208150584565
2022-09-16_TEX@TB,0.4253521126760563,0,2022-09-16,0.4662962199415238
2022-09-16_LAD@SF,0.4253521126760563,0,2022-09-16,0.4636820810815201
2022-09-16_CIN@STL,0.45825049701789267,0,2022-09-16,0.46966642584057583
2022-09-17_CWS@DET,0.3881656804733728,0,2022-09-17,0.4245299530168899
2022-09-17_NYY@MIL,0.5331491712707183,0,2022-09-17,0.5002940049592683
2022-09-17_TEX@TB,0.5511811023622046,1,2022-09-17,0.5175846760063216
2022-09-17_SD@AZ,0.45825049701789267,0,2022-09-17,0.4727320623600677
2022-09-17_BAL@TOR,0.4253521126760563,1,2022-09-17,0.4464591915077145
2022-09-17_KC@BOS,0.45825049701789267,0,2022-09-17,0.473389225556227
2022-09-17_OAK@HOU,0.6211656441717791,1,2022-09-17,0.5437997593937673
2022-09-17_SEA@LAA,0.49743589743589745,1,2022-09-17,0.49635772032649883
2022-09-17_PIT@NYM,0.4253521126760563,0,2022-09-17,0.44339953016308087
2022-09-17_PHI@ATL,0.4822834645669291,0,2022-09-17,0.4905945593252877
2022-09-17_CIN@STL,0.5511811023622046,0,2022-09-17,0.5181882920268932
2022-09-17_MIN@CLE,0.4253521126760563,1,2022-09-17,0.46214041202383305
2022-09-17_MIA@WSH,0.4253521126760563,1,2022-09-17,0.4514261209601478
2022-09-17_MIN@CLE,0.6211656441717791,1,2022-09-17,0.5405510751149096
2022-09-17_CIN@STL,0.7407407407407407,0,2022-09-17,0.6270069557059453
2022-09-17_LAD@SF,0.45825049701789267,1,2022-09-17,0.47690282043080345
2022-09-17_COL@CHC,0.5511811023622046,0,2022-09-17,0.5167179164129856
2022-09-18_OAK@HOU,0.5331491712707183,0,2022-09-18,0.5005629133452006
2022-09-18_SD@AZ,0.5511811023622046,1,2022-09-18,0.528420653172443
2022-09-18_SEA@LAA,0.4822834645669291,1,2022-09-18,0.4924112101293746
2022-09-18_CWS@DET,0.5511811023622046,1,2022-09-18,0.5244253194223065
2022-09-18_NYY@MIL,0.6211656441717791,1,2022-09-18,0.5289577068231459
2022-09-18_KC@BOS,0.7407407407407407,1,2022-09-18,0.6231849420792794
2022-09-18_TEX@TB,0.4822834645669291,0,2022-09-18,0.4904257118885823
2022-09-18_PIT@NYM,0.3881656804733728,1,2022-09-18,0.43925703253616566
2022-09-18_CIN@STL,0.3881656804733728,0,2022-09-18,0.4380337082878678
2022-09-18_PHI@ATL,0.4253521126760563,0,2022-09-18,0.4571282489687991
2022-09-18_COL@CHC,0.5511811023622046,1,2022-09-18,0.5115886062589321
2022-09-18_MIA@WSH,0.3881656804733728,0,2022-09-18,0.43663299178003145
2022-09-18_BAL@TOR,0.4253521126760563,0,2022-09-18,0.4552768738729088
2022-09-18_MIN@CLE,0.4253521126760563,0,2022-09-18,0.45683660405679805
2022-09-18_LAD@SF,0.3881656804733728,0,2022-09-18,0.4360251903201876
2022-09-19_HOU@TB,0.6827586206896552,1,2022-09-19,0.601344565073108
2022-09-19_WSH@ATL,0.4253521126760563,1,2022-09-19,0.4577729159046531
2022-09-19_MIN@CLE,0.4253521126760563,1,2022-09-19,0.45272549096232806
2022-09-19_SEA@LAA,0.5331491712707183,1,2022-09-19,0.5022544884351834
2022-09-19_SF@COL,0.7157894736842105,1,2022-09-19,0.6061525339647698
2022-09-19_NYM@MIL,0.29896907216494845,0,2022-09-19,0.4167792650638136
2022-09-19_CHC@MIA,0.30434782608695654,0,2022-09-19,0.41912527495657914
2022-09-19_DET@BAL,0.4822834645669291,1,2022-09-19,0.48714275517077443
2022-09-19_AZ@LAD,0.30434782608695654,0,2022-09-19,0.41744714481083356
2022-09-20_CLE@CWS,0.4253521126760563,0,2022-09-20,0.44607653234129296
2022-09-20_STL@SD,0.4253521126760563,1,2022-09-20,0.452729335382808
2022-09-20_WSH@ATL,0.3881656804733728,0,2022-09-20,0.4359931754708931
2022-09-20_BOS@CIN,0.6211656441717791,0,2022-09-20,0.5335030961027702
2022-09-20_PIT@NYY,0.5331491712707183,0,2022-09-20,0.49741198877721904
2022-09-20_HOU@TB,0.5369261477045908,1,2022-09-20,0.5079500261428115
2022-09-20_DET@BAL,0.3881656804733728,0,2022-09-20,0.4248587546273562
2022-09-20_SF@COL,0.4822834645669291,0,2022-09-20,0.4933358634564945
2022-09-20_MIN@KC,0.5511811023622046,0,2022-09-20,0.5160469970229813
2022-09-20_LAA@TEX,0.3881656804733728,1,2022-09-20,0.42520286020571585
2022-09-20_AZ@LAD,0.3881656804733728,0,2022-09-20,0.43538513226510156
2022-09-20_NYM@MIL,0.4822834645669291,0,2022-09-20,0.4912482940745495
2022-09-20_AZ@LAD,0.4253521126760563,1,2022-09-20,0.46425524398924234
2022-09-20_SEA@OAK,0.3881656804733728,0,2022-09-20,0.42745208154120673
2022-09-20_TOR@PHI,0.4253521126760563,1,2022-09-20,0.4605296746823132
2022-09-20_CHC@MIA,0.4822834645669291,0,2022-09-20,0.4894148954107729
2022-09-21_NYM@MIL,0.6211656441717791,0,2022-09-21,0.5349563907982475
2022-09-21_MIN@KC,0.7157894736842105,1,2022-09-21,0.610292667688088
2022-09-21_WSH@ATL,0.45825049701789267,1,2022-09-21,0.4817741492544031
2022-09-21_TOR@PHI,0.4253521126760563,0,2022-09-21,0.45706115393182345
2022-09-21_PIT@NYY,0.3881656804733728,1,2022-09-21,0.43773211838566495
2022-09-21_STL@SD,0.3881656804733728,0,2022-09-21,0.43951847404608024
2022-09-21_DET@BAL,0.5511811023622046,0,2022-09-21,0.5133510308799081
2022-09-21_CHC@MIA,0.30434782608695654,0,2022-09-21,0.41731010825047476
2022-09-21_SF@COL,0.4822834645669291,1,2022-09-21,0.4927769019250481
2022-09-21_SEA@OAK,0.4253521126760563,0,2022-09-21,0.4536200523280056
2022-09-21_AZ@LAD,0.3881656804733728,1,2022-09-21,0.4403301320202889
2022-09-21_BOS@CIN,0.6553191489361702,0,2022-09-21,0.5568890765130126
2022-09-21_LAA@TEX,0.7407407407407407,1,2022-09-21,0.6487468054550879
2022-09-21_CLE@CWS,0.29896907216494845,1,2022-09-21,0.41510065871890534
2022-09-21_HOU@TB,0.6827586206896552,1,2022-09-21,0.5835423628376302
2022-09-22_MIN@KC,0.7407407407407407,0,2022-09-22,0.6558374304434881
2022-09-22_LAA@TEX,0.4253521126760563,0,2022-09-22,0.4412709854107535
2022-09-22_AZ@LAD,0.4253521126760563,0,2022-09-22,0.4453757883936016
2022-09-22_SEA@OAK,0.5331491712707183,1,2022-09-22,0.497757500087893
2022-09-22_CHC@PIT,0.4253521126760563,0,2022-09-22,0.46125410783306364
2022-09-22_ATL@PHI,0.29896907216494845,0,2022-09-22,0.4160190751040421
2022-09-22_HOU@BAL,0.268041237113402,0,2022-09-22,0.40713475620772344
2022-09-22_TOR@TB,0.4253521126760563,1,2022-09-22,0.4678422199549712
2022-09-22_BOS@NYY,0.6211656441717791,0,2022-09-22,0.5414597656705564
2022-09-22_CLE@CWS,0.4253521126760563,1,2022-09-22,0.45946629934695393
2022-09-22_SF@COL,0.5331491712707183,1,2022-09-22,0.5014726623563308
2022-09-22_STL@SD,0.6211656441717791,1,2022-09-22,0.5408136504243671
2022-09-22_MIL@CIN,0.4253521126760563,0,2022-09-22,0.46693228478798476
2022-09-23_WSH@MIA,0.45825049701789267,1,2022-09-23,0.4752462709474401
2022-09-23_CLE@TEX,0.5331491712707183,0,2022-09-23,0.5004637031496396
2022-09-23_SD@COL,0.3881656804733728,0,2022-09-23,0.42777417414976104
2022-09-23_ATL@PHI,0.6553191489361702,0,2022-09-23,0.5593408217837675
2022-09-23_STL@LAD,0.45825049701789267,0,2022-09-23,0.47738020707046847
2022-09-23_LAA@MIN,0.47619047619047616,1,2022-09-23,0.4846241612993828
2022-09-23_BOS@NYY,0.6827586206896552,1,2022-09-23,0.5697119774238564
2022-09-23_SEA@KC,0.4253521126760563,0,2022-09-23,0.4485754652609091
2022-09-23_NYM@OAK,0.45825049701789267,0,2022-09-23,0.47805747225889206
2022-09-23_SF@AZ,0.4253521126760563,0,2022-09-23,0.4612734954635478
2022-09-23_MIL@CIN,0.5331491712707183,1,2022-09-23,0.5019297972880905
2022-09-23_DET@CWS,0.5331491712707183,1,2022-09-23,0.4990348625406038
2022-09-23_CHC@PIT,0.3881656804733728,1,2022-09-23,0.4397856774802219
2022-09-23_TOR@TB,0.4253521126760563,1,2022-09-23,0.4456430987260904
2022-09-23_HOU@BAL,0.45825049701789267,0,2022-09-23,0.4773271384164437
2022-09-24_MIL@CIN,0.3881656804733728,1,2022-09-24,0.4376272636360148
2022-09-24_HOU@BAL,0.45825049701789267,0,2022-09-24,0.4695669628898689
2022-09-24_TOR@TB,0.4253521126760563,0,2022-09-24,0.4525463292083237
2022-09-24_WSH@MIA,0.3881656804733728,1,2022-09-24,0.4337868602907917
2022-09-24_CLE@TEX,0.4253521126760563,0,2022-09-24,0.44758553381972366
2022-09-24_NYM@OAK,0.6211656441717791,1,2022-09-24,0.538245618958392
2022-09-24_LAA@MIN,0.3881656804733728,1,2022-09-24,0.4285823748726878
2022-09-24_ATL@PHI,0.4253521126760563,0,2022-09-24,0.4670922986570828
2022-09-24_SD@COL,0.5511811023622046,1,2022-09-24,0.517691073676466
2022-09-24_STL@LAD,0.4253521126760563,1,2022-09-24,0.4430335853535847
2022-09-24_DET@CWS,0.7407407407407407,1,2022-09-24,0.6502971159937847
2022-09-24_SF@AZ,0.3881656804733728,0,2022-09-24,0.4331019123033746
2022-09-24_CHC@PIT,0.6553191489361702,1,2022-09-24,0.553681298270522
2022-09-24_SEA@KC,0.7157894736842105,1,2022-09-24,0.6061476473281897
2022-09-24_BOS@NYY,0.45825049701789267,1,2022-09-24,0.4706264292369725
2022-09-25_SEA@KC,0.4822834645669291,0,2022-09-25,0.48499048136407275
2022-09-25_CLE@TEX,0.3881656804733728,0,2022-09-25,0.4370239620651061
2022-09-25_HOU@BAL,0.29896907216494845,0,2022-09-25,0.41561959951119887
2022-09-25_DET@CWS,0.4822834645669291,0,2022-09-25,0.4903562061918927
2022-09-25_ATL@PHI,0.45825049701789267,1,2022-09-25,0.4701082017321092
2022-09-25_SD@COL,0.30434782608695654,1,2022-09-25,0.4183512873749796
2022-09-25_WSH@MIA,0.5511811023622046,1,2022-09-25,0.5242074617479938
2022-09-25_NYM@OAK,0.45825049701789267,0,2022-09-25,0.4712159770569835
2022-09-25_MIL@CIN,0.3881656804733728,0,2022-09-25,0.43551693669430047
2022-09-25_LAA@MIN,0.5511811023622046,1,2022-09-25,0.5193606562209477
2022-09-25_BOS@NYY,0.6553191489361702,0,2022-09-25,0.5615576099048327
2022-09-25_SF@AZ,0.4822834645669291,0,2022-09-25,0.4874728282506343
2022-09-25_STL@LAD,0.6211656441717791,1,2022-09-25,0.5416332494870345
2022-09-25_TOR@TB,0.30434782608695654,0,2022-09-25,0.4170252257587992
2022-09-25_CHC@PIT,0.4253521126760563,0,2022-09-25,0.46078354370465757
2022-09-26_CIN@PIT,0.3881656804733728,1,2022-09-26,0.4353086166465038
2022-09-26_BAL@BOS,0.6553191489361702,1,2022-09-26,0.5644091381199294
2022-09-26_ATL@WSH,0.5369261477045908,0,2022-09-26,0.5093108834075408
2022-09-26_NYY@TOR,0.3881656804733728,1,2022-09-26,0.4350945598063024
2022-09-27_TB@CLE,0.3881656804733728,0,2022-09-27,0.42702942771752084
2022-09-27_OAK@LAA,0.45825049701789267,0,2022-09-27,0.4826530070711198
2022-09-27_STL@MIL,0.45825049701789267,1,2022-09-27,0.4751684558362028
2022-09-27_LAD@SD,0.6211656441717791,1,2022-09-27,0.5301000358300547
2022-09-27_AZ@HOU,0.4253521126760563,1,2022-09-27,0.46186814413798427
2022-09-27_NYY@TOR,0.4253521126760563,1,2022-09-27,0.44291917996892205
2022-09-27_KC@DET,0.4822834645669291,0,2022-09-27,0.49085136465114687
2022-09-27_CWS@MIN,0.3881656804733728,0,2022-09-27,0.4253104557406139
2022-09-27_TEX@SEA,0.4822834645669291,0,2022-09-27,0.48559672541813304
2022-09-27_MIA@NYM,0.5511811023622046,1,2022-09-27,0.5257302786135213
2022-09-27_CIN@PIT,0.5511811023622046,1,2022-09-27,0.5233588583060762
2022-09-27_BAL@BOS,0.6211656441717791,1,2022-09-27,0.5302774495208804
2022-09-27_COL@SF,0.6211656441717791,1,2022-09-27,0.5462670779259792
2022-09-27_ATL@WSH,0.4253521126760563,1,2022-09-27,0.4553139618321149
2022-09-27_PHI@CHC,0.45825049701789267,0,2022-09-27,0.4803803635678615
2022-09-28_KC@DET,0.5369261477045908,1,2022-09-28,0.5033415899674745
2022-09-28_MIA@NYM,0.3881656804733728,0,2022-09-28,0.4317576391314504
2022-09-28_OAK@LAA,0.5331491712707183,1,2022-09-28,0.4979314706197092
2022-09-28_BAL@BOS,0.6211656441717791,1,2022-09-28,0.5487960285028725
2022-09-28_COL@SF,0.5331491712707183,1,2022-09-28,0.49813220875457176
2022-09-28_ATL@WSH,0.5511811023622046,1,2022-09-28,0.5126990000906525
2022-09-28_LAD@SD,0.6553191489361702,0,2022-09-28,0.5569134654763621
2022-09-28_AZ@HOU,0.3881656804733728,1,2022-09-28,0.4336135406443671
2022-09-28_STL@MIL,0.4822834645669291,0,2022-09-28,0.4927593606886511
2022-09-28_PHI@CHC,0.4253521126760563,0,2022-09-28,0.4587633069383543
2022-09-28_NYY@TOR,0.4253521126760563,1,2022-09-28,0.44798063642099073
2022-09-28_TB@CLE,0.4253521126760563,0,2022-09-28,0.46822827378586085
2022-09-28_CIN@PIT,0.4822834645669291,1,2022-09-28,0.4903009838350979
2022-09-28_CWS@MIN,0.4822834645669291,0,2022-09-28,0.49102155138896453
2022-09-28_TEX@SEA,0.6827586206896552,1,2022-09-28,0.57581836491438
2022-09-29_COL@SF,0.5511811023622046,0,2022-09-29,0.5248442728643805
2022-09-29_LAD@SD,0.5369261477045908,1,2022-09-29,0.5044871096286159
2022-09-29_KC@DET,0.7407407407407407,0,2022-09-29,0.6207652516971622
2022-09-29_OAK@LAA,0.45825049701789267,1,2022-09-29,0.4725805098255108
2022-09-29_TB@CLE,0.49743589743589745,1,2022-09-29,0.49453831451630725
2022-09-29_PHI@CHC,0.6211656441717791,1,2022-09-29,0.5445737588409283
2022-09-29_TEX@SEA,0.49743589743589745,1,2022-09-29,0.4942489793396686
2022-09-29_CWS@MIN,0.4253521126760563,1,2022-09-29,0.46359765012860876
2022-09-29_BAL@BOS,0.4822834645669291,0,2022-09-29,0.4854654246439035
2022-09-29_MIA@MIL,0.45825049701789267,0,2022-09-29,0.47397645139792755
2022-09-30_NYM@ATL,0.4253521126760563,0,2022-09-30,0.44923932252016663
2022-09-30_CWS@SD,0.4822834645669291,0,2022-09-30,0.49067951690224243
2022-09-30_COL@LAD,0.4253521126760563,0,2022-09-30,0.4478583896810099
2022-09-30_PHI@WSH,0.3881656804733728,1,2022-09-30,0.4261253398563811
2022-09-30_OAK@SEA,0.4822834645669291,1,2022-09-30,0.48516782410887804
2022-09-30_MIA@MIL,0.3881656804733728,0,2022-09-30,0.4326951266552418
2022-09-30_PIT@STL,0.7407407407407407,0,2022-09-30,0.6862607394243575
2022-09-30_KC@CLE,0.265993265993266,0,2022-09-30,0.404367008504256
2022-09-30_BAL@NYY,0.30434782608695654,1,2022-09-30,0.4179728143420218
2022-09-30_AZ@SF,0.5511811023622046,1,2022-09-30,0.5209453402109578
2022-09-30_TEX@LAA,0.49743589743589745,0,2022-09-30,0.4945533759709232
2022-09-30_CIN@CHC,0.4253521126760563,0,2022-09-30,0.46778764933711947
2022-09-30_BOS@TOR,0.4253521126760563,1,2022-09-30,0.46473708902086774
2022-09-30_TB@HOU,0.5511811023622046,1,2022-09-30,0.5280729729498201
2022-09-30_MIN@DET,0.4253521126760563,0,2022-09-30,0.45959959064794387
2022-10-01_COL@LAD,0.45825049701789267,0,2022-10-01,0.4798340159362824
2022-10-01_PIT@STL,0.7157894736842105,1,2022-10-01,0.6089077567684213
2022-10-01_PHI@WSH,0.6827586206896552,1,2022-10-01,0.5707316619399441
2022-10-01_AZ@SF,0.45825049701789267,0,2022-10-01,0.4802167824318956
2022-10-01_CIN@CHC,0.4253521126760563,0,2022-10-01,0.46286186095875725
2022-10-01_OAK@SEA,0.45825049701789267,1,2022-10-01,0.4718311253263089
2022-10-01_NYM@ATL,0.268041237113402,1,2022-10-01,0.4129393477742177
2022-10-01_CWS@SD,0.6211656441717791,1,2022-10-01,0.5488884612821006
2022-10-01_PHI@WSH,0.49743589743589745,1,2022-10-01,0.4940107454363609
2022-10-01_TB@HOU,0.3881656804733728,0,2022-10-01,0.4334155312339175
2022-10-01_MIA@MIL,0.4253521126760563,0,2022-10-01,0.4634890458468074
2022-10-01_KC@CLE,0.7407407407407407,0,2022-10-01,0.6441348176967794
2022-10-01_BAL@NYY,0.265993265993266,1,2022-10-01,0.3937888104608974
2022-10-01_BOS@TOR,0.45825049701789267,0,2022-10-01,0.4761258635503258
2022-10-01_MIN@DET,0.5511811023622046,1,2022-10-01,0.5163156494500658
2022-10-01_TEX@LAA,0.1888111888111888,0,2022-10-01,0.38828210612193226
2022-10-02_OAK@SEA,0.3881656804733728,0,2022-10-02,0.4310774913353602
2022-10-02_BAL@NYY,0.45825049701789267,1,2022-10-02,0.47262561615836673
2022-10-02_TEX@LAA,0.6827586206896552,1,2022-10-02,0.5778520177029935
2022-10-02_COL@LAD,0.4253521126760563,1,2022-10-02,0.45785547783967695
2022-10-02_PIT@STL,0.6211656441717791,1,2022-10-02,0.5492031349307271
2022-10-02_NYM@ATL,0.3881656804733728,1,2022-10-02,0.42478330974060863
2022-10-02_AZ@SF,0.6827586206896552,1,2022-10-02,0.5668803060580876
2022-10-02_CWS@SD,0.3881656804733728,0,2022-10-02,0.4356218967116394
2022-10-02_MIN@DET,0.5331491712707183,1,2022-10-02,0.5014422712752881
2022-10-02_PHI@WSH,0.5331491712707183,0,2022-10-02,0.4983882880231245
2022-10-02_MIA@MIL,0.4822834645669291,0,2022-10-02,0.49113958166438687
2022-10-02_TB@HOU,0.3881656804733728,1,2022-10-02,0.42699257069157803
2022-10-02_KC@CLE,0.4253521126760563,1,2022-10-02,0.46409374447636964
2022-10-02_BOS@TOR,0.45825049701789267,0,2022-10-02,0.4766449939714844
2022-10-02_CIN@CHC,0.5369261477045908,1,2022-10-02,0.5053882929332245
2022-10-03_TB@BOS,0.4253521126760563,1,2022-10-03,0.440555245349152
2022-10-03_STL@PIT,0.5331491712707183,0,2022-10-03,0.49724520683452955
2022-10-03_DET@SEA,0.5511811023622046,1,2022-10-03,0.5175508535908145
2022-10-03_SF@SD,0.4822834645669291,0,2022-10-03,0.4862171257352935
2022-10-03_LAA@OAK,0.4253521126760563,0,2022-10-03,0.4598776389978091
2022-10-03_AZ@MIL,0.3881656804733728,0,2022-10-03,0.42596118264291816
2022-10-03_NYY@TEX,0.4253521126760563,0,2022-10-03,0.44406523035964207
2022-10-03_PHI@HOU,0.6827586206896552,1,2022-10-03,0.5974440890677686
2022-10-03_COL@LAD,0.3881656804733728,0,2022-10-03,0.432411756714582
2022-10-03_KC@CLE,0.4253521126760563,0,2022-10-03,0.46852072824369073
2022-10-03_CHC@CIN,0.265993265993266,0,2022-10-03,0.40303303842349747
2022-10-03_TOR@BAL,0.29896907216494845,0,2022-10-03,0.4162712721075209
2022-10-03_MIN@CWS,0.5511811023622046,1,2022-10-03,0.5283479144196244
2022-10-03_ATL@MIA,0.7407407407407407,1,2022-10-03,0.6791671868820259
2022-10-04_SF@SD,0.45825049701789267,0,2022-10-04,0.4798917696369728
2022-10-04_MIN@CWS,0.7407407407407407,0,2022-10-04,0.6273807116088252
2022-10-04_KC@CLE,0.5369261477045908,0,2022-10-04,0.5084327328545875
2022-10-04_LAA@OAK,0.5511811023622046,0,2022-10-04,0.5223458555568045
2022-10-04_STL@PIT,0.3881656804733728,1,2022-10-04,0.4302806149187194
2022-10-04_TB@BOS,0.4253521126760563,0,2022-10-04,0.45247568992477105
2022-10-04_WSH@NYM,0.6211656441717791,1,2022-10-04,0.5354504071528845
2022-10-04_WSH@NYM,0.3881656804733728,0,2022-10-04,0.42917812294759006
2022-10-04_PHI@HOU,0.4253521126760563,1,2022-10-04,0.4571211358619969
2022-10-04_DET@SEA,0.4253521126760563,0,2022-10-04,0.4565884934216661
2022-10-04_DET@SEA,0.5369261477045908,1,2022-10-04,0.5036101164136431
2022-10-04_ATL@MIA,0.45825049701789267,0,2022-10-04,0.47863806215491767
2022-10-04_AZ@MIL,0.6827586206896552,0,2022-10-04,0.5705430039546746
2022-10-04_NYY@TEX,0.6827586206896552,1,2022-10-04,0.6024031949228201
2022-10-04_NYY@TEX,0.6553191489361702,1,2022-10-04,0.5606236409274525
2022-10-04_COL@LAD,0.3881656804733728,1,2022-10-04,0.4272734662333154
2022-10-04_CHC@CIN,0.45825049701789267,0,2022-10-04,0.47930802652077553
2022-10-05_ATL@MIA,0.45825049701789267,0,2022-10-05,0.47364983616390444
2022-10-05_COL@LAD,0.3881656804733728,0,2022-10-05,0.42646284907964627
2022-10-05_AZ@MIL,0.4822834645669291,0,2022-10-05,0.49269584930361965
2022-10-05_TOR@BAL,0.4822834645669291,1,2022-10-05,0.48617197266189593
2022-10-05_LAA@OAK,0.45825049701789267,0,2022-10-05,0.47146452137100514
2022-10-05_MIN@CWS,0.7407407407407407,1,2022-10-05,0.6478532665830092
2022-10-05_STL@PIT,0.4253521126760563,1,2022-10-05,0.4682404316620292
2022-10-05_NYY@TEX,0.3881656804733728,0,2022-10-05,0.43876497826938354
2022-10-05_TOR@BAL,0.4253521126760563,0,2022-10-05,0.44414324757049073
2022-10-05_PHI@HOU,0.5331491712707183,0,2022-10-05,0.5024488664305712
2022-10-05_TB@BOS,0.45825049701789267,1,2022-10-05,0.47540964511185957
2022-10-05_DET@SEA,0.45825049701789267,1,2022-10-05,0.48420153644378217
2022-10-05_KC@CLE,0.6211656441717791,1,2022-10-05,0.542201654012886
2022-10-05_WSH@NYM,0.4822834645669291,1,2022-10-05,0.4853766961894044
2022-10-05_CHC@CIN,0.4253521126760563,0,2022-10-05,0.44080084655928065
2022-10-05_SF@SD,0.45825049701789267,1,2022-10-05,0.4805944077879798
2023-03-30_PIT@CIN,0.5369261477045908,1,2023-03-30,0.5055668869983014
2023-03-30_CLE@SEA,0.5369261477045908,0,2023-03-30,0.5060920856591408
2023-03-30_CWS@HOU,0.5369261477045908,0,2023-03-30,0.5055475710461441
2023-03-30_LAA@OAK,0.5369261477045908,0,2023-03-30,0.5058048536840887
2023-03-30_AZ@LAD,0.5369261477045908,1,2023-03-30,0.5059682908354337
2023-03-30_TOR@STL,0.5369261477045908,1,2023-03-30,0.5060011537507272
2023-03-30_NYM@MIA,0.5369261477045908,0,2023-03-30,0.5056923849954229
2023-03-30_BAL@BOS,0.5369261477045908,1,2023-03-30,0.505146885721012
2023-03-30_DET@TB,0.5369261477045908,0,2023-03-30,0.5060091907695055
2023-03-30_MIL@CHC,0.5369261477045908,0,2023-03-30,0.50617404809622
2023-03-30_COL@SD,0.5369261477045908,1,2023-03-30,0.5053523574527734
2023-03-30_MIN@KC,0.5369261477045908,0,2023-03-30,0.5057123869203773
2023-03-30_PHI@TEX,0.5369261477045908,0,2023-03-30,0.5063903600688677
2023-03-30_ATL@WSH,0.5369261477045908,0,2023-03-30,0.50552562454721
2023-03-30_SF@NYY,0.5369261477045908,1,2023-03-30,0.5061926439673069
2023-03-31_CLE@SEA,0.5369261477045908,1,2023-03-31,0.5055709019813781
2023-03-31_CWS@HOU,0.5369261477045908,1,2023-03-31,0.5062833490286294
2023-03-31_AZ@LAD,0.5369261477045908,0,2023-03-31,0.5058837805041363
2023-03-31_COL@SD,0.5369261477045908,1,2023-03-31,0.5050050339682781
2023-03-31_NYM@MIA,0.5369261477045908,0,2023-03-31,0.5058332905650115
2023-04-01_CLE@SEA,0.5369261477045908,0,2023-04-01,0.5040049568482685
2023-04-01_AZ@LAD,0.5369261477045908,1,2023-04-01,0.5054796185262502
2023-04-01_COL@SD,0.5369261477045908,1,2023-04-01,0.5052846932437142
2023-04-01_MIN@KC,0.5369261477045908,1,2023-04-01,0.5055769425794349
2023-04-01_PHI@TEX,0.5369261477045908,1,2023-04-01,0.5055870291021727
2023-04-01_ATL@WSH,0.5369261477045908,1,2023-04-01,0.506035858650993
2023-04-01_DET@TB,0.5369261477045908,1,2023-04-01,0.5057143910685282
2023-04-01_MIL@CHC,0.5369261477045908,0,2023-04-01,0.5064508615335448
2023-04-01_PIT@CIN,0.5369261477045908,1,2023-04-01,0.5054905257703883
2023-04-01_LAA@OAK,0.5369261477045908,0,2023-04-01,0.5049903837159806
2023-04-01_TOR@STL,0.5369261477045908,0,2023-04-01,0.5057831502677026
2023-04-01_CWS@HOU,0.5369261477045908,1,2023-04-01,0.5053169008703524
2023-04-01_BAL@BOS,0.5369261477045908,1,2023-04-01,0.5058244494712114
2023-04-01_SF@NYY,0.5369261477045908,1,2023-04-01,0.5052944329332564
2023-04-01_NYM@MIA,0.5369261477045908,0,2023-04-01,0.5053867072164668
2023-04-02_COL@SD,0.5369261477045908,0,2023-04-02,0.5051416619753079
2023-04-02_LAA@OAK,0.5369261477045908,0,2023-04-02,0.5051899343730117
2023-04-02_PHI@TEX,0.5369261477045908,0,2023-04-02,0.5052756025529189
2023-04-02_CLE@SEA,0.5369261477045908,1,2023-04-02,0.5055712350759813
2023-04-02_AZ@LAD,0.5369261477045908,1,2023-04-02,0.5052125304184312
2023-04-02_TOR@STL,0.5369261477045908,1,2023-04-02,0.5054042054426888
2023-04-02_CWS@HOU,0.5369261477045908,0,2023-04-02,0.5053221357362421
2023-04-02_MIL@CHC,0.5369261477045908,1,2023-04-02,0.5054105269752287
2023-04-02_DET@TB,0.5369261477045908,0,2023-04-02,0.5056927447996464
2023-04-02_BAL@BOS,0.5369261477045908,1,2023-04-02,0.5056060222360423
2023-04-02_SF@NYY,0.5369261477045908,0,2023-04-02,0.5054067044618464
2023-04-02_MIN@KC,0.5369261477045908,0,2023-04-02,0.5048495520984879
2023-04-02_NYM@MIA,0.5369261477045908,1,2023-04-02,0.505905739220476
2023-04-02_ATL@WSH,0.5369261477045908,1,2023-04-02,0.5058225061540871
2023-04-02_PIT@CIN,0.5369261477045908,0,2023-04-02,0.5048610602919852
2023-04-03_TB@WSH,0.5369261477045908,1,2023-04-03,0.5054405882408795
2023-04-03_COL@LAD,0.5369261477045908,0,2023-04-03,0.5055343847984953
2023-04-03_TOR@KC,0.5369261477045908,1,2023-04-03,0.5051380647250117
2023-04-03_LAA@SEA,0.5369261477045908,1,2023-04-03,0.5057880554303874
2023-04-03_CLE@OAK,0.5369261477045908,1,2023-04-03,0.5059895343002601
2023-04-03_PIT@BOS,0.5369261477045908,1,2023-04-03,0.5054196388178356
2023-04-03_PHI@NYY,0.5369261477045908,1,2023-04-03,0.5061148443440623
2023-04-03_AZ@SD,0.5369261477045908,1,2023-04-03,0.5055181903249596
2023-04-03_ATL@STL,0.5369261477045908,1,2023-04-03,0.5046298319303191
2023-04-03_CHC@CIN,0.5369261477045908,1,2023-04-03,0.5054391160289688
2023-04-03_MIN@MIA,0.5369261477045908,1,2023-04-03,0.5055517525449218
2023-04-03_SF@CWS,0.5369261477045908,0,2023-04-03,0.5052170670249634
2023-04-03_NYM@MIL,0.5369261477045908,0,2023-04-03,0.5054745829606415
2023-04-03_BAL@TEX,0.5369261477045908,0,2023-04-03,0.5053634885655965
2023-04-03_DET@HOU,0.5369261477045908,0,2023-04-03,0.5053715287611409
2023-04-04_PHI@NYY,0.5369261477045908,1,2023-04-04,0.5054620554821436
2023-04-04_COL@LAD,0.7407407407407407,1,2023-04-04,0.6431985757949232
2023-04-04_DET@HOU,0.49743589743589745,1,2023-04-04,0.4966560267906923
2023-04-04_LAA@SEA,0.45825049701789267,1,2023-04-04,0.4782938821742071
2023-04-04_CLE@OAK,0.5331491712707183,0,2023-04-04,0.5012707910099146
2023-04-04_TOR@KC,0.5369261477045908,0,2023-04-04,0.5054181457743769
2023-04-04_BAL@TEX,0.4822834645669291,0,2023-04-04,0.4927284304186925
2023-04-04_ATL@STL,0.5369261477045908,1,2023-04-04,0.5052450610033099
2023-04-04_PIT@BOS,0.5369261477045908,1,2023-04-04,0.5052920673581853
2023-04-04_MIN@MIA,0.45825049701789267,0,2023-04-04,0.47798610378272777
2023-04-04_TB@WSH,0.5369261477045908,1,2023-04-04,0.5051104897143164
2023-04-04_CHC@CIN,0.5369261477045908,1,2023-04-04,0.5050319966033441
2023-04-04_AZ@SD,0.4253521126760563,0,2023-04-04,0.4679106784330711
2023-04-04_NYM@MIL,0.5331491712707183,1,2023-04-04,0.4988255075474428
2023-04-05_CLE@OAK,0.45825049701789267,0,2023-04-05,0.4827692247151715
2023-04-05_LAA@SEA,0.4822834645669291,1,2023-04-05,0.486283227470211
2023-04-05_TOR@KC,0.6827586206896552,0,2023-04-05,0.5863791734340966
2023-04-05_BAL@TEX,0.5369261477045908,1,2023-04-05,0.5042706782869196
2023-04-05_SF@CWS,0.5331491712707183,1,2023-04-05,0.49971552164192945
2023-04-05_DET@HOU,0.5369261477045908,0,2023-04-05,0.5056411620328187
2023-04-05_NYM@MIL,0.30434782608695654,1,2023-04-05,0.41830817867010184
2023-04-05_PHI@NYY,0.6211656441717791,1,2023-04-05,0.5289859593638353
2023-04-05_MIN@MIA,0.5331491712707183,1,2023-04-05,0.49829458270559
2023-04-05_PIT@BOS,0.45825049701789267,0,2023-04-05,0.4844131924030376
2023-04-05_TB@WSH,0.5511811023622046,0,2023-04-05,0.515741431495206
2023-04-05_ATL@STL,0.5331491712707183,1,2023-04-05,0.502319638923179
2023-04-06_WSH@COL,0.5331491712707183,0,2023-04-06,0.5017516238116005
2023-04-06_SD@ATL,0.4253521126760563,1,2023-04-06,0.45057499207682794
2023-04-06_LAD@AZ,0.3881656804733728,0,2023-04-06,0.4334766888558895
2023-04-06_TOR@KC,0.265993265993266,1,2023-04-06,0.39688160193677857
2023-04-06_SF@CWS,0.5369261477045908,1,2023-04-06,0.5042424693553212
2023-04-06_BOS@DET,0.6211656441717791,0,2023-04-06,0.5459085614475496
2023-04-07_CIN@PHI,0.4253521126760563,0,2023-04-07,0.46302106072844784
2023-04-07_TOR@LAA,0.5511811023622046,1,2023-04-07,0.5224714735591125
2023-04-07_LAD@AZ,0.4822834645669291,1,2023-04-07,0.48582777579755165
2023-04-07_WSH@COL,0.5511811023622046,1,2023-04-07,0.5160112460442094
2023-04-07_STL@MIL,0.6211656441717791,0,2023-04-07,0.5335376448636784
2023-04-07_TEX@CHC,0.7407407407407407,0,2023-04-07,0.6643577058558197
2023-04-07_SD@ATL,0.6211656441717791,1,2023-04-07,0.540570097502673
2023-04-07_HOU@MIN,0.5331491712707183,0,2023-04-07,0.499571372866201
2023-04-07_OAK@TB,0.45825049701789267,0,2023-04-07,0.47818209613647167
2023-04-07_CWS@PIT,0.6211656441717791,1,2023-04-07,0.533553873565624
2023-04-07_KC@SF,0.5331491712707183,0,2023-04-07,0.5004649991233947
2023-04-07_SEA@CLE,0.5331491712707183,1,2023-04-07,0.5021873151556604
2023-04-07_MIA@NYM,0.45825049701789267,0,2023-04-07,0.4809602187951214
2023-04-07_NYY@BAL,0.4253521126760563,0,2023-04-07,0.46403859809972514
2023-04-08_TOR@LAA,0.4253521126760563,0,2023-04-08,0.4657974117757414
2023-04-08_WSH@COL,0.6827586206896552,0,2023-04-08,0.5877586909930972
2023-04-08_SD@ATL,0.5331491712707183,0,2023-04-08,0.500391170785009
2023-04-08_MIA@NYM,0.6827586206896552,1,2023-04-08,0.5797446136437322
2023-04-08_CWS@PIT,0.4253521126760563,1,2023-04-08,0.46481774302245593
2023-04-08_SEA@CLE,0.5511811023622046,1,2023-04-08,0.5117337687767927
2023-04-08_LAD@AZ,0.5511811023622046,1,2023-04-08,0.5283611291552504
2023-04-08_OAK@TB,0.5331491712707183,0,2023-04-08,0.4982169263663989
2023-04-08_NYY@BAL,0.4253521126760563,1,2023-04-08,0.4649235469701777
2023-04-08_KC@SF,0.5331491712707183,0,2023-04-08,0.498832891972397
2023-04-08_TEX@CHC,0.5369261477045908,1,2023-04-08,0.5041769132817406
2023-04-08_STL@MIL,0.5511811023622046,1,2023-04-08,0.5155916280463655
2023-04-08_BOS@DET,0.4253521126760563,0,2023-04-08,0.4670605904644123
2023-04-08_CIN@PHI,0.6553191489361702,1,2023-04-08,0.5583791136646291
2023-04-08_HOU@MIN,0.45825049701789267,0,2023-04-08,0.47830580183444393
2023-04-09_MIA@NYM,0.4822834645669291,1,2023-04-09,0.48710358944625143
2023-04-09_LAD@AZ,0.3881656804733728,1,2023-04-09,0.4339966454351575
2023-04-09_TEX@CHC,0.4253521126760563,0,2023-04-09,0.4523914045827082
2023-04-09_KC@SF,0.5369261477045908,0,2023-04-09,0.5071989066996604
2023-04-09_TOR@LAA,0.5511811023622046,1,2023-04-09,0.5129965586487182
2023-04-09_WSH@COL,0.30434782608695654,0,2023-04-09,0.41751841844023696
2023-04-09_SEA@CLE,0.5369261477045908,1,2023-04-09,0.5066627973928278
2023-04-09_HOU@MIN,0.3881656804733728,0,2023-04-09,0.43467331449563074
2023-04-09_STL@MIL,0.5511811023622046,0,2023-04-09,0.5149830250417451
2023-04-09_NYY@BAL,0.5331491712707183,1,2023-04-09,0.4990949131380996
2023-04-09_CIN@PHI,0.5511811023622046,1,2023-04-09,0.526073679341807
2023-04-09_CWS@PIT,0.4253521126760563,0,2023-04-09,0.45476479696720606
2023-04-09_BOS@DET,0.7407407407407407,1,2023-04-09,0.6342752308279154
2023-04-09_OAK@TB,0.45825049701789267,1,2023-04-09,0.4772326093499121
2023-04-09_SD@ATL,0.7407407407407407,0,2023-04-09,0.6370617532590521
2023-04-10_SEA@CHC,0.3881656804733728,0,2023-04-10,0.4270940079073804
2023-04-10_STL@COL,0.5511811023622046,0,2023-04-10,0.516035511211751
2023-04-10_MIL@AZ,0.45825049701789267,1,2023-04-10,0.47108520074654703
2023-04-10_KC@TEX,0.6553191489361702,1,2023-04-10,0.5604283677859423
2023-04-10_WSH@LAA,0.5511811023622046,1,2023-04-10,0.5139761173758575
2023-04-10_HOU@PIT,0.6827586206896552,1,2023-04-10,0.5925577145707155
2023-04-10_MIA@PHI,0.45825049701789267,0,2023-04-10,0.47306556854755344
2023-04-10_OAK@BAL,0.45825049701789267,1,2023-04-10,0.47679099567431504
2023-04-10_CIN@ATL,0.5369261477045908,0,2023-04-10,0.5093130452315836
2023-04-10_NYY@CLE,0.7407407407407407,1,2023-04-10,0.6165919387064206
2023-04-10_BOS@TB,0.4822834645669291,0,2023-04-10,0.4864112590280618
2023-04-10_CWS@MIN,0.4253521126760563,0,2023-04-10,0.4626841569297655
2023-04-10_LAD@SF,0.6211656441717791,1,2023-04-10,0.5398074930716424
2023-04-10_SD@NYM,0.4822834645669291,0,2023-04-10,0.4898467210954436
2023-04-11_MIL@AZ,0.4822834645669291,0,2023-04-11,0.4913431402103512
2023-04-11_STL@COL,0.45825049701789267,1,2023-04-11,0.4756463164104475
2023-04-11_WSH@LAA,0.4253521126760563,0,2023-04-11,0.4653925486958016
2023-04-11_KC@TEX,0.5511811023622046,0,2023-04-11,0.5216100708152402
2023-04-11_CWS@MIN,0.4253521126760563,1,2023-04-11,0.4616502854375307
2023-04-11_SEA@CHC,0.7157894736842105,1,2023-04-11,0.6104824545545182
2023-04-11_OAK@BAL,0.4822834645669291,1,2023-04-11,0.4898430259546399
2023-04-11_MIA@PHI,0.6211656441717791,0,2023-04-11,0.5414132305327684
2023-04-11_CIN@ATL,0.7407407407407407,1,2023-04-11,0.6458943508635566
2023-04-11_SD@NYM,0.4253521126760563,0,2023-04-11,0.45713424574481054
2023-04-11_DET@TOR,0.45825049701789267,0,2023-04-11,0.47276090366475243
2023-04-11_HOU@PIT,0.3881656804733728,1,2023-04-11,0.43654118915826967
2023-04-11_LAD@SF,0.45825049701789267,1,2023-04-11,0.48091862100727245
2023-04-11_BOS@TB,0.5331491712707183,1,2023-04-11,0.4968726174904967
2023-04-11_NYY@CLE,0.1888111888111888,1,2023-04-11,0.38779480339832506
2023-04-12_KC@TEX,0.6827586206896552,1,2023-04-12,0.580979409815876
2023-04-12_MIL@AZ,0.5369261477045908,1,2023-04-12,0.5057845919177253
2023-04-12_OAK@BAL,0.5511811023622046,1,2023-04-12,0.515591799917573
2023-04-12_BOS@TB,0.6211656441717791,1,2023-04-12,0.5368723561375668
2023-04-12_CIN@ATL,0.268041237113402,1,2023-04-12,0.4123188571421813
2023-04-12_WSH@LAA,0.49743589743589745,0,2023-04-12,0.4959609338754617
2023-04-12_DET@TOR,0.4253521126760563,0,2023-04-12,0.45368899315294176
2023-04-12_HOU@PIT,0.4822834645669291,0,2023-04-12,0.4893258909313276
2023-04-12_CWS@MIN,0.45825049701789267,0,2023-04-12,0.4810793464228612
2023-04-12_SEA@CHC,0.6827586206896552,1,2023-04-12,0.593823246919722
2023-04-12_STL@COL,0.6211656441717791,1,2023-04-12,0.5396631032163991
2023-04-12_MIA@PHI,0.7407407407407407,0,2023-04-12,0.7011281539896632
2023-04-12_SD@NYM,0.5511811023622046,1,2023-04-12,0.5106176144557013
2023-04-12_LAD@SF,0.6827586206896552,1,2023-04-12,0.5770975178175991
2023-04-12_NYY@CLE,0.45825049701789267,1,2023-04-12,0.4789506327044831
2023-04-13_MIL@SD,0.5331491712707183,1,2023-04-13,0.5015512629383223
2023-04-13_MIN@NYY,0.5331491712707183,1,2023-04-13,0.5017845578235451
2023-04-13_PIT@STL,0.6553191489361702,0,2023-04-13,0.5551797793031243
2023-04-13_DET@TOR,0.5331491712707183,0,2023-04-13,0.4984082926913246
2023-04-13_OAK@BAL,0.4822834645669291,1,2023-04-13,0.48673331981327117
2023-04-13_PHI@CIN,0.45825049701789267,1,2023-04-13,0.47329341490730903
2023-04-13_BOS@TB,0.5511811023622046,1,2023-04-13,0.5211027960584075
2023-04-14_CHC@LAD,0.265993265993266,0,2023-04-14,0.4069739552977495
2023-04-14_TEX@HOU,0.4822834645669291,1,2023-04-14,0.49171334354540897
2023-04-14_COL@SEA,0.4822834645669291,1,2023-04-14,0.491673485727228
2023-04-14_NYM@OAK,0.4253521126760563,0,2023-04-14,0.44603984835267096
2023-04-14_ATL@KC,0.5331491712707183,1,2023-04-14,0.5023969142383766
2023-04-14_MIL@SD,0.5369261477045908,1,2023-04-14,0.5044412070671276
2023-04-14_PIT@STL,0.5369261477045908,0,2023-04-14,0.5063414852214176
2023-04-14_LAA@BOS,0.45825049701789267,1,2023-04-14,0.4717935687196866
2023-04-14_AZ@MIA,0.6211656441717791,0,2023-04-14,0.5314615053645475
2023-04-14_SF@DET,0.4822834645669291,1,2023-04-14,0.4888435624730644
2023-04-14_PHI@CIN,0.6827586206896552,1,2023-04-14,0.5907681641417151
2023-04-14_TB@TOR,0.30434782608695654,1,2023-04-14,0.41822495734818665
2023-04-14_MIN@NYY,0.5331491712707183,1,2023-04-14,0.4970519932253523
2023-04-14_CLE@WSH,0.3466666666666667,0,2023-04-14,0.42247071987257256
2023-04-14_BAL@CWS,0.4822834645669291,0,2023-04-14,0.49265076206011194
2023-04-15_MIL@SD,0.5369261477045908,1,2023-04-15,0.5065189140441169
2023-04-15_COL@SEA,0.3881656804733728,0,2023-04-15,0.42343391960826793
2023-04-15_TEX@HOU,0.4253521126760563,0,2023-04-15,0.4438279992172457
2023-04-15_ATL@KC,0.5511811023622046,1,2023-04-15,0.5128154388872008
2023-04-15_CHC@LAD,0.45825049701789267,0,2023-04-15,0.47876982856651484
2023-04-15_NYM@OAK,0.45825049701789267,0,2023-04-15,0.48087145687133037
2023-04-15_PHI@CIN,0.4253521126760563,0,2023-04-15,0.46245556470482063
2023-04-15_AZ@MIA,0.4253521126760563,1,2023-04-15,0.4511370805249252
2023-04-15_TB@TOR,0.5369261477045908,0,2023-04-15,0.5078387970320939
2023-04-15_BAL@CWS,0.265993265993266,0,2023-04-15,0.4050608303220907
2023-04-15_SF@DET,0.5511811023622046,1,2023-04-15,0.5199512402377766
2023-04-15_MIN@NYY,0.5511811023622046,0,2023-04-15,0.5112645528642429
2023-04-15_CLE@WSH,0.5511811023622046,1,2023-04-15,0.5167290210176152
2023-04-15_LAA@BOS,0.6827586206896552,1,2023-04-15,0.570287019160028
2023-04-15_PIT@STL,0.6827586206896552,1,2023-04-15,0.5705042388243288
2023-04-16_COL@SEA,0.4253521126760563,0,2023-04-16,0.4649648913939577
2023-04-16_NYM@OAK,0.5331491712707183,0,2023-04-16,0.5001884010153144
2023-04-16_CHC@LAD,0.5369261477045908,0,2023-04-16,0.503264500382198
2023-04-16_PIT@STL,0.5511811023622046,1,2023-04-16,0.5246616277199041
2023-04-16_MIL@SD,0.45825049701789267,0,2023-04-16,0.48077813696611693
2023-04-16_AZ@MIA,0.3881656804733728,0,2023-04-16,0.43762174657208963
2023-04-16_ATL@KC,0.4253521126760563,0,2023-04-16,0.45799341756629863
2023-04-16_BAL@CWS,0.49743589743589745,1,2023-04-16,0.495054791209965
2023-04-16_PHI@CIN,0.4822834645669291,1,2023-04-16,0.48982515875499233
2023-04-16_CLE@WSH,0.5331491712707183,1,2023-04-16,0.4983233975304101
2023-04-16_TB@TOR,0.4253521126760563,1,2023-04-16,0.4605823967031213
2023-04-16_MIN@NYY,0.3881656804733728,0,2023-04-16,0.43869159067955665
2023-04-16_LAA@BOS,0.49743589743589745,0,2023-04-16,0.49604429087811386
2023-04-16_TEX@HOU,0.4253521126760563,0,2023-04-16,0.4526878351095259
2023-04-17_NYM@LAD,0.5369261477045908,1,2023-04-17,0.5065701146437815
2023-04-17_ATL@SD,0.49743589743589745,1,2023-04-17,0.49633761248750785
2023-04-17_MIL@SEA,0.4253521126760563,0,2023-04-17,0.4597153870188394
2023-04-17_PIT@COL,0.5511811023622046,1,2023-04-17,0.5104411662586156
2023-04-17_CHC@OAK,0.7407407407407407,1,2023-04-17,0.6890891117814968
2023-04-17_TOR@HOU,0.5369261477045908,1,2023-04-17,0.5056115570286944
2023-04-17_AZ@STL,0.5511811023622046,1,2023-04-17,0.5123863644309696
2023-04-17_LAA@BOS,0.4253521126760563,1,2023-04-17,0.46828816865483736
2023-04-17_TB@CIN,0.45825049701789267,0,2023-04-17,0.48430346321130313
2023-04-17_SF@MIA,0.4822834645669291,0,2023-04-17,0.4866313525709677
2023-04-17_TEX@KC,0.5511811023622046,1,2023-04-17,0.5242243263180353
2023-04-18_ATL@SD,0.6827586206896552,0,2023-04-18,0.5692044556278268
2023-04-18_MIL@SEA,0.3881656804733728,1,2023-04-18,0.4380263935091657
2023-04-18_MIN@BOS,0.5511811023622046,1,2023-04-18,0.5281225411876831
2023-04-18_NYM@LAD,0.45825049701789267,1,2023-04-18,0.47260317623381354
2023-04-18_PIT@COL,0.7407407407407407,1,2023-04-18,0.6666068963935128
2023-04-18_TEX@KC,0.6827586206896552,1,2023-04-18,0.5717406163344447
2023-04-18_CHC@OAK,0.6827586206896552,0,2023-04-18,0.5683945828915602
2023-04-18_PHI@CWS,0.6827586206896552,1,2023-04-18,0.5784421149355621
2023-04-18_TOR@HOU,0.5511811023622046,0,2023-04-18,0.5163438098174855
2023-04-18_AZ@STL,0.5331491712707183,1,2023-04-18,0.4979544250965775
2023-04-18_SF@MIA,0.6211656441717791,1,2023-04-18,0.5453795002022307
2023-04-18_LAA@NYY,0.45825049701789267,1,2023-04-18,0.47235485361851537
2023-04-18_CLE@DET,0.4253521126760563,1,2023-04-18,0.44673035004999373
2023-04-18_BAL@WSH,0.3881656804733728,0,2023-04-18,0.43744737563701597
2023-04-18_CLE@DET,0.5331491712707183,0,2023-04-18,0.5020300597793642
2023-04-18_PHI@CWS,0.5369261477045908,1,2023-04-18,0.5056932796672351
2023-04-18_TB@CIN,0.45825049701789267,0,2023-04-18,0.4733737719383191
2023-04-19_TOR@HOU,0.3881656804733728,0,2023-04-19,0.43528602308177033
2023-04-19_MIL@SEA,0.5331491712707183,0,2023-04-19,0.5001055747397907
2023-04-19_LAA@NYY,0.5511811023622046,1,2023-04-19,0.5152424693697166
2023-04-19_MIN@BOS,0.6211656441717791,1,2023-04-19,0.5350229468670068
2023-04-19_CHC@OAK,0.4253521126760563,0,2023-04-19,0.46660508046411575
2023-04-19_ATL@SD,0.5331491712707183,0,2023-04-19,0.5014351480454773
2023-04-19_NYM@LAD,0.45825049701789267,0,2023-04-19,0.47259213370673603
2023-04-19_AZ@STL,0.45825049701789267,1,2023-04-19,0.47253360271842104
2023-04-19_PHI@CWS,0.9090909090909091,1,2023-04-19,0.7249722160324922
2023-04-19_SF@MIA,0.45825049701789267,0,2023-04-19,0.47407209961312013
2023-04-19_CLE@DET,0.4253521126760563,0,2023-04-19,0.45662564019067353
2023-04-19_TEX@KC,0.7407407407407407,1,2023-04-19,0.6264965567974141
2023-04-19_TB@CIN,0.7157894736842105,1,2023-04-19,0.613883456919212
2023-04-19_BAL@WSH,0.4253521126760563,0,2023-04-19,0.4668151852232403
2023-04-19_PIT@COL,0.45825049701789267,1,2023-04-19,0.47383636204501034
2023-04-20_LAA@NYY,0.6211656441717791,1,2023-04-20,0.5324437461052297
2023-04-20_SD@AZ,0.5331491712707183,0,2023-04-20,0.5011676346634857
2023-04-20_MIN@BOS,0.4253521126760563,1,2023-04-20,0.4584029658720786
2023-04-20_LAD@CHC,0.45825049701789267,0,2023-04-20,0.48035554667530267
2023-04-20_CIN@PIT,0.45825049701789267,1,2023-04-20,0.47253810638355687
2023-04-20_NYM@SF,0.5511811023622046,0,2023-04-20,0.5109260602404644
2023-04-20_COL@PHI,0.5331491712707183,1,2023-04-20,0.49874748062390983
2023-04-21_CWS@TB,0.7407407407407407,1,2023-04-21,0.6273645260156617
2023-04-21_BOS@MIL,0.4253521126760563,0,2023-04-21,0.4493537607939051
2023-04-21_SD@AZ,0.1888111888111888,0,2023-04-21,0.3776917069992589
2023-04-21_KC@LAA,0.45825049701789267,0,2023-04-21,0.4771635880888693
2023-04-21_TOR@NYY,0.4253521126760563,1,2023-04-21,0.4570883818212249
2023-04-21_NYM@SF,0.5369261477045908,0,2023-04-21,0.5053016100737875
2023-04-21_HOU@ATL,0.4822834645669291,1,2023-04-21,0.4907824239902663
2023-04-21_OAK@TEX,0.6211656441717791,1,2023-04-21,0.5447420150739608
2023-04-21_LAD@CHC,0.4822834645669291,1,2023-04-21,0.4890761714612615
2023-04-21_CIN@PIT,0.3881656804733728,0,2023-04-21,0.427000270490824
2023-04-21_COL@PHI,0.6211656441717791,1,2023-04-21,0.5500695099606325
2023-04-21_DET@BAL,0.4253521126760563,0,2023-04-21,0.4668956041114689
2023-04-21_WSH@MIN,0.265993265993266,0,2023-04-21,0.40525545683339903
2023-04-21_STL@SEA,0.3881656804733728,0,2023-04-21,0.43129644714152526
2023-04-22_OAK@TEX,0.5331491712707183,1,2023-04-22,0.5003269127615955
2023-04-22_WSH@MIN,0.6827586206896552,1,2023-04-22,0.5671204182696552
2023-04-22_BOS@MIL,0.6827586206896552,0,2023-04-22,0.5870649828674798
2023-04-22_KC@LAA,0.3881656804733728,0,2023-04-22,0.42557522423447924
2023-04-22_STL@SEA,0.6211656441717791,1,2023-04-22,0.5352506314916343
2023-04-22_SD@AZ,0.4822834645669291,1,2023-04-22,0.4883541215599031
2023-04-22_DET@BAL,0.45825049701789267,0,2023-04-22,0.4812260287722758
2023-04-22_HOU@ATL,0.4253521126760563,0,2023-04-22,0.46457384175746474
2023-04-22_CIN@PIT,0.6553191489361702,1,2023-04-22,0.5578334916189361
2023-04-22_MIA@CLE,0.6211656441717791,1,2023-04-22,0.5445966114366106
2023-04-22_LAD@CHC,0.4253521126760563,1,2023-04-22,0.4567984010210273
2023-04-22_NYM@SF,0.3881656804733728,1,2023-04-22,0.4244385062142534
2023-04-22_MIA@CLE,0.6553191489361702,0,2023-04-22,0.5654378974751985
2023-04-22_TOR@NYY,0.5331491712707183,0,2023-04-22,0.502241132855571
2023-04-22_COL@PHI,0.5331491712707183,0,2023-04-22,0.502190199197452
2023-04-22_CWS@TB,0.4253521126760563,1,2023-04-22,0.45740849658950733
2023-04-23_STL@SEA,0.5511811023622046,1,2023-04-23,0.521805507921873
2023-04-23_LAD@CHC,0.4253521126760563,1,2023-04-23,0.4658624362405833
2023-04-23_KC@LAA,0.7407407407407407,1,2023-04-23,0.6920993742705015
2023-04-23_OAK@TEX,0.45825049701789267,0,2023-04-23,0.48409954852902504
2023-04-23_WSH@MIN,0.5331491712707183,1,2023-04-23,0.49768840822233085
2023-04-23_NYM@SF,0.5511811023622046,1,2023-04-23,0.5213427049303822
2023-04-23_CWS@TB,0.7407407407407407,0,2023-04-23,0.6462426047438028
2023-04-23_SD@AZ,0.6553191489361702,1,2023-04-23,0.5657083530046658
2023-04-23_MIA@CLE,0.5331491712707183,0,2023-04-23,0.4993933008552862
2023-04-23_BOS@MIL,0.45825049701789267,1,2023-04-23,0.46914615749330624
2023-04-23_HOU@ATL,0.45825049701789267,0,2023-04-23,0.47693098240614373
2023-04-23_CIN@PIT,0.5511811023622046,1,2023-04-23,0.5267522915700558
2023-04-23_TOR@NYY,0.1888111888111888,0,2023-04-23,0.3777270356279381
2023-04-23_COL@PHI,0.5369261477045908,1,2023-04-23,0.5036086384636477
2023-04-23_DET@BAL,0.45825049701789267,0,2023-04-23,0.48290408035088295
2023-04-24_MIA@ATL,0.4253521126760563,0,2023-04-24,0.4428463248402372
2023-04-24_OAK@LAA,0.5331491712707183,1,2023-04-24,0.49802308745415624
2023-04-24_KC@AZ,0.4253521126760563,1,2023-04-24,0.4419617256041726
2023-04-24_DET@MIL,0.3881656804733728,1,2023-04-24,0.4269754062101121
2023-04-24_NYY@MIN,0.4253521126760563,0,2023-04-24,0.459646592645111
2023-04-24_TEX@CIN,0.1888111888111888,1,2023-04-24,0.3840851240738655
2023-04-24_STL@SF,0.4253521126760563,0,2023-04-24,0.45769278073451314
2023-04-24_BOS@BAL,0.6211656441717791,0,2023-04-24,0.5339082700400999
2023-04-24_COL@CLE,0.6553191489361702,1,2023-04-24,0.564835265116028
2023-04-24_HOU@TB,0.4253521126760563,1,2023-04-24,0.4610802809175286
2023-04-24_CWS@TOR,0.4253521126760563,0,2023-04-24,0.44186923460264615
2023-04-25_KC@AZ,0.268041237113402,1,2023-04-25,0.4122556500613933
2023-04-25_OAK@LAA,0.6211656441717791,1,2023-04-25,0.546804368817357
2023-04-25_SD@CHC,0.3881656804733728,0,2023-04-25,0.44042665772081935
2023-04-25_NYY@MIN,0.5331491712707183,1,2023-04-25,0.49830419439304374
2023-04-25_DET@MIL,0.5369261477045908,0,2023-04-25,0.5032383664729099
2023-04-25_MIA@ATL,0.5369261477045908,1,2023-04-25,0.5054796371515153
2023-04-25_WSH@NYM,0.4253521126760563,0,2023-04-25,0.466331814129996
2023-04-25_SEA@PHI,0.45825049701789267,0,2023-04-25,0.4722738824548879
2023-04-25_CWS@TOR,0.265993265993266,0,2023-04-25,0.40318690595684337
2023-04-25_TEX@CIN,0.5331491712707183,1,2023-04-25,0.5016776183458163
2023-04-25_BOS@BAL,0.4253521126760563,0,2023-04-25,0.451713289536707
2023-04-25_HOU@TB,0.6211656441717791,0,2023-04-25,0.5295729716542236
2023-04-25_STL@SF,0.4822834645669291,0,2023-04-25,0.4856989242964963
2023-04-25_COL@CLE,0.4253521126760563,1,2023-04-25,0.44698641120355564
2023-04-25_LAD@PIT,0.45825049701789267,1,2023-04-25,0.47946215519059276
2023-04-26_HOU@TB,0.5511811023622046,1,2023-04-26,0.5140288975397924
2023-04-26_SD@CHC,0.3881656804733728,0,2023-04-26,0.4298476788584167
2023-04-26_OAK@LAA,0.4822834645669291,1,2023-04-26,0.4898696601514301
2023-04-26_MIA@ATL,0.3466666666666667,0,2023-04-26,0.4217596327463653
2023-04-26_WSH@NYM,0.5511811023622046,0,2023-04-26,0.5168734435997955
2023-04-26_LAD@PIT,0.4253521126760563,0,2023-04-26,0.46284764982986937
2023-04-26_SEA@PHI,0.5331491712707183,1,2023-04-26,0.5007655513236744
2023-04-26_DET@MIL,0.4253521126760563,1,2023-04-26,0.4457839943016245
2023-04-26_NYY@MIN,0.4253521126760563,0,2023-04-26,0.4508363591935196
2023-04-26_KC@AZ,0.5369261477045908,0,2023-04-26,0.5068073047158325
2023-04-26_BOS@BAL,0.4253521126760563,1,2023-04-26,0.44741014256456735
2023-04-26_CWS@TOR,0.4253521126760563,0,2023-04-26,0.44560399676016005
2023-04-26_COL@CLE,0.4253521126760563,1,2023-04-26,0.45217345367557116
2023-04-26_STL@SF,0.7407407407407407,1,2023-04-26,0.6163387227698698
2023-04-26_TEX@CIN,0.5369261477045908,0,2023-04-26,0.5094069345063297
2023-04-27_TB@CWS,0.4253521126760563,0,2023-04-27,0.44518343343079736
2023-04-27_NYY@TEX,0.7157894736842105,0,2023-04-27,0.6126329845546559
2023-04-27_WSH@NYM,0.6211656441717791,0,2023-04-27,0.5426467199668696
2023-04-27_KC@MIN,0.6211656441717791,1,2023-04-27,0.5320989374398557
2023-04-27_OAK@LAA,0.4253521126760563,0,2023-04-27,0.44584955100802637
2023-04-27_SEA@PHI,0.45825049701789267,0,2023-04-27,0.4722660419464404
2023-04-27_BAL@DET,0.3881656804733728,0,2023-04-27,0.42841743087480244
2023-04-27_SD@CHC,0.265993265993266,0,2023-04-27,0.3922691974479732
2023-04-27_STL@SF,0.4253521126760563,0,2023-04-27,0.44444913067211844
2023-04-27_MIA@ATL,0.5331491712707183,0,2023-04-27,0.4971410618339268
2023-04-27_LAD@PIT,0.5511811023622046,1,2023-04-27,0.5153083669489502
2023-04-28_NYY@TEX,0.6211656441717791,0,2023-04-28,0.5415128205014017
2023-04-28_CIN@OAK,0.7407407407407407,1,2023-04-28,0.6943630394316518
2023-04-28_STL@LAD,0.5331491712707183,1,2023-04-28,0.5014606593634472
2023-04-28_LAA@MIL,0.45825049701789267,1,2023-04-28,0.48255594325648654
2023-04-28_KC@MIN,0.6827586206896552,1,2023-04-28,0.5894664415724371
2023-04-28_AZ@COL,0.6211656441717791,0,2023-04-28,0.5324506905461035
2023-04-28_PHI@HOU,0.6211656441717791,1,2023-04-28,0.528999822843186
2023-04-28_SEA@TOR,0.3881656804733728,0,2023-04-28,0.43502267365382286
2023-04-28_TB@CWS,1.0,1,2023-04-28,0.7967276872113218
2023-04-28_ATL@NYM,0.3881656804733728,0,2023-04-28,0.423141175938464
2023-04-28_CLE@BOS,0.4253521126760563,1,2023-04-28,0.4617735785317959
2023-04-28_CHC@MIA,0.4253521126760563,0,2023-04-28,0.45381960458117865
2023-04-29_AZ@COL,0.265993265993266,1,2023-04-29,0.39518072633140733
2023-04-29_STL@LAD,0.4822834645669291,0,2023-04-29,0.4856448130361205
2023-04-29_PHI@HOU,0.4253521126760563,0,2023-04-29,0.4480262602102407
2023-04-29_TB@CWS,0.4822834645669291,0,2023-04-29,0.48796711974441287
2023-04-29_NYY@TEX,0.5511811023622046,0,2023-04-29,0.526308057413821
2023-04-29_CHC@MIA,0.45825049701789267,1,2023-04-29,0.47405799838804463
2023-04-29_LAA@MIL,0.3881656804733728,0,2023-04-29,0.4288599964176685
2023-04-29_CIN@OAK,0.4253521126760563,0,2023-04-29,0.4538238174465914
2023-04-29_SEA@TOR,0.6211656441717791,0,2023-04-29,0.5367527498888884
2023-04-29_BAL@DET,0.45825049701789267,0,2023-04-29,0.47474921841021467
2023-04-29_BAL@DET,0.5511811023622046,1,2023-04-29,0.524399183383595
2023-04-29_PIT@WSH,0.6553191489361702,1,2023-04-29,0.5565310929127776
2023-04-29_PIT@WSH,0.5369261477045908,0,2023-04-29,0.5063572478480868
2023-04-29_SF@SD,0.6211656441717791,1,2023-04-29,0.5496485825520903
2023-04-29_CLE@BOS,0.4253521126760563,1,2023-04-29,0.4605665961722699
2023-04-29_KC@MIN,0.4822834645669291,0,2023-04-29,0.4901108824710094
2023-04-30_TB@CWS,0.6211656441717791,1,2023-04-30,0.5520233616370476
2023-04-30_NYY@TEX,0.4822834645669291,1,2023-04-30,0.4858442358128692
2023-04-30_CIN@OAK,0.45825049701789267,1,2023-04-30,0.4819316223095321
2023-04-30_STL@LAD,0.49743589743589745,0,2023-04-30,0.49560078201066005
2023-04-30_AZ@COL,0.4253521126760563,0,2023-04-30,0.4642723167151104
2023-04-30_PHI@HOU,0.6827586206896552,1,2023-04-30,0.5731655609059263
2023-04-30_BAL@DET,0.4253521126760563,0,2023-04-30,0.4667097840430642
2023-04-30_CHC@MIA,0.6553191489361702,0,2023-04-30,0.5594134621251508
2023-04-30_KC@MIN,0.45825049701789267,0,2023-04-30,0.4842543376603622
2023-04-30_SEA@TOR,0.4253521126760563,1,2023-04-30,0.4676203660985653
2023-04-30_LAA@MIL,0.4822834645669291,0,2023-04-30,0.4884012023876315
2023-04-30_PIT@WSH,0.45825049701789267,1,2023-04-30,0.4716709346069654
2023-04-30_SF@SD,0.5369261477045908,1,2023-04-30,0.503029130073728
2023-04-30_CLE@BOS,0.5369261477045908,0,2023-04-30,0.5081550375063952
2023-05-01_ATL@NYM,0.4822834645669291,0,2023-05-01,0.48549145603158184
2023-05-01_PHI@LAD,0.5331491712707183,1,2023-05-01,0.4984339230219077
2023-05-01_CIN@SD,0.7407407407407407,1,2023-05-01,0.6536573700961401
2023-05-01_CHC@WSH,0.4822834645669291,1,2023-05-01,0.48831379338794945
2023-05-01_SF@HOU,0.7407407407407407,1,2023-05-01,0.6526150425179202
2023-05-01_CLE@NYY,0.4253521126760563,0,2023-05-01,0.4494465599931502
2023-05-01_ATL@NYM,0.49743589743589745,1,2023-05-01,0.4954356322991643
2023-05-01_TOR@BOS,0.5331491712707183,1,2023-05-01,0.49748110662666634
2023-05-02_SEA@OAK,0.4822834645669291,0,2023-05-02,0.48879484276932583
2023-05-02_MIL@COL,0.6211656441717791,0,2023-05-02,0.5492988410641286
2023-05-02_CIN@SD,0.6827586206896552,0,2023-05-02,0.5740153353335462
2023-05-02_BAL@KC,0.6211656441717791,1,2023-05-02,0.5329570766146555
2023-05-02_PHI@LAD,0.7407407407407407,1,2023-05-02,0.6733322888742481
2023-05-02_LAA@STL,0.5369261477045908,1,2023-05-02,0.5099751634004746
2023-05-02_CLE@NYY,0.4253521126760563,0,2023-05-02,0.46227612952147756
2023-05-02_SF@HOU,0.1888111888111888,1,2023-05-02,0.3889785205980718
2023-05-02_TOR@BOS,0.3881656804733728,0,2023-05-02,0.431022498257011
2023-05-02_AZ@TEX,0.6827586206896552,1,2023-05-02,0.6011935878146821
2023-05-02_CHC@WSH,0.4253521126760563,0,2023-05-02,0.4496809127695385
2023-05-02_ATL@MIA,0.1888111888111888,0,2023-05-02,0.38479634986987954
2023-05-02_PIT@TB,0.4253521126760563,0,2023-05-02,0.451751286063405
2023-05-02_MIN@CWS,0.45825049701789267,0,2023-05-02,0.4842489034942977
2023-05-03_MIL@COL,0.5369261477045908,0,2023-05-03,0.5038180638606542
2023-05-03_SEA@OAK,0.3881656804733728,0,2023-05-03,0.42562679551438554
2023-05-03_LAA@STL,0.7407407407407407,1,2023-05-03,0.6837258945095375
2023-05-03_ATL@MIA,0.5369261477045908,0,2023-05-03,0.5035301579390313
2023-05-03_MIN@CWS,0.4253521126760563,1,2023-05-03,0.4557848432730399
2023-05-03_TOR@BOS,0.4253521126760563,0,2023-05-03,0.44357505834503386
2023-05-03_CLE@NYY,0.4253521126760563,1,2023-05-03,0.44478255220139906
2023-05-03_SF@HOU,0.6827586206896552,0,2023-05-03,0.5748365618523977
2023-05-03_PHI@LAD,0.6827586206896552,1,2023-05-03,0.5716596068102467
2023-05-03_PIT@TB,0.265993265993266,0,2023-05-03,0.3989247564826486
2023-05-03_NYM@DET,0.4253521126760563,1,2023-05-03,0.462336688642376
2023-05-03_CIN@SD,0.3881656804733728,0,2023-05-03,0.4282333236866186
2023-05-03_BAL@KC,0.265993265993266,0,2023-05-03,0.40684043336858744
2023-05-03_NYM@DET,0.5331491712707183,1,2023-05-03,0.4983166876749642
2023-05-03_CHC@WSH,0.45825049701789267,1,2023-05-03,0.47981761967809755
2023-05-03_AZ@TEX,0.45825049701789267,0,2023-05-03,0.4774522571317342
2023-05-04_ATL@MIA,0.45825049701789267,1,2023-05-04,0.48257296197708766
2023-05-04_SEA@OAK,0.4253521126760563,0,2023-05-04,0.4482098783448548
2023-05-04_MIN@CWS,0.7157894736842105,0,2023-05-04,0.6056136881923789
2023-05-04_LAA@STL,0.265993265993266,1,2023-05-04,0.4032559902501751
2023-05-04_PIT@TB,0.4822834645669291,0,2023-05-04,0.49312998392493845
2023-05-04_MIL@COL,0.45825049701789267,1,2023-05-04,0.48155759320567026
2023-05-04_TOR@BOS,0.4253521126760563,1,2023-05-04,0.451081699081497
2023-05-04_CHC@WSH,0.4253521126760563,0,2023-05-04,0.4449223278367427
2023-05-04_NYM@DET,0.49743589743589745,1,2023-05-04,0.4953131278376516
2023-05-04_BAL@KC,0.4253521126760563,1,2023-05-04,0.45249378708620314
2023-05-05_DET@STL,0.4253521126760563,1,2023-05-05,0.4563166962876605
2023-05-05_MIL@SF,0.6827586206896552,1,2023-05-05,0.5868679686694541
2023-05-05_TEX@LAA,0.4822834645669291,0,2023-05-05,0.4859678872049801
2023-05-05_LAD@SD,0.5511811023622046,1,2023-05-05,0.516296892091545
2023-05-05_WSH@AZ,0.45825049701789267,1,2023-05-05,0.47787406108316677
2023-05-05_HOU@SEA,0.4253521126760563,0,2023-05-05,0.4541704995600504
2023-05-05_OAK@KC,0.7407407407407407,1,2023-05-05,0.6459588579001004
2023-05-05_BAL@ATL,0.7407407407407407,1,2023-05-05,0.6300092358561795
2023-05-05_BOS@PHI,0.4253521126760563,1,2023-05-05,0.4490722779222256
2023-05-05_COL@NYM,0.6827586206896552,0,2023-05-05,0.5837034402127841
2023-05-05_MIA@CHC,0.7157894736842105,1,2023-05-05,0.6052215066590512
2023-05-05_CWS@CIN,0.4253521126760563,0,2023-05-05,0.45512819613752464
2023-05-05_MIN@CLE,0.4253521126760563,0,2023-05-05,0.4466008669806927
2023-05-05_TOR@PIT,0.45825049701789267,1,2023-05-05,0.4785867747586814
2023-05-05_NYY@TB,0.7407407407407407,1,2023-05-05,0.6635792580240018
2023-05-06_WSH@AZ,0.5511811023622046,1,2023-05-06,0.5117896547361371
2023-05-06_HOU@SEA,0.4253521126760563,0,2023-05-06,0.45567324468727033
2023-05-06_TEX@LAA,0.4822834645669291,0,2023-05-06,0.49159772476603625
2023-05-06_LAD@SD,0.4253521126760563,0,2023-05-06,0.44975412888968214
2023-05-06_OAK@KC,0.4253521126760563,1,2023-05-06,0.44981789693822605
2023-05-06_CWS@CIN,0.7407407407407407,1,2023-05-06,0.687619657633981
2023-05-06_BAL@ATL,0.1888111888111888,0,2023-05-06,0.3899081700297188
2023-05-06_NYY@TB,0.4253521126760563,1,2023-05-06,0.4568204881187501
2023-05-06_MIN@CLE,0.4253521126760563,0,2023-05-06,0.4649199145852697
2023-05-06_TOR@PIT,0.5369261477045908,1,2023-05-06,0.5070799225331762
2023-05-06_MIL@SF,0.265993265993266,0,2023-05-06,0.40308153190469753
2023-05-06_DET@STL,0.7407407407407407,0,2023-05-06,0.6718430014612033
2023-05-06_MIA@CHC,0.5331491712707183,1,2023-05-06,0.5023012867244103
2023-05-06_COL@NYM,0.6553191489361702,1,2023-05-06,0.5616253319139544
2023-05-06_BOS@PHI,0.6553191489361702,0,2023-05-06,0.5550274195389575
2023-05-07_CWS@CIN,0.3881656804733728,1,2023-05-07,0.437337646075143
2023-05-07_WSH@AZ,0.6553191489361702,0,2023-05-07,0.5615376063545019
2023-05-07_TEX@LAA,0.4822834645669291,1,2023-05-07,0.4934221974882239
2023-05-07_MIL@SF,0.45825049701789267,0,2023-05-07,0.48020246057675187
2023-05-07_HOU@SEA,0.5331491712707183,0,2023-05-07,0.5006234982058844
2023-05-07_LAD@SD,0.268041237113402,1,2023-05-07,0.4112827001879614
2023-05-07_OAK@KC,0.7157894736842105,1,2023-05-07,0.6088283570686833
2023-05-07_TOR@PIT,0.3881656804733728,1,2023-05-07,0.43931461574564123
2023-05-07_BOS@PHI,0.4253521126760563,0,2023-05-07,0.44269141686415114
2023-05-07_NYY@TB,0.4822834645669291,0,2023-05-07,0.4852526176572468
2023-05-07_DET@STL,0.6211656441717791,1,2023-05-07,0.5365685716155395
2023-05-07_MIN@CLE,0.4253521126760563,1,2023-05-07,0.45256622519079026
2023-05-07_COL@NYM,0.45825049701789267,1,2023-05-07,0.4815074740405185
2023-05-07_BAL@ATL,0.6211656441717791,1,2023-05-07,0.5412469558785745
2023-05-07_MIA@CHC,0.3881656804733728,0,2023-05-07,0.42468520447414115
2023-05-08_MIA@AZ,0.268041237113402,0,2023-05-08,0.4074254921516509
2023-05-08_TEX@SEA,0.4253521126760563,1,2023-05-08,0.46522339057229667
2023-05-08_CWS@KC,0.5511811023622046,1,2023-05-08,0.5142832825653403
2023-05-08_HOU@LAA,0.4253521126760563,0,2023-05-08,0.4567431608574487
2023-05-08_OAK@NYY,0.45825049701789267,0,2023-05-08,0.48257693798414314
2023-05-08_STL@CHC,0.7407407407407407,0,2023-05-08,0.6430743653062431
2023-05-08_COL@PIT,0.4253521126760563,0,2023-05-08,0.46045341203926915
2023-05-08_TB@BAL,0.5331491712707183,0,2023-05-08,0.498821776531455
2023-05-08_WSH@SF,0.4822834645669291,1,2023-05-08,0.49322422425932466
2023-05-08_DET@CLE,0.4253521126760563,1,2023-05-08,0.44431933260191747
2023-05-08_LAD@MIL,0.5331491712707183,0,2023-05-08,0.49933307245575953
2023-05-09_MIA@AZ,0.6827586206896552,1,2023-05-09,0.5673405473244959
2023-05-09_HOU@LAA,0.29896907216494845,0,2023-05-09,0.41476181954099134
2023-05-09_LAD@MIL,0.4253521126760563,1,2023-05-09,0.46055276220779506
2023-05-09_CWS@KC,0.4253521126760563,1,2023-05-09,0.44785047087598373
2023-05-09_TEX@SEA,0.4822834645669291,0,2023-05-09,0.4861569630257616
2023-05-09_STL@CHC,0.6827586206896552,1,2023-05-09,0.5883352841454537
2023-05-09_SD@MIN,0.45825049701789267,0,2023-05-09,0.46991721695314914
2023-05-09_COL@PIT,0.45825049701789267,0,2023-05-09,0.4797857326636318
2023-05-09_TOR@PHI,0.6211656441717791,0,2023-05-09,0.5290671564277889
2023-05-09_WSH@SF,0.45825049701789267,1,2023-05-09,0.4802261531488735
2023-05-09_DET@CLE,0.45825049701789267,1,2023-05-09,0.46992537603476614
2023-05-09_NYM@CIN,0.45825049701789267,1,2023-05-09,0.4757900858066094
2023-05-09_TB@BAL,0.7157894736842105,1,2023-05-09,0.6086581163190341
2023-05-09_BOS@ATL,0.4822834645669291,1,2023-05-09,0.4903595334912976
2023-05-09_OAK@NYY,0.45825049701789267,0,2023-05-09,0.4691842772874515
2023-05-10_BOS@ATL,0.6211656441717791,0,2023-05-10,0.5455064699705751
2023-05-10_STL@CHC,0.3881656804733728,1,2023-05-10,0.43416778439238535
2023-05-10_CWS@KC,0.7407407407407407,1,2023-05-10,0.6710252462078952
2023-05-10_SD@MIN,0.5511811023622046,1,2023-05-10,0.5128839376768694
2023-05-10_NYM@CIN,0.1888111888111888,1,2023-05-10,0.389967206224062
2023-05-10_MIA@AZ,0.45825049701789267,0,2023-05-10,0.48104399226109973
2023-05-10_TB@BAL,0.5331491712707183,0,2023-05-10,0.5006263854263868
2023-05-10_LAD@MIL,0.4822834645669291,0,2023-05-10,0.4900949287598646
2023-05-10_COL@PIT,0.49743589743589745,0,2023-05-10,0.49642796749363494
2023-05-10_OAK@NYY,0.7407407407407407,1,2023-05-10,0.6224099905771212
2023-05-10_TOR@PHI,0.3881656804733728,0,2023-05-10,0.44038564984619266
2023-05-10_DET@CLE,0.5369261477045908,1,2023-05-10,0.5039365707126275
2023-05-10_HOU@LAA,0.5331491712707183,1,2023-05-10,0.5024750571132037
2023-05-10_TEX@SEA,0.4253521126760563,1,2023-05-10,0.46451538658839575
2023-05-10_WSH@SF,0.268041237113402,0,2023-05-10,0.4080190468359607
2023-05-11_TEX@OAK,0.3881656804733728,0,2023-05-11,0.4385283197928972
2023-05-11_SD@MIN,0.7407407407407407,1,2023-05-11,0.6293157276662398
2023-05-11_SF@AZ,0.4253521126760563,0,2023-05-11,0.44461025172389146
2023-05-11_CWS@KC,0.5369261477045908,0,2023-05-11,0.5080533329493193
2023-05-11_NYM@CIN,0.3881656804733728,1,2023-05-11,0.4334000367937971
2023-05-11_TB@NYY,0.3881656804733728,0,2023-05-11,0.43952328034894816
2023-05-12_SF@AZ,0.5511811023622046,1,2023-05-12,0.5107491706824118
2023-05-12_TEX@OAK,0.4253521126760563,1,2023-05-12,0.4648676364009744
2023-05-12_SD@LAD,0.3881656804733728,0,2023-05-12,0.4303866743418645
2023-05-12_PHI@COL,0.4822834645669291,0,2023-05-12,0.4874448545550587
2023-05-12_KC@MIL,0.5511811023622046,1,2023-05-12,0.5154038656596488
2023-05-12_ATL@TOR,0.3881656804733728,0,2023-05-12,0.4338436176256405
2023-05-12_HOU@CWS,0.45825049701789267,0,2023-05-12,0.47526265467403295
2023-05-12_LAA@CLE,0.6211656441717791,1,2023-05-12,0.5394555295372973
2023-05-12_CHC@MIN,0.45825049701789267,0,2023-05-12,0.47433753325794537
2023-05-12_TB@NYY,0.4253521126760563,1,2023-05-12,0.46254480342575177
2023-05-12_STL@BOS,0.45825049701789267,1,2023-05-12,0.4752836490119714
2023-05-12_CIN@MIA,0.45825049701789267,0,2023-05-12,0.48289953721695966
2023-05-12_PIT@BAL,0.4253521126760563,0,2023-05-12,0.46341717693771745
2023-05-12_NYM@WSH,0.4822834645669291,1,2023-05-12,0.48530720296050933
2023-05-12_SEA@DET,0.45825049701789267,1,2023-05-12,0.4780046182329927
2023-05-13_KC@MIL,0.6211656441717791,1,2023-05-13,0.5303706218680557
2023-05-13_TEX@OAK,0.5511811023622046,1,2023-05-13,0.5185193436491579
2023-05-13_SF@AZ,0.34210526315789475,1,2023-05-13,0.4209965178545978
2023-05-13_SD@LAD,0.6211656441717791,1,2023-05-13,0.5300983408205744
2023-05-13_PHI@COL,0.45825049701789267,1,2023-05-13,0.4757021359124488
2023-05-13_HOU@CWS,0.265993265993266,0,2023-05-13,0.3963366446241303
2023-05-13_LAA@CLE,0.6211656441717791,1,2023-05-13,0.5377854351153796
2023-05-13_NYM@WSH,0.4253521126760563,1,2023-05-13,0.4644201818476439
2023-05-13_PIT@BAL,0.4253521126760563,1,2023-05-13,0.46615528533998696
2023-05-13_SEA@DET,0.5331491712707183,0,2023-05-13,0.502191764145901
2023-05-13_CHC@MIN,0.45825049701789267,1,2023-05-13,0.4831062993608607
2023-05-13_STL@BOS,0.5331491712707183,1,2023-05-13,0.5004082062127966
2023-05-13_TB@NYY,0.4253521126760563,0,2023-05-13,0.4604321255575966
2023-05-13_CIN@MIA,0.4253521126760563,0,2023-05-13,0.44747379886897276
2023-05-13_ATL@TOR,0.30434782608695654,0,2023-05-13,0.41953049372963247
2023-05-14_SD@LAD,0.5511811023622046,0,2023-05-14,0.5106265367817262
2023-05-14_SF@AZ,0.45825049701789267,0,2023-05-14,0.4841649147607229
2023-05-14_TEX@OAK,0.45825049701789267,1,2023-05-14,0.4706397528966668
2023-05-14_SEA@DET,0.45825049701789267,1,2023-05-14,0.4748171742152928
2023-05-14_PHI@COL,0.7407407407407407,1,2023-05-14,0.6703829379148691
2023-05-14_CHC@MIN,0.4253521126760563,1,2023-05-14,0.4655529802100554
2023-05-14_HOU@CWS,0.4822834645669291,1,2023-05-14,0.4883724630199179
2023-05-14_CIN@MIA,0.4253521126760563,0,2023-05-14,0.44141758486747784
2023-05-14_PIT@BAL,0.45825049701789267,1,2023-05-14,0.46897368060764755
2023-05-14_TB@NYY,0.5511811023622046,1,2023-05-14,0.5178389155133842
2023-05-14_ATL@TOR,0.5331491712707183,1,2023-05-14,0.5023021586630327
2023-05-14_LAA@CLE,0.268041237113402,0,2023-05-14,0.4129467256069057
2023-05-14_NYM@WSH,0.6827586206896552,0,2023-05-14,0.5705281468532105
2023-05-14_STL@BOS,0.6827586206896552,1,2023-05-14,0.5895296779653234
2023-05-14_KC@MIL,0.7407407407407407,1,2023-05-14,0.6597639776662504
2023-05-15_KC@SD,0.7157894736842105,1,2023-05-15,0.6116782852565464
2023-05-15_CHC@HOU,0.45825049701789267,1,2023-05-15,0.47378869007404034
2023-05-15_MIN@LAD,0.6211656441717791,1,2023-05-15,0.5504813593152793
2023-05-15_AZ@OAK,0.5331491712707183,0,2023-05-15,0.49790503228735195
2023-05-15_CIN@COL,0.3881656804733728,1,2023-05-15,0.43866276101097945
2023-05-15_SEA@BOS,0.3466666666666667,0,2023-05-15,0.42160850572497977
2023-05-15_NYY@TOR,0.5511811023622046,1,2023-05-15,0.5266529269515718
2023-05-15_ATL@TEX,0.5369261477045908,0,2023-05-15,0.5077993083796459
2023-05-15_MIL@STL,0.6827586206896552,1,2023-05-15,0.5715026212034822
2023-05-15_NYM@WSH,0.5511811023622046,1,2023-05-15,0.528161991672389
2023-05-15_PHI@SF,0.5331491712707183,0,2023-05-15,0.4974831782038974
2023-05-15_LAA@BAL,0.6553191489361702,0,2023-05-15,0.5654527249038606
2023-05-16_MIN@LAD,0.5369261477045908,1,2023-05-16,0.506998670946583
2023-05-16_KC@SD,0.46920770150166435,0,2023-05-16,0.48449452176048036
2023-05-16_CIN@COL,0.5369261477045908,0,2023-05-16,0.5037738508558744
2023-05-16_AZ@OAK,0.4822834645669291,1,2023-05-16,0.49265415234829557
2023-05-16_CLE@CWS,0.5511811023622046,0,2023-05-16,0.5205719161873317
2023-05-16_ATL@TEX,0.4253521126760563,0,2023-05-16,0.4490954511188304
2023-05-16_TB@NYM,0.6553191489361702,0,2023-05-16,0.5617483747297601
2023-05-16_SEA@BOS,0.265993265993266,1,2023-05-16,0.4024955223521949
2023-05-16_CHC@HOU,0.6211656441717791,1,2023-05-16,0.5418947420338918
2023-05-16_WSH@MIA,0.4253521126760563,0,2023-05-16,0.44346340328408196
2023-05-16_LAA@BAL,0.5369261477045908,1,2023-05-16,0.5058893116202168
2023-05-16_PIT@DET,0.4822834645669291,1,2023-05-16,0.48839041714533704
2023-05-16_PHI@SF,0.6211656441717791,0,2023-05-16,0.5339268412412905
2023-05-16_NYY@TOR,0.45825049701789267,0,2023-05-16,0.47879156239714615
2023-05-16_MIL@STL,0.45825049701789267,1,2023-05-16,0.47242294195375
2023-05-17_SEA@BOS,0.45825049701789267,1,2023-05-17,0.47194451216425215
2023-05-17_ATL@TEX,0.4253521126760563,0,2023-05-17,0.45748368808007844
2023-05-17_CHC@HOU,0.6827586206896552,1,2023-05-17,0.5824407027677331
2023-05-17_CLE@CWS,0.4822834645669291,1,2023-05-17,0.49318422263356854
2023-05-17_MIL@STL,0.6211656441717791,1,2023-05-17,0.5428594534811944
2023-05-17_WSH@MIA,0.3881656804733728,0,2023-05-17,0.4376240445922033
2023-05-17_NYY@TOR,0.7157894736842105,0,2023-05-17,0.6065690063372544
2023-05-17_PHI@SF,0.6211656441717791,1,2023-05-17,0.5461679636624293
2023-05-17_MIN@LAD,0.5511811023622046,0,2023-05-17,0.5151101426911386
2023-05-17_PIT@DET,0.5331491712707183,0,2023-05-17,0.5001441686898036
2023-05-17_KC@SD,0.4253521126760563,0,2023-05-17,0.4602127673963984
2023-05-17_TB@NYM,0.4253521126760563,0,2023-05-17,0.4650990281734474
2023-05-17_CIN@COL,0.4253521126760563,0,2023-05-17,0.4596767310413866
2023-05-17_LAA@BAL,0.3881656804733728,0,2023-05-17,0.43531495022763256
2023-05-17_AZ@OAK,0.6211656441717791,0,2023-05-17,0.5497851477542501
2023-05-18_WSH@MIA,0.4822834645669291,0,2023-05-18,0.4915211761771261
2023-05-18_LAA@BAL,0.6827586206896552,1,2023-05-18,0.5674581645044028
2023-05-18_LAD@STL,0.3881656804733728,1,2023-05-18,0.4260033643650969
2023-05-18_TB@NYM,0.6211656441717791,1,2023-05-18,0.5400822976426668
2023-05-18_NYY@TOR,0.5369261477045908,1,2023-05-18,0.5093299357538247
2023-05-18_CLE@CWS,0.4253521126760563,0,2023-05-18,0.44353632691169986
2023-05-19_MIA@SF,0.4253521126760563,0,2023-05-19,0.4672547123846654
2023-05-19_LAD@STL,0.7407407407407407,0,2023-05-19,0.6348011854377426
2023-05-19_MIN@LAA,0.4253521126760563,0,2023-05-19,0.4539863503656024
2023-05-19_BOS@SD,0.45825049701789267,0,2023-05-19,0.47218226267449304
2023-05-19_SEA@ATL,0.7407407407407407,1,2023-05-19,0.6601086255943958
2023-05-19_KC@CWS,0.3881656804733728,0,2023-05-19,0.43180247733585597
2023-05-19_OAK@HOU,0.265993265993266,0,2023-05-19,0.39884004000675044
2023-05-19_COL@TEX,0.5369261477045908,0,2023-05-19,0.5091619271775127
2023-05-19_CHC@PHI,0.5511811023622046,1,2023-05-19,0.5158463287798261
2023-05-19_MIL@TB,0.4822834645669291,0,2023-05-19,0.4876084887998984
2023-05-19_AZ@PIT,0.5,0,2023-05-19,0.496742271633138
2023-05-19_CLE@NYM,0.13043478260869565,1,2023-05-19,0.3743506109563016
2023-05-19_NYY@CIN,0.5511811023622046,1,2023-05-19,0.522390286375754
2023-05-19_DET@WSH,0.45825049701789267,1,2023-05-19,0.479951240256421
2023-05-19_BAL@TOR,0.5511811023622046,0,2023-05-19,0.5174571111656825
2023-05-20_NYY@CIN,0.45825049701789267,1,2023-05-20,0.47091282736712614
2023-05-20_MIN@LAA,0.45825049701789267,1,2023-05-20,0.4801181853576898
2023-05-20_CHC@PHI,0.5369261477045908,1,2023-05-20,0.5080203329035944
2023-05-20_OAK@HOU,0.4253521126760563,1,2023-05-20,0.465661080772224
2023-05-20_COL@TEX,0.4822834645669291,1,2023-05-20,0.49222688800088366
2023-05-20_KC@CWS,0.7157894736842105,1,2023-05-20,0.6089795158922195
2023-05-20_BAL@TOR,0.45825049701789267,0,2023-05-20,0.4697925123071891
2023-05-20_MIA@SF,0.4253521126760563,0,2023-05-20,0.4569895402440015
2023-05-20_SEA@ATL,0.6553191489361702,1,2023-05-20,0.5620501692506217
2023-05-20_DET@WSH,0.6553191489361702,1,2023-05-20,0.5550245876147186
2023-05-20_LAD@STL,0.6211656441717791,1,2023-05-20,0.5303439920995388
2023-05-20_AZ@PIT,0.4253521126760563,1,2023-05-20,0.467830902604347
2023-05-20_BOS@SD,0.3881656804733728,0,2023-05-20,0.4284087288597498
2023-05-20_MIL@TB,0.4253521126760563,1,2023-05-20,0.45657442053919295
2023-05-21_SEA@ATL,0.6827586206896552,1,2023-05-21,0.5684818245129314
2023-05-21_AZ@PIT,0.45825049701789267,1,2023-05-21,0.4816762976906501
2023-05-21_COL@TEX,0.3881656804733728,0,2023-05-21,0.42411072874280664
2023-05-21_MIA@SF,0.45825049701789267,1,2023-05-21,0.4819147984185742
2023-05-21_BOS@SD,0.45825049701789267,1,2023-05-21,0.4786937417915965
2023-05-21_MIN@LAA,0.4253521126760563,0,2023-05-21,0.4643011577022641
2023-05-21_MIL@TB,0.3881656804733728,0,2023-05-21,0.4342174487316274
2023-05-21_CLE@NYM,0.3881656804733728,1,2023-05-21,0.43506502008106174
2023-05-21_DET@WSH,0.4822834645669291,1,2023-05-21,0.48807941692321044
2023-05-21_KC@CWS,0.265993265993266,0,2023-05-21,0.40546744084940123
2023-05-21_NYY@CIN,0.5369261477045908,1,2023-05-21,0.5071360191453533
2023-05-21_OAK@HOU,0.3881656804733728,0,2023-05-21,0.43557209928513585
2023-05-21_BAL@TOR,0.4253521126760563,0,2023-05-21,0.46002407474744356
2023-05-21_CLE@NYM,0.3466666666666667,0,2023-05-21,0.42284835616707106
2023-05-21_CHC@PHI,0.268041237113402,0,2023-05-21,0.4115263568874056
2023-05-21_LAD@STL,0.3466666666666667,0,2023-05-21,0.4219765711216049
2023-05-22_OAK@SEA,0.7407407407407407,1,2023-05-22,0.6692128703968161
2023-05-22_DET@KC,0.5511811023622046,1,2023-05-22,0.5244619736667728
2023-05-22_SF@MIN,0.3881656804733728,1,2023-05-22,0.4332021781614033
2023-05-22_HOU@MIL,0.4822834645669291,0,2023-05-22,0.49102649601944703
2023-05-22_MIA@COL,0.45825049701789267,1,2023-05-22,0.4834947942113007
2023-05-22_STL@CIN,0.6211656441717791,1,2023-05-22,0.5297776375586584
2023-05-22_CWS@CLE,0.6211656441717791,0,2023-05-22,0.538400995654319
2023-05-22_AZ@PHI,0.4253521126760563,0,2023-05-22,0.4450528561560556
2023-05-22_LAD@ATL,0.7407407407407407,1,2023-05-22,0.6244410234657287
2023-05-22_TEX@PIT,0.6827586206896552,0,2023-05-22,0.5851205580546408
2023-05-22_TOR@TB,0.45825049701789267,0,2023-05-22,0.47588893731753645
2023-05-22_BOS@LAA,0.45825049701789267,0,2023-05-22,0.4796958813337079
2023-05-23_SF@MIN,0.4253521126760563,1,2023-05-23,0.4631555807393809
2023-05-23_DET@KC,0.49743589743589745,0,2023-05-23,0.4941583266754177
2023-05-23_OAK@SEA,0.4822834645669291,1,2023-05-23,0.4907732285076536
2023-05-23_MIA@COL,0.6211656441717791,1,2023-05-23,0.5305313385508232
2023-05-23_BOS@LAA,0.6211656441717791,1,2023-05-23,0.5457144714665005
2023-05-23_NYM@CHC,0.4253521126760563,0,2023-05-23,0.4666320697222288
2023-05-23_HOU@MIL,0.5369261477045908,0,2023-05-23,0.5059348591329573
2023-05-23_LAD@ATL,0.5369261477045908,1,2023-05-23,0.504425940824572
2023-05-23_BAL@NYY,0.3881656804733728,1,2023-05-23,0.4405031522253291
2023-05-23_STL@CIN,0.7727272727272727,1,2023-05-23,0.7035881588055102
2023-05-23_TEX@PIT,0.45825049701789267,1,2023-05-23,0.481487850919355
2023-05-23_AZ@PHI,0.3881656804733728,0,2023-05-23,0.4362253833245171
2023-05-23_TOR@TB,0.4253521126760563,1,2023-05-23,0.45990482295899104
2023-05-23_CWS@CLE,0.4253521126760563,0,2023-05-23,0.4570551404212889
2023-05-23_SD@WSH,0.3881656804733728,1,2023-05-23,0.4323587720532187
2023-05-24_BOS@LAA,0.45825049701789267,0,2023-05-24,0.4776923636877247
2023-05-24_MIA@COL,0.4253521126760563,1,2023-05-24,0.4417701210738295
2023-05-24_OAK@SEA,0.45825049701789267,0,2023-05-24,0.4766484408642313
2023-05-24_NYM@CHC,0.45825049701789267,0,2023-05-24,0.47417835224338134
2023-05-24_DET@KC,0.7157894736842105,0,2023-05-24,0.605670150776832
2023-05-24_BAL@NYY,0.3881656804733728,0,2023-05-24,0.4358458614738525
2023-05-24_AZ@PHI,0.45825049701789267,1,2023-05-24,0.4836913233883219
2023-05-24_LAD@ATL,0.45825049701789267,0,2023-05-24,0.4734338900670101
2023-05-24_TOR@TB,0.4253521126760563,1,2023-05-24,0.45723928318122076
2023-05-24_TEX@PIT,0.5331491712707183,1,2023-05-24,0.5014160991304886
2023-05-24_HOU@MIL,1.0,1,2023-05-24,0.7774640770627834
2023-05-24_SF@MIN,0.7157894736842105,1,2023-05-24,0.6063746194585418
2023-05-24_CWS@CLE,0.4253521126760563,0,2023-05-24,0.44183920762467666
2023-05-24_SD@WSH,0.5511811023622046,0,2023-05-24,0.5219733384489882
2023-05-24_STL@CIN,0.7407407407407407,1,2023-05-24,0.6676954302575209
2023-05-25_OAK@SEA,0.6827586206896552,1,2023-05-25,0.5697444718288048
2023-05-25_NYM@CHC,0.7407407407407407,1,2023-05-25,0.622531788700448
2023-05-25_PHI@ATL,0.7407407407407407,1,2023-05-25,0.6896803803270501
2023-05-25_SF@MIL,0.5369261477045908,0,2023-05-25,0.5053699714539196
2023-05-25_BAL@NYY,0.4253521126760563,0,2023-05-25,0.45498909764197126
2023-05-25_SD@WSH,0.6827586206896552,1,2023-05-25,0.6002890831565562
2023-05-25_STL@CIN,0.6553191489361702,0,2023-05-25,0.5567890740375697
2023-05-25_CWS@DET,0.6211656441717791,0,2023-05-25,0.5423112321591643
2023-05-25_TOR@TB,0.7407407407407407,1,2023-05-25,0.6165490436032224
2023-05-25_MIA@COL,0.3466666666666667,0,2023-05-25,0.4230695405510563
2023-05-26_HOU@OAK,0.5511811023622046,0,2023-05-26,0.521929335053522
2023-05-26_BOS@AZ,0.5331491712707183,0,2023-05-26,0.5023961671903774
2023-05-26_PIT@SEA,0.5511811023622046,1,2023-05-26,0.5195602033705762
2023-05-26_TOR@MIN,0.3881656804733728,0,2023-05-26,0.4289224294115421
2023-05-26_WSH@KC,0.5511811023622046,1,2023-05-26,0.5110261099471479
2023-05-26_NYM@COL,0.5331491712707183,1,2023-05-26,0.4972047804807792
2023-05-26_MIA@LAA,0.4253521126760563,0,2023-05-26,0.4552804956548405
2023-05-26_LAD@TB,0.4253521126760563,1,2023-05-26,0.45311676882303076
2023-05-26_PHI@ATL,0.4253521126760563,0,2023-05-26,0.46653043047300236
2023-05-26_TEX@BAL,0.5511811023622046,1,2023-05-26,0.5200203191853031
2023-05-26_CWS@DET,0.5511811023622046,1,2023-05-26,0.5163786394193068
2023-05-26_STL@CLE,0.5331491712707183,0,2023-05-26,0.49984276325930965
2023-05-26_SD@NYY,0.45825049701789267,0,2023-05-26,0.47429468640323047
2023-05-26_CIN@CHC,0.45825049701789267,1,2023-05-26,0.47156802526516706
2023-05-26_SF@MIL,0.7157894736842105,1,2023-05-26,0.6034097431916727
2023-05-27_WSH@KC,0.4253521126760563,1,2023-05-27,0.4648515324158653
2023-05-27_BOS@AZ,0.4253521126760563,1,2023-05-27,0.45827037029879336
2023-05-27_STL@CLE,0.3881656804733728,0,2023-05-27,0.42466538542107013
2023-05-27_PHI@ATL,0.45825049701789267,0,2023-05-27,0.4749941713641962
2023-05-27_MIA@LAA,0.3881656804733728,1,2023-05-27,0.43308284888677306
2023-05-27_SF@MIL,0.45825049701789267,1,2023-05-27,0.46999807664931703
2023-05-27_TEX@BAL,0.4253521126760563,0,2023-05-27,0.4464396750962467
2023-05-27_HOU@OAK,0.5331491712707183,1,2023-05-27,0.5016318196943541
2023-05-27_PIT@SEA,0.5369261477045908,1,2023-05-27,0.5086764066865244
2023-05-27_CWS@DET,0.4822834645669291,0,2023-05-27,0.4865764001076718
2023-05-27_SD@NYY,0.5511811023622046,1,2023-05-27,0.525172656546613
2023-05-27_CIN@CHC,0.4253521126760563,1,2023-05-27,0.4515505004796232
2023-05-27_NYM@COL,0.45825049701789267,0,2023-05-27,0.47549588112860264
2023-05-27_TOR@MIN,0.45825049701789267,1,2023-05-27,0.4781667608214213
2023-05-27_LAD@TB,0.4822834645669291,0,2023-05-27,0.487008410884451
2023-05-28_HOU@OAK,0.4253521126760563,1,2023-05-28,0.45665081677984165
2023-05-28_BOS@AZ,0.4822834645669291,1,2023-05-28,0.4861991513501025
2023-05-28_NYM@COL,0.4253521126760563,0,2023-05-28,0.45213212735869934
2023-05-28_PIT@SEA,0.7407407407407407,1,2023-05-28,0.6695622789310615
2023-05-28_MIA@LAA,0.4253521126760563,0,2023-05-28,0.4525644030013669
2023-05-28_WSH@KC,0.6211656441717791,0,2023-05-28,0.5506612181210848
2023-05-28_TOR@MIN,0.4253521126760563,0,2023-05-28,0.46809454603020206
2023-05-28_CIN@CHC,0.30434782608695654,0,2023-05-28,0.41820293547572673
2023-05-28_CWS@DET,0.3881656804733728,0,2023-05-28,0.4243329493843042
2023-05-28_TEX@BAL,0.45825049701789267,1,2023-05-28,0.4808283926410094
2023-05-28_PHI@ATL,0.45825049701789267,1,2023-05-28,0.4717967672043797
2023-05-28_STL@CLE,0.6827586206896552,1,2023-05-28,0.5934562892960409
2023-05-28_LAD@TB,0.6827586206896552,1,2023-05-28,0.571984092498793
2023-05-28_SD@NYY,0.5369261477045908,1,2023-05-28,0.5057901652985002
2023-05-28_SF@MIL,0.7407407407407407,1,2023-05-28,0.6361168029173039
2023-05-29_ATL@OAK,0.5369261477045908,1,2023-05-29,0.5053431612104213
2023-05-29_LAA@CWS,0.7727272727272727,1,2023-05-29,0.7052004881636417
2023-05-29_MIN@HOU,0.3881656804733728,0,2023-05-29,0.43899414712262097
2023-05-29_WSH@LAD,0.3881656804733728,0,2023-05-29,0.42734677417279354
2023-05-29_NYY@SEA,0.5511811023622046,0,2023-05-29,0.5143427908917941
2023-05-29_KC@STL,0.5331491712707183,0,2023-05-29,0.499294477399151
2023-05-29_TB@CHC,0.5511811023622046,0,2023-05-29,0.5224551580535874
2023-05-29_TEX@DET,0.4253521126760563,0,2023-05-29,0.4420827575770099
2023-05-29_COL@AZ,0.6211656441717791,1,2023-05-29,0.551770620000443
2023-05-29_CLE@BAL,0.4253521126760563,0,2023-05-29,0.4661142647439952
2023-05-29_PIT@SF,0.49743589743589745,0,2023-05-29,0.49652527387390766
2023-05-30_PIT@SF,0.5511811023622046,1,2023-05-30,0.5152748941526615
2023-05-30_NYY@SEA,0.45825049701789267,1,2023-05-30,0.48255626181080136
2023-05-30_COL@AZ,0.6211656441717791,1,2023-05-30,0.5463672231182187
2023-05-30_MIN@HOU,0.4253521126760563,0,2023-05-30,0.46863660707749144
2023-05-30_WSH@LAD,0.6553191489361702,0,2023-05-30,0.5658063459810052
2023-05-30_ATL@OAK,0.4253521126760563,0,2023-05-30,0.4532550612685561
2023-05-30_LAA@CWS,0.4822834645669291,1,2023-05-30,0.48513513104820627
2023-05-30_TB@CHC,0.5511811023622046,1,2023-05-30,0.5108336767671979
2023-05-30_PHI@NYM,0.3881656804733728,0,2023-05-30,0.4342970298913348
2023-05-30_SD@MIA,0.45825049701789267,0,2023-05-30,0.48104685606366326
2023-05-30_TEX@DET,0.45825049701789267,0,2023-05-30,0.47954097932321815
2023-05-30_MIL@TOR,0.5369261477045908,1,2023-05-30,0.5098588026623883
2023-05-30_CIN@BOS,0.4253521126760563,0,2023-05-30,0.4647698222546943
2023-05-30_CLE@BAL,0.4253521126760563,1,2023-05-30,0.4686076570468136
2023-05-30_KC@STL,0.7407407407407407,0,2023-05-30,0.6436696388407321
2023-05-31_PHI@NYM,0.4253521126760563,0,2023-05-31,0.4549741189978078
2023-05-31_MIN@HOU,0.268041237113402,0,2023-05-31,0.40740102375424714
2023-05-31_NYY@SEA,0.29896907216494845,0,2023-05-31,0.414116766869997
2023-05-31_COL@AZ,0.4253521126760563,1,2023-05-31,0.46498266679311195
2023-05-31_LAA@CWS,0.6211656441717791,1,2023-05-31,0.5322638350940827
2023-05-31_SD@MIA,0.45825049701789267,0,2023-05-31,0.4734039123516006
2023-05-31_WSH@LAD,0.4822834645669291,1,2023-05-31,0.4921111465713358
2023-05-31_MIL@TOR,0.5511811023622046,0,2023-05-31,0.5121065771238664
2023-05-31_CIN@BOS,0.4822834645669291,0,2023-05-31,0.48663922181213215
2023-05-31_ATL@OAK,0.4253521126760563,0,2023-05-31,0.4620642581902543
2023-05-31_TB@CHC,0.5511811023622046,1,2023-05-31,0.5178865834860837
2023-05-31_TEX@DET,0.5369261477045908,0,2023-05-31,0.504372442465207
2023-05-31_PIT@SF,0.4253521126760563,0,2023-05-31,0.45045632344650743
2023-05-31_CLE@BAL,0.3881656804733728,1,2023-05-31,0.43868519488720714
2023-06-01_COL@AZ,0.3881656804733728,0,2023-06-01,0.4330295953590624
2023-06-01_CIN@BOS,0.4253521126760563,0,2023-06-01,0.4527592812766137
2023-06-01_PHI@NYM,0.5331491712707183,1,2023-06-01,0.5022029346088712
2023-06-01_SD@MIA,0.6211656441717791,0,2023-06-01,0.5387119715115076
2023-06-01_LAA@HOU,0.4253521126760563,0,2023-06-01,0.4414853026702381
2023-06-01_CLE@MIN,0.4822834645669291,0,2023-06-01,0.49240275894394103
2023-06-01_MIL@TOR,0.45825049701789267,1,2023-06-01,0.47726773405358314
2023-06-02_NYY@LAD,0.5511811023622046,1,2023-06-02,0.5184247588655712
2023-06-02_ATL@AZ,0.45825049701789267,1,2023-06-02,0.4704040564512336
2023-06-02_BAL@SF,0.45825049701789267,1,2023-06-02,0.4728154265015575
2023-06-02_CHC@SD,0.4253521126760563,0,2023-06-02,0.45295044022490427
2023-06-02_PHI@WSH,0.4253521126760563,1,2023-06-02,0.4438957214555346
2023-06-02_COL@KC,0.6211656441717791,1,2023-06-02,0.5404695745130503
2023-06-02_SEA@TEX,0.6211656441717791,0,2023-06-02,0.5470942970678405
2023-06-02_DET@CWS,0.5331491712707183,0,2023-06-02,0.49852636548548956
2023-06-02_LAA@HOU,0.6827586206896552,1,2023-06-02,0.6011203275344528
2023-06-02_OAK@MIA,0.7407407407407407,1,2023-06-02,0.6563379966633336
2023-06-02_TOR@NYM,0.30434782608695654,1,2023-06-02,0.42013278170782864
2023-06-02_STL@PIT,0.4253521126760563,0,2023-06-02,0.44541251302183604
2023-06-02_MIL@CIN,0.5511811023622046,0,2023-06-02,0.514693968195528
2023-06-02_CLE@MIN,0.5369261477045908,0,2023-06-02,0.5051473624631608
2023-06-03_STL@PIT,0.5511811023622046,0,2023-06-03,0.5215346575101742
2023-06-03_TB@BOS,0.4253521126760563,0,2023-06-03,0.45101160944919416
2023-06-03_ATL@AZ,0.4253521126760563,0,2023-06-03,0.46762231038204993
2023-06-03_CHC@SD,0.45825049701789267,0,2023-06-03,0.47000612043521717
2023-06-03_NYY@LAD,0.30434782608695654,0,2023-06-03,0.41829396220755843
2023-06-03_MIL@CIN,0.6211656441717791,1,2023-06-03,0.550198007267201
2023-06-03_LAA@HOU,0.45825049701789267,1,2023-06-03,0.46945311356581887
2023-06-03_DET@CWS,0.3881656804733728,0,2023-06-03,0.43155735747827473
2023-06-03_TOR@NYM,0.4253521126760563,0,2023-06-03,0.4465860431350327
2023-06-03_OAK@MIA,0.7407407407407407,0,2023-06-03,0.6781821431078459
2023-06-03_SEA@TEX,0.45825049701789267,1,2023-06-03,0.47165623809593793
2023-06-03_CLE@MIN,0.45825049701789267,1,2023-06-03,0.4811587386349414
2023-06-03_TB@BOS,0.5511811023622046,0,2023-06-03,0.5126817924110535
2023-06-03_PHI@WSH,0.3881656804733728,0,2023-06-03,0.43709168861623326
2023-06-03_BAL@SF,0.3881656804733728,0,2023-06-03,0.4376992641292582
2023-06-03_COL@KC,0.6211656441717791,1,2023-06-03,0.540929005462693
2023-06-04_NYY@LAD,0.7407407407407407,0,2023-06-04,0.6787559645082148
2023-06-04_CHC@SD,0.6553191489361702,1,2023-06-04,0.5614250380251296
2023-06-04_BAL@SF,0.6211656441717791,0,2023-06-04,0.5291445210477611
2023-06-04_DET@CWS,0.4253521126760563,0,2023-06-04,0.46008049336127843
2023-06-04_ATL@AZ,0.45825049701789267,0,2023-06-04,0.48205266239299094
2023-06-04_COL@KC,0.45825049701789267,0,2023-06-04,0.4718118037233068
2023-06-04_CLE@MIN,0.45825049701789267,0,2023-06-04,0.48342786000038485
2023-06-04_OAK@MIA,0.4253521126760563,0,2023-06-04,0.4526256294519533
2023-06-04_MIL@CIN,0.4822834645669291,1,2023-06-04,0.49338558099416385
2023-06-04_STL@PIT,0.3881656804733728,1,2023-06-04,0.43176221090057243
2023-06-04_LAA@HOU,0.265993265993266,0,2023-06-04,0.3982505471051526
2023-06-04_TOR@NYM,0.4253521126760563,0,2023-06-04,0.44227712319350776
2023-06-04_PHI@WSH,0.5369261477045908,0,2023-06-04,0.5090919811091519
2023-06-04_TB@BOS,0.4822834645669291,0,2023-06-04,0.48723780182223897
2023-06-04_SEA@TEX,0.6553191489361702,1,2023-06-04,0.5632441230403112
2023-06-05_TB@BOS,0.5369261477045908,0,2023-06-05,0.5063202279337837
2023-06-05_HOU@TOR,0.45825049701789267,1,2023-06-05,0.48305642480331246
2023-06-05_STL@TEX,0.6553191489361702,0,2023-06-05,0.5585256211479814
2023-06-05_CHC@SD,0.30434782608695654,0,2023-06-05,0.4189895937416691
2023-06-05_MIL@CIN,0.4253521126760563,0,2023-06-05,0.46528963232154896
2023-06-05_OAK@PIT,0.6211656441717791,1,2023-06-05,0.5380178198763256
2023-06-05_DET@PHI,0.6827586206896552,1,2023-06-05,0.5864625028295554
2023-06-05_KC@MIA,0.6211656441717791,1,2023-06-05,0.5465109020385651
2023-06-06_MIN@TB,0.7407407407407407,0,2023-06-06,0.6390488806715765
2023-06-06_CHC@LAA,0.4253521126760563,0,2023-06-06,0.45797741328731834
2023-06-06_SEA@SD,0.5331491712707183,0,2023-06-06,0.496795642326583
2023-06-06_BAL@MIL,0.3881656804733728,1,2023-06-06,0.42521582340825326
2023-06-06_STL@TEX,0.6827586206896552,1,2023-06-06,0.5769637446059752
2023-06-06_AZ@WSH,0.4253521126760563,1,2023-06-06,0.4424696192034201
2023-06-06_LAD@CIN,0.6211656441717791,1,2023-06-06,0.5366318906454242
2023-06-06_SF@COL,0.4253521126760563,0,2023-06-06,0.461878009419438
2023-06-06_NYM@ATL,0.4253521126760563,0,2023-06-06,0.46327472174006645
2023-06-06_BOS@CLE,0.4253521126760563,1,2023-06-06,0.44791432522448205
2023-06-06_OAK@PIT,0.6827586206896552,1,2023-06-06,0.5787543607076985
2023-06-06_DET@PHI,0.4253521126760563,1,2023-06-06,0.45885622893470746
2023-06-06_KC@MIA,0.45825049701789267,0,2023-06-06,0.482953814547481
2023-06-06_CWS@NYY,0.4253521126760563,0,2023-06-06,0.45468550261481744
2023-06-06_HOU@TOR,0.4253521126760563,1,2023-06-06,0.45013657679000985
2023-06-07_CHC@LAA,0.6553191489361702,0,2023-06-07,0.5619208620775289
2023-06-07_NYM@ATL,0.3881656804733728,1,2023-06-07,0.4331738501371243
2023-06-07_SF@COL,0.34210526315789475,0,2023-06-07,0.4213143870683175
2023-06-07_LAD@CIN,0.3881656804733728,1,2023-06-07,0.4378192406147752
2023-06-07_STL@TEX,0.3881656804733728,0,2023-06-07,0.435165765825255
2023-06-07_HOU@TOR,0.265993265993266,0,2023-06-07,0.40313370009251326
2023-06-07_BAL@MIL,0.5511811023622046,1,2023-06-07,0.522934394037817
2023-06-07_BOS@CLE,0.45825049701789267,1,2023-06-07,0.4702935556299269
2023-06-07_MIN@TB,0.6211656441717791,0,2023-06-07,0.5485272471147891
2023-06-07_KC@MIA,0.45825049701789267,0,2023-06-07,0.4792575477499832
2023-06-07_AZ@WSH,0.49743589743589745,1,2023-06-07,0.49373271272840713
2023-06-07_SEA@SD,0.5331491712707183,0,2023-06-07,0.49696416578807656
2023-06-07_OAK@PIT,0.5369261477045908,1,2023-06-07,0.504820828753676
2023-06-08_CWS@NYY,0.6553191489361702,0,2023-06-08,0.5586694359094925
2023-06-08_CHC@LAA,0.265993265993266,0,2023-06-08,0.40368254396578374
2023-06-08_NYM@ATL,0.6211656441717791,1,2023-06-08,0.5346940334380264
2023-06-08_BOS@CLE,0.45825049701789267,1,2023-06-08,0.4807476866382292
2023-06-08_HOU@TOR,0.3881656804733728,0,2023-06-08,0.4372128061094852
2023-06-08_SF@COL,0.6827586206896552,1,2023-06-08,0.5833251181940107
2023-06-08_MIN@TB,0.5369261477045908,0,2023-06-08,0.5096207568917825
2023-06-08_DET@PHI,0.45825049701789267,0,2023-06-08,0.4762374943376986
2023-06-08_CWS@NYY,0.7407407407407407,0,2023-06-08,0.6435697379738866
2023-06-08_BAL@MIL,0.47619047619047616,1,2023-06-08,0.4846435061724508
2023-06-08_LAD@CIN,0.45825049701789267,0,2023-06-08,0.48285881957689936
2023-06-09_CHC@SF,0.4253521126760563,0,2023-06-09,0.4542544779324056
2023-06-09_SEA@LAA,0.6211656441717791,1,2023-06-09,0.529270065800756
2023-06-09_TEX@TB,0.5331491712707183,1,2023-06-09,0.5003559334482581
2023-06-09_MIA@CWS,0.6378068962478107,0,2023-06-09,0.553612736843806
2023-06-09_WSH@ATL,0.7407407407407407,1,2023-06-09,0.6467814289393593
2023-06-09_OAK@MIL,0.5369261477045908,1,2023-06-09,0.5057292862895093
2023-06-09_SD@COL,0.4253521126760563,1,2023-06-09,0.44196582270802653
2023-06-09_HOU@CLE,0.4253521126760563,1,2023-06-09,0.4514913355897239
2023-06-09_AZ@DET,0.45825049701789267,1,2023-06-09,0.48266925211203127
2023-06-09_MIN@TOR,0.268041237113402,0,2023-06-09,0.41232307628426423
2023-06-09_NYM@PIT,0.4822834645669291,0,2023-06-09,0.4901068034122089
2023-06-09_LAD@PHI,0.7407407407407407,1,2023-06-09,0.6574725068862137
2023-06-09_KC@BAL,0.3881656804733728,1,2023-06-09,0.42465993039146055
2023-06-09_BOS@NYY,0.7407407407407407,0,2023-06-09,0.6377989208382642
2023-06-09_CIN@STL,0.7407407407407407,1,2023-06-09,0.6263343572432891
2023-06-10_HOU@CLE,0.5369261477045908,1,2023-06-10,0.5073824857881302
2023-06-10_SEA@LAA,0.4253521126760563,0,2023-06-10,0.46380940030053797
2023-06-10_LAD@PHI,0.4253521126760563,0,2023-06-10,0.4570512867221591
2023-06-10_NYM@PIT,0.6211656441717791,0,2023-06-10,0.5532869571250496
2023-06-10_TEX@TB,0.7157894736842105,0,2023-06-10,0.6092927320991288
2023-06-10_OAK@MIL,0.4253521126760563,0,2023-06-10,0.46230964179255696
2023-06-10_WSH@ATL,0.5331491712707183,1,2023-06-10,0.502288770393667
2023-06-10_CIN@STL,0.4253521126760563,0,2023-06-10,0.4620564903695712
2023-06-10_KC@BAL,0.7407407407407407,1,2023-06-10,0.6207063406717013
2023-06-10_SD@COL,0.45825049701789267,1,2023-06-10,0.47086241076718904
2023-06-10_MIA@CWS,0.5369261477045908,0,2023-06-10,0.5041310476822376
2023-06-10_AZ@DET,0.4822834645669291,0,2023-06-10,0.48746320613054617
2023-06-10_MIN@TOR,0.45825049701789267,0,2023-06-10,0.47284888986234064
2023-06-10_CHC@SF,0.4253521126760563,0,2023-06-10,0.45326754840427264
2023-06-10_BOS@NYY,0.4253521126760563,0,2023-06-10,0.4502212686923066
2023-06-11_MIA@CWS,0.6211656441717791,0,2023-06-11,0.5327431165781965
2023-06-11_CHC@SF,0.7407407407407407,1,2023-06-11,0.6991440846724566
2023-06-11_CIN@STL,0.7157894736842105,1,2023-06-11,0.6141150333925278
2023-06-11_SD@COL,0.5511811023622046,1,2023-06-11,0.526993978840784
2023-06-11_SEA@LAA,0.5511811023622046,1,2023-06-11,0.5182532021124748
2023-06-11_OAK@MIL,0.6211656441717791,0,2023-06-11,0.5358036237102659
2023-06-11_TEX@TB,0.5511811023622046,1,2023-06-11,0.5141292527398846
2023-06-11_NYM@PIT,0.5511811023622046,0,2023-06-11,0.5264664721963149
2023-06-11_AZ@DET,0.5511811023622046,1,2023-06-11,0.5162448935733824
2023-06-11_MIN@TOR,0.5511811023622046,1,2023-06-11,0.5117374283452745
2023-06-11_LAD@PHI,0.6211656441717791,1,2023-06-11,0.5419587716322218
2023-06-11_WSH@ATL,0.45825049701789267,1,2023-06-11,0.48234668927973934
2023-06-11_KC@BAL,0.4253521126760563,1,2023-06-11,0.4525781983007663
2023-06-11_BOS@NYY,0.3881656804733728,0,2023-06-11,0.4374138817562907
2023-06-11_HOU@CLE,0.45825049701789267,0,2023-06-11,0.4696271947462628
2023-06-12_MIA@SEA,0.3881656804733728,1,2023-06-12,0.43971021943435074
2023-06-12_PHI@AZ,0.49743589743589745,1,2023-06-12,0.49566493343573204
2023-06-12_TB@OAK,0.268041237113402,0,2023-06-12,0.4075206291953426
2023-06-12_LAA@TEX,0.4253521126760563,0,2023-06-12,0.45939415583405585
2023-06-12_SF@STL,0.4253521126760563,0,2023-06-12,0.46757950499412604
2023-06-12_CIN@KC,0.6827586206896552,1,2023-06-12,0.5743113458399006
2023-06-12_COL@BOS,0.4253521126760563,0,2023-06-12,0.4677433153724688
2023-06-12_ATL@DET,0.45825049701789267,0,2023-06-12,0.47938946792782666
2023-06-13_COL@BOS,0.4822834645669291,0,2023-06-13,0.48670156480729143
2023-06-13_CLE@SD,0.7157894736842105,1,2023-06-13,0.6073355148881462
2023-06-13_MIA@SEA,0.4253521126760563,0,2023-06-13,0.44364813305920336
2023-06-13_TB@OAK,0.45825049701789267,0,2023-06-13,0.4694524152872853
2023-06-13_TOR@BAL,0.268041237113402,1,2023-06-13,0.4118858123491036
2023-06-13_CWS@LAD,0.6827586206896552,1,2023-06-13,0.5915823681307446
2023-06-13_WSH@HOU,0.4253521126760563,0,2023-06-13,0.45482601351947916
2023-06-13_PHI@AZ,0.5511811023622046,1,2023-06-13,0.5140763504738071
2023-06-13_LAA@TEX,0.5511811023622046,0,2023-06-13,0.525877520193001
2023-06-13_SF@STL,0.7407407407407407,1,2023-06-13,0.6678026417064636
2023-06-13_PIT@CHC,0.45825049701789267,1,2023-06-13,0.47147115874561674
2023-06-13_MIL@MIN,0.6553191489361702,0,2023-06-13,0.5568176136437188
2023-06-13_NYY@NYM,0.7407407407407407,1,2023-06-13,0.6520581873507514
2023-06-13_CIN@KC,0.7407407407407407,1,2023-06-13,0.6331191224883261
2023-06-14_PIT@CHC,0.4822834645669291,1,2023-06-14,0.4863259142966081
2023-06-14_PHI@AZ,0.6827586206896552,0,2023-06-14,0.5763209603628429
2023-06-14_CLE@SD,0.4253521126760563,1,2023-06-14,0.4419562996339802
2023-06-14_MIA@SEA,0.7407407407407407,0,2023-06-14,0.6693154585804426
2023-06-14_CWS@LAD,0.7407407407407407,0,2023-06-14,0.6555527847406156
2023-06-14_TB@OAK,0.34210526315789475,0,2023-06-14,0.42101271070276536
2023-06-14_WSH@HOU,0.3881656804733728,1,2023-06-14,0.42804049467977656
2023-06-14_LAA@TEX,0.34210526315789475,0,2023-06-14,0.4213609363753119
2023-06-14_NYY@NYM,0.268041237113402,0,2023-06-14,0.4135424394441888
2023-06-14_SF@STL,0.6827586206896552,1,2023-06-14,0.5896477824743026
2023-06-14_COL@BOS,0.6553191489361702,1,2023-06-14,0.5616559170640117
2023-06-14_TOR@BAL,0.125,0,2023-06-14,0.36436506680873604
2023-06-14_ATL@DET,0.6211656441717791,1,2023-06-14,0.5402632013714324
2023-06-14_MIL@MIN,0.6827586206896552,0,2023-06-14,0.5775283506557353
2023-06-14_ATL@DET,0.45825049701789267,1,2023-06-14,0.4743195251553016
2023-06-14_CIN@KC,0.4822834645669291,0,2023-06-14,0.4923369875649187
2023-06-15_WSH@HOU,0.4253521126760563,0,2023-06-15,0.4513470488353488
2023-06-15_PIT@CHC,0.5331491712707183,0,2023-06-15,0.49948383219487225
2023-06-15_CWS@LAD,0.268041237113402,1,2023-06-15,0.40969327324727534
2023-06-15_CLE@SD,0.49743589743589745,1,2023-06-15,0.49554589648949565
2023-06-15_DET@MIN,0.4253521126760563,0,2023-06-15,0.46036976865816526
2023-06-15_TOR@BAL,0.5511811023622046,1,2023-06-15,0.5245009257585264
2023-06-15_COL@ATL,0.5511811023622046,0,2023-06-15,0.5138426371761338
2023-06-15_PHI@AZ,0.5369261477045908,0,2023-06-15,0.5092011220769954
2023-06-15_TB@OAK,0.4253521126760563,0,2023-06-15,0.4550139028957323
2023-06-15_LAA@TEX,0.4253521126760563,0,2023-06-15,0.46132115761853454
2023-06-16_CIN@HOU,0.4822834645669291,0,2023-06-16,0.4934671543549205
2023-06-16_SF@LAD,0.4253521126760563,0,2023-06-16,0.4506246571090561
2023-06-16_TB@SD,0.6553191489361702,0,2023-06-16,0.5615429252480069
2023-06-16_PHI@OAK,0.5331491712707183,1,2023-06-16,0.5003137633955588
2023-06-16_LAA@KC,0.5511811023622046,1,2023-06-16,0.5250461608095355
2023-06-16_DET@MIN,0.3881656804733728,0,2023-06-16,0.42661804091423605
2023-06-16_CWS@SEA,0.3881656804733728,0,2023-06-16,0.4257078436786812
2023-06-16_PIT@MIL,0.6211656441717791,1,2023-06-16,0.5297799816504742
2023-06-16_TOR@TEX,0.5331491712707183,0,2023-06-16,0.4972342148013784
2023-06-16_NYY@BOS,0.6553191489361702,1,2023-06-16,0.5590301755341559
2023-06-16_STL@NYM,0.3881656804733728,1,2023-06-16,0.43709092622821843
2023-06-16_CLE@AZ,0.4822834645669291,1,2023-06-16,0.48703941620163715
2023-06-16_BAL@CHC,0.3466666666666667,0,2023-06-16,0.4225399171136681
2023-06-16_COL@ATL,0.3466666666666667,1,2023-06-16,0.4218881996186592
2023-06-16_MIA@WSH,0.45825049701789267,1,2023-06-16,0.46966994888918845
2023-06-17_TB@SD,0.7157894736842105,0,2023-06-17,0.6125318507596911
2023-06-17_STL@NYM,0.5331491712707183,1,2023-06-17,0.49888034238994416
2023-06-17_CLE@AZ,0.4253521126760563,1,2023-06-17,0.46354761168632075
2023-06-17_PIT@MIL,0.3881656804733728,0,2023-06-17,0.4391983075723598
2023-06-17_SF@LAD,0.3881656804733728,0,2023-06-17,0.42953355641167745
2023-06-17_CWS@SEA,0.4253521126760563,1,2023-06-17,0.46510811763543625
2023-06-17_TOR@TEX,0.5369261477045908,1,2023-06-17,0.5037628083020902
2023-06-17_CIN@HOU,0.3881656804733728,1,2023-06-17,0.43919303087225736
2023-06-17_PHI@OAK,0.4253521126760563,0,2023-06-17,0.45823003863666045
2023-06-17_LAA@KC,0.5511811023622046,0,2023-06-17,0.5206461415717819
2023-06-17_DET@MIN,0.5369261477045908,0,2023-06-17,0.5095102125489444
2023-06-17_BAL@CHC,0.265993265993266,0,2023-06-17,0.39610743889027444
2023-06-17_MIA@WSH,0.5511811023622046,0,2023-06-17,0.5178704794568161
2023-06-17_COL@ATL,0.7407407407407407,1,2023-06-17,0.6390085741869151
2023-06-18_SF@LAD,0.45825049701789267,0,2023-06-18,0.4789803551182429
2023-06-18_TB@SD,0.7407407407407407,0,2023-06-18,0.6336757579373765
2023-06-18_PHI@OAK,0.4253521126760563,1,2023-06-18,0.4597735187149561
2023-06-18_CLE@AZ,0.45825049701789267,1,2023-06-18,0.4807982402080374
2023-06-18_CIN@HOU,0.4253521126760563,1,2023-06-18,0.4680377341146521
2023-06-18_BAL@CHC,0.5369261477045908,1,2023-06-18,0.5069135333199744
2023-06-18_TOR@TEX,0.6211656441717791,1,2023-06-18,0.5343987129754415
2023-06-18_CWS@SEA,0.30434782608695654,0,2023-06-18,0.41732675674342035
2023-06-18_DET@MIN,0.45825049701789267,1,2023-06-18,0.4759544298192685
2023-06-18_LAA@KC,0.4253521126760563,0,2023-06-18,0.44505455264937677
2023-06-18_STL@NYM,0.45825049701789267,1,2023-06-18,0.47551126385649545
2023-06-18_MIA@WSH,0.45825049701789267,0,2023-06-18,0.4707489405003513
2023-06-18_NYY@BOS,0.5331491712707183,1,2023-06-18,0.49894377925556865
2023-06-18_NYY@BOS,0.6827586206896552,1,2023-06-18,0.5919732861362481
2023-06-18_COL@ATL,0.268041237113402,1,2023-06-18,0.4121982065972831
2023-06-18_PIT@MIL,0.1888111888111888,0,2023-06-18,0.3811304073589129
2023-06-19_KC@DET,0.6211656441717791,0,2023-06-19,0.5456147101333918
2023-06-19_BOS@MIN,0.3881656804733728,0,2023-06-19,0.430620893921008
2023-06-19_NYM@HOU,0.3881656804733728,0,2023-06-19,0.43599818488901476
2023-06-19_TEX@CWS,0.4822834645669291,1,2023-06-19,0.48472273082209894
2023-06-19_SD@SF,0.45825049701789267,1,2023-06-19,0.4775745355053025
2023-06-19_CHC@PIT,0.5369261477045908,0,2023-06-19,0.5080463635441215
2023-06-19_STL@WSH,0.3881656804733728,1,2023-06-19,0.4352824739914096
2023-06-19_TOR@MIA,0.6827586206896552,0,2023-06-19,0.5914932006017743
2023-06-19_COL@CIN,0.4822834645669291,1,2023-06-19,0.4886237674780244
2023-06-19_AZ@MIL,0.4253521126760563,1,2023-06-19,0.46079047914881266
2023-06-20_NYM@HOU,0.3881656804733728,0,2023-06-20,0.4359025460631455
2023-06-20_LAD@LAA,0.265993265993266,0,2023-06-20,0.39294061001941394
2023-06-20_OAK@CLE,0.5369261477045908,0,2023-06-20,0.5028490022889135
2023-06-20_AZ@MIL,0.45825049701789267,1,2023-06-20,0.46993285979158805
2023-06-20_KC@DET,0.6827586206896552,0,2023-06-20,0.5836690250299197
2023-06-20_BOS@MIN,0.4253521126760563,0,2023-06-20,0.46611200019052534
2023-06-20_TEX@CWS,0.7407407407407407,1,2023-06-20,0.6534800884227929
2023-06-20_COL@CIN,0.5331491712707183,1,2023-06-20,0.4969062536278208
2023-06-20_CHC@PIT,0.3881656804733728,0,2023-06-20,0.4322105891340092
2023-06-20_BAL@TB,0.4253521126760563,1,2023-06-20,0.4594153248496504
2023-06-20_SD@SF,0.268041237113402,0,2023-06-20,0.40823358343140703
2023-06-20_ATL@PHI,0.7157894736842105,0,2023-06-20,0.6095703219551295
2023-06-20_TOR@MIA,0.5369261477045908,0,2023-06-20,0.5066661039692963
2023-06-20_SEA@NYY,0.6211656441717791,1,2023-06-20,0.5451143931842171
2023-06-20_STL@WSH,0.268041237113402,0,2023-06-20,0.4136711817890606
2023-06-21_LAD@LAA,0.5331491712707183,0,2023-06-21,0.49818025977891267
2023-06-21_OAK@CLE,0.4253521126760563,0,2023-06-21,0.45045622511601136
2023-06-21_BOS@MIN,0.4253521126760563,1,2023-06-21,0.46791268253772966
2023-06-21_SEA@NYY,0.265993265993266,0,2023-06-21,0.3972411500029486
2023-06-21_KC@DET,0.4253521126760563,0,2023-06-21,0.4653052393911826
2023-06-21_COL@CIN,0.49743589743589745,1,2023-06-21,0.4943002301955238
2023-06-21_TEX@CWS,0.5331491712707183,1,2023-06-21,0.4974977284743719
2023-06-21_CHC@PIT,0.47619047619047616,0,2023-06-21,0.48460985174253357
2023-06-21_TOR@MIA,0.4253521126760563,0,2023-06-21,0.4493018797815138
2023-06-21_SD@SF,0.4253521126760563,0,2023-06-21,0.44158985706650067
2023-06-21_BAL@TB,0.1888111888111888,0,2023-06-21,0.3892259180974672
2023-06-21_AZ@MIL,0.5511811023622046,0,2023-06-21,0.5226098672380215
2023-06-21_NYM@HOU,0.4822834645669291,1,2023-06-21,0.48716519172755
2023-06-21_STL@WSH,0.5511811023622046,0,2023-06-21,0.5177791162579857
2023-06-22_AZ@WSH,0.4822834645669291,1,2023-06-22,0.48482271414038525
2023-06-22_SEA@NYY,0.4253521126760563,1,2023-06-22,0.4419122962285038
2023-06-22_PIT@MIA,0.29896907216494845,0,2023-06-22,0.4163458901294138
2023-06-22_ATL@PHI,0.3881656804733728,0,2023-06-22,0.43883297319779657
2023-06-22_BOS@MIN,0.45825049701789267,1,2023-06-22,0.4833296683862913
2023-06-22_KC@TB,0.45825049701789267,1,2023-06-22,0.4742783272039418
2023-06-22_OAK@CLE,0.4253521126760563,0,2023-06-22,0.4668274116874559
2023-06-22_SD@SF,0.3881656804733728,1,2023-06-22,0.4249721114088272
2023-06-23_WSH@SD,0.4253521126760563,1,2023-06-23,0.46254014332757976
2023-06-23_HOU@LAD,0.6211656441717791,1,2023-06-23,0.5470874083733983
2023-06-23_LAA@COL,0.4253521126760563,1,2023-06-23,0.4409496173834827
2023-06-23_BOS@CWS,0.5331491712707183,0,2023-06-23,0.5003829443670005
2023-06-23_OAK@TOR,0.45825049701789267,1,2023-06-23,0.4786120497609728
2023-06-23_AZ@SF,0.3881656804733728,0,2023-06-23,0.4372407622843105
2023-06-23_MIN@DET,0.5369261477045908,0,2023-06-23,0.5083985881134434
2023-06-23_KC@TB,0.5369261477045908,1,2023-06-23,0.5075561272295517
2023-06-23_ATL@CIN,0.5511811023622046,1,2023-06-23,0.5232114983325094
2023-06-23_SEA@BAL,0.3466666666666667,0,2023-06-23,0.4222208228976827
2023-06-23_PIT@MIA,0.4253521126760563,1,2023-06-23,0.45543992525422006
2023-06-23_TEX@NYY,0.5369261477045908,0,2023-06-23,0.5051088686789298
2023-06-23_NYM@PHI,0.6827586206896552,1,2023-06-23,0.5985140592154503
2023-06-23_MIL@CLE,0.4253521126760563,1,2023-06-23,0.4657864515041059
2023-06-24_MIL@CLE,0.4253521126760563,1,2023-06-24,0.4589930216466883
2023-06-24_HOU@LAD,0.5511811023622046,1,2023-06-24,0.5230290987233206
2023-06-24_SEA@BAL,0.265993265993266,0,2023-06-24,0.40682115448619127
2023-06-24_PIT@MIA,0.6211656441717791,0,2023-06-24,0.549668454829495
2023-06-24_ATL@CIN,0.5369261477045908,0,2023-06-24,0.5099017356444662
2023-06-24_KC@TB,0.4253521126760563,1,2023-06-24,0.4597215221309432
2023-06-24_BOS@CWS,0.3881656804733728,0,2023-06-24,0.4242272891987168
2023-06-24_OAK@TOR,0.3881656804733728,1,2023-06-24,0.4349270460174375
2023-06-24_MIN@DET,0.6211656441717791,0,2023-06-24,0.5489501003837717
2023-06-24_AZ@SF,0.45825049701789267,1,2023-06-24,0.4785811875587791
2023-06-24_WSH@SD,0.4253521126760563,1,2023-06-24,0.45969127081222105
2023-06-24_LAA@COL,0.5369261477045908,0,2023-06-24,0.5061738302962383
2023-06-24_TEX@NYY,0.6553191489361702,0,2023-06-24,0.5562996294340588
2023-06-24_NYM@PHI,0.7407407407407407,1,2023-06-24,0.6223564869666792
2023-06-24_CHC@STL,0.4253521126760563,0,2023-06-24,0.4478633704901708
2023-06-25_SEA@BAL,0.1888111888111888,0,2023-06-25,0.3840540338213445
2023-06-25_AZ@SF,0.6211656441717791,1,2023-06-25,0.5506300882592268
2023-06-25_MIL@CLE,0.7407407407407407,0,2023-06-25,0.6551653027082867
2023-06-25_BOS@CWS,0.45825049701789267,0,2023-06-25,0.4787374251349916
2023-06-25_HOU@LAD,0.3881656804733728,1,2023-06-25,0.4370568844331586
2023-06-25_LAA@COL,0.7407407407407407,1,2023-06-25,0.6388819658973914
2023-06-25_KC@TB,0.4253521126760563,0,2023-06-25,0.4525455983056037
2023-06-25_PIT@MIA,0.6211656441717791,0,2023-06-25,0.5424230924483897
2023-06-25_MIN@DET,0.4253521126760563,0,2023-06-25,0.4673236758935886
2023-06-25_CHC@STL,0.4253521126760563,1,2023-06-25,0.4587285010159309
2023-06-25_NYM@PHI,0.6211656441717791,1,2023-06-25,0.5359736927670614
2023-06-25_WSH@SD,0.6211656441717791,1,2023-06-25,0.5316361791639872
2023-06-25_OAK@TOR,0.4253521126760563,1,2023-06-25,0.45136654830214884
2023-06-25_TEX@NYY,0.6553191489361702,1,2023-06-25,0.5562246361095995
2023-06-25_ATL@CIN,0.6211656441717791,0,2023-06-25,0.5534181361051909
2023-06-26_CIN@BAL,0.268041237113402,1,2023-06-26,0.4075767658206456
2023-06-26_MIN@ATL,0.268041237113402,0,2023-06-26,0.4098955373562897
2023-06-26_CWS@LAA,0.6211656441717791,1,2023-06-26,0.5303077471268322
2023-06-26_MIL@NYM,0.5511811023622046,0,2023-06-26,0.5241415456596554
2023-06-26_DET@TEX,0.45825049701789267,1,2023-06-26,0.4761544465842863
2023-06-26_WSH@SEA,0.7407407407407407,1,2023-06-26,0.6971505876003243
2023-06-27_MIN@ATL,0.6211656441717791,1,2023-06-27,0.5308131495342083
2023-06-27_DET@TEX,0.7157894736842105,0,2023-06-27,0.6080941837288396
2023-06-27_WSH@SEA,0.7407407407407407,1,2023-06-27,0.6668576289325245
2023-06-27_CLE@KC,0.4253521126760563,0,2023-06-27,0.4620564729475417
2023-06-27_CWS@LAA,0.6211656441717791,1,2023-06-27,0.5512847729956167
2023-06-27_TB@AZ,0.4253521126760563,1,2023-06-27,0.46771346955203563
2023-06-27_LAD@COL,0.1888111888111888,0,2023-06-27,0.39117309957581126
2023-06-27_CIN@BAL,0.3881656804733728,0,2023-06-27,0.43736757664554726
2023-06-27_PHI@CHC,0.6827586206896552,1,2023-06-27,0.5845863062053427
2023-06-27_SD@PIT,0.4253521126760563,0,2023-06-27,0.4503296582936275
2023-06-27_SF@TOR,0.45825049701789267,0,2023-06-27,0.4831151250291611
2023-06-27_MIA@BOS,0.6827586206896552,1,2023-06-27,0.5790673822385977
2023-06-27_MIL@NYM,0.47619047619047616,0,2023-06-27,0.48457496073209483
2023-06-27_HOU@STL,0.5331491712707183,1,2023-06-27,0.5027005274321883
2023-06-27_NYY@OAK,0.13043478260869565,0,2023-06-27,0.3734949384524324
2023-06-28_TB@AZ,0.6827586206896552,0,2023-06-28,0.5813645754436739
2023-06-28_CWS@LAA,0.4253521126760563,1,2023-06-28,0.46714546457813844
2023-06-28_CLE@KC,0.5331491712707183,0,2023-06-28,0.49842451823646183
2023-06-28_LAD@COL,0.4822834645669291,0,2023-06-28,0.4918645318006014
2023-06-28_DET@TEX,0.6211656441717791,1,2023-06-28,0.5516387388895228
2023-06-28_MIL@NYM,0.6211656441717791,1,2023-06-28,0.5297378680777032
2023-06-28_NYY@OAK,0.3881656804733728,0,2023-06-28,0.42479327856869065
2023-06-28_MIA@BOS,0.6211656441717791,0,2023-06-28,0.5528104658939734
2023-06-28_CIN@BAL,0.6827586206896552,1,2023-06-28,0.5749239735403266
2023-06-28_HOU@STL,0.4253521126760563,1,2023-06-28,0.4595625341144828
2023-06-28_MIN@ATL,0.7727272727272727,1,2023-06-28,0.7067535969078631
2023-06-28_SF@TOR,0.4253521126760563,1,2023-06-28,0.45342213267454234
2023-06-28_SD@PIT,0.3881656804733728,1,2023-06-28,0.42507081180007655
2023-06-28_PHI@CHC,0.45825049701789267,0,2023-06-28,0.4692422364530242
2023-06-28_WSH@SEA,0.4253521126760563,1,2023-06-28,0.45426185144850184
2023-06-29_HOU@STL,0.4822834645669291,0,2023-06-29,0.49158027021871364
2023-06-29_NYY@OAK,0.3881656804733728,1,2023-06-29,0.433782949862776
2023-06-29_CLE@KC,0.1888111888111888,0,2023-06-29,0.3799071482086096
2023-06-29_SD@PIT,0.4253521126760563,0,2023-06-29,0.45559770823136425
2023-06-29_DET@TEX,0.5511811023622046,1,2023-06-29,0.5227001496940844
2023-06-29_MIA@BOS,0.4253521126760563,0,2023-06-29,0.44119076421983094
2023-06-29_TB@AZ,0.6827586206896552,1,2023-06-29,0.5837794936286631
2023-06-29_PHI@CHC,0.7407407407407407,1,2023-06-29,0.634864129968232
2023-06-29_LAD@COL,0.5331491712707183,1,2023-06-29,0.5006603055656871
2023-06-29_MIL@NYM,0.4253521126760563,0,2023-06-29,0.45907701113604826
2023-06-29_CWS@LAA,0.5369261477045908,1,2023-06-29,0.5052738537599148
2023-06-29_SF@TOR,0.5511811023622046,0,2023-06-29,0.5124513912844781
2023-06-30_TB@SEA,0.6827586206896552,0,2023-06-30,0.5986916281003708
2023-06-30_AZ@LAA,0.7407407407407407,1,2023-06-30,0.647879584945259
2023-06-30_CWS@OAK,0.6553191489361702,1,2023-06-30,0.5574633589001312
2023-06-30_DET@COL,0.6211656441717791,0,2023-06-30,0.5499033611145716
2023-06-30_LAD@KC,0.45825049701789267,1,2023-06-30,0.47251648311273087
2023-06-30_HOU@TEX,0.6211656441717791,1,2023-06-30,0.5415468282294054
2023-06-30_WSH@PHI,0.4822834645669291,0,2023-06-30,0.48848116872249736
2023-06-30_SF@NYM,0.49743589743589745,1,2023-06-30,0.49551194484975636
2023-06-30_SD@CIN,0.268041237113402,0,2023-06-30,0.4088906975714631
2023-06-30_MIA@ATL,0.45825049701789267,1,2023-06-30,0.4696273231603688
2023-06-30_CLE@CHC,0.4253521126760563,0,2023-06-30,0.44192000399094233
2023-06-30_MIN@BAL,0.6211656441717791,1,2023-06-30,0.5309028688445034
2023-06-30_MIL@PIT,0.34210526315789475,0,2023-06-30,0.42051859843578265
2023-06-30_BOS@TOR,0.4253521126760563,0,2023-06-30,0.4417358610202682
2023-07-01_AZ@LAA,0.4253521126760563,0,2023-07-01,0.45518630867046084
2023-07-01_TB@SEA,0.5369261477045908,0,2023-07-01,0.5032230508514317
2023-07-01_SF@NYM,0.49743589743589745,0,2023-07-01,0.49426438978721643
2023-07-01_MIA@ATL,0.7407407407407407,1,2023-07-01,0.6261656289152279
2023-07-01_LAD@KC,0.3881656804733728,1,2023-07-01,0.4402474514849465
2023-07-01_CWS@OAK,0.3466666666666667,1,2023-07-01,0.42185625066886734
2023-07-01_SD@CIN,0.5369261477045908,0,2023-07-01,0.5028347547292633
2023-07-01_MIN@BAL,0.5331491712707183,0,2023-07-01,0.49731051107408253
2023-07-01_HOU@TEX,0.5511811023622046,0,2023-07-01,0.5153058786580111
2023-07-01_WSH@PHI,0.268041237113402,0,2023-07-01,0.4131689415499624
2023-07-01_DET@COL,0.5369261477045908,0,2023-07-01,0.5044793364097722
2023-07-01_NYY@STL,0.6211656441717791,0,2023-07-01,0.5405881812576201
2023-07-01_BOS@TOR,0.6211656441717791,1,2023-07-01,0.547187311174641
2023-07-01_NYY@STL,0.7157894736842105,1,2023-07-01,0.6069997439732703
2023-07-01_MIL@PIT,0.4253521126760563,1,2023-07-01,0.4678472724227206
2023-07-01_CLE@CHC,0.3466666666666667,0,2023-07-01,0.4225137801211206
2023-07-02_CWS@OAK,0.265993265993266,0,2023-07-02,0.40649699810052187
2023-07-02_HOU@TEX,0.4253521126760563,1,2023-07-02,0.4664867570402582
2023-07-02_CLE@CHC,0.5369261477045908,0,2023-07-02,0.5097486559860519
2023-07-02_MIA@ATL,0.5331491712707183,0,2023-07-02,0.502390686379623
2023-07-02_MIL@PIT,0.45825049701789267,0,2023-07-02,0.4687754474781868
2023-07-02_BOS@TOR,0.4822834645669291,1,2023-07-02,0.48865001910703854
2023-07-02_MIN@BAL,0.4253521126760563,0,2023-07-02,0.45177563535128995
2023-07-02_WSH@PHI,0.6553191489361702,1,2023-07-02,0.5626792011725699
2023-07-02_LAD@KC,0.5369261477045908,0,2023-07-02,0.5051341941211138
2023-07-02_SD@CIN,0.4822834645669291,0,2023-07-02,0.4929144856052823
2023-07-02_SF@NYM,0.5511811023622046,0,2023-07-02,0.5178135353895275
2023-07-02_NYY@STL,0.5511811023622046,0,2023-07-02,0.5192701301746934
2023-07-02_DET@COL,0.7407407407407407,1,2023-07-02,0.6783652392156834
2023-07-02_AZ@LAA,0.3881656804733728,1,2023-07-02,0.4346815231044331
2023-07-02_TB@SEA,0.4253521126760563,1,2023-07-02,0.4612824560222213
2023-07-03_LAA@SD,0.3881656804733728,1,2023-07-03,0.43723522228056333
2023-07-03_PIT@LAD,0.3881656804733728,0,2023-07-03,0.42466863300854985
2023-07-03_KC@MIN,0.4253521126760563,1,2023-07-03,0.4603760828715542
2023-07-03_CHC@MIL,0.4253521126760563,0,2023-07-03,0.4644864856859222
2023-07-03_BAL@NYY,0.3881656804733728,0,2023-07-03,0.43307418070540316
2023-07-03_HOU@TEX,0.4253521126760563,0,2023-07-03,0.457222660344488
2023-07-03_STL@MIA,0.4253521126760563,1,2023-07-03,0.4423790636678451
2023-07-03_SEA@SF,0.45825049701789267,0,2023-07-03,0.4703295119801103
2023-07-03_CIN@WSH,0.45825049701789267,0,2023-07-03,0.4701213081754817
2023-07-03_ATL@CLE,0.268041237113402,0,2023-07-03,0.41100013677916336
2023-07-04_NYM@AZ,0.45825049701789267,1,2023-07-04,0.48170088222253726
2023-07-04_PIT@LAD,0.8047251487503129,1,2023-07-04,0.7237779667600438
2023-07-04_OAK@DET,0.4822834645669291,0,2023-07-04,0.49235002753270285
2023-07-04_ATL@CLE,0.4253521126760563,0,2023-07-04,0.4432229594442789
2023-07-04_TOR@CWS,0.5331491712707183,0,2023-07-04,0.49702583135581324
2023-07-04_LAA@SD,0.4253521126760563,0,2023-07-04,0.4585254437186308
2023-07-04_PHI@TB,0.3881656804733728,0,2023-07-04,0.4234753425220704
2023-07-04_CIN@WSH,0.4769799904163635,1,2023-07-04,0.4846522524530985
2023-07-04_TEX@BOS,0.45825049701789267,1,2023-07-04,0.4751736290076989
2023-07-04_STL@MIA,0.4253521126760563,1,2023-07-04,0.4677084595479659
2023-07-04_CHC@MIL,0.4253521126760563,0,2023-07-04,0.45180150118024076
2023-07-04_COL@HOU,0.6211656441717791,0,2023-07-04,0.5461995472500205
2023-07-04_BAL@NYY,0.268041237113402,1,2023-07-04,0.4130170008305588
2023-07-04_SEA@SF,0.4822834645669291,1,2023-07-04,0.488476214379415
2023-07-04_KC@MIN,0.30434782608695654,1,2023-07-04,0.4192653143424421
2023-07-05_TEX@BOS,0.7407407407407407,1,2023-07-05,0.6282288068597566
2023-07-05_NYM@AZ,0.45825049701789267,0,2023-07-05,0.4778416526259509
2023-07-05_LAA@SD,0.268041237113402,1,2023-07-05,0.4115520271571226
2023-07-05_KC@MIN,0.6211656441717791,1,2023-07-05,0.5384428977551945
2023-07-05_CHC@MIL,0.6827586206896552,0,2023-07-05,0.5819165096579877
2023-07-05_OAK@DET,0.265993265993266,1,2023-07-05,0.40241923604787144
2023-07-05_PIT@LAD,0.6553191489361702,1,2023-07-05,0.565552879400463
2023-07-05_BAL@NYY,0.4253521126760563,0,2023-07-05,0.44118660269157084
2023-07-05_PHI@TB,0.5511811023622046,1,2023-07-05,0.5252992298070116
2023-07-05_SEA@SF,0.3881656804733728,0,2023-07-05,0.43904732741566144
2023-07-05_CIN@WSH,0.4253521126760563,1,2023-07-05,0.44462691070733296
2023-07-05_ATL@CLE,0.4253521126760563,1,2023-07-05,0.441418528377185
2023-07-05_COL@HOU,0.4253521126760563,0,2023-07-05,0.45990158428312755
2023-07-05_STL@MIA,0.6827586206896552,1,2023-07-05,0.6008656876297874
2023-07-06_CIN@WSH,0.4253521126760563,0,2023-07-06,0.4592885269574143
2023-07-06_PIT@LAD,0.5369261477045908,1,2023-07-06,0.5057263061193347
2023-07-06_SEA@HOU,0.3881656804733728,0,2023-07-06,0.44045060954668236
2023-07-06_TOR@CWS,0.3881656804733728,0,2023-07-06,0.42677015778780336
2023-07-06_TOR@CWS,0.45825049701789267,0,2023-07-06,0.4724703808142249
2023-07-06_NYM@AZ,0.4253521126760563,1,2023-07-06,0.45582140064072085
2023-07-06_KC@CLE,0.3881656804733728,1,2023-07-06,0.43865468031686117
2023-07-06_STL@MIA,0.6827586206896552,0,2023-07-06,0.5871069049349551
2023-07-06_CHC@MIL,0.4822834645669291,0,2023-07-06,0.489864132621076
2023-07-06_BAL@NYY,0.1888111888111888,1,2023-07-06,0.38722093040053895
2023-07-06_OAK@DET,0.6211656441717791,1,2023-07-06,0.5397848974005948
2023-07-06_TEX@BOS,0.45825049701789267,1,2023-07-06,0.469234149661536
2023-07-06_PHI@TB,0.45825049701789267,0,2023-07-06,0.4743727814556349
2023-07-07_LAA@LAD,0.6553191489361702,1,2023-07-07,0.557418373862204
2023-07-07_COL@SF,0.6211656441717791,1,2023-07-07,0.546002735812404
2023-07-07_PIT@AZ,0.49743589743589745,0,2023-07-07,0.4952012605235312
2023-07-07_SEA@HOU,0.6553191489361702,0,2023-07-07,0.5571059473025445
2023-07-07_NYM@SD,0.6553191489361702,1,2023-07-07,0.5631721292086787
2023-07-07_STL@CWS,0.45825049701789267,0,2023-07-07,0.4807244621903347
2023-07-07_TOR@DET,0.6211656441717791,0,2023-07-07,0.5314779921441675
2023-07-07_CIN@MIL,0.5511811023622046,1,2023-07-07,0.5125668164883278
2023-07-07_ATL@TB,0.4253521126760563,1,2023-07-07,0.4686364455937514
2023-07-07_OAK@BOS,0.5369261477045908,0,2023-07-07,0.5041408589719916
2023-07-07_KC@CLE,0.4822834645669291,1,2023-07-07,0.4878907052468865
2023-07-07_CHC@NYY,0.5511811023622046,0,2023-07-07,0.5161740080794008
2023-07-07_TEX@WSH,0.5511811023622046,1,2023-07-07,0.521845160048168
2023-07-07_PHI@MIA,0.6553191489361702,0,2023-07-07,0.5655307694800049
2023-07-07_BAL@MIN,0.3881656804733728,0,2023-07-07,0.4383996870683555
2023-07-08_NYM@SD,0.5511811023622046,0,2023-07-08,0.5143143381703192
2023-07-08_LAA@LAD,0.5511811023622046,1,2023-07-08,0.5121050245296108
2023-07-08_PHI@MIA,0.7407407407407407,1,2023-07-08,0.6499143312231461
2023-07-08_PIT@AZ,0.4253521126760563,0,2023-07-08,0.4545003848066407
2023-07-08_SEA@HOU,0.265993265993266,1,2023-07-08,0.40100839651999187
2023-07-08_ATL@TB,0.45825049701789267,0,2023-07-08,0.4758171070484756
2023-07-08_TOR@DET,0.7407407407407407,1,2023-07-08,0.6925782733590713
2023-07-08_KC@CLE,0.5511811023622046,1,2023-07-08,0.5257876057193638
2023-07-08_STL@CWS,0.4822834645669291,0,2023-07-08,0.4893872232038543
2023-07-08_BAL@MIN,0.7407407407407407,1,2023-07-08,0.6423099605706625
2023-07-08_CHC@NYY,0.3881656804733728,1,2023-07-08,0.42898711494694697
2023-07-08_OAK@BOS,0.1888111888111888,1,2023-07-08,0.387806890706759
2023-07-08_TEX@WSH,0.5511811023622046,1,2023-07-08,0.5247199843752884
2023-07-08_COL@SF,0.45825049701789267,1,2023-07-08,0.47125937819127917
2023-07-08_CIN@MIL,0.4822834645669291,1,2023-07-08,0.4918764878199072
2023-07-09_CIN@MIL,0.6553191489361702,1,2023-07-09,0.5563192574842307
2023-07-09_COL@SF,0.45825049701789267,0,2023-07-09,0.48341893979731776
2023-07-09_STL@CWS,0.5369261477045908,0,2023-07-09,0.5047482145419104
2023-07-09_PIT@AZ,0.5511811023622046,1,2023-07-09,0.5157084123978961
2023-07-09_PHI@MIA,0.7157894736842105,1,2023-07-09,0.6075047212073353
2023-07-09_BAL@MIN,0.7157894736842105,1,2023-07-09,0.6068834837662836
2023-07-09_NYM@SD,0.45825049701789267,1,2023-07-09,0.4729748246573957
2023-07-09_SEA@HOU,0.3881656804733728,0,2023-07-09,0.4347850145695493
2023-07-09_TOR@DET,0.45825049701789267,0,2023-07-09,0.4731332035424691
2023-07-09_TEX@WSH,0.5331491712707183,0,2023-07-09,0.4968514973914343
2023-07-09_CHC@NYY,0.4253521126760563,1,2023-07-09,0.45706527291878296
2023-07-09_OAK@BOS,0.7407407407407407,1,2023-07-09,0.6647641851392483
2023-07-09_KC@CLE,0.45825049701789267,0,2023-07-09,0.4777726167829073
2023-07-09_ATL@TB,0.45825049701789267,1,2023-07-09,0.47849021519352
2023-07-14_HOU@LAA,0.4822834645669291,0,2023-07-14,0.49032787841930625
2023-07-14_DET@SEA,0.4822834645669291,1,2023-07-14,0.4922857440540702
2023-07-14_WSH@STL,0.5511811023622046,1,2023-07-14,0.5176796949494744
2023-07-14_MIN@OAK,0.4253521126760563,1,2023-07-14,0.4590661200477666
2023-07-14_NYY@COL,0.5511811023622046,1,2023-07-14,0.5238460458907689
2023-07-14_LAD@NYM,0.6211656441717791,0,2023-07-14,0.5492528747725656
2023-07-14_MIL@CIN,0.3881656804733728,0,2023-07-14,0.4267246234932325
2023-07-14_CLE@TEX,0.7407407407407407,0,2023-07-14,0.6854012453161537
2023-07-14_SF@PIT,0.29896907216494845,0,2023-07-14,0.41554247811449707
2023-07-14_MIA@BAL,0.45825049701789267,0,2023-07-14,0.4805421605747414
2023-07-14_SD@PHI,0.5511811023622046,0,2023-07-14,0.516397206830626
2023-07-14_BOS@CHC,0.4253521126760563,0,2023-07-14,0.4586692617071273
2023-07-14_AZ@TOR,0.4253521126760563,0,2023-07-14,0.45806250436699014
2023-07-14_CWS@ATL,0.7157894736842105,1,2023-07-14,0.605879753290152
2023-07-15_WSH@STL,0.5511811023622046,0,2023-07-15,0.5159485621971514
2023-07-15_HOU@LAA,0.4253521126760563,0,2023-07-15,0.4603080086041754
2023-07-15_DET@SEA,0.4253521126760563,0,2023-07-15,0.4520171210706031
2023-07-15_MIL@CIN,0.45825049701789267,1,2023-07-15,0.4753957788601496
2023-07-15_TB@KC,0.49743589743589745,0,2023-07-15,0.4940403663051822
2023-07-15_NYY@COL,0.6827586206896552,1,2023-07-15,0.5897177508530669
2023-07-15_CWS@ATL,0.3466666666666667,0,2023-07-15,0.4217279919056436
2023-07-15_SD@PHI,0.7157894736842105,1,2023-07-15,0.6107311966495357
2023-07-15_SF@PIT,0.4253521126760563,0,2023-07-15,0.45798804058456477
2023-07-15_MIN@OAK,0.4253521126760563,1,2023-07-15,0.4580029638345585
2023-07-15_LAD@NYM,0.4253521126760563,0,2023-07-15,0.4617341721596955
2023-07-15_MIA@BAL,0.4253521126760563,0,2023-07-15,0.4546940496094739
2023-07-15_CLE@TEX,0.6827586206896552,1,2023-07-15,0.5834974574993381
2023-07-15_BOS@CHC,0.4253521126760563,0,2023-07-15,0.4494943639283626
2023-07-15_TB@KC,0.6211656441717791,0,2023-07-15,0.5364128093931071
2023-07-15_AZ@TOR,0.265993265993266,0,2023-07-15,0.39873162659759576
2023-07-15_SD@PHI,0.5511811023622046,0,2023-07-15,0.5178760911615634
2023-07-16_DET@SEA,0.5369261477045908,1,2023-07-16,0.5064993393441218
2023-07-16_BOS@CHC,0.5511811023622046,1,2023-07-16,0.5167449813635563
2023-07-16_CLE@TEX,0.5331491712707183,1,2023-07-16,0.5022076358846956
2023-07-16_NYY@COL,0.3881656804733728,0,2023-07-16,0.4402831244294323
2023-07-16_MIN@OAK,0.45825049701789267,0,2023-07-16,0.4691592329994365
2023-07-16_WSH@STL,0.6553191489361702,0,2023-07-16,0.5642065709242743
2023-07-16_HOU@LAA,0.6211656441717791,1,2023-07-16,0.5319066966755575
2023-07-16_MIL@CIN,0.5511811023622046,0,2023-07-16,0.5213250143949569
2023-07-16_MIA@BAL,0.4253521126760563,1,2023-07-16,0.45662483442801216
2023-07-16_LAD@NYM,0.4253521126760563,0,2023-07-16,0.45372668885006706
2023-07-16_AZ@TOR,0.4253521126760563,1,2023-07-16,0.44313013807298274
2023-07-16_SD@PHI,0.3881656804733728,1,2023-07-16,0.4301084473330915
2023-07-16_SF@PIT,0.4253521126760563,0,2023-07-16,0.46843268913621183
2023-07-16_CWS@ATL,0.5511811023622046,0,2023-07-16,0.5187187076149538
2023-07-16_TB@KC,0.6553191489361702,1,2023-07-16,0.5540241074186646
2023-07-17_TB@TEX,0.5331491712707183,1,2023-07-17,0.5005335383792264
2023-07-17_MIN@SEA,0.6211656441717791,0,2023-07-17,0.5334581906441658
2023-07-17_BOS@OAK,0.45825049701789267,1,2023-07-17,0.48087641690384697
2023-07-17_DET@KC,0.4822834645669291,0,2023-07-17,0.4876787782187426
2023-07-17_LAD@BAL,0.49743589743589745,1,2023-07-17,0.4959624153641061
2023-07-17_WSH@CHC,0.49743589743589745,1,2023-07-17,0.4958081780101796
2023-07-17_CLE@PIT,0.5369261477045908,0,2023-07-17,0.5047711847224903
2023-07-17_MIA@STL,0.3466666666666667,0,2023-07-17,0.4227450861988471
2023-07-17_SF@CIN,0.30434782608695654,1,2023-07-17,0.41850487216516563
2023-07-17_NYY@LAA,0.4822834645669291,0,2023-07-17,0.49038666481961135
2023-07-18_BOS@OAK,0.4253521126760563,0,2023-07-18,0.46638550973471204
2023-07-18_MIN@SEA,0.49743589743589745,1,2023-07-18,0.49619868771078857
2023-07-18_NYY@LAA,0.4822834645669291,1,2023-07-18,0.4847604835335788
2023-07-18_WSH@CHC,0.6827586206896552,1,2023-07-18,0.5670056460893945
2023-07-18_TB@TEX,0.45825049701789267,0,2023-07-18,0.4707454771603522
2023-07-18_DET@KC,0.45825049701789267,1,2023-07-18,0.47891672738983804
2023-07-18_HOU@COL,0.5369261477045908,1,2023-07-18,0.5081108230235554
2023-07-18_AZ@ATL,0.6827586206896552,1,2023-07-18,0.5906677523626966
2023-07-18_CWS@NYM,0.49743589743589745,1,2023-07-18,0.49427783973134876
2023-07-18_SF@CIN,0.45825049701789267,1,2023-07-18,0.48182424413051483
2023-07-18_LAD@BAL,0.6211656441717791,0,2023-07-18,0.5412871836610009
2023-07-18_SD@TOR,0.4253521126760563,1,2023-07-18,0.45568722671495443
2023-07-18_MIL@PHI,0.4253521126760563,1,2023-07-18,0.4614007111279945
2023-07-18_CLE@PIT,0.4253521126760563,1,2023-07-18,0.44985405850126425
2023-07-18_MIA@STL,0.4822834645669291,0,2023-07-18,0.4865861974270622
2023-07-19_DET@KC,0.6211656441717791,0,2023-07-19,0.5299310020294512
2023-07-19_MIN@SEA,0.4253521126760563,0,2023-07-19,0.440624568225352
2023-07-19_WSH@CHC,0.45825049701789267,1,2023-07-19,0.4791687950382838
2023-07-19_SD@TOR,0.3881656804733728,0,2023-07-19,0.4391870612046428
2023-07-19_NYY@LAA,0.49743589743589745,1,2023-07-19,0.49374354915702123
2023-07-19_AZ@ATL,0.4253521126760563,0,2023-07-19,0.4509362305342648
2023-07-19_CWS@NYM,0.6211656441717791,0,2023-07-19,0.5400929771253962
2023-07-19_LAD@BAL,0.4253521126760563,1,2023-07-19,0.4616551376419361
2023-07-19_BOS@OAK,0.6553191489361702,1,2023-07-19,0.5624388820269864
2023-07-19_HOU@COL,0.3881656804733728,0,2023-07-19,0.4280730733283701
2023-07-19_TB@TEX,0.6211656441717791,0,2023-07-19,0.5343435479386582
2023-07-19_MIL@PHI,0.4253521126760563,0,2023-07-19,0.46288308404587153
2023-07-19_CLE@PIT,0.13043478260869565,0,2023-07-19,0.37071225294558885
2023-07-19_MIA@STL,0.5369261477045908,1,2023-07-19,0.5088353853082902
2023-07-19_SF@CIN,0.3881656804733728,0,2023-07-19,0.4300214040441406
2023-07-20_STL@CHC,0.45825049701789267,1,2023-07-20,0.4818113655554658
2023-07-20_HOU@OAK,0.30434782608695654,1,2023-07-20,0.4190937173652176
2023-07-20_MIN@SEA,0.6211656441717791,1,2023-07-20,0.5417602989888597
2023-07-20_BAL@TB,0.4253521126760563,0,2023-07-20,0.449328758144688
2023-07-20_MIL@PHI,0.3881656804733728,0,2023-07-20,0.43264431818702453
2023-07-20_SD@TOR,0.268041237113402,0,2023-07-20,0.41288152046501314
2023-07-20_DET@KC,0.5511811023622046,0,2023-07-20,0.5280857054281695
2023-07-20_SF@CIN,0.3881656804733728,0,2023-07-20,0.42868659189102887
2023-07-20_AZ@ATL,0.3881656804733728,0,2023-07-20,0.4314384470233239
2023-07-20_CWS@NYM,0.5511811023622046,1,2023-07-20,0.5201216693162278
2023-07-21_HOU@OAK,0.4822834645669291,1,2023-07-21,0.48926610560725525
2023-07-21_TOR@SEA,0.3881656804733728,0,2023-07-21,0.4378002317377737
2023-07-21_PHI@CLE,0.7407407407407407,1,2023-07-21,0.6256795415773135
2023-07-21_PIT@LAA,0.5511811023622046,0,2023-07-21,0.5160185231490968
2023-07-21_ATL@MIL,0.45825049701789267,1,2023-07-21,0.4780866344446546
2023-07-21_CWS@MIN,0.6211656441717791,1,2023-07-21,0.5481785586604964
2023-07-21_LAD@TEX,0.7407407407407407,1,2023-07-21,0.6192792304984835
2023-07-21_NYM@BOS,0.4253521126760563,1,2023-07-21,0.46712482399042243
2023-07-21_KC@NYY,0.30434782608695654,0,2023-07-21,0.41963246661064346
2023-07-21_COL@MIA,0.5369261477045908,1,2023-07-21,0.5032942434519367
2023-07-21_BAL@TB,0.45825049701789267,0,2023-07-21,0.47578092099490066
2023-07-21_AZ@CIN,0.5511811023622046,1,2023-07-21,0.5159887153679685
2023-07-21_STL@CHC,0.4253521126760563,0,2023-07-21,0.45174565431337854
2023-07-21_SF@WSH,0.4822834645669291,1,2023-07-21,0.4889754542585878
2023-07-21_SD@DET,0.268041237113402,1,2023-07-21,0.4117939690765312
2023-07-22_CWS@MIN,0.45825049701789267,0,2023-07-22,0.47085446383066765
2023-07-22_HOU@OAK,0.3881656804733728,0,2023-07-22,0.44050372837873897
2023-07-22_ATL@MIL,0.6827586206896552,0,2023-07-22,0.5910859003205851
2023-07-22_PIT@LAA,0.4253521126760563,0,2023-07-22,0.45545354048018516
2023-07-22_SD@DET,0.45825049701789267,0,2023-07-22,0.47371181125185446
2023-07-22_BAL@TB,0.4822834645669291,0,2023-07-22,0.48472620523854315
2023-07-22_TOR@SEA,0.3881656804733728,0,2023-07-22,0.4365134367909056
2023-07-22_PHI@CLE,0.4253521126760563,0,2023-07-22,0.467015810982341
2023-07-22_AZ@CIN,0.5369261477045908,0,2023-07-22,0.5084547109376634
2023-07-22_KC@NYY,0.45825049701789267,1,2023-07-22,0.4728271761592603
2023-07-22_LAD@TEX,0.4253521126760563,1,2023-07-22,0.45082809002472357
2023-07-22_COL@MIA,0.265993265993266,0,2023-07-22,0.4020124820788854
2023-07-22_SF@WSH,0.4253521126760563,0,2023-07-22,0.4488279986552993
2023-07-22_STL@CHC,0.4253521126760563,1,2023-07-22,0.4549249729627347
2023-07-22_NYM@BOS,0.3466666666666667,1,2023-07-22,0.4214823153786692
2023-07-23_PIT@LAA,0.30434782608695654,1,2023-07-23,0.41971686747121584
2023-07-23_HOU@OAK,0.3881656804733728,1,2023-07-23,0.43991789764741884
2023-07-23_TOR@SEA,0.4822834645669291,0,2023-07-23,0.4858100221838111
2023-07-23_LAD@TEX,0.7407407407407407,1,2023-07-23,0.63052907353166
2023-07-23_CWS@MIN,0.45825049701789267,0,2023-07-23,0.4825010815143089
2023-07-23_STL@CHC,0.6827586206896552,1,2023-07-23,0.583817187890932
2023-07-23_PHI@CLE,0.4253521126760563,1,2023-07-23,0.44936433496406925
2023-07-23_SD@DET,0.3881656804733728,1,2023-07-23,0.4237641453368226
2023-07-23_AZ@CIN,0.5331491712707183,1,2023-07-23,0.5014353064241399
2023-07-23_SF@WSH,0.4253521126760563,1,2023-07-23,0.46793222577953364
2023-07-23_NYM@BOS,0.3881656804733728,1,2023-07-23,0.42604822791304364
2023-07-23_BAL@TB,0.45825049701789267,1,2023-07-23,0.4788282718868111
2023-07-23_COL@MIA,0.4253521126760563,0,2023-07-23,0.464249336224018
2023-07-23_KC@NYY,0.6827586206896552,1,2023-07-23,0.5754897042530578
2023-07-23_ATL@MIL,0.4253521126760563,0,2023-07-23,0.4667136067883242
2023-07-24_STL@AZ,0.6211656441717791,1,2023-07-24,0.5467793955149469
2023-07-24_TOR@LAD,0.5369261477045908,1,2023-07-24,0.5028110088543737
2023-07-24_CIN@MIL,0.5331491712707183,1,2023-07-24,0.5026511594995218
2023-07-24_TEX@HOU,0.4253521126760563,1,2023-07-24,0.45652862286778484
2023-07-24_SEA@MIN,0.4253521126760563,0,2023-07-24,0.4672503927362921
2023-07-24_PIT@SD,0.3881656804733728,1,2023-07-24,0.4387640609008775
2023-07-24_KC@CLE,0.7407407407407407,0,2023-07-24,0.6894292282671068
2023-07-24_BAL@PHI,0.6211656441717791,0,2023-07-24,0.5292429646346712
2023-07-24_COL@WSH,0.45825049701789267,0,2023-07-24,0.4765249255497137
2023-07-24_SF@DET,0.5331491712707183,1,2023-07-24,0.49967568425116693
2023-07-25_TEX@HOU,0.4822834645669291,0,2023-07-25,0.4914445798742265
2023-07-25_TOR@LAD,0.6211656441717791,1,2023-07-25,0.5341372290108475
2023-07-25_STL@AZ,0.268041237113402,0,2023-07-25,0.40786285971745173
2023-07-25_KC@CLE,0.45825049701789267,0,2023-07-25,0.47825218399483205
2023-07-25_ATL@BOS,0.5511811023622046,1,2023-07-25,0.5266207377469243
2023-07-25_CIN@MIL,0.4253521126760563,0,2023-07-25,0.44768749032925326
2023-07-25_PIT@SD,0.265993265993266,0,2023-07-25,0.4068586675026469
2023-07-25_SEA@MIN,0.4253521126760563,1,2023-07-25,0.4550314867221872
2023-07-25_LAA@DET,0.4253521126760563,1,2023-07-25,0.4667180134415383
2023-07-25_NYM@NYY,0.45825049701789267,1,2023-07-25,0.48273268150675963
2023-07-25_OAK@SF,0.4253521126760563,0,2023-07-25,0.4462600894147678
2023-07-25_MIA@TB,0.3881656804733728,0,2023-07-25,0.4352579041338841
2023-07-25_BAL@PHI,0.3881656804733728,0,2023-07-25,0.43787573419206616
2023-07-25_COL@WSH,0.29896907216494845,0,2023-07-25,0.416592425432029
2023-07-25_CHC@CWS,0.268041237113402,0,2023-07-25,0.4074680200533818
2023-07-26_TEX@HOU,0.5511811023622046,1,2023-07-26,0.5167623987070091
2023-07-26_CHC@CWS,0.5331491712707183,1,2023-07-26,0.4970425867597892
2023-07-26_ATL@BOS,0.6827586206896552,0,2023-07-26,0.5665133375475443
2023-07-26_STL@AZ,0.3881656804733728,0,2023-07-26,0.4293090537977151
2023-07-26_PIT@SD,0.33576085536603495,0,2023-07-26,0.4203582913514542
2023-07-26_BAL@PHI,0.4253521126760563,0,2023-07-26,0.45707372101196597
2023-07-26_KC@CLE,0.3881656804733728,1,2023-07-26,0.43921726612739986
2023-07-26_SEA@MIN,0.3881656804733728,1,2023-07-26,0.43360648321489814
2023-07-26_OAK@SF,0.5369261477045908,1,2023-07-26,0.5070382921509073
2023-07-26_MIA@TB,0.29896907216494845,0,2023-07-26,0.41486177639791855
2023-07-26_COL@WSH,0.4822834645669291,0,2023-07-26,0.48832678430274834
2023-07-26_TOR@LAD,0.6827586206896552,0,2023-07-26,0.578016764191551
2023-07-26_CIN@MIL,0.30434782608695654,0,2023-07-26,0.42023480968795
2023-07-26_NYM@NYY,0.45825049701789267,0,2023-07-26,0.4820601462252516
2023-07-27_LAA@DET,0.5511811023622046,0,2023-07-27,0.5207252923424921
2023-07-27_CLE@CWS,0.268041237113402,1,2023-07-27,0.41198313833503475
2023-07-27_CHC@STL,0.4253521126760563,1,2023-07-27,0.4545266592979751
2023-07-27_LAA@DET,0.45825049701789267,0,2023-07-27,0.4737229908367986
2023-07-27_WSH@NYM,0.4822834645669291,0,2023-07-27,0.4920007175636596
2023-07-28_CHC@STL,0.7407407407407407,1,2023-07-28,0.6294492185446263
2023-07-28_BOS@SF,0.3881656804733728,0,2023-07-28,0.4376017236197203
2023-07-28_SEA@AZ,0.3881656804733728,1,2023-07-28,0.4236237240416886
2023-07-28_TEX@SD,0.265993265993266,1,2023-07-28,0.40461884537540616
2023-07-28_CIN@LAD,0.4822834645669291,1,2023-07-28,0.48873980219121704
2023-07-28_OAK@COL,0.4253521126760563,1,2023-07-28,0.4519114881928942
2023-07-28_WSH@NYM,0.3881656804733728,0,2023-07-28,0.42941305439268285
2023-07-28_TB@HOU,0.5511811023622046,1,2023-07-28,0.5220364523818074
2023-07-28_NYY@BAL,0.265993265993266,0,2023-07-28,0.39882128080178203
2023-07-28_MIL@ATL,0.07692307692307693,0,2023-07-28,0.3625530432729476
2023-07-28_MIN@KC,0.29896907216494845,0,2023-07-28,0.41446198610519214
2023-07-28_PHI@PIT,0.45825049701789267,0,2023-07-28,0.47171075620414293
2023-07-28_CLE@CWS,0.6211656441717791,1,2023-07-28,0.5430823385048695
2023-07-28_LAA@TOR,0.4253521126760563,1,2023-07-28,0.4447378061670796
2023-07-28_DET@MIA,0.7407407407407407,1,2023-07-28,0.6537194139856517
2023-07-29_CIN@LAD,0.5369261477045908,1,2023-07-29,0.5044534140021553
2023-07-29_MIN@KC,0.4822834645669291,1,2023-07-29,0.49109071047743547
2023-07-29_TEX@SD,0.4253521126760563,0,2023-07-29,0.4662766198323045
2023-07-29_SEA@AZ,0.265993265993266,0,2023-07-29,0.3958173566939742
2023-07-29_MIL@ATL,0.6553191489361702,1,2023-07-29,0.5604769331658471
2023-07-29_OAK@COL,0.45825049701789267,1,2023-07-29,0.47721312096551705
2023-07-29_CHC@STL,0.6211656441717791,1,2023-07-29,0.5526432784615076
2023-07-29_TB@HOU,0.6827586206896552,0,2023-07-29,0.573635674153469
2023-07-29_WSH@NYM,0.5369261477045908,1,2023-07-29,0.5054885191465824
2023-07-29_PHI@PIT,0.4253521126760563,0,2023-07-29,0.4652220977478412
2023-07-29_CLE@CWS,0.3881656804733728,1,2023-07-29,0.44035529040173105
2023-07-29_DET@MIA,0.4253521126760563,0,2023-07-29,0.4535734041022449
2023-07-29_NYY@BAL,0.4253521126760563,1,2023-07-29,0.454362598352534
2023-07-29_BOS@SF,0.45825049701789267,1,2023-07-29,0.48396400327447875
2023-07-29_LAA@TOR,0.4253521126760563,0,2023-07-29,0.4525706282373736
2023-07-30_TEX@SD,0.5511811023622046,0,2023-07-30,0.5106739748423452
2023-07-30_SEA@AZ,0.45825049701789267,1,2023-07-30,0.4788534195601476
2023-07-30_CIN@LAD,0.5331491712707183,1,2023-07-30,0.5004728042656137
2023-07-30_CHC@STL,0.6211656441717791,1,2023-07-30,0.5532467090217186
2023-07-30_TB@HOU,0.4253521126760563,1,2023-07-30,0.4655674516026712
2023-07-30_BOS@SF,0.45825049701789267,0,2023-07-30,0.47413150174100516
2023-07-30_LAA@TOR,0.26651658976913817,0,2023-07-30,0.40706433363798256
2023-07-30_OAK@COL,0.4253521126760563,0,2023-07-30,0.45528657670371664
2023-07-30_NYY@BAL,0.45825049701789267,1,2023-07-30,0.47733993343072056
2023-07-30_DET@MIA,0.4253521126760563,0,2023-07-30,0.44599834806244953
2023-07-30_WSH@NYM,0.4822834645669291,1,2023-07-30,0.49282497052970964
2023-07-30_CLE@CWS,0.265993265993266,0,2023-07-30,0.4048163436135179
2023-07-30_MIL@ATL,0.6211656441717791,1,2023-07-30,0.5499718747215883
2023-07-30_PHI@PIT,0.6211656441717791,0,2023-07-30,0.5399764397696694
2023-07-30_MIN@KC,0.3881656804733728,0,2023-07-30,0.42322018001842643
2023-07-31_SD@COL,0.45825049701789267,0,2023-07-31,0.47767931245946205
2023-07-31_BOS@SEA,0.3881656804733728,1,2023-07-31,0.42969622066077573
2023-07-31_CLE@HOU,0.6211656441717791,0,2023-07-31,0.5303991559063241
2023-07-31_TB@NYY,0.3881656804733728,1,2023-07-31,0.43537010541731747
2023-07-31_BAL@TOR,0.5511811023622046,1,2023-07-31,0.5227180337278187
2023-07-31_CIN@CHC,0.4822834645669291,0,2023-07-31,0.4854037670400654
2023-07-31_PHI@MIA,0.4253521126760563,1,2023-07-31,0.4498160707040135
2023-07-31_AZ@SF,0.4822834645669291,0,2023-07-31,0.48996366422520143
2023-07-31_MIL@WSH,0.3881656804733728,0,2023-07-31,0.4339762433412857
2023-07-31_LAA@ATL,0.4253521126760563,1,2023-07-31,0.4542204783642493
2023-08-01_BOS@SEA,0.45825049701789267,1,2023-08-01,0.4704339690320659
2023-08-01_CWS@TEX,0.3881656804733728,0,2023-08-01,0.4329982929738362
2023-08-01_SD@COL,0.4253521126760563,1,2023-08-01,0.4486223332988317
2023-08-01_OAK@LAD,0.4253521126760563,0,2023-08-01,0.454778935884819
2023-08-01_NYM@KC,0.6211656441717791,0,2023-08-01,0.529414585237336
2023-08-01_CLE@HOU,0.4253521126760563,0,2023-08-01,0.44788612086871227
2023-08-01_BAL@TOR,0.4253521126760563,1,2023-08-01,0.45772560107537585
2023-08-01_MIN@STL,0.4822834645669291,0,2023-08-01,0.49149308340670406
2023-08-01_TB@NYY,0.4253521126760563,0,2023-08-01,0.44308274884428567
2023-08-01_LAA@ATL,0.4253521126760563,1,2023-08-01,0.45446078673994017
2023-08-01_DET@PIT,0.45825049701789267,0,2023-08-01,0.48377288907424043
2023-08-01_AZ@SF,0.3881656804733728,0,2023-08-01,0.4288385844133962
2023-08-01_PHI@MIA,0.4253521126760563,0,2023-08-01,0.4586713064397486
2023-08-01_CIN@CHC,0.45825049701789267,1,2023-08-01,0.4743623339245454
2023-08-01_MIL@WSH,0.4253521126760563,0,2023-08-01,0.46278951751442543
2023-08-02_CWS@TEX,0.5331491712707183,1,2023-08-02,0.4988697655560176
2023-08-02_CIN@CHC,0.3881656804733728,1,2023-08-02,0.43306066679116406
2023-08-02_OAK@LAD,0.265993265993266,1,2023-08-02,0.40405288788910554
2023-08-02_MIN@STL,0.6827586206896552,0,2023-08-02,0.5810443013772786
2023-08-02_NYM@KC,0.6553191489361702,1,2023-08-02,0.5589559421328153
2023-08-02_BAL@TOR,0.4253521126760563,0,2023-08-02,0.4434062040811745
2023-08-02_CLE@HOU,0.45825049701789267,0,2023-08-02,0.46952457555253935
2023-08-02_PHI@MIA,0.4253521126760563,0,2023-08-02,0.44755193057463427
2023-08-02_TB@NYY,0.5331491712707183,1,2023-08-02,0.4992301656083825
2023-08-02_BOS@SEA,0.265993265993266,0,2023-08-02,0.3941648731748385
2023-08-02_MIL@WSH,0.265993265993266,0,2023-08-02,0.4043112041999528
2023-08-02_AZ@SF,0.4253521126760563,1,2023-08-02,0.4557925857693568
2023-08-02_LAA@ATL,0.4253521126760563,0,2023-08-02,0.4491920660113241
2023-08-02_SD@COL,0.6211656441717791,1,2023-08-02,0.537499322225313
2023-08-02_DET@PIT,0.6553191489361702,1,2023-08-02,0.5588248154478741
2023-08-03_OAK@LAD,0.3466666666666667,0,2023-08-03,0.42266355495051344
2023-08-03_HOU@NYY,0.268041237113402,1,2023-08-03,0.407929632511445
2023-08-03_PIT@MIL,0.5511811023622046,1,2023-08-03,0.5137751950460341
2023-08-03_SEA@LAA,0.5511811023622046,0,2023-08-03,0.5226003628496358
2023-08-03_CIN@CHC,0.6553191489361702,1,2023-08-03,0.5559368334213938
2023-08-03_PHI@MIA,0.4253521126760563,0,2023-08-03,0.46386907510387565
2023-08-03_NYM@KC,0.7157894736842105,1,2023-08-03,0.6116784446544001
2023-08-03_CWS@TEX,0.5369261477045908,1,2023-08-03,0.5075556316155081
2023-08-03_BAL@TOR,0.4253521126760563,0,2023-08-03,0.4489540815209927
2023-08-03_AZ@SF,0.45825049701789267,0,2023-08-03,0.47133031875170284
2023-08-03_MIN@STL,0.45825049701789267,0,2023-08-03,0.47721322018459045
2023-08-04_SEA@LAA,0.5369261477045908,1,2023-08-04,0.5037423265856229
2023-08-04_COL@STL,0.7407407407407407,1,2023-08-04,0.6146747902658001
2023-08-04_AZ@MIN,0.4253521126760563,0,2023-08-04,0.44927374202587056
2023-08-04_LAD@SD,0.3881656804733728,0,2023-08-04,0.4343888895117416
2023-08-04_CWS@CLE,0.4253521126760563,1,2023-08-04,0.4483193004219729
2023-08-04_PIT@MIL,0.7407407407407407,1,2023-08-04,0.6176910856971771
2023-08-04_NYM@BAL,0.4253521126760563,0,2023-08-04,0.45380749714817104
2023-08-04_ATL@CHC,0.3881656804733728,0,2023-08-04,0.439856173532043
2023-08-04_TB@DET,0.6827586206896552,1,2023-08-04,0.577267841879118
2023-08-04_TOR@BOS,0.4253521126760563,1,2023-08-04,0.45154191758094453
2023-08-04_HOU@NYY,0.7407407407407407,1,2023-08-04,0.6218015548805611
2023-08-04_WSH@CIN,0.45825049701789267,1,2023-08-04,0.47458661285883885
2023-08-04_KC@PHI,0.5511811023622046,1,2023-08-04,0.528306605880586
2023-08-04_MIA@TEX,0.7407407407407407,1,2023-08-04,0.6947433031351666
2023-08-05_SEA@LAA,0.4253521126760563,0,2023-08-05,0.44886941935645086
2023-08-05_LAD@SD,0.4822834645669291,1,2023-08-05,0.48846559995718764
2023-08-05_NYM@BAL,0.6211656441717791,1,2023-08-05,0.541222946982207
2023-08-05_CWS@CLE,0.30434782608695654,0,2023-08-05,0.417749594122898
2023-08-05_PIT@MIL,0.5511811023622046,0,2023-08-05,0.5221532410338687
2023-08-05_SF@OAK,0.6211656441717791,0,2023-08-05,0.53291999601283
2023-08-05_AZ@MIN,0.4253521126760563,0,2023-08-05,0.4484791852058364
2023-08-05_WSH@CIN,0.5331491712707183,1,2023-08-05,0.49961887138431516
2023-08-05_ATL@CHC,0.5331491712707183,1,2023-08-05,0.4999653180775758
2023-08-05_TB@DET,0.6827586206896552,0,2023-08-05,0.6000286142062707
2023-08-05_KC@PHI,0.4822834645669291,1,2023-08-05,0.4890741864064705
2023-08-05_MIA@TEX,0.5331491712707183,0,2023-08-05,0.49843107756191984
2023-08-05_TOR@BOS,0.4822834645669291,0,2023-08-05,0.4905594078716242
2023-08-05_HOU@NYY,0.6211656441717791,0,2023-08-05,0.5392377606474772
2023-08-05_COL@STL,0.4253521126760563,0,2023-08-05,0.45796331131058576
2023-08-06_LAD@SD,0.4822834645669291,1,2023-08-06,0.49266499558989607
2023-08-06_COL@STL,0.6553191489361702,0,2023-08-06,0.564523433196616
2023-08-06_SF@OAK,0.7407407407407407,1,2023-08-06,0.6950262163948152
2023-08-06_SEA@LAA,0.4253521126760563,1,2023-08-06,0.46561725242880203
2023-08-06_MIA@TEX,0.4253521126760563,0,2023-08-06,0.45011365032980766
2023-08-06_TB@DET,0.6211656441717791,1,2023-08-06,0.5372382923868013
2023-08-06_ATL@CHC,0.49743589743589745,0,2023-08-06,0.4941460589950005
2023-08-06_PIT@MIL,0.4822834645669291,0,2023-08-06,0.485016907133194
2023-08-06_WSH@CIN,0.4822834645669291,1,2023-08-06,0.48657446069982657
2023-08-06_KC@PHI,0.6827586206896552,1,2023-08-06,0.5893361653567173
2023-08-06_TOR@BOS,0.3881656804733728,0,2023-08-06,0.4256562426553636
2023-08-06_AZ@MIN,0.4253521126760563,0,2023-08-06,0.4673670404667132
2023-08-06_HOU@NYY,0.3881656804733728,1,2023-08-06,0.43833547701065856
2023-08-06_NYM@BAL,0.45825049701789267,0,2023-08-06,0.474405930175
2023-08-06_CWS@CLE,0.6211656441717791,1,2023-08-06,0.5422451273135822
2023-08-07_MIA@CIN,0.4253521126760563,1,2023-08-07,0.4518168947947403
2023-08-07_TEX@OAK,0.45825049701789267,0,2023-08-07,0.4736387979282223
2023-08-07_COL@MIL,0.5511811023622046,1,2023-08-07,0.5216422225244717
2023-08-07_TOR@CLE,0.5369261477045908,0,2023-08-07,0.5044227131835689
2023-08-07_KC@BOS,0.4253521126760563,0,2023-08-07,0.4685287309599069
2023-08-07_NYY@CWS,0.268041237113402,0,2023-08-07,0.41151172753938525
2023-08-07_MIN@DET,0.5331491712707183,1,2023-08-07,0.5007120817222691
2023-08-07_CHC@NYM,0.4253521126760563,1,2023-08-07,0.46401467706797217
2023-08-07_LAD@SD,0.5511811023622046,0,2023-08-07,0.5230903589092584
2023-08-07_ATL@PIT,0.34210526315789475,0,2023-08-07,0.4209507520150969
2023-08-07_SF@LAA,0.3881656804733728,0,2023-08-07,0.436867138218505
2023-08-08_NYY@CWS,0.4253521126760563,0,2023-08-08,0.4558061501475007
2023-08-08_TEX@OAK,0.5369261477045908,0,2023-08-08,0.5063966027962019
2023-08-08_SD@SEA,0.7407407407407407,0,2023-08-08,0.6386427970947994
2023-08-08_LAD@AZ,0.6211656441717791,0,2023-08-08,0.534222555128635
2023-08-08_TOR@CLE,0.4822834645669291,0,2023-08-08,0.4904791819110007
2023-08-08_MIN@DET,0.4253521126760563,1,2023-08-08,0.4455963890799852
2023-08-08_SF@LAA,0.45825049701789267,1,2023-08-08,0.48307885285614016
2023-08-08_COL@MIL,0.3881656804733728,0,2023-08-08,0.4288232152051772
2023-08-08_ATL@PIT,0.6827586206896552,1,2023-08-08,0.5952945689713521
2023-08-08_CHC@NYM,0.268041237113402,1,2023-08-08,0.4091389925289135
2023-08-08_WSH@PHI,0.29896907216494845,0,2023-08-08,0.4167258267318351
2023-08-08_MIA@CIN,0.6211656441717791,0,2023-08-08,0.5424337185881758
2023-08-08_HOU@BAL,0.6211656441717791,1,2023-08-08,0.5293724723288924
2023-08-08_STL@TB,0.3881656804733728,0,2023-08-08,0.43687473782374586
2023-08-08_WSH@PHI,0.4253521126760563,1,2023-08-08,0.4562366562473349
2023-08-08_KC@BOS,0.6211656441717791,0,2023-08-08,0.5394966430575086
2023-08-09_NYY@CWS,0.34210526315789475,0,2023-08-09,0.42086569559467146
2023-08-09_SD@SEA,0.5511811023622046,1,2023-08-09,0.511070718130765
2023-08-09_LAD@AZ,0.49743589743589745,0,2023-08-09,0.4966741029074164
2023-08-09_KC@BOS,0.4750434262974765,0,2023-08-09,0.4845001997654247
2023-08-09_TOR@CLE,0.4253521126760563,1,2023-08-09,0.46106490788011645
2023-08-09_MIN@DET,0.5331491712707183,1,2023-08-09,0.5013716882820946
2023-08-09_ATL@PIT,0.6827586206896552,0,2023-08-09,0.5959634154835651
2023-08-09_TEX@OAK,0.45825049701789267,0,2023-08-09,0.4741450370975977
2023-08-09_CHC@NYM,0.45825049701789267,1,2023-08-09,0.473460091962712
2023-08-09_MIA@CIN,0.4253521126760563,0,2023-08-09,0.44693354738263946
2023-08-09_HOU@BAL,0.6827586206896552,1,2023-08-09,0.5904920016363768
2023-08-09_SF@LAA,0.5369261477045908,0,2023-08-09,0.5044072288308816
2023-08-09_WSH@PHI,0.5331491712707183,1,2023-08-09,0.4997497904166349
2023-08-09_COL@MIL,0.3881656804733728,0,2023-08-09,0.4378192879395305
2023-08-09_STL@TB,0.4822834645669291,0,2023-08-09,0.49039778065788897
2023-08-10_COL@LAD,0.4253521126760563,0,2023-08-10,0.4647559124923999
2023-08-10_ATL@PIT,0.45825049701789267,1,2023-08-10,0.4699427694152213
2023-08-10_STL@TB,0.4253521126760563,0,2023-08-10,0.4600748264237744
2023-08-10_MIN@DET,0.4253521126760563,0,2023-08-10,0.4523858318647872
2023-08-10_KC@BOS,0.45825049701789267,0,2023-08-10,0.48345660085868414
2023-08-10_TOR@CLE,0.45825049701789267,0,2023-08-10,0.4741507985102099
2023-08-10_HOU@BAL,0.45825049701789267,1,2023-08-10,0.47393263329371527
2023-08-10_WSH@PHI,0.6211656441717791,0,2023-08-10,0.5336462088445786
2023-08-11_MIL@CWS,0.6211656441717791,1,2023-08-11,0.5379556553387541
2023-08-11_SD@AZ,0.6211656441717791,1,2023-08-11,0.5484659529311287
2023-08-11_BAL@SEA,0.3881656804733728,1,2023-08-11,0.427373249193585
2023-08-11_COL@LAD,0.30434782608695654,0,2023-08-11,0.4185430438842458
2023-08-11_TEX@SF,0.45825049701789267,0,2023-08-11,0.48299974268263635
2023-08-11_LAA@HOU,0.6827586206896552,0,2023-08-11,0.5786765998232989
2023-08-11_STL@KC,0.7407407407407407,1,2023-08-11,0.6736006480647504
2023-08-11_NYY@MIA,0.45825049701789267,0,2023-08-11,0.46904387516306956
2023-08-11_CIN@PIT,0.6211656441717791,1,2023-08-11,0.5323358751013677
2023-08-11_MIN@PHI,0.4822834645669291,0,2023-08-11,0.4894554903862972
2023-08-11_OAK@WSH,0.3881656804733728,1,2023-08-11,0.4315305612330991
2023-08-11_DET@BOS,0.4822834645669291,1,2023-08-11,0.49203882943347443
2023-08-11_CHC@TOR,0.4253521126760563,1,2023-08-11,0.46822757540276916
2023-08-11_ATL@NYM,0.5511811023622046,0,2023-08-11,0.5183586237772886
2023-08-11_CLE@TB,0.29896907216494845,0,2023-08-11,0.4141034991912369
2023-08-12_NYY@MIA,0.5511811023622046,1,2023-08-12,0.514721518501559
2023-08-12_COL@LAD,0.268041237113402,1,2023-08-12,0.4128301595514653
2023-08-12_BAL@SEA,0.3881656804733728,0,2023-08-12,0.4237882063306979
2023-08-12_STL@KC,0.3466666666666667,0,2023-08-12,0.42269722941869736
2023-08-12_SD@AZ,0.5511811023622046,1,2023-08-12,0.5262834494714236
2023-08-12_ATL@NYM,0.4253521126760563,0,2023-08-12,0.4624439320362196
2023-08-12_LAA@HOU,0.3881656804733728,0,2023-08-12,0.43750986278736625
2023-08-12_MIL@CWS,0.30434782608695654,0,2023-08-12,0.41959321610126776
2023-08-12_ATL@NYM,0.7407407407407407,1,2023-08-12,0.6213128143571311
2023-08-12_CHC@TOR,0.3881656804733728,0,2023-08-12,0.4273153703708009
2023-08-12_MIN@PHI,0.45825049701789267,1,2023-08-12,0.47560354330768095
2023-08-12_TEX@SF,0.49743589743589745,1,2023-08-12,0.49553258551427504
2023-08-12_OAK@WSH,0.4822834645669291,0,2023-08-12,0.48760141661199674
2023-08-12_DET@BOS,0.3881656804733728,0,2023-08-12,0.43393075058249475
2023-08-12_CLE@TB,0.6211656441717791,0,2023-08-12,0.5411135371798355
2023-08-13_MIL@CWS,0.5331491712707183,0,2023-08-13,0.49746298965392377
2023-08-13_BAL@SEA,0.1888111888111888,0,2023-08-13,0.3902486894805125
2023-08-13_ATL@NYM,0.5369261477045908,1,2023-08-13,0.5057126636200567
2023-08-13_SD@AZ,0.6211656441717791,1,2023-08-13,0.5320766037649809
2023-08-13_COL@LAD,0.3881656804733728,0,2023-08-13,0.43762601389555966
2023-08-13_LAA@HOU,0.33920713148262094,0,2023-08-13,0.4203846389836907
2023-08-13_TEX@SF,0.4253521126760563,0,2023-08-13,0.46449686900887555
2023-08-13_CIN@PIT,0.4253521126760563,0,2023-08-13,0.4500620653955588
2023-08-13_CLE@TB,0.4253521126760563,1,2023-08-13,0.44898656813153326
2023-08-13_NYY@MIA,0.3881656804733728,0,2023-08-13,0.43881824090977983
2023-08-13_CHC@TOR,0.5511811023622046,1,2023-08-13,0.5121098214060635
2023-08-13_DET@BOS,0.3881656804733728,0,2023-08-13,0.4288842175997256
2023-08-13_CIN@PIT,0.5331491712707183,1,2023-08-13,0.5019724085366937
2023-08-13_OAK@WSH,0.5369261477045908,1,2023-08-13,0.5049831372874504
2023-08-13_MIN@PHI,0.4253521126760563,1,2023-08-13,0.46829021941920834
2023-08-14_SEA@KC,0.265993265993266,1,2023-08-14,0.4039961942444581
2023-08-14_OAK@STL,0.5511811023622046,0,2023-08-14,0.5280473410715241
2023-08-14_BAL@SD,0.3881656804733728,0,2023-08-14,0.42850230311541204
2023-08-14_LAA@TEX,0.4253521126760563,0,2023-08-14,0.4496606716657521
2023-08-14_HOU@MIA,0.30434782608695654,0,2023-08-14,0.4185477976946236
2023-08-14_TB@SF,0.21801492105033632,0,2023-08-14,0.3921068512709087
2023-08-14_NYY@ATL,0.6211656441717791,1,2023-08-14,0.5337709449873465
2023-08-14_PIT@NYM,0.6211656441717791,1,2023-08-14,0.5385607370017533
2023-08-14_AZ@COL,0.7407407407407407,1,2023-08-14,0.6674730093627189
2023-08-15_DET@MIN,0.5369261477045908,0,2023-08-15,0.5052835917429879
2023-08-15_SEA@KC,0.4253521126760563,0,2023-08-15,0.4663206442566682
2023-08-15_NYY@ATL,0.6211656441717791,1,2023-08-15,0.5448855468601516
2023-08-15_MIL@LAD,0.3881656804733728,1,2023-08-15,0.4262056581423589
2023-08-15_AZ@COL,0.6211656441717791,0,2023-08-15,0.5393696786091393
2023-08-15_BAL@SD,0.268041237113402,1,2023-08-15,0.4087748344135841
2023-08-15_OAK@STL,0.5511811023622046,1,2023-08-15,0.5121486947751194
2023-08-15_TB@SF,0.30434782608695654,0,2023-08-15,0.41767623633437045
2023-08-15_CWS@CHC,0.3881656804733728,1,2023-08-15,0.4401075956844346
2023-08-15_PIT@NYM,0.4253521126760563,1,2023-08-15,0.4421854900327783
2023-08-15_BOS@WSH,0.5331491712707183,1,2023-08-15,0.49905956331691037
2023-08-15_LAA@TEX,0.45825049701789267,0,2023-08-15,0.4765457709948435
2023-08-15_PHI@TOR,0.3881656804733728,0,2023-08-15,0.42379362940199317
2023-08-15_HOU@MIA,0.6827586206896552,0,2023-08-15,0.5898584075396418
2023-08-15_CLE@CIN,0.4253521126760563,1,2023-08-15,0.4685209773130973
2023-08-16_SEA@KC,0.6211656441717791,1,2023-08-16,0.5340843849516912
2023-08-16_BAL@SD,0.4253521126760563,1,2023-08-16,0.4485570465086143
2023-08-16_PHI@TOR,0.45825049701789267,0,2023-08-16,0.46940625383616086
2023-08-16_CWS@CHC,0.3881656804733728,0,2023-08-16,0.44041441543330595
2023-08-16_OAK@STL,0.3881656804733728,1,2023-08-16,0.4385489686381937
2023-08-16_NYY@ATL,0.49743589743589745,0,2023-08-16,0.49420957525365816
2023-08-16_MIL@LAD,0.29896907216494845,1,2023-08-16,0.41676210976702976
2023-08-16_HOU@MIA,0.3881656804733728,1,2023-08-16,0.43104523801927497
2023-08-16_CLE@CIN,0.6211656441717791,1,2023-08-16,0.5317330876259566
2023-08-16_PIT@NYM,0.6211656441717791,0,2023-08-16,0.5479486931175059
2023-08-16_TB@SF,0.7157894736842105,1,2023-08-16,0.6067078589816116
2023-08-16_LAA@TEX,0.5511811023622046,1,2023-08-16,0.5139161848429434
2023-08-16_DET@MIN,0.45825049701789267,1,2023-08-16,0.4695489359381939
2023-08-16_AZ@COL,0.4822834645669291,1,2023-08-16,0.48988104965098955
2023-08-16_BOS@WSH,0.4253521126760563,0,2023-08-16,0.4437856846871038
2023-08-17_AZ@SD,0.3881656804733728,0,2023-08-17,0.4268911403986423
2023-08-17_NYM@STL,0.4253521126760563,0,2023-08-17,0.4653137062313015
2023-08-17_MIL@LAD,0.4822834645669291,0,2023-08-17,0.4905911096518222
2023-08-17_SEA@KC,0.45825049701789267,0,2023-08-17,0.47121782942664936
2023-08-17_BOS@WSH,0.45825049701789267,0,2023-08-17,0.477080243152163
2023-08-18_BAL@OAK,0.6827586206896552,1,2023-08-18,0.5676555862630315
2023-08-18_AZ@SD,0.6211656441717791,0,2023-08-18,0.5380982252792341
2023-08-18_TB@LAA,0.5511811023622046,1,2023-08-18,0.5124598125646913
2023-08-18_MIA@LAD,0.5369261477045908,1,2023-08-18,0.5032879080417625
2023-08-18_CWS@COL,0.7407407407407407,1,2023-08-18,0.6593307978403672
2023-08-18_SEA@HOU,0.30434782608695654,0,2023-08-18,0.41803577651768287
2023-08-18_SF@ATL,0.4253521126760563,1,2023-08-18,0.46567963147618385
2023-08-18_KC@CHC,0.4253521126760563,0,2023-08-18,0.4669862674807892
2023-08-18_PIT@MIN,0.4253521126760563,0,2023-08-18,0.46533946277063476
2023-08-18_NYM@STL,0.3881656804733728,1,2023-08-18,0.4290079867062704
2023-08-18_BOS@NYY,0.4253521126760563,1,2023-08-18,0.45125949065185433
2023-08-18_TOR@CIN,0.45825049701789267,0,2023-08-18,0.46874691507322896
2023-08-18_DET@CLE,0.6827586206896552,1,2023-08-18,0.5765432481967232
2023-08-18_DET@CLE,0.268041237113402,0,2023-08-18,0.4072772125062746
2023-08-18_PHI@WSH,0.5511811023622046,0,2023-08-18,0.5162966519722793
2023-08-18_MIL@TEX,0.4822834645669291,0,2023-08-18,0.4934346599897368
2023-08-19_MIA@LAD,0.3881656804733728,1,2023-08-19,0.4369383503157329
2023-08-19_BAL@OAK,0.265993265993266,0,2023-08-19,0.40318219860615634
2023-08-19_TB@LAA,0.45825049701789267,0,2023-08-19,0.4717197926587755
2023-08-19_AZ@SD,0.45825049701789267,0,2023-08-19,0.4813419188161564
2023-08-19_TB@LAA,0.7407407407407407,1,2023-08-19,0.6478853729857268
2023-08-19_MIA@LAD,0.6827586206896552,0,2023-08-19,0.5826459426078339
2023-08-19_AZ@SD,0.3881656804733728,1,2023-08-19,0.43489083483708646
2023-08-19_SEA@HOU,0.34210526315789475,1,2023-08-19,0.42057304272324203
2023-08-19_BOS@NYY,0.3881656804733728,0,2023-08-19,0.4299608631500885
2023-08-19_SF@ATL,0.265993265993266,1,2023-08-19,0.39534861748192773
2023-08-19_TOR@CIN,0.3881656804733728,0,2023-08-19,0.44006360772738706
2023-08-19_PIT@MIN,0.49743589743589745,1,2023-08-19,0.49599767272319584
2023-08-19_CWS@COL,0.6827586206896552,1,2023-08-19,0.5722961300077103
2023-08-19_PHI@WSH,0.5511811023622046,0,2023-08-19,0.5122766648732475
2023-08-19_NYM@STL,0.3881656804733728,1,2023-08-19,0.4289544918413385
2023-08-19_KC@CHC,0.5511811023622046,1,2023-08-19,0.5280799459986272
2023-08-19_MIL@TEX,0.4822834645669291,1,2023-08-19,0.4875067162326142
2023-08-19_DET@CLE,0.4253521126760563,1,2023-08-19,0.4622484206872459
2023-08-20_CWS@COL,0.3881656804733728,0,2023-08-20,0.4355849672677119
2023-08-20_KC@CHC,0.6211656441717791,1,2023-08-20,0.5523122743920454
2023-08-20_MIL@TEX,0.45825049701789267,0,2023-08-20,0.47778914922020554
2023-08-20_BAL@OAK,0.4253521126760563,1,2023-08-20,0.4410196013451616
2023-08-20_NYM@STL,0.268041237113402,0,2023-08-20,0.40783695472407056
2023-08-20_DET@CLE,0.4253521126760563,1,2023-08-20,0.44110098598554615
2023-08-20_PIT@MIN,0.45825049701789267,0,2023-08-20,0.4732739455328968
2023-08-20_TOR@CIN,0.265993265993266,1,2023-08-20,0.40358885749499673
2023-08-20_SF@ATL,0.6211656441717791,0,2023-08-20,0.5420145325689188
2023-08-20_PHI@WSH,0.5331491712707183,1,2023-08-20,0.5018437503446446
2023-08-20_BOS@NYY,0.45825049701789267,1,2023-08-20,0.4734016786663172
2023-08-20_SEA@HOU,0.4253521126760563,1,2023-08-20,0.4597959826159518
2023-08-21_KC@OAK,0.45825049701789267,0,2023-08-21,0.4779471589388131
2023-08-21_SEA@CWS,0.5511811023622046,1,2023-08-21,0.5223351356223664
2023-08-21_TEX@AZ,0.4822834645669291,0,2023-08-21,0.48846326830409603
2023-08-21_MIA@SD,0.4822834645669291,1,2023-08-21,0.4851259960920815
2023-08-21_BOS@HOU,0.45825049701789267,1,2023-08-21,0.4690260313908545
2023-08-21_SF@PHI,0.268041237113402,1,2023-08-21,0.4140655176045409
2023-08-21_STL@PIT,0.5369261477045908,1,2023-08-21,0.5050504720497566
2023-08-21_CHC@DET,0.3881656804733728,0,2023-08-21,0.42678048161940196
2023-08-21_NYM@ATL,0.30434782608695654,0,2023-08-21,0.41826990196491476
2023-08-22_SEA@CWS,0.6211656441717791,1,2023-08-22,0.5503338407783409
2023-08-22_MIA@SD,0.4253521126760563,0,2023-08-22,0.459474976973441
2023-08-22_KC@OAK,0.49743589743589745,1,2023-08-22,0.49527941867146663
2023-08-22_TEX@AZ,0.45825049701789267,0,2023-08-22,0.48440649553806836
2023-08-22_NYM@ATL,0.5331491712707183,0,2023-08-22,0.49799971323463277
2023-08-22_CIN@LAA,0.47619047619047616,1,2023-08-22,0.48450229625315266
2023-08-22_MIN@MIL,0.4253521126760563,1,2023-08-22,0.4444007049494587
2023-08-22_BOS@HOU,0.4822834645669291,1,2023-08-22,0.49103280097792235
2023-08-22_CHC@DET,0.29896907216494845,1,2023-08-22,0.4160929887771433
2023-08-22_LAD@CLE,0.4253521126760563,1,2023-08-22,0.45522627436935226
2023-08-22_COL@TB,0.5511811023622046,1,2023-08-22,0.5209605942965245
2023-08-22_SF@PHI,0.6211656441717791,1,2023-08-22,0.5347294634647688
2023-08-22_WSH@NYY,0.3881656804733728,0,2023-08-22,0.4357376937751203
2023-08-22_STL@PIT,0.4253521126760563,0,2023-08-22,0.4614849292900557
2023-08-22_TOR@BAL,0.30434782608695654,1,2023-08-22,0.41798505069709335
2023-08-23_CIN@LAA,0.3881656804733728,0,2023-08-23,0.4274117877120611
2023-08-23_TOR@BAL,0.4253521126760563,0,2023-08-23,0.45922496383122013
2023-08-23_LAD@CLE,0.6827586206896552,1,2023-08-23,0.5898853782360539
2023-08-23_WSH@NYY,0.6211656441717791,1,2023-08-23,0.5486828342674193
2023-08-23_BOS@HOU,0.5511811023622046,1,2023-08-23,0.518547319042167
2023-08-23_SF@PHI,0.5369261477045908,1,2023-08-23,0.50364526679826
2023-08-23_COL@TB,0.7407407407407407,0,2023-08-23,0.6211265613696445
2023-08-23_NYM@ATL,0.45825049701789267,1,2023-08-23,0.47607834001166216
2023-08-23_MIN@MIL,0.3881656804733728,1,2023-08-23,0.4304888914878563
2023-08-23_MIA@SD,0.4253521126760563,1,2023-08-23,0.4415754340454089
2023-08-23_KC@OAK,0.45825049701789267,0,2023-08-23,0.47410668355908403
2023-08-23_CHC@DET,0.265993265993266,0,2023-08-23,0.3932521461930877
2023-08-23_STL@PIT,0.4253521126760563,1,2023-08-23,0.4549334282221308
2023-08-23_CIN@LAA,0.45825049701789267,1,2023-08-23,0.4788257042534365
2023-08-23_SEA@CWS,0.3881656804733728,0,2023-08-23,0.431281307106423
2023-08-24_OAK@CWS,0.3881656804733728,1,2023-08-24,0.43975855189244484
2023-08-24_TOR@BAL,0.4253521126760563,0,2023-08-24,0.4594332527747269
2023-08-24_TEX@MIN,0.4822834645669291,1,2023-08-24,0.48932932829827125
2023-08-24_CIN@AZ,0.3881656804733728,0,2023-08-24,0.43033875789193454
2023-08-24_CHC@PIT,0.4253521126760563,1,2023-08-24,0.4526370146473855
2023-08-24_LAD@CLE,0.4253521126760563,0,2023-08-24,0.46624481933897644
2023-08-24_WSH@NYY,0.3881656804733728,1,2023-08-24,0.4364555078931035
2023-08-24_BOS@HOU,0.5511811023622046,1,2023-08-24,0.5203503280519004
2023-08-24_COL@TB,0.6827586206896552,0,2023-08-24,0.5867119741505064
2023-08-25_LAA@NYM,0.45825049701789267,0,2023-08-25,0.4743589388059233
2023-08-25_TEX@MIN,0.5331491712707183,1,2023-08-25,0.5018705160974667
2023-08-25_CIN@AZ,0.4253521126760563,0,2023-08-25,0.46053005843708483
2023-08-25_ATL@SF,0.45825049701789267,1,2023-08-25,0.4721983937489951
2023-08-25_KC@SEA,0.5369261477045908,1,2023-08-25,0.5035086930790398
2023-08-25_NYY@TB,0.4253521126760563,0,2023-08-25,0.4504699313545383
2023-08-25_OAK@CWS,0.5369261477045908,0,2023-08-25,0.504589388714745
2023-08-25_LAD@BOS,0.45825049701789267,1,2023-08-25,0.47608168559932873
2023-08-25_HOU@DET,0.29896907216494845,0,2023-08-25,0.4141599519279916
2023-08-25_WSH@MIA,0.4253521126760563,1,2023-08-25,0.45895136184259566
2023-08-25_CHC@PIT,0.45825049701789267,1,2023-08-25,0.4774919661704561
2023-08-25_SD@MIL,0.6211656441717791,0,2023-08-25,0.5370823671503842
2023-08-25_CLE@TOR,0.268041237113402,0,2023-08-25,0.40908179114981014
2023-08-25_COL@BAL,0.5511811023622046,1,2023-08-25,0.522549552020659
2023-08-25_STL@PHI,0.6211656441717791,1,2023-08-25,0.532248718977093
2023-08-26_KC@SEA,0.7157894736842105,0,2023-08-26,0.6068758180359708
2023-08-26_CIN@AZ,0.5369261477045908,1,2023-08-26,0.509158423846282
2023-08-26_COL@BAL,0.265993265993266,0,2023-08-26,0.39948756983628875
2023-08-26_SD@MIL,0.4253521126760563,0,2023-08-26,0.4576906221384883
2023-08-26_LAA@NYM,0.4253521126760563,1,2023-08-26,0.44694859342961757
2023-08-26_CHC@PIT,0.5369261477045908,1,2023-08-26,0.5043944997888863
2023-08-26_TEX@MIN,0.4822834645669291,0,2023-08-26,0.4857024625928411
2023-08-26_WSH@MIA,0.3881656804733728,0,2023-08-26,0.43352713074788196
2023-08-26_NYY@TB,0.4253521126760563,0,2023-08-26,0.4450258359329463
2023-08-26_CLE@TOR,0.6211656441717791,1,2023-08-26,0.5391194839225695
2023-08-26_STL@PHI,0.4822834645669291,0,2023-08-26,0.4854647331502213
2023-08-26_ATL@SF,0.6827586206896552,1,2023-08-26,0.5725345914112545
2023-08-26_LAD@BOS,0.45825049701789267,1,2023-08-26,0.4721884605523319
2023-08-26_HOU@DET,0.45825049701789267,1,2023-08-26,0.4701168028167916
2023-08-26_OAK@CWS,0.5511811023622046,1,2023-08-26,0.5272285283429343
2023-08-27_OAK@CWS,0.4822834645669291,1,2023-08-27,0.48553470037443025
2023-08-27_ATL@SF,0.45825049701789267,1,2023-08-27,0.4839357667282589
2023-08-27_KC@SEA,0.5369261477045908,0,2023-08-27,0.5054534386096549
2023-08-27_CIN@AZ,0.5369261477045908,0,2023-08-27,0.5066163248460824
2023-08-27_SD@MIL,0.6211656441717791,1,2023-08-27,0.530740179228131
2023-08-27_TEX@MIN,0.4253521126760563,0,2023-08-27,0.45934377060029197
2023-08-27_CLE@TOR,0.4253521126760563,1,2023-08-27,0.4560770619165322
2023-08-27_WSH@MIA,0.4253521126760563,0,2023-08-27,0.4629956077806855
2023-08-27_LAA@NYM,0.3881656804733728,0,2023-08-27,0.42943725660557885
2023-08-27_HOU@DET,0.7157894736842105,0,2023-08-27,0.6061804582863453
2023-08-27_LAD@BOS,0.6827586206896552,0,2023-08-27,0.5861353706736377
2023-08-27_CHC@PIT,0.45825049701789267,1,2023-08-27,0.47424702240989425
2023-08-27_STL@PHI,0.4253521126760563,1,2023-08-27,0.46326407805468983
2023-08-27_COL@BAL,0.4253521126760563,0,2023-08-27,0.4654972666500957
2023-08-27_NYY@TB,0.29896907216494845,1,2023-08-27,0.4160280460888476
2023-08-28_OAK@SEA,0.5511811023622046,1,2023-08-28,0.5236057904304888
2023-08-28_AZ@LAD,0.4253521126760563,1,2023-08-28,0.45653657873937226
2023-08-28_NYY@DET,0.45825049701789267,0,2023-08-28,0.4695262649332995
2023-08-28_SD@STL,0.4253521126760563,0,2023-08-28,0.44186230024484574
2023-08-28_MIL@CHC,0.6211656441717791,1,2023-08-28,0.5365289051412864
2023-08-28_PIT@KC,0.6827586206896552,0,2023-08-28,0.570277377981085
2023-08-28_ATL@COL,0.6211656441717791,1,2023-08-28,0.5342130098290105
2023-08-28_HOU@BOS,0.6211656441717791,1,2023-08-28,0.5410341590118695
2023-08-28_CWS@BAL,0.3881656804733728,0,2023-08-28,0.43753291273701056
2023-08-28_WSH@TOR,0.4253521126760563,1,2023-08-28,0.45494043802714135
2023-08-28_LAA@PHI,0.6211656441717791,1,2023-08-28,0.5506561421058873
2023-08-28_TEX@NYM,0.4253521126760563,0,2023-08-28,0.4610224059727449
2023-08-28_CIN@SF,0.4253521126760563,1,2023-08-28,0.4660192173054245
2023-08-28_CLE@MIN,0.268041237113402,0,2023-08-28,0.40935725888756846
2023-08-29_CLE@MIN,0.3881656804733728,0,2023-08-29,0.4302693012151787
2023-08-29_OAK@SEA,0.6211656441717791,1,2023-08-29,0.5336391464309993
2023-08-29_ATL@COL,0.6211656441717791,0,2023-08-29,0.531656287662765
2023-08-29_AZ@LAD,0.3881656804733728,1,2023-08-29,0.432101272946288
2023-08-29_PIT@KC,0.4253521126760563,0,2023-08-29,0.44789322275912213
2023-08-29_SD@STL,0.6211656441717791,1,2023-08-29,0.545979475174305
2023-08-29_NYY@DET,0.1888111888111888,1,2023-08-29,0.3771144907382181
2023-08-29_TEX@NYM,0.6211656441717791,0,2023-08-29,0.5523140272721054
2023-08-29_CWS@BAL,0.30434782608695654,0,2023-08-29,0.4195144591431713
2023-08-29_TB@MIA,0.7407407407407407,1,2023-08-29,0.6309177684321023
2023-08-29_MIL@CHC,0.3881656804733728,1,2023-08-29,0.4307088689295341
2023-08-29_WSH@TOR,0.45825049701789267,0,2023-08-29,0.47459198262639424
2023-08-29_HOU@BOS,0.6827586206896552,1,2023-08-29,0.5815569002722533
2023-08-29_CIN@SF,0.4253521126760563,0,2023-08-29,0.45066791299006226
2023-08-29_LAA@PHI,0.34210526315789475,0,2023-08-29,0.42107267737426923
2023-08-30_ATL@COL,0.45825049701789267,0,2023-08-30,0.46950734800192573
2023-08-30_AZ@LAD,0.4253521126760563,0,2023-08-30,0.4439289758418362
2023-08-30_TB@MIA,0.3881656804733728,0,2023-08-30,0.4403504317394771
2023-08-30_MIL@CHC,0.6211656441717791,1,2023-08-30,0.5407522268897034
2023-08-30_PIT@KC,0.4253521126760563,1,2023-08-30,0.4464780379444857
2023-08-30_SD@STL,0.4253521126760563,1,2023-08-30,0.450820070712747
2023-08-30_NYY@DET,0.3881656804733728,1,2023-08-30,0.43777691605550606
2023-08-30_CLE@MIN,0.3881656804733728,0,2023-08-30,0.4231425925053526
2023-08-30_HOU@BOS,0.4253521126760563,0,2023-08-30,0.45913918108850793
2023-08-30_TEX@NYM,0.5511811023622046,0,2023-08-30,0.5112079643286542
2023-08-30_OAK@SEA,0.6827586206896552,0,2023-08-30,0.5743851962913764
2023-08-30_CIN@SF,0.3881656804733728,0,2023-08-30,0.4371743455390472
2023-08-30_CWS@BAL,0.6211656441717791,1,2023-08-30,0.5335839645789375
2023-08-30_WSH@TOR,0.5369261477045908,1,2023-08-30,0.5063211702040391
2023-08-30_LAA@PHI,0.45825049701789267,0,2023-08-30,0.4784344691450879
2023-08-31_SF@SD,0.49743589743589745,0,2023-08-31,0.4936028004108013
2023-08-31_MIA@WSH,0.4253521126760563,1,2023-08-31,0.4557817476940603
2023-08-31_NYY@DET,0.4253521126760563,0,2023-08-31,0.4583945639913135
2023-08-31_ATL@LAD,0.6553191489361702,1,2023-08-31,0.5651056038413595
2023-09-01_SF@SD,0.4253521126760563,1,2023-09-01,0.4606013736529361
2023-09-01_BAL@AZ,0.6827586206896552,1,2023-09-01,0.5843335561252527
2023-09-01_ATL@LAD,0.4253521126760563,0,2023-09-01,0.4512595080668337
2023-09-01_LAA@OAK,0.45825049701789267,0,2023-09-01,0.48133064429417005
2023-09-01_TOR@COL,0.265993265993266,0,2023-09-01,0.40559610783694566
2023-09-01_CHC@CIN,0.5331491712707183,0,2023-09-01,0.5015493969954626
2023-09-01_DET@CWS,0.4822834645669291,0,2023-09-01,0.49350129694461886
2023-09-01_PIT@STL,0.5369261477045908,0,2023-09-01,0.5034100709431746
2023-09-01_BOS@KC,0.6827586206896552,1,2023-09-01,0.5693351159427953
2023-09-01_PHI@MIL,0.49743589743589745,1,2023-09-01,0.4960693400467834
2023-09-01_MIN@TEX,0.4822834645669291,0,2023-09-01,0.48879016488160987
2023-09-01_TB@CLE,0.6827586206896552,1,2023-09-01,0.5671083947119782
2023-09-01_SEA@NYM,0.4253521126760563,0,2023-09-01,0.464576470257804
2023-09-01_CHC@CIN,0.6827586206896552,0,2023-09-01,0.5723316471273708
2023-09-01_MIA@WSH,0.6211656441717791,1,2023-09-01,0.5449912636899356
2023-09-01_NYY@HOU,0.6211656441717791,1,2023-09-01,0.5482044014633634
2023-09-02_ATL@LAD,0.7407407407407407,0,2023-09-02,0.646366598406821
2023-09-02_SF@SD,0.3881656804733728,1,2023-09-02,0.43445537049632277
2023-09-02_PIT@STL,0.5511811023622046,0,2023-09-02,0.5173869582124516
2023-09-02_PHI@MIL,0.45825049701789267,1,2023-09-02,0.4690619754338826
2023-09-02_NYY@HOU,0.5511811023622046,0,2023-09-02,0.5276249962137596
2023-09-02_BAL@AZ,0.4253521126760563,0,2023-09-02,0.4558957251368019
2023-09-02_TOR@COL,0.49743589743589745,1,2023-09-02,0.4958629223383646
2023-09-02_DET@CWS,0.45825049701789267,1,2023-09-02,0.48079683881618307
2023-09-02_SEA@NYM,0.4253521126760563,0,2023-09-02,0.44430723992346965
2023-09-02_MIN@TEX,0.4822834645669291,1,2023-09-02,0.48738928949392946
2023-09-02_CHC@CIN,0.45825049701789267,0,2023-09-02,0.47933777836402647
2023-09-02_TB@CLE,0.3881656804733728,1,2023-09-02,0.43805480627682536
2023-09-02_LAA@OAK,0.4253521126760563,1,2023-09-02,0.44229667312244636
2023-09-02_MIA@WSH,0.3881656804733728,1,2023-09-02,0.43168950096619496
2023-09-02_BOS@KC,0.45825049701789267,1,2023-09-02,0.4734364100495817
2023-09-03_ATL@LAD,0.6211656441717791,0,2023-09-03,0.5466668057597218
2023-09-03_BAL@AZ,0.5511811023622046,1,2023-09-03,0.5134051972934708
2023-09-03_TB@CLE,0.1888111888111888,0,2023-09-03,0.3904639722382748
2023-09-03_TOR@COL,0.6827586206896552,0,2023-09-03,0.5986713475093404
2023-09-03_LAA@OAK,0.4822834645669291,0,2023-09-03,0.48986893187329916
2023-09-03_PIT@STL,0.6211656441717791,0,2023-09-03,0.539831694979265
2023-09-03_SF@SD,0.5511811023622046,1,2023-09-03,0.5233347944898215
2023-09-03_NYY@HOU,0.7407407407407407,1,2023-09-03,0.6907691156100793
2023-09-03_PHI@MIL,0.4253521126760563,1,2023-09-03,0.44760209797375516
2023-09-03_MIN@TEX,0.45825049701789267,1,2023-09-03,0.4726299426518217
2023-09-03_CHC@CIN,0.45825049701789267,1,2023-09-03,0.47846980785239135
2023-09-03_BOS@KC,0.45825049701789267,0,2023-09-03,0.47006956921734666
2023-09-03_MIA@WSH,0.3881656804733728,1,2023-09-03,0.4244214376938509
2023-09-03_SEA@NYM,0.4253521126760563,1,2023-09-03,0.45005540355294327
2023-09-03_DET@CWS,0.6553191489361702,1,2023-09-03,0.5646395754641382
2023-09-04_BAL@LAA,0.45825049701789267,0,2023-09-04,0.47668486811172683
2023-09-04_CWS@KC,0.3881656804733728,1,2023-09-04,0.4373783499370828
2023-09-04_MIL@PIT,0.4253521126760563,0,2023-09-04,0.4547655686030776
2023-09-04_MIN@CLE,0.49743589743589745,1,2023-09-04,0.4939904162717126
2023-09-04_PHI@SD,0.45825049701789267,1,2023-09-04,0.4805328213852399
2023-09-04_COL@AZ,0.5511811023622046,0,2023-09-04,0.5110919101025044
2023-09-04_BOS@TB,0.30434782608695654,1,2023-09-04,0.41894763431626936
2023-09-04_SF@CHC,0.29896907216494845,0,2023-09-04,0.41599331254479543
2023-09-04_HOU@TEX,0.6553191489361702,1,2023-09-04,0.5631136017457036
2023-09-04_TOR@OAK,0.5511811023622046,0,2023-09-04,0.524148088566516
2023-09-04_SEA@CIN,0.4253521126760563,1,2023-09-04,0.45680324426012753
2023-09-05_COL@AZ,0.5511811023622046,1,2023-09-05,0.512925067797044
2023-09-05_PHI@SD,0.265993265993266,0,2023-09-05,0.3989976511228466
2023-09-05_CWS@KC,0.268041237113402,0,2023-09-05,0.40786172723503067
2023-09-05_HOU@TEX,0.4253521126760563,1,2023-09-05,0.44665856645748303
2023-09-05_BAL@LAA,0.4253521126760563,0,2023-09-05,0.44338624281073136
2023-09-05_TOR@OAK,0.3881656804733728,0,2023-09-05,0.42848329873994817
2023-09-05_MIL@PIT,0.4253521126760563,0,2023-09-05,0.46552186508672155
2023-09-05_STL@ATL,0.6211656441717791,1,2023-09-05,0.5433461774235939
2023-09-05_LAD@MIA,0.265993265993266,0,2023-09-05,0.3980234128326884
2023-09-05_DET@NYY,0.6553191489361702,1,2023-09-05,0.5606829838314482
2023-09-05_SEA@CIN,0.45825049701789267,1,2023-09-05,0.4707570661530939
2023-09-05_NYM@WSH,0.6211656441717791,1,2023-09-05,0.531259862416309
2023-09-05_BOS@TB,0.3881656804733728,0,2023-09-05,0.4367579194400334
2023-09-05_MIN@CLE,0.3881656804733728,1,2023-09-05,0.4283588568532142
2023-09-05_SF@CHC,0.4822834645669291,1,2023-09-05,0.4860062333756977
2023-09-06_PHI@SD,0.4253521126760563,1,2023-09-06,0.4530493212857224
2023-09-06_HOU@TEX,0.6827586206896552,1,2023-09-06,0.5917524671165562
2023-09-06_CWS@KC,0.6211656441717791,0,2023-09-06,0.5404283012114537
2023-09-06_STL@ATL,0.6827586206896552,1,2023-09-06,0.5692180776294384
2023-09-06_BAL@LAA,0.4253521126760563,0,2023-09-06,0.46460807674512583
2023-09-06_COL@AZ,0.6211656441717791,1,2023-09-06,0.5297483894886483
2023-09-06_BOS@TB,0.3881656804733728,0,2023-09-06,0.4373454850688979
2023-09-06_DET@NYY,0.4253521126760563,1,2023-09-06,0.4595708979520665
2023-09-06_LAD@MIA,0.5331491712707183,0,2023-09-06,0.5020813518265408
2023-09-06_MIL@PIT,0.4822834645669291,1,2023-09-06,0.4910261444796824
2023-09-06_TOR@OAK,0.268041237113402,0,2023-09-06,0.413688258881009
2023-09-06_SF@CHC,0.6211656441717791,1,2023-09-06,0.533962405429895
2023-09-06_MIN@CLE,0.3881656804733728,0,2023-09-06,0.4251765533157448
2023-09-06_SEA@CIN,0.5369261477045908,1,2023-09-06,0.5030947109242385
2023-09-06_NYM@WSH,0.4253521126760563,1,2023-09-06,0.46195025498346065
2023-09-07_STL@ATL,0.49743589743589745,1,2023-09-07,0.49440304758670106
2023-09-07_LAD@MIA,0.4253521126760563,0,2023-09-07,0.44579814921440053
2023-09-07_CLE@LAA,0.6827586206896552,0,2023-09-07,0.5746553003665587
2023-09-07_AZ@CHC,0.6553191489361702,1,2023-09-07,0.5547603139922835
2023-09-07_DET@NYY,0.3881656804733728,1,2023-09-07,0.4344562288000129
2023-09-07_SEA@TB,0.5511811023622046,0,2023-09-07,0.5166673245514598
2023-09-08_MIL@NYY,0.6211656441717791,0,2023-09-08,0.5443207438932616
2023-09-08_OAK@TEX,0.6827586206896552,1,2023-09-08,0.5752074047002942
2023-09-08_NYM@MIN,0.4253521126760563,1,2023-09-08,0.45659396358493054
2023-09-08_CLE@LAA,0.4253521126760563,0,2023-09-08,0.44874257039179866
2023-09-08_COL@SF,0.5369261477045908,0,2023-09-08,0.5049773708202395
2023-09-08_SD@HOU,0.7407407407407407,1,2023-09-08,0.6362886776557077
2023-09-08_SEA@TB,0.6827586206896552,1,2023-09-08,0.5756751855381572
2023-09-08_CWS@DET,0.3466666666666667,0,2023-09-08,0.42236922566594914
2023-09-08_KC@TOR,0.4253521126760563,0,2023-09-08,0.46447639765267434
2023-09-08_PIT@ATL,0.45825049701789267,0,2023-09-08,0.4799176477840561
2023-09-08_LAD@WSH,0.7157894736842105,1,2023-09-08,0.6134630325718704
2023-09-08_STL@CIN,0.4822834645669291,1,2023-09-08,0.4924261593909498
2023-09-08_AZ@CHC,0.5511811023622046,0,2023-09-08,0.521524734130629
2023-09-08_MIA@PHI,0.6827586206896552,1,2023-09-08,0.5671311260257852
2023-09-08_BAL@BOS,0.3881656804733728,0,2023-09-08,0.4278560777699849
2023-09-09_STL@CIN,0.4822834645669291,1,2023-09-09,0.48770500412531415
2023-09-09_SD@HOU,0.7407407407407407,0,2023-09-09,0.6470841053678029
2023-09-09_CLE@LAA,0.8,1,2023-09-09,0.7200969277911156
2023-09-09_PIT@ATL,0.5369261477045908,0,2023-09-09,0.503374838738987
2023-09-09_MIA@PHI,0.3881656804733728,0,2023-09-09,0.4271773472380985
2023-09-09_SEA@TB,0.6827586206896552,1,2023-09-09,0.5843561945441027
2023-09-09_NYM@MIN,0.3881656804733728,1,2023-09-09,0.4355254450267473
2023-09-09_CWS@DET,0.6211656441717791,0,2023-09-09,0.5480741262760835
2023-09-09_BAL@BOS,0.45825049701789267,1,2023-09-09,0.47596200166395675
2023-09-09_COL@SF,0.7407407407407407,1,2023-09-09,0.6167565657377148
2023-09-09_LAD@WSH,0.4253521126760563,1,2023-09-09,0.4676968809697418
2023-09-09_KC@TOR,0.30434782608695654,0,2023-09-09,0.4189146014625891
2023-09-09_OAK@TEX,0.5511811023622046,0,2023-09-09,0.5111441979811298
2023-09-09_AZ@CHC,0.268041237113402,0,2023-09-09,0.4113685620087524
2023-09-09_MIL@NYY,0.6553191489361702,0,2023-09-09,0.5591523010925467
2023-09-10_CLE@LAA,0.4253521126760563,1,2023-09-10,0.46536763061040254
2023-09-10_COL@SF,0.5511811023622046,0,2023-09-10,0.5108116724872573
2023-09-10_BAL@BOS,0.3881656804733728,0,2023-09-10,0.4356785463499566
2023-09-10_OAK@TEX,0.4253521126760563,1,2023-09-10,0.45458540760681243
2023-09-10_AZ@CHC,0.3881656804733728,1,2023-09-10,0.43000183930561464
2023-09-10_SD@HOU,0.6211656441717791,0,2023-09-10,0.5501286101288547
2023-09-10_KC@TOR,0.4253521126760563,0,2023-09-10,0.4461865045039918
2023-09-10_NYM@MIN,0.4253521126760563,0,2023-09-10,0.44790744471236177
2023-09-10_MIA@PHI,0.6553191489361702,1,2023-09-10,0.5554584036299499
2023-09-10_PIT@ATL,0.29896907216494845,0,2023-09-10,0.41517158830764955
2023-09-10_SEA@TB,0.7407407407407407,1,2023-09-10,0.6345666038136295
2023-09-10_MIL@NYY,0.3881656804733728,0,2023-09-10,0.43917292157915433
2023-09-10_LAD@WSH,0.3881656804733728,1,2023-09-10,0.43587967619606927
2023-09-10_CWS@DET,0.7157894736842105,0,2023-09-10,0.6095870725173219
2023-09-10_STL@CIN,0.4253521126760563,0,2023-09-10,0.45959685398296546
2023-09-11_MIA@MIL,0.4253521126760563,1,2023-09-11,0.4484441276821436
2023-09-11_ATL@PHI,0.6211656441717791,1,2023-09-11,0.5471453446818443
2023-09-11_LAA@SEA,0.3881656804733728,1,2023-09-11,0.42712738429545527
2023-09-11_OAK@HOU,0.7407407407407407,0,2023-09-11,0.6869740441224838
2023-09-11_CHC@COL,0.4253521126760563,1,2023-09-11,0.4644010488951258
2023-09-11_AZ@NYM,0.4253521126760563,0,2023-09-11,0.4573036085915624
2023-09-11_SD@LAD,0.6211656441717791,1,2023-09-11,0.5458254904828984
2023-09-11_TB@MIN,0.4253521126760563,1,2023-09-11,0.46004282606914526
2023-09-11_TEX@TOR,0.4253521126760563,0,2023-09-11,0.4464559597379375
2023-09-11_ATL@PHI,0.5511811023622046,1,2023-09-11,0.5265250024381406
2023-09-11_CLE@SF,0.5511811023622046,1,2023-09-11,0.5107251543339535
2023-09-11_STL@BAL,0.45825049701789267,1,2023-09-11,0.4844049777269023
2023-09-11_WSH@PIT,0.4253521126760563,0,2023-09-11,0.46215016547345134
2023-09-12_LAA@SEA,0.4253521126760563,1,2023-09-12,0.4577347677681749
2023-09-12_NYY@BOS,0.3881656804733728,0,2023-09-12,0.4394726901372592
2023-09-12_SD@LAD,0.7407407407407407,1,2023-09-12,0.701316364859486
2023-09-12_CHC@COL,0.5511811023622046,0,2023-09-12,0.5128166780636647
2023-09-12_MIA@MIL,0.45825049701789267,1,2023-09-12,0.4698747002711783
2023-09-12_KC@CWS,0.4253521126760563,1,2023-09-12,0.4567531730782006
2023-09-12_NYY@BOS,0.6553191489361702,1,2023-09-12,0.5610589874088245
2023-09-12_CLE@SF,0.5331491712707183,1,2023-09-12,0.5015625749497987
2023-09-12_OAK@HOU,0.4253521126760563,1,2023-09-12,0.46201686039437684
2023-09-12_AZ@NYM,0.45825049701789267,0,2023-09-12,0.4804621578149876
2023-09-12_TEX@TOR,0.6827586206896552,0,2023-09-12,0.589219297186885
2023-09-12_CIN@DET,0.4253521126760563,1,2023-09-12,0.4664596489728301
2023-09-12_ATL@PHI,0.45825049701789267,0,2023-09-12,0.4725963506738785
2023-09-12_WSH@PIT,0.45825049701789267,0,2023-09-12,0.4821655117099084
2023-09-12_STL@BAL,0.3881656804733728,1,2023-09-12,0.4401392596342065
2023-09-12_KC@CWS,0.49743589743589745,1,2023-09-12,0.49386599324777636
2023-09-12_TB@MIN,0.29896907216494845,0,2023-09-12,0.4159139299898502
2023-09-13_SD@LAD,0.4253521126760563,1,2023-09-13,0.4407299562206949
2023-09-13_MIA@MIL,0.45825049701789267,0,2023-09-13,0.47775621489238607
2023-09-13_TEX@TOR,0.4822834645669291,0,2023-09-13,0.49041817388728914
2023-09-13_AZ@NYM,0.4253521126760563,1,2023-09-13,0.4430797112118826
2023-09-13_OAK@HOU,0.4253521126760563,0,2023-09-13,0.46725288700473755
2023-09-13_WSH@PIT,0.4822834645669291,1,2023-09-13,0.4867245213237126
2023-09-13_CHC@COL,0.5369261477045908,1,2023-09-13,0.5096545977815228
2023-09-13_CIN@DET,0.6211656441717791,0,2023-09-13,0.5509681863238153
2023-09-13_LAA@SEA,0.45825049701789267,0,2023-09-13,0.47792325966233007
2023-09-13_ATL@PHI,0.7157894736842105,1,2023-09-13,0.6066824592110824
2023-09-13_STL@BAL,0.49743589743589745,0,2023-09-13,0.49584103377744715
2023-09-13_CLE@SF,0.4253521126760563,1,2023-09-13,0.46629160995915186
2023-09-13_KC@CWS,0.45825049701789267,0,2023-09-13,0.4782621566229891
2023-09-13_TB@MIN,0.45825049701789267,0,2023-09-13,0.4699088321097179
2023-09-14_MIA@MIL,0.4253521126760563,1,2023-09-14,0.4622989674648236
2023-09-14_MIN@CWS,0.268041237113402,0,2023-09-14,0.4077788176926186
2023-09-14_CIN@DET,0.4253521126760563,1,2023-09-14,0.45425367549482265
2023-09-14_TEX@TOR,0.45825049701789267,1,2023-09-14,0.472965064747206
2023-09-14_AZ@NYM,0.5511811023622046,0,2023-09-14,0.5247479051202748
2023-09-14_WSH@PIT,0.5369261477045908,0,2023-09-14,0.5088396559004125
2023-09-14_TB@BAL,0.1888111888111888,0,2023-09-14,0.37866344264241114
2023-09-14_NYY@BOS,0.45825049701789267,1,2023-09-14,0.4711341660956401
2023-09-14_NYY@BOS,0.7407407407407407,1,2023-09-14,0.6231480222779624
2023-09-15_CHC@AZ,0.3881656804733728,1,2023-09-15,0.4344540150176366
2023-09-15_LAD@SEA,0.6827586206896552,0,2023-09-15,0.5840442341658422
2023-09-15_SD@OAK,0.5511811023622046,1,2023-09-15,0.5252824045647985
2023-09-15_DET@LAA,0.3881656804733728,1,2023-09-15,0.4329423757699845
2023-09-15_SF@COL,0.268041237113402,0,2023-09-15,0.40822569076463444
2023-09-15_PHI@STL,0.6211656441717791,1,2023-09-15,0.5413441515481952
2023-09-15_CIN@NYM,0.265993265993266,0,2023-09-15,0.4049753694105731
2023-09-15_MIN@CWS,0.3881656804733728,0,2023-09-15,0.4395471248277728
2023-09-15_BOS@TOR,0.5511811023622046,0,2023-09-15,0.5111822642098176
2023-09-15_HOU@KC,0.6827586206896552,0,2023-09-15,0.5855809009955226
2023-09-15_WSH@MIL,0.4253521126760563,1,2023-09-15,0.45627473786542083
2023-09-15_NYY@PIT,0.6211656441717791,1,2023-09-15,0.5426076482608511
2023-09-15_ATL@MIA,0.7407407407407407,1,2023-09-15,0.6259812903156561
2023-09-15_TB@BAL,0.5511811023622046,0,2023-09-15,0.5206608771446819
2023-09-15_TEX@CLE,0.4822834645669291,0,2023-09-15,0.49285135622326404
2023-09-16_PHI@STL,0.5369261477045908,1,2023-09-16,0.5080648092849792
2023-09-16_SF@COL,0.3881656804733728,1,2023-09-16,0.4391346987714666
2023-09-16_LAD@SEA,0.6827586206896552,0,2023-09-16,0.5827914169732268
2023-09-16_DET@LAA,0.45825049701789267,0,2023-09-16,0.4842359885688394
2023-09-16_CIN@NYM,0.4253521126760563,1,2023-09-16,0.4621812535397599
2023-09-16_MIN@CWS,0.4253521126760563,1,2023-09-16,0.46361490388869464
2023-09-16_CHC@AZ,0.5511811023622046,0,2023-09-16,0.5107179509688935
2023-09-16_ATL@MIA,0.6211656441717791,1,2023-09-16,0.5369065945591858
2023-09-16_HOU@KC,0.5511811023622046,1,2023-09-16,0.5217436768552257
2023-09-16_TB@BAL,0.4253521126760563,1,2023-09-16,0.4511786275275189
2023-09-16_TEX@CLE,0.4253521126760563,0,2023-09-16,0.4517116698706868
2023-09-16_NYY@PIT,0.6827586206896552,1,2023-09-16,0.5829281393724131
2023-09-16_SD@OAK,0.4253521126760563,1,2023-09-16,0.44440118570435183
2023-09-16_BOS@TOR,0.4253521126760563,0,2023-09-16,0.44542695175931324
2023-09-16_SF@COL,0.4253521126760563,0,2023-09-16,0.463785330175537
2023-09-16_WSH@MIL,0.5511811023622046,1,2023-09-16,0.525321196611767
2023-09-17_MIN@CWS,0.4253521126760563,0,2023-09-17,0.4443643700032047
2023-09-17_CHC@AZ,0.7157894736842105,1,2023-09-17,0.6126875453059903
2023-09-17_LAD@SEA,0.6827586206896552,1,2023-09-17,0.5846590106246778
2023-09-17_SD@OAK,0.6553191489361702,0,2023-09-17,0.5553663797709713
2023-09-17_SF@COL,0.4822834645669291,0,2023-09-17,0.4910900371963467
2023-09-17_PHI@STL,0.4822834645669291,0,2023-09-17,0.49065126658054325
2023-09-17_WSH@MIL,0.3881656804733728,0,2023-09-17,0.43289916711300247
2023-09-17_TB@BAL,0.4253521126760563,1,2023-09-17,0.44963274747161075
2023-09-17_CIN@NYM,0.268041237113402,1,2023-09-17,0.40978626398652085
2023-09-17_ATL@MIA,0.3881656804733728,0,2023-09-17,0.4363914339516244
2023-09-17_HOU@KC,0.6553191489361702,0,2023-09-17,0.5587176055186711
2023-09-17_BOS@TOR,0.5369261477045908,0,2023-09-17,0.5083375190971902
2023-09-17_TEX@CLE,0.45825049701789267,0,2023-09-17,0.48086755074473575
2023-09-17_NYY@PIT,0.4253521126760563,0,2023-09-17,0.4596097157959088
2023-09-17_DET@LAA,0.5369261477045908,0,2023-09-17,0.5044179036196725
2023-09-18_COL@SD,0.45825049701789267,0,2023-09-18,0.47444040344853955
2023-09-18_SEA@OAK,0.4253521126760563,0,2023-09-18,0.44503510162546467
2023-09-18_DET@LAD,0.3881656804733728,0,2023-09-18,0.433351633533567
2023-09-18_CLE@KC,0.4822834645669291,0,2023-09-18,0.48575969906065153
2023-09-18_BAL@HOU,0.5511811023622046,1,2023-09-18,0.5127091341172498
2023-09-18_MIL@STL,0.5511811023622046,0,2023-09-18,0.5242075257956995
2023-09-18_BOS@TEX,0.5511811023622046,1,2023-09-18,0.5117403479337462
2023-09-18_MIN@CIN,0.6211656441717791,0,2023-09-18,0.5301638688564851
2023-09-18_NYM@MIA,0.265993265993266,0,2023-09-18,0.39240502304573976
2023-09-18_CWS@WSH,0.6827586206896552,0,2023-09-18,0.5815809669498808
2023-09-18_PHI@ATL,0.6211656441717791,1,2023-09-18,0.5429830706496624
2023-09-19_DET@LAD,0.6211656441717791,1,2023-09-19,0.5407102277917128
2023-09-19_SF@AZ,0.4822834645669291,1,2023-09-19,0.49259710841047655
2023-09-19_SEA@OAK,0.45825049701789267,0,2023-09-19,0.4703831027598515
2023-09-19_BAL@HOU,0.6553191489361702,1,2023-09-19,0.5554643792781813
2023-09-19_MIL@STL,0.4253521126760563,1,2023-09-19,0.46596730933171504
2023-09-19_CLE@KC,0.5331491712707183,1,2023-09-19,0.5007250180667837
2023-09-19_COL@SD,0.30434782608695654,0,2023-09-19,0.41742668553356854
2023-09-19_BOS@TEX,0.3881656804733728,0,2023-09-19,0.42608393059695904
2023-09-19_TOR@NYY,0.5369261477045908,1,2023-09-19,0.507554189044533
2023-09-19_PHI@ATL,0.6827586206896552,1,2023-09-19,0.5905245315098403
2023-09-19_MIN@CIN,0.30434782608695654,0,2023-09-19,0.4178019127721694
2023-09-19_NYM@MIA,0.268041237113402,0,2023-09-19,0.412813957986912
2023-09-19_LAA@TB,0.5369261477045908,1,2023-09-19,0.5028854785869419
2023-09-19_CWS@WSH,0.6827586206896552,0,2023-09-19,0.5692739667343625
2023-09-19_PIT@CHC,0.45825049701789267,1,2023-09-19,0.47757625178977414
2023-09-20_DET@LAD,0.4822834645669291,0,2023-09-20,0.48500325574587977
2023-09-20_MIL@STL,0.5511811023622046,1,2023-09-20,0.5229795820923315
2023-09-20_PIT@CHC,0.5511811023622046,0,2023-09-20,0.5259803490613562
2023-09-20_SF@AZ,0.4253521126760563,1,2023-09-20,0.44709952613006443
2023-09-20_COL@SD,0.6553191489361702,1,2023-09-20,0.5623521295685282
2023-09-20_LAA@TB,0.3466666666666667,1,2023-09-20,0.4225989278849751
2023-09-20_TOR@NYY,0.4253521126760563,0,2023-09-20,0.453475766899356
2023-09-20_CLE@KC,0.3466666666666667,1,2023-09-20,0.42157002080683526
2023-09-20_SEA@OAK,0.45825049701789267,0,2023-09-20,0.47308446042067653
2023-09-20_MIN@CIN,0.5511811023622046,0,2023-09-20,0.5256411791256017
2023-09-20_BOS@TEX,0.4822834645669291,1,2023-09-20,0.4886786974896924
2023-09-20_BAL@HOU,0.3881656804733728,1,2023-09-20,0.43352654701389537
2023-09-20_PHI@ATL,0.4253521126760563,1,2023-09-20,0.4491944206866598
2023-09-20_CWS@WSH,0.4253521126760563,1,2023-09-20,0.45710803156604063
2023-09-20_NYM@MIA,0.45825049701789267,0,2023-09-20,0.48446657254428505
2023-09-21_BAL@CLE,0.265993265993266,0,2023-09-21,0.4024473190483827
2023-09-21_DET@OAK,0.265993265993266,1,2023-09-21,0.3951380798606209
2023-09-21_NYM@PHI,0.7407407407407407,1,2023-09-21,0.6498265254358523
2023-09-21_SF@LAD,0.268041237113402,0,2023-09-21,0.412541697294177
2023-09-21_TOR@NYY,0.4253521126760563,1,2023-09-21,0.44112344549343696
2023-09-21_PIT@CHC,0.45825049701789267,0,2023-09-21,0.4780461436817033
2023-09-21_ATL@WSH,0.4822834645669291,0,2023-09-21,0.4859628509856625
2023-09-21_LAA@TB,0.4253521126760563,1,2023-09-21,0.44440451680398196
2023-09-21_MIL@STL,0.6211656441717791,0,2023-09-21,0.5284768946577216
2023-09-22_DET@OAK,0.4253521126760563,1,2023-09-22,0.46205644389633904
2023-09-22_KC@HOU,0.7407407407407407,1,2023-09-22,0.686313724283163
2023-09-22_LAA@MIN,0.4253521126760563,0,2023-09-22,0.4674101262362912
2023-09-22_STL@SD,0.5511811023622046,0,2023-09-22,0.5235528431130401
2023-09-22_SEA@TEX,0.7407407407407407,1,2023-09-22,0.6528122154811515
2023-09-22_CWS@BOS,0.6211656441717791,0,2023-09-22,0.535674444700234
2023-09-22_SF@LAD,0.4253521126760563,0,2023-09-22,0.4480675171300186
2023-09-22_AZ@NYY,0.6211656441717791,0,2023-09-22,0.531795572681492
2023-09-22_NYM@PHI,0.45825049701789267,1,2023-09-22,0.47472592921115553
2023-09-22_MIL@MIA,0.45825049701789267,0,2023-09-22,0.4789908113412842
2023-09-22_BAL@CLE,0.1888111888111888,1,2023-09-22,0.3846090488417597
2023-09-22_ATL@WSH,0.4253521126760563,1,2023-09-22,0.45661180926849076
2023-09-22_COL@CHC,0.6211656441717791,1,2023-09-22,0.5336793231781347
2023-09-22_TOR@TB,0.3881656804733728,1,2023-09-22,0.4364653319626235
2023-09-22_PIT@CIN,0.3881656804733728,0,2023-09-22,0.4384627976545219
2023-09-23_KC@HOU,0.6553191489361702,1,2023-09-23,0.5636928665592891
2023-09-23_MIL@MIA,0.5511811023622046,1,2023-09-23,0.5168804197146812
2023-09-23_SEA@TEX,0.4253521126760563,0,2023-09-23,0.4563337674913459
2023-09-23_PIT@CIN,0.4253521126760563,1,2023-09-23,0.4641144141160629
2023-09-23_TOR@TB,0.49743589743589745,1,2023-09-23,0.4952121941303259
2023-09-23_BAL@CLE,0.3881656804733728,1,2023-09-23,0.4303148245086894
2023-09-23_CWS@BOS,0.4253521126760563,0,2023-09-23,0.4422327716774692
2023-09-23_NYM@PHI,0.29896907216494845,0,2023-09-23,0.4156568412888805
2023-09-23_COL@CHC,0.5331491712707183,1,2023-09-23,0.49931502076997847
2023-09-23_DET@OAK,0.6211656441717791,0,2023-09-23,0.5301829166076992
2023-09-23_SF@LAD,0.4253521126760563,0,2023-09-23,0.4465947134972672
2023-09-23_LAA@MIN,0.45825049701789267,0,2023-09-23,0.4717697808616508
2023-09-23_STL@SD,0.4822834645669291,1,2023-09-23,0.4932349192032962
2023-09-24_MIL@MIA,0.6211656441717791,0,2023-09-24,0.5311432276439418
2023-09-24_SF@LAD,0.3881656804733728,0,2023-09-24,0.4371282568316954
2023-09-24_STL@SD,0.6211656441717791,1,2023-09-24,0.540238870304221
2023-09-24_DET@OAK,0.4253521126760563,0,2023-09-24,0.44391481876123273
2023-09-24_KC@HOU,0.3881656804733728,1,2023-09-24,0.4320863795117862
2023-09-24_LAA@MIN,0.30434782608695654,0,2023-09-24,0.41752103361782844
2023-09-24_COL@CHC,0.5511811023622046,0,2023-09-24,0.5199538453211778
2023-09-24_SEA@TEX,0.4253521126760563,1,2023-09-24,0.4635768238878526
2023-09-24_PIT@CIN,0.5511811023622046,0,2023-09-24,0.5207260289118039
2023-09-24_TOR@TB,0.4253521126760563,1,2023-09-24,0.4444037828901416
2023-09-24_CWS@BOS,0.265993265993266,0,2023-09-24,0.39906286211260555
2023-09-24_NYM@PHI,0.45825049701789267,0,2023-09-24,0.4806376030637374
2023-09-24_AZ@NYY,0.5511811023622046,1,2023-09-24,0.5177012054340199
2023-09-24_ATL@WSH,0.6211656441717791,0,2023-09-24,0.5375545022244648
2023-09-24_BAL@CLE,0.49743589743589745,0,2023-09-24,0.4937982468148664
2023-09-24_ATL@WSH,0.4253521126760563,0,2023-09-24,0.4428613412776551
2023-09-25_HOU@SEA,0.4253521126760563,0,2023-09-25,0.4642470414854162
2023-09-25_AZ@NYY,0.45825049701789267,1,2023-09-25,0.4740625499259775
2023-09-25_TEX@LAA,0.49743589743589745,0,2023-09-25,0.49590878041918296
2023-09-25_SD@SF,0.4253521126760563,1,2023-09-25,0.4453679354353135
2023-09-26_OAK@MIN,0.5511811023622046,1,2023-09-26,0.5150814211366209
2023-09-26_TEX@LAA,0.3881656804733728,1,2023-09-26,0.43746321196082727
2023-09-26_STL@MIL,0.5511811023622046,0,2023-09-26,0.5195265513193735
2023-09-26_LAD@COL,0.4822834645669291,0,2023-09-26,0.485086265340952
2023-09-26_HOU@SEA,0.3881656804733728,0,2023-09-26,0.43717147730102324
2023-09-26_AZ@CWS,0.5511811023622046,1,2023-09-26,0.5229651319659774
2023-09-26_TB@BOS,0.7157894736842105,1,2023-09-26,0.6134375705933279
2023-09-26_CHC@ATL,0.4253521126760563,0,2023-09-26,0.4516705009848432
2023-09-26_KC@DET,0.3881656804733728,0,2023-09-26,0.4301190992447579
2023-09-26_NYY@TOR,0.3881656804733728,0,2023-09-26,0.4262325718776623
2023-09-26_PIT@PHI,0.5369261477045908,0,2023-09-26,0.5058189734785025
2023-09-26_WSH@BAL,0.29896907216494845,1,2023-09-26,0.4144580792077024
2023-09-26_CIN@CLE,0.268041237113402,0,2023-09-26,0.4114852382926426
2023-09-26_SD@SF,0.4253521126760563,1,2023-09-26,0.4603630434878503
2023-09-26_LAD@COL,0.5511811023622046,1,2023-09-26,0.5142771990260653
2023-09-27_KC@DET,0.4253521126760563,0,2023-09-27,0.45652559030484674
2023-09-27_OAK@MIN,0.4253521126760563,1,2023-09-27,0.46858076471153776
2023-09-27_HOU@SEA,0.45825049701789267,1,2023-09-27,0.48348464693860715
2023-09-27_MIA@NYM,0.4253521126760563,1,2023-09-27,0.4586985888068206
2023-09-27_CHC@ATL,0.5369261477045908,1,2023-09-27,0.5066335756646915
2023-09-27_LAD@COL,0.268041237113402,0,2023-09-27,0.40969614181461367
2023-09-27_STL@MIL,0.3881656804733728,0,2023-09-27,0.43666953677697473
2023-09-27_PIT@PHI,0.5511811023622046,1,2023-09-27,0.5264659958276592
2023-09-27_NYY@TOR,0.45825049701789267,0,2023-09-27,0.477421888667225
2023-09-27_AZ@CWS,0.4253521126760563,0,2023-09-27,0.46721451836202577
2023-09-27_CIN@CLE,0.3881656804733728,0,2023-09-27,0.4400704592552652
2023-09-27_TB@BOS,0.3881656804733728,0,2023-09-27,0.4232355570871862
2023-09-27_TEX@LAA,0.6827586206896552,1,2023-09-27,0.5708849927694675
2023-09-27_SD@SF,0.45825049701789267,0,2023-09-27,0.4701541525038274
2023-09-27_WSH@BAL,0.4822834645669291,0,2023-09-27,0.48919317014439556
2023-09-27_MIA@NYM,0.5511811023622046,1,2023-09-27,0.5134470938276792
2023-09-28_STL@MIL,0.5331491712707183,1,2023-09-28,0.49803339913481304
2023-09-28_TEX@SEA,0.30434782608695654,0,2023-09-28,0.41792540548879686
2023-09-28_CHC@ATL,0.6827586206896552,1,2023-09-28,0.5899538334603096
2023-09-28_OAK@MIN,0.45825049701789267,0,2023-09-28,0.471987689385722
2023-09-28_KC@DET,0.6211656441717791,1,2023-09-28,0.53434935075369
2023-09-28_BOS@BAL,0.4253521126760563,1,2023-09-28,0.44344164826318766
2023-09-28_NYY@TOR,0.6211656441717791,0,2023-09-28,0.5380750864580265
2023-09-28_MIA@NYM,0.4253521126760563,0,2023-09-28,0.44660201289119306
2023-09-28_LAD@COL,0.6827586206896552,1,2023-09-28,0.5718985468936952
2023-09-28_AZ@CWS,0.5331491712707183,0,2023-09-28,0.4986570982975267
2023-09-28_PIT@PHI,0.3881656804733728,1,2023-09-28,0.44007122238387963
2023-09-29_LAD@SF,0.6827586206896552,1,2023-09-29,0.580452300013476
2023-09-29_TEX@SEA,0.45825049701789267,0,2023-09-29,0.46920526427261966
2023-09-29_HOU@AZ,0.6827586206896552,0,2023-09-29,0.581002542296341
2023-09-29_CHC@MIL,0.4253521126760563,0,2023-09-29,0.44395812760990827
2023-09-29_OAK@LAA,0.7407407407407407,0,2023-09-29,0.6498468001429816
2023-09-29_MIN@COL,0.4253521126760563,1,2023-09-29,0.461357883600799
2023-09-29_CIN@STL,0.265993265993266,1,2023-09-29,0.40598840809345826
2023-09-29_CLE@DET,0.5511811023622046,0,2023-09-29,0.5160169002954471
2023-09-29_BOS@BAL,0.6211656441717791,0,2023-09-29,0.5411118406300777
2023-09-29_SD@CWS,0.7407407407407407,0,2023-09-29,0.6233668802688592
2023-09-29_TB@TOR,0.3881656804733728,0,2023-09-29,0.42754992150487936
2023-09-29_WSH@ATL,0.5369261477045908,1,2023-09-29,0.5043276837400641
2023-09-29_MIA@PIT,0.45825049701789267,0,2023-09-29,0.4766960595331725
2023-09-29_NYY@KC,0.45825049701789267,1,2023-09-29,0.48157549505386754
2023-09-30_MIN@COL,0.5369261477045908,0,2023-09-30,0.5035712305459745
2023-09-30_WSH@ATL,0.7407407407407407,1,2023-09-30,0.6471426002799581
2023-09-30_HOU@AZ,0.4822834645669291,0,2023-09-30,0.4934771947983214
2023-09-30_OAK@LAA,0.7407407407407407,1,2023-09-30,0.6382290569048095
2023-09-30_CHC@MIL,0.5511811023622046,1,2023-09-30,0.5175254059064646
2023-09-30_CIN@STL,0.4253521126760563,1,2023-09-30,0.4566187116890742
2023-09-30_SD@CWS,0.45825049701789267,1,2023-09-30,0.4791993221280699
2023-09-30_TEX@SEA,0.4253521126760563,0,2023-09-30,0.4611252279675824
2023-09-30_PHI@NYM,0.4822834645669291,1,2023-09-30,0.48917801644010683
2023-09-30_BOS@BAL,0.4253521126760563,0,2023-09-30,0.4510139947546319
2023-09-30_MIA@PIT,0.9090909090909091,1,2023-09-30,0.7359974286819198
2023-09-30_CLE@DET,0.265993265993266,0,2023-09-30,0.39302232175137874
2023-09-30_LAD@SF,0.4253521126760563,0,2023-09-30,0.44682782741390936
2023-09-30_TB@TOR,0.6211656441717791,1,2023-09-30,0.5500570764479065
2023-09-30_PHI@NYM,0.4822834645669291,0,2023-09-30,0.4923235235976233
2023-09-30_NYY@KC,0.4822834645669291,1,2023-09-30,0.49302757791733554
2023-10-01_NYY@KC,0.4253521126760563,0,2023-10-01,0.44495035366302726
2023-10-01_CIN@STL,0.4253521126760563,1,2023-10-01,0.4530722814811138
2023-10-01_WSH@ATL,0.7407407407407407,1,2023-10-01,0.6437400896744925
2023-10-01_PHI@NYM,0.3881656804733728,0,2023-10-01,0.437940289727353
2023-10-01_SD@CWS,0.7157894736842105,0,2023-10-01,0.6102665853994815
2023-10-01_HOU@AZ,0.45825049701789267,1,2023-10-01,0.47883451149652245
2023-10-01_MIN@COL,0.4253521126760563,0,2023-10-01,0.46115467039933966
2023-10-01_TB@TOR,0.5369261477045908,1,2023-10-01,0.504643529091062
2023-10-01_CLE@DET,0.45825049701789267,1,2023-10-01,0.4710879648937766
2023-10-01_TEX@SEA,0.45825049701789267,0,2023-10-01,0.4843023458196577
2023-10-01_OAK@LAA,0.5369261477045908,1,2023-10-01,0.5042754480467992
2023-10-01_CHC@MIL,0.6211656441717791,1,2023-10-01,0.5306821461556204
2023-10-01_BOS@BAL,0.265993265993266,0,2023-10-01,0.3940412368608678
2023-10-01_MIA@PIT,0.6553191489361702,0,2023-10-01,0.5645815511718073
2023-10-01_LAD@SF,0.6827586206896552,0,2023-10-01,0.5779741475235278
2024-03-20_LAD@SD,0.5369261477045908,0,2024-03-20,0.5054416945879028
2024-03-21_SD@LAD,0.5369261477045908,1,2024-03-21,0.5053274625792301
2024-03-28_PIT@MIA,0.5369261477045908,0,2024-03-28,0.5045397574922037
2024-03-28_STL@LAD,0.5369261477045908,1,2024-03-28,0.5051144277455397
2024-03-28_MIN@KC,0.5369261477045908,1,2024-03-28,0.5064620927641119
2024-03-28_CHC@TEX,0.5369261477045908,0,2024-03-28,0.5055473525106567
2024-03-28_NYY@HOU,0.5369261477045908,1,2024-03-28,0.5054424258461141
2024-03-28_CLE@OAK,0.5369261477045908,0,2024-03-28,0.5054481840544673
2024-03-28_WSH@CIN,0.5369261477045908,0,2024-03-28,0.5056633454294881
2024-03-28_DET@CWS,0.5369261477045908,0,2024-03-28,0.5055236061064169
2024-03-28_BOS@SEA,0.5369261477045908,0,2024-03-28,0.5056317483340922
2024-03-28_SF@SD,0.45825049701789267,0,2024-03-28,0.4774507006310029
2024-03-28_LAA@BAL,0.5369261477045908,1,2024-03-28,0.5056515305281226
2024-03-28_TOR@TB,0.5369261477045908,1,2024-03-28,0.5044047368980817
2024-03-28_COL@AZ,0.5369261477045908,1,2024-03-28,0.5049029148344941
2024-03-29_ATL@PHI,0.5369261477045908,0,2024-03-29,0.5056984073305912
2024-03-29_BOS@SEA,0.5369261477045908,0,2024-03-29,0.5062605842408276
2024-03-29_SF@SD,0.5511811023622046,1,2024-03-29,0.5249245276763845
2024-03-29_MIL@NYM,0.5369261477045908,0,2024-03-29,0.5056354767260638
2024-03-29_STL@LAD,0.5369261477045908,1,2024-03-29,0.5059515612661487
2024-03-29_COL@AZ,0.5369261477045908,1,2024-03-29,0.5051624011565188
2024-03-29_NYY@HOU,0.5369261477045908,1,2024-03-29,0.5055852361607072
2024-03-29_TOR@TB,0.5369261477045908,0,2024-03-29,0.5056888095043064
2024-03-29_PIT@MIA,0.5369261477045908,0,2024-03-29,0.5051068153217957
2024-03-29_CLE@OAK,0.5369261477045908,1,2024-03-29,0.5053462864541352
2024-03-30_SF@SD,0.5369261477045908,0,2024-03-30,0.5055410786873578
2024-03-30_TOR@TB,0.5369261477045908,0,2024-03-30,0.5063323750836288
2024-03-30_CHC@TEX,0.5369261477045908,0,2024-03-30,0.5052422894216624
2024-03-30_ATL@PHI,0.5369261477045908,1,2024-03-30,0.5053250169753678
2024-03-30_WSH@CIN,0.5369261477045908,0,2024-03-30,0.5053563433130522
2024-03-30_STL@LAD,0.49743589743589745,0,2024-03-30,0.49610529699527417
2024-03-30_MIL@NYM,0.5369261477045908,1,2024-03-30,0.5057631444899854
2024-03-30_COL@AZ,0.5369261477045908,1,2024-03-30,0.5055289377827803
2024-03-30_BOS@SEA,0.5369261477045908,1,2024-03-30,0.5053827655476473
2024-03-30_PIT@MIA,0.5369261477045908,0,2024-03-30,0.5050370373128598
2024-03-30_MIN@KC,0.5369261477045908,0,2024-03-30,0.5057034031475206
2024-03-30_DET@CWS,0.5369261477045908,1,2024-03-30,0.5057714715435424
2024-03-30_CLE@OAK,0.5369261477045908,0,2024-03-30,0.5047126861344258
2024-03-30_LAA@BAL,0.5369261477045908,1,2024-03-30,0.5056881320719473
2024-03-30_NYY@HOU,0.5369261477045908,0,2024-03-30,0.5059917584795479
2024-03-31_DET@CWS,0.5369261477045908,0,2024-03-31,0.5054832101000917
2024-03-31_ATL@PHI,0.5369261477045908,1,2024-03-31,0.5047924296514846
2024-03-31_CHC@TEX,0.5369261477045908,1,2024-03-31,0.5040900116607493
2024-03-31_LAA@BAL,0.5369261477045908,1,2024-03-31,0.5055013057468154
2024-03-31_TOR@TB,0.5369261477045908,1,2024-03-31,0.5049624850679753
2024-03-31_WSH@CIN,0.5369261477045908,0,2024-03-31,0.505731210981734
2024-03-31_SF@SD,0.5369261477045908,1,2024-03-31,0.5060207682418854
2024-03-31_CLE@OAK,0.5369261477045908,1,2024-03-31,0.5050007779884524
2024-03-31_MIN@KC,0.5369261477045908,1,2024-03-31,0.5053547218831911
2024-03-31_MIL@NYM,0.5369261477045908,1,2024-03-31,0.505302676639361
2024-03-31_STL@LAD,0.5369261477045908,0,2024-03-31,0.5046716979268909
2024-03-31_NYY@HOU,0.5369261477045908,0,2024-03-31,0.5058018229740759
2024-03-31_BOS@SEA,0.5369261477045908,0,2024-03-31,0.5058509424798315
2024-03-31_COL@AZ,0.5369261477045908,1,2024-03-31,0.5049060791452867
2024-03-31_PIT@MIA,0.5369261477045908,1,2024-03-31,0.5055080320955301
2024-04-01_COL@CHC,0.5369261477045908,0,2024-04-01,0.5049601995776183
2024-04-01_LAA@MIA,0.5369261477045908,1,2024-04-01,0.5060166511671442
2024-04-01_PIT@WSH,0.5369261477045908,0,2024-04-01,0.505447001746564
2024-04-01_NYY@AZ,0.5369261477045908,0,2024-04-01,0.5057357308992082
2024-04-01_SF@LAD,0.5369261477045908,1,2024-04-01,0.5057206456967422
2024-04-01_CIN@PHI,0.5369261477045908,1,2024-04-01,0.505444674892905
2024-04-01_DET@NYM,0.5369261477045908,0,2024-04-01,0.5061503536395766
2024-04-01_CLE@SEA,0.5369261477045908,0,2024-04-01,0.5056700872255427
2024-04-01_TEX@TB,0.5369261477045908,1,2024-04-01,0.5059279775150954
2024-04-01_KC@BAL,0.5369261477045908,0,2024-04-01,0.5049454939285958
2024-04-01_ATL@CWS,0.5369261477045908,0,2024-04-01,0.5054847721360495
2024-04-01_TOR@HOU,0.5369261477045908,1,2024-04-01,0.5056218103614833
2024-04-01_BOS@OAK,0.5369261477045908,1,2024-04-01,0.5060894275137211
2024-04-01_STL@SD,0.5369261477045908,1,2024-04-01,0.5058195007582836
2024-04-02_CLE@SEA,0.7407407407407407,0,2024-04-02,0.6749164638530806
2024-04-02_NYY@AZ,0.45825049701789267,1,2024-04-02,0.4838312367856885
2024-04-02_SF@LAD,0.5331491712707183,1,2024-04-02,0.4986138116729941
2024-04-02_MIN@MIL,0.5369261477045908,0,2024-04-02,0.5056023946715186
2024-04-02_TOR@HOU,0.6211656441717791,0,2024-04-02,0.535566076483045
2024-04-02_COL@CHC,0.6211656441717791,1,2024-04-02,0.5329245685290138
2024-04-02_STL@SD,0.3881656804733728,0,2024-04-02,0.43768213203911444
2024-04-02_ATL@CWS,0.5369261477045908,0,2024-04-02,0.5043798863223022
2024-04-02_KC@BAL,0.5369261477045908,0,2024-04-02,0.505747916401442
2024-04-02_BOS@OAK,0.5331491712707183,1,2024-04-02,0.49751606148674
2024-04-02_TEX@TB,0.5369261477045908,0,2024-04-02,0.5045130530154791
2024-04-02_LAA@MIA,0.5369261477045908,0,2024-04-02,0.5102822436322803
2024-04-02_CIN@PHI,0.5369261477045908,1,2024-04-02,0.5055405259531557
2024-04-03_CLE@SEA,0.4253521126760563,1,2024-04-03,0.4592869087145339
2024-04-03_NYY@AZ,0.5369261477045908,0,2024-04-03,0.5052852113504719
2024-04-03_TEX@TB,0.4253521126760563,0,2024-04-03,0.4662743990227278
2024-04-03_BOS@OAK,0.4253521126760563,0,2024-04-03,0.45757680102566656
2024-04-03_MIN@MIL,0.5369261477045908,0,2024-04-03,0.5056411639953289
2024-04-03_LAA@MIA,0.3881656804733728,1,2024-04-03,0.43878921232427315
2024-04-03_CIN@PHI,0.6211656441717791,0,2024-04-03,0.5344712634587137
2024-04-03_COL@CHC,0.4253521126760563,0,2024-04-03,0.4588053755787588
2024-04-03_KC@BAL,0.6211656441717791,1,2024-04-03,0.5371222238234725
2024-04-03_SF@LAD,0.4253521126760563,0,2024-04-03,0.4607248862035621
2024-04-03_STL@SD,0.4253521126760563,1,2024-04-03,0.45029919494551784
2024-04-03_TOR@HOU,0.45825049701789267,0,2024-04-03,0.4774973696838123
2024-04-03_PIT@WSH,0.5331491712707183,0,2024-04-03,0.49947086682551356
2024-04-04_CWS@KC,0.3881656804733728,0,2024-04-04,0.42362362753868976
2024-04-04_PIT@WSH,0.6211656441717791,1,2024-04-04,0.5416155939861864
2024-04-04_MIA@STL,0.45825049701789267,0,2024-04-04,0.48286522919762076
2024-04-04_DET@NYM,0.5369261477045908,0,2024-04-04,0.5055171696496655
2024-04-04_CLE@MIN,0.45825049701789267,0,2024-04-04,0.47900516987419317
2024-04-04_DET@NYM,0.5369261477045908,0,2024-04-04,0.5059481282775405
2024-04-05_TOR@NYY,0.4253521126760563,0,2024-04-05,0.46849962434052494
2024-04-05_SEA@MIL,0.4253521126760563,0,2024-04-05,0.4451814679569901
2024-04-05_BOS@LAA,0.268041237113402,0,2024-04-05,0.4105651274025851
2024-04-05_NYM@CIN,0.7407407407407407,1,2024-04-05,0.6585075573347352
2024-04-05_OAK@DET,0.5331491712707183,0,2024-04-05,0.497288246181273
2024-04-05_TB@COL,0.5511811023622046,1,2024-04-05,0.5117449168129372
2024-04-05_CWS@KC,0.45825049701789267,1,2024-04-05,0.4819540707290306
2024-04-05_HOU@TEX,0.6211656441717791,0,2024-04-05,0.5425228163898996
2024-04-05_AZ@ATL,0.4253521126760563,1,2024-04-05,0.4455712096153278
2024-04-05_BAL@PIT,0.45825049701789267,0,2024-04-05,0.47356363336770424
2024-04-05_LAD@CHC,0.45825049701789267,1,2024-04-05,0.4738611000419206
2024-04-05_PHI@WSH,0.45825049701789267,0,2024-04-05,0.4693649416504556
2024-04-05_SD@SF,0.45825049701789267,1,2024-04-05,0.47335799902319387
2024-04-06_NYM@CIN,0.4253521126760563,0,2024-04-06,0.4507307922150109
2024-04-06_BOS@LAA,0.45825049701789267,0,2024-04-06,0.4732417533566008
2024-04-06_AZ@ATL,0.49743589743589745,1,2024-04-06,0.4964165146676569
2024-04-06_CLE@MIN,0.45825049701789267,1,2024-04-06,0.47229615834990735
2024-04-06_BAL@PIT,0.45825049701789267,0,2024-04-06,0.4728734881577634
2024-04-06_PHI@WSH,0.6211656441717791,0,2024-04-06,0.5356149116855078
2024-04-06_TOR@NYY,0.5369261477045908,1,2024-04-06,0.5097140038550676
2024-04-06_MIA@STL,0.4253521126760563,0,2024-04-06,0.44938234952113953
2024-04-06_OAK@DET,0.4822834645669291,1,2024-04-06,0.48958763752058454
2024-04-06_LAD@CHC,0.6211656441717791,0,2024-04-06,0.5357883293038079
2024-04-06_HOU@TEX,0.7727272727272727,0,2024-04-06,0.7086311859592775
2024-04-06_SD@SF,0.4253521126760563,1,2024-04-06,0.45159193330421754
2024-04-06_SEA@MIL,0.45825049701789267,0,2024-04-06,0.48060548592575547
2024-04-06_TB@COL,0.7407407407407407,1,2024-04-06,0.6704989083347155
2024-04-06_CWS@KC,0.45825049701789267,0,2024-04-06,0.48032538367848543
2024-04-07_TB@COL,0.5511811023622046,0,2024-04-07,0.5122686078149791
2024-04-07_BOS@LAA,0.3881656804733728,0,2024-04-07,0.43129846699329466
2024-04-07_BAL@PIT,0.4253521126760563,0,2024-04-07,0.4481998060637492
2024-04-07_AZ@ATL,0.3881656804733728,0,2024-04-07,0.4399795720355978
2024-04-07_TOR@NYY,0.268041237113402,0,2024-04-07,0.4138216469806466
2024-04-07_SEA@MIL,0.4253521126760563,1,2024-04-07,0.4456462503678398
2024-04-07_SD@SF,0.45825049701789267,1,2024-04-07,0.4726892949919974
2024-04-07_OAK@DET,0.6211656441717791,1,2024-04-07,0.5316373026308288
2024-04-07_MIA@STL,0.5331491712707183,1,2024-04-07,0.49780803963694775
2024-04-07_HOU@TEX,0.4822834645669291,0,2024-04-07,0.4927484817241986
2024-04-07_LAD@CHC,0.4253521126760563,1,2024-04-07,0.44592058334011886
2024-04-07_CWS@KC,0.45825049701789267,0,2024-04-07,0.47024888091245187
2024-04-07_NYM@CIN,0.6827586206896552,1,2024-04-07,0.571636257161654
2024-04-07_PHI@WSH,0.45825049701789267,0,2024-04-07,0.4797535353517932
2024-04-08_WSH@SF,0.45825049701789267,1,2024-04-08,0.47529049944727564
2024-04-08_SEA@TOR,0.6827586206896552,0,2024-04-08,0.5906620712888175
2024-04-08_CHC@SD,0.5331491712707183,0,2024-04-08,0.49876561340171843
2024-04-08_AZ@COL,0.9090909090909091,1,2024-04-08,0.7313386896018523
2024-04-08_MIA@NYY,0.4253521126760563,0,2024-04-08,0.4543664780184261
2024-04-08_TB@LAA,0.5511811023622046,1,2024-04-08,0.5188724586881981
2024-04-08_HOU@TEX,0.5369261477045908,1,2024-04-08,0.5040417605253709
2024-04-08_PHI@STL,0.4253521126760563,0,2024-04-08,0.460988740142266
2024-04-08_MIL@CIN,0.45825049701789267,0,2024-04-08,0.468696507235304
2024-04-08_LAD@MIN,0.5511811023622046,1,2024-04-08,0.5119502171062996
2024-04-08_NYM@ATL,0.4253521126760563,0,2024-04-08,0.4649064073548477
2024-04-08_DET@PIT,0.29896907216494845,1,2024-04-08,0.4145668439952609
2024-04-08_CWS@CLE,0.45825049701789267,0,2024-04-08,0.47739781343375565
2024-04-09_PHI@STL,0.3881656804733728,0,2024-04-09,0.4332347248494284
2024-04-09_TB@LAA,0.4253521126760563,1,2024-04-09,0.4624839095791269
2024-04-09_OAK@TEX,0.4253521126760563,1,2024-04-09,0.4654762406469686
2024-04-09_WSH@SF,0.4253521126760563,0,2024-04-09,0.4677133375097614
2024-04-09_MIL@CIN,0.4253521126760563,0,2024-04-09,0.44754840764272397
2024-04-09_SEA@TOR,0.5511811023622046,0,2024-04-09,0.5139616096320583
2024-04-09_DET@PIT,0.5511811023622046,1,2024-04-09,0.5253197963363005
2024-04-09_CHC@SD,0.6211656441717791,0,2024-04-09,0.5436238776471686
2024-04-09_MIA@NYY,0.6211656441717791,0,2024-04-09,0.5378377875925344
2024-04-09_AZ@COL,0.8,1,2024-04-09,0.7203116847816607
2024-04-09_LAD@MIN,0.4253521126760563,0,2024-04-09,0.4502299531392676
2024-04-09_NYM@ATL,0.4253521126760563,1,2024-04-09,0.4460626676092184
2024-04-09_BAL@BOS,0.29896907216494845,1,2024-04-09,0.41477429189997095
2024-04-09_CWS@CLE,0.45825049701789267,1,2024-04-09,0.482946791355922
2024-04-09_HOU@KC,0.4253521126760563,1,2024-04-09,0.45189504684984516
2024-04-10_AZ@COL,0.4822834645669291,1,2024-04-10,0.49160725699861707
2024-04-10_PHI@STL,0.6827586206896552,1,2024-04-10,0.5706136005964564
2024-04-10_MIA@NYY,0.45825049701789267,0,2024-04-10,0.472804498883274
2024-04-10_WSH@SF,0.6211656441717791,0,2024-04-10,0.5349677684198382
2024-04-10_SEA@TOR,0.5511811023622046,0,2024-04-10,0.5164068689445307
2024-04-10_MIL@CIN,0.7407407407407407,1,2024-04-10,0.6629828575925998
2024-04-10_TB@LAA,0.4253521126760563,1,2024-04-10,0.4648162583576225
2024-04-10_CHC@SD,0.5511811023622046,0,2024-04-10,0.526000312420354
2024-04-10_HOU@KC,0.4822834645669291,0,2024-04-10,0.4857102554463786
2024-04-10_OAK@TEX,0.6211656441717791,1,2024-04-10,0.5534032388380639
2024-04-10_CWS@CLE,0.45825049701789267,1,2024-04-10,0.4689579003209423
2024-04-10_BAL@BOS,0.4253521126760563,0,2024-04-10,0.448294507668054
2024-04-10_LAD@MIN,0.4822834645669291,1,2024-04-10,0.49178189111419257
2024-04-11_BAL@BOS,0.268041237113402,1,2024-04-11,0.4130151936091381
2024-04-11_OAK@TEX,0.4253521126760563,0,2024-04-11,0.45203676255178127
2024-04-11_NYM@ATL,0.5331491712707183,1,2024-04-11,0.5024317617461582
2024-04-11_HOU@KC,0.4253521126760563,1,2024-04-11,0.448981802002969
2024-04-11_PIT@PHI,0.4822834645669291,0,2024-04-11,0.49208160064818085
2024-04-12_CHC@SEA,0.3881656804733728,0,2024-04-12,0.4310879271075221
2024-04-12_MIN@DET,0.5511811023622046,1,2024-04-12,0.5240218389651017
2024-04-12_ATL@MIA,0.7407407407407407,1,2024-04-12,0.6398387257814685
2024-04-12_CIN@CWS,0.3466666666666667,1,2024-04-12,0.42258056956633416
2024-04-12_PIT@PHI,0.45825049701789267,0,2024-04-12,0.4711550644248075
2024-04-12_SD@LAD,0.7407407407407407,1,2024-04-12,0.6368610141125411
2024-04-12_SF@TB,0.4253521126760563,0,2024-04-12,0.46608040804978035
2024-04-12_STL@AZ,0.5369261477045908,1,2024-04-12,0.504090977667614
2024-04-12_LAA@BOS,0.6827586206896552,1,2024-04-12,0.586645553222056
2024-04-12_TEX@HOU,0.7407407407407407,1,2024-04-12,0.6352466190830923
2024-04-12_WSH@OAK,0.5331491712707183,0,2024-04-12,0.49882683362147395
2024-04-12_MIL@BAL,0.4253521126760563,0,2024-04-12,0.4685949557911977
2024-04-12_COL@TOR,0.4822834645669291,1,2024-04-12,0.48713474486468455
2024-04-12_KC@NYM,0.30434782608695654,0,2024-04-12,0.4175157406035953
2024-04-13_TEX@HOU,0.5511811023622046,1,2024-04-13,0.5211001594308603
2024-04-13_ATL@MIA,0.5331491712707183,1,2024-04-13,0.49798401892812827
2024-04-13_CHC@SEA,0.268041237113402,0,2024-04-13,0.40755739156239135
2024-04-13_CIN@CWS,0.5369261477045908,0,2024-04-13,0.5048807552796328
2024-04-13_STL@AZ,0.5511811023622046,1,2024-04-13,0.5107140343062861
2024-04-13_NYY@CLE,0.45825049701789267,1,2024-04-13,0.48331852997846714
2024-04-13_PIT@PHI,0.45825049701789267,1,2024-04-13,0.4689200734067329
2024-04-13_NYY@CLE,0.7407407407407407,0,2024-04-13,0.6179099778865528
2024-04-13_WSH@OAK,0.265993265993266,0,2024-04-13,0.40493174831721424
2024-04-13_LAA@BOS,0.4822834645669291,1,2024-04-13,0.4930413988367186
2024-04-13_SD@LAD,0.6211656441717791,0,2024-04-13,0.5479410230209624
2024-04-13_MIL@BAL,0.4822834645669291,1,2024-04-13,0.4860106810511844
2024-04-13_KC@NYM,0.45825049701789267,1,2024-04-13,0.47797517294990377
2024-04-13_SF@TB,0.4253521126760563,1,2024-04-13,0.4516883384725253
2024-04-13_MIN@DET,0.4822834645669291,1,2024-04-13,0.48749267303835087
2024-04-13_MIN@DET,0.5331491712707183,1,2024-04-13,0.5015999453497602
2024-04-13_COL@TOR,0.45825049701789267,1,2024-04-13,0.4798721667988701
2024-04-14_LAA@BOS,0.45825049701789267,1,2024-04-14,0.4746724348216329
2024-04-14_KC@NYM,0.3881656804733728,0,2024-04-14,0.4391257327455127
2024-04-14_SD@LAD,0.5331491712707183,0,2024-04-14,0.5016903402839058
2024-04-14_MIL@BAL,0.5369261477045908,1,2024-04-14,0.5028873585252691
2024-04-14_PIT@PHI,0.6211656441717791,0,2024-04-14,0.5426657970725484
2024-04-14_SF@TB,0.5511811023622046,1,2024-04-14,0.5257173517846326
2024-04-14_CIN@CWS,0.5511811023622046,0,2024-04-14,0.52290858044665
2024-04-14_CHC@SEA,0.6211656441717791,1,2024-04-14,0.5474464116632021
2024-04-14_NYY@CLE,0.6211656441717791,0,2024-04-14,0.5384824443679379
2024-04-14_MIN@DET,0.6553191489361702,0,2024-04-14,0.5611983572169585
2024-04-14_WSH@OAK,0.6211656441717791,0,2024-04-14,0.5441382265130814
2024-04-14_ATL@MIA,0.4253521126760563,0,2024-04-14,0.455526774323771
2024-04-14_TEX@HOU,0.7407407407407407,1,2024-04-14,0.701393416167875
2024-04-14_COL@TOR,0.49743589743589745,1,2024-04-14,0.4939178242475887
2024-04-14_STL@AZ,0.3881656804733728,0,2024-04-14,0.4400953366275099
2024-04-15_CIN@SEA,0.4253521126760563,1,2024-04-15,0.4573493845533608
2024-04-15_TEX@DET,0.45825049701789267,0,2024-04-15,0.48039917063352766
2024-04-15_PIT@NYM,0.45825049701789267,0,2024-04-15,0.4818018693942311
2024-04-15_MIN@BAL,0.3881656804733728,1,2024-04-15,0.43165159476301385
2024-04-15_LAA@TB,0.6827586206896552,0,2024-04-15,0.5987715440732114
2024-04-15_NYY@TOR,0.1888111888111888,0,2024-04-15,0.38963335971690416
2024-04-15_CLE@BOS,0.4253521126760563,0,2024-04-15,0.4659932966447834
2024-04-15_CHC@AZ,0.5369261477045908,0,2024-04-15,0.5068928367337241
2024-04-15_WSH@LAD,0.4253521126760563,1,2024-04-15,0.4629041808146175
2024-04-15_STL@OAK,0.6211656441717791,1,2024-04-15,0.540554945189615
2024-04-15_ATL@HOU,0.5369261477045908,1,2024-04-15,0.5047403926514163
2024-04-15_COL@PHI,0.6211656441717791,0,2024-04-15,0.5343750291411391
2024-04-15_SD@MIL,0.3466666666666667,1,2024-04-15,0.4218179881587375
2024-04-15_KC@CWS,0.45825049701789267,0,2024-04-15,0.4700391087917375
2024-04-15_SF@MIA,0.7407407407407407,0,2024-04-15,0.6580406091224102
2024-04-16_LAA@TB,0.6827586206896552,0,2024-04-16,0.5714124731622213
2024-04-16_SF@MIA,0.45825049701789267,0,2024-04-16,0.471309749321695
2024-04-16_WSH@LAD,0.7407407407407407,1,2024-04-16,0.6890713873101753
2024-04-16_SD@MIL,0.7407407407407407,1,2024-04-16,0.6346452306469819
2024-04-16_NYY@TOR,0.4253521126760563,0,2024-04-16,0.4513760752058651
2024-04-16_CHC@AZ,0.45825049701789267,0,2024-04-16,0.4817698060655192
2024-04-16_CIN@SEA,0.45825049701789267,0,2024-04-16,0.4763635489799751
2024-04-16_ATL@HOU,0.3881656804733728,0,2024-04-16,0.42547062678940895
2024-04-16_STL@OAK,0.47619047619047616,0,2024-04-16,0.48457427063275105
2024-04-16_CLE@BOS,0.4253521126760563,0,2024-04-16,0.44212208735559033
2024-04-16_TEX@DET,0.4253521126760563,0,2024-04-16,0.4471607478826628
2024-04-16_COL@PHI,0.5369261477045908,1,2024-04-16,0.5094443270432347
2024-04-16_PIT@NYM,0.5369261477045908,0,2024-04-16,0.5043728065907047
2024-04-16_MIN@BAL,0.3881656804733728,0,2024-04-16,0.4290429301387323
2024-04-17_KC@CWS,0.4253521126760563,0,2024-04-17,0.46408640208107277
2024-04-17_CIN@SEA,0.1888111888111888,0,2024-04-17,0.39193568682029867
2024-04-17_STL@OAK,0.3881656804733728,0,2024-04-17,0.43124928837088483
2024-04-17_NYY@TOR,0.268041237113402,0,2024-04-17,0.41362431801811006
2024-04-17_LAA@TB,0.3881656804733728,1,2024-04-17,0.43131653699920813
2024-04-17_MIN@BAL,0.4253521126760563,1,2024-04-17,0.46063139938389086
2024-04-17_KC@CWS,0.6553191489361702,0,2024-04-17,0.5538381842050176
2024-04-17_SF@MIA,0.5331491712707183,0,2024-04-17,0.4985075297618474
2024-04-17_PIT@NYM,0.4253521126760563,0,2024-04-17,0.4513626850372232
2024-04-17_SD@MIL,0.4253521126760563,0,2024-04-17,0.4451014852067444
2024-04-17_TEX@DET,0.4253521126760563,1,2024-04-17,0.4440384838285443
2024-04-17_CHC@AZ,0.4253521126760563,1,2024-04-17,0.45366196279004267
2024-04-17_ATL@HOU,0.5511811023622046,1,2024-04-17,0.5245432533714742
2024-04-17_WSH@LAD,0.5511811023622046,1,2024-04-17,0.5196062456691267
2024-04-17_CLE@BOS,0.3881656804733728,0,2024-04-17,0.4270442096907964
2024-04-17_COL@PHI,0.6211656441717791,1,2024-04-17,0.5527856149866579
2024-04-18_TEX@DET,0.7407407407407407,1,2024-04-18,0.6343600409251295
2024-04-18_CLE@BOS,0.5331491712707183,1,2024-04-18,0.4993492244754014
2024-04-18_LAA@TB,0.4253521126760563,1,2024-04-18,0.4527998876051543
2024-04-18_AZ@SF,0.4253521126760563,0,2024-04-18,0.46213035973134386
2024-04-19_CWS@PHI,0.45825049701789267,1,2024-04-19,0.476768926572415
2024-04-19_NYM@LAD,0.4253521126760563,0,2024-04-19,0.46080831680742584
2024-04-19_MIA@CHC,0.45825049701789267,1,2024-04-19,0.47536935167364736
2024-04-19_HOU@WSH,0.45825049701789267,0,2024-04-19,0.4694268669321934
2024-04-19_BOS@PIT,0.5511811023622046,1,2024-04-19,0.5162429107590021
2024-04-19_LAA@CIN,0.5331491712707183,0,2024-04-19,0.4983275232972182
2024-04-19_OAK@CLE,0.1888111888111888,1,2024-04-19,0.3897450675947499
2024-04-19_TB@NYY,0.4253521126760563,0,2024-04-19,0.44450821417878306
2024-04-19_AZ@SF,0.6211656441717791,0,2024-04-19,0.5413304961368275
2024-04-19_TOR@SD,0.45825049701789267,1,2024-04-19,0.4724134068978373
2024-04-19_MIL@STL,0.29896907216494845,0,2024-04-19,0.4156319526263694
2024-04-19_TEX@ATL,0.6827586206896552,1,2024-04-19,0.5975211907526237
2024-04-19_BAL@KC,0.30434782608695654,0,2024-04-19,0.4173639756750014
2024-04-19_DET@MIN,0.6827586206896552,1,2024-04-19,0.5935993536863134
2024-04-20_BOS@PIT,0.5369261477045908,1,2024-04-20,0.5088285703602135
2024-04-20_TOR@SD,0.7407407407407407,1,2024-04-20,0.632418414863122
2024-04-20_TEX@ATL,0.29896907216494845,0,2024-04-20,0.41661451361562907
2024-04-20_DET@MIN,0.29896907216494845,0,2024-04-20,0.4162482777446772
2024-04-20_MIA@CHC,0.4253521126760563,1,2024-04-20,0.45003494759671736
2024-04-20_HOU@WSH,0.49743589743589745,1,2024-04-20,0.4935665885465387
2024-04-20_BAL@KC,0.4253521126760563,0,2024-04-20,0.46467283319274466
2024-04-20_MIL@STL,0.6211656441717791,1,2024-04-20,0.5412990134442901
2024-04-20_SEA@COL,0.5511811023622046,0,2024-04-20,0.5164157678190568
2024-04-20_TB@NYY,0.5369261477045908,0,2024-04-20,0.5043237365574309
2024-04-20_NYM@LAD,0.49743589743589745,1,2024-04-20,0.4937873058698453
2024-04-20_OAK@CLE,0.4253521126760563,1,2024-04-20,0.44714934695165764
2024-04-20_AZ@SF,0.5511811023622046,1,2024-04-20,0.5136426808226612
2024-04-20_MIA@CHC,0.4253521126760563,0,2024-04-20,0.45348905721826616
2024-04-20_CWS@PHI,0.5511811023622046,0,2024-04-20,0.5197786548579166
2024-04-20_LAA@CIN,0.5369261477045908,1,2024-04-20,0.5054610119722234
2024-04-21_AZ@SF,0.45825049701789267,0,2024-04-21,0.4802485785911629
2024-04-21_TOR@SD,0.1888111888111888,1,2024-04-21,0.38155750866085014
2024-04-21_NYM@LAD,0.45825049701789267,0,2024-04-21,0.4779371489564026
2024-04-21_MIL@STL,0.5369261477045908,0,2024-04-21,0.5074237863129922
2024-04-21_CWS@PHI,0.4253521126760563,1,2024-04-21,0.4474189570648398
2024-04-21_DET@MIN,0.7407407407407407,1,2024-04-21,0.6416128738895484
2024-04-21_BOS@PIT,0.5331491712707183,1,2024-04-21,0.49992931560281395
2024-04-21_TB@NYY,0.4253521126760563,1,2024-04-21,0.46211198620140936
2024-04-21_BAL@KC,0.45825049701789267,0,2024-04-21,0.483156232852632
2024-04-21_MIA@CHC,0.45825049701789267,0,2024-04-21,0.48104267810584145
2024-04-21_SEA@COL,0.4253521126760563,1,2024-04-21,0.46225439786238365
2024-04-21_SEA@COL,0.6827586206896552,0,2024-04-21,0.5969259590340088
2024-04-21_LAA@CIN,0.45825049701789267,0,2024-04-21,0.471261109877011
2024-04-21_TEX@ATL,0.265993265993266,1,2024-04-21,0.40394012337479157
2024-04-21_OAK@CLE,0.13043478260869565,0,2024-04-21,0.3713424762203238
2024-04-21_HOU@WSH,0.45825049701789267,1,2024-04-21,0.47171895136650344
2024-04-22_MIL@PIT,0.5369261477045908,1,2024-04-22,0.5052671339485802
2024-04-22_BAL@LAA,0.49743589743589745,0,2024-04-22,0.49536096427206344
2024-04-22_AZ@STL,0.5511811023622046,0,2024-04-22,0.5107945283641451
2024-04-22_DET@TB,0.5511811023622046,1,2024-04-22,0.524654589310882
2024-04-22_PHI@CIN,0.265993265993266,0,2024-04-22,0.39746482376294057
2024-04-22_OAK@NYY,0.45825049701789267,0,2024-04-22,0.4780626942935059
2024-04-22_SD@COL,0.5369261477045908,0,2024-04-22,0.5066294037214152
2024-04-22_NYM@SF,0.45825049701789267,0,2024-04-22,0.4821362782818086
2024-04-22_TOR@KC,0.34210526315789475,0,2024-04-22,0.4209249132399313
2024-04-22_MIA@ATL,0.4822834645669291,0,2024-04-22,0.49310673460237775
2024-04-22_CWS@MIN,0.4253521126760563,1,2024-04-22,0.455815710388065
2024-04-23_TOR@KC,0.4253521126760563,0,2024-04-23,0.44699675732306376
2024-04-23_LAD@WSH,0.7407407407407407,0,2024-04-23,0.6303455991902436
2024-04-23_AZ@STL,0.3881656804733728,1,2024-04-23,0.4364056730362246
2024-04-23_SEA@TEX,0.4822834645669291,1,2024-04-23,0.48720774586579496
2024-04-23_BOS@CLE,0.34210526315789475,0,2024-04-23,0.42139474359806794
2024-04-23_HOU@CHC,0.49743589743589745,1,2024-04-23,0.4963226845939004
2024-04-23_OAK@NYY,0.7407407407407407,1,2024-04-23,0.6816531593528559
2024-04-23_SD@COL,0.30434782608695654,1,2024-04-23,0.4186626359222897
2024-04-23_MIL@PIT,0.4253521126760563,1,2024-04-23,0.4660639305304979
2024-04-23_MIA@ATL,0.4253521126760563,0,2024-04-23,0.45172377065519975
2024-04-23_NYM@SF,0.5511811023622046,0,2024-04-23,0.5178353644072216
2024-04-23_CWS@MIN,0.6211656441717791,1,2024-04-23,0.5514972640218478
2024-04-23_BAL@LAA,0.6211656441717791,1,2024-04-23,0.5329401798956175
2024-04-23_DET@TB,0.3881656804733728,0,2024-04-23,0.42373967416414215
2024-04-23_PHI@CIN,0.3881656804733728,1,2024-04-23,0.4348897573147755
2024-04-24_MIL@PIT,0.5331491712707183,0,2024-04-24,0.49888279247544964
2024-04-24_PHI@CIN,0.5369261477045908,1,2024-04-24,0.5038095165704801
2024-04-24_MIA@ATL,0.45825049701789267,1,2024-04-24,0.47863311399249664
2024-04-24_BOS@CLE,0.45825049701789267,1,2024-04-24,0.47004837718568837
2024-04-24_CWS@MIN,0.3881656804733728,0,2024-04-24,0.43888499244967794
2024-04-24_SEA@TEX,0.6211656441717791,1,2024-04-24,0.5303078549085796
2024-04-24_AZ@STL,0.7407407407407407,1,2024-04-24,0.6318771734826301
2024-04-24_SD@COL,0.5369261477045908,1,2024-04-24,0.507550571174801
2024-04-24_BAL@LAA,0.5369261477045908,0,2024-04-24,0.5067770705778061
2024-04-24_NYM@SF,0.4253521126760563,0,2024-04-24,0.4560345571655624
2024-04-24_LAD@WSH,0.6211656441717791,1,2024-04-24,0.5306353092335714
2024-04-24_HOU@CHC,0.45825049701789267,1,2024-04-24,0.4703487538916634
2024-04-24_DET@TB,0.7407407407407407,1,2024-04-24,0.6605901032452199
2024-04-24_OAK@NYY,0.7407407407407407,1,2024-04-24,0.6875996634882339
2024-04-24_TOR@KC,0.265993265993266,1,2024-04-24,0.39795088268729906
2024-04-25_SEA@TEX,0.5331491712707183,1,2024-04-25,0.500983894050355
2024-04-25_SD@COL,0.7407407407407407,1,2024-04-25,0.6356408097884132
2024-04-25_MIL@PIT,0.7157894736842105,1,2024-04-25,0.602985796423773
2024-04-25_OAK@NYY,0.7407407407407407,0,2024-04-25,0.6363277484070401
2024-04-25_TOR@KC,0.6827586206896552,1,2024-04-25,0.5755625148091703
2024-04-25_CWS@MIN,0.4253521126760563,0,2024-04-25,0.4576602107684876
2024-04-25_HOU@CHC,0.7157894736842105,1,2024-04-25,0.6045385267517218
2024-04-25_LAD@WSH,0.3881656804733728,0,2024-04-25,0.42731119464620426
2024-04-25_PHI@CIN,0.4822834645669291,0,2024-04-25,0.48924675313333343
2024-04-25_BOS@CLE,0.45825049701789267,0,2024-04-25,0.48063412959058927
2024-04-26_STL@NYM,0.5511811023622046,0,2024-04-26,0.511068008961821
2024-04-26_KC@DET,0.1888111888111888,0,2024-04-26,0.3781503012052041
2024-04-26_MIN@LAA,0.4253521126760563,0,2024-04-26,0.4683518582734786
2024-04-26_LAD@TOR,0.6211656441717791,1,2024-04-26,0.5333559582106284
2024-04-26_CHC@BOS,0.265993265993266,0,2024-04-26,0.4045002920537065
2024-04-26_OAK@BAL,0.3881656804733728,1,2024-04-26,0.42809264754214016
2024-04-26_CLE@ATL,0.7157894736842105,1,2024-04-26,0.6127079479422146
2024-04-26_WSH@MIA,0.4822834645669291,0,2024-04-26,0.4890713590061502
2024-04-26_AZ@SEA,0.6211656441717791,1,2024-04-26,0.550618898060431
2024-04-26_PHI@SD,0.6211656441717791,1,2024-04-26,0.5476639243058614
2024-04-26_PIT@SF,0.30434782608695654,0,2024-04-26,0.4196758783354484
2024-04-26_NYY@MIL,0.7407407407407407,1,2024-04-26,0.6594566198229794
2024-04-26_TB@CWS,0.5369261477045908,0,2024-04-26,0.5038457516596146
2024-04-26_CIN@TEX,0.4822834645669291,1,2024-04-26,0.48542708223746056
2024-04-27_LAD@TOR,0.4253521126760563,1,2024-04-27,0.46327818933123044
2024-04-27_HOU@COL,0.7407407407407407,1,2024-04-27,0.6221558618825388
2024-04-27_KC@DET,0.4253521126760563,1,2024-04-27,0.45789015174927117
2024-04-27_PHI@SD,0.6211656441717791,1,2024-04-27,0.5407599099023019
2024-04-27_NYY@MIL,0.7157894736842105,1,2024-04-27,0.6053286788918736
2024-04-27_STL@NYM,0.5511811023622046,1,2024-04-27,0.523730095046069
2024-04-27_CHC@BOS,0.4253521126760563,1,2024-04-27,0.44846976322601495
2024-04-27_WSH@MIA,0.5511811023622046,1,2024-04-27,0.5120771596570228
2024-04-27_CIN@TEX,0.3881656804733728,0,2024-04-27,0.42349817887260954
2024-04-27_AZ@SEA,0.4253521126760563,0,2024-04-27,0.44143115740834393
2024-04-27_PIT@SF,0.29896907216494845,0,2024-04-27,0.4160422428399764
2024-04-27_MIN@LAA,0.3881656804733728,1,2024-04-27,0.4391948350982732
2024-04-27_OAK@BAL,0.4253521126760563,0,2024-04-27,0.44984060758014366
2024-04-27_TB@CWS,0.6211656441717791,0,2024-04-27,0.5384002739703931
2024-04-27_CLE@ATL,0.265993265993266,0,2024-04-27,0.4017793819284633
2024-04-28_STL@NYM,0.4253521126760563,0,2024-04-28,0.4570595134748723
2024-04-28_OAK@BAL,0.3881656804733728,0,2024-04-28,0.4322328697289486
2024-04-28_KC@DET,0.45825049701789267,1,2024-04-28,0.47655458610895296
2024-04-28_AZ@SEA,0.5331491712707183,1,2024-04-28,0.4996870334457988
2024-04-28_MIN@LAA,0.4253521126760563,0,2024-04-28,0.4621326864092108
2024-04-28_CIN@TEX,0.4253521126760563,1,2024-04-28,0.44321189386280335
2024-04-28_LAD@TOR,0.5511811023622046,0,2024-04-28,0.5259154267490278
2024-04-28_CLE@ATL,0.7407407407407407,0,2024-04-28,0.6604854944231062
2024-04-28_WSH@MIA,0.5369261477045908,1,2024-04-28,0.5064162639576557
2024-04-28_PHI@SD,0.7407407407407407,0,2024-04-28,0.6701645940916925
2024-04-28_CHC@BOS,0.4253521126760563,1,2024-04-28,0.4651909268338861
2024-04-28_TB@CWS,0.45825049701789267,0,2024-04-28,0.47957157327891553
2024-04-28_NYY@MIL,0.6827586206896552,1,2024-04-28,0.5697977480986594
2024-04-28_HOU@COL,0.7407407407407407,1,2024-04-28,0.6399118852213368
2024-04-28_PIT@SF,0.6211656441717791,0,2024-04-28,0.5311502670174433
2024-04-29_ATL@SEA,0.30434782608695654,0,2024-04-29,0.42015592078854347
2024-04-29_KC@TOR,0.4253521126760563,1,2024-04-29,0.4619188187943791
2024-04-29_PIT@OAK,0.4253521126760563,1,2024-04-29,0.4662996028575338
2024-04-29_MIN@CWS,0.45825049701789267,1,2024-04-29,0.4788024575853458
2024-04-29_CIN@SD,0.4253521126760563,1,2024-04-29,0.4660015137145762
2024-04-29_CHC@NYM,0.4822834645669291,1,2024-04-29,0.4882294225862621
2024-04-29_WSH@MIA,0.268041237113402,0,2024-04-29,0.41279023498136325
2024-04-29_TB@MIL,0.9090909090909091,1,2024-04-29,0.7254312923900288
2024-04-29_LAD@AZ,0.5331491712707183,1,2024-04-29,0.5011721144356718
2024-04-29_PHI@LAA,0.5331491712707183,1,2024-04-29,0.5024973105933671
2024-04-29_NYY@BAL,0.45825049701789267,1,2024-04-29,0.47815972812717933
2024-04-30_COL@MIA,0.5369261477045908,1,2024-04-30,0.5050992895564492
2024-04-30_MIN@CWS,0.5331491712707183,0,2024-04-30,0.5023292762626623
2024-04-30_CIN@SD,0.5511811023622046,0,2024-04-30,0.5192747828359215
2024-04-30_TB@MIL,0.5369261477045908,1,2024-04-30,0.508827194088786
2024-04-30_PHI@LAA,0.6827586206896552,0,2024-04-30,0.5739809680405995
2024-04-30_SF@BOS,0.3881656804733728,1,2024-04-30,0.42938431648883923
2024-04-30_CLE@HOU,0.3881656804733728,1,2024-04-30,0.43025982709758803
2024-04-30_PIT@OAK,0.4253521126760563,1,2024-04-30,0.4476429405095679
2024-04-30_ATL@SEA,0.6827586206896552,0,2024-04-30,0.5930595636298879
2024-04-30_KC@TOR,0.268041237113402,0,2024-04-30,0.4090220224667481
2024-04-30_CHC@NYM,0.45825049701789267,1,2024-04-30,0.479475983970447
2024-04-30_NYY@BAL,0.265993265993266,0,2024-04-30,0.3989502217101033
2024-04-30_STL@DET,0.5511811023622046,1,2024-04-30,0.5174846621518664
2024-04-30_WSH@TEX,0.4253521126760563,1,2024-04-30,0.4409485117143169
2024-04-30_STL@DET,0.4253521126760563,0,2024-04-30,0.45889598709644186
2024-04-30_LAD@AZ,0.4253521126760563,0,2024-04-30,0.46252899338096465
2024-05-01_CLE@HOU,0.1888111888111888,0,2024-05-01,0.3895977888156654
2024-05-01_COL@MIA,0.6211656441717791,0,2024-05-01,0.5522322658064263
2024-05-01_STL@DET,0.5511811023622046,0,2024-05-01,0.5234318089833649
2024-05-01_CIN@SD,0.5511811023622046,1,2024-05-01,0.5262704309239297
2024-05-01_MIN@CWS,0.5511811023622046,1,2024-05-01,0.5279907191261073
2024-05-01_LAD@AZ,0.5331491712707183,0,2024-05-01,0.49841446229655006
2024-05-01_TB@MIL,0.4253521126760563,0,2024-05-01,0.44062403866755484
2024-05-01_SF@BOS,0.5511811023622046,0,2024-05-01,0.5280212203973949
2024-05-01_CHC@NYM,0.30394588040497983,0,2024-05-01,0.41694196185547794
2024-05-01_PIT@OAK,0.3466666666666667,0,2024-05-01,0.42305017716360394
2024-05-01_PHI@LAA,0.5331491712707183,0,2024-05-01,0.4978593328540396
2024-05-01_KC@TOR,0.4253521126760563,0,2024-05-01,0.4587502553430587
2024-05-01_WSH@TEX,0.45825049701789267,0,2024-05-01,0.48135302410193304
2024-05-01_NYY@BAL,0.4253521126760563,0,2024-05-01,0.4547587944370791
2024-05-01_ATL@SEA,0.6211656441717791,0,2024-05-01,0.5399226804602699
2024-05-02_CHC@NYM,0.47619047619047616,0,2024-05-02,0.48462939105185854
2024-05-02_NYY@BAL,0.4253521126760563,0,2024-05-02,0.4491852707808305
2024-05-02_WSH@TEX,0.45825049701789267,0,2024-05-02,0.47216987916121
2024-05-02_SF@BOS,0.45825049701789267,0,2024-05-02,0.472399776150766
2024-05-02_COL@MIA,0.4253521126760563,1,2024-05-02,0.44319770770151556
2024-05-02_CLE@HOU,0.4253521126760563,0,2024-05-02,0.45225504359652213
2024-05-03_MIL@CHC,0.7407407407407407,0,2024-05-03,0.6232904962148174
2024-05-03_COL@PIT,0.5331491712707183,0,2024-05-03,0.49720477429506194
2024-05-03_SD@AZ,0.49743589743589745,0,2024-05-03,0.4965607327222612
2024-05-03_SF@PHI,0.6827586206896552,0,2024-05-03,0.56745385235348
2024-05-03_TOR@WSH,0.4822834645669291,0,2024-05-03,0.48517048523751727
2024-05-03_LAA@CLE,0.3881656804733728,0,2024-05-03,0.43176056239957805
2024-05-03_MIA@OAK,0.4822834645669291,0,2024-05-03,0.48501417882346487
2024-05-03_ATL@LAD,0.6827586206896552,1,2024-05-03,0.5738703393105972
2024-05-03_DET@NYY,0.6211656441717791,0,2024-05-03,0.5313491091487834
2024-05-03_NYM@TB,0.4253521126760563,0,2024-05-03,0.4648125064899079
2024-05-03_TEX@KC,0.265993265993266,0,2024-05-03,0.40240541308243427
2024-05-03_SEA@HOU,0.45825049701789267,0,2024-05-03,0.4704521992542654
2024-05-03_BOS@MIN,0.4253521126760563,0,2024-05-03,0.4417103081036613
2024-05-03_BAL@CIN,0.4253521126760563,0,2024-05-03,0.4580447750773575
2024-05-03_CWS@STL,0.45825049701789267,1,2024-05-03,0.47590346059273614
2024-05-04_TOR@WSH,0.6827586206896552,1,2024-05-04,0.5893866193952803
2024-05-04_COL@PIT,0.45825049701789267,0,2024-05-04,0.48041192757086437
2024-05-04_BAL@CIN,0.4822834645669291,0,2024-05-04,0.4925854791717045
2024-05-04_BOS@MIN,0.4822834645669291,1,2024-05-04,0.489265335224066
2024-05-04_DET@NYY,0.5511811023622046,1,2024-05-04,0.5247546372932073
2024-05-04_SEA@HOU,0.5511811023622046,0,2024-05-04,0.515886282242122
2024-05-04_TEX@KC,0.6211656441717791,1,2024-05-04,0.5302359829632655
2024-05-04_NYM@TB,0.7157894736842105,1,2024-05-04,0.602835726680775
2024-05-04_SD@AZ,0.4822834645669291,1,2024-05-04,0.488023577716146
2024-05-04_CWS@STL,0.6827586206896552,1,2024-05-04,0.6026237984981645
2024-05-04_SF@PHI,0.6827586206896552,1,2024-05-04,0.5841522439716662
2024-05-04_ATL@LAD,0.4253521126760563,0,2024-05-04,0.4645860227124984
2024-05-04_MIA@OAK,0.3881656804733728,0,2024-05-04,0.4334331972004316
2024-05-04_LAA@CLE,0.45825049701789267,0,2024-05-04,0.4843817505252349
2024-05-04_MIL@CHC,0.6553191489361702,1,2024-05-04,0.5543533688075943
2024-05-05_SD@AZ,0.4822834645669291,1,2024-05-05,0.49099666901538463
2024-05-05_BOS@MIN,0.3881656804733728,0,2024-05-05,0.43454866738746656
2024-05-05_COL@PIT,0.265993265993266,0,2024-05-05,0.39224470485249474
2024-05-05_SEA@HOU,0.6553191489361702,0,2024-05-05,0.5629980378780494
2024-05-05_TEX@KC,0.4822834645669291,1,2024-05-05,0.49174209335892605
2024-05-05_CWS@STL,0.4253521126760563,0,2024-05-05,0.44560749549935663
2024-05-05_MIA@OAK,0.5369261477045908,1,2024-05-05,0.507131438198178
2024-05-05_MIL@CHC,0.45825049701789267,0,2024-05-05,0.48211658381289224
2024-05-05_BAL@CIN,0.4253521126760563,1,2024-05-05,0.4583574454057552
2024-05-05_LAA@CLE,0.4253521126760563,0,2024-05-05,0.46816664382870943
2024-05-05_SF@PHI,0.4253521126760563,1,2024-05-05,0.4409197817076608
2024-05-05_ATL@LAD,0.7407407407407407,1,2024-05-05,0.6564462288055276
2024-05-05_DET@NYY,0.4253521126760563,1,2024-05-05,0.4648870980085795
2024-05-05_NYM@TB,0.5369261477045908,1,2024-05-05,0.5061321611236826
2024-05-05_TOR@WSH,0.45825049701789267,1,2024-05-05,0.4753272660521404
2024-05-06_MIA@LAD,0.7407407407407407,1,2024-05-06,0.6444386842012853
2024-05-06_CWS@TB,0.4822834645669291,0,2024-05-06,0.48618105121536725
2024-05-06_MIL@KC,0.7157894736842105,0,2024-05-06,0.6117881925874289
2024-05-06_SD@CHC,0.5511811023622046,0,2024-05-06,0.523749529124564
2024-05-06_NYM@STL,0.3881656804733728,1,2024-05-06,0.434026735575337
2024-05-06_SF@PHI,0.5511811023622046,0,2024-05-06,0.5196624251443983
2024-05-06_SEA@MIN,0.268041237113402,0,2024-05-06,0.41150549021178784
2024-05-06_TEX@OAK,0.5369261477045908,0,2024-05-06,0.5061954506397686
2024-05-06_LAA@PIT,0.3881656804733728,0,2024-05-06,0.42402938125046696
2024-05-06_DET@CLE,0.45825049701789267,1,2024-05-06,0.47286456653282427
2024-05-07_BAL@WSH,0.6211656441717791,0,2024-05-07,0.5379493132605309
2024-05-07_AZ@CIN,0.5369261477045908,0,2024-05-07,0.5077475014993234
2024-05-07_SF@COL,0.3881656804733728,0,2024-05-07,0.43938875429408897
2024-05-07_CWS@TB,0.45825049701789267,0,2024-05-07,0.46923683621158074
2024-05-07_SD@CHC,0.3881656804733728,0,2024-05-07,0.43729983384097026
2024-05-07_NYM@STL,0.6827586206896552,1,2024-05-07,0.5670037693088322
2024-05-07_MIA@LAD,0.6553191489361702,1,2024-05-07,0.5623804410731008
2024-05-07_TEX@OAK,0.4822834645669291,1,2024-05-07,0.49174264800285017
2024-05-07_MIL@KC,0.7407407407407407,0,2024-05-07,0.6219218235746289
2024-05-07_DET@CLE,0.4822834645669291,1,2024-05-07,0.49299170932948944
2024-05-07_SEA@MIN,0.5511811023622046,0,2024-05-07,0.5162131084891839
2024-05-07_HOU@NYY,0.6553191489361702,1,2024-05-07,0.5589566157379475
2024-05-07_BOS@ATL,0.45825049701789267,0,2024-05-07,0.46926747753168874
2024-05-07_TOR@PHI,0.5331491712707183,1,2024-05-07,0.5000262651521075
2024-05-07_LAA@PIT,0.4253521126760563,0,2024-05-07,0.4615006065007874
2024-05-08_HOU@NYY,0.7407407407407407,1,2024-05-08,0.6760432053703653
2024-05-08_MIA@LAD,0.7407407407407407,1,2024-05-08,0.63087356551406
2024-05-08_DET@CLE,0.3881656804733728,0,2024-05-08,0.42350114535528505
2024-05-08_SEA@MIN,0.5331491712707183,1,2024-05-08,0.4969926861923565
2024-05-08_AZ@CIN,0.3881656804733728,0,2024-05-08,0.4249257586909714
2024-05-08_TEX@OAK,0.47619047619047616,0,2024-05-08,0.4846402272426972
2024-05-08_LAA@PIT,0.4253521126760563,0,2024-05-08,0.4581493007819851
2024-05-08_TEX@OAK,0.5369261477045908,1,2024-05-08,0.5064431610868748
2024-05-08_BOS@ATL,0.8,1,2024-05-08,0.7203440914064474
2024-05-08_TOR@PHI,0.268041237113402,0,2024-05-08,0.4100905963421343
2024-05-08_SF@COL,0.4253521126760563,0,2024-05-08,0.4587818063187805
2024-05-08_MIL@KC,0.6211656441717791,1,2024-05-08,0.5446087477324826
2024-05-08_SD@CHC,0.4253521126760563,1,2024-05-08,0.4576597596729438
2024-05-08_CWS@TB,0.3881656804733728,0,2024-05-08,0.4315318127125958
2024-05-08_BAL@WSH,0.4253521126760563,0,2024-05-08,0.4626921662586395
2024-05-09_KC@LAA,0.29896907216494845,0,2024-05-09,0.4164938749006406
2024-05-09_STL@MIL,0.6211656441717791,1,2024-05-09,0.5378943136437528
2024-05-09_SF@COL,0.4822834645669291,0,2024-05-09,0.4867086456829245
2024-05-09_SEA@MIN,0.5331491712707183,1,2024-05-09,0.4979755434451387
2024-05-09_AZ@CIN,0.4253521126760563,1,2024-05-09,0.462036403653705
2024-05-09_HOU@NYY,0.6827586206896552,1,2024-05-09,0.5871979059433006
2024-05-09_CLE@CWS,0.7157894736842105,1,2024-05-09,0.6129237496911277
2024-05-10_LAD@SD,0.3881656804733728,0,2024-05-10,0.4245554768252938
2024-05-10_CHC@PIT,0.5511811023622046,1,2024-05-10,0.519460495592458
2024-05-10_AZ@BAL,0.268041237113402,0,2024-05-10,0.4086796844049355
2024-05-10_NYY@TB,0.5331491712707183,0,2024-05-10,0.4995543516387838
2024-05-10_OAK@SEA,0.3881656804733728,0,2024-05-10,0.4295947180266706
2024-05-10_WSH@BOS,0.7407407407407407,0,2024-05-10,0.6486737237280659
2024-05-10_KC@LAA,0.45825049701789267,0,2024-05-10,0.47749667189979494
2024-05-10_STL@MIL,0.4253521126760563,0,2024-05-10,0.4600670221224413
2024-05-10_CLE@CWS,0.4253521126760563,0,2024-05-10,0.4500301800553119
2024-05-10_ATL@NYM,0.4253521126760563,0,2024-05-10,0.4609004239916089
2024-05-10_MIN@TOR,0.45825049701789267,1,2024-05-10,0.4703470400900174
2024-05-10_TEX@COL,0.7407407407407407,0,2024-05-10,0.6516600533474914
2024-05-10_HOU@DET,0.5369261477045908,0,2024-05-10,0.5097484568110642
2024-05-10_CIN@SF,0.4253521126760563,1,2024-05-10,0.45515256632348766
2024-05-10_PHI@MIA,0.4253521126760563,0,2024-05-10,0.4516817272554374
2024-05-11_STL@MIL,0.6211656441717791,0,2024-05-11,0.5339240090466242
2024-05-11_LAD@SD,0.5511811023622046,1,2024-05-11,0.5182566579550945
2024-05-11_KC@LAA,0.4253521126760563,1,2024-05-11,0.464547547669097
2024-05-11_CHC@PIT,0.5369261477045908,0,2024-05-11,0.5070846002384177
2024-05-11_AZ@BAL,0.3881656804733728,0,2024-05-11,0.431137034497193
2024-05-11_CLE@CWS,0.8,0,2024-05-11,0.7223408072505736
2024-05-11_HOU@DET,0.45825049701789267,0,2024-05-11,0.4783969600184097
2024-05-11_OAK@SEA,0.45825049701789267,0,2024-05-11,0.4815519555532096
2024-05-11_MIN@TOR,0.49743589743589745,1,2024-05-11,0.49466722076605907
2024-05-11_WSH@BOS,0.4253521126760563,0,2024-05-11,0.4538860464649227
2024-05-11_ATL@NYM,0.4822834645669291,0,2024-05-11,0.4863670642185618
2024-05-11_PHI@MIA,0.5511811023622046,0,2024-05-11,0.5119132823551087
2024-05-11_TEX@COL,0.5369261477045908,0,2024-05-11,0.5070206244146582
2024-05-11_NYY@TB,0.5511811023622046,1,2024-05-11,0.5205680771475145
2024-05-11_CIN@SF,0.45825049701789267,1,2024-05-11,0.4795781335513396
2024-05-12_CHC@PIT,0.3881656804733728,1,2024-05-12,0.4257973299945771
2024-05-12_LAD@SD,0.6211656441717791,1,2024-05-12,0.5491562903187588
2024-05-12_MIN@TOR,0.45825049701789267,0,2024-05-12,0.4826728929982661
2024-05-12_CLE@CWS,0.45825049701789267,0,2024-05-12,0.4744746938586948
2024-05-12_WSH@BOS,0.4253521126760563,0,2024-05-12,0.4575128945986935
2024-05-12_OAK@SEA,0.6211656441717791,1,2024-05-12,0.5378245196100493
2024-05-12_HOU@DET,0.4822834645669291,0,2024-05-12,0.48563138513891935
2024-05-12_KC@LAA,0.4253521126760563,0,2024-05-12,0.46257357782888475
2024-05-12_NYY@TB,0.6827586206896552,1,2024-05-12,0.5785341669842652
2024-05-12_ATL@NYM,0.5369261477045908,0,2024-05-12,0.5076941507528823
2024-05-12_TEX@COL,0.7407407407407407,1,2024-05-12,0.6585118695810992
2024-05-12_AZ@BAL,0.1888111888111888,0,2024-05-12,0.3883279259660761
2024-05-12_PHI@MIA,0.4253521126760563,1,2024-05-12,0.4614826665532491
2024-05-12_CIN@SF,0.7407407407407407,1,2024-05-12,0.6258332691975027
2024-05-12_STL@MIL,0.45825049701789267,1,2024-05-12,0.47421887387067996
2024-05-13_TOR@BAL,0.5369261477045908,0,2024-05-13,0.5035522360436512
2024-05-13_STL@LAA,0.45825049701789267,0,2024-05-13,0.47460536496758543
2024-05-13_COL@SD,0.6553191489361702,0,2024-05-13,0.55426955529854
2024-05-13_PIT@MIL,0.4253521126760563,1,2024-05-13,0.4654115006531172
2024-05-13_OAK@HOU,0.5511811023622046,0,2024-05-13,0.5185883732089098
2024-05-13_TB@BOS,0.4253521126760563,1,2024-05-13,0.44540673774793116
2024-05-13_CHC@ATL,0.5511811023622046,0,2024-05-13,0.5199760399402983
2024-05-13_CLE@TEX,0.4253521126760563,0,2024-05-13,0.44062443433729837
2024-05-13_CIN@AZ,0.49743589743589745,0,2024-05-13,0.4946008265300986
2024-05-13_PHI@NYM,0.1888111888111888,0,2024-05-13,0.3835579482219068
2024-05-13_MIA@DET,0.4253521126760563,0,2024-05-13,0.4452747852500387
2024-05-13_KC@SEA,0.3881656804733728,0,2024-05-13,0.42971242533506837
2024-05-13_LAD@SF,0.5511811023622046,1,2024-05-13,0.5106208321124956
2024-05-14_TB@BOS,0.4253521126760563,1,2024-05-14,0.4483032957527463
2024-05-14_CIN@AZ,0.3881656804733728,0,2024-05-14,0.43748554433874043
2024-05-14_OAK@HOU,0.6211656441717791,0,2024-05-14,0.5360653080203784
2024-05-14_LAD@SF,0.6211656441717791,0,2024-05-14,0.549139776605854
2024-05-14_NYY@MIN,0.45825049701789267,1,2024-05-14,0.4776353422623023
2024-05-14_CHC@ATL,0.7407407407407407,1,2024-05-14,0.6148262188005612
2024-05-14_KC@SEA,0.1888111888111888,0,2024-05-14,0.37881423496870803
2024-05-14_PHI@NYM,0.45825049701789267,0,2024-05-14,0.4783306728510883
2024-05-14_PIT@MIL,0.6827586206896552,0,2024-05-14,0.5675038523259563
2024-05-14_CLE@TEX,0.4253521126760563,0,2024-05-14,0.46806067454673206
2024-05-14_WSH@CWS,0.45825049701789267,0,2024-05-14,0.48399695003747956
2024-05-14_STL@LAA,0.6553191489361702,0,2024-05-14,0.5598043751105848
2024-05-14_COL@SD,0.5511811023622046,0,2024-05-14,0.5227380626033814
2024-05-14_WSH@CWS,0.3881656804733728,0,2024-05-14,0.4283371793192401
2024-05-14_MIA@DET,0.265993265993266,0,2024-05-14,0.40372276339126434
2024-05-15_CHC@ATL,0.4822834645669291,1,2024-05-15,0.4882999642716238
2024-05-15_CIN@AZ,0.268041237113402,0,2024-05-15,0.40766235859063005
2024-05-15_MIA@DET,0.4822834645669291,1,2024-05-15,0.48722767882544693
2024-05-15_CLE@TEX,0.6211656441717791,0,2024-05-15,0.5390396099392845
2024-05-15_NYM@PHI,0.6827586206896552,1,2024-05-15,0.5936858092455314
2024-05-15_NYY@MIN,0.6827586206896552,1,2024-05-15,0.5968509187950494
2024-05-15_LAD@SF,0.4822834645669291,0,2024-05-15,0.49339441085555635
2024-05-15_TOR@BAL,0.6211656441717791,1,2024-05-15,0.5299323768735786
2024-05-15_KC@SEA,0.29896907216494845,0,2024-05-15,0.4154862198119528
2024-05-15_TB@BOS,0.3881656804733728,1,2024-05-15,0.4399155189763946
2024-05-15_WSH@CWS,0.3881656804733728,0,2024-05-15,0.434530523241079
2024-05-15_COL@SD,0.6211656441717791,0,2024-05-15,0.547010387759845
2024-05-15_OAK@HOU,0.5331491712707183,1,2024-05-15,0.4975391764298793
2024-05-15_STL@LAA,0.6553191489361702,1,2024-05-15,0.5568257891894652
2024-05-15_PIT@MIL,0.4253521126760563,0,2024-05-15,0.4674431124402383
2024-05-16_TB@BOS,0.3881656804733728,0,2024-05-16,0.43020088431017955
2024-05-16_OAK@HOU,0.4253521126760563,0,2024-05-16,0.46644424464560574
2024-05-16_NYY@MIN,0.45825049701789267,1,2024-05-16,0.4713507366309806
2024-05-16_CIN@LAD,0.45825049701789267,1,2024-05-16,0.4766601313121396
2024-05-16_NYM@PHI,0.4822834645669291,1,2024-05-16,0.49215588508957386
2024-05-16_PIT@CHC,0.6827586206896552,1,2024-05-16,0.5742201125091078
2024-05-17_SEA@BAL,0.4253521126760563,1,2024-05-17,0.46770208673515234
2024-05-17_BOS@STL,0.3881656804733728,1,2024-05-17,0.43434576272135206
2024-05-17_NYM@MIA,0.4822834645669291,0,2024-05-17,0.4929114984826165
2024-05-17_MIN@CLE,0.3881656804733728,0,2024-05-17,0.4319804960242184
2024-05-17_OAK@KC,0.4253521126760563,1,2024-05-17,0.4591186241247728
2024-05-17_PIT@CHC,0.265993265993266,0,2024-05-17,0.4006146811833231
2024-05-17_TB@TOR,0.4253521126760563,0,2024-05-17,0.44610756635459115
2024-05-17_WSH@PHI,0.5511811023622046,1,2024-05-17,0.5117546556084238
2024-05-17_MIL@HOU,0.5511811023622046,0,2024-05-17,0.5165237604217252
2024-05-17_CWS@NYY,0.5511811023622046,1,2024-05-17,0.5184478348349078
2024-05-17_COL@SF,0.7407407407407407,1,2024-05-17,0.6294441132056162
2024-05-17_CIN@LAD,0.7157894736842105,1,2024-05-17,0.6051869297365948
2024-05-17_LAA@TEX,0.4253521126760563,0,2024-05-17,0.4531793407079626
2024-05-17_SD@ATL,0.7407407407407407,1,2024-05-17,0.6790913620310582
2024-05-17_DET@AZ,0.4253521126760563,0,2024-05-17,0.4663360801279788
2024-05-18_CWS@NYY,0.6553191489361702,1,2024-05-18,0.561304184861676
2024-05-18_MIN@CLE,0.4822834645669291,1,2024-05-18,0.4886041568766786
2024-05-18_NYM@MIA,0.4253521126760563,1,2024-05-18,0.4504192130991884
2024-05-18_MIL@HOU,0.3881656804733728,0,2024-05-18,0.430629751839145
2024-05-18_SEA@BAL,0.07692307692307693,0,2024-05-18,0.3594806281130437
2024-05-18_TB@TOR,0.4253521126760563,0,2024-05-18,0.4434277894458265
2024-05-18_LAA@TEX,0.4253521126760563,0,2024-05-18,0.4646607107084223
2024-05-18_OAK@KC,0.6827586206896552,1,2024-05-18,0.600371542573151
2024-05-18_BOS@STL,0.45825049701789267,0,2024-05-18,0.47712807667096135
2024-05-18_WSH@PHI,0.7157894736842105,1,2024-05-18,0.6109327910834245
2024-05-18_DET@AZ,0.3881656804733728,0,2024-05-18,0.4301056503089964
2024-05-18_CIN@LAD,0.4253521126760563,0,2024-05-18,0.44670332930351553
2024-05-18_PIT@CHC,0.1888111888111888,0,2024-05-18,0.3781463399801821
2024-05-18_COL@SF,0.265993265993266,1,2024-05-18,0.3979026638290122
2024-05-19_BOS@STL,0.45825049701789267,1,2024-05-19,0.47928119169405903
2024-05-19_WSH@PHI,0.1888111888111888,0,2024-05-19,0.3857772336805424
2024-05-19_SD@ATL,0.6553191489361702,1,2024-05-19,0.5560172048381626
2024-05-19_DET@AZ,0.4822834645669291,1,2024-05-19,0.48848022356255727
2024-05-19_COL@SF,0.4822834645669291,1,2024-05-19,0.48783850857383737
2024-05-19_NYM@MIA,0.4253521126760563,1,2024-05-19,0.45592082052615024
2024-05-19_MIN@CLE,0.3881656804733728,1,2024-05-19,0.4264957763539601
2024-05-19_CIN@LAD,0.30434782608695654,0,2024-05-19,0.41896160181312936
2024-05-19_CWS@NYY,0.4822834645669291,0,2024-05-19,0.48979265005030115
2024-05-19_TB@TOR,0.3881656804733728,0,2024-05-19,0.4357260474438952
2024-05-19_SEA@BAL,0.5369261477045908,1,2024-05-19,0.5098307381392164
2024-05-19_LAA@TEX,0.4253521126760563,0,2024-05-19,0.44103571621691806
2024-05-19_OAK@KC,0.4253521126760563,1,2024-05-19,0.45858510140074493
2024-05-19_PIT@CHC,0.45825049701789267,0,2024-05-19,0.4807707048240373
2024-05-19_MIL@HOU,0.6827586206896552,1,2024-05-19,0.5745403317851348
2024-05-20_DET@KC,0.3881656804733728,0,2024-05-20,0.43500783514780805
2024-05-20_AZ@LAD,0.5369261477045908,0,2024-05-20,0.5062569589372747
2024-05-20_NYM@CLE,0.4822834645669291,1,2024-05-20,0.4882861293691795
2024-05-20_MIL@MIA,0.4253521126760563,0,2024-05-20,0.44459820149117657
2024-05-20_SEA@NYY,0.5511811023622046,1,2024-05-20,0.5133335229546439
2024-05-20_LAA@HOU,0.6211656441717791,1,2024-05-20,0.5414584148708066
2024-05-20_BAL@STL,0.268041237113402,0,2024-05-20,0.4113343261229563
2024-05-20_MIN@WSH,0.1888111888111888,0,2024-05-20,0.3853462900630442
2024-05-20_SD@ATL,0.5511811023622046,1,2024-05-20,0.5119373548730286
2024-05-20_CWS@TOR,0.3881656804733728,0,2024-05-20,0.42845304257478034
2024-05-20_BOS@TB,0.265993265993266,0,2024-05-20,0.4059721714646598
2024-05-20_SD@ATL,0.7727272727272727,1,2024-05-20,0.7072743317006321
2024-05-21_MIN@WSH,0.4253521126760563,0,2024-05-21,0.44121365032457416
2024-05-21_TEX@PHI,0.6827586206896552,0,2024-05-21,0.5957745850145093
2024-05-21_ATL@CHC,0.5369261477045908,0,2024-05-21,0.5071865567581586
2024-05-21_BOS@TB,0.45825049701789267,1,2024-05-21,0.47602468343333104
2024-05-21_SD@CIN,0.3881656804733728,0,2024-05-21,0.4312536049508945
2024-05-21_LAA@HOU,0.7407407407407407,1,2024-05-21,0.6918330062330763
2024-05-21_AZ@LAD,0.4253521126760563,0,2024-05-21,0.44840035603328154
2024-05-21_BAL@STL,0.3881656804733728,0,2024-05-21,0.4302609207528484
2024-05-21_CWS@TOR,0.4253521126760563,0,2024-05-21,0.4682394028746548
2024-05-21_COL@OAK,0.3881656804733728,1,2024-05-21,0.4314802240824305
2024-05-21_MIL@MIA,0.4253521126760563,1,2024-05-21,0.4440879764249065
2024-05-21_SEA@NYY,0.3881656804733728,0,2024-05-21,0.43836671802181915
2024-05-21_DET@KC,0.5511811023622046,1,2024-05-21,0.5255048796513435
2024-05-21_SF@PIT,0.6211656441717791,1,2024-05-21,0.5432203016691874
2024-05-21_NYM@CLE,0.4253521126760563,0,2024-05-21,0.45433780477212793
2024-05-22_MIN@WSH,0.3881656804733728,0,2024-05-22,0.42517472486331576
2024-05-22_LAA@HOU,0.6211656441717791,0,2024-05-22,0.5470620762186467
2024-05-22_AZ@LAD,0.5331491712707183,0,2024-05-22,0.49719617706671393
2024-05-22_COL@OAK,0.4253521126760563,1,2024-05-22,0.45700238726526876
2024-05-22_CWS@TOR,0.6211656441717791,0,2024-05-22,0.5352739664878451
2024-05-22_TEX@PHI,0.4822834645669291,1,2024-05-22,0.48717009248295895
2024-05-22_SD@CIN,0.3881656804733728,1,2024-05-22,0.42628481030860665
2024-05-22_BOS@TB,0.5331491712707183,0,2024-05-22,0.5021663269428035
2024-05-22_SEA@NYY,0.7407407407407407,1,2024-05-22,0.6523845467817855
2024-05-22_ATL@CHC,0.30434782608695654,0,2024-05-22,0.4186374328655986
2024-05-22_DET@KC,0.4253521126760563,0,2024-05-22,0.4457039725495193
2024-05-22_NYM@CLE,0.6211656441717791,1,2024-05-22,0.5390642047958967
2024-05-22_SF@PIT,0.3881656804733728,0,2024-05-22,0.43097301770121543
2024-05-22_BAL@STL,0.3881656804733728,0,2024-05-22,0.43189634943415445
2024-05-22_MIL@MIA,0.5511811023622046,1,2024-05-22,0.5243317968454348
2024-05-23_BAL@CWS,0.7407407407407407,1,2024-05-23,0.6546413194940992
2024-05-23_SEA@NYY,0.5511811023622046,0,2024-05-23,0.5148093763617684
2024-05-23_ATL@CHC,0.7727272727272727,0,2024-05-23,0.7099809471115259
2024-05-23_SD@CIN,0.45825049701789267,1,2024-05-23,0.4713809269925331
2024-05-23_COL@OAK,0.4253521126760563,1,2024-05-23,0.44645438451467256
2024-05-23_TEX@PHI,0.5369261477045908,0,2024-05-23,0.5085665431995061
2024-05-23_SF@PIT,0.4253521126760563,1,2024-05-23,0.44626199618086204
2024-05-23_TOR@DET,0.45825049701789267,0,2024-05-23,0.472868743952646
2024-05-24_SEA@WSH,0.4253521126760563,1,2024-05-24,0.4617198601189568
2024-05-24_TEX@MIN,0.5331491712707183,1,2024-05-24,0.5019093905341363
2024-05-24_CLE@LAA,0.4822834645669291,1,2024-05-24,0.4874314026708494
2024-05-24_LAD@CIN,0.5511811023622046,1,2024-05-24,0.5159836978050802
2024-05-24_NYY@SD,0.5331491712707183,1,2024-05-24,0.5002816822835083
2024-05-24_ATL@PIT,0.49743589743589745,1,2024-05-24,0.4963120460529806
2024-05-24_KC@TB,0.268041237113402,1,2024-05-24,0.4115827946126238
2024-05-24_TOR@DET,0.5511811023622046,0,2024-05-24,0.5179514195622387
2024-05-24_BAL@CWS,0.4253521126760563,0,2024-05-24,0.4599483967571787
2024-05-24_HOU@OAK,0.3466666666666667,1,2024-05-24,0.4228197214174646
2024-05-24_SF@NYM,0.3881656804733728,1,2024-05-24,0.43818931512469783
2024-05-24_MIA@AZ,0.45825049701789267,0,2024-05-24,0.4742031786209906
2024-05-24_MIL@BOS,0.5511811023622046,0,2024-05-24,0.5125945058616863
2024-05-24_PHI@COL,0.45825049701789267,0,2024-05-24,0.47300270231683295
2024-05-25_SF@NYM,0.4822834645669291,0,2024-05-25,0.4919756767100054
2024-05-25_TOR@DET,0.45825049701789267,1,2024-05-25,0.4800729390450853
2024-05-25_MIL@BOS,0.4253521126760563,0,2024-05-25,0.4668525402117305
2024-05-25_BAL@CWS,0.29896907216494845,0,2024-05-25,0.4159888686544836
2024-05-25_MIA@AZ,0.4822834645669291,1,2024-05-25,0.4852955498755619
2024-05-25_CLE@LAA,0.4253521126760563,0,2024-05-25,0.4501670774179368
2024-05-25_NYY@SD,0.6211656441717791,1,2024-05-25,0.5314126891535242
2024-05-25_SEA@WSH,0.4253521126760563,0,2024-05-25,0.4478273856907785
2024-05-25_TEX@MIN,0.6827586206896552,1,2024-05-25,0.5744866160968165
2024-05-25_PHI@COL,0.6211656441717791,1,2024-05-25,0.5358720314937073
2024-05-25_LAD@CIN,0.5369261477045908,1,2024-05-25,0.5033670533262331
2024-05-25_ATL@PIT,0.5511811023622046,0,2024-05-25,0.5222923250807782
2024-05-25_CHC@STL,0.4253521126760563,0,2024-05-25,0.4491297097590179
2024-05-25_KC@TB,0.4253521126760563,0,2024-05-25,0.4407569154021652
2024-05-25_HOU@OAK,0.3881656804733728,1,2024-05-25,0.44009873113931686
2024-05-26_LAD@CIN,0.49743589743589745,0,2024-05-26,0.4939757687839872
2024-05-26_CHC@STL,0.45825049701789267,0,2024-05-26,0.48121373958018865
2024-05-26_SEA@WSH,0.268041237113402,0,2024-05-26,0.4103159094219867
2024-05-26_CLE@LAA,0.7157894736842105,0,2024-05-26,0.6073433063612147
2024-05-26_ATL@PIT,0.6211656441717791,0,2024-05-26,0.5312996493818735
2024-05-26_PHI@COL,0.6827586206896552,1,2024-05-26,0.5746498458214596
2024-05-26_NYY@SD,0.4822834645669291,0,2024-05-26,0.4902079743433403
2024-05-26_BAL@CWS,0.30434782608695654,0,2024-05-26,0.4178484851007356
2024-05-26_MIL@BOS,0.4822834645669291,0,2024-05-26,0.4930785643526141
2024-05-26_KC@TB,0.265993265993266,0,2024-05-26,0.3984666352928059
2024-05-26_SF@NYM,0.3881656804733728,0,2024-05-26,0.42713100716408114
2024-05-26_HOU@OAK,0.265993265993266,0,2024-05-26,0.40635839900955895
2024-05-26_MIA@AZ,0.45825049701789267,0,2024-05-26,0.4726258119338801
2024-05-26_TOR@DET,0.4253521126760563,0,2024-05-26,0.46671614467450107
2024-05-26_TEX@MIN,0.5511811023622046,0,2024-05-26,0.5208328696631295
2024-05-27_CHC@MIL,0.4253521126760563,0,2024-05-27,0.46233895773634637
2024-05-27_STL@CIN,0.5369261477045908,1,2024-05-27,0.5043447349838002
2024-05-27_WSH@ATL,0.5331491712707183,1,2024-05-27,0.5008049682923335
2024-05-27_PHI@SF,0.45825049701789267,0,2024-05-27,0.48008017537104186
2024-05-27_MIA@SD,0.4253521126760563,0,2024-05-27,0.45521112674682107
2024-05-27_HOU@SEA,0.5331491712707183,1,2024-05-27,0.4980940550935715
2024-05-27_BOS@BAL,0.265993265993266,0,2024-05-27,0.4002024202843386
2024-05-27_KC@MIN,0.3881656804733728,0,2024-05-27,0.4391068168728349
2024-05-27_CLE@COL,0.45825049701789267,1,2024-05-27,0.4739208702061676
2024-05-27_TOR@CWS,0.5511811023622046,0,2024-05-27,0.5191724142160076
2024-05-28_AZ@TEX,0.3466666666666667,0,2024-05-28,0.4223345753075718
2024-05-28_CHC@MIL,0.45825049701789267,0,2024-05-28,0.4718078064268679
2024-05-28_LAD@NYM,0.6211656441717791,1,2024-05-28,0.5334864159761019
2024-05-28_NYY@LAA,0.5511811023622046,1,2024-05-28,0.5214051975282705
2024-05-28_KC@MIN,0.30434782608695654,1,2024-05-28,0.4185625915497996
2024-05-28_WSH@ATL,0.45825049701789267,0,2024-05-28,0.4739641122076067
2024-05-28_OAK@TB,0.45825049701789267,0,2024-05-28,0.4754903848716565
2024-05-28_CLE@COL,0.4253521126760563,1,2024-05-28,0.45066572231079816
2024-05-28_PHI@SF,0.6211656441717791,0,2024-05-28,0.531862828012166
2024-05-28_TOR@CWS,0.6211656441717791,0,2024-05-28,0.5318169157197495
2024-05-28_LAD@NYM,0.6211656441717791,0,2024-05-28,0.5308550069334537
2024-05-28_STL@CIN,0.265993265993266,0,2024-05-28,0.3922461712239672
2024-05-28_BOS@BAL,0.4822834645669291,1,2024-05-28,0.4853184314574783
2024-05-28_HOU@SEA,0.4253521126760563,1,2024-05-28,0.4510845779768018
2024-05-28_MIA@SD,0.45825049701789267,1,2024-05-28,0.4774769041250352
2024-05-29_CLE@COL,0.6211656441717791,1,2024-05-29,0.5311852336682297
2024-05-29_PIT@DET,0.5331491712707183,0,2024-05-29,0.4968630867678743
2024-05-29_CHC@MIL,0.4253521126760563,1,2024-05-29,0.44712923522651793
2024-05-29_HOU@SEA,0.3881656804733728,0,2024-05-29,0.43817316855436184
2024-05-29_AZ@TEX,0.265993265993266,0,2024-05-29,0.40658147891185903
2024-05-29_MIA@SD,0.4253521126760563,0,2024-05-29,0.45422243630073555
2024-05-29_NYY@LAA,0.6211656441717791,0,2024-05-29,0.5420458894566611
2024-05-29_WSH@ATL,0.4253521126760563,0,2024-05-29,0.4510319307715779
2024-05-29_OAK@TB,0.4253521126760563,0,2024-05-29,0.4661651427577592
2024-05-29_STL@CIN,0.5369261477045908,0,2024-05-29,0.5059359408843779
2024-05-29_PIT@DET,0.6827586206896552,1,2024-05-29,0.5742770050242187
2024-05-29_KC@MIN,0.4253521126760563,0,2024-05-29,0.4651573423184331
2024-05-29_BOS@BAL,0.45825049701789267,0,2024-05-29,0.4745673202446872
2024-05-29_TOR@CWS,0.4253521126760563,0,2024-05-29,0.44717259658770836
2024-05-29_LAD@NYM,0.45825049701789267,0,2024-05-29,0.47239482852945625
2024-05-29_PHI@SF,0.5331491712707183,1,2024-05-29,0.5025857227950703
2024-05-30_HOU@SEA,0.49743589743589745,0,2024-05-30,0.4958128905869169
2024-05-30_AZ@NYM,0.5331491712707183,0,2024-05-30,0.5004579317073738
2024-05-30_NYY@LAA,0.34210526315789475,0,2024-05-30,0.42112272249665494
2024-05-30_OAK@TB,0.45825049701789267,1,2024-05-30,0.48243537210124243
2024-05-30_KC@MIN,0.30434782608695654,1,2024-05-30,0.418296286089746
2024-05-30_WSH@ATL,0.5511811023622046,0,2024-05-30,0.5236867722698484
2024-05-30_DET@BOS,0.45825049701789267,0,2024-05-30,0.47739108682654074
2024-05-30_CHC@MIL,0.45825049701789267,1,2024-05-30,0.4791458706177294
2024-05-31_OAK@ATL,0.5511811023622046,1,2024-05-31,0.5142726383819973
2024-05-31_NYY@SF,0.45825049701789267,0,2024-05-31,0.478091808292467
2024-05-31_CIN@CHC,0.3881656804733728,0,2024-05-31,0.43820622024032596
2024-05-31_MIN@HOU,0.5369261477045908,0,2024-05-31,0.5099662008737745
2024-05-31_SD@KC,0.30434782608695654,0,2024-05-31,0.41791716693156866
2024-05-31_PIT@TOR,0.6211656441717791,0,2024-05-31,0.551462531525254
2024-05-31_DET@BOS,0.3881656804733728,1,2024-05-31,0.44045154941876863
2024-05-31_COL@LAD,0.3881656804733728,0,2024-05-31,0.430994251184337
2024-05-31_TB@BAL,0.5369261477045908,0,2024-05-31,0.5084471469531313
2024-05-31_CWS@MIL,0.5511811023622046,0,2024-05-31,0.5239415729532807
2024-05-31_WSH@CLE,0.265993265993266,0,2024-05-31,0.39391504615256867
2024-05-31_STL@PHI,0.45825049701789267,0,2024-05-31,0.47269566153090414
2024-05-31_AZ@NYM,0.45825049701789267,1,2024-05-31,0.4784859478810196
2024-05-31_LAA@SEA,0.49743589743589745,1,2024-05-31,0.4963895958497231
2024-05-31_TEX@MIA,0.45825049701789267,0,2024-05-31,0.4841270794582645
2024-06-01_CIN@CHC,0.4253521126760563,0,2024-06-01,0.4504609443348545
2024-06-01_COL@LAD,0.6553191489361702,0,2024-06-01,0.5557548901922067
2024-06-01_SD@KC,0.4253521126760563,1,2024-06-01,0.4497500336092036
2024-06-01_WSH@CLE,0.3881656804733728,1,2024-06-01,0.4248126474656311
2024-06-01_NYY@SF,0.45825049701789267,1,2024-06-01,0.4828770983934033
2024-06-01_AZ@NYM,0.3881656804733728,0,2024-06-01,0.43415822690967665
2024-06-01_TEX@MIA,0.4253521126760563,0,2024-06-01,0.45018588224120915
2024-06-01_CWS@MIL,0.45825049701789267,0,2024-06-01,0.4735239411472498
2024-06-01_TB@BAL,0.6553191489361702,1,2024-06-01,0.5619469639482533
2024-06-01_LAA@SEA,0.4253521126760563,0,2024-06-01,0.45783640635666967
2024-06-01_DET@BOS,0.4253521126760563,1,2024-06-01,0.4635128449910373
2024-06-01_MIN@HOU,0.4253521126760563,1,2024-06-01,0.4425684797076952
2024-06-01_PIT@TOR,0.7407407407407407,1,2024-06-01,0.6619855683009891
2024-06-01_OAK@ATL,0.45825049701789267,1,2024-06-01,0.47384100071391744
2024-06-01_STL@PHI,0.6827586206896552,1,2024-06-01,0.5682352062233832
2024-06-02_AZ@NYM,0.5511811023622046,1,2024-06-02,0.5184214490769341
2024-06-02_LAA@SEA,0.45825049701789267,0,2024-06-02,0.4719902340193154
2024-06-02_STL@PHI,0.6827586206896552,1,2024-06-02,0.5867050481020126
2024-06-02_DET@BOS,0.45825049701789267,1,2024-06-02,0.47736514029620314
2024-06-02_PIT@TOR,0.7407407407407407,0,2024-06-02,0.6505688922063363
2024-06-02_SD@KC,0.29896907216494845,0,2024-06-02,0.41564450756161786
2024-06-02_COL@LAD,0.6211656441717791,1,2024-06-02,0.5311928656833329
2024-06-02_WSH@CLE,0.4253521126760563,0,2024-06-02,0.4518227075997039
2024-06-02_CIN@CHC,0.5369261477045908,0,2024-06-02,0.5031026305519744
2024-06-02_OAK@ATL,0.45825049701789267,1,2024-06-02,0.48266893569740477
2024-06-02_NYY@SF,0.7407407407407407,1,2024-06-02,0.6213805484710079
2024-06-02_TB@BAL,0.45825049701789267,1,2024-06-02,0.47006020510732593
2024-06-02_CWS@MIL,0.45825049701789267,1,2024-06-02,0.4762449594094129
2024-06-02_MIN@HOU,0.5511811023622046,1,2024-06-02,0.5211969066182631
2024-06-02_TEX@MIA,0.4822834645669291,1,2024-06-02,0.48585478042789765
2024-06-03_BAL@TOR,0.45825049701789267,0,2024-06-03,0.4810516335456718
2024-06-03_STL@HOU,0.7407407407407407,1,2024-06-03,0.7013115236447424
2024-06-03_SF@AZ,0.5331491712707183,0,2024-06-03,0.4991437525835877
2024-06-03_NYM@WSH,0.268041237113402,0,2024-06-03,0.4122282472745503
2024-06-03_SD@LAA,0.4253521126760563,1,2024-06-03,0.4645027330586605
2024-06-03_DET@TEX,0.4253521126760563,1,2024-06-03,0.4596471935508437
2024-06-03_CIN@COL,0.4253521126760563,1,2024-06-03,0.4448572886980515
2024-06-03_MIL@PHI,0.4253521126760563,0,2024-06-03,0.44087534537656003
2024-06-04_NYM@WSH,0.45825049701789267,0,2024-06-04,0.47484903931349665
2024-06-04_LAD@PIT,0.7157894736842105,0,2024-06-04,0.6055562297056809
2024-06-04_SEA@OAK,0.49743589743589745,0,2024-06-04,0.4963078005964786
2024-06-04_MIN@NYY,0.5511811023622046,0,2024-06-04,0.5253390279846678
2024-06-04_STL@HOU,0.5369261477045908,1,2024-06-04,0.5041853493908222
2024-06-04_TB@MIA,0.5331491712707183,1,2024-06-04,0.4997617006681645
2024-06-04_CWS@CHC,0.265993265993266,0,2024-06-04,0.3970763541275806
2024-06-04_MIL@PHI,0.49743589743589745,0,2024-06-04,0.49511781977027247
2024-06-04_SF@AZ,0.45825049701789267,0,2024-06-04,0.4813303895491803
2024-06-04_SD@LAA,0.4253521126760563,0,2024-06-04,0.4652358814740497
2024-06-04_BAL@TOR,0.4253521126760563,0,2024-06-04,0.45280093327305293
2024-06-04_KC@CLE,0.268041237113402,0,2024-06-04,0.41190067773376615
2024-06-04_DET@TEX,0.45825049701789267,0,2024-06-04,0.47079590272638505
2024-06-04_ATL@BOS,0.268041237113402,0,2024-06-04,0.4090302769802049
2024-06-04_CIN@COL,0.4253521126760563,1,2024-06-04,0.45056113358616956
2024-06-05_MIN@NYY,0.49743589743589745,1,2024-06-05,0.4947944529296874
2024-06-05_DET@TEX,0.4253521126760563,0,2024-06-05,0.45148985131236774
2024-06-05_BAL@TOR,0.268041237113402,0,2024-06-05,0.40712949226354156
2024-06-05_TB@MIA,0.45825049701789267,1,2024-06-05,0.4741908522047049
2024-06-05_ATL@BOS,0.3881656804733728,0,2024-06-05,0.43042285381405443
2024-06-05_CWS@CHC,0.5331491712707183,1,2024-06-05,0.49725351774186866
2024-06-05_SEA@OAK,0.4253521126760563,0,2024-06-05,0.4472712708035931
2024-06-05_STL@HOU,0.4253521126760563,0,2024-06-05,0.4556137191157621
2024-06-05_CIN@COL,0.3881656804733728,1,2024-06-05,0.42670545521890324
2024-06-05_SD@LAA,0.3881656804733728,1,2024-06-05,0.42853215055608007
2024-06-05_MIL@PHI,0.4253521126760563,0,2024-06-05,0.467004065128661
2024-06-05_LAD@PIT,0.3881656804733728,0,2024-06-05,0.4371632612813595
2024-06-05_SF@AZ,0.6211656441717791,1,2024-06-05,0.5430677311530199
2024-06-05_NYM@WSH,0.268041237113402,0,2024-06-05,0.4103436120528421
2024-06-06_ATL@WSH,0.3881656804733728,0,2024-06-06,0.42729915719976796
2024-06-06_MIN@NYY,0.6827586206896552,1,2024-06-06,0.5822191194944475
2024-06-06_BOS@CWS,0.45825049701789267,1,2024-06-06,0.47349580490794807
2024-06-06_AZ@SD,0.3466666666666667,1,2024-06-06,0.42283613992607627
2024-06-06_COL@STL,0.265993265993266,0,2024-06-06,0.4030077381804391
2024-06-06_BAL@TOR,0.6827586206896552,0,2024-06-06,0.5906041626782823
2024-06-06_SEA@OAK,0.4822834645669291,0,2024-06-06,0.48971310815013747
2024-06-06_CHC@CIN,0.3881656804733728,0,2024-06-06,0.4252660011663649
2024-06-06_KC@CLE,0.4253521126760563,1,2024-06-06,0.46817253488523336
2024-06-06_LAD@PIT,0.6827586206896552,1,2024-06-06,0.5719264186874276
2024-06-07_CHC@CIN,0.5331491712707183,0,2024-06-07,0.49741469211777045
2024-06-07_BOS@CWS,0.7157894736842105,1,2024-06-07,0.6062436464226614
2024-06-07_ATL@WSH,0.4253521126760563,0,2024-06-07,0.45640705072740617
2024-06-07_SF@TEX,0.6211656441717791,0,2024-06-07,0.5362496295976313
2024-06-07_CLE@MIA,0.4253521126760563,0,2024-06-07,0.4589722473718796
2024-06-07_COL@STL,0.4253521126760563,1,2024-06-07,0.4451215326452629
2024-06-07_MIN@PIT,0.6211656441717791,0,2024-06-07,0.5326538777545139
2024-06-07_HOU@LAA,0.6211656441717791,1,2024-06-07,0.5407093570980834
2024-06-07_MIL@DET,0.6211656441717791,0,2024-06-07,0.5345243327167657
2024-06-07_SEA@KC,0.45825049701789267,1,2024-06-07,0.47385460890822495
2024-06-07_LAD@NYY,0.4253521126760563,0,2024-06-07,0.4639910593306499
2024-06-07_AZ@SD,0.45825049701789267,1,2024-06-07,0.47215853249696726
2024-06-07_TOR@OAK,0.5511811023622046,0,2024-06-07,0.5182057494146539
2024-06-07_BAL@TB,0.4253521126760563,0,2024-06-07,0.4487594310823422
2024-06-08_SF@TEX,0.5369261477045908,1,2024-06-08,0.5100107380429946
2024-06-08_PHI@NYM,0.6211656441717791,1,2024-06-08,0.5431553925744055
2024-06-08_MIL@DET,0.45825049701789267,1,2024-06-08,0.4696201134989235
2024-06-08_AZ@SD,0.265993265993266,0,2024-06-08,0.40610552673189404
2024-06-08_BOS@CWS,0.5331491712707183,0,2024-06-08,0.5004600613874274
2024-06-08_BAL@TB,0.3881656804733728,0,2024-06-08,0.4308429408585015
2024-06-08_HOU@LAA,0.5331491712707183,0,2024-06-08,0.4990443604990079
2024-06-08_ATL@WSH,0.3881656804733728,1,2024-06-08,0.4374839315978871
2024-06-08_COL@STL,0.6827586206896552,1,2024-06-08,0.5848648135605623
2024-06-08_CLE@MIA,0.4253521126760563,1,2024-06-08,0.45365768950368124
2024-06-08_TOR@OAK,0.5331491712707183,1,2024-06-08,0.5006492452875364
2024-06-08_LAD@NYY,0.5331491712707183,0,2024-06-08,0.49878686384176374
2024-06-08_SEA@KC,0.5331491712707183,1,2024-06-08,0.5022900362754923
2024-06-08_CHC@CIN,0.4822834645669291,1,2024-06-08,0.4867607867774013
2024-06-08_MIN@PIT,0.6827586206896552,0,2024-06-08,0.5790949419162743
2024-06-09_MIN@PIT,0.5369261477045908,1,2024-06-09,0.5037585454793482
2024-06-09_MIL@DET,0.5511811023622046,1,2024-06-09,0.5163461004805668
2024-06-09_AZ@SD,0.5331491712707183,1,2024-06-09,0.5024133532554076
2024-06-09_BOS@CWS,0.4253521126760563,0,2024-06-09,0.4660280451204084
2024-06-09_BAL@TB,0.3881656804733728,0,2024-06-09,0.43786707912236944
2024-06-09_SEA@KC,0.4253521126760563,1,2024-06-09,0.44114990453958647
2024-06-09_ATL@WSH,0.5511811023622046,0,2024-06-09,0.5153163438542692
2024-06-09_CHC@CIN,0.3881656804733728,1,2024-06-09,0.42852796385452874
2024-06-09_HOU@LAA,0.1888111888111888,0,2024-06-09,0.3907198864829169
2024-06-09_LAD@NYY,0.6211656441717791,0,2024-06-09,0.5330766436639229
2024-06-09_COL@STL,0.7407407407407407,0,2024-06-09,0.6324404903381287
2024-06-09_TOR@OAK,0.5511811023622046,0,2024-06-09,0.519833158943765
2024-06-09_NYM@PHI,0.7407407407407407,1,2024-06-09,0.629112352440741
2024-06-09_SF@TEX,0.6211656441717791,1,2024-06-09,0.5473684886731129
2024-06-09_CLE@MIA,0.4253521126760563,0,2024-06-09,0.4592854664527688
2024-06-10_COL@MIN,0.4253521126760563,0,2024-06-10,0.46770056174524055
2024-06-10_CWS@SEA,0.3466666666666667,0,2024-06-10,0.42169733859613645
2024-06-10_HOU@SF,0.45825049701789267,0,2024-06-10,0.4702520932742067
2024-06-10_TOR@MIL,0.5331491712707183,0,2024-06-10,0.5004740863592163
2024-06-10_BAL@TB,0.5331491712707183,1,2024-06-10,0.4974211950267995
2024-06-10_NYY@KC,0.45825049701789267,1,2024-06-10,0.4829083202589024
2024-06-10_OAK@SD,0.45825049701789267,0,2024-06-10,0.4783198153825514
2024-06-11_PIT@STL,0.268041237113402,0,2024-06-11,0.4086413215796354
2024-06-11_OAK@SD,0.5511811023622046,1,2024-06-11,0.5142539221679545
2024-06-11_CHC@TB,0.45825049701789267,0,2024-06-11,0.48247763543593525
2024-06-11_LAA@AZ,0.49743589743589745,0,2024-06-11,0.4960734611209644
2024-06-11_MIA@NYM,0.45825049701789267,0,2024-06-11,0.47904657089989955
2024-06-11_ATL@BAL,0.4822834645669291,0,2024-06-11,0.4926090333514801
2024-06-11_WSH@DET,0.5511811023622046,0,2024-06-11,0.5185225762875709
2024-06-11_COL@MIN,0.6827586206896552,0,2024-06-11,0.5946841500951789
2024-06-11_HOU@SF,0.5511811023622046,0,2024-06-11,0.5199637305597411
2024-06-11_NYY@KC,0.6827586206896552,1,2024-06-11,0.5948061844650807
2024-06-11_TOR@MIL,0.6827586206896552,0,2024-06-11,0.5996259460137989
2024-06-11_PHI@BOS,0.45825049701789267,1,2024-06-11,0.4819161608698299
2024-06-11_CLE@CIN,0.45825049701789267,1,2024-06-11,0.480943079771586
2024-06-11_TEX@LAD,0.6211656441717791,1,2024-06-11,0.5533771529088571
2024-06-11_CWS@SEA,0.5369261477045908,0,2024-06-11,0.5041228491071641
2024-06-12_NYY@KC,0.3881656804733728,1,2024-06-12,0.440196092621989
2024-06-12_MIA@NYM,0.45825049701789267,1,2024-06-12,0.4835741644259691
2024-06-12_TOR@MIL,0.6827586206896552,1,2024-06-12,0.5842957293690362
2024-06-12_CLE@CIN,0.6211656441717791,1,2024-06-12,0.5328401785937418
2024-06-12_TEX@LAD,0.7407407407407407,1,2024-06-12,0.6321459993792609
2024-06-12_ATL@BAL,0.45825049701789267,0,2024-06-12,0.47441210799206
2024-06-12_OAK@SD,0.45825049701789267,0,2024-06-12,0.4688838760777011
2024-06-12_PHI@BOS,0.45825049701789267,1,2024-06-12,0.4696434904976021
2024-06-12_WSH@DET,0.4822834645669291,1,2024-06-12,0.48535677150256673
2024-06-12_LAA@AZ,0.07692307692307693,1,2024-06-12,0.3625771629979845
2024-06-12_COL@MIN,0.6827586206896552,1,2024-06-12,0.5665990764232366
2024-06-12_PIT@STL,0.6211656441717791,0,2024-06-12,0.5412043521610921
2024-06-12_HOU@SF,0.4822834645669291,0,2024-06-12,0.4892885727614885
2024-06-12_CWS@SEA,0.6211656441717791,0,2024-06-12,0.5369361270477017
2024-06-12_CHC@TB,0.3881656804733728,0,2024-06-12,0.4335181243783073
2024-06-13_OAK@MIN,0.45825049701789267,0,2024-06-13,0.4782243296529941
2024-06-13_PIT@STL,0.49743589743589745,0,2024-06-13,0.4952689232291769
2024-06-13_CHC@TB,0.4253521126760563,0,2024-06-13,0.4551722468280157
2024-06-13_MIA@NYM,0.34210526315789475,0,2024-06-13,0.42086618496878525
2024-06-13_NYY@KC,0.4253521126760563,0,2024-06-13,0.4451267938699309
2024-06-13_ATL@BAL,0.4253521126760563,1,2024-06-13,0.44083659563684696
2024-06-13_LAA@AZ,0.6211656441717791,1,2024-06-13,0.5508357496105842
2024-06-13_PHI@BOS,0.3881656804733728,0,2024-06-13,0.4326669694252505
2024-06-13_TEX@LAD,0.5511811023622046,1,2024-06-13,0.5192133775090543
2024-06-13_WSH@DET,0.4822834645669291,0,2024-06-13,0.48845564095735017
2024-06-13_CWS@SEA,0.268041237113402,0,2024-06-13,0.41274782797796505
2024-06-14_PHI@BAL,0.6211656441717791,1,2024-06-14,0.5490885570375337
2024-06-14_CWS@AZ,0.1888111888111888,0,2024-06-14,0.38387818842826926
2024-06-14_KC@LAD,0.29896907216494845,0,2024-06-14,0.4143903675099847
2024-06-14_LAA@SF,0.6211656441717791,0,2024-06-14,0.5328545939484279
2024-06-14_CLE@TOR,0.45825049701789267,0,2024-06-14,0.47260147414511766
2024-06-14_PIT@COL,0.6211656441717791,1,2024-06-14,0.5443223372212995
2024-06-14_NYY@BOS,0.5511811023622046,1,2024-06-14,0.5266207254927957
2024-06-14_CIN@MIL,0.4822834645669291,0,2024-06-14,0.4883683769520949
2024-06-14_OAK@MIN,0.4253521126760563,1,2024-06-14,0.4473328863901067
2024-06-14_SD@NYM,0.4253521126760563,0,2024-06-14,0.44873303308588874
2024-06-14_STL@CHC,0.6211656441717791,0,2024-06-14,0.5358808139136918
2024-06-14_TEX@SEA,0.45825049701789267,1,2024-06-14,0.4808895698710106
2024-06-14_TB@ATL,0.5511811023622046,1,2024-06-14,0.51490228655186
2024-06-14_MIA@WSH,0.4822834645669291,0,2024-06-14,0.48588567745455036
2024-06-14_DET@HOU,0.5331491712707183,0,2024-06-14,0.4986957819736463
2024-06-15_TEX@SEA,0.4822834645669291,1,2024-06-15,0.4850779546800654
2024-06-15_PHI@BAL,0.5331491712707183,1,2024-06-15,0.500134521036633
2024-06-15_CWS@AZ,0.45825049701789267,1,2024-06-15,0.47560381518333417
2024-06-15_NYY@BOS,0.6211656441717791,1,2024-06-15,0.5313423535995097
2024-06-15_SD@NYM,0.5331491712707183,0,2024-06-15,0.5010053301103294
2024-06-15_DET@HOU,0.6827586206896552,1,2024-06-15,0.5694068308653033
2024-06-15_MIA@WSH,0.6827586206896552,1,2024-06-15,0.5995534077522775
2024-06-15_STL@CHC,0.3881656804733728,0,2024-06-15,0.43284123318020584
2024-06-15_KC@LAD,0.4253521126760563,0,2024-06-15,0.445079420185996
2024-06-15_PIT@COL,0.3881656804733728,0,2024-06-15,0.43110287367575517
2024-06-15_LAA@SF,0.4822834645669291,1,2024-06-15,0.4879546509522249
2024-06-15_CLE@TOR,0.3881656804733728,0,2024-06-15,0.4285217530057446
2024-06-15_TB@ATL,0.6827586206896552,1,2024-06-15,0.591419791334838
2024-06-15_CIN@MIL,0.3881656804733728,0,2024-06-15,0.43474850863417935
2024-06-16_TEX@SEA,0.4253521126760563,0,2024-06-16,0.45808261874713385
2024-06-16_MIA@WSH,0.49743589743589745,1,2024-06-16,0.4954890576853206
2024-06-16_TB@ATL,0.4253521126760563,1,2024-06-16,0.46843878474883804
2024-06-16_PHI@BAL,0.4253521126760563,1,2024-06-16,0.45377900737595744
2024-06-16_CWS@AZ,0.4253521126760563,1,2024-06-16,0.46579873968083385
2024-06-16_CIN@MIL,0.5511811023622046,1,2024-06-16,0.5227606151726496
2024-06-16_NYY@BOS,0.5331491712707183,1,2024-06-16,0.4992520614991236
2024-06-16_LAA@SF,0.45825049701789267,1,2024-06-16,0.47343657111052007
2024-06-16_KC@LAD,0.5331491712707183,0,2024-06-16,0.49795501481238436
2024-06-16_SD@NYM,0.45825049701789267,1,2024-06-16,0.4807853824394911
2024-06-16_OAK@MIN,0.5511811023622046,1,2024-06-16,0.5249135337478398
2024-06-16_CLE@TOR,0.265993265993266,0,2024-06-16,0.3948932278393973
2024-06-16_OAK@MIN,0.3881656804733728,1,2024-06-16,0.42754304769673435
2024-06-16_STL@CHC,0.6211656441717791,0,2024-06-16,0.5337150293049758
2024-06-16_PIT@COL,0.45825049701789267,0,2024-06-16,0.4811531448870472
2024-06-16_DET@HOU,0.7407407407407407,1,2024-06-16,0.6946298812067446
2024-06-17_STL@MIA,0.45825049701789267,0,2024-06-17,0.47550712586568966
2024-06-17_LAD@COL,0.5331491712707183,1,2024-06-17,0.4969415810680251
2024-06-17_BOS@TOR,0.7407407407407407,1,2024-06-17,0.6332812007249773
2024-06-17_SD@PHI,0.5369261477045908,0,2024-06-17,0.5065008722936308
2024-06-17_DET@ATL,0.5331491712707183,0,2024-06-17,0.5012097359318358
2024-06-17_MIL@LAA,0.5331491712707183,0,2024-06-17,0.4986164966133607
2024-06-17_SF@CHC,0.4253521126760563,0,2024-06-17,0.44599851190765427
2024-06-17_NYM@TEX,0.4822834645669291,1,2024-06-17,0.4875793014557338
2024-06-17_CIN@PIT,0.4253521126760563,1,2024-06-17,0.4520441311697728
2024-06-18_AZ@WSH,0.3881656804733728,1,2024-06-18,0.4393121943467512
2024-06-18_MIL@LAA,0.6827586206896552,1,2024-06-18,0.5917191860865131
2024-06-18_SF@CHC,0.3881656804733728,0,2024-06-18,0.42903063351165105
2024-06-18_TB@MIN,0.45825049701789267,1,2024-06-18,0.4740904285169345
2024-06-18_HOU@CWS,0.30434782608695654,0,2024-06-18,0.4176367520113867
2024-06-18_DET@ATL,0.45825049701789267,1,2024-06-18,0.47344000599752867
2024-06-18_LAD@COL,0.45825049701789267,1,2024-06-18,0.47919472289435283
2024-06-18_KC@OAK,0.6827586206896552,1,2024-06-18,0.5943111525893069
2024-06-18_SD@PHI,0.6827586206896552,0,2024-06-18,0.5753042871076495
2024-06-18_STL@MIA,0.4253521126760563,1,2024-06-18,0.46020840821505815
2024-06-18_BOS@TOR,0.45825049701789267,0,2024-06-18,0.47999830923138653
2024-06-18_SEA@CLE,0.1888111888111888,0,2024-06-18,0.3868678565310758
2024-06-18_NYM@TEX,0.3881656804733728,0,2024-06-18,0.44019682231043056
2024-06-18_CIN@PIT,0.4253521126760563,0,2024-06-18,0.458646744344791
2024-06-18_BAL@NYY,0.6827586206896552,0,2024-06-18,0.5919376869412294
2024-06-19_LAD@COL,0.5369261477045908,1,2024-06-19,0.5071804031558085
2024-06-19_AZ@WSH,0.4253521126760563,0,2024-06-19,0.46014431725489846
2024-06-19_CIN@PIT,0.5511811023622046,0,2024-06-19,0.5225576967481277
2024-06-19_DET@ATL,0.45825049701789267,0,2024-06-19,0.47567433194270226
2024-06-19_NYM@TEX,0.6827586206896552,1,2024-06-19,0.5710689080503927
2024-06-19_SEA@CLE,0.268041237113402,1,2024-06-19,0.4131881345899262
2024-06-19_MIL@LAA,0.3881656804733728,1,2024-06-19,0.4328004807763647
2024-06-19_SD@PHI,0.6211656441717791,0,2024-06-19,0.534703524766085
2024-06-19_KC@OAK,0.6211656441717791,0,2024-06-19,0.5363685979530153
2024-06-19_BOS@TOR,0.7407407407407407,0,2024-06-19,0.6178039980699671
2024-06-19_BAL@NYY,0.5331491712707183,1,2024-06-19,0.49872188837239717
2024-06-19_STL@MIA,0.4253521126760563,1,2024-06-19,0.44927435880116506
2024-06-19_HOU@CWS,0.6553191489361702,0,2024-06-19,0.5657808477031308
2024-06-19_TB@MIN,0.5511811023622046,0,2024-06-19,0.523411863277659
2024-06-19_SF@CHC,0.45825049701789267,0,2024-06-19,0.4766722113719526
2024-06-20_MIL@SD,0.5331491712707183,1,2024-06-20,0.5018930781553999
2024-06-20_SEA@CLE,0.4253521126760563,1,2024-06-20,0.4542494345623167
2024-06-20_HOU@CWS,0.6827586206896552,1,2024-06-20,0.5725761802594709
2024-06-20_BAL@NYY,0.4253521126760563,1,2024-06-20,0.4533261594929342
2024-06-20_KC@OAK,0.268041237113402,0,2024-06-20,0.4081487891264517
2024-06-20_AZ@WSH,0.3881656804733728,0,2024-06-20,0.4312319705847891
2024-06-20_LAD@COL,0.7407407407407407,1,2024-06-20,0.6285919412993337
2024-06-20_TB@MIN,0.5511811023622046,0,2024-06-20,0.5176906766859962
2024-06-20_SF@STL,0.5511811023622046,1,2024-06-20,0.5161420673501503
2024-06-21_KC@TEX,0.45825049701789267,0,2024-06-21,0.477584800630217
2024-06-21_ATL@NYY,0.3881656804733728,1,2024-06-21,0.42513057392363973
2024-06-21_TOR@CLE,0.1888111888111888,0,2024-06-21,0.3896894828215355
2024-06-21_BAL@HOU,0.45825049701789267,1,2024-06-21,0.4690493631501247
2024-06-21_NYM@CHC,0.45825049701789267,1,2024-06-21,0.4700232104572801
2024-06-21_WSH@COL,0.3881656804733728,0,2024-06-21,0.43228523007932196
2024-06-21_MIN@OAK,0.6553191489361702,1,2024-06-21,0.5538512904589377
2024-06-21_BOS@CIN,0.4822834645669291,1,2024-06-21,0.49032947191972154
2024-06-21_SEA@MIA,0.4253521126760563,1,2024-06-21,0.45356003554456126
2024-06-21_LAA@LAD,0.268041237113402,0,2024-06-21,0.40807268003179464
2024-06-21_CWS@DET,0.6827586206896552,0,2024-06-21,0.5838290879200336
2024-06-21_MIL@SD,0.45825049701789267,0,2024-06-21,0.47708932942271387
2024-06-21_AZ@PHI,0.4253521126760563,0,2024-06-21,0.4509207176090462
2024-06-21_TB@PIT,0.6827586206896552,0,2024-06-21,0.5832187796216148
2024-06-22_TOR@CLE,0.07692307692307693,0,2024-06-22,0.3627403029349996
2024-06-22_BOS@CIN,0.3881656804733728,1,2024-06-22,0.4365272100823073
2024-06-22_KC@TEX,0.4253521126760563,0,2024-06-22,0.4628872124521396
2024-06-22_WSH@COL,0.1888111888111888,1,2024-06-22,0.38996059870263466
2024-06-22_LAA@LAD,0.4253521126760563,0,2024-06-22,0.447669208607271
2024-06-22_NYM@CHC,0.6827586206896552,1,2024-06-22,0.5677529160187258
2024-06-22_AZ@PHI,0.45825049701789267,1,2024-06-22,0.47492039441494316
2024-06-22_ATL@NYY,0.7407407407407407,1,2024-06-22,0.6316815827287536
2024-06-22_SF@STL,0.7157894736842105,1,2024-06-22,0.613203983035665
2024-06-22_CWS@DET,0.7407407407407407,0,2024-06-22,0.6642639994474351
2024-06-22_MIN@OAK,0.3881656804733728,1,2024-06-22,0.4309563738874309
2024-06-22_MIL@SD,0.6211656441717791,0,2024-06-22,0.5455751925991543
2024-06-22_SEA@MIA,0.4253521126760563,1,2024-06-22,0.45991190810112836
2024-06-22_TB@PIT,0.268041237113402,1,2024-06-22,0.4138331849603051
2024-06-22_BAL@HOU,0.5369261477045908,0,2024-06-22,0.5031340980364443
2024-06-23_NYM@CHC,0.6211656441717791,0,2024-06-23,0.5392093884713449
2024-06-23_ATL@NYY,0.6211656441717791,0,2024-06-23,0.5378704876480213
2024-06-23_CWS@DET,0.4253521126760563,1,2024-06-23,0.4485292427441322
2024-06-23_MIL@SD,0.29896907216494845,0,2024-06-23,0.4146059408474898
2024-06-23_WSH@COL,0.6211656441717791,0,2024-06-23,0.5371136847929392
2024-06-23_TOR@CLE,0.4822834645669291,1,2024-06-23,0.4934870835500754
2024-06-23_KC@TEX,0.5369261477045908,0,2024-06-23,0.5044449368980706
2024-06-23_SF@STL,0.4253521126760563,1,2024-06-23,0.4607023165653251
2024-06-23_AZ@PHI,0.4253521126760563,0,2024-06-23,0.45249692201142944
2024-06-23_BOS@CIN,0.6827586206896552,0,2024-06-23,0.5745596556784276
2024-06-23_TB@PIT,0.4822834645669291,1,2024-06-23,0.4886460802495002
2024-06-23_BAL@HOU,0.3881656804733728,1,2024-06-23,0.43686602933978946
2024-06-23_SEA@MIA,0.45825049701789267,1,2024-06-23,0.47637795336253663
2024-06-23_MIN@OAK,0.45825049701789267,0,2024-06-23,0.48249998670517735
2024-06-24_PHI@DET,0.4253521126760563,1,2024-06-24,0.4472370756638957
2024-06-24_TEX@MIL,0.4253521126760563,0,2024-06-24,0.46853734036205785
2024-06-24_CHC@SF,0.268041237113402,0,2024-06-24,0.41170728033771065
2024-06-24_ATL@STL,0.5331491712707183,0,2024-06-24,0.4982540914972522
2024-06-24_LAD@CWS,0.5511811023622046,0,2024-06-24,0.5168598846830706
2024-06-24_TOR@BOS,0.13043478260869565,0,2024-06-24,0.37065412957566013
2024-06-24_PIT@CIN,0.3881656804733728,0,2024-06-24,0.4308666169886304
2024-06-24_OAK@LAA,0.6827586206896552,1,2024-06-24,0.5693485096563616
2024-06-24_WSH@SD,0.45825049701789267,0,2024-06-24,0.4702535991404352
2024-06-24_CLE@BAL,0.4253521126760563,1,2024-06-24,0.46428544045165043
2024-06-24_MIA@KC,0.29896907216494845,0,2024-06-24,0.41435559865636085
2024-06-24_SEA@TB,0.3881656804733728,0,2024-06-24,0.42532182781176053
2024-06-25_MIN@AZ,0.5331491712707183,1,2024-06-25,0.5002645090683056
2024-06-25_WSH@SD,0.4253521126760563,1,2024-06-25,0.46748788593823465
2024-06-25_CHC@SF,0.4253521126760563,0,2024-06-25,0.46021007011245196
2024-06-25_TOR@BOS,0.265993265993266,0,2024-06-25,0.39533169129018075
2024-06-25_CLE@BAL,0.5369261477045908,1,2024-06-25,0.5033052276474745
2024-06-25_NYY@NYM,0.4253521126760563,1,2024-06-25,0.4539765963415271
2024-06-25_LAD@CWS,0.5331491712707183,1,2024-06-25,0.5009018946807035
2024-06-25_PHI@DET,0.5511811023622046,0,2024-06-25,0.5129924010814888
2024-06-25_COL@HOU,0.45825049701789267,1,2024-06-25,0.4787280828130731
2024-06-25_MIA@KC,0.45825049701789267,1,2024-06-25,0.47280871313792505
2024-06-25_PIT@CIN,0.6553191489361702,1,2024-06-25,0.5574198288782999
2024-06-25_OAK@LAA,0.45825049701789267,0,2024-06-25,0.47713799979920735
2024-06-25_SEA@TB,0.3881656804733728,1,2024-06-25,0.42539953822806076
2024-06-25_TEX@MIL,0.4822834645669291,1,2024-06-25,0.4872504643056804
2024-06-26_ATL@STL,0.265993265993266,0,2024-06-26,0.3997753823429149
2024-06-26_ATL@STL,0.4253521126760563,0,2024-06-26,0.46567124012093375
2024-06-26_COL@HOU,0.45825049701789267,0,2024-06-26,0.47812900826716775
2024-06-26_MIA@KC,0.45825049701789267,0,2024-06-26,0.482592437778117
2024-06-26_OAK@LAA,0.5511811023622046,0,2024-06-26,0.5125412546051265
2024-06-26_SEA@TB,0.4253521126760563,0,2024-06-26,0.45674838796672035
2024-06-26_PHI@DET,0.6211656441717791,1,2024-06-26,0.5383665807819478
2024-06-26_NYY@NYM,0.5511811023622046,0,2024-06-26,0.5260089185782971
2024-06-26_CLE@BAL,0.268041237113402,0,2024-06-26,0.41227055848035077
2024-06-26_TOR@BOS,0.3881656804733728,0,2024-06-26,0.4252842722016913
2024-06-26_MIN@AZ,0.4253521126760563,0,2024-06-26,0.46555461521978014
2024-06-26_CHC@SF,0.4253521126760563,0,2024-06-26,0.44605218144025816
2024-06-26_LAD@CWS,0.3881656804733728,1,2024-06-26,0.43606076570045127
2024-06-26_TEX@MIL,0.5369261477045908,0,2024-06-26,0.5088364684552076
2024-06-26_PIT@CIN,0.4822834645669291,0,2024-06-26,0.49143464322419006
2024-06-26_WSH@SD,0.45825049701789267,0,2024-06-26,0.48335781645016096
2024-06-27_CLE@KC,0.13043478260869565,0,2024-06-27,0.3751849687568072
2024-06-27_ATL@CWS,0.45825049701789267,1,2024-06-27,0.4831284108911038
2024-06-27_MIA@PHI,0.6553191489361702,1,2024-06-27,0.5586427399683143
2024-06-27_MIN@AZ,0.49743589743589745,0,2024-06-27,0.4946333029346146
2024-06-27_NYY@TOR,0.6211656441717791,1,2024-06-27,0.5393847948365093
2024-06-27_DET@LAA,0.45825049701789267,0,2024-06-27,0.47249078819717727
2024-06-27_TEX@BAL,0.5331491712707183,1,2024-06-27,0.5002902989277
2024-06-27_CHC@SF,0.3881656804733728,0,2024-06-27,0.4353496841763471
2024-06-27_CIN@STL,0.265993265993266,1,2024-06-27,0.39346096488989024
2024-06-28_MIA@PHI,0.4253521126760563,0,2024-06-28,0.4490577001569197
2024-06-28_SD@BOS,0.13043478260869565,0,2024-06-28,0.3738704788110614
2024-06-28_TEX@BAL,0.45825049701789267,0,2024-06-28,0.4843752112883727
2024-06-28_MIN@SEA,0.45825049701789267,0,2024-06-28,0.4811047595567939
2024-06-28_COL@CWS,0.45825049701789267,0,2024-06-28,0.48039258933926277
2024-06-28_HOU@NYM,0.6211656441717791,1,2024-06-28,0.5291960894057257
2024-06-28_CIN@STL,0.5511811023622046,0,2024-06-28,0.5250129717699155
2024-06-28_DET@LAA,0.7407407407407407,1,2024-06-28,0.6352166439581923
2024-06-28_NYY@TOR,0.3881656804733728,1,2024-06-28,0.42815352950467156
2024-06-28_LAD@SF,0.29896907216494845,0,2024-06-28,0.4156560383892396
2024-06-28_PIT@ATL,0.5511811023622046,0,2024-06-28,0.5247719552564163
2024-06-28_OAK@AZ,0.4253521126760563,1,2024-06-28,0.4512408752503295
2024-06-28_WSH@TB,0.45825049701789267,0,2024-06-28,0.4820873503075863
2024-06-28_CHC@MIL,0.49743589743589745,0,2024-06-28,0.49381239514074826
2024-06-28_CLE@KC,0.29896907216494845,1,2024-06-28,0.4158419450119657
2024-06-29_OAK@AZ,0.5331491712707183,0,2024-06-29,0.5023771385969715
2024-06-29_PIT@ATL,0.45825049701789267,1,2024-06-29,0.4773200987363082
2024-06-29_SD@BOS,0.30434782608695654,0,2024-06-29,0.41848171973750803
2024-06-29_WSH@TB,0.5331491712707183,1,2024-06-29,0.4969037338891833
2024-06-29_TEX@BAL,0.6553191489361702,1,2024-06-29,0.5609244142836678
2024-06-29_COL@CWS,0.1888111888111888,0,2024-06-29,0.3872881399488325
2024-06-29_CHC@MIL,0.6827586206896552,1,2024-06-29,0.6018463721917982
2024-06-29_HOU@NYM,0.4822834645669291,0,2024-06-29,0.49331392378933026
2024-06-29_LAD@SF,0.5369261477045908,1,2024-06-29,0.5064422113532978
2024-06-29_CLE@KC,0.6553191489361702,1,2024-06-29,0.5600332870592359
2024-06-29_CIN@STL,0.5369261477045908,0,2024-06-29,0.5062754041598168
2024-06-29_NYY@TOR,0.7407407407407407,1,2024-06-29,0.6321341788729806
2024-06-29_DET@LAA,0.6827586206896552,1,2024-06-29,0.5832741889545757
2024-06-29_MIA@PHI,0.6827586206896552,0,2024-06-29,0.5689085921462449
2024-06-29_MIN@SEA,0.6211656441717791,0,2024-06-29,0.5507609393135242
2024-06-30_CIN@STL,0.45825049701789267,0,2024-06-30,0.47878754435401105
2024-06-30_COL@CWS,0.4253521126760563,0,2024-06-30,0.4531108613050847
2024-06-30_NYY@TOR,0.6211656441717791,1,2024-06-30,0.5473873926241661
2024-06-30_CLE@KC,0.4253521126760563,1,2024-06-30,0.46060246795510984
2024-06-30_CHC@MIL,0.45825049701789267,1,2024-06-30,0.4743058236788319
2024-06-30_HOU@NYM,0.4253521126760563,0,2024-06-30,0.456782251911512
2024-06-30_SD@BOS,0.13043478260869565,1,2024-06-30,0.3723167331637509
2024-06-30_MIN@SEA,0.45825049701789267,1,2024-06-30,0.4828072196660296
2024-06-30_PIT@ATL,0.7407407407407407,0,2024-06-30,0.6341581090278605
2024-06-30_DET@LAA,0.4253521126760563,1,2024-06-30,0.45131163434323296
2024-06-30_MIA@PHI,0.7407407407407407,1,2024-06-30,0.6617952677802192
2024-06-30_LAD@SF,0.4253521126760563,1,2024-06-30,0.4662182913450924
2024-06-30_WSH@TB,0.5511811023622046,0,2024-06-30,0.5219339735549366
2024-06-30_OAK@AZ,0.3881656804733728,0,2024-06-30,0.4348420934538252
2024-06-30_TEX@BAL,0.3881656804733728,0,2024-06-30,0.4338286247558859
2024-07-01_HOU@TOR,0.265993265993266,0,2024-07-01,0.4061214315197498
2024-07-01_NYM@WSH,0.4253521126760563,0,2024-07-01,0.45783356689005905
2024-07-01_MIL@COL,0.5331491712707183,0,2024-07-01,0.501891335345771
2024-07-02_CIN@NYY,0.6827586206896552,0,2024-07-02,0.5943550820606449
2024-07-02_BAL@SEA,0.3881656804733728,0,2024-07-02,0.42384854509986813
2024-07-02_PHI@CHC,0.5369261477045908,0,2024-07-02,0.5030013606175058
2024-07-02_NYM@WSH,0.4253521126760563,0,2024-07-02,0.4650919479561847
2024-07-02_STL@PIT,0.6211656441717791,0,2024-07-02,0.5522890841708947
2024-07-02_LAA@OAK,0.265993265993266,0,2024-07-02,0.3977970971908189
2024-07-02_AZ@LAD,0.7407407407407407,1,2024-07-02,0.6395322291574179
2024-07-02_HOU@TOR,0.3881656804733728,1,2024-07-02,0.42837750723469115
2024-07-02_SF@ATL,0.4253521126760563,0,2024-07-02,0.4416020643060866
2024-07-02_TB@KC,0.49743589743589745,0,2024-07-02,0.4948829997006201
2024-07-02_DET@MIN,0.4253521126760563,0,2024-07-02,0.46750726871708714
2024-07-02_BOS@MIA,0.5511811023622046,1,2024-07-02,0.5127897359521107
2024-07-02_SD@TEX,0.6211656441717791,1,2024-07-02,0.5356961955981621
2024-07-02_MIL@COL,0.45825049701789267,0,2024-07-02,0.4837134519242935
2024-07-02_CWS@CLE,0.5511811023622046,1,2024-07-02,0.5271726152939842
2024-07-03_BAL@SEA,0.265993265993266,0,2024-07-03,0.4021806443327881
2024-07-03_STL@PIT,0.6827586206896552,0,2024-07-03,0.5741701727530361
2024-07-03_CIN@NYY,0.3881656804733728,0,2024-07-03,0.4322430424028205
2024-07-03_SD@TEX,0.5511811023622046,0,2024-07-03,0.5140436124306796
2024-07-03_HOU@TOR,0.6553191489361702,1,2024-07-03,0.5598388579864008
2024-07-03_DET@MIN,0.45825049701789267,0,2024-07-03,0.47000615256805633
2024-07-03_SF@ATL,0.4253521126760563,0,2024-07-03,0.45427610010482733
2024-07-03_AZ@LAD,0.45825049701789267,1,2024-07-03,0.4787876205402398
2024-07-03_NYM@WSH,0.29896907216494845,0,2024-07-03,0.4158521551678299
2024-07-03_PHI@CHC,0.4253521126760563,0,2024-07-03,0.45795025313742976
2024-07-03_LAA@OAK,0.4253521126760563,0,2024-07-03,0.4656756503778221
2024-07-03_MIL@COL,0.6827586206896552,1,2024-07-03,0.5977083014238765
2024-07-03_BOS@MIA,0.4253521126760563,1,2024-07-03,0.46864598511352096
2024-07-03_CWS@CLE,0.45825049701789267,1,2024-07-03,0.4772287012661096
2024-07-03_TB@KC,0.4253521126760563,1,2024-07-03,0.45434049427990897
2024-07-04_BOS@MIA,0.5331491712707183,1,2024-07-04,0.4977847524425614
2024-07-04_DET@MIN,0.6553191489361702,1,2024-07-04,0.5540143582864294
2024-07-04_CIN@NYY,0.45825049701789267,0,2024-07-04,0.48248109526070615
2024-07-04_BAL@SEA,0.29896907216494845,0,2024-07-04,0.4161393074689286
2024-07-04_AZ@LAD,0.5511811023622046,1,2024-07-04,0.5163100665366324
2024-07-04_PHI@CHC,0.6211656441717791,1,2024-07-04,0.5314647069973957
2024-07-04_LAA@OAK,0.45825049701789267,0,2024-07-04,0.46917319677144664
2024-07-04_SD@TEX,0.125,0,2024-07-04,0.36526068059703287
2024-07-04_MIL@COL,0.8,1,2024-07-04,0.7167639952630405
2024-07-04_NYM@WSH,0.4253521126760563,0,2024-07-04,0.4598204089743797
2024-07-04_STL@PIT,0.45825049701789267,0,2024-07-04,0.481571114524848
2024-07-04_CWS@CLE,0.5369261477045908,1,2024-07-04,0.5075541364440664
2024-07-04_HOU@TOR,0.45825049701789267,1,2024-07-04,0.47804378537602776
2024-07-04_SF@ATL,0.5511811023622046,1,2024-07-04,0.5135433042145425
2024-07-04_TB@KC,0.4253521126760563,1,2024-07-04,0.4446694004736397
2024-07-05_CWS@MIA,0.5331491712707183,0,2024-07-05,0.5018766593708603
2024-07-05_KC@COL,0.3881656804733728,1,2024-07-05,0.43866458270170106
2024-07-05_TOR@SEA,0.4253521126760563,0,2024-07-05,0.44435637289016117
2024-07-05_LAA@CHC,0.7407407407407407,1,2024-07-05,0.6571221960142781
2024-07-05_STL@WSH,0.5511811023622046,1,2024-07-05,0.5201766410546498
2024-07-05_DET@CIN,0.5511811023622046,0,2024-07-05,0.5152822842951439
2024-07-05_AZ@SD,0.5511811023622046,1,2024-07-05,0.5275265930315324
2024-07-05_HOU@MIN,0.45825049701789267,0,2024-07-05,0.4773946330145642
2024-07-05_MIL@LAD,0.7407407407407407,1,2024-07-05,0.6292575209267506
2024-07-05_PHI@ATL,0.4822834645669291,0,2024-07-05,0.48983016057610285
2024-07-05_NYM@PIT,0.265993265993266,0,2024-07-05,0.4058334965716629
2024-07-05_BOS@NYY,0.4822834645669291,0,2024-07-05,0.4886582260925487
2024-07-05_TB@TEX,0.5511811023622046,0,2024-07-05,0.527100448469831
2024-07-05_SF@CLE,0.5331491712707183,1,2024-07-05,0.49789137544162665
2024-07-05_BAL@OAK,0.7407407407407407,1,2024-07-05,0.6203605952081708
2024-07-06_HOU@MIN,0.4822834645669291,1,2024-07-06,0.4858316302685606
2024-07-06_AZ@SD,0.3881656804733728,1,2024-07-06,0.42474775861751324
2024-07-06_STL@WSH,0.4253521126760563,1,2024-07-06,0.44187445206976617
2024-07-06_BAL@OAK,0.265993265993266,1,2024-07-06,0.39440724862236665
2024-07-06_CWS@MIA,0.4822834645669291,1,2024-07-06,0.49267218834269866
2024-07-06_PHI@ATL,0.265993265993266,1,2024-07-06,0.4051885040206997
2024-07-06_KC@COL,0.5511811023622046,0,2024-07-06,0.5170571214254007
2024-07-06_NYM@PIT,0.4253521126760563,0,2024-07-06,0.4445999391682399
2024-07-06_SF@CLE,0.5511811023622046,1,2024-07-06,0.5256895652243112
2024-07-06_TOR@SEA,0.1888111888111888,0,2024-07-06,0.391628991433717
2024-07-06_TB@TEX,0.4253521126760563,0,2024-07-06,0.4534796727835205
2024-07-06_MIL@LAD,0.7407407407407407,1,2024-07-06,0.6599423068235142
2024-07-06_LAA@CHC,0.4822834645669291,1,2024-07-06,0.4916415587115811
2024-07-06_DET@CIN,0.4822834645669291,0,2024-07-06,0.4933029802102733
2024-07-06_BOS@NYY,0.4253521126760563,1,2024-07-06,0.4570511676683694
2024-07-07_MIL@LAD,0.45825049701789267,0,2024-07-07,0.4832717576763811
2024-07-07_STL@WSH,0.4253521126760563,0,2024-07-07,0.4618101667352761
2024-07-07_CWS@MIA,0.1888111888111888,0,2024-07-07,0.38940037483438206
2024-07-07_BAL@OAK,0.265993265993266,1,2024-07-07,0.39290747583209296
2024-07-07_PHI@ATL,0.4822834645669291,0,2024-07-07,0.49043512160163805
2024-07-07_LAA@CHC,0.49743589743589745,0,2024-07-07,0.4962742723142971
2024-07-07_TB@TEX,0.45825049701789267,1,2024-07-07,0.4689873336022067
2024-07-07_BOS@NYY,0.4253521126760563,0,2024-07-07,0.447584033931376
2024-07-07_NYM@PIT,0.4822834645669291,0,2024-07-07,0.4880989957906484
2024-07-07_SF@CLE,0.4253521126760563,0,2024-07-07,0.4483744501050315
2024-07-07_DET@CIN,0.4253521126760563,0,2024-07-07,0.46158282056061406
2024-07-07_AZ@SD,0.5511811023622046,1,2024-07-07,0.5124137782188394
2024-07-07_KC@COL,0.45825049701789267,0,2024-07-07,0.48152327589628086
2024-07-07_TOR@SEA,0.29896907216494845,0,2024-07-07,0.41639753719754136
2024-07-07_HOU@MIN,0.29896907216494845,0,2024-07-07,0.4157641856681292
2024-07-08_CLE@DET,0.45825049701789267,0,2024-07-08,0.4796121032932318
2024-07-08_ATL@AZ,0.3881656804733728,1,2024-07-08,0.425373112662749
2024-07-08_MIN@CWS,0.3881656804733728,1,2024-07-08,0.4382903501870128
2024-07-08_NYM@PIT,0.4253521126760563,0,2024-07-08,0.4405368707525723
2024-07-08_STL@WSH,0.45825049701789267,0,2024-07-08,0.46988481560826
2024-07-08_COL@CIN,0.6211656441717791,0,2024-07-08,0.5483503341718463
2024-07-08_TEX@LAA,0.7407407407407407,1,2024-07-08,0.6578529261998067
2024-07-09_CLE@DET,0.45825049701789267,1,2024-07-09,0.4809554633743617
2024-07-09_OAK@BOS,0.4253521126760563,1,2024-07-09,0.44091922536320904
2024-07-09_SEA@SD,0.3881656804733728,1,2024-07-09,0.42787424313411093
2024-07-09_MIA@HOU,0.45825049701789267,1,2024-07-09,0.46870042274026635
2024-07-09_WSH@NYM,0.6827586206896552,0,2024-07-09,0.5765108009075904
2024-07-09_COL@CIN,0.3881656804733728,0,2024-07-09,0.4257367301286542
2024-07-09_CHC@BAL,0.3881656804733728,1,2024-07-09,0.4283466694049648
2024-07-09_TEX@LAA,0.4822834645669291,1,2024-07-09,0.4882438176243803
2024-07-09_PIT@MIL,0.6211656441717791,0,2024-07-09,0.5324610755615322
2024-07-09_NYY@TB,0.45825049701789267,1,2024-07-09,0.47356023685661586
2024-07-09_TOR@SF,0.4253521126760563,0,2024-07-09,0.4543115346036335
2024-07-09_LAD@PHI,0.6553191489361702,0,2024-07-09,0.5623080478881985
2024-07-09_ATL@AZ,0.45825049701789267,0,2024-07-09,0.47595832428407403
2024-07-10_COL@CIN,0.4253521126760563,0,2024-07-10,0.44977814356269274
2024-07-10_TEX@LAA,0.5511811023622046,0,2024-07-10,0.5232524743344058
2024-07-10_MIA@HOU,0.5331491712707183,1,2024-07-10,0.5011164323386674
2024-07-10_WSH@NYM,0.5511811023622046,1,2024-07-10,0.516072006276653
2024-07-10_ATL@AZ,0.3881656804733728,0,2024-07-10,0.43606974480220806
2024-07-10_TOR@SF,0.5331491712707183,1,2024-07-10,0.5023730654197965
2024-07-10_SEA@SD,0.3466666666666667,0,2024-07-10,0.4226358824367713
2024-07-10_MIN@CWS,0.45825049701789267,0,2024-07-10,0.4721749090344126
2024-07-10_MIN@CWS,0.5369261477045908,0,2024-07-10,0.5047503962618676
2024-07-10_KC@STL,0.6211656441717791,0,2024-07-10,0.5379475968752775
2024-07-10_OAK@BOS,0.29896907216494845,0,2024-07-10,0.4145679375081306
2024-07-10_KC@STL,0.3881656804733728,0,2024-07-10,0.42909166972569324
2024-07-10_PIT@MIL,0.268041237113402,1,2024-07-10,0.4115508951593826
2024-07-10_NYY@TB,0.45825049701789267,0,2024-07-10,0.47908967265751434
2024-07-10_LAD@PHI,0.6827586206896552,1,2024-07-10,0.579665973023386
2024-07-10_CLE@DET,0.45825049701789267,1,2024-07-10,0.46891108248537605
2024-07-10_CHC@BAL,0.45825049701789267,0,2024-07-10,0.4779847625991722
2024-07-11_OAK@BOS,0.45825049701789267,1,2024-07-11,0.46981909295465585
2024-07-11_ATL@AZ,0.5511811023622046,0,2024-07-11,0.5111891787815663
2024-07-11_SEA@LAA,0.4253521126760563,1,2024-07-11,0.45494782709387227
2024-07-11_PIT@MIL,0.5369261477045908,0,2024-07-11,0.5049384215900996
2024-07-11_CHC@BAL,0.3881656804733728,0,2024-07-11,0.43020938598339264
2024-07-11_COL@CIN,0.5369261477045908,0,2024-07-11,0.5090237519219484
2024-07-11_CLE@DET,0.4253521126760563,1,2024-07-11,0.466406023169613
2024-07-11_TOR@SF,0.7407407407407407,1,2024-07-11,0.6189149668345792
2024-07-11_NYY@TB,0.3881656804733728,1,2024-07-11,0.4379524247406007
2024-07-11_WSH@NYM,0.4822834645669291,0,2024-07-11,0.4865081848355628
2024-07-11_MIA@HOU,0.45825049701789267,1,2024-07-11,0.4771404122884706
2024-07-11_LAD@PHI,0.6211656441717791,1,2024-07-11,0.5422221971973893
2024-07-12_MIA@CIN,0.6827586206896552,1,2024-07-12,0.5941451740637701
2024-07-12_PIT@CWS,0.4253521126760563,0,2024-07-12,0.4464857200069283
2024-07-12_LAD@DET,0.5369261477045908,1,2024-07-12,0.5077049350747297
2024-07-12_TOR@AZ,0.4253521126760563,0,2024-07-12,0.4583535988113534
2024-07-12_KC@BOS,0.6211656441717791,1,2024-07-12,0.5389221368422594
2024-07-12_TEX@HOU,0.5511811023622046,0,2024-07-12,0.5259076218488893
2024-07-12_COL@NYM,0.4253521126760563,0,2024-07-12,0.45797937951572343
2024-07-12_OAK@PHI,0.4253521126760563,0,2024-07-12,0.4654213684962838
2024-07-12_CHC@STL,0.1888111888111888,0,2024-07-12,0.38845145121487645
2024-07-12_NYY@BAL,0.5511811023622046,0,2024-07-12,0.5261220020057256
2024-07-12_CLE@TB,0.3881656804733728,0,2024-07-12,0.43729427779767094
2024-07-12_ATL@SD,0.3881656804733728,0,2024-07-12,0.42719296834954146
2024-07-12_MIN@SF,0.6211656441717791,1,2024-07-12,0.545425836381638
2024-07-12_WSH@MIL,0.5331491712707183,1,2024-07-12,0.49918224858559623
2024-07-12_SEA@LAA,0.6827586206896552,1,2024-07-12,0.5675149258894521
2024-07-13_CHC@STL,0.6211656441717791,1,2024-07-13,0.5531534470263317
2024-07-13_TOR@AZ,0.4253521126760563,1,2024-07-13,0.46514994468821813
2024-07-13_CLE@TB,0.5511811023622046,0,2024-07-13,0.5156820714407111
2024-07-13_ATL@SD,0.265993265993266,0,2024-07-13,0.3962119453946227
2024-07-13_PIT@CWS,0.5511811023622046,1,2024-07-13,0.515199276022341
2024-07-13_WSH@MIL,0.7407407407407407,1,2024-07-13,0.6278865469520511
2024-07-13_COL@NYM,0.45825049701789267,0,2024-07-13,0.47796181934771487
2024-07-13_TEX@HOU,0.6827586206896552,1,2024-07-13,0.577985040563166
2024-07-13_CHC@STL,0.7407407407407407,1,2024-07-13,0.6370967670411999
2024-07-13_SEA@LAA,0.4253521126760563,1,2024-07-13,0.4435776524547066
2024-07-13_LAD@DET,0.4822834645669291,1,2024-07-13,0.4920999689280289
2024-07-13_KC@BOS,0.4253521126760563,0,2024-07-13,0.4439588705392823
2024-07-13_MIA@CIN,0.265993265993266,0,2024-07-13,0.39645126042327206
2024-07-13_MIN@SF,0.5511811023622046,0,2024-07-13,0.5186056329905153
2024-07-13_OAK@PHI,0.4822834645669291,0,2024-07-13,0.4869672494914822
2024-07-13_NYY@BAL,0.4253521126760563,1,2024-07-13,0.4499572057955449
2024-07-14_MIA@CIN,0.3881656804733728,0,2024-07-14,0.4244103720048157
2024-07-14_WSH@MIL,0.45825049701789267,1,2024-07-14,0.47609407760661626
2024-07-14_CLE@TB,0.4822834645669291,0,2024-07-14,0.48652997693988576
2024-07-14_ATL@SD,0.3881656804733728,1,2024-07-14,0.42889864586190374
2024-07-14_LAD@DET,0.5369261477045908,1,2024-07-14,0.5044779976579099
2024-07-14_OAK@PHI,0.5331491712707183,1,2024-07-14,0.49933509197894244
2024-07-14_CHC@STL,0.3881656804733728,0,2024-07-14,0.42831815046981636
2024-07-14_NYY@BAL,0.3881656804733728,0,2024-07-14,0.42365641847478186
2024-07-14_PIT@CWS,0.6211656441717791,1,2024-07-14,0.5286588603608803
2024-07-14_KC@BOS,0.5331491712707183,1,2024-07-14,0.4989786396898783
2024-07-14_SEA@LAA,0.5511811023622046,0,2024-07-14,0.5244522554296197
2024-07-14_COL@NYM,0.5511811023622046,1,2024-07-14,0.5226367346149461
2024-07-14_TOR@AZ,0.45825049701789267,0,2024-07-14,0.46924977180273597
2024-07-14_MIN@SF,0.4253521126760563,0,2024-07-14,0.4409599707638032
2024-07-14_TEX@HOU,0.4822834645669291,1,2024-07-14,0.493218740972027
2024-07-19_AZ@CHC,0.4253521126760563,0,2024-07-19,0.4660095602724674
2024-07-19_LAA@OAK,0.6211656441717791,0,2024-07-19,0.5480385268901063
2024-07-19_BOS@LAD,0.4253521126760563,0,2024-07-19,0.4624308168636423
2024-07-19_CWS@KC,0.5511811023622046,1,2024-07-19,0.5227221480612625
2024-07-19_SF@COL,0.34210526315789475,0,2024-07-19,0.42136531590751447
2024-07-19_HOU@SEA,0.4253521126760563,0,2024-07-19,0.4542020703864317
2024-07-19_NYM@MIA,0.6211656441717791,0,2024-07-19,0.5502731521383355
2024-07-19_CIN@WSH,0.6211656441717791,0,2024-07-19,0.5424652450432312
2024-07-19_SD@CLE,0.3881656804733728,0,2024-07-19,0.4301370596249737
2024-07-19_DET@TOR,0.45825049701789267,0,2024-07-19,0.47141936290270303
2024-07-19_PHI@PIT,0.45825049701789267,1,2024-07-19,0.48221260131313937
2024-07-19_BAL@TEX,0.3881656804733728,1,2024-07-19,0.4309640556603621
2024-07-19_TB@NYY,0.6211656441717791,0,2024-07-19,0.5399494976389759
2024-07-20_SD@CLE,0.1888111888111888,0,2024-07-20,0.38632241095195285
2024-07-20_AZ@CHC,0.4253521126760563,0,2024-07-20,0.44562112978391266
2024-07-20_BAL@TEX,0.45825049701789267,0,2024-07-20,0.4813292439941147
2024-07-20_CIN@WSH,0.4253521126760563,1,2024-07-20,0.4545176774844124
2024-07-20_STL@ATL,0.3881656804733728,0,2024-07-20,0.4270012320042601
2024-07-20_CWS@KC,0.4253521126760563,1,2024-07-20,0.4419813297643874
2024-07-20_SF@COL,0.45825049701789267,1,2024-07-20,0.4815579487479086
2024-07-20_DET@TOR,0.4253521126760563,0,2024-07-20,0.4443514188033897
2024-07-20_STL@ATL,0.7157894736842105,1,2024-07-20,0.6029456540395508
2024-07-20_NYM@MIA,0.5369261477045908,0,2024-07-20,0.5088850498823705
2024-07-20_TB@NYY,0.3881656804733728,0,2024-07-20,0.4304675415586432
2024-07-20_LAA@OAK,0.5511811023622046,1,2024-07-20,0.5106454374564442
2024-07-20_BOS@LAD,0.6211656441717791,0,2024-07-20,0.5378843287606658
2024-07-20_PHI@PIT,0.3881656804733728,0,2024-07-20,0.4250484394195928
2024-07-20_HOU@SEA,0.4253521126760563,0,2024-07-20,0.4456804687026148
2024-07-20_MIL@MIN,0.5511811023622046,0,2024-07-20,0.520498834867119
2024-07-21_MIL@MIN,0.5331491712707183,0,2024-07-21,0.5006426298862703
2024-07-21_SF@COL,0.5331491712707183,1,2024-07-21,0.5016967567970555
2024-07-21_TB@NYY,0.5369261477045908,1,2024-07-21,0.5034875552573235
2024-07-21_HOU@SEA,0.47619047619047616,0,2024-07-21,0.48462796301011635
2024-07-21_AZ@CHC,0.4253521126760563,0,2024-07-21,0.4556827792054553
2024-07-21_CWS@KC,0.5331491712707183,0,2024-07-21,0.5001412492730299
2024-07-21_SD@CLE,0.1888111888111888,0,2024-07-21,0.38445474087079934
2024-07-21_CIN@WSH,0.3466666666666667,0,2024-07-21,0.42230405463407383
2024-07-21_PHI@PIT,0.4253521126760563,0,2024-07-21,0.4441889646769701
2024-07-21_BOS@LAD,0.5369261477045908,1,2024-07-21,0.503680635011682
2024-07-21_BAL@TEX,0.4822834645669291,0,2024-07-21,0.4874915733010041
2024-07-21_LAA@OAK,0.5511811023622046,0,2024-07-21,0.5166163436546231
2024-07-21_STL@ATL,0.5511811023622046,0,2024-07-21,0.523322269993757
2024-07-21_DET@TOR,0.3881656804733728,1,2024-07-21,0.43104735515393366
2024-07-21_NYM@MIA,0.4253521126760563,0,2024-07-21,0.4479684568677318
2024-07-22_PHI@MIN,0.30434782608695654,1,2024-07-22,0.41896481908610317
2024-07-22_DET@CLE,0.6827586206896552,1,2024-07-22,0.5830572784657746
2024-07-22_TB@NYY,0.4253521126760563,0,2024-07-22,0.4418783676408845
2024-07-22_SF@LAD,0.49743589743589745,0,2024-07-22,0.49528171720947234
2024-07-22_HOU@OAK,0.6211656441717791,0,2024-07-22,0.5453980163402744
2024-07-22_LAA@SEA,0.4822834645669291,1,2024-07-22,0.4918174248344327
2024-07-22_MIL@CHC,0.3881656804733728,0,2024-07-22,0.43473444246586
2024-07-22_BOS@COL,0.45825049701789267,0,2024-07-22,0.4811469471039739
2024-07-22_CIN@ATL,0.5511811023622046,1,2024-07-22,0.5265681476271586
2024-07-22_NYM@MIA,0.4253521126760563,0,2024-07-22,0.44822198006666614
2024-07-22_STL@PIT,0.5369261477045908,0,2024-07-22,0.5066459552401226
2024-07-22_AZ@KC,0.45825049701789267,0,2024-07-22,0.47953272758456333
2024-07-22_CWS@TEX,0.5511811023622046,1,2024-07-22,0.5198348681626818
2024-07-23_BAL@MIA,0.45825049701789267,1,2024-07-23,0.47194080146213135
2024-07-23_HOU@OAK,0.7407407407407407,1,2024-07-23,0.6818600352899512
2024-07-23_TB@TOR,0.4822834645669291,0,2024-07-23,0.4898815149144671
2024-07-23_SD@WSH,0.6827586206896552,0,2024-07-23,0.5735956616319144
2024-07-23_PHI@MIN,0.4253521126760563,0,2024-07-23,0.4555124996313934
2024-07-23_AZ@KC,0.7157894736842105,1,2024-07-23,0.6114951814588845
2024-07-23_STL@PIT,0.5331491712707183,0,2024-07-23,0.5002271902574709
2024-07-23_DET@CLE,0.4253521126760563,0,2024-07-23,0.44505091405601116
2024-07-23_SF@LAD,0.5511811023622046,1,2024-07-23,0.5138148147079468
2024-07-23_LAA@SEA,0.3881656804733728,0,2024-07-23,0.42932769327116016
2024-07-23_MIL@CHC,0.6827586206896552,0,2024-07-23,0.59641972686244
2024-07-23_NYM@NYY,0.45825049701789267,0,2024-07-23,0.4700018313398815
2024-07-23_BOS@COL,0.4822834645669291,1,2024-07-23,0.4911961394486998
2024-07-23_CWS@TEX,0.4253521126760563,1,2024-07-23,0.44347292036787833
2024-07-24_CWS@TEX,0.45825049701789267,1,2024-07-24,0.48401779840538584
2024-07-24_CIN@ATL,0.7407407407407407,1,2024-07-24,0.6171999523809588
2024-07-24_LAA@SEA,0.4253521126760563,0,2024-07-24,0.4408243463232904
2024-07-24_BAL@MIA,0.4253521126760563,0,2024-07-24,0.4415069975932886
2024-07-24_HOU@OAK,0.5511811023622046,1,2024-07-24,0.5178536348443121
2024-07-24_SF@LAD,0.6211656441717791,1,2024-07-24,0.5391384104144485
2024-07-24_MIL@CHC,0.3881656804733728,1,2024-07-24,0.4363446036384986
2024-07-24_AZ@KC,0.4253521126760563,0,2024-07-24,0.4657672255285391
2024-07-24_DET@CLE,0.4253521126760563,1,2024-07-24,0.4425989384286748
2024-07-24_BOS@COL,0.45825049701789267,1,2024-07-24,0.48425883568812367
2024-07-24_PHI@MIN,0.4253521126760563,0,2024-07-24,0.4672403529984567
2024-07-24_NYM@NYY,0.6211656441717791,1,2024-07-24,0.5481754970946963
2024-07-24_TB@TOR,0.3881656804733728,1,2024-07-24,0.42362104846180526
2024-07-24_STL@PIT,0.6211656441717791,0,2024-07-24,0.5429789278614425
2024-07-24_SD@WSH,0.7407407407407407,1,2024-07-24,0.6629160065146078
2024-07-25_SD@WSH,0.45825049701789267,1,2024-07-25,0.4815381620293542
2024-07-25_TB@TOR,0.7407407407407407,1,2024-07-25,0.6548315315903613
2024-07-25_SF@LAD,0.5331491712707183,0,2024-07-25,0.5022965921028305
2024-07-25_BAL@MIA,0.45825049701789267,1,2024-07-25,0.4759934263909017
2024-07-25_ATL@NYM,0.6553191489361702,0,2024-07-25,0.559596813573288
2024-07-25_DET@CLE,0.4822834645669291,0,2024-07-25,0.48784711346021714
2024-07-25_OAK@LAA,0.4253521126760563,1,2024-07-25,0.4471151131418992
2024-07-25_CWS@TEX,0.4822834645669291,0,2024-07-25,0.4859612217506596
2024-07-26_CHC@KC,0.45825049701789267,0,2024-07-26,0.48029073027826774
2024-07-26_COL@SF,0.4822834645669291,1,2024-07-26,0.48962769126263206
2024-07-26_TEX@TOR,0.49743589743589745,1,2024-07-26,0.494021715166324
2024-07-26_WSH@STL,0.4253521126760563,0,2024-07-26,0.4552241066288194
2024-07-26_MIN@DET,0.4253521126760563,1,2024-07-26,0.46251672453025305
2024-07-26_CIN@TB,0.5511811023622046,1,2024-07-26,0.5233748999313773
2024-07-26_OAK@LAA,0.3881656804733728,1,2024-07-26,0.4325495905657215
2024-07-26_NYY@BOS,0.4253521126760563,1,2024-07-26,0.44597860141563395
2024-07-26_LAD@HOU,0.4253521126760563,0,2024-07-26,0.4468681946559603
2024-07-26_PIT@AZ,0.3881656804733728,1,2024-07-26,0.4378478482768211
2024-07-26_CLE@PHI,0.45825049701789267,1,2024-07-26,0.47247888828838325
2024-07-26_SD@BAL,0.4253521126760563,0,2024-07-26,0.4415355371969597
2024-07-26_SEA@CWS,0.5369261477045908,1,2024-07-26,0.50760558027206
2024-07-26_ATL@NYM,0.4822834645669291,0,2024-07-26,0.4920914949316598
2024-07-26_MIA@MIL,0.5511811023622046,1,2024-07-26,0.5116815917009383
2024-07-27_WSH@STL,0.5511811023622046,0,2024-07-27,0.5164357938334239
2024-07-27_MIN@DET,0.6553191489361702,1,2024-07-27,0.562255167071206
2024-07-27_PIT@AZ,0.45825049701789267,1,2024-07-27,0.47385447619996235
2024-07-27_TEX@TOR,0.5369261477045908,1,2024-07-27,0.507153705529736
2024-07-27_SEA@CWS,0.4253521126760563,0,2024-07-27,0.44684509238764947
2024-07-27_LAD@HOU,0.6211656441717791,0,2024-07-27,0.5521609162419148
2024-07-27_ATL@NYM,0.4253521126760563,0,2024-07-27,0.4654684136588908
2024-07-27_MIA@MIL,0.3881656804733728,0,2024-07-27,0.4280344158110858
2024-07-27_COL@SF,0.7407407407407407,1,2024-07-27,0.6765400334323354
2024-07-27_SD@BAL,0.1888111888111888,0,2024-07-27,0.3855788297313705
2024-07-27_CHC@KC,0.49743589743589745,1,2024-07-27,0.49464127768177213
2024-07-27_COL@SF,0.6553191489361702,0,2024-07-27,0.56313482710284
2024-07-27_CIN@TB,0.268041237113402,0,2024-07-27,0.41397744450006857
2024-07-27_OAK@LAA,0.5511811023622046,1,2024-07-27,0.5112378164567232
2024-07-27_NYY@BOS,0.4253521126760563,1,2024-07-27,0.4676089150280085
2024-07-27_CLE@PHI,0.4253521126760563,0,2024-07-27,0.44486626299435394
2024-07-28_ATL@NYM,0.3881656804733728,0,2024-07-28,0.4313693061188476
2024-07-28_CIN@TB,0.5331491712707183,0,2024-07-28,0.5015823309778434
2024-07-28_SD@BAL,0.1888111888111888,0,2024-07-28,0.3888914307223247
2024-07-28_MIA@MIL,0.7407407407407407,1,2024-07-28,0.63792713477072
2024-07-28_OAK@LAA,0.3881656804733728,0,2024-07-28,0.43730195471419364
2024-07-28_MIN@DET,0.3881656804733728,0,2024-07-28,0.43862960639429516
2024-07-28_CLE@PHI,0.5369261477045908,1,2024-07-28,0.5032168755975148
2024-07-28_COL@SF,0.4253521126760563,1,2024-07-28,0.4460524224378227
2024-07-28_CHC@KC,0.5369261477045908,1,2024-07-28,0.5031205902649667
2024-07-28_PIT@AZ,0.7407407407407407,0,2024-07-28,0.6165371382977431
2024-07-28_NYY@BOS,0.4253521126760563,1,2024-07-28,0.45141766030218566
2024-07-28_WSH@STL,0.5331491712707183,1,2024-07-28,0.5020682989105827
2024-07-28_LAD@HOU,0.4253521126760563,0,2024-07-28,0.46412187191093857
2024-07-28_TEX@TOR,0.6827586206896552,1,2024-07-28,0.5872239826379668
2024-07-28_SEA@CWS,0.4253521126760563,1,2024-07-28,0.45020039558388214
2024-07-29_PIT@HOU,0.45825049701789267,0,2024-07-29,0.4735627117105008
2024-07-29_TEX@STL,0.45825049701789267,0,2024-07-29,0.4707758565787872
2024-07-29_CLE@DET,0.4253521126760563,1,2024-07-29,0.46848947957497744
2024-07-29_TOR@BAL,0.4822834645669291,1,2024-07-29,0.4877797792682096
2024-07-29_MIN@NYM,0.4253521126760563,1,2024-07-29,0.4654962850681925
2024-07-29_NYY@PHI,0.3881656804733728,1,2024-07-29,0.4375961621626988
2024-07-29_CHC@CIN,0.4253521126760563,0,2024-07-29,0.45715279538739384
2024-07-29_SEA@BOS,0.1888111888111888,0,2024-07-29,0.38504243212994527
2024-07-29_ATL@MIL,0.4822834645669291,0,2024-07-29,0.48836161642873044
2024-07-29_WSH@AZ,0.5511811023622046,1,2024-07-29,0.5180945120579904
2024-07-29_KC@CWS,0.6553191489361702,1,2024-07-29,0.5565347478596251
2024-07-29_TOR@BAL,0.6827586206896552,1,2024-07-29,0.5873227567522901
2024-07-30_TOR@BAL,0.4253521126760563,1,2024-07-30,0.45239006395382975
2024-07-30_CLE@DET,0.1888111888111888,0,2024-07-30,0.3842752289509078
2024-07-30_WSH@AZ,0.6211656441717791,1,2024-07-30,0.5312884232456623
2024-07-30_MIA@TB,0.4253521126760563,1,2024-07-30,0.46401081985792614
2024-07-30_COL@LAA,0.5331491712707183,1,2024-07-30,0.49817569396078676
2024-07-30_TEX@STL,0.5511811023622046,1,2024-07-30,0.5217947572490946
2024-07-30_CHC@CIN,0.4253521126760563,1,2024-07-30,0.46491127899614704
2024-07-30_ATL@MIL,0.45825049701789267,0,2024-07-30,0.4718339883871756
2024-07-30_NYY@PHI,0.45825049701789267,1,2024-07-30,0.47156267172505606
2024-07-30_KC@CWS,0.4253521126760563,1,2024-07-30,0.45859041541625345
2024-07-30_SEA@BOS,0.34210526315789475,1,2024-07-30,0.42111419050805254
2024-07-30_OAK@SF,0.4253521126760563,0,2024-07-30,0.45131473941301015
2024-07-30_MIN@NYM,0.3881656804733728,0,2024-07-30,0.42635364976602275
2024-07-30_PIT@HOU,0.45825049701789267,0,2024-07-30,0.48009602279610186
2024-07-30_LAD@SD,0.4253521126760563,1,2024-07-30,0.46264796721861634
2024-07-31_KC@CWS,0.4253521126760563,1,2024-07-31,0.45796330544519126
2024-07-31_TEX@STL,0.4253521126760563,0,2024-07-31,0.4564995438781374
2024-07-31_ATL@MIL,0.3881656804733728,1,2024-07-31,0.43196379695303544
2024-07-31_SEA@BOS,0.3881656804733728,1,2024-07-31,0.42656508639490287
2024-07-31_COL@LAA,0.3881656804733728,1,2024-07-31,0.43925874486200533
2024-07-31_LAD@SD,0.45825049701789267,0,2024-07-31,0.48214933961861195
2024-07-31_MIA@TB,0.6211656441717791,1,2024-07-31,0.5294676452818234
2024-07-31_CHC@CIN,0.3881656804733728,0,2024-07-31,0.43497405101526243
2024-07-31_NYY@PHI,0.4253521126760563,0,2024-07-31,0.45309131548812653
2024-07-31_WSH@AZ,0.45825049701789267,0,2024-07-31,0.4738143739302497
2024-07-31_OAK@SF,0.5511811023622046,0,2024-07-31,0.513434963137277
2024-07-31_TOR@BAL,0.5511811023622046,1,2024-07-31,0.519818733295666
2024-07-31_MIN@NYM,0.4253521126760563,0,2024-07-31,0.4680037573597694
2024-07-31_PIT@HOU,0.45825049701789267,0,2024-07-31,0.4707211692668528
2024-08-01_KC@DET,0.45825049701789267,1,2024-08-01,0.4753067568976226
2024-08-01_COL@LAA,0.4253521126760563,0,2024-08-01,0.44909403982032514
2024-08-01_STL@CHC,0.265993265993266,1,2024-08-01,0.4069928984212621
2024-08-01_MIA@ATL,0.4253521126760563,1,2024-08-01,0.4666774847423333
2024-08-01_BAL@CLE,0.45825049701789267,1,2024-08-01,0.4710332676465
2024-08-02_MIL@WSH,0.5369261477045908,0,2024-08-02,0.5102119495239159
2024-08-02_SF@CIN,0.45825049701789267,0,2024-08-02,0.4759064929444211
2024-08-02_CWS@MIN,0.5369261477045908,1,2024-08-02,0.5073043087589203
2024-08-02_TB@HOU,0.4253521126760563,1,2024-08-02,0.4509859972185264
2024-08-02_PHI@SEA,0.5511811023622046,1,2024-08-02,0.5213946796626314
2024-08-02_KC@DET,0.5331491712707183,1,2024-08-02,0.5000811649645511
2024-08-02_COL@SD,0.5511811023622046,0,2024-08-02,0.5130627813415142
2024-08-02_TOR@NYY,0.5369261477045908,1,2024-08-02,0.5052048047457618
2024-08-02_LAD@OAK,0.7407407407407407,1,2024-08-02,0.6628467833920639
2024-08-02_STL@CHC,0.265993265993266,0,2024-08-02,0.4059509652419564
2024-08-02_BAL@CLE,0.4253521126760563,0,2024-08-02,0.44907953139788703
2024-08-02_NYM@LAA,0.5331491712707183,0,2024-08-02,0.4994516321704747
2024-08-02_BOS@TEX,0.5511811023622046,1,2024-08-02,0.521502739024375
2024-08-02_MIA@ATL,0.45825049701789267,1,2024-08-02,0.4753171561158376
2024-08-02_AZ@PIT,0.3881656804733728,1,2024-08-02,0.43230206639119206
2024-08-03_CWS@MIN,0.3466666666666667,0,2024-08-03,0.42228704002012196
2024-08-03_AZ@PIT,0.3881656804733728,0,2024-08-03,0.4365008608991475
2024-08-03_LAD@OAK,0.6553191489361702,0,2024-08-03,0.5653758727354635
2024-08-03_MIA@ATL,0.4822834645669291,1,2024-08-03,0.4931725350199143
2024-08-03_COL@SD,0.45825049701789267,0,2024-08-03,0.47553496228777703
2024-08-03_TB@HOU,0.45825049701789267,0,2024-08-03,0.4706482662493737
2024-08-03_NYM@LAA,0.45825049701789267,1,2024-08-03,0.48069204211828553
2024-08-03_KC@DET,0.45825049701789267,0,2024-08-03,0.4724913300113036
2024-08-03_STL@CHC,0.49743589743589745,1,2024-08-03,0.4955522592655307
2024-08-03_BOS@TEX,0.5331491712707183,1,2024-08-03,0.49726611172561996
2024-08-03_BAL@CLE,0.30434782608695654,0,2024-08-03,0.41962838314279005
2024-08-03_PHI@SEA,0.3881656804733728,1,2024-08-03,0.43888598871602313
2024-08-03_SF@CIN,0.4253521126760563,0,2024-08-03,0.4652573662097391
2024-08-03_TOR@NYY,0.45825049701789267,1,2024-08-03,0.48222561377165163
2024-08-03_MIL@WSH,0.4822834645669291,1,2024-08-03,0.49204327806215353
2024-08-04_TOR@NYY,0.6827586206896552,0,2024-08-04,0.5704725822100587
2024-08-04_LAD@OAK,0.5369261477045908,1,2024-08-04,0.5081475936881077
2024-08-04_COL@SD,0.45825049701789267,0,2024-08-04,0.47536822564288805
2024-08-04_CWS@MIN,0.5331491712707183,1,2024-08-04,0.497068566636626
2024-08-04_BAL@CLE,0.1888111888111888,1,2024-08-04,0.38213060357048356
2024-08-04_PHI@SEA,0.4822834645669291,1,2024-08-04,0.48492178391839136
2024-08-04_MIL@WSH,0.3466666666666667,1,2024-08-04,0.42265579511110707
2024-08-04_STL@CHC,0.45825049701789267,0,2024-08-04,0.481403414111081
2024-08-04_MIA@ATL,0.4253521126760563,0,2024-08-04,0.46670916878919344
2024-08-04_AZ@PIT,0.45825049701789267,1,2024-08-04,0.476416251105084
2024-08-04_BOS@TEX,0.3881656804733728,1,2024-08-04,0.4272865428429794
2024-08-04_SF@CIN,0.3881656804733728,0,2024-08-04,0.4348477238882853
2024-08-04_NYM@LAA,0.5369261477045908,0,2024-08-04,0.5071306957083379
2024-08-04_TB@HOU,0.7157894736842105,0,2024-08-04,0.6078227348131201
2024-08-04_KC@DET,0.4822834645669291,0,2024-08-04,0.4862434212428962
2024-08-05_SF@WSH,0.49743589743589745,1,2024-08-05,0.4957799681669691
2024-08-05_PHI@LAD,0.4253521126760563,0,2024-08-05,0.45851347888536054
2024-08-05_BOS@KC,0.268041237113402,0,2024-08-05,0.41120326476859737
2024-08-05_MIN@CHC,0.34210526315789475,0,2024-08-05,0.42050964185806927
2024-08-05_AZ@CLE,0.4822834645669291,1,2024-08-05,0.4933587058289133
2024-08-05_HOU@TEX,0.4253521126760563,0,2024-08-05,0.4637859749199462
2024-08-05_CIN@MIA,0.6211656441717791,1,2024-08-05,0.550460064028879
2024-08-05_CWS@OAK,0.45825049701789267,1,2024-08-05,0.47062693808440814
2024-08-05_NYM@STL,0.3881656804733728,0,2024-08-05,0.4277103509282969
2024-08-06_BOS@KC,0.4253521126760563,1,2024-08-06,0.4459640731107002
2024-08-06_SF@WSH,0.3881656804733728,1,2024-08-06,0.43411464392584065
2024-08-06_MIN@CHC,0.4822834645669291,1,2024-08-06,0.49035688624184626
2024-08-06_PHI@LAD,0.4822834645669291,0,2024-08-06,0.4901015303169691
2024-08-06_NYM@COL,0.3881656804733728,0,2024-08-06,0.43265479708298415
2024-08-06_BAL@TOR,0.265993265993266,0,2024-08-06,0.39646116016245014
2024-08-06_HOU@TEX,0.4822834645669291,0,2024-08-06,0.49283055369364925
2024-08-06_SD@PIT,0.5369261477045908,0,2024-08-06,0.5072516750718092
2024-08-06_TB@STL,0.5511811023622046,1,2024-08-06,0.5174576654229524
2024-08-06_DET@SEA,0.45825049701789267,0,2024-08-06,0.473630202846696
2024-08-06_CWS@OAK,0.5369261477045908,0,2024-08-06,0.5094438270693562
2024-08-06_MIL@ATL,0.5511811023622046,1,2024-08-06,0.5198747357091167
2024-08-06_CIN@MIA,0.5511811023622046,0,2024-08-06,0.5173236419451037
2024-08-07_HOU@TEX,0.4253521126760563,1,2024-08-07,0.46539813752908754
2024-08-07_TB@STL,0.5369261477045908,1,2024-08-07,0.5083425613400537
2024-08-07_BAL@TOR,0.4253521126760563,1,2024-08-07,0.45600830152979077
2024-08-07_NYM@COL,0.6553191489361702,1,2024-08-07,0.5575205925243378
2024-08-07_CWS@OAK,0.34210526315789475,0,2024-08-07,0.4211474692182662
2024-08-07_SD@PIT,0.4253521126760563,1,2024-08-07,0.4632371319104912
2024-08-07_MIL@ATL,0.4253521126760563,1,2024-08-07,0.46641528669304255
2024-08-07_SF@WSH,0.4253521126760563,0,2024-08-07,0.4600313495838151
2024-08-07_AZ@CLE,0.45825049701789267,0,2024-08-07,0.48442696698625665
2024-08-07_LAA@NYY,0.268041237113402,0,2024-08-07,0.4086122203575726
2024-08-07_CIN@MIA,0.6211656441717791,1,2024-08-07,0.5452767825764088
2024-08-07_LAA@NYY,0.6827586206896552,1,2024-08-07,0.5662136904876038
2024-08-07_BOS@KC,0.6211656441717791,1,2024-08-07,0.5515251203539255
2024-08-07_PHI@LAD,0.7407407407407407,1,2024-08-07,0.6179770504227615
2024-08-07_DET@SEA,0.45825049701789267,1,2024-08-07,0.47055843692199983
2024-08-07_AZ@CLE,0.3881656804733728,0,2024-08-07,0.4232877591165767
2024-08-07_MIN@CHC,0.6827586206896552,1,2024-08-07,0.5664959982225655
2024-08-08_PHI@AZ,0.5511811023622046,0,2024-08-08,0.5175334766599182
2024-08-08_DET@SEA,0.4822834645669291,0,2024-08-08,0.4882742751312159
2024-08-08_TB@STL,0.7727272727272727,1,2024-08-08,0.7084543451127168
2024-08-08_LAA@NYY,0.5369261477045908,1,2024-08-08,0.5071332561585522
2024-08-08_MIL@ATL,0.7157894736842105,1,2024-08-08,0.6046663047890468
2024-08-08_NYM@COL,0.4253521126760563,1,2024-08-08,0.4548068007908247
2024-08-08_SD@PIT,0.6553191489361702,1,2024-08-08,0.5539145632351319
2024-08-08_SF@WSH,0.6827586206896552,1,2024-08-08,0.5967084223435928
2024-08-08_CIN@MIA,0.7157894736842105,1,2024-08-08,0.6105769233019714
2024-08-08_BAL@TOR,0.6211656441717791,1,2024-08-08,0.547091238172245
2024-08-09_BAL@TB,0.6211656441717791,1,2024-08-09,0.5402995281745986
2024-08-09_OAK@TOR,0.7407407407407407,1,2024-08-09,0.6192587363895542
2024-08-09_CLE@MIN,0.4253521126760563,1,2024-08-09,0.4421016373290254
2024-08-09_PHI@AZ,0.4253521126760563,1,2024-08-09,0.4491968094620339
2024-08-09_CIN@MIL,0.6827586206896552,1,2024-08-09,0.5769082438225744
2024-08-09_LAA@WSH,0.45825049701789267,1,2024-08-09,0.4744770509198817
2024-08-09_HOU@BOS,0.4253521126760563,1,2024-08-09,0.4414815140995195
2024-08-09_NYM@SEA,0.3881656804733728,0,2024-08-09,0.4313710328396466
2024-08-09_STL@KC,0.7157894736842105,1,2024-08-09,0.6129016950765698
2024-08-09_ATL@COL,0.4253521126760563,1,2024-08-09,0.4454302846053183
2024-08-09_PIT@LAD,0.49743589743589745,1,2024-08-09,0.49380953641087444
2024-08-09_CLE@MIN,0.4253521126760563,1,2024-08-09,0.4412673857297602
2024-08-09_CHC@CWS,0.4253521126760563,1,2024-08-09,0.46569423844567404
2024-08-09_SD@MIA,0.3881656804733728,0,2024-08-09,0.42405534428258707
2024-08-09_DET@SF,0.5511811023622046,0,2024-08-09,0.5191340079484146
2024-08-10_DET@SF,0.29896907216494845,0,2024-08-10,0.41489959632517526
2024-08-10_CIN@MIL,0.265993265993266,0,2024-08-10,0.4029414932411489
2024-08-10_PIT@LAD,0.4253521126760563,1,2024-08-10,0.459333268285822
2024-08-10_SD@MIA,0.5331491712707183,1,2024-08-10,0.5016856589714922
2024-08-10_TEX@NYY,0.4253521126760563,0,2024-08-10,0.4518324792832791
2024-08-10_CHC@CWS,0.6827586206896552,0,2024-08-10,0.5812638150459055
2024-08-10_LAA@WSH,0.3466666666666667,0,2024-08-10,0.4217106481498406
2024-08-10_BAL@TB,0.45825049701789267,1,2024-08-10,0.4822867259589185
2024-08-10_OAK@TOR,0.4253521126760563,0,2024-08-10,0.4652464451367343
2024-08-10_STL@KC,0.4253521126760563,0,2024-08-10,0.46229344919977733
2024-08-10_NYM@SEA,0.3881656804733728,1,2024-08-10,0.4330157621335847
2024-08-10_ATL@COL,0.5369261477045908,0,2024-08-10,0.5088218672471283
2024-08-10_PHI@AZ,0.4822834645669291,1,2024-08-10,0.49063223489919594
2024-08-10_HOU@BOS,0.45825049701789267,1,2024-08-10,0.48225255358511887
2024-08-10_CLE@MIN,0.45825049701789267,0,2024-08-10,0.4704127968172013
2024-08-10_TEX@NYY,0.4253521126760563,1,2024-08-10,0.4461838124224363
2024-08-11_PIT@LAD,0.30434782608695654,1,2024-08-11,0.41924368314674154
2024-08-11_OAK@TOR,0.5331491712707183,1,2024-08-11,0.501641630175743
2024-08-11_CLE@MIN,0.265993265993266,0,2024-08-11,0.4006452547796525
2024-08-11_HOU@BOS,0.45825049701789267,0,2024-08-11,0.4734019813426602
2024-08-11_TEX@NYY,0.5511811023622046,1,2024-08-11,0.5265272875481344
2024-08-11_SD@MIA,0.45825049701789267,1,2024-08-11,0.478549845877586
2024-08-11_LAA@WSH,0.29896907216494845,0,2024-08-11,0.4168507890744163
2024-08-11_CIN@MIL,0.45825049701789267,0,2024-08-11,0.47499806443325576
2024-08-11_BAL@TB,0.4253521126760563,0,2024-08-11,0.4520534045948613
2024-08-11_DET@SF,0.6211656441717791,1,2024-08-11,0.544303462852876
2024-08-11_NYM@SEA,0.4253521126760563,0,2024-08-11,0.4594474844196642
2024-08-11_PHI@AZ,0.6211656441717791,1,2024-08-11,0.5439553268488933
2024-08-11_ATL@COL,0.45825049701789267,1,2024-08-11,0.46978755082450374
2024-08-12_HOU@TB,0.3881656804733728,1,2024-08-12,0.4351231966868946
2024-08-12_KC@MIN,0.45825049701789267,1,2024-08-12,0.48329969649168725
2024-08-12_STL@CIN,0.4253521126760563,0,2024-08-12,0.44964402207006304
2024-08-12_COL@AZ,0.45825049701789267,0,2024-08-12,0.47050658145538315
2024-08-12_TEX@BOS,0.5511811023622046,0,2024-08-12,0.5209059798254357
2024-08-12_ATL@SF,0.4253521126760563,0,2024-08-12,0.4509357500470009
2024-08-12_TOR@LAA,0.6211656441717791,0,2024-08-12,0.5433270629198785
2024-08-12_PIT@SD,0.5511811023622046,0,2024-08-12,0.5120287201178308
2024-08-12_LAD@MIL,0.4253521126760563,0,2024-08-12,0.46277800832157767
2024-08-12_CHC@CLE,0.3466666666666667,0,2024-08-12,0.4223181315862975
2024-08-12_NYY@CWS,0.5511811023622046,1,2024-08-12,0.521665197985723
2024-08-13_TEX@BOS,0.5331491712707183,1,2024-08-13,0.500478685903941
2024-08-13_OAK@NYM,0.6827586206896552,1,2024-08-13,0.5895232334269704
2024-08-13_NYY@CWS,0.3881656804733728,0,2024-08-13,0.43309662869495225
2024-08-13_STL@CIN,0.4253521126760563,1,2024-08-13,0.4650012653195308
2024-08-13_COL@AZ,0.4822834645669291,0,2024-08-13,0.4882163390964571
2024-08-13_CHC@CLE,0.4253521126760563,0,2024-08-13,0.44125988287027407
2024-08-13_KC@MIN,0.5369261477045908,1,2024-08-13,0.5096319661913644
2024-08-13_MIA@PHI,0.5511811023622046,1,2024-08-13,0.5135250776548205
2024-08-13_HOU@TB,0.49743589743589745,0,2024-08-13,0.495051536470288
2024-08-13_TOR@LAA,0.6827586206896552,1,2024-08-13,0.5799694877527857
2024-08-13_WSH@BAL,0.4253521126760563,1,2024-08-13,0.4433206483458002
2024-08-13_SEA@DET,0.5331491712707183,1,2024-08-13,0.5004125861096238
2024-08-13_PIT@SD,0.5511811023622046,1,2024-08-13,0.5250280433232473
2024-08-13_LAD@MIL,0.6827586206896552,0,2024-08-13,0.5821177658820051
2024-08-13_ATL@SF,0.6827586206896552,0,2024-08-13,0.5697417876662372
2024-08-14_COL@AZ,0.45825049701789267,1,2024-08-14,0.4705745598568968
2024-08-14_TOR@LAA,0.45825049701789267,0,2024-08-14,0.48335699005555144
2024-08-14_WSH@BAL,0.4253521126760563,1,2024-08-14,0.4664898675796767
2024-08-14_SEA@DET,0.4253521126760563,0,2024-08-14,0.46001999975462815
2024-08-14_MIA@PHI,0.5511811023622046,1,2024-08-14,0.5137141377026353
2024-08-14_LAD@MIL,0.7407407407407407,1,2024-08-14,0.6812566047188451
2024-08-14_NYY@CWS,0.6211656441717791,1,2024-08-14,0.5385983433293328
2024-08-14_ATL@SF,0.5331491712707183,1,2024-08-14,0.5025225319646702
2024-08-14_HOU@TB,0.3881656804733728,0,2024-08-14,0.439197010756299
2024-08-14_TEX@BOS,0.265993265993266,0,2024-08-14,0.4057881064140164
2024-08-14_PIT@SD,0.4253521126760563,1,2024-08-14,0.4485486506547276
2024-08-14_CHC@CLE,0.4253521126760563,0,2024-08-14,0.4674264875017714
2024-08-14_STL@CIN,0.4253521126760563,0,2024-08-14,0.4539118183189048
2024-08-14_OAK@NYM,0.4253521126760563,0,2024-08-14,0.4626030764738033
2024-08-14_KC@MIN,0.6827586206896552,0,2024-08-14,0.569430869120876
2024-08-15_MIN@TEX,0.7407407407407407,1,2024-08-15,0.6157970914461528
2024-08-15_LAD@MIL,0.45825049701789267,1,2024-08-15,0.48024457152919475
2024-08-15_BOS@BAL,0.4253521126760563,0,2024-08-15,0.44256521481656586
2024-08-15_WSH@PHI,0.4253521126760563,1,2024-08-15,0.451569878147834
2024-08-15_SEA@DET,0.45825049701789267,1,2024-08-15,0.4771179520141675
2024-08-15_ATL@SF,0.45825049701789267,0,2024-08-15,0.47317899229321314
2024-08-15_OAK@NYM,0.5511811023622046,0,2024-08-15,0.5116047034186424
2024-08-16_ATL@LAA,0.268041237113402,0,2024-08-16,0.41033480785446874
2024-08-16_AZ@TB,0.3881656804733728,1,2024-08-16,0.43002069343773563
2024-08-16_CWS@HOU,0.4253521126760563,0,2024-08-16,0.4596939251022042
2024-08-16_SD@COL,0.5331491712707183,1,2024-08-16,0.49969097445983923
2024-08-16_LAD@STL,0.4253521126760563,0,2024-08-16,0.4594318331079371
2024-08-16_BOS@BAL,0.4822834645669291,1,2024-08-16,0.4848174858134261
2024-08-16_NYY@DET,0.4253521126760563,1,2024-08-16,0.446979934344615
2024-08-16_WSH@PHI,0.7407407407407407,0,2024-08-16,0.6722884824316755
2024-08-16_KC@CIN,0.5369261477045908,0,2024-08-16,0.5078536807804656
2024-08-16_SEA@PIT,0.45825049701789267,0,2024-08-16,0.4700593424842746
2024-08-16_MIA@NYM,0.7407407407407407,1,2024-08-16,0.6434690027490685
2024-08-16_MIN@TEX,0.3881656804733728,0,2024-08-16,0.4374839785087159
2024-08-16_CLE@MIL,0.4822834645669291,1,2024-08-16,0.48941217067649545
2024-08-16_TOR@CHC,0.4253521126760563,1,2024-08-16,0.45819307916998075
2024-08-17_TOR@CHC,0.5511811023622046,1,2024-08-17,0.5172964355657717
2024-08-17_ATL@LAA,0.4253521126760563,1,2024-08-17,0.44308334697460583
2024-08-17_SEA@PIT,0.49743589743589745,1,2024-08-17,0.4958511665353075
2024-08-17_CLE@MIL,0.1888111888111888,1,2024-08-17,0.38959325254949173
2024-08-17_WSH@PHI,0.30434782608695654,0,2024-08-17,0.41939343513734995
2024-08-17_AZ@TB,0.6211656441717791,1,2024-08-17,0.5519186179548659
2024-08-17_KC@CIN,0.3881656804733728,1,2024-08-17,0.4322480654665687
2024-08-17_SD@COL,0.6211656441717791,0,2024-08-17,0.5451520285560894
2024-08-17_BOS@BAL,0.265993265993266,0,2024-08-17,0.40050887656955036
2024-08-17_MIA@NYM,0.5511811023622046,1,2024-08-17,0.5162232059917555
2024-08-17_CWS@HOU,0.4822834645669291,1,2024-08-17,0.4904824157008765
2024-08-17_LAD@STL,0.7407407407407407,1,2024-08-17,0.6523956157313651
2024-08-17_MIN@TEX,0.6211656441717791,0,2024-08-17,0.5458830727724131
2024-08-17_NYY@DET,0.5369261477045908,1,2024-08-17,0.5035273379582927
2024-08-17_SF@OAK,0.3881656804733728,0,2024-08-17,0.423123992639177
2024-08-18_MIA@NYM,0.6553191489361702,0,2024-08-18,0.5632953128955481
2024-08-18_LAD@STL,0.4822834645669291,0,2024-08-18,0.48791473084182957
2024-08-18_SD@COL,0.3881656804733728,0,2024-08-18,0.4252185770485811
2024-08-18_KC@CIN,0.3881656804733728,0,2024-08-18,0.435726360142615
2024-08-18_WSH@PHI,0.4822834645669291,1,2024-08-18,0.49323071901899707
2024-08-18_AZ@TB,0.7407407407407407,0,2024-08-18,0.651432354118448
2024-08-18_ATL@LAA,0.7157894736842105,1,2024-08-18,0.6135682886586387
2024-08-18_CWS@HOU,0.4822834645669291,0,2024-08-18,0.492013729510404
2024-08-18_BOS@BAL,0.3881656804733728,0,2024-08-18,0.43315987296595515
2024-08-18_TOR@CHC,0.3881656804733728,0,2024-08-18,0.43160072809550964
2024-08-18_SF@OAK,0.30434782608695654,0,2024-08-18,0.420246070519806
2024-08-18_MIN@TEX,0.5511811023622046,1,2024-08-18,0.5270195262213725
2024-08-18_SEA@PIT,0.5511811023622046,1,2024-08-18,0.5240072511176724
2024-08-18_NYY@DET,0.45825049701789267,0,2024-08-18,0.48426940645924754
2024-08-18_CLE@MIL,0.5511811023622046,1,2024-08-18,0.513114831986125
2024-08-19_LAA@KC,0.6211656441717791,0,2024-08-19,0.5499690790533052
2024-08-19_AZ@MIA,0.6827586206896552,0,2024-08-19,0.5919924595336109
2024-08-19_CIN@TOR,0.5511811023622046,1,2024-08-19,0.5280125495252046
2024-08-19_MIN@SD,0.4253521126760563,1,2024-08-19,0.44421784917300244
2024-08-19_SEA@LAD,0.45825049701789267,0,2024-08-19,0.46954704366263755
2024-08-19_PIT@TEX,0.6211656441717791,1,2024-08-19,0.5381113623262286
2024-08-19_TB@OAK,0.7407407407407407,1,2024-08-19,0.6493512997640201
2024-08-19_CWS@SF,0.3881656804733728,0,2024-08-19,0.4312593873701851
2024-08-19_BAL@NYM,0.4253521126760563,1,2024-08-19,0.468123133187903
2024-08-19_BOS@HOU,0.4253521126760563,1,2024-08-19,0.4510171981513825
2024-08-20_CLE@NYY,0.4253521126760563,1,2024-08-20,0.4408085219180642
2024-08-20_MIL@STL,0.29896907216494845,0,2024-08-20,0.41606308029071415
2024-08-20_TB@OAK,0.268041237113402,0,2024-08-20,0.41208858063801046
2024-08-20_BOS@HOU,0.45825049701789267,1,2024-08-20,0.4702870622325711
2024-08-20_LAA@KC,0.49743589743589745,0,2024-08-20,0.4943481307010069
2024-08-20_BAL@NYM,0.4253521126760563,1,2024-08-20,0.44675222906848655
2024-08-20_PHI@ATL,0.45825049701789267,0,2024-08-20,0.48110288760473885
2024-08-20_COL@WSH,0.6827586206896552,1,2024-08-20,0.5675515546341916
2024-08-20_DET@CHC,0.3466666666666667,0,2024-08-20,0.4230859613483874
2024-08-20_CIN@TOR,0.7407407407407407,1,2024-08-20,0.618546874972789
2024-08-20_CWS@SF,0.2678712877527937,0,2024-08-20,0.4071093473412497
2024-08-20_PIT@TEX,0.4822834645669291,0,2024-08-20,0.48473350603694854
2024-08-20_MIN@SD,0.265993265993266,0,2024-08-20,0.40662924890706964
2024-08-20_SEA@LAD,0.6827586206896552,1,2024-08-20,0.5829347089000908
2024-08-20_AZ@MIA,0.3881656804733728,1,2024-08-20,0.4404359317837727
2024-08-21_COL@WSH,0.6553191489361702,0,2024-08-21,0.5567444410852291
2024-08-21_CIN@TOR,0.5369261477045908,1,2024-08-21,0.5061819911770065
2024-08-21_CWS@SF,0.4253521126760563,1,2024-08-21,0.4519793409210081
2024-08-21_DET@CHC,0.4253521126760563,0,2024-08-21,0.4673097860244826
2024-08-21_TB@OAK,0.6211656441717791,1,2024-08-21,0.5380626483025412
2024-08-21_CLE@NYY,0.3881656804733728,1,2024-08-21,0.42819494675212677
2024-08-21_BOS@HOU,0.7157894736842105,1,2024-08-21,0.6038196780985418
2024-08-21_PHI@ATL,0.5369261477045908,0,2024-08-21,0.5044738944159616
2024-08-21_BAL@NYM,0.3881656804733728,0,2024-08-21,0.4267530972943472
2024-08-21_LAA@KC,0.4822834645669291,0,2024-08-21,0.4876094102462998
2024-08-21_PIT@TEX,0.4253521126760563,0,2024-08-21,0.4669605935277701
2024-08-21_AZ@MIA,0.29896907216494845,1,2024-08-21,0.415606690528014
2024-08-21_MIN@SD,0.45825049701789267,0,2024-08-21,0.46884662575609604
2024-08-21_SEA@LAD,0.3881656804733728,0,2024-08-21,0.43225636872360784
2024-08-21_MIL@STL,0.7407407407407407,0,2024-08-21,0.6172672250696902
2024-08-22_TB@OAK,0.49743589743589745,0,2024-08-22,0.4950669524427771
2024-08-22_CIN@PIT,0.4822834645669291,0,2024-08-22,0.4881476639567234
2024-08-22_CLE@NYY,0.5511811023622046,0,2024-08-22,0.5210005346855384
2024-08-22_PHI@ATL,0.5511811023622046,1,2024-08-22,0.5166197352808684
2024-08-22_COL@WSH,0.29896907216494845,0,2024-08-22,0.41648337915443556
2024-08-22_HOU@BAL,0.268041237113402,0,2024-08-22,0.409772501181737
2024-08-22_LAA@TOR,0.5369261477045908,0,2024-08-22,0.5048162065937972
2024-08-22_NYM@SD,0.268041237113402,1,2024-08-22,0.41355052350035015
2024-08-22_MIL@STL,0.6211656441717791,0,2024-08-22,0.5375804936460253
2024-08-22_DET@CHC,0.265993265993266,0,2024-08-22,0.40096355444982057
2024-08-23_TB@LAD,0.7407407407407407,1,2024-08-23,0.6151162374240476
2024-08-23_CHC@MIA,0.4822834645669291,0,2024-08-23,0.48811126915516956
2024-08-23_SF@SEA,0.6553191489361702,1,2024-08-23,0.5554254451912741
2024-08-23_NYM@SD,0.4253521126760563,1,2024-08-23,0.4507221529893315
2024-08-23_CIN@PIT,0.5369261477045908,1,2024-08-23,0.5036429861338402
2024-08-23_MIL@OAK,0.6211656441717791,1,2024-08-23,0.5335112021829516
2024-08-23_WSH@ATL,0.5369261477045908,1,2024-08-23,0.5045304191915894
2024-08-23_DET@CWS,0.4822834645669291,1,2024-08-23,0.48515963363677583
2024-08-23_HOU@BAL,0.4253521126760563,0,2024-08-23,0.4485424755275753
2024-08-23_AZ@BOS,0.3881656804733728,1,2024-08-23,0.4381621300648695
2024-08-23_TEX@CLE,0.4253521126760563,0,2024-08-23,0.4519237342259055
2024-08-23_PHI@KC,0.45825049701789267,1,2024-08-23,0.4745846000119287
2024-08-23_COL@NYY,0.4822834645669291,0,2024-08-23,0.4883481235862176
2024-08-23_LAA@TOR,0.4253521126760563,0,2024-08-23,0.4666026792264427
2024-08-23_STL@MIN,0.268041237113402,0,2024-08-23,0.4099253709942762
2024-08-24_TEX@CLE,0.45825049701789267,1,2024-08-24,0.47540730965529476
2024-08-24_LAA@TOR,0.4822834645669291,1,2024-08-24,0.4935225432159358
2024-08-24_CHC@MIA,0.3881656804733728,1,2024-08-24,0.4315868040796994
2024-08-24_TB@LAD,0.6827586206896552,1,2024-08-24,0.5760554640058709
2024-08-24_NYM@SD,0.6553191489361702,1,2024-08-24,0.5630892216624661
2024-08-24_PHI@KC,0.6211656441717791,0,2024-08-24,0.5307385423819883
2024-08-24_HOU@BAL,0.3881656804733728,1,2024-08-24,0.4375144944956447
2024-08-24_COL@NYY,0.7157894736842105,1,2024-08-24,0.6108911686193534
2024-08-24_MIL@OAK,0.4253521126760563,1,2024-08-24,0.4629988544695146
2024-08-24_SF@SEA,0.4822834645669291,1,2024-08-24,0.4930580744347094
2024-08-24_STL@MIN,0.4253521126760563,0,2024-08-24,0.45812750501735433
2024-08-24_AZ@BOS,0.268041237113402,0,2024-08-24,0.4119005899681554
2024-08-24_WSH@ATL,0.5331491712707183,0,2024-08-24,0.5014138115355187
2024-08-24_CIN@PIT,0.6553191489361702,1,2024-08-24,0.553864906725039
2024-08-24_DET@CWS,0.4822834645669291,1,2024-08-24,0.49020529251865896
2024-08-25_AZ@BOS,0.07692307692307693,1,2024-08-25,0.35030746635559795
2024-08-25_LAA@TOR,0.4253521126760563,0,2024-08-25,0.4479288289756883
2024-08-25_CHC@MIA,0.34210526315789475,1,2024-08-25,0.4207497907246821
2024-08-25_COL@NYY,0.7407407407407407,1,2024-08-25,0.6604904853559077
2024-08-25_HOU@BAL,0.4253521126760563,0,2024-08-25,0.4480903963435463
2024-08-25_TB@LAD,0.4253521126760563,0,2024-08-25,0.4629861408215432
2024-08-25_NYM@SD,0.4253521126760563,0,2024-08-25,0.44165675021950046
2024-08-25_CIN@PIT,0.6211656441717791,1,2024-08-25,0.5417231769694992
2024-08-25_MIL@OAK,0.5331491712707183,0,2024-08-25,0.4981169425172175
2024-08-25_DET@CWS,0.49743589743589745,1,2024-08-25,0.49629557283937753
2024-08-25_TEX@CLE,0.7407407407407407,1,2024-08-25,0.6309441934126223
2024-08-25_SF@SEA,0.6827586206896552,1,2024-08-25,0.5710340897377568
2024-08-25_PHI@KC,0.5511811023622046,0,2024-08-25,0.5191496155175526
2024-08-25_WSH@ATL,0.4253521126760563,1,2024-08-25,0.44234545496435873
2024-08-25_STL@MIN,0.4822834645669291,1,2024-08-25,0.48948500652078986
2024-08-26_DET@CWS,0.4253521126760563,1,2024-08-26,0.4609851150435017
2024-08-26_NYY@WSH,0.3881656804733728,1,2024-08-26,0.4335874846052432
2024-08-26_CHC@PIT,0.4253521126760563,0,2024-08-26,0.46711122649900927
2024-08-26_KC@CLE,0.7407407407407407,0,2024-08-26,0.6635272355450246
2024-08-26_KC@CLE,0.45825049701789267,1,2024-08-26,0.4743736486505442
2024-08-26_HOU@PHI,0.5511811023622046,0,2024-08-26,0.5199669019550184
2024-08-26_MIA@COL,0.45825049701789267,0,2024-08-26,0.48350649450350147
2024-08-26_SD@STL,0.6211656441717791,1,2024-08-26,0.5456460880657034
2024-08-26_TB@SEA,0.4253521126760563,0,2024-08-26,0.4498755307517478
2024-08-26_TOR@BOS,0.3881656804733728,0,2024-08-26,0.4370930563264638
2024-08-26_ATL@MIN,0.3881656804733728,1,2024-08-26,0.43651101944743764
2024-08-27_CHC@PIT,0.4253521126760563,1,2024-08-27,0.46686720125524184
2024-08-27_TEX@CWS,0.6827586206896552,1,2024-08-27,0.569683436374641
2024-08-27_TOR@BOS,0.4253521126760563,1,2024-08-27,0.45474771689816196
2024-08-27_KC@CLE,0.268041237113402,0,2024-08-27,0.412781417024064
2024-08-27_NYY@WSH,0.4253521126760563,0,2024-08-27,0.46193962692578316
2024-08-27_ATL@MIN,0.268041237113402,0,2024-08-27,0.4134315778821045
2024-08-27_SD@STL,0.45825049701789267,1,2024-08-27,0.4690308946656866
2024-08-27_MIA@COL,0.5369261477045908,1,2024-08-27,0.5032304672980639
2024-08-27_TB@SEA,0.4253521126760563,0,2024-08-27,0.45410280431795647
2024-08-27_NYM@AZ,0.4253521126760563,0,2024-08-27,0.45494631697426224
2024-08-27_BAL@LAD,0.265993265993266,0,2024-08-27,0.40224204657304774
2024-08-27_SF@MIL,0.5369261477045908,0,2024-08-27,0.5071959814428846
2024-08-27_HOU@PHI,0.5369261477045908,0,2024-08-27,0.5089389530476546
2024-08-27_OAK@CIN,0.5331491712707183,0,2024-08-27,0.49799847449477985
2024-08-27_LAA@DET,0.45825049701789267,1,2024-08-27,0.47337115731840207
2024-08-28_BAL@LAD,0.5511811023622046,1,2024-08-28,0.5258987028485875
2024-08-28_LAA@DET,0.4253521126760563,0,2024-08-28,0.44628540144612405
2024-08-28_NYY@WSH,0.4253521126760563,1,2024-08-28,0.4406279459391551
2024-08-28_TEX@CWS,0.5511811023622046,1,2024-08-28,0.5214128561447926
2024-08-28_SD@STL,0.4253521126760563,1,2024-08-28,0.4473436581178858
2024-08-28_TOR@BOS,0.4253521126760563,1,2024-08-28,0.44117115557623576
2024-08-28_KC@CLE,0.4253521126760563,1,2024-08-28,0.45489062905462474
2024-08-28_SF@MIL,0.45825049701789267,0,2024-08-28,0.4723625589479947
2024-08-28_TB@SEA,0.4253521126760563,0,2024-08-28,0.44924911057031613
2024-08-28_CHC@PIT,0.4822834645669291,1,2024-08-28,0.4905858105855023
2024-08-28_ATL@MIN,0.3881656804733728,1,2024-08-28,0.4355389505598395
2024-08-28_MIA@COL,0.4253521126760563,0,2024-08-28,0.45707720256837014
2024-08-28_OAK@CIN,0.4253521126760563,1,2024-08-28,0.4408129696442432
2024-08-28_NYM@AZ,0.3466666666666667,0,2024-08-28,0.42294771889645877
2024-08-28_HOU@PHI,0.5511811023622046,1,2024-08-28,0.5258822248295506
2024-08-29_KC@HOU,0.4822834645669291,0,2024-08-29,0.48487270537061744
2024-08-29_BAL@LAD,0.5369261477045908,0,2024-08-29,0.5060074183257977
2024-08-29_NYM@AZ,0.4253521126760563,0,2024-08-29,0.4557017003995132
2024-08-29_OAK@CIN,0.6827586206896552,1,2024-08-29,0.5936749417321485
2024-08-29_TOR@BOS,0.3881656804733728,0,2024-08-29,0.4346751245445487
2024-08-29_LAA@DET,0.30434782608695654,0,2024-08-29,0.4174829734310821
2024-08-29_SF@MIL,0.7407407407407407,0,2024-08-29,0.6396345559363457
2024-08-29_ATL@PHI,0.7407407407407407,0,2024-08-29,0.6211216838701539
2024-08-29_MIA@COL,0.5511811023622046,0,2024-08-29,0.5204515024423684
2024-08-29_TEX@CWS,0.4253521126760563,0,2024-08-29,0.4600542301346826
2024-08-29_SD@STL,0.6211656441717791,0,2024-08-29,0.5401079169690673
2024-08-30_SD@TB,0.45825049701789267,1,2024-08-30,0.4716186257290993
2024-08-30_LAD@AZ,0.49743589743589745,1,2024-08-30,0.4946039963350125
2024-08-30_MIL@CIN,0.45825049701789267,0,2024-08-30,0.4835977860251871
2024-08-30_BAL@COL,0.4253521126760563,0,2024-08-30,0.4564676334882424
2024-08-30_KC@HOU,0.3881656804733728,0,2024-08-30,0.42771450849081927
2024-08-30_STL@NYY,0.5369261477045908,0,2024-08-30,0.5065857613822049
2024-08-30_OAK@TEX,0.45825049701789267,1,2024-08-30,0.48298497819763286
2024-08-30_CHC@WSH,0.3881656804733728,1,2024-08-30,0.43134400342312007
2024-08-30_ATL@PHI,0.4253521126760563,0,2024-08-30,0.45722876903699283
2024-08-30_NYM@CWS,0.5511811023622046,1,2024-08-30,0.51113419335059
2024-08-30_BOS@DET,0.34210526315789475,1,2024-08-30,0.42104158519015156
2024-08-30_PIT@CLE,0.4253521126760563,1,2024-08-30,0.4652603893349878
2024-08-30_MIL@CIN,0.6211656441717791,1,2024-08-30,0.5432676968382875
2024-08-30_TOR@MIN,0.4822834645669291,0,2024-08-30,0.4897393068788215
2024-08-30_SEA@LAA,0.45825049701789267,1,2024-08-30,0.47719019419122766
2024-08-30_MIA@SF,0.3881656804733728,0,2024-08-30,0.4284102144219445
2024-08-31_KC@HOU,0.4253521126760563,0,2024-08-31,0.45049849043409473
2024-08-31_BAL@COL,0.4253521126760563,0,2024-08-31,0.45848490411094556
2024-08-31_PIT@CLE,0.4253521126760563,0,2024-08-31,0.46027267796992777
2024-08-31_NYM@CWS,0.6827586206896552,1,2024-08-31,0.5931891105715659
2024-08-31_MIL@CIN,0.5511811023622046,0,2024-08-31,0.5222228960789046
2024-08-31_SD@TB,0.5511811023622046,1,2024-08-31,0.5146287806570922
2024-08-31_CHC@WSH,0.3881656804733728,0,2024-08-31,0.43871171744945003
2024-08-31_MIA@SF,0.6211656441717791,0,2024-08-31,0.5431468708557294
2024-08-31_BOS@DET,0.5511811023622046,1,2024-08-31,0.5248199404352445
2024-08-31_ATL@PHI,0.3881656804733728,0,2024-08-31,0.4371015650313511
2024-08-31_OAK@TEX,0.3466666666666667,0,2024-08-31,0.42249872011309275
2024-08-31_LAD@AZ,0.6211656441717791,1,2024-08-31,0.5367110049662405
2024-08-31_SEA@LAA,0.3881656804733728,0,2024-08-31,0.43675745277139344
2024-08-31_TOR@MIN,0.5511811023622046,1,2024-08-31,0.521444933665526
2024-08-31_STL@NYY,0.4822834645669291,0,2024-08-31,0.4895019447693393
2024-09-01_PIT@CLE,0.4253521126760563,1,2024-09-01,0.4529808601554336
2024-09-01_CHC@WSH,0.34210526315789475,0,2024-09-01,0.421221834970153
2024-09-01_KC@HOU,0.6211656441717791,0,2024-09-01,0.5365269652937932
2024-09-01_LAD@AZ,0.5331491712707183,0,2024-09-01,0.5012332257156773
2024-09-01_MIL@CIN,0.7407407407407407,0,2024-09-01,0.637927598093537
2024-09-01_NYM@CWS,0.34210526315789475,0,2024-09-01,0.42086278596517646
2024-09-01_STL@NYY,0.4253521126760563,0,2024-09-01,0.4437613510724645
2024-09-01_TOR@MIN,0.5511811023622046,1,2024-09-01,0.5203654728140141
2024-09-01_BAL@COL,0.4822834645669291,1,2024-09-01,0.48568888301361046
2024-09-01_OAK@TEX,0.6827586206896552,1,2024-09-01,0.5725936393601043
2024-09-01_SEA@LAA,0.45825049701789267,1,2024-09-01,0.47377159136176183
2024-09-01_SD@TB,0.5511811023622046,0,2024-09-01,0.5259219480585406
2024-09-01_MIA@SF,0.4822834645669291,1,2024-09-01,0.4873589799944408
2024-09-01_ATL@PHI,0.4822834645669291,0,2024-09-01,0.4918340419414161
2024-09-01_BOS@DET,0.3881656804733728,0,2024-09-01,0.43605127155744605
2024-09-02_NYY@TEX,0.3881656804733728,0,2024-09-02,0.4244940323985099
2024-09-02_CLE@KC,0.30434782608695654,0,2024-09-02,0.4177102563390729
2024-09-02_SEA@OAK,0.7157894736842105,1,2024-09-02,0.6047161019553
2024-09-02_DET@SD,0.268041237113402,0,2024-09-02,0.41338072144479465
2024-09-02_HOU@CIN,0.6827586206896552,1,2024-09-02,0.5894323153208718
2024-09-02_BOS@NYM,0.29896907216494845,0,2024-09-02,0.41510072606359794
2024-09-02_PIT@CHC,0.4253521126760563,0,2024-09-02,0.46604178972659127
2024-09-02_LAD@AZ,0.3881656804733728,0,2024-09-02,0.43696815488533725
2024-09-02_CWS@BAL,0.3881656804733728,1,2024-09-02,0.43437004950122626
2024-09-02_MIN@TB,0.5511811023622046,1,2024-09-02,0.5197193514330527
2024-09-02_STL@MIL,0.4253521126760563,1,2024-09-02,0.4634554239669676
2024-09-03_WSH@MIA,0.45825049701789267,0,2024-09-03,0.46942867968382607
2024-09-03_CWS@BAL,0.265993265993266,1,2024-09-03,0.3971903781025068
2024-09-03_PHI@TOR,0.6827586206896552,1,2024-09-03,0.5837918876865565
2024-09-03_LAD@LAA,0.7407407407407407,0,2024-09-03,0.623275907148988
2024-09-03_BOS@NYM,0.5331491712707183,0,2024-09-03,0.5023163580335488
2024-09-03_SEA@OAK,0.49743589743589745,1,2024-09-03,0.4947564854541522
2024-09-03_AZ@SF,0.7407407407407407,1,2024-09-03,0.6239870766811323
2024-09-03_NYY@TEX,0.4253521126760563,0,2024-09-03,0.4593950932578368
2024-09-03_STL@MIL,0.5331491712707183,1,2024-09-03,0.5026952484539123
2024-09-03_CLE@KC,0.3881656804733728,0,2024-09-03,0.4307446871683659
2024-09-03_COL@ATL,0.4253521126760563,0,2024-09-03,0.46128267215129226
2024-09-03_PIT@CHC,0.5331491712707183,0,2024-09-03,0.5013255006757763
2024-09-03_MIN@TB,0.5511811023622046,0,2024-09-03,0.5181859122553627
2024-09-04_AZ@SF,0.3881656804733728,1,2024-09-04,0.42350596751602443
2024-09-04_COL@ATL,0.6827586206896552,1,2024-09-04,0.5772223215232388
2024-09-04_WSH@MIA,0.4253521126760563,0,2024-09-04,0.4646085565208069
2024-09-04_CWS@BAL,0.45825049701789267,1,2024-09-04,0.4700938601817962
2024-09-04_CLE@KC,0.3881656804733728,0,2024-09-04,0.4278262745681348
2024-09-04_SEA@OAK,0.45825049701789267,1,2024-09-04,0.47047550231126956
2024-09-04_MIN@TB,0.5369261477045908,0,2024-09-04,0.5051988505656957
2024-09-04_PHI@TOR,0.5511811023622046,1,2024-09-04,0.5204940555001077
2024-09-04_NYY@TEX,0.6211656441717791,1,2024-09-04,0.5470959512349766
2024-09-04_PIT@CHC,0.49743589743589745,1,2024-09-04,0.4935978433902064
2024-09-04_HOU@CIN,0.4822834645669291,1,2024-09-04,0.48681291885950917
2024-09-04_DET@SD,0.4822834645669291,1,2024-09-04,0.49052009394189744
2024-09-04_LAD@LAA,0.4253521126760563,1,2024-09-04,0.4408909925364355
2024-09-04_STL@MIL,0.5331491712707183,1,2024-09-04,0.4979738839424199
2024-09-04_BOS@NYM,0.4253521126760563,1,2024-09-04,0.44833886990043925
2024-09-05_HOU@CIN,0.6553191489361702,0,2024-09-05,0.5570623040387168
2024-09-05_SEA@OAK,0.5369261477045908,1,2024-09-05,0.5063275559667858
2024-09-05_WSH@PIT,0.4253521126760563,1,2024-09-05,0.45858876188174336
2024-09-05_MIN@TB,0.3881656804733728,0,2024-09-05,0.4299735265411886
2024-09-05_AZ@SF,0.4253521126760563,1,2024-09-05,0.44375071777270036
2024-09-05_DET@SD,0.5331491712707183,1,2024-09-05,0.5026291177651012
2024-09-05_COL@ATL,0.4253521126760563,1,2024-09-05,0.4537623319280104
2024-09-05_LAA@TEX,0.6827586206896552,1,2024-09-05,0.5830509894525466
2024-09-05_PHI@MIA,0.6211656441717791,1,2024-09-05,0.5345640869052317
2024-09-06_CLE@LAD,0.7407407407407407,0,2024-09-06,0.6509163567625972
2024-09-06_SF@SD,0.49743589743589745,1,2024-09-06,0.4938360676755542
2024-09-06_TB@BAL,0.268041237113402,0,2024-09-06,0.4113741727697081
2024-09-06_AZ@HOU,0.5511811023622046,0,2024-09-06,0.5186569091039164
2024-09-06_CWS@BOS,0.45825049701789267,0,2024-09-06,0.4723539765966648
2024-09-06_PHI@MIA,0.4822834645669291,1,2024-09-06,0.49147828268275695
2024-09-06_NYY@CHC,0.6211656441717791,0,2024-09-06,0.5454086270675254
2024-09-06_DET@OAK,0.3881656804733728,0,2024-09-06,0.4262229699232689
2024-09-06_MIN@KC,0.30434782608695654,0,2024-09-06,0.41853023405805523
2024-09-06_LAA@TEX,0.268041237113402,0,2024-09-06,0.4087615282725451
2024-09-06_SEA@STL,0.5331491712707183,0,2024-09-06,0.497809904183097
2024-09-06_TOR@ATL,0.5511811023622046,0,2024-09-06,0.5129406035721273
2024-09-06_COL@MIL,0.6211656441717791,0,2024-09-06,0.5510291785442292
2024-09-06_CIN@NYM,0.49743589743589745,1,2024-09-06,0.49502626989582665
2024-09-07_WSH@PIT,0.45825049701789267,0,2024-09-07,0.483945714585877
2024-09-07_COL@MIL,0.5331491712707183,1,2024-09-07,0.49799494423312984
2024-09-07_WSH@PIT,0.3881656804733728,1,2024-09-07,0.42815256943436075
2024-09-07_DET@OAK,0.5369261477045908,0,2024-09-07,0.5029560197839651
2024-09-07_SF@SD,0.4822834645669291,1,2024-09-07,0.4870152537172642
2024-09-07_SEA@STL,0.4253521126760563,0,2024-09-07,0.461340145131533
2024-09-07_AZ@HOU,0.4253521126760563,0,2024-09-07,0.44481652356502266
2024-09-07_LAA@TEX,0.6827586206896552,1,2024-09-07,0.5793747518691144
2024-09-07_TOR@ATL,0.6827586206896552,0,2024-09-07,0.5776808078332649
2024-09-07_TB@BAL,0.45825049701789267,1,2024-09-07,0.48081357720090356
2024-09-07_NYY@CHC,0.6827586206896552,1,2024-09-07,0.5828745712417787
2024-09-07_CWS@BOS,0.45825049701789267,1,2024-09-07,0.47120925043741757
2024-09-07_PHI@MIA,0.5511811023622046,1,2024-09-07,0.5126897206257902
2024-09-07_CIN@NYM,0.4253521126760563,0,2024-09-07,0.4663729832277128
2024-09-07_CLE@LAD,0.4253521126760563,1,2024-09-07,0.44899486614274065
2024-09-07_MIN@KC,0.5511811023622046,0,2024-09-07,0.513596016686187
2024-09-08_NYY@CHC,0.49743589743589745,1,2024-09-08,0.4937310872722136
2024-09-08_TOR@ATL,0.3881656804733728,0,2024-09-08,0.43929156747784137
2024-09-08_SEA@STL,0.4253521126760563,1,2024-09-08,0.462611022870263
2024-09-08_CLE@LAD,0.265993265993266,0,2024-09-08,0.39340885632451084
2024-09-08_SF@SD,0.3466666666666667,0,2024-09-08,0.42232849868417577
2024-09-08_MIN@KC,0.3881656804733728,0,2024-09-08,0.43785584275100053
2024-09-08_PHI@MIA,0.45825049701789267,1,2024-09-08,0.4805286905909735
2024-09-08_LAA@TEX,0.45825049701789267,1,2024-09-08,0.47647363628724815
2024-09-08_DET@OAK,0.29896907216494845,0,2024-09-08,0.4164789553293672
2024-09-08_TB@BAL,0.268041237113402,0,2024-09-08,0.40914547987856786
2024-09-08_CIN@NYM,0.268041237113402,0,2024-09-08,0.4083048116788247
2024-09-08_COL@MIL,0.4253521126760563,1,2024-09-08,0.44877327141409795
2024-09-08_CWS@BOS,0.4253521126760563,0,2024-09-08,0.4655032035211374
2024-09-08_WSH@PIT,0.3466666666666667,1,2024-09-08,0.42172290605731977
2024-09-08_AZ@HOU,0.4253521126760563,0,2024-09-08,0.4654481642170839
2024-09-09_CHC@LAD,0.6211656441717791,1,2024-09-09,0.532232807388429
2024-09-09_LAA@MIN,0.4822834645669291,1,2024-09-09,0.4894629394108667
2024-09-09_BAL@BOS,0.7407407407407407,1,2024-09-09,0.6216727462302827
2024-09-09_KC@NYY,0.4253521126760563,1,2024-09-09,0.4539197580751697
2024-09-09_NYM@TOR,0.7407407407407407,0,2024-09-09,0.6250632263026685
2024-09-09_MIA@PIT,0.4253521126760563,1,2024-09-09,0.45118517283560156
2024-09-09_CIN@ATL,0.6827586206896552,0,2024-09-09,0.5687294118164885
2024-09-09_CLE@CWS,0.3881656804733728,1,2024-09-09,0.4374839676700959
2024-09-09_TB@PHI,0.4253521126760563,0,2024-09-09,0.45547137047953346
2024-09-10_LAA@MIN,0.3881656804733728,0,2024-09-10,0.42461957141475093
2024-09-10_OAK@HOU,0.7407407407407407,1,2024-09-10,0.6496028537818825
2024-09-10_BAL@BOS,0.3881656804733728,1,2024-09-10,0.42321227757392255
2024-09-10_MIL@SF,0.5331491712707183,1,2024-09-10,0.5020626696517428
2024-09-10_CIN@STL,0.6827586206896552,0,2024-09-10,0.5781802373732619
2024-09-10_CLE@CWS,0.4253521126760563,0,2024-09-10,0.4443146827112805
2024-09-10_TB@PHI,0.5511811023622046,1,2024-09-10,0.512714613148785
2024-09-10_SD@SEA,0.6827586206896552,1,2024-09-10,0.5859961822822366
2024-09-10_MIA@PIT,0.6211656441717791,1,2024-09-10,0.5464310785054393
2024-09-10_TEX@AZ,0.6211656441717791,1,2024-09-10,0.5340517313985584
2024-09-10_CHC@LAD,0.268041237113402,0,2024-09-10,0.4082806520855483
2024-09-10_COL@DET,0.5511811023622046,1,2024-09-10,0.5203093274979078
2024-09-10_KC@NYY,0.6211656441717791,0,2024-09-10,0.551660551575454
2024-09-10_ATL@WSH,0.265993265993266,0,2024-09-10,0.40330436417544024
2024-09-10_NYM@TOR,0.6827586206896552,1,2024-09-10,0.5922085211985308
2024-09-11_CIN@STL,0.4253521126760563,0,2024-09-11,0.4493129976779191
2024-09-11_MIA@PIT,0.45825049701789267,1,2024-09-11,0.4809275099628937
2024-09-11_TB@PHI,0.4822834645669291,1,2024-09-11,0.4886384571695126
2024-09-11_BAL@BOS,0.3881656804733728,0,2024-09-11,0.4236162570542652
2024-09-11_KC@NYY,0.3881656804733728,0,2024-09-11,0.42786060934630143
2024-09-11_SD@SEA,0.30434782608695654,0,2024-09-11,0.41904611592776864
2024-09-11_TEX@AZ,0.265993265993266,1,2024-09-11,0.40615106323233696
2024-09-11_CLE@CWS,0.45825049701789267,1,2024-09-11,0.4793711223644458
2024-09-11_OAK@HOU,0.3881656804733728,0,2024-09-11,0.4352796561412745
2024-09-11_LAA@MIN,0.6827586206896552,1,2024-09-11,0.5750383956645952
2024-09-11_COL@DET,0.4253521126760563,1,2024-09-11,0.4450504615710289
2024-09-11_MIL@SF,0.6211656441717791,1,2024-09-11,0.5434504225231953
2024-09-11_ATL@WSH,0.3881656804733728,0,2024-09-11,0.43668756037986356
2024-09-11_CHC@LAD,0.6827586206896552,1,2024-09-11,0.5821817312399681
2024-09-11_NYM@TOR,0.1888111888111888,0,2024-09-11,0.3919394399438254
2024-09-12_MIA@WSH,0.45825049701789267,1,2024-09-12,0.4687719207868998
2024-09-12_OAK@HOU,0.6211656441717791,0,2024-09-12,0.550259738919511
2024-09-12_COL@DET,0.3881656804733728,0,2024-09-12,0.43893201037644436
2024-09-12_MIL@SF,0.29896907216494845,0,2024-09-12,0.41445777843982323
2024-09-12_TB@CLE,0.6827586206896552,1,2024-09-12,0.6002701968815594
2024-09-12_TEX@SEA,0.5331491712707183,0,2024-09-12,0.4978289477167944
2024-09-12_CIN@STL,0.3881656804733728,0,2024-09-12,0.4292512132164139
2024-09-12_BOS@NYY,0.5511811023622046,1,2024-09-12,0.5218800196532002
2024-09-13_NYM@PHI,0.6211656441717791,0,2024-09-13,0.5302216887872335
2024-09-13_HOU@LAA,0.5511811023622046,0,2024-09-13,0.5251469845138718
2024-09-13_BAL@DET,0.30434782608695654,1,2024-09-13,0.4189267634787043
2024-09-13_LAD@ATL,0.5331491712707183,1,2024-09-13,0.5027359732548831
2024-09-13_MIA@WSH,0.4253521126760563,1,2024-09-13,0.44212312181996394
2024-09-13_KC@PIT,0.49743589743589745,0,2024-09-13,0.49663856724761335
2024-09-13_OAK@CWS,0.4253521126760563,0,2024-09-13,0.4663763013028952
2024-09-13_BOS@NYY,0.3881656804733728,0,2024-09-13,0.42537396208581657
2024-09-13_TEX@SEA,0.5331491712707183,1,2024-09-13,0.4981093886535022
2024-09-13_SD@SF,0.6211656441717791,1,2024-09-13,0.545919761456285
2024-09-13_MIL@AZ,0.3881656804733728,1,2024-09-13,0.42530953656935355
2024-09-13_CIN@MIN,0.3881656804733728,0,2024-09-13,0.42924014500986296
2024-09-13_STL@TOR,0.6211656441717791,1,2024-09-13,0.5515053320188326
2024-09-13_TB@CLE,0.265993265993266,0,2024-09-13,0.3999301322592371
2024-09-13_CHC@COL,0.34210526315789475,1,2024-09-13,0.42044999046321907
2024-09-14_MIL@AZ,0.1888111888111888,1,2024-09-14,0.38495357072950187
2024-09-14_OAK@CWS,0.5511811023622046,0,2024-09-14,0.5251178185162312
2024-09-14_BOS@NYY,0.4253521126760563,0,2024-09-14,0.44474161728390893
2024-09-14_MIA@WSH,0.3881656804733728,0,2024-09-14,0.43967176061209545
2024-09-14_NYM@PHI,0.5331491712707183,1,2024-09-14,0.49770131192906364
2024-09-14_TB@CLE,0.29896907216494845,0,2024-09-14,0.41534514948288026
2024-09-14_TEX@SEA,0.3881656804733728,0,2024-09-14,0.4385039446172927
2024-09-14_CHC@COL,0.4253521126760563,1,2024-09-14,0.4599289850155238
2024-09-14_BAL@DET,0.33979720976930605,0,2024-09-14,0.33979720976930605
2024-09-14_SD@SF,0.4253521126760563,1,2024-09-14,0.447899247593996
2024-09-14_KC@PIT,0.5511811023622046,1,2024-09-14,0.5130295646474856
2024-09-14_HOU@LAA,0.6553191489361702,1,2024-09-14,0.557603818083314
2024-09-14_LAD@ATL,0.5511811023622046,1,2024-09-14,0.5263734823375374
2024-09-14_CIN@MIN,0.5369261477045908,1,2024-09-14,0.507545509739934
2024-09-14_STL@TOR,0.30434782608695654,0,2024-09-14,0.4193980267988118
2024-09-15_CHC@COL,0.5511811023622046,0,2024-09-15,0.5214476242635413
2024-09-15_NYM@PHI,0.3881656804733728,0,2024-09-15,0.4379509531865763
2024-09-15_LAD@ATL,0.5511811023622046,0,2024-09-15,0.5153388144266557
2024-09-15_TEX@SEA,0.4253521126760563,1,2024-09-15,0.4579324831305863
2024-09-15_MIL@AZ,0.6553191489361702,1,2024-09-15,0.5565972587665973
2024-09-15_TB@CLE,0.4253521126760563,0,2024-09-15,0.4553969908130635
2024-09-15_CIN@MIN,0.45825049701789267,0,2024-09-15,0.48238844571578365
2024-09-15_STL@TOR,0.4253521126760563,0,2024-09-15,0.4645854759869583
2024-09-15_OAK@CWS,0.45825049701789267,1,2024-09-15,0.4718922008680152
2024-09-15_BOS@NYY,0.3881656804733728,0,2024-09-15,0.42727756908341585
2024-09-15_KC@PIT,0.5511811023622046,1,2024-09-15,0.5105620019839816
2024-09-15_BAL@DET,0.3881656804733728,0,2024-09-15,0.430487639911019
2024-09-15_MIA@WSH,0.5369261477045908,0,2024-09-15,0.5043055276891648
2024-09-15_HOU@LAA,0.4253521126760563,0,2024-09-15,0.4449405462972239
2024-09-15_SD@SF,0.4253521126760563,0,2024-09-15,0.4686592321748895
2024-09-16_PHI@MIL,0.45825049701789267,0,2024-09-16,0.48289547983378356
2024-09-16_HOU@SD,0.4253521126760563,1,2024-09-16,0.459176366920482
2024-09-16_CWS@LAA,0.3881656804733728,1,2024-09-16,0.43701706521754036
2024-09-16_DET@KC,0.3881656804733728,0,2024-09-16,0.43225625968758696
2024-09-16_PIT@STL,0.5331491712707183,0,2024-09-16,0.4986329901420603
2024-09-16_LAD@ATL,0.5511811023622046,0,2024-09-16,0.5243322399295103
2024-09-16_AZ@COL,0.6553191489361702,1,2024-09-16,0.5629218632311711
2024-09-16_WSH@NYM,0.4253521126760563,0,2024-09-16,0.4467732230578263
2024-09-16_OAK@CHC,0.6211656441717791,1,2024-09-16,0.5494620744658274
2024-09-16_MIN@CLE,0.4253521126760563,0,2024-09-16,0.4639575114595774
2024-09-17_CWS@LAA,0.3881656804733728,0,2024-09-17,0.4251148097460248
2024-09-17_LAD@MIA,0.6553191489361702,1,2024-09-17,0.558261337224802
2024-09-17_WSH@NYM,0.4253521126760563,0,2024-09-17,0.4514392947913196
2024-09-17_BOS@TB,0.4253521126760563,0,2024-09-17,0.4537422373507429
2024-09-17_NYY@SEA,0.4253521126760563,1,2024-09-17,0.44939427302260093
2024-09-17_OAK@CHC,0.7407407407407407,1,2024-09-17,0.6533896039948432
2024-09-17_TOR@TEX,0.7407407407407407,1,2024-09-17,0.6756599045549401
2024-09-17_MIN@CLE,0.4253521126760563,0,2024-09-17,0.45884684604256765
2024-09-17_SF@BAL,0.4253521126760563,1,2024-09-17,0.4427423910730254
2024-09-17_DET@KC,0.6827586206896552,1,2024-09-17,0.5949495061581773
2024-09-17_AZ@COL,0.45825049701789267,0,2024-09-17,0.4717020326708028
2024-09-17_PHI@MIL,0.49743589743589745,0,2024-09-17,0.4945323599426993
2024-09-17_ATL@CIN,0.4253521126760563,1,2024-09-17,0.4552561691008352
2024-09-17_PIT@STL,0.4253521126760563,0,2024-09-17,0.45130663080630207
2024-09-17_HOU@SD,0.6827586206896552,0,2024-09-17,0.5670380527781341
2024-09-18_AZ@COL,0.5511811023622046,1,2024-09-18,0.5130804767127907
2024-09-18_CWS@LAA,0.3881656804733728,0,2024-09-18,0.43096187029800526
2024-09-18_PIT@STL,0.4253521126760563,0,2024-09-18,0.4568845878680844
2024-09-18_HOU@SD,0.45825049701789267,0,2024-09-18,0.4803328490490627
2024-09-18_BOS@TB,0.3881656804733728,0,2024-09-18,0.44002540464062057
2024-09-18_WSH@NYM,0.6211656441717791,0,2024-09-18,0.5404709656254443
2024-09-18_DET@KC,0.45825049701789267,1,2024-09-18,0.4734148315561061
2024-09-18_LAD@MIA,0.5369261477045908,0,2024-09-18,0.5083994377856405
2024-09-18_NYY@SEA,0.4253521126760563,0,2024-09-18,0.46006384902208974
2024-09-18_SF@BAL,0.3881656804733728,1,2024-09-18,0.42693769851750685
2024-09-18_PHI@MIL,0.5331491712707183,0,2024-09-18,0.501639059886143
2024-09-18_OAK@CHC,0.45825049701789267,0,2024-09-18,0.47930726292608183
2024-09-18_ATL@CIN,0.4253521126760563,0,2024-09-18,0.4536410124721
2024-09-18_MIN@CLE,0.4253521126760563,1,2024-09-18,0.4487231205266258
2024-09-18_TOR@TEX,0.4253521126760563,0,2024-09-18,0.4603952106786453
2024-09-19_TOR@TEX,0.6827586206896552,0,2024-09-19,0.5771564436688095
2024-09-19_MIN@CLE,0.3881656804733728,1,2024-09-19,0.42597950669279516
2024-09-19_AZ@MIL,0.265993265993266,0,2024-09-19,0.3968066269389954
2024-09-19_NYY@SEA,0.6827586206896552,1,2024-09-19,0.5672836884854271
2024-09-19_PHI@NYM,0.6211656441717791,1,2024-09-19,0.5303234959194525
2024-09-19_LAA@HOU,0.5331491712707183,1,2024-09-19,0.49800535381902733
2024-09-19_PIT@STL,0.4253521126760563,0,2024-09-19,0.4417188266623223
2024-09-19_ATL@CIN,0.4253521126760563,0,2024-09-19,0.44386076546047637
2024-09-19_WSH@CHC,0.5511811023622046,1,2024-09-19,0.5190862701842063
2024-09-19_BOS@TB,0.34210526315789475,0,2024-09-19,0.4213115957003247
2024-09-19_SF@BAL,0.4253521126760563,0,2024-09-19,0.4450232275399154
2024-09-19_LAD@MIA,0.4822834645669291,1,2024-09-19,0.48705138594525854
2024-09-20_CWS@SD,0.45825049701789267,0,2024-09-20,0.478448306936862
2024-09-20_MIN@BOS,0.5331491712707183,0,2024-09-20,0.49943214038327355
2024-09-20_SEA@TEX,0.4253521126760563,0,2024-09-20,0.46461040884679716
2024-09-20_TOR@TB,0.6211656441717791,0,2024-09-20,0.5302484025804328
2024-09-20_NYY@OAK,0.45825049701789267,0,2024-09-20,0.4747796983267446
2024-09-20_ATL@MIA,0.6827586206896552,1,2024-09-20,0.5696925258884489
2024-09-20_SF@KC,0.3881656804733728,1,2024-09-20,0.43150260858049205
2024-09-20_CLE@STL,0.3881656804733728,0,2024-09-20,0.43122650985164446
2024-09-20_DET@BAL,0.5369261477045908,1,2024-09-20,0.506472504296729
2024-09-20_PHI@NYM,0.4253521126760563,1,2024-09-20,0.46329095325103653
2024-09-20_AZ@MIL,0.45825049701789267,1,2024-09-20,0.47015342547322325
2024-09-20_LAA@HOU,0.45825049701789267,0,2024-09-20,0.47611993779803763
2024-09-20_WSH@CHC,0.6211656441717791,1,2024-09-20,0.5485318866084947
2024-09-20_PIT@CIN,0.4253521126760563,1,2024-09-20,0.4485825365838909
2024-09-20_COL@LAD,0.4253521126760563,0,2024-09-20,0.4656268762880824
2024-09-21_AZ@MIL,0.4253521126760563,1,2024-09-21,0.46304462502416244
2024-09-21_SF@KC,0.6827586206896552,1,2024-09-21,0.5803440970992202
2024-09-21_PHI@NYM,0.49743589743589745,1,2024-09-21,0.49463649197068804
2024-09-21_ATL@MIA,0.45825049701789267,1,2024-09-21,0.48312800195677763
2024-09-21_WSH@CHC,0.3881656804733728,0,2024-09-21,0.4396362925754197
2024-09-21_SEA@TEX,0.5511811023622046,1,2024-09-21,0.5244001821842839
2024-09-21_NYY@OAK,0.6827586206896552,1,2024-09-21,0.5722069307923536
2024-09-21_LAA@HOU,0.5511811023622046,1,2024-09-21,0.525022004109896
2024-09-21_COL@LAD,0.6211656441717791,1,2024-09-21,0.5473916783978692
2024-09-21_PIT@CIN,0.4253521126760563,0,2024-09-21,0.45608500768253923
2024-09-21_TOR@TB,0.6827586206896552,0,2024-09-21,0.5702070460789586
2024-09-21_CLE@STL,0.3881656804733728,0,2024-09-21,0.43847008493962014
2024-09-21_CWS@SD,0.5331491712707183,0,2024-09-21,0.49918097462785227
2024-09-21_DET@BAL,0.3881656804733728,0,2024-09-21,0.42561376779297566
2024-09-22_AZ@MIL,0.3881656804733728,1,2024-09-22,0.4256028776906974
2024-09-22_CWS@SD,0.4253521126760563,0,2024-09-22,0.45092819457782507
2024-09-22_WSH@CHC,0.6827586206896552,1,2024-09-22,0.5701280030807507
2024-09-22_SF@KC,0.5331491712707183,0,2024-09-22,0.5008378537881166
2024-09-22_PHI@NYM,0.6827586206896552,1,2024-09-22,0.5972905121905412
2024-09-22_CLE@STL,0.265993265993266,0,2024-09-22,0.4010725537690125
2024-09-22_MIN@BOS,0.5369261477045908,1,2024-09-22,0.5071756536163181
2024-09-22_SEA@TEX,0.4253521126760563,0,2024-09-22,0.44159068973929105
2024-09-22_ATL@MIA,0.4253521126760563,1,2024-09-22,0.4497915217070382
2024-09-22_MIN@BOS,0.4253521126760563,0,2024-09-22,0.4502436261583679
2024-09-22_LAA@HOU,0.5511811023622046,0,2024-09-22,0.5156313867516384
2024-09-22_TOR@TB,0.29896907216494845,0,2024-09-22,0.41585928945506667
2024-09-22_NYY@OAK,0.6827586206896552,1,2024-09-22,0.5711215585541884
2024-09-22_PIT@CIN,0.4822834645669291,1,2024-09-22,0.4867064162966316
2024-09-22_DET@BAL,0.3466666666666667,0,2024-09-22,0.4227766298814699
2024-09-22_COL@LAD,0.45825049701789267,1,2024-09-22,0.48380153749000354
2024-09-23_SF@AZ,0.265993265993266,1,2024-09-23,0.40644669069877193
2024-09-23_BOS@TOR,0.6211656441717791,0,2024-09-23,0.5342497665402408
2024-09-23_CHC@PHI,0.45825049701789267,0,2024-09-23,0.4701473210205608
2024-09-23_SEA@HOU,0.4253521126760563,0,2024-09-23,0.4641624665208671
2024-09-24_CIN@CLE,0.1888111888111888,1,2024-09-24,0.39078643653817846
2024-09-24_STL@COL,0.45825049701789267,0,2024-09-24,0.47529427680855885
2024-09-24_SD@LAD,0.5331491712707183,1,2024-09-24,0.49828940509455744
2024-09-24_TB@DET,0.4253521126760563,0,2024-09-24,0.4454993998538732
2024-09-24_SEA@HOU,0.30434782608695654,1,2024-09-24,0.4172697759048086
2024-09-24_NYM@ATL,0.6827586206896552,0,2024-09-24,0.5990320154598752
2024-09-24_MIA@MIN,0.3881656804733728,0,2024-09-24,0.4336820174308018
2024-09-24_MIL@PIT,0.5331491712707183,0,2024-09-24,0.49745600458304495
2024-09-24_KC@WSH,0.6553191489361702,0,2024-09-24,0.5580654855552889
2024-09-24_LAA@CWS,0.5511811023622046,0,2024-09-24,0.513798856319351
2024-09-24_SF@AZ,0.4253521126760563,0,2024-09-24,0.45948514104301375
2024-09-24_BAL@NYY,0.5511811023622046,0,2024-09-24,0.5202206961161496
2024-09-24_TEX@OAK,0.6553191489361702,1,2024-09-24,0.5652656318491547
2024-09-24_BOS@TOR,0.268041237113402,0,2024-09-24,0.41142154756988536
2024-09-24_CHC@PHI,0.6553191489361702,1,2024-09-24,0.5551512669860502
2024-09-25_STL@COL,0.6211656441717791,0,2024-09-25,0.5371202078213051
2024-09-25_CIN@CLE,0.5511811023622046,1,2024-09-25,0.5211789108429494
2024-09-25_TEX@OAK,0.45825049701789267,1,2024-09-25,0.4808765986127821
2024-09-25_LAA@CWS,0.4253521126760563,0,2024-09-25,0.44221116143800543
2024-09-25_BOS@TOR,0.4253521126760563,0,2024-09-25,0.4554894088548168
2024-09-25_BAL@NYY,0.6211656441717791,1,2024-09-25,0.5518405287384052
2024-09-25_KC@WSH,0.3881656804733728,0,2024-09-25,0.42862293798222495
2024-09-25_MIA@MIN,0.4253521126760563,1,2024-09-25,0.46361904539879706
2024-09-25_SD@LAD,0.45825049701789267,1,2024-09-25,0.48297297871978884
2024-09-25_MIL@PIT,0.5369261477045908,0,2024-09-25,0.5097220533971087
2024-09-25_TB@DET,0.4253521126760563,1,2024-09-25,0.4614898525844967
2024-09-25_SEA@HOU,0.5511811023622046,0,2024-09-25,0.5270325660072182
2024-09-25_SF@AZ,0.4253521126760563,0,2024-09-25,0.4581188005687943
2024-09-25_CHC@PHI,0.45825049701789267,1,2024-09-25,0.477721180400274
2024-09-26_KC@WSH,0.45825049701789267,1,2024-09-26,0.47988557910087337
2024-09-26_SD@LAD,0.5511811023622046,0,2024-09-26,0.5251935739538363
2024-09-26_TEX@OAK,0.5511811023622046,0,2024-09-26,0.5190017490769383
2024-09-26_STL@COL,0.4253521126760563,1,2024-09-26,0.44995802566071275
2024-09-26_MIL@PIT,0.4822834645669291,0,2024-09-26,0.4895861051379331
2024-09-26_TB@DET,0.3881656804733728,0,2024-09-26,0.4372561326169774
2024-09-26_BAL@NYY,0.4253521126760563,0,2024-09-26,0.4538686856248132
2024-09-26_LAA@CWS,0.4253521126760563,0,2024-09-26,0.4506723997540293
2024-09-26_MIA@MIN,0.45825049701789267,1,2024-09-26,0.47633831927697023
2024-09-27_HOU@CLE,0.45825049701789267,1,2024-09-27,0.4786684071886217
2024-09-27_CWS@DET,0.6211656441717791,0,2024-09-27,0.5294777607855985
2024-09-27_BAL@MIN,0.45825049701789267,0,2024-09-27,0.4783471929645017
2024-09-27_KC@ATL,0.6211656441717791,0,2024-09-27,0.5326702252710298
2024-09-27_SD@AZ,0.49743589743589745,1,2024-09-27,0.494406251129622
2024-09-27_MIA@TOR,0.7407407407407407,1,2024-09-27,0.6223932962893299
2024-09-27_TB@BOS,0.5369261477045908,0,2024-09-27,0.5037372076314284
2024-09-27_TEX@LAA,0.4253521126760563,1,2024-09-27,0.44488905630213404
2024-09-27_CIN@CHC,0.4253521126760563,0,2024-09-27,0.4684092648201761
2024-09-27_PHI@WSH,0.4253521126760563,1,2024-09-27,0.4466090001996684
2024-09-27_NYM@MIL,0.45825049701789267,1,2024-09-27,0.476569187547643
2024-09-27_STL@SF,0.7407407407407407,1,2024-09-27,0.6720617477164902
2024-09-27_PIT@NYY,0.3881656804733728,0,2024-09-27,0.4277940091898127
2024-09-27_LAD@COL,0.45825049701789267,1,2024-09-27,0.4712396276307592
2024-09-27_OAK@SEA,0.3881656804733728,0,2024-09-27,0.4337550516630938
2024-09-28_CWS@DET,0.3881656804733728,0,2024-09-28,0.43566427892714266
2024-09-28_TEX@LAA,0.45825049701789267,0,2024-09-28,0.47617126175879276
2024-09-28_STL@SF,0.5511811023622046,1,2024-09-28,0.5164314385675717
2024-09-28_KC@ATL,0.5369261477045908,0,2024-09-28,0.502923575862798
2024-09-28_LAD@COL,0.6827586206896552,1,2024-09-28,0.5752509304450955
2024-09-28_PIT@NYY,0.6211656441717791,0,2024-09-28,0.5359214812821961
2024-09-28_OAK@SEA,0.5511811023622046,0,2024-09-28,0.5126450391495254
2024-09-28_HOU@CLE,0.4253521126760563,1,2024-09-28,0.4548924605037695
2024-09-28_TB@BOS,0.6827586206896552,1,2024-09-28,0.5665185898975273
2024-09-28_PHI@WSH,0.5331491712707183,0,2024-09-28,0.50040417436006
2024-09-28_NYM@MIL,0.3881656804733728,0,2024-09-28,0.4325823755106777
2024-09-28_CIN@CHC,0.45825049701789267,0,2024-09-28,0.47615049633966067
2024-09-28_SD@AZ,0.265993265993266,0,2024-09-28,0.40216964776660535
2024-09-28_BAL@MIN,0.4253521126760563,1,2024-09-28,0.45759059358017673
2024-09-28_MIA@TOR,0.6827586206896552,1,2024-09-28,0.5933093485213378
2024-09-29_PHI@WSH,0.49743589743589745,1,2024-09-29,0.4966808958476905
2024-09-29_TEX@LAA,0.4822834645669291,0,2024-09-29,0.4874653708147475
2024-09-29_LAD@COL,0.45825049701789267,0,2024-09-29,0.473687575959155
2024-09-29_CWS@DET,0.4253521126760563,0,2024-09-29,0.45852602454890423
2024-09-29_KC@ATL,0.6827586206896552,1,2024-09-29,0.5868248287068074
2024-09-29_MIA@TOR,0.3881656804733728,1,2024-09-29,0.4398168184127924
2024-09-29_PIT@NYY,0.6553191489361702,1,2024-09-29,0.5658263927422672
2024-09-29_TB@BOS,0.6211656441717791,0,2024-09-29,0.532816222796597
2024-09-29_STL@SF,0.4253521126760563,0,2024-09-29,0.45209825364111145
2024-09-29_SD@AZ,0.3881656804733728,0,2024-09-29,0.43087967662996995
2024-09-29_OAK@SEA,0.5331491712707183,0,2024-09-29,0.5026763443897588
2024-09-29_BAL@MIN,0.6211656441717791,0,2024-09-29,0.5343815084936119
2024-09-29_NYM@MIL,0.7407407407407407,1,2024-09-29,0.6293993958999
2024-09-29_CIN@CHC,0.4253521126760563,0,2024-09-29,0.4582380934004876
2025-03-18_LAD@CHC,0.5369261477045908,0,2025-03-18,0.5055482041537673
2025-03-19_LAD@CHC,0.5369261477045908,0,2025-03-19,0.5051948798732744
2025-03-27_CHC@AZ,0.5331491712707183,1,2025-03-27,0.49901417218763555
2025-03-27_ATL@SD,0.5369261477045908,1,2025-03-27,0.5054519022382999
2025-03-27_DET@LAD,0.5369261477045908,0,2025-03-27,0.5059144705063023
2025-03-27_OAK@SEA,0.5369261477045908,0,2025-03-27,0.5063463340257156
2025-03-27_MIN@STL,0.5369261477045908,1,2025-03-27,0.5057482809727345
2025-03-27_BOS@TEX,0.5369261477045908,0,2025-03-27,0.5059907336117958
2025-03-27_LAA@CWS,0.5369261477045908,0,2025-03-27,0.5062082447303544
2025-03-27_BAL@TOR,0.5369261477045908,1,2025-03-27,0.5046269584416334
2025-03-27_MIL@NYY,0.5369261477045908,1,2025-03-27,0.5055083677836634
2025-03-27_CLE@KC,0.5369261477045908,0,2025-03-27,0.5052132344128114
2025-03-27_NYM@HOU,0.5369261477045908,0,2025-03-27,0.5058022675177543
2025-03-27_PIT@MIA,0.5369261477045908,0,2025-03-27,0.5061798488662883
2025-03-27_SF@CIN,0.5369261477045908,1,2025-03-27,0.5054546385640284
2025-03-27_PHI@WSH,0.5369261477045908,0,2025-03-27,0.5061235821503761
2025-03-28_DET@LAD,0.4822834645669291,0,2025-03-28,0.48709324489035954
2025-03-28_NYM@HOU,0.5369261477045908,0,2025-03-28,0.5065850889525263
2025-03-28_OAK@SEA,0.5369261477045908,0,2025-03-28,0.5057238521806164
2025-03-28_ATL@SD,0.5369261477045908,1,2025-03-28,0.5060722926493689
2025-03-28_COL@TB,0.5369261477045908,0,2025-03-28,0.505574238958723
2025-03-28_PIT@MIA,0.5369261477045908,0,2025-03-28,0.5053800895882599
2025-03-28_BAL@TOR,0.5369261477045908,0,2025-03-28,0.5044646862300288
2025-03-28_BOS@TEX,0.5369261477045908,0,2025-03-28,0.5054298266110191
2025-03-28_CHC@AZ,0.5369261477045908,0,2025-03-28,0.5055055127203752
2025-03-29_NYM@HOU,0.5369261477045908,0,2025-03-29,0.505511798152527
2025-03-29_CLE@KC,0.5369261477045908,0,2025-03-29,0.5054778454398798
2025-03-29_BOS@TEX,0.5369261477045908,1,2025-03-29,0.5047010934773195
2025-03-29_ATL@SD,0.5369261477045908,0,2025-03-29,0.505831067384918
2025-03-29_MIN@STL,0.5369261477045908,1,2025-03-29,0.5057697040675024
2025-03-29_CHC@AZ,0.5331491712707183,0,2025-03-29,0.4992585968925244
2025-03-29_OAK@SEA,0.5369261477045908,0,2025-03-29,0.5058334492381283
2025-03-29_LAA@CWS,0.5369261477045908,0,2025-03-29,0.5061857539753716
2025-03-29_DET@LAD,0.45825049701789267,1,2025-03-29,0.4769206506239765
2025-03-29_PIT@MIA,0.5369261477045908,1,2025-03-29,0.5044387103056888
2025-03-29_MIL@NYY,0.5369261477045908,1,2025-03-29,0.5059750956537385
2025-03-29_SF@CIN,0.5369261477045908,0,2025-03-29,0.5054781401913955
2025-03-29_PHI@WSH,0.5369261477045908,0,2025-03-29,0.5052488060325961
2025-03-29_COL@TB,0.5369261477045908,0,2025-03-29,0.5050914208339855
2025-03-29_BAL@TOR,0.5369261477045908,1,2025-03-29,0.5055759249643613
2025-03-30_PHI@WSH,0.5369261477045908,0,2025-03-30,0.5051861020766941
2025-03-30_CLE@KC,0.5369261477045908,0,2025-03-30,0.5054006838961338
2025-03-30_OAK@SEA,0.5369261477045908,0,2025-03-30,0.5058774432506128
2025-03-30_ATL@SD,0.5369261477045908,1,2025-03-30,0.5051328602415162
2025-03-30_CHC@AZ,0.5369261477045908,0,2025-03-30,0.5058066298375481
2025-03-30_LAA@CWS,0.5369261477045908,1,2025-03-30,0.5056090949241328
2025-03-30_BOS@TEX,0.5369261477045908,0,2025-03-30,0.5050603066272283
2025-03-30_PIT@MIA,0.5369261477045908,0,2025-03-30,0.5059034019709667
2025-03-30_SF@CIN,0.5369261477045908,0,2025-03-30,0.5059016689672713
2025-03-30_MIL@NYY,0.5369261477045908,1,2025-03-30,0.505298419744426
2025-03-30_COL@TB,0.5369261477045908,1,2025-03-30,0.50628738708839
2025-03-30_BAL@TOR,0.5369261477045908,1,2025-03-30,0.5049832378176107
2025-03-30_MIN@STL,0.5369261477045908,1,2025-03-30,0.5053073212939081
2025-03-31_LAA@STL,0.5369261477045908,1,2025-03-31,0.5054124758336378
2025-03-31_DET@SEA,0.5369261477045908,1,2025-03-31,0.5052996015456238
2025-03-31_ATL@LAD,0.5369261477045908,1,2025-03-31,0.5062151082835765
2025-03-31_CHC@OAK,0.5369261477045908,1,2025-03-31,0.5058985245917331
2025-03-31_COL@PHI,0.5369261477045908,0,2025-03-31,0.5062098069941713
2025-03-31_KC@MIL,0.5369261477045908,1,2025-03-31,0.5054316895161461
2025-03-31_CLE@SD,0.5369261477045908,1,2025-03-31,0.5047241387009869
2025-03-31_MIN@CWS,0.5369261477045908,1,2025-03-31,0.5053258567663366
2025-03-31_WSH@TOR,0.5369261477045908,0,2025-03-31,0.5057731340266114
2025-03-31_PIT@TB,0.5369261477045908,0,2025-03-31,0.5050936831469455
2025-03-31_NYM@MIA,0.5369261477045908,1,2025-03-31,0.5059091447716694
2025-03-31_TEX@CIN,0.5369261477045908,1,2025-03-31,0.5057783634066275
2025-03-31_SF@HOU,0.5369261477045908,0,2025-03-31,0.5058340458995334
2025-03-31_BOS@BAL,0.5369261477045908,1,2025-03-31,0.5049517993878512
2025-04-01_DET@SEA,0.45825049701789267,1,2025-04-01,0.47759959831253707
2025-04-01_ATL@LAD,0.4822834645669291,0,2025-04-01,0.48783510237228234
2025-04-01_KC@MIL,0.5369261477045908,0,2025-04-01,0.5050812935247704
2025-04-01_SF@HOU,0.4253521126760563,0,2025-04-01,0.45935372134602026
2025-04-01_MIN@CWS,0.5369261477045908,0,2025-04-01,0.5049248662419825
2025-04-01_CLE@SD,0.4822834645669291,0,2025-04-01,0.4847076882293657
2025-04-01_AZ@NYY,0.5369261477045908,0,2025-04-01,0.5055806984422575
2025-04-01_PIT@TB,0.5369261477045908,1,2025-04-01,0.5054302611941995
2025-04-01_CHC@OAK,0.7407407407407407,1,2025-04-01,0.6794082519642382
2025-04-01_LAA@STL,0.5369261477045908,0,2025-04-01,0.5052969771432253
2025-04-01_NYM@MIA,0.45825049701789267,1,2025-04-01,0.47765273903307925
2025-04-01_TEX@CIN,0.45825049701789267,1,2025-04-01,0.4756074247097172
2025-04-01_WSH@TOR,0.4822834645669291,0,2025-04-01,0.48901429557698395
2025-04-02_DET@SEA,0.4253521126760563,0,2025-04-02,0.46292800786868493
2025-04-02_CHC@OAK,0.45825049701789267,0,2025-04-02,0.4742449544855959
2025-04-02_ATL@LAD,0.5369261477045908,1,2025-04-02,0.504388465551304
2025-04-02_LAA@STL,0.5369261477045908,1,2025-04-02,0.505068732557231
2025-04-02_MIN@CWS,0.45825049701789267,1,2025-04-02,0.47667931975736344
2025-04-02_SF@HOU,0.4253521126760563,1,2025-04-02,0.4604923194787436
2025-04-02_CLE@SD,0.4253521126760563,0,2025-04-02,0.44515636379169676
2025-04-02_PIT@TB,0.3881656804733728,0,2025-04-02,0.4331605901625426
2025-04-02_WSH@TOR,0.5331491712707183,1,2025-04-02,0.49809006976239145
2025-04-02_TEX@CIN,0.4253521126760563,0,2025-04-02,0.44555249591440615
2025-04-02_NYM@MIA,0.45825049701789267,1,2025-04-02,0.4698133546178923
2025-04-02_COL@PHI,0.45825049701789267,0,2025-04-02,0.47028152360055797
2025-04-02_BOS@BAL,0.4822834645669291,0,2025-04-02,0.49342982647928035
2025-04-02_AZ@NYY,0.3881656804733728,1,2025-04-02,0.43605912727131735
2025-04-02_KC@MIL,0.7407407407407407,1,2025-04-02,0.6594273270778361
2025-04-03_HOU@MIN,0.3881656804733728,1,2025-04-03,0.4233677761688328
2025-04-03_AZ@NYY,0.4822834645669291,1,2025-04-03,0.4871408354879502
2025-04-03_CIN@MIL,0.4822834645669291,0,2025-04-03,0.490129821370633
2025-04-03_COL@PHI,0.6553191489361702,0,2025-04-03,0.5545377137331041
2025-04-03_BOS@BAL,0.4822834645669291,1,2025-04-03,0.48514288721311094
2025-04-04_TOR@NYM,0.45825049701789267,1,2025-04-04,0.4744372130384932
2025-04-04_SEA@SF,0.45825049701789267,1,2025-04-04,0.4768656210941722
2025-04-04_CIN@MIL,0.45825049701789267,0,2025-04-04,0.47648433513507826
2025-04-04_TB@TEX,0.5511811023622046,0,2025-04-04,0.5153526717650571
2025-04-04_BAL@KC,0.5511811023622046,1,2025-04-04,0.5207608682997283
2025-04-04_OAK@COL,0.4253521126760563,1,2025-04-04,0.4489789409496122
2025-04-04_CLE@LAA,0.5511811023622046,1,2025-04-04,0.5120229395174924
2025-04-04_CWS@DET,0.45825049701789267,1,2025-04-04,0.4810369099069526
2025-04-04_AZ@WSH,0.3881656804733728,1,2025-04-04,0.4272830785855719
2025-04-04_STL@BOS,0.45825049701789267,1,2025-04-04,0.478191906278693
2025-04-04_MIA@ATL,0.45825049701789267,0,2025-04-04,0.4738973422682362
2025-04-04_NYY@PIT,0.49743589743589745,0,2025-04-04,0.4945482595038194
2025-04-04_SD@CHC,0.6553191489361702,1,2025-04-04,0.5564567688829911
2025-04-04_LAD@PHI,0.5511811023622046,1,2025-04-04,0.5149281361117417
2025-04-05_AZ@WSH,0.4253521126760563,1,2025-04-05,0.45057278978364523
2025-04-05_SEA@SF,0.45825049701789267,0,2025-04-05,0.47479709736730646
2025-04-05_CLE@LAA,0.4253521126760563,1,2025-04-05,0.45487976467450497
2025-04-05_TB@TEX,0.45825049701789267,1,2025-04-05,0.4733795388995128
2025-04-05_CIN@MIL,0.4253521126760563,1,2025-04-05,0.46682481978347823
2025-04-05_HOU@MIN,0.4822834645669291,1,2025-04-05,0.4864319053665038
2025-04-05_OAK@COL,0.4253521126760563,0,2025-04-05,0.46394717904595384
2025-04-05_BAL@KC,0.45825049701789267,0,2025-04-05,0.4782826167489016
2025-04-05_TOR@NYM,0.5369261477045908,0,2025-04-05,0.5029725977357686
2025-04-05_LAD@PHI,0.4822834645669291,1,2025-04-05,0.48676420782187535
2025-04-05_NYY@PIT,0.45825049701789267,0,2025-04-05,0.4705763421490283
2025-04-05_SD@CHC,0.4253521126760563,0,2025-04-05,0.4660147964591703
2025-04-05_MIA@ATL,0.4253521126760563,1,2025-04-05,0.45978628219351003
2025-04-05_CWS@DET,0.6211656441717791,1,2025-04-05,0.5477447952968237
2025-04-06_CLE@LAA,0.4822834645669291,1,2025-04-06,0.48962342774374334
2025-04-06_HOU@MIN,0.49743589743589745,1,2025-04-06,0.49498967361267376
2025-04-06_TB@TEX,0.3881656804733728,0,2025-04-06,0.4386902414227416
2025-04-06_CIN@MIL,0.5369261477045908,0,2025-04-06,0.5095396406657056
2025-04-06_BAL@KC,0.45825049701789267,1,2025-04-06,0.47376990672868535
2025-04-06_OAK@COL,0.45825049701789267,1,2025-04-06,0.4708790658239257
2025-04-06_SEA@SF,0.6553191489361702,1,2025-04-06,0.563192986586893
2025-04-06_LAD@PHI,0.4253521126760563,1,2025-04-06,0.46623393911339905
2025-04-06_AZ@WSH,0.5511811023622046,1,2025-04-06,0.5156173566146653
2025-04-06_SD@CHC,0.6553191489361702,1,2025-04-06,0.5565137899865784
2025-04-06_STL@BOS,0.5331491712707183,1,2025-04-06,0.4983631354844278
2025-04-06_CWS@DET,0.5331491712707183,1,2025-04-06,0.49780386308811964
2025-04-06_TOR@NYM,0.4822834645669291,0,2025-04-06,0.49001448957765836
2025-04-06_STL@BOS,0.4253521126760563,0,2025-04-06,0.4669733746787278
2025-04-06_NYY@PIT,0.4253521126760563,1,2025-04-06,0.46609065680359096
2025-04-07_TOR@BOS,0.5331491712707183,0,2025-04-07,0.5015932083308315
2025-04-07_HOU@SEA,0.45825049701789267,0,2025-04-07,0.4779696212652449
2025-04-07_CIN@SF,0.3881656804733728,0,2025-04-07,0.43216026480628
2025-04-07_TEX@CHC,0.45825049701789267,0,2025-04-07,0.473693248171281
2025-04-07_MIN@KC,0.4253521126760563,1,2025-04-07,0.4459621776808178
2025-04-07_BAL@AZ,0.5369261477045908,1,2025-04-07,0.5072946799717308
2025-04-07_SD@OAK,0.6553191489361702,1,2025-04-07,0.5613146346208715
2025-04-07_MIA@NYM,0.4253521126760563,0,2025-04-07,0.4580925438814887
2025-04-07_LAD@WSH,0.4253521126760563,0,2025-04-07,0.46743819794569463
2025-04-07_NYY@DET,0.4822834645669291,0,2025-04-07,0.49251393168818036
2025-04-07_STL@PIT,0.5331491712707183,1,2025-04-07,0.4968705629282657
2025-04-08_MIN@KC,0.265993265993266,0,2025-04-08,0.4020210868324079
2025-04-08_MIL@COL,0.5369261477045908,0,2025-04-08,0.5037631942387208
2025-04-08_SD@OAK,0.7407407407407407,1,2025-04-08,0.6524879329833888
2025-04-08_BAL@AZ,0.5511811023622046,1,2025-04-08,0.5113804058033036
2025-04-08_CIN@SF,0.5331491712707183,0,2025-04-08,0.4975947713070219
2025-04-08_HOU@SEA,0.4253521126760563,0,2025-04-08,0.4617818227284961
2025-04-08_TEX@CHC,0.45825049701789267,0,2025-04-08,0.483796307275295
2025-04-08_STL@PIT,0.45825049701789267,0,2025-04-08,0.4762059593418453
2025-04-08_NYY@DET,0.4253521126760563,0,2025-04-08,0.4680554106195627
2025-04-08_LAA@TB,0.4253521126760563,0,2025-04-08,0.45290767521012987
2025-04-08_TOR@BOS,0.45825049701789267,0,2025-04-08,0.4694872843223632
2025-04-08_PHI@ATL,0.4822834645669291,1,2025-04-08,0.4874222644942461
2025-04-08_MIA@NYM,0.3881656804733728,1,2025-04-08,0.4369009255574243
2025-04-08_CWS@CLE,0.4253521126760563,0,2025-04-08,0.45000944188123315
2025-04-08_LAD@WSH,0.5369261477045908,1,2025-04-08,0.5052160178267253
2025-04-09_MIL@COL,0.45825049701789267,0,2025-04-09,0.4725494251179798
2025-04-09_BAL@AZ,0.4253521126760563,1,2025-04-09,0.45458314820000156
2025-04-09_SD@OAK,0.7157894736842105,0,2025-04-09,0.6122877144332912
2025-04-09_HOU@SEA,0.4822834645669291,0,2025-04-09,0.4890468140794252
2025-04-09_TEX@CHC,0.4253521126760563,1,2025-04-09,0.4448900808098901
2025-04-09_TOR@BOS,0.4253521126760563,1,2025-04-09,0.456657937276277
2025-04-09_CIN@SF,0.45825049701789267,0,2025-04-09,0.4735097942535196
2025-04-09_MIN@KC,0.3881656804733728,0,2025-04-09,0.4314292760371655
2025-04-09_NYY@DET,0.4822834645669291,0,2025-04-09,0.49246941529350485
2025-04-09_PHI@ATL,0.6553191489361702,0,2025-04-09,0.5557475198148316
2025-04-09_LAD@WSH,0.6211656441717791,1,2025-04-09,0.5368978437704068
2025-04-09_CWS@CLE,0.45825049701789267,1,2025-04-09,0.472455144737184
2025-04-09_LAA@TB,0.45825049701789267,1,2025-04-09,0.47290254897883754
2025-04-09_MIA@NYM,0.45825049701789267,0,2025-04-09,0.48218807897527816
2025-04-09_STL@PIT,0.6553191489361702,0,2025-04-09,0.5590265306874527
2025-04-10_PHI@ATL,0.6211656441717791,1,2025-04-10,0.5393667660746332
2025-04-10_CWS@CLE,0.7407407407407407,1,2025-04-10,0.6765760719777196
2025-04-10_TOR@BOS,0.5511811023622046,0,2025-04-10,0.5144893313689303
2025-04-10_MIN@KC,0.4253521126760563,1,2025-04-10,0.4551589011754642
2025-04-10_MIL@COL,0.5331491712707183,1,2025-04-10,0.5001864254054432
2025-04-10_LAA@TB,0.5369261477045908,1,2025-04-10,0.503584982515939
2025-04-11_MIL@AZ,0.4253521126760563,0,2025-04-11,0.4510403165754233
2025-04-11_CHC@LAD,0.6211656441717791,0,2025-04-11,0.5467316037656558
2025-04-11_NYM@OAK,0.45825049701789267,0,2025-04-11,0.47866167049928543
2025-04-11_TEX@SEA,0.5369261477045908,1,2025-04-11,0.5041801932074221
2025-04-11_COL@SD,0.4253521126760563,0,2025-04-11,0.4521967975626474
2025-04-11_DET@MIN,0.4822834645669291,0,2025-04-11,0.4887332942008993
2025-04-11_PHI@STL,0.5511811023622046,0,2025-04-11,0.5122840389458136
2025-04-11_WSH@MIA,0.4253521126760563,0,2025-04-11,0.453194765392829
2025-04-11_ATL@TB,0.6827586206896552,1,2025-04-11,0.5766736610419944
2025-04-11_LAA@HOU,0.1888111888111888,0,2025-04-11,0.38742997479069663
2025-04-11_SF@NYY,0.4822834645669291,1,2025-04-11,0.4922550620814471
2025-04-11_PIT@CIN,0.4253521126760563,1,2025-04-11,0.45886268791256923
2025-04-11_KC@CLE,0.7407407407407407,0,2025-04-11,0.6463766959207848
2025-04-11_BOS@CWS,0.4253521126760563,0,2025-04-11,0.44818404799786815
2025-04-12_CHC@LAD,0.4253521126760563,0,2025-04-12,0.4482151434470606
2025-04-12_TEX@SEA,0.7407407407407407,1,2025-04-12,0.6592607475794237
2025-04-12_NYM@OAK,0.4822834645669291,0,2025-04-12,0.48701836812272115
2025-04-12_PHI@STL,0.3881656804733728,1,2025-04-12,0.4276363715898007
2025-04-12_DET@MIN,0.4253521126760563,1,2025-04-12,0.45493143170291517
2025-04-12_BOS@CWS,0.4253521126760563,0,2025-04-12,0.4416817141291518
2025-04-12_MIL@AZ,0.265993265993266,0,2025-04-12,0.39672861595172515
2025-04-12_WSH@MIA,0.4253521126760563,0,2025-04-12,0.4642236462704805
2025-04-12_COL@SD,0.6553191489361702,1,2025-04-12,0.5600457319118051
2025-04-12_TOR@BAL,0.5369261477045908,1,2025-04-12,0.5076418024537692
2025-04-12_KC@CLE,0.4253521126760563,0,2025-04-12,0.44080448085774837
2025-04-12_LAA@HOU,0.4253521126760563,1,2025-04-12,0.45697690878113584
2025-04-12_SF@NYY,0.5511811023622046,1,2025-04-12,0.5162054483578351
2025-04-12_ATL@TB,0.9090909090909091,1,2025-04-12,0.7295045495236283
2025-04-12_PIT@CIN,0.4253521126760563,0,2025-04-12,0.4526855433543807
2025-04-13_LAA@HOU,0.6827586206896552,1,2025-04-13,0.5786236886521301
2025-04-13_COL@SD,0.4253521126760563,1,2025-04-13,0.4614041233693045
2025-04-13_CHC@LAD,0.45825049701789267,0,2025-04-13,0.47722927382854496
2025-04-13_MIL@AZ,0.6211656441717791,1,2025-04-13,0.5285218509120672
2025-04-13_NYM@OAK,0.4822834645669291,0,2025-04-13,0.485777707100694
2025-04-13_TEX@SEA,0.4253521126760563,1,2025-04-13,0.46044521981566877
2025-04-13_DET@MIN,0.5511811023622046,1,2025-04-13,0.5116517332348183
2025-04-13_PHI@STL,0.5511811023622046,0,2025-04-13,0.522736461961526
2025-04-13_BOS@CWS,0.3881656804733728,0,2025-04-13,0.43862941896296836
2025-04-13_SF@NYY,0.45825049701789267,1,2025-04-13,0.4743518467219866
2025-04-13_ATL@TB,0.4822834645669291,1,2025-04-13,0.48472172518758894
2025-04-13_KC@CLE,0.4253521126760563,0,2025-04-13,0.46828070466220095
2025-04-13_PIT@CIN,0.29896907216494845,0,2025-04-13,0.41618598018529274
2025-04-13_TOR@BAL,0.4822834645669291,1,2025-04-13,0.48909689166939263
2025-04-13_WSH@MIA,0.4253521126760563,0,2025-04-13,0.45242554771622134
2025-04-14_CHC@SD,0.5331491712707183,0,2025-04-14,0.5014255047325389
2025-04-14_SF@PHI,0.49743589743589745,1,2025-04-14,0.4948158812938719
2025-04-14_WSH@PIT,0.4253521126760563,1,2025-04-14,0.46605342147562523
2025-04-14_DET@MIL,0.4253521126760563,1,2025-04-14,0.46161322720738196
2025-04-14_ATL@TOR,0.6827586206896552,1,2025-04-14,0.5732268081899078
2025-04-14_HOU@STL,0.268041237113402,0,2025-04-14,0.4088742784269993
2025-04-14_BOS@TB,0.5511811023622046,1,2025-04-14,0.5232367846440562
2025-04-14_NYM@MIN,0.4253521126760563,0,2025-04-14,0.44643455324683257
2025-04-14_COL@LAD,0.45825049701789267,1,2025-04-14,0.4810882193893561
2025-04-14_KC@NYY,0.4253521126760563,0,2025-04-14,0.45240171586493805
2025-04-15_COL@LAD,0.7157894736842105,0,2025-04-15,0.6048367904124359
2025-04-15_CHC@SD,0.45825049701789267,0,2025-04-15,0.4694530956079178
2025-04-15_LAA@TEX,0.4253521126760563,0,2025-04-15,0.4541349058183579
2025-04-15_NYM@MIN,0.6827586206896552,1,2025-04-15,0.5664506260924252
2025-04-15_HOU@STL,0.45825049701789267,0,2025-04-15,0.47949445548234826
2025-04-15_ATL@TOR,0.7157894736842105,1,2025-04-15,0.6038254257694089
2025-04-15_OAK@CWS,0.7157894736842105,1,2025-04-15,0.6127402822820824
2025-04-15_SF@PHI,0.5511811023622046,0,2025-04-15,0.5203240185671543
2025-04-15_WSH@PIT,0.265993265993266,1,2025-04-15,0.39295525937609466
2025-04-15_SEA@CIN,0.5511811023622046,1,2025-04-15,0.5280629904421873
2025-04-15_CLE@BAL,0.4253521126760563,0,2025-04-15,0.4609173667146108
2025-04-15_AZ@MIA,0.45825049701789267,0,2025-04-15,0.4693426073849817
2025-04-15_BOS@TB,0.4253521126760563,1,2025-04-15,0.4473163319502025
2025-04-15_KC@NYY,0.45825049701789267,0,2025-04-15,0.47670318851121307
2025-04-15_DET@MIL,0.5511811023622046,0,2025-04-15,0.5268713532817251
2025-04-16_DET@MIL,0.5369261477045908,0,2025-04-16,0.5029686831253564
2025-04-16_COL@LAD,0.5511811023622046,1,2025-04-16,0.5201792670234993
2025-04-16_CHC@SD,0.4253521126760563,0,2025-04-16,0.4549941035520969
2025-04-16_LAA@TEX,0.6211656441717791,0,2025-04-16,0.5507495924208339
2025-04-16_HOU@STL,0.6211656441717791,1,2025-04-16,0.533950613171241
2025-04-16_WSH@PIT,0.3881656804733728,0,2025-04-16,0.4376873492752317
2025-04-16_OAK@CWS,0.45825049701789267,0,2025-04-16,0.4718851777836106
2025-04-16_ATL@TOR,0.5369261477045908,0,2025-04-16,0.5032305691727466
2025-04-16_BOS@TB,0.45825049701789267,0,2025-04-16,0.4722635617714148
2025-04-16_SEA@CIN,0.34210526315789475,1,2025-04-16,0.4213067375808852
2025-04-16_AZ@MIA,0.3881656804733728,0,2025-04-16,0.42401030833464926
2025-04-16_CLE@BAL,0.3881656804733728,0,2025-04-16,0.4365915410530691
2025-04-16_SF@PHI,0.5369261477045908,1,2025-04-16,0.5063461781628958
2025-04-16_KC@NYY,0.4822834645669291,1,2025-04-16,0.4875782509572809
2025-04-16_NYM@MIN,0.45825049701789267,0,2025-04-16,0.4771111267343735
2025-04-17_CLE@BAL,0.4253521126760563,1,2025-04-17,0.4421094978021667
2025-04-17_SF@PHI,0.6211656441717791,1,2025-04-17,0.5364934482134276
2025-04-17_KC@DET,0.7157894736842105,0,2025-04-17,0.6044580865150821
2025-04-17_SEA@CIN,0.6553191489361702,1,2025-04-17,0.553679346345612
2025-04-17_OAK@CWS,0.4822834645669291,1,2025-04-17,0.4866431359917325
2025-04-17_NYY@TB,0.6827586206896552,1,2025-04-17,0.5739992219283068
2025-04-17_LAA@TEX,0.7407407407407407,1,2025-04-17,0.6467145595528079
2025-04-17_WSH@PIT,0.4253521126760563,1,2025-04-17,0.4534130808322401
2025-04-17_AZ@MIA,0.6827586206896552,1,2025-04-17,0.5674139493811832
2025-04-17_STL@NYM,0.4253521126760563,0,2025-04-17,0.45098140866017045
2025-04-18_AZ@CHC,0.34210526315789475,0,2025-04-18,0.4212343982143356
2025-04-18_OAK@MIL,0.5369261477045908,0,2025-04-18,0.5075078281577873
2025-04-18_STL@NYM,0.4253521126760563,0,2025-04-18,0.46049331491194334
2025-04-18_SF@LAA,0.45825049701789267,0,2025-04-18,0.48333318229516165
2025-04-18_LAD@TEX,0.6211656441717791,1,2025-04-18,0.5460037947925938
2025-04-18_CLE@PIT,0.45825049701789267,1,2025-04-18,0.4719725959632258
2025-04-18_SD@HOU,0.6211656441717791,0,2025-04-18,0.539496165327176
2025-04-18_SEA@TOR,0.49743589743589745,1,2025-04-18,0.4942676976769683
2025-04-18_MIA@PHI,0.45825049701789267,1,2025-04-18,0.47452420003416573
2025-04-18_CWS@BOS,0.6827586206896552,1,2025-04-18,0.5693150308754416
2025-04-18_CIN@BAL,0.4253521126760563,0,2025-04-18,0.4683292583829256
2025-04-18_KC@DET,0.4253521126760563,1,2025-04-18,0.45210089139723053
2025-04-18_MIN@ATL,0.4253521126760563,0,2025-04-18,0.4436322608857105
2025-04-18_NYY@TB,0.5369261477045908,0,2025-04-18,0.5059883792007329
2025-04-19_WSH@COL,0.4253521126760563,0,2025-04-19,0.44452803813821085
2025-04-19_LAD@TEX,0.4253521126760563,0,2025-04-19,0.46670746130121454
2025-04-19_MIA@PHI,0.3881656804733728,0,2025-04-19,0.4291788027436205
2025-04-19_OAK@MIL,0.4822834645669291,0,2025-04-19,0.48716944323246025
2025-04-19_CLE@PIT,0.5369261477045908,0,2025-04-19,0.5053272965551228
2025-04-19_NYY@TB,0.45825049701789267,1,2025-04-19,0.4769471687349415
2025-04-19_STL@NYM,0.3881656804733728,0,2025-04-19,0.42484650585645056
2025-04-19_AZ@CHC,0.45825049701789267,1,2025-04-19,0.4809615224096434
2025-04-19_SD@HOU,0.7407407407407407,0,2025-04-19,0.6591401440078783
2025-04-19_CIN@BAL,0.45825049701789267,1,2025-04-19,0.483360721935462
2025-04-19_CWS@BOS,0.5331491712707183,0,2025-04-19,0.5019355279996253
2025-04-19_KC@DET,0.4253521126760563,0,2025-04-19,0.4418237527458745
2025-04-19_MIN@ATL,0.45825049701789267,1,2025-04-19,0.47560680766032626
2025-04-19_SEA@TOR,0.4253521126760563,1,2025-04-19,0.44761539146959917
2025-04-19_SF@LAA,0.7407407407407407,1,2025-04-19,0.616763604227831
2025-04-20_SEA@TOR,0.7407407407407407,1,2025-04-20,0.6263342470416465
2025-04-20_LAD@TEX,0.4822834645669291,0,2025-04-20,0.49090822700513226
2025-04-20_WSH@COL,0.4253521126760563,0,2025-04-20,0.45798887801564636
2025-04-20_AZ@CHC,0.45825049701789267,1,2025-04-20,0.47837452631366184
2025-04-20_SD@HOU,0.4253521126760563,1,2025-04-20,0.4589482341788119
2025-04-20_OAK@MIL,0.6827586206896552,1,2025-04-20,0.591345483230035
2025-04-20_NYY@TB,0.5511811023622046,1,2025-04-20,0.5117997405213002
2025-04-20_SF@LAA,0.4253521126760563,0,2025-04-20,0.45090274144892417
2025-04-20_STL@NYM,0.4253521126760563,1,2025-04-20,0.4594760019151355
2025-04-20_WSH@COL,0.5331491712707183,1,2025-04-20,0.4968231676065059
2025-04-20_CIN@BAL,0.5511811023622046,0,2025-04-20,0.5226082218064763
2025-04-20_MIN@ATL,0.3881656804733728,1,2025-04-20,0.42518392733889454
2025-04-20_CLE@PIT,0.29896907216494845,0,2025-04-20,0.416237323843447
2025-04-20_KC@DET,0.45825049701789267,0,2025-04-20,0.4776928581697235
2025-04-20_CWS@BOS,0.6553191489361702,1,2025-04-20,0.5573580755960592
2025-04-20_MIA@PHI,0.4253521126760563,1,2025-04-20,0.4525386009607615
2025-04-21_CWS@BOS,0.5511811023622046,1,2025-04-21,0.5181702599928377
2025-04-21_PHI@NYM,0.34210526315789475,1,2025-04-21,0.4208280933913441
2025-04-21_MIL@SF,0.6827586206896552,0,2025-04-21,0.577810026373146
2025-04-21_NYY@CLE,0.3881656804733728,0,2025-04-21,0.43843832550783457
2025-04-21_SD@DET,0.265993265993266,1,2025-04-21,0.40347379211642564
2025-04-21_CIN@MIA,0.4253521126760563,0,2025-04-21,0.4673632545148254
2025-04-21_TOR@HOU,0.4822834645669291,0,2025-04-21,0.4927458121820736
2025-04-21_STL@ATL,0.5369261477045908,0,2025-04-21,0.5100140149129352
2025-04-22_CWS@MIN,0.4253521126760563,0,2025-04-22,0.46267193361122727
2025-04-22_PIT@LAA,0.4253521126760563,0,2025-04-22,0.4676858760363165
2025-04-22_TB@AZ,0.4253521126760563,0,2025-04-22,0.4658806072924353
2025-04-22_TEX@OAK,0.6211656441717791,1,2025-04-22,0.540136325670203
2025-04-22_COL@KC,0.3881656804733728,0,2025-04-22,0.43324204006256783
2025-04-22_MIL@SF,0.5369261477045908,0,2025-04-22,0.5098283507453578
2025-04-22_TOR@HOU,0.4253521126760563,1,2025-04-22,0.447193445853847
2025-04-22_LAD@CHC,0.6211656441717791,1,2025-04-22,0.5359836926107224
2025-04-22_CIN@MIA,0.6553191489361702,1,2025-04-22,0.5558100284521779
2025-04-22_SD@DET,0.45825049701789267,0,2025-04-22,0.4696406005803728
2025-04-22_BAL@WSH,0.6211656441717791,1,2025-04-22,0.5443868563830134
2025-04-22_PHI@NYM,0.6827586206896552,1,2025-04-22,0.569079135559709
2025-04-22_SEA@BOS,0.6553191489361702,1,2025-04-22,0.5585851101433903
2025-04-22_STL@ATL,0.6827586206896552,0,2025-04-22,0.5760036929268963
2025-04-22_NYY@CLE,0.45825049701789267,1,2025-04-22,0.48209217951894656
2025-04-23_PIT@LAA,0.45825049701789267,0,2025-04-23,0.47003024082207767
2025-04-23_TEX@OAK,0.6211656441717791,1,2025-04-23,0.5434784483531523
2025-04-23_MIL@SF,0.5331491712707183,0,2025-04-23,0.5013723053895801
2025-04-23_TB@AZ,0.4822834645669291,1,2025-04-23,0.48969427967494705
2025-04-23_TOR@HOU,0.34210526315789475,0,2025-04-23,0.421167721734763
2025-04-23_CWS@MIN,0.45825049701789267,0,2025-04-23,0.4778445993470223
2025-04-23_PHI@NYM,0.5511811023622046,0,2025-04-23,0.5166624339653658
2025-04-23_SD@DET,0.45825049701789267,1,2025-04-23,0.48331519206260654
2025-04-23_LAD@CHC,0.45825049701789267,0,2025-04-23,0.4732011897728612
2025-04-23_NYY@CLE,0.6553191489361702,1,2025-04-23,0.5588601177913217
2025-04-23_SEA@BOS,0.4253521126760563,1,2025-04-23,0.46753334652686573
2025-04-23_CIN@MIA,0.30434782608695654,1,2025-04-23,0.41885644900939023
2025-04-23_STL@ATL,0.45825049701789267,1,2025-04-23,0.4820933754720368
2025-04-23_BAL@WSH,0.3881656804733728,1,2025-04-23,0.4381674578398159
2025-04-24_TB@AZ,0.268041237113402,1,2025-04-24,0.4124982763178948
2025-04-24_CWS@MIN,0.5369261477045908,0,2025-04-24,0.5087066300997902
2025-04-24_COL@KC,0.6211656441717791,1,2025-04-24,0.5393408639392472
2025-04-24_PIT@LAA,0.45825049701789267,1,2025-04-24,0.48086109293316115
2025-04-24_TEX@OAK,0.29896907216494845,0,2025-04-24,0.41449495351806986
2025-04-24_MIL@SF,0.49743589743589745,1,2025-04-24,0.4948701706139671
2025-04-24_COL@KC,0.5511811023622046,0,2025-04-24,0.5174419174863301
2025-04-24_SEA@BOS,0.4253521126760563,1,2025-04-24,0.441804624383094
2025-04-24_BAL@WSH,0.6827586206896552,0,2025-04-24,0.5703415102663607
2025-04-25_CWS@OAK,0.45825049701789267,0,2025-04-25,0.4728146040965039
2025-04-25_TEX@SF,0.6211656441717791,0,2025-04-25,0.5493881826293263
2025-04-25_TB@SD,0.3881656804733728,0,2025-04-25,0.4245844630229423
2025-04-25_PIT@LAD,0.5331491712707183,1,2025-04-25,0.49856525517327555
2025-04-25_ATL@AZ,0.7157894736842105,0,2025-04-25,0.6057564325037541
2025-04-25_CIN@COL,0.4822834645669291,1,2025-04-25,0.4870447298084629
2025-04-25_MIA@SEA,0.268041237113402,0,2025-04-25,0.41385039060192463
2025-04-25_NYM@WSH,0.3466666666666667,0,2025-04-25,0.42186828049045466
2025-04-25_MIL@STL,0.7407407407407407,0,2025-04-25,0.627764544312519
2025-04-25_TOR@NYY,0.4253521126760563,0,2025-04-25,0.4609587583781286
2025-04-25_PHI@CHC,0.5331491712707183,0,2025-04-25,0.502010038225746
2025-04-25_LAA@MIN,0.3881656804733728,1,2025-04-25,0.43633150911710694
2025-04-25_HOU@KC,0.4822834645669291,0,2025-04-25,0.4880226310747705
2025-04-26_BAL@DET,0.4253521126760563,0,2025-04-26,0.45751381721540296
2025-04-26_MIA@SEA,0.5511811023622046,1,2025-04-26,0.5129861128255241
2025-04-26_TEX@SF,0.5369261477045908,1,2025-04-26,0.5062288342751096
2025-04-26_TB@SD,0.3881656804733728,0,2025-04-26,0.425836464494717
2025-04-26_CIN@COL,0.3881656804733728,0,2025-04-26,0.42849733773224163
2025-04-26_ATL@AZ,0.45825049701789267,1,2025-04-26,0.47320899828672547
2025-04-26_PIT@LAD,0.6827586206896552,1,2025-04-26,0.5693504481196991
2025-04-26_MIL@STL,0.7157894736842105,0,2025-04-26,0.6082858447574846
2025-04-26_CWS@OAK,0.3881656804733728,1,2025-04-26,0.4377060324910257
2025-04-26_LAA@MIN,0.5511811023622046,1,2025-04-26,0.511962164678648
2025-04-26_HOU@KC,0.265993265993266,1,2025-04-26,0.39997391784436354
2025-04-26_BAL@DET,0.5511811023622046,0,2025-04-26,0.5238136557712226
2025-04-26_BOS@CLE,0.3881656804733728,1,2025-04-26,0.4260791350096007
2025-04-26_NYM@WSH,0.4253521126760563,0,2025-04-26,0.44728114049310963
2025-04-26_PHI@CHC,0.45825049701789267,0,2025-04-26,0.4819876683462665
2025-04-26_BOS@CLE,0.4253521126760563,1,2025-04-26,0.45994728324494716
2025-04-27_LAA@MIN,0.4253521126760563,1,2025-04-27,0.4632026837886265
2025-04-27_PIT@LAD,0.5369261477045908,1,2025-04-27,0.5064377457045404
2025-04-27_TB@SD,0.3881656804733728,0,2025-04-27,0.428626491441612
2025-04-27_MIA@SEA,0.6211656441717791,1,2025-04-27,0.5333504192642466
2025-04-27_CIN@COL,0.45825049701789267,1,2025-04-27,0.48203784248501635
2025-04-27_CWS@OAK,0.5369261477045908,1,2025-04-27,0.5043556193812009
2025-04-27_MIL@STL,0.6827586206896552,1,2025-04-27,0.5713812909215322
2025-04-27_ATL@AZ,0.5511811023622046,1,2025-04-27,0.5145698176212478
2025-04-27_HOU@KC,0.265993265993266,0,2025-04-27,0.40524726942086753
2025-04-27_NYM@WSH,0.3881656804733728,1,2025-04-27,0.42342387566844
2025-04-27_BAL@DET,0.45825049701789267,0,2025-04-27,0.4692320653729737
2025-04-27_TOR@NYY,0.5511811023622046,1,2025-04-27,0.521764676555917
2025-04-27_BOS@CLE,0.45825049701789267,0,2025-04-27,0.4715876364783448
2025-04-27_PHI@CHC,0.3881656804733728,0,2025-04-27,0.43954010117856546
2025-04-27_TOR@NYY,0.6827586206896552,1,2025-04-27,0.5742061831540393
2025-04-27_TEX@SF,0.6211656441717791,1,2025-04-27,0.5295169345753901
2025-04-28_ATL@COL,0.5369261477045908,1,2025-04-28,0.5088005173782102
2025-04-28_NYM@WSH,0.45825049701789267,0,2025-04-28,0.47868706279562734
2025-04-28_MIN@CLE,0.1888111888111888,1,2025-04-28,0.3760941455168394
2025-04-28_MIA@LAD,0.4822834645669291,1,2025-04-28,0.4922368554263451
2025-04-28_STL@CIN,0.6553191489361702,1,2025-04-28,0.5591270726268754
2025-04-28_DET@HOU,0.3881656804733728,0,2025-04-28,0.43024811469033397
2025-04-28_OAK@TEX,0.4253521126760563,0,2025-04-28,0.4578634330592216
2025-04-28_NYY@BAL,0.45825049701789267,0,2025-04-28,0.4819685781933528
2025-04-29_ATL@COL,0.265993265993266,0,2025-04-29,0.39936356703418163
2025-04-29_LAA@SEA,0.4253521126760563,0,2025-04-29,0.44724557145562105
2025-04-29_OAK@TEX,0.4822834645669291,0,2025-04-29,0.4909012727175105
2025-04-29_MIA@LAD,0.6211656441717791,1,2025-04-29,0.5535008003243292
2025-04-29_DET@HOU,0.45825049701789267,1,2025-04-29,0.48360914841393543
2025-04-29_MIL@CWS,0.3881656804733728,1,2025-04-29,0.4379372286868508
2025-04-29_BOS@TOR,0.45825049701789267,1,2025-04-29,0.47219732321543384
2025-04-29_SF@SD,0.6211656441717791,1,2025-04-29,0.5356202917101123
2025-04-29_MIN@CLE,0.3881656804733728,0,2025-04-29,0.4329681045226319
2025-04-29_AZ@NYM,0.45825049701789267,0,2025-04-29,0.47001806863678397
2025-04-29_WSH@PHI,0.6211656441717791,1,2025-04-29,0.5416030005805907
2025-04-29_NYY@BAL,0.4253521126760563,1,2025-04-29,0.4610990167758483
2025-04-29_CHC@PIT,0.268041237113402,0,2025-04-29,0.41074687217950845
2025-04-29_KC@TB,0.7407407407407407,1,2025-04-29,0.6369802614904726
2025-04-30_LAA@SEA,0.265993265993266,1,2025-04-30,0.40585334640381643
2025-04-30_MIL@CWS,0.5331491712707183,1,2025-04-30,0.4986655583258557
2025-04-30_SF@SD,0.6211656441717791,0,2025-04-30,0.5299166656976062
2025-04-30_OAK@TEX,0.4253521126760563,0,2025-04-30,0.4483214988235965
2025-04-30_MIA@LAD,0.45825049701789267,0,2025-04-30,0.4777641239813256
2025-04-30_DET@HOU,0.4253521126760563,1,2025-04-30,0.4630860112816506
2025-04-30_ATL@COL,0.1888111888111888,0,2025-04-30,0.3886401129854782
2025-04-30_CHC@PIT,0.4253521126760563,1,2025-04-30,0.44651035747778645
2025-04-30_NYY@BAL,0.6827586206896552,1,2025-04-30,0.5872204952122482
2025-04-30_BOS@TOR,0.5369261477045908,1,2025-04-30,0.5049690217575765
2025-04-30_MIN@CLE,0.1888111888111888,0,2025-04-30,0.38504024535656023
2025-04-30_AZ@NYM,0.6211656441717791,0,2025-04-30,0.5523975044260219
2025-04-30_WSH@PHI,0.5369261477045908,1,2025-04-30,0.5061791264142451
2025-04-30_STL@CIN,0.5331491712707183,1,2025-04-30,0.5001765084574753
2025-04-30_STL@CIN,0.6211656441717791,1,2025-04-30,0.5456942013334927
2025-04-30_KC@TB,0.5511811023622046,1,2025-04-30,0.5258936341703455
2025-05-01_MIL@CWS,0.8,1,2025-05-01,0.7160881045549901
2025-05-01_BOS@TOR,0.4253521126760563,0,2025-05-01,0.46755241344590803
2025-05-01_OAK@TEX,0.6553191489361702,1,2025-05-01,0.5588560794411058
2025-05-01_KC@TB,0.265993265993266,1,2025-05-01,0.3955214249172254
2025-05-01_COL@SF,0.4253521126760563,1,2025-05-01,0.4539198445033559
2025-05-01_WSH@PHI,0.3881656804733728,0,2025-05-01,0.44048267662199114
2025-05-01_CHC@PIT,0.265993265993266,1,2025-05-01,0.40470905999544016
2025-05-01_DET@LAA,0.4253521126760563,0,2025-05-01,0.45939307558979525
2025-05-01_AZ@NYM,0.265993265993266,0,2025-05-01,0.40145729067327796
2025-05-01_STL@CIN,0.4822834645669291,0,2025-05-01,0.48604751072777663
2025-05-01_MIN@CLE,0.6553191489361702,1,2025-05-01,0.5568502696266413
2025-05-02_HOU@CWS,0.3881656804733728,1,2025-05-02,0.4282728530502681
2025-05-02_CHC@MIL,0.5369261477045908,1,2025-05-02,0.5033936112105066
2025-05-02_CLE@TOR,0.265993265993266,0,2025-05-02,0.4045732523668689
2025-05-02_COL@SF,0.5511811023622046,0,2025-05-02,0.5237368080514944
2025-05-02_SEA@TEX,0.49743589743589745,0,2025-05-02,0.4959815145816553
2025-05-02_NYM@STL,0.49743589743589745,1,2025-05-02,0.49512377747308334
2025-05-02_AZ@PHI,0.7407407407407407,1,2025-05-02,0.6708447383701504
2025-05-02_DET@LAA,0.5511811023622046,1,2025-05-02,0.5154044089747901
2025-05-02_TB@NYY,0.6211656441717791,0,2025-05-02,0.5330155495199005
2025-05-02_MIN@BOS,0.6211656441717791,1,2025-05-02,0.5288472744321336
2025-05-02_SD@PIT,0.6211656441717791,0,2025-05-02,0.5339472224254085
2025-05-02_OAK@MIA,0.4253521126760563,0,2025-05-02,0.4647347346468934
2025-05-02_LAD@ATL,0.49743589743589745,0,2025-05-02,0.4949070084182793
2025-05-02_KC@BAL,0.07692307692307693,0,2025-05-02,0.3606091316107398
2025-05-02_WSH@CIN,0.3881656804733728,1,2025-05-02,0.4363899533370972
2025-05-03_KC@BAL,0.5511811023622046,0,2025-05-03,0.5259590121599743
2025-05-03_SD@PIT,0.4253521126760563,0,2025-05-03,0.4620056337714763
2025-05-03_HOU@CWS,0.6211656441717791,1,2025-05-03,0.5500854905306822
2025-05-03_DET@LAA,0.4253521126760563,0,2025-05-03,0.4612555842179854
2025-05-03_COL@SF,0.4253521126760563,0,2025-05-03,0.4646863256075745
2025-05-03_SEA@TEX,0.45825049701789267,1,2025-05-03,0.4838791940028262
2025-05-03_CHC@MIL,0.6827586206896552,1,2025-05-03,0.5730460920677871
2025-05-03_TB@NYY,0.6553191489361702,1,2025-05-03,0.5567144756475855
2025-05-03_CLE@TOR,0.5511811023622046,1,2025-05-03,0.5214950807767804
2025-05-03_OAK@MIA,0.7157894736842105,1,2025-05-03,0.6102189085537653
2025-05-03_LAD@ATL,0.7407407407407407,0,2025-05-03,0.6777140713398309
2025-05-03_WSH@CIN,0.5511811023622046,1,2025-05-03,0.5190545575569325
2025-05-03_AZ@PHI,0.268041237113402,0,2025-05-03,0.4101982767361645
2025-05-03_MIN@BOS,0.3881656804733728,0,2025-05-03,0.430410928866901
2025-05-04_CHC@MIL,0.5369261477045908,0,2025-05-04,0.5057966222497319
2025-05-04_COL@SF,0.45825049701789267,1,2025-05-04,0.4774340014110887
2025-05-04_HOU@CWS,0.49743589743589745,0,2025-05-04,0.4956449258831196
2025-05-04_SD@PIT,0.4253521126760563,1,2025-05-04,0.4667128872764257
2025-05-04_DET@LAA,0.29896907216494845,0,2025-05-04,0.4169021171293099
2025-05-04_SEA@TEX,0.4253521126760563,0,2025-05-04,0.4465050189545058
2025-05-04_CLE@TOR,0.45825049701789267,0,2025-05-04,0.4829913731649653
2025-05-04_NYM@STL,0.4822834645669291,1,2025-05-04,0.48774239470398484
2025-05-04_WSH@CIN,0.4822834645669291,0,2025-05-04,0.49284516966302994
2025-05-04_AZ@PHI,0.7157894736842105,1,2025-05-04,0.6089491706597883
2025-05-04_LAD@ATL,0.45825049701789267,1,2025-05-04,0.47776262580269235
2025-05-04_OAK@MIA,0.4253521126760563,0,2025-05-04,0.44211357989242217
2025-05-04_KC@BAL,0.268041237113402,0,2025-05-04,0.4086859218679616
2025-05-04_MIN@BOS,0.6211656441717791,1,2025-05-04,0.5426505274857591
2025-05-04_NYM@STL,0.4253521126760563,0,2025-05-04,0.4532180676936183
2025-05-04_TB@NYY,0.5369261477045908,0,2025-05-04,0.5097974067811784
2025-05-05_PIT@STL,0.4253521126760563,1,2025-05-05,0.46629152871055657
2025-05-05_SEA@OAK,0.7407407407407407,1,2025-05-05,0.6359553314168582
2025-05-05_NYM@AZ,0.45825049701789267,1,2025-05-05,0.47293527699227544
2025-05-05_HOU@MIL,0.3881656804733728,0,2025-05-05,0.4232728028234728
2025-05-05_CWS@KC,0.45825049701789267,0,2025-05-05,0.46993262855819007
2025-05-05_SD@NYY,0.4822834645669291,0,2025-05-05,0.4895204031650492
2025-05-05_LAD@MIA,0.7407407407407407,1,2025-05-05,0.6154628622369596
2025-05-05_CIN@ATL,0.6211656441717791,0,2025-05-05,0.540656998183514
2025-05-05_SF@CHC,0.4253521126760563,0,2025-05-05,0.45651353483293544
2025-05-06_HOU@MIL,0.4253521126760563,1,2025-05-06,0.4596848053846271
2025-05-06_CLE@WSH,0.3881656804733728,1,2025-05-06,0.4349442371983706
2025-05-06_SF@CHC,0.4253521126760563,0,2025-05-06,0.4463313760241817
2025-05-06_SEA@OAK,0.6553191489361702,1,2025-05-06,0.5614059988030979
2025-05-06_BAL@MIN,0.3881656804733728,0,2025-05-06,0.4320277331813266
2025-05-06_PIT@STL,0.6827586206896552,0,2025-05-06,0.5704354620634472
2025-05-06_NYM@AZ,0.3881656804733728,0,2025-05-06,0.4373000896582018
2025-05-06_TOR@LAA,0.6211656441717791,1,2025-05-06,0.5434434052887569
2025-05-06_CIN@ATL,0.265993265993266,0,2025-05-06,0.40647120591567787
2025-05-06_LAD@MIA,0.45825049701789267,1,2025-05-06,0.48370789309511975
2025-05-06_TEX@BOS,0.6211656441717791,1,2025-05-06,0.5494520583449506
2025-05-06_PHI@TB,0.4253521126760563,0,2025-05-06,0.4499180188551253
2025-05-06_SD@NYY,0.5331491712707183,0,2025-05-06,0.4979409503859876
2025-05-06_CLE@WSH,0.11667694897600007,0,2025-05-06,0.3639957043939833
2025-05-06_CWS@KC,0.3881656804733728,0,2025-05-06,0.433396980553721
2025-05-07_TOR@LAA,0.45825049701789267,0,2025-05-07,0.48070968566018824
2025-05-07_SEA@OAK,0.6553191489361702,1,2025-05-07,0.5568713927487294
2025-05-07_BAL@MIN,0.07692307692307693,0,2025-05-07,0.36296401117752985
2025-05-07_CWS@KC,0.268041237113402,0,2025-05-07,0.4072050133619316
2025-05-07_NYM@AZ,0.3881656804733728,0,2025-05-07,0.43601380418239566
2025-05-07_HOU@MIL,0.4253521126760563,0,2025-05-07,0.452325725325755
2025-05-07_PIT@STL,0.4253521126760563,0,2025-05-07,0.4589567422498234
2025-05-07_DET@COL,0.6211656441717791,1,2025-05-07,0.5493621673040554
2025-05-07_TEX@BOS,0.4253521126760563,0,2025-05-07,0.45627480808969667
2025-05-07_SD@NYY,0.4253521126760563,0,2025-05-07,0.460439558883706
2025-05-07_SF@CHC,0.3881656804733728,1,2025-05-07,0.4286304020919217
2025-05-07_PHI@TB,0.4253521126760563,0,2025-05-07,0.465309442963016
2025-05-07_CLE@WSH,0.6211656441717791,0,2025-05-07,0.5321159427193869
2025-05-07_CIN@ATL,0.4253521126760563,1,2025-05-07,0.44130257676664053
2025-05-07_LAD@MIA,0.5511811023622046,0,2025-05-07,0.5171622974199648
2025-05-08_LAD@AZ,0.30434782608695654,0,2025-05-08,0.41709846173644094
2025-05-08_TOR@LAA,0.3881656804733728,1,2025-05-08,0.4281511019648889
2025-05-08_CIN@ATL,0.7407407407407407,1,2025-05-08,0.6416552855679276
2025-05-08_DET@COL,0.4253521126760563,1,2025-05-08,0.45972783863343336
2025-05-08_PHI@TB,0.6211656441717791,1,2025-05-08,0.5316968651569116
2025-05-08_BAL@MIN,0.6827586206896552,1,2025-05-08,0.5914180538109579
2025-05-08_CWS@KC,0.4253521126760563,1,2025-05-08,0.46188475837326926
2025-05-08_DET@COL,0.4822834645669291,0,2025-05-08,0.4892560808369373
2025-05-08_TEX@BOS,0.6827586206896552,0,2025-05-08,0.5810122095551971
2025-05-09_BAL@LAA,0.45825049701789267,1,2025-05-09,0.478076428398839
2025-05-09_LAD@AZ,0.7407407407407407,1,2025-05-09,0.6222636632317681
2025-05-09_TOR@SEA,0.5511811023622046,1,2025-05-09,0.5164601070300531
2025-05-09_CIN@HOU,0.4253521126760563,0,2025-05-09,0.4532151184815181
2025-05-09_BOS@KC,0.265993265993266,0,2025-05-09,0.39837412656546645
2025-05-09_MIA@CWS,0.6211656441717791,1,2025-05-09,0.5341907662960428
2025-05-09_SD@COL,0.45825049701789267,1,2025-05-09,0.4725969114662799
2025-05-09_SF@MIN,0.5511811023622046,1,2025-05-09,0.5132046540234241
2025-05-09_STL@WSH,0.265993265993266,1,2025-05-09,0.39969827783940604
2025-05-09_TEX@DET,0.265993265993266,0,2025-05-09,0.40684947488087564
2025-05-09_PHI@CLE,0.4253521126760563,0,2025-05-09,0.4423093113225267
2025-05-09_ATL@PIT,0.49743589743589745,0,2025-05-09,0.49387357069305793
2025-05-09_CHC@NYM,0.45825049701789267,1,2025-05-09,0.4801052212860316
2025-05-09_MIL@TB,0.5369261477045908,1,2025-05-09,0.505224528761663
2025-05-09_NYY@OAK,0.45825049701789267,0,2025-05-09,0.4717242220772927
2025-05-10_TOR@SEA,0.5511811023622046,0,2025-05-10,0.5272068771048665
2025-05-10_NYY@OAK,0.4822834645669291,0,2025-05-10,0.48602909276124995
2025-05-10_BAL@LAA,0.7157894736842105,1,2025-05-10,0.6033228546049326
2025-05-10_SF@MIN,0.5511811023622046,0,2025-05-10,0.5179124502398282
2025-05-10_LAD@AZ,0.45825049701789267,0,2025-05-10,0.48404009050931407
2025-05-10_SD@COL,0.45825049701789267,1,2025-05-10,0.4689973107964208
2025-05-10_BOS@KC,0.5511811023622046,0,2025-05-10,0.5168394442520348
2025-05-10_MIA@CWS,0.7407407407407407,1,2025-05-10,0.6158098834147963
2025-05-10_CIN@HOU,0.4822834645669291,1,2025-05-10,0.485928149945562
2025-05-10_STL@WSH,0.4253521126760563,0,2025-05-10,0.45815247640347945
2025-05-10_MIL@TB,0.265993265993266,0,2025-05-10,0.40279273469318233
2025-05-10_CHC@NYM,0.5369261477045908,1,2025-05-10,0.5047761403558544
2025-05-10_PHI@CLE,0.45825049701789267,0,2025-05-10,0.48038494290368794
2025-05-10_ATL@PIT,0.45825049701789267,0,2025-05-10,0.47147768490692343
2025-05-10_TEX@DET,0.4253521126760563,1,2025-05-10,0.4566226347146932
2025-05-11_LAD@AZ,0.45825049701789267,1,2025-05-11,0.4817740988808775
2025-05-11_SD@COL,0.7407407407407407,1,2025-05-11,0.681230542427228
2025-05-11_SF@MIN,0.45825049701789267,1,2025-05-11,0.48193927202756215
2025-05-11_NYY@OAK,0.4253521126760563,0,2025-05-11,0.46612159692375377
2025-05-11_TOR@SEA,0.4822834645669291,0,2025-05-11,0.48607452435914045
2025-05-11_BAL@LAA,0.6827586206896552,1,2025-05-11,0.5744559753351006
2025-05-11_STL@WSH,0.5511811023622046,1,2025-05-11,0.5244769676795673
2025-05-11_BOS@KC,0.3881656804733728,0,2025-05-11,0.434284548279682
2025-05-11_MIL@TB,0.3881656804733728,1,2025-05-11,0.43739901653019964
2025-05-11_MIA@CWS,0.5331491712707183,0,2025-05-11,0.49711078842318346
2025-05-11_ATL@PIT,0.3881656804733728,0,2025-05-11,0.4368621087478102
2025-05-11_CHC@NYM,0.4253521126760563,0,2025-05-11,0.44879354629038626
2025-05-11_TEX@DET,0.3881656804733728,0,2025-05-11,0.42646859574039675
2025-05-11_PHI@CLE,0.34210526315789475,0,2025-05-11,0.4209253860327704
2025-05-11_CIN@HOU,0.4253521126760563,0,2025-05-11,0.4468525409693629
2025-05-12_NYY@SEA,0.45825049701789267,1,2025-05-12,0.4822403153064637
2025-05-12_LAA@SD,0.45825049701789267,0,2025-05-12,0.4761238094705791
2025-05-12_KC@HOU,0.4822834645669291,0,2025-05-12,0.4854120741824165
2025-05-12_COL@TEX,0.5331491712707183,0,2025-05-12,0.5011735854493352
2025-05-12_PIT@NYM,0.265993265993266,0,2025-05-12,0.39961735567121326
2025-05-12_MIA@CHC,0.3881656804733728,0,2025-05-12,0.4313177845289826
2025-05-12_STL@PHI,0.5331491712707183,0,2025-05-12,0.5022167740106225
2025-05-12_WSH@ATL,0.45825049701789267,0,2025-05-12,0.47466284066002196
2025-05-12_MIL@CLE,0.4253521126760563,0,2025-05-12,0.45549942533428056
2025-05-12_AZ@SF,0.5511811023622046,0,2025-05-12,0.5103724938313898
2025-05-12_BOS@DET,0.6211656441717791,1,2025-05-12,0.5407611433499755
2025-05-13_AZ@SF,0.5511811023622046,1,2025-05-13,0.5228069603254819
2025-05-13_KC@HOU,0.3881656804733728,0,2025-05-13,0.4381768696173226
2025-05-13_NYY@SEA,0.4253521126760563,0,2025-05-13,0.45762945101364016
2025-05-13_COL@TEX,0.6827586206896552,1,2025-05-13,0.5822906341784985
2025-05-13_TB@TOR,0.265993265993266,0,2025-05-13,0.4045688337657456
2025-05-13_MIA@CHC,0.4253521126760563,0,2025-05-13,0.4539526715540865
2025-05-13_OAK@LAD,0.4822834645669291,0,2025-05-13,0.492389968647429
2025-05-13_LAA@SD,0.5511811023622046,1,2025-05-13,0.5249982681898466
2025-05-13_BOS@DET,0.49743589743589745,1,2025-05-13,0.4961780233446298
2025-05-13_WSH@ATL,0.4253521126760563,1,2025-05-13,0.44982852961126185
2025-05-13_PIT@NYM,0.5369261477045908,1,2025-05-13,0.5044443789835845
2025-05-13_MIL@CLE,0.45825049701789267,1,2025-05-13,0.47213740283718164
2025-05-13_CWS@CIN,0.3881656804733728,0,2025-05-13,0.43556040437759835
2025-05-14_MIN@BAL,0.5331491712707183,1,2025-05-14,0.5003674008682788
2025-05-14_LAA@SD,0.6211656441717791,1,2025-05-14,0.5294287329540935
2025-05-14_NYY@SEA,0.4253521126760563,0,2025-05-14,0.4455188635504834
2025-05-14_AZ@SF,0.6827586206896552,1,2025-05-14,0.575792261817208
2025-05-14_OAK@LAD,0.4253521126760563,1,2025-05-14,0.4457880073262982
2025-05-14_COL@TEX,0.5511811023622046,1,2025-05-14,0.5152020870058015
2025-05-14_KC@HOU,0.4253521126760563,0,2025-05-14,0.4459708558904
2025-05-14_MIA@CHC,0.4253521126760563,0,2025-05-14,0.465086857521242
2025-05-14_STL@PHI,0.3881656804733728,0,2025-05-14,0.4378216690942426
2025-05-14_PIT@NYM,0.5511811023622046,0,2025-05-14,0.525310991392206
2025-05-14_MIN@BAL,0.268041237113402,0,2025-05-14,0.41011698835832766
2025-05-14_MIL@CLE,0.4253521126760563,0,2025-05-14,0.44673505412707015
2025-05-14_STL@PHI,0.7407407407407407,1,2025-05-14,0.623772673333958
2025-05-14_BOS@DET,0.7407407407407407,1,2025-05-14,0.6577348448202334
2025-05-14_CWS@CIN,0.4253521126760563,0,2025-05-14,0.4474279707347062
2025-05-14_WSH@ATL,0.45825049701789267,1,2025-05-14,0.47886261595588187
2025-05-14_TB@TOR,0.5369261477045908,0,2025-05-14,0.5053303601454102
2025-05-15_WSH@ATL,0.265993265993266,0,2025-05-15,0.4035542840040125
2025-05-15_HOU@TEX,0.45825049701789267,0,2025-05-15,0.4814221546931874
2025-05-15_MIN@BAL,0.4253521126760563,0,2025-05-15,0.4676656764772974
2025-05-15_CWS@CIN,0.7157894736842105,1,2025-05-15,0.6125355579348994
2025-05-15_OAK@LAD,0.49743589743589745,1,2025-05-15,0.49635791358697257
2025-05-15_TB@TOR,0.4822834645669291,1,2025-05-15,0.4847405432135615
2025-05-16_OAK@SF,0.4253521126760563,0,2025-05-16,0.45168704677203186
2025-05-16_HOU@TEX,0.5511811023622046,0,2025-05-16,0.5260929656330866
2025-05-16_SEA@SD,0.6211656441717791,1,2025-05-16,0.5402343950690423
2025-05-16_COL@AZ,0.47619047619047616,0,2025-05-16,0.48450421716928194
2025-05-16_MIN@MIL,0.5369261477045908,1,2025-05-16,0.5084846793445672
2025-05-16_LAA@LAD,0.6827586206896552,1,2025-05-16,0.5990416109775647
2025-05-16_CWS@CHC,0.4253521126760563,1,2025-05-16,0.46312323264857125
2025-05-16_NYM@NYY,0.5369261477045908,0,2025-05-16,0.5066663968548949
2025-05-16_CLE@CIN,0.5511811023622046,0,2025-05-16,0.5248556064417311
2025-05-16_TB@MIA,0.5511811023622046,1,2025-05-16,0.5129024061775385
2025-05-16_PIT@PHI,0.6211656441717791,0,2025-05-16,0.5314145728312605
2025-05-16_DET@TOR,0.5331491712707183,0,2025-05-16,0.5003397660394193
2025-05-16_WSH@BAL,0.268041237113402,0,2025-05-16,0.4138977779005255
2025-05-16_ATL@BOS,0.5369261477045908,0,2025-05-16,0.5078838019003309
2025-05-16_STL@KC,0.4253521126760563,0,2025-05-16,0.4665558285603081
2025-05-17_SEA@SD,0.45825049701789267,0,2025-05-17,0.4710619952676831
2025-05-17_OAK@SF,0.4253521126760563,0,2025-05-17,0.46609658000564425
2025-05-17_CWS@CHC,0.3881656804733728,1,2025-05-17,0.4305528222446884
2025-05-17_HOU@TEX,0.3881656804733728,1,2025-05-17,0.4331970425713526
2025-05-17_MIN@MIL,0.49743589743589745,1,2025-05-17,0.4966721869667492
2025-05-17_LAA@LAD,0.6211656441717791,1,2025-05-17,0.5455278040683513
2025-05-17_STL@KC,0.45825049701789267,0,2025-05-17,0.48419789607580244
2025-05-17_DET@TOR,0.4253521126760563,0,2025-05-17,0.45953034439611595
2025-05-17_NYM@NYY,0.4822834645669291,0,2025-05-17,0.48802545403508646
2025-05-17_TB@MIA,0.4253521126760563,0,2025-05-17,0.45879013878710484
2025-05-17_WSH@BAL,0.4253521126760563,1,2025-05-17,0.4667384178657342
2025-05-17_CLE@CIN,0.45825049701789267,0,2025-05-17,0.4830912229230031
2025-05-17_ATL@BOS,0.4253521126760563,1,2025-05-17,0.45306663611572406
2025-05-17_PIT@PHI,0.45825049701789267,1,2025-05-17,0.47879911238586925
2025-05-17_COL@AZ,0.6211656441717791,1,2025-05-17,0.5299160931325511
2025-05-18_STL@KC,0.45825049701789267,0,2025-05-18,0.48437568846103596
2025-05-18_MIN@MIL,0.4822834645669291,0,2025-05-18,0.489210529165892
2025-05-18_LAA@LAD,0.5511811023622046,1,2025-05-18,0.5221430275384608
2025-05-18_OAK@SF,0.6211656441717791,1,2025-05-18,0.5304554379085014
2025-05-18_SEA@SD,0.6211656441717791,1,2025-05-18,0.5325378536836796
2025-05-18_HOU@TEX,0.4253521126760563,0,2025-05-18,0.4481827469718226
2025-05-18_DET@TOR,0.4253521126760563,1,2025-05-18,0.4590235833284242
2025-05-18_COL@AZ,0.3881656804733728,1,2025-05-18,0.42904842139809996
2025-05-18_WSH@BAL,0.4253521126760563,1,2025-05-18,0.4420914469599049
2025-05-18_CLE@CIN,0.6827586206896552,0,2025-05-18,0.582520311826159
2025-05-18_ATL@BOS,0.4253521126760563,1,2025-05-18,0.4652091750385896
2025-05-18_TB@MIA,0.6827586206896552,0,2025-05-18,0.5878248343046371
2025-05-18_NYM@NYY,0.265993265993266,1,2025-05-18,0.3953378691199394
2025-05-18_PIT@PHI,0.4253521126760563,0,2025-05-18,0.45941473654555676
2025-05-18_CWS@CHC,0.4253521126760563,1,2025-05-18,0.4567924379918612
2025-05-19_PHI@COL,0.5331491712707183,1,2025-05-19,0.5006551058040101
2025-05-19_LAA@OAK,0.6827586206896552,1,2025-05-19,0.590015971592326
2025-05-19_AZ@LAD,0.4253521126760563,1,2025-05-19,0.4646219389347416
2025-05-19_KC@SF,0.3881656804733728,0,2025-05-19,0.42384175406261326
2025-05-19_NYM@BOS,0.3881656804733728,1,2025-05-19,0.4391333926543608
2025-05-19_SEA@CWS,0.4253521126760563,0,2025-05-19,0.4498889581967529
2025-05-19_HOU@TB,0.4253521126760563,0,2025-05-19,0.4610979822986139
2025-05-19_CIN@PIT,0.5331491712707183,1,2025-05-19,0.50015543389096
2025-05-19_BAL@MIL,0.6211656441717791,0,2025-05-19,0.5342283638868075
2025-05-19_CLE@MIN,0.3881656804733728,1,2025-05-19,0.43988833614671674
2025-05-19_DET@STL,0.7407407407407407,1,2025-05-19,0.6946935811618697
2025-05-19_CHC@MIA,0.7407407407407407,1,2025-05-19,0.6404418619990676
2025-05-20_KC@SF,0.7407407407407407,0,2025-05-20,0.6211220299315316
2025-05-20_DET@STL,0.45825049701789267,1,2025-05-20,0.4739724617549166
2025-05-20_ATL@WSH,0.4253521126760563,1,2025-05-20,0.44750511126287484
2025-05-20_PHI@COL,0.5331491712707183,1,2025-05-20,0.49717736846326055
2025-05-20_LAA@OAK,0.5511811023622046,0,2025-05-20,0.5213505208831485
2025-05-20_BAL@MIL,0.4253521126760563,0,2025-05-20,0.4650073736150817
2025-05-20_AZ@LAD,0.45825049701789267,0,2025-05-20,0.4822736678845406
2025-05-20_SEA@CWS,0.5369261477045908,0,2025-05-20,0.505373794347372
2025-05-20_CIN@PIT,0.5511811023622046,0,2025-05-20,0.5232488501463636
2025-05-20_HOU@TB,0.5511811023622046,0,2025-05-20,0.5184687794925207
2025-05-20_TEX@NYY,0.265993265993266,0,2025-05-20,0.40517973334160073
2025-05-20_CHC@MIA,0.4253521126760563,1,2025-05-20,0.45176700939162173
2025-05-20_NYM@BOS,0.4253521126760563,0,2025-05-20,0.45302631269136295
2025-05-20_SD@TOR,0.6211656441717791,1,2025-05-20,0.5439403769489859
2025-05-21_KC@SF,0.4253521126760563,1,2025-05-21,0.4665613573752668
2025-05-21_PHI@COL,0.4253521126760563,1,2025-05-21,0.45054904788189254
2025-05-21_BAL@MIL,0.4253521126760563,0,2025-05-21,0.463681396475358
2025-05-21_DET@STL,0.45825049701789267,0,2025-05-21,0.4789848138554724
2025-05-21_LAA@OAK,0.5511811023622046,0,2025-05-21,0.5226573713467026
2025-05-21_CLE@MIN,0.07692307692307693,0,2025-05-21,0.3453103256565109
2025-05-21_AZ@LAD,0.45825049701789267,0,2025-05-21,0.4738804090745853
2025-05-21_NYM@BOS,0.4253521126760563,0,2025-05-21,0.4475855792283413
2025-05-21_HOU@TB,0.4253521126760563,1,2025-05-21,0.4592544454540911
2025-05-21_CHC@MIA,0.6827586206896552,1,2025-05-21,0.5985289575071484
2025-05-21_CIN@PIT,0.4253521126760563,1,2025-05-21,0.4453822852963777
2025-05-21_TEX@NYY,0.4253521126760563,0,2025-05-21,0.44279873476242904
2025-05-21_SEA@CWS,0.4253521126760563,1,2025-05-21,0.451541473178779
2025-05-21_SD@TOR,0.6827586206896552,0,2025-05-21,0.5749452912559626
2025-05-22_LAA@OAK,0.6553191489361702,1,2025-05-22,0.5616016085788861
2025-05-22_MIL@PIT,0.4822834645669291,1,2025-05-22,0.48493039604765487
2025-05-22_SD@TOR,0.3881656804733728,0,2025-05-22,0.4282706800064312
2025-05-22_PHI@COL,0.45825049701789267,0,2025-05-22,0.48235944260852204
2025-05-22_ATL@WSH,0.3881656804733728,1,2025-05-22,0.42928655846842756
2025-05-22_CLE@DET,0.4253521126760563,0,2025-05-22,0.4522598906708498
2025-05-22_SEA@HOU,0.6211656441717791,1,2025-05-22,0.5345359994382763
2025-05-22_TEX@NYY,0.4253521126760563,0,2025-05-22,0.45669617807455265
2025-05-23_MIA@LAA,0.45825049701789267,0,2025-05-23,0.4690836333253169
2025-05-23_KC@MIN,0.6553191489361702,1,2025-05-23,0.553653330627246
2025-05-23_AZ@STL,0.5511811023622046,0,2025-05-23,0.5123788772783753
2025-05-23_SEA@HOU,0.34210526315789475,0,2025-05-23,0.4214047004754454
2025-05-23_SF@WSH,0.265993265993266,0,2025-05-23,0.4002036975000999
2025-05-23_NYY@COL,0.3881656804733728,1,2025-05-23,0.42592419038535534
2025-05-23_PHI@OAK,0.4253521126760563,1,2025-05-23,0.4625403186564082
2025-05-23_TEX@CWS,0.6211656441717791,0,2025-05-23,0.5442579959285869
2025-05-23_CLE@DET,0.33486205830115723,1,2025-05-23,0.42035141982586555
2025-05-23_LAD@NYM,0.5331491712707183,0,2025-05-23,0.4995801316127242
2025-05-23_BAL@BOS,0.6827586206896552,0,2025-05-23,0.5957998062635868
2025-05-23_SD@ATL,0.4253521126760563,1,2025-05-23,0.44394934196410496
2025-05-23_CHC@CIN,0.4253521126760563,1,2025-05-23,0.45516878448300946
2025-05-23_MIL@PIT,0.6827586206896552,0,2025-05-23,0.5942929193486785
2025-05-23_TOR@TB,0.4253521126760563,0,2025-05-23,0.4584686932994211
2025-05-24_BAL@BOS,0.4253521126760563,1,2025-05-24,0.4522211025333668
2025-05-24_MIA@LAA,0.6211656441717791,0,2025-05-24,0.5364380034881704
2025-05-24_NYY@COL,0.6827586206896552,1,2025-05-24,0.5838375721403843
2025-05-24_PHI@OAK,0.6211656441717791,1,2025-05-24,0.5352146817131045
2025-05-24_AZ@STL,0.5511811023622046,1,2025-05-24,0.5215428799250783
2025-05-24_SEA@HOU,0.4253521126760563,1,2025-05-24,0.44640199401396385
2025-05-24_LAD@NYM,0.6211656441717791,0,2025-05-24,0.5385271922920161
2025-05-24_KC@MIN,0.6553191489361702,0,2025-05-24,0.565538383135278
2025-05-24_TEX@CWS,0.5511811023622046,1,2025-05-24,0.5147805779334149
2025-05-24_SF@WSH,0.5511811023622046,1,2025-05-24,0.5167384339162061
2025-05-24_MIL@PIT,0.4253521126760563,1,2025-05-24,0.46455856758625047
2025-05-24_TOR@TB,0.5511811023622046,1,2025-05-24,0.5130167582497306
2025-05-24_CLE@DET,0.5369261477045908,1,2025-05-24,0.5083863402171036
2025-05-24_SD@ATL,0.6211656441717791,0,2025-05-24,0.5399598987877123
2025-05-24_CHC@CIN,0.4253521126760563,1,2025-05-24,0.4493614089863047
2025-05-24_BAL@BOS,0.4253521126760563,0,2025-05-24,0.46506272900627577
2025-05-25_SEA@HOU,0.4253521126760563,1,2025-05-25,0.46424781845896845
2025-05-25_AZ@STL,0.3881656804733728,1,2025-05-25,0.4400710413155915
2025-05-25_MIA@LAA,0.4253521126760563,0,2025-05-25,0.46854547988264483
2025-05-25_PHI@OAK,0.3881656804733728,1,2025-05-25,0.439057845250446
2025-05-25_NYY@COL,0.4253521126760563,1,2025-05-25,0.4677944227152089
2025-05-25_KC@MIN,0.4253521126760563,1,2025-05-25,0.4413746215526506
2025-05-25_LAD@NYM,0.7407407407407407,1,2025-05-25,0.6617760691488868
2025-05-25_TOR@TB,0.5369261477045908,1,2025-05-25,0.5034541262874077
2025-05-25_TEX@CWS,0.4253521126760563,0,2025-05-25,0.4553908448620916
2025-05-25_SF@WSH,0.3881656804733728,0,2025-05-25,0.4322159300227887
2025-05-25_CHC@CIN,0.6211656441717791,1,2025-05-25,0.548494322328283
2025-05-25_CLE@DET,0.3881656804733728,0,2025-05-25,0.43753478626353803
2025-05-25_SD@ATL,0.6827586206896552,1,2025-05-25,0.5727489370920027
2025-05-25_BAL@BOS,0.45825049701789267,0,2025-05-25,0.4736687563615063
2025-05-25_MIL@PIT,0.3881656804733728,1,2025-05-25,0.43237401202182313
2025-05-26_MIA@SD,0.5511811023622046,1,2025-05-26,0.5199898758639134
2025-05-26_COL@CHC,0.7407407407407407,1,2025-05-26,0.6563103690924981
2025-05-26_CWS@NYM,0.5331491712707183,0,2025-05-26,0.49788358291810686
2025-05-26_TOR@TEX,0.4253521126760563,1,2025-05-26,0.4529864073571346
2025-05-26_PIT@AZ,0.7407407407407407,0,2025-05-26,0.6438491560713089
2025-05-26_CIN@KC,0.3881656804733728,1,2025-05-26,0.42421363065289386
2025-05-26_NYY@LAA,0.45825049701789267,1,2025-05-26,0.47677657520561645
2025-05-26_BOS@MIL,0.5369261477045908,1,2025-05-26,0.5051115751817797
2025-05-26_LAD@CLE,0.4822834645669291,1,2025-05-26,0.4865396315365028
2025-05-26_SF@DET,0.6827586206896552,0,2025-05-26,0.5935483696833659
2025-05-26_STL@BAL,0.5511811023622046,1,2025-05-26,0.5271283493762058
2025-05-26_MIN@TB,0.30434782608695654,0,2025-05-26,0.41956021683580147
2025-05-27_CWS@NYM,0.6211656441717791,1,2025-05-27,0.5454901085210472
2025-05-27_ATL@PHI,0.4253521126760563,0,2025-05-27,0.46454381822185253
2025-05-27_BOS@MIL,0.4253521126760563,0,2025-05-27,0.4444909960063137
2025-05-27_MIN@TB,0.7157894736842105,1,2025-05-27,0.6117664757021514
2025-05-27_NYY@LAA,0.6211656441717791,0,2025-05-27,0.5408009355072867
2025-05-27_PIT@AZ,0.5369261477045908,1,2025-05-27,0.5071807397904287
2025-05-27_WSH@SEA,0.3881656804733728,1,2025-05-27,0.4343036651219748
2025-05-27_MIA@SD,0.4822834645669291,1,2025-05-27,0.4858729576557732
2025-05-27_TOR@TEX,0.45825049701789267,0,2025-05-27,0.4748063549547564
2025-05-27_OAK@HOU,0.4253521126760563,0,2025-05-27,0.45146393218384073
2025-05-27_COL@CHC,0.30434782608695654,0,2025-05-27,0.4185320287567318
2025-05-27_LAD@CLE,0.5369261477045908,0,2025-05-27,0.5072803457169193
2025-05-27_SF@DET,0.6211656441717791,1,2025-05-27,0.5417892952632366
2025-05-27_CIN@KC,0.45825049701789267,0,2025-05-27,0.47567807634308557
2025-05-27_STL@BAL,0.5331491712707183,1,2025-05-27,0.49940722713684715
2025-05-28_TOR@TEX,0.4822834645669291,0,2025-05-28,0.4933391339284663
2025-05-28_MIA@SD,0.4253521126760563,0,2025-05-28,0.4451332136648326
2025-05-28_NYY@LAA,0.45825049701789267,1,2025-05-28,0.47288962309202254
2025-05-28_PIT@AZ,0.4253521126760563,0,2025-05-28,0.4572505832664616
2025-05-28_COL@CHC,0.4253521126760563,1,2025-05-28,0.45553757657153093
2025-05-28_MIN@TB,0.49743589743589745,0,2025-05-28,0.4943957788781247
2025-05-28_CIN@KC,0.45825049701789267,0,2025-05-28,0.47014362210576954
2025-05-28_WSH@SEA,0.4253521126760563,0,2025-05-28,0.4535137226840408
2025-05-28_STL@BAL,0.4253521126760563,0,2025-05-28,0.4511717559916977
2025-05-28_BOS@MIL,0.4253521126760563,0,2025-05-28,0.4543763867380298
2025-05-28_CWS@NYM,0.5511811023622046,1,2025-05-28,0.5259901134611435
2025-05-28_SF@DET,0.6211656441717791,0,2025-05-28,0.5351808409168433
2025-05-28_OAK@HOU,0.6211656441717791,0,2025-05-28,0.5309251564046817
2025-05-28_LAD@CLE,0.5369261477045908,1,2025-05-28,0.5067302712861167
2025-05-29_ATL@PHI,0.5331491712707183,0,2025-05-29,0.5021635203410794
2025-05-29_ATL@PHI,0.45825049701789267,0,2025-05-29,0.48321440244542324
2025-05-29_OAK@TOR,0.29896907216494845,0,2025-05-29,0.4165300905047077
2025-05-29_TB@HOU,0.3881656804733728,1,2025-05-29,0.43196340004560585
2025-05-29_WSH@SEA,0.4253521126760563,0,2025-05-29,0.4636174768519138
2025-05-30_MIN@SEA,0.4822834645669291,1,2025-05-30,0.4859434848788071
2025-05-30_PIT@SD,0.29896907216494845,0,2025-05-30,0.41454667196853423
2025-05-30_NYY@LAD,0.6827586206896552,1,2025-05-30,0.5845249213134368
2025-05-30_STL@TEX,0.268041237113402,1,2025-05-30,0.41373913892106096
2025-05-30_WSH@AZ,0.45825049701789267,1,2025-05-30,0.477816515835517
2025-05-30_DET@KC,0.4822834645669291,1,2025-05-30,0.4860323022697325
2025-05-30_CIN@CHC,0.5331491712707183,1,2025-05-30,0.4984057592346349
2025-05-30_MIL@PHI,0.5511811023622046,1,2025-05-30,0.5243096049243354
2025-05-30_OAK@TOR,0.6211656441717791,0,2025-05-30,0.5510601957471716
2025-05-30_SF@MIA,0.3881656804733728,1,2025-05-30,0.4346435281047809
2025-05-30_COL@NYM,0.6827586206896552,1,2025-05-30,0.5998095909755942
2025-05-30_BOS@ATL,0.5511811023622046,1,2025-05-30,0.5205240777457438
2025-05-30_CWS@BAL,0.49743589743589745,0,2025-05-30,0.49657934279054017
2025-05-30_LAA@CLE,0.4253521126760563,0,2025-05-30,0.4546571674214023
2025-05-30_TB@HOU,0.265993265993266,1,2025-05-30,0.3978569766586627
2025-05-31_STL@TEX,0.5511811023622046,0,2025-05-31,0.5178311366877584
2025-05-31_PIT@SD,0.6827586206896552,1,2025-05-31,0.5698293841037869
2025-05-31_TB@HOU,0.5369261477045908,1,2025-05-31,0.5077672324229945
2025-05-31_DET@KC,0.4253521126760563,0,2025-05-31,0.4477417467194118
2025-05-31_MIN@SEA,0.5369261477045908,0,2025-05-31,0.5058992195482745
2025-05-31_WSH@AZ,0.3881656804733728,1,2025-05-31,0.43979165982355883
2025-05-31_NYY@LAD,0.45825049701789267,1,2025-05-31,0.4767561949942887
2025-05-31_CIN@CHC,0.5511811023622046,0,2025-05-31,0.5138059671239171
2025-05-31_COL@NYM,0.5331491712707183,1,2025-05-31,0.5004706643607743
2025-05-31_OAK@TOR,0.6211656441717791,1,2025-05-31,0.548307891147777
2025-05-31_MIL@PHI,0.6827586206896552,1,2025-05-31,0.578326625562461
2025-05-31_LAA@CLE,0.6211656441717791,0,2025-05-31,0.5458630959258495
2025-05-31_SF@MIA,0.3881656804733728,0,2025-05-31,0.44029528198894696
2025-05-31_BOS@ATL,0.45825049701789267,1,2025-05-31,0.4777138061540227
2025-05-31_CWS@BAL,0.45825049701789267,1,2025-05-31,0.4729892357539327
2025-06-01_DET@KC,0.45825049701789267,0,2025-06-01,0.47047176400390245
2025-06-01_STL@TEX,0.3881656804733728,1,2025-06-01,0.4401205431818208
2025-06-01_NYY@LAD,0.4822834645669291,1,2025-06-01,0.491551121701187
2025-06-01_WSH@AZ,0.4253521126760563,1,2025-06-01,0.45589759552393505
2025-06-01_MIN@SEA,0.5511811023622046,0,2025-06-01,0.5241431251800875
2025-06-01_PIT@SD,0.5331491712707183,1,2025-06-01,0.4970898513836258
2025-06-01_LAA@CLE,0.3881656804733728,0,2025-06-01,0.42434465848064673
2025-06-01_TB@HOU,0.4253521126760563,1,2025-06-01,0.45315017599302676
2025-06-01_OAK@TOR,0.7407407407407407,1,2025-06-01,0.621519009611682
2025-06-01_COL@NYM,0.30434782608695654,0,2025-06-01,0.41935877187479087
2025-06-01_CIN@CHC,0.4253521126760563,0,2025-06-01,0.4491286654536246
2025-06-01_MIL@PHI,0.6827586206896552,1,2025-06-01,0.5739925298380372
2025-06-01_SF@MIA,0.5511811023622046,0,2025-06-01,0.5133544946125377
2025-06-01_BOS@ATL,0.45825049701789267,1,2025-06-01,0.4757588931813592
2025-06-01_CWS@BAL,0.4253521126760563,0,2025-06-01,0.4518225791207362
2025-06-02_MIN@OAK,0.5511811023622046,0,2025-06-02,0.5159446003602277
2025-06-02_LAA@BOS,0.4822834645669291,1,2025-06-02,0.4918954248132059
2025-06-02_MIL@CIN,0.6553191489361702,1,2025-06-02,0.5547901170927199
2025-06-02_COL@MIA,0.7407407407407407,1,2025-06-02,0.6502902466538645
2025-06-02_NYM@LAD,0.4822834645669291,1,2025-06-02,0.4882370116915611
2025-06-02_SD@SF,0.7407407407407407,0,2025-06-02,0.6403408522766025
2025-06-02_DET@CWS,0.6211656441717791,1,2025-06-02,0.5363972212222883
2025-06-03_BAL@SEA,0.3881656804733728,1,2025-06-03,0.4265808825911359
2025-06-03_KC@STL,0.49743589743589745,1,2025-06-03,0.49426642628579076
2025-06-03_SD@SF,0.5511811023622046,0,2025-06-03,0.5127993557566701
2025-06-03_NYM@LAD,0.6553191489361702,1,2025-06-03,0.5547675310151624
2025-06-03_MIN@OAK,0.6827586206896552,1,2025-06-03,0.5907946264530445
2025-06-03_CHC@WSH,0.45825049701789267,1,2025-06-03,0.47389587149720636
2025-06-03_DET@CWS,0.5511811023622046,0,2025-06-03,0.5121484726378505
2025-06-03_TEX@TB,0.4822834645669291,0,2025-06-03,0.48636919315970706
2025-06-03_HOU@PIT,0.3881656804733728,0,2025-06-03,0.4318778206297219
2025-06-03_CLE@NYY,0.4822834645669291,0,2025-06-03,0.48475806485485895
2025-06-03_PHI@TOR,0.4253521126760563,1,2025-06-03,0.458278571922637
2025-06-03_COL@MIA,0.3881656804733728,0,2025-06-03,0.4382185148352967
2025-06-03_LAA@BOS,0.5511811023622046,0,2025-06-03,0.514665657398029
2025-06-03_MIL@CIN,0.4822834645669291,1,2025-06-03,0.4875408056002791
2025-06-03_AZ@ATL,0.3881656804733728,1,2025-06-03,0.4283233311756205
2025-06-04_NYM@LAD,0.4253521126760563,1,2025-06-04,0.45204490927365526
2025-06-04_DET@CWS,0.4253521126760563,1,2025-06-04,0.45774718210713605
2025-06-04_SD@SF,0.6553191489361702,1,2025-06-04,0.5537963888606212
2025-06-04_MIN@OAK,0.7407407407407407,1,2025-06-04,0.669018021107022
2025-06-04_BAL@SEA,0.265993265993266,0,2025-06-04,0.40158542565360167
2025-06-04_TEX@TB,0.6827586206896552,1,2025-06-04,0.5849556173683264
2025-06-04_MIL@CIN,0.3881656804733728,0,2025-06-04,0.4278004041342963
2025-06-04_HOU@PIT,0.4253521126760563,0,2025-06-04,0.45148349580190694
2025-06-04_LAA@BOS,0.5369261477045908,1,2025-06-04,0.5051414052491459
2025-06-04_CHC@WSH,0.4822834645669291,0,2025-06-04,0.48492866334029916
2025-06-04_PHI@TOR,0.4253521126760563,0,2025-06-04,0.44661148134322937
2025-06-04_COL@MIA,0.5511811023622046,1,2025-06-04,0.5213819383483289
2025-06-04_CLE@NYY,0.3881656804733728,1,2025-06-04,0.43017112562754123
2025-06-04_AZ@ATL,0.3881656804733728,0,2025-06-04,0.4232190870740121
2025-06-05_TEX@TB,0.4253521126760563,0,2025-06-05,0.45264912599506546
2025-06-05_CHC@WSH,0.5511811023622046,1,2025-06-05,0.5257334961489906
2025-06-05_HOU@PIT,0.3881656804733728,0,2025-06-05,0.43404637644192967
2025-06-05_NYM@LAD,0.49743589743589745,0,2025-06-05,0.4948859842036606
2025-06-05_BAL@SEA,0.4253521126760563,0,2025-06-05,0.45051491889417417
2025-06-05_SD@SF,0.7407407407407407,0,2025-06-05,0.6463022841580884
2025-06-05_KC@STL,0.4822834645669291,1,2025-06-05,0.4875322930435083
2025-06-05_KC@STL,0.49743589743589745,1,2025-06-05,0.49388762404354447
2025-06-05_CLE@NYY,0.3881656804733728,0,2025-06-05,0.425216019094513
2025-06-05_AZ@ATL,0.3881656804733728,0,2025-06-05,0.43927170477622346
2025-06-05_DET@CWS,0.6211656441717791,0,2025-06-05,0.5364979242672093
2025-06-05_MIN@OAK,0.45825049701789267,1,2025-06-05,0.47526903020602884
2025-06-05_PHI@TOR,0.3881656804733728,0,2025-06-05,0.42439640299487014
2025-06-06_BAL@OAK,0.4253521126760563,0,2025-06-06,0.4443027338150701
2025-06-06_SEA@LAA,0.268041237113402,0,2025-06-06,0.40917502367941083
2025-06-06_TOR@MIN,0.5331491712707183,1,2025-06-06,0.5025103023567259
2025-06-06_NYM@COL,0.4822834645669291,0,2025-06-06,0.49147734097903395
2025-06-06_SD@MIL,0.4822834645669291,0,2025-06-06,0.48931361250639305
2025-06-06_ATL@SF,0.6211656441717791,1,2025-06-06,0.5388326204510835
2025-06-06_KC@CWS,0.4253521126760563,0,2025-06-06,0.4672175413000822
2025-06-06_HOU@CLE,0.45825049701789267,0,2025-06-06,0.47863042468689543
2025-06-06_AZ@CIN,0.265993265993266,0,2025-06-06,0.4040900183510149
2025-06-06_TEX@WSH,0.4253521126760563,0,2025-06-06,0.45537910748566024
2025-06-06_MIA@TB,0.4253521126760563,1,2025-06-06,0.46204694413310154
2025-06-06_CHC@DET,0.4253521126760563,0,2025-06-06,0.44899401355462043
2025-06-06_BOS@NYY,0.4822834645669291,1,2025-06-06,0.48643810893808115
2025-06-06_PHI@PIT,0.5511811023622046,1,2025-06-06,0.5158561145323863
2025-06-06_LAD@STL,0.5369261477045908,0,2025-06-06,0.5075544697975938
2025-06-07_NYM@COL,0.4253521126760563,0,2025-06-07,0.44591386100442965
2025-06-07_SD@MIL,0.5511811023622046,0,2025-06-07,0.5269877142643012
2025-06-07_ATL@SF,0.4253521126760563,0,2025-06-07,0.4461771982032767
2025-06-07_BAL@OAK,0.4253521126760563,1,2025-06-07,0.4617038463971934
2025-06-07_TOR@MIN,0.13043478260869565,1,2025-06-07,0.3681640927733627
2025-06-07_LAD@STL,0.45825049701789267,0,2025-06-07,0.4750254054597306
2025-06-07_SEA@LAA,0.4253521126760563,1,2025-06-07,0.44826857754738003
2025-06-07_KC@CWS,0.5511811023622046,0,2025-06-07,0.5142670127975213
2025-06-07_PHI@PIT,0.4253521126760563,1,2025-06-07,0.4665512020075129
2025-06-07_HOU@CLE,0.3881656804733728,0,2025-06-07,0.43653740346275083
2025-06-07_CHC@DET,0.33693267613434746,1,2025-06-07,0.4203672502107
2025-06-07_TEX@WSH,0.265993265993266,1,2025-06-07,0.3955277034374066
2025-06-07_MIA@TB,0.4253521126760563,0,2025-06-07,0.4468481256357256
2025-06-07_AZ@CIN,0.265993265993266,1,2025-06-07,0.4041691459534177
2025-06-07_BOS@NYY,0.4822834645669291,0,2025-06-07,0.4911113381920005
2025-06-08_LAD@STL,0.6211656441717791,0,2025-06-08,0.5355580452107639
2025-06-08_NYM@COL,0.4253521126760563,0,2025-06-08,0.45476353581079454
2025-06-08_TOR@MIN,0.3881656804733728,0,2025-06-08,0.4243226866207155
2025-06-08_SD@MIL,0.45825049701789267,0,2025-06-08,0.4781347957299805
2025-06-08_ATL@SF,0.5511811023622046,1,2025-06-08,0.5119396716171676
2025-06-08_BAL@OAK,0.6553191489361702,1,2025-06-08,0.5602567735186897
2025-06-08_SEA@LAA,0.5511811023622046,1,2025-06-08,0.5157491252243525
2025-06-08_MIA@TB,0.4815796390514715,1,2025-06-08,0.48469167889402276
2025-06-08_HOU@CLE,0.45825049701789267,0,2025-06-08,0.48431121694738966
2025-06-08_BOS@NYY,0.4253521126760563,1,2025-06-08,0.4673561647201333
2025-06-08_CHC@DET,0.5331491712707183,1,2025-06-08,0.5023562654583771
2025-06-08_PHI@PIT,0.45825049701789267,0,2025-06-08,0.48326575350107215
2025-06-08_TEX@WSH,0.3881656804733728,0,2025-06-08,0.42996642929682616
2025-06-08_AZ@CIN,0.268041237113402,0,2025-06-08,0.4077913295696348
2025-06-08_KC@CWS,0.5331491712707183,1,2025-06-08,0.49885131522815696
2025-06-09_LAD@SD,0.7407407407407407,1,2025-06-09,0.6470363365544458
2025-06-09_MIA@PIT,0.5331491712707183,0,2025-06-09,0.4983065822232874
2025-06-09_TOR@STL,0.5331491712707183,1,2025-06-09,0.49705108975242795
2025-06-09_ATL@MIL,0.5511811023622046,0,2025-06-09,0.5192294154772762
2025-06-09_CIN@CLE,0.4253521126760563,0,2025-06-09,0.447555669392139
2025-06-09_SEA@AZ,0.5331491712707183,1,2025-06-09,0.49857298066105105
2025-06-09_CHC@PHI,0.4253521126760563,1,2025-06-09,0.4410355937038182
2025-06-09_OAK@LAA,0.4822834645669291,0,2025-06-09,0.4908324640751711
2025-06-09_TB@BOS,0.268041237113402,0,2025-06-09,0.4109473449287957
2025-06-10_WSH@NYM,0.45825049701789267,1,2025-06-10,0.482936191396905
2025-06-10_CIN@CLE,0.13043478260869565,0,2025-06-10,0.3748855167401203
2025-06-10_ATL@MIL,0.7157894736842105,0,2025-06-10,0.6030771626544252
2025-06-10_CWS@HOU,0.4253521126760563,0,2025-06-10,0.4599435375979496
2025-06-10_MIA@PIT,0.4253521126760563,0,2025-06-10,0.44309029652209153
2025-06-10_NYY@KC,0.45825049701789267,1,2025-06-10,0.48075095364464826
2025-06-10_OAK@LAA,0.49743589743589745,0,2025-06-10,0.4941406713680374
2025-06-10_SF@COL,0.4253521126760563,1,2025-06-10,0.4591133562928973
2025-06-10_DET@BAL,0.4253521126760563,0,2025-06-10,0.4648198794695445
2025-06-10_LAD@SD,0.45825049701789267,0,2025-06-10,0.47069556370123344
2025-06-10_SEA@AZ,0.3881656804733728,0,2025-06-10,0.4347196230396648
2025-06-10_TOR@STL,0.45825049701789267,1,2025-06-10,0.48397965173347846
2025-06-10_TEX@MIN,0.7407407407407407,0,2025-06-10,0.6468642223475745
2025-06-10_CHC@PHI,0.6827586206896552,0,2025-06-10,0.5843726388108712
2025-06-10_TB@BOS,0.5511811023622046,1,2025-06-10,0.513882625566485
2025-06-11_SF@COL,0.5331491712707183,1,2025-06-11,0.4994106830858126
2025-06-11_OAK@LAA,0.4253521126760563,1,2025-06-11,0.4434973814860428
2025-06-11_LAD@SD,0.4253521126760563,0,2025-06-11,0.44565926389484434
2025-06-11_SEA@AZ,0.4822834645669291,1,2025-06-11,0.4907249907910288
2025-06-11_TOR@STL,0.4253521126760563,1,2025-06-11,0.46529276989495594
2025-06-11_CIN@CLE,0.3881656804733728,1,2025-06-11,0.43747593492482995
2025-06-11_TEX@MIN,0.6211656441717791,0,2025-06-11,0.5462446989390735
2025-06-11_NYY@KC,0.3881656804733728,0,2025-06-11,0.436779393424235
2025-06-11_MIA@PIT,0.4253521126760563,0,2025-06-11,0.46123631859394965
2025-06-11_CHC@PHI,0.6553191489361702,1,2025-06-11,0.5639917356415757
2025-06-11_ATL@MIL,0.5511811023622046,0,2025-06-11,0.525852153469058
2025-06-11_WSH@NYM,0.5369261477045908,1,2025-06-11,0.5079881404315116
2025-06-11_TB@BOS,0.4253521126760563,1,2025-06-11,0.4583063535754801
2025-06-11_DET@BAL,0.3881656804733728,0,2025-06-11,0.4387451929383275
2025-06-11_CWS@HOU,0.4253521126760563,1,2025-06-11,0.46852755794972023
2025-06-12_SF@COL,0.3881656804733728,0,2025-06-12,0.4387196828417479
2025-06-12_STL@MIL,0.4253521126760563,0,2025-06-12,0.4590700934084889
2025-06-12_TEX@MIN,0.5511811023622046,1,2025-06-12,0.5166949347291574
2025-06-12_NYY@KC,0.3881656804733728,0,2025-06-12,0.43331586585764603
2025-06-12_WSH@NYM,0.265993265993266,1,2025-06-12,0.39713356213322526
2025-06-12_PIT@CHC,0.265993265993266,0,2025-06-12,0.40345073137386944
2025-06-12_DET@BAL,0.6553191489361702,0,2025-06-12,0.5566205694297055
2025-06-12_CWS@HOU,0.30434782608695654,0,2025-06-12,0.41784548753460027
2025-06-13_COL@ATL,0.7407407407407407,1,2025-06-13,0.6435992692461159
2025-06-13_NYY@BOS,0.7407407407407407,0,2025-06-13,0.6493215712117526
2025-06-13_CLE@SEA,0.4253521126760563,0,2025-06-13,0.4609162866575671
2025-06-13_SD@AZ,0.6211656441717791,1,2025-06-13,0.530298968267304
2025-06-13_SF@LAD,0.5331491712707183,1,2025-06-13,0.5002758480659316
2025-06-13_STL@MIL,0.30434782608695654,0,2025-06-13,0.4196896809608338
2025-06-13_CWS@TEX,0.6211656441717791,1,2025-06-13,0.531687092885
2025-06-13_MIN@HOU,0.49743589743589745,1,2025-06-13,0.49537981302639555
2025-06-13_TB@NYM,0.45825049701789267,0,2025-06-13,0.4718971110990594
2025-06-13_OAK@KC,0.6211656441717791,1,2025-06-13,0.5453337919246811
2025-06-13_MIA@WSH,0.265993265993266,1,2025-06-13,0.4021614426999266
2025-06-13_TOR@PHI,0.7407407407407407,0,2025-06-13,0.6289440656974776
2025-06-13_LAA@BAL,0.4822834645669291,0,2025-06-13,0.48705415493471116
2025-06-13_CIN@DET,0.45825049701789267,1,2025-06-13,0.4837665256194946
2025-06-13_PIT@CHC,0.34210526315789475,0,2025-06-13,0.42044412780154705
2025-06-14_MIN@HOU,0.4253521126760563,0,2025-06-14,0.4630037070378109
2025-06-14_SF@LAD,0.5331491712707183,1,2025-06-14,0.5019144079273079
2025-06-14_CLE@SEA,0.1888111888111888,1,2025-06-14,0.3871092140066076
2025-06-14_CWS@TEX,0.45825049701789267,0,2025-06-14,0.47181223399697314
2025-06-14_TOR@PHI,0.265993265993266,0,2025-06-14,0.4062484112809579
2025-06-14_OAK@KC,0.3881656804733728,0,2025-06-14,0.426793590766008
2025-06-14_CIN@DET,0.5331491712707183,0,2025-06-14,0.4973122110901207
2025-06-14_PIT@CHC,0.45825049701789267,1,2025-06-14,0.4726966404985331
2025-06-14_MIA@WSH,0.45825049701789267,0,2025-06-14,0.48140075116291503
2025-06-14_SD@AZ,0.45825049701789267,0,2025-06-14,0.4763634745719796
2025-06-14_NYY@BOS,0.7407407407407407,1,2025-06-14,0.6449843448487879
2025-06-14_TB@NYM,0.265993265993266,0,2025-06-14,0.4043040161413023
2025-06-14_LAA@BAL,0.7407407407407407,1,2025-06-14,0.6427189069452653
2025-06-14_COL@ATL,0.4253521126760563,1,2025-06-14,0.4568593966366161
2025-06-14_STL@MIL,0.6211656441717791,1,2025-06-14,0.5329016352740802
2025-06-15_CLE@SEA,0.3881656804733728,0,2025-06-15,0.4356014498737145
2025-06-15_SD@AZ,0.1888111888111888,0,2025-06-15,0.3866956829586866
2025-06-15_CWS@TEX,0.6211656441717791,0,2025-06-15,0.5514356317079568
2025-06-15_MIN@HOU,0.4253521126760563,0,2025-06-15,0.444275973753928
2025-06-15_OAK@KC,0.6211656441717791,0,2025-06-15,0.5288438698871125
2025-06-15_STL@MIL,0.7407407407407407,0,2025-06-15,0.6242664224782446
2025-06-15_SF@LAD,0.45825049701789267,1,2025-06-15,0.47176362811030725
2025-06-15_TOR@PHI,0.268041237113402,1,2025-06-15,0.41186415517046704
2025-06-15_NYY@BOS,0.45825049701789267,1,2025-06-15,0.47165896215573433
2025-06-15_LAA@BAL,0.6827586206896552,1,2025-06-15,0.5832072210675663
2025-06-15_CIN@DET,0.4822834645669291,0,2025-06-15,0.49172005008872377
2025-06-15_TB@NYM,0.3881656804733728,0,2025-06-15,0.42357001574325437
2025-06-15_MIA@WSH,0.4253521126760563,1,2025-06-15,0.44999292124931456
2025-06-15_COL@ATL,0.4822834645669291,0,2025-06-15,0.4913249280606595
2025-06-15_PIT@CHC,0.6553191489361702,1,2025-06-15,0.559727632731746
2025-06-16_PHI@MIA,0.4822834645669291,1,2025-06-16,0.4885164651553069
2025-06-16_BAL@TB,0.3881656804733728,1,2025-06-16,0.4255523506435225
2025-06-16_BOS@SEA,0.4253521126760563,1,2025-06-16,0.45578055424149977
2025-06-16_LAA@NYY,0.45825049701789267,0,2025-06-16,0.4718432342772153
2025-06-16_COL@WSH,0.5369261477045908,1,2025-06-16,0.5031493276596719
2025-06-16_SD@LAD,0.4253521126760563,1,2025-06-16,0.4677822137498363
2025-06-16_HOU@OAK,0.4822834645669291,1,2025-06-16,0.49151639235347744
2025-06-17_STL@CWS,0.49743589743589745,1,2025-06-17,0.4936188645326094
2025-06-17_KC@TEX,0.3881656804733728,1,2025-06-17,0.4238703121446077
2025-06-17_HOU@OAK,0.5369261477045908,1,2025-06-17,0.509559159588115
2025-06-17_SD@LAD,0.7407407407407407,1,2025-06-17,0.6298373695601192
2025-06-17_BOS@SEA,0.4253521126760563,0,2025-06-17,0.45790570729322166
2025-06-17_CLE@SF,0.6211656441717791,1,2025-06-17,0.5353784237413017
2025-06-17_LAA@NYY,0.5331491712707183,0,2025-06-17,0.5009468539641879
2025-06-17_BAL@TB,0.3881656804733728,0,2025-06-17,0.4314233916653687
2025-06-17_MIN@CIN,0.268041237113402,0,2025-06-17,0.40973743592852785
2025-06-17_AZ@TOR,0.3881656804733728,1,2025-06-17,0.43990014876192063
2025-06-17_COL@WSH,0.4253521126760563,1,2025-06-17,0.46595974563676323
2025-06-17_PHI@MIA,0.1888111888111888,0,2025-06-17,0.38192852488788986
2025-06-17_MIL@CHC,0.6211656441717791,0,2025-06-17,0.5496151432486398
2025-06-17_NYM@ATL,0.29896907216494845,1,2025-06-17,0.41596332416785065
2025-06-17_PIT@DET,0.3881656804733728,0,2025-06-17,0.4358173220618503
2025-06-18_MIN@CIN,0.5511811023622046,1,2025-06-18,0.5234309374258239
2025-06-18_BOS@SEA,0.45825049701789267,0,2025-06-18,0.479078274809958
2025-06-18_CLE@SF,0.265993265993266,1,2025-06-18,0.4038268372993655
2025-06-18_HOU@OAK,0.3881656804733728,0,2025-06-18,0.43629490280309924
2025-06-18_SD@LAD,0.4822834645669291,0,2025-06-18,0.4861303927708197
2025-06-18_COL@WSH,0.4253521126760563,0,2025-06-18,0.44303182823541787
2025-06-18_AZ@TOR,0.5511811023622046,1,2025-06-18,0.5243608628969667
2025-06-18_BAL@TB,0.5369261477045908,0,2025-06-18,0.5072295996701282
2025-06-18_PHI@MIA,0.4822834645669291,0,2025-06-18,0.4907102816566664
2025-06-18_LAA@NYY,0.5331491712707183,1,2025-06-18,0.5008219622440793
2025-06-18_NYM@ATL,0.5511811023622046,1,2025-06-18,0.5118917042079375
2025-06-18_KC@TEX,0.4253521126760563,1,2025-06-18,0.4457487727220574
2025-06-19_CLE@SF,0.4253521126760563,0,2025-06-19,0.46863001303260854
2025-06-19_COL@WSH,0.265993265993266,0,2025-06-19,0.3929084184234639
2025-06-19_SD@LAD,0.45825049701789267,0,2025-06-19,0.4724698314068334
2025-06-19_KC@TEX,0.3881656804733728,1,2025-06-19,0.42630439588143354
2025-06-19_PHI@MIA,0.3881656804733728,0,2025-06-19,0.4382050644667863
2025-06-19_BAL@TB,0.4253521126760563,0,2025-06-19,0.4497849795472737
2025-06-19_HOU@OAK,0.4822834645669291,0,2025-06-19,0.48943128126835467
2025-06-19_AZ@TOR,0.1888111888111888,0,2025-06-19,0.3792722367904299
2025-06-19_LAA@NYY,0.7407407407407407,1,2025-06-19,0.6567175514071535
2025-06-19_MIL@CHC,0.6211656441717791,1,2025-06-19,0.5446927493161351
2025-06-19_PIT@DET,0.4253521126760563,1,2025-06-19,0.44731691131250084
2025-06-19_MIN@CIN,0.4822834645669291,1,2025-06-19,0.48534858582400775
2025-06-19_NYM@ATL,0.3881656804733728,0,2025-06-19,0.4387830757240174
2025-06-19_STL@CWS,0.8,0,2025-06-19,0.716113991452142
2025-06-19_STL@CWS,0.4253521126760563,1,2025-06-19,0.4612692141801441
2025-06-19_PIT@DET,0.4253521126760563,0,2025-06-19,0.4552829886905394
2025-06-20_KC@SD,0.4253521126760563,1,2025-06-20,0.44300418689273213
2025-06-20_WSH@LAD,0.6211656441717791,1,2025-06-20,0.5500896753185898
2025-06-20_HOU@LAA,0.4253521126760563,1,2025-06-20,0.445913014523201
2025-06-20_CLE@OAK,0.7407407407407407,1,2025-06-20,0.6366930283587215
2025-06-20_AZ@COL,0.4253521126760563,1,2025-06-20,0.4605744792853602
2025-06-20_DET@TB,0.45825049701789267,1,2025-06-20,0.47564598183851925
2025-06-20_BOS@SF,0.29896907216494845,1,2025-06-20,0.4153252648469997
2025-06-20_CIN@STL,0.3881656804733728,0,2025-06-20,0.4234236703162456
2025-06-20_MIL@MIN,0.6553191489361702,0,2025-06-20,0.5624443800234856
2025-06-20_CWS@TOR,0.5369261477045908,1,2025-06-20,0.5051424731415577
2025-06-20_SEA@CHC,0.3881656804733728,1,2025-06-20,0.4339209552205454
2025-06-20_NYM@PHI,0.4253521126760563,0,2025-06-20,0.45950052888398596
2025-06-20_BAL@NYY,0.5511811023622046,1,2025-06-20,0.5220913483131825
2025-06-20_ATL@MIA,0.5369261477045908,0,2025-06-20,0.5055094697016989
2025-06-20_TEX@PIT,0.4253521126760563,1,2025-06-20,0.45755083503375893
2025-06-21_AZ@COL,0.6211656441717791,1,2025-06-21,0.5531992346886037
2025-06-21_CLE@OAK,0.4822834645669291,0,2025-06-21,0.48816887442845025
2025-06-21_MIL@MIN,0.6553191489361702,1,2025-06-21,0.5603455891154558
2025-06-21_KC@SD,0.265993265993266,0,2025-06-21,0.4012324238664834
2025-06-21_HOU@LAA,0.4253521126760563,0,2025-06-21,0.46620479397824954
2025-06-21_CIN@STL,0.7407407407407407,1,2025-06-21,0.6778277382352231
2025-06-21_WSH@LAD,0.5511811023622046,0,2025-06-21,0.5272020317708908
2025-06-21_BOS@SF,0.4822834645669291,1,2025-06-21,0.4900297614970216
2025-06-21_SEA@CHC,0.4822834645669291,1,2025-06-21,0.49182820704328856
2025-06-21_DET@TB,0.4253521126760563,1,2025-06-21,0.46621182128985594
2025-06-21_TEX@PIT,0.268041237113402,0,2025-06-21,0.41108615057963804
2025-06-21_BAL@NYY,0.3881656804733728,1,2025-06-21,0.4368195015389271
2025-06-21_NYM@PHI,0.45825049701789267,1,2025-06-21,0.48413861586036655
2025-06-21_ATL@MIA,0.4253521126760563,1,2025-06-21,0.45328306040679067
2025-06-21_CWS@TOR,0.6211656441717791,1,2025-06-21,0.5304392161898557
2025-06-22_BOS@SF,0.3881656804733728,1,2025-06-22,0.4373032599845482
2025-06-22_KC@SD,0.5511811023622046,0,2025-06-22,0.5223593851438594
2025-06-22_HOU@LAA,0.4253521126760563,0,2025-06-22,0.4663443072621021
2025-06-22_CLE@OAK,0.45825049701789267,0,2025-06-22,0.4811420739311778
2025-06-22_AZ@COL,0.5511811023622046,0,2025-06-22,0.5246723619845901
2025-06-22_MIL@MIN,0.5511811023622046,1,2025-06-22,0.5273409868961124
2025-06-22_WSH@LAD,0.3881656804733728,0,2025-06-22,0.43032617305696075
2025-06-22_SEA@CHC,0.45825049701789267,1,2025-06-22,0.48015675277909453
2025-06-22_TEX@PIT,0.45825049701789267,0,2025-06-22,0.4709039931928064
2025-06-22_NYM@PHI,0.30434782608695654,0,2025-06-22,0.4196280819393816
2025-06-22_BAL@NYY,0.45825049701789267,1,2025-06-22,0.4688923838919149
2025-06-22_CIN@STL,0.6827586206896552,1,2025-06-22,0.567769752784733
2025-06-22_CWS@TOR,0.4253521126760563,0,2025-06-22,0.45137086471314025
2025-06-22_DET@TB,0.3881656804733728,0,2025-06-22,0.4267920048350118
2025-06-22_ATL@MIA,0.7157894736842105,1,2025-06-22,0.6089786365261772
2025-06-23_BOS@LAA,0.4253521126760563,1,2025-06-23,0.46028376046429387
2025-06-23_WSH@SD,0.5511811023622046,0,2025-06-23,0.5196396841496609
2025-06-23_SEA@MIN,0.45825049701789267,0,2025-06-23,0.4735586558258619
2025-06-23_ATL@NYM,0.4253521126760563,0,2025-06-23,0.45588908881783663
2025-06-23_NYY@CIN,0.7407407407407407,1,2025-06-23,0.6172063724244341
2025-06-23_PIT@MIL,0.6827586206896552,1,2025-06-23,0.6000699673859983
2025-06-23_CHC@STL,0.4253521126760563,0,2025-06-23,0.4638604179563506
2025-06-23_AZ@CWS,0.5511811023622046,1,2025-06-23,0.525085895654847
2025-06-23_TEX@BAL,0.4822834645669291,0,2025-06-23,0.49339825107689694
2025-06-24_MIA@SF,0.49743589743589745,0,2025-06-24,0.4964291626938846
2025-06-24_WSH@SD,0.5331491712707183,0,2025-06-24,0.49922115428335
2025-06-24_CHC@STL,0.3881656804733728,0,2025-06-24,0.4242641369249165
2025-06-24_PIT@MIL,0.4253521126760563,0,2025-06-24,0.4652822303433858
2025-06-24_BOS@LAA,0.45825049701789267,0,2025-06-24,0.47290930757720084
2025-06-24_PHI@HOU,0.49743589743589745,0,2025-06-24,0.4957121140166887
2025-06-24_SEA@MIN,0.4822834645669291,0,2025-06-24,0.4900548366624795
2025-06-24_LAD@COL,0.4253521126760563,1,2025-06-24,0.46746605747095815
2025-06-24_TEX@BAL,0.5511811023622046,0,2025-06-24,0.5216549261538894
2025-06-24_AZ@CWS,0.6211656441717791,1,2025-06-24,0.5284413941826753
2025-06-24_TOR@CLE,0.5369261477045908,1,2025-06-24,0.5031663049526349
2025-06-24_NYY@CIN,0.6211656441717791,0,2025-06-24,0.5397661456465745
2025-06-24_OAK@DET,0.3881656804733728,1,2025-06-24,0.4244625377496647
2025-06-24_ATL@NYM,0.4253521126760563,0,2025-06-24,0.44886519495076427
2025-06-24_TB@KC,0.4253521126760563,0,2025-06-24,0.4449343548089457
2025-06-25_MIA@SF,0.3881656804733728,1,2025-06-25,0.43492756464311344
2025-06-25_CHC@STL,0.5511811023622046,1,2025-06-25,0.5251629965766551
2025-06-25_LAD@COL,0.4822834645669291,0,2025-06-25,0.48783403043718554
2025-06-25_TB@KC,0.3881656804733728,0,2025-06-25,0.43382257244183764
2025-06-25_WSH@SD,0.268041237113402,0,2025-06-25,0.41112493599780764
2025-06-25_PIT@MIL,0.6211656441717791,0,2025-06-25,0.5312289142697572
2025-06-25_BOS@LAA,0.4822834645669291,1,2025-06-25,0.4871068020713325
2025-06-25_SEA@MIN,0.4253521126760563,0,2025-06-25,0.44314876205511744
2025-06-25_PHI@HOU,0.29896907216494845,1,2025-06-25,0.4161626896505244
2025-06-25_NYY@CIN,0.5511811023622046,0,2025-06-25,0.5112546028912525
2025-06-25_TOR@CLE,0.45825049701789267,1,2025-06-25,0.4822809511583428
2025-06-25_ATL@NYM,0.265993265993266,0,2025-06-25,0.3971285836449696
2025-06-25_AZ@CWS,0.45825049701789267,1,2025-06-25,0.4798269853848961
2025-06-25_OAK@DET,0.29896907216494845,0,2025-06-25,0.41472015861108336
2025-06-25_TEX@BAL,0.30434782608695654,0,2025-06-25,0.41926901446050424
2025-06-26_SEA@MIN,0.6553191489361702,0,2025-06-26,0.5633165383481705
2025-06-26_TOR@CLE,0.1888111888111888,0,2025-06-26,0.38284764773280244
2025-06-26_TB@KC,0.268041237113402,0,2025-06-26,0.41395254494143874
2025-06-26_ATL@NYM,0.4253521126760563,0,2025-06-26,0.4424946746681886
2025-06-26_CHC@STL,0.6211656441717791,0,2025-06-26,0.5499114316407768
2025-06-26_PHI@HOU,0.3881656804733728,0,2025-06-26,0.4257397674426132
2025-06-26_MIA@SF,0.6827586206896552,1,2025-06-26,0.577313472222371
2025-06-26_OAK@DET,0.4822834645669291,0,2025-06-26,0.48736833032283666
2025-06-26_LAD@COL,0.4253521126760563,0,2025-06-26,0.4679449712886906
2025-06-27_TOR@BOS,0.4253521126760563,1,2025-06-27,0.4497612337496163
2025-06-27_SD@CIN,0.45825049701789267,1,2025-06-27,0.4813294692689388
2025-06-27_WSH@LAA,0.6211656441717791,0,2025-06-27,0.5454089493301202
2025-06-27_MIA@AZ,0.4253521126760563,0,2025-06-27,0.4470565257564225
2025-06-27_MIN@DET,0.5511811023622046,0,2025-06-27,0.5265173910928267
2025-06-27_CHC@HOU,0.3881656804733728,0,2025-06-27,0.4264830726352229
2025-06-27_OAK@NYY,0.5511811023622046,0,2025-06-27,0.527550679363676
2025-06-27_LAD@KC,0.5331491712707183,1,2025-06-27,0.4980146198901817
2025-06-27_COL@MIL,0.6553191489361702,0,2025-06-27,0.5557106782857668
2025-06-27_SEA@TEX,0.45825049701789267,1,2025-06-27,0.4723213964146571
2025-06-27_NYM@PIT,0.3881656804733728,0,2025-06-27,0.43532715160318247
2025-06-27_PHI@ATL,0.6553191489361702,1,2025-06-27,0.5547197041083554
2025-06-27_TB@BAL,0.45825049701789267,0,2025-06-27,0.47750767724712695
2025-06-27_STL@CLE,0.45825049701789267,0,2025-06-27,0.4718246490438809
2025-06-27_SF@CWS,0.6211656441717791,1,2025-06-27,0.5371653917567191
2025-06-28_SEA@TEX,0.4822834645669291,0,2025-06-28,0.4866473079933402
2025-06-28_WSH@LAA,0.3881656804733728,0,2025-06-28,0.43595843280158775
2025-06-28_MIA@AZ,0.6211656441717791,1,2025-06-28,0.531973071891387
2025-06-28_LAD@KC,0.4253521126760563,0,2025-06-28,0.4641809441815481
2025-06-28_CHC@HOU,0.5511811023622046,1,2025-06-28,0.5142161739549633
2025-06-28_COL@MIL,0.5511811023622046,1,2025-06-28,0.5192924951253028
2025-06-28_TOR@BOS,0.45825049701789267,1,2025-06-28,0.47161006103616543
2025-06-28_SD@CIN,0.5511811023622046,1,2025-06-28,0.5208452148162108
2025-06-28_NYM@PIT,0.45825049701789267,1,2025-06-28,0.4773840362033567
2025-06-28_OAK@NYY,0.4253521126760563,0,2025-06-28,0.4563215949703313
2025-06-28_SF@CWS,0.45825049701789267,0,2025-06-28,0.4775541535076966
2025-06-28_STL@CLE,0.45825049701789267,1,2025-06-28,0.47398636061800437
2025-06-28_TB@BAL,0.4253521126760563,1,2025-06-28,0.4562516231627026
2025-06-28_PHI@ATL,0.3466666666666667,1,2025-06-28,0.42223680817291065
2025-06-28_MIN@DET,0.5369261477045908,0,2025-06-28,0.504398003828272
2025-06-29_OAK@NYY,0.3881656804733728,0,2025-06-29,0.4236274513932894
2025-06-29_COL@MIL,0.45825049701789267,0,2025-06-29,0.4698698130414024
2025-06-29_SEA@TEX,0.45825049701789267,0,2025-06-29,0.4762968214744263
2025-06-29_MIA@AZ,0.265993265993266,1,2025-06-29,0.40106293413938365
2025-06-29_LAD@KC,0.45825049701789267,1,2025-06-29,0.4702496669259234
2025-06-29_WSH@LAA,0.4253521126760563,1,2025-06-29,0.4478863320769697
2025-06-29_CHC@HOU,0.30434782608695654,0,2025-06-29,0.4176528139279204
2025-06-29_TOR@BOS,0.6827586206896552,1,2025-06-29,0.5726927659939676
2025-06-29_TB@BAL,0.4253521126760563,0,2025-06-29,0.44978308948507617
2025-06-29_STL@CLE,0.45825049701789267,1,2025-06-29,0.4696932130333611
2025-06-29_SF@CWS,0.6211656441717791,1,2025-06-29,0.5334586190744868
2025-06-29_SD@CIN,0.45825049701789267,0,2025-06-29,0.4691804059172855
2025-06-29_NYM@PIT,0.4253521126760563,1,2025-06-29,0.45168667840392807
2025-06-29_MIN@DET,0.29896907216494845,1,2025-06-29,0.41652526619350994
2025-06-29_PHI@ATL,0.4253521126760563,0,2025-06-29,0.45248872163822784
2025-06-30_SF@AZ,0.13043478260869565,0,2025-06-30,0.3685385065219654
2025-06-30_BAL@TEX,0.45825049701789267,0,2025-06-30,0.4843783647214406
2025-06-30_NYY@TOR,0.5511811023622046,0,2025-06-30,0.5156963807595023
2025-06-30_OAK@TB,0.5511811023622046,1,2025-06-30,0.5122842223223868
2025-06-30_KC@SEA,0.45825049701789267,0,2025-06-30,0.4814638053908016
2025-06-30_STL@PIT,0.45825049701789267,1,2025-06-30,0.48229470138252006
2025-06-30_CIN@BOS,0.4253521126760563,1,2025-06-30,0.4635857139580182
2025-06-30_SD@PHI,0.5331491712707183,0,2025-06-30,0.498822497032567
2025-07-01_CWS@LAD,0.4253521126760563,1,2025-07-01,0.45771258107574253
2025-07-01_KC@SEA,0.4253521126760563,1,2025-07-01,0.4671822500274031
2025-07-01_BAL@TEX,0.5511811023622046,0,2025-07-01,0.5135650638285834
2025-07-01_NYY@TOR,0.6553191489361702,1,2025-07-01,0.5579202274119154
2025-07-01_HOU@COL,0.3466666666666667,1,2025-07-01,0.4216636056191757
2025-07-01_OAK@TB,0.5369261477045908,0,2025-07-01,0.5045319682365444
2025-07-01_MIN@MIA,0.5331491712707183,0,2025-07-01,0.49714512006450995
2025-07-01_STL@PIT,0.6211656441717791,0,2025-07-01,0.5489536796001732
2025-07-01_CIN@BOS,0.6211656441717791,1,2025-07-01,0.5405133054468954
2025-07-01_LAA@ATL,0.7407407407407407,0,2025-07-01,0.6248301547283657
2025-07-01_CLE@CHC,0.4253521126760563,0,2025-07-01,0.4679148433625363
2025-07-01_SF@AZ,0.3466666666666667,0,2025-07-01,0.4224020653500956
2025-07-02_HOU@COL,0.4253521126760563,1,2025-07-02,0.460773686911639
2025-07-02_SF@AZ,0.5369261477045908,1,2025-07-02,0.506512765319384
2025-07-02_BAL@TEX,0.45825049701789267,0,2025-07-02,0.4716810867193947
2025-07-02_OAK@TB,0.4253521126760563,1,2025-07-02,0.44199796143840564
2025-07-02_CLE@CHC,0.3881656804733728,0,2025-07-02,0.42738467538264635
2025-07-02_KC@SEA,0.4253521126760563,1,2025-07-02,0.44537485290103673
2025-07-02_CWS@LAD,0.6827586206896552,1,2025-07-02,0.5880092759280255
2025-07-02_STL@PIT,0.45825049701789267,0,2025-07-02,0.48299443003225684
2025-07-02_DET@WSH,0.268041237113402,1,2025-07-02,0.40979215350851095
2025-07-02_NYY@TOR,0.5511811023622046,1,2025-07-02,0.5218163201705581
2025-07-02_MIN@MIA,0.45825049701789267,1,2025-07-02,0.47714877956833956
2025-07-02_MIL@NYM,0.4253521126760563,0,2025-07-02,0.46293353027751283
2025-07-02_CIN@BOS,0.4253521126760563,0,2025-07-02,0.4431825777197429
2025-07-02_LAA@ATL,0.6211656441717791,1,2025-07-02,0.5352904987788891
2025-07-02_DET@WSH,0.4253521126760563,1,2025-07-02,0.4625400618051039
2025-07-02_SD@PHI,0.5511811023622046,0,2025-07-02,0.5161216536905928
2025-07-02_SD@PHI,0.13043478260869565,0,2025-07-02,0.3749117438193317
2025-07-02_MIL@NYM,0.45825049701789267,1,2025-07-02,0.4823082028618836
2025-07-03_CWS@LAD,0.7407407407407407,1,2025-07-03,0.6700074010212147
2025-07-03_SF@AZ,0.4253521126760563,1,2025-07-03,0.4451085279001279
2025-07-03_MIL@NYM,0.3466666666666667,0,2025-07-03,0.4228174983748644
2025-07-03_KC@SEA,0.49743589743589745,0,2025-07-03,0.4946817420136782
2025-07-03_CLE@CHC,0.4253521126760563,0,2025-07-03,0.4450808866004543
2025-07-03_NYY@TOR,0.6827586206896552,1,2025-07-03,0.5869191721999755
2025-07-03_LAA@ATL,0.4253521126760563,1,2025-07-03,0.4575264658499504
2025-07-03_MIN@MIA,0.6827586206896552,1,2025-07-03,0.5701983173211037
2025-07-03_HOU@COL,0.4822834645669291,1,2025-07-03,0.48703243670975827
2025-07-03_DET@WSH,0.5369261477045908,1,2025-07-03,0.5087100800613205
2025-07-04_HOU@LAD,0.4822834645669291,1,2025-07-04,0.48931690093449687
2025-07-04_PIT@SEA,0.5369261477045908,1,2025-07-04,0.5081957756391311
2025-07-04_TEX@SD,0.4253521126760563,0,2025-07-04,0.45528040716134843
2025-07-04_LAA@TOR,0.45825049701789267,0,2025-07-04,0.4739199963531058
2025-07-04_CWS@COL,0.3881656804733728,0,2025-07-04,0.4365347646244615
2025-07-04_BOS@WSH,0.265993265993266,0,2025-07-04,0.39533748103844135
2025-07-04_SF@OAK,0.5511811023622046,1,2025-07-04,0.51598999890484
2025-07-04_TB@MIN,0.45825049701789267,0,2025-07-04,0.4805152792981554
2025-07-04_KC@AZ,0.4253521126760563,1,2025-07-04,0.465906852102422
2025-07-04_DET@CLE,0.3881656804733728,1,2025-07-04,0.4284791294780509
2025-07-04_NYY@NYM,0.5331491712707183,1,2025-07-04,0.5012491800717871
2025-07-04_BAL@ATL,0.5331491712707183,0,2025-07-04,0.5013485029938494
2025-07-04_MIL@MIA,0.45825049701789267,1,2025-07-04,0.4796516787542193
2025-07-04_CIN@PHI,0.4822834645669291,1,2025-07-04,0.48733346127965127
2025-07-04_STL@CHC,0.5511811023622046,1,2025-07-04,0.5200361233258628
2025-07-05_HOU@LAD,0.7407407407407407,1,2025-07-05,0.6593779934320316
2025-07-05_TEX@SD,0.7407407407407407,1,2025-07-05,0.6220346783164326
2025-07-05_PIT@SEA,0.5511811023622046,0,2025-07-05,0.5124315496100783
2025-07-05_SF@OAK,0.5331491712707183,1,2025-07-05,0.5013145464080409
2025-07-05_BOS@WSH,0.268041237113402,1,2025-07-05,0.4124808524555186
2025-07-05_TB@MIN,0.5369261477045908,0,2025-07-05,0.5089196576133908
2025-07-05_STL@CHC,0.4822834645669291,1,2025-07-05,0.49231711171333536
2025-07-05_CWS@COL,0.4253521126760563,1,2025-07-05,0.4607462991849176
2025-07-05_LAA@TOR,0.45825049701789267,1,2025-07-05,0.4752735551520896
2025-07-05_DET@CLE,0.265993265993266,0,2025-07-05,0.4042280484073566
2025-07-05_MIL@MIA,0.5511811023622046,0,2025-07-05,0.511219187290149
2025-07-05_NYY@NYM,0.5369261477045908,1,2025-07-05,0.5048589398343251
2025-07-05_CIN@PHI,0.6827586206896552,0,2025-07-05,0.5962338497924018
2025-07-05_KC@AZ,0.265993265993266,0,2025-07-05,0.3973660802297354
2025-07-05_BAL@ATL,0.5369261477045908,1,2025-07-05,0.5060721865879404
2025-07-06_MIL@MIA,0.6211656441717791,0,2025-07-06,0.533995486255092
2025-07-06_PIT@SEA,0.6827586206896552,0,2025-07-06,0.5706052697907206
2025-07-06_HOU@LAD,0.5369261477045908,0,2025-07-06,0.504737404151191
2025-07-06_TEX@SD,0.6211656441717791,1,2025-07-06,0.5325319887888968
2025-07-06_BOS@WSH,0.4822834645669291,1,2025-07-06,0.4864128321485319
2025-07-06_LAA@TOR,0.4253521126760563,1,2025-07-06,0.46615199698802856
2025-07-06_SF@OAK,0.7407407407407407,1,2025-07-06,0.6292547762064918
2025-07-06_NYY@NYM,0.5369261477045908,0,2025-07-06,0.5038559499222373
2025-07-06_CIN@PHI,0.7407407407407407,0,2025-07-06,0.6797684076437801
2025-07-06_DET@CLE,0.4253521126760563,0,2025-07-06,0.46256343844501824
2025-07-06_KC@AZ,0.4253521126760563,0,2025-07-06,0.4575300882497685
2025-07-06_STL@CHC,0.49743589743589745,1,2025-07-06,0.4944598809383046
2025-07-06_TB@MIN,0.4253521126760563,1,2025-07-06,0.4583687576317482
2025-07-06_BAL@ATL,0.3881656804733728,0,2025-07-06,0.4283066228672313
2025-07-06_CWS@COL,0.5511811023622046,1,2025-07-06,0.5221984939506827
2025-07-07_PHI@SF,0.4253521126760563,0,2025-07-07,0.46075925496536996
2025-07-07_TEX@LAA,0.4253521126760563,1,2025-07-07,0.44151551175366544
2025-07-07_LAD@MIL,0.5511811023622046,1,2025-07-07,0.5162773118328615
2025-07-07_CLE@HOU,0.4253521126760563,0,2025-07-07,0.4427538594124254
2025-07-07_AZ@SD,0.5331491712707183,1,2025-07-07,0.4988204386732358
2025-07-07_COL@BOS,0.4253521126760563,0,2025-07-07,0.45379581167698335
2025-07-07_TB@DET,0.4253521126760563,0,2025-07-07,0.46675208221872777
2025-07-07_TOR@CWS,0.45825049701789267,0,2025-07-07,0.4690363081181217
2025-07-07_PIT@KC,0.4253521126760563,1,2025-07-07,0.45993642131936185
2025-07-07_MIA@CIN,0.4253521126760563,0,2025-07-07,0.45615348816246315
2025-07-08_ATL@OAK,0.3881656804733728,1,2025-07-08,0.4392548002679514
2025-07-08_TEX@LAA,0.4253521126760563,1,2025-07-08,0.4566856866043624
2025-07-08_AZ@SD,0.268041237113402,0,2025-07-08,0.41374237359842325
2025-07-08_PHI@SF,0.4253521126760563,0,2025-07-08,0.4675608423874722
2025-07-08_SEA@NYY,0.5511811023622046,0,2025-07-08,0.5236771717922498
2025-07-08_TOR@CWS,0.7407407407407407,0,2025-07-08,0.6302999818737285
2025-07-08_WSH@STL,0.45825049701789267,0,2025-07-08,0.47020830659904167
2025-07-08_CLE@HOU,0.4253521126760563,1,2025-07-08,0.4471899054120687
2025-07-08_LAD@MIL,0.6211656441717791,1,2025-07-08,0.5500193233536588
2025-07-08_PIT@KC,0.49743589743589745,0,2025-07-08,0.49582289313844485
2025-07-08_TB@DET,0.5511811023622046,1,2025-07-08,0.521330353233553
2025-07-08_COL@BOS,0.29896907216494845,0,2025-07-08,0.4155981841186215
2025-07-08_CHC@MIN,0.3881656804733728,1,2025-07-08,0.43029387079087
2025-07-08_NYM@BAL,0.30434782608695654,0,2025-07-08,0.4193222220080146
2025-07-08_MIA@CIN,0.6553191489361702,1,2025-07-08,0.5650623694716455
2025-07-09_AZ@SD,0.4253521126760563,0,2025-07-09,0.4413296709447836
2025-07-09_PHI@SF,0.5331491712707183,0,2025-07-09,0.5002531848101971
2025-07-09_TOR@CWS,0.4253521126760563,0,2025-07-09,0.4545857391633549
2025-07-09_CHC@MIN,0.4253521126760563,1,2025-07-09,0.4595468386023589
2025-07-09_CLE@HOU,0.4253521126760563,1,2025-07-09,0.45931558911669446
2025-07-09_LAD@MIL,0.1888111888111888,0,2025-07-09,0.3791318929520484
2025-07-09_TEX@LAA,0.4253521126760563,1,2025-07-09,0.4682670169262054
2025-07-09_PIT@KC,0.3881656804733728,0,2025-07-09,0.4391129112211025
2025-07-09_ATL@OAK,0.4253521126760563,1,2025-07-09,0.4669908122174241
2025-07-09_MIA@CIN,0.4822834645669291,1,2025-07-09,0.4848500948866947
2025-07-09_TB@DET,0.4822834645669291,1,2025-07-09,0.48707872195492585
2025-07-09_WSH@STL,0.7407407407407407,1,2025-07-09,0.6753291877044552
2025-07-09_COL@BOS,0.5511811023622046,0,2025-07-09,0.5136150893076907
2025-07-09_SEA@NYY,0.45825049701789267,1,2025-07-09,0.4741900318754907
2025-07-10_WSH@STL,0.45825049701789267,1,2025-07-10,0.47003827556519107
2025-07-10_CHC@MIN,0.268041237113402,0,2025-07-10,0.4096518881521515
2025-07-10_NYM@BAL,0.34210526315789475,0,2025-07-10,0.4207263053370208
2025-07-10_SEA@NYY,0.5511811023622046,0,2025-07-10,0.5195009416841425
2025-07-10_NYM@BAL,0.45825049701789267,1,2025-07-10,0.4806490904512807
2025-07-10_TEX@LAA,0.5511811023622046,1,2025-07-10,0.5172833481933468
2025-07-10_AZ@SD,0.7407407407407407,0,2025-07-10,0.6384190613853681
2025-07-10_ATL@OAK,0.6553191489361702,1,2025-07-10,0.5661020174867257
2025-07-10_MIA@CIN,0.45825049701789267,1,2025-07-10,0.48217706602535404
2025-07-10_TB@BOS,0.4253521126760563,0,2025-07-10,0.4515665774665265
2025-07-11_PHI@SD,0.4253521126760563,0,2025-07-11,0.4629482569908392
2025-07-11_AZ@LAA,0.6553191489361702,1,2025-07-11,0.5564569529029335
2025-07-11_CLE@CWS,0.45825049701789267,1,2025-07-11,0.48417406373659044
2025-07-11_ATL@STL,0.45825049701789267,1,2025-07-11,0.4709445943818138
2025-07-11_PIT@MIN,0.29896907216494845,0,2025-07-11,0.4162311194205105
2025-07-11_WSH@MIL,0.5511811023622046,0,2025-07-11,0.5234683417614738
2025-07-11_LAD@SF,0.6211656441717791,0,2025-07-11,0.5495845874552043
2025-07-11_CHC@NYY,0.3881656804733728,0,2025-07-11,0.43635292417121363
2025-07-11_TOR@OAK,0.5369261477045908,0,2025-07-11,0.502834612888007
2025-07-11_CLE@CWS,0.29896907216494845,0,2025-07-11,0.41603455224480745
2025-07-11_SEA@DET,0.3881656804733728,0,2025-07-11,0.4239288988512335
2025-07-11_NYM@KC,0.4822834645669291,0,2025-07-11,0.4878421263804654
2025-07-11_MIA@BAL,0.6211656441717791,1,2025-07-11,0.528542782702751
2025-07-11_COL@CIN,0.49743589743589745,0,2025-07-11,0.49396585919348923
2025-07-11_TEX@HOU,0.6211656441717791,1,2025-07-11,0.5482029144763367
2025-07-11_TB@BOS,0.4253521126760563,1,2025-07-11,0.46315898139099154
2025-07-12_SEA@DET,0.5331491712707183,1,2025-07-12,0.5018886997789969
2025-07-12_PHI@SD,0.3881656804733728,0,2025-07-12,0.4324003541545144
2025-07-12_LAD@SF,0.45825049701789267,0,2025-07-12,0.4786392272304192
2025-07-12_TOR@OAK,0.45825049701789267,0,2025-07-12,0.4751493757162254
2025-07-12_ATL@STL,0.6553191489361702,1,2025-07-12,0.5639875067382205
2025-07-12_PIT@MIN,0.6211656441717791,0,2025-07-12,0.532779141111618
2025-07-12_AZ@LAA,0.5511811023622046,1,2025-07-12,0.5254534994993278
2025-07-12_NYM@KC,0.5331491712707183,0,2025-07-12,0.4992899396627841
2025-07-12_TEX@HOU,0.3881656804733728,1,2025-07-12,0.4341450312016286
2025-07-12_CLE@CWS,0.49743589743589745,1,2025-07-12,0.49550577600357926
2025-07-12_COL@CIN,0.45825049701789267,1,2025-07-12,0.47866602305273587
2025-07-12_MIA@BAL,0.3466666666666667,0,2025-07-12,0.4217522198140746
2025-07-12_CHC@NYY,0.7407407407407407,1,2025-07-12,0.6178131889666931
2025-07-12_TB@BOS,0.5511811023622046,0,2025-07-12,0.5136204350863132
2025-07-12_WSH@MIL,0.5511811023622046,0,2025-07-12,0.5194103033277117
2025-07-13_PIT@MIN,0.6211656441717791,0,2025-07-13,0.5406044906183753
2025-07-13_AZ@LAA,0.4253521126760563,0,2025-07-13,0.4550369217047997
2025-07-13_TOR@OAK,0.5511811023622046,0,2025-07-13,0.5211190745762211
2025-07-13_PHI@SD,0.6553191489361702,1,2025-07-13,0.5543694494283792
2025-07-13_ATL@STL,0.45825049701789267,0,2025-07-13,0.4808230377146715
2025-07-13_LAD@SF,0.265993265993266,0,2025-07-13,0.4015915835588124
2025-07-13_WSH@MIL,0.4822834645669291,0,2025-07-13,0.49347436884916585
2025-07-13_SEA@DET,0.6211656441717791,1,2025-07-13,0.5357218586239604
2025-07-13_CHC@NYY,0.4253521126760563,1,2025-07-13,0.4622208887158661
2025-07-13_NYM@KC,0.6827586206896552,0,2025-07-13,0.5872021075427127
2025-07-13_TEX@HOU,0.3881656804733728,0,2025-07-13,0.43525421657099883
2025-07-13_COL@CIN,0.4253521126760563,1,2025-07-13,0.4613977532551141
2025-07-13_TB@BOS,0.4253521126760563,0,2025-07-13,0.4485431974303622
2025-07-13_CLE@CWS,0.3881656804733728,0,2025-07-13,0.4371731955406857
2025-07-13_MIA@BAL,0.4253521126760563,0,2025-07-13,0.4526594146972114
2025-07-18_MIL@LAD,0.3881656804733728,0,2025-07-18,0.43702138641466803
2025-07-18_NYY@ATL,0.45825049701789267,1,2025-07-18,0.4760753141184354
2025-07-18_HOU@SEA,0.4253521126760563,0,2025-07-18,0.4607220667447708
2025-07-18_STL@AZ,0.45825049701789267,0,2025-07-18,0.4710050272863642
2025-07-18_BOS@CHC,0.45825049701789267,1,2025-07-18,0.4809168586977126
2025-07-18_MIN@COL,0.6827586206896552,1,2025-07-18,0.5822161665597914
2025-07-18_DET@TEX,0.4253521126760563,0,2025-07-18,0.45467914811086396
2025-07-18_LAA@PHI,0.45825049701789267,1,2025-07-18,0.47785562912012236
2025-07-18_OAK@CLE,0.45825049701789267,0,2025-07-18,0.46897104050372673
2025-07-18_SF@TOR,0.6553191489361702,0,2025-07-18,0.5567828879599404
2025-07-18_KC@MIA,0.5369261477045908,1,2025-07-18,0.5046574244894053
2025-07-18_BAL@TB,0.4253521126760563,1,2025-07-18,0.4660863899404326
2025-07-18_CIN@NYM,0.5369261477045908,1,2025-07-18,0.5044828488166215
2025-07-18_SD@WSH,0.13043478260869565,0,2025-07-18,0.3690966154267924
2025-07-18_CWS@PIT,0.4253521126760563,1,2025-07-18,0.45243733204953773
2025-07-19_LAA@PHI,0.6827586206896552,1,2025-07-19,0.5939360856380386
2025-07-19_DET@TEX,0.3881656804733728,0,2025-07-19,0.4385831091712611
2025-07-19_HOU@SEA,0.4253521126760563,0,2025-07-19,0.45086598828432567
2025-07-19_STL@AZ,0.45825049701789267,1,2025-07-19,0.47818149015829403
2025-07-19_CWS@PIT,0.4253521126760563,0,2025-07-19,0.4564375024323789
2025-07-19_MIN@COL,0.7407407407407407,0,2025-07-19,0.6908977510779801
2025-07-19_MIL@LAD,0.45825049701789267,0,2025-07-19,0.47820732626464657
2025-07-19_SD@WSH,0.4253521126760563,0,2025-07-19,0.45603926420990204
2025-07-19_BOS@CHC,0.268041237113402,1,2025-07-19,0.4137515545185322
2025-07-19_KC@MIA,0.4253521126760563,1,2025-07-19,0.4528739816664292
2025-07-19_SF@TOR,0.4253521126760563,0,2025-07-19,0.4549672887997105
2025-07-19_BAL@TB,0.4822834645669291,1,2025-07-19,0.4883558767267786
2025-07-19_NYY@ATL,0.45825049701789267,0,2025-07-19,0.4744412293793122
2025-07-19_OAK@CLE,0.268041237113402,0,2025-07-19,0.4072644499651832
2025-07-19_CIN@NYM,0.4253521126760563,1,2025-07-19,0.4488462395441266
2025-07-20_MIL@LAD,0.268041237113402,0,2025-07-20,0.40970265354363855
2025-07-20_BOS@CHC,0.3881656804733728,0,2025-07-20,0.43638160527023795
2025-07-20_STL@AZ,0.5511811023622046,1,2025-07-20,0.5262227767486896
2025-07-20_MIN@COL,0.6211656441717791,0,2025-07-20,0.541348133833838
2025-07-20_CWS@PIT,0.3881656804733728,1,2025-07-20,0.4363102655285628
2025-07-20_HOU@SEA,0.4253521126760563,0,2025-07-20,0.4649414251633195
2025-07-20_BAL@TB,0.49743589743589745,1,2025-07-20,0.4945754641487705
2025-07-20_DET@TEX,0.4253521126760563,0,2025-07-20,0.45313850176610426
2025-07-20_LAA@PHI,0.45825049701789267,0,2025-07-20,0.48113422164316666
2025-07-20_SF@TOR,0.45825049701789267,1,2025-07-20,0.47819395758981
2025-07-20_KC@MIA,0.30434782608695654,0,2025-07-20,0.4189875835789675
2025-07-20_NYY@ATL,0.45825049701789267,1,2025-07-20,0.4689469613337335
2025-07-20_OAK@CLE,0.49743589743589745,1,2025-07-20,0.4963126011269242
2025-07-20_CIN@NYM,0.45825049701789267,1,2025-07-20,0.4755501182164149
2025-07-20_SD@WSH,0.265993265993266,1,2025-07-20,0.40487934889175614
2025-07-21_MIL@SEA,0.4253521126760563,0,2025-07-21,0.45707874635346957
2025-07-21_MIN@LAD,0.7727272727272727,1,2025-07-21,0.7034002995264332
2025-07-21_STL@COL,0.6211656441717791,0,2025-07-21,0.540179268910285
2025-07-21_OAK@TEX,0.5366308999379505,0,2025-07-21,0.5027633810426982
2025-07-21_CWS@TB,0.5511811023622046,0,2025-07-21,0.519089889710727
2025-07-21_DET@PIT,0.45825049701789267,0,2025-07-21,0.47216203301673343
2025-07-21_LAA@NYM,0.4253521126760563,0,2025-07-21,0.44752841912084906
2025-07-21_HOU@AZ,0.45825049701789267,1,2025-07-21,0.47859962954154756
2025-07-21_BOS@PHI,0.6211656441717791,1,2025-07-21,0.5506350115953415
2025-07-21_CIN@WSH,0.5511811023622046,1,2025-07-21,0.5237507357221545
2025-07-21_KC@CHC,0.5511811023622046,0,2025-07-21,0.511738718832849
2025-07-21_NYY@TOR,0.4253521126760563,0,2025-07-21,0.4415771882356221
2025-07-21_BAL@CLE,0.4253521126760563,1,2025-07-21,0.46795340230511584
2025-07-21_SF@ATL,0.5369261477045908,1,2025-07-21,0.5094460544698517
2025-07-21_SD@MIA,0.7407407407407407,0,2025-07-21,0.6778589631604555
2025-07-22_MIL@SEA,0.49743589743589745,0,2025-07-22,0.49504051122823456
2025-07-22_MIN@LAD,0.265993265993266,0,2025-07-22,0.39842457047430613
2025-07-22_HOU@AZ,0.4253521126760563,0,2025-07-22,0.45716327483779096
2025-07-22_CIN@WSH,0.3466666666666667,0,2025-07-22,0.42240734840726823
2025-07-22_OAK@TEX,0.4253521126760563,1,2025-07-22,0.4562472876462401
2025-07-22_DET@PIT,0.4253521126760563,0,2025-07-22,0.45721464569775605
2025-07-22_BOS@PHI,0.6211656441717791,1,2025-07-22,0.5491491225640919
2025-07-22_NYY@TOR,0.4253521126760563,1,2025-07-22,0.44999679382060853
2025-07-22_KC@CHC,0.45825049701789267,0,2025-07-22,0.47414058190866637
2025-07-22_STL@COL,0.49743589743589745,1,2025-07-22,0.49392310567266995
2025-07-22_SD@MIA,0.6211656441717791,1,2025-07-22,0.5493422656456693
2025-07-22_LAA@NYM,0.4253521126760563,0,2025-07-22,0.461042354860574
2025-07-22_BAL@CLE,0.3881656804733728,1,2025-07-22,0.4326358912961723
2025-07-22_SF@ATL,0.4253521126760563,0,2025-07-22,0.45177355255714646
2025-07-22_CWS@TB,0.4253521126760563,0,2025-07-22,0.4573863354616441
2025-07-23_CWS@TB,0.49743589743589745,1,2025-07-23,0.4959478840667101
2025-07-23_MIL@SEA,0.49743589743589745,0,2025-07-23,0.49482539286465976
2025-07-23_MIN@LAD,0.7407407407407407,1,2025-07-23,0.6153049397166568
2025-07-23_CIN@WSH,0.265993265993266,0,2025-07-23,0.3943331787642974
2025-07-23_NYY@TOR,0.45825049701789267,0,2025-07-23,0.47987211871584756
2025-07-23_STL@COL,0.7407407407407407,0,2025-07-23,0.6865282216088332
2025-07-23_KC@CHC,0.45825049701789267,1,2025-07-23,0.4779883260455733
2025-07-23_DET@PIT,0.45825049701789267,1,2025-07-23,0.48042163825267015
2025-07-23_OAK@TEX,0.3881656804733728,0,2025-07-23,0.43472664535488803
2025-07-23_LAA@NYM,0.5369261477045908,1,2025-07-23,0.5042744318540717
2025-07-23_HOU@AZ,0.5511811023622046,1,2025-07-23,0.527252516649804
2025-07-23_BAL@CLE,0.1888111888111888,0,2025-07-23,0.3906373054469383
2025-07-23_SD@MIA,0.3881656804733728,1,2025-07-23,0.4307446033922502
2025-07-23_BOS@PHI,0.4822834645669291,1,2025-07-23,0.49197455536121315
2025-07-23_SF@ATL,0.3466666666666667,0,2025-07-23,0.4228170193015578
2025-07-24_OAK@HOU,0.6211656441717791,0,2025-07-24,0.5304097609931735
2025-07-24_SD@STL,0.5511811023622046,1,2025-07-24,0.5154770262559016
2025-07-24_TOR@DET,0.4822834645669291,1,2025-07-24,0.48500786280731456
2025-07-24_BAL@CLE,0.268041237113402,1,2025-07-24,0.4115093866315884
2025-07-24_SEA@LAA,0.6211656441717791,1,2025-07-24,0.5360466986410803
2025-07-25_ATL@TEX,0.45825049701789267,1,2025-07-25,0.48429457516735264
2025-07-25_MIA@MIL,0.4253521126760563,0,2025-07-25,0.4589281141523346
2025-07-25_NYM@SF,0.3466666666666667,1,2025-07-25,0.42202109690829215
2025-07-25_SD@STL,0.4822834645669291,0,2025-07-25,0.4895306437081285
2025-07-25_WSH@MIN,0.3881656804733728,0,2025-07-25,0.43495414217174444
2025-07-25_SEA@LAA,0.4253521126760563,1,2025-07-25,0.44784789976466555
2025-07-25_LAD@BOS,0.45825049701789267,0,2025-07-25,0.4836447296362638
2025-07-25_OAK@HOU,0.4822834645669291,1,2025-07-25,0.4889707341506524
2025-07-25_AZ@PIT,0.4253521126760563,0,2025-07-25,0.46685753922197937
2025-07-25_PHI@NYY,0.6553191489361702,1,2025-07-25,0.5659121895871378
2025-07-25_TOR@DET,0.5511811023622046,0,2025-07-25,0.5235754957313805
2025-07-25_CHC@CWS,0.3881656804733728,1,2025-07-25,0.4364569141455866
2025-07-25_COL@BAL,0.45825049701789267,1,2025-07-25,0.47411501576900905
2025-07-25_TB@CIN,0.49743589743589745,0,2025-07-25,0.4963838743135859
2025-07-26_NYM@SF,0.6827586206896552,0,2025-07-26,0.5677397880096603
2025-07-26_CLE@KC,0.3881656804733728,1,2025-07-26,0.4291200785682385
2025-07-26_OAK@HOU,0.45825049701789267,1,2025-07-26,0.4757168009480951
2025-07-26_SD@STL,0.6211656441717791,0,2025-07-26,0.5390312258031635
2025-07-26_ATL@TEX,0.4822834645669291,1,2025-07-26,0.48902035526872856
2025-07-26_CHC@CWS,0.6211656441717791,0,2025-07-26,0.5308618181252227
2025-07-26_SEA@LAA,0.6553191489361702,0,2025-07-26,0.5571338569545394
2025-07-26_MIA@MIL,0.6211656441717791,0,2025-07-26,0.537103683019042
2025-07-26_WSH@MIN,0.3881656804733728,0,2025-07-26,0.4307298666743711
2025-07-26_COL@BAL,0.6211656441717791,1,2025-07-26,0.530402712495829
2025-07-26_TB@CIN,0.5369261477045908,0,2025-07-26,0.5051623641972646
2025-07-26_PHI@NYY,0.4253521126760563,1,2025-07-26,0.4634975102220885
2025-07-26_AZ@PIT,0.4253521126760563,0,2025-07-26,0.4559671099258865
2025-07-26_TOR@DET,0.13043478260869565,0,2025-07-26,0.3703542227663217
2025-07-26_CLE@KC,0.265993265993266,0,2025-07-26,0.39317175654197045
2025-07-26_LAD@BOS,0.4253521126760563,1,2025-07-26,0.4420935232968375
2025-07-27_CLE@KC,0.45825049701789267,1,2025-07-27,0.46914072817229935
2025-07-27_SD@STL,0.6211656441717791,1,2025-07-27,0.5344243547715761
2025-07-27_OAK@HOU,0.49743589743589745,1,2025-07-27,0.496443261072965
2025-07-27_NYM@SF,0.6553191489361702,0,2025-07-27,0.5605946830121519
2025-07-27_SEA@LAA,0.4822834645669291,0,2025-07-27,0.49313230381376805
2025-07-27_MIA@MIL,0.5369261477045908,1,2025-07-27,0.5054320614993503
2025-07-27_WSH@MIN,0.4822834645669291,1,2025-07-27,0.49275956553693345
2025-07-27_ATL@TEX,0.4822834645669291,1,2025-07-27,0.4898111469305839
2025-07-27_PHI@NYY,0.265993265993266,0,2025-07-27,0.4041417144138606
2025-07-27_LAD@BOS,0.6827586206896552,1,2025-07-27,0.586271117970206
2025-07-27_AZ@PIT,0.4253521126760563,0,2025-07-27,0.45282032209176437
2025-07-27_COL@BAL,0.45825049701789267,0,2025-07-27,0.4722835882346297
2025-07-27_TOR@DET,0.5511811023622046,0,2025-07-27,0.5210137090635251
2025-07-27_CHC@CWS,0.6211656441717791,1,2025-07-27,0.5343097243182285
2025-07-27_TB@CIN,0.5511811023622046,1,2025-07-27,0.5218217964030554
2025-07-28_SEA@OAK,0.5369261477045908,0,2025-07-28,0.5036910759083539
2025-07-28_TEX@LAA,0.5369261477045908,0,2025-07-28,0.5064669873613286
2025-07-28_NYM@SD,0.29896907216494845,0,2025-07-28,0.4145034318394698
2025-07-28_MIA@STL,0.4253521126760563,0,2025-07-28,0.4536479040372392
2025-07-28_BOS@MIN,0.4253521126760563,0,2025-07-28,0.4628336579309641
2025-07-28_PIT@SF,0.4253521126760563,1,2025-07-28,0.4664621106392898
2025-07-28_CHC@MIL,0.6553191489361702,1,2025-07-28,0.5636545098650643
2025-07-28_TOR@BAL,0.4253521126760563,0,2025-07-28,0.46363318580424806
2025-07-28_LAD@CIN,0.7157894736842105,1,2025-07-28,0.6138478153288687
2025-07-28_COL@CLE,0.5331491712707183,0,2025-07-28,0.4975942613967278
2025-07-28_WSH@HOU,0.4253521126760563,0,2025-07-28,0.4559087520267431
2025-07-28_TB@NYY,0.4253521126760563,1,2025-07-28,0.4412983974058857
2025-07-28_ATL@KC,0.5331491712707183,1,2025-07-28,0.4973933378011718
2025-07-28_PHI@CWS,0.4253521126760563,0,2025-07-28,0.4406463155783288
2025-07-28_AZ@DET,0.6553191489361702,1,2025-07-28,0.5627787817195653
2025-07-29_AZ@DET,0.3881656804733728,1,2025-07-29,0.4352362021556393
2025-07-29_PHI@CWS,0.45825049701789267,0,2025-07-29,0.47858750745077827
2025-07-29_TOR@BAL,0.5369261477045908,1,2025-07-29,0.5094714399937381
2025-07-29_BOS@MIN,0.5511811023622046,0,2025-07-29,0.5222094898030245
2025-07-29_PIT@SF,0.4253521126760563,0,2025-07-29,0.4514467818561756
2025-07-29_SEA@OAK,0.5511811023622046,0,2025-07-29,0.5188529695493165
2025-07-29_TEX@LAA,0.45825049701789267,1,2025-07-29,0.47997264293564357
2025-07-29_TOR@BAL,0.5511811023622046,0,2025-07-29,0.5110149644657576
2025-07-29_NYM@SD,0.45825049701789267,1,2025-07-29,0.4687056538879958
2025-07-29_ATL@KC,0.4822834645669291,1,2025-07-29,0.4880020683591295
2025-07-29_CHC@MIL,0.5331491712707183,0,2025-07-29,0.4972903476373022
2025-07-29_LAD@CIN,0.4253521126760563,0,2025-07-29,0.45413970006146176
2025-07-29_WSH@HOU,0.6553191489361702,1,2025-07-29,0.5588214511207695
2025-07-29_TB@NYY,0.4253521126760563,1,2025-07-29,0.46139603337509827
2025-07-29_MIA@STL,0.4253521126760563,0,2025-07-29,0.45211821847696354
2025-07-29_COL@CLE,0.3881656804733728,1,2025-07-29,0.4402645197611136
2025-07-30_LAD@CIN,0.7407407407407407,1,2025-07-30,0.6785356469119525
2025-07-30_TOR@BAL,0.4253521126760563,1,2025-07-30,0.4444341426047035
2025-07-30_CHC@MIL,0.5511811023622046,1,2025-07-30,0.5206724381544086
2025-07-30_SEA@OAK,0.7407407407407407,1,2025-07-30,0.6470894394210787
2025-07-30_TEX@LAA,0.45825049701789267,0,2025-07-30,0.47723887330573755
2025-07-30_PIT@SF,0.4253521126760563,0,2025-07-30,0.4604858520506858
2025-07-30_MIA@STL,0.45825049701789267,0,2025-07-30,0.4719220338557917
2025-07-30_BOS@MIN,0.3881656804733728,0,2025-07-30,0.4298433891960943
2025-07-30_NYM@SD,0.5511811023622046,0,2025-07-30,0.5193661983634636
2025-07-30_WSH@HOU,0.30434782608695654,1,2025-07-30,0.41697239000306907
2025-07-30_TB@NYY,0.3881656804733728,0,2025-07-30,0.42708469597377186
2025-07-30_PHI@CWS,0.5511811023622046,0,2025-07-30,0.525077707934694
2025-07-30_AZ@DET,0.4253521126760563,0,2025-07-30,0.4678149173795223
2025-07-30_COL@CLE,0.5331491712707183,1,2025-07-30,0.49964751024862075
2025-07-30_ATL@KC,0.4253521126760563,0,2025-07-30,0.45423691432126245
2025-07-31_ATL@CIN,0.4253521126760563,0,2025-07-31,0.44830874955016153
2025-07-31_TB@NYY,0.4822834645669291,1,2025-07-31,0.49283667937453113
2025-07-31_TEX@SEA,0.4822834645669291,0,2025-07-31,0.49037410028559125
2025-08-01_MIL@WSH,0.4253521126760563,1,2025-08-01,0.4406955303864477
2025-08-01_STL@SD,0.4822834645669291,0,2025-08-01,0.48892742393828115
2025-08-01_TEX@SEA,0.3881656804733728,0,2025-08-01,0.43140304061659707
2025-08-01_DET@PHI,0.4253521126760563,0,2025-08-01,0.45108730228487603
2025-08-01_AZ@OAK,0.45825049701789267,1,2025-08-01,0.4718032960091415
2025-08-01_BAL@CHC,0.30434782608695654,0,2025-08-01,0.41812607794057977
2025-08-01_LAD@TB,0.4253521126760563,1,2025-08-01,0.44235459941135946
2025-08-01_CWS@LAA,0.29896907216494845,0,2025-08-01,0.4168966805829468
2025-08-01_KC@TOR,0.30434782608695654,1,2025-08-01,0.41969234494872865
2025-08-01_ATL@CIN,0.4822834645669291,0,2025-08-01,0.4881935027359895
2025-08-01_HOU@BOS,0.4253521126760563,0,2025-08-01,0.46230100620186365
2025-08-01_MIN@CLE,0.265993265993266,1,2025-08-01,0.4014939741787851
2025-08-01_NYY@MIA,0.1888111888111888,0,2025-08-01,0.3904618769500171
2025-08-01_SF@NYM,0.3881656804733728,0,2025-08-01,0.4308607402964959
2025-08-01_PIT@COL,0.45825049701789267,1,2025-08-01,0.47106925804282807
2025-08-02_STL@SD,0.6211656441717791,1,2025-08-02,0.551626798609866
2025-08-02_TEX@SEA,0.45825049701789267,0,2025-08-02,0.47254135107501516
2025-08-02_CWS@LAA,0.3881656804733728,0,2025-08-02,0.4356249665337013
2025-08-02_AZ@OAK,0.4253521126760563,1,2025-08-02,0.4563309280115796
2025-08-02_KC@TOR,0.45825049701789267,0,2025-08-02,0.47961972863370694
2025-08-02_LAD@TB,0.4822834645669291,1,2025-08-02,0.48618592087879053
2025-08-02_BAL@CHC,0.5369261477045908,0,2025-08-02,0.5079939127669029
2025-08-02_MIL@WSH,0.30434782608695654,1,2025-08-02,0.41983282904734576
2025-08-02_MIN@CLE,0.3881656804733728,0,2025-08-02,0.43821590900228946
2025-08-02_ATL@CIN,0.45825049701789267,1,2025-08-02,0.4689019338165272
2025-08-02_HOU@BOS,0.5511811023622046,1,2025-08-02,0.5117320165967469
2025-08-02_NYY@MIA,0.5331491712707183,1,2025-08-02,0.5016810518495652
2025-08-02_SF@NYM,0.7157894736842105,1,2025-08-02,0.6048765706649497
2025-08-02_DET@PHI,0.45825049701789267,0,2025-08-02,0.48017408974444586
2025-08-02_PIT@COL,0.3881656804733728,1,2025-08-02,0.43383112704038707
2025-08-03_SF@NYM,0.6211656441717791,1,2025-08-03,0.5320548538900646
2025-08-03_AZ@OAK,0.6553191489361702,0,2025-08-03,0.5620796450018724
2025-08-03_TEX@SEA,0.5511811023622046,0,2025-08-03,0.5261534355580694
2025-08-03_STL@SD,0.6827586206896552,0,2025-08-03,0.5890208562144866
2025-08-03_CWS@LAA,0.4253521126760563,1,2025-08-03,0.4549711563736445
2025-08-03_PIT@COL,0.5511811023622046,1,2025-08-03,0.5123851333852028
2025-08-03_BAL@CHC,0.5331491712707183,1,2025-08-03,0.4972823341676881
2025-08-03_DET@PHI,0.5331491712707183,0,2025-08-03,0.4993702167805312
2025-08-03_NYY@MIA,0.45825049701789267,1,2025-08-03,0.47228440130636073
2025-08-03_MIN@CLE,0.4822834645669291,1,2025-08-03,0.4864789130683337
2025-08-03_KC@TOR,0.4253521126760563,0,2025-08-03,0.4486441990806911
2025-08-03_MIL@WSH,0.4253521126760563,1,2025-08-03,0.4579235786015744
2025-08-03_HOU@BOS,0.4253521126760563,0,2025-08-03,0.4422520392534973
2025-08-03_LAD@TB,0.6827586206896552,0,2025-08-03,0.574837304273434
2025-08-04_MIN@DET,0.5511811023622046,1,2025-08-04,0.5223855499595857
2025-08-04_STL@LAD,0.45825049701789267,0,2025-08-04,0.47602235305844975
2025-08-04_NYY@TEX,0.3881656804733728,1,2025-08-04,0.4357769478099205
2025-08-04_TOR@COL,0.6553191489361702,1,2025-08-04,0.5593242864715221
2025-08-04_SD@AZ,0.5511811023622046,1,2025-08-04,0.5152171394457838
2025-08-04_HOU@MIA,0.265993265993266,0,2025-08-04,0.40210541322302007
2025-08-04_BAL@PHI,0.6211656441717791,1,2025-08-04,0.5334705260253285
2025-08-04_CIN@CHC,0.45825049701789267,0,2025-08-04,0.47969628810450826
2025-08-04_SF@PIT,0.5369261477045908,1,2025-08-04,0.5033237855094552
2025-08-04_KC@BOS,0.3881656804733728,1,2025-08-04,0.43006157628127595
2025-08-04_MIL@ATL,0.4253521126760563,1,2025-08-04,0.45573801262846303
2025-08-04_CLE@NYM,0.1888111888111888,0,2025-08-04,0.3864338533451347
2025-08-04_TB@LAA,0.45825049701789267,1,2025-08-04,0.48338370134855035
2025-08-05_CWS@SEA,0.7407407407407407,1,2025-08-05,0.6422841876279854
2025-08-05_CIN@CHC,0.1888111888111888,0,2025-08-05,0.38025748484571953
2025-08-05_STL@LAD,0.45825049701789267,1,2025-08-05,0.4781953668166121
2025-08-05_CLE@NYM,0.6827586206896552,1,2025-08-05,0.5903218091088474
2025-08-05_TOR@COL,0.4822834645669291,1,2025-08-05,0.48845465029651225
2025-08-05_SD@AZ,0.6211656441717791,1,2025-08-05,0.5289102513360441
2025-08-05_NYY@TEX,0.5511811023622046,0,2025-08-05,0.5245533612515498
2025-08-05_MIN@DET,0.6211656441717791,1,2025-08-05,0.5302673441533967
2025-08-05_MIL@ATL,0.4253521126760563,0,2025-08-05,0.4669873087710056
2025-08-05_KC@BOS,0.268041237113402,0,2025-08-05,0.40867249775195946
2025-08-05_OAK@WSH,0.1888111888111888,1,2025-08-05,0.3866126583173355
2025-08-05_SF@PIT,0.4253521126760563,0,2025-08-05,0.4469191247324933
2025-08-05_BAL@PHI,0.3881656804733728,0,2025-08-05,0.43901543533353937
2025-08-05_HOU@MIA,0.5511811023622046,1,2025-08-05,0.5125388077743215
2025-08-05_TB@LAA,0.6211656441717791,0,2025-08-05,0.544237355356138
2025-08-06_TB@LAA,0.265993265993266,1,2025-08-06,0.39389363539167943
2025-08-06_SF@PIT,0.4253521126760563,1,2025-08-06,0.4590601785736943
2025-08-06_NYY@TEX,0.30434782608695654,0,2025-08-06,0.4174404364960087
2025-08-06_CIN@CHC,0.6211656441717791,0,2025-08-06,0.5421306995560911
2025-08-06_CLE@NYM,0.3881656804733728,0,2025-08-06,0.42577813172591494
2025-08-06_CWS@SEA,0.7407407407407407,1,2025-08-06,0.6414747016554114
2025-08-06_SD@AZ,0.4822834645669291,1,2025-08-06,0.49231929750678904
2025-08-06_OAK@WSH,0.45825049701789267,0,2025-08-06,0.480240471348201
2025-08-06_BAL@PHI,0.4253521126760563,0,2025-08-06,0.46197563113282747
2025-08-06_MIL@ATL,0.3881656804733728,1,2025-08-06,0.4260329620930272
2025-08-06_KC@BOS,0.6827586206896552,1,2025-08-06,0.5994363127398487
2025-08-06_TOR@COL,0.1888111888111888,1,2025-08-06,0.3838771380707964
2025-08-06_MIN@DET,0.5511811023622046,1,2025-08-06,0.5173063142800096
2025-08-06_HOU@MIA,0.6827586206896552,1,2025-08-06,0.5854251198548479
2025-08-06_STL@LAD,0.4253521126760563,0,2025-08-06,0.45297995593882745
2025-08-07_OAK@WSH,0.45825049701789267,0,2025-08-07,0.47066224716599026
2025-08-07_CWS@SEA,0.4253521126760563,0,2025-08-07,0.45280009816165345
2025-08-07_CIN@PIT,0.6827586206896552,1,2025-08-07,0.5719901260167537
2025-08-07_MIA@ATL,0.45825049701789267,1,2025-08-07,0.4725447340198785
2025-08-08_BOS@SD,0.6211656441717791,0,2025-08-08,0.5290002515378347
2025-08-08_PHI@TEX,0.5511811023622046,1,2025-08-08,0.5200219483211368
2025-08-08_WSH@SF,0.6827586206896552,1,2025-08-08,0.5796967184268096
2025-08-08_TOR@LAD,0.6211656441717791,0,2025-08-08,0.5324259845756806
2025-08-08_TB@SEA,0.5331491712707183,1,2025-08-08,0.5011374883664261
2025-08-08_COL@AZ,0.5331491712707183,1,2025-08-08,0.4972076336312987
2025-08-08_KC@MIN,0.6827586206896552,1,2025-08-08,0.5944209624480766
2025-08-08_NYM@MIL,0.268041237113402,1,2025-08-08,0.411592749438599
2025-08-08_CHC@STL,0.4253521126760563,0,2025-08-08,0.45462116179256085
2025-08-08_OAK@BAL,0.45825049701789267,1,2025-08-08,0.47273200561412765
2025-08-08_LAA@DET,0.4253521126760563,0,2025-08-08,0.4443877199736267
2025-08-08_CLE@CWS,0.4253521126760563,1,2025-08-08,0.45607746431393403
2025-08-08_MIA@ATL,0.5369261477045908,0,2025-08-08,0.50821435737915
2025-08-08_HOU@NYY,0.45825049701789267,1,2025-08-08,0.4700374481892954
2025-08-08_CIN@PIT,0.6553191489361702,0,2025-08-08,0.5554276172431056
2025-08-09_TB@SEA,0.7407407407407407,1,2025-08-09,0.6929574622536286
2025-08-09_CIN@PIT,0.5511811023622046,0,2025-08-09,0.514005897497755
2025-08-09_WSH@SF,0.5511811023622046,1,2025-08-09,0.5114247587182121
2025-08-09_BOS@SD,0.5511811023622046,1,2025-08-09,0.5147325670716831
2025-08-09_TOR@LAD,0.5331491712707183,0,2025-08-09,0.49766618478298097
2025-08-09_COL@AZ,0.5331491712707183,1,2025-08-09,0.4983208655726876
2025-08-09_PHI@TEX,0.4253521126760563,1,2025-08-09,0.45190007395979104
2025-08-09_LAA@DET,0.6553191489361702,1,2025-08-09,0.5607944558206599
2025-08-09_OAK@BAL,0.6827586206896552,1,2025-08-09,0.5727335135225156
2025-08-09_HOU@NYY,0.5369261477045908,1,2025-08-09,0.502995199436048
2025-08-09_KC@MIN,0.4253521126760563,0,2025-08-09,0.45981528346918465
2025-08-09_NYM@MIL,0.5331491712707183,0,2025-08-09,0.5013401098744801
2025-08-09_CHC@STL,0.45825049701789267,1,2025-08-09,0.4742668336011264
2025-08-09_MIA@ATL,0.5331491712707183,0,2025-08-09,0.4992681362124447
2025-08-09_MIA@ATL,0.4253521126760563,0,2025-08-09,0.4589198811501496
2025-08-09_CLE@CWS,0.4253521126760563,1,2025-08-09,0.45096417822181334
2025-08-10_TOR@LAD,0.7157894736842105,1,2025-08-10,0.6078857689533907
2025-08-10_BOS@SD,0.30434782608695654,0,2025-08-10,0.4199148896259257
2025-08-10_TB@SEA,0.5511811023622046,1,2025-08-10,0.525777105234562
2025-08-10_WSH@SF,0.4822834645669291,0,2025-08-10,0.4900212053580204
2025-08-10_COL@AZ,0.5369261477045908,1,2025-08-10,0.5087239261182965
2025-08-10_CHC@STL,0.4253521126760563,0,2025-08-10,0.4643452900553502
2025-08-10_KC@MIN,0.49743589743589745,1,2025-08-10,0.4937528009121017
2025-08-10_HOU@NYY,0.34210526315789475,1,2025-08-10,0.42087057360678015
2025-08-10_NYM@MIL,0.4253521126760563,1,2025-08-10,0.45345444189826867
2025-08-10_PHI@TEX,0.6211656441717791,1,2025-08-10,0.5299093861693458
2025-08-10_CIN@PIT,0.4253521126760563,0,2025-08-10,0.4483091176355548
2025-08-10_MIA@ATL,0.5331491712707183,0,2025-08-10,0.5004659948170498
2025-08-10_OAK@BAL,0.45825049701789267,0,2025-08-10,0.47232486990063305
2025-08-10_LAA@DET,0.5511811023622046,1,2025-08-10,0.5235355051752355
2025-08-10_CLE@CWS,0.3881656804733728,1,2025-08-10,0.4371823809348967
2025-08-11_SD@SF,0.1888111888111888,0,2025-08-11,0.39084456383427035
2025-08-11_LAD@LAA,0.6553191489361702,1,2025-08-11,0.5627626777755206
2025-08-11_DET@CWS,0.4822834645669291,0,2025-08-11,0.4886862129395695
2025-08-11_COL@STL,0.4822834645669291,0,2025-08-11,0.49135918633985154
2025-08-11_BOS@HOU,0.45825049701789267,1,2025-08-11,0.4819949503123663
2025-08-11_WSH@KC,0.5511811023622046,1,2025-08-11,0.5106585971589879
2025-08-11_TB@OAK,0.45825049701789267,0,2025-08-11,0.470951566835775
2025-08-11_PIT@MIL,0.6553191489361702,1,2025-08-11,0.5614976124253368
2025-08-11_AZ@TEX,0.30434782608695654,0,2025-08-11,0.4177799284520558
2025-08-11_MIN@NYY,0.4253521126760563,1,2025-08-11,0.44738595412797044
2025-08-11_PHI@CIN,0.6211656441717791,1,2025-08-11,0.5507312902879147
2025-08-12_TB@OAK,0.3881656804733728,0,2025-08-12,0.42662809464739493
2025-08-12_LAD@LAA,0.7407407407407407,1,2025-08-12,0.652391942539431
2025-08-12_AZ@TEX,0.268041237113402,0,2025-08-12,0.4073667988561165
2025-08-12_SD@SF,0.7407407407407407,1,2025-08-12,0.6178189956032797
2025-08-12_CHC@TOR,0.4822834645669291,1,2025-08-12,0.49309497392978807
2025-08-12_BOS@HOU,0.45825049701789267,0,2025-08-12,0.483706346501796
2025-08-12_PIT@MIL,0.5331491712707183,1,2025-08-12,0.5002230904870121
2025-08-12_WSH@KC,0.34210526315789475,1,2025-08-12,0.42128018783713617
2025-08-12_DET@CWS,0.4822834645669291,0,2025-08-12,0.48809087100394977
2025-08-12_MIN@NYY,0.3881656804733728,1,2025-08-12,0.4332187060362519
2025-08-12_COL@STL,0.5511811023622046,0,2025-08-12,0.5246657956212116
2025-08-12_SEA@BAL,0.6827586206896552,1,2025-08-12,0.5759178346671749
2025-08-12_PHI@CIN,0.4253521126760563,0,2025-08-12,0.44521023036593466
2025-08-12_MIA@CLE,0.1888111888111888,1,2025-08-12,0.3806309411817894
2025-08-12_ATL@NYM,0.1888111888111888,1,2025-08-12,0.38776191058416976
2025-08-13_PIT@MIL,0.45825049701789267,0,2025-08-13,0.47008633551559464
2025-08-13_TB@OAK,0.45825049701789267,1,2025-08-13,0.4801586095281577
2025-08-13_LAD@LAA,0.268041237113402,1,2025-08-13,0.4096950173759445
2025-08-13_SD@SF,0.5511811023622046,0,2025-08-13,0.5167034656957448
2025-08-13_BOS@HOU,0.3881656804733728,1,2025-08-13,0.4321354035490671
2025-08-13_AZ@TEX,0.45825049701789267,1,2025-08-13,0.48400275985419927
2025-08-13_DET@CWS,0.5331491712707183,0,2025-08-13,0.498617661422986
2025-08-13_ATL@NYM,0.45825049701789267,1,2025-08-13,0.47609698632959896
2025-08-13_MIN@NYY,0.4822834645669291,0,2025-08-13,0.4890769794161083
2025-08-13_COL@STL,0.6211656441717791,0,2025-08-13,0.5350096432676191
2025-08-13_WSH@KC,0.6211656441717791,1,2025-08-13,0.5298933645340994
2025-08-13_SEA@BAL,0.3881656804733728,0,2025-08-13,0.4372453076847522
2025-08-13_PHI@CIN,0.4253521126760563,0,2025-08-13,0.4489050746689254
2025-08-13_MIA@CLE,0.45825049701789267,1,2025-08-13,0.47022211899218624
2025-08-13_CHC@TOR,0.265993265993266,0,2025-08-13,0.4055868689459683
2025-08-14_SEA@BAL,0.6211656441717791,0,2025-08-14,0.5437185487200312
2025-08-14_ATL@NYM,0.4253521126760563,0,2025-08-14,0.4539997951481436
2025-08-14_CHC@TOR,0.265993265993266,0,2025-08-14,0.39793870310930846
2025-08-14_MIA@CLE,0.4253521126760563,1,2025-08-14,0.4546855019872482
2025-08-14_DET@MIN,0.3881656804733728,0,2025-08-14,0.4368951335290133
2025-08-14_PHI@WSH,0.5369261477045908,0,2025-08-14,0.509782483346042
2025-08-14_AZ@COL,0.4822834645669291,1,2025-08-14,0.4933855709611148
2025-08-15_DET@MIN,0.6211656441717791,1,2025-08-15,0.5305978887602955
2025-08-15_NYY@STL,0.4253521126760563,1,2025-08-15,0.46059379507873954
2025-08-15_BAL@HOU,0.4253521126760563,0,2025-08-15,0.4405773688280149
2025-08-15_CWS@KC,0.5369261477045908,1,2025-08-15,0.5028761016723232
2025-08-15_SD@LAD,0.4253521126760563,0,2025-08-15,0.4541272567447209
2025-08-15_TB@SF,0.7407407407407407,1,2025-08-15,0.6372566958747274
2025-08-15_LAA@OAK,0.4253521126760563,1,2025-08-15,0.4442703614147393
2025-08-15_AZ@COL,0.3881656804733728,1,2025-08-15,0.4257939244184774
2025-08-15_SEA@NYM,0.5511811023622046,1,2025-08-15,0.5119405478131531
2025-08-15_MIA@BOS,0.45825049701789267,0,2025-08-15,0.4688016600566769
2025-08-15_MIL@CIN,0.5369261477045908,1,2025-08-15,0.5060574266135511
2025-08-15_TEX@TOR,0.4253521126760563,0,2025-08-15,0.44699821610355006
2025-08-15_PHI@WSH,0.3881656804733728,1,2025-08-15,0.42982755189635236
2025-08-15_ATL@CLE,0.49743589743589745,0,2025-08-15,0.4954541971634375
2025-08-15_PIT@CHC,0.4253521126760563,0,2025-08-15,0.4462700498638652
2025-08-16_TB@SF,0.4253521126760563,0,2025-08-16,0.4645580333077036
2025-08-16_CWS@KC,0.7407407407407407,1,2025-08-16,0.6506105232181503
2025-08-16_NYY@STL,0.7407407407407407,1,2025-08-16,0.6170735838955674
2025-08-16_AZ@COL,0.3881656804733728,1,2025-08-16,0.42882414403934355
2025-08-16_DET@MIN,0.3466666666666667,1,2025-08-16,0.422856224691991
2025-08-16_SD@LAD,0.5511811023622046,1,2025-08-16,0.5195024910692045
2025-08-16_PIT@CHC,0.4253521126760563,0,2025-08-16,0.45421409501264354
2025-08-16_LAA@OAK,0.268041237113402,1,2025-08-16,0.413221896039912
2025-08-16_MIL@CIN,0.3881656804733728,0,2025-08-16,0.43057351741256045
2025-08-16_BAL@HOU,0.45825049701789267,0,2025-08-16,0.4773645928484782
2025-08-16_TEX@TOR,0.3881656804733728,0,2025-08-16,0.4304021670772513
2025-08-16_MIA@BOS,0.5511811023622046,1,2025-08-16,0.5149898593281819
2025-08-16_PHI@WSH,0.3881656804733728,0,2025-08-16,0.43502163866549615
2025-08-16_SEA@NYM,0.45825049701789267,0,2025-08-16,0.478070509913741
2025-08-16_ATL@CLE,0.4253521126760563,0,2025-08-16,0.46030590084464396
2025-08-17_CWS@KC,0.5369261477045908,1,2025-08-17,0.5049403318186201
2025-08-17_NYY@STL,0.6211656441717791,0,2025-08-17,0.5357123857658515
2025-08-17_SD@LAD,0.7407407407407407,1,2025-08-17,0.6266313300331832
2025-08-17_LAA@OAK,0.4253521126760563,1,2025-08-17,0.46301930959488513
2025-08-17_DET@MIN,0.6553191489361702,0,2025-08-17,0.5580440960424704
2025-08-17_AZ@COL,0.5511811023622046,0,2025-08-17,0.5211899823340159
2025-08-17_TB@SF,0.4822834645669291,0,2025-08-17,0.48990512290623855
2025-08-17_PIT@CHC,0.45825049701789267,0,2025-08-17,0.4716454264721942
2025-08-17_ATL@CLE,0.265993265993266,0,2025-08-17,0.3961153527304735
2025-08-17_SEA@NYM,0.268041237113402,0,2025-08-17,0.41027122573505237
2025-08-17_PHI@WSH,0.45825049701789267,1,2025-08-17,0.4711736918678957
2025-08-17_MIL@CIN,0.4253521126760563,0,2025-08-17,0.4428767021275978
2025-08-17_TEX@TOR,0.4253521126760563,0,2025-08-17,0.4666286281289854
2025-08-17_MIA@BOS,0.268041237113402,0,2025-08-17,0.4079777939827919
2025-08-17_BAL@HOU,0.4253521126760563,0,2025-08-17,0.4634235953203032
2025-08-18_TOR@PIT,0.3881656804733728,0,2025-08-18,0.4404211794445678
2025-08-18_CIN@LAA,0.7407407407407407,1,2025-08-18,0.6863274342797796
2025-08-18_STL@MIA,0.7407407407407407,1,2025-08-18,0.6231452045124191
2025-08-18_SEA@PHI,0.5511811023622046,0,2025-08-18,0.5160216105511479
2025-08-18_TEX@KC,0.3881656804733728,1,2025-08-18,0.4391427971763908
2025-08-18_SF@SD,0.5511811023622046,1,2025-08-18,0.5139209971929396
2025-08-18_LAD@COL,0.6827586206896552,0,2025-08-18,0.5804974783190788
2025-08-18_CLE@AZ,0.4822834645669291,0,2025-08-18,0.49303451617212424
2025-08-18_BAL@BOS,0.49743589743589745,0,2025-08-18,0.4964547624202289
2025-08-18_CWS@ATL,0.5331491712707183,0,2025-08-18,0.5005799157082116
2025-08-18_MIL@CHC,0.30434782608695654,0,2025-08-18,0.41778470414176183
2025-08-18_HOU@DET,0.265993265993266,0,2025-08-18,0.404593670281148
2025-08-19_TEX@KC,0.5331491712707183,1,2025-08-19,0.49701773654386716
2025-08-19_MIL@CHC,0.5331491712707183,1,2025-08-19,0.5023800461451831
2025-08-19_SF@SD,0.6827586206896552,1,2025-08-19,0.591136385514391
2025-08-19_CLE@AZ,0.1888111888111888,0,2025-08-19,0.38345869339836824
2025-08-19_LAD@COL,0.265993265993266,1,2025-08-19,0.40083715751476834
2025-08-19_CIN@LAA,0.1888111888111888,1,2025-08-19,0.3890540131125484
2025-08-19_OAK@MIN,0.5511811023622046,0,2025-08-19,0.5221083944483073
2025-08-19_NYM@WSH,0.45825049701789267,0,2025-08-19,0.4803389030594256
2025-08-19_SEA@PHI,0.6827586206896552,1,2025-08-19,0.5939182673279246
2025-08-19_TOR@PIT,0.4253521126760563,1,2025-08-19,0.4599214696306576
2025-08-19_BAL@BOS,0.6211656441717791,0,2025-08-19,0.5300708876601044
2025-08-19_HOU@DET,0.4253521126760563,0,2025-08-19,0.44645775044925606
2025-08-19_STL@MIA,0.45825049701789267,1,2025-08-19,0.47649523871199584
2025-08-19_CWS@ATL,0.5369261477045908,1,2025-08-19,0.5044282073882242
2025-08-19_MIL@CHC,0.3881656804733728,1,2025-08-19,0.43333547966304675
2025-08-19_NYY@TB,0.7157894736842105,1,2025-08-19,0.6044767479316228
2025-08-20_SF@SD,0.5511811023622046,1,2025-08-20,0.5234119477963559
2025-08-20_CLE@AZ,0.5331491712707183,1,2025-08-20,0.49877258797903423
2025-08-20_NYM@WSH,0.13043478260869565,0,2025-08-20,0.3719678239966775
2025-08-20_LAD@COL,0.4822834645669291,0,2025-08-20,0.48647788933386715
2025-08-20_TOR@PIT,0.5511811023622046,1,2025-08-20,0.5185822219272158
2025-08-20_SEA@PHI,0.45825049701789267,1,2025-08-20,0.4728022741594804
2025-08-20_NYY@TB,0.4253521126760563,1,2025-08-20,0.4603494245935046
2025-08-20_OAK@MIN,0.6211656441717791,0,2025-08-20,0.54823875736479
2025-08-20_TEX@KC,0.45825049701789267,1,2025-08-20,0.48009595722878595
2025-08-20_CWS@ATL,0.6211656441717791,0,2025-08-20,0.530434164422968
2025-08-20_STL@MIA,0.3881656804733728,0,2025-08-20,0.43050792373448665
2025-08-20_HOU@DET,0.4253521126760563,1,2025-08-20,0.44747652151623707
2025-08-20_MIL@CHC,0.4253521126760563,0,2025-08-20,0.4643689288391595
2025-08-20_CIN@LAA,0.49743589743589745,0,2025-08-20,0.49369996181079157
2025-08-21_SF@SD,0.3881656804733728,0,2025-08-21,0.435457725162284
2025-08-21_STL@TB,0.7407407407407407,1,2025-08-21,0.6343616531976668
2025-08-21_LAD@COL,0.4822834645669291,1,2025-08-21,0.48593820456542636
2025-08-21_NYM@WSH,0.45825049701789267,1,2025-08-21,0.47949808411292205
2025-08-21_MIL@CHC,0.4253521126760563,0,2025-08-21,0.44309254895535466
2025-08-21_BOS@NYY,0.5511811023622046,0,2025-08-21,0.5222164486813139
2025-08-21_HOU@BAL,0.4253521126760563,1,2025-08-21,0.44685995053396776
2025-08-21_OAK@MIN,0.5331491712707183,0,2025-08-21,0.4999715898516298
2025-08-21_TEX@KC,0.4253521126760563,0,2025-08-21,0.4499594256131112
2025-08-22_STL@TB,0.4253521126760563,1,2025-08-22,0.4497667366902751
2025-08-22_SF@MIL,0.4822834645669291,1,2025-08-22,0.4878830169995534
2025-08-22_CIN@AZ,0.3881656804733728,1,2025-08-22,0.4357186244105038
2025-08-22_LAD@SD,0.265993265993266,0,2025-08-22,0.3959132404035053
2025-08-22_COL@PIT,0.45825049701789267,1,2025-08-22,0.478058320792892
2025-08-22_MIN@CWS,0.6827586206896552,1,2025-08-22,0.5678641733324634
2025-08-22_OAK@SEA,0.45825049701789267,1,2025-08-22,0.48058867526203985
2025-08-22_CLE@TEX,0.3881656804733728,0,2025-08-22,0.43183638838109395
2025-08-22_HOU@BAL,0.5511811023622046,0,2025-08-22,0.5199997289264008
2025-08-22_NYM@ATL,0.3881656804733728,0,2025-08-22,0.4340791419497846
2025-08-22_TOR@MIA,0.5331491712707183,1,2025-08-22,0.5026967303584418
2025-08-22_BOS@NYY,0.3881656804733728,0,2025-08-22,0.42980258572328667
2025-08-22_WSH@PHI,0.5511811023622046,1,2025-08-22,0.5146741099133918
2025-08-22_KC@DET,0.6553191489361702,0,2025-08-22,0.5622144191765623
2025-08-22_CHC@LAA,0.3881656804733728,1,2025-08-22,0.4250196668205487
2025-08-23_CHC@LAA,0.3881656804733728,0,2025-08-23,0.42599859617969593
2025-08-23_CLE@TEX,0.265993265993266,0,2025-08-23,0.40474379728718246
2025-08-23_MIN@CWS,0.5369261477045908,0,2025-08-23,0.507295978466786
2025-08-23_OAK@SEA,0.45825049701789267,0,2025-08-23,0.4764187963987476
2025-08-23_SF@MIL,0.4253521126760563,0,2025-08-23,0.4416727552689287
2025-08-23_CIN@AZ,0.45825049701789267,1,2025-08-23,0.480832592559306
2025-08-23_LAD@SD,0.3881656804733728,0,2025-08-23,0.42378551189984326
2025-08-23_KC@DET,0.4253521126760563,0,2025-08-23,0.4521439368269573
2025-08-23_NYM@ATL,0.4253521126760563,0,2025-08-23,0.44968527982838125
2025-08-23_BOS@NYY,0.6211656441717791,0,2025-08-23,0.5483366745503987
2025-08-23_WSH@PHI,0.4253521126760563,0,2025-08-23,0.44479219586829255
2025-08-23_HOU@BAL,0.6211656441717791,1,2025-08-23,0.5372655891342683
2025-08-23_TOR@MIA,0.4253521126760563,0,2025-08-23,0.4662565055545955
2025-08-23_COL@PIT,0.3881656804733728,0,2025-08-23,0.4242284035119507
2025-08-24_OAK@SEA,0.3881656804733728,1,2025-08-24,0.4337438685781274
2025-08-24_LAD@SD,0.45825049701789267,1,2025-08-24,0.47948161987008464
2025-08-24_CHC@LAA,0.4253521126760563,1,2025-08-24,0.45048836547453164
2025-08-24_STL@TB,0.4253521126760563,0,2025-08-24,0.4674621056120284
2025-08-24_MIN@CWS,0.4253521126760563,1,2025-08-24,0.4556596003956075
2025-08-24_SF@MIL,0.6211656441717791,0,2025-08-24,0.5436740370863953
2025-08-24_CIN@AZ,0.5331491712707183,1,2025-08-24,0.49996984885009355
2025-08-24_COL@PIT,0.4253521126760563,0,2025-08-24,0.45714227473801383
2025-08-24_CLE@TEX,0.4253521126760563,0,2025-08-24,0.46487445568522057
2025-08-24_HOU@BAL,0.3881656804733728,1,2025-08-24,0.43014511878998984
2025-08-24_WSH@PHI,0.5511811023622046,0,2025-08-24,0.5128563509793027
2025-08-24_TOR@MIA,0.45825049701789267,0,2025-08-24,0.4688310523507221
2025-08-24_KC@DET,0.45825049701789267,0,2025-08-24,0.4724249753766355
2025-08-24_BOS@NYY,0.4253521126760563,0,2025-08-24,0.4582112409173996
2025-08-24_NYM@ATL,0.45825049701789267,0,2025-08-24,0.4718202789003604
2025-08-25_DET@OAK,0.4253521126760563,0,2025-08-25,0.45933988045921215
2025-08-25_PIT@STL,0.6211656441717791,1,2025-08-25,0.5447964121109071
2025-08-25_LAA@TEX,0.4253521126760563,1,2025-08-25,0.4486592443609754
2025-08-25_AZ@MIL,0.4253521126760563,0,2025-08-25,0.4443633299548617
2025-08-25_CIN@LAD,0.5511811023622046,0,2025-08-25,0.5197510191900567
2025-08-25_SD@SEA,0.6553191489361702,1,2025-08-25,0.5645220104899432
2025-08-25_MIN@TOR,0.4253521126760563,1,2025-08-25,0.445601119725902
2025-08-25_PHI@NYM,0.6211656441717791,1,2025-08-25,0.5446690750970753
2025-08-25_KC@CWS,0.4253521126760563,1,2025-08-25,0.4481038675054707
2025-08-25_ATL@MIA,0.45825049701789267,0,2025-08-25,0.4776385188077482
2025-08-25_TB@CLE,0.6211656441717791,0,2025-08-25,0.538375489660712
2025-08-25_BOS@BAL,0.4822834645669291,1,2025-08-25,0.48470148846863614
2025-08-25_WSH@NYY,0.13043478260869565,1,2025-08-25,0.3738672757930659
2025-08-26_DET@OAK,0.6827586206896552,1,2025-08-26,0.6024240183004916
2025-08-26_CIN@LAD,0.7407407407407407,1,2025-08-26,0.6271750289688958
2025-08-26_LAA@TEX,0.4253521126760563,1,2025-08-26,0.46624058068819385
2025-08-26_CHC@SF,0.4253521126760563,0,2025-08-26,0.45146990026584644
2025-08-26_SD@SEA,0.265993265993266,1,2025-08-26,0.40416149914390764
2025-08-26_PIT@STL,0.6827586206896552,1,2025-08-26,0.5732402067745488
2025-08-26_ATL@MIA,0.6211656441717791,1,2025-08-26,0.5288937149997139
2025-08-26_MIN@TOR,0.4253521126760563,1,2025-08-26,0.4673997726678928
2025-08-26_TB@CLE,0.5369261477045908,1,2025-08-26,0.5045701695990474
2025-08-26_PHI@NYM,0.45825049701789267,0,2025-08-26,0.46997731164815393
2025-08-26_AZ@MIL,0.4253521126760563,1,2025-08-26,0.46603497879621325
2025-08-26_COL@HOU,0.4253521126760563,0,2025-08-26,0.4642383641948725
2025-08-26_WSH@NYY,0.45825049701789267,0,2025-08-26,0.47877134839192104
2025-08-26_BOS@BAL,0.5369261477045908,0,2025-08-26,0.5098015564775258
2025-08-26_KC@CWS,0.3881656804733728,0,2025-08-26,0.4271668789586691
2025-08-27_DET@OAK,0.5331491712707183,1,2025-08-27,0.49952361924689526
2025-08-27_SD@SEA,0.268041237113402,0,2025-08-27,0.4132801294014793
2025-08-27_CHC@SF,0.5511811023622046,1,2025-08-27,0.5232660116861882
2025-08-27_CIN@LAD,0.45825049701789267,0,2025-08-27,0.4799675321756096
2025-08-27_LAA@TEX,0.6211656441717791,1,2025-08-27,0.5322905931274655
2025-08-27_ATL@MIA,0.4253521126760563,1,2025-08-27,0.4610502955880045
2025-08-27_PHI@NYM,0.4253521126760563,0,2025-08-27,0.4458942167434523
2025-08-27_KC@CWS,0.4253521126760563,0,2025-08-27,0.44268893016019817
2025-08-27_PIT@STL,0.4253521126760563,0,2025-08-27,0.4505917051288725
2025-08-27_WSH@NYY,0.268041237113402,1,2025-08-27,0.4084620629796841
2025-08-27_MIN@TOR,0.3881656804733728,1,2025-08-27,0.42485713811220205
2025-08-27_COL@HOU,0.6211656441717791,1,2025-08-27,0.5315327040511038
2025-08-27_AZ@MIL,0.5331491712707183,0,2025-08-27,0.5006347783588244
2025-08-27_BOS@BAL,0.7407407407407407,1,2025-08-27,0.649880274954096
2025-08-27_TB@CLE,0.4253521126760563,0,2025-08-27,0.4516718711106199
2025-08-28_CHC@SF,0.4253521126760563,1,2025-08-28,0.4477115949513131
2025-08-28_AZ@MIL,0.45825049701789267,1,2025-08-28,0.470604460302362
2025-08-28_PIT@STL,0.6827586206896552,1,2025-08-28,0.6002102470283592
2025-08-28_COL@HOU,0.30434782608695654,1,2025-08-28,0.41858379256828027
2025-08-28_NYY@CWS,0.4253521126760563,1,2025-08-28,0.4681351417996754
2025-08-28_MIA@NYM,0.4253521126760563,1,2025-08-28,0.46618668542298436
2025-08-28_ATL@PHI,0.5511811023622046,1,2025-08-28,0.5226595208609548
2025-08-28_BOS@BAL,0.7407407407407407,1,2025-08-28,0.6161411950300844
2025-08-29_BAL@SF,0.6211656441717791,1,2025-08-29,0.5359034446387436
2025-08-29_AZ@LAD,0.45825049701789267,0,2025-08-29,0.48094212889111954
2025-08-29_TEX@OAK,0.3881656804733728,0,2025-08-29,0.4241763166077597
2025-08-29_DET@KC,0.6827586206896552,1,2025-08-29,0.5944761446678839
2025-08-29_CHC@COL,0.4253521126760563,0,2025-08-29,0.44727215547732424
2025-08-29_LAA@HOU,0.3881656804733728,0,2025-08-29,0.43761404854334307
2025-08-29_NYY@CWS,0.4822834645669291,1,2025-08-29,0.48522107906130274
2025-08-29_SD@MIN,0.6211656441717791,0,2025-08-29,0.5371970199734284
2025-08-29_MIL@TOR,0.45825049701789267,0,2025-08-29,0.47282889440401665
2025-08-29_SEA@CLE,0.4253521126760563,1,2025-08-29,0.45065280343361513
2025-08-29_MIA@NYM,0.5369261477045908,1,2025-08-29,0.5042561089146116
2025-08-29_PIT@BOS,0.4253521126760563,0,2025-08-29,0.45852449095412295
2025-08-29_STL@CIN,0.6211656441717791,1,2025-08-29,0.5318238308149843
2025-08-29_ATL@PHI,0.5331491712707183,0,2025-08-29,0.49802569608474034
2025-08-29_TB@WSH,0.3881656804733728,1,2025-08-29,0.4253509052120752
2025-08-30_AZ@LAD,0.6211656441717791,0,2025-08-30,0.5458595555798511
2025-08-30_TEX@OAK,0.6211656441717791,0,2025-08-30,0.5436207340106156
2025-08-30_TB@WSH,0.4822834645669291,1,2025-08-30,0.48662997423020904
2025-08-30_CHC@COL,0.45825049701789267,1,2025-08-30,0.4723581443917565
2025-08-30_MIL@TOR,0.45825049701789267,0,2025-08-30,0.46914062515990373
2025-08-30_DET@KC,0.49743589743589745,0,2025-08-30,0.49441154763175277
2025-08-30_NYY@CWS,0.3881656804733728,0,2025-08-30,0.4379798235630963
2025-08-30_LAA@HOU,0.6827586206896552,0,2025-08-30,0.5910516923011231
2025-08-30_ATL@PHI,0.5511811023622046,0,2025-08-30,0.5129006234492226
2025-08-30_BAL@SF,0.45825049701789267,1,2025-08-30,0.4720035943478922
2025-08-30_MIA@NYM,0.4253521126760563,1,2025-08-30,0.4410524195141463
2025-08-30_STL@CIN,0.6553191489361702,1,2025-08-30,0.5611054353834024
2025-08-30_SEA@CLE,0.45825049701789267,0,2025-08-30,0.47237641564801014
2025-08-30_PIT@BOS,0.5369261477045908,1,2025-08-30,0.5035976089927976
2025-08-30_SD@MIN,0.6827586206896552,0,2025-08-30,0.5900128264166702
2025-08-31_BAL@SF,0.5511811023622046,1,2025-08-31,0.5161555895245025
2025-08-31_TEX@OAK,0.5511811023622046,1,2025-08-31,0.5134220728234495
2025-08-31_LAA@HOU,0.5511811023622046,0,2025-08-31,0.5137127488711744
2025-08-31_CHC@COL,0.3881656804733728,0,2025-08-31,0.43386478231744496
2025-08-31_DET@KC,0.3881656804733728,0,2025-08-31,0.42330022218136065
2025-08-31_SD@MIN,0.6211656441717791,0,2025-08-31,0.5433642422639315
2025-08-31_NYY@CWS,0.5369261477045908,1,2025-08-31,0.5087972623779696
2025-08-31_AZ@LAD,0.4822834645669291,1,2025-08-31,0.4922091113278735
2025-08-31_PIT@BOS,0.5511811023622046,0,2025-08-31,0.5248119762321186
2025-08-31_STL@CIN,0.5511811023622046,1,2025-08-31,0.5177875224071122
2025-08-31_MIA@NYM,0.3466666666666667,1,2025-08-31,0.42290692238160454
2025-08-31_TB@WSH,0.45825049701789267,0,2025-08-31,0.4711100502752458
2025-08-31_MIL@TOR,0.6553191489361702,1,2025-08-31,0.5623208737328766
2025-08-31_SEA@CLE,0.4253521126760563,0,2025-08-31,0.44089506151923075
2025-08-31_ATL@PHI,0.3881656804733728,0,2025-08-31,0.43988120138454145
2025-09-01_SF@COL,0.4253521126760563,1,2025-09-01,0.4446730330612859
2025-09-01_BAL@SD,0.3881656804733728,0,2025-09-01,0.4362988478975046
2025-09-01_TEX@AZ,0.3881656804733728,1,2025-09-01,0.4395731608218011
2025-09-01_OAK@STL,0.6211656441717791,0,2025-09-01,0.5356027231351936
2025-09-01_MIA@WSH,0.5369261477045908,0,2025-09-01,0.5044463429558455
2025-09-01_LAA@HOU,0.49743589743589745,0,2025-09-01,0.49648997860962996
2025-09-01_PHI@MIL,0.4822834645669291,1,2025-09-01,0.4868147191848675
2025-09-01_NYM@DET,0.4253521126760563,1,2025-09-01,0.4460337777460941
2025-09-01_CWS@MIN,0.45825049701789267,0,2025-09-01,0.4775669963132657
2025-09-01_TOR@CIN,0.5331491712707183,0,2025-09-01,0.499740892742346
2025-09-01_SEA@TB,0.4253521126760563,0,2025-09-01,0.4596016379358826
2025-09-01_CLE@BOS,0.3881656804733728,1,2025-09-01,0.43136698261617745
2025-09-01_ATL@CHC,0.4253521126760563,1,2025-09-01,0.46272101416026823
2025-09-02_BAL@SD,0.6211656441717791,1,2025-09-02,0.5294015773632517
2025-09-02_TEX@AZ,0.4253521126760563,0,2025-09-02,0.46184842929477254
2025-09-02_MIA@WSH,0.4253521126760563,0,2025-09-02,0.45714454532501914
2025-09-02_OAK@STL,0.3881656804733728,0,2025-09-02,0.42464643393776935
2025-09-02_CWS@MIN,0.3881656804733728,1,2025-09-02,0.42637636685603586
2025-09-02_SEA@TB,0.45825049701789267,1,2025-09-02,0.47818844503955904
2025-09-02_SF@COL,0.3881656804733728,1,2025-09-02,0.43280222245137856
2025-09-02_LAA@KC,0.6211656441717791,0,2025-09-02,0.5398122291707601
2025-09-02_NYY@HOU,0.4253521126760563,0,2025-09-02,0.45248159620057027
2025-09-02_NYM@DET,0.4253521126760563,1,2025-09-02,0.4434910633994049
2025-09-02_TOR@CIN,0.5369261477045908,1,2025-09-02,0.5046723042397994
2025-09-02_CLE@BOS,0.5511811023622046,0,2025-09-02,0.5153903897466399
2025-09-02_LAD@PIT,0.4253521126760563,1,2025-09-02,0.45840075657919344
2025-09-02_ATL@CHC,0.4253521126760563,0,2025-09-02,0.4626743809772006
2025-09-03_CLE@BOS,0.5511811023622046,1,2025-09-03,0.520177393603894
2025-09-03_SF@COL,0.3881656804733728,0,2025-09-03,0.42629532657448677
2025-09-03_TEX@AZ,0.45825049701789267,1,2025-09-03,0.48138166092470425
2025-09-03_CWS@MIN,0.7407407407407407,1,2025-09-03,0.6486703649333017
2025-09-03_OAK@STL,0.5331491712707183,0,2025-09-03,0.5015989863993862
2025-09-03_PHI@MIL,0.4822834645669291,1,2025-09-03,0.4915404528093712
2025-09-03_NYY@HOU,0.4253521126760563,0,2025-09-03,0.4533046770272864
2025-09-03_TOR@CIN,0.4253521126760563,0,2025-09-03,0.4479562698809313
2025-09-03_LAA@KC,0.4822834645669291,0,2025-09-03,0.4862097131822528
2025-09-03_SEA@TB,0.4253521126760563,1,2025-09-03,0.4614666901391006
2025-09-03_MIA@WSH,0.3881656804733728,1,2025-09-03,0.42931036557120805
2025-09-03_NYM@DET,0.4253521126760563,0,2025-09-03,0.4446719463235579
2025-09-03_LAD@PIT,0.5511811023622046,1,2025-09-03,0.5240865972761513
2025-09-03_ATL@CHC,0.4253521126760563,0,2025-09-03,0.447341259679658
2025-09-03_BAL@SD,0.4253521126760563,1,2025-09-03,0.4620673458872081
2025-09-04_CLE@TB,0.4253521126760563,1,2025-09-04,0.45607789627891293
2025-09-04_PHI@MIL,0.3881656804733728,0,2025-09-04,0.42751606991396784
2025-09-04_LAD@PIT,0.4253521126760563,0,2025-09-04,0.4558508944648928
2025-09-04_CWS@MIN,0.4253521126760563,0,2025-09-04,0.45318306303309785
2025-09-04_LAA@KC,0.49743589743589745,1,2025-09-04,0.4947923114116113
2025-09-04_NYY@HOU,0.4253521126760563,0,2025-09-04,0.4594029537238423
2025-09-05_SD@COL,0.4253521126760563,0,2025-09-05,0.44326676410701393
2025-09-05_OAK@LAA,0.4822834645669291,1,2025-09-05,0.4872062654582898
2025-09-05_SF@STL,0.6553191489361702,1,2025-09-05,0.5572967067196686
2025-09-05_MIN@KC,0.7407407407407407,0,2025-09-05,0.6389342670829151
2025-09-05_BOS@AZ,0.4253521126760563,1,2025-09-05,0.46412882241044406
2025-09-05_NYM@CIN,0.45825049701789267,1,2025-09-05,0.47389289092786624
2025-09-05_CLE@TB,0.6211656441717791,0,2025-09-05,0.5383514694837774
2025-09-05_HOU@TEX,0.4822834645669291,0,2025-09-05,0.49108093117879303
2025-09-05_MIL@PIT,0.7407407407407407,1,2025-09-05,0.6409578649503094
2025-09-05_LAD@BAL,0.45825049701789267,0,2025-09-05,0.4757393756143088
2025-09-05_WSH@CHC,0.5369261477045908,1,2025-09-05,0.508871422374346
2025-09-05_PHI@MIA,0.6211656441717791,1,2025-09-05,0.5403908140441019
2025-09-05_TOR@NYY,0.4253521126760563,1,2025-09-05,0.44814393891776994
2025-09-05_SEA@ATL,0.3881656804733728,1,2025-09-05,0.43279814031081676
2025-09-05_CWS@DET,0.5331491712707183,1,2025-09-05,0.5009725487569461
2025-09-06_MIN@KC,0.4253521126760563,1,2025-09-06,0.45705301674098675
2025-09-06_BOS@AZ,0.4822834645669291,0,2025-09-06,0.48626688904854554
2025-09-06_OAK@LAA,0.45825049701789267,1,2025-09-06,0.47216395769700936
2025-09-06_SD@COL,0.1888111888111888,0,2025-09-06,0.38935173049650074
2025-09-06_HOU@TEX,0.45825049701789267,0,2025-09-06,0.47879587198113627
2025-09-06_PHI@MIA,0.4253521126760563,1,2025-09-06,0.45799365806242986
2025-09-06_CWS@DET,0.6211656441717791,1,2025-09-06,0.5472041735775713
2025-09-06_SF@STL,0.45825049701789267,0,2025-09-06,0.4717089366956627
2025-09-06_SEA@ATL,0.5331491712707183,1,2025-09-06,0.5009938510092461
2025-09-06_CLE@TB,0.45825049701789267,0,2025-09-06,0.48026867671549556
2025-09-06_NYM@CIN,0.4253521126760563,0,2025-09-06,0.46521965825751466
2025-09-06_WSH@CHC,0.49743589743589745,1,2025-09-06,0.4959602322114188
2025-09-06_MIL@PIT,0.6553191489361702,0,2025-09-06,0.5554146698103055
2025-09-06_LAD@BAL,0.45825049701789267,0,2025-09-06,0.47243291693164136
2025-09-06_TOR@NYY,0.45825049701789267,0,2025-09-06,0.47775975100536916
2025-09-07_BOS@AZ,0.265993265993266,0,2025-09-07,0.3930749553937838
2025-09-07_SF@STL,0.3881656804733728,0,2025-09-07,0.4267076088309748
2025-09-07_SD@COL,0.6211656441717791,1,2025-09-07,0.5305849348931355
2025-09-07_HOU@TEX,0.3881656804733728,0,2025-09-07,0.43588325336269806
2025-09-07_MIL@PIT,0.45825049701789267,1,2025-09-07,0.4797950343724866
2025-09-07_WSH@CHC,0.45825049701789267,0,2025-09-07,0.4774968631244467
2025-09-07_CLE@TB,0.4253521126760563,0,2025-09-07,0.4604402246819551
2025-09-07_OAK@LAA,0.4822834645669291,1,2025-09-07,0.48905385013408564
2025-09-07_TOR@NYY,0.4253521126760563,1,2025-09-07,0.4671513710006149
2025-09-07_CWS@DET,0.4253521126760563,1,2025-09-07,0.4436117049458652
2025-09-07_PHI@MIA,0.49743589743589745,1,2025-09-07,0.49623285920188087
2025-09-07_LAD@BAL,0.45825049701789267,1,2025-09-07,0.4764967998594988
2025-09-07_SEA@ATL,0.4253521126760563,0,2025-09-07,0.445569106419472
2025-09-07_NYM@CIN,0.45825049701789267,0,2025-09-07,0.4836714001205977
2025-09-07_MIN@KC,0.4253521126760563,1,2025-09-07,0.4466951534264926
2025-09-08_NYM@PHI,0.4253521126760563,0,2025-09-08,0.4446070052474639
2025-09-08_MIL@TEX,0.3881656804733728,0,2025-09-08,0.42790930318998555
2025-09-08_AZ@SF,0.3881656804733728,0,2025-09-08,0.4338357339721741
2025-09-08_STL@SEA,0.4253521126760563,0,2025-09-08,0.4556179891634027
2025-09-08_CIN@SD,0.45825049701789267,1,2025-09-08,0.4784819739908105
2025-09-08_COL@LAD,0.45825049701789267,0,2025-09-08,0.4775880551225309
2025-09-08_WSH@MIA,0.30434782608695654,0,2025-09-08,0.4193168443098154
2025-09-08_BOS@OAK,0.6211656441717791,1,2025-09-08,0.5378483286224447
2025-09-08_MIN@LAA,0.4253521126760563,0,2025-09-08,0.45440923062092897
2025-09-08_CHC@ATL,0.6827586206896552,1,2025-09-08,0.5835424218532976
2025-09-08_KC@CLE,0.265993265993266,1,2025-09-08,0.4018875845230936
2025-09-09_TB@CWS,0.3881656804733728,1,2025-09-09,0.42321341495763454
2025-09-09_COL@LAD,0.3881656804733728,0,2025-09-09,0.4332812846161469
2025-09-09_MIN@LAA,0.3881656804733728,1,2025-09-09,0.42796082466352436
2025-09-09_STL@SEA,0.45825049701789267,0,2025-09-09,0.478769110523497
2025-09-09_CIN@SD,0.5511811023622046,1,2025-09-09,0.5192056079502048
2025-09-09_HOU@TOR,0.45825049701789267,1,2025-09-09,0.47019959120725696
2025-09-09_MIL@TEX,0.45825049701789267,0,2025-09-09,0.48393408092207346
2025-09-09_AZ@SF,0.5511811023622046,1,2025-09-09,0.5197574980023516
2025-09-09_WSH@MIA,0.4253521126760563,1,2025-09-09,0.4468200529495088
2025-09-09_DET@NYY,0.4253521126760563,1,2025-09-09,0.4518132762522731
2025-09-09_PIT@BAL,0.3881656804733728,1,2025-09-09,0.4404884932783245
2025-09-09_CHC@ATL,0.45825049701789267,1,2025-09-09,0.47289994731428164
2025-09-09_KC@CLE,0.4253521126760563,1,2025-09-09,0.45026737256298266
2025-09-09_NYM@PHI,0.3881656804733728,1,2025-09-09,0.4250777837359029
2025-09-09_BOS@OAK,0.5369261477045908,1,2025-09-09,0.509315334095455
2025-09-10_TB@CWS,0.49743589743589745,1,2025-09-10,0.4946793293394929
2025-09-10_STL@SEA,0.4253521126760563,1,2025-09-10,0.4680424960831655
2025-09-10_AZ@SF,0.49743589743589745,1,2025-09-10,0.4949690454166399
2025-09-10_MIL@TEX,0.3881656804733728,1,2025-09-10,0.43244721808130704
2025-09-10_MIN@LAA,0.4253521126760563,0,2025-09-10,0.4523068300793889
2025-09-10_CIN@SD,0.4822834645669291,0,2025-09-10,0.48771870961022923
2025-09-10_BOS@OAK,0.6211656441717791,1,2025-09-10,0.5425894387732039
2025-09-10_KC@CLE,0.45825049701789267,1,2025-09-10,0.4817652850121189
2025-09-10_CHC@ATL,0.4253521126760563,0,2025-09-10,0.4474748220666923
2025-09-10_DET@NYY,0.29896907216494845,0,2025-09-10,0.41588355413684797
2025-09-10_NYM@PHI,0.45825049701789267,1,2025-09-10,0.47547476574710223
2025-09-10_HOU@TOR,0.5331491712707183,0,2025-09-10,0.5026911775719516
2025-09-10_WSH@MIA,0.4253521126760563,0,2025-09-10,0.4521383785625416
2025-09-10_PIT@BAL,0.4253521126760563,0,2025-09-10,0.4621298494241195
2025-09-10_COL@LAD,0.5511811023622046,0,2025-09-10,0.5103709437456879
2025-09-11_LAA@SEA,0.4253521126760563,0,2025-09-11,0.450384910552007
2025-09-11_TB@CWS,0.5369261477045908,1,2025-09-11,0.5043114168073315
2025-09-11_COL@SD,0.4253521126760563,0,2025-09-11,0.4646572388255682
2025-09-11_WSH@MIA,0.7407407407407407,1,2025-09-11,0.6314697826935491
2025-09-11_DET@NYY,0.6211656441717791,1,2025-09-11,0.5524306427100927
2025-09-11_KC@CLE,0.4822834645669291,1,2025-09-11,0.49136671218566097
2025-09-11_NYM@PHI,0.6553191489361702,1,2025-09-11,0.5551382279675632
2025-09-11_PIT@BAL,0.5331491712707183,1,2025-09-11,0.49745239744876146
2025-09-11_HOU@TOR,0.45825049701789267,1,2025-09-11,0.4844742985472197
2025-09-12_LAA@SEA,0.3881656804733728,0,2025-09-12,0.43899083729013966
2025-09-12_LAD@SF,0.6827586206896552,1,2025-09-12,0.5795536930358582
2025-09-12_KC@PHI,0.6827586206896552,1,2025-09-12,0.5766336158377552
2025-09-12_PIT@WSH,0.265993265993266,0,2025-09-12,0.40137893801887026
2025-09-12_TB@CHC,0.4253521126760563,1,2025-09-12,0.45856172168280906
2025-09-12_BAL@TOR,0.6211656441717791,0,2025-09-12,0.5446366616235578
2025-09-12_STL@MIL,0.5511811023622046,0,2025-09-12,0.526147835218286
2025-09-12_AZ@MIN,0.4822834645669291,1,2025-09-12,0.4922337463992814
2025-09-12_CIN@OAK,0.5511811023622046,1,2025-09-12,0.5232642243923724
2025-09-12_TEX@NYM,0.6827586206896552,1,2025-09-12,0.5668530013203246
2025-09-12_HOU@ATL,0.4253521126760563,0,2025-09-12,0.46838752469314004
2025-09-12_CWS@CLE,0.45825049701789267,0,2025-09-12,0.4712087179884238
2025-09-12_NYY@BOS,0.3881656804733728,1,2025-09-12,0.43549313614455765
2025-09-12_COL@SD,0.6553191489361702,1,2025-09-12,0.5562811979112687
2025-09-12_DET@MIA,0.3881656804733728,1,2025-09-12,0.4245597104257618
2025-09-13_COL@SD,0.6553191489361702,1,2025-09-13,0.5562816093126159
2025-09-13_PIT@WSH,0.4253521126760563,0,2025-09-13,0.44542375128159617
2025-09-13_AZ@MIN,0.1888111888111888,0,2025-09-13,0.388197788078288
2025-09-13_TB@CHC,0.4822834645669291,0,2025-09-13,0.49279522707756884
2025-09-13_STL@MIL,0.4253521126760563,1,2025-09-13,0.46116084262064827
2025-09-13_CIN@OAK,0.5331491712707183,0,2025-09-13,0.5010985967554504
2025-09-13_LAD@SF,0.45825049701789267,1,2025-09-13,0.4709528710861398
2025-09-13_NYY@BOS,0.4253521126760563,1,2025-09-13,0.459761589045646
2025-09-13_BAL@TOR,0.4253521126760563,1,2025-09-13,0.4515784506560466
2025-09-13_LAA@SEA,0.4253521126760563,1,2025-09-13,0.4522428260307658
2025-09-13_HOU@ATL,0.45825049701789267,0,2025-09-13,0.47085125852528364
2025-09-13_DET@MIA,0.7407407407407407,1,2025-09-13,0.624226801451262
2025-09-13_CWS@CLE,0.4253521126760563,1,2025-09-13,0.44148090197624024
2025-09-13_TEX@NYM,0.4253521126760563,0,2025-09-13,0.45086635936007613
2025-09-13_KC@PHI,0.5511811023622046,1,2025-09-13,0.5271866758311015
2025-09-14_COL@SD,0.6211656441717791,1,2025-09-14,0.539684513498595
2025-09-14_BAL@TOR,0.5369261477045908,0,2025-09-14,0.5083352042976912
2025-09-14_HOU@ATL,0.45825049701789267,1,2025-09-14,0.4731908504573381
2025-09-14_PIT@WSH,0.4253521126760563,1,2025-09-14,0.4566755198166652
2025-09-14_LAA@SEA,0.6211656441717791,1,2025-09-14,0.5315234209234911
2025-09-14_AZ@MIN,0.5369261477045908,0,2025-09-14,0.5041333057119396
2025-09-14_TB@CHC,0.3466666666666667,1,2025-09-14,0.42158257581972824
2025-09-14_LAD@SF,0.4822834645669291,0,2025-09-14,0.49158997254058645
2025-09-14_DET@MIA,0.4253521126760563,0,2025-09-14,0.46321859288768363
2025-09-14_CIN@OAK,0.45825049701789267,1,2025-09-14,0.48309929899885173
2025-09-14_NYY@BOS,0.3466666666666667,1,2025-09-14,0.4222857859987773
2025-09-14_CWS@CLE,0.1888111888111888,0,2025-09-14,0.3907553441865821
2025-09-14_KC@PHI,0.6211656441717791,1,2025-09-14,0.5531327088240101
2025-09-14_TEX@NYM,0.7407407407407407,0,2025-09-14,0.6600347637265107
2025-09-14_STL@MIL,0.4253521126760563,0,2025-09-14,0.4546099880626192
2025-09-15_PHI@LAD,0.4253521126760563,1,2025-09-15,0.4545624275897374
2025-09-15_CIN@STL,0.45825049701789267,0,2025-09-15,0.47090395837905985
2025-09-15_NYY@MIN,0.6211656441717791,0,2025-09-15,0.539600766708594
2025-09-15_BAL@CWS,0.4253521126760563,1,2025-09-15,0.4661342284632556
2025-09-15_TOR@TB,0.4253521126760563,1,2025-09-15,0.46798087376197717
2025-09-15_CHC@PIT,0.4253521126760563,0,2025-09-15,0.44974063790028707
2025-09-15_TEX@HOU,0.30434782608695654,1,2025-09-15,0.419868167837688
2025-09-15_SF@AZ,0.6211656441717791,1,2025-09-15,0.5381110526288095
2025-09-15_ATL@WSH,0.265993265993266,0,2025-09-15,0.40314063239509135
2025-09-16_NYY@MIN,0.6211656441717791,1,2025-09-16,0.5385109923869187
2025-09-16_PHI@LAD,0.4253521126760563,0,2025-09-16,0.46451552387316297
2025-09-16_CIN@STL,0.4253521126760563,1,2025-09-16,0.4514960201258099
2025-09-16_SF@AZ,0.5511811023622046,1,2025-09-16,0.5119701915833277
2025-09-16_ATL@WSH,0.5511811023622046,0,2025-09-16,0.5127491293014286
2025-09-16_LAA@MIL,0.45825049701789267,1,2025-09-16,0.4734662060304027
2025-09-16_TEX@HOU,0.4253521126760563,1,2025-09-16,0.44837462971549946
2025-09-16_MIA@COL,0.1888111888111888,0,2025-09-16,0.3844892796337033
2025-09-16_CLE@DET,0.3881656804733728,0,2025-09-16,0.4388388000004848
2025-09-16_SD@NYM,0.4253521126760563,1,2025-09-16,0.4513553097389146
2025-09-16_TOR@TB,0.6827586206896552,1,2025-09-16,0.5712531963548089
2025-09-16_BAL@CWS,0.4822834645669291,1,2025-09-16,0.4904241785586878
2025-09-16_ATL@WSH,0.3881656804733728,0,2025-09-16,0.43388834421015476
2025-09-16_CHC@PIT,0.5331491712707183,1,2025-09-16,0.5025224643907817
2025-09-16_OAK@BOS,0.4253521126760563,0,2025-09-16,0.4576210926785048
2025-09-16_SEA@KC,0.49743589743589745,1,2025-09-16,0.4957953601866306
2025-09-17_MIA@COL,0.4253521126760563,0,2025-09-17,0.45559344168954397
2025-09-17_SF@AZ,0.3881656804733728,0,2025-09-17,0.43000097008352456
2025-09-17_PHI@LAD,0.5331491712707183,0,2025-09-17,0.4977377267808386
2025-09-17_CIN@STL,0.6211656441717791,1,2025-09-17,0.5358969631226462
2025-09-17_NYY@MIN,0.265993265993266,1,2025-09-17,0.3983988216712514
2025-09-17_BAL@CWS,0.7407407407407407,1,2025-09-17,0.6639467489995647
2025-09-17_ATL@WSH,0.13043478260869565,0,2025-09-17,0.3695447797237248
2025-09-17_SD@NYM,0.4822834645669291,1,2025-09-17,0.48764734388522746
2025-09-17_SEA@KC,0.6827586206896552,1,2025-09-17,0.5739305639054805
2025-09-17_TOR@TB,0.7207917028479472,1,2025-09-17,0.6144647852193028
2025-09-17_LAA@MIL,0.45825049701789267,0,2025-09-17,0.4730729467065238
2025-09-17_TEX@HOU,0.4253521126760563,1,2025-09-17,0.4586755516818023
2025-09-17_CLE@DET,0.4253521126760563,0,2025-09-17,0.4433797259032183
2025-09-17_OAK@BOS,0.7727272727272727,1,2025-09-17,0.7110842710982774
2025-09-17_CHC@PIT,0.5511811023622046,1,2025-09-17,0.5261448836980382
2025-09-18_SF@LAD,0.5369261477045908,0,2025-09-18,0.5084926271752118
2025-09-18_TOR@TB,0.4253521126760563,0,2025-09-18,0.4667548707026463
2025-09-18_MIA@COL,0.3881656804733728,0,2025-09-18,0.43987235584152085
2025-09-18_SEA@KC,0.45825049701789267,0,2025-09-18,0.47300603284746534
2025-09-18_LAA@MIL,0.6211656441717791,0,2025-09-18,0.5533989849953519
2025-09-18_CLE@DET,0.3881656804733728,0,2025-09-18,0.43034573901894146
2025-09-18_SD@NYM,0.45825049701789267,1,2025-09-18,0.4777501275977507
2025-09-18_NYY@BAL,0.268041237113402,1,2025-09-18,0.4118697619533851
2025-09-18_OAK@BOS,0.6211656441717791,1,2025-09-18,0.5448859719281129
2025-09-18_CHC@CIN,0.6211656441717791,0,2025-09-18,0.539185751882588
2025-09-19_NYY@BAL,0.45825049701789267,0,2025-09-19,0.4812577081400299
2025-09-19_MIA@TEX,0.3881656804733728,0,2025-09-19,0.43214741309573346
2025-09-19_LAA@COL,0.4784669961548051,1,2025-09-19,0.4846649985014495
2025-09-19_PHI@AZ,0.45825049701789267,1,2025-09-19,0.479276810708378
2025-09-19_SF@LAD,0.45825049701789267,1,2025-09-19,0.47443734880753186
2025-09-19_WSH@NYM,0.45825049701789267,1,2025-09-19,0.47645015071713404
2025-09-19_TOR@KC,0.6211656441717791,1,2025-09-19,0.5299446289237815
2025-09-19_BOS@TB,0.45825049701789267,1,2025-09-19,0.47384172044734607
2025-09-19_CLE@MIN,0.4253521126760563,1,2025-09-19,0.4431462589632311
2025-09-19_SD@CWS,0.4253521126760563,1,2025-09-19,0.44322605432957907
2025-09-19_MIL@STL,0.49743589743589745,1,2025-09-19,0.49584880647318597
2025-09-19_OAK@PIT,0.4822834645669291,1,2025-09-19,0.4894665677361838
2025-09-19_CHC@CIN,0.3881656804733728,1,2025-09-19,0.42885363857585457
2025-09-19_ATL@DET,0.4253521126760563,1,2025-09-19,0.4630309425041639
2025-09-19_SEA@HOU,0.4253521126760563,1,2025-09-19,0.4654812945480338
2025-09-20_PHI@AZ,0.4253521126760563,1,2025-09-20,0.4640284475871701
2025-09-20_SF@LAD,0.4253521126760563,1,2025-09-20,0.4621170211588438
2025-09-20_LAA@COL,0.29896907216494845,0,2025-09-20,0.414528529152531
2025-09-20_MIA@TEX,0.4253521126760563,0,2025-09-20,0.4632879739999408
2025-09-20_CLE@MIN,0.4253521126760563,0,2025-09-20,0.4555981982919243
2025-09-20_TOR@KC,0.6211656441717791,0,2025-09-20,0.5522727772975454
2025-09-20_BOS@TB,0.5369261477045908,0,2025-09-20,0.5039851964328528
2025-09-20_MIL@STL,0.6211656441717791,0,2025-09-20,0.5482818136187486
2025-09-20_OAK@PIT,0.4253521126760563,0,2025-09-20,0.4682646896273426
2025-09-20_SD@CWS,0.45825049701789267,1,2025-09-20,0.47734385201162965
2025-09-20_CLE@MIN,0.265993265993266,1,2025-09-20,0.39476371357442697
2025-09-20_WSH@NYM,0.268041237113402,1,2025-09-20,0.4115959678530329
2025-09-20_CHC@CIN,0.4253521126760563,0,2025-09-20,0.4583496785857033
2025-09-20_NYY@BAL,0.4253521126760563,1,2025-09-20,0.4669861327280198
2025-09-20_SEA@HOU,0.4253521126760563,1,2025-09-20,0.4497134484983182
2025-09-20_ATL@DET,0.4253521126760563,1,2025-09-20,0.45832306996385264
2025-09-21_CLE@MIN,0.268041237113402,1,2025-09-21,0.41040546667180855
2025-09-21_MIA@TEX,0.45825049701789267,0,2025-09-21,0.47832366507032753
2025-09-21_SF@LAD,0.5331491712707183,0,2025-09-21,0.4994517844948978
2025-09-21_SEA@HOU,0.4253521126760563,0,2025-09-21,0.44085925080257204
2025-09-21_TOR@KC,0.7157894736842105,0,2025-09-21,0.6073930717546583
2025-09-21_MIL@STL,0.45825049701789267,0,2025-09-21,0.47989306488300565
2025-09-21_PHI@AZ,0.5369261477045908,1,2025-09-21,0.5036032257269141
2025-09-21_OAK@PIT,0.4253521126760563,1,2025-09-21,0.4619747404178052
2025-09-21_NYY@BAL,0.265993265993266,0,2025-09-21,0.4052348878213018
2025-09-21_SD@CWS,0.6211656441717791,0,2025-09-21,0.5308008125443886
2025-09-21_BOS@TB,0.6211656441717791,1,2025-09-21,0.5523274459921051
2025-09-21_WSH@NYM,0.4253521126760563,0,2025-09-21,0.4620655263046515
2025-09-21_ATL@DET,0.4253521126760563,0,2025-09-21,0.44622557985847067
2025-09-21_CHC@CIN,0.5331491712707183,0,2025-09-21,0.4989117284345066
2025-09-21_LAA@COL,0.4253521126760563,1,2025-09-21,0.4505444800297671
2025-09-22_MIL@SD,0.30434782608695654,1,2025-09-22,0.4196326377132529
2025-09-22_WSH@ATL,0.4253521126760563,1,2025-09-22,0.45096049425152274
2025-09-22_STL@SF,0.7727272727272727,1,2025-09-22,0.7070641776694591
2025-09-23_STL@SF,0.4253521126760563,1,2025-09-23,0.4617721016229963
2025-09-23_MIN@TEX,0.6211656441717791,1,2025-09-23,0.5323012016807793
2025-09-23_HOU@OAK,0.45825049701789267,1,2025-09-23,0.4745594256319411
2025-09-23_KC@LAA,0.45825049701789267,1,2025-09-23,0.47352376215912095
2025-09-23_COL@SEA,0.45825049701789267,0,2025-09-23,0.47764248802948384
2025-09-23_NYM@CHC,0.4253521126760563,1,2025-09-23,0.44419060488692885
2025-09-23_LAD@AZ,0.4253521126760563,0,2025-09-23,0.45100473292094423
2025-09-23_CWS@NYY,0.49743589743589745,0,2025-09-23,0.49488370238252677
2025-09-23_MIA@PHI,0.5511811023622046,1,2025-09-23,0.5207557984486335
2025-09-23_BOS@TOR,0.4822834645669291,0,2025-09-23,0.48624810798098916
2025-09-23_DET@CLE,0.45825049701789267,0,2025-09-23,0.47910253347543497
2025-09-23_WSH@ATL,0.265993265993266,0,2025-09-23,0.39467235840122683
2025-09-23_TB@BAL,0.45825049701789267,1,2025-09-23,0.4776503016940262
2025-09-23_PIT@CIN,0.533733034624035,0,2025-09-23,0.5027555635656675
2025-09-23_MIL@SD,0.5369261477045908,1,2025-09-23,0.5077408361564157
2025-09-24_MIN@TEX,0.4822834645669291,1,2025-09-24,0.491910613566626
2025-09-24_LAD@AZ,0.4253521126760563,1,2025-09-24,0.4500873797295729
2025-09-24_COL@SEA,0.45825049701789267,1,2025-09-24,0.4738907760113261
2025-09-24_HOU@OAK,0.45825049701789267,0,2025-09-24,0.4840173882865607
2025-09-24_STL@SF,0.4253521126760563,0,2025-09-24,0.4493111068599783
2025-09-24_KC@LAA,0.4253521126760563,0,2025-09-24,0.45671971121263144
2025-09-24_MIL@SD,0.5511811023622046,0,2025-09-24,0.5124802721480877
2025-09-24_CWS@NYY,0.5369261477045908,0,2025-09-24,0.5087026590398207
2025-09-24_MIA@PHI,0.5511811023622046,0,2025-09-24,0.5125802256879805
2025-09-24_PIT@CIN,0.3881656804733728,0,2025-09-24,0.4277852453185277
2025-09-24_TB@BAL,0.6211656441717791,1,2025-09-24,0.5292763017075817
2025-09-24_DET@CLE,0.265993265993266,0,2025-09-24,0.40578823363341543
2025-09-24_NYM@CHC,0.4253521126760563,0,2025-09-24,0.46261190984403555
2025-09-24_BOS@TOR,0.45825049701789267,1,2025-09-24,0.4798496373758443
2025-09-24_WSH@ATL,0.45825049701789267,1,2025-09-24,0.4696375121853741
2025-09-25_KC@LAA,0.4822834645669291,1,2025-09-25,0.4906892719506021
2025-09-25_COL@SEA,0.3881656804733728,0,2025-09-25,0.4281558586536678
2025-09-25_HOU@OAK,0.3881656804733728,1,2025-09-25,0.43320266149338416
2025-09-25_MIN@TEX,0.6553191489361702,1,2025-09-25,0.5597212063191266
2025-09-25_CWS@NYY,0.4822834645669291,1,2025-09-25,0.4857181723096179
2025-09-25_MIA@PHI,0.5369261477045908,1,2025-09-25,0.5058386075595829
2025-09-25_BOS@TOR,0.5511811023622046,0,2025-09-25,0.5236188299107079
2025-09-25_NYM@CHC,0.265993265993266,1,2025-09-25,0.4014175745674309
2025-09-25_DET@CLE,0.4253521126760563,1,2025-09-25,0.4658500435082674
2025-09-25_LAD@AZ,0.3881656804733728,0,2025-09-25,0.43841812361594257
2025-09-25_PIT@CIN,0.5511811023622046,0,2025-09-25,0.5260516444441868
2025-09-25_TB@BAL,0.6553191489361702,0,2025-09-25,0.5607421813977287
2025-09-26_CWS@WSH,0.265993265993266,1,2025-09-26,0.39708171307003615
2025-09-26_COL@SF,0.7407407407407407,1,2025-09-26,0.6290923599061318
2025-09-26_STL@CHC,0.5331491712707183,1,2025-09-26,0.4970338847357336
2025-09-26_LAD@SEA,0.7407407407407407,1,2025-09-26,0.6744021940087868
2025-09-26_HOU@LAA,0.30434782608695654,0,2025-09-26,0.4185392781238101
2025-09-26_AZ@SD,0.5369261477045908,1,2025-09-26,0.5075255913854981
2025-09-26_CIN@MIL,0.6553191489361702,0,2025-09-26,0.5592444343264154
2025-09-26_NYM@MIA,0.4253521126760563,1,2025-09-26,0.44223515610031594
2025-09-26_BAL@NYY,0.45825049701789267,1,2025-09-26,0.4700532132517624
2025-09-26_TEX@CLE,0.3881656804733728,1,2025-09-26,0.4300600972075854
2025-09-26_MIN@PHI,0.4822834645669291,1,2025-09-26,0.49294669311272954
2025-09-26_TB@TOR,0.5511811023622046,1,2025-09-26,0.5237310155934631
2025-09-26_PIT@ATL,0.5511811023622046,1,2025-09-26,0.524709603775008
2025-09-26_DET@BOS,0.4253521126760563,0,2025-09-26,0.45227680197010367
2025-09-26_KC@OAK,0.7407407407407407,0,2025-09-26,0.622755857558912
2025-09-27_HOU@LAA,0.4253521126760563,0,2025-09-27,0.4665250904737841
2025-09-27_COL@SF,0.30434782608695654,1,2025-09-27,0.41758549749179097
2025-09-27_LAD@SEA,0.6211656441717791,0,2025-09-27,0.5373759571944554
2025-09-27_AZ@SD,0.6827586206896552,1,2025-09-27,0.5765155782149325
2025-09-27_CIN@MIL,0.5511811023622046,0,2025-09-27,0.5146527692024241
2025-09-27_KC@OAK,0.6827586206896552,1,2025-09-27,0.5820470661338297
2025-09-27_PIT@ATL,0.4253521126760563,0,2025-09-27,0.4543340019907539
2025-09-27_STL@CHC,0.4253521126760563,1,2025-09-27,0.4534481159417655
2025-09-27_TEX@CLE,0.7407407407407407,1,2025-09-27,0.6305041953540216
2025-09-27_TB@TOR,0.4253521126760563,0,2025-09-27,0.4453448856287724
2025-09-27_CWS@WSH,0.45825049701789267,0,2025-09-27,0.4814268922886531
2025-09-27_NYM@MIA,0.4253521126760563,1,2025-09-27,0.44744177594864454
2025-09-27_BAL@NYY,0.45825049701789267,1,2025-09-27,0.48168400904068787
2025-09-27_MIN@PHI,0.4253521126760563,1,2025-09-27,0.4488699519780406
2025-09-27_DET@BOS,0.30434782608695654,0,2025-09-27,0.4171193573775509
2025-09-28_HOU@LAA,0.45825049701789267,1,2025-09-28,0.4818979996994235
2025-09-28_AZ@SD,0.5369261477045908,1,2025-09-28,0.503812027995928
2025-09-28_COL@SF,0.30434782608695654,1,2025-09-28,0.4180330411012356
2025-09-28_LAD@SEA,0.5369261477045908,0,2025-09-28,0.5032467117946439
2025-09-28_KC@OAK,0.5511811023622046,0,2025-09-28,0.5257328416049102
2025-09-28_BAL@NYY,0.3881656804733728,1,2025-09-28,0.4256253914467548
2025-09-28_MIN@PHI,0.3881656804733728,0,2025-09-28,0.4298823511551013
2025-09-28_CWS@WSH,0.4253521126760563,1,2025-09-28,0.4665425919544198
2025-09-28_CIN@MIL,0.4253521126760563,0,2025-09-28,0.4518306829417984
2025-09-28_TB@TOR,0.4253521126760563,1,2025-09-28,0.4682867193710021
2025-09-28_TEX@CLE,0.3881656804733728,1,2025-09-28,0.43946423534261847
2025-09-28_NYM@MIA,0.4253521126760563,0,2025-09-28,0.4507069072163099
2025-09-28_PIT@ATL,0.5511811023622046,1,2025-09-28,0.5230502037166276
2025-09-28_STL@CHC,0.4253521126760563,0,2025-09-28,0.46562200097483775
2025-09-28_DET@BOS,0.5369261477045908,1,2025-09-28,0.5043457339863919
2026-03-26_TEX@PHI,0.5369261477045908,1,2026-03-26,0.5059987975826684
2026-03-26_CLE@SEA,0.5369261477045908,1,2026-03-26,0.5058391719058147
2026-03-26_LAA@HOU,0.5369261477045908,0,2026-03-26,0.5061499830300571
2026-03-26_BOS@CIN,0.5369261477045908,0,2026-03-26,0.5053095147278559
2026-03-26_TB@STL,0.5369261477045908,0,2026-03-26,0.5035598009428863
2026-03-26_CWS@MIL,0.5369261477045908,1,2026-03-26,0.5054020985659577
2026-03-26_AZ@LAD,0.5369261477045908,0,2026-03-26,0.5052056968522038
2026-03-26_WSH@CHC,0.5369261477045908,0,2026-03-26,0.5060126074531807
2026-03-26_DET@SD,0.5369261477045908,1,2026-03-26,0.5049382252664012
2026-03-26_MIN@BAL,0.5369261477045908,0,2026-03-26,0.5052209279398723
2026-03-26_PIT@NYM,0.5369261477045908,1,2026-03-26,0.5058319488091612
2026-03-27_OAK@TOR,0.5369261477045908,0,2026-03-27,0.5051846491113805
2026-03-27_NYY@SF,0.5369261477045908,0,2026-03-27,0.505823894236973
2026-03-27_LAA@HOU,0.5369261477045908,1,2026-03-27,0.5050325086910297
2026-03-27_CLE@SEA,0.5369261477045908,1,2026-03-27,0.5056336475539631
2026-03-27_COL@MIA,0.5369261477045908,0,2026-03-27,0.5045370743954711
2026-03-27_KC@ATL,0.5369261477045908,1,2026-03-27,0.5055637479764421
2026-03-27_DET@SD,0.5369261477045908,0,2026-03-27,0.5052610448373902
2026-03-27_AZ@LAD,0.5369261477045908,0,2026-03-27,0.5057061722816418
2026-03-28_CWS@MIL,0.5369261477045908,1,2026-03-28,0.5058499322181016
2026-03-28_DET@SD,0.5369261477045908,0,2026-03-28,0.5054266085892787
2026-03-28_PIT@NYM,0.5369261477045908,0,2026-03-28,0.5053306168062071
2026-03-28_COL@MIA,0.5369261477045908,0,2026-03-28,0.5058790597128755
2026-03-28_TEX@PHI,0.5369261477045908,1,2026-03-28,0.5048167253817073
2026-03-28_AZ@LAD,0.5369261477045908,1,2026-03-28,0.5059857861548307
2026-03-28_LAA@HOU,0.5369261477045908,0,2026-03-28,0.5047595809311407
2026-03-28_CLE@SEA,0.5369261477045908,0,2026-03-28,0.5061259344243001
2026-03-28_TB@STL,0.5369261477045908,1,2026-03-28,0.5051135343106968
2026-03-28_BOS@CIN,0.5369261477045908,1,2026-03-28,0.5061774927370533
2026-03-28_WSH@CHC,0.5369261477045908,0,2026-03-28,0.5054222446065445
2026-03-28_MIN@BAL,0.5369261477045908,0,2026-03-28,0.5063694629585505
2026-03-28_OAK@TOR,0.5369261477045908,0,2026-03-28,0.5056982762981186
2026-03-28_KC@ATL,0.5369261477045908,0,2026-03-28,0.5055091446005449
2026-03-28_NYY@SF,0.5369261477045908,0,2026-03-28,0.5054845220231057
2026-03-29_TB@STL,0.5369261477045908,0,2026-03-29,0.5047346693714273
2026-03-29_OAK@TOR,0.5369261477045908,1,2026-03-29,0.504963855292231
2026-03-29_CLE@SEA,0.5369261477045908,0,2026-03-29,0.5056919478932947
2026-03-29_MIN@BAL,0.5369261477045908,0,2026-03-29,0.5060592126629442
2026-03-29_PIT@NYM,0.5369261477045908,1,2026-03-29,0.5056623726768117
2026-03-29_KC@ATL,0.5369261477045908,0,2026-03-29,0.505110447486512
2026-03-29_WSH@CHC,0.5369261477045908,1,2026-03-29,0.5051152310180851
2026-03-29_BOS@CIN,0.5369261477045908,0,2026-03-29,0.5058933030235161
2026-03-29_TEX@PHI,0.5369261477045908,0,2026-03-29,0.5054655206805223
2026-03-29_COL@MIA,0.5369261477045908,1,2026-03-29,0.5056176556600603
2026-03-29_LAA@HOU,0.5369261477045908,0,2026-03-29,0.5051068153217957
2026-03-29_CWS@MIL,0.5369261477045908,1,2026-03-29,0.5053706482087921
2026-03-30_CLE@LAD,0.5369261477045908,0,2026-03-30,0.5040281997347342
2026-03-30_MIN@KC,0.5369261477045908,0,2026-03-30,0.5049357964947803
2026-03-30_BOS@HOU,0.5369261477045908,1,2026-03-30,0.5048149969915505
2026-03-30_CWS@MIA,0.5369261477045908,0,2026-03-30,0.5044708178464212
2026-03-30_NYY@SEA,0.5369261477045908,0,2026-03-30,0.5054307522602121
2026-03-30_PIT@CIN,0.5369261477045908,0,2026-03-30,0.5067108785749255
2026-03-30_TB@MIL,0.5369261477045908,1,2026-03-30,0.50500524379825
2026-03-30_NYM@STL,0.5369261477045908,1,2026-03-30,0.506005521626304
2026-03-30_LAA@CHC,0.5369261477045908,1,2026-03-30,0.5051009087471428
2026-03-30_TEX@BAL,0.5369261477045908,1,2026-03-30,0.5058567000788584
2026-03-30_OAK@ATL,0.5369261477045908,1,2026-03-30,0.5054504767036292
2026-03-30_WSH@PHI,0.5369261477045908,1,2026-03-30,0.5047038436914058
2026-03-30_SF@SD,0.5369261477045908,0,2026-03-30,0.5048120000226941
2026-03-30_COL@TOR,0.5369261477045908,0,2026-03-30,0.5049725822162148
2026-03-30_DET@AZ,0.5369261477045908,1,2026-03-30,0.5057102148323152
2026-03-31_WSH@PHI,0.5369261477045908,0,2026-03-31,0.5042072972545808
2026-03-31_PIT@CIN,0.5369261477045908,0,2026-03-31,0.5042349130493314
2026-03-31_TEX@BAL,0.5369261477045908,0,2026-03-31,0.5052331455558057
2026-03-31_SF@SD,0.5369261477045908,1,2026-03-31,0.5054108678940055
2026-03-31_NYM@STL,0.5369261477045908,0,2026-03-31,0.5053506478150743
2026-03-31_DET@AZ,0.5369261477045908,0,2026-03-31,0.5054825595040111
2026-03-31_BOS@HOU,0.49743589743589745,1,2026-03-31,0.4959067028413491
2026-03-31_NYY@SEA,0.5331491712707183,1,2026-03-31,0.5024182385261827
2026-03-31_CLE@LAD,0.45825049701789267,0,2026-03-31,0.4749780003828098
2026-03-31_CWS@MIA,0.5369261477045908,0,2026-03-31,0.5053133582328801
2026-03-31_OAK@ATL,0.5369261477045908,1,2026-03-31,0.5048840287508223
2026-03-31_COL@TOR,0.5369261477045908,0,2026-03-31,0.5053389431926282
2026-03-31_TB@MIL,0.5369261477045908,1,2026-03-31,0.5054169767282495
2026-03-31_LAA@CHC,0.5331491712707183,0,2026-03-31,0.4992760365485799
2026-04-01_COL@TOR,0.45825049701789267,0,2026-04-01,0.47430998128593505
2026-04-01_CWS@MIA,0.5331491712707183,1,2026-04-01,0.5015920764597475
2026-04-01_WSH@PHI,0.5511811023622046,1,2026-04-01,0.5229863254562459
2026-04-01_NYM@STL,0.5331491712707183,0,2026-04-01,0.4985182957712515
2026-04-01_OAK@ATL,0.5511811023622046,0,2026-04-01,0.5220267065207775
2026-04-01_LAA@CHC,0.5331491712707183,0,2026-04-01,0.4997217892263063
2026-04-01_SF@SD,0.5511811023622046,1,2026-04-01,0.5215731421642258
2026-04-01_PIT@CIN,0.5511811023622046,1,2026-04-01,0.5103737805877844
2026-04-01_TEX@BAL,0.7407407407407407,0,2026-04-01,0.650411922164958
2026-04-01_DET@AZ,0.4822834645669291,1,2026-04-01,0.4924822636389081
2026-04-01_MIN@KC,0.5331491712707183,0,2026-04-01,0.4988306797547576
2026-04-01_CLE@LAD,0.4253521126760563,0,2026-04-01,0.4641226357430557
2026-04-01_NYY@SEA,0.45825049701789267,1,2026-04-01,0.4724730638774032
2026-04-01_TB@MIL,0.4822834645669291,0,2026-04-01,0.48697668972950525
2026-04-01_BOS@HOU,0.6211656441717791,1,2026-04-01,0.5313746226826266
2026-04-15_SEA@SD,0.45825049701789267,0,2026-04-15,0.4809110352918877
2026-04-15_TB@CWS,0.45825049701789267,0,2026-04-15,0.4709745640578338
2026-04-15_CHC@PHI,0.7407407407407407,1,2026-04-15,0.6862937993803445
2026-04-15_WSH@PIT,0.45825049701789267,1,2026-04-15,0.4748683625350223
2026-04-15_AZ@BAL,0.5331491712707183,0,2026-04-15,0.49753868063773254
2026-04-15_SF@CIN,0.4253521126760563,1,2026-04-15,0.4626718182796927
2026-04-15_LAA@NYY,0.5331491712707183,1,2026-04-15,0.4978383770104844
2026-04-15_NYM@LAD,0.5369261477045908,0,2026-04-15,0.5102778567373552
2026-04-15_KC@DET,0.45825049701789267,0,2026-04-15,0.4737740940066112
2026-04-15_MIA@ATL,0.45825049701789267,0,2026-04-15,0.4695833966084525
2026-04-15_TOR@MIL,0.6211656441717791,1,2026-04-15,0.533608425277101
2026-04-15_COL@HOU,0.5369261477045908,1,2026-04-15,0.5040296099325956
2026-04-15_TEX@OAK,0.5369261477045908,1,2026-04-15,0.5055408122488381
2026-04-15_BOS@MIN,0.5331491712707183,1,2026-04-15,0.4980328229813703
2026-04-15_CLE@STL,0.4253521126760563,1,2026-04-15,0.46083319765683284
2026-04-16_LAA@NYY,0.49743589743589745,1,2026-04-16,0.4939461111161563
2026-04-16_BAL@CLE,0.5511811023622046,1,2026-04-16,0.5159037982721205
2026-04-16_SF@CIN,0.45825049701789267,0,2026-04-16,0.47940099940464653
2026-04-16_TOR@MIL,0.4253521126760563,0,2026-04-16,0.45584184744188794
2026-04-16_SEA@SD,0.4822834645669291,0,2026-04-16,0.4925535698275968
2026-04-16_TB@CWS,0.45825049701789267,0,2026-04-16,0.47442097658266646
2026-04-16_COL@HOU,0.5369261477045908,1,2026-04-16,0.50539404379469
2026-04-16_KC@DET,0.5369261477045908,0,2026-04-16,0.5089395735569859
2026-04-16_TEX@OAK,0.34210526315789475,0,2026-04-16,0.42137544797897764
2026-04-16_WSH@PIT,0.4253521126760563,0,2026-04-16,0.4550617840394776
2026-04-17_SD@LAA,0.45825049701789267,0,2026-04-17,0.47874520223601147
2026-04-17_BAL@CLE,0.4253521126760563,0,2026-04-17,0.4567715362765187
2026-04-17_LAD@COL,0.49743589743589745,1,2026-04-17,0.4946160427962112
2026-04-17_TEX@SEA,0.5331491712707183,1,2026-04-17,0.49801083555836556
2026-04-17_CIN@MIN,0.45825049701789267,0,2026-04-17,0.47979103484757735
2026-04-17_CWS@OAK,0.4253521126760563,1,2026-04-17,0.46322250097768014
2026-04-17_STL@HOU,0.4822834645669291,1,2026-04-17,0.49233675054433923
2026-04-17_DET@BOS,0.5331491712707183,0,2026-04-17,0.49912158852185595
2026-04-17_SF@WSH,0.4822834645669291,0,2026-04-17,0.49249859791442674
2026-04-17_TB@PIT,0.4253521126760563,0,2026-04-17,0.44671936312261484
2026-04-17_KC@NYY,0.4253521126760563,0,2026-04-17,0.4521268051983943
2026-04-17_NYM@CHC,0.7407407407407407,1,2026-04-17,0.6618249814581372
2026-04-17_ATL@PHI,0.4822834645669291,1,2026-04-17,0.4884142977004532
2026-04-17_MIL@MIA,0.45825049701789267,0,2026-04-17,0.4764688667615904
2026-04-17_TOR@AZ,0.4253521126760563,0,2026-04-17,0.4686112716912789
2026-04-18_STL@HOU,0.3881656804733728,1,2026-04-18,0.43269549235669136
2026-04-18_BAL@CLE,0.45825049701789267,0,2026-04-18,0.4788211057789409
2026-04-18_CWS@OAK,0.4253521126760563,0,2026-04-18,0.4653306283599571
2026-04-18_TEX@SEA,0.6553191489361702,1,2026-04-18,0.5551084502259113
2026-04-18_TB@PIT,0.6211656441717791,1,2026-04-18,0.5487739977755233
2026-04-18_TOR@AZ,0.4253521126760563,1,2026-04-18,0.4519477258697556
2026-04-18_SD@LAA,0.45825049701789267,0,2026-04-18,0.4726094950814247
2026-04-18_ATL@PHI,0.5331491712707183,0,2026-04-18,0.5010268245762685
2026-04-18_CIN@MIN,0.6211656441717791,1,2026-04-18,0.5304911604530029
2026-04-18_SF@WSH,0.5511811023622046,1,2026-04-18,0.5173538518935218
2026-04-18_KC@NYY,0.6211656441717791,0,2026-04-18,0.5518472881045395
2026-04-18_NYM@CHC,0.45825049701789267,0,2026-04-18,0.47929298957424304
2026-04-18_MIL@MIA,0.3881656804733728,0,2026-04-18,0.4290196776878924
2026-04-18_LAD@COL,0.45825049701789267,1,2026-04-18,0.47302499895336536
2026-04-18_DET@BOS,0.45825049701789267,1,2026-04-18,0.48385266547384953
2026-04-19_LAD@COL,0.4253521126760563,0,2026-04-19,0.4563814437044672
2026-04-19_CWS@OAK,0.5511811023622046,1,2026-04-19,0.5205267377051812
2026-04-19_STL@HOU,0.45825049701789267,0,2026-04-19,0.4741586674488465
2026-04-19_MIL@MIA,0.5369261477045908,1,2026-04-19,0.5032566981551546
2026-04-19_BAL@CLE,0.5511811023622046,0,2026-04-19,0.519449731109906
2026-04-19_TOR@AZ,0.45825049701789267,1,2026-04-19,0.47517212647744156
2026-04-19_SF@WSH,0.45825049701789267,0,2026-04-19,0.4700250460551384
2026-04-19_KC@NYY,0.6211656441717791,1,2026-04-19,0.5432658591587196
2026-04-19_DET@BOS,0.4822834645669291,1,2026-04-19,0.4881124086433948
2026-04-19_NYM@CHC,0.5369261477045908,0,2026-04-19,0.5047187403036529
2026-04-19_TEX@SEA,0.4253521126760563,1,2026-04-19,0.44572589588596745
2026-04-19_TB@PIT,0.45825049701789267,1,2026-04-19,0.4695088096307153
2026-04-19_ATL@PHI,0.45825049701789267,1,2026-04-19,0.4688775066417259
2026-04-19_CIN@MIN,0.4253521126760563,1,2026-04-19,0.4642486794127496
2026-04-19_SD@LAA,0.45825049701789267,0,2026-04-19,0.4742709359902174
2026-04-20_ATL@WSH,0.3881656804733728,1,2026-04-20,0.4352315561150296
2026-04-20_DET@BOS,0.4253521126760563,0,2026-04-20,0.4557033986647916
2026-04-20_PHI@CHC,0.45825049701789267,0,2026-04-20,0.46915822839136967
2026-04-20_TOR@LAA,0.6211656441717791,1,2026-04-20,0.5446278498949818
2026-04-20_LAD@COL,0.5369261477045908,1,2026-04-20,0.5076870127998017
2026-04-20_BAL@KC,0.7407407407407407,0,2026-04-20,0.6863409252940303
2026-04-20_STL@MIA,0.49743589743589745,0,2026-04-20,0.4939009133097717
2026-04-20_HOU@CLE,0.45825049701789267,1,2026-04-20,0.4711154786502847
2026-04-20_CIN@TB,0.5511811023622046,1,2026-04-20,0.5203851859231712
2026-04-20_OAK@SEA,0.4253521126760563,1,2026-04-20,0.44284007518385393
2026-04-21_BAL@KC,0.4253521126760563,0,2026-04-21,0.4612554651378552
2026-04-21_TOR@LAA,0.3881656804733728,0,2026-04-21,0.43860874506911807
2026-04-21_MIN@NYM,0.45825049701789267,0,2026-04-21,0.4794773819783945
2026-04-21_CWS@AZ,0.3881656804733728,1,2026-04-21,0.44021264350116895
2026-04-21_PIT@TEX,0.4253521126760563,1,2026-04-21,0.4408051393144493
2026-04-21_LAD@SF,0.45825049701789267,1,2026-04-21,0.48183451612921346
2026-04-21_PHI@CHC,0.7407407407407407,0,2026-04-21,0.6500306350243394
2026-04-21_ATL@WSH,0.4253521126760563,1,2026-04-21,0.46580924242922084
2026-04-21_CIN@TB,0.5369261477045908,1,2026-04-21,0.5054963542351862
2026-04-21_HOU@CLE,0.3466666666666667,1,2026-04-21,0.42161594112935796
2026-04-21_SD@COL,0.45825049701789267,0,2026-04-21,0.4761729014072421
2026-04-21_STL@MIA,0.4253521126760563,1,2026-04-21,0.4517473278867493
2026-04-21_NYY@BOS,0.5511811023622046,0,2026-04-21,0.51090078236179
2026-04-21_MIL@DET,0.5369261477045908,0,2026-04-21,0.5042414885382245
2026-04-21_OAK@SEA,0.6211656441717791,1,2026-04-21,0.5437691065342486
2026-04-22_TOR@LAA,0.5511811023622046,0,2026-04-22,0.5251978652922702
2026-04-22_MIN@NYM,0.4253521126760563,1,2026-04-22,0.45361653040360905
2026-04-22_PHI@CHC,0.49743589743589745,1,2026-04-22,0.49603553307750925
2026-04-22_OAK@SEA,0.5511811023622046,1,2026-04-22,0.5106765567385472
2026-04-22_LAD@SF,0.5331491712707183,0,2026-04-22,0.5001836242091675
2026-04-22_CIN@TB,0.30434782608695654,0,2026-04-22,0.41758597637577444
2026-04-22_PIT@TEX,0.3881656804733728,1,2026-04-22,0.4375920775595973
2026-04-22_ATL@WSH,0.6553191489361702,1,2026-04-22,0.555941648035521
2026-04-22_CWS@AZ,0.4253521126760563,1,2026-04-22,0.45894465411126706
2026-04-22_HOU@CLE,0.45825049701789267,1,2026-04-22,0.47791881655914636
2026-04-22_STL@MIA,0.3881656804733728,0,2026-04-22,0.4251753122274544
2026-04-22_SD@COL,0.6211656441717791,1,2026-04-22,0.5361919570681786
2026-04-22_MIL@DET,0.45825049701789267,0,2026-04-22,0.48349257384943933
2026-04-22_BAL@KC,0.4253521126760563,1,2026-04-22,0.46489437751961293
2026-04-22_NYY@BOS,0.5369261477045908,1,2026-04-22,0.505426950858078
2026-04-23_ATL@WSH,0.6553191489361702,1,2026-04-23,0.5561951162650907
2026-04-23_LAD@SF,0.45825049701789267,0,2026-04-23,0.4719936513564872
2026-04-23_CWS@AZ,0.4253521126760563,1,2026-04-23,0.45193390556287416
2026-04-23_MIN@NYM,0.4253521126760563,1,2026-04-23,0.453400900395841
2026-04-23_NYY@BOS,0.45825049701789267,0,2026-04-23,0.47691335765153164
2026-04-23_PHI@CHC,0.5331491712707183,0,2026-04-23,0.5008438171219414
2026-04-23_PIT@TEX,0.3881656804733728,0,2026-04-23,0.43013221434300886
2026-04-23_MIL@DET,0.4253521126760563,1,2026-04-23,0.45743374218749966
2026-04-23_SD@COL,0.4253521126760563,1,2026-04-23,0.46762870020916025
2026-04-24_MIN@TB,0.5369261477045908,1,2026-04-24,0.5097425365119848
2026-04-24_COL@NYM,0.5511811023622046,0,2026-04-24,0.5240205218704601
2026-04-24_WSH@CWS,0.6211656441717791,0,2026-04-24,0.5339521954912663
2026-04-24_MIA@SF,0.45825049701789267,1,2026-04-24,0.46969710742499304
2026-04-24_BOS@BAL,0.5369261477045908,1,2026-04-24,0.5064544613871619
2026-04-24_PIT@MIL,0.3881656804733728,0,2026-04-24,0.4323710719165672
2026-04-24_CLE@TOR,0.6827586206896552,1,2026-04-24,0.5997413761914983
2026-04-24_DET@CIN,0.45825049701789267,0,2026-04-24,0.473655823660027
2026-04-24_OAK@TEX,0.45825049701789267,1,2026-04-24,0.48126606808350725
2026-04-24_SEA@STL,0.3881656804733728,0,2026-04-24,0.437536856376607
2026-04-24_NYY@HOU,0.45825049701789267,1,2026-04-24,0.47865043944618124
2026-04-24_PHI@ATL,0.3014393858947461,0,2026-04-24,0.4169266379021217
2026-04-24_LAA@KC,0.4822834645669291,0,2026-04-24,0.491928012096406
2026-04-24_CHC@LAD,0.30434782608695654,0,2026-04-24,0.41825330541631667
2026-04-25_CLE@TOR,0.3881656804733728,0,2026-04-25,0.4285797410917709
2026-04-25_WSH@CWS,0.5369261477045908,0,2026-04-25,0.5072112164116764
2026-04-25_PIT@MIL,0.3881656804733728,0,2026-04-25,0.4370984462565065
2026-04-25_CHC@LAD,0.4253521126760563,0,2026-04-25,0.44901672263376113
2026-04-25_NYY@HOU,0.3881656804733728,1,2026-04-25,0.43594979753392893
2026-04-25_LAA@KC,0.4253521126760563,0,2026-04-25,0.450703839462113
2026-04-25_MIN@TB,0.4822834645669291,0,2026-04-25,0.49231769454045926
2026-04-25_BOS@BAL,0.5331491712707183,0,2026-04-25,0.5019789934894425
2026-04-25_SD@AZ,0.4253521126760563,0,2026-04-25,0.4582623757399532
2026-04-25_DET@CIN,0.5331491712707183,1,2026-04-25,0.4990323496727952
2026-04-25_OAK@TEX,0.3881656804733728,0,2026-04-25,0.4340420428532913
2026-04-25_PHI@ATL,0.4822834645669291,1,2026-04-25,0.4934762213586914
2026-04-25_SEA@STL,0.45825049701789267,1,2026-04-25,0.47799329693679016
2026-04-25_MIA@SF,0.49743589743589745,0,2026-04-25,0.4955051846751515
2026-04-26_SEA@STL,0.4253521126760563,0,2026-04-26,0.46397385770243693
2026-04-26_WSH@CWS,0.6211656441717791,0,2026-04-26,0.531145939129674
2026-04-26_COL@NYM,0.45825049701789267,0,2026-04-26,0.4769290150632771
2026-04-26_SD@AZ,0.265993265993266,0,2026-04-26,0.397280967499692
2026-04-26_COL@NYM,0.45825049701789267,0,2026-04-26,0.47551840967902614
2026-04-26_NYY@HOU,0.3881656804733728,1,2026-04-26,0.426040880124266
2026-04-26_MIA@SF,0.5511811023622046,0,2026-04-26,0.520201379498111
2026-04-26_CLE@TOR,0.6211656441717791,1,2026-04-26,0.5422986268777178
2026-04-26_PIT@MIL,0.5331491712707183,0,2026-04-26,0.5016965737822916
2026-04-26_MIN@TB,0.4253521126760563,0,2026-04-26,0.4593645167838931
2026-04-26_CHC@LAD,0.6211656441717791,1,2026-04-26,0.5371802970362307
2026-04-26_PHI@ATL,0.34210526315789475,1,2026-04-26,0.42041862502629146
2026-04-26_DET@CIN,0.4253521126760563,1,2026-04-26,0.44472391660549326
2026-04-26_OAK@TEX,0.6211656441717791,1,2026-04-26,0.5330851674414883
2026-04-26_BOS@BAL,0.45825049701789267,0,2026-04-26,0.47863344939494146
2026-04-26_LAA@KC,0.3881656804733728,1,2026-04-26,0.43096810702465194
2026-04-27_CHC@SD,0.6211656441717791,1,2026-04-27,0.5323754094912405
2026-04-27_STL@PIT,0.4253521126760563,1,2026-04-27,0.4608239311454507
2026-04-27_MIA@LAD,0.49743589743589745,1,2026-04-27,0.49487510005300994
2026-04-27_TB@CLE,0.1888111888111888,0,2026-04-27,0.38617696051416406
2026-04-27_LAA@CWS,0.5511811023622046,1,2026-04-27,0.5207485831238714
2026-04-27_BOS@TOR,0.3881656804733728,0,2026-04-27,0.4356662926727215
2026-04-27_NYY@TEX,0.45825049701789267,0,2026-04-27,0.4692241959654557
2026-04-27_SEA@MIN,0.45825049701789267,0,2026-04-27,0.47460164902717017
2026-04-28_HOU@BAL,0.5369261477045908,1,2026-04-28,0.5093896242057674
2026-04-28_LAA@CWS,0.4253521126760563,0,2026-04-28,0.46739196521426407
2026-04-28_SF@PHI,0.4253521126760563,0,2026-04-28,0.4417768902362057
2026-04-28_WSH@NYM,0.4822834645669291,1,2026-04-28,0.485088306019096
2026-04-28_CHC@SD,0.265993265993266,0,2026-04-28,0.3998840501579527
2026-04-28_SEA@MIN,0.6211656441717791,0,2026-04-28,0.5401849299230543
2026-04-28_COL@CIN,0.4253521126760563,1,2026-04-28,0.4427344086404531
2026-04-28_STL@PIT,0.3881656804733728,0,2026-04-28,0.4382449099751058
2026-04-28_TB@CLE,0.4253521126760563,0,2026-04-28,0.4417468358059081
2026-04-28_NYY@TEX,0.4253521126760563,1,2026-04-28,0.44685367050352176
2026-04-28_DET@ATL,0.34210526315789475,0,2026-04-28,0.4209742415080924
2026-04-28_KC@OAK,0.5331491712707183,0,2026-04-28,0.5025488799415965
2026-04-28_MIA@LAD,0.4253521126760563,0,2026-04-28,0.44269097693101667
2026-04-28_AZ@MIL,0.3881656804733728,0,2026-04-28,0.42434250919258176
2026-04-28_BOS@TOR,0.5331491712707183,0,2026-04-28,0.49875504330880716
2026-04-29_KC@OAK,0.7407407407407407,1,2026-04-29,0.678944007271399
2026-04-29_DET@ATL,0.4822834645669291,1,2026-04-29,0.4889038517817691
2026-04-29_SEA@MIN,0.5369261477045908,0,2026-04-29,0.5073622563771005
2026-04-29_TB@CLE,0.268041237113402,0,2026-04-29,0.4129435250317016
2026-04-29_STL@PIT,0.3466666666666667,0,2026-04-29,0.42244816258884366
2026-04-29_MIA@LAD,0.29896907216494845,0,2026-04-29,0.41510729101282984
2026-04-29_AZ@MIL,0.30434782608695654,1,2026-04-29,0.41869722753287186
2026-04-29_WSH@NYM,0.6211656441717791,1,2026-04-29,0.5457599973709804
2026-04-29_COL@CIN,0.5511811023622046,1,2026-04-29,0.5263312593816655
2026-04-29_LAA@CWS,0.4253521126760563,0,2026-04-29,0.4583764929280887
2026-04-29_BOS@TOR,0.45825049701789267,1,2026-04-29,0.47551776528997836
2026-04-29_NYY@TEX,0.45825049701789267,0,2026-04-29,0.4698398717519454
2026-04-29_CHC@SD,0.268041237113402,0,2026-04-29,0.4133552297045108
2026-04-30_DET@ATL,0.7407407407407407,0,2026-04-30,0.6319189376656118
2026-04-30_KC@OAK,0.4253521126760563,1,2026-04-30,0.46148757736667834
2026-04-30_HOU@BAL,0.4253521126760563,1,2026-04-30,0.44841016451749105
2026-04-30_HOU@BAL,0.3881656804733728,0,2026-04-30,0.43235299687653184
2026-04-30_WSH@NYM,0.265993265993266,0,2026-04-30,0.40573173675967134
2026-04-30_SF@PHI,0.7407407407407407,1,2026-04-30,0.6193310689165048
2026-04-30_STL@PIT,0.5511811023622046,1,2026-04-30,0.5245476100987426
2026-04-30_TOR@MIN,0.7407407407407407,0,2026-04-30,0.6220940627311529
2026-04-30_SF@PHI,0.4253521126760563,1,2026-04-30,0.45553281229922415
2026-04-30_COL@CIN,0.5511811023622046,1,2026-04-30,0.5123128957146642
2026-04-30_AZ@MIL,0.268041237113402,1,2026-04-30,0.409098638753435
2026-05-01_NYM@LAA,0.45825049701789267,1,2026-05-01,0.4784803536795932
2026-05-01_CLE@OAK,0.45825049701789267,1,2026-05-01,0.4709240636694897
2026-05-01_BAL@NYY,0.45825049701789267,1,2026-05-01,0.4820892447174536
2026-05-01_ATL@COL,0.5511811023622046,1,2026-05-01,0.5152458842610063
2026-05-01_KC@SEA,0.7407407407407407,1,2026-05-01,0.6330121834225155
2026-05-01_HOU@BOS,0.45825049701789267,0,2026-05-01,0.4750200887470667
2026-05-01_LAD@STL,0.45825049701789267,1,2026-05-01,0.4767872342115286
2026-05-01_SF@TB,0.3881656804733728,0,2026-05-01,0.4313297701386475
2026-05-01_MIL@WSH,0.4822834645669291,1,2026-05-01,0.4924892427465335
2026-05-01_TEX@DET,0.4253521126760563,1,2026-05-01,0.46187033810575095
2026-05-01_TOR@MIN,0.4253521126760563,0,2026-05-01,0.45603955474581837
2026-05-01_CWS@SD,0.4253521126760563,0,2026-05-01,0.4625728186122007
2026-05-01_PHI@MIA,0.4253521126760563,1,2026-05-01,0.45932244104530107
2026-05-01_AZ@CHC,0.45825049701789267,1,2026-05-01,0.48166914766229885
2026-05-01_CIN@PIT,0.29896907216494845,1,2026-05-01,0.4151940183707109
2026-05-02_TEX@DET,0.4253521126760563,1,2026-05-02,0.4529299195806953
2026-05-02_CWS@SD,0.4822834645669291,0,2026-05-02,0.4924851191296671
2026-05-02_BAL@NYY,0.45825049701789267,0,2026-05-02,0.476162532804397
2026-05-02_CLE@OAK,0.45825049701789267,1,2026-05-02,0.4712298635240605
2026-05-02_LAD@STL,0.49743589743589745,0,2026-05-02,0.49438519643995926
2026-05-02_AZ@CHC,0.4822834645669291,0,2026-05-02,0.49283473305499625
2026-05-02_NYM@LAA,0.45825049701789267,1,2026-05-02,0.47332464002181884
2026-05-02_TOR@MIN,0.4822834645669291,1,2026-05-02,0.4866291883064632
2026-05-02_CIN@PIT,0.5369261477045908,1,2026-05-02,0.5064688371433248
2026-05-02_HOU@BOS,0.45825049701789267,1,2026-05-02,0.4724050011485086
2026-05-02_KC@SEA,0.6211656441717791,1,2026-05-02,0.5351144745618437
2026-05-02_MIL@WSH,0.6211656441717791,1,2026-05-02,0.5436418148066113
2026-05-02_ATL@COL,0.7407407407407407,1,2026-05-02,0.6193350540161098
2026-05-02_SF@TB,0.3881656804733728,0,2026-05-02,0.4297018016459525
2026-05-02_PHI@MIA,0.4253521126760563,0,2026-05-02,0.4568924351757476
2026-05-03_LAD@STL,0.5511811023622046,0,2026-05-03,0.5172374382085301
2026-05-03_MIL@WSH,0.4253521126760563,0,2026-05-03,0.4524708344305092
2026-05-03_ATL@COL,0.5369261477045908,1,2026-05-03,0.5071617468206566
2026-05-03_KC@SEA,0.4822834645669291,0,2026-05-03,0.48865768825247224
2026-05-03_TEX@DET,0.4253521126760563,0,2026-05-03,0.443976960795223
2026-05-03_HOU@BOS,0.6211656441717791,0,2026-05-03,0.5434151892336638
2026-05-03_CWS@SD,0.45825049701789267,0,2026-05-03,0.4771953927169593
2026-05-03_TOR@MIN,0.7407407407407407,1,2026-05-03,0.6501931813578996
2026-05-03_PHI@MIA,0.49743589743589745,1,2026-05-03,0.495686293577297
2026-05-03_AZ@CHC,0.268041237113402,0,2026-05-03,0.4105223993027727
2026-05-03_BAL@NYY,0.5331491712707183,1,2026-05-03,0.49866338082999173
2026-05-03_NYM@LAA,0.4253521126760563,1,2026-05-03,0.4669827674834237
2026-05-03_SF@TB,0.5511811023622046,1,2026-05-03,0.5119493462082689
2026-05-03_CIN@PIT,0.13043478260869565,0,2026-05-03,0.3751992091058518
2026-05-03_CLE@OAK,0.265993265993266,0,2026-05-03,0.4018435155553731
2026-05-04_LAD@HOU,0.4253521126760563,1,2026-05-04,0.4582931746455031
2026-05-04_NYM@COL,0.45825049701789267,0,2026-05-04,0.47930408613462827
2026-05-04_CWS@LAA,0.4253521126760563,1,2026-05-04,0.4510903195748669
2026-05-04_MIL@STL,0.6827586206896552,0,2026-05-04,0.5805783761813587
2026-05-04_CIN@CHC,0.4253521126760563,0,2026-05-04,0.4611984844040935
2026-05-04_BOS@DET,0.4822834645669291,0,2026-05-04,0.49177046479877173
2026-05-04_PHI@MIA,0.4253521126760563,0,2026-05-04,0.44559233017776545
2026-05-04_SD@SF,0.5511811023622046,1,2026-05-04,0.514049003582649
2026-05-04_ATL@SEA,0.45825049701789267,1,2026-05-04,0.48445122106559835
2026-05-04_TOR@TB,0.7407407407407407,1,2026-05-04,0.6166522104456555
2026-05-04_CLE@KC,0.4253521126760563,0,2026-05-04,0.44823008558200383
2026-05-04_BAL@NYY,0.265993265993266,1,2026-05-04,0.396971305552124
2026-05-05_CLE@KC,0.6211656441717791,1,2026-05-05,0.5307249803223553
2026-05-05_CIN@CHC,0.4253521126760563,1,2026-05-05,0.4661833912908625
2026-05-05_TEX@NYY,0.4822834645669291,1,2026-05-05,0.4925149034839531
2026-05-05_SD@SF,0.6553191489361702,1,2026-05-05,0.5556820367916602
2026-05-05_PIT@AZ,0.4253521126760563,1,2026-05-05,0.46337453557262953
2026-05-05_ATL@SEA,0.265993265993266,0,2026-05-05,0.40446842846263065
2026-05-05_MIN@WSH,0.4253521126760563,1,2026-05-05,0.45955895662924673
2026-05-05_BAL@MIA,0.3881656804733728,1,2026-05-05,0.4249568702234173
2026-05-05_BOS@DET,0.6211656441717791,1,2026-05-05,0.5367417996229191
2026-05-05_TOR@TB,0.6211656441717791,1,2026-05-05,0.5507966353514918
2026-05-05_CWS@LAA,0.5511811023622046,1,2026-05-05,0.5199243385384578
2026-05-05_OAK@PHI,0.45825049701789267,0,2026-05-05,0.4787759256718044
2026-05-05_LAD@HOU,0.3881656804733728,0,2026-05-05,0.43135614916410225
2026-05-06_NYM@COL,0.3881656804733728,1,2026-05-06,0.437711328900499
2026-05-06_CIN@CHC,0.7407407407407407,1,2026-05-06,0.6968167341283094
2026-05-06_BAL@MIA,0.45825049701789267,1,2026-05-06,0.4732528291389143
2026-05-06_BOS@DET,0.4253521126760563,0,2026-05-06,0.45455412254672334
2026-05-06_PIT@AZ,0.3881656804733728,1,2026-05-06,0.4283694990312059
2026-05-06_LAD@HOU,0.45825049701789267,1,2026-05-06,0.48228042335065235
2026-05-06_CLE@KC,0.45825049701789267,0,2026-05-06,0.4836809699583947
2026-05-06_MIN@WSH,0.3881656804733728,0,2026-05-06,0.43297436769212483
2026-05-06_ATL@SEA,0.265993265993266,0,2026-05-06,0.4000307185084011
2026-05-06_CWS@LAA,0.4822834645669291,0,2026-05-06,0.4918227402477944
2026-05-06_OAK@PHI,0.5511811023622046,0,2026-05-06,0.5163308827813736
2026-05-06_TEX@NYY,0.45825049701789267,1,2026-05-06,0.472530288621997
2026-05-06_TOR@TB,0.4822834645669291,0,2026-05-06,0.48739602773885005
2026-05-06_SD@SF,0.6211656441717791,0,2026-05-06,0.5535752990057385
2026-05-06_MIL@STL,0.6211656441717791,1,2026-05-06,0.5292187899339917
2026-05-07_CIN@CHC,0.4822834645669291,0,2026-05-07,0.4894455353674104
2026-05-07_PIT@AZ,0.3881656804733728,1,2026-05-07,0.4369964096440345
2026-05-07_BAL@MIA,0.6827586206896552,1,2026-05-07,0.5691157900726842
2026-05-07_NYM@COL,0.4822834645669291,0,2026-05-07,0.4875747708280722
2026-05-07_TB@BOS,0.4822834645669291,0,2026-05-07,0.48724261426194315
2026-05-07_CLE@KC,0.4253521126760563,1,2026-05-07,0.4622954214419346
2026-05-07_TEX@NYY,0.7407407407407407,1,2026-05-07,0.6512325020216125
2026-05-07_MIN@WSH,0.265993265993266,0,2026-05-07,0.4002189901864087
2026-05-07_OAK@PHI,0.5369261477045908,1,2026-05-07,0.5099715113993679
2026-05-07_STL@SD,0.6827586206896552,1,2026-05-07,0.5881010780701534
2026-05-08_OAK@BAL,0.6211656441717791,0,2026-05-08,0.5436720634822552
2026-05-08_SEA@CWS,0.4253521126760563,1,2026-05-08,0.4417662814900345
2026-05-08_NYY@MIL,0.4253521126760563,0,2026-05-08,0.4489098307273117
2026-05-08_NYM@AZ,0.268041237113402,0,2026-05-08,0.40908169938122163
2026-05-08_STL@SD,0.45825049701789267,0,2026-05-08,0.4755488895015928
2026-05-08_PIT@SF,0.4253521126760563,0,2026-05-08,0.4639732701782181
2026-05-08_MIN@CLE,0.4253521126760563,1,2026-05-08,0.4669239599298092
2026-05-08_WSH@MIA,0.6827586206896552,1,2026-05-08,0.5794082260691547
2026-05-08_TB@BOS,0.45825049701789267,0,2026-05-08,0.48112319481108
2026-05-08_COL@PHI,0.5511811023622046,1,2026-05-08,0.5139952224058884
2026-05-08_DET@KC,0.3881656804733728,0,2026-05-08,0.42332661097298563
2026-05-08_HOU@CIN,0.4253521126760563,0,2026-05-08,0.44547508564698235
2026-05-08_CHC@TEX,0.6827586206896552,1,2026-05-08,0.58020970879724
2026-05-08_LAA@TOR,0.3881656804733728,0,2026-05-08,0.43762676996935035
2026-05-08_ATL@LAD,0.34210526315789475,0,2026-05-08,0.4213849785171544
2026-05-09_SEA@CWS,0.5369261477045908,1,2026-05-09,0.5069096257182535
2026-05-09_STL@SD,0.4822834645669291,0,2026-05-09,0.4873448599407786
2026-05-09_WSH@MIA,0.45825049701789267,1,2026-05-09,0.48409360560779713
2026-05-09_NYM@AZ,0.30434782608695654,0,2026-05-09,0.41917384363712407
2026-05-09_ATL@LAD,0.5369261477045908,1,2026-05-09,0.5041506760772287
2026-05-09_NYY@MIL,0.6211656441717791,1,2026-05-09,0.5500618902069911
2026-05-09_COL@PHI,0.4253521126760563,0,2026-05-09,0.45311793847073445
2026-05-09_OAK@BAL,0.6211656441717791,1,2026-05-09,0.5346142700066789
2026-05-09_MIN@CLE,0.4253521126760563,1,2026-05-09,0.4448557638180626
2026-05-09_HOU@CIN,0.30434782608695654,0,2026-05-09,0.418331653988257
2026-05-09_LAA@TOR,0.268041237113402,0,2026-05-09,0.4101063863680917
2026-05-09_PIT@SF,0.3881656804733728,0,2026-05-09,0.4340173463679239
2026-05-09_DET@KC,0.6827586206896552,1,2026-05-09,0.5833808730244723
2026-05-09_CHC@TEX,0.7407407407407407,0,2026-05-09,0.6374940169140553
2026-05-10_MIN@CLE,0.4253521126760563,0,2026-05-10,0.4634609439434936
2026-05-10_SEA@CWS,0.4253521126760563,1,2026-05-10,0.46287529263824245
2026-05-10_LAA@TOR,0.4253521126760563,1,2026-05-10,0.4565858705874769
2026-05-10_WSH@MIA,0.1888111888111888,0,2026-05-10,0.37750476170794267
2026-05-10_DET@KC,0.5511811023622046,0,2026-05-10,0.5201908744319612
2026-05-10_TB@BOS,0.4253521126760563,1,2026-05-10,0.4441896397402393
2026-05-10_CHC@TEX,0.3881656804733728,0,2026-05-10,0.425532341716511
2026-05-10_ATL@LAD,0.4253521126760563,0,2026-05-10,0.4657788730400748
2026-05-10_COL@PHI,0.5331491712707183,1,2026-05-10,0.501054451080762
2026-05-10_PIT@SF,0.49743589743589745,1,2026-05-10,0.49392785429179165
2026-05-10_STL@SD,0.6827586206896552,0,2026-05-10,0.5910731688833909
2026-05-10_NYM@AZ,0.265993265993266,0,2026-05-10,0.3967303350867394
2026-05-10_OAK@BAL,0.5369261477045908,0,2026-05-10,0.5035560990453545
2026-05-10_NYY@MIL,0.45825049701789267,1,2026-05-10,0.4766601597815484
2026-05-10_HOU@CIN,0.5511811023622046,0,2026-05-10,0.5163194967273561
2026-05-11_SF@LAD,0.4253521126760563,0,2026-05-11,0.46064893674929175
2026-05-11_SEA@HOU,0.3881656804733728,0,2026-05-11,0.43594679249592805
2026-05-11_NYY@BAL,0.4253521126760563,0,2026-05-11,0.44245310492470213
2026-05-11_AZ@TEX,0.5511811023622046,1,2026-05-11,0.5116606893896443
2026-05-11_LAA@CLE,0.5369261477045908,0,2026-05-11,0.5102246448704457
2026-05-11_TB@TOR,0.29896907216494845,1,2026-05-11,0.4146098809280183
2026-05-12_SF@LAD,0.5369261477045908,1,2026-05-12,0.5088201791938887
2026-05-12_TB@TOR,0.4822834645669291,1,2026-05-12,0.49154091185208293
2026-05-12_SD@MIL,0.5331491712707183,0,2026-05-12,0.49853945108756037
2026-05-12_LAA@CLE,0.4822834645669291,0,2026-05-12,0.4887070820042978
2026-05-12_PHI@BOS,0.7157894736842105,1,2026-05-12,0.6075054132209905
2026-05-12_DET@NYM,0.45825049701789267,0,2026-05-12,0.47655967807204
2026-05-12_KC@CWS,0.5511811023622046,1,2026-05-12,0.5139938078951027
2026-05-12_WSH@CIN,0.4253521126760563,0,2026-05-12,0.4426966107036754
2026-05-12_COL@PIT,0.3881656804733728,1,2026-05-12,0.42747767403662607
2026-05-12_STL@OAK,0.4822834645669291,1,2026-05-12,0.4905320496354906
2026-05-12_MIA@MIN,0.6827586206896552,0,2026-05-12,0.5952264211785829
2026-05-12_AZ@TEX,0.3466666666666667,1,2026-05-12,0.42280950584770793
2026-05-12_NYY@BAL,0.45825049701789267,1,2026-05-12,0.48425956528687
2026-05-12_SEA@HOU,0.4253521126760563,0,2026-05-12,0.4432471531306795
2026-05-12_CHC@ATL,0.45825049701789267,0,2026-05-12,0.47791353270694914
2026-05-13_DET@NYM,0.4822834645669291,1,2026-05-13,0.48904918470975545
2026-05-13_LAA@CLE,0.4253521126760563,1,2026-05-13,0.44599316204696926
2026-05-13_SD@MIL,0.45825049701789267,0,2026-05-13,0.47218010711510405
2026-05-13_SEA@HOU,0.45825049701789267,1,2026-05-13,0.469476816066131
2026-05-13_NYY@BAL,0.4253521126760563,0,2026-05-13,0.44250169956653207
2026-05-13_KC@CWS,0.5511811023622046,0,2026-05-13,0.5172987364964132
2026-05-13_WSH@CIN,0.5331491712707183,1,2026-05-13,0.49680128201987006
2026-05-13_MIA@MIN,0.6211656441717791,1,2026-05-13,0.5457942351839045
2026-05-13_CHC@ATL,0.3466666666666667,0,2026-05-13,0.4219664167423959
2026-05-13_COL@PIT,0.4253521126760563,0,2026-05-13,0.4505276601942497
2026-05-13_STL@OAK,0.49743589743589745,0,2026-05-13,0.4954849352992474
2026-05-13_TB@TOR,0.4253521126760563,0,2026-05-13,0.4452310882960002
2026-05-13_SF@LAD,0.4253521126760563,0,2026-05-13,0.45891560255924824
2026-05-13_PHI@BOS,0.4253521126760563,0,2026-05-13,0.4507624533257232
2026-05-13_AZ@TEX,0.4253521126760563,0,2026-05-13,0.4439480354397104
2026-05-14_SEA@HOU,0.7407407407407407,1,2026-05-14,0.6740925617712676
2026-05-14_KC@CWS,0.6211656441717791,1,2026-05-14,0.5478192259344636
2026-05-14_CHC@ATL,0.3881656804733728,0,2026-05-14,0.4394736427676845
2026-05-14_WSH@CIN,0.3881656804733728,0,2026-05-14,0.43149859793038825
2026-05-14_DET@NYM,0.45825049701789267,1,2026-05-14,0.47390765888260955
2026-05-14_COL@PIT,0.49743589743589745,1,2026-05-14,0.49533420176025167
2026-05-14_PHI@BOS,0.29896907216494845,0,2026-05-14,0.4168966474082727
2026-05-14_SD@MIL,0.6827586206896552,1,2026-05-14,0.581019436413013
2026-05-14_SF@LAD,0.6211656441717791,1,2026-05-14,0.549421134867079
2026-05-14_STL@OAK,0.4253521126760563,1,2026-05-14,0.46526929981221044
2026-05-14_MIA@MIN,0.5369261477045908,0,2026-05-14,0.5052172112273614
2026-05-15_NYY@NYM,0.4253521126760563,0,2026-05-15,0.464899805352592
2026-05-15_SF@OAK,0.4822834645669291,0,2026-05-15,0.4891457979745849
2026-05-15_MIA@TB,0.5331491712707183,1,2026-05-15,0.4977363865476597
2026-05-15_PHI@PIT,0.4253521126760563,0,2026-05-15,0.4491817154155482
2026-05-15_CHC@CWS,0.7407407407407407,1,2026-05-15,0.6185936925260289
2026-05-15_BAL@WSH,0.3881656804733728,0,2026-05-15,0.44019910659045447
2026-05-15_BOS@ATL,0.45825049701789267,1,2026-05-15,0.46939171354719955
2026-05-15_KC@STL,0.4822834645669291,0,2026-05-15,0.485867482178415
2026-05-15_LAD@LAA,0.4822834645669291,0,2026-05-15,0.4914270622314906
2026-05-15_AZ@COL,0.4253521126760563,1,2026-05-15,0.46640102686230633
2026-05-15_TEX@HOU,0.7407407407407407,0,2026-05-15,0.6851657435359226
2026-05-15_TOR@DET,0.4822834645669291,0,2026-05-15,0.4880726685032608
2026-05-15_CIN@CLE,0.6211656441717791,0,2026-05-15,0.5532227945129475
2026-05-15_MIL@MIN,0.6211656441717791,1,2026-05-15,0.5456166408880788
2026-05-15_SD@SEA,0.4253521126760563,0,2026-05-15,0.45651637103506004
2026-05-16_CIN@CLE,0.30434782608695654,0,2026-05-16,0.4187055999372602
2026-05-16_CHC@CWS,0.3881656804733728,0,2026-05-16,0.42517606702987987
2026-05-16_KC@STL,0.6827586206896552,0,2026-05-16,0.5967237977315223
2026-05-16_SD@SEA,0.6211656441717791,0,2026-05-16,0.5344953533081024
2026-05-16_BAL@WSH,0.265993265993266,0,2026-05-16,0.39930728560171025
2026-05-16_MIL@MIN,0.4253521126760563,0,2026-05-16,0.44437728859070347
2026-05-16_AZ@COL,0.7407407407407407,0,2026-05-16,0.6199894296724124
2026-05-16_TEX@HOU,0.7157894736842105,0,2026-05-16,0.6082415435400204
2026-05-16_BOS@ATL,0.4253521126760563,0,2026-05-16,0.4559081851546668
2026-05-16_SF@OAK,0.5511811023622046,0,2026-05-16,0.5240758808600517
2026-05-16_LAD@LAA,0.5511811023622046,0,2026-05-16,0.5191663643134101
2026-05-16_PHI@PIT,0.3881656804733728,0,2026-05-16,0.440403899727393
2026-05-16_TOR@DET,0.45825049701789267,0,2026-05-16,0.47982554465014604
2026-05-16_MIA@TB,0.3881656804733728,0,2026-05-16,0.43347089294448304
2026-05-16_NYY@NYM,0.4253521126760563,0,2026-05-16,0.4619052868127673
2026-05-18_NYM@WSH,0.45825049701789267,0,2026-05-18,0.4688934534716035
2026-05-18_BAL@TB,0.4253521126760563,1,2026-05-18,0.4573144834548146
2026-05-18_MIL@CHC,0.6211656441717791,0,2026-05-18,0.5314043564899213
2026-05-18_BOS@KC,0.07692307692307693,0,2026-05-18,0.34569159406770056
2026-05-18_CWS@SEA,0.45825049701789267,1,2026-05-18,0.47109658757673356
2026-05-18_HOU@MIN,0.45825049701789267,0,2026-05-18,0.4782633678529128
2026-05-18_LAD@SD,0.3881656804733728,1,2026-05-18,0.4349599668375702
2026-05-18_TOR@NYY,0.7407407407407407,1,2026-05-18,0.6886642742525981
2026-05-18_CIN@PHI,0.6211656441717791,1,2026-05-18,0.5503777777977803
2026-05-18_OAK@LAA,0.45825049701789267,0,2026-05-18,0.4769339228031042
2026-05-18_SF@AZ,0.4253521126760563,1,2026-05-18,0.46367226589085486
2026-05-18_CLE@DET,0.45825049701789267,1,2026-05-18,0.47635105315515924
2026-05-18_ATL@MIA,0.265993265993266,0,2026-05-18,0.40619935355305037
2026-05-18_TEX@COL,0.4253521126760563,1,2026-05-18,0.4534654057280687
2026-05-19_PIT@STL,0.4253521126760563,0,2026-05-19,0.4621604532617364
2026-05-19_OAK@LAA,0.3881656804733728,0,2026-05-19,0.4336159384370877
2026-05-19_HOU@MIN,0.5331491712707183,1,2026-05-19,0.4968427880803219
2026-05-19_CWS@SEA,0.5511811023622046,1,2026-05-19,0.5250641214960896
2026-05-19_TOR@NYY,0.6827586206896552,0,2026-05-19,0.5828490881340982
2026-05-19_LAD@SD,0.4253521126760563,1,2026-05-19,0.46421099275839295
2026-05-19_NYM@WSH,0.3881656804733728,1,2026-05-19,0.43284979635968923
2026-05-19_TEX@COL,0.5331491712707183,1,2026-05-19,0.5024372470475533
2026-05-19_BAL@TB,0.6211656441717791,1,2026-05-19,0.5445592247309597
2026-05-19_BOS@KC,0.6553191489361702,1,2026-05-19,0.5591663144646999
2026-05-19_SF@AZ,0.4253521126760563,1,2026-05-19,0.44574122448910136
2026-05-19_CIN@PHI,0.5331491712707183,0,2026-05-19,0.49900081970693233
2026-05-19_MIL@CHC,0.7407407407407407,1,2026-05-19,0.6480081848258984
2026-05-19_ATL@MIA,0.4822834645669291,1,2026-05-19,0.4877377983104878
2026-05-19_CLE@DET,0.07692307692307693,0,2026-05-19,0.3614662838537247
2026-05-20_TOR@NYY,0.3881656804733728,0,2026-05-20,0.4379858778822786
2026-05-20_OAK@LAA,0.6211656441717791,1,2026-05-20,0.5288427482585277
2026-05-20_LAD@SD,0.45825049701789267,1,2026-05-20,0.47912002877536164
2026-05-20_ATL@MIA,0.5511811023622046,1,2026-05-20,0.5275967747283667
2026-05-20_TEX@COL,0.4253521126760563,1,2026-05-20,0.4631322059157613
2026-05-20_CLE@DET,0.49743589743589745,0,2026-05-20,0.49433307674771954
2026-05-20_NYM@WSH,0.4822834645669291,1,2026-05-20,0.4934046290120401
2026-05-20_HOU@MIN,0.4253521126760563,0,2026-05-20,0.46249655118255717
2026-05-20_CWS@SEA,0.268041237113402,0,2026-05-20,0.4095902760779193
2026-05-20_CIN@PHI,0.5511811023622046,1,2026-05-20,0.5264345530480748
2026-05-20_BAL@TB,0.4253521126760563,0,2026-05-20,0.46294690063452304
2026-05-20_SF@AZ,0.4253521126760563,1,2026-05-20,0.4491523259334166
2026-05-20_BOS@KC,0.49743589743589745,1,2026-05-20,0.4936433360882645
2026-05-20_MIL@CHC,0.4253521126760563,0,2026-05-20,0.4682105597241525
2026-05-20_PIT@STL,0.4253521126760563,0,2026-05-20,0.4547505241007642
2026-05-21_NYM@WSH,0.5369261477045908,0,2026-05-21,0.5033856756710796
2026-05-21_CLE@DET,0.3881656804733728,0,2026-05-21,0.43244988128840267
2026-05-21_PIT@STL,0.30434782608695654,1,2026-05-21,0.41714852709705774
2026-05-21_COL@AZ,0.4253521126760563,0,2026-05-21,0.45055719751124634
2026-05-21_OAK@LAA,0.4822834645669291,1,2026-05-21,0.4848018919615831
2026-05-21_TOR@NYY,0.6211656441717791,1,2026-05-21,0.5287318826265925
2026-05-21_ATL@MIA,0.4253521126760563,1,2026-05-21,0.4503446730125563
2026-05-22_PIT@TOR,0.4253521126760563,1,2026-05-22,0.45801843196677305
2026-05-22_NYM@MIA,0.5369261477045908,1,2026-05-22,0.5094061145548994
2026-05-22_SEA@KC,0.5511811023622046,0,2026-05-22,0.5202203336302957
2026-05-22_HOU@CHC,0.7157894736842105,0,2026-05-22,0.6105361748934347
2026-05-22_CWS@SF,0.5331491712707183,0,2026-05-22,0.4991868482366867
2026-05-22_LAD@MIL,0.4253521126760563,1,2026-05-22,0.46603714167737553
2026-05-22_MIN@BOS,0.125,1,2026-05-22,0.3659446983796779
2026-05-22_TEX@LAA,0.4822834645669291,1,2026-05-22,0.48634261853537797
2026-05-22_DET@BAL,0.6211656441717791,1,2026-05-22,0.5350970227875155
2026-05-22_OAK@SD,0.6211656441717791,1,2026-05-22,0.5377876143657665
2026-05-22_CLE@PHI,0.45825049701789267,0,2026-05-22,0.48335609416439806
2026-05-22_TB@NYY,0.4822834645669291,0,2026-05-22,0.48589144400643824
2026-05-22_COL@AZ,0.3881656804733728,0,2026-05-22,0.4280646069269929
2026-05-22_WSH@ATL,0.29896907216494845,0,2026-05-22,0.4155514860415811
2026-05-23_PIT@TOR,0.4253521126760563,1,2026-05-23,0.452192716452707
2026-05-23_SEA@KC,0.4822834645669291,1,2026-05-23,0.4918671051769685
2026-05-23_CWS@SF,0.4253521126760563,0,2026-05-23,0.4601508430539085
2026-05-23_WSH@ATL,0.29896907216494845,0,2026-05-23,0.4144439330748072
2026-05-23_NYM@MIA,0.265993265993266,0,2026-05-23,0.4049151593984682
2026-05-23_LAD@MIL,0.5511811023622046,1,2026-05-23,0.5206828993826491
2026-05-23_OAK@SD,0.6211656441717791,0,2026-05-23,0.5343871113644496
2026-05-23_CLE@PHI,0.45825049701789267,0,2026-05-23,0.4794967622028167
2026-05-23_COL@AZ,0.5511811023622046,0,2026-05-23,0.5149162950338535
2026-05-23_MIN@BOS,0.3881656804733728,1,2026-05-23,0.42669198910017225
2026-05-23_STL@CIN,0.5511811023622046,0,2026-05-23,0.5151481091295502
2026-05-23_HOU@CHC,0.3881656804733728,1,2026-05-23,0.433943017539853
2026-05-23_STL@CIN,0.6211656441717791,0,2026-05-23,0.5294193852587482
2026-05-23_TEX@LAA,0.6211656441717791,1,2026-05-23,0.5424548254046679
2026-05-24_SEA@KC,0.4253521126760563,1,2026-05-24,0.45279696570856354
2026-05-24_DET@BAL,0.5511811023622046,1,2026-05-24,0.5219425197552071
2026-05-24_HOU@CHC,0.3881656804733728,0,2026-05-24,0.42816635423837646
2026-05-24_DET@BAL,0.4253521126760563,0,2026-05-24,0.4575738019855278
2026-05-24_CWS@SF,0.45825049701789267,1,2026-05-24,0.4757239893273236
2026-05-24_TB@NYY,0.4253521126760563,0,2026-05-24,0.44326161431191524
2026-05-24_COL@AZ,0.45825049701789267,1,2026-05-24,0.47869452181791106
2026-05-24_LAD@MIL,0.4253521126760563,0,2026-05-24,0.46784844874068165
2026-05-24_PIT@TOR,0.4253521126760563,1,2026-05-24,0.444616718541501
2026-05-24_WSH@ATL,0.3881656804733728,0,2026-05-24,0.43303728641088135
2026-05-24_NYM@MIA,0.45825049701789267,0,2026-05-24,0.4741952527577885
2026-05-24_CLE@PHI,0.5331491712707183,0,2026-05-24,0.4999007811383521
2026-05-24_OAK@SD,0.4253521126760563,1,2026-05-24,0.45322230563803034
2026-05-24_MIN@BOS,0.4822834645669291,1,2026-05-24,0.4917979630174706
2026-05-24_TEX@LAA,0.4253521126760563,0,2026-05-24,0.46836747613804186
2026-05-25_PHI@SD,0.5511811023622046,1,2026-05-25,0.5146574742724188
2026-05-25_TB@BAL,0.4822834645669291,0,2026-05-25,0.48788899659605656
2026-05-25_AZ@SF,0.265993265993266,0,2026-05-25,0.3943234741241516
2026-05-25_HOU@TEX,0.45825049701789267,1,2026-05-25,0.4765565479932896
2026-05-25_CIN@NYM,0.4253521126760563,0,2026-05-25,0.4528082824706432
2026-05-25_STL@MIL,0.4822834645669291,1,2026-05-25,0.48561835242333584
2026-05-25_NYY@KC,0.4253521126760563,0,2026-05-25,0.4571562600970176
2026-05-25_WSH@CLE,0.45825049701789267,1,2026-05-25,0.47987916799834474
2026-05-25_MIN@CWS,0.45825049701789267,1,2026-05-25,0.46958802353668416
2026-05-25_MIA@TOR,0.5511811023622046,1,2026-05-25,0.5225459609318119
2026-05-25_CHC@PIT,0.3881656804733728,0,2026-05-25,0.4358324874403793
2026-05-25_COL@LAD,0.5511811023622046,0,2026-05-25,0.526967161573618
2026-05-25_SEA@OAK,0.6827586206896552,0,2026-05-25,0.5811444643121746
2026-05-26_HOU@TEX,0.4253521126760563,1,2026-05-26,0.4680437336832891
2026-05-26_TB@BAL,0.4253521126760563,1,2026-05-26,0.4571946036480793
2026-05-26_LAA@DET,0.3881656804733728,0,2026-05-26,0.4312429227537299
2026-05-26_CHC@PIT,0.4822834645669291,1,2026-05-26,0.4928778565118812
2026-05-26_COL@LAD,0.4253521126760563,1,2026-05-26,0.4570533490210664
2026-05-26_ATL@BOS,0.3881656804733728,1,2026-05-26,0.4361166970809077
2026-05-26_MIA@TOR,0.4822834645669291,0,2026-05-26,0.49038421198165194
2026-05-26_CIN@NYM,0.4253521126760563,1,2026-05-26,0.44418272272120807
2026-05-26_SEA@OAK,0.45825049701789267,0,2026-05-26,0.47640925200100026
2026-05-26_WSH@CLE,0.6211656441717791,0,2026-05-26,0.5466028668845269
2026-05-26_STL@MIL,0.6211656441717791,0,2026-05-26,0.5402019698412139
2026-05-26_MIN@CWS,0.4253521126760563,0,2026-05-26,0.46048626493015576
2026-05-26_AZ@SF,0.5511811023622046,1,2026-05-26,0.5197683658692853
2026-05-26_NYY@KC,0.4822834645669291,1,2026-05-26,0.48645645027725215
2026-05-26_PHI@SD,0.4253521126760563,1,2026-05-26,0.45860413828169766
2026-05-27_SEA@OAK,0.265993265993266,1,2026-05-27,0.39439788568471335
2026-05-27_CIN@NYM,0.7407407407407407,1,2026-05-27,0.6340250192340559
2026-05-27_HOU@TEX,0.45825049701789267,1,2026-05-27,0.47238363821097284
2026-05-27_CHC@PIT,0.45825049701789267,1,2026-05-27,0.4760218487834017
2026-05-27_LAA@DET,0.30434782608695654,1,2026-05-27,0.4178021144977284
2026-05-27_TB@BAL,0.4822834645669291,1,2026-05-27,0.48874587677241277
2026-05-27_PHI@SD,0.4253521126760563,0,2026-05-27,0.44504222130963556
2026-05-27_WSH@CLE,0.3881656804733728,0,2026-05-27,0.43541625608967915
2026-05-27_NYY@KC,0.29896907216494845,0,2026-05-27,0.4163703083026602
2026-05-27_AZ@SF,0.49743589743589745,0,2026-05-27,0.4964912070639309
2026-05-27_MIN@CWS,0.49743589743589745,1,2026-05-27,0.495902534466225
2026-05-27_ATL@BOS,0.6211656441717791,0,2026-05-27,0.5334563884134514
2026-05-27_COL@LAD,0.6827586206896552,1,2026-05-27,0.5784658705653924
2026-05-27_STL@MIL,0.3881656804733728,0,2026-05-27,0.44037282334331407
2026-05-27_MIA@TOR,0.45825049701789267,1,2026-05-27,0.47502548338518547
2026-05-28_LAA@DET,0.45825049701789267,0,2026-05-28,0.46997170082262163
2026-05-28_CHC@PIT,0.4253521126760563,0,2026-05-28,0.45247202660731745
2026-05-28_HOU@TEX,0.49743589743589745,1,2026-05-28,0.4950552991280083
2026-05-28_TOR@BAL,0.6827586206896552,0,2026-05-28,0.5860176908104804
2026-05-28_ATL@BOS,0.6827586206896552,0,2026-05-28,0.597487613633157
2026-05-28_MIN@CWS,0.5331491712707183,1,2026-05-28,0.49695923264871467
2026-05-29_SD@WSH,0.4822834645669291,1,2026-05-29,0.4882961850487282
2026-05-29_ATL@CIN,0.5511811023622046,1,2026-05-29,0.5136089302261719
2026-05-29_MIN@PIT,0.5511811023622046,1,2026-05-29,0.5229852622832363
2026-05-29_KC@TEX,0.4253521126760563,1,2026-05-29,0.4551938916356495
2026-05-29_PHI@LAD,0.45825049701789267,1,2026-05-29,0.47294622558954713
2026-05-29_CHC@STL,0.4253521126760563,1,2026-05-29,0.448666948032726
2026-05-29_DET@CWS,0.45825049701789267,0,2026-05-29,0.4744256917598527
2026-05-29_NYY@OAK,0.45825049701789267,1,2026-05-29,0.4717405308092619
2026-05-29_LAA@TB,0.265993265993266,1,2026-05-29,0.40661948138807646
2026-05-29_MIA@NYM,0.4822834645669291,1,2026-05-29,0.48822495758214846
2026-05-29_AZ@SEA,0.4253521126760563,1,2026-05-29,0.4620010556654127
2026-05-29_MIL@HOU,0.5331491712707183,0,2026-05-29,0.5018139163902113
2026-05-29_SF@COL,0.6827586206896552,0,2026-05-29,0.5884955543401885
2026-05-29_TOR@BAL,0.45825049701789267,0,2026-05-29,0.47778249514406956
2026-05-29_BOS@CLE,0.4822834645669291,1,2026-05-29,0.49125918131874835
2026-05-30_DET@CWS,0.3881656804733728,1,2026-05-30,0.43260174301707865
2026-05-30_SD@WSH,0.4253521126760563,0,2026-05-30,0.44647989453313186
2026-05-30_NYY@OAK,0.4253521126760563,1,2026-05-30,0.4509562646742845
2026-05-30_BOS@CLE,0.7407407407407407,1,2026-05-30,0.6310641915490316
2026-05-30_KC@TEX,0.6211656441717791,1,2026-05-30,0.5498036209073193
2026-05-30_ATL@CIN,0.34210526315789475,0,2026-05-30,0.4209221977082218
2026-05-30_SF@COL,0.3881656804733728,1,2026-05-30,0.4365356944045291
2026-05-30_CHC@STL,0.4253521126760563,0,2026-05-30,0.46145432625567717
2026-05-30_TOR@BAL,0.6553191489361702,0,2026-05-30,0.5658480091541058
2026-05-30_LAA@TB,0.4822834645669291,1,2026-05-30,0.49001233583196735
2026-05-30_MIA@NYM,0.30434782608695654,0,2026-05-30,0.4185748475666713
2026-05-30_PHI@LAD,0.3881656804733728,0,2026-05-30,0.4372771468555626
2026-05-30_AZ@SEA,0.268041237113402,0,2026-05-30,0.4118147574156089
2026-05-30_MIL@HOU,0.7407407407407407,1,2026-05-30,0.6425012829381609
2026-05-30_MIN@PIT,0.4253521126760563,1,2026-05-30,0.44100003175841296
2026-05-31_SD@WSH,0.3881656804733728,0,2026-05-31,0.4309197368267589
2026-05-31_MIA@NYM,0.45825049701789267,1,2026-05-31,0.4844118558706033
2026-05-31_TOR@BAL,0.5369261477045908,0,2026-05-31,0.5087806228037277
2026-05-31_DET@CWS,0.3881656804733728,1,2026-05-31,0.4347986378335956
2026-05-31_SF@COL,0.6827586206896552,1,2026-05-31,0.6005374300767787
2026-05-31_KC@TEX,0.6827586206896552,1,2026-05-31,0.5771819053241556
2026-05-31_ATL@CIN,1.0,1,2026-05-31,0.7694763842100385
2026-05-31_LAA@TB,0.4822834645669291,1,2026-05-31,0.49308214201664724
2026-05-31_NYY@OAK,0.268041237113402,1,2026-05-31,0.41220733851540503
2026-05-31_AZ@SEA,0.5511811023622046,0,2026-05-31,0.5217548705678214
2026-05-31_BOS@CLE,0.4253521126760563,1,2026-05-31,0.45224644095161315
2026-05-31_MIL@HOU,0.1888111888111888,0,2026-05-31,0.37877888598533493
2026-05-31_CHC@STL,0.4253521126760563,1,2026-05-31,0.4578030440170906
2026-05-31_PHI@LAD,0.45825049701789267,0,2026-05-31,0.4801473968431844
2026-05-31_MIN@PIT,0.4253521126760563,0,2026-05-31,0.4557322463810479
2026-06-01_SF@MIL,0.6211656441717791,0,2026-06-01,0.5439449071129374
2026-06-01_COL@LAA,0.4253521126760563,1,2026-06-01,0.4543205911025382
2026-06-01_NYM@SEA,0.45825049701789267,0,2026-06-01,0.47879617330050117
2026-06-01_KC@CIN,0.5369261477045908,1,2026-06-01,0.5045956121681008
2026-06-01_LAD@AZ,0.3881656804733728,0,2026-06-01,0.4300260154120804
2026-06-01_CWS@MIN,0.4253521126760563,1,2026-06-01,0.4623053997359514
2026-06-01_DET@TB,0.45825049701789267,1,2026-06-01,0.47561583852900813
2026-06-01_TEX@STL,0.45825049701789267,0,2026-06-01,0.47354349036577537
2026-06-01_MIA@WSH,0.3881656804733728,1,2026-06-01,0.4319002620884773
2026-06-02_CLE@NYY,0.5331491712707183,0,2026-06-02,0.49836460692408413
2026-06-02_MIA@WSH,0.4253521126760563,0,2026-06-02,0.46622630671838705
2026-06-02_COL@LAA,0.4822834645669291,0,2026-06-02,0.4903579026529129
2026-06-02_TEX@STL,0.6211656441717791,0,2026-06-02,0.5462786784140378
2026-06-02_PIT@HOU,0.5511811023622046,1,2026-06-02,0.5232847352156822
2026-06-02_DET@TB,0.3881656804733728,1,2026-06-02,0.4382025508704278
2026-06-02_SF@MIL,0.6827586206896552,1,2026-06-02,0.5936152626195941
2026-06-02_BAL@BOS,0.7407407407407407,1,2026-06-02,0.6417687071484193
2026-06-02_CWS@MIN,0.45825049701789267,0,2026-06-02,0.4770582932882216
2026-06-02_LAD@AZ,0.4253521126760563,1,2026-06-02,0.4414086022129311
2026-06-02_KC@CIN,0.3881656804733728,0,2026-06-02,0.4401394262638004
2026-06-02_OAK@CHC,0.45825049701789267,1,2026-06-02,0.4796222720068217
2026-06-02_TOR@ATL,0.3466666666666667,1,2026-06-02,0.4218362290547766
2026-06-02_NYM@SEA,0.49743589743589745,0,2026-06-02,0.49655156120621946
2026-06-02_SD@PHI,0.45825049701789267,0,2026-06-02,0.4843325715226495
2026-06-03_DET@TB,0.5331491712707183,1,2026-06-03,0.4972934820528533
2026-06-03_BAL@BOS,0.4253521126760563,1,2026-06-03,0.4617989902589652
2026-06-03_MIA@WSH,0.45825049701789267,0,2026-06-03,0.4700909134745347
2026-06-03_LAD@AZ,0.45825049701789267,0,2026-06-03,0.47420584000428134
2026-06-03_SD@PHI,0.4253521126760563,0,2026-06-03,0.4562034857124654
2026-06-03_TEX@STL,0.5369261477045908,1,2026-06-03,0.5039607662001837
2026-06-03_TOR@ATL,0.6211656441717791,1,2026-06-03,0.5345823958982798
2026-06-03_COL@LAA,0.5511811023622046,0,2026-06-03,0.5201346722275463
2026-06-03_SF@MIL,0.4253521126760563,0,2026-06-03,0.461661862070181
2026-06-03_CWS@MIN,0.5511811023622046,1,2026-06-03,0.5163618129310341
2026-06-03_KC@CIN,0.49743589743589745,1,2026-06-03,0.4957452244043976
2026-06-03_NYM@SEA,0.4253521126760563,1,2026-06-03,0.4610428264174561
2026-06-03_CLE@NYY,0.29896907216494845,0,2026-06-03,0.4163696769736499
2026-06-03_OAK@CHC,0.45825049701789267,1,2026-06-03,0.4689375953753089
2026-06-03_PIT@HOU,0.4253521126760563,0,2026-06-03,0.4448800700497172
2026-06-04_TOR@ATL,0.45825049701789267,0,2026-06-04,0.47993566433610924
2026-06-04_BAL@BOS,0.4253521126760563,1,2026-06-04,0.4455236556039093
2026-06-04_CLE@NYY,0.4253521126760563,0,2026-06-04,0.44714557234409213
2026-06-04_OAK@CHC,0.29896907216494845,0,2026-06-04,0.4168449497566594
2026-06-04_LAD@AZ,0.3881656804733728,0,2026-06-04,0.4390980018242191
2026-06-04_SD@PHI,0.3881656804733728,0,2026-06-04,0.43618548938442603
2026-06-04_KC@MIN,0.6827586206896552,1,2026-06-04,0.5874687661241654
2026-06-04_PIT@HOU,0.3881656804733728,1,2026-06-04,0.43698612461864883
2026-06-04_SF@MIL,0.4822834645669291,1,2026-06-04,0.4925360157940184
2026-06-05_SF@CHC,0.6827586206896552,1,2026-06-05,0.5713019845158757
2026-06-05_SEA@DET,0.4822834645669291,1,2026-06-05,0.4930090221888963
2026-06-05_CIN@STL,0.49743589743589745,1,2026-06-05,0.4946351560299681
2026-06-05_KC@MIN,0.4253521126760563,1,2026-06-05,0.4527700333491793
2026-06-05_BOS@NYY,0.4253521126760563,1,2026-06-05,0.4598699742575786
2026-06-05_WSH@AZ,0.4253521126760563,1,2026-06-05,0.4521711771365958
2026-06-05_TB@MIA,0.4822834645669291,1,2026-06-05,0.489476936870642
2026-06-05_CLE@TEX,0.1888111888111888,1,2026-06-05,0.3889564407806533
2026-06-05_MIL@COL,0.45825049701789267,1,2026-06-05,0.4736982496951285
2026-06-05_OAK@HOU,0.5511811023622046,1,2026-06-05,0.5132094392775772
2026-06-05_CWS@PHI,0.7407407407407407,0,2026-06-05,0.6396842857253446
2026-06-05_BAL@TOR,0.5369261477045908,1,2026-06-05,0.5038554303101341
2026-06-05_LAA@LAD,0.5331491712707183,0,2026-06-05,0.4993054248909681
2026-06-05_PIT@ATL,0.4253521126760563,0,2026-06-05,0.44641013418845255
2026-06-05_NYM@SD,0.265993265993266,0,2026-06-05,0.40295556092475593
2026-06-06_KC@MIN,0.5331491712707183,1,2026-06-06,0.49814624406686103
2026-06-06_TB@MIA,0.4253521126760563,0,2026-06-06,0.45499498291741247
2026-06-06_PIT@ATL,0.5511811023622046,1,2026-06-06,0.5170056122912002
2026-06-06_SF@CHC,0.5511811023622046,0,2026-06-06,0.5165945912468757
2026-06-06_LAA@LAD,0.7407407407407407,1,2026-06-06,0.6310161389445457
2026-06-06_BAL@TOR,0.3881656804733728,0,2026-06-06,0.43506743511084445
2026-06-06_NYM@SD,0.265993265993266,0,2026-06-06,0.40332943096586116
2026-06-06_CIN@STL,0.45825049701789267,0,2026-06-06,0.4826584384403164
2026-06-06_OAK@HOU,0.5511811023622046,1,2026-06-06,0.5184860809148757
2026-06-06_CWS@PHI,0.4253521126760563,1,2026-06-06,0.4627686202984943
2026-06-06_WSH@AZ,0.6553191489361702,1,2026-06-06,0.5649883698659133
2026-06-06_CLE@TEX,0.4253521126760563,0,2026-06-06,0.4613659909800092
2026-06-06_SEA@DET,0.5331491712707183,0,2026-06-06,0.4993369886389416
2026-06-06_MIL@COL,0.4253521126760563,1,2026-06-06,0.46070259121446966
2026-06-07_CLE@TEX,0.45825049701789267,1,2026-06-07,0.4702323339636698
2026-06-07_SEA@DET,0.4253521126760563,0,2026-06-07,0.44252012813639274
2026-06-07_NYM@SD,0.5369261477045908,1,2026-06-07,0.505725027754423
2026-06-07_KC@MIN,0.5369261477045908,0,2026-06-07,0.5091774922732282
2026-06-07_BAL@TOR,0.5369261477045908,0,2026-06-07,0.5048916503039726
2026-06-07_SF@CHC,0.13043478260869565,1,2026-06-07,0.3722797144049145
2026-06-07_CWS@PHI,0.5511811023622046,1,2026-06-07,0.5151571760976703
2026-06-07_CIN@STL,0.4253521126760563,0,2026-06-07,0.459046709023326
2026-06-07_PIT@ATL,0.268041237113402,1,2026-06-07,0.4125890396229013
2026-06-07_WSH@AZ,0.5511811023622046,1,2026-06-07,0.5144733486803554
2026-06-07_MIL@COL,0.4253521126760563,1,2026-06-07,0.44591926211895616
2026-06-07_TB@MIA,0.3881656804733728,0,2026-06-07,0.43665366232227254
2026-06-07_BOS@NYY,0.5369261477045908,0,2026-06-07,0.5068521499055434
2026-06-07_OAK@HOU,0.4253521126760563,0,2026-06-07,0.4615002188839743
2026-06-07_LAA@LAD,0.4253521126760563,0,2026-06-07,0.45755672016270177
2026-06-08_BOS@TB,0.6553191489361702,1,2026-06-08,0.5579848780139325
2026-06-08_MIL@OAK,0.5511811023622046,1,2026-06-08,0.5113189736077624
2026-06-08_SEA@BAL,0.5511811023622046,0,2026-06-08,0.5257599541561577
2026-06-08_NYY@CLE,0.2669541701954001,1,2026-06-08,0.40707887349535365
2026-06-08_CIN@SD,0.6827586206896552,0,2026-06-08,0.5997160999376796
2026-06-08_PHI@TOR,0.268041237113402,0,2026-06-08,0.4084486538982883
2026-06-08_WSH@SF,0.30434782608695654,0,2026-06-08,0.4196302994906086
2026-06-08_HOU@LAA,0.1888111888111888,0,2026-06-08,0.38350701336322335
2026-06-09_AZ@MIA,0.5511811023622046,1,2026-06-09,0.5134609992093011
2026-06-09_CHC@COL,0.4253521126760563,1,2026-06-09,0.44496652277689464
2026-06-09_ATL@CWS,0.7407407407407407,1,2026-06-09,0.6604511095891478
2026-06-09_BOS@TB,0.45825049701789267,0,2026-06-09,0.47642624196059946
2026-06-09_LAD@PIT,0.7407407407407407,1,2026-06-09,0.6461998715856612
2026-06-09_WSH@SF,0.4253521126760563,1,2026-06-09,0.4426144486008474
2026-06-09_SEA@BAL,0.5369261477045908,1,2026-06-09,0.5086391919390355
2026-06-09_PHI@TOR,0.6211656441717791,1,2026-06-09,0.5510008092371168
2026-06-09_MIN@DET,0.6827586206896552,1,2026-06-09,0.5901176251423594
2026-06-09_MIL@OAK,0.6827586206896552,1,2026-06-09,0.5934135929738187
2026-06-09_TEX@KC,0.3881656804733728,0,2026-06-09,0.42538304682308614
2026-06-09_STL@NYM,0.4253521126760563,0,2026-06-09,0.4634863751925741
2026-06-09_HOU@LAA,0.45825049701789267,1,2026-06-09,0.4796311770997812
2026-06-09_NYY@CLE,0.4253521126760563,0,2026-06-09,0.4436908709156554
2026-06-09_CIN@SD,0.3881656804733728,0,2026-06-09,0.42587956394595716
2026-06-10_AZ@MIA,0.4253521126760563,0,2026-06-10,0.46539497943986297
2026-06-10_MIN@DET,0.4822834645669291,0,2026-06-10,0.48776655532284274
2026-06-10_PHI@TOR,0.5331491712707183,1,2026-06-10,0.5020318099366783
2026-06-10_CIN@SD,0.45825049701789267,1,2026-06-10,0.4837537283181892
2026-06-10_HOU@LAA,0.265993265993266,1,2026-06-10,0.3968012438286851
2026-06-10_WSH@SF,0.5331491712707183,0,2026-06-10,0.49891978620054
2026-06-10_MIL@OAK,0.45825049701789267,1,2026-06-10,0.4809499088223428
2026-06-10_NYY@CLE,0.6827586206896552,1,2026-06-10,0.577757617871341
2026-06-10_BOS@TB,0.45825049701789267,0,2026-06-10,0.47286991324925176
2026-06-10_STL@NYM,0.4253521126760563,1,2026-06-10,0.441152555620816
2026-06-10_SEA@BAL,0.4822834645669291,0,2026-06-10,0.4854618371645525
2026-06-10_LAD@PIT,0.3881656804733728,0,2026-06-10,0.4314484245981657
2026-06-10_ATL@CWS,0.30434782608695654,0,2026-06-10,0.41710222103166206
2026-06-10_TEX@KC,0.5369261477045908,0,2026-06-10,0.5048823907310085
2026-06-10_CHC@COL,0.4253521126760563,0,2026-06-10,0.4639963403369709
2026-06-11_LAD@PIT,0.4253521126760563,0,2026-06-11,0.46442713948041314
2026-06-11_STL@NYM,0.49743589743589745,1,2026-06-11,0.4945134946161641
2026-06-11_MIN@DET,0.5511811023622046,1,2026-06-11,0.5117366739974494
2026-06-11_CHC@COL,0.3881656804733728,0,2026-06-11,0.42461911161758936
2026-06-11_TEX@KC,0.7407407407407407,1,2026-06-11,0.6218573965322534
2026-06-11_AZ@MIA,0.45825049701789267,1,2026-06-11,0.47003052794042266
2026-06-11_SEA@BAL,0.5511811023622046,1,2026-06-11,0.5133039547423992
2026-06-12_MIA@PIT,0.265993265993266,0,2026-06-12,0.3923188344188042
2026-06-12_NYY@TOR,0.4253521126760563,1,2026-06-12,0.46498998288210347
2026-06-12_TEX@BOS,0.6211656441717791,1,2026-06-12,0.5380004492259127
2026-06-12_SD@BAL,0.5511811023622046,1,2026-06-12,0.5265999071633046
2026-06-12_STL@MIN,0.6211656441717791,1,2026-06-12,0.5382060325051246
2026-06-12_HOU@KC,0.5511811023622046,1,2026-06-12,0.5213654977862152
2026-06-12_COL@OAK,0.49743589743589745,0,2026-06-12,0.4954210971743509
2026-06-12_DET@CLE,0.45825049701789267,0,2026-06-12,0.47199213838364873
2026-06-12_PHI@MIL,0.45825049701789267,1,2026-06-12,0.47069070205972485
2026-06-12_TB@LAA,0.45825049701789267,1,2026-06-12,0.48187164131321814
2026-06-12_SEA@WSH,0.49743589743589745,0,2026-06-12,0.49478974047768465
2026-06-12_AZ@CIN,0.4822834645669291,0,2026-06-12,0.4874714161090856
2026-06-12_ATL@NYM,0.4253521126760563,1,2026-06-12,0.4676146384519081
2026-06-12_CHC@SF,0.3881656804733728,0,2026-06-12,0.43661104363210357
2026-06-12_LAD@CWS,0.3881656804733728,1,2026-06-12,0.4342965844751504
2026-06-13_PHI@MIL,0.45825049701789267,0,2026-06-13,0.4822273978685293
2026-06-13_TEX@BOS,0.45825049701789267,0,2026-06-13,0.48322988301088166
2026-06-13_AZ@CIN,0.5369261477045908,1,2026-06-13,0.5042738428726714
2026-06-13_TB@LAA,0.4253521126760563,0,2026-06-13,0.4584392110087837
2026-06-13_MIA@PIT,0.5511811023622046,1,2026-06-13,0.5188646569722775
2026-06-13_NYY@TOR,0.4253521126760563,0,2026-06-13,0.45036235006692105
2026-06-13_DET@CLE,0.3881656804733728,1,2026-06-13,0.43166422606454247
2026-06-13_HOU@KC,0.4253521126760563,0,2026-06-13,0.45024804702290966
2026-06-13_COL@OAK,0.45825049701789267,1,2026-06-13,0.47036215471183795
2026-06-13_CHC@SF,0.4253521126760563,1,2026-06-13,0.4508385855551722
2026-06-13_SEA@WSH,0.3881656804733728,1,2026-06-13,0.42874855206513773
2026-06-13_ATL@NYM,0.4822834645669291,0,2026-06-13,0.4918236069035098
2026-06-13_STL@MIN,0.45825049701789267,1,2026-06-13,0.48332193512738797
2026-06-13_LAD@CWS,0.3881656804733728,1,2026-06-13,0.4390948587867961
2026-06-13_SD@BAL,0.6211656441717791,1,2026-06-13,0.5289273034655394
2026-06-14_TEX@BOS,0.5511811023622046,1,2026-06-14,0.5194219033224897
2026-06-14_COL@OAK,0.3881656804733728,1,2026-06-14,0.4340336758917416
2026-06-14_SEA@WSH,0.4253521126760563,1,2026-06-14,0.4423529146814549
2026-06-14_STL@MIN,0.4822834645669291,0,2026-06-14,0.49118683726480517
2026-06-14_NYY@TOR,0.7407407407407407,0,2026-06-14,0.6646857514553155
2026-06-14_ATL@NYM,0.3881656804733728,1,2026-06-14,0.43800556271604796
2026-06-14_SD@BAL,0.6827586206896552,0,2026-06-14,0.5740180478451362
2026-06-14_MIA@PIT,0.5511811023622046,0,2026-06-14,0.511839946230372
2026-06-14_TB@LAA,0.6211656441717791,0,2026-06-14,0.5427950646646454
2026-06-14_AZ@CIN,0.6827586206896552,1,2026-06-14,0.5880912516038799
2026-06-14_LAD@CWS,0.5511811023622046,1,2026-06-14,0.5193622112018257
2026-06-14_CHC@SF,0.4253521126760563,0,2026-06-14,0.46419871928199896
2026-06-14_PHI@MIL,0.45825049701789267,1,2026-06-14,0.4791918603344374
2026-06-14_HOU@KC,0.4253521126760563,1,2026-06-14,0.4555025930269264
2026-06-15_MIA@PHI,0.5369261477045908,0,2026-06-15,0.5034279384764453
2026-06-15_MIN@TEX,0.4253521126760563,1,2026-06-15,0.45903228049764955
2026-06-15_NYM@CIN,0.6827586206896552,1,2026-06-15,0.5755947204540297
2026-06-15_DET@HOU,0.5511811023622046,1,2026-06-15,0.516565278323661
2026-06-15_COL@CHC,0.4822834645669291,1,2026-06-15,0.48834425484094013
2026-06-15_LAA@AZ,0.5369261477045908,1,2026-06-15,0.5066372799986867
2026-06-15_PIT@OAK,0.4253521126760563,0,2026-06-15,0.4565974356190571
2026-06-15_TB@LAD,0.5511811023622046,1,2026-06-15,0.5170573677829684
2026-06-15_KC@WSH,0.45825049701789267,0,2026-06-15,0.47124610604518713
2026-06-15_SD@STL,0.4253521126760563,0,2026-06-15,0.44853001482839894
2026-06-16_COL@CHC,0.49743589743589745,1,2026-06-16,0.49402185660602704
2026-06-16_BAL@SEA,0.3881656804733728,1,2026-06-16,0.43801530209856165
2026-06-16_TB@LAD,0.5331491712707183,0,2026-06-16,0.49761382025994394
2026-06-16_PIT@OAK,0.4253521126760563,1,2026-06-16,0.44330936109377095
2026-06-16_NYM@CIN,0.4253521126760563,1,2026-06-16,0.4542919134993302
2026-06-16_DET@HOU,0.30434782608695654,0,2026-06-16,0.41823989911291726
2026-06-16_CLE@MIL,0.5369261477045908,0,2026-06-16,0.5076931740417829
2026-06-16_TOR@BOS,0.5331491712707183,0,2026-06-16,0.4977322725547355
2026-06-16_MIA@PHI,0.4253521126760563,1,2026-06-16,0.44416502788252843
2026-06-16_MIN@TEX,0.4253521126760563,1,2026-06-16,0.46384394287354525
2026-06-16_KC@WSH,0.5369261477045908,0,2026-06-16,0.5048835832746141
2026-06-16_SD@STL,0.45825049701789267,0,2026-06-16,0.46964255989242587
2026-06-16_LAA@AZ,0.30434782608695654,0,2026-06-16,0.4195864174177878
2026-06-16_CWS@NYY,0.45825049701789267,1,2026-06-16,0.48173007842180415
2026-06-17_BAL@SEA,0.4253521126760563,0,2026-06-17,0.46170714599897655
2026-06-17_SF@ATL,0.4253521126760563,1,2026-06-17,0.44728070253545216
2026-06-17_TB@LAD,0.4253521126760563,0,2026-06-17,0.4664730917910963
2026-06-17_KC@WSH,0.4253521126760563,1,2026-06-17,0.4534343922806271
2026-06-17_NYM@CIN,0.4253521126760563,0,2026-06-17,0.4543051326272628
2026-06-17_CLE@MIL,0.265993265993266,1,2026-06-17,0.40474208952926893
2026-06-17_LAA@AZ,0.45825049701789267,1,2026-06-17,0.47211901336078277
2026-06-17_SD@STL,0.7157894736842105,1,2026-06-17,0.6125850655671761
2026-06-17_PIT@OAK,0.30434782608695654,1,2026-06-17,0.41782595659425736
2026-06-17_TOR@BOS,0.45825049701789267,0,2026-06-17,0.4749720377706347
2026-06-17_COL@CHC,0.45825049701789267,0,2026-06-17,0.47678640317100274
2026-06-17_DET@HOU,0.4253521126760563,0,2026-06-17,0.44275136171112794
2026-06-17_CWS@NYY,0.7407407407407407,1,2026-06-17,0.634677930468816
2026-06-17_MIA@PHI,0.4253521126760563,1,2026-06-17,0.46473658047203703
2026-06-18_NYM@PHI,0.4253521126760563,1,2026-06-18,0.4601937980828713
2026-06-18_LAA@OAK,0.45825049701789267,1,2026-06-18,0.48416189252003206
2026-06-18_MIN@TEX,0.4253521126760563,1,2026-06-18,0.4626980128802417
2026-06-18_STL@KC,0.3881656804733728,1,2026-06-18,0.4320340588327457
2026-06-18_CWS@NYY,0.4253521126760563,0,2026-06-18,0.46713530998768094
2026-06-18_BAL@SEA,0.265993265993266,1,2026-06-18,0.3954964131769273
2026-06-18_CLE@MIL,0.4253521126760563,0,2026-06-18,0.4635427394946019
2026-06-18_TOR@BOS,0.6211656441717791,1,2026-06-18,0.5512030900177947
2026-06-19_CIN@NYY,0.45825049701789267,0,2026-06-19,0.47231011243608423
2026-06-19_MIL@ATL,0.3881656804733728,0,2026-06-19,0.42843356453856485
2026-06-19_CLE@HOU,0.4253521126760563,1,2026-06-19,0.4562715825329099
2026-06-19_STL@KC,0.6827586206896552,1,2026-06-19,0.5674078977018882
2026-06-19_LAA@OAK,0.5511811023622046,0,2026-06-19,0.524180057360224
2026-06-19_PIT@COL,0.4253521126760563,0,2026-06-19,0.4598047257293676
2026-06-19_MIN@AZ,0.5331491712707183,0,2026-06-19,0.5024108255127244
2026-06-19_BOS@SEA,0.4253521126760563,0,2026-06-19,0.45495743312472836
2026-06-19_BAL@LAD,0.4822834645669291,1,2026-06-19,0.4882457096358984
2026-06-19_CWS@DET,0.7407407407407407,1,2026-06-19,0.6467123649115045
2026-06-19_TOR@CHC,0.7407407407407407,1,2026-06-19,0.6526841716915821
2026-06-19_WSH@TB,0.13043478260869565,0,2026-06-19,0.3733286836610885
2026-06-19_SD@TEX,0.6211656441717791,1,2026-06-19,0.5379752767108306
2026-06-19_SF@MIA,0.3881656804733728,1,2026-06-19,0.43979824420365077
2026-06-20_BAL@LAD,0.5331491712707183,0,2026-06-20,0.49909406915997634
2026-06-20_CLE@HOU,0.3881656804733728,1,2026-06-20,0.4253843214756088
2026-06-20_CIN@NYY,0.6211656441717791,1,2026-06-20,0.5351735165909839
2026-06-20_BOS@SEA,0.7407407407407407,1,2026-06-20,0.6638379404717524
2026-06-20_SD@TEX,0.5331491712707183,0,2026-06-20,0.49712884860870554
2026-06-20_MIN@AZ,0.4253521126760563,1,2026-06-20,0.45862411829309147
2026-06-20_SF@MIA,0.5369261477045908,1,2026-06-20,0.5095238185322779
2026-06-20_CWS@DET,0.4822834645669291,1,2026-06-20,0.4933057982302518
2026-06-20_LAA@OAK,0.45825049701789267,0,2026-06-20,0.4721979309511327
2026-06-20_PIT@COL,0.3881656804733728,1,2026-06-20,0.431307871875767
2026-06-20_NYM@PHI,0.4253521126760563,1,2026-06-20,0.4477572340537672
2026-06-20_WSH@TB,0.4822834645669291,1,2026-06-20,0.4880607464307606
2026-06-20_TOR@CHC,0.6827586206896552,0,2026-06-20,0.5843134829409934
2026-06-20_MIL@ATL,0.30434782608695654,0,2026-06-20,0.41993235169119536
2026-06-21_STL@KC,0.6553191489361702,1,2026-06-21,0.5632372382092743
2026-06-21_LAA@OAK,0.4253521126760563,1,2026-06-21,0.4612975398275112
2026-06-21_CLE@HOU,0.4253521126760563,1,2026-06-21,0.44061541002925564
2026-06-21_SD@TEX,0.5511811023622046,0,2026-06-21,0.5271840645257141
2026-06-21_CIN@NYY,0.6211656441717791,0,2026-06-21,0.5485472400648659
2026-06-21_CWS@DET,0.3881656804733728,0,2026-06-21,0.42813110799602616
2026-06-21_WSH@TB,0.268041237113402,0,2026-06-21,0.41131594225620527
2026-06-21_BAL@LAD,0.45825049701789267,1,2026-06-21,0.47330215242735196
2026-06-21_MIN@AZ,0.4253521126760563,0,2026-06-21,0.4498882110787631
2026-06-21_SF@MIA,0.30434782608695654,0,2026-06-21,0.41780766958388715
2026-06-21_NYM@PHI,0.6211656441717791,1,2026-06-21,0.5453968654903986
2026-06-21_BOS@SEA,0.5331491712707183,0,2026-06-21,0.502518121495112
2026-06-21_PIT@COL,0.13043478260869565,0,2026-06-21,0.37178471432310645
2026-06-21_MIL@ATL,0.3881656804733728,1,2026-06-21,0.43234315627383213
2026-06-22_TEX@MIA,0.268041237113402,0,2026-06-22,0.40925145195149115
2026-06-22_BOS@COL,0.6553191489361702,0,2026-06-22,0.5544810778994731
2026-06-22_KC@TB,0.6211656441717791,0,2026-06-22,0.5320839062034257
2026-06-22_ATL@SD,0.5511811023622046,0,2026-06-22,0.5276094048248139
2026-06-22_PHI@WSH,0.5511811023622046,1,2026-06-22,0.5219328838262958
2026-06-22_BAL@LAA,0.7157894736842105,1,2026-06-22,0.6134233924998244
2026-06-22_HOU@TOR,0.7407407407407407,1,2026-06-22,0.6747809985218791
2026-06-22_NYY@DET,0.5511811023622046,0,2026-06-22,0.5152601143545663
2026-06-22_CLE@CWS,0.4253521126760563,0,2026-06-22,0.46629091970600045
2026-06-22_AZ@STL,0.4822834645669291,0,2026-06-22,0.49016548540026283
2026-06-22_LAD@MIN,0.6211656441717791,1,2026-06-22,0.5308188057620321
2026-06-22_MIL@CIN,0.30434782608695654,0,2026-06-22,0.41824298868510745
2026-06-23_ATL@SD,0.45825049701789267,0,2026-06-23,0.4779526645639536
2026-06-23_TEX@MIA,0.7157894736842105,0,2026-06-23,0.6134433123709448
2026-06-23_HOU@TOR,0.5511811023622046,1,2026-06-23,0.5211839017238
2026-06-23_NYY@DET,0.3881656804733728,0,2026-06-23,0.4382472741940878
2026-06-23_KC@TB,0.49743589743589745,1,2026-06-23,0.4962582122062824
2026-06-23_CHC@NYM,0.5331491712707183,0,2026-06-23,0.49959084341764814
2026-06-23_PHI@WSH,0.4253521126760563,0,2026-06-23,0.4438558511312466
2026-06-23_AZ@STL,0.3881656804733728,0,2026-06-23,0.4332885180750796
2026-06-23_BAL@LAA,0.5331491712707183,1,2026-06-23,0.5007357531300132
2026-06-23_SEA@PIT,0.3881656804733728,0,2026-06-23,0.43913382098985154
2026-06-23_MIL@CIN,0.3466666666666667,0,2026-06-23,0.42284862975424675
2026-06-23_BOS@COL,0.6553191489361702,1,2026-06-23,0.5646006070786815
2026-06-23_LAD@MIN,0.5511811023622046,1,2026-06-23,0.5134880450092927
2026-06-23_OAK@SF,0.4822834645669291,0,2026-06-23,0.48866708415557314
2026-06-23_CLE@CWS,0.13043478260869565,0,2026-06-23,0.3756161435331862
2026-06-24_BOS@COL,0.6211656441717791,1,2026-06-24,0.5476221382001467
2026-06-24_SEA@PIT,0.3881656804733728,1,2026-06-24,0.43991690230242453
2026-06-24_NYY@DET,0.5511811023622046,1,2026-06-24,0.5211166347249112
2026-06-24_TEX@MIA,0.5511811023622046,0,2026-06-24,0.5124481658106945
2026-06-24_LAD@MIN,0.3466666666666667,0,2026-06-24,0.42186174663229214
2026-06-24_KC@TB,0.5511811023622046,0,2026-06-24,0.512391729464683
2026-06-24_CHC@NYM,0.3881656804733728,0,2026-06-24,0.4339099381882475
2026-06-24_HOU@TOR,0.5511811023622046,1,2026-06-24,0.5275256954475898
2026-06-24_CHC@NYM,0.5369261477045908,0,2026-06-24,0.5086727426157732
2026-06-24_MIL@CIN,0.4253521126760563,0,2026-06-24,0.46715596339587784
2026-06-24_ATL@SD,0.4253521126760563,0,2026-06-24,0.456950248901267
2026-06-24_BAL@LAA,0.4822834645669291,1,2026-06-24,0.49336433058176377
2026-06-24_OAK@SF,0.3881656804733728,0,2026-06-24,0.427641822394212
2026-06-24_AZ@STL,0.45825049701789267,0,2026-06-24,0.48228320128316804
2026-06-24_CLE@CWS,0.4822834645669291,0,2026-06-24,0.4925077271933819
2026-06-24_PHI@WSH,0.3881656804733728,1,2026-06-24,0.4253452775011968
2026-06-25_HOU@DET,0.1888111888111888,0,2026-06-25,0.38612747345171117
2026-06-25_SEA@PIT,0.4253521126760563,1,2026-06-25,0.44493682270298285
2026-06-25_CHC@NYM,0.4253521126760563,0,2026-06-25,0.45725177774281955
2026-06-25_NYY@BOS,0.4253521126760563,1,2026-06-25,0.45380627091603554
2026-06-25_PHI@WSH,0.45825049701789267,1,2026-06-25,0.4745788479662595
2026-06-25_OAK@SF,0.6211656441717791,0,2026-06-25,0.5371938069368003
2026-06-25_TEX@TOR,0.4822834645669291,1,2026-06-25,0.4910112134370326
2026-06-25_KC@TB,0.5511811023622046,1,2026-06-25,0.5201547715484172
2026-06-26_TEX@TOR,0.45825049701789267,1,2026-06-26,0.47257524610325596
2026-06-26_CHC@MIL,0.6211656441717791,0,2026-06-26,0.5298829772069544
2026-06-26_LAD@SD,0.265993265993266,0,2026-06-26,0.4050285659613835
2026-06-26_WSH@BAL,0.268041237113402,0,2026-06-26,0.4129511892880867
2026-06-26_COL@MIN,0.5511811023622046,1,2026-06-26,0.523297925822674
2026-06-26_KC@CWS,0.6827586206896552,0,2026-06-26,0.5853001057670878
2026-06-26_CIN@PIT,0.7407407407407407,1,2026-06-26,0.6992830721733146
2026-06-26_HOU@DET,0.4253521126760563,0,2026-06-26,0.454712210136887
2026-06-26_NYY@BOS,0.4822834645669291,1,2026-06-26,0.4935317283762569
2026-06-26_AZ@TB,0.5511811023622046,1,2026-06-26,0.5107447918945158
2026-06-26_SEA@CLE,0.1888111888111888,1,2026-06-26,0.38002408285242395
2026-06-26_ATL@SF,0.268041237113402,1,2026-06-26,0.4083139784712714
2026-06-26_OAK@LAA,0.3881656804733728,0,2026-06-26,0.438277556260234
2026-06-26_MIA@STL,0.4253521126760563,0,2026-06-26,0.4510619975631537
2026-06-26_PHI@NYM,0.45825049701789267,1,2026-06-26,0.48387589609440174
2026-06-27_MIA@STL,0.5511811023622046,1,2026-06-27,0.5203444159549045
2026-06-27_NYY@BOS,0.5369261477045908,1,2026-06-27,0.5035076276211662
2026-06-27_SEA@CLE,0.45825049701789267,0,2026-06-27,0.48324315654704175
2026-06-27_CHC@MIL,0.30434782608695654,1,2026-06-27,0.41783318076970777
2026-06-27_LAD@SD,0.3881656804733728,0,2026-06-27,0.43638405099654176
2026-06-27_PHI@NYM,0.5369261477045908,0,2026-06-27,0.5100528194830961
2026-06-27_WSH@BAL,0.265993265993266,0,2026-06-27,0.4002656802006678
2026-06-27_COL@MIN,0.268041237113402,1,2026-06-27,0.4073523855747857
2026-06-27_KC@CWS,0.45825049701789267,0,2026-06-27,0.4833682615005409
2026-06-27_CIN@PIT,0.4253521126760563,1,2026-06-27,0.4614060039796094
2026-06-27_ATL@SF,0.29896907216494845,0,2026-06-27,0.4168841068796375
2026-06-27_AZ@TB,0.4253521126760563,1,2026-06-27,0.45531832302115016
2026-06-27_HOU@DET,0.4253521126760563,0,2026-06-27,0.4447033227397186
2026-06-27_OAK@LAA,0.30434782608695654,0,2026-06-27,0.417589358046798
2026-06-27_TEX@TOR,0.4253521126760563,1,2026-06-27,0.46081201735201394
