Date,Matchup,Away,Home,Away_Score,Home_Score,Open_YRFI,Open_NRFI,Best Odds_YRFI,Best Odds_NRFI,Consensus_YRFI,Consensus_NRFI,bet365_YRFI,bet365_NRFI,DraftKings_YRFI,DraftKings_NRFI,BetMGM_YRFI,BetMGM_NRFI,FanDuel_YRFI,FanDuel_NRFI,theScore Bet_YRFI,theScore Bet_NRFI,BetRivers_YRFI,BetRivers_NRFI,SugarHouse_YRFI,SugarHouse_NRFI,PartyCasino_YRFI,PartyCasino_NRFI,Fliff_YRFI,Fliff_NRFI,Caesars_YRFI,Caesars_NRFI,PointsBet_YRFI,PointsBet_NRFI,Hard Rock Bet_YRFI,Hard Rock Bet_NRFI,ESPNBet_YRFI,ESPNBet_NRFI,YRFI_DK,NRFI_DK
2024-04-18,DET @ TEX,DET,TEX,7.0,9.0,-105,-125,-105,-115,-110,-120,,,,,-110,-120,-111,-115,,,,,,,-110,-120,,,-105,-125,,,,,,,,
2024-04-18,LAA @ TB,LAA,TB,2.0,1.0,-115,-110,-105,-113,-110,-120,,,,,-110,-120,-113,-113,,,,,,,-110,-120,,,-105,-125,,,,,,,,
2024-04-18,BOS @ CLE,BOS,CLE,4.0,5.0,-105,-120,+105,-110,+104,-132,,,,,+105,-135,+104,-132,,,,,,,+105,-135,,,-120,-110,,,,,,,,
2024-04-18,ARI @ SF,ARI,SF,5.0,0.0,-115,-115,+105,-125,EVEN,-128,,,,,+105,-135,EVEN,-128,EVEN,-130,,,,,+105,-135,,,-105,-125,,,,,,,,
2024-04-19,CHC @ MIA,CHC,MIA,8.0,3.0,-125,-102,-111,EVEN,-115,-110,-120,-110,-115,-110,-120,-105,-111,-115,-125,-105,-117,-107,-122,EVEN,-120,-105,,,-115,-115,,,,,,,,
2024-04-19,BOS @ PIT,BOS,PIT,1.0,8.0,-104,-122,+102,-120,EVEN,-125,-105,-125,EVEN,-130,-105,-120,EVEN,-128,-105,-125,+102,-129,+102,-129,-105,-120,,,,,,,,,,,,
2024-04-19,CWS @ PHI,CWS,PHI,7.0,0.0,-115,-115,+120,-132,+110,-145,+115,-145,EVEN,-135,+110,-145,+104,-132,+105,-135,+108,-136,+110,-136,+110,-145,,,+120,-150,,,,,,,,
2024-04-19,CIN @ LAA,CIN,LAA,7.0,1.0,-120,-105,-108,EVEN,-120,-110,-120,-110,-120,-110,-115,-115,-108,-120,-115,-115,-115,-107,-115,-107,-115,-115,,,-130,EVEN,,,,,,,,
2024-04-19,HOU @ WSH,HOU,WSH,3.0,5.0,-115,-115,+106,-115,-115,-115,-115,-115,-110,-120,+105,-135,+104,-132,EVEN,-130,+106,-130,+106,-130,+105,-135,,,-115,-115,,,,,,,,
2024-04-20,NYY @ TB,NYY,TB,0.0,2.0,-106,-120,EVEN,EVEN,-113,-115,-130,EVEN,-110,-120,-120,-110,-113,-115,-115,-115,-121,-105,-121,-105,-120,-110,,,EVEN,-130,,,,,,,,
2024-04-20,DET @ MIN,DET,MIN,4.0,3.0,+112,-142,+115,-130,+108,-138,EVEN,-130,+110,-150,+105,-135,+108,-138,+110,-140,+115,-141,+115,-141,+105,-135,,,+115,-145,,,,,,,,
2024-04-20,MIL @ STL,MIL,STL,5.0,12.0,EVEN,-128,+105,-115,-105,-115,-115,-115,-105,-125,-110,-115,-104,-122,-105,-125,EVEN,-124,EVEN,-124,-110,-115,,,+105,-135,,,,,,,,
2024-04-20,CHC @ MIA,CHC,MIA,2.0,3.0,-120,-110,+116,-125,-105,-125,,,-105,-125,-105,-125,+116,-148,-105,-125,-103,-125,-103,-125,-105,-125,,,-105,-125,,,,,,,,
2024-04-20,BOS @ PIT,BOS,PIT,2.0,4.0,+102,-130,+116,-120,+105,-135,-110,-120,+115,-150,+105,-135,+116,-148,+105,-135,+106,-132,+106,-132,+105,-135,,,+105,-135,,,,,,,,
2024-04-21,CWS @ PHI,CWS,PHI,8.0,2.0,-120,-110,EVEN,-113,-105,-120,-115,-115,-105,-125,-105,-120,-106,-120,EVEN,-130,-110,-113,-110,-113,-105,-120,,,-105,-125,,,,,,,,
2024-04-21,BOS @ PIT,BOS,PIT,1.0,6.0,-120,-110,+115,-120,EVEN,-125,-110,-120,-105,-125,EVEN,-125,+106,-136,EVEN,-130,EVEN,-124,+105,-130,EVEN,-125,,,+115,-145,,,,,,,,
2024-04-21,HOU @ WSH,HOU,WSH,6.0,0.0,-125,-105,-110,+110,-120,-115,-140,+110,-120,-115,-110,-115,-120,-106,-115,-115,-118,-105,-118,-106,-110,-115,,,-115,-115,,,,,,,,
2024-04-21,NYY @ TB,NYY,TB,5.0,4.0,-120,-110,+105,-110,-110,-120,-120,-110,-110,-120,EVEN,-130,-115,-111,-105,-125,-110,-113,-106,-117,EVEN,-130,,,+105,-135,,,,,,,,
2024-04-21,Cleveland @ CLE,Cleveland,CLE,6.0,2.0,-115,-115,+110,-120,EVEN,-135,-110,-120,+110,-145,+105,-135,+106,-136,+105,-135,+107,-136,+107,-136,+105,-135,,,EVEN,-130,,,,,,,,
2024-04-22,New York @ NYY,New York,NYY,0.0,2.0,-105,-125,+110,-110,-106,-120,-120,-110,-110,-120,-115,-110,-106,-120,-115,-115,-113,-114,-113,-114,-115,-110,,,+110,-140,,,,,,,,
2024-04-22,CIN @ PHI,CIN,PHI,0.0,7.0,-120,-110,+114,-115,EVEN,-130,-115,-115,EVEN,-135,EVEN,-130,+114,-146,+110,-145,+104,-132,+104,-132,EVEN,-130,,,+110,-140,,,,,,,,
2024-04-22,MIL @ PIT,MIL,PIT,4.0,2.0,-115,-115,+130,-139,+130,-160,+125,-155,+130,-180,+115,-150,+130,-166,+125,-160,+112,-139,+112,-139,+115,-150,,,+130,-160,,,,,,,,
2024-04-22,DET @ TB,DET,TB,1.0,7.0,EVEN,-130,+125,-135,+120,-150,+105,-135,+115,-150,+120,-155,+114,-146,+125,-155,+125,-162,+125,-162,+120,-155,,,+120,-150,,,,,,,,
2024-04-22,ATL @ MIA,ATL,MIA,3.0,0.0,-120,-106,-120,+110,-120,-102,-140,+110,-135,EVEN,-120,-105,-125,-102,-130,EVEN,-134,+108,-136,+110,-120,-105,,,-120,-110,,,,,,,,
2024-04-23,BOS @ CLE,BOS,CLE,4.0,1.0,-106,-120,-102,-109,-115,-120,-115,-115,-110,-120,-105,-120,-102,-125,-115,-115,-114,-109,-114,-109,-105,-120,,,-115,-115,,,,,,,,
2024-04-23,CIN @ PHI,CIN,PHI,8.0,1.0,-108,-118,EVEN,EVEN,-111,-115,-130,EVEN,-115,-115,-105,-120,-111,-115,-115,-115,-114,-110,-110,-114,-105,-120,,,EVEN,-130,,,,,,,,
2024-04-23,MIL @ PIT,MIL,PIT,2.0,1.0,-120,-110,EVEN,-107,-110,-120,-115,-115,EVEN,-130,-110,-120,-118,-108,-110,-120,-117,-107,-117,-107,-110,-120,,,,,,,,,,,,
2024-04-23,LAD @ WSH,LAD,WSH,1.0,4.0,-148,+116,-132,+130,-135,+105,-160,+130,-150,+115,-135,+105,-132,+104,-135,+105,-152,+123,-152,+123,-135,+105,,,-135,+105,,,,,,,,
2024-04-23,DET @ TB,DET,TB,2.0,4.0,-102,-125,EVEN,-115,-105,-125,-115,-115,-105,-125,-110,-115,-102,-125,-105,-125,-108,-117,-108,-117,-110,-115,,,EVEN,-130,,,,,,,,
2024-04-24,ARI @ STL,ARI,STL,5.0,1.0,-104,-122,+110,-134,+110,-140,+110,-140,+110,-145,+110,-140,+106,-136,+105,-135,+105,-134,+105,-134,+110,-140,,,+105,-135,,,,,,,,
2024-04-24,NYM @ SF,NYM,SF,2.0,8.0,+114,-146,+117,-130,EVEN,-130,EVEN,-130,+105,-140,EVEN,-130,+112,-142,+110,-140,+117,-148,+117,-148,EVEN,-130,,,+115,-145,,,,,,,,
2024-04-24,BAL @ LAA,BAL,LAA,5.0,6.0,-111,-115,-125,+125,-155,+110,-155,+125,-155,+115,-140,+110,-148,+116,-140,+110,-141,+102,-148,+116,-140,+110,,,-125,-105,,,,,,,,
2024-04-24,BOS @ CLE,BOS,CLE,0.0,8.0,-110,-120,EVEN,-105,EVEN,-130,-115,-115,-120,-110,EVEN,-130,-108,-118,EVEN,-130,-118,-105,-118,-105,EVEN,-130,,,EVEN,-130,,,,,,,,
2024-04-24,MIL @ PIT,MIL,PIT,2.0,3.0,-115,-115,+102,-111,-110,-120,-105,-125,-110,-120,-105,-120,-115,-111,EVEN,-130,+102,-127,+102,-127,-105,-120,,,-110,-120,,,,,,,,
2024-04-25,MIL @ PIT,MIL,PIT,5.0,7.0,+115,-145,+140,-155,+130,-165,+140,-170,+125,-165,+120,-155,+136,-174,+135,-175,+138,-175,+138,-175,+120,-155,,,+130,-160,,,,,,,,
2024-04-25,BOS @ CLE,BOS,CLE,6.0,4.0,EVEN,-135,+106,-115,-105,-125,-115,-115,-105,-125,+105,-135,+106,-136,EVEN,-130,+104,-129,+104,-129,+105,-135,,,,,,,,,,,,
2024-04-25,CIN @ PHI,CIN,PHI,0.0,5.0,-110,-120,+115,-115,+108,-140,-105,-125,-105,-130,+110,-140,+108,-138,+115,-150,-108,-115,-108,-115,+110,-140,,,+110,-140,,,,,,,,
2024-04-25,CWS @ MIN,CWS,MIN,6.0,3.0,-110,-120,+110,-115,-105,-125,-115,-115,-105,-125,-110,-115,-102,-125,-105,-125,+107,-132,+107,-132,-110,-115,,,+110,-140,,,,,,,,
2024-04-25,KC @ TOR,KC,TOR,2.0,1.0,-105,-125,+110,-125,+110,-140,-105,-125,EVEN,-130,+110,-140,+108,-138,+110,-140,+108,-134,+108,-134,+110,-140,,,+110,-140,,,,,,,,
2024-04-26,DET @ KC,DET,KC,0.0,8.0,-113,-113,+102,-115,EVEN,-130,-115,-115,EVEN,-130,EVEN,-130,-102,-125,EVEN,-130,+102,-127,+102,-127,EVEN,-130,,,EVEN,-130,,,,,,,,
2024-04-26,Baltimore @ BAL,Baltimore,BAL,2.0,3.0,+108,-138,+115,-130,+108,-145,EVEN,-130,+110,-145,+105,-135,+108,-138,+110,-145,+114,-141,+114,-141,+105,-135,,,+115,-145,,,,,,,,
2024-04-26,LAD @ TOR,LAD,TOR,2.0,12.0,-122,-104,-120,EVEN,-125,-105,-130,EVEN,-125,-105,-120,-105,-125,-102,-130,-105,-125,EVEN,-125,EVEN,-120,-105,,,-125,-105,,,,,,,,
2024-04-26,MIA @ WSH,MIA,WSH,1.0,3.0,-115,-115,-105,-112,-105,-115,-115,-115,-105,-125,-110,-115,-111,-115,-115,-115,-112,-112,-112,-112,-110,-115,,,-105,-125,,,,,,,,
2024-04-26,BOS @ CHC,BOS,CHC,1.0,7.0,+106,-136,+120,-140,+110,-140,+110,-140,+115,-155,+120,-150,+112,-142,+115,-150,+112,-143,+112,-143,+120,-150,,,+110,-140,,,,,,,,
2024-04-27,LAD @ TOR,LAD,TOR,2.0,4.0,-110,-120,+105,-115,EVEN,-125,-115,-115,-105,-125,+105,-135,EVEN,-128,+105,-135,-103,-129,-103,-129,+105,-135,,,EVEN,-130,,,,,,,,
2024-04-27,NYM @ STL,NYM,STL,4.0,7.0,-105,-125,+120,-120,+105,-135,EVEN,-130,-105,-125,+105,-135,+106,-136,-110,-120,+110,-137,+110,-137,+105,-135,,,+120,-150,,,,,,,,
2024-04-27,Baltimore @ BAL,Baltimore,BAL,7.0,0.0,-110,-120,EVEN,-115,-115,-115,-115,-115,-115,-115,EVEN,-130,-104,-122,-110,-120,-103,-122,-103,-122,EVEN,-130,,,-105,-125,,,,,,,,
2024-04-27,CIN @ TEX,CIN,TEX,4.0,8.0,-130,EVEN,+104,-110,-108,-125,-115,-115,-120,-110,EVEN,-125,-108,-118,-105,-125,+104,-129,+104,-129,EVEN,-125,,,-105,-125,,,,,,,,
2024-04-27,BOS @ CHC,BOS,CHC,17.0,0.0,-115,-115,-107,-110,-115,-115,-115,-115,-115,-115,-110,-115,-111,-115,-120,-110,-107,-115,-107,-115,-110,-115,,,-120,-110,,,,,,,,
2024-04-28,Baltimore @ BAL,Baltimore,BAL,6.0,7.0,-115,-115,+102,-105,EVEN,-130,-125,-105,EVEN,-135,-110,-120,+102,-130,-110,-120,-110,-113,-110,-113,-110,-120,,,EVEN,-130,,,,,,,,
2024-04-28,ATL @ CLE,ATL,CLE,4.0,3.0,-130,-105,-120,+120,-132,+104,-150,+120,-125,-105,-135,+105,-132,+104,-125,-105,-130,+105,-130,+105,-135,+105,,,-120,-110,,,,,,,,
2024-04-28,LAD @ TOR,LAD,TOR,3.0,1.0,-115,-115,EVEN,-115,EVEN,-120,-115,-115,-110,-120,EVEN,-125,-106,-120,-105,-125,-108,-115,-108,-115,EVEN,-125,,,EVEN,-130,,,,,,,,
2024-04-28,NYM @ STL,NYM,STL,4.0,2.0,-120,-110,-105,-113,-110,-120,-115,-115,-110,-120,-110,-120,-108,-118,-105,-125,-110,-113,-110,-113,-110,-120,,,-110,-120,,,,,,,,
2024-04-28,MIA @ WSH,MIA,WSH,9.0,12.0,-115,-115,-104,-115,-110,-115,-115,-115,-105,-125,-110,-115,-104,-122,-105,-125,-104,-121,-104,-121,-110,-115,,,-110,-120,,,,,,,,
2024-04-29,BAL @ NYY,BAL,NYY,2.0,0.0,-130,EVEN,-110,-102,-125,-110,-125,-105,-110,-120,-115,-110,-125,-102,-120,-110,-117,-106,-117,-106,-115,-110,,,-120,-110,,,,,,,,
2024-04-29,MIA @ WSH,MIA,WSH,2.0,7.0,-120,-110,EVEN,-105,-115,-115,-110,-120,-115,-115,EVEN,-125,-113,-113,-125,-105,-106,-118,-106,-118,EVEN,-125,,,-115,-115,,,,,,,,
2024-04-29,KC @ TOR,KC,TOR,6.0,5.0,-135,EVEN,-104,-110,-110,-120,-115,-115,-110,-120,-110,-120,-104,-122,-120,-110,-108,-120,-108,-120,-110,-120,,,-120,-110,,,,,,,,
2024-04-29,CHC @ NYM,CHC,NYM,1.0,3.0,+105,-135,+120,-130,+120,-150,EVEN,-130,+110,-145,+120,-150,+120,-154,+105,-135,+112,-139,+112,-139,+120,-150,,,+120,-150,,,,,,,,
2024-04-29,MIL @ TB,MIL,TB,0.0,1.0,-120,-110,+110,-120,EVEN,-128,-105,-125,-110,-120,EVEN,-130,EVEN,-128,EVEN,-130,+102,-129,+102,-129,EVEN,-130,,,+110,-140,,,,,,,,
2024-04-30,DET @ STL,DET,STL,1.0,2.0,+105,-135,+104,-111,-115,-115,,,-115,-115,-110,-115,-115,-111,-115,-115,+104,-129,+104,-129,-110,-115,,,-105,-125,,,,,,,,
2024-04-30,BAL @ NYY,BAL,NYY,4.0,2.0,-113,-113,-105,EVEN,-120,-105,-130,EVEN,-115,-115,-120,-105,-120,-104,-105,-125,-118,-107,-118,-107,-120,-105,,,-120,-110,,,,,,,,
2024-04-30,COL @ MIA,COL,MIA,7.0,6.0,-105,-125,+104,-120,-105,-125,-105,-125,-110,-120,EVEN,-125,+104,-132,-105,-125,-103,-122,-103,-122,EVEN,-125,,,-105,-125,,,,,,,,
2024-04-30,KC @ TOR,KC,TOR,1.0,4.0,-102,-125,+110,-120,+110,-135,-110,-120,+110,-150,+105,-135,EVEN,-128,+105,-135,+106,-132,+106,-132,+105,-135,,,+110,-140,,,,,,,,
2024-05-01,MIL @ TB,MIL,TB,7.0,1.0,EVEN,-135,+105,-115,EVEN,-125,-115,-115,EVEN,-130,EVEN,-125,EVEN,-128,EVEN,-130,-103,-121,-103,-121,EVEN,-125,,,+105,-135,,,,,,,,
2024-05-01,DET @ STL,DET,STL,4.0,1.0,-120,-110,-110,EVEN,-110,-120,-110,-120,-115,-115,-125,EVEN,-118,-108,-120,-110,-113,-110,-113,-110,-125,EVEN,,,-110,-120,,,,,,,,
2024-05-01,CWS @ MIN,CWS,MIN,5.0,10.0,-135,EVEN,-109,-106,-115,-115,-120,-110,-115,-115,-115,-110,-111,-115,-120,-110,-109,-115,-117,-106,-115,-110,,,-115,-115,,,,,,,,
2024-05-01,KC @ TOR,KC,TOR,1.0,6.0,-115,-115,+110,-120,EVEN,-128,-110,-120,-105,-130,EVEN,-125,EVEN,-128,+110,-140,EVEN,-124,EVEN,-124,EVEN,-125,,,+105,-135,,,,,,,,
2024-05-01,Athletics @ PIT,Athletics,PIT,4.0,0.0,-105,-125,+105,-125,EVEN,-125,-105,-125,EVEN,-135,EVEN,-125,-102,-125,+105,-135,+105,-132,+105,-132,EVEN,-125,,,+105,-135,,,,,,,,
2024-05-02,COL @ MIA,COL,MIA,5.0,4.0,-110,-120,+110,-125,+105,-135,EVEN,-130,+110,-145,+105,-135,-102,-125,+105,-135,+102,-125,+102,-125,+105,-135,,,,,,,,,,,,
2024-05-02,BAL @ NYY,BAL,NYY,7.0,2.0,-125,-105,-115,-102,-125,-105,-125,-105,-130,-105,-115,-110,-125,-102,-120,-110,-121,-104,-121,-104,-115,-110,,,-120,-110,,,,,,,,
2024-05-02,CHC @ NYM,CHC,NYM,7.0,6.0,-120,-110,EVEN,-115,-105,-125,-105,-125,-110,-125,EVEN,-125,-104,-122,-105,-125,-106,-117,-106,-117,EVEN,-125,,,-115,-115,,,,,,,,
2024-05-02,BOS @ SF,BOS,SF,1.0,3.0,-130,EVEN,-110,+102,-120,-105,-125,-105,-110,-120,-120,-105,-115,-111,-115,-115,-130,+102,-130,+102,-120,-105,,,-120,-110,,,,,,,,
2024-05-02,TEX @ WSH,TEX,WSH,6.0,0.0,-115,-115,+105,-120,EVEN,-130,EVEN,-130,+105,-135,EVEN,-130,+102,-130,-105,-125,+104,-129,+104,-129,EVEN,-130,,,-110,-120,,,,,,,,
2024-05-03,CHC @ MIL,CHC,MIL,1.0,3.0,+115,-145,+125,-130,+120,-155,+125,-155,+120,-160,+105,-135,+122,-156,+115,-145,+123,-157,+123,-157,+105,-135,,,EVEN,-130,,,,,,,,
2024-05-03,BAL @ CIN,BAL,CIN,0.0,3.0,-115,-111,-108,-106,-120,-110,-120,-110,-120,-110,-115,-110,-108,-118,-120,-110,-117,-106,-117,-106,-115,-110,,,-110,-120,,,,,,,,
2024-05-03,PHI @ SF,PHI,SF,4.0,3.0,+104,-132,+120,-135,+115,-146,+105,-135,+115,-155,+115,-150,+114,-146,+110,-140,+120,-150,+120,-150,+115,-150,,,+115,-145,,,,,,,,
2024-05-03,COL @ PIT,COL,PIT,2.0,3.0,EVEN,-128,+105,-118,EVEN,-135,-110,-120,EVEN,-135,+105,-135,-104,-122,-105,-125,-105,-118,-105,-118,+105,-135,,,EVEN,-130,,,,,,,,
2024-05-03,TOR @ WSH,TOR,WSH,9.0,3.0,-125,-102,-110,-104,-115,-110,-115,-115,-120,-110,-115,-110,-122,-104,-115,-115,-114,-110,-113,-110,-115,-110,,,-110,-120,,,,,,,,
2024-05-04,DET @ NYY,DET,NYY,5.0,3.0,-125,-105,+130,-139,+112,-140,+120,-150,+105,-140,+130,-165,+112,-142,+115,-145,+112,-139,+112,-139,+130,-165,,,+110,-140,,,,,,,,
2024-05-04,BOS @ MIN,BOS,MIN,3.0,1.0,-110,-120,+120,-136,+110,-140,+120,-150,+105,-140,+110,-140,+106,-136,+115,-145,+115,-143,+115,-143,+110,-140,,,+110,-140,,,,,,,,
2024-05-04,CWS @ STL,CWS,STL,5.0,6.0,-125,-105,EVEN,-120,EVEN,-125,,,-110,-120,EVEN,-125,EVEN,-128,-105,-125,-105,-120,-104,-120,EVEN,-125,,,EVEN,-130,,,,,,,,
2024-05-04,CHC @ MIL,CHC,MIL,6.0,5.0,-105,-125,+105,-108,-110,-120,-115,-115,-110,-120,-110,-120,-106,-120,-105,-125,-108,-115,-115,-108,-110,-120,,,+105,-135,,,,,,,,
2024-05-04,COL @ PIT,COL,PIT,1.0,0.0,-105,-125,+125,-137,+115,-150,+125,-155,+115,-150,+115,-150,+122,-156,+125,-155,+112,-137,+112,-137,+115,-150,,,+120,-150,,,,,,,,
2024-05-05,COL @ PIT,COL,PIT,5.0,3.0,-110,-125,+116,-140,+112,-145,+115,-145,+110,-145,+110,-145,+112,-142,+105,-140,+116,-143,+116,-143,+110,-145,,,+115,-145,,,,,,,,
2024-05-05,TOR @ WSH,TOR,WSH,11.0,8.0,-104,-122,EVEN,-113,-105,-125,-105,-125,-105,-125,EVEN,-125,-113,-113,-105,-125,-106,-118,-106,-118,EVEN,-125,,,-110,-120,,,,,,,,
2024-05-05,DET @ NYY,DET,NYY,5.0,2.0,+105,-140,+144,-160,+135,-160,+140,-170,+135,-180,+125,-160,+144,-186,+130,-175,+140,-177,+140,-177,+125,-160,,,+130,-160,,,,,,,,
2024-05-05,NYM @ TB,NYM,TB,7.0,6.0,-105,-130,+120,-134,+110,-145,+105,-135,+110,-145,+110,-140,+118,-150,+120,-155,+108,-134,+108,-134,+110,-140,,,+115,-145,,,,,,,,
2024-05-05,CLE @ LAA,CLE,LAA,4.0,1.0,-120,-110,-105,EVEN,-125,EVEN,-130,EVEN,-125,-105,-125,EVEN,-108,-118,-115,-115,-109,-114,-109,-114,-125,EVEN,,,-105,-125,,,,,,,,
2024-05-06,PHI @ SF,PHI,SF,6.0,1.0,-115,-115,+112,-120,EVEN,-120,-110,-120,EVEN,-135,-105,-120,+112,-142,+105,-135,+102,-129,+102,-129,-105,-120,,,EVEN,-130,,,,,,,,
2024-05-06,CLE @ DET,CLE,DET,2.0,1.0,EVEN,-135,+115,-135,+110,-145,+105,-135,+110,-145,+110,-145,+108,-138,+110,-145,+110,-136,+110,-136,+110,-145,,,+115,-145,,,,,,,,
2024-05-06,LAA @ PIT,LAA,PIT,4.0,1.0,-110,-120,+105,-120,-110,-120,-110,-120,-110,-120,-105,-120,+102,-130,EVEN,-130,EVEN,-124,-103,-122,-105,-120,,,+105,-135,,,,,,,,
2024-05-06,CWS @ TB,CWS,TB,8.0,2.0,EVEN,-130,-110,-107,-113,-115,-120,-110,-120,-110,-110,-120,-113,-115,-110,-120,-117,-107,-117,-107,-110,-120,,,-110,-120,,,,,,,,
2024-05-06,KC @ MIL,KC,MIL,3.0,2.0,-110,-120,-105,-106,-110,-120,-110,-120,-115,-115,-110,-120,-120,-106,-105,-125,-110,-113,-110,-113,-110,-120,,,-105,-125,,,,,,,,
2024-05-07,Athletics @ TEX,Athletics,TEX,8.0,15.0,-115,-115,EVEN,-110,-108,-120,-115,-115,-110,-120,EVEN,-130,-108,-118,EVEN,-130,-113,-110,-113,-110,EVEN,-130,,,-105,-125,,,,,,,,
2024-05-07,CLE @ DET,CLE,DET,7.0,11.0,-110,-120,EVEN,EVEN,-120,-110,-130,EVEN,-120,-110,-115,-110,-120,-106,EVEN,-130,-109,-114,-109,-114,-115,-110,,,-105,-125,,,,,,,,
2024-05-07,PHI @ TOR,PHI,TOR,10.0,1.0,-115,-115,-105,-115,-110,-115,-115,-115,-105,-125,-110,-115,-108,-118,-110,-120,-110,-117,-110,-117,-110,-115,,,-110,-120,,,,,,,,
2024-05-07,ARI @ CIN,ARI,CIN,2.0,6.0,-110,-120,-110,-104,-115,-111,-115,-115,-130,-105,-115,-110,-115,-111,-110,-120,-122,-104,-122,-104,-115,-110,,,-110,-120,,,,,,,,
2024-05-07,LAA @ PIT,LAA,PIT,0.0,9.0,-120,-110,EVEN,-118,-110,-120,-110,-120,-110,-120,EVEN,-125,-108,-118,EVEN,-130,-106,-118,-106,-118,EVEN,-125,,,-110,-120,,,,,,,,
2024-05-08,LAA @ PIT,LAA,PIT,4.0,5.0,+102,-130,EVEN,-110,EVEN,-120,EVEN,-130,EVEN,-130,-115,-110,-106,-120,EVEN,-130,-113,-110,-113,-110,-115,-110,,,-110,-120,,,,,,,,
2024-05-08,PHI @ TOR,PHI,TOR,3.0,5.0,-118,-108,-105,EVEN,-122,EVEN,-130,EVEN,-130,EVEN,-115,-110,-122,-104,-105,-125,-121,-103,-121,-103,-115,-110,,,-115,-115,,,,,,,,
2024-05-08,CLE @ DET,CLE,DET,5.0,4.0,EVEN,-128,+115,-125,EVEN,-130,-105,-125,+115,-155,EVEN,-130,EVEN,-128,+110,-145,+112,-139,+112,-139,EVEN,-130,,,+115,-145,,,,,,,,
2024-05-08,KC @ MIL,KC,MIL,6.0,4.0,-115,-115,+105,-108,-115,-115,EVEN,-130,+105,-140,-110,-115,-115,-111,EVEN,-130,-115,-108,-115,-108,-110,-115,,,-115,-115,,,,,,,,
2024-05-08,CHC @ SD,CHC,SD,0.0,3.0,-110,-120,+120,-135,+105,-135,+105,-135,+105,-135,+105,-135,+116,-148,+110,-145,+120,-150,+120,-150,+105,-135,,,+115,-145,,,,,,,,
2024-05-09,MIN @ SEA,MIN,SEA,11.0,1.0,EVEN,-135,+165,-155,+135,-170,+140,-170,+135,-180,+120,-155,+126,-162,+135,-175,+120,-155,+120,-155,+120,-155,,,+165,-200,,,,,,,,
2024-05-09,ARI @ CIN,ARI,CIN,4.0,5.0,-130,-105,EVEN,-105,-115,-113,-125,-105,-115,-115,-115,-110,-113,-113,EVEN,-130,-113,-110,-113,-110,-115,-110,,,-110,-120,,,,,,,,
2024-05-09,COL @ SF,COL,SF,9.0,1.0,-140,+105,+102,-110,-120,-110,-120,-110,-120,-110,-120,-110,-108,-118,-110,-120,+102,-125,+102,-125,-120,-110,,,-105,-125,,,,,,,,
2024-05-09,HOU @ NYY,HOU,NYY,3.0,4.0,-130,EVEN,+105,EVEN,-113,-110,-130,EVEN,-125,-110,+105,-125,-113,-113,-105,-125,-120,-104,-120,-104,+105,-125,,,-120,-110,,,,,,,,
2024-05-09,MIL @ STL,MIL,STL,7.0,1.0,-120,-110,+110,-130,EVEN,-135,EVEN,-130,EVEN,-135,+105,-135,+106,-136,+105,-135,+107,-139,+107,-139,+105,-135,,,+110,-140,,,,,,,,
2024-05-10,DET @ HOU,DET,HOU,2.0,5.0,-102,-125,+105,-115,-105,-120,-115,-115,-105,-125,-105,-120,-111,-115,EVEN,-135,+105,-130,+105,-130,-105,-120,,,-105,-125,,,,,,,,
2024-05-10,CHC @ PIT,CHC,PIT,2.0,7.0,+105,-140,+130,-155,+130,-155,,,+115,-155,+120,-155,+130,-166,+125,-165,+125,-162,+125,-162,+120,-155,,,+130,-160,,,,,,,,
2024-05-10,NYY @ TB,NYY,TB,0.0,2.0,-105,-125,EVEN,-112,-110,-120,-115,-115,-110,-120,EVEN,-125,-113,-113,-105,-125,-112,-112,-112,-112,EVEN,-125,,,-110,-120,,,,,,,,
2024-05-10,ARI @ BAL,ARI,BAL,4.0,2.0,-135,EVEN,+115,-115,+105,-145,-115,-115,+105,-145,+105,-135,+102,-130,+105,-135,-103,-122,-103,-122,+105,-135,,,+115,-145,,,,,,,,
2024-05-10,MIN @ TOR,MIN,TOR,2.0,3.0,-110,-120,+130,-135,+112,-145,+105,-135,+110,-145,+120,-155,+112,-142,+110,-140,+112,-139,+112,-139,+120,-155,,,+130,-160,,,,,,,,
2024-05-11,MIN @ TOR,MIN,TOR,10.0,8.0,-115,-115,+118,-130,EVEN,-130,EVEN,-130,EVEN,-130,+110,-145,+118,-150,+110,-140,+114,-143,+114,-143,+110,-145,,,+105,-135,,,,,,,,
2024-05-11,ARI @ BAL,ARI,BAL,5.0,4.0,-135,EVEN,-110,EVEN,-115,-111,-115,-115,-120,-110,-125,EVEN,-115,-111,-115,-115,-124,EVEN,-124,EVEN,-125,EVEN,,,-110,-120,,,,,,,,
2024-05-11,CHC @ PIT,CHC,PIT,10.0,9.0,+105,-140,+135,-145,+115,-150,+115,-145,+110,-145,+115,-150,+126,-162,+135,-185,+130,-167,+130,-167,+115,-150,,,+120,-150,,,,,,,,
2024-05-11,MIA @ PHI,MIA,PHI,3.0,8.0,-105,-125,+110,+125,-111,-115,-115,-115,+110,-145,-155,+125,-111,-115,-105,-125,-104,-121,-104,-121,-155,+125,,,EVEN,-130,,,,,,,,
2024-05-11,ATL @ NYM,ATL,NYM,1.0,4.0,+110,-145,+115,-135,+110,-145,+105,-135,+115,-150,+110,-145,+114,-146,+115,-145,+112,-139,+112,-139,+110,-145,,,+110,-140,,,,,,,,
2024-05-12,CHC @ PIT,CHC,PIT,4.0,5.0,-110,-120,-110,-105,-118,-110,-120,-110,-120,-110,-115,-110,-118,-108,-110,-120,-118,-105,-118,-105,-115,-110,,,-115,-115,,,,,,,,
2024-05-12,BOS @ WSH,BOS,WSH,3.0,2.0,-105,-125,+125,-130,+115,-140,+110,-140,+115,-150,+110,-140,+122,-156,+125,-160,+105,-130,+105,-130,+110,-140,,,+115,-145,,,,,,,,
2024-05-12,ARI @ BAL,ARI,BAL,2.0,9.0,-125,-110,+120,-130,+105,-140,EVEN,-130,+105,-140,+105,-135,+114,-146,+110,-145,+105,-130,+108,-136,+105,-135,,,+120,-150,,,,,,,,
2024-05-12,MIN @ TOR,MIN,TOR,1.0,5.0,-135,+105,EVEN,-115,-111,-120,-115,-115,-115,-120,-105,-120,-111,-115,EVEN,-130,-103,-124,-103,-124,-105,-120,,,-105,-125,,,,,,,,
2024-05-12,DET @ HOU,DET,HOU,3.0,9.0,-105,-125,+105,-120,EVEN,-130,-110,-120,EVEN,-130,EVEN,-125,-104,-122,+105,-135,-104,-121,-104,-121,EVEN,-125,,,EVEN,-130,,,,,,,,
2024-05-13,BAL @ TOR,BAL,TOR,2.0,3.0,-110,-125,+114,-115,-110,-120,-115,-115,-110,-120,EVEN,-130,-102,-125,EVEN,-130,+114,-141,+114,-141,EVEN,-130,,,-110,-120,,,,,,,,
2024-05-13,DET @ MIA,DET,MIA,6.0,5.0,-125,-105,-115,EVEN,-120,-110,-125,-105,-120,-110,-125,EVEN,-115,-111,-120,-110,-120,-104,-120,-104,-125,EVEN,,,-120,-110,,,,,,,,
2024-05-13,BOS @ TB,BOS,TB,3.0,5.0,+115,-150,EVEN,-114,-115,-120,-115,-115,-115,-115,-105,-120,-106,-120,EVEN,-130,-110,-114,-110,-114,-105,-120,,,EVEN,-130,,,,,,,,
2024-05-13,NYM @ PHI,NYM,PHI,4.0,5.0,-105,-125,+115,-130,+110,-145,EVEN,-130,+110,-145,+110,-140,+104,-132,+110,-140,+110,-137,+110,-137,+110,-140,,,+115,-145,,,,,,,,
2024-05-13,ATL @ CHC,ATL,CHC,2.0,0.0,EVEN,-130,+108,-127,+105,-135,+105,-135,+105,-140,EVEN,-130,+108,-138,+105,-135,+102,-127,+102,-127,EVEN,-130,,,+105,-135,,,,,,,,
2024-05-14,NYM @ PHI,NYM,PHI,0.0,4.0,-108,-118,+105,-113,-110,-115,-115,-115,EVEN,-130,-110,-115,-113,-113,EVEN,-130,-103,-121,-103,-121,-110,-115,,,+105,-135,,,,,,,,
2024-05-14,CWS @ WSH,CWS,WSH,3.0,6.0,-115,-120,+114,-130,+105,-135,,,EVEN,-135,,,+114,-146,EVEN,-130,,,,,,,,,+105,-135,,,,,,,,
2024-05-14,DET @ MIA,DET,MIA,0.0,1.0,-113,-113,+106,-115,-105,-125,-115,-115,-105,-125,EVEN,-125,+102,-130,EVEN,-130,+106,-132,+106,-132,EVEN,-125,,,-105,-125,,,,,,,,
2024-05-14,BOS @ TB,BOS,TB,5.0,4.0,-110,-120,-114,-105,-120,-105,-115,-115,-120,-110,-120,-105,-120,-106,-115,-115,-114,-110,-114,-110,-120,-105,,,-125,-105,,,,,,,,
2024-05-14,ATL @ CHC,ATL,CHC,7.0,0.0,-105,-130,+105,-113,-105,-125,-105,-125,-105,-130,EVEN,-130,-104,-122,+105,-135,-105,-118,-110,-113,EVEN,-130,,,-105,-125,,,,,,,,
2024-05-15,BAL @ TOR,BAL,TOR,3.0,2.0,+105,-140,+130,-140,+120,-160,,,+120,-160,+120,-155,+122,-156,+110,-140,+123,-157,+125,-159,+120,-155,,,+130,-160,,,,,,,,
2024-05-15,DET @ MIA,DET,MIA,0.0,2.0,-120,-110,-110,-105,-120,-110,-120,-110,-120,-110,-110,-115,-113,-113,-115,-115,-112,-112,-112,-112,-110,-115,,,-125,-105,,,,,,,,
2024-05-15,MIL @ PIT,MIL,PIT,10.0,2.0,-115,-115,+115,-120,EVEN,-120,EVEN,-130,-110,-120,-105,-120,+106,-136,-105,-125,-103,-121,-103,-121,-105,-120,,,+115,-145,,,,,,,,
2024-05-15,CWS @ WSH,CWS,WSH,2.0,0.0,-110,-125,+115,-130,+110,-145,+105,-135,EVEN,-130,+110,-145,+110,-140,+110,-140,+115,-143,+115,-143,+110,-145,,,+115,-145,,,,,,,,
2024-05-15,ARI @ CIN,ARI,CIN,2.0,1.0,-130,-105,EVEN,-110,-115,-120,,,-115,-115,-115,-110,EVEN,-128,-105,-125,EVEN,-124,EVEN,-124,-115,-110,,,-110,-120,,,,,,,,
2024-05-16,MIN @ NYY,MIN,NYY,0.0,5.0,EVEN,-128,+110,-115,-106,-120,-115,-115,-110,-120,EVEN,-130,-106,-120,+105,-135,+107,-141,+107,-141,EVEN,-130,,,+110,-140,,,,,,,,
2024-05-16,NYM @ PHI,NYM,PHI,5.0,6.0,-120,-106,-105,EVEN,-115,-111,-130,EVEN,-115,-115,-115,-110,-115,-111,-105,-125,-113,-109,-113,-109,-115,-110,,,-110,-120,,,,,,,,
2024-05-16,BOS @ TB,BOS,TB,5.0,7.0,+102,-130,+115,-117,+105,-130,-105,-125,+115,-160,+105,-130,+102,-130,+105,-140,-104,-121,-107,-117,+105,-130,,,+110,-140,,,,,,,,
2024-05-16,CHC @ PIT,CHC,PIT,4.0,5.0,-105,-125,+115,-130,+105,-135,+105,-135,+105,-140,+105,-135,+102,-130,+110,-145,+115,-148,+115,-148,+105,-135,,,+105,-135,,,,,,,,
2024-05-16,Houston @ HOU,Houston,HOU,8.0,1.0,-113,-113,-115,EVEN,-120,-110,-120,-110,-120,-110,-125,EVEN,-128,EVEN,-115,-115,-121,-104,-121,-104,-125,EVEN,,,-120,-110,,,,,,,,
2024-05-17,CHC @ PIT,CHC,PIT,3.0,9.0,EVEN,-130,+120,-130,+110,-142,+110,-140,+110,-150,+120,-155,+112,-142,+120,-160,+114,-141,+114,-141,+120,-155,,,EVEN,-130,,,,,,,,
2024-05-17,PHI @ WSH,PHI,WSH,4.0,2.0,-102,-125,+110,-118,+110,-140,EVEN,-130,+105,-140,+110,-140,-104,-122,EVEN,-130,-106,-118,-106,-118,+110,-140,,,+110,-140,,,,,,,,
2024-05-17,BAL @ SEA,BAL,SEA,9.0,2.0,-120,-110,EVEN,-115,-110,-115,-115,-115,-110,-120,-110,-115,-111,-115,-105,-125,-106,-121,-106,-121,-110,-115,,,EVEN,-130,,,,,,,,
2024-05-17,CWS @ NYY,CWS,NYY,4.0,2.0,-113,-113,EVEN,-105,-113,-120,-120,-110,-125,-105,-105,-120,-113,-113,EVEN,-130,-110,-113,-110,-113,-105,-120,,,-110,-120,,,,,,,,
2024-05-17,TB @ TOR,TB,TOR,3.0,4.0,-115,-115,-104,-108,-110,-120,-115,-115,-120,-110,-110,-120,-104,-122,-110,-120,-115,-108,-115,-108,-110,-120,,,-105,-125,,,,,,,,
2024-05-18,CWS @ NYY,CWS,NYY,6.0,1.0,-104,-122,+105,-108,-110,-115,-115,-115,-110,-120,-110,-115,-118,-108,-110,-120,-110,-113,-110,-113,-110,-115,,,+105,-135,,,,,,,,
2024-05-18,CHC @ PIT,CHC,PIT,1.0,0.0,-115,-115,EVEN,EVEN,-120,-110,-115,-115,-120,-110,-115,-110,-128,EVEN,EVEN,-130,-118,-106,-118,-106,-115,-110,,,-120,-110,,,,,,,,
2024-05-18,TB @ TOR,TB,TOR,4.0,5.0,+102,-130,+115,-115,+105,-135,-115,-115,+110,-145,+115,-150,+106,-136,+105,-135,+112,-137,+112,-139,+115,-150,,,+105,-135,,,,,,,,
2024-05-18,COL @ SF,COL,SF,14.0,4.0,EVEN,-128,-106,-105,-110,-120,-115,-115,-125,-105,-110,-120,-106,-120,-110,-120,-109,-114,-109,-114,-110,-120,,,-110,-120,,,,,,,,
2024-05-18,BAL @ SEA,BAL,SEA,3.0,4.0,-105,-125,+115,-130,+105,-135,+105,-135,EVEN,-135,+115,-150,+108,-138,+110,-140,+105,-130,+105,-130,+115,-150,,,+105,-135,,,,,,,,
2024-05-19,BOS @ STL,BOS,STL,3.0,11.0,-113,-113,-105,-103,-115,-120,,,-115,-115,-105,-120,-115,-111,-105,-125,-122,-103,-122,-103,-105,-120,,,-105,-125,,,,,,,,
2024-05-19,BAL @ SEA,BAL,SEA,6.0,3.0,+122,-156,+130,-146,+115,-150,,,+110,-150,+115,-150,+114,-146,+115,-150,+123,-152,+123,-152,+115,-150,,,+130,-160,,,,,,,,
2024-05-19,PHI @ WSH,PHI,WSH,11.0,5.0,-105,-125,+105,-121,EVEN,-130,,,-110,-125,EVEN,-130,-104,-122,+105,-135,-104,-121,-104,-121,EVEN,-130,,,EVEN,-130,,,,,,,,
2024-05-19,CWS @ NYY,CWS,NYY,7.0,2.0,-130,-105,-115,-103,-120,-110,,,-120,-110,-120,-110,-122,-104,-115,-115,-121,-103,-121,-103,-120,-110,,,-125,-105,,,,,,,,
2024-05-19,TB @ TOR,TB,TOR,5.0,2.0,-120,-110,+115,-105,-105,-120,,,-125,-105,-105,-120,-108,-118,EVEN,-130,EVEN,-125,EVEN,-125,-105,-120,,,+115,-145,,,,,,,,
2024-05-20,ATL @ SD,ATL,SD,5.0,6.0,-104,-122,+115,-142,+115,-145,,,+110,-145,+115,-150,+112,-142,+115,-150,+112,-148,+112,-148,+115,-150,,,+115,-145,,,,,,,,
2024-05-20,CWS @ TOR,CWS,TOR,9.0,3.0,+104,-132,+115,-125,+110,-140,-105,-125,+110,-150,+110,-140,+108,-138,+115,-150,+105,-136,+105,-136,+110,-140,,,+110,-140,,,,,,,,
2024-05-20,CLE @ NYM,CLE,NYM,3.0,1.0,-122,-104,-110,+105,-125,-105,-125,-105,-130,-105,-115,-110,-130,+102,-110,-120,-130,+105,-130,+105,-115,-110,,,-125,-105,,,,,,,,
2024-05-20,MIA @ MIL,MIA,MIL,3.0,2.0,EVEN,-128,EVEN,-110,-115,-110,-115,-115,-110,-120,-115,-110,-113,-113,EVEN,-130,-112,-113,-112,-113,-115,-110,,,-120,-110,,,,,,,,
2024-05-21,CLE @ NYM,CLE,NYM,7.0,6.0,-136,+108,-124,+115,-135,+105,-145,+115,-140,+105,-135,+105,-142,+112,-135,+105,-124,EVEN,-124,EVEN,-135,+105,,,-135,+105,,,,,,,,
2024-05-21,PIT @ SF,PIT,SF,7.0,6.0,+104,-132,-103,-108,-115,-115,-115,-115,-115,-115,-110,-115,-118,-108,-115,-115,-103,-122,-103,-122,-110,-115,,,-120,-110,,,,,,,,
2024-05-21,PHI @ TEX,PHI,TEX,5.0,2.0,-104,-122,-105,-110,-105,-125,-105,-125,-115,-115,-105,-120,-113,-113,-110,-120,-115,-110,-115,-110,-105,-120,,,-105,-125,,,,,,,,
2024-05-21,MIA @ MIL,MIA,MIL,5.0,7.0,EVEN,-130,+110,-124,+110,-125,+105,-135,+110,-145,EVEN,-125,-102,-125,EVEN,-130,EVEN,-124,EVEN,-124,EVEN,-125,,,+110,-140,,,,,,,,
2024-05-21,CIN @ SD,CIN,SD,2.0,0.0,-111,-115,-108,EVEN,-115,-115,-115,-115,-135,EVEN,-115,-110,-111,-115,-110,-120,-108,-115,-108,-115,-115,-110,,,-115,-115,,,,,,,,
2024-05-22,BAL @ STL,BAL,STL,3.0,1.0,-113,-113,-115,EVEN,-120,-110,-120,-110,-130,EVEN,-120,-110,-115,-111,-120,-110,-121,-104,-121,-104,-120,-110,,,-115,-115,,,,,,,,
2024-05-22,MIN @ WSH,MIN,WSH,2.0,3.0,-113,-113,-115,+102,-130,-105,-120,-110,-125,-105,-130,EVEN,-130,+102,-120,-110,-125,+102,-125,+102,-130,EVEN,,,-115,-115,,,,,,,,
2024-05-22,CLE @ NYM,CLE,NYM,6.0,3.0,-120,-106,-120,EVEN,-120,-102,-130,EVEN,-135,EVEN,-120,-110,-125,-102,-120,-110,-122,-104,-122,-104,-120,-110,,,-120,-110,,,,,,,,
2024-05-22,DET @ KC,DET,KC,8.0,3.0,+104,-132,+140,-150,+128,-170,+140,-170,+125,-170,+115,-150,+128,-162,+115,-150,+125,-157,+125,-157,+115,-150,,,+130,-160,,,,,,,,
2024-05-23,PIT @ SF,PIT,SF,6.0,7.0,-115,-115,+110,-127,+110,-130,+110,-140,-105,-130,+110,-140,+102,-130,+110,-145,-103,-127,-103,-127,+110,-140,,,,,,,,,,,,
2024-05-23,NYY @ SEA,NYY,SEA,5.0,0.0,+102,-130,+115,-120,EVEN,-135,-110,-120,EVEN,-135,EVEN,-130,+106,-136,+110,-145,+104,-129,+104,-129,EVEN,-130,,,+115,-145,,,,,,,,
2024-05-23,PHI @ TEX,PHI,TEX,5.0,2.0,-115,-111,+110,-115,-105,-120,-115,-115,-105,-125,-105,-120,-104,-122,+110,-140,EVEN,-124,EVEN,-124,-105,-120,,,-110,-120,,,,,,,,
2024-05-23,CIN @ SD,CIN,SD,4.0,6.0,-130,+102,-110,EVEN,-115,EVEN,-115,-115,-130,EVEN,-125,EVEN,-115,-111,-120,-110,-125,EVEN,-125,EVEN,-125,EVEN,,,-110,-120,,,,,,,,
2024-05-23,ATL @ CHC,ATL,CHC,0.0,3.0,-125,-105,-105,EVEN,-118,-110,-120,-110,-130,EVEN,-110,-115,-118,-108,-105,-125,-122,-103,-122,-103,-110,-115,,,-105,-125,,,,,,,,
2024-05-24,DET @ TOR,DET,TOR,6.0,2.0,-106,-120,-105,-105,-110,-115,-115,-115,-110,-120,-110,-115,-111,-115,-105,-125,-114,-109,-114,-109,-110,-115,,,-125,-105,,,,,,,,
2024-05-24,ATL @ PIT,ATL,PIT,11.0,5.0,-150,+110,-115,+104,-115,-105,-125,-105,-130,EVEN,-115,-110,-132,+104,-115,-115,-125,EVEN,-125,EVEN,-115,-110,,,-115,-115,,,,,,,,
2024-05-24,SEA @ WSH,SEA,WSH,6.0,1.0,-105,-130,+125,-134,+115,-150,+105,-135,+115,-150,+115,-150,+116,-148,+125,-160,+104,-134,+104,-134,+115,-150,,,+120,-150,,,,,,,,
2024-05-24,KC @ TB,KC,TB,1.0,8.0,-110,-120,EVEN,-117,EVEN,-125,-105,-125,EVEN,-135,EVEN,-125,-102,-125,-105,-125,-107,-117,-105,-118,EVEN,-125,,,EVEN,-130,,,,,,,,
2024-05-24,CIN @ LAD,CIN,LAD,9.0,6.0,-140,+110,-130,+120,-138,+105,-150,+120,-140,+105,-135,+105,-138,+108,-130,EVEN,-143,+110,-143,+110,-135,+105,,,-130,EVEN,,,,,,,,
2024-05-25,DET @ TOR,DET,TOR,2.0,1.0,-110,-120,+110,-120,EVEN,-130,-110,-120,+110,-145,+105,-135,-102,-125,+110,-145,+107,-132,+107,-132,+105,-135,,,EVEN,-130,,,,,,,,
2024-05-25,NYM @ SF,NYM,SF,2.0,7.0,+110,-145,+115,-120,EVEN,-130,EVEN,-130,EVEN,-130,-105,-120,+112,-142,EVEN,-130,-110,-121,-110,-121,-105,-120,,,+115,-145,,,,,,,,
2024-05-25,MIN @ TEX,MIN,TEX,5.0,3.0,-120,-110,-105,-114,-115,-115,-115,-115,-115,-115,-110,-115,-106,-120,-105,-125,-109,-114,-109,-114,-110,-115,,,-105,-125,,,,,,,,
2024-05-25,BAL @ CWS,BAL,CWS,3.0,5.0,-115,-115,+105,-115,-105,-125,-115,-115,-105,-125,EVEN,-125,-106,-120,+105,-135,-106,-118,-106,-118,EVEN,-125,,,-105,-125,,,,,,,,
2024-05-25,SEA @ WSH,SEA,WSH,3.0,1.0,-125,-110,-110,-109,-115,-115,-115,-115,-115,-115,-110,-115,-115,-111,-115,-115,-114,-109,-114,-109,-110,-115,,,-110,-120,,,,,,,,
2024-05-26,DET @ TOR,DET,TOR,14.0,11.0,-102,-125,EVEN,-115,-110,-120,-110,-120,-105,-130,-105,-120,-111,-115,EVEN,-130,EVEN,-127,EVEN,-127,-105,-120,,,-110,-120,,,,,,,,
2024-05-26,CIN @ LAD,CIN,LAD,4.0,1.0,-115,-115,-105,EVEN,-118,-110,-120,-110,-130,EVEN,-105,-120,-118,-108,-110,-120,-120,-106,-120,-106,-105,-120,,,-115,-115,,,,,,,,
2024-05-26,ATL @ PIT,ATL,PIT,1.0,8.0,-104,-122,+110,-113,-105,-130,-110,-120,-105,-130,EVEN,-130,-113,-113,+105,-140,-105,-120,-105,-120,EVEN,-130,,,+110,-140,,,,,,,,
2024-05-26,SEA @ WSH,SEA,WSH,5.0,9.0,-110,-120,EVEN,-103,-115,-110,-125,-105,-120,-110,-115,-110,-122,-104,-110,-120,-121,-103,-121,-103,-115,-110,,,EVEN,-130,,,,,,,,
2024-05-26,BOS @ MIL,BOS,MIL,2.0,1.0,-105,-125,-105,-108,-115,-115,-115,-115,-115,-115,-105,-120,-118,-108,-110,-120,-115,-108,-115,-108,-105,-120,,,-110,-120,,,,,,,,
2024-05-27,BAL @ BOS,BAL,BOS,11.0,3.0,-118,-108,EVEN,-106,-115,-115,-115,-115,-115,-115,-110,-120,-120,-106,EVEN,-130,-115,-108,-115,-108,-110,-120,,,-120,-110,,,,,,,,
2024-05-27,CWS @ TOR,CWS,TOR,1.0,5.0,-120,-110,-105,-104,-120,-110,-120,-110,-120,-110,-110,-115,-122,-104,-105,-125,-117,-107,-117,-107,-110,-115,,,-120,-110,,,,,,,,
2024-05-27,KC @ MIN,KC,MIN,6.0,5.0,-108,-118,+115,-125,EVEN,-132,EVEN,-130,+105,-140,EVEN,-125,+104,-132,+115,-150,+110,-137,+102,-127,EVEN,-125,,,+115,-145,,,,,,,,
2024-05-27,CIN @ STL,CIN,STL,3.0,1.0,-140,+105,-102,-110,-115,-115,-115,-115,-120,-115,-115,-110,-102,-125,-110,-120,-110,-113,-110,-113,-115,-110,,,-115,-115,,,,,,,,
2024-05-27,CHC @ MIL,CHC,MIL,5.0,1.0,+115,-145,+110,-124,+105,-135,+105,-135,-105,-125,+105,-135,+106,-136,+110,-145,EVEN,-124,EVEN,-124,+105,-135,,,EVEN,-130,,,,,,,,
2024-05-28,LAD @ NYM,LAD,NYM,2.0,5.0,EVEN,-130,+105,-111,-105,-120,,,-105,-125,+105,-135,-115,-111,+105,-135,+102,-127,+102,-127,+105,-135,,,-110,-120,,,,,,,,
2024-05-28,BAL @ BOS,BAL,BOS,3.0,8.0,-106,-120,-105,-115,-105,-120,-115,-115,-110,-120,-105,-120,-106,-120,-110,-120,-106,-118,-106,-118,-105,-120,,,-105,-125,,,,,,,,
2024-05-28,CIN @ STL,CIN,STL,1.0,7.0,-111,-115,-105,EVEN,-115,-115,-115,-115,-135,EVEN,-130,EVEN,-111,-115,-120,-110,-117,-107,-117,-107,-130,EVEN,,,-105,-125,,,,,,,,
2024-05-28,Tampa Bay @ TB,Tampa Bay,TB,0.0,3.0,-105,-125,EVEN,-120,EVEN,-130,EVEN,-130,-110,-120,EVEN,-130,EVEN,-128,-105,-125,EVEN,-124,EVEN,-124,EVEN,-130,,,-105,-125,,,,,,,,
2024-05-28,ATL @ WSH,ATL,WSH,2.0,0.0,EVEN,-128,-104,-114,-115,-115,-115,-115,-105,-125,-115,-115,-104,-122,-105,-125,-109,-114,-109,-114,-115,-115,,,-115,-115,,,,,,,,
2024-05-29,DET @ PIT,DET,PIT,8.0,0.0,+120,-150,+140,-150,+120,-185,,,+140,-185,,,,,+120,-155,,,,,,,,,+120,-150,,,,,,,,
2024-05-29,CIN @ STL,CIN,STL,3.0,5.0,-125,-105,-110,EVEN,-130,EVEN,-130,EVEN,-130,EVEN,-120,-105,-118,-108,-125,-105,-121,-103,-121,-103,-120,-105,,,-110,-120,,,,,,,,
2024-05-29,ARI @ TEX,ARI,TEX,6.0,1.0,-120,-110,-115,EVEN,-120,-115,-120,-110,-120,-115,-130,EVEN,-122,-104,-120,-110,-115,-108,-115,-108,-130,EVEN,,,-115,-115,,,,,,,,
2024-05-29,PHI @ SF,PHI,SF,1.0,6.0,+110,-140,+110,-120,-110,-120,-105,-125,-110,-120,+110,-140,+108,-138,+105,-135,-103,-121,-103,-121,+110,-140,,,-110,-120,,,,,,,,
2024-05-30,KC @ MIN,KC,MIN,7.0,6.0,-105,-130,-105,-111,-110,-120,-110,-120,-105,-130,-110,-120,-115,-111,-110,-120,-107,-118,-107,-118,-110,-120,,,-115,-115,,,,,,,,
2024-05-30,Tampa Bay @ TB,Tampa Bay,TB,6.0,5.0,-105,-120,+102,-115,EVEN,-120,-115,-115,-110,-120,-105,-120,EVEN,-128,-105,-125,+102,-134,+102,-134,-105,-120,,,EVEN,-130,,,,,,,,
2024-05-30,CHC @ MIL,CHC,MIL,6.0,4.0,-115,-115,+107,-120,+105,-135,+105,-135,+105,-135,EVEN,-125,-104,-122,-105,-125,+107,-136,+107,-136,EVEN,-125,,,-110,-120,,,,,,,,
2024-05-30,HOU @ SEA,HOU,SEA,0.0,4.0,-115,-115,+115,-136,+110,-140,+110,-140,+105,-140,+110,-140,+112,-142,+115,-145,+108,-136,+108,-136,+110,-140,,,+115,-145,,,,,,,,
2024-05-30,ARI @ NYM,ARI,NYM,3.0,2.0,-110,-120,+120,-130,+110,-150,EVEN,-130,+110,-150,+120,-160,+118,-150,+120,-155,+110,-143,+110,-143,+120,-160,,,+110,-140,,,,,,,,
2024-05-31,CHC @ CIN,CHC,CIN,4.0,5.0,+105,-135,+104,-115,-115,-115,-115,-115,-115,-115,-110,-115,-108,-118,EVEN,-130,+102,-127,+104,-129,-110,-115,,,EVEN,-130,,,,,,,,
2024-05-31,PHI @ STL,PHI,STL,4.0,2.0,+106,-136,+105,-115,+105,-135,-115,-115,-105,-125,+105,-135,EVEN,-128,+105,-135,+104,-129,+104,-129,+105,-135,,,+105,-135,,,,,,,,
2024-05-31,BAL @ TB,BAL,TB,3.0,1.0,-111,-115,+115,-118,-110,-120,-110,-120,+105,-135,-110,-120,+102,-130,+105,-135,-106,-118,-106,-118,-110,-120,,,+115,-145,,,,,,,,
2024-05-31,PIT @ TOR,PIT,TOR,5.0,3.0,-104,-122,EVEN,-110,-115,-120,-115,-115,EVEN,-130,-115,-110,-106,-120,-105,-125,-103,-122,-103,-122,-115,-110,,,-105,-125,,,,,,,,
2024-05-31,CLE @ WSH,CLE,WSH,7.0,1.0,-111,-115,+110,-120,EVEN,-140,-110,-120,+105,-140,EVEN,-130,EVEN,-128,EVEN,-130,+102,-127,+102,-127,EVEN,-130,,,+110,-140,,,,,,,,
2024-06-01,PIT @ TOR,PIT,TOR,1.0,8.0,EVEN,-128,+110,-120,+105,-135,-110,-120,EVEN,-135,+105,-135,+102,-130,+110,-145,+105,-134,+105,-134,+105,-135,,,+105,-135,,,,,,,,
2024-06-01,BAL @ TB,BAL,TB,9.0,5.0,-106,-120,+110,-120,EVEN,-135,-110,-120,EVEN,-135,EVEN,-130,+106,-136,+110,-145,-103,-125,EVEN,-124,EVEN,-130,,,+105,-135,,,,,,,,
2024-06-01,Atlanta @ ATL,Atlanta,ATL,9.0,11.0,-110,-120,EVEN,-118,-105,-120,-110,-120,-105,-125,-105,-120,-108,-118,EVEN,-130,-103,-122,-105,-120,-105,-120,,,EVEN,-130,,,,,,,,
2024-06-01,KC @ SD,KC,SD,3.0,7.0,-125,-102,-120,+106,-125,-105,-120,-110,-130,-105,-120,-110,-125,-102,-130,EVEN,-130,+106,-130,+106,-120,-110,,,-125,-105,,,,,,,,
2024-06-01,CLE @ WSH,CLE,WSH,3.0,2.0,-125,-102,+110,-120,-105,-120,-110,-120,-105,-130,+105,-135,-106,-120,+110,-145,-103,-127,-103,-127,+105,-135,,,-105,-125,,,,,,,,
2024-06-02,HOU @ MIN,HOU,MIN,3.0,4.0,-115,-115,+105,-120,EVEN,-125,-110,-120,-105,-125,EVEN,-125,+104,-132,-105,-125,EVEN,-125,EVEN,-125,EVEN,-125,,,+105,-135,,,,,,,,
2024-06-02,BAL @ TB,BAL,TB,3.0,4.0,-135,EVEN,-110,EVEN,-115,-110,-125,-105,-120,-110,-115,-110,-111,-115,-115,-115,-125,EVEN,-125,EVEN,-115,-110,,,-110,-120,,,,,,,,
2024-06-02,Atlanta @ ATL,Atlanta,ATL,3.0,1.0,-122,-104,-110,-110,-115,-115,-120,-110,-115,-115,-115,-110,-111,-115,-115,-115,-113,-110,-113,-110,-115,-110,,,-110,-120,,,,,,,,
2024-06-02,BOS @ DET,BOS,DET,4.0,8.0,-120,-110,-110,EVEN,-125,EVEN,-115,-115,-120,-110,-125,EVEN,-128,EVEN,-110,-120,-124,-103,-124,-103,-125,EVEN,,,-125,-105,,,,,,,,
2024-06-02,PIT @ TOR,PIT,TOR,5.0,4.0,-104,-122,EVEN,-115,-105,-120,-115,-115,-110,-120,-105,-120,-102,-125,-105,-125,-108,-115,-108,-115,-105,-120,,,EVEN,-130,,,,,,,,
2024-06-03,MIL @ PHI,MIL,PHI,3.0,1.0,-115,-115,EVEN,-115,EVEN,-130,EVEN,-130,-110,-120,EVEN,-130,-111,-115,-110,-120,-106,-117,-106,-117,EVEN,-130,,,-105,-125,,,,,,,,
2024-06-03,NYM @ WSH,NYM,WSH,7.0,8.0,EVEN,-130,+140,-132,+105,-145,+105,-135,+105,-140,+110,-145,+104,-132,+115,-145,+114,-143,+114,-143,+110,-145,,,+140,-170,,,,,,,,
2024-06-03,BAL @ TOR,BAL,TOR,2.0,7.0,+105,-135,+120,-135,+110,-140,+105,-135,+110,-145,+110,-140,+106,-136,+110,-140,+116,-148,+116,-148,+110,-140,,,+120,-150,,,,,,,,
2024-06-03,DET @ TEX,DET,TEX,1.0,2.0,+104,-132,+150,-159,+130,-160,+130,-160,+130,-175,+125,-160,+136,-174,+130,-175,+128,-159,+128,-159,+125,-160,,,+150,-180,,,,,,,,
2024-06-03,HOU @ STL,HOU,STL,7.0,4.0,+105,-135,+105,-115,-105,-125,-110,-120,-105,-125,+105,-135,EVEN,-128,+105,-135,-106,-118,-106,-118,+105,-135,,,-115,-115,,,,,,,,
2024-06-04,MIL @ PHI,MIL,PHI,2.0,1.0,-122,-104,-110,+105,-110,-110,-135,+105,-110,-125,-120,-110,-122,-104,-125,-105,-114,-110,-114,-110,-120,-110,,,-110,-120,,,,,,,,
2024-06-04,CLE @ KC,CLE,KC,8.0,5.0,-113,-113,EVEN,-115,-106,-120,-115,-115,-110,-120,EVEN,-125,-106,-120,-105,-125,-105,-122,-105,-122,EVEN,-125,,,-105,-125,,,,,,,,
2024-06-04,LAD @ PIT,LAD,PIT,1.0,0.0,EVEN,-128,+110,-129,+105,-135,+110,-140,EVEN,-135,+105,-135,+104,-132,+110,-140,+104,-129,+104,-129,+105,-135,,,+105,-135,,,,,,,,
2024-06-04,MIA @ TB,MIA,TB,5.0,9.0,EVEN,-128,+120,-140,+112,-145,+110,-140,+110,-145,+120,-155,+112,-142,+120,-155,+115,-143,+115,-143,+120,-155,,,+120,-150,,,,,,,,
2024-06-04,NYM @ WSH,NYM,WSH,3.0,6.0,-113,-113,-110,EVEN,-120,-106,-130,EVEN,-120,-110,-120,-105,-120,-106,-120,-110,-117,-107,-117,-107,-120,-105,,,-110,-120,,,,,,,,
2024-06-05,ATL @ BOS,ATL,BOS,9.0,0.0,-136,+106,-115,+114,-135,+105,-135,+105,-130,-105,-135,+105,-136,+106,-120,-110,-150,+114,-150,+114,-135,+105,,,-115,-115,,,,,,,,
2024-06-05,HOU @ STL,HOU,STL,2.0,4.0,-118,-108,EVEN,-108,-115,-115,-115,-115,EVEN,-135,-120,-110,-118,-108,-110,-120,-113,-110,-113,-110,-120,-110,,,-115,-115,,,,,,,,
2024-06-05,CIN @ COL,CIN,COL,7.0,12.0,-170,+132,-140,+120,-140,+112,-140,+110,-160,+120,-155,+120,-142,+112,-145,+110,-155,+117,-167,+110,-155,+120,,,-140,+110,,,,,,,,
2024-06-05,ARI @ SF,ARI,SF,3.0,9.0,+105,-135,+110,-114,EVEN,-125,-105,-125,+105,-140,EVEN,-125,-102,-125,-105,-125,-109,-114,-109,-114,EVEN,-125,,,+110,-140,,,,,,,,
2024-06-05,MIL @ PHI,MIL,PHI,2.0,0.0,-115,-111,-110,-104,-110,-120,-120,-110,-110,-120,-110,-115,-115,-113,-110,-120,-120,-104,-120,-104,-110,-115,,,-110,-120,,,,,,,,
2024-06-06,BAL @ TOR,BAL,TOR,6.0,5.0,-113,-113,EVEN,-113,EVEN,-125,-110,-120,-105,-125,EVEN,-125,-108,-118,EVEN,-130,-110,-113,-110,-113,EVEN,-125,,,EVEN,-130,,,,,,,,
2024-06-06,CLE @ KC,CLE,KC,3.0,4.0,-104,-122,+110,-125,+105,-135,EVEN,-130,+105,-135,+105,-135,+104,-132,+110,-140,EVEN,-129,EVEN,-129,+105,-135,,,-105,-125,,,,,,,,
2024-06-06,Athletics @ SEA,Athletics,SEA,0.0,3.0,+110,-140,+110,-127,+110,-140,+110,-140,+105,-140,EVEN,-130,+102,-130,+110,-145,+102,-127,+102,-127,EVEN,-130,,,+110,-140,,,,,,,,
2024-06-06,LAD @ PIT,LAD,PIT,7.0,11.0,+105,-135,-115,+106,-122,-105,-125,-105,-130,-105,-115,-110,-122,-104,-115,-115,-125,-104,-132,+106,-115,-110,,,-120,-110,,,,,,,,
2024-06-06,ATL @ WSH,ATL,WSH,2.0,5.0,EVEN,-130,EVEN,-112,-110,-120,-115,-115,-110,-120,-105,-120,-111,-115,EVEN,-130,-112,-112,-104,-122,-105,-120,,,-110,-120,,,,,,,,
2024-06-07,MIN @ PIT,MIN,PIT,3.0,0.0,EVEN,-128,+120,-127,+105,-146,+120,-150,+115,-150,+105,-135,+114,-146,+115,-150,+102,-127,+102,-127,+105,-135,,,+105,-135,,,,,,,,
2024-06-07,DET @ MIL,DET,MIL,0.0,10.0,+115,-145,EVEN,-110,EVEN,-130,EVEN,-130,EVEN,-130,-110,-115,-111,-115,-110,-120,-113,-110,-113,-110,-110,-115,,,EVEN,-130,,,,,,,,
2024-06-07,ATL @ WSH,ATL,WSH,2.0,1.0,EVEN,-128,+115,-135,+105,-135,+110,-140,+115,-150,+105,-135,+106,-136,+110,-145,+107,-136,+107,-136,+105,-135,,,+105,-135,,,,,,,,
2024-06-07,BAL @ TB,BAL,TB,3.0,6.0,-104,-122,+105,-114,-110,-130,-115,-115,-110,-125,-110,-120,+102,-130,+105,-135,-113,-114,-113,-114,-110,-120,,,EVEN,-130,,,,,,,,
2024-06-07,LAD @ NYY,LAD,NYY,1.0,2.0,-125,-102,-110,EVEN,-115,-120,-115,-115,-115,-120,-110,-120,-128,EVEN,-115,-115,-125,EVEN,-125,EVEN,-110,-120,,,-120,-110,,,,,,,,
2024-06-08,NYM @ PHI,NYM,PHI,2.0,7.0,-140,+105,-115,+105,-135,EVEN,-135,+105,-135,EVEN,-130,EVEN,-122,-104,-125,-105,-125,EVEN,-125,EVEN,-130,EVEN,,,-115,-115,,,,,,,,
2024-06-08,SF @ TEX,SF,TEX,1.0,3.0,-104,-122,+102,-120,EVEN,-125,-110,-120,-105,-125,EVEN,-125,+102,-130,EVEN,-130,-103,-122,-103,-122,EVEN,-125,,,EVEN,-130,,,,,,,,
2024-06-08,ATL @ WSH,ATL,WSH,7.0,3.0,EVEN,-130,+110,-118,EVEN,-120,-110,-120,EVEN,-135,-105,-120,EVEN,-128,-105,-125,-106,-118,-106,-118,-105,-120,,,+110,-140,,,,,,,,
2024-06-08,MIN @ PIT,MIN,PIT,4.0,0.0,-125,-105,-110,-105,-120,-110,-120,-110,-120,-110,-120,-110,-111,-115,-115,-115,-118,-105,-118,-105,-120,-110,,,-110,-120,,,,,,,,
2024-06-08,Athletics @ TOR,Athletics,TOR,0.0,7.0,EVEN,-135,+120,-125,+106,-150,-105,-125,+115,-150,EVEN,-130,+106,-136,+110,-140,+107,-132,+107,-132,EVEN,-130,,,+120,-150,,,,,,,,
2024-06-09,NYM @ PHI,NYM,PHI,5.0,6.0,-160,+120,-158,+155,-170,+130,-190,+155,-170,+130,-165,+130,-158,+124,-175,+130,-175,+140,-175,+140,-165,+130,,,-160,+125,,,,,,,,
2024-06-09,SF @ TEX,SF,TEX,7.0,2.0,+104,-132,+112,-125,-105,-130,-105,-125,-105,-130,EVEN,-130,+108,-138,+110,-140,+112,-139,+112,-139,EVEN,-130,,,+110,-140,,,,,,,,
2024-06-09,MIN @ PIT,MIN,PIT,5.0,11.0,-115,-115,+110,-113,+105,-140,+110,-140,+105,-140,+105,-135,EVEN,-128,+105,-135,-109,-113,-109,-113,+105,-135,,,EVEN,-130,,,,,,,,
2024-06-09,ATL @ WSH,ATL,WSH,8.0,5.0,-125,-110,-120,+105,-132,EVEN,-135,+105,-135,EVEN,-120,-105,-132,+104,-130,EVEN,-129,+104,-129,+104,-120,-105,,,-120,-110,,,,,,,,
2024-06-09,CLE @ MIA,CLE,MIA,3.0,6.0,-120,-110,-105,-104,-115,-115,-115,-115,-120,-110,-110,-115,-122,-104,-105,-125,-107,-117,-107,-117,-110,-115,,,-105,-125,,,,,,,,
2024-06-10,BAL @ TB,BAL,TB,2.0,5.0,-102,-125,+140,-142,+125,-155,+125,-155,+130,-175,+120,-155,+112,-142,+120,-160,+116,-148,+116,-148,+120,-155,,,+140,-170,,,,,,,,
2024-06-10,COL @ MIN,COL,MIN,5.0,0.0,-104,-122,+102,-115,-105,-120,-105,-125,-115,-115,-105,-120,-106,-120,-105,-125,+102,-127,+102,-127,-105,-120,,,-105,-125,,,,,,,,
2024-06-10,MIL @ TOR,MIL,TOR,3.0,1.0,EVEN,-128,EVEN,-106,-105,-120,-105,-125,-105,-125,-105,-120,-120,-106,EVEN,-130,-112,-112,-112,-112,-105,-120,,,-110,-120,,,,,,,,
2024-06-10,KC @ NYY,KC,NYY,2.0,4.0,-110,-120,+105,-113,-105,-130,-115,-115,-105,-130,-105,-120,-113,-113,+105,-135,-114,-118,-114,-118,-105,-120,,,EVEN,-130,,,,,,,,
2024-06-10,CWS @ SEA,CWS,SEA,8.0,4.0,+122,-156,+140,-150,+125,-150,+120,-150,+125,-165,+115,-150,+122,-156,+125,-160,+123,-155,+120,-150,+115,-150,,,+140,-170,,,,,,,,
2024-06-11,ATL @ BAL,ATL,BAL,4.0,0.0,+106,-136,+120,-132,+115,-145,+105,-135,+115,-155,+120,-150,+104,-132,+115,-150,+110,-137,+110,-137,+120,-150,,,+115,-145,,,,,,,,
2024-06-11,DET @ WSH,DET,WSH,4.0,5.0,-106,-120,+105,-120,-105,-120,-110,-120,-110,-120,EVEN,-125,EVEN,-128,+105,-135,+102,-127,+102,-127,EVEN,-125,,,-105,-130,,,,,,,,
2024-06-11,CHC @ TB,CHC,TB,5.0,2.0,-102,-125,+125,-120,+106,-140,-110,-120,+105,-140,+115,-145,+106,-136,+110,-140,+102,-127,+102,-127,+115,-145,,,+125,-160,,,,,,,,
2024-06-11,MIA @ NYM,MIA,NYM,2.0,4.0,EVEN,-128,+130,-132,+112,-135,+105,-135,EVEN,-135,+110,-145,+112,-142,+120,-155,+107,-132,+107,-132,+110,-145,,,+130,-165,,,,,,,,
2024-06-11,BOS @ PHI,BOS,PHI,1.0,4.0,+108,-138,+120,-128,EVEN,-140,EVEN,-130,+105,-140,+110,-140,EVEN,-128,+115,-145,+102,-130,+102,-130,+110,-140,,,+120,-150,,,,,,,,
2024-06-12,COL @ MIN,COL,MIN,17.0,9.0,-104,-122,+110,-128,EVEN,-130,EVEN,-130,+110,-145,EVEN,-130,EVEN,-128,+105,-135,+105,-132,+105,-132,EVEN,-130,,,EVEN,-130,,,,,,,,
2024-06-12,MIL @ TOR,MIL,TOR,5.0,4.0,-113,-113,-105,-108,-115,-120,-115,-115,-110,-120,-120,-110,-118,-108,-105,-125,-120,-108,-120,-108,-120,-110,,,-105,-120,,,,,,,,
2024-06-12,HOU @ SF,HOU,SF,5.0,3.0,+112,-142,+130,-145,+130,-160,+130,-160,+130,-175,+120,-155,+126,-162,+115,-150,+128,-162,+128,-162,+120,-155,,,+115,-145,,,,,,,,
2024-06-12,San Diego @ SD,San Diego,SD,5.0,4.0,-102,-125,+115,-120,+105,-130,-110,-120,+105,-140,EVEN,-130,+112,-142,+105,-135,+114,-152,+114,-152,EVEN,-130,,,+115,-145,,,,,,,,
2024-06-12,ATL @ BAL,ATL,BAL,4.0,2.0,-122,-104,-110,-105,-125,-105,-115,-115,-125,-105,-120,-105,-111,-115,-110,-120,-114,-109,-114,-109,-120,-105,,,-125,-105,,,,,,,,
2024-06-13,ATL @ BAL,ATL,BAL,3.0,6.0,-108,-118,EVEN,-105,-120,-115,-120,-110,-110,-120,-120,-105,-111,-115,-110,-120,-113,-110,-113,-110,-120,-105,,,EVEN,-130,,,,,,,,
2024-06-13,DET @ WSH,DET,WSH,7.0,2.0,-105,-125,-115,+110,-130,EVEN,-135,+105,-130,EVEN,-130,EVEN,-115,-111,-130,EVEN,-129,+104,-129,+104,-130,EVEN,,,-140,+110,,,,,,,,
2024-06-13,KC @ NYY,KC,NYY,4.0,3.0,-148,+116,-135,+130,-160,+130,-160,+130,-160,+120,-135,+105,-166,+130,-160,+120,-159,+128,-159,+128,-135,+105,,,-140,+110,,,,,,,,
2024-06-13,PIT @ STL,PIT,STL,4.0,3.0,-106,-120,EVEN,-112,-110,-120,-115,-115,EVEN,-130,-110,-120,-113,-113,-105,-125,-112,-112,-112,-112,-110,-120,,,-110,-120,,,,,,,,
2024-06-13,CHC @ TB,CHC,TB,3.0,2.0,-102,-125,+130,-132,+105,-150,+105,-135,+105,-140,+115,-150,+104,-132,+110,-140,+108,-134,+108,-134,+130,-160,,,+120,-150,,,,,,,,
2024-06-14,CHC @ STL,CHC,STL,0.0,3.0,-106,-120,+120,-135,+110,-145,+120,-150,+110,-145,+105,-135,+114,-146,+120,-155,+118,-152,+118,-152,+105,-135,,,+110,-140,,,,,,,,
2024-06-14,BOS @ NYY,BOS,NYY,1.0,8.0,-142,+112,-110,+102,-115,-110,-115,-115,-120,-110,-115,-110,-125,-102,-115,-115,-127,+102,-127,+102,-115,-110,,,-110,-120,,,,,,,,
2024-06-14,MIA @ WSH,MIA,WSH,8.0,1.0,-110,-120,+105,-113,-110,-125,-115,-115,-105,-125,EVEN,-125,-113,-113,+105,-135,-109,-114,-109,-114,-110,-120,,,-110,-120,,,,,,,,
2024-06-14,BAL @ PHI,BAL,PHI,3.0,5.0,-125,-105,+125,-135,+110,-155,+110,-140,+115,-155,+120,-155,+108,-138,+125,-160,+120,-155,+120,-155,+120,-155,,,+105,-135,,,,,,,,
2024-06-14,CLE @ TOR,CLE,TOR,1.0,3.0,EVEN,-130,+105,-120,-105,-125,-105,-125,-105,-125,+105,-135,-102,-125,+105,-135,EVEN,-124,EVEN,-124,+105,-135,,,-110,-120,,,,,,,,
2024-06-15,CHC @ STL,CHC,STL,5.0,1.0,+110,-140,+140,-113,+105,-130,-105,-125,+105,-135,EVEN,-130,-113,-113,+110,-145,+104,-129,+104,-129,EVEN,-130,,,+140,-170,,,,,,,,
2024-06-15,CLE @ TOR,CLE,TOR,5.0,0.0,-120,-110,+110,-108,+110,-125,-115,-115,+110,-145,EVEN,-125,-118,-108,-110,-120,EVEN,-124,EVEN,-124,EVEN,-125,,,+110,-140,,,,,,,,
2024-06-15,MIA @ WSH,MIA,WSH,4.0,0.0,-120,-106,-105,-106,-120,-110,-120,-110,-115,-115,-105,-120,-120,-106,-110,-120,-107,-115,-107,-115,-105,-120,,,-120,-110,,,,,,,,
2024-06-15,LAA @ SF,LAA,SF,3.0,4.0,-111,-115,+115,-135,+105,-142,+115,-145,+110,-145,+105,-135,+112,-142,+110,-145,+115,-143,+115,-143,+105,-135,,,+105,-135,,,,,,,,
2024-06-15,BAL @ PHI,BAL,PHI,6.0,2.0,-136,+106,-105,-104,-110,-115,-115,-115,-110,-120,-110,-115,-122,-104,-105,-125,-112,-112,-112,-112,-110,-115,,,-120,-110,,,,,,,,
2024-06-16,CHC @ STL,CHC,STL,1.0,2.0,-166,+130,-130,+116,-140,+105,-140,+110,-140,+105,-140,+110,-130,+102,-135,+105,-143,+116,-143,+116,-140,+110,,,-135,+105,,,,,,,,
2024-06-16,BAL @ PHI,BAL,PHI,8.0,3.0,+105,-140,+115,-140,+112,-145,+115,-145,+110,-145,+110,-140,+112,-140,+115,-150,+115,-143,+115,-143,+110,-140,,,+115,-145,,,,,,,,
2024-06-16,MIA @ WSH,MIA,WSH,3.0,1.0,-110,-120,+105,-115,-106,-120,-115,-115,EVEN,-135,-110,-115,-106,-120,+105,-135,-103,-121,-103,-121,-110,-115,,,+105,-135,,,,,,,,
2024-06-16,ATL @ TB,ATL,TB,6.0,8.0,-115,-115,-105,EVEN,-120,-110,-120,-110,-120,-110,-110,-120,-111,-115,-105,-125,-124,EVEN,-124,EVEN,-110,-120,,,-125,-105,,,,,,,,
2024-06-16,CLE @ TOR,CLE,TOR,7.0,6.0,-105,-125,+120,-130,EVEN,-130,EVEN,-130,+110,-150,EVEN,-130,+108,-136,+120,-160,+110,-137,+110,-137,EVEN,-130,,,+115,-145,,,,,,,,
2024-06-17,PHI @ SD,PHI,SD,9.0,2.0,-128,EVEN,-120,+115,-120,EVEN,-145,+115,-140,+105,-120,-105,-128,EVEN,-120,-110,-125,EVEN,-124,EVEN,-120,-105,,,-120,-110,,,,,,,,
2024-06-17,MIA @ STL,MIA,STL,6.0,7.0,+104,-132,+145,-155,+130,-160,+145,-180,+130,-180,+125,-160,+124,-158,+125,-160,+123,-155,+123,-155,+125,-160,,,+130,-160,,,,,,,,
2024-06-17,CIN @ PIT,CIN,PIT,4.0,1.0,-120,-110,+140,-125,+115,-140,+115,-145,+105,-140,EVEN,-125,+106,-136,+110,-145,+108,-137,+108,-137,EVEN,-125,,,+140,-170,,,,,,,,
2024-06-17,BOS @ TOR,BOS,TOR,3.0,7.0,EVEN,-128,+130,-130,+114,-150,EVEN,-130,+110,-150,+115,-150,+114,-146,+110,-140,+104,-130,+104,-130,+115,-150,,,+130,-160,,,,,,,,
2024-06-17,ATL @ DET,ATL,DET,2.0,1.0,-106,-120,+115,-125,+110,-135,+110,-140,EVEN,-135,+105,-135,+102,-130,+115,-150,+102,-125,+102,-125,+105,-135,,,+110,-140,,,,,,,,
2024-06-18,MIA @ STL,MIA,STL,9.0,8.0,-108,-120,EVEN,-117,-105,-120,-110,-120,-110,-120,-105,-120,EVEN,-128,-105,-125,-107,-117,-107,-117,-105,-120,,,-105,-125,,,,,,,,
2024-06-18,CLE @ SEA,CLE,SEA,5.0,8.0,+102,-130,EVEN,-110,-120,-115,-115,-115,-120,-110,-120,-110,-111,-115,EVEN,-130,-109,-117,-109,-117,-120,-110,,,-110,-120,,,,,,,,
2024-06-18,PHI @ SD,PHI,SD,4.0,3.0,-122,-104,+105,-115,-110,-115,-115,-115,-105,-125,EVEN,-130,-111,-115,+105,-135,-106,-118,-106,-118,EVEN,-130,,,-110,-120,,,,,,,,
2024-06-18,CIN @ PIT,CIN,PIT,1.0,2.0,-113,-113,+110,-130,EVEN,-130,EVEN,-130,+110,-145,EVEN,-130,+102,-130,+110,-140,+105,-130,+105,-130,EVEN,-130,,,EVEN,-130,,,,,,,,
2024-06-18,ARI @ WSH,ARI,WSH,0.0,5.0,-125,-105,-105,EVEN,-120,-105,-120,-110,-125,-105,-120,-105,-120,-108,-105,-125,-129,EVEN,-114,-109,-120,-105,,,-125,-105,,,,,,,,
2024-06-19,ATL @ DET,ATL,DET,7.0,0.0,+114,-146,+140,-150,+128,-170,+135,-165,+125,-170,+115,-150,+128,-164,+125,-165,+117,-150,+117,-150,+115,-150,,,+140,-170,,,,,,,,
2024-06-19,CIN @ PIT,CIN,PIT,1.0,0.0,EVEN,-128,+110,-125,+105,-135,+110,-140,EVEN,-135,+105,-135,-102,-125,+105,-135,+110,-141,+110,-141,+105,-135,,,+105,-135,,,,,,,,
2024-06-19,MIA @ STL,MIA,STL,4.0,3.0,-105,-125,-104,-115,-110,-120,-110,-120,-120,-115,-105,-120,-104,-122,-105,-125,-105,-120,-105,-120,-105,-120,,,-110,-120,,,,,,,,
2024-06-19,PHI @ SD,PHI,SD,2.0,5.0,-122,-104,-105,-106,-115,-115,-115,-115,-110,-125,-105,-120,-113,-113,-105,-125,-120,-106,-120,-106,-105,-120,,,-115,-115,,,,,,,,
2024-06-19,CHC @ SF,CHC,SF,6.0,5.0,-145,+115,-140,+120,-146,+110,-140,+110,-150,+110,-140,+110,-146,+114,-150,+115,-141,+114,-141,+114,-140,+110,,,-150,+120,,,,,,,,
2024-06-20,ARI @ WSH,ARI,WSH,2.0,5.0,-125,-105,-105,-105,-120,-111,-125,-105,-120,-115,-105,-120,-115,-111,-105,-125,-113,-112,-113,-112,-105,-120,,,-120,-110,,,,,,,,
2024-06-20,MIN @ TB,MIN,TB,6.0,7.0,-110,-120,EVEN,-113,-105,-125,-105,-125,-105,-135,-105,-120,-113,-113,EVEN,-130,-103,-122,-103,-122,-105,-120,,,EVEN,-130,,,,,,,,
2024-06-20,CLE @ SEA,CLE,SEA,6.0,3.0,-115,-115,+110,-115,EVEN,-130,-115,-115,-105,-130,EVEN,-125,+106,-136,+110,-140,-109,-115,-109,-115,EVEN,-125,,,EVEN,-130,,,,,,,,
2024-06-20,CWS @ HOU,CWS,HOU,3.0,5.0,-125,-105,-110,+105,-120,-110,-135,+105,-125,-110,-115,-110,-120,-106,-110,-120,-130,EVEN,-130,EVEN,-115,-110,,,-120,-110,,,,,,,,
2024-06-20,COL @ LAD,COL,LAD,3.0,5.0,-160,+130,-148,+130,-155,+120,-155,+125,-160,+115,-155,+120,-148,+116,-165,+125,,,,,-155,+120,,,-160,+130,,,,,,,,
2024-06-21,CHC @ NYM,CHC,NYM,1.0,11.0,EVEN,-130,+120,-140,+112,-150,+110,-140,+120,-165,+110,-145,+112,-142,+120,-160,+112,-143,-104,-152,+110,-145,,,+120,-150,,,,,,,,
2024-06-21,PIT @ TB,PIT,TB,3.0,10.0,-105,-125,EVEN,-110,-115,-115,-115,-115,-120,-110,EVEN,-125,-113,-113,-115,-115,-107,-117,-107,-117,EVEN,-125,,,-115,-115,,,,,,,,
2024-06-21,CWS @ DET,CWS,DET,2.0,1.0,-102,-125,+140,-140,+120,-165,+110,-140,+120,-165,+115,-150,+136,-174,+120,-160,+120,-155,+120,-155,+115,-150,,,+140,-170,,,,,,,,
2024-06-21,ARI @ PHI,ARI,PHI,4.0,5.0,-128,EVEN,-120,+115,-145,+105,-145,+115,-145,+105,-145,+110,-122,-104,-125,-105,-130,+105,-130,+105,-145,+110,,,-120,-110,,,,,,,,
2024-06-21,ATL @ NYY,ATL,NYY,1.0,8.0,+104,-132,+110,-130,+110,-140,+110,-140,+105,-140,+110,-140,+104,-132,+110,-140,+110,-137,+110,-137,+110,-140,,,EVEN,-130,,,,,,,,
2024-06-22,CWS @ DET,CWS,DET,1.0,5.0,-130,-105,-110,-104,-122,-105,-120,-110,-125,-110,-120,-105,-122,-104,-110,-120,-118,-106,-118,-106,-120,-105,,,-125,-105,,,,,,,,
2024-06-22,SF @ STL,SF,STL,9.0,4.0,-125,-105,EVEN,-113,-105,-115,-115,-115,EVEN,-135,-105,-120,EVEN,-128,-105,-125,-110,-113,-110,-113,-105,-120,,,-115,-115,,,,,,,,
2024-06-22,CHC @ NYM,CHC,NYM,8.0,1.0,-190,+155,-140,+130,-155,+120,-160,+130,-140,+105,-155,+120,-158,+124,-150,+115,,,,,-155,+120,,,-145,+115,,,,,,,,
2024-06-22,PIT @ TB,PIT,TB,4.0,3.0,-115,-120,+105,-120,-104,-120,-110,-120,-115,-120,EVEN,-125,-104,-122,EVEN,-130,-106,-121,-106,-121,EVEN,-125,,,+105,-135,,,,,,,,
2024-06-22,KC @ TEX,KC,TEX,6.0,0.0,+105,-135,EVEN,-118,-110,-125,-110,-120,-110,-125,EVEN,-125,-108,-118,-105,-125,EVEN,-127,EVEN,-127,EVEN,-125,,,-105,-125,,,,,,,,
2024-06-23,ARI @ PHI,ARI,PHI,4.0,1.0,-142,+112,-130,+120,-146,EVEN,-150,+120,-150,+110,-130,EVEN,-146,+114,-135,+105,-143,+115,-143,+115,-130,EVEN,,,-130,EVEN,,,,,,,,
2024-06-23,ATL @ NYY,ATL,NYY,1.0,3.0,-122,-104,EVEN,-108,-110,-120,-115,-115,-110,-125,-110,-120,-118,-108,EVEN,-130,-110,-113,-110,-113,-110,-120,,,-110,-120,,,,,,,,
2024-06-23,PIT @ TB,PIT,TB,1.0,3.0,+104,-132,+116,-129,+105,-140,+110,-140,EVEN,-140,+105,-135,+116,-148,+115,-150,+102,-129,+102,-129,+105,-135,,,+105,-135,,,,,,,,
2024-06-23,MIA @ SEA,MIA,SEA,6.0,4.0,-110,-125,+110,-120,-110,-125,-105,-125,-110,-125,-110,-120,+108,-138,+105,-135,-103,-122,-103,-122,-110,-120,,,+110,-140,,,,,,,,
2024-06-23,CWS @ DET,CWS,DET,11.0,2.0,-130,-105,+110,-115,-105,-125,-115,-115,-110,-125,-105,-120,EVEN,-128,+110,-145,+105,-130,+105,-130,-105,-120,,,+105,-135,,,,,,,,
2024-06-24,BAL @ CLE,BAL,CLE,2.0,3.0,-120,-110,+112,-120,-105,-125,-110,-120,-105,-135,EVEN,-125,+112,-142,EVEN,-130,EVEN,-124,EVEN,-124,EVEN,-125,,,-105,-125,,,,,,,,
2024-06-24,DET @ PHI,DET,PHI,1.0,8.0,-110,-120,EVEN,-112,-115,-120,-115,-115,-115,-120,EVEN,-130,-113,-113,-105,-125,-112,-112,-112,-112,EVEN,-130,,,-110,-120,,,,,,,,
2024-06-24,SEA @ TB,SEA,TB,4.0,3.0,-110,-120,+130,-141,+120,-145,+115,-145,+120,-165,+110,-145,+114,-146,+115,-150,+114,-141,+114,-141,+110,-145,,,+130,-160,,,,,,,,
2024-06-24,BOS @ TOR,BOS,TOR,7.0,6.0,-110,-120,+110,-115,+105,-135,+105,-135,+105,-145,+105,-135,-102,-125,-105,-125,-109,-115,-109,-115,+105,-135,,,+110,-140,,,,,,,,
2024-06-24,CIN @ PIT,CIN,PIT,11.0,5.0,-130,EVEN,-130,+114,-135,+105,-135,+105,-130,-105,-135,+105,-146,+114,-130,EVEN,-130,+106,-130,+106,-135,+105,,,-130,EVEN,,,,,,,,
2024-06-25,BAL @ CLE,BAL,CLE,8.0,10.0,-132,+104,-120,+110,-125,EVEN,-140,+110,-140,EVEN,-125,EVEN,-125,-102,-120,-110,-127,+102,-127,+102,-125,EVEN,,,-120,-110,,,,,,,,
2024-06-25,DET @ PHI,DET,PHI,4.0,1.0,-104,-122,+117,-140,+115,-140,+110,-140,+115,-160,+115,-150,+110,-140,+115,-150,+117,-155,+117,-155,+115,-150,,,+115,-145,,,,,,,,
2024-06-25,SEA @ TB,SEA,TB,11.0,3.0,EVEN,-135,+120,-135,+120,-145,,,+110,-145,+105,-135,+120,-154,+115,-150,+112,-139,+112,-139,+105,-135,,,+120,-150,,,,,,,,
2024-06-25,CIN @ PIT,CIN,PIT,5.0,9.0,-122,-104,EVEN,-120,-105,-120,-110,-120,-105,-130,-105,-120,-106,-120,EVEN,-130,EVEN,-125,EVEN,-125,-105,-120,,,EVEN,-130,,,,,,,,
2024-06-25,BOS @ TOR,BOS,TOR,4.0,9.0,-130,+102,-105,-110,-115,-115,-115,-115,-115,-115,-105,-120,-113,-113,-110,-120,-121,-112,-121,-112,-105,-120,,,-120,-110,,,,,,,,
2024-06-26,SEA @ TB,SEA,TB,2.0,5.0,+112,-142,+130,-145,+115,-150,+120,-150,+130,-175,+115,-150,+116,-148,+120,-160,+117,-148,+117,-148,+115,-150,,,+115,-145,,,,,,,,
2024-06-26,CIN @ PIT,CIN,PIT,1.0,6.0,-120,-110,-120,+110,-120,-110,-140,+110,-125,-110,-120,-105,-136,+106,-130,EVEN,-136,+108,-136,+108,-120,-105,,,-120,-110,,,,,,,,
2024-06-26,DET @ PHI,DET,PHI,2.0,6.0,-130,EVEN,-110,-104,-122,-105,-125,-105,-130,-105,-110,-120,-122,-104,-115,-115,-118,-107,-118,-107,-110,-120,,,-115,-115,,,,,,,,
2024-06-26,ATL @ STL,ATL,STL,2.0,6.0,-115,-120,+105,-122,EVEN,-130,EVEN,-130,-105,-130,+105,-135,-104,-122,EVEN,-130,+104,-129,+104,-129,+105,-135,,,EVEN,-130,,,,,,,,
2024-06-26,COL @ HOU,COL,HOU,7.0,1.0,-120,-106,EVEN,-115,-115,-115,-115,-115,-115,-120,-110,-115,-108,-118,-105,-125,-107,-117,-107,-117,-110,-115,,,EVEN,-130,,,,,,,,
2024-06-27,ARI @ MIN,ARI,MIN,6.0,13.0,-120,-110,-105,-105,-115,-120,-110,-120,-120,-115,-115,-110,-120,-106,-105,-125,-118,-105,-118,-105,-115,-110,,,-110,-120,,,,,,,,
2024-06-27,CHC @ SF,CHC,SF,3.0,5.0,+120,-154,+130,-139,+116,-150,+125,-155,+105,-145,+110,-150,+116,-148,+120,-155,+112,-139,+112,-139,+110,-150,,,+130,-160,,,,,,,,
2024-06-27,ATL @ CWS,ATL,CWS,1.0,0.0,-105,-130,+110,-125,-105,-125,+110,-140,-105,-135,EVEN,-125,+108,-138,+110,-145,EVEN,-125,EVEN,-125,EVEN,-125,,,-105,-125,,,,,,,,
2024-06-27,MIA @ PHI,MIA,PHI,4.0,7.0,-125,-102,EVEN,-110,-105,-125,-105,-125,EVEN,-135,-115,-110,-113,-115,EVEN,-130,-110,-113,-110,-113,-115,-110,,,-105,-125,,,,,,,,
2024-06-27,BAL @ TEX,BAL,TEX,11.0,2.0,-104,-122,+110,-122,+105,-140,+110,-140,+105,-145,,,+108,-138,+105,-135,-103,-122,-103,-122,,,,,+105,-135,,,,,,,,
2024-06-28,MIA @ PHI,MIA,PHI,2.0,0.0,-125,-102,EVEN,-110,-106,-120,-115,-115,-105,-125,-110,-120,-106,-120,EVEN,-130,-114,-110,-114,-110,-110,-120,,,EVEN,-130,,,,,,,,
2024-06-28,TB @ WSH,TB,WSH,3.0,1.0,-120,-108,+105,-129,+105,-135,+105,-135,+105,-140,+105,-135,+102,-130,EVEN,-130,+104,-129,+104,-129,+105,-135,,,+105,-135,,,,,,,,
2024-06-28,BAL @ TEX,BAL,TEX,2.0,1.0,-108,-118,+105,-115,-110,-120,-115,-115,-110,-120,-110,-120,-104,-122,EVEN,-130,-107,-117,-107,-117,-110,-120,,,+105,-135,,,,,,,,
2024-06-28,NYY @ TOR,NYY,TOR,5.0,16.0,-113,-113,EVEN,-106,-105,-125,-105,-125,-120,-115,-110,-120,-115,-113,EVEN,-130,-118,-106,-118,-106,-110,-120,,,-105,-125,,,,,,,,
2024-06-28,CWS @ COL,CWS,COL,5.0,3.0,-113,-113,+105,-105,-115,-120,-125,-105,-115,-120,-120,-110,-111,-115,+105,-135,-105,-121,-105,-121,-120,-110,,,-110,-120,,,,,,,,
2024-06-29,CWS @ COL,CWS,COL,11.0,3.0,-120,-110,EVEN,-113,-115,-115,-115,-115,-115,-120,-110,-115,-111,-115,-110,-120,-110,-113,-110,-113,-110,-115,,,EVEN,-130,,,,,,,,
2024-06-29,CIN @ STL,CIN,STL,4.0,9.0,-115,-115,+110,-113,EVEN,-140,EVEN,-130,EVEN,-140,-110,-120,-113,-113,-105,-125,-106,-118,-106,-118,-110,-120,,,+110,-140,,,,,,,,
2024-06-29,NYY @ TOR,NYY,TOR,9.0,3.0,-110,-120,+108,-115,-105,-125,-105,-125,-105,-130,-110,-115,+108,-136,-105,-125,-104,-121,-104,-121,-110,-115,,,-105,-125,,,,,,,,
2024-06-29,MIA @ PHI,MIA,PHI,2.0,3.0,-120,-110,-120,EVEN,-125,-105,-120,-110,-130,-105,-120,-110,-125,-102,-120,-110,-124,EVEN,-124,EVEN,-120,-110,,,-125,-105,,,,,,,,
2024-06-29,BOS @ SD,BOS,SD,1.0,11.0,-125,-105,+105,-117,-105,-120,-110,-120,EVEN,-140,-105,-120,-106,-120,EVEN,-130,-107,-117,-107,-117,-105,-120,,,+105,-135,,,,,,,,
2024-06-30,ATL @ PIT,ATL,PIT,2.0,4.0,-132,+104,-105,+102,-120,-105,-125,-105,-135,EVEN,-120,-105,-118,-108,-105,-125,-129,+102,-129,+102,-120,-105,,,-110,-120,,,,,,,,
2024-06-30,MIA @ PHI,MIA,PHI,7.0,6.0,-113,-113,-103,-120,-105,-120,-105,-125,-105,-130,-105,-120,-106,-120,-110,-120,-103,-124,-103,-124,-105,-120,,,-110,-120,,,,,,,,
2024-06-30,BOS @ SD,BOS,SD,4.0,1.0,-132,+104,-115,EVEN,-125,-105,-125,-105,-130,-105,-130,EVEN,-125,-102,-115,-115,-130,EVEN,-130,EVEN,-130,EVEN,,,-120,-110,,,,,,,,
2024-06-30,NYY @ TOR,NYY,TOR,1.0,8.0,+104,-132,+110,-125,EVEN,-130,+110,-140,+110,-150,EVEN,-130,EVEN,-128,EVEN,-130,+102,-125,+102,-125,EVEN,-130,,,EVEN,-130,,,,,,,,
2024-06-30,HOU @ NYM,HOU,NYM,5.0,10.0,-120,-110,-113,EVEN,-120,-110,-130,EVEN,-125,-110,-120,-105,-113,-113,-120,-110,-115,-107,-115,-107,-120,-105,,,-120,-110,,,,,,,,
2024-07-01,HOU @ TOR,HOU,TOR,1.0,3.0,-110,-120,+110,-120,-105,-120,-110,-120,-110,-120,-105,-120,-102,-125,EVEN,-130,+110,-137,+110,-137,-105,-120,,,-105,-125,,,,,,,,
2024-07-01,NYM @ WSH,NYM,WSH,7.0,9.0,EVEN,-135,+105,-120,EVEN,-130,-110,-120,-105,-130,EVEN,-130,+104,-132,-105,-125,EVEN,-125,EVEN,-125,EVEN,-130,,,+105,-135,,,,,,,,
2024-07-01,COL @ MIL,COL,MIL,8.0,7.0,-175,+125,-135,+125,-145,+110,-155,+125,-150,+110,-145,+110,-146,+114,-135,+105,-155,+125,-155,+125,-145,+110,,,-145,+115,,,,,,,,
2024-07-02,BOS @ MIA,BOS,MIA,3.0,8.0,-125,-110,EVEN,-109,-105,-120,-110,-120,-120,-115,-105,-120,-108,-118,EVEN,-130,-114,-109,-114,-109,-105,-120,,,-105,-125,,,,,,,,
2024-07-02,PIT @ STL,PIT,STL,4.0,7.0,-110,-125,+118,-125,+115,-145,+115,-145,+115,-155,+110,-145,+110,-140,-105,-125,+105,-132,+105,-132,+110,-145,,,+118,-145,,,,,,,,
2024-07-02,CWS @ CLE,CWS,CLE,7.0,6.0,-150,+110,-120,+110,-130,-105,-140,+110,-130,-105,-130,EVEN,-120,-106,-125,-105,-127,EVEN,-127,EVEN,-130,EVEN,,,-125,-105,,,,,,,,
2024-07-02,NYM @ WSH,NYM,WSH,2.0,7.0,-111,-115,-105,-105,-110,-115,-120,-110,-110,-125,-110,-115,-113,-113,-105,-125,-121,-105,-121,-105,-110,-115,,,-110,-120,,,,,,,,
2024-07-02,CIN @ NYY,CIN,NYY,4.0,5.0,-125,-110,-110,-108,-120,-110,-120,-110,-120,-115,-115,-110,-118,-108,-120,-110,-113,-110,-113,-110,-115,-110,,,-110,-120,,,,,,,,
2024-07-03,PIT @ STL,PIT,STL,5.0,4.0,-108,-118,+105,-120,EVEN,-135,EVEN,-130,EVEN,-140,+105,-135,EVEN,-128,+105,-140,-105,-120,-105,-120,+105,-135,,,+105,-135,,,,,,,,
2024-07-03,BOS @ MIA,BOS,MIA,2.0,7.0,-102,-125,-105,-110,-105,-115,-115,-115,-125,-110,-105,-120,-111,-115,-115,-115,-106,-118,-106,-118,-105,-120,,,-105,-125,,,,,,,,
2024-07-03,CWS @ CLE,CWS,CLE,2.0,8.0,-113,-113,-105,-115,-115,-120,-115,-115,-115,-120,-105,-120,-106,-120,-115,-115,-106,-117,-106,-117,-105,-120,,,-110,-120,,,,,,,,
2024-07-03,NYM @ WSH,NYM,WSH,7.0,5.0,-113,-113,-105,+102,-110,-125,-120,-110,-110,-125,-110,-115,-130,+102,-110,-120,-112,-115,-112,-115,-110,-115,,,-105,-125,,,,,,,,
2024-07-03,CIN @ NYY,CIN,NYY,2.0,3.0,-120,-106,-110,EVEN,-122,-115,-130,EVEN,-125,-105,-110,-115,-122,-104,-120,-110,-124,EVEN,-124,EVEN,-110,-115,,,-115,-115,,,,,,,,
2024-07-04,NYM @ WSH,NYM,WSH,1.0,0.0,-125,-105,-112,-105,-115,-113,-115,-115,-115,-120,-115,-110,-113,-113,-115,-115,-112,-112,-112,-112,-115,-110,,,-125,-105,,,,,,,,
2024-07-04,PIT @ STL,PIT,STL,2.0,3.0,-115,-115,EVEN,EVEN,-115,-115,EVEN,-130,-115,-115,-125,EVEN,-113,-113,-120,-110,-114,-110,-115,-109,-125,EVEN,,,-115,-115,,,,,,,,
2024-07-04,CIN @ NYY,CIN,NYY,4.0,8.0,-120,-110,-115,+108,-125,-105,-125,-105,-125,-110,-120,-105,-115,-111,-120,-110,-136,+108,-136,+108,-120,-105,,,-130,EVEN,,,,,,,,
2024-07-04,HOU @ TOR,HOU,TOR,3.0,5.0,-110,-120,+105,-120,-102,-125,-105,-125,+105,-145,-105,-120,-102,-125,EVEN,-130,-103,-124,-103,-124,-105,-120,,,+105,-135,,,,,,,,
2024-07-04,BOS @ MIA,BOS,MIA,5.0,6.0,-115,-115,-105,-113,-113,-120,-105,-125,-115,-120,-105,-120,-113,-113,-105,-125,-106,-117,-109,-114,-105,-120,,,-115,-115,,,,,,,,
2024-07-05,CHC @ LAA,CHC,LAA,5.0,1.0,-150,+110,-115,EVEN,-115,EVEN,-115,-115,-115,-120,-125,EVEN,-120,-106,-125,-110,-124,EVEN,-124,EVEN,-125,EVEN,,,-130,EVEN,,,,,,,,
2024-07-05,NYM @ PIT,NYM,PIT,14.0,2.0,-113,-113,+125,-145,+118,-150,+115,-145,+110,-145,+125,-155,+118,-150,+115,-145,+110,-155,+110,-155,+125,-155,,,+120,-150,,,,,,,,
2024-07-05,STL @ WSH,STL,WSH,6.0,7.0,-132,+104,-108,-110,-110,-120,-110,-120,-115,-120,-120,-110,-108,-118,-110,-120,-112,-113,-112,-113,-120,-110,,,-110,-120,,,,,,,,
2024-07-05,BOS @ NYY,BOS,NYY,3.0,5.0,-113,-113,EVEN,-111,-110,-120,-115,-115,-105,-130,-110,-120,-115,-111,EVEN,-130,-115,-117,-115,-117,-110,-120,,,-110,-120,,,,,,,,
2024-07-05,CWS @ MIA,CWS,MIA,2.0,3.0,-122,-104,EVEN,-107,-110,-120,-110,-120,-115,-120,-105,-120,EVEN,-128,EVEN,-130,-117,-107,-114,-109,-105,-120,,,-110,-120,,,,,,,,
2024-07-06,BOS @ NYY,BOS,NYY,14.0,4.0,-132,+104,-115,-102,-125,-105,-125,-105,-120,-110,-115,-110,-125,-102,-115,-115,-122,-103,-122,-103,-115,-110,,,-125,-105,,,,,,,,
2024-07-06,HOU @ MIN,HOU,MIN,9.0,3.0,-106,-120,+130,-127,+110,-145,+115,-145,+110,-150,+105,-135,EVEN,-128,+105,-135,-104,-127,-104,-127,+105,-135,,,+130,-160,,,,,,,,
2024-07-06,CHC @ LAA,CHC,LAA,0.0,7.0,-118,-108,+106,-120,-105,-120,-110,-120,-115,-120,-105,-120,+106,-136,-105,-125,-103,-121,-103,-121,-105,-120,,,-105,-125,,,,,,,,
2024-07-06,STL @ WSH,STL,WSH,14.0,6.0,-140,+110,EVEN,-112,-106,-120,-115,-115,-115,-120,EVEN,-125,-106,-120,-105,-125,-113,-112,-113,-112,EVEN,-125,,,EVEN,-130,,,,,,,,
2024-07-06,NYM @ PIT,NYM,PIT,2.0,5.0,-122,-104,-110,+105,-135,-104,-135,+105,-135,EVEN,-120,-105,-122,-104,-120,-110,-120,-104,-120,-104,-120,-105,,,-110,-120,,,,,,,,
2024-07-07,STL @ WSH,STL,WSH,3.0,8.0,-138,+108,-105,-105,-115,-115,-115,-115,-115,-115,-110,-115,-111,-115,-115,-115,-120,-105,-120,-105,-110,-115,,,-105,-125,,,,,,,,
2024-07-07,NYM @ PIT,NYM,PIT,2.0,3.0,-130,EVEN,-105,+105,-120,-105,-135,+105,-125,-105,-120,-105,-122,-104,-105,-125,-110,-112,-110,-112,-120,-105,,,-105,-125,,,,,,,,
2024-07-07,ATL @ PHI,ATL,PHI,6.0,0.0,-113,-113,+106,-120,EVEN,-130,-110,-120,-105,-130,EVEN,-125,+106,-136,-105,-125,-103,-122,-103,-122,EVEN,-125,,,+105,-135,,,,,,,,
2024-07-07,CWS @ MIA,CWS,MIA,7.0,4.0,-110,-120,+106,-121,EVEN,-135,EVEN,-130,EVEN,-135,EVEN,-125,+106,-136,EVEN,-130,+102,-127,-103,-121,EVEN,-125,,,+105,-135,,,,,,,,
2024-07-07,CIN @ DET,CIN,DET,1.0,5.0,-113,-113,+112,-115,-106,-125,-115,-115,-110,-125,EVEN,-125,-106,-120,EVEN,-130,+112,-139,+112,-139,EVEN,-125,,,+105,-135,,,,,,,,
2024-07-08,NYM @ PIT,NYM,PIT,8.0,2.0,-125,-105,+125,-120,+105,-135,-110,-120,-105,-125,+105,-135,EVEN,-128,+115,-150,EVEN,-134,EVEN,-136,+105,-135,,,+125,-155,,,,,,,,
2024-07-08,STL @ WSH,STL,WSH,0.0,6.0,-125,-105,-105,-105,-120,-115,-115,-115,-120,-115,-120,-105,-113,-113,-110,-120,-112,-115,-112,-115,-120,-105,,,-105,-125,,,,,,,,
2024-07-08,CLE @ DET,CLE,DET,1.0,0.0,-120,-110,-107,-115,-110,-115,-115,-115,-120,-115,-110,-115,-108,-118,-110,-120,-108,-115,-107,-115,-110,-115,,,-110,-120,,,,,,,,
2024-07-08,CIN @ COL,CIN,COL,6.0,0.0,-130,EVEN,-110,-105,-120,-110,-120,-110,-120,-110,-110,-115,-120,-106,-120,-110,-112,-112,-112,-112,-110,-115,,,-125,-105,,,,,,,,
2024-07-08,CWS @ MIN,CWS,MIN,6.0,8.0,-125,-105,-105,-110,-115,-110,-115,-115,-120,-110,-115,-110,-113,-113,-120,-110,-113,-110,-113,-110,-115,-110,,,-105,-125,,,,,,,,
2024-07-09,BAL @ CHC,BAL,CHC,2.0,9.0,-138,+108,EVEN,-110,-120,-115,-120,-110,-120,-115,-110,-115,-115,-111,-105,-125,-106,-118,-106,-118,-110,-115,,,EVEN,-130,,,,,,,,
2024-07-09,LAD @ PHI,LAD,PHI,10.0,1.0,-128,EVEN,-115,+105,-120,-110,-120,-110,-130,-105,-115,-110,-125,-102,-115,-115,-132,+105,-132,+105,-115,-110,,,-120,-110,,,,,,,,
2024-07-09,CLE @ DET,CLE,DET,8.0,9.0,-122,-104,-105,-110,-115,-115,-115,-115,-115,-120,-110,-115,-113,-113,-110,-120,-113,-110,-113,-110,-110,-115,,,-105,-125,,,,,,,,
2024-07-09,NYY @ TB,NYY,TB,5.0,3.0,-111,-115,+110,-113,-105,-125,+105,-135,-110,-125,+110,-140,-113,-113,-110,-125,-110,-113,-110,-113,+110,-140,,,-105,-125,,,,,,,,
2024-07-09,Boston @ BOS,Boston,BOS,12.0,9.0,-146,+114,-120,+108,-130,EVEN,-130,EVEN,-120,-110,-130,EVEN,-132,+104,-135,+105,-141,+108,-141,+108,-130,EVEN,,,-120,-110,,,,,,,,
2024-07-10,KC @ STL,KC,STL,4.0,6.0,-111,-115,+105,-113,-105,-125,+105,-135,-105,-130,-105,-125,-113,-113,-110,-120,-107,-118,-107,-118,-105,-125,,,-105,-125,,,,,,,,
2024-07-10,CWS @ MIN,CWS,MIN,3.0,1.0,EVEN,-128,EVEN,-118,EVEN,-130,,,EVEN,-135,EVEN,-130,-104,-122,EVEN,-130,-106,-118,-106,-118,EVEN,-130,,,EVEN,-130,,,,,,,,
2024-07-10,BAL @ CHC,BAL,CHC,0.0,4.0,+104,-132,+115,-125,+115,-145,-105,-125,EVEN,-135,+115,-145,+108,-138,+105,-135,+112,-143,+112,-143,+115,-145,,,+115,-145,,,,,,,,
2024-07-10,SD @ SEA,SD,SEA,0.0,2.0,+106,-136,+120,-130,EVEN,-145,EVEN,-130,EVEN,-135,+110,-145,+114,-146,+115,-150,+114,-141,+114,-141,+110,-145,,,+120,-150,,,,,,,,
2024-07-11,CLE @ DET,CLE,DET,10.0,1.0,-113,-113,+105,-120,EVEN,-130,EVEN,-130,+105,-145,EVEN,-125,+102,-130,EVEN,-130,+104,-129,+104,-129,EVEN,-125,,,-110,-120,,,,,,,,
2024-07-11,NYM @ WSH,NYM,WSH,7.0,0.0,-110,-120,+110,-120,EVEN,-128,EVEN,-130,-110,-120,EVEN,-125,EVEN,-128,EVEN,-130,-105,-127,-105,-127,EVEN,-125,,,+110,-140,,,,,,,,
2024-07-11,CIN @ COL,CIN,COL,8.0,1.0,-115,-120,+105,-110,-115,-115,-115,-115,-105,-130,-115,-110,-113,-113,-110,-120,-112,-112,-112,-112,-115,-110,,,+105,-135,,,,,,,,
2024-07-11,MIL @ PIT,MIL,PIT,0.0,1.0,-110,-120,+130,-148,+122,-160,+130,-160,+120,-170,+120,-155,+122,-156,+120,-160,+116,-148,+116,-148,+120,-155,,,+130,-160,,,,,,,,
2024-07-11,SF @ TOR,SF,TOR,3.0,5.0,+115,-160,+130,-143,+125,-160,+125,-155,+120,-165,+125,-160,+130,-166,+115,-150,+115,-143,+115,-143,+125,-160,,,+120,-150,,,,,,,,
2024-07-12,Philadelphia @ PHI,Philadelphia,PHI,2.0,6.0,-130,+102,-115,EVEN,-125,-105,-130,EVEN,-120,-110,-115,-110,-128,EVEN,-120,-110,-124,EVEN,-124,EVEN,-115,-110,,,-125,-105,,,,,,,,
2024-07-12,DET @ LAD,DET,LAD,3.0,4.0,-104,-122,+110,-125,-105,-125,-105,-125,+105,-145,EVEN,-125,+106,-136,+110,-140,+104,-129,+104,-129,EVEN,-125,,,-105,-125,,,,,,,,
2024-07-12,CLE @ TB,CLE,TB,2.0,0.0,-118,-108,+110,-115,+105,-130,-115,-115,-105,-130,+105,-135,+106,-136,EVEN,-130,-104,-120,-104,-120,+105,-135,,,+110,-140,,,,,,,,
2024-07-12,BAL @ NYY,BAL,NYY,1.0,4.0,-122,-104,-110,EVEN,-120,-110,-120,-110,-135,EVEN,-110,-115,-125,-102,-115,-115,-112,-110,-112,-110,-110,-115,,,-120,-110,,,,,,,,
2024-07-12,COL @ NYM,COL,NYM,7.0,6.0,-113,-113,-104,-115,-111,-115,-115,-115,-115,-120,-110,-115,-111,-115,-110,-120,-104,-120,-104,-120,-110,-115,,,-110,-120,,,,,,,,
2024-07-13,DET @ LAD,DET,LAD,11.0,9.0,-130,EVEN,-110,+105,-128,-105,-135,+105,-130,-105,-115,-110,-128,EVEN,-115,-115,-125,+102,-125,+102,-115,-110,,,-110,-120,,,,,,,,
2024-07-13,CWS @ PIT,CWS,PIT,2.0,6.0,-125,-105,+105,-115,-105,-115,-105,-125,-115,-115,-110,-115,-108,-118,-110,-120,-106,-122,-106,-122,-110,-115,,,+105,-135,,,,,,,,
2024-07-13,CHC @ STL,CHC,STL,11.0,3.0,-115,-111,+102,-115,-110,-120,,,-115,-115,-110,-120,+102,-130,EVEN,-130,+102,-129,+102,-129,-110,-120,,,-110,-120,,,,,,,,
2024-07-13,Philadelphia @ PHI,Philadelphia,PHI,11.0,5.0,-125,-105,-125,+105,-125,+105,-135,+105,-145,+105,-125,EVEN,-132,+104,-125,-105,-130,+105,-130,+105,-125,EVEN,,,-125,-105,,,,,,,,
2024-07-13,BAL @ NYY,BAL,NYY,1.0,6.0,-120,-110,-104,-115,-110,-115,-110,-120,-115,-115,-110,-115,-104,-122,-105,-125,-108,-115,-108,-115,-110,-115,,,-115,-115,,,,,,,,
2024-07-19,ARI @ CHC,ARI,CHC,2.0,5.0,+125,-155,+120,-135,+105,-140,+110,-140,+105,-140,+105,-135,+112,-142,,,+116,-148,+116,-148,+105,-135,,,+120,-150,,,,,,,,
2024-07-19,PHI @ PIT,PHI,PIT,8.0,7.0,-105,-125,EVEN,-115,-115,-115,-115,-115,-115,-120,EVEN,-130,-111,-115,-110,-120,EVEN,-134,EVEN,-134,EVEN,-130,,,-105,-125,,,,,,,,
2024-07-19,CIN @ WSH,CIN,WSH,8.0,5.0,-110,-120,-120,EVEN,-120,-105,-125,-105,-120,-115,-120,-105,-125,-102,-130,EVEN,-124,-109,-124,-109,-120,-105,,,-120,-110,,,,,,,,
2024-07-19,NYY @ TB,NYY,TB,6.0,1.0,-115,-115,+105,-115,-115,-115,-115,-115,-115,-120,EVEN,-130,-111,-115,EVEN,-130,+102,-134,+102,-134,EVEN,-130,,,+105,-135,,,,,,,,
2024-07-19,DET @ TOR,DET,TOR,4.0,5.0,+110,-140,+125,-140,+110,-145,+115,-145,+125,-170,+110,-145,+112,-142,+120,-160,+123,-157,+123,-157,+110,-145,,,+110,-140,,,,,,,,
2024-07-20,NYY @ TB,NYY,TB,1.0,9.0,-130,-105,+106,-115,+105,-135,-115,-115,-110,-120,+105,-135,+106,-136,EVEN,-130,EVEN,-125,EVEN,-125,+105,-135,,,+105,-135,,,,,,,,
2024-07-20,ATL @ STL,ATL,STL,3.0,2.0,-105,-125,+108,-120,-104,-120,+105,-135,-110,-120,-105,-120,-104,-122,+105,-135,+108,-137,+108,-137,-105,-120,,,EVEN,-130,,,,,,,,
2024-07-20,DET @ TOR,DET,TOR,3.0,7.0,-110,-120,+130,-140,+112,-145,+120,-150,+105,-145,+110,-140,+112,-142,+120,-160,+108,-148,+108,-148,+110,-140,,,+130,-160,,,,,,,,
2024-07-20,Athletics @ LAA,Athletics,LAA,8.0,2.0,-125,-105,+107,-105,-115,-115,-115,-115,-120,-110,-120,-105,-111,-115,-120,-110,+107,-134,+107,-134,-120,-105,,,-115,-115,,,,,,,,
2024-07-20,MIA @ NYM,MIA,NYM,0.0,1.0,-120,-115,-115,-105,-120,-110,-120,-110,-130,-105,-120,-110,-118,-108,-115,-115,-115,-108,-115,-108,-120,-110,,,-120,-110,,,,,,,,
2024-07-21,MIL @ MIN,MIL,MIN,7.0,8.0,EVEN,-128,+120,-135,+105,-145,+115,-145,+105,-145,+105,-135,+106,-136,+105,-135,+120,-150,+120,-150,+105,-135,,,+110,-140,,,,,,,,
2024-07-21,NYY @ TB,NYY,TB,4.0,6.0,-128,EVEN,-115,+106,-125,-105,-125,-105,-125,-105,-125,EVEN,-122,-104,-125,-105,-132,+106,-132,+106,-125,EVEN,,,-115,-115,,,,,,,,
2024-07-21,ATL @ STL,ATL,STL,2.0,6.0,-125,-102,-104,-109,-110,-120,-115,-115,-110,-120,-120,-110,-104,-120,-105,-125,-113,-109,-113,-109,-120,-110,,,-110,-120,,,,,,,,
2024-07-21,PHI @ PIT,PHI,PIT,0.0,6.0,-130,EVEN,-127,+105,-130,EVEN,-130,EVEN,-130,-105,-135,+105,-130,+102,-135,+105,-127,+102,-127,+102,-135,+105,,,-130,EVEN,,,,,,,,
2024-07-21,CIN @ WSH,CIN,WSH,5.0,2.0,-113,-113,-110,-105,-120,-115,-120,-110,-120,-115,-120,-105,-115,-111,-110,-120,-121,-108,-121,-108,-120,-105,,,-115,-115,,,,,,,,
2024-07-22,NYY @ TB,NYY,TB,9.0,1.0,-136,+106,-105,-105,-115,-115,-120,-110,-125,-110,-105,-120,-111,-115,-105,-125,-122,-105,-122,-105,-105,-120,,,-115,-115,,,,,,,,
2024-07-22,CLE @ DET,CLE,DET,2.0,8.0,-111,-115,+140,-140,+122,-165,+110,-140,+120,-165,+130,-165,+122,-156,+130,-175,+120,-152,+120,-152,+130,-165,,,+140,-170,,,,,,,,
2024-07-22,MIA @ NYM,MIA,NYM,4.0,6.0,-115,-115,+105,-115,-105,-130,-115,-115,-105,-125,-105,-120,+102,-130,+105,-135,-110,-124,-110,-124,-105,-120,,,EVEN,-130,,,,,,,,
2024-07-22,PIT @ STL,PIT,STL,2.0,1.0,-115,-115,+130,-130,+110,-145,EVEN,-130,+110,-145,+105,-135,+106,-136,+115,-145,+108,-136,+108,-136,+105,-135,,,+130,-160,,,,,,,,
2024-07-22,ATL @ CIN,ATL,CIN,1.0,4.0,-105,-125,+140,-130,EVEN,-145,EVEN,-130,EVEN,-135,+110,-145,+118,-150,+120,-155,+112,-150,+112,-150,+110,-145,,,+140,-170,,,,,,,,
2024-07-23,BAL @ MIA,BAL,MIA,6.0,3.0,-132,+104,EVEN,-108,-115,-110,-120,-110,-125,-110,EVEN,-125,-115,-111,-120,-110,-122,-108,-122,-108,EVEN,-125,,,-110,-120,,,,,,,,
2024-07-23,CLE @ DET,CLE,DET,5.0,4.0,-110,-120,EVEN,-110,EVEN,-115,-115,-115,-120,-110,EVEN,-125,EVEN,-128,-105,-125,-103,-124,-103,-124,EVEN,-125,,,,,,,,,,,,
2024-07-23,PIT @ STL,PIT,STL,1.0,2.0,-105,-125,+132,-148,+120,-150,+120,-150,+110,-150,+115,-150,+132,-170,+120,-160,+108,-148,+108,-148,+115,-150,,,+125,-165,,,,,,,,
2024-07-23,SD @ WSH,SD,WSH,0.0,4.0,-125,-105,-112,EVEN,-125,-110,-130,EVEN,-125,-110,-115,-110,-113,-113,-115,-115,-112,-121,-112,-121,-115,-110,,,,,,,,,,,,
2024-07-23,NYM @ NYY,NYM,NYY,2.0,3.0,-113,-113,-110,-105,-120,-110,-120,-110,-120,-115,-110,-115,-118,-108,-125,-105,-117,-109,-117,-109,-110,-115,,,-120,-110,,,,,,,,
2024-07-24,ATL @ CIN,ATL,CIN,4.0,9.0,-120,-115,EVEN,-115,-110,-120,,,-120,-115,-105,-120,-104,-122,EVEN,-130,-106,-127,-105,-129,-105,-120,,,-110,-120,,,,,,,,
2024-07-24,PIT @ STL,PIT,STL,5.0,0.0,-130,+102,EVEN,-110,-115,-115,-115,-115,-125,-110,-115,-110,-111,-115,EVEN,-130,-110,-114,-110,-114,-115,-110,,,-115,-115,,,,,,,,
2024-07-24,MIN @ PHI,MIN,PHI,5.0,4.0,-111,-115,+105,-115,EVEN,-130,-115,-115,+105,-145,EVEN,-130,-102,-125,EVEN,-130,-106,-127,-106,-127,EVEN,-130,,,EVEN,-130,,,,,,,,
2024-07-24,CHC @ MIL,CHC,MIL,2.0,3.0,+120,-150,+120,-135,+105,-150,+105,-135,+105,-140,+115,-150,+116,-148,+120,-160,+120,-152,+120,-152,+115,-150,,,+120,-150,,,,,,,,
2024-07-24,BOS @ COL,BOS,COL,20.0,7.0,-145,+115,-120,+110,-120,-105,-140,+110,-120,-115,-130,EVEN,-120,-106,-120,-110,-130,-105,-130,-105,-130,EVEN,,,-125,-105,,,,,,,,
2024-07-25,SD @ WSH,SD,WSH,0.0,3.0,-115,-115,+105,-115,-104,-130,EVEN,-130,-105,-130,+105,-135,-104,-122,EVEN,-130,-105,-129,-105,-129,+105,-135,,,-115,-115,,,,,,,,
2024-07-25,BAL @ MIA,BAL,MIA,6.0,7.0,EVEN,-130,+105,-122,EVEN,-130,EVEN,-130,-105,-130,,,-104,-122,EVEN,-130,-105,-130,-105,-130,,,,,+105,-135,,,,,,,,
2024-07-25,CLE @ DET,CLE,DET,0.0,3.0,+105,-135,+104,-125,EVEN,-130,-105,-125,-105,-130,EVEN,-130,+104,-132,EVEN,-130,EVEN,-127,EVEN,-127,EVEN,-130,,,EVEN,-130,,,,,,,,
2024-07-25,CWS @ TEX,CWS,TEX,2.0,1.0,-120,-110,+105,-110,-105,-128,+105,-135,-105,-130,-115,-110,EVEN,-128,+105,-135,-115,-121,-115,-121,-115,-110,,,-110,-120,,,,,,,,
2024-07-25,TB @ TOR,TB,TOR,0.0,13.0,-110,-120,+140,-140,+125,-155,+125,-155,EVEN,-140,+110,-145,+128,-164,+120,-155,+110,-141,+110,-141,+110,-145,,,+140,-170,,,,,,,,
2024-07-26,CLE @ PHI,CLE,PHI,1.0,3.0,-115,-115,+110,-127,EVEN,-130,EVEN,-130,EVEN,-140,+105,-135,+106,-136,+110,-145,EVEN,-127,EVEN,-127,+105,-135,,,EVEN,-130,,,,,,,,
2024-07-26,DET @ MIN,DET,MIN,3.0,9.0,-105,-125,+116,-130,EVEN,-130,EVEN,-130,EVEN,-140,+105,-135,+116,-148,+105,-135,+110,-139,+110,-139,+105,-135,,,EVEN,-130,,,,,,,,
2024-07-26,CIN @ TB,CIN,TB,2.0,3.0,EVEN,-130,+115,-135,+110,-145,+115,-145,+110,-145,+105,-135,+114,-146,+105,-135,+108,-136,+108,-136,+105,-135,,,+110,-140,,,,,,,,
2024-07-26,BAL @ SD,BAL,SD,4.0,6.0,-125,-105,-112,-105,-120,-110,-120,-110,-120,-110,-120,-110,-120,-106,-125,-105,-112,-120,-112,-120,-120,-110,,,-125,-105,,,,,,,,
2024-07-26,TEX @ TOR,TEX,TOR,6.0,5.0,-120,-110,+110,-121,EVEN,-128,-105,-125,-105,-130,EVEN,-125,EVEN,-128,+110,-140,-108,-121,-108,-121,EVEN,-125,,,EVEN,-130,,,,,,,,
2024-07-27,TEX @ TOR,TEX,TOR,7.0,3.0,-115,-115,+102,-115,-115,-120,-115,-115,-115,-120,-110,-115,-106,-120,EVEN,-130,+102,-136,+102,-136,-110,-115,,,EVEN,-130,,,,,,,,
2024-07-27,BAL @ SD,BAL,SD,4.0,9.0,-120,-110,EVEN,-115,-105,-122,-115,-115,-105,-125,-110,-120,-104,-122,-105,-125,-103,-124,-103,-124,-110,-120,,,EVEN,-130,,,,,,,,
2024-07-27,ATL @ NYM,ATL,NYM,0.0,4.0,-125,-105,+108,-115,-110,-125,-115,-115,-110,-125,-110,-120,+108,-138,EVEN,-130,-109,-118,-109,-118,-110,-120,,,-105,-125,,,,,,,,
2024-07-27,CIN @ TB,CIN,TB,4.0,0.0,-105,-125,EVEN,-120,-105,-125,-105,-125,-110,-120,-105,-120,EVEN,-128,EVEN,-130,EVEN,-125,EVEN,-125,-105,-120,,,-105,-125,,,,,,,,
2024-07-27,CLE @ PHI,CLE,PHI,8.0,0.0,-130,EVEN,-130,+110,-135,EVEN,-140,+110,-135,EVEN,-135,+105,-130,+102,-130,EVEN,-136,+105,-136,+105,-135,+105,,,-130,EVEN,,,,,,,,
2024-07-28,CIN @ TB,CIN,TB,2.0,1.0,EVEN,-140,+120,-130,EVEN,-135,EVEN,-130,EVEN,-135,+115,-150,+102,-130,+105,-135,-106,-132,-107,-130,+115,-150,,,+120,-150,,,,,,,,
2024-07-28,BAL @ SD,BAL,SD,8.0,6.0,-145,+105,-120,+108,-130,+105,-135,+105,-140,+105,-120,-110,-138,+108,-130,EVEN,-124,-104,-124,-104,-120,-110,,,-130,EVEN,,,,,,,,
2024-07-28,CLE @ PHI,CLE,PHI,3.0,4.0,-160,+115,-120,+105,-135,-102,-135,+105,-135,-105,-120,-105,-125,-102,-130,EVEN,-132,+104,-132,+104,-120,-105,,,-135,+105,,,,,,,,
2024-07-28,TEX @ TOR,TEX,TOR,7.0,3.0,-120,-110,EVEN,-115,-110,-120,,,-110,-125,-110,-120,EVEN,-128,-105,-125,-108,-118,-108,-118,-110,-120,,,-115,-115,,,,,,,,
2024-07-28,ATL @ NYM,ATL,NYM,2.0,9.0,-110,-120,+110,-132,+110,-140,,,+110,-150,+105,-135,+106,-136,+110,-140,-105,-132,-105,-132,+105,-135,,,+110,-140,,,,,,,,
2024-07-29,BAL @ TOR,BAL,TOR,11.0,5.0,-125,-105,-103,-120,-110,-120,,,-110,-120,-110,-120,-104,-122,-105,-125,-103,-134,-103,-134,-110,-120,,,-105,-125,,,,,,,,
2024-07-29,CLE @ DET,CLE,DET,4.0,8.0,+105,-145,+120,-140,+110,-140,+110,-140,+105,-145,+120,-155,+116,-148,+110,-145,+112,-152,+117,-159,+120,-155,,,+110,-140,,,,,,,,
2024-07-29,NYY @ PHI,NYY,PHI,4.0,14.0,-115,-115,EVEN,-115,EVEN,-125,-115,-115,-120,-115,EVEN,-125,-102,-125,-105,-125,-110,-122,-110,-122,EVEN,-125,,,EVEN,-130,,,,,,,,
2024-07-29,MIN @ NYM,MIN,NYM,15.0,2.0,-115,-115,+104,-115,-105,-125,-115,-115,-110,-125,-105,-120,EVEN,-128,-105,-125,+104,-130,+104,-130,-105,-120,,,-105,-125,,,,,,,,
2024-07-30,CLE @ DET,CLE,DET,0.0,5.0,-115,-115,+105,-115,EVEN,-125,-115,-115,-110,-125,EVEN,-125,EVEN,-130,+105,-135,EVEN,-132,EVEN,-132,EVEN,-125,,,+105,-135,,,,,,,,
2024-07-30,BAL @ TOR,BAL,TOR,6.0,2.0,-115,-115,+110,-115,-110,-120,-115,-115,-110,-120,-110,-120,-108,-118,+110,-145,EVEN,-129,-103,-125,-110,-120,,,+110,-140,,,,,,,,
2024-07-30,NYY @ PHI,NYY,PHI,6.0,7.0,-120,-110,-113,+115,-145,-105,-145,+115,-145,+105,-120,-110,-113,-113,-135,+105,-143,+110,-143,+110,-120,-110,,,-125,-105,,,,,,,,
2024-07-30,MIA @ TB,MIA,TB,9.0,3.0,-105,-125,+135,-135,+105,-148,+105,-135,+105,-140,+115,-150,+116,-148,+120,-155,+135,-180,+135,-180,+115,-150,,,+130,-160,,,,,,,,
2024-07-30,MIN @ NYM,MIN,NYM,2.0,0.0,-120,-110,-105,-105,-105,-115,-125,-105,-115,-115,-105,-120,-113,-113,-115,-115,-113,-113,-113,-113,-105,-120,,,-105,-125,,,,,,,,
2024-07-31,MIA @ TB,MIA,TB,2.0,6.0,-108,-118,+110,-120,-110,-120,-110,-120,-110,-120,+105,-135,-104,-122,-105,-125,EVEN,-127,EVEN,-127,+105,-135,,,+110,-140,,,,,,,,
2024-07-31,NYY @ PHI,NYY,PHI,5.0,6.0,-130,EVEN,-115,+107,-125,-104,-125,-105,-140,+105,-125,EVEN,-122,-104,-120,-110,-148,+107,-148,+107,-125,EVEN,,,-115,-115,,,,,,,,
2024-07-31,BAL @ TOR,BAL,TOR,10.0,4.0,-154,+120,-120,+110,-120,+110,-140,+110,-150,+110,-120,-105,-130,+102,-130,EVEN,-134,EVEN,-134,EVEN,-120,-105,,,-120,-110,,,,,,,,
2024-07-31,MIN @ NYM,MIN,NYM,3.0,8.0,-105,-125,+112,-120,EVEN,-125,-110,-120,-110,-125,EVEN,-125,+112,-142,+110,-140,-103,-129,-103,-129,EVEN,-125,,,EVEN,-130,,,,,,,,
2024-07-31,ATL @ MIL,ATL,MIL,2.0,6.0,+110,-140,+130,-143,+118,-150,+130,-160,+110,-145,+115,-150,+118,-150,+125,-160,+112,-143,+112,-143,+115,-150,,,+120,-150,,,,,,,,
2024-08-01,BAL @ CLE,BAL,CLE,10.0,3.0,-120,-110,-105,-110,-110,-120,-120,-110,-125,-110,-105,-120,-106,-120,-120,-110,-112,-113,-112,-113,-105,-120,,,-110,-120,,,,,,,,
2024-08-01,DET @ KC,DET,KC,1.0,7.0,-110,-120,EVEN,-111,-110,-120,-110,-120,EVEN,-135,-110,-115,-115,-111,-105,-125,-114,-114,-114,-114,-110,-115,,,-110,-120,,,,,,,,
2024-08-01,ATL @ MIA,ATL,MIA,4.0,2.0,-125,-105,+110,-115,-115,-120,-115,-115,-115,-120,-105,-120,-102,-125,-110,-120,EVEN,-127,EVEN,-127,-105,-120,,,+110,-140,,,,,,,,
2024-08-01,CHC @ STL,CHC,STL,5.0,4.0,-105,-125,+120,-140,+120,-150,+110,-140,+115,-155,+120,-155,+118,-150,+115,-150,+112,-150,+112,-150,+120,-155,,,+120,-150,,,,,,,,
2024-08-01,COL @ LAA,COL,LAA,4.0,5.0,-125,-105,+112,-115,-110,-130,-115,-115,-110,-125,-110,-120,+102,-130,EVEN,-130,+112,-141,+108,-136,-110,-120,,,EVEN,-130,,,,,,,,
2024-08-02,CHC @ STL,CHC,STL,6.0,3.0,+105,-135,+115,-125,+105,-140,-105,-125,-105,-130,+105,-135,+110,-140,+115,-150,+105,-141,+105,-141,+105,-135,,,+110,-140,,,,,,,,
2024-08-02,DET @ KC,DET,KC,2.0,9.0,+130,-160,+140,-150,+132,-170,+140,-170,+125,-170,+135,-175,+132,-170,+125,-165,+128,-162,+128,-162,+135,-175,,,+120,-150,,,,,,,,
2024-08-02,ARI @ PIT,ARI,PIT,8.0,9.0,-110,-120,EVEN,-104,-105,-115,-115,-115,-125,-105,-105,-120,-122,-104,EVEN,-130,-110,-115,-110,-115,-105,-120,,,-105,-125,,,,,,,,
2024-08-02,MIL @ WSH,MIL,WSH,3.0,8.0,-115,-115,-105,-105,-110,-120,-110,-120,-110,-120,-120,-105,-106,-120,-120,-110,-114,-112,-114,-112,-120,-105,,,-105,-125,,,,,,,,
2024-08-02,NYY @ TOR,NYY,TOR,5.0,8.0,-110,-120,-115,+104,-120,-110,-120,-110,-120,-110,-120,-105,-132,+104,-115,-115,-125,-103,-125,-103,-120,-105,,,-130,EVEN,,,,,,,,
2024-08-03,NYY @ TOR,NYY,TOR,8.0,3.0,-110,-120,-120,+120,-140,+110,-150,+120,-155,+115,-140,+110,-140,+110,-135,+105,-139,+107,-139,+107,-140,+110,,,-120,-110,,,,,,,,
2024-08-03,CHC @ STL,CHC,STL,4.0,5.0,-113,-113,+110,-115,EVEN,-125,-115,-115,-110,-125,EVEN,-130,EVEN,-128,+110,-145,+105,-132,+105,-132,EVEN,-130,,,+105,-135,,,,,,,,
2024-08-03,MIL @ WSH,MIL,WSH,6.0,4.0,-115,-115,-110,-105,-115,-113,-115,-115,-130,-105,-120,-105,-113,-113,-110,-120,-117,-120,-117,-120,-120,-105,,,-115,-115,,,,,,,,
2024-08-03,DET @ KC,DET,KC,6.0,5.0,-115,-115,-113,-110,-120,-113,-120,-110,-120,-115,-120,-110,-113,-113,-120,-110,-114,-110,-114,-110,-120,-110,,,-115,-115,,,,,,,,
2024-08-03,ARI @ PIT,ARI,PIT,4.0,2.0,-105,-125,-105,-110,-115,-110,-120,-110,-115,-115,-105,-120,-115,-111,-110,-120,-114,-112,-114,-112,-105,-120,,,-120,-110,,,,,,,,
2024-08-04,CIN @ SF,CIN,SF,2.0,8.0,-110,-120,+102,-114,-110,-115,-115,-115,-120,-115,-110,-115,+102,-130,-110,-120,-112,-114,-112,-114,-110,-115,,,-105,-125,,,,,,,,
2024-08-04,NYY @ TOR,NYY,TOR,4.0,3.0,-120,-110,-113,EVEN,-120,-110,-130,EVEN,-135,EVEN,-120,-110,-113,-113,-115,-115,-121,-105,-121,-105,-120,-110,,,-120,-110,,,,,,,,
2024-08-04,ATL @ MIA,ATL,MIA,0.0,7.0,-105,-125,+110,-115,-105,-130,-115,-115,-105,-135,-105,-120,+102,-130,-110,-120,-103,-124,-103,-124,-105,-120,,,+110,-140,,,,,,,,
2024-08-04,ARI @ PIT,ARI,PIT,5.0,6.0,+105,-135,+130,-125,+110,-140,+105,-135,-110,-125,+120,-155,+110,-140,+105,-140,+114,-148,+114,-148,+120,-155,,,+130,-160,,,,,,,,
2024-08-04,MIL @ WSH,MIL,WSH,4.0,3.0,-115,-115,-110,EVEN,-115,-115,-115,-115,-120,-110,-125,EVEN,-111,-115,-120,-110,-121,-106,-121,-106,-125,EVEN,,,-110,-120,,,,,,,,
2024-08-05,NYM @ STL,NYM,STL,0.0,6.0,+104,-132,EVEN,-114,-105,-120,-115,-115,-105,-130,-105,-120,-106,-120,-110,-120,-110,-114,-110,-114,-105,-120,,,EVEN,-130,,,,,,,,
2024-08-05,ARI @ CLE,ARI,CLE,6.0,7.0,+105,-135,-103,-115,-110,-115,-115,-115,-105,-125,-110,-115,-108,-118,-105,-125,-103,-124,-103,-124,-110,-115,,,-110,-120,,,,,,,,
2024-08-05,CIN @ MIA,CIN,MIA,3.0,10.0,-125,-110,-104,-115,-110,-120,-110,-120,-120,-115,-110,-120,-104,-122,-115,-115,-108,-125,-109,-124,-110,-120,,,-115,-115,,,,,,,,
2024-08-05,SF @ WSH,SF,WSH,1.0,4.0,-115,-115,-105,-109,-113,-125,-115,-115,-110,-125,-120,-110,-113,-113,-110,-120,-117,-109,-117,-109,-120,-110,,,-105,-125,,,,,,,,
2024-08-05,HOU @ TEX,HOU,TEX,4.0,3.0,EVEN,-130,EVEN,-114,EVEN,-115,-115,-115,EVEN,-135,-110,-115,-104,-122,-110,-120,-112,-114,-112,-114,-110,-115,,,EVEN,-130,,,,,,,,
2024-08-06,CIN @ MIA,CIN,MIA,2.0,8.0,+110,-140,+110,-125,+102,-130,+105,-135,-105,-125,EVEN,-130,+102,-130,-105,-125,+104,-132,+104,-132,EVEN,-130,,,+110,-140,,,,,,,,
2024-08-06,PIT @ SD,PIT,SD,0.0,6.0,+105,-135,+115,-130,+110,-140,EVEN,-130,+110,-150,+110,-140,+106,-136,+115,-150,+112,-141,+112,-141,+110,-140,,,+115,-145,,,,,,,,
2024-08-06,SF @ WSH,SF,WSH,11.0,5.0,-110,-120,+105,-115,-110,-120,-115,-115,-110,-125,-110,-120,-108,-120,EVEN,-130,-106,-120,-106,-120,-110,-120,,,+105,-135,,,,,,,,
2024-08-06,BAL @ TOR,BAL,TOR,5.0,2.0,EVEN,-130,-110,-113,-110,-115,-110,-120,-110,-125,-110,-115,-113,-113,-115,-115,-113,-114,-113,-114,-110,-115,,,-115,-115,,,,,,,,
2024-08-06,ATL @ MIL,ATL,MIL,0.0,10.0,-105,-125,-105,-108,-115,-115,-115,-115,-105,-125,-115,-110,-113,-113,-120,-110,-120,-108,-120,-108,-115,-110,,,-115,-115,,,,,,,,
2024-08-07,ARI @ CLE,ARI,CLE,3.0,7.0,+105,-135,+105,-115,-106,-120,,,-120,-115,EVEN,-130,-106,-120,+105,-130,+102,-139,+102,-139,EVEN,-130,,,-105,-125,,,,,,,,
2024-08-07,CHC @ MIN,CHC,MIN,8.0,2.0,+110,-140,+130,-140,+120,-160,+130,-160,+120,-165,+130,-165,+110,-140,+115,-150,+118,-155,+118,-155,+130,-165,,,+110,-140,,,,,,,,
2024-08-07,HOU @ TEX,HOU,TEX,4.0,6.0,-115,-115,-105,EVEN,-115,-110,-130,EVEN,-115,-120,-115,-110,-118,-108,-125,-105,-114,-114,-114,-114,-115,-110,,,-105,-125,,,,,,,,
2024-08-07,Athletics @ CWS,Athletics,CWS,3.0,2.0,-105,-125,EVEN,-110,-115,-115,-115,-115,-115,-120,-115,-110,-115,-111,-115,-115,EVEN,-127,EVEN,-127,-115,-110,,,-115,-115,,,,,,,,
2024-08-07,LAA @ NYY,LAA,NYY,5.0,2.0,-105,-125,-110,-105,-120,-110,,,-125,-105,-110,-115,-113,-113,-115,-115,-120,-109,-120,-109,-110,-115,,,-120,-110,,,,,,,,
2024-08-08,SF @ WSH,SF,WSH,5.0,9.0,-115,-115,-104,-110,-115,-115,-115,-115,-115,-115,-120,-110,-104,-122,-105,-125,-105,-122,-105,-122,-120,-110,,,-115,-115,,,,,,,,
2024-08-08,ATL @ MIL,ATL,MIL,7.0,16.0,-115,-115,-110,-105,-115,-115,-115,-115,-115,-120,-110,-115,-113,-113,-115,-115,-130,-107,-130,-107,-110,-115,,,-125,-105,,,,,,,,
2024-08-08,PIT @ SD,PIT,SD,6.0,7.0,-105,-125,+108,-110,-115,-110,-115,-115,-105,-130,-115,-110,-113,-113,-115,-115,+108,-139,+108,-139,-115,-110,,,-120,-110,,,,,,,,
2024-08-08,COL @ NYM,COL,NYM,1.0,9.0,-140,+110,-121,+105,-130,EVEN,-130,EVEN,-125,-105,-130,EVEN,-130,+102,-125,-105,-121,-105,-121,-105,-130,EVEN,,,-135,+105,,,,,,,,
2024-08-08,CIN @ MIA,CIN,MIA,4.0,10.0,+105,-135,+105,-122,-105,-130,-105,-125,-105,-130,EVEN,-130,-104,-122,EVEN,-130,-104,-134,-104,-134,EVEN,-130,,,+105,-135,,,,,,,,
2024-08-09,CLE @ MIN,CLE,MIN,4.0,2.0,EVEN,-130,+105,-120,-104,-130,,,-115,-120,+105,-135,-104,-122,-105,-125,-106,-121,-106,-121,+105,-135,,,EVEN,-130,,,,,,,,
2024-08-09,LAA @ WSH,LAA,WSH,3.0,2.0,-110,-120,EVEN,-110,EVEN,-120,-115,-115,-110,-120,EVEN,-125,EVEN,-128,-110,-120,-110,-115,-110,-115,EVEN,-125,,,-120,-110,,,,,,,,
2024-08-09,BAL @ TB,BAL,TB,1.0,4.0,-115,-111,+110,-120,-102,-120,-110,-120,-115,-120,+110,-140,-102,-125,EVEN,-130,-105,-122,-105,-122,+110,-140,,,+105,-135,,,,,,,,
2024-08-09,Toronto @ TOR,Toronto,TOR,3.0,1.0,-115,-115,-110,-105,-118,-115,-120,-110,-130,-105,-110,-115,-118,-108,-125,-105,-122,-108,-122,-108,-110,-115,,,-115,-115,,,,,,,,
2024-08-09,MIA @ SD,MIA,SD,2.0,6.0,EVEN,-130,EVEN,-110,-105,-120,-115,-115,-105,-125,-105,-120,-104,-122,-110,-120,EVEN,-127,EVEN,-127,-105,-120,,,-120,-110,,,,,,,,
2024-08-10,NYY @ TEX,NYY,TEX,8.0,0.0,-105,-125,EVEN,EVEN,-110,-115,,,-135,EVEN,-110,-115,-122,-104,-125,-105,-132,EVEN,-132,EVEN,-110,-115,,,EVEN,-130,,,,,,,,
2024-08-10,Toronto @ TOR,Toronto,TOR,0.0,1.0,-105,-125,-120,+110,-135,EVEN,-140,+110,-135,EVEN,-120,-105,-122,-104,-125,-105,-125,-103,-127,EVEN,-120,-105,,,-135,+105,,,,,,,,
2024-08-10,DET @ SF,DET,SF,3.0,1.0,+110,-140,+110,-135,+110,-140,+110,-140,EVEN,-135,+110,-140,+106,-136,+105,-135,,,,,+110,-140,,,+110,-140,,,,,,,,
2024-08-10,MIA @ SD,MIA,SD,8.0,9.0,-105,-125,-105,-104,-115,-115,-115,-115,-120,-110,-105,-120,-122,-104,-115,-115,-114,-110,-114,-110,-105,-120,,,-115,-115,,,,,,,,
2024-08-10,BOS @ HOU,BOS,HOU,4.0,5.0,-135,+105,-135,+120,-135,+115,-145,+115,-155,+115,-135,+105,-148,+116,-135,+105,-155,+120,-155,+120,-135,+105,,,-135,+105,,,,,,,,
2024-08-11,LAA @ WSH,LAA,WSH,4.0,6.0,-110,-120,-105,-105,-120,-115,-120,-110,-115,-115,-120,-105,-111,-115,-110,-120,-108,-117,-108,-117,-120,-105,,,-105,-125,,,,,,,,
2024-08-11,NYY @ TEX,NYY,TEX,8.0,7.0,-120,-110,-130,+108,-135,+102,-135,+105,-135,EVEN,-135,+105,-130,+102,-135,+105,-137,+108,-137,+108,-135,+105,,,-130,EVEN,,,,,,,,
2024-08-11,BOS @ HOU,BOS,HOU,2.0,10.0,-130,EVEN,-120,+120,-140,+105,-150,+120,-145,+105,-130,EVEN,-140,+110,-135,+105,-150,+110,-150,+110,-130,EVEN,,,-120,-110,,,,,,,,
2024-08-11,Toronto @ TOR,Toronto,TOR,4.0,8.0,-105,-125,+105,-110,-115,-120,-115,-115,-115,-120,-115,-110,-106,-120,-110,-120,-107,-120,-107,-120,-115,-110,,,+105,-135,,,,,,,,
2024-08-11,MIA @ SD,MIA,SD,7.0,6.0,+105,-135,+125,-130,EVEN,-130,+115,-145,-105,-130,EVEN,-130,+102,-130,+110,-140,+125,-159,+110,-143,EVEN,-130,,,EVEN,-130,,,,,,,,
2024-08-12,CIN @ STL,CIN,STL,6.0,1.0,-115,-120,EVEN,-105,EVEN,-128,EVEN,-130,EVEN,-135,-110,-115,-102,-128,-115,-115,-106,-121,-106,-121,-110,-115,,,-125,-105,,,,,,,,
2024-08-12,CHC @ CLE,CHC,CLE,9.0,8.0,-110,-125,+112,-118,-105,-120,-110,-120,-105,-130,-105,-120,+112,-142,+110,-140,-108,-118,-108,-118,-105,-120,,,-105,-125,,,,,,,,
2024-08-12,HOU @ TB,HOU,TB,1.0,6.0,EVEN,-135,+115,-130,+110,-140,EVEN,-130,EVEN,-140,+110,-140,+110,-140,+115,-145,+112,-143,+112,-143,+110,-140,,,+115,-145,,,,,,,,
2024-08-12,BOS @ TEX,BOS,TEX,5.0,4.0,-130,-105,-105,-110,-115,-115,-115,-115,-115,-115,-115,-110,-115,-111,-115,-115,-105,-122,-105,-122,-115,-110,,,-110,-120,,,,,,,,
2024-08-12,KC @ MIN,KC,MIN,8.0,3.0,-105,-130,EVEN,-115,-105,-120,-105,-125,-110,-120,-105,-120,EVEN,-128,-105,-125,-105,-122,-105,-122,-105,-120,,,-115,-115,,,,,,,,
2024-08-13,BAL @ WSH,BAL,WSH,3.0,9.0,-115,-115,-108,-102,-120,-110,-115,-115,-125,-110,-120,-105,-125,-102,-120,-110,-108,-117,-108,-117,-120,-105,,,-120,-110,,,,,,,,
2024-08-13,CHC @ CLE,CHC,CLE,2.0,1.0,-105,-125,EVEN,-105,-120,-110,-115,-115,-120,-110,-120,-110,EVEN,-128,-125,-105,-113,-113,-113,-113,-120,-110,,,-120,-110,,,,,,,,
2024-08-13,MIA @ PHI,MIA,PHI,0.0,5.0,-125,-105,-120,+120,-130,-105,-150,+120,-130,-105,-120,-105,-130,+102,-125,-105,-136,+108,-136,+108,-120,-105,,,-125,-105,,,,,,,,
2024-08-13,CIN @ STL,CIN,STL,4.0,1.0,-105,-125,+110,-120,EVEN,-128,-110,-120,-105,-125,+105,-135,EVEN,-128,EVEN,-135,EVEN,-127,EVEN,-127,+105,-135,,,+110,-140,,,,,,,,
2024-08-13,DET @ SEA,DET,SEA,15.0,1.0,+115,-145,+135,-150,+125,-160,+135,-165,+110,-150,+125,-160,+122,-156,+120,-160,+120,-155,+120,-155,+125,-160,,,+130,-160,,,,,,,,
2024-08-14,KC @ MIN,KC,MIN,1.0,4.0,EVEN,-128,+102,-115,-105,-130,-115,-115,-105,-130,EVEN,-125,+102,-130,EVEN,-130,-110,-121,-110,-121,EVEN,-125,,,-110,-120,,,,,,,,
2024-08-14,ARI @ COL,ARI,COL,11.0,4.0,-120,-110,-115,+105,-125,-105,-135,+105,-125,-105,-130,EVEN,-115,-111,-135,+105,-132,-104,-132,-104,-130,EVEN,,,-120,-110,,,,,,,,
2024-08-14,PIT @ SD,PIT,SD,8.0,2.0,EVEN,-130,+102,-120,-105,-125,-110,-120,-105,-130,-105,-120,+102,-130,EVEN,-130,+102,-130,+102,-130,-105,-120,,,-105,-125,,,,,,,,
2024-08-14,BOS @ TEX,BOS,TEX,7.0,9.0,-125,-105,-115,EVEN,-120,-110,-120,-110,-125,-110,-120,-105,-128,EVEN,-115,-115,-115,-110,-115,-110,-120,-105,,,-120,-110,,,,,,,,
2024-08-14,BAL @ WSH,BAL,WSH,4.0,1.0,-115,-115,+104,-105,-120,-115,-115,-115,-120,-115,-120,-110,-111,-115,-125,-105,+104,-130,+104,-130,-120,-110,,,-120,-110,,,,,,,,
2024-08-15,DET @ SEA,DET,SEA,2.0,1.0,+105,-135,EVEN,-115,-105,-130,-115,-115,-105,-130,-105,-120,EVEN,-128,-110,-120,-106,-127,-106,-127,-105,-120,,,EVEN,-130,,,,,,,,
2024-08-15,New York @ NYM,New York,NYM,6.0,7.0,-105,-125,EVEN,-110,-110,-115,-115,-115,EVEN,-135,-110,-115,-106,-120,-115,-115,-113,-113,-113,-113,-110,-115,,,-120,-110,,,,,,,,
2024-08-15,LAD @ MIL,LAD,MIL,6.0,4.0,+105,-135,EVEN,-120,EVEN,-130,EVEN,-130,EVEN,-140,EVEN,-130,-104,-120,EVEN,-130,-109,-125,-109,-125,EVEN,-130,,,-105,-125,,,,,,,,
2024-08-15,ATL @ SF,ATL,SF,6.0,0.0,+120,-150,+120,-136,+115,-155,+115,-145,+115,-155,+120,-155,+116,-148,+110,-140,+108,-136,+108,-136,+120,-155,,,+110,-140,,,,,,,,
2024-08-15,BAL @ BOS,BAL,BOS,5.0,1.0,-105,-125,-105,-115,-110,-125,-105,-125,-110,-125,-110,-115,-111,-115,-105,-125,-106,-121,-106,-121,-110,-115,,,-105,-125,,,,,,,,
2024-08-16,CHC @ TOR,CHC,TOR,6.0,5.0,-145,+105,-120,+110,-125,EVEN,-140,+110,-130,-105,-125,EVEN,-122,-104,-125,-105,-130,+104,-130,+104,-125,EVEN,,,-120,-110,,,,,,,,
2024-08-16,PHI @ WSH,PHI,WSH,3.0,2.0,-115,-115,-115,+106,-130,EVEN,-130,EVEN,-145,+105,-130,EVEN,-115,-111,-125,-105,-134,+106,-134,+106,-130,EVEN,,,-130,EVEN,,,,,,,,
2024-08-16,PIT @ SEA,PIT,SEA,5.0,3.0,+130,-160,+165,-158,+140,-185,+140,-170,+135,-185,+140,-185,+124,-158,+135,-180,+135,-175,+135,-175,+140,-185,,,+165,-200,,,,,,,,
2024-08-16,DET @ NYY,DET,NYY,0.0,3.0,-115,-115,EVEN,-113,-110,-120,-115,-115,-110,-125,-105,-120,-113,-113,-110,-120,-103,-124,-103,-124,-105,-120,,,EVEN,-130,,,,,,,,
2024-08-16,CIN @ KC,CIN,KC,1.0,7.0,-120,-110,-115,EVEN,-125,EVEN,-130,EVEN,-135,EVEN,-125,EVEN,-115,-108,-115,-115,-124,-104,-124,-104,-125,EVEN,,,-120,-110,,,,,,,,
2024-08-17,PIT @ SEA,PIT,SEA,7.0,2.0,EVEN,-130,+102,-125,EVEN,-125,-105,-125,-105,-125,EVEN,-125,+102,-130,-105,-125,+102,-134,+102,-134,EVEN,-125,,,EVEN,-130,,,,,,,,
2024-08-17,DET @ NYY,DET,NYY,4.0,0.0,EVEN,-130,-115,+105,-120,-105,-115,-115,-145,+105,-120,-105,-115,-111,-120,-110,-122,-105,-122,-105,-120,-105,,,-120,-110,,,,,,,,
2024-08-17,CHC @ TOR,CHC,TOR,3.0,2.0,EVEN,-135,+106,-125,EVEN,-135,EVEN,-130,EVEN,-140,EVEN,-125,+106,-136,-105,-125,EVEN,-125,EVEN,-125,EVEN,-125,,,+105,-135,,,,,,,,
2024-08-17,ARI @ TB,ARI,TB,6.0,1.0,+105,-145,+110,-130,+104,-130,+105,-135,-105,-130,EVEN,-130,+104,-132,+110,-140,+105,-134,+105,-134,EVEN,-130,,,+110,-140,,,,,,,,
2024-08-17,MIA @ NYM,MIA,NYM,4.0,0.0,-105,-125,+110,-115,EVEN,-125,-110,-120,-120,-115,EVEN,-125,+104,-132,+110,-140,-106,-121,-106,-121,EVEN,-125,,,EVEN,-130,,,,,,,,
2024-08-18,MIA @ NYM,MIA,NYM,2.0,3.0,-105,-125,+102,-115,-105,-130,-115,-115,-105,-130,-105,-120,+102,-130,EVEN,-130,-106,-121,-106,-121,-105,-120,,,EVEN,-130,,,,,,,,
2024-08-18,BAL @ BOS,BAL,BOS,4.0,2.0,-128,EVEN,-120,+106,-135,+105,-135,+105,-135,EVEN,-135,+105,-120,-106,-135,+105,-134,+106,-134,+106,-135,+105,,,-125,-105,,,,,,,,
2024-08-18,PHI @ WSH,PHI,WSH,4.0,6.0,-120,-110,-120,+115,-135,+105,-145,+115,-140,+105,-135,+105,-128,EVEN,-130,EVEN,-148,+115,-148,+115,-135,+105,,,-120,-110,,,,,,,,
2024-08-18,PIT @ SEA,PIT,SEA,3.0,10.0,+105,-135,EVEN,-115,-110,-120,-110,-120,-115,-120,-105,-120,-111,-115,-105,-125,-108,-120,-108,-120,-105,-120,,,EVEN,-130,,,,,,,,
2024-08-18,ARI @ TB,ARI,TB,8.0,7.0,+105,-135,+110,-120,EVEN,-135,-110,-120,EVEN,-135,+110,-140,EVEN,-128,+105,-135,+106,-136,+106,-136,+110,-140,,,+105,-135,,,,,,,,
2024-08-19,ARI @ MIA,ARI,MIA,6.0,9.0,EVEN,-130,EVEN,-105,-113,-115,-115,-115,-125,-105,-105,-120,-113,-113,-105,-125,-114,-112,-114,-112,-105,-120,,,EVEN,-130,,,,,,,,
2024-08-19,CIN @ TOR,CIN,TOR,3.0,6.0,-105,-125,EVEN,-110,-110,-115,-115,-115,-120,-110,-110,-120,-113,-113,-105,-125,-107,-120,-107,-120,-110,-120,,,EVEN,-130,,,,,,,,
2024-08-19,BAL @ NYM,BAL,NYM,4.0,3.0,-105,-125,-115,EVEN,-120,-110,-120,-110,-120,-110,-125,EVEN,-120,-108,-115,-115,-117,-108,-117,-108,-125,EVEN,,,-125,-105,,,,,,,,
2024-08-19,PIT @ TEX,PIT,TEX,4.0,3.0,-105,-125,-112,-104,-115,-115,-115,-115,-130,-105,-115,-110,-122,-104,-120,-110,-112,-114,-112,-114,-115,-110,,,-115,-115,,,,,,,,
2024-08-19,BOS @ HOU,BOS,HOU,5.0,4.0,EVEN,-130,+110,-118,+110,-140,+110,-140,-115,-120,EVEN,-130,-102,-125,EVEN,-130,-112,-118,-112,-118,EVEN,-130,,,+110,-140,,,,,,,,
2024-08-20,ARI @ MIA,ARI,MIA,1.0,3.0,+110,-140,+114,-135,+110,-140,+110,-140,EVEN,-135,+110,-140,+114,-146,+110,-150,+106,-143,+106,-143,+110,-140,,,+110,-140,,,,,,,,
2024-08-20,COL @ WSH,COL,WSH,1.0,3.0,-110,-120,+105,-115,+105,-125,+105,-135,-105,-125,-110,-115,-102,-125,EVEN,-130,EVEN,-125,EVEN,-125,-110,-115,,,+105,-135,,,,,,,,
2024-08-20,CLE @ NYY,CLE,NYY,5.0,9.0,-105,-125,-105,-113,-110,-115,-115,-115,-105,-130,-110,-115,-113,-113,-105,-125,-108,-117,-108,-117,-110,-115,,,-110,-120,,,,,,,,
2024-08-20,CIN @ TOR,CIN,TOR,10.0,3.0,+105,-135,+105,-110,-105,-125,-115,-115,-110,-125,+105,-135,-104,-122,-110,-120,-115,-110,-115,-110,+105,-135,,,-105,-125,,,,,,,,
2024-08-20,BAL @ NYM,BAL,NYM,5.0,9.0,-110,-120,-110,-105,-115,-115,-115,-115,-115,-120,-110,-115,-118,-108,-115,-115,-118,-115,-118,-115,-110,-115,,,-125,-105,,,,,,,,
2024-08-21,BAL @ NYM,BAL,NYM,4.0,3.0,EVEN,-130,-105,-108,-110,-115,-120,-110,-110,-125,-110,-115,-111,-115,-110,-120,-117,-108,-117,-108,-110,-115,,,-105,-125,,,,,,,,
2024-08-21,BOS @ HOU,BOS,HOU,1.0,4.0,EVEN,-130,-111,-105,-120,-110,-125,-105,-125,-110,-120,-105,-111,-115,-115,-115,-112,-114,-112,-114,-120,-105,,,-120,-110,,,,,,,,
2024-08-21,PIT @ TEX,PIT,TEX,1.0,0.0,-113,-113,-104,-114,-110,-120,-115,-115,-110,-125,-105,-120,-104,-122,-115,-115,-110,-114,-110,-114,-105,-120,,,-110,-120,,,,,,,,
2024-08-21,CWS @ SF,CWS,SF,2.0,6.0,+110,-140,+140,-150,+130,-165,+120,-150,+120,-160,+130,-165,+140,-184,+125,-165,+107,-155,+107,-155,+130,-165,,,+140,-170,,,,,,,,
2024-08-21,ARI @ MIA,ARI,MIA,8.0,10.0,EVEN,-130,-115,+104,-120,-110,-120,-110,-120,-115,-115,-110,-125,-102,-120,-110,-130,+104,-130,+104,-115,-110,,,-120,-110,,,,,,,,
2024-08-22,CLE @ NYY,CLE,NYY,6.0,0.0,EVEN,-130,EVEN,-105,-115,-115,-115,-115,-130,-105,EVEN,-130,-115,-111,-120,-110,-108,-118,-108,-118,EVEN,-130,,,-110,-120,,,,,,,,
2024-08-22,COL @ WSH,COL,WSH,8.0,3.0,-105,-125,-108,-105,-120,-115,-115,-115,-120,-115,-120,-110,-108,-118,-110,-120,-114,-112,-114,-112,-120,-110,,,-125,-105,,,,,,,,
2024-08-22,MIL @ STL,MIL,STL,3.0,0.0,+105,-135,+105,-120,+105,-135,EVEN,-130,+105,-140,+105,-135,-106,-120,+105,-135,+104,-130,+104,-130,+105,-135,,,+105,-135,,,,,,,,
2024-08-22,CHC @ DET,CHC,DET,10.0,2.0,EVEN,-130,+110,-125,EVEN,-135,+105,-135,EVEN,-135,EVEN,-130,+110,-140,+105,-135,+102,-150,+110,-139,EVEN,-130,,,-105,-125,,,,,,,,
2024-08-22,Athletics @ TB,Athletics,TB,3.0,1.0,+105,-135,+122,-135,+110,-140,+110,-140,+115,-155,+105,-135,+122,-156,+115,-150,+120,-152,+120,-152,+105,-135,,,+110,-140,,,,,,,,
2024-08-23,CIN @ PIT,CIN,PIT,6.0,5.0,EVEN,-130,+110,-124,EVEN,-130,EVEN,-130,-105,-130,+110,-135,+102,-130,-105,-125,-103,-124,-103,-124,+110,-135,,,EVEN,-130,,,,,,,,
2024-08-23,COL @ NYY,COL,NYY,3.0,0.0,-105,-125,-105,-108,-115,-120,-115,-115,-115,-120,-105,-120,-120,-108,-115,-115,-118,-109,-118,-109,-105,-120,,,-110,-120,,,,,,,,
2024-08-23,BAL @ HOU,BAL,HOU,7.0,5.0,-115,-115,+104,-118,EVEN,-130,-110,-120,-105,-130,EVEN,-125,+104,-132,EVEN,-130,-107,-118,-103,-125,EVEN,-125,,,EVEN,-130,,,,,,,,
2024-08-23,LAA @ TOR,LAA,TOR,5.0,4.0,-110,-120,-105,-105,-115,-115,-115,-115,-115,-115,-120,-105,-111,-115,-110,-120,-105,-121,-106,-121,-120,-105,,,-120,-110,,,,,,,,
2024-08-23,CLE @ TEX,CLE,TEX,3.0,5.0,+110,-140,+126,-130,+115,-150,+115,-145,+115,-155,+110,-140,+126,-162,+120,-150,+102,-130,+102,-130,+110,-140,,,+120,-150,,,,,,,,
2024-08-24,COL @ NYY,COL,NYY,2.0,9.0,-115,-115,-130,+114,-135,+105,-135,+105,-130,-105,-145,+110,-146,+114,-140,+110,-132,+104,-132,+104,-145,+110,,,-135,+105,,,,,,,,
2024-08-24,LAA @ TOR,LAA,TOR,3.0,1.0,-115,-115,-105,-110,-110,-120,-110,-120,-110,-125,-105,-120,-113,-113,-120,-110,-106,-124,-106,-124,-105,-120,,,-105,-125,,,,,,,,
2024-08-24,BAL @ HOU,BAL,HOU,3.0,2.0,-110,-120,+105,-120,EVEN,-130,EVEN,-130,+105,-140,-105,-120,+102,-130,+105,-135,+104,-132,+104,-132,-105,-120,,,EVEN,-130,,,,,,,,
2024-08-24,Athletics @ MIL,Athletics,MIL,5.0,9.0,EVEN,-130,+110,-120,+102,-120,+110,-140,-110,-120,-105,-120,+102,-130,EVEN,-130,-104,-122,-104,-122,-105,-120,,,+105,-135,,,,,,,,
2024-08-24,ARI @ BOS,ARI,BOS,1.0,4.0,-120,-110,-120,+102,-130,EVEN,-125,-105,-135,EVEN,-130,EVEN,-130,+102,-120,-110,-120,-107,-120,-107,-130,EVEN,,,-120,-110,,,,,,,,
2024-08-25,ATL @ WSH,ATL,WSH,1.0,5.0,EVEN,-130,+102,-113,-110,-120,-110,-120,-110,-125,-110,-115,-113,-113,-110,-120,+102,-136,+102,-136,-110,-115,,,-110,-120,,,,,,,,
2024-08-25,ARI @ BOS,ARI,BOS,5.0,7.0,-125,-105,-114,+105,-130,-104,-130,EVEN,-130,-105,-135,+105,-122,-104,-125,-105,-114,-112,-114,-112,-135,+105,,,-115,-115,,,,,,,,
2024-08-25,CIN @ PIT,CIN,PIT,4.0,3.0,-110,-120,-108,-115,-110,-115,-115,-115,-120,-115,-110,-115,-108,-118,-115,-115,-114,-115,-114,-115,-110,-115,,,-110,-120,,,,,,,,
2024-08-25,COL @ NYY,COL,NYY,10.0,3.0,-105,-125,-125,+105,-130,-105,-135,+105,-130,-105,-130,EVEN,-132,+104,-130,EVEN,-136,-104,-136,-104,-130,EVEN,,,-125,-105,,,,,,,,
2024-08-25,LAA @ TOR,LAA,TOR,8.0,2.0,EVEN,-130,EVEN,-120,-104,-122,-110,-120,-110,-120,EVEN,-130,-104,-122,EVEN,-130,-103,-125,-106,-121,EVEN,-130,,,EVEN,-130,,,,,,,,
2024-08-26,CLE @ KC,CLE,KC,3.0,4.0,-125,-102,+110,-110,-105,-122,-120,-110,-110,-125,-105,-120,-104,-122,-115,-115,EVEN,-130,+104,-130,-105,-120,,,+110,-140,,,,,,,,
2024-08-26,BOS @ TOR,BOS,TOR,1.0,4.0,-128,EVEN,-120,+112,-125,-105,-125,-105,-130,-105,-125,EVEN,-142,+112,-125,-105,-127,+102,-127,+102,-125,EVEN,,,-120,-110,,,,,,,,
2024-08-26,HOU @ PHI,HOU,PHI,3.0,2.0,+110,-140,+106,-113,-105,-120,-115,-115,-110,-120,-105,-120,+106,-136,EVEN,-130,-113,-113,-113,-113,-105,-120,,,-105,-125,,,,,,,,
2024-08-26,CHC @ PIT,CHC,PIT,8.0,18.0,-113,-113,+105,-110,-115,-115,-115,-115,-105,-130,-115,-110,-113,-113,EVEN,-130,-107,-120,-107,-120,-115,-110,,,+105,-135,,,,,,,,
2024-08-27,Cincinnati @ CIN,Cincinnati,CIN,4.0,5.0,-120,-110,-130,+105,-135,+105,-135,+105,-145,+105,-135,+105,-132,+104,-130,EVEN,-132,+104,-132,+104,-135,+105,,,-130,EVEN,,,,,,,,
2024-08-27,DET @ LAA,DET,LAA,6.0,2.0,-125,-105,-120,+105,-125,-105,-125,-105,-130,-105,-120,-105,-122,-104,-130,EVEN,-134,+105,-134,+105,-120,-105,,,-125,-105,,,,,,,,
2024-08-27,HOU @ PHI,HOU,PHI,5.0,0.0,EVEN,-130,-105,+102,-120,-111,-120,-110,-120,-115,-105,-120,-115,-111,-110,-120,-129,+102,-129,+102,-105,-120,,,-130,EVEN,,,,,,,,
2024-08-27,CHC @ PIT,CHC,PIT,5.0,9.0,+106,-136,+125,-135,+114,-145,+125,-155,+105,-145,+110,-145,+114,-146,+105,-135,+108,-137,+108,-137,+110,-145,,,+120,-150,,,,,,,,
2024-08-27,CLE @ KC,CLE,KC,1.0,6.0,-105,-125,-120,+105,-130,EVEN,-130,EVEN,-145,+105,-120,-105,-130,+102,-125,-105,-127,EVEN,-127,EVEN,-120,-105,,,-130,EVEN,,,,,,,,
2024-08-28,CHC @ PIT,CHC,PIT,10.0,14.0,+105,-135,+110,-125,EVEN,-130,EVEN,-130,-105,-130,EVEN,-130,-102,-125,+105,-135,EVEN,-125,EVEN,-125,EVEN,-130,,,+110,-140,,,,,,,,
2024-08-28,CLE @ KC,CLE,KC,7.0,5.0,EVEN,-130,EVEN,-118,EVEN,-125,-110,-120,-105,-130,EVEN,-125,-106,-120,EVEN,-130,-107,-118,-107,-118,EVEN,-125,,,EVEN,-130,,,,,,,,
2024-08-28,HOU @ PHI,HOU,PHI,0.0,10.0,-120,-110,-130,+122,-130,EVEN,-130,EVEN,-135,EVEN,-150,+115,-156,+122,-135,+105,-152,+118,-152,+118,-150,+115,,,-130,EVEN,,,,,,,,
2024-08-28,SEA @ TB,SEA,TB,6.0,2.0,+120,-150,+135,-150,+120,-156,+135,-165,+115,-160,+120,-155,+122,-156,+125,-165,+130,-165,+130,-165,+120,-155,,,+120,-150,,,,,,,,
2024-08-28,CWS @ TEX,CWS,TEX,1.0,3.0,-105,-125,+110,-125,-105,-125,-105,-125,-105,-125,EVEN,-125,+102,-130,EVEN,-130,+107,-136,+107,-136,EVEN,-125,,,+110,-140,,,,,,,,
2024-08-29,DET @ LAA,DET,LAA,0.0,3.0,-115,-115,-105,+105,-125,-105,-125,-105,-115,-115,-125,EVEN,-115,-111,-105,-125,-105,-121,-105,-121,-125,EVEN,,,-135,+105,,,,,,,,
2024-08-29,MIL @ SF,MIL,SF,6.0,0.0,-105,-125,+105,-110,-105,-120,+105,-135,-105,-125,-115,-110,-113,-113,-105,-125,-107,-118,-107,-118,-115,-110,,,-110,-120,,,,,,,,
2024-08-29,CWS @ TEX,CWS,TEX,1.0,2.0,-105,-125,EVEN,-115,-115,-115,-115,-115,-120,-115,-110,-115,-102,-125,-105,-125,EVEN,-129,EVEN,-129,-110,-115,,,-115,-115,,,,,,,,
2024-08-29,SD @ STL,SD,STL,4.0,1.0,+110,-140,+118,-125,+105,-135,+110,-140,EVEN,-135,+105,-135,+118,-150,+110,-140,+105,-134,+105,-134,+105,-135,,,-105,-125,,,,,,,,
2024-08-29,COL @ MIA,COL,MIA,8.0,12.0,-150,+120,-140,+125,-150,+120,-140,+110,-150,+110,-155,+120,-156,+122,-165,+125,-155,+123,-155,+123,-155,+120,,,-150,+120,,,,,,,,
2024-08-30,CIN @ MIL,CIN,MIL,4.0,5.0,-128,EVEN,-115,-104,-122,-110,,,-125,-110,-115,-110,-122,-104,-120,-110,-134,-104,-132,-106,-115,-110,,,,,,,,,,,,
2024-08-30,ATL @ PHI,ATL,PHI,2.0,7.0,EVEN,-130,+116,-130,+105,-130,+105,-135,+105,-145,EVEN,-130,+116,-148,+105,-135,-107,-130,-107,-130,EVEN,-130,,,EVEN,-130,,,,,,,,
2024-08-30,BOS @ DET,BOS,DET,5.0,7.0,-115,-120,-110,-111,-115,-115,-115,-115,-120,-115,-110,-115,-115,-111,-110,-120,-112,-114,-112,-114,-110,-115,,,,,,,,,,,,
2024-08-30,CHC @ WSH,CHC,WSH,6.0,7.0,-105,-130,EVEN,-125,EVEN,-125,-105,-125,EVEN,-135,EVEN,-130,-102,-125,EVEN,-130,EVEN,-127,EVEN,-127,EVEN,-130,,,,,,,,,,,,
2024-08-31,NYY @ STL,NYY,STL,5.0,6.0,-150,+110,-130,+110,-140,+105,,,-140,+105,,,-140,+110,,,,,,,,,,,-130,EVEN,,,,,,,,
2024-08-31,CHC @ WSH,CHC,WSH,3.0,5.0,-120,-115,-115,-110,-115,-111,,,-125,-110,,,-115,-111,,,,,,,,,,,-115,-115,,,,,,,,
2024-08-31,SD @ TB,SD,TB,11.0,4.0,-115,-115,EVEN,-120,-105,-125,,,-115,-120,,,EVEN,-128,,,,,,,,,,,-105,-125,,,,,,,,
2024-08-31,BOS @ DET,BOS,DET,2.0,1.0,-105,-125,+115,-136,+106,-140,,,+105,-140,,,+106,-136,,,,,,,,,,,+115,-145,,,,,,,,
2024-08-31,CLE @ PIT,CLE,PIT,0.0,3.0,-125,-105,-118,-108,-120,-110,,,-120,-115,,,-118,-108,,,,,,,,,,,-120,-110,,,,,,,,
2024-09-01,CIN @ MIL,CIN,MIL,4.0,3.0,-115,-115,-115,-105,-120,-106,,,-130,-105,,,-120,-106,,,,,,,,,,,-115,-115,,,,,,,,
2024-09-01,CHC @ WSH,CHC,WSH,1.0,14.0,-110,-120,-111,-115,-115,-115,,,-115,-115,,,-111,-115,,,,,,,,,,,-115,-115,,,,,,,,
2024-09-01,NYY @ STL,NYY,STL,7.0,14.0,-115,-115,-122,+105,-135,EVEN,,,-140,EVEN,,,-122,-104,,,,,,,,,,,-135,+105,,,,,,,,
2024-09-01,CLE @ PIT,CLE,PIT,6.0,1.0,-120,-110,EVEN,-118,-108,-120,,,-115,-120,,,-108,-118,,,,,,,,,,,EVEN,-130,,,,,,,,
2024-09-01,BOS @ DET,BOS,DET,4.0,1.0,-115,-115,-125,+106,-135,EVEN,,,-135,EVEN,,,-136,+106,,,,,,,,,,,-125,-105,,,,,,,,
2024-09-02,MIL @ STL,MIL,STL,9.0,3.0,+105,-135,+130,-136,+106,-145,,,+105,-145,,,+106,-136,,,,,,,,,,,+130,-160,,,,,,,,
2024-09-02,BAL @ CWS,BAL,CWS,13.0,3.0,-105,-125,EVEN,-122,-104,-125,,,-110,-125,,,-104,-122,,,,,,,,,,,EVEN,-130,,,,,,,,
2024-09-02,ARI @ LAD,ARI,LAD,6.0,11.0,-105,-125,-113,-105,-120,-110,,,-130,-105,,,-113,-113,,,,,,,,,,,-120,-110,,,,,,,,
2024-09-02,CIN @ HOU,CIN,HOU,5.0,3.0,-156,+122,-120,EVEN,-128,EVEN,,,-135,EVEN,,,-128,EVEN,,,,,,,,,,,-120,-110,,,,,,,,
2024-09-02,CLE @ KC,CLE,KC,2.0,4.0,-105,-125,+102,-130,EVEN,-130,,,-105,-130,,,+102,-130,,,,,,,,,,,EVEN,-130,,,,,,,,
2024-09-03,BAL @ CWS,BAL,CWS,9.0,0.0,-110,-120,-105,-105,-120,-105,-125,-105,-125,-110,-120,-105,-115,-111,-105,-125,-121,-109,-121,-109,-120,-105,,,-115,-115,,,,,,,,
2024-09-03,MIA @ WSH,MIA,WSH,2.0,6.0,-110,-120,EVEN,-115,-105,-125,-105,-125,-115,-115,-110,-120,EVEN,-128,-105,-125,-106,-121,-106,-121,-110,-120,,,-105,-125,,,,,,,,
2024-09-03,MIN @ TB,MIN,TB,2.0,1.0,+110,-140,+122,-135,+105,-145,+110,-140,+105,-145,+105,-135,+122,-156,+115,-150,+112,-148,+112,-148,+105,-135,,,+115,-145,,,,,,,,
2024-09-03,PHI @ TOR,PHI,TOR,9.0,10.0,-110,-120,-105,EVEN,-125,EVEN,-130,EVEN,-120,-115,-115,-110,-128,EVEN,-105,-125,-120,-107,-120,-107,-115,-110,,,-125,-105,,,,,,,,
2024-09-03,BOS @ NYM,BOS,NYM,7.0,2.0,+105,-135,+110,-120,EVEN,-130,EVEN,-130,+110,-150,-105,-120,-104,-122,EVEN,-130,EVEN,-127,EVEN,-127,-105,-120,,,EVEN,-130,,,,,,,,
2024-09-04,PHI @ TOR,PHI,TOR,2.0,4.0,-105,-125,+110,-140,+110,-140,,,,,,,,,+110,-140,,,,,,,,,,,,,,,,,,
2024-09-04,BAL @ CWS,BAL,CWS,1.0,8.0,-105,-125,-107,-110,-110,-110,-120,-110,-110,-125,-115,-110,-113,-113,-115,-115,-107,-118,-107,-118,-115,-110,,,-110,-120,,,,,,,,
2024-09-04,MIA @ WSH,MIA,WSH,4.0,3.0,+105,-135,EVEN,-110,-115,-115,-115,-115,EVEN,-135,-115,-110,-115,-111,,,-108,-118,-108,-118,-115,-110,,,-105,-125,,,,,,,,
2024-09-05,MIN @ TB,MIN,TB,3.0,4.0,+105,-135,+115,-130,+110,-145,+115,-145,+110,-150,+110,-145,+112,-142,+115,-150,+107,-148,+107,-148,+110,-145,,,EVEN,-130,,,,,,,,
2024-09-05,CIN @ HOU,CIN,HOU,1.0,0.0,-115,-115,-115,EVEN,-125,-110,-120,-110,-125,-110,-125,EVEN,-115,-111,-125,-105,-117,-108,-117,-108,-125,EVEN,,,-125,-105,,,,,,,,
2024-09-05,Athletics @ SEA,Athletics,SEA,4.0,6.0,-105,-125,+105,-120,EVEN,-130,+105,-135,-110,-120,EVEN,-130,-102,-125,+105,-135,EVEN,-127,EVEN,-127,EVEN,-130,,,EVEN,-130,,,,,,,,
2024-09-05,ARI @ SF,ARI,SF,3.0,2.0,+105,-135,+120,-130,+106,-140,+115,-145,+105,-140,EVEN,-130,+106,-136,,,+105,-132,+105,-132,EVEN,-130,,,+120,-150,,,,,,,,
2024-09-06,CHC @ NYY,CHC,NYY,0.0,3.0,+110,-145,+108,-120,-110,-125,-105,-125,-110,-125,-110,-120,+108,-136,+105,-135,-103,-129,-103,-129,-110,-120,,,+105,-135,,,,,,,,
2024-09-06,COL @ MIL,COL,MIL,2.0,3.0,+105,-135,+107,-125,EVEN,-130,EVEN,-130,-110,-125,EVEN,-130,+102,-130,EVEN,-130,+107,-143,+107,-143,EVEN,-130,,,+105,-135,,,,,,,,
2024-09-06,BAL @ TB,BAL,TB,2.0,0.0,+105,-135,-106,-115,-110,-115,-115,-115,-120,-115,-110,-120,-111,-115,-110,-120,-106,-120,-106,-120,-110,-120,,,-110,-120,,,,,,,,
2024-09-06,CIN @ NYM,CIN,NYM,6.0,4.0,+110,-140,+105,-120,-104,-125,EVEN,-130,-110,-125,-105,-120,-104,-122,EVEN,-130,-103,-122,-103,-122,-105,-120,,,+105,-135,,,,,,,,
2024-09-06,BOS @ CWS,BOS,CWS,3.0,1.0,-130,EVEN,-110,-120,-110,-120,,,,,,,,,-110,-120,,,,,,,,,,,,,,,,,,
2024-09-07,PIT @ WSH,PIT,WSH,3.0,5.0,EVEN,-130,EVEN,-115,-110,-120,EVEN,-130,-110,-120,-110,-120,-111,-115,EVEN,-130,-105,-122,-105,-122,-110,-120,,,-115,-115,,,,,,,,
2024-09-07,CHC @ NYY,CHC,NYY,0.0,2.0,+120,-150,+110,-125,EVEN,-130,EVEN,-130,-110,-125,EVEN,-130,EVEN,-128,EVEN,-130,EVEN,-127,EVEN,-127,EVEN,-130,,,+110,-140,,,,,,,,
2024-09-07,BAL @ TB,BAL,TB,1.0,7.0,-105,-125,+110,-140,+110,-140,,,,,,,,,+110,-140,,,,,,,,,,,,,,,,,,
2024-09-07,Athletics @ DET,Athletics,DET,1.0,2.0,+105,-135,EVEN,-125,EVEN,-125,-105,-125,-110,-125,EVEN,-125,-102,-125,-105,-125,EVEN,-125,EVEN,-125,EVEN,-125,,,EVEN,-130,,,,,,,,
2024-09-08,BAL @ TB,BAL,TB,0.0,2.0,EVEN,-130,+105,-135,+105,-135,,,,,,,,,+105,-135,,,,,,,,,,,,,,,,,,
2024-09-08,BOS @ CWS,BOS,CWS,2.0,7.0,-115,-115,-135,+120,-135,+105,-150,+120,-155,+115,-135,+105,-142,+112,-140,+110,-139,+110,-139,+110,-135,+105,,,-135,+105,,,,,,,,
2024-09-08,PIT @ WSH,PIT,WSH,7.0,3.0,-105,-125,+105,-120,-105,-125,-105,-125,-110,-120,-105,-120,+102,-130,-105,-125,+105,-134,+105,-134,-105,-120,,,-105,-125,,,,,,,,
2024-09-08,ATL @ TOR,ATL,TOR,4.0,3.0,+105,-135,+110,-125,EVEN,-135,+105,-135,EVEN,-135,EVEN,-130,-102,-125,EVEN,-130,+105,-134,+105,-134,EVEN,-130,,,+110,-140,,,,,,,,
2024-09-09,MIA @ PIT,MIA,PIT,3.0,2.0,+105,-135,+110,-115,EVEN,-130,-115,-115,-105,-130,EVEN,-125,+102,-130,+110,-140,,,,,EVEN,-125,,,+105,-135,,,,,,,,
2024-09-09,ATL @ CIN,ATL,CIN,0.0,1.0,EVEN,-130,+105,-115,-105,-125,-105,-125,-110,-120,+105,-135,-111,-115,EVEN,-130,-105,-121,-105,-121,+105,-135,,,EVEN,-130,,,,,,,,
2024-09-09,PHI @ TB,PHI,TB,2.0,1.0,-114,-112,-110,-114,-110,-114,,,,,,,,,,,-110,-114,,,,,,,,,,,,,,,,
2024-09-10,MIA @ PIT,MIA,PIT,6.0,4.0,-110,-120,+105,-110,-115,-115,-115,-115,-125,-110,-110,-115,-115,-111,-110,-120,-112,-114,-114,-110,-110,-115,,,+105,-135,,,,,,,,
2024-09-10,COL @ DET,COL,DET,11.0,0.0,EVEN,-130,-107,-110,-110,-120,-115,-115,-110,-120,-115,-110,-108,-120,-115,-115,-107,-127,-107,-127,-115,-110,,,-110,-120,,,,,,,,
2024-09-10,PHI @ TB,PHI,TB,9.0,4.0,+105,-135,+110,-128,+105,-135,EVEN,-130,+110,-150,+105,-135,EVEN,-128,+110,-140,+104,-132,+104,-132,+105,-135,,,+110,-140,,,,,,,,
2024-09-10,ATL @ WSH,ATL,WSH,0.0,12.0,EVEN,-130,+105,-135,+105,-135,,,,,,,,,+105,-135,,,,,,,,,,,,,,,,,,
2024-09-11,MIA @ PIT,MIA,PIT,3.0,1.0,-110,-120,-108,-105,-110,-115,-115,-115,-110,-125,-120,-105,-108,-118,-125,-105,-117,-109,-117,-109,-120,-105,,,-110,-120,,,,,,,,
2024-09-11,CWS @ CLE,CWS,CLE,4.0,6.0,+110,-140,+110,-125,+104,-132,-105,-125,+105,-145,+110,-140,+104,-132,EVEN,-130,+106,-137,+106,-137,+110,-140,,,EVEN,-130,,,,,,,,
2024-09-11,NYM @ TOR,NYM,TOR,2.0,6.0,+105,-135,+105,-125,+105,-132,+105,-135,-105,-130,EVEN,-130,+104,-132,EVEN,-130,EVEN,-125,EVEN,-125,EVEN,-130,,,+105,-135,,,,,,,,
2024-09-11,ARI @ TEX,ARI,TEX,14.0,4.0,-105,-125,-105,-108,-115,-115,-115,-115,-115,-115,-105,-120,-118,-108,-115,-115,-110,-114,-110,-114,-105,-120,,,-120,-110,,,,,,,,
2024-09-11,PHI @ TB,PHI,TB,3.0,2.0,+120,-150,+110,-124,EVEN,-140,EVEN,-130,EVEN,-140,+105,-135,+106,-136,+110,-140,-103,-124,-103,-124,+105,-135,,,+110,-140,,,,,,,,
2024-09-12,COL @ DET,COL,DET,2.0,4.0,+115,-145,+125,-135,+120,-150,+120,-150,+120,-165,+105,-135,+122,-156,+120,-160,+125,-159,+125,-159,+105,-135,,,+115,-145,,,,,,,,
2024-09-12,CIN @ STL,CIN,STL,6.0,1.0,EVEN,-135,+120,-135,+120,-150,+120,-150,+115,-155,+105,-135,+106,-136,+115,-150,+105,-139,+105,-139,+105,-135,,,+120,-150,,,,,,,,
2024-09-12,Houston @ HOU,Houston,HOU,6.0,3.0,EVEN,-130,-105,-110,-115,-120,-115,-115,-105,-125,-115,-110,-106,-120,-115,-115,-109,-122,-109,-122,-115,-110,,,-110,-120,,,,,,,,
2024-09-12,MIA @ WSH,MIA,WSH,3.0,6.0,-120,-115,-110,-104,-120,-110,-120,-110,-130,-105,-120,-110,-122,-104,-110,-120,-122,-104,-122,-104,-120,-110,,,-120,-110,,,,,,,,
2024-09-12,BOS @ NYY,BOS,NYY,2.0,1.0,-105,-125,-120,EVEN,-125,EVEN,-120,-110,-130,-105,-125,EVEN,-125,-102,-120,-110,-121,-106,-121,-106,-125,EVEN,,,-130,EVEN,,,,,,,,
2024-09-13,NYM @ PHI,NYM,PHI,3.0,11.0,-105,-125,-105,-105,-115,-115,-125,-105,-115,-120,-115,-110,-108,-115,-110,-120,-120,-107,-120,-107,-115,-110,,,-105,-125,,,,,,,,
2024-09-13,BAL @ DET,BAL,DET,1.0,0.0,+110,-140,+120,-122,EVEN,-130,+110,-140,-105,-130,EVEN,-130,-104,-122,+105,-135,+120,-152,+120,-152,EVEN,-130,,,EVEN,-130,,,,,,,,
2024-09-13,KC @ PIT,KC,PIT,3.0,8.0,-110,-120,-105,-104,-115,-115,-115,-115,-120,-115,-110,-120,-122,-104,-110,-120,-106,-120,-106,-120,-110,-120,,,-105,-125,,,,,,,,
2024-09-13,MIA @ WSH,MIA,WSH,4.0,1.0,-105,-125,+110,-120,EVEN,-120,-110,-120,EVEN,-135,-105,-120,-104,-122,EVEN,-130,EVEN,-127,EVEN,-127,-105,-120,,,+110,-140,,,,,,,,
2024-09-13,BOS @ NYY,BOS,NYY,5.0,4.0,-105,-125,-110,EVEN,-120,-110,-115,-115,-120,-110,-120,-105,-122,-104,-110,-120,-130,EVEN,-130,EVEN,-120,-105,,,-110,-120,,,,,,,,
2024-09-14,KC @ PIT,KC,PIT,1.0,5.0,+105,-135,+107,-115,-104,-130,-115,-115,-105,-130,EVEN,-130,-104,-122,-105,-125,+107,-143,+107,-143,EVEN,-130,,,+105,-135,,,,,,,,
2024-09-14,BOS @ NYY,BOS,NYY,1.0,7.0,EVEN,-130,-110,-106,-110,-120,-120,-110,-110,-120,-110,-115,-113,-113,-110,-120,-121,-106,-121,-106,-110,-115,,,-110,-120,,,,,,,,
2024-09-14,STL @ TOR,STL,TOR,7.0,2.0,EVEN,-135,+110,-120,-102,-125,-110,-120,-110,-125,+105,-135,-102,-125,+110,-140,EVEN,-125,EVEN,-125,+105,-135,,,+105,-135,,,,,,,,
2024-09-14,NYM @ PHI,NYM,PHI,6.0,4.0,-115,-120,-105,-105,-125,-110,-125,-105,-125,-110,-115,-110,-113,-113,-120,-110,-122,-105,-122,-105,-115,-110,,,-105,-125,,,,,,,,
2024-09-14,MIA @ WSH,MIA,WSH,4.0,1.0,-105,-125,-115,EVEN,-120,-110,-120,-110,-125,-110,-115,-110,-120,-108,-120,-110,-127,EVEN,-127,EVEN,-115,-110,,,-120,-110,,,,,,,,
2024-09-15,BAL @ DET,BAL,DET,4.0,2.0,-110,-120,EVEN,-110,-115,-115,-120,-110,-115,-115,EVEN,-125,-115,-111,-115,-115,-114,-117,-114,-117,EVEN,-125,,,-110,-120,,,,,,,,
2024-09-15,CIN @ MIN,CIN,MIN,9.0,2.0,-105,-125,-105,-111,-115,-115,-115,-115,-120,-115,-105,-120,-115,-111,-115,-115,-120,-113,-120,-113,-105,-120,,,-105,-125,,,,,,,,
2024-09-15,BOS @ NYY,BOS,NYY,5.0,2.0,-110,-120,EVEN,-115,-102,-125,-115,-115,-115,-120,EVEN,-125,-102,-125,-110,-120,-106,-120,-106,-120,EVEN,-125,,,EVEN,-130,,,,,,,,
2024-09-15,MIA @ WSH,MIA,WSH,4.0,3.0,EVEN,-130,-108,-113,-110,-120,-115,-115,-110,-120,-110,-120,-113,-113,-110,-120,-108,-118,-108,-118,-110,-120,,,-110,-120,,,,,,,,
2024-09-15,NYM @ PHI,NYM,PHI,2.0,1.0,-105,-125,+105,-115,-104,-130,-115,-115,-105,-130,+105,-135,-104,-122,-110,-120,+105,-137,+105,-137,+105,-135,,,EVEN,-130,,,,,,,,
2024-09-16,CLE @ MIN,CLE,MIN,4.0,3.0,+105,-145,+118,-140,+115,-150,+115,-145,+110,-150,+115,-150,+118,-148,+110,-140,+106,-141,+106,-141,+115,-150,,,+110,-140,,,,,,,,
2024-09-16,NYM @ WSH,NYM,WSH,2.0,1.0,+105,-135,+122,-135,+110,-140,+110,-140,+110,-150,+110,-140,+122,-156,+120,-150,+106,-143,+106,-143,+110,-140,,,+105,-135,,,,,,,,
2024-09-16,ATL @ LAD,ATL,LAD,0.0,9.0,+105,-140,+112,-122,+105,-135,+105,-135,EVEN,-135,+105,-135,+112,-142,+110,-140,-105,-122,-105,-122,+105,-135,,,+105,-135,,,,,,,,
2024-09-16,MIL @ PHI,MIL,PHI,6.0,2.0,-105,-130,EVEN,-115,-105,-120,-110,-120,-105,-130,EVEN,-125,-111,-115,-110,-120,-117,-117,-117,-117,EVEN,-125,,,,,,,,,,,,
2024-09-16,Chicago @ CHC,Chicago,CHC,9.0,2.0,+105,-140,+104,-120,EVEN,-130,-110,-120,-110,-125,EVEN,-130,+104,-132,-105,-125,-106,-121,-106,-121,EVEN,-130,,,EVEN,-130,,,,,,,,
2024-09-17,BAL @ SF,BAL,SF,0.0,10.0,EVEN,-130,+130,-135,+105,-150,+105,-135,+105,-145,+115,-150,+120,-154,+120,-160,+117,-148,+117,-148,+115,-150,,,+130,-165,,,,,,,,
2024-09-17,CLE @ MIN,CLE,MIN,1.0,4.0,EVEN,-130,EVEN,-113,-115,-115,-115,-115,-110,-120,EVEN,-130,-113,-113,-110,-120,-112,-114,-112,-114,EVEN,-130,,,-115,-115,,,,,,,,
2024-09-17,ATL @ CIN,ATL,CIN,6.0,5.0,-110,-120,-105,+105,-115,-110,-135,+105,-115,-115,-115,-110,-115,-111,-110,-120,-120,-106,-120,-106,-115,-110,,,-105,-125,,,,,,,,
2024-09-17,LAD @ MIA,LAD,MIA,11.0,9.0,-115,-115,-120,+108,-130,-105,-130,EVEN,-130,-105,-120,-105,-138,+108,-125,-105,-132,+105,-132,+105,-120,-105,,,-120,-110,,,,,,,,
2024-09-17,BOS @ TB,BOS,TB,8.0,3.0,+105,-135,+105,-106,-105,-120,-110,-120,-105,-130,-105,-120,-111,-115,-105,-125,-110,-114,-121,-106,-105,-120,,,+105,-135,,,,,,,,
2024-09-18,Chicago @ CHC,Chicago,CHC,3.0,5.0,+110,-140,+115,-122,+110,-140,+105,-135,+110,-150,+110,-140,-102,-125,+115,-150,-104,-122,-104,-122,+110,-140,,,+115,-145,,,,,,,,
2024-09-18,ARI @ COL,ARI,COL,4.0,9.0,-156,+122,-129,+130,-155,+120,-160,+130,-170,+125,-155,+120,-154,+120,-160,+120,-129,EVEN,-129,EVEN,-155,+120,,,-140,+110,,,,,,,,
2024-09-18,CWS @ LAA,CWS,LAA,4.0,3.0,-115,-115,-105,-110,-115,-115,-115,-115,-130,-130,-110,-115,-106,-120,-120,-110,-106,-121,-106,-121,-110,-115,,,-105,-125,,,,,,,,
2024-09-18,BAL @ SF,BAL,SF,3.0,5.0,-105,-125,+105,-115,EVEN,-130,-115,-115,-115,-145,EVEN,-125,+104,-132,-110,-120,+105,-134,+105,-134,EVEN,-125,,,EVEN,-130,,,,,,,,
2024-09-18,CLE @ MIN,CLE,MIN,5.0,4.0,+110,-140,+120,-132,+110,-155,+110,-140,-110,-155,+120,-155,+104,-132,+110,-140,+114,-143,+114,-143,+120,-155,,,+115,-145,,,,,,,,
2024-09-19,BAL @ SF,BAL,SF,5.0,3.0,+110,-140,+120,-140,+115,-145,+115,-145,-110,-155,+115,-150,+112,-142,+110,-140,+120,-155,+120,-155,+115,-150,,,+115,-145,,,,,,,,
2024-09-19,ATL @ CIN,ATL,CIN,3.0,15.0,EVEN,-130,EVEN,-105,-113,-120,-125,-105,-145,-120,-105,-120,-113,-113,-110,-120,-125,-108,-125,-108,-105,-120,,,EVEN,-130,,,,,,,,
2024-09-19,CLE @ MIN,CLE,MIN,3.0,2.0,-105,-125,+105,-114,-106,-130,-110,-120,-125,-135,EVEN,-130,-106,-120,-105,-125,-112,-114,-112,-114,EVEN,-130,,,+105,-135,,,,,,,,
2024-09-19,TEX @ TOR,TEX,TOR,0.0,4.0,+105,-135,+115,-130,+110,-145,+110,-140,-105,-165,+110,-145,+114,-146,+110,-140,+104,-130,+104,-130,+110,-145,,,+115,-145,,,,,,,,
2024-09-19,NYY @ SEA,NYY,SEA,3.0,2.0,+115,-145,+120,-130,+105,-138,EVEN,-130,-105,-160,+120,-155,+108,-138,+110,-140,+112,-141,+112,-141,+120,-155,,,+105,-135,,,,,,,,
2024-09-20,CHC @ WSH,CHC,WSH,3.0,1.0,-136,+106,EVEN,-106,-105,-125,-105,-125,-145,-120,-120,-110,-113,-113,EVEN,-130,-127,-106,-124,-107,-120,-110,,,-105,-125,,,,,,,,
2024-09-20,CIN @ PIT,CIN,PIT,8.0,3.0,-115,-115,-105,-105,-115,-115,-105,-125,-130,-105,-110,-115,-120,-106,-120,-110,-115,-110,-115,-110,-110,-115,,,-115,-115,,,,,,,,
2024-09-20,TB @ TOR,TB,TOR,1.0,0.0,+105,-135,+105,-125,EVEN,-128,-105,-125,-105,-125,+105,-135,EVEN,-128,-105,-125,EVEN,-130,EVEN,-130,+105,-135,,,+105,-135,,,,,,,,
2024-09-20,BAL @ DET,BAL,DET,7.0,1.0,+105,-135,+115,-130,EVEN,-135,+105,-135,EVEN,-135,EVEN,-130,+108,-138,+110,-140,+107,-137,+107,-137,EVEN,-130,,,+115,-145,,,,,,,,
2024-09-20,BOS @ MIN,BOS,MIN,2.0,4.0,-110,-120,-104,-115,-105,-115,-115,-115,-120,-115,-105,-120,-104,-122,-110,-120,-108,-118,-108,-118,-105,-120,,,-105,-125,,,,,,,,
2024-09-21,CIN @ PIT,CIN,PIT,7.0,1.0,-110,-120,-110,-106,-115,-120,-115,-115,-115,-120,-120,-110,-120,-106,-115,-115,-112,-129,-112,-129,-120,-110,,,-110,-120,,,,,,,,
2024-09-21,CHC @ WSH,CHC,WSH,1.0,5.0,-105,-125,EVEN,-120,-105,-125,-105,-125,-110,-125,-110,-120,EVEN,-128,-110,-120,-112,-122,-112,-122,-110,-120,,,-105,-125,,,,,,,,
2024-09-21,BAL @ DET,BAL,DET,4.0,6.0,-105,-125,EVEN,-120,EVEN,-120,-110,-120,-115,-120,EVEN,-130,EVEN,-128,-110,-120,-103,-124,-103,-124,EVEN,-130,,,-105,-125,,,,,,,,
2024-09-21,TB @ TOR,TB,TOR,3.0,2.0,+105,-135,+115,-120,EVEN,-130,-110,-120,EVEN,-135,+115,-150,+102,-130,EVEN,-130,+105,-134,+105,-134,+115,-150,,,EVEN,-130,,,,,,,,
2024-09-21,NYM @ PHI,NYM,PHI,6.0,3.0,+110,-140,+115,-129,+108,-140,EVEN,-130,+105,-145,+115,-150,+108,-138,EVEN,-130,EVEN,-129,EVEN,-129,+115,-150,,,+110,-140,,,,,,,,
2024-09-22,BOS @ MIN,BOS,MIN,8.0,1.0,+105,-140,+120,-135,+105,-150,,,+105,-145,+115,-150,+118,-150,+120,-160,+114,-157,+114,-157,+115,-150,,,+105,-135,,,,,,,,
2024-09-22,CIN @ PIT,CIN,PIT,0.0,2.0,+102,-130,+126,-137,+120,-150,+120,-150,+110,-150,+120,-155,+126,-162,+115,-150,+108,-137,+108,-137,+120,-155,,,,,,,,,,,,
2024-09-22,BAL @ DET,BAL,DET,3.0,4.0,-110,-125,+104,-120,-110,-120,-110,-120,-110,-120,-105,-120,EVEN,-128,-105,-125,+104,-130,+104,-130,-105,-120,,,,,,,,,,,,
2024-09-22,ATL @ MIA,ATL,MIA,4.0,5.0,-122,-104,-115,EVEN,-115,-115,-115,-115,-120,-115,-115,-110,-125,-102,-120,-110,-127,EVEN,-127,EVEN,-115,-110,,,,,,,,,,,,
2024-09-22,TB @ TOR,TB,TOR,4.0,3.0,EVEN,-140,+105,-125,+105,-125,-105,-125,+105,-140,+105,-135,-102,-125,+105,-135,+105,-134,+105,-134,+105,-135,,,,,,,,,,,,
2024-09-23,CHC @ PHI,CHC,PHI,6.0,2.0,-125,-102,EVEN,-115,-105,-130,-115,-115,-105,-130,EVEN,-130,-102,-125,-105,-125,-107,-120,-107,-120,EVEN,-130,,,,,,,,,,,,
2024-09-23,BOS @ TOR,BOS,TOR,1.0,4.0,-108,-118,+105,-120,-105,-130,-110,-120,-105,-130,+105,-135,+104,-132,+105,-135,-103,-124,-103,-124,+105,-135,,,,,,,,,,,,
2024-09-23,HOU @ SEA,HOU,SEA,1.0,6.0,-106,-120,+110,-124,+110,-140,+110,-140,EVEN,-140,+110,-145,EVEN,-128,+105,-135,-103,-124,-103,-124,+110,-145,,,+110,-140,,,,,,,,
2024-09-23,ARI @ SF,ARI,SF,3.0,6.0,-122,-104,-113,-105,-120,-110,-120,-110,-125,-105,-115,-110,-113,-113,-125,-105,-117,-109,-117,-109,-115,-110,,,,,,,,,,,,
2024-09-24,DET @ TB,DET,TB,2.0,1.0,+120,-165,+150,-175,+138,-185,+150,-185,+130,-180,+145,-190,+138,-178,+130,-175,+140,-186,+140,-186,+145,-190,,,,,,,,,,,,
2024-09-24,CHC @ PHI,CHC,PHI,4.0,10.0,-115,-115,EVEN,-114,-106,-120,-115,-115,-105,-130,EVEN,-125,-106,-120,EVEN,-130,-115,-114,-115,-114,EVEN,-125,,,,,,,,,,,,
2024-09-24,MIL @ PIT,MIL,PIT,2.0,7.0,-105,-130,+110,-120,-104,-120,+105,-135,-110,-120,-105,-120,-104,-122,+110,-140,-103,-124,-103,-124,-105,-120,,,,,,,,,,,,
2024-09-24,CIN @ CLE,CIN,CLE,6.0,1.0,+105,-140,EVEN,-105,-106,-125,-105,-125,-115,-120,EVEN,-125,-106,-120,-115,-115,-121,-105,-121,-105,EVEN,-125,,,,,,,,,,,,
2024-09-24,KC @ WSH,KC,WSH,0.0,1.0,+110,-145,+120,-134,+120,-150,+120,-150,+120,-165,+115,-150,+114,-146,+120,-160,+105,-134,+105,-134,+115,-150,,,,,,,,,,,,
2024-09-25,HOU @ SEA,HOU,SEA,1.0,8.0,+120,-165,+120,-143,+120,-150,+120,-150,+120,-165,+115,-150,+114,-146,+120,-160,+105,-143,+105,-143,+115,-150,,,,,,,,,,,,
2024-09-25,CHC @ PHI,CHC,PHI,9.0,6.0,-111,-115,+105,-115,-104,-135,-115,-115,EVEN,-135,+105,-135,-104,-122,-115,-115,-108,-117,-108,-117,+105,-135,,,,,,,,,,,,
2024-09-25,DET @ TB,DET,TB,7.0,1.0,-113,-113,EVEN,-120,-110,-120,-110,-120,-115,-120,-105,-120,-102,-128,EVEN,-130,-104,-122,-104,-122,-105,-120,,,,,,,,,,,,
2024-09-25,MIL @ PIT,MIL,PIT,2.0,1.0,+112,-142,+110,-125,+110,-140,+110,-140,-110,-125,+110,-140,+104,-132,EVEN,-130,+110,-139,+110,-139,+110,-140,,,,,,,,,,,,
2024-09-25,CIN @ CLE,CIN,CLE,5.0,2.0,-125,-102,+110,-124,-105,-125,-105,-125,-105,-125,EVEN,-130,+106,-136,+110,-140,-103,-124,-103,-124,EVEN,-130,,,,,,,,,,,,
2024-09-26,MIL @ PIT,MIL,PIT,2.0,5.0,+102,-130,+110,-125,+110,-132,+110,-140,-105,-125,+110,-145,+104,-132,+105,-135,+102,-129,+102,-129,+110,-145,,,,,,,,,,,,
2024-09-26,KC @ WSH,KC,WSH,4.0,7.0,-115,-111,-105,-104,-115,-115,-115,-115,-105,-125,-110,-115,-122,-104,-110,-120,-120,-113,-115,-117,-110,-115,,,,,,,,,,,,
2024-09-26,DET @ TB,DET,TB,4.0,3.0,+105,-140,+105,-120,-105,-130,-110,-120,-105,-130,+105,-135,+102,-130,-105,-125,+104,-130,+104,-130,+105,-135,,,,,,,,,,,,
2024-09-26,CWS @ LAA,CWS,LAA,7.0,0.0,+105,-145,+120,-125,+110,-125,-105,-125,+110,-150,+120,-155,-102,-125,+105,-135,EVEN,-125,EVEN,-125,+120,-155,,,,,,,,,,,,
2024-09-26,COL @ STL,COL,STL,10.0,8.0,-146,+114,-130,+110,-138,+110,-130,EVEN,-150,+110,-145,+110,-138,+108,-135,+105,-137,+108,-137,+108,-145,+110,,,,,,,,,,,,
2024-09-27,CHC @ CIN,CHC,CIN,1.0,0.0,+155,-190,+145,-167,+130,-180,+145,-180,+130,-175,+145,-190,+130,-170,+130,-175,+132,-167,+132,-167,+145,-190,,,,,,,,,,,,
2024-09-27,CWS @ DET,CWS,DET,4.0,1.0,+120,-150,+125,-135,+105,-140,+115,-145,+105,-140,+105,-135,+116,-148,+125,-165,+118,-152,+123,-157,+105,-135,,,,,,,,,,,,
2024-09-27,PHI @ WSH,PHI,WSH,9.0,1.0,-115,-111,EVEN,-112,-110,-115,-115,-115,-110,-125,EVEN,-130,-111,-115,-105,-125,-113,-112,-113,-112,EVEN,-130,,,,,,,,,,,,
2024-09-27,NYY @ PIT,NYY,PIT,2.0,4.0,-113,-113,+102,-115,EVEN,-125,-115,-115,-110,-125,EVEN,-130,EVEN,-128,-105,-125,+102,-134,+102,-134,EVEN,-130,,,,,,,,,,,,
2024-09-27,MIA @ TOR,MIA,TOR,5.0,15.0,-128,EVEN,-105,-115,-110,-120,-110,-120,-115,-120,-105,-120,-111,-115,-110,-120,-107,-120,-107,-120,-105,-120,,,,,,,,,,,,
2024-09-28,NYY @ PIT,NYY,PIT,4.0,9.0,-106,-120,+135,-142,+120,-165,+135,-165,+120,-165,+130,-165,+112,-142,+115,-150,+118,-150,+118,-150,+130,-165,,,,,,,,,,,,
2024-09-28,CWS @ DET,CWS,DET,0.0,4.0,+108,-136,+110,-128,+105,-135,+105,-135,,,+105,-135,EVEN,-128,EVEN,-130,+110,-139,+110,-139,+105,-135,,,,,,,,,,,,
2024-09-28,CHC @ CIN,CHC,CIN,3.0,0.0,+125,-170,+130,-139,+110,-140,+125,-155,+105,-140,+130,-165,+110,-140,+110,-140,+110,-139,+110,-139,+130,-165,,,,,,,,,,,,
2024-09-28,MIA @ TOR,MIA,TOR,1.0,8.0,-115,-115,-115,-102,-125,-105,-125,-105,-130,-105,-115,-110,-125,-102,-125,-105,-117,-109,-117,-109,-115,-110,,,,,,,,,,,,
2024-09-28,PHI @ WSH,PHI,WSH,6.0,3.0,-108,-120,+110,-120,+104,-130,-110,-120,-105,-130,+110,-140,+104,-132,+110,-140,-103,-124,-103,-124,+110,-140,,,,,,,,,,,,
2024-09-29,BOS @ TB,BOS,TB,3.0,1.0,-122,-104,+110,-122,+105,-130,+105,-135,-105,-130,+110,-140,-104,-122,EVEN,-130,+102,-130,+102,-130,+110,-140,,,,,,,,,,,,
2024-09-29,PHI @ WSH,PHI,WSH,3.0,6.0,+102,-130,+120,-120,+105,-128,-110,-120,+105,-145,+120,-155,EVEN,-128,+105,-135,EVEN,-129,EVEN,-129,+120,-155,,,,,,,,,,,,
2024-09-29,NYY @ PIT,NYY,PIT,6.0,4.0,-106,-120,+112,-120,+102,-130,-110,-120,-105,-130,+110,-145,+102,-130,EVEN,-130,+112,-143,+112,-143,+110,-145,,,,,,,,,,,,
2024-09-29,SF @ STL,SF,STL,1.0,6.0,-106,-120,+110,-125,EVEN,-135,EVEN,-130,EVEN,-135,+110,-145,+104,-132,EVEN,-130,-103,-125,-103,-125,+110,-145,,,,,,,,,,,,
2024-09-29,LAA @ TEX,LAA,TEX,0.0,8.0,-120,-106,+116,-125,+105,-135,-105,-125,EVEN,-135,+105,-135,+116,-148,+105,-135,+107,-136,+107,-136,+105,-135,,,,,,,,,,,,
2024-09-30,ATL @ NYM,ATL,NYM,7.0,8.0,+104,-132,+105,-127,+102,-130,,,-105,-130,+105,-135,+102,-130,+105,-135,-105,-127,-105,-127,+105,-135,,,,,,,,,,,,
2024-10-01,DET @ HOU,DET,HOU,1.0,3.0,+145,-180,+140,-150,+130,-170,+130,-160,+125,-170,+140,-185,+118,-150,+130,-175,+135,-180,+135,-180,+140,-185,,,,,,,,,,,,
2024-10-01,BAL @ KC,BAL,KC,0.0,1.0,+140,-170,+140,-155,+126,-165,+135,-165,+120,-165,+140,-185,+126,-162,+130,-175,+120,-155,+120,-155,+140,-185,,,,,,,,,,,,
2024-10-01,MIL @ NYM,MIL,NYM,4.0,8.0,EVEN,-128,+120,-145,+115,-150,+115,-145,+115,-155,+115,-150,+114,-146,+120,-160,+110,-150,+110,-150,+115,-150,,,,,,,,,,,,
2024-10-01,ATL @ SD,ATL,SD,4.0,0.0,+115,-160,+110,-132,+105,-140,+105,-135,+105,-140,+110,-140,+106,-136,+105,-135,-106,-132,-106,-132,+110,-140,,,,,,,,,,,,
2024-10-02,DET @ HOU,DET,HOU,2.0,5.0,-111,-115,+126,-132,+105,-135,+105,-135,+105,-145,+105,-135,+126,-162,+125,-165,+105,-132,+105,-132,+105,-135,,,,,,,,,,,,
2024-10-02,BAL @ KC,BAL,KC,1.0,2.0,-106,-120,+115,-137,+110,-145,+115,-145,+110,-150,+110,-145,+114,-146,+115,-150,+108,-137,+108,-137,+110,-145,,,,,,,,,,,,
2024-10-02,MIL @ NYM,MIL,NYM,5.0,3.0,+108,-138,+112,-135,+105,-135,+110,-140,EVEN,-135,+105,-135,+106,-136,+110,-140,+112,-141,+112,-141,+105,-135,,,,,,,,,,,,
2024-10-02,ATL @ SD,ATL,SD,5.0,4.0,+122,-156,+130,-148,+116,-150,+130,-160,+110,-150,+115,-150,+116,-148,+125,-165,+125,-159,+125,-159,+115,-150,,,,,,,,,,,,
2024-10-03,MIL @ NYM,MIL,NYM,2.0,4.0,+112,-142,+115,-135,+110,-140,+110,-140,EVEN,-135,+110,-140,+108,-138,+115,-150,EVEN,-137,EVEN,-137,+110,-140,,,,,,,,,,,,
2024-10-05,CLE @ DET,CLE,DET,7.0,0.0,+120,-150,+135,-150,+124,-165,+135,-165,+120,-165,+115,-150,+124,-158,+120,-160,+120,-155,+120,-155,+115,-150,,,,,,,,,,,,
2024-10-05,NYM @ PHI,NYM,PHI,2.0,6.0,+108,-138,+120,-140,+110,-150,+115,-145,+110,-150,+115,-150,+110,-140,+120,-150,+114,-143,+114,-143,+115,-150,,,,,,,,,,,,
2024-10-05,KC @ NYY,KC,NYY,6.0,5.0,-104,-122,+105,-127,+105,-135,EVEN,-130,+105,-145,+105,-135,+104,-132,EVEN,-130,EVEN,-127,EVEN,-127,+105,-135,,,,,,,,,,,,
2024-10-05,LAD @ SD,LAD,SD,7.0,5.0,-110,-120,EVEN,-120,EVEN,-128,-110,-120,EVEN,-135,EVEN,-125,EVEN,-128,EVEN,-130,-106,-127,-106,-121,EVEN,-125,,,,,,,,,,,,
2024-10-06,NYM @ PHI,NYM,PHI,7.0,6.0,+102,-130,EVEN,-114,-110,-122,-115,-115,-110,-125,EVEN,-130,-104,-122,-110,-120,-121,-114,-121,-114,EVEN,-130,,,,,,,,,,,,
2024-10-06,LAD @ SD,LAD,SD,2.0,10.0,-113,-113,EVEN,-105,-105,-130,-115,-115,-105,-130,EVEN,-130,-111,-115,-110,-120,-122,-105,-122,-105,EVEN,-130,,,,,,,,,,,,
2024-10-07,CLE @ DET,CLE,DET,0.0,3.0,+122,-156,+155,-175,+135,-185,+155,-190,+135,-185,+135,-175,+138,-178,+130,-175,+135,-182,+135,-182,+135,-175,,,,,,,,,,,,
2024-10-07,KC @ NYY,KC,NYY,2.0,4.0,-111,-115,+120,-125,+115,-145,+115,-145,+105,-145,+115,-150,EVEN,-128,+120,-150,-108,-125,-108,-125,+115,-150,,,,,,,,,,,,
2024-10-08,NYM @ PHI,NYM,PHI,7.0,2.0,+104,-132,+120,-138,+115,-150,+115,-145,+120,-160,+115,-150,+108,-138,+120,-160,+107,-141,+107,-141,+115,-150,,,,,,,,,,,,
2024-10-08,LAD @ SD,LAD,SD,6.0,5.0,-110,-120,EVEN,-118,EVEN,-130,-110,-120,EVEN,-135,EVEN,-130,-108,-118,EVEN,-130,EVEN,-125,EVEN,-125,EVEN,-130,,,,,,,,,,,,
2024-10-09,CLE @ DET,CLE,DET,3.0,0.0,+105,-135,+115,-139,+110,-145,+115,-145,+105,-145,+110,-140,+114,-146,+115,-150,+110,-139,+110,-139,+110,-140,,,,,,,,,,,,
2024-10-09,NYM @ PHI,NYM,PHI,4.0,1.0,-106,-120,+110,-115,EVEN,-135,-115,-115,EVEN,-135,+105,-135,+110,-140,+110,-140,-108,-122,-108,-122,+105,-135,,,,,,,,,,,,
2024-10-09,KC @ NYY,KC,NYY,2.0,3.0,+105,-135,EVEN,-115,-105,-122,-115,-115,EVEN,-135,-105,-120,-104,-122,EVEN,-130,-115,-117,-114,-118,-105,-120,,,,,,,,,,,,
2024-10-09,LAD @ SD,LAD,SD,0.0,8.0,+105,-140,EVEN,-110,-105,-115,-115,-115,EVEN,-135,-105,-120,-111,-115,EVEN,-130,-115,-110,-115,-110,-105,-120,,,,,,,,,,,,
2024-10-10,CLE @ DET,CLE,DET,4.0,5.0,+112,-142,+140,-155,+140,-170,+140,-170,+140,-190,+120,-155,+122,-156,+130,-175,+125,-159,+125,-159,+120,-155,,,,,,,,,,,,
2024-10-10,KC @ NYY,KC,NYY,1.0,3.0,-106,-120,+110,-118,+105,-140,-110,-120,+105,-140,+110,-140,-108,-118,EVEN,-130,EVEN,-125,EVEN,-125,+110,-140,,,,,,,,,,,,
2024-10-11,LAD @ SD,LAD,SD,2.0,0.0,-120,-106,EVEN,-114,-110,-120,-115,-115,-110,-120,-105,-120,-104,-122,EVEN,-130,-113,-114,-113,-114,-105,-120,,,,,,,,,,,,
2024-10-12,CLE @ DET,CLE,DET,7.0,3.0,+126,-162,+160,-180,+148,-195,+160,-200,+140,-195,+145,-190,+148,-192,+135,-180,+148,-190,+148,-190,+145,-190,,,,,,,,,,,,
2024-10-14,LAD @ NYM,LAD,NYM,3.0,7.0,-115,-111,EVEN,-115,-105,-120,-115,-115,-110,-125,-105,-120,EVEN,-128,-110,-120,-112,-120,-112,-120,-105,-120,,,,,,,,,,,,
2024-10-14,CLE @ NYY,CLE,NYY,5.0,2.0,-113,-113,+114,-125,+105,-130,EVEN,-130,-105,-130,+105,-135,+114,-146,-105,-125,EVEN,-125,EVEN,-125,+105,-135,,,,,,,,,,,,
2024-10-15,CLE @ NYY,CLE,NYY,6.0,3.0,-111,-115,+130,-140,+116,-155,+110,-140,+115,-155,+130,-165,+116,-148,+120,-160,+108,-141,+108,-141,+130,-165,,,,,,,,,,,,
2024-10-16,LAD @ NYM,LAD,NYM,0.0,8.0,-113,-113,+105,-113,-110,-125,-115,-115,-110,-125,+105,-135,-113,-113,+105,-135,-109,-118,-109,-118,+105,-135,,,,,,,,,,,,
2024-10-17,CLE @ NYY,CLE,NYY,7.0,5.0,-110,-120,+120,-115,+110,-140,EVEN,-130,+120,-160,+110,-140,+104,-132,+115,-150,-110,-127,-110,-115,+110,-140,,,,,,,,,,,,
2024-10-17,LAD @ NYM,LAD,NYM,2.0,10.0,+115,-155,+110,-129,+105,-140,+105,-135,+105,-145,+110,-140,+108,-138,+110,-140,+102,-129,+104,-130,+110,-140,,,,,,,,,,,,
2024-10-18,LAD @ NYM,LAD,NYM,12.0,6.0,-113,-113,+115,-125,+105,-135,+105,-135,+115,-160,+105,-135,+112,-142,+110,-140,EVEN,-125,EVEN,-125,+105,-135,,,,,,,,,,,,
2024-10-18,CLE @ NYY,CLE,NYY,6.0,8.0,-111,-115,+105,-121,-102,-125,EVEN,-130,-110,-125,+105,-135,-102,-125,+105,-135,-105,-121,-105,-121,+105,-135,,,,,,,,,,,,
2024-10-19,CLE @ NYY,CLE,NYY,2.0,5.0,+104,-132,+105,-127,+105,-135,+105,-135,+105,-140,+105,-135,+104,-132,EVEN,-130,-105,-127,-105,-127,+105,-135,,,,,,,,,,,,
2024-10-20,LAD @ NYM,LAD,NYM,10.0,5.0,-128,EVEN,-105,-107,-118,-110,-120,-110,-125,-110,-105,-120,-118,-108,-115,-115,-129,-107,-129,-107,-105,-120,,,,,,,,,,,,
2024-10-25,LAD @ NYY,LAD,NYY,6.0,3.0,-105,-120,EVEN,-110,-110,-115,-115,-115,EVEN,-135,-110,-120,-111,-115,-110,-120,-115,-110,-115,-110,-110,-120,,,,,,,,,,,,
2024-10-26,LAD @ NYY,LAD,NYY,4.0,2.0,-125,-102,-105,-106,-115,-130,,,-105,-130,,,-115,-111,-105,-125,-124,-106,-124,-106,,,,,,,,,,,,,,
2024-10-28,LAD @ NYY,LAD,NYY,2.0,4.0,-111,-115,EVEN,-105,-113,-120,-125,-105,EVEN,-135,-105,-120,-113,-113,-110,-120,-124,-112,-124,-112,-105,-120,,,,,,,,,,,,
2024-10-29,LAD @ NYY,LAD,NYY,11.0,4.0,-128,EVEN,-105,-108,-110,-115,-115,-115,-105,-130,-110,-115,-113,-113,-105,-125,-118,-108,-118,-108,-110,-115,,,,,,,,,,,,
2024-10-30,LAD @ NYY,LAD,NYY,6.0,7.0,EVEN,-140,EVEN,-115,-105,-125,-105,-125,-105,-130,EVEN,-125,-111,-115,-105,-125,-115,-118,-115,-118,EVEN,-125,,,,,,,,,,,,
2025-03-27,MIL @ NYY,MIL,NYY,4.0,2.0,+240,-350,+115,+230,EVEN,+105,,-120,EVEN,-140,,+105,,+230,+115,-150,-114,-112,-114,-112,,+105,,,,,,,,,,,,
2025-03-27,BAL @ TOR,BAL,TOR,2.0,12.0,+235,-340,+115,+250,+105,+105,,-125,+105,-140,,+105,,+250,+115,-150,-109,-117,-109,-117,,+105,,,,,,,,,,,,
2025-03-27,PHI @ WSH,PHI,WSH,3.0,7.0,+285,-450,+120,+310,+120,+120,,-160,+120,-165,,+120,,+310,+120,-160,+110,-148,+110,-148,,+120,,,,,,,,,,,,
2025-03-27,BOS @ TEX,BOS,TEX,2.0,5.0,+270,-400,+115,+260,+115,+105,,-135,+115,-155,,+105,,+260,+105,-135,-108,-122,-108,-122,,+105,,,,,,,,,,,,
2025-03-27,MIA @ PIT,MIA,PIT,5.0,4.0,+320,-500,+145,+380,+145,-190,,-210,+145,-195,,-190,,+380,+140,-190,+145,-190,+145,-190,,+145,,,,,,,,,,,,
2025-03-28,COL @ TB,COL,TB,3.0,2.0,+255,-380,+105,-115,EVEN,-125,,-125,EVEN,-140,,-115,,,+105,-135,EVEN,-127,EVEN,-127,,-115,,,,,,,,,,,,
2025-03-28,BAL @ TOR,BAL,TOR,8.0,2.0,+240,-350,-105,-109,-110,-120,,-120,-110,-125,,-110,,,-105,-125,-115,-109,-115,-109,,-110,,,,,,,,,,,,
2025-03-28,MIA @ PIT,MIA,PIT,3.0,4.0,+260,-390,+105,-102,EVEN,-130,,-130,EVEN,-135,,-125,,,+105,-135,-103,-134,-103,-134,,-102,,,,,,,,,,,,
2025-03-28,BOS @ TEX,BOS,TEX,4.0,1.0,+215,-310,-110,-107,-110,-120,,-120,-110,-120,,-110,,,-115,-115,-120,-107,-120,-107,,-110,,,,,,,,,,,,
2025-03-28,HOU @ NYM,HOU,NYM,1.0,3.0,+240,-350,+105,-102,+105,-115,,-115,+105,-140,,-102,,,EVEN,-130,-112,-114,-112,-114,,-102,,,,,,,,,,,,
2025-03-29,MIL @ NYY,MIL,NYY,20.0,9.0,+240,-350,+105,-105,EVEN,-110,,-110,EVEN,-130,,-105,,,+105,-135,-118,-107,-118,-107,,-120,,,,,,,,,,,,
2025-03-29,CWS @ LAA,CWS,LAA,0.0,1.0,+250,-370,+115,+105,+115,-125,,+105,+115,-150,,-125,,,+115,-150,+104,-134,+104,-134,,-102,,,,,,,,,,,,
2025-03-29,MIN @ STL,MIN,STL,5.0,1.0,+260,-390,+115,+105,+115,-130,,+105,+115,-145,,-130,,,+115,-150,-103,-124,-103,-124,,EVEN,,,,,,,,,,,,
2025-03-29,BAL @ TOR,BAL,TOR,5.0,9.0,+230,-320,-105,-107,-105,-120,,-120,-105,-120,,-115,,,-110,-120,-118,-107,-118,-107,,-115,,,,,,,,,,,,
2025-03-29,PHI @ WSH,PHI,WSH,6.0,11.0,+240,-350,-105,-110,-105,-120,,-125,-105,-120,,-118,,,-115,-115,-108,-117,-108,-117,,-110,,,,,,,,,,,,
2025-03-30,MIL @ NYY,MIL,NYY,12.0,3.0,+235,-320,-105,-103,-105,-125,,,-105,-125,,-110,,,-105,-125,-125,-103,-125,-103,,-110,,,,,,,,,,,,
2025-03-30,PHI @ WSH,PHI,WSH,5.0,1.0,+245,-330,-105,-106,-105,-125,,,-105,-125,,-110,,,-105,-125,-127,-106,-127,-106,,-110,,,,,,,,,,,,
2025-03-30,BAL @ TOR,BAL,TOR,3.0,1.0,+225,-300,-105,-110,-105,-110,,,-105,-120,,-110,,,-115,-115,-115,-110,-115,-110,,-115,,,,,,,,,,,,
2025-03-30,CIN @ SF,CIN,SF,3.0,6.0,+265,-360,+110,+105,+110,-140,,,+110,-140,,+105,,,EVEN,-130,EVEN,-127,EVEN,-127,,+105,,,,,,,,,,,,
2025-03-30,MIA @ PIT,MIA,PIT,3.0,2.0,+265,-360,+110,-129,+110,-145,,,+110,-145,,-135,,,+110,-140,+102,-129,+102,-129,,-135,,,,,,,,,,,,
2025-03-31,KC @ MIL,KC,MIL,1.0,11.0,+250,-118,EVEN,-115,-110,-115,,,-105,,-110,-115,,,EVEN,-130,,,,,-110,-115,,,,,,,,,,,,
2025-03-31,CWS @ MIN,CWS,MIN,9.0,0.0,+260,-125,+110,-140,+110,-145,,,+110,,+110,-145,,,+110,-140,,,,,+110,-145,,,,,,,,,,,,
2025-03-31,BAL @ BOS,BAL,BOS,8.0,5.0,-125,-102,-130,+105,-130,EVEN,,,,,-130,EVEN,,,-130,EVEN,,,,,-130,EVEN,,,,,,,,,,,,
2025-03-31,COL @ PHI,COL,PHI,6.0,1.0,+245,-118,-110,-110,-110,-115,,,-115,,-110,-115,,,-120,-110,,,,,-110,-115,,,,,,,,,,,,
2025-03-31,MIA @ NYM,MIA,NYM,4.0,10.0,+260,-115,-105,-120,-105,-120,,,-105,,-105,-120,,,-105,-125,,,,,-105,-120,,,,,,,,,,,,
2025-04-01,CIN @ TEX,CIN,TEX,0.0,1.0,EVEN,-130,-110,-115,-110,-118,-115,-115,,,-110,-118,,,,,,,,,-110,-118,,,,,,,,,,,,
2025-04-01,MIA @ NYM,MIA,NYM,4.0,2.0,+110,-145,+120,-140,+110,-140,+120,-150,,,+110,-140,,,,,,,,,+110,-140,,,,,,,,,,,,
2025-04-01,PIT @ TB,PIT,TB,7.0,0.0,-115,-110,-115,EVEN,-130,-110,-130,EVEN,,,-115,-110,,,,,,,,,-115,-110,,,,,,,,,,,,
2025-04-01,ARI @ NYY,ARI,NYY,5.0,7.0,-105,-120,-102,-115,-115,-125,-115,-115,,,-102,-125,,,,,,,,,-102,-125,,,,,,,,,,,,
2025-04-01,TOR @ WSH,TOR,WSH,5.0,3.0,-105,-120,-105,-105,-105,-120,-125,-105,,,-105,-120,,,,,,,,,-105,-120,,,,,,,,,,,,
2025-04-02,CIN @ TEX,CIN,TEX,0.0,1.0,-105,-125,-110,-115,-110,-118,-115,-115,,,-110,-118,,,,,,,,,-110,-118,,,,,,,,,,,,
2025-04-02,PIT @ TB,PIT,TB,2.0,4.0,EVEN,-130,+145,-175,+135,-180,+145,-180,,,+135,-175,,,,,,,,,+135,-175,,,,,,,,,,,,
2025-04-02,KC @ MIL,KC,MIL,3.0,2.0,-110,-120,+110,-140,+110,-145,+110,-140,,,+110,-145,,,,,,,,,+110,-145,,,,,,,,,,,,
2025-04-02,LAA @ STL,LAA,STL,12.0,5.0,-110,-120,-110,-115,-110,-118,-115,-115,,,-110,-118,,,,,,,,,-110,-118,,,,,,,,,,,,
2025-04-02,CWS @ MIN,CWS,MIN,1.0,6.0,EVEN,-130,+115,-130,EVEN,-150,EVEN,-130,,,+115,-150,,,,,,,,,+115,-150,,,,,,,,,,,,
2025-04-03,COL @ PHI,COL,PHI,3.0,1.0,-145,+115,-140,+125,-155,+110,-155,+125,,,-140,+110,,,,,,,,,-140,+110,,,,,,,,,,,,
2025-04-03,BAL @ BOS,BAL,BOS,4.0,8.0,-115,-115,-125,EVEN,-125,EVEN,-130,EVEN,,,-125,-102,,,,,,,,,-125,-102,,,,,,,,,,,,
2025-04-03,HOU @ MIN,HOU,MIN,2.0,5.0,+105,-135,+120,-150,+118,-150,+120,-150,,,+118,-150,,,,,,,,,+118,-150,,,,,,,,,,,,
2025-04-03,ARI @ NYY,ARI,NYY,9.0,7.0,-140,+110,-140,+115,-145,+110,-145,+115,,,-140,+110,,,,,,,,,-140,+110,,,,,,,,,,,,
2025-04-03,CIN @ MIL,CIN,MIL,1.0,0.0,EVEN,-130,-102,-120,-110,-125,-110,-120,,,-102,-125,,,,,,,,,-102,-125,,,,,,,,,,,,
2025-04-04,CWS @ DET,CWS,DET,7.0,4.0,EVEN,-130,+125,-155,+120,-155,+125,-155,,,+120,-155,,,,,,,,,+120,-155,,,,,,,,,,,,
2025-04-04,BOS @ STL,BOS,STL,13.0,9.0,-120,-110,-130,+110,-130,EVEN,-140,+110,,,-130,EVEN,,,,,,,,,-130,EVEN,,,,,,,,,,,,
2025-04-04,CHC @ SD,CHC,SD,3.0,1.0,+120,-150,+118,-135,+105,-135,+105,-135,,,+118,-150,,,,,,,,,+118,-150,,,,,,,,,,,,
2025-04-04,NYM @ TOR,NYM,TOR,5.0,0.0,-110,-120,+110,-135,+105,-140,+105,-135,,,+110,-140,,,,,,,,,+110,-140,,,,,,,,,,,,
2025-04-04,Colorado @ COL,Colorado,COL,3.0,6.0,-120,-110,-105,-115,-115,-120,-115,-115,,,-105,-120,,,,,,,,,-105,-120,,,,,,,,,,,,
2025-04-05,CWS @ DET,CWS,DET,7.0,2.0,-110,-120,+105,-135,+105,-135,+105,-135,,,+105,-135,,,,,,,,,+105,-135,,,,,,,,,,,,
2025-04-05,HOU @ MIN,HOU,MIN,6.0,1.0,-115,-115,+105,-115,-115,-135,-115,-115,,,+105,-135,,,,,,,,,+105,-135,,,,,,,,,,,,
2025-04-05,CHC @ SD,CHC,SD,7.0,1.0,+135,-165,+120,-150,+120,-155,+120,-150,,,+120,-155,,,,,,,,,+120,-155,,,,,,,,,,,,
2025-04-05,LAD @ PHI,LAD,PHI,1.0,3.0,-115,-115,-105,-105,-105,-120,-125,-105,,,-105,-120,,,,,,,,,-105,-120,,,,,,,,,,,,
2025-04-05,ARI @ WSH,ARI,WSH,4.0,3.0,-120,-110,-115,-110,-115,-110,-115,-115,,,-115,-110,,,,,,,,,-115,-110,,,,,,,,,,,,
2025-04-06,LAD @ PHI,LAD,PHI,8.0,7.0,EVEN,-130,+110,-140,+110,-145,+110,-140,,,+110,-145,,,,,,,,,+110,-145,,,,,,,,,,,,
2025-04-06,NYY @ PIT,NYY,PIT,5.0,4.0,-115,-115,-120,-105,-120,-110,-120,-110,,,-120,-105,,,,,,,,,-120,-105,,,,,,,,,,,,
2025-04-06,BOS @ STL,BOS,STL,5.0,4.0,-115,-115,-105,-105,-105,-120,-125,-105,,,-105,-120,,,,,,,,,-105,-120,,,,,,,,,,,,
2025-04-06,ARI @ WSH,ARI,WSH,5.0,4.0,+105,-135,+105,-125,+105,-135,-105,-125,,,+105,-135,,,,,,,,,+105,-135,,,,,,,,,,,,
2025-04-06,CWS @ DET,CWS,DET,4.0,3.0,-115,-115,+105,-120,-110,-135,-110,-120,,,+105,-135,,,,,,,,,+105,-135,,,,,,,,,,,,
2025-04-07,DET @ NYY,DET,NYY,6.0,2.0,-115,-115,-105,-120,-105,-125,-105,-125,,,-105,-120,,,,,,,,,-105,-120,,,,,,,,,,,,
2025-04-07,PIT @ STL,PIT,STL,8.0,4.0,-115,-115,EVEN,-120,EVEN,-130,EVEN,-130,,,-105,-120,,,,,,,,,-105,-120,,,,,,,,,,,,
2025-04-07,LAD @ WSH,LAD,WSH,6.0,4.0,-105,-125,+110,-135,+105,-145,+105,-135,,,+110,-145,,,,,,,,,+110,-145,,,,,,,,,,,,
2025-04-07,BOS @ TOR,BOS,TOR,2.0,6.0,-120,-110,-102,-120,-110,-125,-110,-120,,,-102,-125,,,,,,,,,-102,-125,,,,,,,,,,,,
2025-04-07,MIA @ NYM,MIA,NYM,2.0,0.0,+110,-145,+110,-140,+110,-140,,,,,+110,-140,,,,,,,,,+110,-140,,,,,,,,,,,,
2025-04-08,DET @ NYY,DET,NYY,5.0,0.0,-105,-125,+110,-135,+105,-145,+105,-135,,,+110,-145,,,,,,,,,+110,-145,,,,,,,,,,,,
2025-04-08,CWS @ CLE,CWS,CLE,1.0,0.0,EVEN,-130,+110,-135,+105,-140,+105,-135,,,+110,-140,,,,,,,,,+110,-140,,,,,,,,,,,,
2025-04-08,MIA @ NYM,MIA,NYM,10.0,5.0,+105,-135,+110,-135,+105,-145,+105,-135,,,+110,-145,,,,,,,,,+110,-145,,,,,,,,,,,,
2025-04-08,PIT @ STL,PIT,STL,3.0,5.0,+120,-150,+155,-185,+140,-185,+155,-190,,,+140,-185,,,,,,,,,+140,-185,,,,,,,,,,,,
2025-04-08,LAD @ WSH,LAD,WSH,8.0,2.0,-115,-115,-110,-115,-110,-115,-115,-115,,,-110,-115,,,,,,,,,-110,-115,,,,,,,,,,,,
2025-04-09,PIT @ STL,PIT,STL,2.0,1.0,-110,-120,+110,-130,EVEN,-130,EVEN,-130,,,+110,-140,,,,,,,,,+110,-140,,,,,,,,,,,,
2025-04-09,MIA @ NYM,MIA,NYM,0.0,5.0,EVEN,-130,+130,-150,+118,-150,+130,-160,,,+118,-150,,,,,,,,,+118,-150,,,,,,,,,,,,
2025-04-09,DET @ NYY,DET,NYY,3.0,4.0,EVEN,-130,+120,-150,+115,-150,+120,-150,,,+115,-150,,,,,,,,,+115,-150,,,,,,,,,,,,
2025-04-09,CHC @ TEX,CHC,TEX,2.0,6.0,-115,-115,+105,-130,EVEN,-130,EVEN,-130,,,+105,-135,,,,,,,,,+105,-135,,,,,,,,,,,,
2025-04-09,Athletics @ SD,Athletics,SD,1.0,2.0,-140,+110,-135,+110,-140,+105,-140,+110,,,-135,+105,,,,,,,,,-135,+105,,,,,,,,,,,,
2025-04-10,CWS @ CLE,CWS,CLE,6.0,1.0,EVEN,-130,+115,-140,+110,-140,+110,-140,,,+115,-150,,,,,,,,,+115,-150,,,,,,,,,,,,
2025-04-10,LAA @ TB,LAA,TB,1.0,11.0,-115,-115,+105,-115,-115,-135,-115,-115,,,+105,-135,,,,,,,,,+105,-135,,,,,,,,,,,,
2025-04-10,KC @ MIN,KC,MIN,3.0,2.0,-110,-120,EVEN,-120,-110,-130,-110,-120,,,EVEN,-130,,,,,,,,,EVEN,-130,,,,,,,,,,,,
2025-04-10,COL @ MIL,COL,MIL,7.0,2.0,-140,+110,-135,+110,-140,+105,-140,+110,,,-135,+105,,,,,,,,,-135,+105,,,,,,,,,,,,
2025-04-10,BOS @ TOR,BOS,TOR,4.0,3.0,-115,-115,-102,-120,-110,-125,-110,-120,,,-102,-125,,,,,,,,,-102,-125,,,,,,,,,,,,
2025-04-11,CLE @ KC,CLE,KC,7.0,0.0,EVEN,-130,+130,-135,+105,-160,+105,-135,,,+125,-160,,,,,,,,,+130,-165,,,,,,,,,,,,
2025-04-11,CIN @ PIT,CIN,PIT,5.0,3.0,-115,-115,+105,-130,EVEN,-130,EVEN,-130,,,+105,-135,,,,,,,,,+105,-135,,,,,,,,,,,,
2025-04-11,NYY @ SF,NYY,SF,1.0,9.0,-115,-115,+105,-135,+105,-135,+105,-135,,,+105,-135,,,,,,,,,+105,-135,,,,,,,,,,,,
2025-04-11,ATL @ TB,ATL,TB,6.0,3.0,-115,-115,-120,+105,-135,+105,-135,+105,,,-120,-105,,,,,,,,,-120,-105,,,,,,,,,,,,
2025-04-11,MIA @ WSH,MIA,WSH,4.0,7.0,EVEN,-130,-105,-120,-105,-125,-105,-125,,,-105,-120,,,,,,,,,-105,-120,,,,,,,,,,,,
2025-04-12,DET @ MIN,DET,MIN,0.0,4.0,-120,-110,-110,-115,-110,-115,-115,-115,,,-110,-115,,,,,,,,,-110,-115,,,,,,,,,,,,
2025-04-12,PHI @ STL,PHI,STL,1.0,4.0,-110,-120,EVEN,-120,-110,-130,-110,-120,,,EVEN,-130,,,,,,,,,EVEN,-130,,,,,,,,,,,,
2025-04-12,NYY @ SF,NYY,SF,8.0,4.0,-110,-120,-102,-120,-110,-125,-110,-120,,,-102,-125,,,,,,,,,-102,-125,,,,,,,,,,,,
2025-04-12,Athletics @ NYM,Athletics,NYM,3.0,1.0,-135,+105,-115,EVEN,-130,-110,-130,EVEN,,,-115,-110,,,,,,,,,-115,-110,,,,,,,,,,,,
2025-04-12,BAL @ TOR,BAL,TOR,5.0,4.0,-105,-125,-105,-120,-110,-120,-110,-120,,,-105,-120,,,,,,,,,-105,-120,,,,,,,,,,,,
2025-04-13,BAL @ TOR,BAL,TOR,6.0,7.0,-115,-115,-110,-115,-110,-118,-115,-115,,,-110,-118,,,,,,,,,-110,-118,,,,,,,,,,,,
2025-04-13,NYY @ SF,NYY,SF,4.0,5.0,-105,-125,-110,-115,-110,-115,-115,-115,,,-110,-115,,,,,,,,,-110,-115,,,,,,,,,,,,
2025-04-13,MIA @ WSH,MIA,WSH,11.0,4.0,-105,-125,-102,-125,-105,-125,-105,-125,,,-102,-125,,,,,,,,,-102,-125,,,,,,,,,,,,
2025-04-13,CLE @ KC,CLE,KC,2.0,4.0,+105,-135,+118,-135,+105,-135,+105,-135,,,+118,-150,,,,,,,,,+118,-150,,,,,,,,,,,,
2025-04-13,CIN @ PIT,CIN,PIT,4.0,0.0,+120,-150,+110,-135,+105,-140,+110,-140,,,+105,-135,,,,,,,,,+105,-135,,,,,,,,,,,,
2025-04-14,PIT @ WSH,PIT,WSH,10.0,3.0,+105,-135,+135,-150,+115,-165,+135,-165,,,+115,-150,,,,,,,,,+115,-150,,,,,,,,,,,,
2025-04-14,PHI @ SF,PHI,SF,4.0,10.0,-115,-115,-115,-110,-120,-110,-120,-110,,,-115,-110,,,,,,,,,-115,-110,,,,,,,,,,,,
2025-04-14,KC @ NYY,KC,NYY,4.0,1.0,-130,EVEN,-120,EVEN,-130,EVEN,-130,EVEN,,,-120,-105,,,,,,,,,-120,-105,,,,,,,,,,,,
2025-04-14,BOS @ TB,BOS,TB,16.0,1.0,-120,-110,-115,-110,-120,-110,-120,-110,,,-115,-110,,,,,,,,,-115,-110,,,,,,,,,,,,
2025-04-14,ATL @ TOR,ATL,TOR,4.0,8.0,-130,EVEN,-110,-105,-125,-115,-125,-105,,,-110,-115,,,,,,,,,-110,-115,,,,,,,,,,,,
2025-04-15,CIN @ SEA,CIN,SEA,8.0,4.0,+105,-135,+105,-130,EVEN,-130,+105,-135,,,EVEN,-130,,,,,,,,,EVEN,-130,,,,,,,,,,,,
2025-04-15,ARI @ MIA,ARI,MIA,4.0,10.0,-115,-115,EVEN,-115,-110,-130,EVEN,-130,,,-110,-115,,,,,,,,,-110,-115,,,,,,,,,,,,
2025-04-15,PIT @ WSH,PIT,WSH,0.0,3.0,-110,-120,-110,-115,-110,-120,-110,-120,,,-110,-115,,,,,,,,,-110,-115,,,,,,,,,,,,
2025-04-15,PHI @ SF,PHI,SF,6.0,4.0,EVEN,-130,EVEN,-125,EVEN,-125,-105,-125,,,EVEN,-125,,,,,,,,,EVEN,-125,,,,,,,,,,,,
2025-04-15,BOS @ TB,BOS,TB,4.0,7.0,-115,-115,-118,-105,-125,-110,-125,-105,,,-118,-110,,,,,,,,,-118,-110,,,,,,,,,,,,
2025-04-16,ATL @ TOR,ATL,TOR,3.0,1.0,-115,-115,+120,-135,+105,-155,+105,-135,,,+120,-155,,,,,,,,,+120,-155,,,,,,,,,,,,
2025-04-16,MIN @ NYM,MIN,NYM,4.0,3.0,-115,-115,-110,-115,-110,-118,-115,-115,,,-110,-118,,,,,,,,,-110,-118,,,,,,,,,,,,
2025-04-16,DET @ MIL,DET,MIL,5.0,1.0,-105,-125,-110,-115,-110,-118,-115,-115,,,-110,-118,,,,,,,,,-110,-118,,,,,,,,,,,,
2025-04-16,HOU @ STL,HOU,STL,4.0,1.0,-130,EVEN,-110,-115,-110,-115,-115,-115,,,-110,-115,,,,,,,,,-110,-115,,,,,,,,,,,,
2025-04-16,CHC @ SD,CHC,SD,4.0,2.0,-115,-115,EVEN,-130,EVEN,-130,EVEN,-130,,,EVEN,-130,,,,,,,,,EVEN,-130,,,,,,,,,,,,
2025-04-17,ARI @ MIA,ARI,MIA,4.0,6.0,-115,-115,-102,-125,-105,-125,-105,-125,,,-102,-125,,,,,,,,,-102,-125,,,,,,,,,,,,
2025-04-17,PIT @ WSH,PIT,WSH,1.0,0.0,-115,-115,-102,-115,-115,-125,-115,-115,,,-102,-125,,,,,,,,,-102,-125,,,,,,,,,,,,
2025-04-17,CIN @ SEA,CIN,SEA,7.0,11.0,+110,-140,-115,-110,-115,-110,-115,-115,,,-115,-110,,,,,,,,,-115,-110,,,,,,,,,,,,
2025-04-17,Chicago @ CWS,Chicago,CWS,0.0,8.0,-110,-120,-105,-120,-110,-120,-110,-120,,,-105,-120,,,,,,,,,-105,-120,,,,,,,,,,,,
2025-04-17,PHI @ SF,PHI,SF,6.0,4.0,EVEN,-130,+120,-130,EVEN,-150,EVEN,-130,,,+120,-150,,,,,,,,,+120,-150,,,,,,,,,,,,
2025-04-18,ARI @ CHC,ARI,CHC,13.0,11.0,-150,+120,-145,+120,-145,+115,-145,+115,,,-155,+120,,,,,,,,,-155,+120,,,,,,,,,,,,
2025-04-18,DET @ KC,DET,KC,7.0,3.0,+105,-135,EVEN,-130,EVEN,-130,EVEN,-130,,,EVEN,-130,,,,,,,,,EVEN,-130,,,,,,,,,,,,
2025-04-18,CLE @ PIT,CLE,PIT,7.0,10.0,-125,-105,-115,-110,-120,-110,-120,-110,,,-115,-110,,,,,,,,,-115,-110,,,,,,,,,,,,
2025-04-18,MIA @ PHI,MIA,PHI,7.0,2.0,+115,-145,+115,-140,+110,-145,+115,-145,,,+110,-140,,,,,,,,,+110,-140,,,,,,,,,,,,
2025-04-18,NYY @ TB,NYY,TB,0.0,1.0,-110,-120,EVEN,-120,EVEN,-130,EVEN,-130,,,-105,-120,,,,,,,,,-105,-120,,,,,,,,,,,,
2025-04-19,MIA @ PHI,MIA,PHI,11.0,10.0,-145,+115,-150,+120,-155,+120,-150,+120,,,-155,+120,,,,,,,,,-155,+120,,,,,,,,,,,,
2025-04-19,DET @ KC,DET,KC,3.0,1.0,-105,-125,+105,-115,-115,-135,-115,-115,,,+105,-135,,,,,,,,,+105,-135,,,,,,,,,,,,
2025-04-19,ARI @ CHC,ARI,CHC,6.0,2.0,+110,-140,+105,-130,EVEN,-130,EVEN,-130,,,+105,-135,,,,,,,,,+105,-135,,,,,,,,,,,,
2025-04-19,SEA @ TOR,SEA,TOR,4.0,8.0,-115,-115,+110,-135,+105,-140,+105,-135,,,+110,-140,,,,,,,,,+110,-140,,,,,,,,,,,,
2025-04-19,CLE @ PIT,CLE,PIT,0.0,3.0,-105,-125,EVEN,-130,EVEN,-130,EVEN,-130,,,EVEN,-130,,,,,,,,,EVEN,-130,,,,,,,,,,,,
2025-04-20,ATL @ MIN,ATL,MIN,6.0,2.0,-102,-125,-105,-120,-110,-120,-110,-120,,,-105,-120,,,,,,,,,-105,-120,,,,,,,,,,,,
2025-04-20,CLE @ PIT,CLE,PIT,4.0,5.0,-105,-120,-110,-115,-110,-118,-115,-115,,,-110,-118,,,,,,,,,-110,-118,,,,,,,,,,,,
2025-04-20,BAL @ CIN,BAL,CIN,2.0,24.0,-125,-105,-118,-105,-120,-110,-120,-110,,,-120,-105,,,,,,,,,-118,-110,,,,,,,,,,,,
2025-04-20,MIA @ PHI,MIA,PHI,5.0,7.0,EVEN,-130,-102,-120,-110,-125,-110,-120,,,-102,-125,,,,,,,,,-102,-125,,,,,,,,,,,,
2025-04-20,BOS @ CWS,BOS,CWS,4.0,8.0,-115,-110,-130,+105,-130,EVEN,-130,EVEN,,,-135,+105,,,,,,,,,-135,+105,,,,,,,,,,,,
2025-04-21,BOS @ CWS,BOS,CWS,4.0,2.0,-120,-110,-120,-105,-120,-110,-120,-110,,,-120,-105,,,,,,,,,-120,-105,,,,,,,,,,,,
2025-04-21,CLE @ NYY,CLE,NYY,6.0,4.0,-115,-115,-110,-110,-110,-110,-120,-110,,,-110,-115,,,,,,,,,-110,-115,,,,,,,,,,,,
2025-04-21,CIN @ MIA,CIN,MIA,6.0,3.0,-105,-125,+110,-125,+110,-145,-105,-125,,,+110,-145,,,,,,,,,+110,-145,,,,,,,,,,,,
2025-04-21,DET @ SD,DET,SD,6.0,4.0,-115,-115,-110,EVEN,-130,-115,-130,EVEN,,,-110,-115,,,,,,,,,-110,-115,,,,,,,,,,,,
2025-04-21,NYM @ PHI,NYM,PHI,5.0,4.0,-115,-115,-105,-115,-115,-120,-115,-115,,,-105,-120,,,,,,,,,-105,-120,,,,,,,,,,,,
2025-04-22,CLE @ NYY,CLE,NYY,3.0,2.0,-115,-115,-105,-105,-105,-120,-125,-105,,,-105,-120,,,,,,,,,-105,-120,,,,,,,,,,,,
2025-04-22,DET @ SD,DET,SD,0.0,2.0,EVEN,-130,+115,-130,EVEN,-150,EVEN,-130,,,+115,-150,,,,,,,,,+115,-150,,,,,,,,,,,,
2025-04-22,CIN @ MIA,CIN,MIA,4.0,3.0,EVEN,-130,-110,-115,-110,-115,-115,-115,,,-110,-115,,,,,,,,,-110,-115,,,,,,,,,,,,
2025-04-22,BOS @ SEA,BOS,SEA,8.0,3.0,-115,-115,-118,-110,-120,-110,-120,-110,,,-118,-110,,,,,,,,,-118,-110,,,,,,,,,,,,
2025-04-22,BAL @ WSH,BAL,WSH,7.0,0.0,-125,-105,-115,-110,-120,-110,-120,-110,,,-115,-110,,,,,,,,,-115,-110,,,,,,,,,,,,
2025-04-23,ATL @ STL,ATL,STL,4.0,1.0,-125,-105,-130,+105,-130,EVEN,-135,+105,,,-130,EVEN,,,,,,,,,-130,EVEN,,,,,,,,,,,,
2025-04-23,CIN @ MIA,CIN,MIA,2.0,5.0,-105,-125,+105,-120,+105,-135,+105,-135,,,-105,-120,,,,,,,,,-105,-120,,,,,,,,,,,,
2025-04-23,CLE @ NYY,CLE,NYY,1.0,5.0,-115,-115,-102,-120,-110,-125,-110,-120,,,-102,-125,,,,,,,,,-102,-125,,,,,,,,,,,,
2025-04-23,DET @ SD,DET,SD,6.0,0.0,-115,-115,-105,-115,-115,-120,-115,-115,,,-105,-120,,,,,,,,,-105,-120,,,,,,,,,,,,
2025-04-23,NYM @ PHI,NYM,PHI,4.0,3.0,-110,-120,+110,-130,EVEN,-130,EVEN,-130,,,+110,-140,,,,,,,,,+110,-140,,,,,,,,,,,,
2025-04-24,CWS @ MIN,CWS,MIN,0.0,3.0,-115,-115,EVEN,-125,EVEN,-125,EVEN,-130,,,-102,-125,,,,,,,,,-102,-125,,,,,,,,,,,,
2025-04-24,BOS @ SEA,BOS,SEA,3.0,4.0,EVEN,-130,+115,-135,+105,-145,+115,-145,,,+105,-135,,,,,,,,,+105,-135,,,,,,,,,,,,
2025-04-24,COL @ KC,COL,KC,7.0,4.0,-110,-115,-102,-125,-102,-125,,,,,-102,-125,,,,,,,,,-102,-125,,,,,,,,,,,,
2025-04-24,MIL @ SF,MIL,SF,6.0,5.0,+125,-155,+125,-135,+105,-155,+125,-155,,,+105,-135,,,,,,,,,+105,-135,,,,,,,,,,,,
2025-04-25,CHC @ PHI,CHC,PHI,4.0,0.0,-105,-125,-110,-115,-110,-118,-115,-115,,,-110,-118,,,,,,,,,-110,-118,,,,,,,,,,,,
2025-04-25,NYM @ WSH,NYM,WSH,5.0,4.0,-115,-115,-115,-110,-120,-110,-120,-110,,,-115,-110,,,,,,,,,-115,-110,,,,,,,,,,,,
2025-04-25,NYY @ TOR,NYY,TOR,2.0,4.0,-145,+115,-130,+105,-130,EVEN,-135,+105,,,-130,EVEN,,,,,,,,,-130,EVEN,,,,,,,,,,,,
2025-04-25,LAA @ MIN,LAA,MIN,11.0,4.0,+105,-135,EVEN,-130,EVEN,-130,EVEN,-130,,,,,,,,,,,,,,,,,,,,,,,,,,
2025-04-25,HOU @ KC,HOU,KC,2.0,0.0,-110,-120,-102,-120,-110,-125,-110,-120,,,-102,-125,,,,,,,,,-102,-125,,,,,,,,,,,,
2025-04-26,BOS @ CLE,BOS,CLE,5.0,4.0,-115,-115,+105,-115,-115,-135,-115,-115,,,+105,-135,,,,,,,,,+105,-135,,,,,,,,,,,,
2025-04-26,BAL @ DET,BAL,DET,4.0,3.0,-115,-110,-115,-110,-115,-110,,,,,-115,-110,,,,,,,,,-115,-110,,,,,,,,,,,,
2025-04-26,LAA @ MIN,LAA,MIN,5.0,1.0,-105,-125,-102,-120,-110,-125,-110,-120,,,-102,-125,,,,,,,,,-102,-125,,,,,,,,,,,,
2025-04-26,MIL @ STL,MIL,STL,6.0,5.0,+120,-150,+110,-140,+110,-140,+110,-140,,,+110,-140,,,,,,,,,+110,-140,,,,,,,,,,,,
2025-04-26,CIN @ COL,CIN,COL,4.0,6.0,-135,+105,-135,+110,-140,+105,-135,+105,,,-140,+110,,,,,,,,,-140,+110,,,,,,,,,,,,
2025-04-27,NYM @ WSH,NYM,WSH,8.0,7.0,-115,-115,-105,-120,-110,-120,-110,-120,,,-105,-120,,,,,,,,,-105,-120,,,,,,,,,,,,
2025-04-27,NYY @ TOR,NYY,TOR,11.0,2.0,-105,-120,-105,-120,-105,-120,,,,,-105,-120,,,,,,,,,-105,-120,,,,,,,,,,,,
2025-04-27,BAL @ DET,BAL,DET,7.0,0.0,+115,-145,+120,-140,+110,-140,+120,-150,,,+110,-140,,,,,,,,,+110,-140,,,,,,,,,,,,
2025-04-27,LAA @ MIN,LAA,MIN,5.0,0.0,EVEN,-130,+105,-135,+105,-135,+105,-135,,,+105,-135,,,,,,,,,+105,-135,,,,,,,,,,,,
2025-04-27,BOS @ CLE,BOS,CLE,3.0,13.0,-105,-125,EVEN,-130,EVEN,-130,EVEN,-130,,,EVEN,-130,,,,,,,,,EVEN,-130,,,,,,,,,,,,
2025-04-28,NYM @ WSH,NYM,WSH,5.0,19.0,-120,-110,-120,+105,-135,+105,-135,+105,,,-120,-105,,,,,,,,,-120,-105,,,,,,,,,,,,
2025-04-28,CLE @ MIN,CLE,MIN,1.0,11.0,EVEN,-130,-105,-120,-105,-125,-105,-125,,,-105,-120,,,,,,,,,-105,-120,,,,,,,,,,,,
2025-04-28,BAL @ NYY,BAL,NYY,4.0,3.0,-135,+105,-130,+105,-130,EVEN,-135,+105,,,-130,EVEN,,,,,,,,,-130,EVEN,,,,,,,,,,,,
2025-04-28,CIN @ STL,CIN,STL,3.0,1.0,-115,-115,-125,+105,-135,+105,-125,-105,,,-135,+105,,,,,,,,,-135,+105,,,,,,,,,,,,
2025-04-28,Texas @ TEX,Texas,TEX,1.0,2.0,-150,+120,-130,+105,-130,EVEN,-130,EVEN,,,-135,+105,,,,,,,,,-135,+105,,,,,,,,,,,,
2025-04-29,CLE @ MIN,CLE,MIN,2.0,1.0,-105,-125,-105,-115,-115,-120,-115,-115,,,-105,-120,,,,,,,,,-105,-120,,,,,,,,,,,,
2025-04-29,BAL @ NYY,BAL,NYY,3.0,15.0,-120,-105,-125,+110,-140,+110,-140,+110,,,-125,-102,,,,,,,,,-125,-102,,,,,,,,,,,,
2025-04-29,CHC @ PIT,CHC,PIT,0.0,9.0,-105,-120,-110,-115,-110,-118,-115,-115,,,-110,-118,,,,,,,,,-110,-118,,,,,,,,,,,,
2025-04-29,PHI @ WSH,PHI,WSH,7.0,6.0,-110,-120,-102,-125,-105,-125,-105,-125,,,-102,-125,,,,,,,,,-102,-125,,,,,,,,,,,,
2025-04-29,KC @ TB,KC,TB,1.0,3.0,-120,-110,-115,-110,-115,-110,-115,-115,,,-115,-110,,,,,,,,,-115,-110,,,,,,,,,,,,
2025-04-30,CIN @ STL,CIN,STL,0.0,6.0,-125,-105,-120,-105,-125,-105,-125,-105,,,-120,-105,,,,,,,,,-120,-105,,,,,,,,,,,,
2025-04-30,DET @ HOU,DET,HOU,4.0,7.0,-110,-120,-105,-120,-110,-120,-110,-120,,,-105,-120,,,,,,,,,-105,-120,,,,,,,,,,,,
2025-04-30,LAD @ MIA,LAD,MIA,12.0,7.0,-140,+110,-135,+115,-145,+105,-145,+115,,,-135,+105,,,,,,,,,-135,+105,,,,,,,,,,,,
2025-04-30,ATL @ COL,ATL,COL,2.0,1.0,-120,-110,-120,+105,-135,+105,-135,+105,,,-120,-105,,,,,,,,,-120,-105,,,,,,,,,,,,
2025-04-30,SD @ SF,SD,SF,5.0,3.0,EVEN,-130,+120,-150,+120,-155,+120,-150,,,+120,-155,,,,,,,,,+120,-155,,,,,,,,,,,,
2025-05-01,CHC @ PIT,CHC,PIT,3.0,8.0,+105,-135,+120,-140,+110,-140,+120,-150,,,+110,-140,,,,,,,,,+110,-140,,,,,,,,,,,,
2025-05-01,CIN @ STL,CIN,STL,9.0,1.0,-115,-115,-115,-110,-115,-110,-115,-115,,,-115,-110,,,,,,,,,-115,-110,,,,,,,,,,,,
2025-05-01,KC @ TB,KC,TB,2.0,8.0,-105,-125,-105,-120,-105,-125,-105,-125,,,-105,-120,,,,,,,,,-105,-120,,,,,,,,,,,,
2025-05-01,ARI @ NYM,ARI,NYM,2.0,4.0,EVEN,-130,-102,-120,-110,-125,-110,-120,,,-102,-125,,,,,,,,,-102,-125,,,,,,,,,,,,
2025-05-01,CLE @ MIN,CLE,MIN,4.0,3.0,-115,-115,-125,-102,-125,-105,-125,-105,,,-125,-102,,,,,,,,,-125,-102,,,,,,,,,,,,
2025-05-02,CIN @ WSH,CIN,WSH,6.0,1.0,EVEN,-130,-110,-118,-110,-120,-110,-120,,,-110,-118,,,,,,,,,-110,-118,,,,,,,,,,,,
2025-05-02,PIT @ SD,PIT,SD,4.0,9.0,-105,-125,-105,-115,-115,-120,-115,-115,,,-105,-120,,,,,,,,,-105,-120,,,,,,,,,,,,
2025-05-02,ARI @ PHI,ARI,PHI,3.0,2.0,-115,-115,-115,-110,-115,-110,-115,-115,,,-115,-110,,,,,,,,,-115,-110,,,,,,,,,,,,
2025-05-02,NYY @ TB,NYY,TB,3.0,0.0,-115,-115,-115,-110,-120,-110,-120,-110,,,-115,-110,,,,,,,,,-115,-110,,,,,,,,,,,,
2025-05-02,BAL @ KC,BAL,KC,3.0,0.0,-120,-110,-120,-105,-125,-105,-125,-105,,,-120,-105,,,,,,,,,-120,-105,,,,,,,,,,,,
2025-05-03,NYY @ TB,NYY,TB,2.0,3.0,-140,+110,-135,+115,-145,+105,-145,+115,,,-135,+105,,,,,,,,,-135,+105,,,,,,,,,,,,
2025-05-03,CWS @ HOU,CWS,HOU,3.0,8.0,-110,-120,+125,-140,+110,-155,+125,-155,,,+110,-140,,,,,,,,,+110,-140,,,,,,,,,,,,
2025-05-03,CLE @ TOR,CLE,TOR,3.0,5.0,-105,-125,-102,-125,-105,-125,-105,-125,,,-102,-125,,,,,,,,,-102,-125,,,,,,,,,,,,
2025-05-03,COL @ SF,COL,SF,6.0,3.0,EVEN,-130,-105,-118,-110,-125,-105,-125,,,-110,-118,,,,,,,,,-110,-118,,,,,,,,,,,,
2025-05-03,PIT @ SD,PIT,SD,1.0,2.0,-120,-110,-130,EVEN,-130,EVEN,-130,EVEN,,,-130,EVEN,,,,,,,,,-130,EVEN,,,,,,,,,,,,
2025-05-04,NYM @ STL,NYM,STL,6.0,5.0,-120,-105,-110,-115,-110,-115,,,,,-110,-115,,,,,,,,,-110,-115,,,,,,,,,,,,
2025-05-04,BAL @ KC,BAL,KC,6.0,11.0,-125,-105,-120,+105,-135,+105,-135,+105,,,-120,-105,,,,,,,,,-120,-105,,,,,,,,,,,,
2025-05-04,NYY @ TB,NYY,TB,5.0,7.0,-120,-110,-115,-110,-120,-110,-120,-110,,,-115,-110,,,,,,,,,-115,-110,,,,,,,,,,,,
2025-05-04,BOS @ MIN,BOS,MIN,4.0,5.0,-105,-125,-110,-115,-110,-118,-115,-115,,,-110,-118,,,,,,,,,-110,-118,,,,,,,,,,,,
2025-05-04,PIT @ SD,PIT,SD,0.0,4.0,-115,-115,-115,-110,-120,-110,-120,-110,,,-115,-110,,,,,,,,,-115,-110,,,,,,,,,,,,
2025-05-05,LAD @ MIA,LAD,MIA,4.0,7.0,-125,-102,-115,-105,-120,-115,-115,-115,,,-120,-105,,,,,,,,,-120,-105,,,,,,,,,,,,
2025-05-05,NYY @ SD,NYY,SD,3.0,4.0,-115,-115,-105,-120,-110,-120,-110,-120,,,-105,-120,,,,,,,,,-105,-120,,,,,,,,,,,,
2025-05-05,ATL @ CIN,ATL,CIN,4.0,0.0,-110,-120,-110,-115,-110,-118,-115,-115,,,-110,-118,,,,,,,,,-110,-118,,,,,,,,,,,,
2025-05-05,CWS @ KC,CWS,KC,3.0,0.0,-110,-120,+105,-135,+105,-135,+105,-135,,,+105,-135,,,,,,,,,+105,-135,,,,,,,,,,,,
2025-05-05,HOU @ MIL,HOU,MIL,5.0,1.0,EVEN,-130,-105,-120,-105,-125,-105,-125,,,-105,-120,,,,,,,,,-105,-120,,,,,,,,,,,,
2025-05-06,CLE @ WSH,CLE,WSH,10.0,9.0,-118,-110,-125,-102,-125,-102,,,,,-125,-102,,,,,,,,,-125,-102,,,,,,,,,,,,
2025-05-06,LAD @ MIA,LAD,MIA,5.0,4.0,-130,EVEN,-125,+105,-135,EVEN,-135,+105,,,-125,EVEN,,,,,,,,,-125,EVEN,,,,,,,,,,,,
2025-05-06,BOS @ TEX,BOS,TEX,1.0,6.0,-110,-120,-105,-115,-115,-120,-115,-115,,,-105,-120,,,,,,,,,-105,-120,,,,,,,,,,,,
2025-05-06,PHI @ TB,PHI,TB,4.0,8.0,+120,-150,+115,-140,+110,-145,+115,-145,,,+110,-140,,,,,,,,,+110,-140,,,,,,,,,,,,
2025-05-06,NYY @ SD,NYY,SD,12.0,3.0,-115,-115,-102,-120,-110,-125,-110,-120,,,-102,-125,,,,,,,,,-102,-125,,,,,,,,,,,,
2025-05-07,CLE @ WSH,CLE,WSH,6.0,8.0,-115,-115,-115,-105,-120,-115,-115,-115,,,-120,-105,,,,,,,,,-120,-105,,,,,,,,,,,,
2025-05-07,HOU @ MIL,HOU,MIL,1.0,9.0,+115,-145,+110,-140,+110,-140,+110,-140,,,+110,-140,,,,,,,,,+110,-140,,,,,,,,,,,,
2025-05-07,PIT @ STL,PIT,STL,5.0,0.0,-105,-125,-102,-125,-105,-125,-105,-125,,,-102,-125,,,,,,,,,-102,-125,,,,,,,,,,,,
2025-05-07,CHC @ SF,CHC,SF,1.0,3.0,+130,-160,+115,-145,+115,-150,+115,-145,,,+115,-150,,,,,,,,,+115,-150,,,,,,,,,,,,
2025-05-07,Athletics @ SEA,Athletics,SEA,5.0,6.0,-120,-110,-115,-110,-118,-110,-115,-115,,,-118,-110,,,,,,,,,-118,-110,,,,,,,,,,,,
2025-05-08,BAL @ MIN,BAL,MIN,5.0,2.0,-105,-125,-110,-115,-110,-118,-115,-115,,,-110,-118,,,,,,,,,-110,-118,,,,,,,,,,,,
2025-05-08,BOS @ TEX,BOS,TEX,5.0,0.0,-120,-110,-120,EVEN,-130,EVEN,-130,EVEN,,,-120,-105,,,,,,,,,-120,-105,,,,,,,,,,,,
2025-05-08,CWS @ KC,CWS,KC,10.0,0.0,-115,-115,-110,-110,-110,-110,-110,-120,,,-115,-110,,,,,,,,,-115,-110,,,,,,,,,,,,
2025-05-08,COL @ DET,COL,DET,2.0,10.0,-125,-105,-125,-102,-125,-102,,,,,-125,-102,,,,,,,,,-125,-102,,,,,,,,,,,,
2025-05-09,ATL @ PIT,ATL,PIT,3.0,2.0,-115,-115,-115,-110,-115,-110,-115,-115,,,-115,-110,,,,,,,,,-115,-110,,,,,,,,,,,,
2025-05-09,DET @ TEX,DET,TEX,2.0,1.0,+110,-140,+125,-135,+105,-155,+125,-155,,,+105,-135,,,,,,,,,+105,-135,,,,,,,,,,,,
2025-05-09,STL @ WSH,STL,WSH,0.0,10.0,-110,-120,-115,-110,-115,-110,-115,-115,,,-115,-110,,,,,,,,,-115,-110,,,,,,,,,,,,
2025-05-09,MIL @ TB,MIL,TB,4.0,3.0,-120,-110,-120,EVEN,-130,-110,-120,-110,,,-130,EVEN,,,,,,,,,-130,EVEN,,,,,,,,,,,,
2025-05-09,CHC @ NYM,CHC,NYM,7.0,2.0,+115,-145,+105,-120,-110,-135,-110,-120,,,+105,-135,,,,,,,,,+105,-135,,,,,,,,,,,,
2025-05-10,ATL @ PIT,ATL,PIT,2.0,3.0,-115,-115,-115,-110,-118,-110,-115,-115,,,-118,-110,,,,,,,,,-118,-110,,,,,,,,,,,,
2025-05-10,Athletics @ NYY,Athletics,NYY,11.0,7.0,-140,+110,-145,+115,-145,+110,-145,+115,,,-145,+110,,,,,,,,,-145,+110,,,,,,,,,,,,
2025-05-10,STL @ WSH,STL,WSH,2.0,4.0,-115,-115,-115,-105,-120,-115,-115,-115,,,-120,-105,,,,,,,,,-120,-105,,,,,,,,,,,,
2025-05-10,MIL @ TB,MIL,TB,3.0,2.0,-120,-110,-125,+110,-140,+110,-125,-105,,,-140,+110,,,,,,,,,-140,+110,,,,,,,,,,,,
2025-05-10,DET @ TEX,DET,TEX,3.0,10.0,+125,-155,+120,-150,+118,-150,+120,-150,,,+118,-150,,,,,,,,,+118,-150,,,,,,,,,,,,
2025-05-11,CHC @ NYM,CHC,NYM,6.0,2.0,-120,-105,-105,-115,-115,-120,-115,-115,,,-105,-120,,,,,,,,,-105,-120,,,,,,,,,,,,
2025-05-11,STL @ WSH,STL,WSH,1.0,6.0,-110,-120,-115,-110,-118,-110,-115,-115,,,-118,-110,,,,,,,,,-118,-110,,,,,,,,,,,,
2025-05-11,ATL @ PIT,ATL,PIT,4.0,3.0,-105,-125,EVEN,-130,EVEN,-130,EVEN,-130,,,EVEN,-130,,,,,,,,,EVEN,-130,,,,,,,,,,,,
2025-05-11,MIL @ TB,MIL,TB,2.0,4.0,-110,-120,-115,-110,-118,-110,-115,-115,,,-118,-110,,,,,,,,,-118,-110,,,,,,,,,,,,
2025-05-11,DET @ TEX,DET,TEX,1.0,6.0,+110,-140,+118,-145,+115,-150,+115,-145,,,+118,-150,,,,,,,,,+118,-150,,,,,,,,,,,,
2025-05-12,CLE @ MIL,CLE,MIL,5.0,0.0,+105,-135,-105,-118,-110,-125,-105,-125,,,-110,-118,,,,,,,,,-110,-118,,,,,,,,,,,,
2025-05-12,BOS @ DET,BOS,DET,14.0,2.0,-115,-115,-102,-115,-115,-125,-115,-115,,,-102,-125,,,,,,,,,-102,-125,,,,,,,,,,,,
2025-05-12,PHI @ STL,PHI,STL,2.0,3.0,-110,-120,-115,-110,-115,-110,-115,-115,,,-115,-110,,,,,,,,,-115,-110,,,,,,,,,,,,
2025-05-12,NYM @ PIT,NYM,PIT,4.0,3.0,+115,-145,+115,-145,+110,-145,+115,-145,,,+110,-145,,,,,,,,,+110,-145,,,,,,,,,,,,
2025-05-12,ATL @ WSH,ATL,WSH,4.0,3.0,-115,-115,-115,-110,-115,-110,-115,-115,,,-115,-110,,,,,,,,,-115,-110,,,,,,,,,,,,
2025-05-13,CLE @ MIL,CLE,MIL,2.0,0.0,-120,-110,-125,EVEN,-125,EVEN,-125,-105,,,-130,EVEN,,,,,,,,,-130,EVEN,,,,,,,,,,,,
2025-05-13,BOS @ DET,BOS,DET,10.0,9.0,-110,-120,-110,-115,-110,-118,-115,-115,,,-110,-118,,,,,,,,,-110,-118,,,,,,,,,,,,
2025-05-13,CWS @ CIN,CWS,CIN,1.0,5.0,-120,-110,-115,-105,-120,-115,-115,-115,,,-120,-105,,,,,,,,,-120,-105,,,,,,,,,,,,
2025-05-13,TB @ TOR,TB,TOR,9.0,11.0,+105,-135,EVEN,-125,EVEN,-125,EVEN,-130,,,-102,-125,,,,,,,,,-102,-125,,,,,,,,,,,,
2025-05-13,NYM @ PIT,NYM,PIT,2.0,1.0,-102,-125,EVEN,-130,EVEN,-130,,,,,EVEN,-130,,,,,,,,,EVEN,-130,,,,,,,,,,,,
2025-05-14,BAL @ MIN,BAL,MIN,3.0,6.0,-115,-115,-115,-110,-115,-110,,,,,-115,-110,,,,,,,,,-115,-110,,,,,,,,,,,,
2025-05-14,PHI @ STL,PHI,STL,2.0,1.0,-105,-125,-115,-110,-115,-110,,,,,-115,-110,,,,,,,,,-115,-110,,,,,,,,,,,,
2025-05-14,CLE @ MIL,CLE,MIL,5.0,9.0,-110,-120,-105,-120,-105,-125,-105,-125,,,-105,-120,,,,,,,,,-105,-120,,,,,,,,,,,,
2025-05-14,ARI @ SF,ARI,SF,7.0,8.0,-105,-125,-105,-115,-110,-125,-105,-125,,,-110,-115,,,,,,,,,-110,-115,,,,,,,,,,,,
2025-05-15,ATL @ WSH,ATL,WSH,5.0,2.0,-115,-115,-105,-120,-105,-125,-105,-125,,,-105,-120,,,,,,,,,-105,-120,,,,,,,,,,,,
2025-05-15,BAL @ MIN,BAL,MIN,0.0,4.0,-115,-115,-120,-105,-125,-105,-125,-105,,,-120,-105,,,,,,,,,-120,-105,,,,,,,,,,,,
2025-05-15,CWS @ CIN,CWS,CIN,7.0,1.0,-115,-115,-125,EVEN,-125,EVEN,-125,-105,,,-130,EVEN,,,,,,,,,-130,EVEN,,,,,,,,,,,,
2025-05-15,TB @ TOR,TB,TOR,3.0,8.0,-115,-115,-102,-115,-115,-125,-115,-115,,,-102,-125,,,,,,,,,-102,-125,,,,,,,,,,,,
2025-05-15,HOU @ TEX,HOU,TEX,1.0,0.0,+120,-150,+145,-160,+125,-180,+145,-180,,,+125,-160,,,,,,,,,+125,-160,,,,,,,,,,,,
2025-05-16,CHC @ CWS,CHC,CWS,13.0,3.0,-185,+150,-155,+130,-165,+125,-155,+125,,,-165,+130,,,,,,,,,-165,+130,,,,,,,,,,,,
2025-05-16,CIN @ CLE,CIN,CLE,5.0,4.0,+105,-135,-120,-105,-120,-110,-120,-110,,,-120,-105,,,,,,,,,-120,-105,,,,,,,,,,,,
2025-05-16,PHI @ PIT,PHI,PIT,8.0,4.0,-115,-115,-115,-110,-115,-110,-115,-115,,,-115,-110,,,,,,,,,-115,-110,,,,,,,,,,,,
2025-05-16,NYM @ NYY,NYM,NYY,6.0,2.0,-125,-105,-120,-105,-125,-105,-125,-105,,,-120,-105,,,,,,,,,-120,-105,,,,,,,,,,,,
2025-05-16,BAL @ WSH,BAL,WSH,3.0,4.0,-120,-110,-105,-115,-115,-120,-115,-115,,,-105,-120,,,,,,,,,-105,-120,,,,,,,,,,,,
2025-05-17,NYM @ NYY,NYM,NYY,2.0,3.0,-145,+115,-145,+125,-145,+110,-155,+125,,,-145,+110,,,,,,,,,-145,+110,,,,,,,,,,,,
2025-05-17,CHC @ CWS,CHC,CWS,7.0,3.0,-140,+110,-140,+115,-145,+110,-145,+115,,,-140,+110,,,,,,,,,-140,+110,,,,,,,,,,,,
2025-05-17,DET @ TOR,DET,TOR,2.0,1.0,-115,-115,-110,-115,-110,-118,-115,-115,,,-110,-118,,,,,,,,,-110,-118,,,,,,,,,,,,
2025-05-17,BAL @ WSH,BAL,WSH,6.0,10.0,-130,EVEN,-150,+125,-155,+118,-155,+125,,,-150,+118,,,,,,,,,-150,+118,,,,,,,,,,,,
2025-05-17,MIA @ TB,MIA,TB,0.0,4.0,EVEN,-130,+105,-130,EVEN,-130,EVEN,-130,,,+105,-135,,,,,,,,,+105,-135,,,,,,,,,,,,
2025-05-18,HOU @ TEX,HOU,TEX,3.0,4.0,-105,-125,EVEN,-125,EVEN,-125,-105,-125,,,EVEN,-125,,,,,,,,,EVEN,-125,,,,,,,,,,,,
2025-05-18,PHI @ PIT,PHI,PIT,1.0,0.0,+110,-140,-105,-120,-105,-125,-105,-125,,,-105,-120,,,,,,,,,-105,-120,,,,,,,,,,,,
2025-05-18,ATL @ BOS,ATL,BOS,4.0,10.0,-115,-115,-118,-110,-120,-110,-120,-110,,,-118,-110,,,,,,,,,-118,-110,,,,,,,,,,,,
2025-05-18,BAL @ WSH,BAL,WSH,4.0,10.0,-115,-115,-120,-102,-125,-110,-120,-110,,,-125,-102,,,,,,,,,-125,-102,,,,,,,,,,,,
2025-05-18,DET @ TOR,DET,TOR,2.0,3.0,-120,-110,-110,-115,-110,-115,-115,-115,,,-110,-115,,,,,,,,,-110,-115,,,,,,,,,,,,
2025-05-19,CIN @ PIT,CIN,PIT,1.0,7.0,+105,-135,+110,-120,+110,-140,+110,-140,,,-105,-120,,,,,,,,,-105,-120,,,,,,,,,,,,
2025-05-19,CHC @ MIA,CHC,MIA,8.0,7.0,-115,-115,-110,-115,-110,-115,-115,-115,,,-110,-115,,,,,,,,,-110,-115,,,,,,,,,,,,
2025-05-19,BOS @ NYM,BOS,NYM,3.0,1.0,-120,-110,-110,-115,-110,-118,-115,-115,,,-110,-118,,,,,,,,,-110,-118,,,,,,,,,,,,
2025-05-19,HOU @ TB,HOU,TB,3.0,4.0,-115,-115,-115,-110,-118,-110,-115,-115,,,-118,-110,,,,,,,,,-118,-110,,,,,,,,,,,,
2025-05-19,BAL @ MIL,BAL,MIL,5.0,4.0,-110,-120,-110,-115,-110,-115,-115,-115,,,-110,-115,,,,,,,,,-110,-115,,,,,,,,,,,,
2025-05-20,CHC @ MIA,CHC,MIA,1.0,14.0,-105,-125,-115,-110,-115,-110,-115,-115,,,-115,-110,,,,,,,,,-115,-110,,,,,,,,,,,,
2025-05-20,CIN @ PIT,CIN,PIT,1.0,0.0,EVEN,-130,+105,-130,EVEN,-130,+105,-135,,,EVEN,-130,,,,,,,,,EVEN,-130,,,,,,,,,,,,
2025-05-20,BOS @ NYM,BOS,NYM,2.0,0.0,-120,-110,-105,-115,-115,-120,-115,-115,,,-105,-120,,,,,,,,,-105,-120,,,,,,,,,,,,
2025-05-20,ATL @ WSH,ATL,WSH,5.0,3.0,EVEN,-130,-105,-115,-110,-125,-105,-125,,,-110,-115,,,,,,,,,-110,-115,,,,,,,,,,,,
2025-05-20,NYY @ TEX,NYY,TEX,5.0,2.0,-135,+105,-115,-110,-118,-110,-115,-115,,,-118,-110,,,,,,,,,-118,-110,,,,,,,,,,,,
2025-05-21,CIN @ PIT,CIN,PIT,3.0,1.0,EVEN,-130,+110,-140,+110,-145,+110,-140,,,+110,-145,,,,,,,,,+110,-145,,,,,,,,,,,,
2025-05-21,HOU @ TB,HOU,TB,8.0,4.0,-115,-115,-105,-120,-110,-120,-110,-120,,,-105,-120,,,,,,,,,-105,-120,,,,,,,,,,,,
2025-05-21,CLE @ MIN,CLE,MIN,6.0,5.0,EVEN,-130,EVEN,-115,-110,-130,EVEN,-130,,,-110,-115,,,,,,,,,-110,-115,,,,,,,,,,,,
2025-05-21,CHC @ MIA,CHC,MIA,1.0,2.0,-115,-115,-110,-115,-110,-115,-115,-115,,,-110,-115,,,,,,,,,-110,-115,,,,,,,,,,,,
2025-05-21,BAL @ MIL,BAL,MIL,4.0,8.0,EVEN,-130,-110,-115,-110,-115,-115,-115,,,-110,-115,,,,,,,,,-110,-115,,,,,,,,,,,,
2025-05-22,NYY @ TEX,NYY,TEX,1.0,0.0,EVEN,-130,+135,-155,+120,-165,+135,-165,,,+120,-155,,,,,,,,,+120,-155,,,,,,,,,,,,
2025-05-22,SD @ TOR,SD,TOR,7.0,6.0,-120,-105,-120,EVEN,-130,EVEN,-130,EVEN,,,-120,-105,,,,,,,,,-120,-105,,,,,,,,,,,,
2025-05-22,COL @ PHI,COL,PHI,0.0,2.0,-140,+110,-155,+130,-160,+120,-160,+130,,,-155,+120,,,,,,,,,-155,+120,,,,,,,,,,,,
2025-05-22,Athletics @ LAA,Athletics,LAA,5.0,10.0,-130,EVEN,-125,+110,-140,+110,-125,-105,,,-140,+110,,,,,,,,,-140,+110,,,,,,,,,,,,
2025-05-22,CLE @ DET,CLE,DET,0.0,7.0,+105,-135,+105,-130,EVEN,-130,+105,-135,,,EVEN,-130,,,,,,,,,EVEN,-130,,,,,,,,,,,,
2025-05-23,BAL @ BOS,BAL,BOS,19.0,5.0,-105,-125,EVEN,EVEN,EVEN,EVEN,EVEN,-130,,,-130,EVEN,,,,,,,,,-130,EVEN,,,,,,,,,,,,
2025-05-23,CHC @ CIN,CHC,CIN,6.0,13.0,+105,-135,+125,-135,+105,-155,+125,-155,,,+105,-135,,,,,,,,,+105,-135,,,,,,,,,,,,
2025-05-23,MIL @ PIT,MIL,PIT,6.0,5.0,+125,-160,+155,-175,+135,-175,+155,-190,,,+135,-175,,,,,,,,,+135,-175,,,,,,,,,,,,
2025-05-23,SF @ WSH,SF,WSH,0.0,4.0,EVEN,-130,+110,-135,+105,-140,+110,-140,,,+105,-135,,,,,,,,,+105,-135,,,,,,,,,,,,
2025-05-23,TB @ TOR,TB,TOR,3.0,1.0,-120,-105,-115,-110,-115,-110,-115,-115,,,-115,-110,,,,,,,,,-115,-110,,,,,,,,,,,,
2025-05-24,BAL @ BOS,BAL,BOS,6.0,5.0,-135,+105,-115,-110,-115,-110,,,,,-115,-110,,,,,,,,,-115,-110,,,,,,,,,,,,
2025-05-24,KC @ MIN,KC,MIN,5.0,4.0,-110,-120,+105,-130,EVEN,-130,EVEN,-130,,,+105,-135,,,,,,,,,+105,-135,,,,,,,,,,,,
2025-05-24,ARI @ STL,ARI,STL,6.0,5.0,-105,-125,+120,-140,+110,-140,+120,-150,,,+110,-140,,,,,,,,,+110,-140,,,,,,,,,,,,
2025-05-24,SF @ WSH,SF,WSH,3.0,0.0,-110,-120,EVEN,-120,EVEN,-130,EVEN,-130,,,-105,-120,,,,,,,,,-105,-120,,,,,,,,,,,,
2025-05-24,MIL @ PIT,MIL,PIT,2.0,1.0,-105,-125,-110,-115,-110,-115,-115,-115,,,-110,-115,,,,,,,,,-110,-115,,,,,,,,,,,,
2025-05-25,CLE @ DET,CLE,DET,5.0,0.0,+110,-140,+125,-150,+115,-155,+125,-155,,,+115,-150,,,,,,,,,+115,-150,,,,,,,,,,,,
2025-05-25,MIL @ PIT,MIL,PIT,5.0,6.0,EVEN,-130,EVEN,-130,EVEN,-130,EVEN,-130,,,EVEN,-130,,,,,,,,,EVEN,-130,,,,,,,,,,,,
2025-05-25,SF @ WSH,SF,WSH,2.0,3.0,EVEN,-130,+110,-135,+105,-140,+105,-135,,,+110,-140,,,,,,,,,+110,-140,,,,,,,,,,,,
2025-05-25,BAL @ BOS,BAL,BOS,1.0,5.0,-120,-110,-115,-110,-120,-110,-120,-110,,,-115,-110,,,,,,,,,-115,-110,,,,,,,,,,,,
2025-05-25,TB @ TOR,TB,TOR,13.0,0.0,-130,EVEN,-115,-110,-120,-110,-120,-110,,,-115,-110,,,,,,,,,-115,-110,,,,,,,,,,,,
2025-05-26,DET @ SF,DET,SF,3.0,1.0,EVEN,-130,-110,-115,-110,-115,-115,-115,,,-110,-115,,,,,,,,,-110,-115,,,,,,,,,,,,
2025-05-26,BOS @ MIL,BOS,MIL,3.0,2.0,+125,-155,+125,-155,+120,-155,+125,-155,,,+120,-155,,,,,,,,,+120,-155,,,,,,,,,,,,
2025-05-26,CHC @ COL,CHC,COL,3.0,1.0,-105,-125,+115,-140,+110,-145,+115,-145,,,+110,-140,,,,,,,,,+110,-140,,,,,,,,,,,,
2025-05-26,BAL @ STL,BAL,STL,5.0,2.0,-125,-105,-115,-110,-118,-110,-115,-115,,,-118,-110,,,,,,,,,-118,-110,,,,,,,,,,,,
2025-05-26,TEX @ TOR,TEX,TOR,1.0,2.0,+130,-160,+145,-155,+120,-180,+145,-180,,,+120,-155,,,,,,,,,+120,-155,,,,,,,,,,,,
2025-05-27,CLE @ LAD,CLE,LAD,5.0,9.0,-115,-115,-110,-115,-110,-115,-115,-115,,,-110,-115,,,,,,,,,-110,-115,,,,,,,,,,,,
2025-05-27,BAL @ STL,BAL,STL,4.0,7.0,-115,-115,-115,-110,-115,-110,-115,-115,,,-115,-110,,,,,,,,,-115,-110,,,,,,,,,,,,
2025-05-27,DET @ SF,DET,SF,3.0,1.0,+130,-160,+120,-145,+110,-150,+120,-150,,,+110,-145,,,,,,,,,+110,-145,,,,,,,,,,,,
2025-05-27,ATL @ PHI,ATL,PHI,2.0,0.0,EVEN,-130,-105,-118,-110,-125,-105,-125,,,-110,-118,,,,,,,,,-110,-118,,,,,,,,,,,,
2025-05-27,MIN @ TB,MIN,TB,2.0,4.0,-115,-115,-102,-115,-115,-125,-115,-115,,,-102,-125,,,,,,,,,-102,-125,,,,,,,,,,,,
2025-05-28,CLE @ LAD,CLE,LAD,7.0,4.0,-120,-110,-110,EVEN,-130,-115,-130,EVEN,,,-110,-115,,,,,,,,,-110,-115,,,,,,,,,,,,
2025-05-28,CWS @ NYM,CWS,NYM,4.0,9.0,-105,-125,EVEN,-120,-110,-130,-110,-120,,,EVEN,-130,,,,,,,,,EVEN,-130,,,,,,,,,,,,
2025-05-28,BOS @ MIL,BOS,MIL,6.0,5.0,+105,-135,+105,-130,EVEN,-130,EVEN,-130,,,+105,-135,,,,,,,,,+105,-135,,,,,,,,,,,,
2025-05-28,DET @ SF,DET,SF,4.0,3.0,-105,-125,EVEN,-125,EVEN,-125,EVEN,-130,,,-102,-125,,,,,,,,,-102,-125,,,,,,,,,,,,
2025-05-28,MIN @ TB,MIN,TB,5.0,0.0,+105,-135,+110,-125,EVEN,-130,EVEN,-130,,,+110,-140,,,,,,,,,-102,-125,,,,,,,,,,,,
2025-05-29,ATL @ PHI,ATL,PHI,5.0,4.0,+110,-140,+120,-130,EVEN,-150,+120,-150,,,EVEN,-130,,,,,,,,,EVEN,-130,,,,,,,,,,,,
2025-05-29,Toronto @ TOR,Toronto,TOR,12.0,0.0,-115,-115,-115,-110,-118,-110,-115,-115,,,-118,-110,,,,,,,,,-118,-110,,,,,,,,,,,,
2025-05-29,HOU @ TB,HOU,TB,3.0,13.0,-110,-120,-110,-115,-110,-118,-115,-115,,,-110,-118,,,,,,,,,-110,-118,,,,,,,,,,,,
2025-05-29,SEA @ WSH,SEA,WSH,3.0,9.0,-110,-120,+105,-125,+105,-135,+105,-135,,,-102,-125,,,,,,,,,-102,-125,,,,,,,,,,,,
2025-05-30,CHC @ CIN,CHC,CIN,2.0,6.0,EVEN,-130,-120,-102,-125,-110,-120,-110,,,-125,-102,,,,,,,,,-125,-102,,,,,,,,,,,,
2025-05-30,BAL @ CWS,BAL,CWS,2.0,1.0,-115,-115,-125,-102,-125,-105,-125,-105,,,-125,-102,,,,,,,,,-125,-102,,,,,,,,,,,,
2025-05-30,MIL @ PHI,MIL,PHI,2.0,6.0,-115,-115,-130,+105,-130,EVEN,-130,EVEN,,,-135,+105,,,,,,,,,-135,+105,,,,,,,,,,,,
2025-05-30,Toronto @ TOR,Toronto,TOR,11.0,7.0,-110,-120,-110,-115,-110,-118,-115,-115,,,-110,-118,,,,,,,,,-110,-118,,,,,,,,,,,,
2025-05-30,COL @ NYM,COL,NYM,4.0,2.0,-110,-120,-110,-115,-110,-115,-115,-115,,,-110,-115,,,,,,,,,-110,-115,,,,,,,,,,,,
2025-05-31,CHC @ CIN,CHC,CIN,2.0,0.0,+115,-145,+115,-140,+110,-140,+110,-140,,,+115,-150,,,,,,,,,+115,-150,,,,,,,,,,,,
2025-05-31,Toronto @ TOR,Toronto,TOR,8.0,7.0,-120,-105,-118,-110,-118,-110,,,,,-118,-110,,,,,,,,,-118,-110,,,,,,,,,,,,
2025-05-31,BAL @ CWS,BAL,CWS,4.0,2.0,-120,-110,-115,-105,-120,-115,-115,-115,,,-120,-105,,,,,,,,,-120,-105,,,,,,,,,,,,
2025-05-31,MIL @ PHI,MIL,PHI,7.0,17.0,-105,-125,+105,-130,EVEN,-130,+105,-135,,,EVEN,-130,,,,,,,,,EVEN,-130,,,,,,,,,,,,
2025-05-31,STL @ TEX,STL,TEX,0.0,2.0,EVEN,-130,-110,-115,-110,-118,-115,-115,,,-110,-118,,,,,,,,,-110,-118,,,,,,,,,,,,
2025-06-01,STL @ TEX,STL,TEX,8.0,1.0,EVEN,-130,+110,-125,EVEN,-130,+110,-140,,,EVEN,-130,,,,,,,,,-102,-125,,,,,,,,,,,,
2025-06-01,MIL @ PHI,MIL,PHI,2.0,5.0,-115,-115,EVEN,-118,-110,-118,EVEN,-130,,,-110,-118,,,,,,,,,-110,-118,,,,,,,,,,,,
2025-06-01,ATL @ BOS,ATL,BOS,1.0,3.0,-110,-120,EVEN,-125,EVEN,-125,-105,-125,,,EVEN,-125,,,,,,,,,EVEN,-125,,,,,,,,,,,,
2025-06-01,BAL @ CWS,BAL,CWS,3.0,2.0,-115,-115,-115,-105,-120,-115,-115,-115,,,-120,-105,,,,,,,,,-120,-105,,,,,,,,,,,,
2025-06-01,Toronto @ TOR,Toronto,TOR,8.0,4.0,-115,-115,-110,-115,-110,-120,-110,-120,,,-110,-115,,,,,,,,,-110,-115,,,,,,,,,,,,
2025-06-02,COL @ MIA,COL,MIA,4.0,6.0,-105,-125,EVEN,-125,EVEN,-125,EVEN,-130,,,-102,-125,,,,,,,,,-102,-125,,,,,,,,,,,,
2025-06-02,CIN @ MIL,CIN,MIL,2.0,3.0,-105,-125,-110,-115,-110,-115,-115,-115,,,-110,-115,,,,,,,,,-110,-115,,,,,,,,,,,,
2025-06-02,BOS @ LAA,BOS,LAA,6.0,7.0,-115,-115,-125,+105,-135,+105,-125,-105,,,-135,+105,,,,,,,,,-135,+105,,,,,,,,,,,,
2025-06-02,CWS @ DET,CWS,DET,1.0,13.0,EVEN,-130,-105,-120,-110,-120,-110,-120,,,-105,-120,,,,,,,,,-105,-120,,,,,,,,,,,,
2025-06-02,SD @ SF,SD,SF,0.0,1.0,+125,-155,+115,-140,+110,-145,+115,-145,,,+110,-140,,,,,,,,,+110,-140,,,,,,,,,,,,
2025-06-03,COL @ MIA,COL,MIA,2.0,3.0,-105,-125,-110,-115,-110,-115,-115,-115,,,-110,-115,,,,,,,,,-110,-115,,,,,,,,,,,,
2025-06-03,HOU @ PIT,HOU,PIT,0.0,3.0,+110,-145,+125,-150,+118,-155,+125,-155,,,+118,-150,,,,,,,,,+118,-150,,,,,,,,,,,,
2025-06-03,CHC @ WSH,CHC,WSH,3.0,8.0,-135,+105,-130,EVEN,-130,EVEN,-130,EVEN,,,-130,EVEN,,,,,,,,,-130,EVEN,,,,,,,,,,,,
2025-06-03,CLE @ NYY,CLE,NYY,3.0,2.0,-105,-120,-102,-120,-110,-125,-110,-120,,,-102,-125,,,,,,,,,-102,-125,,,,,,,,,,,,
2025-06-03,PHI @ TOR,PHI,TOR,3.0,8.0,-110,-120,-110,-115,-110,-115,-115,-115,,,-110,-115,,,,,,,,,-110,-115,,,,,,,,,,,,
2025-06-04,COL @ MIA,COL,MIA,2.0,3.0,EVEN,-130,EVEN,-130,EVEN,-130,EVEN,-130,,,EVEN,-130,,,,,,,,,EVEN,-130,,,,,,,,,,,,
2025-06-04,CIN @ MIL,CIN,MIL,1.0,9.0,-105,-125,-115,-110,-115,-110,-115,-115,,,-115,-110,,,,,,,,,-115,-110,,,,,,,,,,,,
2025-06-04,BOS @ LAA,BOS,LAA,11.0,9.0,-130,EVEN,-140,+115,-145,+110,-145,+115,,,-140,+110,,,,,,,,,-140,+110,,,,,,,,,,,,
2025-06-04,HOU @ PIT,HOU,PIT,3.0,0.0,-115,-115,-120,+105,-135,+105,-135,+105,,,-120,-105,,,,,,,,,-120,-105,,,,,,,,,,,,
2025-06-04,CHC @ WSH,CHC,WSH,2.0,0.0,-115,-115,+105,-135,+105,-135,+105,-135,,,+105,-135,,,,,,,,,+105,-135,,,,,,,,,,,,
2025-06-05,ARI @ ATL,ARI,ATL,10.0,11.0,-115,-115,-125,EVEN,-125,EVEN,-130,EVEN,,,-125,-102,,,,,,,,,-125,-102,,,,,,,,,,,,
2025-06-05,KC @ STL,KC,STL,6.0,5.0,-115,-115,-102,-120,-110,-125,-110,-120,,,-102,-125,,,,,,,,,-102,-125,,,,,,,,,,,,
2025-06-05,CWS @ DET,CWS,DET,3.0,2.0,EVEN,-130,-102,-125,-105,-125,-105,-125,,,-102,-125,,,,,,,,,-102,-125,,,,,,,,,,,,
2025-06-05,PHI @ TOR,PHI,TOR,9.0,1.0,+105,-135,+105,-125,+105,-135,-105,-125,,,+105,-135,,,,,,,,,+105,-135,,,,,,,,,,,,
2025-06-05,Athletics @ MIN,Athletics,MIN,14.0,3.0,-135,+105,-125,+110,-140,+110,-140,+110,,,-125,-102,,,,,,,,,-125,-102,,,,,,,,,,,,
2025-06-06,MIA @ TB,MIA,TB,4.0,3.0,-120,-110,-115,-115,-115,-115,-115,-115,,,,,,,,,,,,,,,,,,,,,,,,,,
2025-06-06,PHI @ PIT,PHI,PIT,5.0,4.0,-120,-110,-115,-115,-115,-115,-115,-115,,,,,,,,,,,,,,,,,,,,,,,,,,
2025-06-06,TEX @ WSH,TEX,WSH,2.0,0.0,-135,+105,-115,-115,-115,-115,-115,-115,,,,,,,,,,,,,,,,,,,,,,,,,,
2025-06-06,BOS @ NYY,BOS,NYY,9.0,6.0,-130,EVEN,-125,-105,-125,-105,-125,-105,,,,,,,,,,,,,,,,,,,,,,,,,,
2025-06-06,CHC @ DET,CHC,DET,3.0,1.0,+115,-145,+145,-180,+145,-180,+145,-180,,,,,,,,,,,,,,,,,,,,,,,,,,
2025-06-07,CHC @ DET,CHC,DET,1.0,6.0,-115,-115,-115,-115,-115,-115,-115,-115,,,,,,,,,,,,,,,,,,,,,,,,,,
2025-06-07,MIN @ TOR,MIN,TOR,4.0,5.0,-110,-120,+105,-135,+105,-135,+105,-135,,,,,,,,,,,,,,,,,,,,,,,,,,
2025-06-07,ARI @ CIN,ARI,CIN,4.0,3.0,-115,-115,-115,-115,-115,-115,-115,-115,,,,,,,,,,,,,,,,,,,,,,,,,,
2025-06-07,LAD @ STL,LAD,STL,2.0,1.0,-115,-115,-105,-125,-105,-125,-105,-125,,,,,,,,,,,,,,,,,,,,,,,,,,
2025-06-07,PHI @ PIT,PHI,PIT,2.0,1.0,-110,-120,-110,-120,-110,-120,-110,-120,,,,,,,,,,,,,,,,,,,,,,,,,,
2025-06-08,MIA @ TB,MIA,TB,3.0,2.0,-115,-115,-115,-115,-115,-115,-115,-115,,,,,,,,,,,,,,,,,,,,,,,,,,
2025-06-08,MIL @ SD,MIL,SD,0.0,1.0,-110,-120,-115,-115,-115,-115,-115,-115,,,,,,,,,,,,,,,,,,,,,,,,,,
2025-06-08,TEX @ WSH,TEX,WSH,2.0,4.0,-120,-110,-115,-115,-115,-115,-115,-115,,,,,,,,,,,,,,,,,,,,,,,,,,
2025-06-08,PHI @ PIT,PHI,PIT,2.0,1.0,+140,-170,+150,-185,+150,-185,+150,-185,,,,,,,,,,,,,,,,,,,,,,,,,,
2025-06-08,ARI @ CIN,ARI,CIN,4.0,2.0,-115,-115,-130,EVEN,-130,EVEN,-130,EVEN,,,,,,,,,,,,,,,,,,,,,,,,,,
2025-06-09,MIA @ PIT,MIA,PIT,10.0,3.0,EVEN,-130,-105,-125,-105,-125,-105,-125,,,,,,,,,,,,,,,,,,,,,,,,,,
2025-06-09,CIN @ CLE,CIN,CLE,4.0,7.0,-115,-115,-115,-115,-115,-115,-115,-115,,,,,,,,,,,,,,,,,,,,,,,,,,
2025-06-09,CHC @ PHI,CHC,PHI,4.0,3.0,EVEN,-130,+110,-140,+110,-140,+110,-140,,,,,,,,,,,,,,,,,,,,,,,,,,
2025-06-09,BOS @ TB,BOS,TB,8.0,10.0,-115,-115,-105,-125,-105,-125,-105,-125,,,,,,,,,,,,,,,,,,,,,,,,,,
2025-06-09,ATL @ MIL,ATL,MIL,1.0,7.0,+115,-145,+115,-145,+115,-145,+115,-145,,,,,,,,,,,,,,,,,,,,,,,,,,
2025-06-16,Athletics @ HOU,Athletics,HOU,3.0,1.0,-130,EVEN,-125,EVEN,-125,EVEN,,,,,-125,EVEN,,,,,,,,,-125,EVEN,,,,,,,,,,,,
2025-06-17,MIA @ PHI,MIA,PHI,8.0,3.0,+105,-135,-105,-115,-110,-125,-105,-125,,,-110,-115,,,,,,,,,-110,-115,,,,,,,,,,,,
2025-06-17,DET @ PIT,DET,PIT,7.0,3.0,-110,-120,-105,-120,-110,-120,-110,-120,,,-105,-120,,,,,,,,,-105,-120,,,,,,,,,,,,
2025-06-17,COL @ WSH,COL,WSH,6.0,10.0,-125,-105,-125,EVEN,-125,EVEN,-125,-105,,,-130,EVEN,,,,,,,,,-130,EVEN,,,,,,,,,,,,
2025-06-17,LAA @ NYY,LAA,NYY,0.0,4.0,-130,EVEN,-130,EVEN,-130,EVEN,-130,EVEN,,,-130,EVEN,,,,,,,,,-130,EVEN,,,,,,,,,,,,
2025-06-17,ARI @ TOR,ARI,TOR,5.0,4.0,-105,-125,-115,-110,-120,-110,-115,-115,,,-120,-110,,,,,,,,,-120,-110,,,,,,,,,,,,
2025-06-18,BOS @ SEA,BOS,SEA,1.0,3.0,+125,-160,+160,-175,+135,-200,+160,-200,,,+135,-175,,,,,,,,,+135,-175,,,,,,,,,,,,
2025-06-18,MIA @ PHI,MIA,PHI,2.0,4.0,-102,-125,-110,-115,-110,-120,-110,-120,,,-110,-115,,,,,,,,,-110,-115,,,,,,,,,,,,
2025-06-18,COL @ WSH,COL,WSH,1.0,3.0,-125,-102,-125,-102,-125,-105,-125,-105,,,-125,-102,,,,,,,,,-125,-102,,,,,,,,,,,,
2025-06-18,LAA @ NYY,LAA,NYY,2.0,3.0,-140,+110,-140,+110,-140,+110,-140,+110,,,-140,+110,,,,,,,,,-140,+110,,,,,,,,,,,,
2025-06-18,ARI @ TOR,ARI,TOR,8.0,1.0,-118,-110,-115,-105,-125,-110,-125,-105,,,-115,-110,,,,,,,,,-115,-110,,,,,,,,,,,,
2025-06-19,CIN @ MIN,CIN,MIN,5.0,12.0,-115,-115,-130,EVEN,-130,EVEN,-130,EVEN,,,-130,EVEN,,,,,,,,,-130,EVEN,,,,,,,,,,,,
2025-06-19,COL @ WSH,COL,WSH,4.0,3.0,-125,-105,-135,+110,-140,+105,-140,+110,,,-135,+105,,,,,,,,,-135,+105,,,,,,,,,,,,
2025-06-19,LAA @ NYY,LAA,NYY,7.0,3.0,-125,-105,-145,+115,-145,+110,-145,+115,,,-145,+110,,,,,,,,,-145,+110,,,,,,,,,,,,
2025-06-19,DET @ PIT,DET,PIT,9.0,2.0,+110,-145,+115,-150,+115,-150,,,,,+115,-150,,,,,,,,,+115,-150,,,,,,,,,,,,
2025-06-19,CWS @ STL,CWS,STL,4.0,5.0,EVEN,-130,-120,-105,-120,-105,,,,,-120,-105,,,,,,,,,-120,-105,,,,,,,,,,,,
2025-06-20,CHC @ SEA,CHC,SEA,4.0,9.0,-130,EVEN,-130,+108,-130,EVEN,-130,EVEN,,,-130,EVEN,-138,+108,,,,,,,-130,EVEN,,,,,,,,,,,,
2025-06-20,PIT @ TEX,PIT,TEX,2.0,6.0,-105,-125,+122,-150,+120,-155,+120,-150,,,+120,-155,+122,-156,,,,,,,+118,-150,,,,,,,,,,,,
2025-06-20,DET @ TB,DET,TB,14.0,8.0,-115,-115,+265,-125,EVEN,-130,EVEN,-130,,,EVEN,-125,+265,-355,,,,,,,EVEN,-125,,,,,,,,,,,,
2025-06-20,BAL @ NYY,BAL,NYY,3.0,5.0,-125,-105,+210,-105,-115,-115,-115,-115,,,-120,-105,+210,-265,,,,,,,-120,-105,,,,,,,,,,,,
2025-06-20,CWS @ TOR,CWS,TOR,1.0,7.0,-115,-115,+235,-105,-115,-110,-125,-105,,,-115,-110,+235,-300,,,,,,,-115,-110,,,,,,,,,,,,
2025-06-21,DET @ TB,DET,TB,8.0,3.0,-104,-122,-105,-113,-105,-125,-115,-115,,,-105,-125,-113,-113,,,,,,,-105,-125,,,,,,,,,,,,
2025-06-21,BAL @ NYY,BAL,NYY,9.0,0.0,+220,-104,+210,+106,-120,-105,-130,EVEN,,,-120,-105,+210,+106,,,,,,,-120,-105,,,,,,,,,,,,
2025-06-21,MIL @ MIN,MIL,MIN,0.0,9.0,+220,-280,+186,+125,-150,+115,-155,+125,,,-150,+115,+186,-235,,,,,,,-150,+115,,,,,,,,,,,,
2025-06-21,CIN @ STL,CIN,STL,6.0,5.0,-115,-115,-111,-110,-115,-115,-115,-115,,,-118,-110,-111,-115,,,,,,,-118,-110,,,,,,,,,,,,
2025-06-21,CHC @ SEA,CHC,SEA,10.0,7.0,+154,-192,+130,+160,-190,+145,-200,+160,,,-190,+145,+130,-160,,,,,,,-190,+145,,,,,,,,,,,,
2025-06-22,BAL @ NYY,BAL,NYY,4.0,2.0,+184,-230,+186,+140,-145,+110,-170,+140,,,-145,+110,+186,-235,,,,,,,-145,+110,,,,,,,,,,,,
2025-06-22,DET @ TB,DET,TB,3.0,9.0,-113,-113,+102,-115,+102,-130,-115,-115,,,-105,-120,+102,-130,,,,,,,-105,-120,,,,,,,,,,,,
2025-06-22,PIT @ TEX,PIT,TEX,8.0,3.0,-130,+102,-125,+104,-130,EVEN,-130,EVEN,,,-125,EVEN,-132,+104,,,,,,,-125,EVEN,,,,,,,,,,,,
2025-06-22,CWS @ TOR,CWS,TOR,2.0,4.0,+240,-310,-106,-110,-106,-120,-110,-120,,,-115,-110,-106,-325,,,,,,,-115,-110,,,,,,,,,,,,
2025-06-22,ATL @ MIA,ATL,MIA,5.0,3.0,-113,-113,-105,-113,-105,-120,-105,-125,,,-105,-120,-113,-113,,,,,,,-105,-120,,,,,,,,,,,,
2025-06-23,BAL @ TEX,BAL,TEX,6.0,0.0,+186,-235,-125,+108,-130,EVEN,-125,-105,-130,EVEN,-130,EVEN,-128,EVEN,-130,EVEN,-137,+108,-137,+108,-130,EVEN,,,,,,,,,,,,
2025-06-23,CIN @ NYY,CIN,NYY,6.0,1.0,+198,-250,-130,+115,-130,+105,-130,EVEN,-140,+105,-135,+105,-132,+104,-135,+105,-148,+115,-148,+115,-135,+105,,,,,,,,,,,,
2025-06-23,ATL @ NYM,ATL,NYM,2.0,3.0,+225,-111,-110,+106,-120,-110,-120,-110,-125,-105,-110,-118,-120,-106,-130,EVEN,-150,+106,-150,+106,-110,-118,,,,,,,,,,,,
2025-06-23,ARI @ CWS,ARI,CWS,0.0,10.0,EVEN,-128,-109,-102,-111,-115,-115,-115,-120,-110,-125,-102,-111,-115,-120,-110,-109,-115,-109,-115,-125,-102,,,,,,,,,,,,
2025-06-23,MIL @ PIT,MIL,PIT,4.0,5.0,-115,-115,-110,-108,-120,-115,-115,-115,-120,-110,-110,-115,-120,-108,-115,-115,-120,-113,-120,-113,-110,-115,,,,,,,,,,,,
2025-06-24,BAL @ TEX,BAL,TEX,5.0,6.0,-136,+106,-120,+105,-125,-105,-125,-105,-125,-105,-120,-105,-120,-106,-135,+105,-134,+105,-134,+105,-120,-105,,,,,,,,,,,,
2025-06-24,CLE @ TOR,CLE,TOR,6.0,10.0,-120,-106,-120,+108,-125,-105,-135,+105,-125,-105,-120,-105,-130,+102,-125,-105,-137,+108,-137,+108,-120,-105,,,,,,,,,,,,
2025-06-24,Detroit @ DET,Detroit,DET,11.0,4.0,+126,-162,+124,-135,+110,-145,+105,-135,+110,-145,+110,-140,+124,-160,+120,-160,+112,-143,+112,-143,+110,-140,,,,,,,,,,,,
2025-06-24,ATL @ NYM,ATL,NYM,4.0,7.0,-115,-113,-120,+110,-136,+110,-142,+110,-145,+110,-120,-105,-136,+106,-120,-110,-148,-104,-148,-104,-120,-105,,,,,,,,,,,,
2025-06-24,CIN @ NYY,CIN,NYY,5.0,4.0,-111,-115,-115,EVEN,-125,-106,-131,EVEN,-115,-115,-125,-102,-120,-106,-115,-115,-127,-108,-127,-108,-125,-102,,,,,,,,,,,,
2025-06-25,ARI @ CWS,ARI,CWS,7.0,3.0,-113,-113,EVEN,-120,-110,-120,-110,-120,-110,-120,-105,-120,-102,-125,EVEN,-130,-106,-121,-106,-121,-105,-120,,,,,,,,,,,,
2025-06-25,MIL @ PIT,MIL,PIT,4.0,2.0,+134,-172,+172,-200,+165,-225,+165,-210,+170,-225,+154,-200,+172,-225,+170,-235,+148,-215,+148,-215,+154,-200,,,,,,,,,,,,
2025-06-25,BOS @ LAA,BOS,LAA,5.0,2.0,-106,-120,-112,-110,-115,-110,-115,-115,-115,-110,-115,-110,-115,-111,-120,-110,-112,-114,-112,-114,-115,-110,,,,,,,,,,,,
2025-06-25,SD @ WSH,SD,WSH,1.0,0.0,+108,-138,+125,-136,+118,-146,+125,-155,+110,-140,+118,-150,+114,-146,+110,-140,+107,-136,+107,-136,+118,-150,,,,,,,,,,,,
2025-06-25,BAL @ TEX,BAL,TEX,0.0,7.0,-113,-113,EVEN,-125,EVEN,-125,EVEN,-130,-105,-125,EVEN,-125,EVEN,-128,-105,-125,EVEN,-129,EVEN,-129,EVEN,-125,,,,,,,,,,,,
2025-06-26,CLE @ TOR,CLE,TOR,0.0,6.0,-104,-122,+110,-129,+105,-130,+110,-140,+105,-140,EVEN,-130,+102,-130,+105,-135,EVEN,-129,EVEN,-129,EVEN,-130,,,,,,,,,,,,
2025-06-26,Detroit @ DET,Detroit,DET,8.0,0.0,-125,-105,-106,-105,-110,-105,-125,-105,-120,-105,-110,-115,-106,-120,-110,-120,-125,-113,-125,-113,-110,-115,,,,,,,,,,,,
2025-06-26,MIN @ SEA,MIN,SEA,10.0,1.0,-120,-106,-113,EVEN,-120,-110,-130,EVEN,-120,-110,-118,-110,-113,-113,-125,-105,-127,-108,-127,-108,-118,-110,,,,,,,,,,,,
2025-06-26,HOU @ PHI,HOU,PHI,2.0,1.0,+124,-158,+125,-140,+120,-155,+125,-155,+120,-155,+115,-150,+122,-156,+120,-160,+120,-167,+120,-167,+115,-150,,,,,,,,,,,,
2025-06-26,KC @ TB,KC,TB,0.0,4.0,-128,EVEN,-130,+115,-140,+105,-145,+115,-140,+105,-135,+105,-132,+104,-130,EVEN,-150,+112,-150,+112,-135,+105,,,,,,,,,,,,
2025-06-27,NYM @ PIT,NYM,PIT,9.0,1.0,EVEN,-128,+102,-115,-110,-130,-115,-115,EVEN,-130,-110,-118,+102,-130,-105,-125,-115,-118,-115,-118,-110,-118,,,,,,,,,,,,
2025-06-27,New York @ NYY,New York,NYY,3.0,0.0,-115,-111,EVEN,-110,-110,-118,-120,-110,-115,-115,-110,-118,EVEN,-128,-105,-125,-122,-113,-122,-113,-110,-118,,,,,,,,,,,,
2025-06-27,BAL @ TB,BAL,TB,22.0,8.0,-113,-113,-110,-111,-110,-115,-115,-115,-110,-115,-110,-118,-115,-111,-115,-115,-121,-112,-121,-112,-110,-118,,,,,,,,,,,,
2025-06-27,CLE @ STL,CLE,STL,0.0,5.0,-102,-125,-110,-115,-115,-115,-115,-115,-115,-115,-110,-115,-111,-115,-110,-120,-110,-115,-110,-115,-110,-115,,,,,,,,,,,,
2025-06-27,DET @ MIN,DET,MIN,1.0,4.0,-115,-115,-114,-110,-115,-110,-120,-110,-115,-115,-115,-110,-115,-111,-115,-115,-114,-112,-114,-112,-115,-110,,,,,,,,,,,,
2025-06-28,New York @ NYY,New York,NYY,0.0,7.0,-130,+102,-125,+115,-142,+110,-140,+110,-150,+115,-135,+105,-142,+112,-125,-105,-150,+110,-150,+110,-135,+105,,,,,,,,,,,,
2025-06-28,DET @ MIN,DET,MIN,10.0,5.0,-104,-122,-106,EVEN,-120,-105,-130,EVEN,-125,-105,-120,-105,-106,-120,-120,-110,-124,-104,-124,-104,-120,-105,,,,,,,,,,,,
2025-06-28,NYM @ PIT,NYM,PIT,9.0,2.0,-115,-111,-130,+110,-130,EVEN,-140,+110,-130,EVEN,-130,EVEN,-136,+106,-130,EVEN,-134,+105,-134,+105,-130,EVEN,,,,,,,,,,,,
2025-06-28,BAL @ TB,BAL,TB,3.0,11.0,-130,+102,-130,+110,-130,+110,-140,+110,-130,EVEN,-140,+110,-130,+102,-135,+105,-139,+108,-139,+108,-140,+110,,,,,,,,,,,,
2025-06-28,SEA @ TEX,SEA,TEX,3.0,2.0,-106,-120,+110,-122,+110,-140,+110,-140,+105,-135,EVEN,-130,+110,-140,+105,-135,-110,-122,-107,-127,EVEN,-130,,,,,,,,,,,,
2025-06-29,CLE @ STL,CLE,STL,0.0,7.0,-102,-128,-105,-115,-110,-115,-115,-115,-110,-115,-105,-120,-108,-115,-110,-120,-115,-120,-114,-121,-105,-120,,,,,,,,,,,,
2025-06-29,NYM @ PIT,NYM,PIT,12.0,1.0,-120,-106,-120,EVEN,-125,-102,-125,-105,-130,EVEN,-125,-102,-122,-104,-120,-110,-137,-103,-137,-103,-125,-102,,,,,,,,,,,,
2025-06-29,ATL @ PHI,ATL,PHI,1.0,2.0,+105,-135,+110,-135,+105,-135,+105,-135,+105,-135,+110,-145,+108,-138,+105,-135,+102,-150,+102,-150,+110,-145,,,,,,,,,,,,
2025-06-29,BAL @ TB,BAL,TB,5.0,1.0,-130,EVEN,-125,+105,-130,EVEN,-135,+105,-130,EVEN,-130,EVEN,-130,+102,-125,-105,-132,-106,-132,-106,-130,EVEN,,,,,,,,,,,,
2025-06-29,New York @ NYY,New York,NYY,12.0,5.0,-135,+105,-150,+135,-165,+130,-165,+135,-170,+130,-165,+130,-154,+120,-160,+120,-167,+130,-167,+130,-165,+130,,,,,,,,,,,,
2025-06-30,PHI @ SD,PHI,SD,4.0,0.0,-115,-111,-102,+102,-120,-110,-120,-110,-120,-110,-102,-125,-122,-104,-120,-110,-139,+102,-139,+102,-105,-120,,,,,,,,,,,,
2025-06-30,PIT @ STL,PIT,STL,7.0,0.0,+102,-130,-110,-108,-115,-115,-115,-115,-115,-115,-115,-110,-118,-108,-110,-120,-117,-118,-117,-118,-115,-110,,,,,,,,,,,,
2025-06-30,NYY @ TOR,NYY,TOR,5.0,4.0,-102,-125,-105,-104,-115,-115,-115,-115,-115,-110,-110,-118,-106,-120,-110,-120,-132,-104,-132,-104,-110,-118,,,,,,,,,,,,
2025-06-30,BOS @ CIN,BOS,CIN,13.0,6.0,+122,-156,+125,-140,+125,-155,+125,-155,+125,-170,+120,-155,+114,-146,+115,-150,+115,-152,+115,-152,+120,-155,,,,,,,,,,,,
2025-06-30,Tampa Bay @ TB,Tampa Bay,TB,4.0,6.0,+102,-130,+105,-125,EVEN,-130,-105,-125,EVEN,-130,+105,-135,EVEN,-128,,,+105,-134,+105,-134,+105,-135,,,,,,,,,,,,
2025-07-01,NYY @ TOR,NYY,TOR,12.0,5.0,-105,-125,+125,-122,+115,-130,+125,-155,EVEN,-130,+115,-150,+102,-130,+115,-150,-104,-122,-104,-122,+115,-150,,,,,,,,,,,,
2025-07-01,MIA @ MIN,MIA,MIN,2.0,0.0,EVEN,-130,+125,-135,+110,-140,+125,-155,+110,-140,+105,-135,+108,-138,+115,-150,+112,-141,+112,-141,+105,-135,,,,,,,,,,,,
2025-07-01,PIT @ STL,PIT,STL,1.0,0.0,+120,-160,+135,-155,+120,-155,+135,-165,+120,-155,+120,-155,+126,-162,+120,-155,+115,-165,+115,-165,+120,-155,,,,,,,,,,,,
2025-07-01,Tampa Bay @ TB,Tampa Bay,TB,3.0,4.0,-110,-120,-108,EVEN,-118,-110,-115,-115,-130,EVEN,-118,-110,-108,-118,-115,-115,-115,-110,-115,-110,-118,-110,,,,,,,,,,,,
2025-07-01,ATL @ LAA,ATL,LAA,0.0,4.0,-130,EVEN,-125,+112,-130,EVEN,-135,+105,-130,EVEN,-125,EVEN,-138,+108,,,-141,+112,-141,+112,-125,EVEN,,,,,,,,,,,,
2025-07-02,Tampa Bay @ TB,Tampa Bay,TB,6.0,5.0,-130,EVEN,-105,-105,-110,-115,-125,-105,-105,-125,-110,-115,,,-115,-115,-113,-113,-113,-113,-110,-115,,,,,,,,,,,,
2025-07-02,PIT @ STL,PIT,STL,5.0,0.0,+105,-140,+120,-135,+110,-145,+120,-150,+110,-145,+105,-135,,,+110,-140,+108,-137,+108,-137,+105,-135,,,,,,,,,,,,
2025-07-02,PHI @ SD,PHI,SD,4.0,6.0,-115,-115,-120,+104,-125,-105,,,-125,-105,-120,-105,,,-125,-105,-132,+104,-132,+104,-120,-105,,,,,,,,,,,,
2025-07-02,DET @ WSH,DET,WSH,2.0,11.0,-115,-115,-107,-106,-115,-115,-115,-115,-115,-115,-115,-110,-120,-106,-115,-115,-107,-120,-107,-120,-115,-110,,,,,,,,,,,,
2025-07-02,MIL @ NYM,MIL,NYM,2.0,7.0,-110,-120,EVEN,-118,-102,-125,EVEN,-130,-105,-120,-102,-125,-104,-122,-110,-120,-114,-118,-114,-118,-102,-125,,,,,,,,,,,,
2025-07-03,MIA @ MIN,MIA,MIN,4.0,1.0,-105,-125,+105,-120,EVEN,-125,EVEN,-130,-105,-125,-105,-120,EVEN,-128,+105,-135,-107,-124,-107,-124,-105,-120,,,,,,,,,,,,
2025-07-03,COL @ HOU,COL,HOU,7.0,6.0,-140,+110,-150,+130,-160,+120,-160,+130,-160,+120,-160,+125,-154,+120,-160,+120,-150,+117,-150,+117,-160,+125,,,,,,,,,,,,
2025-07-03,DET @ WSH,DET,WSH,11.0,7.0,-120,-110,-120,+105,-120,EVEN,-135,+105,-130,EVEN,-120,-105,-120,-106,,,-132,-103,-132,-103,-120,-105,,,,,,,,,,,,
2025-07-03,NYY @ TOR,NYY,TOR,8.0,5.0,-110,-115,-102,-113,-108,-120,-115,-115,-110,-120,-102,-125,-108,-118,-115,-115,-113,-113,-113,-113,-102,-125,,,,,,,,,,,,
2025-07-03,MIL @ NYM,MIL,NYM,3.0,2.0,-110,-120,EVEN,-113,-110,-115,-115,-115,EVEN,-130,-110,-115,-104,-122,-110,-120,-118,-113,-118,-113,-110,-115,,,,,,,,,,,,
2025-07-04,BOS @ WSH,BOS,WSH,2.0,11.0,-115,-111,EVEN,-115,EVEN,-130,-115,-115,EVEN,-130,EVEN,-130,-102,-125,EVEN,-130,-104,-136,-104,-136,EVEN,-130,,,,,,,,,,,,
2025-07-04,CIN @ PHI,CIN,PHI,6.0,9.0,EVEN,-128,+110,-120,+110,-136,-110,-120,+110,-140,+110,-145,+108,-136,+105,-135,EVEN,-134,EVEN,-134,+110,-145,,,,,,,,,,,,
2025-07-04,CHC @ STL,CHC,STL,11.0,3.0,-130,+102,-130,+114,-140,+105,-140,+110,-135,+105,-130,EVEN,-146,+114,-135,+105,-141,+105,-141,+105,-130,EVEN,,,,,,,,,,,,
2025-07-04,NYM @ NYY,NYM,NYY,6.0,5.0,-120,-106,-135,+120,-150,+115,-150,+120,-150,+115,-140,+110,-148,+116,-135,+105,-152,+108,-152,+108,-140,+110,,,,,,,,,,,,
2025-07-04,MIN @ TB,MIN,TB,4.0,3.0,-136,+106,-130,+123,-140,+110,-130,EVEN,-150,+115,-140,+110,-146,+114,-135,+105,-162,+123,-162,+123,-140,+110,,,,,,,,,,,,
2025-07-05,MIN @ TB,MIN,TB,6.0,5.0,-125,-105,-130,+105,-130,+105,-135,+105,-130,EVEN,-135,+105,-130,+102,-135,+105,-130,-107,-130,-107,-135,+105,,,,,,,,,,,,
2025-07-05,CHC @ STL,CHC,STL,6.0,8.0,-136,+106,-130,+140,-148,+120,-170,+140,-130,EVEN,-155,+120,-148,+116,-140,+110,-177,+125,-177,+125,-155,+120,,,,,,,,,,,,
2025-07-05,LAA @ TOR,LAA,TOR,4.0,3.0,-128,EVEN,-125,+108,-130,EVEN,-125,-105,-135,EVEN,-130,EVEN,-136,+108,,,-139,+108,-139,+108,-130,EVEN,,,,,,,,,,,,
2025-07-05,BOS @ WSH,BOS,WSH,3.0,10.0,-136,+106,-118,+110,-125,+105,-140,+110,-125,-105,-135,+105,-118,-108,-130,EVEN,-124,-103,-124,-103,-135,+105,,,,,,,,,,,,
2025-07-05,CIN @ PHI,CIN,PHI,5.0,1.0,-106,-120,-108,-108,-110,-115,-120,-110,-110,-115,-110,-115,-108,-118,-110,-120,-125,-108,-125,-108,-110,-115,,,,,,,,,,,,
2025-07-06,ATL @ BAL,ATL,BAL,1.0,2.0,-115,-111,+102,-105,-110,-115,-115,-115,-120,-105,-110,-118,+102,-130,-115,-115,-117,-114,-117,-114,-110,-118,,,,,,,,,,,,
2025-07-06,BOS @ WSH,BOS,WSH,4.0,6.0,+105,-135,+115,-130,+105,-140,EVEN,-130,+115,-150,+105,-135,+110,-140,EVEN,-130,+105,-148,+105,-148,+105,-135,,,,,,,,,,,,
2025-07-06,CIN @ PHI,CIN,PHI,3.0,1.0,-104,-122,-108,-110,-115,-115,-115,-115,-115,-110,-110,-115,-108,-118,-115,-115,-120,-115,-120,-115,-110,-115,,,,,,,,,,,,
2025-07-06,LAA @ TOR,LAA,TOR,3.0,2.0,-120,-108,-120,+108,-120,-110,-120,-110,-120,-110,-120,-105,-125,-102,-120,-110,-137,+108,-137,+108,-120,-105,,,,,,,,,,,,
2025-07-06,MIA @ MIL,MIA,MIL,1.0,3.0,+104,-132,+120,-130,+110,-145,+120,-150,+110,-145,+110,-145,+102,-130,+110,-140,-103,-143,-103,-143,+110,-145,,,,,,,,,,,,
2025-07-07,DET @ TB,DET,TB,5.0,1.0,-115,-115,-103,-115,-105,-115,-105,-125,-115,-115,-105,-120,-111,-115,-110,-120,-103,-125,-103,-125,-105,-120,,,,,,,,,,,,
2025-07-07,BOS @ COL,BOS,COL,9.0,3.0,-125,-102,-115,+105,-120,-105,-120,-110,-130,EVEN,-120,-105,-125,-102,-135,+105,-115,-110,-115,-110,-120,-105,,,,,,,,,,,,
2025-07-07,CIN @ MIA,CIN,MIA,1.0,5.0,-106,-120,-105,-115,-110,-120,-110,-120,-110,-120,-105,-120,-106,-120,,,-109,-117,-109,-117,-105,-120,,,,,,,,,,,,
2025-07-07,LAD @ MIL,LAD,MIL,9.0,1.0,+110,-140,+110,-121,EVEN,-130,+105,-135,EVEN,-130,EVEN,-130,+110,-140,EVEN,-130,-106,-121,-106,-121,EVEN,-130,,,,,,,,,,,,
2025-07-07,CWS @ TOR,CWS,TOR,4.0,8.0,-102,-125,-102,-120,-105,-125,-105,-125,-105,-120,-105,-120,-102,-125,-105,-125,-105,-122,-105,-122,-105,-120,,,,,,,,,,,,
2025-07-08,BAL @ NYM,BAL,NYM,6.0,7.0,-125,-102,-130,+114,-135,+105,-140,+110,-135,+105,-135,+105,-130,+102,-135,+105,-155,+114,-155,+114,-135,+105,,,,,,,,,,,,
2025-07-08,DET @ TB,DET,TB,4.0,2.0,+108,-138,+102,-125,-105,-125,-105,-125,-105,-125,EVEN,-130,+102,-130,EVEN,-130,EVEN,-125,EVEN,-125,EVEN,-130,,,,,,,,,,,,
2025-07-08,NYY @ SEA,NYY,SEA,10.0,3.0,-120,-106,-105,-106,-105,-120,-110,-120,-105,-125,-105,-120,-120,-106,,,-112,-114,-112,-114,-105,-120,,,,,,,,,,,,
2025-07-08,CIN @ MIA,CIN,MIA,2.0,12.0,EVEN,-128,EVEN,-115,-110,-120,-110,-120,-110,-120,-105,-120,EVEN,-128,-110,-120,-107,-120,-107,-120,-105,-120,,,,,,,,,,,,
2025-07-08,BOS @ COL,BOS,COL,10.0,2.0,-115,-111,-105,-105,-110,-120,-110,-120,-110,-120,-105,-120,-115,-111,-120,-110,-108,-118,-108,-118,-105,-120,,,,,,,,,,,,
2025-07-09,LAD @ MIL,LAD,MIL,3.0,2.0,-110,-115,-102,-115,-102,-125,-115,-115,-110,-120,-102,-125,-102,-125,-110,-120,-112,-124,-112,-124,-102,-125,,,,,,,,,,,,
2025-07-09,CWS @ TOR,CWS,TOR,2.0,1.0,-105,-125,+105,-121,+102,-125,+105,-135,-105,-125,-102,-125,+102,-130,,,-112,-121,-112,-121,-102,-125,,,,,,,,,,,,
2025-07-09,PHI @ SF,PHI,SF,0.0,13.0,-110,-120,+102,-115,-105,-130,-115,-115,EVEN,-130,-105,-120,+102,-130,,,-104,-124,-104,-124,-105,-120,,,,,,,,,,,,
2025-07-09,DET @ TB,DET,TB,3.0,7.0,EVEN,-135,+105,-130,EVEN,-130,EVEN,-130,EVEN,-130,+105,-135,+102,-130,,,+104,-130,+104,-130,+105,-135,,,,,,,,,,,,
2025-07-09,NYY @ SEA,NYY,SEA,9.0,6.0,-138,+108,-130,+114,-140,+110,-140,+110,-140,+110,-145,+110,-138,+108,-130,EVEN,-143,+114,-143,+114,-145,+110,,,,,,,,,,,,
2025-07-10,BAL @ NYM,BAL,NYM,3.0,1.0,-125,-105,-120,+110,-145,+110,,,-125,-105,-145,+110,,,-125,-105,-120,-107,-120,-107,-145,+110,,,,,,,,,,,,
2025-07-10,CHC @ MIN,CHC,MIN,1.0,8.0,-130,EVEN,-125,+112,-130,EVEN,-125,-105,-130,EVEN,-130,EVEN,,,,,-141,+112,-141,+112,-130,EVEN,,,,,,,,,,,,
2025-07-10,CIN @ MIA,CIN,MIA,6.0,0.0,-115,-115,-115,-105,-115,-115,-115,-115,-115,-115,-118,-110,,,,,-117,-109,-117,-109,-118,-110,,,,,,,,,,,,
2025-07-10,NYY @ SEA,NYY,SEA,6.0,5.0,-115,-110,-115,-103,-118,-110,-125,-105,-115,-110,-118,-110,,,,,-124,-103,-124,-103,-118,-110,,,,,,,,,,,,
2025-07-11,CWS @ CLE,CWS,CLE,2.0,4.0,-105,-125,-110,-107,-115,-115,-115,-115,-115,-110,-110,-115,,,-115,-115,-120,-107,-120,-107,-110,-115,,,,,,,,,,,,
2025-07-11,CHC @ NYY,CHC,NYY,11.0,0.0,-125,-105,-125,+120,-130,EVEN,-150,+120,-125,-105,-130,EVEN,,,-125,-105,-136,+105,-136,+105,-130,EVEN,,,,,,,,,,,,
2025-07-11,BAL @ MIA,BAL,MIA,5.0,2.0,-115,-110,-115,-105,-120,-105,-125,-105,-115,-110,-120,-105,,,-125,-105,-120,-107,-120,-107,-120,-105,,,,,,,,,,,,
2025-07-11,DET @ SEA,DET,SEA,3.0,12.0,+135,-175,+135,-160,+130,-160,+130,-160,+135,-175,+125,-160,,,+125,-165,+128,-162,+128,-162,+125,-160,,,,,,,,,,,,
2025-07-11,BOS @ TB,BOS,TB,5.0,4.0,-110,-115,-105,-105,-110,-115,-125,-105,-110,-115,-105,-120,,,,,-112,-114,-112,-114,-105,-120,,,,,,,,,,,,
2025-07-12,CHC @ NYY,CHC,NYY,2.0,5.0,-120,-110,-105,-110,-120,-110,-115,-115,-120,-110,-120,-110,,,-105,-125,-108,-118,-108,-118,-120,-110,,,,,,,,,,,,
2025-07-12,DET @ SEA,DET,SEA,7.0,15.0,+105,-140,+110,-130,+110,-145,EVEN,-130,+110,-145,+110,-145,,,,,-103,-148,-103,-148,+110,-145,,,,,,,,,,,,
2025-07-12,MIN @ PIT,MIN,PIT,12.0,4.0,-125,-105,-120,+105,-120,-110,-120,-110,-120,-110,-125,EVEN,,,-135,+105,-121,-106,-121,-106,-125,EVEN,,,,,,,,,,,,
2025-07-12,ATL @ STL,ATL,STL,6.0,7.0,-130,EVEN,-125,+120,-130,EVEN,-150,+120,-130,EVEN,-125,-102,,,-135,+105,-127,EVEN,-127,EVEN,-125,-102,,,,,,,,,,,,
2025-07-12,BAL @ MIA,BAL,MIA,0.0,6.0,-110,-115,-110,-105,-110,-115,-125,-105,-110,-115,-110,-115,,,-125,-105,-120,-107,-120,-107,-110,-115,,,,,,,,,,,,
2025-07-13,CHC @ NYY,CHC,NYY,1.0,4.0,-135,+105,-115,+110,-135,+105,-140,+110,-135,+105,-118,-110,,,,,-132,-106,-132,-106,-118,-110,,,,,,,,,,,,
2025-07-13,BOS @ TB,BOS,TB,4.0,1.0,-110,-120,-105,EVEN,-110,-120,-130,EVEN,-110,-120,-105,-120,,,-115,-115,-114,-112,-114,-112,-105,-120,,,,,,,,,,,,
2025-07-13,BAL @ MIA,BAL,MIA,1.0,11.0,-120,-110,-118,EVEN,-120,-105,-130,EVEN,-120,-110,-120,-105,,,,,-118,-108,-118,-108,-120,-105,,,,,,,,,,,,
2025-07-13,DET @ SEA,DET,SEA,4.0,8.0,+105,-135,+105,-115,EVEN,-130,-115,-115,+105,-135,EVEN,-130,,,EVEN,-130,-107,-120,-107,-120,EVEN,-130,,,,,,,,,,,,
2025-07-13,CIN @ COL,CIN,COL,4.0,2.0,-115,-110,-115,+125,-125,-105,-155,+125,-115,-110,-125,-105,,,-130,EVEN,-124,EVEN,-124,EVEN,-120,-105,,,,,,,,,,,,
2025-07-18,BOS @ CHC,BOS,CHC,4.0,1.0,-105,-120,-105,-105,-105,-120,-115,-115,-105,-120,-105,-125,,,,,-122,-105,-122,-105,-105,-125,,,,,,,,,,,,
2025-07-18,CWS @ PIT,CWS,PIT,1.0,10.0,-110,-120,-110,-113,-110,-120,-110,-120,-110,-120,-110,-118,,,,,-113,-113,-113,-113,-110,-118,,,,,,,,,,,,
2025-07-18,SD @ WSH,SD,WSH,2.0,7.0,-115,-115,-105,-109,-105,-120,-105,-125,-105,-120,-105,-120,,,,,-117,-109,-117,-109,-105,-120,,,,,,,,,,,,
2025-07-18,LAA @ PHI,LAA,PHI,5.0,6.0,-115,-115,-125,EVEN,-125,EVEN,-125,-105,-130,EVEN,-125,EVEN,,,,,-127,-105,-127,-105,-125,EVEN,,,,,,,,,,,,
2025-07-18,SF @ TOR,SF,TOR,4.0,0.0,-115,-115,-115,-112,-115,-115,-115,-115,-115,-115,-115,-115,,,,,-122,-112,-122,-112,-115,-115,,,,,,,,,,,,
2025-07-19,SF @ TOR,SF,TOR,6.0,3.0,EVEN,-130,+110,-125,EVEN,-130,-105,-125,EVEN,-130,+110,-145,,,,,+102,-129,+102,-129,+110,-145,,,,,,,,,,,,
2025-07-19,KC @ MIA,KC,MIA,3.0,1.0,-120,-110,-110,-110,-115,-115,-115,-115,-120,-110,-115,-115,,,,,-110,-115,-110,-115,-115,-115,,,,,,,,,,,,
2025-07-19,CIN @ NYM,CIN,NYM,2.0,5.0,-120,-105,-120,EVEN,-125,-105,-125,-105,-120,-105,-125,-105,,,,,-129,EVEN,-129,EVEN,-125,-105,,,,,,,,,,,,
2025-07-19,LAA @ PHI,LAA,PHI,9.0,5.0,-125,EVEN,-120,+106,-135,+105,-120,-110,-135,+105,-135,+105,,,,,-150,+106,-150,+106,-135,+105,,,,,,,,,,,,
2025-07-19,CWS @ PIT,CWS,PIT,4.0,10.0,EVEN,-130,EVEN,-120,EVEN,-130,-105,-125,EVEN,-130,EVEN,-130,,,,,EVEN,-127,EVEN,-127,EVEN,-130,,,,,,,,,,,,
2025-07-20,SF @ TOR,SF,TOR,8.0,6.0,-110,-115,-103,-115,-110,-120,-110,-120,-110,-115,-105,-125,,,,,-103,-124,-103,-124,-105,-125,,,,,,,,,,,,
2025-07-20,BAL @ TB,BAL,TB,3.0,5.0,-120,-110,EVEN,-110,-120,-110,-110,-120,-120,-110,-120,-110,,,,,EVEN,-127,EVEN,-127,-120,-110,,,,,,,,,,,,
2025-07-20,ATL @ NYY,ATL,NYY,2.0,4.0,-135,+105,-135,+112,-135,+105,-140,+110,-135,+105,-135,+105,,,,,-143,+112,-143,+112,-135,+105,,,,,,,,,,,,
2025-07-20,SD @ WSH,SD,WSH,1.0,8.0,+105,-135,+105,-120,+105,-135,-110,-120,+105,-135,+105,-135,,,,,+102,-129,+102,-129,+105,-135,,,,,,,,,,,,
2025-07-20,LAA @ PHI,LAA,PHI,2.0,8.0,-105,-125,-105,-113,-105,-125,-115,-115,-105,-125,-105,-125,,,,,-113,-113,-113,-113,-105,-125,,,,,,,,,,,,
2025-07-21,MIA @ SD,MIA,SD,1.0,2.0,-110,-120,-110,-114,-110,-120,,,-110,-120,-110,-115,,,,,-118,-114,-118,-114,-110,-115,,,,,,,,,,,,
2025-07-21,DET @ PIT,DET,PIT,3.0,0.0,+130,-170,+145,-159,+135,-175,+145,-180,+130,-170,+135,-175,,,,,+125,-159,+125,-159,+135,-175,,,,,,,,,,,,
2025-07-21,BAL @ CLE,BAL,CLE,10.0,5.0,-105,-120,-105,-114,-110,-115,-115,-115,-105,-120,-110,-115,,,,,-117,-114,-117,-114,-110,-115,,,,,,,,,,,,
2025-07-21,CIN @ WSH,CIN,WSH,10.0,8.0,-115,-110,-105,-105,-105,-120,,,-125,-105,-105,-120,,,,,-118,-112,-118,-112,-105,-120,,,,,,,,,,,,
2025-07-21,BOS @ PHI,BOS,PHI,3.0,2.0,-110,-120,-105,-115,-110,-120,-115,-115,-110,-120,-105,-125,,,,,-121,-118,-121,-118,-105,-125,,,,,,,,,,,,
2025-07-22,MIA @ SD,MIA,SD,4.0,3.0,+110,-140,+110,-115,-105,-120,+110,-140,-110,-115,-105,-120,,,,,-114,-124,-114,-124,-105,-120,,,,,,,,,,,,
2025-07-22,BAL @ CLE,BAL,CLE,6.0,3.0,EVEN,-130,+105,-115,+105,-135,+105,-135,EVEN,-130,+105,-135,,,,,-110,-115,-110,-115,+105,-135,,,,,,,,,,,,
2025-07-22,DET @ PIT,DET,PIT,8.0,5.0,EVEN,-130,+105,-130,+105,-135,+105,-135,EVEN,-130,+105,-135,,,,,+104,-134,+104,-134,+105,-135,,,,,,,,,,,,
2025-07-22,BOS @ PHI,BOS,PHI,4.0,1.0,-110,-120,-110,-106,-115,-115,-115,-115,-110,-120,-115,-110,,,,,-121,-106,-121,-106,-115,-110,,,,,,,,,,,,
2025-07-22,CIN @ WSH,CIN,WSH,6.0,1.0,-115,-110,-102,-110,-115,-110,-120,-110,-115,-110,-102,-125,,,,,-115,-110,-115,-110,-102,-125,,,,,,,,,,,,
2025-07-23,CIN @ WSH,CIN,WSH,0.0,5.0,-110,-120,EVEN,-120,EVEN,-130,-110,-120,EVEN,-130,EVEN,-130,,,,,-103,-124,-103,-124,EVEN,-130,,,,,,,,,,,,
2025-07-23,MIA @ SD,MIA,SD,3.0,2.0,-105,-125,EVEN,-114,-110,-120,-105,-125,-110,-120,-110,-120,,,,,-112,-114,-112,-114,-110,-120,,,,,,,,,,,,
2025-07-23,ATL @ SF,ATL,SF,3.0,9.0,-110,-120,+105,-112,+105,-140,-110,-120,+105,-140,+105,-140,,,,,-114,-112,-114,-112,+105,-140,,,,,,,,,,,,
2025-07-23,DET @ PIT,DET,PIT,6.0,1.0,-110,-120,-104,-120,-110,-120,-110,-120,-110,-120,-110,-120,,,,,-104,-124,-104,-124,-110,-120,,,,,,,,,,,,
2025-07-23,LAA @ NYM,LAA,NYM,6.0,3.0,-135,EVEN,-125,+110,-135,EVEN,-125,-105,-135,EVEN,-145,+110,,,,,-127,EVEN,-127,EVEN,-145,+110,,,,,,,,,,,,
2025-07-24,BAL @ CLE,BAL,CLE,3.0,4.0,-115,-115,-115,-105,-115,-115,-120,-110,-115,-115,-115,-115,,,,,-121,-106,-121,-106,-115,-115,,,,,,,,,,,,
2025-07-24,DET @ TOR,DET,TOR,4.0,11.0,-115,-115,-114,-112,-115,-115,-115,-115,-115,-115,-115,-115,,,,,-114,-112,-114,-112,-115,-115,,,,,,,,,,,,
2025-07-24,SD @ STL,SD,STL,9.0,7.0,-110,-120,-110,-114,-115,-115,-115,-115,-110,-120,-115,-115,,,,,-112,-114,-112,-114,-115,-115,,,,,,,,,,,,
2025-07-24,Houston @ HOU,Houston,HOU,2.0,5.0,+105,-135,+120,-120,+105,-135,+120,-150,+105,-135,-105,-120,,,,,-107,-130,-107,-130,-105,-120,,,,,,,,,,,,
2025-07-24,LAA @ SEA,LAA,SEA,2.0,4.0,-115,-115,-115,EVEN,-115,-115,-115,-115,-115,-115,-120,-105,,,,,-129,EVEN,-129,EVEN,-120,-105,,,,,,,,,,,,
2025-07-25,MIA @ MIL,MIA,MIL,1.0,5.0,-105,-125,-105,-112,-105,-125,-110,-120,-105,-125,-105,-125,,,,,-114,-112,-114,-112,-105,-125,,,,,,,,,,,,
2025-07-25,ARI @ PIT,ARI,PIT,0.0,1.0,-120,-105,-110,-105,-120,-105,-115,-115,-120,-105,-120,-105,,,,,-115,-110,-115,-110,-120,-105,,,,,,,,,,,,
2025-07-25,BAL @ COL,BAL,COL,5.0,6.0,-120,-110,-115,-105,-120,-110,-125,-105,-120,-110,-115,-115,,,,,-122,-105,-122,-105,-115,-115,,,,,,,,,,,,
2025-07-25,NYY @ PHI,NYY,PHI,5.0,12.0,-145,+110,-140,+120,-150,+120,-150,+120,-145,+110,-155,+120,,,,,-150,+117,-150,+117,-155,+120,,,,,,,,,,,,
2025-07-25,DET @ TOR,DET,TOR,2.0,6.0,-115,-110,-115,-105,-120,-110,-120,-110,-115,-110,-120,-105,,,,,-118,-107,-118,-107,-120,-105,,,,,,,,,,,,
2025-07-26,NYY @ PHI,NYY,PHI,4.0,9.0,-130,EVEN,-120,+110,-135,+105,-140,+110,-130,EVEN,-135,+105,,,,,-137,+108,-137,+108,-135,+105,,,,,,,,,,,,
2025-07-26,CLE @ KC,CLE,KC,5.0,3.0,-110,-120,-105,-110,-110,-120,-110,-120,-110,-110,-105,-120,,,,,-109,-117,-109,-117,-105,-120,,,,,,,,,,,,
2025-07-26,DET @ TOR,DET,TOR,1.0,6.0,+120,-155,+135,-155,+120,-155,+135,-170,+120,-155,+120,-155,,,,,+110,-157,+110,-157,+120,-155,,,,,,,,,,,,
2025-07-26,ARI @ PIT,ARI,PIT,2.0,0.0,-115,-115,-110,-105,-120,-110,-120,-110,-115,-115,-120,-105,,,,,-112,-113,-112,-113,-120,-105,,,,,,,,,,,,
2025-07-26,CIN @ TB,CIN,TB,6.0,2.0,-115,-115,-105,-105,-115,-115,-115,-115,-115,-115,-105,-120,,,,,-112,-114,-112,-114,-105,-120,,,,,,,,,,,,
2025-07-27,NYY @ PHI,NYY,PHI,4.0,3.0,-105,-120,+110,-120,EVEN,-130,+110,-140,-105,-120,EVEN,-130,,,,,EVEN,-127,EVEN,-127,EVEN,-130,,,,,,,,,,,,
2025-07-27,BOS @ LAD,BOS,LAD,4.0,3.0,-145,+110,-140,+120,-145,+110,-150,+120,-145,+110,-140,+110,,,,,-175,+114,-175,+114,-140,+110,,,,,,,,,,,,
2025-07-27,ARI @ PIT,ARI,PIT,6.0,0.0,-110,-115,+105,-115,EVEN,-130,EVEN,-130,-110,-115,+105,-135,,,,,+102,-139,+102,-139,+105,-135,,,,,,,,,,,,
2025-07-27,BAL @ COL,BAL,COL,5.0,1.0,-125,-105,-125,+110,-140,+105,-140,+110,-125,-105,-140,+105,,,,,-134,+106,-134,+106,-140,+105,,,,,,,,,,,,
2025-07-27,CIN @ TB,CIN,TB,2.0,1.0,-130,EVEN,-120,EVEN,-120,-105,-120,-110,-130,EVEN,-120,-105,,,,,-132,-105,-132,-105,-120,-105,,,,,,,,,,,,
2025-07-28,BAL @ TOR,BAL,TOR,11.0,4.0,-130,EVEN,-130,+110,-130,EVEN,-140,+110,-130,EVEN,-130,EVEN,,,,,-134,+105,-134,+105,-130,EVEN,,,,,,,,,,,,
2025-07-28,CLE @ COL,CLE,COL,6.0,8.0,-120,-110,-117,-105,-120,-105,-125,-105,-120,-110,-120,-105,,,,,-117,-112,-117,-112,-120,-105,,,,,,,,,,,,
2025-07-28,ARI @ DET,ARI,DET,5.0,1.0,-115,-110,-115,-105,-120,-105,-125,-105,-115,-110,-120,-105,,,,,-115,-110,-115,-110,-120,-105,,,,,,,,,,,,
2025-07-28,NYY @ TB,NYY,TB,2.0,4.0,-110,-115,-105,-115,-110,-120,-110,-120,-110,-115,-105,-120,,,,,-108,-118,-108,-118,-105,-120,,,,,,,,,,,,
2025-07-28,CIN @ LAD,CIN,LAD,2.0,5.0,-115,-115,-105,-113,-115,-115,-115,-115,-115,-115,-105,-120,,,,,-118,-113,-118,-113,-105,-120,,,,,,,,,,,,
2025-07-29,BAL @ TOR,BAL,TOR,16.0,4.0,-115,-115,-105,+125,-115,+120,-115,-115,-155,+120,-105,+125,,,,,-137,+108,-137,+108,-105,-120,,,,,,,,,,,,
2025-07-29,CLE @ COL,CLE,COL,10.0,4.0,-120,-105,-105,-105,-115,-115,-115,-115,-120,-105,-105,-120,,,,,-114,-112,-114,-112,-105,-120,,,,,,,,,,,,
2025-07-29,ARI @ DET,ARI,DET,12.0,2.0,-105,-120,-105,-105,-120,-110,-120,-110,-105,-120,-120,-105,,,,,-118,-108,-118,-108,-120,-105,,,,,,,,,,,,
2025-07-29,NYY @ TB,NYY,TB,7.0,5.0,-115,-115,-105,-113,-110,-120,-110,-120,-115,-115,-105,-120,,,,,-113,-113,-113,-113,-105,-120,,,,,,,,,,,,
2025-07-30,BAL @ TOR,BAL,TOR,8.0,9.0,-140,+110,-130,+110,-140,+105,-140,+110,-140,+105,-135,+105,,,,,-137,+108,-137,+108,-135,+105,,,,,,,,,,,,
2025-07-30,ARI @ DET,ARI,DET,7.0,2.0,-125,-105,-110,-105,-120,-110,-125,-105,-120,-110,-115,-110,,,,,-113,-113,-113,-113,-115,-110,,,,,,,,,,,,
2025-07-30,BOS @ MIN,BOS,MIN,1.0,13.0,EVEN,-130,EVEN,-118,-105,-125,EVEN,-130,-105,-125,-110,-118,,,,,-115,-122,-115,-122,-110,-118,,,,,,,,,,,,
2025-07-30,ATL @ KC,ATL,KC,1.0,0.0,-130,EVEN,-120,+110,-130,EVEN,-130,EVEN,-120,-110,-135,+105,,,,,-139,+110,-139,+110,-135,+105,,,,,,,,,,,,
2025-07-30,CHC @ MIL,CHC,MIL,3.0,10.0,+120,-150,+120,-135,+115,-150,+120,-150,+115,-150,+110,-140,,,,,+108,-143,+108,-143,+110,-140,,,,,,,,,,,,
2025-07-31,NYY @ TB,NYY,TB,7.0,4.0,-120,-110,-105,-110,-110,-120,-110,-120,-120,-110,-105,-120,,,,,-110,-115,-110,-115,-105,-120,,,,,,,,,,,,
2025-07-31,ATL @ CIN,ATL,CIN,11.0,12.0,-125,EVEN,-120,EVEN,-125,EVEN,-120,-110,-125,EVEN,-130,EVEN,,,,,-124,-104,-124,-104,-130,EVEN,,,,,,,,,,,,
2025-07-31,SEA @ TEX,SEA,TEX,6.0,0.0,EVEN,-130,+105,-115,EVEN,-130,-110,-120,EVEN,-130,+105,-135,,,,,+102,-129,+102,-129,+105,-135,,,,,,,,,,,,
2025-08-01,ATL @ CIN,ATL,CIN,3.0,2.0,-110,-115,-110,EVEN,-125,-105,-125,-105,-110,-115,-125,-105,,,,,-124,-104,-124,-104,-125,-105,,,,,,,,,,,,
2025-08-01,BAL @ CHC,BAL,CHC,1.0,0.0,+110,-140,+140,-124,+110,-140,+140,-170,+110,-140,-105,-125,,,,,+106,-124,+106,-148,-105,-145,,,,,,,,,,,,
2025-08-01,MIL @ WSH,MIL,WSH,9.0,16.0,-115,-115,-110,EVEN,-115,-115,-125,-105,-115,-115,-115,-115,,,,,-127,EVEN,-127,EVEN,-115,-115,,,,,,,,,,,,
2025-08-01,DET @ PHI,DET,PHI,5.0,4.0,EVEN,-130,+105,-120,EVEN,-130,-110,-120,EVEN,-130,+105,-135,,,,,-103,-125,-103,-125,+105,-135,,,,,,,,,,,,
2025-08-01,KC @ TOR,KC,TOR,3.0,9.0,EVEN,-130,+105,-125,-102,-125,EVEN,-130,-105,-125,-102,-125,,,,,-113,-125,-113,-125,-102,-125,,,,,,,,,,,,
2025-08-02,LAD @ TB,LAD,TB,4.0,0.0,-120,-110,-110,-105,-120,-105,-120,-110,-125,-105,-120,-105,,,,,-122,-105,-122,-105,-120,-105,,,,,,,,,,,,
2025-08-02,BAL @ CHC,BAL,CHC,3.0,4.0,-110,-115,+120,-115,-102,-125,+120,-150,-110,-115,-102,-125,,,,,-105,-122,-105,-122,-102,-125,,,,,,,,,,,,
2025-08-02,KC @ TOR,KC,TOR,4.0,2.0,-110,-120,-105,-109,-110,-120,-115,-115,-110,-120,-105,-120,,,,,-117,-109,-117,-109,-105,-120,,,,,,,,,,,,
2025-08-02,COL @ PIT,COL,PIT,8.0,5.0,-115,-115,-115,-104,-115,-115,-115,-115,-115,-115,-120,-105,,,,,-124,-104,-124,-104,-120,-105,,,,,,,,,,,,
2025-08-02,DET @ PHI,DET,PHI,5.0,7.0,+145,-180,+145,-157,+130,-170,+145,-180,+130,-170,+130,-165,,,,,+123,-157,+123,-157,+130,-165,,,,,,,,,,,,
2025-08-03,BOS @ HOU,BOS,HOU,6.0,1.0,EVEN,-130,+105,-125,EVEN,-130,EVEN,-130,EVEN,-130,EVEN,-135,,,,,-103,-125,-103,-125,EVEN,-130,,,,,,,,,,,,
2025-08-03,LAD @ TB,LAD,TB,0.0,3.0,-120,-110,-115,-105,-120,-110,-115,-115,-120,-110,-120,-105,,,,,-130,-109,-130,-109,-120,-105,,,,,,,,,,,,
2025-08-03,ATL @ CIN,ATL,CIN,2.0,4.0,EVEN,-130,EVEN,-120,-105,-125,EVEN,-130,-105,-125,-105,-120,,,,,-105,-122,-105,-122,-105,-120,,,,,,,,,,,,
2025-08-03,MIL @ WSH,MIL,WSH,3.0,14.0,EVEN,-130,-105,-117,-105,-120,-110,-120,-105,-120,-105,-120,,,,,-120,-117,-120,-117,-105,-120,,,,,,,,,,,,
2025-08-03,KC @ TOR,KC,TOR,4.0,7.0,-105,-125,EVEN,-115,-105,-125,-115,-115,-105,-125,EVEN,-130,,,,,-104,-122,-104,-122,EVEN,-130,,,,,,,,,,,,
2025-08-04,PIT @ SF,PIT,SF,5.0,4.0,-115,-115,-105,-110,-115,-115,-115,-115,-115,-115,-105,-120,,,,,-113,-113,-113,-113,-105,-120,,,,,,,,,,,,
2025-08-04,DET @ MIN,DET,MIN,6.0,3.0,+105,-135,+105,-120,+105,-135,-105,-125,+105,-135,+105,-135,,,,,+104,-130,+104,-130,+105,-135,,,,,,,,,,,,
2025-08-04,HOU @ MIA,HOU,MIA,2.0,8.0,-115,-115,-110,-105,-115,-115,-115,-115,-115,-115,-120,-105,,,,,-114,-112,-114,-112,-120,-105,,,,,,,,,,,,
2025-08-04,BAL @ PHI,BAL,PHI,13.0,3.0,-115,-115,-105,-105,-115,-115,-120,-110,-115,-115,-105,-120,,,,,-122,-105,-122,-105,-105,-120,,,,,,,,,,,,
2025-08-04,CLE @ NYM,CLE,NYM,6.0,7.0,-115,-115,-115,-105,-115,-115,-115,-115,-115,-115,-120,-105,,,,,-120,-107,-120,-107,-120,-105,,,,,,,,,,,,
2025-08-05,PIT @ SF,PIT,SF,1.0,8.0,+105,-140,+105,-132,+105,-140,,,+105,-140,+105,-135,,,,,+104,-132,+104,-132,+105,-135,,,,,,,,,,,,
2025-08-05,HOU @ MIA,HOU,MIA,3.0,7.0,-120,-110,-110,-110,-110,-118,,,-120,-110,-110,-118,,,,,-113,-113,-113,-113,-110,-118,,,,,,,,,,,,
2025-08-05,DET @ MIN,DET,MIN,3.0,6.0,EVEN,-130,EVEN,-121,EVEN,-125,,,EVEN,-130,EVEN,-125,,,,,-109,-121,-109,-121,EVEN,-125,,,,,,,,,,,,
2025-08-05,Washington @ WSH,Washington,WSH,7.0,16.0,-105,-125,-105,-120,-105,-125,,,-105,-125,-105,-120,,,,,-106,-121,-106,-121,-105,-120,,,,,,,,,,,,
2025-08-05,BAL @ PHI,BAL,PHI,5.0,0.0,-135,+105,-135,+123,-145,+110,,,-145,+115,-140,+110,,,,,-165,+123,-165,+123,-140,+110,,,,,,,,,,,,
2025-08-06,PIT @ SF,PIT,SF,2.0,4.0,EVEN,-130,EVEN,-125,EVEN,-125,,,EVEN,-130,-105,-125,,,,,-103,-125,-103,-125,-105,-125,,,,,,,,,,,,
2025-08-06,BAL @ PHI,BAL,PHI,1.0,5.0,+105,-135,+105,-135,EVEN,-135,,,+105,-135,EVEN,-150,,,,,-109,-136,-109,-136,EVEN,-150,,,,,,,,,,,,
2025-08-06,DET @ MIN,DET,MIN,4.0,9.0,+110,-140,+110,-125,+105,-140,,,+110,-140,+105,-135,,,,,-103,-125,-103,-125,+105,-135,,,,,,,,,,,,
2025-08-06,CLE @ NYM,CLE,NYM,1.0,4.0,-105,-125,-105,-122,-105,-125,,,-105,-125,-105,-125,,,,,-105,-122,-105,-122,-105,-125,,,,,,,,,,,,
2025-08-06,CHC @ CIN,CHC,CIN,6.0,1.0,EVEN,-130,+114,-130,EVEN,-145,,,EVEN,-130,+110,-145,,,,,+114,-143,+114,-143,+110,-145,,,,,,,,,,,,
2025-08-07,Washington @ WSH,Washington,WSH,0.0,6.0,-120,-105,-115,-104,-120,-110,,,-120,-105,-118,-110,,,,,-134,-104,-134,-104,-118,-110,,,,,,,,,,,,
2025-08-07,CWS @ SEA,CWS,SEA,4.0,3.0,+105,-140,+105,-125,EVEN,-130,,,+105,-140,EVEN,-130,,,,,EVEN,-125,EVEN,-125,EVEN,-130,,,,,,,,,,,,
2025-08-07,CIN @ PIT,CIN,PIT,7.0,0.0,+120,-155,+120,-140,+115,-145,,,+120,-155,+115,-145,,,,,+118,-152,+118,-152,+115,-145,,,,,,,,,,,,
2025-08-07,ATL @ MIA,ATL,MIA,8.0,6.0,-115,-115,-105,-110,-115,-110,,,-115,-115,-115,-110,,,,,-107,-120,-107,-120,-115,-110,,,,,,,,,,,,
2025-08-08,CIN @ PIT,CIN,PIT,3.0,2.0,EVEN,-130,+120,-130,EVEN,-155,,,EVEN,-130,+120,-155,,,,,+108,-137,+108,-137,+120,-155,,,,,,,,,,,,
2025-08-08,Baltimore @ BAL,Baltimore,BAL,3.0,2.0,-105,-125,-105,-105,-120,-105,,,-105,-125,-120,-105,,,,,-120,-107,-120,-107,-120,-105,,,,,,,,,,,,
2025-08-08,HOU @ NYY,HOU,NYY,3.0,5.0,-105,-125,-105,-118,-105,-125,,,-105,-125,-105,-120,,,,,-108,-118,-108,-118,-105,-120,,,,,,,,,,,,
2025-08-08,DET @ LAA,DET,LAA,6.0,5.0,+115,-150,+115,-130,+105,-135,,,+115,-150,+105,-135,,,,,-103,-136,-103,-136,+105,-135,,,,,,,,,,,,
2025-08-08,ATL @ MIA,ATL,MIA,1.0,5.0,-110,-120,-105,-115,-110,-120,,,-110,-120,-105,-120,,,,,-110,-115,-110,-115,-105,-120,,,,,,,,,,,,
2025-08-09,ATL @ MIA,ATL,MIA,7.0,1.0,+110,-140,+110,+105,+105,-135,+110,-140,-135,+105,+105,-135,,,,,-129,EVEN,-129,EVEN,+105,-135,,,,,,,,,,,,
2025-08-09,HOU @ NYY,HOU,NYY,5.0,4.0,-110,-120,-105,-120,-110,-120,,,-110,-120,-105,-120,,,,,-107,-120,-107,-120,-105,-120,,,,,,,,,,,,
2025-08-09,SF @ WSH,SF,WSH,2.0,4.0,-105,-120,-105,-107,-105,-120,,,-105,-120,-105,-120,,,,,-120,-107,-120,-107,-105,-120,,,,,,,,,,,,
2025-08-09,DET @ LAA,DET,LAA,4.0,7.0,-105,-125,-105,-115,-105,-125,,,-105,-125,-105,-120,,,,,-106,-120,-107,-120,-105,-120,,,,,,,,,,,,
2025-08-09,CIN @ PIT,CIN,PIT,1.0,2.0,-110,-115,+102,-115,-110,-120,,,-110,-115,-105,-120,,,,,+102,-129,+102,-129,-105,-120,,,,,,,,,,,,
2025-08-10,KC @ MIN,KC,MIN,5.0,3.0,-150,+115,-130,+115,-150,EVEN,,,-150,+115,-130,EVEN,,,,,-137,EVEN,-137,EVEN,-130,EVEN,,,,,,,,,,,,
2025-08-10,Baltimore @ BAL,Baltimore,BAL,2.0,3.0,-125,-105,-125,+110,-145,+110,,,-125,-105,-145,+110,,,,,-132,+104,-132,+104,-145,+110,,,,,,,,,,,,
2025-08-10,HOU @ NYY,HOU,NYY,1.0,7.0,-115,-110,-115,EVEN,-115,-110,,,-115,-110,-115,-115,,,,,-121,-112,-121,-112,-115,-115,,,,,,,,,,,,
2025-08-10,ATL @ MIA,ATL,MIA,7.0,1.0,-115,-115,-115,-103,-120,-115,,,-115,-115,-120,-105,,,,,-127,-103,-127,-103,-120,-105,,,,,,,,,,,,
2025-08-10,CIN @ PIT,CIN,PIT,8.0,14.0,EVEN,-130,EVEN,-120,EVEN,-130,,,EVEN,-130,-105,-120,,,,,-105,-122,-105,-122,-105,-120,,,,,,,,,,,,
2025-08-11,CIN @ PHI,CIN,PHI,1.0,4.0,-120,-110,-120,+104,-125,-110,,,-120,-110,-125,-105,,,,,-132,+104,-132,+104,-125,-105,,,,,,,,,,,,
2025-08-11,MIN @ NYY,MIN,NYY,6.0,2.0,-115,-115,-115,-105,-120,-115,,,-115,-115,-120,-105,,,,,-118,-108,-118,-108,-120,-105,,,,,,,,,,,,
2025-08-11,KC @ WSH,KC,WSH,7.0,4.0,-110,-120,-105,-105,-110,-120,,,-110,-120,-105,-120,,,,,-122,-105,-122,-105,-105,-120,,,,,,,,,,,,
2025-08-11,CWS @ DET,CWS,DET,1.0,2.0,+105,-135,+105,-113,+105,-135,,,+105,-135,-105,-120,,,,,-113,-113,-113,-113,-105,-120,,,,,,,,,,,,
2025-08-11,MIL @ PIT,MIL,PIT,7.0,1.0,EVEN,-130,EVEN,-115,EVEN,-130,,,EVEN,-130,-105,-120,,,,,-109,-117,-109,-117,-105,-120,,,,,,,,,,,,
2025-08-12,BAL @ SEA,BAL,SEA,0.0,1.0,-120,-110,-120,+108,-120,-110,,,-120,-110,-120,-105,,,,,-137,+108,-137,+108,-120,-105,,,,,,,,,,,,
2025-08-12,CIN @ PHI,CIN,PHI,6.0,1.0,-130,EVEN,-105,EVEN,-130,-120,,,-130,EVEN,-105,-120,,,,,-125,EVEN,-125,EVEN,-105,-120,,,,,,,,,,,,
2025-08-12,CLE @ MIA,CLE,MIA,4.0,3.0,-120,-110,-115,EVEN,-120,-110,,,-120,-110,-115,-115,,,,,-127,EVEN,-127,EVEN,-115,-115,,,,,,,,,,,,
2025-08-12,MIN @ NYY,MIN,NYY,9.0,1.0,-130,EVEN,-120,EVEN,-130,EVEN,,,-130,EVEN,-120,-105,,,,,-125,-103,-125,-103,-120,-105,,,,,,,,,,,,
2025-08-12,CHC @ TOR,CHC,TOR,5.0,1.0,-115,-115,-125,-102,-125,-105,,,-125,-105,-125,-102,,,,,-127,-106,-127,-106,-125,-102,,,,,,,,,,,,
2025-08-13,CWS @ DET,CWS,DET,0.0,1.0,-105,-120,-105,-115,-110,-120,,,-105,-120,-110,-115,,,,,-107,-120,-107,-120,-110,-115,,,,,,,,,,,,
2025-08-13,MIL @ PIT,MIL,PIT,12.0,5.0,+110,-140,+110,-134,+105,-140,,,+110,-140,+105,-135,,,,,+105,-134,+105,-134,+105,-135,,,,,,,,,,,,
2025-08-13,KC @ WSH,KC,WSH,7.0,8.0,-130,EVEN,-120,+102,-130,EVEN,,,-130,EVEN,-120,-105,,,,,-130,+102,-130,+102,-120,-105,,,,,,,,,,,,
2025-08-13,COL @ STL,COL,STL,5.0,6.0,-125,-105,-124,EVEN,-125,EVEN,,,-125,-105,-130,EVEN,,,,,-124,-104,-124,-104,-130,EVEN,,,,,,,,,,,,
2025-08-13,ARI @ TEX,ARI,TEX,4.0,6.0,-110,-120,-105,-112,-110,-120,,,-110,-120,-105,-120,,,,,-114,-112,-114,-112,-105,-120,,,,,,,,,,,,
2025-08-14,BAL @ SEA,BAL,SEA,5.0,3.0,-140,+105,-135,+114,-140,+105,,,-140,+105,-135,+105,,,,,-143,+114,-143,+114,-135,+105,,,,,,,,,,,,
2025-08-14,CHC @ TOR,CHC,TOR,2.0,1.0,-110,-120,-102,-120,-110,-125,,,-110,-120,-102,-125,,,,,-106,-120,-106,-120,-102,-125,,,,,,,,,,,,
2025-08-14,CLE @ MIA,CLE,MIA,9.0,4.0,EVEN,-130,+105,-127,EVEN,-130,,,EVEN,-130,+105,-135,,,,,EVEN,-127,EVEN,-127,+105,-135,,,,,,,,,,,,
2025-08-14,PHI @ WSH,PHI,WSH,3.0,2.0,-125,-105,-110,-103,-125,-115,,,-125,-105,-110,-115,,,,,-124,-103,-124,-103,-110,-115,,,,,,,,,,,,
2025-08-14,ATL @ NYM,ATL,NYM,3.0,4.0,-120,-110,-118,EVEN,-120,-110,,,-120,-110,-118,-110,,,,,-127,EVEN,-127,EVEN,-118,-110,,,,,,,,,,,,
2025-08-15,CHC @ PIT,CHC,PIT,2.0,3.0,-130,EVEN,-120,EVEN,-130,EVEN,,,-130,EVEN,-120,-105,,,,,-136,-103,-136,-103,-120,-105,,,,,,,,,,,,
2025-08-15,CIN @ MIL,CIN,MIL,8.0,10.0,-125,-105,-115,-105,-125,-110,,,-125,-105,-115,-110,,,,,-117,-115,-117,-115,-115,-110,,,,,,,,,,,,
2025-08-15,PHI @ WSH,PHI,WSH,2.0,6.0,+105,-140,+115,-129,+105,-140,,,+105,-140,+115,-150,,,,,EVEN,-129,EVEN,-129,+115,-150,,,,,,,,,,,,
2025-08-15,TEX @ TOR,TEX,TOR,6.0,5.0,+115,-150,+115,-139,+110,-150,,,+115,-150,+110,-145,,,,,+110,-139,+110,-139,+110,-145,,,,,,,,,,,,
2025-08-15,BOS @ MIA,BOS,MIA,2.0,1.0,-115,-115,-110,-105,-110,-115,,,-115,-115,-110,-115,,,,,-120,-107,-120,-107,-110,-115,,,,,,,,,,,,
2025-08-16,CHC @ PIT,CHC,PIT,3.0,1.0,-125,-105,-120,EVEN,-125,-105,,,-125,-105,-120,-105,,,,,-132,-295,-132,-106,-120,-105,,,,,,,,,,,,
2025-08-16,TEX @ TOR,TEX,TOR,14.0,2.0,-110,-115,-110,-105,-110,-115,,,-110,-115,-120,-105,,,,,-129,-105,-129,-106,-120,-105,,,,,,,,,,,,
2025-08-16,PHI @ WSH,PHI,WSH,2.0,0.0,-135,+105,-125,+105,-135,EVEN,,,-135,+105,-125,EVEN,,,,,-139,+105,-139,+105,-125,EVEN,,,,,,,,,,,,
2025-08-16,BOS @ MIA,BOS,MIA,7.0,5.0,-115,-110,-115,-104,-120,-110,,,-115,-110,-120,-105,,,,,-124,-104,-124,-104,-120,-105,,,,,,,,,,,,
2025-08-16,NYM @ SEA,NYM,SEA,3.0,1.0,-110,-120,-110,-105,-110,-120,,,-110,-120,-120,-105,,,,,-117,-109,-117,-109,-120,-105,,,,,,,,,,,,
2025-08-17,PHI @ WSH,PHI,WSH,9.0,11.0,-125,-105,-125,+104,-125,EVEN,,,-125,-105,-130,EVEN,,,,,-139,+104,-139,+104,-130,EVEN,,,,,,,,,,,,
2025-08-17,BOS @ MIA,BOS,MIA,3.0,5.0,+110,-145,+110,-132,+105,-145,,,+110,-145,+105,-135,,,,,+104,-132,+104,-132,+105,-135,,,,,,,,,,,,
2025-08-17,TEX @ TOR,TEX,TOR,4.0,10.0,-105,-125,EVEN,-117,-105,-125,,,-105,-125,-105,-120,,,,,-109,-117,-109,-117,-105,-120,,,,,,,,,,,,
2025-08-17,ATL @ CLE,ATL,CLE,4.0,5.0,-125,-105,-120,-105,-120,-110,,,-120,-110,-120,-105,,,,,-125,-107,-125,-107,-120,-105,,,,,,,,,,,,
2025-08-17,CIN @ MIL,CIN,MIL,3.0,2.0,-105,-125,-105,-118,-110,-125,,,-105,-125,-110,-118,,,,,-114,-118,-114,-118,-110,-118,,,,,,,,,,,,
2025-08-18,CHC @ MIL,CHC,MIL,0.0,7.0,+105,-135,+110,-113,+105,-135,+110,-140,-110,-120,+105,-135,,,,,-112,-113,-112,-113,+105,-135,,,,,,,,,,,,
2025-08-18,PIT @ TOR,PIT,TOR,5.0,2.0,+120,-155,+132,-155,+120,-165,,,+120,-155,+125,-165,,,,,+132,-167,+132,-167,+125,-165,,,,,,,,,,,,
2025-08-18,DET @ HOU,DET,HOU,10.0,0.0,-105,-125,-105,-109,-105,-125,,,-105,-125,-105,-125,,,,,-117,-109,-117,-109,-105,-125,,,,,,,,,,,,
2025-08-18,MIA @ STL,MIA,STL,3.0,8.0,EVEN,-130,EVEN,-127,EVEN,-130,,,EVEN,-130,EVEN,-130,,,,,-103,-127,-103,-127,EVEN,-130,,,,,,,,,,,,
2025-08-18,PHI @ SEA,PHI,SEA,12.0,7.0,-110,-120,+105,-120,-110,-135,,,-110,-120,+105,-135,,,,,-103,-125,-103,-125,+105,-135,,,,,,,,,,,,
2025-08-19,CHC @ MIL,CHC,MIL,6.0,4.0,-120,-110,+110,-110,-120,-140,,,-120,-110,+110,-140,,,,,-121,-143,-121,-110,-118,-140,,,,,,,,,,,,
2025-08-19,PIT @ TOR,PIT,TOR,3.0,7.0,-105,-125,EVEN,-124,EVEN,-125,,,-105,-125,EVEN,-130,,,,,-103,-124,-103,-124,EVEN,-130,,,,,,,,,,,,
2025-08-19,MIA @ STL,MIA,STL,4.0,7.0,EVEN,-130,EVEN,-117,EVEN,-130,,,EVEN,-130,EVEN,-130,,,,,-109,-117,-109,-117,EVEN,-130,,,,,,,,,,,,
2025-08-19,DET @ HOU,DET,HOU,1.0,0.0,+130,-170,+140,-160,+130,-170,,,+130,-170,+140,-185,,,,,+135,-175,+135,-175,+140,-185,,,,,,,,,,,,
2025-08-19,NYM @ WSH,NYM,WSH,1.0,8.0,-125,-105,-115,-110,-115,-110,,,-115,-110,-115,-110,,,,,-120,-113,-120,-113,-115,-110,,,,,,,,,,,,
2025-08-20,PIT @ TOR,PIT,TOR,2.0,1.0,-105,-125,+102,-118,-110,-125,,,-105,-125,-110,-118,,,,,+102,-130,+102,-130,-110,-118,,,,,,,,,,,,
2025-08-20,PHI @ SEA,PHI,SEA,11.0,2.0,-120,-110,-105,-105,-120,-110,,,-120,-110,-120,-105,,,,,-110,-115,-110,-115,-120,-105,,,,,,,,,,,,
2025-08-20,DET @ HOU,DET,HOU,7.0,2.0,-105,-120,+110,-120,+110,-120,,,-105,-120,+110,-145,,,,,-103,-125,-103,-125,+110,-145,,,,,,,,,,,,
2025-08-20,ARI @ CLE,ARI,CLE,3.0,2.0,-120,-110,-120,-105,-120,-110,,,-120,-110,-120,-105,,,,,-120,-107,-120,-107,-120,-105,,,,,,,,,,,,
2025-08-20,MIA @ STL,MIA,STL,6.0,2.0,-115,-115,-105,-105,-120,-115,,,-115,-115,-120,-105,,,,,-114,-112,-114,-112,-120,-105,,,,,,,,,,,,
2025-08-21,Minnesota @ MIN,Minnesota,MIN,3.0,8.0,-135,EVEN,-120,EVEN,-135,EVEN,,,-135,EVEN,-120,-105,,,,,-124,-104,-124,-104,-120,-105,,,,,,,,,,,,
2025-08-21,KC @ TEX,KC,TEX,6.0,4.0,-110,-120,-110,-103,-118,-110,,,-110,-120,-118,-110,,,,,-137,-103,-137,-103,-118,-110,,,,,,,,,,,,
2025-08-21,CHC @ MIL,CHC,MIL,1.0,4.0,+110,-145,+118,-132,+110,-150,,,+110,-145,+118,-150,,,,,+104,-132,+104,-132,+118,-150,,,,,,,,,,,,
2025-08-21,COL @ LAD,COL,LAD,5.0,9.0,-170,+130,-160,+135,-165,+130,,,-170,+130,-165,+130,,,,,-177,+135,-177,+135,-165,+130,,,,,,,,,,,,
2025-08-21,NYM @ WSH,NYM,WSH,9.0,3.0,EVEN,-125,+105,-124,EVEN,-130,,,EVEN,-130,+105,-135,,,,,-104,-127,-103,-124,EVEN,-130,,,,,,,,,,,,
2025-08-22,COL @ PIT,COL,PIT,9.0,0.0,-110,-120,-105,-115,-110,-120,,,-110,-120,-105,-120,,,,,-106,-121,-106,-121,-105,-120,,,,,,,,,,,,
2025-08-22,PHI @ WSH,PHI,WSH,4.0,5.0,-145,+110,-125,+110,-145,EVEN,,,-145,+110,-130,EVEN,,,,,-141,+110,-141,+110,-130,EVEN,,,,,,,,,,,,
2025-08-22,BOS @ NYY,BOS,NYY,0.0,1.0,-105,-120,-105,-113,-105,-120,,,-105,-120,-105,-120,,,,,-113,-113,-113,-113,-105,-120,,,,,,,,,,,,
2025-08-22,BAL @ HOU,BAL,HOU,7.0,10.0,-125,-105,-120,+102,-125,-105,,,-125,-105,-120,-105,,,,,-129,+102,-129,+102,-120,-105,,,,,,,,,,,,
2025-08-22,DET @ KC,DET,KC,7.0,5.0,-120,-105,-109,-105,-120,-105,,,-120,-105,-120,-105,,,,,-109,-115,-109,-115,-120,-105,,,,,,,,,,,,
2025-08-23,BOS @ NYY,BOS,NYY,1.0,12.0,-110,-120,-105,-118,-110,-120,,,-110,-120,-110,-118,,,,,-108,-118,-108,-118,-110,-118,,,,,,,,,,,,
2025-08-23,MIA @ TOR,MIA,TOR,6.0,7.0,-110,-120,-105,-114,-110,-120,,,-110,-120,-105,-120,,,,,-110,-115,-112,-114,-105,-120,,,,,,,,,,,,
2025-08-23,PHI @ WSH,PHI,WSH,6.0,4.0,-135,EVEN,-135,+120,-145,EVEN,,,-135,EVEN,-145,+110,,,,,-155,+120,-155,+120,-145,+110,,,,,,,,,,,,
2025-08-23,DET @ KC,DET,KC,4.0,2.0,-110,-120,-110,-109,-110,-120,,,-110,-120,-115,-115,,,,,-115,-109,-115,-109,-115,-115,,,,,,,,,,,,
2025-08-23,COL @ PIT,COL,PIT,5.0,1.0,-110,-120,-108,-118,-110,-120,,,-110,-120,-110,-118,,,,,-108,-120,-108,-118,-110,-118,,,,,,,,,,,,
2025-08-24,COL @ PIT,COL,PIT,4.0,0.0,+105,-135,+105,-125,+105,-135,,,+105,-135,-102,-125,,,,,+105,-134,+105,-134,-102,-125,,,,,,,,,,,,
2025-08-24,STL @ TB,STL,TB,7.0,2.0,-115,-115,-115,-105,-120,-115,,,-115,-115,-120,-105,,,,,-117,-109,-117,-109,-120,-105,,,,,,,,,,,,
2025-08-24,ATL @ NYM,ATL,NYM,4.0,3.0,-130,EVEN,-125,+107,-130,EVEN,,,-130,EVEN,-135,+105,,,,,-137,+107,-137,+107,-135,+105,,,,,,,,,,,,
2025-08-24,PHI @ WSH,PHI,WSH,3.0,2.0,-135,+105,-135,+116,-140,+105,,,-135,+105,-140,+105,,,,,-148,+116,-148,+116,-140,+105,,,,,,,,,,,,
2025-08-24,BAL @ HOU,BAL,HOU,3.0,2.0,-120,-110,-117,-105,-120,-110,,,-120,-110,-120,-105,,,,,-117,-109,-117,-109,-120,-105,,,,,,,,,,,,
2025-08-25,BAL @ BOS,BAL,BOS,3.0,4.0,-155,+120,-125,+120,-155,EVEN,,,-155,+120,-125,EVEN,,,,,-125,EVEN,-125,EVEN,-125,EVEN,,,,,,,,,,,,
2025-08-25,ATL @ MIA,ATL,MIA,2.0,1.0,+105,-135,+105,-129,+105,-135,,,+105,-135,+105,-135,,,,,+102,-129,+102,-129,+105,-135,,,,,,,,,,,,
2025-08-25,CLE @ TB,CLE,TB,0.0,9.0,-110,-120,EVEN,-115,-110,-130,,,-110,-120,EVEN,-130,,,,,-104,-124,-104,-124,EVEN,-130,,,,,,,,,,,,
2025-08-25,NYY @ WSH,NYY,WSH,10.0,5.0,-135,EVEN,-120,EVEN,-135,EVEN,,,-135,EVEN,-120,-105,,,,,-127,EVEN,-127,EVEN,-120,-105,,,,,,,,,,,,
2025-08-25,MIN @ TOR,MIN,TOR,10.0,4.0,EVEN,-130,+110,-125,EVEN,-130,,,EVEN,-130,EVEN,-130,,,,,+110,-139,+110,-139,EVEN,-130,,,,,,,,,,,,
2025-08-26,BAL @ BOS,BAL,BOS,0.0,5.0,-115,-115,-105,-115,-115,-120,,,-115,-115,-105,-120,,,,,-118,-120,-118,-115,-105,-120,,,,,,,,,,,,
2025-08-26,CLE @ TB,CLE,TB,3.0,0.0,EVEN,-130,EVEN,-118,EVEN,-130,,,EVEN,-130,-105,-120,,,,,-108,-118,-108,-118,-105,-120,,,,,,,,,,,,
2025-08-26,ATL @ MIA,ATL,MIA,2.0,11.0,EVEN,-130,EVEN,-122,EVEN,-125,,,EVEN,-130,-105,-125,,,,,-104,-122,-104,-122,-105,-125,,,,,,,,,,,,
2025-08-26,NYY @ WSH,NYY,WSH,5.0,1.0,-115,-115,-115,EVEN,-130,-115,,,-115,-115,-130,EVEN,,,,,-122,-105,-122,-105,-130,EVEN,,,,,,,,,,,,
2025-08-26,MIN @ TOR,MIN,TOR,5.0,7.0,-115,-115,-105,-110,-115,-120,,,-115,-115,-105,-120,,,,,-115,-110,-115,-110,-105,-120,,,,,,,,,,,,
2025-08-27,NYY @ WSH,NYY,WSH,11.0,2.0,-115,-110,-110,-110,-110,-118,,,-115,-110,-110,-118,,,,,-115,-110,-115,-110,-110,-118,,,,,,,,,,,,
2025-08-27,ATL @ MIA,ATL,MIA,1.0,12.0,-105,-120,-105,-114,-110,-120,,,-105,-120,-110,-118,,,,,-112,-114,-112,-114,-110,-118,,,,,,,,,,,,
2025-08-27,CLE @ TB,CLE,TB,4.0,3.0,EVEN,-130,EVEN,-124,EVEN,-125,,,EVEN,-130,-105,-125,,,,,-103,-124,-103,-124,-105,-125,,,,,,,,,,,,
2025-08-27,SD @ SEA,SD,SEA,4.0,3.0,-105,-125,+265,-115,-105,-125,,,-105,-125,-105,-118,,,,,-110,-115,-110,-115,-105,-118,,,,,,,,,,,,
2025-08-27,BAL @ BOS,BAL,BOS,2.0,3.0,-105,-125,+215,-115,-110,-125,,,-105,-125,-110,-115,,,,,-105,-122,+107,-122,-110,-115,,,,,,,,,,,,
2025-08-28,BAL @ BOS,BAL,BOS,2.0,3.0,EVEN,-135,+110,-125,EVEN,-145,,,EVEN,-135,+110,-145,,,,,EVEN,-125,EVEN,-125,+110,-145,,,,,,,,,,,,
2025-08-28,ARI @ MIL,ARI,MIL,4.0,6.0,-110,-120,-102,-107,-110,-125,,,-110,-120,-102,-125,,,,,-118,-107,-118,-107,-102,-125,,,,,,,,,,,,
2025-08-28,COL @ HOU,COL,HOU,4.0,3.0,-120,-105,-115,EVEN,-120,-115,,,-120,-105,-115,-115,,,,,-125,EVEN,-125,EVEN,-115,-115,,,,,,,,,,,,
2025-08-28,PIT @ STL,PIT,STL,4.0,1.0,-120,-110,-110,-110,-110,-118,,,-120,-110,-110,-118,,,,,-112,-114,-112,-114,-110,-118,,,,,,,,,,,,
2025-08-28,CHC @ SF,CHC,SF,4.0,3.0,+115,-150,+118,-148,+115,-150,,,+115,-150,+118,-150,,,,,+117,-148,+117,-148,+118,-150,,,,,,,,,,,,
2025-08-29,CIN @ STL,CIN,STL,5.0,7.0,-105,-125,-105,-114,-105,-125,,,-105,-125,-105,-120,,,,,-112,-114,-107,-114,-105,-120,,,,,,,,,,,,
2025-08-29,TB @ WSH,TB,WSH,1.0,4.0,-130,EVEN,-120,EVEN,-130,EVEN,,,-130,EVEN,-130,EVEN,,,,,-124,-103,-124,-103,-130,EVEN,,,,,,,,,,,,
2025-08-29,ATL @ PHI,ATL,PHI,2.0,1.0,-115,-110,-115,EVEN,-120,-110,,,-115,-110,-120,-105,,,,,-127,EVEN,-127,EVEN,-120,-105,,,,,,,,,,,,
2025-08-29,MIL @ TOR,MIL,TOR,2.0,7.0,+110,-145,+110,-127,+110,-145,,,+110,-145,+110,-140,,,,,EVEN,-127,EVEN,-127,+110,-140,,,,,,,,,,,,
2025-08-29,CLE @ SEA,CLE,SEA,5.0,4.0,EVEN,-130,EVEN,-120,EVEN,-130,,,EVEN,-130,-105,-120,,,,,-104,-122,-104,-122,-105,-120,,,,,,,,,,,,
2025-08-30,MIL @ TOR,MIL,TOR,1.0,4.0,-110,-115,-110,-104,-115,-115,-110,-120,-115,-115,-120,-105,,,,,-130,-104,-130,-104,-120,-105,,,,,,,,,,,,
2025-08-30,TB @ WSH,TB,WSH,1.0,4.0,-125,-105,-125,+108,-130,EVEN,-130,EVEN,-125,-105,-130,EVEN,,,,,-137,+108,-137,+108,-130,EVEN,,,,,,,,,,,,
2025-08-30,BOS @ PIT,BOS,PIT,3.0,10.0,-115,-115,-115,-106,-115,-115,-120,-110,-115,-115,-115,-115,,,,,-121,-106,-121,-106,-115,-115,,,,,,,,,,,,
2025-08-30,MIA @ NYM,MIA,NYM,8.0,11.0,EVEN,-135,EVEN,-120,-105,-120,-110,-120,EVEN,-135,-105,-120,,,,,-105,-122,-105,-122,-105,-120,,,,,,,,,,,,
2025-08-30,ATL @ PHI,ATL,PHI,3.0,2.0,-105,-125,+115,-124,+110,-140,+110,-140,-105,-125,+110,-145,,,,,-103,-124,-103,-124,+110,-145,,,,,,,,,,,,
2025-08-31,CIN @ STL,CIN,STL,7.0,4.0,-120,-110,-109,-105,-120,-110,-115,-115,-120,-110,-120,-105,,,,,-109,-117,-109,-117,-120,-105,,,,,,,,,,,,
2025-08-31,MIN @ SD,MIN,SD,7.0,2.0,-110,-120,-105,-118,-110,-120,-110,-120,-110,-120,-105,-120,,,,,-113,-118,-108,-118,-105,-120,,,,,,,,,,,,
2025-08-31,TB @ WSH,TB,WSH,4.0,7.0,-110,-120,-110,EVEN,-120,-105,-125,-105,-110,-120,-120,-105,,,,,-125,EVEN,-125,EVEN,-120,-105,,,,,,,,,,,,
2025-08-31,BOS @ PIT,BOS,PIT,5.0,2.0,-110,-115,-105,-105,-110,-120,-115,-115,-110,-125,-105,-120,,,,,-122,-105,-108,-118,-105,-120,,,,,,,,,,,,
2025-08-31,MIL @ TOR,MIL,TOR,8.0,4.0,-110,-120,EVEN,-105,-110,-120,EVEN,-130,-110,-120,-120,-105,,,,,-108,-118,-108,-118,-120,-105,,,,,,,,,,,,
2025-09-01,MIA @ WSH,MIA,WSH,2.0,0.0,-120,-105,-114,-105,-120,-105,-120,-110,-125,-105,-120,-105,,,,,-114,-112,-114,-112,-120,-105,,,,,,,,,,,,
2025-09-01,DET @ NYM,DET,NYM,8.0,10.0,-115,-115,-115,-104,-115,-115,-115,-115,-115,-115,-120,-105,,,,,-122,-104,-122,-104,-120,-105,,,,,,,,,,,,
2025-09-01,CIN @ TOR,CIN,TOR,5.0,4.0,EVEN,-135,+115,-130,+105,-135,+115,-145,EVEN,-130,+105,-135,,,,,+108,-137,+108,-137,+105,-135,,,,,,,,,,,,
2025-09-01,BOS @ CLE,BOS,CLE,6.0,4.0,-110,-120,+102,-125,EVEN,-130,-105,-135,EVEN,-130,EVEN,-125,,,,,+102,-129,-104,-129,EVEN,-125,,,,,,,,,,,,
2025-09-01,CWS @ MIN,CWS,MIN,5.0,6.0,-105,-125,-105,-105,-115,-115,-105,-125,-115,-115,-120,-105,,,,,-120,-107,-120,-107,-120,-105,,,,,,,,,,,,
2025-09-02,CIN @ TOR,CIN,TOR,9.0,12.0,-105,-125,-105,-105,-110,-120,-110,-120,-105,-125,-120,-105,,,,,-106,-121,-106,-121,-120,-105,,,,,,,,,,,,
2025-09-02,LAD @ PIT,LAD,PIT,9.0,7.0,-120,-110,-115,EVEN,-120,-110,-115,-115,-120,-110,-120,-105,,,,,-127,EVEN,-127,EVEN,-120,-105,,,,,,,,,,,,
2025-09-02,DET @ NYM,DET,NYM,5.0,12.0,-110,-120,-109,-110,-110,-115,-110,-120,-115,-110,-110,-115,,,,,-109,-127,-109,-127,-110,-115,,,,,,,,,,,,
2025-09-02,BOS @ CLE,BOS,CLE,11.0,7.0,-105,-125,+115,-135,+105,-140,+115,-145,+105,-140,+105,-135,,,,,EVEN,-137,EVEN,-137,+105,-135,,,,,,,,,,,,
2025-09-02,MIA @ WSH,MIA,WSH,5.0,2.0,-125,-105,-115,-102,-125,-105,-115,-115,-125,-105,-125,-102,,,,,-120,-107,-120,-107,-125,-102,,,,,,,,,,,,
2025-09-03,MIA @ WSH,MIA,WSH,10.0,5.0,-110,-115,-110,-105,-115,-115,-115,-115,-110,-115,-120,-105,,,,,-120,-106,-120,-106,-120,-105,-115,-125.0,,,,,,,,,,
2025-09-03,DET @ NYM,DET,NYM,6.0,2.0,-110,-120,-115,+106,-125,-102,-130,EVEN,-120,-110,-125,-102,,,,,-148,+106,-148,+106,-125,-102,-115,-125.0,,,,,,,,,,
2025-09-03,ARI @ TEX,ARI,TEX,2.0,0.0,-120,-110,-115,-108,-120,-110,-120,-110,-120,-110,-115,-115,,,,,-118,-108,-118,-108,-115,-115,-120,-120.0,,,,,,,,,,
2025-09-03,BAL @ SD,BAL,SD,5.0,7.0,-115,-115,-110,-106,-115,-115,-120,-110,-115,-115,-115,-115,,,,,-124,-106,-124,-106,-115,-115,-120,-120.0,,,,,,,,,,
2025-09-03,LAD @ PIT,LAD,PIT,3.0,0.0,-115,-115,EVEN,-115,-105,-120,EVEN,-130,-115,-115,-105,-120,,,,,-104,-122,-104,-122,-105,-120,-110,-130.0,,,,,,,,,,
2025-09-04,MIL @ PHI,MIL,PHI,0.0,2.0,+105,-140,+110,-127,+105,-140,+110,-140,+105,-140,+105,-135,,,,,EVEN,-127,EVEN,-127,+105,-135,-110,-130.0,,,,,,,,,,
2025-09-04,LAD @ PIT,LAD,PIT,5.0,3.0,+120,-160,+155,-160,+130,-165,+155,-190,+125,-160,+130,-165,,,,,+135,-175,+135,-175,+130,-165,+145,-210.0,,,,,,,,,,
2025-09-04,CLE @ TB,CLE,TB,4.0,2.0,-115,-110,-104,-115,-110,-120,-110,-120,-110,-120,-110,-115,,,,,-104,-122,-104,-122,-110,-115,-115,-130.0,,,,,,,,,,
2025-09-04,KC @ LAA,KC,LAA,4.0,3.0,-125,-105,-125,+105,-135,+105,-140,+105,-130,-105,-135,+105,,,,,-129,EVEN,-134,+105,-135,+105,-125,-115.0,,,,,,,,,,
2025-09-04,HOU @ NYY,HOU,NYY,4.0,8.0,-105,-125,-103,-125,-105,-125,-105,-125,-105,-125,-105,-125,,,,,-103,-125,-103,-125,-105,-125,-115,-125.0,,,,,,,,,,
2025-09-05,CHC @ WSH,CHC,WSH,11.0,5.0,-145,+115,+160,+115,-145,+115,-145,+115,-145,+115,-145,+110,,,,,-141,+112,-141,+112,-145,+110,+160,-235.0,,,,,,,,,,
2025-09-05,CIN @ NYM,CIN,NYM,4.0,5.0,-110,-120,-104,-120,-110,-120,-110,-120,-110,-120,-105,-120,,,,,-104,-122,-104,-122,-105,-120,-115,-130.0,,,,,,,,,,
2025-09-05,MIL @ PIT,MIL,PIT,2.0,5.0,-120,-110,-105,-110,-115,-115,-115,-115,-120,-110,-105,-120,,,,,-115,-110,-115,-110,-105,-120,-125,-120.0,,,,,,,,,,
2025-09-05,CWS @ DET,CWS,DET,5.0,7.0,EVEN,-130,EVEN,-117,EVEN,-130,-110,-120,EVEN,-130,EVEN,-130,,,,,-109,-117,-109,-117,EVEN,-130,-120,-120.0,,,,,,,,,,
2025-09-05,BAL @ LAD,BAL,LAD,2.0,1.0,-105,-120,-105,-105,-115,-120,-115,-115,-105,-120,-120,-120,,,,,-120,-107,-120,-107,-120,-105,-115,-125.0,,,,,,,,,,
2025-09-06,NYY @ TOR,NYY,TOR,3.0,1.0,-135,EVEN,-120,+118,-125,EVEN,-120,-110,-135,EVEN,-125,EVEN,,,,,-150,+118,-150,+118,-125,EVEN,-135,-105.0,,,,,,,,,,
2025-09-06,CHC @ WSH,CHC,WSH,1.0,2.0,-125,-105,-120,EVEN,-125,-105,-130,EVEN,-125,-105,-120,-105,,,,,-127,EVEN,-127,EVEN,-120,-105,-125,-115.0,,,,,,,,,,
2025-09-06,MIA @ PHI,MIA,PHI,2.0,4.0,-110,-120,+105,-130,EVEN,-130,EVEN,-130,+105,-135,EVEN,-130,,,,,-104,-134,-104,-134,EVEN,-130,-105,-140.0,,,,,,,,,,
2025-09-06,CWS @ DET,CWS,DET,6.0,0.0,+110,-145,+135,-140,+110,-145,+135,-165,+110,-145,+110,-140,,,,,+112,-143,+112,-143,+110,-140,+105,-155.0,,,,,,,,,,
2025-09-06,CIN @ NYM,CIN,NYM,6.0,3.0,-110,-120,-110,-105,-110,-120,-110,-120,-110,-120,-120,-105,,,,,-110,-115,-110,-115,-120,-105,-120,-120.0,,,,,,,,,,
2025-09-07,ATL @ SEA,ATL,SEA,2.0,18.0,-120,-110,-120,+110,-135,+105,-125,-105,-135,+105,-140,+110,,,,,-129,+102,-129,+102,-140,+110,-120,-120.0,,,,,,,,,,
2025-09-07,CLE @ TB,CLE,TB,1.0,2.0,-105,-120,-105,-104,-110,-105,-110,-120,-105,-105,-120,-105,,,,,-122,-104,-122,-104,-120,-105,-110,-130.0,,,,,,,,,,
2025-09-07,BAL @ LAD,BAL,LAD,2.0,5.0,-125,-105,-110,EVEN,-125,-105,-125,-105,-130,EVEN,-110,-115,,,,,-118,-109,-118,-109,-110,-115,-120,-120.0,,,,,,,,,,
2025-09-07,NYY @ TOR,NYY,TOR,4.0,3.0,-115,-115,EVEN,-110,-110,-120,-110,-120,-120,-110,EVEN,-130,,,,,-113,-112,-113,-112,EVEN,-130,-110,-130.0,,,,,,,,,,
2025-09-07,MIL @ PIT,MIL,PIT,2.0,10.0,+125,-155,+125,-130,+110,-140,+125,-155,EVEN,-130,+110,-140,,,,,+116,-150,+116,-150,+110,-140,EVEN,-145.0,,,,,,,,,,
2025-09-08,CLE @ KC,CLE,KC,10.0,2.0,-115,-115,EVEN,-118,-105,-125,-105,-125,-110,-120,-102,-125,,,,,-107,-118,-107,-118,-102,-125,EVEN,-145.0,,,,,,,,,,
2025-09-08,MIA @ WSH,MIA,WSH,7.0,15.0,-110,-120,-110,-109,-115,-115,-115,-115,-115,-115,-110,-115,,,,,-117,-109,-117,-109,-110,-115,-110,-130.0,,,,,,,,,,
2025-09-08,NYM @ PHI,NYM,PHI,1.0,0.0,-130,EVEN,-120,EVEN,-125,-105,-125,-105,-130,EVEN,-120,-110,,,,,-121,-106,-121,-106,-120,-110,-125,-115.0,,,,,,,,,,
2025-09-08,ATL @ CHC,ATL,CHC,4.0,1.0,-115,-115,-110,-110,-115,-115,-115,-115,-115,-115,-110,-115,,,,,-117,-110,-117,-112,-110,-115,-115,-130.0,,,,,,,,,,
2025-09-08,MIL @ TEX,MIL,TEX,5.0,0.0,-115,-115,-110,-113,-110,-115,-115,-115,-110,-120,-110,-115,,,,,-113,-113,-113,-113,-110,-118,-115,-125.0,,,,,,,,,,
2025-09-09,BAL @ PIT,BAL,PIT,3.0,2.0,-105,-125,+110,-127,EVEN,-130,+110,-140,EVEN,-130,EVEN,-130,,,,,-108,-127,-108,-127,EVEN,-130,+105,-150.0,,,,,,,,,,
2025-09-09,CLE @ KC,CLE,KC,2.0,0.0,+105,-135,+105,-120,-105,-125,-105,-125,-110,-120,-102,-125,,,,,-112,-121,-112,-121,-102,-125,+105,-150.0,,,,,,,,,,
2025-09-09,MIA @ WSH,MIA,WSH,5.0,7.0,-130,EVEN,-120,EVEN,-125,-105,-125,-105,-130,EVEN,-120,-105,,,,,-136,EVEN,-136,EVEN,-120,-105,-130,-115.0,,,,,,,,,,
2025-09-09,NYM @ PHI,NYM,PHI,9.0,3.0,-110,-120,EVEN,-110,-110,-120,-110,-120,-115,-115,EVEN,-130,,,,,-124,-110,-124,-110,EVEN,-130,-105,-135.0,,,,,,,,,,
2025-09-09,DET @ NYY,DET,NYY,2.0,12.0,-115,-115,-110,-112,-115,-115,-115,-115,-115,-115,-110,-115,,,,,-118,-115,-118,-112,-110,-115,-120,-130.0,,,,,,,,,,
2025-09-10,MIL @ TEX,MIL,TEX,6.0,3.0,+110,-145,+130,-155,+120,-160,+130,-160,+120,-160,+120,-155,,,,,+104,-167,+104,-167,+115,-155,+115,-165.0,,,,,,,,,,
2025-09-10,Athletics @ BOS,Athletics,BOS,5.0,4.0,-150,+115,+170,+130,-150,+115,-160,+130,-150,+115,-140,+110,,,,,-136,+108,-136,+108,-140,+110,+170,-250.0,,,,,,,,,,
2025-09-10,ARI @ SF,ARI,SF,3.0,5.0,-110,-115,-110,-108,-115,-115,-115,-115,-110,-115,-115,-115,,,,,-118,-108,-118,-108,-115,-115,-120,-125.0,,,,,,,,,,
2025-09-10,LAA @ MIN,LAA,MIN,4.0,3.0,-115,-110,-113,-110,-118,-110,-120,-110,-115,-110,-118,-110,,,,,-113,-113,-113,-113,-118,-110,-125,-115.0,,,,,,,,,,
2025-09-10,BAL @ PIT,BAL,PIT,2.0,1.0,+120,-155,+130,-145,+120,-155,+130,-160,+120,-155,+115,-145,,,,,+114,-155,+114,-155,+115,-145,EVEN,-150.0,,,,,,,,,,
2025-09-11,BAL @ PIT,BAL,PIT,3.0,2.0,EVEN,-130,EVEN,-115,-105,-125,-105,-125,EVEN,-130,-110,-115,,,,,-107,-120,-107,-120,-110,-115,,,,,,,,,,,,
2025-09-11,CWS @ TB,CWS,TB,5.0,1.0,+105,-135,+115,-127,+110,-140,+115,-145,+105,-140,+110,-140,,,,,-106,-127,-103,-127,+110,-140,,,,,,,,,,,,
2025-09-11,HOU @ TOR,HOU,TOR,6.0,0.0,-115,-110,-110,EVEN,-115,-110,-110,-120,-120,-105,-115,-110,,,,,-125,EVEN,-125,EVEN,-115,-110,,,,,,,,,,,,
2025-09-11,MIA @ WSH,MIA,WSH,5.0,0.0,EVEN,-130,EVEN,-120,EVEN,-125,-110,-120,EVEN,-130,EVEN,-125,,,,,-103,-124,-103,-124,EVEN,-125,,,,,,,,,,,,
2025-09-11,DET @ NYY,DET,NYY,9.0,3.0,-115,-115,-115,-103,-115,-115,-115,-115,-115,-115,-115,-110,,,,,-124,-103,-124,-103,-115,-110,,,,,,,,,,,,
2025-09-12,CHC @ TB,CHC,TB,6.0,4.0,+125,-155,+125,-120,EVEN,-130,+125,-155,EVEN,-130,-105,-120,,,,,+108,-137,+108,-137,-105,-120,,,,,,,,,,,,
2025-09-12,PIT @ WSH,PIT,WSH,6.0,5.0,-110,-115,EVEN,-115,-105,-125,-105,-125,-110,-115,EVEN,-130,,,,,-105,-125,-105,-125,EVEN,-130,,,,,,,,,,,,
2025-09-12,KC @ PHI,KC,PHI,8.0,2.0,-130,EVEN,-120,+110,-130,EVEN,-130,EVEN,-140,+110,-120,-105,,,,,-130,+104,-130,+104,-120,-105,,,,,,,,,,,,
2025-09-12,BAL @ TOR,BAL,TOR,6.0,1.0,-105,-125,+120,-114,+110,-140,+120,-150,-105,-125,+110,-140,,,,,-112,-114,-112,-114,+110,-140,,,,,,,,,,,,
2025-09-12,CWS @ CLE,CWS,CLE,4.0,0.0,EVEN,-130,EVEN,-120,-105,-125,-105,-125,EVEN,-130,-105,-120,,,,,-107,-120,-107,-120,-105,-120,,,,,,,,,,,,
2025-09-13,CHC @ TB,CHC,TB,4.0,5.0,-115,-110,-115,+102,-115,-110,-115,-115,-115,-110,-115,-110,,,,,-129,+102,-129,+102,-115,-110,,,,,,,,,,,,
2025-09-13,BAL @ TOR,BAL,TOR,5.0,4.0,-110,-120,-110,EVEN,-115,-115,-115,-120,-115,-115,-110,-115,,,,,-127,EVEN,-122,-104,-110,-125,,,,,,,,,,,,
2025-09-13,PIT @ WSH,PIT,WSH,1.0,5.0,-115,-115,-115,EVEN,-115,-110,-130,-115,-115,EVEN,-115,-110,,,,,-127,EVEN,-127,-110,-118,-110,,,,,,,,,,,,
2025-09-13,NYM @ TEX,NYM,TEX,2.0,3.0,-120,-110,-120,+110,-120,-105,-145,+105,-120,-110,-120,-105,,,,,-134,+106,-134,+110,-120,-105,,,,,,,,,,,,
2025-09-13,DET @ MIA,DET,MIA,6.0,4.0,-115,-115,-115,-110,-115,-115,-115,-115,-115,-115,-115,-110,,,,,-115,-110,-115,-110,-115,-110,,,,,,,,,,,,
2025-09-14,PIT @ WSH,PIT,WSH,4.0,3.0,-115,-110,-105,-110,-115,-115,-115,-115,-115,-110,-105,-125,,,,,-113,-113,-113,-113,-105,-125,,,,,,,,,,,,
2025-09-14,ATL @ HOU,ATL,HOU,8.0,3.0,-115,-115,-110,EVEN,-115,-115,-115,-115,-130,EVEN,-110,-115,,,,,-122,-103,-122,-103,-110,-115,,,,,,,,,,,,
2025-09-14,KC @ PHI,KC,PHI,3.0,10.0,-130,EVEN,-115,-105,-120,-110,-120,-110,-120,-110,-115,-110,,,,,-121,-105,-121,-105,-115,-110,,,,,,,,,,,,
2025-09-14,BAL @ TOR,BAL,TOR,11.0,2.0,-105,-125,EVEN,-115,-105,-125,EVEN,-130,-105,-125,-105,-120,,,,,-118,-115,-118,-115,-105,-120,,,,,,,,,,,,
2025-09-14,DET @ MIA,DET,MIA,0.0,2.0,-115,-115,-115,+120,-120,-105,-115,-115,-155,+120,-120,-105,,,,,-121,-106,-121,-106,-120,-105,,,,,,,,,,,,
2025-09-15,CHC @ PIT,CHC,PIT,0.0,4.0,-110,-115,-105,-115,-105,-120,-105,-125,-110,-115,-105,-120,,,,,-105,-122,-105,-122,-105,-120,,,,,,,,,,,,
2025-09-15,ATL @ WSH,ATL,WSH,3.0,11.0,-125,-105,-120,+102,-125,-105,-130,EVEN,-125,-105,-120,-105,,,,,-130,+102,-130,+102,-120,-105,,,,,,,,,,,,
2025-09-15,TB @ TOR,TB,TOR,1.0,2.0,-115,-115,-105,-115,-110,-115,-115,-115,-105,-125,-110,-115,,,,,-117,-117,-117,-117,-110,-115,,,,,,,,,,,,
2025-09-15,BAL @ CWS,BAL,CWS,1.0,4.0,+110,-145,+115,-135,+110,-145,+115,-145,+110,-145,+105,-135,,,,,+110,-139,+110,-139,+105,-135,,,,,,,,,,,,
2025-09-15,MIN @ NYY,MIN,NYY,7.0,0.0,-115,-110,-110,-105,-115,-110,-115,-115,-115,-110,-120,-105,,,,,-110,-115,-110,-115,-120,-105,,,,,,,,,,,,
2025-09-16,ATL @ WSH,ATL,WSH,3.0,6.0,-110,-120,-110,-105,-115,-115,-110,-120,-120,-110,-115,-115,,,,,-122,-105,-122,-105,-115,-115,-110,-130.0,,,,,,,,,,
2025-09-16,CHC @ PIT,CHC,PIT,1.0,4.0,+120,-160,+155,-160,+125,-160,+155,-190,+120,-160,+125,-160,,,,,+128,-162,+128,-162,+125,-160,+145,-210.0,,,,,,,,,,
2025-09-16,CLE @ DET,CLE,DET,5.0,7.0,EVEN,-130,EVEN,-113,-105,-120,-110,-120,EVEN,-130,-105,-120,,,,,-112,-113,-112,-113,-105,-120,-105,-140.0,,,,,,,,,,
2025-09-16,Boston @ BOS,Boston,BOS,1.0,2.0,-120,-110,-110,-105,-120,-110,-115,-115,-120,-110,-120,-105,,,,,-110,-115,-110,-115,-120,-105,-120,-120.0,,,,,,,,,,
2025-09-17,CHC @ PIT,CHC,PIT,4.0,8.0,EVEN,-130,EVEN,-120,-105,-125,-105,-125,EVEN,-130,-105,-120,,,,,-107,-120,-107,-120,-105,-120,-105,-135.0,,,,,,,,,,
2025-09-17,CIN @ STL,CIN,STL,2.0,6.0,-115,-115,-106,-110,-115,-115,-115,-115,-115,-110,-110,-115,,,,,-106,-121,-106,-121,-110,-115,-110,-135.0,,,,,,,,,,
2025-09-17,BAL @ CWS,BAL,CWS,1.0,3.0,EVEN,-130,+115,-120,EVEN,-125,+115,-120,EVEN,-130,-102,-125,,,,,EVEN,-125,EVEN,-125,-102,-125,+105,-150.0,,,,,,,,,,
2025-09-17,ARI @ SF,ARI,SF,1.0,5.0,-125,-105,-115,EVEN,-115,-105,-130,-105,-115,-105,-115,-110,,,,,-115,-109,-115,EVEN,-115,-110,-120,-120.0,,,,,,,,,,
2025-09-17,ATL @ WSH,ATL,WSH,4.0,9.0,-120,-110,-110,-110,-115,-115,-115,-115,-120,-110,-110,-115,,,,,-114,-112,-114,-112,-110,-115,-115,-125.0,,,,,,,,,,
2025-09-18,NYM @ SD,NYM,SD,6.0,1.0,-130,EVEN,-130,+107,-135,+105,-135,+105,-130,EVEN,-135,+105,,,,,-136,+107,-136,+107,-135,+105,-135,-110.0,,,,,,,,,,
2025-09-18,TB @ TOR,TB,TOR,4.0,0.0,-110,-120,-105,-107,-110,-120,-110,-120,-110,-120,-105,-135,,,,,-120,-107,-120,-121,-105,-125,-120,-120.0,,,,,,,,,,
2025-09-18,CLE @ DET,CLE,DET,1.0,3.0,+120,-155,+120,-135,+110,-145,+105,-135,+120,-155,+110,-145,,,,,+107,-137,+107,-137,+110,-145,EVEN,-145.0,,,,,,,,,,
2025-09-18,Boston @ BOS,Boston,BOS,3.0,5.0,-125,-105,-110,EVEN,-125,-105,-125,-105,-125,-105,-110,EVEN,,,,,-134,EVEN,-134,EVEN,-110,EVEN,-125,-115.0,,,,,,,,,,
2025-09-18,KC @ SEA,KC,SEA,0.0,2.0,-140,+110,-127,+110,-135,+105,-135,+105,-140,+110,-135,-102,,,,,-127,EVEN,-127,EVEN,-135,-102,-135,-120.0,,,,,,,,,,
2025-09-19,CHC @ CIN,CHC,CIN,7.0,4.0,+105,-135,+120,-122,+105,-140,+120,-155,+105,-140,+105,-135,,,,,-104,-122,-104,-122,+105,-135,+105,-155.0,,,,,,,,,,
2025-09-19,ATL @ DET,ATL,DET,1.0,10.0,-115,-110,-115,-105,-120,-110,-120,-110,-115,-110,-120,-105,,,,,-122,-105,-122,-105,-120,-105,-125,-115.0,,,,,,,,,,
2025-09-19,Pittsburgh @ PIT,Pittsburgh,PIT,3.0,4.0,-110,-115,-105,-105,-115,-115,-115,-115,-110,-115,-120,-105,,,,,-105,-122,-105,-122,-120,-105,-125,-115.0,,,,,,,,,,
2025-09-19,BAL @ NYY,BAL,NYY,4.0,2.0,-110,-120,-108,-115,-110,-120,-110,-120,-110,-120,-115,-115,,,,,-108,-118,-108,-118,-115,-115,-125,-120.0,,,,,,,,,,
2025-09-19,NYM @ WSH,NYM,WSH,12.0,6.0,-125,-105,-118,EVEN,-130,EVEN,-130,EVEN,-130,EVEN,-118,-110,,,,,-134,EVEN,-134,EVEN,-118,-110,-130,-115.0,,,,,,,,,,
2025-09-20,ATL @ DET,ATL,DET,5.0,6.0,-130,EVEN,-120,EVEN,-125,-105,-125,-105,-130,EVEN,-120,-105,,,,,-125,EVEN,-125,EVEN,-120,-105,-135,-110.0,,,,,,,,,,
2025-09-20,CLE @ MIN,CLE,MIN,0.0,6.0,+105,-135,+117,-113,EVEN,-140,+105,-145,-110,-115,EVEN,-140,,,,,+117,-113,-113,-113,EVEN,-135,-105,-150.0,,,,,,,,,,
2025-09-20,NYM @ WSH,NYM,WSH,3.0,5.0,-125,-105,-115,EVEN,-120,-105,-130,EVEN,-115,-105,-120,-120,,,,,-120,-107,-120,-107,-120,-105,-125,-115.0,,,,,,,,,,
2025-09-20,Pittsburgh @ PIT,Pittsburgh,PIT,2.0,0.0,-110,-120,EVEN,-120,-105,-120,-105,-125,-110,-120,-105,-120,,,,,EVEN,-127,EVEN,-127,-105,-120,-115,-125.0,,,,,,,,,,
2025-09-20,CHC @ CIN,CHC,CIN,6.0,3.0,-115,-115,-105,-105,-115,-115,-115,-115,-115,-115,-120,-105,,,,,-114,-112,-114,-112,-120,-105,-105,-130.0,,,,,,,,,,
2025-09-21,ATL @ DET,ATL,DET,2.0,6.0,-105,-125,-108,-115,-110,-118,-115,-115,-110,-120,-110,-118,,,,,-108,-118,-108,-118,-110,-118,-115,-130.0,,,,,,,,,,
2025-09-21,Pittsburgh @ PIT,Pittsburgh,PIT,11.0,0.0,-115,-110,-103,-110,-110,-115,-110,-120,-115,-110,-110,-115,,,,,-103,-124,-103,-124,-110,-115,-115,-125.0,,,,,,,,,,
2025-09-21,BAL @ NYY,BAL,NYY,1.0,7.0,EVEN,-130,EVEN,-115,-105,-120,EVEN,-130,-110,-120,-105,-120,,,,,-110,-115,-110,-115,-105,-120,-110,-130.0,,,,,,,,,,
2025-09-21,CHC @ CIN,CHC,CIN,1.0,0.0,-105,-125,EVEN,-120,-105,-125,EVEN,-130,-105,-125,-105,-120,,,,,-103,-125,-103,-125,-105,-120,-115,-125.0,,,,,,,,,,
2025-09-21,NYM @ WSH,NYM,WSH,2.0,3.0,-125,-105,-120,+105,-125,-105,-135,+105,-125,-105,-120,-105,,,,,-129,+102,-129,+102,-120,-105,-130,-110.0,,,,,,,,,,
2025-09-22,ATL @ WSH,ATL,WSH,11.0,5.0,+115,-150,+120,-137,+115,-150,+120,-150,+115,-150,+115,-150,,,,,+108,-137,+108,-137,+115,-150,+110,-165.0,,,,,,,,,,
2025-09-22,MIL @ SD,MIL,SD,5.0,4.0,+120,-155,+120,-132,+120,-150,+120,-150,+120,-155,+105,-135,,,,,+104,-132,+104,-132,+105,-135,EVEN,-150.0,,,,,,,,,,
2025-09-22,SF @ STL,SF,STL,5.0,6.0,-105,-125,EVEN,-120,-105,-125,-110,-120,-105,-125,-105,-125,,,,,EVEN,-125,EVEN,-125,-105,-125,-110,-130.0,,,,,,,,,,
2025-09-23,BAL @ TB,BAL,TB,6.0,0.0,-115,-115,-115,-109,-115,-115,-115,-115,-115,-115,-120,-110,,,,,-117,-109,-117,-109,-120,-110,-125,-120.0,,,,,,,,,,
2025-09-23,CLE @ DET,CLE,DET,5.0,2.0,+120,-155,+135,-155,+125,-160,+135,-165,+120,-155,+125,-160,,,,,+125,-159,+125,-159,+125,-160,+120,-175.0,,,,,,,,,,
2025-09-23,CIN @ PIT,CIN,PIT,2.0,4.0,EVEN,-130,+105,-125,+105,-135,+105,-135,EVEN,-130,+105,-135,,,,,+104,-132,+104,-132,+105,-135,EVEN,-125.0,,,,,,,,,,
2025-09-23,MIA @ PHI,MIA,PHI,5.0,6.0,-105,-125,-105,-120,-105,-125,-105,-125,-105,-125,-105,-120,,,,,-105,-121,-105,-121,-105,-120,-115,-130.0,,,,,,,,,,
2025-09-23,CWS @ NYY,CWS,NYY,3.0,2.0,-115,-115,-113,-113,-115,-115,-115,-115,-115,-115,-115,-115,,,,,-113,-113,-113,-113,-115,-115,-125,-115.0,,,,,,,,,,
2025-09-24,ATL @ WSH,ATL,WSH,3.0,4.0,-130,EVEN,-120,+105,-130,EVEN,-135,+105,-130,EVEN,-120,-105,,,,,-132,+104,-132,+104,-120,-105,-130,-110.0,,,,,,,,,,
2025-09-24,MIL @ SD,MIL,SD,1.0,3.0,EVEN,-130,EVEN,-118,EVEN,-130,EVEN,-130,EVEN,-130,-102,-125,,,,,-108,-118,-108,-118,-102,-125,-110,-130.0,,,,,,,,,,
2025-09-24,BAL @ TB,BAL,TB,2.0,6.0,-105,-125,-105,-117,-105,-120,-110,-120,-105,-125,-105,-120,,,,,-109,-117,-109,-117,-105,-120,-120,-120.0,,,,,,,,,,
2025-09-24,CIN @ PIT,CIN,PIT,3.0,4.0,+135,-175,+165,-175,+135,-175,+165,-210,+135,-175,+135,-175,,,,,+145,-186,+145,-186,+135,-175,+135,-195.0,,,,,,,,,,
2025-09-24,CLE @ DET,CLE,DET,5.0,1.0,+105,-135,+110,-122,+105,-135,+105,-135,EVEN,-130,+110,-140,,,,,-104,-122,-104,-122,+110,-140,+105,-150.0,,,,,,,,,,
2025-09-25,CIN @ PIT,CIN,PIT,2.0,1.0,EVEN,-130,+110,-130,EVEN,-135,+110,-140,EVEN,-130,EVEN,-135,,,,,+107,-136,+107,-136,EVEN,-135,EVEN,-145.0,,,,,,,,,,
2025-09-25,BAL @ TB,BAL,TB,6.0,5.0,-110,-120,-105,-115,-110,-120,-105,-125,-110,-120,-110,-115,,,,,-109,-115,-109,-115,-110,-115,-120,-125.0,,,,,,,,,,
2025-09-25,MIN @ TEX,MIN,TEX,0.0,4.0,+110,-140,+110,-129,+105,-135,+105,-135,+110,-140,+105,-135,,,,,EVEN,-129,EVEN,-129,+105,-135,-105,-135.0,,,,,,,,,,
2025-09-25,Athletics @ HOU,Athletics,HOU,5.0,11.0,-145,+115,+185,+115,-130,EVEN,-145,+115,-125,-105,-130,EVEN,,,,,-115,-112,-115,-112,-130,EVEN,+185,-275.0,,,,,,,,,,
2025-09-25,ARI @ LAD,ARI,LAD,0.0,8.0,-120,-110,-115,-106,-115,-115,-115,-115,-120,-110,-115,-115,,,,,-121,-106,-121,-106,-115,-115,-115,-125.0,,,,,,,,,,
2025-09-26,CHC @ STL,CHC,STL,12.0,1.0,-115,-115,-115,-107,-115,-110,-115,-115,-120,-110,-115,-110,,,,,-120,-107,-120,-107,-115,-110,-125,-115.0,,,,,,,,,,
2025-09-26,MIN @ PHI,MIN,PHI,3.0,1.0,-110,-115,-105,-113,-110,-120,-110,-120,-115,-115,-105,-120,,,,,-121,-113,-121,-113,-105,-120,-110,-130.0,,,,,,,,,,
2025-09-26,CWS @ WSH,CWS,WSH,9.0,10.0,-115,-110,-114,-110,-115,-110,-115,-115,-115,-110,-115,-110,,,,,-114,-112,-114,-112,-115,-110,-120,-120.0,,,,,,,,,,
2025-09-26,BAL @ NYY,BAL,NYY,8.0,4.0,-145,+110,-110,+110,-120,-110,-120,-110,-145,+110,-110,-115,,,,,-120,-106,-120,-106,-110,-115,-130,-115.0,,,,,,,,,,
2025-09-26,TB @ TOR,TB,TOR,4.0,2.0,-115,-115,-110,-105,-115,-110,-115,-115,-115,-110,-120,-105,,,,,-113,-113,-113,-113,-120,-105,-110,-130.0,,,,,,,,,,
2025-09-27,BAL @ NYY,BAL,NYY,6.0,1.0,-125,-105,-120,-105,-125,-105,-125,-105,-125,-105,-120,-105,,,,,-121,-105,-121,-105,-120,-105,-125,-115.0,,,,,,,,,,
2025-09-27,CHC @ STL,CHC,STL,7.0,3.0,-120,-110,-130,+110,-135,+105,-130,EVEN,-135,+105,-135,+105,,,,,-139,+110,-139,+110,-135,+105,-130,-115.0,,,,,,,,,,
2025-09-27,TB @ TOR,TB,TOR,5.0,1.0,-115,-115,-105,-107,-110,-115,-110,-115,-115,-115,-105,-120,,,,,-120,-107,-120,-107,-105,-120,-125,-115.0,,,,,,,,,,
2025-09-27,COL @ SF,COL,SF,4.0,3.0,-115,-115,-110,-110,-110,-115,-115,-115,-110,-120,-110,-115,,,,,-115,-110,-115,-110,-110,-115,-110,-130.0,,,,,,,,,,
2025-09-27,CWS @ WSH,CWS,WSH,6.0,5.0,-120,-110,-115,-107,-115,-115,-115,-115,-115,-115,-115,-110,,,,,-120,-107,-120,-107,-115,-110,-115,-125.0,,,,,,,,,,
2025-09-28,COL @ SF,COL,SF,4.0,0.0,-110,-120,+110,-120,+105,-135,-110,-120,+105,-140,+105,-135,,,,,+102,-139,+102,-139,+105,-135,+110,-155.0,,,,,,,,,,
2025-09-28,CWS @ WSH,CWS,WSH,0.0,8.0,-115,-115,-105,-110,-115,-115,-115,-115,-115,-110,-105,-120,,,,,-106,-121,-106,-121,-105,-120,-115,-125.0,,,,,,,,,,
2025-09-28,BAL @ NYY,BAL,NYY,3.0,2.0,-125,-105,-115,-105,-120,-110,-125,-105,-120,-110,-115,-110,,,,,-115,-109,-115,-109,-115,-110,-130,-115.0,,,,,,,,,,
2025-09-28,Athletics @ KC,Athletics,KC,2.0,9.0,-115,-115,-105,+102,-115,-115,-115,-115,-105,-125,-120,-105,,,,,-129,+102,-129,+102,-120,-105,-125,-115.0,,,,,,,,,,
2025-09-28,BOS @ DET,BOS,DET,4.0,3.0,-115,-110,-115,-109,-115,-110,-115,-115,-115,-110,-115,-110,,,,,-117,-109,-117,-109,-115,-110,-130,-110.0,,,,,,,,,,
2025-09-30,CLE @ DET,CLE,DET,1.0,2.0,+165,-210,+165,-165,+130,-165,+165,-210,+125,-165,+130,-165,,,,,+130,-165,+130,-165,+130,-165,+120,-175.0,,,,,,,,,,
2025-09-30,CHC @ SD,CHC,SD,3.0,1.0,+140,-170,+140,-136,+118,-150,+140,-170,+110,-140,+118,-150,,,,,+102,-136,+102,-136,+118,-150,+115,-165.0,,,,,,,,,,
2025-09-30,BOS @ NYY,BOS,NYY,1.0,3.0,+130,-160,+130,-130,+110,-145,+130,-160,EVEN,-130,+110,-145,,,,,+115,-159,+115,-159,+110,-145,+105,-195.0,,,,,,,,,,
2025-09-30,CIN @ LAD,CIN,LAD,10.0,5.0,+135,-165,+135,-130,+110,-145,+135,-165,EVEN,-130,+110,-145,,,,,+107,-150,+107,-150,+110,-145,+105,-150.0,,,,,,,,,,
2025-10-01,CLE @ DET,CLE,DET,6.0,1.0,+130,-160,+130,-145,+130,-160,+130,-160,+130,-170,+125,-160,,,,,+130,-175,+130,-175,+125,-160,EVEN,-145.0,,,,,,,,,,
2025-10-01,CHC @ SD,CHC,SD,0.0,3.0,+125,-155,+135,-155,+125,-160,+125,-155,+135,-180,+125,-160,,,,,+120,-159,+120,-159,+125,-160,+105,-155.0,,,,,,,,,,
2025-10-01,BOS @ NYY,BOS,NYY,4.0,3.0,+110,-140,+110,-135,+110,-140,+110,-150,EVEN,-140,+110,-135,,,,,+107,-148,+107,-148,+105,-135,EVEN,-170.0,,,,,,,,,,
2025-10-01,CIN @ LAD,CIN,LAD,8.0,4.0,-105,-125,-104,-105,-105,-125,-105,-125,-125,-105,-105,-125,,,,,-104,-122,-104,-122,-105,-125,-125,-120.0,,,,,,,,,,
2025-10-02,CLE @ DET,CLE,DET,3.0,6.0,+105,-135,+120,-135,+110,-145,+120,-150,+110,-145,+105,-135,,,,,+107,-137,+107,-137,+105,-135,+110,-155.0,,,,,,,,,,
2025-10-02,CHC @ SD,CHC,SD,3.0,1.0,EVEN,-130,+105,-124,EVEN,-130,+105,-135,EVEN,-130,EVEN,-130,,,,,-113,-124,-113,-124,EVEN,-130,-115,-125.0,,,,,,,,,,
2025-10-02,BOS @ NYY,BOS,NYY,4.0,0.0,-105,-120,-105,-110,-110,-120,-110,-120,-115,-110,-105,-120,,,,,-112,-114,-112,-114,-105,-120,-110,-155.0,,,,,,,,,,
2025-10-04,CHC @ MIL,CHC,MIL,9.0,3.0,+105,-135,+110,-135,+110,-140,+105,-135,+110,-145,+110,-140,,,,,+106,-139,+106,-139,+110,-140,+105,-150.0,,,,,,,,,,
2025-10-04,NYY @ TOR,NYY,TOR,10.0,1.0,+105,-135,EVEN,-110,EVEN,-125,EVEN,-130,-115,-115,EVEN,-125,,,,,-115,-110,EVEN,-110,-102,-125,-105,-140.0,,,,,,,,,,
2025-10-04,LAD @ PHI,LAD,PHI,3.0,5.0,+115,-150,+115,-130,+105,-135,+105,-135,EVEN,-130,+115,-150,,,,,+108,-136,+108,-136,+115,-150,+105,-155.0,,,,,,,,,,
2025-10-04,DET @ SEA,DET,SEA,2.0,3.0,+115,-145,+240,-137,+110,-145,+115,-145,+110,-140,+110,-145,,,,,+107,-137,+107,-137,+110,-145,+240,-380.0,,,,,,,,,,
2025-10-05,NYY @ TOR,NYY,TOR,13.0,7.0,-110,-120,+105,-113,-105,-115,+105,-135,-105,-115,-110,-115,,,,,-106,-120,-106,-113,-110,-115,-105,-135.0,,,,,,,,,,
2025-10-05,DET @ SEA,DET,SEA,3.0,2.0,+140,-180,+200,-180,+140,-180,+200,-250,+140,-180,+140,-180,,,,,+143,-182,+143,-182,+140,-180,+130,-190.0,,,,,,,,,,
2025-10-06,LAD @ PHI,LAD,PHI,3.0,4.0,+110,-140,+115,-125,+110,-145,+110,-140,+110,-145,+115,-150,,,,,-103,-125,-103,-125,+115,-150,-105,-140.0,,,,,,,,,,
2025-10-06,CHC @ MIL,CHC,MIL,7.0,3.0,+110,-140,+220,-112,+105,-135,+110,-140,+105,-135,-105,-120,,,,,-114,-112,-114,-112,-105,-120,+220,-340.0,,,,,,,,,,
2025-10-07,DET @ SEA,DET,SEA,4.0,8.0,+125,-155,+125,-130,+105,-135,+125,-155,EVEN,-130,+105,-135,,,,,+107,-136,+107,-136,+105,-135,EVEN,-145.0,,,,,,,,,,
2025-10-07,NYY @ TOR,NYY,TOR,9.0,6.0,-105,-125,+105,-118,-105,-125,-105,-125,-105,-120,+105,-135,,,,,-108,-118,-108,-118,+105,-135,-115,-125.0,,,,,,,,,,
2025-10-08,DET @ SEA,DET,SEA,9.0,3.0,-115,-115,-105,-115,-110,-120,-110,-120,-110,-120,-110,-115,,,,,-114,-115,-114,-115,-110,-115,-105,-140.0,,,,,,,,,,
2025-10-08,CHC @ MIL,CHC,MIL,4.0,3.0,+145,-180,+270,-125,+115,-150,+145,-180,-105,-125,+115,-150,,,,,+112,-143,+112,-143,+115,-150,+270,-440.0,,,,,,,,,,
2025-10-08,NYY @ TOR,NYY,TOR,2.0,5.0,-120,-110,-110,-108,-115,-110,-110,-120,-120,-110,-115,-110,,,,,-118,-108,-118,-108,-115,-110,-125,-115.0,,,,,,,,,,
2025-10-08,LAD @ PHI,LAD,PHI,2.0,8.0,-115,-115,-102,-113,-110,-120,-110,-120,-115,-115,-102,-125,,,,,-113,-113,-113,-113,-102,-125,-115,-130.0,,,,,,,,,,
2025-10-09,LAD @ PHI,LAD,PHI,2.0,1.0,+105,-135,EVEN,-115,-102,-130,EVEN,-130,-105,-125,-102,-130,,,,,-117,-115,-117,-115,EVEN,-130,EVEN,-145.0,,,,,,,,,,
2025-10-09,CHC @ MIL,CHC,MIL,6.0,0.0,+105,-135,+125,-129,+110,-145,+125,-155,+105,-135,+110,-145,,,,,+102,-129,+102,-129,+110,-145,EVEN,-150.0,,,,,,,,,,
2025-10-10,DET @ SEA,DET,SEA,3.0,2.0,+170,-220,+160,-190,+155,-190,+155,-190,+145,-190,+155,-200,,,,,+160,-230,+160,-230,+155,-200,+160,-240.0,,,,,,,,,,
2025-10-11,CHC @ MIL,CHC,MIL,3.0,1.0,+125,-155,+240,-127,+105,-135,+125,-155,+105,-135,+105,-135,,,,,-107,-127,-107,-127,+105,-135,+240,-375.0,,,,,,,,,,
2025-10-12,SEA @ TOR,SEA,TOR,1.0,3.0,+120,-150,-105,-115,-105,-120,-105,-125,-115,-115,-105,-120,,,,,-105,-121,-105,-121,-105,-120,-105,-135.0,,,,,,,,,,
2025-10-13,SEA @ TOR,SEA,TOR,3.0,10.0,-115,-110,+115,-114,+105,-140,+105,-135,-115,-140,+110,-140,,,,,-112,-114,+108,-136,+115,-140,+115,-135.0,,,,,,,,,,
2025-10-13,LAD @ MIL,LAD,MIL,1.0,2.0,+105,-135,+110,-125,+110,-140,+110,-140,+105,-140,+110,-140,,,,,EVEN,-125,EVEN,-125,+110,-140,+105,-150.0,,,,,,,,,,
2025-10-14,LAD @ MIL,LAD,MIL,1.0,5.0,+120,-150,+120,-129,+120,-140,+120,-140,+105,-135,+120,-155,,,,,+102,-152,+114,-129,+120,-155,+105,-155.0,,,,,,,,,,
2025-10-15,SEA @ TOR,SEA,TOR,4.0,13.0,+125,-155,+115,-140,+115,-150,+110,-140,+115,-150,+115,-150,,,,,+114,-150,+114,-150,+115,-150,+115,-165.0,,,,,,,,,,
2025-10-16,LAD @ MIL,LAD,MIL,3.0,1.0,+105,-135,+110,-132,+110,-145,+105,-135,+110,-145,+110,-145,,,,,-103,-132,-103,-132,+110,-145,+105,-150.0,,,,,,,,,,
2025-10-16,SEA @ TOR,SEA,TOR,2.0,8.0,+105,-135,+105,-105,+105,-135,+105,-135,-120,-105,+105,-135,,,,,+104,-132,+104,-132,+105,-135,-115,-125.0,,,,,,,,,,
2025-10-17,SEA @ TOR,SEA,TOR,6.0,2.0,EVEN,-130,+110,-121,+110,-140,+110,-140,EVEN,-135,+110,-140,,,,,-106,-121,-106,-121,+110,-140,+105,-155.0,,,,,,,,,,
2025-10-17,LAD @ MIL,LAD,MIL,5.0,1.0,EVEN,-130,EVEN,-115,EVEN,-130,EVEN,-130,-105,-125,EVEN,-130,,,,,-110,-115,-110,-115,EVEN,-130,-115,-125.0,,,,,,,,,,
2025-10-19,SEA @ TOR,SEA,TOR,6.0,2.0,-105,-125,+120,-125,+105,-135,+120,-150,-105,-125,+105,-135,,,,,-103,-125,-103,-125,+105,-135,-110,-135.0,,,,,,,,,,
2025-10-20,SEA @ TOR,SEA,TOR,4.0,3.0,+115,-145,+115,-118,+110,-140,+115,-145,-105,-125,+110,-140,,,,,-108,-118,-108,-118,+110,-140,-105,-140.0,,,,,,,,,,
2025-10-24,LAD @ TOR,LAD,TOR,11.0,4.0,+115,-145,+265,-135,+105,-135,+110,-140,EVEN,-135,+105,-135,,,,,+108,-137,+108,-137,+105,-135,+110,-160.0,,,,,,,,,,
2025-10-25,LAD @ TOR,LAD,TOR,1.0,5.0,-105,-120,+104,-112,-105,-120,,,-105,-120,,,,,,,-114,-112,+104,-112,,,-105,-140.0,,,,,,,,,,
2025-10-27,LAD @ TOR,LAD,TOR,6.0,5.0,-115,-110,EVEN,-118,-105,-125,-110,-120,-105,-125,EVEN,-130,,,,,-107,-118,-107,-118,EVEN,-130,-105,-140.0,,,,,,,,,,
2025-10-28,LAD @ TOR,LAD,TOR,2.0,6.0,-105,-125,+105,-115,-105,-125,-105,-125,-110,-115,+105,-135,,,,,-109,-118,-109,-118,+105,-135,EVEN,-145.0,,,,,,,,,,
2025-10-29,LAD @ TOR,LAD,TOR,1.0,6.0,-115,-115,+110,-110,-115,-115,-115,-115,-120,-110,+110,-140,,,,,-109,-117,-109,-117,+110,-140,-105,-140.0,,,,,,,,,,
2025-10-31,LAD @ TOR,LAD,TOR,1.0,3.0,-115,-110,+105,-109,-105,-125,-105,-125,-115,-110,+105,-135,,,,,-117,-109,-117,-109,+105,-135,-110,-130.0,,,,,,,,,,
2026-03-25,NYY @ SF,NYY,SF,0.0,7.0,+105,-140,+280,-155,+120,-155,,,+120,-155,,,,,,,+110,-157,+110,-157,,,+280,-560.0,,,,,,,,,,
2026-03-25,New York @ San Francisco,New York,San Francisco,,,105.0,-140.0,280.0,-155.0,,,,,,,,,,,,,,,,,,,,,,,,,,,,,,
2026-03-25,NYM @ SF,NYM,SF,,,105,-140,280,-155,,,,,,,,,,,,,,,,,,,,,,,,,,,,,,
2026-03-26,,ARI,LAD,,,,,,,,,,,,,,,,,,,,,,,,,,,,,,,,,,,-125.0,-105.0
2026-03-26,,CLE,SEA,,,,,,,,,,,,,,,,,,,,,,,,,,,,,,,,,,,110.0,-140.0
2026-03-26,,KC,ATL,,,,,,,,,,,,,,,,,,,,,,,,,,,,,,,,,,,105.0,-140.0
2026-03-26,,OAK,TOR,,,,,,,,,,,,,,,,,,,,,,,,,,,,,,,,,,,-115.0,-110.0
2026-03-26,,COL,MIA,,,,,,,,,,,,,,,,,,,,,,,,,,,,,,,,,,,105.0,-140.0
2026-03-27,,MIN,BAL,,,,,,,,,,,,,,,,,,,,,,,,,,,,,,,,,,,110.0,-145.0
2026-03-27,,WAS,CHC,,,,,,,,,,,,,,,,,,,,,,,,,,,,,,,,,,,-125.0,-105.0
2026-03-27,,ARI,LAD,,,,,,,,,,,,,,,,,,,,,,,,,,,,,,,,,,,-115.0,-115.0
2026-03-27,,TEX,PHI,,,,,,,,,,,,,,,,,,,,,,,,,,,,,,,,,,,100.0,-130.0
2026-03-27,,COL,MIA,,,,,,,,,,,,,,,,,,,,,,,,,,,,,,,,,,,105.0,-140.0
2026-03-27,,KC,ATL,,,,,,,,,,,,,,,,,,,,,,,,,,,,,,,,,,,-105.0,-125.0
2026-03-27,,NYY,SF,,,,,,,,,,,,,,,,,,,,,,,,,,,,,,,,,,,-125.0,-105.0
2026-03-27,,CWS,MIL,,,,,,,,,,,,,,,,,,,,,,,,,,,,,,,,,,,-105.0,-125.0
2026-03-27,,LAA,HOU,,,,,,,,,,,,,,,,,,,,,,,,,,,,,,,,,,,100.0,-130.0
2026-03-27,,CLE,SEA,,,,,,,,,,,,,,,,,,,,,,,,,,,,,,,,,,,115.0,-145.0
2026-03-27,,TB,STL,,,,,,,,,,,,,,,,,,,,,,,,,,,,,,,,,,,-105.0,-125.0
2026-03-27,,OAK,TOR,,,,,,,,,,,,,,,,,,,,,,,,,,,,,,,,,,,100.0,-130.0
2026-03-27,,PIT,NYM,,,,,,,,,,,,,,,,,,,,,,,,,,,,,,,,,,,-105.0,-125.0
2026-03-27,,DET,SD,,,,,,,,,,,,,,,,,,,,,,,,,,,,,,,,,,,-105.0,-125.0
2026-03-27,,BOS,CIN,,,,,,,,,,,,,,,,,,,,,,,,,,,,,,,,,,,105.0,-135.0
2026-03-29,,CLE,SEA,,,,,,,,,,,,,,,,,,,,,,,,,,,,,,,,,,,100.0,-130.0
2026-03-28,,CLE,SEA,,,,,,,,,,,,,,,,,,,,,,,,,,,,,,,,,,,100.0,-130.0
2026-03-30,,TEX,BAL,,,,,,,,,,,,,,,,,,,,,,,,,,,,,,,,,,,-120.0,-105.0
2026-03-30,,CLE,LAD,,,,,,,,,,,,,,,,,,,,,,,,,,,,,,,,,,,-115.0,-115.0
2026-03-30,,MIN,KC,,,,,,,,,,,,,,,,,,,,,,,,,,,,,,,,,,,-135.0,105.0
2026-03-30,,NYM,STL,,,,,,,,,,,,,,,,,,,,,,,,,,,,,,,,,,,-110.0,-120.0
2026-03-30,,BOS,HOU,,,,,,,,,,,,,,,,,,,,,,,,,,,,,,,,,,,-120.0,-110.0
2026-03-30,,TB,MIL,,,,,,,,,,,,,,,,,,,,,,,,,,,,,,,,,,,100.0,-135.0
2026-03-30,,SF,SD,,,,,,,,,,,,,,,,,,,,,,,,,,,,,,,,,,,-105.0,-120.0
2026-03-30,,NYY,SEA,,,,,,,,,,,,,,,,,,,,,,,,,,,,,,,,,,,100.0,-130.0
2026-03-30,,COL,TOR,,,,,,,,,,,,,,,,,,,,,,,,,,,,,,,,,,,-115.0,-110.0
2026-03-30,,WAS,PHI,,,,,,,,,,,,,,,,,,,,,,,,,,,,,,,,,,,-135.0,105.0
2026-03-30,,CWS,MIA,,,,,,,,,,,,,,,,,,,,,,,,,,,,,,,,,,,100.0,-130.0
2026-03-30,,DET,ARI,,,,,,,,,,,,,,,,,,,,,,,,,,,,,,,,,,,-125.0,-105.0
2026-03-30,,PIT,CIN,,,,,,,,,,,,,,,,,,,,,,,,,,,,,,,,,,,115.0,-150.0
2026-03-30,,OAK,ATL,,,,,,,,,,,,,,,,,,,,,,,,,,,,,,,,,,,-130.0,100.0
2026-03-30,,LAA,CHC,,,,,,,,,,,,,,,,,,,,,,,,,,,,,,,,,,,-145.0,110.0
2026-04-01,,CLE,LAD,,,,,,,,,,,,,,,,,,,,,,,,,,,,,,,,,,,100.0,-130.0
2026-03-31,,CLE,LAD,,,,,,,,,,,,,,,,,,,,,,,,,,,,,,,,,,,100.0,-130.0
2026-04-02,,ATL,ARI,,,,,,,,,,,,,,,,,,,,,,,,,,,,,,,,,,,-120.0,-105.0
2026-04-02,,PHI,COL,,,,,,,,,,,,,,,,,,,,,,,,,,,,,,,,,,,-130.0,100.0
2026-04-02,,MIL,KC,,,,,,,,,,,,,,,,,,,,,,,,,,,,,,,,,,,-150.0,115.0
2026-04-02,,NYM,SF,,,,,,,,,,,,,,,,,,,,,,,,,,,,,,,,,,,105.0,-140.0
2026-04-02,,TB,MIN,,,,,,,,,,,,,,,,,,,,,,,,,,,,,,,,,,,-105.0,-125.0
2026-04-02,,BAL,PIT,,,,,,,,,,,,,,,,,,,,,,,,,,,,,,,,,,,-105.0,-125.0
2026-04-02,,STL,DET,,,,,,,,,,,,,,,,,,,,,,,,,,,,,,,,,,,-105.0,-125.0
2026-04-02,,HOU,OAK,,,,,,,,,,,,,,,,,,,,,,,,,,,,,,,,,,,-160.0,125.0
2026-04-02,,MIA,NYY,,,,,,,,,,,,,,,,,,,,,,,,,,,,,,,,,,,-115.0,-115.0
2026-04-02,,SEA,LAA,,,,,,,,,,,,,,,,,,,,,,,,,,,,,,,,,,,105.0,-135.0
2026-04-02,,SD,BOS,,,,,,,,,,,,,,,,,,,,,,,,,,,,,,,,,,,105.0,-135.0
2026-04-02,,CIN,TEX,,,,,,,,,,,,,,,,,,,,,,,,,,,,,,,,,,,105.0,-135.0
2026-04-02,,TOR,CWS,,,,,,,,,,,,,,,,,,,,,,,,,,,,,,,,,,,125.0,-160.0
2026-04-02,,CHC,CLE,,,,,,,,,,,,,,,,,,,,,,,,,,,,,,,,,,,105.0,-140.0
2026-04-06,,MIL,BOS,,,,,,,,,,,,,,,,,,,,,,,,,,,,,,,,,,,140.0,-180.0
2026-04-06,,STL,WAS,,,,,,,,,,,,,,,,,,,,,,,,,,,,,,,,,,,125.0,-160.0
2026-04-06,,ATL,LAA,,,,,,,,,,,,,,,,,,,,,,,,,,,,,,,,,,,-115.0,-115.0
2026-04-06,,PHI,SF,,,,,,,,,,,,,,,,,,,,,,,,,,,,,,,,,,,110.0,-140.0
2026-04-06,,LAD,TOR,,,,,,,,,,,,,,,,,,,,,,,,,,,,,,,,,,,100.0,-130.0
2026-04-06,,DET,MIN,,,,,,,,,,,,,,,,,,,,,,,,,,,,,,,,,,,140.0,-185.0
2026-04-06,,HOU,COL,,,,,,,,,,,,,,,,,,,,,,,,,,,,,,,,,,,-135.0,105.0
2026-04-06,,OAK,NYY,,,,,,,,,,,,,,,,,,,,,,,,,,,,,,,,,,,-110.0,-120.0
2026-04-06,,SD,PIT,,,,,,,,,,,,,,,,,,,,,,,,,,,,,,,,,,,135.0,-180.0
2026-04-06,,SEA,TEX,,,,,,,,,,,,,,,,,,,,,,,,,,,,,,,,,,,110.0,-140.0
2026-04-07,,ARI,NYM,,,,,,,,,,,,,,,,,,,,,,,,,,,,,,,,,,,110.0,-140.0
2026-04-07,,DET,MIN,,,,,,,,,,,,,,,,,,,,,,,,,,,,,,,,,,,115.0,-145.0
2026-04-07,,ATL,LAA,,,,,,,,,,,,,,,,,,,,,,,,,,,,,,,,,,,-105.0,-125.0
2026-04-07,,HOU,COL,,,,,,,,,,,,,,,,,,,,,,,,,,,,,,,,,,,-155.0,120.0
2026-04-07,,STL,WAS,,,,,,,,,,,,,,,,,,,,,,,,,,,,,,,,,,,-105.0,-125.0
2026-04-07,,LAD,TOR,,,,,,,,,,,,,,,,,,,,,,,,,,,,,,,,,,,100.0,-130.0
2026-04-07,,OAK,NYY,,,,,,,,,,,,,,,,,,,,,,,,,,,,,,,,,,,-105.0,-125.0
2026-04-07,,CHC,TB,,,,,,,,,,,,,,,,,,,,,,,,,,,,,,,,,,,-110.0,-120.0
2026-04-07,,SEA,TEX,,,,,,,,,,,,,,,,,,,,,,,,,,,,,,,,,,,-105.0,-125.0
2026-04-07,,PHI,SF,,,,,,,,,,,,,,,,,,,,,,,,,,,,,,,,,,,-105.0,-125.0
2026-04-07,,CIN,MIA,,,,,,,,,,,,,,,,,,,,,,,,,,,,,,,,,,,110.0,-145.0
2026-04-09,,ARI,PHI,,,,,,,,,,,,,,,,,,,,,,,,,,,,,,,,,,,-120.0,-110.0
2026-04-09,,MIA,DET,,,,,,,,,,,,,,,,,,,,,,,,,,,,,,,,,,,125.0,-165.0
2026-04-09,,PIT,CHC,,,,,,,,,,,,,,,,,,,,,,,,,,,,,,,,,,,125.0,-160.0
2026-04-09,,BOS,STL,,,,,,,,,,,,,,,,,,,,,,,,,,,,,,,,,,,110.0,-145.0
2026-04-09,,MIN,TOR,,,,,,,,,,,,,,,,,,,,,,,,,,,,,,,,,,,-105.0,-125.0
2026-04-09,,OAK,NYM,,,,,,,,,,,,,,,,,,,,,,,,,,,,,,,,,,,100.0,-130.0
2026-04-09,,SF,BAL,,,,,,,,,,,,,,,,,,,,,,,,,,,,,,,,,,,125.0,-160.0
2026-04-09,,COL,SD,,,,,,,,,,,,,,,,,,,,,,,,,,,,,,,,,,,-110.0,-115.0
2026-04-09,,LAA,CIN,,,,,,,,,,,,,,,,,,,,,,,,,,,,,,,,,,,-120.0,-105.0
2026-04-09,,CWS,KC,,,,,,,,,,,,,,,,,,,,,,,,,,,,,,,,,,,-110.0,-115.0
2026-04-09,,NYY,TB,,,,,,,,,,,,,,,,,,,,,,,,,,,,,,,,,,,105.0,-135.0
2026-04-09,,HOU,SEA,,,,,,,,,,,,,,,,,,,,,,,,,,,,,,,,,,,100.0,-130.0
2026-04-09,,WAS,MIL,,,,,,,,,,,,,,,,,,,,,,,,,,,,,,,,,,,105.0,-135.0
2026-04-09,,CLE,ATL,,,,,,,,,,,,,,,,,,,,,,,,,,,,,,,,,,,105.0,-140.0
2026-04-09,,TEX,LAD,,,,,,,,,,,,,,,,,,,,,,,,,,,,,,,,,,,-105.0,-120.0
2026-04-11,,ARI,BAL,,,,,,,,,,,,,,,,,,,,,,,,,,,,,,,,,,,100.0,-130.0
2026-04-11,,MIA,ATL,,,,,,,,,,,,,,,,,,,,,,,,,,,,,,,,,,,-105.0,-125.0
2026-04-11,,NYM,LAD,,,,,,,,,,,,,,,,,,,,,,,,,,,,,,,,,,,-125.0,-105.0
2026-04-11,,BOS,MIN,,,,,,,,,,,,,,,,,,,,,,,,,,,,,,,,,,,125.0,-165.0
2026-04-11,,LAA,NYY,,,,,,,,,,,,,,,,,,,,,,,,,,,,,,,,,,,-115.0,-115.0
2026-04-11,,TEX,OAK,,,,,,,,,,,,,,,,,,,,,,,,,,,,,,,,,,,100.0,-130.0
2026-04-11,,CLE,STL,,,,,,,,,,,,,,,,,,,,,,,,,,,,,,,,,,,100.0,-130.0
2026-04-11,,CHC,PHI,,,,,,,,,,,,,,,,,,,,,,,,,,,,,,,,,,,-110.0,-120.0
2026-04-11,,WAS,PIT,,,,,,,,,,,,,,,,,,,,,,,,,,,,,,,,,,,105.0,-135.0
2026-04-11,,HOU,SEA,,,,,,,,,,,,,,,,,,,,,,,,,,,,,,,,,,,105.0,-140.0
2026-04-13,,SF,CIN,,,,,,,,,,,,,,,,,,,,,,,,,,,,,,,,,,,-115.0,-115.0
2026-04-13,,KC,DET,,,,,,,,,,,,,,,,,,,,,,,,,,,,,,,,,,,120.0,-155.0
2026-04-13,,ARI,BAL,,,,,,,,,,,,,,,,,,,,,,,,,,,,,,,,,,,-120.0,-110.0
2026-04-13,,CHC,PHI,,,,,,,,,,,,,,,,,,,,,,,,,,,,,,,,,,,-130.0,100.0
2026-04-13,,TEX,OAK,,,,,,,,,,,,,,,,,,,,,,,,,,,,,,,,,,,-115.0,-115.0
2026-04-13,,NYM,LAD,,,,,,,,,,,,,,,,,,,,,,,,,,,,,,,,,,,115.0,-145.0
2026-04-13,,MIA,ATL,,,,,,,,,,,,,,,,,,,,,,,,,,,,,,,,,,,-115.0,-115.0
2026-04-13,,BOS,MIN,,,,,,,,,,,,,,,,,,,,,,,,,,,,,,,,,,,110.0,-145.0
2026-04-13,,SEA,SD,,,,,,,,,,,,,,,,,,,,,,,,,,,,,,,,,,,110.0,-145.0
2026-04-13,,WAS,PIT,,,,,,,,,,,,,,,,,,,,,,,,,,,,,,,,,,,-135.0,105.0
2026-04-13,,LAA,NYY,,,,,,,,,,,,,,,,,,,,,,,,,,,,,,,,,,,-125.0,-105.0
2026-04-13,,TOR,MIL,,,,,,,,,,,,,,,,,,,,,,,,,,,,,,,,,,,130.0,-170.0
2026-04-13,,CLE,STL,,,,,,,,,,,,,,,,,,,,,,,,,,,,,,,,,,,-115.0,-115.0
2026-04-13,,TB,CWS,,,,,,,,,,,,,,,,,,,,,,,,,,,,,,,,,,,100.0,-135.0
2026-04-13,,COL,HOU,,,,,,,,,,,,,,,,,,,,,,,,,,,,,,,,,,,-115.0,-110.0
2026-04-14,,MIA,ATL,,,,,,,,,,,,,,,,,,,,,,,,,,,,,,,,,,,-125.0,-105.0
2026-04-14,,CHC,PHI,,,,,,,,,,,,,,,,,,,,,,,,,,,,,,,,,,,-110.0,-120.0
2026-04-14,,BOS,MIN,,,,,,,,,,,,,,,,,,,,,,,,,,,,,,,,,,,-105.0,-125.0
2026-04-14,,TEX,OAK,,,,,,,,,,,,,,,,,,,,,,,,,,,,,,,,,,,-125.0,-105.0
2026-04-14,,LAA,NYY,,,,,,,,,,,,,,,,,,,,,,,,,,,,,,,,,,,-160.0,125.0
2026-04-14,,WAS,PIT,,,,,,,,,,,,,,,,,,,,,,,,,,,,,,,,,,,-110.0,-120.0
2026-04-14,,NYM,LAD,,,,,,,,,,,,,,,,,,,,,,,,,,,,,,,,,,,105.0,-135.0
2026-04-14,,TOR,MIL,,,,,,,,,,,,,,,,,,,,,,,,,,,,,,,,,,,110.0,-145.0
2026-04-14,,SEA,SD,,,,,,,,,,,,,,,,,,,,,,,,,,,,,,,,,,,105.0,-135.0
2026-04-14,,TB,CWS,,,,,,,,,,,,,,,,,,,,,,,,,,,,,,,,,,,-110.0,-120.0
2026-04-14,,SF,CIN,,,,,,,,,,,,,,,,,,,,,,,,,,,,,,,,,,,-115.0,-115.0
2026-04-14,,KC,DET,,,,,,,,,,,,,,,,,,,,,,,,,,,,,,,,,,,100.0,-135.0
2026-04-14,,CLE,STL,,,,,,,,,,,,,,,,,,,,,,,,,,,,,,,,,,,-125.0,-105.0
2026-04-14,,COL,HOU,,,,,,,,,,,,,,,,,,,,,,,,,,,,,,,,,,,-120.0,-110.0
