game_pk,game_date,team_id,team,is_home,opp_team_id,opp_team,days_rest,home_away_streak,series_game_num,travel_miles,year
718769,2023-03-31,108,LAA,0,133,OAK,0,-1,1,364.7793033141838,2023
718757,2023-04-01,108,LAA,0,133,OAK,1,-2,2,0.0,2023
718734,2023-04-02,108,LAA,0,133,OAK,1,-3,3,0.0,2023
718720,2023-04-04,108,LAA,0,136,SEA,2,-4,1,679.9392003432476,2023
718706,2023-04-05,108,LAA,0,136,SEA,1,-5,2,0.0,2023
718691,2023-04-05,108,LAA,0,136,SEA,0,-6,3,0.0,2023
718670,2023-04-08,108,LAA,1,141,TOR,3,1,1,980.5935873257743,2023
718657,2023-04-09,108,LAA,1,141,TOR,1,2,2,0.0,2023
718644,2023-04-09,108,LAA,1,141,TOR,0,3,3,0.0,2023
718631,2023-04-11,108,LAA,1,120,WSH,2,4,1,0.0,2023
718614,2023-04-12,108,LAA,1,120,WSH,1,5,2,0.0,2023
718602,2023-04-12,108,LAA,1,120,WSH,0,6,3,0.0,2023
718580,2023-04-14,108,LAA,0,111,BOS,2,-1,1,2578.6729683380804,2023
718576,2023-04-15,108,LAA,0,111,BOS,1,-2,2,0.0,2023
718559,2023-04-16,108,LAA,0,111,BOS,1,-3,3,0.0,2023
718540,2023-04-17,108,LAA,0,111,BOS,1,-4,4,0.0,2023
718529,2023-04-18,108,LAA,0,147,NYY,1,-5,1,179.88456828974768,2023
718504,2023-04-19,108,LAA,0,147,NYY,1,-6,2,0.0,2023
718496,2023-04-20,108,LAA,0,147,NYY,1,-7,3,0.0,2023
718485,2023-04-22,108,LAA,1,118,KC,2,1,1,2437.723840222542,2023
718466,2023-04-23,108,LAA,1,118,KC,1,2,2,0.0,2023
718452,2023-04-23,108,LAA,1,118,KC,0,3,3,0.0,2023
718437,2023-04-25,108,LAA,1,133,OAK,2,4,1,0.0,2023
718425,2023-04-26,108,LAA,1,133,OAK,1,5,2,0.0,2023
718408,2023-04-27,108,LAA,1,133,OAK,1,6,3,0.0,2023
718402,2023-04-27,108,LAA,1,133,OAK,0,7,4,0.0,2023
718386,2023-04-29,108,LAA,0,158,MIL,2,-1,1,1728.9866303339395,2023
718376,2023-04-29,108,LAA,0,158,MIL,0,-2,2,0.0,2023
718365,2023-04-30,108,LAA,0,158,MIL,1,-3,3,0.0,2023
718338,2023-05-02,108,LAA,0,138,STL,2,-4,1,325.7786649185398,2023
718320,2023-05-03,108,LAA,0,138,STL,1,-5,2,0.0,2023
718311,2023-05-04,108,LAA,0,138,STL,1,-6,3,0.0,2023
718294,2023-05-06,108,LAA,1,140,TEX,2,1,1,1572.920237629869,2023
718275,2023-05-07,108,LAA,1,140,TEX,1,2,2,0.0,2023
718264,2023-05-07,108,LAA,1,140,TEX,0,3,3,0.0,2023
718254,2023-05-09,108,LAA,1,117,HOU,2,4,1,0.0,2023
718237,2023-05-10,108,LAA,1,117,HOU,1,5,2,0.0,2023
718235,2023-05-10,108,LAA,1,117,HOU,0,6,3,0.0,2023
718205,2023-05-12,108,LAA,0,114,CLE,2,-1,1,2034.3207691263494,2023
718191,2023-05-13,108,LAA,0,114,CLE,1,-2,2,0.0,2023
718182,2023-05-14,108,LAA,0,114,CLE,1,-3,3,0.0,2023
718171,2023-05-15,108,LAA,0,110,BAL,1,-4,1,307.1364885665357,2023
718154,2023-05-16,108,LAA,0,110,BAL,1,-5,2,0.0,2023
718137,2023-05-17,108,LAA,0,110,BAL,1,-6,3,0.0,2023
718128,2023-05-18,108,LAA,0,110,BAL,1,-7,4,0.0,2023
718106,2023-05-20,108,LAA,1,142,MIN,2,1,1,2301.5254404543607,2023
718096,2023-05-21,108,LAA,1,142,MIN,1,2,2,0.0,2023
718080,2023-05-21,108,LAA,1,142,MIN,0,3,3,0.0,2023
718070,2023-05-23,108,LAA,1,111,BOS,2,4,1,0.0,2023
718053,2023-05-24,108,LAA,1,111,BOS,1,5,2,0.0,2023
718034,2023-05-25,108,LAA,1,111,BOS,1,6,3,0.0,2023
718015,2023-05-27,108,LAA,1,146,MIA,2,7,1,0.0,2023
717998,2023-05-28,108,LAA,1,146,MIA,1,8,2,0.0,2023
717984,2023-05-28,108,LAA,1,146,MIA,0,9,3,0.0,2023
717971,2023-05-30,108,LAA,0,145,CWS,2,-1,1,1731.3431702590296,2023
717959,2023-05-31,108,LAA,0,145,CWS,1,-2,2,0.0,2023
717943,2023-05-31,108,LAA,0,145,CWS,0,-3,3,0.0,2023
717936,2023-06-02,108,LAA,0,117,HOU,2,-4,1,938.7707116803103,2023
717926,2023-06-03,108,LAA,0,117,HOU,1,-5,2,0.0,2023
717908,2023-06-03,108,LAA,0,117,HOU,0,-6,3,0.0,2023
717899,2023-06-04,108,LAA,0,117,HOU,1,-7,4,0.0,2023
717861,2023-06-07,108,LAA,1,112,CHC,3,1,1,1349.4753249039884,2023
717855,2023-06-08,108,LAA,1,112,CHC,1,2,2,0.0,2023
717838,2023-06-09,108,LAA,1,112,CHC,1,3,3,0.0,2023
717824,2023-06-10,108,LAA,1,136,SEA,1,4,1,0.0,2023
717809,2023-06-11,108,LAA,1,136,SEA,1,5,2,0.0,2023
717799,2023-06-11,108,LAA,1,136,SEA,0,6,3,0.0,2023
717792,2023-06-13,108,LAA,0,140,TEX,2,-1,1,1201.6984237735796,2023
717780,2023-06-14,108,LAA,0,140,TEX,1,-2,2,0.0,2023
717765,2023-06-15,108,LAA,0,140,TEX,1,-3,3,0.0,2023
717751,2023-06-16,108,LAA,0,140,TEX,1,-4,4,0.0,2023
717726,2023-06-17,108,LAA,0,118,KC,1,-5,1,459.01779323801827,2023
717736,2023-06-17,108,LAA,0,118,KC,0,-6,2,0.0,2023
717712,2023-06-18,108,LAA,0,118,KC,1,-7,3,0.0,2023
717678,2023-06-21,108,LAA,1,119,LAD,3,1,1,1346.5044522382782,2023
717662,2023-06-22,108,LAA,1,119,LAD,1,2,2,0.0,2023
717644,2023-06-24,108,LAA,0,115,COL,2,-1,1,822.2861860892081,2023
717640,2023-06-25,108,LAA,0,115,COL,1,-2,2,0.0,2023
717616,2023-06-25,108,LAA,0,115,COL,0,-3,3,0.0,2023
717608,2023-06-27,108,LAA,1,145,CWS,2,1,1,822.2861860892081,2023
717592,2023-06-28,108,LAA,1,145,CWS,1,2,2,0.0,2023
717560,2023-06-29,108,LAA,1,145,CWS,1,3,3,0.0,2023
717576,2023-06-29,108,LAA,1,145,CWS,0,4,4,0.0,2023
717549,2023-07-01,108,LAA,1,109,ARI,2,5,1,0.0,2023
717533,2023-07-02,108,LAA,1,109,ARI,1,6,2,0.0,2023
717522,2023-07-02,108,LAA,1,109,ARI,0,7,3,0.0,2023
717505,2023-07-04,108,LAA,0,135,SD,2,-1,1,86.36512380343024,2023
717497,2023-07-04,108,LAA,0,135,SD,0,-2,2,0.0,2023
717478,2023-07-06,108,LAA,0,135,SD,2,-3,3,0.0,2023
717456,2023-07-08,108,LAA,0,119,LAD,2,-4,1,113.20881075215142,2023
717437,2023-07-09,108,LAA,0,119,LAD,1,-5,2,0.0,2023
717405,2023-07-15,108,LAA,1,117,HOU,6,1,1,27.87381208188066,2023
717381,2023-07-16,108,LAA,1,117,HOU,1,2,2,0.0,2023
717389,2023-07-16,108,LAA,1,117,HOU,0,3,3,0.0,2023
717369,2023-07-18,108,LAA,1,147,NYY,2,4,1,0.0,2023
717352,2023-07-19,108,LAA,1,147,NYY,1,5,2,0.0,2023
717339,2023-07-19,108,LAA,1,147,NYY,0,6,3,0.0,2023
717312,2023-07-22,108,LAA,1,134,PIT,3,7,1,0.0,2023
717297,2023-07-23,108,LAA,1,134,PIT,1,8,2,0.0,2023
717278,2023-07-23,108,LAA,1,134,PIT,0,9,3,0.0,2023
717265,2023-07-25,108,LAA,0,116,DET,2,-1,1,1969.013791743627,2023
717247,2023-07-27,108,LAA,0,116,DET,1,-3,3,0.0,2023
717243,2023-07-27,108,LAA,0,116,DET,0,-4,4,0.0,2023
717235,2023-07-28,108,LAA,0,141,TOR,1,-5,1,205.64835449402668,2023
717222,2023-07-29,108,LAA,0,141,TOR,1,-6,2,0.0,2023
717201,2023-07-30,108,LAA,0,141,TOR,1,-7,3,0.0,2023
717187,2023-07-31,108,LAA,0,144,ATL,1,-8,1,726.7999515006941,2023
717176,2023-08-01,108,LAA,0,144,ATL,1,-9,2,0.0,2023
717165,2023-08-02,108,LAA,0,144,ATL,1,-10,3,0.0,2023
717144,2023-08-04,108,LAA,1,136,SEA,2,1,1,1909.0187712572824,2023
717130,2023-08-05,108,LAA,1,136,SEA,1,2,2,0.0,2023
717101,2023-08-06,108,LAA,1,136,SEA,1,3,3,0.0,2023
717109,2023-08-06,108,LAA,1,136,SEA,0,4,4,0.0,2023
717090,2023-08-08,108,LAA,1,137,SF,2,5,1,0.0,2023
717068,2023-08-09,108,LAA,1,137,SF,1,6,2,0.0,2023
717071,2023-08-10,108,LAA,1,137,SF,1,7,3,0.0,2023
717037,2023-08-12,108,LAA,0,117,HOU,2,-1,1,1349.4753249039884,2023
717022,2023-08-12,108,LAA,0,117,HOU,0,-2,2,0.0,2023
717004,2023-08-13,108,LAA,0,117,HOU,1,-3,3,0.0,2023
716997,2023-08-15,108,LAA,0,140,TEX,2,-4,1,230.66355960201378,2023
716985,2023-08-16,108,LAA,0,140,TEX,1,-5,2,0.0,2023
716971,2023-08-17,108,LAA,0,140,TEX,1,-6,3,0.0,2023
716915,2023-08-19,108,LAA,1,139,TB,2,1,1,1201.6984237735796,2023
716945,2023-08-19,108,LAA,1,139,TB,0,2,2,0.0,2023
716925,2023-08-20,108,LAA,1,139,TB,1,3,3,0.0,2023
716892,2023-08-23,108,LAA,1,113,CIN,1,5,2,0.0,2023
716890,2023-08-23,108,LAA,1,113,CIN,0,6,3,0.0,2023
716903,2023-08-24,108,LAA,1,113,CIN,1,7,4,0.0,2023
716855,2023-08-25,108,LAA,0,121,NYM,1,-1,1,2442.1890221918984,2023
716840,2023-08-26,108,LAA,0,121,NYM,1,-2,2,0.0,2023
716829,2023-08-27,108,LAA,0,121,NYM,1,-3,3,0.0,2023
716817,2023-08-28,108,LAA,0,143,PHI,1,-4,1,91.08673366367736,2023
716806,2023-08-29,108,LAA,0,143,PHI,1,-5,2,0.0,2023
716787,2023-08-30,108,LAA,0,143,PHI,1,-6,3,0.0,2023
716758,2023-09-02,108,LAA,0,133,OAK,3,-7,1,2506.7279595630266,2023
716755,2023-09-02,108,LAA,0,133,OAK,0,-8,2,0.0,2023
716731,2023-09-03,108,LAA,0,133,OAK,1,-9,3,0.0,2023
716713,2023-09-05,108,LAA,1,110,BAL,2,1,1,364.7793033141838,2023
716706,2023-09-06,108,LAA,1,110,BAL,1,2,2,0.0,2023
716690,2023-09-07,108,LAA,1,110,BAL,1,3,3,0.0,2023
716684,2023-09-08,108,LAA,1,114,CLE,1,4,1,0.0,2023
716667,2023-09-09,108,LAA,1,114,CLE,1,5,2,0.0,2023
716633,2023-09-10,108,LAA,1,114,CLE,1,6,3,0.0,2023
716650,2023-09-10,108,LAA,1,114,CLE,0,7,4,0.0,2023
716623,2023-09-12,108,LAA,0,136,SEA,2,-1,1,980.5935873257743,2023
716606,2023-09-13,108,LAA,0,136,SEA,1,-2,2,0.0,2023
716602,2023-09-13,108,LAA,0,136,SEA,0,-3,3,0.0,2023
716570,2023-09-16,108,LAA,1,116,DET,3,1,1,980.5935873257743,2023
716554,2023-09-17,108,LAA,1,116,DET,1,2,2,0.0,2023
716544,2023-09-17,108,LAA,1,116,DET,0,3,3,0.0,2023
716524,2023-09-19,108,LAA,0,139,TB,2,-1,1,2121.7324696841006,2023
716501,2023-09-20,108,LAA,0,139,TB,1,-2,2,0.0,2023
716498,2023-09-21,108,LAA,0,139,TB,1,-3,3,0.0,2023
716475,2023-09-23,108,LAA,0,142,MIN,2,-4,1,1325.4285844846306,2023
716465,2023-09-23,108,LAA,0,142,MIN,0,-5,2,0.0,2023
716445,2023-09-24,108,LAA,0,142,MIN,1,-6,3,0.0,2023
716440,2023-09-26,108,LAA,1,140,TEX,2,1,1,1515.2340388389878,2023
716422,2023-09-27,108,LAA,1,140,TEX,1,2,2,0.0,2023
716420,2023-09-28,108,LAA,1,140,TEX,1,3,3,0.0,2023
716386,2023-09-30,108,LAA,1,133,OAK,2,4,1,0.0,2023
716371,2023-10-01,108,LAA,1,133,OAK,1,5,2,0.0,2023
716365,2023-10-01,108,LAA,1,133,OAK,0,6,3,0.0,2023
718770,2023-03-31,109,ARI,0,119,LAD,0,-1,1,357.22532088939374,2023
718765,2023-04-01,109,ARI,0,119,LAD,1,-2,2,0.0,2023
718749,2023-04-02,109,ARI,0,119,LAD,1,-3,3,0.0,2023
718736,2023-04-02,109,ARI,0,119,LAD,0,-4,4,0.0,2023
718722,2023-04-04,109,ARI,0,135,SD,2,-5,1,113.20881075215142,2023
718717,2023-04-04,109,ARI,0,135,SD,0,-6,2,0.0,2023
718683,2023-04-07,109,ARI,1,119,LAD,3,1,1,299.07000924838377,2023
718671,2023-04-08,109,ARI,1,119,LAD,1,2,2,0.0,2023
718639,2023-04-09,109,ARI,1,119,LAD,1,3,3,0.0,2023
718656,2023-04-09,109,ARI,1,119,LAD,0,4,4,0.0,2023
718627,2023-04-11,109,ARI,1,158,MIL,2,5,1,0.0,2023
718611,2023-04-12,109,ARI,1,158,MIL,1,6,2,0.0,2023
718598,2023-04-12,109,ARI,1,158,MIL,0,7,3,0.0,2023
718584,2023-04-14,109,ARI,0,146,MIA,2,-1,1,1976.4824704501402,2023
718567,2023-04-15,109,ARI,0,146,MIA,1,-2,2,0.0,2023
718550,2023-04-16,109,ARI,0,146,MIA,1,-3,3,0.0,2023
718538,2023-04-17,109,ARI,0,138,STL,1,-4,1,1060.3584631013382,2023
718527,2023-04-18,109,ARI,0,138,STL,1,-5,2,0.0,2023
718512,2023-04-19,109,ARI,0,138,STL,1,-6,3,0.0,2023
718494,2023-04-21,109,ARI,1,135,SD,2,1,1,1270.0024589462362,2023
718484,2023-04-22,109,ARI,1,135,SD,1,2,2,0.0,2023
718467,2023-04-23,109,ARI,1,135,SD,1,3,3,0.0,2023
718456,2023-04-23,109,ARI,1,135,SD,0,4,4,0.0,2023
718438,2023-04-25,109,ARI,1,118,KC,2,5,1,0.0,2023
718422,2023-04-26,109,ARI,1,118,KC,1,6,2,0.0,2023
718418,2023-04-26,109,ARI,1,118,KC,0,7,3,0.0,2023
718390,2023-04-29,109,ARI,0,115,COL,3,-1,1,586.1530990190981,2023
718366,2023-04-30,109,ARI,0,115,COL,1,-2,2,0.0,2023
718358,2023-04-30,109,ARI,0,115,COL,0,-3,3,0.0,2023
718325,2023-05-03,109,ARI,0,140,TEX,3,-4,1,654.0900182055016,2023
718342,2023-05-03,109,ARI,0,140,TEX,0,-5,2,0.0,2023
718296,2023-05-06,109,ARI,1,120,WSH,3,1,1,867.9010244338684,2023
718282,2023-05-07,109,ARI,1,120,WSH,1,2,2,0.0,2023
718263,2023-05-07,109,ARI,1,120,WSH,0,3,3,0.0,2023
718249,2023-05-09,109,ARI,1,146,MIA,2,4,1,0.0,2023
718236,2023-05-10,109,ARI,1,146,MIA,1,5,2,0.0,2023
718226,2023-05-10,109,ARI,1,146,MIA,0,6,3,0.0,2023
718215,2023-05-12,109,ARI,1,137,SF,2,7,1,0.0,2023
718199,2023-05-13,109,ARI,1,137,SF,1,8,2,0.0,2023
718169,2023-05-14,109,ARI,1,137,SF,1,9,3,0.0,2023
718184,2023-05-14,109,ARI,1,137,SF,0,10,4,0.0,2023
718160,2023-05-16,109,ARI,0,133,OAK,2,-1,1,641.9010628899154,2023
718146,2023-05-17,109,ARI,0,133,OAK,1,-2,2,0.0,2023
718139,2023-05-17,109,ARI,0,133,OAK,0,-3,3,0.0,2023
718118,2023-05-19,109,ARI,0,134,PIT,2,-4,1,2248.770953784645,2023
718101,2023-05-20,109,ARI,0,134,PIT,1,-5,2,0.0,2023
718091,2023-05-21,109,ARI,0,134,PIT,1,-6,3,0.0,2023
718073,2023-05-22,109,ARI,0,143,PHI,1,-7,1,258.1684392529645,2023
718060,2023-05-23,109,ARI,0,143,PHI,1,-8,2,0.0,2023
718043,2023-05-24,109,ARI,0,143,PHI,1,-9,3,0.0,2023
718010,2023-05-27,109,ARI,1,111,BOS,3,1,1,2077.6302509220623,2023
717991,2023-05-27,109,ARI,1,111,BOS,0,2,2,0.0,2023
717981,2023-05-28,109,ARI,1,111,BOS,1,3,3,0.0,2023
717977,2023-05-29,109,ARI,1,115,COL,1,4,1,0.0,2023
717955,2023-05-31,109,ARI,1,115,COL,2,5,2,0.0,2023
717940,2023-06-01,109,ARI,1,115,COL,1,6,3,0.0,2023
717933,2023-06-01,109,ARI,1,115,COL,0,7,4,0.0,2023
717919,2023-06-03,109,ARI,1,144,ATL,2,8,1,0.0,2023
717901,2023-06-04,109,ARI,1,144,ATL,1,9,2,0.0,2023
717892,2023-06-04,109,ARI,1,144,ATL,0,10,3,0.0,2023
717881,2023-06-06,109,ARI,0,120,WSH,2,-1,1,1978.963589227503,2023
717866,2023-06-07,109,ARI,0,120,WSH,1,-2,2,0.0,2023
717834,2023-06-09,109,ARI,0,116,DET,1,-4,1,397.05328106177114,2023
717821,2023-06-10,109,ARI,0,116,DET,1,-5,2,0.0,2023
717804,2023-06-11,109,ARI,0,116,DET,1,-6,3,0.0,2023
717785,2023-06-13,109,ARI,1,143,PHI,2,1,1,1687.2573741018657,2023
717775,2023-06-14,109,ARI,1,143,PHI,1,2,2,0.0,2023
717755,2023-06-15,109,ARI,1,143,PHI,1,3,3,0.0,2023
717757,2023-06-15,109,ARI,1,143,PHI,0,4,4,0.0,2023
717739,2023-06-17,109,ARI,1,114,CLE,2,5,1,0.0,2023
717719,2023-06-18,109,ARI,1,114,CLE,1,6,2,0.0,2023
717706,2023-06-18,109,ARI,1,114,CLE,0,7,3,0.0,2023
717696,2023-06-20,109,ARI,0,158,MIL,2,-1,1,1458.5788896029478,2023
717680,2023-06-21,109,ARI,0,158,MIL,1,-2,2,0.0,2023
717672,2023-06-21,109,ARI,0,158,MIL,0,-3,3,0.0,2023
717847,2023-06-22,109,ARI,0,120,WSH,1,-4,1,639.4643273379048,2023
717641,2023-06-24,109,ARI,0,137,SF,2,-5,1,2435.443676108395,2023
717639,2023-06-24,109,ARI,0,137,SF,0,-6,2,0.0,2023
717612,2023-06-25,109,ARI,0,137,SF,1,-7,3,0.0,2023
717593,2023-06-28,109,ARI,1,139,TB,3,1,1,652.0636757078365,2023
717568,2023-06-29,109,ARI,1,139,TB,1,2,2,0.0,2023
717575,2023-06-29,109,ARI,1,139,TB,0,3,3,0.0,2023
717549,2023-07-01,109,ARI,0,108,LAA,2,-1,1,335.4914545335198,2023
717533,2023-07-02,109,ARI,0,108,LAA,1,-2,2,0.0,2023
717522,2023-07-02,109,ARI,0,108,LAA,0,-3,3,0.0,2023
717498,2023-07-04,109,ARI,1,121,NYM,2,1,1,335.4914545335198,2023
717477,2023-07-06,109,ARI,1,121,NYM,2,2,2,0.0,2023
717470,2023-07-07,109,ARI,1,121,NYM,1,3,3,0.0,2023
717452,2023-07-08,109,ARI,1,134,PIT,1,4,1,0.0,2023
717439,2023-07-08,109,ARI,1,134,PIT,0,5,2,0.0,2023
717425,2023-07-09,109,ARI,1,134,PIT,1,6,3,0.0,2023
717420,2023-07-14,109,ARI,0,141,TOR,5,-1,1,1886.21575204644,2023
717404,2023-07-15,109,ARI,0,141,TOR,1,-2,2,0.0,2023
717386,2023-07-16,109,ARI,0,141,TOR,1,-3,3,0.0,2023
717358,2023-07-18,109,ARI,0,144,ATL,2,-4,1,726.7999515006941,2023
717340,2023-07-19,109,ARI,0,144,ATL,1,-5,2,0.0,2023
717337,2023-07-20,109,ARI,0,144,ATL,1,-6,3,0.0,2023
717321,2023-07-21,109,ARI,0,113,CIN,1,-7,1,359.8050212534856,2023
717303,2023-07-22,109,ARI,0,113,CIN,1,-8,2,0.0,2023
717289,2023-07-23,109,ARI,0,113,CIN,1,-9,3,0.0,2023
717268,2023-07-25,109,ARI,1,138,STL,2,1,1,1577.4551559276624,2023
717244,2023-07-26,109,ARI,1,138,STL,1,2,2,0.0,2023
717259,2023-07-26,109,ARI,1,138,STL,0,3,3,0.0,2023
717223,2023-07-29,109,ARI,1,136,SEA,3,4,1,0.0,2023
717210,2023-07-30,109,ARI,1,136,SEA,1,5,2,0.0,2023
717193,2023-07-30,109,ARI,1,136,SEA,0,6,3,0.0,2023
717190,2023-08-01,109,ARI,0,137,SF,2,-1,1,652.0636757078365,2023
717180,2023-08-02,109,ARI,0,137,SF,1,-2,2,0.0,2023
717164,2023-08-03,109,ARI,0,137,SF,1,-3,3,0.0,2023
717151,2023-08-03,109,ARI,0,137,SF,0,-4,4,0.0,2023
717128,2023-08-05,109,ARI,0,142,MIN,2,-5,1,1579.295057576871,2023
717118,2023-08-05,109,ARI,0,142,MIN,0,-6,2,0.0,2023
717106,2023-08-06,109,ARI,0,142,MIN,1,-7,3,0.0,2023
717073,2023-08-09,109,ARI,1,119,LAD,3,1,1,1278.017730052948,2023
717057,2023-08-10,109,ARI,1,119,LAD,1,2,2,0.0,2023
717035,2023-08-12,109,ARI,1,135,SD,2,3,1,0.0,2023
717020,2023-08-13,109,ARI,1,135,SD,1,4,2,0.0,2023
717003,2023-08-13,109,ARI,1,135,SD,0,5,3,0.0,2023
716998,2023-08-15,109,ARI,0,115,COL,2,-1,1,586.1530990190981,2023
716978,2023-08-16,109,ARI,0,115,COL,1,-2,2,0.0,2023
716977,2023-08-16,109,ARI,0,115,COL,0,-3,3,0.0,2023
716957,2023-08-18,109,ARI,0,135,SD,2,-4,1,833.4460828296096,2023
716919,2023-08-19,109,ARI,0,135,SD,1,-5,2,0.0,2023
716942,2023-08-19,109,ARI,0,135,SD,0,-6,3,0.0,2023
716931,2023-08-20,109,ARI,0,135,SD,1,-7,4,0.0,2023
716906,2023-08-22,109,ARI,1,140,TEX,2,1,1,299.07000924838377,2023
716889,2023-08-23,109,ARI,1,140,TEX,1,2,2,0.0,2023
716868,2023-08-25,109,ARI,1,113,CIN,2,3,1,0.0,2023
716851,2023-08-26,109,ARI,1,113,CIN,1,4,2,0.0,2023
716833,2023-08-27,109,ARI,1,113,CIN,1,5,3,0.0,2023
716821,2023-08-27,109,ARI,1,113,CIN,0,6,4,0.0,2023
716805,2023-08-29,109,ARI,0,119,LAD,2,-1,1,357.22532088939374,2023
716792,2023-08-30,109,ARI,0,119,LAD,1,-2,2,0.0,2023
716774,2023-08-31,109,ARI,0,119,LAD,1,-3,3,0.0,2023
716756,2023-09-02,109,ARI,1,110,BAL,2,1,1,357.22532088939374,2023
716747,2023-09-03,109,ARI,1,110,BAL,1,2,2,0.0,2023
716732,2023-09-03,109,ARI,1,110,BAL,0,3,3,0.0,2023
716721,2023-09-04,109,ARI,1,115,COL,1,4,1,0.0,2023
716702,2023-09-06,109,ARI,1,115,COL,2,5,2,0.0,2023
716692,2023-09-06,109,ARI,1,115,COL,0,6,3,0.0,2023
716685,2023-09-07,109,ARI,0,112,CHC,1,-1,1,1451.6299446026987,2023
716678,2023-09-08,109,ARI,0,112,CHC,1,-2,2,0.0,2023
716660,2023-09-09,109,ARI,0,112,CHC,1,-3,3,0.0,2023
716638,2023-09-10,109,ARI,0,112,CHC,1,-4,4,0.0,2023
716627,2023-09-11,109,ARI,0,121,NYM,1,-5,1,720.1961586455312,2023
716615,2023-09-12,109,ARI,0,121,NYM,1,-6,2,0.0,2023
716595,2023-09-13,109,ARI,0,121,NYM,1,-7,3,0.0,2023
716588,2023-09-14,109,ARI,0,121,NYM,1,-8,4,0.0,2023
716567,2023-09-16,109,ARI,1,112,CHC,2,1,1,2148.1029258287786,2023
716558,2023-09-17,109,ARI,1,112,CHC,1,2,2,0.0,2023
716536,2023-09-17,109,ARI,1,112,CHC,0,3,3,0.0,2023
716499,2023-09-20,109,ARI,1,137,SF,3,4,1,0.0,2023
716511,2023-09-20,109,ARI,1,137,SF,0,5,2,0.0,2023
716480,2023-09-22,109,ARI,0,147,NYY,2,-1,1,2144.0075016100773,2023
716458,2023-09-24,109,ARI,0,147,NYY,1,-3,3,0.0,2023
716471,2023-09-25,109,ARI,0,147,NYY,1,-4,4,0.0,2023
716427,2023-09-26,109,ARI,0,145,CWS,1,-6,2,0.0,2023
716417,2023-09-27,109,ARI,0,145,CWS,1,-7,3,0.0,2023
716443,2023-09-28,109,ARI,0,145,CWS,1,-8,4,0.0,2023
716384,2023-09-30,109,ARI,1,117,HOU,2,1,1,1450.478555736351,2023
716370,2023-10-01,109,ARI,1,117,HOU,1,2,2,0.0,2023
716358,2023-10-01,109,ARI,1,117,HOU,0,3,3,0.0,2023
718782,2023-03-30,110,BAL,0,111,BOS,0,-1,1,358.0026308075598,2023
718761,2023-04-01,110,BAL,0,111,BOS,2,-2,2,0.0,2023
718748,2023-04-02,110,BAL,0,111,BOS,1,-3,3,0.0,2023
718726,2023-04-04,110,BAL,0,140,TEX,2,-4,1,1562.0482982121016,2023
718709,2023-04-05,110,BAL,0,140,TEX,1,-5,2,0.0,2023
718694,2023-04-05,110,BAL,0,140,TEX,0,-6,3,0.0,2023
718688,2023-04-07,110,BAL,1,147,NYY,1,2,2,0.0,2023
718664,2023-04-08,110,BAL,1,147,NYY,1,3,3,0.0,2023
718651,2023-04-09,110,BAL,1,147,NYY,1,4,4,0.0,2023
718635,2023-04-10,110,BAL,1,133,OAK,1,5,1,0.0,2023
718618,2023-04-11,110,BAL,1,133,OAK,1,6,2,0.0,2023
718599,2023-04-12,110,BAL,1,133,OAK,1,7,3,0.0,2023
718596,2023-04-13,110,BAL,1,133,OAK,1,8,4,0.0,2023
718583,2023-04-14,110,BAL,0,145,CWS,1,-1,1,603.7749623343499,2023
718570,2023-04-15,110,BAL,0,145,CWS,1,-2,2,0.0,2023
718553,2023-04-16,110,BAL,0,145,CWS,1,-3,3,0.0,2023
718531,2023-04-18,110,BAL,0,120,WSH,2,-4,1,595.2017814565477,2023
718518,2023-04-19,110,BAL,0,120,WSH,1,-5,2,0.0,2023
718495,2023-04-21,110,BAL,1,116,DET,2,1,1,35.12148729233362,2023
718472,2023-04-22,110,BAL,1,116,DET,1,2,2,0.0,2023
718459,2023-04-23,110,BAL,1,116,DET,1,3,3,0.0,2023
718447,2023-04-24,110,BAL,1,111,BOS,1,4,1,0.0,2023
718435,2023-04-25,110,BAL,1,111,BOS,1,5,2,0.0,2023
718416,2023-04-26,110,BAL,1,111,BOS,1,6,3,0.0,2023
718405,2023-04-27,110,BAL,0,116,DET,1,-1,1,396.72723870572077,2023
718381,2023-04-29,110,BAL,0,116,DET,1,-3,3,0.0,2023
718401,2023-04-29,110,BAL,0,116,DET,0,-4,4,0.0,2023
718360,2023-04-30,110,BAL,0,116,DET,1,-5,5,0.0,2023
718336,2023-05-02,110,BAL,0,118,KC,2,-6,1,639.8841499405022,2023
718314,2023-05-03,110,BAL,0,118,KC,1,-7,2,0.0,2023
718312,2023-05-04,110,BAL,0,118,KC,1,-8,3,0.0,2023
718298,2023-05-05,110,BAL,0,144,ATL,1,-9,1,660.1950472349462,2023
718283,2023-05-06,110,BAL,0,144,ATL,1,-10,2,0.0,2023
718277,2023-05-07,110,BAL,0,144,ATL,1,-11,3,0.0,2023
718259,2023-05-08,110,BAL,1,139,TB,1,1,1,572.6096280104865,2023
718246,2023-05-09,110,BAL,1,139,TB,1,2,2,0.0,2023
718227,2023-05-10,110,BAL,1,139,TB,1,3,3,0.0,2023
718213,2023-05-12,110,BAL,1,134,PIT,2,4,1,0.0,2023
718193,2023-05-13,110,BAL,1,134,PIT,1,5,2,0.0,2023
718179,2023-05-14,110,BAL,1,134,PIT,1,6,3,0.0,2023
718171,2023-05-15,110,BAL,1,108,LAA,1,7,1,0.0,2023
718154,2023-05-16,110,BAL,1,108,LAA,1,8,2,0.0,2023
718137,2023-05-17,110,BAL,1,108,LAA,1,9,3,0.0,2023
718128,2023-05-18,110,BAL,1,108,LAA,1,10,4,0.0,2023
718115,2023-05-19,110,BAL,0,141,TOR,1,-1,1,333.41200779259856,2023
718102,2023-05-20,110,BAL,0,141,TOR,1,-2,2,0.0,2023
718087,2023-05-21,110,BAL,0,141,TOR,1,-3,3,0.0,2023
718058,2023-05-23,110,BAL,0,147,NYY,2,-4,1,340.2685304486618,2023
718040,2023-05-24,110,BAL,0,147,NYY,1,-5,2,0.0,2023
718029,2023-05-25,110,BAL,0,147,NYY,1,-6,3,0.0,2023
718020,2023-05-26,110,BAL,1,140,TEX,1,1,1,178.12306591164185,2023
718001,2023-05-27,110,BAL,1,140,TEX,1,2,2,0.0,2023
717990,2023-05-28,110,BAL,1,140,TEX,1,3,3,0.0,2023
717974,2023-05-29,110,BAL,1,114,CLE,1,4,1,0.0,2023
717967,2023-05-30,110,BAL,1,114,CLE,1,5,2,0.0,2023
717946,2023-05-31,110,BAL,1,114,CLE,1,6,3,0.0,2023
717920,2023-06-03,110,BAL,0,137,SF,3,-1,1,2449.4024024101145,2023
717890,2023-06-04,110,BAL,0,137,SF,1,-2,2,0.0,2023
717916,2023-06-04,110,BAL,0,137,SF,0,-3,3,0.0,2023
717867,2023-06-06,110,BAL,0,158,MIL,2,-4,1,1833.5573982316243,2023
717851,2023-06-07,110,BAL,0,158,MIL,1,-5,2,0.0,2023
717849,2023-06-08,110,BAL,0,158,MIL,1,-6,3,0.0,2023
717839,2023-06-09,110,BAL,1,118,KC,1,1,1,643.9453251330319,2023
717818,2023-06-10,110,BAL,1,118,KC,1,2,2,0.0,2023
717808,2023-06-11,110,BAL,1,118,KC,1,3,3,0.0,2023
717787,2023-06-13,110,BAL,1,141,TOR,2,4,1,0.0,2023
717769,2023-06-14,110,BAL,1,141,TOR,1,5,2,0.0,2023
717753,2023-06-15,110,BAL,1,141,TOR,1,6,3,0.0,2023
717744,2023-06-16,110,BAL,0,112,CHC,1,-1,1,606.7810333018485,2023
717729,2023-06-17,110,BAL,0,112,CHC,1,-2,2,0.0,2023
717708,2023-06-18,110,BAL,0,112,CHC,1,-3,3,0.0,2023
717687,2023-06-20,110,BAL,0,139,TB,2,-4,1,1019.525278620114,2023
717677,2023-06-21,110,BAL,0,139,TB,1,-5,2,0.0,2023
717651,2023-06-23,110,BAL,1,136,SEA,2,1,1,867.6749708982579,2023
717628,2023-06-24,110,BAL,1,136,SEA,1,2,2,0.0,2023
717627,2023-06-25,110,BAL,1,136,SEA,1,3,3,0.0,2023
717611,2023-06-26,110,BAL,1,113,CIN,1,4,1,0.0,2023
717601,2023-06-27,110,BAL,1,113,CIN,1,5,2,0.0,2023
717589,2023-06-28,110,BAL,1,113,CIN,1,6,3,0.0,2023
717561,2023-06-30,110,BAL,1,142,MIN,2,7,1,0.0,2023
717541,2023-07-01,110,BAL,1,142,MIN,1,8,2,0.0,2023
717529,2023-07-02,110,BAL,1,142,MIN,1,9,3,0.0,2023
717513,2023-07-03,110,BAL,0,147,NYY,1,-1,1,178.12306591164185,2023
717508,2023-07-04,110,BAL,0,147,NYY,1,-2,2,0.0,2023
717487,2023-07-05,110,BAL,0,147,NYY,1,-3,3,0.0,2023
717475,2023-07-06,110,BAL,0,147,NYY,1,-4,4,0.0,2023
717458,2023-07-08,110,BAL,0,142,MIN,2,-5,1,1017.7624974211766,2023
717446,2023-07-08,110,BAL,0,142,MIN,0,-6,2,0.0,2023
717428,2023-07-09,110,BAL,0,142,MIN,1,-7,3,0.0,2023
717417,2023-07-14,110,BAL,1,146,MIA,5,1,1,937.5839769032132,2023
717401,2023-07-15,110,BAL,1,146,MIA,1,2,2,0.0,2023
717384,2023-07-16,110,BAL,1,146,MIA,1,3,3,0.0,2023
717372,2023-07-17,110,BAL,1,119,LAD,1,4,1,0.0,2023
717361,2023-07-18,110,BAL,1,119,LAD,1,5,2,0.0,2023
717343,2023-07-19,110,BAL,1,119,LAD,1,6,3,0.0,2023
717328,2023-07-20,110,BAL,0,139,TB,1,-1,1,867.6749708982579,2023
717320,2023-07-21,110,BAL,0,139,TB,1,-2,2,0.0,2023
717300,2023-07-22,110,BAL,0,139,TB,1,-3,3,0.0,2023
717291,2023-07-23,110,BAL,0,139,TB,1,-4,4,0.0,2023
717280,2023-07-24,110,BAL,0,143,PHI,1,-5,1,941.4579426846607,2023
717267,2023-07-25,110,BAL,0,143,PHI,1,-6,2,0.0,2023
717245,2023-07-26,110,BAL,0,143,PHI,1,-7,3,0.0,2023
717237,2023-07-28,110,BAL,1,147,NYY,2,1,1,88.61618494239067,2023
717219,2023-07-29,110,BAL,1,147,NYY,1,2,2,0.0,2023
717200,2023-07-30,110,BAL,1,147,NYY,1,3,3,0.0,2023
717186,2023-07-31,110,BAL,0,141,TOR,1,-1,1,333.41200779259856,2023
717177,2023-08-01,110,BAL,0,141,TOR,1,-2,2,0.0,2023
717157,2023-08-02,110,BAL,0,141,TOR,1,-3,3,0.0,2023
717150,2023-08-03,110,BAL,0,141,TOR,1,-4,4,0.0,2023
717134,2023-08-04,110,BAL,1,121,NYM,1,1,1,333.41200779259856,2023
717114,2023-08-05,110,BAL,1,121,NYM,1,2,2,0.0,2023
717107,2023-08-06,110,BAL,1,121,NYM,1,3,3,0.0,2023
717084,2023-08-08,110,BAL,1,117,HOU,2,4,1,0.0,2023
717067,2023-08-09,110,BAL,1,117,HOU,1,5,2,0.0,2023
717053,2023-08-10,110,BAL,1,117,HOU,1,6,3,0.0,2023
717034,2023-08-12,110,BAL,0,136,SEA,2,-1,1,2328.21147385152,2023
717018,2023-08-13,110,BAL,0,136,SEA,1,-2,2,0.0,2023
717005,2023-08-13,110,BAL,0,136,SEA,0,-3,3,0.0,2023
716996,2023-08-15,110,BAL,0,135,SD,2,-4,1,1063.509772580899,2023
716980,2023-08-16,110,BAL,0,135,SD,1,-5,2,0.0,2023
716965,2023-08-17,110,BAL,0,135,SD,1,-6,3,0.0,2023
716944,2023-08-19,110,BAL,0,133,OAK,2,-7,1,449.84278611734885,2023
716930,2023-08-20,110,BAL,0,133,OAK,1,-8,2,0.0,2023
716914,2023-08-20,110,BAL,0,133,OAK,0,-9,3,0.0,2023
716902,2023-08-22,110,BAL,1,141,TOR,2,1,1,2440.085706209316,2023
716874,2023-08-23,110,BAL,1,141,TOR,1,2,2,0.0,2023
716865,2023-08-24,110,BAL,1,141,TOR,1,3,3,0.0,2023
716859,2023-08-25,110,BAL,1,115,COL,1,4,1,0.0,2023
716837,2023-08-26,110,BAL,1,115,COL,1,5,2,0.0,2023
716836,2023-08-27,110,BAL,1,115,COL,1,6,3,0.0,2023
716815,2023-08-28,110,BAL,1,145,CWS,1,7,1,0.0,2023
716800,2023-08-29,110,BAL,1,145,CWS,1,8,2,0.0,2023
716786,2023-08-30,110,BAL,1,145,CWS,1,9,3,0.0,2023
716756,2023-09-02,110,BAL,0,109,ARI,3,-1,1,1999.746562834509,2023
716747,2023-09-03,110,BAL,0,109,ARI,1,-2,2,0.0,2023
716732,2023-09-03,110,BAL,0,109,ARI,0,-3,3,0.0,2023
716713,2023-09-05,110,BAL,0,108,LAA,2,-4,1,335.4914545335198,2023
716706,2023-09-06,110,BAL,0,108,LAA,1,-5,2,0.0,2023
716690,2023-09-07,110,BAL,0,108,LAA,1,-6,3,0.0,2023
716672,2023-09-08,110,BAL,0,111,BOS,1,-7,1,2578.6729683380804,2023
716664,2023-09-09,110,BAL,0,111,BOS,1,-8,2,0.0,2023
716652,2023-09-10,110,BAL,0,111,BOS,1,-9,3,0.0,2023
716636,2023-09-11,110,BAL,1,138,STL,1,1,1,358.0026308075598,2023
716621,2023-09-12,110,BAL,1,138,STL,1,2,2,0.0,2023
716604,2023-09-13,110,BAL,1,138,STL,1,3,3,0.0,2023
716586,2023-09-14,110,BAL,1,139,TB,1,4,1,0.0,2023
716583,2023-09-15,110,BAL,1,139,TB,1,5,2,0.0,2023
716561,2023-09-16,110,BAL,1,139,TB,1,6,3,0.0,2023
716553,2023-09-17,110,BAL,1,139,TB,1,7,4,0.0,2023
716530,2023-09-19,110,BAL,0,117,HOU,2,-1,1,1249.46334342378,2023
716508,2023-09-20,110,BAL,0,117,HOU,1,-2,2,0.0,2023
716514,2023-09-20,110,BAL,0,117,HOU,0,-3,3,0.0,2023
716489,2023-09-21,110,BAL,0,114,CLE,1,-4,1,1114.100496699443,2023
716483,2023-09-22,110,BAL,0,114,CLE,1,-5,2,0.0,2023
716464,2023-09-23,110,BAL,0,114,CLE,1,-6,3,0.0,2023
716450,2023-09-24,110,BAL,0,114,CLE,1,-7,4,0.0,2023
716434,2023-09-26,110,BAL,1,120,WSH,2,1,1,307.1364885665357,2023
716416,2023-09-27,110,BAL,1,120,WSH,1,2,2,0.0,2023
716402,2023-09-28,110,BAL,1,111,BOS,1,3,1,0.0,2023
716390,2023-09-29,110,BAL,1,111,BOS,1,4,2,0.0,2023
716377,2023-09-30,110,BAL,1,111,BOS,1,5,3,0.0,2023
716367,2023-10-01,110,BAL,1,111,BOS,1,6,4,0.0,2023
718782,2023-03-30,111,BOS,1,110,BAL,0,1,1,0.0,2023
718761,2023-04-01,111,BOS,1,110,BAL,2,2,2,0.0,2023
718748,2023-04-02,111,BOS,1,110,BAL,1,3,3,0.0,2023
718724,2023-04-03,111,BOS,1,134,PIT,1,4,1,0.0,2023
718713,2023-04-04,111,BOS,1,134,PIT,1,5,2,0.0,2023
718702,2023-04-05,111,BOS,1,134,PIT,1,6,3,0.0,2023
718690,2023-04-06,111,BOS,0,116,DET,1,-1,1,609.8730788976414,2023
718667,2023-04-08,111,BOS,0,116,DET,2,-2,2,0.0,2023
718654,2023-04-09,111,BOS,0,116,DET,1,-3,3,0.0,2023
718638,2023-04-10,111,BOS,0,139,TB,1,-4,1,1007.0448721012648,2023
718625,2023-04-11,111,BOS,0,139,TB,1,-5,2,0.0,2023
718600,2023-04-12,111,BOS,0,139,TB,1,-6,3,0.0,2023
718594,2023-04-13,111,BOS,0,139,TB,1,-7,4,0.0,2023
718580,2023-04-14,111,BOS,1,108,LAA,1,1,1,1198.2270597762317,2023
718576,2023-04-15,111,BOS,1,108,LAA,1,2,2,0.0,2023
718559,2023-04-16,111,BOS,1,108,LAA,1,3,3,0.0,2023
718540,2023-04-17,111,BOS,1,108,LAA,1,4,4,0.0,2023
718524,2023-04-18,111,BOS,1,142,MIN,1,5,1,0.0,2023
718505,2023-04-19,111,BOS,1,142,MIN,1,6,2,0.0,2023
718497,2023-04-20,111,BOS,1,142,MIN,1,7,3,0.0,2023
718470,2023-04-22,111,BOS,0,158,MIL,2,-1,1,856.8965719703916,2023
718483,2023-04-22,111,BOS,0,158,MIL,0,-2,2,0.0,2023
718461,2023-04-23,111,BOS,0,158,MIL,1,-3,3,0.0,2023
718447,2023-04-24,111,BOS,0,110,BAL,1,-4,1,643.9453251330319,2023
718435,2023-04-25,111,BOS,0,110,BAL,1,-5,2,0.0,2023
718416,2023-04-26,111,BOS,0,110,BAL,1,-6,3,0.0,2023
718395,2023-04-28,111,BOS,1,114,CLE,2,1,1,358.0026308075598,2023
718385,2023-04-29,111,BOS,1,114,CLE,1,2,2,0.0,2023
718370,2023-04-30,111,BOS,1,114,CLE,1,3,3,0.0,2023
718353,2023-05-01,111,BOS,1,141,TOR,1,4,1,0.0,2023
718341,2023-05-02,111,BOS,1,141,TOR,1,5,2,0.0,2023
718323,2023-05-03,111,BOS,1,141,TOR,1,6,3,0.0,2023
718316,2023-05-04,111,BOS,1,141,TOR,1,7,4,0.0,2023
718301,2023-05-05,111,BOS,0,143,PHI,1,-1,1,270.6814533596281,2023
718284,2023-05-06,111,BOS,0,143,PHI,1,-2,2,0.0,2023
718270,2023-05-07,111,BOS,0,143,PHI,1,-3,3,0.0,2023
718245,2023-05-09,111,BOS,0,144,ATL,2,-4,1,660.3458671025634,2023
718220,2023-05-10,111,BOS,0,144,ATL,1,-5,2,0.0,2023
718211,2023-05-12,111,BOS,1,138,STL,2,1,1,930.6114003294933,2023
718196,2023-05-13,111,BOS,1,138,STL,1,2,2,0.0,2023
718187,2023-05-14,111,BOS,1,138,STL,1,3,3,0.0,2023
718163,2023-05-15,111,BOS,1,136,SEA,1,4,1,0.0,2023
718149,2023-05-16,111,BOS,1,136,SEA,1,5,2,0.0,2023
718133,2023-05-17,111,BOS,1,136,SEA,1,6,3,0.0,2023
718107,2023-05-20,111,BOS,0,135,SD,3,-1,1,2577.0025802905243,2023
718092,2023-05-21,111,BOS,0,135,SD,1,-2,2,0.0,2023
718079,2023-05-21,111,BOS,0,135,SD,0,-3,3,0.0,2023
718070,2023-05-23,111,BOS,0,108,LAA,2,-4,1,86.36512380343024,2023
718053,2023-05-24,111,BOS,0,108,LAA,1,-5,2,0.0,2023
718034,2023-05-25,111,BOS,0,108,LAA,1,-6,3,0.0,2023
717991,2023-05-27,111,BOS,0,109,ARI,2,-7,1,335.4914545335198,2023
718010,2023-05-27,111,BOS,0,109,ARI,0,-8,2,0.0,2023
717981,2023-05-28,111,BOS,0,109,ARI,1,-9,3,0.0,2023
717966,2023-05-30,111,BOS,1,113,CIN,2,1,1,2293.0518319285165,2023
717948,2023-05-31,111,BOS,1,113,CIN,1,2,2,0.0,2023
717932,2023-06-01,111,BOS,1,113,CIN,1,3,3,0.0,2023
717918,2023-06-03,111,BOS,1,139,TB,1,5,2,0.0,2023
717885,2023-06-03,111,BOS,1,139,TB,0,6,3,0.0,2023
717904,2023-06-04,111,BOS,1,139,TB,1,7,4,0.0,2023
717928,2023-06-05,111,BOS,1,139,TB,1,8,5,0.0,2023
717873,2023-06-06,111,BOS,0,114,CLE,1,-1,1,547.1609370940174,2023
717858,2023-06-07,111,BOS,0,114,CLE,1,-2,2,0.0,2023
717842,2023-06-08,111,BOS,0,114,CLE,1,-3,3,0.0,2023
717841,2023-06-09,111,BOS,0,147,NYY,1,-4,1,406.0987517437095,2023
717825,2023-06-10,111,BOS,0,147,NYY,1,-5,2,0.0,2023
717810,2023-06-11,111,BOS,0,147,NYY,1,-6,3,0.0,2023
717794,2023-06-12,111,BOS,1,115,COL,1,1,1,179.88456828974768,2023
717788,2023-06-13,111,BOS,1,115,COL,1,2,2,0.0,2023
717768,2023-06-14,111,BOS,1,115,COL,1,3,3,0.0,2023
717742,2023-06-16,111,BOS,1,147,NYY,2,4,1,0.0,2023
717715,2023-06-18,111,BOS,1,147,NYY,1,6,3,0.0,2023
717730,2023-06-18,111,BOS,1,147,NYY,0,7,4,0.0,2023
717693,2023-06-19,111,BOS,0,142,MIN,1,-1,1,1119.9102367149933,2023
717683,2023-06-20,111,BOS,0,142,MIN,1,-2,2,0.0,2023
717665,2023-06-21,111,BOS,0,142,MIN,1,-3,3,0.0,2023
717658,2023-06-22,111,BOS,0,142,MIN,1,-4,4,0.0,2023
717645,2023-06-24,111,BOS,0,145,CWS,2,-5,1,357.20870712294794,2023
717629,2023-06-24,111,BOS,0,145,CWS,0,-6,2,0.0,2023
717614,2023-06-25,111,BOS,0,145,CWS,1,-7,3,0.0,2023
717605,2023-06-27,111,BOS,1,146,MIA,2,1,1,847.3821391741471,2023
717583,2023-06-28,111,BOS,1,146,MIA,1,2,2,0.0,2023
717569,2023-06-29,111,BOS,1,146,MIA,1,3,3,0.0,2023
717555,2023-06-30,111,BOS,0,141,TOR,1,-1,1,428.32913029317257,2023
717547,2023-07-01,111,BOS,0,141,TOR,1,-2,2,0.0,2023
717530,2023-07-02,111,BOS,0,141,TOR,1,-3,3,0.0,2023
717501,2023-07-04,111,BOS,1,140,TEX,2,1,1,428.32913029317257,2023
717484,2023-07-05,111,BOS,1,140,TEX,1,2,2,0.0,2023
717471,2023-07-06,111,BOS,1,140,TEX,1,3,3,0.0,2023
717461,2023-07-07,111,BOS,1,133,OAK,1,4,1,0.0,2023
717449,2023-07-08,111,BOS,1,133,OAK,1,5,2,0.0,2023
717435,2023-07-09,111,BOS,1,133,OAK,1,6,3,0.0,2023
717403,2023-07-15,111,BOS,0,112,CHC,6,-1,1,847.382439361086,2023
717419,2023-07-15,111,BOS,0,112,CHC,0,-2,2,0.0,2023
717376,2023-07-16,111,BOS,0,112,CHC,1,-3,3,0.0,2023
717366,2023-07-18,111,BOS,0,133,OAK,2,-4,1,1842.6147174758498,2023
717349,2023-07-19,111,BOS,0,133,OAK,1,-5,2,0.0,2023
717344,2023-07-19,111,BOS,0,133,OAK,0,-6,3,0.0,2023
717324,2023-07-22,111,BOS,1,121,NYM,1,2,2,0.0,2023
717309,2023-07-22,111,BOS,1,121,NYM,0,3,3,0.0,2023
717298,2023-07-23,111,BOS,1,121,NYM,1,4,4,0.0,2023
717261,2023-07-25,111,BOS,1,144,ATL,2,5,1,0.0,2023
717242,2023-07-26,111,BOS,1,144,ATL,1,6,2,0.0,2023
717220,2023-07-29,111,BOS,0,137,SF,3,-1,1,2689.627391005658,2023
717221,2023-07-29,111,BOS,0,137,SF,0,-2,2,0.0,2023
717197,2023-07-30,111,BOS,0,137,SF,1,-3,3,0.0,2023
717181,2023-08-01,111,BOS,0,136,SEA,2,-4,1,678.0468674235019,2023
717167,2023-08-02,111,BOS,0,136,SEA,1,-5,2,0.0,2023
717161,2023-08-02,111,BOS,0,136,SEA,0,-6,3,0.0,2023
717136,2023-08-04,111,BOS,1,141,TOR,2,1,1,2484.5557470593844,2023
717125,2023-08-05,111,BOS,1,141,TOR,1,2,2,0.0,2023
717111,2023-08-06,111,BOS,1,141,TOR,1,3,3,0.0,2023
717089,2023-08-07,111,BOS,1,118,KC,1,4,1,0.0,2023
717077,2023-08-08,111,BOS,1,118,KC,1,5,2,0.0,2023
717059,2023-08-09,111,BOS,1,118,KC,1,6,3,0.0,2023
717051,2023-08-10,111,BOS,1,118,KC,1,7,4,0.0,2023
717042,2023-08-11,111,BOS,1,116,DET,1,8,1,0.0,2023
717033,2023-08-12,111,BOS,1,116,DET,1,9,2,0.0,2023
717014,2023-08-13,111,BOS,1,116,DET,1,10,3,0.0,2023
716993,2023-08-15,111,BOS,0,120,WSH,2,-1,1,391.9148119772238,2023
716982,2023-08-16,111,BOS,0,120,WSH,1,-2,2,0.0,2023
716966,2023-08-17,111,BOS,0,120,WSH,1,-3,3,0.0,2023
716953,2023-08-18,111,BOS,0,147,NYY,1,-4,1,212.0912051760551,2023
716943,2023-08-19,111,BOS,0,147,NYY,1,-5,2,0.0,2023
716928,2023-08-20,111,BOS,0,147,NYY,1,-6,3,0.0,2023
716908,2023-08-22,111,BOS,0,117,HOU,2,-7,1,1424.3629806468848,2023
716895,2023-08-23,111,BOS,0,117,HOU,1,-8,2,0.0,2023
716878,2023-08-24,111,BOS,0,117,HOU,1,-9,3,0.0,2023
716873,2023-08-24,111,BOS,0,117,HOU,0,-10,4,0.0,2023
716866,2023-08-25,111,BOS,1,119,LAD,1,1,1,1601.3745489627004,2023
716849,2023-08-26,111,BOS,1,119,LAD,1,2,2,0.0,2023
716831,2023-08-27,111,BOS,1,119,LAD,1,3,3,0.0,2023
716814,2023-08-28,111,BOS,1,117,HOU,1,4,1,0.0,2023
716802,2023-08-29,111,BOS,1,117,HOU,1,5,2,0.0,2023
716794,2023-08-30,111,BOS,1,117,HOU,1,6,3,0.0,2023
716764,2023-09-02,111,BOS,0,118,KC,3,-1,1,1241.802604380426,2023
716750,2023-09-02,111,BOS,0,118,KC,0,-2,2,0.0,2023
716739,2023-09-03,111,BOS,0,118,KC,1,-3,3,0.0,2023
716722,2023-09-04,111,BOS,0,139,TB,1,-4,1,1034.03926539089,2023
716716,2023-09-05,111,BOS,0,139,TB,1,-5,2,0.0,2023
716696,2023-09-06,111,BOS,0,139,TB,1,-6,3,0.0,2023
716672,2023-09-08,111,BOS,1,110,BAL,2,1,1,1198.2270597762317,2023
716664,2023-09-09,111,BOS,1,110,BAL,1,2,2,0.0,2023
716652,2023-09-10,111,BOS,1,110,BAL,1,3,3,0.0,2023
716628,2023-09-12,111,BOS,1,147,NYY,1,5,2,0.0,2023
716612,2023-09-12,111,BOS,1,147,NYY,0,6,3,0.0,2023
716597,2023-09-14,111,BOS,1,147,NYY,1,8,5,0.0,2023
716593,2023-09-14,111,BOS,1,147,NYY,0,9,6,0.0,2023
716576,2023-09-15,111,BOS,0,141,TOR,1,-1,1,428.32913029317257,2023
716566,2023-09-16,111,BOS,0,141,TOR,1,-2,2,0.0,2023
716548,2023-09-17,111,BOS,0,141,TOR,1,-3,3,0.0,2023
716533,2023-09-19,111,BOS,0,140,TEX,2,-4,1,1216.0025005666878,2023
716507,2023-09-20,111,BOS,0,140,TEX,1,-5,2,0.0,2023
716519,2023-09-20,111,BOS,0,140,TEX,0,-6,3,0.0,2023
716478,2023-09-22,111,BOS,1,145,CWS,2,1,1,1562.0482982121016,2023
716468,2023-09-23,111,BOS,1,145,CWS,1,2,2,0.0,2023
716453,2023-09-24,111,BOS,1,145,CWS,1,3,3,0.0,2023
716428,2023-09-26,111,BOS,1,139,TB,2,4,1,0.0,2023
716419,2023-09-27,111,BOS,1,139,TB,1,5,2,0.0,2023
716402,2023-09-28,111,BOS,0,110,BAL,1,-1,1,358.0026308075598,2023
716390,2023-09-29,111,BOS,0,110,BAL,1,-2,2,0.0,2023
716377,2023-09-30,111,BOS,0,110,BAL,1,-3,3,0.0,2023
716367,2023-10-01,111,BOS,0,110,BAL,1,-4,4,0.0,2023
718777,2023-03-30,112,CHC,1,158,MIL,0,1,1,0.0,2023
718758,2023-04-01,112,CHC,1,158,MIL,2,2,2,0.0,2023
718738,2023-04-02,112,CHC,1,158,MIL,1,3,3,0.0,2023
718728,2023-04-03,112,CHC,0,113,CIN,1,-1,1,257.0933763635692,2023
718716,2023-04-04,112,CHC,0,113,CIN,1,-2,2,0.0,2023
718675,2023-04-07,112,CHC,1,140,TEX,2,1,1,257.0933763635692,2023
718669,2023-04-08,112,CHC,1,140,TEX,1,2,2,0.0,2023
718642,2023-04-09,112,CHC,1,140,TEX,1,3,3,0.0,2023
718628,2023-04-10,112,CHC,1,136,SEA,1,4,1,0.0,2023
718617,2023-04-11,112,CHC,1,136,SEA,1,5,2,0.0,2023
718606,2023-04-12,112,CHC,1,136,SEA,1,6,3,0.0,2023
718575,2023-04-15,112,CHC,0,119,LAD,3,-1,1,1740.9215479584495,2023
718564,2023-04-16,112,CHC,0,119,LAD,1,-2,2,0.0,2023
718547,2023-04-16,112,CHC,0,119,LAD,0,-3,3,0.0,2023
718536,2023-04-18,112,CHC,0,133,OAK,2,-4,1,337.12266209703967,2023
718523,2023-04-19,112,CHC,0,133,OAK,1,-5,2,0.0,2023
718506,2023-04-19,112,CHC,0,133,OAK,0,-6,3,0.0,2023
718499,2023-04-20,112,CHC,1,119,LAD,1,1,1,1842.6147174758498,2023
718491,2023-04-21,112,CHC,1,119,LAD,1,2,2,0.0,2023
718479,2023-04-22,112,CHC,1,119,LAD,1,3,3,0.0,2023
718451,2023-04-23,112,CHC,1,119,LAD,1,4,4,0.0,2023
718426,2023-04-25,112,CHC,1,135,SD,2,5,1,0.0,2023
718407,2023-04-26,112,CHC,1,135,SD,1,6,2,0.0,2023
718406,2023-04-27,112,CHC,1,135,SD,1,7,3,0.0,2023
718391,2023-04-28,112,CHC,0,146,MIA,1,-1,1,1194.7816200111963,2023
718375,2023-04-29,112,CHC,0,146,MIA,1,-2,2,0.0,2023
718364,2023-04-30,112,CHC,0,146,MIA,1,-3,3,0.0,2023
718349,2023-05-01,112,CHC,0,120,WSH,1,-4,1,923.8773279819753,2023
718344,2023-05-02,112,CHC,0,120,WSH,1,-5,2,0.0,2023
718333,2023-05-03,112,CHC,0,120,WSH,1,-6,3,0.0,2023
718317,2023-05-04,112,CHC,0,120,WSH,1,-7,4,0.0,2023
718303,2023-05-05,112,CHC,1,146,MIA,1,1,1,598.6412524083928,2023
718289,2023-05-06,112,CHC,1,146,MIA,1,2,2,0.0,2023
718269,2023-05-07,112,CHC,1,146,MIA,1,3,3,0.0,2023
718256,2023-05-08,112,CHC,1,138,STL,1,4,1,0.0,2023
718240,2023-05-09,112,CHC,1,138,STL,1,5,2,0.0,2023
718221,2023-05-10,112,CHC,1,138,STL,1,6,3,0.0,2023
718209,2023-05-13,112,CHC,0,142,MIN,3,-1,1,351.19627848712736,2023
718195,2023-05-13,112,CHC,0,142,MIN,0,-2,2,0.0,2023
718175,2023-05-14,112,CHC,0,142,MIN,1,-3,3,0.0,2023
718158,2023-05-16,112,CHC,0,117,HOU,2,-4,1,1058.038361560939,2023
718152,2023-05-17,112,CHC,0,117,HOU,1,-5,2,0.0,2023
718127,2023-05-18,112,CHC,0,117,HOU,1,-6,3,0.0,2023
718116,2023-05-19,112,CHC,0,143,PHI,1,-7,1,1337.9314503801108,2023
718097,2023-05-20,112,CHC,0,143,PHI,1,-8,2,0.0,2023
718088,2023-05-21,112,CHC,0,143,PHI,1,-9,3,0.0,2023
718055,2023-05-23,112,CHC,1,121,NYM,2,1,1,666.436342674126,2023
718038,2023-05-24,112,CHC,1,121,NYM,1,2,2,0.0,2023
718024,2023-05-25,112,CHC,1,121,NYM,1,3,3,0.0,2023
718027,2023-05-26,112,CHC,1,113,CIN,1,4,1,0.0,2023
718007,2023-05-27,112,CHC,1,113,CIN,1,5,2,0.0,2023
717987,2023-05-28,112,CHC,1,113,CIN,1,6,3,0.0,2023
717976,2023-05-29,112,CHC,1,139,TB,1,7,1,0.0,2023
717961,2023-05-31,112,CHC,1,139,TB,2,8,2,0.0,2023
717950,2023-05-31,112,CHC,1,139,TB,0,9,3,0.0,2023
717921,2023-06-03,112,CHC,0,135,SD,3,-1,1,1731.4493412522409,2023
717903,2023-06-04,112,CHC,0,135,SD,1,-2,2,0.0,2023
717889,2023-06-04,112,CHC,0,135,SD,0,-3,3,0.0,2023
717880,2023-06-06,112,CHC,0,135,SD,2,-4,4,0.0,2023
717861,2023-06-07,112,CHC,0,108,LAA,1,-5,1,86.36512380343024,2023
717855,2023-06-08,112,CHC,0,108,LAA,1,-6,2,0.0,2023
717838,2023-06-09,112,CHC,0,108,LAA,1,-7,3,0.0,2023
717823,2023-06-10,112,CHC,0,137,SF,1,-8,1,373.21886529538057,2023
717826,2023-06-10,112,CHC,0,137,SF,0,-9,2,0.0,2023
717796,2023-06-11,112,CHC,0,137,SF,1,-10,3,0.0,2023
717782,2023-06-14,112,CHC,1,134,PIT,3,1,1,1851.6696488043885,2023
717763,2023-06-15,112,CHC,1,134,PIT,1,2,2,0.0,2023
717747,2023-06-16,112,CHC,1,134,PIT,1,3,3,0.0,2023
717744,2023-06-16,112,CHC,1,110,BAL,0,4,1,0.0,2023
717729,2023-06-17,112,CHC,1,110,BAL,1,5,2,0.0,2023
717708,2023-06-18,112,CHC,1,110,BAL,1,6,3,0.0,2023
717698,2023-06-19,112,CHC,0,134,PIT,1,-1,1,410.8665423703318,2023
717686,2023-06-20,112,CHC,0,134,PIT,1,-2,2,0.0,2023
717671,2023-06-21,112,CHC,0,134,PIT,1,-3,3,0.0,2023
717637,2023-06-24,112,CHC,0,138,STL,3,-4,1,556.9698942849304,2023
717623,2023-06-25,112,CHC,0,138,STL,1,-5,2,0.0,2023
717596,2023-06-28,112,CHC,1,143,PHI,3,1,1,265.86188355988685,2023
717584,2023-06-29,112,CHC,1,143,PHI,1,2,2,0.0,2023
717567,2023-06-30,112,CHC,1,143,PHI,1,3,3,0.0,2023
717559,2023-06-30,112,CHC,1,114,CLE,0,4,1,0.0,2023
717546,2023-07-01,112,CHC,1,114,CLE,1,5,2,0.0,2023
717521,2023-07-02,112,CHC,1,114,CLE,1,6,3,0.0,2023
717511,2023-07-03,112,CHC,0,158,MIL,1,-1,1,76.31439882124853,2023
717503,2023-07-04,112,CHC,0,158,MIL,1,-2,2,0.0,2023
717483,2023-07-06,112,CHC,0,158,MIL,2,-3,3,0.0,2023
717474,2023-07-06,112,CHC,0,158,MIL,0,-4,4,0.0,2023
717464,2023-07-07,112,CHC,0,147,NYY,1,-5,1,736.8762860400252,2023
717447,2023-07-08,112,CHC,0,147,NYY,1,-6,2,0.0,2023
717433,2023-07-09,112,CHC,0,147,NYY,1,-7,3,0.0,2023
717403,2023-07-15,112,CHC,1,111,BOS,6,1,1,715.1181609325873,2023
717419,2023-07-15,112,CHC,1,111,BOS,0,2,2,0.0,2023
717376,2023-07-16,112,CHC,1,111,BOS,1,3,3,0.0,2023
717370,2023-07-18,112,CHC,1,120,WSH,2,4,1,0.0,2023
717353,2023-07-19,112,CHC,1,120,WSH,1,5,2,0.0,2023
717336,2023-07-20,112,CHC,1,120,WSH,1,6,3,0.0,2023
717322,2023-07-21,112,CHC,1,138,STL,1,7,1,0.0,2023
717325,2023-07-21,112,CHC,1,138,STL,0,8,2,0.0,2023
717308,2023-07-22,112,CHC,1,138,STL,1,9,3,0.0,2023
717286,2023-07-23,112,CHC,1,138,STL,1,10,4,0.0,2023
717263,2023-07-26,112,CHC,0,145,CWS,3,-1,1,8.262413783057372,2023
717238,2023-07-27,112,CHC,0,138,STL,1,-2,1,259.4675939691297,2023
717240,2023-07-27,112,CHC,0,145,CWS,0,-3,1,259.4675939691297,2023
717226,2023-07-29,112,CHC,0,138,STL,2,-4,1,259.4675939691297,2023
717213,2023-07-29,112,CHC,0,138,STL,0,-5,2,0.0,2023
717195,2023-07-30,112,CHC,0,138,STL,1,-6,3,0.0,2023
717188,2023-08-01,112,CHC,1,113,CIN,2,1,1,265.86188355988685,2023
717173,2023-08-02,112,CHC,1,113,CIN,1,2,2,0.0,2023
717153,2023-08-03,112,CHC,1,113,CIN,1,3,3,0.0,2023
717146,2023-08-04,112,CHC,1,113,CIN,1,4,4,0.0,2023
717141,2023-08-04,112,CHC,1,144,ATL,0,5,1,0.0,2023
717121,2023-08-05,112,CHC,1,144,ATL,1,6,2,0.0,2023
717098,2023-08-06,112,CHC,1,144,ATL,1,7,3,0.0,2023
717092,2023-08-07,112,CHC,0,121,NYM,1,-1,1,720.1961586455312,2023
717080,2023-08-08,112,CHC,0,121,NYM,1,-2,2,0.0,2023
717062,2023-08-09,112,CHC,0,121,NYM,1,-3,3,0.0,2023
717041,2023-08-11,112,CHC,0,141,TOR,2,-4,1,346.6363887095845,2023
717026,2023-08-12,112,CHC,0,141,TOR,1,-5,2,0.0,2023
717012,2023-08-13,112,CHC,0,141,TOR,1,-6,3,0.0,2023
716986,2023-08-16,112,CHC,1,145,CWS,3,1,1,434.9128878467627,2023
716968,2023-08-17,112,CHC,1,145,CWS,1,2,2,0.0,2023
716955,2023-08-18,112,CHC,1,118,KC,1,3,1,0.0,2023
716937,2023-08-19,112,CHC,1,118,KC,1,4,2,0.0,2023
716917,2023-08-20,112,CHC,1,118,KC,1,5,3,0.0,2023
716913,2023-08-21,112,CHC,0,116,DET,1,-1,1,237.53010712627383,2023
716896,2023-08-22,112,CHC,0,116,DET,1,-2,2,0.0,2023
716885,2023-08-23,112,CHC,0,116,DET,1,-3,3,0.0,2023
716870,2023-08-24,112,CHC,0,134,PIT,1,-4,1,204.84355160436255,2023
716862,2023-08-25,112,CHC,0,134,PIT,1,-5,2,0.0,2023
716842,2023-08-26,112,CHC,0,134,PIT,1,-6,3,0.0,2023
716834,2023-08-27,112,CHC,0,134,PIT,1,-7,4,0.0,2023
716810,2023-08-29,112,CHC,1,158,MIL,2,1,1,410.8665423703318,2023
716779,2023-08-30,112,CHC,1,158,MIL,1,2,2,0.0,2023
716798,2023-08-30,112,CHC,1,158,MIL,0,3,3,0.0,2023
718700,2023-09-01,112,CHC,0,113,CIN,2,-1,1,257.0933763635692,2023
716770,2023-09-01,112,CHC,0,113,CIN,0,-2,2,0.0,2023
716753,2023-09-02,112,CHC,0,113,CIN,1,-3,3,0.0,2023
716738,2023-09-03,112,CHC,0,113,CIN,1,-4,4,0.0,2023
716723,2023-09-04,112,CHC,1,137,SF,1,1,1,257.0933763635692,2023
716708,2023-09-05,112,CHC,1,137,SF,1,2,2,0.0,2023
716699,2023-09-06,112,CHC,1,137,SF,1,3,3,0.0,2023
716685,2023-09-07,112,CHC,1,109,ARI,1,4,1,0.0,2023
716678,2023-09-08,112,CHC,1,109,ARI,1,5,2,0.0,2023
716660,2023-09-09,112,CHC,1,109,ARI,1,6,3,0.0,2023
716638,2023-09-10,112,CHC,1,109,ARI,1,7,4,0.0,2023
716625,2023-09-12,112,CHC,0,115,COL,2,-1,1,917.1571990207435,2023
716609,2023-09-13,112,CHC,0,115,COL,1,-2,2,0.0,2023
716599,2023-09-13,112,CHC,0,115,COL,0,-3,3,0.0,2023
716567,2023-09-16,112,CHC,0,109,ARI,3,-4,1,586.1530990190981,2023
716558,2023-09-17,112,CHC,0,109,ARI,1,-5,2,0.0,2023
716536,2023-09-17,112,CHC,0,109,ARI,0,-6,3,0.0,2023
716518,2023-09-19,112,CHC,1,134,PIT,2,1,1,1451.6299446026987,2023
716497,2023-09-20,112,CHC,1,134,PIT,1,2,2,0.0,2023
716493,2023-09-21,112,CHC,1,134,PIT,1,3,3,0.0,2023
716486,2023-09-22,112,CHC,1,115,COL,1,4,1,0.0,2023
716469,2023-09-23,112,CHC,1,115,COL,1,5,2,0.0,2023
716449,2023-09-24,112,CHC,1,115,COL,1,6,3,0.0,2023
716429,2023-09-26,112,CHC,0,144,ATL,2,-1,1,583.1187828539541,2023
716412,2023-09-27,112,CHC,0,144,ATL,1,-2,2,0.0,2023
716399,2023-09-28,112,CHC,0,144,ATL,1,-3,3,0.0,2023
716385,2023-09-30,112,CHC,0,158,MIL,2,-4,1,659.030112248539,2023
716373,2023-09-30,112,CHC,0,158,MIL,0,-5,2,0.0,2023
716364,2023-10-01,112,CHC,0,158,MIL,1,-6,3,0.0,2023
718773,2023-03-30,113,CIN,1,134,PIT,0,1,1,0.0,2023
718756,2023-04-01,113,CIN,1,134,PIT,2,2,2,0.0,2023
718744,2023-04-02,113,CIN,1,134,PIT,1,3,3,0.0,2023
718728,2023-04-03,113,CIN,1,112,CHC,1,4,1,0.0,2023
718716,2023-04-04,113,CIN,1,112,CHC,1,5,2,0.0,2023
718685,2023-04-07,113,CIN,0,143,PHI,1,-2,2,0.0,2023
718668,2023-04-08,113,CIN,0,143,PHI,1,-3,3,0.0,2023
718652,2023-04-09,113,CIN,0,143,PHI,1,-4,4,0.0,2023
718636,2023-04-10,113,CIN,0,144,ATL,1,-5,1,660.3458671025634,2023
718620,2023-04-11,113,CIN,0,144,ATL,1,-6,2,0.0,2023
718601,2023-04-12,113,CIN,0,144,ATL,1,-7,3,0.0,2023
718597,2023-04-13,113,CIN,1,143,PHI,1,1,1,359.8050212534856,2023
718586,2023-04-14,113,CIN,1,143,PHI,1,2,2,0.0,2023
718566,2023-04-15,113,CIN,1,143,PHI,1,3,3,0.0,2023
718554,2023-04-16,113,CIN,1,143,PHI,1,4,4,0.0,2023
718542,2023-04-17,113,CIN,1,139,TB,1,5,1,0.0,2023
718526,2023-04-18,113,CIN,1,139,TB,1,6,2,0.0,2023
718515,2023-04-19,113,CIN,1,139,TB,1,7,3,0.0,2023
718500,2023-04-20,113,CIN,0,134,PIT,1,-1,1,256.6044671740272,2023
718492,2023-04-21,113,CIN,0,134,PIT,1,-2,2,0.0,2023
718474,2023-04-22,113,CIN,0,134,PIT,1,-3,3,0.0,2023
718463,2023-04-23,113,CIN,0,134,PIT,1,-4,4,0.0,2023
718445,2023-04-24,113,CIN,1,140,TEX,1,1,1,256.6044671740272,2023
718434,2023-04-25,113,CIN,1,140,TEX,1,2,2,0.0,2023
718424,2023-04-26,113,CIN,1,140,TEX,1,3,3,0.0,2023
718380,2023-04-29,113,CIN,0,133,OAK,3,-1,1,2027.8222751019914,2023
718377,2023-04-29,113,CIN,0,133,OAK,0,-2,2,0.0,2023
718357,2023-04-30,113,CIN,0,133,OAK,1,-3,3,0.0,2023
718345,2023-05-02,113,CIN,0,135,SD,2,-4,1,449.84278611734885,2023
718335,2023-05-03,113,CIN,0,135,SD,1,-5,2,0.0,2023
718330,2023-05-03,113,CIN,0,135,SD,0,-6,3,0.0,2023
718305,2023-05-05,113,CIN,1,145,CWS,2,1,1,1869.1251200134675,2023
718281,2023-05-06,113,CIN,1,145,CWS,1,2,2,0.0,2023
718262,2023-05-07,113,CIN,1,145,CWS,1,3,3,0.0,2023
718243,2023-05-09,113,CIN,1,121,NYM,2,4,1,0.0,2023
718225,2023-05-10,113,CIN,1,121,NYM,1,5,2,0.0,2023
718223,2023-05-11,113,CIN,1,121,NYM,1,6,3,0.0,2023
718212,2023-05-12,113,CIN,0,146,MIA,1,-1,1,953.4072522903118,2023
718198,2023-05-13,113,CIN,0,146,MIA,1,-2,2,0.0,2023
718178,2023-05-14,113,CIN,0,146,MIA,1,-3,3,0.0,2023
718161,2023-05-16,113,CIN,0,115,COL,2,-4,1,1723.9912128319143,2023
718145,2023-05-17,113,CIN,0,115,COL,1,-5,2,0.0,2023
718138,2023-05-17,113,CIN,0,115,COL,0,-6,3,0.0,2023
718120,2023-05-19,113,CIN,1,147,NYY,2,1,1,1091.971068685176,2023
718095,2023-05-20,113,CIN,1,147,NYY,1,2,2,0.0,2023
718085,2023-05-21,113,CIN,1,147,NYY,1,3,3,0.0,2023
718071,2023-05-22,113,CIN,1,138,STL,1,4,1,0.0,2023
718059,2023-05-23,113,CIN,1,138,STL,1,5,2,0.0,2023
718041,2023-05-24,113,CIN,1,138,STL,1,6,3,0.0,2023
718030,2023-05-25,113,CIN,1,138,STL,1,7,4,0.0,2023
718027,2023-05-26,113,CIN,0,112,CHC,1,-1,1,257.0933763635692,2023
718007,2023-05-27,113,CIN,0,112,CHC,1,-2,2,0.0,2023
717987,2023-05-28,113,CIN,0,112,CHC,1,-3,3,0.0,2023
717966,2023-05-30,113,CIN,0,111,BOS,2,-4,1,847.382439361086,2023
717948,2023-05-31,113,CIN,0,111,BOS,1,-5,2,0.0,2023
717932,2023-06-01,113,CIN,0,111,BOS,1,-6,3,0.0,2023
717931,2023-06-02,113,CIN,1,158,MIL,1,1,1,736.3670721136276,2023
717906,2023-06-03,113,CIN,1,158,MIL,1,2,2,0.0,2023
717897,2023-06-04,113,CIN,1,158,MIL,1,3,3,0.0,2023
717883,2023-06-05,113,CIN,1,158,MIL,1,4,4,0.0,2023
717870,2023-06-06,113,CIN,1,119,LAD,1,5,1,0.0,2023
717853,2023-06-07,113,CIN,1,119,LAD,1,6,2,0.0,2023
717844,2023-06-08,113,CIN,1,119,LAD,1,7,3,0.0,2023
717832,2023-06-10,113,CIN,0,138,STL,2,-1,1,307.56531909433545,2023
717817,2023-06-10,113,CIN,0,138,STL,0,-2,2,0.0,2023
717797,2023-06-11,113,CIN,0,138,STL,1,-3,3,0.0,2023
717793,2023-06-13,113,CIN,0,118,KC,2,-4,1,232.6374617718515,2023
717777,2023-06-14,113,CIN,0,118,KC,1,-5,2,0.0,2023
717764,2023-06-15,113,CIN,0,118,KC,1,-6,3,0.0,2023
717727,2023-06-17,113,CIN,0,117,HOU,2,-7,1,644.1456886709294,2023
717737,2023-06-17,113,CIN,0,117,HOU,0,-8,2,0.0,2023
717707,2023-06-18,113,CIN,0,117,HOU,1,-9,3,0.0,2023
717701,2023-06-19,113,CIN,1,115,COL,1,1,1,892.3931536123845,2023
717685,2023-06-20,113,CIN,1,115,COL,1,2,2,0.0,2023
717669,2023-06-21,113,CIN,1,115,COL,1,3,3,0.0,2023
717650,2023-06-23,113,CIN,1,144,ATL,2,4,1,0.0,2023
717631,2023-06-24,113,CIN,1,144,ATL,1,5,2,0.0,2023
717618,2023-06-25,113,CIN,1,144,ATL,1,6,3,0.0,2023
717611,2023-06-26,113,CIN,0,110,BAL,1,-1,1,422.40795362654626,2023
717601,2023-06-27,113,CIN,0,110,BAL,1,-2,2,0.0,2023
717589,2023-06-28,113,CIN,0,110,BAL,1,-3,3,0.0,2023
717557,2023-06-30,113,CIN,1,135,SD,2,1,1,422.40795362654626,2023
717539,2023-07-01,113,CIN,1,135,SD,1,2,2,0.0,2023
717526,2023-07-02,113,CIN,1,135,SD,1,3,3,0.0,2023
717517,2023-07-03,113,CIN,0,120,WSH,1,-1,1,403.05254469244744,2023
717507,2023-07-04,113,CIN,0,120,WSH,1,-2,2,0.0,2023
717493,2023-07-05,113,CIN,0,120,WSH,1,-3,3,0.0,2023
717481,2023-07-06,113,CIN,0,120,WSH,1,-4,4,0.0,2023
717459,2023-07-08,113,CIN,0,158,MIL,2,-5,1,639.4643273379048,2023
717444,2023-07-08,113,CIN,0,158,MIL,0,-6,2,0.0,2023
717427,2023-07-09,113,CIN,0,158,MIL,1,-7,3,0.0,2023
717412,2023-07-14,113,CIN,1,158,MIL,5,1,4,325.9595383372329,2023
717392,2023-07-15,113,CIN,1,158,MIL,1,2,5,0.0,2023
717383,2023-07-16,113,CIN,1,158,MIL,1,3,6,0.0,2023
717375,2023-07-18,113,CIN,1,137,SF,1,5,2,0.0,2023
717360,2023-07-18,113,CIN,1,137,SF,0,6,3,0.0,2023
717342,2023-07-19,113,CIN,1,137,SF,1,7,4,0.0,2023
717334,2023-07-20,113,CIN,1,137,SF,1,8,5,0.0,2023
717321,2023-07-21,113,CIN,1,109,ARI,1,9,1,0.0,2023
717303,2023-07-22,113,CIN,1,109,ARI,1,10,2,0.0,2023
717289,2023-07-23,113,CIN,1,109,ARI,1,11,3,0.0,2023
717273,2023-07-25,113,CIN,0,158,MIL,2,-1,1,325.9595383372329,2023
717262,2023-07-26,113,CIN,0,158,MIL,1,-2,2,0.0,2023
717254,2023-07-26,113,CIN,0,158,MIL,0,-3,3,0.0,2023
717225,2023-07-29,113,CIN,0,119,LAD,3,-4,1,1737.1964859284558,2023
717205,2023-07-30,113,CIN,0,119,LAD,1,-5,2,0.0,2023
717194,2023-07-30,113,CIN,0,119,LAD,0,-6,3,0.0,2023
717188,2023-08-01,113,CIN,0,112,CHC,2,-7,1,1740.9215479584495,2023
717173,2023-08-02,113,CIN,0,112,CHC,1,-8,2,0.0,2023
717153,2023-08-03,113,CIN,0,112,CHC,1,-9,3,0.0,2023
717139,2023-08-04,113,CIN,1,120,WSH,1,1,1,257.0933763635692,2023
717146,2023-08-04,113,CIN,0,112,CHC,0,-1,1,257.0933763635692,2023
717120,2023-08-05,113,CIN,1,120,WSH,1,1,1,257.0933763635692,2023
717104,2023-08-06,113,CIN,1,120,WSH,1,2,2,0.0,2023
717097,2023-08-07,113,CIN,1,146,MIA,1,3,1,0.0,2023
717083,2023-08-08,113,CIN,1,146,MIA,1,4,2,0.0,2023
717070,2023-08-09,113,CIN,1,146,MIA,1,5,3,0.0,2023
717046,2023-08-11,113,CIN,0,134,PIT,2,-1,1,256.6044671740272,2023
717027,2023-08-13,113,CIN,0,134,PIT,1,-3,3,0.0,2023
717015,2023-08-13,113,CIN,0,134,PIT,0,-4,4,0.0,2023
716992,2023-08-15,113,CIN,1,114,CLE,2,1,1,256.6044671740272,2023
716973,2023-08-16,113,CIN,1,114,CLE,1,2,2,0.0,2023
716954,2023-08-18,113,CIN,1,141,TOR,2,3,1,0.0,2023
716935,2023-08-19,113,CIN,1,141,TOR,1,4,2,0.0,2023
716924,2023-08-20,113,CIN,1,141,TOR,1,5,3,0.0,2023
716892,2023-08-23,113,CIN,0,108,LAA,1,-2,2,0.0,2023
716890,2023-08-23,113,CIN,0,108,LAA,0,-3,3,0.0,2023
716903,2023-08-24,113,CIN,0,108,LAA,1,-4,4,0.0,2023
716868,2023-08-25,113,CIN,0,109,ARI,1,-5,1,335.4914545335198,2023
716851,2023-08-26,113,CIN,0,109,ARI,1,-6,2,0.0,2023
716821,2023-08-27,113,CIN,0,109,ARI,1,-7,3,0.0,2023
716833,2023-08-27,113,CIN,0,109,ARI,0,-8,4,0.0,2023
716823,2023-08-29,113,CIN,0,137,SF,2,-9,1,652.0636757078365,2023
716803,2023-08-30,113,CIN,0,137,SF,1,-10,2,0.0,2023
716789,2023-08-30,113,CIN,0,137,SF,0,-11,3,0.0,2023
718700,2023-09-01,113,CIN,1,112,CHC,2,1,1,2037.340018250872,2023
716770,2023-09-01,113,CIN,1,112,CHC,0,2,2,0.0,2023
716753,2023-09-02,113,CIN,1,112,CHC,1,3,3,0.0,2023
716738,2023-09-03,113,CIN,1,112,CHC,1,4,4,0.0,2023
716727,2023-09-04,113,CIN,1,136,SEA,1,5,1,0.0,2023
716712,2023-09-05,113,CIN,1,136,SEA,1,6,2,0.0,2023
716693,2023-09-06,113,CIN,1,136,SEA,1,7,3,0.0,2023
716677,2023-09-08,113,CIN,1,138,STL,2,8,1,0.0,2023
716655,2023-09-09,113,CIN,1,138,STL,1,9,2,0.0,2023
716642,2023-09-10,113,CIN,1,138,STL,1,10,3,0.0,2023
716617,2023-09-12,113,CIN,0,116,DET,2,-1,1,236.62913628650645,2023
716601,2023-09-13,113,CIN,0,116,DET,1,-2,2,0.0,2023
716584,2023-09-14,113,CIN,0,116,DET,1,-3,3,0.0,2023
716574,2023-09-15,113,CIN,0,121,NYM,1,-4,1,488.01813985396933,2023
716555,2023-09-16,113,CIN,0,121,NYM,1,-5,2,0.0,2023
716545,2023-09-17,113,CIN,0,121,NYM,1,-6,3,0.0,2023
716534,2023-09-18,113,CIN,1,142,MIN,1,1,1,576.1040985787001,2023
716522,2023-09-19,113,CIN,1,142,MIN,1,2,2,0.0,2023
716506,2023-09-20,113,CIN,1,142,MIN,1,3,3,0.0,2023
716487,2023-09-22,113,CIN,1,134,PIT,2,4,1,0.0,2023
716462,2023-09-23,113,CIN,1,134,PIT,1,5,2,0.0,2023
716451,2023-09-24,113,CIN,1,134,PIT,1,6,3,0.0,2023
716435,2023-09-26,113,CIN,0,114,CLE,2,-1,1,222.67421009904183,2023
716418,2023-09-27,113,CIN,0,114,CLE,1,-2,2,0.0,2023
716388,2023-09-30,113,CIN,0,138,STL,3,-3,1,491.5044526605,2023
716372,2023-09-30,113,CIN,0,138,STL,0,-4,2,0.0,2023
716353,2023-10-01,113,CIN,0,138,STL,1,-5,3,0.0,2023
718767,2023-03-31,114,CLE,0,136,SEA,0,-1,1,2021.2763610125958,2023
718763,2023-04-01,114,CLE,0,136,SEA,1,-2,2,0.0,2023
718746,2023-04-02,114,CLE,0,136,SEA,1,-3,3,0.0,2023
718735,2023-04-02,114,CLE,0,136,SEA,0,-4,4,0.0,2023
718721,2023-04-04,114,CLE,0,133,OAK,2,-5,1,679.9392003432476,2023
718707,2023-04-05,114,CLE,0,133,OAK,1,-6,2,0.0,2023
718689,2023-04-05,114,CLE,0,133,OAK,0,-7,3,0.0,2023
718677,2023-04-07,114,CLE,1,136,SEA,2,1,1,2151.964503269304,2023
718663,2023-04-08,114,CLE,1,136,SEA,1,2,2,0.0,2023
718646,2023-04-09,114,CLE,1,136,SEA,1,3,3,0.0,2023
718637,2023-04-10,114,CLE,1,147,NYY,1,4,1,0.0,2023
718626,2023-04-11,114,CLE,1,147,NYY,1,5,2,0.0,2023
718604,2023-04-12,114,CLE,1,147,NYY,1,6,3,0.0,2023
718592,2023-04-14,114,CLE,0,120,WSH,2,-1,1,306.2397190255103,2023
718573,2023-04-15,114,CLE,0,120,WSH,1,-2,2,0.0,2023
718555,2023-04-16,114,CLE,0,120,WSH,1,-3,3,0.0,2023
718530,2023-04-18,114,CLE,0,116,DET,1,-5,2,0.0,2023
718541,2023-04-18,114,CLE,0,116,DET,0,-6,3,0.0,2023
718513,2023-04-19,114,CLE,0,116,DET,1,-7,4,0.0,2023
718473,2023-04-22,114,CLE,1,146,MIA,1,2,2,0.0,2023
718488,2023-04-22,114,CLE,1,146,MIA,0,3,3,0.0,2023
718460,2023-04-23,114,CLE,1,146,MIA,1,4,4,0.0,2023
718448,2023-04-24,114,CLE,1,115,COL,1,5,1,0.0,2023
718440,2023-04-25,114,CLE,1,115,COL,1,6,2,0.0,2023
718421,2023-04-26,114,CLE,1,115,COL,1,7,3,0.0,2023
718395,2023-04-28,114,CLE,0,111,BOS,2,-1,1,547.1609370940174,2023
718385,2023-04-29,114,CLE,0,111,BOS,1,-2,2,0.0,2023
718370,2023-04-30,114,CLE,0,111,BOS,1,-3,3,0.0,2023
718351,2023-05-01,114,CLE,0,147,NYY,1,-4,1,179.88456828974768,2023
718339,2023-05-02,114,CLE,0,147,NYY,1,-5,2,0.0,2023
718324,2023-05-03,114,CLE,0,147,NYY,1,-6,3,0.0,2023
718306,2023-05-05,114,CLE,1,142,MIN,2,1,1,406.0987517437095,2023
718285,2023-05-06,114,CLE,1,142,MIN,1,2,2,0.0,2023
718273,2023-05-07,114,CLE,1,142,MIN,1,3,3,0.0,2023
718261,2023-05-08,114,CLE,1,116,DET,1,4,1,0.0,2023
718248,2023-05-09,114,CLE,1,116,DET,1,5,2,0.0,2023
718234,2023-05-10,114,CLE,1,116,DET,1,6,3,0.0,2023
718205,2023-05-12,114,CLE,1,108,LAA,2,7,1,0.0,2023
718191,2023-05-13,114,CLE,1,108,LAA,1,8,2,0.0,2023
718182,2023-05-14,114,CLE,1,108,LAA,1,9,3,0.0,2023
718147,2023-05-17,114,CLE,0,145,CWS,3,-1,1,307.8720964038074,2023
718129,2023-05-18,114,CLE,0,145,CWS,1,-2,2,0.0,2023
718125,2023-05-18,114,CLE,0,145,CWS,0,-3,3,0.0,2023
718119,2023-05-19,114,CLE,0,121,NYM,1,-4,1,718.8569327739972,2023
718099,2023-05-21,114,CLE,0,121,NYM,1,-6,3,0.0,2023
718082,2023-05-21,114,CLE,0,121,NYM,0,-7,4,0.0,2023
718072,2023-05-22,114,CLE,1,145,CWS,1,1,1,411.0649093966104,2023
718063,2023-05-23,114,CLE,1,145,CWS,1,2,2,0.0,2023
718048,2023-05-24,114,CLE,1,145,CWS,1,3,3,0.0,2023
718022,2023-05-26,114,CLE,1,138,STL,2,4,1,0.0,2023
717996,2023-05-27,114,CLE,1,138,STL,1,5,2,0.0,2023
717993,2023-05-28,114,CLE,1,138,STL,1,6,3,0.0,2023
717974,2023-05-29,114,CLE,0,110,BAL,1,-1,1,307.1364885665357,2023
717967,2023-05-30,114,CLE,0,110,BAL,1,-2,2,0.0,2023
717946,2023-05-31,114,CLE,0,110,BAL,1,-3,3,0.0,2023
717937,2023-06-01,114,CLE,0,142,MIN,1,-4,1,937.5839769032132,2023
717924,2023-06-03,114,CLE,0,142,MIN,2,-5,2,0.0,2023
717913,2023-06-03,114,CLE,0,142,MIN,0,-6,3,0.0,2023
717895,2023-06-04,114,CLE,0,142,MIN,1,-7,4,0.0,2023
717873,2023-06-06,114,CLE,1,111,BOS,2,1,1,630.5553923040089,2023
717858,2023-06-07,114,CLE,1,111,BOS,1,2,2,0.0,2023
717842,2023-06-08,114,CLE,1,111,BOS,1,3,3,0.0,2023
717833,2023-06-09,114,CLE,1,117,HOU,1,4,1,0.0,2023
717815,2023-06-10,114,CLE,1,117,HOU,1,5,2,0.0,2023
717802,2023-06-11,114,CLE,1,117,HOU,1,6,3,0.0,2023
717772,2023-06-14,114,CLE,0,135,SD,3,-1,1,2030.8748360718175,2023
717758,2023-06-15,114,CLE,0,135,SD,1,-2,2,0.0,2023
717750,2023-06-16,114,CLE,0,135,SD,1,-3,3,0.0,2023
717739,2023-06-17,114,CLE,0,109,ARI,1,-4,1,299.07000924838377,2023
717706,2023-06-18,114,CLE,0,109,ARI,1,-5,2,0.0,2023
717719,2023-06-18,114,CLE,0,109,ARI,0,-6,3,0.0,2023
717679,2023-06-20,114,CLE,1,133,OAK,2,1,1,1745.9617283251753,2023
717663,2023-06-21,114,CLE,1,133,OAK,1,2,2,0.0,2023
717660,2023-06-22,114,CLE,1,133,OAK,1,3,3,0.0,2023
717648,2023-06-23,114,CLE,1,158,MIL,1,4,1,0.0,2023
717625,2023-06-24,114,CLE,1,158,MIL,1,5,2,0.0,2023
717613,2023-06-25,114,CLE,1,158,MIL,1,6,3,0.0,2023
717591,2023-06-28,114,CLE,0,118,KC,3,-1,1,694.6429853897519,2023
717577,2023-06-29,114,CLE,0,118,KC,1,-2,2,0.0,2023
717573,2023-06-29,114,CLE,0,118,KC,0,-3,3,0.0,2023
717559,2023-06-30,114,CLE,0,112,CHC,1,-4,1,410.49325072140863,2023
717546,2023-07-01,114,CLE,0,112,CHC,1,-5,2,0.0,2023
717521,2023-07-02,114,CLE,0,112,CHC,1,-6,3,0.0,2023
717512,2023-07-03,114,CLE,1,144,ATL,1,1,1,309.41326135873874,2023
717495,2023-07-04,114,CLE,1,144,ATL,1,2,2,0.0,2023
717486,2023-07-05,114,CLE,1,144,ATL,1,3,3,0.0,2023
717469,2023-07-06,114,CLE,1,118,KC,1,4,1,0.0,2023
717463,2023-07-07,114,CLE,1,118,KC,1,5,2,0.0,2023
717443,2023-07-08,114,CLE,1,118,KC,1,6,3,0.0,2023
717434,2023-07-09,114,CLE,1,118,KC,1,7,4,0.0,2023
717402,2023-07-15,114,CLE,0,140,TEX,6,-1,1,1038.947571490186,2023
717415,2023-07-15,114,CLE,0,140,TEX,0,-2,2,0.0,2023
717377,2023-07-16,114,CLE,0,140,TEX,1,-3,3,0.0,2023
717371,2023-07-17,114,CLE,0,134,PIT,1,-4,1,1083.6370651726334,2023
717364,2023-07-18,114,CLE,0,134,PIT,1,-5,2,0.0,2023
717348,2023-07-19,114,CLE,0,134,PIT,1,-6,3,0.0,2023
717315,2023-07-21,114,CLE,1,143,PHI,2,1,1,113.72517024270446,2023
717302,2023-07-22,114,CLE,1,143,PHI,1,2,2,0.0,2023
717283,2023-07-23,114,CLE,1,143,PHI,1,3,3,0.0,2023
717277,2023-07-24,114,CLE,1,118,KC,1,4,1,0.0,2023
717260,2023-07-25,114,CLE,1,118,KC,1,5,2,0.0,2023
717249,2023-07-26,114,CLE,1,118,KC,1,6,3,0.0,2023
717233,2023-07-28,114,CLE,0,145,CWS,2,-1,1,307.8720964038074,2023
717228,2023-07-28,114,CLE,0,145,CWS,0,-2,2,0.0,2023
717217,2023-07-29,114,CLE,0,145,CWS,1,-3,3,0.0,2023
717204,2023-07-30,114,CLE,0,145,CWS,1,-4,4,0.0,2023
717184,2023-08-01,114,CLE,0,117,HOU,2,-5,1,938.7707116803103,2023
717172,2023-08-02,114,CLE,0,117,HOU,1,-6,2,0.0,2023
717163,2023-08-02,114,CLE,0,117,HOU,0,-7,3,0.0,2023
717132,2023-08-04,114,CLE,1,145,CWS,2,1,1,1114.100496699443,2023
717115,2023-08-05,114,CLE,1,145,CWS,1,2,2,0.0,2023
717108,2023-08-06,114,CLE,1,145,CWS,1,3,3,0.0,2023
717087,2023-08-07,114,CLE,1,141,TOR,1,4,1,0.0,2023
717074,2023-08-08,114,CLE,1,141,TOR,1,5,2,0.0,2023
717060,2023-08-09,114,CLE,1,141,TOR,1,6,3,0.0,2023
717052,2023-08-10,114,CLE,1,141,TOR,1,7,4,0.0,2023
717038,2023-08-11,114,CLE,0,139,TB,1,-1,1,950.1419996181558,2023
717024,2023-08-12,114,CLE,0,139,TB,1,-2,2,0.0,2023
717010,2023-08-13,114,CLE,0,139,TB,1,-3,3,0.0,2023
716992,2023-08-15,114,CLE,0,113,CIN,2,-4,1,790.0657540508034,2023
716973,2023-08-16,114,CLE,0,113,CIN,1,-5,2,0.0,2023
716959,2023-08-18,114,CLE,1,116,DET,1,2,2,0.0,2023
716956,2023-08-18,114,CLE,1,116,DET,0,3,3,0.0,2023
716939,2023-08-19,114,CLE,1,116,DET,1,4,4,0.0,2023
716922,2023-08-20,114,CLE,1,116,DET,1,5,5,0.0,2023
716897,2023-08-22,114,CLE,1,119,LAD,2,6,1,0.0,2023
716875,2023-08-24,114,CLE,1,119,LAD,1,8,3,0.0,2023
716871,2023-08-24,114,CLE,1,119,LAD,0,9,4,0.0,2023
716860,2023-08-25,114,CLE,0,141,TOR,1,-1,1,188.71684847115282,2023
716846,2023-08-26,114,CLE,0,141,TOR,1,-2,2,0.0,2023
716825,2023-08-27,114,CLE,0,141,TOR,1,-3,3,0.0,2023
716813,2023-08-28,114,CLE,0,142,MIN,1,-4,1,692.024839424288,2023
716796,2023-08-29,114,CLE,0,142,MIN,1,-5,2,0.0,2023
716784,2023-08-30,114,CLE,0,142,MIN,1,-6,3,0.0,2023
716767,2023-09-01,114,CLE,1,139,TB,2,1,1,630.5553923040089,2023
716754,2023-09-02,114,CLE,1,139,TB,1,2,2,0.0,2023
716729,2023-09-03,114,CLE,1,139,TB,1,3,3,0.0,2023
716719,2023-09-04,114,CLE,1,142,MIN,1,4,1,0.0,2023
716717,2023-09-05,114,CLE,1,142,MIN,1,5,2,0.0,2023
716700,2023-09-06,114,CLE,1,142,MIN,1,6,3,0.0,2023
716684,2023-09-08,114,CLE,0,108,LAA,2,-1,1,2034.3207691263494,2023
716667,2023-09-09,114,CLE,0,108,LAA,1,-2,2,0.0,2023
716650,2023-09-10,114,CLE,0,108,LAA,1,-3,3,0.0,2023
716633,2023-09-10,114,CLE,0,108,LAA,0,-4,4,0.0,2023
716632,2023-09-12,114,CLE,0,137,SF,2,-5,1,373.21886529538057,2023
716619,2023-09-13,114,CLE,0,137,SF,1,-6,2,0.0,2023
716605,2023-09-13,114,CLE,0,137,SF,0,-7,3,0.0,2023
716575,2023-09-15,114,CLE,1,140,TEX,2,1,1,2161.0355110440028,2023
716562,2023-09-16,114,CLE,1,140,TEX,1,2,2,0.0,2023
716549,2023-09-17,114,CLE,1,140,TEX,1,3,3,0.0,2023
716529,2023-09-18,114,CLE,0,118,KC,1,-1,1,694.6429853897519,2023
716517,2023-09-19,114,CLE,0,118,KC,1,-2,2,0.0,2023
716505,2023-09-20,114,CLE,0,118,KC,1,-3,3,0.0,2023
716489,2023-09-21,114,CLE,1,110,BAL,1,1,1,694.6429853897519,2023
716483,2023-09-22,114,CLE,1,110,BAL,1,2,2,0.0,2023
716464,2023-09-23,114,CLE,1,110,BAL,1,3,3,0.0,2023
716450,2023-09-24,114,CLE,1,110,BAL,1,4,4,0.0,2023
716435,2023-09-26,114,CLE,1,113,CIN,2,5,1,0.0,2023
716418,2023-09-27,114,CLE,1,113,CIN,1,6,2,0.0,2023
716395,2023-09-29,114,CLE,0,116,DET,2,-1,1,91.12804978214932,2023
716380,2023-09-30,114,CLE,0,116,DET,1,-2,2,0.0,2023
716361,2023-10-01,114,CLE,0,116,DET,1,-3,3,0.0,2023
718778,2023-03-31,115,COL,0,135,SD,0,-1,1,833.4460828296096,2023
718766,2023-04-01,115,COL,0,135,SD,1,-2,2,0.0,2023
718750,2023-04-02,115,COL,0,135,SD,1,-3,3,0.0,2023
718733,2023-04-02,115,COL,0,135,SD,0,-4,4,0.0,2023
718718,2023-04-04,115,COL,0,119,LAD,2,-5,1,113.20881075215142,2023
718703,2023-04-05,115,COL,0,119,LAD,1,-6,2,0.0,2023
718682,2023-04-06,115,COL,1,120,WSH,1,1,1,829.208728545356,2023
718673,2023-04-08,115,COL,1,120,WSH,2,2,2,0.0,2023
718645,2023-04-09,115,COL,1,120,WSH,1,3,3,0.0,2023
718658,2023-04-09,115,COL,1,120,WSH,0,4,4,0.0,2023
718629,2023-04-11,115,COL,1,138,STL,2,5,1,0.0,2023
718613,2023-04-12,115,COL,1,138,STL,1,6,2,0.0,2023
718607,2023-04-12,115,COL,1,138,STL,0,7,3,0.0,2023
718577,2023-04-15,115,COL,0,136,SEA,3,-1,1,1018.269066908343,2023
718561,2023-04-16,115,COL,0,136,SEA,1,-2,2,0.0,2023
718545,2023-04-16,115,COL,0,136,SEA,0,-3,3,0.0,2023
718535,2023-04-18,115,COL,1,134,PIT,2,1,1,1018.269066908343,2023
718521,2023-04-19,115,COL,1,134,PIT,1,2,2,0.0,2023
718509,2023-04-19,115,COL,1,134,PIT,0,3,3,0.0,2023
718498,2023-04-20,115,COL,0,143,PHI,1,-1,1,1575.3272730725726,2023
718493,2023-04-21,115,COL,0,143,PHI,1,-2,2,0.0,2023
718475,2023-04-22,115,COL,0,143,PHI,1,-3,3,0.0,2023
718458,2023-04-23,115,COL,0,143,PHI,1,-4,4,0.0,2023
718448,2023-04-24,115,COL,0,114,CLE,1,-5,1,358.6103362183685,2023
718440,2023-04-25,115,COL,0,114,CLE,1,-6,2,0.0,2023
718421,2023-04-26,115,COL,0,114,CLE,1,-7,3,0.0,2023
718390,2023-04-29,115,COL,1,109,ARI,3,1,1,1224.5647941257084,2023
718366,2023-04-30,115,COL,1,109,ARI,1,2,2,0.0,2023
718358,2023-04-30,115,COL,1,109,ARI,0,3,3,0.0,2023
718334,2023-05-03,115,COL,1,158,MIL,3,4,1,0.0,2023
718315,2023-05-04,115,COL,1,158,MIL,1,5,2,0.0,2023
718313,2023-05-04,115,COL,1,158,MIL,0,6,3,0.0,2023
718302,2023-05-05,115,COL,0,121,NYM,1,-1,1,1635.3491066467502,2023
718290,2023-05-06,115,COL,0,121,NYM,1,-2,2,0.0,2023
718276,2023-05-07,115,COL,0,121,NYM,1,-3,3,0.0,2023
718258,2023-05-08,115,COL,0,134,PIT,1,-4,1,323.80514004194157,2023
718252,2023-05-09,115,COL,0,134,PIT,1,-5,2,0.0,2023
718231,2023-05-10,115,COL,0,134,PIT,1,-6,3,0.0,2023
718202,2023-05-13,115,COL,1,143,PHI,3,1,1,1317.1736538054608,2023
718174,2023-05-14,115,COL,1,143,PHI,1,2,2,0.0,2023
718188,2023-05-14,115,COL,1,143,PHI,0,3,3,0.0,2023
718161,2023-05-16,115,COL,1,113,CIN,2,4,1,0.0,2023
718145,2023-05-17,115,COL,1,113,CIN,1,5,2,0.0,2023
718138,2023-05-17,115,COL,1,113,CIN,0,6,3,0.0,2023
718114,2023-05-20,115,COL,0,140,TEX,3,-1,1,654.0900182055016,2023
718100,2023-05-20,115,COL,0,140,TEX,0,-2,2,0.0,2023
718076,2023-05-21,115,COL,0,140,TEX,1,-3,3,0.0,2023
718069,2023-05-23,115,COL,1,146,MIA,2,1,1,654.0900182055016,2023
718051,2023-05-24,115,COL,1,146,MIA,1,2,2,0.0,2023
718033,2023-05-25,115,COL,1,146,MIA,1,3,3,0.0,2023
718036,2023-05-25,115,COL,1,146,MIA,0,4,4,0.0,2023
718016,2023-05-27,115,COL,1,121,NYM,2,5,1,0.0,2023
718011,2023-05-28,115,COL,1,121,NYM,1,6,2,0.0,2023
717982,2023-05-28,115,COL,1,121,NYM,0,7,3,0.0,2023
717977,2023-05-29,115,COL,0,109,ARI,1,-1,1,586.1530990190981,2023
717955,2023-05-31,115,COL,0,109,ARI,2,-2,2,0.0,2023
717940,2023-06-01,115,COL,0,109,ARI,1,-3,3,0.0,2023
717933,2023-06-01,115,COL,0,109,ARI,0,-4,4,0.0,2023
717923,2023-06-03,115,COL,0,118,KC,2,-5,1,1051.5706596300413,2023
717909,2023-06-03,115,COL,0,118,KC,0,-6,2,0.0,2023
717893,2023-06-04,115,COL,0,118,KC,1,-7,3,0.0,2023
717869,2023-06-07,115,COL,1,137,SF,3,1,1,563.1263805129729,2023
717852,2023-06-08,115,COL,1,137,SF,1,2,2,0.0,2023
717846,2023-06-08,115,COL,1,137,SF,0,3,3,0.0,2023
717830,2023-06-10,115,COL,1,135,SD,2,4,1,0.0,2023
717819,2023-06-10,115,COL,1,135,SD,0,5,2,0.0,2023
717798,2023-06-11,115,COL,1,135,SD,1,6,3,0.0,2023
717794,2023-06-12,115,COL,0,111,BOS,1,-1,1,1763.6058000246999,2023
717788,2023-06-13,115,COL,0,111,BOS,1,-2,2,0.0,2023
717768,2023-06-14,115,COL,0,111,BOS,1,-3,3,0.0,2023
717754,2023-06-15,115,COL,0,144,ATL,1,-4,1,930.6114003294933,2023
717745,2023-06-16,115,COL,0,144,ATL,1,-5,2,0.0,2023
717724,2023-06-17,115,COL,0,144,ATL,1,-6,3,0.0,2023
717716,2023-06-18,115,COL,0,144,ATL,1,-7,4,0.0,2023
717701,2023-06-19,115,COL,0,113,CIN,1,-8,1,359.8050212534856,2023
717685,2023-06-20,115,COL,0,113,CIN,1,-9,2,0.0,2023
717669,2023-06-21,115,COL,0,113,CIN,1,-10,3,0.0,2023
717644,2023-06-24,115,COL,1,108,LAA,3,1,1,1091.971068685176,2023
717616,2023-06-25,115,COL,1,108,LAA,1,2,2,0.0,2023
717640,2023-06-25,115,COL,1,108,LAA,0,3,3,0.0,2023
717594,2023-06-28,115,COL,1,119,LAD,3,4,1,0.0,2023
717578,2023-06-29,115,COL,1,119,LAD,1,5,2,0.0,2023
717572,2023-06-30,115,COL,1,119,LAD,1,6,3,0.0,2023
717552,2023-07-01,115,COL,1,116,DET,1,7,1,0.0,2023
717544,2023-07-02,115,COL,1,116,DET,1,8,2,0.0,2023
717523,2023-07-02,115,COL,1,116,DET,0,9,3,0.0,2023
717504,2023-07-04,115,COL,0,117,HOU,2,-1,1,880.1313551890535,2023
717489,2023-07-05,115,COL,0,117,HOU,1,-2,2,0.0,2023
717448,2023-07-08,115,COL,0,137,SF,3,-3,1,1641.7172266838993,2023
717451,2023-07-08,115,COL,0,137,SF,0,-4,2,0.0,2023
717422,2023-07-09,115,COL,0,137,SF,1,-5,3,0.0,2023
717410,2023-07-15,115,COL,1,147,NYY,6,1,1,945.5308694116128,2023
717394,2023-07-16,115,COL,1,147,NYY,1,2,2,0.0,2023
717378,2023-07-16,115,COL,1,147,NYY,0,3,3,0.0,2023
717355,2023-07-19,115,COL,1,117,HOU,3,4,1,0.0,2023
717345,2023-07-19,115,COL,1,117,HOU,0,5,2,0.0,2023
717319,2023-07-21,115,COL,0,146,MIA,2,-1,1,1723.9912128319143,2023
717306,2023-07-22,115,COL,0,146,MIA,1,-2,2,0.0,2023
717292,2023-07-23,115,COL,0,146,MIA,1,-3,3,0.0,2023
717282,2023-07-24,115,COL,0,120,WSH,1,-4,1,923.8773279819753,2023
717269,2023-07-25,115,COL,0,120,WSH,1,-5,2,0.0,2023
717257,2023-07-26,115,COL,0,120,WSH,1,-6,3,0.0,2023
717227,2023-07-29,115,COL,1,133,OAK,3,1,1,1491.3129647935543,2023
717212,2023-07-30,115,COL,1,133,OAK,1,2,2,0.0,2023
717199,2023-07-30,115,COL,1,133,OAK,0,3,3,0.0,2023
717179,2023-08-01,115,COL,1,135,SD,2,4,1,0.0,2023
717169,2023-08-02,115,COL,1,135,SD,1,5,2,0.0,2023
717158,2023-08-02,115,COL,1,135,SD,0,6,3,0.0,2023
717127,2023-08-05,115,COL,0,138,STL,3,-1,1,795.6297379917951,2023
717119,2023-08-05,115,COL,0,138,STL,0,-2,2,0.0,2023
717099,2023-08-06,115,COL,0,138,STL,1,-3,3,0.0,2023
717086,2023-08-08,115,COL,0,158,MIL,2,-4,1,325.7786649185398,2023
717065,2023-08-09,115,COL,0,158,MIL,1,-5,2,0.0,2023
717078,2023-08-09,115,COL,0,158,MIL,0,-6,3,0.0,2023
717045,2023-08-11,115,COL,0,119,LAD,2,-7,1,1737.1964859284558,2023
717032,2023-08-12,115,COL,0,119,LAD,1,-8,2,0.0,2023
717017,2023-08-13,115,COL,0,119,LAD,1,-9,3,0.0,2023
717007,2023-08-13,115,COL,0,119,LAD,0,-10,4,0.0,2023
716998,2023-08-15,115,COL,1,109,ARI,2,1,1,829.208728545356,2023
716978,2023-08-16,115,COL,1,109,ARI,1,2,2,0.0,2023
716977,2023-08-16,115,COL,1,109,ARI,0,3,3,0.0,2023
716947,2023-08-19,115,COL,1,145,CWS,3,4,1,0.0,2023
716916,2023-08-20,115,COL,1,145,CWS,1,5,2,0.0,2023
716933,2023-08-20,115,COL,1,145,CWS,0,6,3,0.0,2023
716898,2023-08-22,115,COL,0,139,TB,2,-1,1,1520.6836963257724,2023
716880,2023-08-23,115,COL,0,139,TB,1,-2,2,0.0,2023
716869,2023-08-24,115,COL,0,139,TB,1,-3,3,0.0,2023
716859,2023-08-25,115,COL,0,110,BAL,1,-4,1,867.6749708982579,2023
716837,2023-08-26,115,COL,0,110,BAL,1,-5,2,0.0,2023
716836,2023-08-27,115,COL,0,110,BAL,1,-6,3,0.0,2023
716812,2023-08-29,115,COL,1,144,ATL,2,1,1,1506.3093015021614,2023
716791,2023-08-30,115,COL,1,144,ATL,1,2,2,0.0,2023
716773,2023-08-31,115,COL,1,144,ATL,1,3,3,0.0,2023
716759,2023-09-02,115,COL,1,141,TOR,2,4,1,0.0,2023
716748,2023-09-03,115,COL,1,141,TOR,1,5,2,0.0,2023
716730,2023-09-03,115,COL,1,141,TOR,0,6,3,0.0,2023
716721,2023-09-04,115,COL,0,109,ARI,1,-1,1,586.1530990190981,2023
716702,2023-09-06,115,COL,0,109,ARI,2,-2,2,0.0,2023
716692,2023-09-06,115,COL,0,109,ARI,0,-3,3,0.0,2023
716668,2023-09-09,115,COL,0,137,SF,3,-4,1,652.0636757078365,2023
716663,2023-09-10,115,COL,0,137,SF,1,-5,2,0.0,2023
716634,2023-09-11,115,COL,0,137,SF,1,-6,3,0.0,2023
716625,2023-09-12,115,COL,1,112,CHC,1,1,1,945.5308694116128,2023
716599,2023-09-13,115,COL,1,112,CHC,1,2,2,0.0,2023
716609,2023-09-13,115,COL,1,112,CHC,0,3,3,0.0,2023
716571,2023-09-16,115,COL,1,137,SF,1,5,2,0.0,2023
716581,2023-09-16,115,COL,1,137,SF,0,6,3,0.0,2023
716550,2023-09-17,115,COL,1,137,SF,1,7,4,0.0,2023
716540,2023-09-17,115,COL,1,137,SF,0,8,5,0.0,2023
716526,2023-09-19,115,COL,0,135,SD,2,-1,1,833.4460828296096,2023
716516,2023-09-20,115,COL,0,135,SD,1,-2,2,0.0,2023
716500,2023-09-20,115,COL,0,135,SD,0,-3,3,0.0,2023
716486,2023-09-22,115,COL,0,112,CHC,2,-4,1,1731.4493412522409,2023
716469,2023-09-23,115,COL,0,112,CHC,1,-5,2,0.0,2023
716449,2023-09-24,115,COL,0,112,CHC,1,-6,3,0.0,2023
716438,2023-09-26,115,COL,1,119,LAD,2,1,1,917.1571990207435,2023
716424,2023-09-27,115,COL,1,119,LAD,1,2,2,0.0,2023
716406,2023-09-28,115,COL,1,119,LAD,1,3,3,0.0,2023
716405,2023-09-29,115,COL,1,119,LAD,1,4,4,0.0,2023
716387,2023-09-30,115,COL,1,142,MIN,1,5,1,0.0,2023
716368,2023-10-01,115,COL,1,142,MIN,1,6,2,0.0,2023
716359,2023-10-01,115,COL,1,142,MIN,0,7,3,0.0,2023
718776,2023-03-30,116,DET,0,139,TB,0,-1,1,1007.0448721012648,2023
718754,2023-04-01,116,DET,0,139,TB,2,-2,2,0.0,2023
718742,2023-04-02,116,DET,0,139,TB,1,-3,3,0.0,2023
718723,2023-04-04,116,DET,0,117,HOU,2,-4,1,781.1406098722147,2023
718705,2023-04-05,116,DET,0,117,HOU,1,-5,2,0.0,2023
718696,2023-04-05,116,DET,0,117,HOU,0,-6,3,0.0,2023
718690,2023-04-06,116,DET,1,111,BOS,1,1,1,1105.8761830717617,2023
718667,2023-04-08,116,DET,1,111,BOS,2,2,2,0.0,2023
718654,2023-04-09,116,DET,1,111,BOS,1,3,3,0.0,2023
718622,2023-04-11,116,DET,0,141,TOR,2,-1,1,205.64835449402668,2023
718603,2023-04-12,116,DET,0,141,TOR,1,-2,2,0.0,2023
718593,2023-04-13,116,DET,0,141,TOR,1,-3,3,0.0,2023
718585,2023-04-14,116,DET,1,137,SF,1,1,1,205.64835449402668,2023
718571,2023-04-15,116,DET,1,137,SF,1,2,2,0.0,2023
718530,2023-04-18,116,DET,1,114,CLE,1,5,2,0.0,2023
718541,2023-04-18,116,DET,1,114,CLE,0,6,3,0.0,2023
718513,2023-04-19,116,DET,1,114,CLE,1,7,4,0.0,2023
718495,2023-04-21,116,DET,0,110,BAL,2,-1,1,396.72723870572077,2023
718472,2023-04-22,116,DET,0,110,BAL,1,-2,2,0.0,2023
718459,2023-04-23,116,DET,0,110,BAL,1,-3,3,0.0,2023
718441,2023-04-24,116,DET,0,158,MIL,1,-4,1,643.9453251330319,2023
718428,2023-04-25,116,DET,0,158,MIL,1,-5,2,0.0,2023
718419,2023-04-26,116,DET,0,158,MIL,1,-6,3,0.0,2023
718405,2023-04-27,116,DET,1,110,BAL,1,1,1,254.49710853928843,2023
718381,2023-04-29,116,DET,1,110,BAL,1,3,3,0.0,2023
718401,2023-04-29,116,DET,1,110,BAL,0,4,4,0.0,2023
718360,2023-04-30,116,DET,1,110,BAL,1,5,5,0.0,2023
718348,2023-05-03,116,DET,1,121,NYM,1,7,2,0.0,2023
718329,2023-05-03,116,DET,1,121,NYM,0,8,3,0.0,2023
718318,2023-05-04,116,DET,1,121,NYM,1,9,4,0.0,2023
718292,2023-05-06,116,DET,0,138,STL,2,-1,1,454.6400355100436,2023
718288,2023-05-06,116,DET,0,138,STL,0,-2,2,0.0,2023
718272,2023-05-07,116,DET,0,138,STL,1,-3,3,0.0,2023
718261,2023-05-08,116,DET,0,114,CLE,1,-4,1,491.5044526605,2023
718248,2023-05-09,116,DET,0,114,CLE,1,-5,2,0.0,2023
718234,2023-05-10,116,DET,0,114,CLE,1,-6,3,0.0,2023
718208,2023-05-12,116,DET,1,136,SEA,2,1,1,91.12804978214932,2023
718194,2023-05-13,116,DET,1,136,SEA,1,2,2,0.0,2023
718173,2023-05-14,116,DET,1,136,SEA,1,3,3,0.0,2023
718155,2023-05-16,116,DET,1,134,PIT,2,4,1,0.0,2023
718142,2023-05-17,116,DET,1,134,PIT,1,5,2,0.0,2023
718123,2023-05-19,116,DET,0,120,WSH,2,-1,1,397.05328106177114,2023
718108,2023-05-20,116,DET,0,120,WSH,1,-2,2,0.0,2023
718089,2023-05-21,116,DET,0,120,WSH,1,-3,3,0.0,2023
718066,2023-05-22,116,DET,0,118,KC,1,-4,1,937.4091115021555,2023
718049,2023-05-23,116,DET,0,118,KC,1,-5,2,0.0,2023
718039,2023-05-24,116,DET,0,118,KC,1,-6,3,0.0,2023
718031,2023-05-25,116,DET,1,145,CWS,1,1,1,639.8841499405022,2023
718021,2023-05-26,116,DET,1,145,CWS,1,2,2,0.0,2023
718005,2023-05-27,116,DET,1,145,CWS,1,3,3,0.0,2023
717989,2023-05-28,116,DET,1,145,CWS,1,4,4,0.0,2023
717979,2023-05-29,116,DET,1,140,TEX,1,5,1,0.0,2023
717964,2023-05-30,116,DET,1,140,TEX,1,6,2,0.0,2023
717951,2023-05-31,116,DET,1,140,TEX,1,7,3,0.0,2023
717925,2023-06-03,116,DET,0,145,CWS,3,-1,1,237.7264337126216,2023
717915,2023-06-03,116,DET,0,145,CWS,0,-2,2,0.0,2023
717891,2023-06-04,116,DET,0,145,CWS,1,-3,3,0.0,2023
717886,2023-06-05,116,DET,0,143,PHI,1,-4,1,664.2387944369237,2023
717875,2023-06-06,116,DET,0,143,PHI,1,-5,2,0.0,2023
717862,2023-06-08,116,DET,0,143,PHI,1,-7,4,0.0,2023
717834,2023-06-09,116,DET,1,109,ARI,1,1,1,443.15200200788263,2023
717821,2023-06-10,116,DET,1,109,ARI,1,2,2,0.0,2023
717804,2023-06-11,116,DET,1,109,ARI,1,3,3,0.0,2023
717790,2023-06-12,116,DET,1,144,ATL,1,4,1,0.0,2023
717770,2023-06-14,116,DET,1,144,ATL,1,6,3,0.0,2023
717784,2023-06-14,116,DET,1,144,ATL,0,7,4,0.0,2023
717752,2023-06-15,116,DET,0,142,MIN,1,-1,1,542.5071369450939,2023
717728,2023-06-17,116,DET,0,142,MIN,2,-2,2,0.0,2023
717738,2023-06-17,116,DET,0,142,MIN,0,-3,3,0.0,2023
717711,2023-06-18,116,DET,0,142,MIN,1,-4,4,0.0,2023
717692,2023-06-19,116,DET,1,118,KC,1,1,1,542.5071369450939,2023
717681,2023-06-20,116,DET,1,118,KC,1,2,2,0.0,2023
717668,2023-06-21,116,DET,1,118,KC,1,3,3,0.0,2023
717647,2023-06-23,116,DET,1,142,MIN,2,4,1,0.0,2023
717633,2023-06-24,116,DET,1,142,MIN,1,5,2,0.0,2023
717621,2023-06-25,116,DET,1,142,MIN,1,6,3,0.0,2023
717606,2023-06-27,116,DET,0,140,TEX,2,-1,1,1012.5081459059959,2023
717599,2023-06-28,116,DET,0,140,TEX,1,-2,2,0.0,2023
717570,2023-06-29,116,DET,0,140,TEX,1,-3,3,0.0,2023
717580,2023-06-29,116,DET,0,140,TEX,0,-4,4,0.0,2023
717552,2023-07-01,116,DET,0,115,COL,2,-5,1,654.0900182055016,2023
717544,2023-07-02,116,DET,0,115,COL,1,-6,2,0.0,2023
717523,2023-07-02,116,DET,0,115,COL,0,-7,3,0.0,2023
717494,2023-07-04,116,DET,1,133,OAK,2,1,1,1154.1426681495122,2023
717485,2023-07-05,116,DET,1,133,OAK,1,2,2,0.0,2023
717476,2023-07-06,116,DET,1,133,OAK,1,3,3,0.0,2023
717457,2023-07-07,116,DET,1,141,TOR,1,4,1,0.0,2023
717442,2023-07-08,116,DET,1,141,TOR,1,5,2,0.0,2023
717431,2023-07-09,116,DET,1,141,TOR,1,6,3,0.0,2023
717406,2023-07-15,116,DET,0,136,SEA,6,-1,1,1933.051781296917,2023
717390,2023-07-16,116,DET,0,136,SEA,1,-2,2,0.0,2023
717373,2023-07-16,116,DET,0,136,SEA,0,-3,3,0.0,2023
717368,2023-07-18,116,DET,0,118,KC,2,-4,1,1508.929102213115,2023
717356,2023-07-19,116,DET,0,118,KC,1,-5,2,0.0,2023
717333,2023-07-20,116,DET,0,118,KC,1,-6,3,0.0,2023
717332,2023-07-20,116,DET,0,118,KC,0,-7,4,0.0,2023
717317,2023-07-21,116,DET,1,135,SD,1,1,1,639.8841499405022,2023
717299,2023-07-22,116,DET,1,135,SD,1,2,2,0.0,2023
717288,2023-07-23,116,DET,1,135,SD,1,3,3,0.0,2023
718558,2023-07-24,116,DET,1,137,SF,1,4,1,0.0,2023
717265,2023-07-25,116,DET,1,108,LAA,1,5,1,0.0,2023
717243,2023-07-27,116,DET,1,108,LAA,1,7,3,0.0,2023
717247,2023-07-27,116,DET,1,108,LAA,0,8,4,0.0,2023
717236,2023-07-28,116,DET,0,146,MIA,1,-1,1,1155.530357030567,2023
717218,2023-07-29,116,DET,0,146,MIA,1,-2,2,0.0,2023
717202,2023-07-30,116,DET,0,146,MIA,1,-3,3,0.0,2023
717178,2023-08-01,116,DET,0,134,PIT,2,-4,1,1013.6533818001047,2023
717166,2023-08-02,116,DET,0,134,PIT,1,-5,2,0.0,2023
717135,2023-08-04,116,DET,1,139,TB,2,1,1,204.84355160436255,2023
717122,2023-08-05,116,DET,1,139,TB,1,2,2,0.0,2023
717103,2023-08-06,116,DET,1,139,TB,1,3,3,0.0,2023
717091,2023-08-07,116,DET,1,142,MIN,1,4,1,0.0,2023
717076,2023-08-08,116,DET,1,142,MIN,1,5,2,0.0,2023
717061,2023-08-09,116,DET,1,142,MIN,1,6,3,0.0,2023
717050,2023-08-10,116,DET,1,142,MIN,1,7,4,0.0,2023
717042,2023-08-11,116,DET,0,111,BOS,1,-1,1,609.8730788976414,2023
717033,2023-08-12,116,DET,0,111,BOS,1,-2,2,0.0,2023
717014,2023-08-13,116,DET,0,111,BOS,1,-3,3,0.0,2023
716983,2023-08-15,116,DET,0,142,MIN,2,-4,1,1119.9102367149933,2023
716976,2023-08-16,116,DET,0,142,MIN,1,-5,2,0.0,2023
716956,2023-08-18,116,DET,0,114,CLE,1,-7,2,0.0,2023
716959,2023-08-18,116,DET,0,114,CLE,0,-8,3,0.0,2023
716939,2023-08-19,116,DET,0,114,CLE,1,-9,4,0.0,2023
716922,2023-08-20,116,DET,0,114,CLE,1,-10,5,0.0,2023
716913,2023-08-21,116,DET,1,112,CHC,1,1,1,91.12804978214932,2023
716896,2023-08-22,116,DET,1,112,CHC,1,2,2,0.0,2023
716885,2023-08-23,116,DET,1,112,CHC,1,3,3,0.0,2023
716858,2023-08-25,116,DET,1,117,HOU,2,4,1,0.0,2023
716843,2023-08-26,116,DET,1,117,HOU,1,5,2,0.0,2023
716830,2023-08-27,116,DET,1,117,HOU,1,6,3,0.0,2023
716808,2023-08-28,116,DET,1,147,NYY,1,7,1,0.0,2023
716795,2023-08-29,116,DET,1,147,NYY,1,8,2,0.0,2023
716781,2023-08-30,116,DET,1,147,NYY,1,9,3,0.0,2023
716775,2023-08-31,116,DET,1,147,NYY,1,10,4,0.0,2023
716762,2023-09-02,116,DET,0,145,CWS,2,-1,1,237.7264337126216,2023
716749,2023-09-02,116,DET,0,145,CWS,0,-2,2,0.0,2023
716734,2023-09-03,116,DET,0,145,CWS,1,-3,3,0.0,2023
716711,2023-09-05,116,DET,0,147,NYY,2,-4,1,713.826429908849,2023
716694,2023-09-06,116,DET,0,147,NYY,1,-5,2,0.0,2023
716686,2023-09-07,116,DET,0,147,NYY,1,-6,3,0.0,2023
716675,2023-09-08,116,DET,1,145,CWS,1,1,1,482.6121717715705,2023
716658,2023-09-09,116,DET,1,145,CWS,1,2,2,0.0,2023
716648,2023-09-10,116,DET,1,145,CWS,1,3,3,0.0,2023
716617,2023-09-12,116,DET,1,113,CIN,2,4,1,0.0,2023
716601,2023-09-13,116,DET,1,113,CIN,1,5,2,0.0,2023
716584,2023-09-14,116,DET,1,113,CIN,1,6,3,0.0,2023
716570,2023-09-16,116,DET,0,108,LAA,2,-1,1,1969.013791743627,2023
716554,2023-09-17,116,DET,0,108,LAA,1,-2,2,0.0,2023
716544,2023-09-17,116,DET,0,108,LAA,0,-3,3,0.0,2023
716528,2023-09-19,116,DET,0,119,LAD,2,-4,1,27.87381208188066,2023
716510,2023-09-20,116,DET,0,119,LAD,1,-5,2,0.0,2023
716494,2023-09-21,116,DET,0,119,LAD,1,-6,3,0.0,2023
716488,2023-09-22,116,DET,0,133,OAK,1,-7,1,337.12266209703967,2023
716472,2023-09-23,116,DET,0,133,OAK,1,-8,2,0.0,2023
716470,2023-09-23,116,DET,0,133,OAK,0,-9,3,0.0,2023
716442,2023-09-24,116,DET,0,133,OAK,1,-10,4,0.0,2023
716433,2023-09-26,116,DET,1,118,KC,2,1,1,2076.502664481492,2023
716414,2023-09-28,116,DET,1,118,KC,1,3,3,0.0,2023
716401,2023-09-28,116,DET,1,118,KC,0,4,4,0.0,2023
716395,2023-09-29,116,DET,1,114,CLE,1,5,1,0.0,2023
716380,2023-09-30,116,DET,1,114,CLE,1,6,2,0.0,2023
716361,2023-10-01,116,DET,1,114,CLE,1,7,3,0.0,2023
718768,2023-03-30,117,HOU,1,145,CWS,0,1,1,0.0,2023
718764,2023-04-01,117,HOU,1,145,CWS,2,2,2,0.0,2023
718760,2023-04-01,117,HOU,1,145,CWS,0,3,3,0.0,2023
718740,2023-04-02,117,HOU,1,145,CWS,1,4,4,0.0,2023
718723,2023-04-04,117,HOU,1,116,DET,2,5,1,0.0,2023
718705,2023-04-05,117,HOU,1,116,DET,1,6,2,0.0,2023
718696,2023-04-05,117,HOU,1,116,DET,0,7,3,0.0,2023
718684,2023-04-07,117,HOU,0,142,MIN,1,-2,2,0.0,2023
718666,2023-04-08,117,HOU,0,142,MIN,1,-3,3,0.0,2023
718649,2023-04-09,117,HOU,0,142,MIN,1,-4,4,0.0,2023
718632,2023-04-10,117,HOU,0,134,PIT,1,-5,1,741.9088849917657,2023
718623,2023-04-11,117,HOU,0,134,PIT,1,-6,2,0.0,2023
718608,2023-04-12,117,HOU,0,134,PIT,1,-7,3,0.0,2023
718581,2023-04-15,117,HOU,1,140,TEX,3,1,1,1136.4863341005412,2023
718562,2023-04-15,117,HOU,1,140,TEX,0,2,2,0.0,2023
718552,2023-04-16,117,HOU,1,140,TEX,1,3,3,0.0,2023
718537,2023-04-18,117,HOU,1,141,TOR,2,4,1,0.0,2023
718520,2023-04-19,117,HOU,1,141,TOR,1,5,2,0.0,2023
718501,2023-04-20,117,HOU,1,141,TOR,1,6,3,0.0,2023
718489,2023-04-21,117,HOU,0,144,ATL,1,-1,1,699.6088123085705,2023
718471,2023-04-22,117,HOU,0,144,ATL,1,-2,2,0.0,2023
718462,2023-04-23,117,HOU,0,144,ATL,1,-3,3,0.0,2023
718449,2023-04-24,117,HOU,0,139,TB,1,-4,1,436.50640754877156,2023
718436,2023-04-25,117,HOU,0,139,TB,1,-5,2,0.0,2023
718414,2023-04-26,117,HOU,0,139,TB,1,-6,3,0.0,2023
718389,2023-04-29,117,HOU,1,143,PHI,3,1,1,781.1406098722147,2023
718372,2023-04-29,117,HOU,1,143,PHI,0,2,2,0.0,2023
718354,2023-04-30,117,HOU,1,143,PHI,1,3,3,0.0,2023
718350,2023-05-02,117,HOU,1,137,SF,2,4,1,0.0,2023
718337,2023-05-03,117,HOU,1,137,SF,1,5,2,0.0,2023
718326,2023-05-03,117,HOU,1,137,SF,0,6,3,0.0,2023
718297,2023-05-06,117,HOU,0,136,SEA,3,-1,1,1889.6158526975785,2023
718274,2023-05-07,117,HOU,0,136,SEA,1,-2,2,0.0,2023
718265,2023-05-07,117,HOU,0,136,SEA,0,-3,3,0.0,2023
718254,2023-05-09,117,HOU,0,108,LAA,2,-4,1,980.5935873257743,2023
718237,2023-05-10,117,HOU,0,108,LAA,1,-5,2,0.0,2023
718235,2023-05-10,117,HOU,0,108,LAA,0,-6,3,0.0,2023
718207,2023-05-13,117,HOU,0,145,CWS,3,-7,1,1731.3431702590296,2023
718189,2023-05-13,117,HOU,0,145,CWS,0,-8,2,0.0,2023
718176,2023-05-14,117,HOU,0,145,CWS,1,-9,3,0.0,2023
718158,2023-05-16,117,HOU,1,112,CHC,2,1,1,938.7707116803103,2023
718152,2023-05-17,117,HOU,1,112,CHC,1,2,2,0.0,2023
718127,2023-05-18,117,HOU,1,112,CHC,1,3,3,0.0,2023
718112,2023-05-20,117,HOU,1,133,OAK,2,4,1,0.0,2023
718098,2023-05-20,117,HOU,1,133,OAK,0,5,2,0.0,2023
718086,2023-05-21,117,HOU,1,133,OAK,1,6,3,0.0,2023
718068,2023-05-22,117,HOU,0,158,MIL,1,-1,1,1003.7248757818593,2023
718056,2023-05-23,117,HOU,0,158,MIL,1,-2,2,0.0,2023
718046,2023-05-24,117,HOU,0,158,MIL,1,-3,3,0.0,2023
718003,2023-05-27,117,HOU,0,133,OAK,3,-4,1,1824.7310880760674,2023
718009,2023-05-27,117,HOU,0,133,OAK,0,-5,2,0.0,2023
717980,2023-05-28,117,HOU,0,133,OAK,1,-6,3,0.0,2023
717968,2023-05-29,117,HOU,1,142,MIN,1,1,1,1631.2403491139823,2023
717956,2023-05-31,117,HOU,1,142,MIN,2,2,2,0.0,2023
717938,2023-06-01,117,HOU,1,142,MIN,1,3,3,0.0,2023
717936,2023-06-02,117,HOU,1,108,LAA,1,4,1,0.0,2023
717926,2023-06-03,117,HOU,1,108,LAA,1,5,2,0.0,2023
717908,2023-06-03,117,HOU,1,108,LAA,0,6,3,0.0,2023
717899,2023-06-04,117,HOU,1,108,LAA,1,7,4,0.0,2023
717878,2023-06-05,117,HOU,0,141,TOR,1,-1,1,1300.2748883372112,2023
717871,2023-06-06,117,HOU,0,141,TOR,1,-2,2,0.0,2023
717856,2023-06-07,117,HOU,0,141,TOR,1,-3,3,0.0,2023
717843,2023-06-08,117,HOU,0,141,TOR,1,-4,4,0.0,2023
717833,2023-06-09,117,HOU,0,114,CLE,1,-5,1,188.71684847115282,2023
717815,2023-06-10,117,HOU,0,114,CLE,1,-6,2,0.0,2023
717802,2023-06-11,117,HOU,0,114,CLE,1,-7,3,0.0,2023
717778,2023-06-14,117,HOU,1,120,WSH,3,1,1,1114.100496699443,2023
717762,2023-06-15,117,HOU,1,120,WSH,1,2,2,0.0,2023
717746,2023-06-16,117,HOU,1,120,WSH,1,3,3,0.0,2023
717727,2023-06-17,117,HOU,1,113,CIN,1,4,1,0.0,2023
717737,2023-06-17,117,HOU,1,113,CIN,0,5,2,0.0,2023
717707,2023-06-18,117,HOU,1,113,CIN,1,6,3,0.0,2023
717694,2023-06-20,117,HOU,1,121,NYM,2,7,1,0.0,2023
717682,2023-06-21,117,HOU,1,121,NYM,1,8,2,0.0,2023
717670,2023-06-21,117,HOU,1,121,NYM,0,9,3,0.0,2023
717643,2023-06-24,117,HOU,0,119,LAD,3,-1,1,1371.826913752917,2023
717626,2023-06-24,117,HOU,0,119,LAD,0,-2,2,0.0,2023
717615,2023-06-25,117,HOU,0,119,LAD,1,-3,3,0.0,2023
717598,2023-06-27,117,HOU,0,138,STL,2,-4,1,1585.7405201242425,2023
717582,2023-06-28,117,HOU,0,138,STL,1,-5,2,0.0,2023
717566,2023-06-29,117,HOU,0,138,STL,1,-6,3,0.0,2023
717554,2023-07-01,117,HOU,0,140,TEX,2,-7,1,560.1228238201853,2023
717542,2023-07-01,117,HOU,0,140,TEX,0,-8,2,0.0,2023
717520,2023-07-02,117,HOU,0,140,TEX,1,-9,3,0.0,2023
717514,2023-07-03,117,HOU,0,140,TEX,1,-10,4,0.0,2023
717504,2023-07-04,117,HOU,1,115,COL,1,1,1,230.66355960201378,2023
717489,2023-07-05,117,HOU,1,115,COL,1,2,2,0.0,2023
717467,2023-07-07,117,HOU,1,136,SEA,2,3,1,0.0,2023
717453,2023-07-08,117,HOU,1,136,SEA,1,4,2,0.0,2023
717440,2023-07-08,117,HOU,1,136,SEA,0,5,3,0.0,2023
717430,2023-07-09,117,HOU,1,136,SEA,1,6,4,0.0,2023
717405,2023-07-15,117,HOU,0,108,LAA,6,-1,1,1349.4753249039884,2023
717389,2023-07-16,117,HOU,0,108,LAA,1,-2,2,0.0,2023
717381,2023-07-16,117,HOU,0,108,LAA,0,-3,3,0.0,2023
717355,2023-07-19,117,HOU,0,115,COL,3,-4,1,822.2861860892081,2023
717345,2023-07-19,117,HOU,0,115,COL,0,-5,2,0.0,2023
717323,2023-07-21,117,HOU,0,133,OAK,2,-6,1,935.9586291857619,2023
717310,2023-07-22,117,HOU,0,133,OAK,1,-7,2,0.0,2023
717295,2023-07-23,117,HOU,0,133,OAK,1,-8,3,0.0,2023
717279,2023-07-23,117,HOU,0,133,OAK,0,-9,4,0.0,2023
717274,2023-07-25,117,HOU,1,140,TEX,2,1,1,1631.2403491139823,2023
717255,2023-07-26,117,HOU,1,140,TEX,1,2,2,0.0,2023
717239,2023-07-27,117,HOU,1,140,TEX,1,3,3,0.0,2023
717229,2023-07-29,117,HOU,1,139,TB,2,4,1,0.0,2023
717214,2023-07-29,117,HOU,1,139,TB,0,5,2,0.0,2023
717196,2023-07-30,117,HOU,1,139,TB,1,6,3,0.0,2023
717184,2023-08-01,117,HOU,1,114,CLE,2,7,1,0.0,2023
717172,2023-08-02,117,HOU,1,114,CLE,1,8,2,0.0,2023
717163,2023-08-02,117,HOU,1,114,CLE,0,9,3,0.0,2023
717142,2023-08-03,117,HOU,0,147,NYY,1,-1,1,1424.3629806468848,2023
717138,2023-08-04,117,HOU,0,147,NYY,1,-2,2,0.0,2023
717126,2023-08-05,117,HOU,0,147,NYY,1,-3,3,0.0,2023
717110,2023-08-06,117,HOU,0,147,NYY,1,-4,4,0.0,2023
717084,2023-08-08,117,HOU,0,110,BAL,2,-5,1,178.12306591164185,2023
717067,2023-08-09,117,HOU,0,110,BAL,1,-6,2,0.0,2023
717053,2023-08-10,117,HOU,0,110,BAL,1,-7,3,0.0,2023
717037,2023-08-12,117,HOU,1,108,LAA,2,1,1,1249.46334342378,2023
717022,2023-08-12,117,HOU,1,108,LAA,0,2,2,0.0,2023
717004,2023-08-13,117,HOU,1,108,LAA,1,3,3,0.0,2023
717000,2023-08-14,117,HOU,0,146,MIA,1,-1,1,964.5038276054531,2023
716991,2023-08-15,117,HOU,0,146,MIA,1,-2,2,0.0,2023
716972,2023-08-16,117,HOU,0,146,MIA,1,-3,3,0.0,2023
716948,2023-08-19,117,HOU,1,136,SEA,3,1,1,964.5038276054531,2023
716932,2023-08-19,117,HOU,1,136,SEA,0,2,2,0.0,2023
716920,2023-08-20,117,HOU,1,136,SEA,1,3,3,0.0,2023
716908,2023-08-22,117,HOU,1,111,BOS,2,4,1,0.0,2023
716895,2023-08-23,117,HOU,1,111,BOS,1,5,2,0.0,2023
716878,2023-08-24,117,HOU,1,111,BOS,1,6,3,0.0,2023
716873,2023-08-24,117,HOU,1,111,BOS,0,7,4,0.0,2023
716858,2023-08-25,117,HOU,0,116,DET,1,-1,1,1105.8761830717617,2023
716843,2023-08-26,117,HOU,0,116,DET,1,-2,2,0.0,2023
716830,2023-08-27,117,HOU,0,116,DET,1,-3,3,0.0,2023
716814,2023-08-28,117,HOU,0,111,BOS,1,-4,1,609.8730788976414,2023
716802,2023-08-29,117,HOU,0,111,BOS,1,-5,2,0.0,2023
716794,2023-08-30,117,HOU,0,111,BOS,1,-6,3,0.0,2023
716763,2023-09-02,117,HOU,1,147,NYY,3,1,1,1601.3745489627004,2023
716746,2023-09-02,117,HOU,1,147,NYY,0,2,2,0.0,2023
716735,2023-09-03,117,HOU,1,147,NYY,1,3,3,0.0,2023
716724,2023-09-04,117,HOU,0,140,TEX,1,-1,1,230.66355960201378,2023
716705,2023-09-06,117,HOU,0,140,TEX,2,-2,2,0.0,2023
716687,2023-09-07,117,HOU,0,140,TEX,1,-3,3,0.0,2023
716649,2023-09-09,117,HOU,1,135,SD,2,1,1,230.66355960201378,2023
716669,2023-09-09,117,HOU,1,135,SD,0,2,2,0.0,2023
716640,2023-09-10,117,HOU,1,135,SD,1,3,3,0.0,2023
716624,2023-09-12,117,HOU,1,133,OAK,2,4,1,0.0,2023
716614,2023-09-13,117,HOU,1,133,OAK,1,5,2,0.0,2023
716596,2023-09-13,117,HOU,1,133,OAK,0,6,3,0.0,2023
716577,2023-09-16,117,HOU,0,118,KC,3,-1,1,644.1456886709294,2023
716560,2023-09-16,117,HOU,0,118,KC,0,-2,2,0.0,2023
716547,2023-09-17,117,HOU,0,118,KC,1,-3,3,0.0,2023
716530,2023-09-19,117,HOU,1,110,BAL,2,1,1,644.1456886709294,2023
716508,2023-09-20,117,HOU,1,110,BAL,1,2,2,0.0,2023
716514,2023-09-20,117,HOU,1,110,BAL,0,3,3,0.0,2023
716473,2023-09-23,117,HOU,1,118,KC,3,4,1,0.0,2023
716455,2023-09-23,117,HOU,1,118,KC,0,5,2,0.0,2023
716448,2023-09-24,117,HOU,1,118,KC,1,6,3,0.0,2023
716436,2023-09-26,117,HOU,0,136,SEA,2,-1,1,1889.6158526975785,2023
716425,2023-09-27,117,HOU,0,136,SEA,1,-2,2,0.0,2023
716407,2023-09-28,117,HOU,0,136,SEA,1,-3,3,0.0,2023
716384,2023-09-30,117,HOU,0,109,ARI,2,-4,1,1114.0691793592323,2023
716370,2023-10-01,117,HOU,0,109,ARI,1,-5,2,0.0,2023
716358,2023-10-01,117,HOU,0,109,ARI,0,-6,3,0.0,2023
718775,2023-03-30,118,KC,1,142,MIN,0,1,1,0.0,2023
718751,2023-04-01,118,KC,1,142,MIN,2,2,2,0.0,2023
718745,2023-04-02,118,KC,1,142,MIN,1,3,3,0.0,2023
718719,2023-04-03,118,KC,1,141,TOR,1,4,1,0.0,2023
718708,2023-04-04,118,KC,1,141,TOR,1,5,2,0.0,2023
718692,2023-04-05,118,KC,1,141,TOR,1,6,3,0.0,2023
718686,2023-04-06,118,KC,1,141,TOR,1,7,4,0.0,2023
718680,2023-04-07,118,KC,0,137,SF,1,-1,1,1507.6255221148479,2023
718672,2023-04-08,118,KC,0,137,SF,1,-2,2,0.0,2023
718643,2023-04-09,118,KC,0,137,SF,1,-3,3,0.0,2023
718630,2023-04-11,118,KC,0,140,TEX,2,-4,1,1464.4396362905297,2023
718615,2023-04-12,118,KC,0,140,TEX,1,-5,2,0.0,2023
718595,2023-04-13,118,KC,0,140,TEX,1,-6,3,0.0,2023
718579,2023-04-15,118,KC,1,144,ATL,2,1,1,459.01779323801827,2023
718563,2023-04-15,118,KC,1,144,ATL,0,2,2,0.0,2023
718551,2023-04-16,118,KC,1,144,ATL,1,3,3,0.0,2023
718539,2023-04-17,118,KC,1,140,TEX,1,4,1,0.0,2023
718522,2023-04-18,118,KC,1,140,TEX,1,5,2,0.0,2023
718514,2023-04-19,118,KC,1,140,TEX,1,6,3,0.0,2023
718485,2023-04-22,118,KC,0,108,LAA,3,-1,1,1346.5044522382782,2023
718466,2023-04-23,118,KC,0,108,LAA,1,-2,2,0.0,2023
718452,2023-04-23,118,KC,0,108,LAA,0,-3,3,0.0,2023
718438,2023-04-25,118,KC,0,109,ARI,2,-4,1,335.4914545335198,2023
718422,2023-04-26,118,KC,0,109,ARI,1,-5,2,0.0,2023
718418,2023-04-26,118,KC,0,109,ARI,0,-6,3,0.0,2023
718400,2023-04-27,118,KC,0,142,MIN,1,-7,1,1278.017730052948,2023
718387,2023-04-28,118,KC,0,142,MIN,1,-8,2,0.0,2023
718378,2023-04-29,118,KC,0,142,MIN,1,-9,3,0.0,2023
718362,2023-04-30,118,KC,0,142,MIN,1,-10,4,0.0,2023
718336,2023-05-02,118,KC,1,110,BAL,2,1,1,414.3585559282368,2023
718314,2023-05-03,118,KC,1,110,BAL,1,2,2,0.0,2023
718312,2023-05-04,118,KC,1,110,BAL,1,3,3,0.0,2023
718299,2023-05-06,118,KC,1,133,OAK,2,4,1,0.0,2023
718280,2023-05-06,118,KC,1,133,OAK,0,5,2,0.0,2023
718268,2023-05-07,118,KC,1,133,OAK,1,6,3,0.0,2023
718253,2023-05-08,118,KC,1,145,CWS,1,7,1,0.0,2023
718238,2023-05-09,118,KC,1,145,CWS,1,8,2,0.0,2023
718222,2023-05-10,118,KC,1,145,CWS,1,9,3,0.0,2023
718218,2023-05-11,118,KC,1,145,CWS,1,10,4,0.0,2023
718183,2023-05-13,118,KC,0,158,MIL,2,-1,1,436.30833378546873,2023
718204,2023-05-13,118,KC,0,158,MIL,0,-2,2,0.0,2023
718177,2023-05-14,118,KC,0,158,MIL,1,-3,3,0.0,2023
718162,2023-05-16,118,KC,0,135,SD,2,-4,1,1732.8547359706142,2023
718144,2023-05-17,118,KC,0,135,SD,1,-5,2,0.0,2023
718140,2023-05-17,118,KC,0,135,SD,0,-6,3,0.0,2023
718111,2023-05-20,118,KC,0,145,CWS,3,-7,1,1730.856111183581,2023
718104,2023-05-20,118,KC,0,145,CWS,0,-8,2,0.0,2023
718084,2023-05-21,118,KC,0,145,CWS,1,-9,3,0.0,2023
718066,2023-05-22,118,KC,1,116,DET,1,1,1,407.8477881651946,2023
718049,2023-05-23,118,KC,1,116,DET,1,2,2,0.0,2023
718039,2023-05-24,118,KC,1,116,DET,1,3,3,0.0,2023
718014,2023-05-27,118,KC,1,120,WSH,3,4,1,0.0,2023
718000,2023-05-27,118,KC,1,120,WSH,0,5,2,0.0,2023
717985,2023-05-28,118,KC,1,120,WSH,1,6,3,0.0,2023
717975,2023-05-29,118,KC,0,138,STL,1,-1,1,232.6374617718515,2023
717960,2023-05-30,118,KC,0,138,STL,1,-2,2,0.0,2023
717923,2023-06-03,118,KC,1,115,COL,4,1,1,232.6374617718515,2023
717909,2023-06-03,118,KC,1,115,COL,0,2,2,0.0,2023
717893,2023-06-04,118,KC,1,115,COL,1,3,3,0.0,2023
717887,2023-06-05,118,KC,0,146,MIA,1,-1,1,1235.0191699656941,2023
717876,2023-06-06,118,KC,0,146,MIA,1,-2,2,0.0,2023
717860,2023-06-07,118,KC,0,146,MIA,1,-3,3,0.0,2023
717839,2023-06-09,118,KC,0,110,BAL,2,-4,1,956.2208116188826,2023
717818,2023-06-10,118,KC,0,110,BAL,1,-5,2,0.0,2023
717808,2023-06-11,118,KC,0,110,BAL,1,-6,3,0.0,2023
717793,2023-06-13,118,KC,1,113,CIN,2,1,1,955.2837530445377,2023
717777,2023-06-14,118,KC,1,113,CIN,1,2,2,0.0,2023
717764,2023-06-15,118,KC,1,113,CIN,1,3,3,0.0,2023
717726,2023-06-17,118,KC,1,108,LAA,2,4,1,0.0,2023
717736,2023-06-17,118,KC,1,108,LAA,0,5,2,0.0,2023
717712,2023-06-18,118,KC,1,108,LAA,1,6,3,0.0,2023
717692,2023-06-19,118,KC,0,116,DET,1,-1,1,639.8841499405022,2023
717681,2023-06-20,118,KC,0,116,DET,1,-2,2,0.0,2023
717668,2023-06-21,118,KC,0,116,DET,1,-3,3,0.0,2023
717659,2023-06-22,118,KC,0,139,TB,1,-4,1,1007.0448721012648,2023
717649,2023-06-23,118,KC,0,139,TB,1,-5,2,0.0,2023
717632,2023-06-24,118,KC,0,139,TB,1,-6,3,0.0,2023
717619,2023-06-25,118,KC,0,139,TB,1,-7,4,0.0,2023
717591,2023-06-28,118,KC,1,114,CLE,3,1,1,1034.03926539089,2023
717577,2023-06-29,118,KC,1,114,CLE,1,2,2,0.0,2023
717573,2023-06-29,118,KC,1,114,CLE,0,3,3,0.0,2023
717537,2023-07-01,118,KC,1,119,LAD,2,4,1,0.0,2023
717553,2023-07-01,118,KC,1,119,LAD,0,5,2,0.0,2023
717527,2023-07-02,118,KC,1,119,LAD,1,6,3,0.0,2023
717510,2023-07-04,118,KC,0,142,MIN,2,-1,1,414.3585559282368,2023
717500,2023-07-04,118,KC,0,142,MIN,0,-2,2,0.0,2023
717482,2023-07-05,118,KC,0,142,MIN,1,-3,3,0.0,2023
717469,2023-07-06,118,KC,0,114,CLE,1,-4,1,630.5553923040089,2023
717463,2023-07-07,118,KC,0,114,CLE,1,-5,2,0.0,2023
717443,2023-07-08,118,KC,0,114,CLE,1,-6,3,0.0,2023
717434,2023-07-09,118,KC,0,114,CLE,1,-7,4,0.0,2023
717393,2023-07-15,118,KC,1,139,TB,6,1,1,694.6429853897519,2023
717411,2023-07-15,118,KC,1,139,TB,0,3,3,0.0,2023
717382,2023-07-16,118,KC,1,139,TB,1,4,4,0.0,2023
717368,2023-07-18,118,KC,1,116,DET,2,5,1,0.0,2023
717356,2023-07-19,118,KC,1,116,DET,1,6,2,0.0,2023
717333,2023-07-20,118,KC,1,116,DET,1,7,3,0.0,2023
717332,2023-07-20,118,KC,1,116,DET,0,8,4,0.0,2023
717318,2023-07-21,118,KC,0,147,NYY,1,-1,1,1093.2758575684966,2023
717304,2023-07-22,118,KC,0,147,NYY,1,-2,2,0.0,2023
717294,2023-07-23,118,KC,0,147,NYY,1,-3,3,0.0,2023
717277,2023-07-24,118,KC,0,114,CLE,1,-4,1,406.0987517437095,2023
717260,2023-07-25,118,KC,0,114,CLE,1,-5,2,0.0,2023
717249,2023-07-26,118,KC,0,114,CLE,1,-6,3,0.0,2023
717232,2023-07-29,118,KC,1,142,MIN,3,1,1,694.6429853897519,2023
717207,2023-07-29,118,KC,1,142,MIN,0,2,2,0.0,2023
717198,2023-07-30,118,KC,1,142,MIN,1,3,3,0.0,2023
717170,2023-08-02,118,KC,1,121,NYM,3,4,1,0.0,2023
717156,2023-08-03,118,KC,1,121,NYM,1,5,2,0.0,2023
717148,2023-08-03,118,KC,1,121,NYM,0,6,3,0.0,2023
717140,2023-08-04,118,KC,0,143,PHI,1,-1,1,1029.7550407478475,2023
717123,2023-08-05,118,KC,0,143,PHI,1,-2,2,0.0,2023
717113,2023-08-06,118,KC,0,143,PHI,1,-3,3,0.0,2023
717089,2023-08-07,118,KC,0,111,BOS,1,-4,1,270.6814533596281,2023
717077,2023-08-08,118,KC,0,111,BOS,1,-5,2,0.0,2023
717059,2023-08-09,118,KC,0,111,BOS,1,-6,3,0.0,2023
717051,2023-08-10,118,KC,0,111,BOS,1,-7,4,0.0,2023
717039,2023-08-12,118,KC,1,138,STL,2,1,1,1241.802604380426,2023
717019,2023-08-12,118,KC,1,138,STL,0,2,2,0.0,2023
716994,2023-08-15,118,KC,1,136,SEA,3,3,1,0.0,2023
716981,2023-08-16,118,KC,1,136,SEA,1,4,2,0.0,2023
716964,2023-08-17,118,KC,1,136,SEA,1,5,3,0.0,2023
716963,2023-08-17,118,KC,1,136,SEA,0,6,4,0.0,2023
716955,2023-08-18,118,KC,0,112,CHC,1,-1,1,410.49325072140863,2023
716937,2023-08-19,118,KC,0,112,CHC,1,-2,2,0.0,2023
716917,2023-08-20,118,KC,0,112,CHC,1,-3,3,0.0,2023
716904,2023-08-22,118,KC,0,133,OAK,2,-4,1,1842.6147174758498,2023
716888,2023-08-23,118,KC,0,133,OAK,1,-5,2,0.0,2023
716884,2023-08-23,118,KC,0,133,OAK,0,-6,3,0.0,2023
716853,2023-08-26,118,KC,0,136,SEA,3,-7,1,679.9392003432476,2023
716832,2023-08-26,118,KC,0,136,SEA,0,-8,2,0.0,2023
716820,2023-08-27,118,KC,0,136,SEA,1,-9,3,0.0,2023
716811,2023-08-29,118,KC,1,134,PIT,2,1,1,1508.929102213115,2023
716793,2023-08-30,118,KC,1,134,PIT,1,2,2,0.0,2023
716780,2023-08-31,118,KC,1,134,PIT,1,3,3,0.0,2023
716764,2023-09-02,118,KC,1,111,BOS,2,4,1,0.0,2023
716750,2023-09-02,118,KC,1,111,BOS,0,5,2,0.0,2023
716739,2023-09-03,118,KC,1,111,BOS,1,6,3,0.0,2023
716681,2023-09-04,118,KC,1,145,CWS,1,7,1,0.0,2023
716704,2023-09-05,118,KC,1,145,CWS,1,8,2,0.0,2023
716688,2023-09-06,118,KC,1,145,CWS,1,9,3,0.0,2023
716673,2023-09-08,118,KC,0,141,TOR,2,-1,1,843.0534764751171,2023
716661,2023-09-09,118,KC,0,141,TOR,1,-2,2,0.0,2023
716641,2023-09-10,118,KC,0,141,TOR,1,-3,3,0.0,2023
716611,2023-09-12,118,KC,0,145,CWS,1,-5,2,0.0,2023
716631,2023-09-12,118,KC,0,145,CWS,0,-6,3,0.0,2023
716598,2023-09-13,118,KC,0,145,CWS,1,-7,4,0.0,2023
716577,2023-09-16,118,KC,1,117,HOU,3,1,1,407.8477881651946,2023
716560,2023-09-16,118,KC,1,117,HOU,0,2,2,0.0,2023
716547,2023-09-17,118,KC,1,117,HOU,1,3,3,0.0,2023
716529,2023-09-18,118,KC,1,114,CLE,1,4,1,0.0,2023
716517,2023-09-19,118,KC,1,114,CLE,1,5,2,0.0,2023
716505,2023-09-20,118,KC,1,114,CLE,1,6,3,0.0,2023
716473,2023-09-23,118,KC,0,117,HOU,3,-1,1,644.1456886709294,2023
716455,2023-09-23,118,KC,0,117,HOU,0,-2,2,0.0,2023
716448,2023-09-24,118,KC,0,117,HOU,1,-3,3,0.0,2023
716433,2023-09-26,118,KC,0,116,DET,2,-4,1,1105.8761830717617,2023
716414,2023-09-28,118,KC,0,116,DET,1,-6,3,0.0,2023
716401,2023-09-28,118,KC,0,116,DET,0,-7,4,0.0,2023
716375,2023-09-30,118,KC,1,147,NYY,2,1,1,639.8841499405022,2023
716389,2023-09-30,118,KC,1,147,NYY,0,2,2,0.0,2023
716352,2023-10-01,118,KC,1,147,NYY,1,3,3,0.0,2023
718770,2023-03-31,119,LAD,1,109,ARI,0,1,1,0.0,2023
718765,2023-04-01,119,LAD,1,109,ARI,1,2,2,0.0,2023
718749,2023-04-02,119,LAD,1,109,ARI,1,3,3,0.0,2023
718736,2023-04-02,119,LAD,1,109,ARI,0,4,4,0.0,2023
718718,2023-04-04,119,LAD,1,115,COL,2,5,1,0.0,2023
718703,2023-04-05,119,LAD,1,115,COL,1,6,2,0.0,2023
718683,2023-04-07,119,LAD,0,109,ARI,2,-1,1,357.22532088939374,2023
718671,2023-04-08,119,LAD,0,109,ARI,1,-2,2,0.0,2023
718639,2023-04-09,119,LAD,0,109,ARI,1,-3,3,0.0,2023
718656,2023-04-09,119,LAD,0,109,ARI,0,-4,4,0.0,2023
718641,2023-04-11,119,LAD,0,137,SF,2,-5,1,652.0636757078365,2023
718624,2023-04-12,119,LAD,0,137,SF,1,-6,2,0.0,2023
718612,2023-04-13,119,LAD,0,137,SF,1,-7,3,0.0,2023
718575,2023-04-15,119,LAD,1,112,CHC,2,1,1,345.5052646422354,2023
718564,2023-04-16,119,LAD,1,112,CHC,1,2,2,0.0,2023
718547,2023-04-16,119,LAD,1,112,CHC,0,3,3,0.0,2023
718532,2023-04-18,119,LAD,1,121,NYM,2,4,1,0.0,2023
718508,2023-04-19,119,LAD,1,121,NYM,1,5,2,0.0,2023
718516,2023-04-19,119,LAD,1,121,NYM,0,6,3,0.0,2023
718499,2023-04-20,119,LAD,0,112,CHC,1,-1,1,1740.9215479584495,2023
718491,2023-04-21,119,LAD,0,112,CHC,1,-2,2,0.0,2023
718479,2023-04-22,119,LAD,0,112,CHC,1,-3,3,0.0,2023
718451,2023-04-23,119,LAD,0,112,CHC,1,-4,4,0.0,2023
718432,2023-04-25,119,LAD,0,134,PIT,2,-5,1,410.8665423703318,2023
718413,2023-04-26,119,LAD,0,134,PIT,1,-6,2,0.0,2023
718403,2023-04-27,119,LAD,0,134,PIT,1,-7,3,0.0,2023
718382,2023-04-29,119,LAD,1,138,STL,2,1,1,2130.9802254915467,2023
718359,2023-04-30,119,LAD,1,138,STL,1,2,2,0.0,2023
718369,2023-04-30,119,LAD,1,138,STL,0,3,3,0.0,2023
718343,2023-05-02,119,LAD,1,143,PHI,2,4,1,0.0,2023
718331,2023-05-03,119,LAD,1,143,PHI,1,5,2,0.0,2023
718327,2023-05-03,119,LAD,1,143,PHI,0,6,3,0.0,2023
718295,2023-05-06,119,LAD,0,135,SD,3,-1,1,113.20881075215142,2023
718279,2023-05-07,119,LAD,0,135,SD,1,-2,2,0.0,2023
718266,2023-05-07,119,LAD,0,135,SD,0,-3,3,0.0,2023
718257,2023-05-08,119,LAD,0,158,MIL,1,-4,1,1732.8547359706142,2023
718241,2023-05-09,119,LAD,0,158,MIL,1,-5,2,0.0,2023
718228,2023-05-10,119,LAD,0,158,MIL,1,-6,3,0.0,2023
718185,2023-05-13,119,LAD,1,135,SD,3,1,1,1737.1964859284558,2023
718201,2023-05-13,119,LAD,1,135,SD,0,2,2,0.0,2023
718168,2023-05-14,119,LAD,1,135,SD,1,3,3,0.0,2023
718159,2023-05-16,119,LAD,1,142,MIN,2,4,1,0.0,2023
718141,2023-05-17,119,LAD,1,142,MIN,1,5,2,0.0,2023
718136,2023-05-17,119,LAD,1,142,MIN,0,6,3,0.0,2023
718124,2023-05-18,119,LAD,0,138,STL,1,-1,1,1585.7405201242425,2023
718113,2023-05-20,119,LAD,0,138,STL,2,-2,2,0.0,2023
718109,2023-05-20,119,LAD,0,138,STL,0,-3,3,0.0,2023
718083,2023-05-21,119,LAD,0,138,STL,1,-4,4,0.0,2023
718074,2023-05-22,119,LAD,0,144,ATL,1,-5,1,456.58876384408995,2023
718057,2023-05-23,119,LAD,0,144,ATL,1,-6,2,0.0,2023
718042,2023-05-24,119,LAD,0,144,ATL,1,-7,3,0.0,2023
718018,2023-05-26,119,LAD,0,139,TB,2,-8,1,436.50640754877156,2023
718002,2023-05-27,119,LAD,0,139,TB,1,-9,2,0.0,2023
717994,2023-05-28,119,LAD,0,139,TB,1,-10,3,0.0,2023
717973,2023-05-30,119,LAD,1,120,WSH,2,1,1,2142.7982846704713,2023
717957,2023-05-31,119,LAD,1,120,WSH,1,2,2,0.0,2023
717954,2023-05-31,119,LAD,1,120,WSH,0,3,3,0.0,2023
717917,2023-06-03,119,LAD,1,147,NYY,3,4,1,0.0,2023
717905,2023-06-03,119,LAD,1,147,NYY,0,5,2,0.0,2023
717888,2023-06-04,119,LAD,1,147,NYY,1,6,3,0.0,2023
717870,2023-06-06,119,LAD,0,113,CIN,2,-1,1,1892.244174703444,2023
717853,2023-06-07,119,LAD,0,113,CIN,1,-2,2,0.0,2023
717844,2023-06-08,119,LAD,0,113,CIN,1,-3,3,0.0,2023
717837,2023-06-09,119,LAD,0,143,PHI,1,-4,1,500.9471415614062,2023
717811,2023-06-10,119,LAD,0,143,PHI,1,-5,2,0.0,2023
717806,2023-06-11,119,LAD,0,143,PHI,1,-6,3,0.0,2023
717776,2023-06-14,119,LAD,1,145,CWS,3,1,1,2387.7509871644193,2023
717760,2023-06-15,119,LAD,1,145,CWS,1,2,2,0.0,2023
717748,2023-06-16,119,LAD,1,145,CWS,1,3,3,0.0,2023
717731,2023-06-17,119,LAD,1,137,SF,1,4,1,0.0,2023
717721,2023-06-18,119,LAD,1,137,SF,1,5,2,0.0,2023
717702,2023-06-18,119,LAD,1,137,SF,0,6,3,0.0,2023
717678,2023-06-21,119,LAD,0,108,LAA,3,-1,1,27.87381208188066,2023
717662,2023-06-22,119,LAD,0,108,LAA,1,-2,2,0.0,2023
717643,2023-06-24,119,LAD,1,117,HOU,2,1,1,27.87381208188066,2023
717626,2023-06-24,119,LAD,1,117,HOU,0,2,2,0.0,2023
717615,2023-06-25,119,LAD,1,117,HOU,1,3,3,0.0,2023
717594,2023-06-28,119,LAD,0,115,COL,3,-1,1,829.208728545356,2023
717578,2023-06-29,119,LAD,0,115,COL,1,-2,2,0.0,2023
717572,2023-06-30,119,LAD,0,115,COL,1,-3,3,0.0,2023
717537,2023-07-01,119,LAD,0,118,KC,1,-4,1,563.1263805129729,2023
717553,2023-07-01,119,LAD,0,118,KC,0,-5,2,0.0,2023
717527,2023-07-02,119,LAD,0,118,KC,1,-6,3,0.0,2023
717506,2023-07-04,119,LAD,1,134,PIT,2,1,1,1358.4249527106026,2023
717492,2023-07-05,119,LAD,1,134,PIT,1,2,2,0.0,2023
717479,2023-07-06,119,LAD,1,134,PIT,1,3,3,0.0,2023
717462,2023-07-07,119,LAD,1,134,PIT,1,4,4,0.0,2023
717456,2023-07-08,119,LAD,1,108,LAA,1,5,1,0.0,2023
717437,2023-07-09,119,LAD,1,108,LAA,1,6,2,0.0,2023
717413,2023-07-14,119,LAD,0,121,NYM,5,-1,1,2453.075811723075,2023
717400,2023-07-15,119,LAD,0,121,NYM,1,-2,2,0.0,2023
717385,2023-07-16,119,LAD,0,121,NYM,1,-3,3,0.0,2023
717372,2023-07-17,119,LAD,0,110,BAL,1,-4,1,178.7068782315623,2023
717361,2023-07-18,119,LAD,0,110,BAL,1,-5,2,0.0,2023
717343,2023-07-19,119,LAD,0,110,BAL,1,-6,3,0.0,2023
717316,2023-07-22,119,LAD,0,140,TEX,3,-7,1,1225.9583636520863,2023
717305,2023-07-22,119,LAD,0,140,TEX,0,-8,2,0.0,2023
717284,2023-07-23,119,LAD,0,140,TEX,1,-9,3,0.0,2023
717271,2023-07-25,119,LAD,1,141,TOR,2,1,1,1221.5143050983006,2023
717253,2023-07-26,119,LAD,1,141,TOR,1,2,2,0.0,2023
717256,2023-07-26,119,LAD,1,141,TOR,0,3,3,0.0,2023
717225,2023-07-29,119,LAD,1,113,CIN,3,4,1,0.0,2023
717205,2023-07-30,119,LAD,1,113,CIN,1,5,2,0.0,2023
717194,2023-07-30,119,LAD,1,113,CIN,0,6,3,0.0,2023
717171,2023-08-02,119,LAD,1,133,OAK,3,7,1,0.0,2023
717154,2023-08-03,119,LAD,1,133,OAK,1,8,2,0.0,2023
717137,2023-08-04,119,LAD,1,133,OAK,1,9,3,0.0,2023
717129,2023-08-05,119,LAD,0,135,SD,1,-1,1,113.20881075215142,2023
717093,2023-08-06,119,LAD,0,135,SD,1,-2,2,0.0,2023
717112,2023-08-06,119,LAD,0,135,SD,0,-3,3,0.0,2023
717094,2023-08-07,119,LAD,0,135,SD,1,-4,4,0.0,2023
717073,2023-08-09,119,LAD,0,109,ARI,2,-5,1,299.07000924838377,2023
717057,2023-08-10,119,LAD,0,109,ARI,1,-6,2,0.0,2023
717045,2023-08-11,119,LAD,1,115,COL,1,1,1,357.22532088939374,2023
717032,2023-08-12,119,LAD,1,115,COL,1,2,2,0.0,2023
717017,2023-08-13,119,LAD,1,115,COL,1,3,3,0.0,2023
717007,2023-08-13,119,LAD,1,115,COL,0,4,4,0.0,2023
716979,2023-08-16,119,LAD,1,158,MIL,3,5,1,0.0,2023
716962,2023-08-17,119,LAD,1,158,MIL,1,6,2,0.0,2023
716961,2023-08-18,119,LAD,1,158,MIL,1,7,3,0.0,2023
716909,2023-08-19,119,LAD,1,146,MIA,1,8,1,0.0,2023
716946,2023-08-19,119,LAD,1,146,MIA,0,9,2,0.0,2023
716926,2023-08-20,119,LAD,1,146,MIA,1,10,3,0.0,2023
716897,2023-08-22,119,LAD,0,114,CLE,2,-1,1,2044.6147951768196,2023
716875,2023-08-24,119,LAD,0,114,CLE,1,-3,3,0.0,2023
716871,2023-08-24,119,LAD,0,114,CLE,0,-4,4,0.0,2023
716866,2023-08-25,119,LAD,0,111,BOS,1,-5,1,547.1609370940174,2023
716849,2023-08-26,119,LAD,0,111,BOS,1,-6,2,0.0,2023
716831,2023-08-27,119,LAD,0,111,BOS,1,-7,3,0.0,2023
716805,2023-08-29,119,LAD,1,109,ARI,2,1,1,2588.262967346757,2023
716792,2023-08-30,119,LAD,1,109,ARI,1,2,2,0.0,2023
716774,2023-08-31,119,LAD,1,109,ARI,1,3,3,0.0,2023
716768,2023-09-01,119,LAD,1,144,ATL,1,4,1,0.0,2023
716757,2023-09-02,119,LAD,1,144,ATL,1,5,2,0.0,2023
716741,2023-09-03,119,LAD,1,144,ATL,1,6,3,0.0,2023
716725,2023-09-03,119,LAD,1,144,ATL,0,7,4,0.0,2023
716710,2023-09-05,119,LAD,0,146,MIA,2,-1,1,2333.5805728602445,2023
716695,2023-09-06,119,LAD,0,146,MIA,1,-2,2,0.0,2023
716682,2023-09-07,119,LAD,0,146,MIA,1,-3,3,0.0,2023
716676,2023-09-08,119,LAD,0,120,WSH,1,-4,1,923.8773279819753,2023
716662,2023-09-09,119,LAD,0,120,WSH,1,-5,2,0.0,2023
716647,2023-09-10,119,LAD,0,120,WSH,1,-6,3,0.0,2023
716622,2023-09-12,119,LAD,1,135,SD,2,1,1,2295.2946229797176,2023
716608,2023-09-13,119,LAD,1,135,SD,1,2,2,0.0,2023
716589,2023-09-14,119,LAD,1,135,SD,1,3,3,0.0,2023
716568,2023-09-16,119,LAD,0,136,SEA,2,-1,1,957.8545939923275,2023
716552,2023-09-17,119,LAD,0,136,SEA,1,-2,2,0.0,2023
716537,2023-09-17,119,LAD,0,136,SEA,0,-3,3,0.0,2023
716528,2023-09-19,119,LAD,1,116,DET,2,1,1,957.8545939923275,2023
716510,2023-09-20,119,LAD,1,116,DET,1,2,2,0.0,2023
716494,2023-09-21,119,LAD,1,116,DET,1,3,3,0.0,2023
716484,2023-09-22,119,LAD,1,137,SF,1,4,1,0.0,2023
716474,2023-09-23,119,LAD,1,137,SF,1,5,2,0.0,2023
716456,2023-09-24,119,LAD,1,137,SF,1,6,3,0.0,2023
716439,2023-09-24,119,LAD,1,137,SF,0,7,4,0.0,2023
716438,2023-09-26,119,LAD,0,115,COL,2,-1,1,829.208728545356,2023
716424,2023-09-27,119,LAD,0,115,COL,1,-2,2,0.0,2023
716406,2023-09-28,119,LAD,0,115,COL,1,-3,3,0.0,2023
716405,2023-09-29,119,LAD,0,115,COL,1,-4,4,0.0,2023
716382,2023-09-30,119,LAD,0,137,SF,1,-5,1,945.5308694116128,2023
716381,2023-10-01,119,LAD,0,137,SF,1,-6,2,0.0,2023
716363,2023-10-01,119,LAD,0,137,SF,0,-7,3,0.0,2023
718780,2023-03-30,120,WSH,1,144,ATL,0,1,1,0.0,2023
718753,2023-04-01,120,WSH,1,144,ATL,2,2,2,0.0,2023
718743,2023-04-02,120,WSH,1,144,ATL,1,3,3,0.0,2023
718732,2023-04-03,120,WSH,1,139,TB,1,4,1,0.0,2023
718715,2023-04-04,120,WSH,1,139,TB,1,5,2,0.0,2023
718704,2023-04-05,120,WSH,1,139,TB,1,6,3,0.0,2023
718682,2023-04-06,120,WSH,0,115,COL,1,-1,1,1491.3129647935543,2023
718673,2023-04-08,120,WSH,0,115,COL,2,-2,2,0.0,2023
718645,2023-04-09,120,WSH,0,115,COL,1,-3,3,0.0,2023
718658,2023-04-09,120,WSH,0,115,COL,0,-4,4,0.0,2023
718631,2023-04-11,120,WSH,0,108,LAA,2,-5,1,822.2861860892081,2023
718614,2023-04-12,120,WSH,0,108,LAA,1,-6,2,0.0,2023
718602,2023-04-12,120,WSH,0,108,LAA,0,-7,3,0.0,2023
718592,2023-04-14,120,WSH,1,114,CLE,2,1,1,2282.8044015651135,2023
718573,2023-04-15,120,WSH,1,114,CLE,1,2,2,0.0,2023
718555,2023-04-16,120,WSH,1,114,CLE,1,3,3,0.0,2023
718531,2023-04-18,120,WSH,1,110,BAL,2,4,1,0.0,2023
718518,2023-04-19,120,WSH,1,110,BAL,1,5,2,0.0,2023
718468,2023-04-22,120,WSH,0,142,MIN,3,-1,1,934.56271968754,2023
718482,2023-04-22,120,WSH,0,142,MIN,0,-2,2,0.0,2023
718454,2023-04-23,120,WSH,0,142,MIN,1,-3,3,0.0,2023
718431,2023-04-25,120,WSH,0,121,NYM,2,-4,1,1023.5867094792683,2023
718412,2023-04-26,120,WSH,0,121,NYM,1,-5,2,0.0,2023
718398,2023-04-27,120,WSH,0,121,NYM,1,-6,3,0.0,2023
718383,2023-04-29,120,WSH,1,134,PIT,1,2,2,0.0,2023
718399,2023-04-29,120,WSH,1,134,PIT,0,3,3,0.0,2023
718367,2023-04-30,120,WSH,1,134,PIT,1,4,4,0.0,2023
718349,2023-05-01,120,WSH,1,112,CHC,1,5,1,0.0,2023
718344,2023-05-02,120,WSH,1,112,CHC,1,6,2,0.0,2023
718333,2023-05-03,120,WSH,1,112,CHC,1,7,3,0.0,2023
718317,2023-05-04,120,WSH,1,112,CHC,1,8,4,0.0,2023
718296,2023-05-06,120,WSH,0,109,ARI,2,-1,1,1978.963589227503,2023
718282,2023-05-07,120,WSH,0,109,ARI,1,-2,2,0.0,2023
718263,2023-05-07,120,WSH,0,109,ARI,0,-3,3,0.0,2023
718260,2023-05-09,120,WSH,0,137,SF,2,-4,1,652.0636757078365,2023
718250,2023-05-10,120,WSH,0,137,SF,1,-5,2,0.0,2023
718230,2023-05-10,120,WSH,0,137,SF,0,-6,3,0.0,2023
718214,2023-05-12,120,WSH,1,121,NYM,2,1,1,2435.443676108395,2023
718186,2023-05-14,120,WSH,1,121,NYM,1,3,3,0.0,2023
718203,2023-05-14,120,WSH,1,121,NYM,0,4,4,0.0,2023
718167,2023-05-15,120,WSH,1,121,NYM,1,5,5,0.0,2023
718153,2023-05-16,120,WSH,0,146,MIA,1,-1,1,923.8773279819753,2023
718132,2023-05-17,120,WSH,0,146,MIA,1,-2,2,0.0,2023
718130,2023-05-18,120,WSH,0,146,MIA,1,-3,3,0.0,2023
718123,2023-05-19,120,WSH,1,116,DET,1,1,1,923.8773279819753,2023
718108,2023-05-20,120,WSH,1,116,DET,1,2,2,0.0,2023
718089,2023-05-21,120,WSH,1,116,DET,1,3,3,0.0,2023
718064,2023-05-23,120,WSH,1,135,SD,2,4,1,0.0,2023
718052,2023-05-24,120,WSH,1,135,SD,1,5,2,0.0,2023
718035,2023-05-25,120,WSH,1,135,SD,1,6,3,0.0,2023
718014,2023-05-27,120,WSH,0,118,KC,2,-1,1,937.4091115021555,2023
718000,2023-05-27,120,WSH,0,118,KC,0,-2,2,0.0,2023
717985,2023-05-28,120,WSH,0,118,KC,1,-3,3,0.0,2023
717973,2023-05-30,120,WSH,0,119,LAD,2,-4,1,1358.4249527106026,2023
717957,2023-05-31,120,WSH,0,119,LAD,1,-5,2,0.0,2023
717954,2023-05-31,120,WSH,0,119,LAD,0,-6,3,0.0,2023
717935,2023-06-02,120,WSH,1,143,PHI,2,1,1,2295.2946229797176,2023
717914,2023-06-03,120,WSH,1,143,PHI,1,2,2,0.0,2023
717902,2023-06-04,120,WSH,1,143,PHI,1,3,3,0.0,2023
717881,2023-06-06,120,WSH,1,109,ARI,2,4,1,0.0,2023
717866,2023-06-07,120,WSH,1,109,ARI,1,5,2,0.0,2023
717829,2023-06-09,120,WSH,0,144,ATL,1,-1,1,538.869727266714,2023
717816,2023-06-10,120,WSH,0,144,ATL,1,-2,2,0.0,2023
717807,2023-06-11,120,WSH,0,144,ATL,1,-3,3,0.0,2023
717778,2023-06-14,120,WSH,0,117,HOU,3,-4,1,699.6088123085705,2023
717762,2023-06-15,120,WSH,0,117,HOU,1,-5,2,0.0,2023
717746,2023-06-16,120,WSH,0,117,HOU,1,-6,3,0.0,2023
717749,2023-06-16,120,WSH,1,146,MIA,0,1,1,1218.4825059673833,2023
717734,2023-06-17,120,WSH,1,146,MIA,1,2,2,0.0,2023
717714,2023-06-18,120,WSH,1,146,MIA,1,3,3,0.0,2023
717699,2023-06-19,120,WSH,1,138,STL,1,4,1,0.0,2023
717691,2023-06-20,120,WSH,1,138,STL,1,5,2,0.0,2023
717673,2023-06-21,120,WSH,1,138,STL,1,6,3,0.0,2023
717847,2023-06-22,120,WSH,1,109,ARI,1,7,1,0.0,2023
717642,2023-06-24,120,WSH,0,135,SD,2,-1,1,2271.6169527029847,2023
717638,2023-06-25,120,WSH,0,135,SD,1,-2,2,0.0,2023
717610,2023-06-25,120,WSH,0,135,SD,0,-3,3,0.0,2023
717602,2023-06-27,120,WSH,0,136,SEA,2,-4,1,1063.509772580899,2023
717590,2023-06-28,120,WSH,0,136,SEA,1,-5,2,0.0,2023
717587,2023-06-28,120,WSH,0,136,SEA,0,-6,3,0.0,2023
717563,2023-06-30,120,WSH,0,143,PHI,2,-7,1,2374.914766881297,2023
717543,2023-07-01,120,WSH,0,143,PHI,1,-8,2,0.0,2023
717528,2023-07-02,120,WSH,0,143,PHI,1,-9,3,0.0,2023
717517,2023-07-03,120,WSH,1,113,CIN,1,1,1,121.48691857607562,2023
717507,2023-07-04,120,WSH,1,113,CIN,1,2,2,0.0,2023
717493,2023-07-05,120,WSH,1,113,CIN,1,3,3,0.0,2023
717481,2023-07-06,120,WSH,1,113,CIN,1,4,4,0.0,2023
717465,2023-07-07,120,WSH,1,140,TEX,1,5,1,0.0,2023
717450,2023-07-08,120,WSH,1,140,TEX,1,6,2,0.0,2023
717432,2023-07-09,120,WSH,1,140,TEX,1,7,3,0.0,2023
717407,2023-07-15,120,WSH,0,138,STL,1,-2,2,0.0,2023
717396,2023-07-15,120,WSH,0,138,STL,0,-3,3,0.0,2023
717380,2023-07-16,120,WSH,0,138,STL,1,-4,4,0.0,2023
717370,2023-07-18,120,WSH,0,112,CHC,2,-5,1,265.86188355988685,2023
717353,2023-07-19,120,WSH,0,112,CHC,1,-6,2,0.0,2023
717336,2023-07-20,120,WSH,0,112,CHC,1,-7,3,0.0,2023
717326,2023-07-21,120,WSH,1,137,SF,1,1,1,598.6412524083928,2023
717307,2023-07-22,120,WSH,1,137,SF,1,2,2,0.0,2023
717290,2023-07-23,120,WSH,1,137,SF,1,3,3,0.0,2023
717282,2023-07-24,120,WSH,1,115,COL,1,4,1,0.0,2023
717269,2023-07-25,120,WSH,1,115,COL,1,5,2,0.0,2023
717257,2023-07-26,120,WSH,1,115,COL,1,6,3,0.0,2023
717241,2023-07-27,120,WSH,0,121,NYM,1,-1,1,212.3563770011718,2023
717230,2023-07-28,120,WSH,0,121,NYM,1,-2,2,0.0,2023
717215,2023-07-29,120,WSH,0,121,NYM,1,-3,3,0.0,2023
717203,2023-07-30,120,WSH,0,121,NYM,1,-4,4,0.0,2023
717192,2023-07-31,120,WSH,1,158,MIL,1,1,1,212.3563770011718,2023
717183,2023-08-01,120,WSH,1,158,MIL,1,2,2,0.0,2023
717162,2023-08-02,120,WSH,1,158,MIL,1,3,3,0.0,2023
717139,2023-08-04,120,WSH,0,113,CIN,2,-1,1,403.05254469244744,2023
717120,2023-08-05,120,WSH,0,113,CIN,1,-2,2,0.0,2023
717104,2023-08-06,120,WSH,0,113,CIN,1,-3,3,0.0,2023
717082,2023-08-08,120,WSH,0,143,PHI,1,-5,2,0.0,2023
717096,2023-08-08,120,WSH,0,143,PHI,0,-6,3,0.0,2023
717066,2023-08-09,120,WSH,0,143,PHI,1,-7,4,0.0,2023
717049,2023-08-10,120,WSH,0,143,PHI,1,-8,5,0.0,2023
717043,2023-08-11,120,WSH,1,133,OAK,1,1,1,121.48691857607562,2023
717030,2023-08-12,120,WSH,1,133,OAK,1,2,2,0.0,2023
717016,2023-08-13,120,WSH,1,133,OAK,1,3,3,0.0,2023
716993,2023-08-15,120,WSH,1,111,BOS,2,4,1,0.0,2023
716982,2023-08-16,120,WSH,1,111,BOS,1,5,2,0.0,2023
716966,2023-08-17,120,WSH,1,111,BOS,1,6,3,0.0,2023
716960,2023-08-18,120,WSH,1,143,PHI,1,7,1,0.0,2023
716941,2023-08-19,120,WSH,1,143,PHI,1,8,2,0.0,2023
716929,2023-08-20,120,WSH,1,143,PHI,1,9,3,0.0,2023
716900,2023-08-22,120,WSH,0,147,NYY,2,-1,1,212.0912051760551,2023
716877,2023-08-23,120,WSH,0,147,NYY,1,-2,2,0.0,2023
716872,2023-08-24,120,WSH,0,147,NYY,1,-3,3,0.0,2023
716863,2023-08-25,120,WSH,0,146,MIA,1,-4,1,1100.8862542043641,2023
716844,2023-08-26,120,WSH,0,146,MIA,1,-5,2,0.0,2023
716827,2023-08-27,120,WSH,0,146,MIA,1,-6,3,0.0,2023
716816,2023-08-28,120,WSH,0,141,TOR,1,-7,1,1235.193689499836,2023
716801,2023-08-29,120,WSH,0,141,TOR,1,-8,2,0.0,2023
716785,2023-08-30,120,WSH,0,141,TOR,1,-9,3,0.0,2023
716776,2023-08-31,120,WSH,1,146,MIA,1,1,1,351.9086807419245,2023
716771,2023-09-01,120,WSH,1,146,MIA,1,2,2,0.0,2023
716760,2023-09-02,120,WSH,1,146,MIA,1,3,3,0.0,2023
716740,2023-09-03,120,WSH,1,146,MIA,1,4,4,0.0,2023
716715,2023-09-05,120,WSH,1,121,NYM,2,5,1,0.0,2023
716701,2023-09-06,120,WSH,1,121,NYM,1,6,2,0.0,2023
716676,2023-09-08,120,WSH,1,119,LAD,2,7,1,0.0,2023
716662,2023-09-09,120,WSH,1,119,LAD,1,8,2,0.0,2023
716647,2023-09-10,120,WSH,1,119,LAD,1,9,3,0.0,2023
716635,2023-09-11,120,WSH,0,134,PIT,1,-1,1,193.0230929231441,2023
716620,2023-09-12,120,WSH,0,134,PIT,1,-2,2,0.0,2023
716600,2023-09-13,120,WSH,0,134,PIT,1,-3,3,0.0,2023
716591,2023-09-14,120,WSH,0,134,PIT,1,-4,4,0.0,2023
716578,2023-09-16,120,WSH,0,158,MIL,2,-5,1,447.5172990364866,2023
716559,2023-09-16,120,WSH,0,158,MIL,0,-6,2,0.0,2023
716543,2023-09-17,120,WSH,0,158,MIL,1,-7,3,0.0,2023
716539,2023-09-18,120,WSH,1,145,CWS,1,1,1,639.4643273379048,2023
716525,2023-09-19,120,WSH,1,145,CWS,1,2,2,0.0,2023
716513,2023-09-20,120,WSH,1,145,CWS,1,3,3,0.0,2023
716496,2023-09-21,120,WSH,1,144,ATL,1,4,1,0.0,2023
716485,2023-09-22,120,WSH,1,144,ATL,1,5,2,0.0,2023
716459,2023-09-24,120,WSH,1,144,ATL,1,7,4,0.0,2023
716467,2023-09-24,120,WSH,1,144,ATL,0,8,5,0.0,2023
716434,2023-09-26,120,WSH,0,110,BAL,2,-1,1,35.12148729233362,2023
716416,2023-09-27,120,WSH,0,110,BAL,1,-2,2,0.0,2023
716394,2023-09-29,120,WSH,0,144,ATL,2,-3,1,572.6096280104865,2023
716369,2023-09-30,120,WSH,0,144,ATL,1,-4,2,0.0,2023
716354,2023-10-01,120,WSH,0,144,ATL,1,-5,3,0.0,2023
718774,2023-03-30,121,NYM,0,146,MIA,0,-1,1,1097.7414335980382,2023
718771,2023-03-31,121,NYM,0,146,MIA,1,-2,2,0.0,2023
718755,2023-04-01,121,NYM,0,146,MIA,1,-3,3,0.0,2023
718741,2023-04-02,121,NYM,0,146,MIA,1,-4,4,0.0,2023
718731,2023-04-03,121,NYM,0,158,MIL,1,-5,1,1269.7716502102464,2023
718712,2023-04-04,121,NYM,0,158,MIL,1,-6,2,0.0,2023
718698,2023-04-05,121,NYM,0,158,MIL,1,-7,3,0.0,2023
718693,2023-04-07,121,NYM,1,146,MIA,1,2,2,0.0,2023
718661,2023-04-08,121,NYM,1,146,MIA,1,3,3,0.0,2023
718647,2023-04-09,121,NYM,1,146,MIA,1,4,4,0.0,2023
718634,2023-04-10,121,NYM,1,135,SD,1,5,1,0.0,2023
718621,2023-04-11,121,NYM,1,135,SD,1,6,2,0.0,2023
718610,2023-04-12,121,NYM,1,135,SD,1,7,3,0.0,2023
718578,2023-04-15,121,NYM,0,133,OAK,3,-1,1,2562.7810869652726,2023
718565,2023-04-15,121,NYM,0,133,OAK,0,-2,2,0.0,2023
718546,2023-04-16,121,NYM,0,133,OAK,1,-3,3,0.0,2023
718532,2023-04-18,121,NYM,0,119,LAD,2,-4,1,337.12266209703967,2023
718516,2023-04-19,121,NYM,0,119,LAD,1,-5,2,0.0,2023
718508,2023-04-19,121,NYM,0,119,LAD,0,-6,3,0.0,2023
718503,2023-04-21,121,NYM,0,137,SF,2,-7,1,345.5052646422354,2023
718480,2023-04-22,121,NYM,0,137,SF,1,-8,2,0.0,2023
718478,2023-04-22,121,NYM,0,137,SF,0,-9,3,0.0,2023
718455,2023-04-23,121,NYM,0,137,SF,1,-10,4,0.0,2023
718431,2023-04-25,121,NYM,1,120,WSH,2,1,1,2571.816906012279,2023
718412,2023-04-26,121,NYM,1,120,WSH,1,2,2,0.0,2023
718398,2023-04-27,121,NYM,1,120,WSH,1,3,3,0.0,2023
718394,2023-04-28,121,NYM,1,144,ATL,1,4,1,0.0,2023
718361,2023-05-01,121,NYM,1,144,ATL,1,7,4,0.0,2023
718352,2023-05-01,121,NYM,1,144,ATL,0,8,5,0.0,2023
718348,2023-05-03,121,NYM,0,116,DET,1,-2,2,0.0,2023
718329,2023-05-03,121,NYM,0,116,DET,0,-3,3,0.0,2023
718318,2023-05-04,121,NYM,0,116,DET,1,-4,4,0.0,2023
718302,2023-05-05,121,NYM,1,115,COL,1,1,1,488.01813985396933,2023
718290,2023-05-06,121,NYM,1,115,COL,1,2,2,0.0,2023
718276,2023-05-07,121,NYM,1,115,COL,1,3,3,0.0,2023
718243,2023-05-09,121,NYM,0,113,CIN,2,-1,1,576.1040985787001,2023
718225,2023-05-10,121,NYM,0,113,CIN,1,-2,2,0.0,2023
718223,2023-05-11,121,NYM,0,113,CIN,1,-3,3,0.0,2023
718214,2023-05-12,121,NYM,0,120,WSH,1,-4,1,403.05254469244744,2023
718203,2023-05-14,121,NYM,0,120,WSH,1,-6,3,0.0,2023
718186,2023-05-14,121,NYM,0,120,WSH,0,-7,4,0.0,2023
718167,2023-05-15,121,NYM,0,120,WSH,1,-8,5,0.0,2023
718150,2023-05-16,121,NYM,1,139,TB,1,1,1,212.3563770011718,2023
718135,2023-05-17,121,NYM,1,139,TB,1,2,2,0.0,2023
718122,2023-05-18,121,NYM,1,139,TB,1,3,3,0.0,2023
718119,2023-05-19,121,NYM,1,114,CLE,1,4,1,0.0,2023
718082,2023-05-21,121,NYM,1,114,CLE,1,6,3,0.0,2023
718099,2023-05-21,121,NYM,1,114,CLE,0,7,4,0.0,2023
718055,2023-05-23,121,NYM,0,112,CHC,2,-1,1,720.1961586455312,2023
718038,2023-05-24,121,NYM,0,112,CHC,1,-2,2,0.0,2023
718024,2023-05-25,121,NYM,0,112,CHC,1,-3,3,0.0,2023
718016,2023-05-27,121,NYM,0,115,COL,2,-4,1,917.1571990207435,2023
718011,2023-05-28,121,NYM,0,115,COL,1,-5,2,0.0,2023
717982,2023-05-28,121,NYM,0,115,COL,0,-6,3,0.0,2023
717962,2023-05-30,121,NYM,1,143,PHI,2,1,1,1635.3491066467502,2023
717944,2023-05-31,121,NYM,1,143,PHI,1,2,2,0.0,2023
717934,2023-06-01,121,NYM,1,143,PHI,1,3,3,0.0,2023
717929,2023-06-02,121,NYM,1,141,TOR,1,4,1,0.0,2023
717910,2023-06-03,121,NYM,1,141,TOR,1,5,2,0.0,2023
717900,2023-06-04,121,NYM,1,141,TOR,1,6,3,0.0,2023
717872,2023-06-06,121,NYM,0,144,ATL,2,-1,1,751.1805618659844,2023
717850,2023-06-07,121,NYM,0,144,ATL,1,-2,2,0.0,2023
717840,2023-06-08,121,NYM,0,144,ATL,1,-3,3,0.0,2023
717836,2023-06-09,121,NYM,0,134,PIT,1,-4,1,515.1605409529744,2023
717812,2023-06-10,121,NYM,0,134,PIT,1,-5,2,0.0,2023
717803,2023-06-11,121,NYM,0,134,PIT,1,-6,3,0.0,2023
717779,2023-06-13,121,NYM,1,147,NYY,2,1,1,323.80514004194157,2023
717766,2023-06-14,121,NYM,1,147,NYY,1,2,2,0.0,2023
717743,2023-06-16,121,NYM,1,138,STL,2,3,1,0.0,2023
717718,2023-06-17,121,NYM,1,138,STL,1,4,2,0.0,2023
717713,2023-06-18,121,NYM,1,138,STL,1,5,3,0.0,2023
717694,2023-06-20,121,NYM,0,117,HOU,2,-1,1,1425.994081762968,2023
717682,2023-06-21,121,NYM,0,117,HOU,1,-2,2,0.0,2023
717670,2023-06-21,121,NYM,0,117,HOU,0,-3,3,0.0,2023
717656,2023-06-23,121,NYM,0,143,PHI,2,-4,1,1337.9314503801108,2023
717635,2023-06-24,121,NYM,0,143,PHI,1,-5,2,0.0,2023
717624,2023-06-25,121,NYM,0,143,PHI,1,-6,3,0.0,2023
717607,2023-06-26,121,NYM,1,158,MIL,1,1,1,91.08673366367736,2023
717597,2023-06-27,121,NYM,1,158,MIL,1,2,2,0.0,2023
717581,2023-06-28,121,NYM,1,158,MIL,1,3,3,0.0,2023
717565,2023-06-29,121,NYM,1,158,MIL,1,4,4,0.0,2023
717556,2023-06-30,121,NYM,1,137,SF,1,5,1,0.0,2023
717535,2023-07-01,121,NYM,1,137,SF,1,6,2,0.0,2023
717525,2023-07-02,121,NYM,1,137,SF,1,7,3,0.0,2023
717498,2023-07-04,121,NYM,0,109,ARI,2,-1,1,2148.1029258287786,2023
717477,2023-07-06,121,NYM,0,109,ARI,2,-2,2,0.0,2023
717470,2023-07-07,121,NYM,0,109,ARI,1,-3,3,0.0,2023
717454,2023-07-08,121,NYM,0,135,SD,1,-4,1,299.07000924838377,2023
717423,2023-07-09,121,NYM,0,135,SD,1,-5,2,0.0,2023
717436,2023-07-09,121,NYM,0,135,SD,0,-6,3,0.0,2023
717413,2023-07-14,121,NYM,1,119,LAD,5,1,1,2436.313085576127,2023
717400,2023-07-15,121,NYM,1,119,LAD,1,2,2,0.0,2023
717385,2023-07-16,121,NYM,1,119,LAD,1,3,3,0.0,2023
717359,2023-07-18,121,NYM,1,145,CWS,2,4,1,0.0,2023
717341,2023-07-19,121,NYM,1,145,CWS,1,5,2,0.0,2023
717330,2023-07-20,121,NYM,1,145,CWS,1,6,3,0.0,2023
717309,2023-07-22,121,NYM,0,111,BOS,1,-2,2,0.0,2023
717324,2023-07-22,121,NYM,0,111,BOS,0,-3,3,0.0,2023
717298,2023-07-23,121,NYM,0,111,BOS,1,-4,4,0.0,2023
717266,2023-07-25,121,NYM,0,147,NYY,2,-5,1,179.88456828974768,2023
717248,2023-07-26,121,NYM,0,147,NYY,1,-6,2,0.0,2023
717241,2023-07-27,121,NYM,1,120,WSH,1,1,1,6.541035356047549,2023
717230,2023-07-28,121,NYM,1,120,WSH,1,2,2,0.0,2023
717215,2023-07-29,121,NYM,1,120,WSH,1,3,3,0.0,2023
717203,2023-07-30,121,NYM,1,120,WSH,1,4,4,0.0,2023
717170,2023-08-02,121,NYM,0,118,KC,3,-1,1,1097.5188305416061,2023
717156,2023-08-03,121,NYM,0,118,KC,1,-2,2,0.0,2023
717148,2023-08-03,121,NYM,0,118,KC,0,-3,3,0.0,2023
717134,2023-08-04,121,NYM,0,110,BAL,1,-4,1,955.2837530445377,2023
717114,2023-08-05,121,NYM,0,110,BAL,1,-5,2,0.0,2023
717107,2023-08-06,121,NYM,0,110,BAL,1,-6,3,0.0,2023
717092,2023-08-07,121,NYM,1,112,CHC,1,1,1,178.7068782315623,2023
717080,2023-08-08,121,NYM,1,112,CHC,1,2,2,0.0,2023
717062,2023-08-09,121,NYM,1,112,CHC,1,3,3,0.0,2023
717040,2023-08-11,121,NYM,1,144,ATL,2,4,1,0.0,2023
718371,2023-08-12,121,NYM,1,144,ATL,1,5,2,0.0,2023
717021,2023-08-12,121,NYM,1,144,ATL,0,6,3,0.0,2023
717013,2023-08-13,121,NYM,1,144,ATL,1,7,4,0.0,2023
717002,2023-08-14,121,NYM,1,134,PIT,1,8,1,0.0,2023
716988,2023-08-15,121,NYM,1,134,PIT,1,9,2,0.0,2023
716974,2023-08-16,121,NYM,1,134,PIT,1,10,3,0.0,2023
716958,2023-08-17,121,NYM,0,138,STL,1,-1,1,880.2756481069349,2023
716952,2023-08-19,121,NYM,0,138,STL,2,-2,2,0.0,2023
716940,2023-08-19,121,NYM,0,138,STL,0,-3,3,0.0,2023
716921,2023-08-20,121,NYM,0,138,STL,1,-4,4,0.0,2023
716910,2023-08-21,121,NYM,0,144,ATL,1,-5,1,456.58876384408995,2023
716891,2023-08-22,121,NYM,0,144,ATL,1,-6,2,0.0,2023
716876,2023-08-23,121,NYM,0,144,ATL,1,-7,3,0.0,2023
716855,2023-08-25,121,NYM,1,108,LAA,2,1,1,751.1805618659844,2023
716840,2023-08-26,121,NYM,1,108,LAA,1,2,2,0.0,2023
716829,2023-08-27,121,NYM,1,108,LAA,1,3,3,0.0,2023
716818,2023-08-28,121,NYM,1,140,TEX,1,4,1,0.0,2023
716799,2023-08-29,121,NYM,1,140,TEX,1,5,2,0.0,2023
716783,2023-08-30,121,NYM,1,140,TEX,1,6,3,0.0,2023
716769,2023-09-01,121,NYM,1,136,SEA,2,7,1,0.0,2023
716751,2023-09-02,121,NYM,1,136,SEA,1,8,2,0.0,2023
716742,2023-09-03,121,NYM,1,136,SEA,1,9,3,0.0,2023
716715,2023-09-05,121,NYM,0,120,WSH,2,-1,1,212.3563770011718,2023
716701,2023-09-06,121,NYM,0,120,WSH,1,-2,2,0.0,2023
716666,2023-09-09,121,NYM,0,142,MIN,3,-3,1,934.56271968754,2023
716654,2023-09-09,121,NYM,0,142,MIN,0,-4,2,0.0,2023
716639,2023-09-10,121,NYM,0,142,MIN,1,-5,3,0.0,2023
716627,2023-09-11,121,NYM,1,109,ARI,1,1,1,1023.5867094792683,2023
716615,2023-09-12,121,NYM,1,109,ARI,1,2,2,0.0,2023
716595,2023-09-13,121,NYM,1,109,ARI,1,3,3,0.0,2023
716588,2023-09-14,121,NYM,1,109,ARI,1,4,4,0.0,2023
716574,2023-09-15,121,NYM,1,113,CIN,1,5,1,0.0,2023
716555,2023-09-16,121,NYM,1,113,CIN,1,6,2,0.0,2023
716545,2023-09-17,121,NYM,1,113,CIN,1,7,3,0.0,2023
716535,2023-09-18,121,NYM,0,146,MIA,1,-1,1,1097.7414335980382,2023
716523,2023-09-19,121,NYM,0,146,MIA,1,-2,2,0.0,2023
716503,2023-09-20,121,NYM,0,146,MIA,1,-3,3,0.0,2023
716490,2023-09-21,121,NYM,0,143,PHI,1,-4,1,1018.8446832841317,2023
716481,2023-09-22,121,NYM,0,143,PHI,1,-5,2,0.0,2023
716466,2023-09-23,121,NYM,0,143,PHI,1,-6,3,0.0,2023
716454,2023-09-24,121,NYM,0,143,PHI,1,-7,4,0.0,2023
716411,2023-09-27,121,NYM,1,146,MIA,1,2,2,0.0,2023
716430,2023-09-27,121,NYM,1,146,MIA,0,3,3,0.0,2023
716376,2023-09-30,121,NYM,1,143,PHI,1,6,2,0.0,2023
716393,2023-09-30,121,NYM,1,143,PHI,0,7,3,0.0,2023
716355,2023-10-01,121,NYM,1,143,PHI,1,8,4,0.0,2023
716404,2023-10-02,121,NYM,1,146,MIA,1,9,1,0.0,2023
718769,2023-03-31,133,OAK,1,108,LAA,0,1,1,0.0,2023
718757,2023-04-01,133,OAK,1,108,LAA,1,2,2,0.0,2023
718734,2023-04-02,133,OAK,1,108,LAA,1,3,3,0.0,2023
718721,2023-04-04,133,OAK,1,114,CLE,2,4,1,0.0,2023
718707,2023-04-05,133,OAK,1,114,CLE,1,5,2,0.0,2023
718689,2023-04-05,133,OAK,1,114,CLE,0,6,3,0.0,2023
718678,2023-04-07,133,OAK,0,139,TB,2,-1,1,2379.7351815049797,2023
718665,2023-04-08,133,OAK,0,139,TB,1,-2,2,0.0,2023
718655,2023-04-09,133,OAK,0,139,TB,1,-3,3,0.0,2023
718635,2023-04-10,133,OAK,0,110,BAL,1,-4,1,867.6749708982579,2023
718618,2023-04-11,133,OAK,0,110,BAL,1,-5,2,0.0,2023
718599,2023-04-12,133,OAK,0,110,BAL,1,-6,3,0.0,2023
718596,2023-04-13,133,OAK,0,110,BAL,1,-7,4,0.0,2023
718578,2023-04-15,133,OAK,1,121,NYM,2,1,1,2440.085706209316,2023
718565,2023-04-15,133,OAK,1,121,NYM,0,2,2,0.0,2023
718546,2023-04-16,133,OAK,1,121,NYM,1,3,3,0.0,2023
718536,2023-04-18,133,OAK,1,112,CHC,2,4,1,0.0,2023
718523,2023-04-19,133,OAK,1,112,CHC,1,5,2,0.0,2023
718506,2023-04-19,133,OAK,1,112,CHC,0,6,3,0.0,2023
718469,2023-04-22,133,OAK,0,140,TEX,3,-1,1,1453.9867485388631,2023
718490,2023-04-22,133,OAK,0,140,TEX,0,-2,2,0.0,2023
718453,2023-04-23,133,OAK,0,140,TEX,1,-3,3,0.0,2023
718437,2023-04-25,133,OAK,0,108,LAA,2,-4,1,1201.6984237735796,2023
718425,2023-04-26,133,OAK,0,108,LAA,1,-5,2,0.0,2023
718408,2023-04-27,133,OAK,0,108,LAA,1,-6,3,0.0,2023
718402,2023-04-27,133,OAK,0,108,LAA,0,-7,4,0.0,2023
718380,2023-04-29,133,OAK,1,113,CIN,2,1,1,364.7793033141838,2023
718377,2023-04-29,133,OAK,1,113,CIN,0,2,2,0.0,2023
718357,2023-04-30,133,OAK,1,113,CIN,1,3,3,0.0,2023
718332,2023-05-03,133,OAK,1,136,SEA,3,4,1,0.0,2023
718304,2023-05-04,133,OAK,1,136,SEA,1,5,2,0.0,2023
718319,2023-05-04,133,OAK,1,136,SEA,0,6,3,0.0,2023
718299,2023-05-06,133,OAK,0,118,KC,2,-1,1,1497.929836668995,2023
718280,2023-05-06,133,OAK,0,118,KC,0,-2,2,0.0,2023
718268,2023-05-07,133,OAK,0,118,KC,1,-3,3,0.0,2023
718255,2023-05-08,133,OAK,0,147,NYY,1,-4,1,1093.2758575684966,2023
718247,2023-05-09,133,OAK,0,147,NYY,1,-5,2,0.0,2023
718232,2023-05-10,133,OAK,0,147,NYY,1,-6,3,0.0,2023
718217,2023-05-12,133,OAK,1,140,TEX,2,1,1,2557.66201940974,2023
718190,2023-05-13,133,OAK,1,140,TEX,1,2,2,0.0,2023
718200,2023-05-13,133,OAK,1,140,TEX,0,3,3,0.0,2023
718172,2023-05-14,133,OAK,1,140,TEX,1,4,4,0.0,2023
718160,2023-05-16,133,OAK,1,109,ARI,2,5,1,0.0,2023
718146,2023-05-17,133,OAK,1,109,ARI,1,6,2,0.0,2023
718139,2023-05-17,133,OAK,1,109,ARI,0,7,3,0.0,2023
718112,2023-05-20,133,OAK,0,117,HOU,3,-1,1,1631.2403491139823,2023
718098,2023-05-20,133,OAK,0,117,HOU,0,-2,2,0.0,2023
718086,2023-05-21,133,OAK,0,117,HOU,1,-3,3,0.0,2023
718062,2023-05-23,133,OAK,0,136,SEA,2,-4,1,1889.6158526975785,2023
718050,2023-05-24,133,OAK,0,136,SEA,1,-5,2,0.0,2023
718037,2023-05-25,133,OAK,0,136,SEA,1,-6,3,0.0,2023
718025,2023-05-26,133,OAK,0,136,SEA,1,-7,4,0.0,2023
718009,2023-05-27,133,OAK,1,117,HOU,1,1,1,679.9392003432476,2023
718003,2023-05-27,133,OAK,1,117,HOU,0,2,2,0.0,2023
717980,2023-05-28,133,OAK,1,117,HOU,1,3,3,0.0,2023
717970,2023-05-30,133,OAK,1,144,ATL,2,4,1,0.0,2023
717958,2023-05-31,133,OAK,1,144,ATL,1,5,2,0.0,2023
717949,2023-05-31,133,OAK,1,144,ATL,0,6,3,0.0,2023
717927,2023-06-02,133,OAK,0,146,MIA,2,-1,1,2577.0014954365984,2023
717911,2023-06-03,133,OAK,0,146,MIA,1,-2,2,0.0,2023
717896,2023-06-04,133,OAK,0,146,MIA,1,-3,3,0.0,2023
717884,2023-06-05,133,OAK,0,134,PIT,1,-4,1,1013.6533818001047,2023
717874,2023-06-06,133,OAK,0,134,PIT,1,-5,2,0.0,2023
717865,2023-06-07,133,OAK,0,134,PIT,1,-6,3,0.0,2023
717831,2023-06-10,133,OAK,0,158,MIL,3,-7,1,447.5172990364866,2023
717814,2023-06-10,133,OAK,0,158,MIL,0,-8,2,0.0,2023
717800,2023-06-11,133,OAK,0,158,MIL,1,-9,3,0.0,2023
717789,2023-06-13,133,OAK,1,139,TB,2,1,1,1824.7310880760674,2023
717774,2023-06-14,133,OAK,1,139,TB,1,2,2,0.0,2023
717756,2023-06-15,133,OAK,1,139,TB,1,3,3,0.0,2023
717761,2023-06-15,133,OAK,1,139,TB,0,4,4,0.0,2023
717735,2023-06-17,133,OAK,1,143,PHI,2,5,1,0.0,2023
717725,2023-06-17,133,OAK,1,143,PHI,0,6,2,0.0,2023
717705,2023-06-18,133,OAK,1,143,PHI,1,7,3,0.0,2023
717679,2023-06-20,133,OAK,0,114,CLE,2,-1,1,2151.964503269304,2023
717663,2023-06-21,133,OAK,0,114,CLE,1,-2,2,0.0,2023
717660,2023-06-22,133,OAK,0,114,CLE,1,-3,3,0.0,2023
717646,2023-06-23,133,OAK,0,141,TOR,1,-4,1,188.71684847115282,2023
717634,2023-06-24,133,OAK,0,141,TOR,1,-5,2,0.0,2023
717617,2023-06-25,133,OAK,0,141,TOR,1,-6,3,0.0,2023
717595,2023-06-28,133,OAK,1,147,NYY,3,1,1,2253.7814110292547,2023
717579,2023-06-29,133,OAK,1,147,NYY,1,2,2,0.0,2023
717574,2023-06-29,133,OAK,1,147,NYY,0,3,3,0.0,2023
717551,2023-07-01,133,OAK,1,145,CWS,2,4,1,0.0,2023
717538,2023-07-01,133,OAK,1,145,CWS,0,5,2,0.0,2023
717518,2023-07-02,133,OAK,1,145,CWS,1,6,3,0.0,2023
717494,2023-07-04,133,OAK,0,116,DET,2,-1,1,2076.502664481492,2023
717485,2023-07-05,133,OAK,0,116,DET,1,-2,2,0.0,2023
717476,2023-07-06,133,OAK,0,116,DET,1,-3,3,0.0,2023
717461,2023-07-07,133,OAK,0,111,BOS,1,-4,1,609.8730788976414,2023
717449,2023-07-08,133,OAK,0,111,BOS,1,-5,2,0.0,2023
717435,2023-07-09,133,OAK,0,111,BOS,1,-6,3,0.0,2023
717409,2023-07-15,133,OAK,1,142,MIN,6,1,1,2680.900432109404,2023
717399,2023-07-15,133,OAK,1,142,MIN,0,2,2,0.0,2023
717379,2023-07-16,133,OAK,1,142,MIN,1,3,3,0.0,2023
717366,2023-07-18,133,OAK,1,111,BOS,2,4,1,0.0,2023
717349,2023-07-19,133,OAK,1,111,BOS,1,5,2,0.0,2023
717344,2023-07-19,133,OAK,1,111,BOS,0,6,3,0.0,2023
717323,2023-07-21,133,OAK,1,117,HOU,2,7,1,0.0,2023
717310,2023-07-22,133,OAK,1,117,HOU,1,8,2,0.0,2023
717279,2023-07-23,133,OAK,1,117,HOU,1,9,3,0.0,2023
717295,2023-07-23,133,OAK,1,117,HOU,0,10,4,0.0,2023
717272,2023-07-26,133,OAK,0,137,SF,3,-1,1,10.48032218937323,2023
717251,2023-07-27,133,OAK,0,137,SF,1,-2,2,0.0,2023
717227,2023-07-29,133,OAK,0,115,COL,2,-3,1,945.5308694116128,2023
717212,2023-07-30,133,OAK,0,115,COL,1,-4,2,0.0,2023
717199,2023-07-30,133,OAK,0,115,COL,0,-5,3,0.0,2023
717171,2023-08-02,133,OAK,0,119,LAD,3,-6,1,829.208728545356,2023
717154,2023-08-03,133,OAK,0,119,LAD,1,-7,2,0.0,2023
717137,2023-08-04,133,OAK,0,119,LAD,1,-8,3,0.0,2023
717117,2023-08-05,133,OAK,1,137,SF,1,1,1,337.12266209703967,2023
717100,2023-08-06,133,OAK,1,137,SF,1,2,2,0.0,2023
717081,2023-08-08,133,OAK,1,140,TEX,2,3,1,0.0,2023
717069,2023-08-09,133,OAK,1,140,TEX,1,4,2,0.0,2023
717063,2023-08-09,133,OAK,1,140,TEX,0,5,3,0.0,2023
717043,2023-08-11,133,OAK,0,120,WSH,2,-1,1,2426.060288182436,2023
717030,2023-08-12,133,OAK,0,120,WSH,1,-2,2,0.0,2023
717016,2023-08-13,133,OAK,0,120,WSH,1,-3,3,0.0,2023
716995,2023-08-14,133,OAK,0,138,STL,1,-4,1,710.1515945615764,2023
716984,2023-08-15,133,OAK,0,138,STL,1,-5,2,0.0,2023
716969,2023-08-16,133,OAK,0,138,STL,1,-6,3,0.0,2023
716944,2023-08-19,133,OAK,1,110,BAL,3,1,1,1730.5555289171796,2023
716930,2023-08-20,133,OAK,1,110,BAL,1,2,2,0.0,2023
716914,2023-08-20,133,OAK,1,110,BAL,0,3,3,0.0,2023
716904,2023-08-22,133,OAK,1,118,KC,2,4,1,0.0,2023
716888,2023-08-23,133,OAK,1,118,KC,1,5,2,0.0,2023
716884,2023-08-23,133,OAK,1,118,KC,0,6,3,0.0,2023
716864,2023-08-25,133,OAK,0,145,CWS,2,-1,1,1844.1022325602153,2023
716856,2023-08-25,133,OAK,0,145,CWS,0,-2,2,0.0,2023
716841,2023-08-26,133,OAK,0,145,CWS,1,-3,3,0.0,2023
716826,2023-08-27,133,OAK,0,145,CWS,1,-4,4,0.0,2023
716804,2023-08-29,133,OAK,0,136,SEA,2,-5,1,1734.2639498746735,2023
716790,2023-08-30,133,OAK,0,136,SEA,1,-6,2,0.0,2023
716788,2023-08-30,133,OAK,0,136,SEA,0,-7,3,0.0,2023
716758,2023-09-02,133,OAK,1,108,LAA,3,1,1,679.9392003432476,2023
716755,2023-09-02,133,OAK,1,108,LAA,0,2,2,0.0,2023
716731,2023-09-03,133,OAK,1,108,LAA,1,3,3,0.0,2023
716726,2023-09-04,133,OAK,1,141,TOR,1,4,1,0.0,2023
716707,2023-09-06,133,OAK,1,141,TOR,2,5,2,0.0,2023
716698,2023-09-06,133,OAK,1,141,TOR,0,6,3,0.0,2023
716657,2023-09-09,133,OAK,0,140,TEX,3,-1,1,1453.9867485388631,2023
716665,2023-09-09,133,OAK,0,140,TEX,0,-2,2,0.0,2023
716637,2023-09-10,133,OAK,0,140,TEX,1,-3,3,0.0,2023
716624,2023-09-12,133,OAK,0,117,HOU,2,-4,1,230.66355960201378,2023
716614,2023-09-13,133,OAK,0,117,HOU,1,-5,2,0.0,2023
716596,2023-09-13,133,OAK,0,117,HOU,0,-6,3,0.0,2023
716569,2023-09-16,133,OAK,1,135,SD,3,1,1,1631.2403491139823,2023
716564,2023-09-16,133,OAK,1,135,SD,0,2,2,0.0,2023
716538,2023-09-17,133,OAK,1,135,SD,1,3,3,0.0,2023
716527,2023-09-19,133,OAK,1,136,SEA,2,4,1,0.0,2023
716504,2023-09-20,133,OAK,1,136,SEA,1,5,2,0.0,2023
716512,2023-09-20,133,OAK,1,136,SEA,0,6,3,0.0,2023
716488,2023-09-22,133,OAK,1,116,DET,2,7,1,0.0,2023
716472,2023-09-23,133,OAK,1,116,DET,1,8,2,0.0,2023
716470,2023-09-23,133,OAK,1,116,DET,0,9,3,0.0,2023
716442,2023-09-24,133,OAK,1,116,DET,1,10,4,0.0,2023
716421,2023-09-26,133,OAK,0,142,MIN,2,-1,1,1571.0292537363316,2023
716410,2023-09-27,133,OAK,0,142,MIN,1,-2,2,0.0,2023
716400,2023-09-28,133,OAK,0,142,MIN,1,-3,3,0.0,2023
716386,2023-09-30,133,OAK,0,108,LAA,2,-4,1,1515.2340388389878,2023
716371,2023-10-01,133,OAK,0,108,LAA,1,-5,2,0.0,2023
716365,2023-10-01,133,OAK,0,108,LAA,0,-6,3,0.0,2023
718773,2023-03-30,134,PIT,0,113,CIN,0,-1,1,256.6044671740272,2023
718756,2023-04-01,134,PIT,0,113,CIN,2,-2,2,0.0,2023
718744,2023-04-02,134,PIT,0,113,CIN,1,-3,3,0.0,2023
718724,2023-04-03,134,PIT,0,111,BOS,1,-4,1,736.3670721136276,2023
718713,2023-04-04,134,PIT,0,111,BOS,1,-5,2,0.0,2023
718702,2023-04-05,134,PIT,0,111,BOS,1,-6,3,0.0,2023
718679,2023-04-07,134,PIT,1,145,CWS,2,1,1,479.7911670433808,2023
718662,2023-04-08,134,PIT,1,145,CWS,1,2,2,0.0,2023
718653,2023-04-09,134,PIT,1,145,CWS,1,3,3,0.0,2023
718632,2023-04-10,134,PIT,1,117,HOU,1,4,1,0.0,2023
718623,2023-04-11,134,PIT,1,117,HOU,1,5,2,0.0,2023
718608,2023-04-12,134,PIT,1,117,HOU,1,6,3,0.0,2023
718591,2023-04-13,134,PIT,0,138,STL,1,-1,1,556.9698942849304,2023
718582,2023-04-15,134,PIT,0,138,STL,2,-2,2,0.0,2023
718568,2023-04-15,134,PIT,0,138,STL,0,-3,3,0.0,2023
718548,2023-04-16,134,PIT,0,138,STL,1,-4,4,0.0,2023
718535,2023-04-18,134,PIT,0,115,COL,2,-5,1,795.6297379917951,2023
718521,2023-04-19,134,PIT,0,115,COL,1,-6,2,0.0,2023
718509,2023-04-19,134,PIT,0,115,COL,0,-7,3,0.0,2023
718500,2023-04-20,134,PIT,1,113,CIN,1,1,1,1317.1736538054608,2023
718492,2023-04-21,134,PIT,1,113,CIN,1,2,2,0.0,2023
718474,2023-04-22,134,PIT,1,113,CIN,1,3,3,0.0,2023
718463,2023-04-23,134,PIT,1,113,CIN,1,4,4,0.0,2023
718432,2023-04-25,134,PIT,1,119,LAD,2,5,1,0.0,2023
718413,2023-04-26,134,PIT,1,119,LAD,1,6,2,0.0,2023
718403,2023-04-27,134,PIT,1,119,LAD,1,7,3,0.0,2023
718383,2023-04-29,134,PIT,0,120,WSH,1,-2,2,0.0,2023
718399,2023-04-29,134,PIT,0,120,WSH,0,-3,3,0.0,2023
718367,2023-04-30,134,PIT,0,120,WSH,1,-4,4,0.0,2023
718347,2023-05-02,134,PIT,0,139,TB,2,-5,1,833.2111191732948,2023
718328,2023-05-03,134,PIT,0,139,TB,1,-6,2,0.0,2023
718309,2023-05-04,134,PIT,0,139,TB,1,-7,3,0.0,2023
718307,2023-05-05,134,PIT,1,141,TOR,1,1,1,888.9341960973262,2023
718286,2023-05-06,134,PIT,1,141,TOR,1,2,2,0.0,2023
718278,2023-05-07,134,PIT,1,141,TOR,1,3,3,0.0,2023
718258,2023-05-08,134,PIT,1,115,COL,1,4,1,0.0,2023
718252,2023-05-09,134,PIT,1,115,COL,1,5,2,0.0,2023
718231,2023-05-10,134,PIT,1,115,COL,1,6,3,0.0,2023
718213,2023-05-12,134,PIT,0,110,BAL,2,-1,1,196.62316008554197,2023
718193,2023-05-13,134,PIT,0,110,BAL,1,-2,2,0.0,2023
718179,2023-05-14,134,PIT,0,110,BAL,1,-3,3,0.0,2023
718155,2023-05-16,134,PIT,0,116,DET,2,-4,1,396.72723870572077,2023
718142,2023-05-17,134,PIT,0,116,DET,1,-5,2,0.0,2023
718118,2023-05-19,134,PIT,1,109,ARI,2,1,1,204.84355160436255,2023
718101,2023-05-20,134,PIT,1,109,ARI,1,2,2,0.0,2023
718091,2023-05-21,134,PIT,1,109,ARI,1,3,3,0.0,2023
718075,2023-05-22,134,PIT,1,140,TEX,1,4,1,0.0,2023
718065,2023-05-23,134,PIT,1,140,TEX,1,5,2,0.0,2023
718045,2023-05-24,134,PIT,1,140,TEX,1,6,3,0.0,2023
718004,2023-05-27,134,PIT,0,136,SEA,3,-1,1,2132.1912178257517,2023
718012,2023-05-27,134,PIT,0,136,SEA,0,-2,2,0.0,2023
717983,2023-05-28,134,PIT,0,136,SEA,1,-3,3,0.0,2023
717978,2023-05-29,134,PIT,0,137,SF,1,-4,1,678.0468674235019,2023
717972,2023-05-31,134,PIT,0,137,SF,2,-5,2,0.0,2023
717953,2023-05-31,134,PIT,0,137,SF,0,-6,3,0.0,2023
717930,2023-06-02,134,PIT,1,138,STL,2,1,1,2257.9877065555274,2023
717907,2023-06-03,134,PIT,1,138,STL,1,2,2,0.0,2023
717898,2023-06-04,134,PIT,1,138,STL,1,3,3,0.0,2023
717884,2023-06-05,134,PIT,1,133,OAK,1,4,1,0.0,2023
717874,2023-06-06,134,PIT,1,133,OAK,1,5,2,0.0,2023
717865,2023-06-07,134,PIT,1,133,OAK,1,6,3,0.0,2023
717836,2023-06-09,134,PIT,1,121,NYM,2,7,1,0.0,2023
717812,2023-06-10,134,PIT,1,121,NYM,1,8,2,0.0,2023
717803,2023-06-11,134,PIT,1,121,NYM,1,9,3,0.0,2023
717782,2023-06-14,134,PIT,0,112,CHC,3,-1,1,410.8665423703318,2023
717763,2023-06-15,134,PIT,0,112,CHC,1,-2,2,0.0,2023
717747,2023-06-16,134,PIT,0,112,CHC,1,-3,3,0.0,2023
717740,2023-06-17,134,PIT,0,158,MIL,1,-4,1,76.31439882124853,2023
717720,2023-06-17,134,PIT,0,158,MIL,0,-5,2,0.0,2023
717710,2023-06-18,134,PIT,0,158,MIL,1,-6,3,0.0,2023
717698,2023-06-19,134,PIT,1,112,CHC,1,1,1,447.5172990364866,2023
717686,2023-06-20,134,PIT,1,112,CHC,1,2,2,0.0,2023
717671,2023-06-21,134,PIT,1,112,CHC,1,3,3,0.0,2023
717654,2023-06-22,134,PIT,0,146,MIA,1,-1,1,1013.6533818001047,2023
717653,2023-06-23,134,PIT,0,146,MIA,1,-2,2,0.0,2023
717630,2023-06-24,134,PIT,0,146,MIA,1,-3,3,0.0,2023
717620,2023-06-25,134,PIT,0,146,MIA,1,-4,4,0.0,2023
717603,2023-06-27,134,PIT,1,135,SD,2,1,1,1013.6533818001047,2023
717585,2023-06-28,134,PIT,1,135,SD,1,2,2,0.0,2023
717571,2023-06-29,134,PIT,1,135,SD,1,3,3,0.0,2023
717562,2023-06-30,134,PIT,1,158,MIL,1,4,1,0.0,2023
717540,2023-07-01,134,PIT,1,158,MIL,1,5,2,0.0,2023
717531,2023-07-02,134,PIT,1,158,MIL,1,6,3,0.0,2023
717506,2023-07-04,134,PIT,0,119,LAD,2,-1,1,2130.9802254915467,2023
717492,2023-07-05,134,PIT,0,119,LAD,1,-2,2,0.0,2023
717479,2023-07-06,134,PIT,0,119,LAD,1,-3,3,0.0,2023
717462,2023-07-07,134,PIT,0,119,LAD,1,-4,4,0.0,2023
717452,2023-07-08,134,PIT,0,109,ARI,1,-5,1,357.22532088939374,2023
717439,2023-07-08,134,PIT,0,109,ARI,0,-6,2,0.0,2023
717425,2023-07-09,134,PIT,0,109,ARI,1,-7,3,0.0,2023
717416,2023-07-14,134,PIT,1,137,SF,5,1,1,1824.319858955869,2023
717398,2023-07-15,134,PIT,1,137,SF,1,2,2,0.0,2023
717388,2023-07-16,134,PIT,1,137,SF,1,3,3,0.0,2023
717371,2023-07-17,134,PIT,1,114,CLE,1,4,1,0.0,2023
717364,2023-07-18,134,PIT,1,114,CLE,1,5,2,0.0,2023
717348,2023-07-19,134,PIT,1,114,CLE,1,6,3,0.0,2023
717312,2023-07-22,134,PIT,0,108,LAA,3,-1,1,2119.721965463812,2023
717297,2023-07-23,134,PIT,0,108,LAA,1,-2,2,0.0,2023
717278,2023-07-23,134,PIT,0,108,LAA,0,-3,3,0.0,2023
717276,2023-07-25,134,PIT,0,135,SD,2,-4,1,86.36512380343024,2023
717246,2023-07-26,134,PIT,0,135,SD,1,-5,2,0.0,2023
717258,2023-07-26,134,PIT,0,135,SD,0,-6,3,0.0,2023
717234,2023-07-28,134,PIT,1,143,PHI,2,1,1,2112.926750844012,2023
717216,2023-07-29,134,PIT,1,143,PHI,1,2,2,0.0,2023
717208,2023-07-30,134,PIT,1,143,PHI,1,3,3,0.0,2023
717178,2023-08-01,134,PIT,1,116,DET,2,4,1,0.0,2023
717166,2023-08-02,134,PIT,1,116,DET,1,5,2,0.0,2023
717143,2023-08-03,134,PIT,0,158,MIL,1,-1,1,447.5172990364866,2023
717131,2023-08-05,134,PIT,0,158,MIL,2,-2,2,0.0,2023
717116,2023-08-05,134,PIT,0,158,MIL,0,-3,3,0.0,2023
717105,2023-08-06,134,PIT,0,158,MIL,1,-4,4,0.0,2023
717095,2023-08-07,134,PIT,1,144,ATL,1,1,1,447.5172990364866,2023
717079,2023-08-08,134,PIT,1,144,ATL,1,2,2,0.0,2023
717058,2023-08-09,134,PIT,1,144,ATL,1,3,3,0.0,2023
717056,2023-08-10,134,PIT,1,144,ATL,1,4,4,0.0,2023
717046,2023-08-11,134,PIT,1,113,CIN,1,5,1,0.0,2023
717015,2023-08-13,134,PIT,1,113,CIN,1,7,3,0.0,2023
717027,2023-08-13,134,PIT,1,113,CIN,0,8,4,0.0,2023
717002,2023-08-14,134,PIT,0,121,NYM,1,-1,1,323.80514004194157,2023
716988,2023-08-15,134,PIT,0,121,NYM,1,-2,2,0.0,2023
716974,2023-08-16,134,PIT,0,121,NYM,1,-3,3,0.0,2023
716951,2023-08-19,134,PIT,0,142,MIN,3,-4,1,1023.5867094792683,2023
716936,2023-08-19,134,PIT,0,142,MIN,0,-5,2,0.0,2023
716923,2023-08-20,134,PIT,0,142,MIN,1,-6,3,0.0,2023
716912,2023-08-21,134,PIT,1,138,STL,1,1,1,741.9088849917657,2023
716901,2023-08-22,134,PIT,1,138,STL,1,2,2,0.0,2023
716886,2023-08-23,134,PIT,1,138,STL,1,3,3,0.0,2023
716870,2023-08-24,134,PIT,1,112,CHC,1,4,1,0.0,2023
716862,2023-08-25,134,PIT,1,112,CHC,1,5,2,0.0,2023
716842,2023-08-26,134,PIT,1,112,CHC,1,6,3,0.0,2023
716834,2023-08-27,134,PIT,1,112,CHC,1,7,4,0.0,2023
716811,2023-08-29,134,PIT,0,118,KC,2,-1,1,774.1016017962553,2023
716793,2023-08-30,134,PIT,0,118,KC,1,-2,2,0.0,2023
716780,2023-08-31,134,PIT,0,118,KC,1,-3,3,0.0,2023
716766,2023-09-02,134,PIT,0,138,STL,2,-4,1,232.6374617718515,2023
716744,2023-09-02,134,PIT,0,138,STL,0,-5,2,0.0,2023
716733,2023-09-03,134,PIT,0,138,STL,1,-6,3,0.0,2023
716718,2023-09-04,134,PIT,1,158,MIL,1,1,1,556.9698942849304,2023
716714,2023-09-05,134,PIT,1,158,MIL,1,2,2,0.0,2023
716697,2023-09-06,134,PIT,1,158,MIL,1,3,3,0.0,2023
716674,2023-09-08,134,PIT,0,144,ATL,2,-1,1,515.1605409529744,2023
716651,2023-09-09,134,PIT,0,144,ATL,1,-2,2,0.0,2023
716644,2023-09-10,134,PIT,0,144,ATL,1,-3,3,0.0,2023
716635,2023-09-11,134,PIT,1,120,WSH,1,1,1,515.1605409529744,2023
716620,2023-09-12,134,PIT,1,120,WSH,1,2,2,0.0,2023
716600,2023-09-13,134,PIT,1,120,WSH,1,3,3,0.0,2023
716591,2023-09-14,134,PIT,1,120,WSH,1,4,4,0.0,2023
716579,2023-09-15,134,PIT,1,147,NYY,1,5,1,0.0,2023
716563,2023-09-16,134,PIT,1,147,NYY,1,6,2,0.0,2023
716551,2023-09-17,134,PIT,1,147,NYY,1,7,3,0.0,2023
716518,2023-09-19,134,PIT,0,112,CHC,2,-1,1,410.8665423703318,2023
716497,2023-09-20,134,PIT,0,112,CHC,1,-2,2,0.0,2023
716493,2023-09-21,134,PIT,0,112,CHC,1,-3,3,0.0,2023
716487,2023-09-22,134,PIT,0,113,CIN,1,-4,1,257.0933763635692,2023
716462,2023-09-23,134,PIT,0,113,CIN,1,-5,2,0.0,2023
716451,2023-09-24,134,PIT,0,113,CIN,1,-6,3,0.0,2023
716432,2023-09-26,134,PIT,0,143,PHI,2,-7,1,500.9471415614062,2023
716415,2023-09-27,134,PIT,0,143,PHI,1,-8,2,0.0,2023
716409,2023-09-28,134,PIT,0,143,PHI,1,-9,3,0.0,2023
716398,2023-09-29,134,PIT,1,146,MIA,1,1,1,258.1684392529645,2023
716378,2023-09-30,134,PIT,1,146,MIA,1,2,2,0.0,2023
716362,2023-10-01,134,PIT,1,146,MIA,1,3,3,0.0,2023
718778,2023-03-31,135,SD,1,115,COL,0,1,1,0.0,2023
718766,2023-04-01,135,SD,1,115,COL,1,2,2,0.0,2023
718750,2023-04-02,135,SD,1,115,COL,1,3,3,0.0,2023
718733,2023-04-02,135,SD,1,115,COL,0,4,4,0.0,2023
718722,2023-04-04,135,SD,1,109,ARI,2,5,1,0.0,2023
718717,2023-04-04,135,SD,1,109,ARI,0,6,2,0.0,2023
718681,2023-04-06,135,SD,0,144,ATL,2,-1,1,1881.7053801870268,2023
718676,2023-04-07,135,SD,0,144,ATL,1,-2,2,0.0,2023
718659,2023-04-08,135,SD,0,144,ATL,1,-3,3,0.0,2023
718648,2023-04-09,135,SD,0,144,ATL,1,-4,4,0.0,2023
718634,2023-04-10,135,SD,0,121,NYM,1,-5,1,751.1805618659844,2023
718621,2023-04-11,135,SD,0,121,NYM,1,-6,2,0.0,2023
718610,2023-04-12,135,SD,0,121,NYM,1,-7,3,0.0,2023
718589,2023-04-14,135,SD,1,158,MIL,2,1,1,2436.313085576127,2023
718574,2023-04-15,135,SD,1,158,MIL,1,2,2,0.0,2023
718560,2023-04-15,135,SD,1,158,MIL,0,3,3,0.0,2023
718549,2023-04-16,135,SD,1,158,MIL,1,4,4,0.0,2023
718533,2023-04-18,135,SD,1,144,ATL,2,5,1,0.0,2023
718507,2023-04-19,135,SD,1,144,ATL,1,6,2,0.0,2023
718519,2023-04-19,135,SD,1,144,ATL,0,7,3,0.0,2023
718494,2023-04-21,135,SD,0,109,ARI,2,-1,1,299.07000924838377,2023
718484,2023-04-22,135,SD,0,109,ARI,1,-2,2,0.0,2023
718467,2023-04-23,135,SD,0,109,ARI,1,-3,3,0.0,2023
718456,2023-04-23,135,SD,0,109,ARI,0,-4,4,0.0,2023
718426,2023-04-25,135,SD,0,112,CHC,2,-5,1,1451.6299446026987,2023
718407,2023-04-26,135,SD,0,112,CHC,1,-6,2,0.0,2023
718406,2023-04-27,135,SD,0,112,CHC,1,-7,3,0.0,2023
718384,2023-04-29,135,SD,1,137,SF,2,1,1,1731.4493412522409,2023
718368,2023-04-30,135,SD,1,137,SF,1,2,2,0.0,2023
718345,2023-05-02,135,SD,1,113,CIN,2,3,1,0.0,2023
718335,2023-05-03,135,SD,1,113,CIN,1,4,2,0.0,2023
718330,2023-05-03,135,SD,1,113,CIN,0,5,3,0.0,2023
718295,2023-05-06,135,SD,1,119,LAD,3,6,1,0.0,2023
718279,2023-05-07,135,SD,1,119,LAD,1,7,2,0.0,2023
718266,2023-05-07,135,SD,1,119,LAD,0,8,3,0.0,2023
718242,2023-05-09,135,SD,0,142,MIN,2,-1,1,1530.561766187142,2023
718224,2023-05-10,135,SD,0,142,MIN,1,-2,2,0.0,2023
718216,2023-05-11,135,SD,0,142,MIN,1,-3,3,0.0,2023
718185,2023-05-13,135,SD,0,119,LAD,2,-4,1,1519.9504822292802,2023
718201,2023-05-13,135,SD,0,119,LAD,0,-5,2,0.0,2023
718168,2023-05-14,135,SD,0,119,LAD,1,-6,3,0.0,2023
718162,2023-05-16,135,SD,1,118,KC,2,1,1,113.20881075215142,2023
718144,2023-05-17,135,SD,1,118,KC,1,2,2,0.0,2023
718140,2023-05-17,135,SD,1,118,KC,0,3,3,0.0,2023
718107,2023-05-20,135,SD,1,111,BOS,3,4,1,0.0,2023
718092,2023-05-21,135,SD,1,111,BOS,1,5,2,0.0,2023
718079,2023-05-21,135,SD,1,111,BOS,0,6,3,0.0,2023
718064,2023-05-23,135,SD,0,120,WSH,2,-1,1,2271.6169527029847,2023
718052,2023-05-24,135,SD,0,120,WSH,1,-2,2,0.0,2023
718035,2023-05-25,135,SD,0,120,WSH,1,-3,3,0.0,2023
718023,2023-05-26,135,SD,0,147,NYY,1,-4,1,212.0912051760551,2023
718006,2023-05-27,135,SD,0,147,NYY,1,-5,2,0.0,2023
717995,2023-05-28,135,SD,0,147,NYY,1,-6,3,0.0,2023
717963,2023-05-30,135,SD,0,146,MIA,2,-7,1,1100.8862542043641,2023
717945,2023-05-31,135,SD,0,146,MIA,1,-8,2,0.0,2023
717941,2023-06-01,135,SD,0,146,MIA,1,-9,3,0.0,2023
717921,2023-06-03,135,SD,1,112,CHC,2,1,1,2266.0145326444363,2023
717903,2023-06-04,135,SD,1,112,CHC,1,2,2,0.0,2023
717889,2023-06-04,135,SD,1,112,CHC,0,3,3,0.0,2023
717880,2023-06-06,135,SD,1,112,CHC,2,4,4,0.0,2023
717864,2023-06-07,135,SD,1,136,SEA,1,5,1,0.0,2023
717863,2023-06-07,135,SD,1,136,SEA,0,6,2,0.0,2023
717830,2023-06-10,135,SD,0,115,COL,3,-1,1,833.4460828296096,2023
717819,2023-06-10,135,SD,0,115,COL,0,-2,2,0.0,2023
717798,2023-06-11,135,SD,0,115,COL,1,-3,3,0.0,2023
717772,2023-06-14,135,SD,1,114,CLE,3,1,1,833.4460828296096,2023
717758,2023-06-15,135,SD,1,114,CLE,1,2,2,0.0,2023
717750,2023-06-16,135,SD,1,114,CLE,1,3,3,0.0,2023
717717,2023-06-17,135,SD,1,139,TB,1,4,1,0.0,2023
717732,2023-06-17,135,SD,1,139,TB,0,5,2,0.0,2023
717703,2023-06-18,135,SD,1,139,TB,1,6,3,0.0,2023
717697,2023-06-20,135,SD,0,137,SF,2,-1,1,458.03894144483473,2023
717688,2023-06-21,135,SD,0,137,SF,1,-2,2,0.0,2023
717674,2023-06-22,135,SD,0,137,SF,1,-3,3,0.0,2023
717661,2023-06-22,135,SD,0,137,SF,0,-4,4,0.0,2023
717642,2023-06-24,135,SD,1,120,WSH,2,1,1,458.03894144483473,2023
717638,2023-06-25,135,SD,1,120,WSH,1,2,2,0.0,2023
717610,2023-06-25,135,SD,1,120,WSH,0,3,3,0.0,2023
717603,2023-06-27,135,SD,0,134,PIT,2,-1,1,2112.926750844012,2023
717585,2023-06-28,135,SD,0,134,PIT,1,-2,2,0.0,2023
717571,2023-06-29,135,SD,0,134,PIT,1,-3,3,0.0,2023
717557,2023-06-30,135,SD,0,113,CIN,1,-4,1,256.6044671740272,2023
717539,2023-07-01,135,SD,0,113,CIN,1,-5,2,0.0,2023
717526,2023-07-02,135,SD,0,113,CIN,1,-6,3,0.0,2023
717505,2023-07-04,135,SD,1,108,LAA,2,1,1,1869.1251200134675,2023
717497,2023-07-04,135,SD,1,108,LAA,0,2,2,0.0,2023
717478,2023-07-06,135,SD,1,108,LAA,2,3,3,0.0,2023
717454,2023-07-08,135,SD,1,121,NYM,2,4,1,0.0,2023
717436,2023-07-09,135,SD,1,121,NYM,1,5,2,0.0,2023
717423,2023-07-09,135,SD,1,121,NYM,0,6,3,0.0,2023
717418,2023-07-14,135,SD,0,143,PHI,5,-1,1,2367.9373803347366,2023
717408,2023-07-15,135,SD,0,143,PHI,1,-2,2,0.0,2023
717397,2023-07-15,135,SD,0,143,PHI,0,-3,3,0.0,2023
717387,2023-07-16,135,SD,0,143,PHI,1,-4,4,0.0,2023
717362,2023-07-18,135,SD,0,141,TOR,2,-5,1,337.49777915551493,2023
717338,2023-07-19,135,SD,0,141,TOR,1,-6,2,0.0,2023
717331,2023-07-20,135,SD,0,141,TOR,1,-7,3,0.0,2023
717317,2023-07-21,135,SD,0,116,DET,1,-8,1,205.64835449402668,2023
717299,2023-07-22,135,SD,0,116,DET,1,-9,2,0.0,2023
717288,2023-07-23,135,SD,0,116,DET,1,-10,3,0.0,2023
717276,2023-07-25,135,SD,1,134,PIT,2,1,1,1968.4968227988124,2023
717258,2023-07-26,135,SD,1,134,PIT,1,2,2,0.0,2023
717246,2023-07-26,135,SD,1,134,PIT,0,3,3,0.0,2023
717224,2023-07-29,135,SD,1,140,TEX,3,4,1,0.0,2023
717209,2023-07-30,135,SD,1,140,TEX,1,5,2,0.0,2023
717191,2023-07-30,135,SD,1,140,TEX,0,6,3,0.0,2023
717179,2023-08-01,135,SD,0,115,COL,2,-1,1,833.4460828296096,2023
717169,2023-08-02,135,SD,0,115,COL,1,-2,2,0.0,2023
717158,2023-08-02,135,SD,0,115,COL,0,-3,3,0.0,2023
717129,2023-08-05,135,SD,1,119,LAD,3,1,1,833.4460828296096,2023
717093,2023-08-06,135,SD,1,119,LAD,1,2,2,0.0,2023
717112,2023-08-06,135,SD,1,119,LAD,0,3,3,0.0,2023
717094,2023-08-07,135,SD,1,119,LAD,1,4,4,0.0,2023
717072,2023-08-09,135,SD,0,136,SEA,2,-1,1,1063.509772580899,2023
717055,2023-08-10,135,SD,0,136,SEA,1,-2,2,0.0,2023
717035,2023-08-12,135,SD,0,109,ARI,2,-3,1,1114.0691793592323,2023
717020,2023-08-13,135,SD,0,109,ARI,1,-4,2,0.0,2023
717003,2023-08-13,135,SD,0,109,ARI,0,-5,3,0.0,2023
716996,2023-08-15,135,SD,1,110,BAL,2,1,1,299.07000924838377,2023
716980,2023-08-16,135,SD,1,110,BAL,1,2,2,0.0,2023
716965,2023-08-17,135,SD,1,110,BAL,1,3,3,0.0,2023
716957,2023-08-18,135,SD,1,109,ARI,1,4,1,0.0,2023
716942,2023-08-19,135,SD,1,109,ARI,1,5,2,0.0,2023
716919,2023-08-19,135,SD,1,109,ARI,0,6,3,0.0,2023
716931,2023-08-20,135,SD,1,109,ARI,1,7,4,0.0,2023
716907,2023-08-22,135,SD,1,146,MIA,2,8,1,0.0,2023
716887,2023-08-23,135,SD,1,146,MIA,1,9,2,0.0,2023
716883,2023-08-23,135,SD,1,146,MIA,0,10,3,0.0,2023
716857,2023-08-26,135,SD,0,158,MIL,3,-1,1,1732.8547359706142,2023
716838,2023-08-26,135,SD,0,158,MIL,0,-2,2,0.0,2023
716822,2023-08-27,135,SD,0,158,MIL,1,-3,3,0.0,2023
716809,2023-08-28,135,SD,0,138,STL,1,-4,1,325.7786649185398,2023
716797,2023-08-29,135,SD,0,138,STL,1,-5,2,0.0,2023
716782,2023-08-30,135,SD,0,138,STL,1,-6,3,0.0,2023
716777,2023-09-01,135,SD,1,137,SF,2,1,1,1561.6025452697695,2023
716761,2023-09-02,135,SD,1,137,SF,1,2,2,0.0,2023
716743,2023-09-03,135,SD,1,137,SF,1,3,3,0.0,2023
716728,2023-09-03,135,SD,1,137,SF,0,4,4,0.0,2023
716720,2023-09-04,135,SD,1,143,PHI,1,5,1,0.0,2023
716703,2023-09-06,135,SD,1,143,PHI,2,6,2,0.0,2023
716691,2023-09-06,135,SD,1,143,PHI,0,7,3,0.0,2023
716649,2023-09-09,135,SD,0,117,HOU,3,-1,1,1301.7555415501963,2023
716669,2023-09-09,135,SD,0,117,HOU,0,-2,2,0.0,2023
716640,2023-09-10,135,SD,0,117,HOU,1,-3,3,0.0,2023
716622,2023-09-12,135,SD,0,119,LAD,2,-4,1,1371.826913752917,2023
716608,2023-09-13,135,SD,0,119,LAD,1,-5,2,0.0,2023
716589,2023-09-14,135,SD,0,119,LAD,1,-6,3,0.0,2023
716569,2023-09-16,135,SD,0,133,OAK,2,-7,1,337.12266209703967,2023
716564,2023-09-16,135,SD,0,133,OAK,0,-8,2,0.0,2023
716538,2023-09-17,135,SD,0,133,OAK,1,-9,3,0.0,2023
716526,2023-09-19,135,SD,1,115,COL,2,1,1,449.84278611734885,2023
716500,2023-09-20,135,SD,1,115,COL,1,2,2,0.0,2023
716516,2023-09-20,135,SD,1,115,COL,0,3,3,0.0,2023
716476,2023-09-23,135,SD,1,138,STL,3,4,1,0.0,2023
716457,2023-09-24,135,SD,1,138,STL,1,5,2,0.0,2023
716444,2023-09-24,135,SD,1,138,STL,0,6,3,0.0,2023
716441,2023-09-26,135,SD,0,137,SF,2,-1,1,458.03894144483473,2023
716437,2023-09-27,135,SD,0,137,SF,1,-2,2,0.0,2023
716426,2023-09-28,135,SD,0,137,SF,1,-3,3,0.0,2023
716391,2023-09-29,135,SD,0,145,CWS,1,-4,1,1853.181136595777,2023
716374,2023-09-30,135,SD,0,145,CWS,1,-5,2,0.0,2023
716356,2023-10-01,135,SD,0,145,CWS,1,-6,3,0.0,2023
718767,2023-03-31,136,SEA,1,114,CLE,0,1,1,0.0,2023
718763,2023-04-01,136,SEA,1,114,CLE,1,2,2,0.0,2023
718746,2023-04-02,136,SEA,1,114,CLE,1,3,3,0.0,2023
718735,2023-04-02,136,SEA,1,114,CLE,0,4,4,0.0,2023
718720,2023-04-04,136,SEA,1,108,LAA,2,5,1,0.0,2023
718706,2023-04-05,136,SEA,1,108,LAA,1,6,2,0.0,2023
718691,2023-04-05,136,SEA,1,108,LAA,0,7,3,0.0,2023
718677,2023-04-07,136,SEA,0,114,CLE,2,-1,1,2021.2763610125958,2023
718663,2023-04-08,136,SEA,0,114,CLE,1,-2,2,0.0,2023
718646,2023-04-09,136,SEA,0,114,CLE,1,-3,3,0.0,2023
718628,2023-04-10,136,SEA,0,112,CHC,1,-4,1,309.41326135873874,2023
718617,2023-04-11,136,SEA,0,112,CHC,1,-5,2,0.0,2023
718606,2023-04-12,136,SEA,0,112,CHC,1,-6,3,0.0,2023
718577,2023-04-15,136,SEA,1,115,COL,3,1,1,1729.7949926063106,2023
718561,2023-04-16,136,SEA,1,115,COL,1,2,2,0.0,2023
718545,2023-04-16,136,SEA,1,115,COL,0,3,3,0.0,2023
718534,2023-04-18,136,SEA,1,158,MIL,2,4,1,0.0,2023
718517,2023-04-19,136,SEA,1,158,MIL,1,5,2,0.0,2023
718502,2023-04-19,136,SEA,1,158,MIL,0,6,3,0.0,2023
718481,2023-04-22,136,SEA,1,138,STL,3,7,1,0.0,2023
718464,2023-04-23,136,SEA,1,138,STL,1,8,2,0.0,2023
718450,2023-04-23,136,SEA,1,138,STL,0,9,3,0.0,2023
718430,2023-04-25,136,SEA,0,143,PHI,2,-1,1,2374.914766881297,2023
718415,2023-04-26,136,SEA,0,143,PHI,1,-2,2,0.0,2023
718404,2023-04-27,136,SEA,0,143,PHI,1,-3,3,0.0,2023
718392,2023-04-28,136,SEA,0,141,TOR,1,-4,1,337.49777915551493,2023
718379,2023-04-29,136,SEA,0,141,TOR,1,-5,2,0.0,2023
718363,2023-04-30,136,SEA,0,141,TOR,1,-6,3,0.0,2023
718332,2023-05-03,136,SEA,0,133,OAK,3,-7,1,2253.7814110292547,2023
718304,2023-05-04,136,SEA,0,133,OAK,1,-8,2,0.0,2023
718319,2023-05-04,136,SEA,0,133,OAK,0,-9,3,0.0,2023
718297,2023-05-06,136,SEA,1,117,HOU,2,1,1,679.9392003432476,2023
718274,2023-05-07,136,SEA,1,117,HOU,1,2,2,0.0,2023
718265,2023-05-07,136,SEA,1,117,HOU,0,3,3,0.0,2023
718251,2023-05-09,136,SEA,1,140,TEX,2,4,1,0.0,2023
718239,2023-05-10,136,SEA,1,140,TEX,1,5,2,0.0,2023
718229,2023-05-10,136,SEA,1,140,TEX,0,6,3,0.0,2023
718208,2023-05-12,136,SEA,0,116,DET,2,-1,1,1933.051781296917,2023
718194,2023-05-13,136,SEA,0,116,DET,1,-2,2,0.0,2023
718173,2023-05-14,136,SEA,0,116,DET,1,-3,3,0.0,2023
718163,2023-05-15,136,SEA,0,111,BOS,1,-4,1,609.8730788976414,2023
718149,2023-05-16,136,SEA,0,111,BOS,1,-5,2,0.0,2023
718133,2023-05-17,136,SEA,0,111,BOS,1,-6,3,0.0,2023
718110,2023-05-19,136,SEA,0,144,ATL,2,-7,1,930.6114003294933,2023
718094,2023-05-20,136,SEA,0,144,ATL,1,-8,2,0.0,2023
718090,2023-05-21,136,SEA,0,144,ATL,1,-9,3,0.0,2023
718062,2023-05-23,136,SEA,1,133,OAK,2,1,1,2168.6743984875366,2023
718050,2023-05-24,136,SEA,1,133,OAK,1,2,2,0.0,2023
718037,2023-05-25,136,SEA,1,133,OAK,1,3,3,0.0,2023
718025,2023-05-26,136,SEA,1,133,OAK,1,4,4,0.0,2023
718012,2023-05-27,136,SEA,1,134,PIT,1,5,1,0.0,2023
718004,2023-05-27,136,SEA,1,134,PIT,0,6,2,0.0,2023
717983,2023-05-28,136,SEA,1,134,PIT,1,7,3,0.0,2023
717969,2023-05-30,136,SEA,1,147,NYY,2,8,1,0.0,2023
717952,2023-05-31,136,SEA,1,147,NYY,1,9,2,0.0,2023
717939,2023-06-01,136,SEA,1,147,NYY,1,10,3,0.0,2023
717922,2023-06-03,136,SEA,0,140,TEX,2,-1,1,1668.9357465944922,2023
717912,2023-06-03,136,SEA,0,140,TEX,0,-2,2,0.0,2023
717894,2023-06-04,136,SEA,0,140,TEX,1,-3,3,0.0,2023
717863,2023-06-07,136,SEA,0,135,SD,3,-4,1,1165.0786259258875,2023
717864,2023-06-07,136,SEA,0,135,SD,0,-5,2,0.0,2023
717824,2023-06-10,136,SEA,0,108,LAA,3,-6,1,86.36512380343024,2023
717809,2023-06-11,136,SEA,0,108,LAA,1,-7,2,0.0,2023
717799,2023-06-11,136,SEA,0,108,LAA,0,-8,3,0.0,2023
717786,2023-06-13,136,SEA,1,146,MIA,2,1,1,980.5935873257743,2023
717773,2023-06-14,136,SEA,1,146,MIA,1,2,2,0.0,2023
717759,2023-06-15,136,SEA,1,146,MIA,1,3,3,0.0,2023
717733,2023-06-17,136,SEA,1,145,CWS,2,4,1,0.0,2023
717722,2023-06-17,136,SEA,1,145,CWS,0,5,2,0.0,2023
717704,2023-06-18,136,SEA,1,145,CWS,1,6,3,0.0,2023
717684,2023-06-20,136,SEA,0,147,NYY,2,-1,1,2402.134394397607,2023
717666,2023-06-21,136,SEA,0,147,NYY,1,-2,2,0.0,2023
717652,2023-06-22,136,SEA,0,147,NYY,1,-3,3,0.0,2023
717651,2023-06-23,136,SEA,0,110,BAL,1,-4,1,178.12306591164185,2023
717628,2023-06-24,136,SEA,0,110,BAL,1,-5,2,0.0,2023
717627,2023-06-25,136,SEA,0,110,BAL,1,-6,3,0.0,2023
717602,2023-06-27,136,SEA,1,120,WSH,2,1,1,2328.21147385152,2023
717590,2023-06-28,136,SEA,1,120,WSH,1,2,2,0.0,2023
717587,2023-06-28,136,SEA,1,120,WSH,0,3,3,0.0,2023
717534,2023-07-01,136,SEA,1,139,TB,3,4,1,0.0,2023
717548,2023-07-01,136,SEA,1,139,TB,0,5,2,0.0,2023
717519,2023-07-02,136,SEA,1,139,TB,1,6,3,0.0,2023
717516,2023-07-04,136,SEA,0,137,SF,2,-1,1,678.0468674235019,2023
717509,2023-07-04,136,SEA,0,137,SF,0,-2,2,0.0,2023
717490,2023-07-06,136,SEA,0,137,SF,2,-3,3,0.0,2023
717467,2023-07-07,136,SEA,0,117,HOU,1,-4,1,1641.7172266838993,2023
717453,2023-07-08,136,SEA,0,117,HOU,1,-5,2,0.0,2023
717440,2023-07-08,136,SEA,0,117,HOU,0,-6,3,0.0,2023
717430,2023-07-09,136,SEA,0,117,HOU,1,-7,4,0.0,2023
717406,2023-07-15,136,SEA,1,116,DET,6,1,1,1889.6158526975785,2023
717390,2023-07-16,136,SEA,1,116,DET,1,2,2,0.0,2023
717373,2023-07-16,136,SEA,1,116,DET,0,3,3,0.0,2023
717365,2023-07-18,136,SEA,1,142,MIN,2,4,1,0.0,2023
717350,2023-07-19,136,SEA,1,142,MIN,1,5,2,0.0,2023
717335,2023-07-20,136,SEA,1,142,MIN,1,6,3,0.0,2023
717327,2023-07-20,136,SEA,1,142,MIN,0,7,4,0.0,2023
717311,2023-07-22,136,SEA,1,141,TOR,2,8,1,0.0,2023
717301,2023-07-22,136,SEA,1,141,TOR,0,9,2,0.0,2023
717281,2023-07-23,136,SEA,1,141,TOR,1,10,3,0.0,2023
717275,2023-07-24,136,SEA,0,142,MIN,1,-1,1,1390.7389323897291,2023
717264,2023-07-25,136,SEA,0,142,MIN,1,-2,2,0.0,2023
717250,2023-07-26,136,SEA,0,142,MIN,1,-3,3,0.0,2023
717223,2023-07-29,136,SEA,0,109,ARI,3,-4,1,1278.017730052948,2023
717210,2023-07-30,136,SEA,0,109,ARI,1,-5,2,0.0,2023
717193,2023-07-30,136,SEA,0,109,ARI,0,-6,3,0.0,2023
717181,2023-08-01,136,SEA,1,111,BOS,2,1,1,1114.0691793592323,2023
717167,2023-08-02,136,SEA,1,111,BOS,1,2,2,0.0,2023
717161,2023-08-02,136,SEA,1,111,BOS,0,3,3,0.0,2023
717144,2023-08-04,136,SEA,0,108,LAA,2,-1,1,980.5935873257743,2023
717130,2023-08-05,136,SEA,0,108,LAA,1,-2,2,0.0,2023
717109,2023-08-06,136,SEA,0,108,LAA,1,-3,3,0.0,2023
717101,2023-08-06,136,SEA,0,108,LAA,0,-4,4,0.0,2023
717072,2023-08-09,136,SEA,1,135,SD,3,1,1,980.5935873257743,2023
717055,2023-08-10,136,SEA,1,135,SD,1,2,2,0.0,2023
717034,2023-08-12,136,SEA,1,110,BAL,2,3,1,0.0,2023
717018,2023-08-13,136,SEA,1,110,BAL,1,4,2,0.0,2023
717005,2023-08-13,136,SEA,1,110,BAL,0,5,3,0.0,2023
716994,2023-08-15,136,SEA,0,118,KC,2,-1,1,1508.929102213115,2023
716981,2023-08-16,136,SEA,0,118,KC,1,-2,2,0.0,2023
716964,2023-08-17,136,SEA,0,118,KC,1,-3,3,0.0,2023
716963,2023-08-17,136,SEA,0,118,KC,0,-4,4,0.0,2023
716948,2023-08-19,136,SEA,0,117,HOU,2,-5,1,644.1456886709294,2023
716932,2023-08-19,136,SEA,0,117,HOU,0,-6,2,0.0,2023
716920,2023-08-20,136,SEA,0,117,HOU,1,-7,3,0.0,2023
716905,2023-08-22,136,SEA,0,145,CWS,2,-8,1,938.7707116803103,2023
716893,2023-08-23,136,SEA,0,145,CWS,1,-9,2,0.0,2023
716881,2023-08-23,136,SEA,0,145,CWS,0,-10,3,0.0,2023
716853,2023-08-26,136,SEA,1,118,KC,3,1,1,1734.2639498746735,2023
716832,2023-08-26,136,SEA,1,118,KC,0,2,2,0.0,2023
716820,2023-08-27,136,SEA,1,118,KC,1,3,3,0.0,2023
716804,2023-08-29,136,SEA,1,133,OAK,2,4,1,0.0,2023
716790,2023-08-30,136,SEA,1,133,OAK,1,5,2,0.0,2023
716788,2023-08-30,136,SEA,1,133,OAK,0,6,3,0.0,2023
716769,2023-09-01,136,SEA,0,121,NYM,2,-1,1,2408.193610875357,2023
716751,2023-09-02,136,SEA,0,121,NYM,1,-2,2,0.0,2023
716742,2023-09-03,136,SEA,0,121,NYM,1,-3,3,0.0,2023
716727,2023-09-04,136,SEA,0,113,CIN,1,-4,1,576.1040985787001,2023
716712,2023-09-05,136,SEA,0,113,CIN,1,-5,2,0.0,2023
716693,2023-09-06,136,SEA,0,113,CIN,1,-6,3,0.0,2023
716683,2023-09-07,136,SEA,0,139,TB,1,-7,1,790.0657540508034,2023
716671,2023-09-08,136,SEA,0,139,TB,1,-8,2,0.0,2023
716656,2023-09-09,136,SEA,0,139,TB,1,-9,3,0.0,2023
716645,2023-09-10,136,SEA,0,139,TB,1,-10,4,0.0,2023
716623,2023-09-12,136,SEA,1,108,LAA,2,1,1,2525.9452819416106,2023
716606,2023-09-13,136,SEA,1,108,LAA,1,2,2,0.0,2023
716602,2023-09-13,136,SEA,1,108,LAA,0,3,3,0.0,2023
716568,2023-09-16,136,SEA,1,119,LAD,3,4,1,0.0,2023
716552,2023-09-17,136,SEA,1,119,LAD,1,5,2,0.0,2023
716537,2023-09-17,136,SEA,1,119,LAD,0,6,3,0.0,2023
716527,2023-09-19,136,SEA,0,133,OAK,2,-1,1,679.9392003432476,2023
716512,2023-09-20,136,SEA,0,133,OAK,1,-2,2,0.0,2023
716504,2023-09-20,136,SEA,0,133,OAK,0,-3,3,0.0,2023
716477,2023-09-23,136,SEA,0,140,TEX,3,-4,1,1453.9867485388631,2023
716461,2023-09-23,136,SEA,0,140,TEX,0,-5,2,0.0,2023
716446,2023-09-24,136,SEA,0,140,TEX,1,-6,3,0.0,2023
716436,2023-09-26,136,SEA,1,117,HOU,2,1,1,1668.9357465944922,2023
716425,2023-09-27,136,SEA,1,117,HOU,1,2,2,0.0,2023
716407,2023-09-28,136,SEA,1,117,HOU,1,3,3,0.0,2023
716397,2023-09-29,136,SEA,1,140,TEX,1,4,1,0.0,2023
716366,2023-09-30,136,SEA,1,140,TEX,1,5,2,0.0,2023
716379,2023-09-30,136,SEA,1,140,TEX,0,6,3,0.0,2023
716360,2023-10-01,136,SEA,1,140,TEX,1,7,4,0.0,2023
718781,2023-03-30,137,SF,0,147,NYY,0,-1,1,2566.6887885506762,2023
718762,2023-04-01,137,SF,0,147,NYY,2,-2,2,0.0,2023
718747,2023-04-02,137,SF,0,147,NYY,1,-3,3,0.0,2023
718730,2023-04-03,137,SF,0,145,CWS,1,-4,1,713.826429908849,2023
718695,2023-04-05,137,SF,0,145,CWS,2,-5,2,0.0,2023
718687,2023-04-06,137,SF,0,145,CWS,1,-6,3,0.0,2023
718680,2023-04-07,137,SF,1,118,KC,1,1,1,1853.181136595777,2023
718672,2023-04-08,137,SF,1,118,KC,1,2,2,0.0,2023
718643,2023-04-09,137,SF,1,118,KC,1,3,3,0.0,2023
718641,2023-04-11,137,SF,1,119,LAD,2,4,1,0.0,2023
718624,2023-04-12,137,SF,1,119,LAD,1,5,2,0.0,2023
718612,2023-04-13,137,SF,1,119,LAD,1,6,3,0.0,2023
718585,2023-04-14,137,SF,0,116,DET,1,-1,1,2085.4382148086124,2023
718571,2023-04-15,137,SF,0,116,DET,1,-2,2,0.0,2023
718544,2023-04-17,137,SF,0,146,MIA,1,-4,1,1155.530357030567,2023
718528,2023-04-18,137,SF,0,146,MIA,1,-5,2,0.0,2023
718511,2023-04-19,137,SF,0,146,MIA,1,-6,3,0.0,2023
718503,2023-04-21,137,SF,1,121,NYM,2,1,1,2587.455596996607,2023
718478,2023-04-22,137,SF,1,121,NYM,1,2,2,0.0,2023
718480,2023-04-22,137,SF,1,121,NYM,0,3,3,0.0,2023
718455,2023-04-23,137,SF,1,121,NYM,1,4,4,0.0,2023
718446,2023-04-25,137,SF,1,138,STL,2,5,1,0.0,2023
718439,2023-04-26,137,SF,1,138,STL,1,6,2,0.0,2023
718423,2023-04-27,137,SF,1,138,STL,1,7,3,0.0,2023
718409,2023-04-27,137,SF,1,138,STL,0,8,4,0.0,2023
718384,2023-04-29,137,SF,0,135,SD,2,-1,1,458.03894144483473,2023
718368,2023-04-30,137,SF,0,135,SD,1,-2,2,0.0,2023
718350,2023-05-02,137,SF,0,117,HOU,2,-3,1,1301.7555415501963,2023
718326,2023-05-03,137,SF,0,117,HOU,1,-4,2,0.0,2023
718337,2023-05-03,137,SF,0,117,HOU,0,-5,3,0.0,2023
718293,2023-05-06,137,SF,1,158,MIL,3,1,1,1641.7172266838993,2023
718287,2023-05-06,137,SF,1,158,MIL,0,2,2,0.0,2023
718267,2023-05-07,137,SF,1,158,MIL,1,3,3,0.0,2023
718260,2023-05-09,137,SF,1,120,WSH,2,4,1,0.0,2023
718250,2023-05-10,137,SF,1,120,WSH,1,5,2,0.0,2023
718230,2023-05-10,137,SF,1,120,WSH,0,6,3,0.0,2023
718215,2023-05-12,137,SF,0,109,ARI,2,-1,1,652.0636757078365,2023
718199,2023-05-13,137,SF,0,109,ARI,1,-2,2,0.0,2023
718169,2023-05-14,137,SF,0,109,ARI,1,-3,3,0.0,2023
718184,2023-05-14,137,SF,0,109,ARI,0,-4,4,0.0,2023
718170,2023-05-16,137,SF,1,143,PHI,2,1,1,652.0636757078365,2023
718156,2023-05-17,137,SF,1,143,PHI,1,2,2,0.0,2023
718143,2023-05-17,137,SF,1,143,PHI,0,3,3,0.0,2023
718105,2023-05-20,137,SF,1,146,MIA,3,4,1,0.0,2023
718103,2023-05-20,137,SF,1,146,MIA,0,5,2,0.0,2023
718078,2023-05-21,137,SF,1,146,MIA,1,6,3,0.0,2023
718067,2023-05-22,137,SF,0,142,MIN,1,-1,1,1579.295057576871,2023
718054,2023-05-23,137,SF,0,142,MIN,1,-2,2,0.0,2023
718047,2023-05-24,137,SF,0,142,MIN,1,-3,3,0.0,2023
718028,2023-05-25,137,SF,0,158,MIL,1,-4,1,296.19869216933046,2023
718017,2023-05-27,137,SF,0,158,MIL,2,-5,2,0.0,2023
717999,2023-05-27,137,SF,0,158,MIL,0,-6,3,0.0,2023
717986,2023-05-28,137,SF,0,158,MIL,1,-7,4,0.0,2023
717978,2023-05-29,137,SF,1,134,PIT,1,1,1,1833.5573982316243,2023
717972,2023-05-31,137,SF,1,134,PIT,2,2,2,0.0,2023
717953,2023-05-31,137,SF,1,134,PIT,0,3,3,0.0,2023
717920,2023-06-03,137,SF,1,110,BAL,3,4,1,0.0,2023
717916,2023-06-04,137,SF,1,110,BAL,1,5,2,0.0,2023
717890,2023-06-04,137,SF,1,110,BAL,0,6,3,0.0,2023
717869,2023-06-07,137,SF,0,115,COL,3,-1,1,945.5308694116128,2023
717852,2023-06-08,137,SF,0,115,COL,1,-2,2,0.0,2023
717846,2023-06-08,137,SF,0,115,COL,0,-3,3,0.0,2023
717823,2023-06-10,137,SF,1,112,CHC,2,1,1,945.5308694116128,2023
717826,2023-06-10,137,SF,1,112,CHC,0,2,2,0.0,2023
717796,2023-06-11,137,SF,1,112,CHC,1,3,3,0.0,2023
717791,2023-06-12,137,SF,0,138,STL,1,-1,1,1740.2563893028632,2023
717781,2023-06-13,137,SF,0,138,STL,1,-2,2,0.0,2023
717767,2023-06-14,137,SF,0,138,STL,1,-3,3,0.0,2023
717731,2023-06-17,137,SF,0,119,LAD,3,-4,1,1585.7405201242425,2023
717702,2023-06-18,137,SF,0,119,LAD,1,-5,2,0.0,2023
717721,2023-06-18,137,SF,0,119,LAD,0,-6,3,0.0,2023
717697,2023-06-20,137,SF,1,135,SD,2,1,1,345.5052646422354,2023
717688,2023-06-21,137,SF,1,135,SD,1,2,2,0.0,2023
717674,2023-06-22,137,SF,1,135,SD,1,3,3,0.0,2023
717661,2023-06-22,137,SF,1,135,SD,0,4,4,0.0,2023
717641,2023-06-24,137,SF,1,109,ARI,2,5,1,0.0,2023
717639,2023-06-24,137,SF,1,109,ARI,0,6,2,0.0,2023
717612,2023-06-25,137,SF,1,109,ARI,1,7,3,0.0,2023
717604,2023-06-27,137,SF,0,141,TOR,2,-1,1,2262.4279687363146,2023
717586,2023-06-28,137,SF,0,141,TOR,1,-2,2,0.0,2023
717564,2023-06-29,137,SF,0,141,TOR,1,-3,3,0.0,2023
717556,2023-06-30,137,SF,0,121,NYM,1,-4,1,346.6363887095845,2023
717535,2023-07-01,137,SF,0,121,NYM,1,-5,2,0.0,2023
717525,2023-07-02,137,SF,0,121,NYM,1,-6,3,0.0,2023
717516,2023-07-04,137,SF,1,136,SEA,2,1,1,2571.816906012279,2023
717509,2023-07-04,137,SF,1,136,SEA,0,2,2,0.0,2023
717490,2023-07-06,137,SF,1,136,SEA,2,3,3,0.0,2023
717448,2023-07-08,137,SF,1,115,COL,2,4,1,0.0,2023
717451,2023-07-08,137,SF,1,115,COL,0,5,2,0.0,2023
717422,2023-07-09,137,SF,1,115,COL,1,6,3,0.0,2023
717416,2023-07-14,137,SF,0,134,PIT,5,-1,1,2257.9877065555274,2023
717398,2023-07-15,137,SF,0,134,PIT,1,-2,2,0.0,2023
717388,2023-07-16,137,SF,0,134,PIT,1,-3,3,0.0,2023
717375,2023-07-18,137,SF,0,113,CIN,1,-5,2,0.0,2023
717360,2023-07-18,137,SF,0,113,CIN,0,-6,3,0.0,2023
717342,2023-07-19,137,SF,0,113,CIN,1,-7,4,0.0,2023
717334,2023-07-20,137,SF,0,113,CIN,1,-8,5,0.0,2023
717326,2023-07-21,137,SF,0,120,WSH,1,-9,1,403.05254469244744,2023
717307,2023-07-22,137,SF,0,120,WSH,1,-10,2,0.0,2023
717290,2023-07-23,137,SF,0,120,WSH,1,-11,3,0.0,2023
718558,2023-07-24,137,SF,0,116,DET,1,-12,1,397.05328106177114,2023
717272,2023-07-26,137,SF,1,133,OAK,2,1,1,2085.4382148086124,2023
717251,2023-07-27,137,SF,1,133,OAK,1,2,2,0.0,2023
717220,2023-07-29,137,SF,1,111,BOS,2,3,1,0.0,2023
717221,2023-07-29,137,SF,1,111,BOS,0,4,2,0.0,2023
717197,2023-07-30,137,SF,1,111,BOS,1,5,3,0.0,2023
717190,2023-08-01,137,SF,1,109,ARI,2,6,1,0.0,2023
717180,2023-08-02,137,SF,1,109,ARI,1,7,2,0.0,2023
717164,2023-08-03,137,SF,1,109,ARI,1,8,3,0.0,2023
717151,2023-08-03,137,SF,1,109,ARI,0,9,4,0.0,2023
717117,2023-08-05,137,SF,0,133,OAK,2,-1,1,10.48032218937323,2023
717100,2023-08-06,137,SF,0,133,OAK,1,-2,2,0.0,2023
717090,2023-08-08,137,SF,0,108,LAA,2,-3,1,364.7793033141838,2023
717068,2023-08-09,137,SF,0,108,LAA,1,-4,2,0.0,2023
717071,2023-08-10,137,SF,0,108,LAA,1,-5,3,0.0,2023
717031,2023-08-12,137,SF,1,140,TEX,2,1,1,373.21886529538057,2023
717029,2023-08-13,137,SF,1,140,TEX,1,2,2,0.0,2023
717008,2023-08-13,137,SF,1,140,TEX,0,3,3,0.0,2023
716999,2023-08-15,137,SF,1,139,TB,2,4,1,0.0,2023
716989,2023-08-16,137,SF,1,139,TB,1,5,2,0.0,2023
716975,2023-08-16,137,SF,1,139,TB,0,6,3,0.0,2023
716949,2023-08-18,137,SF,0,144,ATL,2,-1,1,2126.61368269605,2023
716934,2023-08-19,137,SF,0,144,ATL,1,-2,2,0.0,2023
716927,2023-08-20,137,SF,0,144,ATL,1,-3,3,0.0,2023
716911,2023-08-21,137,SF,0,143,PHI,1,-4,1,660.3458671025634,2023
716899,2023-08-22,137,SF,0,143,PHI,1,-5,2,0.0,2023
716879,2023-08-23,137,SF,0,143,PHI,1,-6,3,0.0,2023
716852,2023-08-26,137,SF,1,144,ATL,3,1,1,2515.920678646169,2023
716848,2023-08-26,137,SF,1,144,ATL,0,2,2,0.0,2023
716819,2023-08-27,137,SF,1,144,ATL,1,3,3,0.0,2023
716823,2023-08-29,137,SF,1,113,CIN,2,4,1,0.0,2023
716789,2023-08-30,137,SF,1,113,CIN,1,5,2,0.0,2023
716803,2023-08-30,137,SF,1,113,CIN,0,6,3,0.0,2023
716777,2023-09-01,137,SF,0,135,SD,2,-1,1,458.03894144483473,2023
716761,2023-09-02,137,SF,0,135,SD,1,-2,2,0.0,2023
716743,2023-09-03,137,SF,0,135,SD,1,-3,3,0.0,2023
716728,2023-09-03,137,SF,0,135,SD,0,-4,4,0.0,2023
716723,2023-09-04,137,SF,0,112,CHC,1,-5,1,1731.4493412522409,2023
716708,2023-09-05,137,SF,0,112,CHC,1,-6,2,0.0,2023
716699,2023-09-06,137,SF,0,112,CHC,1,-7,3,0.0,2023
716668,2023-09-09,137,SF,1,115,COL,3,1,1,1851.6696488043885,2023
716663,2023-09-10,137,SF,1,115,COL,1,2,2,0.0,2023
716634,2023-09-11,137,SF,1,115,COL,1,3,3,0.0,2023
716632,2023-09-12,137,SF,1,114,CLE,1,4,1,0.0,2023
716619,2023-09-13,137,SF,1,114,CLE,1,5,2,0.0,2023
716605,2023-09-13,137,SF,1,114,CLE,0,6,3,0.0,2023
716571,2023-09-16,137,SF,0,115,COL,1,-2,2,0.0,2023
716581,2023-09-16,137,SF,0,115,COL,0,-3,3,0.0,2023
716550,2023-09-17,137,SF,0,115,COL,1,-4,4,0.0,2023
716540,2023-09-17,137,SF,0,115,COL,0,-5,5,0.0,2023
716499,2023-09-20,137,SF,0,109,ARI,3,-6,1,586.1530990190981,2023
716511,2023-09-20,137,SF,0,109,ARI,0,-7,2,0.0,2023
716484,2023-09-22,137,SF,0,119,LAD,2,-8,1,357.22532088939374,2023
716474,2023-09-23,137,SF,0,119,LAD,1,-9,2,0.0,2023
716456,2023-09-24,137,SF,0,119,LAD,1,-10,3,0.0,2023
716439,2023-09-24,137,SF,0,119,LAD,0,-11,4,0.0,2023
716441,2023-09-26,137,SF,1,135,SD,2,1,1,345.5052646422354,2023
716437,2023-09-27,137,SF,1,135,SD,1,2,2,0.0,2023
716426,2023-09-28,137,SF,1,135,SD,1,3,3,0.0,2023
716382,2023-09-30,137,SF,1,119,LAD,2,4,1,0.0,2023
716381,2023-10-01,137,SF,1,119,LAD,1,5,2,0.0,2023
716363,2023-10-01,137,SF,1,119,LAD,0,6,3,0.0,2023
718772,2023-03-30,138,STL,1,141,TOR,0,1,1,0.0,2023
718759,2023-04-01,138,STL,1,141,TOR,2,2,2,0.0,2023
718737,2023-04-02,138,STL,1,141,TOR,1,3,3,0.0,2023
718727,2023-04-03,138,STL,1,144,ATL,1,4,1,0.0,2023
718711,2023-04-04,138,STL,1,144,ATL,1,5,2,0.0,2023
718697,2023-04-05,138,STL,1,144,ATL,1,6,3,0.0,2023
718674,2023-04-08,138,STL,0,158,MIL,3,-1,1,325.7786649185398,2023
718660,2023-04-08,138,STL,0,158,MIL,0,-2,2,0.0,2023
718650,2023-04-09,138,STL,0,158,MIL,1,-3,3,0.0,2023
718629,2023-04-11,138,STL,0,115,COL,2,-4,1,909.1622358795455,2023
718613,2023-04-12,138,STL,0,115,COL,1,-5,2,0.0,2023
718607,2023-04-12,138,STL,0,115,COL,0,-6,3,0.0,2023
718591,2023-04-13,138,STL,1,134,PIT,1,1,1,795.6297379917951,2023
718582,2023-04-15,138,STL,1,134,PIT,2,2,2,0.0,2023
718568,2023-04-15,138,STL,1,134,PIT,0,3,3,0.0,2023
718548,2023-04-16,138,STL,1,134,PIT,1,4,4,0.0,2023
718538,2023-04-17,138,STL,1,109,ARI,1,5,1,0.0,2023
718527,2023-04-18,138,STL,1,109,ARI,1,6,2,0.0,2023
718512,2023-04-19,138,STL,1,109,ARI,1,7,3,0.0,2023
718481,2023-04-22,138,STL,0,136,SEA,3,-1,1,1720.6847673970585,2023
718464,2023-04-23,138,STL,0,136,SEA,1,-2,2,0.0,2023
718450,2023-04-23,138,STL,0,136,SEA,0,-3,3,0.0,2023
718446,2023-04-25,138,STL,0,137,SF,2,-4,1,678.0468674235019,2023
718439,2023-04-26,138,STL,0,137,SF,1,-5,2,0.0,2023
718423,2023-04-27,138,STL,0,137,SF,1,-6,3,0.0,2023
718409,2023-04-27,138,STL,0,137,SF,0,-7,4,0.0,2023
718382,2023-04-29,138,STL,0,119,LAD,2,-8,1,345.5052646422354,2023
718369,2023-04-30,138,STL,0,119,LAD,1,-9,2,0.0,2023
718359,2023-04-30,138,STL,0,119,LAD,0,-10,3,0.0,2023
718338,2023-05-02,138,STL,1,108,LAA,2,1,1,1585.7405201242425,2023
718320,2023-05-03,138,STL,1,108,LAA,1,2,2,0.0,2023
718311,2023-05-04,138,STL,1,108,LAA,1,3,3,0.0,2023
718292,2023-05-06,138,STL,1,116,DET,2,4,1,0.0,2023
718288,2023-05-06,138,STL,1,116,DET,0,5,2,0.0,2023
718272,2023-05-07,138,STL,1,116,DET,1,6,3,0.0,2023
718256,2023-05-08,138,STL,0,112,CHC,1,-1,1,265.86188355988685,2023
718240,2023-05-09,138,STL,0,112,CHC,1,-2,2,0.0,2023
718221,2023-05-10,138,STL,0,112,CHC,1,-3,3,0.0,2023
718211,2023-05-12,138,STL,0,111,BOS,2,-4,1,847.382439361086,2023
718196,2023-05-13,138,STL,0,111,BOS,1,-5,2,0.0,2023
718187,2023-05-14,138,STL,0,111,BOS,1,-6,3,0.0,2023
718166,2023-05-15,138,STL,1,158,MIL,1,1,1,1033.5666994855094,2023
718151,2023-05-16,138,STL,1,158,MIL,1,2,2,0.0,2023
718131,2023-05-17,138,STL,1,158,MIL,1,3,3,0.0,2023
718124,2023-05-18,138,STL,1,119,LAD,1,4,1,0.0,2023
718113,2023-05-20,138,STL,1,119,LAD,2,5,2,0.0,2023
718109,2023-05-20,138,STL,1,119,LAD,0,6,3,0.0,2023
718083,2023-05-21,138,STL,1,119,LAD,1,7,4,0.0,2023
718071,2023-05-22,138,STL,0,113,CIN,1,-1,1,307.56531909433545,2023
718059,2023-05-23,138,STL,0,113,CIN,1,-2,2,0.0,2023
718041,2023-05-24,138,STL,0,113,CIN,1,-3,3,0.0,2023
718030,2023-05-25,138,STL,0,113,CIN,1,-4,4,0.0,2023
718022,2023-05-26,138,STL,0,114,CLE,1,-5,1,222.67421009904183,2023
717996,2023-05-27,138,STL,0,114,CLE,1,-6,2,0.0,2023
717993,2023-05-28,138,STL,0,114,CLE,1,-7,3,0.0,2023
717975,2023-05-29,138,STL,1,118,KC,1,1,1,491.5044526605,2023
717960,2023-05-30,138,STL,1,118,KC,1,2,2,0.0,2023
717930,2023-06-02,138,STL,0,134,PIT,3,-1,1,556.9698942849304,2023
717907,2023-06-03,138,STL,0,134,PIT,1,-2,2,0.0,2023
717898,2023-06-04,138,STL,0,134,PIT,1,-3,3,0.0,2023
717879,2023-06-06,138,STL,0,140,TEX,2,-4,1,1083.6370651726334,2023
717868,2023-06-07,138,STL,0,140,TEX,1,-5,2,0.0,2023
717854,2023-06-08,138,STL,0,140,TEX,1,-6,3,0.0,2023
717832,2023-06-10,138,STL,1,113,CIN,2,1,1,560.1228238201853,2023
717817,2023-06-10,138,STL,1,113,CIN,0,2,2,0.0,2023
717797,2023-06-11,138,STL,1,113,CIN,1,3,3,0.0,2023
717791,2023-06-12,138,STL,1,137,SF,1,4,1,0.0,2023
717781,2023-06-13,138,STL,1,137,SF,1,5,2,0.0,2023
717767,2023-06-14,138,STL,1,137,SF,1,6,3,0.0,2023
717743,2023-06-16,138,STL,0,121,NYM,2,-1,1,880.2756481069349,2023
717718,2023-06-17,138,STL,0,121,NYM,1,-2,2,0.0,2023
717713,2023-06-18,138,STL,0,121,NYM,1,-3,3,0.0,2023
717699,2023-06-19,138,STL,0,120,WSH,1,-4,1,212.3563770011718,2023
717691,2023-06-20,138,STL,0,120,WSH,1,-5,2,0.0,2023
717673,2023-06-21,138,STL,0,120,WSH,1,-6,3,0.0,2023
717637,2023-06-24,138,STL,1,112,CHC,3,1,1,710.1515945615764,2023
717623,2023-06-25,138,STL,1,112,CHC,1,2,2,0.0,2023
717598,2023-06-27,138,STL,1,117,HOU,2,3,1,0.0,2023
717582,2023-06-28,138,STL,1,117,HOU,1,4,2,0.0,2023
717566,2023-06-29,138,STL,1,117,HOU,1,5,3,0.0,2023
717545,2023-07-01,138,STL,1,147,NYY,0,7,2,0.0,2023
717550,2023-07-01,138,STL,1,147,NYY,0,8,3,0.0,2023
717524,2023-07-02,138,STL,1,147,NYY,1,9,4,0.0,2023
717515,2023-07-03,138,STL,0,146,MIA,1,-1,1,1060.3584631013382,2023
717502,2023-07-04,138,STL,0,146,MIA,1,-2,2,0.0,2023
717488,2023-07-05,138,STL,0,146,MIA,1,-3,3,0.0,2023
717473,2023-07-06,138,STL,0,146,MIA,1,-4,4,0.0,2023
717455,2023-07-08,138,STL,0,145,CWS,2,-5,1,1186.8172051231497,2023
717445,2023-07-08,138,STL,0,145,CWS,0,-6,2,0.0,2023
717424,2023-07-09,138,STL,0,145,CWS,1,-7,3,0.0,2023
717407,2023-07-15,138,STL,1,120,WSH,1,2,2,0.0,2023
717396,2023-07-15,138,STL,1,120,WSH,0,3,3,0.0,2023
717380,2023-07-16,138,STL,1,120,WSH,1,4,4,0.0,2023
717374,2023-07-17,138,STL,1,146,MIA,1,5,1,0.0,2023
717357,2023-07-18,138,STL,1,146,MIA,1,6,2,0.0,2023
717351,2023-07-19,138,STL,1,146,MIA,1,7,3,0.0,2023
717322,2023-07-21,138,STL,0,112,CHC,2,-1,1,265.86188355988685,2023
717325,2023-07-21,138,STL,0,112,CHC,0,-2,2,0.0,2023
717308,2023-07-22,138,STL,0,112,CHC,1,-3,3,0.0,2023
717286,2023-07-23,138,STL,0,112,CHC,1,-4,4,0.0,2023
717268,2023-07-25,138,STL,0,109,ARI,2,-5,1,1451.6299446026987,2023
717259,2023-07-26,138,STL,0,109,ARI,1,-6,2,0.0,2023
717244,2023-07-26,138,STL,0,109,ARI,0,-7,3,0.0,2023
717238,2023-07-27,138,STL,1,112,CHC,1,1,1,1270.0024589462362,2023
717226,2023-07-29,138,STL,1,112,CHC,2,2,2,0.0,2023
717213,2023-07-29,138,STL,1,112,CHC,0,3,3,0.0,2023
717195,2023-07-30,138,STL,1,112,CHC,1,4,4,0.0,2023
717174,2023-08-01,138,STL,1,142,MIN,2,5,1,0.0,2023
717155,2023-08-02,138,STL,1,142,MIN,1,6,2,0.0,2023
717145,2023-08-03,138,STL,1,142,MIN,1,7,3,0.0,2023
717127,2023-08-05,138,STL,1,115,COL,2,8,1,0.0,2023
717119,2023-08-05,138,STL,1,115,COL,0,9,2,0.0,2023
717099,2023-08-06,138,STL,1,115,COL,1,10,3,0.0,2023
717085,2023-08-08,138,STL,0,139,TB,2,-1,1,866.6994960845234,2023
717064,2023-08-09,138,STL,0,139,TB,1,-2,2,0.0,2023
717048,2023-08-10,138,STL,0,139,TB,1,-3,3,0.0,2023
717039,2023-08-12,138,STL,0,118,KC,2,-4,1,1034.03926539089,2023
717019,2023-08-12,138,STL,0,118,KC,0,-5,2,0.0,2023
716995,2023-08-14,138,STL,1,133,OAK,2,1,1,232.6374617718515,2023
716984,2023-08-15,138,STL,1,133,OAK,1,2,2,0.0,2023
716969,2023-08-16,138,STL,1,133,OAK,1,3,3,0.0,2023
716958,2023-08-17,138,STL,1,121,NYM,1,4,1,0.0,2023
716952,2023-08-19,138,STL,1,121,NYM,2,5,2,0.0,2023
716940,2023-08-19,138,STL,1,121,NYM,0,6,3,0.0,2023
716921,2023-08-20,138,STL,1,121,NYM,1,7,4,0.0,2023
716912,2023-08-21,138,STL,0,134,PIT,1,-1,1,556.9698942849304,2023
716901,2023-08-22,138,STL,0,134,PIT,1,-2,2,0.0,2023
716886,2023-08-23,138,STL,0,134,PIT,1,-3,3,0.0,2023
716861,2023-08-25,138,STL,0,143,PHI,2,-4,1,258.1684392529645,2023
716847,2023-08-26,138,STL,0,143,PHI,1,-5,2,0.0,2023
716835,2023-08-27,138,STL,0,143,PHI,1,-6,3,0.0,2023
716809,2023-08-28,138,STL,1,135,SD,1,1,1,807.7790398828691,2023
716797,2023-08-29,138,STL,1,135,SD,1,2,2,0.0,2023
716782,2023-08-30,138,STL,1,135,SD,1,3,3,0.0,2023
716766,2023-09-02,138,STL,1,134,PIT,3,4,1,0.0,2023
716744,2023-09-02,138,STL,1,134,PIT,0,5,2,0.0,2023
716733,2023-09-03,138,STL,1,134,PIT,1,6,3,0.0,2023
716709,2023-09-05,138,STL,0,144,ATL,2,-1,1,456.58876384408995,2023
716689,2023-09-06,138,STL,0,144,ATL,1,-2,2,0.0,2023
716680,2023-09-07,138,STL,0,144,ATL,1,-3,3,0.0,2023
716677,2023-09-08,138,STL,0,113,CIN,1,-4,1,359.8050212534856,2023
716655,2023-09-09,138,STL,0,113,CIN,1,-5,2,0.0,2023
716642,2023-09-10,138,STL,0,113,CIN,1,-6,3,0.0,2023
716636,2023-09-11,138,STL,0,110,BAL,1,-7,1,422.40795362654626,2023
716621,2023-09-12,138,STL,0,110,BAL,1,-8,2,0.0,2023
716604,2023-09-13,138,STL,0,110,BAL,1,-9,3,0.0,2023
716572,2023-09-16,138,STL,1,143,PHI,3,1,1,729.9729666923824,2023
716557,2023-09-16,138,STL,1,143,PHI,0,2,2,0.0,2023
716541,2023-09-17,138,STL,1,143,PHI,1,3,3,0.0,2023
716531,2023-09-18,138,STL,1,158,MIL,1,4,1,0.0,2023
716515,2023-09-19,138,STL,1,158,MIL,1,5,2,0.0,2023
716495,2023-09-20,138,STL,1,158,MIL,1,6,3,0.0,2023
716491,2023-09-21,138,STL,1,158,MIL,1,7,4,0.0,2023
716476,2023-09-23,138,STL,0,135,SD,2,-1,1,1561.6025452697695,2023
716457,2023-09-24,138,STL,0,135,SD,1,-2,2,0.0,2023
716444,2023-09-24,138,STL,0,135,SD,0,-3,3,0.0,2023
716423,2023-09-26,138,STL,0,158,MIL,2,-4,1,1732.8547359706142,2023
716408,2023-09-27,138,STL,0,158,MIL,1,-5,2,0.0,2023
716396,2023-09-28,138,STL,0,158,MIL,1,-6,3,0.0,2023
716388,2023-09-30,138,STL,1,113,CIN,2,1,1,325.7786649185398,2023
716372,2023-09-30,138,STL,1,113,CIN,0,2,2,0.0,2023
716353,2023-10-01,138,STL,1,113,CIN,1,3,3,0.0,2023
718776,2023-03-30,139,TB,1,116,DET,0,1,1,0.0,2023
718754,2023-04-01,139,TB,1,116,DET,2,2,2,0.0,2023
718742,2023-04-02,139,TB,1,116,DET,1,3,3,0.0,2023
718732,2023-04-03,139,TB,0,120,WSH,1,-1,1,833.2111191732948,2023
718715,2023-04-04,139,TB,0,120,WSH,1,-2,2,0.0,2023
718704,2023-04-05,139,TB,0,120,WSH,1,-3,3,0.0,2023
718678,2023-04-07,139,TB,1,133,OAK,2,1,1,833.2111191732948,2023
718665,2023-04-08,139,TB,1,133,OAK,1,2,2,0.0,2023
718655,2023-04-09,139,TB,1,133,OAK,1,3,3,0.0,2023
718638,2023-04-10,139,TB,1,111,BOS,1,4,1,0.0,2023
718625,2023-04-11,139,TB,1,111,BOS,1,5,2,0.0,2023
718600,2023-04-12,139,TB,1,111,BOS,1,6,3,0.0,2023
718594,2023-04-13,139,TB,1,111,BOS,1,7,4,0.0,2023
718587,2023-04-14,139,TB,0,141,TOR,1,-1,1,1111.7297518661444,2023
718569,2023-04-15,139,TB,0,141,TOR,1,-2,2,0.0,2023
718556,2023-04-16,139,TB,0,141,TOR,1,-3,3,0.0,2023
718542,2023-04-17,139,TB,0,113,CIN,1,-4,1,410.94298565561166,2023
718526,2023-04-18,139,TB,0,113,CIN,1,-5,2,0.0,2023
718515,2023-04-19,139,TB,0,113,CIN,1,-6,3,0.0,2023
718486,2023-04-21,139,TB,1,145,CWS,2,1,1,790.0657540508034,2023
718477,2023-04-22,139,TB,1,145,CWS,1,2,2,0.0,2023
718457,2023-04-23,139,TB,1,145,CWS,1,3,3,0.0,2023
718449,2023-04-24,139,TB,1,117,HOU,1,4,1,0.0,2023
718436,2023-04-25,139,TB,1,117,HOU,1,5,2,0.0,2023
718414,2023-04-26,139,TB,1,117,HOU,1,6,3,0.0,2023
718396,2023-04-27,139,TB,0,145,CWS,1,-1,1,1011.3877112665284,2023
718393,2023-04-28,139,TB,0,145,CWS,1,-2,2,0.0,2023
718373,2023-04-29,139,TB,0,145,CWS,1,-3,3,0.0,2023
718355,2023-04-30,139,TB,0,145,CWS,1,-4,4,0.0,2023
718347,2023-05-02,139,TB,1,134,PIT,2,1,1,1011.3877112665284,2023
718328,2023-05-03,139,TB,1,134,PIT,1,2,2,0.0,2023
718309,2023-05-04,139,TB,1,134,PIT,1,3,3,0.0,2023
718300,2023-05-05,139,TB,1,147,NYY,1,4,1,0.0,2023
718291,2023-05-06,139,TB,1,147,NYY,1,5,2,0.0,2023
718271,2023-05-07,139,TB,1,147,NYY,1,6,3,0.0,2023
718259,2023-05-08,139,TB,0,110,BAL,1,-1,1,867.6749708982579,2023
718246,2023-05-09,139,TB,0,110,BAL,1,-2,2,0.0,2023
718227,2023-05-10,139,TB,0,110,BAL,1,-3,3,0.0,2023
718219,2023-05-11,139,TB,0,147,NYY,1,-4,1,178.12306591164185,2023
718210,2023-05-12,139,TB,0,147,NYY,1,-5,2,0.0,2023
718197,2023-05-13,139,TB,0,147,NYY,1,-6,3,0.0,2023
718180,2023-05-14,139,TB,0,147,NYY,1,-7,4,0.0,2023
718150,2023-05-16,139,TB,0,121,NYM,2,-8,1,6.541035356047549,2023
718135,2023-05-17,139,TB,0,121,NYM,1,-9,2,0.0,2023
718122,2023-05-18,139,TB,0,121,NYM,1,-10,3,0.0,2023
718117,2023-05-19,139,TB,1,158,MIL,1,1,1,1027.482832775922,2023
718093,2023-05-20,139,TB,1,158,MIL,1,2,2,0.0,2023
718081,2023-05-21,139,TB,1,158,MIL,1,3,3,0.0,2023
718077,2023-05-22,139,TB,1,141,TOR,1,4,1,0.0,2023
718061,2023-05-23,139,TB,1,141,TOR,1,5,2,0.0,2023
718044,2023-05-24,139,TB,1,141,TOR,1,6,3,0.0,2023
718032,2023-05-25,139,TB,1,141,TOR,1,7,4,0.0,2023
718018,2023-05-26,139,TB,1,119,LAD,1,8,1,0.0,2023
718002,2023-05-27,139,TB,1,119,LAD,1,9,2,0.0,2023
717994,2023-05-28,139,TB,1,119,LAD,1,10,3,0.0,2023
717976,2023-05-29,139,TB,0,112,CHC,1,-1,1,1019.525278620114,2023
717961,2023-05-31,139,TB,0,112,CHC,2,-2,2,0.0,2023
717950,2023-05-31,139,TB,0,112,CHC,0,-3,3,0.0,2023
717885,2023-06-03,139,TB,0,111,BOS,1,-5,2,0.0,2023
717918,2023-06-03,139,TB,0,111,BOS,0,-6,3,0.0,2023
717904,2023-06-04,139,TB,0,111,BOS,1,-7,4,0.0,2023
717928,2023-06-05,139,TB,0,111,BOS,1,-8,5,0.0,2023
717882,2023-06-06,139,TB,1,142,MIN,1,1,1,1198.2270597762317,2023
717859,2023-06-07,139,TB,1,142,MIN,1,2,2,0.0,2023
717845,2023-06-08,139,TB,1,142,MIN,1,3,3,0.0,2023
717827,2023-06-09,139,TB,1,140,TEX,1,4,1,0.0,2023
717813,2023-06-10,139,TB,1,140,TEX,1,5,2,0.0,2023
717801,2023-06-11,139,TB,1,140,TEX,1,6,3,0.0,2023
717789,2023-06-13,139,TB,0,133,OAK,2,-1,1,2379.7351815049797,2023
717774,2023-06-14,139,TB,0,133,OAK,1,-2,2,0.0,2023
717761,2023-06-15,139,TB,0,133,OAK,1,-3,3,0.0,2023
717756,2023-06-15,139,TB,0,133,OAK,0,-4,4,0.0,2023
717732,2023-06-17,139,TB,0,135,SD,2,-5,1,449.84278611734885,2023
717717,2023-06-17,139,TB,0,135,SD,0,-6,2,0.0,2023
717703,2023-06-18,139,TB,0,135,SD,1,-7,3,0.0,2023
717687,2023-06-20,139,TB,1,110,BAL,2,1,1,2078.5437948747294,2023
717677,2023-06-21,139,TB,1,110,BAL,1,2,2,0.0,2023
717659,2023-06-22,139,TB,1,118,KC,1,3,1,0.0,2023
717649,2023-06-23,139,TB,1,118,KC,1,4,2,0.0,2023
717632,2023-06-24,139,TB,1,118,KC,1,5,3,0.0,2023
717619,2023-06-25,139,TB,1,118,KC,1,6,4,0.0,2023
717593,2023-06-28,139,TB,0,109,ARI,3,-1,1,1786.289647627458,2023
717575,2023-06-29,139,TB,0,109,ARI,1,-2,2,0.0,2023
717568,2023-06-29,139,TB,0,109,ARI,0,-3,3,0.0,2023
717548,2023-07-01,139,TB,0,136,SEA,2,-4,1,1114.0691793592323,2023
717534,2023-07-01,139,TB,0,136,SEA,0,-5,2,0.0,2023
717519,2023-07-02,139,TB,0,136,SEA,1,-6,3,0.0,2023
717499,2023-07-04,139,TB,1,143,PHI,2,1,1,2525.9452819416106,2023
717491,2023-07-05,139,TB,1,143,PHI,1,2,2,0.0,2023
717472,2023-07-06,139,TB,1,143,PHI,1,3,3,0.0,2023
717460,2023-07-07,139,TB,1,144,ATL,1,4,1,0.0,2023
717441,2023-07-08,139,TB,1,144,ATL,1,5,2,0.0,2023
717429,2023-07-09,139,TB,1,144,ATL,1,6,3,0.0,2023
717411,2023-07-15,139,TB,0,118,KC,0,-2,2,0.0,2023
717393,2023-07-15,139,TB,0,118,KC,0,-3,3,0.0,2023
717382,2023-07-16,139,TB,0,118,KC,1,-4,4,0.0,2023
717367,2023-07-18,139,TB,0,140,TEX,2,-5,1,459.01779323801827,2023
717354,2023-07-19,139,TB,0,140,TEX,1,-6,2,0.0,2023
717346,2023-07-19,139,TB,0,140,TEX,0,-7,3,0.0,2023
717328,2023-07-20,139,TB,1,110,BAL,1,1,1,926.4398070486983,2023
717320,2023-07-21,139,TB,1,110,BAL,1,2,2,0.0,2023
717300,2023-07-22,139,TB,1,110,BAL,1,3,3,0.0,2023
717291,2023-07-23,139,TB,1,110,BAL,1,4,4,0.0,2023
717270,2023-07-25,139,TB,1,146,MIA,2,5,1,0.0,2023
717252,2023-07-26,139,TB,1,146,MIA,1,6,2,0.0,2023
717229,2023-07-29,139,TB,0,117,HOU,3,-1,1,781.1406098722147,2023
717214,2023-07-29,139,TB,0,117,HOU,0,-2,2,0.0,2023
717196,2023-07-30,139,TB,0,117,HOU,1,-3,3,0.0,2023
717185,2023-07-31,139,TB,0,147,NYY,1,-4,1,1424.3629806468848,2023
717175,2023-08-01,139,TB,0,147,NYY,1,-5,2,0.0,2023
717160,2023-08-02,139,TB,0,147,NYY,1,-6,3,0.0,2023
717135,2023-08-04,139,TB,0,116,DET,2,-7,1,482.6121717715705,2023
717122,2023-08-05,139,TB,0,116,DET,1,-8,2,0.0,2023
717103,2023-08-06,139,TB,0,116,DET,1,-9,3,0.0,2023
717085,2023-08-08,139,TB,1,138,STL,2,1,1,1007.0448721012648,2023
717064,2023-08-09,139,TB,1,138,STL,1,2,2,0.0,2023
717048,2023-08-10,139,TB,1,138,STL,1,3,3,0.0,2023
717038,2023-08-11,139,TB,1,114,CLE,1,4,1,0.0,2023
717024,2023-08-12,139,TB,1,114,CLE,1,5,2,0.0,2023
717010,2023-08-13,139,TB,1,114,CLE,1,6,3,0.0,2023
716999,2023-08-15,139,TB,0,137,SF,2,-1,1,2390.1707868906847,2023
716989,2023-08-16,139,TB,0,137,SF,1,-2,2,0.0,2023
716975,2023-08-16,139,TB,0,137,SF,0,-3,3,0.0,2023
716945,2023-08-19,139,TB,0,108,LAA,3,-4,1,373.21886529538057,2023
716915,2023-08-19,139,TB,0,108,LAA,0,-5,2,0.0,2023
716925,2023-08-20,139,TB,0,108,LAA,1,-6,3,0.0,2023
716898,2023-08-22,139,TB,1,115,COL,2,1,1,2121.7324696841006,2023
716880,2023-08-23,139,TB,1,115,COL,1,2,2,0.0,2023
716869,2023-08-24,139,TB,1,115,COL,1,3,3,0.0,2023
716854,2023-08-25,139,TB,1,147,NYY,1,4,1,0.0,2023
716845,2023-08-26,139,TB,1,147,NYY,1,5,2,0.0,2023
716828,2023-08-27,139,TB,1,147,NYY,1,6,3,0.0,2023
716807,2023-08-29,139,TB,0,146,MIA,2,-1,1,203.5855811594844,2023
716778,2023-08-30,139,TB,0,146,MIA,1,-2,2,0.0,2023
716767,2023-09-01,139,TB,0,114,CLE,2,-3,1,1089.3021385315913,2023
716754,2023-09-02,139,TB,0,114,CLE,1,-4,2,0.0,2023
716729,2023-09-03,139,TB,0,114,CLE,1,-5,3,0.0,2023
716722,2023-09-04,139,TB,1,111,BOS,1,1,1,950.1419996181558,2023
716716,2023-09-05,139,TB,1,111,BOS,1,2,2,0.0,2023
716696,2023-09-06,139,TB,1,111,BOS,1,3,3,0.0,2023
716683,2023-09-07,139,TB,1,136,SEA,1,4,1,0.0,2023
716671,2023-09-08,139,TB,1,136,SEA,1,5,2,0.0,2023
716656,2023-09-09,139,TB,1,136,SEA,1,6,3,0.0,2023
716645,2023-09-10,139,TB,1,136,SEA,1,7,4,0.0,2023
716629,2023-09-11,139,TB,0,142,MIN,1,-1,1,1325.4285844846306,2023
716613,2023-09-12,139,TB,0,142,MIN,1,-2,2,0.0,2023
716607,2023-09-13,139,TB,0,142,MIN,1,-3,3,0.0,2023
716586,2023-09-14,139,TB,0,110,BAL,1,-4,1,937.5839769032132,2023
716583,2023-09-15,139,TB,0,110,BAL,1,-5,2,0.0,2023
716561,2023-09-16,139,TB,0,110,BAL,1,-6,3,0.0,2023
716553,2023-09-17,139,TB,0,110,BAL,1,-7,4,0.0,2023
716524,2023-09-19,139,TB,1,108,LAA,2,1,1,867.6749708982579,2023
716501,2023-09-20,139,TB,1,108,LAA,1,2,2,0.0,2023
716498,2023-09-21,139,TB,1,108,LAA,1,3,3,0.0,2023
716479,2023-09-22,139,TB,1,141,TOR,1,4,1,0.0,2023
716463,2023-09-23,139,TB,1,141,TOR,1,5,2,0.0,2023
716452,2023-09-24,139,TB,1,141,TOR,1,6,3,0.0,2023
716428,2023-09-26,139,TB,0,111,BOS,2,-1,1,1198.2270597762317,2023
716419,2023-09-27,139,TB,0,111,BOS,1,-2,2,0.0,2023
716392,2023-09-29,139,TB,0,141,TOR,2,-3,1,428.32913029317257,2023
716383,2023-09-30,139,TB,0,141,TOR,1,-4,2,0.0,2023
716357,2023-10-01,139,TB,0,141,TOR,1,-5,3,0.0,2023
718779,2023-03-30,140,TEX,1,143,PHI,0,1,1,0.0,2023
718752,2023-04-01,140,TEX,1,143,PHI,2,2,2,0.0,2023
718739,2023-04-02,140,TEX,1,143,PHI,1,3,3,0.0,2023
718726,2023-04-04,140,TEX,1,110,BAL,2,4,1,0.0,2023
718709,2023-04-05,140,TEX,1,110,BAL,1,5,2,0.0,2023
718694,2023-04-05,140,TEX,1,110,BAL,0,6,3,0.0,2023
718675,2023-04-07,140,TEX,0,112,CHC,2,-1,1,818.6825304940769,2023
718669,2023-04-08,140,TEX,0,112,CHC,1,-2,2,0.0,2023
718642,2023-04-09,140,TEX,0,112,CHC,1,-3,3,0.0,2023
718630,2023-04-11,140,TEX,1,118,KC,2,1,1,818.6825304940769,2023
718615,2023-04-12,140,TEX,1,118,KC,1,2,2,0.0,2023
718595,2023-04-13,140,TEX,1,118,KC,1,3,3,0.0,2023
718581,2023-04-15,140,TEX,0,117,HOU,2,-1,1,230.66355960201378,2023
718562,2023-04-15,140,TEX,0,117,HOU,0,-2,2,0.0,2023
718552,2023-04-16,140,TEX,0,117,HOU,1,-3,3,0.0,2023
718539,2023-04-17,140,TEX,0,118,KC,1,-4,1,644.1456886709294,2023
718522,2023-04-18,140,TEX,0,118,KC,1,-5,2,0.0,2023
718514,2023-04-19,140,TEX,0,118,KC,1,-6,3,0.0,2023
718469,2023-04-22,140,TEX,1,133,OAK,3,1,1,459.01779323801827,2023
718490,2023-04-22,140,TEX,1,133,OAK,0,2,2,0.0,2023
718453,2023-04-23,140,TEX,1,133,OAK,1,3,3,0.0,2023
718445,2023-04-24,140,TEX,0,113,CIN,1,-1,1,827.9015703261257,2023
718434,2023-04-25,140,TEX,0,113,CIN,1,-2,2,0.0,2023
718424,2023-04-26,140,TEX,0,113,CIN,1,-3,3,0.0,2023
718397,2023-04-28,140,TEX,1,147,NYY,2,1,1,827.9015703261257,2023
718388,2023-04-29,140,TEX,1,147,NYY,1,2,2,0.0,2023
718374,2023-04-29,140,TEX,1,147,NYY,0,3,3,0.0,2023
718356,2023-04-30,140,TEX,1,147,NYY,1,4,4,0.0,2023
718325,2023-05-03,140,TEX,1,109,ARI,3,5,1,0.0,2023
718342,2023-05-03,140,TEX,1,109,ARI,0,6,2,0.0,2023
718294,2023-05-06,140,TEX,0,108,LAA,3,-1,1,1201.6984237735796,2023
718275,2023-05-07,140,TEX,0,108,LAA,1,-2,2,0.0,2023
718264,2023-05-07,140,TEX,0,108,LAA,0,-3,3,0.0,2023
718251,2023-05-09,140,TEX,0,136,SEA,2,-4,1,980.5935873257743,2023
718239,2023-05-10,140,TEX,0,136,SEA,1,-5,2,0.0,2023
718229,2023-05-10,140,TEX,0,136,SEA,0,-6,3,0.0,2023
718217,2023-05-12,140,TEX,0,133,OAK,2,-7,1,679.9392003432476,2023
718200,2023-05-13,140,TEX,0,133,OAK,1,-8,2,0.0,2023
718190,2023-05-13,140,TEX,0,133,OAK,0,-9,3,0.0,2023
718172,2023-05-14,140,TEX,0,133,OAK,1,-10,4,0.0,2023
718165,2023-05-16,140,TEX,1,144,ATL,2,1,1,1453.9867485388631,2023
718148,2023-05-17,140,TEX,1,144,ATL,1,2,2,0.0,2023
718126,2023-05-18,140,TEX,1,144,ATL,1,3,3,0.0,2023
718114,2023-05-20,140,TEX,1,115,COL,2,4,1,0.0,2023
718100,2023-05-20,140,TEX,1,115,COL,0,5,2,0.0,2023
718076,2023-05-21,140,TEX,1,115,COL,1,6,3,0.0,2023
718075,2023-05-22,140,TEX,0,134,PIT,1,-1,1,1083.6370651726334,2023
718065,2023-05-23,140,TEX,0,134,PIT,1,-2,2,0.0,2023
718045,2023-05-24,140,TEX,0,134,PIT,1,-3,3,0.0,2023
718020,2023-05-26,140,TEX,0,110,BAL,2,-4,1,196.62316008554197,2023
718001,2023-05-27,140,TEX,0,110,BAL,1,-5,2,0.0,2023
717990,2023-05-28,140,TEX,0,110,BAL,1,-6,3,0.0,2023
717979,2023-05-29,140,TEX,0,116,DET,1,-7,1,396.72723870572077,2023
717964,2023-05-30,140,TEX,0,116,DET,1,-8,2,0.0,2023
717951,2023-05-31,140,TEX,0,116,DET,1,-9,3,0.0,2023
717922,2023-06-03,140,TEX,1,136,SEA,3,1,1,1012.5081459059959,2023
717912,2023-06-03,140,TEX,1,136,SEA,0,2,2,0.0,2023
717894,2023-06-04,140,TEX,1,136,SEA,1,3,3,0.0,2023
717879,2023-06-06,140,TEX,1,138,STL,2,4,1,0.0,2023
717868,2023-06-07,140,TEX,1,138,STL,1,5,2,0.0,2023
717854,2023-06-08,140,TEX,1,138,STL,1,6,3,0.0,2023
717827,2023-06-09,140,TEX,0,139,TB,1,-1,1,926.4398070486983,2023
717813,2023-06-10,140,TEX,0,139,TB,1,-2,2,0.0,2023
717801,2023-06-11,140,TEX,0,139,TB,1,-3,3,0.0,2023
717792,2023-06-13,140,TEX,1,108,LAA,2,1,1,926.4398070486983,2023
717780,2023-06-14,140,TEX,1,108,LAA,1,2,2,0.0,2023
717765,2023-06-15,140,TEX,1,108,LAA,1,3,3,0.0,2023
717751,2023-06-16,140,TEX,1,108,LAA,1,4,4,0.0,2023
717723,2023-06-17,140,TEX,1,141,TOR,1,5,1,0.0,2023
717741,2023-06-17,140,TEX,1,141,TOR,0,6,2,0.0,2023
717709,2023-06-18,140,TEX,1,141,TOR,1,7,3,0.0,2023
717695,2023-06-20,140,TEX,0,145,CWS,2,-1,1,813.378310893269,2023
717675,2023-06-21,140,TEX,0,145,CWS,1,-2,2,0.0,2023
717667,2023-06-22,140,TEX,0,145,CWS,1,-3,3,0.0,2023
717655,2023-06-23,140,TEX,0,147,NYY,1,-4,1,713.826429908849,2023
717636,2023-06-24,140,TEX,0,147,NYY,1,-5,2,0.0,2023
717622,2023-06-25,140,TEX,0,147,NYY,1,-6,3,0.0,2023
717606,2023-06-27,140,TEX,1,116,DET,2,1,1,1392.1915186769138,2023
717599,2023-06-28,140,TEX,1,116,DET,1,2,2,0.0,2023
717570,2023-06-29,140,TEX,1,116,DET,1,3,3,0.0,2023
717580,2023-06-29,140,TEX,1,116,DET,0,4,4,0.0,2023
717554,2023-07-01,140,TEX,1,117,HOU,2,5,1,0.0,2023
717542,2023-07-01,140,TEX,1,117,HOU,0,6,2,0.0,2023
717520,2023-07-02,140,TEX,1,117,HOU,1,7,3,0.0,2023
717514,2023-07-03,140,TEX,1,117,HOU,1,8,4,0.0,2023
717501,2023-07-04,140,TEX,0,111,BOS,1,-1,1,1562.0482982121016,2023
717484,2023-07-05,140,TEX,0,111,BOS,1,-2,2,0.0,2023
717471,2023-07-06,140,TEX,0,111,BOS,1,-3,3,0.0,2023
717465,2023-07-07,140,TEX,0,120,WSH,1,-4,1,391.9148119772238,2023
717450,2023-07-08,140,TEX,0,120,WSH,1,-5,2,0.0,2023
717432,2023-07-09,140,TEX,0,120,WSH,1,-6,3,0.0,2023
717415,2023-07-15,140,TEX,1,114,CLE,6,1,1,1198.682847057283,2023
717402,2023-07-15,140,TEX,1,114,CLE,0,2,2,0.0,2023
717377,2023-07-16,140,TEX,1,114,CLE,1,3,3,0.0,2023
717367,2023-07-18,140,TEX,1,139,TB,2,4,1,0.0,2023
717354,2023-07-19,140,TEX,1,139,TB,1,5,2,0.0,2023
717346,2023-07-19,140,TEX,1,139,TB,0,6,3,0.0,2023
717316,2023-07-22,140,TEX,1,119,LAD,3,7,1,0.0,2023
717305,2023-07-22,140,TEX,1,119,LAD,0,8,2,0.0,2023
717284,2023-07-23,140,TEX,1,119,LAD,1,9,3,0.0,2023
717274,2023-07-25,140,TEX,0,117,HOU,2,-1,1,230.66355960201378,2023
717255,2023-07-26,140,TEX,0,117,HOU,1,-2,2,0.0,2023
717239,2023-07-27,140,TEX,0,117,HOU,1,-3,3,0.0,2023
717224,2023-07-29,140,TEX,0,135,SD,2,-4,1,1301.7555415501963,2023
717209,2023-07-30,140,TEX,0,135,SD,1,-5,2,0.0,2023
717191,2023-07-30,140,TEX,0,135,SD,0,-6,3,0.0,2023
717168,2023-08-02,140,TEX,1,145,CWS,3,1,1,1165.0786259258875,2023
717152,2023-08-03,140,TEX,1,145,CWS,1,2,2,0.0,2023
717149,2023-08-03,140,TEX,1,145,CWS,0,3,3,0.0,2023
717124,2023-08-05,140,TEX,1,146,MIA,2,4,1,0.0,2023
717133,2023-08-05,140,TEX,1,146,MIA,0,5,2,0.0,2023
717102,2023-08-06,140,TEX,1,146,MIA,1,6,3,0.0,2023
717081,2023-08-08,140,TEX,0,133,OAK,2,-1,1,1453.9867485388631,2023
717069,2023-08-09,140,TEX,0,133,OAK,1,-2,2,0.0,2023
717063,2023-08-09,140,TEX,0,133,OAK,0,-3,3,0.0,2023
717031,2023-08-12,140,TEX,0,137,SF,3,-4,1,10.48032218937323,2023
717029,2023-08-13,140,TEX,0,137,SF,1,-5,2,0.0,2023
717008,2023-08-13,140,TEX,0,137,SF,0,-6,3,0.0,2023
716997,2023-08-15,140,TEX,1,108,LAA,2,1,1,1464.4396362905297,2023
716985,2023-08-16,140,TEX,1,108,LAA,1,2,2,0.0,2023
716971,2023-08-17,140,TEX,1,108,LAA,1,3,3,0.0,2023
716950,2023-08-19,140,TEX,1,158,MIL,2,4,1,0.0,2023
716938,2023-08-19,140,TEX,1,158,MIL,0,5,2,0.0,2023
716918,2023-08-20,140,TEX,1,158,MIL,1,6,3,0.0,2023
716906,2023-08-22,140,TEX,0,109,ARI,2,-1,1,867.9010244338684,2023
716889,2023-08-23,140,TEX,0,109,ARI,1,-2,2,0.0,2023
716867,2023-08-24,140,TEX,0,142,MIN,1,-3,1,1278.017730052948,2023
716850,2023-08-26,140,TEX,0,142,MIN,2,-4,2,0.0,2023
716839,2023-08-26,140,TEX,0,142,MIN,0,-5,3,0.0,2023
716824,2023-08-27,140,TEX,0,142,MIN,1,-6,4,0.0,2023
716818,2023-08-28,140,TEX,0,121,NYM,1,-7,1,1023.5867094792683,2023
716799,2023-08-29,140,TEX,0,121,NYM,1,-8,2,0.0,2023
716783,2023-08-30,140,TEX,0,121,NYM,1,-9,3,0.0,2023
716772,2023-09-02,140,TEX,1,142,MIN,3,1,1,1394.8455111609428,2023
716752,2023-09-02,140,TEX,1,142,MIN,0,2,2,0.0,2023
716737,2023-09-03,140,TEX,1,142,MIN,1,3,3,0.0,2023
716724,2023-09-04,140,TEX,1,117,HOU,1,4,1,0.0,2023
716705,2023-09-06,140,TEX,1,117,HOU,2,5,2,0.0,2023
716687,2023-09-07,140,TEX,1,117,HOU,1,6,3,0.0,2023
716657,2023-09-09,140,TEX,1,133,OAK,2,7,1,0.0,2023
716665,2023-09-09,140,TEX,1,133,OAK,0,8,2,0.0,2023
716637,2023-09-10,140,TEX,1,133,OAK,1,9,3,0.0,2023
716630,2023-09-11,140,TEX,0,141,TOR,1,-1,1,1216.0025005666878,2023
716616,2023-09-12,140,TEX,0,141,TOR,1,-2,2,0.0,2023
716594,2023-09-13,140,TEX,0,141,TOR,1,-3,3,0.0,2023
716587,2023-09-14,140,TEX,0,141,TOR,1,-4,4,0.0,2023
716575,2023-09-15,140,TEX,0,114,CLE,1,-5,1,188.71684847115282,2023
716562,2023-09-16,140,TEX,0,114,CLE,1,-6,2,0.0,2023
716549,2023-09-17,140,TEX,0,114,CLE,1,-7,3,0.0,2023
716533,2023-09-19,140,TEX,1,111,BOS,2,1,1,1038.947571490186,2023
716519,2023-09-20,140,TEX,1,111,BOS,1,2,2,0.0,2023
716507,2023-09-20,140,TEX,1,111,BOS,0,3,3,0.0,2023
716477,2023-09-23,140,TEX,1,136,SEA,3,4,1,0.0,2023
716461,2023-09-23,140,TEX,1,136,SEA,0,5,2,0.0,2023
716446,2023-09-24,140,TEX,1,136,SEA,1,6,3,0.0,2023
716440,2023-09-26,140,TEX,0,108,LAA,2,-1,1,1201.6984237735796,2023
716422,2023-09-27,140,TEX,0,108,LAA,1,-2,2,0.0,2023
716420,2023-09-28,140,TEX,0,108,LAA,1,-3,3,0.0,2023
716397,2023-09-29,140,TEX,0,136,SEA,1,-4,1,980.5935873257743,2023
716366,2023-09-30,140,TEX,0,136,SEA,1,-5,2,0.0,2023
716379,2023-09-30,140,TEX,0,136,SEA,0,-6,3,0.0,2023
716360,2023-10-01,140,TEX,0,136,SEA,1,-7,4,0.0,2023
718772,2023-03-30,141,TOR,0,138,STL,0,-1,1,659.7865181803405,2023
718759,2023-04-01,141,TOR,0,138,STL,2,-2,2,0.0,2023
718737,2023-04-02,141,TOR,0,138,STL,1,-3,3,0.0,2023
718719,2023-04-03,141,TOR,0,118,KC,1,-4,1,232.6374617718515,2023
718708,2023-04-04,141,TOR,0,118,KC,1,-5,2,0.0,2023
718692,2023-04-05,141,TOR,0,118,KC,1,-6,3,0.0,2023
718686,2023-04-06,141,TOR,0,118,KC,1,-7,4,0.0,2023
718670,2023-04-08,141,TOR,0,108,LAA,2,-8,1,1346.5044522382782,2023
718644,2023-04-09,141,TOR,0,108,LAA,1,-9,2,0.0,2023
718657,2023-04-09,141,TOR,0,108,LAA,0,-10,3,0.0,2023
718622,2023-04-11,141,TOR,1,116,DET,2,1,1,2161.688067916341,2023
718603,2023-04-12,141,TOR,1,116,DET,1,2,2,0.0,2023
718593,2023-04-13,141,TOR,1,116,DET,1,3,3,0.0,2023
718587,2023-04-14,141,TOR,1,139,TB,1,4,1,0.0,2023
718569,2023-04-15,141,TOR,1,139,TB,1,5,2,0.0,2023
718556,2023-04-16,141,TOR,1,139,TB,1,6,3,0.0,2023
718537,2023-04-18,141,TOR,0,117,HOU,2,-1,1,1300.2748883372112,2023
718520,2023-04-19,141,TOR,0,117,HOU,1,-2,2,0.0,2023
718501,2023-04-20,141,TOR,0,117,HOU,1,-3,3,0.0,2023
718487,2023-04-21,141,TOR,0,147,NYY,1,-4,1,1424.3629806468848,2023
718476,2023-04-22,141,TOR,0,147,NYY,1,-5,2,0.0,2023
718465,2023-04-23,141,TOR,0,147,NYY,1,-6,3,0.0,2023
718444,2023-04-24,141,TOR,1,145,CWS,1,1,1,340.2685304486618,2023
718433,2023-04-25,141,TOR,1,145,CWS,1,2,2,0.0,2023
718420,2023-04-26,141,TOR,1,145,CWS,1,3,3,0.0,2023
718392,2023-04-28,141,TOR,1,136,SEA,2,4,1,0.0,2023
718379,2023-04-29,141,TOR,1,136,SEA,1,5,2,0.0,2023
718363,2023-04-30,141,TOR,1,136,SEA,1,6,3,0.0,2023
718353,2023-05-01,141,TOR,0,111,BOS,1,-1,1,428.32913029317257,2023
718341,2023-05-02,141,TOR,0,111,BOS,1,-2,2,0.0,2023
718323,2023-05-03,141,TOR,0,111,BOS,1,-3,3,0.0,2023
718316,2023-05-04,141,TOR,0,111,BOS,1,-4,4,0.0,2023
718307,2023-05-05,141,TOR,0,134,PIT,1,-5,1,479.7911670433808,2023
718286,2023-05-06,141,TOR,0,134,PIT,1,-6,2,0.0,2023
718278,2023-05-07,141,TOR,0,134,PIT,1,-7,3,0.0,2023
718244,2023-05-09,141,TOR,0,143,PHI,2,-8,1,258.1684392529645,2023
718233,2023-05-10,141,TOR,0,143,PHI,1,-9,2,0.0,2023
718206,2023-05-12,141,TOR,1,144,ATL,2,1,1,337.49777915551493,2023
718192,2023-05-13,141,TOR,1,144,ATL,1,2,2,0.0,2023
718181,2023-05-14,141,TOR,1,144,ATL,1,3,3,0.0,2023
718164,2023-05-15,141,TOR,1,147,NYY,1,4,1,0.0,2023
718157,2023-05-16,141,TOR,1,147,NYY,1,5,2,0.0,2023
718134,2023-05-17,141,TOR,1,147,NYY,1,6,3,0.0,2023
718121,2023-05-18,141,TOR,1,147,NYY,1,7,4,0.0,2023
718115,2023-05-19,141,TOR,1,110,BAL,1,8,1,0.0,2023
718102,2023-05-20,141,TOR,1,110,BAL,1,9,2,0.0,2023
718087,2023-05-21,141,TOR,1,110,BAL,1,10,3,0.0,2023
718077,2023-05-22,141,TOR,0,139,TB,1,-1,1,1111.7297518661444,2023
718061,2023-05-23,141,TOR,0,139,TB,1,-2,2,0.0,2023
718044,2023-05-24,141,TOR,0,139,TB,1,-3,3,0.0,2023
718032,2023-05-25,141,TOR,0,139,TB,1,-4,4,0.0,2023
718013,2023-05-27,141,TOR,0,142,MIN,2,-5,1,1325.4285844846306,2023
718008,2023-05-27,141,TOR,0,142,MIN,0,-6,2,0.0,2023
717988,2023-05-28,141,TOR,0,142,MIN,1,-7,3,0.0,2023
717965,2023-05-30,141,TOR,1,158,MIL,2,1,1,692.024839424288,2023
717947,2023-05-31,141,TOR,1,158,MIL,1,2,2,0.0,2023
717942,2023-06-01,141,TOR,1,158,MIL,1,3,3,0.0,2023
717929,2023-06-02,141,TOR,0,121,NYM,1,-1,1,346.6363887095845,2023
717910,2023-06-03,141,TOR,0,121,NYM,1,-2,2,0.0,2023
717900,2023-06-04,141,TOR,0,121,NYM,1,-3,3,0.0,2023
717878,2023-06-05,141,TOR,1,117,HOU,1,1,1,346.6363887095845,2023
717871,2023-06-06,141,TOR,1,117,HOU,1,2,2,0.0,2023
717856,2023-06-07,141,TOR,1,117,HOU,1,3,3,0.0,2023
717843,2023-06-08,141,TOR,1,117,HOU,1,4,4,0.0,2023
717835,2023-06-09,141,TOR,1,142,MIN,1,5,1,0.0,2023
717822,2023-06-10,141,TOR,1,142,MIN,1,6,2,0.0,2023
717805,2023-06-11,141,TOR,1,142,MIN,1,7,3,0.0,2023
717787,2023-06-13,141,TOR,0,110,BAL,2,-1,1,333.41200779259856,2023
717769,2023-06-14,141,TOR,0,110,BAL,1,-2,2,0.0,2023
717753,2023-06-15,141,TOR,0,110,BAL,1,-3,3,0.0,2023
717723,2023-06-17,141,TOR,0,140,TEX,2,-4,1,1225.9583636520863,2023
717741,2023-06-17,141,TOR,0,140,TEX,0,-5,2,0.0,2023
717709,2023-06-18,141,TOR,0,140,TEX,1,-6,3,0.0,2023
717700,2023-06-19,141,TOR,0,146,MIA,1,-7,1,1123.019434754987,2023
717690,2023-06-20,141,TOR,0,146,MIA,1,-8,2,0.0,2023
717676,2023-06-21,141,TOR,0,146,MIA,1,-9,3,0.0,2023
717646,2023-06-23,141,TOR,1,133,OAK,2,1,1,1235.193689499836,2023
717634,2023-06-24,141,TOR,1,133,OAK,1,2,2,0.0,2023
717617,2023-06-25,141,TOR,1,133,OAK,1,3,3,0.0,2023
717604,2023-06-27,141,TOR,1,137,SF,2,4,1,0.0,2023
717586,2023-06-28,141,TOR,1,137,SF,1,5,2,0.0,2023
717564,2023-06-29,141,TOR,1,137,SF,1,6,3,0.0,2023
717555,2023-06-30,141,TOR,1,111,BOS,1,7,1,0.0,2023
717547,2023-07-01,141,TOR,1,111,BOS,1,8,2,0.0,2023
717530,2023-07-02,141,TOR,1,111,BOS,1,9,3,0.0,2023
717496,2023-07-05,141,TOR,0,145,CWS,3,-1,1,436.51941913736283,2023
717468,2023-07-06,141,TOR,0,145,CWS,0,-3,3,0.0,2023
717480,2023-07-06,141,TOR,0,145,CWS,0,-4,4,0.0,2023
717457,2023-07-07,141,TOR,0,116,DET,1,-5,1,237.7264337126216,2023
717442,2023-07-08,141,TOR,0,116,DET,1,-6,2,0.0,2023
717431,2023-07-09,141,TOR,0,116,DET,1,-7,3,0.0,2023
717420,2023-07-14,141,TOR,1,109,ARI,5,1,1,205.64835449402668,2023
717404,2023-07-15,141,TOR,1,109,ARI,1,2,2,0.0,2023
717386,2023-07-16,141,TOR,1,109,ARI,1,3,3,0.0,2023
717362,2023-07-18,141,TOR,1,135,SD,2,4,1,0.0,2023
717338,2023-07-19,141,TOR,1,135,SD,1,5,2,0.0,2023
717331,2023-07-20,141,TOR,1,135,SD,1,6,3,0.0,2023
717311,2023-07-22,141,TOR,0,136,SEA,2,-1,1,2066.462246019487,2023
717301,2023-07-22,141,TOR,0,136,SEA,0,-2,2,0.0,2023
717281,2023-07-23,141,TOR,0,136,SEA,1,-3,3,0.0,2023
717271,2023-07-25,141,TOR,0,119,LAD,2,-4,1,957.8545939923275,2023
717256,2023-07-26,141,TOR,0,119,LAD,1,-5,2,0.0,2023
717253,2023-07-26,141,TOR,0,119,LAD,0,-6,3,0.0,2023
717235,2023-07-28,141,TOR,1,108,LAA,2,1,1,2170.147803507067,2023
717222,2023-07-29,141,TOR,1,108,LAA,1,2,2,0.0,2023
717201,2023-07-30,141,TOR,1,108,LAA,1,3,3,0.0,2023
717186,2023-07-31,141,TOR,1,110,BAL,1,4,1,0.0,2023
717177,2023-08-01,141,TOR,1,110,BAL,1,5,2,0.0,2023
717157,2023-08-02,141,TOR,1,110,BAL,1,6,3,0.0,2023
717150,2023-08-03,141,TOR,1,110,BAL,1,7,4,0.0,2023
717136,2023-08-04,141,TOR,0,111,BOS,1,-1,1,428.32913029317257,2023
717125,2023-08-05,141,TOR,0,111,BOS,1,-2,2,0.0,2023
717111,2023-08-06,141,TOR,0,111,BOS,1,-3,3,0.0,2023
717087,2023-08-07,141,TOR,0,114,CLE,1,-4,1,547.1609370940174,2023
717074,2023-08-08,141,TOR,0,114,CLE,1,-5,2,0.0,2023
717060,2023-08-09,141,TOR,0,114,CLE,1,-6,3,0.0,2023
717052,2023-08-10,141,TOR,0,114,CLE,1,-7,4,0.0,2023
717041,2023-08-11,141,TOR,1,112,CHC,1,1,1,188.71684847115282,2023
717026,2023-08-12,141,TOR,1,112,CHC,1,2,2,0.0,2023
717012,2023-08-13,141,TOR,1,112,CHC,1,3,3,0.0,2023
716990,2023-08-15,141,TOR,1,143,PHI,2,4,1,0.0,2023
716967,2023-08-16,141,TOR,1,143,PHI,1,5,2,0.0,2023
716954,2023-08-18,141,TOR,0,113,CIN,2,-1,1,410.94298565561166,2023
716935,2023-08-19,141,TOR,0,113,CIN,1,-2,2,0.0,2023
716924,2023-08-20,141,TOR,0,113,CIN,1,-3,3,0.0,2023
716902,2023-08-22,141,TOR,0,110,BAL,2,-4,1,422.40795362654626,2023
716874,2023-08-23,141,TOR,0,110,BAL,1,-5,2,0.0,2023
716865,2023-08-24,141,TOR,0,110,BAL,1,-6,3,0.0,2023
716860,2023-08-25,141,TOR,1,114,CLE,1,1,1,333.41200779259856,2023
716846,2023-08-26,141,TOR,1,114,CLE,1,2,2,0.0,2023
716825,2023-08-27,141,TOR,1,114,CLE,1,3,3,0.0,2023
716816,2023-08-28,141,TOR,1,120,WSH,1,4,1,0.0,2023
716801,2023-08-29,141,TOR,1,120,WSH,1,5,2,0.0,2023
716785,2023-08-30,141,TOR,1,120,WSH,1,6,3,0.0,2023
716759,2023-09-02,141,TOR,0,115,COL,3,-1,1,1342.3524184236549,2023
716748,2023-09-03,141,TOR,0,115,COL,1,-2,2,0.0,2023
716730,2023-09-03,141,TOR,0,115,COL,0,-3,3,0.0,2023
716726,2023-09-04,141,TOR,0,133,OAK,1,-4,1,935.9586291857619,2023
716707,2023-09-06,141,TOR,0,133,OAK,2,-5,2,0.0,2023
716698,2023-09-06,141,TOR,0,133,OAK,0,-6,3,0.0,2023
716673,2023-09-08,141,TOR,1,118,KC,2,1,1,2253.7814110292547,2023
716661,2023-09-09,141,TOR,1,118,KC,1,2,2,0.0,2023
716641,2023-09-10,141,TOR,1,118,KC,1,3,3,0.0,2023
716630,2023-09-11,141,TOR,1,140,TEX,1,4,1,0.0,2023
716616,2023-09-12,141,TOR,1,140,TEX,1,5,2,0.0,2023
716594,2023-09-13,141,TOR,1,140,TEX,1,6,3,0.0,2023
716587,2023-09-14,141,TOR,1,140,TEX,1,7,4,0.0,2023
716576,2023-09-15,141,TOR,1,111,BOS,1,8,1,0.0,2023
716566,2023-09-16,141,TOR,1,111,BOS,1,9,2,0.0,2023
716548,2023-09-17,141,TOR,1,111,BOS,1,10,3,0.0,2023
716520,2023-09-19,141,TOR,0,147,NYY,2,-1,1,340.2685304486618,2023
716502,2023-09-20,141,TOR,0,147,NYY,1,-2,2,0.0,2023
716492,2023-09-21,141,TOR,0,147,NYY,1,-3,3,0.0,2023
716479,2023-09-22,141,TOR,0,139,TB,1,-4,1,1029.5381159096478,2023
716463,2023-09-23,141,TOR,0,139,TB,1,-5,2,0.0,2023
716452,2023-09-24,141,TOR,0,139,TB,1,-6,3,0.0,2023
716431,2023-09-26,141,TOR,1,147,NYY,2,1,1,1111.7297518661444,2023
716413,2023-09-27,141,TOR,1,147,NYY,1,2,2,0.0,2023
716403,2023-09-28,141,TOR,1,147,NYY,1,3,3,0.0,2023
716392,2023-09-29,141,TOR,1,139,TB,1,4,1,0.0,2023
716383,2023-09-30,141,TOR,1,139,TB,1,5,2,0.0,2023
716357,2023-10-01,141,TOR,1,139,TB,1,6,3,0.0,2023
718775,2023-03-30,142,MIN,0,118,KC,0,-1,1,414.3585559282368,2023
718751,2023-04-01,142,MIN,0,118,KC,2,-2,2,0.0,2023
718745,2023-04-02,142,MIN,0,118,KC,1,-3,3,0.0,2023
718729,2023-04-03,142,MIN,0,146,MIA,1,-4,1,1235.0191699656941,2023
718714,2023-04-04,142,MIN,0,146,MIA,1,-5,2,0.0,2023
718701,2023-04-05,142,MIN,0,146,MIA,1,-6,3,0.0,2023
718684,2023-04-07,142,MIN,1,117,HOU,1,2,2,0.0,2023
718666,2023-04-08,142,MIN,1,117,HOU,1,3,3,0.0,2023
718649,2023-04-09,142,MIN,1,117,HOU,1,4,4,0.0,2023
718640,2023-04-10,142,MIN,1,145,CWS,1,5,1,0.0,2023
718616,2023-04-11,142,MIN,1,145,CWS,1,6,2,0.0,2023
718605,2023-04-12,142,MIN,1,145,CWS,1,7,3,0.0,2023
718590,2023-04-13,142,MIN,0,147,NYY,1,-1,1,1017.7624974211766,2023
718588,2023-04-14,142,MIN,0,147,NYY,1,-2,2,0.0,2023
718572,2023-04-15,142,MIN,0,147,NYY,1,-3,3,0.0,2023
718557,2023-04-16,142,MIN,0,147,NYY,1,-4,4,0.0,2023
718524,2023-04-18,142,MIN,0,111,BOS,2,-5,1,179.88456828974768,2023
718505,2023-04-19,142,MIN,0,111,BOS,1,-6,2,0.0,2023
718497,2023-04-20,142,MIN,0,111,BOS,1,-7,3,0.0,2023
718482,2023-04-22,142,MIN,1,120,WSH,2,1,1,1119.9102367149933,2023
718468,2023-04-22,142,MIN,1,120,WSH,0,2,2,0.0,2023
718454,2023-04-23,142,MIN,1,120,WSH,1,3,3,0.0,2023
718442,2023-04-24,142,MIN,1,147,NYY,1,4,1,0.0,2023
718427,2023-04-25,142,MIN,1,147,NYY,1,5,2,0.0,2023
718417,2023-04-26,142,MIN,1,147,NYY,1,6,3,0.0,2023
718400,2023-04-27,142,MIN,1,118,KC,1,7,1,0.0,2023
718387,2023-04-28,142,MIN,1,118,KC,1,8,2,0.0,2023
718378,2023-04-29,142,MIN,1,118,KC,1,9,3,0.0,2023
718362,2023-04-30,142,MIN,1,118,KC,1,10,4,0.0,2023
718340,2023-05-02,142,MIN,0,145,CWS,2,-1,1,357.20870712294794,2023
718322,2023-05-03,142,MIN,0,145,CWS,1,-2,2,0.0,2023
718310,2023-05-04,142,MIN,0,145,CWS,1,-3,3,0.0,2023
718306,2023-05-05,142,MIN,0,114,CLE,1,-4,1,307.8720964038074,2023
718285,2023-05-06,142,MIN,0,114,CLE,1,-5,2,0.0,2023
718273,2023-05-07,142,MIN,0,114,CLE,1,-6,3,0.0,2023
718242,2023-05-09,142,MIN,1,135,SD,2,1,1,630.5553923040089,2023
718224,2023-05-10,142,MIN,1,135,SD,1,2,2,0.0,2023
718216,2023-05-11,142,MIN,1,135,SD,1,3,3,0.0,2023
718195,2023-05-13,142,MIN,1,112,CHC,2,4,1,0.0,2023
718209,2023-05-13,142,MIN,1,112,CHC,0,5,2,0.0,2023
718175,2023-05-14,142,MIN,1,112,CHC,1,6,3,0.0,2023
718159,2023-05-16,142,MIN,0,119,LAD,2,-1,1,1519.9504822292802,2023
718141,2023-05-17,142,MIN,0,119,LAD,1,-2,2,0.0,2023
718136,2023-05-17,142,MIN,0,119,LAD,0,-3,3,0.0,2023
718106,2023-05-20,142,MIN,0,108,LAA,3,-4,1,27.87381208188066,2023
718096,2023-05-21,142,MIN,0,108,LAA,1,-5,2,0.0,2023
718080,2023-05-21,142,MIN,0,108,LAA,0,-6,3,0.0,2023
718067,2023-05-22,142,MIN,1,137,SF,1,1,1,1515.2340388389878,2023
718054,2023-05-23,142,MIN,1,137,SF,1,2,2,0.0,2023
718047,2023-05-24,142,MIN,1,137,SF,1,3,3,0.0,2023
718013,2023-05-27,142,MIN,1,141,TOR,3,4,1,0.0,2023
718008,2023-05-27,142,MIN,1,141,TOR,0,5,2,0.0,2023
717988,2023-05-28,142,MIN,1,141,TOR,1,6,3,0.0,2023
717968,2023-05-29,142,MIN,0,117,HOU,1,-1,1,1058.038361560939,2023
717956,2023-05-31,142,MIN,0,117,HOU,2,-2,2,0.0,2023
717938,2023-06-01,142,MIN,0,117,HOU,1,-3,3,0.0,2023
717937,2023-06-01,142,MIN,1,114,CLE,0,1,1,1058.038361560939,2023
717924,2023-06-03,142,MIN,1,114,CLE,2,2,2,0.0,2023
717913,2023-06-03,142,MIN,1,114,CLE,0,3,3,0.0,2023
717895,2023-06-04,142,MIN,1,114,CLE,1,4,4,0.0,2023
717882,2023-06-06,142,MIN,0,139,TB,2,-1,1,1325.4285844846306,2023
717859,2023-06-07,142,MIN,0,139,TB,1,-2,2,0.0,2023
717845,2023-06-08,142,MIN,0,139,TB,1,-3,3,0.0,2023
717835,2023-06-09,142,MIN,0,141,TOR,1,-4,1,1111.7297518661444,2023
717822,2023-06-10,142,MIN,0,141,TOR,1,-5,2,0.0,2023
717805,2023-06-11,142,MIN,0,141,TOR,1,-6,3,0.0,2023
717783,2023-06-13,142,MIN,1,158,MIL,2,1,1,692.024839424288,2023
717771,2023-06-14,142,MIN,1,158,MIL,1,2,2,0.0,2023
717752,2023-06-15,142,MIN,1,116,DET,1,3,1,0.0,2023
717738,2023-06-17,142,MIN,1,116,DET,2,4,2,0.0,2023
717728,2023-06-17,142,MIN,1,116,DET,0,5,3,0.0,2023
717711,2023-06-18,142,MIN,1,116,DET,1,6,4,0.0,2023
717693,2023-06-19,142,MIN,1,111,BOS,1,7,1,0.0,2023
717683,2023-06-20,142,MIN,1,111,BOS,1,8,2,0.0,2023
717665,2023-06-21,142,MIN,1,111,BOS,1,9,3,0.0,2023
717658,2023-06-22,142,MIN,1,111,BOS,1,10,4,0.0,2023
717647,2023-06-23,142,MIN,0,116,DET,1,-1,1,542.5071369450939,2023
717633,2023-06-24,142,MIN,0,116,DET,1,-2,2,0.0,2023
717621,2023-06-25,142,MIN,0,116,DET,1,-3,3,0.0,2023
717609,2023-06-26,142,MIN,0,144,ATL,1,-4,1,588.8013172467564,2023
717600,2023-06-27,142,MIN,0,144,ATL,1,-5,2,0.0,2023
717588,2023-06-28,142,MIN,0,144,ATL,1,-6,3,0.0,2023
717561,2023-06-30,142,MIN,0,110,BAL,2,-7,1,572.6096280104865,2023
717541,2023-07-01,142,MIN,0,110,BAL,1,-8,2,0.0,2023
717529,2023-07-02,142,MIN,0,110,BAL,1,-9,3,0.0,2023
717510,2023-07-04,142,MIN,1,118,KC,2,1,1,937.5839769032132,2023
717500,2023-07-04,142,MIN,1,118,KC,0,2,2,0.0,2023
717482,2023-07-05,142,MIN,1,118,KC,1,3,3,0.0,2023
717458,2023-07-08,142,MIN,1,110,BAL,3,4,1,0.0,2023
717446,2023-07-08,142,MIN,1,110,BAL,0,5,2,0.0,2023
717428,2023-07-09,142,MIN,1,110,BAL,1,6,3,0.0,2023
717409,2023-07-15,142,MIN,0,133,OAK,6,-1,1,1571.0292537363316,2023
717399,2023-07-15,142,MIN,0,133,OAK,0,-2,2,0.0,2023
717379,2023-07-16,142,MIN,0,133,OAK,1,-3,3,0.0,2023
717365,2023-07-18,142,MIN,0,136,SEA,2,-4,1,679.9392003432476,2023
717350,2023-07-19,142,MIN,0,136,SEA,1,-5,2,0.0,2023
717335,2023-07-20,142,MIN,0,136,SEA,1,-6,3,0.0,2023
717327,2023-07-20,142,MIN,0,136,SEA,0,-7,4,0.0,2023
717314,2023-07-22,142,MIN,1,145,CWS,2,1,1,1390.7389323897291,2023
717293,2023-07-22,142,MIN,1,145,CWS,0,2,2,0.0,2023
717285,2023-07-23,142,MIN,1,145,CWS,1,3,3,0.0,2023
717275,2023-07-24,142,MIN,1,136,SEA,1,4,1,0.0,2023
717264,2023-07-25,142,MIN,1,136,SEA,1,5,2,0.0,2023
717250,2023-07-26,142,MIN,1,136,SEA,1,6,3,0.0,2023
717232,2023-07-29,142,MIN,0,118,KC,3,-1,1,414.3585559282368,2023
717207,2023-07-29,142,MIN,0,118,KC,0,-2,2,0.0,2023
717198,2023-07-30,142,MIN,0,118,KC,1,-3,3,0.0,2023
717174,2023-08-01,142,MIN,0,138,STL,2,-4,1,232.6374617718515,2023
717155,2023-08-02,142,MIN,0,138,STL,1,-5,2,0.0,2023
717145,2023-08-03,142,MIN,0,138,STL,1,-6,3,0.0,2023
717118,2023-08-05,142,MIN,1,109,ARI,2,1,1,467.15187795921247,2023
717128,2023-08-05,142,MIN,1,109,ARI,0,2,2,0.0,2023
717106,2023-08-06,142,MIN,1,109,ARI,1,3,3,0.0,2023
717091,2023-08-07,142,MIN,0,116,DET,1,-1,1,542.5071369450939,2023
717076,2023-08-08,142,MIN,0,116,DET,1,-2,2,0.0,2023
717061,2023-08-09,142,MIN,0,116,DET,1,-3,3,0.0,2023
717050,2023-08-10,142,MIN,0,116,DET,1,-4,4,0.0,2023
717044,2023-08-11,142,MIN,0,143,PHI,1,-5,1,443.15200200788263,2023
717028,2023-08-12,142,MIN,0,143,PHI,1,-6,2,0.0,2023
717009,2023-08-13,142,MIN,0,143,PHI,1,-7,3,0.0,2023
716983,2023-08-15,142,MIN,1,116,DET,2,1,1,985.2054759251868,2023
716976,2023-08-16,142,MIN,1,116,DET,1,2,2,0.0,2023
716951,2023-08-19,142,MIN,1,134,PIT,3,3,1,0.0,2023
716936,2023-08-19,142,MIN,1,134,PIT,0,4,2,0.0,2023
716923,2023-08-20,142,MIN,1,134,PIT,1,5,3,0.0,2023
716894,2023-08-23,142,MIN,0,158,MIL,3,-1,1,296.19869216933046,2023
716882,2023-08-23,142,MIN,0,158,MIL,0,-2,2,0.0,2023
716867,2023-08-24,142,MIN,1,140,TEX,1,1,1,296.19869216933046,2023
716850,2023-08-26,142,MIN,1,140,TEX,2,2,2,0.0,2023
716839,2023-08-26,142,MIN,1,140,TEX,0,3,3,0.0,2023
716824,2023-08-27,142,MIN,1,140,TEX,1,4,4,0.0,2023
716813,2023-08-28,142,MIN,1,114,CLE,1,5,1,0.0,2023
716796,2023-08-29,142,MIN,1,114,CLE,1,6,2,0.0,2023
716784,2023-08-30,142,MIN,1,114,CLE,1,7,3,0.0,2023
716772,2023-09-02,142,MIN,0,140,TEX,3,-1,1,869.2690937301206,2023
716752,2023-09-02,142,MIN,0,140,TEX,0,-2,2,0.0,2023
716737,2023-09-03,142,MIN,0,140,TEX,1,-3,3,0.0,2023
716719,2023-09-04,142,MIN,0,114,CLE,1,-4,1,1038.947571490186,2023
716717,2023-09-05,142,MIN,0,114,CLE,1,-5,2,0.0,2023
716700,2023-09-06,142,MIN,0,114,CLE,1,-6,3,0.0,2023
716654,2023-09-09,142,MIN,1,121,NYM,3,1,1,630.5553923040089,2023
716666,2023-09-09,142,MIN,1,121,NYM,0,2,2,0.0,2023
716639,2023-09-10,142,MIN,1,121,NYM,1,3,3,0.0,2023
716629,2023-09-11,142,MIN,1,139,TB,1,4,1,0.0,2023
716613,2023-09-12,142,MIN,1,139,TB,1,5,2,0.0,2023
716607,2023-09-13,142,MIN,1,139,TB,1,6,3,0.0,2023
716580,2023-09-14,142,MIN,0,145,CWS,1,-1,1,357.20870712294794,2023
716573,2023-09-15,142,MIN,0,145,CWS,1,-2,2,0.0,2023
716556,2023-09-16,142,MIN,0,145,CWS,1,-3,3,0.0,2023
716542,2023-09-17,142,MIN,0,145,CWS,1,-4,4,0.0,2023
716534,2023-09-18,142,MIN,0,113,CIN,1,-5,1,250.2317582935162,2023
716522,2023-09-19,142,MIN,0,113,CIN,1,-6,2,0.0,2023
716506,2023-09-20,142,MIN,0,113,CIN,1,-7,3,0.0,2023
716475,2023-09-23,142,MIN,1,108,LAA,3,1,1,605.8281829837056,2023
716465,2023-09-23,142,MIN,1,108,LAA,0,2,2,0.0,2023
716445,2023-09-24,142,MIN,1,108,LAA,1,3,3,0.0,2023
716421,2023-09-26,142,MIN,1,133,OAK,2,4,1,0.0,2023
716410,2023-09-27,142,MIN,1,133,OAK,1,5,2,0.0,2023
716400,2023-09-28,142,MIN,1,133,OAK,1,6,3,0.0,2023
716387,2023-09-30,142,MIN,0,115,COL,2,-1,1,697.6486501293384,2023
716368,2023-10-01,142,MIN,0,115,COL,1,-2,2,0.0,2023
716359,2023-10-01,142,MIN,0,115,COL,0,-3,3,0.0,2023
718779,2023-03-30,143,PHI,0,140,TEX,0,-1,1,1312.0282758431574,2023
718752,2023-04-01,143,PHI,0,140,TEX,2,-2,2,0.0,2023
718739,2023-04-02,143,PHI,0,140,TEX,1,-3,3,0.0,2023
718725,2023-04-03,143,PHI,0,147,NYY,1,-4,1,1392.1915186769138,2023
718710,2023-04-04,143,PHI,0,147,NYY,1,-5,2,0.0,2023
718699,2023-04-05,143,PHI,0,147,NYY,1,-6,3,0.0,2023
718685,2023-04-07,143,PHI,1,113,CIN,1,2,2,0.0,2023
718668,2023-04-08,143,PHI,1,113,CIN,1,3,3,0.0,2023
718652,2023-04-09,143,PHI,1,113,CIN,1,4,4,0.0,2023
718633,2023-04-10,143,PHI,1,146,MIA,1,5,1,0.0,2023
718619,2023-04-11,143,PHI,1,146,MIA,1,6,2,0.0,2023
718609,2023-04-12,143,PHI,1,146,MIA,1,7,3,0.0,2023
718597,2023-04-13,143,PHI,0,113,CIN,1,-1,1,500.9471415614062,2023
718586,2023-04-14,143,PHI,0,113,CIN,1,-2,2,0.0,2023
718566,2023-04-15,143,PHI,0,113,CIN,1,-3,3,0.0,2023
718554,2023-04-16,143,PHI,0,113,CIN,1,-4,4,0.0,2023
718543,2023-04-18,143,PHI,0,145,CWS,1,-6,2,0.0,2023
718525,2023-04-18,143,PHI,0,145,CWS,0,-7,3,0.0,2023
718510,2023-04-19,143,PHI,0,145,CWS,1,-8,4,0.0,2023
718498,2023-04-20,143,PHI,1,115,COL,1,1,1,664.2387944369237,2023
718493,2023-04-21,143,PHI,1,115,COL,1,2,2,0.0,2023
718475,2023-04-22,143,PHI,1,115,COL,1,3,3,0.0,2023
718458,2023-04-23,143,PHI,1,115,COL,1,4,4,0.0,2023
718430,2023-04-25,143,PHI,1,136,SEA,2,5,1,0.0,2023
718415,2023-04-26,143,PHI,1,136,SEA,1,6,2,0.0,2023
718404,2023-04-27,143,PHI,1,136,SEA,1,7,3,0.0,2023
718372,2023-04-29,143,PHI,0,117,HOU,2,-1,1,1337.9314503801108,2023
718389,2023-04-29,143,PHI,0,117,HOU,0,-2,2,0.0,2023
718354,2023-04-30,143,PHI,0,117,HOU,1,-3,3,0.0,2023
718343,2023-05-02,143,PHI,0,119,LAD,2,-4,1,1371.826913752917,2023
718331,2023-05-03,143,PHI,0,119,LAD,1,-5,2,0.0,2023
718327,2023-05-03,143,PHI,0,119,LAD,0,-6,3,0.0,2023
718301,2023-05-05,143,PHI,1,111,BOS,2,1,1,2387.7509871644193,2023
718284,2023-05-06,143,PHI,1,111,BOS,1,2,2,0.0,2023
718270,2023-05-07,143,PHI,1,111,BOS,1,3,3,0.0,2023
718244,2023-05-09,143,PHI,1,141,TOR,2,4,1,0.0,2023
718233,2023-05-10,143,PHI,1,141,TOR,1,5,2,0.0,2023
718202,2023-05-13,143,PHI,0,115,COL,3,-1,1,1575.3272730725726,2023
718174,2023-05-14,143,PHI,0,115,COL,1,-2,2,0.0,2023
718188,2023-05-14,143,PHI,0,115,COL,0,-3,3,0.0,2023
718170,2023-05-16,143,PHI,0,137,SF,2,-4,1,945.5308694116128,2023
718156,2023-05-17,143,PHI,0,137,SF,1,-5,2,0.0,2023
718143,2023-05-17,143,PHI,0,137,SF,0,-6,3,0.0,2023
718116,2023-05-19,143,PHI,1,112,CHC,2,1,1,2515.920678646169,2023
718097,2023-05-20,143,PHI,1,112,CHC,1,2,2,0.0,2023
718088,2023-05-21,143,PHI,1,112,CHC,1,3,3,0.0,2023
718073,2023-05-22,143,PHI,1,109,ARI,1,4,1,0.0,2023
718060,2023-05-23,143,PHI,1,109,ARI,1,5,2,0.0,2023
718043,2023-05-24,143,PHI,1,109,ARI,1,6,3,0.0,2023
718026,2023-05-25,143,PHI,0,144,ATL,1,-1,1,660.3458671025634,2023
718019,2023-05-26,143,PHI,0,144,ATL,1,-2,2,0.0,2023
717997,2023-05-27,143,PHI,0,144,ATL,1,-3,3,0.0,2023
717992,2023-05-28,143,PHI,0,144,ATL,1,-4,4,0.0,2023
717962,2023-05-30,143,PHI,0,121,NYM,2,-5,1,751.1805618659844,2023
717944,2023-05-31,143,PHI,0,121,NYM,1,-6,2,0.0,2023
717934,2023-06-01,143,PHI,0,121,NYM,1,-7,3,0.0,2023
717935,2023-06-02,143,PHI,0,120,WSH,1,-8,1,212.3563770011718,2023
717914,2023-06-03,143,PHI,0,120,WSH,1,-9,2,0.0,2023
717902,2023-06-04,143,PHI,0,120,WSH,1,-10,3,0.0,2023
717886,2023-06-05,143,PHI,1,116,DET,1,1,1,121.48691857607562,2023
717875,2023-06-06,143,PHI,1,116,DET,1,2,2,0.0,2023
717862,2023-06-08,143,PHI,1,116,DET,1,4,4,0.0,2023
717837,2023-06-09,143,PHI,1,119,LAD,1,5,1,0.0,2023
717811,2023-06-10,143,PHI,1,119,LAD,1,6,2,0.0,2023
717806,2023-06-11,143,PHI,1,119,LAD,1,7,3,0.0,2023
717785,2023-06-13,143,PHI,0,109,ARI,2,-1,1,2077.6302509220623,2023
717775,2023-06-14,143,PHI,0,109,ARI,1,-2,2,0.0,2023
717757,2023-06-15,143,PHI,0,109,ARI,1,-3,3,0.0,2023
717755,2023-06-15,143,PHI,0,109,ARI,0,-4,4,0.0,2023
717725,2023-06-17,143,PHI,0,133,OAK,2,-5,1,641.9010628899154,2023
717735,2023-06-17,143,PHI,0,133,OAK,0,-6,2,0.0,2023
717705,2023-06-18,143,PHI,0,133,OAK,1,-7,3,0.0,2023
717689,2023-06-20,143,PHI,1,144,ATL,2,1,1,2506.7279595630266,2023
717657,2023-06-22,143,PHI,1,144,ATL,1,3,3,0.0,2023
717656,2023-06-23,143,PHI,1,121,NYM,1,4,1,0.0,2023
717635,2023-06-24,143,PHI,1,121,NYM,1,5,2,0.0,2023
717624,2023-06-25,143,PHI,1,121,NYM,1,6,3,0.0,2023
717596,2023-06-28,143,PHI,0,112,CHC,3,-1,1,666.436342674126,2023
717584,2023-06-29,143,PHI,0,112,CHC,1,-2,2,0.0,2023
717563,2023-06-30,143,PHI,1,120,WSH,1,1,1,666.436342674126,2023
717567,2023-06-30,143,PHI,0,112,CHC,0,-1,1,666.436342674126,2023
717543,2023-07-01,143,PHI,1,120,WSH,1,1,1,666.436342674126,2023
717528,2023-07-02,143,PHI,1,120,WSH,1,2,2,0.0,2023
717499,2023-07-04,143,PHI,0,139,TB,2,-1,1,941.4579426846607,2023
717491,2023-07-05,143,PHI,0,139,TB,1,-2,2,0.0,2023
717472,2023-07-06,143,PHI,0,139,TB,1,-3,3,0.0,2023
717466,2023-07-07,143,PHI,0,146,MIA,1,-4,1,203.5855811594844,2023
717438,2023-07-08,143,PHI,0,146,MIA,1,-5,2,0.0,2023
717426,2023-07-09,143,PHI,0,146,MIA,1,-6,3,0.0,2023
717418,2023-07-14,143,PHI,1,135,SD,5,1,1,1018.8446832841317,2023
717397,2023-07-15,143,PHI,1,135,SD,1,2,2,0.0,2023
717408,2023-07-15,143,PHI,1,135,SD,0,3,3,0.0,2023
717387,2023-07-16,143,PHI,1,135,SD,1,4,4,0.0,2023
717363,2023-07-18,143,PHI,1,158,MIL,2,5,1,0.0,2023
717347,2023-07-19,143,PHI,1,158,MIL,1,6,2,0.0,2023
717329,2023-07-20,143,PHI,1,158,MIL,1,7,3,0.0,2023
717315,2023-07-21,143,PHI,0,114,CLE,1,-1,1,358.6103362183685,2023
717302,2023-07-22,143,PHI,0,114,CLE,1,-2,2,0.0,2023
717283,2023-07-23,143,PHI,0,114,CLE,1,-3,3,0.0,2023
717280,2023-07-24,143,PHI,1,110,BAL,1,1,1,358.6103362183685,2023
717267,2023-07-25,143,PHI,1,110,BAL,1,2,2,0.0,2023
717245,2023-07-26,143,PHI,1,110,BAL,1,3,3,0.0,2023
717234,2023-07-28,143,PHI,0,134,PIT,2,-1,1,258.1684392529645,2023
717216,2023-07-29,143,PHI,0,134,PIT,1,-2,2,0.0,2023
717208,2023-07-30,143,PHI,0,134,PIT,1,-3,3,0.0,2023
717189,2023-07-31,143,PHI,0,146,MIA,1,-4,1,1013.6533818001047,2023
717182,2023-08-01,143,PHI,0,146,MIA,1,-5,2,0.0,2023
717159,2023-08-02,143,PHI,0,146,MIA,1,-6,3,0.0,2023
717147,2023-08-03,143,PHI,0,146,MIA,1,-7,4,0.0,2023
717140,2023-08-04,143,PHI,1,118,KC,1,1,1,1018.8446832841317,2023
717123,2023-08-05,143,PHI,1,118,KC,1,2,2,0.0,2023
717113,2023-08-06,143,PHI,1,118,KC,1,3,3,0.0,2023
717082,2023-08-08,143,PHI,1,120,WSH,1,5,2,0.0,2023
717096,2023-08-08,143,PHI,1,120,WSH,0,6,3,0.0,2023
717066,2023-08-09,143,PHI,1,120,WSH,1,7,4,0.0,2023
717049,2023-08-10,143,PHI,1,120,WSH,1,8,5,0.0,2023
717044,2023-08-11,143,PHI,1,142,MIN,1,9,1,0.0,2023
717028,2023-08-12,143,PHI,1,142,MIN,1,10,2,0.0,2023
717009,2023-08-13,143,PHI,1,142,MIN,1,11,3,0.0,2023
716990,2023-08-15,143,PHI,0,141,TOR,2,-1,1,337.49777915551493,2023
716967,2023-08-16,143,PHI,0,141,TOR,1,-2,2,0.0,2023
716960,2023-08-18,143,PHI,0,120,WSH,2,-3,1,351.9086807419245,2023
716941,2023-08-19,143,PHI,0,120,WSH,1,-4,2,0.0,2023
716929,2023-08-20,143,PHI,0,120,WSH,1,-5,3,0.0,2023
716911,2023-08-21,143,PHI,1,137,SF,1,1,1,121.48691857607562,2023
716899,2023-08-22,143,PHI,1,137,SF,1,2,2,0.0,2023
716879,2023-08-23,143,PHI,1,137,SF,1,3,3,0.0,2023
716861,2023-08-25,143,PHI,1,138,STL,2,4,1,0.0,2023
716847,2023-08-26,143,PHI,1,138,STL,1,5,2,0.0,2023
716835,2023-08-27,143,PHI,1,138,STL,1,6,3,0.0,2023
716817,2023-08-28,143,PHI,1,108,LAA,1,7,1,0.0,2023
716806,2023-08-29,143,PHI,1,108,LAA,1,8,2,0.0,2023
716787,2023-08-30,143,PHI,1,108,LAA,1,9,3,0.0,2023
716765,2023-09-02,143,PHI,0,158,MIL,3,-1,1,696.3664086049965,2023
716745,2023-09-02,143,PHI,0,158,MIL,0,-2,2,0.0,2023
716736,2023-09-03,143,PHI,0,158,MIL,1,-3,3,0.0,2023
716720,2023-09-04,143,PHI,0,135,SD,1,-4,1,1732.8547359706142,2023
716703,2023-09-06,143,PHI,0,135,SD,2,-5,2,0.0,2023
716691,2023-09-06,143,PHI,0,135,SD,0,-6,3,0.0,2023
716679,2023-09-08,143,PHI,1,146,MIA,2,1,1,2367.9373803347366,2023
716653,2023-09-09,143,PHI,1,146,MIA,1,2,2,0.0,2023
716643,2023-09-10,143,PHI,1,146,MIA,1,3,3,0.0,2023
716590,2023-09-11,143,PHI,1,144,ATL,1,4,1,0.0,2023
717664,2023-09-11,143,PHI,1,144,ATL,0,5,2,0.0,2023
716618,2023-09-12,143,PHI,1,144,ATL,1,6,3,0.0,2023
716603,2023-09-13,143,PHI,1,144,ATL,1,7,4,0.0,2023
716572,2023-09-16,143,PHI,0,138,STL,3,-1,1,807.7790398828691,2023
716557,2023-09-16,143,PHI,0,138,STL,0,-2,2,0.0,2023
716541,2023-09-17,143,PHI,0,138,STL,1,-3,3,0.0,2023
716532,2023-09-18,143,PHI,0,144,ATL,1,-4,1,456.58876384408995,2023
716521,2023-09-19,143,PHI,0,144,ATL,1,-5,2,0.0,2023
716509,2023-09-20,143,PHI,0,144,ATL,1,-6,3,0.0,2023
716490,2023-09-21,143,PHI,1,121,NYM,1,1,1,660.3458671025634,2023
716481,2023-09-22,143,PHI,1,121,NYM,1,2,2,0.0,2023
716466,2023-09-23,143,PHI,1,121,NYM,1,3,3,0.0,2023
716454,2023-09-24,143,PHI,1,121,NYM,1,4,4,0.0,2023
716432,2023-09-26,143,PHI,1,134,PIT,2,5,1,0.0,2023
716415,2023-09-27,143,PHI,1,134,PIT,1,6,2,0.0,2023
716409,2023-09-28,143,PHI,1,134,PIT,1,7,3,0.0,2023
716376,2023-09-30,143,PHI,0,121,NYM,1,-2,2,0.0,2023
716393,2023-09-30,143,PHI,0,121,NYM,0,-3,3,0.0,2023
716355,2023-10-01,143,PHI,0,121,NYM,1,-4,4,0.0,2023
718780,2023-03-30,144,ATL,0,120,WSH,0,-1,1,538.869727266714,2023
718753,2023-04-01,144,ATL,0,120,WSH,2,-2,2,0.0,2023
718743,2023-04-02,144,ATL,0,120,WSH,1,-3,3,0.0,2023
718727,2023-04-03,144,ATL,0,138,STL,1,-4,1,710.1515945615764,2023
718711,2023-04-04,144,ATL,0,138,STL,1,-5,2,0.0,2023
718697,2023-04-05,144,ATL,0,138,STL,1,-6,3,0.0,2023
718681,2023-04-06,144,ATL,1,135,SD,1,1,1,456.58876384408995,2023
718676,2023-04-07,144,ATL,1,135,SD,1,2,2,0.0,2023
718659,2023-04-08,144,ATL,1,135,SD,1,3,3,0.0,2023
718648,2023-04-09,144,ATL,1,135,SD,1,4,4,0.0,2023
718636,2023-04-10,144,ATL,1,113,CIN,1,5,1,0.0,2023
718620,2023-04-11,144,ATL,1,113,CIN,1,6,2,0.0,2023
718601,2023-04-12,144,ATL,1,113,CIN,1,7,3,0.0,2023
718579,2023-04-15,144,ATL,0,118,KC,3,-1,1,660.1950472349462,2023
718563,2023-04-15,144,ATL,0,118,KC,0,-2,2,0.0,2023
718551,2023-04-16,144,ATL,0,118,KC,1,-3,3,0.0,2023
718533,2023-04-18,144,ATL,0,135,SD,2,-4,1,1338.8342274624279,2023
718519,2023-04-19,144,ATL,0,135,SD,1,-5,2,0.0,2023
718507,2023-04-19,144,ATL,0,135,SD,0,-6,3,0.0,2023
718489,2023-04-21,144,ATL,1,117,HOU,2,1,1,1881.7053801870268,2023
718471,2023-04-22,144,ATL,1,117,HOU,1,2,2,0.0,2023
718462,2023-04-23,144,ATL,1,117,HOU,1,3,3,0.0,2023
718443,2023-04-24,144,ATL,1,146,MIA,1,4,1,0.0,2023
718429,2023-04-25,144,ATL,1,146,MIA,1,5,2,0.0,2023
718411,2023-04-26,144,ATL,1,146,MIA,1,6,3,0.0,2023
718410,2023-04-27,144,ATL,1,146,MIA,1,7,4,0.0,2023
718394,2023-04-28,144,ATL,0,121,NYM,1,-1,1,751.1805618659844,2023
718361,2023-05-01,144,ATL,0,121,NYM,1,-4,4,0.0,2023
718352,2023-05-01,144,ATL,0,121,NYM,0,-5,5,0.0,2023
718346,2023-05-02,144,ATL,0,146,MIA,1,-6,1,1097.7414335980382,2023
718321,2023-05-03,144,ATL,0,146,MIA,1,-7,2,0.0,2023
718308,2023-05-04,144,ATL,0,146,MIA,1,-8,3,0.0,2023
718298,2023-05-05,144,ATL,1,110,BAL,1,1,1,615.50817708501,2023
718283,2023-05-06,144,ATL,1,110,BAL,1,2,2,0.0,2023
718277,2023-05-07,144,ATL,1,110,BAL,1,3,3,0.0,2023
718245,2023-05-09,144,ATL,1,111,BOS,2,4,1,0.0,2023
718220,2023-05-10,144,ATL,1,111,BOS,1,5,2,0.0,2023
718206,2023-05-12,144,ATL,0,141,TOR,2,-1,1,726.7999515006941,2023
718192,2023-05-13,144,ATL,0,141,TOR,1,-2,2,0.0,2023
718181,2023-05-14,144,ATL,0,141,TOR,1,-3,3,0.0,2023
718165,2023-05-16,144,ATL,0,140,TEX,2,-4,1,1216.0025005666878,2023
718148,2023-05-17,144,ATL,0,140,TEX,1,-5,2,0.0,2023
718126,2023-05-18,144,ATL,0,140,TEX,1,-6,3,0.0,2023
718110,2023-05-19,144,ATL,1,136,SEA,1,1,1,732.1662127163514,2023
718094,2023-05-20,144,ATL,1,136,SEA,1,2,2,0.0,2023
718090,2023-05-21,144,ATL,1,136,SEA,1,3,3,0.0,2023
718074,2023-05-22,144,ATL,1,119,LAD,1,4,1,0.0,2023
718057,2023-05-23,144,ATL,1,119,LAD,1,5,2,0.0,2023
718042,2023-05-24,144,ATL,1,119,LAD,1,6,3,0.0,2023
718026,2023-05-25,144,ATL,1,143,PHI,1,7,1,0.0,2023
718019,2023-05-26,144,ATL,1,143,PHI,1,8,2,0.0,2023
717997,2023-05-27,144,ATL,1,143,PHI,1,9,3,0.0,2023
717992,2023-05-28,144,ATL,1,143,PHI,1,10,4,0.0,2023
717970,2023-05-30,144,ATL,0,133,OAK,2,-1,1,2116.4747287111013,2023
717958,2023-05-31,144,ATL,0,133,OAK,1,-2,2,0.0,2023
717949,2023-05-31,144,ATL,0,133,OAK,0,-3,3,0.0,2023
717919,2023-06-03,144,ATL,0,109,ARI,3,-4,1,641.9010628899154,2023
717901,2023-06-04,144,ATL,0,109,ARI,1,-5,2,0.0,2023
717892,2023-06-04,144,ATL,0,109,ARI,0,-6,3,0.0,2023
717872,2023-06-06,144,ATL,1,121,NYM,2,1,1,1582.6424392854756,2023
717850,2023-06-07,144,ATL,1,121,NYM,1,2,2,0.0,2023
717840,2023-06-08,144,ATL,1,121,NYM,1,3,3,0.0,2023
717829,2023-06-09,144,ATL,1,120,WSH,1,4,1,0.0,2023
717816,2023-06-10,144,ATL,1,120,WSH,1,5,2,0.0,2023
717807,2023-06-11,144,ATL,1,120,WSH,1,6,3,0.0,2023
717790,2023-06-12,144,ATL,0,116,DET,1,-1,1,588.8013172467564,2023
717770,2023-06-14,144,ATL,0,116,DET,1,-3,3,0.0,2023
717784,2023-06-14,144,ATL,0,116,DET,0,-4,4,0.0,2023
717754,2023-06-15,144,ATL,1,115,COL,1,1,1,588.8013172467564,2023
717745,2023-06-16,144,ATL,1,115,COL,1,2,2,0.0,2023
717724,2023-06-17,144,ATL,1,115,COL,1,3,3,0.0,2023
717716,2023-06-18,144,ATL,1,115,COL,1,4,4,0.0,2023
717689,2023-06-20,144,ATL,0,143,PHI,2,-1,1,660.3458671025634,2023
717657,2023-06-22,144,ATL,0,143,PHI,1,-3,3,0.0,2023
717650,2023-06-23,144,ATL,0,113,CIN,1,-4,1,500.9471415614062,2023
717631,2023-06-24,144,ATL,0,113,CIN,1,-5,2,0.0,2023
717618,2023-06-25,144,ATL,0,113,CIN,1,-6,3,0.0,2023
717609,2023-06-26,144,ATL,1,142,MIN,1,1,1,359.8050212534856,2023
717600,2023-06-27,144,ATL,1,142,MIN,1,2,2,0.0,2023
717588,2023-06-28,144,ATL,1,142,MIN,1,3,3,0.0,2023
717558,2023-06-30,144,ATL,1,146,MIA,2,4,1,0.0,2023
717536,2023-07-01,144,ATL,1,146,MIA,1,5,2,0.0,2023
717532,2023-07-02,144,ATL,1,146,MIA,1,6,3,0.0,2023
717512,2023-07-03,144,ATL,0,114,CLE,1,-1,1,547.0068450040225,2023
717495,2023-07-04,144,ATL,0,114,CLE,1,-2,2,0.0,2023
717486,2023-07-05,144,ATL,0,114,CLE,1,-3,3,0.0,2023
717460,2023-07-07,144,ATL,0,139,TB,2,-4,1,950.1419996181558,2023
717441,2023-07-08,144,ATL,0,139,TB,1,-5,2,0.0,2023
717429,2023-07-09,144,ATL,0,139,TB,1,-6,3,0.0,2023
717414,2023-07-14,144,ATL,1,145,CWS,5,1,1,436.50640754877156,2023
717395,2023-07-15,144,ATL,1,145,CWS,1,2,2,0.0,2023
717391,2023-07-16,144,ATL,1,145,CWS,1,3,3,0.0,2023
717358,2023-07-18,144,ATL,1,109,ARI,2,4,1,0.0,2023
717340,2023-07-19,144,ATL,1,109,ARI,1,5,2,0.0,2023
717337,2023-07-20,144,ATL,1,109,ARI,1,6,3,0.0,2023
717313,2023-07-22,144,ATL,0,158,MIL,2,-1,1,659.030112248539,2023
717296,2023-07-22,144,ATL,0,158,MIL,0,-2,2,0.0,2023
717287,2023-07-23,144,ATL,0,158,MIL,1,-3,3,0.0,2023
717261,2023-07-25,144,ATL,0,111,BOS,2,-4,1,856.8965719703916,2023
717242,2023-07-26,144,ATL,0,111,BOS,1,-5,2,0.0,2023
717231,2023-07-28,144,ATL,1,158,MIL,2,1,1,930.6114003294933,2023
717211,2023-07-29,144,ATL,1,158,MIL,1,2,2,0.0,2023
717206,2023-07-30,144,ATL,1,158,MIL,1,3,3,0.0,2023
717187,2023-07-31,144,ATL,1,108,LAA,1,4,1,0.0,2023
717176,2023-08-01,144,ATL,1,108,LAA,1,5,2,0.0,2023
717165,2023-08-02,144,ATL,1,108,LAA,1,6,3,0.0,2023
717141,2023-08-04,144,ATL,0,112,CHC,2,-1,1,583.1187828539541,2023
717121,2023-08-05,144,ATL,0,112,CHC,1,-2,2,0.0,2023
717098,2023-08-06,144,ATL,0,112,CHC,1,-3,3,0.0,2023
717095,2023-08-07,144,ATL,0,134,PIT,1,-4,1,410.8665423703318,2023
717079,2023-08-08,144,ATL,0,134,PIT,1,-5,2,0.0,2023
717058,2023-08-09,144,ATL,0,134,PIT,1,-6,3,0.0,2023
717056,2023-08-10,144,ATL,0,134,PIT,1,-7,4,0.0,2023
717040,2023-08-11,144,ATL,0,121,NYM,1,-8,1,323.80514004194157,2023
718371,2023-08-12,144,ATL,0,121,NYM,1,-9,2,0.0,2023
717021,2023-08-12,144,ATL,0,121,NYM,0,-10,3,0.0,2023
717013,2023-08-13,144,ATL,0,121,NYM,1,-11,4,0.0,2023
717001,2023-08-14,144,ATL,1,147,NYY,1,1,1,751.1805618659844,2023
716987,2023-08-15,144,ATL,1,147,NYY,1,2,2,0.0,2023
716970,2023-08-16,144,ATL,1,147,NYY,1,3,3,0.0,2023
716949,2023-08-18,144,ATL,1,137,SF,2,4,1,0.0,2023
716934,2023-08-19,144,ATL,1,137,SF,1,5,2,0.0,2023
716927,2023-08-20,144,ATL,1,137,SF,1,6,3,0.0,2023
716910,2023-08-21,144,ATL,1,121,NYM,1,7,1,0.0,2023
716891,2023-08-22,144,ATL,1,121,NYM,1,8,2,0.0,2023
716876,2023-08-23,144,ATL,1,121,NYM,1,9,3,0.0,2023
716852,2023-08-26,144,ATL,0,137,SF,3,-1,1,2126.61368269605,2023
716848,2023-08-26,144,ATL,0,137,SF,0,-2,2,0.0,2023
716819,2023-08-27,144,ATL,0,137,SF,1,-3,3,0.0,2023
716812,2023-08-29,144,ATL,0,115,COL,2,-4,1,945.5308694116128,2023
716791,2023-08-30,144,ATL,0,115,COL,1,-5,2,0.0,2023
716773,2023-08-31,144,ATL,0,115,COL,1,-6,3,0.0,2023
716768,2023-09-01,144,ATL,0,119,LAD,1,-7,1,829.208728545356,2023
716757,2023-09-02,144,ATL,0,119,LAD,1,-8,2,0.0,2023
716741,2023-09-03,144,ATL,0,119,LAD,1,-9,3,0.0,2023
716725,2023-09-03,144,ATL,0,119,LAD,0,-10,4,0.0,2023
716709,2023-09-05,144,ATL,1,138,STL,2,1,1,1926.1127142118578,2023
716689,2023-09-06,144,ATL,1,138,STL,1,2,2,0.0,2023
716680,2023-09-07,144,ATL,1,138,STL,1,3,3,0.0,2023
716674,2023-09-08,144,ATL,1,134,PIT,1,4,1,0.0,2023
716651,2023-09-09,144,ATL,1,134,PIT,1,5,2,0.0,2023
716644,2023-09-10,144,ATL,1,134,PIT,1,6,3,0.0,2023
716590,2023-09-11,144,ATL,0,143,PHI,1,-1,1,660.3458671025634,2023
717664,2023-09-11,144,ATL,0,143,PHI,0,-2,2,0.0,2023
716618,2023-09-12,144,ATL,0,143,PHI,1,-3,3,0.0,2023
716603,2023-09-13,144,ATL,0,143,PHI,1,-4,4,0.0,2023
716582,2023-09-15,144,ATL,0,146,MIA,2,-5,1,1018.8446832841317,2023
716565,2023-09-16,144,ATL,0,146,MIA,1,-6,2,0.0,2023
716546,2023-09-17,144,ATL,0,146,MIA,1,-7,3,0.0,2023
716532,2023-09-18,144,ATL,1,143,PHI,1,1,1,615.50817708501,2023
716521,2023-09-19,144,ATL,1,143,PHI,1,2,2,0.0,2023
716509,2023-09-20,144,ATL,1,143,PHI,1,3,3,0.0,2023
716496,2023-09-21,144,ATL,0,120,WSH,1,-1,1,538.869727266714,2023
716485,2023-09-22,144,ATL,0,120,WSH,1,-2,2,0.0,2023
716459,2023-09-24,144,ATL,0,120,WSH,1,-4,4,0.0,2023
716467,2023-09-24,144,ATL,0,120,WSH,0,-5,5,0.0,2023
716429,2023-09-26,144,ATL,1,112,CHC,2,1,1,538.869727266714,2023
716412,2023-09-27,144,ATL,1,112,CHC,1,2,2,0.0,2023
716399,2023-09-28,144,ATL,1,112,CHC,1,3,3,0.0,2023
716394,2023-09-29,144,ATL,1,120,WSH,1,4,1,0.0,2023
716369,2023-09-30,144,ATL,1,120,WSH,1,5,2,0.0,2023
716354,2023-10-01,144,ATL,1,120,WSH,1,6,3,0.0,2023
718768,2023-03-30,145,CWS,0,117,HOU,0,-1,1,938.7707116803103,2023
718764,2023-04-01,145,CWS,0,117,HOU,2,-2,2,0.0,2023
718760,2023-04-01,145,CWS,0,117,HOU,0,-3,3,0.0,2023
718740,2023-04-02,145,CWS,0,117,HOU,1,-4,4,0.0,2023
718730,2023-04-03,145,CWS,1,137,SF,1,1,1,938.7707116803103,2023
718695,2023-04-05,145,CWS,1,137,SF,2,2,2,0.0,2023
718687,2023-04-06,145,CWS,1,137,SF,1,3,3,0.0,2023
718679,2023-04-07,145,CWS,0,134,PIT,1,-1,1,408.14464367793005,2023
718662,2023-04-08,145,CWS,0,134,PIT,1,-2,2,0.0,2023
718653,2023-04-09,145,CWS,0,134,PIT,1,-3,3,0.0,2023
718640,2023-04-10,145,CWS,0,142,MIN,1,-4,1,741.9088849917657,2023
718616,2023-04-11,145,CWS,0,142,MIN,1,-5,2,0.0,2023
718605,2023-04-12,145,CWS,0,142,MIN,1,-6,3,0.0,2023
718583,2023-04-14,145,CWS,1,110,BAL,2,1,1,357.20870712294794,2023
718570,2023-04-15,145,CWS,1,110,BAL,1,2,2,0.0,2023
718553,2023-04-16,145,CWS,1,110,BAL,1,3,3,0.0,2023
718525,2023-04-18,145,CWS,1,143,PHI,1,5,2,0.0,2023
718543,2023-04-18,145,CWS,1,143,PHI,0,6,3,0.0,2023
718510,2023-04-19,145,CWS,1,143,PHI,1,7,4,0.0,2023
718486,2023-04-21,145,CWS,0,139,TB,2,-1,1,1011.3877112665284,2023
718477,2023-04-22,145,CWS,0,139,TB,1,-2,2,0.0,2023
718457,2023-04-23,145,CWS,0,139,TB,1,-3,3,0.0,2023
718444,2023-04-24,145,CWS,0,141,TOR,1,-4,1,1111.7297518661444,2023
718433,2023-04-25,145,CWS,0,141,TOR,1,-5,2,0.0,2023
718420,2023-04-26,145,CWS,0,141,TOR,1,-6,3,0.0,2023
718396,2023-04-27,145,CWS,1,139,TB,1,1,1,436.51941913736283,2023
718393,2023-04-28,145,CWS,1,139,TB,1,2,2,0.0,2023
718373,2023-04-29,145,CWS,1,139,TB,1,3,3,0.0,2023
718355,2023-04-30,145,CWS,1,139,TB,1,4,4,0.0,2023
718340,2023-05-02,145,CWS,1,142,MIN,2,5,1,0.0,2023
718322,2023-05-03,145,CWS,1,142,MIN,1,6,2,0.0,2023
718310,2023-05-04,145,CWS,1,142,MIN,1,7,3,0.0,2023
718305,2023-05-05,145,CWS,0,113,CIN,1,-1,1,250.2317582935162,2023
718281,2023-05-06,145,CWS,0,113,CIN,1,-2,2,0.0,2023
718262,2023-05-07,145,CWS,0,113,CIN,1,-3,3,0.0,2023
718253,2023-05-08,145,CWS,0,118,KC,1,-4,1,534.6651070230836,2023
718238,2023-05-09,145,CWS,0,118,KC,1,-5,2,0.0,2023
718222,2023-05-10,145,CWS,0,118,KC,1,-6,3,0.0,2023
718218,2023-05-11,145,CWS,0,118,KC,1,-7,4,0.0,2023
718189,2023-05-13,145,CWS,1,117,HOU,2,1,1,407.8477881651946,2023
718207,2023-05-13,145,CWS,1,117,HOU,0,2,2,0.0,2023
718176,2023-05-14,145,CWS,1,117,HOU,1,3,3,0.0,2023
718147,2023-05-17,145,CWS,1,114,CLE,3,4,1,0.0,2023
718129,2023-05-18,145,CWS,1,114,CLE,1,5,2,0.0,2023
718125,2023-05-18,145,CWS,1,114,CLE,0,6,3,0.0,2023
718111,2023-05-20,145,CWS,1,118,KC,2,7,1,0.0,2023
718104,2023-05-20,145,CWS,1,118,KC,0,8,2,0.0,2023
718084,2023-05-21,145,CWS,1,118,KC,1,9,3,0.0,2023
718072,2023-05-22,145,CWS,0,114,CLE,1,-1,1,307.8720964038074,2023
718063,2023-05-23,145,CWS,0,114,CLE,1,-2,2,0.0,2023
718048,2023-05-24,145,CWS,0,114,CLE,1,-3,3,0.0,2023
718031,2023-05-25,145,CWS,0,116,DET,1,-4,1,91.12804978214932,2023
718021,2023-05-26,145,CWS,0,116,DET,1,-5,2,0.0,2023
718005,2023-05-27,145,CWS,0,116,DET,1,-6,3,0.0,2023
717989,2023-05-28,145,CWS,0,116,DET,1,-7,4,0.0,2023
717971,2023-05-30,145,CWS,1,108,LAA,2,1,1,237.7264337126216,2023
717959,2023-05-31,145,CWS,1,108,LAA,1,2,2,0.0,2023
717943,2023-05-31,145,CWS,1,108,LAA,0,3,3,0.0,2023
717925,2023-06-03,145,CWS,1,116,DET,3,4,1,0.0,2023
717915,2023-06-03,145,CWS,1,116,DET,0,5,2,0.0,2023
717891,2023-06-04,145,CWS,1,116,DET,1,6,3,0.0,2023
717877,2023-06-06,145,CWS,0,147,NYY,2,-1,1,713.826429908849,2023
717848,2023-06-08,145,CWS,0,147,NYY,1,-3,3,0.0,2023
717857,2023-06-08,145,CWS,0,147,NYY,0,-4,4,0.0,2023
717828,2023-06-10,145,CWS,1,146,MIA,2,1,1,713.826429908849,2023
717820,2023-06-10,145,CWS,1,146,MIA,0,2,2,0.0,2023
717795,2023-06-11,145,CWS,1,146,MIA,1,3,3,0.0,2023
717776,2023-06-14,145,CWS,0,119,LAD,3,-1,1,1740.8822934525017,2023
717760,2023-06-15,145,CWS,0,119,LAD,1,-2,2,0.0,2023
717748,2023-06-16,145,CWS,0,119,LAD,1,-3,3,0.0,2023
717722,2023-06-17,145,CWS,0,136,SEA,1,-4,1,957.8545939923275,2023
717733,2023-06-17,145,CWS,0,136,SEA,0,-5,2,0.0,2023
717704,2023-06-18,145,CWS,0,136,SEA,1,-6,3,0.0,2023
717695,2023-06-20,145,CWS,1,140,TEX,2,1,1,1734.2639498746735,2023
717675,2023-06-21,145,CWS,1,140,TEX,1,2,2,0.0,2023
717667,2023-06-22,145,CWS,1,140,TEX,1,3,3,0.0,2023
717645,2023-06-24,145,CWS,1,111,BOS,2,4,1,0.0,2023
717629,2023-06-24,145,CWS,1,111,BOS,0,5,2,0.0,2023
717614,2023-06-25,145,CWS,1,111,BOS,1,6,3,0.0,2023
717608,2023-06-27,145,CWS,0,108,LAA,2,-1,1,1731.3431702590296,2023
717592,2023-06-28,145,CWS,0,108,LAA,1,-2,2,0.0,2023
717560,2023-06-29,145,CWS,0,108,LAA,1,-3,3,0.0,2023
717576,2023-06-29,145,CWS,0,108,LAA,0,-4,4,0.0,2023
717551,2023-07-01,145,CWS,0,133,OAK,2,-5,1,364.7793033141838,2023
717538,2023-07-01,145,CWS,0,133,OAK,0,-6,2,0.0,2023
717518,2023-07-02,145,CWS,0,133,OAK,1,-7,3,0.0,2023
717496,2023-07-05,145,CWS,1,141,TOR,3,1,1,1844.1022325602153,2023
717468,2023-07-06,145,CWS,1,141,TOR,0,3,3,0.0,2023
717480,2023-07-06,145,CWS,1,141,TOR,0,4,4,0.0,2023
717455,2023-07-08,145,CWS,1,138,STL,2,5,1,0.0,2023
717445,2023-07-08,145,CWS,1,138,STL,0,6,2,0.0,2023
717424,2023-07-09,145,CWS,1,138,STL,1,7,3,0.0,2023
717414,2023-07-14,145,CWS,0,144,ATL,5,-1,1,575.000216818476,2023
717395,2023-07-15,145,CWS,0,144,ATL,1,-2,2,0.0,2023
717391,2023-07-16,145,CWS,0,144,ATL,1,-3,3,0.0,2023
717359,2023-07-18,145,CWS,0,121,NYM,2,-4,1,751.1805618659844,2023
717341,2023-07-19,145,CWS,0,121,NYM,1,-5,2,0.0,2023
717330,2023-07-20,145,CWS,0,121,NYM,1,-6,3,0.0,2023
717314,2023-07-22,145,CWS,0,142,MIN,2,-7,1,1023.5867094792683,2023
717293,2023-07-22,145,CWS,0,142,MIN,0,-8,2,0.0,2023
717285,2023-07-23,145,CWS,0,142,MIN,1,-9,3,0.0,2023
717263,2023-07-26,145,CWS,1,112,CHC,3,1,1,357.20870712294794,2023
717240,2023-07-27,145,CWS,1,112,CHC,1,2,2,0.0,2023
717233,2023-07-28,145,CWS,1,114,CLE,1,3,1,0.0,2023
717228,2023-07-28,145,CWS,1,114,CLE,0,4,2,0.0,2023
717217,2023-07-29,145,CWS,1,114,CLE,1,5,3,0.0,2023
717204,2023-07-30,145,CWS,1,114,CLE,1,6,4,0.0,2023
717168,2023-08-02,145,CWS,0,140,TEX,3,-1,1,813.378310893269,2023
717152,2023-08-03,145,CWS,0,140,TEX,1,-2,2,0.0,2023
717149,2023-08-03,145,CWS,0,140,TEX,0,-3,3,0.0,2023
717132,2023-08-04,145,CWS,0,114,CLE,1,-4,1,1038.947571490186,2023
717115,2023-08-05,145,CWS,0,114,CLE,1,-5,2,0.0,2023
717108,2023-08-06,145,CWS,0,114,CLE,1,-6,3,0.0,2023
717088,2023-08-08,145,CWS,1,147,NYY,2,1,1,307.8720964038074,2023
717075,2023-08-09,145,CWS,1,147,NYY,1,2,2,0.0,2023
717054,2023-08-10,145,CWS,1,147,NYY,1,3,3,0.0,2023
717036,2023-08-12,145,CWS,1,158,MIL,2,4,1,0.0,2023
717023,2023-08-12,145,CWS,1,158,MIL,0,5,2,0.0,2023
717006,2023-08-13,145,CWS,1,158,MIL,1,6,3,0.0,2023
716986,2023-08-16,145,CWS,0,112,CHC,3,-1,1,8.262413783057372,2023
716968,2023-08-17,145,CWS,0,112,CHC,1,-2,2,0.0,2023
716947,2023-08-19,145,CWS,0,115,COL,2,-3,1,917.1571990207435,2023
716916,2023-08-20,145,CWS,0,115,COL,1,-4,2,0.0,2023
716933,2023-08-20,145,CWS,0,115,COL,0,-5,3,0.0,2023
716905,2023-08-22,145,CWS,1,136,SEA,2,1,1,917.7666362462637,2023
716893,2023-08-23,145,CWS,1,136,SEA,1,2,2,0.0,2023
716881,2023-08-23,145,CWS,1,136,SEA,0,3,3,0.0,2023
716864,2023-08-25,145,CWS,1,133,OAK,2,4,1,0.0,2023
716856,2023-08-25,145,CWS,1,133,OAK,0,5,2,0.0,2023
716841,2023-08-26,145,CWS,1,133,OAK,1,6,3,0.0,2023
716826,2023-08-27,145,CWS,1,133,OAK,1,7,4,0.0,2023
716815,2023-08-28,145,CWS,0,110,BAL,1,-1,1,603.7749623343499,2023
716800,2023-08-29,145,CWS,0,110,BAL,1,-2,2,0.0,2023
716786,2023-08-30,145,CWS,0,110,BAL,1,-3,3,0.0,2023
716762,2023-09-02,145,CWS,1,116,DET,3,1,1,603.7749623343499,2023
716749,2023-09-02,145,CWS,1,116,DET,0,2,2,0.0,2023
716734,2023-09-03,145,CWS,1,116,DET,1,3,3,0.0,2023
716681,2023-09-04,145,CWS,0,118,KC,1,-1,1,407.8477881651946,2023
716704,2023-09-05,145,CWS,0,118,KC,1,-2,2,0.0,2023
716688,2023-09-06,145,CWS,0,118,KC,1,-3,3,0.0,2023
716675,2023-09-08,145,CWS,0,116,DET,2,-4,1,639.8841499405022,2023
716658,2023-09-09,145,CWS,0,116,DET,1,-5,2,0.0,2023
716648,2023-09-10,145,CWS,0,116,DET,1,-6,3,0.0,2023
716611,2023-09-12,145,CWS,1,118,KC,1,2,2,0.0,2023
716631,2023-09-12,145,CWS,1,118,KC,0,3,3,0.0,2023
716598,2023-09-13,145,CWS,1,118,KC,1,4,4,0.0,2023
716580,2023-09-14,145,CWS,1,142,MIN,1,5,1,0.0,2023
716573,2023-09-15,145,CWS,1,142,MIN,1,6,2,0.0,2023
716556,2023-09-16,145,CWS,1,142,MIN,1,7,3,0.0,2023
716542,2023-09-17,145,CWS,1,142,MIN,1,8,4,0.0,2023
716539,2023-09-18,145,CWS,0,120,WSH,1,-1,1,595.2017814565477,2023
716525,2023-09-19,145,CWS,0,120,WSH,1,-2,2,0.0,2023
716513,2023-09-20,145,CWS,0,120,WSH,1,-3,3,0.0,2023
716478,2023-09-22,145,CWS,0,111,BOS,2,-4,1,391.9148119772238,2023
716468,2023-09-23,145,CWS,0,111,BOS,1,-5,2,0.0,2023
716453,2023-09-24,145,CWS,0,111,BOS,1,-6,3,0.0,2023
716427,2023-09-26,145,CWS,1,109,ARI,1,2,2,0.0,2023
716417,2023-09-27,145,CWS,1,109,ARI,1,3,3,0.0,2023
716443,2023-09-28,145,CWS,1,109,ARI,1,4,4,0.0,2023
716391,2023-09-29,145,CWS,1,135,SD,1,5,1,0.0,2023
716374,2023-09-30,145,CWS,1,135,SD,1,6,2,0.0,2023
716356,2023-10-01,145,CWS,1,135,SD,1,7,3,0.0,2023
718774,2023-03-30,146,MIA,1,121,NYM,0,1,1,0.0,2023
718771,2023-03-31,146,MIA,1,121,NYM,1,2,2,0.0,2023
718755,2023-04-01,146,MIA,1,121,NYM,1,3,3,0.0,2023
718741,2023-04-02,146,MIA,1,121,NYM,1,4,4,0.0,2023
718729,2023-04-03,146,MIA,1,142,MIN,1,5,1,0.0,2023
718714,2023-04-04,146,MIA,1,142,MIN,1,6,2,0.0,2023
718701,2023-04-05,146,MIA,1,142,MIN,1,7,3,0.0,2023
718693,2023-04-07,146,MIA,0,121,NYM,1,-2,2,0.0,2023
718661,2023-04-08,146,MIA,0,121,NYM,1,-3,3,0.0,2023
718647,2023-04-09,146,MIA,0,121,NYM,1,-4,4,0.0,2023
718633,2023-04-10,146,MIA,0,143,PHI,1,-5,1,91.08673366367736,2023
718619,2023-04-11,146,MIA,0,143,PHI,1,-6,2,0.0,2023
718609,2023-04-12,146,MIA,0,143,PHI,1,-7,3,0.0,2023
718584,2023-04-14,146,MIA,1,109,ARI,2,1,1,1018.8446832841317,2023
718567,2023-04-15,146,MIA,1,109,ARI,1,2,2,0.0,2023
718550,2023-04-16,146,MIA,1,109,ARI,1,3,3,0.0,2023
718544,2023-04-17,146,MIA,1,137,SF,1,4,1,0.0,2023
718528,2023-04-18,146,MIA,1,137,SF,1,5,2,0.0,2023
718511,2023-04-19,146,MIA,1,137,SF,1,6,3,0.0,2023
718473,2023-04-22,146,MIA,0,114,CLE,1,-2,2,0.0,2023
718488,2023-04-22,146,MIA,0,114,CLE,0,-3,3,0.0,2023
718460,2023-04-23,146,MIA,0,114,CLE,1,-4,4,0.0,2023
718443,2023-04-24,146,MIA,0,144,ATL,1,-5,1,547.0068450040225,2023
718429,2023-04-25,146,MIA,0,144,ATL,1,-6,2,0.0,2023
718411,2023-04-26,146,MIA,0,144,ATL,1,-7,3,0.0,2023
718410,2023-04-27,146,MIA,0,144,ATL,1,-8,4,0.0,2023
718391,2023-04-28,146,MIA,1,112,CHC,1,1,1,615.50817708501,2023
718375,2023-04-29,146,MIA,1,112,CHC,1,2,2,0.0,2023
718364,2023-04-30,146,MIA,1,112,CHC,1,3,3,0.0,2023
718346,2023-05-02,146,MIA,1,144,ATL,2,4,1,0.0,2023
718321,2023-05-03,146,MIA,1,144,ATL,1,5,2,0.0,2023
718308,2023-05-04,146,MIA,1,144,ATL,1,6,3,0.0,2023
718303,2023-05-05,146,MIA,0,112,CHC,1,-1,1,1194.7816200111963,2023
718289,2023-05-06,146,MIA,0,112,CHC,1,-2,2,0.0,2023
718269,2023-05-07,146,MIA,0,112,CHC,1,-3,3,0.0,2023
718249,2023-05-09,146,MIA,0,109,ARI,2,-4,1,1451.6299446026987,2023
718236,2023-05-10,146,MIA,0,109,ARI,1,-5,2,0.0,2023
718226,2023-05-10,146,MIA,0,109,ARI,0,-6,3,0.0,2023
718212,2023-05-12,146,MIA,1,113,CIN,2,1,1,1976.4824704501402,2023
718198,2023-05-13,146,MIA,1,113,CIN,1,2,2,0.0,2023
718178,2023-05-14,146,MIA,1,113,CIN,1,3,3,0.0,2023
718153,2023-05-16,146,MIA,1,120,WSH,2,4,1,0.0,2023
718132,2023-05-17,146,MIA,1,120,WSH,1,5,2,0.0,2023
718130,2023-05-18,146,MIA,1,120,WSH,1,6,3,0.0,2023
718105,2023-05-20,146,MIA,0,137,SF,2,-1,1,2587.455596996607,2023
718103,2023-05-20,146,MIA,0,137,SF,0,-2,2,0.0,2023
718078,2023-05-21,146,MIA,0,137,SF,1,-3,3,0.0,2023
718069,2023-05-23,146,MIA,0,115,COL,2,-4,1,945.5308694116128,2023
718051,2023-05-24,146,MIA,0,115,COL,1,-5,2,0.0,2023
718036,2023-05-25,146,MIA,0,115,COL,1,-6,3,0.0,2023
718033,2023-05-25,146,MIA,0,115,COL,0,-7,4,0.0,2023
718015,2023-05-27,146,MIA,0,108,LAA,2,-8,1,822.2861860892081,2023
717998,2023-05-28,146,MIA,0,108,LAA,1,-9,2,0.0,2023
717984,2023-05-28,146,MIA,0,108,LAA,0,-10,3,0.0,2023
717963,2023-05-30,146,MIA,1,135,SD,2,1,1,2311.9053929488978,2023
717945,2023-05-31,146,MIA,1,135,SD,1,2,2,0.0,2023
717941,2023-06-01,146,MIA,1,135,SD,1,3,3,0.0,2023
717927,2023-06-02,146,MIA,1,133,OAK,1,4,1,0.0,2023
717911,2023-06-03,146,MIA,1,133,OAK,1,5,2,0.0,2023
717896,2023-06-04,146,MIA,1,133,OAK,1,6,3,0.0,2023
717887,2023-06-05,146,MIA,1,118,KC,1,7,1,0.0,2023
717876,2023-06-06,146,MIA,1,118,KC,1,8,2,0.0,2023
717860,2023-06-07,146,MIA,1,118,KC,1,9,3,0.0,2023
717828,2023-06-10,146,MIA,0,145,CWS,3,-1,1,1186.8172051231497,2023
717820,2023-06-10,146,MIA,0,145,CWS,0,-2,2,0.0,2023
717795,2023-06-11,146,MIA,0,145,CWS,1,-3,3,0.0,2023
717786,2023-06-13,146,MIA,0,136,SEA,2,-4,1,1734.2639498746735,2023
717773,2023-06-14,146,MIA,0,136,SEA,1,-5,2,0.0,2023
717759,2023-06-15,146,MIA,0,136,SEA,1,-6,3,0.0,2023
717749,2023-06-16,146,MIA,0,120,WSH,1,-7,1,2324.354505710339,2023
717734,2023-06-17,146,MIA,0,120,WSH,1,-8,2,0.0,2023
717714,2023-06-18,146,MIA,0,120,WSH,1,-9,3,0.0,2023
717700,2023-06-19,146,MIA,1,141,TOR,1,1,1,923.8773279819753,2023
717690,2023-06-20,146,MIA,1,141,TOR,1,2,2,0.0,2023
717676,2023-06-21,146,MIA,1,141,TOR,1,3,3,0.0,2023
717654,2023-06-22,146,MIA,1,134,PIT,1,4,1,0.0,2023
717653,2023-06-23,146,MIA,1,134,PIT,1,5,2,0.0,2023
717630,2023-06-24,146,MIA,1,134,PIT,1,6,3,0.0,2023
717620,2023-06-25,146,MIA,1,134,PIT,1,7,4,0.0,2023
717605,2023-06-27,146,MIA,0,111,BOS,2,-1,1,1256.446953803624,2023
717583,2023-06-28,146,MIA,0,111,BOS,1,-2,2,0.0,2023
717569,2023-06-29,146,MIA,0,111,BOS,1,-3,3,0.0,2023
717558,2023-06-30,146,MIA,0,144,ATL,1,-4,1,930.6114003294933,2023
717536,2023-07-01,146,MIA,0,144,ATL,1,-5,2,0.0,2023
717532,2023-07-02,146,MIA,0,144,ATL,1,-6,3,0.0,2023
717515,2023-07-03,146,MIA,1,138,STL,1,1,1,615.50817708501,2023
717502,2023-07-04,146,MIA,1,138,STL,1,2,2,0.0,2023
717488,2023-07-05,146,MIA,1,138,STL,1,3,3,0.0,2023
717473,2023-07-06,146,MIA,1,138,STL,1,4,4,0.0,2023
717466,2023-07-07,146,MIA,1,143,PHI,1,5,1,0.0,2023
717438,2023-07-08,146,MIA,1,143,PHI,1,6,2,0.0,2023
717426,2023-07-09,146,MIA,1,143,PHI,1,7,3,0.0,2023
717417,2023-07-14,146,MIA,0,110,BAL,5,-1,1,956.2208116188826,2023
717401,2023-07-15,146,MIA,0,110,BAL,1,-2,2,0.0,2023
717384,2023-07-16,146,MIA,0,110,BAL,1,-3,3,0.0,2023
717374,2023-07-17,146,MIA,0,138,STL,1,-4,1,729.9729666923824,2023
717357,2023-07-18,146,MIA,0,138,STL,1,-5,2,0.0,2023
717351,2023-07-19,146,MIA,0,138,STL,1,-6,3,0.0,2023
717319,2023-07-21,146,MIA,1,115,COL,2,1,1,1060.3584631013382,2023
717306,2023-07-22,146,MIA,1,115,COL,1,2,2,0.0,2023
717292,2023-07-23,146,MIA,1,115,COL,1,3,3,0.0,2023
717270,2023-07-25,146,MIA,0,139,TB,2,-1,1,203.5855811594844,2023
717252,2023-07-26,146,MIA,0,139,TB,1,-2,2,0.0,2023
717236,2023-07-28,146,MIA,1,116,DET,2,1,1,203.5855811594844,2023
717218,2023-07-29,146,MIA,1,116,DET,1,2,2,0.0,2023
717202,2023-07-30,146,MIA,1,116,DET,1,3,3,0.0,2023
717189,2023-07-31,146,MIA,1,143,PHI,1,4,1,0.0,2023
717182,2023-08-01,146,MIA,1,143,PHI,1,5,2,0.0,2023
717159,2023-08-02,146,MIA,1,143,PHI,1,6,3,0.0,2023
717147,2023-08-03,146,MIA,1,143,PHI,1,7,4,0.0,2023
717133,2023-08-05,146,MIA,0,140,TEX,2,-1,1,1123.019434754987,2023
717124,2023-08-05,146,MIA,0,140,TEX,0,-2,2,0.0,2023
717102,2023-08-06,146,MIA,0,140,TEX,1,-3,3,0.0,2023
717097,2023-08-07,146,MIA,0,113,CIN,1,-4,1,827.9015703261257,2023
717083,2023-08-08,146,MIA,0,113,CIN,1,-5,2,0.0,2023
717070,2023-08-09,146,MIA,0,113,CIN,1,-6,3,0.0,2023
717047,2023-08-11,146,MIA,1,147,NYY,2,1,1,953.4072522903118,2023
717025,2023-08-12,146,MIA,1,147,NYY,1,2,2,0.0,2023
717011,2023-08-13,146,MIA,1,147,NYY,1,3,3,0.0,2023
717000,2023-08-14,146,MIA,1,117,HOU,1,4,1,0.0,2023
716991,2023-08-15,146,MIA,1,117,HOU,1,5,2,0.0,2023
716972,2023-08-16,146,MIA,1,117,HOU,1,6,3,0.0,2023
716909,2023-08-19,146,MIA,0,119,LAD,3,-1,1,2333.5805728602445,2023
716946,2023-08-19,146,MIA,0,119,LAD,0,-2,2,0.0,2023
716926,2023-08-20,146,MIA,0,119,LAD,1,-3,3,0.0,2023
716907,2023-08-22,146,MIA,0,135,SD,2,-4,1,113.20881075215142,2023
716887,2023-08-23,146,MIA,0,135,SD,1,-5,2,0.0,2023
716883,2023-08-23,146,MIA,0,135,SD,0,-6,3,0.0,2023
716863,2023-08-25,146,MIA,1,120,WSH,2,1,1,2266.0145326444363,2023
716844,2023-08-26,146,MIA,1,120,WSH,1,2,2,0.0,2023
716827,2023-08-27,146,MIA,1,120,WSH,1,3,3,0.0,2023
716807,2023-08-29,146,MIA,1,139,TB,2,4,1,0.0,2023
716778,2023-08-30,146,MIA,1,139,TB,1,5,2,0.0,2023
716776,2023-08-31,146,MIA,0,120,WSH,1,-1,1,923.8773279819753,2023
716771,2023-09-01,146,MIA,0,120,WSH,1,-2,2,0.0,2023
716760,2023-09-02,146,MIA,0,120,WSH,1,-3,3,0.0,2023
716740,2023-09-03,146,MIA,0,120,WSH,1,-4,4,0.0,2023
716710,2023-09-05,146,MIA,1,119,LAD,2,1,1,923.8773279819753,2023
716695,2023-09-06,146,MIA,1,119,LAD,1,2,2,0.0,2023
716682,2023-09-07,146,MIA,1,119,LAD,1,3,3,0.0,2023
716679,2023-09-08,146,MIA,0,143,PHI,1,-1,1,1018.8446832841317,2023
716653,2023-09-09,146,MIA,0,143,PHI,1,-2,2,0.0,2023
716643,2023-09-10,146,MIA,0,143,PHI,1,-3,3,0.0,2023
716626,2023-09-11,146,MIA,0,158,MIL,1,-4,1,696.3664086049965,2023
716610,2023-09-12,146,MIA,0,158,MIL,1,-5,2,0.0,2023
716592,2023-09-13,146,MIA,0,158,MIL,1,-6,3,0.0,2023
716585,2023-09-14,146,MIA,0,158,MIL,1,-7,4,0.0,2023
716582,2023-09-15,146,MIA,1,144,ATL,1,1,1,1269.7716502102464,2023
716565,2023-09-16,146,MIA,1,144,ATL,1,2,2,0.0,2023
716546,2023-09-17,146,MIA,1,144,ATL,1,3,3,0.0,2023
716535,2023-09-18,146,MIA,1,121,NYM,1,4,1,0.0,2023
716523,2023-09-19,146,MIA,1,121,NYM,1,5,2,0.0,2023
716503,2023-09-20,146,MIA,1,121,NYM,1,6,3,0.0,2023
716482,2023-09-22,146,MIA,1,158,MIL,2,7,1,0.0,2023
716460,2023-09-23,146,MIA,1,158,MIL,1,8,2,0.0,2023
716447,2023-09-24,146,MIA,1,158,MIL,1,9,3,0.0,2023
716411,2023-09-27,146,MIA,0,121,NYM,1,-2,2,0.0,2023
716430,2023-09-27,146,MIA,0,121,NYM,0,-3,3,0.0,2023
716398,2023-09-29,146,MIA,0,134,PIT,1,-5,1,323.80514004194157,2023
716378,2023-09-30,146,MIA,0,134,PIT,1,-6,2,0.0,2023
716362,2023-10-01,146,MIA,0,134,PIT,1,-7,3,0.0,2023
716404,2023-10-02,146,MIA,0,121,NYM,1,-8,1,323.80514004194157,2023
718781,2023-03-30,147,NYY,1,137,SF,0,1,1,0.0,2023
718762,2023-04-01,147,NYY,1,137,SF,2,2,2,0.0,2023
718747,2023-04-02,147,NYY,1,137,SF,1,3,3,0.0,2023
718725,2023-04-03,147,NYY,1,143,PHI,1,4,1,0.0,2023
718710,2023-04-04,147,NYY,1,143,PHI,1,5,2,0.0,2023
718699,2023-04-05,147,NYY,1,143,PHI,1,6,3,0.0,2023
718688,2023-04-07,147,NYY,0,110,BAL,1,-2,2,0.0,2023
718664,2023-04-08,147,NYY,0,110,BAL,1,-3,3,0.0,2023
718651,2023-04-09,147,NYY,0,110,BAL,1,-4,4,0.0,2023
718637,2023-04-10,147,NYY,0,114,CLE,1,-5,1,307.1364885665357,2023
718626,2023-04-11,147,NYY,0,114,CLE,1,-6,2,0.0,2023
718604,2023-04-12,147,NYY,0,114,CLE,1,-7,3,0.0,2023
718590,2023-04-13,147,NYY,1,142,MIN,1,1,1,406.0987517437095,2023
718588,2023-04-14,147,NYY,1,142,MIN,1,2,2,0.0,2023
718572,2023-04-15,147,NYY,1,142,MIN,1,3,3,0.0,2023
718557,2023-04-16,147,NYY,1,142,MIN,1,4,4,0.0,2023
718529,2023-04-18,147,NYY,1,108,LAA,2,5,1,0.0,2023
718504,2023-04-19,147,NYY,1,108,LAA,1,6,2,0.0,2023
718496,2023-04-20,147,NYY,1,108,LAA,1,7,3,0.0,2023
718487,2023-04-21,147,NYY,1,141,TOR,1,8,1,0.0,2023
718476,2023-04-22,147,NYY,1,141,TOR,1,9,2,0.0,2023
718465,2023-04-23,147,NYY,1,141,TOR,1,10,3,0.0,2023
718442,2023-04-24,147,NYY,0,142,MIN,1,-1,1,1017.7624974211766,2023
718427,2023-04-25,147,NYY,0,142,MIN,1,-2,2,0.0,2023
718417,2023-04-26,147,NYY,0,142,MIN,1,-3,3,0.0,2023
718397,2023-04-28,147,NYY,0,140,TEX,2,-4,1,869.2690937301206,2023
718388,2023-04-29,147,NYY,0,140,TEX,1,-5,2,0.0,2023
718374,2023-04-29,147,NYY,0,140,TEX,0,-6,3,0.0,2023
718356,2023-04-30,147,NYY,0,140,TEX,1,-7,4,0.0,2023
718351,2023-05-01,147,NYY,1,114,CLE,1,1,1,1392.1915186769138,2023
718339,2023-05-02,147,NYY,1,114,CLE,1,2,2,0.0,2023
718324,2023-05-03,147,NYY,1,114,CLE,1,3,3,0.0,2023
718300,2023-05-05,147,NYY,0,139,TB,2,-1,1,1029.5381159096478,2023
718291,2023-05-06,147,NYY,0,139,TB,1,-2,2,0.0,2023
718271,2023-05-07,147,NYY,0,139,TB,1,-3,3,0.0,2023
718255,2023-05-08,147,NYY,1,133,OAK,1,1,1,1029.5381159096478,2023
718247,2023-05-09,147,NYY,1,133,OAK,1,2,2,0.0,2023
718232,2023-05-10,147,NYY,1,133,OAK,1,3,3,0.0,2023
718219,2023-05-11,147,NYY,1,139,TB,1,4,1,0.0,2023
718210,2023-05-12,147,NYY,1,139,TB,1,5,2,0.0,2023
718197,2023-05-13,147,NYY,1,139,TB,1,6,3,0.0,2023
718180,2023-05-14,147,NYY,1,139,TB,1,7,4,0.0,2023
718164,2023-05-15,147,NYY,0,141,TOR,1,-1,1,340.2685304486618,2023
718157,2023-05-16,147,NYY,0,141,TOR,1,-2,2,0.0,2023
718134,2023-05-17,147,NYY,0,141,TOR,1,-3,3,0.0,2023
718121,2023-05-18,147,NYY,0,141,TOR,1,-4,4,0.0,2023
718120,2023-05-19,147,NYY,0,113,CIN,1,-5,1,410.94298565561166,2023
718095,2023-05-20,147,NYY,0,113,CIN,1,-6,2,0.0,2023
718085,2023-05-21,147,NYY,0,113,CIN,1,-7,3,0.0,2023
718058,2023-05-23,147,NYY,1,110,BAL,2,1,1,572.6665954672798,2023
718040,2023-05-24,147,NYY,1,110,BAL,1,2,2,0.0,2023
718029,2023-05-25,147,NYY,1,110,BAL,1,3,3,0.0,2023
718023,2023-05-26,147,NYY,1,135,SD,1,4,1,0.0,2023
718006,2023-05-27,147,NYY,1,135,SD,1,5,2,0.0,2023
717995,2023-05-28,147,NYY,1,135,SD,1,6,3,0.0,2023
717969,2023-05-30,147,NYY,0,136,SEA,2,-1,1,2402.134394397607,2023
717952,2023-05-31,147,NYY,0,136,SEA,1,-2,2,0.0,2023
717939,2023-06-01,147,NYY,0,136,SEA,1,-3,3,0.0,2023
717917,2023-06-03,147,NYY,0,119,LAD,2,-4,1,957.8545939923275,2023
717905,2023-06-03,147,NYY,0,119,LAD,0,-5,2,0.0,2023
717888,2023-06-04,147,NYY,0,119,LAD,1,-6,3,0.0,2023
717877,2023-06-06,147,NYY,1,145,CWS,2,1,1,2448.5573936068076,2023
717848,2023-06-08,147,NYY,1,145,CWS,1,3,3,0.0,2023
717857,2023-06-08,147,NYY,1,145,CWS,0,4,4,0.0,2023
717841,2023-06-09,147,NYY,1,111,BOS,1,5,1,0.0,2023
717825,2023-06-10,147,NYY,1,111,BOS,1,6,2,0.0,2023
717810,2023-06-11,147,NYY,1,111,BOS,1,7,3,0.0,2023
717779,2023-06-13,147,NYY,0,121,NYM,2,-1,1,6.541035356047549,2023
717766,2023-06-14,147,NYY,0,121,NYM,1,-2,2,0.0,2023
717742,2023-06-16,147,NYY,0,111,BOS,2,-3,1,179.60743829521417,2023
717715,2023-06-18,147,NYY,0,111,BOS,1,-5,3,0.0,2023
717730,2023-06-18,147,NYY,0,111,BOS,0,-6,4,0.0,2023
717684,2023-06-20,147,NYY,1,136,SEA,2,1,1,179.88456828974768,2023
717666,2023-06-21,147,NYY,1,136,SEA,1,2,2,0.0,2023
717652,2023-06-22,147,NYY,1,136,SEA,1,3,3,0.0,2023
717655,2023-06-23,147,NYY,1,140,TEX,1,4,1,0.0,2023
717636,2023-06-24,147,NYY,1,140,TEX,1,5,2,0.0,2023
717622,2023-06-25,147,NYY,1,140,TEX,1,6,3,0.0,2023
717595,2023-06-28,147,NYY,0,133,OAK,3,-1,1,2557.66201940974,2023
717574,2023-06-29,147,NYY,0,133,OAK,1,-2,2,0.0,2023
717579,2023-06-29,147,NYY,0,133,OAK,0,-3,3,0.0,2023
717550,2023-07-01,147,NYY,0,138,STL,0,-5,2,0.0,2023
717545,2023-07-01,147,NYY,0,138,STL,0,-6,3,0.0,2023
717524,2023-07-02,147,NYY,0,138,STL,1,-7,4,0.0,2023
717513,2023-07-03,147,NYY,1,110,BAL,1,1,1,876.4777308955582,2023
717508,2023-07-04,147,NYY,1,110,BAL,1,2,2,0.0,2023
717487,2023-07-05,147,NYY,1,110,BAL,1,3,3,0.0,2023
717475,2023-07-06,147,NYY,1,110,BAL,1,4,4,0.0,2023
717464,2023-07-07,147,NYY,1,112,CHC,1,5,1,0.0,2023
717447,2023-07-08,147,NYY,1,112,CHC,1,6,2,0.0,2023
717433,2023-07-09,147,NYY,1,112,CHC,1,7,3,0.0,2023
717410,2023-07-15,147,NYY,0,115,COL,6,-1,1,1630.5053800190935,2023
717394,2023-07-16,147,NYY,0,115,COL,1,-2,2,0.0,2023
717378,2023-07-16,147,NYY,0,115,COL,0,-3,3,0.0,2023
717369,2023-07-18,147,NYY,0,108,LAA,2,-4,1,822.2861860892081,2023
717352,2023-07-19,147,NYY,0,108,LAA,1,-5,2,0.0,2023
717339,2023-07-19,147,NYY,0,108,LAA,0,-6,3,0.0,2023
717318,2023-07-21,147,NYY,1,118,KC,2,1,1,2437.723840222542,2023
717304,2023-07-22,147,NYY,1,118,KC,1,2,2,0.0,2023
717294,2023-07-23,147,NYY,1,118,KC,1,3,3,0.0,2023
717266,2023-07-25,147,NYY,1,121,NYM,2,4,1,0.0,2023
717248,2023-07-26,147,NYY,1,121,NYM,1,5,2,0.0,2023
717237,2023-07-28,147,NYY,0,110,BAL,2,-1,1,178.12306591164185,2023
717219,2023-07-29,147,NYY,0,110,BAL,1,-2,2,0.0,2023
717200,2023-07-30,147,NYY,0,110,BAL,1,-3,3,0.0,2023
717185,2023-07-31,147,NYY,1,139,TB,1,1,1,178.12306591164185,2023
717175,2023-08-01,147,NYY,1,139,TB,1,2,2,0.0,2023
717160,2023-08-02,147,NYY,1,139,TB,1,3,3,0.0,2023
717142,2023-08-03,147,NYY,1,117,HOU,1,4,1,0.0,2023
717138,2023-08-04,147,NYY,1,117,HOU,1,5,2,0.0,2023
717126,2023-08-05,147,NYY,1,117,HOU,1,6,3,0.0,2023
717110,2023-08-06,147,NYY,1,117,HOU,1,7,4,0.0,2023
717088,2023-08-08,147,NYY,0,145,CWS,2,-1,1,713.826429908849,2023
717075,2023-08-09,147,NYY,0,145,CWS,1,-2,2,0.0,2023
717054,2023-08-10,147,NYY,0,145,CWS,1,-3,3,0.0,2023
717047,2023-08-11,147,NYY,0,146,MIA,1,-4,1,1186.8172051231497,2023
717025,2023-08-12,147,NYY,0,146,MIA,1,-5,2,0.0,2023
717011,2023-08-13,147,NYY,0,146,MIA,1,-6,3,0.0,2023
717001,2023-08-14,147,NYY,0,144,ATL,1,-7,1,615.50817708501,2023
716987,2023-08-15,147,NYY,0,144,ATL,1,-8,2,0.0,2023
716970,2023-08-16,147,NYY,0,144,ATL,1,-9,3,0.0,2023
716953,2023-08-18,147,NYY,1,111,BOS,2,1,1,750.7282247301414,2023
716943,2023-08-19,147,NYY,1,111,BOS,1,2,2,0.0,2023
716928,2023-08-20,147,NYY,1,111,BOS,1,3,3,0.0,2023
716900,2023-08-22,147,NYY,1,120,WSH,2,4,1,0.0,2023
716877,2023-08-23,147,NYY,1,120,WSH,1,5,2,0.0,2023
716872,2023-08-24,147,NYY,1,120,WSH,1,6,3,0.0,2023
716854,2023-08-25,147,NYY,0,139,TB,1,-1,1,1029.5381159096478,2023
716845,2023-08-26,147,NYY,0,139,TB,1,-2,2,0.0,2023
716828,2023-08-27,147,NYY,0,139,TB,1,-3,3,0.0,2023
716808,2023-08-28,147,NYY,0,116,DET,1,-4,1,1007.0448721012648,2023
716795,2023-08-29,147,NYY,0,116,DET,1,-5,2,0.0,2023
716781,2023-08-30,147,NYY,0,116,DET,1,-6,3,0.0,2023
716775,2023-08-31,147,NYY,0,116,DET,1,-7,4,0.0,2023
716763,2023-09-02,147,NYY,0,117,HOU,2,-8,1,1105.8761830717617,2023
716746,2023-09-02,147,NYY,0,117,HOU,0,-9,2,0.0,2023
716735,2023-09-03,147,NYY,0,117,HOU,1,-10,3,0.0,2023
716711,2023-09-05,147,NYY,1,116,DET,2,1,1,1424.3629806468848,2023
716694,2023-09-06,147,NYY,1,116,DET,1,2,2,0.0,2023
716686,2023-09-07,147,NYY,1,116,DET,1,3,3,0.0,2023
716670,2023-09-08,147,NYY,1,158,MIL,1,4,1,0.0,2023
716659,2023-09-09,147,NYY,1,158,MIL,1,5,2,0.0,2023
716646,2023-09-10,147,NYY,1,158,MIL,1,6,3,0.0,2023
716628,2023-09-12,147,NYY,0,111,BOS,1,-2,2,0.0,2023
716612,2023-09-12,147,NYY,0,111,BOS,0,-3,3,0.0,2023
716597,2023-09-14,147,NYY,0,111,BOS,1,-5,5,0.0,2023
716593,2023-09-14,147,NYY,0,111,BOS,0,-6,6,0.0,2023
716579,2023-09-15,147,NYY,0,134,PIT,1,-7,1,479.7911670433808,2023
716563,2023-09-16,147,NYY,0,134,PIT,1,-8,2,0.0,2023
716551,2023-09-17,147,NYY,0,134,PIT,1,-9,3,0.0,2023
716520,2023-09-19,147,NYY,1,141,TOR,2,1,1,319.800970833564,2023
716502,2023-09-20,147,NYY,1,141,TOR,1,2,2,0.0,2023
716492,2023-09-21,147,NYY,1,141,TOR,1,3,3,0.0,2023
716480,2023-09-22,147,NYY,1,109,ARI,1,4,1,0.0,2023
716458,2023-09-24,147,NYY,1,109,ARI,1,6,3,0.0,2023
716471,2023-09-25,147,NYY,1,109,ARI,1,7,4,0.0,2023
716431,2023-09-26,147,NYY,0,141,TOR,1,-1,1,340.2685304486618,2023
716413,2023-09-27,147,NYY,0,141,TOR,1,-2,2,0.0,2023
716403,2023-09-28,147,NYY,0,141,TOR,1,-3,3,0.0,2023
716375,2023-09-30,147,NYY,0,118,KC,2,-4,1,843.0534764751171,2023
716389,2023-09-30,147,NYY,0,118,KC,0,-5,2,0.0,2023
716352,2023-10-01,147,NYY,0,118,KC,1,-6,3,0.0,2023
718777,2023-03-30,158,MIL,0,112,CHC,0,-1,1,76.31439882124853,2023
718758,2023-04-01,158,MIL,0,112,CHC,2,-2,2,0.0,2023
718738,2023-04-02,158,MIL,0,112,CHC,1,-3,3,0.0,2023
718731,2023-04-03,158,MIL,1,121,NYM,1,1,1,76.31439882124853,2023
718712,2023-04-04,158,MIL,1,121,NYM,1,2,2,0.0,2023
718698,2023-04-05,158,MIL,1,121,NYM,1,3,3,0.0,2023
718674,2023-04-08,158,MIL,1,138,STL,3,4,1,0.0,2023
718660,2023-04-08,158,MIL,1,138,STL,0,5,2,0.0,2023
718650,2023-04-09,158,MIL,1,138,STL,1,6,3,0.0,2023
718627,2023-04-11,158,MIL,0,109,ARI,2,-1,1,1458.5788896029478,2023
718611,2023-04-12,158,MIL,0,109,ARI,1,-2,2,0.0,2023
718598,2023-04-12,158,MIL,0,109,ARI,0,-3,3,0.0,2023
718589,2023-04-14,158,MIL,0,135,SD,2,-4,1,299.07000924838377,2023
718574,2023-04-15,158,MIL,0,135,SD,1,-5,2,0.0,2023
718560,2023-04-15,158,MIL,0,135,SD,0,-6,3,0.0,2023
718549,2023-04-16,158,MIL,0,135,SD,1,-7,4,0.0,2023
718534,2023-04-18,158,MIL,0,136,SEA,2,-8,1,1063.509772580899,2023
718517,2023-04-19,158,MIL,0,136,SEA,1,-9,2,0.0,2023
718502,2023-04-19,158,MIL,0,136,SEA,0,-10,3,0.0,2023
718470,2023-04-22,158,MIL,1,111,BOS,3,1,1,1684.8927175606668,2023
718483,2023-04-22,158,MIL,1,111,BOS,0,2,2,0.0,2023
718461,2023-04-23,158,MIL,1,111,BOS,1,3,3,0.0,2023
718441,2023-04-24,158,MIL,1,116,DET,1,4,1,0.0,2023
718428,2023-04-25,158,MIL,1,116,DET,1,5,2,0.0,2023
718419,2023-04-26,158,MIL,1,116,DET,1,6,3,0.0,2023
718386,2023-04-29,158,MIL,1,108,LAA,3,7,1,0.0,2023
718376,2023-04-29,158,MIL,1,108,LAA,0,8,2,0.0,2023
718365,2023-04-30,158,MIL,1,108,LAA,1,9,3,0.0,2023
718334,2023-05-03,158,MIL,0,115,COL,3,-1,1,909.1622358795455,2023
718313,2023-05-04,158,MIL,0,115,COL,1,-2,2,0.0,2023
718315,2023-05-04,158,MIL,0,115,COL,0,-3,3,0.0,2023
718293,2023-05-06,158,MIL,0,137,SF,2,-4,1,945.5308694116128,2023
718287,2023-05-06,158,MIL,0,137,SF,0,-5,2,0.0,2023
718267,2023-05-07,158,MIL,0,137,SF,1,-6,3,0.0,2023
718257,2023-05-08,158,MIL,1,119,LAD,1,1,1,1833.5573982316243,2023
718241,2023-05-09,158,MIL,1,119,LAD,1,2,2,0.0,2023
718228,2023-05-10,158,MIL,1,119,LAD,1,3,3,0.0,2023
718204,2023-05-13,158,MIL,1,118,KC,3,4,1,0.0,2023
718183,2023-05-13,158,MIL,1,118,KC,0,5,2,0.0,2023
718177,2023-05-14,158,MIL,1,118,KC,1,6,3,0.0,2023
718166,2023-05-15,158,MIL,0,138,STL,1,-1,1,325.7786649185398,2023
718151,2023-05-16,158,MIL,0,138,STL,1,-2,2,0.0,2023
718131,2023-05-17,158,MIL,0,138,STL,1,-3,3,0.0,2023
718117,2023-05-19,158,MIL,0,139,TB,2,-4,1,866.6994960845234,2023
718093,2023-05-20,158,MIL,0,139,TB,1,-5,2,0.0,2023
718081,2023-05-21,158,MIL,0,139,TB,1,-6,3,0.0,2023
718068,2023-05-22,158,MIL,1,117,HOU,1,1,1,1095.5046669073377,2023
718056,2023-05-23,158,MIL,1,117,HOU,1,2,2,0.0,2023
718046,2023-05-24,158,MIL,1,117,HOU,1,3,3,0.0,2023
718028,2023-05-25,158,MIL,1,137,SF,1,4,1,0.0,2023
718017,2023-05-27,158,MIL,1,137,SF,2,5,2,0.0,2023
717999,2023-05-27,158,MIL,1,137,SF,0,6,3,0.0,2023
717986,2023-05-28,158,MIL,1,137,SF,1,7,4,0.0,2023
717965,2023-05-30,158,MIL,0,141,TOR,2,-1,1,433.19037079572774,2023
717947,2023-05-31,158,MIL,0,141,TOR,1,-2,2,0.0,2023
717942,2023-06-01,158,MIL,0,141,TOR,1,-3,3,0.0,2023
717931,2023-06-02,158,MIL,0,113,CIN,1,-4,1,410.94298565561166,2023
717906,2023-06-03,158,MIL,0,113,CIN,1,-5,2,0.0,2023
717897,2023-06-04,158,MIL,0,113,CIN,1,-6,3,0.0,2023
717883,2023-06-05,158,MIL,0,113,CIN,1,-7,4,0.0,2023
717867,2023-06-06,158,MIL,1,110,BAL,1,1,1,325.9595383372329,2023
717851,2023-06-07,158,MIL,1,110,BAL,1,2,2,0.0,2023
717849,2023-06-08,158,MIL,1,110,BAL,1,3,3,0.0,2023
717831,2023-06-10,158,MIL,1,133,OAK,2,4,1,0.0,2023
717814,2023-06-10,158,MIL,1,133,OAK,0,5,2,0.0,2023
717800,2023-06-11,158,MIL,1,133,OAK,1,6,3,0.0,2023
717783,2023-06-13,158,MIL,0,142,MIN,2,-1,1,296.19869216933046,2023
717771,2023-06-14,158,MIL,0,142,MIN,1,-2,2,0.0,2023
717720,2023-06-17,158,MIL,1,134,PIT,3,1,1,296.19869216933046,2023
717740,2023-06-17,158,MIL,1,134,PIT,0,2,2,0.0,2023
717710,2023-06-18,158,MIL,1,134,PIT,1,3,3,0.0,2023
717696,2023-06-20,158,MIL,1,109,ARI,2,4,1,0.0,2023
717680,2023-06-21,158,MIL,1,109,ARI,1,5,2,0.0,2023
717672,2023-06-21,158,MIL,1,109,ARI,0,6,3,0.0,2023
717648,2023-06-23,158,MIL,0,114,CLE,2,-1,1,338.32644453061476,2023
717625,2023-06-24,158,MIL,0,114,CLE,1,-2,2,0.0,2023
717613,2023-06-25,158,MIL,0,114,CLE,1,-3,3,0.0,2023
717607,2023-06-26,158,MIL,0,121,NYM,1,-4,1,411.0649093966104,2023
717597,2023-06-27,158,MIL,0,121,NYM,1,-5,2,0.0,2023
717581,2023-06-28,158,MIL,0,121,NYM,1,-6,3,0.0,2023
717565,2023-06-29,158,MIL,0,121,NYM,1,-7,4,0.0,2023
717562,2023-06-30,158,MIL,0,134,PIT,1,-8,1,323.80514004194157,2023
717540,2023-07-01,158,MIL,0,134,PIT,1,-9,2,0.0,2023
717531,2023-07-02,158,MIL,0,134,PIT,1,-10,3,0.0,2023
717511,2023-07-03,158,MIL,1,112,CHC,1,1,1,447.5172990364866,2023
717503,2023-07-04,158,MIL,1,112,CHC,1,2,2,0.0,2023
717483,2023-07-06,158,MIL,1,112,CHC,2,3,3,0.0,2023
717474,2023-07-06,158,MIL,1,112,CHC,0,4,4,0.0,2023
717459,2023-07-08,158,MIL,1,113,CIN,2,5,1,0.0,2023
717444,2023-07-08,158,MIL,1,113,CIN,0,6,2,0.0,2023
717427,2023-07-09,158,MIL,1,113,CIN,1,7,3,0.0,2023
717412,2023-07-14,158,MIL,0,113,CIN,5,-1,4,325.9595383372329,2023
717392,2023-07-15,158,MIL,0,113,CIN,1,-2,5,0.0,2023
717383,2023-07-16,158,MIL,0,113,CIN,1,-3,6,0.0,2023
717363,2023-07-18,158,MIL,0,143,PHI,2,-4,1,500.9471415614062,2023
717347,2023-07-19,158,MIL,0,143,PHI,1,-5,2,0.0,2023
717329,2023-07-20,158,MIL,0,143,PHI,1,-6,3,0.0,2023
717313,2023-07-22,158,MIL,1,144,ATL,2,1,1,696.3664086049965,2023
717296,2023-07-22,158,MIL,1,144,ATL,0,2,2,0.0,2023
717287,2023-07-23,158,MIL,1,144,ATL,1,3,3,0.0,2023
717273,2023-07-25,158,MIL,1,113,CIN,2,4,1,0.0,2023
717262,2023-07-26,158,MIL,1,113,CIN,1,5,2,0.0,2023
717254,2023-07-26,158,MIL,1,113,CIN,0,6,3,0.0,2023
717231,2023-07-28,158,MIL,0,144,ATL,2,-1,1,659.030112248539,2023
717211,2023-07-29,158,MIL,0,144,ATL,1,-2,2,0.0,2023
717206,2023-07-30,158,MIL,0,144,ATL,1,-3,3,0.0,2023
717192,2023-07-31,158,MIL,0,120,WSH,1,-4,1,538.869727266714,2023
717183,2023-08-01,158,MIL,0,120,WSH,1,-5,2,0.0,2023
717162,2023-08-02,158,MIL,0,120,WSH,1,-6,3,0.0,2023
717143,2023-08-03,158,MIL,1,134,PIT,1,1,1,639.4643273379048,2023
717116,2023-08-05,158,MIL,1,134,PIT,2,2,2,0.0,2023
717131,2023-08-05,158,MIL,1,134,PIT,0,3,3,0.0,2023
717105,2023-08-06,158,MIL,1,134,PIT,1,4,4,0.0,2023
717086,2023-08-08,158,MIL,1,115,COL,2,5,1,0.0,2023
717078,2023-08-09,158,MIL,1,115,COL,1,6,2,0.0,2023
717065,2023-08-09,158,MIL,1,115,COL,0,7,3,0.0,2023
717036,2023-08-12,158,MIL,0,145,CWS,3,-1,1,84.55513154711521,2023
717023,2023-08-12,158,MIL,0,145,CWS,0,-2,2,0.0,2023
717006,2023-08-13,158,MIL,0,145,CWS,1,-3,3,0.0,2023
716979,2023-08-16,158,MIL,0,119,LAD,3,-4,1,1740.8822934525017,2023
716962,2023-08-17,158,MIL,0,119,LAD,1,-5,2,0.0,2023
716961,2023-08-18,158,MIL,0,119,LAD,1,-6,3,0.0,2023
716950,2023-08-19,158,MIL,0,140,TEX,1,-7,1,1221.5143050983006,2023
716938,2023-08-19,158,MIL,0,140,TEX,0,-8,2,0.0,2023
716918,2023-08-20,158,MIL,0,140,TEX,1,-9,3,0.0,2023
716894,2023-08-23,158,MIL,1,142,MIN,3,1,1,865.4945776802045,2023
716882,2023-08-23,158,MIL,1,142,MIN,0,2,2,0.0,2023
716857,2023-08-26,158,MIL,1,135,SD,3,3,1,0.0,2023
716838,2023-08-26,158,MIL,1,135,SD,0,4,2,0.0,2023
716822,2023-08-27,158,MIL,1,135,SD,1,5,3,0.0,2023
716810,2023-08-29,158,MIL,0,112,CHC,2,-1,1,76.31439882124853,2023
716779,2023-08-30,158,MIL,0,112,CHC,1,-2,2,0.0,2023
716798,2023-08-30,158,MIL,0,112,CHC,0,-3,3,0.0,2023
716765,2023-09-02,158,MIL,1,143,PHI,3,1,1,76.31439882124853,2023
716745,2023-09-02,158,MIL,1,143,PHI,0,2,2,0.0,2023
716736,2023-09-03,158,MIL,1,143,PHI,1,3,3,0.0,2023
716718,2023-09-04,158,MIL,0,134,PIT,1,-1,1,447.5172990364866,2023
716714,2023-09-05,158,MIL,0,134,PIT,1,-2,2,0.0,2023
716697,2023-09-06,158,MIL,0,134,PIT,1,-3,3,0.0,2023
716670,2023-09-08,158,MIL,0,147,NYY,2,-4,1,319.800970833564,2023
716659,2023-09-09,158,MIL,0,147,NYY,1,-5,2,0.0,2023
716646,2023-09-10,158,MIL,0,147,NYY,1,-6,3,0.0,2023
716626,2023-09-11,158,MIL,1,146,MIA,1,1,1,736.8762860400252,2023
716610,2023-09-12,158,MIL,1,146,MIA,1,2,2,0.0,2023
716592,2023-09-13,158,MIL,1,146,MIA,1,3,3,0.0,2023
716585,2023-09-14,158,MIL,1,146,MIA,1,4,4,0.0,2023
716578,2023-09-16,158,MIL,1,120,WSH,2,5,1,0.0,2023
716559,2023-09-16,158,MIL,1,120,WSH,0,6,2,0.0,2023
716543,2023-09-17,158,MIL,1,120,WSH,1,7,3,0.0,2023
716531,2023-09-18,158,MIL,0,138,STL,1,-1,1,325.7786649185398,2023
716515,2023-09-19,158,MIL,0,138,STL,1,-2,2,0.0,2023
716495,2023-09-20,158,MIL,0,138,STL,1,-3,3,0.0,2023
716491,2023-09-21,158,MIL,0,138,STL,1,-4,4,0.0,2023
716482,2023-09-22,158,MIL,0,146,MIA,1,-5,1,1060.3584631013382,2023
716460,2023-09-23,158,MIL,0,146,MIA,1,-6,2,0.0,2023
716447,2023-09-24,158,MIL,0,146,MIA,1,-7,3,0.0,2023
716423,2023-09-26,158,MIL,1,138,STL,2,1,1,1269.7716502102464,2023
716408,2023-09-27,158,MIL,1,138,STL,1,2,2,0.0,2023
716396,2023-09-28,158,MIL,1,138,STL,1,3,3,0.0,2023
716385,2023-09-30,158,MIL,1,112,CHC,2,4,1,0.0,2023
716373,2023-09-30,158,MIL,1,112,CHC,0,5,2,0.0,2023
716364,2023-10-01,158,MIL,1,112,CHC,1,6,3,0.0,2023
