game_pk,game_date,team_id,team,is_home,opp_team_id,opp_team,days_rest,home_away_streak,series_game_num,travel_miles,year
747060,2024-03-28,108,LAA,0,110,BAL,0,-1,1,2301.5254404543607,2024
747063,2024-03-30,108,LAA,0,110,BAL,2,-2,2,0.0,2024
747062,2024-03-31,108,LAA,0,110,BAL,1,-3,3,0.0,2024
746085,2024-04-01,108,LAA,0,146,MIA,1,-4,1,956.2208116188826,2024
746086,2024-04-02,108,LAA,0,146,MIA,1,-5,2,0.0,2024
746083,2024-04-03,108,LAA,0,146,MIA,1,-6,3,0.0,2024
746249,2024-04-06,108,LAA,1,111,BOS,3,1,1,2311.9053929488978,2024
746248,2024-04-07,108,LAA,1,111,BOS,1,2,2,0.0,2024
746251,2024-04-07,108,LAA,1,111,BOS,0,3,3,0.0,2024
746252,2024-04-09,108,LAA,1,139,TB,2,4,1,0.0,2024
746250,2024-04-10,108,LAA,1,139,TB,1,5,2,0.0,2024
746247,2024-04-10,108,LAA,1,139,TB,0,6,3,0.0,2024
746978,2024-04-12,108,LAA,0,111,BOS,2,-1,1,2578.6729683380804,2024
746979,2024-04-13,108,LAA,0,111,BOS,1,-2,2,0.0,2024
746975,2024-04-14,108,LAA,0,111,BOS,1,-3,3,0.0,2024
745106,2024-04-15,108,LAA,0,139,TB,1,-4,1,1198.2270597762317,2024
745108,2024-04-16,108,LAA,0,139,TB,1,-5,2,0.0,2024
745105,2024-04-17,108,LAA,0,139,TB,1,-6,3,0.0,2024
745104,2024-04-18,108,LAA,0,139,TB,1,-7,4,0.0,2024
746729,2024-04-19,108,LAA,0,113,CIN,1,-8,1,790.0657540508034,2024
746726,2024-04-20,108,LAA,0,113,CIN,1,-9,2,0.0,2024
746727,2024-04-21,108,LAA,0,113,CIN,1,-10,3,0.0,2024
746242,2024-04-23,108,LAA,1,110,BAL,2,1,1,1879.7694329343171,2024
746246,2024-04-24,108,LAA,1,110,BAL,1,2,2,0.0,2024
746244,2024-04-24,108,LAA,1,110,BAL,0,3,3,0.0,2024
746243,2024-04-27,108,LAA,1,142,MIN,3,4,1,0.0,2024
746245,2024-04-28,108,LAA,1,142,MIN,1,5,2,0.0,2024
746237,2024-04-28,108,LAA,1,142,MIN,0,6,3,0.0,2024
746236,2024-04-30,108,LAA,1,143,PHI,2,7,1,0.0,2024
746238,2024-05-01,108,LAA,1,143,PHI,1,8,2,0.0,2024
746239,2024-05-01,108,LAA,1,143,PHI,0,9,3,0.0,2024
746645,2024-05-03,108,LAA,0,114,CLE,2,-1,1,2034.3207691263494,2024
746644,2024-05-04,108,LAA,0,114,CLE,1,-2,2,0.0,2024
746643,2024-05-05,108,LAA,0,114,CLE,1,-3,3,0.0,2024
745509,2024-05-06,108,LAA,0,134,PIT,1,-4,1,113.72517024270446,2024
745508,2024-05-07,108,LAA,0,134,PIT,1,-5,2,0.0,2024
745507,2024-05-08,108,LAA,0,134,PIT,1,-6,3,0.0,2024
746241,2024-05-10,108,LAA,1,118,KC,2,1,1,2119.721965463812,2024
746240,2024-05-11,108,LAA,1,118,KC,1,2,2,0.0,2024
746234,2024-05-12,108,LAA,1,118,KC,1,3,3,0.0,2024
746232,2024-05-12,108,LAA,1,118,KC,0,4,4,0.0,2024
746233,2024-05-14,108,LAA,1,138,STL,2,5,1,0.0,2024
746235,2024-05-15,108,LAA,1,138,STL,1,6,2,0.0,2024
746231,2024-05-16,108,LAA,1,138,STL,1,7,3,0.0,2024
745016,2024-05-18,108,LAA,0,140,TEX,2,-1,1,1201.6984237735796,2024
745013,2024-05-18,108,LAA,0,140,TEX,0,-2,2,0.0,2024
745012,2024-05-19,108,LAA,0,140,TEX,1,-3,3,0.0,2024
746390,2024-05-21,108,LAA,0,117,HOU,2,-4,1,230.66355960201378,2024
746386,2024-05-22,108,LAA,0,117,HOU,1,-5,2,0.0,2024
746385,2024-05-22,108,LAA,0,117,HOU,0,-6,3,0.0,2024
746227,2024-05-25,108,LAA,1,114,CLE,3,1,1,1349.4753249039884,2024
746226,2024-05-26,108,LAA,1,114,CLE,1,2,2,0.0,2024
746230,2024-05-26,108,LAA,1,114,CLE,0,3,3,0.0,2024
746229,2024-05-29,108,LAA,1,147,NYY,3,4,1,0.0,2024
746228,2024-05-30,108,LAA,1,147,NYY,1,5,2,0.0,2024
746225,2024-05-31,108,LAA,1,147,NYY,1,6,3,0.0,2024
745253,2024-06-01,108,LAA,0,136,SEA,1,-1,1,980.5935873257743,2024
745251,2024-06-01,108,LAA,0,136,SEA,0,-2,2,0.0,2024
745252,2024-06-02,108,LAA,0,136,SEA,1,-3,3,0.0,2024
746224,2024-06-04,108,LAA,1,135,SD,2,1,1,980.5935873257743,2024
746222,2024-06-05,108,LAA,1,135,SD,1,2,2,0.0,2024
746221,2024-06-06,108,LAA,1,135,SD,1,3,3,0.0,2024
746220,2024-06-08,108,LAA,1,117,HOU,2,4,1,0.0,2024
746223,2024-06-09,108,LAA,1,117,HOU,1,5,2,0.0,2024
746216,2024-06-09,108,LAA,1,117,HOU,0,6,3,0.0,2024
747190,2024-06-12,108,LAA,0,109,ARI,3,-1,1,335.4914545335198,2024
747193,2024-06-13,108,LAA,0,109,ARI,1,-2,2,0.0,2024
747192,2024-06-14,108,LAA,0,109,ARI,1,-3,3,0.0,2024
745326,2024-06-15,108,LAA,0,137,SF,1,-4,1,652.0636757078365,2024
745329,2024-06-15,108,LAA,0,137,SF,0,-5,2,0.0,2024
745321,2024-06-16,108,LAA,0,137,SF,1,-6,3,0.0,2024
746215,2024-06-18,108,LAA,1,158,MIL,2,1,1,373.21886529538057,2024
746217,2024-06-19,108,LAA,1,158,MIL,1,2,2,0.0,2024
746219,2024-06-20,108,LAA,1,158,MIL,1,3,3,0.0,2024
746131,2024-06-22,108,LAA,0,119,LAD,2,-1,1,27.87381208188066,2024
746132,2024-06-23,108,LAA,0,119,LAD,1,-2,2,0.0,2024
746218,2024-06-25,108,LAA,1,133,OAK,2,1,1,27.87381208188066,2024
746213,2024-06-26,108,LAA,1,133,OAK,1,2,2,0.0,2024
746212,2024-06-26,108,LAA,1,133,OAK,0,3,3,0.0,2024
746210,2024-06-28,108,LAA,1,116,DET,2,4,1,0.0,2024
746214,2024-06-29,108,LAA,1,116,DET,1,5,2,0.0,2024
746209,2024-06-30,108,LAA,1,116,DET,1,6,3,0.0,2024
746211,2024-06-30,108,LAA,1,116,DET,0,7,4,0.0,2024
745647,2024-07-03,108,LAA,0,133,OAK,3,-1,1,364.7793033141838,2024
745643,2024-07-04,108,LAA,0,133,OAK,1,-2,2,0.0,2024
745641,2024-07-04,108,LAA,0,133,OAK,0,-3,3,0.0,2024
746859,2024-07-05,108,LAA,0,112,CHC,1,-4,1,1842.6147174758498,2024
746856,2024-07-06,108,LAA,0,112,CHC,1,-5,2,0.0,2024
746855,2024-07-07,108,LAA,0,112,CHC,1,-6,3,0.0,2024
746208,2024-07-09,108,LAA,1,140,TEX,2,1,1,1731.5112579868214,2024
746206,2024-07-10,108,LAA,1,140,TEX,1,2,2,0.0,2024
746205,2024-07-11,108,LAA,1,140,TEX,1,3,3,0.0,2024
746204,2024-07-12,108,LAA,1,136,SEA,1,4,1,0.0,2024
746207,2024-07-13,108,LAA,1,136,SEA,1,5,2,0.0,2024
746202,2024-07-14,108,LAA,1,136,SEA,1,6,3,0.0,2024
746201,2024-07-14,108,LAA,1,136,SEA,0,7,4,0.0,2024
745640,2024-07-20,108,LAA,0,133,OAK,6,-1,1,364.7793033141838,2024
745638,2024-07-20,108,LAA,0,133,OAK,0,-2,2,0.0,2024
745633,2024-07-21,108,LAA,0,133,OAK,1,-3,3,0.0,2024
745232,2024-07-23,108,LAA,0,136,SEA,2,-4,1,679.9392003432476,2024
745227,2024-07-24,108,LAA,0,136,SEA,1,-5,2,0.0,2024
745231,2024-07-24,108,LAA,0,136,SEA,0,-6,3,0.0,2024
746199,2024-07-26,108,LAA,1,133,OAK,2,1,1,980.5935873257743,2024
746200,2024-07-27,108,LAA,1,133,OAK,1,2,2,0.0,2024
746203,2024-07-28,108,LAA,1,133,OAK,1,3,3,0.0,2024
746195,2024-07-28,108,LAA,1,133,OAK,0,4,4,0.0,2024
746197,2024-07-31,108,LAA,1,115,COL,3,5,1,0.0,2024
746198,2024-08-01,108,LAA,1,115,COL,1,6,2,0.0,2024
746196,2024-08-02,108,LAA,1,115,COL,1,7,3,0.0,2024
746193,2024-08-03,108,LAA,1,121,NYM,1,8,1,0.0,2024
746194,2024-08-04,108,LAA,1,121,NYM,1,9,2,0.0,2024
746191,2024-08-04,108,LAA,1,121,NYM,0,10,3,0.0,2024
745709,2024-08-07,108,LAA,0,147,NYY,1,-2,2,0.0,2024
745713,2024-08-07,108,LAA,0,147,NYY,0,-3,3,0.0,2024
745710,2024-08-08,108,LAA,0,147,NYY,1,-4,4,0.0,2024
744818,2024-08-09,108,LAA,0,120,WSH,1,-5,1,212.0912051760551,2024
744820,2024-08-10,108,LAA,0,120,WSH,1,-6,2,0.0,2024
744816,2024-08-11,108,LAA,0,120,WSH,1,-7,3,0.0,2024
746192,2024-08-13,108,LAA,1,141,TOR,2,1,1,2282.8044015651135,2024
746187,2024-08-14,108,LAA,1,141,TOR,1,2,2,0.0,2024
746188,2024-08-15,108,LAA,1,141,TOR,1,3,3,0.0,2024
746189,2024-08-17,108,LAA,1,144,ATL,2,4,1,0.0,2024
746190,2024-08-18,108,LAA,1,144,ATL,1,5,2,0.0,2024
746186,2024-08-18,108,LAA,1,144,ATL,0,6,3,0.0,2024
746270,2024-08-20,108,LAA,0,118,KC,2,-1,1,1346.5044522382782,2024
746266,2024-08-21,108,LAA,0,118,KC,1,-2,2,0.0,2024
746267,2024-08-22,108,LAA,0,118,KC,1,-3,3,0.0,2024
744894,2024-08-22,108,LAA,0,141,TOR,0,-4,1,843.0534764751171,2024
744889,2024-08-23,108,LAA,0,141,TOR,1,-5,2,0.0,2024
744890,2024-08-24,108,LAA,0,141,TOR,1,-6,3,0.0,2024
744892,2024-08-25,108,LAA,0,141,TOR,1,-7,4,0.0,2024
746429,2024-08-27,108,LAA,0,116,DET,2,-8,1,205.64835449402668,2024
746430,2024-08-28,108,LAA,0,116,DET,1,-9,2,0.0,2024
746432,2024-08-29,108,LAA,0,116,DET,1,-10,3,0.0,2024
746184,2024-08-31,108,LAA,1,136,SEA,2,1,1,1969.013791743627,2024
746182,2024-09-01,108,LAA,1,136,SEA,1,2,2,0.0,2024
746183,2024-09-01,108,LAA,1,136,SEA,0,3,3,0.0,2024
746185,2024-09-04,108,LAA,1,119,LAD,3,4,1,0.0,2024
746178,2024-09-05,108,LAA,1,119,LAD,1,5,2,0.0,2024
744966,2024-09-06,108,LAA,0,140,TEX,1,-1,1,1201.6984237735796,2024
744963,2024-09-07,108,LAA,0,140,TEX,1,-2,2,0.0,2024
744967,2024-09-07,108,LAA,0,140,TEX,0,-3,3,0.0,2024
744965,2024-09-08,108,LAA,0,140,TEX,1,-4,4,0.0,2024
745860,2024-09-09,108,LAA,0,142,MIN,1,-5,1,869.2690937301206,2024
745856,2024-09-10,108,LAA,0,142,MIN,1,-6,2,0.0,2024
745857,2024-09-11,108,LAA,0,142,MIN,1,-7,3,0.0,2024
746181,2024-09-14,108,LAA,1,117,HOU,3,1,1,1515.2340388389878,2024
746177,2024-09-15,108,LAA,1,117,HOU,1,2,2,0.0,2024
746180,2024-09-15,108,LAA,1,117,HOU,0,3,3,0.0,2024
746179,2024-09-17,108,LAA,1,145,CWS,2,4,1,0.0,2024
746172,2024-09-18,108,LAA,1,145,CWS,1,5,2,0.0,2024
746176,2024-09-18,108,LAA,1,145,CWS,0,6,3,0.0,2024
746341,2024-09-20,108,LAA,0,117,HOU,2,-1,1,1349.4753249039884,2024
746340,2024-09-21,108,LAA,0,117,HOU,1,-2,2,0.0,2024
746338,2024-09-21,108,LAA,0,117,HOU,0,-3,3,0.0,2024
746339,2024-09-22,108,LAA,0,117,HOU,1,-4,4,0.0,2024
746743,2024-09-24,108,LAA,0,145,CWS,2,-5,1,938.7707116803103,2024
746742,2024-09-25,108,LAA,0,145,CWS,1,-6,2,0.0,2024
746738,2024-09-26,108,LAA,0,145,CWS,1,-7,3,0.0,2024
746173,2024-09-28,108,LAA,1,140,TEX,2,1,1,1731.3431702590296,2024
746171,2024-09-29,108,LAA,1,140,TEX,1,2,2,0.0,2024
746174,2024-09-29,108,LAA,1,140,TEX,0,3,3,0.0,2024
747224,2024-03-29,109,ARI,1,115,COL,0,1,1,0.0,2024
747223,2024-03-30,109,ARI,1,115,COL,1,2,2,0.0,2024
747221,2024-03-31,109,ARI,1,115,COL,1,3,3,0.0,2024
747222,2024-03-31,109,ARI,1,115,COL,0,4,4,0.0,2024
747218,2024-04-02,109,ARI,1,147,NYY,2,5,1,0.0,2024
747220,2024-04-03,109,ARI,1,147,NYY,1,6,2,0.0,2024
747219,2024-04-03,109,ARI,1,147,NYY,0,7,3,0.0,2024
747143,2024-04-05,109,ARI,0,144,ATL,2,-1,1,1582.6424392854756,2024
747140,2024-04-06,109,ARI,0,144,ATL,1,-2,2,0.0,2024
747141,2024-04-07,109,ARI,0,144,ATL,1,-3,3,0.0,2024
746569,2024-04-09,109,ARI,0,115,COL,2,-4,1,1202.1860715929813,2024
746571,2024-04-10,109,ARI,0,115,COL,1,-5,2,0.0,2024
746573,2024-04-10,109,ARI,0,115,COL,0,-6,3,0.0,2024
747217,2024-04-13,109,ARI,1,138,STL,3,1,1,586.1530990190981,2024
747215,2024-04-14,109,ARI,1,138,STL,1,2,2,0.0,2024
747216,2024-04-14,109,ARI,1,138,STL,0,3,3,0.0,2024
747213,2024-04-16,109,ARI,1,112,CHC,2,4,1,0.0,2024
747214,2024-04-17,109,ARI,1,112,CHC,1,5,2,0.0,2024
747212,2024-04-17,109,ARI,1,112,CHC,0,6,3,0.0,2024
745356,2024-04-19,109,ARI,0,137,SF,2,-1,1,652.0636757078365,2024
745352,2024-04-20,109,ARI,0,137,SF,1,-2,2,0.0,2024
745354,2024-04-20,109,ARI,0,137,SF,0,-3,3,0.0,2024
745353,2024-04-21,109,ARI,0,137,SF,1,-4,4,0.0,2024
745191,2024-04-22,109,ARI,0,138,STL,1,-5,1,1740.2563893028632,2024
745193,2024-04-23,109,ARI,0,138,STL,1,-6,2,0.0,2024
745188,2024-04-24,109,ARI,0,138,STL,1,-7,3,0.0,2024
745269,2024-04-27,109,ARI,0,136,SEA,3,-8,1,1720.6847673970585,2024
745266,2024-04-28,109,ARI,0,136,SEA,1,-9,2,0.0,2024
745265,2024-04-28,109,ARI,0,136,SEA,0,-10,3,0.0,2024
747211,2024-04-30,109,ARI,1,119,LAD,2,1,1,1114.0691793592323,2024
747210,2024-05-01,109,ARI,1,119,LAD,1,2,2,0.0,2024
747207,2024-05-02,109,ARI,1,119,LAD,1,3,3,0.0,2024
747208,2024-05-04,109,ARI,1,135,SD,2,4,1,0.0,2024
747209,2024-05-05,109,ARI,1,135,SD,1,5,2,0.0,2024
747206,2024-05-05,109,ARI,1,135,SD,0,6,3,0.0,2024
746718,2024-05-07,109,ARI,0,113,CIN,2,-1,1,1577.4551559276624,2024
746717,2024-05-08,109,ARI,0,113,CIN,1,-2,2,0.0,2024
746715,2024-05-09,109,ARI,0,113,CIN,1,-3,3,0.0,2024
747043,2024-05-10,109,ARI,0,110,BAL,1,-4,1,422.40795362654626,2024
747041,2024-05-11,109,ARI,0,110,BAL,1,-5,2,0.0,2024
747042,2024-05-12,109,ARI,0,110,BAL,1,-6,3,0.0,2024
747204,2024-05-14,109,ARI,1,113,CIN,2,1,1,1999.746562834509,2024
747205,2024-05-15,109,ARI,1,113,CIN,1,2,2,0.0,2024
747203,2024-05-15,109,ARI,1,113,CIN,0,3,3,0.0,2024
747201,2024-05-18,109,ARI,1,116,DET,3,4,1,0.0,2024
747202,2024-05-19,109,ARI,1,116,DET,1,5,2,0.0,2024
747198,2024-05-19,109,ARI,1,116,DET,0,6,3,0.0,2024
746146,2024-05-21,109,ARI,0,119,LAD,2,-1,1,357.22532088939374,2024
746145,2024-05-22,109,ARI,0,119,LAD,1,-2,2,0.0,2024
746143,2024-05-23,109,ARI,0,119,LAD,1,-3,3,0.0,2024
747200,2024-05-25,109,ARI,1,146,MIA,2,1,1,357.22532088939374,2024
747199,2024-05-26,109,ARI,1,146,MIA,1,2,2,0.0,2024
747197,2024-05-26,109,ARI,1,146,MIA,0,3,3,0.0,2024
745017,2024-05-29,109,ARI,0,140,TEX,3,-1,1,867.9010244338684,2024
745011,2024-05-29,109,ARI,0,140,TEX,0,-2,2,0.0,2024
745819,2024-05-30,109,ARI,0,121,NYM,1,-3,1,1394.8455111609428,2024
745820,2024-05-31,109,ARI,0,121,NYM,1,-4,2,0.0,2024
745812,2024-06-01,109,ARI,0,121,NYM,1,-5,3,0.0,2024
745813,2024-06-02,109,ARI,0,121,NYM,1,-6,4,0.0,2024
747194,2024-06-04,109,ARI,1,137,SF,2,1,1,2148.1029258287786,2024
747195,2024-06-05,109,ARI,1,137,SF,1,2,2,0.0,2024
747196,2024-06-05,109,ARI,1,137,SF,0,3,3,0.0,2024
745408,2024-06-07,109,ARI,0,135,SD,2,-1,1,299.07000924838377,2024
745406,2024-06-08,109,ARI,0,135,SD,1,-2,2,0.0,2024
745410,2024-06-09,109,ARI,0,135,SD,1,-3,3,0.0,2024
745407,2024-06-09,109,ARI,0,135,SD,0,-4,4,0.0,2024
747190,2024-06-12,109,ARI,1,108,LAA,3,1,1,299.07000924838377,2024
747193,2024-06-13,109,ARI,1,108,LAA,1,2,2,0.0,2024
747192,2024-06-14,109,ARI,1,108,LAA,1,3,3,0.0,2024
747191,2024-06-15,109,ARI,1,145,CWS,1,4,1,0.0,2024
747189,2024-06-16,109,ARI,1,145,CWS,1,5,2,0.0,2024
747187,2024-06-16,109,ARI,1,145,CWS,0,6,3,0.0,2024
744843,2024-06-18,109,ARI,0,120,WSH,2,-1,1,1978.963589227503,2024
744842,2024-06-19,109,ARI,0,120,WSH,1,-2,2,0.0,2024
744841,2024-06-20,109,ARI,0,120,WSH,1,-3,3,0.0,2024
745562,2024-06-21,109,ARI,0,143,PHI,1,-4,1,121.48691857607562,2024
745564,2024-06-22,109,ARI,0,143,PHI,1,-5,2,0.0,2024
745566,2024-06-23,109,ARI,0,143,PHI,1,-6,3,0.0,2024
747188,2024-06-26,109,ARI,1,142,MIN,3,1,1,2077.6302509220623,2024
747185,2024-06-27,109,ARI,1,142,MIN,1,2,2,0.0,2024
747184,2024-06-27,109,ARI,1,142,MIN,0,3,3,0.0,2024
747186,2024-06-29,109,ARI,1,133,OAK,2,4,1,0.0,2024
747183,2024-06-29,109,ARI,1,133,OAK,0,5,2,0.0,2024
747182,2024-06-30,109,ARI,1,133,OAK,1,6,3,0.0,2024
746133,2024-07-03,109,ARI,0,119,LAD,3,-1,1,357.22532088939374,2024
746128,2024-07-04,109,ARI,0,119,LAD,1,-2,2,0.0,2024
746126,2024-07-05,109,ARI,0,119,LAD,1,-3,3,0.0,2024
745398,2024-07-06,109,ARI,0,135,SD,1,-4,1,113.20881075215142,2024
745395,2024-07-07,109,ARI,0,135,SD,1,-5,2,0.0,2024
745391,2024-07-07,109,ARI,0,135,SD,0,-6,3,0.0,2024
747181,2024-07-09,109,ARI,1,144,ATL,2,1,1,299.07000924838377,2024
747180,2024-07-10,109,ARI,1,144,ATL,1,2,2,0.0,2024
747179,2024-07-11,109,ARI,1,144,ATL,1,3,3,0.0,2024
747178,2024-07-12,109,ARI,1,144,ATL,1,4,4,0.0,2024
747175,2024-07-13,109,ARI,1,141,TOR,1,5,1,0.0,2024
747177,2024-07-14,109,ARI,1,141,TOR,1,6,2,0.0,2024
747176,2024-07-14,109,ARI,1,141,TOR,0,7,3,0.0,2024
746854,2024-07-19,109,ARI,0,112,CHC,5,-1,1,1451.6299446026987,2024
746852,2024-07-20,109,ARI,0,112,CHC,1,-2,2,0.0,2024
746853,2024-07-21,109,ARI,0,112,CHC,1,-3,3,0.0,2024
746280,2024-07-23,109,ARI,0,118,KC,2,-4,1,410.49325072140863,2024
746281,2024-07-24,109,ARI,0,118,KC,1,-5,2,0.0,2024
746279,2024-07-25,109,ARI,0,118,KC,1,-6,3,0.0,2024
747174,2024-07-27,109,ARI,1,134,PIT,2,1,1,1051.5706596300413,2024
747171,2024-07-28,109,ARI,1,134,PIT,1,2,2,0.0,2024
747173,2024-07-28,109,ARI,1,134,PIT,0,3,3,0.0,2024
747172,2024-07-30,109,ARI,1,120,WSH,2,4,1,0.0,2024
747167,2024-07-31,109,ARI,1,120,WSH,1,5,2,0.0,2024
747170,2024-07-31,109,ARI,1,120,WSH,0,6,3,0.0,2024
745471,2024-08-02,109,ARI,0,134,PIT,2,-1,1,1824.319858955869,2024
745474,2024-08-03,109,ARI,0,134,PIT,1,-2,2,0.0,2024
745468,2024-08-04,109,ARI,0,134,PIT,1,-3,3,0.0,2024
746600,2024-08-05,109,ARI,0,114,CLE,1,-4,1,113.72517024270446,2024
746604,2024-08-07,109,ARI,0,114,CLE,1,-6,3,0.0,2024
746602,2024-08-07,109,ARI,0,114,CLE,0,-7,4,0.0,2024
747169,2024-08-09,109,ARI,1,143,PHI,2,1,1,1745.9617283251753,2024
747168,2024-08-10,109,ARI,1,143,PHI,1,2,2,0.0,2024
747164,2024-08-11,109,ARI,1,143,PHI,1,3,3,0.0,2024
747166,2024-08-11,109,ARI,1,143,PHI,0,4,4,0.0,2024
747165,2024-08-13,109,ARI,1,115,COL,2,5,1,0.0,2024
747163,2024-08-14,109,ARI,1,115,COL,1,6,2,0.0,2024
747160,2024-08-14,109,ARI,1,115,COL,0,7,3,0.0,2024
745054,2024-08-16,109,ARI,0,139,TB,2,-1,1,1786.289647627458,2024
745049,2024-08-17,109,ARI,0,139,TB,1,-2,2,0.0,2024
745051,2024-08-18,109,ARI,0,139,TB,1,-3,3,0.0,2024
746027,2024-08-19,109,ARI,0,146,MIA,1,-4,1,203.5855811594844,2024
746029,2024-08-20,109,ARI,0,146,MIA,1,-5,2,0.0,2024
746028,2024-08-21,109,ARI,0,146,MIA,1,-6,3,0.0,2024
746920,2024-08-23,109,ARI,0,111,BOS,2,-7,1,1256.446953803624,2024
746917,2024-08-24,109,ARI,0,111,BOS,1,-8,2,0.0,2024
746918,2024-08-25,109,ARI,0,111,BOS,1,-9,3,0.0,2024
747162,2024-08-28,109,ARI,1,121,NYM,3,1,1,2293.0518319285165,2024
747161,2024-08-29,109,ARI,1,121,NYM,1,2,2,0.0,2024
747159,2024-08-29,109,ARI,1,121,NYM,0,3,3,0.0,2024
747156,2024-08-31,109,ARI,1,119,LAD,2,4,1,0.0,2024
747158,2024-09-01,109,ARI,1,119,LAD,1,5,2,0.0,2024
747157,2024-09-01,109,ARI,1,119,LAD,0,6,3,0.0,2024
747155,2024-09-02,109,ARI,1,119,LAD,1,7,4,0.0,2024
745293,2024-09-04,109,ARI,0,137,SF,2,-1,1,652.0636757078365,2024
745290,2024-09-05,109,ARI,0,137,SF,1,-2,2,0.0,2024
745289,2024-09-05,109,ARI,0,137,SF,0,-3,3,0.0,2024
746344,2024-09-07,109,ARI,0,117,HOU,2,-4,1,1641.7172266838993,2024
746343,2024-09-07,109,ARI,0,117,HOU,0,-5,2,0.0,2024
746345,2024-09-08,109,ARI,0,117,HOU,1,-6,3,0.0,2024
747152,2024-09-11,109,ARI,1,140,TEX,3,1,1,1014.6732943333567,2024
747154,2024-09-11,109,ARI,1,140,TEX,0,2,2,0.0,2024
747153,2024-09-14,109,ARI,1,158,MIL,3,3,1,0.0,2024
747148,2024-09-15,109,ARI,1,158,MIL,1,4,2,0.0,2024
747151,2024-09-15,109,ARI,1,158,MIL,0,5,3,0.0,2024
746502,2024-09-17,109,ARI,0,115,COL,2,-1,1,586.1530990190981,2024
746500,2024-09-18,109,ARI,0,115,COL,1,-2,2,0.0,2024
746503,2024-09-18,109,ARI,0,115,COL,0,-3,3,0.0,2024
745937,2024-09-19,109,ARI,0,158,MIL,1,-4,1,909.1622358795455,2024
745934,2024-09-21,109,ARI,0,158,MIL,2,-5,2,0.0,2024
745936,2024-09-21,109,ARI,0,158,MIL,0,-6,3,0.0,2024
745929,2024-09-22,109,ARI,0,158,MIL,1,-7,4,0.0,2024
747150,2024-09-24,109,ARI,1,137,SF,2,1,1,1458.5788896029478,2024
747149,2024-09-25,109,ARI,1,137,SF,1,2,2,0.0,2024
747144,2024-09-26,109,ARI,1,137,SF,1,3,3,0.0,2024
747145,2024-09-28,109,ARI,1,135,SD,2,4,1,0.0,2024
747146,2024-09-29,109,ARI,1,135,SD,1,5,2,0.0,2024
747147,2024-09-29,109,ARI,1,135,SD,0,6,3,0.0,2024
747060,2024-03-28,110,BAL,1,108,LAA,0,1,1,0.0,2024
747063,2024-03-30,110,BAL,1,108,LAA,2,2,2,0.0,2024
747062,2024-03-31,110,BAL,1,108,LAA,1,3,3,0.0,2024
747058,2024-04-01,110,BAL,1,118,KC,1,4,1,0.0,2024
747057,2024-04-02,110,BAL,1,118,KC,1,5,2,0.0,2024
747059,2024-04-03,110,BAL,1,118,KC,1,6,3,0.0,2024
745524,2024-04-05,110,BAL,0,134,PIT,2,-1,1,196.62316008554197,2024
745522,2024-04-06,110,BAL,0,134,PIT,1,-2,2,0.0,2024
745523,2024-04-07,110,BAL,0,134,PIT,1,-3,3,0.0,2024
746981,2024-04-09,110,BAL,0,111,BOS,2,-4,1,479.7911670433808,2024
746980,2024-04-10,110,BAL,0,111,BOS,1,-5,2,0.0,2024
746977,2024-04-11,110,BAL,0,111,BOS,1,-6,3,0.0,2024
747055,2024-04-12,110,BAL,1,158,MIL,1,1,1,358.0026308075598,2024
747054,2024-04-13,110,BAL,1,158,MIL,1,2,2,0.0,2024
747056,2024-04-14,110,BAL,1,158,MIL,1,3,3,0.0,2024
747053,2024-04-15,110,BAL,1,142,MIN,1,4,1,0.0,2024
747051,2024-04-16,110,BAL,1,142,MIN,1,5,2,0.0,2024
747049,2024-04-17,110,BAL,1,142,MIN,1,6,3,0.0,2024
746325,2024-04-19,110,BAL,0,118,KC,2,-1,1,955.2837530445377,2024
746324,2024-04-20,110,BAL,0,118,KC,1,-2,2,0.0,2024
746316,2024-04-21,110,BAL,0,118,KC,1,-3,3,0.0,2024
746242,2024-04-23,110,BAL,0,108,LAA,2,-4,1,1346.5044522382782,2024
746246,2024-04-24,110,BAL,0,108,LAA,1,-5,2,0.0,2024
746244,2024-04-24,110,BAL,0,108,LAA,0,-6,3,0.0,2024
747050,2024-04-26,110,BAL,1,133,OAK,2,1,1,2301.5254404543607,2024
747052,2024-04-27,110,BAL,1,133,OAK,1,2,2,0.0,2024
747045,2024-04-28,110,BAL,1,133,OAK,1,3,3,0.0,2024
747046,2024-04-29,110,BAL,1,147,NYY,1,4,1,0.0,2024
747047,2024-04-30,110,BAL,1,147,NYY,1,5,2,0.0,2024
747048,2024-05-01,110,BAL,1,147,NYY,1,6,3,0.0,2024
747044,2024-05-02,110,BAL,1,147,NYY,1,7,4,0.0,2024
746721,2024-05-03,110,BAL,0,113,CIN,1,-1,1,422.40795362654626,2024
746720,2024-05-04,110,BAL,0,113,CIN,1,-2,2,0.0,2024
746719,2024-05-05,110,BAL,0,113,CIN,1,-3,3,0.0,2024
744859,2024-05-07,110,BAL,0,120,WSH,2,-4,1,403.05254469244744,2024
744858,2024-05-08,110,BAL,0,120,WSH,1,-5,2,0.0,2024
747043,2024-05-10,110,BAL,1,109,ARI,2,1,1,35.12148729233362,2024
747041,2024-05-11,110,BAL,1,109,ARI,1,2,2,0.0,2024
747042,2024-05-12,110,BAL,1,109,ARI,1,3,3,0.0,2024
747040,2024-05-13,110,BAL,1,141,TOR,1,4,1,0.0,2024
747038,2024-05-15,110,BAL,1,141,TOR,1,6,3,0.0,2024
747037,2024-05-17,110,BAL,1,136,SEA,2,7,1,0.0,2024
747036,2024-05-18,110,BAL,1,136,SEA,1,8,2,0.0,2024
747035,2024-05-19,110,BAL,1,136,SEA,1,9,3,0.0,2024
745181,2024-05-20,110,BAL,0,138,STL,1,-1,1,729.9729666923824,2024
745180,2024-05-22,110,BAL,0,138,STL,1,-3,3,0.0,2024
745173,2024-05-22,110,BAL,0,138,STL,0,-4,4,0.0,2024
746792,2024-05-23,110,BAL,0,145,CWS,1,-5,1,259.4675939691297,2024
746793,2024-05-24,110,BAL,0,145,CWS,1,-6,2,0.0,2024
746794,2024-05-25,110,BAL,0,145,CWS,1,-7,3,0.0,2024
746789,2024-05-26,110,BAL,0,145,CWS,1,-8,4,0.0,2024
747034,2024-05-27,110,BAL,1,111,BOS,1,1,1,603.7749623343499,2024
747033,2024-05-28,110,BAL,1,111,BOS,1,2,2,0.0,2024
747031,2024-05-29,110,BAL,1,111,BOS,1,3,3,0.0,2024
747032,2024-05-31,110,BAL,1,139,TB,2,4,1,0.0,2024
747029,2024-06-01,110,BAL,1,139,TB,1,5,2,0.0,2024
747030,2024-06-02,110,BAL,1,139,TB,1,6,3,0.0,2024
744930,2024-06-03,110,BAL,0,141,TOR,1,-1,1,333.41200779259856,2024
744931,2024-06-04,110,BAL,0,141,TOR,1,-2,2,0.0,2024
744927,2024-06-05,110,BAL,0,141,TOR,1,-3,3,0.0,2024
744923,2024-06-06,110,BAL,0,141,TOR,1,-4,4,0.0,2024
745083,2024-06-07,110,BAL,0,139,TB,1,-5,1,1111.7297518661444,2024
745082,2024-06-08,110,BAL,0,139,TB,1,-6,2,0.0,2024
745085,2024-06-09,110,BAL,0,139,TB,1,-7,3,0.0,2024
745080,2024-06-10,110,BAL,0,139,TB,1,-8,4,0.0,2024
747027,2024-06-11,110,BAL,1,144,ATL,1,1,1,867.6749708982579,2024
747028,2024-06-12,110,BAL,1,144,ATL,1,2,2,0.0,2024
747026,2024-06-13,110,BAL,1,144,ATL,1,3,3,0.0,2024
747025,2024-06-14,110,BAL,1,143,PHI,1,4,1,0.0,2024
747024,2024-06-15,110,BAL,1,143,PHI,1,5,2,0.0,2024
747023,2024-06-16,110,BAL,1,143,PHI,1,6,3,0.0,2024
745733,2024-06-18,110,BAL,0,147,NYY,2,-1,1,178.12306591164185,2024
745732,2024-06-19,110,BAL,0,147,NYY,1,-2,2,0.0,2024
745734,2024-06-20,110,BAL,0,147,NYY,1,-3,3,0.0,2024
746375,2024-06-22,110,BAL,0,117,HOU,2,-4,1,1424.3629806468848,2024
746376,2024-06-22,110,BAL,0,117,HOU,0,-5,2,0.0,2024
746373,2024-06-23,110,BAL,0,117,HOU,1,-6,3,0.0,2024
747021,2024-06-24,110,BAL,1,114,CLE,1,1,1,1249.46334342378,2024
747022,2024-06-25,110,BAL,1,114,CLE,1,2,2,0.0,2024
747019,2024-06-26,110,BAL,1,114,CLE,1,3,3,0.0,2024
747020,2024-06-27,110,BAL,1,140,TEX,1,4,1,0.0,2024
747017,2024-06-28,110,BAL,1,140,TEX,1,5,2,0.0,2024
747018,2024-06-29,110,BAL,1,140,TEX,1,6,3,0.0,2024
747016,2024-06-30,110,BAL,1,140,TEX,1,7,4,0.0,2024
745240,2024-07-03,110,BAL,0,136,SEA,3,-1,1,2328.21147385152,2024
745234,2024-07-04,110,BAL,0,136,SEA,1,-2,2,0.0,2024
745236,2024-07-04,110,BAL,0,136,SEA,0,-3,3,0.0,2024
745639,2024-07-06,110,BAL,0,133,OAK,2,-4,1,679.9392003432476,2024
745642,2024-07-06,110,BAL,0,133,OAK,0,-5,2,0.0,2024
745637,2024-07-07,110,BAL,0,133,OAK,1,-6,3,0.0,2024
747014,2024-07-09,110,BAL,1,112,CHC,2,1,1,2440.085706209316,2024
747015,2024-07-10,110,BAL,1,112,CHC,1,2,2,0.0,2024
747011,2024-07-11,110,BAL,1,112,CHC,1,3,3,0.0,2024
747012,2024-07-12,110,BAL,1,147,NYY,1,4,1,0.0,2024
747013,2024-07-13,110,BAL,1,147,NYY,1,5,2,0.0,2024
747009,2024-07-14,110,BAL,1,147,NYY,1,6,3,0.0,2024
744990,2024-07-20,110,BAL,0,140,TEX,6,-1,1,1225.9583636520863,2024
744994,2024-07-20,110,BAL,0,140,TEX,0,-2,2,0.0,2024
744991,2024-07-21,110,BAL,0,140,TEX,1,-3,3,0.0,2024
746036,2024-07-23,110,BAL,0,146,MIA,2,-4,1,1123.019434754987,2024
746035,2024-07-24,110,BAL,0,146,MIA,1,-5,2,0.0,2024
746037,2024-07-25,110,BAL,0,146,MIA,1,-6,3,0.0,2024
747010,2024-07-26,110,BAL,1,135,SD,1,1,1,956.2208116188826,2024
747006,2024-07-27,110,BAL,1,135,SD,1,2,2,0.0,2024
747008,2024-07-28,110,BAL,1,135,SD,1,3,3,0.0,2024
747007,2024-07-29,110,BAL,1,141,TOR,1,4,1,0.0,2024
747039,2024-07-29,110,BAL,1,141,TOR,0,5,2,0.0,2024
747005,2024-07-30,110,BAL,1,141,TOR,1,6,3,0.0,2024
747003,2024-07-31,110,BAL,1,141,TOR,1,7,4,0.0,2024
746607,2024-08-01,110,BAL,0,114,CLE,1,-1,1,307.1364885665357,2024
746605,2024-08-02,110,BAL,0,114,CLE,1,-2,2,0.0,2024
746608,2024-08-03,110,BAL,0,114,CLE,1,-3,3,0.0,2024
746606,2024-08-04,110,BAL,0,114,CLE,1,-4,4,0.0,2024
744901,2024-08-06,110,BAL,0,141,TOR,2,-5,1,188.71684847115282,2024
744903,2024-08-07,110,BAL,0,141,TOR,1,-6,2,0.0,2024
744899,2024-08-08,110,BAL,0,141,TOR,1,-7,3,0.0,2024
745062,2024-08-09,110,BAL,0,139,TB,1,-8,1,1111.7297518661444,2024
745056,2024-08-10,110,BAL,0,139,TB,1,-9,2,0.0,2024
745057,2024-08-11,110,BAL,0,139,TB,1,-10,3,0.0,2024
747004,2024-08-13,110,BAL,1,120,WSH,2,1,1,867.6749708982579,2024
747000,2024-08-14,110,BAL,1,120,WSH,1,2,2,0.0,2024
747002,2024-08-15,110,BAL,1,111,BOS,1,3,1,0.0,2024
747001,2024-08-16,110,BAL,1,111,BOS,1,4,2,0.0,2024
746997,2024-08-17,110,BAL,1,111,BOS,1,5,3,0.0,2024
746999,2024-08-18,110,BAL,1,111,BOS,1,6,4,0.0,2024
745780,2024-08-19,110,BAL,0,121,NYM,1,-1,1,178.7068782315623,2024
745782,2024-08-20,110,BAL,0,121,NYM,1,-2,2,0.0,2024
745781,2024-08-21,110,BAL,0,121,NYM,1,-3,3,0.0,2024
746998,2024-08-22,110,BAL,1,117,HOU,1,1,1,178.7068782315623,2024
746995,2024-08-23,110,BAL,1,117,HOU,1,2,2,0.0,2024
746996,2024-08-24,110,BAL,1,117,HOU,1,3,3,0.0,2024
746994,2024-08-25,110,BAL,1,117,HOU,1,4,4,0.0,2024
746105,2024-08-28,110,BAL,0,119,LAD,3,-1,1,2313.672238506718,2024
746103,2024-08-29,110,BAL,0,119,LAD,1,-2,2,0.0,2024
746102,2024-08-30,110,BAL,0,119,LAD,1,-3,3,0.0,2024
746511,2024-08-31,110,BAL,0,115,COL,1,-4,1,829.208728545356,2024
746507,2024-09-01,110,BAL,0,115,COL,1,-5,2,0.0,2024
746505,2024-09-01,110,BAL,0,115,COL,0,-6,3,0.0,2024
746992,2024-09-02,110,BAL,1,145,CWS,1,1,1,1506.3093015021614,2024
746991,2024-09-03,110,BAL,1,145,CWS,1,2,2,0.0,2024
746990,2024-09-04,110,BAL,1,145,CWS,1,3,3,0.0,2024
746993,2024-09-06,110,BAL,1,139,TB,2,4,1,0.0,2024
746986,2024-09-07,110,BAL,1,139,TB,1,5,2,0.0,2024
746989,2024-09-08,110,BAL,1,139,TB,1,6,3,0.0,2024
746909,2024-09-09,110,BAL,0,111,BOS,1,-1,1,358.0026308075598,2024
746907,2024-09-10,110,BAL,0,111,BOS,1,-2,2,0.0,2024
746908,2024-09-11,110,BAL,0,111,BOS,1,-3,3,0.0,2024
746423,2024-09-13,110,BAL,0,116,DET,2,-4,1,609.8730788976414,2024
746422,2024-09-14,110,BAL,0,116,DET,1,-5,2,0.0,2024
746419,2024-09-15,110,BAL,0,116,DET,1,-6,3,0.0,2024
746987,2024-09-17,110,BAL,1,137,SF,2,1,1,396.72723870572077,2024
746988,2024-09-18,110,BAL,1,137,SF,1,2,2,0.0,2024
746985,2024-09-19,110,BAL,1,137,SF,1,3,3,0.0,2024
746984,2024-09-20,110,BAL,1,116,DET,1,4,1,0.0,2024
746983,2024-09-21,110,BAL,1,116,DET,1,5,2,0.0,2024
746982,2024-09-22,110,BAL,1,116,DET,1,6,3,0.0,2024
745688,2024-09-24,110,BAL,0,147,NYY,2,-1,1,178.12306591164185,2024
745690,2024-09-25,110,BAL,0,147,NYY,1,-2,2,0.0,2024
745691,2024-09-26,110,BAL,0,147,NYY,1,-3,3,0.0,2024
745847,2024-09-28,110,BAL,0,142,MIN,2,-4,1,1017.7624974211766,2024
745849,2024-09-28,110,BAL,0,142,MIN,0,-5,2,0.0,2024
745846,2024-09-29,110,BAL,0,142,MIN,1,-6,3,0.0,2024
745283,2024-03-29,111,BOS,0,136,SEA,0,-1,1,2484.5557470593844,2024
745276,2024-03-30,111,BOS,0,136,SEA,1,-2,2,0.0,2024
745278,2024-03-31,111,BOS,0,136,SEA,1,-3,3,0.0,2024
745279,2024-03-31,111,BOS,0,136,SEA,0,-4,4,0.0,2024
745675,2024-04-02,111,BOS,0,133,OAK,2,-5,1,679.9392003432476,2024
745680,2024-04-03,111,BOS,0,133,OAK,1,-6,2,0.0,2024
745678,2024-04-03,111,BOS,0,133,OAK,0,-7,3,0.0,2024
746249,2024-04-06,111,BOS,0,108,LAA,3,-8,1,364.7793033141838,2024
746251,2024-04-07,111,BOS,0,108,LAA,1,-9,2,0.0,2024
746248,2024-04-07,111,BOS,0,108,LAA,0,-10,3,0.0,2024
746981,2024-04-09,111,BOS,1,110,BAL,2,1,1,2578.6729683380804,2024
746980,2024-04-10,111,BOS,1,110,BAL,1,2,2,0.0,2024
746977,2024-04-11,111,BOS,1,110,BAL,1,3,3,0.0,2024
746978,2024-04-12,111,BOS,1,108,LAA,1,4,1,0.0,2024
746979,2024-04-13,111,BOS,1,108,LAA,1,5,2,0.0,2024
746975,2024-04-14,111,BOS,1,108,LAA,1,6,3,0.0,2024
746974,2024-04-15,111,BOS,1,114,CLE,1,7,1,0.0,2024
746976,2024-04-16,111,BOS,1,114,CLE,1,8,2,0.0,2024
746973,2024-04-17,111,BOS,1,114,CLE,1,9,3,0.0,2024
746970,2024-04-18,111,BOS,1,114,CLE,1,10,4,0.0,2024
745518,2024-04-19,111,BOS,0,134,PIT,1,-1,1,479.7911670433808,2024
745515,2024-04-20,111,BOS,0,134,PIT,1,-2,2,0.0,2024
745514,2024-04-21,111,BOS,0,134,PIT,1,-3,3,0.0,2024
746647,2024-04-23,111,BOS,0,114,CLE,2,-4,1,113.72517024270446,2024
746649,2024-04-24,111,BOS,0,114,CLE,1,-5,2,0.0,2024
746646,2024-04-25,111,BOS,0,114,CLE,1,-6,3,0.0,2024
746972,2024-04-26,111,BOS,1,112,CHC,1,1,1,547.1609370940174,2024
746971,2024-04-27,111,BOS,1,112,CHC,1,2,2,0.0,2024
746967,2024-04-28,111,BOS,1,112,CHC,1,3,3,0.0,2024
746968,2024-04-30,111,BOS,1,137,SF,2,4,1,0.0,2024
746966,2024-05-01,111,BOS,1,137,SF,1,5,2,0.0,2024
746969,2024-05-02,111,BOS,1,137,SF,1,6,3,0.0,2024
745914,2024-05-04,111,BOS,0,142,MIN,2,-1,1,1119.9102367149933,2024
745911,2024-05-04,111,BOS,0,142,MIN,0,-2,2,0.0,2024
745913,2024-05-05,111,BOS,0,142,MIN,1,-3,3,0.0,2024
747126,2024-05-07,111,BOS,0,144,ATL,2,-4,1,897.816602147021,2024
747127,2024-05-08,111,BOS,0,144,ATL,1,-5,2,0.0,2024
746964,2024-05-10,111,BOS,1,120,WSH,2,1,1,930.6114003294933,2024
746963,2024-05-11,111,BOS,1,120,WSH,1,2,2,0.0,2024
746965,2024-05-12,111,BOS,1,120,WSH,1,3,3,0.0,2024
746961,2024-05-13,111,BOS,1,139,TB,1,4,1,0.0,2024
746962,2024-05-14,111,BOS,1,139,TB,1,5,2,0.0,2024
746960,2024-05-15,111,BOS,1,139,TB,1,6,3,0.0,2024
746959,2024-05-16,111,BOS,1,139,TB,1,7,4,0.0,2024
745178,2024-05-18,111,BOS,0,138,STL,2,-1,1,1033.5666994855094,2024
745177,2024-05-18,111,BOS,0,138,STL,0,-2,2,0.0,2024
745179,2024-05-19,111,BOS,0,138,STL,1,-3,3,0.0,2024
745093,2024-05-20,111,BOS,0,139,TB,1,-4,1,866.6994960845234,2024
745090,2024-05-21,111,BOS,0,139,TB,1,-5,2,0.0,2024
745089,2024-05-22,111,BOS,0,139,TB,1,-6,3,0.0,2024
746956,2024-05-24,111,BOS,1,158,MIL,2,1,1,1198.2270597762317,2024
746958,2024-05-25,111,BOS,1,158,MIL,1,2,2,0.0,2024
746957,2024-05-26,111,BOS,1,158,MIL,1,3,3,0.0,2024
747034,2024-05-27,111,BOS,0,110,BAL,1,-1,1,358.0026308075598,2024
747033,2024-05-28,111,BOS,0,110,BAL,1,-2,2,0.0,2024
747031,2024-05-29,111,BOS,0,110,BAL,1,-3,3,0.0,2024
746954,2024-05-30,111,BOS,1,116,DET,1,1,1,358.0026308075598,2024
746955,2024-05-31,111,BOS,1,116,DET,1,2,2,0.0,2024
746952,2024-06-01,111,BOS,1,116,DET,1,3,3,0.0,2024
746953,2024-06-02,111,BOS,1,116,DET,1,4,4,0.0,2024
746949,2024-06-04,111,BOS,1,144,ATL,2,5,1,0.0,2024
746950,2024-06-05,111,BOS,1,144,ATL,1,6,2,0.0,2024
746784,2024-06-07,111,BOS,0,145,CWS,2,-1,1,847.3821391741471,2024
746785,2024-06-08,111,BOS,0,145,CWS,1,-2,2,0.0,2024
746786,2024-06-08,111,BOS,0,145,CWS,0,-3,3,0.0,2024
746787,2024-06-09,111,BOS,0,145,CWS,1,-4,4,0.0,2024
746951,2024-06-11,111,BOS,1,143,PHI,2,1,1,847.3821391741471,2024
746948,2024-06-12,111,BOS,1,143,PHI,1,2,2,0.0,2024
746944,2024-06-13,111,BOS,1,143,PHI,1,3,3,0.0,2024
746947,2024-06-14,111,BOS,1,147,NYY,1,4,1,0.0,2024
746946,2024-06-15,111,BOS,1,147,NYY,1,5,2,0.0,2024
746945,2024-06-16,111,BOS,1,147,NYY,1,6,3,0.0,2024
744918,2024-06-17,111,BOS,0,141,TOR,1,-1,1,428.32913029317257,2024
744917,2024-06-18,111,BOS,0,141,TOR,1,-2,2,0.0,2024
744920,2024-06-19,111,BOS,0,141,TOR,1,-3,3,0.0,2024
746698,2024-06-21,111,BOS,0,113,CIN,2,-4,1,410.94298565561166,2024
746700,2024-06-22,111,BOS,0,113,CIN,1,-5,2,0.0,2024
746699,2024-06-23,111,BOS,0,113,CIN,1,-6,3,0.0,2024
746941,2024-06-24,111,BOS,1,141,TOR,1,1,1,736.3670721136276,2024
746943,2024-06-25,111,BOS,1,141,TOR,1,2,2,0.0,2024
746939,2024-06-28,111,BOS,1,135,SD,2,4,1,0.0,2024
746940,2024-06-29,111,BOS,1,135,SD,1,5,2,0.0,2024
746938,2024-06-30,111,BOS,1,135,SD,1,6,3,0.0,2024
746047,2024-07-02,111,BOS,0,146,MIA,2,-1,1,1256.446953803624,2024
746045,2024-07-03,111,BOS,0,146,MIA,1,-2,2,0.0,2024
746043,2024-07-04,111,BOS,0,146,MIA,1,-3,3,0.0,2024
745725,2024-07-05,111,BOS,0,147,NYY,1,-4,1,1100.8862542043641,2024
745724,2024-07-06,111,BOS,0,147,NYY,1,-5,2,0.0,2024
745723,2024-07-07,111,BOS,0,147,NYY,1,-6,3,0.0,2024
746937,2024-07-09,111,BOS,1,133,OAK,2,1,1,179.88456828974768,2024
746934,2024-07-10,111,BOS,1,133,OAK,1,2,2,0.0,2024
746935,2024-07-11,111,BOS,1,133,OAK,1,3,3,0.0,2024
746936,2024-07-12,111,BOS,1,118,KC,1,4,1,0.0,2024
746930,2024-07-13,111,BOS,1,118,KC,1,5,2,0.0,2024
746932,2024-07-14,111,BOS,1,118,KC,1,6,3,0.0,2024
746123,2024-07-20,111,BOS,0,119,LAD,6,-1,1,2588.262967346757,2024
746121,2024-07-20,111,BOS,0,119,LAD,0,-2,2,0.0,2024
746125,2024-07-21,111,BOS,0,119,LAD,1,-3,3,0.0,2024
746526,2024-07-23,111,BOS,0,115,COL,2,-4,1,829.208728545356,2024
746525,2024-07-24,111,BOS,0,115,COL,1,-5,2,0.0,2024
746524,2024-07-24,111,BOS,0,115,COL,0,-6,3,0.0,2024
746933,2024-07-26,111,BOS,1,147,NYY,2,1,1,1763.6058000246999,2024
746931,2024-07-27,111,BOS,1,147,NYY,1,2,2,0.0,2024
746929,2024-07-28,111,BOS,1,147,NYY,1,3,3,0.0,2024
746928,2024-07-29,111,BOS,1,136,SEA,1,4,1,0.0,2024
746926,2024-07-30,111,BOS,1,136,SEA,1,5,2,0.0,2024
746925,2024-07-31,111,BOS,1,136,SEA,1,6,3,0.0,2024
744986,2024-08-03,111,BOS,0,140,TEX,3,-1,1,1562.0482982121016,2024
744987,2024-08-03,111,BOS,0,140,TEX,0,-2,2,0.0,2024
744979,2024-08-04,111,BOS,0,140,TEX,1,-3,3,0.0,2024
746276,2024-08-06,111,BOS,0,118,KC,2,-4,1,459.01779323801827,2024
746273,2024-08-07,111,BOS,0,118,KC,1,-5,2,0.0,2024
746272,2024-08-08,111,BOS,0,118,KC,1,-6,3,0.0,2024
746927,2024-08-09,111,BOS,1,117,HOU,1,1,1,1241.802604380426,2024
746922,2024-08-10,111,BOS,1,117,HOU,1,2,2,0.0,2024
746923,2024-08-11,111,BOS,1,117,HOU,1,3,3,0.0,2024
746921,2024-08-12,111,BOS,1,140,TEX,1,4,1,0.0,2024
746924,2024-08-13,111,BOS,1,140,TEX,1,5,2,0.0,2024
746919,2024-08-14,111,BOS,1,140,TEX,1,6,3,0.0,2024
747002,2024-08-15,111,BOS,0,110,BAL,1,-1,1,358.0026308075598,2024
747001,2024-08-16,111,BOS,0,110,BAL,1,-2,2,0.0,2024
746997,2024-08-17,111,BOS,0,110,BAL,1,-3,3,0.0,2024
746999,2024-08-18,111,BOS,0,110,BAL,1,-4,4,0.0,2024
746351,2024-08-20,111,BOS,0,117,HOU,2,-5,1,1249.46334342378,2024
746349,2024-08-21,111,BOS,0,117,HOU,1,-6,2,0.0,2024
746350,2024-08-21,111,BOS,0,117,HOU,0,-7,3,0.0,2024
746920,2024-08-23,111,BOS,1,109,ARI,2,1,1,1601.3745489627004,2024
746917,2024-08-24,111,BOS,1,109,ARI,1,2,2,0.0,2024
746918,2024-08-25,111,BOS,1,109,ARI,1,3,3,0.0,2024
746942,2024-08-26,111,BOS,1,141,TOR,1,4,1,0.0,2024
746915,2024-08-26,111,BOS,1,141,TOR,0,5,2,0.0,2024
746916,2024-08-27,111,BOS,1,141,TOR,1,6,3,0.0,2024
746913,2024-08-28,111,BOS,1,141,TOR,1,7,4,0.0,2024
746914,2024-08-29,111,BOS,1,141,TOR,1,8,5,0.0,2024
746433,2024-08-30,111,BOS,0,116,DET,1,-1,1,609.8730788976414,2024
746424,2024-08-31,111,BOS,0,116,DET,1,-2,2,0.0,2024
746426,2024-09-01,111,BOS,0,116,DET,1,-3,3,0.0,2024
745779,2024-09-02,111,BOS,0,121,NYM,1,-4,1,488.01813985396933,2024
745778,2024-09-03,111,BOS,0,121,NYM,1,-5,2,0.0,2024
745776,2024-09-04,111,BOS,0,121,NYM,1,-6,3,0.0,2024
746912,2024-09-06,111,BOS,1,145,CWS,2,1,1,179.60743829521417,2024
746911,2024-09-07,111,BOS,1,145,CWS,1,2,2,0.0,2024
746910,2024-09-08,111,BOS,1,145,CWS,1,3,3,0.0,2024
746909,2024-09-09,111,BOS,1,110,BAL,1,4,1,0.0,2024
746907,2024-09-10,111,BOS,1,110,BAL,1,5,2,0.0,2024
746908,2024-09-11,111,BOS,1,110,BAL,1,6,3,0.0,2024
745695,2024-09-12,111,BOS,0,147,NYY,1,-1,1,179.88456828974768,2024
745696,2024-09-13,111,BOS,0,147,NYY,1,-2,2,0.0,2024
745689,2024-09-14,111,BOS,0,147,NYY,1,-3,3,0.0,2024
745693,2024-09-15,111,BOS,0,147,NYY,1,-4,4,0.0,2024
745044,2024-09-17,111,BOS,0,139,TB,2,-5,1,1029.5381159096478,2024
745040,2024-09-18,111,BOS,0,139,TB,1,-6,2,0.0,2024
745041,2024-09-19,111,BOS,0,139,TB,1,-7,3,0.0,2024
746905,2024-09-20,111,BOS,1,142,MIN,1,1,1,1198.2270597762317,2024
746903,2024-09-22,111,BOS,1,142,MIN,1,3,3,0.0,2024
746906,2024-09-22,111,BOS,1,142,MIN,0,4,4,0.0,2024
744885,2024-09-23,111,BOS,0,141,TOR,1,-1,1,428.32913029317257,2024
744876,2024-09-24,111,BOS,0,141,TOR,1,-2,2,0.0,2024
744877,2024-09-25,111,BOS,0,141,TOR,1,-3,3,0.0,2024
746904,2024-09-27,111,BOS,1,139,TB,2,1,1,428.32913029317257,2024
746902,2024-09-28,111,BOS,1,139,TB,1,2,2,0.0,2024
746901,2024-09-29,111,BOS,1,139,TB,1,3,3,0.0,2024
745039,2024-03-28,112,CHC,0,140,TEX,0,-1,1,818.6825304940769,2024
745037,2024-03-30,112,CHC,0,140,TEX,2,-2,2,0.0,2024
745035,2024-03-31,112,CHC,0,140,TEX,1,-3,3,0.0,2024
746899,2024-04-01,112,CHC,1,115,COL,1,1,1,818.6825304940769,2024
746898,2024-04-02,112,CHC,1,115,COL,1,2,2,0.0,2024
746900,2024-04-03,112,CHC,1,115,COL,1,3,3,0.0,2024
746897,2024-04-05,112,CHC,1,119,LAD,2,4,1,0.0,2024
746896,2024-04-06,112,CHC,1,119,LAD,1,5,2,0.0,2024
746895,2024-04-07,112,CHC,1,119,LAD,1,6,3,0.0,2024
745432,2024-04-09,112,CHC,0,135,SD,2,-1,1,1731.4493412522409,2024
745433,2024-04-10,112,CHC,0,135,SD,1,-2,2,0.0,2024
745429,2024-04-10,112,CHC,0,135,SD,0,-3,3,0.0,2024
745274,2024-04-13,112,CHC,0,136,SEA,3,-4,1,1063.509772580899,2024
745272,2024-04-14,112,CHC,0,136,SEA,1,-5,2,0.0,2024
745271,2024-04-14,112,CHC,0,136,SEA,0,-6,3,0.0,2024
747213,2024-04-16,112,CHC,0,109,ARI,2,-7,1,1114.0691793592323,2024
747214,2024-04-17,112,CHC,0,109,ARI,1,-8,2,0.0,2024
747212,2024-04-17,112,CHC,0,109,ARI,0,-9,3,0.0,2024
746892,2024-04-19,112,CHC,1,146,MIA,1,2,2,0.0,2024
746893,2024-04-20,112,CHC,1,146,MIA,1,3,3,0.0,2024
746891,2024-04-20,112,CHC,1,146,MIA,0,4,4,0.0,2024
746894,2024-04-21,112,CHC,1,146,MIA,1,5,5,0.0,2024
746888,2024-04-23,112,CHC,1,117,HOU,2,6,1,0.0,2024
746889,2024-04-24,112,CHC,1,117,HOU,1,7,2,0.0,2024
746887,2024-04-25,112,CHC,1,117,HOU,1,8,3,0.0,2024
746972,2024-04-26,112,CHC,0,111,BOS,1,-1,1,847.382439361086,2024
746971,2024-04-27,112,CHC,0,111,BOS,1,-2,2,0.0,2024
746967,2024-04-28,112,CHC,0,111,BOS,1,-3,3,0.0,2024
745832,2024-04-29,112,CHC,0,121,NYM,1,-4,1,179.60743829521417,2024
745831,2024-04-30,112,CHC,0,121,NYM,1,-5,2,0.0,2024
745829,2024-05-01,112,CHC,0,121,NYM,1,-6,3,0.0,2024
745830,2024-05-02,112,CHC,0,121,NYM,1,-7,4,0.0,2024
746890,2024-05-03,112,CHC,1,158,MIL,1,1,1,720.1961586455312,2024
746884,2024-05-04,112,CHC,1,158,MIL,1,2,2,0.0,2024
746883,2024-05-05,112,CHC,1,158,MIL,1,3,3,0.0,2024
746886,2024-05-06,112,CHC,1,135,SD,1,4,1,0.0,2024
746885,2024-05-07,112,CHC,1,135,SD,1,5,2,0.0,2024
746879,2024-05-08,112,CHC,1,135,SD,1,6,3,0.0,2024
745506,2024-05-10,112,CHC,0,134,PIT,2,-1,1,410.8665423703318,2024
745505,2024-05-11,112,CHC,0,134,PIT,1,-2,2,0.0,2024
745499,2024-05-12,112,CHC,0,134,PIT,1,-3,3,0.0,2024
747128,2024-05-13,112,CHC,0,144,ATL,1,-4,1,515.1605409529744,2024
747124,2024-05-14,112,CHC,0,144,ATL,1,-5,2,0.0,2024
747123,2024-05-15,112,CHC,0,144,ATL,1,-6,3,0.0,2024
746881,2024-05-16,112,CHC,1,134,PIT,1,1,1,583.1187828539541,2024
746878,2024-05-17,112,CHC,1,134,PIT,1,2,2,0.0,2024
746882,2024-05-18,112,CHC,1,134,PIT,1,3,3,0.0,2024
746880,2024-05-19,112,CHC,1,134,PIT,1,4,4,0.0,2024
746875,2024-05-21,112,CHC,1,144,ATL,2,5,1,0.0,2024
746876,2024-05-22,112,CHC,1,144,ATL,1,6,2,0.0,2024
746874,2024-05-23,112,CHC,1,144,ATL,1,7,3,0.0,2024
745176,2024-05-25,112,CHC,0,138,STL,0,-2,2,0.0,2024
745172,2024-05-26,112,CHC,0,138,STL,1,-3,3,0.0,2024
745986,2024-05-27,112,CHC,0,158,MIL,1,-4,1,325.7786649185398,2024
745987,2024-05-28,112,CHC,0,158,MIL,1,-5,2,0.0,2024
745988,2024-05-29,112,CHC,0,158,MIL,1,-6,3,0.0,2024
745985,2024-05-30,112,CHC,0,158,MIL,1,-7,4,0.0,2024
746877,2024-05-31,112,CHC,1,113,CIN,1,1,1,76.31439882124853,2024
746870,2024-06-01,112,CHC,1,113,CIN,1,2,2,0.0,2024
746871,2024-06-02,112,CHC,1,113,CIN,1,3,3,0.0,2024
746872,2024-06-05,112,CHC,1,145,CWS,3,4,1,0.0,2024
746873,2024-06-06,112,CHC,1,145,CWS,1,5,2,0.0,2024
746707,2024-06-06,112,CHC,0,113,CIN,0,-1,1,257.0933763635692,2024
746704,2024-06-07,112,CHC,0,113,CIN,1,-2,2,0.0,2024
746703,2024-06-08,112,CHC,0,113,CIN,1,-3,3,0.0,2024
746705,2024-06-09,112,CHC,0,113,CIN,1,-4,4,0.0,2024
745077,2024-06-11,112,CHC,0,139,TB,2,-5,1,790.0657540508034,2024
745079,2024-06-12,112,CHC,0,139,TB,1,-6,2,0.0,2024
745075,2024-06-13,112,CHC,0,139,TB,1,-7,3,0.0,2024
746869,2024-06-14,112,CHC,1,138,STL,1,1,1,1019.525278620114,2024
746865,2024-06-15,112,CHC,1,138,STL,1,2,2,0.0,2024
746866,2024-06-16,112,CHC,1,138,STL,1,3,3,0.0,2024
746868,2024-06-18,112,CHC,1,137,SF,2,4,1,0.0,2024
746867,2024-06-19,112,CHC,1,137,SF,1,5,2,0.0,2024
746864,2024-06-19,112,CHC,1,137,SF,0,6,3,0.0,2024
746861,2024-06-21,112,CHC,1,121,NYM,2,7,1,0.0,2024
746863,2024-06-22,112,CHC,1,121,NYM,1,8,2,0.0,2024
746862,2024-06-23,112,CHC,1,121,NYM,1,9,3,0.0,2024
745323,2024-06-25,112,CHC,0,137,SF,2,-1,1,1851.6696488043885,2024
745322,2024-06-26,112,CHC,0,137,SF,1,-2,2,0.0,2024
745325,2024-06-27,112,CHC,0,137,SF,1,-3,3,0.0,2024
745324,2024-06-27,112,CHC,0,137,SF,0,-4,4,0.0,2024
745970,2024-06-29,112,CHC,0,158,MIL,2,-5,1,1833.5573982316243,2024
745972,2024-06-29,112,CHC,0,158,MIL,0,-6,2,0.0,2024
745971,2024-06-30,112,CHC,0,158,MIL,1,-7,3,0.0,2024
746860,2024-07-03,112,CHC,1,143,PHI,3,1,1,76.31439882124853,2024
746858,2024-07-04,112,CHC,1,143,PHI,1,2,2,0.0,2024
746857,2024-07-04,112,CHC,1,143,PHI,0,3,3,0.0,2024
746859,2024-07-05,112,CHC,1,108,LAA,1,4,1,0.0,2024
746856,2024-07-06,112,CHC,1,108,LAA,1,5,2,0.0,2024
746855,2024-07-07,112,CHC,1,108,LAA,1,6,3,0.0,2024
747014,2024-07-09,112,CHC,0,110,BAL,2,-1,1,606.7810333018485,2024
747015,2024-07-10,112,CHC,0,110,BAL,1,-2,2,0.0,2024
747011,2024-07-11,112,CHC,0,110,BAL,1,-3,3,0.0,2024
745153,2024-07-13,112,CHC,0,138,STL,2,-4,1,729.9729666923824,2024
745152,2024-07-13,112,CHC,0,138,STL,0,-5,2,0.0,2024
745175,2024-07-14,112,CHC,0,138,STL,1,-6,3,0.0,2024
745151,2024-07-14,112,CHC,0,138,STL,0,-7,4,0.0,2024
746854,2024-07-19,112,CHC,1,109,ARI,5,1,1,265.86188355988685,2024
746852,2024-07-20,112,CHC,1,109,ARI,1,2,2,0.0,2024
746853,2024-07-21,112,CHC,1,109,ARI,1,3,3,0.0,2024
746850,2024-07-23,112,CHC,1,158,MIL,2,4,1,0.0,2024
746848,2024-07-24,112,CHC,1,158,MIL,1,5,2,0.0,2024
746851,2024-07-24,112,CHC,1,158,MIL,0,6,3,0.0,2024
746277,2024-07-27,112,CHC,0,118,KC,3,-1,1,410.49325072140863,2024
746278,2024-07-27,112,CHC,0,118,KC,0,-2,2,0.0,2024
746274,2024-07-28,112,CHC,0,118,KC,1,-3,3,0.0,2024
746684,2024-07-29,112,CHC,0,113,CIN,1,-4,1,534.6651070230836,2024
746683,2024-07-30,112,CHC,0,113,CIN,1,-5,2,0.0,2024
746678,2024-07-31,112,CHC,0,113,CIN,1,-6,3,0.0,2024
746849,2024-08-02,112,CHC,1,138,STL,2,1,1,257.0933763635692,2024
746845,2024-08-02,112,CHC,1,138,STL,0,2,2,0.0,2024
746846,2024-08-03,112,CHC,1,138,STL,1,3,3,0.0,2024
746844,2024-08-04,112,CHC,1,138,STL,1,4,4,0.0,2024
746847,2024-08-06,112,CHC,1,142,MIN,2,5,1,0.0,2024
746840,2024-08-07,112,CHC,1,142,MIN,1,6,2,0.0,2024
746842,2024-08-07,112,CHC,1,142,MIN,0,7,3,0.0,2024
746760,2024-08-10,112,CHC,0,145,CWS,3,-1,1,8.262413783057372,2024
746761,2024-08-10,112,CHC,0,145,CWS,0,-2,2,0.0,2024
746603,2024-08-12,112,CHC,0,114,CLE,2,-3,1,307.8720964038074,2024
746601,2024-08-13,112,CHC,0,114,CLE,1,-4,2,0.0,2024
746598,2024-08-14,112,CHC,0,114,CLE,1,-5,3,0.0,2024
746843,2024-08-16,112,CHC,1,141,TOR,2,1,1,309.41326135873874,2024
746841,2024-08-17,112,CHC,1,141,TOR,1,2,2,0.0,2024
746838,2024-08-18,112,CHC,1,141,TOR,1,3,3,0.0,2024
746839,2024-08-21,112,CHC,1,116,DET,3,4,1,0.0,2024
746837,2024-08-22,112,CHC,1,116,DET,1,5,2,0.0,2024
746836,2024-08-22,112,CHC,1,116,DET,0,6,3,0.0,2024
746024,2024-08-23,112,CHC,0,146,MIA,1,-1,1,1194.7816200111963,2024
746022,2024-08-24,112,CHC,0,146,MIA,1,-2,2,0.0,2024
746023,2024-08-25,112,CHC,0,146,MIA,1,-3,3,0.0,2024
745458,2024-08-26,112,CHC,0,134,PIT,1,-4,1,1013.6533818001047,2024
745461,2024-08-27,112,CHC,0,134,PIT,1,-5,2,0.0,2024
745452,2024-08-28,112,CHC,0,134,PIT,1,-6,3,0.0,2024
744810,2024-08-30,112,CHC,0,120,WSH,2,-7,1,193.0230929231441,2024
744808,2024-08-31,112,CHC,0,120,WSH,1,-8,2,0.0,2024
744806,2024-09-01,112,CHC,0,120,WSH,1,-9,3,0.0,2024
746833,2024-09-02,112,CHC,1,134,PIT,1,1,1,598.6412524083928,2024
746834,2024-09-03,112,CHC,1,134,PIT,1,2,2,0.0,2024
746835,2024-09-04,112,CHC,1,134,PIT,1,3,3,0.0,2024
746832,2024-09-06,112,CHC,1,147,NYY,2,4,1,0.0,2024
746829,2024-09-07,112,CHC,1,147,NYY,1,5,2,0.0,2024
746827,2024-09-08,112,CHC,1,147,NYY,1,6,3,0.0,2024
746101,2024-09-10,112,CHC,0,119,LAD,2,-1,1,1740.9215479584495,2024
746097,2024-09-11,112,CHC,0,119,LAD,1,-2,2,0.0,2024
746100,2024-09-12,112,CHC,0,119,LAD,1,-3,3,0.0,2024
746509,2024-09-14,112,CHC,0,115,COL,2,-4,1,829.208728545356,2024
746508,2024-09-15,112,CHC,0,115,COL,1,-5,2,0.0,2024
746506,2024-09-15,112,CHC,0,115,COL,0,-6,3,0.0,2024
746828,2024-09-16,112,CHC,1,133,OAK,1,1,1,917.1571990207435,2024
746830,2024-09-17,112,CHC,1,133,OAK,1,2,2,0.0,2024
746831,2024-09-18,112,CHC,1,133,OAK,1,3,3,0.0,2024
746823,2024-09-19,112,CHC,1,120,WSH,1,4,1,0.0,2024
746824,2024-09-20,112,CHC,1,120,WSH,1,5,2,0.0,2024
746826,2024-09-21,112,CHC,1,120,WSH,1,6,3,0.0,2024
746825,2024-09-22,112,CHC,1,120,WSH,1,7,4,0.0,2024
745527,2024-09-23,112,CHC,0,143,PHI,1,-1,1,666.436342674126,2024
745526,2024-09-24,112,CHC,0,143,PHI,1,-2,2,0.0,2024
745521,2024-09-25,112,CHC,0,143,PHI,1,-3,3,0.0,2024
746822,2024-09-27,112,CHC,1,113,CIN,2,1,1,666.436342674126,2024
746819,2024-09-28,112,CHC,1,113,CIN,1,2,2,0.0,2024
746820,2024-09-29,112,CHC,1,113,CIN,1,3,3,0.0,2024
746737,2024-03-28,113,CIN,1,120,WSH,0,1,1,0.0,2024
746736,2024-03-30,113,CIN,1,120,WSH,2,2,2,0.0,2024
746739,2024-03-31,113,CIN,1,120,WSH,1,3,3,0.0,2024
745600,2024-04-01,113,CIN,0,143,PHI,1,-1,1,500.9471415614062,2024
745598,2024-04-02,113,CIN,0,143,PHI,1,-2,2,0.0,2024
745603,2024-04-03,113,CIN,0,143,PHI,1,-3,3,0.0,2024
746733,2024-04-05,113,CIN,1,121,NYM,2,1,1,500.9471415614062,2024
746731,2024-04-06,113,CIN,1,121,NYM,1,2,2,0.0,2024
746734,2024-04-07,113,CIN,1,121,NYM,1,3,3,0.0,2024
746735,2024-04-08,113,CIN,1,158,MIL,1,4,1,0.0,2024
746732,2024-04-09,113,CIN,1,158,MIL,1,5,2,0.0,2024
746728,2024-04-10,113,CIN,1,158,MIL,1,6,3,0.0,2024
746812,2024-04-12,113,CIN,0,145,CWS,1,-1,1,250.2317582935162,2024
746811,2024-04-13,113,CIN,0,145,CWS,1,-2,2,0.0,2024
746810,2024-04-14,113,CIN,0,145,CWS,1,-3,3,0.0,2024
745268,2024-04-16,113,CIN,0,136,SEA,2,-4,1,1734.2639498746735,2024
745270,2024-04-17,113,CIN,0,136,SEA,1,-5,2,0.0,2024
745267,2024-04-17,113,CIN,0,136,SEA,0,-6,3,0.0,2024
746729,2024-04-19,113,CIN,1,108,LAA,2,1,1,1967.2197762141295,2024
746726,2024-04-20,113,CIN,1,108,LAA,1,2,2,0.0,2024
746727,2024-04-21,113,CIN,1,108,LAA,1,3,3,0.0,2024
746723,2024-04-22,113,CIN,1,143,PHI,1,4,1,0.0,2024
746722,2024-04-23,113,CIN,1,143,PHI,1,5,2,0.0,2024
746725,2024-04-24,113,CIN,1,143,PHI,1,6,3,0.0,2024
746724,2024-04-25,113,CIN,1,143,PHI,1,7,4,0.0,2024
745025,2024-04-27,113,CIN,0,140,TEX,2,-1,1,827.9015703261257,2024
745020,2024-04-27,113,CIN,0,140,TEX,0,-2,2,0.0,2024
745022,2024-04-28,113,CIN,0,140,TEX,1,-3,3,0.0,2024
745427,2024-04-30,113,CIN,0,135,SD,2,-4,1,1165.0786259258875,2024
745423,2024-05-01,113,CIN,0,135,SD,1,-5,2,0.0,2024
745426,2024-05-01,113,CIN,0,135,SD,0,-6,3,0.0,2024
746721,2024-05-03,113,CIN,1,110,BAL,2,1,1,1869.1251200134675,2024
746720,2024-05-04,113,CIN,1,110,BAL,1,2,2,0.0,2024
746719,2024-05-05,113,CIN,1,110,BAL,1,3,3,0.0,2024
746718,2024-05-07,113,CIN,1,109,ARI,2,4,1,0.0,2024
746717,2024-05-08,113,CIN,1,109,ARI,1,5,2,0.0,2024
746715,2024-05-09,113,CIN,1,109,ARI,1,6,3,0.0,2024
745340,2024-05-11,113,CIN,0,137,SF,2,-1,1,2037.340018250872,2024
745344,2024-05-11,113,CIN,0,137,SF,0,-2,2,0.0,2024
745345,2024-05-12,113,CIN,0,137,SF,1,-3,3,0.0,2024
747204,2024-05-14,113,CIN,0,109,ARI,2,-4,1,652.0636757078365,2024
747205,2024-05-15,113,CIN,0,109,ARI,1,-5,2,0.0,2024
747203,2024-05-15,113,CIN,0,109,ARI,0,-6,3,0.0,2024
746150,2024-05-17,113,CIN,0,119,LAD,2,-7,1,357.22532088939374,2024
746148,2024-05-18,113,CIN,0,119,LAD,1,-8,2,0.0,2024
746142,2024-05-19,113,CIN,0,119,LAD,1,-9,3,0.0,2024
746144,2024-05-19,113,CIN,0,119,LAD,0,-10,4,0.0,2024
746716,2024-05-21,113,CIN,1,135,SD,2,1,1,1892.244174703444,2024
746712,2024-05-22,113,CIN,1,135,SD,1,2,2,0.0,2024
746714,2024-05-23,113,CIN,1,135,SD,1,3,3,0.0,2024
746713,2024-05-24,113,CIN,1,119,LAD,1,4,1,0.0,2024
746710,2024-05-25,113,CIN,1,119,LAD,1,5,2,0.0,2024
746711,2024-05-26,113,CIN,1,119,LAD,1,6,3,0.0,2024
746708,2024-05-27,113,CIN,1,138,STL,1,7,1,0.0,2024
746709,2024-05-28,113,CIN,1,138,STL,1,8,2,0.0,2024
746706,2024-05-29,113,CIN,1,138,STL,1,9,3,0.0,2024
746877,2024-05-31,113,CIN,0,112,CHC,2,-1,1,257.0933763635692,2024
746870,2024-06-01,113,CIN,0,112,CHC,1,-2,2,0.0,2024
746871,2024-06-02,113,CIN,0,112,CHC,1,-3,3,0.0,2024
746548,2024-06-04,113,CIN,0,115,COL,2,-4,1,917.1571990207435,2024
746544,2024-06-05,113,CIN,0,115,COL,1,-5,2,0.0,2024
746550,2024-06-05,113,CIN,0,115,COL,0,-6,3,0.0,2024
746707,2024-06-06,113,CIN,1,112,CHC,1,1,1,1091.971068685176,2024
746704,2024-06-07,113,CIN,1,112,CHC,1,2,2,0.0,2024
746703,2024-06-08,113,CIN,1,112,CHC,1,3,3,0.0,2024
746705,2024-06-09,113,CIN,1,112,CHC,1,4,4,0.0,2024
746702,2024-06-11,113,CIN,1,114,CLE,2,5,1,0.0,2024
746701,2024-06-12,113,CIN,1,114,CLE,1,6,2,0.0,2024
745979,2024-06-15,113,CIN,0,158,MIL,3,-1,1,325.9595383372329,2024
745976,2024-06-15,113,CIN,0,158,MIL,0,-2,2,0.0,2024
745977,2024-06-16,113,CIN,0,158,MIL,1,-3,3,0.0,2024
745490,2024-06-17,113,CIN,0,134,PIT,1,-4,1,447.5172990364866,2024
745488,2024-06-18,113,CIN,0,134,PIT,1,-5,2,0.0,2024
745489,2024-06-19,113,CIN,0,134,PIT,1,-6,3,0.0,2024
746698,2024-06-21,113,CIN,1,111,BOS,2,1,1,256.6044671740272,2024
746700,2024-06-22,113,CIN,1,111,BOS,1,2,2,0.0,2024
746699,2024-06-23,113,CIN,1,111,BOS,1,3,3,0.0,2024
746696,2024-06-24,113,CIN,1,134,PIT,1,4,1,0.0,2024
746697,2024-06-25,113,CIN,1,134,PIT,1,5,2,0.0,2024
746695,2024-06-26,113,CIN,1,134,PIT,1,6,3,0.0,2024
745162,2024-06-27,113,CIN,0,138,STL,1,-1,1,307.56531909433545,2024
745159,2024-06-29,113,CIN,0,138,STL,2,-2,2,0.0,2024
745161,2024-06-29,113,CIN,0,138,STL,0,-3,3,0.0,2024
745154,2024-06-30,113,CIN,0,138,STL,1,-4,4,0.0,2024
745730,2024-07-02,113,CIN,0,147,NYY,2,-5,1,876.4777308955582,2024
745728,2024-07-03,113,CIN,0,147,NYY,1,-6,2,0.0,2024
745726,2024-07-04,113,CIN,0,147,NYY,1,-7,3,0.0,2024
746693,2024-07-05,113,CIN,1,116,DET,1,1,1,572.6665954672798,2024
746694,2024-07-06,113,CIN,1,116,DET,1,2,2,0.0,2024
746691,2024-07-07,113,CIN,1,116,DET,1,3,3,0.0,2024
746692,2024-07-08,113,CIN,1,115,COL,1,4,1,0.0,2024
746690,2024-07-09,113,CIN,1,115,COL,1,5,2,0.0,2024
746689,2024-07-10,113,CIN,1,115,COL,1,6,3,0.0,2024
746688,2024-07-11,113,CIN,1,115,COL,1,7,4,0.0,2024
746685,2024-07-12,113,CIN,1,146,MIA,1,8,1,0.0,2024
746687,2024-07-13,113,CIN,1,146,MIA,1,9,2,0.0,2024
746686,2024-07-14,113,CIN,1,146,MIA,1,10,3,0.0,2024
744829,2024-07-19,113,CIN,0,120,WSH,5,-1,1,403.05254469244744,2024
744830,2024-07-20,113,CIN,0,120,WSH,1,-2,2,0.0,2024
744831,2024-07-21,113,CIN,0,120,WSH,1,-3,3,0.0,2024
747095,2024-07-22,113,CIN,0,144,ATL,1,-4,1,538.869727266714,2024
747091,2024-07-24,113,CIN,0,144,ATL,0,-7,4,0.0,2024
745068,2024-07-26,113,CIN,0,139,TB,2,-8,1,436.50640754877156,2024
745059,2024-07-27,113,CIN,0,139,TB,1,-9,2,0.0,2024
745063,2024-07-28,113,CIN,0,139,TB,1,-10,3,0.0,2024
746684,2024-07-29,113,CIN,1,112,CHC,1,1,1,790.0657540508034,2024
746683,2024-07-30,113,CIN,1,112,CHC,1,2,2,0.0,2024
746678,2024-07-31,113,CIN,1,112,CHC,1,3,3,0.0,2024
746679,2024-08-02,113,CIN,1,137,SF,2,4,1,0.0,2024
746681,2024-08-03,113,CIN,1,137,SF,1,5,2,0.0,2024
746680,2024-08-04,113,CIN,1,137,SF,1,6,3,0.0,2024
746038,2024-08-05,113,CIN,0,146,MIA,1,-1,1,953.4072522903118,2024
746033,2024-08-06,113,CIN,0,146,MIA,1,-2,2,0.0,2024
746031,2024-08-07,113,CIN,0,146,MIA,1,-3,3,0.0,2024
746030,2024-08-08,113,CIN,0,146,MIA,1,-4,4,0.0,2024
745957,2024-08-10,113,CIN,0,158,MIL,2,-5,1,1269.7716502102464,2024
745955,2024-08-10,113,CIN,0,158,MIL,0,-6,2,0.0,2024
745956,2024-08-11,113,CIN,0,158,MIL,1,-7,3,0.0,2024
746682,2024-08-12,113,CIN,1,138,STL,1,1,1,325.9595383372329,2024
746673,2024-08-13,113,CIN,1,138,STL,1,2,2,0.0,2024
746677,2024-08-14,113,CIN,1,138,STL,1,3,3,0.0,2024
746674,2024-08-16,113,CIN,1,118,KC,2,4,1,0.0,2024
746675,2024-08-17,113,CIN,1,118,KC,1,5,2,0.0,2024
746676,2024-08-18,113,CIN,1,118,KC,1,6,3,0.0,2024
744898,2024-08-19,113,CIN,0,141,TOR,1,-1,1,410.94298565561166,2024
744896,2024-08-20,113,CIN,0,141,TOR,1,-2,2,0.0,2024
744893,2024-08-21,113,CIN,0,141,TOR,1,-3,3,0.0,2024
745465,2024-08-22,113,CIN,0,134,PIT,1,-4,1,222.98418827648996,2024
745460,2024-08-23,113,CIN,0,134,PIT,1,-5,2,0.0,2024
745457,2024-08-24,113,CIN,0,134,PIT,1,-6,3,0.0,2024
745459,2024-08-25,113,CIN,0,134,PIT,1,-7,4,0.0,2024
746671,2024-08-27,113,CIN,1,133,OAK,2,1,1,256.6044671740272,2024
746672,2024-08-28,113,CIN,1,133,OAK,1,2,2,0.0,2024
746670,2024-08-29,113,CIN,1,133,OAK,1,3,3,0.0,2024
746730,2024-08-30,113,CIN,1,158,MIL,1,4,1,0.0,2024
746665,2024-08-30,113,CIN,1,158,MIL,0,5,2,0.0,2024
746667,2024-08-31,113,CIN,1,158,MIL,1,6,3,0.0,2024
746669,2024-09-01,113,CIN,1,158,MIL,1,7,4,0.0,2024
746668,2024-09-02,113,CIN,1,117,HOU,1,8,1,0.0,2024
746666,2024-09-04,113,CIN,1,117,HOU,2,9,2,0.0,2024
746664,2024-09-05,113,CIN,1,117,HOU,1,10,3,0.0,2024
745777,2024-09-06,113,CIN,0,121,NYM,1,-1,1,576.1040985787001,2024
745775,2024-09-07,113,CIN,0,121,NYM,1,-2,2,0.0,2024
745774,2024-09-08,113,CIN,0,121,NYM,1,-3,3,0.0,2024
747090,2024-09-09,113,CIN,0,144,ATL,1,-4,1,751.1805618659844,2024
745126,2024-09-10,113,CIN,0,138,STL,1,-5,1,456.58876384408995,2024
745127,2024-09-11,113,CIN,0,138,STL,1,-6,2,0.0,2024
745129,2024-09-12,113,CIN,0,138,STL,1,-7,3,0.0,2024
745855,2024-09-14,113,CIN,0,142,MIN,2,-8,1,467.15187795921247,2024
745858,2024-09-14,113,CIN,0,142,MIN,0,-9,2,0.0,2024
745852,2024-09-15,113,CIN,0,142,MIN,1,-10,3,0.0,2024
746659,2024-09-17,113,CIN,1,144,ATL,2,1,1,605.8281829837056,2024
746662,2024-09-18,113,CIN,1,144,ATL,1,2,2,0.0,2024
746663,2024-09-19,113,CIN,1,144,ATL,1,3,3,0.0,2024
746661,2024-09-20,113,CIN,1,134,PIT,1,4,1,0.0,2024
746660,2024-09-21,113,CIN,1,134,PIT,1,5,2,0.0,2024
746657,2024-09-22,113,CIN,1,134,PIT,1,6,3,0.0,2024
746581,2024-09-24,113,CIN,0,114,CLE,2,-1,1,222.67421009904183,2024
746583,2024-09-25,113,CIN,0,114,CLE,1,-2,2,0.0,2024
746822,2024-09-27,113,CIN,0,112,CHC,2,-3,1,309.41326135873874,2024
746819,2024-09-28,113,CIN,0,112,CHC,1,-4,2,0.0,2024
746820,2024-09-29,113,CIN,0,112,CHC,1,-5,3,0.0,2024
745687,2024-03-29,114,CLE,0,133,OAK,0,-1,1,2151.964503269304,2024
745682,2024-03-30,114,CLE,0,133,OAK,1,-2,2,0.0,2024
745684,2024-03-30,114,CLE,0,133,OAK,0,-3,3,0.0,2024
745683,2024-03-31,114,CLE,0,133,OAK,1,-4,4,0.0,2024
745277,2024-04-02,114,CLE,0,136,SEA,2,-5,1,679.9392003432476,2024
745273,2024-04-03,114,CLE,0,136,SEA,1,-6,2,0.0,2024
745275,2024-04-03,114,CLE,0,136,SEA,0,-7,3,0.0,2024
745928,2024-04-04,114,CLE,0,142,MIN,1,-8,1,1390.7389323897291,2024
745926,2024-04-06,114,CLE,0,142,MIN,2,-9,2,0.0,2024
746654,2024-04-08,114,CLE,1,145,CWS,1,1,1,630.5553923040089,2024
746653,2024-04-09,114,CLE,1,145,CWS,1,2,2,0.0,2024
746655,2024-04-10,114,CLE,1,145,CWS,1,3,3,0.0,2024
746656,2024-04-13,114,CLE,1,147,NYY,1,5,2,0.0,2024
746658,2024-04-13,114,CLE,1,147,NYY,0,6,3,0.0,2024
746648,2024-04-14,114,CLE,1,147,NYY,1,7,4,0.0,2024
746974,2024-04-15,114,CLE,0,111,BOS,1,-1,1,547.1609370940174,2024
746976,2024-04-16,114,CLE,0,111,BOS,1,-2,2,0.0,2024
746973,2024-04-17,114,CLE,0,111,BOS,1,-3,3,0.0,2024
746970,2024-04-18,114,CLE,0,111,BOS,1,-4,4,0.0,2024
746650,2024-04-19,114,CLE,1,133,OAK,1,1,1,547.1609370940174,2024
746651,2024-04-20,114,CLE,1,133,OAK,1,2,2,0.0,2024
746652,2024-04-21,114,CLE,1,133,OAK,1,3,3,0.0,2024
746647,2024-04-23,114,CLE,1,111,BOS,2,4,1,0.0,2024
746649,2024-04-24,114,CLE,1,111,BOS,1,5,2,0.0,2024
746646,2024-04-25,114,CLE,1,111,BOS,1,6,3,0.0,2024
747129,2024-04-26,114,CLE,0,144,ATL,1,-1,1,547.0068450040225,2024
747131,2024-04-27,114,CLE,0,144,ATL,1,-2,2,0.0,2024
747125,2024-04-28,114,CLE,0,144,ATL,1,-3,3,0.0,2024
746398,2024-05-01,114,CLE,0,117,HOU,3,-4,1,699.6088123085705,2024
746399,2024-05-02,114,CLE,0,117,HOU,1,-5,2,0.0,2024
746403,2024-05-03,114,CLE,0,117,HOU,1,-6,3,0.0,2024
746645,2024-05-03,114,CLE,1,108,LAA,0,1,1,1114.100496699443,2024
746644,2024-05-04,114,CLE,1,108,LAA,1,2,2,0.0,2024
746643,2024-05-05,114,CLE,1,108,LAA,1,3,3,0.0,2024
746639,2024-05-06,114,CLE,1,116,DET,1,4,1,0.0,2024
746638,2024-05-07,114,CLE,1,116,DET,1,5,2,0.0,2024
746640,2024-05-08,114,CLE,1,116,DET,1,6,3,0.0,2024
746802,2024-05-09,114,CLE,0,145,CWS,1,-1,1,307.8720964038074,2024
746801,2024-05-10,114,CLE,0,145,CWS,1,-2,2,0.0,2024
746797,2024-05-11,114,CLE,0,145,CWS,1,-3,3,0.0,2024
746798,2024-05-12,114,CLE,0,145,CWS,1,-4,4,0.0,2024
745019,2024-05-14,114,CLE,0,140,TEX,2,-5,1,813.378310893269,2024
745014,2024-05-15,114,CLE,0,140,TEX,1,-6,2,0.0,2024
745015,2024-05-16,114,CLE,0,140,TEX,1,-7,3,0.0,2024
746641,2024-05-17,114,CLE,1,142,MIN,1,1,1,1038.947571490186,2024
746642,2024-05-18,114,CLE,1,142,MIN,1,2,2,0.0,2024
746636,2024-05-19,114,CLE,1,142,MIN,1,3,3,0.0,2024
746637,2024-05-20,114,CLE,1,121,NYM,1,4,1,0.0,2024
746633,2024-05-21,114,CLE,1,121,NYM,1,5,2,0.0,2024
746634,2024-05-22,114,CLE,1,121,NYM,1,6,3,0.0,2024
746227,2024-05-25,114,CLE,0,108,LAA,3,-1,1,2034.3207691263494,2024
746226,2024-05-26,114,CLE,0,108,LAA,1,-2,2,0.0,2024
746230,2024-05-26,114,CLE,0,108,LAA,0,-3,3,0.0,2024
746549,2024-05-27,114,CLE,0,115,COL,1,-4,1,822.2861860892081,2024
746552,2024-05-29,114,CLE,0,115,COL,2,-5,2,0.0,2024
746551,2024-05-30,114,CLE,0,115,COL,1,-6,3,0.0,2024
746635,2024-05-31,114,CLE,1,120,WSH,1,1,1,1224.5647941257084,2024
746629,2024-06-01,114,CLE,1,120,WSH,1,2,2,0.0,2024
746632,2024-06-02,114,CLE,1,120,WSH,1,3,3,0.0,2024
746630,2024-06-04,114,CLE,1,118,KC,2,4,1,0.0,2024
746631,2024-06-06,114,CLE,1,118,KC,1,6,3,0.0,2024
746053,2024-06-07,114,CLE,0,146,MIA,1,-1,1,1089.3021385315913,2024
746057,2024-06-08,114,CLE,0,146,MIA,1,-2,2,0.0,2024
746054,2024-06-09,114,CLE,0,146,MIA,1,-3,3,0.0,2024
746702,2024-06-11,114,CLE,0,113,CIN,2,-4,1,953.4072522903118,2024
746701,2024-06-12,114,CLE,0,113,CIN,1,-5,2,0.0,2024
744924,2024-06-14,114,CLE,0,141,TOR,2,-6,1,410.94298565561166,2024
744925,2024-06-15,114,CLE,0,141,TOR,1,-7,2,0.0,2024
744926,2024-06-16,114,CLE,0,141,TOR,1,-8,3,0.0,2024
746627,2024-06-18,114,CLE,1,136,SEA,2,1,1,188.71684847115282,2024
746625,2024-06-19,114,CLE,1,136,SEA,1,2,2,0.0,2024
746626,2024-06-20,114,CLE,1,136,SEA,1,3,3,0.0,2024
746624,2024-06-21,114,CLE,1,141,TOR,1,4,1,0.0,2024
746622,2024-06-22,114,CLE,1,141,TOR,1,5,2,0.0,2024
746621,2024-06-23,114,CLE,1,141,TOR,1,6,3,0.0,2024
747021,2024-06-24,114,CLE,0,110,BAL,1,-1,1,307.1364885665357,2024
747022,2024-06-25,114,CLE,0,110,BAL,1,-2,2,0.0,2024
747019,2024-06-26,114,CLE,0,110,BAL,1,-3,3,0.0,2024
746288,2024-06-28,114,CLE,0,118,KC,2,-4,1,955.2837530445377,2024
746289,2024-06-29,114,CLE,0,118,KC,1,-5,2,0.0,2024
746292,2024-06-29,114,CLE,0,118,KC,0,-6,3,0.0,2024
746290,2024-06-30,114,CLE,0,118,KC,1,-7,4,0.0,2024
746623,2024-07-02,114,CLE,1,145,CWS,2,1,1,694.6429853897519,2024
746617,2024-07-03,114,CLE,1,145,CWS,1,2,2,0.0,2024
746619,2024-07-04,114,CLE,1,145,CWS,1,3,3,0.0,2024
746620,2024-07-05,114,CLE,1,137,SF,1,4,1,0.0,2024
746615,2024-07-06,114,CLE,1,137,SF,1,5,2,0.0,2024
746616,2024-07-07,114,CLE,1,137,SF,1,6,3,0.0,2024
746455,2024-07-08,114,CLE,0,116,DET,1,-1,1,91.12804978214932,2024
746451,2024-07-09,114,CLE,0,116,DET,1,-2,2,0.0,2024
746453,2024-07-10,114,CLE,0,116,DET,1,-3,3,0.0,2024
746452,2024-07-11,114,CLE,0,116,DET,1,-4,4,0.0,2024
745064,2024-07-12,114,CLE,0,139,TB,1,-5,1,1007.0448721012648,2024
745067,2024-07-13,114,CLE,0,139,TB,1,-6,2,0.0,2024
745066,2024-07-14,114,CLE,0,139,TB,1,-7,3,0.0,2024
746618,2024-07-19,114,CLE,1,135,SD,5,1,1,950.1419996181558,2024
746613,2024-07-20,114,CLE,1,135,SD,1,2,2,0.0,2024
746610,2024-07-21,114,CLE,1,135,SD,1,3,3,0.0,2024
746612,2024-07-22,114,CLE,1,116,DET,1,4,1,0.0,2024
746614,2024-07-23,114,CLE,1,116,DET,1,5,2,0.0,2024
746611,2024-07-24,114,CLE,1,116,DET,1,6,3,0.0,2024
746609,2024-07-25,114,CLE,1,116,DET,1,7,4,0.0,2024
745554,2024-07-26,114,CLE,0,143,PHI,1,-1,1,358.6103362183685,2024
745553,2024-07-27,114,CLE,0,143,PHI,1,-2,2,0.0,2024
745550,2024-07-28,114,CLE,0,143,PHI,1,-3,3,0.0,2024
746444,2024-07-29,114,CLE,0,116,DET,1,-4,1,443.15200200788263,2024
746441,2024-07-30,114,CLE,0,116,DET,1,-5,2,0.0,2024
746607,2024-08-01,114,CLE,1,110,BAL,2,1,1,91.12804978214932,2024
746605,2024-08-02,114,CLE,1,110,BAL,1,2,2,0.0,2024
746608,2024-08-03,114,CLE,1,110,BAL,1,3,3,0.0,2024
746606,2024-08-04,114,CLE,1,110,BAL,1,4,4,0.0,2024
746600,2024-08-05,114,CLE,1,109,ARI,1,5,1,0.0,2024
746604,2024-08-07,114,CLE,1,109,ARI,1,7,3,0.0,2024
746602,2024-08-07,114,CLE,1,109,ARI,0,8,4,0.0,2024
745927,2024-08-09,114,CLE,0,142,MIN,2,-1,1,630.5553923040089,2024
745871,2024-08-10,114,CLE,0,142,MIN,1,-2,2,0.0,2024
745873,2024-08-10,114,CLE,0,142,MIN,0,-3,3,0.0,2024
745872,2024-08-11,114,CLE,0,142,MIN,1,-4,4,0.0,2024
746603,2024-08-12,114,CLE,1,112,CHC,1,1,1,630.5553923040089,2024
746601,2024-08-13,114,CLE,1,112,CHC,1,2,2,0.0,2024
746598,2024-08-14,114,CLE,1,112,CHC,1,3,3,0.0,2024
745949,2024-08-17,114,CLE,0,158,MIL,3,-1,1,338.32644453061476,2024
745952,2024-08-17,114,CLE,0,158,MIL,0,-2,2,0.0,2024
745948,2024-08-18,114,CLE,0,158,MIL,1,-3,3,0.0,2024
745707,2024-08-20,114,CLE,0,147,NYY,2,-4,1,736.8762860400252,2024
745704,2024-08-21,114,CLE,0,147,NYY,1,-5,2,0.0,2024
745705,2024-08-22,114,CLE,0,147,NYY,1,-6,3,0.0,2024
746597,2024-08-23,114,CLE,1,140,TEX,1,1,1,406.0987517437095,2024
746599,2024-08-24,114,CLE,1,140,TEX,1,2,2,0.0,2024
746595,2024-08-25,114,CLE,1,140,TEX,1,3,3,0.0,2024
746596,2024-08-26,114,CLE,1,118,KC,1,4,1,0.0,2024
746628,2024-08-26,114,CLE,1,118,KC,0,5,2,0.0,2024
746594,2024-08-27,114,CLE,1,118,KC,1,6,3,0.0,2024
746589,2024-08-28,114,CLE,1,118,KC,1,7,4,0.0,2024
746593,2024-08-30,114,CLE,1,134,PIT,2,8,1,0.0,2024
746590,2024-08-31,114,CLE,1,134,PIT,1,9,2,0.0,2024
746592,2024-09-01,114,CLE,1,134,PIT,1,10,3,0.0,2024
746265,2024-09-02,114,CLE,0,118,KC,1,-1,1,694.6429853897519,2024
746264,2024-09-03,114,CLE,0,118,KC,1,-2,2,0.0,2024
746262,2024-09-04,114,CLE,0,118,KC,1,-3,3,0.0,2024
746104,2024-09-07,114,CLE,0,119,LAD,3,-4,1,1358.4249527106026,2024
746098,2024-09-08,114,CLE,0,119,LAD,1,-5,2,0.0,2024
746099,2024-09-08,114,CLE,0,119,LAD,0,-6,3,0.0,2024
746746,2024-09-09,114,CLE,0,145,CWS,1,-7,1,1740.8822934525017,2024
746747,2024-09-10,114,CLE,0,145,CWS,1,-8,2,0.0,2024
746745,2024-09-11,114,CLE,0,145,CWS,1,-9,3,0.0,2024
746591,2024-09-12,114,CLE,1,139,TB,1,1,1,307.8720964038074,2024
746586,2024-09-13,114,CLE,1,139,TB,1,2,2,0.0,2024
746584,2024-09-14,114,CLE,1,139,TB,1,3,3,0.0,2024
746585,2024-09-15,114,CLE,1,139,TB,1,4,4,0.0,2024
746588,2024-09-16,114,CLE,1,142,MIN,1,5,1,0.0,2024
746587,2024-09-17,114,CLE,1,142,MIN,1,6,2,0.0,2024
746582,2024-09-18,114,CLE,1,142,MIN,1,7,3,0.0,2024
746579,2024-09-19,114,CLE,1,142,MIN,1,8,4,0.0,2024
745123,2024-09-21,114,CLE,0,138,STL,2,-1,1,491.5044526605,2024
745124,2024-09-21,114,CLE,0,138,STL,0,-2,2,0.0,2024
745118,2024-09-22,114,CLE,0,138,STL,1,-3,3,0.0,2024
746581,2024-09-24,114,CLE,1,113,CIN,2,1,1,491.5044526605,2024
746583,2024-09-25,114,CLE,1,113,CIN,1,2,2,0.0,2024
746580,2024-09-27,114,CLE,1,117,HOU,2,3,1,0.0,2024
746578,2024-09-28,114,CLE,1,117,HOU,1,4,2,0.0,2024
746577,2024-09-29,114,CLE,1,117,HOU,1,5,3,0.0,2024
747224,2024-03-29,115,COL,0,109,ARI,0,-1,1,586.1530990190981,2024
747223,2024-03-30,115,COL,0,109,ARI,1,-2,2,0.0,2024
747221,2024-03-31,115,COL,0,109,ARI,1,-3,3,0.0,2024
747222,2024-03-31,115,COL,0,109,ARI,0,-4,4,0.0,2024
746899,2024-04-01,115,COL,0,112,CHC,1,-5,1,1451.6299446026987,2024
746898,2024-04-02,115,COL,0,112,CHC,1,-6,2,0.0,2024
746900,2024-04-03,115,COL,0,112,CHC,1,-7,3,0.0,2024
746576,2024-04-05,115,COL,1,139,TB,2,1,1,917.1571990207435,2024
746574,2024-04-07,115,COL,1,139,TB,2,2,2,0.0,2024
746575,2024-04-07,115,COL,1,139,TB,0,3,3,0.0,2024
746569,2024-04-09,115,COL,1,109,ARI,2,4,1,0.0,2024
746571,2024-04-10,115,COL,1,109,ARI,1,5,2,0.0,2024
746573,2024-04-10,115,COL,1,109,ARI,0,6,3,0.0,2024
744954,2024-04-12,115,COL,0,141,TOR,2,-1,1,1342.3524184236549,2024
744953,2024-04-13,115,COL,0,141,TOR,1,-2,2,0.0,2024
744952,2024-04-14,115,COL,0,141,TOR,1,-3,3,0.0,2024
745597,2024-04-15,115,COL,0,143,PHI,1,-4,1,337.49777915551493,2024
745593,2024-04-16,115,COL,0,143,PHI,1,-5,2,0.0,2024
745591,2024-04-17,115,COL,0,143,PHI,1,-6,3,0.0,2024
746570,2024-04-21,115,COL,1,136,SEA,1,2,2,0.0,2024
746568,2024-04-21,115,COL,1,136,SEA,0,3,3,0.0,2024
746572,2024-04-22,115,COL,1,136,SEA,1,4,4,0.0,2024
746565,2024-04-23,115,COL,1,135,SD,1,5,1,0.0,2024
746566,2024-04-24,115,COL,1,135,SD,1,6,2,0.0,2024
746567,2024-04-25,115,COL,1,135,SD,1,7,3,0.0,2024
746564,2024-04-25,115,COL,1,135,SD,0,8,4,0.0,2024
746560,2024-04-27,115,COL,1,117,HOU,2,9,1,0.0,2024
746561,2024-04-28,115,COL,1,117,HOU,1,10,2,0.0,2024
746073,2024-04-30,115,COL,0,146,MIA,2,-1,1,1723.9912128319143,2024
746072,2024-05-01,115,COL,0,146,MIA,1,-2,2,0.0,2024
746070,2024-05-02,115,COL,0,146,MIA,1,-3,3,0.0,2024
745510,2024-05-03,115,COL,0,134,PIT,1,-4,1,1013.6533818001047,2024
745511,2024-05-04,115,COL,0,134,PIT,1,-5,2,0.0,2024
745504,2024-05-05,115,COL,0,134,PIT,1,-6,3,0.0,2024
746559,2024-05-08,115,COL,1,137,SF,3,1,1,1317.1736538054608,2024
746562,2024-05-09,115,COL,1,137,SF,1,2,2,0.0,2024
746563,2024-05-09,115,COL,1,137,SF,0,3,3,0.0,2024
746553,2024-05-11,115,COL,1,140,TEX,2,4,1,0.0,2024
746555,2024-05-12,115,COL,1,140,TEX,1,5,2,0.0,2024
746554,2024-05-12,115,COL,1,140,TEX,0,6,3,0.0,2024
745420,2024-05-14,115,COL,0,135,SD,2,-1,1,833.4460828296096,2024
745418,2024-05-15,115,COL,0,135,SD,1,-2,2,0.0,2024
745417,2024-05-15,115,COL,0,135,SD,0,-3,3,0.0,2024
745335,2024-05-18,115,COL,0,137,SF,3,-4,1,458.03894144483473,2024
745339,2024-05-18,115,COL,0,137,SF,0,-5,2,0.0,2024
745336,2024-05-19,115,COL,0,137,SF,1,-6,3,0.0,2024
745662,2024-05-22,115,COL,0,133,OAK,3,-7,1,10.48032218937323,2024
745661,2024-05-23,115,COL,0,133,OAK,1,-8,2,0.0,2024
745660,2024-05-23,115,COL,0,133,OAK,0,-9,3,0.0,2024
746558,2024-05-25,115,COL,1,143,PHI,2,1,1,935.9586291857619,2024
746556,2024-05-26,115,COL,1,143,PHI,1,2,2,0.0,2024
746557,2024-05-26,115,COL,1,143,PHI,0,3,3,0.0,2024
746549,2024-05-27,115,COL,1,114,CLE,1,4,1,0.0,2024
746552,2024-05-29,115,COL,1,114,CLE,2,5,2,0.0,2024
746551,2024-05-30,115,COL,1,114,CLE,1,6,3,0.0,2024
746140,2024-06-01,115,COL,0,119,LAD,2,-1,1,829.208728545356,2024
746138,2024-06-02,115,COL,0,119,LAD,1,-2,2,0.0,2024
746141,2024-06-02,115,COL,0,119,LAD,0,-3,3,0.0,2024
746548,2024-06-04,115,COL,1,113,CIN,2,1,1,829.208728545356,2024
746544,2024-06-05,115,COL,1,113,CIN,1,2,2,0.0,2024
746550,2024-06-05,115,COL,1,113,CIN,0,3,3,0.0,2024
745174,2024-06-06,115,COL,0,138,STL,1,-1,1,795.6297379917951,2024
745169,2024-06-07,115,COL,0,138,STL,1,-2,2,0.0,2024
745166,2024-06-08,115,COL,0,138,STL,1,-3,3,0.0,2024
745167,2024-06-09,115,COL,0,138,STL,1,-4,4,0.0,2024
745897,2024-06-10,115,COL,0,142,MIN,1,-5,1,467.15187795921247,2024
745899,2024-06-11,115,COL,0,142,MIN,1,-6,2,0.0,2024
745896,2024-06-12,115,COL,0,142,MIN,1,-7,3,0.0,2024
746545,2024-06-15,115,COL,1,134,PIT,3,1,1,697.6486501293384,2024
746546,2024-06-16,115,COL,1,134,PIT,1,2,2,0.0,2024
746547,2024-06-16,115,COL,1,134,PIT,0,3,3,0.0,2024
746543,2024-06-18,115,COL,1,119,LAD,2,4,1,0.0,2024
746542,2024-06-19,115,COL,1,119,LAD,1,5,2,0.0,2024
746538,2024-06-20,115,COL,1,119,LAD,1,6,3,0.0,2024
746539,2024-06-20,115,COL,1,119,LAD,0,7,4,0.0,2024
746540,2024-06-22,115,COL,1,120,WSH,2,8,1,0.0,2024
746541,2024-06-23,115,COL,1,120,WSH,1,9,2,0.0,2024
746536,2024-06-23,115,COL,1,120,WSH,0,10,3,0.0,2024
746372,2024-06-26,115,COL,0,117,HOU,3,-1,1,880.1313551890535,2024
746374,2024-06-26,115,COL,0,117,HOU,0,-2,2,0.0,2024
746776,2024-06-28,115,COL,0,145,CWS,2,-3,1,938.7707116803103,2024
746778,2024-06-29,115,COL,0,145,CWS,1,-4,2,0.0,2024
746779,2024-06-30,115,COL,0,145,CWS,1,-5,3,0.0,2024
746535,2024-07-02,115,COL,1,158,MIL,2,1,1,917.7666362462637,2024
746537,2024-07-03,115,COL,1,158,MIL,1,2,2,0.0,2024
746534,2024-07-04,115,COL,1,158,MIL,1,3,3,0.0,2024
746532,2024-07-05,115,COL,1,158,MIL,1,4,4,0.0,2024
746533,2024-07-06,115,COL,1,118,KC,1,5,1,0.0,2024
746529,2024-07-07,115,COL,1,118,KC,1,6,2,0.0,2024
746530,2024-07-07,115,COL,1,118,KC,0,7,3,0.0,2024
746692,2024-07-08,115,COL,0,113,CIN,1,-1,1,1091.971068685176,2024
746690,2024-07-09,115,COL,0,113,CIN,1,-2,2,0.0,2024
746689,2024-07-10,115,COL,0,113,CIN,1,-3,3,0.0,2024
746688,2024-07-11,115,COL,0,113,CIN,1,-4,4,0.0,2024
745800,2024-07-12,115,COL,0,121,NYM,1,-5,1,576.1040985787001,2024
745798,2024-07-13,115,COL,0,121,NYM,1,-6,2,0.0,2024
745797,2024-07-14,115,COL,0,121,NYM,1,-7,3,0.0,2024
746531,2024-07-20,115,COL,1,137,SF,6,1,1,1635.3491066467502,2024
746527,2024-07-21,115,COL,1,137,SF,1,2,2,0.0,2024
746528,2024-07-21,115,COL,1,137,SF,0,3,3,0.0,2024
746526,2024-07-23,115,COL,1,111,BOS,2,4,1,0.0,2024
746524,2024-07-24,115,COL,1,111,BOS,1,5,2,0.0,2024
746525,2024-07-24,115,COL,1,111,BOS,0,6,3,0.0,2024
745315,2024-07-27,115,COL,0,137,SF,3,-1,1,945.5308694116128,2024
745307,2024-07-27,115,COL,0,137,SF,0,-2,2,0.0,2024
745310,2024-07-27,115,COL,0,137,SF,0,-3,3,0.0,2024
745305,2024-07-28,115,COL,0,137,SF,1,-4,4,0.0,2024
746197,2024-07-31,115,COL,0,108,LAA,3,-5,1,373.21886529538057,2024
746198,2024-08-01,115,COL,0,108,LAA,1,-6,2,0.0,2024
746196,2024-08-02,115,COL,0,108,LAA,1,-7,3,0.0,2024
745387,2024-08-03,115,COL,0,135,SD,1,-8,1,86.36512380343024,2024
745388,2024-08-04,115,COL,0,135,SD,1,-9,2,0.0,2024
745384,2024-08-04,115,COL,0,135,SD,0,-10,3,0.0,2024
746519,2024-08-07,115,COL,1,121,NYM,3,1,1,833.4460828296096,2024
746521,2024-08-08,115,COL,1,121,NYM,1,2,2,0.0,2024
746522,2024-08-08,115,COL,1,121,NYM,0,3,3,0.0,2024
746523,2024-08-10,115,COL,1,144,ATL,2,4,1,0.0,2024
746520,2024-08-11,115,COL,1,144,ATL,1,5,2,0.0,2024
746517,2024-08-11,115,COL,1,144,ATL,0,6,3,0.0,2024
747165,2024-08-13,115,COL,0,109,ARI,2,-1,1,586.1530990190981,2024
747163,2024-08-14,115,COL,0,109,ARI,1,-2,2,0.0,2024
747160,2024-08-14,115,COL,0,109,ARI,0,-3,3,0.0,2024
746518,2024-08-17,115,COL,1,135,SD,3,1,1,586.1530990190981,2024
746515,2024-08-18,115,COL,1,135,SD,1,2,2,0.0,2024
746516,2024-08-18,115,COL,1,135,SD,0,3,3,0.0,2024
744814,2024-08-20,115,COL,0,120,WSH,2,-1,1,1491.3129647935543,2024
744812,2024-08-21,115,COL,0,120,WSH,1,-2,2,0.0,2024
744815,2024-08-22,115,COL,0,120,WSH,1,-3,3,0.0,2024
745702,2024-08-23,115,COL,0,147,NYY,1,-4,1,212.0912051760551,2024
745703,2024-08-24,115,COL,0,147,NYY,1,-5,2,0.0,2024
745706,2024-08-25,115,COL,0,147,NYY,1,-6,3,0.0,2024
746513,2024-08-27,115,COL,1,146,MIA,2,1,1,1630.5053800190935,2024
746510,2024-08-28,115,COL,1,146,MIA,1,2,2,0.0,2024
746512,2024-08-29,115,COL,1,146,MIA,1,3,3,0.0,2024
746514,2024-08-29,115,COL,1,146,MIA,0,4,4,0.0,2024
746511,2024-08-31,115,COL,1,110,BAL,2,5,1,0.0,2024
746507,2024-09-01,115,COL,1,110,BAL,1,6,2,0.0,2024
746505,2024-09-01,115,COL,1,110,BAL,0,7,3,0.0,2024
747079,2024-09-03,115,COL,0,144,ATL,2,-1,1,1202.1860715929813,2024
747075,2024-09-04,115,COL,0,144,ATL,1,-2,2,0.0,2024
747073,2024-09-05,115,COL,0,144,ATL,1,-3,3,0.0,2024
745941,2024-09-06,115,COL,0,158,MIL,1,-4,1,659.030112248539,2024
745942,2024-09-07,115,COL,0,158,MIL,1,-5,2,0.0,2024
745940,2024-09-08,115,COL,0,158,MIL,1,-6,3,0.0,2024
746428,2024-09-10,115,COL,0,116,DET,2,-7,1,254.49710853928843,2024
746425,2024-09-11,115,COL,0,116,DET,1,-8,2,0.0,2024
746427,2024-09-12,115,COL,0,116,DET,1,-9,3,0.0,2024
746509,2024-09-14,115,COL,1,112,CHC,2,1,1,1154.1426681495122,2024
746508,2024-09-15,115,COL,1,112,CHC,1,2,2,0.0,2024
746506,2024-09-15,115,COL,1,112,CHC,0,3,3,0.0,2024
746502,2024-09-17,115,COL,1,109,ARI,2,4,1,0.0,2024
746503,2024-09-18,115,COL,1,109,ARI,1,5,2,0.0,2024
746500,2024-09-18,115,COL,1,109,ARI,0,6,3,0.0,2024
746094,2024-09-21,115,COL,0,119,LAD,3,-1,1,829.208728545356,2024
746096,2024-09-22,115,COL,0,119,LAD,1,-2,2,0.0,2024
746092,2024-09-22,115,COL,0,119,LAD,0,-3,3,0.0,2024
746504,2024-09-25,115,COL,1,138,STL,3,1,1,829.208728545356,2024
746501,2024-09-26,115,COL,1,138,STL,1,2,2,0.0,2024
746495,2024-09-26,115,COL,1,138,STL,0,3,3,0.0,2024
746494,2024-09-28,115,COL,1,119,LAD,2,4,1,0.0,2024
746499,2024-09-29,115,COL,1,119,LAD,1,5,2,0.0,2024
746496,2024-09-29,115,COL,1,119,LAD,0,6,3,0.0,2024
746821,2024-03-28,116,DET,0,145,CWS,0,-1,1,237.7264337126216,2024
746818,2024-03-30,116,DET,0,145,CWS,2,-2,2,0.0,2024
746815,2024-03-31,116,DET,0,145,CWS,1,-3,3,0.0,2024
745842,2024-04-01,116,DET,0,121,NYM,1,-4,1,718.8569327739972,2024
745844,2024-04-04,116,DET,0,121,NYM,1,-7,4,0.0,2024
745843,2024-04-04,116,DET,0,121,NYM,0,-8,5,0.0,2024
746497,2024-04-05,116,DET,1,133,OAK,1,1,1,488.01813985396933,2024
746498,2024-04-06,116,DET,1,133,OAK,1,2,2,0.0,2024
746493,2024-04-07,116,DET,1,133,OAK,1,3,3,0.0,2024
745520,2024-04-08,116,DET,0,134,PIT,1,-1,1,204.84355160436255,2024
745517,2024-04-09,116,DET,0,134,PIT,1,-2,2,0.0,2024
746491,2024-04-12,116,DET,1,142,MIN,1,2,2,0.0,2024
746489,2024-04-13,116,DET,1,142,MIN,1,3,3,0.0,2024
746490,2024-04-13,116,DET,1,142,MIN,0,4,4,0.0,2024
746492,2024-04-14,116,DET,1,142,MIN,1,5,5,0.0,2024
746488,2024-04-15,116,DET,1,140,TEX,1,6,1,0.0,2024
746486,2024-04-16,116,DET,1,140,TEX,1,7,2,0.0,2024
746487,2024-04-17,116,DET,1,140,TEX,1,8,3,0.0,2024
746485,2024-04-18,116,DET,1,140,TEX,1,9,4,0.0,2024
745922,2024-04-20,116,DET,0,142,MIN,2,-1,1,542.5071369450939,2024
745921,2024-04-20,116,DET,0,142,MIN,0,-2,2,0.0,2024
745920,2024-04-21,116,DET,0,142,MIN,1,-3,3,0.0,2024
745107,2024-04-22,116,DET,0,139,TB,1,-4,1,1325.4285844846306,2024
745102,2024-04-23,116,DET,0,139,TB,1,-5,2,0.0,2024
745099,2024-04-24,116,DET,0,139,TB,1,-6,3,0.0,2024
746482,2024-04-26,116,DET,1,118,KC,2,1,1,1007.0448721012648,2024
746484,2024-04-27,116,DET,1,118,KC,1,2,2,0.0,2024
746483,2024-04-28,116,DET,1,118,KC,1,3,3,0.0,2024
746477,2024-04-30,116,DET,1,138,STL,1,5,2,0.0,2024
746481,2024-04-30,116,DET,1,138,STL,0,6,3,0.0,2024
746478,2024-05-01,116,DET,1,138,STL,1,7,4,0.0,2024
745756,2024-05-03,116,DET,0,147,NYY,2,-1,1,482.6121717715705,2024
745750,2024-05-04,116,DET,0,147,NYY,1,-2,2,0.0,2024
745751,2024-05-05,116,DET,0,147,NYY,1,-3,3,0.0,2024
746639,2024-05-06,116,DET,0,114,CLE,1,-4,1,406.0987517437095,2024
746638,2024-05-07,116,DET,0,114,CLE,1,-5,2,0.0,2024
746640,2024-05-08,116,DET,0,114,CLE,1,-6,3,0.0,2024
746479,2024-05-10,116,DET,1,117,HOU,2,1,1,91.12804978214932,2024
746480,2024-05-11,116,DET,1,117,HOU,1,2,2,0.0,2024
746476,2024-05-12,116,DET,1,117,HOU,1,3,3,0.0,2024
746471,2024-05-13,116,DET,1,146,MIA,1,4,1,0.0,2024
746473,2024-05-14,116,DET,1,146,MIA,1,5,2,0.0,2024
746472,2024-05-15,116,DET,1,146,MIA,1,6,3,0.0,2024
747201,2024-05-18,116,DET,0,109,ARI,3,-1,1,1687.2573741018657,2024
747202,2024-05-19,116,DET,0,109,ARI,1,-2,2,0.0,2024
747198,2024-05-19,116,DET,0,109,ARI,0,-3,3,0.0,2024
746307,2024-05-20,116,DET,0,118,KC,1,-4,1,1051.5706596300413,2024
746309,2024-05-21,116,DET,0,118,KC,1,-5,2,0.0,2024
746304,2024-05-22,116,DET,0,118,KC,1,-6,3,0.0,2024
746474,2024-05-23,116,DET,1,141,TOR,1,1,1,639.8841499405022,2024
746475,2024-05-24,116,DET,1,141,TOR,1,2,2,0.0,2024
746470,2024-05-25,116,DET,1,141,TOR,1,3,3,0.0,2024
746469,2024-05-26,116,DET,1,141,TOR,1,4,4,0.0,2024
746467,2024-05-29,116,DET,1,134,PIT,1,6,2,0.0,2024
746468,2024-05-29,116,DET,1,134,PIT,0,7,3,0.0,2024
746954,2024-05-30,116,DET,0,111,BOS,1,-1,1,609.8730788976414,2024
746955,2024-05-31,116,DET,0,111,BOS,1,-2,2,0.0,2024
746952,2024-06-01,116,DET,0,111,BOS,1,-3,3,0.0,2024
746953,2024-06-02,116,DET,0,111,BOS,1,-4,4,0.0,2024
745009,2024-06-04,116,DET,0,140,TEX,2,-5,1,1562.0482982121016,2024
745010,2024-06-05,116,DET,0,140,TEX,1,-6,2,0.0,2024
745007,2024-06-06,116,DET,0,140,TEX,1,-7,3,0.0,2024
746466,2024-06-07,116,DET,1,158,MIL,1,1,1,1012.5081459059959,2024
746461,2024-06-08,116,DET,1,158,MIL,1,2,2,0.0,2024
746463,2024-06-09,116,DET,1,158,MIL,1,3,3,0.0,2024
746464,2024-06-11,116,DET,1,120,WSH,2,4,1,0.0,2024
746462,2024-06-12,116,DET,1,120,WSH,1,5,2,0.0,2024
746465,2024-06-13,116,DET,1,120,WSH,1,6,3,0.0,2024
746378,2024-06-15,116,DET,0,117,HOU,2,-1,1,1105.8761830717617,2024
746381,2024-06-15,116,DET,0,117,HOU,0,-2,2,0.0,2024
746377,2024-06-16,116,DET,0,117,HOU,1,-3,3,0.0,2024
747108,2024-06-17,116,DET,0,144,ATL,1,-4,1,699.6088123085705,2024
747107,2024-06-18,116,DET,0,144,ATL,1,-5,2,0.0,2024
747106,2024-06-19,116,DET,0,144,ATL,1,-6,3,0.0,2024
746460,2024-06-21,116,DET,1,145,CWS,2,1,1,588.8013172467564,2024
746459,2024-06-22,116,DET,1,145,CWS,1,2,2,0.0,2024
746457,2024-06-23,116,DET,1,145,CWS,1,3,3,0.0,2024
746458,2024-06-24,116,DET,1,143,PHI,1,4,1,0.0,2024
746454,2024-06-25,116,DET,1,143,PHI,1,5,2,0.0,2024
746456,2024-06-26,116,DET,1,143,PHI,1,6,3,0.0,2024
746210,2024-06-28,116,DET,0,108,LAA,2,-1,1,1969.013791743627,2024
746214,2024-06-29,116,DET,0,108,LAA,1,-2,2,0.0,2024
746211,2024-06-30,116,DET,0,108,LAA,1,-3,3,0.0,2024
746209,2024-06-30,116,DET,0,108,LAA,0,-4,4,0.0,2024
745886,2024-07-02,116,DET,0,142,MIN,2,-5,1,1515.2340388389878,2024
745888,2024-07-04,116,DET,0,142,MIN,2,-6,2,0.0,2024
745890,2024-07-04,116,DET,0,142,MIN,0,-7,3,0.0,2024
746693,2024-07-05,116,DET,0,113,CIN,1,-8,1,605.8281829837056,2024
746694,2024-07-06,116,DET,0,113,CIN,1,-9,2,0.0,2024
746691,2024-07-07,116,DET,0,113,CIN,1,-10,3,0.0,2024
746455,2024-07-08,116,DET,1,114,CLE,1,1,1,236.62913628650645,2024
746451,2024-07-09,116,DET,1,114,CLE,1,2,2,0.0,2024
746453,2024-07-10,116,DET,1,114,CLE,1,3,3,0.0,2024
746452,2024-07-11,116,DET,1,114,CLE,1,4,4,0.0,2024
746450,2024-07-12,116,DET,1,119,LAD,1,5,1,0.0,2024
746447,2024-07-13,116,DET,1,119,LAD,1,6,2,0.0,2024
746449,2024-07-14,116,DET,1,119,LAD,1,7,3,0.0,2024
744911,2024-07-19,116,DET,0,141,TOR,5,-1,1,205.64835449402668,2024
744910,2024-07-20,116,DET,0,141,TOR,1,-2,2,0.0,2024
744909,2024-07-21,116,DET,0,141,TOR,1,-3,3,0.0,2024
746612,2024-07-22,116,DET,0,114,CLE,1,-4,1,188.71684847115282,2024
746614,2024-07-23,116,DET,0,114,CLE,1,-5,2,0.0,2024
746611,2024-07-24,116,DET,0,114,CLE,1,-6,3,0.0,2024
746609,2024-07-25,116,DET,0,114,CLE,1,-7,4,0.0,2024
746448,2024-07-26,116,DET,1,142,MIN,1,1,1,91.12804978214932,2024
746446,2024-07-27,116,DET,1,142,MIN,1,2,2,0.0,2024
746445,2024-07-28,116,DET,1,142,MIN,1,3,3,0.0,2024
746444,2024-07-29,116,DET,1,114,CLE,1,4,1,0.0,2024
746441,2024-07-30,116,DET,1,114,CLE,1,5,2,0.0,2024
746442,2024-08-01,116,DET,1,118,KC,2,6,1,0.0,2024
746443,2024-08-02,116,DET,1,118,KC,1,7,2,0.0,2024
746440,2024-08-03,116,DET,1,118,KC,1,8,3,0.0,2024
746439,2024-08-04,116,DET,1,118,KC,1,9,4,0.0,2024
745221,2024-08-07,116,DET,0,136,SEA,3,-1,1,1933.051781296917,2024
745223,2024-08-08,116,DET,0,136,SEA,1,-2,2,0.0,2024
745226,2024-08-09,116,DET,0,136,SEA,1,-3,3,0.0,2024
745308,2024-08-10,116,DET,0,137,SF,1,-4,1,678.0468674235019,2024
745304,2024-08-10,116,DET,0,137,SF,0,-5,2,0.0,2024
745303,2024-08-11,116,DET,0,137,SF,1,-6,3,0.0,2024
746435,2024-08-13,116,DET,1,136,SEA,2,1,1,2085.4382148086124,2024
746436,2024-08-14,116,DET,1,136,SEA,1,2,2,0.0,2024
746437,2024-08-15,116,DET,1,136,SEA,1,3,3,0.0,2024
746438,2024-08-16,116,DET,1,147,NYY,1,4,1,0.0,2024
746434,2024-08-17,116,DET,1,147,NYY,1,5,2,0.0,2024
746431,2024-08-18,116,DET,1,147,NYY,1,6,3,0.0,2024
746839,2024-08-21,116,DET,0,112,CHC,3,-1,1,237.53010712627383,2024
746837,2024-08-22,116,DET,0,112,CHC,1,-2,2,0.0,2024
746836,2024-08-22,116,DET,0,112,CHC,0,-3,3,0.0,2024
746758,2024-08-24,116,DET,0,145,CWS,2,-4,1,8.262413783057372,2024
746756,2024-08-24,116,DET,0,145,CWS,0,-5,2,0.0,2024
746754,2024-08-25,116,DET,0,145,CWS,1,-6,3,0.0,2024
746429,2024-08-27,116,DET,1,108,LAA,2,1,1,237.7264337126216,2024
746753,2024-08-27,116,DET,0,145,CWS,0,-1,1,237.7264337126216,2024
746430,2024-08-28,116,DET,1,108,LAA,1,1,1,237.7264337126216,2024
746432,2024-08-29,116,DET,1,108,LAA,1,2,2,0.0,2024
746433,2024-08-30,116,DET,1,111,BOS,1,3,1,0.0,2024
746424,2024-08-31,116,DET,1,111,BOS,1,4,2,0.0,2024
746426,2024-09-01,116,DET,1,111,BOS,1,5,3,0.0,2024
745373,2024-09-02,116,DET,0,135,SD,1,-1,1,1968.4968227988124,2024
745370,2024-09-05,116,DET,0,135,SD,3,-2,2,0.0,2024
745369,2024-09-06,116,DET,0,135,SD,1,-3,3,0.0,2024
745613,2024-09-07,116,DET,0,133,OAK,1,-4,1,449.84278611734885,2024
745611,2024-09-07,116,DET,0,133,OAK,0,-5,2,0.0,2024
745616,2024-09-08,116,DET,0,133,OAK,1,-6,3,0.0,2024
746428,2024-09-10,116,DET,1,115,COL,2,1,1,2076.502664481492,2024
746425,2024-09-11,116,DET,1,115,COL,1,2,2,0.0,2024
746427,2024-09-12,116,DET,1,115,COL,1,3,3,0.0,2024
746423,2024-09-13,116,DET,1,110,BAL,1,4,1,0.0,2024
746422,2024-09-14,116,DET,1,110,BAL,1,5,2,0.0,2024
746419,2024-09-15,116,DET,1,110,BAL,1,6,3,0.0,2024
746260,2024-09-16,116,DET,0,118,KC,1,-1,1,639.8841499405022,2024
746261,2024-09-17,116,DET,0,118,KC,1,-2,2,0.0,2024
746254,2024-09-18,116,DET,0,118,KC,1,-3,3,0.0,2024
746984,2024-09-20,116,DET,0,110,BAL,2,-4,1,955.2837530445377,2024
746983,2024-09-21,116,DET,0,110,BAL,1,-5,2,0.0,2024
746982,2024-09-22,116,DET,0,110,BAL,1,-6,3,0.0,2024
746421,2024-09-24,116,DET,1,139,TB,2,1,1,396.72723870572077,2024
746420,2024-09-25,116,DET,1,139,TB,1,2,2,0.0,2024
746415,2024-09-26,116,DET,1,139,TB,1,3,3,0.0,2024
746417,2024-09-27,116,DET,1,145,CWS,1,4,1,0.0,2024
746414,2024-09-28,116,DET,1,145,CWS,1,5,2,0.0,2024
746416,2024-09-29,116,DET,1,145,CWS,1,6,3,0.0,2024
746418,2024-03-28,117,HOU,1,147,NYY,0,1,1,0.0,2024
746412,2024-03-30,117,HOU,1,147,NYY,2,2,2,0.0,2024
746410,2024-03-30,117,HOU,1,147,NYY,0,3,3,0.0,2024
746413,2024-03-31,117,HOU,1,147,NYY,1,4,4,0.0,2024
746409,2024-04-02,117,HOU,1,141,TOR,2,5,1,0.0,2024
746411,2024-04-03,117,HOU,1,141,TOR,1,6,2,0.0,2024
746407,2024-04-04,117,HOU,1,141,TOR,1,7,3,0.0,2024
745031,2024-04-06,117,HOU,0,140,TEX,2,-1,1,230.66355960201378,2024
745033,2024-04-06,117,HOU,0,140,TEX,0,-2,2,0.0,2024
745032,2024-04-07,117,HOU,0,140,TEX,1,-3,3,0.0,2024
745034,2024-04-09,117,HOU,0,140,TEX,2,-4,4,0.0,2024
746326,2024-04-09,117,HOU,0,118,KC,0,-5,1,459.01779323801827,2024
746323,2024-04-10,117,HOU,0,118,KC,1,-6,2,0.0,2024
746322,2024-04-11,117,HOU,0,118,KC,1,-7,3,0.0,2024
746408,2024-04-13,117,HOU,1,140,TEX,2,1,1,644.1456886709294,2024
746405,2024-04-13,117,HOU,1,140,TEX,0,2,2,0.0,2024
746404,2024-04-14,117,HOU,1,140,TEX,1,3,3,0.0,2024
746406,2024-04-16,117,HOU,1,144,ATL,2,4,1,0.0,2024
746401,2024-04-17,117,HOU,1,144,ATL,1,5,2,0.0,2024
746400,2024-04-17,117,HOU,1,144,ATL,0,6,3,0.0,2024
744872,2024-04-19,117,HOU,0,120,WSH,2,-1,1,1218.4825059673833,2024
744865,2024-04-20,117,HOU,0,120,WSH,1,-2,2,0.0,2024
744866,2024-04-21,117,HOU,0,120,WSH,1,-3,3,0.0,2024
746888,2024-04-23,117,HOU,0,112,CHC,2,-4,1,598.6412524083928,2024
746889,2024-04-24,117,HOU,0,112,CHC,1,-5,2,0.0,2024
746887,2024-04-25,117,HOU,0,112,CHC,1,-6,3,0.0,2024
746560,2024-04-27,117,HOU,0,115,COL,2,-7,1,917.1571990207435,2024
746561,2024-04-28,117,HOU,0,115,COL,1,-8,2,0.0,2024
746398,2024-05-01,117,HOU,1,114,CLE,3,1,1,880.1313551890535,2024
746399,2024-05-02,117,HOU,1,114,CLE,1,2,2,0.0,2024
746403,2024-05-03,117,HOU,1,114,CLE,1,3,3,0.0,2024
746402,2024-05-04,117,HOU,1,136,SEA,1,4,1,0.0,2024
746394,2024-05-04,117,HOU,1,136,SEA,0,5,2,0.0,2024
746395,2024-05-05,117,HOU,1,136,SEA,1,6,3,0.0,2024
745752,2024-05-07,117,HOU,0,147,NYY,2,-1,1,1424.3629806468848,2024
745749,2024-05-08,117,HOU,0,147,NYY,1,-2,2,0.0,2024
745748,2024-05-09,117,HOU,0,147,NYY,1,-3,3,0.0,2024
746479,2024-05-10,117,HOU,0,116,DET,1,-4,1,482.6121717715705,2024
746480,2024-05-11,117,HOU,0,116,DET,1,-5,2,0.0,2024
746476,2024-05-12,117,HOU,0,116,DET,1,-6,3,0.0,2024
746393,2024-05-14,117,HOU,1,133,OAK,2,1,1,1105.8761830717617,2024
746396,2024-05-15,117,HOU,1,133,OAK,1,2,2,0.0,2024
746397,2024-05-16,117,HOU,1,133,OAK,1,3,3,0.0,2024
746391,2024-05-17,117,HOU,1,133,OAK,1,4,4,0.0,2024
746388,2024-05-18,117,HOU,1,158,MIL,1,5,1,0.0,2024
746389,2024-05-18,117,HOU,1,158,MIL,0,6,2,0.0,2024
746392,2024-05-19,117,HOU,1,158,MIL,1,7,3,0.0,2024
746390,2024-05-21,117,HOU,1,108,LAA,2,8,1,0.0,2024
746386,2024-05-22,117,HOU,1,108,LAA,1,9,2,0.0,2024
746385,2024-05-22,117,HOU,1,108,LAA,0,10,3,0.0,2024
745663,2024-05-25,117,HOU,0,133,OAK,3,-1,1,1631.2403491139823,2024
745658,2024-05-25,117,HOU,0,133,OAK,0,-2,2,0.0,2024
745653,2024-05-26,117,HOU,0,133,OAK,1,-3,3,0.0,2024
745254,2024-05-28,117,HOU,0,136,SEA,2,-4,1,679.9392003432476,2024
745258,2024-05-29,117,HOU,0,136,SEA,1,-5,2,0.0,2024
745250,2024-05-30,117,HOU,0,136,SEA,1,-6,3,0.0,2024
745249,2024-05-30,117,HOU,0,136,SEA,0,-7,4,0.0,2024
746387,2024-06-01,117,HOU,1,142,MIN,2,1,1,1889.6158526975785,2024
746384,2024-06-01,117,HOU,1,142,MIN,0,2,2,0.0,2024
746383,2024-06-02,117,HOU,1,142,MIN,1,3,3,0.0,2024
746382,2024-06-04,117,HOU,1,138,STL,2,4,1,0.0,2024
746380,2024-06-05,117,HOU,1,138,STL,1,5,2,0.0,2024
746379,2024-06-05,117,HOU,1,138,STL,0,6,3,0.0,2024
746220,2024-06-08,117,HOU,0,108,LAA,3,-1,1,1349.4753249039884,2024
746223,2024-06-09,117,HOU,0,108,LAA,1,-2,2,0.0,2024
746216,2024-06-09,117,HOU,0,108,LAA,0,-3,3,0.0,2024
745334,2024-06-11,117,HOU,0,137,SF,2,-4,1,373.21886529538057,2024
745327,2024-06-12,117,HOU,0,137,SF,1,-5,2,0.0,2024
745328,2024-06-12,117,HOU,0,137,SF,0,-6,3,0.0,2024
746381,2024-06-15,117,HOU,1,116,DET,3,1,1,1641.7172266838993,2024
746378,2024-06-15,117,HOU,1,116,DET,0,2,2,0.0,2024
746377,2024-06-16,117,HOU,1,116,DET,1,3,3,0.0,2024
746783,2024-06-19,117,HOU,0,145,CWS,3,-1,1,938.7707116803103,2024
746781,2024-06-20,117,HOU,0,145,CWS,1,-2,2,0.0,2024
746782,2024-06-20,117,HOU,0,145,CWS,0,-3,3,0.0,2024
746375,2024-06-22,117,HOU,1,110,BAL,2,1,1,938.7707116803103,2024
746376,2024-06-22,117,HOU,1,110,BAL,0,2,2,0.0,2024
746373,2024-06-23,117,HOU,1,110,BAL,1,3,3,0.0,2024
746372,2024-06-26,117,HOU,1,115,COL,3,4,1,0.0,2024
746374,2024-06-26,117,HOU,1,115,COL,0,5,2,0.0,2024
745804,2024-06-28,117,HOU,0,121,NYM,2,-1,1,1425.994081762968,2024
745801,2024-06-29,117,HOU,0,121,NYM,1,-2,2,0.0,2024
745802,2024-06-30,117,HOU,0,121,NYM,1,-3,3,0.0,2024
744914,2024-07-01,117,HOU,0,141,TOR,1,-4,1,346.6363887095845,2024
744913,2024-07-02,117,HOU,0,141,TOR,1,-5,2,0.0,2024
744915,2024-07-03,117,HOU,0,141,TOR,1,-6,3,0.0,2024
744912,2024-07-04,117,HOU,0,141,TOR,1,-7,4,0.0,2024
745884,2024-07-06,117,HOU,0,142,MIN,2,-8,1,692.024839424288,2024
745885,2024-07-06,117,HOU,0,142,MIN,0,-9,2,0.0,2024
745883,2024-07-07,117,HOU,0,142,MIN,1,-10,3,0.0,2024
746368,2024-07-10,117,HOU,1,146,MIA,3,1,1,1058.038361560939,2024
746366,2024-07-11,117,HOU,1,146,MIA,1,2,2,0.0,2024
746367,2024-07-12,117,HOU,1,146,MIA,1,3,3,0.0,2024
746371,2024-07-13,117,HOU,1,140,TEX,1,4,1,0.0,2024
746369,2024-07-13,117,HOU,1,140,TEX,0,5,2,0.0,2024
746370,2024-07-14,117,HOU,1,140,TEX,1,6,3,0.0,2024
745228,2024-07-20,117,HOU,0,136,SEA,6,-1,1,1889.6158526975785,2024
745229,2024-07-21,117,HOU,0,136,SEA,1,-2,2,0.0,2024
745230,2024-07-21,117,HOU,0,136,SEA,0,-3,3,0.0,2024
745635,2024-07-23,117,HOU,0,133,OAK,2,-4,1,679.9392003432476,2024
745634,2024-07-24,117,HOU,0,133,OAK,1,-5,2,0.0,2024
745632,2024-07-24,117,HOU,0,133,OAK,0,-6,3,0.0,2024
746361,2024-07-27,117,HOU,1,119,LAD,3,1,1,1631.2403491139823,2024
746362,2024-07-27,117,HOU,1,119,LAD,0,2,2,0.0,2024
746364,2024-07-28,117,HOU,1,119,LAD,1,3,3,0.0,2024
746360,2024-07-30,117,HOU,1,134,PIT,2,4,1,0.0,2024
746365,2024-07-31,117,HOU,1,134,PIT,1,5,2,0.0,2024
746363,2024-08-01,117,HOU,1,134,PIT,1,6,3,0.0,2024
746354,2024-08-03,117,HOU,1,139,TB,2,7,1,0.0,2024
746358,2024-08-03,117,HOU,1,139,TB,0,8,2,0.0,2024
746356,2024-08-04,117,HOU,1,139,TB,1,9,3,0.0,2024
744982,2024-08-06,117,HOU,0,140,TEX,2,-1,1,230.66355960201378,2024
744983,2024-08-07,117,HOU,0,140,TEX,1,-2,2,0.0,2024
744981,2024-08-07,117,HOU,0,140,TEX,0,-3,3,0.0,2024
746927,2024-08-09,117,HOU,0,111,BOS,2,-4,1,1562.0482982121016,2024
746922,2024-08-10,117,HOU,0,111,BOS,1,-5,2,0.0,2024
746923,2024-08-11,117,HOU,0,111,BOS,1,-6,3,0.0,2024
745058,2024-08-12,117,HOU,0,139,TB,1,-7,1,1198.2270597762317,2024
745055,2024-08-13,117,HOU,0,139,TB,1,-8,2,0.0,2024
745053,2024-08-14,117,HOU,0,139,TB,1,-9,3,0.0,2024
746355,2024-08-17,117,HOU,1,145,CWS,3,1,1,781.1406098722147,2024
746357,2024-08-17,117,HOU,1,145,CWS,0,2,2,0.0,2024
746359,2024-08-18,117,HOU,1,145,CWS,1,3,3,0.0,2024
746351,2024-08-20,117,HOU,1,111,BOS,2,4,1,0.0,2024
746349,2024-08-21,117,HOU,1,111,BOS,1,5,2,0.0,2024
746350,2024-08-21,117,HOU,1,111,BOS,0,6,3,0.0,2024
746998,2024-08-22,117,HOU,0,110,BAL,1,-1,1,1249.46334342378,2024
746995,2024-08-23,117,HOU,0,110,BAL,1,-2,2,0.0,2024
746996,2024-08-24,117,HOU,0,110,BAL,1,-3,3,0.0,2024
746994,2024-08-25,117,HOU,0,110,BAL,1,-4,4,0.0,2024
745538,2024-08-26,117,HOU,0,143,PHI,1,-5,1,88.61618494239067,2024
745540,2024-08-27,117,HOU,0,143,PHI,1,-6,2,0.0,2024
745541,2024-08-28,117,HOU,0,143,PHI,1,-7,3,0.0,2024
746352,2024-08-30,117,HOU,1,118,KC,2,1,1,1337.9314503801108,2024
746353,2024-08-31,117,HOU,1,118,KC,1,2,2,0.0,2024
746348,2024-08-31,117,HOU,1,118,KC,0,3,3,0.0,2024
746347,2024-09-01,117,HOU,1,118,KC,1,4,4,0.0,2024
746668,2024-09-02,117,HOU,0,113,CIN,1,-1,1,892.3931536123845,2024
746666,2024-09-04,117,HOU,0,113,CIN,2,-2,2,0.0,2024
746664,2024-09-05,117,HOU,0,113,CIN,1,-3,3,0.0,2024
746344,2024-09-07,117,HOU,1,109,ARI,2,1,1,892.3931536123845,2024
746343,2024-09-07,117,HOU,1,109,ARI,0,2,2,0.0,2024
746345,2024-09-08,117,HOU,1,109,ARI,1,3,3,0.0,2024
746346,2024-09-11,117,HOU,1,133,OAK,3,4,1,0.0,2024
746342,2024-09-12,117,HOU,1,133,OAK,1,5,2,0.0,2024
746337,2024-09-12,117,HOU,1,133,OAK,0,6,3,0.0,2024
746181,2024-09-14,117,HOU,0,108,LAA,2,-1,1,1349.4753249039884,2024
746177,2024-09-15,117,HOU,0,108,LAA,1,-2,2,0.0,2024
746180,2024-09-15,117,HOU,0,108,LAA,0,-3,3,0.0,2024
745367,2024-09-17,117,HOU,0,135,SD,2,-4,1,86.36512380343024,2024
745365,2024-09-18,117,HOU,0,135,SD,1,-5,2,0.0,2024
745366,2024-09-18,117,HOU,0,135,SD,0,-6,3,0.0,2024
746341,2024-09-20,117,HOU,1,108,LAA,2,1,1,1301.7555415501963,2024
746340,2024-09-21,117,HOU,1,108,LAA,1,2,2,0.0,2024
746338,2024-09-21,117,HOU,1,108,LAA,0,3,3,0.0,2024
746339,2024-09-22,117,HOU,1,108,LAA,1,4,4,0.0,2024
746334,2024-09-24,117,HOU,1,136,SEA,2,5,1,0.0,2024
746336,2024-09-25,117,HOU,1,136,SEA,1,6,2,0.0,2024
746331,2024-09-25,117,HOU,1,136,SEA,0,7,3,0.0,2024
746580,2024-09-27,117,HOU,0,114,CLE,2,-1,1,1114.100496699443,2024
746578,2024-09-28,117,HOU,0,114,CLE,1,-2,2,0.0,2024
746577,2024-09-29,117,HOU,0,114,CLE,1,-3,3,0.0,2024
746335,2024-03-28,118,KC,1,142,MIN,0,1,1,0.0,2024
746333,2024-03-30,118,KC,1,142,MIN,2,2,2,0.0,2024
746332,2024-03-31,118,KC,1,142,MIN,1,3,3,0.0,2024
747058,2024-04-01,118,KC,0,110,BAL,1,-1,1,955.2837530445377,2024
747057,2024-04-02,118,KC,0,110,BAL,1,-2,2,0.0,2024
747059,2024-04-03,118,KC,0,110,BAL,1,-3,3,0.0,2024
746327,2024-04-04,118,KC,1,145,CWS,1,1,1,955.2837530445377,2024
746328,2024-04-05,118,KC,1,145,CWS,1,2,2,0.0,2024
746329,2024-04-06,118,KC,1,145,CWS,1,3,3,0.0,2024
746330,2024-04-07,118,KC,1,145,CWS,1,4,4,0.0,2024
746326,2024-04-09,118,KC,1,117,HOU,2,5,1,0.0,2024
746323,2024-04-10,118,KC,1,117,HOU,1,6,2,0.0,2024
746322,2024-04-11,118,KC,1,117,HOU,1,7,3,0.0,2024
745838,2024-04-12,118,KC,0,121,NYM,1,-1,1,1097.5188305416061,2024
745839,2024-04-13,118,KC,0,121,NYM,1,-2,2,0.0,2024
745841,2024-04-14,118,KC,0,121,NYM,1,-3,3,0.0,2024
746813,2024-04-15,118,KC,0,145,CWS,1,-4,1,718.8569327739972,2024
746807,2024-04-17,118,KC,0,145,CWS,1,-6,3,0.0,2024
746809,2024-04-17,118,KC,0,145,CWS,0,-7,4,0.0,2024
746325,2024-04-19,118,KC,1,110,BAL,2,1,1,407.8477881651946,2024
746324,2024-04-20,118,KC,1,110,BAL,1,2,2,0.0,2024
746316,2024-04-21,118,KC,1,110,BAL,1,3,3,0.0,2024
746319,2024-04-22,118,KC,1,141,TOR,1,4,1,0.0,2024
746321,2024-04-23,118,KC,1,141,TOR,1,5,2,0.0,2024
746317,2024-04-24,118,KC,1,141,TOR,1,6,3,0.0,2024
746320,2024-04-25,118,KC,1,141,TOR,1,7,4,0.0,2024
746482,2024-04-26,118,KC,0,116,DET,1,-1,1,639.8841499405022,2024
746484,2024-04-27,118,KC,0,116,DET,1,-2,2,0.0,2024
746483,2024-04-28,118,KC,0,116,DET,1,-3,3,0.0,2024
744945,2024-04-29,118,KC,0,141,TOR,1,-4,1,205.64835449402668,2024
744942,2024-04-30,118,KC,0,141,TOR,1,-5,2,0.0,2024
744939,2024-05-01,118,KC,0,141,TOR,1,-6,3,0.0,2024
746318,2024-05-03,118,KC,1,140,TEX,2,1,1,843.0534764751171,2024
746311,2024-05-04,118,KC,1,140,TEX,1,2,2,0.0,2024
746314,2024-05-05,118,KC,1,140,TEX,1,3,3,0.0,2024
746313,2024-05-06,118,KC,1,158,MIL,1,4,1,0.0,2024
746315,2024-05-07,118,KC,1,158,MIL,1,5,2,0.0,2024
746312,2024-05-08,118,KC,1,158,MIL,1,6,3,0.0,2024
746241,2024-05-10,118,KC,0,108,LAA,2,-1,1,1346.5044522382782,2024
746240,2024-05-11,118,KC,0,108,LAA,1,-2,2,0.0,2024
746234,2024-05-12,118,KC,0,108,LAA,1,-3,3,0.0,2024
746232,2024-05-12,118,KC,0,108,LAA,0,-4,4,0.0,2024
745256,2024-05-14,118,KC,0,136,SEA,2,-5,1,980.5935873257743,2024
745257,2024-05-15,118,KC,0,136,SEA,1,-6,2,0.0,2024
745259,2024-05-15,118,KC,0,136,SEA,0,-7,3,0.0,2024
746310,2024-05-17,118,KC,1,133,OAK,2,1,1,1508.929102213115,2024
746308,2024-05-18,118,KC,1,133,OAK,1,2,2,0.0,2024
746306,2024-05-19,118,KC,1,133,OAK,1,3,3,0.0,2024
746307,2024-05-20,118,KC,1,116,DET,1,4,1,0.0,2024
746309,2024-05-21,118,KC,1,116,DET,1,5,2,0.0,2024
746304,2024-05-22,118,KC,1,116,DET,1,6,3,0.0,2024
745087,2024-05-24,118,KC,0,139,TB,2,-1,1,1034.03926539089,2024
745086,2024-05-25,118,KC,0,139,TB,1,-2,2,0.0,2024
745088,2024-05-26,118,KC,0,139,TB,1,-3,3,0.0,2024
745904,2024-05-27,118,KC,0,142,MIN,1,-4,1,1325.4285844846306,2024
745903,2024-05-28,118,KC,0,142,MIN,1,-5,2,0.0,2024
745900,2024-05-29,118,KC,0,142,MIN,1,-6,3,0.0,2024
745898,2024-05-30,118,KC,0,142,MIN,1,-7,4,0.0,2024
746303,2024-06-01,118,KC,1,135,SD,2,1,1,414.3585559282368,2024
746305,2024-06-01,118,KC,1,135,SD,0,2,2,0.0,2024
746301,2024-06-02,118,KC,1,135,SD,1,3,3,0.0,2024
746630,2024-06-04,118,KC,0,114,CLE,2,-1,1,694.6429853897519,2024
746631,2024-06-06,118,KC,0,114,CLE,1,-3,3,0.0,2024
746302,2024-06-08,118,KC,1,136,SEA,2,1,1,694.6429853897519,2024
746300,2024-06-08,118,KC,1,136,SEA,0,2,2,0.0,2024
746297,2024-06-09,118,KC,1,136,SEA,1,3,3,0.0,2024
746295,2024-06-11,118,KC,1,147,NYY,2,4,1,0.0,2024
746296,2024-06-12,118,KC,1,147,NYY,1,5,2,0.0,2024
746294,2024-06-13,118,KC,1,147,NYY,1,6,3,0.0,2024
746299,2024-06-13,118,KC,1,147,NYY,0,7,4,0.0,2024
746134,2024-06-15,118,KC,0,119,LAD,2,-1,1,1358.4249527106026,2024
746135,2024-06-16,118,KC,0,119,LAD,1,-2,2,0.0,2024
746130,2024-06-16,118,KC,0,119,LAD,0,-3,3,0.0,2024
745650,2024-06-19,118,KC,0,133,OAK,3,-4,1,337.12266209703967,2024
745646,2024-06-20,118,KC,0,133,OAK,1,-5,2,0.0,2024
745645,2024-06-20,118,KC,0,133,OAK,0,-6,3,0.0,2024
745006,2024-06-22,118,KC,0,140,TEX,2,-7,1,1453.9867485388631,2024
744997,2024-06-22,118,KC,0,140,TEX,0,-8,2,0.0,2024
745000,2024-06-23,118,KC,0,140,TEX,1,-9,3,0.0,2024
746298,2024-06-25,118,KC,1,146,MIA,2,1,1,459.01779323801827,2024
746291,2024-06-26,118,KC,1,146,MIA,1,2,2,0.0,2024
746293,2024-06-26,118,KC,1,146,MIA,0,3,3,0.0,2024
746288,2024-06-28,118,KC,1,114,CLE,2,4,1,0.0,2024
746292,2024-06-29,118,KC,1,114,CLE,1,5,2,0.0,2024
746289,2024-06-29,118,KC,1,114,CLE,0,6,3,0.0,2024
746290,2024-06-30,118,KC,1,114,CLE,1,7,4,0.0,2024
746282,2024-07-03,118,KC,1,139,TB,3,8,1,0.0,2024
746283,2024-07-04,118,KC,1,139,TB,1,9,2,0.0,2024
746285,2024-07-05,118,KC,1,139,TB,1,10,3,0.0,2024
746533,2024-07-06,118,KC,0,115,COL,1,-1,1,563.1263805129729,2024
746530,2024-07-07,118,KC,0,115,COL,1,-2,2,0.0,2024
746529,2024-07-07,118,KC,0,115,COL,0,-3,3,0.0,2024
745155,2024-07-10,118,KC,0,138,STL,1,-5,2,0.0,2024
745156,2024-07-10,118,KC,0,138,STL,0,-6,3,0.0,2024
746936,2024-07-12,118,KC,0,111,BOS,2,-7,1,1033.5666994855094,2024
746930,2024-07-13,118,KC,0,111,BOS,1,-8,2,0.0,2024
746932,2024-07-14,118,KC,0,111,BOS,1,-9,3,0.0,2024
746286,2024-07-20,118,KC,1,145,CWS,6,1,1,1241.802604380426,2024
746284,2024-07-20,118,KC,1,145,CWS,0,2,2,0.0,2024
746287,2024-07-21,118,KC,1,145,CWS,1,3,3,0.0,2024
746280,2024-07-23,118,KC,1,109,ARI,2,4,1,0.0,2024
746281,2024-07-24,118,KC,1,109,ARI,1,5,2,0.0,2024
746279,2024-07-25,118,KC,1,109,ARI,1,6,3,0.0,2024
746277,2024-07-27,118,KC,1,112,CHC,2,7,1,0.0,2024
746278,2024-07-27,118,KC,1,112,CHC,0,8,2,0.0,2024
746274,2024-07-28,118,KC,1,112,CHC,1,9,3,0.0,2024
746765,2024-07-30,118,KC,0,145,CWS,2,-1,1,407.8477881651946,2024
746763,2024-07-31,118,KC,0,145,CWS,1,-2,2,0.0,2024
746764,2024-07-31,118,KC,0,145,CWS,0,-3,3,0.0,2024
746442,2024-08-01,118,KC,0,116,DET,1,-4,1,237.7264337126216,2024
746443,2024-08-02,118,KC,0,116,DET,1,-5,2,0.0,2024
746440,2024-08-03,118,KC,0,116,DET,1,-6,3,0.0,2024
746439,2024-08-04,118,KC,0,116,DET,1,-7,4,0.0,2024
746276,2024-08-06,118,KC,1,111,BOS,2,1,1,639.8841499405022,2024
746273,2024-08-07,118,KC,1,111,BOS,1,2,2,0.0,2024
746272,2024-08-08,118,KC,1,111,BOS,1,3,3,0.0,2024
746275,2024-08-10,118,KC,1,138,STL,2,4,1,0.0,2024
746269,2024-08-10,118,KC,1,138,STL,0,5,2,0.0,2024
745874,2024-08-12,118,KC,0,142,MIN,2,-1,1,414.3585559282368,2024
745867,2024-08-13,118,KC,0,142,MIN,1,-2,2,0.0,2024
745869,2024-08-14,118,KC,0,142,MIN,1,-3,3,0.0,2024
746674,2024-08-16,118,KC,0,113,CIN,2,-4,1,605.8281829837056,2024
746675,2024-08-17,118,KC,0,113,CIN,1,-5,2,0.0,2024
746676,2024-08-18,118,KC,0,113,CIN,1,-6,3,0.0,2024
746270,2024-08-20,118,KC,1,108,LAA,2,1,1,534.6651070230836,2024
746266,2024-08-21,118,KC,1,108,LAA,1,2,2,0.0,2024
746267,2024-08-22,118,KC,1,108,LAA,1,3,3,0.0,2024
746268,2024-08-24,118,KC,1,143,PHI,2,4,1,0.0,2024
746271,2024-08-24,118,KC,1,143,PHI,0,5,2,0.0,2024
746263,2024-08-25,118,KC,1,143,PHI,1,6,3,0.0,2024
746596,2024-08-26,118,KC,0,114,CLE,1,-1,1,694.6429853897519,2024
746628,2024-08-26,118,KC,0,114,CLE,0,-2,2,0.0,2024
746594,2024-08-27,118,KC,0,114,CLE,1,-3,3,0.0,2024
746589,2024-08-28,118,KC,0,114,CLE,1,-4,4,0.0,2024
746352,2024-08-30,118,KC,0,117,HOU,2,-5,1,1114.100496699443,2024
746353,2024-08-31,118,KC,0,117,HOU,1,-6,2,0.0,2024
746348,2024-08-31,118,KC,0,117,HOU,0,-7,3,0.0,2024
746347,2024-09-01,118,KC,0,117,HOU,1,-8,4,0.0,2024
746265,2024-09-02,118,KC,1,114,CLE,1,1,1,644.1456886709294,2024
746264,2024-09-03,118,KC,1,114,CLE,1,2,2,0.0,2024
746262,2024-09-04,118,KC,1,114,CLE,1,3,3,0.0,2024
746259,2024-09-07,118,KC,1,142,MIN,3,4,1,0.0,2024
746257,2024-09-07,118,KC,1,142,MIN,0,5,2,0.0,2024
746258,2024-09-08,118,KC,1,142,MIN,1,6,3,0.0,2024
745698,2024-09-09,118,KC,0,147,NYY,1,-1,1,1093.2758575684966,2024
745694,2024-09-10,118,KC,0,147,NYY,1,-2,2,0.0,2024
745697,2024-09-11,118,KC,0,147,NYY,1,-3,3,0.0,2024
745447,2024-09-13,118,KC,0,134,PIT,2,-4,1,319.800970833564,2024
745448,2024-09-14,118,KC,0,134,PIT,1,-5,2,0.0,2024
745449,2024-09-15,118,KC,0,134,PIT,1,-6,3,0.0,2024
746260,2024-09-16,118,KC,1,116,DET,1,1,1,774.1016017962553,2024
746261,2024-09-17,118,KC,1,116,DET,1,2,2,0.0,2024
746254,2024-09-18,118,KC,1,116,DET,1,3,3,0.0,2024
746256,2024-09-21,118,KC,1,137,SF,3,4,1,0.0,2024
746255,2024-09-21,118,KC,1,137,SF,0,5,2,0.0,2024
746253,2024-09-22,118,KC,1,137,SF,1,6,3,0.0,2024
744802,2024-09-24,118,KC,0,120,WSH,2,-1,1,937.4091115021555,2024
744795,2024-09-25,118,KC,0,120,WSH,1,-2,2,0.0,2024
744796,2024-09-26,118,KC,0,120,WSH,1,-3,3,0.0,2024
747065,2024-09-27,118,KC,0,144,ATL,1,-4,1,538.869727266714,2024
747066,2024-09-28,118,KC,0,144,ATL,1,-5,2,0.0,2024
747061,2024-09-29,118,KC,0,144,ATL,1,-6,3,0.0,2024
745444,2024-03-20,119,LAD,0,135,SD,0,-1,1,113.20881075215142,2024
746175,2024-03-21,119,LAD,1,135,SD,1,1,2,113.20881075215142,2024
746165,2024-03-28,119,LAD,1,138,STL,7,2,1,0.0,2024
746167,2024-03-30,119,LAD,1,138,STL,2,3,2,0.0,2024
746168,2024-03-31,119,LAD,1,138,STL,1,4,3,0.0,2024
746166,2024-03-31,119,LAD,1,138,STL,0,5,4,0.0,2024
746170,2024-04-02,119,LAD,1,137,SF,2,6,1,0.0,2024
746169,2024-04-03,119,LAD,1,137,SF,1,7,2,0.0,2024
746163,2024-04-04,119,LAD,1,137,SF,1,8,3,0.0,2024
746897,2024-04-05,119,LAD,0,112,CHC,1,-1,1,1740.9215479584495,2024
746896,2024-04-06,119,LAD,0,112,CHC,1,-2,2,0.0,2024
746895,2024-04-07,119,LAD,0,112,CHC,1,-3,3,0.0,2024
745925,2024-04-08,119,LAD,0,142,MIN,1,-4,1,351.19627848712736,2024
745924,2024-04-09,119,LAD,0,142,MIN,1,-5,2,0.0,2024
745923,2024-04-10,119,LAD,0,142,MIN,1,-6,3,0.0,2024
746162,2024-04-13,119,LAD,1,135,SD,3,1,1,1519.9504822292802,2024
746161,2024-04-14,119,LAD,1,135,SD,1,2,2,0.0,2024
746164,2024-04-14,119,LAD,1,135,SD,0,3,3,0.0,2024
746158,2024-04-16,119,LAD,1,120,WSH,2,4,1,0.0,2024
746159,2024-04-17,119,LAD,1,120,WSH,1,5,2,0.0,2024
746157,2024-04-17,119,LAD,1,120,WSH,0,6,3,0.0,2024
746160,2024-04-20,119,LAD,1,121,NYM,3,7,1,0.0,2024
746156,2024-04-20,119,LAD,1,121,NYM,0,8,2,0.0,2024
746154,2024-04-21,119,LAD,1,121,NYM,1,9,3,0.0,2024
744863,2024-04-23,119,LAD,0,120,WSH,2,-1,1,2295.2946229797176,2024
744864,2024-04-24,119,LAD,0,120,WSH,1,-2,2,0.0,2024
744867,2024-04-25,119,LAD,0,120,WSH,1,-3,3,0.0,2024
744949,2024-04-26,119,LAD,0,141,TOR,1,-4,1,351.9086807419245,2024
744946,2024-04-27,119,LAD,0,141,TOR,1,-5,2,0.0,2024
744947,2024-04-28,119,LAD,0,141,TOR,1,-6,3,0.0,2024
747211,2024-04-30,119,LAD,0,109,ARI,2,-7,1,1886.21575204644,2024
747210,2024-05-01,119,LAD,0,109,ARI,1,-8,2,0.0,2024
747207,2024-05-02,119,LAD,0,109,ARI,1,-9,3,0.0,2024
746152,2024-05-04,119,LAD,1,144,ATL,2,1,1,357.22532088939374,2024
746155,2024-05-05,119,LAD,1,144,ATL,1,2,2,0.0,2024
746153,2024-05-05,119,LAD,1,144,ATL,0,3,3,0.0,2024
746149,2024-05-07,119,LAD,1,146,MIA,2,4,1,0.0,2024
746147,2024-05-08,119,LAD,1,146,MIA,1,5,2,0.0,2024
746151,2024-05-08,119,LAD,1,146,MIA,0,6,3,0.0,2024
745421,2024-05-11,119,LAD,0,135,SD,3,-1,1,113.20881075215142,2024
745419,2024-05-12,119,LAD,0,135,SD,1,-2,2,0.0,2024
745422,2024-05-12,119,LAD,0,135,SD,0,-3,3,0.0,2024
745343,2024-05-14,119,LAD,0,137,SF,2,-4,1,458.03894144483473,2024
745342,2024-05-15,119,LAD,0,137,SF,1,-5,2,0.0,2024
745341,2024-05-16,119,LAD,0,137,SF,1,-6,3,0.0,2024
746150,2024-05-17,119,LAD,1,113,CIN,1,1,1,345.5052646422354,2024
746148,2024-05-18,119,LAD,1,113,CIN,1,2,2,0.0,2024
746142,2024-05-19,119,LAD,1,113,CIN,1,3,3,0.0,2024
746144,2024-05-19,119,LAD,1,113,CIN,0,4,4,0.0,2024
746146,2024-05-21,119,LAD,1,109,ARI,2,5,1,0.0,2024
746145,2024-05-22,119,LAD,1,109,ARI,1,6,2,0.0,2024
746143,2024-05-23,119,LAD,1,109,ARI,1,7,3,0.0,2024
746713,2024-05-24,119,LAD,0,113,CIN,1,-1,1,1892.244174703444,2024
746710,2024-05-25,119,LAD,0,113,CIN,1,-2,2,0.0,2024
746711,2024-05-26,119,LAD,0,113,CIN,1,-3,3,0.0,2024
745818,2024-05-28,119,LAD,0,121,NYM,1,-5,2,0.0,2024
745816,2024-05-28,119,LAD,0,121,NYM,0,-6,3,0.0,2024
745817,2024-05-29,119,LAD,0,121,NYM,1,-7,4,0.0,2024
746140,2024-06-01,119,LAD,1,115,COL,3,1,1,2453.075811723075,2024
746141,2024-06-02,119,LAD,1,115,COL,1,2,2,0.0,2024
746138,2024-06-02,119,LAD,1,115,COL,0,3,3,0.0,2024
745497,2024-06-04,119,LAD,0,134,PIT,2,-1,1,2130.9802254915467,2024
745494,2024-06-05,119,LAD,0,134,PIT,1,-2,2,0.0,2024
745495,2024-06-06,119,LAD,0,134,PIT,1,-3,3,0.0,2024
745737,2024-06-07,119,LAD,0,147,NYY,1,-4,1,319.800970833564,2024
745735,2024-06-08,119,LAD,0,147,NYY,1,-5,2,0.0,2024
745736,2024-06-09,119,LAD,0,147,NYY,1,-6,3,0.0,2024
746139,2024-06-12,119,LAD,1,140,TEX,3,1,1,2448.5573936068076,2024
746137,2024-06-13,119,LAD,1,140,TEX,1,2,2,0.0,2024
746136,2024-06-14,119,LAD,1,140,TEX,1,3,3,0.0,2024
746134,2024-06-15,119,LAD,1,118,KC,1,4,1,0.0,2024
746135,2024-06-16,119,LAD,1,118,KC,1,5,2,0.0,2024
746130,2024-06-16,119,LAD,1,118,KC,0,6,3,0.0,2024
746543,2024-06-18,119,LAD,0,115,COL,2,-1,1,829.208728545356,2024
746542,2024-06-19,119,LAD,0,115,COL,1,-2,2,0.0,2024
746538,2024-06-20,119,LAD,0,115,COL,1,-3,3,0.0,2024
746539,2024-06-20,119,LAD,0,115,COL,0,-4,4,0.0,2024
746131,2024-06-22,119,LAD,1,108,LAA,2,1,1,829.208728545356,2024
746132,2024-06-23,119,LAD,1,108,LAA,1,2,2,0.0,2024
746780,2024-06-25,119,LAD,0,145,CWS,2,-1,1,1740.8822934525017,2024
746775,2024-06-26,119,LAD,0,145,CWS,1,-2,2,0.0,2024
746777,2024-06-27,119,LAD,0,145,CWS,1,-3,3,0.0,2024
745319,2024-06-29,119,LAD,0,137,SF,2,-4,1,1853.181136595777,2024
745317,2024-06-29,119,LAD,0,137,SF,0,-5,2,0.0,2024
745320,2024-06-30,119,LAD,0,137,SF,1,-6,3,0.0,2024
746133,2024-07-03,119,LAD,1,109,ARI,3,1,1,345.5052646422354,2024
746128,2024-07-04,119,LAD,1,109,ARI,1,2,2,0.0,2024
746126,2024-07-05,119,LAD,1,109,ARI,1,3,3,0.0,2024
746127,2024-07-06,119,LAD,1,158,MIL,1,4,1,0.0,2024
746129,2024-07-06,119,LAD,1,158,MIL,0,5,2,0.0,2024
746122,2024-07-07,119,LAD,1,158,MIL,1,6,3,0.0,2024
745557,2024-07-09,119,LAD,0,143,PHI,2,-1,1,2387.7509871644193,2024
745556,2024-07-10,119,LAD,0,143,PHI,1,-2,2,0.0,2024
745558,2024-07-11,119,LAD,0,143,PHI,1,-3,3,0.0,2024
746450,2024-07-12,119,LAD,0,116,DET,1,-4,1,443.15200200788263,2024
746447,2024-07-13,119,LAD,0,116,DET,1,-5,2,0.0,2024
746449,2024-07-14,119,LAD,0,116,DET,1,-6,3,0.0,2024
746123,2024-07-20,119,LAD,1,111,BOS,6,1,1,1978.451620918886,2024
746121,2024-07-20,119,LAD,1,111,BOS,0,2,2,0.0,2024
746125,2024-07-21,119,LAD,1,111,BOS,1,3,3,0.0,2024
746124,2024-07-23,119,LAD,1,137,SF,2,4,1,0.0,2024
746118,2024-07-24,119,LAD,1,137,SF,1,5,2,0.0,2024
746119,2024-07-25,119,LAD,1,137,SF,1,6,3,0.0,2024
746117,2024-07-25,119,LAD,1,137,SF,0,7,4,0.0,2024
746361,2024-07-27,119,LAD,0,117,HOU,2,-1,1,1371.826913752917,2024
746362,2024-07-27,119,LAD,0,117,HOU,0,-2,2,0.0,2024
746364,2024-07-28,119,LAD,0,117,HOU,1,-3,3,0.0,2024
745389,2024-07-31,119,LAD,0,135,SD,3,-4,1,1301.7555415501963,2024
745386,2024-08-01,119,LAD,0,135,SD,1,-5,2,0.0,2024
745631,2024-08-03,119,LAD,0,133,OAK,2,-6,1,449.84278611734885,2024
745627,2024-08-04,119,LAD,0,133,OAK,1,-7,2,0.0,2024
745636,2024-08-04,119,LAD,0,133,OAK,0,-8,3,0.0,2024
746116,2024-08-06,119,LAD,1,143,PHI,2,1,1,337.12266209703967,2024
746120,2024-08-07,119,LAD,1,143,PHI,1,2,2,0.0,2024
746115,2024-08-08,119,LAD,1,143,PHI,1,3,3,0.0,2024
746113,2024-08-10,119,LAD,1,134,PIT,2,4,1,0.0,2024
746112,2024-08-11,119,LAD,1,134,PIT,1,5,2,0.0,2024
746114,2024-08-11,119,LAD,1,134,PIT,0,6,3,0.0,2024
745953,2024-08-13,119,LAD,0,158,MIL,2,-1,1,1737.1964859284558,2024
745954,2024-08-14,119,LAD,0,158,MIL,1,-2,2,0.0,2024
745950,2024-08-15,119,LAD,0,158,MIL,1,-3,3,0.0,2024
745951,2024-08-15,119,LAD,0,158,MIL,0,-4,4,0.0,2024
745144,2024-08-17,119,LAD,0,138,STL,2,-5,1,325.7786649185398,2024
745140,2024-08-17,119,LAD,0,138,STL,0,-6,2,0.0,2024
745139,2024-08-18,119,LAD,0,138,STL,1,-7,3,0.0,2024
746109,2024-08-20,119,LAD,1,136,SEA,2,1,1,1585.7405201242425,2024
746107,2024-08-21,119,LAD,1,136,SEA,1,2,2,0.0,2024
746110,2024-08-22,119,LAD,1,136,SEA,1,3,3,0.0,2024
746111,2024-08-24,119,LAD,1,139,TB,2,4,1,0.0,2024
746108,2024-08-25,119,LAD,1,139,TB,1,5,2,0.0,2024
746106,2024-08-25,119,LAD,1,139,TB,0,6,3,0.0,2024
746105,2024-08-28,119,LAD,1,110,BAL,3,7,1,0.0,2024
746103,2024-08-29,119,LAD,1,110,BAL,1,8,2,0.0,2024
746102,2024-08-30,119,LAD,1,110,BAL,1,9,3,0.0,2024
747156,2024-08-31,119,LAD,0,109,ARI,1,-1,1,357.22532088939374,2024
747158,2024-09-01,119,LAD,0,109,ARI,1,-2,2,0.0,2024
747157,2024-09-01,119,LAD,0,109,ARI,0,-3,3,0.0,2024
747155,2024-09-02,119,LAD,0,109,ARI,1,-4,4,0.0,2024
746185,2024-09-04,119,LAD,0,108,LAA,2,-5,1,335.4914545335198,2024
746178,2024-09-05,119,LAD,0,108,LAA,1,-6,2,0.0,2024
746104,2024-09-07,119,LAD,1,114,CLE,2,1,1,27.87381208188066,2024
746098,2024-09-08,119,LAD,1,114,CLE,1,2,2,0.0,2024
746099,2024-09-08,119,LAD,1,114,CLE,0,3,3,0.0,2024
746101,2024-09-10,119,LAD,1,112,CHC,2,4,1,0.0,2024
746097,2024-09-11,119,LAD,1,112,CHC,1,5,2,0.0,2024
746100,2024-09-12,119,LAD,1,112,CHC,1,6,3,0.0,2024
747069,2024-09-13,119,LAD,0,144,ATL,1,-1,1,1926.1127142118578,2024
747070,2024-09-14,119,LAD,0,144,ATL,1,-2,2,0.0,2024
747071,2024-09-15,119,LAD,0,144,ATL,1,-3,3,0.0,2024
747067,2024-09-16,119,LAD,0,144,ATL,1,-4,4,0.0,2024
746015,2024-09-17,119,LAD,0,146,MIA,1,-5,1,615.50817708501,2024
746014,2024-09-18,119,LAD,0,146,MIA,1,-6,2,0.0,2024
746011,2024-09-19,119,LAD,0,146,MIA,1,-7,3,0.0,2024
746094,2024-09-21,119,LAD,1,115,COL,2,1,1,2333.5805728602445,2024
746096,2024-09-22,119,LAD,1,115,COL,1,2,2,0.0,2024
746092,2024-09-22,119,LAD,1,115,COL,0,3,3,0.0,2024
746093,2024-09-25,119,LAD,1,135,SD,3,4,1,0.0,2024
746095,2024-09-26,119,LAD,1,135,SD,1,5,2,0.0,2024
746088,2024-09-27,119,LAD,1,135,SD,1,6,3,0.0,2024
746494,2024-09-28,119,LAD,0,115,COL,1,-1,1,829.208728545356,2024
746499,2024-09-29,119,LAD,0,115,COL,1,-2,2,0.0,2024
746496,2024-09-29,119,LAD,0,115,COL,0,-3,3,0.0,2024
746737,2024-03-28,120,WSH,0,113,CIN,0,-1,1,403.05254469244744,2024
746736,2024-03-30,120,WSH,0,113,CIN,2,-2,2,0.0,2024
746739,2024-03-31,120,WSH,0,113,CIN,1,-3,3,0.0,2024
744875,2024-04-01,120,WSH,1,134,PIT,1,1,1,403.05254469244744,2024
744869,2024-04-03,120,WSH,1,134,PIT,2,2,2,0.0,2024
744870,2024-04-04,120,WSH,1,134,PIT,1,3,3,0.0,2024
744874,2024-04-05,120,WSH,1,143,PHI,1,4,1,0.0,2024
744873,2024-04-06,120,WSH,1,143,PHI,1,5,2,0.0,2024
744871,2024-04-07,120,WSH,1,143,PHI,1,6,3,0.0,2024
745363,2024-04-09,120,WSH,0,137,SF,2,-1,1,2435.443676108395,2024
745357,2024-04-10,120,WSH,0,137,SF,1,-2,2,0.0,2024
745355,2024-04-10,120,WSH,0,137,SF,0,-3,3,0.0,2024
745679,2024-04-13,120,WSH,0,133,OAK,3,-4,1,10.48032218937323,2024
745676,2024-04-13,120,WSH,0,133,OAK,0,-5,2,0.0,2024
745681,2024-04-14,120,WSH,0,133,OAK,1,-6,3,0.0,2024
746158,2024-04-16,120,WSH,0,119,LAD,2,-7,1,337.12266209703967,2024
746157,2024-04-17,120,WSH,0,119,LAD,1,-8,2,0.0,2024
746159,2024-04-17,120,WSH,0,119,LAD,0,-9,3,0.0,2024
744872,2024-04-19,120,WSH,1,117,HOU,2,1,1,2295.2946229797176,2024
744865,2024-04-20,120,WSH,1,117,HOU,1,2,2,0.0,2024
744866,2024-04-21,120,WSH,1,117,HOU,1,3,3,0.0,2024
744863,2024-04-23,120,WSH,1,119,LAD,2,4,1,0.0,2024
744864,2024-04-24,120,WSH,1,119,LAD,1,5,2,0.0,2024
744867,2024-04-25,120,WSH,1,119,LAD,1,6,3,0.0,2024
746078,2024-04-26,120,WSH,0,146,MIA,1,-1,1,923.8773279819753,2024
746075,2024-04-27,120,WSH,0,146,MIA,1,-2,2,0.0,2024
746077,2024-04-28,120,WSH,0,146,MIA,1,-3,3,0.0,2024
746074,2024-04-29,120,WSH,0,146,MIA,1,-4,4,0.0,2024
745018,2024-05-01,120,WSH,0,140,TEX,2,-5,1,1123.019434754987,2024
745021,2024-05-02,120,WSH,0,140,TEX,1,-6,2,0.0,2024
745023,2024-05-02,120,WSH,0,140,TEX,0,-7,3,0.0,2024
744868,2024-05-03,120,WSH,1,141,TOR,1,1,1,1198.682847057283,2024
744862,2024-05-04,120,WSH,1,141,TOR,1,2,2,0.0,2024
744861,2024-05-05,120,WSH,1,141,TOR,1,3,3,0.0,2024
744859,2024-05-07,120,WSH,1,110,BAL,2,4,1,0.0,2024
744858,2024-05-08,120,WSH,1,110,BAL,1,5,2,0.0,2024
746964,2024-05-10,120,WSH,0,111,BOS,2,-1,1,391.9148119772238,2024
746963,2024-05-11,120,WSH,0,111,BOS,1,-2,2,0.0,2024
746965,2024-05-12,120,WSH,0,111,BOS,1,-3,3,0.0,2024
746799,2024-05-14,120,WSH,0,145,CWS,1,-5,2,0.0,2024
746796,2024-05-14,120,WSH,0,145,CWS,0,-6,3,0.0,2024
746795,2024-05-15,120,WSH,0,145,CWS,1,-7,4,0.0,2024
745579,2024-05-17,120,WSH,0,143,PHI,2,-8,1,664.2387944369237,2024
745581,2024-05-18,120,WSH,0,143,PHI,1,-9,2,0.0,2024
745577,2024-05-19,120,WSH,0,143,PHI,1,-10,3,0.0,2024
744857,2024-05-20,120,WSH,1,142,MIN,1,1,1,121.48691857607562,2024
744860,2024-05-21,120,WSH,1,142,MIN,1,2,2,0.0,2024
744856,2024-05-22,120,WSH,1,142,MIN,1,3,3,0.0,2024
744853,2024-05-24,120,WSH,1,136,SEA,2,4,1,0.0,2024
744851,2024-05-25,120,WSH,1,136,SEA,1,5,2,0.0,2024
744855,2024-05-26,120,WSH,1,136,SEA,1,6,3,0.0,2024
747118,2024-05-27,120,WSH,0,144,ATL,1,-1,1,538.869727266714,2024
747115,2024-05-28,120,WSH,0,144,ATL,1,-2,2,0.0,2024
747117,2024-05-29,120,WSH,0,144,ATL,1,-3,3,0.0,2024
747114,2024-05-30,120,WSH,0,144,ATL,1,-4,4,0.0,2024
746635,2024-05-31,120,WSH,0,114,CLE,1,-5,1,547.0068450040225,2024
746629,2024-06-01,120,WSH,0,114,CLE,1,-6,2,0.0,2024
746632,2024-06-02,120,WSH,0,114,CLE,1,-7,3,0.0,2024
744854,2024-06-03,120,WSH,1,121,NYM,1,1,1,306.2397190255103,2024
744850,2024-06-04,120,WSH,1,121,NYM,1,2,2,0.0,2024
744852,2024-06-05,120,WSH,1,121,NYM,1,3,3,0.0,2024
744844,2024-06-06,120,WSH,1,144,ATL,1,4,1,0.0,2024
744845,2024-06-07,120,WSH,1,144,ATL,1,5,2,0.0,2024
744848,2024-06-08,120,WSH,1,144,ATL,1,6,3,0.0,2024
744849,2024-06-09,120,WSH,1,144,ATL,1,7,4,0.0,2024
746464,2024-06-11,120,WSH,0,116,DET,2,-1,1,397.05328106177114,2024
746462,2024-06-12,120,WSH,0,116,DET,1,-2,2,0.0,2024
746465,2024-06-13,120,WSH,0,116,DET,1,-3,3,0.0,2024
744847,2024-06-14,120,WSH,1,146,MIA,1,1,1,397.05328106177114,2024
744846,2024-06-15,120,WSH,1,146,MIA,1,2,2,0.0,2024
744839,2024-06-16,120,WSH,1,146,MIA,1,3,3,0.0,2024
744843,2024-06-18,120,WSH,1,109,ARI,2,4,1,0.0,2024
744842,2024-06-19,120,WSH,1,109,ARI,1,5,2,0.0,2024
744841,2024-06-20,120,WSH,1,109,ARI,1,6,3,0.0,2024
746540,2024-06-22,120,WSH,0,115,COL,2,-1,1,1491.3129647935543,2024
746541,2024-06-23,120,WSH,0,115,COL,1,-2,2,0.0,2024
746536,2024-06-23,120,WSH,0,115,COL,0,-3,3,0.0,2024
745397,2024-06-25,120,WSH,0,135,SD,2,-4,1,833.4460828296096,2024
745399,2024-06-26,120,WSH,0,135,SD,1,-5,2,0.0,2024
745400,2024-06-26,120,WSH,0,135,SD,0,-6,3,0.0,2024
745070,2024-06-28,120,WSH,0,139,TB,2,-7,1,2078.5437948747294,2024
745071,2024-06-29,120,WSH,0,139,TB,1,-8,2,0.0,2024
745072,2024-06-30,120,WSH,0,139,TB,1,-9,3,0.0,2024
744840,2024-07-01,120,WSH,1,121,NYM,1,1,1,833.2111191732948,2024
744838,2024-07-02,120,WSH,1,121,NYM,1,2,2,0.0,2024
744837,2024-07-03,120,WSH,1,121,NYM,1,3,3,0.0,2024
744834,2024-07-04,120,WSH,1,121,NYM,1,4,4,0.0,2024
744836,2024-07-05,120,WSH,1,138,STL,1,5,1,0.0,2024
744835,2024-07-06,120,WSH,1,138,STL,1,6,2,0.0,2024
744832,2024-07-07,120,WSH,1,138,STL,1,7,3,0.0,2024
744833,2024-07-08,120,WSH,1,138,STL,1,8,4,0.0,2024
745803,2024-07-09,120,WSH,0,121,NYM,1,-1,1,212.3563770011718,2024
745796,2024-07-10,120,WSH,0,121,NYM,1,-2,2,0.0,2024
745799,2024-07-11,120,WSH,0,121,NYM,1,-3,3,0.0,2024
745965,2024-07-13,120,WSH,0,158,MIL,2,-4,1,742.3438729688163,2024
745963,2024-07-13,120,WSH,0,158,MIL,0,-5,2,0.0,2024
745962,2024-07-14,120,WSH,0,158,MIL,1,-6,3,0.0,2024
744829,2024-07-19,120,WSH,1,113,CIN,5,1,1,639.4643273379048,2024
744830,2024-07-20,120,WSH,1,113,CIN,1,2,2,0.0,2024
744831,2024-07-21,120,WSH,1,113,CIN,1,3,3,0.0,2024
744828,2024-07-23,120,WSH,1,135,SD,2,4,1,0.0,2024
744824,2024-07-24,120,WSH,1,135,SD,1,5,2,0.0,2024
744827,2024-07-25,120,WSH,1,135,SD,1,6,3,0.0,2024
745146,2024-07-27,120,WSH,0,138,STL,2,-1,1,710.1515945615764,2024
745150,2024-07-27,120,WSH,0,138,STL,0,-2,2,0.0,2024
745145,2024-07-28,120,WSH,0,138,STL,1,-3,3,0.0,2024
747172,2024-07-30,120,WSH,0,109,ARI,2,-4,1,1270.0024589462362,2024
747167,2024-07-31,120,WSH,0,109,ARI,1,-5,2,0.0,2024
747170,2024-07-31,120,WSH,0,109,ARI,0,-6,3,0.0,2024
744825,2024-08-02,120,WSH,1,158,MIL,2,1,1,1978.963589227503,2024
744823,2024-08-03,120,WSH,1,158,MIL,1,2,2,0.0,2024
744826,2024-08-04,120,WSH,1,158,MIL,1,3,3,0.0,2024
744821,2024-08-05,120,WSH,1,137,SF,1,4,1,0.0,2024
744817,2024-08-06,120,WSH,1,137,SF,1,5,2,0.0,2024
744822,2024-08-07,120,WSH,1,137,SF,1,6,3,0.0,2024
744819,2024-08-08,120,WSH,1,137,SF,1,7,4,0.0,2024
744818,2024-08-09,120,WSH,1,108,LAA,1,8,1,0.0,2024
744820,2024-08-10,120,WSH,1,108,LAA,1,9,2,0.0,2024
744816,2024-08-11,120,WSH,1,108,LAA,1,10,3,0.0,2024
747004,2024-08-13,120,WSH,0,110,BAL,2,-1,1,35.12148729233362,2024
747000,2024-08-14,120,WSH,0,110,BAL,1,-2,2,0.0,2024
745545,2024-08-15,120,WSH,0,143,PHI,1,-3,1,88.61618494239067,2024
745542,2024-08-16,120,WSH,0,143,PHI,1,-4,2,0.0,2024
745537,2024-08-17,120,WSH,0,143,PHI,1,-5,3,0.0,2024
745539,2024-08-18,120,WSH,0,143,PHI,1,-6,4,0.0,2024
744814,2024-08-20,120,WSH,1,115,COL,2,1,1,121.48691857607562,2024
744812,2024-08-21,120,WSH,1,115,COL,1,2,2,0.0,2024
744815,2024-08-22,120,WSH,1,115,COL,1,3,3,0.0,2024
747080,2024-08-23,120,WSH,0,144,ATL,1,-1,1,538.869727266714,2024
747077,2024-08-24,120,WSH,0,144,ATL,1,-2,2,0.0,2024
747078,2024-08-25,120,WSH,0,144,ATL,1,-3,3,0.0,2024
744813,2024-08-26,120,WSH,1,147,NYY,1,1,1,538.869727266714,2024
744811,2024-08-27,120,WSH,1,147,NYY,1,2,2,0.0,2024
744809,2024-08-28,120,WSH,1,147,NYY,1,3,3,0.0,2024
744810,2024-08-30,120,WSH,1,112,CHC,2,4,1,0.0,2024
744808,2024-08-31,120,WSH,1,112,CHC,1,5,2,0.0,2024
744806,2024-09-01,120,WSH,1,112,CHC,1,6,3,0.0,2024
746020,2024-09-03,120,WSH,0,146,MIA,2,-1,1,923.8773279819753,2024
746019,2024-09-04,120,WSH,0,146,MIA,1,-2,2,0.0,2024
745451,2024-09-05,120,WSH,0,134,PIT,1,-3,1,1013.6533818001047,2024
745456,2024-09-07,120,WSH,0,134,PIT,1,-5,3,0.0,2024
745455,2024-09-07,120,WSH,0,134,PIT,0,-6,4,0.0,2024
745453,2024-09-08,120,WSH,0,134,PIT,1,-7,5,0.0,2024
744807,2024-09-10,120,WSH,1,144,ATL,2,1,1,193.0230929231441,2024
744804,2024-09-11,120,WSH,1,144,ATL,1,2,2,0.0,2024
744805,2024-09-12,120,WSH,1,146,MIA,1,3,1,0.0,2024
744800,2024-09-13,120,WSH,1,146,MIA,1,4,2,0.0,2024
744803,2024-09-14,120,WSH,1,146,MIA,1,5,3,0.0,2024
744801,2024-09-15,120,WSH,1,146,MIA,1,6,4,0.0,2024
745773,2024-09-16,120,WSH,0,121,NYM,1,-1,1,212.3563770011718,2024
745772,2024-09-17,120,WSH,0,121,NYM,1,-2,2,0.0,2024
745771,2024-09-18,120,WSH,0,121,NYM,1,-3,3,0.0,2024
746823,2024-09-19,120,WSH,0,112,CHC,1,-4,1,720.1961586455312,2024
746824,2024-09-20,120,WSH,0,112,CHC,1,-5,2,0.0,2024
746826,2024-09-21,120,WSH,0,112,CHC,1,-6,3,0.0,2024
746825,2024-09-22,120,WSH,0,112,CHC,1,-7,4,0.0,2024
744802,2024-09-24,120,WSH,1,118,KC,2,1,1,598.6412524083928,2024
744795,2024-09-25,120,WSH,1,118,KC,1,2,2,0.0,2024
744796,2024-09-26,120,WSH,1,118,KC,1,3,3,0.0,2024
744797,2024-09-27,120,WSH,1,143,PHI,1,4,1,0.0,2024
744799,2024-09-28,120,WSH,1,143,PHI,1,5,2,0.0,2024
744798,2024-09-29,120,WSH,1,143,PHI,1,6,3,0.0,2024
745848,2024-03-29,121,NYM,1,158,MIL,1,2,2,0.0,2024
745850,2024-03-30,121,NYM,1,158,MIL,1,3,3,0.0,2024
745845,2024-03-31,121,NYM,1,158,MIL,1,4,4,0.0,2024
745842,2024-04-01,121,NYM,1,116,DET,1,5,1,0.0,2024
745844,2024-04-04,121,NYM,1,116,DET,1,8,4,0.0,2024
745843,2024-04-04,121,NYM,1,116,DET,0,9,5,0.0,2024
746733,2024-04-05,121,NYM,0,113,CIN,1,-1,1,576.1040985787001,2024
746731,2024-04-06,121,NYM,0,113,CIN,1,-2,2,0.0,2024
746734,2024-04-07,121,NYM,0,113,CIN,1,-3,3,0.0,2024
747142,2024-04-08,121,NYM,0,144,ATL,1,-4,1,359.8050212534856,2024
747138,2024-04-09,121,NYM,0,144,ATL,1,-5,2,0.0,2024
747137,2024-04-11,121,NYM,0,144,ATL,1,-7,4,0.0,2024
745838,2024-04-12,121,NYM,1,118,KC,1,1,1,751.1805618659844,2024
745839,2024-04-13,121,NYM,1,118,KC,1,2,2,0.0,2024
745841,2024-04-14,121,NYM,1,118,KC,1,3,3,0.0,2024
745840,2024-04-15,121,NYM,1,134,PIT,1,4,1,0.0,2024
745837,2024-04-16,121,NYM,1,134,PIT,1,5,2,0.0,2024
745836,2024-04-17,121,NYM,1,134,PIT,1,6,3,0.0,2024
746160,2024-04-20,121,NYM,0,119,LAD,3,-1,1,2453.075811723075,2024
746156,2024-04-20,121,NYM,0,119,LAD,0,-2,2,0.0,2024
746154,2024-04-21,121,NYM,0,119,LAD,1,-3,3,0.0,2024
745351,2024-04-23,121,NYM,0,137,SF,2,-4,1,345.5052646422354,2024
745348,2024-04-24,121,NYM,0,137,SF,1,-5,2,0.0,2024
745346,2024-04-24,121,NYM,0,137,SF,0,-6,3,0.0,2024
745835,2024-04-26,121,NYM,1,138,STL,2,1,1,2571.816906012279,2024
745833,2024-04-27,121,NYM,1,138,STL,1,2,2,0.0,2024
745834,2024-04-28,121,NYM,1,138,STL,1,3,3,0.0,2024
745832,2024-04-29,121,NYM,1,112,CHC,1,4,1,0.0,2024
745831,2024-04-30,121,NYM,1,112,CHC,1,5,2,0.0,2024
745829,2024-05-01,121,NYM,1,112,CHC,1,6,3,0.0,2024
745830,2024-05-02,121,NYM,1,112,CHC,1,7,4,0.0,2024
745101,2024-05-03,121,NYM,0,139,TB,1,-1,1,1027.482832775922,2024
745100,2024-05-04,121,NYM,0,139,TB,1,-2,2,0.0,2024
745103,2024-05-05,121,NYM,0,139,TB,1,-3,3,0.0,2024
745182,2024-05-06,121,NYM,0,138,STL,1,-4,1,866.6994960845234,2024
745186,2024-05-07,121,NYM,0,138,STL,1,-5,2,0.0,2024
745827,2024-05-10,121,NYM,1,144,ATL,2,1,1,880.2756481069349,2024
745828,2024-05-11,121,NYM,1,144,ATL,1,2,2,0.0,2024
745825,2024-05-12,121,NYM,1,144,ATL,1,3,3,0.0,2024
745826,2024-05-13,121,NYM,1,143,PHI,1,4,1,0.0,2024
745821,2024-05-14,121,NYM,1,143,PHI,1,5,2,0.0,2024
745582,2024-05-15,121,NYM,0,143,PHI,1,-1,3,91.08673366367736,2024
745580,2024-05-16,121,NYM,0,143,PHI,1,-2,4,0.0,2024
746065,2024-05-17,121,NYM,0,146,MIA,1,-3,1,1018.8446832841317,2024
746067,2024-05-18,121,NYM,0,146,MIA,1,-4,2,0.0,2024
746064,2024-05-19,121,NYM,0,146,MIA,1,-5,3,0.0,2024
746637,2024-05-20,121,NYM,0,114,CLE,1,-6,1,1089.3021385315913,2024
746633,2024-05-21,121,NYM,0,114,CLE,1,-7,2,0.0,2024
746634,2024-05-22,121,NYM,0,114,CLE,1,-8,3,0.0,2024
745822,2024-05-24,121,NYM,1,137,SF,2,1,1,411.0649093966104,2024
745823,2024-05-25,121,NYM,1,137,SF,1,2,2,0.0,2024
745824,2024-05-26,121,NYM,1,137,SF,1,3,3,0.0,2024
745818,2024-05-28,121,NYM,1,119,LAD,1,5,2,0.0,2024
745816,2024-05-28,121,NYM,1,119,LAD,0,6,3,0.0,2024
745817,2024-05-29,121,NYM,1,119,LAD,1,7,4,0.0,2024
745819,2024-05-30,121,NYM,1,109,ARI,1,8,1,0.0,2024
745820,2024-05-31,121,NYM,1,109,ARI,1,9,2,0.0,2024
745812,2024-06-01,121,NYM,1,109,ARI,1,10,3,0.0,2024
745813,2024-06-02,121,NYM,1,109,ARI,1,11,4,0.0,2024
744854,2024-06-03,121,NYM,0,120,WSH,1,-1,1,212.3563770011718,2024
744850,2024-06-04,121,NYM,0,120,WSH,1,-2,2,0.0,2024
744852,2024-06-05,121,NYM,0,120,WSH,1,-3,3,0.0,2024
745814,2024-06-08,121,NYM,1,143,PHI,3,1,1,212.3563770011718,2024
745571,2024-06-09,121,NYM,0,143,PHI,1,-1,2,91.08673366367736,2024
745815,2024-06-11,121,NYM,1,146,MIA,2,1,1,91.08673366367736,2024
745811,2024-06-12,121,NYM,1,146,MIA,1,2,2,0.0,2024
745809,2024-06-13,121,NYM,1,146,MIA,1,3,3,0.0,2024
745810,2024-06-14,121,NYM,1,135,SD,1,4,1,0.0,2024
745805,2024-06-15,121,NYM,1,135,SD,1,5,2,0.0,2024
745807,2024-06-16,121,NYM,1,135,SD,1,6,3,0.0,2024
745005,2024-06-18,121,NYM,0,140,TEX,2,-1,1,1394.8455111609428,2024
745004,2024-06-19,121,NYM,0,140,TEX,1,-2,2,0.0,2024
745002,2024-06-20,121,NYM,0,140,TEX,1,-3,3,0.0,2024
746861,2024-06-21,121,NYM,0,112,CHC,1,-4,1,818.6825304940769,2024
746863,2024-06-22,121,NYM,0,112,CHC,1,-5,2,0.0,2024
746862,2024-06-23,121,NYM,0,112,CHC,1,-6,3,0.0,2024
745806,2024-06-25,121,NYM,1,147,NYY,2,1,1,720.1961586455312,2024
745808,2024-06-26,121,NYM,1,147,NYY,1,2,2,0.0,2024
745804,2024-06-28,121,NYM,1,117,HOU,2,3,1,0.0,2024
745801,2024-06-29,121,NYM,1,117,HOU,1,4,2,0.0,2024
745802,2024-06-30,121,NYM,1,117,HOU,1,5,3,0.0,2024
744840,2024-07-01,121,NYM,0,120,WSH,1,-1,1,212.3563770011718,2024
744838,2024-07-02,121,NYM,0,120,WSH,1,-2,2,0.0,2024
744837,2024-07-03,121,NYM,0,120,WSH,1,-3,3,0.0,2024
744834,2024-07-04,121,NYM,0,120,WSH,1,-4,4,0.0,2024
745479,2024-07-05,121,NYM,0,134,PIT,1,-5,1,193.0230929231441,2024
745476,2024-07-06,121,NYM,0,134,PIT,1,-6,2,0.0,2024
745477,2024-07-07,121,NYM,0,134,PIT,1,-7,3,0.0,2024
745480,2024-07-08,121,NYM,0,134,PIT,1,-8,4,0.0,2024
745803,2024-07-09,121,NYM,1,120,WSH,1,1,1,323.80514004194157,2024
745796,2024-07-10,121,NYM,1,120,WSH,1,2,2,0.0,2024
745799,2024-07-11,121,NYM,1,120,WSH,1,3,3,0.0,2024
745800,2024-07-12,121,NYM,1,115,COL,1,4,1,0.0,2024
745798,2024-07-13,121,NYM,1,115,COL,1,5,2,0.0,2024
745797,2024-07-14,121,NYM,1,115,COL,1,6,3,0.0,2024
746040,2024-07-19,121,NYM,0,146,MIA,5,-1,1,1097.7414335980382,2024
746041,2024-07-20,121,NYM,0,146,MIA,1,-2,2,0.0,2024
746042,2024-07-21,121,NYM,0,146,MIA,1,-3,3,0.0,2024
746034,2024-07-22,121,NYM,0,146,MIA,1,-4,4,0.0,2024
745715,2024-07-23,121,NYM,0,147,NYY,1,-5,1,1100.8862542043641,2024
745716,2024-07-24,121,NYM,0,147,NYY,1,-6,2,0.0,2024
745794,2024-07-25,121,NYM,1,144,ATL,1,1,1,6.541035356047549,2024
745792,2024-07-26,121,NYM,1,144,ATL,1,2,2,0.0,2024
745793,2024-07-27,121,NYM,1,144,ATL,1,3,3,0.0,2024
745795,2024-07-28,121,NYM,1,144,ATL,1,4,4,0.0,2024
745791,2024-07-29,121,NYM,1,142,MIN,1,5,1,0.0,2024
745787,2024-07-30,121,NYM,1,142,MIN,1,6,2,0.0,2024
745789,2024-07-31,121,NYM,1,142,MIN,1,7,3,0.0,2024
746193,2024-08-03,121,NYM,0,108,LAA,3,-1,1,2442.1890221918984,2024
746191,2024-08-04,121,NYM,0,108,LAA,1,-2,2,0.0,2024
746194,2024-08-04,121,NYM,0,108,LAA,0,-3,3,0.0,2024
745184,2024-08-05,121,NYM,0,138,STL,1,-4,1,1572.920237629869,2024
746519,2024-08-07,121,NYM,0,115,COL,2,-5,1,795.6297379917951,2024
746521,2024-08-08,121,NYM,0,115,COL,1,-6,2,0.0,2024
746522,2024-08-08,121,NYM,0,115,COL,0,-7,3,0.0,2024
745220,2024-08-10,121,NYM,0,136,SEA,2,-8,1,1018.269066908343,2024
745219,2024-08-11,121,NYM,0,136,SEA,1,-9,2,0.0,2024
745216,2024-08-11,121,NYM,0,136,SEA,0,-10,3,0.0,2024
745788,2024-08-13,121,NYM,1,133,OAK,2,1,1,2408.193610875357,2024
745790,2024-08-14,121,NYM,1,133,OAK,1,2,2,0.0,2024
745783,2024-08-15,121,NYM,1,133,OAK,1,3,3,0.0,2024
745784,2024-08-16,121,NYM,1,146,MIA,1,4,1,0.0,2024
745785,2024-08-17,121,NYM,1,146,MIA,1,5,2,0.0,2024
745786,2024-08-18,121,NYM,1,146,MIA,1,6,3,0.0,2024
745780,2024-08-19,121,NYM,1,110,BAL,1,7,1,0.0,2024
745782,2024-08-20,121,NYM,1,110,BAL,1,8,2,0.0,2024
745781,2024-08-21,121,NYM,1,110,BAL,1,9,3,0.0,2024
745379,2024-08-23,121,NYM,0,135,SD,2,-1,1,2436.313085576127,2024
745378,2024-08-24,121,NYM,0,135,SD,1,-2,2,0.0,2024
745377,2024-08-25,121,NYM,0,135,SD,1,-3,3,0.0,2024
745376,2024-08-25,121,NYM,0,135,SD,0,-4,4,0.0,2024
747162,2024-08-28,121,NYM,0,109,ARI,3,-5,1,299.07000924838377,2024
747161,2024-08-29,121,NYM,0,109,ARI,1,-6,2,0.0,2024
747159,2024-08-29,121,NYM,0,109,ARI,0,-7,3,0.0,2024
746749,2024-08-31,121,NYM,0,145,CWS,2,-8,1,1450.478555736351,2024
746751,2024-08-31,121,NYM,0,145,CWS,0,-9,2,0.0,2024
746750,2024-09-01,121,NYM,0,145,CWS,1,-10,3,0.0,2024
745779,2024-09-02,121,NYM,1,111,BOS,1,1,1,718.8569327739972,2024
745778,2024-09-03,121,NYM,1,111,BOS,1,2,2,0.0,2024
745776,2024-09-04,121,NYM,1,111,BOS,1,3,3,0.0,2024
745777,2024-09-06,121,NYM,1,113,CIN,2,4,1,0.0,2024
745775,2024-09-07,121,NYM,1,113,CIN,1,5,2,0.0,2024
745774,2024-09-08,121,NYM,1,113,CIN,1,6,3,0.0,2024
744888,2024-09-09,121,NYM,0,141,TOR,1,-1,1,346.6363887095845,2024
744886,2024-09-10,121,NYM,0,141,TOR,1,-2,2,0.0,2024
744881,2024-09-11,121,NYM,0,141,TOR,1,-3,3,0.0,2024
745529,2024-09-13,121,NYM,0,143,PHI,2,-4,1,337.49777915551493,2024
745528,2024-09-14,121,NYM,0,143,PHI,1,-5,2,0.0,2024
745530,2024-09-15,121,NYM,0,143,PHI,1,-6,3,0.0,2024
745773,2024-09-16,121,NYM,1,120,WSH,1,1,1,91.08673366367736,2024
745772,2024-09-17,121,NYM,1,120,WSH,1,2,2,0.0,2024
745771,2024-09-18,121,NYM,1,120,WSH,1,3,3,0.0,2024
745769,2024-09-19,121,NYM,1,143,PHI,1,4,1,0.0,2024
745770,2024-09-20,121,NYM,1,143,PHI,1,5,2,0.0,2024
745768,2024-09-21,121,NYM,1,143,PHI,1,6,3,0.0,2024
745767,2024-09-22,121,NYM,1,143,PHI,1,7,4,0.0,2024
747068,2024-09-24,121,NYM,0,144,ATL,2,-1,1,751.1805618659844,2024
745930,2024-09-28,121,NYM,0,158,MIL,2,-4,1,659.030112248539,2024
745931,2024-09-28,121,NYM,0,158,MIL,0,-5,2,0.0,2024
745932,2024-09-29,121,NYM,0,158,MIL,1,-6,3,0.0,2024
747139,2024-09-30,121,NYM,0,144,ATL,1,-7,1,659.030112248539,2024
747064,2024-09-30,121,NYM,0,144,ATL,0,-8,2,0.0,2024
745687,2024-03-29,133,OAK,1,114,CLE,0,1,1,0.0,2024
745682,2024-03-30,133,OAK,1,114,CLE,1,2,2,0.0,2024
745684,2024-03-30,133,OAK,1,114,CLE,0,3,3,0.0,2024
745683,2024-03-31,133,OAK,1,114,CLE,1,4,4,0.0,2024
745675,2024-04-02,133,OAK,1,111,BOS,2,5,1,0.0,2024
745680,2024-04-03,133,OAK,1,111,BOS,1,6,2,0.0,2024
745678,2024-04-03,133,OAK,1,111,BOS,0,7,3,0.0,2024
746497,2024-04-05,133,OAK,0,116,DET,2,-1,1,2076.502664481492,2024
746498,2024-04-06,133,OAK,0,116,DET,1,-2,2,0.0,2024
746493,2024-04-07,133,OAK,0,116,DET,1,-3,3,0.0,2024
745030,2024-04-10,133,OAK,0,140,TEX,3,-4,1,1012.5081459059959,2024
745024,2024-04-11,133,OAK,0,140,TEX,1,-5,2,0.0,2024
745029,2024-04-11,133,OAK,0,140,TEX,0,-6,3,0.0,2024
745679,2024-04-13,133,OAK,1,120,WSH,2,1,1,1453.9867485388631,2024
745676,2024-04-13,133,OAK,1,120,WSH,0,2,2,0.0,2024
745681,2024-04-14,133,OAK,1,120,WSH,1,3,3,0.0,2024
745677,2024-04-16,133,OAK,1,138,STL,2,4,1,0.0,2024
745674,2024-04-17,133,OAK,1,138,STL,1,5,2,0.0,2024
745671,2024-04-17,133,OAK,1,138,STL,0,6,3,0.0,2024
746650,2024-04-19,133,OAK,0,114,CLE,2,-1,1,2151.964503269304,2024
746651,2024-04-20,133,OAK,0,114,CLE,1,-2,2,0.0,2024
746652,2024-04-21,133,OAK,0,114,CLE,1,-3,3,0.0,2024
745757,2024-04-22,133,OAK,0,147,NYY,1,-4,1,406.0987517437095,2024
745754,2024-04-23,133,OAK,0,147,NYY,1,-5,2,0.0,2024
745753,2024-04-24,133,OAK,0,147,NYY,1,-6,3,0.0,2024
745755,2024-04-25,133,OAK,0,147,NYY,1,-7,4,0.0,2024
747050,2024-04-26,133,OAK,0,110,BAL,1,-8,1,178.12306591164185,2024
747052,2024-04-27,133,OAK,0,110,BAL,1,-9,2,0.0,2024
747045,2024-04-28,133,OAK,0,110,BAL,1,-10,3,0.0,2024
745672,2024-04-30,133,OAK,1,134,PIT,2,1,1,2440.085706209316,2024
745670,2024-05-01,133,OAK,1,134,PIT,1,2,2,0.0,2024
745673,2024-05-01,133,OAK,1,134,PIT,0,3,3,0.0,2024
745665,2024-05-04,133,OAK,1,146,MIA,3,4,1,0.0,2024
745666,2024-05-04,133,OAK,1,146,MIA,0,5,2,0.0,2024
745667,2024-05-05,133,OAK,1,146,MIA,1,6,3,0.0,2024
745669,2024-05-07,133,OAK,1,140,TEX,2,7,1,0.0,2024
745668,2024-05-07,133,OAK,1,140,TEX,0,8,2,0.0,2024
745664,2024-05-08,133,OAK,1,140,TEX,1,9,3,0.0,2024
745659,2024-05-08,133,OAK,1,140,TEX,0,10,4,0.0,2024
745264,2024-05-11,133,OAK,0,136,SEA,3,-1,1,679.9392003432476,2024
745255,2024-05-12,133,OAK,0,136,SEA,1,-2,2,0.0,2024
745262,2024-05-12,133,OAK,0,136,SEA,0,-3,3,0.0,2024
746393,2024-05-14,133,OAK,0,117,HOU,2,-4,1,1889.6158526975785,2024
746396,2024-05-15,133,OAK,0,117,HOU,1,-5,2,0.0,2024
746397,2024-05-16,133,OAK,0,117,HOU,1,-6,3,0.0,2024
746391,2024-05-17,133,OAK,0,117,HOU,1,-7,4,0.0,2024
746310,2024-05-17,133,OAK,0,118,KC,0,-8,1,644.1456886709294,2024
746308,2024-05-18,133,OAK,0,118,KC,1,-9,2,0.0,2024
746306,2024-05-19,133,OAK,0,118,KC,1,-10,3,0.0,2024
745662,2024-05-22,133,OAK,1,115,COL,3,1,1,1497.929836668995,2024
745660,2024-05-23,133,OAK,1,115,COL,1,2,2,0.0,2024
745661,2024-05-23,133,OAK,1,115,COL,0,3,3,0.0,2024
745663,2024-05-25,133,OAK,1,117,HOU,2,4,1,0.0,2024
745658,2024-05-25,133,OAK,1,117,HOU,0,5,2,0.0,2024
745653,2024-05-26,133,OAK,1,117,HOU,1,6,3,0.0,2024
745091,2024-05-28,133,OAK,0,139,TB,2,-1,1,2379.7351815049797,2024
745084,2024-05-29,133,OAK,0,139,TB,1,-2,2,0.0,2024
745081,2024-05-30,133,OAK,0,139,TB,1,-3,3,0.0,2024
747116,2024-05-31,133,OAK,0,144,ATL,1,-4,1,436.50640754877156,2024
747111,2024-06-01,133,OAK,0,144,ATL,1,-5,2,0.0,2024
747110,2024-06-02,133,OAK,0,144,ATL,1,-6,3,0.0,2024
745656,2024-06-05,133,OAK,1,136,SEA,3,1,1,2116.4747287111013,2024
745654,2024-06-06,133,OAK,1,136,SEA,1,2,2,0.0,2024
745657,2024-06-06,133,OAK,1,136,SEA,0,3,3,0.0,2024
745655,2024-06-08,133,OAK,1,141,TOR,2,4,1,0.0,2024
745652,2024-06-08,133,OAK,1,141,TOR,0,5,2,0.0,2024
745651,2024-06-09,133,OAK,1,141,TOR,1,6,3,0.0,2024
745409,2024-06-11,133,OAK,0,135,SD,2,-1,1,449.84278611734885,2024
745404,2024-06-12,133,OAK,0,135,SD,1,-2,2,0.0,2024
745405,2024-06-12,133,OAK,0,135,SD,0,-3,3,0.0,2024
745894,2024-06-13,133,OAK,0,142,MIN,1,-4,1,1530.561766187142,2024
745892,2024-06-15,133,OAK,0,142,MIN,0,-6,3,0.0,2024
745895,2024-06-16,133,OAK,0,142,MIN,1,-7,4,0.0,2024
745891,2024-06-16,133,OAK,0,142,MIN,0,-8,5,0.0,2024
745650,2024-06-19,133,OAK,1,118,KC,3,1,1,1571.0292537363316,2024
745646,2024-06-20,133,OAK,1,118,KC,1,2,2,0.0,2024
745645,2024-06-20,133,OAK,1,118,KC,0,3,3,0.0,2024
745649,2024-06-22,133,OAK,1,142,MIN,2,4,1,0.0,2024
745644,2024-06-22,133,OAK,1,142,MIN,0,5,2,0.0,2024
745648,2024-06-23,133,OAK,1,142,MIN,1,6,3,0.0,2024
746218,2024-06-25,133,OAK,0,108,LAA,2,-1,1,364.7793033141838,2024
746213,2024-06-26,133,OAK,0,108,LAA,1,-2,2,0.0,2024
746212,2024-06-26,133,OAK,0,108,LAA,0,-3,3,0.0,2024
747183,2024-06-29,133,OAK,0,109,ARI,3,-4,1,335.4914545335198,2024
747186,2024-06-29,133,OAK,0,109,ARI,0,-5,2,0.0,2024
747182,2024-06-30,133,OAK,0,109,ARI,1,-6,3,0.0,2024
745647,2024-07-03,133,OAK,1,108,LAA,3,1,1,641.9010628899154,2024
745643,2024-07-04,133,OAK,1,108,LAA,1,2,2,0.0,2024
745641,2024-07-04,133,OAK,1,108,LAA,0,3,3,0.0,2024
745642,2024-07-06,133,OAK,1,110,BAL,2,4,1,0.0,2024
745639,2024-07-06,133,OAK,1,110,BAL,0,5,2,0.0,2024
745637,2024-07-07,133,OAK,1,110,BAL,1,6,3,0.0,2024
746937,2024-07-09,133,OAK,0,111,BOS,2,-1,1,2680.900432109404,2024
746934,2024-07-10,133,OAK,0,111,BOS,1,-2,2,0.0,2024
746935,2024-07-11,133,OAK,0,111,BOS,1,-3,3,0.0,2024
745552,2024-07-12,133,OAK,0,143,PHI,1,-4,1,270.6814533596281,2024
745549,2024-07-13,133,OAK,0,143,PHI,1,-5,2,0.0,2024
745551,2024-07-14,133,OAK,0,143,PHI,1,-6,3,0.0,2024
745640,2024-07-20,133,OAK,1,108,LAA,6,1,1,2506.7279595630266,2024
745638,2024-07-20,133,OAK,1,108,LAA,0,2,2,0.0,2024
745633,2024-07-21,133,OAK,1,108,LAA,1,3,3,0.0,2024
745635,2024-07-23,133,OAK,1,117,HOU,2,4,1,0.0,2024
745632,2024-07-24,133,OAK,1,117,HOU,1,5,2,0.0,2024
745634,2024-07-24,133,OAK,1,117,HOU,0,6,3,0.0,2024
746199,2024-07-26,133,OAK,0,108,LAA,2,-1,1,364.7793033141838,2024
746200,2024-07-27,133,OAK,0,108,LAA,1,-2,2,0.0,2024
746203,2024-07-28,133,OAK,0,108,LAA,1,-3,3,0.0,2024
746195,2024-07-28,133,OAK,0,108,LAA,0,-4,4,0.0,2024
745309,2024-07-31,133,OAK,0,137,SF,3,-5,1,373.21886529538057,2024
745306,2024-08-01,133,OAK,0,137,SF,1,-6,2,0.0,2024
745631,2024-08-03,133,OAK,1,119,LAD,2,1,1,10.48032218937323,2024
745636,2024-08-04,133,OAK,1,119,LAD,1,2,2,0.0,2024
745627,2024-08-04,133,OAK,1,119,LAD,0,3,3,0.0,2024
745628,2024-08-06,133,OAK,1,145,CWS,2,4,1,0.0,2024
745629,2024-08-07,133,OAK,1,145,CWS,1,5,2,0.0,2024
745630,2024-08-07,133,OAK,1,145,CWS,0,6,3,0.0,2024
744900,2024-08-09,133,OAK,0,141,TOR,2,-1,1,2253.7814110292547,2024
744897,2024-08-10,133,OAK,0,141,TOR,1,-2,2,0.0,2024
744895,2024-08-11,133,OAK,0,141,TOR,1,-3,3,0.0,2024
745788,2024-08-13,133,OAK,0,121,NYM,2,-4,1,346.6363887095845,2024
745790,2024-08-14,133,OAK,0,121,NYM,1,-5,2,0.0,2024
745783,2024-08-15,133,OAK,0,121,NYM,1,-6,3,0.0,2024
745626,2024-08-17,133,OAK,1,137,SF,2,1,1,2562.7810869652726,2024
745621,2024-08-18,133,OAK,1,137,SF,1,2,2,0.0,2024
745620,2024-08-20,133,OAK,1,139,TB,2,3,1,0.0,2024
745624,2024-08-21,133,OAK,1,139,TB,1,4,2,0.0,2024
745622,2024-08-22,133,OAK,1,139,TB,1,5,3,0.0,2024
745623,2024-08-22,133,OAK,1,139,TB,0,6,4,0.0,2024
745625,2024-08-24,133,OAK,1,158,MIL,2,7,1,0.0,2024
745617,2024-08-24,133,OAK,1,158,MIL,0,8,2,0.0,2024
745618,2024-08-25,133,OAK,1,158,MIL,1,9,3,0.0,2024
746671,2024-08-27,133,OAK,0,113,CIN,2,-1,1,2027.8222751019914,2024
746672,2024-08-28,133,OAK,0,113,CIN,1,-2,2,0.0,2024
746670,2024-08-29,133,OAK,0,113,CIN,1,-3,3,0.0,2024
744969,2024-08-31,133,OAK,0,140,TEX,2,-4,1,827.9015703261257,2024
744971,2024-08-31,133,OAK,0,140,TEX,0,-5,2,0.0,2024
744970,2024-09-01,133,OAK,0,140,TEX,1,-6,3,0.0,2024
745619,2024-09-02,133,OAK,1,136,SEA,1,1,1,1453.9867485388631,2024
745615,2024-09-04,133,OAK,1,136,SEA,2,2,2,0.0,2024
745614,2024-09-05,133,OAK,1,136,SEA,1,3,3,0.0,2024
745612,2024-09-05,133,OAK,1,136,SEA,0,4,4,0.0,2024
745613,2024-09-07,133,OAK,1,116,DET,2,5,1,0.0,2024
745611,2024-09-07,133,OAK,1,116,DET,0,6,2,0.0,2024
745616,2024-09-08,133,OAK,1,116,DET,1,7,3,0.0,2024
746346,2024-09-11,133,OAK,0,117,HOU,3,-1,1,1631.2403491139823,2024
746342,2024-09-12,133,OAK,0,117,HOU,1,-2,2,0.0,2024
746337,2024-09-12,133,OAK,0,117,HOU,0,-3,3,0.0,2024
746744,2024-09-13,133,OAK,0,145,CWS,1,-4,1,938.7707116803103,2024
746740,2024-09-14,133,OAK,0,145,CWS,1,-5,2,0.0,2024
746741,2024-09-15,133,OAK,0,145,CWS,1,-6,3,0.0,2024
746828,2024-09-16,133,OAK,0,112,CHC,1,-7,1,8.262413783057372,2024
746830,2024-09-17,133,OAK,0,112,CHC,1,-8,2,0.0,2024
746831,2024-09-18,133,OAK,0,112,CHC,1,-9,3,0.0,2024
745606,2024-09-21,133,OAK,1,147,NYY,3,1,1,1842.6147174758498,2024
745610,2024-09-22,133,OAK,1,147,NYY,1,2,2,0.0,2024
745608,2024-09-22,133,OAK,1,147,NYY,0,3,3,0.0,2024
745605,2024-09-25,133,OAK,1,140,TEX,3,4,1,0.0,2024
745607,2024-09-26,133,OAK,1,140,TEX,1,5,2,0.0,2024
745609,2024-09-26,133,OAK,1,140,TEX,0,6,3,0.0,2024
745202,2024-09-28,133,OAK,0,136,SEA,2,-1,1,679.9392003432476,2024
745203,2024-09-29,133,OAK,0,136,SEA,1,-2,2,0.0,2024
745201,2024-09-29,133,OAK,0,136,SEA,0,-3,3,0.0,2024
746089,2024-03-28,134,PIT,0,146,MIA,0,-1,1,1013.6533818001047,2024
746091,2024-03-29,134,PIT,0,146,MIA,1,-2,2,0.0,2024
746087,2024-03-30,134,PIT,0,146,MIA,1,-3,3,0.0,2024
746090,2024-03-31,134,PIT,0,146,MIA,1,-4,4,0.0,2024
744875,2024-04-01,134,PIT,0,120,WSH,1,-5,1,923.8773279819753,2024
744869,2024-04-03,134,PIT,0,120,WSH,2,-6,2,0.0,2024
744870,2024-04-04,134,PIT,0,120,WSH,1,-7,3,0.0,2024
745524,2024-04-05,134,PIT,1,110,BAL,1,1,1,193.0230929231441,2024
745522,2024-04-06,134,PIT,1,110,BAL,1,2,2,0.0,2024
745523,2024-04-07,134,PIT,1,110,BAL,1,3,3,0.0,2024
745520,2024-04-08,134,PIT,1,116,DET,1,4,1,0.0,2024
745517,2024-04-09,134,PIT,1,116,DET,1,5,2,0.0,2024
745601,2024-04-11,134,PIT,0,143,PHI,2,-1,1,258.1684392529645,2024
745596,2024-04-12,134,PIT,0,143,PHI,1,-2,2,0.0,2024
745594,2024-04-13,134,PIT,0,143,PHI,1,-3,3,0.0,2024
745595,2024-04-14,134,PIT,0,143,PHI,1,-4,4,0.0,2024
745840,2024-04-15,134,PIT,0,121,NYM,1,-5,1,91.08673366367736,2024
745837,2024-04-16,134,PIT,0,121,NYM,1,-6,2,0.0,2024
745836,2024-04-17,134,PIT,0,121,NYM,1,-7,3,0.0,2024
745518,2024-04-19,134,PIT,1,111,BOS,2,1,1,323.80514004194157,2024
745515,2024-04-20,134,PIT,1,111,BOS,1,2,2,0.0,2024
745514,2024-04-21,134,PIT,1,111,BOS,1,3,3,0.0,2024
745519,2024-04-22,134,PIT,1,158,MIL,1,4,1,0.0,2024
745516,2024-04-23,134,PIT,1,158,MIL,1,5,2,0.0,2024
745513,2024-04-24,134,PIT,1,158,MIL,1,6,3,0.0,2024
745512,2024-04-25,134,PIT,1,158,MIL,1,7,4,0.0,2024
745347,2024-04-27,134,PIT,0,137,SF,2,-1,1,2257.9877065555274,2024
745350,2024-04-28,134,PIT,0,137,SF,1,-2,2,0.0,2024
745349,2024-04-28,134,PIT,0,137,SF,0,-3,3,0.0,2024
745672,2024-04-30,134,PIT,0,133,OAK,2,-4,1,10.48032218937323,2024
745673,2024-05-01,134,PIT,0,133,OAK,1,-5,2,0.0,2024
745670,2024-05-01,134,PIT,0,133,OAK,0,-6,3,0.0,2024
745510,2024-05-03,134,PIT,1,115,COL,2,1,1,2248.770953784645,2024
745511,2024-05-04,134,PIT,1,115,COL,1,2,2,0.0,2024
745504,2024-05-05,134,PIT,1,115,COL,1,3,3,0.0,2024
745509,2024-05-06,134,PIT,1,108,LAA,1,4,1,0.0,2024
745508,2024-05-07,134,PIT,1,108,LAA,1,5,2,0.0,2024
745507,2024-05-08,134,PIT,1,108,LAA,1,6,3,0.0,2024
745506,2024-05-10,134,PIT,1,112,CHC,2,7,1,0.0,2024
745505,2024-05-11,134,PIT,1,112,CHC,1,8,2,0.0,2024
745499,2024-05-12,134,PIT,1,112,CHC,1,9,3,0.0,2024
745991,2024-05-13,134,PIT,0,158,MIL,1,-1,1,447.5172990364866,2024
745989,2024-05-14,134,PIT,0,158,MIL,1,-2,2,0.0,2024
745992,2024-05-15,134,PIT,0,158,MIL,1,-3,3,0.0,2024
746881,2024-05-16,134,PIT,0,112,CHC,1,-4,1,76.31439882124853,2024
746878,2024-05-17,134,PIT,0,112,CHC,1,-5,2,0.0,2024
746882,2024-05-18,134,PIT,0,112,CHC,1,-6,3,0.0,2024
746880,2024-05-19,134,PIT,0,112,CHC,1,-7,4,0.0,2024
745503,2024-05-21,134,PIT,1,137,SF,2,1,1,410.8665423703318,2024
745502,2024-05-22,134,PIT,1,137,SF,1,2,2,0.0,2024
745500,2024-05-23,134,PIT,1,137,SF,1,3,3,0.0,2024
745501,2024-05-24,134,PIT,1,144,ATL,1,4,1,0.0,2024
745493,2024-05-25,134,PIT,1,144,ATL,1,5,2,0.0,2024
745498,2024-05-26,134,PIT,1,144,ATL,1,6,3,0.0,2024
746467,2024-05-29,134,PIT,0,116,DET,1,-2,2,0.0,2024
746468,2024-05-29,134,PIT,0,116,DET,0,-3,3,0.0,2024
744928,2024-05-31,134,PIT,0,141,TOR,2,-4,1,205.64835449402668,2024
744932,2024-06-01,134,PIT,0,141,TOR,1,-5,2,0.0,2024
744929,2024-06-02,134,PIT,0,141,TOR,1,-6,3,0.0,2024
745497,2024-06-04,134,PIT,1,119,LAD,2,1,1,222.98418827648996,2024
745494,2024-06-05,134,PIT,1,119,LAD,1,2,2,0.0,2024
745495,2024-06-06,134,PIT,1,119,LAD,1,3,3,0.0,2024
745496,2024-06-07,134,PIT,1,142,MIN,1,4,1,0.0,2024
745492,2024-06-08,134,PIT,1,142,MIN,1,5,2,0.0,2024
745491,2024-06-09,134,PIT,1,142,MIN,1,6,3,0.0,2024
745170,2024-06-11,134,PIT,0,138,STL,2,-1,1,556.9698942849304,2024
745171,2024-06-12,134,PIT,0,138,STL,1,-2,2,0.0,2024
745168,2024-06-13,134,PIT,0,138,STL,1,-3,3,0.0,2024
746545,2024-06-15,134,PIT,0,115,COL,2,-4,1,795.6297379917951,2024
746546,2024-06-16,134,PIT,0,115,COL,1,-5,2,0.0,2024
746547,2024-06-16,134,PIT,0,115,COL,0,-6,3,0.0,2024
745490,2024-06-17,134,PIT,1,113,CIN,1,1,1,1317.1736538054608,2024
745488,2024-06-18,134,PIT,1,113,CIN,1,2,2,0.0,2024
745489,2024-06-19,134,PIT,1,113,CIN,1,3,3,0.0,2024
745483,2024-06-21,134,PIT,1,139,TB,2,4,1,0.0,2024
745486,2024-06-22,134,PIT,1,139,TB,1,5,2,0.0,2024
745485,2024-06-23,134,PIT,1,139,TB,1,6,3,0.0,2024
746696,2024-06-24,134,PIT,0,113,CIN,1,-1,1,256.6044671740272,2024
746697,2024-06-25,134,PIT,0,113,CIN,1,-2,2,0.0,2024
746695,2024-06-26,134,PIT,0,113,CIN,1,-3,3,0.0,2024
747105,2024-06-28,134,PIT,0,144,ATL,2,-4,1,359.8050212534856,2024
747104,2024-06-29,134,PIT,0,144,ATL,1,-5,2,0.0,2024
747101,2024-06-30,134,PIT,0,144,ATL,1,-6,3,0.0,2024
745482,2024-07-02,134,PIT,1,138,STL,2,1,1,515.1605409529744,2024
745487,2024-07-03,134,PIT,1,138,STL,1,2,2,0.0,2024
745484,2024-07-04,134,PIT,1,138,STL,1,3,3,0.0,2024
745479,2024-07-05,134,PIT,1,121,NYM,1,4,1,0.0,2024
745476,2024-07-06,134,PIT,1,121,NYM,1,5,2,0.0,2024
745477,2024-07-07,134,PIT,1,121,NYM,1,6,3,0.0,2024
745480,2024-07-08,134,PIT,1,121,NYM,1,7,4,0.0,2024
745968,2024-07-10,134,PIT,0,158,MIL,2,-1,1,447.5172990364866,2024
745969,2024-07-11,134,PIT,0,158,MIL,1,-2,2,0.0,2024
745967,2024-07-11,134,PIT,0,158,MIL,0,-3,3,0.0,2024
746774,2024-07-13,134,PIT,0,145,CWS,2,-4,1,84.55513154711521,2024
746766,2024-07-13,134,PIT,0,145,CWS,0,-5,2,0.0,2024
746769,2024-07-14,134,PIT,0,145,CWS,1,-6,3,0.0,2024
745481,2024-07-19,134,PIT,1,143,PHI,5,1,1,408.14464367793005,2024
745478,2024-07-20,134,PIT,1,143,PHI,1,2,2,0.0,2024
745470,2024-07-21,134,PIT,1,143,PHI,1,3,3,0.0,2024
745473,2024-07-22,134,PIT,1,138,STL,1,4,1,0.0,2024
745475,2024-07-23,134,PIT,1,138,STL,1,5,2,0.0,2024
745472,2024-07-24,134,PIT,1,138,STL,1,6,3,0.0,2024
747174,2024-07-27,134,PIT,0,109,ARI,3,-1,1,1824.319858955869,2024
747171,2024-07-28,134,PIT,0,109,ARI,1,-2,2,0.0,2024
747173,2024-07-28,134,PIT,0,109,ARI,0,-3,3,0.0,2024
746360,2024-07-30,134,PIT,0,117,HOU,2,-4,1,1014.6732943333567,2024
746365,2024-07-31,134,PIT,0,117,HOU,1,-5,2,0.0,2024
746363,2024-08-01,134,PIT,0,117,HOU,1,-6,3,0.0,2024
745471,2024-08-02,134,PIT,1,109,ARI,1,1,1,1136.4863341005412,2024
745474,2024-08-03,134,PIT,1,109,ARI,1,2,2,0.0,2024
745468,2024-08-04,134,PIT,1,109,ARI,1,3,3,0.0,2024
745467,2024-08-06,134,PIT,1,135,SD,2,4,1,0.0,2024
745469,2024-08-07,134,PIT,1,135,SD,1,5,2,0.0,2024
745466,2024-08-08,134,PIT,1,135,SD,1,6,3,0.0,2024
746113,2024-08-10,134,PIT,0,119,LAD,2,-1,1,2130.9802254915467,2024
746112,2024-08-11,134,PIT,0,119,LAD,1,-2,2,0.0,2024
746114,2024-08-11,134,PIT,0,119,LAD,0,-3,3,0.0,2024
745383,2024-08-13,134,PIT,0,135,SD,2,-4,1,113.20881075215142,2024
745382,2024-08-14,134,PIT,0,135,SD,1,-5,2,0.0,2024
745381,2024-08-14,134,PIT,0,135,SD,0,-6,3,0.0,2024
745462,2024-08-16,134,PIT,1,136,SEA,2,1,1,2112.926750844012,2024
745463,2024-08-17,134,PIT,1,136,SEA,1,2,2,0.0,2024
745464,2024-08-18,134,PIT,1,136,SEA,1,3,3,0.0,2024
744976,2024-08-20,134,PIT,0,140,TEX,2,-1,1,1083.6370651726334,2024
744978,2024-08-21,134,PIT,0,140,TEX,1,-2,2,0.0,2024
744973,2024-08-21,134,PIT,0,140,TEX,0,-3,3,0.0,2024
745465,2024-08-22,134,PIT,1,113,CIN,1,1,1,1083.6370651726334,2024
745460,2024-08-23,134,PIT,1,113,CIN,1,2,2,0.0,2024
745457,2024-08-24,134,PIT,1,113,CIN,1,3,3,0.0,2024
745459,2024-08-25,134,PIT,1,113,CIN,1,4,4,0.0,2024
745458,2024-08-26,134,PIT,1,112,CHC,1,5,1,0.0,2024
745461,2024-08-27,134,PIT,1,112,CHC,1,6,2,0.0,2024
745452,2024-08-28,134,PIT,1,112,CHC,1,7,3,0.0,2024
746593,2024-08-30,134,PIT,0,114,CLE,2,-1,1,113.72517024270446,2024
746590,2024-08-31,134,PIT,0,114,CLE,1,-2,2,0.0,2024
746592,2024-09-01,134,PIT,0,114,CLE,1,-3,3,0.0,2024
746833,2024-09-02,134,PIT,0,112,CHC,1,-4,1,309.41326135873874,2024
746834,2024-09-03,134,PIT,0,112,CHC,1,-5,2,0.0,2024
746835,2024-09-04,134,PIT,0,112,CHC,1,-6,3,0.0,2024
745451,2024-09-05,134,PIT,1,120,WSH,1,1,1,410.8665423703318,2024
745456,2024-09-07,134,PIT,1,120,WSH,1,3,3,0.0,2024
745455,2024-09-07,134,PIT,1,120,WSH,0,4,4,0.0,2024
745453,2024-09-08,134,PIT,1,120,WSH,1,5,5,0.0,2024
745454,2024-09-09,134,PIT,1,146,MIA,1,6,1,0.0,2024
745446,2024-09-10,134,PIT,1,146,MIA,1,7,2,0.0,2024
745450,2024-09-11,134,PIT,1,146,MIA,1,8,3,0.0,2024
745447,2024-09-13,134,PIT,1,118,KC,2,9,1,0.0,2024
745448,2024-09-14,134,PIT,1,118,KC,1,10,2,0.0,2024
745449,2024-09-15,134,PIT,1,118,KC,1,11,3,0.0,2024
745130,2024-09-16,134,PIT,0,138,STL,1,-1,1,556.9698942849304,2024
745122,2024-09-17,134,PIT,0,138,STL,1,-2,2,0.0,2024
745121,2024-09-18,134,PIT,0,138,STL,1,-3,3,0.0,2024
745120,2024-09-19,134,PIT,0,138,STL,1,-4,4,0.0,2024
746661,2024-09-20,134,PIT,0,113,CIN,1,-5,1,307.56531909433545,2024
746660,2024-09-21,134,PIT,0,113,CIN,1,-6,2,0.0,2024
746657,2024-09-22,134,PIT,0,113,CIN,1,-7,3,0.0,2024
745441,2024-09-24,134,PIT,1,158,MIL,2,1,1,256.6044671740272,2024
745442,2024-09-25,134,PIT,1,158,MIL,1,2,2,0.0,2024
745443,2024-09-26,134,PIT,1,158,MIL,1,3,3,0.0,2024
745692,2024-09-27,134,PIT,0,147,NYY,1,-1,1,319.800970833564,2024
745685,2024-09-28,134,PIT,0,147,NYY,1,-2,2,0.0,2024
745686,2024-09-29,134,PIT,0,147,NYY,1,-3,3,0.0,2024
745444,2024-03-20,135,SD,1,119,LAD,0,1,1,0.0,2024
746175,2024-03-21,135,SD,0,119,LAD,1,-1,2,113.20881075215142,2024
745445,2024-03-28,135,SD,1,137,SF,7,1,1,113.20881075215142,2024
745435,2024-03-30,135,SD,1,137,SF,2,2,2,0.0,2024
745436,2024-03-30,135,SD,1,137,SF,0,3,3,0.0,2024
745438,2024-03-31,135,SD,1,137,SF,1,4,4,0.0,2024
745437,2024-04-02,135,SD,1,138,STL,2,5,1,0.0,2024
745439,2024-04-03,135,SD,1,138,STL,1,6,2,0.0,2024
745440,2024-04-03,135,SD,1,138,STL,0,7,3,0.0,2024
745361,2024-04-05,135,SD,0,137,SF,2,-1,1,458.03894144483473,2024
745359,2024-04-07,135,SD,0,137,SF,2,-2,2,0.0,2024
745362,2024-04-07,135,SD,0,137,SF,0,-3,3,0.0,2024
745432,2024-04-09,135,SD,1,112,CHC,2,1,1,458.03894144483473,2024
745433,2024-04-10,135,SD,1,112,CHC,1,2,2,0.0,2024
745429,2024-04-10,135,SD,1,112,CHC,0,3,3,0.0,2024
746162,2024-04-13,135,SD,0,119,LAD,3,-1,1,113.20881075215142,2024
746161,2024-04-14,135,SD,0,119,LAD,1,-2,2,0.0,2024
746164,2024-04-14,135,SD,0,119,LAD,0,-3,3,0.0,2024
746002,2024-04-15,135,SD,0,158,MIL,1,-4,1,1737.1964859284558,2024
746004,2024-04-16,135,SD,0,158,MIL,1,-5,2,0.0,2024
746005,2024-04-17,135,SD,0,158,MIL,1,-6,3,0.0,2024
745430,2024-04-20,135,SD,1,141,TOR,3,1,1,1732.8547359706142,2024
745431,2024-04-21,135,SD,1,141,TOR,1,2,2,0.0,2024
745434,2024-04-21,135,SD,1,141,TOR,0,3,3,0.0,2024
746565,2024-04-23,135,SD,0,115,COL,2,-1,1,833.4460828296096,2024
746566,2024-04-24,135,SD,0,115,COL,1,-2,2,0.0,2024
746567,2024-04-25,135,SD,0,115,COL,1,-3,3,0.0,2024
746564,2024-04-25,135,SD,0,115,COL,0,-4,4,0.0,2024
745424,2024-04-27,135,SD,1,143,PHI,2,1,1,833.4460828296096,2024
745428,2024-04-28,135,SD,1,143,PHI,1,2,2,0.0,2024
745425,2024-04-28,135,SD,1,143,PHI,0,3,3,0.0,2024
745427,2024-04-30,135,SD,1,113,CIN,2,4,1,0.0,2024
745426,2024-05-01,135,SD,1,113,CIN,1,5,2,0.0,2024
745423,2024-05-01,135,SD,1,113,CIN,0,6,3,0.0,2024
747208,2024-05-04,135,SD,0,109,ARI,3,-1,1,299.07000924838377,2024
747209,2024-05-05,135,SD,0,109,ARI,1,-2,2,0.0,2024
747206,2024-05-05,135,SD,0,109,ARI,0,-3,3,0.0,2024
746886,2024-05-06,135,SD,0,112,CHC,1,-4,1,1451.6299446026987,2024
746885,2024-05-07,135,SD,0,112,CHC,1,-5,2,0.0,2024
746879,2024-05-08,135,SD,0,112,CHC,1,-6,3,0.0,2024
745421,2024-05-11,135,SD,1,119,LAD,3,1,1,1731.4493412522409,2024
745422,2024-05-12,135,SD,1,119,LAD,1,2,2,0.0,2024
745419,2024-05-12,135,SD,1,119,LAD,0,3,3,0.0,2024
745420,2024-05-14,135,SD,1,115,COL,2,4,1,0.0,2024
745418,2024-05-15,135,SD,1,115,COL,1,5,2,0.0,2024
745417,2024-05-15,135,SD,1,115,COL,0,6,3,0.0,2024
747122,2024-05-17,135,SD,0,144,ATL,2,-1,1,1881.7053801870268,2024
747120,2024-05-19,135,SD,0,144,ATL,1,-3,3,0.0,2024
747119,2024-05-20,135,SD,0,144,ATL,1,-4,4,0.0,2024
747121,2024-05-20,135,SD,0,144,ATL,0,-5,5,0.0,2024
746716,2024-05-21,135,SD,0,113,CIN,1,-6,1,359.8050212534856,2024
746712,2024-05-22,135,SD,0,113,CIN,1,-7,2,0.0,2024
746714,2024-05-23,135,SD,0,113,CIN,1,-8,3,0.0,2024
745415,2024-05-25,135,SD,1,147,NYY,2,1,1,1869.1251200134675,2024
745411,2024-05-26,135,SD,1,147,NYY,1,2,2,0.0,2024
745413,2024-05-26,135,SD,1,147,NYY,0,3,3,0.0,2024
745416,2024-05-27,135,SD,1,146,MIA,1,4,1,0.0,2024
745414,2024-05-29,135,SD,1,146,MIA,2,5,2,0.0,2024
745412,2024-05-29,135,SD,1,146,MIA,0,6,3,0.0,2024
746303,2024-06-01,135,SD,0,118,KC,3,-1,1,1338.8342274624279,2024
746305,2024-06-01,135,SD,0,118,KC,0,-2,2,0.0,2024
746301,2024-06-02,135,SD,0,118,KC,1,-3,3,0.0,2024
746224,2024-06-04,135,SD,0,108,LAA,2,-4,1,1346.5044522382782,2024
746222,2024-06-05,135,SD,0,108,LAA,1,-5,2,0.0,2024
746221,2024-06-06,135,SD,0,108,LAA,1,-6,3,0.0,2024
745408,2024-06-07,135,SD,1,109,ARI,1,1,1,86.36512380343024,2024
745406,2024-06-08,135,SD,1,109,ARI,1,2,2,0.0,2024
745407,2024-06-09,135,SD,1,109,ARI,1,3,3,0.0,2024
745410,2024-06-09,135,SD,1,109,ARI,0,4,4,0.0,2024
745409,2024-06-11,135,SD,1,133,OAK,2,5,1,0.0,2024
745404,2024-06-12,135,SD,1,133,OAK,1,6,2,0.0,2024
745405,2024-06-12,135,SD,1,133,OAK,0,7,3,0.0,2024
745810,2024-06-14,135,SD,0,121,NYM,2,-1,1,2436.313085576127,2024
745805,2024-06-15,135,SD,0,121,NYM,1,-2,2,0.0,2024
745807,2024-06-16,135,SD,0,121,NYM,1,-3,3,0.0,2024
745567,2024-06-17,135,SD,0,143,PHI,1,-4,1,91.08673366367736,2024
745563,2024-06-18,135,SD,0,143,PHI,1,-5,2,0.0,2024
745561,2024-06-19,135,SD,0,143,PHI,1,-6,3,0.0,2024
745401,2024-06-21,135,SD,1,158,MIL,2,1,1,2367.9373803347366,2024
745402,2024-06-22,135,SD,1,158,MIL,1,2,2,0.0,2024
745403,2024-06-22,135,SD,1,158,MIL,0,3,3,0.0,2024
745396,2024-06-23,135,SD,1,158,MIL,1,4,4,0.0,2024
745397,2024-06-25,135,SD,1,120,WSH,2,5,1,0.0,2024
745399,2024-06-26,135,SD,1,120,WSH,1,6,2,0.0,2024
745400,2024-06-26,135,SD,1,120,WSH,0,7,3,0.0,2024
746939,2024-06-28,135,SD,0,111,BOS,2,-1,1,2577.0025802905243,2024
746940,2024-06-29,135,SD,0,111,BOS,1,-2,2,0.0,2024
746938,2024-06-30,135,SD,0,111,BOS,1,-3,3,0.0,2024
744999,2024-07-03,135,SD,0,140,TEX,3,-4,1,1562.0482982121016,2024
744996,2024-07-04,135,SD,0,140,TEX,1,-5,2,0.0,2024
744998,2024-07-04,135,SD,0,140,TEX,0,-6,3,0.0,2024
745398,2024-07-06,135,SD,1,109,ARI,2,1,1,1165.0786259258875,2024
745395,2024-07-07,135,SD,1,109,ARI,1,2,2,0.0,2024
745391,2024-07-07,135,SD,1,109,ARI,0,3,3,0.0,2024
745393,2024-07-10,135,SD,1,136,SEA,3,4,1,0.0,2024
745394,2024-07-10,135,SD,1,136,SEA,0,5,2,0.0,2024
745390,2024-07-13,135,SD,1,144,ATL,3,6,1,0.0,2024
745392,2024-07-13,135,SD,1,144,ATL,0,7,2,0.0,2024
745385,2024-07-14,135,SD,1,144,ATL,1,8,3,0.0,2024
746618,2024-07-19,135,SD,0,114,CLE,5,-1,1,2030.8748360718175,2024
746613,2024-07-20,135,SD,0,114,CLE,1,-2,2,0.0,2024
746610,2024-07-21,135,SD,0,114,CLE,1,-3,3,0.0,2024
744828,2024-07-23,135,SD,0,120,WSH,2,-4,1,306.2397190255103,2024
744824,2024-07-24,135,SD,0,120,WSH,1,-5,2,0.0,2024
744827,2024-07-25,135,SD,0,120,WSH,1,-6,3,0.0,2024
747010,2024-07-26,135,SD,0,110,BAL,1,-7,1,35.12148729233362,2024
747006,2024-07-27,135,SD,0,110,BAL,1,-8,2,0.0,2024
747008,2024-07-28,135,SD,0,110,BAL,1,-9,3,0.0,2024
745389,2024-07-31,135,SD,1,119,LAD,3,1,1,2291.50122166283,2024
745386,2024-08-01,135,SD,1,119,LAD,1,2,2,0.0,2024
745387,2024-08-03,135,SD,1,115,COL,2,3,1,0.0,2024
745388,2024-08-04,135,SD,1,115,COL,1,4,2,0.0,2024
745384,2024-08-04,135,SD,1,115,COL,0,5,3,0.0,2024
745467,2024-08-06,135,SD,0,134,PIT,2,-1,1,2112.926750844012,2024
745469,2024-08-07,135,SD,0,134,PIT,1,-2,2,0.0,2024
745466,2024-08-08,135,SD,0,134,PIT,1,-3,3,0.0,2024
746032,2024-08-09,135,SD,0,146,MIA,1,-4,1,1013.6533818001047,2024
746026,2024-08-10,135,SD,0,146,MIA,1,-5,2,0.0,2024
746025,2024-08-11,135,SD,0,146,MIA,1,-6,3,0.0,2024
745383,2024-08-13,135,SD,1,134,PIT,2,1,1,2266.0145326444363,2024
745381,2024-08-14,135,SD,1,134,PIT,1,2,2,0.0,2024
745382,2024-08-14,135,SD,1,134,PIT,0,3,3,0.0,2024
746518,2024-08-17,135,SD,0,115,COL,3,-1,1,833.4460828296096,2024
746515,2024-08-18,135,SD,0,115,COL,1,-2,2,0.0,2024
746516,2024-08-18,135,SD,0,115,COL,0,-3,3,0.0,2024
745380,2024-08-20,135,SD,1,142,MIN,2,1,1,833.4460828296096,2024
745374,2024-08-21,135,SD,1,142,MIN,1,2,2,0.0,2024
745375,2024-08-21,135,SD,1,142,MIN,0,3,3,0.0,2024
745379,2024-08-23,135,SD,1,121,NYM,2,4,1,0.0,2024
745378,2024-08-24,135,SD,1,121,NYM,1,5,2,0.0,2024
745376,2024-08-25,135,SD,1,121,NYM,1,6,3,0.0,2024
745377,2024-08-25,135,SD,1,121,NYM,0,7,4,0.0,2024
745133,2024-08-26,135,SD,0,138,STL,1,-1,1,1561.6025452697695,2024
745132,2024-08-27,135,SD,0,138,STL,1,-2,2,0.0,2024
745134,2024-08-28,135,SD,0,138,STL,1,-3,3,0.0,2024
745135,2024-08-29,135,SD,0,138,STL,1,-4,4,0.0,2024
745052,2024-08-30,135,SD,0,139,TB,1,-5,1,866.6994960845234,2024
745050,2024-08-31,135,SD,0,139,TB,1,-6,2,0.0,2024
745048,2024-09-01,135,SD,0,139,TB,1,-7,3,0.0,2024
745373,2024-09-02,135,SD,1,116,DET,1,1,1,2078.5437948747294,2024
745370,2024-09-05,135,SD,1,116,DET,3,2,2,0.0,2024
745369,2024-09-06,135,SD,1,116,DET,1,3,3,0.0,2024
745371,2024-09-07,135,SD,1,137,SF,1,4,1,0.0,2024
745372,2024-09-08,135,SD,1,137,SF,1,5,2,0.0,2024
745368,2024-09-08,135,SD,1,137,SF,0,6,3,0.0,2024
745210,2024-09-11,135,SD,0,136,SEA,3,-1,1,1063.509772580899,2024
745214,2024-09-12,135,SD,0,136,SEA,1,-2,2,0.0,2024
745286,2024-09-14,135,SD,0,137,SF,2,-3,1,678.0468674235019,2024
745284,2024-09-15,135,SD,0,137,SF,1,-4,2,0.0,2024
745287,2024-09-15,135,SD,0,137,SF,0,-5,3,0.0,2024
745367,2024-09-17,135,SD,1,117,HOU,2,1,1,458.03894144483473,2024
745366,2024-09-18,135,SD,1,117,HOU,1,2,2,0.0,2024
745365,2024-09-18,135,SD,1,117,HOU,0,3,3,0.0,2024
745364,2024-09-21,135,SD,1,145,CWS,3,4,1,0.0,2024
745360,2024-09-22,135,SD,1,145,CWS,1,5,2,0.0,2024
745358,2024-09-22,135,SD,1,145,CWS,0,6,3,0.0,2024
746093,2024-09-25,135,SD,0,119,LAD,3,-1,1,113.20881075215142,2024
746095,2024-09-26,135,SD,0,119,LAD,1,-2,2,0.0,2024
746088,2024-09-27,135,SD,0,119,LAD,1,-3,3,0.0,2024
747145,2024-09-28,135,SD,0,109,ARI,1,-4,1,357.22532088939374,2024
747146,2024-09-29,135,SD,0,109,ARI,1,-5,2,0.0,2024
747147,2024-09-29,135,SD,0,109,ARI,0,-6,3,0.0,2024
745283,2024-03-29,136,SEA,1,111,BOS,0,1,1,0.0,2024
745276,2024-03-30,136,SEA,1,111,BOS,1,2,2,0.0,2024
745278,2024-03-31,136,SEA,1,111,BOS,1,3,3,0.0,2024
745279,2024-03-31,136,SEA,1,111,BOS,0,4,4,0.0,2024
745277,2024-04-02,136,SEA,1,114,CLE,2,5,1,0.0,2024
745273,2024-04-03,136,SEA,1,114,CLE,1,6,2,0.0,2024
745275,2024-04-03,136,SEA,1,114,CLE,0,7,3,0.0,2024
746007,2024-04-06,136,SEA,0,158,MIL,3,-1,1,1684.8927175606668,2024
746006,2024-04-06,136,SEA,0,158,MIL,0,-2,2,0.0,2024
746003,2024-04-07,136,SEA,0,158,MIL,1,-3,3,0.0,2024
744956,2024-04-08,136,SEA,0,141,TOR,1,-4,1,433.19037079572774,2024
744957,2024-04-09,136,SEA,0,141,TOR,1,-5,2,0.0,2024
744950,2024-04-10,136,SEA,0,141,TOR,1,-6,3,0.0,2024
745274,2024-04-13,136,SEA,1,112,CHC,3,1,1,2066.462246019487,2024
745272,2024-04-14,136,SEA,1,112,CHC,1,2,2,0.0,2024
745271,2024-04-14,136,SEA,1,112,CHC,0,3,3,0.0,2024
745268,2024-04-16,136,SEA,1,113,CIN,2,4,1,0.0,2024
745270,2024-04-17,136,SEA,1,113,CIN,1,5,2,0.0,2024
745267,2024-04-17,136,SEA,1,113,CIN,0,6,3,0.0,2024
746568,2024-04-21,136,SEA,0,115,COL,1,-2,2,0.0,2024
746570,2024-04-21,136,SEA,0,115,COL,0,-3,3,0.0,2024
746572,2024-04-22,136,SEA,0,115,COL,1,-4,4,0.0,2024
745026,2024-04-24,136,SEA,0,140,TEX,2,-5,1,654.0900182055016,2024
745028,2024-04-25,136,SEA,0,140,TEX,1,-6,2,0.0,2024
745027,2024-04-25,136,SEA,0,140,TEX,0,-7,3,0.0,2024
745269,2024-04-27,136,SEA,1,109,ARI,2,1,1,1668.9357465944922,2024
745266,2024-04-28,136,SEA,1,109,ARI,1,2,2,0.0,2024
745265,2024-04-28,136,SEA,1,109,ARI,0,3,3,0.0,2024
745263,2024-04-30,136,SEA,1,144,ATL,2,4,1,0.0,2024
745261,2024-05-01,136,SEA,1,144,ATL,1,5,2,0.0,2024
745260,2024-05-01,136,SEA,1,144,ATL,0,6,3,0.0,2024
746402,2024-05-04,136,SEA,0,117,HOU,3,-1,1,1889.6158526975785,2024
746394,2024-05-04,136,SEA,0,117,HOU,0,-2,2,0.0,2024
746395,2024-05-05,136,SEA,0,117,HOU,1,-3,3,0.0,2024
745912,2024-05-06,136,SEA,0,142,MIN,1,-4,1,1058.038361560939,2024
745915,2024-05-07,136,SEA,0,142,MIN,1,-5,2,0.0,2024
745906,2024-05-08,136,SEA,0,142,MIN,1,-6,3,0.0,2024
745910,2024-05-09,136,SEA,0,142,MIN,1,-7,4,0.0,2024
745264,2024-05-11,136,SEA,1,133,OAK,2,1,1,1390.7389323897291,2024
745255,2024-05-12,136,SEA,1,133,OAK,1,2,2,0.0,2024
745262,2024-05-12,136,SEA,1,133,OAK,0,3,3,0.0,2024
745256,2024-05-14,136,SEA,1,118,KC,2,4,1,0.0,2024
745257,2024-05-15,136,SEA,1,118,KC,1,5,2,0.0,2024
745259,2024-05-15,136,SEA,1,118,KC,0,6,3,0.0,2024
747037,2024-05-17,136,SEA,0,110,BAL,2,-1,1,2328.21147385152,2024
747036,2024-05-18,136,SEA,0,110,BAL,1,-2,2,0.0,2024
747035,2024-05-19,136,SEA,0,110,BAL,1,-3,3,0.0,2024
745746,2024-05-20,136,SEA,0,147,NYY,1,-4,1,178.12306591164185,2024
745742,2024-05-21,136,SEA,0,147,NYY,1,-5,2,0.0,2024
745743,2024-05-22,136,SEA,0,147,NYY,1,-6,3,0.0,2024
745741,2024-05-23,136,SEA,0,147,NYY,1,-7,4,0.0,2024
744853,2024-05-24,136,SEA,0,120,WSH,1,-8,1,212.0912051760551,2024
744851,2024-05-25,136,SEA,0,120,WSH,1,-9,2,0.0,2024
744855,2024-05-26,136,SEA,0,120,WSH,1,-10,3,0.0,2024
745254,2024-05-28,136,SEA,1,117,HOU,2,1,1,2324.354505710339,2024
745258,2024-05-29,136,SEA,1,117,HOU,1,2,2,0.0,2024
745250,2024-05-30,136,SEA,1,117,HOU,1,3,3,0.0,2024
745249,2024-05-30,136,SEA,1,117,HOU,0,4,4,0.0,2024
745253,2024-06-01,136,SEA,1,108,LAA,2,5,1,0.0,2024
745251,2024-06-01,136,SEA,1,108,LAA,0,6,2,0.0,2024
745252,2024-06-02,136,SEA,1,108,LAA,1,7,3,0.0,2024
745656,2024-06-05,136,SEA,0,133,OAK,3,-1,1,679.9392003432476,2024
745654,2024-06-06,136,SEA,0,133,OAK,1,-2,2,0.0,2024
745657,2024-06-06,136,SEA,0,133,OAK,0,-3,3,0.0,2024
746302,2024-06-08,136,SEA,0,118,KC,2,-4,1,1497.929836668995,2024
746300,2024-06-08,136,SEA,0,118,KC,0,-5,2,0.0,2024
746297,2024-06-09,136,SEA,0,118,KC,1,-6,3,0.0,2024
745248,2024-06-11,136,SEA,1,145,CWS,2,1,1,1508.929102213115,2024
745244,2024-06-12,136,SEA,1,145,CWS,1,2,2,0.0,2024
745246,2024-06-13,136,SEA,1,145,CWS,1,3,3,0.0,2024
745245,2024-06-14,136,SEA,1,145,CWS,1,4,4,0.0,2024
745247,2024-06-15,136,SEA,1,140,TEX,1,5,1,0.0,2024
745241,2024-06-15,136,SEA,1,140,TEX,0,6,2,0.0,2024
745242,2024-06-16,136,SEA,1,140,TEX,1,7,3,0.0,2024
746627,2024-06-18,136,SEA,0,114,CLE,2,-1,1,2021.2763610125958,2024
746625,2024-06-19,136,SEA,0,114,CLE,1,-2,2,0.0,2024
746626,2024-06-20,136,SEA,0,114,CLE,1,-3,3,0.0,2024
746052,2024-06-21,136,SEA,0,146,MIA,1,-4,1,1089.3021385315913,2024
746048,2024-06-22,136,SEA,0,146,MIA,1,-5,2,0.0,2024
746051,2024-06-23,136,SEA,0,146,MIA,1,-6,3,0.0,2024
745078,2024-06-24,136,SEA,0,139,TB,1,-7,1,203.5855811594844,2024
745076,2024-06-25,136,SEA,0,139,TB,1,-8,2,0.0,2024
745073,2024-06-26,136,SEA,0,139,TB,1,-9,3,0.0,2024
745238,2024-06-29,136,SEA,1,142,MIN,3,1,1,2525.9452819416106,2024
745239,2024-06-30,136,SEA,1,142,MIN,1,2,2,0.0,2024
745243,2024-06-30,136,SEA,1,142,MIN,0,3,3,0.0,2024
745240,2024-07-03,136,SEA,1,110,BAL,3,4,1,0.0,2024
745234,2024-07-04,136,SEA,1,110,BAL,1,5,2,0.0,2024
745236,2024-07-04,136,SEA,1,110,BAL,0,6,3,0.0,2024
745235,2024-07-06,136,SEA,1,141,TOR,2,7,1,0.0,2024
745237,2024-07-06,136,SEA,1,141,TOR,0,8,2,0.0,2024
745233,2024-07-07,136,SEA,1,141,TOR,1,9,3,0.0,2024
745393,2024-07-10,136,SEA,0,135,SD,3,-1,1,1063.509772580899,2024
745394,2024-07-10,136,SEA,0,135,SD,0,-2,2,0.0,2024
746204,2024-07-12,136,SEA,0,108,LAA,2,-3,1,86.36512380343024,2024
746207,2024-07-13,136,SEA,0,108,LAA,1,-4,2,0.0,2024
746202,2024-07-14,136,SEA,0,108,LAA,1,-5,3,0.0,2024
746201,2024-07-14,136,SEA,0,108,LAA,0,-6,4,0.0,2024
745228,2024-07-20,136,SEA,1,117,HOU,6,1,1,980.5935873257743,2024
745230,2024-07-21,136,SEA,1,117,HOU,1,2,2,0.0,2024
745229,2024-07-21,136,SEA,1,117,HOU,0,3,3,0.0,2024
745232,2024-07-23,136,SEA,1,108,LAA,2,4,1,0.0,2024
745227,2024-07-24,136,SEA,1,108,LAA,1,5,2,0.0,2024
745231,2024-07-24,136,SEA,1,108,LAA,0,6,3,0.0,2024
746767,2024-07-27,136,SEA,0,145,CWS,3,-1,1,1734.2639498746735,2024
746768,2024-07-27,136,SEA,0,145,CWS,0,-2,2,0.0,2024
746770,2024-07-28,136,SEA,0,145,CWS,1,-3,3,0.0,2024
746928,2024-07-29,136,SEA,0,111,BOS,1,-4,1,847.3821391741471,2024
746926,2024-07-30,136,SEA,0,111,BOS,1,-5,2,0.0,2024
746925,2024-07-31,136,SEA,0,111,BOS,1,-6,3,0.0,2024
745224,2024-08-03,136,SEA,1,143,PHI,3,1,1,2484.5557470593844,2024
745225,2024-08-04,136,SEA,1,143,PHI,1,2,2,0.0,2024
745222,2024-08-04,136,SEA,1,143,PHI,0,3,3,0.0,2024
745221,2024-08-07,136,SEA,1,116,DET,3,4,1,0.0,2024
745223,2024-08-08,136,SEA,1,116,DET,1,5,2,0.0,2024
745226,2024-08-09,136,SEA,1,116,DET,1,6,3,0.0,2024
745220,2024-08-10,136,SEA,1,121,NYM,1,7,1,0.0,2024
745219,2024-08-11,136,SEA,1,121,NYM,1,8,2,0.0,2024
745216,2024-08-11,136,SEA,1,121,NYM,0,9,3,0.0,2024
746435,2024-08-13,136,SEA,0,116,DET,2,-1,1,1933.051781296917,2024
746436,2024-08-14,136,SEA,0,116,DET,1,-2,2,0.0,2024
746437,2024-08-15,136,SEA,0,116,DET,1,-3,3,0.0,2024
745462,2024-08-16,136,SEA,0,134,PIT,1,-4,1,204.84355160436255,2024
745463,2024-08-17,136,SEA,0,134,PIT,1,-5,2,0.0,2024
745464,2024-08-18,136,SEA,0,134,PIT,1,-6,3,0.0,2024
746109,2024-08-20,136,SEA,0,119,LAD,2,-7,1,2130.9802254915467,2024
746107,2024-08-21,136,SEA,0,119,LAD,1,-8,2,0.0,2024
746110,2024-08-22,136,SEA,0,119,LAD,1,-9,3,0.0,2024
745217,2024-08-24,136,SEA,1,137,SF,2,1,1,957.8545939923275,2024
745218,2024-08-24,136,SEA,1,137,SF,0,2,2,0.0,2024
745212,2024-08-25,136,SEA,1,137,SF,1,3,3,0.0,2024
745215,2024-08-27,136,SEA,1,139,TB,2,4,1,0.0,2024
745213,2024-08-28,136,SEA,1,139,TB,1,5,2,0.0,2024
745211,2024-08-28,136,SEA,1,139,TB,0,6,3,0.0,2024
746184,2024-08-31,136,SEA,0,108,LAA,3,-1,1,980.5935873257743,2024
746182,2024-09-01,136,SEA,0,108,LAA,1,-2,2,0.0,2024
746183,2024-09-01,136,SEA,0,108,LAA,0,-3,3,0.0,2024
745619,2024-09-02,136,SEA,0,133,OAK,1,-4,1,364.7793033141838,2024
745615,2024-09-04,136,SEA,0,133,OAK,2,-5,2,0.0,2024
745614,2024-09-05,136,SEA,0,133,OAK,1,-6,3,0.0,2024
745612,2024-09-05,136,SEA,0,133,OAK,0,-7,4,0.0,2024
745125,2024-09-07,136,SEA,0,138,STL,2,-8,1,1730.5555289171796,2024
745131,2024-09-07,136,SEA,0,138,STL,0,-9,2,0.0,2024
745128,2024-09-08,136,SEA,0,138,STL,1,-10,3,0.0,2024
745210,2024-09-11,136,SEA,1,135,SD,3,1,1,1720.6847673970585,2024
745214,2024-09-12,136,SEA,1,135,SD,1,2,2,0.0,2024
745208,2024-09-13,136,SEA,1,140,TEX,1,3,1,0.0,2024
745207,2024-09-14,136,SEA,1,140,TEX,1,4,2,0.0,2024
745209,2024-09-15,136,SEA,1,140,TEX,1,5,3,0.0,2024
745206,2024-09-15,136,SEA,1,140,TEX,0,6,4,0.0,2024
745205,2024-09-18,136,SEA,1,147,NYY,3,7,1,0.0,2024
745204,2024-09-19,136,SEA,1,147,NYY,1,8,2,0.0,2024
745199,2024-09-19,136,SEA,1,147,NYY,0,9,3,0.0,2024
744960,2024-09-21,136,SEA,0,140,TEX,2,-1,1,1668.9357465944922,2024
744958,2024-09-21,136,SEA,0,140,TEX,0,-2,2,0.0,2024
744955,2024-09-22,136,SEA,0,140,TEX,1,-3,3,0.0,2024
746334,2024-09-24,136,SEA,0,117,HOU,2,-4,1,230.66355960201378,2024
746336,2024-09-25,136,SEA,0,117,HOU,1,-5,2,0.0,2024
746331,2024-09-25,136,SEA,0,117,HOU,0,-6,3,0.0,2024
745202,2024-09-28,136,SEA,1,133,OAK,3,1,1,1889.6158526975785,2024
745203,2024-09-29,136,SEA,1,133,OAK,1,2,2,0.0,2024
745201,2024-09-29,136,SEA,1,133,OAK,0,3,3,0.0,2024
745445,2024-03-28,137,SF,0,135,SD,0,-1,1,458.03894144483473,2024
745435,2024-03-30,137,SF,0,135,SD,2,-2,2,0.0,2024
745436,2024-03-30,137,SF,0,135,SD,0,-3,3,0.0,2024
745438,2024-03-31,137,SF,0,135,SD,1,-4,4,0.0,2024
746170,2024-04-02,137,SF,0,119,LAD,2,-5,1,113.20881075215142,2024
746169,2024-04-03,137,SF,0,119,LAD,1,-6,2,0.0,2024
746163,2024-04-04,137,SF,0,119,LAD,1,-7,3,0.0,2024
745361,2024-04-05,137,SF,1,135,SD,1,1,1,345.5052646422354,2024
745362,2024-04-07,137,SF,1,135,SD,2,2,2,0.0,2024
745359,2024-04-07,137,SF,1,135,SD,0,3,3,0.0,2024
745363,2024-04-09,137,SF,1,120,WSH,2,4,1,0.0,2024
745357,2024-04-10,137,SF,1,120,WSH,1,5,2,0.0,2024
745355,2024-04-10,137,SF,1,120,WSH,0,6,3,0.0,2024
745112,2024-04-12,137,SF,0,139,TB,2,-1,1,2390.1707868906847,2024
745110,2024-04-13,137,SF,0,139,TB,1,-2,2,0.0,2024
745113,2024-04-14,137,SF,0,139,TB,1,-3,3,0.0,2024
746080,2024-04-15,137,SF,0,146,MIA,1,-4,1,203.5855811594844,2024
746081,2024-04-16,137,SF,0,146,MIA,1,-5,2,0.0,2024
746076,2024-04-17,137,SF,0,146,MIA,1,-6,3,0.0,2024
745356,2024-04-19,137,SF,1,109,ARI,2,1,1,2587.455596996607,2024
745352,2024-04-20,137,SF,1,109,ARI,1,2,2,0.0,2024
745354,2024-04-20,137,SF,1,109,ARI,0,3,3,0.0,2024
745353,2024-04-21,137,SF,1,109,ARI,1,4,4,0.0,2024
745351,2024-04-23,137,SF,1,121,NYM,2,5,1,0.0,2024
745348,2024-04-24,137,SF,1,121,NYM,1,6,2,0.0,2024
745346,2024-04-24,137,SF,1,121,NYM,0,7,3,0.0,2024
745347,2024-04-27,137,SF,1,134,PIT,3,8,1,0.0,2024
745350,2024-04-28,137,SF,1,134,PIT,1,9,2,0.0,2024
745349,2024-04-28,137,SF,1,134,PIT,0,10,3,0.0,2024
746968,2024-04-30,137,SF,0,111,BOS,2,-1,1,2689.627391005658,2024
746966,2024-05-01,137,SF,0,111,BOS,1,-2,2,0.0,2024
746969,2024-05-02,137,SF,0,111,BOS,1,-3,3,0.0,2024
745589,2024-05-03,137,SF,0,143,PHI,1,-4,1,270.6814533596281,2024
745583,2024-05-04,137,SF,0,143,PHI,1,-5,2,0.0,2024
745587,2024-05-05,137,SF,0,143,PHI,1,-6,3,0.0,2024
745585,2024-05-06,137,SF,0,143,PHI,1,-7,4,0.0,2024
746559,2024-05-08,137,SF,0,115,COL,2,-8,1,1575.3272730725726,2024
746562,2024-05-09,137,SF,0,115,COL,1,-9,2,0.0,2024
746563,2024-05-09,137,SF,0,115,COL,0,-10,3,0.0,2024
745344,2024-05-11,137,SF,1,113,CIN,2,1,1,945.5308694116128,2024
745340,2024-05-11,137,SF,1,113,CIN,0,2,2,0.0,2024
745345,2024-05-12,137,SF,1,113,CIN,1,3,3,0.0,2024
745343,2024-05-14,137,SF,1,119,LAD,2,4,1,0.0,2024
745342,2024-05-15,137,SF,1,119,LAD,1,5,2,0.0,2024
745341,2024-05-16,137,SF,1,119,LAD,1,6,3,0.0,2024
745335,2024-05-18,137,SF,1,115,COL,2,7,1,0.0,2024
745339,2024-05-18,137,SF,1,115,COL,0,8,2,0.0,2024
745336,2024-05-19,137,SF,1,115,COL,1,9,3,0.0,2024
745503,2024-05-21,137,SF,0,134,PIT,2,-1,1,2257.9877065555274,2024
745502,2024-05-22,137,SF,0,134,PIT,1,-2,2,0.0,2024
745500,2024-05-23,137,SF,0,134,PIT,1,-3,3,0.0,2024
745822,2024-05-24,137,SF,0,121,NYM,1,-4,1,323.80514004194157,2024
745823,2024-05-25,137,SF,0,121,NYM,1,-5,2,0.0,2024
745824,2024-05-26,137,SF,0,121,NYM,1,-6,3,0.0,2024
745338,2024-05-27,137,SF,1,143,PHI,1,1,1,2571.816906012279,2024
745337,2024-05-29,137,SF,1,143,PHI,2,2,2,0.0,2024
745333,2024-05-29,137,SF,1,143,PHI,0,3,3,0.0,2024
745331,2024-06-01,137,SF,1,147,NYY,3,4,1,0.0,2024
745332,2024-06-02,137,SF,1,147,NYY,1,5,2,0.0,2024
745330,2024-06-02,137,SF,1,147,NYY,0,6,3,0.0,2024
747194,2024-06-04,137,SF,0,109,ARI,2,-1,1,652.0636757078365,2024
747196,2024-06-05,137,SF,0,109,ARI,1,-2,2,0.0,2024
747195,2024-06-05,137,SF,0,109,ARI,0,-3,3,0.0,2024
745008,2024-06-08,137,SF,0,140,TEX,3,-4,1,867.9010244338684,2024
745001,2024-06-08,137,SF,0,140,TEX,0,-5,2,0.0,2024
745003,2024-06-09,137,SF,0,140,TEX,1,-6,3,0.0,2024
745334,2024-06-11,137,SF,1,117,HOU,2,1,1,1464.4396362905297,2024
745327,2024-06-12,137,SF,1,117,HOU,1,2,2,0.0,2024
745328,2024-06-12,137,SF,1,117,HOU,0,3,3,0.0,2024
745329,2024-06-15,137,SF,1,108,LAA,3,4,1,0.0,2024
745326,2024-06-15,137,SF,1,108,LAA,0,5,2,0.0,2024
745321,2024-06-16,137,SF,1,108,LAA,1,6,3,0.0,2024
746868,2024-06-18,137,SF,0,112,CHC,2,-1,1,1851.6696488043885,2024
746867,2024-06-19,137,SF,0,112,CHC,1,-2,2,0.0,2024
746864,2024-06-19,137,SF,0,112,CHC,0,-3,3,0.0,2024
745164,2024-06-20,137,SF,0,138,STL,1,-4,1,265.86188355988685,2024
745163,2024-06-22,137,SF,0,138,STL,2,-5,2,0.0,2024
745165,2024-06-23,137,SF,0,138,STL,1,-6,3,0.0,2024
745323,2024-06-25,137,SF,1,112,CHC,2,1,1,1740.2563893028632,2024
745322,2024-06-26,137,SF,1,112,CHC,1,2,2,0.0,2024
745324,2024-06-27,137,SF,1,112,CHC,1,3,3,0.0,2024
745325,2024-06-27,137,SF,1,112,CHC,0,4,4,0.0,2024
745319,2024-06-29,137,SF,1,119,LAD,2,5,1,0.0,2024
745317,2024-06-29,137,SF,1,119,LAD,0,6,2,0.0,2024
745320,2024-06-30,137,SF,1,119,LAD,1,7,3,0.0,2024
747102,2024-07-02,137,SF,0,144,ATL,2,-1,1,2126.61368269605,2024
747100,2024-07-03,137,SF,0,144,ATL,1,-2,2,0.0,2024
747103,2024-07-04,137,SF,0,144,ATL,1,-3,3,0.0,2024
746620,2024-07-05,137,SF,0,114,CLE,1,-4,1,547.0068450040225,2024
746615,2024-07-06,137,SF,0,114,CLE,1,-5,2,0.0,2024
746616,2024-07-07,137,SF,0,114,CLE,1,-6,3,0.0,2024
745316,2024-07-10,137,SF,1,141,TOR,3,1,1,2161.0355110440028,2024
745318,2024-07-11,137,SF,1,141,TOR,1,2,2,0.0,2024
745313,2024-07-11,137,SF,1,141,TOR,0,3,3,0.0,2024
745312,2024-07-13,137,SF,1,142,MIN,2,4,1,0.0,2024
745311,2024-07-13,137,SF,1,142,MIN,0,5,2,0.0,2024
745314,2024-07-14,137,SF,1,142,MIN,1,6,3,0.0,2024
746531,2024-07-20,137,SF,0,115,COL,6,-1,1,945.5308694116128,2024
746527,2024-07-21,137,SF,0,115,COL,1,-2,2,0.0,2024
746528,2024-07-21,137,SF,0,115,COL,0,-3,3,0.0,2024
746124,2024-07-23,137,SF,0,119,LAD,2,-4,1,829.208728545356,2024
746118,2024-07-24,137,SF,0,119,LAD,1,-5,2,0.0,2024
746119,2024-07-25,137,SF,0,119,LAD,1,-6,3,0.0,2024
746117,2024-07-25,137,SF,0,119,LAD,0,-7,4,0.0,2024
745315,2024-07-27,137,SF,1,115,COL,2,1,1,345.5052646422354,2024
745307,2024-07-27,137,SF,1,115,COL,0,2,2,0.0,2024
745310,2024-07-27,137,SF,1,115,COL,0,3,3,0.0,2024
745305,2024-07-28,137,SF,1,115,COL,1,4,4,0.0,2024
745309,2024-07-31,137,SF,1,133,OAK,3,5,1,0.0,2024
745306,2024-08-01,137,SF,1,133,OAK,1,6,2,0.0,2024
746679,2024-08-02,137,SF,0,113,CIN,1,-1,1,2037.340018250872,2024
746681,2024-08-03,137,SF,0,113,CIN,1,-2,2,0.0,2024
746680,2024-08-04,137,SF,0,113,CIN,1,-3,3,0.0,2024
744821,2024-08-05,137,SF,0,120,WSH,1,-4,1,403.05254469244744,2024
744817,2024-08-06,137,SF,0,120,WSH,1,-5,2,0.0,2024
744822,2024-08-07,137,SF,0,120,WSH,1,-6,3,0.0,2024
744819,2024-08-08,137,SF,0,120,WSH,1,-7,4,0.0,2024
745308,2024-08-10,137,SF,1,116,DET,2,1,1,2435.443676108395,2024
745304,2024-08-10,137,SF,1,116,DET,0,2,2,0.0,2024
745303,2024-08-11,137,SF,1,116,DET,1,3,3,0.0,2024
745300,2024-08-13,137,SF,1,144,ATL,2,4,1,0.0,2024
745302,2024-08-14,137,SF,1,144,ATL,1,5,2,0.0,2024
745301,2024-08-15,137,SF,1,144,ATL,1,6,3,0.0,2024
745298,2024-08-15,137,SF,1,144,ATL,0,7,4,0.0,2024
745626,2024-08-17,137,SF,0,133,OAK,2,-1,1,10.48032218937323,2024
745621,2024-08-18,137,SF,0,133,OAK,1,-2,2,0.0,2024
745294,2024-08-20,137,SF,1,145,CWS,2,1,1,10.48032218937323,2024
745295,2024-08-21,137,SF,1,145,CWS,1,2,2,0.0,2024
745297,2024-08-21,137,SF,1,145,CWS,0,3,3,0.0,2024
745217,2024-08-24,137,SF,0,136,SEA,3,-1,1,678.0468674235019,2024
745218,2024-08-24,137,SF,0,136,SEA,0,-2,2,0.0,2024
745212,2024-08-25,137,SF,0,136,SEA,1,-3,3,0.0,2024
745946,2024-08-28,137,SF,0,158,MIL,3,-4,1,1684.8927175606668,2024
745943,2024-08-29,137,SF,0,158,MIL,1,-5,2,0.0,2024
745945,2024-08-29,137,SF,0,158,MIL,0,-6,3,0.0,2024
745299,2024-08-31,137,SF,1,146,MIA,2,1,1,1833.5573982316243,2024
745296,2024-09-01,137,SF,1,146,MIA,1,2,2,0.0,2024
745292,2024-09-01,137,SF,1,146,MIA,0,3,3,0.0,2024
745293,2024-09-04,137,SF,1,109,ARI,3,4,1,0.0,2024
745290,2024-09-05,137,SF,1,109,ARI,1,5,2,0.0,2024
745289,2024-09-05,137,SF,1,109,ARI,0,6,3,0.0,2024
745371,2024-09-07,137,SF,0,135,SD,2,-1,1,458.03894144483473,2024
745372,2024-09-08,137,SF,0,135,SD,1,-2,2,0.0,2024
745368,2024-09-08,137,SF,0,135,SD,0,-3,3,0.0,2024
745291,2024-09-11,137,SF,1,158,MIL,3,1,1,458.03894144483473,2024
745285,2024-09-12,137,SF,1,158,MIL,1,2,2,0.0,2024
745288,2024-09-13,137,SF,1,158,MIL,1,3,3,0.0,2024
745286,2024-09-14,137,SF,1,135,SD,1,4,1,0.0,2024
745284,2024-09-15,137,SF,1,135,SD,1,5,2,0.0,2024
745287,2024-09-15,137,SF,1,135,SD,0,6,3,0.0,2024
746987,2024-09-17,137,SF,0,110,BAL,2,-1,1,2449.4024024101145,2024
746988,2024-09-18,137,SF,0,110,BAL,1,-2,2,0.0,2024
746985,2024-09-19,137,SF,0,110,BAL,1,-3,3,0.0,2024
746256,2024-09-21,137,SF,0,118,KC,2,-4,1,955.2837530445377,2024
746255,2024-09-21,137,SF,0,118,KC,0,-5,2,0.0,2024
746253,2024-09-22,137,SF,0,118,KC,1,-6,3,0.0,2024
747150,2024-09-24,137,SF,0,109,ARI,2,-7,1,1051.5706596300413,2024
747149,2024-09-25,137,SF,0,109,ARI,1,-8,2,0.0,2024
747144,2024-09-26,137,SF,0,109,ARI,1,-9,3,0.0,2024
745280,2024-09-28,137,SF,1,138,STL,2,1,1,652.0636757078365,2024
745281,2024-09-28,137,SF,1,138,STL,0,2,2,0.0,2024
745282,2024-09-29,137,SF,1,138,STL,1,3,3,0.0,2024
746165,2024-03-28,138,STL,0,119,LAD,0,-1,1,1585.7405201242425,2024
746167,2024-03-30,138,STL,0,119,LAD,2,-2,2,0.0,2024
746168,2024-03-31,138,STL,0,119,LAD,1,-3,3,0.0,2024
746166,2024-03-31,138,STL,0,119,LAD,0,-4,4,0.0,2024
745437,2024-04-02,138,STL,0,135,SD,2,-5,1,113.20881075215142,2024
745439,2024-04-03,138,STL,0,135,SD,1,-6,2,0.0,2024
745440,2024-04-03,138,STL,0,135,SD,0,-7,3,0.0,2024
745200,2024-04-04,138,STL,1,146,MIA,1,1,1,1561.6025452697695,2024
745197,2024-04-06,138,STL,1,146,MIA,2,2,2,0.0,2024
745198,2024-04-07,138,STL,1,146,MIA,1,3,3,0.0,2024
745194,2024-04-08,138,STL,1,143,PHI,1,4,1,0.0,2024
745195,2024-04-09,138,STL,1,143,PHI,1,5,2,0.0,2024
745196,2024-04-10,138,STL,1,143,PHI,1,6,3,0.0,2024
747217,2024-04-13,138,STL,0,109,ARI,3,-1,1,1270.0024589462362,2024
747215,2024-04-14,138,STL,0,109,ARI,1,-2,2,0.0,2024
747216,2024-04-14,138,STL,0,109,ARI,0,-3,3,0.0,2024
745677,2024-04-16,138,STL,0,133,OAK,2,-4,1,641.9010628899154,2024
745674,2024-04-17,138,STL,0,133,OAK,1,-5,2,0.0,2024
745671,2024-04-17,138,STL,0,133,OAK,0,-6,3,0.0,2024
745190,2024-04-20,138,STL,1,158,MIL,3,1,1,1730.5555289171796,2024
745189,2024-04-20,138,STL,1,158,MIL,0,2,2,0.0,2024
745192,2024-04-21,138,STL,1,158,MIL,1,3,3,0.0,2024
745191,2024-04-22,138,STL,1,109,ARI,1,4,1,0.0,2024
745193,2024-04-23,138,STL,1,109,ARI,1,5,2,0.0,2024
745188,2024-04-24,138,STL,1,109,ARI,1,6,3,0.0,2024
745835,2024-04-26,138,STL,0,121,NYM,2,-1,1,880.2756481069349,2024
745833,2024-04-27,138,STL,0,121,NYM,1,-2,2,0.0,2024
745834,2024-04-28,138,STL,0,121,NYM,1,-3,3,0.0,2024
746481,2024-04-30,138,STL,0,116,DET,1,-5,2,0.0,2024
746477,2024-04-30,138,STL,0,116,DET,0,-6,3,0.0,2024
746478,2024-05-01,138,STL,0,116,DET,1,-7,4,0.0,2024
745187,2024-05-04,138,STL,1,145,CWS,3,1,1,454.6400355100436,2024
745183,2024-05-04,138,STL,1,145,CWS,0,2,2,0.0,2024
745185,2024-05-05,138,STL,1,145,CWS,1,3,3,0.0,2024
745182,2024-05-06,138,STL,1,121,NYM,1,4,1,0.0,2024
745186,2024-05-07,138,STL,1,121,NYM,1,5,2,0.0,2024
745995,2024-05-09,138,STL,0,158,MIL,1,-1,1,325.7786649185398,2024
745993,2024-05-11,138,STL,0,158,MIL,2,-2,2,0.0,2024
745994,2024-05-11,138,STL,0,158,MIL,0,-3,3,0.0,2024
745990,2024-05-12,138,STL,0,158,MIL,1,-4,4,0.0,2024
746233,2024-05-14,138,STL,0,108,LAA,2,-5,1,1728.9866303339395,2024
746235,2024-05-15,138,STL,0,108,LAA,1,-6,2,0.0,2024
746231,2024-05-16,138,STL,0,108,LAA,1,-7,3,0.0,2024
745178,2024-05-18,138,STL,1,111,BOS,2,1,1,1572.920237629869,2024
745177,2024-05-18,138,STL,1,111,BOS,0,2,2,0.0,2024
745179,2024-05-19,138,STL,1,111,BOS,1,3,3,0.0,2024
745181,2024-05-20,138,STL,1,110,BAL,1,4,1,0.0,2024
745180,2024-05-22,138,STL,1,110,BAL,1,6,3,0.0,2024
745173,2024-05-22,138,STL,1,110,BAL,0,7,4,0.0,2024
745176,2024-05-25,138,STL,1,112,CHC,3,8,1,0.0,2024
745172,2024-05-26,138,STL,1,112,CHC,1,10,3,0.0,2024
746708,2024-05-27,138,STL,0,113,CIN,1,-1,1,307.56531909433545,2024
746709,2024-05-28,138,STL,0,113,CIN,1,-2,2,0.0,2024
746706,2024-05-29,138,STL,0,113,CIN,1,-3,3,0.0,2024
745574,2024-05-31,138,STL,0,143,PHI,2,-4,1,500.9471415614062,2024
745575,2024-06-01,138,STL,0,143,PHI,1,-5,2,0.0,2024
745572,2024-06-02,138,STL,0,143,PHI,1,-6,3,0.0,2024
746382,2024-06-04,138,STL,0,117,HOU,2,-7,1,1337.9314503801108,2024
746379,2024-06-05,138,STL,0,117,HOU,1,-8,2,0.0,2024
746380,2024-06-05,138,STL,0,117,HOU,0,-9,3,0.0,2024
745174,2024-06-06,138,STL,1,115,COL,1,1,1,679.6187265786498,2024
745169,2024-06-07,138,STL,1,115,COL,1,2,2,0.0,2024
745166,2024-06-08,138,STL,1,115,COL,1,3,3,0.0,2024
745167,2024-06-09,138,STL,1,115,COL,1,4,4,0.0,2024
745170,2024-06-11,138,STL,1,134,PIT,2,5,1,0.0,2024
745171,2024-06-12,138,STL,1,134,PIT,1,6,2,0.0,2024
745168,2024-06-13,138,STL,1,134,PIT,1,7,3,0.0,2024
746869,2024-06-14,138,STL,0,112,CHC,1,-1,1,265.86188355988685,2024
746865,2024-06-15,138,STL,0,112,CHC,1,-2,2,0.0,2024
746866,2024-06-16,138,STL,0,112,CHC,1,-3,3,0.0,2024
746055,2024-06-17,138,STL,0,146,MIA,1,-4,1,1194.7816200111963,2024
746049,2024-06-18,138,STL,0,146,MIA,1,-5,2,0.0,2024
746050,2024-06-19,138,STL,0,146,MIA,1,-6,3,0.0,2024
745164,2024-06-20,138,STL,1,137,SF,1,1,1,1060.3584631013382,2024
745163,2024-06-22,138,STL,1,137,SF,2,2,2,0.0,2024
745165,2024-06-23,138,STL,1,137,SF,1,3,3,0.0,2024
745160,2024-06-24,138,STL,1,144,ATL,1,4,1,0.0,2024
745157,2024-06-26,138,STL,1,144,ATL,1,6,3,0.0,2024
745158,2024-06-26,138,STL,1,144,ATL,0,7,4,0.0,2024
745162,2024-06-27,138,STL,1,113,CIN,1,8,1,0.0,2024
745161,2024-06-29,138,STL,1,113,CIN,2,9,2,0.0,2024
745159,2024-06-29,138,STL,1,113,CIN,0,10,3,0.0,2024
745154,2024-06-30,138,STL,1,113,CIN,1,11,4,0.0,2024
745482,2024-07-02,138,STL,0,134,PIT,2,-1,1,556.9698942849304,2024
745487,2024-07-03,138,STL,0,134,PIT,1,-2,2,0.0,2024
745484,2024-07-04,138,STL,0,134,PIT,1,-3,3,0.0,2024
744836,2024-07-05,138,STL,0,120,WSH,1,-4,1,193.0230929231441,2024
744835,2024-07-06,138,STL,0,120,WSH,1,-5,2,0.0,2024
744832,2024-07-07,138,STL,0,120,WSH,1,-6,3,0.0,2024
744833,2024-07-08,138,STL,0,120,WSH,1,-7,4,0.0,2024
745155,2024-07-10,138,STL,1,118,KC,1,2,2,0.0,2024
745156,2024-07-10,138,STL,1,118,KC,0,3,3,0.0,2024
745153,2024-07-13,138,STL,1,112,CHC,3,4,1,0.0,2024
745152,2024-07-13,138,STL,1,112,CHC,0,5,2,0.0,2024
745175,2024-07-14,138,STL,1,112,CHC,1,6,3,0.0,2024
745151,2024-07-14,138,STL,1,112,CHC,0,7,4,0.0,2024
747093,2024-07-20,138,STL,0,144,ATL,1,-2,2,0.0,2024
747096,2024-07-20,138,STL,0,144,ATL,0,-3,3,0.0,2024
747094,2024-07-21,138,STL,0,144,ATL,1,-4,4,0.0,2024
745473,2024-07-22,138,STL,0,134,PIT,1,-5,1,515.1605409529744,2024
745475,2024-07-23,138,STL,0,134,PIT,1,-6,2,0.0,2024
745472,2024-07-24,138,STL,0,134,PIT,1,-7,3,0.0,2024
745146,2024-07-27,138,STL,1,120,WSH,3,1,1,556.9698942849304,2024
745150,2024-07-27,138,STL,1,120,WSH,0,2,2,0.0,2024
745145,2024-07-28,138,STL,1,120,WSH,1,3,3,0.0,2024
745147,2024-07-29,138,STL,1,140,TEX,1,4,1,0.0,2024
745149,2024-07-30,138,STL,1,140,TEX,1,5,2,0.0,2024
745148,2024-07-31,138,STL,1,140,TEX,1,6,3,0.0,2024
746845,2024-08-02,138,STL,0,112,CHC,2,-1,1,265.86188355988685,2024
746849,2024-08-02,138,STL,0,112,CHC,0,-2,2,0.0,2024
746846,2024-08-03,138,STL,0,112,CHC,1,-3,3,0.0,2024
746844,2024-08-04,138,STL,0,112,CHC,1,-4,4,0.0,2024
745184,2024-08-05,138,STL,1,121,NYM,1,1,1,265.86188355988685,2024
745141,2024-08-06,138,STL,1,139,TB,1,2,1,0.0,2024
745142,2024-08-07,138,STL,1,139,TB,1,3,2,0.0,2024
745143,2024-08-08,138,STL,1,139,TB,1,4,3,0.0,2024
746275,2024-08-10,138,STL,0,118,KC,2,-1,1,232.6374617718515,2024
746269,2024-08-10,138,STL,0,118,KC,0,-2,2,0.0,2024
746682,2024-08-12,138,STL,0,113,CIN,2,-3,1,534.6651070230836,2024
746673,2024-08-13,138,STL,0,113,CIN,1,-4,2,0.0,2024
746677,2024-08-14,138,STL,0,113,CIN,1,-5,3,0.0,2024
745144,2024-08-17,138,STL,1,119,LAD,3,1,1,307.56531909433545,2024
745140,2024-08-17,138,STL,1,119,LAD,0,2,2,0.0,2024
745139,2024-08-18,138,STL,1,119,LAD,1,3,3,0.0,2024
745136,2024-08-20,138,STL,1,158,MIL,2,4,1,0.0,2024
745138,2024-08-21,138,STL,1,158,MIL,1,5,2,0.0,2024
745137,2024-08-22,138,STL,1,158,MIL,1,6,3,0.0,2024
745870,2024-08-24,138,STL,0,142,MIN,2,-1,1,467.15187795921247,2024
745868,2024-08-24,138,STL,0,142,MIN,0,-2,2,0.0,2024
745863,2024-08-25,138,STL,0,142,MIN,1,-3,3,0.0,2024
745133,2024-08-26,138,STL,1,135,SD,1,1,1,467.15187795921247,2024
745132,2024-08-27,138,STL,1,135,SD,1,2,2,0.0,2024
745134,2024-08-28,138,STL,1,135,SD,1,3,3,0.0,2024
745135,2024-08-29,138,STL,1,135,SD,1,4,4,0.0,2024
745700,2024-08-30,138,STL,0,147,NYY,1,-1,1,876.4777308955582,2024
745699,2024-08-31,138,STL,0,147,NYY,1,-2,2,0.0,2024
745701,2024-09-01,138,STL,0,147,NYY,1,-3,3,0.0,2024
745947,2024-09-02,138,STL,0,158,MIL,1,-4,1,736.8762860400252,2024
745944,2024-09-03,138,STL,0,158,MIL,1,-5,2,0.0,2024
745938,2024-09-04,138,STL,0,158,MIL,1,-6,3,0.0,2024
745125,2024-09-07,138,STL,1,136,SEA,3,1,1,325.7786649185398,2024
745131,2024-09-07,138,STL,1,136,SEA,0,2,2,0.0,2024
745128,2024-09-08,138,STL,1,136,SEA,1,3,3,0.0,2024
745126,2024-09-10,138,STL,1,113,CIN,2,4,1,0.0,2024
745127,2024-09-11,138,STL,1,113,CIN,1,5,2,0.0,2024
745129,2024-09-12,138,STL,1,113,CIN,1,6,3,0.0,2024
744882,2024-09-13,138,STL,0,141,TOR,1,-1,1,659.7865181803405,2024
744884,2024-09-14,138,STL,0,141,TOR,1,-2,2,0.0,2024
744883,2024-09-15,138,STL,0,141,TOR,1,-3,3,0.0,2024
745130,2024-09-16,138,STL,1,134,PIT,1,1,1,659.7865181803405,2024
745122,2024-09-17,138,STL,1,134,PIT,1,2,2,0.0,2024
745121,2024-09-18,138,STL,1,134,PIT,1,3,3,0.0,2024
745120,2024-09-19,138,STL,1,134,PIT,1,4,4,0.0,2024
745123,2024-09-21,138,STL,1,114,CLE,2,5,1,0.0,2024
745124,2024-09-21,138,STL,1,114,CLE,0,6,2,0.0,2024
745118,2024-09-22,138,STL,1,114,CLE,1,7,3,0.0,2024
746504,2024-09-25,138,STL,0,115,COL,3,-1,1,795.6297379917951,2024
746501,2024-09-26,138,STL,0,115,COL,1,-2,2,0.0,2024
746495,2024-09-26,138,STL,0,115,COL,0,-3,3,0.0,2024
745280,2024-09-28,138,STL,0,137,SF,2,-4,1,945.5308694116128,2024
745281,2024-09-28,138,STL,0,137,SF,0,-5,2,0.0,2024
745282,2024-09-29,138,STL,0,137,SF,1,-6,3,0.0,2024
745116,2024-03-28,139,TB,1,141,TOR,0,1,1,0.0,2024
745117,2024-03-29,139,TB,1,141,TOR,1,2,2,0.0,2024
745119,2024-03-30,139,TB,1,141,TOR,1,3,3,0.0,2024
745115,2024-03-31,139,TB,1,141,TOR,1,4,4,0.0,2024
745109,2024-04-01,139,TB,1,140,TEX,1,5,1,0.0,2024
745111,2024-04-02,139,TB,1,140,TEX,1,6,2,0.0,2024
745114,2024-04-03,139,TB,1,140,TEX,1,7,3,0.0,2024
746576,2024-04-05,139,TB,0,115,COL,2,-1,1,1520.6836963257724,2024
746574,2024-04-07,139,TB,0,115,COL,2,-2,2,0.0,2024
746575,2024-04-07,139,TB,0,115,COL,0,-3,3,0.0,2024
746252,2024-04-09,139,TB,0,108,LAA,2,-4,1,822.2861860892081,2024
746250,2024-04-10,139,TB,0,108,LAA,1,-5,2,0.0,2024
746247,2024-04-10,139,TB,0,108,LAA,0,-6,3,0.0,2024
745112,2024-04-12,139,TB,1,137,SF,2,1,1,2121.7324696841006,2024
745110,2024-04-13,139,TB,1,137,SF,1,2,2,0.0,2024
745113,2024-04-14,139,TB,1,137,SF,1,3,3,0.0,2024
745106,2024-04-15,139,TB,1,108,LAA,1,4,1,0.0,2024
745108,2024-04-16,139,TB,1,108,LAA,1,5,2,0.0,2024
745105,2024-04-17,139,TB,1,108,LAA,1,6,3,0.0,2024
745104,2024-04-18,139,TB,1,108,LAA,1,7,4,0.0,2024
745758,2024-04-19,139,TB,0,147,NYY,1,-1,1,1029.5381159096478,2024
745760,2024-04-20,139,TB,0,147,NYY,1,-2,2,0.0,2024
745759,2024-04-21,139,TB,0,147,NYY,1,-3,3,0.0,2024
745107,2024-04-22,139,TB,1,116,DET,1,1,1,1029.5381159096478,2024
745102,2024-04-23,139,TB,1,116,DET,1,2,2,0.0,2024
745099,2024-04-24,139,TB,1,116,DET,1,3,3,0.0,2024
746808,2024-04-26,139,TB,0,145,CWS,2,-1,1,1011.3877112665284,2024
746803,2024-04-27,139,TB,0,145,CWS,1,-2,2,0.0,2024
746805,2024-04-28,139,TB,0,145,CWS,1,-3,3,0.0,2024
745999,2024-04-29,139,TB,0,158,MIL,1,-4,1,84.55513154711521,2024
745997,2024-04-30,139,TB,0,158,MIL,1,-5,2,0.0,2024
745996,2024-05-01,139,TB,0,158,MIL,1,-6,3,0.0,2024
745101,2024-05-03,139,TB,1,121,NYM,2,1,1,1095.5046669073377,2024
745100,2024-05-04,139,TB,1,121,NYM,1,2,2,0.0,2024
745103,2024-05-05,139,TB,1,121,NYM,1,3,3,0.0,2024
745098,2024-05-06,139,TB,1,145,CWS,1,4,1,0.0,2024
745095,2024-05-07,139,TB,1,145,CWS,1,5,2,0.0,2024
745097,2024-05-08,139,TB,1,145,CWS,1,6,3,0.0,2024
745094,2024-05-10,139,TB,1,147,NYY,2,7,1,0.0,2024
745096,2024-05-11,139,TB,1,147,NYY,1,8,2,0.0,2024
745092,2024-05-12,139,TB,1,147,NYY,1,9,3,0.0,2024
746961,2024-05-13,139,TB,0,111,BOS,1,-1,1,1198.2270597762317,2024
746962,2024-05-14,139,TB,0,111,BOS,1,-2,2,0.0,2024
746960,2024-05-15,139,TB,0,111,BOS,1,-3,3,0.0,2024
746959,2024-05-16,139,TB,0,111,BOS,1,-4,4,0.0,2024
744934,2024-05-17,139,TB,0,141,TOR,1,-5,1,428.32913029317257,2024
744938,2024-05-18,139,TB,0,141,TOR,1,-6,2,0.0,2024
744937,2024-05-19,139,TB,0,141,TOR,1,-7,3,0.0,2024
745093,2024-05-20,139,TB,1,111,BOS,1,1,1,1111.7297518661444,2024
745090,2024-05-21,139,TB,1,111,BOS,1,2,2,0.0,2024
745089,2024-05-22,139,TB,1,111,BOS,1,3,3,0.0,2024
745087,2024-05-24,139,TB,1,118,KC,2,4,1,0.0,2024
745086,2024-05-25,139,TB,1,118,KC,1,5,2,0.0,2024
745088,2024-05-26,139,TB,1,118,KC,1,6,3,0.0,2024
745091,2024-05-28,139,TB,1,133,OAK,2,7,1,0.0,2024
745084,2024-05-29,139,TB,1,133,OAK,1,8,2,0.0,2024
745081,2024-05-30,139,TB,1,133,OAK,1,9,3,0.0,2024
747032,2024-05-31,139,TB,0,110,BAL,1,-1,1,867.6749708982579,2024
747029,2024-06-01,139,TB,0,110,BAL,1,-2,2,0.0,2024
747030,2024-06-02,139,TB,0,110,BAL,1,-3,3,0.0,2024
746060,2024-06-04,139,TB,0,146,MIA,2,-4,1,956.2208116188826,2024
746056,2024-06-05,139,TB,0,146,MIA,1,-5,2,0.0,2024
745083,2024-06-07,139,TB,1,110,BAL,2,1,1,203.5855811594844,2024
745082,2024-06-08,139,TB,1,110,BAL,1,2,2,0.0,2024
745085,2024-06-09,139,TB,1,110,BAL,1,3,3,0.0,2024
745080,2024-06-10,139,TB,1,110,BAL,1,4,4,0.0,2024
745077,2024-06-11,139,TB,1,112,CHC,1,5,1,0.0,2024
745079,2024-06-12,139,TB,1,112,CHC,1,6,2,0.0,2024
745075,2024-06-13,139,TB,1,112,CHC,1,7,3,0.0,2024
747112,2024-06-14,139,TB,0,144,ATL,1,-1,1,436.50640754877156,2024
747113,2024-06-15,139,TB,0,144,ATL,1,-2,2,0.0,2024
747109,2024-06-16,139,TB,0,144,ATL,1,-3,3,0.0,2024
745893,2024-06-18,139,TB,0,142,MIN,2,-4,1,897.816602147021,2024
745887,2024-06-19,139,TB,0,142,MIN,1,-5,2,0.0,2024
745889,2024-06-20,139,TB,0,142,MIN,1,-6,3,0.0,2024
745483,2024-06-21,139,TB,0,134,PIT,1,-7,1,741.9088849917657,2024
745486,2024-06-22,139,TB,0,134,PIT,1,-8,2,0.0,2024
745485,2024-06-23,139,TB,0,134,PIT,1,-9,3,0.0,2024
745078,2024-06-24,139,TB,1,136,SEA,1,1,1,888.9341960973262,2024
745076,2024-06-25,139,TB,1,136,SEA,1,2,2,0.0,2024
745073,2024-06-26,139,TB,1,136,SEA,1,3,3,0.0,2024
745070,2024-06-28,139,TB,1,120,WSH,2,4,1,0.0,2024
745071,2024-06-29,139,TB,1,120,WSH,1,5,2,0.0,2024
745072,2024-06-30,139,TB,1,120,WSH,1,6,3,0.0,2024
746282,2024-07-03,139,TB,0,118,KC,3,-1,1,1034.03926539089,2024
746283,2024-07-04,139,TB,0,118,KC,1,-2,2,0.0,2024
746285,2024-07-05,139,TB,0,118,KC,1,-3,3,0.0,2024
744992,2024-07-06,139,TB,0,140,TEX,1,-4,1,459.01779323801827,2024
744995,2024-07-06,139,TB,0,140,TEX,0,-5,2,0.0,2024
744993,2024-07-07,139,TB,0,140,TEX,1,-6,3,0.0,2024
745074,2024-07-09,139,TB,1,147,NYY,2,1,1,926.4398070486983,2024
745069,2024-07-10,139,TB,1,147,NYY,1,2,2,0.0,2024
745065,2024-07-11,139,TB,1,147,NYY,1,3,3,0.0,2024
745064,2024-07-12,139,TB,1,114,CLE,1,4,1,0.0,2024
745067,2024-07-13,139,TB,1,114,CLE,1,5,2,0.0,2024
745066,2024-07-14,139,TB,1,114,CLE,1,6,3,0.0,2024
745721,2024-07-19,139,TB,0,147,NYY,5,-1,1,1029.5381159096478,2024
745720,2024-07-20,139,TB,0,147,NYY,1,-2,2,0.0,2024
745722,2024-07-21,139,TB,0,147,NYY,1,-3,3,0.0,2024
745717,2024-07-22,139,TB,0,147,NYY,1,-4,4,0.0,2024
744904,2024-07-23,139,TB,0,141,TOR,1,-5,1,340.2685304486618,2024
744905,2024-07-24,139,TB,0,141,TOR,1,-6,2,0.0,2024
744907,2024-07-25,139,TB,0,141,TOR,1,-7,3,0.0,2024
745068,2024-07-26,139,TB,1,113,CIN,1,1,1,1111.7297518661444,2024
745059,2024-07-27,139,TB,1,113,CIN,1,2,2,0.0,2024
745063,2024-07-28,139,TB,1,113,CIN,1,3,3,0.0,2024
745060,2024-07-30,139,TB,1,146,MIA,2,4,1,0.0,2024
745061,2024-07-31,139,TB,1,146,MIA,1,5,2,0.0,2024
746354,2024-08-03,139,TB,0,117,HOU,3,-1,1,781.1406098722147,2024
746358,2024-08-03,139,TB,0,117,HOU,0,-2,2,0.0,2024
746356,2024-08-04,139,TB,0,117,HOU,1,-3,3,0.0,2024
745141,2024-08-06,139,TB,0,138,STL,2,-4,1,679.6187265786498,2024
745142,2024-08-07,139,TB,0,138,STL,1,-5,2,0.0,2024
745143,2024-08-08,139,TB,0,138,STL,1,-6,3,0.0,2024
745062,2024-08-09,139,TB,1,110,BAL,1,1,1,866.6994960845234,2024
745056,2024-08-10,139,TB,1,110,BAL,1,2,2,0.0,2024
745057,2024-08-11,139,TB,1,110,BAL,1,3,3,0.0,2024
745058,2024-08-12,139,TB,1,117,HOU,1,4,1,0.0,2024
745055,2024-08-13,139,TB,1,117,HOU,1,5,2,0.0,2024
745053,2024-08-14,139,TB,1,117,HOU,1,6,3,0.0,2024
745054,2024-08-16,139,TB,1,109,ARI,2,7,1,0.0,2024
745049,2024-08-17,139,TB,1,109,ARI,1,8,2,0.0,2024
745051,2024-08-18,139,TB,1,109,ARI,1,9,3,0.0,2024
745620,2024-08-20,139,TB,0,133,OAK,2,-1,1,2379.7351815049797,2024
745624,2024-08-21,139,TB,0,133,OAK,1,-2,2,0.0,2024
745622,2024-08-22,139,TB,0,133,OAK,1,-3,3,0.0,2024
745623,2024-08-22,139,TB,0,133,OAK,0,-4,4,0.0,2024
746111,2024-08-24,139,TB,0,119,LAD,2,-5,1,337.12266209703967,2024
746108,2024-08-25,139,TB,0,119,LAD,1,-6,2,0.0,2024
746106,2024-08-25,139,TB,0,119,LAD,0,-7,3,0.0,2024
745215,2024-08-27,139,TB,0,136,SEA,2,-8,1,957.8545939923275,2024
745211,2024-08-28,139,TB,0,136,SEA,1,-9,2,0.0,2024
745213,2024-08-28,139,TB,0,136,SEA,0,-10,3,0.0,2024
745052,2024-08-30,139,TB,1,135,SD,2,1,1,2525.9452819416106,2024
745050,2024-08-31,139,TB,1,135,SD,1,2,2,0.0,2024
745048,2024-09-01,139,TB,1,135,SD,1,3,3,0.0,2024
745046,2024-09-02,139,TB,1,142,MIN,1,4,1,0.0,2024
745047,2024-09-03,139,TB,1,142,MIN,1,5,2,0.0,2024
745045,2024-09-04,139,TB,1,142,MIN,1,6,3,0.0,2024
745042,2024-09-05,139,TB,1,142,MIN,1,7,4,0.0,2024
746993,2024-09-06,139,TB,0,110,BAL,1,-1,1,867.6749708982579,2024
746986,2024-09-07,139,TB,0,110,BAL,1,-2,2,0.0,2024
746989,2024-09-08,139,TB,0,110,BAL,1,-3,3,0.0,2024
745534,2024-09-09,139,TB,0,143,PHI,1,-4,1,88.61618494239067,2024
745535,2024-09-10,139,TB,0,143,PHI,1,-5,2,0.0,2024
745525,2024-09-11,139,TB,0,143,PHI,1,-6,3,0.0,2024
746591,2024-09-12,139,TB,0,114,CLE,1,-7,1,358.6103362183685,2024
746586,2024-09-13,139,TB,0,114,CLE,1,-8,2,0.0,2024
746584,2024-09-14,139,TB,0,114,CLE,1,-9,3,0.0,2024
746585,2024-09-15,139,TB,0,114,CLE,1,-10,4,0.0,2024
745044,2024-09-17,139,TB,1,111,BOS,2,1,1,950.1419996181558,2024
745040,2024-09-18,139,TB,1,111,BOS,1,2,2,0.0,2024
745041,2024-09-19,139,TB,1,111,BOS,1,3,3,0.0,2024
745043,2024-09-20,139,TB,1,141,TOR,1,4,1,0.0,2024
745038,2024-09-21,139,TB,1,141,TOR,1,5,2,0.0,2024
745036,2024-09-22,139,TB,1,141,TOR,1,6,3,0.0,2024
746421,2024-09-24,139,TB,0,116,DET,2,-1,1,1007.0448721012648,2024
746420,2024-09-25,139,TB,0,116,DET,1,-2,2,0.0,2024
746415,2024-09-26,139,TB,0,116,DET,1,-3,3,0.0,2024
746904,2024-09-27,139,TB,0,111,BOS,1,-4,1,609.8730788976414,2024
746902,2024-09-28,139,TB,0,111,BOS,1,-5,2,0.0,2024
746901,2024-09-29,139,TB,0,111,BOS,1,-6,3,0.0,2024
745039,2024-03-28,140,TEX,1,112,CHC,0,1,1,0.0,2024
745037,2024-03-30,140,TEX,1,112,CHC,2,2,2,0.0,2024
745035,2024-03-31,140,TEX,1,112,CHC,1,3,3,0.0,2024
745109,2024-04-01,140,TEX,0,139,TB,1,-1,1,926.4398070486983,2024
745111,2024-04-02,140,TEX,0,139,TB,1,-2,2,0.0,2024
745114,2024-04-03,140,TEX,0,139,TB,1,-3,3,0.0,2024
745033,2024-04-06,140,TEX,1,117,HOU,3,1,1,926.4398070486983,2024
745031,2024-04-06,140,TEX,1,117,HOU,0,2,2,0.0,2024
745032,2024-04-07,140,TEX,1,117,HOU,1,3,3,0.0,2024
745034,2024-04-09,140,TEX,1,117,HOU,2,4,4,0.0,2024
745030,2024-04-10,140,TEX,1,133,OAK,1,5,1,0.0,2024
745024,2024-04-11,140,TEX,1,133,OAK,1,6,2,0.0,2024
745029,2024-04-11,140,TEX,1,133,OAK,0,7,3,0.0,2024
746408,2024-04-13,140,TEX,0,117,HOU,2,-1,1,230.66355960201378,2024
746405,2024-04-13,140,TEX,0,117,HOU,0,-2,2,0.0,2024
746404,2024-04-14,140,TEX,0,117,HOU,1,-3,3,0.0,2024
746488,2024-04-15,140,TEX,0,116,DET,1,-4,1,1105.8761830717617,2024
746486,2024-04-16,140,TEX,0,116,DET,1,-5,2,0.0,2024
746487,2024-04-17,140,TEX,0,116,DET,1,-6,3,0.0,2024
746485,2024-04-18,140,TEX,0,116,DET,1,-7,4,0.0,2024
747136,2024-04-19,140,TEX,0,144,ATL,1,-8,1,588.8013172467564,2024
747135,2024-04-20,140,TEX,0,144,ATL,1,-9,2,0.0,2024
747133,2024-04-21,140,TEX,0,144,ATL,1,-10,3,0.0,2024
745026,2024-04-24,140,TEX,1,136,SEA,3,1,1,732.1662127163514,2024
745028,2024-04-25,140,TEX,1,136,SEA,1,2,2,0.0,2024
745027,2024-04-25,140,TEX,1,136,SEA,0,3,3,0.0,2024
745025,2024-04-27,140,TEX,1,113,CIN,2,4,1,0.0,2024
745020,2024-04-27,140,TEX,1,113,CIN,0,5,2,0.0,2024
745022,2024-04-28,140,TEX,1,113,CIN,1,6,3,0.0,2024
745018,2024-05-01,140,TEX,1,120,WSH,3,7,1,0.0,2024
745021,2024-05-02,140,TEX,1,120,WSH,1,8,2,0.0,2024
745023,2024-05-02,140,TEX,1,120,WSH,0,9,3,0.0,2024
746318,2024-05-03,140,TEX,0,118,KC,1,-1,1,459.01779323801827,2024
746311,2024-05-04,140,TEX,0,118,KC,1,-2,2,0.0,2024
746314,2024-05-05,140,TEX,0,118,KC,1,-3,3,0.0,2024
745669,2024-05-07,140,TEX,0,133,OAK,2,-4,1,1497.929836668995,2024
745668,2024-05-07,140,TEX,0,133,OAK,0,-5,2,0.0,2024
745664,2024-05-08,140,TEX,0,133,OAK,1,-6,3,0.0,2024
745659,2024-05-08,140,TEX,0,133,OAK,0,-7,4,0.0,2024
746553,2024-05-11,140,TEX,0,115,COL,3,-8,1,935.9586291857619,2024
746555,2024-05-12,140,TEX,0,115,COL,1,-9,2,0.0,2024
746554,2024-05-12,140,TEX,0,115,COL,0,-10,3,0.0,2024
745019,2024-05-14,140,TEX,1,114,CLE,2,1,1,654.0900182055016,2024
745014,2024-05-15,140,TEX,1,114,CLE,1,2,2,0.0,2024
745015,2024-05-16,140,TEX,1,114,CLE,1,3,3,0.0,2024
745016,2024-05-18,140,TEX,1,108,LAA,2,4,1,0.0,2024
745013,2024-05-18,140,TEX,1,108,LAA,0,5,2,0.0,2024
745012,2024-05-19,140,TEX,1,108,LAA,1,6,3,0.0,2024
745578,2024-05-21,140,TEX,0,143,PHI,2,-1,1,1312.0282758431574,2024
745576,2024-05-22,140,TEX,0,143,PHI,1,-2,2,0.0,2024
745573,2024-05-23,140,TEX,0,143,PHI,1,-3,3,0.0,2024
745905,2024-05-24,140,TEX,0,142,MIN,1,-4,1,985.2054759251868,2024
745901,2024-05-25,140,TEX,0,142,MIN,1,-5,2,0.0,2024
745902,2024-05-26,140,TEX,0,142,MIN,1,-6,3,0.0,2024
745017,2024-05-29,140,TEX,1,109,ARI,3,1,1,869.2690937301206,2024
745011,2024-05-29,140,TEX,1,109,ARI,0,2,2,0.0,2024
746059,2024-05-31,140,TEX,0,146,MIA,2,-1,1,1123.019434754987,2024
746062,2024-06-01,140,TEX,0,146,MIA,1,-2,2,0.0,2024
746061,2024-06-02,140,TEX,0,146,MIA,1,-3,3,0.0,2024
745009,2024-06-04,140,TEX,1,116,DET,2,1,1,1123.019434754987,2024
745010,2024-06-05,140,TEX,1,116,DET,1,2,2,0.0,2024
745007,2024-06-06,140,TEX,1,116,DET,1,3,3,0.0,2024
745008,2024-06-08,140,TEX,1,137,SF,2,4,1,0.0,2024
745001,2024-06-08,140,TEX,1,137,SF,0,5,2,0.0,2024
745003,2024-06-09,140,TEX,1,137,SF,1,6,3,0.0,2024
746139,2024-06-12,140,TEX,0,119,LAD,3,-1,1,1221.5143050983006,2024
746137,2024-06-13,140,TEX,0,119,LAD,1,-2,2,0.0,2024
746136,2024-06-14,140,TEX,0,119,LAD,1,-3,3,0.0,2024
745247,2024-06-15,140,TEX,0,136,SEA,1,-4,1,957.8545939923275,2024
745241,2024-06-15,140,TEX,0,136,SEA,0,-5,2,0.0,2024
745242,2024-06-16,140,TEX,0,136,SEA,1,-6,3,0.0,2024
745005,2024-06-18,140,TEX,1,121,NYM,2,1,1,1668.9357465944922,2024
745004,2024-06-19,140,TEX,1,121,NYM,1,2,2,0.0,2024
745002,2024-06-20,140,TEX,1,121,NYM,1,3,3,0.0,2024
745006,2024-06-22,140,TEX,1,118,KC,2,4,1,0.0,2024
744997,2024-06-22,140,TEX,1,118,KC,0,5,2,0.0,2024
745000,2024-06-23,140,TEX,1,118,KC,1,6,3,0.0,2024
745974,2024-06-25,140,TEX,0,158,MIL,2,-1,1,865.4945776802045,2024
745973,2024-06-26,140,TEX,0,158,MIL,1,-2,2,0.0,2024
745975,2024-06-26,140,TEX,0,158,MIL,0,-3,3,0.0,2024
747020,2024-06-27,140,TEX,0,110,BAL,1,-4,1,643.9453251330319,2024
747017,2024-06-28,140,TEX,0,110,BAL,1,-5,2,0.0,2024
747018,2024-06-29,140,TEX,0,110,BAL,1,-6,3,0.0,2024
747016,2024-06-30,140,TEX,0,110,BAL,1,-7,4,0.0,2024
744999,2024-07-03,140,TEX,1,135,SD,3,1,1,1225.9583636520863,2024
744998,2024-07-04,140,TEX,1,135,SD,1,2,2,0.0,2024
744996,2024-07-04,140,TEX,1,135,SD,0,3,3,0.0,2024
744992,2024-07-06,140,TEX,1,139,TB,2,4,1,0.0,2024
744995,2024-07-06,140,TEX,1,139,TB,0,5,2,0.0,2024
744993,2024-07-07,140,TEX,1,139,TB,1,6,3,0.0,2024
746208,2024-07-09,140,TEX,0,108,LAA,2,-1,1,1201.6984237735796,2024
746206,2024-07-10,140,TEX,0,108,LAA,1,-2,2,0.0,2024
746205,2024-07-11,140,TEX,0,108,LAA,1,-3,3,0.0,2024
746371,2024-07-13,140,TEX,0,117,HOU,2,-4,1,1349.4753249039884,2024
746369,2024-07-13,140,TEX,0,117,HOU,0,-5,2,0.0,2024
746370,2024-07-14,140,TEX,0,117,HOU,1,-6,3,0.0,2024
744990,2024-07-20,140,TEX,1,110,BAL,6,1,1,230.66355960201378,2024
744994,2024-07-20,140,TEX,1,110,BAL,0,2,2,0.0,2024
744991,2024-07-21,140,TEX,1,110,BAL,1,3,3,0.0,2024
744988,2024-07-23,140,TEX,1,145,CWS,2,4,1,0.0,2024
744985,2024-07-24,140,TEX,1,145,CWS,1,5,2,0.0,2024
744984,2024-07-25,140,TEX,1,145,CWS,1,6,3,0.0,2024
744989,2024-07-25,140,TEX,1,145,CWS,0,7,4,0.0,2024
744906,2024-07-26,140,TEX,0,141,TOR,1,-1,1,1216.0025005666878,2024
744908,2024-07-27,140,TEX,0,141,TOR,1,-2,2,0.0,2024
744902,2024-07-28,140,TEX,0,141,TOR,1,-3,3,0.0,2024
745147,2024-07-29,140,TEX,0,138,STL,1,-4,1,659.7865181803405,2024
745149,2024-07-30,140,TEX,0,138,STL,1,-5,2,0.0,2024
745148,2024-07-31,140,TEX,0,138,STL,1,-6,3,0.0,2024
744986,2024-08-03,140,TEX,1,111,BOS,3,1,1,560.1228238201853,2024
744987,2024-08-03,140,TEX,1,111,BOS,0,2,2,0.0,2024
744979,2024-08-04,140,TEX,1,111,BOS,1,3,3,0.0,2024
744982,2024-08-06,140,TEX,1,117,HOU,2,4,1,0.0,2024
744983,2024-08-07,140,TEX,1,117,HOU,1,5,2,0.0,2024
744981,2024-08-07,140,TEX,1,117,HOU,0,6,3,0.0,2024
745712,2024-08-10,140,TEX,0,147,NYY,1,-2,2,0.0,2024
745708,2024-08-10,140,TEX,0,147,NYY,0,-3,3,0.0,2024
745711,2024-08-11,140,TEX,0,147,NYY,1,-4,4,0.0,2024
746921,2024-08-12,140,TEX,0,111,BOS,1,-5,1,179.88456828974768,2024
746924,2024-08-13,140,TEX,0,111,BOS,1,-6,2,0.0,2024
746919,2024-08-14,140,TEX,0,111,BOS,1,-7,3,0.0,2024
744980,2024-08-16,140,TEX,1,142,MIN,2,1,1,1562.0482982121016,2024
744974,2024-08-17,140,TEX,1,142,MIN,1,2,2,0.0,2024
744977,2024-08-17,140,TEX,1,142,MIN,0,3,3,0.0,2024
744975,2024-08-18,140,TEX,1,142,MIN,1,4,4,0.0,2024
744976,2024-08-20,140,TEX,1,134,PIT,2,5,1,0.0,2024
744978,2024-08-21,140,TEX,1,134,PIT,1,6,2,0.0,2024
744973,2024-08-21,140,TEX,1,134,PIT,0,7,3,0.0,2024
746597,2024-08-23,140,TEX,0,114,CLE,2,-1,1,1038.947571490186,2024
746599,2024-08-24,140,TEX,0,114,CLE,1,-2,2,0.0,2024
746595,2024-08-25,140,TEX,0,114,CLE,1,-3,3,0.0,2024
746755,2024-08-28,140,TEX,0,145,CWS,0,-5,2,0.0,2024
746752,2024-08-29,140,TEX,0,145,CWS,1,-6,3,0.0,2024
746748,2024-08-29,140,TEX,0,145,CWS,0,-7,4,0.0,2024
744969,2024-08-31,140,TEX,1,133,OAK,2,1,1,813.378310893269,2024
744971,2024-08-31,140,TEX,1,133,OAK,0,2,2,0.0,2024
744970,2024-09-01,140,TEX,1,133,OAK,1,3,3,0.0,2024
744972,2024-09-03,140,TEX,1,147,NYY,2,4,1,0.0,2024
744968,2024-09-04,140,TEX,1,147,NYY,1,5,2,0.0,2024
744964,2024-09-05,140,TEX,1,147,NYY,1,6,3,0.0,2024
744966,2024-09-06,140,TEX,1,108,LAA,1,7,1,0.0,2024
744963,2024-09-07,140,TEX,1,108,LAA,1,8,2,0.0,2024
744967,2024-09-07,140,TEX,1,108,LAA,0,9,3,0.0,2024
744965,2024-09-08,140,TEX,1,108,LAA,1,10,4,0.0,2024
747152,2024-09-11,140,TEX,0,109,ARI,3,-1,1,867.9010244338684,2024
747154,2024-09-11,140,TEX,0,109,ARI,0,-2,2,0.0,2024
745208,2024-09-13,140,TEX,0,136,SEA,2,-3,1,1114.0691793592323,2024
745207,2024-09-14,140,TEX,0,136,SEA,1,-4,2,0.0,2024
745209,2024-09-15,140,TEX,0,136,SEA,1,-5,3,0.0,2024
745206,2024-09-15,140,TEX,0,136,SEA,0,-6,4,0.0,2024
744961,2024-09-18,140,TEX,1,141,TOR,3,1,1,1668.9357465944922,2024
744962,2024-09-19,140,TEX,1,141,TOR,1,2,2,0.0,2024
744959,2024-09-19,140,TEX,1,141,TOR,0,3,3,0.0,2024
744960,2024-09-21,140,TEX,1,136,SEA,2,4,1,0.0,2024
744958,2024-09-21,140,TEX,1,136,SEA,0,5,2,0.0,2024
744955,2024-09-22,140,TEX,1,136,SEA,1,6,3,0.0,2024
745605,2024-09-25,140,TEX,0,133,OAK,3,-1,1,1453.9867485388631,2024
745607,2024-09-26,140,TEX,0,133,OAK,1,-2,2,0.0,2024
745609,2024-09-26,140,TEX,0,133,OAK,0,-3,3,0.0,2024
746173,2024-09-28,140,TEX,0,108,LAA,2,-4,1,364.7793033141838,2024
746171,2024-09-29,140,TEX,0,108,LAA,1,-5,2,0.0,2024
746174,2024-09-29,140,TEX,0,108,LAA,0,-6,3,0.0,2024
745116,2024-03-28,141,TOR,0,139,TB,0,-1,1,1111.7297518661444,2024
745117,2024-03-29,141,TOR,0,139,TB,1,-2,2,0.0,2024
745119,2024-03-30,141,TOR,0,139,TB,1,-3,3,0.0,2024
745115,2024-03-31,141,TOR,0,139,TB,1,-4,4,0.0,2024
746409,2024-04-02,141,TOR,0,117,HOU,2,-5,1,781.1406098722147,2024
746411,2024-04-03,141,TOR,0,117,HOU,1,-6,2,0.0,2024
746407,2024-04-04,141,TOR,0,117,HOU,1,-7,3,0.0,2024
745764,2024-04-05,141,TOR,0,147,NYY,1,-8,1,1424.3629806468848,2024
745766,2024-04-06,141,TOR,0,147,NYY,1,-9,2,0.0,2024
745765,2024-04-07,141,TOR,0,147,NYY,1,-10,3,0.0,2024
744956,2024-04-08,141,TOR,1,136,SEA,1,1,1,340.2685304486618,2024
744957,2024-04-09,141,TOR,1,136,SEA,1,2,2,0.0,2024
744950,2024-04-10,141,TOR,1,136,SEA,1,3,3,0.0,2024
744954,2024-04-12,141,TOR,1,115,COL,2,4,1,0.0,2024
744953,2024-04-13,141,TOR,1,115,COL,1,5,2,0.0,2024
744952,2024-04-14,141,TOR,1,115,COL,1,6,3,0.0,2024
744951,2024-04-15,141,TOR,1,147,NYY,1,7,1,0.0,2024
744944,2024-04-16,141,TOR,1,147,NYY,1,8,2,0.0,2024
744948,2024-04-17,141,TOR,1,147,NYY,1,9,3,0.0,2024
745430,2024-04-20,141,TOR,0,135,SD,3,-1,1,2164.134585402176,2024
745431,2024-04-21,141,TOR,0,135,SD,1,-2,2,0.0,2024
745434,2024-04-21,141,TOR,0,135,SD,0,-3,3,0.0,2024
746319,2024-04-22,141,TOR,0,118,KC,1,-4,1,1338.8342274624279,2024
746321,2024-04-23,141,TOR,0,118,KC,1,-5,2,0.0,2024
746317,2024-04-24,141,TOR,0,118,KC,1,-6,3,0.0,2024
746320,2024-04-25,141,TOR,0,118,KC,1,-7,4,0.0,2024
744949,2024-04-26,141,TOR,1,119,LAD,1,1,1,843.0534764751171,2024
744946,2024-04-27,141,TOR,1,119,LAD,1,2,2,0.0,2024
744947,2024-04-28,141,TOR,1,119,LAD,1,3,3,0.0,2024
744945,2024-04-29,141,TOR,1,118,KC,1,4,1,0.0,2024
744942,2024-04-30,141,TOR,1,118,KC,1,5,2,0.0,2024
744939,2024-05-01,141,TOR,1,118,KC,1,6,3,0.0,2024
744868,2024-05-03,141,TOR,0,120,WSH,2,-1,1,351.9086807419245,2024
744862,2024-05-04,141,TOR,0,120,WSH,1,-2,2,0.0,2024
744861,2024-05-05,141,TOR,0,120,WSH,1,-3,3,0.0,2024
745586,2024-05-07,141,TOR,0,143,PHI,2,-4,1,121.48691857607562,2024
745584,2024-05-08,141,TOR,0,143,PHI,1,-5,2,0.0,2024
744940,2024-05-10,141,TOR,1,142,MIN,2,1,1,337.49777915551493,2024
744943,2024-05-11,141,TOR,1,142,MIN,1,2,2,0.0,2024
744941,2024-05-12,141,TOR,1,142,MIN,1,3,3,0.0,2024
747040,2024-05-13,141,TOR,0,110,BAL,1,-1,1,333.41200779259856,2024
747038,2024-05-15,141,TOR,0,110,BAL,1,-3,3,0.0,2024
744934,2024-05-17,141,TOR,1,139,TB,2,1,1,333.41200779259856,2024
744938,2024-05-18,141,TOR,1,139,TB,1,2,2,0.0,2024
744937,2024-05-19,141,TOR,1,139,TB,1,3,3,0.0,2024
744935,2024-05-20,141,TOR,1,145,CWS,1,4,1,0.0,2024
744936,2024-05-21,141,TOR,1,145,CWS,1,5,2,0.0,2024
744933,2024-05-22,141,TOR,1,145,CWS,1,6,3,0.0,2024
746474,2024-05-23,141,TOR,0,116,DET,1,-1,1,205.64835449402668,2024
746475,2024-05-24,141,TOR,0,116,DET,1,-2,2,0.0,2024
746470,2024-05-25,141,TOR,0,116,DET,1,-3,3,0.0,2024
746469,2024-05-26,141,TOR,0,116,DET,1,-4,4,0.0,2024
746788,2024-05-27,141,TOR,0,145,CWS,1,-5,1,237.7264337126216,2024
746791,2024-05-28,141,TOR,0,145,CWS,1,-6,2,0.0,2024
746790,2024-05-29,141,TOR,0,145,CWS,1,-7,3,0.0,2024
744928,2024-05-31,141,TOR,1,134,PIT,2,1,1,436.51941913736283,2024
744932,2024-06-01,141,TOR,1,134,PIT,1,2,2,0.0,2024
744929,2024-06-02,141,TOR,1,134,PIT,1,3,3,0.0,2024
744930,2024-06-03,141,TOR,1,110,BAL,1,4,1,0.0,2024
744931,2024-06-04,141,TOR,1,110,BAL,1,5,2,0.0,2024
744927,2024-06-05,141,TOR,1,110,BAL,1,6,3,0.0,2024
744923,2024-06-06,141,TOR,1,110,BAL,1,7,4,0.0,2024
745655,2024-06-08,141,TOR,0,133,OAK,2,-1,1,2253.7814110292547,2024
745652,2024-06-08,141,TOR,0,133,OAK,0,-2,2,0.0,2024
745651,2024-06-09,141,TOR,0,133,OAK,1,-3,3,0.0,2024
745982,2024-06-11,141,TOR,0,158,MIL,2,-4,1,1824.7310880760674,2024
745981,2024-06-12,141,TOR,0,158,MIL,1,-5,2,0.0,2024
745978,2024-06-12,141,TOR,0,158,MIL,0,-6,3,0.0,2024
744924,2024-06-14,141,TOR,1,114,CLE,2,1,1,433.19037079572774,2024
744925,2024-06-15,141,TOR,1,114,CLE,1,2,2,0.0,2024
744926,2024-06-16,141,TOR,1,114,CLE,1,3,3,0.0,2024
744918,2024-06-17,141,TOR,1,111,BOS,1,4,1,0.0,2024
744917,2024-06-18,141,TOR,1,111,BOS,1,5,2,0.0,2024
744920,2024-06-19,141,TOR,1,111,BOS,1,6,3,0.0,2024
746624,2024-06-21,141,TOR,0,114,CLE,2,-1,1,188.71684847115282,2024
746622,2024-06-22,141,TOR,0,114,CLE,1,-2,2,0.0,2024
746621,2024-06-23,141,TOR,0,114,CLE,1,-3,3,0.0,2024
746941,2024-06-24,141,TOR,0,111,BOS,1,-4,1,547.1609370940174,2024
746943,2024-06-25,141,TOR,0,111,BOS,1,-5,2,0.0,2024
744919,2024-06-27,141,TOR,1,147,NYY,1,1,1,428.32913029317257,2024
744922,2024-06-28,141,TOR,1,147,NYY,1,2,2,0.0,2024
744921,2024-06-29,141,TOR,1,147,NYY,1,3,3,0.0,2024
744916,2024-06-30,141,TOR,1,147,NYY,1,4,4,0.0,2024
744914,2024-07-01,141,TOR,1,117,HOU,1,5,1,0.0,2024
744913,2024-07-02,141,TOR,1,117,HOU,1,6,2,0.0,2024
744915,2024-07-03,141,TOR,1,117,HOU,1,7,3,0.0,2024
744912,2024-07-04,141,TOR,1,117,HOU,1,8,4,0.0,2024
745237,2024-07-06,141,TOR,0,136,SEA,2,-1,1,2066.462246019487,2024
745235,2024-07-06,141,TOR,0,136,SEA,0,-2,2,0.0,2024
745233,2024-07-07,141,TOR,0,136,SEA,1,-3,3,0.0,2024
745316,2024-07-10,141,TOR,0,137,SF,3,-4,1,678.0468674235019,2024
745318,2024-07-11,141,TOR,0,137,SF,1,-5,2,0.0,2024
745313,2024-07-11,141,TOR,0,137,SF,0,-6,3,0.0,2024
747175,2024-07-13,141,TOR,0,109,ARI,2,-7,1,652.0636757078365,2024
747177,2024-07-14,141,TOR,0,109,ARI,1,-8,2,0.0,2024
747176,2024-07-14,141,TOR,0,109,ARI,0,-9,3,0.0,2024
744911,2024-07-19,141,TOR,1,116,DET,5,1,1,1886.21575204644,2024
744910,2024-07-20,141,TOR,1,116,DET,1,2,2,0.0,2024
744909,2024-07-21,141,TOR,1,116,DET,1,3,3,0.0,2024
744904,2024-07-23,141,TOR,1,139,TB,2,4,1,0.0,2024
744905,2024-07-24,141,TOR,1,139,TB,1,5,2,0.0,2024
744907,2024-07-25,141,TOR,1,139,TB,1,6,3,0.0,2024
744906,2024-07-26,141,TOR,1,140,TEX,1,7,1,0.0,2024
744908,2024-07-27,141,TOR,1,140,TEX,1,8,2,0.0,2024
744902,2024-07-28,141,TOR,1,140,TEX,1,9,3,0.0,2024
747007,2024-07-29,141,TOR,0,110,BAL,1,-1,1,333.41200779259856,2024
747039,2024-07-29,141,TOR,0,110,BAL,0,-2,2,0.0,2024
747005,2024-07-30,141,TOR,0,110,BAL,1,-3,3,0.0,2024
747003,2024-07-31,141,TOR,0,110,BAL,1,-4,4,0.0,2024
745719,2024-08-02,141,TOR,0,147,NYY,2,-5,1,178.12306591164185,2024
745714,2024-08-03,141,TOR,0,147,NYY,1,-6,2,0.0,2024
745718,2024-08-04,141,TOR,0,147,NYY,1,-7,3,0.0,2024
744901,2024-08-06,141,TOR,1,110,BAL,2,1,1,340.2685304486618,2024
744903,2024-08-07,141,TOR,1,110,BAL,1,2,2,0.0,2024
744899,2024-08-08,141,TOR,1,110,BAL,1,3,3,0.0,2024
744900,2024-08-09,141,TOR,1,133,OAK,1,4,1,0.0,2024
744897,2024-08-10,141,TOR,1,133,OAK,1,5,2,0.0,2024
744895,2024-08-11,141,TOR,1,133,OAK,1,6,3,0.0,2024
746192,2024-08-13,141,TOR,0,108,LAA,2,-1,1,2161.688067916341,2024
746187,2024-08-14,141,TOR,0,108,LAA,1,-2,2,0.0,2024
746188,2024-08-15,141,TOR,0,108,LAA,1,-3,3,0.0,2024
746843,2024-08-16,141,TOR,0,112,CHC,1,-4,1,1731.5112579868214,2024
746841,2024-08-17,141,TOR,0,112,CHC,1,-5,2,0.0,2024
746838,2024-08-18,141,TOR,0,112,CHC,1,-6,3,0.0,2024
744898,2024-08-19,141,TOR,1,113,CIN,1,1,1,434.9128878467627,2024
744896,2024-08-20,141,TOR,1,113,CIN,1,2,2,0.0,2024
744893,2024-08-21,141,TOR,1,113,CIN,1,3,3,0.0,2024
744894,2024-08-22,141,TOR,1,108,LAA,1,4,1,0.0,2024
744889,2024-08-23,141,TOR,1,108,LAA,1,5,2,0.0,2024
744890,2024-08-24,141,TOR,1,108,LAA,1,6,3,0.0,2024
744892,2024-08-25,141,TOR,1,108,LAA,1,7,4,0.0,2024
746942,2024-08-26,141,TOR,0,111,BOS,1,-1,1,428.32913029317257,2024
746915,2024-08-26,141,TOR,0,111,BOS,0,-2,2,0.0,2024
746916,2024-08-27,141,TOR,0,111,BOS,1,-3,3,0.0,2024
746913,2024-08-28,141,TOR,0,111,BOS,1,-4,4,0.0,2024
746914,2024-08-29,141,TOR,0,111,BOS,1,-5,5,0.0,2024
745862,2024-08-31,141,TOR,0,142,MIN,2,-6,1,1119.9102367149933,2024
745859,2024-08-31,141,TOR,0,142,MIN,0,-7,2,0.0,2024
745861,2024-09-01,141,TOR,0,142,MIN,1,-8,3,0.0,2024
744891,2024-09-03,141,TOR,1,143,PHI,2,1,1,692.024839424288,2024
744887,2024-09-04,141,TOR,1,143,PHI,1,2,2,0.0,2024
747074,2024-09-06,141,TOR,0,144,ATL,2,-1,1,726.7999515006941,2024
747076,2024-09-07,141,TOR,0,144,ATL,1,-2,2,0.0,2024
747072,2024-09-08,141,TOR,0,144,ATL,1,-3,3,0.0,2024
744888,2024-09-09,141,TOR,1,121,NYM,1,1,1,726.7999515006941,2024
744886,2024-09-10,141,TOR,1,121,NYM,1,2,2,0.0,2024
744881,2024-09-11,141,TOR,1,121,NYM,1,3,3,0.0,2024
744882,2024-09-13,141,TOR,1,138,STL,2,4,1,0.0,2024
744884,2024-09-14,141,TOR,1,138,STL,1,5,2,0.0,2024
744883,2024-09-15,141,TOR,1,138,STL,1,6,3,0.0,2024
744961,2024-09-18,141,TOR,0,140,TEX,3,-1,1,1216.0025005666878,2024
744962,2024-09-19,141,TOR,0,140,TEX,1,-2,2,0.0,2024
744959,2024-09-19,141,TOR,0,140,TEX,0,-3,3,0.0,2024
745043,2024-09-20,141,TOR,0,139,TB,1,-4,1,926.4398070486983,2024
745038,2024-09-21,141,TOR,0,139,TB,1,-5,2,0.0,2024
745036,2024-09-22,141,TOR,0,139,TB,1,-6,3,0.0,2024
744885,2024-09-23,141,TOR,1,111,BOS,1,1,1,1111.7297518661444,2024
744876,2024-09-24,141,TOR,1,111,BOS,1,2,2,0.0,2024
744877,2024-09-25,141,TOR,1,111,BOS,1,3,3,0.0,2024
744879,2024-09-27,141,TOR,1,146,MIA,2,4,1,0.0,2024
744878,2024-09-28,141,TOR,1,146,MIA,1,5,2,0.0,2024
744880,2024-09-29,141,TOR,1,146,MIA,1,6,3,0.0,2024
746335,2024-03-28,142,MIN,0,118,KC,0,-1,1,414.3585559282368,2024
746333,2024-03-30,142,MIN,0,118,KC,2,-2,2,0.0,2024
746332,2024-03-31,142,MIN,0,118,KC,1,-3,3,0.0,2024
746009,2024-04-02,142,MIN,0,158,MIL,2,-4,1,436.30833378546873,2024
746008,2024-04-03,142,MIN,0,158,MIL,1,-5,2,0.0,2024
745928,2024-04-04,142,MIN,1,114,CLE,1,1,1,296.19869216933046,2024
745926,2024-04-06,142,MIN,1,114,CLE,2,2,2,0.0,2024
745925,2024-04-08,142,MIN,1,119,LAD,1,4,1,0.0,2024
745924,2024-04-09,142,MIN,1,119,LAD,1,5,2,0.0,2024
745923,2024-04-10,142,MIN,1,119,LAD,1,6,3,0.0,2024
746491,2024-04-12,142,MIN,0,116,DET,1,-2,2,0.0,2024
746489,2024-04-13,142,MIN,0,116,DET,1,-3,3,0.0,2024
746490,2024-04-13,142,MIN,0,116,DET,0,-4,4,0.0,2024
746492,2024-04-14,142,MIN,0,116,DET,1,-5,5,0.0,2024
747053,2024-04-15,142,MIN,0,110,BAL,1,-6,1,396.72723870572077,2024
747051,2024-04-16,142,MIN,0,110,BAL,1,-7,2,0.0,2024
747049,2024-04-17,142,MIN,0,110,BAL,1,-8,3,0.0,2024
745921,2024-04-20,142,MIN,1,116,DET,3,1,1,937.5839769032132,2024
745922,2024-04-20,142,MIN,1,116,DET,0,2,2,0.0,2024
745920,2024-04-21,142,MIN,1,116,DET,1,3,3,0.0,2024
745916,2024-04-22,142,MIN,1,145,CWS,1,4,1,0.0,2024
745917,2024-04-23,142,MIN,1,145,CWS,1,5,2,0.0,2024
745919,2024-04-24,142,MIN,1,145,CWS,1,6,3,0.0,2024
745918,2024-04-25,142,MIN,1,145,CWS,1,7,4,0.0,2024
746243,2024-04-27,142,MIN,0,108,LAA,2,-1,1,1515.2340388389878,2024
746245,2024-04-28,142,MIN,0,108,LAA,1,-2,2,0.0,2024
746237,2024-04-28,142,MIN,0,108,LAA,0,-3,3,0.0,2024
746804,2024-04-29,142,MIN,0,145,CWS,1,-4,1,1731.3431702590296,2024
746806,2024-04-30,142,MIN,0,145,CWS,1,-5,2,0.0,2024
746800,2024-05-01,142,MIN,0,145,CWS,1,-6,3,0.0,2024
745914,2024-05-04,142,MIN,1,111,BOS,3,1,1,357.20870712294794,2024
745911,2024-05-04,142,MIN,1,111,BOS,0,2,2,0.0,2024
745913,2024-05-05,142,MIN,1,111,BOS,1,3,3,0.0,2024
745912,2024-05-06,142,MIN,1,136,SEA,1,4,1,0.0,2024
745915,2024-05-07,142,MIN,1,136,SEA,1,5,2,0.0,2024
745906,2024-05-08,142,MIN,1,136,SEA,1,6,3,0.0,2024
745910,2024-05-09,142,MIN,1,136,SEA,1,7,4,0.0,2024
744940,2024-05-10,142,MIN,0,141,TOR,1,-1,1,692.024839424288,2024
744943,2024-05-11,142,MIN,0,141,TOR,1,-2,2,0.0,2024
744941,2024-05-12,142,MIN,0,141,TOR,1,-3,3,0.0,2024
745909,2024-05-14,142,MIN,1,147,NYY,2,1,1,692.024839424288,2024
745908,2024-05-15,142,MIN,1,147,NYY,1,2,2,0.0,2024
745907,2024-05-16,142,MIN,1,147,NYY,1,3,3,0.0,2024
746641,2024-05-17,142,MIN,0,114,CLE,1,-1,1,630.5553923040089,2024
746642,2024-05-18,142,MIN,0,114,CLE,1,-2,2,0.0,2024
746636,2024-05-19,142,MIN,0,114,CLE,1,-3,3,0.0,2024
744857,2024-05-20,142,MIN,0,120,WSH,1,-4,1,306.2397190255103,2024
744860,2024-05-21,142,MIN,0,120,WSH,1,-5,2,0.0,2024
744856,2024-05-22,142,MIN,0,120,WSH,1,-6,3,0.0,2024
745905,2024-05-24,142,MIN,1,140,TEX,2,1,1,934.56271968754,2024
745901,2024-05-25,142,MIN,1,140,TEX,1,2,2,0.0,2024
745902,2024-05-26,142,MIN,1,140,TEX,1,3,3,0.0,2024
745904,2024-05-27,142,MIN,1,118,KC,1,4,1,0.0,2024
745903,2024-05-28,142,MIN,1,118,KC,1,5,2,0.0,2024
745900,2024-05-29,142,MIN,1,118,KC,1,6,3,0.0,2024
745898,2024-05-30,142,MIN,1,118,KC,1,7,4,0.0,2024
746387,2024-06-01,142,MIN,0,117,HOU,2,-1,1,1058.038361560939,2024
746384,2024-06-01,142,MIN,0,117,HOU,0,-2,2,0.0,2024
746383,2024-06-02,142,MIN,0,117,HOU,1,-3,3,0.0,2024
745739,2024-06-04,142,MIN,0,147,NYY,2,-4,1,1424.3629806468848,2024
745740,2024-06-05,142,MIN,0,147,NYY,1,-5,2,0.0,2024
745738,2024-06-06,142,MIN,0,147,NYY,1,-6,3,0.0,2024
745496,2024-06-07,142,MIN,0,134,PIT,1,-7,1,319.800970833564,2024
745492,2024-06-08,142,MIN,0,134,PIT,1,-8,2,0.0,2024
745491,2024-06-09,142,MIN,0,134,PIT,1,-9,3,0.0,2024
745897,2024-06-10,142,MIN,1,115,COL,1,1,1,741.9088849917657,2024
745899,2024-06-11,142,MIN,1,115,COL,1,2,2,0.0,2024
745896,2024-06-12,142,MIN,1,115,COL,1,3,3,0.0,2024
745894,2024-06-13,142,MIN,1,133,OAK,1,4,1,0.0,2024
745892,2024-06-15,142,MIN,1,133,OAK,0,6,3,0.0,2024
745895,2024-06-16,142,MIN,1,133,OAK,1,7,4,0.0,2024
745891,2024-06-16,142,MIN,1,133,OAK,0,8,5,0.0,2024
745893,2024-06-18,142,MIN,1,139,TB,2,9,1,0.0,2024
745887,2024-06-19,142,MIN,1,139,TB,1,10,2,0.0,2024
745889,2024-06-20,142,MIN,1,139,TB,1,11,3,0.0,2024
745649,2024-06-22,142,MIN,0,133,OAK,2,-1,1,1571.0292537363316,2024
745644,2024-06-22,142,MIN,0,133,OAK,0,-2,2,0.0,2024
745648,2024-06-23,142,MIN,0,133,OAK,1,-3,3,0.0,2024
747188,2024-06-26,142,MIN,0,109,ARI,3,-4,1,641.9010628899154,2024
747185,2024-06-27,142,MIN,0,109,ARI,1,-5,2,0.0,2024
747184,2024-06-27,142,MIN,0,109,ARI,0,-6,3,0.0,2024
745238,2024-06-29,142,MIN,0,136,SEA,2,-7,1,1114.0691793592323,2024
745239,2024-06-30,142,MIN,0,136,SEA,1,-8,2,0.0,2024
745243,2024-06-30,142,MIN,0,136,SEA,0,-9,3,0.0,2024
745886,2024-07-02,142,MIN,1,116,DET,2,1,1,1390.7389323897291,2024
745888,2024-07-04,142,MIN,1,116,DET,2,2,2,0.0,2024
745890,2024-07-04,142,MIN,1,116,DET,0,3,3,0.0,2024
745884,2024-07-06,142,MIN,1,117,HOU,2,4,1,0.0,2024
745885,2024-07-06,142,MIN,1,117,HOU,0,5,2,0.0,2024
745883,2024-07-07,142,MIN,1,117,HOU,1,6,3,0.0,2024
746771,2024-07-09,142,MIN,0,145,CWS,2,-1,1,357.20870712294794,2024
746772,2024-07-10,142,MIN,0,145,CWS,0,-3,3,0.0,2024
746773,2024-07-10,142,MIN,0,145,CWS,0,-4,4,0.0,2024
745312,2024-07-13,142,MIN,0,137,SF,3,-5,1,1853.181136595777,2024
745311,2024-07-13,142,MIN,0,137,SF,0,-6,2,0.0,2024
745314,2024-07-14,142,MIN,0,137,SF,1,-7,3,0.0,2024
745880,2024-07-20,142,MIN,1,158,MIL,6,1,1,1579.295057576871,2024
745882,2024-07-21,142,MIN,1,158,MIL,1,2,2,0.0,2024
745881,2024-07-22,142,MIN,1,143,PHI,1,3,1,0.0,2024
745878,2024-07-23,142,MIN,1,143,PHI,1,4,2,0.0,2024
745877,2024-07-24,142,MIN,1,143,PHI,1,5,3,0.0,2024
746448,2024-07-26,142,MIN,0,116,DET,2,-1,1,542.5071369450939,2024
746446,2024-07-27,142,MIN,0,116,DET,1,-2,2,0.0,2024
746445,2024-07-28,142,MIN,0,116,DET,1,-3,3,0.0,2024
745791,2024-07-29,142,MIN,0,121,NYM,1,-4,1,488.01813985396933,2024
745787,2024-07-30,142,MIN,0,121,NYM,1,-5,2,0.0,2024
745789,2024-07-31,142,MIN,0,121,NYM,1,-6,3,0.0,2024
745875,2024-08-03,142,MIN,1,145,CWS,3,1,1,1023.5867094792683,2024
745876,2024-08-03,142,MIN,1,145,CWS,0,2,2,0.0,2024
745879,2024-08-04,142,MIN,1,145,CWS,1,3,3,0.0,2024
746847,2024-08-06,142,MIN,0,112,CHC,2,-1,1,351.19627848712736,2024
746840,2024-08-07,142,MIN,0,112,CHC,1,-2,2,0.0,2024
746842,2024-08-07,142,MIN,0,112,CHC,0,-3,3,0.0,2024
745927,2024-08-09,142,MIN,1,114,CLE,2,1,1,351.19627848712736,2024
745871,2024-08-10,142,MIN,1,114,CLE,1,2,2,0.0,2024
745873,2024-08-10,142,MIN,1,114,CLE,0,3,3,0.0,2024
745872,2024-08-11,142,MIN,1,114,CLE,1,4,4,0.0,2024
745874,2024-08-12,142,MIN,1,118,KC,1,5,1,0.0,2024
745867,2024-08-13,142,MIN,1,118,KC,1,6,2,0.0,2024
745869,2024-08-14,142,MIN,1,118,KC,1,7,3,0.0,2024
744980,2024-08-16,142,MIN,0,140,TEX,2,-1,1,869.2690937301206,2024
744974,2024-08-17,142,MIN,0,140,TEX,1,-2,2,0.0,2024
744977,2024-08-17,142,MIN,0,140,TEX,0,-3,3,0.0,2024
744975,2024-08-18,142,MIN,0,140,TEX,1,-4,4,0.0,2024
745380,2024-08-20,142,MIN,0,135,SD,2,-5,1,1165.0786259258875,2024
745374,2024-08-21,142,MIN,0,135,SD,1,-6,2,0.0,2024
745375,2024-08-21,142,MIN,0,135,SD,0,-7,3,0.0,2024
745870,2024-08-24,142,MIN,1,138,STL,3,1,1,1530.561766187142,2024
745868,2024-08-24,142,MIN,1,138,STL,0,2,2,0.0,2024
745863,2024-08-25,142,MIN,1,138,STL,1,3,3,0.0,2024
745865,2024-08-26,142,MIN,1,144,ATL,1,4,1,0.0,2024
745864,2024-08-27,142,MIN,1,144,ATL,1,5,2,0.0,2024
745866,2024-08-28,142,MIN,1,144,ATL,1,6,3,0.0,2024
745862,2024-08-31,142,MIN,1,141,TOR,3,7,1,0.0,2024
745859,2024-08-31,142,MIN,1,141,TOR,0,8,2,0.0,2024
745861,2024-09-01,142,MIN,1,141,TOR,1,9,3,0.0,2024
745046,2024-09-02,142,MIN,0,139,TB,1,-1,1,1325.4285844846306,2024
745047,2024-09-03,142,MIN,0,139,TB,1,-2,2,0.0,2024
745045,2024-09-04,142,MIN,0,139,TB,1,-3,3,0.0,2024
745042,2024-09-05,142,MIN,0,139,TB,1,-4,4,0.0,2024
746259,2024-09-07,142,MIN,0,118,KC,2,-5,1,1034.03926539089,2024
746257,2024-09-07,142,MIN,0,118,KC,0,-6,2,0.0,2024
746258,2024-09-08,142,MIN,0,118,KC,1,-7,3,0.0,2024
745860,2024-09-09,142,MIN,1,108,LAA,1,1,1,414.3585559282368,2024
745856,2024-09-10,142,MIN,1,108,LAA,1,2,2,0.0,2024
745857,2024-09-11,142,MIN,1,108,LAA,1,3,3,0.0,2024
745855,2024-09-14,142,MIN,1,113,CIN,3,4,1,0.0,2024
745858,2024-09-14,142,MIN,1,113,CIN,0,5,2,0.0,2024
745852,2024-09-15,142,MIN,1,113,CIN,1,6,3,0.0,2024
746588,2024-09-16,142,MIN,0,114,CLE,1,-1,1,630.5553923040089,2024
746587,2024-09-17,142,MIN,0,114,CLE,1,-2,2,0.0,2024
746582,2024-09-18,142,MIN,0,114,CLE,1,-3,3,0.0,2024
746579,2024-09-19,142,MIN,0,114,CLE,1,-4,4,0.0,2024
746905,2024-09-20,142,MIN,0,111,BOS,1,-5,1,547.1609370940174,2024
746903,2024-09-22,142,MIN,0,111,BOS,1,-7,3,0.0,2024
746906,2024-09-22,142,MIN,0,111,BOS,0,-8,4,0.0,2024
745851,2024-09-24,142,MIN,1,146,MIA,2,1,1,1119.9102367149933,2024
745854,2024-09-25,142,MIN,1,146,MIA,1,2,2,0.0,2024
745853,2024-09-26,142,MIN,1,146,MIA,1,3,3,0.0,2024
745849,2024-09-28,142,MIN,1,110,BAL,2,4,1,0.0,2024
745847,2024-09-28,142,MIN,1,110,BAL,0,5,2,0.0,2024
745846,2024-09-29,142,MIN,1,110,BAL,1,6,3,0.0,2024
745604,2024-03-29,143,PHI,1,144,ATL,1,2,2,0.0,2024
745599,2024-03-30,143,PHI,1,144,ATL,1,3,3,0.0,2024
745602,2024-03-31,143,PHI,1,144,ATL,1,4,4,0.0,2024
745600,2024-04-01,143,PHI,1,113,CIN,1,5,1,0.0,2024
745598,2024-04-02,143,PHI,1,113,CIN,1,6,2,0.0,2024
745603,2024-04-03,143,PHI,1,113,CIN,1,7,3,0.0,2024
744874,2024-04-05,143,PHI,0,120,WSH,2,-1,1,121.48691857607562,2024
744873,2024-04-06,143,PHI,0,120,WSH,1,-2,2,0.0,2024
744871,2024-04-07,143,PHI,0,120,WSH,1,-3,3,0.0,2024
745194,2024-04-08,143,PHI,0,138,STL,1,-4,1,710.1515945615764,2024
745195,2024-04-09,143,PHI,0,138,STL,1,-5,2,0.0,2024
745196,2024-04-10,143,PHI,0,138,STL,1,-6,3,0.0,2024
745601,2024-04-11,143,PHI,1,134,PIT,1,1,1,807.7790398828691,2024
745596,2024-04-12,143,PHI,1,134,PIT,1,2,2,0.0,2024
745594,2024-04-13,143,PHI,1,134,PIT,1,3,3,0.0,2024
745595,2024-04-14,143,PHI,1,134,PIT,1,4,4,0.0,2024
745597,2024-04-15,143,PHI,1,115,COL,1,5,1,0.0,2024
745593,2024-04-16,143,PHI,1,115,COL,1,6,2,0.0,2024
745591,2024-04-17,143,PHI,1,115,COL,1,7,3,0.0,2024
745592,2024-04-19,143,PHI,1,145,CWS,2,8,1,0.0,2024
745590,2024-04-20,143,PHI,1,145,CWS,1,9,2,0.0,2024
745588,2024-04-21,143,PHI,1,145,CWS,1,10,3,0.0,2024
746723,2024-04-22,143,PHI,0,113,CIN,1,-1,1,500.9471415614062,2024
746722,2024-04-23,143,PHI,0,113,CIN,1,-2,2,0.0,2024
746725,2024-04-24,143,PHI,0,113,CIN,1,-3,3,0.0,2024
746724,2024-04-25,143,PHI,0,113,CIN,1,-4,4,0.0,2024
745424,2024-04-27,143,PHI,0,135,SD,2,-5,1,1869.1251200134675,2024
745428,2024-04-28,143,PHI,0,135,SD,1,-6,2,0.0,2024
745425,2024-04-28,143,PHI,0,135,SD,0,-7,3,0.0,2024
746236,2024-04-30,143,PHI,0,108,LAA,2,-8,1,86.36512380343024,2024
746239,2024-05-01,143,PHI,0,108,LAA,1,-9,2,0.0,2024
746238,2024-05-01,143,PHI,0,108,LAA,0,-10,3,0.0,2024
745589,2024-05-03,143,PHI,1,137,SF,2,1,1,2376.1543610675667,2024
745583,2024-05-04,143,PHI,1,137,SF,1,2,2,0.0,2024
745587,2024-05-05,143,PHI,1,137,SF,1,3,3,0.0,2024
745585,2024-05-06,143,PHI,1,137,SF,1,4,4,0.0,2024
745586,2024-05-07,143,PHI,1,141,TOR,1,5,1,0.0,2024
745584,2024-05-08,143,PHI,1,141,TOR,1,6,2,0.0,2024
746071,2024-05-10,143,PHI,0,146,MIA,2,-1,1,1018.8446832841317,2024
746069,2024-05-11,143,PHI,0,146,MIA,1,-2,2,0.0,2024
746068,2024-05-12,143,PHI,0,146,MIA,1,-3,3,0.0,2024
745826,2024-05-13,143,PHI,0,121,NYM,1,-4,1,1097.7414335980382,2024
745821,2024-05-14,143,PHI,0,121,NYM,1,-5,2,0.0,2024
745582,2024-05-15,143,PHI,1,121,NYM,1,1,3,91.08673366367736,2024
745580,2024-05-16,143,PHI,1,121,NYM,1,2,4,0.0,2024
745579,2024-05-17,143,PHI,1,120,WSH,1,3,1,0.0,2024
745581,2024-05-18,143,PHI,1,120,WSH,1,4,2,0.0,2024
745577,2024-05-19,143,PHI,1,120,WSH,1,5,3,0.0,2024
745578,2024-05-21,143,PHI,1,140,TEX,2,6,1,0.0,2024
745576,2024-05-22,143,PHI,1,140,TEX,1,7,2,0.0,2024
745573,2024-05-23,143,PHI,1,140,TEX,1,8,3,0.0,2024
746558,2024-05-25,143,PHI,0,115,COL,2,-1,1,1575.3272730725726,2024
746556,2024-05-26,143,PHI,0,115,COL,1,-2,2,0.0,2024
746557,2024-05-26,143,PHI,0,115,COL,0,-3,3,0.0,2024
745338,2024-05-27,143,PHI,0,137,SF,1,-4,1,945.5308694116128,2024
745337,2024-05-29,143,PHI,0,137,SF,2,-5,2,0.0,2024
745333,2024-05-29,143,PHI,0,137,SF,0,-6,3,0.0,2024
745574,2024-05-31,143,PHI,1,138,STL,2,1,1,2515.920678646169,2024
745575,2024-06-01,143,PHI,1,138,STL,1,2,2,0.0,2024
745572,2024-06-02,143,PHI,1,138,STL,1,3,3,0.0,2024
745569,2024-06-03,143,PHI,1,158,MIL,1,4,1,0.0,2024
745568,2024-06-04,143,PHI,1,158,MIL,1,5,2,0.0,2024
745570,2024-06-05,143,PHI,1,158,MIL,1,6,3,0.0,2024
745814,2024-06-08,143,PHI,0,121,NYM,3,-1,1,91.08673366367736,2024
745571,2024-06-09,143,PHI,1,121,NYM,1,1,2,91.08673366367736,2024
746951,2024-06-11,143,PHI,0,111,BOS,2,-1,1,270.6814533596281,2024
746948,2024-06-12,143,PHI,0,111,BOS,1,-2,2,0.0,2024
746944,2024-06-13,143,PHI,0,111,BOS,1,-3,3,0.0,2024
747025,2024-06-14,143,PHI,0,110,BAL,1,-4,1,358.0026308075598,2024
747024,2024-06-15,143,PHI,0,110,BAL,1,-5,2,0.0,2024
747023,2024-06-16,143,PHI,0,110,BAL,1,-6,3,0.0,2024
745567,2024-06-17,143,PHI,1,135,SD,1,1,1,88.61618494239067,2024
745563,2024-06-18,143,PHI,1,135,SD,1,2,2,0.0,2024
745561,2024-06-19,143,PHI,1,135,SD,1,3,3,0.0,2024
745562,2024-06-21,143,PHI,1,109,ARI,2,4,1,0.0,2024
745564,2024-06-22,143,PHI,1,109,ARI,1,5,2,0.0,2024
745566,2024-06-23,143,PHI,1,109,ARI,1,6,3,0.0,2024
746458,2024-06-24,143,PHI,0,116,DET,1,-1,1,443.15200200788263,2024
746454,2024-06-25,143,PHI,0,116,DET,1,-2,2,0.0,2024
746456,2024-06-26,143,PHI,0,116,DET,1,-3,3,0.0,2024
745565,2024-06-27,143,PHI,1,146,MIA,1,1,1,443.15200200788263,2024
745560,2024-06-28,143,PHI,1,146,MIA,1,2,2,0.0,2024
745559,2024-06-29,143,PHI,1,146,MIA,1,3,3,0.0,2024
745555,2024-06-30,143,PHI,1,146,MIA,1,4,4,0.0,2024
746860,2024-07-03,143,PHI,0,112,CHC,3,-1,1,666.436342674126,2024
746858,2024-07-04,143,PHI,0,112,CHC,1,-2,2,0.0,2024
746857,2024-07-04,143,PHI,0,112,CHC,0,-3,3,0.0,2024
747097,2024-07-05,143,PHI,0,144,ATL,1,-4,1,583.1187828539541,2024
747099,2024-07-06,143,PHI,0,144,ATL,1,-5,2,0.0,2024
747098,2024-07-07,143,PHI,0,144,ATL,1,-6,3,0.0,2024
745557,2024-07-09,143,PHI,1,119,LAD,2,1,1,660.3458671025634,2024
745556,2024-07-10,143,PHI,1,119,LAD,1,2,2,0.0,2024
745558,2024-07-11,143,PHI,1,119,LAD,1,3,3,0.0,2024
745552,2024-07-12,143,PHI,1,133,OAK,1,4,1,0.0,2024
745549,2024-07-13,143,PHI,1,133,OAK,1,5,2,0.0,2024
745551,2024-07-14,143,PHI,1,133,OAK,1,6,3,0.0,2024
745481,2024-07-19,143,PHI,0,134,PIT,5,-1,1,258.1684392529645,2024
745478,2024-07-20,143,PHI,0,134,PIT,1,-2,2,0.0,2024
745470,2024-07-21,143,PHI,0,134,PIT,1,-3,3,0.0,2024
745881,2024-07-22,143,PHI,0,142,MIN,1,-4,1,741.9088849917657,2024
745878,2024-07-23,143,PHI,0,142,MIN,1,-5,2,0.0,2024
745877,2024-07-24,143,PHI,0,142,MIN,1,-6,3,0.0,2024
745554,2024-07-26,143,PHI,1,114,CLE,2,1,1,985.2054759251868,2024
745553,2024-07-27,143,PHI,1,114,CLE,1,2,2,0.0,2024
745550,2024-07-28,143,PHI,1,114,CLE,1,3,3,0.0,2024
745547,2024-07-29,143,PHI,1,147,NYY,1,4,1,0.0,2024
745546,2024-07-30,143,PHI,1,147,NYY,1,5,2,0.0,2024
745543,2024-07-31,143,PHI,1,147,NYY,1,6,3,0.0,2024
745224,2024-08-03,143,PHI,0,136,SEA,3,-1,1,2374.914766881297,2024
745222,2024-08-04,143,PHI,0,136,SEA,1,-2,2,0.0,2024
745225,2024-08-04,143,PHI,0,136,SEA,0,-3,3,0.0,2024
746116,2024-08-06,143,PHI,0,119,LAD,2,-4,1,957.8545939923275,2024
746120,2024-08-07,143,PHI,0,119,LAD,1,-5,2,0.0,2024
746115,2024-08-08,143,PHI,0,119,LAD,1,-6,3,0.0,2024
747169,2024-08-09,143,PHI,0,109,ARI,1,-7,1,357.22532088939374,2024
747168,2024-08-10,143,PHI,0,109,ARI,1,-8,2,0.0,2024
747164,2024-08-11,143,PHI,0,109,ARI,1,-9,3,0.0,2024
747166,2024-08-11,143,PHI,0,109,ARI,0,-10,4,0.0,2024
745548,2024-08-13,143,PHI,1,146,MIA,2,1,1,2077.6302509220623,2024
745544,2024-08-14,143,PHI,1,146,MIA,1,2,2,0.0,2024
745545,2024-08-15,143,PHI,1,120,WSH,1,3,1,0.0,2024
745542,2024-08-16,143,PHI,1,120,WSH,1,4,2,0.0,2024
745537,2024-08-17,143,PHI,1,120,WSH,1,5,3,0.0,2024
745539,2024-08-18,143,PHI,1,120,WSH,1,6,4,0.0,2024
747083,2024-08-20,143,PHI,0,144,ATL,2,-1,1,660.3458671025634,2024
747084,2024-08-21,143,PHI,0,144,ATL,1,-2,2,0.0,2024
747082,2024-08-22,143,PHI,0,144,ATL,1,-3,3,0.0,2024
746268,2024-08-24,143,PHI,0,118,KC,2,-4,1,660.1950472349462,2024
746271,2024-08-24,143,PHI,0,118,KC,0,-5,2,0.0,2024
746263,2024-08-25,143,PHI,0,118,KC,1,-6,3,0.0,2024
745538,2024-08-26,143,PHI,1,117,HOU,1,1,1,1029.7550407478475,2024
745540,2024-08-27,143,PHI,1,117,HOU,1,2,2,0.0,2024
745541,2024-08-28,143,PHI,1,117,HOU,1,3,3,0.0,2024
745531,2024-08-29,143,PHI,1,144,ATL,1,4,1,0.0,2024
745533,2024-08-30,143,PHI,1,144,ATL,1,5,2,0.0,2024
745532,2024-08-31,143,PHI,1,144,ATL,1,6,3,0.0,2024
745536,2024-09-01,143,PHI,1,144,ATL,1,7,4,0.0,2024
744891,2024-09-03,143,PHI,0,141,TOR,2,-1,1,337.49777915551493,2024
744887,2024-09-04,143,PHI,0,141,TOR,1,-2,2,0.0,2024
746021,2024-09-05,143,PHI,0,146,MIA,1,-3,1,1235.193689499836,2024
746016,2024-09-06,143,PHI,0,146,MIA,1,-4,2,0.0,2024
746018,2024-09-07,143,PHI,0,146,MIA,1,-5,3,0.0,2024
746017,2024-09-08,143,PHI,0,146,MIA,1,-6,4,0.0,2024
745534,2024-09-09,143,PHI,1,139,TB,1,1,1,1018.8446832841317,2024
745535,2024-09-10,143,PHI,1,139,TB,1,2,2,0.0,2024
745525,2024-09-11,143,PHI,1,139,TB,1,3,3,0.0,2024
745529,2024-09-13,143,PHI,1,121,NYM,2,4,1,0.0,2024
745528,2024-09-14,143,PHI,1,121,NYM,1,5,2,0.0,2024
745530,2024-09-15,143,PHI,1,121,NYM,1,6,3,0.0,2024
745939,2024-09-16,143,PHI,0,158,MIL,1,-1,1,696.3664086049965,2024
745935,2024-09-17,143,PHI,0,158,MIL,1,-2,2,0.0,2024
745933,2024-09-18,143,PHI,0,158,MIL,1,-3,3,0.0,2024
745769,2024-09-19,143,PHI,0,121,NYM,1,-4,1,742.3438729688163,2024
745770,2024-09-20,143,PHI,0,121,NYM,1,-5,2,0.0,2024
745768,2024-09-21,143,PHI,0,121,NYM,1,-6,3,0.0,2024
745767,2024-09-22,143,PHI,0,121,NYM,1,-7,4,0.0,2024
745527,2024-09-23,143,PHI,1,112,CHC,1,1,1,91.08673366367736,2024
745526,2024-09-24,143,PHI,1,112,CHC,1,2,2,0.0,2024
745521,2024-09-25,143,PHI,1,112,CHC,1,3,3,0.0,2024
744797,2024-09-27,143,PHI,0,120,WSH,2,-1,1,121.48691857607562,2024
744799,2024-09-28,143,PHI,0,120,WSH,1,-2,2,0.0,2024
744798,2024-09-29,143,PHI,0,120,WSH,1,-3,3,0.0,2024
745604,2024-03-29,144,ATL,0,143,PHI,1,-2,2,0.0,2024
745599,2024-03-30,144,ATL,0,143,PHI,1,-3,3,0.0,2024
745602,2024-03-31,144,ATL,0,143,PHI,1,-4,4,0.0,2024
746817,2024-04-01,144,ATL,0,145,CWS,1,-5,1,664.2387944369237,2024
746814,2024-04-02,144,ATL,0,145,CWS,1,-6,2,0.0,2024
747143,2024-04-05,144,ATL,1,109,ARI,2,1,1,575.000216818476,2024
747140,2024-04-06,144,ATL,1,109,ARI,1,2,2,0.0,2024
747141,2024-04-07,144,ATL,1,109,ARI,1,3,3,0.0,2024
747142,2024-04-08,144,ATL,1,121,NYM,1,4,1,0.0,2024
747138,2024-04-09,144,ATL,1,121,NYM,1,5,2,0.0,2024
747137,2024-04-11,144,ATL,1,121,NYM,1,7,4,0.0,2024
746084,2024-04-12,144,ATL,0,146,MIA,1,-1,1,615.50817708501,2024
746082,2024-04-13,144,ATL,0,146,MIA,1,-2,2,0.0,2024
746079,2024-04-14,144,ATL,0,146,MIA,1,-3,3,0.0,2024
746406,2024-04-16,144,ATL,0,117,HOU,2,-4,1,964.5038276054531,2024
746400,2024-04-17,144,ATL,0,117,HOU,1,-5,2,0.0,2024
746401,2024-04-17,144,ATL,0,117,HOU,0,-6,3,0.0,2024
747136,2024-04-19,144,ATL,1,140,TEX,2,1,1,699.6088123085705,2024
747135,2024-04-20,144,ATL,1,140,TEX,1,2,2,0.0,2024
747133,2024-04-21,144,ATL,1,140,TEX,1,3,3,0.0,2024
747134,2024-04-22,144,ATL,1,146,MIA,1,4,1,0.0,2024
747130,2024-04-23,144,ATL,1,146,MIA,1,5,2,0.0,2024
747132,2024-04-24,144,ATL,1,146,MIA,1,6,3,0.0,2024
747129,2024-04-26,144,ATL,1,114,CLE,2,7,1,0.0,2024
747131,2024-04-27,144,ATL,1,114,CLE,1,8,2,0.0,2024
747125,2024-04-28,144,ATL,1,114,CLE,1,9,3,0.0,2024
745263,2024-04-30,144,ATL,0,136,SEA,2,-1,1,2168.6743984875366,2024
745261,2024-05-01,144,ATL,0,136,SEA,1,-2,2,0.0,2024
745260,2024-05-01,144,ATL,0,136,SEA,0,-3,3,0.0,2024
746152,2024-05-04,144,ATL,0,119,LAD,3,-4,1,957.8545939923275,2024
746155,2024-05-05,144,ATL,0,119,LAD,1,-5,2,0.0,2024
746153,2024-05-05,144,ATL,0,119,LAD,0,-6,3,0.0,2024
747126,2024-05-07,144,ATL,1,111,BOS,2,1,1,1926.1127142118578,2024
747127,2024-05-08,144,ATL,1,111,BOS,1,2,2,0.0,2024
745827,2024-05-10,144,ATL,0,121,NYM,2,-1,1,751.1805618659844,2024
745828,2024-05-11,144,ATL,0,121,NYM,1,-2,2,0.0,2024
745825,2024-05-12,144,ATL,0,121,NYM,1,-3,3,0.0,2024
747128,2024-05-13,144,ATL,1,112,CHC,1,1,1,751.1805618659844,2024
747124,2024-05-14,144,ATL,1,112,CHC,1,2,2,0.0,2024
747123,2024-05-15,144,ATL,1,112,CHC,1,3,3,0.0,2024
747122,2024-05-17,144,ATL,1,135,SD,2,4,1,0.0,2024
747120,2024-05-19,144,ATL,1,135,SD,1,6,3,0.0,2024
747119,2024-05-20,144,ATL,1,135,SD,1,7,4,0.0,2024
747121,2024-05-20,144,ATL,1,135,SD,0,8,5,0.0,2024
746875,2024-05-21,144,ATL,0,112,CHC,1,-1,1,583.1187828539541,2024
746876,2024-05-22,144,ATL,0,112,CHC,1,-2,2,0.0,2024
746874,2024-05-23,144,ATL,0,112,CHC,1,-3,3,0.0,2024
745501,2024-05-24,144,ATL,0,134,PIT,1,-4,1,410.8665423703318,2024
745493,2024-05-25,144,ATL,0,134,PIT,1,-5,2,0.0,2024
745498,2024-05-26,144,ATL,0,134,PIT,1,-6,3,0.0,2024
747118,2024-05-27,144,ATL,1,120,WSH,1,1,1,515.1605409529744,2024
747115,2024-05-28,144,ATL,1,120,WSH,1,2,2,0.0,2024
747117,2024-05-29,144,ATL,1,120,WSH,1,3,3,0.0,2024
747114,2024-05-30,144,ATL,1,120,WSH,1,4,4,0.0,2024
747116,2024-05-31,144,ATL,1,133,OAK,1,5,1,0.0,2024
747111,2024-06-01,144,ATL,1,133,OAK,1,6,2,0.0,2024
747110,2024-06-02,144,ATL,1,133,OAK,1,7,3,0.0,2024
746949,2024-06-04,144,ATL,0,111,BOS,2,-1,1,930.6114003294933,2024
746950,2024-06-05,144,ATL,0,111,BOS,1,-2,2,0.0,2024
744844,2024-06-06,144,ATL,0,120,WSH,1,-3,1,391.9148119772238,2024
744845,2024-06-07,144,ATL,0,120,WSH,1,-4,2,0.0,2024
744848,2024-06-08,144,ATL,0,120,WSH,1,-5,3,0.0,2024
744849,2024-06-09,144,ATL,0,120,WSH,1,-6,4,0.0,2024
747027,2024-06-11,144,ATL,0,110,BAL,2,-7,1,35.12148729233362,2024
747028,2024-06-12,144,ATL,0,110,BAL,1,-8,2,0.0,2024
747026,2024-06-13,144,ATL,0,110,BAL,1,-9,3,0.0,2024
747112,2024-06-14,144,ATL,1,139,TB,1,1,1,572.6096280104865,2024
747113,2024-06-15,144,ATL,1,139,TB,1,2,2,0.0,2024
747109,2024-06-16,144,ATL,1,139,TB,1,3,3,0.0,2024
747108,2024-06-17,144,ATL,1,116,DET,1,4,1,0.0,2024
747107,2024-06-18,144,ATL,1,116,DET,1,5,2,0.0,2024
747106,2024-06-19,144,ATL,1,116,DET,1,6,3,0.0,2024
745729,2024-06-21,144,ATL,0,147,NYY,2,-1,1,750.7282247301414,2024
745731,2024-06-22,144,ATL,0,147,NYY,1,-2,2,0.0,2024
745727,2024-06-23,144,ATL,0,147,NYY,1,-3,3,0.0,2024
745160,2024-06-24,144,ATL,0,138,STL,1,-4,1,876.4777308955582,2024
745157,2024-06-26,144,ATL,0,138,STL,1,-6,3,0.0,2024
745158,2024-06-26,144,ATL,0,138,STL,0,-7,4,0.0,2024
746816,2024-06-27,144,ATL,0,145,CWS,1,-8,1,259.4675939691297,2024
747105,2024-06-28,144,ATL,1,134,PIT,1,1,1,575.000216818476,2024
747104,2024-06-29,144,ATL,1,134,PIT,1,2,2,0.0,2024
747101,2024-06-30,144,ATL,1,134,PIT,1,3,3,0.0,2024
747102,2024-07-02,144,ATL,1,137,SF,2,4,1,0.0,2024
747100,2024-07-03,144,ATL,1,137,SF,1,5,2,0.0,2024
747103,2024-07-04,144,ATL,1,137,SF,1,6,3,0.0,2024
747097,2024-07-05,144,ATL,1,143,PHI,1,7,1,0.0,2024
747099,2024-07-06,144,ATL,1,143,PHI,1,8,2,0.0,2024
747098,2024-07-07,144,ATL,1,143,PHI,1,9,3,0.0,2024
747181,2024-07-09,144,ATL,0,109,ARI,2,-1,1,1582.6424392854756,2024
747180,2024-07-10,144,ATL,0,109,ARI,1,-2,2,0.0,2024
747179,2024-07-11,144,ATL,0,109,ARI,1,-3,3,0.0,2024
747178,2024-07-12,144,ATL,0,109,ARI,1,-4,4,0.0,2024
745390,2024-07-13,144,ATL,0,135,SD,1,-5,1,299.07000924838377,2024
745392,2024-07-13,144,ATL,0,135,SD,0,-6,2,0.0,2024
745385,2024-07-14,144,ATL,0,135,SD,1,-7,3,0.0,2024
747093,2024-07-20,144,ATL,1,138,STL,1,2,2,0.0,2024
747096,2024-07-20,144,ATL,1,138,STL,0,3,3,0.0,2024
747094,2024-07-21,144,ATL,1,138,STL,1,4,4,0.0,2024
747095,2024-07-22,144,ATL,1,113,CIN,1,5,1,0.0,2024
747091,2024-07-24,144,ATL,1,113,CIN,0,8,4,0.0,2024
745794,2024-07-25,144,ATL,0,121,NYM,1,-1,1,751.1805618659844,2024
745792,2024-07-26,144,ATL,0,121,NYM,1,-2,2,0.0,2024
745793,2024-07-27,144,ATL,0,121,NYM,1,-3,3,0.0,2024
745795,2024-07-28,144,ATL,0,121,NYM,1,-4,4,0.0,2024
745959,2024-07-30,144,ATL,0,158,MIL,2,-5,1,742.3438729688163,2024
745958,2024-07-31,144,ATL,0,158,MIL,1,-6,2,0.0,2024
745960,2024-07-31,144,ATL,0,158,MIL,0,-7,3,0.0,2024
747092,2024-08-01,144,ATL,1,146,MIA,1,1,1,659.030112248539,2024
747089,2024-08-02,144,ATL,1,146,MIA,1,2,2,0.0,2024
747087,2024-08-03,144,ATL,1,146,MIA,1,3,3,0.0,2024
747088,2024-08-04,144,ATL,1,146,MIA,1,4,4,0.0,2024
747086,2024-08-06,144,ATL,1,158,MIL,2,5,1,0.0,2024
747085,2024-08-07,144,ATL,1,158,MIL,1,6,2,0.0,2024
747081,2024-08-08,144,ATL,1,158,MIL,1,7,3,0.0,2024
746523,2024-08-10,144,ATL,0,115,COL,2,-1,1,1202.1860715929813,2024
746520,2024-08-11,144,ATL,0,115,COL,1,-2,2,0.0,2024
746517,2024-08-11,144,ATL,0,115,COL,0,-3,3,0.0,2024
745300,2024-08-13,144,ATL,0,137,SF,2,-4,1,945.5308694116128,2024
745302,2024-08-14,144,ATL,0,137,SF,1,-5,2,0.0,2024
745298,2024-08-15,144,ATL,0,137,SF,1,-6,3,0.0,2024
745301,2024-08-15,144,ATL,0,137,SF,0,-7,4,0.0,2024
746189,2024-08-17,144,ATL,0,108,LAA,2,-8,1,373.21886529538057,2024
746190,2024-08-18,144,ATL,0,108,LAA,1,-9,2,0.0,2024
746186,2024-08-18,144,ATL,0,108,LAA,0,-10,3,0.0,2024
747083,2024-08-20,144,ATL,1,143,PHI,2,1,1,1909.0187712572824,2024
747084,2024-08-21,144,ATL,1,143,PHI,1,2,2,0.0,2024
747082,2024-08-22,144,ATL,1,143,PHI,1,3,3,0.0,2024
747080,2024-08-23,144,ATL,1,120,WSH,1,4,1,0.0,2024
747077,2024-08-24,144,ATL,1,120,WSH,1,5,2,0.0,2024
747078,2024-08-25,144,ATL,1,120,WSH,1,6,3,0.0,2024
745865,2024-08-26,144,ATL,0,142,MIN,1,-1,1,897.816602147021,2024
745864,2024-08-27,144,ATL,0,142,MIN,1,-2,2,0.0,2024
745866,2024-08-28,144,ATL,0,142,MIN,1,-3,3,0.0,2024
745531,2024-08-29,144,ATL,0,143,PHI,1,-4,1,985.2054759251868,2024
745533,2024-08-30,144,ATL,0,143,PHI,1,-5,2,0.0,2024
745532,2024-08-31,144,ATL,0,143,PHI,1,-6,3,0.0,2024
745536,2024-09-01,144,ATL,0,143,PHI,1,-7,4,0.0,2024
747079,2024-09-03,144,ATL,1,115,COL,2,1,1,660.3458671025634,2024
747075,2024-09-04,144,ATL,1,115,COL,1,2,2,0.0,2024
747073,2024-09-05,144,ATL,1,115,COL,1,3,3,0.0,2024
747074,2024-09-06,144,ATL,1,141,TOR,1,4,1,0.0,2024
747076,2024-09-07,144,ATL,1,141,TOR,1,5,2,0.0,2024
747072,2024-09-08,144,ATL,1,141,TOR,1,6,3,0.0,2024
747090,2024-09-09,144,ATL,1,113,CIN,1,7,1,0.0,2024
744807,2024-09-10,144,ATL,0,120,WSH,1,-1,1,538.869727266714,2024
744804,2024-09-11,144,ATL,0,120,WSH,1,-2,2,0.0,2024
747069,2024-09-13,144,ATL,1,119,LAD,2,1,1,538.869727266714,2024
747070,2024-09-14,144,ATL,1,119,LAD,1,2,2,0.0,2024
747071,2024-09-15,144,ATL,1,119,LAD,1,3,3,0.0,2024
747067,2024-09-16,144,ATL,1,119,LAD,1,4,4,0.0,2024
746659,2024-09-17,144,ATL,0,113,CIN,1,-1,1,359.8050212534856,2024
746662,2024-09-18,144,ATL,0,113,CIN,1,-2,2,0.0,2024
746663,2024-09-19,144,ATL,0,113,CIN,1,-3,3,0.0,2024
746013,2024-09-20,144,ATL,0,146,MIA,1,-4,1,953.4072522903118,2024
746012,2024-09-21,144,ATL,0,146,MIA,1,-5,2,0.0,2024
746010,2024-09-22,144,ATL,0,146,MIA,1,-6,3,0.0,2024
747068,2024-09-24,144,ATL,1,121,NYM,2,1,1,615.50817708501,2024
747065,2024-09-27,144,ATL,1,118,KC,1,4,1,0.0,2024
747066,2024-09-28,144,ATL,1,118,KC,1,5,2,0.0,2024
747061,2024-09-29,144,ATL,1,118,KC,1,6,3,0.0,2024
747139,2024-09-30,144,ATL,1,121,NYM,1,7,1,0.0,2024
747064,2024-09-30,144,ATL,1,121,NYM,0,8,2,0.0,2024
746821,2024-03-28,145,CWS,1,116,DET,0,1,1,0.0,2024
746818,2024-03-30,145,CWS,1,116,DET,2,2,2,0.0,2024
746815,2024-03-31,145,CWS,1,116,DET,1,3,3,0.0,2024
746817,2024-04-01,145,CWS,1,144,ATL,1,4,1,0.0,2024
746814,2024-04-02,145,CWS,1,144,ATL,1,5,2,0.0,2024
746327,2024-04-04,145,CWS,0,118,KC,1,-1,1,407.8477881651946,2024
746328,2024-04-05,145,CWS,0,118,KC,1,-2,2,0.0,2024
746329,2024-04-06,145,CWS,0,118,KC,1,-3,3,0.0,2024
746330,2024-04-07,145,CWS,0,118,KC,1,-4,4,0.0,2024
746654,2024-04-08,145,CWS,0,114,CLE,1,-5,1,694.6429853897519,2024
746653,2024-04-09,145,CWS,0,114,CLE,1,-6,2,0.0,2024
746655,2024-04-10,145,CWS,0,114,CLE,1,-7,3,0.0,2024
746812,2024-04-12,145,CWS,1,113,CIN,2,1,1,307.8720964038074,2024
746811,2024-04-13,145,CWS,1,113,CIN,1,2,2,0.0,2024
746810,2024-04-14,145,CWS,1,113,CIN,1,3,3,0.0,2024
746813,2024-04-15,145,CWS,1,118,KC,1,4,1,0.0,2024
746807,2024-04-17,145,CWS,1,118,KC,1,6,3,0.0,2024
746809,2024-04-17,145,CWS,1,118,KC,0,7,4,0.0,2024
745592,2024-04-19,145,CWS,0,143,PHI,2,-1,1,664.2387944369237,2024
745590,2024-04-20,145,CWS,0,143,PHI,1,-2,2,0.0,2024
745588,2024-04-21,145,CWS,0,143,PHI,1,-3,3,0.0,2024
745916,2024-04-22,145,CWS,0,142,MIN,1,-4,1,985.2054759251868,2024
745917,2024-04-23,145,CWS,0,142,MIN,1,-5,2,0.0,2024
745919,2024-04-24,145,CWS,0,142,MIN,1,-6,3,0.0,2024
745918,2024-04-25,145,CWS,0,142,MIN,1,-7,4,0.0,2024
746808,2024-04-26,145,CWS,1,139,TB,1,1,1,357.20870712294794,2024
746803,2024-04-27,145,CWS,1,139,TB,1,2,2,0.0,2024
746805,2024-04-28,145,CWS,1,139,TB,1,3,3,0.0,2024
746804,2024-04-29,145,CWS,1,142,MIN,1,4,1,0.0,2024
746806,2024-04-30,145,CWS,1,142,MIN,1,5,2,0.0,2024
746800,2024-05-01,145,CWS,1,142,MIN,1,6,3,0.0,2024
745187,2024-05-04,145,CWS,0,138,STL,3,-1,1,259.4675939691297,2024
745183,2024-05-04,145,CWS,0,138,STL,0,-2,2,0.0,2024
745185,2024-05-05,145,CWS,0,138,STL,1,-3,3,0.0,2024
745098,2024-05-06,145,CWS,0,139,TB,1,-4,1,866.6994960845234,2024
745095,2024-05-07,145,CWS,0,139,TB,1,-5,2,0.0,2024
745097,2024-05-08,145,CWS,0,139,TB,1,-6,3,0.0,2024
746802,2024-05-09,145,CWS,1,114,CLE,1,1,1,1011.3877112665284,2024
746801,2024-05-10,145,CWS,1,114,CLE,1,2,2,0.0,2024
746797,2024-05-11,145,CWS,1,114,CLE,1,3,3,0.0,2024
746798,2024-05-12,145,CWS,1,114,CLE,1,4,4,0.0,2024
746796,2024-05-14,145,CWS,1,120,WSH,1,6,2,0.0,2024
746799,2024-05-14,145,CWS,1,120,WSH,0,7,3,0.0,2024
746795,2024-05-15,145,CWS,1,120,WSH,1,8,4,0.0,2024
745747,2024-05-17,145,CWS,0,147,NYY,2,-1,1,713.826429908849,2024
745744,2024-05-18,145,CWS,0,147,NYY,1,-2,2,0.0,2024
745745,2024-05-19,145,CWS,0,147,NYY,1,-3,3,0.0,2024
744935,2024-05-20,145,CWS,0,141,TOR,1,-4,1,340.2685304486618,2024
744936,2024-05-21,145,CWS,0,141,TOR,1,-5,2,0.0,2024
744933,2024-05-22,145,CWS,0,141,TOR,1,-6,3,0.0,2024
746792,2024-05-23,145,CWS,1,110,BAL,1,1,1,436.51941913736283,2024
746793,2024-05-24,145,CWS,1,110,BAL,1,2,2,0.0,2024
746794,2024-05-25,145,CWS,1,110,BAL,1,3,3,0.0,2024
746789,2024-05-26,145,CWS,1,110,BAL,1,4,4,0.0,2024
746788,2024-05-27,145,CWS,1,141,TOR,1,5,1,0.0,2024
746791,2024-05-28,145,CWS,1,141,TOR,1,6,2,0.0,2024
746790,2024-05-29,145,CWS,1,141,TOR,1,7,3,0.0,2024
745983,2024-06-01,145,CWS,0,158,MIL,3,-1,1,84.55513154711521,2024
745980,2024-06-01,145,CWS,0,158,MIL,0,-2,2,0.0,2024
745984,2024-06-02,145,CWS,0,158,MIL,1,-3,3,0.0,2024
746872,2024-06-05,145,CWS,0,112,CHC,3,-4,1,76.31439882124853,2024
746873,2024-06-06,145,CWS,0,112,CHC,1,-5,2,0.0,2024
746784,2024-06-07,145,CWS,1,111,BOS,1,1,1,8.262413783057372,2024
746785,2024-06-08,145,CWS,1,111,BOS,1,2,2,0.0,2024
746786,2024-06-08,145,CWS,1,111,BOS,0,3,3,0.0,2024
746787,2024-06-09,145,CWS,1,111,BOS,1,4,4,0.0,2024
745248,2024-06-11,145,CWS,0,136,SEA,2,-1,1,1734.2639498746735,2024
745244,2024-06-12,145,CWS,0,136,SEA,1,-2,2,0.0,2024
745246,2024-06-13,145,CWS,0,136,SEA,1,-3,3,0.0,2024
745245,2024-06-14,145,CWS,0,136,SEA,1,-4,4,0.0,2024
747191,2024-06-15,145,CWS,0,109,ARI,1,-5,1,1114.0691793592323,2024
747187,2024-06-16,145,CWS,0,109,ARI,1,-6,2,0.0,2024
747189,2024-06-16,145,CWS,0,109,ARI,0,-7,3,0.0,2024
746783,2024-06-19,145,CWS,1,117,HOU,3,1,1,1450.478555736351,2024
746781,2024-06-20,145,CWS,1,117,HOU,1,2,2,0.0,2024
746782,2024-06-20,145,CWS,1,117,HOU,0,3,3,0.0,2024
746460,2024-06-21,145,CWS,0,116,DET,1,-1,1,237.7264337126216,2024
746459,2024-06-22,145,CWS,0,116,DET,1,-2,2,0.0,2024
746457,2024-06-23,145,CWS,0,116,DET,1,-3,3,0.0,2024
746780,2024-06-25,145,CWS,1,119,LAD,2,1,1,237.7264337126216,2024
746775,2024-06-26,145,CWS,1,119,LAD,1,2,2,0.0,2024
746777,2024-06-27,145,CWS,1,119,LAD,1,3,3,0.0,2024
746816,2024-06-27,145,CWS,1,144,ATL,0,4,1,0.0,2024
746776,2024-06-28,145,CWS,1,115,COL,1,5,1,0.0,2024
746778,2024-06-29,145,CWS,1,115,COL,1,6,2,0.0,2024
746779,2024-06-30,145,CWS,1,115,COL,1,7,3,0.0,2024
746623,2024-07-02,145,CWS,0,114,CLE,2,-1,1,307.8720964038074,2024
746617,2024-07-03,145,CWS,0,114,CLE,1,-2,2,0.0,2024
746619,2024-07-04,145,CWS,0,114,CLE,1,-3,3,0.0,2024
746046,2024-07-05,145,CWS,0,146,MIA,1,-4,1,1089.3021385315913,2024
746044,2024-07-06,145,CWS,0,146,MIA,1,-5,2,0.0,2024
746039,2024-07-07,145,CWS,0,146,MIA,1,-6,3,0.0,2024
746771,2024-07-09,145,CWS,1,142,MIN,2,1,1,1186.8172051231497,2024
746772,2024-07-10,145,CWS,1,142,MIN,0,3,3,0.0,2024
746773,2024-07-10,145,CWS,1,142,MIN,0,4,4,0.0,2024
746774,2024-07-13,145,CWS,1,134,PIT,3,5,1,0.0,2024
746766,2024-07-13,145,CWS,1,134,PIT,0,6,2,0.0,2024
746769,2024-07-14,145,CWS,1,134,PIT,1,7,3,0.0,2024
746284,2024-07-20,145,CWS,0,118,KC,6,-1,1,407.8477881651946,2024
746286,2024-07-20,145,CWS,0,118,KC,0,-2,2,0.0,2024
746287,2024-07-21,145,CWS,0,118,KC,1,-3,3,0.0,2024
744988,2024-07-23,145,CWS,0,140,TEX,2,-4,1,459.01779323801827,2024
744985,2024-07-24,145,CWS,0,140,TEX,1,-5,2,0.0,2024
744989,2024-07-25,145,CWS,0,140,TEX,1,-6,3,0.0,2024
744984,2024-07-25,145,CWS,0,140,TEX,0,-7,4,0.0,2024
746767,2024-07-27,145,CWS,1,136,SEA,2,1,1,813.378310893269,2024
746768,2024-07-27,145,CWS,1,136,SEA,0,2,2,0.0,2024
746770,2024-07-28,145,CWS,1,136,SEA,1,3,3,0.0,2024
746765,2024-07-30,145,CWS,1,118,KC,2,4,1,0.0,2024
746764,2024-07-31,145,CWS,1,118,KC,1,5,2,0.0,2024
746763,2024-07-31,145,CWS,1,118,KC,0,6,3,0.0,2024
745875,2024-08-03,145,CWS,0,142,MIN,3,-1,1,357.20870712294794,2024
745876,2024-08-03,145,CWS,0,142,MIN,0,-2,2,0.0,2024
745879,2024-08-04,145,CWS,0,142,MIN,1,-3,3,0.0,2024
745628,2024-08-06,145,CWS,0,133,OAK,2,-4,1,1571.0292537363316,2024
745629,2024-08-07,145,CWS,0,133,OAK,1,-5,2,0.0,2024
745630,2024-08-07,145,CWS,0,133,OAK,0,-6,3,0.0,2024
746760,2024-08-10,145,CWS,1,112,CHC,3,1,1,1844.1022325602153,2024
746761,2024-08-10,145,CWS,1,112,CHC,0,2,2,0.0,2024
746762,2024-08-13,145,CWS,1,147,NYY,3,3,1,0.0,2024
746757,2024-08-14,145,CWS,1,147,NYY,1,4,2,0.0,2024
746759,2024-08-15,145,CWS,1,147,NYY,1,5,3,0.0,2024
746357,2024-08-17,145,CWS,0,117,HOU,2,-1,1,938.7707116803103,2024
746355,2024-08-17,145,CWS,0,117,HOU,0,-2,2,0.0,2024
746359,2024-08-18,145,CWS,0,117,HOU,1,-3,3,0.0,2024
745294,2024-08-20,145,CWS,0,137,SF,2,-4,1,1641.7172266838993,2024
745295,2024-08-21,145,CWS,0,137,SF,1,-5,2,0.0,2024
745297,2024-08-21,145,CWS,0,137,SF,0,-6,3,0.0,2024
746758,2024-08-24,145,CWS,1,116,DET,3,1,1,1853.181136595777,2024
746756,2024-08-24,145,CWS,1,116,DET,0,2,2,0.0,2024
746754,2024-08-25,145,CWS,1,116,DET,1,3,3,0.0,2024
746753,2024-08-27,145,CWS,1,116,DET,2,4,4,0.0,2024
746755,2024-08-28,145,CWS,1,140,TEX,0,6,2,0.0,2024
746752,2024-08-29,145,CWS,1,140,TEX,1,7,3,0.0,2024
746748,2024-08-29,145,CWS,1,140,TEX,0,8,4,0.0,2024
746749,2024-08-31,145,CWS,1,121,NYM,2,9,1,0.0,2024
746751,2024-08-31,145,CWS,1,121,NYM,0,10,2,0.0,2024
746750,2024-09-01,145,CWS,1,121,NYM,1,11,3,0.0,2024
746992,2024-09-02,145,CWS,0,110,BAL,1,-1,1,603.7749623343499,2024
746991,2024-09-03,145,CWS,0,110,BAL,1,-2,2,0.0,2024
746990,2024-09-04,145,CWS,0,110,BAL,1,-3,3,0.0,2024
746912,2024-09-06,145,CWS,0,111,BOS,2,-4,1,358.0026308075598,2024
746911,2024-09-07,145,CWS,0,111,BOS,1,-5,2,0.0,2024
746910,2024-09-08,145,CWS,0,111,BOS,1,-6,3,0.0,2024
746746,2024-09-09,145,CWS,1,114,CLE,1,1,1,847.3821391741471,2024
746747,2024-09-10,145,CWS,1,114,CLE,1,2,2,0.0,2024
746745,2024-09-11,145,CWS,1,114,CLE,1,3,3,0.0,2024
746744,2024-09-13,145,CWS,1,133,OAK,2,4,1,0.0,2024
746740,2024-09-14,145,CWS,1,133,OAK,1,5,2,0.0,2024
746741,2024-09-15,145,CWS,1,133,OAK,1,6,3,0.0,2024
746179,2024-09-17,145,CWS,0,108,LAA,2,-1,1,1731.3431702590296,2024
746172,2024-09-18,145,CWS,0,108,LAA,1,-2,2,0.0,2024
746176,2024-09-18,145,CWS,0,108,LAA,0,-3,3,0.0,2024
745364,2024-09-21,145,CWS,0,135,SD,3,-4,1,86.36512380343024,2024
745360,2024-09-22,145,CWS,0,135,SD,1,-5,2,0.0,2024
745358,2024-09-22,145,CWS,0,135,SD,0,-6,3,0.0,2024
746743,2024-09-24,145,CWS,1,108,LAA,2,1,1,1730.856111183581,2024
746742,2024-09-25,145,CWS,1,108,LAA,1,2,2,0.0,2024
746738,2024-09-26,145,CWS,1,108,LAA,1,3,3,0.0,2024
746417,2024-09-27,145,CWS,0,116,DET,1,-1,1,237.7264337126216,2024
746414,2024-09-28,145,CWS,0,116,DET,1,-2,2,0.0,2024
746416,2024-09-29,145,CWS,0,116,DET,1,-3,3,0.0,2024
746089,2024-03-28,146,MIA,1,134,PIT,0,1,1,0.0,2024
746091,2024-03-29,146,MIA,1,134,PIT,1,2,2,0.0,2024
746087,2024-03-30,146,MIA,1,134,PIT,1,3,3,0.0,2024
746090,2024-03-31,146,MIA,1,134,PIT,1,4,4,0.0,2024
746085,2024-04-01,146,MIA,1,108,LAA,1,5,1,0.0,2024
746086,2024-04-02,146,MIA,1,108,LAA,1,6,2,0.0,2024
746083,2024-04-03,146,MIA,1,108,LAA,1,7,3,0.0,2024
745200,2024-04-04,146,MIA,0,138,STL,1,-1,1,1060.3584631013382,2024
745197,2024-04-06,146,MIA,0,138,STL,2,-2,2,0.0,2024
745198,2024-04-07,146,MIA,0,138,STL,1,-3,3,0.0,2024
745761,2024-04-08,146,MIA,0,147,NYY,1,-4,1,876.4777308955582,2024
745762,2024-04-09,146,MIA,0,147,NYY,1,-5,2,0.0,2024
745763,2024-04-10,146,MIA,0,147,NYY,1,-6,3,0.0,2024
746084,2024-04-12,146,MIA,1,144,ATL,2,1,1,1100.8862542043641,2024
746082,2024-04-13,146,MIA,1,144,ATL,1,2,2,0.0,2024
746079,2024-04-14,146,MIA,1,144,ATL,1,3,3,0.0,2024
746080,2024-04-15,146,MIA,1,137,SF,1,4,1,0.0,2024
746081,2024-04-16,146,MIA,1,137,SF,1,5,2,0.0,2024
746076,2024-04-17,146,MIA,1,137,SF,1,6,3,0.0,2024
746892,2024-04-19,146,MIA,0,112,CHC,1,-2,2,0.0,2024
746893,2024-04-20,146,MIA,0,112,CHC,1,-3,3,0.0,2024
746891,2024-04-20,146,MIA,0,112,CHC,0,-4,4,0.0,2024
746894,2024-04-21,146,MIA,0,112,CHC,1,-5,5,0.0,2024
747134,2024-04-22,146,MIA,0,144,ATL,1,-6,1,583.1187828539541,2024
747130,2024-04-23,146,MIA,0,144,ATL,1,-7,2,0.0,2024
747132,2024-04-24,146,MIA,0,144,ATL,1,-8,3,0.0,2024
746078,2024-04-26,146,MIA,1,120,WSH,2,1,1,615.50817708501,2024
746075,2024-04-27,146,MIA,1,120,WSH,1,2,2,0.0,2024
746077,2024-04-28,146,MIA,1,120,WSH,1,3,3,0.0,2024
746074,2024-04-29,146,MIA,1,120,WSH,1,4,4,0.0,2024
746073,2024-04-30,146,MIA,1,115,COL,1,5,1,0.0,2024
746072,2024-05-01,146,MIA,1,115,COL,1,6,2,0.0,2024
746070,2024-05-02,146,MIA,1,115,COL,1,7,3,0.0,2024
745665,2024-05-04,146,MIA,0,133,OAK,2,-1,1,2577.0014954365984,2024
745666,2024-05-04,146,MIA,0,133,OAK,0,-2,2,0.0,2024
745667,2024-05-05,146,MIA,0,133,OAK,1,-3,3,0.0,2024
746149,2024-05-07,146,MIA,0,119,LAD,2,-4,1,337.12266209703967,2024
746147,2024-05-08,146,MIA,0,119,LAD,1,-5,2,0.0,2024
746151,2024-05-08,146,MIA,0,119,LAD,0,-6,3,0.0,2024
746071,2024-05-10,146,MIA,1,143,PHI,2,1,1,2333.5805728602445,2024
746069,2024-05-11,146,MIA,1,143,PHI,1,2,2,0.0,2024
746068,2024-05-12,146,MIA,1,143,PHI,1,3,3,0.0,2024
746471,2024-05-13,146,MIA,0,116,DET,1,-1,1,1155.530357030567,2024
746473,2024-05-14,146,MIA,0,116,DET,1,-2,2,0.0,2024
746472,2024-05-15,146,MIA,0,116,DET,1,-3,3,0.0,2024
746065,2024-05-17,146,MIA,1,121,NYM,2,1,1,1155.530357030567,2024
746067,2024-05-18,146,MIA,1,121,NYM,1,2,2,0.0,2024
746064,2024-05-19,146,MIA,1,121,NYM,1,3,3,0.0,2024
746066,2024-05-20,146,MIA,1,158,MIL,1,4,1,0.0,2024
746058,2024-05-21,146,MIA,1,158,MIL,1,5,2,0.0,2024
746063,2024-05-22,146,MIA,1,158,MIL,1,6,3,0.0,2024
747200,2024-05-25,146,MIA,0,109,ARI,3,-1,1,1976.4824704501402,2024
747199,2024-05-26,146,MIA,0,109,ARI,1,-2,2,0.0,2024
747197,2024-05-26,146,MIA,0,109,ARI,0,-3,3,0.0,2024
745416,2024-05-27,146,MIA,0,135,SD,1,-4,1,299.07000924838377,2024
745412,2024-05-29,146,MIA,0,135,SD,2,-5,2,0.0,2024
745414,2024-05-29,146,MIA,0,135,SD,0,-6,3,0.0,2024
746059,2024-05-31,146,MIA,1,140,TEX,2,1,1,2266.0145326444363,2024
746062,2024-06-01,146,MIA,1,140,TEX,1,2,2,0.0,2024
746061,2024-06-02,146,MIA,1,140,TEX,1,3,3,0.0,2024
746060,2024-06-04,146,MIA,1,139,TB,2,4,1,0.0,2024
746056,2024-06-05,146,MIA,1,139,TB,1,5,2,0.0,2024
746053,2024-06-07,146,MIA,1,114,CLE,2,6,1,0.0,2024
746057,2024-06-08,146,MIA,1,114,CLE,1,7,2,0.0,2024
746054,2024-06-09,146,MIA,1,114,CLE,1,8,3,0.0,2024
745815,2024-06-11,146,MIA,0,121,NYM,2,-1,1,1097.7414335980382,2024
745811,2024-06-12,146,MIA,0,121,NYM,1,-2,2,0.0,2024
745809,2024-06-13,146,MIA,0,121,NYM,1,-3,3,0.0,2024
744847,2024-06-14,146,MIA,0,120,WSH,1,-4,1,212.3563770011718,2024
744846,2024-06-15,146,MIA,0,120,WSH,1,-5,2,0.0,2024
744839,2024-06-16,146,MIA,0,120,WSH,1,-6,3,0.0,2024
746055,2024-06-17,146,MIA,1,138,STL,1,1,1,923.8773279819753,2024
746049,2024-06-18,146,MIA,1,138,STL,1,2,2,0.0,2024
746050,2024-06-19,146,MIA,1,138,STL,1,3,3,0.0,2024
746052,2024-06-21,146,MIA,1,136,SEA,2,4,1,0.0,2024
746048,2024-06-22,146,MIA,1,136,SEA,1,5,2,0.0,2024
746051,2024-06-23,146,MIA,1,136,SEA,1,6,3,0.0,2024
746298,2024-06-25,146,MIA,0,118,KC,2,-1,1,1235.0191699656941,2024
746293,2024-06-26,146,MIA,0,118,KC,1,-2,2,0.0,2024
746291,2024-06-26,146,MIA,0,118,KC,0,-3,3,0.0,2024
745565,2024-06-27,146,MIA,0,143,PHI,1,-4,1,1029.7550407478475,2024
745560,2024-06-28,146,MIA,0,143,PHI,1,-5,2,0.0,2024
745559,2024-06-29,146,MIA,0,143,PHI,1,-6,3,0.0,2024
745555,2024-06-30,146,MIA,0,143,PHI,1,-7,4,0.0,2024
746047,2024-07-02,146,MIA,1,111,BOS,2,1,1,1018.8446832841317,2024
746045,2024-07-03,146,MIA,1,111,BOS,1,2,2,0.0,2024
746043,2024-07-04,146,MIA,1,111,BOS,1,3,3,0.0,2024
746046,2024-07-05,146,MIA,1,145,CWS,1,4,1,0.0,2024
746044,2024-07-06,146,MIA,1,145,CWS,1,5,2,0.0,2024
746039,2024-07-07,146,MIA,1,145,CWS,1,6,3,0.0,2024
746368,2024-07-10,146,MIA,0,117,HOU,3,-1,1,964.5038276054531,2024
746366,2024-07-11,146,MIA,0,117,HOU,1,-2,2,0.0,2024
746367,2024-07-12,146,MIA,0,117,HOU,1,-3,3,0.0,2024
746685,2024-07-12,146,MIA,0,113,CIN,0,-4,1,892.3931536123845,2024
746687,2024-07-13,146,MIA,0,113,CIN,1,-5,2,0.0,2024
746686,2024-07-14,146,MIA,0,113,CIN,1,-6,3,0.0,2024
746040,2024-07-19,146,MIA,1,121,NYM,5,1,1,953.4072522903118,2024
746041,2024-07-20,146,MIA,1,121,NYM,1,2,2,0.0,2024
746042,2024-07-21,146,MIA,1,121,NYM,1,3,3,0.0,2024
746034,2024-07-22,146,MIA,1,121,NYM,1,4,4,0.0,2024
746036,2024-07-23,146,MIA,1,110,BAL,1,5,1,0.0,2024
746035,2024-07-24,146,MIA,1,110,BAL,1,6,2,0.0,2024
746037,2024-07-25,146,MIA,1,110,BAL,1,7,3,0.0,2024
745964,2024-07-27,146,MIA,0,158,MIL,2,-1,1,1269.7716502102464,2024
745966,2024-07-27,146,MIA,0,158,MIL,0,-2,2,0.0,2024
745961,2024-07-28,146,MIA,0,158,MIL,1,-3,3,0.0,2024
745060,2024-07-30,146,MIA,0,139,TB,2,-4,1,1095.5046669073377,2024
745061,2024-07-31,146,MIA,0,139,TB,1,-5,2,0.0,2024
747092,2024-08-01,146,MIA,0,144,ATL,1,-6,1,436.50640754877156,2024
747089,2024-08-02,146,MIA,0,144,ATL,1,-7,2,0.0,2024
747087,2024-08-03,146,MIA,0,144,ATL,1,-8,3,0.0,2024
747088,2024-08-04,146,MIA,0,144,ATL,1,-9,4,0.0,2024
746038,2024-08-05,146,MIA,1,113,CIN,1,1,1,615.50817708501,2024
746033,2024-08-06,146,MIA,1,113,CIN,1,2,2,0.0,2024
746031,2024-08-07,146,MIA,1,113,CIN,1,3,3,0.0,2024
746030,2024-08-08,146,MIA,1,113,CIN,1,4,4,0.0,2024
746032,2024-08-09,146,MIA,1,135,SD,1,5,1,0.0,2024
746026,2024-08-10,146,MIA,1,135,SD,1,6,2,0.0,2024
746025,2024-08-11,146,MIA,1,135,SD,1,7,3,0.0,2024
745548,2024-08-13,146,MIA,0,143,PHI,2,-1,1,1018.8446832841317,2024
745544,2024-08-14,146,MIA,0,143,PHI,1,-2,2,0.0,2024
745784,2024-08-16,146,MIA,0,121,NYM,2,-3,1,91.08673366367736,2024
745785,2024-08-17,146,MIA,0,121,NYM,1,-4,2,0.0,2024
745786,2024-08-18,146,MIA,0,121,NYM,1,-5,3,0.0,2024
746027,2024-08-19,146,MIA,1,109,ARI,1,1,1,1097.7414335980382,2024
746029,2024-08-20,146,MIA,1,109,ARI,1,2,2,0.0,2024
746028,2024-08-21,146,MIA,1,109,ARI,1,3,3,0.0,2024
746024,2024-08-23,146,MIA,1,112,CHC,2,4,1,0.0,2024
746022,2024-08-24,146,MIA,1,112,CHC,1,5,2,0.0,2024
746023,2024-08-25,146,MIA,1,112,CHC,1,6,3,0.0,2024
746513,2024-08-27,146,MIA,0,115,COL,2,-1,1,1723.9912128319143,2024
746510,2024-08-28,146,MIA,0,115,COL,1,-2,2,0.0,2024
746512,2024-08-29,146,MIA,0,115,COL,1,-3,3,0.0,2024
746514,2024-08-29,146,MIA,0,115,COL,0,-4,4,0.0,2024
745299,2024-08-31,146,MIA,0,137,SF,2,-5,1,945.5308694116128,2024
745296,2024-09-01,146,MIA,0,137,SF,1,-6,2,0.0,2024
745292,2024-09-01,146,MIA,0,137,SF,0,-7,3,0.0,2024
746020,2024-09-03,146,MIA,1,120,WSH,2,1,1,2587.455596996607,2024
746019,2024-09-04,146,MIA,1,120,WSH,1,2,2,0.0,2024
746021,2024-09-05,146,MIA,1,143,PHI,1,3,1,0.0,2024
746016,2024-09-06,146,MIA,1,143,PHI,1,4,2,0.0,2024
746018,2024-09-07,146,MIA,1,143,PHI,1,5,3,0.0,2024
746017,2024-09-08,146,MIA,1,143,PHI,1,6,4,0.0,2024
745454,2024-09-09,146,MIA,0,134,PIT,1,-1,1,1013.6533818001047,2024
745446,2024-09-10,146,MIA,0,134,PIT,1,-2,2,0.0,2024
745450,2024-09-11,146,MIA,0,134,PIT,1,-3,3,0.0,2024
744805,2024-09-12,146,MIA,0,120,WSH,1,-4,1,193.0230929231441,2024
744800,2024-09-13,146,MIA,0,120,WSH,1,-5,2,0.0,2024
744803,2024-09-14,146,MIA,0,120,WSH,1,-6,3,0.0,2024
744801,2024-09-15,146,MIA,0,120,WSH,1,-7,4,0.0,2024
746015,2024-09-17,146,MIA,1,119,LAD,2,1,1,923.8773279819753,2024
746014,2024-09-18,146,MIA,1,119,LAD,1,2,2,0.0,2024
746011,2024-09-19,146,MIA,1,119,LAD,1,3,3,0.0,2024
746013,2024-09-20,146,MIA,1,144,ATL,1,4,1,0.0,2024
746012,2024-09-21,146,MIA,1,144,ATL,1,5,2,0.0,2024
746010,2024-09-22,146,MIA,1,144,ATL,1,6,3,0.0,2024
745851,2024-09-24,146,MIA,0,142,MIN,2,-1,1,1512.7164311689035,2024
745854,2024-09-25,146,MIA,0,142,MIN,1,-2,2,0.0,2024
745853,2024-09-26,146,MIA,0,142,MIN,1,-3,3,0.0,2024
744879,2024-09-27,146,MIA,0,141,TOR,1,-4,1,692.024839424288,2024
744878,2024-09-28,146,MIA,0,141,TOR,1,-5,2,0.0,2024
744880,2024-09-29,146,MIA,0,141,TOR,1,-6,3,0.0,2024
746418,2024-03-28,147,NYY,0,117,HOU,0,-1,1,1424.3629806468848,2024
746412,2024-03-30,147,NYY,0,117,HOU,2,-2,2,0.0,2024
746410,2024-03-30,147,NYY,0,117,HOU,0,-3,3,0.0,2024
746413,2024-03-31,147,NYY,0,117,HOU,1,-4,4,0.0,2024
747218,2024-04-02,147,NYY,0,109,ARI,2,-5,1,1014.6732943333567,2024
747220,2024-04-03,147,NYY,0,109,ARI,1,-6,2,0.0,2024
747219,2024-04-03,147,NYY,0,109,ARI,0,-7,3,0.0,2024
745764,2024-04-05,147,NYY,1,141,TOR,2,1,1,2144.0075016100773,2024
745766,2024-04-06,147,NYY,1,141,TOR,1,2,2,0.0,2024
745765,2024-04-07,147,NYY,1,141,TOR,1,3,3,0.0,2024
745761,2024-04-08,147,NYY,1,146,MIA,1,4,1,0.0,2024
745762,2024-04-09,147,NYY,1,146,MIA,1,5,2,0.0,2024
745763,2024-04-10,147,NYY,1,146,MIA,1,6,3,0.0,2024
746656,2024-04-13,147,NYY,0,114,CLE,1,-2,2,0.0,2024
746658,2024-04-13,147,NYY,0,114,CLE,0,-3,3,0.0,2024
746648,2024-04-14,147,NYY,0,114,CLE,1,-4,4,0.0,2024
744951,2024-04-15,147,NYY,0,141,TOR,1,-5,1,188.71684847115282,2024
744944,2024-04-16,147,NYY,0,141,TOR,1,-6,2,0.0,2024
744948,2024-04-17,147,NYY,0,141,TOR,1,-7,3,0.0,2024
745758,2024-04-19,147,NYY,1,139,TB,2,1,1,340.2685304486618,2024
745760,2024-04-20,147,NYY,1,139,TB,1,2,2,0.0,2024
745759,2024-04-21,147,NYY,1,139,TB,1,3,3,0.0,2024
745757,2024-04-22,147,NYY,1,133,OAK,1,4,1,0.0,2024
745754,2024-04-23,147,NYY,1,133,OAK,1,5,2,0.0,2024
745753,2024-04-24,147,NYY,1,133,OAK,1,6,3,0.0,2024
745755,2024-04-25,147,NYY,1,133,OAK,1,7,4,0.0,2024
746000,2024-04-27,147,NYY,0,158,MIL,2,-1,1,736.8762860400252,2024
745998,2024-04-27,147,NYY,0,158,MIL,0,-2,2,0.0,2024
746001,2024-04-28,147,NYY,0,158,MIL,1,-3,3,0.0,2024
747046,2024-04-29,147,NYY,0,110,BAL,1,-4,1,643.9453251330319,2024
747047,2024-04-30,147,NYY,0,110,BAL,1,-5,2,0.0,2024
747048,2024-05-01,147,NYY,0,110,BAL,1,-6,3,0.0,2024
747044,2024-05-02,147,NYY,0,110,BAL,1,-7,4,0.0,2024
745756,2024-05-03,147,NYY,1,116,DET,1,1,1,178.12306591164185,2024
745750,2024-05-04,147,NYY,1,116,DET,1,2,2,0.0,2024
745751,2024-05-05,147,NYY,1,116,DET,1,3,3,0.0,2024
745752,2024-05-07,147,NYY,1,117,HOU,2,4,1,0.0,2024
745749,2024-05-08,147,NYY,1,117,HOU,1,5,2,0.0,2024
745748,2024-05-09,147,NYY,1,117,HOU,1,6,3,0.0,2024
745094,2024-05-10,147,NYY,0,139,TB,1,-1,1,1029.5381159096478,2024
745096,2024-05-11,147,NYY,0,139,TB,1,-2,2,0.0,2024
745092,2024-05-12,147,NYY,0,139,TB,1,-3,3,0.0,2024
745909,2024-05-14,147,NYY,0,142,MIN,2,-4,1,1325.4285844846306,2024
745908,2024-05-15,147,NYY,0,142,MIN,1,-5,2,0.0,2024
745907,2024-05-16,147,NYY,0,142,MIN,1,-6,3,0.0,2024
745747,2024-05-17,147,NYY,1,145,CWS,1,1,1,1017.7624974211766,2024
745744,2024-05-18,147,NYY,1,145,CWS,1,2,2,0.0,2024
745745,2024-05-19,147,NYY,1,145,CWS,1,3,3,0.0,2024
745746,2024-05-20,147,NYY,1,136,SEA,1,4,1,0.0,2024
745742,2024-05-21,147,NYY,1,136,SEA,1,5,2,0.0,2024
745743,2024-05-22,147,NYY,1,136,SEA,1,6,3,0.0,2024
745741,2024-05-23,147,NYY,1,136,SEA,1,7,4,0.0,2024
745415,2024-05-25,147,NYY,0,135,SD,2,-1,1,2432.0312158214006,2024
745411,2024-05-26,147,NYY,0,135,SD,1,-2,2,0.0,2024
745413,2024-05-26,147,NYY,0,135,SD,0,-3,3,0.0,2024
746229,2024-05-29,147,NYY,0,108,LAA,3,-4,1,86.36512380343024,2024
746228,2024-05-30,147,NYY,0,108,LAA,1,-5,2,0.0,2024
746225,2024-05-31,147,NYY,0,108,LAA,1,-6,3,0.0,2024
745331,2024-06-01,147,NYY,0,137,SF,1,-7,1,373.21886529538057,2024
745330,2024-06-02,147,NYY,0,137,SF,1,-8,2,0.0,2024
745332,2024-06-02,147,NYY,0,137,SF,0,-9,3,0.0,2024
745739,2024-06-04,147,NYY,1,142,MIN,2,1,1,2566.6887885506762,2024
745740,2024-06-05,147,NYY,1,142,MIN,1,2,2,0.0,2024
745738,2024-06-06,147,NYY,1,142,MIN,1,3,3,0.0,2024
745737,2024-06-07,147,NYY,1,119,LAD,1,4,1,0.0,2024
745735,2024-06-08,147,NYY,1,119,LAD,1,5,2,0.0,2024
745736,2024-06-09,147,NYY,1,119,LAD,1,6,3,0.0,2024
746295,2024-06-11,147,NYY,0,118,KC,2,-1,1,1093.2758575684966,2024
746296,2024-06-12,147,NYY,0,118,KC,1,-2,2,0.0,2024
746299,2024-06-13,147,NYY,0,118,KC,1,-3,3,0.0,2024
746294,2024-06-13,147,NYY,0,118,KC,0,-4,4,0.0,2024
746947,2024-06-14,147,NYY,0,111,BOS,1,-5,1,1241.802604380426,2024
746946,2024-06-15,147,NYY,0,111,BOS,1,-6,2,0.0,2024
746945,2024-06-16,147,NYY,0,111,BOS,1,-7,3,0.0,2024
745733,2024-06-18,147,NYY,1,110,BAL,2,1,1,179.88456828974768,2024
745732,2024-06-19,147,NYY,1,110,BAL,1,2,2,0.0,2024
745734,2024-06-20,147,NYY,1,110,BAL,1,3,3,0.0,2024
745729,2024-06-21,147,NYY,1,144,ATL,1,4,1,0.0,2024
745731,2024-06-22,147,NYY,1,144,ATL,1,5,2,0.0,2024
745727,2024-06-23,147,NYY,1,144,ATL,1,6,3,0.0,2024
745806,2024-06-25,147,NYY,0,121,NYM,2,-1,1,6.541035356047549,2024
745808,2024-06-26,147,NYY,0,121,NYM,1,-2,2,0.0,2024
744919,2024-06-27,147,NYY,0,141,TOR,1,-3,1,346.6363887095845,2024
744922,2024-06-28,147,NYY,0,141,TOR,1,-4,2,0.0,2024
744921,2024-06-29,147,NYY,0,141,TOR,1,-5,3,0.0,2024
744916,2024-06-30,147,NYY,0,141,TOR,1,-6,4,0.0,2024
745730,2024-07-02,147,NYY,1,113,CIN,2,1,1,340.2685304486618,2024
745728,2024-07-03,147,NYY,1,113,CIN,1,2,2,0.0,2024
745726,2024-07-04,147,NYY,1,113,CIN,1,3,3,0.0,2024
745725,2024-07-05,147,NYY,1,111,BOS,1,4,1,0.0,2024
745724,2024-07-06,147,NYY,1,111,BOS,1,5,2,0.0,2024
745723,2024-07-07,147,NYY,1,111,BOS,1,6,3,0.0,2024
745074,2024-07-09,147,NYY,0,139,TB,2,-1,1,1029.5381159096478,2024
745069,2024-07-10,147,NYY,0,139,TB,1,-2,2,0.0,2024
745065,2024-07-11,147,NYY,0,139,TB,1,-3,3,0.0,2024
747012,2024-07-12,147,NYY,0,110,BAL,1,-4,1,867.6749708982579,2024
747013,2024-07-13,147,NYY,0,110,BAL,1,-5,2,0.0,2024
747009,2024-07-14,147,NYY,0,110,BAL,1,-6,3,0.0,2024
745721,2024-07-19,147,NYY,1,139,TB,5,1,1,178.12306591164185,2024
745720,2024-07-20,147,NYY,1,139,TB,1,2,2,0.0,2024
745722,2024-07-21,147,NYY,1,139,TB,1,3,3,0.0,2024
745717,2024-07-22,147,NYY,1,139,TB,1,4,4,0.0,2024
745715,2024-07-23,147,NYY,1,121,NYM,1,5,1,0.0,2024
745716,2024-07-24,147,NYY,1,121,NYM,1,6,2,0.0,2024
746933,2024-07-26,147,NYY,0,111,BOS,2,-1,1,179.88456828974768,2024
746931,2024-07-27,147,NYY,0,111,BOS,1,-2,2,0.0,2024
746929,2024-07-28,147,NYY,0,111,BOS,1,-3,3,0.0,2024
745547,2024-07-29,147,NYY,0,143,PHI,1,-4,1,270.6814533596281,2024
745546,2024-07-30,147,NYY,0,143,PHI,1,-5,2,0.0,2024
745543,2024-07-31,147,NYY,0,143,PHI,1,-6,3,0.0,2024
745719,2024-08-02,147,NYY,1,141,TOR,2,1,1,91.29714579232771,2024
745714,2024-08-03,147,NYY,1,141,TOR,1,2,2,0.0,2024
745718,2024-08-04,147,NYY,1,141,TOR,1,3,3,0.0,2024
745709,2024-08-07,147,NYY,1,108,LAA,1,5,2,0.0,2024
745713,2024-08-07,147,NYY,1,108,LAA,0,6,3,0.0,2024
745710,2024-08-08,147,NYY,1,108,LAA,1,7,4,0.0,2024
745712,2024-08-10,147,NYY,1,140,TEX,1,9,2,0.0,2024
745708,2024-08-10,147,NYY,1,140,TEX,0,10,3,0.0,2024
745711,2024-08-11,147,NYY,1,140,TEX,1,11,4,0.0,2024
746762,2024-08-13,147,NYY,0,145,CWS,2,-1,1,713.826429908849,2024
746757,2024-08-14,147,NYY,0,145,CWS,1,-2,2,0.0,2024
746759,2024-08-15,147,NYY,0,145,CWS,1,-3,3,0.0,2024
746438,2024-08-16,147,NYY,0,116,DET,1,-4,1,237.7264337126216,2024
746434,2024-08-17,147,NYY,0,116,DET,1,-5,2,0.0,2024
746431,2024-08-18,147,NYY,0,116,DET,1,-6,3,0.0,2024
745707,2024-08-20,147,NYY,1,114,CLE,2,1,1,482.6121717715705,2024
745704,2024-08-21,147,NYY,1,114,CLE,1,2,2,0.0,2024
745705,2024-08-22,147,NYY,1,114,CLE,1,3,3,0.0,2024
745702,2024-08-23,147,NYY,1,115,COL,1,4,1,0.0,2024
745703,2024-08-24,147,NYY,1,115,COL,1,5,2,0.0,2024
745706,2024-08-25,147,NYY,1,115,COL,1,6,3,0.0,2024
744813,2024-08-26,147,NYY,0,120,WSH,1,-1,1,212.0912051760551,2024
744811,2024-08-27,147,NYY,0,120,WSH,1,-2,2,0.0,2024
744809,2024-08-28,147,NYY,0,120,WSH,1,-3,3,0.0,2024
745700,2024-08-30,147,NYY,1,138,STL,2,1,1,212.0912051760551,2024
745699,2024-08-31,147,NYY,1,138,STL,1,2,2,0.0,2024
745701,2024-09-01,147,NYY,1,138,STL,1,3,3,0.0,2024
744972,2024-09-03,147,NYY,0,140,TEX,2,-1,1,1392.1915186769138,2024
744968,2024-09-04,147,NYY,0,140,TEX,1,-2,2,0.0,2024
744964,2024-09-05,147,NYY,0,140,TEX,1,-3,3,0.0,2024
746832,2024-09-06,147,NYY,0,112,CHC,1,-4,1,818.6825304940769,2024
746829,2024-09-07,147,NYY,0,112,CHC,1,-5,2,0.0,2024
746827,2024-09-08,147,NYY,0,112,CHC,1,-6,3,0.0,2024
745698,2024-09-09,147,NYY,1,118,KC,1,1,1,715.1181609325873,2024
745694,2024-09-10,147,NYY,1,118,KC,1,2,2,0.0,2024
745697,2024-09-11,147,NYY,1,118,KC,1,3,3,0.0,2024
745695,2024-09-12,147,NYY,1,111,BOS,1,4,1,0.0,2024
745696,2024-09-13,147,NYY,1,111,BOS,1,5,2,0.0,2024
745689,2024-09-14,147,NYY,1,111,BOS,1,6,3,0.0,2024
745693,2024-09-15,147,NYY,1,111,BOS,1,7,4,0.0,2024
745205,2024-09-18,147,NYY,0,136,SEA,3,-1,1,2402.134394397607,2024
745204,2024-09-19,147,NYY,0,136,SEA,1,-2,2,0.0,2024
745199,2024-09-19,147,NYY,0,136,SEA,0,-3,3,0.0,2024
745606,2024-09-21,147,NYY,0,133,OAK,2,-4,1,679.9392003432476,2024
745610,2024-09-22,147,NYY,0,133,OAK,1,-5,2,0.0,2024
745608,2024-09-22,147,NYY,0,133,OAK,0,-6,3,0.0,2024
745688,2024-09-24,147,NYY,1,110,BAL,2,1,1,2557.66201940974,2024
745690,2024-09-25,147,NYY,1,110,BAL,1,2,2,0.0,2024
745691,2024-09-26,147,NYY,1,110,BAL,1,3,3,0.0,2024
745692,2024-09-27,147,NYY,1,134,PIT,1,4,1,0.0,2024
745685,2024-09-28,147,NYY,1,134,PIT,1,5,2,0.0,2024
745686,2024-09-29,147,NYY,1,134,PIT,1,6,3,0.0,2024
745848,2024-03-29,158,MIL,0,121,NYM,1,-2,2,0.0,2024
745850,2024-03-30,158,MIL,0,121,NYM,1,-3,3,0.0,2024
745845,2024-03-31,158,MIL,0,121,NYM,1,-4,4,0.0,2024
746009,2024-04-02,158,MIL,1,142,MIN,2,1,1,742.3438729688163,2024
746008,2024-04-03,158,MIL,1,142,MIN,1,2,2,0.0,2024
746007,2024-04-06,158,MIL,1,136,SEA,3,3,1,0.0,2024
746006,2024-04-06,158,MIL,1,136,SEA,0,4,2,0.0,2024
746003,2024-04-07,158,MIL,1,136,SEA,1,5,3,0.0,2024
746735,2024-04-08,158,MIL,0,113,CIN,1,-1,1,325.9595383372329,2024
746732,2024-04-09,158,MIL,0,113,CIN,1,-2,2,0.0,2024
746728,2024-04-10,158,MIL,0,113,CIN,1,-3,3,0.0,2024
747055,2024-04-12,158,MIL,0,110,BAL,1,-5,1,422.40795362654626,2024
747054,2024-04-13,158,MIL,0,110,BAL,1,-6,2,0.0,2024
747056,2024-04-14,158,MIL,0,110,BAL,1,-7,3,0.0,2024
746002,2024-04-15,158,MIL,1,135,SD,1,1,1,643.9453251330319,2024
746004,2024-04-16,158,MIL,1,135,SD,1,2,2,0.0,2024
746005,2024-04-17,158,MIL,1,135,SD,1,3,3,0.0,2024
745190,2024-04-20,158,MIL,0,138,STL,3,-1,1,325.7786649185398,2024
745189,2024-04-20,158,MIL,0,138,STL,0,-2,2,0.0,2024
745192,2024-04-21,158,MIL,0,138,STL,1,-3,3,0.0,2024
745519,2024-04-22,158,MIL,0,134,PIT,1,-4,1,556.9698942849304,2024
745516,2024-04-23,158,MIL,0,134,PIT,1,-5,2,0.0,2024
745513,2024-04-24,158,MIL,0,134,PIT,1,-6,3,0.0,2024
745512,2024-04-25,158,MIL,0,134,PIT,1,-7,4,0.0,2024
746000,2024-04-27,158,MIL,1,147,NYY,2,1,1,447.5172990364866,2024
745998,2024-04-27,158,MIL,1,147,NYY,0,2,2,0.0,2024
746001,2024-04-28,158,MIL,1,147,NYY,1,3,3,0.0,2024
745999,2024-04-29,158,MIL,1,139,TB,1,4,1,0.0,2024
745997,2024-04-30,158,MIL,1,139,TB,1,5,2,0.0,2024
745996,2024-05-01,158,MIL,1,139,TB,1,6,3,0.0,2024
746890,2024-05-03,158,MIL,0,112,CHC,2,-1,1,76.31439882124853,2024
746884,2024-05-04,158,MIL,0,112,CHC,1,-2,2,0.0,2024
746883,2024-05-05,158,MIL,0,112,CHC,1,-3,3,0.0,2024
746313,2024-05-06,158,MIL,0,118,KC,1,-4,1,410.49325072140863,2024
746315,2024-05-07,158,MIL,0,118,KC,1,-5,2,0.0,2024
746312,2024-05-08,158,MIL,0,118,KC,1,-6,3,0.0,2024
745995,2024-05-09,158,MIL,1,138,STL,1,1,1,436.30833378546873,2024
745994,2024-05-11,158,MIL,1,138,STL,2,2,2,0.0,2024
745993,2024-05-11,158,MIL,1,138,STL,0,3,3,0.0,2024
745990,2024-05-12,158,MIL,1,138,STL,1,4,4,0.0,2024
745991,2024-05-13,158,MIL,1,134,PIT,1,5,1,0.0,2024
745989,2024-05-14,158,MIL,1,134,PIT,1,6,2,0.0,2024
745992,2024-05-15,158,MIL,1,134,PIT,1,7,3,0.0,2024
746388,2024-05-18,158,MIL,0,117,HOU,3,-1,1,1003.7248757818593,2024
746389,2024-05-18,158,MIL,0,117,HOU,0,-2,2,0.0,2024
746392,2024-05-19,158,MIL,0,117,HOU,1,-3,3,0.0,2024
746066,2024-05-20,158,MIL,0,146,MIA,1,-4,1,964.5038276054531,2024
746058,2024-05-21,158,MIL,0,146,MIA,1,-5,2,0.0,2024
746063,2024-05-22,158,MIL,0,146,MIA,1,-6,3,0.0,2024
746956,2024-05-24,158,MIL,0,111,BOS,2,-7,1,1256.446953803624,2024
746958,2024-05-25,158,MIL,0,111,BOS,1,-8,2,0.0,2024
746957,2024-05-26,158,MIL,0,111,BOS,1,-9,3,0.0,2024
745986,2024-05-27,158,MIL,1,112,CHC,1,1,1,856.8965719703916,2024
745987,2024-05-28,158,MIL,1,112,CHC,1,2,2,0.0,2024
745988,2024-05-29,158,MIL,1,112,CHC,1,3,3,0.0,2024
745985,2024-05-30,158,MIL,1,112,CHC,1,4,4,0.0,2024
745983,2024-06-01,158,MIL,1,145,CWS,2,5,1,0.0,2024
745980,2024-06-01,158,MIL,1,145,CWS,0,6,2,0.0,2024
745984,2024-06-02,158,MIL,1,145,CWS,1,7,3,0.0,2024
745569,2024-06-03,158,MIL,0,143,PHI,1,-1,1,696.3664086049965,2024
745568,2024-06-04,158,MIL,0,143,PHI,1,-2,2,0.0,2024
745570,2024-06-05,158,MIL,0,143,PHI,1,-3,3,0.0,2024
746466,2024-06-07,158,MIL,0,116,DET,2,-4,1,443.15200200788263,2024
746461,2024-06-08,158,MIL,0,116,DET,1,-5,2,0.0,2024
746463,2024-06-09,158,MIL,0,116,DET,1,-6,3,0.0,2024
745982,2024-06-11,158,MIL,1,141,TOR,2,1,1,254.49710853928843,2024
745981,2024-06-12,158,MIL,1,141,TOR,1,2,2,0.0,2024
745978,2024-06-12,158,MIL,1,141,TOR,0,3,3,0.0,2024
745976,2024-06-15,158,MIL,1,113,CIN,3,4,1,0.0,2024
745979,2024-06-15,158,MIL,1,113,CIN,0,5,2,0.0,2024
745977,2024-06-16,158,MIL,1,113,CIN,1,6,3,0.0,2024
746215,2024-06-18,158,MIL,0,108,LAA,2,-1,1,1728.9866303339395,2024
746217,2024-06-19,158,MIL,0,108,LAA,1,-2,2,0.0,2024
746219,2024-06-20,158,MIL,0,108,LAA,1,-3,3,0.0,2024
745401,2024-06-21,158,MIL,0,135,SD,1,-4,1,86.36512380343024,2024
745403,2024-06-22,158,MIL,0,135,SD,1,-5,2,0.0,2024
745402,2024-06-22,158,MIL,0,135,SD,0,-6,3,0.0,2024
745396,2024-06-23,158,MIL,0,135,SD,1,-7,4,0.0,2024
745974,2024-06-25,158,MIL,1,140,TEX,2,1,1,1732.8547359706142,2024
745975,2024-06-26,158,MIL,1,140,TEX,1,2,2,0.0,2024
745973,2024-06-26,158,MIL,1,140,TEX,0,3,3,0.0,2024
745970,2024-06-29,158,MIL,1,112,CHC,3,4,1,0.0,2024
745972,2024-06-29,158,MIL,1,112,CHC,0,5,2,0.0,2024
745971,2024-06-30,158,MIL,1,112,CHC,1,6,3,0.0,2024
746535,2024-07-02,158,MIL,0,115,COL,2,-1,1,909.1622358795455,2024
746537,2024-07-03,158,MIL,0,115,COL,1,-2,2,0.0,2024
746534,2024-07-04,158,MIL,0,115,COL,1,-3,3,0.0,2024
746532,2024-07-05,158,MIL,0,115,COL,1,-4,4,0.0,2024
746127,2024-07-06,158,MIL,0,119,LAD,1,-5,1,829.208728545356,2024
746129,2024-07-06,158,MIL,0,119,LAD,0,-6,2,0.0,2024
746122,2024-07-07,158,MIL,0,119,LAD,1,-7,3,0.0,2024
745968,2024-07-10,158,MIL,1,134,PIT,3,1,1,1737.1964859284558,2024
745969,2024-07-11,158,MIL,1,134,PIT,1,2,2,0.0,2024
745967,2024-07-11,158,MIL,1,134,PIT,0,3,3,0.0,2024
745965,2024-07-13,158,MIL,1,120,WSH,2,4,1,0.0,2024
745963,2024-07-13,158,MIL,1,120,WSH,0,5,2,0.0,2024
745962,2024-07-14,158,MIL,1,120,WSH,1,6,3,0.0,2024
745880,2024-07-20,158,MIL,0,142,MIN,6,-1,1,296.19869216933046,2024
745882,2024-07-21,158,MIL,0,142,MIN,1,-2,2,0.0,2024
746850,2024-07-23,158,MIL,0,112,CHC,2,-3,1,351.19627848712736,2024
746851,2024-07-24,158,MIL,0,112,CHC,1,-4,2,0.0,2024
746848,2024-07-24,158,MIL,0,112,CHC,0,-5,3,0.0,2024
745964,2024-07-27,158,MIL,1,146,MIA,3,1,1,76.31439882124853,2024
745966,2024-07-27,158,MIL,1,146,MIA,0,2,2,0.0,2024
745961,2024-07-28,158,MIL,1,146,MIA,1,3,3,0.0,2024
745959,2024-07-30,158,MIL,1,144,ATL,2,4,1,0.0,2024
745958,2024-07-31,158,MIL,1,144,ATL,1,5,2,0.0,2024
745960,2024-07-31,158,MIL,1,144,ATL,0,6,3,0.0,2024
744825,2024-08-02,158,MIL,0,120,WSH,2,-1,1,639.4643273379048,2024
744823,2024-08-03,158,MIL,0,120,WSH,1,-2,2,0.0,2024
744826,2024-08-04,158,MIL,0,120,WSH,1,-3,3,0.0,2024
747086,2024-08-06,158,MIL,0,144,ATL,2,-4,1,538.869727266714,2024
747085,2024-08-07,158,MIL,0,144,ATL,1,-5,2,0.0,2024
747081,2024-08-08,158,MIL,0,144,ATL,1,-6,3,0.0,2024
745957,2024-08-10,158,MIL,1,113,CIN,2,1,1,659.030112248539,2024
745955,2024-08-10,158,MIL,1,113,CIN,0,2,2,0.0,2024
745956,2024-08-11,158,MIL,1,113,CIN,1,3,3,0.0,2024
745953,2024-08-13,158,MIL,1,119,LAD,2,4,1,0.0,2024
745954,2024-08-14,158,MIL,1,119,LAD,1,5,2,0.0,2024
745950,2024-08-15,158,MIL,1,119,LAD,1,6,3,0.0,2024
745951,2024-08-15,158,MIL,1,119,LAD,0,7,4,0.0,2024
745952,2024-08-17,158,MIL,1,114,CLE,2,8,1,0.0,2024
745949,2024-08-17,158,MIL,1,114,CLE,0,9,2,0.0,2024
745948,2024-08-18,158,MIL,1,114,CLE,1,10,3,0.0,2024
745136,2024-08-20,158,MIL,0,138,STL,2,-1,1,325.7786649185398,2024
745138,2024-08-21,158,MIL,0,138,STL,1,-2,2,0.0,2024
745137,2024-08-22,158,MIL,0,138,STL,1,-3,3,0.0,2024
745625,2024-08-24,158,MIL,0,133,OAK,2,-4,1,1730.5555289171796,2024
745617,2024-08-24,158,MIL,0,133,OAK,0,-5,2,0.0,2024
745618,2024-08-25,158,MIL,0,133,OAK,1,-6,3,0.0,2024
745946,2024-08-28,158,MIL,1,137,SF,3,1,1,1824.7310880760674,2024
745945,2024-08-29,158,MIL,1,137,SF,1,2,2,0.0,2024
745943,2024-08-29,158,MIL,1,137,SF,0,3,3,0.0,2024
746730,2024-08-30,158,MIL,0,113,CIN,1,-1,1,325.9595383372329,2024
746665,2024-08-30,158,MIL,0,113,CIN,0,-2,2,0.0,2024
746667,2024-08-31,158,MIL,0,113,CIN,1,-3,3,0.0,2024
746669,2024-09-01,158,MIL,0,113,CIN,1,-4,4,0.0,2024
745947,2024-09-02,158,MIL,1,138,STL,1,1,1,325.9595383372329,2024
745944,2024-09-03,158,MIL,1,138,STL,1,2,2,0.0,2024
745938,2024-09-04,158,MIL,1,138,STL,1,3,3,0.0,2024
745941,2024-09-06,158,MIL,1,115,COL,2,4,1,0.0,2024
745942,2024-09-07,158,MIL,1,115,COL,1,5,2,0.0,2024
745940,2024-09-08,158,MIL,1,115,COL,1,6,3,0.0,2024
745291,2024-09-11,158,MIL,0,137,SF,3,-1,1,1833.5573982316243,2024
745285,2024-09-12,158,MIL,0,137,SF,1,-2,2,0.0,2024
745288,2024-09-13,158,MIL,0,137,SF,1,-3,3,0.0,2024
747153,2024-09-14,158,MIL,0,109,ARI,1,-4,1,652.0636757078365,2024
747148,2024-09-15,158,MIL,0,109,ARI,1,-5,2,0.0,2024
747151,2024-09-15,158,MIL,0,109,ARI,0,-6,3,0.0,2024
745939,2024-09-16,158,MIL,1,143,PHI,1,1,1,1458.5788896029478,2024
745935,2024-09-17,158,MIL,1,143,PHI,1,2,2,0.0,2024
745933,2024-09-18,158,MIL,1,143,PHI,1,3,3,0.0,2024
745937,2024-09-19,158,MIL,1,109,ARI,1,4,1,0.0,2024
745934,2024-09-21,158,MIL,1,109,ARI,2,5,2,0.0,2024
745936,2024-09-21,158,MIL,1,109,ARI,0,6,3,0.0,2024
745929,2024-09-22,158,MIL,1,109,ARI,1,7,4,0.0,2024
745441,2024-09-24,158,MIL,0,134,PIT,2,-1,1,447.5172990364866,2024
745442,2024-09-25,158,MIL,0,134,PIT,1,-2,2,0.0,2024
745443,2024-09-26,158,MIL,0,134,PIT,1,-3,3,0.0,2024
745930,2024-09-28,158,MIL,1,121,NYM,2,1,1,447.5172990364866,2024
745931,2024-09-28,158,MIL,1,121,NYM,0,2,2,0.0,2024
745932,2024-09-29,158,MIL,1,121,NYM,1,3,3,0.0,2024
