game_pk,game_date,team_id,team,is_home,opp_team_id,opp_team,days_rest,home_away_streak,series_game_num,travel_miles,year
778554,2025-03-27,108,LAA,0,145,CWS,0,-1,1,1731.3431702590296,2025
778534,2025-03-29,108,LAA,0,145,CWS,2,-2,2,0.0,2025
778527,2025-03-30,108,LAA,0,145,CWS,1,-3,3,0.0,2025
778503,2025-03-31,108,LAA,0,138,STL,1,-4,1,259.4675939691297,2025
778495,2025-04-01,108,LAA,0,138,STL,1,-5,2,0.0,2025
778473,2025-04-02,108,LAA,0,138,STL,1,-6,3,0.0,2025
778447,2025-04-05,108,LAA,1,114,CLE,3,1,1,1572.920237629869,2025
778437,2025-04-06,108,LAA,1,114,CLE,1,2,2,0.0,2025
778425,2025-04-06,108,LAA,1,114,CLE,0,3,3,0.0,2025
778417,2025-04-08,108,LAA,0,139,TB,2,-1,1,2121.7324696841006,2025
778399,2025-04-09,108,LAA,0,139,TB,1,-2,2,0.0,2025
778382,2025-04-10,108,LAA,0,139,TB,1,-3,3,0.0,2025
778368,2025-04-12,108,LAA,0,117,HOU,2,-4,1,781.1406098722147,2025
778351,2025-04-12,108,LAA,0,117,HOU,0,-5,2,0.0,2025
778329,2025-04-13,108,LAA,0,117,HOU,1,-6,3,0.0,2025
778306,2025-04-16,108,LAA,0,140,TEX,3,-7,1,230.66355960201378,2025
778289,2025-04-17,108,LAA,0,140,TEX,1,-8,2,0.0,2025
778281,2025-04-18,108,LAA,0,140,TEX,1,-9,3,0.0,2025
778260,2025-04-19,108,LAA,1,137,SF,1,1,1,1201.6984237735796,2025
778232,2025-04-20,108,LAA,1,137,SF,1,2,2,0.0,2025
778243,2025-04-20,108,LAA,1,137,SF,0,3,3,0.0,2025
778211,2025-04-23,108,LAA,1,134,PIT,3,4,1,0.0,2025
778202,2025-04-24,108,LAA,1,134,PIT,1,5,2,0.0,2025
778191,2025-04-25,108,LAA,1,134,PIT,1,6,3,0.0,2025
778186,2025-04-25,108,LAA,0,142,MIN,0,-1,1,1515.2340388389878,2025
778166,2025-04-26,108,LAA,0,142,MIN,1,-2,2,0.0,2025
778144,2025-04-27,108,LAA,0,142,MIN,1,-3,3,0.0,2025
778121,2025-04-30,108,LAA,0,136,SEA,3,-4,1,1390.7389323897291,2025
778104,2025-04-30,108,LAA,0,136,SEA,0,-5,2,0.0,2025
778101,2025-05-02,108,LAA,1,116,DET,2,1,1,980.5935873257743,2025
778085,2025-05-03,108,LAA,1,116,DET,1,2,2,0.0,2025
778067,2025-05-04,108,LAA,1,116,DET,1,3,3,0.0,2025
778050,2025-05-04,108,LAA,1,116,DET,0,4,4,0.0,2025
778025,2025-05-07,108,LAA,1,141,TOR,3,5,1,0.0,2025
778009,2025-05-08,108,LAA,1,141,TOR,1,6,2,0.0,2025
778000,2025-05-09,108,LAA,1,141,TOR,1,7,3,0.0,2025
777986,2025-05-10,108,LAA,1,110,BAL,1,8,1,0.0,2025
777973,2025-05-11,108,LAA,1,110,BAL,1,9,2,0.0,2025
777961,2025-05-11,108,LAA,1,110,BAL,0,10,3,0.0,2025
777947,2025-05-13,108,LAA,0,135,SD,2,-1,1,86.36512380343024,2025
777932,2025-05-14,108,LAA,0,135,SD,1,-2,2,0.0,2025
777914,2025-05-15,108,LAA,0,135,SD,1,-3,3,0.0,2025
777899,2025-05-17,108,LAA,0,119,LAD,2,-4,1,113.20881075215142,2025
777884,2025-05-18,108,LAA,0,119,LAD,1,-5,2,0.0,2025
777866,2025-05-18,108,LAA,0,119,LAD,0,-6,3,0.0,2025
777853,2025-05-20,108,LAA,0,133,OAK,2,-7,1,337.12266209703967,2025
777843,2025-05-21,108,LAA,0,133,OAK,1,-8,2,0.0,2025
777828,2025-05-22,108,LAA,0,133,OAK,1,-9,3,0.0,2025
777812,2025-05-22,108,LAA,0,133,OAK,0,-10,4,0.0,2025
777798,2025-05-24,108,LAA,1,146,MIA,2,1,1,364.7793033141838,2025
777781,2025-05-25,108,LAA,1,146,MIA,1,2,2,0.0,2025
777767,2025-05-25,108,LAA,1,146,MIA,0,3,3,0.0,2025
777763,2025-05-27,108,LAA,1,147,NYY,2,4,1,0.0,2025
777745,2025-05-28,108,LAA,1,147,NYY,1,5,2,0.0,2025
777728,2025-05-29,108,LAA,1,147,NYY,1,6,3,0.0,2025
777721,2025-05-30,108,LAA,0,114,CLE,1,-1,1,2034.3207691263494,2025
777703,2025-05-31,108,LAA,0,114,CLE,1,-2,2,0.0,2025
777683,2025-06-01,108,LAA,0,114,CLE,1,-3,3,0.0,2025
777670,2025-06-02,108,LAA,0,111,BOS,1,-4,1,547.1609370940174,2025
777667,2025-06-03,108,LAA,0,111,BOS,1,-5,2,0.0,2025
777649,2025-06-04,108,LAA,0,111,BOS,1,-6,3,0.0,2025
777614,2025-06-07,108,LAA,1,136,SEA,3,1,1,2578.6729683380804,2025
777603,2025-06-08,108,LAA,1,136,SEA,1,2,2,0.0,2025
777589,2025-06-08,108,LAA,1,136,SEA,0,3,3,0.0,2025
777576,2025-06-10,108,LAA,1,133,OAK,2,4,1,0.0,2025
777564,2025-06-11,108,LAA,1,133,OAK,1,5,2,0.0,2025
777542,2025-06-11,108,LAA,1,133,OAK,0,6,3,0.0,2025
777539,2025-06-13,108,LAA,0,110,BAL,2,-1,1,2301.5254404543607,2025
777519,2025-06-14,108,LAA,0,110,BAL,1,-2,2,0.0,2025
777501,2025-06-15,108,LAA,0,110,BAL,1,-3,3,0.0,2025
777487,2025-06-16,108,LAA,0,147,NYY,1,-4,1,178.12306591164185,2025
777476,2025-06-17,108,LAA,0,147,NYY,1,-5,2,0.0,2025
777466,2025-06-18,108,LAA,0,147,NYY,1,-6,3,0.0,2025
777449,2025-06-19,108,LAA,0,147,NYY,1,-7,4,0.0,2025
777428,2025-06-21,108,LAA,1,117,HOU,2,1,1,2437.723840222542,2025
777414,2025-06-22,108,LAA,1,117,HOU,1,2,2,0.0,2025
777397,2025-06-22,108,LAA,1,117,HOU,0,3,3,0.0,2025
777381,2025-06-24,108,LAA,1,111,BOS,2,4,1,0.0,2025
777376,2025-06-25,108,LAA,1,111,BOS,1,5,2,0.0,2025
777362,2025-06-25,108,LAA,1,111,BOS,0,6,3,0.0,2025
777331,2025-06-28,108,LAA,1,120,WSH,3,7,1,0.0,2025
777315,2025-06-29,108,LAA,1,120,WSH,1,8,2,0.0,2025
777305,2025-06-29,108,LAA,1,120,WSH,0,9,3,0.0,2025
777298,2025-07-01,108,LAA,0,144,ATL,2,-1,1,1909.0187712572824,2025
777279,2025-07-02,108,LAA,0,144,ATL,1,-2,2,0.0,2025
777261,2025-07-03,108,LAA,0,144,ATL,1,-3,3,0.0,2025
777242,2025-07-04,108,LAA,0,141,TOR,1,-4,1,726.7999515006941,2025
777231,2025-07-05,108,LAA,0,141,TOR,1,-5,2,0.0,2025
777214,2025-07-06,108,LAA,0,141,TOR,1,-6,3,0.0,2025
777200,2025-07-08,108,LAA,1,140,TEX,2,1,1,2161.688067916341,2025
777180,2025-07-09,108,LAA,1,140,TEX,1,2,2,0.0,2025
777171,2025-07-10,108,LAA,1,140,TEX,1,3,3,0.0,2025
777159,2025-07-11,108,LAA,1,140,TEX,1,4,4,0.0,2025
777150,2025-07-12,108,LAA,1,109,ARI,1,5,1,0.0,2025
777131,2025-07-13,108,LAA,1,109,ARI,1,6,2,0.0,2025
777115,2025-07-13,108,LAA,1,109,ARI,0,7,3,0.0,2025
777106,2025-07-18,108,LAA,0,143,PHI,5,-1,1,2376.1543610675667,2025
777089,2025-07-19,108,LAA,0,143,PHI,1,-2,2,0.0,2025
777078,2025-07-20,108,LAA,0,143,PHI,1,-3,3,0.0,2025
777061,2025-07-21,108,LAA,0,121,NYM,1,-4,1,91.08673366367736,2025
777054,2025-07-22,108,LAA,0,121,NYM,1,-5,2,0.0,2025
777034,2025-07-23,108,LAA,0,121,NYM,1,-6,3,0.0,2025
777018,2025-07-25,108,LAA,1,136,SEA,2,1,1,2442.1890221918984,2025
777006,2025-07-26,108,LAA,1,136,SEA,1,2,2,0.0,2025
776995,2025-07-27,108,LAA,1,136,SEA,1,3,3,0.0,2025
776977,2025-07-27,108,LAA,1,136,SEA,0,4,4,0.0,2025
776958,2025-07-29,108,LAA,1,140,TEX,2,5,1,0.0,2025
776945,2025-07-30,108,LAA,1,140,TEX,1,6,2,0.0,2025
776932,2025-07-31,108,LAA,1,140,TEX,1,7,3,0.0,2025
776916,2025-08-02,108,LAA,1,145,CWS,2,8,1,0.0,2025
776885,2025-08-03,108,LAA,1,145,CWS,1,9,2,0.0,2025
776898,2025-08-03,108,LAA,1,145,CWS,0,10,3,0.0,2025
776867,2025-08-05,108,LAA,1,139,TB,2,11,1,0.0,2025
776848,2025-08-06,108,LAA,1,139,TB,1,12,2,0.0,2025
776843,2025-08-06,108,LAA,1,139,TB,0,13,3,0.0,2025
776832,2025-08-08,108,LAA,0,116,DET,2,-1,1,1969.013791743627,2025
776813,2025-08-09,108,LAA,0,116,DET,1,-2,2,0.0,2025
776806,2025-08-10,108,LAA,0,116,DET,1,-3,3,0.0,2025
776779,2025-08-12,108,LAA,1,119,LAD,2,1,1,1969.013791743627,2025
776763,2025-08-13,108,LAA,1,119,LAD,1,2,2,0.0,2025
776752,2025-08-14,108,LAA,1,119,LAD,1,3,3,0.0,2025
776734,2025-08-16,108,LAA,0,133,OAK,2,-1,1,364.7793033141838,2025
776718,2025-08-17,108,LAA,0,133,OAK,1,-2,2,0.0,2025
776699,2025-08-17,108,LAA,0,133,OAK,0,-3,3,0.0,2025
776681,2025-08-19,108,LAA,1,113,CIN,2,1,1,364.7793033141838,2025
776668,2025-08-20,108,LAA,1,113,CIN,1,2,2,0.0,2025
776652,2025-08-21,108,LAA,1,113,CIN,1,3,3,0.0,2025
776640,2025-08-23,108,LAA,1,112,CHC,2,4,1,0.0,2025
776618,2025-08-24,108,LAA,1,112,CHC,1,5,2,0.0,2025
776605,2025-08-24,108,LAA,1,112,CHC,0,6,3,0.0,2025
776592,2025-08-26,108,LAA,0,140,TEX,2,-1,1,1201.6984237735796,2025
776575,2025-08-27,108,LAA,0,140,TEX,1,-2,2,0.0,2025
776563,2025-08-28,108,LAA,0,140,TEX,1,-3,3,0.0,2025
776543,2025-08-30,108,LAA,0,117,HOU,2,-4,1,230.66355960201378,2025
776531,2025-08-30,108,LAA,0,117,HOU,0,-5,2,0.0,2025
776510,2025-08-31,108,LAA,0,117,HOU,1,-6,3,0.0,2025
776499,2025-09-01,108,LAA,0,117,HOU,1,-7,4,0.0,2025
776488,2025-09-02,108,LAA,0,118,KC,1,-8,1,644.1456886709294,2025
776466,2025-09-03,108,LAA,0,118,KC,1,-9,2,0.0,2025
776463,2025-09-04,108,LAA,0,118,KC,1,-10,3,0.0,2025
776444,2025-09-06,108,LAA,1,133,OAK,2,1,1,1346.5044522382782,2025
776414,2025-09-07,108,LAA,1,133,OAK,1,2,2,0.0,2025
776430,2025-09-07,108,LAA,1,133,OAK,0,3,3,0.0,2025
776411,2025-09-09,108,LAA,1,142,MIN,2,4,1,0.0,2025
776390,2025-09-10,108,LAA,1,142,MIN,1,5,2,0.0,2025
776376,2025-09-10,108,LAA,1,142,MIN,0,6,3,0.0,2025
776362,2025-09-12,108,LAA,0,136,SEA,2,-1,1,980.5935873257743,2025
776345,2025-09-13,108,LAA,0,136,SEA,1,-2,2,0.0,2025
776333,2025-09-14,108,LAA,0,136,SEA,1,-3,3,0.0,2025
776317,2025-09-14,108,LAA,0,136,SEA,0,-4,4,0.0,2025
776295,2025-09-16,108,LAA,0,158,MIL,2,-5,1,1684.8927175606668,2025
776291,2025-09-17,108,LAA,0,158,MIL,1,-6,2,0.0,2025
776274,2025-09-18,108,LAA,0,158,MIL,1,-7,3,0.0,2025
776253,2025-09-20,108,LAA,0,115,COL,2,-8,1,909.1622358795455,2025
776241,2025-09-21,108,LAA,0,115,COL,1,-9,2,0.0,2025
776232,2025-09-21,108,LAA,0,115,COL,0,-10,3,0.0,2025
776207,2025-09-24,108,LAA,1,118,KC,3,1,1,822.2861860892081,2025
776197,2025-09-25,108,LAA,1,118,KC,1,2,2,0.0,2025
776178,2025-09-26,108,LAA,1,118,KC,1,3,3,0.0,2025
776169,2025-09-27,108,LAA,1,117,HOU,1,4,1,0.0,2025
776155,2025-09-28,108,LAA,1,117,HOU,1,5,2,0.0,2025
776135,2025-09-28,108,LAA,1,117,HOU,0,6,3,0.0,2025
778552,2025-03-28,109,ARI,1,112,CHC,0,1,1,0.0,2025
778543,2025-03-29,109,ARI,1,112,CHC,1,2,2,0.0,2025
778532,2025-03-30,109,ARI,1,112,CHC,1,3,3,0.0,2025
778515,2025-03-30,109,ARI,1,112,CHC,0,4,4,0.0,2025
778492,2025-04-01,109,ARI,0,147,NYY,2,-1,1,2144.0075016100773,2025
778484,2025-04-02,109,ARI,0,147,NYY,1,-2,2,0.0,2025
778466,2025-04-03,109,ARI,0,147,NYY,1,-3,3,0.0,2025
778457,2025-04-04,109,ARI,0,120,WSH,1,-4,1,212.0912051760551,2025
778452,2025-04-05,109,ARI,0,120,WSH,1,-5,2,0.0,2025
778429,2025-04-06,109,ARI,0,120,WSH,1,-6,3,0.0,2025
778413,2025-04-08,109,ARI,1,110,BAL,2,1,1,1978.963589227503,2025
778396,2025-04-09,109,ARI,1,110,BAL,1,2,2,0.0,2025
778380,2025-04-09,109,ARI,1,110,BAL,0,3,3,0.0,2025
778364,2025-04-12,109,ARI,1,158,MIL,3,4,1,0.0,2025
778350,2025-04-13,109,ARI,1,158,MIL,1,5,2,0.0,2025
778332,2025-04-13,109,ARI,1,158,MIL,0,6,3,0.0,2025
778318,2025-04-15,109,ARI,0,146,MIA,2,-1,1,1976.4824704501402,2025
778303,2025-04-16,109,ARI,0,146,MIA,1,-2,2,0.0,2025
778291,2025-04-17,109,ARI,0,146,MIA,1,-3,3,0.0,2025
778268,2025-04-18,109,ARI,0,112,CHC,1,-4,1,1194.7816200111963,2025
778257,2025-04-19,109,ARI,0,112,CHC,1,-5,2,0.0,2025
778236,2025-04-20,109,ARI,0,112,CHC,1,-6,3,0.0,2025
778212,2025-04-23,109,ARI,1,139,TB,3,1,1,1451.6299446026987,2025
778199,2025-04-24,109,ARI,1,139,TB,1,2,2,0.0,2025
778188,2025-04-25,109,ARI,1,139,TB,1,3,3,0.0,2025
778177,2025-04-26,109,ARI,1,144,ATL,1,4,1,0.0,2025
778162,2025-04-27,109,ARI,1,144,ATL,1,5,2,0.0,2025
778147,2025-04-27,109,ARI,1,144,ATL,0,6,3,0.0,2025
778130,2025-04-29,109,ARI,0,121,NYM,2,-1,1,2148.1029258287786,2025
778117,2025-04-30,109,ARI,0,121,NYM,1,-2,2,0.0,2025
778103,2025-05-01,109,ARI,0,121,NYM,1,-3,3,0.0,2025
778086,2025-05-02,109,ARI,0,143,PHI,1,-4,1,91.08673366367736,2025
778078,2025-05-03,109,ARI,0,143,PHI,1,-5,2,0.0,2025
778059,2025-05-04,109,ARI,0,143,PHI,1,-6,3,0.0,2025
778039,2025-05-06,109,ARI,1,121,NYM,2,1,1,2077.6302509220623,2025
778032,2025-05-07,109,ARI,1,121,NYM,1,2,2,0.0,2025
778014,2025-05-07,109,ARI,1,121,NYM,0,3,3,0.0,2025
777999,2025-05-09,109,ARI,1,119,LAD,2,4,1,0.0,2025
777988,2025-05-10,109,ARI,1,119,LAD,1,5,2,0.0,2025
777954,2025-05-11,109,ARI,1,119,LAD,1,6,3,0.0,2025
777975,2025-05-11,109,ARI,1,119,LAD,0,7,4,0.0,2025
777939,2025-05-13,109,ARI,0,137,SF,2,-1,1,652.0636757078365,2025
777930,2025-05-14,109,ARI,0,137,SF,1,-2,2,0.0,2025
777916,2025-05-14,109,ARI,0,137,SF,0,-3,3,0.0,2025
777897,2025-05-17,109,ARI,1,115,COL,3,1,1,652.0636757078365,2025
777887,2025-05-18,109,ARI,1,115,COL,1,2,2,0.0,2025
777870,2025-05-18,109,ARI,1,115,COL,0,3,3,0.0,2025
777854,2025-05-20,109,ARI,0,119,LAD,2,-1,1,357.22532088939374,2025
777838,2025-05-21,109,ARI,0,119,LAD,1,-2,2,0.0,2025
777824,2025-05-22,109,ARI,0,119,LAD,1,-3,3,0.0,2025
777797,2025-05-24,109,ARI,0,138,STL,2,-4,1,1585.7405201242425,2025
777786,2025-05-24,109,ARI,0,138,STL,0,-5,2,0.0,2025
777766,2025-05-25,109,ARI,0,138,STL,1,-6,3,0.0,2025
777761,2025-05-27,109,ARI,1,134,PIT,2,1,1,1270.0024589462362,2025
777744,2025-05-28,109,ARI,1,134,PIT,1,2,2,0.0,2025
777729,2025-05-28,109,ARI,1,134,PIT,0,3,3,0.0,2025
777710,2025-05-31,109,ARI,1,120,WSH,3,4,1,0.0,2025
777696,2025-06-01,109,ARI,1,120,WSH,1,5,2,0.0,2025
777679,2025-06-01,109,ARI,1,120,WSH,0,6,3,0.0,2025
777672,2025-06-03,109,ARI,0,144,ATL,2,-1,1,1582.6424392854756,2025
777654,2025-06-04,109,ARI,0,144,ATL,1,-2,2,0.0,2025
777640,2025-06-05,109,ARI,0,144,ATL,1,-3,3,0.0,2025
777623,2025-06-07,109,ARI,0,113,CIN,1,-5,2,0.0,2025
777612,2025-06-07,109,ARI,0,113,CIN,0,-6,3,0.0,2025
777602,2025-06-08,109,ARI,0,113,CIN,1,-7,4,0.0,2025
777577,2025-06-10,109,ARI,1,136,SEA,2,1,1,1577.4551559276624,2025
777559,2025-06-11,109,ARI,1,136,SEA,1,2,2,0.0,2025
777548,2025-06-11,109,ARI,1,136,SEA,0,3,3,0.0,2025
777515,2025-06-14,109,ARI,1,135,SD,3,4,1,0.0,2025
777521,2025-06-14,109,ARI,1,135,SD,0,5,2,0.0,2025
777491,2025-06-15,109,ARI,1,135,SD,1,6,3,0.0,2025
777479,2025-06-17,109,ARI,0,141,TOR,2,-1,1,1886.21575204644,2025
777462,2025-06-18,109,ARI,0,141,TOR,1,-2,2,0.0,2025
777448,2025-06-19,109,ARI,0,141,TOR,1,-3,3,0.0,2025
777430,2025-06-21,109,ARI,0,115,COL,2,-4,1,1342.3524184236549,2025
777410,2025-06-22,109,ARI,0,115,COL,1,-5,2,0.0,2025
777399,2025-06-22,109,ARI,0,115,COL,0,-6,3,0.0,2025
777393,2025-06-23,109,ARI,0,145,CWS,1,-7,1,917.7666362462637,2025
777383,2025-06-24,109,ARI,0,145,CWS,1,-8,2,0.0,2025
777370,2025-06-25,109,ARI,0,145,CWS,1,-9,3,0.0,2025
777318,2025-06-28,109,ARI,1,146,MIA,3,1,1,1450.478555736351,2025
777332,2025-06-28,109,ARI,1,146,MIA,0,2,2,0.0,2025
777303,2025-06-29,109,ARI,1,146,MIA,1,3,3,0.0,2025
777291,2025-07-01,109,ARI,1,137,SF,2,4,1,0.0,2025
777278,2025-07-02,109,ARI,1,137,SF,1,5,2,0.0,2025
777270,2025-07-03,109,ARI,1,137,SF,1,6,3,0.0,2025
777256,2025-07-04,109,ARI,1,137,SF,1,7,4,0.0,2025
777248,2025-07-05,109,ARI,1,118,KC,1,8,1,0.0,2025
777234,2025-07-05,109,ARI,1,118,KC,0,9,2,0.0,2025
777218,2025-07-06,109,ARI,1,118,KC,1,10,3,0.0,2025
777203,2025-07-08,109,ARI,0,135,SD,2,-1,1,299.07000924838377,2025
777185,2025-07-09,109,ARI,0,135,SD,1,-2,2,0.0,2025
777162,2025-07-10,109,ARI,0,135,SD,1,-3,3,0.0,2025
777158,2025-07-11,109,ARI,0,135,SD,1,-4,4,0.0,2025
777150,2025-07-12,109,ARI,0,108,LAA,1,-5,1,86.36512380343024,2025
777131,2025-07-13,109,ARI,0,108,LAA,1,-6,2,0.0,2025
777115,2025-07-13,109,ARI,0,108,LAA,0,-7,3,0.0,2025
777100,2025-07-19,109,ARI,1,138,STL,6,1,1,335.4914545335198,2025
777081,2025-07-19,109,ARI,1,138,STL,0,2,2,0.0,2025
777071,2025-07-20,109,ARI,1,138,STL,1,3,3,0.0,2025
777055,2025-07-22,109,ARI,1,117,HOU,2,4,1,0.0,2025
777032,2025-07-23,109,ARI,1,117,HOU,1,5,2,0.0,2025
777040,2025-07-23,109,ARI,1,117,HOU,0,6,3,0.0,2025
777014,2025-07-25,109,ARI,0,134,PIT,2,-1,1,1824.319858955869,2025
777002,2025-07-26,109,ARI,0,134,PIT,1,-2,2,0.0,2025
776984,2025-07-27,109,ARI,0,134,PIT,1,-3,3,0.0,2025
776973,2025-07-28,109,ARI,0,116,DET,1,-4,1,204.84355160436255,2025
776953,2025-07-29,109,ARI,0,116,DET,1,-5,2,0.0,2025
776940,2025-07-30,109,ARI,0,116,DET,1,-6,3,0.0,2025
776914,2025-08-02,109,ARI,0,133,OAK,3,-7,1,2076.502664481492,2025
776881,2025-08-03,109,ARI,0,133,OAK,1,-8,2,0.0,2025
776899,2025-08-03,109,ARI,0,133,OAK,0,-9,3,0.0,2025
776873,2025-08-05,109,ARI,1,135,SD,2,1,1,641.9010628899154,2025
776852,2025-08-06,109,ARI,1,135,SD,1,2,2,0.0,2025
776838,2025-08-07,109,ARI,1,135,SD,1,3,3,0.0,2025
776825,2025-08-09,109,ARI,1,115,COL,2,4,1,0.0,2025
776809,2025-08-10,109,ARI,1,115,COL,1,5,2,0.0,2025
776794,2025-08-10,109,ARI,1,115,COL,0,6,3,0.0,2025
776785,2025-08-12,109,ARI,0,140,TEX,2,-1,1,867.9010244338684,2025
776764,2025-08-13,109,ARI,0,140,TEX,1,-2,2,0.0,2025
776746,2025-08-13,109,ARI,0,140,TEX,0,-3,3,0.0,2025
776742,2025-08-15,109,ARI,0,115,COL,2,-4,1,654.0900182055016,2025
776730,2025-08-16,109,ARI,0,115,COL,1,-5,2,0.0,2025
776715,2025-08-17,109,ARI,0,115,COL,1,-6,3,0.0,2025
776701,2025-08-17,109,ARI,0,115,COL,0,-7,4,0.0,2025
776682,2025-08-19,109,ARI,1,114,CLE,2,1,1,586.1530990190981,2025
776672,2025-08-20,109,ARI,1,114,CLE,1,2,2,0.0,2025
776658,2025-08-20,109,ARI,1,114,CLE,0,3,3,0.0,2025
776635,2025-08-23,109,ARI,1,113,CIN,3,4,1,0.0,2025
776622,2025-08-24,109,ARI,1,113,CIN,1,5,2,0.0,2025
776609,2025-08-24,109,ARI,1,113,CIN,0,6,3,0.0,2025
776593,2025-08-25,109,ARI,0,158,MIL,1,-1,1,1458.5788896029478,2025
776586,2025-08-26,109,ARI,0,158,MIL,1,-2,2,0.0,2025
776572,2025-08-27,109,ARI,0,158,MIL,1,-3,3,0.0,2025
776553,2025-08-28,109,ARI,0,158,MIL,1,-4,4,0.0,2025
776534,2025-08-30,109,ARI,0,119,LAD,2,-5,1,1737.1964859284558,2025
776523,2025-08-31,109,ARI,0,119,LAD,1,-6,2,0.0,2025
776509,2025-08-31,109,ARI,0,119,LAD,0,-7,3,0.0,2025
776495,2025-09-02,109,ARI,1,140,TEX,2,1,1,357.22532088939374,2025
776481,2025-09-03,109,ARI,1,140,TEX,1,2,2,0.0,2025
776468,2025-09-03,109,ARI,1,140,TEX,0,3,3,0.0,2025
776448,2025-09-06,109,ARI,1,111,BOS,3,4,1,0.0,2025
776424,2025-09-07,109,ARI,1,111,BOS,1,5,2,0.0,2025
776415,2025-09-07,109,ARI,1,111,BOS,0,6,3,0.0,2025
776399,2025-09-09,109,ARI,0,137,SF,2,-1,1,652.0636757078365,2025
776394,2025-09-10,109,ARI,0,137,SF,1,-2,2,0.0,2025
776374,2025-09-10,109,ARI,0,137,SF,0,-3,3,0.0,2025
776355,2025-09-13,109,ARI,0,142,MIN,3,-4,1,1579.295057576871,2025
776337,2025-09-13,109,ARI,0,142,MIN,0,-5,2,0.0,2025
776324,2025-09-14,109,ARI,0,142,MIN,1,-6,3,0.0,2025
776309,2025-09-16,109,ARI,1,137,SF,2,1,1,1278.017730052948,2025
776279,2025-09-17,109,ARI,1,137,SF,1,2,2,0.0,2025
776294,2025-09-17,109,ARI,1,137,SF,0,3,3,0.0,2025
776255,2025-09-20,109,ARI,1,143,PHI,3,4,1,0.0,2025
776246,2025-09-21,109,ARI,1,143,PHI,1,5,2,0.0,2025
776230,2025-09-21,109,ARI,1,143,PHI,0,6,3,0.0,2025
776213,2025-09-24,109,ARI,1,119,LAD,3,7,1,0.0,2025
776193,2025-09-25,109,ARI,1,119,LAD,1,8,2,0.0,2025
776185,2025-09-25,109,ARI,1,119,LAD,0,9,3,0.0,2025
776170,2025-09-27,109,ARI,0,135,SD,2,-1,1,299.07000924838377,2025
776152,2025-09-28,109,ARI,0,135,SD,1,-2,2,0.0,2025
776136,2025-09-28,109,ARI,0,135,SD,0,-3,3,0.0,2025
778556,2025-03-27,110,BAL,0,141,TOR,0,-1,1,333.41200779259856,2025
778549,2025-03-28,110,BAL,0,141,TOR,1,-2,2,0.0,2025
778536,2025-03-29,110,BAL,0,141,TOR,1,-3,3,0.0,2025
778525,2025-03-30,110,BAL,0,141,TOR,1,-4,4,0.0,2025
778512,2025-03-31,110,BAL,1,111,BOS,1,1,1,333.41200779259856,2025
778483,2025-04-02,110,BAL,1,111,BOS,2,2,2,0.0,2025
778470,2025-04-03,110,BAL,1,111,BOS,1,3,3,0.0,2025
778455,2025-04-04,110,BAL,0,118,KC,1,-1,1,955.2837530445377,2025
778441,2025-04-05,110,BAL,0,118,KC,1,-2,2,0.0,2025
778422,2025-04-06,110,BAL,0,118,KC,1,-3,3,0.0,2025
778413,2025-04-08,110,BAL,0,109,ARI,2,-4,1,1051.5706596300413,2025
778396,2025-04-09,110,BAL,0,109,ARI,1,-5,2,0.0,2025
778380,2025-04-09,110,BAL,0,109,ARI,0,-6,3,0.0,2025
778362,2025-04-12,110,BAL,1,141,TOR,1,2,2,0.0,2025
778344,2025-04-13,110,BAL,1,141,TOR,1,3,3,0.0,2025
778317,2025-04-15,110,BAL,1,114,CLE,2,4,1,0.0,2025
778301,2025-04-16,110,BAL,1,114,CLE,1,5,2,0.0,2025
778292,2025-04-17,110,BAL,1,114,CLE,1,6,3,0.0,2025
778276,2025-04-18,110,BAL,1,113,CIN,1,7,1,0.0,2025
778262,2025-04-19,110,BAL,1,113,CIN,1,8,2,0.0,2025
778250,2025-04-20,110,BAL,1,113,CIN,1,9,3,0.0,2025
778222,2025-04-22,110,BAL,0,120,WSH,2,-1,1,35.12148729233362,2025
778204,2025-04-23,110,BAL,0,120,WSH,1,-2,2,0.0,2025
778193,2025-04-24,110,BAL,0,120,WSH,1,-3,3,0.0,2025
778168,2025-04-26,110,BAL,0,116,DET,1,-5,2,0.0,2025
778180,2025-04-26,110,BAL,0,116,DET,0,-6,3,0.0,2025
778155,2025-04-27,110,BAL,0,116,DET,1,-7,4,0.0,2025
778140,2025-04-28,110,BAL,1,147,NYY,1,1,1,396.72723870572077,2025
778133,2025-04-29,110,BAL,1,147,NYY,1,2,2,0.0,2025
778115,2025-04-30,110,BAL,1,147,NYY,1,3,3,0.0,2025
778093,2025-05-02,110,BAL,1,118,KC,2,4,1,0.0,2025
778072,2025-05-03,110,BAL,1,118,KC,1,5,2,0.0,2025
778062,2025-05-04,110,BAL,1,118,KC,1,6,3,0.0,2025
778028,2025-05-06,110,BAL,0,142,MIN,2,-1,1,937.5839769032132,2025
778011,2025-05-07,110,BAL,0,142,MIN,1,-2,2,0.0,2025
778007,2025-05-08,110,BAL,0,142,MIN,1,-3,3,0.0,2025
777986,2025-05-10,110,BAL,0,108,LAA,2,-4,1,1515.2340388389878,2025
777973,2025-05-11,110,BAL,0,108,LAA,1,-5,2,0.0,2025
777961,2025-05-11,110,BAL,0,108,LAA,0,-6,3,0.0,2025
777924,2025-05-14,110,BAL,1,142,MIN,1,2,2,0.0,2025
777938,2025-05-14,110,BAL,1,142,MIN,0,3,3,0.0,2025
777911,2025-05-15,110,BAL,1,142,MIN,1,4,4,0.0,2025
777907,2025-05-16,110,BAL,1,120,WSH,1,5,1,0.0,2025
777890,2025-05-17,110,BAL,1,120,WSH,1,6,2,0.0,2025
777873,2025-05-18,110,BAL,1,120,WSH,1,7,3,0.0,2025
777860,2025-05-19,110,BAL,0,158,MIL,1,-1,1,643.9453251330319,2025
777844,2025-05-20,110,BAL,0,158,MIL,1,-2,2,0.0,2025
777826,2025-05-21,110,BAL,0,158,MIL,1,-3,3,0.0,2025
777815,2025-05-23,110,BAL,0,111,BOS,1,-5,2,0.0,2025
777809,2025-05-24,110,BAL,0,111,BOS,1,-7,4,0.0,2025
777790,2025-05-24,110,BAL,0,111,BOS,0,-8,5,0.0,2025
777785,2025-05-25,110,BAL,0,111,BOS,1,-9,6,0.0,2025
777771,2025-05-26,110,BAL,1,138,STL,1,1,1,358.0026308075598,2025
777754,2025-05-27,110,BAL,1,138,STL,1,2,2,0.0,2025
777740,2025-05-28,110,BAL,1,138,STL,1,3,3,0.0,2025
777720,2025-05-30,110,BAL,1,145,CWS,2,4,1,0.0,2025
777699,2025-05-31,110,BAL,1,145,CWS,1,5,2,0.0,2025
777684,2025-06-01,110,BAL,1,145,CWS,1,6,3,0.0,2025
777655,2025-06-04,110,BAL,0,136,SEA,3,-1,1,2328.21147385152,2025
777645,2025-06-05,110,BAL,0,136,SEA,1,-2,2,0.0,2025
777628,2025-06-05,110,BAL,0,136,SEA,0,-3,3,0.0,2025
777613,2025-06-07,110,BAL,0,133,OAK,2,-4,1,679.9392003432476,2025
777599,2025-06-08,110,BAL,0,133,OAK,1,-5,2,0.0,2025
777588,2025-06-08,110,BAL,0,133,OAK,0,-6,3,0.0,2025
777573,2025-06-10,110,BAL,1,116,DET,2,1,1,2440.085706209316,2025
777562,2025-06-11,110,BAL,1,116,DET,1,2,2,0.0,2025
777540,2025-06-12,110,BAL,1,116,DET,1,3,3,0.0,2025
777539,2025-06-13,110,BAL,1,108,LAA,1,4,1,0.0,2025
777519,2025-06-14,110,BAL,1,108,LAA,1,5,2,0.0,2025
777501,2025-06-15,110,BAL,1,108,LAA,1,6,3,0.0,2025
777484,2025-06-16,110,BAL,0,139,TB,1,-1,1,867.6749708982579,2025
777477,2025-06-17,110,BAL,0,139,TB,1,-2,2,0.0,2025
777463,2025-06-18,110,BAL,0,139,TB,1,-3,3,0.0,2025
777446,2025-06-19,110,BAL,0,139,TB,1,-4,4,0.0,2025
777438,2025-06-20,110,BAL,0,147,NYY,1,-5,1,1029.5381159096478,2025
777422,2025-06-21,110,BAL,0,147,NYY,1,-6,2,0.0,2025
777406,2025-06-22,110,BAL,0,147,NYY,1,-7,3,0.0,2025
777394,2025-06-23,110,BAL,1,140,TEX,1,1,1,178.12306591164185,2025
777380,2025-06-24,110,BAL,1,140,TEX,1,2,2,0.0,2025
777365,2025-06-25,110,BAL,1,140,TEX,1,3,3,0.0,2025
777343,2025-06-27,110,BAL,1,139,TB,2,4,1,0.0,2025
777330,2025-06-28,110,BAL,1,139,TB,1,5,2,0.0,2025
777317,2025-06-29,110,BAL,1,139,TB,1,6,3,0.0,2025
777292,2025-07-01,110,BAL,0,140,TEX,2,-1,1,1225.9583636520863,2025
777282,2025-07-02,110,BAL,0,140,TEX,1,-2,2,0.0,2025
777268,2025-07-03,110,BAL,0,140,TEX,1,-3,3,0.0,2025
777252,2025-07-04,110,BAL,0,144,ATL,1,-4,1,732.1662127163514,2025
777237,2025-07-05,110,BAL,0,144,ATL,1,-5,2,0.0,2025
777222,2025-07-06,110,BAL,0,144,ATL,1,-6,3,0.0,2025
777198,2025-07-08,110,BAL,1,121,NYM,2,1,1,572.6096280104865,2025
777165,2025-07-10,110,BAL,1,121,NYM,1,3,3,0.0,2025
777181,2025-07-10,110,BAL,1,121,NYM,0,4,4,0.0,2025
777157,2025-07-11,110,BAL,1,146,MIA,1,5,1,0.0,2025
777141,2025-07-12,110,BAL,1,146,MIA,1,6,2,0.0,2025
777129,2025-07-13,110,BAL,1,146,MIA,1,7,3,0.0,2025
777110,2025-07-18,110,BAL,0,139,TB,5,-1,1,867.6749708982579,2025
777095,2025-07-19,110,BAL,0,139,TB,1,-2,2,0.0,2025
777076,2025-07-20,110,BAL,0,139,TB,1,-3,3,0.0,2025
777068,2025-07-21,110,BAL,0,114,CLE,1,-4,1,950.1419996181558,2025
777056,2025-07-22,110,BAL,0,114,CLE,1,-5,2,0.0,2025
777036,2025-07-23,110,BAL,0,114,CLE,1,-6,3,0.0,2025
777019,2025-07-24,110,BAL,0,114,CLE,1,-7,4,0.0,2025
777020,2025-07-25,110,BAL,1,115,COL,1,1,1,307.1364885665357,2025
776999,2025-07-26,110,BAL,1,115,COL,1,2,2,0.0,2025
776986,2025-07-27,110,BAL,1,115,COL,1,3,3,0.0,2025
776966,2025-07-28,110,BAL,1,141,TOR,1,4,1,0.0,2025
778372,2025-07-29,110,BAL,1,141,TOR,1,5,2,0.0,2025
776962,2025-07-29,110,BAL,1,141,TOR,0,6,3,0.0,2025
776948,2025-07-30,110,BAL,1,141,TOR,1,7,4,0.0,2025
776915,2025-08-01,110,BAL,0,112,CHC,2,-1,1,606.7810333018485,2025
776902,2025-08-02,110,BAL,0,112,CHC,1,-2,2,0.0,2025
776888,2025-08-03,110,BAL,0,112,CHC,1,-3,3,0.0,2025
776877,2025-08-04,110,BAL,0,143,PHI,1,-4,1,666.436342674126,2025
776868,2025-08-05,110,BAL,0,143,PHI,1,-5,2,0.0,2025
776851,2025-08-06,110,BAL,0,143,PHI,1,-6,3,0.0,2025
776831,2025-08-08,110,BAL,1,133,OAK,2,1,1,88.61618494239067,2025
776811,2025-08-09,110,BAL,1,133,OAK,1,2,2,0.0,2025
776804,2025-08-10,110,BAL,1,133,OAK,1,3,3,0.0,2025
776776,2025-08-12,110,BAL,1,136,SEA,2,4,1,0.0,2025
776761,2025-08-13,110,BAL,1,136,SEA,1,5,2,0.0,2025
776750,2025-08-14,110,BAL,1,136,SEA,1,6,3,0.0,2025
776733,2025-08-16,110,BAL,0,117,HOU,2,-1,1,1249.46334342378,2025
776722,2025-08-16,110,BAL,0,117,HOU,0,-2,2,0.0,2025
776705,2025-08-17,110,BAL,0,117,HOU,1,-3,3,0.0,2025
776695,2025-08-18,110,BAL,0,111,BOS,1,-4,1,1601.3745489627004,2025
776684,2025-08-19,110,BAL,0,111,BOS,1,-5,2,0.0,2025
776655,2025-08-21,110,BAL,1,117,HOU,2,1,1,358.0026308075598,2025
776643,2025-08-22,110,BAL,1,117,HOU,1,2,2,0.0,2025
776629,2025-08-23,110,BAL,1,117,HOU,1,3,3,0.0,2025
776612,2025-08-24,110,BAL,1,117,HOU,1,4,4,0.0,2025
776604,2025-08-25,110,BAL,1,111,BOS,1,5,1,0.0,2025
776591,2025-08-26,110,BAL,1,111,BOS,1,6,2,0.0,2025
776579,2025-08-27,110,BAL,1,111,BOS,1,7,3,0.0,2025
776564,2025-08-28,110,BAL,1,111,BOS,1,8,4,0.0,2025
776533,2025-08-30,110,BAL,0,137,SF,2,-1,1,2449.4024024101145,2025
776516,2025-08-30,110,BAL,0,137,SF,0,-2,2,0.0,2025
776507,2025-08-31,110,BAL,0,137,SF,1,-3,3,0.0,2025
776494,2025-09-01,110,BAL,0,135,SD,1,-4,1,458.03894144483473,2025
776480,2025-09-03,110,BAL,0,135,SD,2,-5,2,0.0,2025
776465,2025-09-03,110,BAL,0,135,SD,0,-6,3,0.0,2025
776454,2025-09-05,110,BAL,1,119,LAD,2,1,1,2291.50122166283,2025
776443,2025-09-06,110,BAL,1,119,LAD,1,2,2,0.0,2025
776427,2025-09-07,110,BAL,1,119,LAD,1,3,3,0.0,2025
776401,2025-09-09,110,BAL,1,134,PIT,2,4,1,0.0,2025
776387,2025-09-10,110,BAL,1,134,PIT,1,5,2,0.0,2025
776372,2025-09-11,110,BAL,1,134,PIT,1,6,3,0.0,2025
776353,2025-09-12,110,BAL,0,141,TOR,1,-1,1,333.41200779259856,2025
776343,2025-09-13,110,BAL,0,141,TOR,1,-2,2,0.0,2025
776322,2025-09-14,110,BAL,0,141,TOR,1,-3,3,0.0,2025
776314,2025-09-15,110,BAL,0,145,CWS,1,-4,1,436.51941913736283,2025
776306,2025-09-16,110,BAL,0,145,CWS,1,-5,2,0.0,2025
776285,2025-09-17,110,BAL,0,145,CWS,1,-6,3,0.0,2025
776278,2025-09-18,110,BAL,1,147,NYY,1,1,1,603.7749623343499,2025
776273,2025-09-19,110,BAL,1,147,NYY,1,2,2,0.0,2025
776257,2025-09-20,110,BAL,1,147,NYY,1,3,3,0.0,2025
776240,2025-09-21,110,BAL,1,147,NYY,1,4,4,0.0,2025
776223,2025-09-23,110,BAL,1,139,TB,2,5,1,0.0,2025
776203,2025-09-24,110,BAL,1,139,TB,1,6,2,0.0,2025
776191,2025-09-25,110,BAL,1,139,TB,1,7,3,0.0,2025
776174,2025-09-26,110,BAL,0,147,NYY,1,-1,1,178.12306591164185,2025
776162,2025-09-27,110,BAL,0,147,NYY,1,-2,2,0.0,2025
776140,2025-09-28,110,BAL,0,147,NYY,1,-3,3,0.0,2025
778553,2025-03-27,111,BOS,0,140,TEX,0,-1,1,1562.0482982121016,2025
778550,2025-03-29,111,BOS,0,140,TEX,2,-2,2,0.0,2025
778531,2025-03-29,111,BOS,0,140,TEX,0,-3,3,0.0,2025
778516,2025-03-30,111,BOS,0,140,TEX,1,-4,4,0.0,2025
778512,2025-03-31,111,BOS,0,110,BAL,1,-5,1,1225.9583636520863,2025
778483,2025-04-02,111,BOS,0,110,BAL,2,-6,2,0.0,2025
778470,2025-04-03,111,BOS,0,110,BAL,1,-7,3,0.0,2025
778463,2025-04-04,111,BOS,1,138,STL,1,1,1,358.0026308075598,2025
778432,2025-04-06,111,BOS,1,138,STL,1,3,3,0.0,2025
778443,2025-04-06,111,BOS,1,138,STL,0,4,4,0.0,2025
778426,2025-04-07,111,BOS,1,141,TOR,1,5,1,0.0,2025
778404,2025-04-08,111,BOS,1,141,TOR,1,6,2,0.0,2025
778386,2025-04-09,111,BOS,1,141,TOR,1,7,3,0.0,2025
778377,2025-04-10,111,BOS,1,141,TOR,1,8,4,0.0,2025
778366,2025-04-11,111,BOS,0,145,CWS,1,-1,1,847.3821391741471,2025
778349,2025-04-12,111,BOS,0,145,CWS,1,-2,2,0.0,2025
778338,2025-04-13,111,BOS,0,145,CWS,1,-3,3,0.0,2025
778328,2025-04-14,111,BOS,0,139,TB,1,-4,1,1011.3877112665284,2025
778319,2025-04-15,111,BOS,0,139,TB,1,-5,2,0.0,2025
778298,2025-04-16,111,BOS,0,139,TB,1,-6,3,0.0,2025
778275,2025-04-18,111,BOS,1,145,CWS,2,1,1,1198.2270597762317,2025
778264,2025-04-19,111,BOS,1,145,CWS,1,2,2,0.0,2025
778245,2025-04-20,111,BOS,1,145,CWS,1,3,3,0.0,2025
778238,2025-04-21,111,BOS,1,145,CWS,1,4,4,0.0,2025
778224,2025-04-22,111,BOS,1,136,SEA,1,5,1,0.0,2025
778207,2025-04-23,111,BOS,1,136,SEA,1,6,2,0.0,2025
778196,2025-04-24,111,BOS,1,136,SEA,1,7,3,0.0,2025
778169,2025-04-26,111,BOS,0,114,CLE,1,-2,2,0.0,2025
778179,2025-04-26,111,BOS,0,114,CLE,0,-3,3,0.0,2025
778157,2025-04-27,111,BOS,0,114,CLE,1,-4,4,0.0,2025
778127,2025-04-29,111,BOS,0,141,TOR,2,-5,1,188.71684847115282,2025
778114,2025-04-30,111,BOS,0,141,TOR,1,-6,2,0.0,2025
778095,2025-05-01,111,BOS,0,141,TOR,1,-7,3,0.0,2025
778089,2025-05-02,111,BOS,1,142,MIN,1,1,1,428.32913029317257,2025
778073,2025-05-03,111,BOS,1,142,MIN,1,2,2,0.0,2025
778063,2025-05-04,111,BOS,1,142,MIN,1,3,3,0.0,2025
778037,2025-05-06,111,BOS,1,140,TEX,2,4,1,0.0,2025
778018,2025-05-07,111,BOS,1,140,TEX,1,5,2,0.0,2025
778006,2025-05-08,111,BOS,1,140,TEX,1,6,3,0.0,2025
777990,2025-05-09,111,BOS,0,118,KC,1,-1,1,1241.802604380426,2025
777977,2025-05-10,111,BOS,0,118,KC,1,-2,2,0.0,2025
777965,2025-05-11,111,BOS,0,118,KC,1,-3,3,0.0,2025
777951,2025-05-12,111,BOS,0,116,DET,1,-4,1,639.8841499405022,2025
777940,2025-05-13,111,BOS,0,116,DET,1,-5,2,0.0,2025
777927,2025-05-14,111,BOS,0,116,DET,1,-6,3,0.0,2025
777908,2025-05-16,111,BOS,1,144,ATL,2,1,1,609.8730788976414,2025
777893,2025-05-17,111,BOS,1,144,ATL,1,2,2,0.0,2025
777876,2025-05-18,111,BOS,1,144,ATL,1,3,3,0.0,2025
777856,2025-05-19,111,BOS,1,121,NYM,1,4,1,0.0,2025
777851,2025-05-20,111,BOS,1,121,NYM,1,5,2,0.0,2025
777831,2025-05-21,111,BOS,1,121,NYM,1,6,3,0.0,2025
777815,2025-05-23,111,BOS,1,110,BAL,1,8,2,0.0,2025
777809,2025-05-24,111,BOS,1,110,BAL,1,10,4,0.0,2025
777790,2025-05-24,111,BOS,1,110,BAL,0,11,5,0.0,2025
777785,2025-05-25,111,BOS,1,110,BAL,1,12,6,0.0,2025
777764,2025-05-26,111,BOS,0,158,MIL,1,-1,1,856.8965719703916,2025
777747,2025-05-27,111,BOS,0,158,MIL,1,-2,2,0.0,2025
777736,2025-05-28,111,BOS,0,158,MIL,1,-3,3,0.0,2025
777719,2025-05-30,111,BOS,0,144,ATL,2,-4,1,659.030112248539,2025
777706,2025-05-31,111,BOS,0,144,ATL,1,-5,2,0.0,2025
777692,2025-06-01,111,BOS,0,144,ATL,1,-6,3,0.0,2025
777670,2025-06-02,111,BOS,1,108,LAA,1,1,1,930.6114003294933,2025
777667,2025-06-03,111,BOS,1,108,LAA,1,2,2,0.0,2025
777649,2025-06-04,111,BOS,1,108,LAA,1,3,3,0.0,2025
777627,2025-06-06,111,BOS,0,147,NYY,2,-1,1,179.88456828974768,2025
777605,2025-06-07,111,BOS,0,147,NYY,1,-2,2,0.0,2025
777593,2025-06-08,111,BOS,0,147,NYY,1,-3,3,0.0,2025
777584,2025-06-09,111,BOS,1,139,TB,1,1,1,179.88456828974768,2025
777565,2025-06-10,111,BOS,1,139,TB,1,2,2,0.0,2025
777561,2025-06-11,111,BOS,1,139,TB,1,3,3,0.0,2025
777537,2025-06-13,111,BOS,1,147,NYY,2,4,1,0.0,2025
777516,2025-06-14,111,BOS,1,147,NYY,1,5,2,0.0,2025
777500,2025-06-15,111,BOS,1,147,NYY,1,6,3,0.0,2025
777486,2025-06-17,111,BOS,0,136,SEA,2,-1,1,2484.5557470593844,2025
777473,2025-06-18,111,BOS,0,136,SEA,1,-2,2,0.0,2025
777453,2025-06-18,111,BOS,0,136,SEA,0,-3,3,0.0,2025
777425,2025-06-21,111,BOS,0,137,SF,3,-4,1,678.0468674235019,2025
777417,2025-06-21,111,BOS,0,137,SF,0,-5,2,0.0,2025
777395,2025-06-22,111,BOS,0,137,SF,1,-6,3,0.0,2025
777381,2025-06-24,111,BOS,0,108,LAA,2,-7,1,373.21886529538057,2025
777376,2025-06-25,111,BOS,0,108,LAA,1,-8,2,0.0,2025
777362,2025-06-25,111,BOS,0,108,LAA,0,-9,3,0.0,2025
777345,2025-06-27,111,BOS,1,141,TOR,2,1,1,2578.6729683380804,2025
777323,2025-06-28,111,BOS,1,141,TOR,1,2,2,0.0,2025
777310,2025-06-29,111,BOS,1,141,TOR,1,3,3,0.0,2025
777300,2025-06-30,111,BOS,1,113,CIN,1,4,1,0.0,2025
777294,2025-07-02,111,BOS,1,113,CIN,1,6,3,0.0,2025
777277,2025-07-02,111,BOS,1,113,CIN,0,7,4,0.0,2025
777245,2025-07-04,111,BOS,0,120,WSH,2,-1,1,391.9148119772238,2025
777228,2025-07-05,111,BOS,0,120,WSH,1,-2,2,0.0,2025
777213,2025-07-06,111,BOS,0,120,WSH,1,-3,3,0.0,2025
777209,2025-07-07,111,BOS,1,115,COL,1,1,1,391.9148119772238,2025
777196,2025-07-08,111,BOS,1,115,COL,1,2,2,0.0,2025
777179,2025-07-09,111,BOS,1,115,COL,1,3,3,0.0,2025
777170,2025-07-10,111,BOS,1,139,TB,1,4,1,0.0,2025
777155,2025-07-11,111,BOS,1,139,TB,1,5,2,0.0,2025
777144,2025-07-12,111,BOS,1,139,TB,1,6,3,0.0,2025
777130,2025-07-13,111,BOS,1,139,TB,1,7,4,0.0,2025
777101,2025-07-18,111,BOS,0,112,CHC,5,-1,1,847.382439361086,2025
777096,2025-07-19,111,BOS,0,112,CHC,1,-2,2,0.0,2025
777075,2025-07-20,111,BOS,0,112,CHC,1,-3,3,0.0,2025
777063,2025-07-21,111,BOS,0,143,PHI,1,-4,1,666.436342674126,2025
777045,2025-07-22,111,BOS,0,143,PHI,1,-5,2,0.0,2025
777038,2025-07-23,111,BOS,0,143,PHI,1,-6,3,0.0,2025
777012,2025-07-25,111,BOS,1,119,LAD,2,1,1,270.6814533596281,2025
776998,2025-07-26,111,BOS,1,119,LAD,1,2,2,0.0,2025
776983,2025-07-27,111,BOS,1,119,LAD,1,3,3,0.0,2025
776961,2025-07-28,111,BOS,0,142,MIN,1,-1,1,1119.9102367149933,2025
776954,2025-07-29,111,BOS,0,142,MIN,1,-2,2,0.0,2025
776935,2025-07-30,111,BOS,0,142,MIN,1,-3,3,0.0,2025
776922,2025-08-01,111,BOS,1,117,HOU,2,1,1,1119.9102367149933,2025
776909,2025-08-02,111,BOS,1,117,HOU,1,2,2,0.0,2025
776895,2025-08-03,111,BOS,1,117,HOU,1,3,3,0.0,2025
776880,2025-08-04,111,BOS,1,118,KC,1,4,1,0.0,2025
776864,2025-08-05,111,BOS,1,118,KC,1,5,2,0.0,2025
776856,2025-08-06,111,BOS,1,118,KC,1,6,3,0.0,2025
776820,2025-08-09,111,BOS,0,135,SD,3,-1,1,2577.0025802905243,2025
776807,2025-08-10,111,BOS,0,135,SD,1,-2,2,0.0,2025
776789,2025-08-10,111,BOS,0,135,SD,0,-3,3,0.0,2025
776782,2025-08-12,111,BOS,0,117,HOU,2,-4,1,1301.7555415501963,2025
776753,2025-08-13,111,BOS,0,117,HOU,1,-5,2,0.0,2025
776769,2025-08-13,111,BOS,0,117,HOU,0,-6,3,0.0,2025
776741,2025-08-15,111,BOS,1,146,MIA,2,1,1,1601.3745489627004,2025
776724,2025-08-16,111,BOS,1,146,MIA,1,2,2,0.0,2025
776714,2025-08-17,111,BOS,1,146,MIA,1,3,3,0.0,2025
776695,2025-08-18,111,BOS,1,110,BAL,1,4,1,0.0,2025
776684,2025-08-19,111,BOS,1,110,BAL,1,5,2,0.0,2025
776654,2025-08-21,111,BOS,0,147,NYY,2,-1,1,179.88456828974768,2025
776647,2025-08-22,111,BOS,0,147,NYY,1,-2,2,0.0,2025
776627,2025-08-23,111,BOS,0,147,NYY,1,-3,3,0.0,2025
776616,2025-08-24,111,BOS,0,147,NYY,1,-4,4,0.0,2025
776604,2025-08-25,111,BOS,0,110,BAL,1,-5,1,178.12306591164185,2025
776591,2025-08-26,111,BOS,0,110,BAL,1,-6,2,0.0,2025
776579,2025-08-27,111,BOS,0,110,BAL,1,-7,3,0.0,2025
776564,2025-08-28,111,BOS,0,110,BAL,1,-8,4,0.0,2025
776549,2025-08-29,111,BOS,1,134,PIT,1,1,1,358.0026308075598,2025
776539,2025-08-30,111,BOS,1,134,PIT,1,2,2,0.0,2025
776517,2025-08-31,111,BOS,1,134,PIT,1,3,3,0.0,2025
776505,2025-09-01,111,BOS,1,114,CLE,1,4,1,0.0,2025
776493,2025-09-02,111,BOS,1,114,CLE,1,5,2,0.0,2025
776474,2025-09-03,111,BOS,1,114,CLE,1,6,3,0.0,2025
776448,2025-09-06,111,BOS,0,109,ARI,3,-1,1,2293.0518319285165,2025
776424,2025-09-07,111,BOS,0,109,ARI,1,-2,2,0.0,2025
776415,2025-09-07,111,BOS,0,109,ARI,0,-3,3,0.0,2025
776410,2025-09-09,111,BOS,0,133,OAK,2,-4,1,641.9010628899154,2025
776396,2025-09-10,111,BOS,0,133,OAK,1,-5,2,0.0,2025
776379,2025-09-10,111,BOS,0,133,OAK,0,-6,3,0.0,2025
776363,2025-09-12,111,BOS,1,147,NYY,2,1,1,2680.900432109404,2025
776344,2025-09-13,111,BOS,1,147,NYY,1,2,2,0.0,2025
776330,2025-09-14,111,BOS,1,147,NYY,1,3,3,0.0,2025
776310,2025-09-16,111,BOS,1,133,OAK,2,4,1,0.0,2025
776299,2025-09-17,111,BOS,1,133,OAK,1,5,2,0.0,2025
776281,2025-09-18,111,BOS,1,133,OAK,1,6,3,0.0,2025
776261,2025-09-19,111,BOS,0,139,TB,1,-1,1,1198.2270597762317,2025
776247,2025-09-20,111,BOS,0,139,TB,1,-2,2,0.0,2025
776236,2025-09-21,111,BOS,0,139,TB,1,-3,3,0.0,2025
776217,2025-09-23,111,BOS,0,141,TOR,2,-4,1,1111.7297518661444,2025
776206,2025-09-24,111,BOS,0,141,TOR,1,-5,2,0.0,2025
776186,2025-09-25,111,BOS,0,141,TOR,1,-6,3,0.0,2025
776181,2025-09-26,111,BOS,1,116,DET,1,1,1,428.32913029317257,2025
776157,2025-09-27,111,BOS,1,116,DET,1,2,2,0.0,2025
776151,2025-09-28,111,BOS,1,116,DET,1,3,3,0.0,2025
778563,2025-03-18,112,CHC,1,119,LAD,0,1,1,0.0,2025
778564,2025-03-19,112,CHC,1,119,LAD,1,2,2,0.0,2025
778552,2025-03-28,112,CHC,0,109,ARI,9,-1,1,1451.6299446026987,2025
778543,2025-03-29,112,CHC,0,109,ARI,1,-2,2,0.0,2025
778532,2025-03-30,112,CHC,0,109,ARI,1,-3,3,0.0,2025
778515,2025-03-30,112,CHC,0,109,ARI,0,-4,4,0.0,2025
778501,2025-04-01,112,CHC,0,133,OAK,2,-5,1,641.9010628899154,2025
778494,2025-04-02,112,CHC,0,133,OAK,1,-6,2,0.0,2025
778471,2025-04-02,112,CHC,0,133,OAK,0,-7,3,0.0,2025
778460,2025-04-04,112,CHC,1,135,SD,2,1,1,1842.6147174758498,2025
778450,2025-04-05,112,CHC,1,135,SD,1,2,2,0.0,2025
778430,2025-04-06,112,CHC,1,135,SD,1,3,3,0.0,2025
778411,2025-04-07,112,CHC,1,140,TEX,1,4,1,0.0,2025
778401,2025-04-08,112,CHC,1,140,TEX,1,5,2,0.0,2025
778385,2025-04-09,112,CHC,1,140,TEX,1,6,3,0.0,2025
778356,2025-04-12,112,CHC,0,119,LAD,3,-1,1,1740.9215479584495,2025
778345,2025-04-13,112,CHC,0,119,LAD,1,-2,2,0.0,2025
778331,2025-04-13,112,CHC,0,119,LAD,0,-3,3,0.0,2025
778315,2025-04-15,112,CHC,0,135,SD,2,-4,1,113.20881075215142,2025
778288,2025-04-16,112,CHC,0,135,SD,1,-5,2,0.0,2025
778305,2025-04-16,112,CHC,0,135,SD,0,-6,3,0.0,2025
778268,2025-04-18,112,CHC,1,109,ARI,2,1,1,1731.4493412522409,2025
778257,2025-04-19,112,CHC,1,109,ARI,1,2,2,0.0,2025
778236,2025-04-20,112,CHC,1,109,ARI,1,3,3,0.0,2025
778220,2025-04-22,112,CHC,1,119,LAD,2,4,1,0.0,2025
778205,2025-04-23,112,CHC,1,119,LAD,1,5,2,0.0,2025
778182,2025-04-25,112,CHC,1,143,PHI,2,6,1,0.0,2025
778174,2025-04-26,112,CHC,1,143,PHI,1,7,2,0.0,2025
778158,2025-04-27,112,CHC,1,143,PHI,1,8,3,0.0,2025
778135,2025-04-29,112,CHC,0,134,PIT,2,-1,1,410.8665423703318,2025
778112,2025-04-30,112,CHC,0,134,PIT,1,-2,2,0.0,2025
778100,2025-05-01,112,CHC,0,134,PIT,1,-3,3,0.0,2025
778080,2025-05-03,112,CHC,0,158,MIL,2,-4,1,447.5172990364866,2025
778071,2025-05-03,112,CHC,0,158,MIL,0,-5,2,0.0,2025
778054,2025-05-04,112,CHC,0,158,MIL,1,-6,3,0.0,2025
778044,2025-05-05,112,CHC,1,137,SF,1,1,1,76.31439882124853,2025
778027,2025-05-06,112,CHC,1,137,SF,1,2,2,0.0,2025
778020,2025-05-07,112,CHC,1,137,SF,1,3,3,0.0,2025
778001,2025-05-09,112,CHC,0,121,NYM,2,-1,1,720.1961586455312,2025
777982,2025-05-10,112,CHC,0,121,NYM,1,-2,2,0.0,2025
777968,2025-05-11,112,CHC,0,121,NYM,1,-3,3,0.0,2025
777952,2025-05-12,112,CHC,1,146,MIA,1,1,1,720.1961586455312,2025
777936,2025-05-13,112,CHC,1,146,MIA,1,2,2,0.0,2025
777921,2025-05-14,112,CHC,1,146,MIA,1,3,3,0.0,2025
777900,2025-05-16,112,CHC,1,145,CWS,2,4,1,0.0,2025
777881,2025-05-17,112,CHC,1,145,CWS,1,5,2,0.0,2025
777872,2025-05-18,112,CHC,1,145,CWS,1,6,3,0.0,2025
777863,2025-05-19,112,CHC,0,146,MIA,1,-1,1,1194.7816200111963,2025
777850,2025-05-20,112,CHC,0,146,MIA,1,-2,2,0.0,2025
777833,2025-05-21,112,CHC,0,146,MIA,1,-3,3,0.0,2025
777811,2025-05-23,112,CHC,0,113,CIN,2,-4,1,953.4072522903118,2025
777791,2025-05-24,112,CHC,0,113,CIN,1,-5,2,0.0,2025
777779,2025-05-25,112,CHC,0,113,CIN,1,-6,3,0.0,2025
777757,2025-05-26,112,CHC,1,115,COL,1,1,1,257.0933763635692,2025
777751,2025-05-28,112,CHC,1,115,COL,2,2,2,0.0,2025
777731,2025-05-29,112,CHC,1,115,COL,1,3,3,0.0,2025
777712,2025-05-30,112,CHC,1,113,CIN,1,4,1,0.0,2025
777704,2025-05-31,112,CHC,1,113,CIN,1,5,2,0.0,2025
777687,2025-06-01,112,CHC,1,113,CIN,1,6,3,0.0,2025
777659,2025-06-03,112,CHC,0,120,WSH,2,-1,1,598.6412524083928,2025
777650,2025-06-04,112,CHC,0,120,WSH,1,-2,2,0.0,2025
777632,2025-06-05,112,CHC,0,120,WSH,1,-3,3,0.0,2025
777626,2025-06-06,112,CHC,0,116,DET,1,-4,1,397.05328106177114,2025
777609,2025-06-07,112,CHC,0,116,DET,1,-5,2,0.0,2025
777594,2025-06-08,112,CHC,0,116,DET,1,-6,3,0.0,2025
777578,2025-06-09,112,CHC,0,143,PHI,1,-7,1,443.15200200788263,2025
777571,2025-06-10,112,CHC,0,143,PHI,1,-8,2,0.0,2025
777553,2025-06-11,112,CHC,0,143,PHI,1,-9,3,0.0,2025
777541,2025-06-13,112,CHC,1,134,PIT,2,1,1,666.436342674126,2025
777526,2025-06-13,112,CHC,1,134,PIT,0,2,2,0.0,2025
777513,2025-06-14,112,CHC,1,134,PIT,1,3,3,0.0,2025
777497,2025-06-15,112,CHC,1,134,PIT,1,4,4,0.0,2025
777482,2025-06-18,112,CHC,1,158,MIL,3,5,1,0.0,2025
777450,2025-06-19,112,CHC,1,158,MIL,0,7,3,0.0,2025
777436,2025-06-20,112,CHC,1,136,SEA,1,8,1,0.0,2025
777419,2025-06-21,112,CHC,1,136,SEA,1,9,2,0.0,2025
777403,2025-06-22,112,CHC,1,136,SEA,1,10,3,0.0,2025
777392,2025-06-23,112,CHC,0,138,STL,1,-1,1,265.86188355988685,2025
777373,2025-06-24,112,CHC,0,138,STL,1,-2,2,0.0,2025
777357,2025-06-25,112,CHC,0,138,STL,1,-3,3,0.0,2025
777348,2025-06-26,112,CHC,0,138,STL,1,-4,4,0.0,2025
777336,2025-06-28,112,CHC,0,117,HOU,2,-5,1,679.6187265786498,2025
777320,2025-06-28,112,CHC,0,117,HOU,0,-6,2,0.0,2025
777308,2025-06-29,112,CHC,0,117,HOU,1,-7,3,0.0,2025
777287,2025-07-02,112,CHC,1,114,CLE,3,1,1,945.3425791434618,2025
777266,2025-07-03,112,CHC,1,114,CLE,1,2,2,0.0,2025
777259,2025-07-04,112,CHC,1,114,CLE,1,3,3,0.0,2025
777246,2025-07-04,112,CHC,1,138,STL,0,4,1,0.0,2025
777229,2025-07-05,112,CHC,1,138,STL,1,5,2,0.0,2025
777219,2025-07-06,112,CHC,1,138,STL,1,6,3,0.0,2025
777190,2025-07-08,112,CHC,0,142,MIN,2,-1,1,351.19627848712736,2025
777173,2025-07-09,112,CHC,0,142,MIN,1,-2,2,0.0,2025
777166,2025-07-10,112,CHC,0,142,MIN,1,-3,3,0.0,2025
777153,2025-07-11,112,CHC,0,147,NYY,1,-4,1,1017.7624974211766,2025
777142,2025-07-12,112,CHC,0,147,NYY,1,-5,2,0.0,2025
777122,2025-07-13,112,CHC,0,147,NYY,1,-6,3,0.0,2025
777101,2025-07-18,112,CHC,1,111,BOS,5,1,1,715.1181609325873,2025
777096,2025-07-19,112,CHC,1,111,BOS,1,2,2,0.0,2025
777075,2025-07-20,112,CHC,1,111,BOS,1,3,3,0.0,2025
777065,2025-07-22,112,CHC,1,118,KC,2,4,1,0.0,2025
777031,2025-07-23,112,CHC,1,118,KC,1,5,2,0.0,2025
777047,2025-07-23,112,CHC,1,118,KC,0,6,3,0.0,2025
777017,2025-07-25,112,CHC,0,145,CWS,2,-1,1,8.262413783057372,2025
776994,2025-07-26,112,CHC,0,145,CWS,1,-2,2,0.0,2025
776989,2025-07-27,112,CHC,0,145,CWS,1,-3,3,0.0,2025
776965,2025-07-28,112,CHC,0,158,MIL,1,-4,1,84.55513154711521,2025
776956,2025-07-29,112,CHC,0,158,MIL,1,-5,2,0.0,2025
776929,2025-07-30,112,CHC,0,158,MIL,1,-6,3,0.0,2025
776915,2025-08-01,112,CHC,1,110,BAL,2,1,1,76.31439882124853,2025
776902,2025-08-02,112,CHC,1,110,BAL,1,2,2,0.0,2025
776888,2025-08-03,112,CHC,1,110,BAL,1,3,3,0.0,2025
776878,2025-08-05,112,CHC,1,113,CIN,2,4,1,0.0,2025
776860,2025-08-06,112,CHC,1,113,CIN,1,5,2,0.0,2025
776847,2025-08-06,112,CHC,1,113,CIN,0,6,3,0.0,2025
776826,2025-08-09,112,CHC,0,138,STL,3,-1,1,265.86188355988685,2025
776818,2025-08-09,112,CHC,0,138,STL,0,-2,2,0.0,2025
776795,2025-08-10,112,CHC,0,138,STL,1,-3,3,0.0,2025
776768,2025-08-12,112,CHC,0,141,TOR,2,-4,1,659.7865181803405,2025
776757,2025-08-13,112,CHC,0,141,TOR,1,-5,2,0.0,2025
776747,2025-08-14,112,CHC,0,141,TOR,1,-6,3,0.0,2025
776737,2025-08-15,112,CHC,1,134,PIT,1,1,1,434.9128878467627,2025
776719,2025-08-16,112,CHC,1,134,PIT,1,2,2,0.0,2025
776704,2025-08-17,112,CHC,1,134,PIT,1,3,3,0.0,2025
777459,2025-08-18,112,CHC,1,158,MIL,1,4,1,0.0,2025
776691,2025-08-19,112,CHC,1,158,MIL,0,6,3,0.0,2025
776676,2025-08-20,112,CHC,1,158,MIL,1,7,4,0.0,2025
776663,2025-08-21,112,CHC,1,158,MIL,1,8,5,0.0,2025
776651,2025-08-21,112,CHC,1,158,MIL,0,9,6,0.0,2025
776640,2025-08-23,112,CHC,0,108,LAA,2,-1,1,1731.5112579868214,2025
776605,2025-08-24,112,CHC,0,108,LAA,1,-2,2,0.0,2025
776618,2025-08-24,112,CHC,0,108,LAA,0,-3,3,0.0,2025
776576,2025-08-27,112,CHC,0,137,SF,3,-4,1,373.21886529538057,2025
776557,2025-08-28,112,CHC,0,137,SF,1,-5,2,0.0,2025
776550,2025-08-28,112,CHC,0,137,SF,0,-6,3,0.0,2025
776542,2025-08-30,112,CHC,0,115,COL,2,-7,1,945.5308694116128,2025
776526,2025-08-31,112,CHC,0,115,COL,1,-8,2,0.0,2025
776511,2025-08-31,112,CHC,0,115,COL,0,-9,3,0.0,2025
776506,2025-09-01,112,CHC,1,144,ATL,1,1,1,917.1571990207435,2025
776487,2025-09-02,112,CHC,1,144,ATL,1,2,2,0.0,2025
776473,2025-09-03,112,CHC,1,144,ATL,1,3,3,0.0,2025
776455,2025-09-05,112,CHC,1,120,WSH,2,4,1,0.0,2025
776440,2025-09-06,112,CHC,1,120,WSH,1,5,2,0.0,2025
776420,2025-09-07,112,CHC,1,120,WSH,1,6,3,0.0,2025
776412,2025-09-08,112,CHC,0,144,ATL,1,-1,1,583.1187828539541,2025
776402,2025-09-09,112,CHC,0,144,ATL,1,-2,2,0.0,2025
776381,2025-09-10,112,CHC,0,144,ATL,1,-3,3,0.0,2025
776352,2025-09-12,112,CHC,1,139,TB,2,1,1,583.1187828539541,2025
776338,2025-09-13,112,CHC,1,139,TB,1,2,2,0.0,2025
776321,2025-09-14,112,CHC,1,139,TB,1,3,3,0.0,2025
776318,2025-09-15,112,CHC,0,134,PIT,1,-1,1,410.8665423703318,2025
776308,2025-09-16,112,CHC,0,134,PIT,1,-2,2,0.0,2025
776287,2025-09-17,112,CHC,0,134,PIT,1,-3,3,0.0,2025
776282,2025-09-18,112,CHC,0,113,CIN,1,-4,1,256.6044671740272,2025
776267,2025-09-19,112,CHC,0,113,CIN,1,-5,2,0.0,2025
776254,2025-09-20,112,CHC,0,113,CIN,1,-6,3,0.0,2025
776239,2025-09-21,112,CHC,0,113,CIN,1,-7,4,0.0,2025
776209,2025-09-23,112,CHC,1,121,NYM,2,1,1,257.0933763635692,2025
776205,2025-09-25,112,CHC,1,121,NYM,2,2,2,0.0,2025
776187,2025-09-25,112,CHC,1,121,NYM,0,3,3,0.0,2025
776167,2025-09-26,112,CHC,1,138,STL,1,4,1,0.0,2025
776164,2025-09-27,112,CHC,1,138,STL,1,5,2,0.0,2025
776142,2025-09-28,112,CHC,1,138,STL,1,6,3,0.0,2025
778561,2025-03-27,113,CIN,1,137,SF,0,1,1,0.0,2025
778540,2025-03-29,113,CIN,1,137,SF,2,2,2,0.0,2025
778522,2025-03-30,113,CIN,1,137,SF,1,3,3,0.0,2025
778511,2025-03-31,113,CIN,1,140,TEX,1,4,1,0.0,2025
778498,2025-04-01,113,CIN,1,140,TEX,1,5,2,0.0,2025
778480,2025-04-02,113,CIN,1,140,TEX,1,6,3,0.0,2025
778468,2025-04-03,113,CIN,0,158,MIL,1,-1,1,325.9595383372329,2025
778453,2025-04-05,113,CIN,0,158,MIL,2,-2,2,0.0,2025
778439,2025-04-05,113,CIN,0,158,MIL,0,-3,3,0.0,2025
778421,2025-04-06,113,CIN,0,158,MIL,1,-4,4,0.0,2025
778410,2025-04-08,113,CIN,0,137,SF,2,-5,1,1833.5573982316243,2025
778397,2025-04-09,113,CIN,0,137,SF,1,-6,2,0.0,2025
778376,2025-04-09,113,CIN,0,137,SF,0,-7,3,0.0,2025
778374,2025-04-11,113,CIN,1,134,PIT,2,1,1,2037.340018250872,2025
778357,2025-04-12,113,CIN,1,134,PIT,1,2,2,0.0,2025
778343,2025-04-13,113,CIN,1,134,PIT,1,3,3,0.0,2025
778316,2025-04-15,113,CIN,1,136,SEA,2,4,1,0.0,2025
778304,2025-04-16,113,CIN,1,136,SEA,1,5,2,0.0,2025
778285,2025-04-17,113,CIN,1,136,SEA,1,6,3,0.0,2025
778276,2025-04-18,113,CIN,0,110,BAL,1,-1,1,422.40795362654626,2025
778262,2025-04-19,113,CIN,0,110,BAL,1,-2,2,0.0,2025
778250,2025-04-20,113,CIN,0,110,BAL,1,-3,3,0.0,2025
778230,2025-04-21,113,CIN,0,146,MIA,1,-4,1,956.2208116188826,2025
778219,2025-04-22,113,CIN,0,146,MIA,1,-5,2,0.0,2025
778208,2025-04-23,113,CIN,0,146,MIA,1,-6,3,0.0,2025
778181,2025-04-26,113,CIN,0,115,COL,3,-7,1,1723.9912128319143,2025
778161,2025-04-26,113,CIN,0,115,COL,0,-8,2,0.0,2025
778148,2025-04-27,113,CIN,0,115,COL,1,-9,3,0.0,2025
778141,2025-04-28,113,CIN,1,138,STL,1,1,1,1091.971068685176,2025
778119,2025-04-30,113,CIN,1,138,STL,1,3,3,0.0,2025
778134,2025-04-30,113,CIN,1,138,STL,0,4,4,0.0,2025
778107,2025-05-01,113,CIN,1,138,STL,1,5,5,0.0,2025
778087,2025-05-02,113,CIN,1,120,WSH,1,6,1,0.0,2025
778077,2025-05-03,113,CIN,1,120,WSH,1,7,2,0.0,2025
778058,2025-05-04,113,CIN,1,120,WSH,1,8,3,0.0,2025
778049,2025-05-05,113,CIN,0,144,ATL,1,-1,1,359.8050212534856,2025
778034,2025-05-06,113,CIN,0,144,ATL,1,-2,2,0.0,2025
778023,2025-05-07,113,CIN,0,144,ATL,1,-3,3,0.0,2025
778003,2025-05-08,113,CIN,0,144,ATL,1,-4,4,0.0,2025
777979,2025-05-10,113,CIN,0,117,HOU,2,-5,1,699.6088123085705,2025
777989,2025-05-10,113,CIN,0,117,HOU,0,-6,2,0.0,2025
777963,2025-05-11,113,CIN,0,117,HOU,1,-7,3,0.0,2025
777945,2025-05-13,113,CIN,1,145,CWS,2,1,1,892.3931536123845,2025
777928,2025-05-14,113,CIN,1,145,CWS,1,2,2,0.0,2025
777912,2025-05-15,113,CIN,1,145,CWS,1,3,3,0.0,2025
777902,2025-05-16,113,CIN,1,114,CLE,1,4,1,0.0,2025
777892,2025-05-17,113,CIN,1,114,CLE,1,5,2,0.0,2025
777874,2025-05-18,113,CIN,1,114,CLE,1,6,3,0.0,2025
777859,2025-05-19,113,CIN,0,134,PIT,1,-1,1,256.6044671740272,2025
777847,2025-05-20,113,CIN,0,134,PIT,1,-2,2,0.0,2025
777834,2025-05-21,113,CIN,0,134,PIT,1,-3,3,0.0,2025
777811,2025-05-23,113,CIN,1,112,CHC,2,1,1,256.6044671740272,2025
777791,2025-05-24,113,CIN,1,112,CHC,1,2,2,0.0,2025
777779,2025-05-25,113,CIN,1,112,CHC,1,3,3,0.0,2025
777760,2025-05-26,113,CIN,0,118,KC,1,-1,1,534.6651070230836,2025
777750,2025-05-27,113,CIN,0,118,KC,1,-2,2,0.0,2025
777733,2025-05-28,113,CIN,0,118,KC,1,-3,3,0.0,2025
777712,2025-05-30,113,CIN,0,112,CHC,2,-4,1,410.49325072140863,2025
777704,2025-05-31,113,CIN,0,112,CHC,1,-5,2,0.0,2025
777687,2025-06-01,113,CIN,0,112,CHC,1,-6,3,0.0,2025
777671,2025-06-02,113,CIN,1,158,MIL,1,1,1,257.0933763635692,2025
777668,2025-06-03,113,CIN,1,158,MIL,1,2,2,0.0,2025
777647,2025-06-04,113,CIN,1,158,MIL,1,3,3,0.0,2025
777623,2025-06-07,113,CIN,1,109,ARI,1,5,2,0.0,2025
777612,2025-06-07,113,CIN,1,109,ARI,0,6,3,0.0,2025
777602,2025-06-08,113,CIN,1,109,ARI,1,7,4,0.0,2025
777580,2025-06-09,113,CIN,0,114,CLE,1,-1,1,222.67421009904183,2025
777569,2025-06-10,113,CIN,0,114,CLE,1,-2,2,0.0,2025
777549,2025-06-11,113,CIN,0,114,CLE,1,-3,3,0.0,2025
777538,2025-06-13,113,CIN,0,116,DET,2,-4,1,91.12804978214932,2025
777517,2025-06-14,113,CIN,0,116,DET,1,-5,2,0.0,2025
777505,2025-06-15,113,CIN,0,116,DET,1,-6,3,0.0,2025
777478,2025-06-17,113,CIN,1,142,MIN,2,1,1,236.62913628650645,2025
777474,2025-06-18,113,CIN,1,142,MIN,1,2,2,0.0,2025
777452,2025-06-19,113,CIN,1,142,MIN,1,3,3,0.0,2025
777433,2025-06-20,113,CIN,0,138,STL,1,-1,1,307.56531909433545,2025
777415,2025-06-21,113,CIN,0,138,STL,1,-2,2,0.0,2025
777407,2025-06-22,113,CIN,0,138,STL,1,-3,3,0.0,2025
777390,2025-06-23,113,CIN,1,147,NYY,1,1,1,307.56531909433545,2025
777385,2025-06-24,113,CIN,1,147,NYY,1,2,2,0.0,2025
777367,2025-06-25,113,CIN,1,147,NYY,1,3,3,0.0,2025
777346,2025-06-27,113,CIN,1,135,SD,2,4,1,0.0,2025
777328,2025-06-28,113,CIN,1,135,SD,1,5,2,0.0,2025
777312,2025-06-29,113,CIN,1,135,SD,1,6,3,0.0,2025
777300,2025-06-30,113,CIN,0,111,BOS,1,-1,1,736.3670721136276,2025
777294,2025-07-02,113,CIN,0,111,BOS,1,-3,3,0.0,2025
777277,2025-07-02,113,CIN,0,111,BOS,0,-4,4,0.0,2025
777255,2025-07-04,113,CIN,0,143,PHI,2,-5,1,270.6814533596281,2025
777233,2025-07-05,113,CIN,0,143,PHI,1,-6,2,0.0,2025
777217,2025-07-06,113,CIN,0,143,PHI,1,-7,3,0.0,2025
777208,2025-07-07,113,CIN,1,146,MIA,1,1,1,500.9471415614062,2025
777197,2025-07-08,113,CIN,1,146,MIA,1,2,2,0.0,2025
777183,2025-07-09,113,CIN,1,146,MIA,1,3,3,0.0,2025
777168,2025-07-10,113,CIN,1,146,MIA,1,4,4,0.0,2025
777160,2025-07-11,113,CIN,1,115,COL,1,5,1,0.0,2025
777140,2025-07-12,113,CIN,1,115,COL,1,6,2,0.0,2025
777128,2025-07-13,113,CIN,1,115,COL,1,7,3,0.0,2025
777111,2025-07-18,113,CIN,0,121,NYM,5,-1,1,576.1040985787001,2025
777092,2025-07-19,113,CIN,0,121,NYM,1,-2,2,0.0,2025
777087,2025-07-20,113,CIN,0,121,NYM,1,-3,3,0.0,2025
777064,2025-07-21,113,CIN,0,120,WSH,1,-4,1,212.3563770011718,2025
777042,2025-07-22,113,CIN,0,120,WSH,1,-5,2,0.0,2025
777026,2025-07-23,113,CIN,0,120,WSH,1,-6,3,0.0,2025
777013,2025-07-25,113,CIN,1,139,TB,2,1,1,403.05254469244744,2025
777000,2025-07-26,113,CIN,1,139,TB,1,2,2,0.0,2025
776982,2025-07-27,113,CIN,1,139,TB,1,3,3,0.0,2025
776967,2025-07-28,113,CIN,1,119,LAD,1,4,1,0.0,2025
776963,2025-07-29,113,CIN,1,119,LAD,1,5,2,0.0,2025
776941,2025-07-30,113,CIN,1,119,LAD,1,6,3,0.0,2025
776928,2025-07-31,113,CIN,1,144,ATL,1,7,1,0.0,2025
776921,2025-08-01,113,CIN,1,144,ATL,1,8,2,0.0,2025
776907,2025-08-03,113,CIN,1,144,ATL,1,10,4,0.0,2025
776878,2025-08-05,113,CIN,0,112,CHC,2,-1,1,257.0933763635692,2025
776860,2025-08-06,113,CIN,0,112,CHC,1,-2,2,0.0,2025
776847,2025-08-06,113,CIN,0,112,CHC,0,-3,3,0.0,2025
776840,2025-08-07,113,CIN,0,134,PIT,1,-4,1,410.8665423703318,2025
776829,2025-08-08,113,CIN,0,134,PIT,1,-5,2,0.0,2025
776812,2025-08-09,113,CIN,0,134,PIT,1,-6,3,0.0,2025
776801,2025-08-10,113,CIN,0,134,PIT,1,-7,4,0.0,2025
776792,2025-08-11,113,CIN,1,143,PHI,1,1,1,256.6044671740272,2025
776777,2025-08-12,113,CIN,1,143,PHI,1,2,2,0.0,2025
776765,2025-08-13,113,CIN,1,143,PHI,1,3,3,0.0,2025
776740,2025-08-15,113,CIN,1,158,MIL,2,4,1,0.0,2025
776721,2025-08-16,113,CIN,1,158,MIL,1,5,2,0.0,2025
776709,2025-08-17,113,CIN,1,158,MIL,1,6,3,0.0,2025
776681,2025-08-19,113,CIN,0,108,LAA,2,-1,1,1879.7694329343171,2025
776668,2025-08-20,113,CIN,0,108,LAA,1,-2,2,0.0,2025
776652,2025-08-21,113,CIN,0,108,LAA,1,-3,3,0.0,2025
776635,2025-08-23,113,CIN,0,109,ARI,2,-4,1,335.4914545335198,2025
776609,2025-08-24,113,CIN,0,109,ARI,1,-5,2,0.0,2025
776622,2025-08-24,113,CIN,0,109,ARI,0,-6,3,0.0,2025
776594,2025-08-26,113,CIN,0,119,LAD,2,-7,1,357.22532088939374,2025
776574,2025-08-27,113,CIN,0,119,LAD,1,-8,2,0.0,2025
776562,2025-08-28,113,CIN,0,119,LAD,1,-9,3,0.0,2025
776551,2025-08-29,113,CIN,1,138,STL,1,1,1,1892.244174703444,2025
776536,2025-08-30,113,CIN,1,138,STL,1,2,2,0.0,2025
776518,2025-08-31,113,CIN,1,138,STL,1,3,3,0.0,2025
776503,2025-09-01,113,CIN,1,141,TOR,1,4,1,0.0,2025
776491,2025-09-02,113,CIN,1,141,TOR,1,5,2,0.0,2025
776475,2025-09-03,113,CIN,1,141,TOR,1,6,3,0.0,2025
776450,2025-09-05,113,CIN,1,121,NYM,2,7,1,0.0,2025
776439,2025-09-06,113,CIN,1,121,NYM,1,8,2,0.0,2025
776429,2025-09-07,113,CIN,1,121,NYM,1,9,3,0.0,2025
776407,2025-09-09,113,CIN,0,135,SD,2,-1,1,1869.1251200134675,2025
776392,2025-09-10,113,CIN,0,135,SD,1,-2,2,0.0,2025
776377,2025-09-11,113,CIN,0,135,SD,1,-3,3,0.0,2025
776358,2025-09-13,113,CIN,0,133,OAK,2,-4,1,449.84278611734885,2025
776340,2025-09-14,113,CIN,0,133,OAK,1,-5,2,0.0,2025
776327,2025-09-14,113,CIN,0,133,OAK,0,-6,3,0.0,2025
776312,2025-09-15,113,CIN,0,138,STL,1,-7,1,1730.5555289171796,2025
776300,2025-09-16,113,CIN,0,138,STL,1,-8,2,0.0,2025
776283,2025-09-17,113,CIN,0,138,STL,1,-9,3,0.0,2025
776282,2025-09-18,113,CIN,1,112,CHC,1,1,1,307.56531909433545,2025
776267,2025-09-19,113,CIN,1,112,CHC,1,2,2,0.0,2025
776254,2025-09-20,113,CIN,1,112,CHC,1,3,3,0.0,2025
776239,2025-09-21,113,CIN,1,112,CHC,1,4,4,0.0,2025
776224,2025-09-23,113,CIN,1,134,PIT,2,5,1,0.0,2025
776202,2025-09-24,113,CIN,1,134,PIT,1,6,2,0.0,2025
776190,2025-09-25,113,CIN,1,134,PIT,1,7,3,0.0,2025
776171,2025-09-27,113,CIN,0,158,MIL,2,-1,1,325.9595383372329,2025
776153,2025-09-27,113,CIN,0,158,MIL,0,-2,2,0.0,2025
776144,2025-09-28,113,CIN,0,158,MIL,1,-3,3,0.0,2025
778558,2025-03-27,114,CLE,0,118,KC,0,-1,1,694.6429853897519,2025
778529,2025-03-29,114,CLE,0,118,KC,2,-2,2,0.0,2025
778510,2025-03-30,114,CLE,0,118,KC,1,-3,3,0.0,2025
778499,2025-04-01,114,CLE,0,135,SD,2,-4,1,1338.8342274624279,2025
778485,2025-04-02,114,CLE,0,135,SD,1,-5,2,0.0,2025
778476,2025-04-02,114,CLE,0,135,SD,0,-6,3,0.0,2025
778447,2025-04-05,114,CLE,0,108,LAA,3,-7,1,86.36512380343024,2025
778437,2025-04-06,114,CLE,0,108,LAA,1,-8,2,0.0,2025
778425,2025-04-06,114,CLE,0,108,LAA,0,-9,3,0.0,2025
778402,2025-04-08,114,CLE,1,145,CWS,2,1,1,2034.3207691263494,2025
778391,2025-04-09,114,CLE,1,145,CWS,1,2,2,0.0,2025
778378,2025-04-10,114,CLE,1,145,CWS,1,3,3,0.0,2025
778375,2025-04-11,114,CLE,1,118,KC,1,4,1,0.0,2025
778359,2025-04-12,114,CLE,1,118,KC,1,5,2,0.0,2025
778342,2025-04-13,114,CLE,1,118,KC,1,6,3,0.0,2025
778317,2025-04-15,114,CLE,0,110,BAL,2,-1,1,307.1364885665357,2025
778301,2025-04-16,114,CLE,0,110,BAL,1,-2,2,0.0,2025
778292,2025-04-17,114,CLE,0,110,BAL,1,-3,3,0.0,2025
778271,2025-04-18,114,CLE,0,134,PIT,1,-4,1,196.62316008554197,2025
778254,2025-04-19,114,CLE,0,134,PIT,1,-5,2,0.0,2025
778242,2025-04-20,114,CLE,0,134,PIT,1,-6,3,0.0,2025
778227,2025-04-21,114,CLE,1,147,NYY,1,1,1,113.72517024270446,2025
778218,2025-04-22,114,CLE,1,147,NYY,1,2,2,0.0,2025
778206,2025-04-23,114,CLE,1,147,NYY,1,3,3,0.0,2025
778179,2025-04-26,114,CLE,1,111,BOS,1,5,2,0.0,2025
778169,2025-04-26,114,CLE,1,111,BOS,0,6,3,0.0,2025
778157,2025-04-27,114,CLE,1,111,BOS,1,7,4,0.0,2025
778139,2025-04-28,114,CLE,1,142,MIN,1,8,1,0.0,2025
778129,2025-04-29,114,CLE,1,142,MIN,1,9,2,0.0,2025
778116,2025-04-30,114,CLE,1,142,MIN,1,10,3,0.0,2025
778108,2025-05-01,114,CLE,1,142,MIN,1,11,4,0.0,2025
778081,2025-05-02,114,CLE,0,141,TOR,1,-1,1,188.71684847115282,2025
778064,2025-05-03,114,CLE,0,141,TOR,1,-2,2,0.0,2025
778056,2025-05-04,114,CLE,0,141,TOR,1,-3,3,0.0,2025
778026,2025-05-06,114,CLE,0,120,WSH,1,-5,2,0.0,2025
778046,2025-05-06,114,CLE,0,120,WSH,0,-6,3,0.0,2025
778022,2025-05-07,114,CLE,0,120,WSH,1,-7,4,0.0,2025
777997,2025-05-09,114,CLE,1,143,PHI,2,1,1,306.2397190255103,2025
777983,2025-05-10,114,CLE,1,143,PHI,1,2,2,0.0,2025
777971,2025-05-11,114,CLE,1,143,PHI,1,3,3,0.0,2025
777960,2025-05-12,114,CLE,1,158,MIL,1,4,1,0.0,2025
777944,2025-05-13,114,CLE,1,158,MIL,1,5,2,0.0,2025
777925,2025-05-14,114,CLE,1,158,MIL,1,6,3,0.0,2025
777902,2025-05-16,114,CLE,0,113,CIN,2,-1,1,222.67421009904183,2025
777892,2025-05-17,114,CLE,0,113,CIN,1,-2,2,0.0,2025
777874,2025-05-18,114,CLE,0,113,CIN,1,-3,3,0.0,2025
777829,2025-05-21,114,CLE,0,142,MIN,1,-6,3,0.0,2025
777861,2025-05-21,114,CLE,0,142,MIN,0,-7,4,0.0,2025
777821,2025-05-22,114,CLE,0,116,DET,1,-8,1,542.5071369450939,2025
777807,2025-05-23,114,CLE,0,116,DET,1,-9,2,0.0,2025
777796,2025-05-24,114,CLE,0,116,DET,1,-10,3,0.0,2025
777780,2025-05-25,114,CLE,0,116,DET,1,-11,4,0.0,2025
777769,2025-05-26,114,CLE,1,119,LAD,1,1,1,91.12804978214932,2025
777753,2025-05-27,114,CLE,1,119,LAD,1,2,2,0.0,2025
777739,2025-05-28,114,CLE,1,119,LAD,1,3,3,0.0,2025
777721,2025-05-30,114,CLE,1,108,LAA,2,4,1,0.0,2025
777703,2025-05-31,114,CLE,1,108,LAA,1,5,2,0.0,2025
777683,2025-06-01,114,CLE,1,108,LAA,1,6,3,0.0,2025
777664,2025-06-03,114,CLE,0,147,NYY,2,-1,1,406.0987517437095,2025
777653,2025-06-04,114,CLE,0,147,NYY,1,-2,2,0.0,2025
777644,2025-06-05,114,CLE,0,147,NYY,1,-3,3,0.0,2025
777622,2025-06-06,114,CLE,1,117,HOU,1,1,1,406.0987517437095,2025
777608,2025-06-07,114,CLE,1,117,HOU,1,2,2,0.0,2025
777591,2025-06-08,114,CLE,1,117,HOU,1,3,3,0.0,2025
777580,2025-06-09,114,CLE,1,113,CIN,1,4,1,0.0,2025
777569,2025-06-10,114,CLE,1,113,CIN,1,5,2,0.0,2025
777549,2025-06-11,114,CLE,1,113,CIN,1,6,3,0.0,2025
777520,2025-06-14,114,CLE,0,136,SEA,3,-1,1,2021.2763610125958,2025
777495,2025-06-15,114,CLE,0,136,SEA,1,-2,2,0.0,2025
777507,2025-06-15,114,CLE,0,136,SEA,0,-3,3,0.0,2025
777472,2025-06-18,114,CLE,0,137,SF,3,-4,1,678.0468674235019,2025
777454,2025-06-19,114,CLE,0,137,SF,1,-5,2,0.0,2025
777440,2025-06-19,114,CLE,0,137,SF,0,-6,3,0.0,2025
777429,2025-06-21,114,CLE,0,133,OAK,2,-7,1,10.48032218937323,2025
777411,2025-06-22,114,CLE,0,133,OAK,1,-8,2,0.0,2025
777400,2025-06-22,114,CLE,0,133,OAK,0,-9,3,0.0,2025
777384,2025-06-24,114,CLE,1,141,TOR,2,1,1,2151.964503269304,2025
777368,2025-06-25,114,CLE,1,141,TOR,1,2,2,0.0,2025
777354,2025-06-26,114,CLE,1,141,TOR,1,3,3,0.0,2025
777349,2025-06-27,114,CLE,1,138,STL,1,4,1,0.0,2025
777329,2025-06-28,114,CLE,1,138,STL,1,5,2,0.0,2025
777309,2025-06-29,114,CLE,1,138,STL,1,6,3,0.0,2025
777287,2025-07-02,114,CLE,0,112,CHC,3,-1,1,309.41326135873874,2025
777266,2025-07-03,114,CLE,0,112,CHC,1,-2,2,0.0,2025
777259,2025-07-04,114,CLE,0,112,CHC,1,-3,3,0.0,2025
777249,2025-07-04,114,CLE,1,116,DET,0,1,1,309.41326135873874,2025
777240,2025-07-05,114,CLE,1,116,DET,1,2,2,0.0,2025
777226,2025-07-06,114,CLE,1,116,DET,1,3,3,0.0,2025
777202,2025-07-08,114,CLE,0,117,HOU,2,-1,1,1114.100496699443,2025
777192,2025-07-09,114,CLE,0,117,HOU,1,-2,2,0.0,2025
777174,2025-07-10,114,CLE,0,117,HOU,1,-3,3,0.0,2025
777164,2025-07-11,114,CLE,0,145,CWS,1,-5,2,0.0,2025
777146,2025-07-12,114,CLE,0,145,CWS,1,-6,3,0.0,2025
777138,2025-07-12,114,CLE,0,145,CWS,0,-7,4,0.0,2025
777120,2025-07-13,114,CLE,0,145,CWS,1,-8,5,0.0,2025
777105,2025-07-18,114,CLE,1,133,OAK,5,1,1,307.8720964038074,2025
777104,2025-07-19,114,CLE,1,133,OAK,1,2,2,0.0,2025
777084,2025-07-20,114,CLE,1,133,OAK,1,3,3,0.0,2025
777068,2025-07-21,114,CLE,1,110,BAL,1,4,1,0.0,2025
777056,2025-07-22,114,CLE,1,110,BAL,1,5,2,0.0,2025
777036,2025-07-23,114,CLE,1,110,BAL,1,6,3,0.0,2025
777019,2025-07-24,114,CLE,1,110,BAL,1,7,4,0.0,2025
777010,2025-07-26,114,CLE,0,118,KC,0,-2,2,0.0,2025
776990,2025-07-26,114,CLE,0,118,KC,0,-3,3,0.0,2025
776975,2025-07-27,114,CLE,0,118,KC,1,-4,4,0.0,2025
776968,2025-07-28,114,CLE,1,115,COL,1,1,1,694.6429853897519,2025
776951,2025-07-29,114,CLE,1,115,COL,1,2,2,0.0,2025
776942,2025-07-30,114,CLE,1,115,COL,1,3,3,0.0,2025
776924,2025-08-01,114,CLE,1,142,MIN,2,4,1,0.0,2025
776905,2025-08-02,114,CLE,1,142,MIN,1,5,2,0.0,2025
776892,2025-08-03,114,CLE,1,142,MIN,1,6,3,0.0,2025
776876,2025-08-04,114,CLE,0,121,NYM,1,-1,1,411.0649093966104,2025
776863,2025-08-05,114,CLE,0,121,NYM,1,-2,2,0.0,2025
776846,2025-08-06,114,CLE,0,121,NYM,1,-3,3,0.0,2025
776833,2025-08-08,114,CLE,0,145,CWS,2,-4,1,718.8569327739972,2025
776814,2025-08-09,114,CLE,0,145,CWS,1,-5,2,0.0,2025
776798,2025-08-10,114,CLE,0,145,CWS,1,-6,3,0.0,2025
776778,2025-08-12,114,CLE,1,146,MIA,2,1,1,307.8720964038074,2025
776766,2025-08-13,114,CLE,1,146,MIA,1,2,2,0.0,2025
776745,2025-08-14,114,CLE,1,146,MIA,1,3,3,0.0,2025
776738,2025-08-15,114,CLE,1,144,ATL,1,4,1,0.0,2025
776720,2025-08-16,114,CLE,1,144,ATL,1,5,2,0.0,2025
776706,2025-08-17,114,CLE,1,144,ATL,1,6,3,0.0,2025
776682,2025-08-19,114,CLE,0,109,ARI,2,-1,1,1745.9617283251753,2025
776672,2025-08-20,114,CLE,0,109,ARI,1,-2,2,0.0,2025
776658,2025-08-20,114,CLE,0,109,ARI,0,-3,3,0.0,2025
776641,2025-08-23,114,CLE,0,140,TEX,3,-4,1,867.9010244338684,2025
776623,2025-08-23,114,CLE,0,140,TEX,0,-5,2,0.0,2025
776611,2025-08-24,114,CLE,0,140,TEX,1,-6,3,0.0,2025
776601,2025-08-25,114,CLE,1,139,TB,1,1,1,1038.947571490186,2025
776584,2025-08-26,114,CLE,1,139,TB,1,2,2,0.0,2025
776580,2025-08-27,114,CLE,1,139,TB,1,3,3,0.0,2025
776547,2025-08-29,114,CLE,1,136,SEA,2,4,1,0.0,2025
776537,2025-08-30,114,CLE,1,136,SEA,1,5,2,0.0,2025
776521,2025-08-31,114,CLE,1,136,SEA,1,6,3,0.0,2025
776505,2025-09-01,114,CLE,0,111,BOS,1,-1,1,547.1609370940174,2025
776493,2025-09-02,114,CLE,0,111,BOS,1,-2,2,0.0,2025
776474,2025-09-03,114,CLE,0,111,BOS,1,-3,3,0.0,2025
776458,2025-09-04,114,CLE,0,139,TB,1,-4,1,1198.2270597762317,2025
776451,2025-09-05,114,CLE,0,139,TB,1,-5,2,0.0,2025
776438,2025-09-06,114,CLE,0,139,TB,1,-6,3,0.0,2025
776421,2025-09-07,114,CLE,0,139,TB,1,-7,4,0.0,2025
776413,2025-09-08,114,CLE,1,118,KC,1,1,1,950.1419996181558,2025
776403,2025-09-09,114,CLE,1,118,KC,1,2,2,0.0,2025
776382,2025-09-10,114,CLE,1,118,KC,1,3,3,0.0,2025
776370,2025-09-11,114,CLE,1,118,KC,1,4,4,0.0,2025
776361,2025-09-12,114,CLE,1,145,CWS,1,5,1,0.0,2025
776348,2025-09-13,114,CLE,1,145,CWS,1,6,2,0.0,2025
776331,2025-09-14,114,CLE,1,145,CWS,1,7,3,0.0,2025
776303,2025-09-16,114,CLE,0,116,DET,2,-1,1,91.12804978214932,2025
776296,2025-09-17,114,CLE,0,116,DET,1,-2,2,0.0,2025
776275,2025-09-18,114,CLE,0,116,DET,1,-3,3,0.0,2025
776263,2025-09-20,114,CLE,0,142,MIN,2,-4,1,542.5071369450939,2025
777839,2025-09-20,114,CLE,0,142,MIN,0,-5,2,0.0,2025
776243,2025-09-20,114,CLE,0,142,MIN,0,-6,3,0.0,2025
776225,2025-09-21,114,CLE,0,142,MIN,1,-7,4,0.0,2025
776218,2025-09-23,114,CLE,1,116,DET,2,1,1,630.5553923040089,2025
776204,2025-09-24,114,CLE,1,116,DET,1,2,2,0.0,2025
776189,2025-09-25,114,CLE,1,116,DET,1,3,3,0.0,2025
776175,2025-09-26,114,CLE,1,140,TEX,1,4,1,0.0,2025
776158,2025-09-27,114,CLE,1,140,TEX,1,5,2,0.0,2025
776147,2025-09-28,114,CLE,1,140,TEX,1,6,3,0.0,2025
778560,2025-03-28,115,COL,0,139,TB,0,-1,1,1520.6836963257724,2025
778537,2025-03-29,115,COL,0,139,TB,1,-2,2,0.0,2025
778524,2025-03-30,115,COL,0,139,TB,1,-3,3,0.0,2025
778502,2025-03-31,115,COL,0,143,PHI,1,-4,1,941.4579426846607,2025
778482,2025-04-02,115,COL,0,143,PHI,2,-5,2,0.0,2025
778467,2025-04-03,115,COL,0,143,PHI,1,-6,3,0.0,2025
778456,2025-04-04,115,COL,1,133,OAK,1,1,1,1575.3272730725726,2025
778442,2025-04-06,115,COL,1,133,OAK,2,2,2,0.0,2025
778423,2025-04-06,115,COL,1,133,OAK,0,3,3,0.0,2025
778394,2025-04-09,115,COL,1,158,MIL,3,4,1,0.0,2025
778379,2025-04-10,115,COL,1,158,MIL,1,5,2,0.0,2025
778371,2025-04-10,115,COL,1,158,MIL,0,6,3,0.0,2025
778361,2025-04-12,115,COL,0,135,SD,2,-1,1,833.4460828296096,2025
778352,2025-04-13,115,COL,0,135,SD,1,-2,2,0.0,2025
778330,2025-04-13,115,COL,0,135,SD,0,-3,3,0.0,2025
778326,2025-04-15,115,COL,0,119,LAD,2,-4,1,113.20881075215142,2025
778302,2025-04-16,115,COL,0,119,LAD,1,-5,2,0.0,2025
778287,2025-04-17,115,COL,0,119,LAD,1,-6,3,0.0,2025
778247,2025-04-19,115,COL,1,120,WSH,0,2,2,0.0,2025
778235,2025-04-20,115,COL,1,120,WSH,1,3,3,0.0,2025
778266,2025-04-21,115,COL,1,120,WSH,1,4,4,0.0,2025
778215,2025-04-22,115,COL,0,118,KC,1,-1,1,563.1263805129729,2025
778190,2025-04-24,115,COL,0,118,KC,1,-3,3,0.0,2025
778195,2025-04-24,115,COL,0,118,KC,0,-4,4,0.0,2025
778181,2025-04-26,115,COL,1,113,CIN,2,1,1,563.1263805129729,2025
778161,2025-04-26,115,COL,1,113,CIN,0,2,2,0.0,2025
778148,2025-04-27,115,COL,1,113,CIN,1,3,3,0.0,2025
778137,2025-04-29,115,COL,1,144,ATL,2,4,1,0.0,2025
778102,2025-04-30,115,COL,1,144,ATL,1,5,2,0.0,2025
778120,2025-04-30,115,COL,1,144,ATL,0,6,3,0.0,2025
778098,2025-05-02,115,COL,0,137,SF,2,-1,1,945.5308694116128,2025
778082,2025-05-03,115,COL,0,137,SF,1,-2,2,0.0,2025
778069,2025-05-03,115,COL,0,137,SF,0,-3,3,0.0,2025
778048,2025-05-04,115,COL,0,137,SF,1,-4,4,0.0,2025
778013,2025-05-08,115,COL,1,116,DET,1,2,2,0.0,2025
778004,2025-05-08,115,COL,1,116,DET,0,3,3,0.0,2025
778029,2025-05-08,115,COL,1,116,DET,0,4,4,0.0,2025
777993,2025-05-10,115,COL,1,135,SD,2,5,1,0.0,2025
777955,2025-05-11,115,COL,1,135,SD,1,6,2,0.0,2025
777976,2025-05-11,115,COL,1,135,SD,0,7,3,0.0,2025
777949,2025-05-13,115,COL,0,140,TEX,2,-1,1,654.0900182055016,2025
777934,2025-05-14,115,COL,0,140,TEX,1,-2,2,0.0,2025
777918,2025-05-15,115,COL,0,140,TEX,1,-3,3,0.0,2025
777897,2025-05-17,115,COL,0,109,ARI,2,-4,1,867.9010244338684,2025
777887,2025-05-18,115,COL,0,109,ARI,1,-5,2,0.0,2025
777870,2025-05-18,115,COL,0,109,ARI,0,-6,3,0.0,2025
777852,2025-05-20,115,COL,1,143,PHI,2,1,1,586.1530990190981,2025
777842,2025-05-21,115,COL,1,143,PHI,1,2,2,0.0,2025
777817,2025-05-22,115,COL,1,143,PHI,1,3,3,0.0,2025
777823,2025-05-22,115,COL,1,143,PHI,0,4,4,0.0,2025
777802,2025-05-24,115,COL,1,147,NYY,2,5,1,0.0,2025
777782,2025-05-24,115,COL,1,147,NYY,0,6,2,0.0,2025
777768,2025-05-25,115,COL,1,147,NYY,1,7,3,0.0,2025
777757,2025-05-26,115,COL,0,112,CHC,1,-1,1,917.1571990207435,2025
777751,2025-05-28,115,COL,0,112,CHC,2,-2,2,0.0,2025
777731,2025-05-29,115,COL,0,112,CHC,1,-3,3,0.0,2025
777718,2025-05-30,115,COL,0,121,NYM,1,-4,1,720.1961586455312,2025
777700,2025-05-31,115,COL,0,121,NYM,1,-5,2,0.0,2025
777686,2025-06-01,115,COL,0,121,NYM,1,-6,3,0.0,2025
777673,2025-06-02,115,COL,0,146,MIA,1,-7,1,1097.7414335980382,2025
777666,2025-06-03,115,COL,0,146,MIA,1,-8,2,0.0,2025
777652,2025-06-04,115,COL,0,146,MIA,1,-9,3,0.0,2025
777616,2025-06-07,115,COL,1,121,NYM,3,1,1,1723.9912128319143,2025
777604,2025-06-08,115,COL,1,121,NYM,1,2,2,0.0,2025
777583,2025-06-08,115,COL,1,121,NYM,0,3,3,0.0,2025
777563,2025-06-11,115,COL,1,137,SF,3,4,1,0.0,2025
777547,2025-06-12,115,COL,1,137,SF,1,5,2,0.0,2025
777534,2025-06-12,115,COL,1,137,SF,0,6,3,0.0,2025
777535,2025-06-13,115,COL,0,144,ATL,1,-1,1,1202.1860715929813,2025
777523,2025-06-14,115,COL,0,144,ATL,1,-2,2,0.0,2025
777504,2025-06-15,115,COL,0,144,ATL,1,-3,3,0.0,2025
777488,2025-06-16,115,COL,0,120,WSH,1,-4,1,538.869727266714,2025
777480,2025-06-17,115,COL,0,120,WSH,1,-5,2,0.0,2025
777461,2025-06-18,115,COL,0,120,WSH,1,-6,3,0.0,2025
777445,2025-06-19,115,COL,0,120,WSH,1,-7,4,0.0,2025
777430,2025-06-21,115,COL,1,109,ARI,2,1,1,1491.3129647935543,2025
777410,2025-06-22,115,COL,1,109,ARI,1,2,2,0.0,2025
777399,2025-06-22,115,COL,1,109,ARI,0,3,3,0.0,2025
777379,2025-06-25,115,COL,1,119,LAD,3,4,1,0.0,2025
777344,2025-06-26,115,COL,1,119,LAD,1,5,2,0.0,2025
777358,2025-06-26,115,COL,1,119,LAD,0,6,3,0.0,2025
777339,2025-06-28,115,COL,0,158,MIL,2,-1,1,909.1622358795455,2025
777321,2025-06-28,115,COL,0,158,MIL,0,-2,2,0.0,2025
777301,2025-06-29,115,COL,0,158,MIL,1,-3,3,0.0,2025
777285,2025-07-02,115,COL,1,117,HOU,3,1,1,909.1622358795455,2025
777269,2025-07-03,115,COL,1,117,HOU,1,2,2,0.0,2025
777264,2025-07-03,115,COL,1,117,HOU,0,3,3,0.0,2025
777243,2025-07-05,115,COL,1,145,CWS,2,4,1,0.0,2025
777232,2025-07-06,115,COL,1,145,CWS,1,5,2,0.0,2025
777215,2025-07-06,115,COL,1,145,CWS,0,6,3,0.0,2025
777209,2025-07-07,115,COL,0,111,BOS,1,-1,1,1763.6058000246999,2025
777196,2025-07-08,115,COL,0,111,BOS,1,-2,2,0.0,2025
777179,2025-07-09,115,COL,0,111,BOS,1,-3,3,0.0,2025
777160,2025-07-11,115,COL,0,113,CIN,2,-4,1,736.3670721136276,2025
777140,2025-07-12,115,COL,0,113,CIN,1,-5,2,0.0,2025
777128,2025-07-13,115,COL,0,113,CIN,1,-6,3,0.0,2025
777102,2025-07-19,115,COL,1,142,MIN,6,1,1,1091.971068685176,2025
777080,2025-07-20,115,COL,1,142,MIN,1,2,2,0.0,2025
777072,2025-07-20,115,COL,1,142,MIN,0,3,3,0.0,2025
777053,2025-07-22,115,COL,1,138,STL,2,4,1,0.0,2025
777028,2025-07-23,115,COL,1,138,STL,1,5,2,0.0,2025
777049,2025-07-23,115,COL,1,138,STL,0,6,3,0.0,2025
777020,2025-07-25,115,COL,0,110,BAL,2,-1,1,1506.3093015021614,2025
776999,2025-07-26,115,COL,0,110,BAL,1,-2,2,0.0,2025
776986,2025-07-27,115,COL,0,110,BAL,1,-3,3,0.0,2025
776968,2025-07-28,115,COL,0,114,CLE,1,-4,1,307.1364885665357,2025
776951,2025-07-29,115,COL,0,114,CLE,1,-5,2,0.0,2025
776942,2025-07-30,115,COL,0,114,CLE,1,-6,3,0.0,2025
776919,2025-08-02,115,COL,1,134,PIT,3,1,1,1224.5647941257084,2025
776904,2025-08-02,115,COL,1,134,PIT,0,2,2,0.0,2025
776886,2025-08-03,115,COL,1,134,PIT,1,3,3,0.0,2025
776872,2025-08-05,115,COL,1,141,TOR,2,4,1,0.0,2025
776854,2025-08-06,115,COL,1,141,TOR,1,5,2,0.0,2025
776836,2025-08-06,115,COL,1,141,TOR,0,6,3,0.0,2025
776825,2025-08-09,115,COL,0,109,ARI,3,-1,1,586.1530990190981,2025
776809,2025-08-10,115,COL,0,109,ARI,1,-2,2,0.0,2025
776794,2025-08-10,115,COL,0,109,ARI,0,-3,3,0.0,2025
776783,2025-08-11,115,COL,0,138,STL,1,-4,1,1270.0024589462362,2025
776775,2025-08-12,115,COL,0,138,STL,1,-5,2,0.0,2025
776758,2025-08-13,115,COL,0,138,STL,1,-6,3,0.0,2025
776742,2025-08-15,115,COL,1,109,ARI,2,1,1,795.6297379917951,2025
776730,2025-08-16,115,COL,1,109,ARI,1,2,2,0.0,2025
776715,2025-08-17,115,COL,1,109,ARI,1,3,3,0.0,2025
776701,2025-08-17,115,COL,1,109,ARI,0,4,4,0.0,2025
776693,2025-08-19,115,COL,1,119,LAD,2,5,1,0.0,2025
776671,2025-08-20,115,COL,1,119,LAD,1,6,2,0.0,2025
776660,2025-08-21,115,COL,1,119,LAD,1,7,3,0.0,2025
776644,2025-08-21,115,COL,1,119,LAD,0,8,4,0.0,2025
776637,2025-08-22,115,COL,0,134,PIT,1,-1,1,1317.1736538054608,2025
776632,2025-08-23,115,COL,0,134,PIT,1,-2,2,0.0,2025
776610,2025-08-24,115,COL,0,134,PIT,1,-3,3,0.0,2025
776587,2025-08-27,115,COL,0,117,HOU,3,-4,1,1136.4863341005412,2025
776571,2025-08-28,115,COL,0,117,HOU,1,-5,2,0.0,2025
776555,2025-08-28,115,COL,0,117,HOU,0,-6,3,0.0,2025
776542,2025-08-30,115,COL,1,112,CHC,2,1,1,880.1313551890535,2025
776526,2025-08-31,115,COL,1,112,CHC,1,2,2,0.0,2025
776511,2025-08-31,115,COL,1,112,CHC,0,3,3,0.0,2025
776492,2025-09-01,115,COL,1,137,SF,1,4,1,0.0,2025
776486,2025-09-03,115,COL,1,137,SF,2,5,2,0.0,2025
776467,2025-09-04,115,COL,1,137,SF,1,6,3,0.0,2025
776442,2025-09-06,115,COL,1,135,SD,2,7,1,0.0,2025
776417,2025-09-07,115,COL,1,135,SD,1,8,2,0.0,2025
776431,2025-09-07,115,COL,1,135,SD,0,9,3,0.0,2025
776408,2025-09-09,115,COL,0,119,LAD,2,-1,1,829.208728545356,2025
776389,2025-09-10,115,COL,0,119,LAD,1,-2,2,0.0,2025
776380,2025-09-11,115,COL,0,119,LAD,1,-3,3,0.0,2025
776365,2025-09-12,115,COL,0,135,SD,1,-4,1,113.20881075215142,2025
776357,2025-09-13,115,COL,0,135,SD,1,-5,2,0.0,2025
776341,2025-09-14,115,COL,0,135,SD,1,-6,3,0.0,2025
776323,2025-09-14,115,COL,0,135,SD,0,-7,4,0.0,2025
776293,2025-09-17,115,COL,1,146,MIA,3,1,1,833.4460828296096,2025
776270,2025-09-18,115,COL,1,146,MIA,1,2,2,0.0,2025
776277,2025-09-18,115,COL,1,146,MIA,0,3,3,0.0,2025
776253,2025-09-20,115,COL,1,108,LAA,2,4,1,0.0,2025
776241,2025-09-21,115,COL,1,108,LAA,1,5,2,0.0,2025
776232,2025-09-21,115,COL,1,108,LAA,0,6,3,0.0,2025
776212,2025-09-24,115,COL,0,136,SEA,3,-1,1,1018.269066908343,2025
776194,2025-09-25,115,COL,0,136,SEA,1,-2,2,0.0,2025
776179,2025-09-26,115,COL,0,136,SEA,1,-3,3,0.0,2025
776146,2025-09-27,115,COL,0,137,SF,1,-4,1,678.0468674235019,2025
776166,2025-09-27,115,COL,0,137,SF,0,-5,2,0.0,2025
776137,2025-09-28,115,COL,0,137,SF,1,-6,3,0.0,2025
778546,2025-03-27,116,DET,0,119,LAD,0,-1,1,1978.451620918886,2025
778544,2025-03-29,116,DET,0,119,LAD,2,-2,2,0.0,2025
778533,2025-03-30,116,DET,0,119,LAD,1,-3,3,0.0,2025
778496,2025-04-01,116,DET,0,136,SEA,2,-4,1,957.8545939923275,2025
778486,2025-04-02,116,DET,0,136,SEA,1,-5,2,0.0,2025
778469,2025-04-02,116,DET,0,136,SEA,0,-6,3,0.0,2025
778458,2025-04-04,116,DET,1,145,CWS,2,1,1,1933.051781296917,2025
778445,2025-04-05,116,DET,1,145,CWS,1,2,2,0.0,2025
778433,2025-04-06,116,DET,1,145,CWS,1,3,3,0.0,2025
778424,2025-04-07,116,DET,1,147,NYY,1,4,1,0.0,2025
778403,2025-04-08,116,DET,1,147,NYY,1,5,2,0.0,2025
778387,2025-04-09,116,DET,1,147,NYY,1,6,3,0.0,2025
778363,2025-04-12,116,DET,0,142,MIN,3,-1,1,542.5071369450939,2025
778348,2025-04-12,116,DET,0,142,MIN,0,-2,2,0.0,2025
778335,2025-04-13,116,DET,0,142,MIN,1,-3,3,0.0,2025
778323,2025-04-14,116,DET,0,158,MIL,1,-4,1,296.19869216933046,2025
778310,2025-04-15,116,DET,0,158,MIL,1,-5,2,0.0,2025
778295,2025-04-16,116,DET,0,158,MIL,1,-6,3,0.0,2025
778286,2025-04-17,116,DET,1,118,KC,1,1,1,254.49710853928843,2025
778277,2025-04-18,116,DET,1,118,KC,1,2,2,0.0,2025
778265,2025-04-19,116,DET,1,118,KC,1,3,3,0.0,2025
778246,2025-04-20,116,DET,1,118,KC,1,4,4,0.0,2025
778228,2025-04-21,116,DET,1,135,SD,1,5,1,0.0,2025
778221,2025-04-22,116,DET,1,135,SD,1,6,2,0.0,2025
778209,2025-04-23,116,DET,1,135,SD,1,7,3,0.0,2025
778168,2025-04-26,116,DET,1,110,BAL,1,9,2,0.0,2025
778180,2025-04-26,116,DET,1,110,BAL,0,10,3,0.0,2025
778155,2025-04-27,116,DET,1,110,BAL,1,11,4,0.0,2025
778142,2025-04-29,116,DET,0,117,HOU,2,-1,1,1105.8761830717617,2025
778124,2025-04-30,116,DET,0,117,HOU,1,-2,2,0.0,2025
778110,2025-04-30,116,DET,0,117,HOU,0,-3,3,0.0,2025
778101,2025-05-02,116,DET,0,108,LAA,2,-4,1,1349.4753249039884,2025
778085,2025-05-03,116,DET,0,108,LAA,1,-5,2,0.0,2025
778067,2025-05-04,116,DET,0,108,LAA,1,-6,3,0.0,2025
778050,2025-05-04,116,DET,0,108,LAA,0,-7,4,0.0,2025
778013,2025-05-08,116,DET,0,115,COL,1,-9,2,0.0,2025
778004,2025-05-08,116,DET,0,115,COL,0,-10,3,0.0,2025
778029,2025-05-08,116,DET,0,115,COL,0,-11,4,0.0,2025
777996,2025-05-09,116,DET,1,140,TEX,1,1,1,1154.1426681495122,2025
777987,2025-05-10,116,DET,1,140,TEX,1,2,2,0.0,2025
777969,2025-05-11,116,DET,1,140,TEX,1,3,3,0.0,2025
777951,2025-05-12,116,DET,1,111,BOS,1,4,1,0.0,2025
777940,2025-05-13,116,DET,1,111,BOS,1,5,2,0.0,2025
777927,2025-05-14,116,DET,1,111,BOS,1,6,3,0.0,2025
777906,2025-05-16,116,DET,0,141,TOR,2,-1,1,205.64835449402668,2025
777886,2025-05-17,116,DET,0,141,TOR,1,-2,2,0.0,2025
777871,2025-05-18,116,DET,0,141,TOR,1,-3,3,0.0,2025
777862,2025-05-19,116,DET,0,138,STL,1,-4,1,659.7865181803405,2025
777840,2025-05-20,116,DET,0,138,STL,1,-5,2,0.0,2025
777827,2025-05-21,116,DET,0,138,STL,1,-6,3,0.0,2025
777821,2025-05-22,116,DET,1,114,CLE,1,1,1,454.6400355100436,2025
777807,2025-05-23,116,DET,1,114,CLE,1,2,2,0.0,2025
777796,2025-05-24,116,DET,1,114,CLE,1,3,3,0.0,2025
777780,2025-05-25,116,DET,1,114,CLE,1,4,4,0.0,2025
777770,2025-05-26,116,DET,1,137,SF,1,5,1,0.0,2025
777755,2025-05-27,116,DET,1,137,SF,1,6,2,0.0,2025
777738,2025-05-28,116,DET,1,137,SF,1,7,3,0.0,2025
777711,2025-05-31,116,DET,0,118,KC,3,-1,1,639.8841499405022,2025
777694,2025-05-31,116,DET,0,118,KC,0,-2,2,0.0,2025
777677,2025-06-01,116,DET,0,118,KC,1,-3,3,0.0,2025
777674,2025-06-02,116,DET,0,145,CWS,1,-4,1,407.8477881651946,2025
777661,2025-06-03,116,DET,0,145,CWS,1,-5,2,0.0,2025
777639,2025-06-04,116,DET,0,145,CWS,1,-6,3,0.0,2025
777634,2025-06-05,116,DET,0,145,CWS,1,-7,4,0.0,2025
777626,2025-06-06,116,DET,1,112,CHC,1,1,1,237.7264337126216,2025
777609,2025-06-07,116,DET,1,112,CHC,1,2,2,0.0,2025
777594,2025-06-08,116,DET,1,112,CHC,1,3,3,0.0,2025
777573,2025-06-10,116,DET,0,110,BAL,2,-1,1,396.72723870572077,2025
777562,2025-06-11,116,DET,0,110,BAL,1,-2,2,0.0,2025
777540,2025-06-12,116,DET,0,110,BAL,1,-3,3,0.0,2025
777538,2025-06-13,116,DET,1,113,CIN,1,1,1,396.72723870572077,2025
777517,2025-06-14,116,DET,1,113,CIN,1,2,2,0.0,2025
777505,2025-06-15,116,DET,1,113,CIN,1,3,3,0.0,2025
777475,2025-06-17,116,DET,1,134,PIT,2,4,1,0.0,2025
777451,2025-06-19,116,DET,1,134,PIT,1,6,3,0.0,2025
777464,2025-06-19,116,DET,1,134,PIT,0,7,4,0.0,2025
777431,2025-06-20,116,DET,0,139,TB,1,-1,1,1007.0448721012648,2025
777420,2025-06-21,116,DET,0,139,TB,1,-2,2,0.0,2025
777409,2025-06-22,116,DET,0,139,TB,1,-3,3,0.0,2025
777386,2025-06-24,116,DET,1,133,OAK,2,1,1,1007.0448721012648,2025
777371,2025-06-25,116,DET,1,133,OAK,1,2,2,0.0,2025
777351,2025-06-26,116,DET,1,133,OAK,1,3,3,0.0,2025
777334,2025-06-27,116,DET,1,142,MIN,1,4,1,0.0,2025
777324,2025-06-28,116,DET,1,142,MIN,1,5,2,0.0,2025
777314,2025-06-29,116,DET,1,142,MIN,1,6,3,0.0,2025
777284,2025-07-02,116,DET,0,120,WSH,1,-2,2,0.0,2025
777265,2025-07-02,116,DET,0,120,WSH,0,-3,3,0.0,2025
777258,2025-07-03,116,DET,0,120,WSH,1,-4,4,0.0,2025
777249,2025-07-04,116,DET,0,114,CLE,1,-5,1,306.2397190255103,2025
777240,2025-07-05,116,DET,0,114,CLE,1,-6,2,0.0,2025
777226,2025-07-06,116,DET,0,114,CLE,1,-7,3,0.0,2025
777211,2025-07-07,116,DET,1,139,TB,1,1,1,91.12804978214932,2025
777195,2025-07-08,116,DET,1,139,TB,1,2,2,0.0,2025
777182,2025-07-09,116,DET,1,139,TB,1,3,3,0.0,2025
777161,2025-07-11,116,DET,1,136,SEA,2,4,1,0.0,2025
777145,2025-07-12,116,DET,1,136,SEA,1,5,2,0.0,2025
777121,2025-07-13,116,DET,1,136,SEA,1,6,3,0.0,2025
777098,2025-07-19,116,DET,0,140,TEX,6,-1,1,1012.5081459059959,2025
777088,2025-07-19,116,DET,0,140,TEX,0,-2,2,0.0,2025
777073,2025-07-20,116,DET,0,140,TEX,1,-3,3,0.0,2025
777060,2025-07-21,116,DET,0,134,PIT,1,-4,1,1083.6370651726334,2025
777044,2025-07-22,116,DET,0,134,PIT,1,-5,2,0.0,2025
777029,2025-07-23,116,DET,0,134,PIT,1,-6,3,0.0,2025
777021,2025-07-24,116,DET,1,141,TOR,1,1,1,204.84355160436255,2025
777016,2025-07-25,116,DET,1,141,TOR,1,2,2,0.0,2025
777003,2025-07-26,116,DET,1,141,TOR,1,3,3,0.0,2025
776987,2025-07-27,116,DET,1,141,TOR,1,4,4,0.0,2025
776973,2025-07-28,116,DET,1,109,ARI,1,5,1,0.0,2025
776953,2025-07-29,116,DET,1,109,ARI,1,6,2,0.0,2025
776940,2025-07-30,116,DET,1,109,ARI,1,7,3,0.0,2025
776913,2025-08-01,116,DET,0,143,PHI,2,-1,1,443.15200200788263,2025
776912,2025-08-02,116,DET,0,143,PHI,1,-2,2,0.0,2025
776890,2025-08-03,116,DET,0,143,PHI,1,-3,3,0.0,2025
776874,2025-08-04,116,DET,1,142,MIN,1,1,1,443.15200200788263,2025
776861,2025-08-05,116,DET,1,142,MIN,1,2,2,0.0,2025
776859,2025-08-06,116,DET,1,142,MIN,1,3,3,0.0,2025
776832,2025-08-08,116,DET,1,108,LAA,2,4,1,0.0,2025
776813,2025-08-09,116,DET,1,108,LAA,1,5,2,0.0,2025
776806,2025-08-10,116,DET,1,108,LAA,1,6,3,0.0,2025
776781,2025-08-11,116,DET,0,145,CWS,1,-1,1,237.7264337126216,2025
776773,2025-08-12,116,DET,0,145,CWS,1,-2,2,0.0,2025
776754,2025-08-13,116,DET,0,145,CWS,1,-3,3,0.0,2025
776744,2025-08-14,116,DET,0,142,MIN,1,-4,1,357.20870712294794,2025
776732,2025-08-16,116,DET,0,142,MIN,2,-5,2,0.0,2025
776716,2025-08-16,116,DET,0,142,MIN,0,-6,3,0.0,2025
776700,2025-08-17,116,DET,0,142,MIN,1,-7,4,0.0,2025
776692,2025-08-18,116,DET,1,117,HOU,1,1,1,542.5071369450939,2025
776685,2025-08-19,116,DET,1,117,HOU,1,2,2,0.0,2025
776673,2025-08-20,116,DET,1,117,HOU,1,3,3,0.0,2025
776649,2025-08-22,116,DET,1,118,KC,2,4,1,0.0,2025
776625,2025-08-23,116,DET,1,118,KC,1,5,2,0.0,2025
776615,2025-08-24,116,DET,1,118,KC,1,6,3,0.0,2025
776590,2025-08-26,116,DET,0,133,OAK,2,-1,1,2076.502664481492,2025
776573,2025-08-27,116,DET,0,133,OAK,1,-2,2,0.0,2025
776559,2025-08-28,116,DET,0,133,OAK,1,-3,3,0.0,2025
776540,2025-08-30,116,DET,0,118,KC,2,-4,1,1497.929836668995,2025
776528,2025-08-30,116,DET,0,118,KC,0,-5,2,0.0,2025
776512,2025-08-31,116,DET,0,118,KC,1,-6,3,0.0,2025
776501,2025-09-01,116,DET,1,121,NYM,1,1,1,639.8841499405022,2025
776490,2025-09-02,116,DET,1,121,NYM,1,2,2,0.0,2025
776478,2025-09-03,116,DET,1,121,NYM,1,3,3,0.0,2025
776452,2025-09-05,116,DET,1,145,CWS,2,4,1,0.0,2025
776435,2025-09-06,116,DET,1,145,CWS,1,5,2,0.0,2025
776425,2025-09-07,116,DET,1,145,CWS,1,6,3,0.0,2025
776398,2025-09-09,116,DET,0,147,NYY,2,-1,1,482.6121717715705,2025
776383,2025-09-10,116,DET,0,147,NYY,1,-2,2,0.0,2025
776368,2025-09-11,116,DET,0,147,NYY,1,-3,3,0.0,2025
776366,2025-09-12,116,DET,0,146,MIA,1,-4,1,1100.8862542043641,2025
776347,2025-09-13,116,DET,0,146,MIA,1,-5,2,0.0,2025
776332,2025-09-14,116,DET,0,146,MIA,1,-6,3,0.0,2025
776303,2025-09-16,116,DET,1,114,CLE,2,1,1,1155.530357030567,2025
776296,2025-09-17,116,DET,1,114,CLE,1,2,2,0.0,2025
776275,2025-09-18,116,DET,1,114,CLE,1,3,3,0.0,2025
776268,2025-09-19,116,DET,1,144,ATL,1,4,1,0.0,2025
776258,2025-09-20,116,DET,1,144,ATL,1,5,2,0.0,2025
776238,2025-09-21,116,DET,1,144,ATL,1,6,3,0.0,2025
776218,2025-09-23,116,DET,0,114,CLE,2,-1,1,91.12804978214932,2025
776204,2025-09-24,116,DET,0,114,CLE,1,-2,2,0.0,2025
776189,2025-09-25,116,DET,0,114,CLE,1,-3,3,0.0,2025
776181,2025-09-26,116,DET,0,111,BOS,1,-4,1,547.1609370940174,2025
776157,2025-09-27,116,DET,0,111,BOS,1,-5,2,0.0,2025
776151,2025-09-28,116,DET,0,111,BOS,1,-6,3,0.0,2025
778559,2025-03-27,117,HOU,1,121,NYM,0,1,1,0.0,2025
778518,2025-03-29,117,HOU,1,121,NYM,2,2,2,0.0,2025
778530,2025-03-29,117,HOU,1,121,NYM,0,3,3,0.0,2025
778505,2025-04-01,117,HOU,1,137,SF,3,4,1,0.0,2025
778489,2025-04-02,117,HOU,1,137,SF,1,5,2,0.0,2025
778475,2025-04-02,117,HOU,1,137,SF,0,6,3,0.0,2025
778462,2025-04-03,117,HOU,0,142,MIN,1,-1,1,1058.038361560939,2025
778440,2025-04-05,117,HOU,0,142,MIN,2,-2,2,0.0,2025
778419,2025-04-06,117,HOU,0,142,MIN,1,-3,3,0.0,2025
778405,2025-04-08,117,HOU,0,136,SEA,2,-4,1,1390.7389323897291,2025
778398,2025-04-09,117,HOU,0,136,SEA,1,-5,2,0.0,2025
778383,2025-04-09,117,HOU,0,136,SEA,0,-6,3,0.0,2025
778368,2025-04-12,117,HOU,1,108,LAA,3,1,1,1889.6158526975785,2025
778351,2025-04-12,117,HOU,1,108,LAA,0,2,2,0.0,2025
778329,2025-04-13,117,HOU,1,108,LAA,1,3,3,0.0,2025
778325,2025-04-14,117,HOU,0,138,STL,1,-1,1,679.6187265786498,2025
778308,2025-04-15,117,HOU,0,138,STL,1,-2,2,0.0,2025
778290,2025-04-16,117,HOU,0,138,STL,1,-3,3,0.0,2025
778259,2025-04-19,117,HOU,1,135,SD,3,1,1,679.6187265786498,2025
778269,2025-04-19,117,HOU,1,135,SD,0,2,2,0.0,2025
778237,2025-04-20,117,HOU,1,135,SD,1,3,3,0.0,2025
778231,2025-04-22,117,HOU,1,141,TOR,2,4,1,0.0,2025
778217,2025-04-23,117,HOU,1,141,TOR,1,5,2,0.0,2025
778200,2025-04-23,117,HOU,1,141,TOR,0,6,3,0.0,2025
778187,2025-04-25,117,HOU,0,118,KC,2,-1,1,644.1456886709294,2025
778167,2025-04-26,117,HOU,0,118,KC,1,-2,2,0.0,2025
778152,2025-04-27,117,HOU,0,118,KC,1,-3,3,0.0,2025
778142,2025-04-29,117,HOU,1,116,DET,2,1,1,644.1456886709294,2025
778110,2025-04-30,117,HOU,1,116,DET,1,2,2,0.0,2025
778124,2025-04-30,117,HOU,1,116,DET,0,3,3,0.0,2025
778079,2025-05-02,117,HOU,0,145,CWS,2,-1,1,938.7707116803103,2025
778066,2025-05-03,117,HOU,0,145,CWS,1,-2,2,0.0,2025
778055,2025-05-04,117,HOU,0,145,CWS,1,-3,3,0.0,2025
778042,2025-05-05,117,HOU,0,158,MIL,1,-4,1,84.55513154711521,2025
778031,2025-05-06,117,HOU,0,158,MIL,1,-5,2,0.0,2025
778015,2025-05-07,117,HOU,0,158,MIL,1,-6,3,0.0,2025
777979,2025-05-10,117,HOU,1,113,CIN,3,1,1,1003.7248757818593,2025
777989,2025-05-10,117,HOU,1,113,CIN,0,2,2,0.0,2025
777963,2025-05-11,117,HOU,1,113,CIN,1,3,3,0.0,2025
777948,2025-05-13,117,HOU,1,118,KC,2,4,1,0.0,2025
777931,2025-05-14,117,HOU,1,118,KC,1,5,2,0.0,2025
777920,2025-05-15,117,HOU,1,118,KC,1,6,3,0.0,2025
777910,2025-05-16,117,HOU,0,140,TEX,1,-1,1,230.66355960201378,2025
777895,2025-05-17,117,HOU,0,140,TEX,1,-2,2,0.0,2025
777882,2025-05-17,117,HOU,0,140,TEX,0,-3,3,0.0,2025
777869,2025-05-18,117,HOU,0,140,TEX,1,-4,4,0.0,2025
777858,2025-05-19,117,HOU,0,139,TB,1,-5,1,926.4398070486983,2025
777848,2025-05-20,117,HOU,0,139,TB,1,-6,2,0.0,2025
777832,2025-05-21,117,HOU,0,139,TB,1,-7,3,0.0,2025
777822,2025-05-23,117,HOU,1,136,SEA,2,1,1,781.1406098722147,2025
777800,2025-05-24,117,HOU,1,136,SEA,1,2,2,0.0,2025
777787,2025-05-24,117,HOU,1,136,SEA,0,3,3,0.0,2025
777774,2025-05-25,117,HOU,1,136,SEA,1,4,4,0.0,2025
777752,2025-05-28,117,HOU,1,133,OAK,3,5,1,0.0,2025
777734,2025-05-28,117,HOU,1,133,OAK,0,6,2,0.0,2025
777725,2025-05-30,117,HOU,1,139,TB,2,7,1,0.0,2025
777714,2025-05-31,117,HOU,1,139,TB,1,8,2,0.0,2025
777693,2025-05-31,117,HOU,1,139,TB,0,9,3,0.0,2025
777690,2025-06-01,117,HOU,1,139,TB,1,10,4,0.0,2025
777663,2025-06-03,117,HOU,0,134,PIT,2,-1,1,1136.4863341005412,2025
777648,2025-06-04,117,HOU,0,134,PIT,1,-2,2,0.0,2025
777630,2025-06-05,117,HOU,0,134,PIT,1,-3,3,0.0,2025
777622,2025-06-06,117,HOU,0,114,CLE,1,-4,1,113.72517024270446,2025
777608,2025-06-07,117,HOU,0,114,CLE,1,-5,2,0.0,2025
777591,2025-06-08,117,HOU,0,114,CLE,1,-6,3,0.0,2025
777567,2025-06-11,117,HOU,1,145,CWS,3,1,1,1114.100496699443,2025
777550,2025-06-12,117,HOU,1,145,CWS,1,2,2,0.0,2025
777546,2025-06-13,117,HOU,1,145,CWS,1,3,3,0.0,2025
777510,2025-06-14,117,HOU,1,142,MIN,1,4,1,0.0,2025
777527,2025-06-14,117,HOU,1,142,MIN,0,5,2,0.0,2025
777494,2025-06-15,117,HOU,1,142,MIN,1,6,3,0.0,2025
777485,2025-06-17,117,HOU,0,133,OAK,2,-1,1,1631.2403491139823,2025
777469,2025-06-18,117,HOU,0,133,OAK,1,-2,2,0.0,2025
777456,2025-06-19,117,HOU,0,133,OAK,1,-3,3,0.0,2025
777441,2025-06-20,117,HOU,0,133,OAK,1,-4,4,0.0,2025
777428,2025-06-21,117,HOU,0,108,LAA,1,-5,1,364.7793033141838,2025
777397,2025-06-22,117,HOU,0,108,LAA,1,-6,2,0.0,2025
777414,2025-06-22,117,HOU,0,108,LAA,0,-7,3,0.0,2025
777377,2025-06-25,117,HOU,1,143,PHI,3,1,1,1349.4753249039884,2025
777350,2025-06-26,117,HOU,1,143,PHI,1,2,2,0.0,2025
777366,2025-06-26,117,HOU,1,143,PHI,0,3,3,0.0,2025
777336,2025-06-28,117,HOU,1,112,CHC,2,4,1,0.0,2025
777320,2025-06-28,117,HOU,1,112,CHC,0,5,2,0.0,2025
777308,2025-06-29,117,HOU,1,112,CHC,1,6,3,0.0,2025
777285,2025-07-02,117,HOU,0,115,COL,3,-1,1,880.1313551890535,2025
777269,2025-07-03,117,HOU,0,115,COL,1,-2,2,0.0,2025
777264,2025-07-03,117,HOU,0,115,COL,0,-3,3,0.0,2025
777235,2025-07-05,117,HOU,0,119,LAD,2,-4,1,829.208728545356,2025
777221,2025-07-05,117,HOU,0,119,LAD,0,-5,2,0.0,2025
777206,2025-07-06,117,HOU,0,119,LAD,1,-6,3,0.0,2025
777202,2025-07-08,117,HOU,1,114,CLE,2,1,1,1371.826913752917,2025
777192,2025-07-09,117,HOU,1,114,CLE,1,2,2,0.0,2025
777174,2025-07-10,117,HOU,1,114,CLE,1,3,3,0.0,2025
777154,2025-07-12,117,HOU,1,140,TEX,2,4,1,0.0,2025
777137,2025-07-12,117,HOU,1,140,TEX,0,5,2,0.0,2025
777125,2025-07-13,117,HOU,1,140,TEX,1,6,3,0.0,2025
777099,2025-07-19,117,HOU,0,136,SEA,6,-1,1,1889.6158526975785,2025
777086,2025-07-20,117,HOU,0,136,SEA,1,-2,2,0.0,2025
777067,2025-07-20,117,HOU,0,136,SEA,0,-3,3,0.0,2025
777055,2025-07-22,117,HOU,0,109,ARI,2,-4,1,1114.0691793592323,2025
777040,2025-07-23,117,HOU,0,109,ARI,1,-5,2,0.0,2025
777032,2025-07-23,117,HOU,0,109,ARI,0,-6,3,0.0,2025
777025,2025-07-25,117,HOU,1,133,OAK,2,1,1,1014.6732943333567,2025
777007,2025-07-26,117,HOU,1,133,OAK,1,2,2,0.0,2025
776991,2025-07-26,117,HOU,1,133,OAK,0,3,3,0.0,2025
776976,2025-07-27,117,HOU,1,133,OAK,1,4,4,0.0,2025
776969,2025-07-29,117,HOU,1,120,WSH,2,5,1,0.0,2025
776950,2025-07-30,117,HOU,1,120,WSH,1,6,2,0.0,2025
776937,2025-07-30,117,HOU,1,120,WSH,0,7,3,0.0,2025
776922,2025-08-01,117,HOU,0,111,BOS,2,-1,1,1601.3745489627004,2025
776909,2025-08-02,117,HOU,0,111,BOS,1,-2,2,0.0,2025
776895,2025-08-03,117,HOU,0,111,BOS,1,-3,3,0.0,2025
776875,2025-08-04,117,HOU,0,146,MIA,1,-4,1,1256.446953803624,2025
776862,2025-08-05,117,HOU,0,146,MIA,1,-5,2,0.0,2025
776849,2025-08-06,117,HOU,0,146,MIA,1,-6,3,0.0,2025
776835,2025-08-08,117,HOU,0,147,NYY,2,-7,1,1100.8862542043641,2025
776815,2025-08-09,117,HOU,0,147,NYY,1,-8,2,0.0,2025
776797,2025-08-10,117,HOU,0,147,NYY,1,-9,3,0.0,2025
776782,2025-08-12,117,HOU,1,111,BOS,2,1,1,1424.3629806468848,2025
776753,2025-08-13,117,HOU,1,111,BOS,1,2,2,0.0,2025
776769,2025-08-13,117,HOU,1,111,BOS,0,3,3,0.0,2025
776733,2025-08-16,117,HOU,1,110,BAL,3,4,1,0.0,2025
776722,2025-08-16,117,HOU,1,110,BAL,0,5,2,0.0,2025
776705,2025-08-17,117,HOU,1,110,BAL,1,6,3,0.0,2025
776692,2025-08-18,117,HOU,0,116,DET,1,-1,1,1105.8761830717617,2025
776685,2025-08-19,117,HOU,0,116,DET,1,-2,2,0.0,2025
776673,2025-08-20,117,HOU,0,116,DET,1,-3,3,0.0,2025
776655,2025-08-21,117,HOU,0,110,BAL,1,-4,1,396.72723870572077,2025
776643,2025-08-22,117,HOU,0,110,BAL,1,-5,2,0.0,2025
776629,2025-08-23,117,HOU,0,110,BAL,1,-6,3,0.0,2025
776612,2025-08-24,117,HOU,0,110,BAL,1,-7,4,0.0,2025
776587,2025-08-27,117,HOU,1,115,COL,3,1,1,1249.46334342378,2025
776571,2025-08-28,117,HOU,1,115,COL,1,2,2,0.0,2025
776555,2025-08-28,117,HOU,1,115,COL,0,3,3,0.0,2025
776543,2025-08-30,117,HOU,1,108,LAA,2,4,1,0.0,2025
776531,2025-08-30,117,HOU,1,108,LAA,0,5,2,0.0,2025
776510,2025-08-31,117,HOU,1,108,LAA,1,6,3,0.0,2025
776499,2025-09-01,117,HOU,1,108,LAA,1,7,4,0.0,2025
776489,2025-09-03,117,HOU,1,147,NYY,2,8,1,0.0,2025
776464,2025-09-04,117,HOU,1,147,NYY,1,9,2,0.0,2025
776472,2025-09-04,117,HOU,1,147,NYY,0,10,3,0.0,2025
776449,2025-09-06,117,HOU,0,140,TEX,2,-1,1,230.66355960201378,2025
776432,2025-09-06,117,HOU,0,140,TEX,0,-2,2,0.0,2025
776418,2025-09-07,117,HOU,0,140,TEX,1,-3,3,0.0,2025
776393,2025-09-09,117,HOU,0,141,TOR,2,-4,1,1216.0025005666878,2025
776385,2025-09-10,117,HOU,0,141,TOR,1,-5,2,0.0,2025
776369,2025-09-11,117,HOU,0,141,TOR,1,-6,3,0.0,2025
776360,2025-09-12,117,HOU,0,144,ATL,1,-7,1,726.7999515006941,2025
776346,2025-09-13,117,HOU,0,144,ATL,1,-8,2,0.0,2025
776329,2025-09-14,117,HOU,0,144,ATL,1,-9,3,0.0,2025
776319,2025-09-16,117,HOU,1,140,TEX,2,1,1,699.6088123085705,2025
776301,2025-09-17,117,HOU,1,140,TEX,1,2,2,0.0,2025
776292,2025-09-18,117,HOU,1,140,TEX,1,3,3,0.0,2025
776262,2025-09-20,117,HOU,1,136,SEA,2,4,1,0.0,2025
776248,2025-09-20,117,HOU,1,136,SEA,0,5,2,0.0,2025
776228,2025-09-21,117,HOU,1,136,SEA,1,6,3,0.0,2025
776208,2025-09-24,117,HOU,0,133,OAK,3,-1,1,1631.2403491139823,2025
776182,2025-09-25,117,HOU,0,133,OAK,1,-2,2,0.0,2025
776195,2025-09-25,117,HOU,0,133,OAK,0,-3,3,0.0,2025
776169,2025-09-27,117,HOU,0,108,LAA,2,-4,1,364.7793033141838,2025
776155,2025-09-28,117,HOU,0,108,LAA,1,-5,2,0.0,2025
776135,2025-09-28,117,HOU,0,108,LAA,0,-6,3,0.0,2025
778558,2025-03-27,118,KC,1,114,CLE,0,1,1,0.0,2025
778529,2025-03-29,118,KC,1,114,CLE,2,2,2,0.0,2025
778510,2025-03-30,118,KC,1,114,CLE,1,3,3,0.0,2025
778504,2025-03-31,118,KC,0,158,MIL,1,-1,1,436.30833378546873,2025
778488,2025-04-01,118,KC,0,158,MIL,1,-2,2,0.0,2025
778477,2025-04-02,118,KC,0,158,MIL,1,-3,3,0.0,2025
778455,2025-04-04,118,KC,1,110,BAL,2,1,1,436.30833378546873,2025
778441,2025-04-05,118,KC,1,110,BAL,1,2,2,0.0,2025
778422,2025-04-06,118,KC,1,110,BAL,1,3,3,0.0,2025
778412,2025-04-07,118,KC,1,142,MIN,1,4,1,0.0,2025
778400,2025-04-08,118,KC,1,142,MIN,1,5,2,0.0,2025
778388,2025-04-09,118,KC,1,142,MIN,1,6,3,0.0,2025
778373,2025-04-10,118,KC,1,142,MIN,1,7,4,0.0,2025
778375,2025-04-11,118,KC,0,114,CLE,1,-1,1,694.6429853897519,2025
778359,2025-04-12,118,KC,0,114,CLE,1,-2,2,0.0,2025
778342,2025-04-13,118,KC,0,114,CLE,1,-3,3,0.0,2025
778327,2025-04-14,118,KC,0,147,NYY,1,-4,1,406.0987517437095,2025
778312,2025-04-15,118,KC,0,147,NYY,1,-5,2,0.0,2025
778300,2025-04-16,118,KC,0,147,NYY,1,-6,3,0.0,2025
778286,2025-04-17,118,KC,0,116,DET,1,-7,1,482.6121717715705,2025
778277,2025-04-18,118,KC,0,116,DET,1,-8,2,0.0,2025
778265,2025-04-19,118,KC,0,116,DET,1,-9,3,0.0,2025
778246,2025-04-20,118,KC,0,116,DET,1,-10,4,0.0,2025
778215,2025-04-22,118,KC,1,115,COL,2,1,1,639.8841499405022,2025
778190,2025-04-24,118,KC,1,115,COL,1,3,3,0.0,2025
778195,2025-04-24,118,KC,1,115,COL,0,4,4,0.0,2025
778187,2025-04-25,118,KC,1,117,HOU,1,5,1,0.0,2025
778167,2025-04-26,118,KC,1,117,HOU,1,6,2,0.0,2025
778152,2025-04-27,118,KC,1,117,HOU,1,7,3,0.0,2025
778128,2025-04-29,118,KC,0,139,TB,2,-1,1,1034.03926539089,2025
778113,2025-04-30,118,KC,0,139,TB,1,-2,2,0.0,2025
778097,2025-05-01,118,KC,0,139,TB,1,-3,3,0.0,2025
778093,2025-05-02,118,KC,0,110,BAL,1,-4,1,867.6749708982579,2025
778072,2025-05-03,118,KC,0,110,BAL,1,-5,2,0.0,2025
778062,2025-05-04,118,KC,0,110,BAL,1,-6,3,0.0,2025
778043,2025-05-05,118,KC,1,145,CWS,1,1,1,955.2837530445377,2025
778033,2025-05-06,118,KC,1,145,CWS,1,2,2,0.0,2025
778012,2025-05-07,118,KC,1,145,CWS,1,3,3,0.0,2025
778008,2025-05-08,118,KC,1,145,CWS,1,4,4,0.0,2025
777990,2025-05-09,118,KC,1,111,BOS,1,5,1,0.0,2025
777977,2025-05-10,118,KC,1,111,BOS,1,6,2,0.0,2025
777965,2025-05-11,118,KC,1,111,BOS,1,7,3,0.0,2025
777948,2025-05-13,118,KC,0,117,HOU,2,-1,1,644.1456886709294,2025
777931,2025-05-14,118,KC,0,117,HOU,1,-2,2,0.0,2025
777920,2025-05-15,118,KC,0,117,HOU,1,-3,3,0.0,2025
777901,2025-05-16,118,KC,1,138,STL,1,1,1,644.1456886709294,2025
777885,2025-05-17,118,KC,1,138,STL,1,2,2,0.0,2025
777864,2025-05-18,118,KC,1,138,STL,1,3,3,0.0,2025
777855,2025-05-20,118,KC,0,137,SF,2,-1,1,1507.6255221148479,2025
777819,2025-05-21,118,KC,0,137,SF,1,-2,2,0.0,2025
777836,2025-05-21,118,KC,0,137,SF,0,-3,3,0.0,2025
777799,2025-05-24,118,KC,0,142,MIN,3,-4,1,1579.295057576871,2025
777788,2025-05-24,118,KC,0,142,MIN,0,-5,2,0.0,2025
777772,2025-05-25,118,KC,0,142,MIN,1,-6,3,0.0,2025
777760,2025-05-26,118,KC,1,113,CIN,1,1,1,414.3585559282368,2025
777750,2025-05-27,118,KC,1,113,CIN,1,2,2,0.0,2025
777733,2025-05-28,118,KC,1,113,CIN,1,3,3,0.0,2025
777711,2025-05-31,118,KC,1,116,DET,3,4,1,0.0,2025
777694,2025-05-31,118,KC,1,116,DET,0,5,2,0.0,2025
777677,2025-06-01,118,KC,1,116,DET,1,6,3,0.0,2025
777660,2025-06-03,118,KC,0,138,STL,2,-1,1,232.6374617718515,2025
777642,2025-06-05,118,KC,0,138,STL,1,-3,3,0.0,2025
777635,2025-06-05,118,KC,0,138,STL,0,-4,4,0.0,2025
777618,2025-06-06,118,KC,0,145,CWS,1,-5,1,259.4675939691297,2025
777606,2025-06-07,118,KC,0,145,CWS,1,-6,2,0.0,2025
777590,2025-06-08,118,KC,0,145,CWS,1,-7,3,0.0,2025
777572,2025-06-10,118,KC,1,147,NYY,2,1,1,407.8477881651946,2025
777551,2025-06-11,118,KC,1,147,NYY,1,2,2,0.0,2025
777536,2025-06-12,118,KC,1,147,NYY,1,3,3,0.0,2025
777511,2025-06-14,118,KC,1,133,OAK,2,4,1,0.0,2025
777529,2025-06-14,118,KC,1,133,OAK,0,5,2,0.0,2025
777496,2025-06-15,118,KC,1,133,OAK,1,6,3,0.0,2025
777468,2025-06-18,118,KC,0,140,TEX,3,-1,1,459.01779323801827,2025
777460,2025-06-19,118,KC,0,140,TEX,1,-2,2,0.0,2025
777443,2025-06-19,118,KC,0,140,TEX,0,-3,3,0.0,2025
777426,2025-06-21,118,KC,0,135,SD,2,-4,1,1165.0786259258875,2025
777413,2025-06-21,118,KC,0,135,SD,0,-5,2,0.0,2025
777396,2025-06-22,118,KC,0,135,SD,1,-6,3,0.0,2025
777378,2025-06-24,118,KC,1,139,TB,2,1,1,1338.8342274624279,2025
777359,2025-06-25,118,KC,1,139,TB,1,2,2,0.0,2025
777353,2025-06-26,118,KC,1,139,TB,1,3,3,0.0,2025
777335,2025-06-28,118,KC,1,119,LAD,2,4,1,0.0,2025
777319,2025-06-28,118,KC,1,119,LAD,0,5,2,0.0,2025
777304,2025-06-29,118,KC,1,119,LAD,1,6,3,0.0,2025
777297,2025-07-01,118,KC,0,136,SEA,2,-1,1,1508.929102213115,2025
777281,2025-07-02,118,KC,0,136,SEA,1,-2,2,0.0,2025
777262,2025-07-03,118,KC,0,136,SEA,1,-3,3,0.0,2025
777251,2025-07-04,118,KC,0,136,SEA,1,-4,4,0.0,2025
777248,2025-07-05,118,KC,0,109,ARI,1,-5,1,1114.0691793592323,2025
777234,2025-07-05,118,KC,0,109,ARI,0,-6,2,0.0,2025
777218,2025-07-06,118,KC,0,109,ARI,1,-7,3,0.0,2025
777204,2025-07-07,118,KC,1,134,PIT,1,1,1,1051.5706596300413,2025
777194,2025-07-08,118,KC,1,134,PIT,1,2,2,0.0,2025
777177,2025-07-09,118,KC,1,134,PIT,1,3,3,0.0,2025
777151,2025-07-12,118,KC,1,121,NYM,3,4,1,0.0,2025
777136,2025-07-12,118,KC,1,121,NYM,0,5,2,0.0,2025
777124,2025-07-13,118,KC,1,121,NYM,1,6,3,0.0,2025
777109,2025-07-18,118,KC,0,146,MIA,5,-1,1,1235.0191699656941,2025
777093,2025-07-19,118,KC,0,146,MIA,1,-2,2,0.0,2025
777082,2025-07-20,118,KC,0,146,MIA,1,-3,3,0.0,2025
777065,2025-07-22,118,KC,0,112,CHC,2,-4,1,1194.7816200111963,2025
777047,2025-07-23,118,KC,0,112,CHC,1,-5,2,0.0,2025
777031,2025-07-23,118,KC,0,112,CHC,0,-6,3,0.0,2025
777010,2025-07-26,118,KC,1,114,CLE,0,2,2,0.0,2025
776990,2025-07-26,118,KC,1,114,CLE,0,3,3,0.0,2025
776975,2025-07-27,118,KC,1,114,CLE,1,4,4,0.0,2025
776971,2025-07-28,118,KC,1,144,ATL,1,5,1,0.0,2025
776955,2025-07-29,118,KC,1,144,ATL,1,6,2,0.0,2025
776936,2025-07-30,118,KC,1,144,ATL,1,7,3,0.0,2025
776920,2025-08-01,118,KC,0,141,TOR,2,-1,1,843.0534764751171,2025
776900,2025-08-02,118,KC,0,141,TOR,1,-2,2,0.0,2025
776893,2025-08-03,118,KC,0,141,TOR,1,-3,3,0.0,2025
776880,2025-08-04,118,KC,0,111,BOS,1,-4,1,428.32913029317257,2025
776864,2025-08-05,118,KC,0,111,BOS,1,-5,2,0.0,2025
776856,2025-08-06,118,KC,0,111,BOS,1,-6,3,0.0,2025
776827,2025-08-09,118,KC,0,142,MIN,3,-7,1,1119.9102367149933,2025
776816,2025-08-09,118,KC,0,142,MIN,0,-8,2,0.0,2025
776796,2025-08-10,118,KC,0,142,MIN,1,-9,3,0.0,2025
776784,2025-08-11,118,KC,1,120,WSH,1,1,1,414.3585559282368,2025
776770,2025-08-12,118,KC,1,120,WSH,1,2,2,0.0,2025
776759,2025-08-13,118,KC,1,120,WSH,1,3,3,0.0,2025
776728,2025-08-16,118,KC,1,145,CWS,3,4,1,0.0,2025
776712,2025-08-16,118,KC,1,145,CWS,0,5,2,0.0,2025
776702,2025-08-17,118,KC,1,145,CWS,1,6,3,0.0,2025
776690,2025-08-18,118,KC,1,140,TEX,1,7,1,0.0,2025
776675,2025-08-19,118,KC,1,140,TEX,1,8,2,0.0,2025
776666,2025-08-20,118,KC,1,140,TEX,1,9,3,0.0,2025
776657,2025-08-21,118,KC,1,140,TEX,1,10,4,0.0,2025
776649,2025-08-22,118,KC,0,116,DET,1,-1,1,639.8841499405022,2025
776625,2025-08-23,118,KC,0,116,DET,1,-2,2,0.0,2025
776615,2025-08-24,118,KC,0,116,DET,1,-3,3,0.0,2025
776599,2025-08-25,118,KC,0,145,CWS,1,-4,1,237.7264337126216,2025
776583,2025-08-26,118,KC,0,145,CWS,1,-5,2,0.0,2025
776569,2025-08-27,118,KC,0,145,CWS,1,-6,3,0.0,2025
776540,2025-08-30,118,KC,1,116,DET,3,1,1,407.8477881651946,2025
776528,2025-08-30,118,KC,1,116,DET,0,2,2,0.0,2025
776512,2025-08-31,118,KC,1,116,DET,1,3,3,0.0,2025
776488,2025-09-02,118,KC,1,108,LAA,2,4,1,0.0,2025
776466,2025-09-03,118,KC,1,108,LAA,1,5,2,0.0,2025
776463,2025-09-04,118,KC,1,108,LAA,1,6,3,0.0,2025
776446,2025-09-05,118,KC,1,142,MIN,1,7,1,0.0,2025
776434,2025-09-06,118,KC,1,142,MIN,1,8,2,0.0,2025
776422,2025-09-07,118,KC,1,142,MIN,1,9,3,0.0,2025
776413,2025-09-08,118,KC,0,114,CLE,1,-1,1,694.6429853897519,2025
776403,2025-09-09,118,KC,0,114,CLE,1,-2,2,0.0,2025
776382,2025-09-10,118,KC,0,114,CLE,1,-3,3,0.0,2025
776370,2025-09-11,118,KC,0,114,CLE,1,-4,4,0.0,2025
776354,2025-09-12,118,KC,0,143,PHI,1,-5,1,358.6103362183685,2025
776342,2025-09-13,118,KC,0,143,PHI,1,-6,2,0.0,2025
776334,2025-09-14,118,KC,0,143,PHI,1,-7,3,0.0,2025
776302,2025-09-16,118,KC,1,136,SEA,2,1,1,1029.7550407478475,2025
776289,2025-09-17,118,KC,1,136,SEA,1,2,2,0.0,2025
776272,2025-09-18,118,KC,1,136,SEA,1,3,3,0.0,2025
776260,2025-09-19,118,KC,1,141,TOR,1,4,1,0.0,2025
776245,2025-09-20,118,KC,1,141,TOR,1,5,2,0.0,2025
776229,2025-09-21,118,KC,1,141,TOR,1,6,3,0.0,2025
776207,2025-09-24,118,KC,0,108,LAA,3,-1,1,1346.5044522382782,2025
776197,2025-09-25,118,KC,0,108,LAA,1,-2,2,0.0,2025
776178,2025-09-26,118,KC,0,108,LAA,1,-3,3,0.0,2025
776172,2025-09-27,118,KC,0,133,OAK,1,-4,1,364.7793033141838,2025
776154,2025-09-28,118,KC,0,133,OAK,1,-5,2,0.0,2025
776138,2025-09-28,118,KC,0,133,OAK,0,-6,3,0.0,2025
778563,2025-03-18,119,LAD,0,112,CHC,0,-1,1,1740.9215479584495,2025
778564,2025-03-19,119,LAD,0,112,CHC,1,-2,2,0.0,2025
778546,2025-03-27,119,LAD,1,116,DET,8,1,1,1740.9215479584495,2025
778544,2025-03-29,119,LAD,1,116,DET,2,2,2,0.0,2025
778533,2025-03-30,119,LAD,1,116,DET,1,3,3,0.0,2025
778500,2025-04-01,119,LAD,1,144,ATL,2,4,1,0.0,2025
778487,2025-04-02,119,LAD,1,144,ATL,1,5,2,0.0,2025
778472,2025-04-03,119,LAD,1,144,ATL,1,6,3,0.0,2025
778459,2025-04-04,119,LAD,0,143,PHI,1,-1,1,2387.7509871644193,2025
778448,2025-04-05,119,LAD,0,143,PHI,1,-2,2,0.0,2025
778434,2025-04-06,119,LAD,0,143,PHI,1,-3,3,0.0,2025
778418,2025-04-07,119,LAD,0,120,WSH,1,-4,1,121.48691857607562,2025
778409,2025-04-08,119,LAD,0,120,WSH,1,-5,2,0.0,2025
778392,2025-04-09,119,LAD,0,120,WSH,1,-6,3,0.0,2025
778356,2025-04-12,119,LAD,1,112,CHC,3,1,1,2295.2946229797176,2025
778345,2025-04-13,119,LAD,1,112,CHC,1,2,2,0.0,2025
778331,2025-04-13,119,LAD,1,112,CHC,0,3,3,0.0,2025
778326,2025-04-15,119,LAD,1,115,COL,2,4,1,0.0,2025
778302,2025-04-16,119,LAD,1,115,COL,1,5,2,0.0,2025
778287,2025-04-17,119,LAD,1,115,COL,1,6,3,0.0,2025
778263,2025-04-19,119,LAD,0,140,TEX,2,-1,1,1221.5143050983006,2025
778251,2025-04-19,119,LAD,0,140,TEX,0,-2,2,0.0,2025
778234,2025-04-20,119,LAD,0,140,TEX,1,-3,3,0.0,2025
778220,2025-04-22,119,LAD,0,112,CHC,2,-4,1,818.6825304940769,2025
778205,2025-04-23,119,LAD,0,112,CHC,1,-5,2,0.0,2025
778176,2025-04-26,119,LAD,1,134,PIT,3,1,1,1740.9215479584495,2025
778163,2025-04-27,119,LAD,1,134,PIT,1,2,2,0.0,2025
778145,2025-04-27,119,LAD,1,134,PIT,0,3,3,0.0,2025
778132,2025-04-29,119,LAD,1,146,MIA,2,4,1,0.0,2025
778109,2025-04-30,119,LAD,1,146,MIA,1,5,2,0.0,2025
778123,2025-04-30,119,LAD,1,146,MIA,0,6,3,0.0,2025
778092,2025-05-02,119,LAD,0,144,ATL,2,-1,1,1926.1127142118578,2025
778076,2025-05-03,119,LAD,0,144,ATL,1,-2,2,0.0,2025
778060,2025-05-04,119,LAD,0,144,ATL,1,-3,3,0.0,2025
778047,2025-05-05,119,LAD,0,146,MIA,1,-4,1,615.50817708501,2025
778035,2025-05-06,119,LAD,0,146,MIA,1,-5,2,0.0,2025
778017,2025-05-07,119,LAD,0,146,MIA,1,-6,3,0.0,2025
777999,2025-05-09,119,LAD,0,109,ARI,2,-7,1,1976.4824704501402,2025
777988,2025-05-10,119,LAD,0,109,ARI,1,-8,2,0.0,2025
777954,2025-05-11,119,LAD,0,109,ARI,1,-9,3,0.0,2025
777975,2025-05-11,119,LAD,0,109,ARI,0,-10,4,0.0,2025
777937,2025-05-14,119,LAD,1,133,OAK,3,1,1,357.22532088939374,2025
777917,2025-05-15,119,LAD,1,133,OAK,1,2,2,0.0,2025
777946,2025-05-16,119,LAD,1,133,OAK,1,3,3,0.0,2025
777899,2025-05-17,119,LAD,1,108,LAA,1,4,1,0.0,2025
777884,2025-05-18,119,LAD,1,108,LAA,1,5,2,0.0,2025
777866,2025-05-18,119,LAD,1,108,LAA,0,6,3,0.0,2025
777854,2025-05-20,119,LAD,1,109,ARI,2,7,1,0.0,2025
777838,2025-05-21,119,LAD,1,109,ARI,1,8,2,0.0,2025
777824,2025-05-22,119,LAD,1,109,ARI,1,9,3,0.0,2025
777808,2025-05-23,119,LAD,0,121,NYM,1,-1,1,2453.075811723075,2025
777789,2025-05-24,119,LAD,0,121,NYM,1,-2,2,0.0,2025
777773,2025-05-25,119,LAD,0,121,NYM,1,-3,3,0.0,2025
777769,2025-05-26,119,LAD,0,114,CLE,1,-4,1,411.0649093966104,2025
777753,2025-05-27,119,LAD,0,114,CLE,1,-5,2,0.0,2025
777739,2025-05-28,119,LAD,0,114,CLE,1,-6,3,0.0,2025
777708,2025-05-31,119,LAD,1,147,NYY,3,1,1,2044.6147951768196,2025
777698,2025-05-31,119,LAD,1,147,NYY,0,2,2,0.0,2025
777682,2025-06-01,119,LAD,1,147,NYY,1,3,3,0.0,2025
777675,2025-06-03,119,LAD,1,121,NYM,2,4,1,0.0,2025
777657,2025-06-04,119,LAD,1,121,NYM,1,5,2,0.0,2025
777638,2025-06-05,119,LAD,1,121,NYM,1,6,3,0.0,2025
777631,2025-06-05,119,LAD,1,121,NYM,0,7,4,0.0,2025
777620,2025-06-07,119,LAD,0,138,STL,2,-1,1,1585.7405201242425,2025
777601,2025-06-07,119,LAD,0,138,STL,0,-2,2,0.0,2025
777582,2025-06-08,119,LAD,0,138,STL,1,-3,3,0.0,2025
777579,2025-06-10,119,LAD,0,135,SD,2,-4,1,1561.6025452697695,2025
777560,2025-06-11,119,LAD,0,135,SD,1,-5,2,0.0,2025
777543,2025-06-11,119,LAD,0,135,SD,0,-6,3,0.0,2025
777522,2025-06-14,119,LAD,1,137,SF,3,1,1,113.20881075215142,2025
777506,2025-06-15,119,LAD,1,137,SF,1,2,2,0.0,2025
777498,2025-06-15,119,LAD,1,137,SF,0,3,3,0.0,2025
777490,2025-06-17,119,LAD,1,135,SD,2,4,1,0.0,2025
777471,2025-06-18,119,LAD,1,135,SD,1,5,2,0.0,2025
777457,2025-06-19,119,LAD,1,135,SD,1,6,3,0.0,2025
777442,2025-06-20,119,LAD,1,135,SD,1,7,4,0.0,2025
777427,2025-06-21,119,LAD,1,120,WSH,1,8,1,0.0,2025
777416,2025-06-22,119,LAD,1,120,WSH,1,9,2,0.0,2025
777398,2025-06-22,119,LAD,1,120,WSH,0,10,3,0.0,2025
777379,2025-06-25,119,LAD,0,115,COL,3,-1,1,829.208728545356,2025
777344,2025-06-26,119,LAD,0,115,COL,1,-2,2,0.0,2025
777358,2025-06-26,119,LAD,0,115,COL,0,-3,3,0.0,2025
777335,2025-06-28,119,LAD,0,118,KC,2,-4,1,563.1263805129729,2025
777319,2025-06-28,119,LAD,0,118,KC,0,-5,2,0.0,2025
777304,2025-06-29,119,LAD,0,118,KC,1,-6,3,0.0,2025
777280,2025-07-02,119,LAD,1,145,CWS,3,1,1,1358.4249527106026,2025
777267,2025-07-03,119,LAD,1,145,CWS,1,2,2,0.0,2025
777253,2025-07-04,119,LAD,1,145,CWS,1,3,3,0.0,2025
777235,2025-07-05,119,LAD,1,117,HOU,1,4,1,0.0,2025
777221,2025-07-05,119,LAD,1,117,HOU,0,5,2,0.0,2025
777206,2025-07-06,119,LAD,1,117,HOU,1,6,3,0.0,2025
777201,2025-07-07,119,LAD,0,158,MIL,1,-1,1,1737.1964859284558,2025
777193,2025-07-08,119,LAD,0,158,MIL,1,-2,2,0.0,2025
777175,2025-07-09,119,LAD,0,158,MIL,1,-3,3,0.0,2025
777143,2025-07-12,119,LAD,0,137,SF,3,-4,1,1833.5573982316243,2025
777127,2025-07-12,119,LAD,0,137,SF,0,-5,2,0.0,2025
777119,2025-07-13,119,LAD,0,137,SF,1,-6,3,0.0,2025
777103,2025-07-19,119,LAD,1,158,MIL,6,1,1,345.5052646422354,2025
777085,2025-07-20,119,LAD,1,158,MIL,1,2,2,0.0,2025
777070,2025-07-20,119,LAD,1,158,MIL,0,3,3,0.0,2025
777051,2025-07-22,119,LAD,1,142,MIN,2,4,1,0.0,2025
777022,2025-07-23,119,LAD,1,142,MIN,1,5,2,0.0,2025
777039,2025-07-23,119,LAD,1,142,MIN,0,6,3,0.0,2025
777012,2025-07-25,119,LAD,0,111,BOS,2,-1,1,2588.262967346757,2025
776998,2025-07-26,119,LAD,0,111,BOS,1,-2,2,0.0,2025
776983,2025-07-27,119,LAD,0,111,BOS,1,-3,3,0.0,2025
776967,2025-07-28,119,LAD,0,113,CIN,1,-4,1,736.3670721136276,2025
776963,2025-07-29,119,LAD,0,113,CIN,1,-5,2,0.0,2025
776941,2025-07-30,119,LAD,0,113,CIN,1,-6,3,0.0,2025
776918,2025-08-01,119,LAD,0,139,TB,2,-7,1,790.0657540508034,2025
776901,2025-08-02,119,LAD,0,139,TB,1,-8,2,0.0,2025
776889,2025-08-03,119,LAD,0,139,TB,1,-9,3,0.0,2025
776870,2025-08-05,119,LAD,1,138,STL,2,1,1,2142.7982846704713,2025
776858,2025-08-06,119,LAD,1,138,STL,1,2,2,0.0,2025
776839,2025-08-06,119,LAD,1,138,STL,0,3,3,0.0,2025
776823,2025-08-09,119,LAD,1,141,TOR,3,4,1,0.0,2025
776808,2025-08-10,119,LAD,1,141,TOR,1,5,2,0.0,2025
776788,2025-08-10,119,LAD,1,141,TOR,0,6,3,0.0,2025
776779,2025-08-12,119,LAD,0,108,LAA,2,-1,1,27.87381208188066,2025
776763,2025-08-13,119,LAD,0,108,LAA,1,-2,2,0.0,2025
776752,2025-08-14,119,LAD,0,108,LAA,1,-3,3,0.0,2025
776727,2025-08-16,119,LAD,1,135,SD,2,1,1,27.87381208188066,2025
776717,2025-08-17,119,LAD,1,135,SD,1,2,2,0.0,2025
776697,2025-08-17,119,LAD,1,135,SD,0,3,3,0.0,2025
776693,2025-08-19,119,LAD,0,115,COL,2,-1,1,829.208728545356,2025
776671,2025-08-20,119,LAD,0,115,COL,1,-2,2,0.0,2025
776660,2025-08-21,119,LAD,0,115,COL,1,-3,3,0.0,2025
776644,2025-08-21,119,LAD,0,115,COL,0,-4,4,0.0,2025
776636,2025-08-23,119,LAD,0,135,SD,2,-5,1,833.4460828296096,2025
776617,2025-08-24,119,LAD,0,135,SD,1,-6,2,0.0,2025
776603,2025-08-24,119,LAD,0,135,SD,0,-7,3,0.0,2025
776594,2025-08-26,119,LAD,1,113,CIN,2,1,1,113.20881075215142,2025
776574,2025-08-27,119,LAD,1,113,CIN,1,2,2,0.0,2025
776562,2025-08-28,119,LAD,1,113,CIN,1,3,3,0.0,2025
776534,2025-08-30,119,LAD,1,109,ARI,2,4,1,0.0,2025
776523,2025-08-31,119,LAD,1,109,ARI,1,5,2,0.0,2025
776509,2025-08-31,119,LAD,1,109,ARI,0,6,3,0.0,2025
776496,2025-09-02,119,LAD,0,134,PIT,2,-1,1,2130.9802254915467,2025
776479,2025-09-03,119,LAD,0,134,PIT,1,-2,2,0.0,2025
776461,2025-09-04,119,LAD,0,134,PIT,1,-3,3,0.0,2025
776454,2025-09-05,119,LAD,0,110,BAL,1,-4,1,196.62316008554197,2025
776443,2025-09-06,119,LAD,0,110,BAL,1,-5,2,0.0,2025
776427,2025-09-07,119,LAD,0,110,BAL,1,-6,3,0.0,2025
776408,2025-09-09,119,LAD,1,115,COL,2,1,1,2313.672238506718,2025
776389,2025-09-10,119,LAD,1,115,COL,1,2,2,0.0,2025
776380,2025-09-11,119,LAD,1,115,COL,1,3,3,0.0,2025
776350,2025-09-13,119,LAD,0,137,SF,2,-1,1,345.5052646422354,2025
776328,2025-09-14,119,LAD,0,137,SF,1,-2,2,0.0,2025
776325,2025-09-14,119,LAD,0,137,SF,0,-3,3,0.0,2025
776311,2025-09-16,119,LAD,1,143,PHI,2,1,1,345.5052646422354,2025
776297,2025-09-17,119,LAD,1,143,PHI,1,2,2,0.0,2025
776280,2025-09-18,119,LAD,1,143,PHI,1,3,3,0.0,2025
776271,2025-09-19,119,LAD,1,137,SF,1,4,1,0.0,2025
776256,2025-09-20,119,LAD,1,137,SF,1,5,2,0.0,2025
776233,2025-09-21,119,LAD,1,137,SF,1,6,3,0.0,2025
776227,2025-09-21,119,LAD,1,137,SF,0,7,4,0.0,2025
776213,2025-09-24,119,LAD,0,109,ARI,3,-1,1,357.22532088939374,2025
776193,2025-09-25,119,LAD,0,109,ARI,1,-2,2,0.0,2025
776185,2025-09-25,119,LAD,0,109,ARI,0,-3,3,0.0,2025
776168,2025-09-27,119,LAD,0,136,SEA,2,-4,1,1114.0691793592323,2025
776150,2025-09-28,119,LAD,0,136,SEA,1,-5,2,0.0,2025
776139,2025-09-28,119,LAD,0,136,SEA,0,-6,3,0.0,2025
778555,2025-03-27,120,WSH,1,143,PHI,0,1,1,0.0,2025
778535,2025-03-29,120,WSH,1,143,PHI,2,2,2,0.0,2025
778526,2025-03-30,120,WSH,1,143,PHI,1,3,3,0.0,2025
778507,2025-03-31,120,WSH,0,141,TOR,1,-1,1,351.9086807419245,2025
778491,2025-04-01,120,WSH,0,141,TOR,1,-2,2,0.0,2025
778478,2025-04-02,120,WSH,0,141,TOR,1,-3,3,0.0,2025
778457,2025-04-04,120,WSH,1,109,ARI,2,1,1,351.9086807419245,2025
778452,2025-04-05,120,WSH,1,109,ARI,1,2,2,0.0,2025
778429,2025-04-06,120,WSH,1,109,ARI,1,3,3,0.0,2025
778418,2025-04-07,120,WSH,1,119,LAD,1,4,1,0.0,2025
778409,2025-04-08,120,WSH,1,119,LAD,1,5,2,0.0,2025
778392,2025-04-09,120,WSH,1,119,LAD,1,6,3,0.0,2025
778369,2025-04-11,120,WSH,0,146,MIA,2,-1,1,923.8773279819753,2025
778354,2025-04-12,120,WSH,0,146,MIA,1,-2,2,0.0,2025
778337,2025-04-13,120,WSH,0,146,MIA,1,-3,3,0.0,2025
778321,2025-04-14,120,WSH,0,134,PIT,1,-4,1,1013.6533818001047,2025
778314,2025-04-15,120,WSH,0,134,PIT,1,-5,2,0.0,2025
778293,2025-04-16,120,WSH,0,134,PIT,1,-6,3,0.0,2025
778280,2025-04-17,120,WSH,0,134,PIT,1,-7,4,0.0,2025
778247,2025-04-19,120,WSH,0,115,COL,2,-8,1,1317.1736538054608,2025
778235,2025-04-20,120,WSH,0,115,COL,1,-10,3,0.0,2025
778266,2025-04-21,120,WSH,0,115,COL,1,-11,4,0.0,2025
778222,2025-04-22,120,WSH,1,110,BAL,1,1,1,1491.3129647935543,2025
778204,2025-04-23,120,WSH,1,110,BAL,1,2,2,0.0,2025
778193,2025-04-24,120,WSH,1,110,BAL,1,3,3,0.0,2025
778183,2025-04-25,120,WSH,1,121,NYM,1,4,1,0.0,2025
778173,2025-04-26,120,WSH,1,121,NYM,1,5,2,0.0,2025
778153,2025-04-27,120,WSH,1,121,NYM,1,6,3,0.0,2025
778138,2025-04-28,120,WSH,1,121,NYM,1,7,4,0.0,2025
778131,2025-04-29,120,WSH,0,143,PHI,1,-1,1,121.48691857607562,2025
778118,2025-04-30,120,WSH,0,143,PHI,1,-2,2,0.0,2025
778099,2025-05-01,120,WSH,0,143,PHI,1,-3,3,0.0,2025
778087,2025-05-02,120,WSH,0,113,CIN,1,-4,1,500.9471415614062,2025
778077,2025-05-03,120,WSH,0,113,CIN,1,-5,2,0.0,2025
778058,2025-05-04,120,WSH,0,113,CIN,1,-6,3,0.0,2025
778026,2025-05-06,120,WSH,1,114,CLE,1,2,2,0.0,2025
778046,2025-05-06,120,WSH,1,114,CLE,0,3,3,0.0,2025
778022,2025-05-07,120,WSH,1,114,CLE,1,4,4,0.0,2025
777995,2025-05-09,120,WSH,1,138,STL,2,5,1,0.0,2025
777980,2025-05-10,120,WSH,1,138,STL,1,6,2,0.0,2025
777962,2025-05-11,120,WSH,1,138,STL,1,7,3,0.0,2025
777959,2025-05-12,120,WSH,0,144,ATL,1,-1,1,538.869727266714,2025
777942,2025-05-13,120,WSH,0,144,ATL,1,-2,2,0.0,2025
777929,2025-05-14,120,WSH,0,144,ATL,1,-3,3,0.0,2025
777909,2025-05-15,120,WSH,0,144,ATL,1,-4,4,0.0,2025
777907,2025-05-16,120,WSH,0,110,BAL,1,-5,1,572.6096280104865,2025
777890,2025-05-17,120,WSH,0,110,BAL,1,-6,2,0.0,2025
777873,2025-05-18,120,WSH,0,110,BAL,1,-7,3,0.0,2025
777841,2025-05-20,120,WSH,1,144,ATL,2,1,1,35.12148729233362,2025
777820,2025-05-22,120,WSH,1,144,ATL,1,3,3,0.0,2025
777801,2025-05-23,120,WSH,1,137,SF,1,4,1,0.0,2025
777793,2025-05-24,120,WSH,1,137,SF,1,5,2,0.0,2025
777778,2025-05-25,120,WSH,1,137,SF,1,6,3,0.0,2025
777743,2025-05-28,120,WSH,0,136,SEA,3,-1,1,2324.354505710339,2025
777730,2025-05-29,120,WSH,0,136,SEA,1,-2,2,0.0,2025
777722,2025-05-30,120,WSH,0,136,SEA,1,-3,3,0.0,2025
777710,2025-05-31,120,WSH,0,109,ARI,1,-4,1,1114.0691793592323,2025
777696,2025-06-01,120,WSH,0,109,ARI,1,-5,2,0.0,2025
777679,2025-06-01,120,WSH,0,109,ARI,0,-6,3,0.0,2025
777659,2025-06-03,120,WSH,1,112,CHC,2,1,1,1978.963589227503,2025
777650,2025-06-04,120,WSH,1,112,CHC,1,2,2,0.0,2025
777632,2025-06-05,120,WSH,1,112,CHC,1,3,3,0.0,2025
777624,2025-06-06,120,WSH,1,140,TEX,1,4,1,0.0,2025
777610,2025-06-07,120,WSH,1,140,TEX,1,5,2,0.0,2025
777596,2025-06-08,120,WSH,1,140,TEX,1,6,3,0.0,2025
777570,2025-06-10,120,WSH,0,121,NYM,2,-1,1,212.3563770011718,2025
777555,2025-06-11,120,WSH,0,121,NYM,1,-2,2,0.0,2025
777544,2025-06-12,120,WSH,0,121,NYM,1,-3,3,0.0,2025
777530,2025-06-13,120,WSH,1,146,MIA,1,1,1,212.3563770011718,2025
777514,2025-06-14,120,WSH,1,146,MIA,1,2,2,0.0,2025
777503,2025-06-15,120,WSH,1,146,MIA,1,3,3,0.0,2025
777488,2025-06-16,120,WSH,1,115,COL,1,4,1,0.0,2025
777480,2025-06-17,120,WSH,1,115,COL,1,5,2,0.0,2025
777461,2025-06-18,120,WSH,1,115,COL,1,6,3,0.0,2025
777445,2025-06-19,120,WSH,1,115,COL,1,7,4,0.0,2025
777427,2025-06-21,120,WSH,0,119,LAD,2,-1,1,2295.2946229797176,2025
777416,2025-06-22,120,WSH,0,119,LAD,1,-2,2,0.0,2025
777398,2025-06-22,120,WSH,0,119,LAD,0,-3,3,0.0,2025
777382,2025-06-24,120,WSH,0,135,SD,2,-4,1,113.20881075215142,2025
777360,2025-06-25,120,WSH,0,135,SD,1,-5,2,0.0,2025
777372,2025-06-25,120,WSH,0,135,SD,0,-6,3,0.0,2025
777331,2025-06-28,120,WSH,0,108,LAA,3,-7,1,86.36512380343024,2025
777315,2025-06-29,120,WSH,0,108,LAA,1,-8,2,0.0,2025
777305,2025-06-29,120,WSH,0,108,LAA,0,-9,3,0.0,2025
777284,2025-07-02,120,WSH,1,116,DET,1,2,2,0.0,2025
777265,2025-07-02,120,WSH,1,116,DET,0,3,3,0.0,2025
777258,2025-07-03,120,WSH,1,116,DET,1,4,4,0.0,2025
777245,2025-07-04,120,WSH,1,111,BOS,1,5,1,0.0,2025
777228,2025-07-05,120,WSH,1,111,BOS,1,6,2,0.0,2025
777213,2025-07-06,120,WSH,1,111,BOS,1,7,3,0.0,2025
777191,2025-07-08,120,WSH,0,138,STL,2,-1,1,710.1515945615764,2025
777178,2025-07-09,120,WSH,0,138,STL,1,-2,2,0.0,2025
777167,2025-07-10,120,WSH,0,138,STL,1,-3,3,0.0,2025
777149,2025-07-12,120,WSH,0,158,MIL,2,-4,1,325.7786649185398,2025
777135,2025-07-12,120,WSH,0,158,MIL,0,-5,2,0.0,2025
777123,2025-07-13,120,WSH,0,158,MIL,1,-6,3,0.0,2025
777112,2025-07-18,120,WSH,1,135,SD,5,1,1,639.4643273379048,2025
777091,2025-07-19,120,WSH,1,135,SD,1,2,2,0.0,2025
777077,2025-07-20,120,WSH,1,135,SD,1,3,3,0.0,2025
777064,2025-07-21,120,WSH,1,113,CIN,1,4,1,0.0,2025
777042,2025-07-22,120,WSH,1,113,CIN,1,5,2,0.0,2025
777026,2025-07-23,120,WSH,1,113,CIN,1,6,3,0.0,2025
777011,2025-07-26,120,WSH,0,142,MIN,3,-1,1,934.56271968754,2025
776997,2025-07-26,120,WSH,0,142,MIN,0,-2,2,0.0,2025
776979,2025-07-27,120,WSH,0,142,MIN,1,-3,3,0.0,2025
776969,2025-07-29,120,WSH,0,117,HOU,2,-4,1,1058.038361560939,2025
776950,2025-07-30,120,WSH,0,117,HOU,1,-5,2,0.0,2025
776937,2025-07-30,120,WSH,0,117,HOU,0,-6,3,0.0,2025
776917,2025-08-01,120,WSH,1,158,MIL,2,1,1,1218.4825059673833,2025
776903,2025-08-02,120,WSH,1,158,MIL,1,2,2,0.0,2025
776894,2025-08-03,120,WSH,1,158,MIL,1,3,3,0.0,2025
776865,2025-08-05,120,WSH,1,133,OAK,2,4,1,0.0,2025
776850,2025-08-06,120,WSH,1,133,OAK,1,5,2,0.0,2025
776837,2025-08-07,120,WSH,1,133,OAK,1,6,3,0.0,2025
776822,2025-08-09,120,WSH,0,137,SF,2,-1,1,2435.443676108395,2025
776802,2025-08-09,120,WSH,0,137,SF,0,-2,2,0.0,2025
776793,2025-08-10,120,WSH,0,137,SF,1,-3,3,0.0,2025
776784,2025-08-11,120,WSH,0,118,KC,1,-4,1,1507.6255221148479,2025
776770,2025-08-12,120,WSH,0,118,KC,1,-5,2,0.0,2025
776759,2025-08-13,120,WSH,0,118,KC,1,-6,3,0.0,2025
776743,2025-08-14,120,WSH,1,143,PHI,1,1,1,937.4091115021555,2025
776739,2025-08-15,120,WSH,1,143,PHI,1,2,2,0.0,2025
776725,2025-08-16,120,WSH,1,143,PHI,1,3,3,0.0,2025
776708,2025-08-17,120,WSH,1,143,PHI,1,4,4,0.0,2025
776678,2025-08-19,120,WSH,1,121,NYM,2,5,1,0.0,2025
776659,2025-08-20,120,WSH,1,121,NYM,1,6,2,0.0,2025
776650,2025-08-21,120,WSH,1,121,NYM,1,7,3,0.0,2025
776648,2025-08-22,120,WSH,0,143,PHI,1,-1,1,121.48691857607562,2025
776628,2025-08-23,120,WSH,0,143,PHI,1,-2,2,0.0,2025
776613,2025-08-24,120,WSH,0,143,PHI,1,-3,3,0.0,2025
776597,2025-08-25,120,WSH,0,147,NYY,1,-4,1,91.29714579232771,2025
776588,2025-08-26,120,WSH,0,147,NYY,1,-5,2,0.0,2025
776570,2025-08-27,120,WSH,0,147,NYY,1,-6,3,0.0,2025
776545,2025-08-29,120,WSH,1,139,TB,2,1,1,212.0912051760551,2025
776525,2025-08-30,120,WSH,1,139,TB,1,2,2,0.0,2025
776520,2025-08-31,120,WSH,1,139,TB,1,3,3,0.0,2025
776498,2025-09-01,120,WSH,1,146,MIA,1,4,1,0.0,2025
776482,2025-09-02,120,WSH,1,146,MIA,1,5,2,0.0,2025
776477,2025-09-03,120,WSH,1,146,MIA,1,6,3,0.0,2025
776455,2025-09-05,120,WSH,0,112,CHC,2,-1,1,598.6412524083928,2025
776440,2025-09-06,120,WSH,0,112,CHC,1,-2,2,0.0,2025
776420,2025-09-07,120,WSH,0,112,CHC,1,-3,3,0.0,2025
776409,2025-09-08,120,WSH,0,146,MIA,1,-4,1,1194.7816200111963,2025
776397,2025-09-09,120,WSH,0,146,MIA,1,-5,2,0.0,2025
776386,2025-09-10,120,WSH,0,146,MIA,1,-6,3,0.0,2025
776367,2025-09-11,120,WSH,0,146,MIA,1,-7,4,0.0,2025
776351,2025-09-12,120,WSH,1,134,PIT,1,1,1,923.8773279819753,2025
776336,2025-09-13,120,WSH,1,134,PIT,1,2,2,0.0,2025
776320,2025-09-14,120,WSH,1,134,PIT,1,3,3,0.0,2025
776315,2025-09-15,120,WSH,1,144,ATL,1,4,1,0.0,2025
776307,2025-09-16,120,WSH,1,144,ATL,1,5,2,0.0,2025
777825,2025-09-16,120,WSH,1,144,ATL,0,6,3,0.0,2025
776286,2025-09-17,120,WSH,1,144,ATL,1,7,4,0.0,2025
776259,2025-09-19,120,WSH,0,121,NYM,2,-1,1,212.3563770011718,2025
776252,2025-09-20,120,WSH,0,121,NYM,1,-2,2,0.0,2025
776237,2025-09-21,120,WSH,0,121,NYM,1,-3,3,0.0,2025
776221,2025-09-22,120,WSH,0,144,ATL,1,-4,1,751.1805618659844,2025
776219,2025-09-23,120,WSH,0,144,ATL,1,-5,2,0.0,2025
776200,2025-09-24,120,WSH,0,144,ATL,1,-6,3,0.0,2025
776165,2025-09-26,120,WSH,1,145,CWS,2,1,1,538.869727266714,2025
776160,2025-09-27,120,WSH,1,145,CWS,1,2,2,0.0,2025
776143,2025-09-28,120,WSH,1,145,CWS,1,3,3,0.0,2025
778559,2025-03-27,121,NYM,0,117,HOU,0,-1,1,1425.994081762968,2025
778518,2025-03-29,121,NYM,0,117,HOU,2,-2,2,0.0,2025
778530,2025-03-29,121,NYM,0,117,HOU,0,-3,3,0.0,2025
778509,2025-03-31,121,NYM,0,146,MIA,2,-4,1,964.5038276054531,2025
778497,2025-04-01,121,NYM,0,146,MIA,1,-5,2,0.0,2025
778481,2025-04-02,121,NYM,0,146,MIA,1,-6,3,0.0,2025
778465,2025-04-04,121,NYM,1,141,TOR,2,1,1,1097.7414335980382,2025
778446,2025-04-05,121,NYM,1,141,TOR,1,2,2,0.0,2025
778435,2025-04-06,121,NYM,1,141,TOR,1,3,3,0.0,2025
778416,2025-04-07,121,NYM,1,146,MIA,1,4,1,0.0,2025
778407,2025-04-08,121,NYM,1,146,MIA,1,5,2,0.0,2025
778390,2025-04-09,121,NYM,1,146,MIA,1,6,3,0.0,2025
778358,2025-04-12,121,NYM,0,133,OAK,3,-1,1,2562.7810869652726,2025
778346,2025-04-12,121,NYM,0,133,OAK,0,-2,2,0.0,2025
778333,2025-04-13,121,NYM,0,133,OAK,1,-3,3,0.0,2025
778324,2025-04-14,121,NYM,0,142,MIN,1,-4,1,1571.0292537363316,2025
778307,2025-04-15,121,NYM,0,142,MIN,1,-5,2,0.0,2025
778299,2025-04-16,121,NYM,0,142,MIN,1,-6,3,0.0,2025
778278,2025-04-17,121,NYM,1,138,STL,1,1,1,1023.5867094792683,2025
778270,2025-04-18,121,NYM,1,138,STL,1,2,2,0.0,2025
778256,2025-04-19,121,NYM,1,138,STL,1,3,3,0.0,2025
778244,2025-04-20,121,NYM,1,138,STL,1,4,4,0.0,2025
778225,2025-04-21,121,NYM,1,143,PHI,1,5,1,0.0,2025
778223,2025-04-22,121,NYM,1,143,PHI,1,6,2,0.0,2025
778203,2025-04-23,121,NYM,1,143,PHI,1,7,3,0.0,2025
778183,2025-04-25,121,NYM,0,120,WSH,2,-1,1,212.3563770011718,2025
778173,2025-04-26,121,NYM,0,120,WSH,1,-2,2,0.0,2025
778153,2025-04-27,121,NYM,0,120,WSH,1,-3,3,0.0,2025
778138,2025-04-28,121,NYM,0,120,WSH,1,-4,4,0.0,2025
778130,2025-04-29,121,NYM,1,109,ARI,1,1,1,212.3563770011718,2025
778117,2025-04-30,121,NYM,1,109,ARI,1,2,2,0.0,2025
778103,2025-05-01,121,NYM,1,109,ARI,1,3,3,0.0,2025
778084,2025-05-03,121,NYM,0,138,STL,2,-1,1,880.2756481069349,2025
778053,2025-05-04,121,NYM,0,138,STL,1,-3,3,0.0,2025
778068,2025-05-04,121,NYM,0,138,STL,0,-4,4,0.0,2025
778039,2025-05-06,121,NYM,0,109,ARI,2,-5,1,1270.0024589462362,2025
778032,2025-05-07,121,NYM,0,109,ARI,1,-6,2,0.0,2025
778014,2025-05-07,121,NYM,0,109,ARI,0,-7,3,0.0,2025
778001,2025-05-09,121,NYM,1,112,CHC,2,1,1,2148.1029258287786,2025
777982,2025-05-10,121,NYM,1,112,CHC,1,2,2,0.0,2025
777968,2025-05-11,121,NYM,1,112,CHC,1,3,3,0.0,2025
777950,2025-05-12,121,NYM,1,134,PIT,1,4,1,0.0,2025
777943,2025-05-13,121,NYM,1,134,PIT,1,5,2,0.0,2025
777919,2025-05-14,121,NYM,1,134,PIT,1,6,3,0.0,2025
777904,2025-05-16,121,NYM,0,147,NYY,2,-1,1,6.541035356047549,2025
777888,2025-05-17,121,NYM,0,147,NYY,1,-2,2,0.0,2025
777878,2025-05-18,121,NYM,0,147,NYY,1,-3,3,0.0,2025
777856,2025-05-19,121,NYM,0,111,BOS,1,-4,1,179.88456828974768,2025
777851,2025-05-20,121,NYM,0,111,BOS,1,-5,2,0.0,2025
777831,2025-05-21,121,NYM,0,111,BOS,1,-6,3,0.0,2025
777808,2025-05-23,121,NYM,1,119,LAD,2,1,1,179.60743829521417,2025
777789,2025-05-24,121,NYM,1,119,LAD,1,2,2,0.0,2025
777773,2025-05-25,121,NYM,1,119,LAD,1,3,3,0.0,2025
777758,2025-05-26,121,NYM,1,145,CWS,1,4,1,0.0,2025
777749,2025-05-27,121,NYM,1,145,CWS,1,5,2,0.0,2025
777737,2025-05-28,121,NYM,1,145,CWS,1,6,3,0.0,2025
777718,2025-05-30,121,NYM,1,115,COL,2,7,1,0.0,2025
777700,2025-05-31,121,NYM,1,115,COL,1,8,2,0.0,2025
777686,2025-06-01,121,NYM,1,115,COL,1,9,3,0.0,2025
777675,2025-06-03,121,NYM,0,119,LAD,2,-1,1,2453.075811723075,2025
777657,2025-06-04,121,NYM,0,119,LAD,1,-2,2,0.0,2025
777638,2025-06-05,121,NYM,0,119,LAD,1,-3,3,0.0,2025
777631,2025-06-05,121,NYM,0,119,LAD,0,-4,4,0.0,2025
777616,2025-06-07,121,NYM,0,115,COL,2,-5,1,829.208728545356,2025
777604,2025-06-08,121,NYM,0,115,COL,1,-6,2,0.0,2025
777583,2025-06-08,121,NYM,0,115,COL,0,-7,3,0.0,2025
777570,2025-06-10,121,NYM,1,120,WSH,2,1,1,1635.3491066467502,2025
777555,2025-06-11,121,NYM,1,120,WSH,1,2,2,0.0,2025
777544,2025-06-12,121,NYM,1,120,WSH,1,3,3,0.0,2025
777528,2025-06-13,121,NYM,1,139,TB,1,4,1,0.0,2025
777518,2025-06-14,121,NYM,1,139,TB,1,5,2,0.0,2025
777502,2025-06-15,121,NYM,1,139,TB,1,6,3,0.0,2025
777489,2025-06-17,121,NYM,0,144,ATL,2,-1,1,751.1805618659844,2025
777470,2025-06-18,121,NYM,0,144,ATL,1,-2,2,0.0,2025
777455,2025-06-19,121,NYM,0,144,ATL,1,-3,3,0.0,2025
777437,2025-06-20,121,NYM,0,143,PHI,1,-4,1,660.3458671025634,2025
777423,2025-06-21,121,NYM,0,143,PHI,1,-5,2,0.0,2025
777405,2025-06-22,121,NYM,0,143,PHI,1,-6,3,0.0,2025
777389,2025-06-23,121,NYM,1,144,ATL,1,1,1,91.08673366367736,2025
777387,2025-06-24,121,NYM,1,144,ATL,1,2,2,0.0,2025
777369,2025-06-25,121,NYM,1,144,ATL,1,3,3,0.0,2025
777352,2025-06-26,121,NYM,1,144,ATL,1,4,4,0.0,2025
777341,2025-06-27,121,NYM,0,134,PIT,1,-1,1,323.80514004194157,2025
777325,2025-06-28,121,NYM,0,134,PIT,1,-2,2,0.0,2025
777313,2025-06-29,121,NYM,0,134,PIT,1,-3,3,0.0,2025
777289,2025-07-02,121,NYM,1,158,MIL,1,2,2,0.0,2025
777276,2025-07-02,121,NYM,1,158,MIL,0,3,3,0.0,2025
777257,2025-07-03,121,NYM,1,158,MIL,1,4,4,0.0,2025
777250,2025-07-04,121,NYM,1,147,NYY,1,5,1,0.0,2025
777241,2025-07-05,121,NYM,1,147,NYY,1,6,2,0.0,2025
777216,2025-07-06,121,NYM,1,147,NYY,1,7,3,0.0,2025
777198,2025-07-08,121,NYM,0,110,BAL,2,-1,1,178.7068782315623,2025
777165,2025-07-10,121,NYM,0,110,BAL,1,-3,3,0.0,2025
777181,2025-07-10,121,NYM,0,110,BAL,0,-4,4,0.0,2025
777151,2025-07-12,121,NYM,0,118,KC,2,-5,1,955.2837530445377,2025
777136,2025-07-12,121,NYM,0,118,KC,0,-6,2,0.0,2025
777124,2025-07-13,121,NYM,0,118,KC,1,-7,3,0.0,2025
777111,2025-07-18,121,NYM,1,113,CIN,5,1,1,1097.5188305416061,2025
777092,2025-07-19,121,NYM,1,113,CIN,1,2,2,0.0,2025
777087,2025-07-20,121,NYM,1,113,CIN,1,3,3,0.0,2025
777061,2025-07-21,121,NYM,1,108,LAA,1,4,1,0.0,2025
777054,2025-07-22,121,NYM,1,108,LAA,1,5,2,0.0,2025
777034,2025-07-23,121,NYM,1,108,LAA,1,6,3,0.0,2025
777004,2025-07-26,121,NYM,0,137,SF,3,-1,1,2571.816906012279,2025
776985,2025-07-27,121,NYM,0,137,SF,1,-2,2,0.0,2025
776974,2025-07-27,121,NYM,0,137,SF,0,-3,3,0.0,2025
776959,2025-07-29,121,NYM,0,135,SD,2,-4,1,458.03894144483473,2025
776947,2025-07-30,121,NYM,0,135,SD,1,-5,2,0.0,2025
776931,2025-07-30,121,NYM,0,135,SD,0,-6,3,0.0,2025
776926,2025-08-01,121,NYM,1,137,SF,2,1,1,2436.313085576127,2025
776911,2025-08-02,121,NYM,1,137,SF,1,2,2,0.0,2025
776887,2025-08-03,121,NYM,1,137,SF,1,3,3,0.0,2025
776876,2025-08-04,121,NYM,1,114,CLE,1,4,1,0.0,2025
776863,2025-08-05,121,NYM,1,114,CLE,1,5,2,0.0,2025
776846,2025-08-06,121,NYM,1,114,CLE,1,6,3,0.0,2025
776828,2025-08-09,121,NYM,0,158,MIL,3,-1,1,742.3438729688163,2025
776817,2025-08-09,121,NYM,0,158,MIL,0,-2,2,0.0,2025
776799,2025-08-10,121,NYM,0,158,MIL,1,-3,3,0.0,2025
776772,2025-08-12,121,NYM,1,144,ATL,2,1,1,742.3438729688163,2025
776756,2025-08-13,121,NYM,1,144,ATL,1,2,2,0.0,2025
776748,2025-08-14,121,NYM,1,144,ATL,1,3,3,0.0,2025
776736,2025-08-15,121,NYM,1,136,SEA,1,4,1,0.0,2025
776726,2025-08-16,121,NYM,1,136,SEA,1,5,2,0.0,2025
776707,2025-08-17,121,NYM,1,136,SEA,1,6,3,0.0,2025
776678,2025-08-19,121,NYM,0,120,WSH,2,-1,1,212.3563770011718,2025
776659,2025-08-20,121,NYM,0,120,WSH,1,-2,2,0.0,2025
776650,2025-08-21,121,NYM,0,120,WSH,1,-3,3,0.0,2025
776645,2025-08-22,121,NYM,0,144,ATL,1,-4,1,538.869727266714,2025
776626,2025-08-23,121,NYM,0,144,ATL,1,-5,2,0.0,2025
776624,2025-08-24,121,NYM,0,144,ATL,1,-6,3,0.0,2025
776598,2025-08-25,121,NYM,1,143,PHI,1,1,1,751.1805618659844,2025
776585,2025-08-26,121,NYM,1,143,PHI,1,2,2,0.0,2025
776566,2025-08-27,121,NYM,1,143,PHI,1,3,3,0.0,2025
776558,2025-08-28,121,NYM,1,146,MIA,1,4,1,0.0,2025
776548,2025-08-29,121,NYM,1,146,MIA,1,5,2,0.0,2025
776535,2025-08-30,121,NYM,1,146,MIA,1,6,3,0.0,2025
776519,2025-08-31,121,NYM,1,146,MIA,1,7,4,0.0,2025
776501,2025-09-01,121,NYM,0,116,DET,1,-1,1,488.01813985396933,2025
776490,2025-09-02,121,NYM,0,116,DET,1,-2,2,0.0,2025
776478,2025-09-03,121,NYM,0,116,DET,1,-3,3,0.0,2025
776450,2025-09-05,121,NYM,0,113,CIN,2,-4,1,236.62913628650645,2025
776439,2025-09-06,121,NYM,0,113,CIN,1,-5,2,0.0,2025
776429,2025-09-07,121,NYM,0,113,CIN,1,-6,3,0.0,2025
776405,2025-09-08,121,NYM,0,143,PHI,1,-7,1,500.9471415614062,2025
776404,2025-09-09,121,NYM,0,143,PHI,1,-8,2,0.0,2025
776384,2025-09-10,121,NYM,0,143,PHI,1,-9,3,0.0,2025
776371,2025-09-11,121,NYM,0,143,PHI,1,-10,4,0.0,2025
776359,2025-09-12,121,NYM,1,140,TEX,1,1,1,91.08673366367736,2025
776349,2025-09-13,121,NYM,1,140,TEX,1,2,2,0.0,2025
776335,2025-09-14,121,NYM,1,140,TEX,1,3,3,0.0,2025
776304,2025-09-16,121,NYM,1,135,SD,2,4,1,0.0,2025
776288,2025-09-17,121,NYM,1,135,SD,1,5,2,0.0,2025
776276,2025-09-18,121,NYM,1,135,SD,1,6,3,0.0,2025
776259,2025-09-19,121,NYM,1,120,WSH,1,7,1,0.0,2025
776252,2025-09-20,121,NYM,1,120,WSH,1,8,2,0.0,2025
776237,2025-09-21,121,NYM,1,120,WSH,1,9,3,0.0,2025
776209,2025-09-23,121,NYM,0,112,CHC,2,-1,1,720.1961586455312,2025
776205,2025-09-25,121,NYM,0,112,CHC,2,-2,2,0.0,2025
776187,2025-09-25,121,NYM,0,112,CHC,0,-3,3,0.0,2025
776173,2025-09-26,121,NYM,0,146,MIA,1,-4,1,1194.7816200111963,2025
776161,2025-09-27,121,NYM,0,146,MIA,1,-5,2,0.0,2025
776148,2025-09-28,121,NYM,0,146,MIA,1,-6,3,0.0,2025
778547,2025-03-28,133,OAK,0,136,SEA,0,-1,1,679.9392003432476,2025
778541,2025-03-29,133,OAK,0,136,SEA,1,-2,2,0.0,2025
778521,2025-03-30,133,OAK,0,136,SEA,1,-3,3,0.0,2025
778513,2025-03-30,133,OAK,0,136,SEA,0,-4,4,0.0,2025
778501,2025-04-01,133,OAK,1,112,CHC,2,1,1,679.9392003432476,2025
778494,2025-04-02,133,OAK,1,112,CHC,1,2,2,0.0,2025
778471,2025-04-02,133,OAK,1,112,CHC,0,3,3,0.0,2025
778456,2025-04-04,133,OAK,0,115,COL,2,-1,1,935.9586291857619,2025
778423,2025-04-06,133,OAK,0,115,COL,2,-2,2,0.0,2025
778442,2025-04-06,133,OAK,0,115,COL,0,-3,3,0.0,2025
778414,2025-04-08,133,OAK,1,135,SD,2,1,1,935.9586291857619,2025
778395,2025-04-09,133,OAK,1,135,SD,1,2,2,0.0,2025
778381,2025-04-09,133,OAK,1,135,SD,0,3,3,0.0,2025
778358,2025-04-12,133,OAK,1,121,NYM,3,4,1,0.0,2025
778346,2025-04-12,133,OAK,1,121,NYM,0,5,2,0.0,2025
778333,2025-04-13,133,OAK,1,121,NYM,1,6,3,0.0,2025
778309,2025-04-15,133,OAK,0,145,CWS,2,-1,1,1844.1022325602153,2025
778294,2025-04-16,133,OAK,0,145,CWS,1,-2,2,0.0,2025
778283,2025-04-17,133,OAK,0,145,CWS,1,-3,3,0.0,2025
778261,2025-04-19,133,OAK,0,158,MIL,2,-4,1,84.55513154711521,2025
778253,2025-04-19,133,OAK,0,158,MIL,0,-5,2,0.0,2025
778239,2025-04-20,133,OAK,0,158,MIL,1,-6,3,0.0,2025
778213,2025-04-23,133,OAK,1,140,TEX,3,1,1,1824.7310880760674,2025
778197,2025-04-24,133,OAK,1,140,TEX,1,2,2,0.0,2025
778192,2025-04-25,133,OAK,1,140,TEX,1,3,3,0.0,2025
778178,2025-04-26,133,OAK,1,145,CWS,1,4,1,0.0,2025
778165,2025-04-26,133,OAK,1,145,CWS,0,5,2,0.0,2025
778149,2025-04-27,133,OAK,1,145,CWS,1,6,3,0.0,2025
778143,2025-04-29,133,OAK,0,140,TEX,2,-1,1,1453.9867485388631,2025
778122,2025-04-30,133,OAK,0,140,TEX,1,-2,2,0.0,2025
778106,2025-05-01,133,OAK,0,140,TEX,1,-3,3,0.0,2025
778096,2025-05-01,133,OAK,0,140,TEX,0,-4,4,0.0,2025
778091,2025-05-02,133,OAK,0,146,MIA,1,-5,1,1123.019434754987,2025
778075,2025-05-03,133,OAK,0,146,MIA,1,-6,2,0.0,2025
778061,2025-05-04,133,OAK,0,146,MIA,1,-7,3,0.0,2025
778038,2025-05-06,133,OAK,1,136,SEA,2,1,1,2577.0014954365984,2025
778024,2025-05-07,133,OAK,1,136,SEA,1,2,2,0.0,2025
778010,2025-05-07,133,OAK,1,136,SEA,0,3,3,0.0,2025
777972,2025-05-10,133,OAK,1,147,NYY,3,4,1,0.0,2025
777994,2025-05-10,133,OAK,1,147,NYY,0,5,2,0.0,2025
777957,2025-05-11,133,OAK,1,147,NYY,1,6,3,0.0,2025
777937,2025-05-14,133,OAK,0,119,LAD,3,-1,1,337.12266209703967,2025
777917,2025-05-15,133,OAK,0,119,LAD,1,-2,2,0.0,2025
777946,2025-05-16,133,OAK,0,119,LAD,1,-3,3,0.0,2025
777891,2025-05-17,133,OAK,0,137,SF,1,-4,1,345.5052646422354,2025
777879,2025-05-18,133,OAK,0,137,SF,1,-5,2,0.0,2025
777867,2025-05-18,133,OAK,0,137,SF,0,-6,3,0.0,2025
777853,2025-05-20,133,OAK,1,108,LAA,2,1,1,10.48032218937323,2025
777843,2025-05-21,133,OAK,1,108,LAA,1,2,2,0.0,2025
777828,2025-05-22,133,OAK,1,108,LAA,1,3,3,0.0,2025
777812,2025-05-22,133,OAK,1,108,LAA,0,4,4,0.0,2025
777804,2025-05-24,133,OAK,1,143,PHI,2,5,1,0.0,2025
777784,2025-05-25,133,OAK,1,143,PHI,1,6,2,0.0,2025
777765,2025-05-25,133,OAK,1,143,PHI,0,7,3,0.0,2025
777752,2025-05-28,133,OAK,0,117,HOU,3,-1,1,1631.2403491139823,2025
777734,2025-05-28,133,OAK,0,117,HOU,0,-2,2,0.0,2025
777727,2025-05-29,133,OAK,0,141,TOR,1,-3,1,1300.2748883372112,2025
777716,2025-05-30,133,OAK,0,141,TOR,1,-4,2,0.0,2025
777701,2025-05-31,133,OAK,0,141,TOR,1,-5,3,0.0,2025
777685,2025-06-01,133,OAK,0,141,TOR,1,-6,4,0.0,2025
777669,2025-06-03,133,OAK,1,142,MIN,2,1,1,2253.7814110292547,2025
777658,2025-06-04,133,OAK,1,142,MIN,1,2,2,0.0,2025
777643,2025-06-05,133,OAK,1,142,MIN,1,3,3,0.0,2025
777636,2025-06-05,133,OAK,1,142,MIN,0,4,4,0.0,2025
777613,2025-06-07,133,OAK,1,110,BAL,2,5,1,0.0,2025
777599,2025-06-08,133,OAK,1,110,BAL,1,6,2,0.0,2025
777588,2025-06-08,133,OAK,1,110,BAL,0,7,3,0.0,2025
777576,2025-06-10,133,OAK,0,108,LAA,2,-1,1,364.7793033141838,2025
777542,2025-06-11,133,OAK,0,108,LAA,1,-2,2,0.0,2025
777564,2025-06-11,133,OAK,0,108,LAA,0,-3,3,0.0,2025
777529,2025-06-14,133,OAK,0,118,KC,3,-4,1,1346.5044522382782,2025
777511,2025-06-14,133,OAK,0,118,KC,0,-5,2,0.0,2025
777496,2025-06-15,133,OAK,0,118,KC,1,-6,3,0.0,2025
777485,2025-06-17,133,OAK,1,117,HOU,2,1,1,1497.929836668995,2025
777469,2025-06-18,133,OAK,1,117,HOU,1,2,2,0.0,2025
777456,2025-06-19,133,OAK,1,117,HOU,1,3,3,0.0,2025
777441,2025-06-20,133,OAK,1,117,HOU,1,4,4,0.0,2025
777429,2025-06-21,133,OAK,1,114,CLE,1,5,1,0.0,2025
777411,2025-06-22,133,OAK,1,114,CLE,1,6,2,0.0,2025
777400,2025-06-22,133,OAK,1,114,CLE,0,7,3,0.0,2025
777386,2025-06-24,133,OAK,0,116,DET,2,-1,1,2076.502664481492,2025
777371,2025-06-25,133,OAK,0,116,DET,1,-2,2,0.0,2025
777351,2025-06-26,133,OAK,0,116,DET,1,-3,3,0.0,2025
777337,2025-06-27,133,OAK,0,147,NYY,1,-4,1,482.6121717715705,2025
777326,2025-06-28,133,OAK,0,147,NYY,1,-5,2,0.0,2025
777307,2025-06-29,133,OAK,0,147,NYY,1,-6,3,0.0,2025
777296,2025-06-30,133,OAK,0,139,TB,1,-7,1,1029.5381159096478,2025
777286,2025-07-01,133,OAK,0,139,TB,1,-8,2,0.0,2025
777271,2025-07-02,133,OAK,0,139,TB,1,-9,3,0.0,2025
777244,2025-07-05,133,OAK,1,137,SF,3,1,1,2379.7351815049797,2025
777227,2025-07-06,133,OAK,1,137,SF,1,2,2,0.0,2025
777210,2025-07-07,133,OAK,1,137,SF,1,3,3,0.0,2025
777189,2025-07-09,133,OAK,1,144,ATL,2,4,1,0.0,2025
777176,2025-07-10,133,OAK,1,144,ATL,1,5,2,0.0,2025
777156,2025-07-11,133,OAK,1,144,ATL,1,6,3,0.0,2025
777152,2025-07-12,133,OAK,1,141,TOR,1,7,1,0.0,2025
777132,2025-07-13,133,OAK,1,141,TOR,1,8,2,0.0,2025
777116,2025-07-13,133,OAK,1,141,TOR,0,9,3,0.0,2025
777105,2025-07-18,133,OAK,0,114,CLE,5,-1,1,2151.964503269304,2025
777104,2025-07-19,133,OAK,0,114,CLE,1,-2,2,0.0,2025
777084,2025-07-20,133,OAK,0,114,CLE,1,-3,3,0.0,2025
777057,2025-07-22,133,OAK,0,140,TEX,2,-4,1,1038.947571490186,2025
777043,2025-07-23,133,OAK,0,140,TEX,1,-5,2,0.0,2025
777033,2025-07-24,133,OAK,0,140,TEX,1,-6,3,0.0,2025
777025,2025-07-25,133,OAK,0,117,HOU,1,-7,1,230.66355960201378,2025
777007,2025-07-26,133,OAK,0,117,HOU,1,-8,2,0.0,2025
776991,2025-07-26,133,OAK,0,117,HOU,0,-9,3,0.0,2025
776976,2025-07-27,133,OAK,0,117,HOU,1,-10,4,0.0,2025
776957,2025-07-29,133,OAK,1,136,SEA,2,1,1,1631.2403491139823,2025
776944,2025-07-30,133,OAK,1,136,SEA,1,2,2,0.0,2025
776930,2025-07-31,133,OAK,1,136,SEA,1,3,3,0.0,2025
776914,2025-08-02,133,OAK,1,109,ARI,2,4,1,0.0,2025
776899,2025-08-03,133,OAK,1,109,ARI,1,5,2,0.0,2025
776881,2025-08-03,133,OAK,1,109,ARI,0,6,3,0.0,2025
776865,2025-08-05,133,OAK,0,120,WSH,2,-1,1,2426.060288182436,2025
776850,2025-08-06,133,OAK,0,120,WSH,1,-2,2,0.0,2025
776837,2025-08-07,133,OAK,0,120,WSH,1,-3,3,0.0,2025
776831,2025-08-08,133,OAK,0,110,BAL,1,-4,1,35.12148729233362,2025
776811,2025-08-09,133,OAK,0,110,BAL,1,-5,2,0.0,2025
776804,2025-08-10,133,OAK,0,110,BAL,1,-6,3,0.0,2025
776787,2025-08-12,133,OAK,1,139,TB,2,1,1,2440.085706209316,2025
776762,2025-08-13,133,OAK,1,139,TB,1,2,2,0.0,2025
776751,2025-08-14,133,OAK,1,139,TB,1,3,3,0.0,2025
776734,2025-08-16,133,OAK,1,108,LAA,2,4,1,0.0,2025
776718,2025-08-17,133,OAK,1,108,LAA,1,5,2,0.0,2025
776699,2025-08-17,133,OAK,1,108,LAA,0,6,3,0.0,2025
776674,2025-08-19,133,OAK,0,142,MIN,2,-1,1,1571.0292537363316,2025
776665,2025-08-20,133,OAK,0,142,MIN,1,-2,2,0.0,2025
776653,2025-08-21,133,OAK,0,142,MIN,1,-3,3,0.0,2025
776638,2025-08-23,133,OAK,0,136,SEA,2,-4,1,1390.7389323897291,2025
776602,2025-08-24,133,OAK,0,136,SEA,1,-5,2,0.0,2025
776620,2025-08-24,133,OAK,0,136,SEA,0,-6,3,0.0,2025
776590,2025-08-26,133,OAK,1,116,DET,2,1,1,679.9392003432476,2025
776573,2025-08-27,133,OAK,1,116,DET,1,2,2,0.0,2025
776559,2025-08-28,133,OAK,1,116,DET,1,3,3,0.0,2025
776538,2025-08-30,133,OAK,1,140,TEX,2,4,1,0.0,2025
776524,2025-08-31,133,OAK,1,140,TEX,1,5,2,0.0,2025
776508,2025-08-31,133,OAK,1,140,TEX,0,6,3,0.0,2025
776497,2025-09-01,133,OAK,0,138,STL,1,-1,1,1730.5555289171796,2025
776483,2025-09-02,133,OAK,0,138,STL,1,-2,2,0.0,2025
776470,2025-09-03,133,OAK,0,138,STL,1,-3,3,0.0,2025
776444,2025-09-06,133,OAK,0,108,LAA,3,-4,1,1572.920237629869,2025
776430,2025-09-07,133,OAK,0,108,LAA,1,-5,2,0.0,2025
776414,2025-09-07,133,OAK,0,108,LAA,0,-6,3,0.0,2025
776410,2025-09-09,133,OAK,1,111,BOS,2,1,1,364.7793033141838,2025
776396,2025-09-10,133,OAK,1,111,BOS,1,2,2,0.0,2025
776379,2025-09-10,133,OAK,1,111,BOS,0,3,3,0.0,2025
776358,2025-09-13,133,OAK,1,113,CIN,3,4,1,0.0,2025
776340,2025-09-14,133,OAK,1,113,CIN,1,5,2,0.0,2025
776327,2025-09-14,133,OAK,1,113,CIN,0,6,3,0.0,2025
776310,2025-09-16,133,OAK,0,111,BOS,2,-1,1,2680.900432109404,2025
776299,2025-09-17,133,OAK,0,111,BOS,1,-2,2,0.0,2025
776281,2025-09-18,133,OAK,0,111,BOS,1,-3,3,0.0,2025
776266,2025-09-19,133,OAK,0,134,PIT,1,-4,1,479.7911670433808,2025
776249,2025-09-20,133,OAK,0,134,PIT,1,-5,2,0.0,2025
776234,2025-09-21,133,OAK,0,134,PIT,1,-6,3,0.0,2025
776208,2025-09-24,133,OAK,1,117,HOU,3,1,1,2248.770953784645,2025
776195,2025-09-25,133,OAK,1,117,HOU,1,2,2,0.0,2025
776182,2025-09-25,133,OAK,1,117,HOU,0,3,3,0.0,2025
776172,2025-09-27,133,OAK,1,118,KC,2,4,1,0.0,2025
776154,2025-09-28,133,OAK,1,118,KC,1,5,2,0.0,2025
776138,2025-09-28,133,OAK,1,118,KC,0,6,3,0.0,2025
778562,2025-03-27,134,PIT,0,146,MIA,0,-1,1,1013.6533818001047,2025
778548,2025-03-28,134,PIT,0,146,MIA,1,-2,2,0.0,2025
778539,2025-03-29,134,PIT,0,146,MIA,1,-3,3,0.0,2025
778519,2025-03-30,134,PIT,0,146,MIA,1,-4,4,0.0,2025
778508,2025-03-31,134,PIT,0,139,TB,1,-5,1,203.5855811594844,2025
778493,2025-04-01,134,PIT,0,139,TB,1,-6,2,0.0,2025
778479,2025-04-02,134,PIT,0,139,TB,1,-7,3,0.0,2025
778461,2025-04-04,134,PIT,1,147,NYY,2,1,1,888.9341960973262,2025
778449,2025-04-05,134,PIT,1,147,NYY,1,2,2,0.0,2025
778428,2025-04-06,134,PIT,1,147,NYY,1,3,3,0.0,2025
778415,2025-04-07,134,PIT,1,138,STL,1,4,1,0.0,2025
778408,2025-04-08,134,PIT,1,138,STL,1,5,2,0.0,2025
778389,2025-04-09,134,PIT,1,138,STL,1,6,3,0.0,2025
778374,2025-04-11,134,PIT,0,113,CIN,2,-1,1,256.6044671740272,2025
778357,2025-04-12,134,PIT,0,113,CIN,1,-2,2,0.0,2025
778343,2025-04-13,134,PIT,0,113,CIN,1,-3,3,0.0,2025
778321,2025-04-14,134,PIT,1,120,WSH,1,1,1,256.6044671740272,2025
778314,2025-04-15,134,PIT,1,120,WSH,1,2,2,0.0,2025
778293,2025-04-16,134,PIT,1,120,WSH,1,3,3,0.0,2025
778280,2025-04-17,134,PIT,1,120,WSH,1,4,4,0.0,2025
778271,2025-04-18,134,PIT,1,114,CLE,1,5,1,0.0,2025
778254,2025-04-19,134,PIT,1,114,CLE,1,6,2,0.0,2025
778242,2025-04-20,134,PIT,1,114,CLE,1,7,3,0.0,2025
778211,2025-04-23,134,PIT,0,108,LAA,3,-1,1,2119.721965463812,2025
778202,2025-04-24,134,PIT,0,108,LAA,1,-2,2,0.0,2025
778191,2025-04-25,134,PIT,0,108,LAA,1,-3,3,0.0,2025
778176,2025-04-26,134,PIT,0,119,LAD,1,-4,1,27.87381208188066,2025
778163,2025-04-27,134,PIT,0,119,LAD,1,-5,2,0.0,2025
778145,2025-04-27,134,PIT,0,119,LAD,0,-6,3,0.0,2025
778135,2025-04-29,134,PIT,1,112,CHC,2,1,1,2130.9802254915467,2025
778112,2025-04-30,134,PIT,1,112,CHC,1,2,2,0.0,2025
778100,2025-05-01,134,PIT,1,112,CHC,1,3,3,0.0,2025
778090,2025-05-02,134,PIT,1,135,SD,1,4,1,0.0,2025
778065,2025-05-03,134,PIT,1,135,SD,1,5,2,0.0,2025
778051,2025-05-04,134,PIT,1,135,SD,1,6,3,0.0,2025
778036,2025-05-05,134,PIT,0,138,STL,1,-1,1,556.9698942849304,2025
778030,2025-05-06,134,PIT,0,138,STL,1,-2,2,0.0,2025
778016,2025-05-07,134,PIT,0,138,STL,1,-3,3,0.0,2025
777998,2025-05-09,134,PIT,1,144,ATL,2,1,1,556.9698942849304,2025
777985,2025-05-10,134,PIT,1,144,ATL,1,2,2,0.0,2025
777967,2025-05-11,134,PIT,1,144,ATL,1,3,3,0.0,2025
777950,2025-05-12,134,PIT,0,121,NYM,1,-1,1,323.80514004194157,2025
777943,2025-05-13,134,PIT,0,121,NYM,1,-2,2,0.0,2025
777919,2025-05-14,134,PIT,0,121,NYM,1,-3,3,0.0,2025
777905,2025-05-16,134,PIT,0,143,PHI,2,-4,1,91.08673366367736,2025
777894,2025-05-17,134,PIT,0,143,PHI,1,-5,2,0.0,2025
777880,2025-05-18,134,PIT,0,143,PHI,1,-6,3,0.0,2025
777859,2025-05-19,134,PIT,1,113,CIN,1,1,1,258.1684392529645,2025
777847,2025-05-20,134,PIT,1,113,CIN,1,2,2,0.0,2025
777834,2025-05-21,134,PIT,1,113,CIN,1,3,3,0.0,2025
777814,2025-05-22,134,PIT,1,158,MIL,1,4,1,0.0,2025
777806,2025-05-23,134,PIT,1,158,MIL,1,5,2,0.0,2025
777794,2025-05-24,134,PIT,1,158,MIL,1,6,3,0.0,2025
777776,2025-05-25,134,PIT,1,158,MIL,1,7,4,0.0,2025
777761,2025-05-27,134,PIT,0,109,ARI,2,-1,1,1824.319858955869,2025
777744,2025-05-28,134,PIT,0,109,ARI,1,-2,2,0.0,2025
777729,2025-05-28,134,PIT,0,109,ARI,0,-3,3,0.0,2025
777707,2025-05-31,134,PIT,0,135,SD,3,-4,1,299.07000924838377,2025
777691,2025-06-01,134,PIT,0,135,SD,1,-5,2,0.0,2025
777681,2025-06-01,134,PIT,0,135,SD,0,-6,3,0.0,2025
777663,2025-06-03,134,PIT,1,117,HOU,2,1,1,2112.926750844012,2025
777648,2025-06-04,134,PIT,1,117,HOU,1,2,2,0.0,2025
777630,2025-06-05,134,PIT,1,117,HOU,1,3,3,0.0,2025
777621,2025-06-06,134,PIT,1,143,PHI,1,4,1,0.0,2025
777607,2025-06-07,134,PIT,1,143,PHI,1,5,2,0.0,2025
777595,2025-06-08,134,PIT,1,143,PHI,1,6,3,0.0,2025
777574,2025-06-09,134,PIT,1,146,MIA,1,7,1,0.0,2025
777566,2025-06-10,134,PIT,1,146,MIA,1,8,2,0.0,2025
777552,2025-06-11,134,PIT,1,146,MIA,1,9,3,0.0,2025
777526,2025-06-13,134,PIT,0,112,CHC,2,-1,1,410.8665423703318,2025
777541,2025-06-13,134,PIT,0,112,CHC,0,-2,2,0.0,2025
777513,2025-06-14,134,PIT,0,112,CHC,1,-3,3,0.0,2025
777497,2025-06-15,134,PIT,0,112,CHC,1,-4,4,0.0,2025
777475,2025-06-17,134,PIT,0,116,DET,2,-5,1,237.53010712627383,2025
777451,2025-06-19,134,PIT,0,116,DET,1,-7,3,0.0,2025
777464,2025-06-19,134,PIT,0,116,DET,0,-8,4,0.0,2025
777432,2025-06-20,134,PIT,1,140,TEX,1,1,1,204.84355160436255,2025
777421,2025-06-21,134,PIT,1,140,TEX,1,2,2,0.0,2025
777404,2025-06-22,134,PIT,1,140,TEX,1,3,3,0.0,2025
777391,2025-06-23,134,PIT,0,158,MIL,1,-1,1,447.5172990364866,2025
777374,2025-06-24,134,PIT,0,158,MIL,1,-2,2,0.0,2025
777361,2025-06-25,134,PIT,0,158,MIL,1,-3,3,0.0,2025
777341,2025-06-27,134,PIT,1,121,NYM,2,1,1,447.5172990364866,2025
777325,2025-06-28,134,PIT,1,121,NYM,1,2,2,0.0,2025
777313,2025-06-29,134,PIT,1,121,NYM,1,3,3,0.0,2025
777299,2025-06-30,134,PIT,1,138,STL,1,4,1,0.0,2025
777288,2025-07-01,134,PIT,1,138,STL,1,5,2,0.0,2025
777272,2025-07-02,134,PIT,1,138,STL,1,6,3,0.0,2025
777236,2025-07-04,134,PIT,0,136,SEA,2,-1,1,2132.1912178257517,2025
777205,2025-07-06,134,PIT,0,136,SEA,2,-2,2,0.0,2025
777225,2025-07-06,134,PIT,0,136,SEA,0,-3,3,0.0,2025
777204,2025-07-07,134,PIT,0,118,KC,1,-4,1,1508.929102213115,2025
777194,2025-07-08,134,PIT,0,118,KC,1,-5,2,0.0,2025
777177,2025-07-09,134,PIT,0,118,KC,1,-6,3,0.0,2025
777148,2025-07-12,134,PIT,0,142,MIN,3,-7,1,414.3585559282368,2025
777134,2025-07-12,134,PIT,0,142,MIN,0,-8,2,0.0,2025
777113,2025-07-13,134,PIT,0,142,MIN,1,-9,3,0.0,2025
777107,2025-07-18,134,PIT,1,145,CWS,5,1,1,741.9088849917657,2025
777090,2025-07-19,134,PIT,1,145,CWS,1,2,2,0.0,2025
777074,2025-07-20,134,PIT,1,145,CWS,1,3,3,0.0,2025
777060,2025-07-21,134,PIT,1,116,DET,1,4,1,0.0,2025
777044,2025-07-22,134,PIT,1,116,DET,1,5,2,0.0,2025
777029,2025-07-23,134,PIT,1,116,DET,1,6,3,0.0,2025
777014,2025-07-25,134,PIT,1,109,ARI,2,7,1,0.0,2025
777002,2025-07-26,134,PIT,1,109,ARI,1,8,2,0.0,2025
776984,2025-07-27,134,PIT,1,109,ARI,1,9,3,0.0,2025
776964,2025-07-29,134,PIT,0,137,SF,2,-1,1,2257.9877065555274,2025
776943,2025-07-30,134,PIT,0,137,SF,1,-2,2,0.0,2025
776933,2025-07-30,134,PIT,0,137,SF,0,-3,3,0.0,2025
776904,2025-08-02,134,PIT,0,115,COL,3,-4,1,945.5308694116128,2025
776919,2025-08-02,134,PIT,0,115,COL,0,-5,2,0.0,2025
776886,2025-08-03,134,PIT,0,115,COL,1,-6,3,0.0,2025
776879,2025-08-04,134,PIT,1,137,SF,1,1,1,1317.1736538054608,2025
776866,2025-08-05,134,PIT,1,137,SF,1,2,2,0.0,2025
776844,2025-08-06,134,PIT,1,137,SF,1,3,3,0.0,2025
776840,2025-08-07,134,PIT,1,113,CIN,1,4,1,0.0,2025
776829,2025-08-08,134,PIT,1,113,CIN,1,5,2,0.0,2025
776812,2025-08-09,134,PIT,1,113,CIN,1,6,3,0.0,2025
776801,2025-08-10,134,PIT,1,113,CIN,1,7,4,0.0,2025
776786,2025-08-11,134,PIT,0,158,MIL,1,-1,1,447.5172990364866,2025
776771,2025-08-12,134,PIT,0,158,MIL,1,-2,2,0.0,2025
776755,2025-08-13,134,PIT,0,158,MIL,1,-3,3,0.0,2025
776737,2025-08-15,134,PIT,0,112,CHC,2,-4,1,76.31439882124853,2025
776719,2025-08-16,134,PIT,0,112,CHC,1,-5,2,0.0,2025
776704,2025-08-17,134,PIT,0,112,CHC,1,-6,3,0.0,2025
776694,2025-08-18,134,PIT,1,141,TOR,1,1,1,410.8665423703318,2025
776679,2025-08-19,134,PIT,1,141,TOR,1,2,2,0.0,2025
776661,2025-08-20,134,PIT,1,141,TOR,1,3,3,0.0,2025
776637,2025-08-22,134,PIT,1,115,COL,2,4,1,0.0,2025
776632,2025-08-23,134,PIT,1,115,COL,1,5,2,0.0,2025
776610,2025-08-24,134,PIT,1,115,COL,1,6,3,0.0,2025
776589,2025-08-25,134,PIT,0,138,STL,1,-1,1,556.9698942849304,2025
776578,2025-08-26,134,PIT,0,138,STL,1,-2,2,0.0,2025
776568,2025-08-27,134,PIT,0,138,STL,1,-3,3,0.0,2025
776554,2025-08-28,134,PIT,0,138,STL,1,-4,4,0.0,2025
776549,2025-08-29,134,PIT,0,111,BOS,1,-5,1,1033.5666994855094,2025
776539,2025-08-30,134,PIT,0,111,BOS,1,-6,2,0.0,2025
776517,2025-08-31,134,PIT,0,111,BOS,1,-7,3,0.0,2025
776496,2025-09-02,134,PIT,1,119,LAD,2,1,1,479.7911670433808,2025
776479,2025-09-03,134,PIT,1,119,LAD,1,2,2,0.0,2025
776461,2025-09-04,134,PIT,1,119,LAD,1,3,3,0.0,2025
776453,2025-09-05,134,PIT,1,158,MIL,1,4,1,0.0,2025
776441,2025-09-06,134,PIT,1,158,MIL,1,5,2,0.0,2025
776419,2025-09-07,134,PIT,1,158,MIL,1,6,3,0.0,2025
776401,2025-09-09,134,PIT,0,110,BAL,2,-1,1,196.62316008554197,2025
776387,2025-09-10,134,PIT,0,110,BAL,1,-2,2,0.0,2025
776372,2025-09-11,134,PIT,0,110,BAL,1,-3,3,0.0,2025
776351,2025-09-12,134,PIT,0,120,WSH,1,-4,1,35.12148729233362,2025
776336,2025-09-13,134,PIT,0,120,WSH,1,-5,2,0.0,2025
776320,2025-09-14,134,PIT,0,120,WSH,1,-6,3,0.0,2025
776318,2025-09-15,134,PIT,1,112,CHC,1,1,1,193.0230929231441,2025
776308,2025-09-16,134,PIT,1,112,CHC,1,2,2,0.0,2025
776287,2025-09-17,134,PIT,1,112,CHC,1,3,3,0.0,2025
776266,2025-09-19,134,PIT,1,133,OAK,2,4,1,0.0,2025
776249,2025-09-20,134,PIT,1,133,OAK,1,5,2,0.0,2025
776234,2025-09-21,134,PIT,1,133,OAK,1,6,3,0.0,2025
776224,2025-09-23,134,PIT,0,113,CIN,2,-1,1,256.6044671740272,2025
776202,2025-09-24,134,PIT,0,113,CIN,1,-2,2,0.0,2025
776190,2025-09-25,134,PIT,0,113,CIN,1,-3,3,0.0,2025
776180,2025-09-26,134,PIT,0,144,ATL,1,-4,1,359.8050212534856,2025
776156,2025-09-27,134,PIT,0,144,ATL,1,-5,2,0.0,2025
776149,2025-09-28,134,PIT,0,144,ATL,1,-6,3,0.0,2025
778545,2025-03-27,135,SD,1,144,ATL,0,1,1,0.0,2025
778542,2025-03-29,135,SD,1,144,ATL,2,2,2,0.0,2025
778520,2025-03-29,135,SD,1,144,ATL,0,3,3,0.0,2025
778514,2025-03-30,135,SD,1,144,ATL,1,4,4,0.0,2025
778499,2025-04-01,135,SD,1,114,CLE,2,5,1,0.0,2025
778485,2025-04-02,135,SD,1,114,CLE,1,6,2,0.0,2025
778476,2025-04-02,135,SD,1,114,CLE,0,7,3,0.0,2025
778460,2025-04-04,135,SD,0,112,CHC,2,-1,1,1731.4493412522409,2025
778450,2025-04-05,135,SD,0,112,CHC,1,-2,2,0.0,2025
778430,2025-04-06,135,SD,0,112,CHC,1,-3,3,0.0,2025
778414,2025-04-08,135,SD,0,133,OAK,2,-4,1,1842.6147174758498,2025
778395,2025-04-09,135,SD,0,133,OAK,1,-5,2,0.0,2025
778381,2025-04-09,135,SD,0,133,OAK,0,-6,3,0.0,2025
778361,2025-04-12,135,SD,1,115,COL,3,1,1,449.84278611734885,2025
778352,2025-04-13,135,SD,1,115,COL,1,2,2,0.0,2025
778330,2025-04-13,135,SD,1,115,COL,0,3,3,0.0,2025
778315,2025-04-15,135,SD,1,112,CHC,2,4,1,0.0,2025
778305,2025-04-16,135,SD,1,112,CHC,1,5,2,0.0,2025
778288,2025-04-16,135,SD,1,112,CHC,0,6,3,0.0,2025
778259,2025-04-19,135,SD,0,117,HOU,3,-1,1,1301.7555415501963,2025
778269,2025-04-19,135,SD,0,117,HOU,0,-2,2,0.0,2025
778237,2025-04-20,135,SD,0,117,HOU,1,-3,3,0.0,2025
778228,2025-04-21,135,SD,0,116,DET,1,-4,1,1105.8761830717617,2025
778221,2025-04-22,135,SD,0,116,DET,1,-5,2,0.0,2025
778209,2025-04-23,135,SD,0,116,DET,1,-6,3,0.0,2025
778172,2025-04-26,135,SD,1,139,TB,3,1,1,1968.4968227988124,2025
778160,2025-04-27,135,SD,1,139,TB,1,2,2,0.0,2025
778146,2025-04-27,135,SD,1,139,TB,0,3,3,0.0,2025
778126,2025-04-30,135,SD,1,137,SF,3,4,1,0.0,2025
778105,2025-04-30,135,SD,1,137,SF,0,5,2,0.0,2025
778090,2025-05-02,135,SD,0,134,PIT,2,-1,1,2112.926750844012,2025
778065,2025-05-03,135,SD,0,134,PIT,1,-2,2,0.0,2025
778051,2025-05-04,135,SD,0,134,PIT,1,-3,3,0.0,2025
778045,2025-05-05,135,SD,0,147,NYY,1,-4,1,319.800970833564,2025
778041,2025-05-06,135,SD,0,147,NYY,1,-5,2,0.0,2025
778019,2025-05-07,135,SD,0,147,NYY,1,-6,3,0.0,2025
777993,2025-05-10,135,SD,0,115,COL,3,-7,1,1630.5053800190935,2025
777976,2025-05-11,135,SD,0,115,COL,1,-8,2,0.0,2025
777955,2025-05-11,135,SD,0,115,COL,0,-9,3,0.0,2025
777947,2025-05-13,135,SD,1,108,LAA,2,1,1,833.4460828296096,2025
777932,2025-05-14,135,SD,1,108,LAA,1,2,2,0.0,2025
777914,2025-05-15,135,SD,1,108,LAA,1,3,3,0.0,2025
777896,2025-05-17,135,SD,1,136,SEA,2,4,1,0.0,2025
777875,2025-05-18,135,SD,1,136,SEA,1,5,2,0.0,2025
777868,2025-05-18,135,SD,1,136,SEA,0,6,3,0.0,2025
777845,2025-05-20,135,SD,0,141,TOR,2,-1,1,2164.134585402176,2025
777837,2025-05-21,135,SD,0,141,TOR,1,-2,2,0.0,2025
777816,2025-05-22,135,SD,0,141,TOR,1,-3,3,0.0,2025
777813,2025-05-23,135,SD,0,144,ATL,1,-4,1,726.7999515006941,2025
777803,2025-05-24,135,SD,0,144,ATL,1,-5,2,0.0,2025
777783,2025-05-25,135,SD,0,144,ATL,1,-6,3,0.0,2025
777756,2025-05-27,135,SD,1,146,MIA,2,1,1,1881.7053801870268,2025
777742,2025-05-28,135,SD,1,146,MIA,1,2,2,0.0,2025
777726,2025-05-28,135,SD,1,146,MIA,0,3,3,0.0,2025
777707,2025-05-31,135,SD,1,134,PIT,3,4,1,0.0,2025
777691,2025-06-01,135,SD,1,134,PIT,1,5,2,0.0,2025
777681,2025-06-01,135,SD,1,134,PIT,0,6,3,0.0,2025
777676,2025-06-03,135,SD,0,137,SF,2,-1,1,458.03894144483473,2025
777656,2025-06-04,135,SD,0,137,SF,1,-2,2,0.0,2025
777633,2025-06-05,135,SD,0,137,SF,1,-3,3,0.0,2025
777641,2025-06-05,135,SD,0,137,SF,0,-4,4,0.0,2025
777617,2025-06-07,135,SD,0,158,MIL,2,-5,1,1833.5573982316243,2025
777597,2025-06-07,135,SD,0,158,MIL,0,-6,2,0.0,2025
777586,2025-06-08,135,SD,0,158,MIL,1,-7,3,0.0,2025
777579,2025-06-10,135,SD,1,119,LAD,2,1,1,1732.8547359706142,2025
777560,2025-06-11,135,SD,1,119,LAD,1,2,2,0.0,2025
777543,2025-06-11,135,SD,1,119,LAD,0,3,3,0.0,2025
777515,2025-06-14,135,SD,0,109,ARI,3,-1,1,299.07000924838377,2025
777521,2025-06-14,135,SD,0,109,ARI,0,-2,2,0.0,2025
777491,2025-06-15,135,SD,0,109,ARI,1,-3,3,0.0,2025
777490,2025-06-17,135,SD,0,119,LAD,2,-4,1,357.22532088939374,2025
777471,2025-06-18,135,SD,0,119,LAD,1,-5,2,0.0,2025
777457,2025-06-19,135,SD,0,119,LAD,1,-6,3,0.0,2025
777442,2025-06-20,135,SD,0,119,LAD,1,-7,4,0.0,2025
777426,2025-06-21,135,SD,1,118,KC,1,1,1,113.20881075215142,2025
777413,2025-06-21,135,SD,1,118,KC,0,2,2,0.0,2025
777396,2025-06-22,135,SD,1,118,KC,1,3,3,0.0,2025
777382,2025-06-24,135,SD,1,120,WSH,2,4,1,0.0,2025
777360,2025-06-25,135,SD,1,120,WSH,1,5,2,0.0,2025
777372,2025-06-25,135,SD,1,120,WSH,0,6,3,0.0,2025
777346,2025-06-27,135,SD,0,113,CIN,2,-1,1,1869.1251200134675,2025
777328,2025-06-28,135,SD,0,113,CIN,1,-2,2,0.0,2025
777312,2025-06-29,135,SD,0,113,CIN,1,-3,3,0.0,2025
777306,2025-06-30,135,SD,0,143,PHI,1,-4,1,500.9471415614062,2025
777273,2025-07-02,135,SD,0,143,PHI,1,-6,3,0.0,2025
777290,2025-07-02,135,SD,0,143,PHI,0,-7,4,0.0,2025
777239,2025-07-04,135,SD,1,140,TEX,2,1,1,2367.9373803347366,2025
777223,2025-07-06,135,SD,1,140,TEX,2,2,2,0.0,2025
777207,2025-07-07,135,SD,1,140,TEX,1,3,3,0.0,2025
777203,2025-07-08,135,SD,1,109,ARI,1,4,1,0.0,2025
777185,2025-07-09,135,SD,1,109,ARI,1,5,2,0.0,2025
777162,2025-07-10,135,SD,1,109,ARI,1,6,3,0.0,2025
777158,2025-07-11,135,SD,1,109,ARI,1,7,4,0.0,2025
777139,2025-07-12,135,SD,1,143,PHI,1,8,1,0.0,2025
777126,2025-07-12,135,SD,1,143,PHI,0,9,2,0.0,2025
777117,2025-07-13,135,SD,1,143,PHI,1,10,3,0.0,2025
777112,2025-07-18,135,SD,0,120,WSH,5,-1,1,2271.6169527029847,2025
777091,2025-07-19,135,SD,0,120,WSH,1,-2,2,0.0,2025
777077,2025-07-20,135,SD,0,120,WSH,1,-3,3,0.0,2025
777062,2025-07-21,135,SD,0,146,MIA,1,-4,1,923.8773279819753,2025
777052,2025-07-22,135,SD,0,146,MIA,1,-5,2,0.0,2025
777037,2025-07-23,135,SD,0,146,MIA,1,-6,3,0.0,2025
777023,2025-07-24,135,SD,0,138,STL,1,-7,1,1060.3584631013382,2025
777005,2025-07-25,135,SD,0,138,STL,1,-8,2,0.0,2025
776992,2025-07-26,135,SD,0,138,STL,1,-9,3,0.0,2025
776980,2025-07-27,135,SD,0,138,STL,1,-10,4,0.0,2025
776959,2025-07-29,135,SD,1,121,NYM,2,1,1,1561.6025452697695,2025
776947,2025-07-30,135,SD,1,121,NYM,1,2,2,0.0,2025
776931,2025-07-30,135,SD,1,121,NYM,0,3,3,0.0,2025
776906,2025-08-02,135,SD,1,138,STL,3,4,1,0.0,2025
776884,2025-08-03,135,SD,1,138,STL,1,5,2,0.0,2025
776896,2025-08-03,135,SD,1,138,STL,0,6,3,0.0,2025
776873,2025-08-05,135,SD,0,109,ARI,2,-1,1,299.07000924838377,2025
776852,2025-08-06,135,SD,0,109,ARI,1,-2,2,0.0,2025
776838,2025-08-07,135,SD,0,109,ARI,1,-3,3,0.0,2025
776820,2025-08-09,135,SD,1,111,BOS,2,1,1,299.07000924838377,2025
776807,2025-08-10,135,SD,1,111,BOS,1,2,2,0.0,2025
776789,2025-08-10,135,SD,1,111,BOS,0,3,3,0.0,2025
776780,2025-08-12,135,SD,0,137,SF,2,-1,1,458.03894144483473,2025
776767,2025-08-13,135,SD,0,137,SF,1,-2,2,0.0,2025
776749,2025-08-13,135,SD,0,137,SF,0,-3,3,0.0,2025
776727,2025-08-16,135,SD,0,119,LAD,3,-4,1,345.5052646422354,2025
776717,2025-08-17,135,SD,0,119,LAD,1,-5,2,0.0,2025
776697,2025-08-17,135,SD,0,119,LAD,0,-6,3,0.0,2025
776683,2025-08-19,135,SD,1,137,SF,2,1,1,113.20881075215142,2025
776667,2025-08-20,135,SD,1,137,SF,1,2,2,0.0,2025
776656,2025-08-21,135,SD,1,137,SF,1,3,3,0.0,2025
776642,2025-08-21,135,SD,1,137,SF,0,4,4,0.0,2025
776636,2025-08-23,135,SD,1,119,LAD,2,5,1,0.0,2025
776617,2025-08-24,135,SD,1,119,LAD,1,6,2,0.0,2025
776603,2025-08-24,135,SD,1,119,LAD,0,7,3,0.0,2025
776595,2025-08-26,135,SD,0,136,SEA,2,-1,1,1063.509772580899,2025
776577,2025-08-27,135,SD,0,136,SEA,1,-2,2,0.0,2025
776561,2025-08-27,135,SD,0,136,SEA,0,-3,3,0.0,2025
776541,2025-08-30,135,SD,0,142,MIN,3,-4,1,1390.7389323897291,2025
776530,2025-08-30,135,SD,0,142,MIN,0,-5,2,0.0,2025
776513,2025-08-31,135,SD,0,142,MIN,1,-6,3,0.0,2025
776494,2025-09-01,135,SD,1,110,BAL,1,1,1,1530.561766187142,2025
776480,2025-09-03,135,SD,1,110,BAL,2,2,2,0.0,2025
776465,2025-09-03,135,SD,1,110,BAL,0,3,3,0.0,2025
776442,2025-09-06,135,SD,0,115,COL,3,-1,1,833.4460828296096,2025
776417,2025-09-07,135,SD,0,115,COL,1,-2,2,0.0,2025
776431,2025-09-07,135,SD,0,115,COL,0,-3,3,0.0,2025
776407,2025-09-09,135,SD,1,113,CIN,2,1,1,833.4460828296096,2025
776392,2025-09-10,135,SD,1,113,CIN,1,2,2,0.0,2025
776377,2025-09-11,135,SD,1,113,CIN,1,3,3,0.0,2025
776365,2025-09-12,135,SD,1,115,COL,1,4,1,0.0,2025
776357,2025-09-13,135,SD,1,115,COL,1,5,2,0.0,2025
776341,2025-09-14,135,SD,1,115,COL,1,6,3,0.0,2025
776323,2025-09-14,135,SD,1,115,COL,0,7,4,0.0,2025
776304,2025-09-16,135,SD,0,121,NYM,2,-1,1,2436.313085576127,2025
776288,2025-09-17,135,SD,0,121,NYM,1,-2,2,0.0,2025
776276,2025-09-18,135,SD,0,121,NYM,1,-3,3,0.0,2025
776264,2025-09-19,135,SD,0,145,CWS,1,-4,1,718.8569327739972,2025
776250,2025-09-20,135,SD,0,145,CWS,1,-5,2,0.0,2025
776235,2025-09-21,135,SD,0,145,CWS,1,-6,3,0.0,2025
776222,2025-09-23,135,SD,1,158,MIL,2,1,1,1730.856111183581,2025
776214,2025-09-24,135,SD,1,158,MIL,1,2,2,0.0,2025
776198,2025-09-24,135,SD,1,158,MIL,0,3,3,0.0,2025
776170,2025-09-27,135,SD,1,109,ARI,3,4,1,0.0,2025
776152,2025-09-28,135,SD,1,109,ARI,1,5,2,0.0,2025
776136,2025-09-28,135,SD,1,109,ARI,0,6,3,0.0,2025
778547,2025-03-28,136,SEA,1,133,OAK,0,1,1,0.0,2025
778541,2025-03-29,136,SEA,1,133,OAK,1,2,2,0.0,2025
778521,2025-03-30,136,SEA,1,133,OAK,1,3,3,0.0,2025
778513,2025-03-30,136,SEA,1,133,OAK,0,4,4,0.0,2025
778496,2025-04-01,136,SEA,1,116,DET,2,5,1,0.0,2025
778486,2025-04-02,136,SEA,1,116,DET,1,6,2,0.0,2025
778469,2025-04-02,136,SEA,1,116,DET,0,7,3,0.0,2025
778444,2025-04-04,136,SEA,0,137,SF,2,-1,1,678.0468674235019,2025
778427,2025-04-06,136,SEA,0,137,SF,2,-2,2,0.0,2025
778436,2025-04-06,136,SEA,0,137,SF,0,-3,3,0.0,2025
778405,2025-04-08,136,SEA,1,117,HOU,2,1,1,678.0468674235019,2025
778398,2025-04-09,136,SEA,1,117,HOU,1,2,2,0.0,2025
778383,2025-04-09,136,SEA,1,117,HOU,0,3,3,0.0,2025
778360,2025-04-12,136,SEA,1,140,TEX,3,4,1,0.0,2025
778341,2025-04-13,136,SEA,1,140,TEX,1,5,2,0.0,2025
778334,2025-04-13,136,SEA,1,140,TEX,0,6,3,0.0,2025
778316,2025-04-15,136,SEA,0,113,CIN,2,-1,1,1967.2197762141295,2025
778304,2025-04-16,136,SEA,0,113,CIN,1,-2,2,0.0,2025
778285,2025-04-17,136,SEA,0,113,CIN,1,-3,3,0.0,2025
778273,2025-04-18,136,SEA,0,141,TOR,1,-4,1,410.94298565561166,2025
778258,2025-04-19,136,SEA,0,141,TOR,1,-5,2,0.0,2025
778241,2025-04-20,136,SEA,0,141,TOR,1,-6,3,0.0,2025
778224,2025-04-22,136,SEA,0,111,BOS,2,-7,1,428.32913029317257,2025
778207,2025-04-23,136,SEA,0,111,BOS,1,-8,2,0.0,2025
778196,2025-04-24,136,SEA,0,111,BOS,1,-9,3,0.0,2025
778175,2025-04-26,136,SEA,1,146,MIA,2,1,1,2484.5557470593844,2025
778154,2025-04-27,136,SEA,1,146,MIA,1,2,2,0.0,2025
778136,2025-04-27,136,SEA,1,146,MIA,0,3,3,0.0,2025
778121,2025-04-30,136,SEA,1,108,LAA,3,4,1,0.0,2025
778104,2025-04-30,136,SEA,1,108,LAA,0,5,2,0.0,2025
778070,2025-05-03,136,SEA,0,140,TEX,3,-1,1,1668.9357465944922,2025
778083,2025-05-03,136,SEA,0,140,TEX,0,-2,2,0.0,2025
778052,2025-05-04,136,SEA,0,140,TEX,1,-3,3,0.0,2025
778038,2025-05-06,136,SEA,0,133,OAK,2,-4,1,1453.9867485388631,2025
778024,2025-05-07,136,SEA,0,133,OAK,1,-5,2,0.0,2025
778010,2025-05-07,136,SEA,0,133,OAK,0,-6,3,0.0,2025
777984,2025-05-10,136,SEA,1,141,TOR,3,1,1,679.9392003432476,2025
777970,2025-05-11,136,SEA,1,141,TOR,1,2,2,0.0,2025
777958,2025-05-11,136,SEA,1,141,TOR,0,3,3,0.0,2025
777941,2025-05-13,136,SEA,1,147,NYY,2,4,1,0.0,2025
777915,2025-05-14,136,SEA,1,147,NYY,1,5,2,0.0,2025
777926,2025-05-14,136,SEA,1,147,NYY,0,6,3,0.0,2025
777896,2025-05-17,136,SEA,0,135,SD,3,-1,1,1063.509772580899,2025
777875,2025-05-18,136,SEA,0,135,SD,1,-2,2,0.0,2025
777868,2025-05-18,136,SEA,0,135,SD,0,-3,3,0.0,2025
777857,2025-05-19,136,SEA,0,145,CWS,1,-4,1,1730.856111183581,2025
777846,2025-05-20,136,SEA,0,145,CWS,1,-5,2,0.0,2025
777830,2025-05-21,136,SEA,0,145,CWS,1,-6,3,0.0,2025
777822,2025-05-23,136,SEA,0,117,HOU,2,-7,1,938.7707116803103,2025
777800,2025-05-24,136,SEA,0,117,HOU,1,-8,2,0.0,2025
777787,2025-05-24,136,SEA,0,117,HOU,0,-9,3,0.0,2025
777774,2025-05-25,136,SEA,0,117,HOU,1,-10,4,0.0,2025
777743,2025-05-28,136,SEA,1,120,WSH,3,1,1,1889.6158526975785,2025
777730,2025-05-29,136,SEA,1,120,WSH,1,2,2,0.0,2025
777722,2025-05-30,136,SEA,1,120,WSH,1,3,3,0.0,2025
777713,2025-05-31,136,SEA,1,142,MIN,1,4,1,0.0,2025
777695,2025-05-31,136,SEA,1,142,MIN,0,5,2,0.0,2025
777680,2025-06-01,136,SEA,1,142,MIN,1,6,3,0.0,2025
777655,2025-06-04,136,SEA,1,110,BAL,3,7,1,0.0,2025
777645,2025-06-05,136,SEA,1,110,BAL,1,8,2,0.0,2025
777628,2025-06-05,136,SEA,1,110,BAL,0,9,3,0.0,2025
777614,2025-06-07,136,SEA,0,108,LAA,2,-1,1,980.5935873257743,2025
777603,2025-06-08,136,SEA,0,108,LAA,1,-2,2,0.0,2025
777589,2025-06-08,136,SEA,0,108,LAA,0,-3,3,0.0,2025
777577,2025-06-10,136,SEA,0,109,ARI,2,-4,1,335.4914545335198,2025
777559,2025-06-11,136,SEA,0,109,ARI,1,-5,2,0.0,2025
777548,2025-06-11,136,SEA,0,109,ARI,0,-6,3,0.0,2025
777520,2025-06-14,136,SEA,1,114,CLE,3,1,1,1114.0691793592323,2025
777507,2025-06-15,136,SEA,1,114,CLE,1,2,2,0.0,2025
777495,2025-06-15,136,SEA,1,114,CLE,0,3,3,0.0,2025
777486,2025-06-17,136,SEA,1,111,BOS,2,4,1,0.0,2025
777453,2025-06-18,136,SEA,1,111,BOS,1,5,2,0.0,2025
777473,2025-06-18,136,SEA,1,111,BOS,0,6,3,0.0,2025
777436,2025-06-20,136,SEA,0,112,CHC,2,-1,1,1729.7949926063106,2025
777419,2025-06-21,136,SEA,0,112,CHC,1,-2,2,0.0,2025
777403,2025-06-22,136,SEA,0,112,CHC,1,-3,3,0.0,2025
777388,2025-06-23,136,SEA,0,142,MIN,1,-4,1,351.19627848712736,2025
777375,2025-06-24,136,SEA,0,142,MIN,1,-5,2,0.0,2025
777363,2025-06-25,136,SEA,0,142,MIN,1,-6,3,0.0,2025
777356,2025-06-26,136,SEA,0,142,MIN,1,-7,4,0.0,2025
777322,2025-06-28,136,SEA,0,140,TEX,2,-8,1,869.2690937301206,2025
777340,2025-06-28,136,SEA,0,140,TEX,0,-9,2,0.0,2025
777302,2025-06-29,136,SEA,0,140,TEX,1,-10,3,0.0,2025
777297,2025-07-01,136,SEA,1,118,KC,2,1,1,1668.9357465944922,2025
777281,2025-07-02,136,SEA,1,118,KC,1,2,2,0.0,2025
777262,2025-07-03,136,SEA,1,118,KC,1,3,3,0.0,2025
777251,2025-07-04,136,SEA,1,118,KC,1,4,4,0.0,2025
777236,2025-07-04,136,SEA,1,134,PIT,0,5,1,0.0,2025
777225,2025-07-06,136,SEA,1,134,PIT,2,6,2,0.0,2025
777205,2025-07-06,136,SEA,1,134,PIT,0,7,3,0.0,2025
777187,2025-07-08,136,SEA,0,147,NYY,2,-1,1,2402.134394397607,2025
777184,2025-07-09,136,SEA,0,147,NYY,1,-2,2,0.0,2025
777169,2025-07-10,136,SEA,0,147,NYY,1,-3,3,0.0,2025
777161,2025-07-11,136,SEA,0,116,DET,1,-4,1,482.6121717715705,2025
777145,2025-07-12,136,SEA,0,116,DET,1,-5,2,0.0,2025
777121,2025-07-13,136,SEA,0,116,DET,1,-6,3,0.0,2025
777099,2025-07-19,136,SEA,1,117,HOU,6,1,1,1933.051781296917,2025
777086,2025-07-20,136,SEA,1,117,HOU,1,2,2,0.0,2025
777067,2025-07-20,136,SEA,1,117,HOU,0,3,3,0.0,2025
777050,2025-07-22,136,SEA,1,158,MIL,2,4,1,0.0,2025
777024,2025-07-23,136,SEA,1,158,MIL,1,5,2,0.0,2025
777035,2025-07-23,136,SEA,1,158,MIL,0,6,3,0.0,2025
777018,2025-07-25,136,SEA,0,108,LAA,2,-1,1,980.5935873257743,2025
777006,2025-07-26,136,SEA,0,108,LAA,1,-2,2,0.0,2025
776995,2025-07-27,136,SEA,0,108,LAA,1,-3,3,0.0,2025
776977,2025-07-27,136,SEA,0,108,LAA,0,-4,4,0.0,2025
776957,2025-07-29,136,SEA,0,133,OAK,2,-5,1,364.7793033141838,2025
776944,2025-07-30,136,SEA,0,133,OAK,1,-6,2,0.0,2025
776930,2025-07-31,136,SEA,0,133,OAK,1,-7,3,0.0,2025
776923,2025-08-01,136,SEA,1,140,TEX,1,1,1,679.9392003432476,2025
776897,2025-08-02,136,SEA,1,140,TEX,1,2,2,0.0,2025
776908,2025-08-02,136,SEA,1,140,TEX,0,3,3,0.0,2025
776883,2025-08-03,136,SEA,1,140,TEX,1,4,4,0.0,2025
776857,2025-08-06,136,SEA,1,145,CWS,3,5,1,0.0,2025
776841,2025-08-07,136,SEA,1,145,CWS,1,6,2,0.0,2025
776830,2025-08-07,136,SEA,1,145,CWS,0,7,3,0.0,2025
776824,2025-08-09,136,SEA,1,139,TB,2,8,1,0.0,2025
776805,2025-08-10,136,SEA,1,139,TB,1,9,2,0.0,2025
776791,2025-08-10,136,SEA,1,139,TB,0,10,3,0.0,2025
776776,2025-08-12,136,SEA,0,110,BAL,2,-1,1,2328.21147385152,2025
776761,2025-08-13,136,SEA,0,110,BAL,1,-2,2,0.0,2025
776750,2025-08-14,136,SEA,0,110,BAL,1,-3,3,0.0,2025
776736,2025-08-15,136,SEA,0,121,NYM,1,-4,1,178.7068782315623,2025
776726,2025-08-16,136,SEA,0,121,NYM,1,-5,2,0.0,2025
776707,2025-08-17,136,SEA,0,121,NYM,1,-6,3,0.0,2025
776689,2025-08-18,136,SEA,0,143,PHI,1,-7,1,91.08673366367736,2025
776680,2025-08-19,136,SEA,0,143,PHI,1,-8,2,0.0,2025
776662,2025-08-20,136,SEA,0,143,PHI,1,-9,3,0.0,2025
776638,2025-08-23,136,SEA,1,133,OAK,3,1,1,2374.914766881297,2025
776620,2025-08-24,136,SEA,1,133,OAK,1,2,2,0.0,2025
776602,2025-08-24,136,SEA,1,133,OAK,0,3,3,0.0,2025
776595,2025-08-26,136,SEA,1,135,SD,2,4,1,0.0,2025
776577,2025-08-27,136,SEA,1,135,SD,1,5,2,0.0,2025
776561,2025-08-27,136,SEA,1,135,SD,0,6,3,0.0,2025
776547,2025-08-29,136,SEA,0,114,CLE,2,-1,1,2021.2763610125958,2025
776537,2025-08-30,136,SEA,0,114,CLE,1,-2,2,0.0,2025
776521,2025-08-31,136,SEA,0,114,CLE,1,-3,3,0.0,2025
776504,2025-09-01,136,SEA,0,139,TB,1,-4,1,950.1419996181558,2025
776485,2025-09-02,136,SEA,0,139,TB,1,-5,2,0.0,2025
776476,2025-09-03,136,SEA,0,139,TB,1,-6,3,0.0,2025
776460,2025-09-05,136,SEA,0,144,ATL,2,-7,1,436.50640754877156,2025
776447,2025-09-06,136,SEA,0,144,ATL,1,-8,2,0.0,2025
776428,2025-09-07,136,SEA,0,144,ATL,1,-9,3,0.0,2025
776400,2025-09-09,136,SEA,1,138,STL,2,1,1,2168.6743984875366,2025
776391,2025-09-10,136,SEA,1,138,STL,1,2,2,0.0,2025
776373,2025-09-11,136,SEA,1,138,STL,1,3,3,0.0,2025
776362,2025-09-12,136,SEA,1,108,LAA,1,4,1,0.0,2025
776345,2025-09-13,136,SEA,1,108,LAA,1,5,2,0.0,2025
776333,2025-09-14,136,SEA,1,108,LAA,1,6,3,0.0,2025
776317,2025-09-14,136,SEA,1,108,LAA,0,7,4,0.0,2025
776302,2025-09-16,136,SEA,0,118,KC,2,-1,1,1508.929102213115,2025
776289,2025-09-17,136,SEA,0,118,KC,1,-2,2,0.0,2025
776272,2025-09-18,136,SEA,0,118,KC,1,-3,3,0.0,2025
776262,2025-09-20,136,SEA,0,117,HOU,2,-4,1,644.1456886709294,2025
776248,2025-09-20,136,SEA,0,117,HOU,0,-5,2,0.0,2025
776228,2025-09-21,136,SEA,0,117,HOU,1,-6,3,0.0,2025
776212,2025-09-24,136,SEA,1,115,COL,3,1,1,1889.6158526975785,2025
776194,2025-09-25,136,SEA,1,115,COL,1,2,2,0.0,2025
776179,2025-09-26,136,SEA,1,115,COL,1,3,3,0.0,2025
776168,2025-09-27,136,SEA,1,119,LAD,1,4,1,0.0,2025
776150,2025-09-28,136,SEA,1,119,LAD,1,5,2,0.0,2025
776139,2025-09-28,136,SEA,1,119,LAD,0,6,3,0.0,2025
778561,2025-03-27,137,SF,0,113,CIN,0,-1,1,2037.340018250872,2025
778540,2025-03-29,137,SF,0,113,CIN,2,-2,2,0.0,2025
778522,2025-03-30,137,SF,0,113,CIN,1,-3,3,0.0,2025
778505,2025-04-01,137,SF,0,117,HOU,2,-4,1,892.3931536123845,2025
778489,2025-04-02,137,SF,0,117,HOU,1,-5,2,0.0,2025
778475,2025-04-02,137,SF,0,117,HOU,0,-6,3,0.0,2025
778444,2025-04-04,137,SF,1,136,SEA,2,1,1,1641.7172266838993,2025
778427,2025-04-06,137,SF,1,136,SEA,2,2,2,0.0,2025
778436,2025-04-06,137,SF,1,136,SEA,0,3,3,0.0,2025
778410,2025-04-08,137,SF,1,113,CIN,2,4,1,0.0,2025
778397,2025-04-09,137,SF,1,113,CIN,1,5,2,0.0,2025
778376,2025-04-09,137,SF,1,113,CIN,0,6,3,0.0,2025
778370,2025-04-11,137,SF,0,147,NYY,2,-1,1,2566.6887885506762,2025
778355,2025-04-12,137,SF,0,147,NYY,1,-2,2,0.0,2025
778339,2025-04-13,137,SF,0,147,NYY,1,-3,3,0.0,2025
778320,2025-04-14,137,SF,0,143,PHI,1,-4,1,91.29714579232771,2025
778313,2025-04-15,137,SF,0,143,PHI,1,-5,2,0.0,2025
778296,2025-04-16,137,SF,0,143,PHI,1,-6,3,0.0,2025
778279,2025-04-17,137,SF,0,143,PHI,1,-7,4,0.0,2025
778260,2025-04-19,137,SF,0,108,LAA,2,-8,1,2376.1543610675667,2025
778243,2025-04-20,137,SF,0,108,LAA,1,-9,2,0.0,2025
778232,2025-04-20,137,SF,0,108,LAA,0,-10,3,0.0,2025
778226,2025-04-22,137,SF,1,158,MIL,2,1,1,373.21886529538057,2025
778210,2025-04-23,137,SF,1,158,MIL,1,2,2,0.0,2025
778198,2025-04-24,137,SF,1,158,MIL,1,3,3,0.0,2025
778194,2025-04-24,137,SF,1,158,MIL,0,4,4,0.0,2025
778171,2025-04-26,137,SF,1,140,TEX,2,5,1,0.0,2025
778159,2025-04-26,137,SF,1,140,TEX,0,6,2,0.0,2025
778151,2025-04-27,137,SF,1,140,TEX,1,7,3,0.0,2025
778126,2025-04-30,137,SF,0,135,SD,3,-1,1,458.03894144483473,2025
778105,2025-04-30,137,SF,0,135,SD,0,-2,2,0.0,2025
778098,2025-05-02,137,SF,1,115,COL,2,1,1,458.03894144483473,2025
778082,2025-05-03,137,SF,1,115,COL,1,2,2,0.0,2025
778069,2025-05-03,137,SF,1,115,COL,0,3,3,0.0,2025
778048,2025-05-04,137,SF,1,115,COL,1,4,4,0.0,2025
778044,2025-05-05,137,SF,0,112,CHC,1,-1,1,1851.6696488043885,2025
778027,2025-05-06,137,SF,0,112,CHC,1,-2,2,0.0,2025
778020,2025-05-07,137,SF,0,112,CHC,1,-3,3,0.0,2025
777974,2025-05-10,137,SF,0,142,MIN,3,-4,1,351.19627848712736,2025
777992,2025-05-10,137,SF,0,142,MIN,0,-5,2,0.0,2025
777956,2025-05-11,137,SF,0,142,MIN,1,-6,3,0.0,2025
777939,2025-05-13,137,SF,1,109,ARI,2,1,1,1579.295057576871,2025
777930,2025-05-14,137,SF,1,109,ARI,1,2,2,0.0,2025
777916,2025-05-14,137,SF,1,109,ARI,0,3,3,0.0,2025
777891,2025-05-17,137,SF,1,133,OAK,3,4,1,0.0,2025
777879,2025-05-18,137,SF,1,133,OAK,1,5,2,0.0,2025
777867,2025-05-18,137,SF,1,133,OAK,0,6,3,0.0,2025
777855,2025-05-20,137,SF,1,118,KC,2,7,1,0.0,2025
777819,2025-05-21,137,SF,1,118,KC,1,8,2,0.0,2025
777836,2025-05-21,137,SF,1,118,KC,0,9,3,0.0,2025
777801,2025-05-23,137,SF,0,120,WSH,2,-1,1,2435.443676108395,2025
777793,2025-05-24,137,SF,0,120,WSH,1,-2,2,0.0,2025
777778,2025-05-25,137,SF,0,120,WSH,1,-3,3,0.0,2025
777770,2025-05-26,137,SF,0,116,DET,1,-4,1,397.05328106177114,2025
777755,2025-05-27,137,SF,0,116,DET,1,-5,2,0.0,2025
777738,2025-05-28,137,SF,0,116,DET,1,-6,3,0.0,2025
777717,2025-05-30,137,SF,0,146,MIA,2,-7,1,1155.530357030567,2025
777705,2025-05-31,137,SF,0,146,MIA,1,-8,2,0.0,2025
777689,2025-06-01,137,SF,0,146,MIA,1,-9,3,0.0,2025
777676,2025-06-03,137,SF,1,135,SD,2,1,1,2587.455596996607,2025
777656,2025-06-04,137,SF,1,135,SD,1,2,2,0.0,2025
777641,2025-06-05,137,SF,1,135,SD,1,3,3,0.0,2025
777633,2025-06-05,137,SF,1,135,SD,0,4,4,0.0,2025
777619,2025-06-07,137,SF,1,144,ATL,2,5,1,0.0,2025
777598,2025-06-07,137,SF,1,144,ATL,0,6,2,0.0,2025
777587,2025-06-08,137,SF,1,144,ATL,1,7,3,0.0,2025
777563,2025-06-11,137,SF,0,115,COL,3,-1,1,945.5308694116128,2025
777534,2025-06-12,137,SF,0,115,COL,1,-2,2,0.0,2025
777547,2025-06-12,137,SF,0,115,COL,0,-3,3,0.0,2025
777522,2025-06-14,137,SF,0,119,LAD,2,-4,1,829.208728545356,2025
777506,2025-06-15,137,SF,0,119,LAD,1,-5,2,0.0,2025
777498,2025-06-15,137,SF,0,119,LAD,0,-6,3,0.0,2025
777472,2025-06-18,137,SF,1,114,CLE,3,1,1,345.5052646422354,2025
777454,2025-06-19,137,SF,1,114,CLE,1,2,2,0.0,2025
777440,2025-06-19,137,SF,1,114,CLE,0,3,3,0.0,2025
777425,2025-06-21,137,SF,1,111,BOS,2,4,1,0.0,2025
777417,2025-06-21,137,SF,1,111,BOS,0,5,2,0.0,2025
777395,2025-06-22,137,SF,1,111,BOS,1,6,3,0.0,2025
777364,2025-06-25,137,SF,1,146,MIA,3,7,1,0.0,2025
777347,2025-06-26,137,SF,1,146,MIA,1,8,2,0.0,2025
777355,2025-06-26,137,SF,1,146,MIA,0,9,3,0.0,2025
777338,2025-06-27,137,SF,0,145,CWS,1,-1,1,1853.181136595777,2025
777327,2025-06-28,137,SF,0,145,CWS,1,-2,2,0.0,2025
777311,2025-06-29,137,SF,0,145,CWS,1,-3,3,0.0,2025
777291,2025-07-01,137,SF,0,109,ARI,2,-4,1,1450.478555736351,2025
777278,2025-07-02,137,SF,0,109,ARI,1,-5,2,0.0,2025
777270,2025-07-03,137,SF,0,109,ARI,1,-6,3,0.0,2025
777256,2025-07-04,137,SF,0,109,ARI,1,-7,4,0.0,2025
777244,2025-07-05,137,SF,0,133,OAK,1,-8,1,641.9010628899154,2025
777227,2025-07-06,137,SF,0,133,OAK,1,-9,2,0.0,2025
777210,2025-07-07,137,SF,0,133,OAK,1,-10,3,0.0,2025
777199,2025-07-08,137,SF,1,143,PHI,1,1,1,10.48032218937323,2025
777186,2025-07-09,137,SF,1,143,PHI,1,2,2,0.0,2025
777163,2025-07-09,137,SF,1,143,PHI,0,3,3,0.0,2025
777143,2025-07-12,137,SF,1,119,LAD,3,4,1,0.0,2025
777127,2025-07-12,137,SF,1,119,LAD,0,5,2,0.0,2025
777119,2025-07-13,137,SF,1,119,LAD,1,6,3,0.0,2025
777108,2025-07-18,137,SF,0,141,TOR,5,-1,1,2262.4279687363146,2025
777094,2025-07-19,137,SF,0,141,TOR,1,-2,2,0.0,2025
777079,2025-07-20,137,SF,0,141,TOR,1,-3,3,0.0,2025
777069,2025-07-21,137,SF,0,144,ATL,1,-4,1,726.7999515006941,2025
777058,2025-07-22,137,SF,0,144,ATL,1,-5,2,0.0,2025
777041,2025-07-23,137,SF,0,144,ATL,1,-6,3,0.0,2025
777004,2025-07-26,137,SF,1,121,NYM,3,1,1,2126.61368269605,2025
776985,2025-07-27,137,SF,1,121,NYM,1,2,2,0.0,2025
776974,2025-07-27,137,SF,1,121,NYM,0,3,3,0.0,2025
776964,2025-07-29,137,SF,1,134,PIT,2,4,1,0.0,2025
776943,2025-07-30,137,SF,1,134,PIT,1,5,2,0.0,2025
776933,2025-07-30,137,SF,1,134,PIT,0,6,3,0.0,2025
776926,2025-08-01,137,SF,0,121,NYM,2,-1,1,2571.816906012279,2025
776911,2025-08-02,137,SF,0,121,NYM,1,-2,2,0.0,2025
776887,2025-08-03,137,SF,0,121,NYM,1,-3,3,0.0,2025
776879,2025-08-04,137,SF,0,134,PIT,1,-4,1,323.80514004194157,2025
776866,2025-08-05,137,SF,0,134,PIT,1,-5,2,0.0,2025
776844,2025-08-06,137,SF,0,134,PIT,1,-6,3,0.0,2025
776822,2025-08-09,137,SF,1,120,WSH,3,1,1,2257.9877065555274,2025
776802,2025-08-09,137,SF,1,120,WSH,0,2,2,0.0,2025
776793,2025-08-10,137,SF,1,120,WSH,1,3,3,0.0,2025
776780,2025-08-12,137,SF,1,135,SD,2,4,1,0.0,2025
776749,2025-08-13,137,SF,1,135,SD,1,5,2,0.0,2025
776767,2025-08-13,137,SF,1,135,SD,0,6,3,0.0,2025
776729,2025-08-16,137,SF,1,139,TB,3,7,1,0.0,2025
776711,2025-08-17,137,SF,1,139,TB,1,8,2,0.0,2025
776703,2025-08-17,137,SF,1,139,TB,0,9,3,0.0,2025
776683,2025-08-19,137,SF,0,135,SD,2,-1,1,458.03894144483473,2025
776667,2025-08-20,137,SF,0,135,SD,1,-2,2,0.0,2025
776656,2025-08-21,137,SF,0,135,SD,1,-3,3,0.0,2025
776642,2025-08-21,137,SF,0,135,SD,0,-4,4,0.0,2025
776621,2025-08-23,137,SF,0,158,MIL,2,-5,1,1732.8547359706142,2025
776634,2025-08-23,137,SF,0,158,MIL,0,-6,2,0.0,2025
776608,2025-08-24,137,SF,0,158,MIL,1,-7,3,0.0,2025
776576,2025-08-27,137,SF,1,112,CHC,3,1,1,1833.5573982316243,2025
776557,2025-08-28,137,SF,1,112,CHC,1,2,2,0.0,2025
776550,2025-08-28,137,SF,1,112,CHC,0,3,3,0.0,2025
776533,2025-08-30,137,SF,1,110,BAL,2,4,1,0.0,2025
776516,2025-08-30,137,SF,1,110,BAL,0,5,2,0.0,2025
776507,2025-08-31,137,SF,1,110,BAL,1,6,3,0.0,2025
776492,2025-09-01,137,SF,0,115,COL,1,-1,1,945.5308694116128,2025
776486,2025-09-03,137,SF,0,115,COL,2,-2,2,0.0,2025
776467,2025-09-04,137,SF,0,115,COL,1,-3,3,0.0,2025
776445,2025-09-06,137,SF,0,138,STL,2,-4,1,795.6297379917951,2025
776437,2025-09-06,137,SF,0,138,STL,0,-5,2,0.0,2025
776416,2025-09-07,137,SF,0,138,STL,1,-6,3,0.0,2025
776399,2025-09-09,137,SF,1,109,ARI,2,1,1,1740.2563893028632,2025
776394,2025-09-10,137,SF,1,109,ARI,1,2,2,0.0,2025
776374,2025-09-10,137,SF,1,109,ARI,0,3,3,0.0,2025
776350,2025-09-13,137,SF,1,119,LAD,3,4,1,0.0,2025
776328,2025-09-14,137,SF,1,119,LAD,1,5,2,0.0,2025
776325,2025-09-14,137,SF,1,119,LAD,0,6,3,0.0,2025
776309,2025-09-16,137,SF,0,109,ARI,2,-1,1,652.0636757078365,2025
776294,2025-09-17,137,SF,0,109,ARI,1,-2,2,0.0,2025
776279,2025-09-17,137,SF,0,109,ARI,0,-3,3,0.0,2025
776271,2025-09-19,137,SF,0,119,LAD,2,-4,1,357.22532088939374,2025
776256,2025-09-20,137,SF,0,119,LAD,1,-5,2,0.0,2025
776233,2025-09-21,137,SF,0,119,LAD,1,-6,3,0.0,2025
776227,2025-09-21,137,SF,0,119,LAD,0,-7,4,0.0,2025
776220,2025-09-23,137,SF,1,138,STL,2,1,1,345.5052646422354,2025
776211,2025-09-24,137,SF,1,138,STL,1,2,2,0.0,2025
776196,2025-09-25,137,SF,1,138,STL,1,3,3,0.0,2025
776146,2025-09-27,137,SF,1,115,COL,2,4,1,0.0,2025
776166,2025-09-27,137,SF,1,115,COL,0,5,2,0.0,2025
776137,2025-09-28,137,SF,1,115,COL,1,6,3,0.0,2025
778551,2025-03-27,138,STL,1,142,MIN,0,1,1,0.0,2025
778528,2025-03-29,138,STL,1,142,MIN,2,2,2,0.0,2025
778517,2025-03-30,138,STL,1,142,MIN,1,3,3,0.0,2025
778503,2025-03-31,138,STL,1,108,LAA,1,4,1,0.0,2025
778495,2025-04-01,138,STL,1,108,LAA,1,5,2,0.0,2025
778473,2025-04-02,138,STL,1,108,LAA,1,6,3,0.0,2025
778463,2025-04-04,138,STL,0,111,BOS,2,-1,1,1033.5666994855094,2025
778432,2025-04-06,138,STL,0,111,BOS,1,-3,3,0.0,2025
778443,2025-04-06,138,STL,0,111,BOS,0,-4,4,0.0,2025
778415,2025-04-07,138,STL,0,134,PIT,1,-5,1,479.7911670433808,2025
778408,2025-04-08,138,STL,0,134,PIT,1,-6,2,0.0,2025
778389,2025-04-09,138,STL,0,134,PIT,1,-7,3,0.0,2025
778365,2025-04-12,138,STL,1,143,PHI,3,1,1,556.9698942849304,2025
778347,2025-04-12,138,STL,1,143,PHI,0,2,2,0.0,2025
778336,2025-04-13,138,STL,1,143,PHI,1,3,3,0.0,2025
778325,2025-04-14,138,STL,1,117,HOU,1,4,1,0.0,2025
778308,2025-04-15,138,STL,1,117,HOU,1,5,2,0.0,2025
778290,2025-04-16,138,STL,1,117,HOU,1,6,3,0.0,2025
778278,2025-04-17,138,STL,0,121,NYM,1,-1,1,880.2756481069349,2025
778270,2025-04-18,138,STL,0,121,NYM,1,-2,2,0.0,2025
778256,2025-04-19,138,STL,0,121,NYM,1,-3,3,0.0,2025
778244,2025-04-20,138,STL,0,121,NYM,1,-4,4,0.0,2025
778233,2025-04-21,138,STL,0,144,ATL,1,-5,1,751.1805618659844,2025
778229,2025-04-22,138,STL,0,144,ATL,1,-6,2,0.0,2025
778214,2025-04-23,138,STL,0,144,ATL,1,-7,3,0.0,2025
778184,2025-04-26,138,STL,1,158,MIL,3,1,1,456.58876384408995,2025
778164,2025-04-26,138,STL,1,158,MIL,0,2,2,0.0,2025
778150,2025-04-27,138,STL,1,158,MIL,1,3,3,0.0,2025
778141,2025-04-28,138,STL,0,113,CIN,1,-1,1,307.56531909433545,2025
778134,2025-04-30,138,STL,0,113,CIN,1,-3,3,0.0,2025
778119,2025-04-30,138,STL,0,113,CIN,0,-4,4,0.0,2025
778107,2025-05-01,138,STL,0,113,CIN,1,-5,5,0.0,2025
778084,2025-05-03,138,STL,1,121,NYM,2,1,1,307.56531909433545,2025
778053,2025-05-04,138,STL,1,121,NYM,1,3,3,0.0,2025
778068,2025-05-04,138,STL,1,121,NYM,0,4,4,0.0,2025
778036,2025-05-05,138,STL,1,134,PIT,1,5,1,0.0,2025
778030,2025-05-06,138,STL,1,134,PIT,1,6,2,0.0,2025
778016,2025-05-07,138,STL,1,134,PIT,1,7,3,0.0,2025
777995,2025-05-09,138,STL,0,120,WSH,2,-1,1,710.1515945615764,2025
777980,2025-05-10,138,STL,0,120,WSH,1,-2,2,0.0,2025
777962,2025-05-11,138,STL,0,120,WSH,1,-3,3,0.0,2025
777953,2025-05-12,138,STL,0,143,PHI,1,-4,1,121.48691857607562,2025
777922,2025-05-14,138,STL,0,143,PHI,1,-6,3,0.0,2025
777933,2025-05-14,138,STL,0,143,PHI,0,-7,4,0.0,2025
777901,2025-05-16,138,STL,0,118,KC,2,-8,1,1029.7550407478475,2025
777885,2025-05-17,138,STL,0,118,KC,1,-9,2,0.0,2025
777864,2025-05-18,138,STL,0,118,KC,1,-10,3,0.0,2025
777862,2025-05-19,138,STL,1,116,DET,1,1,1,232.6374617718515,2025
777840,2025-05-20,138,STL,1,116,DET,1,2,2,0.0,2025
777827,2025-05-21,138,STL,1,116,DET,1,3,3,0.0,2025
777797,2025-05-24,138,STL,1,109,ARI,3,4,1,0.0,2025
777786,2025-05-24,138,STL,1,109,ARI,0,5,2,0.0,2025
777766,2025-05-25,138,STL,1,109,ARI,1,6,3,0.0,2025
777771,2025-05-26,138,STL,0,110,BAL,1,-1,1,729.9729666923824,2025
777754,2025-05-27,138,STL,0,110,BAL,1,-2,2,0.0,2025
777740,2025-05-28,138,STL,0,110,BAL,1,-3,3,0.0,2025
777709,2025-05-31,138,STL,0,140,TEX,3,-4,1,1225.9583636520863,2025
777697,2025-05-31,138,STL,0,140,TEX,0,-5,2,0.0,2025
777678,2025-06-01,138,STL,0,140,TEX,1,-6,3,0.0,2025
777660,2025-06-03,138,STL,1,118,KC,2,1,1,560.1228238201853,2025
777642,2025-06-05,138,STL,1,118,KC,1,3,3,0.0,2025
777635,2025-06-05,138,STL,1,118,KC,0,4,4,0.0,2025
777620,2025-06-07,138,STL,1,119,LAD,2,5,1,0.0,2025
777601,2025-06-07,138,STL,1,119,LAD,0,6,2,0.0,2025
777582,2025-06-08,138,STL,1,119,LAD,1,7,3,0.0,2025
777581,2025-06-09,138,STL,1,141,TOR,1,8,1,0.0,2025
777558,2025-06-10,138,STL,1,141,TOR,1,9,2,0.0,2025
777545,2025-06-11,138,STL,1,141,TOR,1,10,3,0.0,2025
777532,2025-06-12,138,STL,0,158,MIL,1,-1,1,325.7786649185398,2025
777525,2025-06-14,138,STL,0,158,MIL,2,-2,2,0.0,2025
777512,2025-06-14,138,STL,0,158,MIL,0,-3,3,0.0,2025
777492,2025-06-15,138,STL,0,158,MIL,1,-4,4,0.0,2025
777467,2025-06-17,138,STL,0,145,CWS,2,-5,1,84.55513154711521,2025
777447,2025-06-19,138,STL,0,145,CWS,1,-7,3,0.0,2025
777458,2025-06-19,138,STL,0,145,CWS,0,-8,4,0.0,2025
777433,2025-06-20,138,STL,1,113,CIN,1,1,1,259.4675939691297,2025
777415,2025-06-21,138,STL,1,113,CIN,1,2,2,0.0,2025
777407,2025-06-22,138,STL,1,113,CIN,1,3,3,0.0,2025
777392,2025-06-23,138,STL,1,112,CHC,1,4,1,0.0,2025
777373,2025-06-24,138,STL,1,112,CHC,1,5,2,0.0,2025
777357,2025-06-25,138,STL,1,112,CHC,1,6,3,0.0,2025
777348,2025-06-26,138,STL,1,112,CHC,1,7,4,0.0,2025
777349,2025-06-27,138,STL,0,114,CLE,1,-1,1,491.5044526605,2025
777329,2025-06-28,138,STL,0,114,CLE,1,-2,2,0.0,2025
777309,2025-06-29,138,STL,0,114,CLE,1,-3,3,0.0,2025
777299,2025-06-30,138,STL,0,134,PIT,1,-4,1,113.72517024270446,2025
777288,2025-07-01,138,STL,0,134,PIT,1,-5,2,0.0,2025
777272,2025-07-02,138,STL,0,134,PIT,1,-6,3,0.0,2025
777246,2025-07-04,138,STL,0,112,CHC,2,-7,1,410.8665423703318,2025
777229,2025-07-05,138,STL,0,112,CHC,1,-8,2,0.0,2025
777219,2025-07-06,138,STL,0,112,CHC,1,-9,3,0.0,2025
777191,2025-07-08,138,STL,1,120,WSH,2,1,1,265.86188355988685,2025
777178,2025-07-09,138,STL,1,120,WSH,1,2,2,0.0,2025
777167,2025-07-10,138,STL,1,120,WSH,1,3,3,0.0,2025
777147,2025-07-12,138,STL,1,144,ATL,2,4,1,0.0,2025
777133,2025-07-12,138,STL,1,144,ATL,0,5,2,0.0,2025
777118,2025-07-13,138,STL,1,144,ATL,1,6,3,0.0,2025
777081,2025-07-19,138,STL,0,109,ARI,6,-1,1,1270.0024589462362,2025
777100,2025-07-19,138,STL,0,109,ARI,0,-2,2,0.0,2025
777071,2025-07-20,138,STL,0,109,ARI,1,-3,3,0.0,2025
777053,2025-07-22,138,STL,0,115,COL,2,-4,1,586.1530990190981,2025
777049,2025-07-23,138,STL,0,115,COL,1,-5,2,0.0,2025
777028,2025-07-23,138,STL,0,115,COL,0,-6,3,0.0,2025
777023,2025-07-24,138,STL,1,135,SD,1,1,1,795.6297379917951,2025
777005,2025-07-25,138,STL,1,135,SD,1,2,2,0.0,2025
776992,2025-07-26,138,STL,1,135,SD,1,3,3,0.0,2025
776980,2025-07-27,138,STL,1,135,SD,1,4,4,0.0,2025
776960,2025-07-28,138,STL,1,146,MIA,1,5,1,0.0,2025
776946,2025-07-29,138,STL,1,146,MIA,1,6,2,0.0,2025
776934,2025-07-30,138,STL,1,146,MIA,1,7,3,0.0,2025
776906,2025-08-02,138,STL,0,135,SD,3,-1,1,1561.6025452697695,2025
776896,2025-08-03,138,STL,0,135,SD,1,-2,2,0.0,2025
776884,2025-08-03,138,STL,0,135,SD,0,-3,3,0.0,2025
776870,2025-08-05,138,STL,0,119,LAD,2,-4,1,113.20881075215142,2025
776858,2025-08-06,138,STL,0,119,LAD,1,-5,2,0.0,2025
776839,2025-08-06,138,STL,0,119,LAD,0,-6,3,0.0,2025
776818,2025-08-09,138,STL,1,112,CHC,3,1,1,1585.7405201242425,2025
776826,2025-08-09,138,STL,1,112,CHC,0,2,2,0.0,2025
776795,2025-08-10,138,STL,1,112,CHC,1,3,3,0.0,2025
776783,2025-08-11,138,STL,1,115,COL,1,4,1,0.0,2025
776775,2025-08-12,138,STL,1,115,COL,1,5,2,0.0,2025
776758,2025-08-13,138,STL,1,115,COL,1,6,3,0.0,2025
776731,2025-08-16,138,STL,1,147,NYY,3,7,1,0.0,2025
776713,2025-08-16,138,STL,1,147,NYY,0,8,2,0.0,2025
776698,2025-08-17,138,STL,1,147,NYY,1,9,3,0.0,2025
776688,2025-08-18,138,STL,0,146,MIA,1,-1,1,1060.3584631013382,2025
776686,2025-08-19,138,STL,0,146,MIA,1,-2,2,0.0,2025
776670,2025-08-20,138,STL,0,146,MIA,1,-3,3,0.0,2025
776631,2025-08-21,138,STL,0,139,TB,1,-4,1,203.5855811594844,2025
776633,2025-08-22,138,STL,0,139,TB,1,-5,2,0.0,2025
776606,2025-08-24,138,STL,0,139,TB,2,-6,3,0.0,2025
776589,2025-08-25,138,STL,1,134,PIT,1,1,1,866.6994960845234,2025
776578,2025-08-26,138,STL,1,134,PIT,1,2,2,0.0,2025
776568,2025-08-27,138,STL,1,134,PIT,1,3,3,0.0,2025
776554,2025-08-28,138,STL,1,134,PIT,1,4,4,0.0,2025
776551,2025-08-29,138,STL,0,113,CIN,1,-1,1,307.56531909433545,2025
776536,2025-08-30,138,STL,0,113,CIN,1,-2,2,0.0,2025
776518,2025-08-31,138,STL,0,113,CIN,1,-3,3,0.0,2025
776497,2025-09-01,138,STL,1,133,OAK,1,1,1,307.56531909433545,2025
776483,2025-09-02,138,STL,1,133,OAK,1,2,2,0.0,2025
776470,2025-09-03,138,STL,1,133,OAK,1,3,3,0.0,2025
776445,2025-09-06,138,STL,1,137,SF,3,4,1,0.0,2025
776437,2025-09-06,138,STL,1,137,SF,0,5,2,0.0,2025
776416,2025-09-07,138,STL,1,137,SF,1,6,3,0.0,2025
776400,2025-09-09,138,STL,0,136,SEA,2,-1,1,1720.6847673970585,2025
776391,2025-09-10,138,STL,0,136,SEA,1,-2,2,0.0,2025
776373,2025-09-11,138,STL,0,136,SEA,1,-3,3,0.0,2025
776356,2025-09-13,138,STL,0,158,MIL,2,-4,1,1684.8927175606668,2025
776339,2025-09-14,138,STL,0,158,MIL,1,-5,2,0.0,2025
776326,2025-09-14,138,STL,0,158,MIL,0,-6,3,0.0,2025
776312,2025-09-15,138,STL,1,113,CIN,1,1,1,325.7786649185398,2025
776300,2025-09-16,138,STL,1,113,CIN,1,2,2,0.0,2025
776283,2025-09-17,138,STL,1,113,CIN,1,3,3,0.0,2025
776265,2025-09-20,138,STL,1,158,MIL,3,4,1,0.0,2025
776244,2025-09-20,138,STL,1,158,MIL,0,5,2,0.0,2025
776231,2025-09-21,138,STL,1,158,MIL,1,6,3,0.0,2025
776220,2025-09-23,138,STL,0,137,SF,2,-1,1,1740.2563893028632,2025
776211,2025-09-24,138,STL,0,137,SF,1,-2,2,0.0,2025
776196,2025-09-25,138,STL,0,137,SF,1,-3,3,0.0,2025
776167,2025-09-26,138,STL,0,112,CHC,1,-4,1,1851.6696488043885,2025
776164,2025-09-27,138,STL,0,112,CHC,1,-5,2,0.0,2025
776142,2025-09-28,138,STL,0,112,CHC,1,-6,3,0.0,2025
778560,2025-03-28,139,TB,1,115,COL,0,1,1,0.0,2025
778537,2025-03-29,139,TB,1,115,COL,1,2,2,0.0,2025
778524,2025-03-30,139,TB,1,115,COL,1,3,3,0.0,2025
778508,2025-03-31,139,TB,1,134,PIT,1,4,1,0.0,2025
778493,2025-04-01,139,TB,1,134,PIT,1,5,2,0.0,2025
778479,2025-04-02,139,TB,1,134,PIT,1,6,3,0.0,2025
778454,2025-04-05,139,TB,0,140,TEX,3,-1,1,926.4398070486983,2025
778438,2025-04-05,139,TB,0,140,TEX,0,-2,2,0.0,2025
778420,2025-04-06,139,TB,0,140,TEX,1,-3,3,0.0,2025
778417,2025-04-08,139,TB,1,108,LAA,2,1,1,926.4398070486983,2025
778399,2025-04-09,139,TB,1,108,LAA,1,2,2,0.0,2025
778382,2025-04-10,139,TB,1,108,LAA,1,3,3,0.0,2025
778367,2025-04-11,139,TB,1,144,ATL,1,4,1,0.0,2025
778353,2025-04-12,139,TB,1,144,ATL,1,5,2,0.0,2025
778340,2025-04-13,139,TB,1,144,ATL,1,6,3,0.0,2025
778328,2025-04-14,139,TB,1,111,BOS,1,7,1,0.0,2025
778319,2025-04-15,139,TB,1,111,BOS,1,8,2,0.0,2025
778298,2025-04-16,139,TB,1,111,BOS,1,9,3,0.0,2025
778282,2025-04-17,139,TB,1,147,NYY,1,10,1,0.0,2025
778272,2025-04-18,139,TB,1,147,NYY,1,11,2,0.0,2025
778255,2025-04-19,139,TB,1,147,NYY,1,12,3,0.0,2025
778240,2025-04-20,139,TB,1,147,NYY,1,13,4,0.0,2025
778212,2025-04-23,139,TB,0,109,ARI,3,-1,1,1786.289647627458,2025
778199,2025-04-24,139,TB,0,109,ARI,1,-2,2,0.0,2025
778188,2025-04-25,139,TB,0,109,ARI,1,-3,3,0.0,2025
778172,2025-04-26,139,TB,0,135,SD,1,-4,1,299.07000924838377,2025
778160,2025-04-27,139,TB,0,135,SD,1,-5,2,0.0,2025
778146,2025-04-27,139,TB,0,135,SD,0,-6,3,0.0,2025
778128,2025-04-29,139,TB,1,118,KC,2,1,1,2078.5437948747294,2025
778113,2025-04-30,139,TB,1,118,KC,1,2,2,0.0,2025
778097,2025-05-01,139,TB,1,118,KC,1,3,3,0.0,2025
778088,2025-05-02,139,TB,0,147,NYY,1,-1,1,1029.5381159096478,2025
778074,2025-05-03,139,TB,0,147,NYY,1,-2,2,0.0,2025
778057,2025-05-04,139,TB,0,147,NYY,1,-3,3,0.0,2025
778040,2025-05-06,139,TB,1,143,PHI,2,1,1,1029.5381159096478,2025
778021,2025-05-07,139,TB,1,143,PHI,1,2,2,0.0,2025
778005,2025-05-08,139,TB,1,143,PHI,1,3,3,0.0,2025
778002,2025-05-09,139,TB,1,158,MIL,1,4,1,0.0,2025
777981,2025-05-10,139,TB,1,158,MIL,1,5,2,0.0,2025
777964,2025-05-11,139,TB,1,158,MIL,1,6,3,0.0,2025
777935,2025-05-13,139,TB,0,141,TOR,2,-1,1,1111.7297518661444,2025
777923,2025-05-14,139,TB,0,141,TOR,1,-2,2,0.0,2025
777913,2025-05-15,139,TB,0,141,TOR,1,-3,3,0.0,2025
777903,2025-05-16,139,TB,0,146,MIA,1,-4,1,1235.193689499836,2025
777889,2025-05-17,139,TB,0,146,MIA,1,-5,2,0.0,2025
777877,2025-05-18,139,TB,0,146,MIA,1,-6,3,0.0,2025
777858,2025-05-19,139,TB,1,117,HOU,1,1,1,203.5855811594844,2025
777848,2025-05-20,139,TB,1,117,HOU,1,2,2,0.0,2025
777832,2025-05-21,139,TB,1,117,HOU,1,3,3,0.0,2025
777810,2025-05-23,139,TB,1,141,TOR,2,4,1,0.0,2025
777795,2025-05-24,139,TB,1,141,TOR,1,5,2,0.0,2025
777775,2025-05-25,139,TB,1,141,TOR,1,6,3,0.0,2025
777762,2025-05-26,139,TB,1,142,MIN,1,7,1,0.0,2025
777746,2025-05-27,139,TB,1,142,MIN,1,8,2,0.0,2025
777732,2025-05-28,139,TB,1,142,MIN,1,9,3,0.0,2025
777725,2025-05-30,139,TB,0,117,HOU,2,-1,1,781.1406098722147,2025
777714,2025-05-31,139,TB,0,117,HOU,1,-2,2,0.0,2025
777693,2025-05-31,139,TB,0,117,HOU,0,-3,3,0.0,2025
777690,2025-06-01,139,TB,0,117,HOU,1,-4,4,0.0,2025
777662,2025-06-03,139,TB,1,140,TEX,2,1,1,781.1406098722147,2025
777646,2025-06-04,139,TB,1,140,TEX,1,2,2,0.0,2025
777629,2025-06-05,139,TB,1,140,TEX,1,3,3,0.0,2025
777625,2025-06-06,139,TB,1,146,MIA,1,4,1,0.0,2025
777611,2025-06-07,139,TB,1,146,MIA,1,5,2,0.0,2025
777592,2025-06-08,139,TB,1,146,MIA,1,6,3,0.0,2025
777584,2025-06-09,139,TB,0,111,BOS,1,-1,1,1198.2270597762317,2025
777565,2025-06-10,139,TB,0,111,BOS,1,-2,2,0.0,2025
777561,2025-06-11,139,TB,0,111,BOS,1,-3,3,0.0,2025
777528,2025-06-13,139,TB,0,121,NYM,2,-4,1,179.60743829521417,2025
777518,2025-06-14,139,TB,0,121,NYM,1,-5,2,0.0,2025
777502,2025-06-15,139,TB,0,121,NYM,1,-6,3,0.0,2025
777484,2025-06-16,139,TB,1,110,BAL,1,1,1,1027.482832775922,2025
777477,2025-06-17,139,TB,1,110,BAL,1,2,2,0.0,2025
777463,2025-06-18,139,TB,1,110,BAL,1,3,3,0.0,2025
777446,2025-06-19,139,TB,1,110,BAL,1,4,4,0.0,2025
777431,2025-06-20,139,TB,1,116,DET,1,5,1,0.0,2025
777420,2025-06-21,139,TB,1,116,DET,1,6,2,0.0,2025
777409,2025-06-22,139,TB,1,116,DET,1,7,3,0.0,2025
777378,2025-06-24,139,TB,0,118,KC,2,-1,1,1034.03926539089,2025
777359,2025-06-25,139,TB,0,118,KC,1,-2,2,0.0,2025
777353,2025-06-26,139,TB,0,118,KC,1,-3,3,0.0,2025
777343,2025-06-27,139,TB,0,110,BAL,1,-4,1,955.2837530445377,2025
777330,2025-06-28,139,TB,0,110,BAL,1,-5,2,0.0,2025
777317,2025-06-29,139,TB,0,110,BAL,1,-6,3,0.0,2025
777296,2025-06-30,139,TB,1,133,OAK,1,1,1,867.6749708982579,2025
777286,2025-07-01,139,TB,1,133,OAK,1,2,2,0.0,2025
777271,2025-07-02,139,TB,1,133,OAK,1,3,3,0.0,2025
777247,2025-07-04,139,TB,0,142,MIN,2,-1,1,1325.4285844846306,2025
777230,2025-07-05,139,TB,0,142,MIN,1,-2,2,0.0,2025
777220,2025-07-06,139,TB,0,142,MIN,1,-3,3,0.0,2025
777211,2025-07-07,139,TB,0,116,DET,1,-4,1,542.5071369450939,2025
777195,2025-07-08,139,TB,0,116,DET,1,-5,2,0.0,2025
777182,2025-07-09,139,TB,0,116,DET,1,-6,3,0.0,2025
777170,2025-07-10,139,TB,0,111,BOS,1,-7,1,609.8730788976414,2025
777155,2025-07-11,139,TB,0,111,BOS,1,-8,2,0.0,2025
777144,2025-07-12,139,TB,0,111,BOS,1,-9,3,0.0,2025
777130,2025-07-13,139,TB,0,111,BOS,1,-10,4,0.0,2025
777110,2025-07-18,139,TB,1,110,BAL,5,1,1,1198.2270597762317,2025
777095,2025-07-19,139,TB,1,110,BAL,1,2,2,0.0,2025
777076,2025-07-20,139,TB,1,110,BAL,1,3,3,0.0,2025
777059,2025-07-21,139,TB,1,145,CWS,1,4,1,0.0,2025
777048,2025-07-22,139,TB,1,145,CWS,1,5,2,0.0,2025
777030,2025-07-23,139,TB,1,145,CWS,1,6,3,0.0,2025
777013,2025-07-25,139,TB,0,113,CIN,2,-1,1,790.0657540508034,2025
777000,2025-07-26,139,TB,0,113,CIN,1,-2,2,0.0,2025
776982,2025-07-27,139,TB,0,113,CIN,1,-3,3,0.0,2025
776970,2025-07-28,139,TB,0,147,NYY,1,-4,1,572.6665954672798,2025
776949,2025-07-29,139,TB,0,147,NYY,1,-5,2,0.0,2025
776938,2025-07-30,139,TB,0,147,NYY,1,-6,3,0.0,2025
776927,2025-07-31,139,TB,0,147,NYY,1,-7,4,0.0,2025
776918,2025-08-01,139,TB,1,119,LAD,1,1,1,1029.5381159096478,2025
776901,2025-08-02,139,TB,1,119,LAD,1,2,2,0.0,2025
776889,2025-08-03,139,TB,1,119,LAD,1,3,3,0.0,2025
776867,2025-08-05,139,TB,0,108,LAA,2,-1,1,2121.7324696841006,2025
776848,2025-08-06,139,TB,0,108,LAA,1,-2,2,0.0,2025
776843,2025-08-06,139,TB,0,108,LAA,0,-3,3,0.0,2025
776824,2025-08-09,139,TB,0,136,SEA,3,-4,1,980.5935873257743,2025
776805,2025-08-10,139,TB,0,136,SEA,1,-5,2,0.0,2025
776791,2025-08-10,139,TB,0,136,SEA,0,-6,3,0.0,2025
776787,2025-08-12,139,TB,0,133,OAK,2,-7,1,679.9392003432476,2025
776762,2025-08-13,139,TB,0,133,OAK,1,-8,2,0.0,2025
776751,2025-08-14,139,TB,0,133,OAK,1,-9,3,0.0,2025
776729,2025-08-16,139,TB,0,137,SF,2,-10,1,10.48032218937323,2025
776711,2025-08-17,139,TB,0,137,SF,1,-11,2,0.0,2025
776703,2025-08-17,139,TB,0,137,SF,0,-12,3,0.0,2025
776677,2025-08-19,139,TB,1,147,NYY,2,1,1,2390.1707868906847,2025
776664,2025-08-20,139,TB,1,147,NYY,1,2,2,0.0,2025
776631,2025-08-21,139,TB,1,138,STL,1,3,1,0.0,2025
776633,2025-08-22,139,TB,1,138,STL,1,4,2,0.0,2025
776606,2025-08-24,139,TB,1,138,STL,2,5,3,0.0,2025
776601,2025-08-25,139,TB,0,114,CLE,1,-1,1,950.1419996181558,2025
776584,2025-08-26,139,TB,0,114,CLE,1,-2,2,0.0,2025
776580,2025-08-27,139,TB,0,114,CLE,1,-3,3,0.0,2025
776545,2025-08-29,139,TB,0,120,WSH,2,-4,1,306.2397190255103,2025
776525,2025-08-30,139,TB,0,120,WSH,1,-5,2,0.0,2025
776520,2025-08-31,139,TB,0,120,WSH,1,-6,3,0.0,2025
776504,2025-09-01,139,TB,1,136,SEA,1,1,1,833.2111191732948,2025
776485,2025-09-02,139,TB,1,136,SEA,1,2,2,0.0,2025
776476,2025-09-03,139,TB,1,136,SEA,1,3,3,0.0,2025
776458,2025-09-04,139,TB,1,114,CLE,1,4,1,0.0,2025
776451,2025-09-05,139,TB,1,114,CLE,1,5,2,0.0,2025
776438,2025-09-06,139,TB,1,114,CLE,1,6,3,0.0,2025
776421,2025-09-07,139,TB,1,114,CLE,1,7,4,0.0,2025
776388,2025-09-09,139,TB,0,145,CWS,2,-1,1,1011.3877112665284,2025
776378,2025-09-10,139,TB,0,145,CWS,1,-2,2,0.0,2025
776364,2025-09-11,139,TB,0,145,CWS,1,-3,3,0.0,2025
776352,2025-09-12,139,TB,0,112,CHC,1,-4,1,8.262413783057372,2025
776338,2025-09-13,139,TB,0,112,CHC,1,-5,2,0.0,2025
776321,2025-09-14,139,TB,0,112,CHC,1,-6,3,0.0,2025
776316,2025-09-15,139,TB,1,141,TOR,1,1,1,1019.525278620114,2025
776305,2025-09-16,139,TB,1,141,TOR,1,2,2,0.0,2025
776290,2025-09-17,139,TB,1,141,TOR,1,3,3,0.0,2025
776269,2025-09-18,139,TB,1,141,TOR,1,4,4,0.0,2025
776261,2025-09-19,139,TB,1,111,BOS,1,5,1,0.0,2025
776247,2025-09-20,139,TB,1,111,BOS,1,6,2,0.0,2025
776236,2025-09-21,139,TB,1,111,BOS,1,7,3,0.0,2025
776223,2025-09-23,139,TB,0,110,BAL,2,-1,1,867.6749708982579,2025
776203,2025-09-24,139,TB,0,110,BAL,1,-2,2,0.0,2025
776191,2025-09-25,139,TB,0,110,BAL,1,-3,3,0.0,2025
776177,2025-09-26,139,TB,0,141,TOR,1,-4,1,333.41200779259856,2025
776159,2025-09-27,139,TB,0,141,TOR,1,-5,2,0.0,2025
776145,2025-09-28,139,TB,0,141,TOR,1,-6,3,0.0,2025
778553,2025-03-27,140,TEX,1,111,BOS,0,1,1,0.0,2025
778550,2025-03-29,140,TEX,1,111,BOS,2,2,2,0.0,2025
778531,2025-03-29,140,TEX,1,111,BOS,0,3,3,0.0,2025
778516,2025-03-30,140,TEX,1,111,BOS,1,4,4,0.0,2025
778511,2025-03-31,140,TEX,0,113,CIN,1,-1,1,827.9015703261257,2025
778498,2025-04-01,140,TEX,0,113,CIN,1,-2,2,0.0,2025
778480,2025-04-02,140,TEX,0,113,CIN,1,-3,3,0.0,2025
778454,2025-04-05,140,TEX,1,139,TB,3,1,1,827.9015703261257,2025
778438,2025-04-05,140,TEX,1,139,TB,0,2,2,0.0,2025
778420,2025-04-06,140,TEX,1,139,TB,1,3,3,0.0,2025
778411,2025-04-07,140,TEX,0,112,CHC,1,-1,1,818.6825304940769,2025
778401,2025-04-08,140,TEX,0,112,CHC,1,-2,2,0.0,2025
778385,2025-04-09,140,TEX,0,112,CHC,1,-3,3,0.0,2025
778360,2025-04-12,140,TEX,0,136,SEA,3,-4,1,1729.7949926063106,2025
778341,2025-04-13,140,TEX,0,136,SEA,1,-5,2,0.0,2025
778334,2025-04-13,140,TEX,0,136,SEA,0,-6,3,0.0,2025
778306,2025-04-16,140,TEX,1,108,LAA,3,1,1,1668.9357465944922,2025
778289,2025-04-17,140,TEX,1,108,LAA,1,2,2,0.0,2025
778281,2025-04-18,140,TEX,1,108,LAA,1,3,3,0.0,2025
778251,2025-04-19,140,TEX,1,119,LAD,1,4,1,0.0,2025
778263,2025-04-19,140,TEX,1,119,LAD,0,5,2,0.0,2025
778234,2025-04-20,140,TEX,1,119,LAD,1,6,3,0.0,2025
778213,2025-04-23,140,TEX,0,133,OAK,3,-1,1,1453.9867485388631,2025
778197,2025-04-24,140,TEX,0,133,OAK,1,-2,2,0.0,2025
778192,2025-04-25,140,TEX,0,133,OAK,1,-3,3,0.0,2025
778171,2025-04-26,140,TEX,0,137,SF,1,-4,1,10.48032218937323,2025
778159,2025-04-26,140,TEX,0,137,SF,0,-5,2,0.0,2025
778151,2025-04-27,140,TEX,0,137,SF,1,-6,3,0.0,2025
778143,2025-04-29,140,TEX,1,133,OAK,2,1,1,1464.4396362905297,2025
778122,2025-04-30,140,TEX,1,133,OAK,1,2,2,0.0,2025
778106,2025-05-01,140,TEX,1,133,OAK,1,3,3,0.0,2025
778096,2025-05-01,140,TEX,1,133,OAK,0,4,4,0.0,2025
778083,2025-05-03,140,TEX,1,136,SEA,2,5,1,0.0,2025
778070,2025-05-03,140,TEX,1,136,SEA,0,6,2,0.0,2025
778052,2025-05-04,140,TEX,1,136,SEA,1,7,3,0.0,2025
778037,2025-05-06,140,TEX,0,111,BOS,2,-1,1,1562.0482982121016,2025
778018,2025-05-07,140,TEX,0,111,BOS,1,-2,2,0.0,2025
778006,2025-05-08,140,TEX,0,111,BOS,1,-3,3,0.0,2025
777996,2025-05-09,140,TEX,0,116,DET,1,-4,1,609.8730788976414,2025
777987,2025-05-10,140,TEX,0,116,DET,1,-5,2,0.0,2025
777969,2025-05-11,140,TEX,0,116,DET,1,-6,3,0.0,2025
777949,2025-05-13,140,TEX,1,115,COL,2,1,1,1012.5081459059959,2025
777934,2025-05-14,140,TEX,1,115,COL,1,2,2,0.0,2025
777918,2025-05-15,140,TEX,1,115,COL,1,3,3,0.0,2025
777910,2025-05-16,140,TEX,1,117,HOU,1,4,1,0.0,2025
777895,2025-05-17,140,TEX,1,117,HOU,1,5,2,0.0,2025
777882,2025-05-17,140,TEX,1,117,HOU,0,6,3,0.0,2025
777869,2025-05-18,140,TEX,1,117,HOU,1,7,4,0.0,2025
777849,2025-05-20,140,TEX,0,147,NYY,2,-1,1,1392.1915186769138,2025
777835,2025-05-21,140,TEX,0,147,NYY,1,-2,2,0.0,2025
777818,2025-05-22,140,TEX,0,147,NYY,1,-3,3,0.0,2025
777805,2025-05-23,140,TEX,0,145,CWS,1,-4,1,713.826429908849,2025
777792,2025-05-24,140,TEX,0,145,CWS,1,-5,2,0.0,2025
777777,2025-05-25,140,TEX,0,145,CWS,1,-6,3,0.0,2025
777759,2025-05-26,140,TEX,1,141,TOR,1,1,1,813.378310893269,2025
777741,2025-05-28,140,TEX,1,141,TOR,2,2,2,0.0,2025
777724,2025-05-29,140,TEX,1,141,TOR,1,3,3,0.0,2025
777709,2025-05-31,140,TEX,1,138,STL,2,4,1,0.0,2025
777697,2025-05-31,140,TEX,1,138,STL,0,5,2,0.0,2025
777678,2025-06-01,140,TEX,1,138,STL,1,6,3,0.0,2025
777662,2025-06-03,140,TEX,0,139,TB,2,-1,1,926.4398070486983,2025
777646,2025-06-04,140,TEX,0,139,TB,1,-2,2,0.0,2025
777629,2025-06-05,140,TEX,0,139,TB,1,-3,3,0.0,2025
777624,2025-06-06,140,TEX,0,120,WSH,1,-4,1,833.2111191732948,2025
777610,2025-06-07,140,TEX,0,120,WSH,1,-5,2,0.0,2025
777596,2025-06-08,140,TEX,0,120,WSH,1,-6,3,0.0,2025
777557,2025-06-10,140,TEX,0,142,MIN,2,-7,1,934.56271968754,2025
777556,2025-06-11,140,TEX,0,142,MIN,1,-8,2,0.0,2025
777533,2025-06-12,140,TEX,0,142,MIN,1,-9,3,0.0,2025
777508,2025-06-14,140,TEX,1,145,CWS,2,1,1,869.2690937301206,2025
777524,2025-06-14,140,TEX,1,145,CWS,0,2,2,0.0,2025
777493,2025-06-15,140,TEX,1,145,CWS,1,3,3,0.0,2025
777468,2025-06-18,140,TEX,1,118,KC,3,4,1,0.0,2025
777460,2025-06-19,140,TEX,1,118,KC,1,5,2,0.0,2025
777443,2025-06-19,140,TEX,1,118,KC,0,6,3,0.0,2025
777432,2025-06-20,140,TEX,0,134,PIT,1,-1,1,1083.6370651726334,2025
777421,2025-06-21,140,TEX,0,134,PIT,1,-2,2,0.0,2025
777404,2025-06-22,140,TEX,0,134,PIT,1,-3,3,0.0,2025
777394,2025-06-23,140,TEX,0,110,BAL,1,-4,1,196.62316008554197,2025
777380,2025-06-24,140,TEX,0,110,BAL,1,-5,2,0.0,2025
777365,2025-06-25,140,TEX,0,110,BAL,1,-6,3,0.0,2025
777340,2025-06-28,140,TEX,1,136,SEA,3,1,1,1225.9583636520863,2025
777322,2025-06-28,140,TEX,1,136,SEA,0,2,2,0.0,2025
777302,2025-06-29,140,TEX,1,136,SEA,1,3,3,0.0,2025
777292,2025-07-01,140,TEX,1,110,BAL,2,4,1,0.0,2025
777282,2025-07-02,140,TEX,1,110,BAL,1,5,2,0.0,2025
777268,2025-07-03,140,TEX,1,110,BAL,1,6,3,0.0,2025
777239,2025-07-04,140,TEX,0,135,SD,1,-1,1,1165.0786259258875,2025
777223,2025-07-06,140,TEX,0,135,SD,2,-2,2,0.0,2025
777207,2025-07-07,140,TEX,0,135,SD,1,-3,3,0.0,2025
777200,2025-07-08,140,TEX,0,108,LAA,1,-4,1,86.36512380343024,2025
777180,2025-07-09,140,TEX,0,108,LAA,1,-5,2,0.0,2025
777171,2025-07-10,140,TEX,0,108,LAA,1,-6,3,0.0,2025
777159,2025-07-11,140,TEX,0,108,LAA,1,-7,4,0.0,2025
777154,2025-07-12,140,TEX,0,117,HOU,1,-8,1,1349.4753249039884,2025
777137,2025-07-12,140,TEX,0,117,HOU,0,-9,2,0.0,2025
777125,2025-07-13,140,TEX,0,117,HOU,1,-10,3,0.0,2025
777098,2025-07-19,140,TEX,1,116,DET,6,1,1,230.66355960201378,2025
777088,2025-07-19,140,TEX,1,116,DET,0,2,2,0.0,2025
777073,2025-07-20,140,TEX,1,116,DET,1,3,3,0.0,2025
777057,2025-07-22,140,TEX,1,133,OAK,2,4,1,0.0,2025
777043,2025-07-23,140,TEX,1,133,OAK,1,5,2,0.0,2025
777033,2025-07-24,140,TEX,1,133,OAK,1,6,3,0.0,2025
777009,2025-07-26,140,TEX,1,144,ATL,2,7,1,0.0,2025
776993,2025-07-26,140,TEX,1,144,ATL,0,8,2,0.0,2025
776981,2025-07-27,140,TEX,1,144,ATL,1,9,3,0.0,2025
776958,2025-07-29,140,TEX,0,108,LAA,2,-1,1,1201.6984237735796,2025
776945,2025-07-30,140,TEX,0,108,LAA,1,-2,2,0.0,2025
776932,2025-07-31,140,TEX,0,108,LAA,1,-3,3,0.0,2025
776923,2025-08-01,140,TEX,0,136,SEA,1,-4,1,980.5935873257743,2025
776897,2025-08-02,140,TEX,0,136,SEA,1,-5,2,0.0,2025
776908,2025-08-02,140,TEX,0,136,SEA,0,-6,3,0.0,2025
776883,2025-08-03,140,TEX,0,136,SEA,1,-7,4,0.0,2025
776871,2025-08-05,140,TEX,1,147,NYY,2,1,1,1668.9357465944922,2025
776855,2025-08-06,140,TEX,1,147,NYY,1,2,2,0.0,2025
776845,2025-08-06,140,TEX,1,147,NYY,0,3,3,0.0,2025
776821,2025-08-09,140,TEX,1,143,PHI,3,4,1,0.0,2025
776810,2025-08-09,140,TEX,1,143,PHI,0,5,2,0.0,2025
776800,2025-08-10,140,TEX,1,143,PHI,1,6,3,0.0,2025
776785,2025-08-12,140,TEX,1,109,ARI,2,7,1,0.0,2025
776746,2025-08-13,140,TEX,1,109,ARI,1,8,2,0.0,2025
776764,2025-08-13,140,TEX,1,109,ARI,0,9,3,0.0,2025
776735,2025-08-15,140,TEX,0,141,TOR,2,-1,1,1216.0025005666878,2025
776723,2025-08-16,140,TEX,0,141,TOR,1,-2,2,0.0,2025
776710,2025-08-17,140,TEX,0,141,TOR,1,-3,3,0.0,2025
776690,2025-08-18,140,TEX,0,118,KC,1,-4,1,843.0534764751171,2025
776675,2025-08-19,140,TEX,0,118,KC,1,-5,2,0.0,2025
776666,2025-08-20,140,TEX,0,118,KC,1,-6,3,0.0,2025
776657,2025-08-21,140,TEX,0,118,KC,1,-7,4,0.0,2025
776641,2025-08-23,140,TEX,1,114,CLE,2,1,1,459.01779323801827,2025
776623,2025-08-23,140,TEX,1,114,CLE,0,2,2,0.0,2025
776611,2025-08-24,140,TEX,1,114,CLE,1,3,3,0.0,2025
776592,2025-08-26,140,TEX,1,108,LAA,2,4,1,0.0,2025
776575,2025-08-27,140,TEX,1,108,LAA,1,5,2,0.0,2025
776563,2025-08-28,140,TEX,1,108,LAA,1,6,3,0.0,2025
776538,2025-08-30,140,TEX,0,133,OAK,2,-1,1,1453.9867485388631,2025
776524,2025-08-31,140,TEX,0,133,OAK,1,-2,2,0.0,2025
776508,2025-08-31,140,TEX,0,133,OAK,0,-3,3,0.0,2025
776495,2025-09-02,140,TEX,0,109,ARI,2,-4,1,641.9010628899154,2025
776481,2025-09-03,140,TEX,0,109,ARI,1,-5,2,0.0,2025
776468,2025-09-03,140,TEX,0,109,ARI,0,-6,3,0.0,2025
776432,2025-09-06,140,TEX,1,117,HOU,3,1,1,867.9010244338684,2025
776449,2025-09-06,140,TEX,1,117,HOU,0,2,2,0.0,2025
776418,2025-09-07,140,TEX,1,117,HOU,1,3,3,0.0,2025
776406,2025-09-09,140,TEX,1,158,MIL,2,4,1,0.0,2025
776395,2025-09-10,140,TEX,1,158,MIL,1,5,2,0.0,2025
776375,2025-09-10,140,TEX,1,158,MIL,0,6,3,0.0,2025
776359,2025-09-12,140,TEX,0,121,NYM,2,-1,1,1394.8455111609428,2025
776349,2025-09-13,140,TEX,0,121,NYM,1,-2,2,0.0,2025
776335,2025-09-14,140,TEX,0,121,NYM,1,-3,3,0.0,2025
776319,2025-09-16,140,TEX,0,117,HOU,2,-4,1,1425.994081762968,2025
776301,2025-09-17,140,TEX,0,117,HOU,1,-5,2,0.0,2025
776292,2025-09-18,140,TEX,0,117,HOU,1,-6,3,0.0,2025
776251,2025-09-20,140,TEX,1,146,MIA,2,1,1,230.66355960201378,2025
776242,2025-09-20,140,TEX,1,146,MIA,0,2,2,0.0,2025
776226,2025-09-21,140,TEX,1,146,MIA,1,3,3,0.0,2025
776210,2025-09-24,140,TEX,1,142,MIN,3,4,1,0.0,2025
776192,2025-09-25,140,TEX,1,142,MIN,1,5,2,0.0,2025
776183,2025-09-25,140,TEX,1,142,MIN,0,6,3,0.0,2025
776175,2025-09-26,140,TEX,0,114,CLE,1,-1,1,1038.947571490186,2025
776158,2025-09-27,140,TEX,0,114,CLE,1,-2,2,0.0,2025
776147,2025-09-28,140,TEX,0,114,CLE,1,-3,3,0.0,2025
778556,2025-03-27,141,TOR,1,110,BAL,0,1,1,0.0,2025
778549,2025-03-28,141,TOR,1,110,BAL,1,2,2,0.0,2025
778536,2025-03-29,141,TOR,1,110,BAL,1,3,3,0.0,2025
778525,2025-03-30,141,TOR,1,110,BAL,1,4,4,0.0,2025
778507,2025-03-31,141,TOR,1,120,WSH,1,5,1,0.0,2025
778491,2025-04-01,141,TOR,1,120,WSH,1,6,2,0.0,2025
778478,2025-04-02,141,TOR,1,120,WSH,1,7,3,0.0,2025
778465,2025-04-04,141,TOR,0,121,NYM,2,-1,1,346.6363887095845,2025
778446,2025-04-05,141,TOR,0,121,NYM,1,-2,2,0.0,2025
778435,2025-04-06,141,TOR,0,121,NYM,1,-3,3,0.0,2025
778426,2025-04-07,141,TOR,0,111,BOS,1,-4,1,179.60743829521417,2025
778404,2025-04-08,141,TOR,0,111,BOS,1,-5,2,0.0,2025
778386,2025-04-09,141,TOR,0,111,BOS,1,-6,3,0.0,2025
778377,2025-04-10,141,TOR,0,111,BOS,1,-7,4,0.0,2025
778362,2025-04-12,141,TOR,0,110,BAL,1,-9,2,0.0,2025
778344,2025-04-13,141,TOR,0,110,BAL,1,-10,3,0.0,2025
778322,2025-04-14,141,TOR,1,144,ATL,1,1,1,333.41200779259856,2025
778311,2025-04-15,141,TOR,1,144,ATL,1,2,2,0.0,2025
778297,2025-04-16,141,TOR,1,144,ATL,1,3,3,0.0,2025
778273,2025-04-18,141,TOR,1,136,SEA,2,4,1,0.0,2025
778258,2025-04-19,141,TOR,1,136,SEA,1,5,2,0.0,2025
778241,2025-04-20,141,TOR,1,136,SEA,1,6,3,0.0,2025
778231,2025-04-22,141,TOR,0,117,HOU,2,-1,1,1300.2748883372112,2025
778217,2025-04-23,141,TOR,0,117,HOU,1,-2,2,0.0,2025
778200,2025-04-23,141,TOR,0,117,HOU,0,-3,3,0.0,2025
778185,2025-04-25,141,TOR,0,147,NYY,2,-4,1,1424.3629806468848,2025
778156,2025-04-27,141,TOR,0,147,NYY,1,-6,3,0.0,2025
778170,2025-04-27,141,TOR,0,147,NYY,0,-7,4,0.0,2025
778127,2025-04-29,141,TOR,1,111,BOS,2,1,1,340.2685304486618,2025
778114,2025-04-30,141,TOR,1,111,BOS,1,2,2,0.0,2025
778095,2025-05-01,141,TOR,1,111,BOS,1,3,3,0.0,2025
778081,2025-05-02,141,TOR,1,114,CLE,1,4,1,0.0,2025
778064,2025-05-03,141,TOR,1,114,CLE,1,5,2,0.0,2025
778056,2025-05-04,141,TOR,1,114,CLE,1,6,3,0.0,2025
778025,2025-05-07,141,TOR,0,108,LAA,3,-1,1,2161.688067916341,2025
778009,2025-05-08,141,TOR,0,108,LAA,1,-2,2,0.0,2025
778000,2025-05-09,141,TOR,0,108,LAA,1,-3,3,0.0,2025
777984,2025-05-10,141,TOR,0,136,SEA,1,-4,1,980.5935873257743,2025
777958,2025-05-11,141,TOR,0,136,SEA,1,-5,2,0.0,2025
777970,2025-05-11,141,TOR,0,136,SEA,0,-6,3,0.0,2025
777935,2025-05-13,141,TOR,1,139,TB,2,1,1,2066.462246019487,2025
777923,2025-05-14,141,TOR,1,139,TB,1,2,2,0.0,2025
777913,2025-05-15,141,TOR,1,139,TB,1,3,3,0.0,2025
777906,2025-05-16,141,TOR,1,116,DET,1,4,1,0.0,2025
777886,2025-05-17,141,TOR,1,116,DET,1,5,2,0.0,2025
777871,2025-05-18,141,TOR,1,116,DET,1,6,3,0.0,2025
777845,2025-05-20,141,TOR,1,135,SD,2,7,1,0.0,2025
777837,2025-05-21,141,TOR,1,135,SD,1,8,2,0.0,2025
777816,2025-05-22,141,TOR,1,135,SD,1,9,3,0.0,2025
777810,2025-05-23,141,TOR,0,139,TB,1,-1,1,1111.7297518661444,2025
777795,2025-05-24,141,TOR,0,139,TB,1,-2,2,0.0,2025
777775,2025-05-25,141,TOR,0,139,TB,1,-3,3,0.0,2025
777759,2025-05-26,141,TOR,0,140,TEX,1,-4,1,926.4398070486983,2025
777741,2025-05-28,141,TOR,0,140,TEX,2,-5,2,0.0,2025
777724,2025-05-29,141,TOR,0,140,TEX,1,-6,3,0.0,2025
777727,2025-05-29,141,TOR,1,133,OAK,0,1,1,1216.0025005666878,2025
777716,2025-05-30,141,TOR,1,133,OAK,1,2,2,0.0,2025
777701,2025-05-31,141,TOR,1,133,OAK,1,3,3,0.0,2025
777685,2025-06-01,141,TOR,1,133,OAK,1,4,4,0.0,2025
777665,2025-06-03,141,TOR,1,143,PHI,2,5,1,0.0,2025
777651,2025-06-04,141,TOR,1,143,PHI,1,6,2,0.0,2025
777637,2025-06-05,141,TOR,1,143,PHI,1,7,3,0.0,2025
777615,2025-06-07,141,TOR,0,142,MIN,2,-1,1,692.024839424288,2025
777600,2025-06-07,141,TOR,0,142,MIN,0,-2,2,0.0,2025
777585,2025-06-08,141,TOR,0,142,MIN,1,-3,3,0.0,2025
777581,2025-06-09,141,TOR,0,138,STL,1,-4,1,467.15187795921247,2025
777558,2025-06-10,141,TOR,0,138,STL,1,-5,2,0.0,2025
777545,2025-06-11,141,TOR,0,138,STL,1,-6,3,0.0,2025
777531,2025-06-13,141,TOR,0,143,PHI,2,-7,1,807.7790398828691,2025
777509,2025-06-14,141,TOR,0,143,PHI,1,-8,2,0.0,2025
777499,2025-06-15,141,TOR,0,143,PHI,1,-9,3,0.0,2025
777479,2025-06-17,141,TOR,1,109,ARI,2,1,1,337.49777915551493,2025
777462,2025-06-18,141,TOR,1,109,ARI,1,2,2,0.0,2025
777448,2025-06-19,141,TOR,1,109,ARI,1,3,3,0.0,2025
777435,2025-06-20,141,TOR,1,145,CWS,1,4,1,0.0,2025
777418,2025-06-21,141,TOR,1,145,CWS,1,5,2,0.0,2025
777408,2025-06-22,141,TOR,1,145,CWS,1,6,3,0.0,2025
777384,2025-06-24,141,TOR,0,114,CLE,2,-1,1,188.71684847115282,2025
777368,2025-06-25,141,TOR,0,114,CLE,1,-2,2,0.0,2025
777354,2025-06-26,141,TOR,0,114,CLE,1,-3,3,0.0,2025
777345,2025-06-27,141,TOR,0,111,BOS,1,-4,1,547.1609370940174,2025
777323,2025-06-28,141,TOR,0,111,BOS,1,-5,2,0.0,2025
777310,2025-06-29,141,TOR,0,111,BOS,1,-6,3,0.0,2025
777295,2025-06-30,141,TOR,1,147,NYY,1,1,1,428.32913029317257,2025
777283,2025-07-01,141,TOR,1,147,NYY,1,2,2,0.0,2025
777274,2025-07-02,141,TOR,1,147,NYY,1,3,3,0.0,2025
777260,2025-07-03,141,TOR,1,147,NYY,1,4,4,0.0,2025
777242,2025-07-04,141,TOR,1,108,LAA,1,5,1,0.0,2025
777231,2025-07-05,141,TOR,1,108,LAA,1,6,2,0.0,2025
777214,2025-07-06,141,TOR,1,108,LAA,1,7,3,0.0,2025
777212,2025-07-07,141,TOR,0,145,CWS,1,-1,1,436.51941913736283,2025
777188,2025-07-08,141,TOR,0,145,CWS,1,-2,2,0.0,2025
777172,2025-07-09,141,TOR,0,145,CWS,1,-3,3,0.0,2025
777152,2025-07-12,141,TOR,0,133,OAK,3,-4,1,1844.1022325602153,2025
777132,2025-07-13,141,TOR,0,133,OAK,1,-5,2,0.0,2025
777116,2025-07-13,141,TOR,0,133,OAK,0,-6,3,0.0,2025
777108,2025-07-18,141,TOR,1,137,SF,5,1,1,2253.7814110292547,2025
777094,2025-07-19,141,TOR,1,137,SF,1,2,2,0.0,2025
777079,2025-07-20,141,TOR,1,137,SF,1,3,3,0.0,2025
777066,2025-07-21,141,TOR,1,147,NYY,1,4,1,0.0,2025
777046,2025-07-22,141,TOR,1,147,NYY,1,5,2,0.0,2025
777027,2025-07-23,141,TOR,1,147,NYY,1,6,3,0.0,2025
777021,2025-07-24,141,TOR,0,116,DET,1,-1,1,205.64835449402668,2025
777016,2025-07-25,141,TOR,0,116,DET,1,-2,2,0.0,2025
777003,2025-07-26,141,TOR,0,116,DET,1,-3,3,0.0,2025
776987,2025-07-27,141,TOR,0,116,DET,1,-4,4,0.0,2025
776966,2025-07-28,141,TOR,0,110,BAL,1,-5,1,396.72723870572077,2025
778372,2025-07-29,141,TOR,0,110,BAL,1,-6,2,0.0,2025
776962,2025-07-29,141,TOR,0,110,BAL,0,-7,3,0.0,2025
776948,2025-07-30,141,TOR,0,110,BAL,1,-8,4,0.0,2025
776920,2025-08-01,141,TOR,1,118,KC,2,1,1,333.41200779259856,2025
776900,2025-08-02,141,TOR,1,118,KC,1,2,2,0.0,2025
776893,2025-08-03,141,TOR,1,118,KC,1,3,3,0.0,2025
776872,2025-08-05,141,TOR,0,115,COL,2,-1,1,1342.3524184236549,2025
776854,2025-08-06,141,TOR,0,115,COL,1,-2,2,0.0,2025
776836,2025-08-06,141,TOR,0,115,COL,0,-3,3,0.0,2025
776823,2025-08-09,141,TOR,0,119,LAD,3,-4,1,829.208728545356,2025
776808,2025-08-10,141,TOR,0,119,LAD,1,-5,2,0.0,2025
776788,2025-08-10,141,TOR,0,119,LAD,0,-6,3,0.0,2025
776768,2025-08-12,141,TOR,1,112,CHC,2,1,1,2170.147803507067,2025
776757,2025-08-13,141,TOR,1,112,CHC,1,2,2,0.0,2025
776747,2025-08-14,141,TOR,1,112,CHC,1,3,3,0.0,2025
776735,2025-08-15,141,TOR,1,140,TEX,1,4,1,0.0,2025
776723,2025-08-16,141,TOR,1,140,TEX,1,5,2,0.0,2025
776710,2025-08-17,141,TOR,1,140,TEX,1,6,3,0.0,2025
776694,2025-08-18,141,TOR,0,134,PIT,1,-1,1,222.98418827648996,2025
776679,2025-08-19,141,TOR,0,134,PIT,1,-2,2,0.0,2025
776661,2025-08-20,141,TOR,0,134,PIT,1,-3,3,0.0,2025
776646,2025-08-22,141,TOR,0,146,MIA,2,-4,1,1013.6533818001047,2025
776630,2025-08-23,141,TOR,0,146,MIA,1,-5,2,0.0,2025
776614,2025-08-24,141,TOR,0,146,MIA,1,-6,3,0.0,2025
776596,2025-08-25,141,TOR,1,142,MIN,1,1,1,1235.193689499836,2025
776582,2025-08-26,141,TOR,1,142,MIN,1,2,2,0.0,2025
776567,2025-08-27,141,TOR,1,142,MIN,1,3,3,0.0,2025
776546,2025-08-29,141,TOR,1,158,MIL,2,4,1,0.0,2025
776527,2025-08-30,141,TOR,1,158,MIL,1,5,2,0.0,2025
776515,2025-08-31,141,TOR,1,158,MIL,1,6,3,0.0,2025
776503,2025-09-01,141,TOR,0,113,CIN,1,-1,1,410.94298565561166,2025
776491,2025-09-02,141,TOR,0,113,CIN,1,-2,2,0.0,2025
776475,2025-09-03,141,TOR,0,113,CIN,1,-3,3,0.0,2025
776457,2025-09-05,141,TOR,0,147,NYY,2,-4,1,572.6665954672798,2025
776436,2025-09-06,141,TOR,0,147,NYY,1,-5,2,0.0,2025
776423,2025-09-07,141,TOR,0,147,NYY,1,-6,3,0.0,2025
776393,2025-09-09,141,TOR,1,117,HOU,2,1,1,340.2685304486618,2025
776385,2025-09-10,141,TOR,1,117,HOU,1,2,2,0.0,2025
776369,2025-09-11,141,TOR,1,117,HOU,1,3,3,0.0,2025
776353,2025-09-12,141,TOR,1,110,BAL,1,4,1,0.0,2025
776343,2025-09-13,141,TOR,1,110,BAL,1,5,2,0.0,2025
776322,2025-09-14,141,TOR,1,110,BAL,1,6,3,0.0,2025
776316,2025-09-15,141,TOR,0,139,TB,1,-1,1,1111.7297518661444,2025
776305,2025-09-16,141,TOR,0,139,TB,1,-2,2,0.0,2025
776290,2025-09-17,141,TOR,0,139,TB,1,-3,3,0.0,2025
776269,2025-09-18,141,TOR,0,139,TB,1,-4,4,0.0,2025
776260,2025-09-19,141,TOR,0,118,KC,1,-5,1,1034.03926539089,2025
776245,2025-09-20,141,TOR,0,118,KC,1,-6,2,0.0,2025
776229,2025-09-21,141,TOR,0,118,KC,1,-7,3,0.0,2025
776217,2025-09-23,141,TOR,1,111,BOS,2,1,1,843.0534764751171,2025
776206,2025-09-24,141,TOR,1,111,BOS,1,2,2,0.0,2025
776186,2025-09-25,141,TOR,1,111,BOS,1,3,3,0.0,2025
776177,2025-09-26,141,TOR,1,139,TB,1,4,1,0.0,2025
776159,2025-09-27,141,TOR,1,139,TB,1,5,2,0.0,2025
776145,2025-09-28,141,TOR,1,139,TB,1,6,3,0.0,2025
778551,2025-03-27,142,MIN,0,138,STL,0,-1,1,467.15187795921247,2025
778528,2025-03-29,142,MIN,0,138,STL,2,-2,2,0.0,2025
778517,2025-03-30,142,MIN,0,138,STL,1,-3,3,0.0,2025
778506,2025-03-31,142,MIN,0,145,CWS,1,-4,1,259.4675939691297,2025
778490,2025-04-01,142,MIN,0,145,CWS,1,-5,2,0.0,2025
778474,2025-04-02,142,MIN,0,145,CWS,1,-6,3,0.0,2025
778462,2025-04-03,142,MIN,1,117,HOU,1,1,1,357.20870712294794,2025
778440,2025-04-05,142,MIN,1,117,HOU,2,2,2,0.0,2025
778419,2025-04-06,142,MIN,1,117,HOU,1,3,3,0.0,2025
778412,2025-04-07,142,MIN,0,118,KC,1,-1,1,414.3585559282368,2025
778400,2025-04-08,142,MIN,0,118,KC,1,-2,2,0.0,2025
778388,2025-04-09,142,MIN,0,118,KC,1,-3,3,0.0,2025
778373,2025-04-10,142,MIN,0,118,KC,1,-4,4,0.0,2025
778363,2025-04-12,142,MIN,1,116,DET,2,1,1,414.3585559282368,2025
778348,2025-04-12,142,MIN,1,116,DET,0,2,2,0.0,2025
778335,2025-04-13,142,MIN,1,116,DET,1,3,3,0.0,2025
778324,2025-04-14,142,MIN,1,121,NYM,1,4,1,0.0,2025
778307,2025-04-15,142,MIN,1,121,NYM,1,5,2,0.0,2025
778299,2025-04-16,142,MIN,1,121,NYM,1,6,3,0.0,2025
778284,2025-04-18,142,MIN,0,144,ATL,2,-1,1,897.816602147021,2025
778267,2025-04-19,142,MIN,0,144,ATL,1,-2,2,0.0,2025
778249,2025-04-20,142,MIN,0,144,ATL,1,-3,3,0.0,2025
778216,2025-04-22,142,MIN,1,145,CWS,2,1,1,897.816602147021,2025
778201,2025-04-23,142,MIN,1,145,CWS,1,2,2,0.0,2025
778189,2025-04-24,142,MIN,1,145,CWS,1,3,3,0.0,2025
778186,2025-04-25,142,MIN,1,108,LAA,1,4,1,0.0,2025
778166,2025-04-26,142,MIN,1,108,LAA,1,5,2,0.0,2025
778144,2025-04-27,142,MIN,1,108,LAA,1,6,3,0.0,2025
778139,2025-04-28,142,MIN,0,114,CLE,1,-1,1,630.5553923040089,2025
778129,2025-04-29,142,MIN,0,114,CLE,1,-2,2,0.0,2025
778116,2025-04-30,142,MIN,0,114,CLE,1,-3,3,0.0,2025
778108,2025-05-01,142,MIN,0,114,CLE,1,-4,4,0.0,2025
778089,2025-05-02,142,MIN,0,111,BOS,1,-5,1,547.1609370940174,2025
778073,2025-05-03,142,MIN,0,111,BOS,1,-6,2,0.0,2025
778063,2025-05-04,142,MIN,0,111,BOS,1,-7,3,0.0,2025
778028,2025-05-06,142,MIN,1,110,BAL,2,1,1,1119.9102367149933,2025
778011,2025-05-07,142,MIN,1,110,BAL,1,2,2,0.0,2025
778007,2025-05-08,142,MIN,1,110,BAL,1,3,3,0.0,2025
777992,2025-05-10,142,MIN,1,137,SF,2,4,1,0.0,2025
777974,2025-05-10,142,MIN,1,137,SF,0,5,2,0.0,2025
777956,2025-05-11,142,MIN,1,137,SF,1,6,3,0.0,2025
777924,2025-05-14,142,MIN,0,110,BAL,1,-2,2,0.0,2025
777938,2025-05-14,142,MIN,0,110,BAL,0,-3,3,0.0,2025
777911,2025-05-15,142,MIN,0,110,BAL,1,-4,4,0.0,2025
777898,2025-05-17,142,MIN,0,158,MIL,2,-5,1,643.9453251330319,2025
777883,2025-05-17,142,MIN,0,158,MIL,0,-6,2,0.0,2025
777865,2025-05-18,142,MIN,0,158,MIL,1,-7,3,0.0,2025
777829,2025-05-21,142,MIN,1,114,CLE,1,3,3,0.0,2025
777861,2025-05-21,142,MIN,1,114,CLE,0,4,4,0.0,2025
777799,2025-05-24,142,MIN,1,118,KC,3,5,1,0.0,2025
777788,2025-05-24,142,MIN,1,118,KC,0,6,2,0.0,2025
777772,2025-05-25,142,MIN,1,118,KC,1,7,3,0.0,2025
777762,2025-05-26,142,MIN,0,139,TB,1,-1,1,1325.4285844846306,2025
777746,2025-05-27,142,MIN,0,139,TB,1,-2,2,0.0,2025
777732,2025-05-28,142,MIN,0,139,TB,1,-3,3,0.0,2025
777713,2025-05-31,142,MIN,0,136,SEA,3,-4,1,2525.9452819416106,2025
777695,2025-05-31,142,MIN,0,136,SEA,0,-5,2,0.0,2025
777680,2025-06-01,142,MIN,0,136,SEA,1,-6,3,0.0,2025
777669,2025-06-03,142,MIN,0,133,OAK,2,-7,1,679.9392003432476,2025
777658,2025-06-04,142,MIN,0,133,OAK,1,-8,2,0.0,2025
777643,2025-06-05,142,MIN,0,133,OAK,1,-9,3,0.0,2025
777636,2025-06-05,142,MIN,0,133,OAK,0,-10,4,0.0,2025
777615,2025-06-07,142,MIN,1,141,TOR,2,1,1,1571.0292537363316,2025
777600,2025-06-07,142,MIN,1,141,TOR,0,2,2,0.0,2025
777585,2025-06-08,142,MIN,1,141,TOR,1,3,3,0.0,2025
777557,2025-06-10,142,MIN,1,140,TEX,2,4,1,0.0,2025
777556,2025-06-11,142,MIN,1,140,TEX,1,5,2,0.0,2025
777533,2025-06-12,142,MIN,1,140,TEX,1,6,3,0.0,2025
777510,2025-06-14,142,MIN,0,117,HOU,2,-1,1,1058.038361560939,2025
777527,2025-06-14,142,MIN,0,117,HOU,0,-2,2,0.0,2025
777494,2025-06-15,142,MIN,0,117,HOU,1,-3,3,0.0,2025
777478,2025-06-17,142,MIN,0,113,CIN,2,-4,1,892.3931536123845,2025
777474,2025-06-18,142,MIN,0,113,CIN,1,-5,2,0.0,2025
777452,2025-06-19,142,MIN,0,113,CIN,1,-6,3,0.0,2025
777434,2025-06-21,142,MIN,1,158,MIL,2,1,1,605.8281829837056,2025
777412,2025-06-21,142,MIN,1,158,MIL,0,2,2,0.0,2025
777401,2025-06-22,142,MIN,1,158,MIL,1,3,3,0.0,2025
777388,2025-06-23,142,MIN,1,136,SEA,1,4,1,0.0,2025
777375,2025-06-24,142,MIN,1,136,SEA,1,5,2,0.0,2025
777363,2025-06-25,142,MIN,1,136,SEA,1,6,3,0.0,2025
777356,2025-06-26,142,MIN,1,136,SEA,1,7,4,0.0,2025
777334,2025-06-27,142,MIN,0,116,DET,1,-1,1,542.5071369450939,2025
777324,2025-06-28,142,MIN,0,116,DET,1,-2,2,0.0,2025
777314,2025-06-29,142,MIN,0,116,DET,1,-3,3,0.0,2025
777293,2025-07-01,142,MIN,0,146,MIA,2,-4,1,1155.530357030567,2025
777275,2025-07-02,142,MIN,0,146,MIA,1,-5,2,0.0,2025
777263,2025-07-03,142,MIN,0,146,MIA,1,-6,3,0.0,2025
777247,2025-07-04,142,MIN,1,139,TB,1,1,1,1512.7164311689035,2025
777230,2025-07-05,142,MIN,1,139,TB,1,2,2,0.0,2025
777220,2025-07-06,142,MIN,1,139,TB,1,3,3,0.0,2025
777190,2025-07-08,142,MIN,1,112,CHC,2,4,1,0.0,2025
777173,2025-07-09,142,MIN,1,112,CHC,1,5,2,0.0,2025
777166,2025-07-10,142,MIN,1,112,CHC,1,6,3,0.0,2025
777148,2025-07-12,142,MIN,1,134,PIT,2,7,1,0.0,2025
777134,2025-07-12,142,MIN,1,134,PIT,0,8,2,0.0,2025
777113,2025-07-13,142,MIN,1,134,PIT,1,9,3,0.0,2025
777102,2025-07-19,142,MIN,0,115,COL,6,-1,1,697.6486501293384,2025
777080,2025-07-20,142,MIN,0,115,COL,1,-2,2,0.0,2025
777072,2025-07-20,142,MIN,0,115,COL,0,-3,3,0.0,2025
777051,2025-07-22,142,MIN,0,119,LAD,2,-4,1,829.208728545356,2025
777039,2025-07-23,142,MIN,0,119,LAD,1,-5,2,0.0,2025
777022,2025-07-23,142,MIN,0,119,LAD,0,-6,3,0.0,2025
777011,2025-07-26,142,MIN,1,120,WSH,3,1,1,1519.9504822292802,2025
776997,2025-07-26,142,MIN,1,120,WSH,0,2,2,0.0,2025
776979,2025-07-27,142,MIN,1,120,WSH,1,3,3,0.0,2025
776961,2025-07-28,142,MIN,1,111,BOS,1,4,1,0.0,2025
776954,2025-07-29,142,MIN,1,111,BOS,1,5,2,0.0,2025
776935,2025-07-30,142,MIN,1,111,BOS,1,6,3,0.0,2025
776924,2025-08-01,142,MIN,0,114,CLE,2,-1,1,630.5553923040089,2025
776905,2025-08-02,142,MIN,0,114,CLE,1,-2,2,0.0,2025
776892,2025-08-03,142,MIN,0,114,CLE,1,-3,3,0.0,2025
776874,2025-08-04,142,MIN,0,116,DET,1,-4,1,91.12804978214932,2025
776861,2025-08-05,142,MIN,0,116,DET,1,-5,2,0.0,2025
776859,2025-08-06,142,MIN,0,116,DET,1,-6,3,0.0,2025
776827,2025-08-09,142,MIN,1,118,KC,3,1,1,542.5071369450939,2025
776816,2025-08-09,142,MIN,1,118,KC,0,2,2,0.0,2025
776796,2025-08-10,142,MIN,1,118,KC,1,3,3,0.0,2025
776790,2025-08-11,142,MIN,0,147,NYY,1,-1,1,1017.7624974211766,2025
776774,2025-08-12,142,MIN,0,147,NYY,1,-2,2,0.0,2025
776760,2025-08-13,142,MIN,0,147,NYY,1,-3,3,0.0,2025
776744,2025-08-14,142,MIN,1,116,DET,1,1,1,1017.7624974211766,2025
776732,2025-08-16,142,MIN,1,116,DET,2,2,2,0.0,2025
776716,2025-08-16,142,MIN,1,116,DET,0,3,3,0.0,2025
776700,2025-08-17,142,MIN,1,116,DET,1,4,4,0.0,2025
776674,2025-08-19,142,MIN,1,133,OAK,2,5,1,0.0,2025
776665,2025-08-20,142,MIN,1,133,OAK,1,6,2,0.0,2025
776653,2025-08-21,142,MIN,1,133,OAK,1,7,3,0.0,2025
776639,2025-08-22,142,MIN,0,145,CWS,1,-1,1,357.20870712294794,2025
776619,2025-08-23,142,MIN,0,145,CWS,1,-2,2,0.0,2025
776607,2025-08-24,142,MIN,0,145,CWS,1,-3,3,0.0,2025
776596,2025-08-25,142,MIN,0,141,TOR,1,-4,1,436.51941913736283,2025
776582,2025-08-26,142,MIN,0,141,TOR,1,-5,2,0.0,2025
776567,2025-08-27,142,MIN,0,141,TOR,1,-6,3,0.0,2025
776541,2025-08-30,142,MIN,1,135,SD,3,1,1,692.024839424288,2025
776530,2025-08-30,142,MIN,1,135,SD,0,2,2,0.0,2025
776513,2025-08-31,142,MIN,1,135,SD,1,3,3,0.0,2025
776502,2025-09-01,142,MIN,1,145,CWS,1,4,1,0.0,2025
776484,2025-09-02,142,MIN,1,145,CWS,1,5,2,0.0,2025
776469,2025-09-03,142,MIN,1,145,CWS,1,6,3,0.0,2025
776462,2025-09-04,142,MIN,1,145,CWS,1,7,4,0.0,2025
776446,2025-09-05,142,MIN,0,118,KC,1,-1,1,414.3585559282368,2025
776434,2025-09-06,142,MIN,0,118,KC,1,-2,2,0.0,2025
776422,2025-09-07,142,MIN,0,118,KC,1,-3,3,0.0,2025
776411,2025-09-09,142,MIN,0,108,LAA,2,-4,1,1346.5044522382782,2025
776390,2025-09-10,142,MIN,0,108,LAA,1,-5,2,0.0,2025
776376,2025-09-10,142,MIN,0,108,LAA,0,-6,3,0.0,2025
776355,2025-09-13,142,MIN,1,109,ARI,3,1,1,1515.2340388389878,2025
776337,2025-09-13,142,MIN,1,109,ARI,0,2,2,0.0,2025
776324,2025-09-14,142,MIN,1,109,ARI,1,3,3,0.0,2025
776313,2025-09-15,142,MIN,1,147,NYY,1,4,1,0.0,2025
776298,2025-09-16,142,MIN,1,147,NYY,1,5,2,0.0,2025
776284,2025-09-17,142,MIN,1,147,NYY,1,6,3,0.0,2025
776263,2025-09-20,142,MIN,1,114,CLE,3,7,1,0.0,2025
777839,2025-09-20,142,MIN,1,114,CLE,0,8,2,0.0,2025
776243,2025-09-20,142,MIN,1,114,CLE,0,9,3,0.0,2025
776225,2025-09-21,142,MIN,1,114,CLE,1,10,4,0.0,2025
776210,2025-09-24,142,MIN,0,140,TEX,3,-1,1,869.2690937301206,2025
776192,2025-09-25,142,MIN,0,140,TEX,1,-2,2,0.0,2025
776183,2025-09-25,142,MIN,0,140,TEX,0,-3,3,0.0,2025
776176,2025-09-26,142,MIN,0,143,PHI,1,-4,1,1312.0282758431574,2025
776163,2025-09-27,142,MIN,0,143,PHI,1,-5,2,0.0,2025
776141,2025-09-28,142,MIN,0,143,PHI,1,-6,3,0.0,2025
778555,2025-03-27,143,PHI,0,120,WSH,0,-1,1,121.48691857607562,2025
778535,2025-03-29,143,PHI,0,120,WSH,2,-2,2,0.0,2025
778526,2025-03-30,143,PHI,0,120,WSH,1,-3,3,0.0,2025
778502,2025-03-31,143,PHI,1,115,COL,1,1,1,121.48691857607562,2025
778482,2025-04-02,143,PHI,1,115,COL,2,2,2,0.0,2025
778467,2025-04-03,143,PHI,1,115,COL,1,3,3,0.0,2025
778459,2025-04-04,143,PHI,1,119,LAD,1,4,1,0.0,2025
778448,2025-04-05,143,PHI,1,119,LAD,1,5,2,0.0,2025
778434,2025-04-06,143,PHI,1,119,LAD,1,6,3,0.0,2025
778406,2025-04-08,143,PHI,0,144,ATL,2,-1,1,660.3458671025634,2025
778393,2025-04-09,143,PHI,0,144,ATL,1,-2,2,0.0,2025
778384,2025-04-10,143,PHI,0,144,ATL,1,-3,3,0.0,2025
778365,2025-04-12,143,PHI,0,138,STL,2,-4,1,456.58876384408995,2025
778347,2025-04-12,143,PHI,0,138,STL,0,-5,2,0.0,2025
778336,2025-04-13,143,PHI,0,138,STL,1,-6,3,0.0,2025
778320,2025-04-14,143,PHI,1,137,SF,1,1,1,807.7790398828691,2025
778313,2025-04-15,143,PHI,1,137,SF,1,2,2,0.0,2025
778296,2025-04-16,143,PHI,1,137,SF,1,3,3,0.0,2025
778279,2025-04-17,143,PHI,1,137,SF,1,4,4,0.0,2025
778274,2025-04-18,143,PHI,1,146,MIA,1,5,1,0.0,2025
778252,2025-04-19,143,PHI,1,146,MIA,1,6,2,0.0,2025
778248,2025-04-20,143,PHI,1,146,MIA,1,7,3,0.0,2025
778225,2025-04-21,143,PHI,0,121,NYM,1,-1,1,91.08673366367736,2025
778223,2025-04-22,143,PHI,0,121,NYM,1,-2,2,0.0,2025
778203,2025-04-23,143,PHI,0,121,NYM,1,-3,3,0.0,2025
778182,2025-04-25,143,PHI,0,112,CHC,2,-4,1,720.1961586455312,2025
778174,2025-04-26,143,PHI,0,112,CHC,1,-5,2,0.0,2025
778158,2025-04-27,143,PHI,0,112,CHC,1,-6,3,0.0,2025
778131,2025-04-29,143,PHI,1,120,WSH,2,1,1,666.436342674126,2025
778118,2025-04-30,143,PHI,1,120,WSH,1,2,2,0.0,2025
778099,2025-05-01,143,PHI,1,120,WSH,1,3,3,0.0,2025
778086,2025-05-02,143,PHI,1,109,ARI,1,4,1,0.0,2025
778078,2025-05-03,143,PHI,1,109,ARI,1,5,2,0.0,2025
778059,2025-05-04,143,PHI,1,109,ARI,1,6,3,0.0,2025
778040,2025-05-06,143,PHI,0,139,TB,2,-1,1,941.4579426846607,2025
778021,2025-05-07,143,PHI,0,139,TB,1,-2,2,0.0,2025
778005,2025-05-08,143,PHI,0,139,TB,1,-3,3,0.0,2025
777997,2025-05-09,143,PHI,0,114,CLE,1,-4,1,950.1419996181558,2025
777983,2025-05-10,143,PHI,0,114,CLE,1,-5,2,0.0,2025
777971,2025-05-11,143,PHI,0,114,CLE,1,-6,3,0.0,2025
777953,2025-05-12,143,PHI,1,138,STL,1,1,1,358.6103362183685,2025
777922,2025-05-14,143,PHI,1,138,STL,1,3,3,0.0,2025
777933,2025-05-14,143,PHI,1,138,STL,0,4,4,0.0,2025
777905,2025-05-16,143,PHI,1,134,PIT,2,5,1,0.0,2025
777894,2025-05-17,143,PHI,1,134,PIT,1,6,2,0.0,2025
777880,2025-05-18,143,PHI,1,134,PIT,1,7,3,0.0,2025
777852,2025-05-20,143,PHI,0,115,COL,2,-1,1,1575.3272730725726,2025
777842,2025-05-21,143,PHI,0,115,COL,1,-2,2,0.0,2025
777817,2025-05-22,143,PHI,0,115,COL,1,-3,3,0.0,2025
777823,2025-05-22,143,PHI,0,115,COL,0,-4,4,0.0,2025
777804,2025-05-24,143,PHI,0,133,OAK,2,-5,1,935.9586291857619,2025
777784,2025-05-25,143,PHI,0,133,OAK,1,-6,2,0.0,2025
777765,2025-05-25,143,PHI,0,133,OAK,0,-7,3,0.0,2025
777748,2025-05-27,143,PHI,1,144,ATL,2,1,1,2506.7279595630266,2025
777735,2025-05-29,143,PHI,1,144,ATL,1,3,3,0.0,2025
777723,2025-05-29,143,PHI,1,144,ATL,0,4,4,0.0,2025
777715,2025-05-30,143,PHI,1,158,MIL,1,5,1,0.0,2025
777702,2025-05-31,143,PHI,1,158,MIL,1,6,2,0.0,2025
777688,2025-06-01,143,PHI,1,158,MIL,1,7,3,0.0,2025
777665,2025-06-03,143,PHI,0,141,TOR,2,-1,1,337.49777915551493,2025
777651,2025-06-04,143,PHI,0,141,TOR,1,-2,2,0.0,2025
777637,2025-06-05,143,PHI,0,141,TOR,1,-3,3,0.0,2025
777621,2025-06-06,143,PHI,0,134,PIT,1,-4,1,222.98418827648996,2025
777607,2025-06-07,143,PHI,0,134,PIT,1,-5,2,0.0,2025
777595,2025-06-08,143,PHI,0,134,PIT,1,-6,3,0.0,2025
777578,2025-06-09,143,PHI,1,112,CHC,1,1,1,258.1684392529645,2025
777571,2025-06-10,143,PHI,1,112,CHC,1,2,2,0.0,2025
777553,2025-06-11,143,PHI,1,112,CHC,1,3,3,0.0,2025
777531,2025-06-13,143,PHI,1,141,TOR,2,4,1,0.0,2025
777509,2025-06-14,143,PHI,1,141,TOR,1,5,2,0.0,2025
777499,2025-06-15,143,PHI,1,141,TOR,1,6,3,0.0,2025
777483,2025-06-16,143,PHI,0,146,MIA,1,-1,1,1018.8446832841317,2025
777481,2025-06-17,143,PHI,0,146,MIA,1,-2,2,0.0,2025
777465,2025-06-18,143,PHI,0,146,MIA,1,-3,3,0.0,2025
777444,2025-06-19,143,PHI,0,146,MIA,1,-4,4,0.0,2025
777437,2025-06-20,143,PHI,1,121,NYM,1,1,1,1018.8446832841317,2025
777423,2025-06-21,143,PHI,1,121,NYM,1,2,2,0.0,2025
777405,2025-06-22,143,PHI,1,121,NYM,1,3,3,0.0,2025
777377,2025-06-25,143,PHI,0,117,HOU,3,-1,1,1337.9314503801108,2025
777350,2025-06-26,143,PHI,0,117,HOU,1,-2,2,0.0,2025
777366,2025-06-26,143,PHI,0,117,HOU,0,-3,3,0.0,2025
777342,2025-06-27,143,PHI,0,144,ATL,1,-4,1,699.6088123085705,2025
777333,2025-06-28,143,PHI,0,144,ATL,1,-5,2,0.0,2025
777316,2025-06-29,143,PHI,0,144,ATL,1,-6,3,0.0,2025
777306,2025-06-30,143,PHI,1,135,SD,1,1,1,660.3458671025634,2025
777273,2025-07-02,143,PHI,1,135,SD,1,3,3,0.0,2025
777290,2025-07-02,143,PHI,1,135,SD,0,4,4,0.0,2025
777255,2025-07-04,143,PHI,1,113,CIN,2,5,1,0.0,2025
777233,2025-07-05,143,PHI,1,113,CIN,1,6,2,0.0,2025
777217,2025-07-06,143,PHI,1,113,CIN,1,7,3,0.0,2025
777199,2025-07-08,143,PHI,0,137,SF,2,-1,1,2515.920678646169,2025
777186,2025-07-09,143,PHI,0,137,SF,1,-2,2,0.0,2025
777163,2025-07-09,143,PHI,0,137,SF,0,-3,3,0.0,2025
777139,2025-07-12,143,PHI,0,135,SD,3,-4,1,458.03894144483473,2025
777126,2025-07-12,143,PHI,0,135,SD,0,-5,2,0.0,2025
777117,2025-07-13,143,PHI,0,135,SD,1,-6,3,0.0,2025
777106,2025-07-18,143,PHI,1,108,LAA,5,1,1,2367.9373803347366,2025
777089,2025-07-19,143,PHI,1,108,LAA,1,2,2,0.0,2025
777078,2025-07-20,143,PHI,1,108,LAA,1,3,3,0.0,2025
777063,2025-07-21,143,PHI,1,111,BOS,1,4,1,0.0,2025
777045,2025-07-22,143,PHI,1,111,BOS,1,5,2,0.0,2025
777038,2025-07-23,143,PHI,1,111,BOS,1,6,3,0.0,2025
777015,2025-07-25,143,PHI,0,147,NYY,2,-1,1,91.29714579232771,2025
777001,2025-07-26,143,PHI,0,147,NYY,1,-2,2,0.0,2025
776988,2025-07-27,143,PHI,0,147,NYY,1,-3,3,0.0,2025
776972,2025-07-28,143,PHI,0,145,CWS,1,-4,1,713.826429908849,2025
776952,2025-07-29,143,PHI,0,145,CWS,1,-5,2,0.0,2025
776939,2025-07-30,143,PHI,0,145,CWS,1,-6,3,0.0,2025
776913,2025-08-01,143,PHI,1,116,DET,2,1,1,664.2387944369237,2025
776912,2025-08-02,143,PHI,1,116,DET,1,2,2,0.0,2025
776890,2025-08-03,143,PHI,1,116,DET,1,3,3,0.0,2025
776877,2025-08-04,143,PHI,1,110,BAL,1,4,1,0.0,2025
776868,2025-08-05,143,PHI,1,110,BAL,1,5,2,0.0,2025
776851,2025-08-06,143,PHI,1,110,BAL,1,6,3,0.0,2025
776821,2025-08-09,143,PHI,0,140,TEX,3,-1,1,1312.0282758431574,2025
776810,2025-08-09,143,PHI,0,140,TEX,0,-2,2,0.0,2025
776800,2025-08-10,143,PHI,0,140,TEX,1,-3,3,0.0,2025
776792,2025-08-11,143,PHI,0,113,CIN,1,-4,1,827.9015703261257,2025
776777,2025-08-12,143,PHI,0,113,CIN,1,-5,2,0.0,2025
776765,2025-08-13,143,PHI,0,113,CIN,1,-6,3,0.0,2025
776743,2025-08-14,143,PHI,0,120,WSH,1,-7,1,403.05254469244744,2025
776739,2025-08-15,143,PHI,0,120,WSH,1,-8,2,0.0,2025
776725,2025-08-16,143,PHI,0,120,WSH,1,-9,3,0.0,2025
776708,2025-08-17,143,PHI,0,120,WSH,1,-10,4,0.0,2025
776689,2025-08-18,143,PHI,1,136,SEA,1,1,1,121.48691857607562,2025
776680,2025-08-19,143,PHI,1,136,SEA,1,2,2,0.0,2025
776662,2025-08-20,143,PHI,1,136,SEA,1,3,3,0.0,2025
776648,2025-08-22,143,PHI,1,120,WSH,2,4,1,0.0,2025
776628,2025-08-23,143,PHI,1,120,WSH,1,5,2,0.0,2025
776613,2025-08-24,143,PHI,1,120,WSH,1,6,3,0.0,2025
776598,2025-08-25,143,PHI,0,121,NYM,1,-1,1,91.08673366367736,2025
776585,2025-08-26,143,PHI,0,121,NYM,1,-2,2,0.0,2025
776566,2025-08-27,143,PHI,0,121,NYM,1,-3,3,0.0,2025
776560,2025-08-28,143,PHI,1,144,ATL,1,1,1,91.08673366367736,2025
776552,2025-08-29,143,PHI,1,144,ATL,1,2,2,0.0,2025
776532,2025-08-30,143,PHI,1,144,ATL,1,3,3,0.0,2025
776522,2025-08-31,143,PHI,1,144,ATL,1,4,4,0.0,2025
776500,2025-09-01,143,PHI,0,158,MIL,1,-1,1,696.3664086049965,2025
776471,2025-09-03,143,PHI,0,158,MIL,2,-2,2,0.0,2025
776459,2025-09-04,143,PHI,0,158,MIL,1,-3,3,0.0,2025
776456,2025-09-05,143,PHI,0,146,MIA,1,-4,1,1269.7716502102464,2025
776433,2025-09-06,143,PHI,0,146,MIA,1,-5,2,0.0,2025
776426,2025-09-07,143,PHI,0,146,MIA,1,-6,3,0.0,2025
776405,2025-09-08,143,PHI,1,121,NYM,1,1,1,1018.8446832841317,2025
776404,2025-09-09,143,PHI,1,121,NYM,1,2,2,0.0,2025
776384,2025-09-10,143,PHI,1,121,NYM,1,3,3,0.0,2025
776371,2025-09-11,143,PHI,1,121,NYM,1,4,4,0.0,2025
776354,2025-09-12,143,PHI,1,118,KC,1,5,1,0.0,2025
776342,2025-09-13,143,PHI,1,118,KC,1,6,2,0.0,2025
776334,2025-09-14,143,PHI,1,118,KC,1,7,3,0.0,2025
776311,2025-09-16,143,PHI,0,119,LAD,2,-1,1,2387.7509871644193,2025
776297,2025-09-17,143,PHI,0,119,LAD,1,-2,2,0.0,2025
776280,2025-09-18,143,PHI,0,119,LAD,1,-3,3,0.0,2025
776255,2025-09-20,143,PHI,0,109,ARI,2,-4,1,357.22532088939374,2025
776246,2025-09-21,143,PHI,0,109,ARI,1,-5,2,0.0,2025
776230,2025-09-21,143,PHI,0,109,ARI,0,-6,3,0.0,2025
776215,2025-09-23,143,PHI,1,146,MIA,2,1,1,2077.6302509220623,2025
776201,2025-09-24,143,PHI,1,146,MIA,1,2,2,0.0,2025
776188,2025-09-25,143,PHI,1,146,MIA,1,3,3,0.0,2025
776176,2025-09-26,143,PHI,1,142,MIN,1,4,1,0.0,2025
776163,2025-09-27,143,PHI,1,142,MIN,1,5,2,0.0,2025
776141,2025-09-28,143,PHI,1,142,MIN,1,6,3,0.0,2025
778545,2025-03-27,144,ATL,0,135,SD,0,-1,1,1881.7053801870268,2025
778542,2025-03-29,144,ATL,0,135,SD,2,-2,2,0.0,2025
778520,2025-03-29,144,ATL,0,135,SD,0,-3,3,0.0,2025
778514,2025-03-30,144,ATL,0,135,SD,1,-4,4,0.0,2025
778500,2025-04-01,144,ATL,0,119,LAD,2,-5,1,113.20881075215142,2025
778487,2025-04-02,144,ATL,0,119,LAD,1,-6,2,0.0,2025
778472,2025-04-03,144,ATL,0,119,LAD,1,-7,3,0.0,2025
778464,2025-04-04,144,ATL,1,146,MIA,1,1,1,1926.1127142118578,2025
778451,2025-04-05,144,ATL,1,146,MIA,1,2,2,0.0,2025
778406,2025-04-08,144,ATL,1,143,PHI,2,4,1,0.0,2025
778393,2025-04-09,144,ATL,1,143,PHI,1,5,2,0.0,2025
778384,2025-04-10,144,ATL,1,143,PHI,1,6,3,0.0,2025
778367,2025-04-11,144,ATL,0,139,TB,1,-1,1,436.50640754877156,2025
778353,2025-04-12,144,ATL,0,139,TB,1,-2,2,0.0,2025
778340,2025-04-13,144,ATL,0,139,TB,1,-3,3,0.0,2025
778322,2025-04-14,144,ATL,0,141,TOR,1,-4,1,1111.7297518661444,2025
778311,2025-04-15,144,ATL,0,141,TOR,1,-5,2,0.0,2025
778297,2025-04-16,144,ATL,0,141,TOR,1,-6,3,0.0,2025
778284,2025-04-18,144,ATL,1,142,MIN,2,1,1,726.7999515006941,2025
778267,2025-04-19,144,ATL,1,142,MIN,1,2,2,0.0,2025
778249,2025-04-20,144,ATL,1,142,MIN,1,3,3,0.0,2025
778233,2025-04-21,144,ATL,1,138,STL,1,4,1,0.0,2025
778229,2025-04-22,144,ATL,1,138,STL,1,5,2,0.0,2025
778214,2025-04-23,144,ATL,1,138,STL,1,6,3,0.0,2025
778177,2025-04-26,144,ATL,0,109,ARI,3,-1,1,1582.6424392854756,2025
778162,2025-04-27,144,ATL,0,109,ARI,1,-2,2,0.0,2025
778147,2025-04-27,144,ATL,0,109,ARI,0,-3,3,0.0,2025
778137,2025-04-29,144,ATL,0,115,COL,2,-4,1,586.1530990190981,2025
778102,2025-04-30,144,ATL,0,115,COL,1,-5,2,0.0,2025
778120,2025-04-30,144,ATL,0,115,COL,0,-6,3,0.0,2025
778092,2025-05-02,144,ATL,1,119,LAD,2,1,1,1202.1860715929813,2025
778076,2025-05-03,144,ATL,1,119,LAD,1,2,2,0.0,2025
778060,2025-05-04,144,ATL,1,119,LAD,1,3,3,0.0,2025
778049,2025-05-05,144,ATL,1,113,CIN,1,4,1,0.0,2025
778034,2025-05-06,144,ATL,1,113,CIN,1,5,2,0.0,2025
778023,2025-05-07,144,ATL,1,113,CIN,1,6,3,0.0,2025
778003,2025-05-08,144,ATL,1,113,CIN,1,7,4,0.0,2025
777998,2025-05-09,144,ATL,0,134,PIT,1,-1,1,515.1605409529744,2025
777985,2025-05-10,144,ATL,0,134,PIT,1,-2,2,0.0,2025
777967,2025-05-11,144,ATL,0,134,PIT,1,-3,3,0.0,2025
777959,2025-05-12,144,ATL,1,120,WSH,1,1,1,515.1605409529744,2025
777942,2025-05-13,144,ATL,1,120,WSH,1,2,2,0.0,2025
777929,2025-05-14,144,ATL,1,120,WSH,1,3,3,0.0,2025
777909,2025-05-15,144,ATL,1,120,WSH,1,4,4,0.0,2025
777908,2025-05-16,144,ATL,0,111,BOS,1,-1,1,930.6114003294933,2025
777893,2025-05-17,144,ATL,0,111,BOS,1,-2,2,0.0,2025
777876,2025-05-18,144,ATL,0,111,BOS,1,-3,3,0.0,2025
777841,2025-05-20,144,ATL,0,120,WSH,2,-4,1,391.9148119772238,2025
777820,2025-05-22,144,ATL,0,120,WSH,1,-6,3,0.0,2025
777813,2025-05-23,144,ATL,1,135,SD,1,1,1,538.869727266714,2025
777803,2025-05-24,144,ATL,1,135,SD,1,2,2,0.0,2025
777783,2025-05-25,144,ATL,1,135,SD,1,3,3,0.0,2025
777748,2025-05-27,144,ATL,0,143,PHI,2,-1,1,660.3458671025634,2025
777735,2025-05-29,144,ATL,0,143,PHI,1,-3,3,0.0,2025
777723,2025-05-29,144,ATL,0,143,PHI,0,-4,4,0.0,2025
777719,2025-05-30,144,ATL,1,111,BOS,1,1,1,660.3458671025634,2025
777706,2025-05-31,144,ATL,1,111,BOS,1,2,2,0.0,2025
777692,2025-06-01,144,ATL,1,111,BOS,1,3,3,0.0,2025
777672,2025-06-03,144,ATL,1,109,ARI,2,4,1,0.0,2025
777654,2025-06-04,144,ATL,1,109,ARI,1,5,2,0.0,2025
777640,2025-06-05,144,ATL,1,109,ARI,1,6,3,0.0,2025
777619,2025-06-07,144,ATL,0,137,SF,2,-1,1,2126.61368269605,2025
777598,2025-06-07,144,ATL,0,137,SF,0,-2,2,0.0,2025
777587,2025-06-08,144,ATL,0,137,SF,1,-3,3,0.0,2025
777575,2025-06-09,144,ATL,0,158,MIL,1,-4,1,1833.5573982316243,2025
777568,2025-06-10,144,ATL,0,158,MIL,1,-5,2,0.0,2025
777554,2025-06-11,144,ATL,0,158,MIL,1,-6,3,0.0,2025
777535,2025-06-13,144,ATL,1,115,COL,2,1,1,659.030112248539,2025
777523,2025-06-14,144,ATL,1,115,COL,1,2,2,0.0,2025
777504,2025-06-15,144,ATL,1,115,COL,1,3,3,0.0,2025
777489,2025-06-17,144,ATL,1,121,NYM,2,4,1,0.0,2025
777470,2025-06-18,144,ATL,1,121,NYM,1,5,2,0.0,2025
777455,2025-06-19,144,ATL,1,121,NYM,1,6,3,0.0,2025
777439,2025-06-20,144,ATL,0,146,MIA,1,-1,1,615.50817708501,2025
777424,2025-06-21,144,ATL,0,146,MIA,1,-2,2,0.0,2025
777402,2025-06-22,144,ATL,0,146,MIA,1,-3,3,0.0,2025
777389,2025-06-23,144,ATL,0,121,NYM,1,-4,1,1097.7414335980382,2025
777387,2025-06-24,144,ATL,0,121,NYM,1,-5,2,0.0,2025
777369,2025-06-25,144,ATL,0,121,NYM,1,-6,3,0.0,2025
777352,2025-06-26,144,ATL,0,121,NYM,1,-7,4,0.0,2025
777342,2025-06-27,144,ATL,1,143,PHI,1,1,1,751.1805618659844,2025
777333,2025-06-28,144,ATL,1,143,PHI,1,2,2,0.0,2025
777316,2025-06-29,144,ATL,1,143,PHI,1,3,3,0.0,2025
777298,2025-07-01,144,ATL,1,108,LAA,2,4,1,0.0,2025
777279,2025-07-02,144,ATL,1,108,LAA,1,5,2,0.0,2025
777261,2025-07-03,144,ATL,1,108,LAA,1,6,3,0.0,2025
777252,2025-07-04,144,ATL,1,110,BAL,1,7,1,0.0,2025
777237,2025-07-05,144,ATL,1,110,BAL,1,8,2,0.0,2025
777222,2025-07-06,144,ATL,1,110,BAL,1,9,3,0.0,2025
777189,2025-07-09,144,ATL,0,133,OAK,3,-1,1,2116.4747287111013,2025
777176,2025-07-10,144,ATL,0,133,OAK,1,-2,2,0.0,2025
777156,2025-07-11,144,ATL,0,133,OAK,1,-3,3,0.0,2025
777147,2025-07-12,144,ATL,0,138,STL,1,-4,1,1730.5555289171796,2025
777133,2025-07-12,144,ATL,0,138,STL,0,-5,2,0.0,2025
777118,2025-07-13,144,ATL,0,138,STL,1,-6,3,0.0,2025
777114,2025-07-18,144,ATL,1,147,NYY,5,1,1,456.58876384408995,2025
777097,2025-07-19,144,ATL,1,147,NYY,1,2,2,0.0,2025
777083,2025-07-20,144,ATL,1,147,NYY,1,3,3,0.0,2025
777069,2025-07-21,144,ATL,1,137,SF,1,4,1,0.0,2025
777058,2025-07-22,144,ATL,1,137,SF,1,5,2,0.0,2025
777041,2025-07-23,144,ATL,1,137,SF,1,6,3,0.0,2025
777009,2025-07-26,144,ATL,0,140,TEX,3,-1,1,732.1662127163514,2025
776993,2025-07-26,144,ATL,0,140,TEX,0,-2,2,0.0,2025
776981,2025-07-27,144,ATL,0,140,TEX,1,-3,3,0.0,2025
776971,2025-07-28,144,ATL,0,118,KC,1,-4,1,459.01779323801827,2025
776955,2025-07-29,144,ATL,0,118,KC,1,-5,2,0.0,2025
776936,2025-07-30,144,ATL,0,118,KC,1,-6,3,0.0,2025
776928,2025-07-31,144,ATL,0,113,CIN,1,-7,1,534.6651070230836,2025
776921,2025-08-01,144,ATL,0,113,CIN,1,-8,2,0.0,2025
776907,2025-08-03,144,ATL,0,113,CIN,1,-10,4,0.0,2025
776882,2025-08-04,144,ATL,1,158,MIL,1,1,1,359.8050212534856,2025
776869,2025-08-05,144,ATL,1,158,MIL,1,2,2,0.0,2025
776853,2025-08-06,144,ATL,1,158,MIL,1,3,3,0.0,2025
776842,2025-08-07,144,ATL,1,146,MIA,1,4,1,0.0,2025
776834,2025-08-08,144,ATL,1,146,MIA,1,5,2,0.0,2025
778431,2025-08-09,144,ATL,1,146,MIA,1,6,3,0.0,2025
776819,2025-08-09,144,ATL,1,146,MIA,0,7,4,0.0,2025
776803,2025-08-10,144,ATL,1,146,MIA,1,8,5,0.0,2025
776772,2025-08-12,144,ATL,0,121,NYM,2,-1,1,751.1805618659844,2025
776756,2025-08-13,144,ATL,0,121,NYM,1,-2,2,0.0,2025
776748,2025-08-14,144,ATL,0,121,NYM,1,-3,3,0.0,2025
776738,2025-08-15,144,ATL,0,114,CLE,1,-4,1,411.0649093966104,2025
776720,2025-08-16,144,ATL,0,114,CLE,1,-5,2,0.0,2025
776706,2025-08-17,144,ATL,0,114,CLE,1,-6,3,0.0,2025
776696,2025-08-18,144,ATL,1,145,CWS,1,1,1,547.0068450040225,2025
776687,2025-08-19,144,ATL,1,145,CWS,1,2,2,0.0,2025
776669,2025-08-20,144,ATL,1,145,CWS,1,3,3,0.0,2025
776645,2025-08-22,144,ATL,1,121,NYM,2,4,1,0.0,2025
776626,2025-08-23,144,ATL,1,121,NYM,1,5,2,0.0,2025
776624,2025-08-24,144,ATL,1,121,NYM,1,6,3,0.0,2025
776600,2025-08-25,144,ATL,0,146,MIA,1,-1,1,615.50817708501,2025
776581,2025-08-26,144,ATL,0,146,MIA,1,-2,2,0.0,2025
776565,2025-08-27,144,ATL,0,146,MIA,1,-3,3,0.0,2025
776560,2025-08-28,144,ATL,0,143,PHI,1,-4,1,1018.8446832841317,2025
776552,2025-08-29,144,ATL,0,143,PHI,1,-5,2,0.0,2025
776532,2025-08-30,144,ATL,0,143,PHI,1,-6,3,0.0,2025
776522,2025-08-31,144,ATL,0,143,PHI,1,-7,4,0.0,2025
776506,2025-09-01,144,ATL,0,112,CHC,1,-8,1,666.436342674126,2025
776487,2025-09-02,144,ATL,0,112,CHC,1,-9,2,0.0,2025
776473,2025-09-03,144,ATL,0,112,CHC,1,-10,3,0.0,2025
776460,2025-09-05,144,ATL,1,136,SEA,2,1,1,583.1187828539541,2025
776447,2025-09-06,144,ATL,1,136,SEA,1,2,2,0.0,2025
776428,2025-09-07,144,ATL,1,136,SEA,1,3,3,0.0,2025
776412,2025-09-08,144,ATL,1,112,CHC,1,4,1,0.0,2025
776402,2025-09-09,144,ATL,1,112,CHC,1,5,2,0.0,2025
776381,2025-09-10,144,ATL,1,112,CHC,1,6,3,0.0,2025
776360,2025-09-12,144,ATL,1,117,HOU,2,7,1,0.0,2025
776346,2025-09-13,144,ATL,1,117,HOU,1,8,2,0.0,2025
776329,2025-09-14,144,ATL,1,117,HOU,1,9,3,0.0,2025
776315,2025-09-15,144,ATL,0,120,WSH,1,-1,1,538.869727266714,2025
776307,2025-09-16,144,ATL,0,120,WSH,1,-2,2,0.0,2025
777825,2025-09-16,144,ATL,0,120,WSH,0,-3,3,0.0,2025
776286,2025-09-17,144,ATL,0,120,WSH,1,-4,4,0.0,2025
776268,2025-09-19,144,ATL,0,116,DET,2,-5,1,397.05328106177114,2025
776258,2025-09-20,144,ATL,0,116,DET,1,-6,2,0.0,2025
776238,2025-09-21,144,ATL,0,116,DET,1,-7,3,0.0,2025
776221,2025-09-22,144,ATL,1,120,WSH,1,1,1,588.8013172467564,2025
776219,2025-09-23,144,ATL,1,120,WSH,1,2,2,0.0,2025
776200,2025-09-24,144,ATL,1,120,WSH,1,3,3,0.0,2025
776180,2025-09-26,144,ATL,1,134,PIT,2,4,1,0.0,2025
776156,2025-09-27,144,ATL,1,134,PIT,1,5,2,0.0,2025
776149,2025-09-28,144,ATL,1,134,PIT,1,6,3,0.0,2025
778554,2025-03-27,145,CWS,1,108,LAA,0,1,1,0.0,2025
778534,2025-03-29,145,CWS,1,108,LAA,2,2,2,0.0,2025
778527,2025-03-30,145,CWS,1,108,LAA,1,3,3,0.0,2025
778506,2025-03-31,145,CWS,1,142,MIN,1,4,1,0.0,2025
778490,2025-04-01,145,CWS,1,142,MIN,1,5,2,0.0,2025
778474,2025-04-02,145,CWS,1,142,MIN,1,6,3,0.0,2025
778458,2025-04-04,145,CWS,0,116,DET,2,-1,1,237.7264337126216,2025
778445,2025-04-05,145,CWS,0,116,DET,1,-2,2,0.0,2025
778433,2025-04-06,145,CWS,0,116,DET,1,-3,3,0.0,2025
778402,2025-04-08,145,CWS,0,114,CLE,2,-4,1,91.12804978214932,2025
778391,2025-04-09,145,CWS,0,114,CLE,1,-5,2,0.0,2025
778378,2025-04-10,145,CWS,0,114,CLE,1,-6,3,0.0,2025
778366,2025-04-11,145,CWS,1,111,BOS,1,1,1,307.8720964038074,2025
778349,2025-04-12,145,CWS,1,111,BOS,1,2,2,0.0,2025
778338,2025-04-13,145,CWS,1,111,BOS,1,3,3,0.0,2025
778309,2025-04-15,145,CWS,1,133,OAK,2,4,1,0.0,2025
778294,2025-04-16,145,CWS,1,133,OAK,1,5,2,0.0,2025
778283,2025-04-17,145,CWS,1,133,OAK,1,6,3,0.0,2025
778275,2025-04-18,145,CWS,0,111,BOS,1,-1,1,847.3821391741471,2025
778264,2025-04-19,145,CWS,0,111,BOS,1,-2,2,0.0,2025
778245,2025-04-20,145,CWS,0,111,BOS,1,-3,3,0.0,2025
778238,2025-04-21,145,CWS,0,111,BOS,1,-4,4,0.0,2025
778216,2025-04-22,145,CWS,0,142,MIN,1,-5,1,1119.9102367149933,2025
778201,2025-04-23,145,CWS,0,142,MIN,1,-6,2,0.0,2025
778189,2025-04-24,145,CWS,0,142,MIN,1,-7,3,0.0,2025
778178,2025-04-26,145,CWS,0,133,OAK,2,-8,1,1571.0292537363316,2025
778165,2025-04-26,145,CWS,0,133,OAK,0,-9,2,0.0,2025
778149,2025-04-27,145,CWS,0,133,OAK,1,-10,3,0.0,2025
778125,2025-04-29,145,CWS,1,158,MIL,2,1,1,1844.1022325602153,2025
778111,2025-04-30,145,CWS,1,158,MIL,1,2,2,0.0,2025
778094,2025-05-01,145,CWS,1,158,MIL,1,3,3,0.0,2025
778079,2025-05-02,145,CWS,1,117,HOU,1,4,1,0.0,2025
778066,2025-05-03,145,CWS,1,117,HOU,1,5,2,0.0,2025
778055,2025-05-04,145,CWS,1,117,HOU,1,6,3,0.0,2025
778043,2025-05-05,145,CWS,0,118,KC,1,-1,1,407.8477881651946,2025
778033,2025-05-06,145,CWS,0,118,KC,1,-2,2,0.0,2025
778012,2025-05-07,145,CWS,0,118,KC,1,-3,3,0.0,2025
778008,2025-05-08,145,CWS,0,118,KC,1,-4,4,0.0,2025
777991,2025-05-09,145,CWS,1,146,MIA,1,1,1,407.8477881651946,2025
777978,2025-05-10,145,CWS,1,146,MIA,1,2,2,0.0,2025
777966,2025-05-11,145,CWS,1,146,MIA,1,3,3,0.0,2025
777945,2025-05-13,145,CWS,0,113,CIN,2,-1,1,250.2317582935162,2025
777928,2025-05-14,145,CWS,0,113,CIN,1,-2,2,0.0,2025
777912,2025-05-15,145,CWS,0,113,CIN,1,-3,3,0.0,2025
777900,2025-05-16,145,CWS,0,112,CHC,1,-4,1,257.0933763635692,2025
777881,2025-05-17,145,CWS,0,112,CHC,1,-5,2,0.0,2025
777872,2025-05-18,145,CWS,0,112,CHC,1,-6,3,0.0,2025
777857,2025-05-19,145,CWS,1,136,SEA,1,1,1,8.262413783057372,2025
777846,2025-05-20,145,CWS,1,136,SEA,1,2,2,0.0,2025
777830,2025-05-21,145,CWS,1,136,SEA,1,3,3,0.0,2025
777805,2025-05-23,145,CWS,1,140,TEX,2,4,1,0.0,2025
777792,2025-05-24,145,CWS,1,140,TEX,1,5,2,0.0,2025
777777,2025-05-25,145,CWS,1,140,TEX,1,6,3,0.0,2025
777758,2025-05-26,145,CWS,0,121,NYM,1,-1,1,718.8569327739972,2025
777749,2025-05-27,145,CWS,0,121,NYM,1,-2,2,0.0,2025
777737,2025-05-28,145,CWS,0,121,NYM,1,-3,3,0.0,2025
777720,2025-05-30,145,CWS,0,110,BAL,2,-4,1,178.7068782315623,2025
777699,2025-05-31,145,CWS,0,110,BAL,1,-5,2,0.0,2025
777684,2025-06-01,145,CWS,0,110,BAL,1,-6,3,0.0,2025
777674,2025-06-02,145,CWS,1,116,DET,1,1,1,603.7749623343499,2025
777661,2025-06-03,145,CWS,1,116,DET,1,2,2,0.0,2025
777639,2025-06-04,145,CWS,1,116,DET,1,3,3,0.0,2025
777634,2025-06-05,145,CWS,1,116,DET,1,4,4,0.0,2025
777618,2025-06-06,145,CWS,1,118,KC,1,5,1,0.0,2025
777606,2025-06-07,145,CWS,1,118,KC,1,6,2,0.0,2025
777590,2025-06-08,145,CWS,1,118,KC,1,7,3,0.0,2025
777567,2025-06-11,145,CWS,0,117,HOU,3,-1,1,938.7707116803103,2025
777550,2025-06-12,145,CWS,0,117,HOU,1,-2,2,0.0,2025
777546,2025-06-13,145,CWS,0,117,HOU,1,-3,3,0.0,2025
777508,2025-06-14,145,CWS,0,140,TEX,1,-4,1,230.66355960201378,2025
777524,2025-06-14,145,CWS,0,140,TEX,0,-5,2,0.0,2025
777493,2025-06-15,145,CWS,0,140,TEX,1,-6,3,0.0,2025
777467,2025-06-17,145,CWS,1,138,STL,2,1,1,813.378310893269,2025
777447,2025-06-19,145,CWS,1,138,STL,1,3,3,0.0,2025
777458,2025-06-19,145,CWS,1,138,STL,0,4,4,0.0,2025
777435,2025-06-20,145,CWS,0,141,TOR,1,-1,1,436.51941913736283,2025
777418,2025-06-21,145,CWS,0,141,TOR,1,-2,2,0.0,2025
777408,2025-06-22,145,CWS,0,141,TOR,1,-3,3,0.0,2025
777393,2025-06-23,145,CWS,1,109,ARI,1,1,1,436.51941913736283,2025
777383,2025-06-24,145,CWS,1,109,ARI,1,2,2,0.0,2025
777370,2025-06-25,145,CWS,1,109,ARI,1,3,3,0.0,2025
777338,2025-06-27,145,CWS,1,137,SF,2,4,1,0.0,2025
777327,2025-06-28,145,CWS,1,137,SF,1,5,2,0.0,2025
777311,2025-06-29,145,CWS,1,137,SF,1,6,3,0.0,2025
777280,2025-07-02,145,CWS,0,119,LAD,3,-1,1,1740.8822934525017,2025
777267,2025-07-03,145,CWS,0,119,LAD,1,-2,2,0.0,2025
777253,2025-07-04,145,CWS,0,119,LAD,1,-3,3,0.0,2025
777243,2025-07-05,145,CWS,0,115,COL,1,-4,1,829.208728545356,2025
777232,2025-07-06,145,CWS,0,115,COL,1,-5,2,0.0,2025
777215,2025-07-06,145,CWS,0,115,COL,0,-6,3,0.0,2025
777212,2025-07-07,145,CWS,1,141,TOR,1,1,1,917.7666362462637,2025
777188,2025-07-08,145,CWS,1,141,TOR,1,2,2,0.0,2025
777172,2025-07-09,145,CWS,1,141,TOR,1,3,3,0.0,2025
777164,2025-07-11,145,CWS,1,114,CLE,1,5,2,0.0,2025
777146,2025-07-12,145,CWS,1,114,CLE,1,6,3,0.0,2025
777138,2025-07-12,145,CWS,1,114,CLE,0,7,4,0.0,2025
777120,2025-07-13,145,CWS,1,114,CLE,1,8,5,0.0,2025
777107,2025-07-18,145,CWS,0,134,PIT,5,-1,1,408.14464367793005,2025
777090,2025-07-19,145,CWS,0,134,PIT,1,-2,2,0.0,2025
777074,2025-07-20,145,CWS,0,134,PIT,1,-3,3,0.0,2025
777059,2025-07-21,145,CWS,0,139,TB,1,-4,1,888.9341960973262,2025
777048,2025-07-22,145,CWS,0,139,TB,1,-5,2,0.0,2025
777030,2025-07-23,145,CWS,0,139,TB,1,-6,3,0.0,2025
777017,2025-07-25,145,CWS,1,112,CHC,2,1,1,1011.3877112665284,2025
776994,2025-07-26,145,CWS,1,112,CHC,1,2,2,0.0,2025
776989,2025-07-27,145,CWS,1,112,CHC,1,3,3,0.0,2025
776972,2025-07-28,145,CWS,1,143,PHI,1,4,1,0.0,2025
776952,2025-07-29,145,CWS,1,143,PHI,1,5,2,0.0,2025
776939,2025-07-30,145,CWS,1,143,PHI,1,6,3,0.0,2025
776916,2025-08-02,145,CWS,0,108,LAA,3,-1,1,1731.3431702590296,2025
776898,2025-08-03,145,CWS,0,108,LAA,1,-2,2,0.0,2025
776885,2025-08-03,145,CWS,0,108,LAA,0,-3,3,0.0,2025
776857,2025-08-06,145,CWS,0,136,SEA,3,-4,1,980.5935873257743,2025
776841,2025-08-07,145,CWS,0,136,SEA,1,-5,2,0.0,2025
776830,2025-08-07,145,CWS,0,136,SEA,0,-6,3,0.0,2025
776833,2025-08-08,145,CWS,1,114,CLE,1,1,1,1734.2639498746735,2025
776814,2025-08-09,145,CWS,1,114,CLE,1,2,2,0.0,2025
776798,2025-08-10,145,CWS,1,114,CLE,1,3,3,0.0,2025
776781,2025-08-11,145,CWS,1,116,DET,1,4,1,0.0,2025
776773,2025-08-12,145,CWS,1,116,DET,1,5,2,0.0,2025
776754,2025-08-13,145,CWS,1,116,DET,1,6,3,0.0,2025
776728,2025-08-16,145,CWS,0,118,KC,3,-1,1,407.8477881651946,2025
776712,2025-08-16,145,CWS,0,118,KC,0,-2,2,0.0,2025
776702,2025-08-17,145,CWS,0,118,KC,1,-3,3,0.0,2025
776696,2025-08-18,145,CWS,0,144,ATL,1,-4,1,660.1950472349462,2025
776687,2025-08-19,145,CWS,0,144,ATL,1,-5,2,0.0,2025
776669,2025-08-20,145,CWS,0,144,ATL,1,-6,3,0.0,2025
776639,2025-08-22,145,CWS,1,142,MIN,2,1,1,575.000216818476,2025
776619,2025-08-23,145,CWS,1,142,MIN,1,2,2,0.0,2025
776607,2025-08-24,145,CWS,1,142,MIN,1,3,3,0.0,2025
776599,2025-08-25,145,CWS,1,118,KC,1,4,1,0.0,2025
776583,2025-08-26,145,CWS,1,118,KC,1,5,2,0.0,2025
776569,2025-08-27,145,CWS,1,118,KC,1,6,3,0.0,2025
776556,2025-08-28,145,CWS,1,147,NYY,1,7,1,0.0,2025
776544,2025-08-29,145,CWS,1,147,NYY,1,8,2,0.0,2025
776529,2025-08-30,145,CWS,1,147,NYY,1,9,3,0.0,2025
776514,2025-08-31,145,CWS,1,147,NYY,1,10,4,0.0,2025
776502,2025-09-01,145,CWS,0,142,MIN,1,-1,1,357.20870712294794,2025
776484,2025-09-02,145,CWS,0,142,MIN,1,-2,2,0.0,2025
776469,2025-09-03,145,CWS,0,142,MIN,1,-3,3,0.0,2025
776462,2025-09-04,145,CWS,0,142,MIN,1,-4,4,0.0,2025
776452,2025-09-05,145,CWS,0,116,DET,1,-5,1,542.5071369450939,2025
776435,2025-09-06,145,CWS,0,116,DET,1,-6,2,0.0,2025
776425,2025-09-07,145,CWS,0,116,DET,1,-7,3,0.0,2025
776388,2025-09-09,145,CWS,1,139,TB,2,1,1,237.7264337126216,2025
776378,2025-09-10,145,CWS,1,139,TB,1,2,2,0.0,2025
776364,2025-09-11,145,CWS,1,139,TB,1,3,3,0.0,2025
776361,2025-09-12,145,CWS,0,114,CLE,1,-1,1,307.8720964038074,2025
776348,2025-09-13,145,CWS,0,114,CLE,1,-2,2,0.0,2025
776331,2025-09-14,145,CWS,0,114,CLE,1,-3,3,0.0,2025
776314,2025-09-15,145,CWS,1,110,BAL,1,1,1,307.8720964038074,2025
776306,2025-09-16,145,CWS,1,110,BAL,1,2,2,0.0,2025
776285,2025-09-17,145,CWS,1,110,BAL,1,3,3,0.0,2025
776264,2025-09-19,145,CWS,1,135,SD,2,4,1,0.0,2025
776250,2025-09-20,145,CWS,1,135,SD,1,5,2,0.0,2025
776235,2025-09-21,145,CWS,1,135,SD,1,6,3,0.0,2025
776216,2025-09-23,145,CWS,0,147,NYY,2,-1,1,713.826429908849,2025
776199,2025-09-24,145,CWS,0,147,NYY,1,-2,2,0.0,2025
776184,2025-09-25,145,CWS,0,147,NYY,1,-3,3,0.0,2025
776165,2025-09-26,145,CWS,0,120,WSH,1,-4,1,212.0912051760551,2025
776160,2025-09-27,145,CWS,0,120,WSH,1,-5,2,0.0,2025
776143,2025-09-28,145,CWS,0,120,WSH,1,-6,3,0.0,2025
778562,2025-03-27,146,MIA,1,134,PIT,0,1,1,0.0,2025
778548,2025-03-28,146,MIA,1,134,PIT,1,2,2,0.0,2025
778539,2025-03-29,146,MIA,1,134,PIT,1,3,3,0.0,2025
778519,2025-03-30,146,MIA,1,134,PIT,1,4,4,0.0,2025
778509,2025-03-31,146,MIA,1,121,NYM,1,5,1,0.0,2025
778497,2025-04-01,146,MIA,1,121,NYM,1,6,2,0.0,2025
778481,2025-04-02,146,MIA,1,121,NYM,1,7,3,0.0,2025
778464,2025-04-04,146,MIA,0,144,ATL,2,-1,1,615.50817708501,2025
778451,2025-04-05,146,MIA,0,144,ATL,1,-2,2,0.0,2025
778416,2025-04-07,146,MIA,0,121,NYM,1,-4,1,751.1805618659844,2025
778407,2025-04-08,146,MIA,0,121,NYM,1,-5,2,0.0,2025
778390,2025-04-09,146,MIA,0,121,NYM,1,-6,3,0.0,2025
778369,2025-04-11,146,MIA,1,120,WSH,2,1,1,1097.7414335980382,2025
778354,2025-04-12,146,MIA,1,120,WSH,1,2,2,0.0,2025
778337,2025-04-13,146,MIA,1,120,WSH,1,3,3,0.0,2025
778318,2025-04-15,146,MIA,1,109,ARI,2,4,1,0.0,2025
778303,2025-04-16,146,MIA,1,109,ARI,1,5,2,0.0,2025
778291,2025-04-17,146,MIA,1,109,ARI,1,6,3,0.0,2025
778274,2025-04-18,146,MIA,0,143,PHI,1,-1,1,1018.8446832841317,2025
778252,2025-04-19,146,MIA,0,143,PHI,1,-2,2,0.0,2025
778248,2025-04-20,146,MIA,0,143,PHI,1,-3,3,0.0,2025
778230,2025-04-21,146,MIA,1,113,CIN,1,1,1,1018.8446832841317,2025
778219,2025-04-22,146,MIA,1,113,CIN,1,2,2,0.0,2025
778208,2025-04-23,146,MIA,1,113,CIN,1,3,3,0.0,2025
778175,2025-04-26,146,MIA,0,136,SEA,3,-1,1,2729.440364358721,2025
778154,2025-04-27,146,MIA,0,136,SEA,1,-2,2,0.0,2025
778136,2025-04-27,146,MIA,0,136,SEA,0,-3,3,0.0,2025
778132,2025-04-29,146,MIA,0,119,LAD,2,-4,1,957.8545939923275,2025
778109,2025-04-30,146,MIA,0,119,LAD,1,-5,2,0.0,2025
778123,2025-04-30,146,MIA,0,119,LAD,0,-6,3,0.0,2025
778091,2025-05-02,146,MIA,1,133,OAK,2,1,1,2333.5805728602445,2025
778075,2025-05-03,146,MIA,1,133,OAK,1,2,2,0.0,2025
778061,2025-05-04,146,MIA,1,133,OAK,1,3,3,0.0,2025
778047,2025-05-05,146,MIA,1,119,LAD,1,4,1,0.0,2025
778035,2025-05-06,146,MIA,1,119,LAD,1,5,2,0.0,2025
778017,2025-05-07,146,MIA,1,119,LAD,1,6,3,0.0,2025
777991,2025-05-09,146,MIA,0,145,CWS,2,-1,1,1186.8172051231497,2025
777978,2025-05-10,146,MIA,0,145,CWS,1,-2,2,0.0,2025
777966,2025-05-11,146,MIA,0,145,CWS,1,-3,3,0.0,2025
777952,2025-05-12,146,MIA,0,112,CHC,1,-4,1,8.262413783057372,2025
777936,2025-05-13,146,MIA,0,112,CHC,1,-5,2,0.0,2025
777921,2025-05-14,146,MIA,0,112,CHC,1,-6,3,0.0,2025
777903,2025-05-16,146,MIA,1,139,TB,2,1,1,1194.7816200111963,2025
777889,2025-05-17,146,MIA,1,139,TB,1,2,2,0.0,2025
777877,2025-05-18,146,MIA,1,139,TB,1,3,3,0.0,2025
777863,2025-05-19,146,MIA,1,112,CHC,1,4,1,0.0,2025
777850,2025-05-20,146,MIA,1,112,CHC,1,5,2,0.0,2025
777833,2025-05-21,146,MIA,1,112,CHC,1,6,3,0.0,2025
777798,2025-05-24,146,MIA,0,108,LAA,3,-1,1,2311.9053929488978,2025
777781,2025-05-25,146,MIA,0,108,LAA,1,-2,2,0.0,2025
777767,2025-05-25,146,MIA,0,108,LAA,0,-3,3,0.0,2025
777756,2025-05-27,146,MIA,0,135,SD,2,-4,1,86.36512380343024,2025
777742,2025-05-28,146,MIA,0,135,SD,1,-5,2,0.0,2025
777726,2025-05-28,146,MIA,0,135,SD,0,-6,3,0.0,2025
777717,2025-05-30,146,MIA,1,137,SF,2,1,1,2266.0145326444363,2025
777705,2025-05-31,146,MIA,1,137,SF,1,2,2,0.0,2025
777689,2025-06-01,146,MIA,1,137,SF,1,3,3,0.0,2025
777673,2025-06-02,146,MIA,1,115,COL,1,4,1,0.0,2025
777666,2025-06-03,146,MIA,1,115,COL,1,5,2,0.0,2025
777652,2025-06-04,146,MIA,1,115,COL,1,6,3,0.0,2025
777625,2025-06-06,146,MIA,0,139,TB,2,-1,1,203.5855811594844,2025
777611,2025-06-07,146,MIA,0,139,TB,1,-2,2,0.0,2025
777592,2025-06-08,146,MIA,0,139,TB,1,-3,3,0.0,2025
777574,2025-06-09,146,MIA,0,134,PIT,1,-4,1,888.9341960973262,2025
777566,2025-06-10,146,MIA,0,134,PIT,1,-5,2,0.0,2025
777552,2025-06-11,146,MIA,0,134,PIT,1,-6,3,0.0,2025
777530,2025-06-13,146,MIA,0,120,WSH,2,-7,1,193.0230929231441,2025
777514,2025-06-14,146,MIA,0,120,WSH,1,-8,2,0.0,2025
777503,2025-06-15,146,MIA,0,120,WSH,1,-9,3,0.0,2025
777483,2025-06-16,146,MIA,1,143,PHI,1,1,1,923.8773279819753,2025
777481,2025-06-17,146,MIA,1,143,PHI,1,2,2,0.0,2025
777465,2025-06-18,146,MIA,1,143,PHI,1,3,3,0.0,2025
777444,2025-06-19,146,MIA,1,143,PHI,1,4,4,0.0,2025
777439,2025-06-20,146,MIA,1,144,ATL,1,5,1,0.0,2025
777424,2025-06-21,146,MIA,1,144,ATL,1,6,2,0.0,2025
777402,2025-06-22,146,MIA,1,144,ATL,1,7,3,0.0,2025
777364,2025-06-25,146,MIA,0,137,SF,3,-1,1,2587.455596996607,2025
777355,2025-06-26,146,MIA,0,137,SF,1,-2,2,0.0,2025
777347,2025-06-26,146,MIA,0,137,SF,0,-3,3,0.0,2025
777318,2025-06-28,146,MIA,0,109,ARI,2,-4,1,652.0636757078365,2025
777332,2025-06-28,146,MIA,0,109,ARI,0,-5,2,0.0,2025
777303,2025-06-29,146,MIA,0,109,ARI,1,-6,3,0.0,2025
777293,2025-07-01,146,MIA,1,142,MIN,2,1,1,1976.4824704501402,2025
777275,2025-07-02,146,MIA,1,142,MIN,1,2,2,0.0,2025
777263,2025-07-03,146,MIA,1,142,MIN,1,3,3,0.0,2025
777254,2025-07-04,146,MIA,1,158,MIL,1,4,1,0.0,2025
777238,2025-07-05,146,MIA,1,158,MIL,1,5,2,0.0,2025
777224,2025-07-06,146,MIA,1,158,MIL,1,6,3,0.0,2025
777208,2025-07-07,146,MIA,0,113,CIN,1,-1,1,953.4072522903118,2025
777197,2025-07-08,146,MIA,0,113,CIN,1,-2,2,0.0,2025
777183,2025-07-09,146,MIA,0,113,CIN,1,-3,3,0.0,2025
777168,2025-07-10,146,MIA,0,113,CIN,1,-4,4,0.0,2025
777157,2025-07-11,146,MIA,0,110,BAL,1,-5,1,422.40795362654626,2025
777141,2025-07-12,146,MIA,0,110,BAL,1,-6,2,0.0,2025
777129,2025-07-13,146,MIA,0,110,BAL,1,-7,3,0.0,2025
777109,2025-07-18,146,MIA,1,118,KC,5,1,1,956.2208116188826,2025
777093,2025-07-19,146,MIA,1,118,KC,1,2,2,0.0,2025
777082,2025-07-20,146,MIA,1,118,KC,1,3,3,0.0,2025
777062,2025-07-21,146,MIA,1,135,SD,1,4,1,0.0,2025
777052,2025-07-22,146,MIA,1,135,SD,1,5,2,0.0,2025
777037,2025-07-23,146,MIA,1,135,SD,1,6,3,0.0,2025
777008,2025-07-25,146,MIA,0,158,MIL,2,-1,1,1269.7716502102464,2025
776996,2025-07-26,146,MIA,0,158,MIL,1,-2,2,0.0,2025
776978,2025-07-27,146,MIA,0,158,MIL,1,-3,3,0.0,2025
776960,2025-07-28,146,MIA,0,138,STL,1,-4,1,325.7786649185398,2025
776946,2025-07-29,146,MIA,0,138,STL,1,-5,2,0.0,2025
776934,2025-07-30,146,MIA,0,138,STL,1,-6,3,0.0,2025
776925,2025-08-01,146,MIA,1,147,NYY,2,1,1,1060.3584631013382,2025
776910,2025-08-02,146,MIA,1,147,NYY,1,2,2,0.0,2025
776891,2025-08-03,146,MIA,1,147,NYY,1,3,3,0.0,2025
776875,2025-08-04,146,MIA,1,117,HOU,1,4,1,0.0,2025
776862,2025-08-05,146,MIA,1,117,HOU,1,5,2,0.0,2025
776849,2025-08-06,146,MIA,1,117,HOU,1,6,3,0.0,2025
776842,2025-08-07,146,MIA,0,144,ATL,1,-1,1,615.50817708501,2025
776834,2025-08-08,146,MIA,0,144,ATL,1,-2,2,0.0,2025
778431,2025-08-09,146,MIA,0,144,ATL,1,-3,3,0.0,2025
776819,2025-08-09,146,MIA,0,144,ATL,0,-4,4,0.0,2025
776803,2025-08-10,146,MIA,0,144,ATL,1,-5,5,0.0,2025
776778,2025-08-12,146,MIA,0,114,CLE,2,-6,1,547.0068450040225,2025
776766,2025-08-13,146,MIA,0,114,CLE,1,-7,2,0.0,2025
776745,2025-08-14,146,MIA,0,114,CLE,1,-8,3,0.0,2025
776741,2025-08-15,146,MIA,0,111,BOS,1,-9,1,547.1609370940174,2025
776724,2025-08-16,146,MIA,0,111,BOS,1,-10,2,0.0,2025
776714,2025-08-17,146,MIA,0,111,BOS,1,-11,3,0.0,2025
776688,2025-08-18,146,MIA,1,138,STL,1,1,1,1256.446953803624,2025
776686,2025-08-19,146,MIA,1,138,STL,1,2,2,0.0,2025
776670,2025-08-20,146,MIA,1,138,STL,1,3,3,0.0,2025
776646,2025-08-22,146,MIA,1,141,TOR,2,4,1,0.0,2025
776630,2025-08-23,146,MIA,1,141,TOR,1,5,2,0.0,2025
776614,2025-08-24,146,MIA,1,141,TOR,1,6,3,0.0,2025
776600,2025-08-25,146,MIA,1,144,ATL,1,7,1,0.0,2025
776581,2025-08-26,146,MIA,1,144,ATL,1,8,2,0.0,2025
776565,2025-08-27,146,MIA,1,144,ATL,1,9,3,0.0,2025
776558,2025-08-28,146,MIA,0,121,NYM,1,-1,1,1097.7414335980382,2025
776548,2025-08-29,146,MIA,0,121,NYM,1,-2,2,0.0,2025
776535,2025-08-30,146,MIA,0,121,NYM,1,-3,3,0.0,2025
776519,2025-08-31,146,MIA,0,121,NYM,1,-4,4,0.0,2025
776498,2025-09-01,146,MIA,0,120,WSH,1,-5,1,212.3563770011718,2025
776482,2025-09-02,146,MIA,0,120,WSH,1,-6,2,0.0,2025
776477,2025-09-03,146,MIA,0,120,WSH,1,-7,3,0.0,2025
776456,2025-09-05,146,MIA,1,143,PHI,2,1,1,923.8773279819753,2025
776433,2025-09-06,146,MIA,1,143,PHI,1,2,2,0.0,2025
776426,2025-09-07,146,MIA,1,143,PHI,1,3,3,0.0,2025
776409,2025-09-08,146,MIA,1,120,WSH,1,4,1,0.0,2025
776397,2025-09-09,146,MIA,1,120,WSH,1,5,2,0.0,2025
776386,2025-09-10,146,MIA,1,120,WSH,1,6,3,0.0,2025
776367,2025-09-11,146,MIA,1,120,WSH,1,7,4,0.0,2025
776366,2025-09-12,146,MIA,1,116,DET,1,8,1,0.0,2025
776347,2025-09-13,146,MIA,1,116,DET,1,9,2,0.0,2025
776332,2025-09-14,146,MIA,1,116,DET,1,10,3,0.0,2025
776293,2025-09-17,146,MIA,0,115,COL,3,-1,1,1723.9912128319143,2025
776277,2025-09-18,146,MIA,0,115,COL,1,-2,2,0.0,2025
776270,2025-09-18,146,MIA,0,115,COL,0,-3,3,0.0,2025
776251,2025-09-20,146,MIA,0,140,TEX,2,-4,1,654.0900182055016,2025
776242,2025-09-20,146,MIA,0,140,TEX,0,-5,2,0.0,2025
776226,2025-09-21,146,MIA,0,140,TEX,1,-6,3,0.0,2025
776215,2025-09-23,146,MIA,0,143,PHI,2,-7,1,1312.0282758431574,2025
776201,2025-09-24,146,MIA,0,143,PHI,1,-8,2,0.0,2025
776188,2025-09-25,146,MIA,0,143,PHI,1,-9,3,0.0,2025
776173,2025-09-26,146,MIA,1,121,NYM,1,1,1,1018.8446832841317,2025
776161,2025-09-27,146,MIA,1,121,NYM,1,2,2,0.0,2025
776148,2025-09-28,146,MIA,1,121,NYM,1,3,3,0.0,2025
778557,2025-03-27,147,NYY,1,158,MIL,0,1,1,0.0,2025
778538,2025-03-29,147,NYY,1,158,MIL,2,2,2,0.0,2025
778523,2025-03-30,147,NYY,1,158,MIL,1,3,3,0.0,2025
778492,2025-04-01,147,NYY,1,109,ARI,2,4,1,0.0,2025
778484,2025-04-02,147,NYY,1,109,ARI,1,5,2,0.0,2025
778466,2025-04-03,147,NYY,1,109,ARI,1,6,3,0.0,2025
778461,2025-04-04,147,NYY,0,134,PIT,1,-1,1,319.800970833564,2025
778449,2025-04-05,147,NYY,0,134,PIT,1,-2,2,0.0,2025
778428,2025-04-06,147,NYY,0,134,PIT,1,-3,3,0.0,2025
778424,2025-04-07,147,NYY,0,116,DET,1,-4,1,204.84355160436255,2025
778403,2025-04-08,147,NYY,0,116,DET,1,-5,2,0.0,2025
778387,2025-04-09,147,NYY,0,116,DET,1,-6,3,0.0,2025
778370,2025-04-11,147,NYY,1,137,SF,2,1,1,482.6121717715705,2025
778355,2025-04-12,147,NYY,1,137,SF,1,2,2,0.0,2025
778339,2025-04-13,147,NYY,1,137,SF,1,3,3,0.0,2025
778327,2025-04-14,147,NYY,1,118,KC,1,4,1,0.0,2025
778312,2025-04-15,147,NYY,1,118,KC,1,5,2,0.0,2025
778300,2025-04-16,147,NYY,1,118,KC,1,6,3,0.0,2025
778282,2025-04-17,147,NYY,0,139,TB,1,-1,1,1029.5381159096478,2025
778272,2025-04-18,147,NYY,0,139,TB,1,-2,2,0.0,2025
778255,2025-04-19,147,NYY,0,139,TB,1,-3,3,0.0,2025
778240,2025-04-20,147,NYY,0,139,TB,1,-4,4,0.0,2025
778227,2025-04-21,147,NYY,0,114,CLE,1,-5,1,950.1419996181558,2025
778218,2025-04-22,147,NYY,0,114,CLE,1,-6,2,0.0,2025
778206,2025-04-23,147,NYY,0,114,CLE,1,-7,3,0.0,2025
778185,2025-04-25,147,NYY,1,141,TOR,2,1,1,406.0987517437095,2025
778156,2025-04-27,147,NYY,1,141,TOR,1,3,3,0.0,2025
778170,2025-04-27,147,NYY,1,141,TOR,0,4,4,0.0,2025
778140,2025-04-28,147,NYY,0,110,BAL,1,-1,1,178.12306591164185,2025
778133,2025-04-29,147,NYY,0,110,BAL,1,-2,2,0.0,2025
778115,2025-04-30,147,NYY,0,110,BAL,1,-3,3,0.0,2025
778088,2025-05-02,147,NYY,1,139,TB,2,1,1,178.12306591164185,2025
778074,2025-05-03,147,NYY,1,139,TB,1,2,2,0.0,2025
778057,2025-05-04,147,NYY,1,139,TB,1,3,3,0.0,2025
778045,2025-05-05,147,NYY,1,135,SD,1,4,1,0.0,2025
778041,2025-05-06,147,NYY,1,135,SD,1,5,2,0.0,2025
778019,2025-05-07,147,NYY,1,135,SD,1,6,3,0.0,2025
777994,2025-05-10,147,NYY,0,133,OAK,3,-1,1,2557.66201940974,2025
777972,2025-05-10,147,NYY,0,133,OAK,0,-2,2,0.0,2025
777957,2025-05-11,147,NYY,0,133,OAK,1,-3,3,0.0,2025
777941,2025-05-13,147,NYY,0,136,SEA,2,-4,1,679.9392003432476,2025
777926,2025-05-14,147,NYY,0,136,SEA,1,-5,2,0.0,2025
777915,2025-05-14,147,NYY,0,136,SEA,0,-6,3,0.0,2025
777904,2025-05-16,147,NYY,1,121,NYM,2,1,1,2402.134394397607,2025
777888,2025-05-17,147,NYY,1,121,NYM,1,2,2,0.0,2025
777878,2025-05-18,147,NYY,1,121,NYM,1,3,3,0.0,2025
777849,2025-05-20,147,NYY,1,140,TEX,2,4,1,0.0,2025
777835,2025-05-21,147,NYY,1,140,TEX,1,5,2,0.0,2025
777818,2025-05-22,147,NYY,1,140,TEX,1,6,3,0.0,2025
777782,2025-05-24,147,NYY,0,115,COL,2,-1,1,1630.5053800190935,2025
777802,2025-05-24,147,NYY,0,115,COL,0,-2,2,0.0,2025
777768,2025-05-25,147,NYY,0,115,COL,1,-3,3,0.0,2025
777763,2025-05-27,147,NYY,0,108,LAA,2,-4,1,822.2861860892081,2025
777745,2025-05-28,147,NYY,0,108,LAA,1,-5,2,0.0,2025
777728,2025-05-29,147,NYY,0,108,LAA,1,-6,3,0.0,2025
777708,2025-05-31,147,NYY,0,119,LAD,2,-7,1,27.87381208188066,2025
777698,2025-05-31,147,NYY,0,119,LAD,0,-8,2,0.0,2025
777682,2025-06-01,147,NYY,0,119,LAD,1,-9,3,0.0,2025
777664,2025-06-03,147,NYY,1,114,CLE,2,1,1,2448.5573936068076,2025
777653,2025-06-04,147,NYY,1,114,CLE,1,2,2,0.0,2025
777644,2025-06-05,147,NYY,1,114,CLE,1,3,3,0.0,2025
777627,2025-06-06,147,NYY,1,111,BOS,1,4,1,0.0,2025
777605,2025-06-07,147,NYY,1,111,BOS,1,5,2,0.0,2025
777593,2025-06-08,147,NYY,1,111,BOS,1,6,3,0.0,2025
777572,2025-06-10,147,NYY,0,118,KC,2,-1,1,1093.2758575684966,2025
777551,2025-06-11,147,NYY,0,118,KC,1,-2,2,0.0,2025
777536,2025-06-12,147,NYY,0,118,KC,1,-3,3,0.0,2025
777537,2025-06-13,147,NYY,0,111,BOS,1,-4,1,1241.802604380426,2025
777516,2025-06-14,147,NYY,0,111,BOS,1,-5,2,0.0,2025
777500,2025-06-15,147,NYY,0,111,BOS,1,-6,3,0.0,2025
777487,2025-06-16,147,NYY,1,108,LAA,1,1,1,179.88456828974768,2025
777476,2025-06-17,147,NYY,1,108,LAA,1,2,2,0.0,2025
777466,2025-06-18,147,NYY,1,108,LAA,1,3,3,0.0,2025
777449,2025-06-19,147,NYY,1,108,LAA,1,4,4,0.0,2025
777438,2025-06-20,147,NYY,1,110,BAL,1,5,1,0.0,2025
777422,2025-06-21,147,NYY,1,110,BAL,1,6,2,0.0,2025
777406,2025-06-22,147,NYY,1,110,BAL,1,7,3,0.0,2025
777390,2025-06-23,147,NYY,0,113,CIN,1,-1,1,572.6665954672798,2025
777385,2025-06-24,147,NYY,0,113,CIN,1,-2,2,0.0,2025
777367,2025-06-25,147,NYY,0,113,CIN,1,-3,3,0.0,2025
777337,2025-06-27,147,NYY,1,133,OAK,2,1,1,572.6665954672798,2025
777326,2025-06-28,147,NYY,1,133,OAK,1,2,2,0.0,2025
777307,2025-06-29,147,NYY,1,133,OAK,1,3,3,0.0,2025
777295,2025-06-30,147,NYY,0,141,TOR,1,-1,1,340.2685304486618,2025
777283,2025-07-01,147,NYY,0,141,TOR,1,-2,2,0.0,2025
777274,2025-07-02,147,NYY,0,141,TOR,1,-3,3,0.0,2025
777260,2025-07-03,147,NYY,0,141,TOR,1,-4,4,0.0,2025
777250,2025-07-04,147,NYY,0,121,NYM,1,-5,1,346.6363887095845,2025
777241,2025-07-05,147,NYY,0,121,NYM,1,-6,2,0.0,2025
777216,2025-07-06,147,NYY,0,121,NYM,1,-7,3,0.0,2025
777187,2025-07-08,147,NYY,1,136,SEA,2,1,1,6.541035356047549,2025
777184,2025-07-09,147,NYY,1,136,SEA,1,2,2,0.0,2025
777169,2025-07-10,147,NYY,1,136,SEA,1,3,3,0.0,2025
777153,2025-07-11,147,NYY,1,112,CHC,1,4,1,0.0,2025
777142,2025-07-12,147,NYY,1,112,CHC,1,5,2,0.0,2025
777122,2025-07-13,147,NYY,1,112,CHC,1,6,3,0.0,2025
777114,2025-07-18,147,NYY,0,144,ATL,5,-1,1,750.7282247301414,2025
777097,2025-07-19,147,NYY,0,144,ATL,1,-2,2,0.0,2025
777083,2025-07-20,147,NYY,0,144,ATL,1,-3,3,0.0,2025
777066,2025-07-21,147,NYY,0,141,TOR,1,-4,1,726.7999515006941,2025
777046,2025-07-22,147,NYY,0,141,TOR,1,-5,2,0.0,2025
777027,2025-07-23,147,NYY,0,141,TOR,1,-6,3,0.0,2025
777015,2025-07-25,147,NYY,1,143,PHI,2,1,1,340.2685304486618,2025
777001,2025-07-26,147,NYY,1,143,PHI,1,2,2,0.0,2025
776988,2025-07-27,147,NYY,1,143,PHI,1,3,3,0.0,2025
776970,2025-07-28,147,NYY,1,139,TB,1,4,1,0.0,2025
776949,2025-07-29,147,NYY,1,139,TB,1,5,2,0.0,2025
776938,2025-07-30,147,NYY,1,139,TB,1,6,3,0.0,2025
776927,2025-07-31,147,NYY,1,139,TB,1,7,4,0.0,2025
776925,2025-08-01,147,NYY,0,146,MIA,1,-1,1,1100.8862542043641,2025
776910,2025-08-02,147,NYY,0,146,MIA,1,-2,2,0.0,2025
776891,2025-08-03,147,NYY,0,146,MIA,1,-3,3,0.0,2025
776871,2025-08-05,147,NYY,0,140,TEX,2,-4,1,1123.019434754987,2025
776855,2025-08-06,147,NYY,0,140,TEX,1,-5,2,0.0,2025
776845,2025-08-06,147,NYY,0,140,TEX,0,-6,3,0.0,2025
776835,2025-08-08,147,NYY,1,117,HOU,2,1,1,1392.1915186769138,2025
776815,2025-08-09,147,NYY,1,117,HOU,1,2,2,0.0,2025
776797,2025-08-10,147,NYY,1,117,HOU,1,3,3,0.0,2025
776790,2025-08-11,147,NYY,1,142,MIN,1,4,1,0.0,2025
776774,2025-08-12,147,NYY,1,142,MIN,1,5,2,0.0,2025
776760,2025-08-13,147,NYY,1,142,MIN,1,6,3,0.0,2025
776713,2025-08-16,147,NYY,0,138,STL,3,-1,1,876.4777308955582,2025
776731,2025-08-16,147,NYY,0,138,STL,0,-2,2,0.0,2025
776698,2025-08-17,147,NYY,0,138,STL,1,-3,3,0.0,2025
776677,2025-08-19,147,NYY,0,139,TB,2,-4,1,866.6994960845234,2025
776664,2025-08-20,147,NYY,0,139,TB,1,-5,2,0.0,2025
776654,2025-08-21,147,NYY,1,111,BOS,1,1,1,1029.5381159096478,2025
776647,2025-08-22,147,NYY,1,111,BOS,1,2,2,0.0,2025
776627,2025-08-23,147,NYY,1,111,BOS,1,3,3,0.0,2025
776616,2025-08-24,147,NYY,1,111,BOS,1,4,4,0.0,2025
776597,2025-08-25,147,NYY,1,120,WSH,1,5,1,0.0,2025
776588,2025-08-26,147,NYY,1,120,WSH,1,6,2,0.0,2025
776570,2025-08-27,147,NYY,1,120,WSH,1,7,3,0.0,2025
776556,2025-08-28,147,NYY,0,145,CWS,1,-1,1,713.826429908849,2025
776544,2025-08-29,147,NYY,0,145,CWS,1,-2,2,0.0,2025
776529,2025-08-30,147,NYY,0,145,CWS,1,-3,3,0.0,2025
776514,2025-08-31,147,NYY,0,145,CWS,1,-4,4,0.0,2025
776489,2025-09-03,147,NYY,0,117,HOU,3,-5,1,938.7707116803103,2025
776472,2025-09-04,147,NYY,0,117,HOU,1,-6,2,0.0,2025
776464,2025-09-04,147,NYY,0,117,HOU,0,-7,3,0.0,2025
776457,2025-09-05,147,NYY,1,141,TOR,1,1,1,1424.3629806468848,2025
776436,2025-09-06,147,NYY,1,141,TOR,1,2,2,0.0,2025
776423,2025-09-07,147,NYY,1,141,TOR,1,3,3,0.0,2025
776398,2025-09-09,147,NYY,1,116,DET,2,4,1,0.0,2025
776383,2025-09-10,147,NYY,1,116,DET,1,5,2,0.0,2025
776368,2025-09-11,147,NYY,1,116,DET,1,6,3,0.0,2025
776363,2025-09-12,147,NYY,0,111,BOS,1,-1,1,179.88456828974768,2025
776344,2025-09-13,147,NYY,0,111,BOS,1,-2,2,0.0,2025
776330,2025-09-14,147,NYY,0,111,BOS,1,-3,3,0.0,2025
776313,2025-09-15,147,NYY,0,142,MIN,1,-4,1,1119.9102367149933,2025
776298,2025-09-16,147,NYY,0,142,MIN,1,-5,2,0.0,2025
776284,2025-09-17,147,NYY,0,142,MIN,1,-6,3,0.0,2025
776278,2025-09-18,147,NYY,0,110,BAL,1,-7,1,937.5839769032132,2025
776273,2025-09-19,147,NYY,0,110,BAL,1,-8,2,0.0,2025
776257,2025-09-20,147,NYY,0,110,BAL,1,-9,3,0.0,2025
776240,2025-09-21,147,NYY,0,110,BAL,1,-10,4,0.0,2025
776216,2025-09-23,147,NYY,1,145,CWS,2,1,1,178.12306591164185,2025
776199,2025-09-24,147,NYY,1,145,CWS,1,2,2,0.0,2025
776184,2025-09-25,147,NYY,1,145,CWS,1,3,3,0.0,2025
776174,2025-09-26,147,NYY,1,110,BAL,1,4,1,0.0,2025
776162,2025-09-27,147,NYY,1,110,BAL,1,5,2,0.0,2025
776140,2025-09-28,147,NYY,1,110,BAL,1,6,3,0.0,2025
778557,2025-03-27,158,MIL,0,147,NYY,0,-1,1,736.8762860400252,2025
778538,2025-03-29,158,MIL,0,147,NYY,2,-2,2,0.0,2025
778523,2025-03-30,158,MIL,0,147,NYY,1,-3,3,0.0,2025
778504,2025-03-31,158,MIL,1,118,KC,1,1,1,736.8762860400252,2025
778488,2025-04-01,158,MIL,1,118,KC,1,2,2,0.0,2025
778477,2025-04-02,158,MIL,1,118,KC,1,3,3,0.0,2025
778468,2025-04-03,158,MIL,1,113,CIN,1,4,1,0.0,2025
778453,2025-04-05,158,MIL,1,113,CIN,2,5,2,0.0,2025
778439,2025-04-05,158,MIL,1,113,CIN,0,6,3,0.0,2025
778421,2025-04-06,158,MIL,1,113,CIN,1,7,4,0.0,2025
778394,2025-04-09,158,MIL,0,115,COL,3,-1,1,909.1622358795455,2025
778379,2025-04-10,158,MIL,0,115,COL,1,-2,2,0.0,2025
778371,2025-04-10,158,MIL,0,115,COL,0,-3,3,0.0,2025
778364,2025-04-12,158,MIL,0,109,ARI,2,-4,1,586.1530990190981,2025
778350,2025-04-13,158,MIL,0,109,ARI,1,-5,2,0.0,2025
778332,2025-04-13,158,MIL,0,109,ARI,0,-6,3,0.0,2025
778323,2025-04-14,158,MIL,1,116,DET,1,1,1,1458.5788896029478,2025
778310,2025-04-15,158,MIL,1,116,DET,1,2,2,0.0,2025
778295,2025-04-16,158,MIL,1,116,DET,1,3,3,0.0,2025
778253,2025-04-19,158,MIL,1,133,OAK,3,4,1,0.0,2025
778261,2025-04-19,158,MIL,1,133,OAK,0,5,2,0.0,2025
778239,2025-04-20,158,MIL,1,133,OAK,1,6,3,0.0,2025
778226,2025-04-22,158,MIL,0,137,SF,2,-1,1,1833.5573982316243,2025
778210,2025-04-23,158,MIL,0,137,SF,1,-2,2,0.0,2025
778198,2025-04-24,158,MIL,0,137,SF,1,-3,3,0.0,2025
778194,2025-04-24,158,MIL,0,137,SF,0,-4,4,0.0,2025
778184,2025-04-26,158,MIL,0,138,STL,2,-5,1,1740.2563893028632,2025
778164,2025-04-26,158,MIL,0,138,STL,0,-6,2,0.0,2025
778150,2025-04-27,158,MIL,0,138,STL,1,-7,3,0.0,2025
778125,2025-04-29,158,MIL,0,145,CWS,2,-8,1,259.4675939691297,2025
778111,2025-04-30,158,MIL,0,145,CWS,1,-9,2,0.0,2025
778094,2025-05-01,158,MIL,0,145,CWS,1,-10,3,0.0,2025
778080,2025-05-03,158,MIL,1,112,CHC,2,1,1,84.55513154711521,2025
778071,2025-05-03,158,MIL,1,112,CHC,0,2,2,0.0,2025
778054,2025-05-04,158,MIL,1,112,CHC,1,3,3,0.0,2025
778042,2025-05-05,158,MIL,1,117,HOU,1,4,1,0.0,2025
778031,2025-05-06,158,MIL,1,117,HOU,1,5,2,0.0,2025
778015,2025-05-07,158,MIL,1,117,HOU,1,6,3,0.0,2025
778002,2025-05-09,158,MIL,0,139,TB,2,-1,1,1095.5046669073377,2025
777981,2025-05-10,158,MIL,0,139,TB,1,-2,2,0.0,2025
777964,2025-05-11,158,MIL,0,139,TB,1,-3,3,0.0,2025
777960,2025-05-12,158,MIL,0,114,CLE,1,-4,1,950.1419996181558,2025
777944,2025-05-13,158,MIL,0,114,CLE,1,-5,2,0.0,2025
777925,2025-05-14,158,MIL,0,114,CLE,1,-6,3,0.0,2025
777898,2025-05-17,158,MIL,1,142,MIN,3,1,1,338.32644453061476,2025
777883,2025-05-17,158,MIL,1,142,MIN,0,2,2,0.0,2025
777865,2025-05-18,158,MIL,1,142,MIN,1,3,3,0.0,2025
777860,2025-05-19,158,MIL,1,110,BAL,1,4,1,0.0,2025
777844,2025-05-20,158,MIL,1,110,BAL,1,5,2,0.0,2025
777826,2025-05-21,158,MIL,1,110,BAL,1,6,3,0.0,2025
777814,2025-05-22,158,MIL,0,134,PIT,1,-1,1,447.5172990364866,2025
777806,2025-05-23,158,MIL,0,134,PIT,1,-2,2,0.0,2025
777794,2025-05-24,158,MIL,0,134,PIT,1,-3,3,0.0,2025
777776,2025-05-25,158,MIL,0,134,PIT,1,-4,4,0.0,2025
777764,2025-05-26,158,MIL,1,111,BOS,1,1,1,447.5172990364866,2025
777747,2025-05-27,158,MIL,1,111,BOS,1,2,2,0.0,2025
777736,2025-05-28,158,MIL,1,111,BOS,1,3,3,0.0,2025
777715,2025-05-30,158,MIL,0,143,PHI,2,-1,1,696.3664086049965,2025
777702,2025-05-31,158,MIL,0,143,PHI,1,-2,2,0.0,2025
777688,2025-06-01,158,MIL,0,143,PHI,1,-3,3,0.0,2025
777671,2025-06-02,158,MIL,0,113,CIN,1,-4,1,500.9471415614062,2025
777668,2025-06-03,158,MIL,0,113,CIN,1,-5,2,0.0,2025
777647,2025-06-04,158,MIL,0,113,CIN,1,-6,3,0.0,2025
777617,2025-06-07,158,MIL,1,135,SD,3,1,1,325.9595383372329,2025
777597,2025-06-07,158,MIL,1,135,SD,0,2,2,0.0,2025
777586,2025-06-08,158,MIL,1,135,SD,1,3,3,0.0,2025
777575,2025-06-09,158,MIL,1,144,ATL,1,4,1,0.0,2025
777568,2025-06-10,158,MIL,1,144,ATL,1,5,2,0.0,2025
777554,2025-06-11,158,MIL,1,144,ATL,1,6,3,0.0,2025
777532,2025-06-12,158,MIL,1,138,STL,1,7,1,0.0,2025
777525,2025-06-14,158,MIL,1,138,STL,2,8,2,0.0,2025
777512,2025-06-14,158,MIL,1,138,STL,0,9,3,0.0,2025
777492,2025-06-15,158,MIL,1,138,STL,1,10,4,0.0,2025
777482,2025-06-18,158,MIL,0,112,CHC,3,-1,1,76.31439882124853,2025
777450,2025-06-19,158,MIL,0,112,CHC,0,-3,3,0.0,2025
777434,2025-06-21,158,MIL,0,142,MIN,2,-4,1,351.19627848712736,2025
777412,2025-06-21,158,MIL,0,142,MIN,0,-5,2,0.0,2025
777401,2025-06-22,158,MIL,0,142,MIN,1,-6,3,0.0,2025
777391,2025-06-23,158,MIL,1,134,PIT,1,1,1,296.19869216933046,2025
777374,2025-06-24,158,MIL,1,134,PIT,1,2,2,0.0,2025
777361,2025-06-25,158,MIL,1,134,PIT,1,3,3,0.0,2025
777321,2025-06-28,158,MIL,1,115,COL,3,4,1,0.0,2025
777339,2025-06-28,158,MIL,1,115,COL,0,5,2,0.0,2025
777301,2025-06-29,158,MIL,1,115,COL,1,6,3,0.0,2025
777289,2025-07-02,158,MIL,0,121,NYM,1,-2,2,0.0,2025
777276,2025-07-02,158,MIL,0,121,NYM,0,-3,3,0.0,2025
777257,2025-07-03,158,MIL,0,121,NYM,1,-4,4,0.0,2025
777254,2025-07-04,158,MIL,0,146,MIA,1,-5,1,1097.7414335980382,2025
777238,2025-07-05,158,MIL,0,146,MIA,1,-6,2,0.0,2025
777224,2025-07-06,158,MIL,0,146,MIA,1,-7,3,0.0,2025
777201,2025-07-07,158,MIL,1,119,LAD,1,1,1,1269.7716502102464,2025
777193,2025-07-08,158,MIL,1,119,LAD,1,2,2,0.0,2025
777175,2025-07-09,158,MIL,1,119,LAD,1,3,3,0.0,2025
777149,2025-07-12,158,MIL,1,120,WSH,3,4,1,0.0,2025
777135,2025-07-12,158,MIL,1,120,WSH,0,5,2,0.0,2025
777123,2025-07-13,158,MIL,1,120,WSH,1,6,3,0.0,2025
777103,2025-07-19,158,MIL,0,119,LAD,6,-1,1,1737.1964859284558,2025
777085,2025-07-20,158,MIL,0,119,LAD,1,-2,2,0.0,2025
777070,2025-07-20,158,MIL,0,119,LAD,0,-3,3,0.0,2025
777050,2025-07-22,158,MIL,0,136,SEA,2,-4,1,957.8545939923275,2025
777024,2025-07-23,158,MIL,0,136,SEA,1,-5,2,0.0,2025
777035,2025-07-23,158,MIL,0,136,SEA,0,-6,3,0.0,2025
777008,2025-07-25,158,MIL,1,146,MIA,2,1,1,1684.8927175606668,2025
776996,2025-07-26,158,MIL,1,146,MIA,1,2,2,0.0,2025
776978,2025-07-27,158,MIL,1,146,MIA,1,3,3,0.0,2025
776965,2025-07-28,158,MIL,1,112,CHC,1,4,1,0.0,2025
776956,2025-07-29,158,MIL,1,112,CHC,1,5,2,0.0,2025
776929,2025-07-30,158,MIL,1,112,CHC,1,6,3,0.0,2025
776917,2025-08-01,158,MIL,0,120,WSH,2,-1,1,639.4643273379048,2025
776903,2025-08-02,158,MIL,0,120,WSH,1,-2,2,0.0,2025
776894,2025-08-03,158,MIL,0,120,WSH,1,-3,3,0.0,2025
776882,2025-08-04,158,MIL,0,144,ATL,1,-4,1,538.869727266714,2025
776869,2025-08-05,158,MIL,0,144,ATL,1,-5,2,0.0,2025
776853,2025-08-06,158,MIL,0,144,ATL,1,-6,3,0.0,2025
776828,2025-08-09,158,MIL,1,121,NYM,3,1,1,659.030112248539,2025
776817,2025-08-09,158,MIL,1,121,NYM,0,2,2,0.0,2025
776799,2025-08-10,158,MIL,1,121,NYM,1,3,3,0.0,2025
776786,2025-08-11,158,MIL,1,134,PIT,1,4,1,0.0,2025
776771,2025-08-12,158,MIL,1,134,PIT,1,5,2,0.0,2025
776755,2025-08-13,158,MIL,1,134,PIT,1,6,3,0.0,2025
776740,2025-08-15,158,MIL,0,113,CIN,2,-1,1,325.9595383372329,2025
776721,2025-08-16,158,MIL,0,113,CIN,1,-2,2,0.0,2025
776709,2025-08-17,158,MIL,0,113,CIN,1,-3,3,0.0,2025
777459,2025-08-18,158,MIL,0,112,CHC,1,-4,1,257.0933763635692,2025
776691,2025-08-19,158,MIL,0,112,CHC,0,-6,3,0.0,2025
776676,2025-08-20,158,MIL,0,112,CHC,1,-7,4,0.0,2025
776663,2025-08-21,158,MIL,0,112,CHC,1,-8,5,0.0,2025
776651,2025-08-21,158,MIL,0,112,CHC,0,-9,6,0.0,2025
776634,2025-08-23,158,MIL,1,137,SF,2,1,1,76.31439882124853,2025
776621,2025-08-23,158,MIL,1,137,SF,0,2,2,0.0,2025
776608,2025-08-24,158,MIL,1,137,SF,1,3,3,0.0,2025
776593,2025-08-25,158,MIL,1,109,ARI,1,4,1,0.0,2025
776586,2025-08-26,158,MIL,1,109,ARI,1,5,2,0.0,2025
776572,2025-08-27,158,MIL,1,109,ARI,1,6,3,0.0,2025
776553,2025-08-28,158,MIL,1,109,ARI,1,7,4,0.0,2025
776546,2025-08-29,158,MIL,0,141,TOR,1,-1,1,433.19037079572774,2025
776527,2025-08-30,158,MIL,0,141,TOR,1,-2,2,0.0,2025
776515,2025-08-31,158,MIL,0,141,TOR,1,-3,3,0.0,2025
776500,2025-09-01,158,MIL,1,143,PHI,1,1,1,433.19037079572774,2025
776471,2025-09-03,158,MIL,1,143,PHI,2,2,2,0.0,2025
776459,2025-09-04,158,MIL,1,143,PHI,1,3,3,0.0,2025
776453,2025-09-05,158,MIL,0,134,PIT,1,-1,1,447.5172990364866,2025
776441,2025-09-06,158,MIL,0,134,PIT,1,-2,2,0.0,2025
776419,2025-09-07,158,MIL,0,134,PIT,1,-3,3,0.0,2025
776406,2025-09-09,158,MIL,0,140,TEX,2,-4,1,1083.6370651726334,2025
776395,2025-09-10,158,MIL,0,140,TEX,1,-5,2,0.0,2025
776375,2025-09-10,158,MIL,0,140,TEX,0,-6,3,0.0,2025
776356,2025-09-13,158,MIL,1,138,STL,3,1,1,865.4945776802045,2025
776339,2025-09-14,158,MIL,1,138,STL,1,2,2,0.0,2025
776326,2025-09-14,158,MIL,1,138,STL,0,3,3,0.0,2025
776295,2025-09-16,158,MIL,1,108,LAA,2,4,1,0.0,2025
776291,2025-09-17,158,MIL,1,108,LAA,1,5,2,0.0,2025
776274,2025-09-18,158,MIL,1,108,LAA,1,6,3,0.0,2025
776265,2025-09-20,158,MIL,0,138,STL,2,-1,1,325.7786649185398,2025
776244,2025-09-20,158,MIL,0,138,STL,0,-2,2,0.0,2025
776231,2025-09-21,158,MIL,0,138,STL,1,-3,3,0.0,2025
776222,2025-09-23,158,MIL,0,135,SD,2,-4,1,1561.6025452697695,2025
776214,2025-09-24,158,MIL,0,135,SD,1,-5,2,0.0,2025
776198,2025-09-24,158,MIL,0,135,SD,0,-6,3,0.0,2025
776171,2025-09-27,158,MIL,1,113,CIN,3,1,1,1732.8547359706142,2025
776153,2025-09-27,158,MIL,1,113,CIN,0,2,2,0.0,2025
776144,2025-09-28,158,MIL,1,113,CIN,1,3,3,0.0,2025
