game_pk,game_date,team_id,team,is_home,opp_team_id,opp_team,days_rest,home_away_streak,series_game_num,travel_miles,year
824218,2026-03-26,108,LAA,0,117,HOU,0,-1,1,1349.4753249039884,2026
824216,2026-03-28,108,LAA,0,117,HOU,2,-2,2,0.0,2026
824213,2026-03-28,108,LAA,0,117,HOU,0,-3,3,0.0,2026
824215,2026-03-29,108,LAA,0,117,HOU,1,-4,4,0.0,2026
824702,2026-03-30,108,LAA,0,112,CHC,1,-5,1,945.3425791434618,2026
824699,2026-03-31,108,LAA,0,112,CHC,1,-6,2,0.0,2026
824698,2026-04-01,108,LAA,0,112,CHC,1,-7,3,0.0,2026
824056,2026-04-04,108,LAA,1,136,SEA,3,1,1,1731.5112579868214,2026
824053,2026-04-05,108,LAA,1,136,SEA,1,2,2,0.0,2026
824054,2026-04-05,108,LAA,1,136,SEA,0,3,3,0.0,2026
824052,2026-04-07,108,LAA,1,144,ATL,2,4,1,0.0,2026
824051,2026-04-08,108,LAA,1,144,ATL,1,5,2,0.0,2026
824050,2026-04-08,108,LAA,1,144,ATL,0,6,3,0.0,2026
824534,2026-04-10,108,LAA,0,113,CIN,2,-1,1,1879.7694329343171,2026
824535,2026-04-11,108,LAA,0,113,CIN,1,-2,2,0.0,2026
824533,2026-04-12,108,LAA,0,113,CIN,1,-3,3,0.0,2026
823563,2026-04-13,108,LAA,0,147,NYY,1,-4,1,572.6665954672798,2026
823562,2026-04-14,108,LAA,0,147,NYY,1,-5,2,0.0,2026
823561,2026-04-15,108,LAA,0,147,NYY,1,-6,3,0.0,2026
823560,2026-04-16,108,LAA,0,147,NYY,1,-7,4,0.0,2026
824048,2026-04-18,108,LAA,1,135,SD,2,1,1,2437.723840222542,2026
824049,2026-04-19,108,LAA,1,135,SD,1,2,2,0.0,2026
824047,2026-04-19,108,LAA,1,135,SD,0,3,3,0.0,2026
824046,2026-04-21,108,LAA,1,141,TOR,2,4,1,0.0,2026
824045,2026-04-22,108,LAA,1,141,TOR,1,5,2,0.0,2026
824044,2026-04-22,108,LAA,1,141,TOR,0,6,3,0.0,2026
824124,2026-04-24,108,LAA,0,118,KC,2,-1,1,1346.5044522382782,2026
824121,2026-04-25,108,LAA,0,118,KC,1,-2,2,0.0,2026
824122,2026-04-26,108,LAA,0,118,KC,1,-3,3,0.0,2026
824609,2026-04-27,108,LAA,0,145,CWS,1,-4,1,407.8477881651946,2026
824610,2026-04-28,108,LAA,0,145,CWS,1,-5,2,0.0,2026
824608,2026-04-29,108,LAA,0,145,CWS,1,-6,3,0.0,2026
824041,2026-05-02,108,LAA,1,121,NYM,3,1,1,1731.3431702590296,2026
824042,2026-05-03,108,LAA,1,121,NYM,1,2,2,0.0,2026
824043,2026-05-03,108,LAA,1,121,NYM,0,3,3,0.0,2026
824039,2026-05-05,108,LAA,1,145,CWS,2,4,1,0.0,2026
824040,2026-05-06,108,LAA,1,145,CWS,1,5,2,0.0,2026
824036,2026-05-06,108,LAA,1,145,CWS,0,6,3,0.0,2026
822822,2026-05-08,108,LAA,0,141,TOR,2,-1,1,2161.688067916341,2026
822820,2026-05-09,108,LAA,0,141,TOR,1,-2,2,0.0,2026
822819,2026-05-10,108,LAA,0,141,TOR,1,-3,3,0.0,2026
824441,2026-05-11,108,LAA,0,114,CLE,1,-4,1,188.71684847115282,2026
824442,2026-05-12,108,LAA,0,114,CLE,1,-5,2,0.0,2026
824438,2026-05-13,108,LAA,0,114,CLE,1,-6,3,0.0,2026
824037,2026-05-16,108,LAA,1,119,LAD,3,1,1,2034.3207691263494,2026
824038,2026-05-17,108,LAA,1,119,LAD,1,2,2,0.0,2026
824034,2026-05-17,108,LAA,1,119,LAD,0,3,3,0.0,2026
824035,2026-05-19,108,LAA,1,133,OAK,2,4,1,0.0,2026
824033,2026-05-20,108,LAA,1,133,OAK,1,5,2,0.0,2026
824032,2026-05-21,108,LAA,1,133,OAK,1,6,3,0.0,2026
824031,2026-05-22,108,LAA,1,133,OAK,1,7,4,0.0,2026
824029,2026-05-23,108,LAA,1,140,TEX,1,8,1,0.0,2026
824030,2026-05-24,108,LAA,1,140,TEX,1,9,2,0.0,2026
824028,2026-05-24,108,LAA,1,140,TEX,0,10,3,0.0,2026
824275,2026-05-26,108,LAA,0,116,DET,2,-1,1,1969.013791743627,2026
824270,2026-05-27,108,LAA,0,116,DET,1,-2,2,0.0,2026
824272,2026-05-28,108,LAA,0,116,DET,1,-3,3,0.0,2026
822978,2026-05-29,108,LAA,0,139,TB,1,-4,1,1007.0448721012648,2026
822975,2026-05-30,108,LAA,0,139,TB,1,-5,2,0.0,2026
822976,2026-05-31,108,LAA,0,139,TB,1,-6,3,0.0,2026
824027,2026-06-02,108,LAA,1,115,COL,2,1,1,2121.7324696841006,2026
824026,2026-06-03,108,LAA,1,115,COL,1,2,2,0.0,2026
824024,2026-06-04,108,LAA,1,115,COL,1,3,3,0.0,2026
823943,2026-06-06,108,LAA,0,119,LAD,2,-1,1,27.87381208188066,2026
823942,2026-06-07,108,LAA,0,119,LAD,1,-2,2,0.0,2026
823941,2026-06-07,108,LAA,0,119,LAD,0,-3,3,0.0,2026
824025,2026-06-09,108,LAA,1,117,HOU,2,1,1,27.87381208188066,2026
824023,2026-06-10,108,LAA,1,117,HOU,1,2,2,0.0,2026
824022,2026-06-11,108,LAA,1,117,HOU,1,3,3,0.0,2026
824020,2026-06-13,108,LAA,1,139,TB,2,4,1,0.0,2026
824021,2026-06-14,108,LAA,1,139,TB,1,5,2,0.0,2026
824019,2026-06-14,108,LAA,1,139,TB,0,6,3,0.0,2026
825071,2026-06-16,108,LAA,0,109,ARI,2,-1,1,335.4914545335198,2026
825070,2026-06-17,108,LAA,0,109,ARI,1,-2,2,0.0,2026
825072,2026-06-17,108,LAA,0,109,ARI,0,-3,3,0.0,2026
824989,2026-06-19,108,LAA,0,133,OAK,2,-4,1,641.9010628899154,2026
824990,2026-06-20,108,LAA,0,133,OAK,1,-5,2,0.0,2026
824988,2026-06-21,108,LAA,0,133,OAK,1,-6,3,0.0,2026
824987,2026-06-21,108,LAA,0,133,OAK,0,-7,4,0.0,2026
824016,2026-06-23,108,LAA,1,110,BAL,2,1,1,364.7793033141838,2026
824018,2026-06-24,108,LAA,1,110,BAL,1,2,2,0.0,2026
824017,2026-06-24,108,LAA,1,110,BAL,0,3,3,0.0,2026
824014,2026-06-27,108,LAA,1,133,OAK,3,4,1,0.0,2026
824015,2026-06-28,108,LAA,1,133,OAK,1,5,2,0.0,2026
824011,2026-06-28,108,LAA,1,133,OAK,0,6,3,0.0,2026
823121,2026-06-30,108,LAA,0,136,SEA,2,-1,1,980.5935873257743,2026
823122,2026-07-01,108,LAA,0,136,SEA,1,-2,2,0.0,2026
823119,2026-07-03,108,LAA,0,136,SEA,2,-3,3,0.0,2026
824013,2026-07-04,108,LAA,1,111,BOS,1,1,1,980.5935873257743,2026
824012,2026-07-05,108,LAA,1,111,BOS,1,2,2,0.0,2026
824010,2026-07-06,108,LAA,1,111,BOS,1,3,3,0.0,2026
822881,2026-07-08,108,LAA,0,140,TEX,2,-1,1,1201.6984237735796,2026
822880,2026-07-09,108,LAA,0,140,TEX,1,-2,2,0.0,2026
822877,2026-07-10,108,LAA,0,140,TEX,1,-3,3,0.0,2026
823685,2026-07-11,108,LAA,0,142,MIN,1,-4,1,869.2690937301206,2026
823682,2026-07-11,108,LAA,0,142,MIN,0,-5,2,0.0,2026
823681,2026-07-12,108,LAA,0,142,MIN,1,-6,3,0.0,2026
824009,2026-07-18,108,LAA,1,116,DET,6,1,1,1515.2340388389878,2026
824008,2026-07-19,108,LAA,1,116,DET,1,2,2,0.0,2026
824007,2026-07-19,108,LAA,1,116,DET,0,3,3,0.0,2026
824006,2026-07-21,108,LAA,1,138,STL,2,4,1,0.0,2026
824004,2026-07-22,108,LAA,1,138,STL,1,5,2,0.0,2026
824005,2026-07-22,108,LAA,1,138,STL,0,6,3,0.0,2026
823196,2026-07-25,108,LAA,0,137,SF,3,-1,1,373.21886529538057,2026
823197,2026-07-25,108,LAA,0,137,SF,0,-2,2,0.0,2026
823194,2026-07-26,108,LAA,0,137,SF,1,-3,3,0.0,2026
824001,2026-07-28,108,LAA,1,117,HOU,2,1,1,373.21886529538057,2026
824003,2026-07-29,108,LAA,1,117,HOU,1,2,2,0.0,2026
824002,2026-07-30,108,LAA,1,117,HOU,1,3,3,0.0,2026
823999,2026-08-01,108,LAA,1,158,MIL,2,4,1,0.0,2026
823996,2026-08-02,108,LAA,1,158,MIL,1,5,2,0.0,2026
824000,2026-08-02,108,LAA,1,158,MIL,0,6,3,0.0,2026
824805,2026-08-04,108,LAA,0,110,BAL,2,-1,1,2301.5254404543607,2026
824806,2026-08-05,108,LAA,0,110,BAL,1,-2,2,0.0,2026
824804,2026-08-06,108,LAA,0,110,BAL,1,-3,3,0.0,2026
823836,2026-08-07,108,LAA,0,146,MIA,1,-4,1,956.2208116188826,2026
823834,2026-08-08,108,LAA,0,146,MIA,1,-5,2,0.0,2026
823835,2026-08-09,108,LAA,0,146,MIA,1,-6,3,0.0,2026
823998,2026-08-11,108,LAA,1,140,TEX,2,1,1,2311.9053929488978,2026
823997,2026-08-12,108,LAA,1,140,TEX,1,2,2,0.0,2026
823994,2026-08-13,108,LAA,1,140,TEX,1,3,3,0.0,2026
823995,2026-08-14,108,LAA,1,140,TEX,1,4,4,0.0,2026
823993,2026-08-15,108,LAA,1,118,KC,1,5,1,0.0,2026
823990,2026-08-16,108,LAA,1,118,KC,1,6,2,0.0,2026
823991,2026-08-16,108,LAA,1,118,KC,0,7,3,0.0,2026
824154,2026-08-19,108,LAA,0,117,HOU,3,-1,1,1349.4753249039884,2026
824155,2026-08-20,108,LAA,0,117,HOU,1,-2,2,0.0,2026
824153,2026-08-21,108,LAA,0,117,HOU,1,-3,3,0.0,2026
822857,2026-08-22,108,LAA,0,140,TEX,1,-4,1,230.66355960201378,2026
822858,2026-08-22,108,LAA,0,140,TEX,0,-5,2,0.0,2026
822856,2026-08-23,108,LAA,0,140,TEX,1,-6,3,0.0,2026
823992,2026-08-25,108,LAA,1,114,CLE,2,1,1,1201.6984237735796,2026
823989,2026-08-26,108,LAA,1,114,CLE,1,2,2,0.0,2026
823988,2026-08-26,108,LAA,1,114,CLE,0,3,3,0.0,2026
823985,2026-08-29,108,LAA,1,143,PHI,3,4,1,0.0,2026
823986,2026-08-30,108,LAA,1,143,PHI,1,5,2,0.0,2026
823987,2026-08-30,108,LAA,1,143,PHI,0,6,3,0.0,2026
823982,2026-09-01,108,LAA,1,147,NYY,2,7,1,0.0,2026
823984,2026-09-02,108,LAA,1,147,NYY,1,8,2,0.0,2026
823983,2026-09-03,108,LAA,1,147,NYY,1,9,3,0.0,2026
823338,2026-09-04,108,LAA,0,134,PIT,1,-1,1,2119.721965463812,2026
823335,2026-09-05,108,LAA,0,134,PIT,1,-2,2,0.0,2026
823336,2026-09-06,108,LAA,0,134,PIT,1,-3,3,0.0,2026
824715,2026-09-07,108,LAA,0,111,BOS,1,-4,1,479.7911670433808,2026
824714,2026-09-08,108,LAA,0,111,BOS,1,-5,2,0.0,2026
824713,2026-09-09,108,LAA,0,111,BOS,1,-6,3,0.0,2026
822684,2026-09-11,108,LAA,0,120,WSH,2,-7,1,391.9148119772238,2026
822685,2026-09-12,108,LAA,0,120,WSH,1,-8,2,0.0,2026
822682,2026-09-13,108,LAA,0,120,WSH,1,-9,3,0.0,2026
823981,2026-09-15,108,LAA,1,136,SEA,2,1,1,2282.8044015651135,2026
823980,2026-09-16,108,LAA,1,136,SEA,1,2,2,0.0,2026
823979,2026-09-17,108,LAA,1,136,SEA,1,3,3,0.0,2026
823978,2026-09-18,108,LAA,1,142,MIN,1,4,1,0.0,2026
823977,2026-09-19,108,LAA,1,142,MIN,1,5,2,0.0,2026
823976,2026-09-20,108,LAA,1,142,MIN,1,6,3,0.0,2026
823975,2026-09-20,108,LAA,1,142,MIN,0,7,4,0.0,2026
824953,2026-09-23,108,LAA,0,133,OAK,3,-1,1,364.7793033141838,2026
824951,2026-09-24,108,LAA,0,133,OAK,1,-2,2,0.0,2026
823087,2026-09-25,108,LAA,0,136,SEA,1,-3,1,679.9392003432476,2026
823085,2026-09-26,108,LAA,0,136,SEA,1,-4,2,0.0,2026
823083,2026-09-27,108,LAA,0,136,SEA,1,-5,3,0.0,2026
823084,2026-09-27,108,LAA,0,136,SEA,0,-6,4,0.0,2026
823974,2026-03-27,109,ARI,0,119,LAD,0,-1,1,357.22532088939374,2026
823971,2026-03-28,109,ARI,0,119,LAD,1,-2,2,0.0,2026
823973,2026-03-29,109,ARI,0,119,LAD,1,-3,3,0.0,2026
825108,2026-03-31,109,ARI,1,116,DET,2,1,1,357.22532088939374,2026
825107,2026-04-01,109,ARI,1,116,DET,1,2,2,0.0,2026
825106,2026-04-01,109,ARI,1,116,DET,0,3,3,0.0,2026
825105,2026-04-03,109,ARI,1,144,ATL,2,4,1,0.0,2026
825103,2026-04-04,109,ARI,1,144,ATL,1,5,2,0.0,2026
825104,2026-04-04,109,ARI,1,144,ATL,0,6,3,0.0,2026
825102,2026-04-05,109,ARI,1,144,ATL,1,7,4,0.0,2026
823648,2026-04-07,109,ARI,0,121,NYM,2,-1,1,2148.1029258287786,2026
823646,2026-04-08,109,ARI,0,121,NYM,1,-2,2,0.0,2026
823645,2026-04-09,109,ARI,0,121,NYM,1,-3,3,0.0,2026
823482,2026-04-10,109,ARI,0,143,PHI,1,-4,1,91.08673366367736,2026
823480,2026-04-11,109,ARI,0,143,PHI,1,-5,2,0.0,2026
823479,2026-04-12,109,ARI,0,143,PHI,1,-6,3,0.0,2026
824856,2026-04-13,109,ARI,0,110,BAL,1,-7,1,88.61618494239067,2026
824853,2026-04-14,109,ARI,0,110,BAL,1,-8,2,0.0,2026
824855,2026-04-15,109,ARI,0,110,BAL,1,-9,3,0.0,2026
825101,2026-04-18,109,ARI,1,141,TOR,3,1,1,1999.746562834509,2026
825098,2026-04-19,109,ARI,1,141,TOR,1,2,2,0.0,2026
825100,2026-04-19,109,ARI,1,141,TOR,0,3,3,0.0,2026
825099,2026-04-22,109,ARI,1,145,CWS,3,4,1,0.0,2026
825097,2026-04-23,109,ARI,1,145,CWS,1,5,2,0.0,2026
825096,2026-04-23,109,ARI,1,145,CWS,0,6,3,0.0,2026
825093,2026-04-25,109,ARI,1,135,SD,2,7,1,0.0,2026
825094,2026-04-26,109,ARI,1,135,SD,1,8,2,0.0,2026
823798,2026-04-28,109,ARI,0,158,MIL,2,-1,1,1458.5788896029478,2026
823796,2026-04-29,109,ARI,0,158,MIL,1,-2,2,0.0,2026
823795,2026-04-30,109,ARI,0,158,MIL,1,-3,3,0.0,2026
824686,2026-05-01,109,ARI,0,112,CHC,1,-4,1,76.31439882124853,2026
824685,2026-05-02,109,ARI,0,112,CHC,1,-5,2,0.0,2026
824687,2026-05-03,109,ARI,0,112,CHC,1,-6,3,0.0,2026
825092,2026-05-06,109,ARI,1,134,PIT,3,1,1,1451.6299446026987,2026
825091,2026-05-07,109,ARI,1,134,PIT,1,2,2,0.0,2026
825090,2026-05-07,109,ARI,1,134,PIT,0,3,3,0.0,2026
825088,2026-05-09,109,ARI,1,121,NYM,2,4,1,0.0,2026
825089,2026-05-09,109,ARI,1,121,NYM,0,5,2,0.0,2026
825085,2026-05-10,109,ARI,1,121,NYM,1,6,3,0.0,2026
822901,2026-05-12,109,ARI,0,140,TEX,2,-1,1,867.9010244338684,2026
822903,2026-05-13,109,ARI,0,140,TEX,1,-2,2,0.0,2026
822900,2026-05-14,109,ARI,0,140,TEX,1,-3,3,0.0,2026
824360,2026-05-16,109,ARI,0,115,COL,2,-4,1,654.0900182055016,2026
824359,2026-05-16,109,ARI,0,115,COL,0,-5,2,0.0,2026
824358,2026-05-17,109,ARI,0,115,COL,1,-6,3,0.0,2026
825087,2026-05-19,109,ARI,1,137,SF,2,1,1,586.1530990190981,2026
825086,2026-05-20,109,ARI,1,137,SF,1,2,2,0.0,2026
825084,2026-05-20,109,ARI,1,137,SF,0,3,3,0.0,2026
825083,2026-05-22,109,ARI,1,115,COL,2,4,1,0.0,2026
825082,2026-05-23,109,ARI,1,115,COL,1,5,2,0.0,2026
825080,2026-05-24,109,ARI,1,115,COL,1,6,3,0.0,2026
825081,2026-05-24,109,ARI,1,115,COL,0,7,4,0.0,2026
823219,2026-05-25,109,ARI,0,137,SF,1,-1,1,652.0636757078365,2026
823216,2026-05-27,109,ARI,0,137,SF,2,-2,2,0.0,2026
823217,2026-05-27,109,ARI,0,137,SF,0,-3,3,0.0,2026
823135,2026-05-30,109,ARI,0,136,SEA,3,-4,1,678.0468674235019,2026
823132,2026-05-31,109,ARI,0,136,SEA,1,-5,2,0.0,2026
823133,2026-05-31,109,ARI,0,136,SEA,0,-6,3,0.0,2026
825078,2026-06-02,109,ARI,1,119,LAD,2,1,1,1114.0691793592323,2026
825079,2026-06-03,109,ARI,1,119,LAD,1,2,2,0.0,2026
825077,2026-06-04,109,ARI,1,119,LAD,1,3,3,0.0,2026
825076,2026-06-05,109,ARI,1,119,LAD,1,4,4,0.0,2026
825073,2026-06-06,109,ARI,1,120,WSH,1,5,1,0.0,2026
825075,2026-06-06,109,ARI,1,120,WSH,0,6,2,0.0,2026
825074,2026-06-07,109,ARI,1,120,WSH,1,7,3,0.0,2026
823858,2026-06-09,109,ARI,0,146,MIA,2,-1,1,1976.4824704501402,2026
823856,2026-06-10,109,ARI,0,146,MIA,1,-2,2,0.0,2026
823855,2026-06-11,109,ARI,0,146,MIA,1,-3,3,0.0,2026
824507,2026-06-12,109,ARI,0,113,CIN,1,-4,1,953.4072522903118,2026
824508,2026-06-13,109,ARI,0,113,CIN,1,-5,2,0.0,2026
824506,2026-06-14,109,ARI,0,113,CIN,1,-6,3,0.0,2026
825071,2026-06-16,109,ARI,1,108,LAA,2,1,1,1577.4551559276624,2026
825070,2026-06-17,109,ARI,1,108,LAA,1,2,2,0.0,2026
825072,2026-06-17,109,ARI,1,108,LAA,0,3,3,0.0,2026
825069,2026-06-20,109,ARI,1,142,MIN,3,4,1,0.0,2026
825068,2026-06-21,109,ARI,1,142,MIN,1,5,2,0.0,2026
825067,2026-06-21,109,ARI,1,142,MIN,0,6,3,0.0,2026
823040,2026-06-22,109,ARI,0,138,STL,1,-1,1,1270.0024589462362,2026
823043,2026-06-23,109,ARI,0,138,STL,1,-2,2,0.0,2026
823041,2026-06-24,109,ARI,0,138,STL,1,-3,3,0.0,2026
823042,2026-06-25,109,ARI,0,138,STL,1,-4,4,0.0,2026
822962,2026-06-26,109,ARI,0,139,TB,1,-5,1,866.6994960845234,2026
822960,2026-06-27,109,ARI,0,139,TB,1,-6,2,0.0,2026
822959,2026-06-28,109,ARI,0,139,TB,1,-7,3,0.0,2026
825065,2026-06-30,109,ARI,1,137,SF,2,1,1,1786.289647627458,2026
825066,2026-07-01,109,ARI,1,137,SF,1,2,2,0.0,2026
825064,2026-07-02,109,ARI,1,137,SF,1,3,3,0.0,2026
825062,2026-07-04,109,ARI,1,158,MIL,2,4,1,0.0,2026
825063,2026-07-05,109,ARI,1,158,MIL,1,5,2,0.0,2026
825061,2026-07-05,109,ARI,1,158,MIL,0,6,3,0.0,2026
823282,2026-07-07,109,ARI,0,135,SD,2,-1,1,299.07000924838377,2026
823280,2026-07-08,109,ARI,0,135,SD,1,-2,2,0.0,2026
823279,2026-07-09,109,ARI,0,135,SD,1,-3,3,0.0,2026
823277,2026-07-10,109,ARI,0,135,SD,1,-4,4,0.0,2026
823927,2026-07-11,109,ARI,0,119,LAD,1,-5,1,113.20881075215142,2026
823926,2026-07-12,109,ARI,0,119,LAD,1,-6,2,0.0,2026
823925,2026-07-12,109,ARI,0,119,LAD,0,-7,3,0.0,2026
825060,2026-07-18,109,ARI,1,138,STL,6,1,1,357.22532088939374,2026
825059,2026-07-18,109,ARI,1,138,STL,0,2,2,0.0,2026
825057,2026-07-19,109,ARI,1,138,STL,1,3,3,0.0,2026
825058,2026-07-21,109,ARI,1,133,OAK,2,4,1,0.0,2026
825056,2026-07-22,109,ARI,1,133,OAK,1,5,2,0.0,2026
825055,2026-07-22,109,ARI,1,133,OAK,0,6,3,0.0,2026
822707,2026-07-24,109,ARI,0,120,WSH,2,-1,1,1978.963589227503,2026
822704,2026-07-25,109,ARI,0,120,WSH,1,-2,2,0.0,2026
822706,2026-07-26,109,ARI,0,120,WSH,1,-3,3,0.0,2026
823353,2026-07-27,109,ARI,0,134,PIT,1,-4,1,193.0230929231441,2026
823350,2026-07-28,109,ARI,0,134,PIT,1,-5,2,0.0,2026
823351,2026-07-29,109,ARI,0,134,PIT,1,-6,3,0.0,2026
824407,2026-07-31,109,ARI,0,114,CLE,2,-7,1,113.72517024270446,2026
824405,2026-08-01,109,ARI,0,114,CLE,1,-8,2,0.0,2026
824404,2026-08-02,109,ARI,0,114,CLE,1,-9,3,0.0,2026
825095,2026-08-04,109,ARI,1,135,SD,2,1,1,1745.9617283251753,2026
825054,2026-08-05,109,ARI,1,135,SD,1,2,2,0.0,2026
825052,2026-08-06,109,ARI,1,135,SD,1,3,3,0.0,2026
825053,2026-08-07,109,ARI,1,135,SD,1,4,4,0.0,2026
825051,2026-08-08,109,ARI,1,119,LAD,1,5,1,0.0,2026
825049,2026-08-09,109,ARI,1,119,LAD,1,6,2,0.0,2026
825050,2026-08-09,109,ARI,1,119,LAD,0,7,3,0.0,2026
825048,2026-08-11,109,ARI,1,115,COL,2,8,1,0.0,2026
825047,2026-08-12,109,ARI,1,115,COL,1,9,2,0.0,2026
825046,2026-08-12,109,ARI,1,115,COL,0,10,3,0.0,2026
824882,2026-08-14,109,ARI,0,144,ATL,2,-1,1,1582.6424392854756,2026
824884,2026-08-15,109,ARI,0,144,ATL,1,-2,2,0.0,2026
824880,2026-08-16,109,ARI,0,144,ATL,1,-3,3,0.0,2026
824725,2026-08-17,109,ARI,0,111,BOS,1,-4,1,930.6114003294933,2026
824723,2026-08-18,109,ARI,0,111,BOS,1,-5,2,0.0,2026
824722,2026-08-19,109,ARI,0,111,BOS,1,-6,3,0.0,2026
825045,2026-08-22,109,ARI,1,113,CIN,3,1,1,2293.0518319285165,2026
825044,2026-08-23,109,ARI,1,113,CIN,1,2,2,0.0,2026
825043,2026-08-23,109,ARI,1,113,CIN,0,3,3,0.0,2026
825041,2026-08-25,109,ARI,1,112,CHC,2,4,1,0.0,2026
825042,2026-08-26,109,ARI,1,112,CHC,1,5,2,0.0,2026
825039,2026-08-26,109,ARI,1,112,CHC,0,6,3,0.0,2026
823179,2026-08-28,109,ARI,0,137,SF,2,-1,1,652.0636757078365,2026
823178,2026-08-29,109,ARI,0,137,SF,1,-2,2,0.0,2026
823176,2026-08-30,109,ARI,0,137,SF,1,-3,3,0.0,2026
823177,2026-08-30,109,ARI,0,137,SF,0,-4,4,0.0,2026
825040,2026-09-01,109,ARI,1,143,PHI,2,1,1,652.0636757078365,2026
825038,2026-09-02,109,ARI,1,143,PHI,1,2,2,0.0,2026
825037,2026-09-02,109,ARI,1,143,PHI,0,3,3,0.0,2026
824145,2026-09-05,109,ARI,0,117,HOU,3,-1,1,1014.6732943333567,2026
824146,2026-09-05,109,ARI,0,117,HOU,0,-2,2,0.0,2026
824142,2026-09-06,109,ARI,0,117,HOU,1,-3,3,0.0,2026
824062,2026-09-07,109,ARI,0,118,KC,1,-4,1,644.1456886709294,2026
824063,2026-09-08,109,ARI,0,118,KC,1,-5,2,0.0,2026
824064,2026-09-09,109,ARI,0,118,KC,1,-6,3,0.0,2026
825036,2026-09-12,109,ARI,1,140,TEX,3,1,1,1051.5706596300413,2026
825035,2026-09-13,109,ARI,1,140,TEX,1,2,2,0.0,2026
825033,2026-09-13,109,ARI,1,140,TEX,0,3,3,0.0,2026
825034,2026-09-15,109,ARI,1,146,MIA,2,4,1,0.0,2026
825030,2026-09-16,109,ARI,1,146,MIA,1,5,2,0.0,2026
825031,2026-09-17,109,ARI,1,146,MIA,1,6,3,0.0,2026
825032,2026-09-19,109,ARI,1,147,NYY,2,7,1,0.0,2026
825029,2026-09-20,109,ARI,1,147,NYY,1,8,2,0.0,2026
825028,2026-09-20,109,ARI,1,147,NYY,0,9,3,0.0,2026
824302,2026-09-23,109,ARI,0,115,COL,3,-1,1,586.1530990190981,2026
824301,2026-09-24,109,ARI,0,115,COL,1,-2,2,0.0,2026
824298,2026-09-24,109,ARI,0,115,COL,0,-3,3,0.0,2026
823248,2026-09-26,109,ARI,0,135,SD,2,-4,1,833.4460828296096,2026
823245,2026-09-27,109,ARI,0,135,SD,1,-5,2,0.0,2026
823246,2026-09-27,109,ARI,0,135,SD,0,-6,3,0.0,2026
824865,2026-03-26,110,BAL,1,142,MIN,0,1,1,0.0,2026
824862,2026-03-28,110,BAL,1,142,MIN,2,2,2,0.0,2026
824864,2026-03-29,110,BAL,1,142,MIN,1,3,3,0.0,2026
824863,2026-03-30,110,BAL,1,140,TEX,1,4,1,0.0,2026
824861,2026-03-31,110,BAL,1,140,TEX,1,5,2,0.0,2026
824860,2026-04-01,110,BAL,1,140,TEX,1,6,3,0.0,2026
823406,2026-04-03,110,BAL,0,134,PIT,2,-1,1,196.62316008554197,2026
823404,2026-04-04,110,BAL,0,134,PIT,1,-2,2,0.0,2026
823405,2026-04-05,110,BAL,0,134,PIT,1,-3,3,0.0,2026
824619,2026-04-06,110,BAL,0,145,CWS,1,-4,1,408.14464367793005,2026
824618,2026-04-07,110,BAL,0,145,CWS,1,-5,2,0.0,2026
824617,2026-04-08,110,BAL,0,145,CWS,1,-6,3,0.0,2026
824858,2026-04-10,110,BAL,1,137,SF,2,1,1,603.7749623343499,2026
824857,2026-04-11,110,BAL,1,137,SF,1,2,2,0.0,2026
824859,2026-04-12,110,BAL,1,137,SF,1,3,3,0.0,2026
824856,2026-04-13,110,BAL,1,109,ARI,1,4,1,0.0,2026
824853,2026-04-14,110,BAL,1,109,ARI,1,5,2,0.0,2026
824855,2026-04-15,110,BAL,1,109,ARI,1,6,3,0.0,2026
824453,2026-04-16,110,BAL,0,114,CLE,1,-1,1,307.1364885665357,2026
824454,2026-04-17,110,BAL,0,114,CLE,1,-2,2,0.0,2026
824451,2026-04-18,110,BAL,0,114,CLE,1,-3,3,0.0,2026
824452,2026-04-19,110,BAL,0,114,CLE,1,-4,4,0.0,2026
824125,2026-04-20,110,BAL,0,118,KC,1,-5,1,694.6429853897519,2026
824127,2026-04-21,110,BAL,0,118,KC,1,-6,2,0.0,2026
824123,2026-04-22,110,BAL,0,118,KC,1,-7,3,0.0,2026
824854,2026-04-24,110,BAL,1,111,BOS,2,1,1,955.2837530445377,2026
824851,2026-04-25,110,BAL,1,111,BOS,1,2,2,0.0,2026
824852,2026-04-26,110,BAL,1,111,BOS,1,3,3,0.0,2026
824849,2026-04-28,110,BAL,1,117,HOU,2,4,1,0.0,2026
824848,2026-04-30,110,BAL,1,117,HOU,1,6,3,0.0,2026
824850,2026-04-30,110,BAL,1,117,HOU,0,7,4,0.0,2026
823557,2026-05-01,110,BAL,0,147,NYY,1,-1,1,178.12306591164185,2026
823554,2026-05-02,110,BAL,0,147,NYY,1,-2,2,0.0,2026
823555,2026-05-03,110,BAL,0,147,NYY,1,-3,3,0.0,2026
823552,2026-05-04,110,BAL,0,147,NYY,1,-4,4,0.0,2026
823873,2026-05-05,110,BAL,0,146,MIA,1,-5,1,1100.8862542043641,2026
823872,2026-05-06,110,BAL,0,146,MIA,1,-6,2,0.0,2026
823870,2026-05-07,110,BAL,0,146,MIA,1,-7,3,0.0,2026
824846,2026-05-08,110,BAL,1,133,OAK,1,1,1,956.2208116188826,2026
824847,2026-05-09,110,BAL,1,133,OAK,1,2,2,0.0,2026
824845,2026-05-10,110,BAL,1,133,OAK,1,3,3,0.0,2026
824844,2026-05-11,110,BAL,1,147,NYY,1,4,1,0.0,2026
824843,2026-05-12,110,BAL,1,147,NYY,1,5,2,0.0,2026
824841,2026-05-13,110,BAL,1,147,NYY,1,6,3,0.0,2026
822739,2026-05-15,110,BAL,0,120,WSH,2,-1,1,35.12148729233362,2026
822737,2026-05-16,110,BAL,0,120,WSH,1,-2,2,0.0,2026
822738,2026-05-17,110,BAL,0,120,WSH,1,-3,3,0.0,2026
822980,2026-05-18,110,BAL,0,139,TB,1,-4,1,833.2111191732948,2026
822979,2026-05-19,110,BAL,0,139,TB,1,-5,2,0.0,2026
822977,2026-05-20,110,BAL,0,139,TB,1,-6,3,0.0,2026
824842,2026-05-22,110,BAL,1,116,DET,2,1,1,867.6749708982579,2026
824839,2026-05-24,110,BAL,1,116,DET,1,3,3,0.0,2026
824840,2026-05-24,110,BAL,1,116,DET,0,4,4,0.0,2026
824838,2026-05-25,110,BAL,1,139,TB,1,5,1,0.0,2026
824837,2026-05-26,110,BAL,1,139,TB,1,6,2,0.0,2026
824836,2026-05-27,110,BAL,1,139,TB,1,7,3,0.0,2026
824834,2026-05-28,110,BAL,1,141,TOR,1,8,1,0.0,2026
824835,2026-05-29,110,BAL,1,141,TOR,1,9,2,0.0,2026
824833,2026-05-30,110,BAL,1,141,TOR,1,10,3,0.0,2026
824832,2026-05-31,110,BAL,1,141,TOR,1,11,4,0.0,2026
824754,2026-06-02,110,BAL,0,111,BOS,2,-1,1,358.0026308075598,2026
824755,2026-06-03,110,BAL,0,111,BOS,1,-2,2,0.0,2026
824753,2026-06-04,110,BAL,0,111,BOS,1,-3,3,0.0,2026
822810,2026-06-05,110,BAL,0,141,TOR,1,-4,1,428.32913029317257,2026
822808,2026-06-06,110,BAL,0,141,TOR,1,-5,2,0.0,2026
822807,2026-06-07,110,BAL,0,141,TOR,1,-6,3,0.0,2026
824829,2026-06-08,110,BAL,1,136,SEA,1,1,1,333.41200779259856,2026
824830,2026-06-09,110,BAL,1,136,SEA,1,2,2,0.0,2026
824831,2026-06-10,110,BAL,1,136,SEA,1,3,3,0.0,2026
824827,2026-06-11,110,BAL,1,136,SEA,1,4,4,0.0,2026
824826,2026-06-12,110,BAL,1,135,SD,1,5,1,0.0,2026
824828,2026-06-13,110,BAL,1,135,SD,1,6,2,0.0,2026
824823,2026-06-14,110,BAL,1,135,SD,1,7,3,0.0,2026
823128,2026-06-17,110,BAL,0,136,SEA,3,-1,1,2328.21147385152,2026
823127,2026-06-18,110,BAL,0,136,SEA,1,-2,2,0.0,2026
823125,2026-06-18,110,BAL,0,136,SEA,0,-3,3,0.0,2026
823936,2026-06-20,110,BAL,0,119,LAD,2,-4,1,957.8545939923275,2026
823937,2026-06-21,110,BAL,0,119,LAD,1,-5,2,0.0,2026
823934,2026-06-21,110,BAL,0,119,LAD,0,-6,3,0.0,2026
824016,2026-06-23,110,BAL,0,108,LAA,2,-7,1,27.87381208188066,2026
824017,2026-06-24,110,BAL,0,108,LAA,1,-8,2,0.0,2026
824018,2026-06-24,110,BAL,0,108,LAA,0,-9,3,0.0,2026
824824,2026-06-26,110,BAL,1,120,WSH,2,1,1,2301.5254404543607,2026
824825,2026-06-27,110,BAL,1,120,WSH,1,2,2,0.0,2026
824821,2026-06-28,110,BAL,1,120,WSH,1,3,3,0.0,2026
824822,2026-06-29,110,BAL,1,145,CWS,1,4,1,0.0,2026
824819,2026-06-30,110,BAL,1,145,CWS,1,5,2,0.0,2026
824818,2026-07-01,110,BAL,1,145,CWS,1,6,3,0.0,2026
824498,2026-07-03,110,BAL,0,113,CIN,2,-1,1,422.40795362654626,2026
824499,2026-07-04,110,BAL,0,113,CIN,1,-2,2,0.0,2026
824497,2026-07-05,110,BAL,0,113,CIN,1,-3,3,0.0,2026
824820,2026-07-07,110,BAL,1,112,CHC,2,1,1,422.40795362654626,2026
824815,2026-07-08,110,BAL,1,112,CHC,1,2,2,0.0,2026
824816,2026-07-09,110,BAL,1,112,CHC,1,3,3,0.0,2026
824817,2026-07-10,110,BAL,1,118,KC,1,4,1,0.0,2026
824813,2026-07-11,110,BAL,1,118,KC,1,5,2,0.0,2026
824814,2026-07-12,110,BAL,1,118,KC,1,6,3,0.0,2026
824170,2026-07-18,110,BAL,0,117,HOU,6,-1,1,1249.46334342378,2026
824169,2026-07-18,110,BAL,0,117,HOU,0,-2,2,0.0,2026
824168,2026-07-19,110,BAL,0,117,HOU,1,-3,3,0.0,2026
824736,2026-07-20,110,BAL,0,111,BOS,1,-4,1,1601.3745489627004,2026
824735,2026-07-21,110,BAL,0,111,BOS,1,-5,2,0.0,2026
824732,2026-07-22,110,BAL,0,111,BOS,1,-6,3,0.0,2026
824812,2026-07-24,110,BAL,1,144,ATL,2,1,1,358.0026308075598,2026
824811,2026-07-25,110,BAL,1,144,ATL,1,2,2,0.0,2026
824810,2026-07-26,110,BAL,1,144,ATL,1,3,3,0.0,2026
824245,2026-07-27,110,BAL,0,116,DET,1,-1,1,396.72723870572077,2026
824243,2026-07-28,110,BAL,0,116,DET,1,-2,2,0.0,2026
824242,2026-07-29,110,BAL,0,116,DET,1,-3,3,0.0,2026
824809,2026-07-31,110,BAL,1,143,PHI,2,1,1,396.72723870572077,2026
824808,2026-08-01,110,BAL,1,143,PHI,1,2,2,0.0,2026
824807,2026-08-02,110,BAL,1,143,PHI,1,3,3,0.0,2026
824805,2026-08-04,110,BAL,1,108,LAA,2,4,1,0.0,2026
824806,2026-08-05,110,BAL,1,108,LAA,1,5,2,0.0,2026
824804,2026-08-06,110,BAL,1,108,LAA,1,6,3,0.0,2026
822863,2026-08-08,110,BAL,0,140,TEX,2,-1,1,1225.9583636520863,2026
822864,2026-08-08,110,BAL,0,140,TEX,0,-2,2,0.0,2026
822862,2026-08-09,110,BAL,0,140,TEX,1,-3,3,0.0,2026
823675,2026-08-10,110,BAL,0,142,MIN,1,-4,1,869.2690937301206,2026
823673,2026-08-11,110,BAL,0,142,MIN,1,-5,2,0.0,2026
823672,2026-08-12,110,BAL,0,142,MIN,1,-6,3,0.0,2026
822942,2026-08-14,110,BAL,0,139,TB,2,-7,1,1325.4285844846306,2026
822941,2026-08-15,110,BAL,0,139,TB,1,-8,2,0.0,2026
822940,2026-08-16,110,BAL,0,139,TB,1,-9,3,0.0,2026
822939,2026-08-17,110,BAL,0,139,TB,1,-10,4,0.0,2026
824803,2026-08-18,110,BAL,1,147,NYY,1,1,1,867.6749708982579,2026
824801,2026-08-19,110,BAL,1,147,NYY,1,2,2,0.0,2026
824802,2026-08-20,110,BAL,1,147,NYY,1,3,3,0.0,2026
824800,2026-08-21,110,BAL,1,139,TB,1,4,1,0.0,2026
824798,2026-08-22,110,BAL,1,139,TB,1,5,2,0.0,2026
824799,2026-08-23,110,BAL,1,139,TB,1,6,3,0.0,2026
823016,2026-08-25,110,BAL,0,138,STL,2,-1,1,729.9729666923824,2026
823015,2026-08-26,110,BAL,0,138,STL,1,-2,2,0.0,2026
823014,2026-08-27,110,BAL,0,138,STL,1,-3,3,0.0,2026
824960,2026-08-29,110,BAL,0,133,OAK,2,-4,1,1730.5555289171796,2026
824961,2026-08-30,110,BAL,0,133,OAK,1,-5,2,0.0,2026
824959,2026-08-30,110,BAL,0,133,OAK,0,-6,3,0.0,2026
824314,2026-09-01,110,BAL,0,115,COL,2,-7,1,935.9586291857619,2026
824313,2026-09-02,110,BAL,0,115,COL,1,-8,2,0.0,2026
824312,2026-09-02,110,BAL,0,115,COL,0,-9,3,0.0,2026
824796,2026-09-03,110,BAL,1,111,BOS,1,1,1,1506.3093015021614,2026
824797,2026-09-04,110,BAL,1,111,BOS,1,2,2,0.0,2026
824795,2026-09-05,110,BAL,1,111,BOS,1,3,3,0.0,2026
824794,2026-09-06,110,BAL,1,111,BOS,1,4,4,0.0,2026
824793,2026-09-07,110,BAL,1,114,CLE,1,5,1,0.0,2026
824792,2026-09-08,110,BAL,1,114,CLE,1,6,2,0.0,2026
824791,2026-09-09,110,BAL,1,114,CLE,1,7,3,0.0,2026
822767,2026-09-11,110,BAL,0,141,TOR,2,-1,1,333.41200779259856,2026
822768,2026-09-12,110,BAL,0,141,TOR,1,-2,2,0.0,2026
822764,2026-09-13,110,BAL,0,141,TOR,1,-3,3,0.0,2026
823575,2026-09-14,110,BAL,0,121,NYM,1,-4,1,346.6363887095845,2026
823574,2026-09-15,110,BAL,0,121,NYM,1,-5,2,0.0,2026
823576,2026-09-16,110,BAL,0,121,NYM,1,-6,3,0.0,2026
824790,2026-09-18,110,BAL,1,158,MIL,2,1,1,178.7068782315623,2026
824788,2026-09-19,110,BAL,1,158,MIL,1,2,2,0.0,2026
824789,2026-09-20,110,BAL,1,158,MIL,1,3,3,0.0,2026
824787,2026-09-21,110,BAL,1,141,TOR,1,4,1,0.0,2026
824785,2026-09-22,110,BAL,1,141,TOR,1,5,2,0.0,2026
824784,2026-09-23,110,BAL,1,141,TOR,1,6,3,0.0,2026
823491,2026-09-25,110,BAL,0,147,NYY,2,-1,1,178.12306591164185,2026
823489,2026-09-26,110,BAL,0,147,NYY,1,-2,2,0.0,2026
823490,2026-09-27,110,BAL,0,147,NYY,1,-3,3,0.0,2026
824541,2026-03-26,111,BOS,0,113,CIN,0,-1,1,736.3670721136276,2026
824540,2026-03-28,111,BOS,0,113,CIN,2,-2,2,0.0,2026
824538,2026-03-29,111,BOS,0,113,CIN,1,-3,3,0.0,2026
824214,2026-03-31,111,BOS,0,117,HOU,2,-4,1,892.3931536123845,2026
824212,2026-04-01,111,BOS,0,117,HOU,1,-5,2,0.0,2026
824211,2026-04-01,111,BOS,0,117,HOU,0,-6,3,0.0,2026
824786,2026-04-03,111,BOS,1,135,SD,2,1,1,1601.3745489627004,2026
824782,2026-04-04,111,BOS,1,135,SD,1,2,2,0.0,2026
824781,2026-04-05,111,BOS,1,135,SD,1,3,3,0.0,2026
824783,2026-04-06,111,BOS,1,158,MIL,1,4,1,0.0,2026
824780,2026-04-07,111,BOS,1,158,MIL,1,5,2,0.0,2026
824779,2026-04-08,111,BOS,1,158,MIL,1,6,3,0.0,2026
823076,2026-04-11,111,BOS,0,138,STL,3,-1,1,1033.5666994855094,2026
823074,2026-04-11,111,BOS,0,138,STL,0,-2,2,0.0,2026
823075,2026-04-12,111,BOS,0,138,STL,1,-3,3,0.0,2026
823725,2026-04-13,111,BOS,0,142,MIN,1,-4,1,467.15187795921247,2026
823723,2026-04-14,111,BOS,0,142,MIN,1,-5,2,0.0,2026
823722,2026-04-15,111,BOS,0,142,MIN,1,-6,3,0.0,2026
824778,2026-04-17,111,BOS,1,116,DET,2,1,1,1119.9102367149933,2026
824775,2026-04-18,111,BOS,1,116,DET,1,2,2,0.0,2026
824777,2026-04-19,111,BOS,1,116,DET,1,3,3,0.0,2026
824776,2026-04-20,111,BOS,1,116,DET,1,4,4,0.0,2026
824773,2026-04-21,111,BOS,1,147,NYY,1,5,1,0.0,2026
824774,2026-04-22,111,BOS,1,147,NYY,1,6,2,0.0,2026
824770,2026-04-23,111,BOS,1,147,NYY,1,7,3,0.0,2026
824854,2026-04-24,111,BOS,0,110,BAL,1,-1,1,358.0026308075598,2026
824851,2026-04-25,111,BOS,0,110,BAL,1,-2,2,0.0,2026
824852,2026-04-26,111,BOS,0,110,BAL,1,-3,3,0.0,2026
822825,2026-04-27,111,BOS,0,141,TOR,1,-4,1,333.41200779259856,2026
822823,2026-04-28,111,BOS,0,141,TOR,1,-5,2,0.0,2026
822821,2026-04-29,111,BOS,0,141,TOR,1,-6,3,0.0,2026
824772,2026-05-01,111,BOS,1,117,HOU,2,1,1,428.32913029317257,2026
824771,2026-05-02,111,BOS,1,117,HOU,1,2,2,0.0,2026
824769,2026-05-03,111,BOS,1,117,HOU,1,3,3,0.0,2026
824283,2026-05-04,111,BOS,0,116,DET,1,-1,1,609.8730788976414,2026
824281,2026-05-05,111,BOS,0,116,DET,1,-2,2,0.0,2026
824282,2026-05-06,111,BOS,0,116,DET,1,-3,3,0.0,2026
824767,2026-05-07,111,BOS,1,139,TB,1,1,1,609.8730788976414,2026
824768,2026-05-08,111,BOS,1,139,TB,1,2,2,0.0,2026
824765,2026-05-10,111,BOS,1,139,TB,1,4,4,0.0,2026
824764,2026-05-12,111,BOS,1,143,PHI,2,5,1,0.0,2026
824763,2026-05-13,111,BOS,1,143,PHI,1,6,2,0.0,2026
824762,2026-05-14,111,BOS,1,143,PHI,1,7,3,0.0,2026
824925,2026-05-15,111,BOS,0,144,ATL,1,-1,1,930.6114003294933,2026
824924,2026-05-16,111,BOS,0,144,ATL,1,-2,2,0.0,2026
824923,2026-05-17,111,BOS,0,144,ATL,1,-3,3,0.0,2026
824114,2026-05-18,111,BOS,0,118,KC,1,-4,1,660.1950472349462,2026
824112,2026-05-19,111,BOS,0,118,KC,1,-5,2,0.0,2026
824111,2026-05-20,111,BOS,0,118,KC,1,-6,3,0.0,2026
824761,2026-05-22,111,BOS,1,142,MIN,2,1,1,1241.802604380426,2026
824760,2026-05-23,111,BOS,1,142,MIN,1,2,2,0.0,2026
824759,2026-05-24,111,BOS,1,142,MIN,1,3,3,0.0,2026
824758,2026-05-26,111,BOS,1,144,ATL,2,4,1,0.0,2026
824756,2026-05-27,111,BOS,1,144,ATL,1,5,2,0.0,2026
824757,2026-05-28,111,BOS,1,144,ATL,1,6,3,0.0,2026
824433,2026-05-29,111,BOS,0,114,CLE,1,-1,1,547.1609370940174,2026
824431,2026-05-30,111,BOS,0,114,CLE,1,-2,2,0.0,2026
824430,2026-05-31,111,BOS,0,114,CLE,1,-3,3,0.0,2026
824754,2026-06-02,111,BOS,1,110,BAL,2,1,1,547.1609370940174,2026
824755,2026-06-03,111,BOS,1,110,BAL,1,2,2,0.0,2026
824753,2026-06-04,111,BOS,1,110,BAL,1,3,3,0.0,2026
823538,2026-06-05,111,BOS,0,147,NYY,1,-1,1,179.88456828974768,2026
823539,2026-06-06,111,BOS,0,147,NYY,1,-2,2,0.0,2026
823537,2026-06-07,111,BOS,0,147,NYY,1,-3,3,0.0,2026
822972,2026-06-08,111,BOS,0,139,TB,1,-4,1,1029.5381159096478,2026
822969,2026-06-09,111,BOS,0,139,TB,1,-5,2,0.0,2026
822970,2026-06-10,111,BOS,0,139,TB,1,-6,3,0.0,2026
824752,2026-06-12,111,BOS,1,140,TEX,2,1,1,1198.2270597762317,2026
824749,2026-06-13,111,BOS,1,140,TEX,1,2,2,0.0,2026
824751,2026-06-14,111,BOS,1,140,TEX,1,3,3,0.0,2026
824750,2026-06-16,111,BOS,1,141,TOR,2,4,1,0.0,2026
824746,2026-06-17,111,BOS,1,141,TOR,1,5,2,0.0,2026
824748,2026-06-18,111,BOS,1,141,TOR,1,6,3,0.0,2026
823124,2026-06-20,111,BOS,0,136,SEA,2,-1,1,2484.5557470593844,2026
823126,2026-06-21,111,BOS,0,136,SEA,1,-2,2,0.0,2026
823123,2026-06-21,111,BOS,0,136,SEA,0,-3,3,0.0,2026
824344,2026-06-23,111,BOS,0,115,COL,2,-4,1,1018.269066908343,2026
824340,2026-06-24,111,BOS,0,115,COL,1,-5,2,0.0,2026
824341,2026-06-24,111,BOS,0,115,COL,0,-6,3,0.0,2026
824747,2026-06-25,111,BOS,1,147,NYY,1,1,1,1763.6058000246999,2026
824743,2026-06-26,111,BOS,1,147,NYY,1,2,2,0.0,2026
824745,2026-06-27,111,BOS,1,147,NYY,1,3,3,0.0,2026
824744,2026-06-28,111,BOS,1,147,NYY,1,4,4,0.0,2026
824741,2026-06-29,111,BOS,1,120,WSH,1,5,1,0.0,2026
824742,2026-06-30,111,BOS,1,120,WSH,1,6,2,0.0,2026
824740,2026-07-01,111,BOS,1,120,WSH,1,7,3,0.0,2026
824013,2026-07-04,111,BOS,0,108,LAA,3,-1,1,2578.6729683380804,2026
824012,2026-07-05,111,BOS,0,108,LAA,1,-2,2,0.0,2026
824010,2026-07-06,111,BOS,0,108,LAA,1,-3,3,0.0,2026
824579,2026-07-07,111,BOS,0,145,CWS,1,-4,1,1731.3431702590296,2026
824578,2026-07-08,111,BOS,0,145,CWS,1,-5,2,0.0,2026
824577,2026-07-09,111,BOS,0,145,CWS,1,-6,3,0.0,2026
823604,2026-07-10,111,BOS,0,121,NYM,1,-7,1,718.8569327739972,2026
823603,2026-07-11,111,BOS,0,121,NYM,1,-8,2,0.0,2026
823602,2026-07-12,111,BOS,0,121,NYM,1,-9,3,0.0,2026
824766,2026-07-17,111,BOS,1,139,TB,5,1,1,179.60743829521417,2026
824737,2026-07-17,111,BOS,1,139,TB,0,2,2,0.0,2026
824738,2026-07-18,111,BOS,1,139,TB,1,3,3,0.0,2026
824739,2026-07-19,111,BOS,1,139,TB,1,4,4,0.0,2026
824736,2026-07-20,111,BOS,1,110,BAL,1,5,1,0.0,2026
824735,2026-07-21,111,BOS,1,110,BAL,1,6,2,0.0,2026
824732,2026-07-22,111,BOS,1,110,BAL,1,7,3,0.0,2026
824733,2026-07-24,111,BOS,1,141,TOR,2,8,1,0.0,2026
824734,2026-07-25,111,BOS,1,141,TOR,1,9,2,0.0,2026
824730,2026-07-26,111,BOS,1,141,TOR,1,10,3,0.0,2026
824977,2026-07-28,111,BOS,0,133,OAK,2,-1,1,2680.900432109404,2026
824976,2026-07-29,111,BOS,0,133,OAK,1,-2,2,0.0,2026
824973,2026-07-30,111,BOS,0,133,OAK,1,-3,3,0.0,2026
824974,2026-07-31,111,BOS,0,133,OAK,1,-4,4,0.0,2026
823922,2026-08-01,111,BOS,0,119,LAD,1,-5,1,337.12266209703967,2026
823919,2026-08-02,111,BOS,0,119,LAD,1,-6,2,0.0,2026
823920,2026-08-02,111,BOS,0,119,LAD,0,-7,3,0.0,2026
824731,2026-08-04,111,BOS,1,145,CWS,2,1,1,2588.262967346757,2026
824728,2026-08-05,111,BOS,1,145,CWS,1,2,2,0.0,2026
824729,2026-08-06,111,BOS,1,145,CWS,1,3,3,0.0,2026
824727,2026-08-07,111,BOS,1,133,OAK,1,4,1,0.0,2026
824726,2026-08-08,111,BOS,1,133,OAK,1,5,2,0.0,2026
824724,2026-08-09,111,BOS,1,133,OAK,1,6,3,0.0,2026
822780,2026-08-10,111,BOS,0,141,TOR,1,-1,1,428.32913029317257,2026
822778,2026-08-11,111,BOS,0,141,TOR,1,-2,2,0.0,2026
822779,2026-08-12,111,BOS,0,141,TOR,1,-3,3,0.0,2026
822776,2026-08-13,111,BOS,0,141,TOR,1,-4,4,0.0,2026
823346,2026-08-14,111,BOS,0,134,PIT,1,-5,1,222.98418827648996,2026
823347,2026-08-15,111,BOS,0,134,PIT,1,-6,2,0.0,2026
823344,2026-08-16,111,BOS,0,134,PIT,1,-7,3,0.0,2026
824725,2026-08-17,111,BOS,1,109,ARI,1,1,1,479.7911670433808,2026
824723,2026-08-18,111,BOS,1,109,ARI,1,2,2,0.0,2026
824722,2026-08-19,111,BOS,1,109,ARI,1,3,3,0.0,2026
824721,2026-08-21,111,BOS,1,137,SF,2,4,1,0.0,2026
824718,2026-08-22,111,BOS,1,137,SF,1,5,2,0.0,2026
824720,2026-08-23,111,BOS,1,137,SF,1,6,3,0.0,2026
823828,2026-08-24,111,BOS,0,146,MIA,1,-1,1,1256.446953803624,2026
823826,2026-08-25,111,BOS,0,146,MIA,1,-2,2,0.0,2026
823825,2026-08-26,111,BOS,0,146,MIA,1,-3,3,0.0,2026
823504,2026-08-28,111,BOS,0,147,NYY,2,-4,1,1100.8862542043641,2026
823501,2026-08-29,111,BOS,0,147,NYY,1,-5,2,0.0,2026
823502,2026-08-30,111,BOS,0,147,NYY,1,-6,3,0.0,2026
824719,2026-08-31,111,BOS,1,136,SEA,1,1,1,179.88456828974768,2026
824716,2026-09-01,111,BOS,1,136,SEA,1,2,2,0.0,2026
824717,2026-09-02,111,BOS,1,136,SEA,1,3,3,0.0,2026
824796,2026-09-03,111,BOS,0,110,BAL,1,-1,1,358.0026308075598,2026
824797,2026-09-04,111,BOS,0,110,BAL,1,-2,2,0.0,2026
824795,2026-09-05,111,BOS,0,110,BAL,1,-3,3,0.0,2026
824794,2026-09-06,111,BOS,0,110,BAL,1,-4,4,0.0,2026
824715,2026-09-07,111,BOS,1,108,LAA,1,1,1,358.0026308075598,2026
824714,2026-09-08,111,BOS,1,108,LAA,1,2,2,0.0,2026
824713,2026-09-09,111,BOS,1,108,LAA,1,3,3,0.0,2026
824711,2026-09-11,111,BOS,1,118,KC,2,4,1,0.0,2026
824712,2026-09-12,111,BOS,1,118,KC,1,5,2,0.0,2026
824708,2026-09-13,111,BOS,1,118,KC,1,6,3,0.0,2026
822849,2026-09-16,111,BOS,0,140,TEX,3,-1,1,1562.0482982121016,2026
822846,2026-09-17,111,BOS,0,140,TEX,1,-2,2,0.0,2026
822845,2026-09-18,111,BOS,0,140,TEX,1,-3,3,0.0,2026
822923,2026-09-18,111,BOS,0,139,TB,0,-4,1,926.4398070486983,2026
822921,2026-09-19,111,BOS,0,139,TB,1,-5,2,0.0,2026
822922,2026-09-20,111,BOS,0,139,TB,1,-6,3,0.0,2026
824709,2026-09-22,111,BOS,1,114,CLE,2,1,1,1198.2270597762317,2026
824710,2026-09-23,111,BOS,1,114,CLE,1,2,2,0.0,2026
824707,2026-09-24,111,BOS,1,114,CLE,1,3,3,0.0,2026
824706,2026-09-25,111,BOS,1,112,CHC,1,4,1,0.0,2026
824705,2026-09-26,111,BOS,1,112,CHC,1,5,2,0.0,2026
824703,2026-09-27,111,BOS,1,112,CHC,1,6,3,0.0,2026
824704,2026-03-26,112,CHC,1,120,WSH,0,1,1,0.0,2026
824701,2026-03-28,112,CHC,1,120,WSH,2,2,2,0.0,2026
824700,2026-03-29,112,CHC,1,120,WSH,1,3,3,0.0,2026
824702,2026-03-30,112,CHC,1,108,LAA,1,4,1,0.0,2026
824699,2026-03-31,112,CHC,1,108,LAA,1,5,2,0.0,2026
824698,2026-04-01,112,CHC,1,108,LAA,1,6,3,0.0,2026
824458,2026-04-03,112,CHC,0,114,CLE,2,-1,1,309.41326135873874,2026
824460,2026-04-05,112,CHC,0,114,CLE,1,-3,3,0.0,2026
824459,2026-04-05,112,CHC,0,114,CLE,0,-4,4,0.0,2026
823002,2026-04-06,112,CHC,0,139,TB,1,-5,1,950.1419996181558,2026
822999,2026-04-07,112,CHC,0,139,TB,1,-6,2,0.0,2026
823000,2026-04-08,112,CHC,0,139,TB,1,-7,3,0.0,2026
824695,2026-04-10,112,CHC,1,134,PIT,2,1,1,1019.525278620114,2026
824697,2026-04-11,112,CHC,1,134,PIT,1,2,2,0.0,2026
824696,2026-04-12,112,CHC,1,134,PIT,1,3,3,0.0,2026
823481,2026-04-13,112,CHC,0,143,PHI,1,-1,1,666.436342674126,2026
823478,2026-04-14,112,CHC,0,143,PHI,1,-2,2,0.0,2026
823477,2026-04-15,112,CHC,0,143,PHI,1,-3,3,0.0,2026
824693,2026-04-17,112,CHC,1,121,NYM,2,1,1,666.436342674126,2026
824694,2026-04-18,112,CHC,1,121,NYM,1,2,2,0.0,2026
824691,2026-04-19,112,CHC,1,121,NYM,1,3,3,0.0,2026
824692,2026-04-20,112,CHC,1,143,PHI,1,4,1,0.0,2026
824690,2026-04-21,112,CHC,1,143,PHI,1,5,2,0.0,2026
824688,2026-04-22,112,CHC,1,143,PHI,1,6,3,0.0,2026
824689,2026-04-23,112,CHC,1,143,PHI,1,7,4,0.0,2026
823962,2026-04-25,112,CHC,0,119,LAD,2,-1,1,1740.9215479584495,2026
823960,2026-04-25,112,CHC,0,119,LAD,0,-2,2,0.0,2026
823959,2026-04-26,112,CHC,0,119,LAD,1,-3,3,0.0,2026
823311,2026-04-28,112,CHC,0,135,SD,2,-4,1,113.20881075215142,2026
823310,2026-04-29,112,CHC,0,135,SD,1,-5,2,0.0,2026
823312,2026-04-29,112,CHC,0,135,SD,0,-6,3,0.0,2026
824686,2026-05-01,112,CHC,1,109,ARI,2,1,1,1731.4493412522409,2026
824685,2026-05-02,112,CHC,1,109,ARI,1,2,2,0.0,2026
824687,2026-05-03,112,CHC,1,109,ARI,1,3,3,0.0,2026
824684,2026-05-04,112,CHC,1,113,CIN,1,4,1,0.0,2026
824682,2026-05-05,112,CHC,1,113,CIN,1,5,2,0.0,2026
824683,2026-05-06,112,CHC,1,113,CIN,1,6,3,0.0,2026
824681,2026-05-07,112,CHC,1,113,CIN,1,7,4,0.0,2026
822905,2026-05-09,112,CHC,0,140,TEX,2,-1,1,818.6825304940769,2026
822904,2026-05-09,112,CHC,0,140,TEX,0,-2,2,0.0,2026
822902,2026-05-10,112,CHC,0,140,TEX,1,-3,3,0.0,2026
824927,2026-05-12,112,CHC,0,144,ATL,2,-4,1,732.1662127163514,2026
824928,2026-05-13,112,CHC,0,144,ATL,1,-5,2,0.0,2026
824926,2026-05-14,112,CHC,0,144,ATL,1,-6,3,0.0,2026
824601,2026-05-15,112,CHC,0,145,CWS,1,-7,1,575.000216818476,2026
824600,2026-05-16,112,CHC,0,145,CWS,1,-8,2,0.0,2026
824599,2026-05-17,112,CHC,0,145,CWS,1,-9,3,0.0,2026
824680,2026-05-18,112,CHC,1,158,MIL,1,1,1,8.262413783057372,2026
824677,2026-05-19,112,CHC,1,158,MIL,1,2,2,0.0,2026
824678,2026-05-20,112,CHC,1,158,MIL,1,3,3,0.0,2026
824679,2026-05-22,112,CHC,1,117,HOU,2,4,1,0.0,2026
824674,2026-05-23,112,CHC,1,117,HOU,1,5,2,0.0,2026
824676,2026-05-24,112,CHC,1,117,HOU,1,6,3,0.0,2026
823380,2026-05-25,112,CHC,0,134,PIT,1,-1,1,410.8665423703318,2026
823379,2026-05-26,112,CHC,0,134,PIT,1,-2,2,0.0,2026
823376,2026-05-27,112,CHC,0,134,PIT,1,-3,3,0.0,2026
823378,2026-05-28,112,CHC,0,134,PIT,1,-4,4,0.0,2026
823055,2026-05-29,112,CHC,0,138,STL,1,-5,1,556.9698942849304,2026
823054,2026-05-30,112,CHC,0,138,STL,1,-6,2,0.0,2026
823053,2026-05-31,112,CHC,0,138,STL,1,-7,3,0.0,2026
824675,2026-06-03,112,CHC,1,133,OAK,3,1,1,265.86188355988685,2026
824671,2026-06-04,112,CHC,1,133,OAK,1,2,2,0.0,2026
824672,2026-06-05,112,CHC,1,133,OAK,1,3,3,0.0,2026
824673,2026-06-05,112,CHC,1,137,SF,0,4,1,0.0,2026
824669,2026-06-06,112,CHC,1,137,SF,1,5,2,0.0,2026
824670,2026-06-08,112,CHC,1,137,SF,2,6,3,0.0,2026
824347,2026-06-10,112,CHC,0,115,COL,2,-1,1,917.1571990207435,2026
824346,2026-06-11,112,CHC,0,115,COL,1,-2,2,0.0,2026
824348,2026-06-11,112,CHC,0,115,COL,0,-3,3,0.0,2026
823211,2026-06-13,112,CHC,0,137,SF,2,-4,1,945.5308694116128,2026
823213,2026-06-14,112,CHC,0,137,SF,1,-5,2,0.0,2026
823212,2026-06-14,112,CHC,0,137,SF,0,-6,3,0.0,2026
824666,2026-06-16,112,CHC,1,115,COL,2,1,1,1851.6696488043885,2026
824667,2026-06-17,112,CHC,1,115,COL,1,2,2,0.0,2026
824668,2026-06-18,112,CHC,1,115,COL,1,3,3,0.0,2026
824663,2026-06-19,112,CHC,1,141,TOR,1,4,1,0.0,2026
824665,2026-06-20,112,CHC,1,141,TOR,1,5,2,0.0,2026
824664,2026-06-21,112,CHC,1,141,TOR,1,6,3,0.0,2026
823613,2026-06-22,112,CHC,0,121,NYM,1,-1,1,720.1961586455312,2026
823614,2026-06-23,112,CHC,0,121,NYM,1,-2,2,0.0,2026
823611,2026-06-24,112,CHC,0,121,NYM,1,-3,3,0.0,2026
823612,2026-06-25,112,CHC,0,121,NYM,1,-4,4,0.0,2026
823773,2026-06-26,112,CHC,0,158,MIL,1,-5,1,742.3438729688163,2026
823770,2026-06-27,112,CHC,0,158,MIL,1,-6,2,0.0,2026
823769,2026-06-28,112,CHC,0,158,MIL,1,-7,3,0.0,2026
824662,2026-06-30,112,CHC,1,135,SD,2,1,1,76.31439882124853,2026
824661,2026-07-01,112,CHC,1,135,SD,1,2,2,0.0,2026
824660,2026-07-01,112,CHC,1,135,SD,0,3,3,0.0,2026
824659,2026-07-03,112,CHC,1,138,STL,2,4,1,0.0,2026
824656,2026-07-05,112,CHC,1,138,STL,2,5,2,0.0,2026
824658,2026-07-05,112,CHC,1,138,STL,0,6,3,0.0,2026
824820,2026-07-07,112,CHC,0,110,BAL,2,-1,1,606.7810333018485,2026
824815,2026-07-08,112,CHC,0,110,BAL,1,-2,2,0.0,2026
824816,2026-07-09,112,CHC,0,110,BAL,1,-3,3,0.0,2026
824493,2026-07-10,112,CHC,0,113,CIN,1,-4,1,422.40795362654626,2026
824492,2026-07-11,112,CHC,0,113,CIN,1,-5,2,0.0,2026
824491,2026-07-12,112,CHC,0,113,CIN,1,-6,3,0.0,2026
824657,2026-07-18,112,CHC,1,142,MIN,6,1,1,257.0933763635692,2026
824655,2026-07-18,112,CHC,1,142,MIN,0,2,2,0.0,2026
824653,2026-07-19,112,CHC,1,142,MIN,1,3,3,0.0,2026
824654,2026-07-21,112,CHC,1,116,DET,2,4,1,0.0,2026
824652,2026-07-22,112,CHC,1,116,DET,1,5,2,0.0,2026
824650,2026-07-23,112,CHC,1,116,DET,1,6,3,0.0,2026
823352,2026-07-24,112,CHC,0,134,PIT,1,-1,1,410.8665423703318,2026
823355,2026-07-25,112,CHC,0,134,PIT,1,-2,2,0.0,2026
823354,2026-07-26,112,CHC,0,134,PIT,1,-3,3,0.0,2026
823025,2026-07-27,112,CHC,0,138,STL,1,-4,1,556.9698942849304,2026
823026,2026-07-28,112,CHC,0,138,STL,1,-5,2,0.0,2026
823022,2026-07-29,112,CHC,0,138,STL,1,-6,3,0.0,2026
823023,2026-07-30,112,CHC,0,138,STL,1,-7,4,0.0,2026
824651,2026-07-31,112,CHC,1,147,NYY,1,1,1,265.86188355988685,2026
824649,2026-08-01,112,CHC,1,147,NYY,1,2,2,0.0,2026
824648,2026-08-02,112,CHC,1,147,NYY,1,3,3,0.0,2026
824647,2026-08-04,112,CHC,1,119,LAD,2,4,1,0.0,2026
824645,2026-08-05,112,CHC,1,119,LAD,1,5,2,0.0,2026
824646,2026-08-05,112,CHC,1,119,LAD,0,6,3,0.0,2026
824081,2026-08-08,112,CHC,0,118,KC,3,-1,1,410.49325072140863,2026
824079,2026-08-08,112,CHC,0,118,KC,0,-2,2,0.0,2026
824078,2026-08-09,112,CHC,0,118,KC,1,-3,3,0.0,2026
822697,2026-08-11,112,CHC,0,120,WSH,2,-4,1,937.4091115021555,2026
822698,2026-08-12,112,CHC,0,120,WSH,1,-5,2,0.0,2026
822696,2026-08-13,112,CHC,0,120,WSH,1,-6,3,0.0,2026
824643,2026-08-14,112,CHC,1,138,STL,1,1,1,598.6412524083928,2026
824644,2026-08-15,112,CHC,1,138,STL,1,2,2,0.0,2026
824642,2026-08-16,112,CHC,1,138,STL,1,3,3,0.0,2026
824641,2026-08-18,112,CHC,1,145,CWS,2,4,1,0.0,2026
824639,2026-08-19,112,CHC,1,145,CWS,1,5,2,0.0,2026
824640,2026-08-19,112,CHC,1,145,CWS,0,6,3,0.0,2026
823101,2026-08-22,112,CHC,0,136,SEA,3,-1,1,1729.7949926063106,2026
823100,2026-08-22,112,CHC,0,136,SEA,0,-2,2,0.0,2026
823099,2026-08-23,112,CHC,0,136,SEA,1,-3,3,0.0,2026
825041,2026-08-25,112,CHC,0,109,ARI,2,-4,1,1114.0691793592323,2026
825042,2026-08-26,112,CHC,0,109,ARI,1,-5,2,0.0,2026
825039,2026-08-26,112,CHC,0,109,ARI,0,-6,3,0.0,2026
824638,2026-08-28,112,CHC,1,113,CIN,2,1,1,1451.6299446026987,2026
824637,2026-08-29,112,CHC,1,113,CIN,1,2,2,0.0,2026
824636,2026-08-30,112,CHC,1,113,CIN,1,3,3,0.0,2026
824635,2026-08-31,112,CHC,1,158,MIL,1,4,1,0.0,2026
824633,2026-09-01,112,CHC,1,158,MIL,1,5,2,0.0,2026
824634,2026-09-02,112,CHC,1,158,MIL,1,6,3,0.0,2026
824632,2026-09-03,112,CHC,1,158,MIL,1,7,4,0.0,2026
823824,2026-09-04,112,CHC,0,146,MIA,1,-1,1,1194.7816200111963,2026
823823,2026-09-05,112,CHC,0,146,MIA,1,-2,2,0.0,2026
823822,2026-09-06,112,CHC,0,146,MIA,1,-3,3,0.0,2026
823742,2026-09-07,112,CHC,0,158,MIL,1,-4,1,1269.7716502102464,2026
823738,2026-09-08,112,CHC,0,158,MIL,1,-5,2,0.0,2026
823739,2026-09-09,112,CHC,0,158,MIL,1,-6,3,0.0,2026
824631,2026-09-11,112,CHC,1,134,PIT,2,1,1,76.31439882124853,2026
824630,2026-09-12,112,CHC,1,134,PIT,1,2,2,0.0,2026
824628,2026-09-13,112,CHC,1,134,PIT,1,3,3,0.0,2026
824629,2026-09-14,112,CHC,1,144,ATL,1,4,1,0.0,2026
824627,2026-09-15,112,CHC,1,144,ATL,1,5,2,0.0,2026
824626,2026-09-16,112,CHC,1,144,ATL,1,6,3,0.0,2026
824463,2026-09-18,112,CHC,0,113,CIN,2,-1,1,257.0933763635692,2026
824461,2026-09-19,112,CHC,0,113,CIN,1,-2,2,0.0,2026
824462,2026-09-20,112,CHC,0,113,CIN,1,-3,3,0.0,2026
824624,2026-09-22,112,CHC,1,146,MIA,2,1,1,257.0933763635692,2026
824625,2026-09-23,112,CHC,1,146,MIA,1,2,2,0.0,2026
824623,2026-09-24,112,CHC,1,146,MIA,1,3,3,0.0,2026
824706,2026-09-25,112,CHC,0,111,BOS,1,-1,1,847.382439361086,2026
824705,2026-09-26,112,CHC,0,111,BOS,1,-2,2,0.0,2026
824703,2026-09-27,112,CHC,0,111,BOS,1,-3,3,0.0,2026
824541,2026-03-26,113,CIN,1,111,BOS,0,1,1,0.0,2026
824540,2026-03-28,113,CIN,1,111,BOS,2,2,2,0.0,2026
824538,2026-03-29,113,CIN,1,111,BOS,1,3,3,0.0,2026
824539,2026-03-30,113,CIN,1,134,PIT,1,4,1,0.0,2026
824537,2026-03-31,113,CIN,1,134,PIT,1,5,2,0.0,2026
824536,2026-04-01,113,CIN,1,134,PIT,1,6,3,0.0,2026
822919,2026-04-03,113,CIN,0,140,TEX,2,-1,1,827.9015703261257,2026
822920,2026-04-04,113,CIN,0,140,TEX,1,-2,2,0.0,2026
822917,2026-04-05,113,CIN,0,140,TEX,1,-3,3,0.0,2026
823886,2026-04-06,113,CIN,0,146,MIA,1,-4,1,1123.019434754987,2026
823887,2026-04-07,113,CIN,0,146,MIA,1,-5,2,0.0,2026
823885,2026-04-08,113,CIN,0,146,MIA,1,-6,3,0.0,2026
823884,2026-04-09,113,CIN,0,146,MIA,1,-7,4,0.0,2026
824534,2026-04-10,113,CIN,1,108,LAA,1,1,1,953.4072522903118,2026
824535,2026-04-11,113,CIN,1,108,LAA,1,2,2,0.0,2026
824533,2026-04-12,113,CIN,1,108,LAA,1,3,3,0.0,2026
824531,2026-04-14,113,CIN,1,137,SF,2,4,1,0.0,2026
824532,2026-04-15,113,CIN,1,137,SF,1,5,2,0.0,2026
824530,2026-04-16,113,CIN,1,137,SF,1,6,3,0.0,2026
823721,2026-04-18,113,CIN,0,142,MIN,2,-1,1,605.8281829837056,2026
823720,2026-04-18,113,CIN,0,142,MIN,0,-2,2,0.0,2026
823718,2026-04-19,113,CIN,0,142,MIN,1,-3,3,0.0,2026
822994,2026-04-20,113,CIN,0,139,TB,1,-4,1,1325.4285844846306,2026
822995,2026-04-21,113,CIN,0,139,TB,1,-5,2,0.0,2026
822993,2026-04-22,113,CIN,0,139,TB,1,-6,3,0.0,2026
824529,2026-04-24,113,CIN,1,116,DET,2,1,1,790.0657540508034,2026
824527,2026-04-25,113,CIN,1,116,DET,1,2,2,0.0,2026
824528,2026-04-26,113,CIN,1,116,DET,1,3,3,0.0,2026
824526,2026-04-28,113,CIN,1,115,COL,2,4,1,0.0,2026
824525,2026-04-29,113,CIN,1,115,COL,1,5,2,0.0,2026
824524,2026-04-30,113,CIN,1,115,COL,1,6,3,0.0,2026
823389,2026-05-01,113,CIN,0,134,PIT,1,-1,1,256.6044671740272,2026
823388,2026-05-02,113,CIN,0,134,PIT,1,-2,2,0.0,2026
823387,2026-05-03,113,CIN,0,134,PIT,1,-3,3,0.0,2026
824684,2026-05-04,113,CIN,0,112,CHC,1,-4,1,410.8665423703318,2026
824682,2026-05-05,113,CIN,0,112,CHC,1,-5,2,0.0,2026
824683,2026-05-06,113,CIN,0,112,CHC,1,-6,3,0.0,2026
824681,2026-05-07,113,CIN,0,112,CHC,1,-7,4,0.0,2026
824522,2026-05-08,113,CIN,1,117,HOU,1,1,1,257.0933763635692,2026
824523,2026-05-09,113,CIN,1,117,HOU,1,2,2,0.0,2026
824520,2026-05-10,113,CIN,1,117,HOU,1,3,3,0.0,2026
824521,2026-05-12,113,CIN,1,120,WSH,2,4,1,0.0,2026
824519,2026-05-13,113,CIN,1,120,WSH,1,5,2,0.0,2026
824517,2026-05-14,113,CIN,1,120,WSH,1,6,3,0.0,2026
824439,2026-05-15,113,CIN,0,114,CLE,1,-1,1,222.67421009904183,2026
824435,2026-05-16,113,CIN,0,114,CLE,1,-2,2,0.0,2026
824436,2026-05-17,113,CIN,0,114,CLE,1,-3,3,0.0,2026
823465,2026-05-18,113,CIN,0,143,PHI,1,-4,1,358.6103362183685,2026
823464,2026-05-19,113,CIN,0,143,PHI,1,-5,2,0.0,2026
823462,2026-05-20,113,CIN,0,143,PHI,1,-6,3,0.0,2026
824518,2026-05-23,113,CIN,1,138,STL,1,2,2,0.0,2026
824516,2026-05-23,113,CIN,1,138,STL,0,3,3,0.0,2026
823625,2026-05-25,113,CIN,0,121,NYM,1,-1,1,576.1040985787001,2026
823624,2026-05-26,113,CIN,0,121,NYM,1,-2,2,0.0,2026
823626,2026-05-27,113,CIN,0,121,NYM,1,-3,3,0.0,2026
824515,2026-05-29,113,CIN,1,144,ATL,2,1,1,576.1040985787001,2026
824513,2026-05-30,113,CIN,1,144,ATL,1,2,2,0.0,2026
824512,2026-05-31,113,CIN,1,144,ATL,1,3,3,0.0,2026
824510,2026-06-01,113,CIN,1,118,KC,1,4,1,0.0,2026
824511,2026-06-02,113,CIN,1,118,KC,1,5,2,0.0,2026
824509,2026-06-03,113,CIN,1,118,KC,1,6,3,0.0,2026
823049,2026-06-06,113,CIN,0,138,STL,3,-1,1,307.56531909433545,2026
823048,2026-06-06,113,CIN,0,138,STL,0,-2,2,0.0,2026
823047,2026-06-07,113,CIN,0,138,STL,1,-3,3,0.0,2026
823289,2026-06-09,113,CIN,0,135,SD,2,-4,1,1561.6025452697695,2026
823290,2026-06-10,113,CIN,0,135,SD,1,-5,2,0.0,2026
823287,2026-06-10,113,CIN,0,135,SD,0,-6,3,0.0,2026
824507,2026-06-12,113,CIN,1,109,ARI,2,1,1,1869.1251200134675,2026
824508,2026-06-13,113,CIN,1,109,ARI,1,2,2,0.0,2026
824506,2026-06-14,113,CIN,1,109,ARI,1,3,3,0.0,2026
824505,2026-06-15,113,CIN,1,121,NYM,1,4,1,0.0,2026
824504,2026-06-16,113,CIN,1,121,NYM,1,5,2,0.0,2026
824503,2026-06-17,113,CIN,1,121,NYM,1,6,3,0.0,2026
823534,2026-06-19,113,CIN,0,147,NYY,2,-1,1,572.6665954672798,2026
823532,2026-06-20,113,CIN,0,147,NYY,1,-2,2,0.0,2026
823531,2026-06-21,113,CIN,0,147,NYY,1,-3,3,0.0,2026
824502,2026-06-22,113,CIN,1,158,MIL,1,1,1,572.6665954672798,2026
824501,2026-06-23,113,CIN,1,158,MIL,1,2,2,0.0,2026
824500,2026-06-24,113,CIN,1,158,MIL,1,3,3,0.0,2026
823363,2026-06-26,113,CIN,0,134,PIT,2,-1,1,256.6044671740272,2026
823364,2026-06-27,113,CIN,0,134,PIT,1,-2,2,0.0,2026
823362,2026-06-28,113,CIN,0,134,PIT,1,-3,3,0.0,2026
823771,2026-06-29,113,CIN,0,158,MIL,1,-4,1,447.5172990364866,2026
823768,2026-06-30,113,CIN,0,158,MIL,1,-5,2,0.0,2026
823767,2026-07-02,113,CIN,0,158,MIL,2,-6,3,0.0,2026
823765,2026-07-02,113,CIN,0,158,MIL,0,-7,4,0.0,2026
824498,2026-07-03,113,CIN,1,110,BAL,1,1,1,325.9595383372329,2026
824499,2026-07-04,113,CIN,1,110,BAL,1,2,2,0.0,2026
824497,2026-07-05,113,CIN,1,110,BAL,1,3,3,0.0,2026
824495,2026-07-07,113,CIN,1,143,PHI,2,4,1,0.0,2026
824496,2026-07-08,113,CIN,1,143,PHI,1,5,2,0.0,2026
824494,2026-07-09,113,CIN,1,143,PHI,1,6,3,0.0,2026
824493,2026-07-10,113,CIN,1,112,CHC,1,7,1,0.0,2026
824492,2026-07-11,113,CIN,1,112,CHC,1,8,2,0.0,2026
824491,2026-07-12,113,CIN,1,112,CHC,1,9,3,0.0,2026
824332,2026-07-18,113,CIN,0,115,COL,6,-1,1,1091.971068685176,2026
824331,2026-07-18,113,CIN,0,115,COL,0,-2,2,0.0,2026
824330,2026-07-19,113,CIN,0,115,COL,1,-3,3,0.0,2026
823112,2026-07-21,113,CIN,0,136,SEA,2,-4,1,1018.269066908343,2026
823110,2026-07-22,113,CIN,0,136,SEA,1,-5,2,0.0,2026
823114,2026-07-22,113,CIN,0,136,SEA,0,-6,3,0.0,2026
823031,2026-07-25,113,CIN,0,138,STL,3,-7,1,1720.6847673970585,2026
823027,2026-07-25,113,CIN,0,138,STL,0,-8,2,0.0,2026
823028,2026-07-26,113,CIN,0,138,STL,1,-9,3,0.0,2026
824490,2026-07-27,113,CIN,1,114,CLE,1,1,1,307.56531909433545,2026
824489,2026-07-28,113,CIN,1,114,CLE,1,2,2,0.0,2026
824487,2026-07-29,113,CIN,1,114,CLE,1,3,3,0.0,2026
824488,2026-07-30,113,CIN,1,134,PIT,1,4,1,0.0,2026
824486,2026-07-31,113,CIN,1,134,PIT,1,5,2,0.0,2026
824485,2026-08-01,113,CIN,1,134,PIT,1,6,3,0.0,2026
824483,2026-08-02,113,CIN,1,134,PIT,1,7,4,0.0,2026
824484,2026-08-04,113,CIN,1,133,OAK,2,8,1,0.0,2026
824482,2026-08-05,113,CIN,1,133,OAK,1,9,2,0.0,2026
824481,2026-08-06,113,CIN,1,133,OAK,1,10,3,0.0,2026
822699,2026-08-07,113,CIN,0,120,WSH,1,-1,1,403.05254469244744,2026
822701,2026-08-08,113,CIN,0,120,WSH,1,-2,2,0.0,2026
822700,2026-08-09,113,CIN,0,120,WSH,1,-3,3,0.0,2026
824563,2026-08-11,113,CIN,0,145,CWS,2,-4,1,595.2017814565477,2026
824562,2026-08-12,113,CIN,0,145,CWS,1,-5,2,0.0,2026
824561,2026-08-13,113,CIN,0,145,CWS,1,-6,3,0.0,2026
824479,2026-08-14,113,CIN,1,146,MIA,1,1,1,250.2317582935162,2026
824480,2026-08-15,113,CIN,1,146,MIA,1,2,2,0.0,2026
824477,2026-08-16,113,CIN,1,146,MIA,1,3,3,0.0,2026
824514,2026-08-17,113,CIN,1,138,STL,1,4,1,0.0,2026
824478,2026-08-17,113,CIN,1,138,STL,0,5,2,0.0,2026
824475,2026-08-18,113,CIN,1,138,STL,1,6,3,0.0,2026
824476,2026-08-19,113,CIN,1,138,STL,1,7,4,0.0,2026
824474,2026-08-20,113,CIN,1,138,STL,1,8,5,0.0,2026
825045,2026-08-22,113,CIN,0,109,ARI,2,-1,1,1577.4551559276624,2026
825043,2026-08-23,113,CIN,0,109,ARI,1,-2,2,0.0,2026
825044,2026-08-23,113,CIN,0,109,ARI,0,-3,3,0.0,2026
823183,2026-08-25,113,CIN,0,137,SF,2,-4,1,652.0636757078365,2026
823181,2026-08-26,113,CIN,0,137,SF,1,-5,2,0.0,2026
823180,2026-08-26,113,CIN,0,137,SF,0,-6,3,0.0,2026
824638,2026-08-28,113,CIN,0,112,CHC,2,-7,1,1851.6696488043885,2026
824637,2026-08-29,113,CIN,0,112,CHC,1,-8,2,0.0,2026
824636,2026-08-30,113,CIN,0,112,CHC,1,-9,3,0.0,2026
824473,2026-08-31,113,CIN,1,135,SD,1,1,1,257.0933763635692,2026
824472,2026-09-01,113,CIN,1,135,SD,1,2,2,0.0,2026
824470,2026-09-02,113,CIN,1,135,SD,1,3,3,0.0,2026
824471,2026-09-04,113,CIN,1,158,MIL,2,4,1,0.0,2026
824468,2026-09-05,113,CIN,1,158,MIL,1,5,2,0.0,2026
824469,2026-09-06,113,CIN,1,158,MIL,1,6,3,0.0,2026
823902,2026-09-08,113,CIN,0,119,LAD,2,-1,1,1892.244174703444,2026
823901,2026-09-09,113,CIN,0,119,LAD,1,-2,2,0.0,2026
823900,2026-09-10,113,CIN,0,119,LAD,1,-3,3,0.0,2026
823736,2026-09-11,113,CIN,0,158,MIL,1,-4,1,1737.1964859284558,2026
823737,2026-09-12,113,CIN,0,158,MIL,1,-5,2,0.0,2026
823734,2026-09-13,113,CIN,0,158,MIL,1,-6,3,0.0,2026
824465,2026-09-14,113,CIN,1,119,LAD,1,1,1,325.9595383372329,2026
824466,2026-09-15,113,CIN,1,119,LAD,1,2,2,0.0,2026
824467,2026-09-16,113,CIN,1,119,LAD,1,3,3,0.0,2026
824464,2026-09-17,113,CIN,1,119,LAD,1,4,4,0.0,2026
824463,2026-09-18,113,CIN,1,112,CHC,1,5,1,0.0,2026
824461,2026-09-19,113,CIN,1,112,CHC,1,6,2,0.0,2026
824462,2026-09-20,113,CIN,1,112,CHC,1,7,3,0.0,2026
824867,2026-09-22,113,CIN,0,144,ATL,2,-1,1,359.8050212534856,2026
824868,2026-09-23,113,CIN,0,144,ATL,1,-2,2,0.0,2026
824866,2026-09-24,113,CIN,0,144,ATL,1,-3,3,0.0,2026
822760,2026-09-25,113,CIN,0,141,TOR,1,-4,1,726.7999515006941,2026
822759,2026-09-26,113,CIN,0,141,TOR,1,-5,2,0.0,2026
822761,2026-09-27,113,CIN,0,141,TOR,1,-6,3,0.0,2026
823163,2026-03-27,114,CLE,0,136,SEA,0,-1,1,2021.2763610125958,2026
823162,2026-03-28,114,CLE,0,136,SEA,1,-2,2,0.0,2026
823161,2026-03-29,114,CLE,0,136,SEA,1,-3,3,0.0,2026
823160,2026-03-29,114,CLE,0,136,SEA,0,-4,4,0.0,2026
823972,2026-03-31,114,CLE,0,119,LAD,2,-5,1,957.8545939923275,2026
823969,2026-04-01,114,CLE,0,119,LAD,1,-6,2,0.0,2026
823970,2026-04-02,114,CLE,0,119,LAD,1,-7,3,0.0,2026
824458,2026-04-03,114,CLE,1,112,CHC,1,1,1,2044.6147951768196,2026
824460,2026-04-05,114,CLE,1,112,CHC,1,3,3,0.0,2026
824459,2026-04-05,114,CLE,1,112,CHC,0,4,4,0.0,2026
824456,2026-04-06,114,CLE,1,118,KC,1,5,1,0.0,2026
824457,2026-04-07,114,CLE,1,118,KC,1,6,2,0.0,2026
824455,2026-04-08,114,CLE,1,118,KC,1,7,3,0.0,2026
824941,2026-04-10,114,CLE,0,144,ATL,2,-1,1,547.0068450040225,2026
824939,2026-04-11,114,CLE,0,144,ATL,1,-2,2,0.0,2026
824938,2026-04-12,114,CLE,0,144,ATL,1,-3,3,0.0,2026
823073,2026-04-13,114,CLE,0,138,STL,1,-4,1,456.58876384408995,2026
823072,2026-04-14,114,CLE,0,138,STL,1,-5,2,0.0,2026
823071,2026-04-15,114,CLE,0,138,STL,1,-6,3,0.0,2026
824453,2026-04-16,114,CLE,1,110,BAL,1,1,1,491.5044526605,2026
824454,2026-04-17,114,CLE,1,110,BAL,1,2,2,0.0,2026
824451,2026-04-18,114,CLE,1,110,BAL,1,3,3,0.0,2026
824452,2026-04-19,114,CLE,1,110,BAL,1,4,4,0.0,2026
824450,2026-04-20,114,CLE,1,117,HOU,1,5,1,0.0,2026
824448,2026-04-21,114,CLE,1,117,HOU,1,6,2,0.0,2026
824449,2026-04-22,114,CLE,1,117,HOU,1,7,3,0.0,2026
822827,2026-04-24,114,CLE,0,141,TOR,2,-1,1,188.71684847115282,2026
822826,2026-04-25,114,CLE,0,141,TOR,1,-2,2,0.0,2026
822824,2026-04-26,114,CLE,0,141,TOR,1,-3,3,0.0,2026
824446,2026-04-27,114,CLE,1,139,TB,1,1,1,188.71684847115282,2026
824447,2026-04-28,114,CLE,1,139,TB,1,2,2,0.0,2026
824445,2026-04-29,114,CLE,1,139,TB,1,3,3,0.0,2026
825012,2026-05-02,114,CLE,0,133,OAK,3,-1,1,2151.964503269304,2026
825014,2026-05-02,114,CLE,0,133,OAK,0,-2,2,0.0,2026
825013,2026-05-03,114,CLE,0,133,OAK,1,-3,3,0.0,2026
824120,2026-05-04,114,CLE,0,118,KC,1,-4,1,1497.929836668995,2026
824119,2026-05-05,114,CLE,0,118,KC,1,-5,2,0.0,2026
824118,2026-05-06,114,CLE,0,118,KC,1,-6,3,0.0,2026
824117,2026-05-07,114,CLE,0,118,KC,1,-7,4,0.0,2026
824443,2026-05-08,114,CLE,1,142,MIN,1,1,1,694.6429853897519,2026
824444,2026-05-09,114,CLE,1,142,MIN,1,2,2,0.0,2026
824440,2026-05-10,114,CLE,1,142,MIN,1,3,3,0.0,2026
824441,2026-05-11,114,CLE,1,108,LAA,1,4,1,0.0,2026
824442,2026-05-12,114,CLE,1,108,LAA,1,5,2,0.0,2026
824438,2026-05-13,114,CLE,1,108,LAA,1,6,3,0.0,2026
824439,2026-05-15,114,CLE,1,113,CIN,2,7,1,0.0,2026
824435,2026-05-16,114,CLE,1,113,CIN,1,8,2,0.0,2026
824436,2026-05-17,114,CLE,1,113,CIN,1,9,3,0.0,2026
824277,2026-05-18,114,CLE,0,116,DET,1,-1,1,91.12804978214932,2026
824276,2026-05-19,114,CLE,0,116,DET,1,-2,2,0.0,2026
824273,2026-05-20,114,CLE,0,116,DET,1,-3,3,0.0,2026
824274,2026-05-21,114,CLE,0,116,DET,1,-4,4,0.0,2026
823461,2026-05-22,114,CLE,0,143,PHI,1,-5,1,443.15200200788263,2026
823458,2026-05-23,114,CLE,0,143,PHI,1,-6,2,0.0,2026
823459,2026-05-24,114,CLE,0,143,PHI,1,-7,3,0.0,2026
824437,2026-05-25,114,CLE,1,120,WSH,1,1,1,358.6103362183685,2026
824434,2026-05-26,114,CLE,1,120,WSH,1,2,2,0.0,2026
824432,2026-05-27,114,CLE,1,120,WSH,1,3,3,0.0,2026
824433,2026-05-29,114,CLE,1,111,BOS,2,4,1,0.0,2026
824431,2026-05-30,114,CLE,1,111,BOS,1,5,2,0.0,2026
824430,2026-05-31,114,CLE,1,111,BOS,1,6,3,0.0,2026
823541,2026-06-02,114,CLE,0,147,NYY,2,-1,1,406.0987517437095,2026
823540,2026-06-03,114,CLE,0,147,NYY,1,-2,2,0.0,2026
823542,2026-06-04,114,CLE,0,147,NYY,1,-3,3,0.0,2026
822892,2026-06-06,114,CLE,0,140,TEX,2,-4,1,1392.1915186769138,2026
822891,2026-06-06,114,CLE,0,140,TEX,0,-5,2,0.0,2026
822890,2026-06-07,114,CLE,0,140,TEX,1,-6,3,0.0,2026
824427,2026-06-08,114,CLE,1,147,NYY,1,1,1,1038.947571490186,2026
824429,2026-06-09,114,CLE,1,147,NYY,1,2,2,0.0,2026
824428,2026-06-10,114,CLE,1,147,NYY,1,3,3,0.0,2026
824425,2026-06-12,114,CLE,1,116,DET,2,4,1,0.0,2026
824426,2026-06-13,114,CLE,1,116,DET,1,5,2,0.0,2026
824424,2026-06-14,114,CLE,1,116,DET,1,6,3,0.0,2026
823775,2026-06-16,114,CLE,0,158,MIL,2,-1,1,338.32644453061476,2026
823774,2026-06-17,114,CLE,0,158,MIL,1,-2,2,0.0,2026
823772,2026-06-18,114,CLE,0,158,MIL,1,-3,3,0.0,2026
824179,2026-06-20,114,CLE,0,117,HOU,2,-4,1,1003.7248757818593,2026
824180,2026-06-20,114,CLE,0,117,HOU,0,-5,2,0.0,2026
824177,2026-06-21,114,CLE,0,117,HOU,1,-6,3,0.0,2026
824585,2026-06-22,114,CLE,0,145,CWS,1,-7,1,938.7707116803103,2026
824584,2026-06-23,114,CLE,0,145,CWS,1,-8,2,0.0,2026
824583,2026-06-24,114,CLE,0,145,CWS,1,-9,3,0.0,2026
824423,2026-06-26,114,CLE,1,136,SEA,2,1,1,307.8720964038074,2026
824421,2026-06-27,114,CLE,1,136,SEA,1,2,2,0.0,2026
824422,2026-06-28,114,CLE,1,136,SEA,1,3,3,0.0,2026
824420,2026-06-29,114,CLE,1,140,TEX,1,4,1,0.0,2026
824418,2026-06-30,114,CLE,1,140,TEX,1,5,2,0.0,2026
824419,2026-07-01,114,CLE,1,140,TEX,1,6,3,0.0,2026
824416,2026-07-02,114,CLE,1,145,CWS,1,7,1,0.0,2026
824417,2026-07-03,114,CLE,1,145,CWS,1,8,2,0.0,2026
824415,2026-07-04,114,CLE,1,145,CWS,1,9,3,0.0,2026
824413,2026-07-05,114,CLE,1,145,CWS,1,10,4,0.0,2026
823687,2026-07-07,114,CLE,0,142,MIN,2,-1,1,630.5553923040089,2026
823684,2026-07-08,114,CLE,0,142,MIN,1,-2,2,0.0,2026
823683,2026-07-09,114,CLE,0,142,MIN,1,-3,3,0.0,2026
823845,2026-07-10,114,CLE,0,146,MIA,1,-4,1,1512.7164311689035,2026
823844,2026-07-11,114,CLE,0,146,MIA,1,-5,2,0.0,2026
823842,2026-07-12,114,CLE,0,146,MIA,1,-6,3,0.0,2026
824414,2026-07-17,114,CLE,1,134,PIT,5,1,1,1089.3021385315913,2026
824412,2026-07-18,114,CLE,1,134,PIT,1,2,2,0.0,2026
824411,2026-07-19,114,CLE,1,134,PIT,1,3,3,0.0,2026
824410,2026-07-20,114,CLE,1,142,MIN,1,4,1,0.0,2026
824409,2026-07-21,114,CLE,1,142,MIN,1,5,2,0.0,2026
824408,2026-07-22,114,CLE,1,142,MIN,1,6,3,0.0,2026
824406,2026-07-23,114,CLE,1,142,MIN,1,7,4,0.0,2026
822952,2026-07-24,114,CLE,0,139,TB,1,-1,1,950.1419996181558,2026
822948,2026-07-25,114,CLE,0,139,TB,1,-2,2,0.0,2026
822950,2026-07-26,114,CLE,0,139,TB,1,-3,3,0.0,2026
824490,2026-07-27,114,CLE,0,113,CIN,1,-4,1,790.0657540508034,2026
824489,2026-07-28,114,CLE,0,113,CIN,1,-5,2,0.0,2026
824487,2026-07-29,114,CLE,0,113,CIN,1,-6,3,0.0,2026
824407,2026-07-31,114,CLE,1,109,ARI,2,1,1,222.67421009904183,2026
824405,2026-08-01,114,CLE,1,109,ARI,1,2,2,0.0,2026
824404,2026-08-02,114,CLE,1,109,ARI,1,3,3,0.0,2026
824403,2026-08-04,114,CLE,1,121,NYM,2,4,1,0.0,2026
824402,2026-08-05,114,CLE,1,121,NYM,1,5,2,0.0,2026
824401,2026-08-06,114,CLE,1,121,NYM,1,6,3,0.0,2026
824566,2026-08-07,114,CLE,0,145,CWS,1,-1,1,307.8720964038074,2026
824565,2026-08-08,114,CLE,0,145,CWS,1,-2,2,0.0,2026
824564,2026-08-09,114,CLE,0,145,CWS,1,-3,3,0.0,2026
824240,2026-08-11,114,CLE,0,116,DET,2,-4,1,237.7264337126216,2026
824241,2026-08-12,114,CLE,0,116,DET,1,-5,2,0.0,2026
824238,2026-08-13,114,CLE,0,116,DET,1,-6,3,0.0,2026
824399,2026-08-14,114,CLE,1,135,SD,1,1,1,91.12804978214932,2026
824400,2026-08-15,114,CLE,1,135,SD,1,2,2,0.0,2026
824397,2026-08-16,114,CLE,1,135,SD,1,3,3,0.0,2026
824398,2026-08-18,114,CLE,1,137,SF,2,4,1,0.0,2026
824394,2026-08-19,114,CLE,1,137,SF,1,5,2,0.0,2026
824395,2026-08-20,114,CLE,1,137,SF,1,6,3,0.0,2026
824317,2026-08-22,114,CLE,0,115,COL,2,-1,1,1224.5647941257084,2026
824315,2026-08-23,114,CLE,0,115,COL,1,-2,2,0.0,2026
824316,2026-08-23,114,CLE,0,115,COL,0,-3,3,0.0,2026
823992,2026-08-25,114,CLE,0,108,LAA,2,-4,1,822.2861860892081,2026
823989,2026-08-26,114,CLE,0,108,LAA,1,-5,2,0.0,2026
823988,2026-08-26,114,CLE,0,108,LAA,0,-6,3,0.0,2026
824396,2026-08-28,114,CLE,1,118,KC,2,1,1,2034.3207691263494,2026
824392,2026-08-29,114,CLE,1,118,KC,1,2,2,0.0,2026
824393,2026-08-30,114,CLE,1,118,KC,1,3,3,0.0,2026
824391,2026-09-01,114,CLE,1,141,TOR,2,4,1,0.0,2026
824390,2026-09-02,114,CLE,1,141,TOR,1,5,2,0.0,2026
824388,2026-09-03,114,CLE,1,141,TOR,1,6,3,0.0,2026
824387,2026-09-04,114,CLE,1,116,DET,1,7,1,0.0,2026
824389,2026-09-05,114,CLE,1,116,DET,1,8,2,0.0,2026
824385,2026-09-06,114,CLE,1,116,DET,1,9,3,0.0,2026
824793,2026-09-07,114,CLE,0,110,BAL,1,-1,1,307.1364885665357,2026
824792,2026-09-08,114,CLE,0,110,BAL,1,-2,2,0.0,2026
824791,2026-09-09,114,CLE,0,110,BAL,1,-3,3,0.0,2026
823659,2026-09-12,114,CLE,0,142,MIN,3,-4,1,937.5839769032132,2026
823657,2026-09-12,114,CLE,0,142,MIN,0,-5,2,0.0,2026
823658,2026-09-13,114,CLE,0,142,MIN,1,-6,3,0.0,2026
824386,2026-09-14,114,CLE,1,145,CWS,1,1,1,630.5553923040089,2026
824384,2026-09-15,114,CLE,1,145,CWS,1,2,2,0.0,2026
824382,2026-09-16,114,CLE,1,145,CWS,1,3,3,0.0,2026
824383,2026-09-18,114,CLE,1,133,OAK,2,4,1,0.0,2026
824380,2026-09-19,114,CLE,1,133,OAK,1,5,2,0.0,2026
824381,2026-09-20,114,CLE,1,133,OAK,1,6,3,0.0,2026
824709,2026-09-22,114,CLE,0,111,BOS,2,-1,1,547.1609370940174,2026
824710,2026-09-23,114,CLE,0,111,BOS,1,-2,2,0.0,2026
824707,2026-09-24,114,CLE,0,111,BOS,1,-3,3,0.0,2026
824058,2026-09-25,114,CLE,0,118,KC,1,-4,1,1241.802604380426,2026
824057,2026-09-26,114,CLE,0,118,KC,1,-5,2,0.0,2026
824055,2026-09-27,114,CLE,0,118,KC,1,-6,3,0.0,2026
823893,2026-03-27,115,COL,0,146,MIA,0,-1,1,1723.9912128319143,2026
823892,2026-03-28,115,COL,0,146,MIA,1,-2,2,0.0,2026
823891,2026-03-29,115,COL,0,146,MIA,1,-3,3,0.0,2026
822834,2026-03-30,115,COL,0,141,TOR,1,-4,1,1235.193689499836,2026
822836,2026-03-31,115,COL,0,141,TOR,1,-5,2,0.0,2026
822835,2026-04-01,115,COL,0,141,TOR,1,-6,3,0.0,2026
824377,2026-04-03,115,COL,1,143,PHI,2,1,1,1342.3524184236549,2026
824378,2026-04-05,115,COL,1,143,PHI,2,2,2,0.0,2026
824379,2026-04-05,115,COL,1,143,PHI,0,3,3,0.0,2026
824376,2026-04-07,115,COL,1,117,HOU,2,4,1,0.0,2026
824375,2026-04-08,115,COL,1,117,HOU,1,5,2,0.0,2026
824374,2026-04-08,115,COL,1,117,HOU,0,6,3,0.0,2026
823319,2026-04-10,115,COL,0,135,SD,2,-1,1,833.4460828296096,2026
823318,2026-04-11,115,COL,0,135,SD,1,-2,2,0.0,2026
823316,2026-04-12,115,COL,0,135,SD,1,-3,3,0.0,2026
823317,2026-04-12,115,COL,0,135,SD,0,-4,4,0.0,2026
824210,2026-04-15,115,COL,0,117,HOU,3,-5,1,1301.7555415501963,2026
824209,2026-04-16,115,COL,0,117,HOU,1,-6,2,0.0,2026
824208,2026-04-17,115,COL,0,117,HOU,1,-7,3,0.0,2026
824373,2026-04-18,115,COL,1,119,LAD,1,1,1,880.1313551890535,2026
824372,2026-04-19,115,COL,1,119,LAD,1,2,2,0.0,2026
824371,2026-04-19,115,COL,1,119,LAD,0,3,3,0.0,2026
824370,2026-04-21,115,COL,1,119,LAD,2,4,4,0.0,2026
824369,2026-04-22,115,COL,1,135,SD,1,5,1,0.0,2026
824367,2026-04-23,115,COL,1,135,SD,1,6,2,0.0,2026
824368,2026-04-23,115,COL,1,135,SD,0,7,3,0.0,2026
823638,2026-04-24,115,COL,0,121,NYM,1,-1,1,1635.3491066467502,2026
823637,2026-04-26,115,COL,0,121,NYM,1,-3,3,0.0,2026
823635,2026-04-26,115,COL,0,121,NYM,0,-4,4,0.0,2026
824526,2026-04-28,115,COL,0,113,CIN,2,-5,1,576.1040985787001,2026
824525,2026-04-29,115,COL,0,113,CIN,1,-6,2,0.0,2026
824524,2026-04-30,115,COL,0,113,CIN,1,-7,3,0.0,2026
824366,2026-05-02,115,COL,1,144,ATL,2,1,1,1091.971068685176,2026
824365,2026-05-03,115,COL,1,144,ATL,1,2,2,0.0,2026
824364,2026-05-03,115,COL,1,144,ATL,0,3,3,0.0,2026
824363,2026-05-04,115,COL,1,121,NYM,1,4,1,0.0,2026
824361,2026-05-07,115,COL,1,121,NYM,1,6,3,0.0,2026
824362,2026-05-07,115,COL,1,121,NYM,0,7,4,0.0,2026
823466,2026-05-08,115,COL,0,143,PHI,1,-1,1,1575.3272730725726,2026
823468,2026-05-09,115,COL,0,143,PHI,1,-2,2,0.0,2026
823463,2026-05-10,115,COL,0,143,PHI,1,-3,3,0.0,2026
823385,2026-05-12,115,COL,0,134,PIT,2,-4,1,258.1684392529645,2026
823386,2026-05-13,115,COL,0,134,PIT,1,-5,2,0.0,2026
823383,2026-05-14,115,COL,0,134,PIT,1,-6,3,0.0,2026
824360,2026-05-16,115,COL,1,109,ARI,2,1,1,1317.1736538054608,2026
824359,2026-05-16,115,COL,1,109,ARI,0,2,2,0.0,2026
824358,2026-05-17,115,COL,1,109,ARI,1,3,3,0.0,2026
824357,2026-05-19,115,COL,1,140,TEX,2,4,1,0.0,2026
824355,2026-05-20,115,COL,1,140,TEX,1,5,2,0.0,2026
824356,2026-05-20,115,COL,1,140,TEX,0,6,3,0.0,2026
825083,2026-05-22,115,COL,0,109,ARI,2,-1,1,586.1530990190981,2026
825082,2026-05-23,115,COL,0,109,ARI,1,-2,2,0.0,2026
825080,2026-05-24,115,COL,0,109,ARI,1,-3,3,0.0,2026
825081,2026-05-24,115,COL,0,109,ARI,0,-4,4,0.0,2026
823948,2026-05-26,115,COL,0,119,LAD,2,-5,1,357.22532088939374,2026
823949,2026-05-27,115,COL,0,119,LAD,1,-6,2,0.0,2026
823947,2026-05-28,115,COL,0,119,LAD,1,-7,3,0.0,2026
824353,2026-05-30,115,COL,1,137,SF,2,1,1,829.208728545356,2026
824354,2026-05-31,115,COL,1,137,SF,1,2,2,0.0,2026
824352,2026-05-31,115,COL,1,137,SF,0,3,3,0.0,2026
824027,2026-06-02,115,COL,0,108,LAA,2,-1,1,822.2861860892081,2026
824026,2026-06-03,115,COL,0,108,LAA,1,-2,2,0.0,2026
824024,2026-06-04,115,COL,0,108,LAA,1,-3,3,0.0,2026
824350,2026-06-06,115,COL,1,158,MIL,2,1,1,822.2861860892081,2026
824351,2026-06-07,115,COL,1,158,MIL,1,2,2,0.0,2026
824349,2026-06-07,115,COL,1,158,MIL,0,3,3,0.0,2026
824347,2026-06-10,115,COL,1,112,CHC,3,4,1,0.0,2026
824346,2026-06-11,115,COL,1,112,CHC,1,5,2,0.0,2026
824348,2026-06-11,115,COL,1,112,CHC,0,6,3,0.0,2026
824997,2026-06-13,115,COL,0,133,OAK,2,-1,1,935.9586291857619,2026
824995,2026-06-14,115,COL,0,133,OAK,1,-2,2,0.0,2026
824994,2026-06-14,115,COL,0,133,OAK,0,-3,3,0.0,2026
824666,2026-06-16,115,COL,0,112,CHC,2,-4,1,1842.6147174758498,2026
824667,2026-06-17,115,COL,0,112,CHC,1,-5,2,0.0,2026
824668,2026-06-18,115,COL,0,112,CHC,1,-6,3,0.0,2026
824345,2026-06-20,115,COL,1,134,PIT,2,1,1,917.1571990207435,2026
824342,2026-06-21,115,COL,1,134,PIT,1,2,2,0.0,2026
824343,2026-06-21,115,COL,1,134,PIT,0,3,3,0.0,2026
824344,2026-06-23,115,COL,1,111,BOS,2,4,1,0.0,2026
824341,2026-06-24,115,COL,1,111,BOS,1,5,2,0.0,2026
824340,2026-06-24,115,COL,1,111,BOS,0,6,3,0.0,2026
823688,2026-06-27,115,COL,0,142,MIN,3,-1,1,697.6486501293384,2026
823689,2026-06-27,115,COL,0,142,MIN,0,-2,2,0.0,2026
823686,2026-06-28,115,COL,0,142,MIN,1,-3,3,0.0,2026
824339,2026-06-30,115,COL,1,146,MIA,2,1,1,697.6486501293384,2026
824338,2026-07-01,115,COL,1,146,MIA,1,2,2,0.0,2026
824337,2026-07-02,115,COL,1,146,MIA,1,3,3,0.0,2026
824335,2026-07-02,115,COL,1,146,MIA,0,4,4,0.0,2026
824336,2026-07-04,115,COL,1,137,SF,2,5,1,0.0,2026
824333,2026-07-05,115,COL,1,137,SF,1,6,2,0.0,2026
824334,2026-07-05,115,COL,1,137,SF,0,7,3,0.0,2026
823930,2026-07-07,115,COL,0,119,LAD,2,-1,1,829.208728545356,2026
823929,2026-07-08,115,COL,0,119,LAD,1,-2,2,0.0,2026
823928,2026-07-09,115,COL,0,119,LAD,1,-3,3,0.0,2026
823201,2026-07-10,115,COL,0,137,SF,1,-4,1,345.5052646422354,2026
823200,2026-07-11,115,COL,0,137,SF,1,-5,2,0.0,2026
823198,2026-07-11,115,COL,0,137,SF,0,-6,3,0.0,2026
823199,2026-07-12,115,COL,0,137,SF,1,-7,4,0.0,2026
824331,2026-07-18,115,COL,1,113,CIN,6,1,1,945.5308694116128,2026
824332,2026-07-18,115,COL,1,113,CIN,0,2,2,0.0,2026
824330,2026-07-19,115,COL,1,113,CIN,1,3,3,0.0,2026
824328,2026-07-21,115,COL,1,120,WSH,2,4,1,0.0,2026
824329,2026-07-22,115,COL,1,120,WSH,1,5,2,0.0,2026
824327,2026-07-22,115,COL,1,120,WSH,0,6,3,0.0,2026
823759,2026-07-24,115,COL,0,158,MIL,2,-1,1,909.1622358795455,2026
823758,2026-07-25,115,COL,0,158,MIL,1,-2,2,0.0,2026
823755,2026-07-26,115,COL,0,158,MIL,1,-3,3,0.0,2026
823275,2026-07-29,115,COL,0,135,SD,3,-4,1,1732.8547359706142,2026
823273,2026-07-29,115,COL,0,135,SD,0,-5,2,0.0,2026
824325,2026-08-01,115,COL,1,118,KC,3,1,1,833.4460828296096,2026
824323,2026-08-02,115,COL,1,118,KC,1,2,2,0.0,2026
824326,2026-08-02,115,COL,1,118,KC,0,3,3,0.0,2026
824324,2026-08-04,115,COL,1,139,TB,2,4,1,0.0,2026
824321,2026-08-05,115,COL,1,139,TB,1,5,2,0.0,2026
824322,2026-08-05,115,COL,1,139,TB,0,6,3,0.0,2026
823024,2026-08-08,115,COL,0,138,STL,3,-1,1,795.6297379917951,2026
823021,2026-08-08,115,COL,0,138,STL,0,-2,2,0.0,2026
823020,2026-08-09,115,COL,0,138,STL,1,-3,3,0.0,2026
825048,2026-08-11,115,COL,0,109,ARI,2,-4,1,1270.0024589462362,2026
825047,2026-08-12,115,COL,0,109,ARI,1,-5,2,0.0,2026
825046,2026-08-12,115,COL,0,109,ARI,0,-6,3,0.0,2026
823184,2026-08-15,115,COL,0,137,SF,3,-7,1,652.0636757078365,2026
823185,2026-08-15,115,COL,0,137,SF,0,-8,2,0.0,2026
823182,2026-08-16,115,COL,0,137,SF,1,-9,3,0.0,2026
824320,2026-08-18,115,COL,1,119,LAD,2,1,1,945.5308694116128,2026
824319,2026-08-19,115,COL,1,119,LAD,1,2,2,0.0,2026
824318,2026-08-20,115,COL,1,119,LAD,1,3,3,0.0,2026
824317,2026-08-22,115,COL,1,114,CLE,2,4,1,0.0,2026
824316,2026-08-23,115,COL,1,114,CLE,1,5,2,0.0,2026
824315,2026-08-23,115,COL,1,114,CLE,0,6,3,0.0,2026
822695,2026-08-24,115,COL,0,120,WSH,1,-1,1,1491.3129647935543,2026
822693,2026-08-25,115,COL,0,120,WSH,1,-2,2,0.0,2026
822692,2026-08-26,115,COL,0,120,WSH,1,-3,3,0.0,2026
822694,2026-08-27,115,COL,0,120,WSH,1,-4,4,0.0,2026
824877,2026-08-28,115,COL,0,144,ATL,1,-5,1,538.869727266714,2026
824874,2026-08-29,115,COL,0,144,ATL,1,-6,2,0.0,2026
824876,2026-08-30,115,COL,0,144,ATL,1,-7,3,0.0,2026
824314,2026-09-01,115,COL,1,110,BAL,2,1,1,1202.1860715929813,2026
824313,2026-09-02,115,COL,1,110,BAL,1,2,2,0.0,2026
824312,2026-09-02,115,COL,1,110,BAL,0,3,3,0.0,2026
824311,2026-09-05,115,COL,1,138,STL,3,4,1,0.0,2026
824309,2026-09-06,115,COL,1,138,STL,1,5,2,0.0,2026
824310,2026-09-06,115,COL,1,138,STL,0,6,3,0.0,2026
823500,2026-09-08,115,COL,0,147,NYY,2,-1,1,1630.5053800190935,2026
823497,2026-09-09,115,COL,0,147,NYY,1,-2,2,0.0,2026
823499,2026-09-10,115,COL,0,147,NYY,1,-3,3,0.0,2026
824227,2026-09-11,115,COL,0,116,DET,1,-4,1,482.6121717715705,2026
824224,2026-09-12,115,COL,0,116,DET,1,-5,2,0.0,2026
824225,2026-09-13,115,COL,0,116,DET,1,-6,3,0.0,2026
824308,2026-09-15,115,COL,1,135,SD,2,1,1,1154.1426681495122,2026
824307,2026-09-16,115,COL,1,135,SD,1,2,2,0.0,2026
824305,2026-09-17,115,COL,1,135,SD,1,3,3,0.0,2026
824306,2026-09-17,115,COL,1,135,SD,0,4,4,0.0,2026
824303,2026-09-19,115,COL,1,136,SEA,2,5,1,0.0,2026
824304,2026-09-20,115,COL,1,136,SEA,1,6,2,0.0,2026
824300,2026-09-20,115,COL,1,136,SEA,0,7,3,0.0,2026
824302,2026-09-23,115,COL,1,109,ARI,3,8,1,0.0,2026
824301,2026-09-24,115,COL,1,109,ARI,1,9,2,0.0,2026
824298,2026-09-24,115,COL,1,109,ARI,0,10,3,0.0,2026
824544,2026-09-25,115,COL,0,145,CWS,1,-1,1,917.7666362462637,2026
824543,2026-09-26,115,COL,0,145,CWS,1,-2,2,0.0,2026
824542,2026-09-27,115,COL,0,145,CWS,1,-3,3,0.0,2026
823325,2026-03-26,116,DET,0,135,SD,0,-1,1,1968.4968227988124,2026
823324,2026-03-28,116,DET,0,135,SD,2,-2,2,0.0,2026
823323,2026-03-29,116,DET,0,135,SD,1,-3,3,0.0,2026
825108,2026-03-31,116,DET,0,109,ARI,2,-4,1,299.07000924838377,2026
825107,2026-04-01,116,DET,0,109,ARI,1,-5,2,0.0,2026
825106,2026-04-01,116,DET,0,109,ARI,0,-6,3,0.0,2026
824299,2026-04-03,116,DET,1,138,STL,2,1,1,1687.2573741018657,2026
824295,2026-04-04,116,DET,1,138,STL,1,2,2,0.0,2026
824296,2026-04-05,116,DET,1,138,STL,1,3,3,0.0,2026
823728,2026-04-06,116,DET,0,142,MIN,1,-1,1,542.5071369450939,2026
823727,2026-04-07,116,DET,0,142,MIN,1,-2,2,0.0,2026
823726,2026-04-08,116,DET,0,142,MIN,1,-3,3,0.0,2026
823724,2026-04-09,116,DET,0,142,MIN,1,-4,4,0.0,2026
824297,2026-04-10,116,DET,1,146,MIA,1,1,1,542.5071369450939,2026
824294,2026-04-11,116,DET,1,146,MIA,1,2,2,0.0,2026
824293,2026-04-12,116,DET,1,146,MIA,1,3,3,0.0,2026
824292,2026-04-14,116,DET,1,118,KC,2,4,1,0.0,2026
824291,2026-04-15,116,DET,1,118,KC,1,5,2,0.0,2026
824289,2026-04-16,116,DET,1,118,KC,1,6,3,0.0,2026
824778,2026-04-17,116,DET,0,111,BOS,1,-1,1,609.8730788976414,2026
824775,2026-04-18,116,DET,0,111,BOS,1,-2,2,0.0,2026
824777,2026-04-19,116,DET,0,111,BOS,1,-3,3,0.0,2026
824776,2026-04-20,116,DET,0,111,BOS,1,-4,4,0.0,2026
824290,2026-04-21,116,DET,1,158,MIL,1,1,1,609.8730788976414,2026
824286,2026-04-22,116,DET,1,158,MIL,1,2,2,0.0,2026
824288,2026-04-23,116,DET,1,158,MIL,1,3,3,0.0,2026
824529,2026-04-24,116,DET,0,113,CIN,1,-1,1,236.62913628650645,2026
824527,2026-04-25,116,DET,0,113,CIN,1,-2,2,0.0,2026
824528,2026-04-26,116,DET,0,113,CIN,1,-3,3,0.0,2026
824931,2026-04-28,116,DET,0,144,ATL,2,-4,1,359.8050212534856,2026
824930,2026-04-29,116,DET,0,144,ATL,1,-5,2,0.0,2026
824929,2026-04-30,116,DET,0,144,ATL,1,-6,3,0.0,2026
824287,2026-05-01,116,DET,1,140,TEX,1,1,1,588.8013172467564,2026
824284,2026-05-02,116,DET,1,140,TEX,1,2,2,0.0,2026
824285,2026-05-03,116,DET,1,140,TEX,1,3,3,0.0,2026
824283,2026-05-04,116,DET,1,111,BOS,1,4,1,0.0,2026
824281,2026-05-05,116,DET,1,111,BOS,1,5,2,0.0,2026
824282,2026-05-06,116,DET,1,111,BOS,1,6,3,0.0,2026
824116,2026-05-08,116,DET,0,118,KC,2,-1,1,639.8841499405022,2026
824115,2026-05-09,116,DET,0,118,KC,1,-2,2,0.0,2026
824113,2026-05-10,116,DET,0,118,KC,1,-3,3,0.0,2026
823632,2026-05-12,116,DET,0,121,NYM,2,-4,1,1097.5188305416061,2026
823631,2026-05-13,116,DET,0,121,NYM,1,-5,2,0.0,2026
823630,2026-05-14,116,DET,0,121,NYM,1,-6,3,0.0,2026
824280,2026-05-15,116,DET,1,141,TOR,1,1,1,488.01813985396933,2026
824278,2026-05-16,116,DET,1,141,TOR,1,2,2,0.0,2026
824279,2026-05-17,116,DET,1,141,TOR,1,3,3,0.0,2026
824277,2026-05-18,116,DET,1,114,CLE,1,4,1,0.0,2026
824276,2026-05-19,116,DET,1,114,CLE,1,5,2,0.0,2026
824273,2026-05-20,116,DET,1,114,CLE,1,6,3,0.0,2026
824274,2026-05-21,116,DET,1,114,CLE,1,7,4,0.0,2026
824842,2026-05-22,116,DET,0,110,BAL,1,-1,1,396.72723870572077,2026
824839,2026-05-24,116,DET,0,110,BAL,1,-3,3,0.0,2026
824840,2026-05-24,116,DET,0,110,BAL,0,-4,4,0.0,2026
824275,2026-05-26,116,DET,1,108,LAA,2,1,1,396.72723870572077,2026
824270,2026-05-27,116,DET,1,108,LAA,1,2,2,0.0,2026
824272,2026-05-28,116,DET,1,108,LAA,1,3,3,0.0,2026
824594,2026-05-29,116,DET,0,145,CWS,1,-1,1,237.7264337126216,2026
824593,2026-05-30,116,DET,0,145,CWS,1,-2,2,0.0,2026
824592,2026-05-31,116,DET,0,145,CWS,1,-3,3,0.0,2026
822974,2026-06-01,116,DET,0,139,TB,1,-4,1,1011.3877112665284,2026
822971,2026-06-02,116,DET,0,139,TB,1,-5,2,0.0,2026
822973,2026-06-03,116,DET,0,139,TB,1,-6,3,0.0,2026
824271,2026-06-05,116,DET,1,136,SEA,2,1,1,1007.0448721012648,2026
824269,2026-06-06,116,DET,1,136,SEA,1,2,2,0.0,2026
824268,2026-06-07,116,DET,1,136,SEA,1,3,3,0.0,2026
824267,2026-06-09,116,DET,1,142,MIN,2,4,1,0.0,2026
824266,2026-06-10,116,DET,1,142,MIN,1,5,2,0.0,2026
824265,2026-06-11,116,DET,1,142,MIN,1,6,3,0.0,2026
824425,2026-06-12,116,DET,0,114,CLE,1,-1,1,91.12804978214932,2026
824426,2026-06-13,116,DET,0,114,CLE,1,-2,2,0.0,2026
824424,2026-06-14,116,DET,0,114,CLE,1,-3,3,0.0,2026
824181,2026-06-16,116,DET,0,117,HOU,2,-4,1,1114.100496699443,2026
824182,2026-06-17,116,DET,0,117,HOU,1,-5,2,0.0,2026
824178,2026-06-17,116,DET,0,117,HOU,0,-6,3,0.0,2026
824264,2026-06-19,116,DET,1,145,CWS,2,1,1,1105.8761830717617,2026
824263,2026-06-20,116,DET,1,145,CWS,1,2,2,0.0,2026
824260,2026-06-21,116,DET,1,145,CWS,1,3,3,0.0,2026
824261,2026-06-22,116,DET,1,147,NYY,1,4,1,0.0,2026
824262,2026-06-23,116,DET,1,147,NYY,1,5,2,0.0,2026
824259,2026-06-24,116,DET,1,147,NYY,1,6,3,0.0,2026
824258,2026-06-25,116,DET,1,117,HOU,1,7,1,0.0,2026
824255,2026-06-26,116,DET,1,117,HOU,1,8,2,0.0,2026
824257,2026-06-27,116,DET,1,117,HOU,1,9,3,0.0,2026
824256,2026-06-28,116,DET,1,117,HOU,1,10,4,0.0,2026
823529,2026-06-29,116,DET,0,147,NYY,1,-1,1,482.6121717715705,2026
823528,2026-06-30,116,DET,0,147,NYY,1,-2,2,0.0,2026
823530,2026-07-01,116,DET,0,147,NYY,1,-3,3,0.0,2026
822884,2026-07-03,116,DET,0,140,TEX,2,-4,1,1392.1915186769138,2026
822882,2026-07-04,116,DET,0,140,TEX,1,-5,2,0.0,2026
822879,2026-07-05,116,DET,0,140,TEX,1,-6,3,0.0,2026
824254,2026-07-07,116,DET,1,133,OAK,2,1,1,1012.5081459059959,2026
824253,2026-07-08,116,DET,1,133,OAK,1,2,2,0.0,2026
824251,2026-07-09,116,DET,1,133,OAK,1,3,3,0.0,2026
824252,2026-07-10,116,DET,1,143,PHI,1,4,1,0.0,2026
824249,2026-07-11,116,DET,1,143,PHI,1,5,2,0.0,2026
824250,2026-07-12,116,DET,1,143,PHI,1,6,3,0.0,2026
824009,2026-07-18,116,DET,0,108,LAA,6,-1,1,1969.013791743627,2026
824008,2026-07-19,116,DET,0,108,LAA,1,-2,2,0.0,2026
824007,2026-07-19,116,DET,0,108,LAA,0,-3,3,0.0,2026
824654,2026-07-21,116,DET,0,112,CHC,2,-4,1,1731.5112579868214,2026
824652,2026-07-22,116,DET,0,112,CHC,1,-5,2,0.0,2026
824650,2026-07-23,116,DET,0,112,CHC,1,-6,3,0.0,2026
824247,2026-07-23,116,DET,1,118,KC,0,1,1,237.53010712627383,2026
824248,2026-07-24,116,DET,1,118,KC,1,2,2,0.0,2026
824244,2026-07-25,116,DET,1,118,KC,1,3,3,0.0,2026
824246,2026-07-26,116,DET,1,118,KC,1,4,4,0.0,2026
824245,2026-07-27,116,DET,1,110,BAL,1,5,1,0.0,2026
824243,2026-07-28,116,DET,1,110,BAL,1,6,2,0.0,2026
824242,2026-07-29,116,DET,1,110,BAL,1,7,3,0.0,2026
824975,2026-08-01,116,DET,0,133,OAK,3,-1,1,2076.502664481492,2026
824972,2026-08-02,116,DET,0,133,OAK,1,-2,2,0.0,2026
824971,2026-08-02,116,DET,0,133,OAK,0,-3,3,0.0,2026
823108,2026-08-05,116,DET,0,136,SEA,3,-4,1,679.9392003432476,2026
823106,2026-08-06,116,DET,0,136,SEA,1,-5,2,0.0,2026
823105,2026-08-06,116,DET,0,136,SEA,0,-6,3,0.0,2026
823191,2026-08-08,116,DET,0,137,SF,2,-7,1,678.0468674235019,2026
823188,2026-08-08,116,DET,0,137,SF,0,-8,2,0.0,2026
823190,2026-08-09,116,DET,0,137,SF,1,-9,3,0.0,2026
824240,2026-08-11,116,DET,1,114,CLE,2,1,1,2085.4382148086124,2026
824241,2026-08-12,116,DET,1,114,CLE,1,2,2,0.0,2026
824238,2026-08-13,116,DET,1,114,CLE,1,3,3,0.0,2026
824237,2026-08-14,116,DET,1,145,CWS,1,4,1,0.0,2026
824239,2026-08-15,116,DET,1,145,CWS,1,5,2,0.0,2026
824236,2026-08-16,116,DET,1,145,CWS,1,6,3,0.0,2026
823343,2026-08-17,116,DET,0,134,PIT,1,-1,1,204.84355160436255,2026
823341,2026-08-18,116,DET,0,134,PIT,1,-2,2,0.0,2026
823342,2026-08-19,116,DET,0,134,PIT,1,-3,3,0.0,2026
824072,2026-08-22,116,DET,0,118,KC,3,-4,1,774.1016017962553,2026
824073,2026-08-22,116,DET,0,118,KC,0,-5,2,0.0,2026
824071,2026-08-23,116,DET,0,118,KC,1,-6,3,0.0,2026
824235,2026-08-24,116,DET,1,139,TB,1,1,1,639.8841499405022,2026
824233,2026-08-25,116,DET,1,139,TB,1,2,2,0.0,2026
824234,2026-08-26,116,DET,1,139,TB,1,3,3,0.0,2026
824231,2026-08-28,116,DET,1,119,LAD,2,4,1,0.0,2026
824230,2026-08-29,116,DET,1,119,LAD,1,5,2,0.0,2026
824232,2026-08-30,116,DET,1,119,LAD,1,6,3,0.0,2026
823663,2026-08-31,116,DET,0,142,MIN,1,-1,1,542.5071369450939,2026
823661,2026-09-01,116,DET,0,142,MIN,1,-2,2,0.0,2026
823660,2026-09-02,116,DET,0,142,MIN,1,-3,3,0.0,2026
824387,2026-09-04,116,DET,0,114,CLE,2,-4,1,630.5553923040089,2026
824389,2026-09-05,116,DET,0,114,CLE,1,-5,2,0.0,2026
824385,2026-09-06,116,DET,0,114,CLE,1,-6,3,0.0,2026
824229,2026-09-07,116,DET,1,142,MIN,1,1,1,91.12804978214932,2026
824228,2026-09-08,116,DET,1,142,MIN,1,2,2,0.0,2026
824226,2026-09-09,116,DET,1,142,MIN,1,3,3,0.0,2026
824227,2026-09-11,116,DET,1,115,COL,2,4,1,0.0,2026
824224,2026-09-12,116,DET,1,115,COL,1,5,2,0.0,2026
824225,2026-09-13,116,DET,1,115,COL,1,6,3,0.0,2026
822765,2026-09-14,116,DET,0,141,TOR,1,-1,1,205.64835449402668,2026
822762,2026-09-15,116,DET,0,141,TOR,1,-2,2,0.0,2026
822763,2026-09-16,116,DET,0,141,TOR,1,-3,3,0.0,2026
824548,2026-09-17,116,DET,0,145,CWS,1,-4,1,436.51941913736283,2026
824547,2026-09-18,116,DET,0,145,CWS,1,-5,2,0.0,2026
824545,2026-09-19,116,DET,0,145,CWS,1,-6,3,0.0,2026
824546,2026-09-20,116,DET,0,145,CWS,1,-7,4,0.0,2026
824221,2026-09-21,116,DET,1,120,WSH,1,1,1,237.7264337126216,2026
824222,2026-09-22,116,DET,1,120,WSH,1,2,2,0.0,2026
824223,2026-09-23,116,DET,1,120,WSH,1,3,3,0.0,2026
824220,2026-09-25,116,DET,1,134,PIT,2,4,1,0.0,2026
824219,2026-09-26,116,DET,1,134,PIT,1,5,2,0.0,2026
824217,2026-09-27,116,DET,1,134,PIT,1,6,3,0.0,2026
824218,2026-03-26,117,HOU,1,108,LAA,0,1,1,0.0,2026
824216,2026-03-28,117,HOU,1,108,LAA,2,2,2,0.0,2026
824213,2026-03-28,117,HOU,1,108,LAA,0,3,3,0.0,2026
824215,2026-03-29,117,HOU,1,108,LAA,1,4,4,0.0,2026
824214,2026-03-31,117,HOU,1,111,BOS,2,5,1,0.0,2026
824212,2026-04-01,117,HOU,1,111,BOS,1,6,2,0.0,2026
824211,2026-04-01,117,HOU,1,111,BOS,0,7,3,0.0,2026
825026,2026-04-04,117,HOU,0,133,OAK,3,-1,1,1631.2403491139823,2026
825027,2026-04-04,117,HOU,0,133,OAK,0,-2,2,0.0,2026
825025,2026-04-05,117,HOU,0,133,OAK,1,-3,3,0.0,2026
824376,2026-04-07,117,HOU,0,115,COL,2,-4,1,935.9586291857619,2026
824375,2026-04-08,117,HOU,0,115,COL,1,-5,2,0.0,2026
824374,2026-04-08,117,HOU,0,115,COL,0,-6,3,0.0,2026
823156,2026-04-11,117,HOU,0,136,SEA,3,-7,1,1018.269066908343,2026
823155,2026-04-12,117,HOU,0,136,SEA,1,-8,2,0.0,2026
823154,2026-04-12,117,HOU,0,136,SEA,0,-9,3,0.0,2026
823153,2026-04-13,117,HOU,0,136,SEA,1,-10,4,0.0,2026
824210,2026-04-15,117,HOU,1,115,COL,2,1,1,1889.6158526975785,2026
824209,2026-04-16,117,HOU,1,115,COL,1,2,2,0.0,2026
824208,2026-04-17,117,HOU,1,115,COL,1,3,3,0.0,2026
824207,2026-04-18,117,HOU,1,138,STL,1,4,1,0.0,2026
824206,2026-04-18,117,HOU,1,138,STL,0,5,2,0.0,2026
824205,2026-04-19,117,HOU,1,138,STL,1,6,3,0.0,2026
824450,2026-04-20,117,HOU,0,114,CLE,1,-1,1,1114.100496699443,2026
824448,2026-04-21,117,HOU,0,114,CLE,1,-2,2,0.0,2026
824449,2026-04-22,117,HOU,0,114,CLE,1,-3,3,0.0,2026
824204,2026-04-25,117,HOU,1,147,NYY,3,1,1,1114.100496699443,2026
824203,2026-04-25,117,HOU,1,147,NYY,0,2,2,0.0,2026
824202,2026-04-26,117,HOU,1,147,NYY,1,3,3,0.0,2026
824849,2026-04-28,117,HOU,0,110,BAL,2,-1,1,1249.46334342378,2026
824848,2026-04-30,117,HOU,0,110,BAL,1,-3,3,0.0,2026
824850,2026-04-30,117,HOU,0,110,BAL,0,-4,4,0.0,2026
824772,2026-05-01,117,HOU,0,111,BOS,1,-5,1,358.0026308075598,2026
824771,2026-05-02,117,HOU,0,111,BOS,1,-6,2,0.0,2026
824769,2026-05-03,117,HOU,0,111,BOS,1,-7,3,0.0,2026
824201,2026-05-05,117,HOU,1,119,LAD,2,1,1,1601.3745489627004,2026
824200,2026-05-06,117,HOU,1,119,LAD,1,2,2,0.0,2026
824198,2026-05-06,117,HOU,1,119,LAD,0,3,3,0.0,2026
824522,2026-05-08,117,HOU,0,113,CIN,2,-1,1,892.3931536123845,2026
824523,2026-05-09,117,HOU,0,113,CIN,1,-2,2,0.0,2026
824520,2026-05-10,117,HOU,0,113,CIN,1,-3,3,0.0,2026
824199,2026-05-12,117,HOU,1,136,SEA,2,1,1,892.3931536123845,2026
824197,2026-05-13,117,HOU,1,136,SEA,1,2,2,0.0,2026
824195,2026-05-14,117,HOU,1,136,SEA,1,3,3,0.0,2026
824196,2026-05-14,117,HOU,1,136,SEA,0,4,4,0.0,2026
824194,2026-05-16,117,HOU,1,140,TEX,2,5,1,0.0,2026
824193,2026-05-16,117,HOU,1,140,TEX,0,6,2,0.0,2026
824192,2026-05-17,117,HOU,1,140,TEX,1,7,3,0.0,2026
823705,2026-05-18,117,HOU,0,142,MIN,1,-1,1,1058.038361560939,2026
823704,2026-05-19,117,HOU,0,142,MIN,1,-2,2,0.0,2026
823703,2026-05-20,117,HOU,0,142,MIN,1,-3,3,0.0,2026
824679,2026-05-22,117,HOU,0,112,CHC,2,-4,1,351.19627848712736,2026
824674,2026-05-23,117,HOU,0,112,CHC,1,-5,2,0.0,2026
824676,2026-05-24,117,HOU,0,112,CHC,1,-6,3,0.0,2026
822899,2026-05-25,117,HOU,0,140,TEX,1,-7,1,818.6825304940769,2026
822898,2026-05-27,117,HOU,0,140,TEX,2,-8,2,0.0,2026
822897,2026-05-28,117,HOU,0,140,TEX,1,-9,3,0.0,2026
822896,2026-05-29,117,HOU,0,140,TEX,1,-10,4,0.0,2026
824190,2026-05-30,117,HOU,1,158,MIL,1,1,1,230.66355960201378,2026
824191,2026-05-30,117,HOU,1,158,MIL,0,2,2,0.0,2026
824187,2026-05-31,117,HOU,1,158,MIL,1,3,3,0.0,2026
824189,2026-06-03,117,HOU,1,134,PIT,3,4,1,0.0,2026
824188,2026-06-04,117,HOU,1,134,PIT,1,5,2,0.0,2026
824185,2026-06-05,117,HOU,1,134,PIT,1,6,3,0.0,2026
824186,2026-06-06,117,HOU,1,133,OAK,1,7,1,0.0,2026
824184,2026-06-06,117,HOU,1,133,OAK,0,8,2,0.0,2026
824183,2026-06-07,117,HOU,1,133,OAK,1,9,3,0.0,2026
824025,2026-06-09,117,HOU,0,108,LAA,2,-1,1,1349.4753249039884,2026
824023,2026-06-10,117,HOU,0,108,LAA,1,-2,2,0.0,2026
824022,2026-06-11,117,HOU,0,108,LAA,1,-3,3,0.0,2026
824102,2026-06-13,117,HOU,0,118,KC,2,-4,1,1346.5044522382782,2026
824100,2026-06-13,117,HOU,0,118,KC,0,-5,2,0.0,2026
824099,2026-06-14,117,HOU,0,118,KC,1,-6,3,0.0,2026
824181,2026-06-16,117,HOU,1,116,DET,2,1,1,644.1456886709294,2026
824182,2026-06-17,117,HOU,1,116,DET,1,2,2,0.0,2026
824178,2026-06-17,117,HOU,1,116,DET,0,3,3,0.0,2026
824179,2026-06-20,117,HOU,1,114,CLE,3,4,1,0.0,2026
824180,2026-06-20,117,HOU,1,114,CLE,0,5,2,0.0,2026
824177,2026-06-21,117,HOU,1,114,CLE,1,6,3,0.0,2026
822800,2026-06-22,117,HOU,0,141,TOR,1,-1,1,1300.2748883372112,2026
822799,2026-06-23,117,HOU,0,141,TOR,1,-2,2,0.0,2026
822798,2026-06-24,117,HOU,0,141,TOR,1,-3,3,0.0,2026
824258,2026-06-25,117,HOU,0,116,DET,1,-4,1,205.64835449402668,2026
824255,2026-06-26,117,HOU,0,116,DET,1,-5,2,0.0,2026
824257,2026-06-27,117,HOU,0,116,DET,1,-6,3,0.0,2026
824256,2026-06-28,117,HOU,0,116,DET,1,-7,4,0.0,2026
824176,2026-06-30,117,HOU,1,142,MIN,2,1,1,1105.8761830717617,2026
824175,2026-07-01,117,HOU,1,142,MIN,1,2,2,0.0,2026
824174,2026-07-02,117,HOU,1,142,MIN,1,3,3,0.0,2026
824171,2026-07-04,117,HOU,1,139,TB,2,4,1,0.0,2026
824173,2026-07-04,117,HOU,1,139,TB,0,5,2,0.0,2026
824172,2026-07-05,117,HOU,1,139,TB,1,6,3,0.0,2026
822712,2026-07-06,117,HOU,0,120,WSH,1,-1,1,1218.4825059673833,2026
822713,2026-07-07,117,HOU,0,120,WSH,1,-2,2,0.0,2026
822710,2026-07-08,117,HOU,0,120,WSH,1,-3,3,0.0,2026
822878,2026-07-11,117,HOU,0,140,TEX,3,-4,1,1198.682847057283,2026
822875,2026-07-11,117,HOU,0,140,TEX,0,-5,2,0.0,2026
822876,2026-07-12,117,HOU,0,140,TEX,1,-6,3,0.0,2026
824170,2026-07-18,117,HOU,1,110,BAL,6,1,1,230.66355960201378,2026
824169,2026-07-18,117,HOU,1,110,BAL,0,2,2,0.0,2026
824168,2026-07-19,117,HOU,1,110,BAL,1,3,3,0.0,2026
824167,2026-07-21,117,HOU,1,146,MIA,2,4,1,0.0,2026
824165,2026-07-22,117,HOU,1,146,MIA,1,5,2,0.0,2026
824166,2026-07-23,117,HOU,1,146,MIA,1,6,3,0.0,2026
824573,2026-07-24,117,HOU,0,145,CWS,1,-1,1,938.7707116803103,2026
824571,2026-07-25,117,HOU,0,145,CWS,1,-2,2,0.0,2026
824572,2026-07-26,117,HOU,0,145,CWS,1,-3,3,0.0,2026
824001,2026-07-28,117,HOU,0,108,LAA,2,-4,1,1731.3431702590296,2026
824003,2026-07-29,117,HOU,0,108,LAA,1,-5,2,0.0,2026
824002,2026-07-30,117,HOU,0,108,LAA,1,-6,3,0.0,2026
824162,2026-08-01,117,HOU,1,140,TEX,2,1,1,1349.4753249039884,2026
824164,2026-08-01,117,HOU,1,140,TEX,0,2,2,0.0,2026
824163,2026-08-02,117,HOU,1,140,TEX,1,3,3,0.0,2026
824160,2026-08-04,117,HOU,1,141,TOR,2,4,1,0.0,2026
824161,2026-08-05,117,HOU,1,141,TOR,1,5,2,0.0,2026
824158,2026-08-05,117,HOU,1,141,TOR,0,6,3,0.0,2026
823266,2026-08-08,117,HOU,0,135,SD,3,-1,1,1301.7555415501963,2026
823267,2026-08-08,117,HOU,0,135,SD,0,-2,2,0.0,2026
823268,2026-08-10,117,HOU,0,135,SD,2,-3,3,0.0,2026
823189,2026-08-11,117,HOU,0,137,SF,1,-4,1,458.03894144483473,2026
823187,2026-08-12,117,HOU,0,137,SF,1,-5,2,0.0,2026
823186,2026-08-12,117,HOU,0,137,SF,0,-6,3,0.0,2026
824159,2026-08-15,117,HOU,1,136,SEA,3,1,1,1641.7172266838993,2026
824157,2026-08-15,117,HOU,1,136,SEA,0,2,2,0.0,2026
824156,2026-08-16,117,HOU,1,136,SEA,1,3,3,0.0,2026
824154,2026-08-19,117,HOU,1,108,LAA,3,4,1,0.0,2026
824155,2026-08-20,117,HOU,1,108,LAA,1,5,2,0.0,2026
824153,2026-08-21,117,HOU,1,108,LAA,1,6,3,0.0,2026
824152,2026-08-22,117,HOU,1,133,OAK,1,7,1,0.0,2026
824151,2026-08-22,117,HOU,1,133,OAK,0,8,2,0.0,2026
824150,2026-08-23,117,HOU,1,133,OAK,1,9,3,0.0,2026
823505,2026-08-25,117,HOU,0,147,NYY,2,-1,1,1424.3629806468848,2026
823506,2026-08-26,117,HOU,0,147,NYY,1,-2,2,0.0,2026
823503,2026-08-27,117,HOU,0,147,NYY,1,-3,3,0.0,2026
823583,2026-08-28,117,HOU,0,121,NYM,1,-4,1,6.541035356047549,2026
823582,2026-08-29,117,HOU,0,121,NYM,1,-5,2,0.0,2026
823580,2026-08-30,117,HOU,0,121,NYM,1,-6,3,0.0,2026
824149,2026-09-01,117,HOU,1,145,CWS,2,1,1,1425.994081762968,2026
824148,2026-09-02,117,HOU,1,145,CWS,1,2,2,0.0,2026
824147,2026-09-03,117,HOU,1,145,CWS,1,3,3,0.0,2026
824144,2026-09-03,117,HOU,1,145,CWS,0,4,4,0.0,2026
824145,2026-09-05,117,HOU,1,109,ARI,2,5,1,0.0,2026
824146,2026-09-05,117,HOU,1,109,ARI,0,6,2,0.0,2026
824142,2026-09-06,117,HOU,1,109,ARI,1,7,3,0.0,2026
823414,2026-09-08,117,HOU,0,143,PHI,2,-1,1,1337.9314503801108,2026
823416,2026-09-09,117,HOU,0,143,PHI,1,-2,2,0.0,2026
823413,2026-09-10,117,HOU,0,143,PHI,1,-3,3,0.0,2026
822930,2026-09-11,117,HOU,0,139,TB,1,-4,1,941.4579426846607,2026
822927,2026-09-12,117,HOU,0,139,TB,1,-5,2,0.0,2026
822928,2026-09-13,117,HOU,0,139,TB,1,-6,3,0.0,2026
824143,2026-09-16,117,HOU,1,118,KC,3,1,1,781.1406098722147,2026
824141,2026-09-17,117,HOU,1,118,KC,1,2,2,0.0,2026
824140,2026-09-17,117,HOU,1,118,KC,0,3,3,0.0,2026
824138,2026-09-19,117,HOU,1,144,ATL,2,4,1,0.0,2026
824137,2026-09-19,117,HOU,1,144,ATL,0,5,2,0.0,2026
824139,2026-09-20,117,HOU,1,144,ATL,1,6,3,0.0,2026
823089,2026-09-23,117,HOU,0,136,SEA,3,-1,1,1889.6158526975785,2026
823086,2026-09-24,117,HOU,0,136,SEA,1,-2,2,0.0,2026
824950,2026-09-25,117,HOU,0,133,OAK,1,-3,1,679.9392003432476,2026
824947,2026-09-26,117,HOU,0,133,OAK,1,-4,2,0.0,2026
824949,2026-09-27,117,HOU,0,133,OAK,1,-5,3,0.0,2026
824948,2026-09-27,117,HOU,0,133,OAK,0,-6,4,0.0,2026
824946,2026-03-27,118,KC,0,144,ATL,0,-1,1,660.1950472349462,2026
824945,2026-03-28,118,KC,0,144,ATL,1,-2,2,0.0,2026
824944,2026-03-29,118,KC,0,144,ATL,1,-3,3,0.0,2026
824135,2026-03-30,118,KC,1,142,MIN,1,1,1,660.1950472349462,2026
824136,2026-04-01,118,KC,1,142,MIN,2,2,2,0.0,2026
824133,2026-04-02,118,KC,1,142,MIN,1,3,3,0.0,2026
824132,2026-04-04,118,KC,1,158,MIL,1,5,2,0.0,2026
824134,2026-04-04,118,KC,1,158,MIL,0,6,3,0.0,2026
824131,2026-04-05,118,KC,1,158,MIL,1,7,4,0.0,2026
824456,2026-04-06,118,KC,0,114,CLE,1,-1,1,694.6429853897519,2026
824457,2026-04-07,118,KC,0,114,CLE,1,-2,2,0.0,2026
824455,2026-04-08,118,KC,0,114,CLE,1,-3,3,0.0,2026
824130,2026-04-09,118,KC,1,145,CWS,1,1,1,694.6429853897519,2026
824128,2026-04-10,118,KC,1,145,CWS,1,2,2,0.0,2026
824129,2026-04-11,118,KC,1,145,CWS,1,3,3,0.0,2026
824126,2026-04-12,118,KC,1,145,CWS,1,4,4,0.0,2026
824292,2026-04-14,118,KC,0,116,DET,2,-1,1,639.8841499405022,2026
824291,2026-04-15,118,KC,0,116,DET,1,-2,2,0.0,2026
824289,2026-04-16,118,KC,0,116,DET,1,-3,3,0.0,2026
823559,2026-04-17,118,KC,0,147,NYY,1,-4,1,482.6121717715705,2026
823558,2026-04-18,118,KC,0,147,NYY,1,-5,2,0.0,2026
823556,2026-04-19,118,KC,0,147,NYY,1,-6,3,0.0,2026
824125,2026-04-20,118,KC,1,110,BAL,1,1,1,1093.2758575684966,2026
824127,2026-04-21,118,KC,1,110,BAL,1,2,2,0.0,2026
824123,2026-04-22,118,KC,1,110,BAL,1,3,3,0.0,2026
824124,2026-04-24,118,KC,1,108,LAA,2,4,1,0.0,2026
824121,2026-04-25,118,KC,1,108,LAA,1,5,2,0.0,2026
824122,2026-04-26,118,KC,1,108,LAA,1,6,3,0.0,2026
825017,2026-04-29,118,KC,0,133,OAK,3,-1,1,1497.929836668995,2026
825015,2026-04-30,118,KC,0,133,OAK,1,-2,2,0.0,2026
825016,2026-04-30,118,KC,0,133,OAK,0,-3,3,0.0,2026
823146,2026-05-02,118,KC,0,136,SEA,2,-4,1,679.9392003432476,2026
823144,2026-05-03,118,KC,0,136,SEA,1,-5,2,0.0,2026
823145,2026-05-03,118,KC,0,136,SEA,0,-6,3,0.0,2026
824120,2026-05-04,118,KC,1,114,CLE,1,1,1,1508.929102213115,2026
824119,2026-05-05,118,KC,1,114,CLE,1,2,2,0.0,2026
824118,2026-05-06,118,KC,1,114,CLE,1,3,3,0.0,2026
824117,2026-05-07,118,KC,1,114,CLE,1,4,4,0.0,2026
824116,2026-05-08,118,KC,1,116,DET,1,5,1,0.0,2026
824115,2026-05-09,118,KC,1,116,DET,1,6,2,0.0,2026
824113,2026-05-10,118,KC,1,116,DET,1,7,3,0.0,2026
824604,2026-05-12,118,KC,0,145,CWS,2,-1,1,407.8477881651946,2026
824603,2026-05-13,118,KC,0,145,CWS,1,-2,2,0.0,2026
824602,2026-05-14,118,KC,0,145,CWS,1,-3,3,0.0,2026
823061,2026-05-16,118,KC,0,138,STL,2,-4,1,259.4675939691297,2026
823060,2026-05-16,118,KC,0,138,STL,0,-5,2,0.0,2026
823058,2026-05-17,118,KC,0,138,STL,1,-6,3,0.0,2026
824114,2026-05-18,118,KC,1,111,BOS,1,1,1,232.6374617718515,2026
824112,2026-05-19,118,KC,1,111,BOS,1,2,2,0.0,2026
824111,2026-05-20,118,KC,1,111,BOS,1,3,3,0.0,2026
824110,2026-05-22,118,KC,1,136,SEA,2,4,1,0.0,2026
824109,2026-05-23,118,KC,1,136,SEA,1,5,2,0.0,2026
824108,2026-05-24,118,KC,1,136,SEA,1,6,3,0.0,2026
824107,2026-05-25,118,KC,1,147,NYY,1,7,1,0.0,2026
824106,2026-05-26,118,KC,1,147,NYY,1,8,2,0.0,2026
824104,2026-05-27,118,KC,1,147,NYY,1,9,3,0.0,2026
822894,2026-05-30,118,KC,0,140,TEX,3,-1,1,459.01779323801827,2026
822893,2026-05-30,118,KC,0,140,TEX,0,-2,2,0.0,2026
822895,2026-05-31,118,KC,0,140,TEX,1,-3,3,0.0,2026
824510,2026-06-01,118,KC,0,113,CIN,1,-4,1,827.9015703261257,2026
824511,2026-06-02,118,KC,0,113,CIN,1,-5,2,0.0,2026
824509,2026-06-03,118,KC,0,113,CIN,1,-6,3,0.0,2026
823698,2026-06-04,118,KC,0,142,MIN,1,-7,1,605.8281829837056,2026
823699,2026-06-06,118,KC,0,142,MIN,2,-8,2,0.0,2026
823697,2026-06-06,118,KC,0,142,MIN,0,-9,3,0.0,2026
823696,2026-06-07,118,KC,0,142,MIN,1,-10,4,0.0,2026
824105,2026-06-09,118,KC,1,140,TEX,2,1,1,414.3585559282368,2026
824103,2026-06-10,118,KC,1,140,TEX,1,2,2,0.0,2026
824101,2026-06-11,118,KC,1,140,TEX,1,3,3,0.0,2026
824100,2026-06-13,118,KC,1,117,HOU,2,4,1,0.0,2026
824102,2026-06-13,118,KC,1,117,HOU,0,5,2,0.0,2026
824099,2026-06-14,118,KC,1,117,HOU,1,6,3,0.0,2026
822724,2026-06-15,118,KC,0,120,WSH,1,-1,1,937.4091115021555,2026
822723,2026-06-16,118,KC,0,120,WSH,1,-2,2,0.0,2026
822721,2026-06-17,118,KC,0,120,WSH,1,-3,3,0.0,2026
824098,2026-06-18,118,KC,1,138,STL,1,1,1,937.4091115021555,2026
824097,2026-06-20,118,KC,1,138,STL,2,2,2,0.0,2026
824095,2026-06-21,118,KC,1,138,STL,1,3,3,0.0,2026
822964,2026-06-22,118,KC,0,139,TB,1,-1,1,1034.03926539089,2026
822963,2026-06-23,118,KC,0,139,TB,1,-2,2,0.0,2026
822965,2026-06-24,118,KC,0,139,TB,1,-3,3,0.0,2026
822961,2026-06-25,118,KC,0,139,TB,1,-4,4,0.0,2026
824582,2026-06-26,118,KC,0,145,CWS,1,-5,1,1011.3877112665284,2026
824581,2026-06-27,118,KC,0,145,CWS,1,-6,2,0.0,2026
824580,2026-06-28,118,KC,0,145,CWS,1,-7,3,0.0,2026
824096,2026-06-30,118,KC,1,139,TB,2,1,1,407.8477881651946,2026
824094,2026-07-01,118,KC,1,139,TB,1,2,2,0.0,2026
824093,2026-07-02,118,KC,1,139,TB,1,3,3,0.0,2026
824092,2026-07-05,118,KC,1,143,PHI,3,4,1,0.0,2026
824091,2026-07-05,118,KC,1,143,PHI,0,5,2,0.0,2026
824089,2026-07-06,118,KC,1,143,PHI,1,6,3,0.0,2026
823607,2026-07-07,118,KC,0,121,NYM,1,-1,1,1097.5188305416061,2026
823605,2026-07-08,118,KC,0,121,NYM,1,-2,2,0.0,2026
823606,2026-07-09,118,KC,0,121,NYM,1,-3,3,0.0,2026
824817,2026-07-10,118,KC,0,110,BAL,1,-4,1,178.7068782315623,2026
824813,2026-07-11,118,KC,0,110,BAL,1,-5,2,0.0,2026
824814,2026-07-12,118,KC,0,110,BAL,1,-6,3,0.0,2026
824090,2026-07-18,118,KC,1,135,SD,6,1,1,955.2837530445377,2026
824088,2026-07-18,118,KC,1,135,SD,0,2,2,0.0,2026
824086,2026-07-19,118,KC,1,135,SD,1,3,3,0.0,2026
824087,2026-07-20,118,KC,1,137,SF,1,4,1,0.0,2026
824085,2026-07-21,118,KC,1,137,SF,1,5,2,0.0,2026
824083,2026-07-22,118,KC,1,137,SF,1,6,3,0.0,2026
824247,2026-07-23,118,KC,0,116,DET,1,-1,1,639.8841499405022,2026
824248,2026-07-24,118,KC,0,116,DET,1,-2,2,0.0,2026
824244,2026-07-25,118,KC,0,116,DET,1,-3,3,0.0,2026
824246,2026-07-26,118,KC,0,116,DET,1,-4,4,0.0,2026
823676,2026-07-28,118,KC,0,142,MIN,2,-5,1,542.5071369450939,2026
823677,2026-07-29,118,KC,0,142,MIN,1,-6,2,0.0,2026
823674,2026-07-30,118,KC,0,142,MIN,1,-7,3,0.0,2026
824325,2026-08-01,118,KC,0,115,COL,2,-8,1,697.6486501293384,2026
824326,2026-08-02,118,KC,0,115,COL,1,-9,2,0.0,2026
824323,2026-08-02,118,KC,0,115,COL,0,-10,3,0.0,2026
824084,2026-08-04,118,KC,1,142,MIN,2,1,1,563.1263805129729,2026
824082,2026-08-05,118,KC,1,142,MIN,1,2,2,0.0,2026
824080,2026-08-06,118,KC,1,142,MIN,1,3,3,0.0,2026
824081,2026-08-08,118,KC,1,112,CHC,2,4,1,0.0,2026
824079,2026-08-08,118,KC,1,112,CHC,0,5,2,0.0,2026
824078,2026-08-09,118,KC,1,112,CHC,1,6,3,0.0,2026
823918,2026-08-11,118,KC,0,119,LAD,2,-1,1,1358.4249527106026,2026
823917,2026-08-12,118,KC,0,119,LAD,1,-2,2,0.0,2026
823916,2026-08-13,118,KC,0,119,LAD,1,-3,3,0.0,2026
823993,2026-08-15,118,KC,0,108,LAA,2,-4,1,27.87381208188066,2026
823990,2026-08-16,118,KC,0,108,LAA,1,-5,2,0.0,2026
823991,2026-08-16,118,KC,0,108,LAA,0,-6,3,0.0,2026
824077,2026-08-17,118,KC,1,133,OAK,1,1,1,1346.5044522382782,2026
824075,2026-08-18,118,KC,1,133,OAK,1,2,2,0.0,2026
824076,2026-08-19,118,KC,1,133,OAK,1,3,3,0.0,2026
824074,2026-08-20,118,KC,1,133,OAK,1,4,4,0.0,2026
824072,2026-08-22,118,KC,1,116,DET,2,5,1,0.0,2026
824073,2026-08-22,118,KC,1,116,DET,0,6,2,0.0,2026
824071,2026-08-23,118,KC,1,116,DET,1,7,3,0.0,2026
822773,2026-08-25,118,KC,0,141,TOR,2,-1,1,843.0534764751171,2026
822772,2026-08-26,118,KC,0,141,TOR,1,-2,2,0.0,2026
822771,2026-08-27,118,KC,0,141,TOR,1,-3,3,0.0,2026
824396,2026-08-28,118,KC,0,114,CLE,1,-4,1,188.71684847115282,2026
824392,2026-08-29,118,KC,0,114,CLE,1,-5,2,0.0,2026
824393,2026-08-30,118,KC,0,114,CLE,1,-6,3,0.0,2026
824070,2026-09-01,118,KC,1,146,MIA,2,1,1,694.6429853897519,2026
824068,2026-09-02,118,KC,1,146,MIA,1,2,2,0.0,2026
824069,2026-09-03,118,KC,1,146,MIA,1,3,3,0.0,2026
824066,2026-09-05,118,KC,1,141,TOR,2,4,1,0.0,2026
824067,2026-09-05,118,KC,1,141,TOR,0,5,2,0.0,2026
824065,2026-09-06,118,KC,1,141,TOR,1,6,3,0.0,2026
824062,2026-09-07,118,KC,1,109,ARI,1,7,1,0.0,2026
824063,2026-09-08,118,KC,1,109,ARI,1,8,2,0.0,2026
824064,2026-09-09,118,KC,1,109,ARI,1,9,3,0.0,2026
824711,2026-09-11,118,KC,0,111,BOS,2,-1,1,1241.802604380426,2026
824712,2026-09-12,118,KC,0,111,BOS,1,-2,2,0.0,2026
824708,2026-09-13,118,KC,0,111,BOS,1,-3,3,0.0,2026
824143,2026-09-16,118,KC,0,117,HOU,3,-4,1,1601.3745489627004,2026
824141,2026-09-17,118,KC,0,117,HOU,1,-5,2,0.0,2026
824140,2026-09-17,118,KC,0,117,HOU,0,-6,3,0.0,2026
823331,2026-09-18,118,KC,0,134,PIT,1,-7,1,1136.4863341005412,2026
823330,2026-09-19,118,KC,0,134,PIT,1,-8,2,0.0,2026
823329,2026-09-20,118,KC,0,134,PIT,1,-9,3,0.0,2026
824061,2026-09-22,118,KC,1,145,CWS,2,1,1,774.1016017962553,2026
824060,2026-09-23,118,KC,1,145,CWS,1,2,2,0.0,2026
824059,2026-09-24,118,KC,1,145,CWS,1,3,3,0.0,2026
824058,2026-09-25,118,KC,1,114,CLE,1,4,1,0.0,2026
824057,2026-09-26,118,KC,1,114,CLE,1,5,2,0.0,2026
824055,2026-09-27,118,KC,1,114,CLE,1,6,3,0.0,2026
823974,2026-03-27,119,LAD,1,109,ARI,0,1,1,0.0,2026
823971,2026-03-28,119,LAD,1,109,ARI,1,2,2,0.0,2026
823973,2026-03-29,119,LAD,1,109,ARI,1,3,3,0.0,2026
823972,2026-03-31,119,LAD,1,114,CLE,2,4,1,0.0,2026
823969,2026-04-01,119,LAD,1,114,CLE,1,5,2,0.0,2026
823970,2026-04-02,119,LAD,1,114,CLE,1,6,3,0.0,2026
822758,2026-04-03,119,LAD,0,120,WSH,1,-1,1,2295.2946229797176,2026
822757,2026-04-04,119,LAD,0,120,WSH,1,-2,2,0.0,2026
822756,2026-04-05,119,LAD,0,120,WSH,1,-3,3,0.0,2026
822832,2026-04-06,119,LAD,0,141,TOR,1,-4,1,351.9086807419245,2026
822831,2026-04-07,119,LAD,0,141,TOR,1,-5,2,0.0,2026
822833,2026-04-08,119,LAD,0,141,TOR,1,-6,3,0.0,2026
823968,2026-04-11,119,LAD,1,140,TEX,3,1,1,2170.147803507067,2026
823967,2026-04-12,119,LAD,1,140,TEX,1,2,2,0.0,2026
823966,2026-04-12,119,LAD,1,140,TEX,0,3,3,0.0,2026
823964,2026-04-14,119,LAD,1,121,NYM,2,4,1,0.0,2026
823965,2026-04-15,119,LAD,1,121,NYM,1,5,2,0.0,2026
823963,2026-04-16,119,LAD,1,121,NYM,1,6,3,0.0,2026
824373,2026-04-18,119,LAD,0,115,COL,2,-1,1,829.208728545356,2026
824372,2026-04-19,119,LAD,0,115,COL,1,-2,2,0.0,2026
824371,2026-04-19,119,LAD,0,115,COL,0,-3,3,0.0,2026
824370,2026-04-21,119,LAD,0,115,COL,2,-4,4,0.0,2026
823236,2026-04-22,119,LAD,0,137,SF,1,-5,1,945.5308694116128,2026
823231,2026-04-23,119,LAD,0,137,SF,1,-6,2,0.0,2026
823233,2026-04-23,119,LAD,0,137,SF,0,-7,3,0.0,2026
823962,2026-04-25,119,LAD,1,112,CHC,2,1,1,345.5052646422354,2026
823960,2026-04-25,119,LAD,1,112,CHC,0,2,2,0.0,2026
823959,2026-04-26,119,LAD,1,112,CHC,1,3,3,0.0,2026
823961,2026-04-28,119,LAD,1,146,MIA,2,4,1,0.0,2026
823956,2026-04-29,119,LAD,1,146,MIA,1,5,2,0.0,2026
823958,2026-04-29,119,LAD,1,146,MIA,0,6,3,0.0,2026
823066,2026-05-02,119,LAD,0,138,STL,3,-1,1,1585.7405201242425,2026
823067,2026-05-02,119,LAD,0,138,STL,0,-2,2,0.0,2026
823065,2026-05-03,119,LAD,0,138,STL,1,-3,3,0.0,2026
824201,2026-05-05,119,LAD,0,117,HOU,2,-4,1,679.6187265786498,2026
824200,2026-05-06,119,LAD,0,117,HOU,1,-5,2,0.0,2026
824198,2026-05-06,119,LAD,0,117,HOU,0,-6,3,0.0,2026
823957,2026-05-09,119,LAD,1,144,ATL,3,1,1,1371.826913752917,2026
823954,2026-05-10,119,LAD,1,144,ATL,1,2,2,0.0,2026
823955,2026-05-10,119,LAD,1,144,ATL,0,3,3,0.0,2026
823953,2026-05-12,119,LAD,1,137,SF,2,4,1,0.0,2026
823951,2026-05-13,119,LAD,1,137,SF,1,5,2,0.0,2026
823952,2026-05-14,119,LAD,1,137,SF,1,6,3,0.0,2026
823950,2026-05-15,119,LAD,1,137,SF,1,7,4,0.0,2026
824037,2026-05-16,119,LAD,0,108,LAA,1,-1,1,27.87381208188066,2026
824038,2026-05-17,119,LAD,0,108,LAA,1,-2,2,0.0,2026
824034,2026-05-17,119,LAD,0,108,LAA,0,-3,3,0.0,2026
823301,2026-05-19,119,LAD,0,135,SD,2,-4,1,86.36512380343024,2026
823302,2026-05-20,119,LAD,0,135,SD,1,-5,2,0.0,2026
823299,2026-05-21,119,LAD,0,135,SD,1,-6,3,0.0,2026
823788,2026-05-22,119,LAD,0,158,MIL,1,-7,1,1732.8547359706142,2026
823787,2026-05-23,119,LAD,0,158,MIL,1,-8,2,0.0,2026
823786,2026-05-24,119,LAD,0,158,MIL,1,-9,3,0.0,2026
823948,2026-05-26,119,LAD,1,115,COL,2,1,1,1737.1964859284558,2026
823949,2026-05-27,119,LAD,1,115,COL,1,2,2,0.0,2026
823947,2026-05-28,119,LAD,1,115,COL,1,3,3,0.0,2026
823946,2026-05-30,119,LAD,1,143,PHI,2,4,1,0.0,2026
823945,2026-05-31,119,LAD,1,143,PHI,1,5,2,0.0,2026
823944,2026-05-31,119,LAD,1,143,PHI,0,6,3,0.0,2026
825078,2026-06-02,119,LAD,0,109,ARI,2,-1,1,357.22532088939374,2026
825079,2026-06-03,119,LAD,0,109,ARI,1,-2,2,0.0,2026
825077,2026-06-04,119,LAD,0,109,ARI,1,-3,3,0.0,2026
825076,2026-06-05,119,LAD,0,109,ARI,1,-4,4,0.0,2026
823943,2026-06-06,119,LAD,1,108,LAA,1,1,1,357.22532088939374,2026
823942,2026-06-07,119,LAD,1,108,LAA,1,2,2,0.0,2026
823941,2026-06-07,119,LAD,1,108,LAA,0,3,3,0.0,2026
823374,2026-06-09,119,LAD,0,134,PIT,2,-1,1,2130.9802254915467,2026
823372,2026-06-10,119,LAD,0,134,PIT,1,-2,2,0.0,2026
823371,2026-06-11,119,LAD,0,134,PIT,1,-3,3,0.0,2026
824588,2026-06-12,119,LAD,0,145,CWS,1,-4,1,408.14464367793005,2026
824587,2026-06-13,119,LAD,0,145,CWS,1,-5,2,0.0,2026
824586,2026-06-14,119,LAD,0,145,CWS,1,-6,3,0.0,2026
823938,2026-06-16,119,LAD,1,139,TB,2,1,1,1740.8822934525017,2026
823939,2026-06-17,119,LAD,1,139,TB,1,2,2,0.0,2026
823940,2026-06-17,119,LAD,1,139,TB,0,3,3,0.0,2026
823936,2026-06-20,119,LAD,1,110,BAL,3,4,1,0.0,2026
823937,2026-06-21,119,LAD,1,110,BAL,1,5,2,0.0,2026
823934,2026-06-21,119,LAD,1,110,BAL,0,6,3,0.0,2026
823692,2026-06-22,119,LAD,0,142,MIN,1,-1,1,1519.9504822292802,2026
823690,2026-06-23,119,LAD,0,142,MIN,1,-2,2,0.0,2026
823691,2026-06-24,119,LAD,0,142,MIN,1,-3,3,0.0,2026
823285,2026-06-27,119,LAD,0,135,SD,3,-4,1,1530.561766187142,2026
823283,2026-06-28,119,LAD,0,135,SD,1,-5,2,0.0,2026
823281,2026-06-28,119,LAD,0,135,SD,0,-6,3,0.0,2026
824986,2026-06-30,119,LAD,0,133,OAK,2,-7,1,449.84278611734885,2026
824984,2026-07-01,119,LAD,0,133,OAK,1,-8,2,0.0,2026
824985,2026-07-02,119,LAD,0,133,OAK,1,-9,3,0.0,2026
823935,2026-07-03,119,LAD,1,135,SD,1,1,1,337.12266209703967,2026
823933,2026-07-04,119,LAD,1,135,SD,1,2,2,0.0,2026
823931,2026-07-05,119,LAD,1,135,SD,1,3,3,0.0,2026
823932,2026-07-05,119,LAD,1,135,SD,0,4,4,0.0,2026
823930,2026-07-07,119,LAD,1,115,COL,2,5,1,0.0,2026
823929,2026-07-08,119,LAD,1,115,COL,1,6,2,0.0,2026
823928,2026-07-09,119,LAD,1,115,COL,1,7,3,0.0,2026
823927,2026-07-11,119,LAD,1,109,ARI,2,8,1,0.0,2026
823926,2026-07-12,119,LAD,1,109,ARI,1,9,2,0.0,2026
823925,2026-07-12,119,LAD,1,109,ARI,0,10,3,0.0,2026
823524,2026-07-17,119,LAD,0,147,NYY,5,-1,1,2448.5573936068076,2026
823523,2026-07-19,119,LAD,0,147,NYY,2,-2,2,0.0,2026
823521,2026-07-19,119,LAD,0,147,NYY,0,-3,3,0.0,2026
823436,2026-07-20,119,LAD,0,143,PHI,1,-4,1,91.29714579232771,2026
823437,2026-07-21,119,LAD,0,143,PHI,1,-5,2,0.0,2026
823438,2026-07-22,119,LAD,0,143,PHI,1,-6,3,0.0,2026
823601,2026-07-24,119,LAD,0,121,NYM,2,-7,1,91.08673366367736,2026
823600,2026-07-25,119,LAD,0,121,NYM,1,-8,2,0.0,2026
823599,2026-07-26,119,LAD,0,121,NYM,1,-9,3,0.0,2026
823923,2026-07-29,119,LAD,1,136,SEA,3,1,1,2453.075811723075,2026
823924,2026-07-30,119,LAD,1,136,SEA,1,2,2,0.0,2026
823921,2026-07-31,119,LAD,1,136,SEA,1,3,3,0.0,2026
823922,2026-08-01,119,LAD,1,111,BOS,1,4,1,0.0,2026
823919,2026-08-02,119,LAD,1,111,BOS,1,5,2,0.0,2026
823920,2026-08-02,119,LAD,1,111,BOS,0,6,3,0.0,2026
824647,2026-08-04,119,LAD,0,112,CHC,2,-1,1,1740.9215479584495,2026
824645,2026-08-05,119,LAD,0,112,CHC,1,-2,2,0.0,2026
824646,2026-08-05,119,LAD,0,112,CHC,0,-3,3,0.0,2026
825051,2026-08-08,119,LAD,0,109,ARI,3,-4,1,1451.6299446026987,2026
825049,2026-08-09,119,LAD,0,109,ARI,1,-5,2,0.0,2026
825050,2026-08-09,119,LAD,0,109,ARI,0,-6,3,0.0,2026
823918,2026-08-11,119,LAD,1,118,KC,2,1,1,357.22532088939374,2026
823917,2026-08-12,119,LAD,1,118,KC,1,2,2,0.0,2026
823916,2026-08-13,119,LAD,1,118,KC,1,3,3,0.0,2026
823915,2026-08-14,119,LAD,1,158,MIL,1,4,1,0.0,2026
823913,2026-08-15,119,LAD,1,158,MIL,1,5,2,0.0,2026
823914,2026-08-15,119,LAD,1,158,MIL,0,6,3,0.0,2026
823912,2026-08-16,119,LAD,1,158,MIL,1,7,4,0.0,2026
824320,2026-08-18,119,LAD,0,115,COL,2,-1,1,829.208728545356,2026
824319,2026-08-19,119,LAD,0,115,COL,1,-2,2,0.0,2026
824318,2026-08-20,119,LAD,0,115,COL,1,-3,3,0.0,2026
823911,2026-08-22,119,LAD,1,134,PIT,2,1,1,829.208728545356,2026
823910,2026-08-23,119,LAD,1,134,PIT,1,2,2,0.0,2026
823909,2026-08-23,119,LAD,1,134,PIT,0,3,3,0.0,2026
824881,2026-08-25,119,LAD,0,144,ATL,2,-1,1,1926.1127142118578,2026
824878,2026-08-26,119,LAD,0,144,ATL,1,-2,2,0.0,2026
824879,2026-08-27,119,LAD,0,144,ATL,1,-3,3,0.0,2026
824231,2026-08-28,119,LAD,0,116,DET,1,-4,1,588.8013172467564,2026
824230,2026-08-29,119,LAD,0,116,DET,1,-5,2,0.0,2026
824232,2026-08-30,119,LAD,0,116,DET,1,-6,3,0.0,2026
823908,2026-09-02,119,LAD,1,138,STL,3,1,1,1978.451620918886,2026
823906,2026-09-03,119,LAD,1,138,STL,1,2,2,0.0,2026
823907,2026-09-04,119,LAD,1,138,STL,1,3,3,0.0,2026
823905,2026-09-05,119,LAD,1,120,WSH,1,4,1,0.0,2026
823904,2026-09-06,119,LAD,1,120,WSH,1,5,2,0.0,2026
823903,2026-09-07,119,LAD,1,120,WSH,1,6,3,0.0,2026
823902,2026-09-08,119,LAD,1,113,CIN,1,7,1,0.0,2026
823901,2026-09-09,119,LAD,1,113,CIN,1,8,2,0.0,2026
823900,2026-09-10,119,LAD,1,113,CIN,1,9,3,0.0,2026
823817,2026-09-11,119,LAD,0,146,MIA,1,-1,1,2333.5805728602445,2026
823819,2026-09-12,119,LAD,0,146,MIA,1,-2,2,0.0,2026
823815,2026-09-13,119,LAD,0,146,MIA,1,-3,3,0.0,2026
824465,2026-09-14,119,LAD,0,113,CIN,1,-4,1,953.4072522903118,2026
824466,2026-09-15,119,LAD,0,113,CIN,1,-5,2,0.0,2026
824467,2026-09-16,119,LAD,0,113,CIN,1,-6,3,0.0,2026
824464,2026-09-17,119,LAD,0,113,CIN,1,-7,4,0.0,2026
823898,2026-09-19,119,LAD,1,137,SF,2,1,1,1892.244174703444,2026
823899,2026-09-20,119,LAD,1,137,SF,1,2,2,0.0,2026
823896,2026-09-20,119,LAD,1,137,SF,0,3,3,0.0,2026
823897,2026-09-23,119,LAD,1,135,SD,3,4,1,0.0,2026
823894,2026-09-24,119,LAD,1,135,SD,1,5,2,0.0,2026
823895,2026-09-25,119,LAD,1,135,SD,1,6,3,0.0,2026
823167,2026-09-26,119,LAD,0,137,SF,1,-1,1,345.5052646422354,2026
823165,2026-09-26,119,LAD,0,137,SF,0,-2,2,0.0,2026
823164,2026-09-27,119,LAD,0,137,SF,1,-3,3,0.0,2026
824704,2026-03-26,120,WSH,0,112,CHC,0,-1,1,598.6412524083928,2026
824701,2026-03-28,120,WSH,0,112,CHC,2,-2,2,0.0,2026
824700,2026-03-29,120,WSH,0,112,CHC,1,-3,3,0.0,2026
823484,2026-03-30,120,WSH,0,143,PHI,1,-4,1,666.436342674126,2026
823485,2026-03-31,120,WSH,0,143,PHI,1,-5,2,0.0,2026
823483,2026-04-01,120,WSH,0,143,PHI,1,-6,3,0.0,2026
822758,2026-04-03,120,WSH,1,119,LAD,2,1,1,121.48691857607562,2026
822757,2026-04-04,120,WSH,1,119,LAD,1,2,2,0.0,2026
822756,2026-04-05,120,WSH,1,119,LAD,1,3,3,0.0,2026
822755,2026-04-06,120,WSH,1,138,STL,1,4,1,0.0,2026
822754,2026-04-07,120,WSH,1,138,STL,1,5,2,0.0,2026
822753,2026-04-08,120,WSH,1,138,STL,1,6,3,0.0,2026
823808,2026-04-10,120,WSH,0,158,MIL,2,-1,1,639.4643273379048,2026
823805,2026-04-11,120,WSH,0,158,MIL,1,-2,2,0.0,2026
823804,2026-04-12,120,WSH,0,158,MIL,1,-3,3,0.0,2026
823400,2026-04-13,120,WSH,0,134,PIT,1,-4,1,447.5172990364866,2026
823398,2026-04-14,120,WSH,0,134,PIT,1,-5,2,0.0,2026
823399,2026-04-15,120,WSH,0,134,PIT,1,-6,3,0.0,2026
823396,2026-04-16,120,WSH,0,134,PIT,1,-7,4,0.0,2026
822752,2026-04-17,120,WSH,1,137,SF,1,1,1,193.0230929231441,2026
822751,2026-04-18,120,WSH,1,137,SF,1,2,2,0.0,2026
822750,2026-04-19,120,WSH,1,137,SF,1,3,3,0.0,2026
822749,2026-04-20,120,WSH,1,144,ATL,1,4,1,0.0,2026
822747,2026-04-21,120,WSH,1,144,ATL,1,5,2,0.0,2026
822748,2026-04-22,120,WSH,1,144,ATL,1,6,3,0.0,2026
822745,2026-04-23,120,WSH,1,144,ATL,1,7,4,0.0,2026
824611,2026-04-24,120,WSH,0,145,CWS,1,-1,1,595.2017814565477,2026
824613,2026-04-25,120,WSH,0,145,CWS,1,-2,2,0.0,2026
824612,2026-04-26,120,WSH,0,145,CWS,1,-3,3,0.0,2026
823636,2026-04-28,120,WSH,0,121,NYM,2,-4,1,718.8569327739972,2026
823633,2026-04-29,120,WSH,0,121,NYM,1,-5,2,0.0,2026
823634,2026-04-30,120,WSH,0,121,NYM,1,-6,3,0.0,2026
822744,2026-05-01,120,WSH,1,158,MIL,1,1,1,212.3563770011718,2026
822746,2026-05-02,120,WSH,1,158,MIL,1,2,2,0.0,2026
822742,2026-05-03,120,WSH,1,158,MIL,1,3,3,0.0,2026
822743,2026-05-05,120,WSH,1,142,MIN,2,4,1,0.0,2026
822740,2026-05-06,120,WSH,1,142,MIN,1,5,2,0.0,2026
822741,2026-05-07,120,WSH,1,142,MIN,1,6,3,0.0,2026
823871,2026-05-08,120,WSH,0,146,MIA,1,-1,1,923.8773279819753,2026
823869,2026-05-09,120,WSH,0,146,MIA,1,-2,2,0.0,2026
823868,2026-05-10,120,WSH,0,146,MIA,1,-3,3,0.0,2026
824521,2026-05-12,120,WSH,0,113,CIN,2,-4,1,953.4072522903118,2026
824519,2026-05-13,120,WSH,0,113,CIN,1,-5,2,0.0,2026
824517,2026-05-14,120,WSH,0,113,CIN,1,-6,3,0.0,2026
822739,2026-05-15,120,WSH,1,110,BAL,1,1,1,403.05254469244744,2026
822737,2026-05-16,120,WSH,1,110,BAL,1,2,2,0.0,2026
822738,2026-05-17,120,WSH,1,110,BAL,1,3,3,0.0,2026
822734,2026-05-18,120,WSH,1,121,NYM,1,4,1,0.0,2026
822736,2026-05-19,120,WSH,1,121,NYM,1,5,2,0.0,2026
822735,2026-05-20,120,WSH,1,121,NYM,1,6,3,0.0,2026
822733,2026-05-21,120,WSH,1,121,NYM,1,7,4,0.0,2026
824922,2026-05-22,120,WSH,0,144,ATL,1,-1,1,538.869727266714,2026
824920,2026-05-23,120,WSH,0,144,ATL,1,-2,2,0.0,2026
824921,2026-05-24,120,WSH,0,144,ATL,1,-3,3,0.0,2026
824437,2026-05-25,120,WSH,0,114,CLE,1,-4,1,547.0068450040225,2026
824434,2026-05-26,120,WSH,0,114,CLE,1,-5,2,0.0,2026
824432,2026-05-27,120,WSH,0,114,CLE,1,-6,3,0.0,2026
822732,2026-05-29,120,WSH,1,135,SD,2,1,1,306.2397190255103,2026
822731,2026-05-30,120,WSH,1,135,SD,1,2,2,0.0,2026
822729,2026-05-31,120,WSH,1,135,SD,1,3,3,0.0,2026
822730,2026-06-01,120,WSH,1,146,MIA,1,4,1,0.0,2026
822728,2026-06-02,120,WSH,1,146,MIA,1,5,2,0.0,2026
822727,2026-06-03,120,WSH,1,146,MIA,1,6,3,0.0,2026
825073,2026-06-06,120,WSH,0,109,ARI,3,-1,1,1978.963589227503,2026
825075,2026-06-06,120,WSH,0,109,ARI,0,-2,2,0.0,2026
825074,2026-06-07,120,WSH,0,109,ARI,1,-3,3,0.0,2026
823218,2026-06-09,120,WSH,0,137,SF,2,-4,1,652.0636757078365,2026
823214,2026-06-10,120,WSH,0,137,SF,1,-5,2,0.0,2026
823215,2026-06-10,120,WSH,0,137,SF,0,-6,3,0.0,2026
822726,2026-06-12,120,WSH,1,136,SEA,2,1,1,2435.443676108395,2026
822725,2026-06-13,120,WSH,1,136,SEA,1,2,2,0.0,2026
822722,2026-06-14,120,WSH,1,136,SEA,1,3,3,0.0,2026
822724,2026-06-15,120,WSH,1,118,KC,1,4,1,0.0,2026
822723,2026-06-16,120,WSH,1,118,KC,1,5,2,0.0,2026
822721,2026-06-17,120,WSH,1,118,KC,1,6,3,0.0,2026
822966,2026-06-19,120,WSH,0,139,TB,2,-1,1,833.2111191732948,2026
822967,2026-06-20,120,WSH,0,139,TB,1,-2,2,0.0,2026
822968,2026-06-21,120,WSH,0,139,TB,1,-3,3,0.0,2026
822720,2026-06-22,120,WSH,1,143,PHI,1,1,1,833.2111191732948,2026
822718,2026-06-23,120,WSH,1,143,PHI,1,2,2,0.0,2026
822719,2026-06-24,120,WSH,1,143,PHI,1,3,3,0.0,2026
822717,2026-06-25,120,WSH,1,143,PHI,1,4,4,0.0,2026
824824,2026-06-26,120,WSH,0,110,BAL,1,-1,1,35.12148729233362,2026
824825,2026-06-27,120,WSH,0,110,BAL,1,-2,2,0.0,2026
824821,2026-06-28,120,WSH,0,110,BAL,1,-3,3,0.0,2026
824741,2026-06-29,120,WSH,0,111,BOS,1,-4,1,358.0026308075598,2026
824742,2026-06-30,120,WSH,0,111,BOS,1,-5,2,0.0,2026
824740,2026-07-01,120,WSH,0,111,BOS,1,-6,3,0.0,2026
822714,2026-07-03,120,WSH,1,134,PIT,2,1,1,391.9148119772238,2026
822716,2026-07-04,120,WSH,1,134,PIT,1,2,2,0.0,2026
822715,2026-07-05,120,WSH,1,134,PIT,1,3,3,0.0,2026
822712,2026-07-06,120,WSH,1,117,HOU,1,4,1,0.0,2026
822713,2026-07-07,120,WSH,1,117,HOU,1,5,2,0.0,2026
822710,2026-07-08,120,WSH,1,117,HOU,1,6,3,0.0,2026
822709,2026-07-10,120,WSH,1,147,NYY,2,7,1,0.0,2026
822711,2026-07-11,120,WSH,1,147,NYY,1,8,2,0.0,2026
822708,2026-07-12,120,WSH,1,147,NYY,1,9,3,0.0,2026
824981,2026-07-18,120,WSH,0,133,OAK,6,-1,1,2426.060288182436,2026
824979,2026-07-19,120,WSH,0,133,OAK,1,-2,2,0.0,2026
824978,2026-07-19,120,WSH,0,133,OAK,0,-3,3,0.0,2026
824328,2026-07-21,120,WSH,0,115,COL,2,-4,1,935.9586291857619,2026
824329,2026-07-22,120,WSH,0,115,COL,1,-5,2,0.0,2026
824327,2026-07-22,120,WSH,0,115,COL,0,-6,3,0.0,2026
822707,2026-07-24,120,WSH,1,109,ARI,2,1,1,1491.3129647935543,2026
822704,2026-07-25,120,WSH,1,109,ARI,1,2,2,0.0,2026
822706,2026-07-26,120,WSH,1,109,ARI,1,3,3,0.0,2026
822705,2026-07-27,120,WSH,1,141,TOR,1,4,1,0.0,2026
822703,2026-07-28,120,WSH,1,141,TOR,1,5,2,0.0,2026
822702,2026-07-29,120,WSH,1,141,TOR,1,6,3,0.0,2026
824894,2026-07-30,120,WSH,0,144,ATL,1,-1,1,538.869727266714,2026
824892,2026-07-31,120,WSH,0,144,ATL,1,-2,2,0.0,2026
824890,2026-08-01,120,WSH,0,144,ATL,1,-3,3,0.0,2026
824891,2026-08-02,120,WSH,0,144,ATL,1,-4,4,0.0,2026
823431,2026-08-03,120,WSH,0,143,PHI,1,-5,1,660.3458671025634,2026
823432,2026-08-04,120,WSH,0,143,PHI,1,-6,2,0.0,2026
823429,2026-08-05,120,WSH,0,143,PHI,1,-7,3,0.0,2026
823430,2026-08-06,120,WSH,0,143,PHI,1,-8,4,0.0,2026
822699,2026-08-07,120,WSH,1,113,CIN,1,1,1,121.48691857607562,2026
822701,2026-08-08,120,WSH,1,113,CIN,1,2,2,0.0,2026
822700,2026-08-09,120,WSH,1,113,CIN,1,3,3,0.0,2026
822697,2026-08-11,120,WSH,1,112,CHC,2,4,1,0.0,2026
822698,2026-08-12,120,WSH,1,112,CHC,1,5,2,0.0,2026
822696,2026-08-13,120,WSH,1,112,CHC,1,6,3,0.0,2026
823591,2026-08-14,120,WSH,0,121,NYM,1,-1,1,212.3563770011718,2026
823588,2026-08-15,120,WSH,0,121,NYM,1,-2,2,0.0,2026
823590,2026-08-16,120,WSH,0,121,NYM,1,-3,3,0.0,2026
822859,2026-08-19,120,WSH,0,140,TEX,3,-4,1,1394.8455111609428,2026
822860,2026-08-20,120,WSH,0,140,TEX,1,-5,2,0.0,2026
822861,2026-08-21,120,WSH,0,140,TEX,1,-6,3,0.0,2026
823830,2026-08-21,120,WSH,0,146,MIA,0,-7,1,1123.019434754987,2026
823831,2026-08-22,120,WSH,0,146,MIA,1,-8,2,0.0,2026
823827,2026-08-23,120,WSH,0,146,MIA,1,-9,3,0.0,2026
822695,2026-08-24,120,WSH,1,115,COL,1,1,1,923.8773279819753,2026
822693,2026-08-25,120,WSH,1,115,COL,1,2,2,0.0,2026
822692,2026-08-26,120,WSH,1,115,COL,1,3,3,0.0,2026
822694,2026-08-27,120,WSH,1,115,COL,1,4,4,0.0,2026
822691,2026-08-28,120,WSH,1,146,MIA,1,5,1,0.0,2026
822690,2026-08-29,120,WSH,1,146,MIA,1,6,2,0.0,2026
822688,2026-08-30,120,WSH,1,146,MIA,1,7,3,0.0,2026
822689,2026-08-31,120,WSH,1,146,MIA,1,8,4,0.0,2026
822687,2026-09-01,120,WSH,1,144,ATL,1,9,1,0.0,2026
822686,2026-09-02,120,WSH,1,144,ATL,1,10,2,0.0,2026
823905,2026-09-05,120,WSH,0,119,LAD,3,-1,1,2295.2946229797176,2026
823904,2026-09-06,120,WSH,0,119,LAD,1,-2,2,0.0,2026
823903,2026-09-07,120,WSH,0,119,LAD,1,-3,3,0.0,2026
823254,2026-09-07,120,WSH,0,135,SD,0,-4,1,113.20881075215142,2026
823250,2026-09-09,120,WSH,0,135,SD,2,-5,2,0.0,2026
823251,2026-09-09,120,WSH,0,135,SD,0,-6,3,0.0,2026
822684,2026-09-11,120,WSH,1,108,LAA,2,1,1,2271.6169527029847,2026
822685,2026-09-12,120,WSH,1,108,LAA,1,2,2,0.0,2026
822682,2026-09-13,120,WSH,1,108,LAA,1,3,3,0.0,2026
822683,2026-09-15,120,WSH,1,143,PHI,2,4,1,0.0,2026
822680,2026-09-16,120,WSH,1,143,PHI,1,5,2,0.0,2026
823005,2026-09-19,120,WSH,0,138,STL,3,-1,1,710.1515945615764,2026
823003,2026-09-19,120,WSH,0,138,STL,0,-2,2,0.0,2026
823001,2026-09-20,120,WSH,0,138,STL,1,-3,3,0.0,2026
824221,2026-09-21,120,WSH,0,116,DET,1,-4,1,454.6400355100436,2026
824222,2026-09-22,120,WSH,0,116,DET,1,-5,2,0.0,2026
824223,2026-09-23,120,WSH,0,116,DET,1,-6,3,0.0,2026
822681,2026-09-25,120,WSH,1,121,NYM,2,1,1,397.05328106177114,2026
822678,2026-09-26,120,WSH,1,121,NYM,1,2,2,0.0,2026
822679,2026-09-27,120,WSH,1,121,NYM,1,3,3,0.0,2026
823649,2026-03-26,121,NYM,1,134,PIT,0,1,1,0.0,2026
823651,2026-03-28,121,NYM,1,134,PIT,2,2,2,0.0,2026
823647,2026-03-29,121,NYM,1,134,PIT,1,3,3,0.0,2026
823080,2026-03-30,121,NYM,0,138,STL,1,-1,1,880.2756481069349,2026
823077,2026-03-31,121,NYM,0,138,STL,1,-2,2,0.0,2026
823078,2026-04-01,121,NYM,0,138,STL,1,-3,3,0.0,2026
823242,2026-04-03,121,NYM,0,137,SF,2,-4,1,1740.2563893028632,2026
823240,2026-04-04,121,NYM,0,137,SF,1,-5,2,0.0,2026
823238,2026-04-05,121,NYM,0,137,SF,1,-6,3,0.0,2026
823239,2026-04-05,121,NYM,0,137,SF,0,-7,4,0.0,2026
823648,2026-04-07,121,NYM,1,109,ARI,2,1,1,2571.816906012279,2026
823646,2026-04-08,121,NYM,1,109,ARI,1,2,2,0.0,2026
823645,2026-04-09,121,NYM,1,109,ARI,1,3,3,0.0,2026
823643,2026-04-10,121,NYM,1,133,OAK,1,4,1,0.0,2026
823644,2026-04-11,121,NYM,1,133,OAK,1,5,2,0.0,2026
823642,2026-04-12,121,NYM,1,133,OAK,1,6,3,0.0,2026
823964,2026-04-14,121,NYM,0,119,LAD,2,-1,1,2453.075811723075,2026
823965,2026-04-15,121,NYM,0,119,LAD,1,-2,2,0.0,2026
823963,2026-04-16,121,NYM,0,119,LAD,1,-3,3,0.0,2026
824693,2026-04-17,121,NYM,0,112,CHC,1,-4,1,1740.9215479584495,2026
824694,2026-04-18,121,NYM,0,112,CHC,1,-5,2,0.0,2026
824691,2026-04-19,121,NYM,0,112,CHC,1,-6,3,0.0,2026
823640,2026-04-21,121,NYM,1,142,MIN,2,1,1,720.1961586455312,2026
823641,2026-04-22,121,NYM,1,142,MIN,1,2,2,0.0,2026
823639,2026-04-23,121,NYM,1,142,MIN,1,3,3,0.0,2026
823638,2026-04-24,121,NYM,1,115,COL,1,4,1,0.0,2026
823635,2026-04-26,121,NYM,1,115,COL,1,6,3,0.0,2026
823637,2026-04-26,121,NYM,1,115,COL,0,7,4,0.0,2026
823636,2026-04-28,121,NYM,1,120,WSH,2,8,1,0.0,2026
823633,2026-04-29,121,NYM,1,120,WSH,1,9,2,0.0,2026
823634,2026-04-30,121,NYM,1,120,WSH,1,10,3,0.0,2026
824041,2026-05-02,121,NYM,0,108,LAA,2,-1,1,2442.1890221918984,2026
824042,2026-05-03,121,NYM,0,108,LAA,1,-2,2,0.0,2026
824043,2026-05-03,121,NYM,0,108,LAA,0,-3,3,0.0,2026
824363,2026-05-04,121,NYM,0,115,COL,1,-4,1,822.2861860892081,2026
824361,2026-05-07,121,NYM,0,115,COL,1,-6,3,0.0,2026
824362,2026-05-07,121,NYM,0,115,COL,0,-7,4,0.0,2026
825089,2026-05-09,121,NYM,0,109,ARI,2,-8,1,586.1530990190981,2026
825088,2026-05-09,121,NYM,0,109,ARI,0,-9,2,0.0,2026
825085,2026-05-10,121,NYM,0,109,ARI,1,-10,3,0.0,2026
823632,2026-05-12,121,NYM,1,116,DET,2,1,1,2148.1029258287786,2026
823631,2026-05-13,121,NYM,1,116,DET,1,2,2,0.0,2026
823630,2026-05-14,121,NYM,1,116,DET,1,3,3,0.0,2026
823629,2026-05-15,121,NYM,1,147,NYY,1,4,1,0.0,2026
823627,2026-05-16,121,NYM,1,147,NYY,1,5,2,0.0,2026
823628,2026-05-17,121,NYM,1,147,NYY,1,6,3,0.0,2026
822734,2026-05-18,121,NYM,0,120,WSH,1,-1,1,212.3563770011718,2026
822736,2026-05-19,121,NYM,0,120,WSH,1,-2,2,0.0,2026
822735,2026-05-20,121,NYM,0,120,WSH,1,-3,3,0.0,2026
822733,2026-05-21,121,NYM,0,120,WSH,1,-4,4,0.0,2026
823863,2026-05-22,121,NYM,0,146,MIA,1,-5,1,923.8773279819753,2026
823862,2026-05-23,121,NYM,0,146,MIA,1,-6,2,0.0,2026
823861,2026-05-24,121,NYM,0,146,MIA,1,-7,3,0.0,2026
823625,2026-05-25,121,NYM,1,113,CIN,1,1,1,1097.7414335980382,2026
823624,2026-05-26,121,NYM,1,113,CIN,1,2,2,0.0,2026
823626,2026-05-27,121,NYM,1,113,CIN,1,3,3,0.0,2026
823623,2026-05-29,121,NYM,1,146,MIA,2,4,1,0.0,2026
823622,2026-05-30,121,NYM,1,146,MIA,1,5,2,0.0,2026
823621,2026-05-31,121,NYM,1,146,MIA,1,6,3,0.0,2026
823131,2026-06-02,121,NYM,0,136,SEA,2,-1,1,2408.193610875357,2026
823129,2026-06-03,121,NYM,0,136,SEA,1,-2,2,0.0,2026
823130,2026-06-03,121,NYM,0,136,SEA,0,-3,3,0.0,2026
823293,2026-06-06,121,NYM,0,135,SD,3,-4,1,1063.509772580899,2026
823292,2026-06-07,121,NYM,0,135,SD,1,-5,2,0.0,2026
823291,2026-06-07,121,NYM,0,135,SD,0,-6,3,0.0,2026
823620,2026-06-09,121,NYM,1,138,STL,2,1,1,2436.313085576127,2026
823618,2026-06-10,121,NYM,1,138,STL,1,2,2,0.0,2026
823619,2026-06-11,121,NYM,1,138,STL,1,3,3,0.0,2026
823617,2026-06-12,121,NYM,1,144,ATL,1,4,1,0.0,2026
823616,2026-06-13,121,NYM,1,144,ATL,1,5,2,0.0,2026
823615,2026-06-14,121,NYM,1,144,ATL,1,6,3,0.0,2026
824505,2026-06-15,121,NYM,0,113,CIN,1,-1,1,576.1040985787001,2026
824504,2026-06-16,121,NYM,0,113,CIN,1,-2,2,0.0,2026
824503,2026-06-17,121,NYM,0,113,CIN,1,-3,3,0.0,2026
823448,2026-06-18,121,NYM,0,143,PHI,1,-4,1,500.9471415614062,2026
823447,2026-06-20,121,NYM,0,143,PHI,2,-5,2,0.0,2026
823449,2026-06-21,121,NYM,0,143,PHI,1,-6,3,0.0,2026
823613,2026-06-22,121,NYM,1,112,CHC,1,1,1,91.08673366367736,2026
823614,2026-06-23,121,NYM,1,112,CHC,1,2,2,0.0,2026
823611,2026-06-24,121,NYM,1,112,CHC,1,3,3,0.0,2026
823612,2026-06-25,121,NYM,1,112,CHC,1,4,4,0.0,2026
823610,2026-06-26,121,NYM,1,143,PHI,1,5,1,0.0,2026
823609,2026-06-27,121,NYM,1,143,PHI,1,6,2,0.0,2026
823608,2026-06-28,121,NYM,1,143,PHI,1,7,3,0.0,2026
822792,2026-06-29,121,NYM,0,141,TOR,1,-1,1,346.6363887095845,2026
822793,2026-06-30,121,NYM,0,141,TOR,1,-2,2,0.0,2026
822791,2026-07-01,121,NYM,0,141,TOR,1,-3,3,0.0,2026
824904,2026-07-03,121,NYM,0,144,ATL,2,-4,1,726.7999515006941,2026
824902,2026-07-05,121,NYM,0,144,ATL,2,-5,2,0.0,2026
824903,2026-07-05,121,NYM,0,144,ATL,0,-6,3,0.0,2026
824900,2026-07-06,121,NYM,0,144,ATL,1,-7,4,0.0,2026
823607,2026-07-07,121,NYM,1,118,KC,1,1,1,751.1805618659844,2026
823605,2026-07-08,121,NYM,1,118,KC,1,2,2,0.0,2026
823606,2026-07-09,121,NYM,1,118,KC,1,3,3,0.0,2026
823604,2026-07-10,121,NYM,1,111,BOS,1,4,1,0.0,2026
823603,2026-07-11,121,NYM,1,111,BOS,1,5,2,0.0,2026
823602,2026-07-12,121,NYM,1,111,BOS,1,6,3,0.0,2026
823440,2026-07-16,121,NYM,0,143,PHI,4,-1,1,91.08673366367736,2026
823441,2026-07-18,121,NYM,0,143,PHI,2,-2,2,0.0,2026
823439,2026-07-19,121,NYM,0,143,PHI,1,-3,3,0.0,2026
823762,2026-07-20,121,NYM,0,158,MIL,1,-4,1,696.3664086049965,2026
823760,2026-07-21,121,NYM,0,158,MIL,1,-5,2,0.0,2026
823761,2026-07-22,121,NYM,0,158,MIL,1,-6,3,0.0,2026
823601,2026-07-24,121,NYM,1,119,LAD,2,1,1,742.3438729688163,2026
823600,2026-07-25,121,NYM,1,119,LAD,1,2,2,0.0,2026
823599,2026-07-26,121,NYM,1,119,LAD,1,3,3,0.0,2026
823597,2026-07-27,121,NYM,1,144,ATL,1,4,1,0.0,2026
823598,2026-07-28,121,NYM,1,144,ATL,1,5,2,0.0,2026
823596,2026-07-29,121,NYM,1,144,ATL,1,6,3,0.0,2026
823595,2026-07-30,121,NYM,1,146,MIA,1,7,1,0.0,2026
823593,2026-07-31,121,NYM,1,146,MIA,1,8,2,0.0,2026
823594,2026-08-01,121,NYM,1,146,MIA,1,9,3,0.0,2026
823592,2026-08-02,121,NYM,1,146,MIA,1,10,4,0.0,2026
824403,2026-08-04,121,NYM,0,114,CLE,2,-1,1,411.0649093966104,2026
824402,2026-08-05,121,NYM,0,114,CLE,1,-2,2,0.0,2026
824401,2026-08-06,121,NYM,0,114,CLE,1,-3,3,0.0,2026
823349,2026-08-07,121,NYM,0,134,PIT,1,-4,1,113.72517024270446,2026
823348,2026-08-08,121,NYM,0,134,PIT,1,-5,2,0.0,2026
823345,2026-08-09,121,NYM,0,134,PIT,1,-6,3,0.0,2026
824887,2026-08-10,121,NYM,0,144,ATL,1,-7,1,515.1605409529744,2026
824886,2026-08-11,121,NYM,0,144,ATL,1,-8,2,0.0,2026
824883,2026-08-12,121,NYM,0,144,ATL,1,-9,3,0.0,2026
823591,2026-08-14,121,NYM,1,120,WSH,2,1,1,751.1805618659844,2026
823588,2026-08-15,121,NYM,1,120,WSH,1,2,2,0.0,2026
823590,2026-08-16,121,NYM,1,120,WSH,1,3,3,0.0,2026
823589,2026-08-17,121,NYM,1,135,SD,1,4,1,0.0,2026
823586,2026-08-18,121,NYM,1,135,SD,1,5,2,0.0,2026
823587,2026-08-19,121,NYM,1,135,SD,1,6,3,0.0,2026
824559,2026-08-21,121,NYM,0,145,CWS,2,-1,1,718.8569327739972,2026
824560,2026-08-22,121,NYM,0,145,CWS,1,-2,2,0.0,2026
824558,2026-08-23,121,NYM,0,145,CWS,1,-3,3,0.0,2026
823585,2026-08-25,121,NYM,1,158,MIL,2,1,1,718.8569327739972,2026
823584,2026-08-26,121,NYM,1,158,MIL,1,2,2,0.0,2026
823581,2026-08-27,121,NYM,1,158,MIL,1,3,3,0.0,2026
823583,2026-08-28,121,NYM,1,117,HOU,1,4,1,0.0,2026
823582,2026-08-29,121,NYM,1,117,HOU,1,5,2,0.0,2026
823580,2026-08-30,121,NYM,1,117,HOU,1,6,3,0.0,2026
822932,2026-08-31,121,NYM,0,139,TB,1,-1,1,1027.482832775922,2026
822929,2026-09-01,121,NYM,0,139,TB,1,-2,2,0.0,2026
822931,2026-09-02,121,NYM,0,139,TB,1,-3,3,0.0,2026
823579,2026-09-04,121,NYM,1,137,SF,2,1,1,1027.482832775922,2026
823577,2026-09-05,121,NYM,1,137,SF,1,2,2,0.0,2026
823578,2026-09-06,121,NYM,1,137,SF,1,3,3,0.0,2026
823820,2026-09-07,121,NYM,0,146,MIA,1,-1,1,1097.7414335980382,2026
823821,2026-09-08,121,NYM,0,146,MIA,1,-2,2,0.0,2026
823818,2026-09-09,121,NYM,0,146,MIA,1,-3,3,0.0,2026
823498,2026-09-11,121,NYM,0,147,NYY,2,-4,1,1100.8862542043641,2026
823496,2026-09-12,121,NYM,0,147,NYY,1,-5,2,0.0,2026
823495,2026-09-13,121,NYM,0,147,NYY,1,-6,3,0.0,2026
823575,2026-09-14,121,NYM,1,110,BAL,1,1,1,6.541035356047549,2026
823574,2026-09-15,121,NYM,1,110,BAL,1,2,2,0.0,2026
823576,2026-09-16,121,NYM,1,110,BAL,1,3,3,0.0,2026
823573,2026-09-17,121,NYM,1,143,PHI,1,4,1,0.0,2026
823572,2026-09-18,121,NYM,1,143,PHI,1,5,2,0.0,2026
823571,2026-09-19,121,NYM,1,143,PHI,1,6,3,0.0,2026
823570,2026-09-20,121,NYM,1,143,PHI,1,7,4,0.0,2026
822840,2026-09-23,121,NYM,0,140,TEX,3,-1,1,1394.8455111609428,2026
822841,2026-09-24,121,NYM,0,140,TEX,1,-2,2,0.0,2026
822842,2026-09-24,121,NYM,0,140,TEX,0,-3,3,0.0,2026
822681,2026-09-25,121,NYM,0,120,WSH,1,-4,1,1198.682847057283,2026
822678,2026-09-26,121,NYM,0,120,WSH,1,-5,2,0.0,2026
822679,2026-09-27,121,NYM,0,120,WSH,1,-6,3,0.0,2026
822839,2026-03-27,133,OAK,0,141,TOR,0,-1,1,2253.7814110292547,2026
822838,2026-03-28,133,OAK,0,141,TOR,1,-2,2,0.0,2026
822837,2026-03-29,133,OAK,0,141,TOR,1,-3,3,0.0,2026
824943,2026-03-30,133,OAK,0,144,ATL,1,-4,1,726.7999515006941,2026
824942,2026-03-31,133,OAK,0,144,ATL,1,-5,2,0.0,2026
824940,2026-04-01,133,OAK,0,144,ATL,1,-6,3,0.0,2026
825026,2026-04-04,133,OAK,1,117,HOU,3,1,1,2116.4747287111013,2026
825027,2026-04-04,133,OAK,1,117,HOU,0,2,2,0.0,2026
825025,2026-04-05,133,OAK,1,117,HOU,1,3,3,0.0,2026
823567,2026-04-07,133,OAK,0,147,NYY,2,-1,1,2557.66201940974,2026
823564,2026-04-08,133,OAK,0,147,NYY,1,-2,2,0.0,2026
823565,2026-04-09,133,OAK,0,147,NYY,1,-3,3,0.0,2026
823643,2026-04-10,133,OAK,0,121,NYM,1,-4,1,6.541035356047549,2026
823644,2026-04-11,133,OAK,0,121,NYM,1,-5,2,0.0,2026
823642,2026-04-12,133,OAK,0,121,NYM,1,-6,3,0.0,2026
825024,2026-04-14,133,OAK,1,140,TEX,2,1,1,2562.7810869652726,2026
825022,2026-04-15,133,OAK,1,140,TEX,1,2,2,0.0,2026
825021,2026-04-16,133,OAK,1,140,TEX,1,3,3,0.0,2026
825023,2026-04-16,133,OAK,1,140,TEX,0,4,4,0.0,2026
825020,2026-04-18,133,OAK,1,145,CWS,2,5,1,0.0,2026
825019,2026-04-18,133,OAK,1,145,CWS,0,6,2,0.0,2026
825018,2026-04-19,133,OAK,1,145,CWS,1,7,3,0.0,2026
823149,2026-04-21,133,OAK,0,136,SEA,2,-1,1,679.9392003432476,2026
823148,2026-04-22,133,OAK,0,136,SEA,1,-2,2,0.0,2026
823147,2026-04-22,133,OAK,0,136,SEA,0,-3,3,0.0,2026
822909,2026-04-25,133,OAK,0,140,TEX,3,-4,1,1668.9357465944922,2026
822910,2026-04-25,133,OAK,0,140,TEX,0,-5,2,0.0,2026
822911,2026-04-26,133,OAK,0,140,TEX,1,-6,3,0.0,2026
825017,2026-04-29,133,OAK,1,118,KC,3,1,1,1453.9867485388631,2026
825016,2026-04-30,133,OAK,1,118,KC,1,2,2,0.0,2026
825015,2026-04-30,133,OAK,1,118,KC,0,3,3,0.0,2026
825012,2026-05-02,133,OAK,1,114,CLE,2,4,1,0.0,2026
825014,2026-05-02,133,OAK,1,114,CLE,0,5,2,0.0,2026
825013,2026-05-03,133,OAK,1,114,CLE,1,6,3,0.0,2026
823469,2026-05-05,133,OAK,0,143,PHI,2,-1,1,2506.7279595630266,2026
823470,2026-05-06,133,OAK,0,143,PHI,1,-2,2,0.0,2026
823467,2026-05-07,133,OAK,0,143,PHI,1,-3,3,0.0,2026
824846,2026-05-08,133,OAK,0,110,BAL,1,-4,1,88.61618494239067,2026
824847,2026-05-09,133,OAK,0,110,BAL,1,-5,2,0.0,2026
824845,2026-05-10,133,OAK,0,110,BAL,1,-6,3,0.0,2026
825011,2026-05-13,133,OAK,1,138,STL,3,1,1,2440.085706209316,2026
825010,2026-05-14,133,OAK,1,138,STL,1,2,2,0.0,2026
825008,2026-05-14,133,OAK,1,138,STL,0,3,3,0.0,2026
825009,2026-05-16,133,OAK,1,137,SF,2,4,1,0.0,2026
825007,2026-05-17,133,OAK,1,137,SF,1,5,2,0.0,2026
825006,2026-05-17,133,OAK,1,137,SF,0,6,3,0.0,2026
824035,2026-05-19,133,OAK,0,108,LAA,2,-1,1,364.7793033141838,2026
824033,2026-05-20,133,OAK,0,108,LAA,1,-2,2,0.0,2026
824032,2026-05-21,133,OAK,0,108,LAA,1,-3,3,0.0,2026
824031,2026-05-22,133,OAK,0,108,LAA,1,-4,4,0.0,2026
823298,2026-05-23,133,OAK,0,135,SD,1,-5,1,86.36512380343024,2026
823300,2026-05-24,133,OAK,0,135,SD,1,-6,2,0.0,2026
823297,2026-05-24,133,OAK,0,135,SD,0,-7,3,0.0,2026
825005,2026-05-26,133,OAK,1,136,SEA,2,1,1,449.84278611734885,2026
825004,2026-05-27,133,OAK,1,136,SEA,1,2,2,0.0,2026
825003,2026-05-27,133,OAK,1,136,SEA,0,3,3,0.0,2026
825002,2026-05-30,133,OAK,1,147,NYY,3,4,1,0.0,2026
825000,2026-05-31,133,OAK,1,147,NYY,1,5,2,0.0,2026
825001,2026-05-31,133,OAK,1,147,NYY,0,6,3,0.0,2026
824675,2026-06-03,133,OAK,0,112,CHC,3,-1,1,1842.6147174758498,2026
824671,2026-06-04,133,OAK,0,112,CHC,1,-2,2,0.0,2026
824672,2026-06-05,133,OAK,0,112,CHC,1,-3,3,0.0,2026
824186,2026-06-06,133,OAK,0,117,HOU,1,-4,1,945.3425791434618,2026
824184,2026-06-06,133,OAK,0,117,HOU,0,-5,2,0.0,2026
824183,2026-06-07,133,OAK,0,117,HOU,1,-6,3,0.0,2026
824998,2026-06-09,133,OAK,1,158,MIL,2,1,1,1631.2403491139823,2026
824999,2026-06-10,133,OAK,1,158,MIL,1,2,2,0.0,2026
824996,2026-06-11,133,OAK,1,158,MIL,1,3,3,0.0,2026
824997,2026-06-13,133,OAK,1,115,COL,2,4,1,0.0,2026
824994,2026-06-14,133,OAK,1,115,COL,1,5,2,0.0,2026
824995,2026-06-14,133,OAK,1,115,COL,0,6,3,0.0,2026
824993,2026-06-16,133,OAK,1,134,PIT,2,7,1,0.0,2026
824991,2026-06-17,133,OAK,1,134,PIT,1,8,2,0.0,2026
824992,2026-06-18,133,OAK,1,134,PIT,1,9,3,0.0,2026
824989,2026-06-19,133,OAK,1,108,LAA,1,10,1,0.0,2026
824990,2026-06-20,133,OAK,1,108,LAA,1,11,2,0.0,2026
824988,2026-06-21,133,OAK,1,108,LAA,1,12,3,0.0,2026
824987,2026-06-21,133,OAK,1,108,LAA,0,13,4,0.0,2026
823210,2026-06-24,133,OAK,0,137,SF,3,-1,1,10.48032218937323,2026
823209,2026-06-25,133,OAK,0,137,SF,1,-2,2,0.0,2026
823208,2026-06-25,133,OAK,0,137,SF,0,-3,3,0.0,2026
824014,2026-06-27,133,OAK,0,108,LAA,2,-4,1,373.21886529538057,2026
824015,2026-06-28,133,OAK,0,108,LAA,1,-5,2,0.0,2026
824011,2026-06-28,133,OAK,0,108,LAA,0,-6,3,0.0,2026
824986,2026-06-30,133,OAK,1,119,LAD,2,1,1,364.7793033141838,2026
824984,2026-07-01,133,OAK,1,119,LAD,1,2,2,0.0,2026
824985,2026-07-02,133,OAK,1,119,LAD,1,3,3,0.0,2026
824982,2026-07-04,133,OAK,1,146,MIA,2,4,1,0.0,2026
824980,2026-07-05,133,OAK,1,146,MIA,1,5,2,0.0,2026
824983,2026-07-05,133,OAK,1,146,MIA,0,6,3,0.0,2026
824254,2026-07-07,133,OAK,0,116,DET,2,-1,1,2076.502664481492,2026
824253,2026-07-08,133,OAK,0,116,DET,1,-2,2,0.0,2026
824251,2026-07-09,133,OAK,0,116,DET,1,-3,3,0.0,2026
824575,2026-07-10,133,OAK,0,145,CWS,1,-4,1,237.7264337126216,2026
824576,2026-07-11,133,OAK,0,145,CWS,1,-5,2,0.0,2026
824574,2026-07-12,133,OAK,0,145,CWS,1,-6,3,0.0,2026
824981,2026-07-18,133,OAK,1,120,WSH,6,1,1,1844.1022325602153,2026
824979,2026-07-19,133,OAK,1,120,WSH,1,2,2,0.0,2026
824978,2026-07-19,133,OAK,1,120,WSH,0,3,3,0.0,2026
825058,2026-07-21,133,OAK,0,109,ARI,2,-1,1,641.9010628899154,2026
825056,2026-07-22,133,OAK,0,109,ARI,1,-2,2,0.0,2026
825055,2026-07-22,133,OAK,0,109,ARI,0,-3,3,0.0,2026
823680,2026-07-25,133,OAK,0,142,MIN,3,-4,1,1278.017730052948,2026
823679,2026-07-25,133,OAK,0,142,MIN,0,-5,2,0.0,2026
823678,2026-07-26,133,OAK,0,142,MIN,1,-6,3,0.0,2026
824977,2026-07-28,133,OAK,1,111,BOS,2,1,1,1571.0292537363316,2026
824976,2026-07-29,133,OAK,1,111,BOS,1,2,2,0.0,2026
824973,2026-07-30,133,OAK,1,111,BOS,1,3,3,0.0,2026
824974,2026-07-31,133,OAK,1,111,BOS,1,4,4,0.0,2026
824975,2026-08-01,133,OAK,1,116,DET,1,5,1,0.0,2026
824972,2026-08-02,133,OAK,1,116,DET,1,6,2,0.0,2026
824971,2026-08-02,133,OAK,1,116,DET,0,7,3,0.0,2026
824484,2026-08-04,133,OAK,0,113,CIN,2,-1,1,2027.8222751019914,2026
824482,2026-08-05,133,OAK,0,113,CIN,1,-2,2,0.0,2026
824481,2026-08-06,133,OAK,0,113,CIN,1,-3,3,0.0,2026
824727,2026-08-07,133,OAK,0,111,BOS,1,-4,1,736.3670721136276,2026
824726,2026-08-08,133,OAK,0,111,BOS,1,-5,2,0.0,2026
824724,2026-08-09,133,OAK,0,111,BOS,1,-6,3,0.0,2026
824969,2026-08-11,133,OAK,1,139,TB,2,1,1,2680.900432109404,2026
824967,2026-08-12,133,OAK,1,139,TB,1,2,2,0.0,2026
824970,2026-08-12,133,OAK,1,139,TB,0,3,3,0.0,2026
824968,2026-08-15,133,OAK,1,140,TEX,3,4,1,0.0,2026
824966,2026-08-16,133,OAK,1,140,TEX,1,5,2,0.0,2026
824965,2026-08-16,133,OAK,1,140,TEX,0,6,3,0.0,2026
824077,2026-08-17,133,OAK,0,118,KC,1,-1,1,1497.929836668995,2026
824075,2026-08-18,133,OAK,0,118,KC,1,-2,2,0.0,2026
824076,2026-08-19,133,OAK,0,118,KC,1,-3,3,0.0,2026
824074,2026-08-20,133,OAK,0,118,KC,1,-4,4,0.0,2026
824152,2026-08-22,133,OAK,0,117,HOU,2,-5,1,644.1456886709294,2026
824151,2026-08-22,133,OAK,0,117,HOU,0,-6,2,0.0,2026
824150,2026-08-23,133,OAK,0,117,HOU,1,-7,3,0.0,2026
824964,2026-08-25,133,OAK,1,142,MIN,2,1,1,1631.2403491139823,2026
824962,2026-08-26,133,OAK,1,142,MIN,1,2,2,0.0,2026
824963,2026-08-27,133,OAK,1,142,MIN,1,3,3,0.0,2026
824960,2026-08-29,133,OAK,1,110,BAL,2,4,1,0.0,2026
824961,2026-08-30,133,OAK,1,110,BAL,1,5,2,0.0,2026
824959,2026-08-30,133,OAK,1,110,BAL,0,6,3,0.0,2026
822855,2026-09-01,133,OAK,0,140,TEX,2,-1,1,1453.9867485388631,2026
822854,2026-09-02,133,OAK,0,140,TEX,1,-2,2,0.0,2026
822851,2026-09-02,133,OAK,0,140,TEX,0,-3,3,0.0,2026
823095,2026-09-04,133,OAK,0,136,SEA,2,-4,1,1668.9357465944922,2026
823093,2026-09-05,133,OAK,0,136,SEA,1,-5,2,0.0,2026
823094,2026-09-06,133,OAK,0,136,SEA,1,-6,3,0.0,2026
823091,2026-09-06,133,OAK,0,136,SEA,0,-7,4,0.0,2026
824958,2026-09-08,133,OAK,1,141,TOR,2,1,1,679.9392003432476,2026
824957,2026-09-09,133,OAK,1,141,TOR,1,2,2,0.0,2026
824956,2026-09-09,133,OAK,1,141,TOR,0,3,3,0.0,2026
824954,2026-09-12,133,OAK,1,136,SEA,3,4,1,0.0,2026
824955,2026-09-13,133,OAK,1,136,SEA,1,5,2,0.0,2026
824952,2026-09-13,133,OAK,1,136,SEA,0,6,3,0.0,2026
822925,2026-09-15,133,OAK,0,139,TB,2,-1,1,2379.7351815049797,2026
822926,2026-09-16,133,OAK,0,139,TB,1,-2,2,0.0,2026
822924,2026-09-17,133,OAK,0,139,TB,1,-3,3,0.0,2026
824383,2026-09-18,133,OAK,0,114,CLE,1,-4,1,950.1419996181558,2026
824380,2026-09-19,133,OAK,0,114,CLE,1,-5,2,0.0,2026
824381,2026-09-20,133,OAK,0,114,CLE,1,-6,3,0.0,2026
824953,2026-09-23,133,OAK,1,108,LAA,3,1,1,2151.964503269304,2026
824951,2026-09-24,133,OAK,1,108,LAA,1,2,2,0.0,2026
824950,2026-09-25,133,OAK,1,117,HOU,1,3,1,0.0,2026
824947,2026-09-26,133,OAK,1,117,HOU,1,4,2,0.0,2026
824949,2026-09-27,133,OAK,1,117,HOU,1,5,3,0.0,2026
824948,2026-09-27,133,OAK,1,117,HOU,0,6,4,0.0,2026
823649,2026-03-26,134,PIT,0,121,NYM,0,-1,1,323.80514004194157,2026
823651,2026-03-28,134,PIT,0,121,NYM,2,-2,2,0.0,2026
823647,2026-03-29,134,PIT,0,121,NYM,1,-3,3,0.0,2026
824539,2026-03-30,134,PIT,0,113,CIN,1,-4,1,576.1040985787001,2026
824537,2026-03-31,134,PIT,0,113,CIN,1,-5,2,0.0,2026
824536,2026-04-01,134,PIT,0,113,CIN,1,-6,3,0.0,2026
823406,2026-04-03,134,PIT,1,110,BAL,2,1,1,256.6044671740272,2026
823404,2026-04-04,134,PIT,1,110,BAL,1,2,2,0.0,2026
823405,2026-04-05,134,PIT,1,110,BAL,1,3,3,0.0,2026
823401,2026-04-06,134,PIT,1,135,SD,1,4,1,0.0,2026
823402,2026-04-07,134,PIT,1,135,SD,1,5,2,0.0,2026
823403,2026-04-08,134,PIT,1,135,SD,1,6,3,0.0,2026
824695,2026-04-10,134,PIT,0,112,CHC,2,-1,1,410.8665423703318,2026
824697,2026-04-11,134,PIT,0,112,CHC,1,-2,2,0.0,2026
824696,2026-04-12,134,PIT,0,112,CHC,1,-3,3,0.0,2026
823400,2026-04-13,134,PIT,1,120,WSH,1,1,1,410.8665423703318,2026
823398,2026-04-14,134,PIT,1,120,WSH,1,2,2,0.0,2026
823399,2026-04-15,134,PIT,1,120,WSH,1,3,3,0.0,2026
823396,2026-04-16,134,PIT,1,120,WSH,1,4,4,0.0,2026
823397,2026-04-17,134,PIT,1,139,TB,1,5,1,0.0,2026
823394,2026-04-18,134,PIT,1,139,TB,1,6,2,0.0,2026
823393,2026-04-19,134,PIT,1,139,TB,1,7,3,0.0,2026
822914,2026-04-22,134,PIT,0,140,TEX,3,-1,1,1083.6370651726334,2026
822913,2026-04-23,134,PIT,0,140,TEX,1,-2,2,0.0,2026
822912,2026-04-24,134,PIT,0,140,TEX,1,-3,3,0.0,2026
823800,2026-04-24,134,PIT,0,158,MIL,0,-4,1,865.4945776802045,2026
823799,2026-04-25,134,PIT,0,158,MIL,1,-5,2,0.0,2026
823797,2026-04-26,134,PIT,0,158,MIL,1,-6,3,0.0,2026
823395,2026-04-27,134,PIT,1,138,STL,1,1,1,447.5172990364866,2026
823390,2026-04-28,134,PIT,1,138,STL,1,2,2,0.0,2026
823392,2026-04-29,134,PIT,1,138,STL,1,3,3,0.0,2026
823391,2026-04-30,134,PIT,1,138,STL,1,4,4,0.0,2026
823389,2026-05-01,134,PIT,1,113,CIN,1,5,1,0.0,2026
823388,2026-05-02,134,PIT,1,113,CIN,1,6,2,0.0,2026
823387,2026-05-03,134,PIT,1,113,CIN,1,7,3,0.0,2026
825092,2026-05-06,134,PIT,0,109,ARI,3,-1,1,1824.319858955869,2026
825091,2026-05-07,134,PIT,0,109,ARI,1,-2,2,0.0,2026
825090,2026-05-07,134,PIT,0,109,ARI,0,-3,3,0.0,2026
823225,2026-05-09,134,PIT,0,137,SF,2,-4,1,652.0636757078365,2026
823221,2026-05-10,134,PIT,0,137,SF,1,-5,2,0.0,2026
823224,2026-05-10,134,PIT,0,137,SF,0,-6,3,0.0,2026
823385,2026-05-12,134,PIT,1,115,COL,2,1,1,2257.9877065555274,2026
823386,2026-05-13,134,PIT,1,115,COL,1,2,2,0.0,2026
823383,2026-05-14,134,PIT,1,115,COL,1,3,3,0.0,2026
823384,2026-05-15,134,PIT,1,143,PHI,1,4,1,0.0,2026
823382,2026-05-16,134,PIT,1,143,PHI,1,5,2,0.0,2026
823381,2026-05-17,134,PIT,1,143,PHI,1,6,3,0.0,2026
823059,2026-05-19,134,PIT,0,138,STL,2,-1,1,556.9698942849304,2026
823057,2026-05-20,134,PIT,0,138,STL,1,-2,2,0.0,2026
823056,2026-05-21,134,PIT,0,138,STL,1,-3,3,0.0,2026
822816,2026-05-22,134,PIT,0,141,TOR,1,-4,1,659.7865181803405,2026
822814,2026-05-23,134,PIT,0,141,TOR,1,-5,2,0.0,2026
822813,2026-05-24,134,PIT,0,141,TOR,1,-6,3,0.0,2026
823380,2026-05-25,134,PIT,1,112,CHC,1,1,1,222.98418827648996,2026
823379,2026-05-26,134,PIT,1,112,CHC,1,2,2,0.0,2026
823376,2026-05-27,134,PIT,1,112,CHC,1,3,3,0.0,2026
823378,2026-05-28,134,PIT,1,112,CHC,1,4,4,0.0,2026
823377,2026-05-29,134,PIT,1,142,MIN,1,5,1,0.0,2026
823375,2026-05-30,134,PIT,1,142,MIN,1,6,2,0.0,2026
823373,2026-05-31,134,PIT,1,142,MIN,1,7,3,0.0,2026
824189,2026-06-03,134,PIT,0,117,HOU,3,-1,1,1136.4863341005412,2026
824188,2026-06-04,134,PIT,0,117,HOU,1,-2,2,0.0,2026
824185,2026-06-05,134,PIT,0,117,HOU,1,-3,3,0.0,2026
824914,2026-06-05,134,PIT,0,144,ATL,0,-4,1,699.6088123085705,2026
824915,2026-06-06,134,PIT,0,144,ATL,1,-5,2,0.0,2026
824916,2026-06-07,134,PIT,0,144,ATL,1,-6,3,0.0,2026
823374,2026-06-09,134,PIT,1,119,LAD,2,1,1,515.1605409529744,2026
823372,2026-06-10,134,PIT,1,119,LAD,1,2,2,0.0,2026
823371,2026-06-11,134,PIT,1,119,LAD,1,3,3,0.0,2026
823370,2026-06-12,134,PIT,1,146,MIA,1,4,1,0.0,2026
823369,2026-06-13,134,PIT,1,146,MIA,1,5,2,0.0,2026
823368,2026-06-14,134,PIT,1,146,MIA,1,6,3,0.0,2026
824993,2026-06-16,134,PIT,0,133,OAK,2,-1,1,2248.770953784645,2026
824991,2026-06-17,134,PIT,0,133,OAK,1,-2,2,0.0,2026
824992,2026-06-18,134,PIT,0,133,OAK,1,-3,3,0.0,2026
824345,2026-06-20,134,PIT,0,115,COL,2,-4,1,935.9586291857619,2026
824342,2026-06-21,134,PIT,0,115,COL,1,-5,2,0.0,2026
824343,2026-06-21,134,PIT,0,115,COL,0,-6,3,0.0,2026
823365,2026-06-23,134,PIT,1,136,SEA,2,1,1,1317.1736538054608,2026
823367,2026-06-24,134,PIT,1,136,SEA,1,2,2,0.0,2026
823366,2026-06-25,134,PIT,1,136,SEA,1,3,3,0.0,2026
823363,2026-06-26,134,PIT,1,113,CIN,1,4,1,0.0,2026
823364,2026-06-27,134,PIT,1,113,CIN,1,5,2,0.0,2026
823362,2026-06-28,134,PIT,1,113,CIN,1,6,3,0.0,2026
823444,2026-06-29,134,PIT,0,143,PHI,1,-1,1,258.1684392529645,2026
823445,2026-06-30,134,PIT,0,143,PHI,1,-2,2,0.0,2026
823446,2026-07-01,134,PIT,0,143,PHI,1,-3,3,0.0,2026
823442,2026-07-02,134,PIT,0,143,PHI,1,-4,4,0.0,2026
822714,2026-07-03,134,PIT,0,120,WSH,1,-5,1,121.48691857607562,2026
822716,2026-07-04,134,PIT,0,120,WSH,1,-6,2,0.0,2026
822715,2026-07-05,134,PIT,0,120,WSH,1,-7,3,0.0,2026
823361,2026-07-07,134,PIT,1,144,ATL,2,1,1,193.0230929231441,2026
823360,2026-07-08,134,PIT,1,144,ATL,1,2,2,0.0,2026
823359,2026-07-09,134,PIT,1,144,ATL,1,3,3,0.0,2026
823357,2026-07-10,134,PIT,1,158,MIL,1,4,1,0.0,2026
823356,2026-07-11,134,PIT,1,158,MIL,1,5,2,0.0,2026
823358,2026-07-12,134,PIT,1,158,MIL,1,6,3,0.0,2026
824414,2026-07-17,134,PIT,0,114,CLE,5,-1,1,113.72517024270446,2026
824412,2026-07-18,134,PIT,0,114,CLE,1,-2,2,0.0,2026
824411,2026-07-19,134,PIT,0,114,CLE,1,-3,3,0.0,2026
823522,2026-07-20,134,PIT,0,147,NYY,1,-4,1,406.0987517437095,2026
823519,2026-07-21,134,PIT,0,147,NYY,1,-5,2,0.0,2026
823518,2026-07-22,134,PIT,0,147,NYY,1,-6,3,0.0,2026
823352,2026-07-24,134,PIT,1,112,CHC,2,1,1,319.800970833564,2026
823355,2026-07-25,134,PIT,1,112,CHC,1,2,2,0.0,2026
823354,2026-07-26,134,PIT,1,112,CHC,1,3,3,0.0,2026
823353,2026-07-27,134,PIT,1,109,ARI,1,4,1,0.0,2026
823350,2026-07-28,134,PIT,1,109,ARI,1,5,2,0.0,2026
823351,2026-07-29,134,PIT,1,109,ARI,1,6,3,0.0,2026
824488,2026-07-30,134,PIT,0,113,CIN,1,-1,1,256.6044671740272,2026
824486,2026-07-31,134,PIT,0,113,CIN,1,-2,2,0.0,2026
824485,2026-08-01,134,PIT,0,113,CIN,1,-3,3,0.0,2026
824483,2026-08-02,134,PIT,0,113,CIN,1,-4,4,0.0,2026
823757,2026-08-03,134,PIT,0,158,MIL,1,-5,1,325.9595383372329,2026
823756,2026-08-04,134,PIT,0,158,MIL,1,-6,2,0.0,2026
823753,2026-08-05,134,PIT,0,158,MIL,1,-7,3,0.0,2026
823754,2026-08-06,134,PIT,0,158,MIL,1,-8,4,0.0,2026
823349,2026-08-07,134,PIT,1,121,NYM,1,1,1,447.5172990364866,2026
823348,2026-08-08,134,PIT,1,121,NYM,1,2,2,0.0,2026
823345,2026-08-09,134,PIT,1,121,NYM,1,3,3,0.0,2026
823832,2026-08-11,134,PIT,0,146,MIA,2,-1,1,1013.6533818001047,2026
823833,2026-08-12,134,PIT,0,146,MIA,1,-2,2,0.0,2026
823829,2026-08-13,134,PIT,0,146,MIA,1,-3,3,0.0,2026
823346,2026-08-14,134,PIT,1,111,BOS,1,1,1,1013.6533818001047,2026
823347,2026-08-15,134,PIT,1,111,BOS,1,2,2,0.0,2026
823344,2026-08-16,134,PIT,1,111,BOS,1,3,3,0.0,2026
823343,2026-08-17,134,PIT,1,116,DET,1,4,1,0.0,2026
823341,2026-08-18,134,PIT,1,116,DET,1,5,2,0.0,2026
823342,2026-08-19,134,PIT,1,116,DET,1,6,3,0.0,2026
823911,2026-08-22,134,PIT,0,119,LAD,3,-1,1,2130.9802254915467,2026
823909,2026-08-23,134,PIT,0,119,LAD,1,-2,2,0.0,2026
823910,2026-08-23,134,PIT,0,119,LAD,0,-3,3,0.0,2026
823260,2026-08-25,134,PIT,0,135,SD,2,-4,1,113.20881075215142,2026
823259,2026-08-26,134,PIT,0,135,SD,1,-5,2,0.0,2026
823255,2026-08-26,134,PIT,0,135,SD,0,-6,3,0.0,2026
823013,2026-08-29,134,PIT,0,138,STL,3,-7,1,1561.6025452697695,2026
823011,2026-08-29,134,PIT,0,138,STL,0,-8,2,0.0,2026
823010,2026-08-30,134,PIT,0,138,STL,1,-9,3,0.0,2026
823340,2026-09-01,134,PIT,1,137,SF,2,1,1,556.9698942849304,2026
823339,2026-09-02,134,PIT,1,137,SF,1,2,2,0.0,2026
823337,2026-09-03,134,PIT,1,137,SF,1,3,3,0.0,2026
823338,2026-09-04,134,PIT,1,108,LAA,1,4,1,0.0,2026
823335,2026-09-05,134,PIT,1,108,LAA,1,5,2,0.0,2026
823336,2026-09-06,134,PIT,1,108,LAA,1,6,3,0.0,2026
824551,2026-09-08,134,PIT,0,145,CWS,2,-1,1,408.14464367793005,2026
824549,2026-09-09,134,PIT,0,145,CWS,1,-2,2,0.0,2026
824550,2026-09-10,134,PIT,0,145,CWS,1,-3,3,0.0,2026
824631,2026-09-11,134,PIT,0,112,CHC,1,-4,1,8.262413783057372,2026
824630,2026-09-12,134,PIT,0,112,CHC,1,-5,2,0.0,2026
824628,2026-09-13,134,PIT,0,112,CHC,1,-6,3,0.0,2026
823333,2026-09-15,134,PIT,1,158,MIL,2,1,1,410.8665423703318,2026
823332,2026-09-16,134,PIT,1,158,MIL,1,2,2,0.0,2026
823334,2026-09-17,134,PIT,1,158,MIL,1,3,3,0.0,2026
823331,2026-09-18,134,PIT,1,118,KC,1,4,1,0.0,2026
823330,2026-09-19,134,PIT,1,118,KC,1,5,2,0.0,2026
823329,2026-09-20,134,PIT,1,118,KC,1,6,3,0.0,2026
823328,2026-09-22,134,PIT,1,138,STL,2,7,1,0.0,2026
823327,2026-09-23,134,PIT,1,138,STL,1,8,2,0.0,2026
823326,2026-09-24,134,PIT,1,138,STL,1,9,3,0.0,2026
824220,2026-09-25,134,PIT,0,116,DET,1,-1,1,204.84355160436255,2026
824219,2026-09-26,134,PIT,0,116,DET,1,-2,2,0.0,2026
824217,2026-09-27,134,PIT,0,116,DET,1,-3,3,0.0,2026
823325,2026-03-26,135,SD,1,116,DET,0,1,1,0.0,2026
823324,2026-03-28,135,SD,1,116,DET,2,2,2,0.0,2026
823323,2026-03-29,135,SD,1,116,DET,1,3,3,0.0,2026
823320,2026-03-31,135,SD,1,137,SF,2,4,1,0.0,2026
823322,2026-04-01,135,SD,1,137,SF,1,5,2,0.0,2026
823321,2026-04-01,135,SD,1,137,SF,0,6,3,0.0,2026
824786,2026-04-03,135,SD,0,111,BOS,2,-1,1,2577.0025802905243,2026
824782,2026-04-04,135,SD,0,111,BOS,1,-2,2,0.0,2026
824781,2026-04-05,135,SD,0,111,BOS,1,-3,3,0.0,2026
823401,2026-04-06,135,SD,0,134,PIT,1,-4,1,479.7911670433808,2026
823402,2026-04-07,135,SD,0,134,PIT,1,-5,2,0.0,2026
823403,2026-04-08,135,SD,0,134,PIT,1,-6,3,0.0,2026
823319,2026-04-10,135,SD,1,115,COL,2,1,1,2112.926750844012,2026
823318,2026-04-11,135,SD,1,115,COL,1,2,2,0.0,2026
823316,2026-04-12,135,SD,1,115,COL,1,3,3,0.0,2026
823317,2026-04-12,135,SD,1,115,COL,0,4,4,0.0,2026
823315,2026-04-15,135,SD,1,136,SEA,3,5,1,0.0,2026
823314,2026-04-16,135,SD,1,136,SEA,1,6,2,0.0,2026
823313,2026-04-17,135,SD,1,136,SEA,1,7,3,0.0,2026
824048,2026-04-18,135,SD,0,108,LAA,1,-1,1,86.36512380343024,2026
824049,2026-04-19,135,SD,0,108,LAA,1,-2,2,0.0,2026
824047,2026-04-19,135,SD,0,108,LAA,0,-3,3,0.0,2026
824369,2026-04-22,135,SD,0,115,COL,3,-4,1,822.2861860892081,2026
824367,2026-04-23,135,SD,0,115,COL,1,-5,2,0.0,2026
824368,2026-04-23,135,SD,0,115,COL,0,-6,3,0.0,2026
825093,2026-04-25,135,SD,0,109,ARI,2,-7,1,586.1530990190981,2026
825094,2026-04-26,135,SD,0,109,ARI,1,-8,2,0.0,2026
823311,2026-04-28,135,SD,1,112,CHC,2,1,1,299.07000924838377,2026
823312,2026-04-29,135,SD,1,112,CHC,1,2,2,0.0,2026
823310,2026-04-29,135,SD,1,112,CHC,0,3,3,0.0,2026
823309,2026-05-02,135,SD,1,145,CWS,3,4,1,0.0,2026
823308,2026-05-03,135,SD,1,145,CWS,1,5,2,0.0,2026
823307,2026-05-03,135,SD,1,145,CWS,0,6,3,0.0,2026
823228,2026-05-05,135,SD,0,137,SF,2,-1,1,458.03894144483473,2026
823227,2026-05-06,135,SD,0,137,SF,1,-2,2,0.0,2026
823226,2026-05-06,135,SD,0,137,SF,0,-3,3,0.0,2026
823306,2026-05-08,135,SD,1,138,STL,2,1,1,458.03894144483473,2026
823304,2026-05-09,135,SD,1,138,STL,1,2,2,0.0,2026
823303,2026-05-09,135,SD,1,138,STL,0,3,3,0.0,2026
823305,2026-05-10,135,SD,1,138,STL,1,4,4,0.0,2026
823790,2026-05-12,135,SD,0,158,MIL,2,-1,1,1732.8547359706142,2026
823791,2026-05-13,135,SD,0,158,MIL,1,-2,2,0.0,2026
823789,2026-05-14,135,SD,0,158,MIL,1,-3,3,0.0,2026
823140,2026-05-16,135,SD,0,136,SEA,2,-4,1,1684.8927175606668,2026
823139,2026-05-16,135,SD,0,136,SEA,0,-5,2,0.0,2026
823138,2026-05-17,135,SD,0,136,SEA,1,-6,3,0.0,2026
823301,2026-05-19,135,SD,1,119,LAD,2,1,1,1063.509772580899,2026
823302,2026-05-20,135,SD,1,119,LAD,1,2,2,0.0,2026
823299,2026-05-21,135,SD,1,119,LAD,1,3,3,0.0,2026
823298,2026-05-23,135,SD,1,133,OAK,2,4,1,0.0,2026
823297,2026-05-24,135,SD,1,133,OAK,1,5,2,0.0,2026
823300,2026-05-24,135,SD,1,133,OAK,0,6,3,0.0,2026
823296,2026-05-25,135,SD,1,143,PHI,1,7,1,0.0,2026
823294,2026-05-27,135,SD,1,143,PHI,2,8,2,0.0,2026
823295,2026-05-27,135,SD,1,143,PHI,0,9,3,0.0,2026
822732,2026-05-29,135,SD,0,120,WSH,2,-1,1,2271.6169527029847,2026
822731,2026-05-30,135,SD,0,120,WSH,1,-2,2,0.0,2026
822729,2026-05-31,135,SD,0,120,WSH,1,-3,3,0.0,2026
823460,2026-06-02,135,SD,0,143,PHI,2,-4,1,121.48691857607562,2026
823456,2026-06-03,135,SD,0,143,PHI,1,-5,2,0.0,2026
823457,2026-06-04,135,SD,0,143,PHI,1,-6,3,0.0,2026
823293,2026-06-06,135,SD,1,121,NYM,2,1,1,2367.9373803347366,2026
823292,2026-06-07,135,SD,1,121,NYM,1,2,2,0.0,2026
823291,2026-06-07,135,SD,1,121,NYM,0,3,3,0.0,2026
823289,2026-06-09,135,SD,1,113,CIN,2,4,1,0.0,2026
823290,2026-06-10,135,SD,1,113,CIN,1,5,2,0.0,2026
823287,2026-06-10,135,SD,1,113,CIN,0,6,3,0.0,2026
824826,2026-06-12,135,SD,0,110,BAL,2,-1,1,2291.50122166283,2026
824828,2026-06-13,135,SD,0,110,BAL,1,-2,2,0.0,2026
824823,2026-06-14,135,SD,0,110,BAL,1,-3,3,0.0,2026
823046,2026-06-15,135,SD,0,138,STL,1,-4,1,729.9729666923824,2026
823045,2026-06-16,135,SD,0,138,STL,1,-5,2,0.0,2026
823044,2026-06-17,135,SD,0,138,STL,1,-6,3,0.0,2026
822886,2026-06-20,135,SD,0,140,TEX,3,-7,1,560.1228238201853,2026
822885,2026-06-20,135,SD,0,140,TEX,0,-8,2,0.0,2026
822883,2026-06-21,135,SD,0,140,TEX,1,-9,3,0.0,2026
823288,2026-06-23,135,SD,1,144,ATL,2,1,1,1165.0786259258875,2026
823286,2026-06-24,135,SD,1,144,ATL,1,2,2,0.0,2026
823284,2026-06-25,135,SD,1,144,ATL,1,3,3,0.0,2026
823285,2026-06-27,135,SD,1,119,LAD,2,4,1,0.0,2026
823281,2026-06-28,135,SD,1,119,LAD,1,5,2,0.0,2026
823283,2026-06-28,135,SD,1,119,LAD,0,6,3,0.0,2026
824662,2026-06-30,135,SD,0,112,CHC,2,-1,1,1731.4493412522409,2026
824661,2026-07-01,135,SD,0,112,CHC,1,-2,2,0.0,2026
824660,2026-07-01,135,SD,0,112,CHC,0,-3,3,0.0,2026
823935,2026-07-03,135,SD,0,119,LAD,2,-4,1,1740.9215479584495,2026
823933,2026-07-04,135,SD,0,119,LAD,1,-5,2,0.0,2026
823932,2026-07-05,135,SD,0,119,LAD,1,-6,3,0.0,2026
823931,2026-07-05,135,SD,0,119,LAD,0,-7,4,0.0,2026
823282,2026-07-07,135,SD,1,109,ARI,2,1,1,113.20881075215142,2026
823280,2026-07-08,135,SD,1,109,ARI,1,2,2,0.0,2026
823279,2026-07-09,135,SD,1,109,ARI,1,3,3,0.0,2026
823277,2026-07-10,135,SD,1,109,ARI,1,4,4,0.0,2026
823278,2026-07-11,135,SD,1,141,TOR,1,5,1,0.0,2026
823276,2026-07-12,135,SD,1,141,TOR,1,6,2,0.0,2026
823274,2026-07-12,135,SD,1,141,TOR,0,7,3,0.0,2026
824090,2026-07-18,135,SD,0,118,KC,6,-1,1,1338.8342274624279,2026
824088,2026-07-18,135,SD,0,118,KC,0,-2,2,0.0,2026
824086,2026-07-19,135,SD,0,118,KC,1,-3,3,0.0,2026
824898,2026-07-20,135,SD,0,144,ATL,1,-4,1,660.1950472349462,2026
824895,2026-07-21,135,SD,0,144,ATL,1,-5,2,0.0,2026
824896,2026-07-22,135,SD,0,144,ATL,1,-6,3,0.0,2026
824893,2026-07-23,135,SD,0,144,ATL,1,-7,4,0.0,2026
823843,2026-07-24,135,SD,0,146,MIA,1,-8,1,615.50817708501,2026
823841,2026-07-25,135,SD,0,146,MIA,1,-9,2,0.0,2026
823840,2026-07-26,135,SD,0,146,MIA,1,-10,3,0.0,2026
823275,2026-07-29,135,SD,1,115,COL,3,1,1,2266.0145326444363,2026
823273,2026-07-29,135,SD,1,115,COL,0,2,2,0.0,2026
823271,2026-07-31,135,SD,1,137,SF,2,3,1,0.0,2026
823272,2026-08-01,135,SD,1,137,SF,1,4,2,0.0,2026
823270,2026-08-02,135,SD,1,137,SF,1,5,3,0.0,2026
823269,2026-08-02,135,SD,1,137,SF,0,6,4,0.0,2026
825095,2026-08-04,135,SD,0,109,ARI,2,-1,1,299.07000924838377,2026
825054,2026-08-05,135,SD,0,109,ARI,1,-2,2,0.0,2026
825052,2026-08-06,135,SD,0,109,ARI,1,-3,3,0.0,2026
825053,2026-08-07,135,SD,0,109,ARI,1,-4,4,0.0,2026
823266,2026-08-08,135,SD,1,117,HOU,1,1,1,299.07000924838377,2026
823267,2026-08-08,135,SD,1,117,HOU,0,2,2,0.0,2026
823268,2026-08-10,135,SD,1,117,HOU,2,3,3,0.0,2026
823265,2026-08-11,135,SD,1,158,MIL,1,4,1,0.0,2026
823263,2026-08-12,135,SD,1,158,MIL,1,5,2,0.0,2026
823264,2026-08-12,135,SD,1,158,MIL,0,6,3,0.0,2026
824399,2026-08-14,135,SD,0,114,CLE,2,-1,1,2030.8748360718175,2026
824400,2026-08-15,135,SD,0,114,CLE,1,-2,2,0.0,2026
824397,2026-08-16,135,SD,0,114,CLE,1,-3,3,0.0,2026
823589,2026-08-17,135,SD,0,121,NYM,1,-4,1,411.0649093966104,2026
823586,2026-08-18,135,SD,0,121,NYM,1,-5,2,0.0,2026
823587,2026-08-19,135,SD,0,121,NYM,1,-6,3,0.0,2026
823262,2026-08-22,135,SD,1,142,MIN,3,1,1,2436.313085576127,2026
823261,2026-08-23,135,SD,1,142,MIN,1,2,2,0.0,2026
823258,2026-08-23,135,SD,1,142,MIN,0,3,3,0.0,2026
823260,2026-08-25,135,SD,1,134,PIT,2,4,1,0.0,2026
823259,2026-08-26,135,SD,1,134,PIT,1,5,2,0.0,2026
823255,2026-08-26,135,SD,1,134,PIT,0,6,3,0.0,2026
822935,2026-08-28,135,SD,0,139,TB,2,-1,1,2078.5437948747294,2026
822936,2026-08-29,135,SD,0,139,TB,1,-2,2,0.0,2026
822933,2026-08-30,135,SD,0,139,TB,1,-3,3,0.0,2026
824473,2026-08-31,135,SD,0,113,CIN,1,-4,1,790.0657540508034,2026
824472,2026-09-01,135,SD,0,113,CIN,1,-5,2,0.0,2026
824470,2026-09-02,135,SD,0,113,CIN,1,-6,3,0.0,2026
823256,2026-09-05,135,SD,1,147,NYY,3,1,1,1869.1251200134675,2026
823253,2026-09-06,135,SD,1,147,NYY,1,2,2,0.0,2026
823257,2026-09-06,135,SD,1,147,NYY,0,3,3,0.0,2026
823254,2026-09-07,135,SD,1,120,WSH,1,4,1,0.0,2026
823250,2026-09-09,135,SD,1,120,WSH,2,5,2,0.0,2026
823251,2026-09-09,135,SD,1,120,WSH,0,6,3,0.0,2026
823173,2026-09-12,135,SD,0,137,SF,3,-1,1,458.03894144483473,2026
823170,2026-09-12,135,SD,0,137,SF,0,-2,2,0.0,2026
823171,2026-09-13,135,SD,0,137,SF,1,-3,3,0.0,2026
824308,2026-09-15,135,SD,0,115,COL,2,-4,1,945.5308694116128,2026
824307,2026-09-16,135,SD,0,115,COL,1,-5,2,0.0,2026
824305,2026-09-17,135,SD,0,115,COL,1,-6,3,0.0,2026
824306,2026-09-17,135,SD,0,115,COL,0,-7,4,0.0,2026
823252,2026-09-19,135,SD,1,146,MIA,2,1,1,833.4460828296096,2026
823249,2026-09-20,135,SD,1,146,MIA,1,2,2,0.0,2026
823247,2026-09-20,135,SD,1,146,MIA,0,3,3,0.0,2026
823897,2026-09-23,135,SD,0,119,LAD,3,-1,1,113.20881075215142,2026
823894,2026-09-24,135,SD,0,119,LAD,1,-2,2,0.0,2026
823895,2026-09-25,135,SD,0,119,LAD,1,-3,3,0.0,2026
823248,2026-09-26,135,SD,1,109,ARI,1,1,1,113.20881075215142,2026
823245,2026-09-27,135,SD,1,109,ARI,1,2,2,0.0,2026
823246,2026-09-27,135,SD,1,109,ARI,0,3,3,0.0,2026
823163,2026-03-27,136,SEA,1,114,CLE,0,1,1,0.0,2026
823162,2026-03-28,136,SEA,1,114,CLE,1,2,2,0.0,2026
823161,2026-03-29,136,SEA,1,114,CLE,1,3,3,0.0,2026
823160,2026-03-29,136,SEA,1,114,CLE,0,4,4,0.0,2026
823159,2026-03-31,136,SEA,1,147,NYY,2,5,1,0.0,2026
823158,2026-04-01,136,SEA,1,147,NYY,1,6,2,0.0,2026
823157,2026-04-01,136,SEA,1,147,NYY,0,7,3,0.0,2026
824056,2026-04-04,136,SEA,0,108,LAA,3,-1,1,980.5935873257743,2026
824053,2026-04-05,136,SEA,0,108,LAA,1,-2,2,0.0,2026
824054,2026-04-05,136,SEA,0,108,LAA,0,-3,3,0.0,2026
822918,2026-04-07,136,SEA,0,140,TEX,2,-4,1,1201.6984237735796,2026
822916,2026-04-08,136,SEA,0,140,TEX,1,-5,2,0.0,2026
822915,2026-04-08,136,SEA,0,140,TEX,0,-6,3,0.0,2026
823156,2026-04-11,136,SEA,1,117,HOU,3,1,1,1668.9357465944922,2026
823155,2026-04-12,136,SEA,1,117,HOU,1,2,2,0.0,2026
823154,2026-04-12,136,SEA,1,117,HOU,0,3,3,0.0,2026
823153,2026-04-13,136,SEA,1,117,HOU,1,4,4,0.0,2026
823315,2026-04-15,136,SEA,0,135,SD,2,-1,1,1063.509772580899,2026
823314,2026-04-16,136,SEA,0,135,SD,1,-2,2,0.0,2026
823313,2026-04-17,136,SEA,0,135,SD,1,-3,3,0.0,2026
823152,2026-04-18,136,SEA,1,140,TEX,1,1,1,1063.509772580899,2026
823151,2026-04-18,136,SEA,1,140,TEX,0,2,2,0.0,2026
823150,2026-04-19,136,SEA,1,140,TEX,1,3,3,0.0,2026
823149,2026-04-21,136,SEA,1,133,OAK,2,4,1,0.0,2026
823148,2026-04-22,136,SEA,1,133,OAK,1,5,2,0.0,2026
823147,2026-04-22,136,SEA,1,133,OAK,0,6,3,0.0,2026
823069,2026-04-25,136,SEA,0,138,STL,3,-1,1,1720.6847673970585,2026
823070,2026-04-25,136,SEA,0,138,STL,0,-2,2,0.0,2026
823068,2026-04-26,136,SEA,0,138,STL,1,-3,3,0.0,2026
823719,2026-04-27,136,SEA,0,142,MIN,1,-4,1,467.15187795921247,2026
823716,2026-04-28,136,SEA,0,142,MIN,1,-5,2,0.0,2026
823717,2026-04-29,136,SEA,0,142,MIN,1,-6,3,0.0,2026
823146,2026-05-02,136,SEA,1,118,KC,3,1,1,1390.7389323897291,2026
823144,2026-05-03,136,SEA,1,118,KC,1,2,2,0.0,2026
823145,2026-05-03,136,SEA,1,118,KC,0,3,3,0.0,2026
823143,2026-05-05,136,SEA,1,144,ATL,2,4,1,0.0,2026
823142,2026-05-06,136,SEA,1,144,ATL,1,5,2,0.0,2026
823141,2026-05-06,136,SEA,1,144,ATL,0,6,3,0.0,2026
824607,2026-05-08,136,SEA,0,145,CWS,2,-1,1,1734.2639498746735,2026
824606,2026-05-09,136,SEA,0,145,CWS,1,-2,2,0.0,2026
824605,2026-05-10,136,SEA,0,145,CWS,1,-3,3,0.0,2026
824199,2026-05-12,136,SEA,0,117,HOU,2,-4,1,938.7707116803103,2026
824197,2026-05-13,136,SEA,0,117,HOU,1,-5,2,0.0,2026
824195,2026-05-14,136,SEA,0,117,HOU,1,-6,3,0.0,2026
824196,2026-05-14,136,SEA,0,117,HOU,0,-7,4,0.0,2026
823140,2026-05-16,136,SEA,1,135,SD,2,1,1,1889.6158526975785,2026
823139,2026-05-16,136,SEA,1,135,SD,0,2,2,0.0,2026
823138,2026-05-17,136,SEA,1,135,SD,1,3,3,0.0,2026
823137,2026-05-19,136,SEA,1,145,CWS,2,4,1,0.0,2026
823136,2026-05-20,136,SEA,1,145,CWS,1,5,2,0.0,2026
823134,2026-05-20,136,SEA,1,145,CWS,0,6,3,0.0,2026
824110,2026-05-22,136,SEA,0,118,KC,2,-1,1,1508.929102213115,2026
824109,2026-05-23,136,SEA,0,118,KC,1,-2,2,0.0,2026
824108,2026-05-24,136,SEA,0,118,KC,1,-3,3,0.0,2026
825005,2026-05-26,136,SEA,0,133,OAK,2,-4,1,1497.929836668995,2026
825004,2026-05-27,136,SEA,0,133,OAK,1,-5,2,0.0,2026
825003,2026-05-27,136,SEA,0,133,OAK,0,-6,3,0.0,2026
823135,2026-05-30,136,SEA,1,109,ARI,3,1,1,679.9392003432476,2026
823133,2026-05-31,136,SEA,1,109,ARI,1,2,2,0.0,2026
823132,2026-05-31,136,SEA,1,109,ARI,0,3,3,0.0,2026
823131,2026-06-02,136,SEA,1,121,NYM,2,4,1,0.0,2026
823129,2026-06-03,136,SEA,1,121,NYM,1,5,2,0.0,2026
823130,2026-06-03,136,SEA,1,121,NYM,0,6,3,0.0,2026
824271,2026-06-05,136,SEA,0,116,DET,2,-1,1,1933.051781296917,2026
824269,2026-06-06,136,SEA,0,116,DET,1,-2,2,0.0,2026
824268,2026-06-07,136,SEA,0,116,DET,1,-3,3,0.0,2026
824829,2026-06-08,136,SEA,0,110,BAL,1,-4,1,396.72723870572077,2026
824830,2026-06-09,136,SEA,0,110,BAL,1,-5,2,0.0,2026
824831,2026-06-10,136,SEA,0,110,BAL,1,-6,3,0.0,2026
824827,2026-06-11,136,SEA,0,110,BAL,1,-7,4,0.0,2026
822726,2026-06-12,136,SEA,0,120,WSH,1,-8,1,35.12148729233362,2026
822725,2026-06-13,136,SEA,0,120,WSH,1,-9,2,0.0,2026
822722,2026-06-14,136,SEA,0,120,WSH,1,-10,3,0.0,2026
823128,2026-06-17,136,SEA,1,110,BAL,3,1,1,2324.354505710339,2026
823127,2026-06-18,136,SEA,1,110,BAL,1,2,2,0.0,2026
823125,2026-06-18,136,SEA,1,110,BAL,0,3,3,0.0,2026
823124,2026-06-20,136,SEA,1,111,BOS,2,4,1,0.0,2026
823123,2026-06-21,136,SEA,1,111,BOS,1,5,2,0.0,2026
823126,2026-06-21,136,SEA,1,111,BOS,0,6,3,0.0,2026
823365,2026-06-23,136,SEA,0,134,PIT,2,-1,1,2132.1912178257517,2026
823367,2026-06-24,136,SEA,0,134,PIT,1,-2,2,0.0,2026
823366,2026-06-25,136,SEA,0,134,PIT,1,-3,3,0.0,2026
824423,2026-06-26,136,SEA,0,114,CLE,1,-4,1,113.72517024270446,2026
824421,2026-06-27,136,SEA,0,114,CLE,1,-5,2,0.0,2026
824422,2026-06-28,136,SEA,0,114,CLE,1,-6,3,0.0,2026
823121,2026-06-30,136,SEA,1,108,LAA,2,1,1,2021.2763610125958,2026
823122,2026-07-01,136,SEA,1,108,LAA,1,2,2,0.0,2026
823119,2026-07-03,136,SEA,1,108,LAA,2,3,3,0.0,2026
823120,2026-07-04,136,SEA,1,141,TOR,1,4,1,0.0,2026
823118,2026-07-04,136,SEA,1,141,TOR,0,5,2,0.0,2026
823117,2026-07-05,136,SEA,1,141,TOR,1,6,3,0.0,2026
823847,2026-07-07,136,SEA,0,146,MIA,2,-1,1,2729.440364358721,2026
823848,2026-07-08,136,SEA,0,146,MIA,1,-2,2,0.0,2026
823846,2026-07-09,136,SEA,0,146,MIA,1,-3,3,0.0,2026
822955,2026-07-10,136,SEA,0,139,TB,1,-4,1,203.5855811594844,2026
822953,2026-07-11,136,SEA,0,139,TB,1,-5,2,0.0,2026
822951,2026-07-12,136,SEA,0,139,TB,1,-6,3,0.0,2026
823115,2026-07-18,136,SEA,1,137,SF,6,1,1,2525.9452819416106,2026
823116,2026-07-19,136,SEA,1,137,SF,1,2,2,0.0,2026
823113,2026-07-19,136,SEA,1,137,SF,0,3,3,0.0,2026
823112,2026-07-21,136,SEA,1,113,CIN,2,4,1,0.0,2026
823114,2026-07-22,136,SEA,1,113,CIN,1,5,2,0.0,2026
823110,2026-07-22,136,SEA,1,113,CIN,0,6,3,0.0,2026
822872,2026-07-25,136,SEA,0,140,TEX,3,-1,1,1668.9357465944922,2026
822869,2026-07-25,136,SEA,0,140,TEX,0,-2,2,0.0,2026
822870,2026-07-26,136,SEA,0,140,TEX,1,-3,3,0.0,2026
822868,2026-07-27,136,SEA,0,140,TEX,1,-4,4,0.0,2026
823923,2026-07-29,136,SEA,0,119,LAD,2,-5,1,1221.5143050983006,2026
823924,2026-07-30,136,SEA,0,119,LAD,1,-6,2,0.0,2026
823921,2026-07-31,136,SEA,0,119,LAD,1,-7,3,0.0,2026
823109,2026-08-01,136,SEA,1,142,MIN,1,1,1,957.8545939923275,2026
823111,2026-08-01,136,SEA,1,142,MIN,0,2,2,0.0,2026
823107,2026-08-02,136,SEA,1,142,MIN,1,3,3,0.0,2026
823108,2026-08-05,136,SEA,1,116,DET,3,4,1,0.0,2026
823106,2026-08-06,136,SEA,1,116,DET,1,5,2,0.0,2026
823105,2026-08-06,136,SEA,1,116,DET,0,6,3,0.0,2026
823103,2026-08-08,136,SEA,1,139,TB,2,7,1,0.0,2026
823102,2026-08-09,136,SEA,1,139,TB,1,8,2,0.0,2026
823104,2026-08-09,136,SEA,1,139,TB,0,9,3,0.0,2026
823512,2026-08-11,136,SEA,0,147,NYY,2,-1,1,2402.134394397607,2026
823511,2026-08-12,136,SEA,0,147,NYY,1,-2,2,0.0,2026
823508,2026-08-13,136,SEA,0,147,NYY,1,-3,3,0.0,2026
824159,2026-08-15,136,SEA,0,117,HOU,2,-4,1,1424.3629806468848,2026
824157,2026-08-15,136,SEA,0,117,HOU,0,-5,2,0.0,2026
824156,2026-08-16,136,SEA,0,117,HOU,1,-6,3,0.0,2026
823749,2026-08-18,136,SEA,0,158,MIL,2,-7,1,1003.7248757818593,2026
823748,2026-08-19,136,SEA,0,158,MIL,1,-8,2,0.0,2026
823747,2026-08-20,136,SEA,0,158,MIL,1,-9,3,0.0,2026
823101,2026-08-22,136,SEA,1,112,CHC,2,1,1,1684.8927175606668,2026
823100,2026-08-22,136,SEA,1,112,CHC,0,2,2,0.0,2026
823099,2026-08-23,136,SEA,1,112,CHC,1,3,3,0.0,2026
823097,2026-08-25,136,SEA,1,143,PHI,2,4,1,0.0,2026
823098,2026-08-26,136,SEA,1,143,PHI,1,5,2,0.0,2026
823096,2026-08-26,136,SEA,1,143,PHI,0,6,3,0.0,2026
822769,2026-08-28,136,SEA,0,141,TOR,2,-1,1,2066.462246019487,2026
822770,2026-08-29,136,SEA,0,141,TOR,1,-2,2,0.0,2026
822766,2026-08-30,136,SEA,0,141,TOR,1,-3,3,0.0,2026
824719,2026-08-31,136,SEA,0,111,BOS,1,-4,1,428.32913029317257,2026
824716,2026-09-01,136,SEA,0,111,BOS,1,-5,2,0.0,2026
824717,2026-09-02,136,SEA,0,111,BOS,1,-6,3,0.0,2026
823095,2026-09-04,136,SEA,1,133,OAK,2,1,1,2484.5557470593844,2026
823093,2026-09-05,136,SEA,1,133,OAK,1,2,2,0.0,2026
823094,2026-09-06,136,SEA,1,133,OAK,1,3,3,0.0,2026
823091,2026-09-06,136,SEA,1,133,OAK,0,4,4,0.0,2026
823092,2026-09-09,136,SEA,1,140,TEX,3,5,1,0.0,2026
823090,2026-09-09,136,SEA,1,140,TEX,0,6,2,0.0,2026
823088,2026-09-10,136,SEA,1,140,TEX,1,7,3,0.0,2026
824954,2026-09-12,136,SEA,0,133,OAK,2,-1,1,679.9392003432476,2026
824955,2026-09-13,136,SEA,0,133,OAK,1,-2,2,0.0,2026
824952,2026-09-13,136,SEA,0,133,OAK,0,-3,3,0.0,2026
823981,2026-09-15,136,SEA,0,108,LAA,2,-4,1,364.7793033141838,2026
823980,2026-09-16,136,SEA,0,108,LAA,1,-5,2,0.0,2026
823979,2026-09-17,136,SEA,0,108,LAA,1,-6,3,0.0,2026
824303,2026-09-19,136,SEA,0,115,COL,2,-7,1,822.2861860892081,2026
824304,2026-09-20,136,SEA,0,115,COL,1,-8,2,0.0,2026
824300,2026-09-20,136,SEA,0,115,COL,0,-9,3,0.0,2026
823089,2026-09-23,136,SEA,1,117,HOU,3,1,1,1018.269066908343,2026
823086,2026-09-24,136,SEA,1,117,HOU,1,2,2,0.0,2026
823087,2026-09-25,136,SEA,1,108,LAA,1,3,1,0.0,2026
823085,2026-09-26,136,SEA,1,108,LAA,1,4,2,0.0,2026
823083,2026-09-27,136,SEA,1,108,LAA,1,5,3,0.0,2026
823084,2026-09-27,136,SEA,1,108,LAA,0,6,4,0.0,2026
823244,2026-03-26,137,SF,1,147,NYY,0,1,1,0.0,2026
823243,2026-03-27,137,SF,1,147,NYY,1,2,2,0.0,2026
823241,2026-03-28,137,SF,1,147,NYY,1,3,3,0.0,2026
823320,2026-03-31,137,SF,0,135,SD,3,-1,1,458.03894144483473,2026
823322,2026-04-01,137,SF,0,135,SD,1,-2,2,0.0,2026
823321,2026-04-01,137,SF,0,135,SD,0,-3,3,0.0,2026
823242,2026-04-03,137,SF,1,121,NYM,2,1,1,458.03894144483473,2026
823240,2026-04-04,137,SF,1,121,NYM,1,2,2,0.0,2026
823238,2026-04-05,137,SF,1,121,NYM,1,3,3,0.0,2026
823239,2026-04-05,137,SF,1,121,NYM,0,4,4,0.0,2026
823237,2026-04-07,137,SF,1,143,PHI,2,5,1,0.0,2026
823235,2026-04-08,137,SF,1,143,PHI,1,6,2,0.0,2026
823234,2026-04-08,137,SF,1,143,PHI,0,7,3,0.0,2026
824858,2026-04-10,137,SF,0,110,BAL,2,-1,1,2449.4024024101145,2026
824857,2026-04-11,137,SF,0,110,BAL,1,-2,2,0.0,2026
824859,2026-04-12,137,SF,0,110,BAL,1,-3,3,0.0,2026
824531,2026-04-14,137,SF,0,113,CIN,2,-4,1,422.40795362654626,2026
824532,2026-04-15,137,SF,0,113,CIN,1,-5,2,0.0,2026
824530,2026-04-16,137,SF,0,113,CIN,1,-6,3,0.0,2026
822752,2026-04-17,137,SF,0,120,WSH,1,-7,1,403.05254469244744,2026
822751,2026-04-18,137,SF,0,120,WSH,1,-8,2,0.0,2026
822750,2026-04-19,137,SF,0,120,WSH,1,-9,3,0.0,2026
823236,2026-04-22,137,SF,1,119,LAD,3,1,1,2435.443676108395,2026
823231,2026-04-23,137,SF,1,119,LAD,1,2,2,0.0,2026
823233,2026-04-23,137,SF,1,119,LAD,0,3,3,0.0,2026
823232,2026-04-25,137,SF,1,146,MIA,2,4,1,0.0,2026
823229,2026-04-25,137,SF,1,146,MIA,0,5,2,0.0,2026
823230,2026-04-26,137,SF,1,146,MIA,1,6,3,0.0,2026
823473,2026-04-28,137,SF,0,143,PHI,2,-1,1,2515.920678646169,2026
823472,2026-04-30,137,SF,0,143,PHI,1,-3,3,0.0,2026
823471,2026-04-30,137,SF,0,143,PHI,0,-4,4,0.0,2026
822990,2026-05-01,137,SF,0,139,TB,1,-5,1,941.4579426846607,2026
822988,2026-05-02,137,SF,0,139,TB,1,-6,2,0.0,2026
822987,2026-05-03,137,SF,0,139,TB,1,-7,3,0.0,2026
823228,2026-05-05,137,SF,1,135,SD,2,1,1,2390.1707868906847,2026
823227,2026-05-06,137,SF,1,135,SD,1,2,2,0.0,2026
823226,2026-05-06,137,SF,1,135,SD,0,3,3,0.0,2026
823225,2026-05-09,137,SF,1,134,PIT,3,4,1,0.0,2026
823221,2026-05-10,137,SF,1,134,PIT,1,5,2,0.0,2026
823224,2026-05-10,137,SF,1,134,PIT,0,6,3,0.0,2026
823953,2026-05-12,137,SF,0,119,LAD,2,-1,1,345.5052646422354,2026
823951,2026-05-13,137,SF,0,119,LAD,1,-2,2,0.0,2026
823952,2026-05-14,137,SF,0,119,LAD,1,-3,3,0.0,2026
823950,2026-05-15,137,SF,0,119,LAD,1,-4,4,0.0,2026
825009,2026-05-16,137,SF,0,133,OAK,1,-5,1,337.12266209703967,2026
825007,2026-05-17,137,SF,0,133,OAK,1,-6,2,0.0,2026
825006,2026-05-17,137,SF,0,133,OAK,0,-7,3,0.0,2026
825087,2026-05-19,137,SF,0,109,ARI,2,-8,1,641.9010628899154,2026
825084,2026-05-20,137,SF,0,109,ARI,1,-9,2,0.0,2026
825086,2026-05-20,137,SF,0,109,ARI,0,-10,3,0.0,2026
823223,2026-05-23,137,SF,1,145,CWS,3,1,1,652.0636757078365,2026
823222,2026-05-23,137,SF,1,145,CWS,0,2,2,0.0,2026
823220,2026-05-24,137,SF,1,145,CWS,1,3,3,0.0,2026
823219,2026-05-25,137,SF,1,109,ARI,1,4,1,0.0,2026
823216,2026-05-27,137,SF,1,109,ARI,2,5,2,0.0,2026
823217,2026-05-27,137,SF,1,109,ARI,0,6,3,0.0,2026
824353,2026-05-30,137,SF,0,115,COL,3,-1,1,945.5308694116128,2026
824352,2026-05-31,137,SF,0,115,COL,1,-2,2,0.0,2026
824354,2026-05-31,137,SF,0,115,COL,0,-3,3,0.0,2026
823781,2026-06-01,137,SF,0,158,MIL,1,-4,1,909.1622358795455,2026
823782,2026-06-02,137,SF,0,158,MIL,1,-5,2,0.0,2026
823780,2026-06-03,137,SF,0,158,MIL,1,-6,3,0.0,2026
823779,2026-06-04,137,SF,0,158,MIL,1,-7,4,0.0,2026
824673,2026-06-05,137,SF,0,112,CHC,1,-8,1,76.31439882124853,2026
824669,2026-06-06,137,SF,0,112,CHC,1,-9,2,0.0,2026
824670,2026-06-08,137,SF,0,112,CHC,2,-10,3,0.0,2026
823218,2026-06-09,137,SF,1,120,WSH,1,1,1,1851.6696488043885,2026
823214,2026-06-10,137,SF,1,120,WSH,1,2,2,0.0,2026
823215,2026-06-10,137,SF,1,120,WSH,0,3,3,0.0,2026
823211,2026-06-13,137,SF,1,112,CHC,3,4,1,0.0,2026
823213,2026-06-14,137,SF,1,112,CHC,1,5,2,0.0,2026
823212,2026-06-14,137,SF,1,112,CHC,0,6,3,0.0,2026
824912,2026-06-16,137,SF,0,144,ATL,2,-1,1,2126.61368269605,2026
824913,2026-06-17,137,SF,0,144,ATL,1,-2,2,0.0,2026
824911,2026-06-18,137,SF,0,144,ATL,1,-3,3,0.0,2026
823853,2026-06-19,137,SF,0,146,MIA,1,-4,1,615.50817708501,2026
823854,2026-06-20,137,SF,0,146,MIA,1,-5,2,0.0,2026
823852,2026-06-21,137,SF,0,146,MIA,1,-6,3,0.0,2026
823210,2026-06-24,137,SF,1,133,OAK,3,1,1,2587.455596996607,2026
823209,2026-06-25,137,SF,1,133,OAK,1,2,2,0.0,2026
823208,2026-06-25,137,SF,1,133,OAK,0,3,3,0.0,2026
823206,2026-06-27,137,SF,1,144,ATL,2,4,1,0.0,2026
823207,2026-06-28,137,SF,1,144,ATL,1,5,2,0.0,2026
823204,2026-06-28,137,SF,1,144,ATL,0,6,3,0.0,2026
825065,2026-06-30,137,SF,0,109,ARI,2,-1,1,652.0636757078365,2026
825066,2026-07-01,137,SF,0,109,ARI,1,-2,2,0.0,2026
825064,2026-07-02,137,SF,0,109,ARI,1,-3,3,0.0,2026
824336,2026-07-04,137,SF,0,115,COL,2,-4,1,586.1530990190981,2026
824333,2026-07-05,137,SF,0,115,COL,1,-5,2,0.0,2026
824334,2026-07-05,137,SF,0,115,COL,0,-6,3,0.0,2026
823205,2026-07-07,137,SF,1,141,TOR,2,1,1,945.5308694116128,2026
823203,2026-07-08,137,SF,1,141,TOR,1,2,2,0.0,2026
823202,2026-07-08,137,SF,1,141,TOR,0,3,3,0.0,2026
823201,2026-07-10,137,SF,1,115,COL,2,4,1,0.0,2026
823200,2026-07-11,137,SF,1,115,COL,1,5,2,0.0,2026
823198,2026-07-11,137,SF,1,115,COL,0,6,3,0.0,2026
823199,2026-07-12,137,SF,1,115,COL,1,7,4,0.0,2026
823115,2026-07-18,137,SF,0,136,SEA,6,-1,1,678.0468674235019,2026
823116,2026-07-19,137,SF,0,136,SEA,1,-2,2,0.0,2026
823113,2026-07-19,137,SF,0,136,SEA,0,-3,3,0.0,2026
824087,2026-07-20,137,SF,0,118,KC,1,-4,1,1508.929102213115,2026
824085,2026-07-21,137,SF,0,118,KC,1,-5,2,0.0,2026
824083,2026-07-22,137,SF,0,118,KC,1,-6,3,0.0,2026
823196,2026-07-25,137,SF,1,108,LAA,3,1,1,1507.6255221148479,2026
823197,2026-07-25,137,SF,1,108,LAA,0,2,2,0.0,2026
823194,2026-07-26,137,SF,1,108,LAA,1,3,3,0.0,2026
823195,2026-07-28,137,SF,1,158,MIL,2,4,1,0.0,2026
823193,2026-07-29,137,SF,1,158,MIL,1,5,2,0.0,2026
823192,2026-07-29,137,SF,1,158,MIL,0,6,3,0.0,2026
823271,2026-07-31,137,SF,0,135,SD,2,-1,1,458.03894144483473,2026
823272,2026-08-01,137,SF,0,135,SD,1,-2,2,0.0,2026
823269,2026-08-02,137,SF,0,135,SD,1,-3,3,0.0,2026
823270,2026-08-02,137,SF,0,135,SD,0,-4,4,0.0,2026
822867,2026-08-04,137,SF,0,140,TEX,2,-5,1,1165.0786259258875,2026
822865,2026-08-05,137,SF,0,140,TEX,1,-6,2,0.0,2026
822866,2026-08-05,137,SF,0,140,TEX,0,-7,3,0.0,2026
823191,2026-08-08,137,SF,1,116,DET,3,1,1,1464.4396362905297,2026
823188,2026-08-08,137,SF,1,116,DET,0,2,2,0.0,2026
823190,2026-08-09,137,SF,1,116,DET,1,3,3,0.0,2026
823189,2026-08-11,137,SF,1,117,HOU,2,4,1,0.0,2026
823187,2026-08-12,137,SF,1,117,HOU,1,5,2,0.0,2026
823186,2026-08-12,137,SF,1,117,HOU,0,6,3,0.0,2026
823185,2026-08-15,137,SF,1,115,COL,3,7,1,0.0,2026
823184,2026-08-15,137,SF,1,115,COL,0,8,2,0.0,2026
823182,2026-08-16,137,SF,1,115,COL,1,9,3,0.0,2026
824398,2026-08-18,137,SF,0,114,CLE,2,-1,1,2161.0355110440028,2026
824394,2026-08-19,137,SF,0,114,CLE,1,-2,2,0.0,2026
824395,2026-08-20,137,SF,0,114,CLE,1,-3,3,0.0,2026
824721,2026-08-21,137,SF,0,111,BOS,1,-4,1,547.1609370940174,2026
824718,2026-08-22,137,SF,0,111,BOS,1,-5,2,0.0,2026
824720,2026-08-23,137,SF,0,111,BOS,1,-6,3,0.0,2026
823183,2026-08-25,137,SF,1,113,CIN,2,1,1,2689.627391005658,2026
823181,2026-08-26,137,SF,1,113,CIN,1,2,2,0.0,2026
823180,2026-08-26,137,SF,1,113,CIN,0,3,3,0.0,2026
823179,2026-08-28,137,SF,1,109,ARI,2,4,1,0.0,2026
823178,2026-08-29,137,SF,1,109,ARI,1,5,2,0.0,2026
823176,2026-08-30,137,SF,1,109,ARI,1,6,3,0.0,2026
823177,2026-08-30,137,SF,1,109,ARI,0,7,4,0.0,2026
823340,2026-09-01,137,SF,0,134,PIT,2,-1,1,2257.9877065555274,2026
823339,2026-09-02,137,SF,0,134,PIT,1,-2,2,0.0,2026
823337,2026-09-03,137,SF,0,134,PIT,1,-3,3,0.0,2026
823579,2026-09-04,137,SF,0,121,NYM,1,-4,1,323.80514004194157,2026
823577,2026-09-05,137,SF,0,121,NYM,1,-5,2,0.0,2026
823578,2026-09-06,137,SF,0,121,NYM,1,-6,3,0.0,2026
823175,2026-09-08,137,SF,1,138,STL,2,1,1,2571.816906012279,2026
823174,2026-09-09,137,SF,1,138,STL,1,2,2,0.0,2026
823172,2026-09-09,137,SF,1,138,STL,0,3,3,0.0,2026
823173,2026-09-12,137,SF,1,135,SD,3,4,1,0.0,2026
823170,2026-09-12,137,SF,1,135,SD,0,5,2,0.0,2026
823171,2026-09-13,137,SF,1,135,SD,1,6,3,0.0,2026
823006,2026-09-14,137,SF,0,138,STL,1,-1,1,1740.2563893028632,2026
823007,2026-09-15,137,SF,0,138,STL,1,-2,2,0.0,2026
823004,2026-09-16,137,SF,0,138,STL,1,-3,3,0.0,2026
823898,2026-09-19,137,SF,0,119,LAD,3,-4,1,1585.7405201242425,2026
823899,2026-09-20,137,SF,0,119,LAD,1,-5,2,0.0,2026
823896,2026-09-20,137,SF,0,119,LAD,0,-6,3,0.0,2026
823169,2026-09-22,137,SF,1,142,MIN,2,1,1,345.5052646422354,2026
823166,2026-09-23,137,SF,1,142,MIN,1,2,2,0.0,2026
823168,2026-09-23,137,SF,1,142,MIN,0,3,3,0.0,2026
823165,2026-09-26,137,SF,1,119,LAD,3,4,1,0.0,2026
823167,2026-09-26,137,SF,1,119,LAD,0,5,2,0.0,2026
823164,2026-09-27,137,SF,1,119,LAD,1,6,3,0.0,2026
823081,2026-03-26,138,STL,1,139,TB,0,1,1,0.0,2026
823082,2026-03-28,138,STL,1,139,TB,2,2,2,0.0,2026
823079,2026-03-29,138,STL,1,139,TB,1,3,3,0.0,2026
823080,2026-03-30,138,STL,1,121,NYM,1,4,1,0.0,2026
823077,2026-03-31,138,STL,1,121,NYM,1,5,2,0.0,2026
823078,2026-04-01,138,STL,1,121,NYM,1,6,3,0.0,2026
824299,2026-04-03,138,STL,0,116,DET,2,-1,1,454.6400355100436,2026
824295,2026-04-04,138,STL,0,116,DET,1,-2,2,0.0,2026
824296,2026-04-05,138,STL,0,116,DET,1,-3,3,0.0,2026
822755,2026-04-06,138,STL,0,120,WSH,1,-4,1,397.05328106177114,2026
822754,2026-04-07,138,STL,0,120,WSH,1,-5,2,0.0,2026
822753,2026-04-08,138,STL,0,120,WSH,1,-6,3,0.0,2026
823076,2026-04-11,138,STL,1,111,BOS,3,1,1,710.1515945615764,2026
823074,2026-04-11,138,STL,1,111,BOS,0,2,2,0.0,2026
823075,2026-04-12,138,STL,1,111,BOS,1,3,3,0.0,2026
823073,2026-04-13,138,STL,1,114,CLE,1,4,1,0.0,2026
823072,2026-04-14,138,STL,1,114,CLE,1,5,2,0.0,2026
823071,2026-04-15,138,STL,1,114,CLE,1,6,3,0.0,2026
824207,2026-04-18,138,STL,0,117,HOU,3,-1,1,679.6187265786498,2026
824206,2026-04-18,138,STL,0,117,HOU,0,-2,2,0.0,2026
824205,2026-04-19,138,STL,0,117,HOU,1,-3,3,0.0,2026
823879,2026-04-20,138,STL,0,146,MIA,1,-4,1,964.5038276054531,2026
823880,2026-04-21,138,STL,0,146,MIA,1,-5,2,0.0,2026
823878,2026-04-22,138,STL,0,146,MIA,1,-6,3,0.0,2026
823069,2026-04-25,138,STL,1,136,SEA,3,1,1,1060.3584631013382,2026
823070,2026-04-25,138,STL,1,136,SEA,0,2,2,0.0,2026
823068,2026-04-26,138,STL,1,136,SEA,1,3,3,0.0,2026
823395,2026-04-27,138,STL,0,134,PIT,1,-1,1,556.9698942849304,2026
823390,2026-04-28,138,STL,0,134,PIT,1,-2,2,0.0,2026
823392,2026-04-29,138,STL,0,134,PIT,1,-3,3,0.0,2026
823391,2026-04-30,138,STL,0,134,PIT,1,-4,4,0.0,2026
823066,2026-05-02,138,STL,1,119,LAD,2,1,1,556.9698942849304,2026
823067,2026-05-02,138,STL,1,119,LAD,0,2,2,0.0,2026
823065,2026-05-03,138,STL,1,119,LAD,1,3,3,0.0,2026
823064,2026-05-04,138,STL,1,158,MIL,1,4,1,0.0,2026
823063,2026-05-06,138,STL,1,158,MIL,1,6,3,0.0,2026
823306,2026-05-08,138,STL,0,135,SD,2,-1,1,1561.6025452697695,2026
823303,2026-05-09,138,STL,0,135,SD,1,-2,2,0.0,2026
823304,2026-05-09,138,STL,0,135,SD,0,-3,3,0.0,2026
823305,2026-05-10,138,STL,0,135,SD,1,-4,4,0.0,2026
825011,2026-05-13,138,STL,0,133,OAK,3,-5,1,449.84278611734885,2026
825010,2026-05-14,138,STL,0,133,OAK,1,-6,2,0.0,2026
825008,2026-05-14,138,STL,0,133,OAK,0,-7,3,0.0,2026
823061,2026-05-16,138,STL,1,118,KC,2,1,1,1730.5555289171796,2026
823060,2026-05-16,138,STL,1,118,KC,0,2,2,0.0,2026
823058,2026-05-17,138,STL,1,118,KC,1,3,3,0.0,2026
823059,2026-05-19,138,STL,1,134,PIT,2,4,1,0.0,2026
823057,2026-05-20,138,STL,1,134,PIT,1,5,2,0.0,2026
823056,2026-05-21,138,STL,1,134,PIT,1,6,3,0.0,2026
824516,2026-05-23,138,STL,0,113,CIN,1,-2,2,0.0,2026
824518,2026-05-23,138,STL,0,113,CIN,0,-3,3,0.0,2026
823784,2026-05-25,138,STL,0,158,MIL,1,-5,1,325.9595383372329,2026
823785,2026-05-26,138,STL,0,158,MIL,1,-6,2,0.0,2026
823783,2026-05-27,138,STL,0,158,MIL,1,-7,3,0.0,2026
823055,2026-05-29,138,STL,1,112,CHC,2,1,1,325.7786649185398,2026
823054,2026-05-30,138,STL,1,112,CHC,1,2,2,0.0,2026
823053,2026-05-31,138,STL,1,112,CHC,1,3,3,0.0,2026
823050,2026-06-01,138,STL,1,140,TEX,1,4,1,0.0,2026
823052,2026-06-02,138,STL,1,140,TEX,1,5,2,0.0,2026
823051,2026-06-03,138,STL,1,140,TEX,1,6,3,0.0,2026
823049,2026-06-06,138,STL,1,113,CIN,3,7,1,0.0,2026
823048,2026-06-06,138,STL,1,113,CIN,0,8,2,0.0,2026
823047,2026-06-07,138,STL,1,113,CIN,1,9,3,0.0,2026
823620,2026-06-09,138,STL,0,121,NYM,2,-1,1,880.2756481069349,2026
823618,2026-06-10,138,STL,0,121,NYM,1,-2,2,0.0,2026
823619,2026-06-11,138,STL,0,121,NYM,1,-3,3,0.0,2026
823695,2026-06-13,138,STL,0,142,MIN,2,-4,1,1023.5867094792683,2026
823694,2026-06-13,138,STL,0,142,MIN,0,-5,2,0.0,2026
823693,2026-06-14,138,STL,0,142,MIN,1,-6,3,0.0,2026
823046,2026-06-15,138,STL,1,135,SD,1,1,1,467.15187795921247,2026
823045,2026-06-16,138,STL,1,135,SD,1,2,2,0.0,2026
823044,2026-06-17,138,STL,1,135,SD,1,3,3,0.0,2026
824098,2026-06-18,138,STL,0,118,KC,1,-1,1,232.6374617718515,2026
824097,2026-06-20,138,STL,0,118,KC,2,-2,2,0.0,2026
824095,2026-06-21,138,STL,0,118,KC,1,-3,3,0.0,2026
823040,2026-06-22,138,STL,1,109,ARI,1,1,1,232.6374617718515,2026
823043,2026-06-23,138,STL,1,109,ARI,1,2,2,0.0,2026
823041,2026-06-24,138,STL,1,109,ARI,1,3,3,0.0,2026
823042,2026-06-25,138,STL,1,109,ARI,1,4,4,0.0,2026
823038,2026-06-27,138,STL,1,146,MIA,2,5,1,0.0,2026
823039,2026-06-27,138,STL,1,146,MIA,0,6,2,0.0,2026
823037,2026-06-28,138,STL,1,146,MIA,1,7,3,0.0,2026
824907,2026-06-30,138,STL,0,144,ATL,2,-1,1,456.58876384408995,2026
824905,2026-07-01,138,STL,0,144,ATL,1,-2,2,0.0,2026
824906,2026-07-02,138,STL,0,144,ATL,1,-3,3,0.0,2026
824659,2026-07-03,138,STL,0,112,CHC,1,-4,1,583.1187828539541,2026
824658,2026-07-05,138,STL,0,112,CHC,2,-5,2,0.0,2026
824656,2026-07-05,138,STL,0,112,CHC,0,-6,3,0.0,2026
823036,2026-07-06,138,STL,1,158,MIL,1,1,1,265.86188355988685,2026
823035,2026-07-07,138,STL,1,158,MIL,1,2,2,0.0,2026
823062,2026-07-07,138,STL,1,158,MIL,0,3,3,0.0,2026
823032,2026-07-08,138,STL,1,158,MIL,1,4,4,0.0,2026
823034,2026-07-09,138,STL,1,158,MIL,1,5,5,0.0,2026
823033,2026-07-11,138,STL,1,144,ATL,2,6,1,0.0,2026
823030,2026-07-11,138,STL,1,144,ATL,0,7,2,0.0,2026
823029,2026-07-12,138,STL,1,144,ATL,1,8,3,0.0,2026
825060,2026-07-18,138,STL,0,109,ARI,6,-1,1,1270.0024589462362,2026
825059,2026-07-18,138,STL,0,109,ARI,0,-2,2,0.0,2026
825057,2026-07-19,138,STL,0,109,ARI,1,-3,3,0.0,2026
824006,2026-07-21,138,STL,0,108,LAA,2,-4,1,335.4914545335198,2026
824004,2026-07-22,138,STL,0,108,LAA,1,-5,2,0.0,2026
824005,2026-07-22,138,STL,0,108,LAA,0,-6,3,0.0,2026
823031,2026-07-25,138,STL,1,113,CIN,3,1,1,1572.920237629869,2026
823027,2026-07-25,138,STL,1,113,CIN,0,2,2,0.0,2026
823028,2026-07-26,138,STL,1,113,CIN,1,3,3,0.0,2026
823025,2026-07-27,138,STL,1,112,CHC,1,4,1,0.0,2026
823026,2026-07-28,138,STL,1,112,CHC,1,5,2,0.0,2026
823022,2026-07-29,138,STL,1,112,CHC,1,6,3,0.0,2026
823023,2026-07-30,138,STL,1,112,CHC,1,7,4,0.0,2026
822782,2026-07-31,138,STL,0,141,TOR,1,-1,1,659.7865181803405,2026
822781,2026-08-01,138,STL,0,141,TOR,1,-2,2,0.0,2026
822783,2026-08-02,138,STL,0,141,TOR,1,-3,3,0.0,2026
823520,2026-08-03,138,STL,0,147,NYY,1,-4,1,340.2685304486618,2026
823517,2026-08-04,138,STL,0,147,NYY,1,-5,2,0.0,2026
823516,2026-08-05,138,STL,0,147,NYY,1,-6,3,0.0,2026
823024,2026-08-08,138,STL,1,115,COL,3,1,1,876.4777308955582,2026
823021,2026-08-08,138,STL,1,115,COL,0,2,2,0.0,2026
823020,2026-08-09,138,STL,1,115,COL,1,3,3,0.0,2026
823018,2026-08-10,138,STL,1,143,PHI,1,4,1,0.0,2026
823019,2026-08-11,138,STL,1,143,PHI,1,5,2,0.0,2026
823017,2026-08-12,138,STL,1,143,PHI,1,6,3,0.0,2026
824643,2026-08-14,138,STL,0,112,CHC,2,-1,1,265.86188355988685,2026
824644,2026-08-15,138,STL,0,112,CHC,1,-2,2,0.0,2026
824642,2026-08-16,138,STL,0,112,CHC,1,-3,3,0.0,2026
824514,2026-08-17,138,STL,0,113,CIN,1,-4,1,257.0933763635692,2026
824478,2026-08-17,138,STL,0,113,CIN,0,-5,2,0.0,2026
824475,2026-08-18,138,STL,0,113,CIN,1,-6,3,0.0,2026
824476,2026-08-19,138,STL,0,113,CIN,1,-7,4,0.0,2026
824474,2026-08-20,138,STL,0,113,CIN,1,-8,5,0.0,2026
823420,2026-08-21,138,STL,0,143,PHI,1,-9,1,500.9471415614062,2026
823422,2026-08-22,138,STL,0,143,PHI,1,-10,2,0.0,2026
823421,2026-08-23,138,STL,0,143,PHI,1,-11,3,0.0,2026
823016,2026-08-25,138,STL,1,110,BAL,2,1,1,807.7790398828691,2026
823015,2026-08-26,138,STL,1,110,BAL,1,2,2,0.0,2026
823014,2026-08-27,138,STL,1,110,BAL,1,3,3,0.0,2026
823013,2026-08-29,138,STL,1,134,PIT,2,4,1,0.0,2026
823011,2026-08-29,138,STL,1,134,PIT,0,5,2,0.0,2026
823010,2026-08-30,138,STL,1,134,PIT,1,6,3,0.0,2026
823908,2026-09-02,138,STL,0,119,LAD,3,-1,1,1585.7405201242425,2026
823906,2026-09-03,138,STL,0,119,LAD,1,-2,2,0.0,2026
823907,2026-09-04,138,STL,0,119,LAD,1,-3,3,0.0,2026
824311,2026-09-05,138,STL,0,115,COL,1,-4,1,829.208728545356,2026
824310,2026-09-06,138,STL,0,115,COL,1,-5,2,0.0,2026
824309,2026-09-06,138,STL,0,115,COL,0,-6,3,0.0,2026
823175,2026-09-08,138,STL,0,137,SF,2,-7,1,945.5308694116128,2026
823174,2026-09-09,138,STL,0,137,SF,1,-8,2,0.0,2026
823172,2026-09-09,138,STL,0,137,SF,0,-9,3,0.0,2026
823012,2026-09-12,138,STL,1,145,CWS,3,1,1,1740.2563893028632,2026
823009,2026-09-12,138,STL,1,145,CWS,0,2,2,0.0,2026
823008,2026-09-13,138,STL,1,145,CWS,1,3,3,0.0,2026
823006,2026-09-14,138,STL,1,137,SF,1,4,1,0.0,2026
823007,2026-09-15,138,STL,1,137,SF,1,5,2,0.0,2026
823004,2026-09-16,138,STL,1,137,SF,1,6,3,0.0,2026
823005,2026-09-19,138,STL,1,120,WSH,3,7,1,0.0,2026
823003,2026-09-19,138,STL,1,120,WSH,0,8,2,0.0,2026
823001,2026-09-20,138,STL,1,120,WSH,1,9,3,0.0,2026
823328,2026-09-22,138,STL,0,134,PIT,2,-1,1,556.9698942849304,2026
823327,2026-09-23,138,STL,0,134,PIT,1,-2,2,0.0,2026
823326,2026-09-24,138,STL,0,134,PIT,1,-3,3,0.0,2026
823735,2026-09-25,138,STL,0,158,MIL,1,-4,1,447.5172990364866,2026
823733,2026-09-26,138,STL,0,158,MIL,1,-5,2,0.0,2026
823731,2026-09-27,138,STL,0,158,MIL,1,-6,3,0.0,2026
823081,2026-03-26,139,TB,0,138,STL,0,-1,1,866.6994960845234,2026
823082,2026-03-28,139,TB,0,138,STL,2,-2,2,0.0,2026
823079,2026-03-29,139,TB,0,138,STL,1,-3,3,0.0,2026
823809,2026-03-30,139,TB,0,158,MIL,1,-4,1,325.7786649185398,2026
823807,2026-03-31,139,TB,0,158,MIL,1,-5,2,0.0,2026
823806,2026-04-01,139,TB,0,158,MIL,1,-6,3,0.0,2026
823732,2026-04-03,139,TB,0,142,MIN,2,-7,1,296.19869216933046,2026
823730,2026-04-04,139,TB,0,142,MIN,1,-8,2,0.0,2026
823729,2026-04-05,139,TB,0,142,MIN,1,-9,3,0.0,2026
823002,2026-04-06,139,TB,1,112,CHC,1,1,1,1325.4285844846306,2026
822999,2026-04-07,139,TB,1,112,CHC,1,2,2,0.0,2026
823000,2026-04-08,139,TB,1,112,CHC,1,3,3,0.0,2026
822997,2026-04-10,139,TB,1,147,NYY,2,4,1,0.0,2026
822996,2026-04-11,139,TB,1,147,NYY,1,5,2,0.0,2026
822998,2026-04-12,139,TB,1,147,NYY,1,6,3,0.0,2026
824616,2026-04-14,139,TB,0,145,CWS,2,-1,1,1011.3877112665284,2026
824615,2026-04-15,139,TB,0,145,CWS,1,-2,2,0.0,2026
824614,2026-04-16,139,TB,0,145,CWS,1,-3,3,0.0,2026
823397,2026-04-17,139,TB,0,134,PIT,1,-4,1,408.14464367793005,2026
823394,2026-04-18,139,TB,0,134,PIT,1,-5,2,0.0,2026
823393,2026-04-19,139,TB,0,134,PIT,1,-6,3,0.0,2026
822994,2026-04-20,139,TB,1,113,CIN,1,1,1,888.9341960973262,2026
822995,2026-04-21,139,TB,1,113,CIN,1,2,2,0.0,2026
822993,2026-04-22,139,TB,1,113,CIN,1,3,3,0.0,2026
822992,2026-04-24,139,TB,1,142,MIN,2,4,1,0.0,2026
822989,2026-04-25,139,TB,1,142,MIN,1,5,2,0.0,2026
822991,2026-04-26,139,TB,1,142,MIN,1,6,3,0.0,2026
824446,2026-04-27,139,TB,0,114,CLE,1,-1,1,950.1419996181558,2026
824447,2026-04-28,139,TB,0,114,CLE,1,-2,2,0.0,2026
824445,2026-04-29,139,TB,0,114,CLE,1,-3,3,0.0,2026
822990,2026-05-01,139,TB,1,137,SF,2,1,1,950.1419996181558,2026
822988,2026-05-02,139,TB,1,137,SF,1,2,2,0.0,2026
822987,2026-05-03,139,TB,1,137,SF,1,3,3,0.0,2026
822984,2026-05-04,139,TB,1,141,TOR,1,4,1,0.0,2026
822986,2026-05-05,139,TB,1,141,TOR,1,5,2,0.0,2026
822985,2026-05-06,139,TB,1,141,TOR,1,6,3,0.0,2026
824767,2026-05-07,139,TB,0,111,BOS,1,-1,1,1198.2270597762317,2026
824768,2026-05-08,139,TB,0,111,BOS,1,-2,2,0.0,2026
824765,2026-05-10,139,TB,0,111,BOS,1,-4,4,0.0,2026
822818,2026-05-11,139,TB,0,141,TOR,1,-5,1,428.32913029317257,2026
822817,2026-05-12,139,TB,0,141,TOR,1,-6,2,0.0,2026
822815,2026-05-13,139,TB,0,141,TOR,1,-7,3,0.0,2026
822983,2026-05-15,139,TB,1,146,MIA,2,1,1,1111.7297518661444,2026
822981,2026-05-16,139,TB,1,146,MIA,1,2,2,0.0,2026
822982,2026-05-17,139,TB,1,146,MIA,1,3,3,0.0,2026
822980,2026-05-18,139,TB,1,110,BAL,1,4,1,0.0,2026
822979,2026-05-19,139,TB,1,110,BAL,1,5,2,0.0,2026
822977,2026-05-20,139,TB,1,110,BAL,1,6,3,0.0,2026
823546,2026-05-22,139,TB,0,147,NYY,2,-1,1,1029.5381159096478,2026
823544,2026-05-24,139,TB,0,147,NYY,1,-3,3,0.0,2026
824838,2026-05-25,139,TB,0,110,BAL,1,-4,1,178.12306591164185,2026
824837,2026-05-26,139,TB,0,110,BAL,1,-5,2,0.0,2026
824836,2026-05-27,139,TB,0,110,BAL,1,-6,3,0.0,2026
822978,2026-05-29,139,TB,1,108,LAA,2,1,1,867.6749708982579,2026
822975,2026-05-30,139,TB,1,108,LAA,1,2,2,0.0,2026
822976,2026-05-31,139,TB,1,108,LAA,1,3,3,0.0,2026
822974,2026-06-01,139,TB,1,116,DET,1,4,1,0.0,2026
822971,2026-06-02,139,TB,1,116,DET,1,5,2,0.0,2026
822973,2026-06-03,139,TB,1,116,DET,1,6,3,0.0,2026
823860,2026-06-05,139,TB,0,146,MIA,2,-1,1,203.5855811594844,2026
823859,2026-06-06,139,TB,0,146,MIA,1,-2,2,0.0,2026
823857,2026-06-07,139,TB,0,146,MIA,1,-3,3,0.0,2026
822972,2026-06-08,139,TB,1,111,BOS,1,1,1,203.5855811594844,2026
822969,2026-06-09,139,TB,1,111,BOS,1,2,2,0.0,2026
822970,2026-06-10,139,TB,1,111,BOS,1,3,3,0.0,2026
824020,2026-06-13,139,TB,0,108,LAA,3,-1,1,2121.7324696841006,2026
824019,2026-06-14,139,TB,0,108,LAA,1,-2,2,0.0,2026
824021,2026-06-14,139,TB,0,108,LAA,0,-3,3,0.0,2026
823938,2026-06-16,139,TB,0,119,LAD,2,-4,1,27.87381208188066,2026
823939,2026-06-17,139,TB,0,119,LAD,1,-5,2,0.0,2026
823940,2026-06-17,139,TB,0,119,LAD,0,-6,3,0.0,2026
822966,2026-06-19,139,TB,1,120,WSH,2,1,1,2142.7982846704713,2026
822967,2026-06-20,139,TB,1,120,WSH,1,2,2,0.0,2026
822968,2026-06-21,139,TB,1,120,WSH,1,3,3,0.0,2026
822964,2026-06-22,139,TB,1,118,KC,1,4,1,0.0,2026
822963,2026-06-23,139,TB,1,118,KC,1,5,2,0.0,2026
822965,2026-06-24,139,TB,1,118,KC,1,6,3,0.0,2026
822961,2026-06-25,139,TB,1,118,KC,1,7,4,0.0,2026
822962,2026-06-26,139,TB,1,109,ARI,1,8,1,0.0,2026
822960,2026-06-27,139,TB,1,109,ARI,1,9,2,0.0,2026
822959,2026-06-28,139,TB,1,109,ARI,1,10,3,0.0,2026
824096,2026-06-30,139,TB,0,118,KC,2,-1,1,1034.03926539089,2026
824094,2026-07-01,139,TB,0,118,KC,1,-2,2,0.0,2026
824093,2026-07-02,139,TB,0,118,KC,1,-3,3,0.0,2026
824173,2026-07-04,139,TB,0,117,HOU,2,-4,1,644.1456886709294,2026
824171,2026-07-04,139,TB,0,117,HOU,0,-5,2,0.0,2026
824172,2026-07-05,139,TB,0,117,HOU,1,-6,3,0.0,2026
822958,2026-07-06,139,TB,1,147,NYY,1,1,1,781.1406098722147,2026
822956,2026-07-07,139,TB,1,147,NYY,1,2,2,0.0,2026
822957,2026-07-08,139,TB,1,147,NYY,1,3,3,0.0,2026
822954,2026-07-09,139,TB,1,147,NYY,1,4,4,0.0,2026
822955,2026-07-10,139,TB,1,136,SEA,1,5,1,0.0,2026
822953,2026-07-11,139,TB,1,136,SEA,1,6,2,0.0,2026
822951,2026-07-12,139,TB,1,136,SEA,1,7,3,0.0,2026
824766,2026-07-17,139,TB,0,111,BOS,5,-1,1,1198.2270597762317,2026
824737,2026-07-17,139,TB,0,111,BOS,0,-2,2,0.0,2026
824738,2026-07-18,139,TB,0,111,BOS,1,-3,3,0.0,2026
824739,2026-07-19,139,TB,0,111,BOS,1,-4,4,0.0,2026
822788,2026-07-20,139,TB,0,141,TOR,1,-5,1,428.32913029317257,2026
822787,2026-07-21,139,TB,0,141,TOR,1,-6,2,0.0,2026
822784,2026-07-22,139,TB,0,141,TOR,1,-7,3,0.0,2026
822785,2026-07-23,139,TB,0,141,TOR,1,-8,4,0.0,2026
822952,2026-07-24,139,TB,1,114,CLE,1,1,1,1111.7297518661444,2026
822948,2026-07-25,139,TB,1,114,CLE,1,2,2,0.0,2026
822950,2026-07-26,139,TB,1,114,CLE,1,3,3,0.0,2026
822949,2026-07-28,139,TB,1,140,TEX,2,4,1,0.0,2026
822947,2026-07-29,139,TB,1,140,TEX,1,5,2,0.0,2026
822946,2026-07-30,139,TB,1,140,TEX,1,6,3,0.0,2026
822945,2026-07-31,139,TB,1,145,CWS,1,7,1,0.0,2026
822944,2026-08-01,139,TB,1,145,CWS,1,8,2,0.0,2026
822943,2026-08-02,139,TB,1,145,CWS,1,9,3,0.0,2026
824324,2026-08-04,139,TB,0,115,COL,2,-1,1,1520.6836963257724,2026
824321,2026-08-05,139,TB,0,115,COL,1,-2,2,0.0,2026
824322,2026-08-05,139,TB,0,115,COL,0,-3,3,0.0,2026
823103,2026-08-08,139,TB,0,136,SEA,3,-4,1,1018.269066908343,2026
823102,2026-08-09,139,TB,0,136,SEA,1,-5,2,0.0,2026
823104,2026-08-09,139,TB,0,136,SEA,0,-6,3,0.0,2026
824969,2026-08-11,139,TB,0,133,OAK,2,-7,1,679.9392003432476,2026
824970,2026-08-12,139,TB,0,133,OAK,1,-8,2,0.0,2026
824967,2026-08-12,139,TB,0,133,OAK,0,-9,3,0.0,2026
822942,2026-08-14,139,TB,1,110,BAL,2,1,1,2379.7351815049797,2026
822941,2026-08-15,139,TB,1,110,BAL,1,2,2,0.0,2026
822940,2026-08-16,139,TB,1,110,BAL,1,3,3,0.0,2026
822939,2026-08-17,139,TB,1,110,BAL,1,4,4,0.0,2026
822938,2026-08-18,139,TB,1,141,TOR,1,5,1,0.0,2026
822937,2026-08-19,139,TB,1,141,TOR,1,6,2,0.0,2026
822934,2026-08-20,139,TB,1,141,TOR,1,7,3,0.0,2026
824800,2026-08-21,139,TB,0,110,BAL,1,-1,1,867.6749708982579,2026
824798,2026-08-22,139,TB,0,110,BAL,1,-2,2,0.0,2026
824799,2026-08-23,139,TB,0,110,BAL,1,-3,3,0.0,2026
824235,2026-08-24,139,TB,0,116,DET,1,-4,1,396.72723870572077,2026
824233,2026-08-25,139,TB,0,116,DET,1,-5,2,0.0,2026
824234,2026-08-26,139,TB,0,116,DET,1,-6,3,0.0,2026
822935,2026-08-28,139,TB,1,135,SD,2,1,1,1007.0448721012648,2026
822936,2026-08-29,139,TB,1,135,SD,1,2,2,0.0,2026
822933,2026-08-30,139,TB,1,135,SD,1,3,3,0.0,2026
822932,2026-08-31,139,TB,1,121,NYM,1,4,1,0.0,2026
822929,2026-09-01,139,TB,1,121,NYM,1,5,2,0.0,2026
822931,2026-09-02,139,TB,1,121,NYM,1,6,3,0.0,2026
822853,2026-09-04,139,TB,0,140,TEX,2,-1,1,926.4398070486983,2026
822850,2026-09-05,139,TB,0,140,TEX,1,-2,2,0.0,2026
822852,2026-09-05,139,TB,0,140,TEX,0,-3,3,0.0,2026
822848,2026-09-06,139,TB,0,140,TEX,1,-4,4,0.0,2026
824875,2026-09-08,139,TB,0,144,ATL,2,-5,1,732.1662127163514,2026
824871,2026-09-09,139,TB,0,144,ATL,1,-6,2,0.0,2026
824872,2026-09-10,139,TB,0,144,ATL,1,-7,3,0.0,2026
822930,2026-09-11,139,TB,1,117,HOU,1,1,1,436.50640754877156,2026
822927,2026-09-12,139,TB,1,117,HOU,1,2,2,0.0,2026
822928,2026-09-13,139,TB,1,117,HOU,1,3,3,0.0,2026
822925,2026-09-15,139,TB,1,133,OAK,2,4,1,0.0,2026
822926,2026-09-16,139,TB,1,133,OAK,1,5,2,0.0,2026
822924,2026-09-17,139,TB,1,133,OAK,1,6,3,0.0,2026
822923,2026-09-18,139,TB,1,111,BOS,1,7,1,0.0,2026
822921,2026-09-19,139,TB,1,111,BOS,1,8,2,0.0,2026
822922,2026-09-20,139,TB,1,111,BOS,1,9,3,0.0,2026
823543,2026-09-22,139,TB,0,147,NYY,2,-1,1,1029.5381159096478,2026
823494,2026-09-22,139,TB,0,147,NYY,0,-2,2,0.0,2026
823492,2026-09-23,139,TB,0,147,NYY,1,-3,3,0.0,2026
823493,2026-09-24,139,TB,0,147,NYY,1,-4,4,0.0,2026
823409,2026-09-25,139,TB,0,143,PHI,1,-5,1,91.29714579232771,2026
823407,2026-09-26,139,TB,0,143,PHI,1,-6,2,0.0,2026
823408,2026-09-27,139,TB,0,143,PHI,1,-7,3,0.0,2026
823486,2026-03-26,140,TEX,0,143,PHI,0,-1,1,1312.0282758431574,2026
823488,2026-03-28,140,TEX,0,143,PHI,2,-2,2,0.0,2026
823487,2026-03-29,140,TEX,0,143,PHI,1,-3,3,0.0,2026
824863,2026-03-30,140,TEX,0,110,BAL,1,-4,1,88.61618494239067,2026
824861,2026-03-31,140,TEX,0,110,BAL,1,-5,2,0.0,2026
824860,2026-04-01,140,TEX,0,110,BAL,1,-6,3,0.0,2026
822919,2026-04-03,140,TEX,1,113,CIN,2,1,1,1225.9583636520863,2026
822920,2026-04-04,140,TEX,1,113,CIN,1,2,2,0.0,2026
822917,2026-04-05,140,TEX,1,113,CIN,1,3,3,0.0,2026
822918,2026-04-07,140,TEX,1,136,SEA,2,4,1,0.0,2026
822916,2026-04-08,140,TEX,1,136,SEA,1,5,2,0.0,2026
822915,2026-04-08,140,TEX,1,136,SEA,0,6,3,0.0,2026
823968,2026-04-11,140,TEX,0,119,LAD,3,-1,1,1221.5143050983006,2026
823967,2026-04-12,140,TEX,0,119,LAD,1,-2,2,0.0,2026
823966,2026-04-12,140,TEX,0,119,LAD,0,-3,3,0.0,2026
825024,2026-04-14,140,TEX,0,133,OAK,2,-4,1,337.12266209703967,2026
825022,2026-04-15,140,TEX,0,133,OAK,1,-5,2,0.0,2026
825021,2026-04-16,140,TEX,0,133,OAK,1,-6,3,0.0,2026
825023,2026-04-16,140,TEX,0,133,OAK,0,-7,4,0.0,2026
823151,2026-04-18,140,TEX,0,136,SEA,2,-8,1,679.9392003432476,2026
823152,2026-04-18,140,TEX,0,136,SEA,0,-9,2,0.0,2026
823150,2026-04-19,140,TEX,0,136,SEA,1,-10,3,0.0,2026
822914,2026-04-22,140,TEX,1,134,PIT,3,1,1,1668.9357465944922,2026
822913,2026-04-23,140,TEX,1,134,PIT,1,2,2,0.0,2026
822912,2026-04-24,140,TEX,1,134,PIT,1,3,3,0.0,2026
822909,2026-04-25,140,TEX,1,133,OAK,1,4,1,0.0,2026
822910,2026-04-25,140,TEX,1,133,OAK,0,5,2,0.0,2026
822911,2026-04-26,140,TEX,1,133,OAK,1,6,3,0.0,2026
822906,2026-04-28,140,TEX,1,147,NYY,2,7,1,0.0,2026
822907,2026-04-29,140,TEX,1,147,NYY,1,8,2,0.0,2026
822908,2026-04-29,140,TEX,1,147,NYY,0,9,3,0.0,2026
824287,2026-05-01,140,TEX,0,116,DET,2,-1,1,1012.5081459059959,2026
824284,2026-05-02,140,TEX,0,116,DET,1,-2,2,0.0,2026
824285,2026-05-03,140,TEX,0,116,DET,1,-3,3,0.0,2026
823553,2026-05-05,140,TEX,0,147,NYY,2,-4,1,482.6121717715705,2026
823550,2026-05-06,140,TEX,0,147,NYY,1,-5,2,0.0,2026
823551,2026-05-07,140,TEX,0,147,NYY,1,-6,3,0.0,2026
822904,2026-05-09,140,TEX,1,112,CHC,2,1,1,1392.1915186769138,2026
822905,2026-05-09,140,TEX,1,112,CHC,0,2,2,0.0,2026
822902,2026-05-10,140,TEX,1,112,CHC,1,3,3,0.0,2026
822901,2026-05-12,140,TEX,1,109,ARI,2,4,1,0.0,2026
822903,2026-05-13,140,TEX,1,109,ARI,1,5,2,0.0,2026
822900,2026-05-14,140,TEX,1,109,ARI,1,6,3,0.0,2026
824194,2026-05-16,140,TEX,0,117,HOU,2,-1,1,230.66355960201378,2026
824193,2026-05-16,140,TEX,0,117,HOU,0,-2,2,0.0,2026
824192,2026-05-17,140,TEX,0,117,HOU,1,-3,3,0.0,2026
824357,2026-05-19,140,TEX,0,115,COL,2,-4,1,880.1313551890535,2026
824356,2026-05-20,140,TEX,0,115,COL,1,-5,2,0.0,2026
824355,2026-05-20,140,TEX,0,115,COL,0,-6,3,0.0,2026
824029,2026-05-23,140,TEX,0,108,LAA,3,-7,1,822.2861860892081,2026
824030,2026-05-24,140,TEX,0,108,LAA,1,-8,2,0.0,2026
824028,2026-05-24,140,TEX,0,108,LAA,0,-9,3,0.0,2026
822899,2026-05-25,140,TEX,1,117,HOU,1,1,1,1201.6984237735796,2026
822898,2026-05-27,140,TEX,1,117,HOU,2,2,2,0.0,2026
822897,2026-05-28,140,TEX,1,117,HOU,1,3,3,0.0,2026
822896,2026-05-29,140,TEX,1,117,HOU,1,4,4,0.0,2026
822894,2026-05-30,140,TEX,1,118,KC,1,5,1,0.0,2026
822893,2026-05-30,140,TEX,1,118,KC,0,6,2,0.0,2026
822895,2026-05-31,140,TEX,1,118,KC,1,7,3,0.0,2026
823050,2026-06-01,140,TEX,0,138,STL,1,-1,1,560.1228238201853,2026
823052,2026-06-02,140,TEX,0,138,STL,1,-2,2,0.0,2026
823051,2026-06-03,140,TEX,0,138,STL,1,-3,3,0.0,2026
822892,2026-06-06,140,TEX,1,114,CLE,3,1,1,560.1228238201853,2026
822891,2026-06-06,140,TEX,1,114,CLE,0,2,2,0.0,2026
822890,2026-06-07,140,TEX,1,114,CLE,1,3,3,0.0,2026
824105,2026-06-09,140,TEX,0,118,KC,2,-1,1,459.01779323801827,2026
824103,2026-06-10,140,TEX,0,118,KC,1,-2,2,0.0,2026
824101,2026-06-11,140,TEX,0,118,KC,1,-3,3,0.0,2026
824752,2026-06-12,140,TEX,0,111,BOS,1,-4,1,1241.802604380426,2026
824749,2026-06-13,140,TEX,0,111,BOS,1,-5,2,0.0,2026
824751,2026-06-14,140,TEX,0,111,BOS,1,-6,3,0.0,2026
822887,2026-06-16,140,TEX,1,142,MIN,2,1,1,1562.0482982121016,2026
822888,2026-06-17,140,TEX,1,142,MIN,1,2,2,0.0,2026
822889,2026-06-18,140,TEX,1,142,MIN,1,3,3,0.0,2026
822886,2026-06-20,140,TEX,1,135,SD,2,4,1,0.0,2026
822885,2026-06-20,140,TEX,1,135,SD,0,5,2,0.0,2026
822883,2026-06-21,140,TEX,1,135,SD,1,6,3,0.0,2026
823851,2026-06-22,140,TEX,0,146,MIA,1,-1,1,1123.019434754987,2026
823849,2026-06-23,140,TEX,0,146,MIA,1,-2,2,0.0,2026
823850,2026-06-24,140,TEX,0,146,MIA,1,-3,3,0.0,2026
822797,2026-06-25,140,TEX,0,141,TOR,1,-4,1,1235.193689499836,2026
822796,2026-06-26,140,TEX,0,141,TOR,1,-5,2,0.0,2026
822794,2026-06-27,140,TEX,0,141,TOR,1,-6,3,0.0,2026
822795,2026-06-28,140,TEX,0,141,TOR,1,-7,4,0.0,2026
824420,2026-06-29,140,TEX,0,114,CLE,1,-8,1,188.71684847115282,2026
824418,2026-06-30,140,TEX,0,114,CLE,1,-9,2,0.0,2026
824419,2026-07-01,140,TEX,0,114,CLE,1,-10,3,0.0,2026
822884,2026-07-03,140,TEX,1,116,DET,2,1,1,1038.947571490186,2026
822882,2026-07-04,140,TEX,1,116,DET,1,2,2,0.0,2026
822879,2026-07-05,140,TEX,1,116,DET,1,3,3,0.0,2026
822881,2026-07-08,140,TEX,1,108,LAA,3,4,1,0.0,2026
822880,2026-07-09,140,TEX,1,108,LAA,1,5,2,0.0,2026
822877,2026-07-10,140,TEX,1,108,LAA,1,6,3,0.0,2026
822878,2026-07-11,140,TEX,1,117,HOU,1,7,1,0.0,2026
822875,2026-07-11,140,TEX,1,117,HOU,0,8,2,0.0,2026
822876,2026-07-12,140,TEX,1,117,HOU,1,9,3,0.0,2026
824901,2026-07-17,140,TEX,0,144,ATL,5,-1,1,732.1662127163514,2026
824899,2026-07-18,140,TEX,0,144,ATL,1,-2,2,0.0,2026
824897,2026-07-19,140,TEX,0,144,ATL,1,-3,3,0.0,2026
822874,2026-07-21,140,TEX,1,145,CWS,2,1,1,732.1662127163514,2026
822871,2026-07-22,140,TEX,1,145,CWS,1,2,2,0.0,2026
822873,2026-07-23,140,TEX,1,145,CWS,1,3,3,0.0,2026
822872,2026-07-25,140,TEX,1,136,SEA,2,4,1,0.0,2026
822869,2026-07-25,140,TEX,1,136,SEA,0,5,2,0.0,2026
822870,2026-07-26,140,TEX,1,136,SEA,1,6,3,0.0,2026
822868,2026-07-27,140,TEX,1,136,SEA,1,7,4,0.0,2026
822949,2026-07-28,140,TEX,0,139,TB,1,-1,1,926.4398070486983,2026
822947,2026-07-29,140,TEX,0,139,TB,1,-2,2,0.0,2026
822946,2026-07-30,140,TEX,0,139,TB,1,-3,3,0.0,2026
824162,2026-08-01,140,TEX,0,117,HOU,2,-4,1,781.1406098722147,2026
824164,2026-08-01,140,TEX,0,117,HOU,0,-5,2,0.0,2026
824163,2026-08-02,140,TEX,0,117,HOU,1,-6,3,0.0,2026
822867,2026-08-04,140,TEX,1,137,SF,2,1,1,230.66355960201378,2026
822865,2026-08-05,140,TEX,1,137,SF,1,2,2,0.0,2026
822866,2026-08-05,140,TEX,1,137,SF,0,3,3,0.0,2026
822863,2026-08-08,140,TEX,1,110,BAL,3,4,1,0.0,2026
822864,2026-08-08,140,TEX,1,110,BAL,0,5,2,0.0,2026
822862,2026-08-09,140,TEX,1,110,BAL,1,6,3,0.0,2026
823998,2026-08-11,140,TEX,0,108,LAA,2,-1,1,1201.6984237735796,2026
823997,2026-08-12,140,TEX,0,108,LAA,1,-2,2,0.0,2026
823994,2026-08-13,140,TEX,0,108,LAA,1,-3,3,0.0,2026
823995,2026-08-14,140,TEX,0,108,LAA,1,-4,4,0.0,2026
824968,2026-08-15,140,TEX,0,133,OAK,1,-5,1,364.7793033141838,2026
824966,2026-08-16,140,TEX,0,133,OAK,1,-6,2,0.0,2026
824965,2026-08-16,140,TEX,0,133,OAK,0,-7,3,0.0,2026
822859,2026-08-19,140,TEX,1,120,WSH,3,1,1,1453.9867485388631,2026
822860,2026-08-20,140,TEX,1,120,WSH,1,2,2,0.0,2026
822861,2026-08-21,140,TEX,1,120,WSH,1,3,3,0.0,2026
822857,2026-08-22,140,TEX,1,108,LAA,1,4,1,0.0,2026
822858,2026-08-22,140,TEX,1,108,LAA,0,5,2,0.0,2026
822856,2026-08-23,140,TEX,1,108,LAA,1,6,3,0.0,2026
824557,2026-08-24,140,TEX,0,145,CWS,1,-1,1,813.378310893269,2026
824556,2026-08-25,140,TEX,0,145,CWS,1,-2,2,0.0,2026
824555,2026-08-26,140,TEX,0,145,CWS,1,-3,3,0.0,2026
823744,2026-08-28,140,TEX,0,158,MIL,2,-4,1,84.55513154711521,2026
823741,2026-08-29,140,TEX,0,158,MIL,1,-5,2,0.0,2026
823740,2026-08-30,140,TEX,0,158,MIL,1,-6,3,0.0,2026
822855,2026-09-01,140,TEX,1,133,OAK,2,1,1,865.4945776802045,2026
822854,2026-09-02,140,TEX,1,133,OAK,1,2,2,0.0,2026
822851,2026-09-02,140,TEX,1,133,OAK,0,3,3,0.0,2026
822853,2026-09-04,140,TEX,1,139,TB,2,4,1,0.0,2026
822850,2026-09-05,140,TEX,1,139,TB,1,5,2,0.0,2026
822852,2026-09-05,140,TEX,1,139,TB,0,6,3,0.0,2026
822848,2026-09-06,140,TEX,1,139,TB,1,7,4,0.0,2026
823092,2026-09-09,140,TEX,0,136,SEA,3,-1,1,1668.9357465944922,2026
823090,2026-09-09,140,TEX,0,136,SEA,0,-2,2,0.0,2026
823088,2026-09-10,140,TEX,0,136,SEA,1,-3,3,0.0,2026
825036,2026-09-12,140,TEX,0,109,ARI,2,-4,1,1114.0691793592323,2026
825035,2026-09-13,140,TEX,0,109,ARI,1,-5,2,0.0,2026
825033,2026-09-13,140,TEX,0,109,ARI,0,-6,3,0.0,2026
822849,2026-09-16,140,TEX,1,111,BOS,3,1,1,867.9010244338684,2026
822846,2026-09-17,140,TEX,1,111,BOS,1,2,2,0.0,2026
822845,2026-09-18,140,TEX,1,111,BOS,1,3,3,0.0,2026
822847,2026-09-19,140,TEX,1,141,TOR,1,4,1,0.0,2026
822843,2026-09-19,140,TEX,1,141,TOR,0,5,2,0.0,2026
822844,2026-09-20,140,TEX,1,141,TOR,1,6,3,0.0,2026
822840,2026-09-23,140,TEX,1,121,NYM,3,7,1,0.0,2026
822841,2026-09-24,140,TEX,1,121,NYM,1,8,2,0.0,2026
822842,2026-09-24,140,TEX,1,121,NYM,0,9,3,0.0,2026
823652,2026-09-26,140,TEX,0,142,MIN,2,-1,1,869.2690937301206,2026
823653,2026-09-26,140,TEX,0,142,MIN,0,-2,2,0.0,2026
823650,2026-09-27,140,TEX,0,142,MIN,1,-3,3,0.0,2026
822839,2026-03-27,141,TOR,1,133,OAK,0,1,1,0.0,2026
822838,2026-03-28,141,TOR,1,133,OAK,1,2,2,0.0,2026
822837,2026-03-29,141,TOR,1,133,OAK,1,3,3,0.0,2026
822834,2026-03-30,141,TOR,1,115,COL,1,4,1,0.0,2026
822836,2026-03-31,141,TOR,1,115,COL,1,5,2,0.0,2026
822835,2026-04-01,141,TOR,1,115,COL,1,6,3,0.0,2026
824621,2026-04-03,141,TOR,0,145,CWS,1,-2,2,0.0,2026
824622,2026-04-04,141,TOR,0,145,CWS,1,-3,3,0.0,2026
824620,2026-04-05,141,TOR,0,145,CWS,1,-4,4,0.0,2026
822832,2026-04-06,141,TOR,1,119,LAD,1,1,1,436.51941913736283,2026
822831,2026-04-07,141,TOR,1,119,LAD,1,2,2,0.0,2026
822833,2026-04-08,141,TOR,1,119,LAD,1,3,3,0.0,2026
822829,2026-04-10,141,TOR,1,142,MIN,2,4,1,0.0,2026
822830,2026-04-11,141,TOR,1,142,MIN,1,5,2,0.0,2026
822828,2026-04-12,141,TOR,1,142,MIN,1,6,3,0.0,2026
823802,2026-04-14,141,TOR,0,158,MIL,2,-1,1,433.19037079572774,2026
823803,2026-04-15,141,TOR,0,158,MIL,1,-2,2,0.0,2026
823801,2026-04-16,141,TOR,0,158,MIL,1,-3,3,0.0,2026
825101,2026-04-18,141,TOR,0,109,ARI,2,-4,1,1458.5788896029478,2026
825098,2026-04-19,141,TOR,0,109,ARI,1,-5,2,0.0,2026
825100,2026-04-19,141,TOR,0,109,ARI,0,-6,3,0.0,2026
824046,2026-04-21,141,TOR,0,108,LAA,2,-7,1,335.4914545335198,2026
824045,2026-04-22,141,TOR,0,108,LAA,1,-8,2,0.0,2026
824044,2026-04-22,141,TOR,0,108,LAA,0,-9,3,0.0,2026
822827,2026-04-24,141,TOR,1,114,CLE,2,1,1,2161.688067916341,2026
822826,2026-04-25,141,TOR,1,114,CLE,1,2,2,0.0,2026
822824,2026-04-26,141,TOR,1,114,CLE,1,3,3,0.0,2026
822825,2026-04-27,141,TOR,1,111,BOS,1,4,1,0.0,2026
822823,2026-04-28,141,TOR,1,111,BOS,1,5,2,0.0,2026
822821,2026-04-29,141,TOR,1,111,BOS,1,6,3,0.0,2026
823714,2026-04-30,141,TOR,0,142,MIN,1,-1,1,692.024839424288,2026
823713,2026-05-02,141,TOR,0,142,MIN,2,-2,2,0.0,2026
823715,2026-05-02,141,TOR,0,142,MIN,0,-3,3,0.0,2026
823711,2026-05-03,141,TOR,0,142,MIN,1,-4,4,0.0,2026
822984,2026-05-04,141,TOR,0,139,TB,1,-5,1,1325.4285844846306,2026
822986,2026-05-05,141,TOR,0,139,TB,1,-6,2,0.0,2026
822985,2026-05-06,141,TOR,0,139,TB,1,-7,3,0.0,2026
822822,2026-05-08,141,TOR,1,108,LAA,2,1,1,1111.7297518661444,2026
822820,2026-05-09,141,TOR,1,108,LAA,1,2,2,0.0,2026
822819,2026-05-10,141,TOR,1,108,LAA,1,3,3,0.0,2026
822818,2026-05-11,141,TOR,1,139,TB,1,4,1,0.0,2026
822817,2026-05-12,141,TOR,1,139,TB,1,5,2,0.0,2026
822815,2026-05-13,141,TOR,1,139,TB,1,6,3,0.0,2026
824280,2026-05-15,141,TOR,0,116,DET,2,-1,1,205.64835449402668,2026
824278,2026-05-16,141,TOR,0,116,DET,1,-2,2,0.0,2026
824279,2026-05-17,141,TOR,0,116,DET,1,-3,3,0.0,2026
823549,2026-05-18,141,TOR,0,147,NYY,1,-4,1,482.6121717715705,2026
823548,2026-05-19,141,TOR,0,147,NYY,1,-5,2,0.0,2026
823547,2026-05-20,141,TOR,0,147,NYY,1,-6,3,0.0,2026
823545,2026-05-21,141,TOR,0,147,NYY,1,-7,4,0.0,2026
822816,2026-05-22,141,TOR,1,134,PIT,1,1,1,340.2685304486618,2026
822814,2026-05-23,141,TOR,1,134,PIT,1,2,2,0.0,2026
822813,2026-05-24,141,TOR,1,134,PIT,1,3,3,0.0,2026
822812,2026-05-25,141,TOR,1,146,MIA,1,4,1,0.0,2026
822811,2026-05-26,141,TOR,1,146,MIA,1,5,2,0.0,2026
822809,2026-05-27,141,TOR,1,146,MIA,1,6,3,0.0,2026
824834,2026-05-28,141,TOR,0,110,BAL,1,-1,1,333.41200779259856,2026
824835,2026-05-29,141,TOR,0,110,BAL,1,-2,2,0.0,2026
824833,2026-05-30,141,TOR,0,110,BAL,1,-3,3,0.0,2026
824832,2026-05-31,141,TOR,0,110,BAL,1,-4,4,0.0,2026
824918,2026-06-02,141,TOR,0,144,ATL,2,-5,1,572.6096280104865,2026
824917,2026-06-03,141,TOR,0,144,ATL,1,-6,2,0.0,2026
824919,2026-06-04,141,TOR,0,144,ATL,1,-7,3,0.0,2026
822810,2026-06-05,141,TOR,1,110,BAL,1,1,1,726.7999515006941,2026
822808,2026-06-06,141,TOR,1,110,BAL,1,2,2,0.0,2026
822807,2026-06-07,141,TOR,1,110,BAL,1,3,3,0.0,2026
822806,2026-06-08,141,TOR,1,143,PHI,1,4,1,0.0,2026
822805,2026-06-09,141,TOR,1,143,PHI,1,5,2,0.0,2026
822804,2026-06-10,141,TOR,1,143,PHI,1,6,3,0.0,2026
822803,2026-06-12,141,TOR,1,147,NYY,2,7,1,0.0,2026
822802,2026-06-13,141,TOR,1,147,NYY,1,8,2,0.0,2026
822801,2026-06-14,141,TOR,1,147,NYY,1,9,3,0.0,2026
824750,2026-06-16,141,TOR,0,111,BOS,2,-1,1,428.32913029317257,2026
824746,2026-06-17,141,TOR,0,111,BOS,1,-2,2,0.0,2026
824748,2026-06-18,141,TOR,0,111,BOS,1,-3,3,0.0,2026
824663,2026-06-19,141,TOR,0,112,CHC,1,-4,1,847.382439361086,2026
824665,2026-06-20,141,TOR,0,112,CHC,1,-5,2,0.0,2026
824664,2026-06-21,141,TOR,0,112,CHC,1,-6,3,0.0,2026
822800,2026-06-22,141,TOR,1,117,HOU,1,1,1,434.9128878467627,2026
822799,2026-06-23,141,TOR,1,117,HOU,1,2,2,0.0,2026
822798,2026-06-24,141,TOR,1,117,HOU,1,3,3,0.0,2026
822797,2026-06-25,141,TOR,1,140,TEX,1,4,1,0.0,2026
822796,2026-06-26,141,TOR,1,140,TEX,1,5,2,0.0,2026
822794,2026-06-27,141,TOR,1,140,TEX,1,6,3,0.0,2026
822795,2026-06-28,141,TOR,1,140,TEX,1,7,4,0.0,2026
822792,2026-06-29,141,TOR,1,121,NYM,1,8,1,0.0,2026
822793,2026-06-30,141,TOR,1,121,NYM,1,9,2,0.0,2026
822791,2026-07-01,141,TOR,1,121,NYM,1,10,3,0.0,2026
823120,2026-07-04,141,TOR,0,136,SEA,3,-1,1,2066.462246019487,2026
823118,2026-07-04,141,TOR,0,136,SEA,0,-2,2,0.0,2026
823117,2026-07-05,141,TOR,0,136,SEA,1,-3,3,0.0,2026
823205,2026-07-07,141,TOR,0,137,SF,2,-4,1,678.0468674235019,2026
823203,2026-07-08,141,TOR,0,137,SF,1,-5,2,0.0,2026
823202,2026-07-08,141,TOR,0,137,SF,0,-6,3,0.0,2026
823278,2026-07-11,141,TOR,0,135,SD,3,-7,1,458.03894144483473,2026
823276,2026-07-12,141,TOR,0,135,SD,1,-8,2,0.0,2026
823274,2026-07-12,141,TOR,0,135,SD,0,-9,3,0.0,2026
822789,2026-07-17,141,TOR,1,145,CWS,5,1,1,2164.134585402176,2026
822790,2026-07-18,141,TOR,1,145,CWS,1,2,2,0.0,2026
822786,2026-07-19,141,TOR,1,145,CWS,1,3,3,0.0,2026
822788,2026-07-20,141,TOR,1,139,TB,1,4,1,0.0,2026
822787,2026-07-21,141,TOR,1,139,TB,1,5,2,0.0,2026
822784,2026-07-22,141,TOR,1,139,TB,1,6,3,0.0,2026
822785,2026-07-23,141,TOR,1,139,TB,1,7,4,0.0,2026
824733,2026-07-24,141,TOR,0,111,BOS,1,-1,1,428.32913029317257,2026
824734,2026-07-25,141,TOR,0,111,BOS,1,-2,2,0.0,2026
824730,2026-07-26,141,TOR,0,111,BOS,1,-3,3,0.0,2026
822705,2026-07-27,141,TOR,0,120,WSH,1,-4,1,391.9148119772238,2026
822703,2026-07-28,141,TOR,0,120,WSH,1,-5,2,0.0,2026
822702,2026-07-29,141,TOR,0,120,WSH,1,-6,3,0.0,2026
822782,2026-07-31,141,TOR,1,138,STL,2,1,1,351.9086807419245,2026
822781,2026-08-01,141,TOR,1,138,STL,1,2,2,0.0,2026
822783,2026-08-02,141,TOR,1,138,STL,1,3,3,0.0,2026
824160,2026-08-04,141,TOR,0,117,HOU,2,-1,1,1300.2748883372112,2026
824161,2026-08-05,141,TOR,0,117,HOU,1,-2,2,0.0,2026
824158,2026-08-05,141,TOR,0,117,HOU,0,-3,3,0.0,2026
823428,2026-08-07,141,TOR,0,143,PHI,2,-4,1,1337.9314503801108,2026
823426,2026-08-08,141,TOR,0,143,PHI,1,-5,2,0.0,2026
823425,2026-08-09,141,TOR,0,143,PHI,1,-6,3,0.0,2026
822780,2026-08-10,141,TOR,1,111,BOS,1,1,1,337.49777915551493,2026
822778,2026-08-11,141,TOR,1,111,BOS,1,2,2,0.0,2026
822779,2026-08-12,141,TOR,1,111,BOS,1,3,3,0.0,2026
822776,2026-08-13,141,TOR,1,111,BOS,1,4,4,0.0,2026
822777,2026-08-14,141,TOR,1,147,NYY,1,5,1,0.0,2026
822775,2026-08-15,141,TOR,1,147,NYY,1,6,2,0.0,2026
822774,2026-08-16,141,TOR,1,147,NYY,1,7,3,0.0,2026
822938,2026-08-18,141,TOR,0,139,TB,2,-1,1,1111.7297518661444,2026
822937,2026-08-19,141,TOR,0,139,TB,1,-2,2,0.0,2026
822934,2026-08-20,141,TOR,0,139,TB,1,-3,3,0.0,2026
823510,2026-08-21,141,TOR,0,147,NYY,1,-4,1,1029.5381159096478,2026
823509,2026-08-22,141,TOR,0,147,NYY,1,-5,2,0.0,2026
823507,2026-08-23,141,TOR,0,147,NYY,1,-6,3,0.0,2026
822773,2026-08-25,141,TOR,1,118,KC,2,1,1,340.2685304486618,2026
822772,2026-08-26,141,TOR,1,118,KC,1,2,2,0.0,2026
822771,2026-08-27,141,TOR,1,118,KC,1,3,3,0.0,2026
822769,2026-08-28,141,TOR,1,136,SEA,1,4,1,0.0,2026
822770,2026-08-29,141,TOR,1,136,SEA,1,5,2,0.0,2026
822766,2026-08-30,141,TOR,1,136,SEA,1,6,3,0.0,2026
824391,2026-09-01,141,TOR,0,114,CLE,2,-1,1,188.71684847115282,2026
824390,2026-09-02,141,TOR,0,114,CLE,1,-2,2,0.0,2026
824388,2026-09-03,141,TOR,0,114,CLE,1,-3,3,0.0,2026
824066,2026-09-05,141,TOR,0,118,KC,2,-4,1,694.6429853897519,2026
824067,2026-09-05,141,TOR,0,118,KC,0,-5,2,0.0,2026
824065,2026-09-06,141,TOR,0,118,KC,1,-6,3,0.0,2026
824958,2026-09-08,141,TOR,0,133,OAK,2,-7,1,1497.929836668995,2026
824957,2026-09-09,141,TOR,0,133,OAK,1,-8,2,0.0,2026
824956,2026-09-09,141,TOR,0,133,OAK,0,-9,3,0.0,2026
822767,2026-09-11,141,TOR,1,110,BAL,2,1,1,2253.7814110292547,2026
822768,2026-09-12,141,TOR,1,110,BAL,1,2,2,0.0,2026
822764,2026-09-13,141,TOR,1,110,BAL,1,3,3,0.0,2026
822765,2026-09-14,141,TOR,1,116,DET,1,4,1,0.0,2026
822762,2026-09-15,141,TOR,1,116,DET,1,5,2,0.0,2026
822763,2026-09-16,141,TOR,1,116,DET,1,6,3,0.0,2026
822847,2026-09-19,141,TOR,0,140,TEX,3,-1,1,1216.0025005666878,2026
822843,2026-09-19,141,TOR,0,140,TEX,0,-2,2,0.0,2026
822844,2026-09-20,141,TOR,0,140,TEX,1,-3,3,0.0,2026
824787,2026-09-21,141,TOR,0,110,BAL,1,-4,1,1225.9583636520863,2026
824785,2026-09-22,141,TOR,0,110,BAL,1,-5,2,0.0,2026
824784,2026-09-23,141,TOR,0,110,BAL,1,-6,3,0.0,2026
822760,2026-09-25,141,TOR,1,113,CIN,2,1,1,333.41200779259856,2026
822759,2026-09-26,141,TOR,1,113,CIN,1,2,2,0.0,2026
822761,2026-09-27,141,TOR,1,113,CIN,1,3,3,0.0,2026
824865,2026-03-26,142,MIN,0,110,BAL,0,-1,1,937.5839769032132,2026
824862,2026-03-28,142,MIN,0,110,BAL,2,-2,2,0.0,2026
824864,2026-03-29,142,MIN,0,110,BAL,1,-3,3,0.0,2026
824135,2026-03-30,142,MIN,0,118,KC,1,-4,1,955.2837530445377,2026
824136,2026-04-01,142,MIN,0,118,KC,2,-5,2,0.0,2026
824133,2026-04-02,142,MIN,0,118,KC,1,-6,3,0.0,2026
823732,2026-04-03,142,MIN,1,139,TB,1,1,1,414.3585559282368,2026
823730,2026-04-04,142,MIN,1,139,TB,1,2,2,0.0,2026
823729,2026-04-05,142,MIN,1,139,TB,1,3,3,0.0,2026
823728,2026-04-06,142,MIN,1,116,DET,1,4,1,0.0,2026
823727,2026-04-07,142,MIN,1,116,DET,1,5,2,0.0,2026
823726,2026-04-08,142,MIN,1,116,DET,1,6,3,0.0,2026
823724,2026-04-09,142,MIN,1,116,DET,1,7,4,0.0,2026
822829,2026-04-10,142,MIN,0,141,TOR,1,-1,1,692.024839424288,2026
822830,2026-04-11,142,MIN,0,141,TOR,1,-2,2,0.0,2026
822828,2026-04-12,142,MIN,0,141,TOR,1,-3,3,0.0,2026
823725,2026-04-13,142,MIN,1,111,BOS,1,1,1,692.024839424288,2026
823723,2026-04-14,142,MIN,1,111,BOS,1,2,2,0.0,2026
823722,2026-04-15,142,MIN,1,111,BOS,1,3,3,0.0,2026
823721,2026-04-18,142,MIN,1,113,CIN,3,4,1,0.0,2026
823720,2026-04-18,142,MIN,1,113,CIN,0,5,2,0.0,2026
823718,2026-04-19,142,MIN,1,113,CIN,1,6,3,0.0,2026
823640,2026-04-21,142,MIN,0,121,NYM,2,-1,1,1023.5867094792683,2026
823641,2026-04-22,142,MIN,0,121,NYM,1,-2,2,0.0,2026
823639,2026-04-23,142,MIN,0,121,NYM,1,-3,3,0.0,2026
822992,2026-04-24,142,MIN,0,139,TB,1,-4,1,1027.482832775922,2026
822989,2026-04-25,142,MIN,0,139,TB,1,-5,2,0.0,2026
822991,2026-04-26,142,MIN,0,139,TB,1,-6,3,0.0,2026
823719,2026-04-27,142,MIN,1,136,SEA,1,1,1,1325.4285844846306,2026
823716,2026-04-28,142,MIN,1,136,SEA,1,2,2,0.0,2026
823717,2026-04-29,142,MIN,1,136,SEA,1,3,3,0.0,2026
823714,2026-04-30,142,MIN,1,141,TOR,1,4,1,0.0,2026
823713,2026-05-02,142,MIN,1,141,TOR,2,5,2,0.0,2026
823715,2026-05-02,142,MIN,1,141,TOR,0,6,3,0.0,2026
823711,2026-05-03,142,MIN,1,141,TOR,1,7,4,0.0,2026
822743,2026-05-05,142,MIN,0,120,WSH,2,-1,1,934.56271968754,2026
822740,2026-05-06,142,MIN,0,120,WSH,1,-2,2,0.0,2026
822741,2026-05-07,142,MIN,0,120,WSH,1,-3,3,0.0,2026
824443,2026-05-08,142,MIN,0,114,CLE,1,-4,1,306.2397190255103,2026
824444,2026-05-09,142,MIN,0,114,CLE,1,-5,2,0.0,2026
824440,2026-05-10,142,MIN,0,114,CLE,1,-6,3,0.0,2026
823712,2026-05-12,142,MIN,1,146,MIA,2,1,1,630.5553923040089,2026
823710,2026-05-13,142,MIN,1,146,MIA,1,2,2,0.0,2026
823709,2026-05-14,142,MIN,1,146,MIA,1,3,3,0.0,2026
823707,2026-05-15,142,MIN,1,158,MIL,1,4,1,0.0,2026
823706,2026-05-16,142,MIN,1,158,MIL,1,5,2,0.0,2026
823708,2026-05-17,142,MIN,1,158,MIL,1,6,3,0.0,2026
823705,2026-05-18,142,MIN,1,117,HOU,1,7,1,0.0,2026
823704,2026-05-19,142,MIN,1,117,HOU,1,8,2,0.0,2026
823703,2026-05-20,142,MIN,1,117,HOU,1,9,3,0.0,2026
824761,2026-05-22,142,MIN,0,111,BOS,2,-1,1,1119.9102367149933,2026
824760,2026-05-23,142,MIN,0,111,BOS,1,-2,2,0.0,2026
824759,2026-05-24,142,MIN,0,111,BOS,1,-3,3,0.0,2026
824598,2026-05-25,142,MIN,0,145,CWS,1,-4,1,847.3821391741471,2026
824597,2026-05-26,142,MIN,0,145,CWS,1,-5,2,0.0,2026
824596,2026-05-27,142,MIN,0,145,CWS,1,-6,3,0.0,2026
824595,2026-05-28,142,MIN,0,145,CWS,1,-7,4,0.0,2026
823377,2026-05-29,142,MIN,0,134,PIT,1,-8,1,408.14464367793005,2026
823375,2026-05-30,142,MIN,0,134,PIT,1,-9,2,0.0,2026
823373,2026-05-31,142,MIN,0,134,PIT,1,-10,3,0.0,2026
823702,2026-06-01,142,MIN,1,145,CWS,1,1,1,741.9088849917657,2026
823700,2026-06-02,142,MIN,1,145,CWS,1,2,2,0.0,2026
823701,2026-06-03,142,MIN,1,145,CWS,1,3,3,0.0,2026
823698,2026-06-04,142,MIN,1,118,KC,1,4,1,0.0,2026
823699,2026-06-06,142,MIN,1,118,KC,2,5,2,0.0,2026
823697,2026-06-06,142,MIN,1,118,KC,0,6,3,0.0,2026
823696,2026-06-07,142,MIN,1,118,KC,1,7,4,0.0,2026
824267,2026-06-09,142,MIN,0,116,DET,2,-1,1,542.5071369450939,2026
824266,2026-06-10,142,MIN,0,116,DET,1,-2,2,0.0,2026
824265,2026-06-11,142,MIN,0,116,DET,1,-3,3,0.0,2026
823695,2026-06-13,142,MIN,1,138,STL,2,1,1,542.5071369450939,2026
823694,2026-06-13,142,MIN,1,138,STL,0,2,2,0.0,2026
823693,2026-06-14,142,MIN,1,138,STL,1,3,3,0.0,2026
822887,2026-06-16,142,MIN,0,140,TEX,2,-1,1,869.2690937301206,2026
822888,2026-06-17,142,MIN,0,140,TEX,1,-2,2,0.0,2026
822889,2026-06-18,142,MIN,0,140,TEX,1,-3,3,0.0,2026
825069,2026-06-20,142,MIN,0,109,ARI,2,-4,1,867.9010244338684,2026
825068,2026-06-21,142,MIN,0,109,ARI,1,-5,2,0.0,2026
825067,2026-06-21,142,MIN,0,109,ARI,0,-6,3,0.0,2026
823692,2026-06-22,142,MIN,1,119,LAD,1,1,1,1278.017730052948,2026
823690,2026-06-23,142,MIN,1,119,LAD,1,2,2,0.0,2026
823691,2026-06-24,142,MIN,1,119,LAD,1,3,3,0.0,2026
823688,2026-06-27,142,MIN,1,115,COL,3,4,1,0.0,2026
823689,2026-06-27,142,MIN,1,115,COL,0,5,2,0.0,2026
823686,2026-06-28,142,MIN,1,115,COL,1,6,3,0.0,2026
824176,2026-06-30,142,MIN,0,117,HOU,2,-1,1,1058.038361560939,2026
824175,2026-07-01,142,MIN,0,117,HOU,1,-2,2,0.0,2026
824174,2026-07-02,142,MIN,0,117,HOU,1,-3,3,0.0,2026
823527,2026-07-03,142,MIN,0,147,NYY,1,-4,1,1424.3629806468848,2026
823526,2026-07-04,142,MIN,0,147,NYY,1,-5,2,0.0,2026
823525,2026-07-05,142,MIN,0,147,NYY,1,-6,3,0.0,2026
823687,2026-07-07,142,MIN,1,114,CLE,2,1,1,1017.7624974211766,2026
823684,2026-07-08,142,MIN,1,114,CLE,1,2,2,0.0,2026
823683,2026-07-09,142,MIN,1,114,CLE,1,3,3,0.0,2026
823685,2026-07-11,142,MIN,1,108,LAA,2,4,1,0.0,2026
823682,2026-07-11,142,MIN,1,108,LAA,0,5,2,0.0,2026
823681,2026-07-12,142,MIN,1,108,LAA,1,6,3,0.0,2026
824655,2026-07-18,142,MIN,0,112,CHC,6,-1,1,351.19627848712736,2026
824657,2026-07-18,142,MIN,0,112,CHC,0,-2,2,0.0,2026
824653,2026-07-19,142,MIN,0,112,CHC,1,-3,3,0.0,2026
824410,2026-07-20,142,MIN,0,114,CLE,1,-4,1,309.41326135873874,2026
824409,2026-07-21,142,MIN,0,114,CLE,1,-5,2,0.0,2026
824408,2026-07-22,142,MIN,0,114,CLE,1,-6,3,0.0,2026
824406,2026-07-23,142,MIN,0,114,CLE,1,-7,4,0.0,2026
823680,2026-07-25,142,MIN,1,133,OAK,2,1,1,630.5553923040089,2026
823679,2026-07-25,142,MIN,1,133,OAK,0,2,2,0.0,2026
823678,2026-07-26,142,MIN,1,133,OAK,1,3,3,0.0,2026
823676,2026-07-28,142,MIN,1,118,KC,2,4,1,0.0,2026
823677,2026-07-29,142,MIN,1,118,KC,1,5,2,0.0,2026
823674,2026-07-30,142,MIN,1,118,KC,1,6,3,0.0,2026
823109,2026-08-01,142,MIN,0,136,SEA,2,-1,1,1390.7389323897291,2026
823111,2026-08-01,142,MIN,0,136,SEA,0,-2,2,0.0,2026
823107,2026-08-02,142,MIN,0,136,SEA,1,-3,3,0.0,2026
824084,2026-08-04,142,MIN,0,118,KC,2,-4,1,1508.929102213115,2026
824082,2026-08-05,142,MIN,0,118,KC,1,-5,2,0.0,2026
824080,2026-08-06,142,MIN,0,118,KC,1,-6,3,0.0,2026
823750,2026-08-07,142,MIN,0,158,MIL,1,-7,1,436.30833378546873,2026
823752,2026-08-08,142,MIN,0,158,MIL,1,-8,2,0.0,2026
823751,2026-08-09,142,MIN,0,158,MIL,1,-9,3,0.0,2026
823675,2026-08-10,142,MIN,1,110,BAL,1,1,1,296.19869216933046,2026
823673,2026-08-11,142,MIN,1,110,BAL,1,2,2,0.0,2026
823672,2026-08-12,142,MIN,1,110,BAL,1,3,3,0.0,2026
823669,2026-08-13,142,MIN,1,143,PHI,1,4,1,0.0,2026
823671,2026-08-15,142,MIN,1,143,PHI,2,5,2,0.0,2026
823670,2026-08-16,142,MIN,1,143,PHI,1,6,3,0.0,2026
823668,2026-08-17,142,MIN,1,144,ATL,1,7,1,0.0,2026
823667,2026-08-18,142,MIN,1,144,ATL,1,8,2,0.0,2026
823664,2026-08-19,142,MIN,1,144,ATL,1,9,3,0.0,2026
823262,2026-08-22,142,MIN,0,135,SD,3,-1,1,1530.561766187142,2026
823261,2026-08-23,142,MIN,0,135,SD,1,-2,2,0.0,2026
823258,2026-08-23,142,MIN,0,135,SD,0,-3,3,0.0,2026
824964,2026-08-25,142,MIN,0,133,OAK,2,-4,1,449.84278611734885,2026
824962,2026-08-26,142,MIN,0,133,OAK,1,-5,2,0.0,2026
824963,2026-08-27,142,MIN,0,133,OAK,1,-6,3,0.0,2026
823666,2026-08-29,142,MIN,1,145,CWS,2,1,1,1571.0292537363316,2026
823665,2026-08-29,142,MIN,1,145,CWS,0,2,2,0.0,2026
823662,2026-08-30,142,MIN,1,145,CWS,1,3,3,0.0,2026
823663,2026-08-31,142,MIN,1,116,DET,1,4,1,0.0,2026
823661,2026-09-01,142,MIN,1,116,DET,1,5,2,0.0,2026
823660,2026-09-02,142,MIN,1,116,DET,1,6,3,0.0,2026
824554,2026-09-04,142,MIN,0,145,CWS,2,-1,1,357.20870712294794,2026
824553,2026-09-05,142,MIN,0,145,CWS,1,-2,2,0.0,2026
824552,2026-09-06,142,MIN,0,145,CWS,1,-3,3,0.0,2026
824229,2026-09-07,142,MIN,0,116,DET,1,-4,1,237.7264337126216,2026
824228,2026-09-08,142,MIN,0,116,DET,1,-5,2,0.0,2026
824226,2026-09-09,142,MIN,0,116,DET,1,-6,3,0.0,2026
823659,2026-09-12,142,MIN,1,114,CLE,3,1,1,542.5071369450939,2026
823657,2026-09-12,142,MIN,1,114,CLE,0,2,2,0.0,2026
823658,2026-09-13,142,MIN,1,114,CLE,1,3,3,0.0,2026
823656,2026-09-14,142,MIN,1,147,NYY,1,4,1,0.0,2026
823654,2026-09-15,142,MIN,1,147,NYY,1,5,2,0.0,2026
823655,2026-09-16,142,MIN,1,147,NYY,1,6,3,0.0,2026
823978,2026-09-18,142,MIN,0,108,LAA,2,-1,1,1515.2340388389878,2026
823977,2026-09-19,142,MIN,0,108,LAA,1,-2,2,0.0,2026
823976,2026-09-20,142,MIN,0,108,LAA,1,-3,3,0.0,2026
823975,2026-09-20,142,MIN,0,108,LAA,0,-4,4,0.0,2026
823169,2026-09-22,142,MIN,0,137,SF,2,-5,1,373.21886529538057,2026
823166,2026-09-23,142,MIN,0,137,SF,1,-6,2,0.0,2026
823168,2026-09-23,142,MIN,0,137,SF,0,-7,3,0.0,2026
823652,2026-09-26,142,MIN,1,140,TEX,3,1,1,1579.295057576871,2026
823653,2026-09-26,142,MIN,1,140,TEX,0,2,2,0.0,2026
823650,2026-09-27,142,MIN,1,140,TEX,1,3,3,0.0,2026
823486,2026-03-26,143,PHI,1,140,TEX,0,1,1,0.0,2026
823488,2026-03-28,143,PHI,1,140,TEX,2,2,2,0.0,2026
823487,2026-03-29,143,PHI,1,140,TEX,1,3,3,0.0,2026
823484,2026-03-30,143,PHI,1,120,WSH,1,4,1,0.0,2026
823485,2026-03-31,143,PHI,1,120,WSH,1,5,2,0.0,2026
823483,2026-04-01,143,PHI,1,120,WSH,1,6,3,0.0,2026
824377,2026-04-03,143,PHI,0,115,COL,2,-1,1,1575.3272730725726,2026
824378,2026-04-05,143,PHI,0,115,COL,2,-2,2,0.0,2026
824379,2026-04-05,143,PHI,0,115,COL,0,-3,3,0.0,2026
823237,2026-04-07,143,PHI,0,137,SF,2,-4,1,945.5308694116128,2026
823235,2026-04-08,143,PHI,0,137,SF,1,-5,2,0.0,2026
823234,2026-04-08,143,PHI,0,137,SF,0,-6,3,0.0,2026
823482,2026-04-10,143,PHI,1,109,ARI,2,1,1,2515.920678646169,2026
823480,2026-04-11,143,PHI,1,109,ARI,1,2,2,0.0,2026
823479,2026-04-12,143,PHI,1,109,ARI,1,3,3,0.0,2026
823481,2026-04-13,143,PHI,1,112,CHC,1,4,1,0.0,2026
823478,2026-04-14,143,PHI,1,112,CHC,1,5,2,0.0,2026
823477,2026-04-15,143,PHI,1,112,CHC,1,6,3,0.0,2026
823476,2026-04-17,143,PHI,1,144,ATL,2,7,1,0.0,2026
823474,2026-04-18,143,PHI,1,144,ATL,1,8,2,0.0,2026
823475,2026-04-19,143,PHI,1,144,ATL,1,9,3,0.0,2026
824692,2026-04-20,143,PHI,0,112,CHC,1,-1,1,666.436342674126,2026
824690,2026-04-21,143,PHI,0,112,CHC,1,-2,2,0.0,2026
824688,2026-04-22,143,PHI,0,112,CHC,1,-3,3,0.0,2026
824689,2026-04-23,143,PHI,0,112,CHC,1,-4,4,0.0,2026
824932,2026-04-24,143,PHI,0,144,ATL,1,-5,1,583.1187828539541,2026
824933,2026-04-25,143,PHI,0,144,ATL,1,-6,2,0.0,2026
824934,2026-04-26,143,PHI,0,144,ATL,1,-7,3,0.0,2026
823473,2026-04-28,143,PHI,1,137,SF,2,1,1,660.3458671025634,2026
823472,2026-04-30,143,PHI,1,137,SF,1,3,3,0.0,2026
823471,2026-04-30,143,PHI,1,137,SF,0,4,4,0.0,2026
823877,2026-05-01,143,PHI,0,146,MIA,1,-1,1,1018.8446832841317,2026
823876,2026-05-02,143,PHI,0,146,MIA,1,-2,2,0.0,2026
823875,2026-05-03,143,PHI,0,146,MIA,1,-3,3,0.0,2026
823874,2026-05-04,143,PHI,0,146,MIA,1,-4,4,0.0,2026
823469,2026-05-05,143,PHI,1,133,OAK,1,1,1,1018.8446832841317,2026
823470,2026-05-06,143,PHI,1,133,OAK,1,2,2,0.0,2026
823467,2026-05-07,143,PHI,1,133,OAK,1,3,3,0.0,2026
823466,2026-05-08,143,PHI,1,115,COL,1,4,1,0.0,2026
823468,2026-05-09,143,PHI,1,115,COL,1,5,2,0.0,2026
823463,2026-05-10,143,PHI,1,115,COL,1,6,3,0.0,2026
824764,2026-05-12,143,PHI,0,111,BOS,2,-1,1,270.6814533596281,2026
824763,2026-05-13,143,PHI,0,111,BOS,1,-2,2,0.0,2026
824762,2026-05-14,143,PHI,0,111,BOS,1,-3,3,0.0,2026
823384,2026-05-15,143,PHI,0,134,PIT,1,-4,1,479.7911670433808,2026
823382,2026-05-16,143,PHI,0,134,PIT,1,-5,2,0.0,2026
823381,2026-05-17,143,PHI,0,134,PIT,1,-6,3,0.0,2026
823465,2026-05-18,143,PHI,1,113,CIN,1,1,1,258.1684392529645,2026
823464,2026-05-19,143,PHI,1,113,CIN,1,2,2,0.0,2026
823462,2026-05-20,143,PHI,1,113,CIN,1,3,3,0.0,2026
823461,2026-05-22,143,PHI,1,114,CLE,2,4,1,0.0,2026
823458,2026-05-23,143,PHI,1,114,CLE,1,5,2,0.0,2026
823459,2026-05-24,143,PHI,1,114,CLE,1,6,3,0.0,2026
823296,2026-05-25,143,PHI,0,135,SD,1,-1,1,2367.9373803347366,2026
823294,2026-05-27,143,PHI,0,135,SD,2,-2,2,0.0,2026
823295,2026-05-27,143,PHI,0,135,SD,0,-3,3,0.0,2026
823946,2026-05-30,143,PHI,0,119,LAD,3,-4,1,113.20881075215142,2026
823945,2026-05-31,143,PHI,0,119,LAD,1,-5,2,0.0,2026
823944,2026-05-31,143,PHI,0,119,LAD,0,-6,3,0.0,2026
823460,2026-06-02,143,PHI,1,135,SD,2,1,1,2387.7509871644193,2026
823456,2026-06-03,143,PHI,1,135,SD,1,2,2,0.0,2026
823457,2026-06-04,143,PHI,1,135,SD,1,3,3,0.0,2026
823455,2026-06-05,143,PHI,1,145,CWS,1,4,1,0.0,2026
823454,2026-06-06,143,PHI,1,145,CWS,1,5,2,0.0,2026
823453,2026-06-07,143,PHI,1,145,CWS,1,6,3,0.0,2026
822806,2026-06-08,143,PHI,0,141,TOR,1,-1,1,337.49777915551493,2026
822805,2026-06-09,143,PHI,0,141,TOR,1,-2,2,0.0,2026
822804,2026-06-10,143,PHI,0,141,TOR,1,-3,3,0.0,2026
823778,2026-06-12,143,PHI,0,158,MIL,2,-4,1,433.19037079572774,2026
823776,2026-06-13,143,PHI,0,158,MIL,1,-5,2,0.0,2026
823777,2026-06-14,143,PHI,0,158,MIL,1,-6,3,0.0,2026
823452,2026-06-15,143,PHI,1,146,MIA,1,1,1,696.3664086049965,2026
823451,2026-06-16,143,PHI,1,146,MIA,1,2,2,0.0,2026
823450,2026-06-17,143,PHI,1,146,MIA,1,3,3,0.0,2026
823448,2026-06-18,143,PHI,1,121,NYM,1,4,1,0.0,2026
823447,2026-06-20,143,PHI,1,121,NYM,2,5,2,0.0,2026
823449,2026-06-21,143,PHI,1,121,NYM,1,6,3,0.0,2026
822720,2026-06-22,143,PHI,0,120,WSH,1,-1,1,121.48691857607562,2026
822718,2026-06-23,143,PHI,0,120,WSH,1,-2,2,0.0,2026
822719,2026-06-24,143,PHI,0,120,WSH,1,-3,3,0.0,2026
822717,2026-06-25,143,PHI,0,120,WSH,1,-4,4,0.0,2026
823610,2026-06-26,143,PHI,0,121,NYM,1,-5,1,212.3563770011718,2026
823609,2026-06-27,143,PHI,0,121,NYM,1,-6,2,0.0,2026
823608,2026-06-28,143,PHI,0,121,NYM,1,-7,3,0.0,2026
823444,2026-06-29,143,PHI,1,134,PIT,1,1,1,91.08673366367736,2026
823445,2026-06-30,143,PHI,1,134,PIT,1,2,2,0.0,2026
823446,2026-07-01,143,PHI,1,134,PIT,1,3,3,0.0,2026
823442,2026-07-02,143,PHI,1,134,PIT,1,4,4,0.0,2026
824092,2026-07-05,143,PHI,0,118,KC,3,-1,1,1029.7550407478475,2026
824091,2026-07-05,143,PHI,0,118,KC,0,-2,2,0.0,2026
824089,2026-07-06,143,PHI,0,118,KC,1,-3,3,0.0,2026
824495,2026-07-07,143,PHI,0,113,CIN,1,-4,1,534.6651070230836,2026
824496,2026-07-08,143,PHI,0,113,CIN,1,-5,2,0.0,2026
824494,2026-07-09,143,PHI,0,113,CIN,1,-6,3,0.0,2026
824252,2026-07-10,143,PHI,0,116,DET,1,-7,1,236.62913628650645,2026
824249,2026-07-11,143,PHI,0,116,DET,1,-8,2,0.0,2026
824250,2026-07-12,143,PHI,0,116,DET,1,-9,3,0.0,2026
823440,2026-07-16,143,PHI,1,121,NYM,4,1,1,443.15200200788263,2026
823441,2026-07-18,143,PHI,1,121,NYM,2,2,2,0.0,2026
823439,2026-07-19,143,PHI,1,121,NYM,1,3,3,0.0,2026
823436,2026-07-20,143,PHI,1,119,LAD,1,4,1,0.0,2026
823437,2026-07-21,143,PHI,1,119,LAD,1,5,2,0.0,2026
823438,2026-07-22,143,PHI,1,119,LAD,1,6,3,0.0,2026
823434,2026-07-24,143,PHI,1,147,NYY,2,7,1,0.0,2026
823435,2026-07-25,143,PHI,1,147,NYY,1,8,2,0.0,2026
823433,2026-07-26,143,PHI,1,147,NYY,1,9,3,0.0,2026
823839,2026-07-27,143,PHI,0,146,MIA,1,-1,1,1018.8446832841317,2026
823838,2026-07-28,143,PHI,0,146,MIA,1,-2,2,0.0,2026
823837,2026-07-29,143,PHI,0,146,MIA,1,-3,3,0.0,2026
824809,2026-07-31,143,PHI,0,110,BAL,2,-4,1,956.2208116188826,2026
824808,2026-08-01,143,PHI,0,110,BAL,1,-5,2,0.0,2026
824807,2026-08-02,143,PHI,0,110,BAL,1,-6,3,0.0,2026
823431,2026-08-03,143,PHI,1,120,WSH,1,1,1,88.61618494239067,2026
823432,2026-08-04,143,PHI,1,120,WSH,1,2,2,0.0,2026
823429,2026-08-05,143,PHI,1,120,WSH,1,3,3,0.0,2026
823430,2026-08-06,143,PHI,1,120,WSH,1,4,4,0.0,2026
823428,2026-08-07,143,PHI,1,141,TOR,1,5,1,0.0,2026
823426,2026-08-08,143,PHI,1,141,TOR,1,6,2,0.0,2026
823425,2026-08-09,143,PHI,1,141,TOR,1,7,3,0.0,2026
823018,2026-08-10,143,PHI,0,138,STL,1,-1,1,807.7790398828691,2026
823019,2026-08-11,143,PHI,0,138,STL,1,-2,2,0.0,2026
823017,2026-08-12,143,PHI,0,138,STL,1,-3,3,0.0,2026
823669,2026-08-13,143,PHI,0,142,MIN,1,-4,1,467.15187795921247,2026
823671,2026-08-15,143,PHI,0,142,MIN,2,-5,2,0.0,2026
823670,2026-08-16,143,PHI,0,142,MIN,1,-6,3,0.0,2026
823427,2026-08-17,143,PHI,1,146,MIA,1,1,1,985.2054759251868,2026
823423,2026-08-18,143,PHI,1,146,MIA,1,2,2,0.0,2026
823424,2026-08-19,143,PHI,1,146,MIA,1,3,3,0.0,2026
823420,2026-08-21,143,PHI,1,138,STL,2,4,1,0.0,2026
823422,2026-08-22,143,PHI,1,138,STL,1,5,2,0.0,2026
823421,2026-08-23,143,PHI,1,138,STL,1,6,3,0.0,2026
823097,2026-08-25,143,PHI,0,136,SEA,2,-1,1,2374.914766881297,2026
823098,2026-08-26,143,PHI,0,136,SEA,1,-2,2,0.0,2026
823096,2026-08-26,143,PHI,0,136,SEA,0,-3,3,0.0,2026
823985,2026-08-29,143,PHI,0,108,LAA,3,-4,1,980.5935873257743,2026
823986,2026-08-30,143,PHI,0,108,LAA,1,-5,2,0.0,2026
823987,2026-08-30,143,PHI,0,108,LAA,0,-6,3,0.0,2026
825040,2026-09-01,143,PHI,0,109,ARI,2,-7,1,335.4914545335198,2026
825038,2026-09-02,143,PHI,0,109,ARI,1,-8,2,0.0,2026
825037,2026-09-02,143,PHI,0,109,ARI,0,-9,3,0.0,2026
823418,2026-09-04,143,PHI,1,144,ATL,2,1,1,2077.6302509220623,2026
823419,2026-09-05,143,PHI,1,144,ATL,1,2,2,0.0,2026
823417,2026-09-06,143,PHI,1,144,ATL,1,3,3,0.0,2026
823415,2026-09-07,143,PHI,1,144,ATL,1,4,4,0.0,2026
823414,2026-09-08,143,PHI,1,117,HOU,1,5,1,0.0,2026
823416,2026-09-09,143,PHI,1,117,HOU,1,6,2,0.0,2026
823413,2026-09-10,143,PHI,1,117,HOU,1,7,3,0.0,2026
824873,2026-09-11,143,PHI,0,144,ATL,1,-1,1,660.3458671025634,2026
824870,2026-09-12,143,PHI,0,144,ATL,1,-2,2,0.0,2026
824869,2026-09-13,143,PHI,0,144,ATL,1,-3,3,0.0,2026
822683,2026-09-15,143,PHI,0,120,WSH,2,-4,1,538.869727266714,2026
822680,2026-09-16,143,PHI,0,120,WSH,1,-5,2,0.0,2026
823573,2026-09-17,143,PHI,0,121,NYM,1,-6,1,212.3563770011718,2026
823572,2026-09-18,143,PHI,0,121,NYM,1,-7,2,0.0,2026
823571,2026-09-19,143,PHI,0,121,NYM,1,-8,3,0.0,2026
823570,2026-09-20,143,PHI,0,121,NYM,1,-9,4,0.0,2026
823412,2026-09-22,143,PHI,1,158,MIL,2,1,1,91.08673366367736,2026
823410,2026-09-23,143,PHI,1,158,MIL,1,2,2,0.0,2026
823411,2026-09-24,143,PHI,1,158,MIL,1,3,3,0.0,2026
823409,2026-09-25,143,PHI,1,139,TB,1,4,1,0.0,2026
823407,2026-09-26,143,PHI,1,139,TB,1,5,2,0.0,2026
823408,2026-09-27,143,PHI,1,139,TB,1,6,3,0.0,2026
824946,2026-03-27,144,ATL,1,118,KC,0,1,1,0.0,2026
824945,2026-03-28,144,ATL,1,118,KC,1,2,2,0.0,2026
824944,2026-03-29,144,ATL,1,118,KC,1,3,3,0.0,2026
824943,2026-03-30,144,ATL,1,133,OAK,1,4,1,0.0,2026
824942,2026-03-31,144,ATL,1,133,OAK,1,5,2,0.0,2026
824940,2026-04-01,144,ATL,1,133,OAK,1,6,3,0.0,2026
825105,2026-04-03,144,ATL,0,109,ARI,2,-1,1,1582.6424392854756,2026
825103,2026-04-04,144,ATL,0,109,ARI,1,-2,2,0.0,2026
825104,2026-04-04,144,ATL,0,109,ARI,0,-3,3,0.0,2026
825102,2026-04-05,144,ATL,0,109,ARI,1,-4,4,0.0,2026
824052,2026-04-07,144,ATL,0,108,LAA,2,-5,1,335.4914545335198,2026
824051,2026-04-08,144,ATL,0,108,LAA,1,-6,2,0.0,2026
824050,2026-04-08,144,ATL,0,108,LAA,0,-7,3,0.0,2026
824941,2026-04-10,144,ATL,1,114,CLE,2,1,1,1909.0187712572824,2026
824939,2026-04-11,144,ATL,1,114,CLE,1,2,2,0.0,2026
824938,2026-04-12,144,ATL,1,114,CLE,1,3,3,0.0,2026
824937,2026-04-13,144,ATL,1,146,MIA,1,4,1,0.0,2026
824935,2026-04-14,144,ATL,1,146,MIA,1,5,2,0.0,2026
824936,2026-04-15,144,ATL,1,146,MIA,1,6,3,0.0,2026
823476,2026-04-17,144,ATL,0,143,PHI,2,-1,1,660.3458671025634,2026
823474,2026-04-18,144,ATL,0,143,PHI,1,-2,2,0.0,2026
823475,2026-04-19,144,ATL,0,143,PHI,1,-3,3,0.0,2026
822749,2026-04-20,144,ATL,0,120,WSH,1,-4,1,121.48691857607562,2026
822747,2026-04-21,144,ATL,0,120,WSH,1,-5,2,0.0,2026
822748,2026-04-22,144,ATL,0,120,WSH,1,-6,3,0.0,2026
822745,2026-04-23,144,ATL,0,120,WSH,1,-7,4,0.0,2026
824932,2026-04-24,144,ATL,1,143,PHI,1,1,1,538.869727266714,2026
824933,2026-04-25,144,ATL,1,143,PHI,1,2,2,0.0,2026
824934,2026-04-26,144,ATL,1,143,PHI,1,3,3,0.0,2026
824931,2026-04-28,144,ATL,1,116,DET,2,4,1,0.0,2026
824930,2026-04-29,144,ATL,1,116,DET,1,5,2,0.0,2026
824929,2026-04-30,144,ATL,1,116,DET,1,6,3,0.0,2026
824366,2026-05-02,144,ATL,0,115,COL,2,-1,1,1202.1860715929813,2026
824365,2026-05-03,144,ATL,0,115,COL,1,-2,2,0.0,2026
824364,2026-05-03,144,ATL,0,115,COL,0,-3,3,0.0,2026
823143,2026-05-05,144,ATL,0,136,SEA,2,-4,1,1018.269066908343,2026
823142,2026-05-06,144,ATL,0,136,SEA,1,-5,2,0.0,2026
823141,2026-05-06,144,ATL,0,136,SEA,0,-6,3,0.0,2026
823957,2026-05-09,144,ATL,0,119,LAD,3,-7,1,957.8545939923275,2026
823954,2026-05-10,144,ATL,0,119,LAD,1,-8,2,0.0,2026
823955,2026-05-10,144,ATL,0,119,LAD,0,-9,3,0.0,2026
824927,2026-05-12,144,ATL,1,112,CHC,2,1,1,1926.1127142118578,2026
824928,2026-05-13,144,ATL,1,112,CHC,1,2,2,0.0,2026
824926,2026-05-14,144,ATL,1,112,CHC,1,3,3,0.0,2026
824925,2026-05-15,144,ATL,1,111,BOS,1,4,1,0.0,2026
824924,2026-05-16,144,ATL,1,111,BOS,1,5,2,0.0,2026
824923,2026-05-17,144,ATL,1,111,BOS,1,6,3,0.0,2026
823867,2026-05-18,144,ATL,0,146,MIA,1,-1,1,615.50817708501,2026
823865,2026-05-19,144,ATL,0,146,MIA,1,-2,2,0.0,2026
823866,2026-05-20,144,ATL,0,146,MIA,1,-3,3,0.0,2026
823864,2026-05-21,144,ATL,0,146,MIA,1,-4,4,0.0,2026
824922,2026-05-22,144,ATL,1,120,WSH,1,1,1,615.50817708501,2026
824920,2026-05-23,144,ATL,1,120,WSH,1,2,2,0.0,2026
824921,2026-05-24,144,ATL,1,120,WSH,1,3,3,0.0,2026
824758,2026-05-26,144,ATL,0,111,BOS,2,-1,1,930.6114003294933,2026
824756,2026-05-27,144,ATL,0,111,BOS,1,-2,2,0.0,2026
824757,2026-05-28,144,ATL,0,111,BOS,1,-3,3,0.0,2026
824515,2026-05-29,144,ATL,0,113,CIN,1,-4,1,736.3670721136276,2026
824513,2026-05-30,144,ATL,0,113,CIN,1,-5,2,0.0,2026
824512,2026-05-31,144,ATL,0,113,CIN,1,-6,3,0.0,2026
824918,2026-06-02,144,ATL,1,141,TOR,2,1,1,359.8050212534856,2026
824917,2026-06-03,144,ATL,1,141,TOR,1,2,2,0.0,2026
824919,2026-06-04,144,ATL,1,141,TOR,1,3,3,0.0,2026
824914,2026-06-05,144,ATL,1,134,PIT,1,4,1,0.0,2026
824915,2026-06-06,144,ATL,1,134,PIT,1,5,2,0.0,2026
824916,2026-06-07,144,ATL,1,134,PIT,1,6,3,0.0,2026
824591,2026-06-09,144,ATL,0,145,CWS,2,-1,1,575.000216818476,2026
824590,2026-06-10,144,ATL,0,145,CWS,1,-2,2,0.0,2026
824589,2026-06-11,144,ATL,0,145,CWS,1,-3,3,0.0,2026
823617,2026-06-12,144,ATL,0,121,NYM,1,-4,1,718.8569327739972,2026
823616,2026-06-13,144,ATL,0,121,NYM,1,-5,2,0.0,2026
823615,2026-06-14,144,ATL,0,121,NYM,1,-6,3,0.0,2026
824912,2026-06-16,144,ATL,1,137,SF,2,1,1,751.1805618659844,2026
824913,2026-06-17,144,ATL,1,137,SF,1,2,2,0.0,2026
824911,2026-06-18,144,ATL,1,137,SF,1,3,3,0.0,2026
824910,2026-06-19,144,ATL,1,158,MIL,1,4,1,0.0,2026
824909,2026-06-20,144,ATL,1,158,MIL,1,5,2,0.0,2026
824908,2026-06-21,144,ATL,1,158,MIL,1,6,3,0.0,2026
823288,2026-06-23,144,ATL,0,135,SD,2,-1,1,1881.7053801870268,2026
823286,2026-06-24,144,ATL,0,135,SD,1,-2,2,0.0,2026
823284,2026-06-25,144,ATL,0,135,SD,1,-3,3,0.0,2026
823206,2026-06-27,144,ATL,0,137,SF,2,-4,1,458.03894144483473,2026
823207,2026-06-28,144,ATL,0,137,SF,1,-5,2,0.0,2026
823204,2026-06-28,144,ATL,0,137,SF,0,-6,3,0.0,2026
824907,2026-06-30,144,ATL,1,138,STL,2,1,1,2126.61368269605,2026
824905,2026-07-01,144,ATL,1,138,STL,1,2,2,0.0,2026
824906,2026-07-02,144,ATL,1,138,STL,1,3,3,0.0,2026
824904,2026-07-03,144,ATL,1,121,NYM,1,4,1,0.0,2026
824903,2026-07-05,144,ATL,1,121,NYM,2,5,2,0.0,2026
824902,2026-07-05,144,ATL,1,121,NYM,0,6,3,0.0,2026
824900,2026-07-06,144,ATL,1,121,NYM,1,7,4,0.0,2026
823361,2026-07-07,144,ATL,0,134,PIT,1,-1,1,515.1605409529744,2026
823360,2026-07-08,144,ATL,0,134,PIT,1,-2,2,0.0,2026
823359,2026-07-09,144,ATL,0,134,PIT,1,-3,3,0.0,2026
823033,2026-07-11,144,ATL,0,138,STL,2,-4,1,556.9698942849304,2026
823030,2026-07-11,144,ATL,0,138,STL,0,-5,2,0.0,2026
823029,2026-07-12,144,ATL,0,138,STL,1,-6,3,0.0,2026
824901,2026-07-17,144,ATL,1,140,TEX,5,1,1,456.58876384408995,2026
824899,2026-07-18,144,ATL,1,140,TEX,1,2,2,0.0,2026
824897,2026-07-19,144,ATL,1,140,TEX,1,3,3,0.0,2026
824898,2026-07-20,144,ATL,1,135,SD,1,4,1,0.0,2026
824895,2026-07-21,144,ATL,1,135,SD,1,5,2,0.0,2026
824896,2026-07-22,144,ATL,1,135,SD,1,6,3,0.0,2026
824893,2026-07-23,144,ATL,1,135,SD,1,7,4,0.0,2026
824812,2026-07-24,144,ATL,0,110,BAL,1,-1,1,572.6096280104865,2026
824811,2026-07-25,144,ATL,0,110,BAL,1,-2,2,0.0,2026
824810,2026-07-26,144,ATL,0,110,BAL,1,-3,3,0.0,2026
823597,2026-07-27,144,ATL,0,121,NYM,1,-4,1,178.7068782315623,2026
823598,2026-07-28,144,ATL,0,121,NYM,1,-5,2,0.0,2026
823596,2026-07-29,144,ATL,0,121,NYM,1,-6,3,0.0,2026
824894,2026-07-30,144,ATL,1,120,WSH,1,1,1,751.1805618659844,2026
824892,2026-07-31,144,ATL,1,120,WSH,1,2,2,0.0,2026
824890,2026-08-01,144,ATL,1,120,WSH,1,3,3,0.0,2026
824891,2026-08-02,144,ATL,1,120,WSH,1,4,4,0.0,2026
824888,2026-08-04,144,ATL,1,146,MIA,2,5,1,0.0,2026
824889,2026-08-05,144,ATL,1,146,MIA,1,6,2,0.0,2026
824885,2026-08-06,144,ATL,1,146,MIA,1,7,3,0.0,2026
823515,2026-08-07,144,ATL,0,147,NYY,1,-1,1,750.7282247301414,2026
823514,2026-08-08,144,ATL,0,147,NYY,1,-2,2,0.0,2026
823513,2026-08-09,144,ATL,0,147,NYY,1,-3,3,0.0,2026
824887,2026-08-10,144,ATL,1,121,NYM,1,1,1,750.7282247301414,2026
824886,2026-08-11,144,ATL,1,121,NYM,1,2,2,0.0,2026
824883,2026-08-12,144,ATL,1,121,NYM,1,3,3,0.0,2026
824882,2026-08-14,144,ATL,1,109,ARI,2,4,1,0.0,2026
824884,2026-08-15,144,ATL,1,109,ARI,1,5,2,0.0,2026
824880,2026-08-16,144,ATL,1,109,ARI,1,6,3,0.0,2026
823668,2026-08-17,144,ATL,0,142,MIN,1,-1,1,897.816602147021,2026
823667,2026-08-18,144,ATL,0,142,MIN,1,-2,2,0.0,2026
823664,2026-08-19,144,ATL,0,142,MIN,1,-3,3,0.0,2026
823746,2026-08-21,144,ATL,0,158,MIL,2,-4,1,296.19869216933046,2026
823743,2026-08-22,144,ATL,0,158,MIL,1,-5,2,0.0,2026
823745,2026-08-23,144,ATL,0,158,MIL,1,-6,3,0.0,2026
824881,2026-08-25,144,ATL,1,119,LAD,2,1,1,659.030112248539,2026
824878,2026-08-26,144,ATL,1,119,LAD,1,2,2,0.0,2026
824879,2026-08-27,144,ATL,1,119,LAD,1,3,3,0.0,2026
824877,2026-08-28,144,ATL,1,115,COL,1,4,1,0.0,2026
824874,2026-08-29,144,ATL,1,115,COL,1,5,2,0.0,2026
824876,2026-08-30,144,ATL,1,115,COL,1,6,3,0.0,2026
822687,2026-09-01,144,ATL,0,120,WSH,2,-1,1,538.869727266714,2026
822686,2026-09-02,144,ATL,0,120,WSH,1,-2,2,0.0,2026
823418,2026-09-04,144,ATL,0,143,PHI,2,-3,1,121.48691857607562,2026
823419,2026-09-05,144,ATL,0,143,PHI,1,-4,2,0.0,2026
823417,2026-09-06,144,ATL,0,143,PHI,1,-5,3,0.0,2026
823415,2026-09-07,144,ATL,0,143,PHI,1,-6,4,0.0,2026
824875,2026-09-08,144,ATL,1,139,TB,1,1,1,660.3458671025634,2026
824871,2026-09-09,144,ATL,1,139,TB,1,2,2,0.0,2026
824872,2026-09-10,144,ATL,1,139,TB,1,3,3,0.0,2026
824873,2026-09-11,144,ATL,1,143,PHI,1,4,1,0.0,2026
824870,2026-09-12,144,ATL,1,143,PHI,1,5,2,0.0,2026
824869,2026-09-13,144,ATL,1,143,PHI,1,6,3,0.0,2026
824629,2026-09-14,144,ATL,0,112,CHC,1,-1,1,583.1187828539541,2026
824627,2026-09-15,144,ATL,0,112,CHC,1,-2,2,0.0,2026
824626,2026-09-16,144,ATL,0,112,CHC,1,-3,3,0.0,2026
824138,2026-09-19,144,ATL,0,117,HOU,3,-4,1,945.3425791434618,2026
824137,2026-09-19,144,ATL,0,117,HOU,0,-5,2,0.0,2026
824139,2026-09-20,144,ATL,0,117,HOU,1,-6,3,0.0,2026
824867,2026-09-22,144,ATL,1,113,CIN,2,1,1,699.6088123085705,2026
824868,2026-09-23,144,ATL,1,113,CIN,1,2,2,0.0,2026
824866,2026-09-24,144,ATL,1,113,CIN,1,3,3,0.0,2026
823816,2026-09-25,144,ATL,0,146,MIA,1,-1,1,615.50817708501,2026
823813,2026-09-26,144,ATL,0,146,MIA,1,-2,2,0.0,2026
823814,2026-09-27,144,ATL,0,146,MIA,1,-3,3,0.0,2026
823812,2026-03-26,145,CWS,0,158,MIL,0,-1,1,84.55513154711521,2026
823811,2026-03-28,145,CWS,0,158,MIL,2,-2,2,0.0,2026
823810,2026-03-29,145,CWS,0,158,MIL,1,-3,3,0.0,2026
823890,2026-03-30,145,CWS,0,146,MIA,1,-4,1,1269.7716502102464,2026
823888,2026-03-31,145,CWS,0,146,MIA,1,-5,2,0.0,2026
823889,2026-04-01,145,CWS,0,146,MIA,1,-6,3,0.0,2026
824621,2026-04-03,145,CWS,1,141,TOR,1,2,2,0.0,2026
824622,2026-04-04,145,CWS,1,141,TOR,1,3,3,0.0,2026
824620,2026-04-05,145,CWS,1,141,TOR,1,4,4,0.0,2026
824619,2026-04-06,145,CWS,1,110,BAL,1,5,1,0.0,2026
824618,2026-04-07,145,CWS,1,110,BAL,1,6,2,0.0,2026
824617,2026-04-08,145,CWS,1,110,BAL,1,7,3,0.0,2026
824130,2026-04-09,145,CWS,0,118,KC,1,-1,1,407.8477881651946,2026
824128,2026-04-10,145,CWS,0,118,KC,1,-2,2,0.0,2026
824129,2026-04-11,145,CWS,0,118,KC,1,-3,3,0.0,2026
824126,2026-04-12,145,CWS,0,118,KC,1,-4,4,0.0,2026
824616,2026-04-14,145,CWS,1,139,TB,2,1,1,407.8477881651946,2026
824615,2026-04-15,145,CWS,1,139,TB,1,2,2,0.0,2026
824614,2026-04-16,145,CWS,1,139,TB,1,3,3,0.0,2026
825019,2026-04-18,145,CWS,0,133,OAK,2,-1,1,1844.1022325602153,2026
825020,2026-04-18,145,CWS,0,133,OAK,0,-2,2,0.0,2026
825018,2026-04-19,145,CWS,0,133,OAK,1,-3,3,0.0,2026
825099,2026-04-22,145,CWS,0,109,ARI,3,-4,1,641.9010628899154,2026
825097,2026-04-23,145,CWS,0,109,ARI,1,-5,2,0.0,2026
825096,2026-04-23,145,CWS,0,109,ARI,0,-6,3,0.0,2026
824611,2026-04-24,145,CWS,1,120,WSH,1,1,1,1450.478555736351,2026
824613,2026-04-25,145,CWS,1,120,WSH,1,2,2,0.0,2026
824612,2026-04-26,145,CWS,1,120,WSH,1,3,3,0.0,2026
824609,2026-04-27,145,CWS,1,108,LAA,1,4,1,0.0,2026
824610,2026-04-28,145,CWS,1,108,LAA,1,5,2,0.0,2026
824608,2026-04-29,145,CWS,1,108,LAA,1,6,3,0.0,2026
823309,2026-05-02,145,CWS,0,135,SD,3,-1,1,1730.856111183581,2026
823308,2026-05-03,145,CWS,0,135,SD,1,-2,2,0.0,2026
823307,2026-05-03,145,CWS,0,135,SD,0,-3,3,0.0,2026
824039,2026-05-05,145,CWS,0,108,LAA,2,-4,1,86.36512380343024,2026
824040,2026-05-06,145,CWS,0,108,LAA,1,-5,2,0.0,2026
824036,2026-05-06,145,CWS,0,108,LAA,0,-6,3,0.0,2026
824607,2026-05-08,145,CWS,1,136,SEA,2,1,1,1731.3431702590296,2026
824606,2026-05-09,145,CWS,1,136,SEA,1,2,2,0.0,2026
824605,2026-05-10,145,CWS,1,136,SEA,1,3,3,0.0,2026
824604,2026-05-12,145,CWS,1,118,KC,2,4,1,0.0,2026
824603,2026-05-13,145,CWS,1,118,KC,1,5,2,0.0,2026
824602,2026-05-14,145,CWS,1,118,KC,1,6,3,0.0,2026
824601,2026-05-15,145,CWS,1,112,CHC,1,7,1,0.0,2026
824600,2026-05-16,145,CWS,1,112,CHC,1,8,2,0.0,2026
824599,2026-05-17,145,CWS,1,112,CHC,1,9,3,0.0,2026
823137,2026-05-19,145,CWS,0,136,SEA,2,-1,1,1734.2639498746735,2026
823136,2026-05-20,145,CWS,0,136,SEA,1,-2,2,0.0,2026
823134,2026-05-20,145,CWS,0,136,SEA,0,-3,3,0.0,2026
823222,2026-05-23,145,CWS,0,137,SF,3,-4,1,678.0468674235019,2026
823223,2026-05-23,145,CWS,0,137,SF,0,-5,2,0.0,2026
823220,2026-05-24,145,CWS,0,137,SF,1,-6,3,0.0,2026
824598,2026-05-25,145,CWS,1,142,MIN,1,1,1,1853.181136595777,2026
824597,2026-05-26,145,CWS,1,142,MIN,1,2,2,0.0,2026
824596,2026-05-27,145,CWS,1,142,MIN,1,3,3,0.0,2026
824595,2026-05-28,145,CWS,1,142,MIN,1,4,4,0.0,2026
824594,2026-05-29,145,CWS,1,116,DET,1,5,1,0.0,2026
824593,2026-05-30,145,CWS,1,116,DET,1,6,2,0.0,2026
824592,2026-05-31,145,CWS,1,116,DET,1,7,3,0.0,2026
823702,2026-06-01,145,CWS,0,142,MIN,1,-1,1,357.20870712294794,2026
823700,2026-06-02,145,CWS,0,142,MIN,1,-2,2,0.0,2026
823701,2026-06-03,145,CWS,0,142,MIN,1,-3,3,0.0,2026
823455,2026-06-05,145,CWS,0,143,PHI,2,-4,1,985.2054759251868,2026
823454,2026-06-06,145,CWS,0,143,PHI,1,-5,2,0.0,2026
823453,2026-06-07,145,CWS,0,143,PHI,1,-6,3,0.0,2026
824591,2026-06-09,145,CWS,1,144,ATL,2,1,1,664.2387944369237,2026
824590,2026-06-10,145,CWS,1,144,ATL,1,2,2,0.0,2026
824589,2026-06-11,145,CWS,1,144,ATL,1,3,3,0.0,2026
824588,2026-06-12,145,CWS,1,119,LAD,1,4,1,0.0,2026
824587,2026-06-13,145,CWS,1,119,LAD,1,5,2,0.0,2026
824586,2026-06-14,145,CWS,1,119,LAD,1,6,3,0.0,2026
823535,2026-06-16,145,CWS,0,147,NYY,2,-1,1,713.826429908849,2026
823536,2026-06-17,145,CWS,0,147,NYY,1,-2,2,0.0,2026
823533,2026-06-18,145,CWS,0,147,NYY,1,-3,3,0.0,2026
824264,2026-06-19,145,CWS,0,116,DET,1,-4,1,482.6121717715705,2026
824263,2026-06-20,145,CWS,0,116,DET,1,-5,2,0.0,2026
824260,2026-06-21,145,CWS,0,116,DET,1,-6,3,0.0,2026
824585,2026-06-22,145,CWS,1,114,CLE,1,1,1,237.7264337126216,2026
824584,2026-06-23,145,CWS,1,114,CLE,1,2,2,0.0,2026
824583,2026-06-24,145,CWS,1,114,CLE,1,3,3,0.0,2026
824582,2026-06-26,145,CWS,1,118,KC,2,4,1,0.0,2026
824581,2026-06-27,145,CWS,1,118,KC,1,5,2,0.0,2026
824580,2026-06-28,145,CWS,1,118,KC,1,6,3,0.0,2026
824822,2026-06-29,145,CWS,0,110,BAL,1,-1,1,603.7749623343499,2026
824819,2026-06-30,145,CWS,0,110,BAL,1,-2,2,0.0,2026
824818,2026-07-01,145,CWS,0,110,BAL,1,-3,3,0.0,2026
824416,2026-07-02,145,CWS,0,114,CLE,1,-4,1,307.1364885665357,2026
824417,2026-07-03,145,CWS,0,114,CLE,1,-5,2,0.0,2026
824415,2026-07-04,145,CWS,0,114,CLE,1,-6,3,0.0,2026
824413,2026-07-05,145,CWS,0,114,CLE,1,-7,4,0.0,2026
824579,2026-07-07,145,CWS,1,111,BOS,2,1,1,307.8720964038074,2026
824578,2026-07-08,145,CWS,1,111,BOS,1,2,2,0.0,2026
824577,2026-07-09,145,CWS,1,111,BOS,1,3,3,0.0,2026
824575,2026-07-10,145,CWS,1,133,OAK,1,4,1,0.0,2026
824576,2026-07-11,145,CWS,1,133,OAK,1,5,2,0.0,2026
824574,2026-07-12,145,CWS,1,133,OAK,1,6,3,0.0,2026
822789,2026-07-17,145,CWS,0,141,TOR,5,-1,1,436.51941913736283,2026
822790,2026-07-18,145,CWS,0,141,TOR,1,-2,2,0.0,2026
822786,2026-07-19,145,CWS,0,141,TOR,1,-3,3,0.0,2026
822874,2026-07-21,145,CWS,0,140,TEX,2,-4,1,1216.0025005666878,2026
822871,2026-07-22,145,CWS,0,140,TEX,1,-5,2,0.0,2026
822873,2026-07-23,145,CWS,0,140,TEX,1,-6,3,0.0,2026
824573,2026-07-24,145,CWS,1,117,HOU,1,1,1,813.378310893269,2026
824571,2026-07-25,145,CWS,1,117,HOU,1,2,2,0.0,2026
824572,2026-07-26,145,CWS,1,117,HOU,1,3,3,0.0,2026
824570,2026-07-27,145,CWS,1,147,NYY,1,4,1,0.0,2026
824569,2026-07-28,145,CWS,1,147,NYY,1,5,2,0.0,2026
824567,2026-07-29,145,CWS,1,147,NYY,1,6,3,0.0,2026
824568,2026-07-30,145,CWS,1,147,NYY,1,7,4,0.0,2026
822945,2026-07-31,145,CWS,0,139,TB,1,-1,1,1011.3877112665284,2026
822944,2026-08-01,145,CWS,0,139,TB,1,-2,2,0.0,2026
822943,2026-08-02,145,CWS,0,139,TB,1,-3,3,0.0,2026
824731,2026-08-04,145,CWS,0,111,BOS,2,-4,1,1198.2270597762317,2026
824728,2026-08-05,145,CWS,0,111,BOS,1,-5,2,0.0,2026
824729,2026-08-06,145,CWS,0,111,BOS,1,-6,3,0.0,2026
824566,2026-08-07,145,CWS,1,114,CLE,1,1,1,847.3821391741471,2026
824565,2026-08-08,145,CWS,1,114,CLE,1,2,2,0.0,2026
824564,2026-08-09,145,CWS,1,114,CLE,1,3,3,0.0,2026
824563,2026-08-11,145,CWS,1,113,CIN,2,4,1,0.0,2026
824562,2026-08-12,145,CWS,1,113,CIN,1,5,2,0.0,2026
824561,2026-08-13,145,CWS,1,113,CIN,1,6,3,0.0,2026
824237,2026-08-14,145,CWS,0,116,DET,1,-1,1,237.7264337126216,2026
824239,2026-08-15,145,CWS,0,116,DET,1,-2,2,0.0,2026
824236,2026-08-16,145,CWS,0,116,DET,1,-3,3,0.0,2026
824641,2026-08-18,145,CWS,0,112,CHC,2,-4,1,237.53010712627383,2026
824639,2026-08-19,145,CWS,0,112,CHC,1,-5,2,0.0,2026
824640,2026-08-19,145,CWS,0,112,CHC,0,-6,3,0.0,2026
824559,2026-08-21,145,CWS,1,121,NYM,2,1,1,8.262413783057372,2026
824560,2026-08-22,145,CWS,1,121,NYM,1,2,2,0.0,2026
824558,2026-08-23,145,CWS,1,121,NYM,1,3,3,0.0,2026
824557,2026-08-24,145,CWS,1,140,TEX,1,4,1,0.0,2026
824556,2026-08-25,145,CWS,1,140,TEX,1,5,2,0.0,2026
824555,2026-08-26,145,CWS,1,140,TEX,1,6,3,0.0,2026
823666,2026-08-29,145,CWS,0,142,MIN,3,-1,1,357.20870712294794,2026
823665,2026-08-29,145,CWS,0,142,MIN,0,-2,2,0.0,2026
823662,2026-08-30,145,CWS,0,142,MIN,1,-3,3,0.0,2026
824149,2026-09-01,145,CWS,0,117,HOU,2,-4,1,1058.038361560939,2026
824148,2026-09-02,145,CWS,0,117,HOU,1,-5,2,0.0,2026
824147,2026-09-03,145,CWS,0,117,HOU,1,-6,3,0.0,2026
824144,2026-09-03,145,CWS,0,117,HOU,0,-7,4,0.0,2026
824554,2026-09-04,145,CWS,1,142,MIN,1,1,1,938.7707116803103,2026
824553,2026-09-05,145,CWS,1,142,MIN,1,2,2,0.0,2026
824552,2026-09-06,145,CWS,1,142,MIN,1,3,3,0.0,2026
824551,2026-09-08,145,CWS,1,134,PIT,2,4,1,0.0,2026
824549,2026-09-09,145,CWS,1,134,PIT,1,5,2,0.0,2026
824550,2026-09-10,145,CWS,1,134,PIT,1,6,3,0.0,2026
823012,2026-09-12,145,CWS,0,138,STL,2,-1,1,259.4675939691297,2026
823009,2026-09-12,145,CWS,0,138,STL,0,-2,2,0.0,2026
823008,2026-09-13,145,CWS,0,138,STL,1,-3,3,0.0,2026
824386,2026-09-14,145,CWS,0,114,CLE,1,-4,1,491.5044526605,2026
824384,2026-09-15,145,CWS,0,114,CLE,1,-5,2,0.0,2026
824382,2026-09-16,145,CWS,0,114,CLE,1,-6,3,0.0,2026
824548,2026-09-17,145,CWS,1,116,DET,1,1,1,307.8720964038074,2026
824547,2026-09-18,145,CWS,1,116,DET,1,2,2,0.0,2026
824545,2026-09-19,145,CWS,1,116,DET,1,3,3,0.0,2026
824546,2026-09-20,145,CWS,1,116,DET,1,4,4,0.0,2026
824061,2026-09-22,145,CWS,0,118,KC,2,-1,1,407.8477881651946,2026
824060,2026-09-23,145,CWS,0,118,KC,1,-2,2,0.0,2026
824059,2026-09-24,145,CWS,0,118,KC,1,-3,3,0.0,2026
824544,2026-09-25,145,CWS,1,115,COL,1,1,1,407.8477881651946,2026
824543,2026-09-26,145,CWS,1,115,COL,1,2,2,0.0,2026
824542,2026-09-27,145,CWS,1,115,COL,1,3,3,0.0,2026
823893,2026-03-27,146,MIA,1,115,COL,0,1,1,0.0,2026
823892,2026-03-28,146,MIA,1,115,COL,1,2,2,0.0,2026
823891,2026-03-29,146,MIA,1,115,COL,1,3,3,0.0,2026
823890,2026-03-30,146,MIA,1,145,CWS,1,4,1,0.0,2026
823888,2026-03-31,146,MIA,1,145,CWS,1,5,2,0.0,2026
823889,2026-04-01,146,MIA,1,145,CWS,1,6,3,0.0,2026
823568,2026-04-03,146,MIA,0,147,NYY,2,-1,1,1100.8862542043641,2026
823569,2026-04-04,146,MIA,0,147,NYY,1,-2,2,0.0,2026
823566,2026-04-05,146,MIA,0,147,NYY,1,-3,3,0.0,2026
823886,2026-04-06,146,MIA,1,113,CIN,1,1,1,1100.8862542043641,2026
823887,2026-04-07,146,MIA,1,113,CIN,1,2,2,0.0,2026
823885,2026-04-08,146,MIA,1,113,CIN,1,3,3,0.0,2026
823884,2026-04-09,146,MIA,1,113,CIN,1,4,4,0.0,2026
824297,2026-04-10,146,MIA,0,116,DET,1,-1,1,1155.530357030567,2026
824294,2026-04-11,146,MIA,0,116,DET,1,-2,2,0.0,2026
824293,2026-04-12,146,MIA,0,116,DET,1,-3,3,0.0,2026
824937,2026-04-13,146,MIA,0,144,ATL,1,-4,1,588.8013172467564,2026
824935,2026-04-14,146,MIA,0,144,ATL,1,-5,2,0.0,2026
824936,2026-04-15,146,MIA,0,144,ATL,1,-6,3,0.0,2026
823883,2026-04-17,146,MIA,1,158,MIL,2,1,1,615.50817708501,2026
823882,2026-04-18,146,MIA,1,158,MIL,1,2,2,0.0,2026
823881,2026-04-19,146,MIA,1,158,MIL,1,3,3,0.0,2026
823879,2026-04-20,146,MIA,1,138,STL,1,4,1,0.0,2026
823880,2026-04-21,146,MIA,1,138,STL,1,5,2,0.0,2026
823878,2026-04-22,146,MIA,1,138,STL,1,6,3,0.0,2026
823232,2026-04-25,146,MIA,0,137,SF,3,-1,1,2587.455596996607,2026
823229,2026-04-25,146,MIA,0,137,SF,0,-2,2,0.0,2026
823230,2026-04-26,146,MIA,0,137,SF,1,-3,3,0.0,2026
823961,2026-04-28,146,MIA,0,119,LAD,2,-4,1,345.5052646422354,2026
823958,2026-04-29,146,MIA,0,119,LAD,1,-5,2,0.0,2026
823956,2026-04-29,146,MIA,0,119,LAD,0,-6,3,0.0,2026
823877,2026-05-01,146,MIA,1,143,PHI,2,1,1,2333.5805728602445,2026
823876,2026-05-02,146,MIA,1,143,PHI,1,2,2,0.0,2026
823875,2026-05-03,146,MIA,1,143,PHI,1,3,3,0.0,2026
823874,2026-05-04,146,MIA,1,143,PHI,1,4,4,0.0,2026
823873,2026-05-05,146,MIA,1,110,BAL,1,5,1,0.0,2026
823872,2026-05-06,146,MIA,1,110,BAL,1,6,2,0.0,2026
823870,2026-05-07,146,MIA,1,110,BAL,1,7,3,0.0,2026
823871,2026-05-08,146,MIA,1,120,WSH,1,8,1,0.0,2026
823869,2026-05-09,146,MIA,1,120,WSH,1,9,2,0.0,2026
823868,2026-05-10,146,MIA,1,120,WSH,1,10,3,0.0,2026
823712,2026-05-12,146,MIA,0,142,MIN,2,-1,1,1512.7164311689035,2026
823710,2026-05-13,146,MIA,0,142,MIN,1,-2,2,0.0,2026
823709,2026-05-14,146,MIA,0,142,MIN,1,-3,3,0.0,2026
822983,2026-05-15,146,MIA,0,139,TB,1,-4,1,1325.4285844846306,2026
822981,2026-05-16,146,MIA,0,139,TB,1,-5,2,0.0,2026
822982,2026-05-17,146,MIA,0,139,TB,1,-6,3,0.0,2026
823867,2026-05-18,146,MIA,1,144,ATL,1,1,1,203.5855811594844,2026
823865,2026-05-19,146,MIA,1,144,ATL,1,2,2,0.0,2026
823866,2026-05-20,146,MIA,1,144,ATL,1,3,3,0.0,2026
823864,2026-05-21,146,MIA,1,144,ATL,1,4,4,0.0,2026
823863,2026-05-22,146,MIA,1,121,NYM,1,5,1,0.0,2026
823862,2026-05-23,146,MIA,1,121,NYM,1,6,2,0.0,2026
823861,2026-05-24,146,MIA,1,121,NYM,1,7,3,0.0,2026
822812,2026-05-25,146,MIA,0,141,TOR,1,-1,1,1235.193689499836,2026
822811,2026-05-26,146,MIA,0,141,TOR,1,-2,2,0.0,2026
822809,2026-05-27,146,MIA,0,141,TOR,1,-3,3,0.0,2026
823623,2026-05-29,146,MIA,0,121,NYM,2,-4,1,346.6363887095845,2026
823622,2026-05-30,146,MIA,0,121,NYM,1,-5,2,0.0,2026
823621,2026-05-31,146,MIA,0,121,NYM,1,-6,3,0.0,2026
822730,2026-06-01,146,MIA,0,120,WSH,1,-7,1,212.3563770011718,2026
822728,2026-06-02,146,MIA,0,120,WSH,1,-8,2,0.0,2026
822727,2026-06-03,146,MIA,0,120,WSH,1,-9,3,0.0,2026
823860,2026-06-05,146,MIA,1,139,TB,2,1,1,923.8773279819753,2026
823859,2026-06-06,146,MIA,1,139,TB,1,2,2,0.0,2026
823857,2026-06-07,146,MIA,1,139,TB,1,3,3,0.0,2026
823858,2026-06-09,146,MIA,1,109,ARI,2,4,1,0.0,2026
823856,2026-06-10,146,MIA,1,109,ARI,1,5,2,0.0,2026
823855,2026-06-11,146,MIA,1,109,ARI,1,6,3,0.0,2026
823370,2026-06-12,146,MIA,0,134,PIT,1,-1,1,1013.6533818001047,2026
823369,2026-06-13,146,MIA,0,134,PIT,1,-2,2,0.0,2026
823368,2026-06-14,146,MIA,0,134,PIT,1,-3,3,0.0,2026
823452,2026-06-15,146,MIA,0,143,PHI,1,-4,1,258.1684392529645,2026
823451,2026-06-16,146,MIA,0,143,PHI,1,-5,2,0.0,2026
823450,2026-06-17,146,MIA,0,143,PHI,1,-6,3,0.0,2026
823853,2026-06-19,146,MIA,1,137,SF,2,1,1,1018.8446832841317,2026
823854,2026-06-20,146,MIA,1,137,SF,1,2,2,0.0,2026
823852,2026-06-21,146,MIA,1,137,SF,1,3,3,0.0,2026
823851,2026-06-22,146,MIA,1,140,TEX,1,4,1,0.0,2026
823849,2026-06-23,146,MIA,1,140,TEX,1,5,2,0.0,2026
823850,2026-06-24,146,MIA,1,140,TEX,1,6,3,0.0,2026
823039,2026-06-27,146,MIA,0,138,STL,3,-1,1,1060.3584631013382,2026
823038,2026-06-27,146,MIA,0,138,STL,0,-2,2,0.0,2026
823037,2026-06-28,146,MIA,0,138,STL,1,-3,3,0.0,2026
824339,2026-06-30,146,MIA,0,115,COL,2,-4,1,795.6297379917951,2026
824338,2026-07-01,146,MIA,0,115,COL,1,-5,2,0.0,2026
824337,2026-07-02,146,MIA,0,115,COL,1,-6,3,0.0,2026
824335,2026-07-02,146,MIA,0,115,COL,0,-7,4,0.0,2026
824982,2026-07-04,146,MIA,0,133,OAK,2,-8,1,935.9586291857619,2026
824980,2026-07-05,146,MIA,0,133,OAK,1,-9,2,0.0,2026
824983,2026-07-05,146,MIA,0,133,OAK,0,-10,3,0.0,2026
823847,2026-07-07,146,MIA,1,136,SEA,2,1,1,2577.0014954365984,2026
823848,2026-07-08,146,MIA,1,136,SEA,1,2,2,0.0,2026
823846,2026-07-09,146,MIA,1,136,SEA,1,3,3,0.0,2026
823845,2026-07-10,146,MIA,1,114,CLE,1,4,1,0.0,2026
823844,2026-07-11,146,MIA,1,114,CLE,1,5,2,0.0,2026
823842,2026-07-12,146,MIA,1,114,CLE,1,6,3,0.0,2026
823766,2026-07-17,146,MIA,0,158,MIL,5,-1,1,1269.7716502102464,2026
823763,2026-07-18,146,MIA,0,158,MIL,1,-2,2,0.0,2026
823764,2026-07-19,146,MIA,0,158,MIL,1,-3,3,0.0,2026
824167,2026-07-21,146,MIA,0,117,HOU,2,-4,1,1003.7248757818593,2026
824165,2026-07-22,146,MIA,0,117,HOU,1,-5,2,0.0,2026
824166,2026-07-23,146,MIA,0,117,HOU,1,-6,3,0.0,2026
823843,2026-07-24,146,MIA,1,135,SD,1,1,1,964.5038276054531,2026
823841,2026-07-25,146,MIA,1,135,SD,1,2,2,0.0,2026
823840,2026-07-26,146,MIA,1,135,SD,1,3,3,0.0,2026
823839,2026-07-27,146,MIA,1,143,PHI,1,4,1,0.0,2026
823838,2026-07-28,146,MIA,1,143,PHI,1,5,2,0.0,2026
823837,2026-07-29,146,MIA,1,143,PHI,1,6,3,0.0,2026
823595,2026-07-30,146,MIA,0,121,NYM,1,-1,1,1097.7414335980382,2026
823593,2026-07-31,146,MIA,0,121,NYM,1,-2,2,0.0,2026
823594,2026-08-01,146,MIA,0,121,NYM,1,-3,3,0.0,2026
823592,2026-08-02,146,MIA,0,121,NYM,1,-4,4,0.0,2026
824888,2026-08-04,146,MIA,0,144,ATL,2,-5,1,751.1805618659844,2026
824889,2026-08-05,146,MIA,0,144,ATL,1,-6,2,0.0,2026
824885,2026-08-06,146,MIA,0,144,ATL,1,-7,3,0.0,2026
823836,2026-08-07,146,MIA,1,108,LAA,1,1,1,615.50817708501,2026
823834,2026-08-08,146,MIA,1,108,LAA,1,2,2,0.0,2026
823835,2026-08-09,146,MIA,1,108,LAA,1,3,3,0.0,2026
823832,2026-08-11,146,MIA,1,134,PIT,2,4,1,0.0,2026
823833,2026-08-12,146,MIA,1,134,PIT,1,5,2,0.0,2026
823829,2026-08-13,146,MIA,1,134,PIT,1,6,3,0.0,2026
824479,2026-08-14,146,MIA,0,113,CIN,1,-1,1,953.4072522903118,2026
824480,2026-08-15,146,MIA,0,113,CIN,1,-2,2,0.0,2026
824477,2026-08-16,146,MIA,0,113,CIN,1,-3,3,0.0,2026
823427,2026-08-17,146,MIA,0,143,PHI,1,-4,1,500.9471415614062,2026
823423,2026-08-18,146,MIA,0,143,PHI,1,-5,2,0.0,2026
823424,2026-08-19,146,MIA,0,143,PHI,1,-6,3,0.0,2026
823830,2026-08-21,146,MIA,1,120,WSH,2,1,1,1018.8446832841317,2026
823831,2026-08-22,146,MIA,1,120,WSH,1,2,2,0.0,2026
823827,2026-08-23,146,MIA,1,120,WSH,1,3,3,0.0,2026
823828,2026-08-24,146,MIA,1,111,BOS,1,4,1,0.0,2026
823826,2026-08-25,146,MIA,1,111,BOS,1,5,2,0.0,2026
823825,2026-08-26,146,MIA,1,111,BOS,1,6,3,0.0,2026
822691,2026-08-28,146,MIA,0,120,WSH,2,-1,1,923.8773279819753,2026
822690,2026-08-29,146,MIA,0,120,WSH,1,-2,2,0.0,2026
822688,2026-08-30,146,MIA,0,120,WSH,1,-3,3,0.0,2026
822689,2026-08-31,146,MIA,0,120,WSH,1,-4,4,0.0,2026
824070,2026-09-01,146,MIA,0,118,KC,1,-5,1,937.4091115021555,2026
824068,2026-09-02,146,MIA,0,118,KC,1,-6,2,0.0,2026
824069,2026-09-03,146,MIA,0,118,KC,1,-7,3,0.0,2026
823824,2026-09-04,146,MIA,1,112,CHC,1,1,1,1235.0191699656941,2026
823823,2026-09-05,146,MIA,1,112,CHC,1,2,2,0.0,2026
823822,2026-09-06,146,MIA,1,112,CHC,1,3,3,0.0,2026
823820,2026-09-07,146,MIA,1,121,NYM,1,4,1,0.0,2026
823821,2026-09-08,146,MIA,1,121,NYM,1,5,2,0.0,2026
823818,2026-09-09,146,MIA,1,121,NYM,1,6,3,0.0,2026
823817,2026-09-11,146,MIA,1,119,LAD,2,7,1,0.0,2026
823819,2026-09-12,146,MIA,1,119,LAD,1,8,2,0.0,2026
823815,2026-09-13,146,MIA,1,119,LAD,1,9,3,0.0,2026
825034,2026-09-15,146,MIA,0,109,ARI,2,-1,1,1976.4824704501402,2026
825030,2026-09-16,146,MIA,0,109,ARI,1,-2,2,0.0,2026
825031,2026-09-17,146,MIA,0,109,ARI,1,-3,3,0.0,2026
823252,2026-09-19,146,MIA,0,135,SD,2,-4,1,299.07000924838377,2026
823249,2026-09-20,146,MIA,0,135,SD,1,-5,2,0.0,2026
823247,2026-09-20,146,MIA,0,135,SD,0,-6,3,0.0,2026
824624,2026-09-22,146,MIA,0,112,CHC,2,-7,1,1731.4493412522409,2026
824625,2026-09-23,146,MIA,0,112,CHC,1,-8,2,0.0,2026
824623,2026-09-24,146,MIA,0,112,CHC,1,-9,3,0.0,2026
823816,2026-09-25,146,MIA,1,144,ATL,1,1,1,1194.7816200111963,2026
823813,2026-09-26,146,MIA,1,144,ATL,1,2,2,0.0,2026
823814,2026-09-27,146,MIA,1,144,ATL,1,3,3,0.0,2026
823244,2026-03-26,147,NYY,0,137,SF,0,-1,1,2566.6887885506762,2026
823243,2026-03-27,147,NYY,0,137,SF,1,-2,2,0.0,2026
823241,2026-03-28,147,NYY,0,137,SF,1,-3,3,0.0,2026
823159,2026-03-31,147,NYY,0,136,SEA,3,-4,1,678.0468674235019,2026
823158,2026-04-01,147,NYY,0,136,SEA,1,-5,2,0.0,2026
823157,2026-04-01,147,NYY,0,136,SEA,0,-6,3,0.0,2026
823568,2026-04-03,147,NYY,1,146,MIA,2,1,1,2402.134394397607,2026
823569,2026-04-04,147,NYY,1,146,MIA,1,2,2,0.0,2026
823566,2026-04-05,147,NYY,1,146,MIA,1,3,3,0.0,2026
823567,2026-04-07,147,NYY,1,133,OAK,2,4,1,0.0,2026
823564,2026-04-08,147,NYY,1,133,OAK,1,5,2,0.0,2026
823565,2026-04-09,147,NYY,1,133,OAK,1,6,3,0.0,2026
822997,2026-04-10,147,NYY,0,139,TB,1,-1,1,1029.5381159096478,2026
822996,2026-04-11,147,NYY,0,139,TB,1,-2,2,0.0,2026
822998,2026-04-12,147,NYY,0,139,TB,1,-3,3,0.0,2026
823563,2026-04-13,147,NYY,1,108,LAA,1,1,1,1029.5381159096478,2026
823562,2026-04-14,147,NYY,1,108,LAA,1,2,2,0.0,2026
823561,2026-04-15,147,NYY,1,108,LAA,1,3,3,0.0,2026
823560,2026-04-16,147,NYY,1,108,LAA,1,4,4,0.0,2026
823559,2026-04-17,147,NYY,1,118,KC,1,5,1,0.0,2026
823558,2026-04-18,147,NYY,1,118,KC,1,6,2,0.0,2026
823556,2026-04-19,147,NYY,1,118,KC,1,7,3,0.0,2026
824773,2026-04-21,147,NYY,0,111,BOS,2,-1,1,179.88456828974768,2026
824774,2026-04-22,147,NYY,0,111,BOS,1,-2,2,0.0,2026
824770,2026-04-23,147,NYY,0,111,BOS,1,-3,3,0.0,2026
824204,2026-04-25,147,NYY,0,117,HOU,2,-4,1,1601.3745489627004,2026
824203,2026-04-25,147,NYY,0,117,HOU,0,-5,2,0.0,2026
824202,2026-04-26,147,NYY,0,117,HOU,1,-6,3,0.0,2026
822906,2026-04-28,147,NYY,0,140,TEX,2,-7,1,230.66355960201378,2026
822907,2026-04-29,147,NYY,0,140,TEX,1,-8,2,0.0,2026
822908,2026-04-29,147,NYY,0,140,TEX,0,-9,3,0.0,2026
823557,2026-05-01,147,NYY,1,110,BAL,2,1,1,1392.1915186769138,2026
823554,2026-05-02,147,NYY,1,110,BAL,1,2,2,0.0,2026
823555,2026-05-03,147,NYY,1,110,BAL,1,3,3,0.0,2026
823552,2026-05-04,147,NYY,1,110,BAL,1,4,4,0.0,2026
823553,2026-05-05,147,NYY,1,140,TEX,1,5,1,0.0,2026
823550,2026-05-06,147,NYY,1,140,TEX,1,6,2,0.0,2026
823551,2026-05-07,147,NYY,1,140,TEX,1,7,3,0.0,2026
823794,2026-05-08,147,NYY,0,158,MIL,1,-1,1,736.8762860400252,2026
823792,2026-05-09,147,NYY,0,158,MIL,1,-2,2,0.0,2026
823793,2026-05-10,147,NYY,0,158,MIL,1,-3,3,0.0,2026
824844,2026-05-11,147,NYY,0,110,BAL,1,-4,1,643.9453251330319,2026
824843,2026-05-12,147,NYY,0,110,BAL,1,-5,2,0.0,2026
824841,2026-05-13,147,NYY,0,110,BAL,1,-6,3,0.0,2026
823629,2026-05-15,147,NYY,0,121,NYM,2,-7,1,178.7068782315623,2026
823627,2026-05-16,147,NYY,0,121,NYM,1,-8,2,0.0,2026
823628,2026-05-17,147,NYY,0,121,NYM,1,-9,3,0.0,2026
823549,2026-05-18,147,NYY,1,141,TOR,1,1,1,6.541035356047549,2026
823548,2026-05-19,147,NYY,1,141,TOR,1,2,2,0.0,2026
823547,2026-05-20,147,NYY,1,141,TOR,1,3,3,0.0,2026
823545,2026-05-21,147,NYY,1,141,TOR,1,4,4,0.0,2026
823546,2026-05-22,147,NYY,1,139,TB,1,5,1,0.0,2026
823544,2026-05-24,147,NYY,1,139,TB,1,7,3,0.0,2026
824107,2026-05-25,147,NYY,0,118,KC,1,-1,1,1093.2758575684966,2026
824106,2026-05-26,147,NYY,0,118,KC,1,-2,2,0.0,2026
824104,2026-05-27,147,NYY,0,118,KC,1,-3,3,0.0,2026
825002,2026-05-30,147,NYY,0,133,OAK,3,-4,1,1497.929836668995,2026
825000,2026-05-31,147,NYY,0,133,OAK,1,-5,2,0.0,2026
825001,2026-05-31,147,NYY,0,133,OAK,0,-6,3,0.0,2026
823541,2026-06-02,147,NYY,1,114,CLE,2,1,1,2557.66201940974,2026
823540,2026-06-03,147,NYY,1,114,CLE,1,2,2,0.0,2026
823542,2026-06-04,147,NYY,1,114,CLE,1,3,3,0.0,2026
823538,2026-06-05,147,NYY,1,111,BOS,1,4,1,0.0,2026
823539,2026-06-06,147,NYY,1,111,BOS,1,5,2,0.0,2026
823537,2026-06-07,147,NYY,1,111,BOS,1,6,3,0.0,2026
824427,2026-06-08,147,NYY,0,114,CLE,1,-1,1,406.0987517437095,2026
824429,2026-06-09,147,NYY,0,114,CLE,1,-2,2,0.0,2026
824428,2026-06-10,147,NYY,0,114,CLE,1,-3,3,0.0,2026
822803,2026-06-12,147,NYY,0,141,TOR,2,-4,1,188.71684847115282,2026
822802,2026-06-13,147,NYY,0,141,TOR,1,-5,2,0.0,2026
822801,2026-06-14,147,NYY,0,141,TOR,1,-6,3,0.0,2026
823535,2026-06-16,147,NYY,1,145,CWS,2,1,1,340.2685304486618,2026
823536,2026-06-17,147,NYY,1,145,CWS,1,2,2,0.0,2026
823533,2026-06-18,147,NYY,1,145,CWS,1,3,3,0.0,2026
823534,2026-06-19,147,NYY,1,113,CIN,1,4,1,0.0,2026
823532,2026-06-20,147,NYY,1,113,CIN,1,5,2,0.0,2026
823531,2026-06-21,147,NYY,1,113,CIN,1,6,3,0.0,2026
824261,2026-06-22,147,NYY,0,116,DET,1,-1,1,482.6121717715705,2026
824262,2026-06-23,147,NYY,0,116,DET,1,-2,2,0.0,2026
824259,2026-06-24,147,NYY,0,116,DET,1,-3,3,0.0,2026
824747,2026-06-25,147,NYY,0,111,BOS,1,-4,1,609.8730788976414,2026
824743,2026-06-26,147,NYY,0,111,BOS,1,-5,2,0.0,2026
824745,2026-06-27,147,NYY,0,111,BOS,1,-6,3,0.0,2026
824744,2026-06-28,147,NYY,0,111,BOS,1,-7,4,0.0,2026
823529,2026-06-29,147,NYY,1,116,DET,1,1,1,179.88456828974768,2026
823528,2026-06-30,147,NYY,1,116,DET,1,2,2,0.0,2026
823530,2026-07-01,147,NYY,1,116,DET,1,3,3,0.0,2026
823527,2026-07-03,147,NYY,1,142,MIN,2,4,1,0.0,2026
823526,2026-07-04,147,NYY,1,142,MIN,1,5,2,0.0,2026
823525,2026-07-05,147,NYY,1,142,MIN,1,6,3,0.0,2026
822958,2026-07-06,147,NYY,0,139,TB,1,-1,1,1029.5381159096478,2026
822956,2026-07-07,147,NYY,0,139,TB,1,-2,2,0.0,2026
822957,2026-07-08,147,NYY,0,139,TB,1,-3,3,0.0,2026
822954,2026-07-09,147,NYY,0,139,TB,1,-4,4,0.0,2026
822709,2026-07-10,147,NYY,0,120,WSH,1,-5,1,833.2111191732948,2026
822711,2026-07-11,147,NYY,0,120,WSH,1,-6,2,0.0,2026
822708,2026-07-12,147,NYY,0,120,WSH,1,-7,3,0.0,2026
823524,2026-07-17,147,NYY,1,119,LAD,5,1,1,212.0912051760551,2026
823523,2026-07-19,147,NYY,1,119,LAD,2,2,2,0.0,2026
823521,2026-07-19,147,NYY,1,119,LAD,0,3,3,0.0,2026
823522,2026-07-20,147,NYY,1,134,PIT,1,4,1,0.0,2026
823519,2026-07-21,147,NYY,1,134,PIT,1,5,2,0.0,2026
823518,2026-07-22,147,NYY,1,134,PIT,1,6,3,0.0,2026
823434,2026-07-24,147,NYY,0,143,PHI,2,-1,1,91.29714579232771,2026
823435,2026-07-25,147,NYY,0,143,PHI,1,-2,2,0.0,2026
823433,2026-07-26,147,NYY,0,143,PHI,1,-3,3,0.0,2026
824570,2026-07-27,147,NYY,0,145,CWS,1,-4,1,664.2387944369237,2026
824569,2026-07-28,147,NYY,0,145,CWS,1,-5,2,0.0,2026
824567,2026-07-29,147,NYY,0,145,CWS,1,-6,3,0.0,2026
824568,2026-07-30,147,NYY,0,145,CWS,1,-7,4,0.0,2026
824651,2026-07-31,147,NYY,0,112,CHC,1,-8,1,8.262413783057372,2026
824649,2026-08-01,147,NYY,0,112,CHC,1,-9,2,0.0,2026
824648,2026-08-02,147,NYY,0,112,CHC,1,-10,3,0.0,2026
823520,2026-08-03,147,NYY,1,138,STL,1,1,1,715.1181609325873,2026
823517,2026-08-04,147,NYY,1,138,STL,1,2,2,0.0,2026
823516,2026-08-05,147,NYY,1,138,STL,1,3,3,0.0,2026
823515,2026-08-07,147,NYY,1,144,ATL,2,4,1,0.0,2026
823514,2026-08-08,147,NYY,1,144,ATL,1,5,2,0.0,2026
823513,2026-08-09,147,NYY,1,144,ATL,1,6,3,0.0,2026
823512,2026-08-11,147,NYY,1,136,SEA,2,7,1,0.0,2026
823511,2026-08-12,147,NYY,1,136,SEA,1,8,2,0.0,2026
823508,2026-08-13,147,NYY,1,136,SEA,1,9,3,0.0,2026
822777,2026-08-14,147,NYY,0,141,TOR,1,-1,1,340.2685304486618,2026
822775,2026-08-15,147,NYY,0,141,TOR,1,-2,2,0.0,2026
822774,2026-08-16,147,NYY,0,141,TOR,1,-3,3,0.0,2026
824803,2026-08-18,147,NYY,0,110,BAL,2,-4,1,333.41200779259856,2026
824801,2026-08-19,147,NYY,0,110,BAL,1,-5,2,0.0,2026
824802,2026-08-20,147,NYY,0,110,BAL,1,-6,3,0.0,2026
823510,2026-08-21,147,NYY,1,141,TOR,1,1,1,178.12306591164185,2026
823509,2026-08-22,147,NYY,1,141,TOR,1,2,2,0.0,2026
823507,2026-08-23,147,NYY,1,141,TOR,1,3,3,0.0,2026
823505,2026-08-25,147,NYY,1,117,HOU,2,4,1,0.0,2026
823506,2026-08-26,147,NYY,1,117,HOU,1,5,2,0.0,2026
823503,2026-08-27,147,NYY,1,117,HOU,1,6,3,0.0,2026
823504,2026-08-28,147,NYY,1,111,BOS,1,7,1,0.0,2026
823501,2026-08-29,147,NYY,1,111,BOS,1,8,2,0.0,2026
823502,2026-08-30,147,NYY,1,111,BOS,1,9,3,0.0,2026
823982,2026-09-01,147,NYY,0,108,LAA,2,-1,1,2437.723840222542,2026
823984,2026-09-02,147,NYY,0,108,LAA,1,-2,2,0.0,2026
823983,2026-09-03,147,NYY,0,108,LAA,1,-3,3,0.0,2026
823256,2026-09-05,147,NYY,0,135,SD,2,-4,1,86.36512380343024,2026
823253,2026-09-06,147,NYY,0,135,SD,1,-5,2,0.0,2026
823257,2026-09-06,147,NYY,0,135,SD,0,-6,3,0.0,2026
823500,2026-09-08,147,NYY,1,115,COL,2,1,1,2432.0312158214006,2026
823497,2026-09-09,147,NYY,1,115,COL,1,2,2,0.0,2026
823499,2026-09-10,147,NYY,1,115,COL,1,3,3,0.0,2026
823498,2026-09-11,147,NYY,1,121,NYM,1,4,1,0.0,2026
823496,2026-09-12,147,NYY,1,121,NYM,1,5,2,0.0,2026
823495,2026-09-13,147,NYY,1,121,NYM,1,6,3,0.0,2026
823656,2026-09-14,147,NYY,0,142,MIN,1,-1,1,1017.7624974211766,2026
823654,2026-09-15,147,NYY,0,142,MIN,1,-2,2,0.0,2026
823655,2026-09-16,147,NYY,0,142,MIN,1,-3,3,0.0,2026
825032,2026-09-19,147,NYY,0,109,ARI,3,-4,1,1278.017730052948,2026
825029,2026-09-20,147,NYY,0,109,ARI,1,-5,2,0.0,2026
825028,2026-09-20,147,NYY,0,109,ARI,0,-6,3,0.0,2026
823543,2026-09-22,147,NYY,1,139,TB,2,1,1,2144.0075016100773,2026
823494,2026-09-22,147,NYY,1,139,TB,0,2,2,0.0,2026
823492,2026-09-23,147,NYY,1,139,TB,1,3,3,0.0,2026
823493,2026-09-24,147,NYY,1,139,TB,1,4,4,0.0,2026
823491,2026-09-25,147,NYY,1,110,BAL,1,5,1,0.0,2026
823489,2026-09-26,147,NYY,1,110,BAL,1,6,2,0.0,2026
823490,2026-09-27,147,NYY,1,110,BAL,1,7,3,0.0,2026
823812,2026-03-26,158,MIL,1,145,CWS,0,1,1,0.0,2026
823811,2026-03-28,158,MIL,1,145,CWS,2,2,2,0.0,2026
823810,2026-03-29,158,MIL,1,145,CWS,1,3,3,0.0,2026
823809,2026-03-30,158,MIL,1,139,TB,1,4,1,0.0,2026
823807,2026-03-31,158,MIL,1,139,TB,1,5,2,0.0,2026
823806,2026-04-01,158,MIL,1,139,TB,1,6,3,0.0,2026
824132,2026-04-04,158,MIL,0,118,KC,1,-2,2,0.0,2026
824134,2026-04-04,158,MIL,0,118,KC,0,-3,3,0.0,2026
824131,2026-04-05,158,MIL,0,118,KC,1,-4,4,0.0,2026
824783,2026-04-06,158,MIL,0,111,BOS,1,-5,1,1241.802604380426,2026
824780,2026-04-07,158,MIL,0,111,BOS,1,-6,2,0.0,2026
824779,2026-04-08,158,MIL,0,111,BOS,1,-7,3,0.0,2026
823808,2026-04-10,158,MIL,1,120,WSH,2,1,1,856.8965719703916,2026
823805,2026-04-11,158,MIL,1,120,WSH,1,2,2,0.0,2026
823804,2026-04-12,158,MIL,1,120,WSH,1,3,3,0.0,2026
823802,2026-04-14,158,MIL,1,141,TOR,2,4,1,0.0,2026
823803,2026-04-15,158,MIL,1,141,TOR,1,5,2,0.0,2026
823801,2026-04-16,158,MIL,1,141,TOR,1,6,3,0.0,2026
823883,2026-04-17,158,MIL,0,146,MIA,1,-1,1,1269.7716502102464,2026
823882,2026-04-18,158,MIL,0,146,MIA,1,-2,2,0.0,2026
823881,2026-04-19,158,MIL,0,146,MIA,1,-3,3,0.0,2026
824290,2026-04-21,158,MIL,0,116,DET,2,-4,1,1155.530357030567,2026
824286,2026-04-22,158,MIL,0,116,DET,1,-5,2,0.0,2026
824288,2026-04-23,158,MIL,0,116,DET,1,-6,3,0.0,2026
823800,2026-04-24,158,MIL,1,134,PIT,1,1,1,254.49710853928843,2026
823799,2026-04-25,158,MIL,1,134,PIT,1,2,2,0.0,2026
823797,2026-04-26,158,MIL,1,134,PIT,1,3,3,0.0,2026
823798,2026-04-28,158,MIL,1,109,ARI,2,4,1,0.0,2026
823796,2026-04-29,158,MIL,1,109,ARI,1,5,2,0.0,2026
823795,2026-04-30,158,MIL,1,109,ARI,1,6,3,0.0,2026
822744,2026-05-01,158,MIL,0,120,WSH,1,-1,1,639.4643273379048,2026
822746,2026-05-02,158,MIL,0,120,WSH,1,-2,2,0.0,2026
822742,2026-05-03,158,MIL,0,120,WSH,1,-3,3,0.0,2026
823064,2026-05-04,158,MIL,0,138,STL,1,-4,1,710.1515945615764,2026
823063,2026-05-06,158,MIL,0,138,STL,1,-6,3,0.0,2026
823794,2026-05-08,158,MIL,1,147,NYY,2,1,1,325.7786649185398,2026
823792,2026-05-09,158,MIL,1,147,NYY,1,2,2,0.0,2026
823793,2026-05-10,158,MIL,1,147,NYY,1,3,3,0.0,2026
823790,2026-05-12,158,MIL,1,135,SD,2,4,1,0.0,2026
823791,2026-05-13,158,MIL,1,135,SD,1,5,2,0.0,2026
823789,2026-05-14,158,MIL,1,135,SD,1,6,3,0.0,2026
823707,2026-05-15,158,MIL,0,142,MIN,1,-1,1,296.19869216933046,2026
823706,2026-05-16,158,MIL,0,142,MIN,1,-2,2,0.0,2026
823708,2026-05-17,158,MIL,0,142,MIN,1,-3,3,0.0,2026
824680,2026-05-18,158,MIL,0,112,CHC,1,-4,1,351.19627848712736,2026
824677,2026-05-19,158,MIL,0,112,CHC,1,-5,2,0.0,2026
824678,2026-05-20,158,MIL,0,112,CHC,1,-6,3,0.0,2026
823788,2026-05-22,158,MIL,1,119,LAD,2,1,1,76.31439882124853,2026
823787,2026-05-23,158,MIL,1,119,LAD,1,2,2,0.0,2026
823786,2026-05-24,158,MIL,1,119,LAD,1,3,3,0.0,2026
823784,2026-05-25,158,MIL,1,138,STL,1,4,1,0.0,2026
823785,2026-05-26,158,MIL,1,138,STL,1,5,2,0.0,2026
823783,2026-05-27,158,MIL,1,138,STL,1,6,3,0.0,2026
824191,2026-05-30,158,MIL,0,117,HOU,3,-1,1,1003.7248757818593,2026
824190,2026-05-30,158,MIL,0,117,HOU,0,-2,2,0.0,2026
824187,2026-05-31,158,MIL,0,117,HOU,1,-3,3,0.0,2026
823781,2026-06-01,158,MIL,1,137,SF,1,1,1,1003.7248757818593,2026
823782,2026-06-02,158,MIL,1,137,SF,1,2,2,0.0,2026
823780,2026-06-03,158,MIL,1,137,SF,1,3,3,0.0,2026
823779,2026-06-04,158,MIL,1,137,SF,1,4,4,0.0,2026
824350,2026-06-06,158,MIL,0,115,COL,2,-1,1,909.1622358795455,2026
824351,2026-06-07,158,MIL,0,115,COL,1,-2,2,0.0,2026
824349,2026-06-07,158,MIL,0,115,COL,0,-3,3,0.0,2026
824998,2026-06-09,158,MIL,0,133,OAK,2,-4,1,935.9586291857619,2026
824999,2026-06-10,158,MIL,0,133,OAK,1,-5,2,0.0,2026
824996,2026-06-11,158,MIL,0,133,OAK,1,-6,3,0.0,2026
823778,2026-06-12,158,MIL,1,143,PHI,1,1,1,1824.7310880760674,2026
823776,2026-06-13,158,MIL,1,143,PHI,1,2,2,0.0,2026
823777,2026-06-14,158,MIL,1,143,PHI,1,3,3,0.0,2026
823775,2026-06-16,158,MIL,1,114,CLE,2,4,1,0.0,2026
823774,2026-06-17,158,MIL,1,114,CLE,1,5,2,0.0,2026
823772,2026-06-18,158,MIL,1,114,CLE,1,6,3,0.0,2026
824910,2026-06-19,158,MIL,0,144,ATL,1,-1,1,659.030112248539,2026
824909,2026-06-20,158,MIL,0,144,ATL,1,-2,2,0.0,2026
824908,2026-06-21,158,MIL,0,144,ATL,1,-3,3,0.0,2026
824502,2026-06-22,158,MIL,0,113,CIN,1,-4,1,359.8050212534856,2026
824501,2026-06-23,158,MIL,0,113,CIN,1,-5,2,0.0,2026
824500,2026-06-24,158,MIL,0,113,CIN,1,-6,3,0.0,2026
823773,2026-06-26,158,MIL,1,112,CHC,2,1,1,325.9595383372329,2026
823770,2026-06-27,158,MIL,1,112,CHC,1,2,2,0.0,2026
823769,2026-06-28,158,MIL,1,112,CHC,1,3,3,0.0,2026
823771,2026-06-29,158,MIL,1,113,CIN,1,4,1,0.0,2026
823768,2026-06-30,158,MIL,1,113,CIN,1,5,2,0.0,2026
823767,2026-07-02,158,MIL,1,113,CIN,2,6,3,0.0,2026
823765,2026-07-02,158,MIL,1,113,CIN,0,7,4,0.0,2026
825062,2026-07-04,158,MIL,0,109,ARI,2,-1,1,1458.5788896029478,2026
825063,2026-07-05,158,MIL,0,109,ARI,1,-2,2,0.0,2026
825061,2026-07-05,158,MIL,0,109,ARI,0,-3,3,0.0,2026
823036,2026-07-06,158,MIL,0,138,STL,1,-4,1,1270.0024589462362,2026
823035,2026-07-07,158,MIL,0,138,STL,1,-5,2,0.0,2026
823062,2026-07-07,158,MIL,0,138,STL,0,-6,3,0.0,2026
823032,2026-07-08,158,MIL,0,138,STL,1,-7,4,0.0,2026
823034,2026-07-09,158,MIL,0,138,STL,1,-8,5,0.0,2026
823357,2026-07-10,158,MIL,0,134,PIT,1,-9,1,556.9698942849304,2026
823356,2026-07-11,158,MIL,0,134,PIT,1,-10,2,0.0,2026
823358,2026-07-12,158,MIL,0,134,PIT,1,-11,3,0.0,2026
823766,2026-07-17,158,MIL,1,146,MIA,5,1,1,447.5172990364866,2026
823763,2026-07-18,158,MIL,1,146,MIA,1,2,2,0.0,2026
823764,2026-07-19,158,MIL,1,146,MIA,1,3,3,0.0,2026
823762,2026-07-20,158,MIL,1,121,NYM,1,4,1,0.0,2026
823760,2026-07-21,158,MIL,1,121,NYM,1,5,2,0.0,2026
823761,2026-07-22,158,MIL,1,121,NYM,1,6,3,0.0,2026
823759,2026-07-24,158,MIL,1,115,COL,2,7,1,0.0,2026
823758,2026-07-25,158,MIL,1,115,COL,1,8,2,0.0,2026
823755,2026-07-26,158,MIL,1,115,COL,1,9,3,0.0,2026
823195,2026-07-28,158,MIL,0,137,SF,2,-1,1,1833.5573982316243,2026
823193,2026-07-29,158,MIL,0,137,SF,1,-2,2,0.0,2026
823192,2026-07-29,158,MIL,0,137,SF,0,-3,3,0.0,2026
823999,2026-08-01,158,MIL,0,108,LAA,3,-4,1,373.21886529538057,2026
823996,2026-08-02,158,MIL,0,108,LAA,1,-5,2,0.0,2026
824000,2026-08-02,158,MIL,0,108,LAA,0,-6,3,0.0,2026
823757,2026-08-03,158,MIL,1,134,PIT,1,1,1,1728.9866303339395,2026
823756,2026-08-04,158,MIL,1,134,PIT,1,2,2,0.0,2026
823753,2026-08-05,158,MIL,1,134,PIT,1,3,3,0.0,2026
823754,2026-08-06,158,MIL,1,134,PIT,1,4,4,0.0,2026
823750,2026-08-07,158,MIL,1,142,MIN,1,5,1,0.0,2026
823752,2026-08-08,158,MIL,1,142,MIN,1,6,2,0.0,2026
823751,2026-08-09,158,MIL,1,142,MIN,1,7,3,0.0,2026
823265,2026-08-11,158,MIL,0,135,SD,2,-1,1,1732.8547359706142,2026
823263,2026-08-12,158,MIL,0,135,SD,1,-2,2,0.0,2026
823264,2026-08-12,158,MIL,0,135,SD,0,-3,3,0.0,2026
823915,2026-08-14,158,MIL,0,119,LAD,2,-4,1,113.20881075215142,2026
823913,2026-08-15,158,MIL,0,119,LAD,1,-5,2,0.0,2026
823914,2026-08-15,158,MIL,0,119,LAD,0,-6,3,0.0,2026
823912,2026-08-16,158,MIL,0,119,LAD,1,-7,4,0.0,2026
823749,2026-08-18,158,MIL,1,136,SEA,2,1,1,1737.1964859284558,2026
823748,2026-08-19,158,MIL,1,136,SEA,1,2,2,0.0,2026
823747,2026-08-20,158,MIL,1,136,SEA,1,3,3,0.0,2026
823746,2026-08-21,158,MIL,1,144,ATL,1,4,1,0.0,2026
823743,2026-08-22,158,MIL,1,144,ATL,1,5,2,0.0,2026
823745,2026-08-23,158,MIL,1,144,ATL,1,6,3,0.0,2026
823585,2026-08-25,158,MIL,0,121,NYM,2,-1,1,742.3438729688163,2026
823584,2026-08-26,158,MIL,0,121,NYM,1,-2,2,0.0,2026
823581,2026-08-27,158,MIL,0,121,NYM,1,-3,3,0.0,2026
823744,2026-08-28,158,MIL,1,140,TEX,1,1,1,742.3438729688163,2026
823741,2026-08-29,158,MIL,1,140,TEX,1,2,2,0.0,2026
823740,2026-08-30,158,MIL,1,140,TEX,1,3,3,0.0,2026
824635,2026-08-31,158,MIL,0,112,CHC,1,-1,1,76.31439882124853,2026
824633,2026-09-01,158,MIL,0,112,CHC,1,-2,2,0.0,2026
824634,2026-09-02,158,MIL,0,112,CHC,1,-3,3,0.0,2026
824632,2026-09-03,158,MIL,0,112,CHC,1,-4,4,0.0,2026
824471,2026-09-04,158,MIL,0,113,CIN,1,-5,1,257.0933763635692,2026
824468,2026-09-05,158,MIL,0,113,CIN,1,-6,2,0.0,2026
824469,2026-09-06,158,MIL,0,113,CIN,1,-7,3,0.0,2026
823742,2026-09-07,158,MIL,1,112,CHC,1,1,1,325.9595383372329,2026
823738,2026-09-08,158,MIL,1,112,CHC,1,2,2,0.0,2026
823739,2026-09-09,158,MIL,1,112,CHC,1,3,3,0.0,2026
823736,2026-09-11,158,MIL,1,113,CIN,2,4,1,0.0,2026
823737,2026-09-12,158,MIL,1,113,CIN,1,5,2,0.0,2026
823734,2026-09-13,158,MIL,1,113,CIN,1,6,3,0.0,2026
823333,2026-09-15,158,MIL,0,134,PIT,2,-1,1,447.5172990364866,2026
823332,2026-09-16,158,MIL,0,134,PIT,1,-2,2,0.0,2026
823334,2026-09-17,158,MIL,0,134,PIT,1,-3,3,0.0,2026
824790,2026-09-18,158,MIL,0,110,BAL,1,-4,1,196.62316008554197,2026
824788,2026-09-19,158,MIL,0,110,BAL,1,-5,2,0.0,2026
824789,2026-09-20,158,MIL,0,110,BAL,1,-6,3,0.0,2026
823412,2026-09-22,158,MIL,0,143,PHI,2,-7,1,88.61618494239067,2026
823410,2026-09-23,158,MIL,0,143,PHI,1,-8,2,0.0,2026
823411,2026-09-24,158,MIL,0,143,PHI,1,-9,3,0.0,2026
823735,2026-09-25,158,MIL,1,138,STL,1,1,1,696.3664086049965,2026
823733,2026-09-26,158,MIL,1,138,STL,1,2,2,0.0,2026
823731,2026-09-27,158,MIL,1,138,STL,1,3,3,0.0,2026
