game_pk,game_date,team_id,team,is_home,opp_team_id,opp_team,days_rest,home_away_streak,series_game_num,travel_miles,year
661042,2022-04-08,108,LAA,1,117,HOU,0,1,1,0.0,2022
661041,2022-04-09,108,LAA,1,117,HOU,1,2,2,0.0,2022
661040,2022-04-10,108,LAA,1,117,HOU,1,3,3,0.0,2022
661039,2022-04-10,108,LAA,1,117,HOU,0,4,4,0.0,2022
661036,2022-04-12,108,LAA,1,146,MIA,2,5,1,0.0,2022
661038,2022-04-12,108,LAA,1,146,MIA,0,6,2,0.0,2022
661993,2022-04-15,108,LAA,0,140,TEX,3,-1,1,1201.6984237735796,2022
661981,2022-04-16,108,LAA,0,140,TEX,1,-2,2,0.0,2022
662014,2022-04-16,108,LAA,0,140,TEX,0,-3,3,0.0,2022
662038,2022-04-17,108,LAA,0,140,TEX,1,-4,4,0.0,2022
662928,2022-04-19,108,LAA,0,117,HOU,2,-5,1,230.66355960201378,2022
662927,2022-04-20,108,LAA,0,117,HOU,1,-6,2,0.0,2022
662926,2022-04-20,108,LAA,0,117,HOU,0,-7,3,0.0,2022
661037,2022-04-23,108,LAA,1,110,BAL,3,1,1,1349.4753249039884,2022
661035,2022-04-24,108,LAA,1,110,BAL,1,2,2,0.0,2022
661033,2022-04-24,108,LAA,1,110,BAL,0,3,3,0.0,2022
661034,2022-04-26,108,LAA,1,114,CLE,2,4,1,0.0,2022
661032,2022-04-27,108,LAA,1,114,CLE,1,5,2,0.0,2022
663432,2022-04-28,108,LAA,1,114,CLE,1,6,3,0.0,2022
663439,2022-04-28,108,LAA,1,114,CLE,0,7,4,0.0,2022
661535,2022-04-29,108,LAA,0,145,CWS,1,-1,1,1731.3431702590296,2022
661534,2022-04-30,108,LAA,0,145,CWS,1,-2,2,0.0,2022
661531,2022-05-01,108,LAA,0,145,CWS,1,-3,3,0.0,2022
661526,2022-05-02,108,LAA,0,145,CWS,1,-4,4,0.0,2022
663237,2022-05-03,108,LAA,0,111,BOS,1,-5,1,847.3821391741471,2022
663248,2022-05-04,108,LAA,0,111,BOS,1,-6,2,0.0,2022
663227,2022-05-05,108,LAA,0,111,BOS,1,-7,3,0.0,2022
663431,2022-05-07,108,LAA,1,120,WSH,2,1,1,2578.6729683380804,2022
663429,2022-05-08,108,LAA,1,120,WSH,1,2,2,0.0,2022
663430,2022-05-08,108,LAA,1,120,WSH,0,3,3,0.0,2022
663438,2022-05-10,108,LAA,1,139,TB,2,4,1,0.0,2022
663416,2022-05-11,108,LAA,1,139,TB,1,5,2,0.0,2022
663450,2022-05-11,108,LAA,1,139,TB,0,6,3,0.0,2022
662381,2022-05-14,108,LAA,0,133,OAK,3,-1,1,364.7793033141838,2022
662379,2022-05-14,108,LAA,0,133,OAK,0,-2,2,0.0,2022
662399,2022-05-15,108,LAA,0,133,OAK,1,-3,3,0.0,2022
662380,2022-05-15,108,LAA,0,133,OAK,0,-4,4,0.0,2022
661145,2022-05-17,108,LAA,0,140,TEX,2,-5,1,1453.9867485388631,2022
661126,2022-05-18,108,LAA,0,140,TEX,1,-6,2,0.0,2022
661125,2022-05-19,108,LAA,0,140,TEX,1,-7,3,0.0,2022
663449,2022-05-21,108,LAA,1,133,OAK,2,1,1,1201.6984237735796,2022
663448,2022-05-22,108,LAA,1,133,OAK,1,2,2,0.0,2022
663447,2022-05-22,108,LAA,1,133,OAK,0,3,3,0.0,2022
663381,2022-05-25,108,LAA,1,140,TEX,3,4,1,0.0,2022
663446,2022-05-26,108,LAA,1,140,TEX,1,5,2,0.0,2022
663445,2022-05-27,108,LAA,1,141,TOR,1,6,1,0.0,2022
663444,2022-05-28,108,LAA,1,141,TOR,1,7,2,0.0,2022
663400,2022-05-29,108,LAA,1,141,TOR,1,8,3,0.0,2022
663414,2022-05-29,108,LAA,1,141,TOR,0,9,4,0.0,2022
661331,2022-05-31,108,LAA,0,147,NYY,2,-1,1,2437.723840222542,2022
661330,2022-06-02,108,LAA,0,147,NYY,1,-3,3,0.0,2022
661329,2022-06-02,108,LAA,0,147,NYY,0,-4,4,0.0,2022
661642,2022-06-03,108,LAA,0,143,PHI,1,-5,1,91.29714579232771,2022
661615,2022-06-04,108,LAA,0,143,PHI,1,-6,2,0.0,2022
661633,2022-06-05,108,LAA,0,143,PHI,1,-7,3,0.0,2022
663399,2022-06-07,108,LAA,1,111,BOS,2,1,1,2376.1543610675667,2022
663391,2022-06-08,108,LAA,1,111,BOS,1,2,2,0.0,2022
663398,2022-06-09,108,LAA,1,111,BOS,1,3,3,0.0,2022
663413,2022-06-10,108,LAA,1,111,BOS,1,4,4,0.0,2022
663390,2022-06-11,108,LAA,1,121,NYM,1,5,1,0.0,2022
663412,2022-06-12,108,LAA,1,121,NYM,1,6,2,0.0,2022
663397,2022-06-12,108,LAA,1,121,NYM,0,7,3,0.0,2022
662611,2022-06-15,108,LAA,0,119,LAD,3,-1,1,27.87381208188066,2022
662694,2022-06-16,108,LAA,0,119,LAD,1,-2,2,0.0,2022
662172,2022-06-17,108,LAA,0,136,SEA,1,-3,1,957.8545939923275,2022
662171,2022-06-18,108,LAA,0,136,SEA,1,-4,2,0.0,2022
662194,2022-06-18,108,LAA,0,136,SEA,0,-5,3,0.0,2022
662170,2022-06-19,108,LAA,0,136,SEA,1,-6,4,0.0,2022
662169,2022-06-19,108,LAA,0,136,SEA,0,-7,5,0.0,2022
663443,2022-06-21,108,LAA,1,118,KC,2,1,1,980.5935873257743,2022
663442,2022-06-22,108,LAA,1,118,KC,1,2,2,0.0,2022
663389,2022-06-23,108,LAA,1,118,KC,1,3,3,0.0,2022
663388,2022-06-25,108,LAA,1,136,SEA,2,4,1,0.0,2022
663441,2022-06-26,108,LAA,1,136,SEA,1,5,2,0.0,2022
663387,2022-06-26,108,LAA,1,136,SEA,0,6,3,0.0,2022
663440,2022-06-28,108,LAA,1,145,CWS,2,7,1,0.0,2022
663392,2022-06-29,108,LAA,1,145,CWS,1,8,2,0.0,2022
663396,2022-06-30,108,LAA,1,145,CWS,1,9,3,0.0,2022
662748,2022-07-02,108,LAA,0,117,HOU,2,-1,1,1349.4753249039884,2022
662890,2022-07-02,108,LAA,0,117,HOU,0,-2,2,0.0,2022
662889,2022-07-03,108,LAA,0,117,HOU,1,-3,3,0.0,2022
661379,2022-07-05,108,LAA,0,146,MIA,2,-4,1,964.5038276054531,2022
661378,2022-07-06,108,LAA,0,146,MIA,1,-5,2,0.0,2022
661091,2022-07-07,108,LAA,0,110,BAL,1,-6,1,956.2208116188826,2022
661108,2022-07-08,108,LAA,0,110,BAL,1,-7,2,0.0,2022
661071,2022-07-09,108,LAA,0,110,BAL,1,-8,3,0.0,2022
661092,2022-07-10,108,LAA,0,110,BAL,1,-9,4,0.0,2022
663402,2022-07-13,108,LAA,1,117,HOU,3,1,1,2301.5254404543607,2022
663401,2022-07-14,108,LAA,1,117,HOU,1,2,2,0.0,2022
663386,2022-07-15,108,LAA,1,117,HOU,1,3,3,0.0,2022
663385,2022-07-16,108,LAA,1,119,LAD,1,4,1,0.0,2022
663415,2022-07-17,108,LAA,1,119,LAD,1,5,2,0.0,2022
661504,2022-07-22,108,LAA,0,144,ATL,5,-1,1,1909.0187712572824,2022
661503,2022-07-23,108,LAA,0,144,ATL,1,-2,2,0.0,2022
661502,2022-07-24,108,LAA,0,144,ATL,1,-3,3,0.0,2022
662655,2022-07-26,108,LAA,0,118,KC,2,-4,1,660.1950472349462,2022
662653,2022-07-27,108,LAA,0,118,KC,1,-5,2,0.0,2022
662652,2022-07-27,108,LAA,0,118,KC,0,-6,3,0.0,2022
663380,2022-07-29,108,LAA,1,140,TEX,2,1,1,1346.5044522382782,2022
663379,2022-07-30,108,LAA,1,140,TEX,1,2,2,0.0,2022
663377,2022-07-31,108,LAA,1,140,TEX,1,3,3,0.0,2022
663378,2022-07-31,108,LAA,1,140,TEX,0,4,4,0.0,2022
663376,2022-08-03,108,LAA,1,133,OAK,3,5,1,0.0,2022
663375,2022-08-04,108,LAA,1,133,OAK,1,6,2,0.0,2022
663374,2022-08-04,108,LAA,1,133,OAK,0,7,3,0.0,2022
662164,2022-08-06,108,LAA,0,136,SEA,2,-1,1,980.5935873257743,2022
662154,2022-08-06,108,LAA,0,136,SEA,0,-2,2,0.0,2022
662193,2022-08-07,108,LAA,0,136,SEA,1,-3,3,0.0,2022
662153,2022-08-07,108,LAA,0,136,SEA,0,-4,4,0.0,2022
662331,2022-08-09,108,LAA,0,133,OAK,2,-5,1,679.9392003432476,2022
662316,2022-08-10,108,LAA,0,133,OAK,1,-6,2,0.0,2022
662330,2022-08-10,108,LAA,0,133,OAK,0,-7,3,0.0,2022
663373,2022-08-13,108,LAA,1,142,MIN,3,1,1,364.7793033141838,2022
663372,2022-08-14,108,LAA,1,142,MIN,1,2,2,0.0,2022
663371,2022-08-14,108,LAA,1,142,MIN,0,3,3,0.0,2022
663370,2022-08-16,108,LAA,1,136,SEA,2,4,1,0.0,2022
663369,2022-08-17,108,LAA,1,136,SEA,1,5,2,0.0,2022
663408,2022-08-17,108,LAA,1,136,SEA,0,6,3,0.0,2022
662808,2022-08-19,108,LAA,0,116,DET,2,-1,1,1969.013791743627,2022
662917,2022-08-20,108,LAA,0,116,DET,1,-2,2,0.0,2022
662805,2022-08-21,108,LAA,0,116,DET,1,-3,3,0.0,2022
661859,2022-08-22,108,LAA,0,139,TB,1,-4,1,1007.0448721012648,2022
661858,2022-08-23,108,LAA,0,139,TB,1,-5,2,0.0,2022
661857,2022-08-24,108,LAA,0,139,TB,1,-6,3,0.0,2022
661856,2022-08-25,108,LAA,0,139,TB,1,-7,4,0.0,2022
661704,2022-08-26,108,LAA,0,141,TOR,1,-8,1,1111.7297518661444,2022
661703,2022-08-27,108,LAA,0,141,TOR,1,-9,2,0.0,2022
661773,2022-08-28,108,LAA,0,141,TOR,1,-10,3,0.0,2022
663424,2022-08-30,108,LAA,1,147,NYY,2,1,1,2161.688067916341,2022
663437,2022-08-31,108,LAA,1,147,NYY,1,2,2,0.0,2022
663410,2022-09-01,108,LAA,1,147,NYY,1,3,3,0.0,2022
663428,2022-09-03,108,LAA,1,117,HOU,2,4,1,0.0,2022
663436,2022-09-04,108,LAA,1,117,HOU,1,5,2,0.0,2022
663435,2022-09-04,108,LAA,1,117,HOU,0,6,3,0.0,2022
663434,2022-09-06,108,LAA,1,116,DET,2,7,1,0.0,2022
663407,2022-09-07,108,LAA,1,116,DET,1,8,2,0.0,2022
663409,2022-09-07,108,LAA,1,116,DET,0,9,3,0.0,2022
661085,2022-09-10,108,LAA,0,117,HOU,3,-1,1,1349.4753249039884,2022
661084,2022-09-10,108,LAA,0,117,HOU,0,-2,2,0.0,2022
661083,2022-09-11,108,LAA,0,117,HOU,1,-3,3,0.0,2022
662970,2022-09-12,108,LAA,0,114,CLE,1,-4,1,1114.100496699443,2022
662965,2022-09-13,108,LAA,0,114,CLE,1,-5,2,0.0,2022
662969,2022-09-14,108,LAA,0,114,CLE,1,-6,3,0.0,2022
663427,2022-09-17,108,LAA,1,136,SEA,3,1,1,2034.3207691263494,2022
663426,2022-09-18,108,LAA,1,136,SEA,1,2,2,0.0,2022
663425,2022-09-18,108,LAA,1,136,SEA,0,3,3,0.0,2022
663423,2022-09-19,108,LAA,1,136,SEA,1,4,4,0.0,2022
661837,2022-09-21,108,LAA,0,140,TEX,2,-1,1,1201.6984237735796,2022
661783,2022-09-22,108,LAA,0,140,TEX,1,-2,2,0.0,2022
661806,2022-09-22,108,LAA,0,140,TEX,0,-3,3,0.0,2022
661656,2022-09-24,108,LAA,0,142,MIN,2,-4,1,869.2690937301206,2022
661668,2022-09-24,108,LAA,0,142,MIN,0,-5,2,0.0,2022
661667,2022-09-25,108,LAA,0,142,MIN,1,-6,3,0.0,2022
663422,2022-09-28,108,LAA,1,133,OAK,3,1,1,1515.2340388389878,2022
663421,2022-09-29,108,LAA,1,133,OAK,1,2,2,0.0,2022
663420,2022-09-30,108,LAA,1,133,OAK,1,3,3,0.0,2022
663406,2022-10-01,108,LAA,1,140,TEX,1,4,1,0.0,2022
663405,2022-10-02,108,LAA,1,140,TEX,1,5,2,0.0,2022
663419,2022-10-02,108,LAA,1,140,TEX,0,6,3,0.0,2022
662431,2022-10-04,108,LAA,0,133,OAK,2,-1,1,364.7793033141838,2022
662429,2022-10-05,108,LAA,0,133,OAK,1,-2,2,0.0,2022
662421,2022-10-05,108,LAA,0,133,OAK,0,-3,3,0.0,2022
663418,2022-04-08,109,ARI,1,135,SD,0,1,1,0.0,2022
663417,2022-04-09,109,ARI,1,135,SD,1,2,2,0.0,2022
663404,2022-04-10,109,ARI,1,135,SD,1,3,3,0.0,2022
663395,2022-04-10,109,ARI,1,135,SD,0,4,4,0.0,2022
663411,2022-04-13,109,ARI,1,117,HOU,3,5,1,0.0,2022
663341,2022-04-13,109,ARI,1,117,HOU,0,6,2,0.0,2022
662485,2022-04-15,109,ARI,0,121,NYM,2,-1,1,2148.1029258287786,2022
662626,2022-04-16,109,ARI,0,121,NYM,1,-2,2,0.0,2022
662625,2022-04-17,109,ARI,0,121,NYM,1,-3,3,0.0,2022
662587,2022-04-19,109,ARI,0,120,WSH,1,-5,2,0.0,2022
662583,2022-04-19,109,ARI,0,120,WSH,0,-6,3,0.0,2022
662560,2022-04-20,109,ARI,0,120,WSH,1,-7,4,0.0,2022
662558,2022-04-21,109,ARI,0,120,WSH,1,-8,5,0.0,2022
663394,2022-04-23,109,ARI,1,121,NYM,2,1,1,1978.963589227503,2022
663384,2022-04-24,109,ARI,1,121,NYM,1,2,2,0.0,2022
663361,2022-04-24,109,ARI,1,121,NYM,0,3,3,0.0,2022
663382,2022-04-26,109,ARI,1,119,LAD,2,4,1,0.0,2022
663393,2022-04-27,109,ARI,1,119,LAD,1,5,2,0.0,2022
663383,2022-04-27,109,ARI,1,119,LAD,0,6,3,0.0,2022
662047,2022-04-28,109,ARI,0,138,STL,1,-1,1,1270.0024589462362,2022
662037,2022-04-30,109,ARI,0,138,STL,2,-2,2,0.0,2022
662036,2022-04-30,109,ARI,0,138,STL,0,-3,3,0.0,2022
661988,2022-05-01,109,ARI,0,138,STL,1,-4,4,0.0,2022
661362,2022-05-02,109,ARI,0,146,MIA,1,-5,1,1060.3584631013382,2022
661364,2022-05-03,109,ARI,0,146,MIA,1,-6,2,0.0,2022
661363,2022-05-04,109,ARI,0,146,MIA,1,-7,3,0.0,2022
663360,2022-05-07,109,ARI,1,115,COL,3,1,1,1976.4824704501402,2022
663368,2022-05-08,109,ARI,1,115,COL,1,2,2,0.0,2022
663359,2022-05-08,109,ARI,1,115,COL,0,3,3,0.0,2022
663366,2022-05-10,109,ARI,1,146,MIA,2,4,1,0.0,2022
663350,2022-05-11,109,ARI,1,146,MIA,1,5,2,0.0,2022
663358,2022-05-11,109,ARI,1,146,MIA,0,6,3,0.0,2022
663349,2022-05-14,109,ARI,1,112,CHC,3,7,1,0.0,2022
663348,2022-05-15,109,ARI,1,112,CHC,1,8,2,0.0,2022
663367,2022-05-15,109,ARI,1,112,CHC,0,9,3,0.0,2022
662695,2022-05-17,109,ARI,0,119,LAD,2,-1,1,357.22532088939374,2022
662628,2022-05-17,109,ARI,0,119,LAD,0,-2,2,0.0,2022
662697,2022-05-18,109,ARI,0,119,LAD,1,-3,3,0.0,2022
662744,2022-05-18,109,ARI,0,119,LAD,0,-4,4,0.0,2022
663193,2022-05-19,109,ARI,0,112,CHC,1,-5,1,1740.9215479584495,2022
663143,2022-05-20,109,ARI,0,112,CHC,1,-6,2,0.0,2022
663194,2022-05-21,109,ARI,0,112,CHC,1,-7,3,0.0,2022
663150,2022-05-22,109,ARI,0,112,CHC,1,-8,4,0.0,2022
663340,2022-05-24,109,ARI,1,118,KC,2,1,1,1451.6299446026987,2022
663339,2022-05-25,109,ARI,1,118,KC,1,2,2,0.0,2022
663338,2022-05-27,109,ARI,1,119,LAD,2,3,1,0.0,2022
663347,2022-05-28,109,ARI,1,119,LAD,1,4,2,0.0,2022
663330,2022-05-28,109,ARI,1,119,LAD,0,5,3,0.0,2022
663328,2022-05-29,109,ARI,1,119,LAD,1,6,4,0.0,2022
663327,2022-05-31,109,ARI,1,144,ATL,2,7,1,0.0,2022
663329,2022-06-01,109,ARI,1,144,ATL,1,8,2,0.0,2022
663326,2022-06-01,109,ARI,1,144,ATL,0,9,3,0.0,2022
662452,2022-06-03,109,ARI,0,134,PIT,2,-1,1,1824.319858955869,2022
662451,2022-06-04,109,ARI,0,134,PIT,1,-2,2,0.0,2022
662450,2022-06-05,109,ARI,0,134,PIT,1,-3,3,0.0,2022
663065,2022-06-06,109,ARI,0,113,CIN,1,-4,1,256.6044671740272,2022
663064,2022-06-07,109,ARI,0,113,CIN,1,-5,2,0.0,2022
663050,2022-06-08,109,ARI,0,113,CIN,1,-6,3,0.0,2022
663049,2022-06-09,109,ARI,0,113,CIN,1,-7,4,0.0,2022
661617,2022-06-10,109,ARI,0,143,PHI,1,-8,1,500.9471415614062,2022
661614,2022-06-11,109,ARI,0,143,PHI,1,-9,2,0.0,2022
661622,2022-06-12,109,ARI,0,143,PHI,1,-10,3,0.0,2022
663345,2022-06-14,109,ARI,1,113,CIN,2,1,1,2077.6302509220623,2022
663342,2022-06-15,109,ARI,1,113,CIN,1,2,2,0.0,2022
663336,2022-06-15,109,ARI,1,113,CIN,0,3,3,0.0,2022
663335,2022-06-18,109,ARI,1,142,MIN,3,4,1,0.0,2022
663351,2022-06-19,109,ARI,1,142,MIN,1,5,2,0.0,2022
663334,2022-06-19,109,ARI,1,142,MIN,0,6,3,0.0,2022
662221,2022-06-21,109,ARI,0,135,SD,2,-1,1,299.07000924838377,2022
662245,2022-06-22,109,ARI,0,135,SD,1,-2,2,0.0,2022
662248,2022-06-22,109,ARI,0,135,SD,0,-3,3,0.0,2022
663333,2022-06-25,109,ARI,1,116,DET,3,1,1,299.07000924838377,2022
663346,2022-06-26,109,ARI,1,116,DET,1,2,2,0.0,2022
663331,2022-06-26,109,ARI,1,116,DET,0,3,3,0.0,2022
663344,2022-06-29,109,ARI,1,135,SD,3,4,1,0.0,2022
663325,2022-06-29,109,ARI,1,135,SD,0,5,2,0.0,2022
662997,2022-07-02,109,ARI,0,115,COL,3,-1,1,586.1530990190981,2022
662910,2022-07-03,109,ARI,0,115,COL,1,-2,2,0.0,2022
662913,2022-07-03,109,ARI,0,115,COL,0,-3,3,0.0,2022
663343,2022-07-04,109,ARI,1,137,SF,1,1,1,586.1530990190981,2022
663320,2022-07-06,109,ARI,1,137,SF,2,2,2,0.0,2022
663318,2022-07-07,109,ARI,1,137,SF,1,3,3,0.0,2022
663317,2022-07-08,109,ARI,1,115,COL,1,4,1,0.0,2022
663319,2022-07-09,109,ARI,1,115,COL,1,5,2,0.0,2022
663310,2022-07-09,109,ARI,1,115,COL,0,6,3,0.0,2022
663307,2022-07-10,109,ARI,1,115,COL,1,7,4,0.0,2022
662100,2022-07-12,109,ARI,0,137,SF,2,-1,1,652.0636757078365,2022
662108,2022-07-13,109,ARI,0,137,SF,1,-2,2,0.0,2022
662107,2022-07-13,109,ARI,0,137,SF,0,-3,3,0.0,2022
662197,2022-07-16,109,ARI,0,135,SD,3,-4,1,458.03894144483473,2022
662269,2022-07-17,109,ARI,0,135,SD,1,-5,2,0.0,2022
662271,2022-07-17,109,ARI,0,135,SD,0,-6,3,0.0,2022
663306,2022-07-23,109,ARI,1,120,WSH,6,1,1,299.07000924838377,2022
663305,2022-07-24,109,ARI,1,120,WSH,1,2,2,0.0,2022
663316,2022-07-24,109,ARI,1,120,WSH,0,3,3,0.0,2022
663315,2022-07-26,109,ARI,1,137,SF,2,4,1,0.0,2022
663314,2022-07-27,109,ARI,1,137,SF,1,5,2,0.0,2022
663294,2022-07-27,109,ARI,1,137,SF,0,6,3,0.0,2022
661501,2022-07-29,109,ARI,0,144,ATL,2,-1,1,1582.6424392854756,2022
661499,2022-07-30,109,ARI,0,144,ATL,1,-2,2,0.0,2022
661498,2022-07-31,109,ARI,0,144,ATL,1,-3,3,0.0,2022
662947,2022-08-01,109,ARI,0,114,CLE,1,-4,1,547.0068450040225,2022
662941,2022-08-02,109,ARI,0,114,CLE,1,-5,2,0.0,2022
662946,2022-08-03,109,ARI,0,114,CLE,1,-6,3,0.0,2022
663313,2022-08-06,109,ARI,1,115,COL,3,1,1,1745.9617283251753,2022
663288,2022-08-07,109,ARI,1,115,COL,1,2,2,0.0,2022
663300,2022-08-07,109,ARI,1,115,COL,0,3,3,0.0,2022
663304,2022-08-09,109,ARI,1,134,PIT,2,4,1,0.0,2022
663303,2022-08-10,109,ARI,1,134,PIT,1,5,2,0.0,2022
663293,2022-08-11,109,ARI,1,134,PIT,1,6,3,0.0,2022
663302,2022-08-11,109,ARI,1,134,PIT,0,7,4,0.0,2022
662978,2022-08-13,109,ARI,0,115,COL,2,-1,1,586.1530990190981,2022
662882,2022-08-14,109,ARI,0,115,COL,1,-2,2,0.0,2022
662881,2022-08-14,109,ARI,0,115,COL,0,-3,3,0.0,2022
662034,2022-08-16,109,ARI,0,137,SF,2,-4,1,945.5308694116128,2022
662004,2022-08-17,109,ARI,0,137,SF,1,-5,2,0.0,2022
662003,2022-08-18,109,ARI,0,137,SF,1,-6,3,0.0,2022
662002,2022-08-18,109,ARI,0,137,SF,0,-7,4,0.0,2022
663292,2022-08-20,109,ARI,1,138,STL,2,1,1,652.0636757078365,2022
663291,2022-08-21,109,ARI,1,138,STL,1,2,2,0.0,2022
663301,2022-08-21,109,ARI,1,138,STL,0,3,3,0.0,2022
662668,2022-08-24,109,ARI,0,118,KC,3,-1,1,1051.5706596300413,2022
662640,2022-08-25,109,ARI,0,118,KC,1,-2,2,0.0,2022
661445,2022-08-27,109,ARI,0,145,CWS,2,-3,1,407.8477881651946,2022
661444,2022-08-27,109,ARI,0,145,CWS,0,-4,2,0.0,2022
661443,2022-08-28,109,ARI,0,145,CWS,1,-5,3,0.0,2022
663332,2022-08-30,109,ARI,1,143,PHI,2,1,1,1450.478555736351,2022
663286,2022-08-31,109,ARI,1,143,PHI,1,2,2,0.0,2022
663312,2022-09-01,109,ARI,1,143,PHI,1,3,3,0.0,2022
663290,2022-09-02,109,ARI,1,158,MIL,1,4,1,0.0,2022
663285,2022-09-03,109,ARI,1,158,MIL,1,5,2,0.0,2022
663311,2022-09-04,109,ARI,1,158,MIL,1,6,3,0.0,2022
663321,2022-09-04,109,ARI,1,158,MIL,0,7,4,0.0,2022
662211,2022-09-05,109,ARI,0,135,SD,1,-1,1,299.07000924838377,2022
662205,2022-09-07,109,ARI,0,135,SD,2,-2,2,0.0,2022
662216,2022-09-08,109,ARI,0,135,SD,1,-3,3,0.0,2022
662870,2022-09-10,109,ARI,0,115,COL,2,-4,1,833.4460828296096,2022
662869,2022-09-11,109,ARI,0,115,COL,1,-5,2,0.0,2022
662868,2022-09-11,109,ARI,0,115,COL,0,-6,3,0.0,2022
663324,2022-09-13,109,ARI,1,119,LAD,2,1,1,586.1530990190981,2022
663323,2022-09-14,109,ARI,1,119,LAD,1,2,2,0.0,2022
663322,2022-09-15,109,ARI,1,119,LAD,1,3,3,0.0,2022
663284,2022-09-16,109,ARI,1,135,SD,1,4,1,0.0,2022
663283,2022-09-17,109,ARI,1,135,SD,1,5,2,0.0,2022
663289,2022-09-18,109,ARI,1,135,SD,1,6,3,0.0,2022
663287,2022-09-18,109,ARI,1,135,SD,0,7,4,0.0,2022
662622,2022-09-20,109,ARI,0,119,LAD,2,-1,1,357.22532088939374,2022
662621,2022-09-20,109,ARI,0,119,LAD,0,-2,2,0.0,2022
662607,2022-09-21,109,ARI,0,119,LAD,1,-3,3,0.0,2022
662606,2022-09-22,109,ARI,0,119,LAD,1,-4,4,0.0,2022
662586,2022-09-23,109,ARI,0,119,LAD,1,-5,5,0.0,2022
663282,2022-09-24,109,ARI,1,137,SF,1,1,1,357.22532088939374,2022
663281,2022-09-25,109,ARI,1,137,SF,1,2,2,0.0,2022
663280,2022-09-25,109,ARI,1,137,SF,0,3,3,0.0,2022
662821,2022-09-28,109,ARI,0,117,HOU,3,-1,1,1014.6732943333567,2022
662820,2022-09-29,109,ARI,0,117,HOU,1,-2,2,0.0,2022
662049,2022-10-01,109,ARI,0,137,SF,2,-3,1,1641.7172266838993,2022
662023,2022-10-01,109,ARI,0,137,SF,0,-4,2,0.0,2022
662022,2022-10-02,109,ARI,0,137,SF,1,-5,3,0.0,2022
661213,2022-10-03,109,ARI,0,158,MIL,1,-6,1,1833.5573982316243,2022
661223,2022-10-04,109,ARI,0,158,MIL,1,-7,2,0.0,2022
661227,2022-10-05,109,ARI,0,158,MIL,1,-8,3,0.0,2022
661918,2022-04-08,110,BAL,0,139,TB,0,-1,1,867.6749708982579,2022
661917,2022-04-09,110,BAL,0,139,TB,1,-2,2,0.0,2022
661916,2022-04-10,110,BAL,0,139,TB,1,-3,3,0.0,2022
663403,2022-04-11,110,BAL,1,158,MIL,1,1,1,867.6749708982579,2022
663295,2022-04-12,110,BAL,1,158,MIL,1,2,2,0.0,2022
663433,2022-04-13,110,BAL,1,158,MIL,1,3,3,0.0,2022
663357,2022-04-15,110,BAL,1,147,NYY,2,4,1,0.0,2022
663266,2022-04-16,110,BAL,1,147,NYY,1,5,2,0.0,2022
663365,2022-04-17,110,BAL,1,147,NYY,1,6,3,0.0,2022
662407,2022-04-19,110,BAL,0,133,OAK,2,-1,1,2440.085706209316,2022
662406,2022-04-20,110,BAL,0,133,OAK,1,-2,2,0.0,2022
662392,2022-04-20,110,BAL,0,133,OAK,0,-3,3,0.0,2022
662391,2022-04-21,110,BAL,0,133,OAK,1,-4,4,0.0,2022
661037,2022-04-23,110,BAL,0,108,LAA,2,-5,1,364.7793033141838,2022
661035,2022-04-24,110,BAL,0,108,LAA,1,-6,2,0.0,2022
661033,2022-04-24,110,BAL,0,108,LAA,0,-7,3,0.0,2022
661309,2022-04-26,110,BAL,0,147,NYY,2,-8,1,2437.723840222542,2022
661306,2022-04-27,110,BAL,0,147,NYY,1,-9,2,0.0,2022
661305,2022-04-28,110,BAL,0,147,NYY,1,-10,3,0.0,2022
663337,2022-04-29,110,BAL,1,111,BOS,1,1,1,178.12306591164185,2022
663364,2022-04-30,110,BAL,1,111,BOS,1,2,2,0.0,2022
663363,2022-05-01,110,BAL,1,111,BOS,1,3,3,0.0,2022
663362,2022-05-02,110,BAL,1,142,MIN,1,4,1,0.0,2022
663463,2022-05-03,110,BAL,1,142,MIN,1,5,2,0.0,2022
663462,2022-05-04,110,BAL,1,142,MIN,1,6,3,0.0,2022
661341,2022-05-05,110,BAL,1,142,MIN,1,7,4,0.0,2022
661307,2022-05-08,110,BAL,1,118,KC,1,10,3,0.0,2022
661345,2022-05-08,110,BAL,1,118,KC,0,11,4,0.0,2022
661349,2022-05-09,110,BAL,1,118,KC,1,12,5,0.0,2022
661987,2022-05-10,110,BAL,0,138,STL,1,-1,1,729.9729666923824,2022
662006,2022-05-11,110,BAL,0,138,STL,1,-2,2,0.0,2022
662005,2022-05-12,110,BAL,0,138,STL,1,-3,3,0.0,2022
662851,2022-05-13,110,BAL,0,116,DET,1,-4,1,454.6400355100436,2022
662844,2022-05-14,110,BAL,0,116,DET,1,-5,2,0.0,2022
662843,2022-05-15,110,BAL,0,116,DET,1,-6,3,0.0,2022
661308,2022-05-16,110,BAL,1,147,NYY,1,1,1,396.72723870572077,2022
661342,2022-05-17,110,BAL,1,147,NYY,1,2,2,0.0,2022
661344,2022-05-18,110,BAL,1,147,NYY,1,3,3,0.0,2022
661347,2022-05-19,110,BAL,1,147,NYY,1,4,4,0.0,2022
661348,2022-05-20,110,BAL,1,139,TB,1,5,1,0.0,2022
661291,2022-05-21,110,BAL,1,139,TB,1,6,2,0.0,2022
661279,2022-05-22,110,BAL,1,139,TB,1,7,3,0.0,2022
661287,2022-05-23,110,BAL,0,147,NYY,1,-1,1,178.12306591164185,2022
661285,2022-05-24,110,BAL,0,147,NYY,1,-2,2,0.0,2022
661286,2022-05-25,110,BAL,0,147,NYY,1,-3,3,0.0,2022
663276,2022-05-27,110,BAL,0,111,BOS,2,-4,1,179.88456828974768,2022
663257,2022-05-28,110,BAL,0,111,BOS,1,-5,2,0.0,2022
663309,2022-05-28,110,BAL,0,111,BOS,0,-6,3,0.0,2022
663299,2022-05-29,110,BAL,0,111,BOS,1,-7,4,0.0,2022
663298,2022-05-30,110,BAL,0,111,BOS,1,-8,5,0.0,2022
661075,2022-05-31,110,BAL,1,136,SEA,1,1,1,358.0026308075598,2022
661343,2022-06-01,110,BAL,1,136,SEA,1,2,2,0.0,2022
661247,2022-06-02,110,BAL,1,136,SEA,1,3,3,0.0,2022
661058,2022-06-03,110,BAL,1,114,CLE,1,4,1,0.0,2022
661346,2022-06-04,110,BAL,1,114,CLE,1,5,2,0.0,2022
661151,2022-06-05,110,BAL,1,114,CLE,1,6,3,0.0,2022
661170,2022-06-07,110,BAL,1,112,CHC,2,7,1,0.0,2022
662677,2022-06-10,110,BAL,0,118,KC,2,-1,1,955.2837530445377,2022
662674,2022-06-11,110,BAL,0,118,KC,1,-2,2,0.0,2022
662676,2022-06-11,110,BAL,0,118,KC,0,-3,3,0.0,2022
662673,2022-06-12,110,BAL,0,118,KC,1,-4,4,0.0,2022
661746,2022-06-13,110,BAL,0,141,TOR,1,-5,1,843.0534764751171,2022
661745,2022-06-14,110,BAL,0,141,TOR,1,-6,2,0.0,2022
661744,2022-06-15,110,BAL,0,141,TOR,1,-7,3,0.0,2022
661743,2022-06-16,110,BAL,0,141,TOR,1,-8,4,0.0,2022
661093,2022-06-17,110,BAL,1,139,TB,1,1,1,333.41200779259856,2022
661127,2022-06-18,110,BAL,1,139,TB,1,2,2,0.0,2022
661074,2022-06-19,110,BAL,1,139,TB,1,3,3,0.0,2022
661198,2022-06-21,110,BAL,1,120,WSH,2,4,1,0.0,2022
661246,2022-06-22,110,BAL,1,120,WSH,1,5,2,0.0,2022
661456,2022-06-24,110,BAL,0,145,CWS,2,-1,1,603.7749623343499,2022
661455,2022-06-25,110,BAL,0,145,CWS,1,-2,2,0.0,2022
661454,2022-06-25,110,BAL,0,145,CWS,0,-3,3,0.0,2022
661453,2022-06-26,110,BAL,0,145,CWS,1,-4,4,0.0,2022
662168,2022-06-28,110,BAL,0,136,SEA,2,-5,1,1734.2639498746735,2022
662186,2022-06-29,110,BAL,0,136,SEA,1,-6,2,0.0,2022
662151,2022-06-29,110,BAL,0,136,SEA,0,-7,3,0.0,2022
661683,2022-07-02,110,BAL,0,142,MIN,3,-8,1,1390.7389323897291,2022
661691,2022-07-02,110,BAL,0,142,MIN,0,-9,2,0.0,2022
661689,2022-07-03,110,BAL,0,142,MIN,1,-10,3,0.0,2022
661073,2022-07-04,110,BAL,1,140,TEX,1,1,1,937.5839769032132,2022
661244,2022-07-05,110,BAL,1,140,TEX,1,2,2,0.0,2022
661245,2022-07-06,110,BAL,1,140,TEX,1,3,3,0.0,2022
661091,2022-07-07,110,BAL,1,108,LAA,1,4,1,0.0,2022
661108,2022-07-08,110,BAL,1,108,LAA,1,5,2,0.0,2022
661071,2022-07-09,110,BAL,1,108,LAA,1,6,3,0.0,2022
661092,2022-07-10,110,BAL,1,108,LAA,1,7,4,0.0,2022
663187,2022-07-13,110,BAL,0,112,CHC,3,-1,1,606.7810333018485,2022
663230,2022-07-14,110,BAL,0,112,CHC,1,-2,2,0.0,2022
661874,2022-07-15,110,BAL,0,139,TB,1,-3,1,1019.525278620114,2022
661873,2022-07-16,110,BAL,0,139,TB,1,-4,2,0.0,2022
661872,2022-07-17,110,BAL,0,139,TB,1,-5,3,0.0,2022
661072,2022-07-22,110,BAL,1,147,NYY,5,1,1,867.6749708982579,2022
661057,2022-07-23,110,BAL,1,147,NYY,1,2,2,0.0,2022
661056,2022-07-24,110,BAL,1,147,NYY,1,3,3,0.0,2022
661055,2022-07-25,110,BAL,1,139,TB,1,4,1,0.0,2022
661054,2022-07-26,110,BAL,1,139,TB,1,5,2,0.0,2022
661053,2022-07-27,110,BAL,1,139,TB,1,6,3,0.0,2022
661052,2022-07-28,110,BAL,1,139,TB,1,7,4,0.0,2022
663026,2022-07-29,110,BAL,0,113,CIN,1,-1,1,422.40795362654626,2022
663025,2022-07-30,110,BAL,0,113,CIN,1,-2,2,0.0,2022
663024,2022-07-31,110,BAL,0,113,CIN,1,-3,3,0.0,2022
661820,2022-08-02,110,BAL,0,140,TEX,2,-4,1,827.9015703261257,2022
661819,2022-08-03,110,BAL,0,140,TEX,1,-5,2,0.0,2022
661818,2022-08-03,110,BAL,0,140,TEX,0,-6,3,0.0,2022
661048,2022-08-05,110,BAL,1,134,PIT,2,1,1,1225.9583636520863,2022
661050,2022-08-06,110,BAL,1,134,PIT,1,2,2,0.0,2022
661049,2022-08-07,110,BAL,1,134,PIT,1,3,3,0.0,2022
661047,2022-08-08,110,BAL,1,141,TOR,1,4,1,0.0,2022
661046,2022-08-09,110,BAL,1,141,TOR,1,5,2,0.0,2022
663274,2022-08-11,110,BAL,0,111,BOS,1,-1,1,358.0026308075598,2022
661866,2022-08-12,110,BAL,0,139,TB,1,-2,1,1198.2270597762317,2022
661865,2022-08-13,110,BAL,0,139,TB,1,-3,2,0.0,2022
661864,2022-08-14,110,BAL,0,139,TB,1,-4,3,0.0,2022
661707,2022-08-15,110,BAL,0,141,TOR,1,-5,1,1111.7297518661444,2022
661706,2022-08-16,110,BAL,0,141,TOR,1,-6,2,0.0,2022
661705,2022-08-17,110,BAL,0,141,TOR,1,-7,3,0.0,2022
661109,2022-08-18,110,BAL,1,112,CHC,1,1,1,333.41200779259856,2022
661044,2022-08-19,110,BAL,1,111,BOS,1,2,1,0.0,2022
661043,2022-08-20,110,BAL,1,111,BOS,1,3,2,0.0,2022
661051,2022-08-21,110,BAL,1,111,BOS,1,4,3,0.0,2022
663461,2022-08-23,110,BAL,1,145,CWS,2,5,1,0.0,2022
663460,2022-08-24,110,BAL,1,145,CWS,1,6,2,0.0,2022
663459,2022-08-25,110,BAL,1,145,CWS,1,7,3,0.0,2022
662710,2022-08-27,110,BAL,0,117,HOU,2,-1,1,1249.46334342378,2022
661090,2022-08-27,110,BAL,0,117,HOU,0,-2,2,0.0,2022
661089,2022-08-28,110,BAL,0,117,HOU,1,-3,3,0.0,2022
662973,2022-08-30,110,BAL,0,114,CLE,2,-4,1,1114.100496699443,2022
662972,2022-08-31,110,BAL,0,114,CLE,1,-5,2,0.0,2022
662971,2022-09-01,110,BAL,0,114,CLE,1,-6,3,0.0,2022
663356,2022-09-02,110,BAL,1,133,OAK,1,1,1,307.1364885665357,2022
663355,2022-09-03,110,BAL,1,133,OAK,1,2,2,0.0,2022
663354,2022-09-04,110,BAL,1,133,OAK,1,3,3,0.0,2022
663353,2022-09-05,110,BAL,1,141,TOR,1,4,1,0.0,2022
661045,2022-09-05,110,BAL,1,141,TOR,0,5,2,0.0,2022
663458,2022-09-06,110,BAL,1,141,TOR,1,6,3,0.0,2022
663457,2022-09-07,110,BAL,1,141,TOR,1,7,4,0.0,2022
663456,2022-09-09,110,BAL,1,111,BOS,2,8,1,0.0,2022
663455,2022-09-10,110,BAL,1,111,BOS,1,9,2,0.0,2022
663264,2022-09-11,110,BAL,1,111,BOS,1,10,3,0.0,2022
662464,2022-09-13,110,BAL,0,120,WSH,2,-1,1,35.12148729233362,2022
662463,2022-09-14,110,BAL,0,120,WSH,1,-2,2,0.0,2022
661776,2022-09-16,110,BAL,0,141,TOR,2,-3,1,351.9086807419245,2022
661769,2022-09-17,110,BAL,0,141,TOR,1,-4,2,0.0,2022
661780,2022-09-18,110,BAL,0,141,TOR,1,-5,3,0.0,2022
663263,2022-09-19,110,BAL,1,116,DET,1,1,1,333.41200779259856,2022
663262,2022-09-20,110,BAL,1,116,DET,1,2,2,0.0,2022
663261,2022-09-21,110,BAL,1,116,DET,1,3,3,0.0,2022
663260,2022-09-22,110,BAL,1,117,HOU,1,4,1,0.0,2022
663259,2022-09-23,110,BAL,1,117,HOU,1,5,2,0.0,2022
663258,2022-09-24,110,BAL,1,117,HOU,1,6,3,0.0,2022
663454,2022-09-25,110,BAL,1,117,HOU,1,7,4,0.0,2022
663250,2022-09-26,110,BAL,0,111,BOS,1,-1,1,358.0026308075598,2022
663206,2022-09-27,110,BAL,0,111,BOS,1,-2,2,0.0,2022
663181,2022-09-28,110,BAL,0,111,BOS,1,-3,3,0.0,2022
663180,2022-09-29,110,BAL,0,111,BOS,1,-4,4,0.0,2022
661218,2022-09-30,110,BAL,0,147,NYY,1,-5,1,179.88456828974768,2022
661217,2022-10-01,110,BAL,0,147,NYY,1,-6,2,0.0,2022
661215,2022-10-02,110,BAL,0,147,NYY,1,-7,3,0.0,2022
663273,2022-10-03,110,BAL,1,141,TOR,1,1,1,178.12306591164185,2022
663451,2022-10-05,110,BAL,1,141,TOR,1,3,3,0.0,2022
663272,2022-10-05,110,BAL,1,141,TOR,0,4,4,0.0,2022
661333,2022-04-08,111,BOS,0,147,NYY,1,-2,2,0.0,2022
661332,2022-04-09,111,BOS,0,147,NYY,1,-3,3,0.0,2022
661316,2022-04-10,111,BOS,0,147,NYY,1,-4,4,0.0,2022
662863,2022-04-11,111,BOS,0,116,DET,1,-5,1,482.6121717715705,2022
662862,2022-04-12,111,BOS,0,116,DET,1,-6,2,0.0,2022
662885,2022-04-13,111,BOS,0,116,DET,1,-7,3,0.0,2022
663265,2022-04-15,111,BOS,1,142,MIN,2,1,1,609.8730788976414,2022
663238,2022-04-16,111,BOS,1,142,MIN,1,2,2,0.0,2022
663308,2022-04-17,111,BOS,1,142,MIN,1,3,3,0.0,2022
663236,2022-04-18,111,BOS,1,142,MIN,1,4,4,0.0,2022
663249,2022-04-19,111,BOS,1,141,TOR,1,5,1,0.0,2022
663247,2022-04-20,111,BOS,1,141,TOR,1,6,2,0.0,2022
663225,2022-04-21,111,BOS,1,141,TOR,1,7,3,0.0,2022
661914,2022-04-22,111,BOS,0,139,TB,1,-1,1,1198.2270597762317,2022
661941,2022-04-23,111,BOS,0,139,TB,1,-2,2,0.0,2022
661931,2022-04-24,111,BOS,0,139,TB,1,-3,3,0.0,2022
661760,2022-04-25,111,BOS,0,141,TOR,1,-4,1,1111.7297518661444,2022
661758,2022-04-26,111,BOS,0,141,TOR,1,-5,2,0.0,2022
661757,2022-04-27,111,BOS,0,141,TOR,1,-6,3,0.0,2022
661827,2022-04-28,111,BOS,0,141,TOR,1,-7,4,0.0,2022
663337,2022-04-29,111,BOS,0,110,BAL,1,-8,1,333.41200779259856,2022
663364,2022-04-30,111,BOS,0,110,BAL,1,-9,2,0.0,2022
663363,2022-05-01,111,BOS,0,110,BAL,1,-10,3,0.0,2022
663237,2022-05-03,111,BOS,1,108,LAA,2,1,1,358.0026308075598,2022
663248,2022-05-04,111,BOS,1,108,LAA,1,2,2,0.0,2022
663227,2022-05-05,111,BOS,1,108,LAA,1,3,3,0.0,2022
663224,2022-05-06,111,BOS,1,145,CWS,1,4,1,0.0,2022
663226,2022-05-07,111,BOS,1,145,CWS,1,5,2,0.0,2022
663278,2022-05-08,111,BOS,1,145,CWS,1,6,3,0.0,2022
661549,2022-05-10,111,BOS,0,144,ATL,2,-1,1,930.6114003294933,2022
661548,2022-05-11,111,BOS,0,144,ATL,1,-2,2,0.0,2022
661882,2022-05-14,111,BOS,0,140,TEX,3,-3,1,732.1662127163514,2022
661147,2022-05-14,111,BOS,0,140,TEX,0,-4,2,0.0,2022
661146,2022-05-15,111,BOS,0,140,TEX,1,-5,3,0.0,2022
663275,2022-05-16,111,BOS,1,117,HOU,1,1,1,1562.0482982121016,2022
663271,2022-05-17,111,BOS,1,117,HOU,1,2,2,0.0,2022
663270,2022-05-18,111,BOS,1,117,HOU,1,3,3,0.0,2022
663269,2022-05-19,111,BOS,1,136,SEA,1,4,1,0.0,2022
663268,2022-05-20,111,BOS,1,136,SEA,1,5,2,0.0,2022
663234,2022-05-21,111,BOS,1,136,SEA,1,6,3,0.0,2022
663277,2022-05-22,111,BOS,1,136,SEA,1,7,4,0.0,2022
661488,2022-05-25,111,BOS,0,145,CWS,3,-1,1,847.3821391741471,2022
661487,2022-05-26,111,BOS,0,145,CWS,1,-2,2,0.0,2022
661486,2022-05-27,111,BOS,0,145,CWS,1,-3,3,0.0,2022
663276,2022-05-27,111,BOS,1,110,BAL,0,1,1,847.3821391741471,2022
663257,2022-05-28,111,BOS,1,110,BAL,1,2,2,0.0,2022
663309,2022-05-28,111,BOS,1,110,BAL,0,3,3,0.0,2022
663299,2022-05-29,111,BOS,1,110,BAL,1,4,4,0.0,2022
663298,2022-05-30,111,BOS,1,110,BAL,1,5,5,0.0,2022
663297,2022-05-31,111,BOS,1,113,CIN,1,6,1,0.0,2022
663296,2022-06-01,111,BOS,1,113,CIN,1,7,2,0.0,2022
662365,2022-06-04,111,BOS,0,133,OAK,3,-1,1,2680.900432109404,2022
662364,2022-06-04,111,BOS,0,133,OAK,0,-2,2,0.0,2022
662363,2022-06-05,111,BOS,0,133,OAK,1,-3,3,0.0,2022
663399,2022-06-07,111,BOS,0,108,LAA,2,-4,1,364.7793033141838,2022
663391,2022-06-08,111,BOS,0,108,LAA,1,-5,2,0.0,2022
663398,2022-06-09,111,BOS,0,108,LAA,1,-6,3,0.0,2022
663413,2022-06-10,111,BOS,0,108,LAA,1,-7,4,0.0,2022
662129,2022-06-11,111,BOS,0,136,SEA,1,-8,1,980.5935873257743,2022
662127,2022-06-12,111,BOS,0,136,SEA,1,-9,2,0.0,2022
662128,2022-06-12,111,BOS,0,136,SEA,0,-10,3,0.0,2022
663279,2022-06-14,111,BOS,1,133,OAK,2,1,1,2484.5557470593844,2022
663235,2022-06-15,111,BOS,1,133,OAK,1,2,2,0.0,2022
663267,2022-06-16,111,BOS,1,133,OAK,1,3,3,0.0,2022
663256,2022-06-17,111,BOS,1,138,STL,1,4,1,0.0,2022
663255,2022-06-18,111,BOS,1,138,STL,1,5,2,0.0,2022
663254,2022-06-19,111,BOS,1,138,STL,1,6,3,0.0,2022
663253,2022-06-20,111,BOS,1,116,DET,1,7,1,0.0,2022
663246,2022-06-21,111,BOS,1,116,DET,1,8,2,0.0,2022
663252,2022-06-22,111,BOS,1,116,DET,1,9,3,0.0,2022
663054,2022-06-24,111,BOS,0,114,CLE,2,-1,1,547.1609370940174,2022
663042,2022-06-25,111,BOS,0,114,CLE,1,-2,2,0.0,2022
663121,2022-06-26,111,BOS,0,114,CLE,1,-3,3,0.0,2022
661740,2022-06-27,111,BOS,0,141,TOR,1,-4,1,188.71684847115282,2022
661728,2022-06-28,111,BOS,0,141,TOR,1,-5,2,0.0,2022
661727,2022-06-29,111,BOS,0,141,TOR,1,-6,3,0.0,2022
663185,2022-07-01,111,BOS,0,112,CHC,2,-7,1,434.9128878467627,2022
663198,2022-07-02,111,BOS,0,112,CHC,1,-8,2,0.0,2022
663186,2022-07-03,111,BOS,0,112,CHC,1,-9,3,0.0,2022
663251,2022-07-04,111,BOS,1,139,TB,1,1,1,847.382439361086,2022
663245,2022-07-05,111,BOS,1,139,TB,1,2,2,0.0,2022
663244,2022-07-06,111,BOS,1,139,TB,1,3,3,0.0,2022
663233,2022-07-07,111,BOS,1,147,NYY,1,4,1,0.0,2022
663202,2022-07-08,111,BOS,1,147,NYY,1,5,2,0.0,2022
663223,2022-07-09,111,BOS,1,147,NYY,1,6,3,0.0,2022
663232,2022-07-10,111,BOS,1,147,NYY,1,7,4,0.0,2022
661878,2022-07-11,111,BOS,0,139,TB,1,-1,1,1198.2270597762317,2022
661877,2022-07-12,111,BOS,0,139,TB,1,-2,2,0.0,2022
661876,2022-07-13,111,BOS,0,139,TB,1,-3,3,0.0,2022
661875,2022-07-14,111,BOS,0,139,TB,1,-4,4,0.0,2022
661260,2022-07-15,111,BOS,0,147,NYY,1,-5,1,1029.5381159096478,2022
661259,2022-07-16,111,BOS,0,147,NYY,1,-6,2,0.0,2022
661258,2022-07-17,111,BOS,0,147,NYY,1,-7,3,0.0,2022
663222,2022-07-22,111,BOS,1,141,TOR,5,1,1,179.88456828974768,2022
663221,2022-07-23,111,BOS,1,141,TOR,1,2,2,0.0,2022
663220,2022-07-24,111,BOS,1,141,TOR,1,3,3,0.0,2022
663219,2022-07-25,111,BOS,1,114,CLE,1,4,1,0.0,2022
663203,2022-07-26,111,BOS,1,114,CLE,1,5,2,0.0,2022
663191,2022-07-27,111,BOS,1,114,CLE,1,6,3,0.0,2022
663200,2022-07-28,111,BOS,1,114,CLE,1,7,4,0.0,2022
663190,2022-07-29,111,BOS,1,158,MIL,1,8,1,0.0,2022
663192,2022-07-30,111,BOS,1,158,MIL,1,9,2,0.0,2022
663189,2022-07-31,111,BOS,1,158,MIL,1,10,3,0.0,2022
662737,2022-08-02,111,BOS,0,117,HOU,2,-1,1,1601.3745489627004,2022
662736,2022-08-03,111,BOS,0,117,HOU,1,-2,2,0.0,2022
662725,2022-08-03,111,BOS,0,117,HOU,0,-3,3,0.0,2022
662651,2022-08-05,111,BOS,0,118,KC,2,-4,1,644.1456886709294,2022
662650,2022-08-06,111,BOS,0,118,KC,1,-5,2,0.0,2022
662649,2022-08-06,111,BOS,0,118,KC,0,-6,3,0.0,2022
662648,2022-08-07,111,BOS,0,118,KC,1,-7,4,0.0,2022
663201,2022-08-09,111,BOS,1,144,ATL,2,1,1,1241.802604380426,2022
663188,2022-08-10,111,BOS,1,144,ATL,1,2,2,0.0,2022
663274,2022-08-11,111,BOS,1,110,BAL,1,3,1,0.0,2022
663177,2022-08-12,111,BOS,1,147,NYY,1,4,1,0.0,2022
663176,2022-08-13,111,BOS,1,147,NYY,1,5,2,0.0,2022
663175,2022-08-14,111,BOS,1,147,NYY,1,6,3,0.0,2022
662302,2022-08-16,111,BOS,0,134,PIT,2,-1,1,479.7911670433808,2022
662301,2022-08-17,111,BOS,0,134,PIT,1,-2,2,0.0,2022
662413,2022-08-18,111,BOS,0,134,PIT,1,-3,3,0.0,2022
661044,2022-08-19,111,BOS,0,110,BAL,1,-4,1,196.62316008554197,2022
661043,2022-08-20,111,BOS,0,110,BAL,1,-5,2,0.0,2022
661051,2022-08-21,111,BOS,0,110,BAL,1,-6,3,0.0,2022
663174,2022-08-23,111,BOS,1,141,TOR,2,1,1,358.0026308075598,2022
663173,2022-08-24,111,BOS,1,141,TOR,1,2,2,0.0,2022
663172,2022-08-25,111,BOS,1,141,TOR,1,3,3,0.0,2022
663171,2022-08-26,111,BOS,1,139,TB,1,4,1,0.0,2022
663170,2022-08-27,111,BOS,1,139,TB,1,5,2,0.0,2022
663211,2022-08-28,111,BOS,1,139,TB,1,6,3,0.0,2022
661651,2022-08-29,111,BOS,0,142,MIN,1,-1,1,1119.9102367149933,2022
661648,2022-08-30,111,BOS,0,142,MIN,1,-2,2,0.0,2022
661649,2022-08-31,111,BOS,0,142,MIN,1,-3,3,0.0,2022
663210,2022-09-01,111,BOS,1,140,TEX,1,1,1,1119.9102367149933,2022
663212,2022-09-02,111,BOS,1,140,TEX,1,2,2,0.0,2022
663214,2022-09-03,111,BOS,1,140,TEX,1,3,3,0.0,2022
663213,2022-09-04,111,BOS,1,140,TEX,1,4,4,0.0,2022
661852,2022-09-05,111,BOS,0,139,TB,1,-1,1,1198.2270597762317,2022
662043,2022-09-06,111,BOS,0,139,TB,1,-2,2,0.0,2022
662065,2022-09-07,111,BOS,0,139,TB,1,-3,3,0.0,2022
663456,2022-09-09,111,BOS,0,110,BAL,2,-4,1,867.6749708982579,2022
663455,2022-09-10,111,BOS,0,110,BAL,1,-5,2,0.0,2022
663264,2022-09-11,111,BOS,0,110,BAL,1,-6,3,0.0,2022
663160,2022-09-13,111,BOS,1,147,NYY,2,1,1,358.0026308075598,2022
663159,2022-09-14,111,BOS,1,147,NYY,1,2,2,0.0,2022
663209,2022-09-16,111,BOS,1,118,KC,2,3,1,0.0,2022
663208,2022-09-17,111,BOS,1,118,KC,1,4,2,0.0,2022
663207,2022-09-18,111,BOS,1,118,KC,1,5,3,0.0,2022
663104,2022-09-20,111,BOS,0,113,CIN,2,-1,1,736.3670721136276,2022
661070,2022-09-21,111,BOS,0,113,CIN,1,-2,2,0.0,2022
661243,2022-09-22,111,BOS,0,147,NYY,1,-3,1,572.6665954672798,2022
661222,2022-09-23,111,BOS,0,147,NYY,1,-4,2,0.0,2022
661221,2022-09-24,111,BOS,0,147,NYY,1,-5,3,0.0,2022
661220,2022-09-25,111,BOS,0,147,NYY,1,-6,4,0.0,2022
663250,2022-09-26,111,BOS,1,110,BAL,1,1,1,179.88456828974768,2022
663206,2022-09-27,111,BOS,1,110,BAL,1,2,2,0.0,2022
663181,2022-09-28,111,BOS,1,110,BAL,1,3,3,0.0,2022
663180,2022-09-29,111,BOS,1,110,BAL,1,4,4,0.0,2022
661751,2022-09-30,111,BOS,0,141,TOR,1,-1,1,428.32913029317257,2022
661736,2022-10-01,111,BOS,0,141,TOR,1,-2,2,0.0,2022
661735,2022-10-02,111,BOS,0,141,TOR,1,-3,3,0.0,2022
663453,2022-10-03,111,BOS,1,139,TB,1,1,1,428.32913029317257,2022
663452,2022-10-04,111,BOS,1,139,TB,1,2,2,0.0,2022
663352,2022-10-05,111,BOS,1,139,TB,1,3,3,0.0,2022
663178,2022-04-07,112,CHC,1,158,MIL,0,1,1,0.0,2022
663205,2022-04-09,112,CHC,1,158,MIL,1,3,3,0.0,2022
663204,2022-04-10,112,CHC,1,158,MIL,1,4,4,0.0,2022
662318,2022-04-12,112,CHC,0,134,PIT,2,-1,1,410.8665423703318,2022
662317,2022-04-13,112,CHC,0,134,PIT,1,-2,2,0.0,2022
662950,2022-04-15,112,CHC,0,115,COL,2,-3,1,1317.1736538054608,2022
662960,2022-04-16,112,CHC,0,115,COL,1,-4,2,0.0,2022
662966,2022-04-17,112,CHC,0,115,COL,1,-5,3,0.0,2022
662930,2022-04-17,112,CHC,0,115,COL,0,-6,4,0.0,2022
663197,2022-04-18,112,CHC,1,139,TB,1,1,1,917.1571990207435,2022
663196,2022-04-19,112,CHC,1,139,TB,1,2,2,0.0,2022
663146,2022-04-20,112,CHC,1,139,TB,1,3,3,0.0,2022
663145,2022-04-21,112,CHC,1,134,PIT,1,4,1,0.0,2022
663195,2022-04-23,112,CHC,1,134,PIT,2,5,2,0.0,2022
663144,2022-04-23,112,CHC,1,134,PIT,0,6,3,0.0,2022
663166,2022-04-24,112,CHC,1,134,PIT,1,7,4,0.0,2022
661589,2022-04-26,112,CHC,0,144,ATL,2,-1,1,583.1187828539541,2022
661552,2022-04-27,112,CHC,0,144,ATL,1,-2,2,0.0,2022
661551,2022-04-28,112,CHC,0,144,ATL,1,-3,3,0.0,2022
661208,2022-04-30,112,CHC,0,158,MIL,2,-4,1,659.030112248539,2022
661209,2022-04-30,112,CHC,0,158,MIL,0,-5,2,0.0,2022
661216,2022-05-01,112,CHC,0,158,MIL,1,-6,3,0.0,2022
663165,2022-05-03,112,CHC,1,145,CWS,2,1,1,76.31439882124853,2022
663164,2022-05-04,112,CHC,1,145,CWS,1,2,2,0.0,2022
663162,2022-05-07,112,CHC,1,119,LAD,1,4,2,0.0,2022
663142,2022-05-07,112,CHC,1,119,LAD,0,5,3,0.0,2022
663161,2022-05-08,112,CHC,1,119,LAD,1,6,4,0.0,2022
662259,2022-05-10,112,CHC,0,135,SD,2,-1,1,1731.4493412522409,2022
662273,2022-05-11,112,CHC,0,135,SD,1,-2,2,0.0,2022
662258,2022-05-11,112,CHC,0,135,SD,0,-3,3,0.0,2022
663349,2022-05-14,112,CHC,0,109,ARI,3,-4,1,299.07000924838377,2022
663348,2022-05-15,112,CHC,0,109,ARI,1,-5,2,0.0,2022
663367,2022-05-15,112,CHC,0,109,ARI,0,-6,3,0.0,2022
663151,2022-05-16,112,CHC,1,134,PIT,1,1,1,1451.6299446026987,2022
663157,2022-05-17,112,CHC,1,134,PIT,1,2,2,0.0,2022
663156,2022-05-18,112,CHC,1,134,PIT,1,3,3,0.0,2022
663193,2022-05-19,112,CHC,1,109,ARI,1,4,1,0.0,2022
663143,2022-05-20,112,CHC,1,109,ARI,1,5,2,0.0,2022
663194,2022-05-21,112,CHC,1,109,ARI,1,6,3,0.0,2022
663150,2022-05-22,112,CHC,1,109,ARI,1,7,4,0.0,2022
663073,2022-05-23,112,CHC,0,113,CIN,1,-1,1,257.0933763635692,2022
663103,2022-05-24,112,CHC,0,113,CIN,1,-2,2,0.0,2022
663082,2022-05-25,112,CHC,0,113,CIN,1,-3,3,0.0,2022
663081,2022-05-26,112,CHC,0,113,CIN,1,-4,4,0.0,2022
661518,2022-05-28,112,CHC,0,145,CWS,2,-5,1,250.2317582935162,2022
661461,2022-05-29,112,CHC,0,145,CWS,1,-6,2,0.0,2022
663149,2022-05-30,112,CHC,1,158,MIL,1,1,1,8.262413783057372,2022
663147,2022-05-30,112,CHC,1,158,MIL,0,2,2,0.0,2022
663154,2022-06-01,112,CHC,1,158,MIL,2,3,3,0.0,2022
663184,2022-06-02,112,CHC,1,158,MIL,1,4,4,0.0,2022
663139,2022-06-03,112,CHC,1,138,STL,1,5,1,0.0,2022
663153,2022-06-03,112,CHC,1,138,STL,0,6,2,0.0,2022
663179,2022-06-04,112,CHC,1,138,STL,1,7,3,0.0,2022
663152,2022-06-04,112,CHC,1,138,STL,0,8,4,0.0,2022
663138,2022-06-05,112,CHC,1,138,STL,1,9,5,0.0,2022
661170,2022-06-07,112,CHC,0,110,BAL,2,-1,1,606.7810333018485,2022
661284,2022-06-10,112,CHC,0,147,NYY,2,-3,1,178.12306591164185,2022
661276,2022-06-11,112,CHC,0,147,NYY,1,-4,2,0.0,2022
661270,2022-06-12,112,CHC,0,147,NYY,1,-5,3,0.0,2022
663183,2022-06-14,112,CHC,1,135,SD,2,1,1,715.1181609325873,2022
663182,2022-06-15,112,CHC,1,135,SD,1,2,2,0.0,2022
663155,2022-06-16,112,CHC,1,135,SD,1,3,3,0.0,2022
663125,2022-06-16,112,CHC,1,135,SD,0,4,4,0.0,2022
663124,2022-06-17,112,CHC,1,144,ATL,1,5,1,0.0,2022
663239,2022-06-18,112,CHC,1,144,ATL,1,6,2,0.0,2022
663218,2022-06-19,112,CHC,1,144,ATL,1,7,3,0.0,2022
661121,2022-06-20,112,CHC,0,134,PIT,1,-1,1,410.8665423703318,2022
661124,2022-06-21,112,CHC,0,134,PIT,1,-2,2,0.0,2022
661107,2022-06-22,112,CHC,0,134,PIT,1,-3,3,0.0,2022
661106,2022-06-23,112,CHC,0,134,PIT,1,-4,4,0.0,2022
661970,2022-06-25,112,CHC,0,138,STL,2,-5,1,556.9698942849304,2022
661971,2022-06-25,112,CHC,0,138,STL,0,-6,2,0.0,2022
661969,2022-06-26,112,CHC,0,138,STL,1,-7,3,0.0,2022
663231,2022-06-29,112,CHC,1,113,CIN,3,1,1,265.86188355988685,2022
663215,2022-06-30,112,CHC,1,113,CIN,1,2,2,0.0,2022
663199,2022-07-01,112,CHC,1,113,CIN,1,3,3,0.0,2022
663185,2022-07-01,112,CHC,1,111,BOS,0,4,1,0.0,2022
663198,2022-07-02,112,CHC,1,111,BOS,1,5,2,0.0,2022
663186,2022-07-03,112,CHC,1,111,BOS,1,6,3,0.0,2022
661181,2022-07-04,112,CHC,0,158,MIL,1,-1,1,76.31439882124853,2022
661225,2022-07-06,112,CHC,0,158,MIL,2,-2,2,0.0,2022
661187,2022-07-06,112,CHC,0,158,MIL,0,-3,3,0.0,2022
662730,2022-07-08,112,CHC,0,119,LAD,2,-4,1,1737.1964859284558,2022
662610,2022-07-09,112,CHC,0,119,LAD,1,-5,2,0.0,2022
662683,2022-07-10,112,CHC,0,119,LAD,1,-6,3,0.0,2022
662729,2022-07-10,112,CHC,0,119,LAD,0,-7,4,0.0,2022
663187,2022-07-13,112,CHC,1,110,BAL,3,1,1,1740.9215479584495,2022
663230,2022-07-14,112,CHC,1,110,BAL,1,2,2,0.0,2022
661101,2022-07-15,112,CHC,1,121,NYM,1,3,1,0.0,2022
661114,2022-07-16,112,CHC,1,121,NYM,1,5,3,0.0,2022
661082,2022-07-17,112,CHC,1,121,NYM,1,6,4,0.0,2022
661115,2022-07-17,112,CHC,1,121,NYM,0,7,5,0.0,2022
661560,2022-07-22,112,CHC,0,143,PHI,5,-1,1,666.436342674126,2022
661559,2022-07-23,112,CHC,0,143,PHI,1,-2,2,0.0,2022
661556,2022-07-24,112,CHC,0,143,PHI,1,-3,3,0.0,2022
661065,2022-07-26,112,CHC,1,134,PIT,2,1,1,666.436342674126,2022
661064,2022-07-26,112,CHC,1,134,PIT,0,2,2,0.0,2022
662058,2022-07-29,112,CHC,0,137,SF,3,-1,1,1851.6696488043885,2022
662057,2022-07-30,112,CHC,0,137,SF,1,-2,2,0.0,2022
662112,2022-07-31,112,CHC,0,137,SF,1,-3,3,0.0,2022
662071,2022-07-31,112,CHC,0,137,SF,0,-4,4,0.0,2022
661959,2022-08-02,112,CHC,0,138,STL,2,-5,1,1740.2563893028632,2022
661945,2022-08-04,112,CHC,0,138,STL,1,-7,3,0.0,2022
661932,2022-08-04,112,CHC,0,138,STL,0,-8,4,0.0,2022
661063,2022-08-05,112,CHC,1,146,MIA,1,1,1,265.86188355988685,2022
661062,2022-08-06,112,CHC,1,146,MIA,1,2,2,0.0,2022
661061,2022-08-07,112,CHC,1,146,MIA,1,3,3,0.0,2022
661060,2022-08-09,112,CHC,1,120,WSH,2,4,1,0.0,2022
661059,2022-08-10,112,CHC,1,120,WSH,1,5,2,0.0,2022
663229,2022-08-10,112,CHC,1,120,WSH,0,6,3,0.0,2022
663023,2022-08-11,112,CHC,0,113,CIN,1,-1,1,257.0933763635692,2022
663022,2022-08-13,112,CHC,0,113,CIN,2,-2,2,0.0,2022
663021,2022-08-14,112,CHC,0,113,CIN,1,-3,3,0.0,2022
662471,2022-08-15,112,CHC,0,120,WSH,1,-4,1,403.05254469244744,2022
662550,2022-08-16,112,CHC,0,120,WSH,1,-5,2,0.0,2022
662470,2022-08-17,112,CHC,0,120,WSH,1,-6,3,0.0,2022
661109,2022-08-18,112,CHC,0,110,BAL,1,-7,1,35.12148729233362,2022
663228,2022-08-19,112,CHC,1,158,MIL,1,1,1,606.7810333018485,2022
663116,2022-08-20,112,CHC,1,158,MIL,1,2,2,0.0,2022
663115,2022-08-21,112,CHC,1,158,MIL,1,3,3,0.0,2022
663163,2022-08-23,112,CHC,1,138,STL,2,4,1,0.0,2022
663114,2022-08-23,112,CHC,1,138,STL,0,5,2,0.0,2022
663113,2022-08-24,112,CHC,1,138,STL,1,6,3,0.0,2022
663216,2022-08-25,112,CHC,1,138,STL,1,7,4,0.0,2022
663240,2022-08-25,112,CHC,1,138,STL,0,8,5,0.0,2022
661189,2022-08-27,112,CHC,0,158,MIL,2,-1,1,76.31439882124853,2022
661180,2022-08-27,112,CHC,0,158,MIL,0,-2,2,0.0,2022
661168,2022-08-28,112,CHC,0,158,MIL,1,-3,3,0.0,2022
661801,2022-08-29,112,CHC,0,141,TOR,1,-4,1,433.19037079572774,2022
661800,2022-08-30,112,CHC,0,141,TOR,1,-5,2,0.0,2022
661779,2022-08-31,112,CHC,0,141,TOR,1,-6,3,0.0,2022
661928,2022-09-03,112,CHC,0,138,STL,3,-7,1,659.7865181803405,2022
661920,2022-09-03,112,CHC,0,138,STL,0,-8,2,0.0,2022
661927,2022-09-04,112,CHC,0,138,STL,1,-9,3,0.0,2022
663242,2022-09-06,112,CHC,1,113,CIN,2,1,1,265.86188355988685,2022
663168,2022-09-07,112,CHC,1,113,CIN,1,2,2,0.0,2022
663241,2022-09-08,112,CHC,1,113,CIN,1,3,3,0.0,2022
663217,2022-09-09,112,CHC,1,137,SF,1,4,1,0.0,2022
663127,2022-09-10,112,CHC,1,137,SF,1,5,2,0.0,2022
663130,2022-09-12,112,CHC,1,137,SF,2,6,3,0.0,2022
662423,2022-09-12,112,CHC,0,121,NYM,0,-1,1,720.1961586455312,2022
662430,2022-09-13,112,CHC,0,121,NYM,1,-2,2,0.0,2022
662422,2022-09-14,112,CHC,0,121,NYM,1,-3,3,0.0,2022
663126,2022-09-16,112,CHC,1,115,COL,2,1,1,720.1961586455312,2022
663129,2022-09-17,112,CHC,1,115,COL,1,2,2,0.0,2022
663112,2022-09-18,112,CHC,1,115,COL,1,3,3,0.0,2022
661299,2022-09-19,112,CHC,0,146,MIA,1,-1,1,1194.7816200111963,2022
661298,2022-09-20,112,CHC,0,146,MIA,1,-2,2,0.0,2022
661297,2022-09-21,112,CHC,0,146,MIA,1,-3,3,0.0,2022
662264,2022-09-22,112,CHC,0,134,PIT,1,-4,1,1013.6533818001047,2022
662263,2022-09-23,112,CHC,0,134,PIT,1,-5,2,0.0,2022
662249,2022-09-24,112,CHC,0,134,PIT,1,-6,3,0.0,2022
662243,2022-09-25,112,CHC,0,134,PIT,1,-7,4,0.0,2022
663128,2022-09-27,112,CHC,1,143,PHI,2,1,1,410.8665423703318,2022
663098,2022-09-28,112,CHC,1,143,PHI,1,2,2,0.0,2022
663110,2022-09-29,112,CHC,1,143,PHI,1,3,3,0.0,2022
663099,2022-09-30,112,CHC,1,113,CIN,1,4,1,0.0,2022
663167,2022-10-01,112,CHC,1,113,CIN,1,5,2,0.0,2022
663097,2022-10-02,112,CHC,1,113,CIN,1,6,3,0.0,2022
663096,2022-10-03,112,CHC,0,113,CIN,1,-1,4,257.0933763635692,2022
663243,2022-10-04,112,CHC,0,113,CIN,1,-2,5,0.0,2022
663131,2022-10-05,112,CHC,0,113,CIN,1,-3,6,0.0,2022
661577,2022-04-08,113,CIN,0,144,ATL,0,-1,1,359.8050212534856,2022
661576,2022-04-08,113,CIN,0,144,ATL,0,-2,2,0.0,2022
661575,2022-04-09,113,CIN,0,144,ATL,1,-3,3,0.0,2022
661573,2022-04-10,113,CIN,0,144,ATL,1,-4,4,0.0,2022
663088,2022-04-12,113,CIN,1,114,CLE,2,1,1,359.8050212534856,2022
663117,2022-04-13,113,CIN,1,114,CLE,1,2,2,0.0,2022
662627,2022-04-15,113,CIN,0,119,LAD,2,-1,1,1892.244174703444,2022
662620,2022-04-16,113,CIN,0,119,LAD,1,-2,2,0.0,2022
662618,2022-04-17,113,CIN,0,119,LAD,1,-3,3,0.0,2022
662619,2022-04-17,113,CIN,0,119,LAD,0,-4,4,0.0,2022
662233,2022-04-19,113,CIN,0,135,SD,2,-5,1,113.20881075215142,2022
662232,2022-04-20,113,CIN,0,135,SD,1,-6,2,0.0,2022
662231,2022-04-20,113,CIN,0,135,SD,0,-7,3,0.0,2022
663169,2022-04-22,113,CIN,1,138,STL,2,1,1,1869.1251200134675,2022
663100,2022-04-23,113,CIN,1,138,STL,1,2,2,0.0,2022
663111,2022-04-24,113,CIN,1,138,STL,1,3,3,0.0,2022
663079,2022-04-26,113,CIN,1,135,SD,2,4,1,0.0,2022
663148,2022-04-27,113,CIN,1,135,SD,1,5,2,0.0,2022
663078,2022-04-28,113,CIN,1,135,SD,1,6,3,0.0,2022
663009,2022-04-30,113,CIN,0,115,COL,2,-1,1,1091.971068685176,2022
663008,2022-05-01,113,CIN,0,115,COL,1,-2,2,0.0,2022
663007,2022-05-01,113,CIN,0,115,COL,0,-3,3,0.0,2022
661200,2022-05-03,113,CIN,0,158,MIL,2,-4,1,909.1622358795455,2022
661197,2022-05-04,113,CIN,0,158,MIL,1,-5,2,0.0,2022
661204,2022-05-05,113,CIN,0,158,MIL,1,-6,3,0.0,2022
663089,2022-05-07,113,CIN,1,134,PIT,1,2,2,0.0,2022
663070,2022-05-07,113,CIN,1,134,PIT,0,3,3,0.0,2022
663069,2022-05-08,113,CIN,1,134,PIT,1,4,4,0.0,2022
663101,2022-05-09,113,CIN,1,158,MIL,1,5,1,0.0,2022
663090,2022-05-10,113,CIN,1,158,MIL,1,6,2,0.0,2022
663074,2022-05-11,113,CIN,1,158,MIL,1,7,3,0.0,2022
662372,2022-05-12,113,CIN,0,134,PIT,1,-1,1,256.6044671740272,2022
662494,2022-05-13,113,CIN,0,134,PIT,1,-2,2,0.0,2022
662384,2022-05-14,113,CIN,0,134,PIT,1,-3,3,0.0,2022
662519,2022-05-15,113,CIN,0,134,PIT,1,-4,4,0.0,2022
663032,2022-05-17,113,CIN,0,114,CLE,2,-5,1,113.72517024270446,2022
663043,2022-05-19,113,CIN,0,114,CLE,1,-7,3,0.0,2022
661766,2022-05-20,113,CIN,0,141,TOR,1,-8,1,188.71684847115282,2022
661793,2022-05-21,113,CIN,0,141,TOR,1,-9,2,0.0,2022
661763,2022-05-22,113,CIN,0,141,TOR,1,-10,3,0.0,2022
663073,2022-05-23,113,CIN,1,112,CHC,1,1,1,410.94298565561166,2022
663103,2022-05-24,113,CIN,1,112,CHC,1,2,2,0.0,2022
663082,2022-05-25,113,CIN,1,112,CHC,1,3,3,0.0,2022
663081,2022-05-26,113,CIN,1,112,CHC,1,4,4,0.0,2022
663080,2022-05-27,113,CIN,1,137,SF,1,5,1,0.0,2022
663118,2022-05-28,113,CIN,1,137,SF,1,6,2,0.0,2022
663072,2022-05-29,113,CIN,1,137,SF,1,7,3,0.0,2022
663297,2022-05-31,113,CIN,0,111,BOS,2,-1,1,736.3670721136276,2022
663296,2022-06-01,113,CIN,0,111,BOS,1,-2,2,0.0,2022
663091,2022-06-02,113,CIN,1,120,WSH,1,1,1,736.3670721136276,2022
663119,2022-06-03,113,CIN,1,120,WSH,1,2,2,0.0,2022
663102,2022-06-04,113,CIN,1,120,WSH,1,3,3,0.0,2022
663058,2022-06-05,113,CIN,1,120,WSH,1,4,4,0.0,2022
663065,2022-06-06,113,CIN,1,109,ARI,1,5,1,0.0,2022
663064,2022-06-07,113,CIN,1,109,ARI,1,6,2,0.0,2022
663050,2022-06-08,113,CIN,1,109,ARI,1,7,3,0.0,2022
663049,2022-06-09,113,CIN,1,109,ARI,1,8,4,0.0,2022
661983,2022-06-11,113,CIN,0,138,STL,2,-1,1,307.56531909433545,2022
661976,2022-06-11,113,CIN,0,138,STL,0,-2,2,0.0,2022
661975,2022-06-12,113,CIN,0,138,STL,1,-3,3,0.0,2022
663345,2022-06-14,113,CIN,0,109,ARI,2,-4,1,1270.0024589462362,2022
663342,2022-06-15,113,CIN,0,109,ARI,1,-5,2,0.0,2022
663336,2022-06-15,113,CIN,0,109,ARI,0,-6,3,0.0,2022
663063,2022-06-17,113,CIN,1,158,MIL,2,1,1,1577.4551559276624,2022
663062,2022-06-18,113,CIN,1,158,MIL,1,2,2,0.0,2022
663061,2022-06-19,113,CIN,1,158,MIL,1,3,3,0.0,2022
663041,2022-06-21,113,CIN,1,119,LAD,2,4,1,0.0,2022
663040,2022-06-22,113,CIN,1,119,LAD,1,5,2,0.0,2022
663039,2022-06-23,113,CIN,1,119,LAD,1,6,3,0.0,2022
662083,2022-06-25,113,CIN,0,137,SF,2,-1,1,2037.340018250872,2022
662067,2022-06-25,113,CIN,0,137,SF,0,-2,2,0.0,2022
662061,2022-06-26,113,CIN,0,137,SF,1,-3,3,0.0,2022
663231,2022-06-29,113,CIN,0,112,CHC,3,-4,1,1851.6696488043885,2022
663215,2022-06-30,113,CIN,0,112,CHC,1,-5,2,0.0,2022
663199,2022-07-01,113,CIN,0,112,CHC,1,-6,3,0.0,2022
663038,2022-07-01,113,CIN,1,144,ATL,0,1,1,257.0933763635692,2022
663037,2022-07-02,113,CIN,1,144,ATL,1,2,2,0.0,2022
663052,2022-07-03,113,CIN,1,144,ATL,1,3,3,0.0,2022
663036,2022-07-04,113,CIN,1,121,NYM,1,4,1,0.0,2022
663035,2022-07-05,113,CIN,1,121,NYM,1,5,2,0.0,2022
663051,2022-07-06,113,CIN,1,121,NYM,1,6,3,0.0,2022
663071,2022-07-07,113,CIN,1,134,PIT,1,7,1,0.0,2022
663140,2022-07-07,113,CIN,1,134,PIT,0,8,2,0.0,2022
663053,2022-07-08,113,CIN,1,139,TB,1,9,1,0.0,2022
663092,2022-07-09,113,CIN,1,139,TB,1,10,2,0.0,2022
663048,2022-07-10,113,CIN,1,139,TB,1,11,3,0.0,2022
661262,2022-07-12,113,CIN,0,147,NYY,2,-1,1,572.6665954672798,2022
661269,2022-07-13,113,CIN,0,147,NYY,1,-2,2,0.0,2022
661261,2022-07-14,113,CIN,0,147,NYY,1,-3,3,0.0,2022
661966,2022-07-16,113,CIN,0,138,STL,2,-4,1,876.4777308955582,2022
661116,2022-07-16,113,CIN,0,138,STL,0,-5,2,0.0,2022
663060,2022-07-22,113,CIN,1,138,STL,5,1,4,307.56531909433545,2022
663047,2022-07-23,113,CIN,1,138,STL,1,2,5,0.0,2022
663059,2022-07-24,113,CIN,1,138,STL,1,3,6,0.0,2022
663046,2022-07-25,113,CIN,1,146,MIA,1,4,1,0.0,2022
663029,2022-07-26,113,CIN,1,146,MIA,1,5,2,0.0,2022
663028,2022-07-27,113,CIN,1,146,MIA,1,6,3,0.0,2022
663027,2022-07-28,113,CIN,1,146,MIA,1,7,4,0.0,2022
663026,2022-07-29,113,CIN,1,110,BAL,1,8,1,0.0,2022
663025,2022-07-30,113,CIN,1,110,BAL,1,9,2,0.0,2022
663024,2022-07-31,113,CIN,1,110,BAL,1,10,3,0.0,2022
661369,2022-08-01,113,CIN,0,146,MIA,1,-1,1,953.4072522903118,2022
661368,2022-08-02,113,CIN,0,146,MIA,1,-2,2,0.0,2022
661367,2022-08-03,113,CIN,0,146,MIA,1,-3,3,0.0,2022
661174,2022-08-06,113,CIN,0,158,MIL,3,-4,1,1269.7716502102464,2022
661173,2022-08-06,113,CIN,0,158,MIL,0,-5,2,0.0,2022
661172,2022-08-07,113,CIN,0,158,MIL,1,-6,3,0.0,2022
662445,2022-08-08,113,CIN,0,121,NYM,1,-7,1,742.3438729688163,2022
662444,2022-08-09,113,CIN,0,121,NYM,1,-8,2,0.0,2022
662443,2022-08-10,113,CIN,0,121,NYM,1,-9,3,0.0,2022
663023,2022-08-11,113,CIN,1,112,CHC,1,1,1,576.1040985787001,2022
663022,2022-08-13,113,CIN,1,112,CHC,2,2,2,0.0,2022
663021,2022-08-14,113,CIN,1,112,CHC,1,3,3,0.0,2022
663020,2022-08-15,113,CIN,1,143,PHI,1,4,1,0.0,2022
663019,2022-08-16,113,CIN,1,143,PHI,1,5,2,0.0,2022
663017,2022-08-17,113,CIN,1,143,PHI,1,6,3,0.0,2022
662396,2022-08-19,113,CIN,0,134,PIT,2,-1,1,256.6044671740272,2022
662395,2022-08-20,113,CIN,0,134,PIT,1,-2,2,0.0,2022
662300,2022-08-21,113,CIN,0,134,PIT,1,-3,3,0.0,2022
661601,2022-08-22,113,CIN,0,143,PHI,1,-4,1,258.1684392529645,2022
661600,2022-08-23,113,CIN,0,143,PHI,1,-5,2,0.0,2022
661605,2022-08-24,113,CIN,0,143,PHI,1,-6,3,0.0,2022
661604,2022-08-25,113,CIN,0,143,PHI,1,-7,4,0.0,2022
662469,2022-08-26,113,CIN,0,120,WSH,1,-8,1,121.48691857607562,2022
662468,2022-08-27,113,CIN,0,120,WSH,1,-9,2,0.0,2022
662467,2022-08-28,113,CIN,0,120,WSH,1,-10,3,0.0,2022
663018,2022-08-29,113,CIN,1,138,STL,1,1,1,403.05254469244744,2022
663137,2022-08-30,113,CIN,1,138,STL,1,2,2,0.0,2022
662995,2022-08-31,113,CIN,1,138,STL,1,3,3,0.0,2022
663133,2022-09-02,113,CIN,1,115,COL,2,4,1,0.0,2022
663108,2022-09-04,113,CIN,1,115,COL,1,6,3,0.0,2022
663107,2022-09-04,113,CIN,1,115,COL,0,7,4,0.0,2022
663242,2022-09-06,113,CIN,0,112,CHC,2,-1,1,257.0933763635692,2022
663168,2022-09-07,113,CIN,0,112,CHC,1,-2,2,0.0,2022
663241,2022-09-08,113,CIN,0,112,CHC,1,-3,3,0.0,2022
661185,2022-09-10,113,CIN,0,158,MIL,2,-4,1,76.31439882124853,2022
661175,2022-09-10,113,CIN,0,158,MIL,0,-5,2,0.0,2022
661176,2022-09-11,113,CIN,0,158,MIL,1,-6,3,0.0,2022
663085,2022-09-12,113,CIN,1,134,PIT,1,1,1,325.9595383372329,2022
663158,2022-09-13,113,CIN,1,134,PIT,1,2,2,0.0,2022
663106,2022-09-13,113,CIN,1,134,PIT,0,3,3,0.0,2022
663006,2022-09-14,113,CIN,1,134,PIT,1,4,4,0.0,2022
661919,2022-09-15,113,CIN,0,138,STL,1,-1,1,307.56531909433545,2022
661953,2022-09-17,113,CIN,0,138,STL,2,-2,2,0.0,2022
661965,2022-09-17,113,CIN,0,138,STL,0,-3,3,0.0,2022
661952,2022-09-17,113,CIN,0,138,STL,0,-4,4,0.0,2022
661930,2022-09-18,113,CIN,0,138,STL,1,-5,5,0.0,2022
663104,2022-09-20,113,CIN,1,111,BOS,2,1,1,307.56531909433545,2022
661070,2022-09-21,113,CIN,1,111,BOS,1,2,2,0.0,2022
661069,2022-09-22,113,CIN,1,158,MIL,1,3,1,0.0,2022
661068,2022-09-23,113,CIN,1,158,MIL,1,4,2,0.0,2022
661067,2022-09-24,113,CIN,1,158,MIL,1,5,3,0.0,2022
661066,2022-09-25,113,CIN,1,158,MIL,1,6,4,0.0,2022
662242,2022-09-26,113,CIN,0,134,PIT,1,-1,1,256.6044671740272,2022
662241,2022-09-27,113,CIN,0,134,PIT,1,-2,2,0.0,2022
662240,2022-09-28,113,CIN,0,134,PIT,1,-3,3,0.0,2022
663099,2022-09-30,113,CIN,0,112,CHC,2,-4,1,410.8665423703318,2022
663167,2022-10-01,113,CIN,0,112,CHC,1,-5,2,0.0,2022
663097,2022-10-02,113,CIN,0,112,CHC,1,-6,3,0.0,2022
663096,2022-10-03,113,CIN,1,112,CHC,1,1,4,257.0933763635692,2022
663243,2022-10-04,113,CIN,1,112,CHC,1,2,5,0.0,2022
663131,2022-10-05,113,CIN,1,112,CHC,1,3,6,0.0,2022
662766,2022-04-07,114,CLE,0,118,KC,0,-1,1,694.6429853897519,2022
662765,2022-04-09,114,CLE,0,118,KC,2,-2,2,0.0,2022
662755,2022-04-10,114,CLE,0,118,KC,1,-3,3,0.0,2022
662754,2022-04-11,114,CLE,0,118,KC,1,-4,4,0.0,2022
663088,2022-04-12,114,CLE,0,113,CIN,1,-5,1,534.6651070230836,2022
663117,2022-04-13,114,CLE,0,113,CIN,1,-6,2,0.0,2022
663136,2022-04-15,114,CLE,1,137,SF,2,1,1,222.67421009904183,2022
663076,2022-04-16,114,CLE,1,137,SF,1,2,2,0.0,2022
663132,2022-04-17,114,CLE,1,137,SF,1,3,3,0.0,2022
663094,2022-04-20,114,CLE,1,145,CWS,1,6,3,0.0,2022
663075,2022-04-20,114,CLE,1,145,CWS,0,7,4,0.0,2022
663093,2022-04-21,114,CLE,1,145,CWS,1,8,5,0.0,2022
661311,2022-04-22,114,CLE,0,147,NYY,1,-1,1,406.0987517437095,2022
661310,2022-04-23,114,CLE,0,147,NYY,1,-2,2,0.0,2022
661317,2022-04-24,114,CLE,0,147,NYY,1,-3,3,0.0,2022
661034,2022-04-26,114,CLE,0,108,LAA,2,-4,1,2437.723840222542,2022
661032,2022-04-27,114,CLE,0,108,LAA,1,-5,2,0.0,2022
663439,2022-04-28,114,CLE,0,108,LAA,1,-6,3,0.0,2022
663432,2022-04-28,114,CLE,0,108,LAA,0,-7,4,0.0,2022
662393,2022-04-30,114,CLE,0,133,OAK,2,-8,1,364.7793033141838,2022
662405,2022-04-30,114,CLE,0,133,OAK,0,-9,2,0.0,2022
662397,2022-05-01,114,CLE,0,133,OAK,1,-10,3,0.0,2022
663067,2022-05-04,114,CLE,1,135,SD,1,2,2,0.0,2022
663068,2022-05-04,114,CLE,1,135,SD,0,3,3,0.0,2022
663066,2022-05-05,114,CLE,1,141,TOR,1,4,1,0.0,2022
663056,2022-05-07,114,CLE,1,141,TOR,1,6,3,0.0,2022
663057,2022-05-07,114,CLE,1,141,TOR,0,7,4,0.0,2022
663086,2022-05-08,114,CLE,1,141,TOR,1,8,5,0.0,2022
661525,2022-05-10,114,CLE,0,145,CWS,2,-1,1,307.8720964038074,2022
661524,2022-05-11,114,CLE,0,145,CWS,1,-2,2,0.0,2022
661698,2022-05-14,114,CLE,0,142,MIN,3,-4,1,357.20870712294794,2022
661695,2022-05-14,114,CLE,0,142,MIN,0,-5,2,0.0,2022
661732,2022-05-15,114,CLE,0,142,MIN,1,-6,3,0.0,2022
663032,2022-05-17,114,CLE,1,113,CIN,2,1,1,630.5553923040089,2022
663043,2022-05-19,114,CLE,1,113,CIN,1,3,3,0.0,2022
663135,2022-05-20,114,CLE,1,116,DET,1,4,1,0.0,2022
663120,2022-05-22,114,CLE,1,116,DET,1,6,3,0.0,2022
662858,2022-05-24,114,CLE,0,117,HOU,2,-1,1,1114.100496699443,2022
662846,2022-05-25,114,CLE,0,117,HOU,1,-2,2,0.0,2022
662845,2022-05-26,114,CLE,0,117,HOU,1,-3,3,0.0,2022
662842,2022-05-26,114,CLE,0,116,DET,0,-4,1,1105.8761830717617,2022
662852,2022-05-28,114,CLE,0,116,DET,1,-6,3,0.0,2022
662840,2022-05-29,114,CLE,0,116,DET,1,-7,4,0.0,2022
663109,2022-05-30,114,CLE,1,118,KC,1,1,1,91.12804978214932,2022
663034,2022-05-31,114,CLE,1,118,KC,1,2,2,0.0,2022
663031,2022-06-01,114,CLE,1,118,KC,1,3,3,0.0,2022
661058,2022-06-03,114,CLE,0,110,BAL,2,-1,1,307.1364885665357,2022
661346,2022-06-04,114,CLE,0,110,BAL,1,-2,2,0.0,2022
661151,2022-06-05,114,CLE,0,110,BAL,1,-3,3,0.0,2022
663122,2022-06-07,114,CLE,1,140,TEX,1,2,2,0.0,2022
663134,2022-06-07,114,CLE,1,140,TEX,0,3,3,0.0,2022
663055,2022-06-08,114,CLE,1,140,TEX,1,4,4,0.0,2022
663015,2022-06-09,114,CLE,1,133,OAK,1,5,1,0.0,2022
663014,2022-06-10,114,CLE,1,133,OAK,1,6,2,0.0,2022
663084,2022-06-11,114,CLE,1,133,OAK,1,7,3,0.0,2022
663083,2022-06-12,114,CLE,1,133,OAK,1,8,4,0.0,2022
662935,2022-06-15,114,CLE,0,115,COL,3,-1,1,1224.5647941257084,2022
662893,2022-06-16,114,CLE,0,115,COL,1,-2,2,0.0,2022
662986,2022-06-16,114,CLE,0,115,COL,0,-3,3,0.0,2022
662719,2022-06-18,114,CLE,0,119,LAD,2,-4,1,829.208728545356,2022
662686,2022-06-18,114,CLE,0,119,LAD,0,-5,2,0.0,2022
662590,2022-06-19,114,CLE,0,119,LAD,1,-6,3,0.0,2022
661677,2022-06-21,114,CLE,0,142,MIN,2,-7,1,1519.9504822292802,2022
661690,2022-06-22,114,CLE,0,142,MIN,1,-8,2,0.0,2022
661685,2022-06-23,114,CLE,0,142,MIN,1,-9,3,0.0,2022
663054,2022-06-24,114,CLE,1,111,BOS,1,1,1,630.5553923040089,2022
663042,2022-06-25,114,CLE,1,111,BOS,1,2,2,0.0,2022
663121,2022-06-26,114,CLE,1,111,BOS,1,3,3,0.0,2022
663016,2022-06-27,114,CLE,1,142,MIN,1,4,1,0.0,2022
663045,2022-06-28,114,CLE,1,142,MIN,1,5,2,0.0,2022
663033,2022-06-28,114,CLE,1,142,MIN,0,6,3,0.0,2022
663030,2022-06-29,114,CLE,1,142,MIN,1,7,4,0.0,2022
662983,2022-06-30,114,CLE,1,142,MIN,1,8,5,0.0,2022
662964,2022-07-02,114,CLE,1,147,NYY,1,10,2,0.0,2022
662954,2022-07-02,114,CLE,1,147,NYY,0,11,3,0.0,2022
662957,2022-07-03,114,CLE,1,147,NYY,1,12,4,0.0,2022
662841,2022-07-04,114,CLE,0,116,DET,1,-1,1,91.12804978214932,2022
662906,2022-07-04,114,CLE,0,116,DET,0,-2,2,0.0,2022
662905,2022-07-05,114,CLE,0,116,DET,1,-3,3,0.0,2022
662814,2022-07-06,114,CLE,0,116,DET,1,-4,4,0.0,2022
662614,2022-07-09,114,CLE,0,118,KC,3,-5,1,639.8841499405022,2022
662663,2022-07-09,114,CLE,0,118,KC,0,-6,2,0.0,2022
662662,2022-07-10,114,CLE,0,118,KC,1,-7,3,0.0,2022
662956,2022-07-11,114,CLE,1,145,CWS,1,1,1,694.6429853897519,2022
663087,2022-07-12,114,CLE,1,145,CWS,1,2,2,0.0,2022
662976,2022-07-12,114,CLE,1,145,CWS,0,3,3,0.0,2022
662949,2022-07-13,114,CLE,1,145,CWS,1,4,4,0.0,2022
663123,2022-07-14,114,CLE,1,116,DET,1,5,1,0.0,2022
662942,2022-07-15,114,CLE,1,116,DET,1,6,2,0.0,2022
662952,2022-07-16,114,CLE,1,116,DET,1,7,3,0.0,2022
661409,2022-07-23,114,CLE,0,145,CWS,6,-1,1,307.8720964038074,2022
661523,2022-07-23,114,CLE,0,145,CWS,0,-2,2,0.0,2022
661408,2022-07-23,114,CLE,0,145,CWS,0,-3,3,0.0,2022
661407,2022-07-24,114,CLE,0,145,CWS,1,-4,4,0.0,2022
663219,2022-07-25,114,CLE,0,111,BOS,1,-5,1,847.3821391741471,2022
663203,2022-07-26,114,CLE,0,111,BOS,1,-6,2,0.0,2022
663191,2022-07-27,114,CLE,0,111,BOS,1,-7,3,0.0,2022
663200,2022-07-28,114,CLE,0,111,BOS,1,-8,4,0.0,2022
661871,2022-07-29,114,CLE,0,139,TB,1,-9,1,1198.2270597762317,2022
661870,2022-07-30,114,CLE,0,139,TB,1,-10,2,0.0,2022
661869,2022-07-31,114,CLE,0,139,TB,1,-11,3,0.0,2022
662947,2022-08-01,114,CLE,1,109,ARI,1,1,1,950.1419996181558,2022
662941,2022-08-02,114,CLE,1,109,ARI,1,2,2,0.0,2022
662946,2022-08-03,114,CLE,1,109,ARI,1,3,3,0.0,2022
662975,2022-08-04,114,CLE,1,117,HOU,1,4,1,0.0,2022
662945,2022-08-05,114,CLE,1,117,HOU,1,5,2,0.0,2022
662937,2022-08-06,114,CLE,1,117,HOU,1,6,3,0.0,2022
662944,2022-08-07,114,CLE,1,117,HOU,1,7,4,0.0,2022
662793,2022-08-09,114,CLE,0,116,DET,2,-1,1,91.12804978214932,2022
662791,2022-08-10,114,CLE,0,116,DET,1,-2,2,0.0,2022
662790,2022-08-11,114,CLE,0,116,DET,1,-3,3,0.0,2022
661710,2022-08-12,114,CLE,0,141,TOR,1,-4,1,205.64835449402668,2022
661709,2022-08-13,114,CLE,0,141,TOR,1,-5,2,0.0,2022
661708,2022-08-14,114,CLE,0,141,TOR,1,-6,3,0.0,2022
662977,2022-08-15,114,CLE,1,116,DET,1,1,1,188.71684847115282,2022
662948,2022-08-15,114,CLE,1,116,DET,0,2,2,0.0,2022
662943,2022-08-16,114,CLE,1,116,DET,1,3,3,0.0,2022
662951,2022-08-17,114,CLE,1,116,DET,1,4,4,0.0,2022
662936,2022-08-19,114,CLE,1,145,CWS,2,5,1,0.0,2022
662953,2022-08-20,114,CLE,1,145,CWS,1,6,2,0.0,2022
662213,2022-08-24,114,CLE,0,135,SD,3,-1,1,2030.8748360718175,2022
662212,2022-08-24,114,CLE,0,135,SD,0,-2,2,0.0,2022
662141,2022-08-25,114,CLE,0,136,SEA,1,-3,1,1063.509772580899,2022
662143,2022-08-27,114,CLE,0,136,SEA,2,-4,2,0.0,2022
662140,2022-08-28,114,CLE,0,136,SEA,1,-5,3,0.0,2022
662139,2022-08-28,114,CLE,0,136,SEA,0,-6,4,0.0,2022
662973,2022-08-30,114,CLE,1,110,BAL,2,1,1,2021.2763610125958,2022
662972,2022-08-31,114,CLE,1,110,BAL,1,2,2,0.0,2022
662971,2022-09-01,114,CLE,1,110,BAL,1,3,3,0.0,2022
662961,2022-09-02,114,CLE,1,136,SEA,1,4,1,0.0,2022
662963,2022-09-03,114,CLE,1,136,SEA,1,5,2,0.0,2022
662962,2022-09-04,114,CLE,1,136,SEA,1,6,3,0.0,2022
662646,2022-09-06,114,CLE,0,118,KC,2,-1,1,694.6429853897519,2022
662644,2022-09-07,114,CLE,0,118,KC,1,-2,2,0.0,2022
662643,2022-09-08,114,CLE,0,118,KC,1,-3,3,0.0,2022
661650,2022-09-10,114,CLE,0,142,MIN,2,-4,1,414.3585559282368,2022
661665,2022-09-10,114,CLE,0,142,MIN,0,-5,2,0.0,2022
661647,2022-09-11,114,CLE,0,142,MIN,1,-6,3,0.0,2022
662970,2022-09-12,114,CLE,1,108,LAA,1,1,1,630.5553923040089,2022
662965,2022-09-13,114,CLE,1,108,LAA,1,2,2,0.0,2022
662969,2022-09-14,114,CLE,1,108,LAA,1,3,3,0.0,2022
662974,2022-09-15,114,CLE,1,145,CWS,1,4,1,0.0,2022
662959,2022-09-16,114,CLE,1,142,MIN,1,5,1,0.0,2022
663141,2022-09-17,114,CLE,1,142,MIN,1,6,2,0.0,2022
662958,2022-09-17,114,CLE,1,142,MIN,0,7,3,0.0,2022
662968,2022-09-18,114,CLE,1,142,MIN,1,8,4,0.0,2022
663044,2022-09-19,114,CLE,1,142,MIN,1,9,5,0.0,2022
661434,2022-09-21,114,CLE,0,145,CWS,2,-1,1,307.8720964038074,2022
661433,2022-09-22,114,CLE,0,145,CWS,1,-2,2,0.0,2022
661432,2022-09-23,114,CLE,0,145,CWS,1,-3,3,0.0,2022
661805,2022-09-24,114,CLE,0,140,TEX,1,-4,1,813.378310893269,2022
661807,2022-09-24,114,CLE,0,140,TEX,0,-5,2,0.0,2022
661828,2022-09-25,114,CLE,0,140,TEX,1,-6,3,0.0,2022
662955,2022-09-27,114,CLE,1,139,TB,2,1,1,1038.947571490186,2022
662967,2022-09-28,114,CLE,1,139,TB,1,2,2,0.0,2022
662932,2022-09-29,114,CLE,1,139,TB,1,3,3,0.0,2022
662940,2022-09-30,114,CLE,1,118,KC,1,4,1,0.0,2022
662939,2022-10-01,114,CLE,1,118,KC,1,5,2,0.0,2022
662938,2022-10-02,114,CLE,1,118,KC,1,6,3,0.0,2022
663105,2022-10-03,114,CLE,1,118,KC,1,7,4,0.0,2022
663077,2022-10-04,114,CLE,1,118,KC,1,8,5,0.0,2022
663095,2022-10-05,114,CLE,1,118,KC,1,9,6,0.0,2022
662933,2022-04-08,115,COL,1,119,LAD,0,1,1,0.0,2022
662931,2022-04-10,115,COL,1,119,LAD,2,2,2,0.0,2022
662934,2022-04-10,115,COL,1,119,LAD,0,3,3,0.0,2022
662042,2022-04-11,115,COL,0,140,TEX,1,-1,1,654.0900182055016,2022
661995,2022-04-13,115,COL,0,140,TEX,2,-2,2,0.0,2022
662950,2022-04-15,115,COL,1,112,CHC,2,1,1,654.0900182055016,2022
662960,2022-04-16,115,COL,1,112,CHC,1,2,2,0.0,2022
662966,2022-04-17,115,COL,1,112,CHC,1,3,3,0.0,2022
662930,2022-04-17,115,COL,1,112,CHC,0,4,4,0.0,2022
662929,2022-04-19,115,COL,1,143,PHI,2,5,1,0.0,2022
662925,2022-04-20,115,COL,1,143,PHI,1,6,2,0.0,2022
662924,2022-04-20,115,COL,1,143,PHI,0,7,3,0.0,2022
662848,2022-04-23,115,COL,0,116,DET,1,-2,2,0.0,2022
662849,2022-04-23,115,COL,0,116,DET,0,-3,3,0.0,2022
662853,2022-04-24,115,COL,0,116,DET,1,-4,4,0.0,2022
661639,2022-04-25,115,COL,0,143,PHI,1,-5,1,443.15200200788263,2022
661567,2022-04-26,115,COL,0,143,PHI,1,-6,2,0.0,2022
661638,2022-04-27,115,COL,0,143,PHI,1,-7,3,0.0,2022
661641,2022-04-28,115,COL,0,143,PHI,1,-8,4,0.0,2022
663009,2022-04-30,115,COL,1,113,CIN,2,1,1,1575.3272730725726,2022
663008,2022-05-01,115,COL,1,113,CIN,1,2,2,0.0,2022
663007,2022-05-01,115,COL,1,113,CIN,0,3,3,0.0,2022
662994,2022-05-04,115,COL,1,120,WSH,3,4,1,0.0,2022
662993,2022-05-05,115,COL,1,120,WSH,1,5,2,0.0,2022
663013,2022-05-05,115,COL,1,120,WSH,0,6,3,0.0,2022
663360,2022-05-07,115,COL,0,109,ARI,2,-1,1,586.1530990190981,2022
663359,2022-05-08,115,COL,0,109,ARI,1,-2,2,0.0,2022
663368,2022-05-08,115,COL,0,109,ARI,0,-3,3,0.0,2022
662097,2022-05-10,115,COL,0,137,SF,2,-4,1,652.0636757078365,2022
662096,2022-05-11,115,COL,0,137,SF,1,-5,2,0.0,2022
662095,2022-05-11,115,COL,0,137,SF,0,-6,3,0.0,2022
663012,2022-05-14,115,COL,1,118,KC,3,1,1,945.5308694116128,2022
663011,2022-05-15,115,COL,1,118,KC,1,2,2,0.0,2022
663010,2022-05-15,115,COL,1,118,KC,0,3,3,0.0,2022
663005,2022-05-17,115,COL,1,137,SF,2,4,1,0.0,2022
663004,2022-05-18,115,COL,1,137,SF,1,5,2,0.0,2022
663003,2022-05-18,115,COL,1,137,SF,0,6,3,0.0,2022
663002,2022-05-21,115,COL,1,121,NYM,0,8,2,0.0,2022
662982,2022-05-22,115,COL,1,121,NYM,1,9,3,0.0,2022
663001,2022-05-22,115,COL,1,121,NYM,0,10,4,0.0,2022
662455,2022-05-23,115,COL,0,134,PIT,1,-1,1,1317.1736538054608,2022
662454,2022-05-24,115,COL,0,134,PIT,1,-2,2,0.0,2022
662453,2022-05-25,115,COL,0,134,PIT,1,-3,3,0.0,2022
662515,2022-05-26,115,COL,0,120,WSH,1,-4,1,193.0230929231441,2022
662514,2022-05-28,115,COL,0,120,WSH,1,-6,3,0.0,2022
662513,2022-05-28,115,COL,0,120,WSH,0,-7,4,0.0,2022
662512,2022-05-29,115,COL,0,120,WSH,1,-8,5,0.0,2022
662992,2022-05-30,115,COL,1,146,MIA,1,1,1,1491.3129647935543,2022
662991,2022-06-01,115,COL,1,146,MIA,0,3,3,0.0,2022
662981,2022-06-01,115,COL,1,146,MIA,0,4,4,0.0,2022
663000,2022-06-03,115,COL,1,144,ATL,2,5,1,0.0,2022
662980,2022-06-04,115,COL,1,144,ATL,1,6,2,0.0,2022
662987,2022-06-05,115,COL,1,144,ATL,1,7,3,0.0,2022
662990,2022-06-05,115,COL,1,144,ATL,0,8,4,0.0,2022
662092,2022-06-08,115,COL,0,137,SF,3,-1,1,945.5308694116128,2022
662094,2022-06-09,115,COL,0,137,SF,1,-2,2,0.0,2022
662091,2022-06-09,115,COL,0,137,SF,0,-3,3,0.0,2022
662251,2022-06-11,115,COL,0,135,SD,2,-4,1,458.03894144483473,2022
662275,2022-06-11,115,COL,0,135,SD,0,-5,2,0.0,2022
662222,2022-06-12,115,COL,0,135,SD,1,-6,3,0.0,2022
662256,2022-06-12,115,COL,0,135,SD,0,-7,4,0.0,2022
662935,2022-06-15,115,COL,1,114,CLE,3,1,1,833.4460828296096,2022
662893,2022-06-16,115,COL,1,114,CLE,1,2,2,0.0,2022
662986,2022-06-16,115,COL,1,114,CLE,0,3,3,0.0,2022
662985,2022-06-18,115,COL,1,135,SD,2,4,1,0.0,2022
662999,2022-06-19,115,COL,1,135,SD,1,5,2,0.0,2022
662998,2022-06-19,115,COL,1,135,SD,0,6,3,0.0,2022
661148,2022-06-21,115,COL,0,146,MIA,2,-1,1,1723.9912128319143,2022
661393,2022-06-22,115,COL,0,146,MIA,1,-2,2,0.0,2022
661392,2022-06-23,115,COL,0,146,MIA,1,-3,3,0.0,2022
661684,2022-06-25,115,COL,0,142,MIN,2,-4,1,1512.7164311689035,2022
661686,2022-06-25,115,COL,0,142,MIN,0,-5,2,0.0,2022
661692,2022-06-26,115,COL,0,142,MIN,1,-6,3,0.0,2022
662912,2022-06-28,115,COL,1,119,LAD,2,1,1,697.6486501293384,2022
662911,2022-06-29,115,COL,1,119,LAD,1,2,2,0.0,2022
662894,2022-06-30,115,COL,1,119,LAD,1,3,3,0.0,2022
662997,2022-07-02,115,COL,1,109,ARI,2,4,1,0.0,2022
662910,2022-07-03,115,COL,1,109,ARI,1,5,2,0.0,2022
662913,2022-07-03,115,COL,1,109,ARI,0,6,3,0.0,2022
662732,2022-07-05,115,COL,0,119,LAD,2,-1,1,829.208728545356,2022
662731,2022-07-06,115,COL,0,119,LAD,1,-2,2,0.0,2022
662630,2022-07-07,115,COL,0,119,LAD,1,-3,3,0.0,2022
663317,2022-07-08,115,COL,0,109,ARI,1,-4,1,357.22532088939374,2022
663319,2022-07-09,115,COL,0,109,ARI,1,-5,2,0.0,2022
663310,2022-07-09,115,COL,0,109,ARI,0,-6,3,0.0,2022
663307,2022-07-10,115,COL,0,109,ARI,1,-7,4,0.0,2022
662996,2022-07-12,115,COL,1,135,SD,2,1,1,586.1530990190981,2022
662984,2022-07-13,115,COL,1,135,SD,1,2,2,0.0,2022
661100,2022-07-14,115,COL,1,135,SD,1,3,3,0.0,2022
662895,2022-07-14,115,COL,1,135,SD,0,4,4,0.0,2022
661113,2022-07-16,115,COL,1,134,PIT,2,5,1,0.0,2022
661081,2022-07-16,115,COL,1,134,PIT,0,6,2,0.0,2022
661080,2022-07-17,115,COL,1,134,PIT,1,7,3,0.0,2022
661193,2022-07-23,115,COL,0,158,MIL,6,-1,1,909.1622358795455,2022
661201,2022-07-23,115,COL,0,158,MIL,0,-2,2,0.0,2022
661184,2022-07-24,115,COL,0,158,MIL,1,-3,3,0.0,2022
661231,2022-07-26,115,COL,0,158,MIL,2,-4,4,0.0,2022
661078,2022-07-27,115,COL,1,145,CWS,1,1,1,909.1622358795455,2022
661079,2022-07-27,115,COL,1,145,CWS,0,2,2,0.0,2022
661077,2022-07-29,115,COL,1,119,LAD,2,3,1,0.0,2022
661076,2022-07-30,115,COL,1,119,LAD,1,4,2,0.0,2022
662989,2022-07-31,115,COL,1,119,LAD,1,5,3,0.0,2022
662988,2022-07-31,115,COL,1,119,LAD,0,6,4,0.0,2022
662224,2022-08-02,115,COL,0,135,SD,2,-1,1,833.4460828296096,2022
662250,2022-08-02,115,COL,0,135,SD,0,-2,2,0.0,2022
662220,2022-08-03,115,COL,0,135,SD,1,-3,3,0.0,2022
662244,2022-08-04,115,COL,0,135,SD,1,-4,4,0.0,2022
662219,2022-08-04,115,COL,0,135,SD,0,-5,5,0.0,2022
663313,2022-08-06,115,COL,0,109,ARI,2,-6,1,299.07000924838377,2022
663288,2022-08-07,115,COL,0,109,ARI,1,-7,2,0.0,2022
663300,2022-08-07,115,COL,0,109,ARI,0,-8,3,0.0,2022
662979,2022-08-10,115,COL,1,138,STL,3,1,1,586.1530990190981,2022
662892,2022-08-11,115,COL,1,138,STL,1,2,2,0.0,2022
662891,2022-08-11,115,COL,1,138,STL,0,3,3,0.0,2022
662978,2022-08-13,115,COL,1,109,ARI,2,4,1,0.0,2022
662882,2022-08-14,115,COL,1,109,ARI,1,5,2,0.0,2022
662881,2022-08-14,115,COL,1,109,ARI,0,6,3,0.0,2022
661955,2022-08-16,115,COL,0,138,STL,2,-1,1,795.6297379917951,2022
661938,2022-08-17,115,COL,0,138,STL,1,-2,2,0.0,2022
661937,2022-08-18,115,COL,0,138,STL,1,-3,3,0.0,2022
662880,2022-08-20,115,COL,1,137,SF,2,1,1,795.6297379917951,2022
662878,2022-08-21,115,COL,1,137,SF,1,2,2,0.0,2022
662879,2022-08-21,115,COL,1,137,SF,0,3,3,0.0,2022
662876,2022-08-24,115,COL,1,140,TEX,3,4,1,0.0,2022
662877,2022-08-24,115,COL,1,140,TEX,0,5,2,0.0,2022
662433,2022-08-25,115,COL,0,121,NYM,1,-1,1,1635.3491066467502,2022
662432,2022-08-26,115,COL,0,121,NYM,1,-2,2,0.0,2022
662442,2022-08-27,115,COL,0,121,NYM,1,-3,3,0.0,2022
662446,2022-08-28,115,COL,0,121,NYM,1,-4,4,0.0,2022
661479,2022-08-30,115,COL,0,144,ATL,2,-5,1,751.1805618659844,2022
661478,2022-08-31,115,COL,0,144,ATL,1,-6,2,0.0,2022
661477,2022-09-01,115,COL,0,144,ATL,1,-7,3,0.0,2022
663133,2022-09-02,115,COL,0,113,CIN,1,-8,1,359.8050212534856,2022
663107,2022-09-04,115,COL,0,113,CIN,1,-10,3,0.0,2022
663108,2022-09-04,115,COL,0,113,CIN,0,-11,4,0.0,2022
662860,2022-09-05,115,COL,1,158,MIL,1,1,1,1091.971068685176,2022
662859,2022-09-07,115,COL,1,158,MIL,2,2,2,0.0,2022
662871,2022-09-07,115,COL,1,158,MIL,0,3,3,0.0,2022
662870,2022-09-10,115,COL,1,109,ARI,3,4,1,0.0,2022
662869,2022-09-11,115,COL,1,109,ARI,1,5,2,0.0,2022
662868,2022-09-11,115,COL,1,109,ARI,0,6,3,0.0,2022
661435,2022-09-14,115,COL,0,145,CWS,3,-1,1,917.7666362462637,2022
661436,2022-09-14,115,COL,0,145,CWS,0,-2,2,0.0,2022
663126,2022-09-16,115,COL,0,112,CHC,2,-3,1,8.262413783057372,2022
663129,2022-09-17,115,COL,0,112,CHC,1,-4,2,0.0,2022
663112,2022-09-18,115,COL,0,112,CHC,1,-5,3,0.0,2022
662886,2022-09-20,115,COL,1,137,SF,2,1,1,917.1571990207435,2022
662867,2022-09-21,115,COL,1,137,SF,1,2,2,0.0,2022
662899,2022-09-22,115,COL,1,137,SF,1,3,3,0.0,2022
662898,2022-09-22,115,COL,1,137,SF,0,4,4,0.0,2022
662897,2022-09-24,115,COL,1,135,SD,2,5,1,0.0,2022
662865,2022-09-25,115,COL,1,135,SD,1,6,2,0.0,2022
662866,2022-09-25,115,COL,1,135,SD,0,7,3,0.0,2022
662046,2022-09-28,115,COL,0,137,SF,3,-1,1,945.5308694116128,2022
662045,2022-09-29,115,COL,0,137,SF,1,-2,2,0.0,2022
662050,2022-09-30,115,COL,0,137,SF,1,-3,3,0.0,2022
662596,2022-10-01,115,COL,0,119,LAD,1,-4,1,345.5052646422354,2022
662595,2022-10-02,115,COL,0,119,LAD,1,-5,2,0.0,2022
662581,2022-10-02,115,COL,0,119,LAD,0,-6,3,0.0,2022
662629,2022-10-04,115,COL,0,119,LAD,2,-7,4,0.0,2022
662624,2022-10-05,115,COL,0,119,LAD,1,-8,5,0.0,2022
662623,2022-10-05,115,COL,0,119,LAD,0,-9,6,0.0,2022
662888,2022-04-08,116,DET,1,145,CWS,0,1,1,0.0,2022
662864,2022-04-09,116,DET,1,145,CWS,1,2,2,0.0,2022
662887,2022-04-10,116,DET,1,145,CWS,1,3,3,0.0,2022
662863,2022-04-11,116,DET,1,111,BOS,1,4,1,0.0,2022
662862,2022-04-12,116,DET,1,111,BOS,1,5,2,0.0,2022
662885,2022-04-13,116,DET,1,111,BOS,1,6,3,0.0,2022
662702,2022-04-15,116,DET,0,118,KC,2,-1,1,639.8841499405022,2022
662701,2022-04-16,116,DET,0,118,KC,1,-2,2,0.0,2022
662798,2022-04-16,116,DET,0,118,KC,0,-3,3,0.0,2022
662896,2022-04-19,116,DET,1,147,NYY,2,1,1,639.8841499405022,2022
662861,2022-04-20,116,DET,1,147,NYY,1,2,2,0.0,2022
662850,2022-04-21,116,DET,1,147,NYY,1,3,3,0.0,2022
662848,2022-04-23,116,DET,1,115,COL,1,5,2,0.0,2022
662849,2022-04-23,116,DET,1,115,COL,0,6,3,0.0,2022
662853,2022-04-24,116,DET,1,115,COL,1,7,4,0.0,2022
661733,2022-04-26,116,DET,0,142,MIN,2,-1,1,542.5071369450939,2022
661739,2022-04-27,116,DET,0,142,MIN,1,-2,2,0.0,2022
661729,2022-04-28,116,DET,0,142,MIN,1,-3,3,0.0,2022
662699,2022-04-30,116,DET,0,119,LAD,2,-4,1,1519.9504822292802,2022
662698,2022-05-01,116,DET,0,119,LAD,1,-5,2,0.0,2022
662716,2022-05-01,116,DET,0,119,LAD,0,-6,3,0.0,2022
662838,2022-05-04,116,DET,1,134,PIT,1,2,2,0.0,2022
662839,2022-05-04,116,DET,1,134,PIT,0,3,3,0.0,2022
662816,2022-05-06,116,DET,0,117,HOU,2,-1,1,1105.8761830717617,2022
662815,2022-05-07,116,DET,0,117,HOU,1,-2,2,0.0,2022
662796,2022-05-07,116,DET,0,117,HOU,0,-3,3,0.0,2022
662795,2022-05-08,116,DET,0,117,HOU,1,-4,4,0.0,2022
662837,2022-05-09,116,DET,1,133,OAK,1,1,1,1105.8761830717617,2022
662412,2022-05-10,116,DET,0,133,OAK,1,-1,2,2076.502664481492,2022
662855,2022-05-10,116,DET,1,133,OAK,0,1,3,2076.502664481492,2022
662873,2022-05-11,116,DET,1,133,OAK,1,2,4,0.0,2022
662872,2022-05-12,116,DET,1,133,OAK,1,3,5,0.0,2022
662851,2022-05-13,116,DET,1,110,BAL,1,4,1,0.0,2022
662844,2022-05-14,116,DET,1,110,BAL,1,5,2,0.0,2022
662843,2022-05-15,116,DET,1,110,BAL,1,6,3,0.0,2022
661961,2022-05-16,116,DET,0,139,TB,1,-1,1,1007.0448721012648,2022
662053,2022-05-17,116,DET,0,139,TB,1,-2,2,0.0,2022
662054,2022-05-18,116,DET,0,139,TB,1,-3,3,0.0,2022
663135,2022-05-20,116,DET,0,114,CLE,2,-4,1,950.1419996181558,2022
663120,2022-05-22,116,DET,0,114,CLE,1,-6,3,0.0,2022
661730,2022-05-23,116,DET,0,142,MIN,1,-7,1,630.5553923040089,2022
661699,2022-05-24,116,DET,0,142,MIN,1,-8,2,0.0,2022
661772,2022-05-25,116,DET,0,142,MIN,1,-9,3,0.0,2022
662842,2022-05-26,116,DET,1,114,CLE,1,1,1,542.5071369450939,2022
662852,2022-05-28,116,DET,1,114,CLE,1,3,3,0.0,2022
662840,2022-05-29,116,DET,1,114,CLE,1,4,4,0.0,2022
662854,2022-05-30,116,DET,1,142,MIN,1,5,1,0.0,2022
662806,2022-05-31,116,DET,1,142,MIN,1,6,2,0.0,2022
662836,2022-05-31,116,DET,1,142,MIN,0,7,3,0.0,2022
662833,2022-06-01,116,DET,1,142,MIN,1,8,4,0.0,2022
662832,2022-06-02,116,DET,1,142,MIN,1,9,5,0.0,2022
661318,2022-06-03,116,DET,0,147,NYY,1,-1,1,482.6121717715705,2022
661278,2022-06-04,116,DET,0,147,NYY,1,-2,2,0.0,2022
661277,2022-06-05,116,DET,0,147,NYY,1,-3,3,0.0,2022
662449,2022-06-07,116,DET,0,134,PIT,2,-4,1,319.800970833564,2022
662448,2022-06-08,116,DET,0,134,PIT,1,-5,2,0.0,2022
662831,2022-06-10,116,DET,1,141,TOR,2,1,1,204.84355160436255,2022
662830,2022-06-11,116,DET,1,141,TOR,1,2,2,0.0,2022
662829,2022-06-12,116,DET,1,141,TOR,1,3,3,0.0,2022
662828,2022-06-13,116,DET,1,145,CWS,1,4,1,0.0,2022
662884,2022-06-14,116,DET,1,145,CWS,1,5,2,0.0,2022
662883,2022-06-15,116,DET,1,145,CWS,1,6,3,0.0,2022
662827,2022-06-16,116,DET,1,140,TEX,1,7,1,0.0,2022
662826,2022-06-17,116,DET,1,140,TEX,1,8,2,0.0,2022
662802,2022-06-18,116,DET,1,140,TEX,1,9,3,0.0,2022
662807,2022-06-19,116,DET,1,140,TEX,1,10,4,0.0,2022
663253,2022-06-20,116,DET,0,111,BOS,1,-1,1,609.8730788976414,2022
663246,2022-06-21,116,DET,0,111,BOS,1,-2,2,0.0,2022
663252,2022-06-22,116,DET,0,111,BOS,1,-3,3,0.0,2022
663333,2022-06-25,116,DET,0,109,ARI,3,-4,1,2293.0518319285165,2022
663346,2022-06-26,116,DET,0,109,ARI,1,-5,2,0.0,2022
663331,2022-06-26,116,DET,0,109,ARI,0,-6,3,0.0,2022
662060,2022-06-29,116,DET,0,137,SF,3,-7,1,652.0636757078365,2022
662080,2022-06-29,116,DET,0,137,SF,0,-8,2,0.0,2022
662834,2022-07-01,116,DET,1,118,KC,2,1,1,2085.4382148086124,2022
662904,2022-07-02,116,DET,1,118,KC,1,2,2,0.0,2022
662794,2022-07-03,116,DET,1,118,KC,1,3,3,0.0,2022
662841,2022-07-04,116,DET,1,114,CLE,1,4,1,0.0,2022
662906,2022-07-04,116,DET,1,114,CLE,0,5,2,0.0,2022
662905,2022-07-05,116,DET,1,114,CLE,1,6,3,0.0,2022
662814,2022-07-06,116,DET,1,114,CLE,1,7,4,0.0,2022
661425,2022-07-08,116,DET,0,145,CWS,2,-1,1,237.7264337126216,2022
661412,2022-07-09,116,DET,0,145,CWS,1,-2,2,0.0,2022
661411,2022-07-09,116,DET,0,145,CWS,0,-3,3,0.0,2022
661410,2022-07-10,116,DET,0,145,CWS,1,-4,4,0.0,2022
662700,2022-07-11,116,DET,0,118,KC,1,-5,1,407.8477881651946,2022
662661,2022-07-12,116,DET,0,118,KC,1,-6,2,0.0,2022
662659,2022-07-13,116,DET,0,118,KC,1,-7,3,0.0,2022
662660,2022-07-13,116,DET,0,118,KC,0,-8,4,0.0,2022
663123,2022-07-14,116,DET,0,114,CLE,1,-9,1,694.6429853897519,2022
662942,2022-07-15,116,DET,0,114,CLE,1,-10,2,0.0,2022
662952,2022-07-16,116,DET,0,114,CLE,1,-11,3,0.0,2022
662411,2022-07-21,116,DET,0,133,OAK,4,-13,1,2151.964503269304,2022
662408,2022-07-21,116,DET,0,133,OAK,0,-14,2,0.0,2022
662902,2022-07-23,116,DET,1,142,MIN,2,1,1,2076.502664481492,2022
662901,2022-07-24,116,DET,1,142,MIN,1,2,2,0.0,2022
662809,2022-07-25,116,DET,1,135,SD,1,3,1,0.0,2022
662813,2022-07-26,116,DET,1,135,SD,1,4,2,0.0,2022
662900,2022-07-27,116,DET,1,135,SD,1,5,3,0.0,2022
661714,2022-07-28,116,DET,0,141,TOR,1,-1,1,205.64835449402668,2022
661713,2022-07-29,116,DET,0,141,TOR,1,-2,2,0.0,2022
661712,2022-07-30,116,DET,0,141,TOR,1,-3,3,0.0,2022
661711,2022-07-31,116,DET,0,141,TOR,1,-4,4,0.0,2022
661671,2022-08-01,116,DET,0,142,MIN,1,-5,1,692.024839424288,2022
661661,2022-08-02,116,DET,0,142,MIN,1,-6,2,0.0,2022
661664,2022-08-03,116,DET,0,142,MIN,1,-7,3,0.0,2022
662812,2022-08-04,116,DET,1,139,TB,1,1,1,542.5071369450939,2022
662811,2022-08-05,116,DET,1,139,TB,1,2,2,0.0,2022
662856,2022-08-06,116,DET,1,139,TB,1,3,3,0.0,2022
662810,2022-08-07,116,DET,1,139,TB,1,4,4,0.0,2022
662793,2022-08-09,116,DET,1,114,CLE,2,5,1,0.0,2022
662791,2022-08-10,116,DET,1,114,CLE,1,6,2,0.0,2022
662790,2022-08-11,116,DET,1,114,CLE,1,7,3,0.0,2022
661384,2022-08-12,116,DET,0,145,CWS,1,-1,1,237.7264337126216,2022
661383,2022-08-13,116,DET,0,145,CWS,1,-2,2,0.0,2022
661450,2022-08-14,116,DET,0,145,CWS,1,-3,3,0.0,2022
662948,2022-08-15,116,DET,0,114,CLE,1,-4,1,307.8720964038074,2022
662977,2022-08-15,116,DET,0,114,CLE,0,-5,2,0.0,2022
662943,2022-08-16,116,DET,0,114,CLE,1,-6,3,0.0,2022
662951,2022-08-17,116,DET,0,114,CLE,1,-7,4,0.0,2022
662808,2022-08-19,116,DET,1,108,LAA,2,1,1,91.12804978214932,2022
662917,2022-08-20,116,DET,1,108,LAA,1,2,2,0.0,2022
662805,2022-08-21,116,DET,1,108,LAA,1,3,3,0.0,2022
662914,2022-08-23,116,DET,1,137,SF,2,4,1,0.0,2022
662916,2022-08-24,116,DET,1,137,SF,1,5,2,0.0,2022
661786,2022-08-27,116,DET,0,140,TEX,3,-1,1,1012.5081459059959,2022
661785,2022-08-27,116,DET,0,140,TEX,0,-2,2,0.0,2022
661784,2022-08-28,116,DET,0,140,TEX,1,-3,3,0.0,2022
662804,2022-08-30,116,DET,1,136,SEA,2,1,1,1012.5081459059959,2022
662903,2022-08-31,116,DET,1,136,SEA,1,2,2,0.0,2022
662785,2022-09-01,116,DET,1,136,SEA,1,3,3,0.0,2022
662915,2022-09-02,116,DET,1,118,KC,1,4,1,0.0,2022
662803,2022-09-03,116,DET,1,118,KC,1,5,2,0.0,2022
662786,2022-09-04,116,DET,1,118,KC,1,6,3,0.0,2022
663434,2022-09-06,116,DET,0,108,LAA,2,-1,1,1969.013791743627,2022
663407,2022-09-07,116,DET,0,108,LAA,1,-2,2,0.0,2022
663409,2022-09-07,116,DET,0,108,LAA,0,-3,3,0.0,2022
662637,2022-09-10,116,DET,0,118,KC,3,-4,1,1346.5044522382782,2022
662636,2022-09-10,116,DET,0,118,KC,0,-5,2,0.0,2022
662635,2022-09-11,116,DET,0,118,KC,1,-6,3,0.0,2022
662782,2022-09-12,116,DET,1,117,HOU,1,1,1,639.8841499405022,2022
662787,2022-09-13,116,DET,1,117,HOU,1,2,2,0.0,2022
662792,2022-09-14,116,DET,1,117,HOU,1,3,3,0.0,2022
662781,2022-09-16,116,DET,1,145,CWS,2,4,1,0.0,2022
662784,2022-09-17,116,DET,1,145,CWS,1,5,2,0.0,2022
662783,2022-09-18,116,DET,1,145,CWS,1,6,3,0.0,2022
663263,2022-09-19,116,DET,0,110,BAL,1,-1,1,396.72723870572077,2022
663262,2022-09-20,116,DET,0,110,BAL,1,-2,2,0.0,2022
663261,2022-09-21,116,DET,0,110,BAL,1,-3,3,0.0,2022
661430,2022-09-24,116,DET,0,145,CWS,3,-4,1,603.7749623343499,2022
661431,2022-09-24,116,DET,0,145,CWS,0,-5,2,0.0,2022
661429,2022-09-25,116,DET,0,145,CWS,1,-6,3,0.0,2022
662774,2022-09-27,116,DET,1,118,KC,2,1,1,237.7264337126216,2022
662773,2022-09-28,116,DET,1,118,KC,1,2,2,0.0,2022
662772,2022-09-29,116,DET,1,118,KC,1,3,3,0.0,2022
662771,2022-09-30,116,DET,1,142,MIN,1,4,1,0.0,2022
662770,2022-10-01,116,DET,1,142,MIN,1,5,2,0.0,2022
662769,2022-10-02,116,DET,1,142,MIN,1,6,3,0.0,2022
662200,2022-10-04,116,DET,0,136,SEA,2,-1,1,1933.051781296917,2022
662199,2022-10-04,116,DET,0,136,SEA,0,-2,2,0.0,2022
662201,2022-10-04,116,DET,0,136,SEA,0,-3,3,0.0,2022
662195,2022-10-05,116,DET,0,136,SEA,1,-4,4,0.0,2022
661042,2022-04-08,117,HOU,0,108,LAA,0,-1,1,1349.4753249039884,2022
661041,2022-04-09,117,HOU,0,108,LAA,1,-2,2,0.0,2022
661040,2022-04-10,117,HOU,0,108,LAA,1,-3,3,0.0,2022
661039,2022-04-10,117,HOU,0,108,LAA,0,-4,4,0.0,2022
663411,2022-04-13,117,HOU,0,109,ARI,3,-5,1,335.4914545335198,2022
663341,2022-04-13,117,HOU,0,109,ARI,0,-6,2,0.0,2022
662192,2022-04-16,117,HOU,0,136,SEA,3,-7,1,1114.0691793592323,2022
662206,2022-04-17,117,HOU,0,136,SEA,1,-8,2,0.0,2022
662174,2022-04-17,117,HOU,0,136,SEA,0,-9,3,0.0,2022
662928,2022-04-19,117,HOU,1,108,LAA,2,1,1,1889.6158526975785,2022
662927,2022-04-20,117,HOU,1,108,LAA,1,2,2,0.0,2022
662926,2022-04-20,117,HOU,1,108,LAA,0,3,3,0.0,2022
662922,2022-04-23,117,HOU,1,141,TOR,3,4,1,0.0,2022
662875,2022-04-23,117,HOU,1,141,TOR,0,5,2,0.0,2022
662921,2022-04-24,117,HOU,1,141,TOR,1,6,3,0.0,2022
661979,2022-04-26,117,HOU,0,140,TEX,2,-1,1,230.66355960201378,2022
661980,2022-04-27,117,HOU,0,140,TEX,1,-2,2,0.0,2022
661964,2022-04-28,117,HOU,0,140,TEX,1,-3,3,0.0,2022
661912,2022-04-28,117,HOU,0,140,TEX,0,-4,4,0.0,2022
661826,2022-04-29,117,HOU,0,141,TOR,1,-5,1,1216.0025005666878,2022
661825,2022-04-30,117,HOU,0,141,TOR,1,-6,2,0.0,2022
661824,2022-05-01,117,HOU,0,141,TOR,1,-7,3,0.0,2022
662920,2022-05-03,117,HOU,1,136,SEA,2,1,1,1300.2748883372112,2022
662919,2022-05-04,117,HOU,1,136,SEA,1,2,2,0.0,2022
662835,2022-05-04,117,HOU,1,136,SEA,0,3,3,0.0,2022
662816,2022-05-06,117,HOU,1,116,DET,2,4,1,0.0,2022
662815,2022-05-07,117,HOU,1,116,DET,1,5,2,0.0,2022
662796,2022-05-07,117,HOU,1,116,DET,0,6,3,0.0,2022
662795,2022-05-08,117,HOU,1,116,DET,1,7,4,0.0,2022
661696,2022-05-10,117,HOU,0,142,MIN,2,-1,1,1058.038361560939,2022
661702,2022-05-12,117,HOU,0,142,MIN,1,-3,3,0.0,2022
661694,2022-05-12,117,HOU,0,142,MIN,0,-4,4,0.0,2022
662525,2022-05-13,117,HOU,0,120,WSH,1,-5,1,934.56271968754,2022
662547,2022-05-14,117,HOU,0,120,WSH,1,-6,2,0.0,2022
662528,2022-05-15,117,HOU,0,120,WSH,1,-7,3,0.0,2022
663275,2022-05-16,117,HOU,0,111,BOS,1,-8,1,391.9148119772238,2022
663271,2022-05-17,117,HOU,0,111,BOS,1,-9,2,0.0,2022
663270,2022-05-18,117,HOU,0,111,BOS,1,-10,3,0.0,2022
662778,2022-05-20,117,HOU,1,140,TEX,2,1,1,1601.3745489627004,2022
662763,2022-05-21,117,HOU,1,140,TEX,1,2,2,0.0,2022
662764,2022-05-21,117,HOU,1,140,TEX,0,3,3,0.0,2022
662857,2022-05-22,117,HOU,1,140,TEX,1,4,4,0.0,2022
662858,2022-05-24,117,HOU,1,114,CLE,2,5,1,0.0,2022
662846,2022-05-25,117,HOU,1,114,CLE,1,6,2,0.0,2022
662845,2022-05-26,117,HOU,1,114,CLE,1,7,3,0.0,2022
662132,2022-05-28,117,HOU,0,136,SEA,2,-1,1,1889.6158526975785,2022
662131,2022-05-29,117,HOU,0,136,SEA,1,-2,2,0.0,2022
662130,2022-05-29,117,HOU,0,136,SEA,0,-3,3,0.0,2022
662373,2022-05-30,117,HOU,0,133,OAK,1,-4,1,679.9392003432476,2022
662366,2022-06-01,117,HOU,0,133,OAK,2,-5,2,0.0,2022
662367,2022-06-01,117,HOU,0,133,OAK,0,-6,3,0.0,2022
662692,2022-06-04,117,HOU,0,118,KC,3,-7,1,1497.929836668995,2022
662689,2022-06-04,117,HOU,0,118,KC,0,-8,2,0.0,2022
662688,2022-06-05,117,HOU,0,118,KC,1,-9,3,0.0,2022
662762,2022-06-07,117,HOU,1,136,SEA,2,1,1,644.1456886709294,2022
662761,2022-06-08,117,HOU,1,136,SEA,1,2,2,0.0,2022
662760,2022-06-08,117,HOU,1,136,SEA,0,3,3,0.0,2022
662756,2022-06-11,117,HOU,1,146,MIA,3,4,1,0.0,2022
662759,2022-06-11,117,HOU,1,146,MIA,0,5,2,0.0,2022
662758,2022-06-12,117,HOU,1,146,MIA,1,6,3,0.0,2022
661881,2022-06-14,117,HOU,0,140,TEX,2,-1,1,230.66355960201378,2022
661880,2022-06-15,117,HOU,0,140,TEX,1,-2,2,0.0,2022
661845,2022-06-15,117,HOU,0,140,TEX,0,-3,3,0.0,2022
662757,2022-06-18,117,HOU,1,145,CWS,3,1,1,230.66355960201378,2022
662752,2022-06-18,117,HOU,1,145,CWS,0,2,2,0.0,2022
662751,2022-06-19,117,HOU,1,145,CWS,1,3,3,0.0,2022
662750,2022-06-22,117,HOU,1,121,NYM,3,4,1,0.0,2022
662749,2022-06-22,117,HOU,1,121,NYM,0,5,2,0.0,2022
661325,2022-06-23,117,HOU,0,147,NYY,1,-1,1,1424.3629806468848,2022
661274,2022-06-24,117,HOU,0,147,NYY,1,-2,2,0.0,2022
661271,2022-06-25,117,HOU,0,147,NYY,1,-3,3,0.0,2022
661273,2022-06-26,117,HOU,0,147,NYY,1,-4,4,0.0,2022
662521,2022-06-28,117,HOU,0,121,NYM,2,-5,1,6.541035356047549,2022
662440,2022-06-29,117,HOU,0,121,NYM,1,-6,2,0.0,2022
662788,2022-06-30,117,HOU,1,147,NYY,1,1,1,1425.994081762968,2022
662748,2022-07-02,117,HOU,1,108,LAA,2,2,1,0.0,2022
662890,2022-07-02,117,HOU,1,108,LAA,0,3,2,0.0,2022
662889,2022-07-03,117,HOU,1,108,LAA,1,4,3,0.0,2022
662874,2022-07-04,117,HOU,1,118,KC,1,5,1,0.0,2022
662847,2022-07-06,117,HOU,1,118,KC,2,6,2,0.0,2022
662746,2022-07-07,117,HOU,1,118,KC,1,7,3,0.0,2022
662747,2022-07-07,117,HOU,1,118,KC,0,8,4,0.0,2022
662352,2022-07-09,117,HOU,0,133,OAK,2,-1,1,1631.2403491139823,2022
662351,2022-07-09,117,HOU,0,133,OAK,0,-2,2,0.0,2022
662215,2022-07-10,117,HOU,0,133,OAK,1,-3,3,0.0,2022
663402,2022-07-13,117,HOU,0,108,LAA,3,-4,1,364.7793033141838,2022
663401,2022-07-14,117,HOU,0,108,LAA,1,-5,2,0.0,2022
663386,2022-07-15,117,HOU,0,108,LAA,1,-6,3,0.0,2022
662923,2022-07-16,117,HOU,1,133,OAK,1,1,1,1349.4753249039884,2022
662909,2022-07-16,117,HOU,1,133,OAK,0,2,2,0.0,2022
662908,2022-07-17,117,HOU,1,133,OAK,1,3,3,0.0,2022
662776,2022-07-21,117,HOU,1,147,NYY,4,4,1,0.0,2022
662775,2022-07-21,117,HOU,1,147,NYY,0,5,2,0.0,2022
662167,2022-07-23,117,HOU,0,136,SEA,2,-1,1,1889.6158526975785,2022
662146,2022-07-23,117,HOU,0,136,SEA,0,-2,2,0.0,2022
662145,2022-07-24,117,HOU,0,136,SEA,1,-3,3,0.0,2022
662347,2022-07-26,117,HOU,0,133,OAK,2,-4,1,679.9392003432476,2022
662346,2022-07-27,117,HOU,0,133,OAK,1,-5,2,0.0,2022
662345,2022-07-27,117,HOU,0,133,OAK,0,-6,3,0.0,2022
662907,2022-07-29,117,HOU,1,136,SEA,2,1,1,1631.2403491139823,2022
662738,2022-07-30,117,HOU,1,136,SEA,1,2,2,0.0,2022
662745,2022-07-30,117,HOU,1,136,SEA,0,3,3,0.0,2022
662918,2022-07-31,117,HOU,1,136,SEA,1,4,4,0.0,2022
662737,2022-08-02,117,HOU,1,111,BOS,2,5,1,0.0,2022
662736,2022-08-03,117,HOU,1,111,BOS,1,6,2,0.0,2022
662725,2022-08-03,117,HOU,1,111,BOS,0,7,3,0.0,2022
662975,2022-08-04,117,HOU,0,114,CLE,1,-1,1,1114.100496699443,2022
662945,2022-08-05,117,HOU,0,114,CLE,1,-2,2,0.0,2022
662937,2022-08-06,117,HOU,0,114,CLE,1,-3,3,0.0,2022
662944,2022-08-07,117,HOU,0,114,CLE,1,-4,4,0.0,2022
662724,2022-08-10,117,HOU,1,140,TEX,3,1,1,1114.100496699443,2022
662723,2022-08-11,117,HOU,1,140,TEX,1,2,2,0.0,2022
662722,2022-08-11,117,HOU,1,140,TEX,0,3,3,0.0,2022
662817,2022-08-13,117,HOU,1,133,OAK,2,4,1,0.0,2022
662824,2022-08-13,117,HOU,1,133,OAK,0,5,2,0.0,2022
662801,2022-08-14,117,HOU,1,133,OAK,1,6,3,0.0,2022
661449,2022-08-16,117,HOU,0,145,CWS,2,-1,1,938.7707116803103,2022
661448,2022-08-17,117,HOU,0,145,CWS,1,-2,2,0.0,2022
661446,2022-08-18,117,HOU,0,145,CWS,1,-3,3,0.0,2022
661447,2022-08-18,117,HOU,0,145,CWS,0,-4,4,0.0,2022
661492,2022-08-19,117,HOU,0,144,ATL,1,-5,1,575.000216818476,2022
661610,2022-08-20,117,HOU,0,144,ATL,1,-6,2,0.0,2022
661480,2022-08-21,117,HOU,0,144,ATL,1,-7,3,0.0,2022
662800,2022-08-24,117,HOU,1,142,MIN,3,1,1,699.6088123085705,2022
662799,2022-08-25,117,HOU,1,142,MIN,1,2,2,0.0,2022
662711,2022-08-26,117,HOU,1,142,MIN,1,3,3,0.0,2022
662710,2022-08-27,117,HOU,1,110,BAL,1,4,1,0.0,2022
661090,2022-08-27,117,HOU,1,110,BAL,0,5,2,0.0,2022
661089,2022-08-28,117,HOU,1,110,BAL,1,6,3,0.0,2022
661832,2022-08-31,117,HOU,0,140,TEX,3,-1,1,230.66355960201378,2022
661831,2022-08-31,117,HOU,0,140,TEX,0,-2,2,0.0,2022
663428,2022-09-03,117,HOU,0,108,LAA,3,-3,1,1201.6984237735796,2022
663436,2022-09-04,117,HOU,0,108,LAA,1,-4,2,0.0,2022
663435,2022-09-04,117,HOU,0,108,LAA,0,-5,3,0.0,2022
661088,2022-09-05,117,HOU,1,140,TEX,1,1,1,1349.4753249039884,2022
661087,2022-09-07,117,HOU,1,140,TEX,2,2,2,0.0,2022
661086,2022-09-08,117,HOU,1,140,TEX,1,3,3,0.0,2022
661085,2022-09-10,117,HOU,1,108,LAA,2,4,1,0.0,2022
661084,2022-09-10,117,HOU,1,108,LAA,0,5,2,0.0,2022
661083,2022-09-11,117,HOU,1,108,LAA,1,6,3,0.0,2022
662782,2022-09-12,117,HOU,0,116,DET,1,-1,1,1105.8761830717617,2022
662787,2022-09-13,117,HOU,0,116,DET,1,-2,2,0.0,2022
662792,2022-09-14,117,HOU,0,116,DET,1,-3,3,0.0,2022
662709,2022-09-15,117,HOU,1,133,OAK,1,1,1,1105.8761830717617,2022
662740,2022-09-17,117,HOU,1,133,OAK,2,2,2,0.0,2022
662823,2022-09-17,117,HOU,1,133,OAK,0,3,3,0.0,2022
662822,2022-09-18,117,HOU,1,133,OAK,1,4,4,0.0,2022
662013,2022-09-19,117,HOU,0,139,TB,1,-1,1,781.1406098722147,2022
662012,2022-09-20,117,HOU,0,139,TB,1,-2,2,0.0,2022
662011,2022-09-21,117,HOU,0,139,TB,1,-3,3,0.0,2022
663260,2022-09-22,117,HOU,0,110,BAL,1,-4,1,867.6749708982579,2022
663259,2022-09-23,117,HOU,0,110,BAL,1,-5,2,0.0,2022
663258,2022-09-24,117,HOU,0,110,BAL,1,-6,3,0.0,2022
663454,2022-09-25,117,HOU,0,110,BAL,1,-7,4,0.0,2022
662821,2022-09-28,117,HOU,1,109,ARI,3,1,1,1249.46334342378,2022
662820,2022-09-29,117,HOU,1,109,ARI,1,2,2,0.0,2022
662819,2022-10-01,117,HOU,1,139,TB,2,3,1,0.0,2022
662818,2022-10-01,117,HOU,1,139,TB,0,4,2,0.0,2022
662825,2022-10-02,117,HOU,1,139,TB,1,5,3,0.0,2022
662777,2022-10-04,117,HOU,1,143,PHI,2,6,1,0.0,2022
662768,2022-10-05,117,HOU,1,143,PHI,1,7,2,0.0,2022
662789,2022-10-05,117,HOU,1,143,PHI,0,8,3,0.0,2022
662766,2022-04-07,118,KC,1,114,CLE,0,1,1,0.0,2022
662765,2022-04-09,118,KC,1,114,CLE,2,2,2,0.0,2022
662755,2022-04-10,118,KC,1,114,CLE,1,3,3,0.0,2022
662754,2022-04-11,118,KC,1,114,CLE,1,4,4,0.0,2022
662017,2022-04-12,118,KC,0,138,STL,1,-1,1,232.6374617718515,2022
662702,2022-04-15,118,KC,1,116,DET,2,1,1,232.6374617718515,2022
662701,2022-04-16,118,KC,1,116,DET,1,2,2,0.0,2022
662798,2022-04-16,118,KC,1,116,DET,0,3,3,0.0,2022
662753,2022-04-20,118,KC,1,142,MIN,3,5,1,0.0,2022
662703,2022-04-21,118,KC,1,142,MIN,1,6,2,0.0,2022
662742,2022-04-21,118,KC,1,142,MIN,0,7,3,0.0,2022
662175,2022-04-23,118,KC,0,136,SEA,2,-1,1,1508.929102213115,2022
662191,2022-04-24,118,KC,0,136,SEA,1,-2,2,0.0,2022
662188,2022-04-24,118,KC,0,136,SEA,0,-3,3,0.0,2022
661536,2022-04-26,118,KC,0,145,CWS,2,-4,1,1734.2639498746735,2022
661533,2022-04-27,118,KC,0,145,CWS,1,-5,2,0.0,2022
661532,2022-04-28,118,KC,0,145,CWS,1,-6,3,0.0,2022
662797,2022-04-30,118,KC,1,147,NYY,2,1,1,407.8477881651946,2022
662741,2022-04-30,118,KC,1,147,NYY,0,2,2,0.0,2022
662691,2022-05-01,118,KC,1,147,NYY,1,3,3,0.0,2022
662009,2022-05-02,118,KC,0,138,STL,1,-1,1,232.6374617718515,2022
662690,2022-05-04,118,KC,1,138,STL,2,1,2,232.6374617718515,2022
662739,2022-05-04,118,KC,1,138,STL,0,2,3,0.0,2022
661307,2022-05-08,118,KC,0,110,BAL,1,-3,3,0.0,2022
661345,2022-05-08,118,KC,0,110,BAL,0,-4,4,0.0,2022
661349,2022-05-09,118,KC,0,110,BAL,1,-5,5,0.0,2022
662016,2022-05-11,118,KC,0,140,TEX,2,-6,1,1225.9583636520863,2022
661899,2022-05-12,118,KC,0,140,TEX,1,-7,2,0.0,2022
661883,2022-05-13,118,KC,0,140,TEX,1,-8,3,0.0,2022
663012,2022-05-14,118,KC,0,115,COL,1,-9,1,654.0900182055016,2022
663011,2022-05-15,118,KC,0,115,COL,1,-10,2,0.0,2022
663010,2022-05-15,118,KC,0,115,COL,0,-11,3,0.0,2022
662728,2022-05-17,118,KC,1,145,CWS,2,1,1,563.1263805129729,2022
662780,2022-05-17,118,KC,1,145,CWS,0,2,2,0.0,2022
662727,2022-05-17,118,KC,1,145,CWS,0,3,3,0.0,2022
662715,2022-05-19,118,KC,1,145,CWS,2,4,4,0.0,2022
662726,2022-05-19,118,KC,1,145,CWS,0,5,5,0.0,2022
662714,2022-05-21,118,KC,1,142,MIN,2,6,1,0.0,2022
662713,2022-05-21,118,KC,1,142,MIN,0,7,2,0.0,2022
662712,2022-05-22,118,KC,1,142,MIN,1,8,3,0.0,2022
663340,2022-05-24,118,KC,0,109,ARI,2,-1,1,1051.5706596300413,2022
663339,2022-05-25,118,KC,0,109,ARI,1,-2,2,0.0,2022
661771,2022-05-26,118,KC,0,142,MIN,1,-3,1,1278.017730052948,2022
661777,2022-05-28,118,KC,0,142,MIN,2,-4,2,0.0,2022
661774,2022-05-28,118,KC,0,142,MIN,0,-5,3,0.0,2022
661731,2022-05-29,118,KC,0,142,MIN,1,-6,4,0.0,2022
663109,2022-05-30,118,KC,0,114,CLE,1,-7,1,630.5553923040089,2022
663034,2022-05-31,118,KC,0,114,CLE,1,-8,2,0.0,2022
663031,2022-06-01,118,KC,0,114,CLE,1,-9,3,0.0,2022
662692,2022-06-04,118,KC,1,117,HOU,3,1,1,694.6429853897519,2022
662689,2022-06-04,118,KC,1,117,HOU,0,2,2,0.0,2022
662688,2022-06-05,118,KC,1,117,HOU,1,3,3,0.0,2022
662613,2022-06-07,118,KC,1,141,TOR,2,4,1,0.0,2022
662678,2022-06-08,118,KC,1,141,TOR,1,5,2,0.0,2022
662679,2022-06-08,118,KC,1,141,TOR,0,6,3,0.0,2022
662677,2022-06-10,118,KC,1,110,BAL,2,7,1,0.0,2022
662674,2022-06-11,118,KC,1,110,BAL,1,8,2,0.0,2022
662676,2022-06-11,118,KC,1,110,BAL,0,9,3,0.0,2022
662673,2022-06-12,118,KC,1,110,BAL,1,10,4,0.0,2022
662069,2022-06-14,118,KC,0,137,SF,2,-1,1,1507.6255221148479,2022
662068,2022-06-15,118,KC,0,137,SF,1,-2,2,0.0,2022
662082,2022-06-15,118,KC,0,137,SF,0,-3,3,0.0,2022
662362,2022-06-18,118,KC,0,133,OAK,3,-4,1,10.48032218937323,2022
662368,2022-06-18,118,KC,0,133,OAK,0,-5,2,0.0,2022
662361,2022-06-19,118,KC,0,133,OAK,1,-6,3,0.0,2022
663443,2022-06-21,118,KC,0,108,LAA,2,-7,1,364.7793033141838,2022
663442,2022-06-22,118,KC,0,108,LAA,1,-8,2,0.0,2022
663389,2022-06-23,118,KC,0,108,LAA,1,-9,3,0.0,2022
662664,2022-06-25,118,KC,1,133,OAK,2,1,1,1346.5044522382782,2022
662672,2022-06-25,118,KC,1,133,OAK,0,2,2,0.0,2022
662665,2022-06-26,118,KC,1,133,OAK,1,3,3,0.0,2022
662681,2022-06-28,118,KC,1,140,TEX,2,4,1,0.0,2022
662615,2022-06-29,118,KC,1,140,TEX,1,5,2,0.0,2022
662675,2022-06-29,118,KC,1,140,TEX,0,6,3,0.0,2022
662834,2022-07-01,118,KC,0,116,DET,2,-1,1,639.8841499405022,2022
662904,2022-07-02,118,KC,0,116,DET,1,-2,2,0.0,2022
662794,2022-07-03,118,KC,0,116,DET,1,-3,3,0.0,2022
662874,2022-07-04,118,KC,0,117,HOU,1,-4,1,1105.8761830717617,2022
662847,2022-07-06,118,KC,0,117,HOU,2,-5,2,0.0,2022
662747,2022-07-07,118,KC,0,117,HOU,1,-6,3,0.0,2022
662746,2022-07-07,118,KC,0,117,HOU,0,-7,4,0.0,2022
662614,2022-07-09,118,KC,1,114,CLE,2,1,1,644.1456886709294,2022
662663,2022-07-09,118,KC,1,114,CLE,0,2,2,0.0,2022
662662,2022-07-10,118,KC,1,114,CLE,1,3,3,0.0,2022
662700,2022-07-11,118,KC,1,116,DET,1,4,1,0.0,2022
662661,2022-07-12,118,KC,1,116,DET,1,5,2,0.0,2022
662660,2022-07-13,118,KC,1,116,DET,1,6,3,0.0,2022
662659,2022-07-13,118,KC,1,116,DET,0,7,4,0.0,2022
661720,2022-07-14,118,KC,0,141,TOR,1,-1,1,843.0534764751171,2022
661719,2022-07-15,118,KC,0,141,TOR,1,-2,2,0.0,2022
661718,2022-07-16,118,KC,0,141,TOR,1,-3,3,0.0,2022
661717,2022-07-17,118,KC,0,141,TOR,1,-4,4,0.0,2022
662658,2022-07-23,118,KC,1,139,TB,6,1,1,843.0534764751171,2022
662657,2022-07-23,118,KC,1,139,TB,0,2,2,0.0,2022
662656,2022-07-24,118,KC,1,139,TB,1,3,3,0.0,2022
662655,2022-07-26,118,KC,1,108,LAA,2,4,1,0.0,2022
662653,2022-07-27,118,KC,1,108,LAA,1,5,2,0.0,2022
662652,2022-07-27,118,KC,1,108,LAA,0,6,3,0.0,2022
661257,2022-07-28,118,KC,0,147,NYY,1,-1,1,1093.2758575684966,2022
661256,2022-07-29,118,KC,0,147,NYY,1,-2,2,0.0,2022
661255,2022-07-30,118,KC,0,147,NYY,1,-3,3,0.0,2022
661254,2022-07-31,118,KC,0,147,NYY,1,-4,4,0.0,2022
661387,2022-08-02,118,KC,0,145,CWS,2,-5,1,713.826429908849,2022
661386,2022-08-03,118,KC,0,145,CWS,1,-6,2,0.0,2022
661385,2022-08-03,118,KC,0,145,CWS,0,-7,3,0.0,2022
662651,2022-08-05,118,KC,1,111,BOS,2,1,1,407.8477881651946,2022
662650,2022-08-06,118,KC,1,111,BOS,1,2,2,0.0,2022
662649,2022-08-06,118,KC,1,111,BOS,0,3,3,0.0,2022
662648,2022-08-07,118,KC,1,111,BOS,1,4,4,0.0,2022
662779,2022-08-09,118,KC,1,145,CWS,2,5,1,0.0,2022
662647,2022-08-09,118,KC,1,145,CWS,0,6,2,0.0,2022
662639,2022-08-11,118,KC,1,145,CWS,2,7,3,0.0,2022
662645,2022-08-11,118,KC,1,145,CWS,0,8,4,0.0,2022
662671,2022-08-13,118,KC,1,119,LAD,2,9,1,0.0,2022
662670,2022-08-13,118,KC,1,119,LAD,0,10,2,0.0,2022
662669,2022-08-14,118,KC,1,119,LAD,1,11,3,0.0,2022
661676,2022-08-15,118,KC,0,142,MIN,1,-1,1,414.3585559282368,2022
661682,2022-08-16,118,KC,0,142,MIN,1,-2,2,0.0,2022
661654,2022-08-17,118,KC,0,142,MIN,1,-3,3,0.0,2022
661863,2022-08-18,118,KC,0,139,TB,1,-4,1,1325.4285844846306,2022
661862,2022-08-19,118,KC,0,139,TB,1,-5,2,0.0,2022
661861,2022-08-20,118,KC,0,139,TB,1,-6,3,0.0,2022
661860,2022-08-21,118,KC,0,139,TB,1,-7,4,0.0,2022
662767,2022-08-22,118,KC,1,145,CWS,1,1,1,1034.03926539089,2022
662668,2022-08-24,118,KC,1,109,ARI,2,2,1,0.0,2022
662640,2022-08-25,118,KC,1,109,ARI,1,3,2,0.0,2022
662667,2022-08-27,118,KC,1,135,SD,2,4,1,0.0,2022
662666,2022-08-27,118,KC,1,135,SD,0,5,2,0.0,2022
662638,2022-08-28,118,KC,1,135,SD,1,6,3,0.0,2022
661442,2022-08-31,118,KC,0,145,CWS,3,-1,1,407.8477881651946,2022
661440,2022-09-01,118,KC,0,145,CWS,1,-2,2,0.0,2022
661441,2022-09-01,118,KC,0,145,CWS,0,-3,3,0.0,2022
662915,2022-09-02,118,KC,0,116,DET,1,-4,1,237.7264337126216,2022
662803,2022-09-03,118,KC,0,116,DET,1,-5,2,0.0,2022
662786,2022-09-04,118,KC,0,116,DET,1,-6,3,0.0,2022
662646,2022-09-06,118,KC,1,114,CLE,2,1,1,639.8841499405022,2022
662644,2022-09-07,118,KC,1,114,CLE,1,2,2,0.0,2022
662643,2022-09-08,118,KC,1,114,CLE,1,3,3,0.0,2022
662637,2022-09-10,118,KC,1,116,DET,2,4,1,0.0,2022
662636,2022-09-10,118,KC,1,116,DET,0,5,2,0.0,2022
662635,2022-09-11,118,KC,1,116,DET,1,6,3,0.0,2022
661645,2022-09-13,118,KC,0,142,MIN,2,-1,1,414.3585559282368,2022
661646,2022-09-14,118,KC,0,142,MIN,1,-2,2,0.0,2022
661644,2022-09-15,118,KC,0,142,MIN,1,-3,3,0.0,2022
663209,2022-09-16,118,KC,0,111,BOS,1,-4,1,1119.9102367149933,2022
663208,2022-09-17,118,KC,0,111,BOS,1,-5,2,0.0,2022
663207,2022-09-18,118,KC,0,111,BOS,1,-6,3,0.0,2022
662634,2022-09-21,118,KC,1,142,MIN,3,1,1,1241.802604380426,2022
662633,2022-09-22,118,KC,1,142,MIN,1,2,2,0.0,2022
662632,2022-09-22,118,KC,1,142,MIN,0,3,3,0.0,2022
662641,2022-09-24,118,KC,1,136,SEA,2,4,1,0.0,2022
662642,2022-09-24,118,KC,1,136,SEA,0,5,2,0.0,2022
662631,2022-09-25,118,KC,1,136,SEA,1,6,3,0.0,2022
662774,2022-09-27,118,KC,0,116,DET,2,-1,1,639.8841499405022,2022
662773,2022-09-28,118,KC,0,116,DET,1,-2,2,0.0,2022
662772,2022-09-29,118,KC,0,116,DET,1,-3,3,0.0,2022
662940,2022-09-30,118,KC,0,114,CLE,1,-4,1,91.12804978214932,2022
662939,2022-10-01,118,KC,0,114,CLE,1,-5,2,0.0,2022
662938,2022-10-02,118,KC,0,114,CLE,1,-6,3,0.0,2022
663105,2022-10-03,118,KC,0,114,CLE,1,-7,4,0.0,2022
663077,2022-10-04,118,KC,0,114,CLE,1,-8,5,0.0,2022
663095,2022-10-05,118,KC,0,114,CLE,1,-9,6,0.0,2022
662933,2022-04-08,119,LAD,0,115,COL,0,-1,1,829.208728545356,2022
662931,2022-04-10,119,LAD,0,115,COL,2,-2,2,0.0,2022
662934,2022-04-10,119,LAD,0,115,COL,0,-3,3,0.0,2022
661753,2022-04-12,119,LAD,0,142,MIN,2,-4,1,697.6486501293384,2022
661734,2022-04-13,119,LAD,0,142,MIN,1,-5,2,0.0,2022
662627,2022-04-15,119,LAD,1,113,CIN,2,1,1,1519.9504822292802,2022
662620,2022-04-16,119,LAD,1,113,CIN,1,2,2,0.0,2022
662619,2022-04-17,119,LAD,1,113,CIN,1,3,3,0.0,2022
662618,2022-04-17,119,LAD,1,113,CIN,0,4,4,0.0,2022
662617,2022-04-19,119,LAD,1,144,ATL,2,5,1,0.0,2022
662717,2022-04-20,119,LAD,1,144,ATL,1,6,2,0.0,2022
662734,2022-04-20,119,LAD,1,144,ATL,0,7,3,0.0,2022
662230,2022-04-23,119,LAD,0,135,SD,3,-1,1,113.20881075215142,2022
662276,2022-04-24,119,LAD,0,135,SD,1,-2,2,0.0,2022
662274,2022-04-24,119,LAD,0,135,SD,0,-3,3,0.0,2022
663382,2022-04-26,119,LAD,0,109,ARI,2,-4,1,299.07000924838377,2022
663383,2022-04-27,119,LAD,0,109,ARI,1,-5,2,0.0,2022
663393,2022-04-27,119,LAD,0,109,ARI,0,-6,3,0.0,2022
662699,2022-04-30,119,LAD,1,116,DET,3,1,1,357.22532088939374,2022
662716,2022-05-01,119,LAD,1,116,DET,1,2,2,0.0,2022
662698,2022-05-01,119,LAD,1,116,DET,0,3,3,0.0,2022
662708,2022-05-04,119,LAD,1,137,SF,3,4,1,0.0,2022
662707,2022-05-05,119,LAD,1,137,SF,1,5,2,0.0,2022
663162,2022-05-07,119,LAD,0,112,CHC,1,-2,2,0.0,2022
663142,2022-05-07,119,LAD,0,112,CHC,0,-3,3,0.0,2022
663161,2022-05-08,119,LAD,0,112,CHC,1,-4,4,0.0,2022
662287,2022-05-09,119,LAD,0,134,PIT,1,-5,1,410.8665423703318,2022
662292,2022-05-10,119,LAD,0,134,PIT,1,-6,2,0.0,2022
662385,2022-05-11,119,LAD,0,134,PIT,1,-7,3,0.0,2022
662706,2022-05-13,119,LAD,1,143,PHI,2,1,1,2130.9802254915467,2022
662705,2022-05-14,119,LAD,1,143,PHI,1,2,2,0.0,2022
662704,2022-05-15,119,LAD,1,143,PHI,1,3,3,0.0,2022
662696,2022-05-15,119,LAD,1,143,PHI,0,4,4,0.0,2022
662695,2022-05-17,119,LAD,1,109,ARI,2,5,1,0.0,2022
662628,2022-05-17,119,LAD,1,109,ARI,0,6,2,0.0,2022
662697,2022-05-18,119,LAD,1,109,ARI,1,7,3,0.0,2022
662744,2022-05-18,119,LAD,1,109,ARI,0,8,4,0.0,2022
661632,2022-05-20,119,LAD,0,143,PHI,2,-1,1,2387.7509871644193,2022
661631,2022-05-21,119,LAD,0,143,PHI,1,-2,2,0.0,2022
661611,2022-05-22,119,LAD,0,143,PHI,1,-3,3,0.0,2022
662524,2022-05-23,119,LAD,0,120,WSH,1,-4,1,121.48691857607562,2022
662536,2022-05-24,119,LAD,0,120,WSH,1,-5,2,0.0,2022
662527,2022-05-25,119,LAD,0,120,WSH,1,-6,3,0.0,2022
663338,2022-05-27,119,LAD,0,109,ARI,2,-7,1,1978.963589227503,2022
663347,2022-05-28,119,LAD,0,109,ARI,1,-8,2,0.0,2022
663330,2022-05-28,119,LAD,0,109,ARI,0,-9,3,0.0,2022
663328,2022-05-29,119,LAD,0,109,ARI,1,-10,4,0.0,2022
662743,2022-05-31,119,LAD,1,134,PIT,2,1,1,357.22532088939374,2022
662735,2022-06-01,119,LAD,1,134,PIT,1,2,2,0.0,2022
662721,2022-06-02,119,LAD,1,134,PIT,1,3,3,0.0,2022
662693,2022-06-03,119,LAD,1,121,NYM,1,4,1,0.0,2022
662720,2022-06-04,119,LAD,1,121,NYM,1,5,2,0.0,2022
662687,2022-06-05,119,LAD,1,121,NYM,1,6,3,0.0,2022
662612,2022-06-05,119,LAD,1,121,NYM,0,7,4,0.0,2022
661460,2022-06-08,119,LAD,0,145,CWS,3,-1,1,1740.8822934525017,2022
661459,2022-06-09,119,LAD,0,145,CWS,1,-2,2,0.0,2022
661458,2022-06-09,119,LAD,0,145,CWS,0,-3,3,0.0,2022
662090,2022-06-11,119,LAD,0,137,SF,2,-4,1,1853.181136595777,2022
662089,2022-06-11,119,LAD,0,137,SF,0,-5,2,0.0,2022
662085,2022-06-12,119,LAD,0,137,SF,1,-6,3,0.0,2022
662611,2022-06-15,119,LAD,1,108,LAA,3,1,1,345.5052646422354,2022
662694,2022-06-16,119,LAD,1,108,LAA,1,2,2,0.0,2022
662719,2022-06-18,119,LAD,1,114,CLE,2,3,1,0.0,2022
662686,2022-06-18,119,LAD,1,114,CLE,0,4,2,0.0,2022
662590,2022-06-19,119,LAD,1,114,CLE,1,5,3,0.0,2022
663041,2022-06-21,119,LAD,0,113,CIN,2,-1,1,1892.244174703444,2022
663040,2022-06-22,119,LAD,0,113,CIN,1,-2,2,0.0,2022
663039,2022-06-23,119,LAD,0,113,CIN,1,-3,3,0.0,2022
661139,2022-06-24,119,LAD,0,144,ATL,1,-4,1,359.8050212534856,2022
661138,2022-06-25,119,LAD,0,144,ATL,1,-5,2,0.0,2022
661512,2022-06-26,119,LAD,0,144,ATL,1,-6,3,0.0,2022
662912,2022-06-28,119,LAD,0,115,COL,2,-7,1,1202.1860715929813,2022
662911,2022-06-29,119,LAD,0,115,COL,1,-8,2,0.0,2022
662894,2022-06-30,119,LAD,0,115,COL,1,-9,3,0.0,2022
662733,2022-07-01,119,LAD,1,135,SD,1,1,1,829.208728545356,2022
662609,2022-07-02,119,LAD,1,135,SD,1,2,2,0.0,2022
662718,2022-07-02,119,LAD,1,135,SD,0,3,3,0.0,2022
662684,2022-07-03,119,LAD,1,135,SD,1,4,4,0.0,2022
662732,2022-07-05,119,LAD,1,115,COL,2,5,1,0.0,2022
662731,2022-07-06,119,LAD,1,115,COL,1,6,2,0.0,2022
662630,2022-07-07,119,LAD,1,115,COL,1,7,3,0.0,2022
662730,2022-07-08,119,LAD,1,112,CHC,1,8,1,0.0,2022
662610,2022-07-09,119,LAD,1,112,CHC,1,9,2,0.0,2022
662683,2022-07-10,119,LAD,1,112,CHC,1,10,3,0.0,2022
662729,2022-07-10,119,LAD,1,112,CHC,0,11,4,0.0,2022
661119,2022-07-12,119,LAD,0,138,STL,2,-1,1,1585.7405201242425,2022
661118,2022-07-13,119,LAD,0,138,STL,1,-2,2,0.0,2022
661117,2022-07-14,119,LAD,0,138,STL,1,-3,3,0.0,2022
663385,2022-07-16,119,LAD,0,108,LAA,2,-4,1,1572.920237629869,2022
663415,2022-07-17,119,LAD,0,108,LAA,1,-5,2,0.0,2022
662685,2022-07-22,119,LAD,1,137,SF,5,1,1,27.87381208188066,2022
662589,2022-07-23,119,LAD,1,137,SF,1,2,2,0.0,2022
662608,2022-07-23,119,LAD,1,137,SF,0,3,3,0.0,2022
662682,2022-07-24,119,LAD,1,137,SF,1,4,4,0.0,2022
662576,2022-07-26,119,LAD,1,120,WSH,2,5,1,0.0,2022
662573,2022-07-27,119,LAD,1,120,WSH,1,6,2,0.0,2022
662565,2022-07-27,119,LAD,1,120,WSH,0,7,3,0.0,2022
661077,2022-07-29,119,LAD,0,115,COL,2,-1,1,829.208728545356,2022
661076,2022-07-30,119,LAD,0,115,COL,1,-2,2,0.0,2022
662988,2022-07-31,119,LAD,0,115,COL,1,-3,3,0.0,2022
662989,2022-07-31,119,LAD,0,115,COL,0,-4,4,0.0,2022
662070,2022-08-02,119,LAD,0,137,SF,2,-5,1,945.5308694116128,2022
662056,2022-08-03,119,LAD,0,137,SF,1,-6,2,0.0,2022
662055,2022-08-04,119,LAD,0,137,SF,1,-7,3,0.0,2022
662114,2022-08-04,119,LAD,0,137,SF,0,-8,4,0.0,2022
662564,2022-08-06,119,LAD,1,135,SD,2,1,1,345.5052646422354,2022
662654,2022-08-07,119,LAD,1,135,SD,1,2,2,0.0,2022
662563,2022-08-07,119,LAD,1,135,SD,0,3,3,0.0,2022
662562,2022-08-10,119,LAD,1,142,MIN,3,4,1,0.0,2022
662575,2022-08-11,119,LAD,1,142,MIN,1,5,2,0.0,2022
662670,2022-08-13,119,LAD,0,118,KC,2,-1,1,1358.4249527106026,2022
662671,2022-08-13,119,LAD,0,118,KC,0,-2,2,0.0,2022
662669,2022-08-14,119,LAD,0,118,KC,1,-3,3,0.0,2022
661199,2022-08-16,119,LAD,0,158,MIL,2,-4,1,436.30833378546873,2022
661191,2022-08-17,119,LAD,0,158,MIL,1,-5,2,0.0,2022
661171,2022-08-18,119,LAD,0,158,MIL,1,-6,3,0.0,2022
661179,2022-08-18,119,LAD,0,158,MIL,0,-7,4,0.0,2022
662574,2022-08-20,119,LAD,1,146,MIA,2,1,1,1737.1964859284558,2022
662600,2022-08-21,119,LAD,1,146,MIA,1,2,2,0.0,2022
662561,2022-08-21,119,LAD,1,146,MIA,0,3,3,0.0,2022
662594,2022-08-23,119,LAD,1,158,MIL,2,4,1,0.0,2022
662605,2022-08-24,119,LAD,1,158,MIL,1,5,2,0.0,2022
662604,2022-08-25,119,LAD,1,158,MIL,1,6,3,0.0,2022
661355,2022-08-26,119,LAD,0,146,MIA,1,-1,1,2333.5805728602445,2022
661354,2022-08-27,119,LAD,0,146,MIA,1,-2,2,0.0,2022
661353,2022-08-28,119,LAD,0,146,MIA,1,-3,3,0.0,2022
661352,2022-08-29,119,LAD,0,146,MIA,1,-4,4,0.0,2022
662426,2022-08-30,119,LAD,0,121,NYM,1,-5,1,1097.7414335980382,2022
662447,2022-08-31,119,LAD,0,121,NYM,1,-6,2,0.0,2022
662410,2022-09-01,119,LAD,0,121,NYM,1,-7,3,0.0,2022
662603,2022-09-03,119,LAD,1,135,SD,2,1,1,2453.075811723075,2022
662599,2022-09-04,119,LAD,1,135,SD,1,2,2,0.0,2022
662597,2022-09-04,119,LAD,1,135,SD,0,3,3,0.0,2022
662602,2022-09-06,119,LAD,1,137,SF,2,4,1,0.0,2022
662601,2022-09-07,119,LAD,1,137,SF,1,5,2,0.0,2022
662582,2022-09-07,119,LAD,1,137,SF,0,6,3,0.0,2022
661850,2022-09-10,119,LAD,0,135,SD,3,-1,1,113.20881075215142,2022
661849,2022-09-11,119,LAD,0,135,SD,1,-2,2,0.0,2022
661848,2022-09-11,119,LAD,0,135,SD,0,-3,3,0.0,2022
663324,2022-09-13,119,LAD,0,109,ARI,2,-4,1,299.07000924838377,2022
663323,2022-09-14,119,LAD,0,109,ARI,1,-5,2,0.0,2022
663322,2022-09-15,119,LAD,0,109,ARI,1,-6,3,0.0,2022
662026,2022-09-17,119,LAD,0,137,SF,2,-7,1,652.0636757078365,2022
662024,2022-09-18,119,LAD,0,137,SF,1,-8,2,0.0,2022
662025,2022-09-18,119,LAD,0,137,SF,0,-9,3,0.0,2022
662622,2022-09-20,119,LAD,1,109,ARI,2,1,1,345.5052646422354,2022
662621,2022-09-20,119,LAD,1,109,ARI,0,2,2,0.0,2022
662607,2022-09-21,119,LAD,1,109,ARI,1,3,3,0.0,2022
662606,2022-09-22,119,LAD,1,109,ARI,1,4,4,0.0,2022
662586,2022-09-23,119,LAD,1,109,ARI,1,5,5,0.0,2022
662585,2022-09-24,119,LAD,1,138,STL,1,6,1,0.0,2022
662598,2022-09-25,119,LAD,1,138,STL,1,7,2,0.0,2022
662584,2022-09-25,119,LAD,1,138,STL,0,8,3,0.0,2022
662210,2022-09-28,119,LAD,0,135,SD,3,-1,1,113.20881075215142,2022
662214,2022-09-29,119,LAD,0,135,SD,1,-2,2,0.0,2022
662209,2022-09-30,119,LAD,0,135,SD,1,-3,3,0.0,2022
662596,2022-10-01,119,LAD,1,115,COL,1,1,1,113.20881075215142,2022
662595,2022-10-02,119,LAD,1,115,COL,1,2,2,0.0,2022
662581,2022-10-02,119,LAD,1,115,COL,0,3,3,0.0,2022
662629,2022-10-04,119,LAD,1,115,COL,2,4,4,0.0,2022
662624,2022-10-05,119,LAD,1,115,COL,1,5,5,0.0,2022
662623,2022-10-05,119,LAD,1,115,COL,0,6,6,0.0,2022
662571,2022-04-07,120,WSH,1,121,NYM,0,1,1,0.0,2022
662559,2022-04-08,120,WSH,1,121,NYM,1,2,2,0.0,2022
662588,2022-04-09,120,WSH,1,121,NYM,1,3,3,0.0,2022
662570,2022-04-10,120,WSH,1,121,NYM,1,4,4,0.0,2022
661572,2022-04-11,120,WSH,0,144,ATL,1,-1,1,538.869727266714,2022
661571,2022-04-12,120,WSH,0,144,ATL,1,-2,2,0.0,2022
661570,2022-04-13,120,WSH,0,144,ATL,1,-3,3,0.0,2022
662307,2022-04-14,120,WSH,0,134,PIT,1,-4,1,515.1605409529744,2022
662291,2022-04-15,120,WSH,0,134,PIT,1,-5,2,0.0,2022
662290,2022-04-16,120,WSH,0,134,PIT,1,-6,3,0.0,2022
662294,2022-04-17,120,WSH,0,134,PIT,1,-7,4,0.0,2022
662587,2022-04-19,120,WSH,1,109,ARI,1,2,2,0.0,2022
662583,2022-04-19,120,WSH,1,109,ARI,0,3,3,0.0,2022
662560,2022-04-20,120,WSH,1,109,ARI,1,4,4,0.0,2022
662558,2022-04-21,120,WSH,1,109,ARI,1,5,5,0.0,2022
662557,2022-04-22,120,WSH,1,137,SF,1,6,1,0.0,2022
662549,2022-04-23,120,WSH,1,137,SF,1,7,2,0.0,2022
662539,2022-04-24,120,WSH,1,137,SF,1,8,3,0.0,2022
662540,2022-04-26,120,WSH,1,146,MIA,2,9,1,0.0,2022
662546,2022-04-27,120,WSH,1,146,MIA,1,10,2,0.0,2022
662538,2022-04-28,120,WSH,1,146,MIA,1,11,3,0.0,2022
662081,2022-04-30,120,WSH,0,137,SF,2,-1,1,2435.443676108395,2022
662084,2022-04-30,120,WSH,0,137,SF,0,-2,2,0.0,2022
662106,2022-05-01,120,WSH,0,137,SF,1,-3,3,0.0,2022
662994,2022-05-04,120,WSH,0,115,COL,3,-4,1,945.5308694116128,2022
662993,2022-05-05,120,WSH,0,115,COL,1,-5,2,0.0,2022
663013,2022-05-05,120,WSH,0,115,COL,0,-6,3,0.0,2022
663431,2022-05-07,120,WSH,0,108,LAA,2,-7,1,822.2861860892081,2022
663429,2022-05-08,120,WSH,0,108,LAA,1,-8,2,0.0,2022
663430,2022-05-08,120,WSH,0,108,LAA,0,-9,3,0.0,2022
662537,2022-05-10,120,WSH,1,121,NYM,2,1,1,2282.8044015651135,2022
662526,2022-05-11,120,WSH,1,121,NYM,1,2,2,0.0,2022
662548,2022-05-12,120,WSH,1,121,NYM,1,3,3,0.0,2022
662525,2022-05-13,120,WSH,1,117,HOU,1,4,1,0.0,2022
662547,2022-05-14,120,WSH,1,117,HOU,1,5,2,0.0,2022
662528,2022-05-15,120,WSH,1,117,HOU,1,6,3,0.0,2022
661402,2022-05-16,120,WSH,0,146,MIA,1,-1,1,923.8773279819753,2022
661401,2022-05-17,120,WSH,0,146,MIA,1,-2,2,0.0,2022
661400,2022-05-18,120,WSH,0,146,MIA,1,-3,3,0.0,2022
661280,2022-05-21,120,WSH,0,158,MIL,3,-4,1,1269.7716502102464,2022
661195,2022-05-21,120,WSH,0,158,MIL,0,-5,2,0.0,2022
661248,2022-05-22,120,WSH,0,158,MIL,1,-6,3,0.0,2022
662524,2022-05-23,120,WSH,1,119,LAD,1,1,1,639.4643273379048,2022
662536,2022-05-24,120,WSH,1,119,LAD,1,2,2,0.0,2022
662527,2022-05-25,120,WSH,1,119,LAD,1,3,3,0.0,2022
662515,2022-05-26,120,WSH,1,115,COL,1,4,1,0.0,2022
662514,2022-05-28,120,WSH,1,115,COL,1,6,3,0.0,2022
662513,2022-05-28,120,WSH,1,115,COL,0,7,4,0.0,2022
662512,2022-05-29,120,WSH,1,115,COL,1,8,5,0.0,2022
662545,2022-05-30,120,WSH,0,121,NYM,1,-1,1,212.3563770011718,2022
662544,2022-05-31,120,WSH,0,121,NYM,1,-2,2,0.0,2022
662457,2022-06-01,120,WSH,0,121,NYM,1,-3,3,0.0,2022
663091,2022-06-02,120,WSH,0,113,CIN,1,-4,1,576.1040985787001,2022
663119,2022-06-03,120,WSH,0,113,CIN,1,-5,2,0.0,2022
663102,2022-06-04,120,WSH,0,113,CIN,1,-6,3,0.0,2022
663058,2022-06-05,120,WSH,0,113,CIN,1,-7,4,0.0,2022
661169,2022-06-07,120,WSH,0,146,MIA,2,-8,1,953.4072522903118,2022
661150,2022-06-08,120,WSH,0,146,MIA,1,-9,2,0.0,2022
661149,2022-06-09,120,WSH,0,146,MIA,1,-10,3,0.0,2022
662511,2022-06-10,120,WSH,1,158,MIL,1,1,1,923.8773279819753,2022
662510,2022-06-11,120,WSH,1,158,MIL,1,2,2,0.0,2022
662542,2022-06-12,120,WSH,1,158,MIL,1,3,3,0.0,2022
662505,2022-06-13,120,WSH,1,144,ATL,1,4,1,0.0,2022
662503,2022-06-14,120,WSH,1,144,ATL,1,5,2,0.0,2022
662504,2022-06-15,120,WSH,1,144,ATL,1,6,3,0.0,2022
662501,2022-06-16,120,WSH,1,143,PHI,1,7,1,0.0,2022
662580,2022-06-17,120,WSH,1,143,PHI,1,8,2,0.0,2022
662502,2022-06-17,120,WSH,1,143,PHI,0,9,3,0.0,2022
662500,2022-06-18,120,WSH,1,143,PHI,1,10,4,0.0,2022
662553,2022-06-19,120,WSH,1,143,PHI,1,11,5,0.0,2022
661198,2022-06-21,120,WSH,0,110,BAL,2,-1,1,35.12148729233362,2022
661246,2022-06-22,120,WSH,0,110,BAL,1,-2,2,0.0,2022
661844,2022-06-25,120,WSH,0,140,TEX,3,-3,1,1225.9583636520863,2022
661898,2022-06-25,120,WSH,0,140,TEX,0,-4,2,0.0,2022
661847,2022-06-26,120,WSH,0,140,TEX,1,-5,3,0.0,2022
662487,2022-06-27,120,WSH,1,134,PIT,1,1,1,1198.682847057283,2022
662484,2022-06-28,120,WSH,1,134,PIT,1,2,2,0.0,2022
662493,2022-06-29,120,WSH,1,134,PIT,1,3,3,0.0,2022
662492,2022-07-01,120,WSH,1,146,MIA,2,4,1,0.0,2022
662482,2022-07-02,120,WSH,1,146,MIA,1,5,2,0.0,2022
662486,2022-07-03,120,WSH,1,146,MIA,1,6,3,0.0,2022
662541,2022-07-04,120,WSH,1,146,MIA,1,7,4,0.0,2022
661578,2022-07-05,120,WSH,0,143,PHI,1,-1,1,121.48691857607562,2022
661564,2022-07-06,120,WSH,0,143,PHI,1,-2,2,0.0,2022
661566,2022-07-07,120,WSH,0,143,PHI,1,-3,3,0.0,2022
661522,2022-07-08,120,WSH,0,144,ATL,1,-4,1,660.3458671025634,2022
661508,2022-07-09,120,WSH,0,144,ATL,1,-5,2,0.0,2022
661520,2022-07-10,120,WSH,0,144,ATL,1,-6,3,0.0,2022
662517,2022-07-13,120,WSH,1,136,SEA,1,2,2,0.0,2022
662531,2022-07-13,120,WSH,1,136,SEA,0,3,3,0.0,2022
662518,2022-07-14,120,WSH,1,144,ATL,1,4,1,0.0,2022
662516,2022-07-15,120,WSH,1,144,ATL,1,5,2,0.0,2022
662483,2022-07-16,120,WSH,1,144,ATL,1,6,3,0.0,2022
662530,2022-07-17,120,WSH,1,144,ATL,1,7,4,0.0,2022
663306,2022-07-23,120,WSH,0,109,ARI,6,-1,1,1978.963589227503,2022
663305,2022-07-24,120,WSH,0,109,ARI,1,-2,2,0.0,2022
663316,2022-07-24,120,WSH,0,109,ARI,0,-3,3,0.0,2022
662576,2022-07-26,120,WSH,0,119,LAD,2,-4,1,357.22532088939374,2022
662573,2022-07-27,120,WSH,0,119,LAD,1,-5,2,0.0,2022
662565,2022-07-27,120,WSH,0,119,LAD,0,-6,3,0.0,2022
662477,2022-07-29,120,WSH,1,138,STL,2,1,1,2295.2946229797176,2022
662476,2022-07-30,120,WSH,1,138,STL,1,2,2,0.0,2022
662475,2022-07-31,120,WSH,1,138,STL,1,3,3,0.0,2022
662474,2022-08-01,120,WSH,1,121,NYM,1,4,1,0.0,2022
662529,2022-08-02,120,WSH,1,121,NYM,1,5,2,0.0,2022
662552,2022-08-03,120,WSH,1,121,NYM,1,6,3,0.0,2022
661565,2022-08-04,120,WSH,0,143,PHI,1,-1,1,121.48691857607562,2022
661562,2022-08-05,120,WSH,0,143,PHI,1,-2,2,0.0,2022
661561,2022-08-06,120,WSH,0,143,PHI,1,-3,3,0.0,2022
661558,2022-08-07,120,WSH,0,143,PHI,1,-4,4,0.0,2022
661060,2022-08-09,120,WSH,0,112,CHC,2,-5,1,666.436342674126,2022
661059,2022-08-10,120,WSH,0,112,CHC,1,-6,2,0.0,2022
663229,2022-08-10,120,WSH,0,112,CHC,0,-7,3,0.0,2022
662551,2022-08-12,120,WSH,1,135,SD,2,1,1,598.6412524083928,2022
662473,2022-08-13,120,WSH,1,135,SD,1,2,2,0.0,2022
662472,2022-08-14,120,WSH,1,135,SD,1,3,3,0.0,2022
662471,2022-08-15,120,WSH,1,112,CHC,1,4,1,0.0,2022
662550,2022-08-16,120,WSH,1,112,CHC,1,5,2,0.0,2022
662470,2022-08-17,120,WSH,1,112,CHC,1,6,3,0.0,2022
662182,2022-08-19,120,WSH,0,135,SD,2,-1,1,2271.6169527029847,2022
662181,2022-08-20,120,WSH,0,135,SD,1,-2,2,0.0,2022
662179,2022-08-21,120,WSH,0,135,SD,1,-3,3,0.0,2022
662180,2022-08-21,120,WSH,0,135,SD,0,-4,4,0.0,2022
662142,2022-08-24,120,WSH,0,136,SEA,3,-5,1,1063.509772580899,2022
662144,2022-08-24,120,WSH,0,136,SEA,0,-6,2,0.0,2022
662469,2022-08-26,120,WSH,1,113,CIN,2,1,1,2324.354505710339,2022
662468,2022-08-27,120,WSH,1,113,CIN,1,2,2,0.0,2022
662467,2022-08-28,120,WSH,1,113,CIN,1,3,3,0.0,2022
662466,2022-08-30,120,WSH,1,133,OAK,2,4,1,0.0,2022
662465,2022-08-31,120,WSH,1,133,OAK,1,5,2,0.0,2022
662491,2022-09-01,120,WSH,1,133,OAK,1,6,3,0.0,2022
662409,2022-09-02,120,WSH,0,121,NYM,1,-1,1,212.3563770011718,2022
662425,2022-09-03,120,WSH,0,121,NYM,1,-2,2,0.0,2022
662424,2022-09-04,120,WSH,0,121,NYM,1,-3,3,0.0,2022
661926,2022-09-05,120,WSH,0,138,STL,1,-4,1,880.2756481069349,2022
661925,2022-09-06,120,WSH,0,138,STL,1,-5,2,0.0,2022
661924,2022-09-07,120,WSH,0,138,STL,1,-6,3,0.0,2022
661923,2022-09-08,120,WSH,0,138,STL,1,-7,4,0.0,2022
661594,2022-09-09,120,WSH,0,143,PHI,1,-8,1,807.7790398828691,2022
661593,2022-09-10,120,WSH,0,143,PHI,1,-9,2,0.0,2022
661592,2022-09-11,120,WSH,0,143,PHI,1,-10,3,0.0,2022
662464,2022-09-13,120,WSH,1,110,BAL,2,1,1,121.48691857607562,2022
662463,2022-09-14,120,WSH,1,110,BAL,1,2,2,0.0,2022
662490,2022-09-16,120,WSH,1,146,MIA,2,3,1,0.0,2022
662462,2022-09-17,120,WSH,1,146,MIA,1,4,2,0.0,2022
662461,2022-09-18,120,WSH,1,146,MIA,1,5,3,0.0,2022
661470,2022-09-19,120,WSH,0,144,ATL,1,-1,1,538.869727266714,2022
661469,2022-09-20,120,WSH,0,144,ATL,1,-2,2,0.0,2022
661468,2022-09-21,120,WSH,0,144,ATL,1,-3,3,0.0,2022
661296,2022-09-23,120,WSH,0,146,MIA,2,-4,1,615.50817708501,2022
661295,2022-09-24,120,WSH,0,146,MIA,1,-5,2,0.0,2022
661294,2022-09-25,120,WSH,0,146,MIA,1,-6,3,0.0,2022
662460,2022-09-26,120,WSH,1,144,ATL,1,1,1,923.8773279819753,2022
662489,2022-09-27,120,WSH,1,144,ATL,1,2,2,0.0,2022
661099,2022-09-28,120,WSH,1,144,ATL,1,3,3,0.0,2022
661097,2022-09-30,120,WSH,1,143,PHI,2,4,1,0.0,2022
662572,2022-10-01,120,WSH,1,143,PHI,1,6,3,0.0,2022
661098,2022-10-01,120,WSH,1,143,PHI,0,7,4,0.0,2022
661096,2022-10-02,120,WSH,1,143,PHI,1,8,5,0.0,2022
661095,2022-10-04,120,WSH,0,121,NYM,1,-2,2,0.0,2022
661094,2022-10-04,120,WSH,0,121,NYM,0,-3,3,0.0,2022
662488,2022-10-05,120,WSH,0,121,NYM,1,-4,4,0.0,2022
662571,2022-04-07,121,NYM,0,120,WSH,0,-1,1,212.3563770011718,2022
662559,2022-04-08,121,NYM,0,120,WSH,1,-2,2,0.0,2022
662588,2022-04-09,121,NYM,0,120,WSH,1,-3,3,0.0,2022
662570,2022-04-10,121,NYM,0,120,WSH,1,-4,4,0.0,2022
661637,2022-04-11,121,NYM,0,143,PHI,1,-5,1,121.48691857607562,2022
661636,2022-04-12,121,NYM,0,143,PHI,1,-6,2,0.0,2022
661643,2022-04-13,121,NYM,0,143,PHI,1,-7,3,0.0,2022
662485,2022-04-15,121,NYM,1,109,ARI,2,1,1,91.08673366367736,2022
662626,2022-04-16,121,NYM,1,109,ARI,1,2,2,0.0,2022
662625,2022-04-17,121,NYM,1,109,ARI,1,3,3,0.0,2022
662350,2022-04-19,121,NYM,1,137,SF,1,5,2,0.0,2022
662616,2022-04-19,121,NYM,1,137,SF,0,6,3,0.0,2022
662349,2022-04-20,121,NYM,1,137,SF,1,7,4,0.0,2022
662593,2022-04-21,121,NYM,1,137,SF,1,8,5,0.0,2022
663394,2022-04-23,121,NYM,0,109,ARI,2,-1,1,2148.1029258287786,2022
663384,2022-04-24,121,NYM,0,109,ARI,1,-2,2,0.0,2022
663361,2022-04-24,121,NYM,0,109,ARI,0,-3,3,0.0,2022
662008,2022-04-25,121,NYM,0,138,STL,1,-4,1,1270.0024589462362,2022
662007,2022-04-26,121,NYM,0,138,STL,1,-5,2,0.0,2022
662048,2022-04-27,121,NYM,0,138,STL,1,-6,3,0.0,2022
662592,2022-04-29,121,NYM,1,143,PHI,2,1,1,880.2756481069349,2022
662591,2022-04-30,121,NYM,1,143,PHI,1,2,2,0.0,2022
662579,2022-05-01,121,NYM,1,143,PHI,1,3,3,0.0,2022
662578,2022-05-02,121,NYM,1,144,ATL,1,4,1,0.0,2022
662569,2022-05-03,121,NYM,1,144,ATL,1,5,2,0.0,2022
662459,2022-05-03,121,NYM,1,144,ATL,0,6,3,0.0,2022
662577,2022-05-04,121,NYM,1,144,ATL,1,7,4,0.0,2022
661619,2022-05-05,121,NYM,0,143,PHI,1,-1,1,91.08673366367736,2022
661626,2022-05-08,121,NYM,0,143,PHI,1,-4,4,0.0,2022
661627,2022-05-08,121,NYM,0,143,PHI,0,-5,5,0.0,2022
662537,2022-05-10,121,NYM,0,120,WSH,2,-6,1,121.48691857607562,2022
662526,2022-05-11,121,NYM,0,120,WSH,1,-7,2,0.0,2022
662548,2022-05-12,121,NYM,0,120,WSH,1,-8,3,0.0,2022
662523,2022-05-13,121,NYM,1,136,SEA,1,1,1,212.3563770011718,2022
662568,2022-05-14,121,NYM,1,136,SEA,1,2,2,0.0,2022
662567,2022-05-15,121,NYM,1,136,SEA,1,3,3,0.0,2022
662566,2022-05-17,121,NYM,1,138,STL,1,5,2,0.0,2022
662507,2022-05-17,121,NYM,1,138,STL,0,6,3,0.0,2022
662554,2022-05-18,121,NYM,1,138,STL,1,7,4,0.0,2022
662520,2022-05-19,121,NYM,1,138,STL,1,8,5,0.0,2022
663002,2022-05-21,121,NYM,0,115,COL,0,-2,2,0.0,2022
663001,2022-05-22,121,NYM,0,115,COL,1,-3,3,0.0,2022
662982,2022-05-22,121,NYM,0,115,COL,0,-4,4,0.0,2022
662075,2022-05-24,121,NYM,0,137,SF,2,-5,1,945.5308694116128,2022
662074,2022-05-25,121,NYM,0,137,SF,1,-6,2,0.0,2022
662093,2022-05-25,121,NYM,0,137,SF,0,-7,3,0.0,2022
662543,2022-05-27,121,NYM,1,143,PHI,2,1,1,2571.816906012279,2022
662556,2022-05-28,121,NYM,1,143,PHI,1,2,2,0.0,2022
662555,2022-05-29,121,NYM,1,143,PHI,1,3,3,0.0,2022
662545,2022-05-30,121,NYM,1,120,WSH,1,4,1,0.0,2022
662544,2022-05-31,121,NYM,1,120,WSH,1,5,2,0.0,2022
662457,2022-06-01,121,NYM,1,120,WSH,1,6,3,0.0,2022
662693,2022-06-03,121,NYM,0,119,LAD,2,-1,1,2453.075811723075,2022
662720,2022-06-04,121,NYM,0,119,LAD,1,-2,2,0.0,2022
662687,2022-06-05,121,NYM,0,119,LAD,1,-3,3,0.0,2022
662612,2022-06-05,121,NYM,0,119,LAD,0,-4,4,0.0,2022
662278,2022-06-07,121,NYM,0,135,SD,2,-5,1,113.20881075215142,2022
662277,2022-06-08,121,NYM,0,135,SD,1,-6,2,0.0,2022
662223,2022-06-09,121,NYM,0,135,SD,1,-7,3,0.0,2022
663390,2022-06-11,121,NYM,0,108,LAA,2,-8,1,86.36512380343024,2022
663412,2022-06-12,121,NYM,0,108,LAA,1,-9,2,0.0,2022
663397,2022-06-12,121,NYM,0,108,LAA,0,-10,3,0.0,2022
662441,2022-06-14,121,NYM,1,158,MIL,2,1,1,2442.1890221918984,2022
662480,2022-06-15,121,NYM,1,158,MIL,1,2,2,0.0,2022
662535,2022-06-16,121,NYM,1,158,MIL,1,3,3,0.0,2022
662534,2022-06-17,121,NYM,1,146,MIA,1,4,1,0.0,2022
662533,2022-06-18,121,NYM,1,146,MIA,1,5,2,0.0,2022
662532,2022-06-19,121,NYM,1,146,MIA,1,6,3,0.0,2022
662522,2022-06-20,121,NYM,1,146,MIA,1,7,4,0.0,2022
662750,2022-06-22,121,NYM,0,117,HOU,2,-1,1,1425.994081762968,2022
662749,2022-06-22,121,NYM,0,117,HOU,0,-2,2,0.0,2022
661382,2022-06-24,121,NYM,0,146,MIA,2,-3,1,964.5038276054531,2022
661381,2022-06-25,121,NYM,0,146,MIA,1,-4,2,0.0,2022
661380,2022-06-26,121,NYM,0,146,MIA,1,-5,3,0.0,2022
662521,2022-06-28,121,NYM,1,117,HOU,2,1,1,1097.7414335980382,2022
662440,2022-06-29,121,NYM,1,117,HOU,1,2,2,0.0,2022
662439,2022-07-01,121,NYM,1,140,TEX,2,3,1,0.0,2022
662456,2022-07-02,121,NYM,1,140,TEX,1,4,2,0.0,2022
662509,2022-07-03,121,NYM,1,140,TEX,1,5,3,0.0,2022
663036,2022-07-04,121,NYM,0,113,CIN,1,-1,1,576.1040985787001,2022
663035,2022-07-05,121,NYM,0,113,CIN,1,-2,2,0.0,2022
663051,2022-07-06,121,NYM,0,113,CIN,1,-3,3,0.0,2022
662508,2022-07-07,121,NYM,1,146,MIA,1,1,1,576.1040985787001,2022
662498,2022-07-08,121,NYM,1,146,MIA,1,2,2,0.0,2022
662497,2022-07-09,121,NYM,1,146,MIA,1,3,3,0.0,2022
662496,2022-07-10,121,NYM,1,146,MIA,1,4,4,0.0,2022
661507,2022-07-11,121,NYM,0,144,ATL,1,-1,1,751.1805618659844,2022
661506,2022-07-12,121,NYM,0,144,ATL,1,-2,2,0.0,2022
661505,2022-07-13,121,NYM,0,144,ATL,1,-3,3,0.0,2022
661101,2022-07-15,121,NYM,0,112,CHC,0,-5,2,0.0,2022
661114,2022-07-16,121,NYM,0,112,CHC,1,-6,3,0.0,2022
661115,2022-07-17,121,NYM,0,112,CHC,1,-7,4,0.0,2022
661082,2022-07-17,121,NYM,0,112,CHC,0,-8,5,0.0,2022
662481,2022-07-22,121,NYM,1,135,SD,5,1,1,720.1961586455312,2022
662495,2022-07-23,121,NYM,1,135,SD,1,2,2,0.0,2022
662458,2022-07-24,121,NYM,1,135,SD,1,3,3,0.0,2022
662438,2022-07-26,121,NYM,1,147,NYY,2,4,1,0.0,2022
662420,2022-07-27,121,NYM,1,147,NYY,1,5,2,0.0,2022
661372,2022-07-29,121,NYM,0,146,MIA,2,-1,1,1097.7414335980382,2022
661371,2022-07-30,121,NYM,0,146,MIA,1,-2,2,0.0,2022
661370,2022-07-31,121,NYM,0,146,MIA,1,-3,3,0.0,2022
662474,2022-08-01,121,NYM,0,120,WSH,1,-4,1,923.8773279819753,2022
662529,2022-08-02,121,NYM,0,120,WSH,1,-5,2,0.0,2022
662552,2022-08-03,121,NYM,0,120,WSH,1,-6,3,0.0,2022
662419,2022-08-04,121,NYM,1,144,ATL,1,1,1,212.3563770011718,2022
662418,2022-08-05,121,NYM,1,144,ATL,1,2,2,0.0,2022
662499,2022-08-06,121,NYM,1,144,ATL,1,3,3,0.0,2022
662417,2022-08-06,121,NYM,1,144,ATL,0,4,4,0.0,2022
662416,2022-08-07,121,NYM,1,144,ATL,1,5,5,0.0,2022
662445,2022-08-08,121,NYM,1,113,CIN,1,6,1,0.0,2022
662444,2022-08-09,121,NYM,1,113,CIN,1,7,2,0.0,2022
662443,2022-08-10,121,NYM,1,113,CIN,1,8,3,0.0,2022
662434,2022-08-12,121,NYM,1,143,PHI,2,9,1,0.0,2022
662428,2022-08-13,121,NYM,1,143,PHI,1,10,2,0.0,2022
662427,2022-08-14,121,NYM,1,143,PHI,1,11,3,0.0,2022
661497,2022-08-15,121,NYM,0,144,ATL,1,-1,1,751.1805618659844,2022
661495,2022-08-16,121,NYM,0,144,ATL,1,-2,2,0.0,2022
661494,2022-08-17,121,NYM,0,144,ATL,1,-3,3,0.0,2022
661493,2022-08-18,121,NYM,0,144,ATL,1,-4,4,0.0,2022
661607,2022-08-19,121,NYM,0,143,PHI,1,-5,1,660.3458671025634,2022
661606,2022-08-20,121,NYM,0,143,PHI,1,-6,2,0.0,2022
661628,2022-08-20,121,NYM,0,143,PHI,0,-7,3,0.0,2022
661602,2022-08-21,121,NYM,0,143,PHI,1,-8,4,0.0,2022
661238,2022-08-22,121,NYM,0,147,NYY,1,-9,1,91.29714579232771,2022
661237,2022-08-23,121,NYM,0,147,NYY,1,-10,2,0.0,2022
662433,2022-08-25,121,NYM,1,115,COL,2,1,1,6.541035356047549,2022
662432,2022-08-26,121,NYM,1,115,COL,1,2,2,0.0,2022
662442,2022-08-27,121,NYM,1,115,COL,1,3,3,0.0,2022
662446,2022-08-28,121,NYM,1,115,COL,1,4,4,0.0,2022
662426,2022-08-30,121,NYM,1,119,LAD,2,5,1,0.0,2022
662447,2022-08-31,121,NYM,1,119,LAD,1,6,2,0.0,2022
662410,2022-09-01,121,NYM,1,119,LAD,1,7,3,0.0,2022
662409,2022-09-02,121,NYM,1,120,WSH,1,8,1,0.0,2022
662425,2022-09-03,121,NYM,1,120,WSH,1,9,2,0.0,2022
662424,2022-09-04,121,NYM,1,120,WSH,1,10,3,0.0,2022
662282,2022-09-06,121,NYM,0,134,PIT,1,-2,2,0.0,2022
662283,2022-09-07,121,NYM,0,134,PIT,1,-3,3,0.0,2022
662285,2022-09-07,121,NYM,0,134,PIT,0,-4,4,0.0,2022
661337,2022-09-09,121,NYM,0,146,MIA,2,-5,1,1013.6533818001047,2022
661323,2022-09-10,121,NYM,0,146,MIA,1,-6,2,0.0,2022
661322,2022-09-11,121,NYM,0,146,MIA,1,-7,3,0.0,2022
662423,2022-09-12,121,NYM,1,112,CHC,1,1,1,1097.7414335980382,2022
662430,2022-09-13,121,NYM,1,112,CHC,1,2,2,0.0,2022
662422,2022-09-14,121,NYM,1,112,CHC,1,3,3,0.0,2022
662398,2022-09-15,121,NYM,1,134,PIT,1,4,1,0.0,2022
662404,2022-09-16,121,NYM,1,134,PIT,1,5,2,0.0,2022
662403,2022-09-17,121,NYM,1,134,PIT,1,6,3,0.0,2022
662402,2022-09-18,121,NYM,1,134,PIT,1,7,4,0.0,2022
661161,2022-09-19,121,NYM,0,158,MIL,1,-1,1,742.3438729688163,2022
661159,2022-09-20,121,NYM,0,158,MIL,1,-2,2,0.0,2022
661158,2022-09-21,121,NYM,0,158,MIL,1,-3,3,0.0,2022
662305,2022-09-24,121,NYM,0,133,OAK,3,-4,1,1824.7310880760674,2022
662311,2022-09-24,121,NYM,0,133,OAK,0,-5,2,0.0,2022
662310,2022-09-25,121,NYM,0,133,OAK,1,-6,3,0.0,2022
662401,2022-09-27,121,NYM,1,146,MIA,2,1,1,2562.7810869652726,2022
662400,2022-09-28,121,NYM,1,146,MIA,1,2,2,0.0,2022
661467,2022-09-30,121,NYM,0,144,ATL,2,-1,1,751.1805618659844,2022
661466,2022-10-01,121,NYM,0,144,ATL,1,-2,2,0.0,2022
661465,2022-10-02,121,NYM,0,144,ATL,1,-3,3,0.0,2022
661095,2022-10-04,121,NYM,1,120,WSH,1,2,2,0.0,2022
661094,2022-10-04,121,NYM,1,120,WSH,0,3,3,0.0,2022
662488,2022-10-05,121,NYM,1,120,WSH,1,4,4,0.0,2022
661131,2022-04-08,133,OAK,0,143,PHI,0,-1,1,2506.7279595630266,2022
661130,2022-04-09,133,OAK,0,143,PHI,1,-2,2,0.0,2022
661129,2022-04-10,133,OAK,0,143,PHI,1,-3,3,0.0,2022
661915,2022-04-11,133,OAK,0,139,TB,1,-4,1,941.4579426846607,2022
661944,2022-04-12,133,OAK,0,139,TB,1,-5,2,0.0,2022
661943,2022-04-13,133,OAK,0,139,TB,1,-6,3,0.0,2022
661942,2022-04-14,133,OAK,0,139,TB,1,-7,4,0.0,2022
661792,2022-04-15,133,OAK,0,141,TOR,1,-8,1,1111.7297518661444,2022
661759,2022-04-16,133,OAK,0,141,TOR,1,-9,2,0.0,2022
661804,2022-04-17,133,OAK,0,141,TOR,1,-10,3,0.0,2022
662407,2022-04-19,133,OAK,1,110,BAL,2,1,1,2253.7814110292547,2022
662406,2022-04-20,133,OAK,1,110,BAL,1,2,2,0.0,2022
662392,2022-04-20,133,OAK,1,110,BAL,0,3,3,0.0,2022
662391,2022-04-21,133,OAK,1,110,BAL,1,4,4,0.0,2022
662390,2022-04-23,133,OAK,1,140,TEX,2,5,1,0.0,2022
662389,2022-04-23,133,OAK,1,140,TEX,0,6,2,0.0,2022
662388,2022-04-24,133,OAK,1,140,TEX,1,7,3,0.0,2022
662086,2022-04-27,133,OAK,0,137,SF,3,-1,1,10.48032218937323,2022
662066,2022-04-28,133,OAK,0,137,SF,1,-2,2,0.0,2022
662405,2022-04-30,133,OAK,1,114,CLE,2,1,1,10.48032218937323,2022
662393,2022-04-30,133,OAK,1,114,CLE,0,2,2,0.0,2022
662397,2022-05-01,133,OAK,1,114,CLE,1,3,3,0.0,2022
662387,2022-05-03,133,OAK,1,139,TB,2,4,1,0.0,2022
662386,2022-05-04,133,OAK,1,139,TB,1,5,2,0.0,2022
662382,2022-05-04,133,OAK,1,139,TB,0,6,3,0.0,2022
661775,2022-05-07,133,OAK,0,142,MIN,3,-1,1,1571.0292537363316,2022
661701,2022-05-07,133,OAK,0,142,MIN,0,-2,2,0.0,2022
661700,2022-05-08,133,OAK,0,142,MIN,1,-3,3,0.0,2022
662837,2022-05-09,133,OAK,0,116,DET,1,-4,1,542.5071369450939,2022
662412,2022-05-10,133,OAK,1,116,DET,1,1,2,2076.502664481492,2022
662855,2022-05-10,133,OAK,0,116,DET,0,-1,3,2076.502664481492,2022
662873,2022-05-11,133,OAK,0,116,DET,1,-2,4,0.0,2022
662872,2022-05-12,133,OAK,0,116,DET,1,-3,5,0.0,2022
662381,2022-05-14,133,OAK,1,108,LAA,2,1,1,2076.502664481492,2022
662379,2022-05-14,133,OAK,1,108,LAA,0,2,2,0.0,2022
662399,2022-05-15,133,OAK,1,108,LAA,1,3,3,0.0,2022
662380,2022-05-15,133,OAK,1,108,LAA,0,4,4,0.0,2022
662378,2022-05-17,133,OAK,1,142,MIN,2,5,1,0.0,2022
662377,2022-05-18,133,OAK,1,142,MIN,1,6,2,0.0,2022
662370,2022-05-18,133,OAK,1,142,MIN,0,7,3,0.0,2022
663449,2022-05-21,133,OAK,0,108,LAA,3,-1,1,364.7793033141838,2022
663448,2022-05-22,133,OAK,0,108,LAA,1,-2,2,0.0,2022
663447,2022-05-22,133,OAK,0,108,LAA,0,-3,3,0.0,2022
662135,2022-05-24,133,OAK,0,136,SEA,2,-4,1,980.5935873257743,2022
662134,2022-05-25,133,OAK,0,136,SEA,1,-5,2,0.0,2022
662133,2022-05-25,133,OAK,0,136,SEA,0,-6,3,0.0,2022
662376,2022-05-27,133,OAK,1,140,TEX,2,1,1,679.9392003432476,2022
662375,2022-05-28,133,OAK,1,140,TEX,1,2,2,0.0,2022
662369,2022-05-28,133,OAK,1,140,TEX,0,3,3,0.0,2022
662374,2022-05-29,133,OAK,1,140,TEX,1,4,4,0.0,2022
662373,2022-05-30,133,OAK,1,117,HOU,1,5,1,0.0,2022
662367,2022-06-01,133,OAK,1,117,HOU,2,6,2,0.0,2022
662366,2022-06-01,133,OAK,1,117,HOU,0,7,3,0.0,2022
662365,2022-06-04,133,OAK,1,111,BOS,3,8,1,0.0,2022
662364,2022-06-04,133,OAK,1,111,BOS,0,9,2,0.0,2022
662363,2022-06-05,133,OAK,1,111,BOS,1,10,3,0.0,2022
661516,2022-06-07,133,OAK,0,144,ATL,2,-1,1,2116.4747287111013,2022
661515,2022-06-08,133,OAK,0,144,ATL,1,-2,2,0.0,2022
663015,2022-06-09,133,OAK,0,114,CLE,1,-3,1,547.0068450040225,2022
663014,2022-06-10,133,OAK,0,114,CLE,1,-4,2,0.0,2022
663084,2022-06-11,133,OAK,0,114,CLE,1,-5,3,0.0,2022
663083,2022-06-12,133,OAK,0,114,CLE,1,-6,4,0.0,2022
663279,2022-06-14,133,OAK,0,111,BOS,2,-7,1,547.1609370940174,2022
663235,2022-06-15,133,OAK,0,111,BOS,1,-8,2,0.0,2022
663267,2022-06-16,133,OAK,0,111,BOS,1,-9,3,0.0,2022
662362,2022-06-18,133,OAK,1,118,KC,2,1,1,2680.900432109404,2022
662368,2022-06-18,133,OAK,1,118,KC,0,2,2,0.0,2022
662361,2022-06-19,133,OAK,1,118,KC,1,3,3,0.0,2022
662360,2022-06-22,133,OAK,1,136,SEA,3,4,1,0.0,2022
662359,2022-06-23,133,OAK,1,136,SEA,1,5,2,0.0,2022
662358,2022-06-23,133,OAK,1,136,SEA,0,6,3,0.0,2022
662664,2022-06-25,133,OAK,0,118,KC,2,-1,1,1497.929836668995,2022
662672,2022-06-25,133,OAK,0,118,KC,0,-2,2,0.0,2022
662665,2022-06-26,133,OAK,0,118,KC,1,-3,3,0.0,2022
661275,2022-06-27,133,OAK,0,147,NYY,1,-4,1,1093.2758575684966,2022
661272,2022-06-28,133,OAK,0,147,NYY,1,-5,2,0.0,2022
661263,2022-06-29,133,OAK,0,147,NYY,1,-6,3,0.0,2022
662150,2022-07-01,133,OAK,0,136,SEA,2,-7,1,2402.134394397607,2022
662149,2022-07-02,133,OAK,0,136,SEA,1,-8,2,0.0,2022
662163,2022-07-02,133,OAK,0,136,SEA,0,-9,3,0.0,2022
662162,2022-07-03,133,OAK,0,136,SEA,1,-10,4,0.0,2022
662355,2022-07-05,133,OAK,1,141,TOR,2,1,1,679.9392003432476,2022
662354,2022-07-06,133,OAK,1,141,TOR,1,2,2,0.0,2022
662353,2022-07-06,133,OAK,1,141,TOR,0,3,3,0.0,2022
662352,2022-07-09,133,OAK,1,117,HOU,3,4,1,0.0,2022
662351,2022-07-09,133,OAK,1,117,HOU,0,5,2,0.0,2022
662215,2022-07-10,133,OAK,1,117,HOU,1,6,3,0.0,2022
661814,2022-07-12,133,OAK,0,140,TEX,2,-1,1,1453.9867485388631,2022
661813,2022-07-13,133,OAK,0,140,TEX,1,-2,2,0.0,2022
661812,2022-07-14,133,OAK,0,140,TEX,1,-3,3,0.0,2022
662923,2022-07-16,133,OAK,0,117,HOU,2,-4,1,230.66355960201378,2022
662909,2022-07-16,133,OAK,0,117,HOU,0,-5,2,0.0,2022
662908,2022-07-17,133,OAK,0,117,HOU,1,-6,3,0.0,2022
662411,2022-07-21,133,OAK,1,116,DET,4,1,1,1631.2403491139823,2022
662408,2022-07-21,133,OAK,1,116,DET,0,2,2,0.0,2022
662344,2022-07-23,133,OAK,1,140,TEX,2,3,1,0.0,2022
662348,2022-07-24,133,OAK,1,140,TEX,1,4,2,0.0,2022
662343,2022-07-24,133,OAK,1,140,TEX,0,5,3,0.0,2022
662347,2022-07-26,133,OAK,1,117,HOU,2,6,1,0.0,2022
662345,2022-07-27,133,OAK,1,117,HOU,1,7,2,0.0,2022
662346,2022-07-27,133,OAK,1,117,HOU,0,8,3,0.0,2022
661406,2022-07-30,133,OAK,0,145,CWS,3,-1,1,1844.1022325602153,2022
661451,2022-07-30,133,OAK,0,145,CWS,0,-2,2,0.0,2022
661388,2022-07-31,133,OAK,0,145,CWS,1,-3,3,0.0,2022
663376,2022-08-03,133,OAK,0,108,LAA,3,-4,1,1731.3431702590296,2022
663375,2022-08-04,133,OAK,0,108,LAA,1,-5,2,0.0,2022
663374,2022-08-04,133,OAK,0,108,LAA,0,-6,3,0.0,2022
662308,2022-08-06,133,OAK,1,137,SF,2,1,1,364.7793033141838,2022
662332,2022-08-07,133,OAK,1,137,SF,1,2,2,0.0,2022
662331,2022-08-09,133,OAK,1,108,LAA,2,3,1,0.0,2022
662316,2022-08-10,133,OAK,1,108,LAA,1,4,2,0.0,2022
662330,2022-08-10,133,OAK,1,108,LAA,0,5,3,0.0,2022
662817,2022-08-13,133,OAK,0,117,HOU,3,-1,1,1631.2403491139823,2022
662824,2022-08-13,133,OAK,0,117,HOU,0,-2,2,0.0,2022
662801,2022-08-14,133,OAK,0,117,HOU,1,-3,3,0.0,2022
661834,2022-08-16,133,OAK,0,140,TEX,2,-4,1,230.66355960201378,2022
661833,2022-08-17,133,OAK,0,140,TEX,1,-5,2,0.0,2022
661788,2022-08-18,133,OAK,0,140,TEX,1,-6,3,0.0,2022
661787,2022-08-18,133,OAK,0,140,TEX,0,-7,4,0.0,2022
662341,2022-08-20,133,OAK,1,136,SEA,2,1,1,1453.9867485388631,2022
662340,2022-08-20,133,OAK,1,136,SEA,0,2,2,0.0,2022
662315,2022-08-21,133,OAK,1,136,SEA,1,3,3,0.0,2022
662314,2022-08-23,133,OAK,1,146,MIA,2,4,1,0.0,2022
662339,2022-08-24,133,OAK,1,146,MIA,1,5,2,0.0,2022
662338,2022-08-24,133,OAK,1,146,MIA,0,6,3,0.0,2022
662337,2022-08-26,133,OAK,1,147,NYY,2,7,1,0.0,2022
662342,2022-08-27,133,OAK,1,147,NYY,1,8,2,0.0,2022
662336,2022-08-28,133,OAK,1,147,NYY,1,9,3,0.0,2022
662335,2022-08-28,133,OAK,1,147,NYY,0,10,4,0.0,2022
662466,2022-08-30,133,OAK,0,120,WSH,2,-1,1,2426.060288182436,2022
662465,2022-08-31,133,OAK,0,120,WSH,1,-2,2,0.0,2022
662491,2022-09-01,133,OAK,0,120,WSH,1,-3,3,0.0,2022
663356,2022-09-02,133,OAK,0,110,BAL,1,-4,1,35.12148729233362,2022
663355,2022-09-03,133,OAK,0,110,BAL,1,-5,2,0.0,2022
663354,2022-09-04,133,OAK,0,110,BAL,1,-6,3,0.0,2022
662313,2022-09-07,133,OAK,1,144,ATL,3,1,1,2440.085706209316,2022
662312,2022-09-07,133,OAK,1,144,ATL,0,2,2,0.0,2022
662334,2022-09-09,133,OAK,1,145,CWS,2,3,1,0.0,2022
662333,2022-09-10,133,OAK,1,145,CWS,1,4,2,0.0,2022
662322,2022-09-10,133,OAK,1,145,CWS,0,5,3,0.0,2022
662323,2022-09-11,133,OAK,1,145,CWS,1,6,4,0.0,2022
661838,2022-09-14,133,OAK,0,140,TEX,3,-1,1,1453.9867485388631,2022
661829,2022-09-15,133,OAK,0,140,TEX,1,-2,2,0.0,2022
662709,2022-09-15,133,OAK,0,117,HOU,0,-3,1,230.66355960201378,2022
662740,2022-09-17,133,OAK,0,117,HOU,2,-4,2,0.0,2022
662823,2022-09-17,133,OAK,0,117,HOU,0,-5,3,0.0,2022
662822,2022-09-18,133,OAK,0,117,HOU,1,-6,4,0.0,2022
662321,2022-09-21,133,OAK,1,136,SEA,3,1,1,1631.2403491139823,2022
662320,2022-09-22,133,OAK,1,136,SEA,1,2,2,0.0,2022
662306,2022-09-22,133,OAK,1,136,SEA,0,3,3,0.0,2022
662311,2022-09-24,133,OAK,1,121,NYM,2,4,1,0.0,2022
662305,2022-09-24,133,OAK,1,121,NYM,0,5,2,0.0,2022
662310,2022-09-25,133,OAK,1,121,NYM,1,6,3,0.0,2022
663422,2022-09-28,133,OAK,0,108,LAA,3,-1,1,364.7793033141838,2022
663421,2022-09-29,133,OAK,0,108,LAA,1,-2,2,0.0,2022
663420,2022-09-30,133,OAK,0,108,LAA,1,-3,3,0.0,2022
661111,2022-10-01,133,OAK,0,136,SEA,1,-4,1,980.5935873257743,2022
661110,2022-10-01,133,OAK,0,136,SEA,0,-5,2,0.0,2022
662087,2022-10-02,133,OAK,0,136,SEA,1,-6,3,0.0,2022
662431,2022-10-04,133,OAK,1,108,LAA,2,1,1,679.9392003432476,2022
662429,2022-10-05,133,OAK,1,108,LAA,1,2,2,0.0,2022
662421,2022-10-05,133,OAK,1,108,LAA,0,3,3,0.0,2022
662021,2022-04-07,134,PIT,0,138,STL,0,-1,1,556.9698942849304,2022
662020,2022-04-09,134,PIT,0,138,STL,2,-2,2,0.0,2022
662019,2022-04-10,134,PIT,0,138,STL,1,-3,3,0.0,2022
662318,2022-04-12,134,PIT,1,112,CHC,1,1,1,556.9698942849304,2022
662317,2022-04-13,134,PIT,1,112,CHC,1,2,2,0.0,2022
662307,2022-04-14,134,PIT,1,120,WSH,1,3,1,0.0,2022
662291,2022-04-15,134,PIT,1,120,WSH,1,4,2,0.0,2022
662290,2022-04-16,134,PIT,1,120,WSH,1,5,3,0.0,2022
662294,2022-04-17,134,PIT,1,120,WSH,1,6,4,0.0,2022
661242,2022-04-18,134,PIT,0,158,MIL,1,-1,1,447.5172990364866,2022
661211,2022-04-19,134,PIT,0,158,MIL,1,-2,2,0.0,2022
661203,2022-04-20,134,PIT,0,158,MIL,1,-3,3,0.0,2022
663145,2022-04-21,134,PIT,0,112,CHC,1,-4,1,76.31439882124853,2022
663195,2022-04-23,134,PIT,0,112,CHC,2,-5,2,0.0,2022
663144,2022-04-23,134,PIT,0,112,CHC,0,-6,3,0.0,2022
663166,2022-04-24,134,PIT,0,112,CHC,1,-7,4,0.0,2022
662297,2022-04-26,134,PIT,1,158,MIL,2,1,1,410.8665423703318,2022
662289,2022-04-27,134,PIT,1,158,MIL,1,2,2,0.0,2022
662295,2022-04-28,134,PIT,1,158,MIL,1,3,3,0.0,2022
662296,2022-04-29,134,PIT,1,135,SD,1,4,1,0.0,2022
662288,2022-04-30,134,PIT,1,135,SD,1,5,2,0.0,2022
662293,2022-05-01,134,PIT,1,135,SD,1,6,3,0.0,2022
662838,2022-05-04,134,PIT,0,116,DET,1,-2,2,0.0,2022
662839,2022-05-04,134,PIT,0,116,DET,0,-3,3,0.0,2022
663089,2022-05-07,134,PIT,0,113,CIN,1,-5,2,0.0,2022
663070,2022-05-07,134,PIT,0,113,CIN,0,-6,3,0.0,2022
663069,2022-05-08,134,PIT,0,113,CIN,1,-7,4,0.0,2022
662287,2022-05-09,134,PIT,1,119,LAD,1,1,1,256.6044671740272,2022
662292,2022-05-10,134,PIT,1,119,LAD,1,2,2,0.0,2022
662385,2022-05-11,134,PIT,1,119,LAD,1,3,3,0.0,2022
662372,2022-05-12,134,PIT,1,113,CIN,1,4,1,0.0,2022
662494,2022-05-13,134,PIT,1,113,CIN,1,5,2,0.0,2022
662384,2022-05-14,134,PIT,1,113,CIN,1,6,3,0.0,2022
662519,2022-05-15,134,PIT,1,113,CIN,1,7,4,0.0,2022
663151,2022-05-16,134,PIT,0,112,CHC,1,-1,1,410.8665423703318,2022
663157,2022-05-17,134,PIT,0,112,CHC,1,-2,2,0.0,2022
663156,2022-05-18,134,PIT,0,112,CHC,1,-3,3,0.0,2022
662506,2022-05-20,134,PIT,1,138,STL,2,1,1,410.8665423703318,2022
662478,2022-05-21,134,PIT,1,138,STL,1,2,2,0.0,2022
662479,2022-05-22,134,PIT,1,138,STL,1,3,3,0.0,2022
662455,2022-05-23,134,PIT,1,115,COL,1,4,1,0.0,2022
662454,2022-05-24,134,PIT,1,115,COL,1,5,2,0.0,2022
662453,2022-05-25,134,PIT,1,115,COL,1,6,3,0.0,2022
662281,2022-05-28,134,PIT,0,135,SD,3,-1,1,2112.926750844012,2022
662280,2022-05-29,134,PIT,0,135,SD,1,-2,2,0.0,2022
662279,2022-05-29,134,PIT,0,135,SD,0,-3,3,0.0,2022
662743,2022-05-31,134,PIT,0,119,LAD,2,-4,1,113.20881075215142,2022
662735,2022-06-01,134,PIT,0,119,LAD,1,-5,2,0.0,2022
662721,2022-06-02,134,PIT,0,119,LAD,1,-6,3,0.0,2022
662452,2022-06-03,134,PIT,1,109,ARI,1,1,1,2130.9802254915467,2022
662451,2022-06-04,134,PIT,1,109,ARI,1,2,2,0.0,2022
662450,2022-06-05,134,PIT,1,109,ARI,1,3,3,0.0,2022
662449,2022-06-07,134,PIT,1,116,DET,2,4,1,0.0,2022
662448,2022-06-08,134,PIT,1,116,DET,1,5,2,0.0,2022
661514,2022-06-09,134,PIT,0,144,ATL,1,-1,1,515.1605409529744,2022
661513,2022-06-10,134,PIT,0,144,ATL,1,-2,2,0.0,2022
661160,2022-06-11,134,PIT,0,144,ATL,1,-3,3,0.0,2022
661144,2022-06-12,134,PIT,0,144,ATL,1,-4,4,0.0,2022
661974,2022-06-13,134,PIT,0,138,STL,1,-5,1,456.58876384408995,2022
662018,2022-06-14,134,PIT,0,138,STL,1,-6,2,0.0,2022
661973,2022-06-14,134,PIT,0,138,STL,0,-7,3,0.0,2022
661972,2022-06-15,134,PIT,0,138,STL,1,-8,4,0.0,2022
662437,2022-06-17,134,PIT,1,137,SF,2,1,1,556.9698942849304,2022
661123,2022-06-18,134,PIT,1,137,SF,1,2,2,0.0,2022
661122,2022-06-19,134,PIT,1,137,SF,1,3,3,0.0,2022
661121,2022-06-20,134,PIT,1,112,CHC,1,4,1,0.0,2022
661124,2022-06-21,134,PIT,1,112,CHC,1,5,2,0.0,2022
661107,2022-06-22,134,PIT,1,112,CHC,1,6,3,0.0,2022
661106,2022-06-23,134,PIT,1,112,CHC,1,7,4,0.0,2022
661888,2022-06-24,134,PIT,0,139,TB,1,-1,1,888.9341960973262,2022
661887,2022-06-25,134,PIT,0,139,TB,1,-2,2,0.0,2022
661886,2022-06-26,134,PIT,0,139,TB,1,-3,3,0.0,2022
662487,2022-06-27,134,PIT,0,120,WSH,1,-4,1,833.2111191732948,2022
662484,2022-06-28,134,PIT,0,120,WSH,1,-5,2,0.0,2022
662493,2022-06-29,134,PIT,0,120,WSH,1,-6,3,0.0,2022
661105,2022-06-30,134,PIT,1,158,MIL,1,1,1,193.0230929231441,2022
661104,2022-07-01,134,PIT,1,158,MIL,1,2,2,0.0,2022
661103,2022-07-02,134,PIT,1,158,MIL,1,3,3,0.0,2022
661102,2022-07-03,134,PIT,1,158,MIL,1,4,4,0.0,2022
662329,2022-07-05,134,PIT,1,147,NYY,2,5,1,0.0,2022
662328,2022-07-06,134,PIT,1,147,NYY,1,6,2,0.0,2022
663071,2022-07-07,134,PIT,0,113,CIN,1,-1,1,256.6044671740272,2022
663140,2022-07-07,134,PIT,0,113,CIN,0,-2,2,0.0,2022
661177,2022-07-09,134,PIT,0,158,MIL,2,-3,1,325.9595383372329,2022
661224,2022-07-09,134,PIT,0,158,MIL,0,-4,2,0.0,2022
661178,2022-07-10,134,PIT,0,158,MIL,1,-5,3,0.0,2022
661324,2022-07-11,134,PIT,0,146,MIA,1,-6,1,1269.7716502102464,2022
661377,2022-07-12,134,PIT,0,146,MIA,1,-7,2,0.0,2022
661376,2022-07-13,134,PIT,0,146,MIA,1,-8,3,0.0,2022
661375,2022-07-14,134,PIT,0,146,MIA,1,-9,4,0.0,2022
661113,2022-07-16,134,PIT,0,115,COL,2,-10,1,1723.9912128319143,2022
661081,2022-07-16,134,PIT,0,115,COL,0,-11,2,0.0,2022
661080,2022-07-17,134,PIT,0,115,COL,1,-12,3,0.0,2022
662327,2022-07-22,134,PIT,1,146,MIA,5,1,1,1317.1736538054608,2022
662436,2022-07-23,134,PIT,1,146,MIA,1,2,2,0.0,2022
662357,2022-07-24,134,PIT,1,146,MIA,1,3,3,0.0,2022
661065,2022-07-26,134,PIT,0,112,CHC,2,-1,1,410.8665423703318,2022
661064,2022-07-26,134,PIT,0,112,CHC,0,-2,2,0.0,2022
662326,2022-07-28,134,PIT,1,143,PHI,2,1,1,410.8665423703318,2022
662435,2022-07-29,134,PIT,1,143,PHI,1,2,2,0.0,2022
662415,2022-07-30,134,PIT,1,143,PHI,1,3,3,0.0,2022
662414,2022-07-31,134,PIT,1,143,PHI,1,4,4,0.0,2022
662298,2022-08-02,134,PIT,1,158,MIL,2,5,1,0.0,2022
662324,2022-08-03,134,PIT,1,158,MIL,1,6,2,0.0,2022
662303,2022-08-04,134,PIT,1,158,MIL,1,7,3,0.0,2022
661048,2022-08-05,134,PIT,0,110,BAL,1,-1,1,196.62316008554197,2022
661050,2022-08-06,134,PIT,0,110,BAL,1,-2,2,0.0,2022
661049,2022-08-07,134,PIT,0,110,BAL,1,-3,3,0.0,2022
663304,2022-08-09,134,PIT,0,109,ARI,2,-4,1,1999.746562834509,2022
663303,2022-08-10,134,PIT,0,109,ARI,1,-5,2,0.0,2022
663293,2022-08-11,134,PIT,0,109,ARI,1,-6,3,0.0,2022
663302,2022-08-11,134,PIT,0,109,ARI,0,-7,4,0.0,2022
662111,2022-08-13,134,PIT,0,137,SF,2,-8,1,652.0636757078365,2022
662110,2022-08-14,134,PIT,0,137,SF,1,-9,2,0.0,2022
662035,2022-08-14,134,PIT,0,137,SF,0,-10,3,0.0,2022
662302,2022-08-16,134,PIT,1,111,BOS,2,1,1,2257.9877065555274,2022
662301,2022-08-17,134,PIT,1,111,BOS,1,2,2,0.0,2022
662413,2022-08-18,134,PIT,1,111,BOS,1,3,3,0.0,2022
662396,2022-08-19,134,PIT,1,113,CIN,1,4,1,0.0,2022
662395,2022-08-20,134,PIT,1,113,CIN,1,5,2,0.0,2022
662300,2022-08-21,134,PIT,1,113,CIN,1,6,3,0.0,2022
662394,2022-08-22,134,PIT,1,144,ATL,1,7,1,0.0,2022
662383,2022-08-23,134,PIT,1,144,ATL,1,8,2,0.0,2022
662371,2022-08-24,134,PIT,1,144,ATL,1,9,3,0.0,2022
661603,2022-08-26,134,PIT,0,143,PHI,2,-1,1,258.1684392529645,2022
661599,2022-08-27,134,PIT,0,143,PHI,1,-2,2,0.0,2022
661598,2022-08-28,134,PIT,0,143,PHI,1,-3,3,0.0,2022
661167,2022-08-30,134,PIT,0,158,MIL,2,-4,1,696.3664086049965,2022
661166,2022-08-31,134,PIT,0,158,MIL,1,-5,2,0.0,2022
661165,2022-08-31,134,PIT,0,158,MIL,0,-6,3,0.0,2022
662356,2022-09-02,134,PIT,1,141,TOR,2,1,1,447.5172990364866,2022
662286,2022-09-03,134,PIT,1,141,TOR,1,2,2,0.0,2022
662299,2022-09-04,134,PIT,1,141,TOR,1,3,3,0.0,2022
662282,2022-09-06,134,PIT,1,121,NYM,1,5,2,0.0,2022
662283,2022-09-07,134,PIT,1,121,NYM,1,6,3,0.0,2022
662285,2022-09-07,134,PIT,1,121,NYM,0,7,4,0.0,2022
662284,2022-09-09,134,PIT,1,138,STL,2,8,1,0.0,2022
662265,2022-09-10,134,PIT,1,138,STL,1,9,2,0.0,2022
662325,2022-09-11,134,PIT,1,138,STL,1,10,3,0.0,2022
663085,2022-09-12,134,PIT,0,113,CIN,1,-1,1,256.6044671740272,2022
663106,2022-09-13,134,PIT,0,113,CIN,1,-2,2,0.0,2022
663158,2022-09-13,134,PIT,0,113,CIN,0,-3,3,0.0,2022
663006,2022-09-14,134,PIT,0,113,CIN,1,-4,4,0.0,2022
662398,2022-09-15,134,PIT,0,121,NYM,1,-5,1,576.1040985787001,2022
662404,2022-09-16,134,PIT,0,121,NYM,1,-6,2,0.0,2022
662403,2022-09-17,134,PIT,0,121,NYM,1,-7,3,0.0,2022
662402,2022-09-18,134,PIT,0,121,NYM,1,-8,4,0.0,2022
661229,2022-09-20,134,PIT,0,147,NYY,2,-9,1,6.541035356047549,2022
661228,2022-09-21,134,PIT,0,147,NYY,1,-10,2,0.0,2022
662264,2022-09-22,134,PIT,1,112,CHC,1,1,1,319.800970833564,2022
662263,2022-09-23,134,PIT,1,112,CHC,1,2,2,0.0,2022
662249,2022-09-24,134,PIT,1,112,CHC,1,3,3,0.0,2022
662243,2022-09-25,134,PIT,1,112,CHC,1,4,4,0.0,2022
662242,2022-09-26,134,PIT,1,113,CIN,1,5,1,0.0,2022
662241,2022-09-27,134,PIT,1,113,CIN,1,6,2,0.0,2022
662240,2022-09-28,134,PIT,1,113,CIN,1,7,3,0.0,2022
661958,2022-10-01,134,PIT,0,138,STL,3,-1,1,556.9698942849304,2022
661956,2022-10-01,134,PIT,0,138,STL,0,-2,2,0.0,2022
661954,2022-10-02,134,PIT,0,138,STL,1,-3,3,0.0,2022
662309,2022-10-03,134,PIT,1,138,STL,1,1,4,556.9698942849304,2022
662319,2022-10-04,134,PIT,1,138,STL,1,2,5,0.0,2022
662304,2022-10-05,134,PIT,1,138,STL,1,3,6,0.0,2022
663418,2022-04-08,135,SD,0,109,ARI,0,-1,1,299.07000924838377,2022
663417,2022-04-09,135,SD,0,109,ARI,1,-2,2,0.0,2022
663404,2022-04-10,135,SD,0,109,ARI,1,-3,3,0.0,2022
663395,2022-04-10,135,SD,0,109,ARI,0,-4,4,0.0,2022
662116,2022-04-12,135,SD,0,137,SF,2,-5,1,652.0636757078365,2022
662104,2022-04-13,135,SD,0,137,SF,1,-6,2,0.0,2022
662115,2022-04-13,135,SD,0,137,SF,0,-7,3,0.0,2022
662237,2022-04-15,135,SD,1,144,ATL,2,1,1,458.03894144483473,2022
662235,2022-04-16,135,SD,1,144,ATL,1,2,2,0.0,2022
662236,2022-04-16,135,SD,1,144,ATL,0,3,3,0.0,2022
662234,2022-04-17,135,SD,1,144,ATL,1,4,4,0.0,2022
662233,2022-04-19,135,SD,1,113,CIN,2,5,1,0.0,2022
662232,2022-04-20,135,SD,1,113,CIN,1,6,2,0.0,2022
662231,2022-04-20,135,SD,1,113,CIN,0,7,3,0.0,2022
662230,2022-04-23,135,SD,1,119,LAD,3,8,1,0.0,2022
662276,2022-04-24,135,SD,1,119,LAD,1,9,2,0.0,2022
662274,2022-04-24,135,SD,1,119,LAD,0,10,3,0.0,2022
663079,2022-04-26,135,SD,0,113,CIN,2,-1,1,1869.1251200134675,2022
663148,2022-04-27,135,SD,0,113,CIN,1,-2,2,0.0,2022
663078,2022-04-28,135,SD,0,113,CIN,1,-3,3,0.0,2022
662296,2022-04-29,135,SD,0,134,PIT,1,-4,1,256.6044671740272,2022
662288,2022-04-30,135,SD,0,134,PIT,1,-5,2,0.0,2022
662293,2022-05-01,135,SD,0,134,PIT,1,-6,3,0.0,2022
663067,2022-05-04,135,SD,0,114,CLE,1,-8,2,0.0,2022
663068,2022-05-04,135,SD,0,114,CLE,0,-9,3,0.0,2022
662262,2022-05-06,135,SD,1,146,MIA,2,1,1,2030.8748360718175,2022
662272,2022-05-07,135,SD,1,146,MIA,1,2,2,0.0,2022
662260,2022-05-08,135,SD,1,146,MIA,1,3,3,0.0,2022
662261,2022-05-08,135,SD,1,146,MIA,0,4,4,0.0,2022
662259,2022-05-10,135,SD,1,112,CHC,2,5,1,0.0,2022
662258,2022-05-11,135,SD,1,112,CHC,1,6,2,0.0,2022
662273,2022-05-11,135,SD,1,112,CHC,0,7,3,0.0,2022
661547,2022-05-13,135,SD,0,144,ATL,2,-1,1,1881.7053801870268,2022
661546,2022-05-14,135,SD,0,144,ATL,1,-2,2,0.0,2022
661545,2022-05-15,135,SD,0,144,ATL,1,-3,3,0.0,2022
661625,2022-05-17,135,SD,0,143,PHI,2,-4,1,660.3458671025634,2022
661624,2022-05-18,135,SD,0,143,PHI,1,-5,2,0.0,2022
661623,2022-05-19,135,SD,0,143,PHI,1,-6,3,0.0,2022
662077,2022-05-21,135,SD,0,137,SF,2,-7,1,2515.920678646169,2022
662078,2022-05-21,135,SD,0,137,SF,0,-8,2,0.0,2022
662076,2022-05-22,135,SD,0,137,SF,1,-9,3,0.0,2022
662257,2022-05-24,135,SD,1,158,MIL,2,1,1,458.03894144483473,2022
662229,2022-05-25,135,SD,1,158,MIL,1,2,2,0.0,2022
662228,2022-05-25,135,SD,1,158,MIL,0,3,3,0.0,2022
662281,2022-05-28,135,SD,1,134,PIT,3,4,1,0.0,2022
662280,2022-05-29,135,SD,1,134,PIT,1,5,2,0.0,2022
662279,2022-05-29,135,SD,1,134,PIT,0,6,3,0.0,2022
661989,2022-05-30,135,SD,0,138,STL,1,-1,1,1561.6025452697695,2022
661977,2022-05-31,135,SD,0,138,STL,1,-2,2,0.0,2022
661982,2022-06-01,135,SD,0,138,STL,1,-3,3,0.0,2022
661340,2022-06-02,135,SD,0,158,MIL,1,-4,1,325.7786649185398,2022
661334,2022-06-04,135,SD,0,158,MIL,2,-5,2,0.0,2022
661214,2022-06-04,135,SD,0,158,MIL,0,-6,3,0.0,2022
661241,2022-06-05,135,SD,0,158,MIL,1,-7,4,0.0,2022
662278,2022-06-07,135,SD,1,121,NYM,2,1,1,1732.8547359706142,2022
662277,2022-06-08,135,SD,1,121,NYM,1,2,2,0.0,2022
662223,2022-06-09,135,SD,1,121,NYM,1,3,3,0.0,2022
662275,2022-06-11,135,SD,1,115,COL,2,4,1,0.0,2022
662251,2022-06-11,135,SD,1,115,COL,0,5,2,0.0,2022
662256,2022-06-12,135,SD,1,115,COL,1,6,3,0.0,2022
662222,2022-06-12,135,SD,1,115,COL,0,7,4,0.0,2022
663183,2022-06-14,135,SD,0,112,CHC,2,-1,1,1731.4493412522409,2022
663182,2022-06-15,135,SD,0,112,CHC,1,-2,2,0.0,2022
663155,2022-06-16,135,SD,0,112,CHC,1,-3,3,0.0,2022
663125,2022-06-16,135,SD,0,112,CHC,0,-4,4,0.0,2022
662985,2022-06-18,135,SD,0,115,COL,2,-5,1,917.1571990207435,2022
662999,2022-06-19,135,SD,0,115,COL,1,-6,2,0.0,2022
662998,2022-06-19,135,SD,0,115,COL,0,-7,3,0.0,2022
662221,2022-06-21,135,SD,1,109,ARI,2,1,1,833.4460828296096,2022
662245,2022-06-22,135,SD,1,109,ARI,1,2,2,0.0,2022
662248,2022-06-22,135,SD,1,109,ARI,0,3,3,0.0,2022
662227,2022-06-24,135,SD,1,143,PHI,2,4,1,0.0,2022
662255,2022-06-25,135,SD,1,143,PHI,1,5,2,0.0,2022
662247,2022-06-26,135,SD,1,143,PHI,1,6,3,0.0,2022
662254,2022-06-26,135,SD,1,143,PHI,0,7,4,0.0,2022
663344,2022-06-29,135,SD,0,109,ARI,3,-1,1,299.07000924838377,2022
663325,2022-06-29,135,SD,0,109,ARI,0,-2,2,0.0,2022
662733,2022-07-01,135,SD,0,119,LAD,2,-3,1,357.22532088939374,2022
662609,2022-07-02,135,SD,0,119,LAD,1,-4,2,0.0,2022
662718,2022-07-02,135,SD,0,119,LAD,0,-5,3,0.0,2022
662684,2022-07-03,135,SD,0,119,LAD,1,-6,4,0.0,2022
662270,2022-07-04,135,SD,1,136,SEA,1,1,1,113.20881075215142,2022
662226,2022-07-05,135,SD,1,136,SEA,1,2,2,0.0,2022
662253,2022-07-08,135,SD,1,137,SF,3,3,1,0.0,2022
662225,2022-07-09,135,SD,1,137,SF,1,4,2,0.0,2022
662266,2022-07-09,135,SD,1,137,SF,0,5,3,0.0,2022
662198,2022-07-10,135,SD,1,137,SF,1,6,4,0.0,2022
662996,2022-07-12,135,SD,0,115,COL,2,-1,1,833.4460828296096,2022
662984,2022-07-13,135,SD,0,115,COL,1,-2,2,0.0,2022
661100,2022-07-14,135,SD,0,115,COL,1,-3,3,0.0,2022
662895,2022-07-14,135,SD,0,115,COL,0,-4,4,0.0,2022
662197,2022-07-16,135,SD,1,109,ARI,2,1,1,833.4460828296096,2022
662271,2022-07-17,135,SD,1,109,ARI,1,2,2,0.0,2022
662269,2022-07-17,135,SD,1,109,ARI,0,3,3,0.0,2022
662481,2022-07-22,135,SD,0,121,NYM,5,-1,1,2436.313085576127,2022
662495,2022-07-23,135,SD,0,121,NYM,1,-2,2,0.0,2022
662458,2022-07-24,135,SD,0,121,NYM,1,-3,3,0.0,2022
662809,2022-07-25,135,SD,0,116,DET,1,-4,1,488.01813985396933,2022
662813,2022-07-26,135,SD,0,116,DET,1,-5,2,0.0,2022
662900,2022-07-27,135,SD,0,116,DET,1,-6,3,0.0,2022
662196,2022-07-30,135,SD,1,142,MIN,3,1,1,1968.4968227988124,2022
662268,2022-07-30,135,SD,1,142,MIN,0,2,2,0.0,2022
662267,2022-07-31,135,SD,1,142,MIN,1,3,3,0.0,2022
662224,2022-08-02,135,SD,1,115,COL,2,4,1,0.0,2022
662250,2022-08-02,135,SD,1,115,COL,0,5,2,0.0,2022
662220,2022-08-03,135,SD,1,115,COL,1,6,3,0.0,2022
662244,2022-08-04,135,SD,1,115,COL,1,7,4,0.0,2022
662219,2022-08-04,135,SD,1,115,COL,0,8,5,0.0,2022
662564,2022-08-06,135,SD,0,119,LAD,2,-1,1,113.20881075215142,2022
662654,2022-08-07,135,SD,0,119,LAD,1,-2,2,0.0,2022
662563,2022-08-07,135,SD,0,119,LAD,0,-3,3,0.0,2022
662218,2022-08-09,135,SD,1,137,SF,2,1,1,113.20881075215142,2022
662246,2022-08-10,135,SD,1,137,SF,1,2,2,0.0,2022
662217,2022-08-10,135,SD,1,137,SF,0,3,3,0.0,2022
662551,2022-08-12,135,SD,0,120,WSH,2,-1,1,2271.6169527029847,2022
662473,2022-08-13,135,SD,0,120,WSH,1,-2,2,0.0,2022
662472,2022-08-14,135,SD,0,120,WSH,1,-3,3,0.0,2022
661358,2022-08-15,135,SD,0,146,MIA,1,-4,1,923.8773279819753,2022
661357,2022-08-16,135,SD,0,146,MIA,1,-5,2,0.0,2022
661356,2022-08-17,135,SD,0,146,MIA,1,-6,3,0.0,2022
662182,2022-08-19,135,SD,1,120,WSH,2,1,1,2266.0145326444363,2022
662181,2022-08-20,135,SD,1,120,WSH,1,2,2,0.0,2022
662180,2022-08-21,135,SD,1,120,WSH,1,3,3,0.0,2022
662179,2022-08-21,135,SD,1,120,WSH,0,4,4,0.0,2022
662213,2022-08-24,135,SD,1,114,CLE,3,5,1,0.0,2022
662212,2022-08-24,135,SD,1,114,CLE,0,6,2,0.0,2022
662667,2022-08-27,135,SD,0,118,KC,3,-1,1,1338.8342274624279,2022
662666,2022-08-27,135,SD,0,118,KC,0,-2,2,0.0,2022
662638,2022-08-28,135,SD,0,118,KC,1,-3,3,0.0,2022
662001,2022-08-30,135,SD,0,137,SF,2,-4,1,1507.6255221148479,2022
662033,2022-08-31,135,SD,0,137,SF,1,-5,2,0.0,2022
662000,2022-08-31,135,SD,0,137,SF,0,-6,3,0.0,2022
662603,2022-09-03,135,SD,0,119,LAD,3,-7,1,345.5052646422354,2022
662597,2022-09-04,135,SD,0,119,LAD,1,-8,2,0.0,2022
662599,2022-09-04,135,SD,0,119,LAD,0,-9,3,0.0,2022
662211,2022-09-05,135,SD,1,109,ARI,1,1,1,113.20881075215142,2022
662205,2022-09-07,135,SD,1,109,ARI,2,2,2,0.0,2022
662216,2022-09-08,135,SD,1,109,ARI,1,3,3,0.0,2022
661850,2022-09-10,135,SD,1,119,LAD,2,4,1,0.0,2022
661848,2022-09-11,135,SD,1,119,LAD,1,5,2,0.0,2022
661849,2022-09-11,135,SD,1,119,LAD,0,6,3,0.0,2022
662118,2022-09-14,135,SD,0,136,SEA,3,-1,1,1063.509772580899,2022
662119,2022-09-14,135,SD,0,136,SEA,0,-2,2,0.0,2022
663284,2022-09-16,135,SD,0,109,ARI,2,-3,1,1114.0691793592323,2022
663283,2022-09-17,135,SD,0,109,ARI,1,-4,2,0.0,2022
663289,2022-09-18,135,SD,0,109,ARI,1,-5,3,0.0,2022
663287,2022-09-18,135,SD,0,109,ARI,0,-6,4,0.0,2022
662204,2022-09-21,135,SD,1,138,STL,3,1,1,299.07000924838377,2022
662203,2022-09-22,135,SD,1,138,STL,1,2,2,0.0,2022
662202,2022-09-22,135,SD,1,138,STL,0,3,3,0.0,2022
662897,2022-09-24,135,SD,0,115,COL,2,-1,1,833.4460828296096,2022
662865,2022-09-25,135,SD,0,115,COL,1,-2,2,0.0,2022
662866,2022-09-25,135,SD,0,115,COL,0,-3,3,0.0,2022
662210,2022-09-28,135,SD,1,119,LAD,3,1,1,833.4460828296096,2022
662214,2022-09-29,135,SD,1,119,LAD,1,2,2,0.0,2022
662209,2022-09-30,135,SD,1,119,LAD,1,3,3,0.0,2022
662208,2022-10-01,135,SD,1,145,CWS,1,4,1,0.0,2022
662207,2022-10-02,135,SD,1,145,CWS,1,5,2,0.0,2022
662190,2022-10-02,135,SD,1,145,CWS,0,6,3,0.0,2022
662239,2022-10-04,135,SD,1,137,SF,2,7,1,0.0,2022
662252,2022-10-05,135,SD,1,137,SF,1,8,2,0.0,2022
662238,2022-10-05,135,SD,1,137,SF,0,9,3,0.0,2022
661750,2022-04-08,136,SEA,0,142,MIN,1,-2,2,0.0,2022
661756,2022-04-09,136,SEA,0,142,MIN,1,-3,3,0.0,2022
661738,2022-04-10,136,SEA,0,142,MIN,1,-4,4,0.0,2022
661754,2022-04-11,136,SEA,0,142,MIN,1,-5,5,0.0,2022
661538,2022-04-12,136,SEA,0,145,CWS,1,-6,1,357.20870712294794,2022
661530,2022-04-13,136,SEA,0,145,CWS,1,-7,2,0.0,2022
661529,2022-04-14,136,SEA,0,145,CWS,1,-8,3,0.0,2022
662192,2022-04-16,136,SEA,1,117,HOU,2,1,1,1734.2639498746735,2022
662174,2022-04-17,136,SEA,1,117,HOU,1,2,2,0.0,2022
662206,2022-04-17,136,SEA,1,117,HOU,0,3,3,0.0,2022
662161,2022-04-20,136,SEA,1,140,TEX,3,4,1,0.0,2022
662178,2022-04-21,136,SEA,1,140,TEX,1,5,2,0.0,2022
662177,2022-04-22,136,SEA,1,140,TEX,1,6,3,0.0,2022
662175,2022-04-23,136,SEA,1,118,KC,1,7,1,0.0,2022
662191,2022-04-24,136,SEA,1,118,KC,1,8,2,0.0,2022
662188,2022-04-24,136,SEA,1,118,KC,0,9,3,0.0,2022
661929,2022-04-26,136,SEA,0,139,TB,2,-1,1,2525.9452819416106,2022
661909,2022-04-27,136,SEA,0,139,TB,1,-2,2,0.0,2022
661908,2022-04-28,136,SEA,0,139,TB,1,-3,3,0.0,2022
661390,2022-04-29,136,SEA,0,146,MIA,1,-4,1,203.5855811594844,2022
661389,2022-04-30,136,SEA,0,146,MIA,1,-5,2,0.0,2022
661365,2022-05-01,136,SEA,0,146,MIA,1,-6,3,0.0,2022
662920,2022-05-03,136,SEA,0,117,HOU,2,-7,1,964.5038276054531,2022
662919,2022-05-04,136,SEA,0,117,HOU,1,-8,2,0.0,2022
662835,2022-05-04,136,SEA,0,117,HOU,0,-9,3,0.0,2022
662189,2022-05-06,136,SEA,1,139,TB,2,1,1,1889.6158526975785,2022
662187,2022-05-07,136,SEA,1,139,TB,1,2,2,0.0,2022
662160,2022-05-08,136,SEA,1,139,TB,1,3,3,0.0,2022
662159,2022-05-08,136,SEA,1,139,TB,0,4,4,0.0,2022
662158,2022-05-10,136,SEA,1,143,PHI,2,5,1,0.0,2022
662157,2022-05-11,136,SEA,1,143,PHI,1,6,2,0.0,2022
662176,2022-05-11,136,SEA,1,143,PHI,0,7,3,0.0,2022
662523,2022-05-13,136,SEA,0,121,NYM,2,-1,1,2408.193610875357,2022
662568,2022-05-14,136,SEA,0,121,NYM,1,-2,2,0.0,2022
662567,2022-05-15,136,SEA,0,121,NYM,1,-3,3,0.0,2022
661794,2022-05-16,136,SEA,0,141,TOR,1,-4,1,346.6363887095845,2022
661765,2022-05-17,136,SEA,0,141,TOR,1,-5,2,0.0,2022
661767,2022-05-18,136,SEA,0,141,TOR,1,-6,3,0.0,2022
663269,2022-05-19,136,SEA,0,111,BOS,1,-7,1,428.32913029317257,2022
663268,2022-05-20,136,SEA,0,111,BOS,1,-8,2,0.0,2022
663234,2022-05-21,136,SEA,0,111,BOS,1,-9,3,0.0,2022
663277,2022-05-22,136,SEA,0,111,BOS,1,-10,4,0.0,2022
662135,2022-05-24,136,SEA,1,133,OAK,2,1,1,2484.5557470593844,2022
662134,2022-05-25,136,SEA,1,133,OAK,1,2,2,0.0,2022
662133,2022-05-25,136,SEA,1,133,OAK,0,3,3,0.0,2022
662132,2022-05-28,136,SEA,1,117,HOU,3,4,1,0.0,2022
662131,2022-05-29,136,SEA,1,117,HOU,1,5,2,0.0,2022
662130,2022-05-29,136,SEA,1,117,HOU,0,6,3,0.0,2022
661075,2022-05-31,136,SEA,0,110,BAL,2,-1,1,2328.21147385152,2022
661343,2022-06-01,136,SEA,0,110,BAL,1,-2,2,0.0,2022
661247,2022-06-02,136,SEA,0,110,BAL,1,-3,3,0.0,2022
661913,2022-06-04,136,SEA,0,140,TEX,2,-4,1,1225.9583636520863,2022
661936,2022-06-04,136,SEA,0,140,TEX,0,-5,2,0.0,2022
661962,2022-06-05,136,SEA,0,140,TEX,1,-6,3,0.0,2022
662762,2022-06-07,136,SEA,0,117,HOU,2,-7,1,230.66355960201378,2022
662761,2022-06-08,136,SEA,0,117,HOU,1,-8,2,0.0,2022
662760,2022-06-08,136,SEA,0,117,HOU,0,-9,3,0.0,2022
662129,2022-06-11,136,SEA,1,111,BOS,3,1,1,1889.6158526975785,2022
662127,2022-06-12,136,SEA,1,111,BOS,1,2,2,0.0,2022
662128,2022-06-12,136,SEA,1,111,BOS,0,3,3,0.0,2022
662126,2022-06-14,136,SEA,1,142,MIN,2,4,1,0.0,2022
662125,2022-06-15,136,SEA,1,142,MIN,1,5,2,0.0,2022
662173,2022-06-15,136,SEA,1,142,MIN,0,6,3,0.0,2022
662172,2022-06-17,136,SEA,1,108,LAA,2,7,1,0.0,2022
662171,2022-06-18,136,SEA,1,108,LAA,1,8,2,0.0,2022
662194,2022-06-18,136,SEA,1,108,LAA,0,9,3,0.0,2022
662170,2022-06-19,136,SEA,1,108,LAA,1,10,4,0.0,2022
662169,2022-06-19,136,SEA,1,108,LAA,0,11,5,0.0,2022
662360,2022-06-22,136,SEA,0,133,OAK,3,-1,1,679.9392003432476,2022
662358,2022-06-23,136,SEA,0,133,OAK,1,-2,2,0.0,2022
662359,2022-06-23,136,SEA,0,133,OAK,0,-3,3,0.0,2022
663388,2022-06-25,136,SEA,0,108,LAA,2,-4,1,364.7793033141838,2022
663441,2022-06-26,136,SEA,0,108,LAA,1,-5,2,0.0,2022
663387,2022-06-26,136,SEA,0,108,LAA,0,-6,3,0.0,2022
662168,2022-06-28,136,SEA,1,110,BAL,2,1,1,980.5935873257743,2022
662186,2022-06-29,136,SEA,1,110,BAL,1,2,2,0.0,2022
662151,2022-06-29,136,SEA,1,110,BAL,0,3,3,0.0,2022
662150,2022-07-01,136,SEA,1,133,OAK,2,4,1,0.0,2022
662149,2022-07-02,136,SEA,1,133,OAK,1,5,2,0.0,2022
662163,2022-07-02,136,SEA,1,133,OAK,0,6,3,0.0,2022
662162,2022-07-03,136,SEA,1,133,OAK,1,7,4,0.0,2022
662270,2022-07-04,136,SEA,0,135,SD,1,-1,1,1063.509772580899,2022
662226,2022-07-05,136,SEA,0,135,SD,1,-2,2,0.0,2022
662156,2022-07-08,136,SEA,1,141,TOR,3,1,1,1063.509772580899,2022
662155,2022-07-09,136,SEA,1,141,TOR,1,2,2,0.0,2022
662147,2022-07-10,136,SEA,1,141,TOR,1,3,3,0.0,2022
662183,2022-07-10,136,SEA,1,141,TOR,0,4,4,0.0,2022
662517,2022-07-13,136,SEA,0,120,WSH,1,-2,2,0.0,2022
662531,2022-07-13,136,SEA,0,120,WSH,0,-3,3,0.0,2022
661811,2022-07-15,136,SEA,0,140,TEX,2,-4,1,1198.682847057283,2022
661810,2022-07-16,136,SEA,0,140,TEX,1,-5,2,0.0,2022
661809,2022-07-16,136,SEA,0,140,TEX,0,-6,3,0.0,2022
661821,2022-07-17,136,SEA,0,140,TEX,1,-7,4,0.0,2022
662167,2022-07-23,136,SEA,1,117,HOU,6,1,1,1668.9357465944922,2022
662146,2022-07-23,136,SEA,1,117,HOU,0,2,2,0.0,2022
662145,2022-07-24,136,SEA,1,117,HOU,1,3,3,0.0,2022
662166,2022-07-26,136,SEA,1,140,TEX,2,4,1,0.0,2022
662184,2022-07-27,136,SEA,1,140,TEX,1,5,2,0.0,2022
662165,2022-07-27,136,SEA,1,140,TEX,0,6,3,0.0,2022
662907,2022-07-29,136,SEA,0,117,HOU,2,-1,1,1889.6158526975785,2022
662745,2022-07-30,136,SEA,0,117,HOU,1,-2,2,0.0,2022
662738,2022-07-30,136,SEA,0,117,HOU,0,-3,3,0.0,2022
662918,2022-07-31,136,SEA,0,117,HOU,1,-4,4,0.0,2022
661268,2022-08-01,136,SEA,0,147,NYY,1,-5,1,1424.3629806468848,2022
661253,2022-08-02,136,SEA,0,147,NYY,1,-6,2,0.0,2022
661293,2022-08-03,136,SEA,0,147,NYY,1,-7,3,0.0,2022
662164,2022-08-06,136,SEA,1,108,LAA,3,1,1,2402.134394397607,2022
662154,2022-08-06,136,SEA,1,108,LAA,0,2,2,0.0,2022
662153,2022-08-07,136,SEA,1,108,LAA,1,3,3,0.0,2022
662193,2022-08-07,136,SEA,1,108,LAA,0,4,4,0.0,2022
662152,2022-08-09,136,SEA,1,147,NYY,2,5,1,0.0,2022
662148,2022-08-10,136,SEA,1,147,NYY,1,6,2,0.0,2022
662185,2022-08-10,136,SEA,1,147,NYY,0,7,3,0.0,2022
661791,2022-08-13,136,SEA,0,140,TEX,3,-1,1,1668.9357465944922,2022
661790,2022-08-13,136,SEA,0,140,TEX,0,-2,2,0.0,2022
661789,2022-08-14,136,SEA,0,140,TEX,1,-3,3,0.0,2022
663370,2022-08-16,136,SEA,0,108,LAA,2,-4,1,1201.6984237735796,2022
663369,2022-08-17,136,SEA,0,108,LAA,1,-5,2,0.0,2022
663408,2022-08-17,136,SEA,0,108,LAA,0,-6,3,0.0,2022
662340,2022-08-20,136,SEA,0,133,OAK,3,-7,1,364.7793033141838,2022
662341,2022-08-20,136,SEA,0,133,OAK,0,-8,2,0.0,2022
662315,2022-08-21,136,SEA,0,133,OAK,1,-9,3,0.0,2022
662142,2022-08-24,136,SEA,1,120,WSH,3,1,1,679.9392003432476,2022
662144,2022-08-24,136,SEA,1,120,WSH,0,2,2,0.0,2022
662141,2022-08-25,136,SEA,1,114,CLE,1,3,1,0.0,2022
662143,2022-08-27,136,SEA,1,114,CLE,2,4,2,0.0,2022
662140,2022-08-28,136,SEA,1,114,CLE,1,5,3,0.0,2022
662139,2022-08-28,136,SEA,1,114,CLE,0,6,4,0.0,2022
662804,2022-08-30,136,SEA,0,116,DET,2,-1,1,1933.051781296917,2022
662903,2022-08-31,136,SEA,0,116,DET,1,-2,2,0.0,2022
662785,2022-09-01,136,SEA,0,116,DET,1,-3,3,0.0,2022
662961,2022-09-02,136,SEA,0,114,CLE,1,-4,1,91.12804978214932,2022
662963,2022-09-03,136,SEA,0,114,CLE,1,-5,2,0.0,2022
662962,2022-09-04,136,SEA,0,114,CLE,1,-6,3,0.0,2022
662121,2022-09-05,136,SEA,1,145,CWS,1,1,1,2021.2763610125958,2022
662138,2022-09-07,136,SEA,1,145,CWS,2,2,2,0.0,2022
662137,2022-09-07,136,SEA,1,145,CWS,0,3,3,0.0,2022
662136,2022-09-10,136,SEA,1,144,ATL,3,4,1,0.0,2022
662088,2022-09-11,136,SEA,1,144,ATL,1,5,2,0.0,2022
662120,2022-09-11,136,SEA,1,144,ATL,0,6,3,0.0,2022
662118,2022-09-14,136,SEA,1,135,SD,3,7,1,0.0,2022
662119,2022-09-14,136,SEA,1,135,SD,0,8,2,0.0,2022
663427,2022-09-17,136,SEA,0,108,LAA,3,-1,1,980.5935873257743,2022
663426,2022-09-18,136,SEA,0,108,LAA,1,-2,2,0.0,2022
663425,2022-09-18,136,SEA,0,108,LAA,0,-3,3,0.0,2022
663423,2022-09-19,136,SEA,0,108,LAA,1,-4,4,0.0,2022
662321,2022-09-21,136,SEA,0,133,OAK,2,-5,1,364.7793033141838,2022
662320,2022-09-22,136,SEA,0,133,OAK,1,-6,2,0.0,2022
662306,2022-09-22,136,SEA,0,133,OAK,0,-7,3,0.0,2022
662641,2022-09-24,136,SEA,0,118,KC,2,-8,1,1497.929836668995,2022
662642,2022-09-24,136,SEA,0,118,KC,0,-9,2,0.0,2022
662631,2022-09-25,136,SEA,0,118,KC,1,-10,3,0.0,2022
662117,2022-09-28,136,SEA,1,140,TEX,3,1,1,1508.929102213115,2022
661112,2022-09-29,136,SEA,1,140,TEX,1,2,2,0.0,2022
661128,2022-09-30,136,SEA,1,140,TEX,1,3,3,0.0,2022
661111,2022-10-01,136,SEA,1,133,OAK,1,4,1,0.0,2022
661110,2022-10-01,136,SEA,1,133,OAK,0,5,2,0.0,2022
662087,2022-10-02,136,SEA,1,133,OAK,1,6,3,0.0,2022
662200,2022-10-04,136,SEA,1,116,DET,2,7,1,0.0,2022
662199,2022-10-04,136,SEA,1,116,DET,0,8,2,0.0,2022
662201,2022-10-04,136,SEA,1,116,DET,0,9,3,0.0,2022
662195,2022-10-05,136,SEA,1,116,DET,1,10,4,0.0,2022
662124,2022-04-08,137,SF,1,146,MIA,0,1,1,0.0,2022
662123,2022-04-09,137,SF,1,146,MIA,1,2,2,0.0,2022
662122,2022-04-10,137,SF,1,146,MIA,1,3,3,0.0,2022
662116,2022-04-12,137,SF,1,135,SD,2,4,1,0.0,2022
662104,2022-04-13,137,SF,1,135,SD,1,5,2,0.0,2022
662115,2022-04-13,137,SF,1,135,SD,0,6,3,0.0,2022
663136,2022-04-15,137,SF,0,114,CLE,2,-1,1,2161.0355110440028,2022
663076,2022-04-16,137,SF,0,114,CLE,1,-2,2,0.0,2022
663132,2022-04-17,137,SF,0,114,CLE,1,-3,3,0.0,2022
662350,2022-04-19,137,SF,0,121,NYM,1,-5,2,0.0,2022
662616,2022-04-19,137,SF,0,121,NYM,0,-6,3,0.0,2022
662349,2022-04-20,137,SF,0,121,NYM,1,-7,4,0.0,2022
662593,2022-04-21,137,SF,0,121,NYM,1,-8,5,0.0,2022
662557,2022-04-22,137,SF,0,120,WSH,1,-9,1,212.3563770011718,2022
662549,2022-04-23,137,SF,0,120,WSH,1,-10,2,0.0,2022
662539,2022-04-24,137,SF,0,120,WSH,1,-11,3,0.0,2022
661210,2022-04-25,137,SF,0,158,MIL,1,-12,1,639.4643273379048,2022
662086,2022-04-27,137,SF,1,133,OAK,2,1,1,1833.5573982316243,2022
662066,2022-04-28,137,SF,1,133,OAK,1,2,2,0.0,2022
662081,2022-04-30,137,SF,1,120,WSH,2,3,1,0.0,2022
662084,2022-04-30,137,SF,1,120,WSH,0,4,2,0.0,2022
662106,2022-05-01,137,SF,1,120,WSH,1,5,3,0.0,2022
662708,2022-05-04,137,SF,0,119,LAD,3,-1,1,345.5052646422354,2022
662707,2022-05-05,137,SF,0,119,LAD,1,-2,2,0.0,2022
662105,2022-05-06,137,SF,1,138,STL,1,1,1,345.5052646422354,2022
662103,2022-05-07,137,SF,1,138,STL,1,2,2,0.0,2022
662102,2022-05-07,137,SF,1,138,STL,0,3,3,0.0,2022
662098,2022-05-08,137,SF,1,138,STL,1,4,4,0.0,2022
662097,2022-05-10,137,SF,1,115,COL,2,5,1,0.0,2022
662096,2022-05-11,137,SF,1,115,COL,1,6,2,0.0,2022
662095,2022-05-11,137,SF,1,115,COL,0,7,3,0.0,2022
661986,2022-05-14,137,SF,0,138,STL,3,-1,1,1740.2563893028632,2022
661985,2022-05-14,137,SF,0,138,STL,0,-2,2,0.0,2022
661984,2022-05-15,137,SF,0,138,STL,1,-3,3,0.0,2022
663005,2022-05-17,137,SF,0,115,COL,2,-4,1,795.6297379917951,2022
663004,2022-05-18,137,SF,0,115,COL,1,-5,2,0.0,2022
663003,2022-05-18,137,SF,0,115,COL,0,-6,3,0.0,2022
662078,2022-05-21,137,SF,1,135,SD,3,1,1,945.5308694116128,2022
662077,2022-05-21,137,SF,1,135,SD,0,2,2,0.0,2022
662076,2022-05-22,137,SF,1,135,SD,1,3,3,0.0,2022
662075,2022-05-24,137,SF,1,121,NYM,2,4,1,0.0,2022
662074,2022-05-25,137,SF,1,121,NYM,1,5,2,0.0,2022
662093,2022-05-25,137,SF,1,121,NYM,0,6,3,0.0,2022
663080,2022-05-27,137,SF,0,113,CIN,2,-1,1,2037.340018250872,2022
663118,2022-05-28,137,SF,0,113,CIN,1,-2,2,0.0,2022
663072,2022-05-29,137,SF,0,113,CIN,1,-3,3,0.0,2022
661613,2022-05-30,137,SF,0,143,PHI,1,-4,1,500.9471415614062,2022
661618,2022-05-31,137,SF,0,143,PHI,1,-5,2,0.0,2022
661612,2022-06-01,137,SF,0,143,PHI,1,-6,3,0.0,2022
661397,2022-06-02,137,SF,0,146,MIA,1,-7,1,1018.8446832841317,2022
661396,2022-06-03,137,SF,0,146,MIA,1,-8,2,0.0,2022
661395,2022-06-04,137,SF,0,146,MIA,1,-9,3,0.0,2022
661394,2022-06-05,137,SF,0,146,MIA,1,-10,4,0.0,2022
662092,2022-06-08,137,SF,1,115,COL,3,1,1,2587.455596996607,2022
662094,2022-06-09,137,SF,1,115,COL,1,2,2,0.0,2022
662091,2022-06-09,137,SF,1,115,COL,0,3,3,0.0,2022
662090,2022-06-11,137,SF,1,119,LAD,2,4,1,0.0,2022
662089,2022-06-11,137,SF,1,119,LAD,0,5,2,0.0,2022
662085,2022-06-12,137,SF,1,119,LAD,1,6,3,0.0,2022
662069,2022-06-14,137,SF,1,118,KC,2,7,1,0.0,2022
662068,2022-06-15,137,SF,1,118,KC,1,8,2,0.0,2022
662082,2022-06-15,137,SF,1,118,KC,0,9,3,0.0,2022
662437,2022-06-17,137,SF,0,134,PIT,2,-1,1,2257.9877065555274,2022
661123,2022-06-18,137,SF,0,134,PIT,1,-2,2,0.0,2022
661122,2022-06-19,137,SF,0,134,PIT,1,-3,3,0.0,2022
661143,2022-06-20,137,SF,0,144,ATL,1,-4,1,515.1605409529744,2022
661142,2022-06-21,137,SF,0,144,ATL,1,-5,2,0.0,2022
661141,2022-06-22,137,SF,0,144,ATL,1,-6,3,0.0,2022
661140,2022-06-23,137,SF,0,144,ATL,1,-7,4,0.0,2022
662083,2022-06-25,137,SF,1,113,CIN,2,1,1,2126.61368269605,2022
662067,2022-06-25,137,SF,1,113,CIN,0,2,2,0.0,2022
662061,2022-06-26,137,SF,1,113,CIN,1,3,3,0.0,2022
662060,2022-06-29,137,SF,1,116,DET,3,4,1,0.0,2022
662080,2022-06-29,137,SF,1,116,DET,0,5,2,0.0,2022
662079,2022-07-02,137,SF,1,145,CWS,3,6,1,0.0,2022
662101,2022-07-02,137,SF,1,145,CWS,0,7,2,0.0,2022
662099,2022-07-03,137,SF,1,145,CWS,1,8,3,0.0,2022
663343,2022-07-04,137,SF,0,109,ARI,1,-1,1,652.0636757078365,2022
663320,2022-07-06,137,SF,0,109,ARI,2,-2,2,0.0,2022
663318,2022-07-07,137,SF,0,109,ARI,1,-3,3,0.0,2022
662253,2022-07-08,137,SF,0,135,SD,1,-4,1,299.07000924838377,2022
662225,2022-07-09,137,SF,0,135,SD,1,-5,2,0.0,2022
662266,2022-07-09,137,SF,0,135,SD,0,-6,3,0.0,2022
662198,2022-07-10,137,SF,0,135,SD,1,-7,4,0.0,2022
662100,2022-07-12,137,SF,1,109,ARI,2,1,1,458.03894144483473,2022
662108,2022-07-13,137,SF,1,109,ARI,1,2,2,0.0,2022
662107,2022-07-13,137,SF,1,109,ARI,0,3,3,0.0,2022
662109,2022-07-15,137,SF,1,158,MIL,2,4,1,0.0,2022
662072,2022-07-16,137,SF,1,158,MIL,1,5,2,0.0,2022
662113,2022-07-16,137,SF,1,158,MIL,0,6,3,0.0,2022
662059,2022-07-17,137,SF,1,158,MIL,1,7,4,0.0,2022
662685,2022-07-22,137,SF,0,119,LAD,5,-1,1,345.5052646422354,2022
662589,2022-07-23,137,SF,0,119,LAD,1,-2,2,0.0,2022
662608,2022-07-23,137,SF,0,119,LAD,0,-3,3,0.0,2022
662682,2022-07-24,137,SF,0,119,LAD,1,-4,4,0.0,2022
663315,2022-07-26,137,SF,0,109,ARI,2,-5,1,357.22532088939374,2022
663314,2022-07-27,137,SF,0,109,ARI,1,-6,2,0.0,2022
663294,2022-07-27,137,SF,0,109,ARI,0,-7,3,0.0,2022
662058,2022-07-29,137,SF,1,112,CHC,2,1,1,652.0636757078365,2022
662057,2022-07-30,137,SF,1,112,CHC,1,2,2,0.0,2022
662071,2022-07-31,137,SF,1,112,CHC,1,3,3,0.0,2022
662112,2022-07-31,137,SF,1,112,CHC,0,4,4,0.0,2022
662070,2022-08-02,137,SF,1,119,LAD,2,5,1,0.0,2022
662056,2022-08-03,137,SF,1,119,LAD,1,6,2,0.0,2022
662055,2022-08-04,137,SF,1,119,LAD,1,7,3,0.0,2022
662114,2022-08-04,137,SF,1,119,LAD,0,8,4,0.0,2022
662308,2022-08-06,137,SF,0,133,OAK,2,-1,1,10.48032218937323,2022
662332,2022-08-07,137,SF,0,133,OAK,1,-2,2,0.0,2022
662218,2022-08-09,137,SF,0,135,SD,2,-3,1,449.84278611734885,2022
662246,2022-08-10,137,SF,0,135,SD,1,-4,2,0.0,2022
662217,2022-08-10,137,SF,0,135,SD,0,-5,3,0.0,2022
662111,2022-08-13,137,SF,1,134,PIT,3,1,1,458.03894144483473,2022
662110,2022-08-14,137,SF,1,134,PIT,1,2,2,0.0,2022
662035,2022-08-14,137,SF,1,134,PIT,0,3,3,0.0,2022
662034,2022-08-16,137,SF,1,109,ARI,2,4,1,0.0,2022
662004,2022-08-17,137,SF,1,109,ARI,1,5,2,0.0,2022
662003,2022-08-18,137,SF,1,109,ARI,1,6,3,0.0,2022
662002,2022-08-18,137,SF,1,109,ARI,0,7,4,0.0,2022
662880,2022-08-20,137,SF,0,115,COL,2,-1,1,945.5308694116128,2022
662879,2022-08-21,137,SF,0,115,COL,1,-2,2,0.0,2022
662878,2022-08-21,137,SF,0,115,COL,0,-3,3,0.0,2022
662914,2022-08-23,137,SF,0,116,DET,2,-4,1,1154.1426681495122,2022
662916,2022-08-24,137,SF,0,116,DET,1,-5,2,0.0,2022
661669,2022-08-27,137,SF,0,142,MIN,3,-6,1,542.5071369450939,2022
661657,2022-08-27,137,SF,0,142,MIN,0,-7,2,0.0,2022
661663,2022-08-28,137,SF,0,142,MIN,1,-8,3,0.0,2022
662001,2022-08-30,137,SF,1,135,SD,2,1,1,1579.295057576871,2022
662000,2022-08-31,137,SF,1,135,SD,1,2,2,0.0,2022
662033,2022-08-31,137,SF,1,135,SD,0,3,3,0.0,2022
662032,2022-09-03,137,SF,1,143,PHI,3,4,1,0.0,2022
662031,2022-09-03,137,SF,1,143,PHI,0,5,2,0.0,2022
662030,2022-09-04,137,SF,1,143,PHI,1,6,3,0.0,2022
662602,2022-09-06,137,SF,0,119,LAD,2,-1,1,345.5052646422354,2022
662601,2022-09-07,137,SF,0,119,LAD,1,-2,2,0.0,2022
662582,2022-09-07,137,SF,0,119,LAD,0,-3,3,0.0,2022
661219,2022-09-08,137,SF,0,158,MIL,1,-4,1,1737.1964859284558,2022
661233,2022-09-08,137,SF,0,158,MIL,0,-5,2,0.0,2022
663217,2022-09-09,137,SF,0,112,CHC,1,-6,1,76.31439882124853,2022
663127,2022-09-10,137,SF,0,112,CHC,1,-7,2,0.0,2022
663130,2022-09-12,137,SF,0,112,CHC,2,-8,3,0.0,2022
662029,2022-09-13,137,SF,1,144,ATL,1,1,1,1851.6696488043885,2022
662027,2022-09-14,137,SF,1,144,ATL,1,2,2,0.0,2022
662028,2022-09-14,137,SF,1,144,ATL,0,3,3,0.0,2022
662026,2022-09-17,137,SF,1,119,LAD,3,4,1,0.0,2022
662024,2022-09-18,137,SF,1,119,LAD,1,5,2,0.0,2022
662025,2022-09-18,137,SF,1,119,LAD,0,6,3,0.0,2022
662886,2022-09-20,137,SF,0,115,COL,2,-1,1,945.5308694116128,2022
662867,2022-09-21,137,SF,0,115,COL,1,-2,2,0.0,2022
662899,2022-09-22,137,SF,0,115,COL,1,-3,3,0.0,2022
662898,2022-09-22,137,SF,0,115,COL,0,-4,4,0.0,2022
663282,2022-09-24,137,SF,0,109,ARI,2,-5,1,586.1530990190981,2022
663280,2022-09-25,137,SF,0,109,ARI,1,-6,2,0.0,2022
663281,2022-09-25,137,SF,0,109,ARI,0,-7,3,0.0,2022
662046,2022-09-28,137,SF,1,115,COL,3,1,1,652.0636757078365,2022
662045,2022-09-29,137,SF,1,115,COL,1,2,2,0.0,2022
662050,2022-09-30,137,SF,1,115,COL,1,3,3,0.0,2022
662049,2022-10-01,137,SF,1,109,ARI,1,4,1,0.0,2022
662023,2022-10-01,137,SF,1,109,ARI,0,5,2,0.0,2022
662022,2022-10-02,137,SF,1,109,ARI,1,6,3,0.0,2022
662239,2022-10-04,137,SF,0,135,SD,2,-1,1,458.03894144483473,2022
662252,2022-10-05,137,SF,0,135,SD,1,-2,2,0.0,2022
662238,2022-10-05,137,SF,0,135,SD,0,-3,3,0.0,2022
662021,2022-04-07,138,STL,1,134,PIT,0,1,1,0.0,2022
662020,2022-04-09,138,STL,1,134,PIT,2,2,2,0.0,2022
662019,2022-04-10,138,STL,1,134,PIT,1,3,3,0.0,2022
662017,2022-04-12,138,STL,1,118,KC,1,5,1,0.0,2022
661292,2022-04-14,138,STL,0,158,MIL,1,-1,1,325.7786649185398,2022
661267,2022-04-16,138,STL,0,158,MIL,2,-2,2,0.0,2022
661335,2022-04-16,138,STL,0,158,MIL,0,-3,3,0.0,2022
661226,2022-04-17,138,STL,0,158,MIL,1,-4,4,0.0,2022
661405,2022-04-19,138,STL,0,146,MIA,2,-5,1,1269.7716502102464,2022
661404,2022-04-20,138,STL,0,146,MIA,1,-6,2,0.0,2022
661391,2022-04-21,138,STL,0,146,MIA,1,-7,3,0.0,2022
663169,2022-04-22,138,STL,0,113,CIN,1,-8,1,953.4072522903118,2022
663100,2022-04-23,138,STL,0,113,CIN,1,-9,2,0.0,2022
663111,2022-04-24,138,STL,0,113,CIN,1,-10,3,0.0,2022
662008,2022-04-25,138,STL,1,121,NYM,1,1,1,307.56531909433545,2022
662007,2022-04-26,138,STL,1,121,NYM,1,2,2,0.0,2022
662048,2022-04-27,138,STL,1,121,NYM,1,3,3,0.0,2022
662047,2022-04-28,138,STL,1,109,ARI,1,4,1,0.0,2022
662036,2022-04-30,138,STL,1,109,ARI,2,5,2,0.0,2022
662037,2022-04-30,138,STL,1,109,ARI,0,6,3,0.0,2022
661988,2022-05-01,138,STL,1,109,ARI,1,7,4,0.0,2022
662009,2022-05-02,138,STL,1,118,KC,1,8,1,0.0,2022
662690,2022-05-04,138,STL,0,118,KC,2,-1,2,232.6374617718515,2022
662739,2022-05-04,138,STL,0,118,KC,0,-2,3,0.0,2022
662105,2022-05-06,138,STL,0,137,SF,2,-3,1,1507.6255221148479,2022
662103,2022-05-07,138,STL,0,137,SF,1,-4,2,0.0,2022
662102,2022-05-07,138,STL,0,137,SF,0,-5,3,0.0,2022
662098,2022-05-08,138,STL,0,137,SF,1,-6,4,0.0,2022
661987,2022-05-10,138,STL,1,110,BAL,2,1,1,1740.2563893028632,2022
662006,2022-05-11,138,STL,1,110,BAL,1,2,2,0.0,2022
662005,2022-05-12,138,STL,1,110,BAL,1,3,3,0.0,2022
661986,2022-05-14,138,STL,1,137,SF,2,4,1,0.0,2022
661985,2022-05-14,138,STL,1,137,SF,0,5,2,0.0,2022
661984,2022-05-15,138,STL,1,137,SF,1,6,3,0.0,2022
662507,2022-05-17,138,STL,0,121,NYM,1,-2,2,0.0,2022
662566,2022-05-17,138,STL,0,121,NYM,0,-3,3,0.0,2022
662554,2022-05-18,138,STL,0,121,NYM,1,-4,4,0.0,2022
662520,2022-05-19,138,STL,0,121,NYM,1,-5,5,0.0,2022
662506,2022-05-20,138,STL,0,134,PIT,1,-6,1,323.80514004194157,2022
662478,2022-05-21,138,STL,0,134,PIT,1,-7,2,0.0,2022
662479,2022-05-22,138,STL,0,134,PIT,1,-8,3,0.0,2022
661999,2022-05-23,138,STL,1,141,TOR,1,1,1,556.9698942849304,2022
661998,2022-05-24,138,STL,1,141,TOR,1,2,2,0.0,2022
661997,2022-05-26,138,STL,1,158,MIL,2,3,1,0.0,2022
661992,2022-05-28,138,STL,1,158,MIL,2,4,2,0.0,2022
661991,2022-05-28,138,STL,1,158,MIL,0,5,3,0.0,2022
661990,2022-05-29,138,STL,1,158,MIL,1,6,4,0.0,2022
661989,2022-05-30,138,STL,1,135,SD,1,7,1,0.0,2022
661977,2022-05-31,138,STL,1,135,SD,1,8,2,0.0,2022
661982,2022-06-01,138,STL,1,135,SD,1,9,3,0.0,2022
663139,2022-06-03,138,STL,0,112,CHC,2,-1,1,265.86188355988685,2022
663153,2022-06-03,138,STL,0,112,CHC,0,-2,2,0.0,2022
663179,2022-06-04,138,STL,0,112,CHC,1,-3,3,0.0,2022
663152,2022-06-04,138,STL,0,112,CHC,0,-4,4,0.0,2022
663138,2022-06-05,138,STL,0,112,CHC,1,-5,5,0.0,2022
661894,2022-06-07,138,STL,0,139,TB,2,-6,1,1019.525278620114,2022
661892,2022-06-08,138,STL,0,139,TB,1,-7,2,0.0,2022
661891,2022-06-09,138,STL,0,139,TB,1,-8,3,0.0,2022
661976,2022-06-11,138,STL,1,113,CIN,2,1,1,866.6994960845234,2022
661983,2022-06-11,138,STL,1,113,CIN,0,2,2,0.0,2022
661975,2022-06-12,138,STL,1,113,CIN,1,3,3,0.0,2022
661974,2022-06-13,138,STL,1,134,PIT,1,4,1,0.0,2022
662018,2022-06-14,138,STL,1,134,PIT,1,5,2,0.0,2022
661973,2022-06-14,138,STL,1,134,PIT,0,6,3,0.0,2022
661972,2022-06-15,138,STL,1,134,PIT,1,7,4,0.0,2022
663256,2022-06-17,138,STL,0,111,BOS,2,-1,1,1033.5666994855094,2022
663255,2022-06-18,138,STL,0,111,BOS,1,-2,2,0.0,2022
663254,2022-06-19,138,STL,0,111,BOS,1,-3,3,0.0,2022
661186,2022-06-21,138,STL,0,158,MIL,2,-4,1,856.8965719703916,2022
661192,2022-06-22,138,STL,0,158,MIL,1,-5,2,0.0,2022
661230,2022-06-23,138,STL,0,158,MIL,1,-6,3,0.0,2022
661183,2022-06-23,138,STL,0,158,MIL,0,-7,4,0.0,2022
661971,2022-06-25,138,STL,1,112,CHC,2,1,1,325.7786649185398,2022
661970,2022-06-25,138,STL,1,112,CHC,0,2,2,0.0,2022
661969,2022-06-26,138,STL,1,112,CHC,1,3,3,0.0,2022
661968,2022-06-27,138,STL,1,146,MIA,1,4,1,0.0,2022
661967,2022-06-28,138,STL,1,146,MIA,1,5,2,0.0,2022
661134,2022-06-29,138,STL,1,146,MIA,1,6,3,0.0,2022
661582,2022-07-01,138,STL,0,143,PHI,2,-1,1,807.7790398828691,2022
661581,2022-07-02,138,STL,0,143,PHI,1,-2,2,0.0,2022
661630,2022-07-03,138,STL,0,143,PHI,1,-3,3,0.0,2022
661511,2022-07-04,138,STL,0,144,ATL,1,-4,1,660.3458671025634,2022
661510,2022-07-05,138,STL,0,144,ATL,1,-5,2,0.0,2022
661509,2022-07-06,138,STL,0,144,ATL,1,-6,3,0.0,2022
661521,2022-07-07,138,STL,0,144,ATL,1,-7,4,0.0,2022
661136,2022-07-09,138,STL,1,143,PHI,2,1,1,456.58876384408995,2022
661137,2022-07-09,138,STL,1,143,PHI,0,2,2,0.0,2022
661135,2022-07-10,138,STL,1,143,PHI,1,3,3,0.0,2022
661120,2022-07-11,138,STL,1,143,PHI,1,4,4,0.0,2022
661119,2022-07-12,138,STL,1,119,LAD,1,5,1,0.0,2022
661118,2022-07-13,138,STL,1,119,LAD,1,6,2,0.0,2022
661117,2022-07-14,138,STL,1,119,LAD,1,7,3,0.0,2022
661116,2022-07-16,138,STL,1,113,CIN,2,8,1,0.0,2022
661966,2022-07-16,138,STL,1,113,CIN,0,9,2,0.0,2022
663060,2022-07-22,138,STL,0,113,CIN,5,-1,4,307.56531909433545,2022
663047,2022-07-23,138,STL,0,113,CIN,1,-2,5,0.0,2022
663059,2022-07-24,138,STL,0,113,CIN,1,-3,6,0.0,2022
661716,2022-07-26,138,STL,0,141,TOR,2,-4,1,410.94298565561166,2022
661715,2022-07-27,138,STL,0,141,TOR,1,-5,2,0.0,2022
662477,2022-07-29,138,STL,0,120,WSH,2,-6,1,351.9086807419245,2022
662476,2022-07-30,138,STL,0,120,WSH,1,-7,2,0.0,2022
662475,2022-07-31,138,STL,0,120,WSH,1,-8,3,0.0,2022
661959,2022-08-02,138,STL,1,112,CHC,2,1,1,710.1515945615764,2022
661945,2022-08-04,138,STL,1,112,CHC,1,3,3,0.0,2022
661932,2022-08-04,138,STL,1,112,CHC,0,4,4,0.0,2022
661946,2022-08-06,138,STL,1,147,NYY,2,5,1,0.0,2022
661949,2022-08-06,138,STL,1,147,NYY,0,6,2,0.0,2022
661948,2022-08-07,138,STL,1,147,NYY,1,7,3,0.0,2022
662979,2022-08-10,138,STL,0,115,COL,3,-1,1,795.6297379917951,2022
662891,2022-08-11,138,STL,0,115,COL,1,-2,2,0.0,2022
662892,2022-08-11,138,STL,0,115,COL,0,-3,3,0.0,2022
661947,2022-08-13,138,STL,1,158,MIL,2,1,1,795.6297379917951,2022
661951,2022-08-13,138,STL,1,158,MIL,0,2,2,0.0,2022
661957,2022-08-14,138,STL,1,158,MIL,1,3,3,0.0,2022
661955,2022-08-16,138,STL,1,115,COL,2,4,1,0.0,2022
661938,2022-08-17,138,STL,1,115,COL,1,5,2,0.0,2022
661937,2022-08-18,138,STL,1,115,COL,1,6,3,0.0,2022
663292,2022-08-20,138,STL,0,109,ARI,2,-1,1,1270.0024589462362,2022
663301,2022-08-21,138,STL,0,109,ARI,1,-2,2,0.0,2022
663291,2022-08-21,138,STL,0,109,ARI,0,-3,3,0.0,2022
663163,2022-08-23,138,STL,0,112,CHC,2,-4,1,1451.6299446026987,2022
663114,2022-08-23,138,STL,0,112,CHC,0,-5,2,0.0,2022
663113,2022-08-24,138,STL,0,112,CHC,1,-6,3,0.0,2022
663216,2022-08-25,138,STL,0,112,CHC,1,-7,4,0.0,2022
663240,2022-08-25,138,STL,0,112,CHC,0,-8,5,0.0,2022
661940,2022-08-27,138,STL,1,144,ATL,2,1,1,265.86188355988685,2022
661939,2022-08-27,138,STL,1,144,ATL,0,2,2,0.0,2022
661950,2022-08-28,138,STL,1,144,ATL,1,3,3,0.0,2022
663018,2022-08-29,138,STL,0,113,CIN,1,-1,1,307.56531909433545,2022
663137,2022-08-30,138,STL,0,113,CIN,1,-2,2,0.0,2022
662995,2022-08-31,138,STL,0,113,CIN,1,-3,3,0.0,2022
661928,2022-09-03,138,STL,1,112,CHC,3,1,1,307.56531909433545,2022
661920,2022-09-03,138,STL,1,112,CHC,0,2,2,0.0,2022
661927,2022-09-04,138,STL,1,112,CHC,1,3,3,0.0,2022
661926,2022-09-05,138,STL,1,120,WSH,1,4,1,0.0,2022
661925,2022-09-06,138,STL,1,120,WSH,1,5,2,0.0,2022
661924,2022-09-07,138,STL,1,120,WSH,1,6,3,0.0,2022
661923,2022-09-08,138,STL,1,120,WSH,1,7,4,0.0,2022
662284,2022-09-09,138,STL,0,134,PIT,1,-1,1,556.9698942849304,2022
662265,2022-09-10,138,STL,0,134,PIT,1,-2,2,0.0,2022
662325,2022-09-11,138,STL,0,134,PIT,1,-3,3,0.0,2022
661922,2022-09-13,138,STL,1,158,MIL,2,1,1,556.9698942849304,2022
661921,2022-09-14,138,STL,1,158,MIL,1,2,2,0.0,2022
661919,2022-09-15,138,STL,1,113,CIN,1,3,1,0.0,2022
661953,2022-09-17,138,STL,1,113,CIN,2,4,2,0.0,2022
661965,2022-09-17,138,STL,1,113,CIN,0,5,3,0.0,2022
661952,2022-09-17,138,STL,1,113,CIN,0,6,4,0.0,2022
661930,2022-09-18,138,STL,1,113,CIN,1,7,5,0.0,2022
662204,2022-09-21,138,STL,0,135,SD,3,-1,1,1561.6025452697695,2022
662203,2022-09-22,138,STL,0,135,SD,1,-2,2,0.0,2022
662202,2022-09-22,138,STL,0,135,SD,0,-3,3,0.0,2022
662585,2022-09-24,138,STL,0,119,LAD,2,-4,1,113.20881075215142,2022
662584,2022-09-25,138,STL,0,119,LAD,1,-5,2,0.0,2022
662598,2022-09-25,138,STL,0,119,LAD,0,-6,3,0.0,2022
661155,2022-09-27,138,STL,0,158,MIL,2,-7,1,1737.1964859284558,2022
661154,2022-09-28,138,STL,0,158,MIL,1,-8,2,0.0,2022
661958,2022-10-01,138,STL,1,134,PIT,3,1,1,325.7786649185398,2022
661956,2022-10-01,138,STL,1,134,PIT,0,2,2,0.0,2022
661954,2022-10-02,138,STL,1,134,PIT,1,3,3,0.0,2022
662309,2022-10-03,138,STL,0,134,PIT,1,-1,4,556.9698942849304,2022
662319,2022-10-04,138,STL,0,134,PIT,1,-2,5,0.0,2022
662304,2022-10-05,138,STL,0,134,PIT,1,-3,6,0.0,2022
661918,2022-04-08,139,TB,1,110,BAL,0,1,1,0.0,2022
661917,2022-04-09,139,TB,1,110,BAL,1,2,2,0.0,2022
661916,2022-04-10,139,TB,1,110,BAL,1,3,3,0.0,2022
661915,2022-04-11,139,TB,1,133,OAK,1,4,1,0.0,2022
661944,2022-04-12,139,TB,1,133,OAK,1,5,2,0.0,2022
661943,2022-04-13,139,TB,1,133,OAK,1,6,3,0.0,2022
661942,2022-04-14,139,TB,1,133,OAK,1,7,4,0.0,2022
661528,2022-04-15,139,TB,0,145,CWS,1,-1,1,1011.3877112665284,2022
661527,2022-04-16,139,TB,0,145,CWS,1,-2,2,0.0,2022
661462,2022-04-17,139,TB,0,145,CWS,1,-3,3,0.0,2022
663197,2022-04-18,139,TB,0,112,CHC,1,-4,1,8.262413783057372,2022
663196,2022-04-19,139,TB,0,112,CHC,1,-5,2,0.0,2022
663146,2022-04-20,139,TB,0,112,CHC,1,-6,3,0.0,2022
661914,2022-04-22,139,TB,1,111,BOS,2,1,1,1019.525278620114,2022
661941,2022-04-23,139,TB,1,111,BOS,1,2,2,0.0,2022
661931,2022-04-24,139,TB,1,111,BOS,1,3,3,0.0,2022
661929,2022-04-26,139,TB,1,136,SEA,2,4,1,0.0,2022
661909,2022-04-27,139,TB,1,136,SEA,1,5,2,0.0,2022
661908,2022-04-28,139,TB,1,136,SEA,1,6,3,0.0,2022
661907,2022-04-29,139,TB,1,142,MIN,1,7,1,0.0,2022
661906,2022-04-30,139,TB,1,142,MIN,1,8,2,0.0,2022
661905,2022-05-01,139,TB,1,142,MIN,1,9,3,0.0,2022
662387,2022-05-03,139,TB,0,133,OAK,2,-1,1,2379.7351815049797,2022
662386,2022-05-04,139,TB,0,133,OAK,1,-2,2,0.0,2022
662382,2022-05-04,139,TB,0,133,OAK,0,-3,3,0.0,2022
662189,2022-05-06,139,TB,0,136,SEA,2,-4,1,679.9392003432476,2022
662187,2022-05-07,139,TB,0,136,SEA,1,-5,2,0.0,2022
662159,2022-05-08,139,TB,0,136,SEA,1,-6,3,0.0,2022
662160,2022-05-08,139,TB,0,136,SEA,0,-7,4,0.0,2022
663438,2022-05-10,139,TB,0,108,LAA,2,-8,1,980.5935873257743,2022
663416,2022-05-11,139,TB,0,108,LAA,1,-9,2,0.0,2022
663450,2022-05-11,139,TB,0,108,LAA,0,-10,3,0.0,2022
661904,2022-05-13,139,TB,1,141,TOR,2,1,1,2121.7324696841006,2022
661903,2022-05-14,139,TB,1,141,TOR,1,2,2,0.0,2022
661902,2022-05-15,139,TB,1,141,TOR,1,3,3,0.0,2022
661961,2022-05-16,139,TB,1,116,DET,1,4,1,0.0,2022
662053,2022-05-17,139,TB,1,116,DET,1,5,2,0.0,2022
662054,2022-05-18,139,TB,1,116,DET,1,6,3,0.0,2022
661348,2022-05-20,139,TB,0,110,BAL,2,-1,1,867.6749708982579,2022
661291,2022-05-21,139,TB,0,110,BAL,1,-2,2,0.0,2022
661279,2022-05-22,139,TB,0,110,BAL,1,-3,3,0.0,2022
661978,2022-05-24,139,TB,1,146,MIA,2,1,1,867.6749708982579,2022
662052,2022-05-25,139,TB,1,146,MIA,1,2,2,0.0,2022
662051,2022-05-26,139,TB,1,147,NYY,1,3,1,0.0,2022
661960,2022-05-27,139,TB,1,147,NYY,1,4,2,0.0,2022
661933,2022-05-28,139,TB,1,147,NYY,1,5,3,0.0,2022
661910,2022-05-29,139,TB,1,147,NYY,1,6,4,0.0,2022
661900,2022-05-31,139,TB,0,140,TEX,2,-1,1,926.4398070486983,2022
661884,2022-06-01,139,TB,0,140,TEX,1,-2,2,0.0,2022
661934,2022-06-02,139,TB,0,140,TEX,1,-3,3,0.0,2022
661963,2022-06-02,139,TB,0,140,TEX,0,-4,4,0.0,2022
661897,2022-06-03,139,TB,1,145,CWS,1,1,1,926.4398070486983,2022
661896,2022-06-04,139,TB,1,145,CWS,1,2,2,0.0,2022
661895,2022-06-05,139,TB,1,145,CWS,1,3,3,0.0,2022
661894,2022-06-07,139,TB,1,138,STL,2,4,1,0.0,2022
661892,2022-06-08,139,TB,1,138,STL,1,5,2,0.0,2022
661891,2022-06-09,139,TB,1,138,STL,1,6,3,0.0,2022
661678,2022-06-11,139,TB,0,142,MIN,2,-1,1,1325.4285844846306,2022
661680,2022-06-11,139,TB,0,142,MIN,0,-2,2,0.0,2022
661679,2022-06-12,139,TB,0,142,MIN,1,-3,3,0.0,2022
661328,2022-06-14,139,TB,0,147,NYY,2,-4,1,1017.7624974211766,2022
661327,2022-06-15,139,TB,0,147,NYY,1,-5,2,0.0,2022
661326,2022-06-16,139,TB,0,147,NYY,1,-6,3,0.0,2022
661093,2022-06-17,139,TB,0,110,BAL,1,-7,1,178.12306591164185,2022
661127,2022-06-18,139,TB,0,110,BAL,1,-8,2,0.0,2022
661074,2022-06-19,139,TB,0,110,BAL,1,-9,3,0.0,2022
661893,2022-06-20,139,TB,1,147,NYY,1,1,1,867.6749708982579,2022
661890,2022-06-21,139,TB,1,147,NYY,1,2,2,0.0,2022
661889,2022-06-22,139,TB,1,147,NYY,1,3,3,0.0,2022
661888,2022-06-24,139,TB,1,134,PIT,2,4,1,0.0,2022
661887,2022-06-25,139,TB,1,134,PIT,1,5,2,0.0,2022
661886,2022-06-26,139,TB,1,134,PIT,1,6,3,0.0,2022
661885,2022-06-28,139,TB,1,158,MIL,2,7,1,0.0,2022
661879,2022-06-29,139,TB,1,158,MIL,1,8,2,0.0,2022
661726,2022-06-30,139,TB,0,141,TOR,1,-1,1,1111.7297518661444,2022
661725,2022-07-01,139,TB,0,141,TOR,1,-2,2,0.0,2022
661724,2022-07-02,139,TB,0,141,TOR,1,-3,3,0.0,2022
661836,2022-07-02,139,TB,0,141,TOR,0,-4,4,0.0,2022
661723,2022-07-03,139,TB,0,141,TOR,1,-5,5,0.0,2022
663251,2022-07-04,139,TB,0,111,BOS,1,-6,1,428.32913029317257,2022
663245,2022-07-05,139,TB,0,111,BOS,1,-7,2,0.0,2022
663244,2022-07-06,139,TB,0,111,BOS,1,-8,3,0.0,2022
663053,2022-07-08,139,TB,0,113,CIN,2,-9,1,736.3670721136276,2022
663092,2022-07-09,139,TB,0,113,CIN,1,-10,2,0.0,2022
663048,2022-07-10,139,TB,0,113,CIN,1,-11,3,0.0,2022
661878,2022-07-11,139,TB,1,111,BOS,1,1,1,790.0657540508034,2022
661877,2022-07-12,139,TB,1,111,BOS,1,2,2,0.0,2022
661876,2022-07-13,139,TB,1,111,BOS,1,3,3,0.0,2022
661875,2022-07-14,139,TB,1,111,BOS,1,4,4,0.0,2022
661874,2022-07-15,139,TB,1,110,BAL,1,5,1,0.0,2022
661873,2022-07-16,139,TB,1,110,BAL,1,6,2,0.0,2022
661872,2022-07-17,139,TB,1,110,BAL,1,7,3,0.0,2022
662658,2022-07-23,139,TB,0,118,KC,6,-1,1,1034.03926539089,2022
662657,2022-07-23,139,TB,0,118,KC,0,-2,2,0.0,2022
662656,2022-07-24,139,TB,0,118,KC,1,-3,3,0.0,2022
661055,2022-07-25,139,TB,0,110,BAL,1,-4,1,955.2837530445377,2022
661054,2022-07-26,139,TB,0,110,BAL,1,-5,2,0.0,2022
661053,2022-07-27,139,TB,0,110,BAL,1,-6,3,0.0,2022
661052,2022-07-28,139,TB,0,110,BAL,1,-7,4,0.0,2022
661871,2022-07-29,139,TB,1,114,CLE,1,1,1,867.6749708982579,2022
661870,2022-07-30,139,TB,1,114,CLE,1,2,2,0.0,2022
661869,2022-07-31,139,TB,1,114,CLE,1,3,3,0.0,2022
661868,2022-08-02,139,TB,1,141,TOR,2,4,1,0.0,2022
661867,2022-08-03,139,TB,1,141,TOR,1,5,2,0.0,2022
662812,2022-08-04,139,TB,0,116,DET,1,-1,1,1007.0448721012648,2022
662811,2022-08-05,139,TB,0,116,DET,1,-2,2,0.0,2022
662856,2022-08-06,139,TB,0,116,DET,1,-3,3,0.0,2022
662810,2022-08-07,139,TB,0,116,DET,1,-4,4,0.0,2022
661182,2022-08-10,139,TB,0,158,MIL,3,-5,1,254.49710853928843,2022
661207,2022-08-10,139,TB,0,158,MIL,0,-6,2,0.0,2022
661866,2022-08-12,139,TB,1,110,BAL,2,1,1,1095.5046669073377,2022
661865,2022-08-13,139,TB,1,110,BAL,1,2,2,0.0,2022
661864,2022-08-14,139,TB,1,110,BAL,1,3,3,0.0,2022
661283,2022-08-15,139,TB,0,147,NYY,1,-1,1,1029.5381159096478,2022
661250,2022-08-16,139,TB,0,147,NYY,1,-2,2,0.0,2022
661266,2022-08-17,139,TB,0,147,NYY,1,-3,3,0.0,2022
661863,2022-08-18,139,TB,1,118,KC,1,1,1,1029.5381159096478,2022
661862,2022-08-19,139,TB,1,118,KC,1,2,2,0.0,2022
661861,2022-08-20,139,TB,1,118,KC,1,3,3,0.0,2022
661860,2022-08-21,139,TB,1,118,KC,1,4,4,0.0,2022
661859,2022-08-22,139,TB,1,108,LAA,1,5,1,0.0,2022
661858,2022-08-23,139,TB,1,108,LAA,1,6,2,0.0,2022
661857,2022-08-24,139,TB,1,108,LAA,1,7,3,0.0,2022
661856,2022-08-25,139,TB,1,108,LAA,1,8,4,0.0,2022
663171,2022-08-26,139,TB,0,111,BOS,1,-1,1,1198.2270597762317,2022
663170,2022-08-27,139,TB,0,111,BOS,1,-2,2,0.0,2022
663211,2022-08-28,139,TB,0,111,BOS,1,-3,3,0.0,2022
661351,2022-08-30,139,TB,0,146,MIA,2,-4,1,1256.446953803624,2022
661350,2022-08-31,139,TB,0,146,MIA,1,-5,2,0.0,2022
661855,2022-09-02,139,TB,1,147,NYY,2,1,1,203.5855811594844,2022
661854,2022-09-03,139,TB,1,147,NYY,1,2,2,0.0,2022
661853,2022-09-04,139,TB,1,147,NYY,1,3,3,0.0,2022
661852,2022-09-05,139,TB,1,111,BOS,1,4,1,0.0,2022
662043,2022-09-06,139,TB,1,111,BOS,1,5,2,0.0,2022
662065,2022-09-07,139,TB,1,111,BOS,1,6,3,0.0,2022
661234,2022-09-09,139,TB,0,147,NYY,2,-1,1,1029.5381159096478,2022
661282,2022-09-10,139,TB,0,147,NYY,1,-2,2,0.0,2022
661232,2022-09-11,139,TB,0,147,NYY,1,-3,3,0.0,2022
661799,2022-09-12,139,TB,0,141,TOR,1,-4,1,340.2685304486618,2022
661840,2022-09-13,139,TB,0,141,TOR,1,-5,2,0.0,2022
661798,2022-09-13,139,TB,0,141,TOR,0,-6,3,0.0,2022
661770,2022-09-14,139,TB,0,141,TOR,1,-7,4,0.0,2022
661822,2022-09-15,139,TB,0,141,TOR,1,-8,5,0.0,2022
662064,2022-09-16,139,TB,1,140,TEX,1,1,1,1111.7297518661444,2022
662015,2022-09-17,139,TB,1,140,TEX,1,2,2,0.0,2022
661994,2022-09-18,139,TB,1,140,TEX,1,3,3,0.0,2022
662013,2022-09-19,139,TB,1,117,HOU,1,4,1,0.0,2022
662012,2022-09-20,139,TB,1,117,HOU,1,5,2,0.0,2022
662011,2022-09-21,139,TB,1,117,HOU,1,6,3,0.0,2022
662041,2022-09-22,139,TB,1,141,TOR,1,7,1,0.0,2022
662040,2022-09-23,139,TB,1,141,TOR,1,8,2,0.0,2022
662039,2022-09-24,139,TB,1,141,TOR,1,9,3,0.0,2022
662063,2022-09-25,139,TB,1,141,TOR,1,10,4,0.0,2022
662955,2022-09-27,139,TB,0,114,CLE,2,-1,1,950.1419996181558,2022
662967,2022-09-28,139,TB,0,114,CLE,1,-2,2,0.0,2022
662932,2022-09-29,139,TB,0,114,CLE,1,-3,3,0.0,2022
662819,2022-10-01,139,TB,0,117,HOU,2,-4,1,1114.100496699443,2022
662818,2022-10-01,139,TB,0,117,HOU,0,-5,2,0.0,2022
662825,2022-10-02,139,TB,0,117,HOU,1,-6,3,0.0,2022
663453,2022-10-03,139,TB,0,111,BOS,1,-7,1,1601.3745489627004,2022
663452,2022-10-04,139,TB,0,111,BOS,1,-8,2,0.0,2022
663352,2022-10-05,139,TB,0,111,BOS,1,-9,3,0.0,2022
661782,2022-04-08,140,TEX,0,141,TOR,0,-1,1,1216.0025005666878,2022
661803,2022-04-09,140,TEX,0,141,TOR,1,-2,2,0.0,2022
661802,2022-04-10,140,TEX,0,141,TOR,1,-3,3,0.0,2022
662042,2022-04-11,140,TEX,1,115,COL,1,1,1,1216.0025005666878,2022
661995,2022-04-13,140,TEX,1,115,COL,2,2,2,0.0,2022
661993,2022-04-15,140,TEX,1,108,LAA,2,3,1,0.0,2022
662014,2022-04-16,140,TEX,1,108,LAA,1,4,2,0.0,2022
661981,2022-04-16,140,TEX,1,108,LAA,0,5,3,0.0,2022
662038,2022-04-17,140,TEX,1,108,LAA,1,6,4,0.0,2022
662161,2022-04-20,140,TEX,0,136,SEA,3,-1,1,1668.9357465944922,2022
662178,2022-04-21,140,TEX,0,136,SEA,1,-2,2,0.0,2022
662177,2022-04-22,140,TEX,0,136,SEA,1,-3,3,0.0,2022
662390,2022-04-23,140,TEX,0,133,OAK,1,-4,1,679.9392003432476,2022
662389,2022-04-23,140,TEX,0,133,OAK,0,-5,2,0.0,2022
662388,2022-04-24,140,TEX,0,133,OAK,1,-6,3,0.0,2022
661979,2022-04-26,140,TEX,1,117,HOU,2,1,1,1453.9867485388631,2022
661980,2022-04-27,140,TEX,1,117,HOU,1,2,2,0.0,2022
661964,2022-04-28,140,TEX,1,117,HOU,1,3,3,0.0,2022
661912,2022-04-28,140,TEX,1,117,HOU,0,4,4,0.0,2022
661901,2022-04-30,140,TEX,1,144,ATL,2,5,1,0.0,2022
661911,2022-04-30,140,TEX,1,144,ATL,0,6,2,0.0,2022
661935,2022-05-01,140,TEX,1,144,ATL,1,7,3,0.0,2022
661635,2022-05-03,140,TEX,0,143,PHI,2,-1,1,1312.0282758431574,2022
661634,2022-05-04,140,TEX,0,143,PHI,1,-2,2,0.0,2022
661302,2022-05-08,140,TEX,0,147,NYY,1,-5,3,0.0,2022
661304,2022-05-08,140,TEX,0,147,NYY,0,-6,4,0.0,2022
661303,2022-05-09,140,TEX,0,147,NYY,1,-7,5,0.0,2022
662016,2022-05-11,140,TEX,1,118,KC,2,1,1,1392.1915186769138,2022
661899,2022-05-12,140,TEX,1,118,KC,1,2,2,0.0,2022
661883,2022-05-13,140,TEX,1,118,KC,1,3,3,0.0,2022
661882,2022-05-14,140,TEX,1,111,BOS,1,4,1,0.0,2022
661147,2022-05-14,140,TEX,1,111,BOS,0,5,2,0.0,2022
661146,2022-05-15,140,TEX,1,111,BOS,1,6,3,0.0,2022
661145,2022-05-17,140,TEX,1,108,LAA,2,7,1,0.0,2022
661126,2022-05-18,140,TEX,1,108,LAA,1,8,2,0.0,2022
661125,2022-05-19,140,TEX,1,108,LAA,1,9,3,0.0,2022
662778,2022-05-20,140,TEX,0,117,HOU,1,-1,1,230.66355960201378,2022
662763,2022-05-21,140,TEX,0,117,HOU,1,-2,2,0.0,2022
662764,2022-05-21,140,TEX,0,117,HOU,0,-3,3,0.0,2022
662857,2022-05-22,140,TEX,0,117,HOU,1,-4,4,0.0,2022
663381,2022-05-25,140,TEX,0,108,LAA,3,-5,1,1349.4753249039884,2022
663446,2022-05-26,140,TEX,0,108,LAA,1,-6,2,0.0,2022
662376,2022-05-27,140,TEX,0,133,OAK,1,-7,1,364.7793033141838,2022
662369,2022-05-28,140,TEX,0,133,OAK,1,-8,2,0.0,2022
662375,2022-05-28,140,TEX,0,133,OAK,0,-9,3,0.0,2022
662374,2022-05-29,140,TEX,0,133,OAK,1,-10,4,0.0,2022
661900,2022-05-31,140,TEX,1,139,TB,2,1,1,1453.9867485388631,2022
661884,2022-06-01,140,TEX,1,139,TB,1,2,2,0.0,2022
661963,2022-06-02,140,TEX,1,139,TB,1,3,3,0.0,2022
661934,2022-06-02,140,TEX,1,139,TB,0,4,4,0.0,2022
661913,2022-06-04,140,TEX,1,136,SEA,2,5,1,0.0,2022
661936,2022-06-04,140,TEX,1,136,SEA,0,6,2,0.0,2022
661962,2022-06-05,140,TEX,1,136,SEA,1,7,3,0.0,2022
663122,2022-06-07,140,TEX,0,114,CLE,1,-2,2,0.0,2022
663134,2022-06-07,140,TEX,0,114,CLE,0,-3,3,0.0,2022
663055,2022-06-08,140,TEX,0,114,CLE,1,-4,4,0.0,2022
661484,2022-06-11,140,TEX,0,145,CWS,3,-5,1,307.8720964038074,2022
661485,2022-06-11,140,TEX,0,145,CWS,0,-6,2,0.0,2022
661483,2022-06-12,140,TEX,0,145,CWS,1,-7,3,0.0,2022
661881,2022-06-14,140,TEX,1,117,HOU,2,1,1,813.378310893269,2022
661880,2022-06-15,140,TEX,1,117,HOU,1,2,2,0.0,2022
661845,2022-06-15,140,TEX,1,117,HOU,0,3,3,0.0,2022
662827,2022-06-16,140,TEX,0,116,DET,1,-1,1,1012.5081459059959,2022
662826,2022-06-17,140,TEX,0,116,DET,1,-2,2,0.0,2022
662802,2022-06-18,140,TEX,0,116,DET,1,-3,3,0.0,2022
662807,2022-06-19,140,TEX,0,116,DET,1,-4,4,0.0,2022
661851,2022-06-22,140,TEX,1,143,PHI,3,1,1,1012.5081459059959,2022
661846,2022-06-22,140,TEX,1,143,PHI,0,2,2,0.0,2022
661844,2022-06-25,140,TEX,1,120,WSH,3,3,1,0.0,2022
661898,2022-06-25,140,TEX,1,120,WSH,0,4,2,0.0,2022
661847,2022-06-26,140,TEX,1,120,WSH,1,5,3,0.0,2022
662681,2022-06-28,140,TEX,0,118,KC,2,-1,1,459.01779323801827,2022
662615,2022-06-29,140,TEX,0,118,KC,1,-2,2,0.0,2022
662675,2022-06-29,140,TEX,0,118,KC,0,-3,3,0.0,2022
662439,2022-07-01,140,TEX,0,121,NYM,2,-4,1,1097.5188305416061,2022
662456,2022-07-02,140,TEX,0,121,NYM,1,-5,2,0.0,2022
662509,2022-07-03,140,TEX,0,121,NYM,1,-6,3,0.0,2022
661073,2022-07-04,140,TEX,0,110,BAL,1,-7,1,178.7068782315623,2022
661244,2022-07-05,140,TEX,0,110,BAL,1,-8,2,0.0,2022
661245,2022-07-06,140,TEX,0,110,BAL,1,-9,3,0.0,2022
661843,2022-07-09,140,TEX,1,142,MIN,3,1,1,1225.9583636520863,2022
661842,2022-07-09,140,TEX,1,142,MIN,0,2,2,0.0,2022
661808,2022-07-10,140,TEX,1,142,MIN,1,3,3,0.0,2022
661814,2022-07-12,140,TEX,1,133,OAK,2,4,1,0.0,2022
661813,2022-07-13,140,TEX,1,133,OAK,1,5,2,0.0,2022
661812,2022-07-14,140,TEX,1,133,OAK,1,6,3,0.0,2022
661811,2022-07-15,140,TEX,1,136,SEA,1,7,1,0.0,2022
661810,2022-07-16,140,TEX,1,136,SEA,1,8,2,0.0,2022
661809,2022-07-16,140,TEX,1,136,SEA,0,9,3,0.0,2022
661821,2022-07-17,140,TEX,1,136,SEA,1,10,4,0.0,2022
661421,2022-07-21,140,TEX,0,146,MIA,4,-1,1,1123.019434754987,2022
662344,2022-07-23,140,TEX,0,133,OAK,2,-2,1,2577.0014954365984,2022
662348,2022-07-24,140,TEX,0,133,OAK,1,-3,2,0.0,2022
662343,2022-07-24,140,TEX,0,133,OAK,0,-4,3,0.0,2022
662166,2022-07-26,140,TEX,0,136,SEA,2,-5,1,679.9392003432476,2022
662184,2022-07-27,140,TEX,0,136,SEA,1,-6,2,0.0,2022
662165,2022-07-27,140,TEX,0,136,SEA,0,-7,3,0.0,2022
663380,2022-07-29,140,TEX,0,108,LAA,2,-8,1,980.5935873257743,2022
663379,2022-07-30,140,TEX,0,108,LAA,1,-9,2,0.0,2022
663377,2022-07-31,140,TEX,0,108,LAA,1,-10,3,0.0,2022
663378,2022-07-31,140,TEX,0,108,LAA,0,-11,4,0.0,2022
661820,2022-08-02,140,TEX,1,110,BAL,2,1,1,1201.6984237735796,2022
661819,2022-08-03,140,TEX,1,110,BAL,1,2,2,0.0,2022
661818,2022-08-03,140,TEX,1,110,BAL,0,3,3,0.0,2022
661817,2022-08-05,140,TEX,1,145,CWS,2,4,1,0.0,2022
661816,2022-08-06,140,TEX,1,145,CWS,1,5,2,0.0,2022
661815,2022-08-06,140,TEX,1,145,CWS,0,6,3,0.0,2022
661835,2022-08-07,140,TEX,1,145,CWS,1,7,4,0.0,2022
662724,2022-08-10,140,TEX,0,117,HOU,3,-1,1,230.66355960201378,2022
662722,2022-08-11,140,TEX,0,117,HOU,1,-2,2,0.0,2022
662723,2022-08-11,140,TEX,0,117,HOU,0,-3,3,0.0,2022
661791,2022-08-13,140,TEX,1,136,SEA,2,1,1,230.66355960201378,2022
661790,2022-08-13,140,TEX,1,136,SEA,0,2,2,0.0,2022
661789,2022-08-14,140,TEX,1,136,SEA,1,3,3,0.0,2022
661834,2022-08-16,140,TEX,1,133,OAK,2,4,1,0.0,2022
661833,2022-08-17,140,TEX,1,133,OAK,1,5,2,0.0,2022
661788,2022-08-18,140,TEX,1,133,OAK,1,6,3,0.0,2022
661787,2022-08-18,140,TEX,1,133,OAK,0,7,4,0.0,2022
661655,2022-08-20,140,TEX,0,142,MIN,2,-1,1,869.2690937301206,2022
661670,2022-08-20,140,TEX,0,142,MIN,0,-2,2,0.0,2022
661652,2022-08-21,140,TEX,0,142,MIN,1,-3,3,0.0,2022
661658,2022-08-22,140,TEX,0,142,MIN,1,-4,4,0.0,2022
662876,2022-08-24,140,TEX,0,115,COL,2,-5,1,697.6486501293384,2022
662877,2022-08-24,140,TEX,0,115,COL,0,-6,2,0.0,2022
661786,2022-08-27,140,TEX,1,116,DET,3,1,1,654.0900182055016,2022
661785,2022-08-27,140,TEX,1,116,DET,0,2,2,0.0,2022
661784,2022-08-28,140,TEX,1,116,DET,1,3,3,0.0,2022
661832,2022-08-31,140,TEX,1,117,HOU,3,4,1,0.0,2022
661831,2022-08-31,140,TEX,1,117,HOU,0,5,2,0.0,2022
663210,2022-09-01,140,TEX,0,111,BOS,1,-1,1,1562.0482982121016,2022
663212,2022-09-02,140,TEX,0,111,BOS,1,-2,2,0.0,2022
663214,2022-09-03,140,TEX,0,111,BOS,1,-3,3,0.0,2022
663213,2022-09-04,140,TEX,0,111,BOS,1,-4,4,0.0,2022
661088,2022-09-05,140,TEX,0,117,HOU,1,-5,1,1601.3745489627004,2022
661087,2022-09-07,140,TEX,0,117,HOU,2,-6,2,0.0,2022
661086,2022-09-08,140,TEX,0,117,HOU,1,-7,3,0.0,2022
661830,2022-09-10,140,TEX,1,141,TOR,2,1,1,230.66355960201378,2022
661841,2022-09-10,140,TEX,1,141,TOR,0,2,2,0.0,2022
661839,2022-09-11,140,TEX,1,141,TOR,1,3,3,0.0,2022
661420,2022-09-12,140,TEX,0,146,MIA,1,-1,1,1123.019434754987,2022
661419,2022-09-12,140,TEX,0,146,MIA,0,-2,2,0.0,2022
661838,2022-09-14,140,TEX,1,133,OAK,2,1,1,1123.019434754987,2022
661829,2022-09-15,140,TEX,1,133,OAK,1,2,2,0.0,2022
662064,2022-09-16,140,TEX,0,139,TB,1,-1,1,926.4398070486983,2022
662015,2022-09-17,140,TEX,0,139,TB,1,-2,2,0.0,2022
661994,2022-09-18,140,TEX,0,139,TB,1,-3,3,0.0,2022
661837,2022-09-21,140,TEX,1,108,LAA,3,1,1,926.4398070486983,2022
661783,2022-09-22,140,TEX,1,108,LAA,1,2,2,0.0,2022
661806,2022-09-22,140,TEX,1,108,LAA,0,3,3,0.0,2022
661807,2022-09-24,140,TEX,1,114,CLE,2,4,1,0.0,2022
661805,2022-09-24,140,TEX,1,114,CLE,0,5,2,0.0,2022
661828,2022-09-25,140,TEX,1,114,CLE,1,6,3,0.0,2022
662117,2022-09-28,140,TEX,0,136,SEA,3,-1,1,1668.9357465944922,2022
661112,2022-09-29,140,TEX,0,136,SEA,1,-2,2,0.0,2022
661128,2022-09-30,140,TEX,0,136,SEA,1,-3,3,0.0,2022
663406,2022-10-01,140,TEX,0,108,LAA,1,-4,1,980.5935873257743,2022
663405,2022-10-02,140,TEX,0,108,LAA,1,-5,2,0.0,2022
663419,2022-10-02,140,TEX,0,108,LAA,0,-6,3,0.0,2022
662044,2022-10-03,140,TEX,1,147,NYY,1,1,1,1201.6984237735796,2022
662062,2022-10-04,140,TEX,1,147,NYY,1,2,2,0.0,2022
662010,2022-10-05,140,TEX,1,147,NYY,1,3,3,0.0,2022
661996,2022-10-05,140,TEX,1,147,NYY,0,4,4,0.0,2022
661782,2022-04-08,141,TOR,1,140,TEX,0,1,1,0.0,2022
661803,2022-04-09,141,TOR,1,140,TEX,1,2,2,0.0,2022
661802,2022-04-10,141,TOR,1,140,TEX,1,3,3,0.0,2022
661315,2022-04-11,141,TOR,0,147,NYY,1,-1,1,340.2685304486618,2022
661314,2022-04-12,141,TOR,0,147,NYY,1,-2,2,0.0,2022
661313,2022-04-13,141,TOR,0,147,NYY,1,-3,3,0.0,2022
661312,2022-04-14,141,TOR,0,147,NYY,1,-4,4,0.0,2022
661792,2022-04-15,141,TOR,1,133,OAK,1,1,1,340.2685304486618,2022
661759,2022-04-16,141,TOR,1,133,OAK,1,2,2,0.0,2022
661804,2022-04-17,141,TOR,1,133,OAK,1,3,3,0.0,2022
663249,2022-04-19,141,TOR,0,111,BOS,2,-1,1,428.32913029317257,2022
663247,2022-04-20,141,TOR,0,111,BOS,1,-2,2,0.0,2022
663225,2022-04-21,141,TOR,0,111,BOS,1,-3,3,0.0,2022
662922,2022-04-23,141,TOR,0,117,HOU,2,-4,1,1601.3745489627004,2022
662875,2022-04-23,141,TOR,0,117,HOU,0,-5,2,0.0,2022
662921,2022-04-24,141,TOR,0,117,HOU,1,-6,3,0.0,2022
661760,2022-04-25,141,TOR,1,111,BOS,1,1,1,1300.2748883372112,2022
661758,2022-04-26,141,TOR,1,111,BOS,1,2,2,0.0,2022
661757,2022-04-27,141,TOR,1,111,BOS,1,3,3,0.0,2022
661827,2022-04-28,141,TOR,1,111,BOS,1,4,4,0.0,2022
661826,2022-04-29,141,TOR,1,117,HOU,1,5,1,0.0,2022
661825,2022-04-30,141,TOR,1,117,HOU,1,6,2,0.0,2022
661824,2022-05-01,141,TOR,1,117,HOU,1,7,3,0.0,2022
661823,2022-05-02,141,TOR,1,147,NYY,1,8,1,0.0,2022
661796,2022-05-03,141,TOR,1,147,NYY,1,9,2,0.0,2022
661795,2022-05-04,141,TOR,1,147,NYY,1,10,3,0.0,2022
663066,2022-05-05,141,TOR,0,114,CLE,1,-1,1,188.71684847115282,2022
663056,2022-05-07,141,TOR,0,114,CLE,1,-3,3,0.0,2022
663057,2022-05-07,141,TOR,0,114,CLE,0,-4,4,0.0,2022
663086,2022-05-08,141,TOR,0,114,CLE,1,-5,5,0.0,2022
661301,2022-05-10,141,TOR,0,147,NYY,2,-6,1,406.0987517437095,2022
661300,2022-05-11,141,TOR,0,147,NYY,1,-7,2,0.0,2022
661904,2022-05-13,141,TOR,0,139,TB,2,-8,1,1029.5381159096478,2022
661903,2022-05-14,141,TOR,0,139,TB,1,-9,2,0.0,2022
661902,2022-05-15,141,TOR,0,139,TB,1,-10,3,0.0,2022
661794,2022-05-16,141,TOR,1,136,SEA,1,1,1,1111.7297518661444,2022
661765,2022-05-17,141,TOR,1,136,SEA,1,2,2,0.0,2022
661767,2022-05-18,141,TOR,1,136,SEA,1,3,3,0.0,2022
661766,2022-05-20,141,TOR,1,113,CIN,2,4,1,0.0,2022
661793,2022-05-21,141,TOR,1,113,CIN,1,5,2,0.0,2022
661763,2022-05-22,141,TOR,1,113,CIN,1,6,3,0.0,2022
661999,2022-05-23,141,TOR,0,138,STL,1,-1,1,659.7865181803405,2022
661998,2022-05-24,141,TOR,0,138,STL,1,-2,2,0.0,2022
663445,2022-05-27,141,TOR,0,108,LAA,3,-3,1,1572.920237629869,2022
663444,2022-05-28,141,TOR,0,108,LAA,1,-4,2,0.0,2022
663400,2022-05-29,141,TOR,0,108,LAA,1,-5,3,0.0,2022
663414,2022-05-29,141,TOR,0,108,LAA,0,-6,4,0.0,2022
661797,2022-05-31,141,TOR,1,145,CWS,2,1,1,2161.688067916341,2022
661764,2022-06-01,141,TOR,1,145,CWS,1,2,2,0.0,2022
661762,2022-06-02,141,TOR,1,145,CWS,1,3,3,0.0,2022
661761,2022-06-03,141,TOR,1,142,MIN,1,4,1,0.0,2022
661749,2022-06-04,141,TOR,1,142,MIN,1,5,2,0.0,2022
661747,2022-06-05,141,TOR,1,142,MIN,1,6,3,0.0,2022
662613,2022-06-07,141,TOR,0,118,KC,2,-1,1,843.0534764751171,2022
662678,2022-06-08,141,TOR,0,118,KC,1,-2,2,0.0,2022
662679,2022-06-08,141,TOR,0,118,KC,0,-3,3,0.0,2022
662831,2022-06-10,141,TOR,0,116,DET,2,-4,1,639.8841499405022,2022
662830,2022-06-11,141,TOR,0,116,DET,1,-5,2,0.0,2022
662829,2022-06-12,141,TOR,0,116,DET,1,-6,3,0.0,2022
661746,2022-06-13,141,TOR,1,110,BAL,1,1,1,205.64835449402668,2022
661745,2022-06-14,141,TOR,1,110,BAL,1,2,2,0.0,2022
661744,2022-06-15,141,TOR,1,110,BAL,1,3,3,0.0,2022
661743,2022-06-16,141,TOR,1,110,BAL,1,4,4,0.0,2022
661742,2022-06-17,141,TOR,1,147,NYY,1,5,1,0.0,2022
661748,2022-06-18,141,TOR,1,147,NYY,1,6,2,0.0,2022
661741,2022-06-19,141,TOR,1,147,NYY,1,7,3,0.0,2022
661482,2022-06-21,141,TOR,0,145,CWS,2,-1,1,436.51941913736283,2022
661481,2022-06-22,141,TOR,0,145,CWS,1,-2,2,0.0,2022
661457,2022-06-22,141,TOR,0,145,CWS,0,-3,3,0.0,2022
661190,2022-06-25,141,TOR,0,158,MIL,3,-4,1,84.55513154711521,2022
661264,2022-06-25,141,TOR,0,158,MIL,0,-5,2,0.0,2022
661206,2022-06-26,141,TOR,0,158,MIL,1,-6,3,0.0,2022
661740,2022-06-27,141,TOR,1,111,BOS,1,1,1,433.19037079572774,2022
661728,2022-06-28,141,TOR,1,111,BOS,1,2,2,0.0,2022
661727,2022-06-29,141,TOR,1,111,BOS,1,3,3,0.0,2022
661726,2022-06-30,141,TOR,1,139,TB,1,4,1,0.0,2022
661725,2022-07-01,141,TOR,1,139,TB,1,5,2,0.0,2022
661724,2022-07-02,141,TOR,1,139,TB,1,6,3,0.0,2022
661836,2022-07-02,141,TOR,1,139,TB,0,7,4,0.0,2022
661723,2022-07-03,141,TOR,1,139,TB,1,8,5,0.0,2022
662355,2022-07-05,141,TOR,0,133,OAK,2,-1,1,2253.7814110292547,2022
662353,2022-07-06,141,TOR,0,133,OAK,1,-2,2,0.0,2022
662354,2022-07-06,141,TOR,0,133,OAK,0,-3,3,0.0,2022
662156,2022-07-08,141,TOR,0,136,SEA,2,-4,1,679.9392003432476,2022
662155,2022-07-09,141,TOR,0,136,SEA,1,-5,2,0.0,2022
662147,2022-07-10,141,TOR,0,136,SEA,1,-6,3,0.0,2022
662183,2022-07-10,141,TOR,0,136,SEA,0,-7,4,0.0,2022
661722,2022-07-12,141,TOR,1,143,PHI,2,1,1,2066.462246019487,2022
661721,2022-07-13,141,TOR,1,143,PHI,1,2,2,0.0,2022
661720,2022-07-14,141,TOR,1,118,KC,1,3,1,0.0,2022
661719,2022-07-15,141,TOR,1,118,KC,1,4,2,0.0,2022
661718,2022-07-16,141,TOR,1,118,KC,1,5,3,0.0,2022
661717,2022-07-17,141,TOR,1,118,KC,1,6,4,0.0,2022
663222,2022-07-22,141,TOR,0,111,BOS,5,-1,1,428.32913029317257,2022
663221,2022-07-23,141,TOR,0,111,BOS,1,-2,2,0.0,2022
663220,2022-07-24,141,TOR,0,111,BOS,1,-3,3,0.0,2022
661716,2022-07-26,141,TOR,1,138,STL,2,1,1,428.32913029317257,2022
661715,2022-07-27,141,TOR,1,138,STL,1,2,2,0.0,2022
661714,2022-07-28,141,TOR,1,116,DET,1,3,1,0.0,2022
661713,2022-07-29,141,TOR,1,116,DET,1,4,2,0.0,2022
661712,2022-07-30,141,TOR,1,116,DET,1,5,3,0.0,2022
661711,2022-07-31,141,TOR,1,116,DET,1,6,4,0.0,2022
661868,2022-08-02,141,TOR,0,139,TB,2,-1,1,1111.7297518661444,2022
661867,2022-08-03,141,TOR,0,139,TB,1,-2,2,0.0,2022
661660,2022-08-04,141,TOR,0,142,MIN,1,-3,1,1325.4285844846306,2022
661659,2022-08-06,141,TOR,0,142,MIN,2,-4,2,0.0,2022
661662,2022-08-06,141,TOR,0,142,MIN,0,-5,3,0.0,2022
661653,2022-08-07,141,TOR,0,142,MIN,1,-6,4,0.0,2022
661047,2022-08-08,141,TOR,0,110,BAL,1,-7,1,937.5839769032132,2022
661046,2022-08-09,141,TOR,0,110,BAL,1,-8,2,0.0,2022
661710,2022-08-12,141,TOR,1,114,CLE,2,1,1,333.41200779259856,2022
661709,2022-08-13,141,TOR,1,114,CLE,1,2,2,0.0,2022
661708,2022-08-14,141,TOR,1,114,CLE,1,3,3,0.0,2022
661707,2022-08-15,141,TOR,1,110,BAL,1,4,1,0.0,2022
661706,2022-08-16,141,TOR,1,110,BAL,1,5,2,0.0,2022
661705,2022-08-17,141,TOR,1,110,BAL,1,6,3,0.0,2022
661265,2022-08-18,141,TOR,0,147,NYY,1,-1,1,340.2685304486618,2022
661319,2022-08-19,141,TOR,0,147,NYY,1,-2,2,0.0,2022
661240,2022-08-20,141,TOR,0,147,NYY,1,-3,3,0.0,2022
661239,2022-08-21,141,TOR,0,147,NYY,1,-4,4,0.0,2022
663174,2022-08-23,141,TOR,0,111,BOS,2,-5,1,179.88456828974768,2022
663173,2022-08-24,141,TOR,0,111,BOS,1,-6,2,0.0,2022
663172,2022-08-25,141,TOR,0,111,BOS,1,-7,3,0.0,2022
661704,2022-08-26,141,TOR,1,108,LAA,1,1,1,428.32913029317257,2022
661703,2022-08-27,141,TOR,1,108,LAA,1,2,2,0.0,2022
661773,2022-08-28,141,TOR,1,108,LAA,1,3,3,0.0,2022
661801,2022-08-29,141,TOR,1,112,CHC,1,4,1,0.0,2022
661800,2022-08-30,141,TOR,1,112,CHC,1,5,2,0.0,2022
661779,2022-08-31,141,TOR,1,112,CHC,1,6,3,0.0,2022
662356,2022-09-02,141,TOR,0,134,PIT,2,-1,1,222.98418827648996,2022
662286,2022-09-03,141,TOR,0,134,PIT,1,-2,2,0.0,2022
662299,2022-09-04,141,TOR,0,134,PIT,1,-3,3,0.0,2022
661045,2022-09-05,141,TOR,0,110,BAL,1,-4,1,196.62316008554197,2022
663353,2022-09-05,141,TOR,0,110,BAL,0,-5,2,0.0,2022
663458,2022-09-06,141,TOR,0,110,BAL,1,-6,3,0.0,2022
663457,2022-09-07,141,TOR,0,110,BAL,1,-7,4,0.0,2022
661830,2022-09-10,141,TOR,0,140,TEX,3,-8,1,1225.9583636520863,2022
661841,2022-09-10,141,TOR,0,140,TEX,0,-9,2,0.0,2022
661839,2022-09-11,141,TOR,0,140,TEX,1,-10,3,0.0,2022
661799,2022-09-12,141,TOR,1,139,TB,1,1,1,1216.0025005666878,2022
661840,2022-09-13,141,TOR,1,139,TB,1,2,2,0.0,2022
661798,2022-09-13,141,TOR,1,139,TB,0,3,3,0.0,2022
661770,2022-09-14,141,TOR,1,139,TB,1,4,4,0.0,2022
661822,2022-09-15,141,TOR,1,139,TB,1,5,5,0.0,2022
661776,2022-09-16,141,TOR,1,110,BAL,1,6,1,0.0,2022
661769,2022-09-17,141,TOR,1,110,BAL,1,7,2,0.0,2022
661780,2022-09-18,141,TOR,1,110,BAL,1,8,3,0.0,2022
661591,2022-09-20,141,TOR,0,143,PHI,2,-1,1,337.49777915551493,2022
661588,2022-09-21,141,TOR,0,143,PHI,1,-2,2,0.0,2022
662041,2022-09-22,141,TOR,0,139,TB,1,-3,1,941.4579426846607,2022
662040,2022-09-23,141,TOR,0,139,TB,1,-4,2,0.0,2022
662039,2022-09-24,141,TOR,0,139,TB,1,-5,3,0.0,2022
662063,2022-09-25,141,TOR,0,139,TB,1,-6,4,0.0,2022
661768,2022-09-26,141,TOR,1,147,NYY,1,1,1,1111.7297518661444,2022
661778,2022-09-27,141,TOR,1,147,NYY,1,2,2,0.0,2022
661737,2022-09-28,141,TOR,1,147,NYY,1,3,3,0.0,2022
661751,2022-09-30,141,TOR,1,111,BOS,2,4,1,0.0,2022
661736,2022-10-01,141,TOR,1,111,BOS,1,5,2,0.0,2022
661735,2022-10-02,141,TOR,1,111,BOS,1,6,3,0.0,2022
663273,2022-10-03,141,TOR,0,110,BAL,1,-1,1,333.41200779259856,2022
663451,2022-10-05,141,TOR,0,110,BAL,1,-3,3,0.0,2022
663272,2022-10-05,141,TOR,0,110,BAL,0,-4,4,0.0,2022
661750,2022-04-08,142,MIN,1,136,SEA,1,2,2,0.0,2022
661756,2022-04-09,142,MIN,1,136,SEA,1,3,3,0.0,2022
661738,2022-04-10,142,MIN,1,136,SEA,1,4,4,0.0,2022
661754,2022-04-11,142,MIN,1,136,SEA,1,5,5,0.0,2022
661753,2022-04-12,142,MIN,1,119,LAD,1,6,1,0.0,2022
661734,2022-04-13,142,MIN,1,119,LAD,1,7,2,0.0,2022
663265,2022-04-15,142,MIN,0,111,BOS,2,-1,1,1119.9102367149933,2022
663238,2022-04-16,142,MIN,0,111,BOS,1,-2,2,0.0,2022
663308,2022-04-17,142,MIN,0,111,BOS,1,-3,3,0.0,2022
663236,2022-04-18,142,MIN,0,111,BOS,1,-4,4,0.0,2022
662753,2022-04-20,142,MIN,0,118,KC,2,-5,1,1241.802604380426,2022
662703,2022-04-21,142,MIN,0,118,KC,1,-6,2,0.0,2022
662742,2022-04-21,142,MIN,0,118,KC,0,-7,3,0.0,2022
661755,2022-04-23,142,MIN,1,145,CWS,2,1,1,414.3585559282368,2022
661752,2022-04-23,142,MIN,1,145,CWS,0,2,2,0.0,2022
661781,2022-04-24,142,MIN,1,145,CWS,1,3,3,0.0,2022
661733,2022-04-26,142,MIN,1,116,DET,2,4,1,0.0,2022
661739,2022-04-27,142,MIN,1,116,DET,1,5,2,0.0,2022
661729,2022-04-28,142,MIN,1,116,DET,1,6,3,0.0,2022
661907,2022-04-29,142,MIN,0,139,TB,1,-1,1,1325.4285844846306,2022
661906,2022-04-30,142,MIN,0,139,TB,1,-2,2,0.0,2022
661905,2022-05-01,142,MIN,0,139,TB,1,-3,3,0.0,2022
663362,2022-05-02,142,MIN,0,110,BAL,1,-4,1,867.6749708982579,2022
663463,2022-05-03,142,MIN,0,110,BAL,1,-5,2,0.0,2022
663462,2022-05-04,142,MIN,0,110,BAL,1,-6,3,0.0,2022
661341,2022-05-05,142,MIN,0,110,BAL,1,-7,4,0.0,2022
661775,2022-05-07,142,MIN,1,133,OAK,2,1,1,937.5839769032132,2022
661701,2022-05-07,142,MIN,1,133,OAK,0,2,2,0.0,2022
661700,2022-05-08,142,MIN,1,133,OAK,1,3,3,0.0,2022
661696,2022-05-10,142,MIN,1,117,HOU,2,4,1,0.0,2022
661702,2022-05-12,142,MIN,1,117,HOU,1,6,3,0.0,2022
661694,2022-05-12,142,MIN,1,117,HOU,0,7,4,0.0,2022
661698,2022-05-14,142,MIN,1,114,CLE,2,8,1,0.0,2022
661695,2022-05-14,142,MIN,1,114,CLE,0,9,2,0.0,2022
661732,2022-05-15,142,MIN,1,114,CLE,1,10,3,0.0,2022
662378,2022-05-17,142,MIN,0,133,OAK,2,-1,1,1571.0292537363316,2022
662370,2022-05-18,142,MIN,0,133,OAK,1,-2,2,0.0,2022
662377,2022-05-18,142,MIN,0,133,OAK,0,-3,3,0.0,2022
662713,2022-05-21,142,MIN,0,118,KC,3,-4,1,1497.929836668995,2022
662714,2022-05-21,142,MIN,0,118,KC,0,-5,2,0.0,2022
662712,2022-05-22,142,MIN,0,118,KC,1,-6,3,0.0,2022
661730,2022-05-23,142,MIN,1,116,DET,1,1,1,414.3585559282368,2022
661699,2022-05-24,142,MIN,1,116,DET,1,2,2,0.0,2022
661772,2022-05-25,142,MIN,1,116,DET,1,3,3,0.0,2022
661771,2022-05-26,142,MIN,1,118,KC,1,4,1,0.0,2022
661777,2022-05-28,142,MIN,1,118,KC,2,5,2,0.0,2022
661774,2022-05-28,142,MIN,1,118,KC,0,6,3,0.0,2022
661731,2022-05-29,142,MIN,1,118,KC,1,7,4,0.0,2022
662854,2022-05-30,142,MIN,0,116,DET,1,-1,1,542.5071369450939,2022
662836,2022-05-31,142,MIN,0,116,DET,1,-2,2,0.0,2022
662806,2022-05-31,142,MIN,0,116,DET,0,-3,3,0.0,2022
662833,2022-06-01,142,MIN,0,116,DET,1,-4,4,0.0,2022
662832,2022-06-02,142,MIN,0,116,DET,1,-5,5,0.0,2022
661761,2022-06-03,142,MIN,0,141,TOR,1,-6,1,205.64835449402668,2022
661749,2022-06-04,142,MIN,0,141,TOR,1,-7,2,0.0,2022
661747,2022-06-05,142,MIN,0,141,TOR,1,-8,3,0.0,2022
661693,2022-06-07,142,MIN,1,147,NYY,2,1,1,692.024839424288,2022
661681,2022-06-08,142,MIN,1,147,NYY,1,2,2,0.0,2022
661697,2022-06-09,142,MIN,1,147,NYY,1,3,3,0.0,2022
661680,2022-06-11,142,MIN,1,139,TB,2,4,1,0.0,2022
661678,2022-06-11,142,MIN,1,139,TB,0,5,2,0.0,2022
661679,2022-06-12,142,MIN,1,139,TB,1,6,3,0.0,2022
662126,2022-06-14,142,MIN,0,136,SEA,2,-1,1,1390.7389323897291,2022
662125,2022-06-15,142,MIN,0,136,SEA,1,-2,2,0.0,2022
662173,2022-06-15,142,MIN,0,136,SEA,0,-3,3,0.0,2022
663335,2022-06-18,142,MIN,0,109,ARI,3,-4,1,1114.0691793592323,2022
663351,2022-06-19,142,MIN,0,109,ARI,1,-5,2,0.0,2022
663334,2022-06-19,142,MIN,0,109,ARI,0,-6,3,0.0,2022
661677,2022-06-21,142,MIN,1,114,CLE,2,1,1,1278.017730052948,2022
661690,2022-06-22,142,MIN,1,114,CLE,1,2,2,0.0,2022
661685,2022-06-23,142,MIN,1,114,CLE,1,3,3,0.0,2022
661684,2022-06-25,142,MIN,1,115,COL,2,4,1,0.0,2022
661686,2022-06-25,142,MIN,1,115,COL,0,5,2,0.0,2022
661692,2022-06-26,142,MIN,1,115,COL,1,6,3,0.0,2022
663016,2022-06-27,142,MIN,0,114,CLE,1,-1,1,630.5553923040089,2022
663045,2022-06-28,142,MIN,0,114,CLE,1,-2,2,0.0,2022
663033,2022-06-28,142,MIN,0,114,CLE,0,-3,3,0.0,2022
663030,2022-06-29,142,MIN,0,114,CLE,1,-4,4,0.0,2022
662983,2022-06-30,142,MIN,0,114,CLE,1,-5,5,0.0,2022
661683,2022-07-02,142,MIN,1,110,BAL,2,1,1,630.5553923040089,2022
661691,2022-07-02,142,MIN,1,110,BAL,0,2,2,0.0,2022
661689,2022-07-03,142,MIN,1,110,BAL,1,3,3,0.0,2022
661452,2022-07-05,142,MIN,0,145,CWS,2,-1,1,357.20870712294794,2022
661426,2022-07-06,142,MIN,0,145,CWS,1,-2,2,0.0,2022
661413,2022-07-06,142,MIN,0,145,CWS,0,-3,3,0.0,2022
661843,2022-07-09,142,MIN,0,140,TEX,3,-4,1,813.378310893269,2022
661842,2022-07-09,142,MIN,0,140,TEX,0,-5,2,0.0,2022
661808,2022-07-10,142,MIN,0,140,TEX,1,-6,3,0.0,2022
661688,2022-07-12,142,MIN,1,158,MIL,2,1,1,869.2690937301206,2022
661687,2022-07-13,142,MIN,1,158,MIL,1,2,2,0.0,2022
661675,2022-07-14,142,MIN,1,145,CWS,1,3,1,0.0,2022
661674,2022-07-16,142,MIN,1,145,CWS,2,4,2,0.0,2022
661673,2022-07-16,142,MIN,1,145,CWS,0,5,3,0.0,2022
661672,2022-07-17,142,MIN,1,145,CWS,1,6,4,0.0,2022
662902,2022-07-23,142,MIN,0,116,DET,6,-1,1,542.5071369450939,2022
662901,2022-07-24,142,MIN,0,116,DET,1,-2,2,0.0,2022
661281,2022-07-27,142,MIN,0,158,MIL,3,-3,1,254.49710853928843,2022
661249,2022-07-27,142,MIN,0,158,MIL,0,-4,2,0.0,2022
662268,2022-07-30,142,MIN,0,135,SD,3,-5,1,1732.8547359706142,2022
662196,2022-07-30,142,MIN,0,135,SD,0,-6,2,0.0,2022
662267,2022-07-31,142,MIN,0,135,SD,1,-7,3,0.0,2022
661671,2022-08-01,142,MIN,1,116,DET,1,1,1,1530.561766187142,2022
661661,2022-08-02,142,MIN,1,116,DET,1,2,2,0.0,2022
661664,2022-08-03,142,MIN,1,116,DET,1,3,3,0.0,2022
661660,2022-08-04,142,MIN,1,141,TOR,1,4,1,0.0,2022
661659,2022-08-06,142,MIN,1,141,TOR,2,5,2,0.0,2022
661662,2022-08-06,142,MIN,1,141,TOR,0,6,3,0.0,2022
661653,2022-08-07,142,MIN,1,141,TOR,1,7,4,0.0,2022
662562,2022-08-10,142,MIN,0,119,LAD,3,-1,1,1519.9504822292802,2022
662575,2022-08-11,142,MIN,0,119,LAD,1,-2,2,0.0,2022
663373,2022-08-13,142,MIN,0,108,LAA,2,-3,1,27.87381208188066,2022
663372,2022-08-14,142,MIN,0,108,LAA,1,-4,2,0.0,2022
663371,2022-08-14,142,MIN,0,108,LAA,0,-5,3,0.0,2022
661676,2022-08-15,142,MIN,1,118,KC,1,1,1,1515.2340388389878,2022
661682,2022-08-16,142,MIN,1,118,KC,1,2,2,0.0,2022
661654,2022-08-17,142,MIN,1,118,KC,1,3,3,0.0,2022
661655,2022-08-20,142,MIN,1,140,TEX,3,4,1,0.0,2022
661670,2022-08-20,142,MIN,1,140,TEX,0,5,2,0.0,2022
661652,2022-08-21,142,MIN,1,140,TEX,1,6,3,0.0,2022
661658,2022-08-22,142,MIN,1,140,TEX,1,7,4,0.0,2022
662800,2022-08-24,142,MIN,0,117,HOU,2,-1,1,1058.038361560939,2022
662799,2022-08-25,142,MIN,0,117,HOU,1,-2,2,0.0,2022
662711,2022-08-26,142,MIN,0,117,HOU,1,-3,3,0.0,2022
661669,2022-08-27,142,MIN,1,137,SF,1,1,1,1058.038361560939,2022
661657,2022-08-27,142,MIN,1,137,SF,0,2,2,0.0,2022
661663,2022-08-28,142,MIN,1,137,SF,1,3,3,0.0,2022
661651,2022-08-29,142,MIN,1,111,BOS,1,4,1,0.0,2022
661648,2022-08-30,142,MIN,1,111,BOS,1,5,2,0.0,2022
661649,2022-08-31,142,MIN,1,111,BOS,1,6,3,0.0,2022
661439,2022-09-03,142,MIN,0,145,CWS,3,-1,1,357.20870712294794,2022
661438,2022-09-03,142,MIN,0,145,CWS,0,-2,2,0.0,2022
661437,2022-09-04,142,MIN,0,145,CWS,1,-3,3,0.0,2022
661236,2022-09-05,142,MIN,0,147,NYY,1,-4,1,713.826429908849,2022
661251,2022-09-07,142,MIN,0,147,NYY,1,-6,3,0.0,2022
661235,2022-09-07,142,MIN,0,147,NYY,0,-7,4,0.0,2022
661252,2022-09-08,142,MIN,0,147,NYY,1,-8,5,0.0,2022
661650,2022-09-10,142,MIN,1,114,CLE,2,1,1,1017.7624974211766,2022
661665,2022-09-10,142,MIN,1,114,CLE,0,2,2,0.0,2022
661647,2022-09-11,142,MIN,1,114,CLE,1,3,3,0.0,2022
661645,2022-09-13,142,MIN,1,118,KC,2,4,1,0.0,2022
661646,2022-09-14,142,MIN,1,118,KC,1,5,2,0.0,2022
661644,2022-09-15,142,MIN,1,118,KC,1,6,3,0.0,2022
662959,2022-09-16,142,MIN,0,114,CLE,1,-1,1,630.5553923040089,2022
663141,2022-09-17,142,MIN,0,114,CLE,1,-2,2,0.0,2022
662958,2022-09-17,142,MIN,0,114,CLE,0,-3,3,0.0,2022
662968,2022-09-18,142,MIN,0,114,CLE,1,-4,4,0.0,2022
663044,2022-09-19,142,MIN,0,114,CLE,1,-5,5,0.0,2022
662634,2022-09-21,142,MIN,0,118,KC,2,-6,1,694.6429853897519,2022
662633,2022-09-22,142,MIN,0,118,KC,1,-7,2,0.0,2022
662632,2022-09-22,142,MIN,0,118,KC,0,-8,3,0.0,2022
661656,2022-09-24,142,MIN,1,108,LAA,2,1,1,414.3585559282368,2022
661668,2022-09-24,142,MIN,1,108,LAA,0,2,2,0.0,2022
661667,2022-09-25,142,MIN,1,108,LAA,1,3,3,0.0,2022
661666,2022-09-27,142,MIN,1,145,CWS,2,4,1,0.0,2022
661133,2022-09-28,142,MIN,1,145,CWS,1,5,2,0.0,2022
661132,2022-09-29,142,MIN,1,145,CWS,1,6,3,0.0,2022
662771,2022-09-30,142,MIN,0,116,DET,1,-1,1,542.5071369450939,2022
662770,2022-10-01,142,MIN,0,116,DET,1,-2,2,0.0,2022
662769,2022-10-02,142,MIN,0,116,DET,1,-3,3,0.0,2022
661464,2022-10-04,142,MIN,0,145,CWS,2,-4,1,237.7264337126216,2022
661463,2022-10-05,142,MIN,0,145,CWS,1,-5,2,0.0,2022
661427,2022-10-05,142,MIN,0,145,CWS,0,-6,3,0.0,2022
661131,2022-04-08,143,PHI,1,133,OAK,0,1,1,0.0,2022
661130,2022-04-09,143,PHI,1,133,OAK,1,2,2,0.0,2022
661129,2022-04-10,143,PHI,1,133,OAK,1,3,3,0.0,2022
661637,2022-04-11,143,PHI,1,121,NYM,1,4,1,0.0,2022
661636,2022-04-12,143,PHI,1,121,NYM,1,5,2,0.0,2022
661643,2022-04-13,143,PHI,1,121,NYM,1,6,3,0.0,2022
661418,2022-04-14,143,PHI,0,146,MIA,1,-1,1,1018.8446832841317,2022
661417,2022-04-15,143,PHI,0,146,MIA,1,-2,2,0.0,2022
661416,2022-04-16,143,PHI,0,146,MIA,1,-3,3,0.0,2022
661415,2022-04-17,143,PHI,0,146,MIA,1,-4,4,0.0,2022
662929,2022-04-19,143,PHI,0,115,COL,2,-5,1,1723.9912128319143,2022
662925,2022-04-20,143,PHI,0,115,COL,1,-6,2,0.0,2022
662924,2022-04-20,143,PHI,0,115,COL,0,-7,3,0.0,2022
661621,2022-04-22,143,PHI,1,158,MIL,2,1,1,1575.3272730725726,2022
661620,2022-04-23,143,PHI,1,158,MIL,1,2,2,0.0,2022
661640,2022-04-24,143,PHI,1,158,MIL,1,3,3,0.0,2022
661639,2022-04-25,143,PHI,1,115,COL,1,4,1,0.0,2022
661567,2022-04-26,143,PHI,1,115,COL,1,5,2,0.0,2022
661638,2022-04-27,143,PHI,1,115,COL,1,6,3,0.0,2022
661641,2022-04-28,143,PHI,1,115,COL,1,7,4,0.0,2022
662592,2022-04-29,143,PHI,0,121,NYM,1,-1,1,91.08673366367736,2022
662591,2022-04-30,143,PHI,0,121,NYM,1,-2,2,0.0,2022
662579,2022-05-01,143,PHI,0,121,NYM,1,-3,3,0.0,2022
661635,2022-05-03,143,PHI,1,140,TEX,2,1,1,91.08673366367736,2022
661634,2022-05-04,143,PHI,1,140,TEX,1,2,2,0.0,2022
661619,2022-05-05,143,PHI,1,121,NYM,1,3,1,0.0,2022
661627,2022-05-08,143,PHI,1,121,NYM,1,6,4,0.0,2022
661626,2022-05-08,143,PHI,1,121,NYM,0,7,5,0.0,2022
662158,2022-05-10,143,PHI,0,136,SEA,2,-1,1,2374.914766881297,2022
662157,2022-05-11,143,PHI,0,136,SEA,1,-2,2,0.0,2022
662176,2022-05-11,143,PHI,0,136,SEA,0,-3,3,0.0,2022
662706,2022-05-13,143,PHI,0,119,LAD,2,-4,1,957.8545939923275,2022
662705,2022-05-14,143,PHI,0,119,LAD,1,-5,2,0.0,2022
662704,2022-05-15,143,PHI,0,119,LAD,1,-6,3,0.0,2022
662696,2022-05-15,143,PHI,0,119,LAD,0,-7,4,0.0,2022
661625,2022-05-17,143,PHI,1,135,SD,2,1,1,2387.7509871644193,2022
661624,2022-05-18,143,PHI,1,135,SD,1,2,2,0.0,2022
661623,2022-05-19,143,PHI,1,135,SD,1,3,3,0.0,2022
661632,2022-05-20,143,PHI,1,119,LAD,1,4,1,0.0,2022
661631,2022-05-21,143,PHI,1,119,LAD,1,5,2,0.0,2022
661611,2022-05-22,143,PHI,1,119,LAD,1,6,3,0.0,2022
661544,2022-05-23,143,PHI,0,144,ATL,1,-1,1,660.3458671025634,2022
661543,2022-05-24,143,PHI,0,144,ATL,1,-2,2,0.0,2022
661542,2022-05-25,143,PHI,0,144,ATL,1,-3,3,0.0,2022
661574,2022-05-26,143,PHI,0,144,ATL,1,-4,4,0.0,2022
662543,2022-05-27,143,PHI,0,121,NYM,1,-5,1,751.1805618659844,2022
662556,2022-05-28,143,PHI,0,121,NYM,1,-6,2,0.0,2022
662555,2022-05-29,143,PHI,0,121,NYM,1,-7,3,0.0,2022
661613,2022-05-30,143,PHI,1,137,SF,1,1,1,91.08673366367736,2022
661618,2022-05-31,143,PHI,1,137,SF,1,2,2,0.0,2022
661612,2022-06-01,143,PHI,1,137,SF,1,3,3,0.0,2022
661642,2022-06-03,143,PHI,1,108,LAA,2,4,1,0.0,2022
661615,2022-06-04,143,PHI,1,108,LAA,1,5,2,0.0,2022
661633,2022-06-05,143,PHI,1,108,LAA,1,6,3,0.0,2022
661205,2022-06-08,143,PHI,0,158,MIL,3,-1,1,696.3664086049965,2022
661188,2022-06-09,143,PHI,0,158,MIL,1,-2,2,0.0,2022
661194,2022-06-09,143,PHI,0,158,MIL,0,-3,3,0.0,2022
661617,2022-06-10,143,PHI,1,109,ARI,1,1,1,696.3664086049965,2022
661614,2022-06-11,143,PHI,1,109,ARI,1,2,2,0.0,2022
661622,2022-06-12,143,PHI,1,109,ARI,1,3,3,0.0,2022
661629,2022-06-13,143,PHI,1,146,MIA,1,4,1,0.0,2022
661616,2022-06-14,143,PHI,1,146,MIA,1,5,2,0.0,2022
661583,2022-06-15,143,PHI,1,146,MIA,1,6,3,0.0,2022
662501,2022-06-16,143,PHI,0,120,WSH,1,-1,1,121.48691857607562,2022
662580,2022-06-17,143,PHI,0,120,WSH,1,-2,2,0.0,2022
662502,2022-06-17,143,PHI,0,120,WSH,0,-3,3,0.0,2022
662500,2022-06-18,143,PHI,0,120,WSH,1,-4,4,0.0,2022
662553,2022-06-19,143,PHI,0,120,WSH,1,-5,5,0.0,2022
661851,2022-06-22,143,PHI,0,140,TEX,3,-6,1,1198.682847057283,2022
661846,2022-06-22,143,PHI,0,140,TEX,0,-7,2,0.0,2022
662227,2022-06-24,143,PHI,0,135,SD,2,-8,1,1165.0786259258875,2022
662255,2022-06-25,143,PHI,0,135,SD,1,-9,2,0.0,2022
662247,2022-06-26,143,PHI,0,135,SD,1,-10,3,0.0,2022
662254,2022-06-26,143,PHI,0,135,SD,0,-11,4,0.0,2022
661580,2022-06-28,143,PHI,1,144,ATL,2,1,1,2367.9373803347366,2022
661584,2022-06-29,143,PHI,1,144,ATL,1,2,2,0.0,2022
661579,2022-06-30,143,PHI,1,144,ATL,1,3,3,0.0,2022
661582,2022-07-01,143,PHI,1,138,STL,1,4,1,0.0,2022
661581,2022-07-02,143,PHI,1,138,STL,1,5,2,0.0,2022
661630,2022-07-03,143,PHI,1,138,STL,1,6,3,0.0,2022
661578,2022-07-05,143,PHI,1,120,WSH,2,7,1,0.0,2022
661564,2022-07-06,143,PHI,1,120,WSH,1,8,2,0.0,2022
661566,2022-07-07,143,PHI,1,120,WSH,1,9,3,0.0,2022
661136,2022-07-09,143,PHI,0,138,STL,2,-1,1,807.7790398828691,2022
661137,2022-07-09,143,PHI,0,138,STL,0,-2,2,0.0,2022
661135,2022-07-10,143,PHI,0,138,STL,1,-3,3,0.0,2022
661120,2022-07-11,143,PHI,0,138,STL,1,-4,4,0.0,2022
661722,2022-07-12,143,PHI,0,141,TOR,1,-5,1,659.7865181803405,2022
661721,2022-07-13,143,PHI,0,141,TOR,1,-6,2,0.0,2022
661374,2022-07-15,143,PHI,0,146,MIA,2,-7,1,1235.193689499836,2022
661359,2022-07-16,143,PHI,0,146,MIA,1,-8,2,0.0,2022
661373,2022-07-17,143,PHI,0,146,MIA,1,-9,3,0.0,2022
661560,2022-07-22,143,PHI,1,112,CHC,5,1,1,1018.8446832841317,2022
661559,2022-07-23,143,PHI,1,112,CHC,1,2,2,0.0,2022
661556,2022-07-24,143,PHI,1,112,CHC,1,3,3,0.0,2022
661555,2022-07-25,143,PHI,1,144,ATL,1,4,1,0.0,2022
661563,2022-07-26,143,PHI,1,144,ATL,1,5,2,0.0,2022
661554,2022-07-27,143,PHI,1,144,ATL,1,6,3,0.0,2022
662326,2022-07-28,143,PHI,0,134,PIT,1,-1,1,258.1684392529645,2022
662435,2022-07-29,143,PHI,0,134,PIT,1,-2,2,0.0,2022
662415,2022-07-30,143,PHI,0,134,PIT,1,-3,3,0.0,2022
662414,2022-07-31,143,PHI,0,134,PIT,1,-4,4,0.0,2022
661496,2022-08-02,143,PHI,0,144,ATL,2,-5,1,515.1605409529744,2022
661500,2022-08-03,143,PHI,0,144,ATL,1,-6,2,0.0,2022
661565,2022-08-04,143,PHI,1,120,WSH,1,1,1,660.3458671025634,2022
661562,2022-08-05,143,PHI,1,120,WSH,1,2,2,0.0,2022
661561,2022-08-06,143,PHI,1,120,WSH,1,3,3,0.0,2022
661558,2022-08-07,143,PHI,1,120,WSH,1,4,4,0.0,2022
661553,2022-08-09,143,PHI,1,146,MIA,2,5,1,0.0,2022
661557,2022-08-10,143,PHI,1,146,MIA,1,6,2,0.0,2022
661608,2022-08-11,143,PHI,1,146,MIA,1,7,3,0.0,2022
662434,2022-08-12,143,PHI,0,121,NYM,1,-1,1,91.08673366367736,2022
662428,2022-08-13,143,PHI,0,121,NYM,1,-2,2,0.0,2022
662427,2022-08-14,143,PHI,0,121,NYM,1,-3,3,0.0,2022
663020,2022-08-15,143,PHI,0,113,CIN,1,-4,1,576.1040985787001,2022
663019,2022-08-16,143,PHI,0,113,CIN,1,-5,2,0.0,2022
663017,2022-08-17,143,PHI,0,113,CIN,1,-6,3,0.0,2022
661607,2022-08-19,143,PHI,1,121,NYM,2,1,1,500.9471415614062,2022
661628,2022-08-20,143,PHI,1,121,NYM,1,2,2,0.0,2022
661606,2022-08-20,143,PHI,1,121,NYM,0,3,3,0.0,2022
661602,2022-08-21,143,PHI,1,121,NYM,1,4,4,0.0,2022
661601,2022-08-22,143,PHI,1,113,CIN,1,5,1,0.0,2022
661600,2022-08-23,143,PHI,1,113,CIN,1,6,2,0.0,2022
661605,2022-08-24,143,PHI,1,113,CIN,1,7,3,0.0,2022
661604,2022-08-25,143,PHI,1,113,CIN,1,8,4,0.0,2022
661603,2022-08-26,143,PHI,1,134,PIT,1,9,1,0.0,2022
661599,2022-08-27,143,PHI,1,134,PIT,1,10,2,0.0,2022
661598,2022-08-28,143,PHI,1,134,PIT,1,11,3,0.0,2022
663332,2022-08-30,143,PHI,0,109,ARI,2,-1,1,2077.6302509220623,2022
663286,2022-08-31,143,PHI,0,109,ARI,1,-2,2,0.0,2022
663312,2022-09-01,143,PHI,0,109,ARI,1,-3,3,0.0,2022
662031,2022-09-03,143,PHI,0,137,SF,2,-4,1,652.0636757078365,2022
662032,2022-09-03,143,PHI,0,137,SF,0,-5,2,0.0,2022
662030,2022-09-04,143,PHI,0,137,SF,1,-6,3,0.0,2022
661597,2022-09-06,143,PHI,1,146,MIA,2,1,1,2515.920678646169,2022
661596,2022-09-07,143,PHI,1,146,MIA,1,2,2,0.0,2022
661595,2022-09-08,143,PHI,1,146,MIA,1,3,3,0.0,2022
661594,2022-09-09,143,PHI,1,120,WSH,1,4,1,0.0,2022
661593,2022-09-10,143,PHI,1,120,WSH,1,5,2,0.0,2022
661592,2022-09-11,143,PHI,1,120,WSH,1,6,3,0.0,2022
661320,2022-09-13,143,PHI,0,146,MIA,2,-1,1,1018.8446832841317,2022
661336,2022-09-14,143,PHI,0,146,MIA,1,-2,2,0.0,2022
661321,2022-09-15,143,PHI,0,146,MIA,1,-3,3,0.0,2022
661473,2022-09-16,143,PHI,0,144,ATL,1,-4,1,615.50817708501,2022
661472,2022-09-17,143,PHI,0,144,ATL,1,-5,2,0.0,2022
661471,2022-09-18,143,PHI,0,144,ATL,1,-6,3,0.0,2022
661591,2022-09-20,143,PHI,1,141,TOR,2,1,1,660.3458671025634,2022
661588,2022-09-21,143,PHI,1,141,TOR,1,2,2,0.0,2022
661609,2022-09-22,143,PHI,1,144,ATL,1,3,1,0.0,2022
661587,2022-09-23,143,PHI,1,144,ATL,1,4,2,0.0,2022
661586,2022-09-24,143,PHI,1,144,ATL,1,5,3,0.0,2022
661585,2022-09-25,143,PHI,1,144,ATL,1,6,4,0.0,2022
663128,2022-09-27,143,PHI,0,112,CHC,2,-1,1,666.436342674126,2022
663098,2022-09-28,143,PHI,0,112,CHC,1,-2,2,0.0,2022
663110,2022-09-29,143,PHI,0,112,CHC,1,-3,3,0.0,2022
661097,2022-09-30,143,PHI,0,120,WSH,1,-4,1,598.6412524083928,2022
662572,2022-10-01,143,PHI,0,120,WSH,1,-6,3,0.0,2022
661098,2022-10-01,143,PHI,0,120,WSH,0,-7,4,0.0,2022
661096,2022-10-02,143,PHI,0,120,WSH,1,-8,5,0.0,2022
662777,2022-10-04,143,PHI,0,117,HOU,2,-9,1,1218.4825059673833,2022
662768,2022-10-05,143,PHI,0,117,HOU,1,-10,2,0.0,2022
662789,2022-10-05,143,PHI,0,117,HOU,0,-11,3,0.0,2022
661577,2022-04-08,144,ATL,1,113,CIN,0,1,1,0.0,2022
661576,2022-04-08,144,ATL,1,113,CIN,0,2,2,0.0,2022
661575,2022-04-09,144,ATL,1,113,CIN,1,3,3,0.0,2022
661573,2022-04-10,144,ATL,1,113,CIN,1,4,4,0.0,2022
661572,2022-04-11,144,ATL,1,120,WSH,1,5,1,0.0,2022
661571,2022-04-12,144,ATL,1,120,WSH,1,6,2,0.0,2022
661570,2022-04-13,144,ATL,1,120,WSH,1,7,3,0.0,2022
662237,2022-04-15,144,ATL,0,135,SD,2,-1,1,1881.7053801870268,2022
662235,2022-04-16,144,ATL,0,135,SD,1,-2,2,0.0,2022
662236,2022-04-16,144,ATL,0,135,SD,0,-3,3,0.0,2022
662234,2022-04-17,144,ATL,0,135,SD,1,-4,4,0.0,2022
662617,2022-04-19,144,ATL,0,119,LAD,2,-5,1,113.20881075215142,2022
662717,2022-04-20,144,ATL,0,119,LAD,1,-6,2,0.0,2022
662734,2022-04-20,144,ATL,0,119,LAD,0,-7,3,0.0,2022
661569,2022-04-22,144,ATL,1,146,MIA,2,1,1,1926.1127142118578,2022
661568,2022-04-23,144,ATL,1,146,MIA,1,2,2,0.0,2022
661590,2022-04-24,144,ATL,1,146,MIA,1,3,3,0.0,2022
661589,2022-04-26,144,ATL,1,112,CHC,2,4,1,0.0,2022
661552,2022-04-27,144,ATL,1,112,CHC,1,5,2,0.0,2022
661551,2022-04-28,144,ATL,1,112,CHC,1,6,3,0.0,2022
661911,2022-04-30,144,ATL,0,140,TEX,2,-1,1,732.1662127163514,2022
661901,2022-04-30,144,ATL,0,140,TEX,0,-2,2,0.0,2022
661935,2022-05-01,144,ATL,0,140,TEX,1,-3,3,0.0,2022
662578,2022-05-02,144,ATL,0,121,NYM,1,-4,1,1394.8455111609428,2022
662569,2022-05-03,144,ATL,0,121,NYM,1,-5,2,0.0,2022
662459,2022-05-03,144,ATL,0,121,NYM,0,-6,3,0.0,2022
662577,2022-05-04,144,ATL,0,121,NYM,1,-7,4,0.0,2022
661541,2022-05-06,144,ATL,1,158,MIL,2,1,1,751.1805618659844,2022
661540,2022-05-07,144,ATL,1,158,MIL,1,2,2,0.0,2022
661550,2022-05-08,144,ATL,1,158,MIL,1,3,3,0.0,2022
661549,2022-05-10,144,ATL,1,111,BOS,2,4,1,0.0,2022
661548,2022-05-11,144,ATL,1,111,BOS,1,5,2,0.0,2022
661547,2022-05-13,144,ATL,1,135,SD,2,6,1,0.0,2022
661546,2022-05-14,144,ATL,1,135,SD,1,7,2,0.0,2022
661545,2022-05-15,144,ATL,1,135,SD,1,8,3,0.0,2022
661212,2022-05-16,144,ATL,0,158,MIL,1,-1,1,659.030112248539,2022
661196,2022-05-17,144,ATL,0,158,MIL,1,-2,2,0.0,2022
661202,2022-05-18,144,ATL,0,158,MIL,1,-3,3,0.0,2022
661339,2022-05-20,144,ATL,0,146,MIA,2,-4,1,1269.7716502102464,2022
661399,2022-05-21,144,ATL,0,146,MIA,1,-5,2,0.0,2022
661398,2022-05-22,144,ATL,0,146,MIA,1,-6,3,0.0,2022
661544,2022-05-23,144,ATL,1,143,PHI,1,1,1,615.50817708501,2022
661543,2022-05-24,144,ATL,1,143,PHI,1,2,2,0.0,2022
661542,2022-05-25,144,ATL,1,143,PHI,1,3,3,0.0,2022
661574,2022-05-26,144,ATL,1,143,PHI,1,4,4,0.0,2022
661539,2022-05-27,144,ATL,1,146,MIA,1,5,1,0.0,2022
661537,2022-05-28,144,ATL,1,146,MIA,1,6,2,0.0,2022
661517,2022-05-29,144,ATL,1,146,MIA,1,7,3,0.0,2022
663327,2022-05-31,144,ATL,0,109,ARI,2,-1,1,1582.6424392854756,2022
663326,2022-06-01,144,ATL,0,109,ARI,1,-2,2,0.0,2022
663329,2022-06-01,144,ATL,0,109,ARI,0,-3,3,0.0,2022
663000,2022-06-03,144,ATL,0,115,COL,2,-4,1,586.1530990190981,2022
662980,2022-06-04,144,ATL,0,115,COL,1,-5,2,0.0,2022
662987,2022-06-05,144,ATL,0,115,COL,1,-6,3,0.0,2022
662990,2022-06-05,144,ATL,0,115,COL,0,-7,4,0.0,2022
661516,2022-06-07,144,ATL,1,133,OAK,2,1,1,1202.1860715929813,2022
661515,2022-06-08,144,ATL,1,133,OAK,1,2,2,0.0,2022
661514,2022-06-09,144,ATL,1,134,PIT,1,3,1,0.0,2022
661513,2022-06-10,144,ATL,1,134,PIT,1,4,2,0.0,2022
661160,2022-06-11,144,ATL,1,134,PIT,1,5,3,0.0,2022
661144,2022-06-12,144,ATL,1,134,PIT,1,6,4,0.0,2022
662505,2022-06-13,144,ATL,0,120,WSH,1,-1,1,538.869727266714,2022
662503,2022-06-14,144,ATL,0,120,WSH,1,-2,2,0.0,2022
662504,2022-06-15,144,ATL,0,120,WSH,1,-3,3,0.0,2022
663124,2022-06-17,144,ATL,0,112,CHC,2,-4,1,598.6412524083928,2022
663239,2022-06-18,144,ATL,0,112,CHC,1,-5,2,0.0,2022
663218,2022-06-19,144,ATL,0,112,CHC,1,-6,3,0.0,2022
661143,2022-06-20,144,ATL,1,137,SF,1,1,1,583.1187828539541,2022
661142,2022-06-21,144,ATL,1,137,SF,1,2,2,0.0,2022
661141,2022-06-22,144,ATL,1,137,SF,1,3,3,0.0,2022
661140,2022-06-23,144,ATL,1,137,SF,1,4,4,0.0,2022
661139,2022-06-24,144,ATL,1,119,LAD,1,5,1,0.0,2022
661138,2022-06-25,144,ATL,1,119,LAD,1,6,2,0.0,2022
661512,2022-06-26,144,ATL,1,119,LAD,1,7,3,0.0,2022
661580,2022-06-28,144,ATL,0,143,PHI,2,-1,1,660.3458671025634,2022
661584,2022-06-29,144,ATL,0,143,PHI,1,-2,2,0.0,2022
661579,2022-06-30,144,ATL,0,143,PHI,1,-3,3,0.0,2022
663038,2022-07-01,144,ATL,0,113,CIN,1,-4,1,500.9471415614062,2022
663037,2022-07-02,144,ATL,0,113,CIN,1,-5,2,0.0,2022
663052,2022-07-03,144,ATL,0,113,CIN,1,-6,3,0.0,2022
661511,2022-07-04,144,ATL,1,138,STL,1,1,1,359.8050212534856,2022
661510,2022-07-05,144,ATL,1,138,STL,1,2,2,0.0,2022
661509,2022-07-06,144,ATL,1,138,STL,1,3,3,0.0,2022
661521,2022-07-07,144,ATL,1,138,STL,1,4,4,0.0,2022
661522,2022-07-08,144,ATL,1,120,WSH,1,5,1,0.0,2022
661508,2022-07-09,144,ATL,1,120,WSH,1,6,2,0.0,2022
661520,2022-07-10,144,ATL,1,120,WSH,1,7,3,0.0,2022
661507,2022-07-11,144,ATL,1,121,NYM,1,8,1,0.0,2022
661506,2022-07-12,144,ATL,1,121,NYM,1,9,2,0.0,2022
661505,2022-07-13,144,ATL,1,121,NYM,1,10,3,0.0,2022
662518,2022-07-14,144,ATL,0,120,WSH,1,-1,1,538.869727266714,2022
662516,2022-07-15,144,ATL,0,120,WSH,1,-2,2,0.0,2022
662483,2022-07-16,144,ATL,0,120,WSH,1,-3,3,0.0,2022
662530,2022-07-17,144,ATL,0,120,WSH,1,-4,4,0.0,2022
661504,2022-07-22,144,ATL,1,108,LAA,5,1,1,538.869727266714,2022
661503,2022-07-23,144,ATL,1,108,LAA,1,2,2,0.0,2022
661502,2022-07-24,144,ATL,1,108,LAA,1,3,3,0.0,2022
661555,2022-07-25,144,ATL,0,143,PHI,1,-1,1,660.3458671025634,2022
661563,2022-07-26,144,ATL,0,143,PHI,1,-2,2,0.0,2022
661554,2022-07-27,144,ATL,0,143,PHI,1,-3,3,0.0,2022
661501,2022-07-29,144,ATL,1,109,ARI,2,1,1,660.3458671025634,2022
661499,2022-07-30,144,ATL,1,109,ARI,1,2,2,0.0,2022
661498,2022-07-31,144,ATL,1,109,ARI,1,3,3,0.0,2022
661496,2022-08-02,144,ATL,1,143,PHI,2,4,1,0.0,2022
661500,2022-08-03,144,ATL,1,143,PHI,1,5,2,0.0,2022
662419,2022-08-04,144,ATL,0,121,NYM,1,-1,1,751.1805618659844,2022
662418,2022-08-05,144,ATL,0,121,NYM,1,-2,2,0.0,2022
662499,2022-08-06,144,ATL,0,121,NYM,1,-3,3,0.0,2022
662417,2022-08-06,144,ATL,0,121,NYM,0,-4,4,0.0,2022
662416,2022-08-07,144,ATL,0,121,NYM,1,-5,5,0.0,2022
663201,2022-08-09,144,ATL,0,111,BOS,2,-6,1,179.60743829521417,2022
663188,2022-08-10,144,ATL,0,111,BOS,1,-7,2,0.0,2022
661366,2022-08-12,144,ATL,0,146,MIA,2,-8,1,1256.446953803624,2022
661428,2022-08-13,144,ATL,0,146,MIA,1,-9,2,0.0,2022
661360,2022-08-13,144,ATL,0,146,MIA,0,-10,3,0.0,2022
661338,2022-08-14,144,ATL,0,146,MIA,1,-11,4,0.0,2022
661497,2022-08-15,144,ATL,1,121,NYM,1,1,1,615.50817708501,2022
661495,2022-08-16,144,ATL,1,121,NYM,1,2,2,0.0,2022
661494,2022-08-17,144,ATL,1,121,NYM,1,3,3,0.0,2022
661493,2022-08-18,144,ATL,1,121,NYM,1,4,4,0.0,2022
661492,2022-08-19,144,ATL,1,117,HOU,1,5,1,0.0,2022
661610,2022-08-20,144,ATL,1,117,HOU,1,6,2,0.0,2022
661480,2022-08-21,144,ATL,1,117,HOU,1,7,3,0.0,2022
662394,2022-08-22,144,ATL,0,134,PIT,1,-1,1,515.1605409529744,2022
662383,2022-08-23,144,ATL,0,134,PIT,1,-2,2,0.0,2022
662371,2022-08-24,144,ATL,0,134,PIT,1,-3,3,0.0,2022
661940,2022-08-27,144,ATL,0,138,STL,3,-4,1,556.9698942849304,2022
661939,2022-08-27,144,ATL,0,138,STL,0,-5,2,0.0,2022
661950,2022-08-28,144,ATL,0,138,STL,1,-6,3,0.0,2022
661479,2022-08-30,144,ATL,1,115,COL,2,1,1,456.58876384408995,2022
661478,2022-08-31,144,ATL,1,115,COL,1,2,2,0.0,2022
661477,2022-09-01,144,ATL,1,115,COL,1,3,3,0.0,2022
661476,2022-09-02,144,ATL,1,146,MIA,1,4,1,0.0,2022
661475,2022-09-03,144,ATL,1,146,MIA,1,5,2,0.0,2022
661474,2022-09-04,144,ATL,1,146,MIA,1,6,3,0.0,2022
662313,2022-09-07,144,ATL,0,133,OAK,3,-1,1,2116.4747287111013,2022
662312,2022-09-07,144,ATL,0,133,OAK,0,-2,2,0.0,2022
662136,2022-09-10,144,ATL,0,136,SEA,3,-3,1,679.9392003432476,2022
662088,2022-09-11,144,ATL,0,136,SEA,1,-4,2,0.0,2022
662120,2022-09-11,144,ATL,0,136,SEA,0,-5,3,0.0,2022
662029,2022-09-13,144,ATL,0,137,SF,2,-6,1,678.0468674235019,2022
662027,2022-09-14,144,ATL,0,137,SF,1,-7,2,0.0,2022
662028,2022-09-14,144,ATL,0,137,SF,0,-8,3,0.0,2022
661473,2022-09-16,144,ATL,1,143,PHI,2,1,1,2126.61368269605,2022
661472,2022-09-17,144,ATL,1,143,PHI,1,2,2,0.0,2022
661471,2022-09-18,144,ATL,1,143,PHI,1,3,3,0.0,2022
661470,2022-09-19,144,ATL,1,120,WSH,1,4,1,0.0,2022
661469,2022-09-20,144,ATL,1,120,WSH,1,5,2,0.0,2022
661468,2022-09-21,144,ATL,1,120,WSH,1,6,3,0.0,2022
661609,2022-09-22,144,ATL,0,143,PHI,1,-1,1,660.3458671025634,2022
661587,2022-09-23,144,ATL,0,143,PHI,1,-2,2,0.0,2022
661586,2022-09-24,144,ATL,0,143,PHI,1,-3,3,0.0,2022
661585,2022-09-25,144,ATL,0,143,PHI,1,-4,4,0.0,2022
662460,2022-09-26,144,ATL,0,120,WSH,1,-5,1,121.48691857607562,2022
662489,2022-09-27,144,ATL,0,120,WSH,1,-6,2,0.0,2022
661099,2022-09-28,144,ATL,0,120,WSH,1,-7,3,0.0,2022
661467,2022-09-30,144,ATL,1,121,NYM,2,1,1,538.869727266714,2022
661466,2022-10-01,144,ATL,1,121,NYM,1,2,2,0.0,2022
661465,2022-10-02,144,ATL,1,121,NYM,1,3,3,0.0,2022
661424,2022-10-03,144,ATL,0,146,MIA,1,-1,1,615.50817708501,2022
661423,2022-10-04,144,ATL,0,146,MIA,1,-2,2,0.0,2022
661422,2022-10-05,144,ATL,0,146,MIA,1,-3,3,0.0,2022
662888,2022-04-08,145,CWS,0,116,DET,0,-1,1,237.7264337126216,2022
662864,2022-04-09,145,CWS,0,116,DET,1,-2,2,0.0,2022
662887,2022-04-10,145,CWS,0,116,DET,1,-3,3,0.0,2022
661538,2022-04-12,145,CWS,1,136,SEA,2,1,1,237.7264337126216,2022
661530,2022-04-13,145,CWS,1,136,SEA,1,2,2,0.0,2022
661529,2022-04-14,145,CWS,1,136,SEA,1,3,3,0.0,2022
661528,2022-04-15,145,CWS,1,139,TB,1,4,1,0.0,2022
661527,2022-04-16,145,CWS,1,139,TB,1,5,2,0.0,2022
661462,2022-04-17,145,CWS,1,139,TB,1,6,3,0.0,2022
663094,2022-04-20,145,CWS,0,114,CLE,1,-3,3,0.0,2022
663075,2022-04-20,145,CWS,0,114,CLE,0,-4,4,0.0,2022
663093,2022-04-21,145,CWS,0,114,CLE,1,-5,5,0.0,2022
661755,2022-04-23,145,CWS,0,142,MIN,2,-6,1,630.5553923040089,2022
661752,2022-04-23,145,CWS,0,142,MIN,0,-7,2,0.0,2022
661781,2022-04-24,145,CWS,0,142,MIN,1,-8,3,0.0,2022
661536,2022-04-26,145,CWS,1,118,KC,2,1,1,357.20870712294794,2022
661533,2022-04-27,145,CWS,1,118,KC,1,2,2,0.0,2022
661532,2022-04-28,145,CWS,1,118,KC,1,3,3,0.0,2022
661535,2022-04-29,145,CWS,1,108,LAA,1,4,1,0.0,2022
661534,2022-04-30,145,CWS,1,108,LAA,1,5,2,0.0,2022
661531,2022-05-01,145,CWS,1,108,LAA,1,6,3,0.0,2022
661526,2022-05-02,145,CWS,1,108,LAA,1,7,4,0.0,2022
663165,2022-05-03,145,CWS,0,112,CHC,1,-1,1,8.262413783057372,2022
663164,2022-05-04,145,CWS,0,112,CHC,1,-2,2,0.0,2022
663224,2022-05-06,145,CWS,0,111,BOS,2,-3,1,847.382439361086,2022
663226,2022-05-07,145,CWS,0,111,BOS,1,-4,2,0.0,2022
663278,2022-05-08,145,CWS,0,111,BOS,1,-5,3,0.0,2022
661525,2022-05-10,145,CWS,1,114,CLE,2,1,1,847.3821391741471,2022
661524,2022-05-11,145,CWS,1,114,CLE,1,2,2,0.0,2022
661519,2022-05-13,145,CWS,1,147,NYY,2,4,1,0.0,2022
661491,2022-05-14,145,CWS,1,147,NYY,1,5,2,0.0,2022
661490,2022-05-14,145,CWS,1,147,NYY,0,6,3,0.0,2022
661489,2022-05-15,145,CWS,1,147,NYY,1,7,4,0.0,2022
662728,2022-05-17,145,CWS,0,118,KC,2,-1,1,407.8477881651946,2022
662780,2022-05-17,145,CWS,0,118,KC,0,-2,2,0.0,2022
662727,2022-05-17,145,CWS,0,118,KC,0,-3,3,0.0,2022
662715,2022-05-19,145,CWS,0,118,KC,2,-4,4,0.0,2022
662726,2022-05-19,145,CWS,0,118,KC,0,-5,5,0.0,2022
661289,2022-05-21,145,CWS,0,147,NYY,1,-7,2,0.0,2022
661288,2022-05-22,145,CWS,0,147,NYY,1,-8,3,0.0,2022
661290,2022-05-22,145,CWS,0,147,NYY,0,-9,4,0.0,2022
661488,2022-05-25,145,CWS,1,111,BOS,3,1,1,713.826429908849,2022
661487,2022-05-26,145,CWS,1,111,BOS,1,2,2,0.0,2022
661486,2022-05-27,145,CWS,1,111,BOS,1,3,3,0.0,2022
661518,2022-05-28,145,CWS,1,112,CHC,1,4,1,0.0,2022
661461,2022-05-29,145,CWS,1,112,CHC,1,5,2,0.0,2022
661797,2022-05-31,145,CWS,0,141,TOR,2,-1,1,436.51941913736283,2022
661764,2022-06-01,145,CWS,0,141,TOR,1,-2,2,0.0,2022
661762,2022-06-02,145,CWS,0,141,TOR,1,-3,3,0.0,2022
661897,2022-06-03,145,CWS,0,139,TB,1,-4,1,1111.7297518661444,2022
661896,2022-06-04,145,CWS,0,139,TB,1,-5,2,0.0,2022
661895,2022-06-05,145,CWS,0,139,TB,1,-6,3,0.0,2022
661460,2022-06-08,145,CWS,1,119,LAD,3,1,1,1011.3877112665284,2022
661459,2022-06-09,145,CWS,1,119,LAD,1,2,2,0.0,2022
661458,2022-06-09,145,CWS,1,119,LAD,0,3,3,0.0,2022
661484,2022-06-11,145,CWS,1,140,TEX,2,4,1,0.0,2022
661485,2022-06-11,145,CWS,1,140,TEX,0,5,2,0.0,2022
661483,2022-06-12,145,CWS,1,140,TEX,1,6,3,0.0,2022
662828,2022-06-13,145,CWS,0,116,DET,1,-1,1,237.7264337126216,2022
662884,2022-06-14,145,CWS,0,116,DET,1,-2,2,0.0,2022
662883,2022-06-15,145,CWS,0,116,DET,1,-3,3,0.0,2022
662757,2022-06-18,145,CWS,0,117,HOU,3,-4,1,1105.8761830717617,2022
662752,2022-06-18,145,CWS,0,117,HOU,0,-5,2,0.0,2022
662751,2022-06-19,145,CWS,0,117,HOU,1,-6,3,0.0,2022
661482,2022-06-21,145,CWS,1,141,TOR,2,1,1,938.7707116803103,2022
661457,2022-06-22,145,CWS,1,141,TOR,1,2,2,0.0,2022
661481,2022-06-22,145,CWS,1,141,TOR,0,3,3,0.0,2022
661456,2022-06-24,145,CWS,1,110,BAL,2,4,1,0.0,2022
661455,2022-06-25,145,CWS,1,110,BAL,1,5,2,0.0,2022
661454,2022-06-25,145,CWS,1,110,BAL,0,6,3,0.0,2022
661453,2022-06-26,145,CWS,1,110,BAL,1,7,4,0.0,2022
663440,2022-06-28,145,CWS,0,108,LAA,2,-1,1,1731.3431702590296,2022
663392,2022-06-29,145,CWS,0,108,LAA,1,-2,2,0.0,2022
663396,2022-06-30,145,CWS,0,108,LAA,1,-3,3,0.0,2022
662079,2022-07-02,145,CWS,0,137,SF,2,-4,1,373.21886529538057,2022
662101,2022-07-02,145,CWS,0,137,SF,0,-5,2,0.0,2022
662099,2022-07-03,145,CWS,0,137,SF,1,-6,3,0.0,2022
661452,2022-07-05,145,CWS,1,142,MIN,2,1,1,1853.181136595777,2022
661413,2022-07-06,145,CWS,1,142,MIN,1,2,2,0.0,2022
661426,2022-07-06,145,CWS,1,142,MIN,0,3,3,0.0,2022
661425,2022-07-08,145,CWS,1,116,DET,2,4,1,0.0,2022
661412,2022-07-09,145,CWS,1,116,DET,1,5,2,0.0,2022
661411,2022-07-09,145,CWS,1,116,DET,0,6,3,0.0,2022
661410,2022-07-10,145,CWS,1,116,DET,1,7,4,0.0,2022
662956,2022-07-11,145,CWS,0,114,CLE,1,-1,1,307.8720964038074,2022
663087,2022-07-12,145,CWS,0,114,CLE,1,-2,2,0.0,2022
662976,2022-07-12,145,CWS,0,114,CLE,0,-3,3,0.0,2022
662949,2022-07-13,145,CWS,0,114,CLE,1,-4,4,0.0,2022
661675,2022-07-14,145,CWS,0,142,MIN,1,-5,1,630.5553923040089,2022
661674,2022-07-16,145,CWS,0,142,MIN,2,-6,2,0.0,2022
661673,2022-07-16,145,CWS,0,142,MIN,0,-7,3,0.0,2022
661672,2022-07-17,145,CWS,0,142,MIN,1,-8,4,0.0,2022
661409,2022-07-23,145,CWS,1,114,CLE,6,1,1,357.20870712294794,2022
661523,2022-07-23,145,CWS,1,114,CLE,0,2,2,0.0,2022
661408,2022-07-23,145,CWS,1,114,CLE,0,3,3,0.0,2022
661407,2022-07-24,145,CWS,1,114,CLE,1,4,4,0.0,2022
661079,2022-07-27,145,CWS,0,115,COL,3,-1,1,917.7666362462637,2022
661078,2022-07-27,145,CWS,0,115,COL,0,-2,2,0.0,2022
661451,2022-07-30,145,CWS,1,133,OAK,3,1,1,917.7666362462637,2022
661406,2022-07-30,145,CWS,1,133,OAK,0,2,2,0.0,2022
661388,2022-07-31,145,CWS,1,133,OAK,1,3,3,0.0,2022
661387,2022-08-02,145,CWS,1,118,KC,2,4,1,0.0,2022
661386,2022-08-03,145,CWS,1,118,KC,1,5,2,0.0,2022
661385,2022-08-03,145,CWS,1,118,KC,0,6,3,0.0,2022
661817,2022-08-05,145,CWS,0,140,TEX,2,-1,1,813.378310893269,2022
661816,2022-08-06,145,CWS,0,140,TEX,1,-2,2,0.0,2022
661815,2022-08-06,145,CWS,0,140,TEX,0,-3,3,0.0,2022
661835,2022-08-07,145,CWS,0,140,TEX,1,-4,4,0.0,2022
662779,2022-08-09,145,CWS,0,118,KC,2,-5,1,459.01779323801827,2022
662647,2022-08-09,145,CWS,0,118,KC,0,-6,2,0.0,2022
662639,2022-08-11,145,CWS,0,118,KC,2,-7,3,0.0,2022
662645,2022-08-11,145,CWS,0,118,KC,0,-8,4,0.0,2022
661384,2022-08-12,145,CWS,1,116,DET,1,1,1,407.8477881651946,2022
661383,2022-08-13,145,CWS,1,116,DET,1,2,2,0.0,2022
661450,2022-08-14,145,CWS,1,116,DET,1,3,3,0.0,2022
661449,2022-08-16,145,CWS,1,117,HOU,2,4,1,0.0,2022
661448,2022-08-17,145,CWS,1,117,HOU,1,5,2,0.0,2022
661446,2022-08-18,145,CWS,1,117,HOU,1,6,3,0.0,2022
661447,2022-08-18,145,CWS,1,117,HOU,0,7,4,0.0,2022
662936,2022-08-19,145,CWS,0,114,CLE,1,-1,1,307.8720964038074,2022
662953,2022-08-20,145,CWS,0,114,CLE,1,-2,2,0.0,2022
662767,2022-08-22,145,CWS,0,118,KC,1,-4,1,694.6429853897519,2022
663461,2022-08-23,145,CWS,0,110,BAL,1,-5,1,955.2837530445377,2022
663460,2022-08-24,145,CWS,0,110,BAL,1,-6,2,0.0,2022
663459,2022-08-25,145,CWS,0,110,BAL,1,-7,3,0.0,2022
661445,2022-08-27,145,CWS,1,109,ARI,2,1,1,603.7749623343499,2022
661444,2022-08-27,145,CWS,1,109,ARI,0,2,2,0.0,2022
661443,2022-08-28,145,CWS,1,109,ARI,1,3,3,0.0,2022
661442,2022-08-31,145,CWS,1,118,KC,3,4,1,0.0,2022
661441,2022-09-01,145,CWS,1,118,KC,1,5,2,0.0,2022
661440,2022-09-01,145,CWS,1,118,KC,0,6,3,0.0,2022
661439,2022-09-03,145,CWS,1,142,MIN,2,7,1,0.0,2022
661438,2022-09-03,145,CWS,1,142,MIN,0,8,2,0.0,2022
661437,2022-09-04,145,CWS,1,142,MIN,1,9,3,0.0,2022
662121,2022-09-05,145,CWS,0,136,SEA,1,-1,1,1734.2639498746735,2022
662138,2022-09-07,145,CWS,0,136,SEA,2,-2,2,0.0,2022
662137,2022-09-07,145,CWS,0,136,SEA,0,-3,3,0.0,2022
662334,2022-09-09,145,CWS,0,133,OAK,2,-4,1,679.9392003432476,2022
662322,2022-09-10,145,CWS,0,133,OAK,1,-5,2,0.0,2022
662333,2022-09-10,145,CWS,0,133,OAK,0,-6,3,0.0,2022
662323,2022-09-11,145,CWS,0,133,OAK,1,-7,4,0.0,2022
661436,2022-09-14,145,CWS,1,115,COL,3,1,1,1844.1022325602153,2022
661435,2022-09-14,145,CWS,1,115,COL,0,2,2,0.0,2022
662974,2022-09-15,145,CWS,0,114,CLE,1,-1,1,307.8720964038074,2022
662781,2022-09-16,145,CWS,0,116,DET,1,-2,1,91.12804978214932,2022
662784,2022-09-17,145,CWS,0,116,DET,1,-3,2,0.0,2022
662783,2022-09-18,145,CWS,0,116,DET,1,-4,3,0.0,2022
661434,2022-09-21,145,CWS,1,114,CLE,3,1,1,237.7264337126216,2022
661433,2022-09-22,145,CWS,1,114,CLE,1,2,2,0.0,2022
661432,2022-09-23,145,CWS,1,114,CLE,1,3,3,0.0,2022
661431,2022-09-24,145,CWS,1,116,DET,1,4,1,0.0,2022
661430,2022-09-24,145,CWS,1,116,DET,0,5,2,0.0,2022
661429,2022-09-25,145,CWS,1,116,DET,1,6,3,0.0,2022
661666,2022-09-27,145,CWS,0,142,MIN,2,-1,1,357.20870712294794,2022
661133,2022-09-28,145,CWS,0,142,MIN,1,-2,2,0.0,2022
661132,2022-09-29,145,CWS,0,142,MIN,1,-3,3,0.0,2022
662208,2022-10-01,145,CWS,0,135,SD,2,-4,1,1530.561766187142,2022
662190,2022-10-02,145,CWS,0,135,SD,1,-5,2,0.0,2022
662207,2022-10-02,145,CWS,0,135,SD,0,-6,3,0.0,2022
661464,2022-10-04,145,CWS,1,142,MIN,2,1,1,1730.856111183581,2022
661463,2022-10-05,145,CWS,1,142,MIN,1,2,2,0.0,2022
661427,2022-10-05,145,CWS,1,142,MIN,0,3,3,0.0,2022
662124,2022-04-08,146,MIA,0,137,SF,0,-1,1,2587.455596996607,2022
662123,2022-04-09,146,MIA,0,137,SF,1,-2,2,0.0,2022
662122,2022-04-10,146,MIA,0,137,SF,1,-3,3,0.0,2022
661036,2022-04-12,146,MIA,0,108,LAA,2,-4,1,373.21886529538057,2022
661038,2022-04-12,146,MIA,0,108,LAA,0,-5,2,0.0,2022
661418,2022-04-14,146,MIA,1,143,PHI,2,1,1,2311.9053929488978,2022
661417,2022-04-15,146,MIA,1,143,PHI,1,2,2,0.0,2022
661416,2022-04-16,146,MIA,1,143,PHI,1,3,3,0.0,2022
661415,2022-04-17,146,MIA,1,143,PHI,1,4,4,0.0,2022
661405,2022-04-19,146,MIA,1,138,STL,2,5,1,0.0,2022
661404,2022-04-20,146,MIA,1,138,STL,1,6,2,0.0,2022
661391,2022-04-21,146,MIA,1,138,STL,1,7,3,0.0,2022
661569,2022-04-22,146,MIA,0,144,ATL,1,-1,1,615.50817708501,2022
661568,2022-04-23,146,MIA,0,144,ATL,1,-2,2,0.0,2022
661590,2022-04-24,146,MIA,0,144,ATL,1,-3,3,0.0,2022
662540,2022-04-26,146,MIA,0,120,WSH,2,-4,1,538.869727266714,2022
662546,2022-04-27,146,MIA,0,120,WSH,1,-5,2,0.0,2022
662538,2022-04-28,146,MIA,0,120,WSH,1,-6,3,0.0,2022
661390,2022-04-29,146,MIA,1,136,SEA,1,1,1,923.8773279819753,2022
661389,2022-04-30,146,MIA,1,136,SEA,1,2,2,0.0,2022
661365,2022-05-01,146,MIA,1,136,SEA,1,3,3,0.0,2022
661362,2022-05-02,146,MIA,1,109,ARI,1,4,1,0.0,2022
661364,2022-05-03,146,MIA,1,109,ARI,1,5,2,0.0,2022
661363,2022-05-04,146,MIA,1,109,ARI,1,6,3,0.0,2022
662262,2022-05-06,146,MIA,0,135,SD,2,-1,1,2266.0145326444363,2022
662272,2022-05-07,146,MIA,0,135,SD,1,-2,2,0.0,2022
662261,2022-05-08,146,MIA,0,135,SD,1,-3,3,0.0,2022
662260,2022-05-08,146,MIA,0,135,SD,0,-4,4,0.0,2022
663366,2022-05-10,146,MIA,0,109,ARI,2,-5,1,299.07000924838377,2022
663358,2022-05-11,146,MIA,0,109,ARI,1,-6,2,0.0,2022
663350,2022-05-11,146,MIA,0,109,ARI,0,-7,3,0.0,2022
661361,2022-05-13,146,MIA,1,158,MIL,2,1,1,1976.4824704501402,2022
661414,2022-05-14,146,MIA,1,158,MIL,1,2,2,0.0,2022
661403,2022-05-15,146,MIA,1,158,MIL,1,3,3,0.0,2022
661402,2022-05-16,146,MIA,1,120,WSH,1,4,1,0.0,2022
661401,2022-05-17,146,MIA,1,120,WSH,1,5,2,0.0,2022
661400,2022-05-18,146,MIA,1,120,WSH,1,6,3,0.0,2022
661339,2022-05-20,146,MIA,1,144,ATL,2,7,1,0.0,2022
661399,2022-05-21,146,MIA,1,144,ATL,1,8,2,0.0,2022
661398,2022-05-22,146,MIA,1,144,ATL,1,9,3,0.0,2022
661978,2022-05-24,146,MIA,0,139,TB,2,-1,1,203.5855811594844,2022
662052,2022-05-25,146,MIA,0,139,TB,1,-2,2,0.0,2022
661539,2022-05-27,146,MIA,0,144,ATL,2,-3,1,436.50640754877156,2022
661537,2022-05-28,146,MIA,0,144,ATL,1,-4,2,0.0,2022
661517,2022-05-29,146,MIA,0,144,ATL,1,-5,3,0.0,2022
662992,2022-05-30,146,MIA,0,115,COL,1,-6,1,1202.1860715929813,2022
662981,2022-06-01,146,MIA,0,115,COL,0,-8,3,0.0,2022
662991,2022-06-01,146,MIA,0,115,COL,0,-9,4,0.0,2022
661397,2022-06-02,146,MIA,1,137,SF,1,1,1,1723.9912128319143,2022
661396,2022-06-03,146,MIA,1,137,SF,1,2,2,0.0,2022
661395,2022-06-04,146,MIA,1,137,SF,1,3,3,0.0,2022
661394,2022-06-05,146,MIA,1,137,SF,1,4,4,0.0,2022
661169,2022-06-07,146,MIA,1,120,WSH,2,5,1,0.0,2022
661150,2022-06-08,146,MIA,1,120,WSH,1,6,2,0.0,2022
661149,2022-06-09,146,MIA,1,120,WSH,1,7,3,0.0,2022
662759,2022-06-11,146,MIA,0,117,HOU,2,-1,1,964.5038276054531,2022
662756,2022-06-11,146,MIA,0,117,HOU,0,-2,2,0.0,2022
662758,2022-06-12,146,MIA,0,117,HOU,1,-3,3,0.0,2022
661629,2022-06-13,146,MIA,0,143,PHI,1,-4,1,1337.9314503801108,2022
661616,2022-06-14,146,MIA,0,143,PHI,1,-5,2,0.0,2022
661583,2022-06-15,146,MIA,0,143,PHI,1,-6,3,0.0,2022
662534,2022-06-17,146,MIA,0,121,NYM,2,-7,1,91.08673366367736,2022
662533,2022-06-18,146,MIA,0,121,NYM,1,-8,2,0.0,2022
662532,2022-06-19,146,MIA,0,121,NYM,1,-9,3,0.0,2022
662522,2022-06-20,146,MIA,0,121,NYM,1,-10,4,0.0,2022
661148,2022-06-21,146,MIA,1,115,COL,1,1,1,1097.7414335980382,2022
661393,2022-06-22,146,MIA,1,115,COL,1,2,2,0.0,2022
661392,2022-06-23,146,MIA,1,115,COL,1,3,3,0.0,2022
661382,2022-06-24,146,MIA,1,121,NYM,1,4,1,0.0,2022
661381,2022-06-25,146,MIA,1,121,NYM,1,5,2,0.0,2022
661380,2022-06-26,146,MIA,1,121,NYM,1,6,3,0.0,2022
661968,2022-06-27,146,MIA,0,138,STL,1,-1,1,1060.3584631013382,2022
661967,2022-06-28,146,MIA,0,138,STL,1,-2,2,0.0,2022
661134,2022-06-29,146,MIA,0,138,STL,1,-3,3,0.0,2022
662492,2022-07-01,146,MIA,0,120,WSH,2,-4,1,710.1515945615764,2022
662482,2022-07-02,146,MIA,0,120,WSH,1,-5,2,0.0,2022
662486,2022-07-03,146,MIA,0,120,WSH,1,-6,3,0.0,2022
662541,2022-07-04,146,MIA,0,120,WSH,1,-7,4,0.0,2022
661379,2022-07-05,146,MIA,1,108,LAA,1,1,1,923.8773279819753,2022
661378,2022-07-06,146,MIA,1,108,LAA,1,2,2,0.0,2022
662508,2022-07-07,146,MIA,0,121,NYM,1,-1,1,1097.7414335980382,2022
662498,2022-07-08,146,MIA,0,121,NYM,1,-2,2,0.0,2022
662497,2022-07-09,146,MIA,0,121,NYM,1,-3,3,0.0,2022
662496,2022-07-10,146,MIA,0,121,NYM,1,-4,4,0.0,2022
661324,2022-07-11,146,MIA,1,134,PIT,1,1,1,1097.7414335980382,2022
661377,2022-07-12,146,MIA,1,134,PIT,1,2,2,0.0,2022
661376,2022-07-13,146,MIA,1,134,PIT,1,3,3,0.0,2022
661375,2022-07-14,146,MIA,1,134,PIT,1,4,4,0.0,2022
661374,2022-07-15,146,MIA,1,143,PHI,1,5,1,0.0,2022
661359,2022-07-16,146,MIA,1,143,PHI,1,6,2,0.0,2022
661373,2022-07-17,146,MIA,1,143,PHI,1,7,3,0.0,2022
661421,2022-07-21,146,MIA,1,140,TEX,4,8,1,0.0,2022
662327,2022-07-22,146,MIA,0,134,PIT,1,-1,1,1013.6533818001047,2022
662436,2022-07-23,146,MIA,0,134,PIT,1,-2,2,0.0,2022
662357,2022-07-24,146,MIA,0,134,PIT,1,-3,3,0.0,2022
663046,2022-07-25,146,MIA,0,113,CIN,1,-4,1,256.6044671740272,2022
663029,2022-07-26,146,MIA,0,113,CIN,1,-5,2,0.0,2022
663028,2022-07-27,146,MIA,0,113,CIN,1,-6,3,0.0,2022
663027,2022-07-28,146,MIA,0,113,CIN,1,-7,4,0.0,2022
661372,2022-07-29,146,MIA,1,121,NYM,1,1,1,953.4072522903118,2022
661371,2022-07-30,146,MIA,1,121,NYM,1,2,2,0.0,2022
661370,2022-07-31,146,MIA,1,121,NYM,1,3,3,0.0,2022
661369,2022-08-01,146,MIA,1,113,CIN,1,4,1,0.0,2022
661368,2022-08-02,146,MIA,1,113,CIN,1,5,2,0.0,2022
661367,2022-08-03,146,MIA,1,113,CIN,1,6,3,0.0,2022
661063,2022-08-05,146,MIA,0,112,CHC,2,-1,1,1194.7816200111963,2022
661062,2022-08-06,146,MIA,0,112,CHC,1,-2,2,0.0,2022
661061,2022-08-07,146,MIA,0,112,CHC,1,-3,3,0.0,2022
661553,2022-08-09,146,MIA,0,143,PHI,2,-4,1,666.436342674126,2022
661557,2022-08-10,146,MIA,0,143,PHI,1,-5,2,0.0,2022
661608,2022-08-11,146,MIA,0,143,PHI,1,-6,3,0.0,2022
661366,2022-08-12,146,MIA,1,144,ATL,1,1,1,1018.8446832841317,2022
661428,2022-08-13,146,MIA,1,144,ATL,1,2,2,0.0,2022
661360,2022-08-13,146,MIA,1,144,ATL,0,3,3,0.0,2022
661338,2022-08-14,146,MIA,1,144,ATL,1,4,4,0.0,2022
661358,2022-08-15,146,MIA,1,135,SD,1,5,1,0.0,2022
661357,2022-08-16,146,MIA,1,135,SD,1,6,2,0.0,2022
661356,2022-08-17,146,MIA,1,135,SD,1,7,3,0.0,2022
662574,2022-08-20,146,MIA,0,119,LAD,3,-1,1,2333.5805728602445,2022
662561,2022-08-21,146,MIA,0,119,LAD,1,-2,2,0.0,2022
662600,2022-08-21,146,MIA,0,119,LAD,0,-3,3,0.0,2022
662314,2022-08-23,146,MIA,0,133,OAK,2,-4,1,337.12266209703967,2022
662339,2022-08-24,146,MIA,0,133,OAK,1,-5,2,0.0,2022
662338,2022-08-24,146,MIA,0,133,OAK,0,-6,3,0.0,2022
661355,2022-08-26,146,MIA,1,119,LAD,2,1,1,2577.0014954365984,2022
661354,2022-08-27,146,MIA,1,119,LAD,1,2,2,0.0,2022
661353,2022-08-28,146,MIA,1,119,LAD,1,3,3,0.0,2022
661352,2022-08-29,146,MIA,1,119,LAD,1,4,4,0.0,2022
661351,2022-08-30,146,MIA,1,139,TB,1,5,1,0.0,2022
661350,2022-08-31,146,MIA,1,139,TB,1,6,2,0.0,2022
661476,2022-09-02,146,MIA,0,144,ATL,2,-1,1,615.50817708501,2022
661475,2022-09-03,146,MIA,0,144,ATL,1,-2,2,0.0,2022
661474,2022-09-04,146,MIA,0,144,ATL,1,-3,3,0.0,2022
661597,2022-09-06,146,MIA,0,143,PHI,2,-4,1,660.3458671025634,2022
661596,2022-09-07,146,MIA,0,143,PHI,1,-5,2,0.0,2022
661595,2022-09-08,146,MIA,0,143,PHI,1,-6,3,0.0,2022
661337,2022-09-09,146,MIA,1,121,NYM,1,1,1,1018.8446832841317,2022
661323,2022-09-10,146,MIA,1,121,NYM,1,2,2,0.0,2022
661322,2022-09-11,146,MIA,1,121,NYM,1,3,3,0.0,2022
661420,2022-09-12,146,MIA,1,140,TEX,1,4,1,0.0,2022
661419,2022-09-12,146,MIA,1,140,TEX,0,5,2,0.0,2022
661320,2022-09-13,146,MIA,1,143,PHI,1,6,1,0.0,2022
661336,2022-09-14,146,MIA,1,143,PHI,1,7,2,0.0,2022
661321,2022-09-15,146,MIA,1,143,PHI,1,8,3,0.0,2022
662490,2022-09-16,146,MIA,0,120,WSH,1,-1,1,923.8773279819753,2022
662462,2022-09-17,146,MIA,0,120,WSH,1,-2,2,0.0,2022
662461,2022-09-18,146,MIA,0,120,WSH,1,-3,3,0.0,2022
661299,2022-09-19,146,MIA,1,112,CHC,1,1,1,923.8773279819753,2022
661298,2022-09-20,146,MIA,1,112,CHC,1,2,2,0.0,2022
661297,2022-09-21,146,MIA,1,112,CHC,1,3,3,0.0,2022
661296,2022-09-23,146,MIA,1,120,WSH,2,4,1,0.0,2022
661295,2022-09-24,146,MIA,1,120,WSH,1,5,2,0.0,2022
661294,2022-09-25,146,MIA,1,120,WSH,1,6,3,0.0,2022
662401,2022-09-27,146,MIA,0,121,NYM,2,-1,1,1097.7414335980382,2022
662400,2022-09-28,146,MIA,0,121,NYM,1,-2,2,0.0,2022
661156,2022-09-29,146,MIA,0,158,MIL,1,-3,1,742.3438729688163,2022
661157,2022-10-01,146,MIA,0,158,MIL,2,-4,2,0.0,2022
661152,2022-10-01,146,MIA,0,158,MIL,0,-5,3,0.0,2022
661153,2022-10-02,146,MIA,0,158,MIL,1,-6,4,0.0,2022
661424,2022-10-03,146,MIA,1,144,ATL,1,1,1,1269.7716502102464,2022
661423,2022-10-04,146,MIA,1,144,ATL,1,2,2,0.0,2022
661422,2022-10-05,146,MIA,1,144,ATL,1,3,3,0.0,2022
661333,2022-04-08,147,NYY,1,111,BOS,1,2,2,0.0,2022
661332,2022-04-09,147,NYY,1,111,BOS,1,3,3,0.0,2022
661316,2022-04-10,147,NYY,1,111,BOS,1,4,4,0.0,2022
661315,2022-04-11,147,NYY,1,141,TOR,1,5,1,0.0,2022
661314,2022-04-12,147,NYY,1,141,TOR,1,6,2,0.0,2022
661313,2022-04-13,147,NYY,1,141,TOR,1,7,3,0.0,2022
661312,2022-04-14,147,NYY,1,141,TOR,1,8,4,0.0,2022
663357,2022-04-15,147,NYY,0,110,BAL,1,-1,1,178.12306591164185,2022
663266,2022-04-16,147,NYY,0,110,BAL,1,-2,2,0.0,2022
663365,2022-04-17,147,NYY,0,110,BAL,1,-3,3,0.0,2022
662896,2022-04-19,147,NYY,0,116,DET,2,-4,1,396.72723870572077,2022
662861,2022-04-20,147,NYY,0,116,DET,1,-5,2,0.0,2022
662850,2022-04-21,147,NYY,0,116,DET,1,-6,3,0.0,2022
661311,2022-04-22,147,NYY,1,114,CLE,1,1,1,482.6121717715705,2022
661310,2022-04-23,147,NYY,1,114,CLE,1,2,2,0.0,2022
661317,2022-04-24,147,NYY,1,114,CLE,1,3,3,0.0,2022
661309,2022-04-26,147,NYY,1,110,BAL,2,4,1,0.0,2022
661306,2022-04-27,147,NYY,1,110,BAL,1,5,2,0.0,2022
661305,2022-04-28,147,NYY,1,110,BAL,1,6,3,0.0,2022
662797,2022-04-30,147,NYY,0,118,KC,2,-1,1,1093.2758575684966,2022
662741,2022-04-30,147,NYY,0,118,KC,0,-2,2,0.0,2022
662691,2022-05-01,147,NYY,0,118,KC,1,-3,3,0.0,2022
661823,2022-05-02,147,NYY,0,141,TOR,1,-4,1,843.0534764751171,2022
661796,2022-05-03,147,NYY,0,141,TOR,1,-5,2,0.0,2022
661795,2022-05-04,147,NYY,0,141,TOR,1,-6,3,0.0,2022
661302,2022-05-08,147,NYY,1,140,TEX,1,3,3,0.0,2022
661304,2022-05-08,147,NYY,1,140,TEX,0,4,4,0.0,2022
661303,2022-05-09,147,NYY,1,140,TEX,1,5,5,0.0,2022
661301,2022-05-10,147,NYY,1,141,TOR,1,6,1,0.0,2022
661300,2022-05-11,147,NYY,1,141,TOR,1,7,2,0.0,2022
661519,2022-05-13,147,NYY,0,145,CWS,2,-1,1,713.826429908849,2022
661491,2022-05-14,147,NYY,0,145,CWS,1,-2,2,0.0,2022
661490,2022-05-14,147,NYY,0,145,CWS,0,-3,3,0.0,2022
661489,2022-05-15,147,NYY,0,145,CWS,1,-4,4,0.0,2022
661308,2022-05-16,147,NYY,0,110,BAL,1,-5,1,603.7749623343499,2022
661342,2022-05-17,147,NYY,0,110,BAL,1,-6,2,0.0,2022
661344,2022-05-18,147,NYY,0,110,BAL,1,-7,3,0.0,2022
661347,2022-05-19,147,NYY,0,110,BAL,1,-8,4,0.0,2022
661289,2022-05-21,147,NYY,1,145,CWS,1,2,2,0.0,2022
661288,2022-05-22,147,NYY,1,145,CWS,1,3,3,0.0,2022
661290,2022-05-22,147,NYY,1,145,CWS,0,4,4,0.0,2022
661287,2022-05-23,147,NYY,1,110,BAL,1,5,1,0.0,2022
661285,2022-05-24,147,NYY,1,110,BAL,1,6,2,0.0,2022
661286,2022-05-25,147,NYY,1,110,BAL,1,7,3,0.0,2022
662051,2022-05-26,147,NYY,0,139,TB,1,-1,1,1029.5381159096478,2022
661960,2022-05-27,147,NYY,0,139,TB,1,-2,2,0.0,2022
661933,2022-05-28,147,NYY,0,139,TB,1,-3,3,0.0,2022
661910,2022-05-29,147,NYY,0,139,TB,1,-4,4,0.0,2022
661331,2022-05-31,147,NYY,1,108,LAA,2,1,1,1029.5381159096478,2022
661330,2022-06-02,147,NYY,1,108,LAA,1,3,3,0.0,2022
661329,2022-06-02,147,NYY,1,108,LAA,0,4,4,0.0,2022
661318,2022-06-03,147,NYY,1,116,DET,1,5,1,0.0,2022
661278,2022-06-04,147,NYY,1,116,DET,1,6,2,0.0,2022
661277,2022-06-05,147,NYY,1,116,DET,1,7,3,0.0,2022
661693,2022-06-07,147,NYY,0,142,MIN,2,-1,1,1017.7624974211766,2022
661681,2022-06-08,147,NYY,0,142,MIN,1,-2,2,0.0,2022
661697,2022-06-09,147,NYY,0,142,MIN,1,-3,3,0.0,2022
661284,2022-06-10,147,NYY,1,112,CHC,1,1,1,1017.7624974211766,2022
661276,2022-06-11,147,NYY,1,112,CHC,1,2,2,0.0,2022
661270,2022-06-12,147,NYY,1,112,CHC,1,3,3,0.0,2022
661328,2022-06-14,147,NYY,1,139,TB,2,4,1,0.0,2022
661327,2022-06-15,147,NYY,1,139,TB,1,5,2,0.0,2022
661326,2022-06-16,147,NYY,1,139,TB,1,6,3,0.0,2022
661742,2022-06-17,147,NYY,0,141,TOR,1,-1,1,340.2685304486618,2022
661748,2022-06-18,147,NYY,0,141,TOR,1,-2,2,0.0,2022
661741,2022-06-19,147,NYY,0,141,TOR,1,-3,3,0.0,2022
661893,2022-06-20,147,NYY,0,139,TB,1,-4,1,1111.7297518661444,2022
661890,2022-06-21,147,NYY,0,139,TB,1,-5,2,0.0,2022
661889,2022-06-22,147,NYY,0,139,TB,1,-6,3,0.0,2022
661325,2022-06-23,147,NYY,1,117,HOU,1,1,1,1029.5381159096478,2022
661274,2022-06-24,147,NYY,1,117,HOU,1,2,2,0.0,2022
661271,2022-06-25,147,NYY,1,117,HOU,1,3,3,0.0,2022
661273,2022-06-26,147,NYY,1,117,HOU,1,4,4,0.0,2022
661275,2022-06-27,147,NYY,1,133,OAK,1,5,1,0.0,2022
661272,2022-06-28,147,NYY,1,133,OAK,1,6,2,0.0,2022
661263,2022-06-29,147,NYY,1,133,OAK,1,7,3,0.0,2022
662788,2022-06-30,147,NYY,0,117,HOU,1,-1,1,1424.3629806468848,2022
662954,2022-07-02,147,NYY,0,114,CLE,1,-3,2,0.0,2022
662964,2022-07-02,147,NYY,0,114,CLE,0,-4,3,0.0,2022
662957,2022-07-03,147,NYY,0,114,CLE,1,-5,4,0.0,2022
662329,2022-07-05,147,NYY,0,134,PIT,2,-6,1,113.72517024270446,2022
662328,2022-07-06,147,NYY,0,134,PIT,1,-7,2,0.0,2022
663233,2022-07-07,147,NYY,0,111,BOS,1,-8,1,479.7911670433808,2022
663202,2022-07-08,147,NYY,0,111,BOS,1,-9,2,0.0,2022
663223,2022-07-09,147,NYY,0,111,BOS,1,-10,3,0.0,2022
663232,2022-07-10,147,NYY,0,111,BOS,1,-11,4,0.0,2022
661262,2022-07-12,147,NYY,1,113,CIN,2,1,1,179.88456828974768,2022
661269,2022-07-13,147,NYY,1,113,CIN,1,2,2,0.0,2022
661261,2022-07-14,147,NYY,1,113,CIN,1,3,3,0.0,2022
661260,2022-07-15,147,NYY,1,111,BOS,1,4,1,0.0,2022
661259,2022-07-16,147,NYY,1,111,BOS,1,5,2,0.0,2022
661258,2022-07-17,147,NYY,1,111,BOS,1,6,3,0.0,2022
662776,2022-07-21,147,NYY,0,117,HOU,4,-1,1,1424.3629806468848,2022
662775,2022-07-21,147,NYY,0,117,HOU,0,-2,2,0.0,2022
661072,2022-07-22,147,NYY,0,110,BAL,1,-3,1,1249.46334342378,2022
661057,2022-07-23,147,NYY,0,110,BAL,1,-4,2,0.0,2022
661056,2022-07-24,147,NYY,0,110,BAL,1,-5,3,0.0,2022
662438,2022-07-26,147,NYY,0,121,NYM,2,-6,1,178.7068782315623,2022
662420,2022-07-27,147,NYY,0,121,NYM,1,-7,2,0.0,2022
661257,2022-07-28,147,NYY,1,118,KC,1,1,1,6.541035356047549,2022
661256,2022-07-29,147,NYY,1,118,KC,1,2,2,0.0,2022
661255,2022-07-30,147,NYY,1,118,KC,1,3,3,0.0,2022
661254,2022-07-31,147,NYY,1,118,KC,1,4,4,0.0,2022
661268,2022-08-01,147,NYY,1,136,SEA,1,5,1,0.0,2022
661253,2022-08-02,147,NYY,1,136,SEA,1,6,2,0.0,2022
661293,2022-08-03,147,NYY,1,136,SEA,1,7,3,0.0,2022
661946,2022-08-06,147,NYY,0,138,STL,3,-1,1,876.4777308955582,2022
661949,2022-08-06,147,NYY,0,138,STL,0,-2,2,0.0,2022
661948,2022-08-07,147,NYY,0,138,STL,1,-3,3,0.0,2022
662152,2022-08-09,147,NYY,0,136,SEA,2,-4,1,1720.6847673970585,2022
662148,2022-08-10,147,NYY,0,136,SEA,1,-5,2,0.0,2022
662185,2022-08-10,147,NYY,0,136,SEA,0,-6,3,0.0,2022
663177,2022-08-12,147,NYY,0,111,BOS,2,-7,1,2484.5557470593844,2022
663176,2022-08-13,147,NYY,0,111,BOS,1,-8,2,0.0,2022
663175,2022-08-14,147,NYY,0,111,BOS,1,-9,3,0.0,2022
661283,2022-08-15,147,NYY,1,139,TB,1,1,1,179.88456828974768,2022
661250,2022-08-16,147,NYY,1,139,TB,1,2,2,0.0,2022
661266,2022-08-17,147,NYY,1,139,TB,1,3,3,0.0,2022
661265,2022-08-18,147,NYY,1,141,TOR,1,4,1,0.0,2022
661319,2022-08-19,147,NYY,1,141,TOR,1,5,2,0.0,2022
661240,2022-08-20,147,NYY,1,141,TOR,1,6,3,0.0,2022
661239,2022-08-21,147,NYY,1,141,TOR,1,7,4,0.0,2022
661238,2022-08-22,147,NYY,1,121,NYM,1,8,1,0.0,2022
661237,2022-08-23,147,NYY,1,121,NYM,1,9,2,0.0,2022
662337,2022-08-26,147,NYY,0,133,OAK,3,-1,1,2557.66201940974,2022
662342,2022-08-27,147,NYY,0,133,OAK,1,-2,2,0.0,2022
662336,2022-08-28,147,NYY,0,133,OAK,1,-3,3,0.0,2022
662335,2022-08-28,147,NYY,0,133,OAK,0,-4,4,0.0,2022
663424,2022-08-30,147,NYY,0,108,LAA,2,-5,1,364.7793033141838,2022
663437,2022-08-31,147,NYY,0,108,LAA,1,-6,2,0.0,2022
663410,2022-09-01,147,NYY,0,108,LAA,1,-7,3,0.0,2022
661855,2022-09-02,147,NYY,0,139,TB,1,-8,1,2121.7324696841006,2022
661854,2022-09-03,147,NYY,0,139,TB,1,-9,2,0.0,2022
661853,2022-09-04,147,NYY,0,139,TB,1,-10,3,0.0,2022
661236,2022-09-05,147,NYY,1,142,MIN,1,1,1,1029.5381159096478,2022
661251,2022-09-07,147,NYY,1,142,MIN,1,3,3,0.0,2022
661235,2022-09-07,147,NYY,1,142,MIN,0,4,4,0.0,2022
661252,2022-09-08,147,NYY,1,142,MIN,1,5,5,0.0,2022
661234,2022-09-09,147,NYY,1,139,TB,1,6,1,0.0,2022
661282,2022-09-10,147,NYY,1,139,TB,1,7,2,0.0,2022
661232,2022-09-11,147,NYY,1,139,TB,1,8,3,0.0,2022
663160,2022-09-13,147,NYY,0,111,BOS,2,-1,1,179.88456828974768,2022
663159,2022-09-14,147,NYY,0,111,BOS,1,-2,2,0.0,2022
661164,2022-09-17,147,NYY,0,158,MIL,3,-3,1,856.8965719703916,2022
661163,2022-09-17,147,NYY,0,158,MIL,0,-4,2,0.0,2022
661162,2022-09-18,147,NYY,0,158,MIL,1,-5,3,0.0,2022
661229,2022-09-20,147,NYY,1,134,PIT,2,1,1,736.8762860400252,2022
661228,2022-09-21,147,NYY,1,134,PIT,1,2,2,0.0,2022
661243,2022-09-22,147,NYY,1,111,BOS,1,3,1,0.0,2022
661222,2022-09-23,147,NYY,1,111,BOS,1,4,2,0.0,2022
661221,2022-09-24,147,NYY,1,111,BOS,1,5,3,0.0,2022
661220,2022-09-25,147,NYY,1,111,BOS,1,6,4,0.0,2022
661768,2022-09-26,147,NYY,0,141,TOR,1,-1,1,340.2685304486618,2022
661778,2022-09-27,147,NYY,0,141,TOR,1,-2,2,0.0,2022
661737,2022-09-28,147,NYY,0,141,TOR,1,-3,3,0.0,2022
661218,2022-09-30,147,NYY,1,110,BAL,2,1,1,340.2685304486618,2022
661217,2022-10-01,147,NYY,1,110,BAL,1,2,2,0.0,2022
661215,2022-10-02,147,NYY,1,110,BAL,1,3,3,0.0,2022
662044,2022-10-03,147,NYY,0,140,TEX,1,-1,1,1392.1915186769138,2022
662062,2022-10-04,147,NYY,0,140,TEX,1,-2,2,0.0,2022
662010,2022-10-05,147,NYY,0,140,TEX,1,-3,3,0.0,2022
661996,2022-10-05,147,NYY,0,140,TEX,0,-4,4,0.0,2022
663178,2022-04-07,158,MIL,0,112,CHC,0,-1,1,76.31439882124853,2022
663205,2022-04-09,158,MIL,0,112,CHC,1,-3,3,0.0,2022
663204,2022-04-10,158,MIL,0,112,CHC,1,-4,4,0.0,2022
663403,2022-04-11,158,MIL,0,110,BAL,1,-5,1,606.7810333018485,2022
663295,2022-04-12,158,MIL,0,110,BAL,1,-6,2,0.0,2022
663433,2022-04-13,158,MIL,0,110,BAL,1,-7,3,0.0,2022
661292,2022-04-14,158,MIL,1,138,STL,1,1,1,643.9453251330319,2022
661335,2022-04-16,158,MIL,1,138,STL,2,2,2,0.0,2022
661267,2022-04-16,158,MIL,1,138,STL,0,3,3,0.0,2022
661226,2022-04-17,158,MIL,1,138,STL,1,4,4,0.0,2022
661242,2022-04-18,158,MIL,1,134,PIT,1,5,1,0.0,2022
661211,2022-04-19,158,MIL,1,134,PIT,1,6,2,0.0,2022
661203,2022-04-20,158,MIL,1,134,PIT,1,7,3,0.0,2022
661621,2022-04-22,158,MIL,0,143,PHI,2,-1,1,696.3664086049965,2022
661620,2022-04-23,158,MIL,0,143,PHI,1,-2,2,0.0,2022
661640,2022-04-24,158,MIL,0,143,PHI,1,-3,3,0.0,2022
661210,2022-04-25,158,MIL,1,137,SF,1,1,1,696.3664086049965,2022
662297,2022-04-26,158,MIL,0,134,PIT,1,-1,1,447.5172990364866,2022
662289,2022-04-27,158,MIL,0,134,PIT,1,-2,2,0.0,2022
662295,2022-04-28,158,MIL,0,134,PIT,1,-3,3,0.0,2022
661209,2022-04-30,158,MIL,1,112,CHC,2,1,1,447.5172990364866,2022
661208,2022-04-30,158,MIL,1,112,CHC,0,2,2,0.0,2022
661216,2022-05-01,158,MIL,1,112,CHC,1,3,3,0.0,2022
661200,2022-05-03,158,MIL,1,113,CIN,2,4,1,0.0,2022
661197,2022-05-04,158,MIL,1,113,CIN,1,5,2,0.0,2022
661204,2022-05-05,158,MIL,1,113,CIN,1,6,3,0.0,2022
661541,2022-05-06,158,MIL,0,144,ATL,1,-1,1,659.030112248539,2022
661540,2022-05-07,158,MIL,0,144,ATL,1,-2,2,0.0,2022
661550,2022-05-08,158,MIL,0,144,ATL,1,-3,3,0.0,2022
663101,2022-05-09,158,MIL,0,113,CIN,1,-4,1,359.8050212534856,2022
663090,2022-05-10,158,MIL,0,113,CIN,1,-5,2,0.0,2022
663074,2022-05-11,158,MIL,0,113,CIN,1,-6,3,0.0,2022
661361,2022-05-13,158,MIL,0,146,MIA,2,-7,1,953.4072522903118,2022
661414,2022-05-14,158,MIL,0,146,MIA,1,-8,2,0.0,2022
661403,2022-05-15,158,MIL,0,146,MIA,1,-9,3,0.0,2022
661212,2022-05-16,158,MIL,1,144,ATL,1,1,1,1269.7716502102464,2022
661196,2022-05-17,158,MIL,1,144,ATL,1,2,2,0.0,2022
661202,2022-05-18,158,MIL,1,144,ATL,1,3,3,0.0,2022
661280,2022-05-21,158,MIL,1,120,WSH,3,4,1,0.0,2022
661195,2022-05-21,158,MIL,1,120,WSH,0,5,2,0.0,2022
661248,2022-05-22,158,MIL,1,120,WSH,1,6,3,0.0,2022
662257,2022-05-24,158,MIL,0,135,SD,2,-1,1,1732.8547359706142,2022
662229,2022-05-25,158,MIL,0,135,SD,1,-2,2,0.0,2022
662228,2022-05-25,158,MIL,0,135,SD,0,-3,3,0.0,2022
661997,2022-05-26,158,MIL,0,138,STL,1,-4,1,1561.6025452697695,2022
661992,2022-05-28,158,MIL,0,138,STL,2,-5,2,0.0,2022
661991,2022-05-28,158,MIL,0,138,STL,0,-6,3,0.0,2022
661990,2022-05-29,158,MIL,0,138,STL,1,-7,4,0.0,2022
663147,2022-05-30,158,MIL,0,112,CHC,1,-8,1,265.86188355988685,2022
663149,2022-05-30,158,MIL,0,112,CHC,0,-9,2,0.0,2022
663154,2022-06-01,158,MIL,0,112,CHC,2,-10,3,0.0,2022
663184,2022-06-02,158,MIL,0,112,CHC,1,-11,4,0.0,2022
661340,2022-06-02,158,MIL,1,135,SD,0,1,1,76.31439882124853,2022
661334,2022-06-04,158,MIL,1,135,SD,2,2,2,0.0,2022
661214,2022-06-04,158,MIL,1,135,SD,0,3,3,0.0,2022
661241,2022-06-05,158,MIL,1,135,SD,1,4,4,0.0,2022
661205,2022-06-08,158,MIL,1,143,PHI,3,5,1,0.0,2022
661188,2022-06-09,158,MIL,1,143,PHI,1,6,2,0.0,2022
661194,2022-06-09,158,MIL,1,143,PHI,0,7,3,0.0,2022
662511,2022-06-10,158,MIL,0,120,WSH,1,-1,1,639.4643273379048,2022
662510,2022-06-11,158,MIL,0,120,WSH,1,-2,2,0.0,2022
662542,2022-06-12,158,MIL,0,120,WSH,1,-3,3,0.0,2022
662441,2022-06-14,158,MIL,0,121,NYM,2,-4,1,212.3563770011718,2022
662480,2022-06-15,158,MIL,0,121,NYM,1,-5,2,0.0,2022
662535,2022-06-16,158,MIL,0,121,NYM,1,-6,3,0.0,2022
663063,2022-06-17,158,MIL,0,113,CIN,1,-7,1,576.1040985787001,2022
663062,2022-06-18,158,MIL,0,113,CIN,1,-8,2,0.0,2022
663061,2022-06-19,158,MIL,0,113,CIN,1,-9,3,0.0,2022
661186,2022-06-21,158,MIL,1,138,STL,2,1,1,325.9595383372329,2022
661192,2022-06-22,158,MIL,1,138,STL,1,2,2,0.0,2022
661230,2022-06-23,158,MIL,1,138,STL,1,3,3,0.0,2022
661183,2022-06-23,158,MIL,1,138,STL,0,4,4,0.0,2022
661190,2022-06-25,158,MIL,1,141,TOR,2,5,1,0.0,2022
661264,2022-06-25,158,MIL,1,141,TOR,0,6,2,0.0,2022
661206,2022-06-26,158,MIL,1,141,TOR,1,7,3,0.0,2022
661885,2022-06-28,158,MIL,0,139,TB,2,-1,1,1095.5046669073377,2022
661879,2022-06-29,158,MIL,0,139,TB,1,-2,2,0.0,2022
661105,2022-06-30,158,MIL,0,134,PIT,1,-3,1,888.9341960973262,2022
661104,2022-07-01,158,MIL,0,134,PIT,1,-4,2,0.0,2022
661103,2022-07-02,158,MIL,0,134,PIT,1,-5,3,0.0,2022
661102,2022-07-03,158,MIL,0,134,PIT,1,-6,4,0.0,2022
661181,2022-07-04,158,MIL,1,112,CHC,1,1,1,447.5172990364866,2022
661187,2022-07-06,158,MIL,1,112,CHC,2,2,2,0.0,2022
661225,2022-07-06,158,MIL,1,112,CHC,0,3,3,0.0,2022
661177,2022-07-09,158,MIL,1,134,PIT,3,4,1,0.0,2022
661224,2022-07-09,158,MIL,1,134,PIT,0,5,2,0.0,2022
661178,2022-07-10,158,MIL,1,134,PIT,1,6,3,0.0,2022
661688,2022-07-12,158,MIL,0,142,MIN,2,-1,1,296.19869216933046,2022
661687,2022-07-13,158,MIL,0,142,MIN,1,-2,2,0.0,2022
662109,2022-07-15,158,MIL,0,137,SF,2,-3,1,1579.295057576871,2022
662113,2022-07-16,158,MIL,0,137,SF,1,-4,2,0.0,2022
662072,2022-07-16,158,MIL,0,137,SF,0,-5,3,0.0,2022
662059,2022-07-17,158,MIL,0,137,SF,1,-6,4,0.0,2022
661193,2022-07-23,158,MIL,1,115,COL,6,1,1,1833.5573982316243,2022
661201,2022-07-23,158,MIL,1,115,COL,0,2,2,0.0,2022
661184,2022-07-24,158,MIL,1,115,COL,1,3,3,0.0,2022
661231,2022-07-26,158,MIL,1,115,COL,2,4,4,0.0,2022
661281,2022-07-27,158,MIL,1,142,MIN,1,5,1,0.0,2022
661249,2022-07-27,158,MIL,1,142,MIN,0,6,2,0.0,2022
663190,2022-07-29,158,MIL,0,111,BOS,2,-1,1,856.8965719703916,2022
663192,2022-07-30,158,MIL,0,111,BOS,1,-2,2,0.0,2022
663189,2022-07-31,158,MIL,0,111,BOS,1,-3,3,0.0,2022
662298,2022-08-02,158,MIL,0,134,PIT,2,-4,1,479.7911670433808,2022
662324,2022-08-03,158,MIL,0,134,PIT,1,-5,2,0.0,2022
662303,2022-08-04,158,MIL,0,134,PIT,1,-6,3,0.0,2022
661174,2022-08-06,158,MIL,1,113,CIN,2,1,1,447.5172990364866,2022
661173,2022-08-06,158,MIL,1,113,CIN,0,2,2,0.0,2022
661172,2022-08-07,158,MIL,1,113,CIN,1,3,3,0.0,2022
661182,2022-08-10,158,MIL,1,139,TB,3,4,1,0.0,2022
661207,2022-08-10,158,MIL,1,139,TB,0,5,2,0.0,2022
661951,2022-08-13,158,MIL,0,138,STL,3,-1,1,325.7786649185398,2022
661947,2022-08-13,158,MIL,0,138,STL,0,-2,2,0.0,2022
661957,2022-08-14,158,MIL,0,138,STL,1,-3,3,0.0,2022
661199,2022-08-16,158,MIL,1,119,LAD,2,1,1,325.7786649185398,2022
661191,2022-08-17,158,MIL,1,119,LAD,1,2,2,0.0,2022
661171,2022-08-18,158,MIL,1,119,LAD,1,3,3,0.0,2022
661179,2022-08-18,158,MIL,1,119,LAD,0,4,4,0.0,2022
663228,2022-08-19,158,MIL,0,112,CHC,1,-1,1,76.31439882124853,2022
663116,2022-08-20,158,MIL,0,112,CHC,1,-2,2,0.0,2022
663115,2022-08-21,158,MIL,0,112,CHC,1,-3,3,0.0,2022
662594,2022-08-23,158,MIL,0,119,LAD,2,-4,1,1740.9215479584495,2022
662605,2022-08-24,158,MIL,0,119,LAD,1,-5,2,0.0,2022
662604,2022-08-25,158,MIL,0,119,LAD,1,-6,3,0.0,2022
661189,2022-08-27,158,MIL,1,112,CHC,2,1,1,1737.1964859284558,2022
661180,2022-08-27,158,MIL,1,112,CHC,0,2,2,0.0,2022
661168,2022-08-28,158,MIL,1,112,CHC,1,3,3,0.0,2022
661167,2022-08-30,158,MIL,1,134,PIT,2,4,1,0.0,2022
661166,2022-08-31,158,MIL,1,134,PIT,1,5,2,0.0,2022
661165,2022-08-31,158,MIL,1,134,PIT,0,6,3,0.0,2022
663290,2022-09-02,158,MIL,0,109,ARI,2,-1,1,1458.5788896029478,2022
663285,2022-09-03,158,MIL,0,109,ARI,1,-2,2,0.0,2022
663311,2022-09-04,158,MIL,0,109,ARI,1,-3,3,0.0,2022
663321,2022-09-04,158,MIL,0,109,ARI,0,-4,4,0.0,2022
662860,2022-09-05,158,MIL,0,115,COL,1,-5,1,586.1530990190981,2022
662859,2022-09-07,158,MIL,0,115,COL,2,-6,2,0.0,2022
662871,2022-09-07,158,MIL,0,115,COL,0,-7,3,0.0,2022
661219,2022-09-08,158,MIL,1,137,SF,1,1,1,909.1622358795455,2022
661233,2022-09-08,158,MIL,1,137,SF,0,2,2,0.0,2022
661185,2022-09-10,158,MIL,1,113,CIN,2,3,1,0.0,2022
661175,2022-09-10,158,MIL,1,113,CIN,0,4,2,0.0,2022
661176,2022-09-11,158,MIL,1,113,CIN,1,5,3,0.0,2022
661922,2022-09-13,158,MIL,0,138,STL,2,-1,1,325.7786649185398,2022
661921,2022-09-14,158,MIL,0,138,STL,1,-2,2,0.0,2022
661164,2022-09-17,158,MIL,1,147,NYY,3,1,1,325.7786649185398,2022
661163,2022-09-17,158,MIL,1,147,NYY,0,2,2,0.0,2022
661162,2022-09-18,158,MIL,1,147,NYY,1,3,3,0.0,2022
661161,2022-09-19,158,MIL,1,121,NYM,1,4,1,0.0,2022
661159,2022-09-20,158,MIL,1,121,NYM,1,5,2,0.0,2022
661158,2022-09-21,158,MIL,1,121,NYM,1,6,3,0.0,2022
661069,2022-09-22,158,MIL,0,113,CIN,1,-1,1,325.9595383372329,2022
661068,2022-09-23,158,MIL,0,113,CIN,1,-2,2,0.0,2022
661067,2022-09-24,158,MIL,0,113,CIN,1,-3,3,0.0,2022
661066,2022-09-25,158,MIL,0,113,CIN,1,-4,4,0.0,2022
661155,2022-09-27,158,MIL,1,138,STL,2,1,1,325.9595383372329,2022
661154,2022-09-28,158,MIL,1,138,STL,1,2,2,0.0,2022
661156,2022-09-29,158,MIL,1,146,MIA,1,3,1,0.0,2022
661157,2022-10-01,158,MIL,1,146,MIA,2,4,2,0.0,2022
661152,2022-10-01,158,MIL,1,146,MIA,0,5,3,0.0,2022
661153,2022-10-02,158,MIL,1,146,MIA,1,6,4,0.0,2022
661213,2022-10-03,158,MIL,1,109,ARI,1,7,1,0.0,2022
661223,2022-10-04,158,MIL,1,109,ARI,1,8,2,0.0,2022
661227,2022-10-05,158,MIL,1,109,ARI,1,9,3,0.0,2022
